zone,annee,trimestre,trimestre_annee,tendance,confiance,proba_Augmentation,proba_Diminution,proba_Stable,tendance_reelle,correct
z_24.0_-18.0,2023,2,2023-T2,Stable,80.9,18.5,0.6,80.9,Stable,True
z_24.0_-18.0,2024,2,2024-T2,Stable,81.7,17.9,0.4,81.7,Stable,True
z_24.0_-18.0,2025,2,2025-T2,Stable,77.8,21.8,0.5,77.8,Stable,True
z_24.0_-19.5,2023,2,2023-T2,Stable,82.5,17.2,0.2,82.5,Stable,True
z_24.0_-19.5,2024,2,2024-T2,Stable,82.4,17.3,0.3,82.4,Stable,True
z_24.0_-19.5,2025,2,2025-T2,Stable,82.4,17.3,0.3,82.4,Stable,True
z_27.0_-15.0,2023,2,2023-T2,Stable,81.2,18.4,0.5,81.2,Stable,True
z_27.0_-15.0,2023,3,2023-T3,Stable,76.3,23.5,0.2,76.3,Stable,True
z_27.0_-15.0,2024,2,2024-T2,Stable,81.0,18.5,0.5,81.0,Stable,True
z_27.0_-15.0,2024,3,2024-T3,Stable,81.5,18.1,0.3,81.5,Stable,True
z_27.0_-15.0,2025,2,2025-T2,Stable,80.5,18.9,0.6,80.5,Stable,True
z_27.0_-15.0,2025,3,2025-T3,Stable,81.5,18.1,0.3,81.5,Stable,True
z_27.0_-16.5,2023,1,2023-T1,Diminution,48.1,29.6,48.1,22.4,Stable,False
z_27.0_-16.5,2023,2,2023-T2,Augmentation,39.2,39.2,35.4,25.3,Diminution,False
z_27.0_-16.5,2023,3,2023-T3,Diminution,44.4,34.6,44.4,21.0,Diminution,True
z_27.0_-16.5,2023,4,2023-T4,Diminution,65.9,15.1,65.9,19.0,Stable,False
z_27.0_-16.5,2024,1,2024-T1,Diminution,66.4,13.5,66.4,20.1,Augmentation,False
z_27.0_-16.5,2024,2,2024-T2,Diminution,56.7,19.9,56.7,23.4,Augmentation,False
z_27.0_-16.5,2024,3,2024-T3,Diminution,44.9,30.8,44.9,24.4,Stable,False
z_27.0_-16.5,2024,4,2024-T4,Diminution,41.2,34.1,41.2,24.7,Augmentation,False
z_27.0_-16.5,2025,1,2025-T1,Diminution,45.5,33.7,45.5,20.8,Augmentation,False
z_27.0_-16.5,2025,2,2025-T2,Augmentation,55.0,55.0,25.1,19.9,Diminution,False
z_27.0_-16.5,2025,3,2025-T3,Diminution,36.8,35.7,36.8,27.5,Stable,False
z_27.0_-16.5,2025,4,2025-T4,Augmentation,40.6,40.6,37.8,21.7,Diminution,False
z_28.5_-13.5,2023,2,2023-T2,Stable,84.7,15.1,0.2,84.7,Stable,True
z_28.5_-13.5,2023,3,2023-T3,Stable,84.0,15.8,0.2,84.0,Stable,True
z_28.5_-13.5,2024,2,2024-T2,Stable,84.7,15.1,0.2,84.7,Stable,True
z_28.5_-13.5,2024,3,2024-T3,Stable,84.5,15.4,0.1,84.5,Stable,True
z_28.5_-13.5,2025,2,2025-T2,Stable,83.1,16.8,0.1,83.1,Stable,True
z_28.5_-13.5,2025,3,2025-T3,Stable,80.6,19.1,0.2,80.6,Stable,True
z_28.5_-15.0,2023,1,2023-T1,Stable,78.8,20.7,0.5,78.8,Stable,True
z_28.5_-15.0,2023,2,2023-T2,Stable,87.3,12.6,0.2,87.3,Stable,True
z_28.5_-15.0,2023,3,2023-T3,Stable,82.3,17.2,0.5,82.3,Stable,True
z_28.5_-15.0,2023,4,2023-T4,Stable,81.4,18.2,0.4,81.4,Stable,True
z_28.5_-15.0,2024,1,2024-T1,Stable,73.5,25.2,1.3,73.5,Stable,True
z_28.5_-15.0,2024,2,2024-T2,Stable,78.2,21.2,0.6,78.2,Stable,True
z_28.5_-15.0,2024,3,2024-T3,Stable,78.9,20.7,0.4,78.9,Stable,True
z_28.5_-15.0,2024,4,2024-T4,Stable,76.9,22.6,0.5,76.9,Stable,True
z_28.5_-15.0,2025,1,2025-T1,Stable,76.8,22.1,1.1,76.8,Stable,True
z_28.5_-15.0,2025,2,2025-T2,Stable,84.2,15.4,0.5,84.2,Stable,True
z_28.5_-15.0,2025,3,2025-T3,Stable,78.4,21.1,0.5,78.4,Diminution,False
z_28.5_-15.0,2025,4,2025-T4,Stable,79.0,20.4,0.6,79.0,Stable,True
z_28.5_-16.5,2023,1,2023-T1,Stable,81.0,17.5,1.5,81.0,Stable,True
z_28.5_-16.5,2023,3,2023-T3,Stable,71.6,24.8,3.6,71.6,Stable,True
z_28.5_-16.5,2023,4,2023-T4,Stable,75.4,23.8,0.8,75.4,Stable,True
z_28.5_-16.5,2024,1,2024-T1,Stable,74.3,25.1,0.5,74.3,Stable,True
z_28.5_-16.5,2024,3,2024-T3,Stable,68.5,30.0,1.5,68.5,Stable,True
z_28.5_-16.5,2024,4,2024-T4,Stable,72.8,25.3,1.9,72.8,Stable,True
z_28.5_-16.5,2025,1,2025-T1,Stable,68.7,28.6,2.7,68.7,Stable,True
z_28.5_-16.5,2025,3,2025-T3,Stable,79.4,19.4,1.3,79.4,Stable,True
z_28.5_-16.5,2025,4,2025-T4,Stable,78.7,18.7,2.6,78.7,Stable,True
z_30.0_-10.5,2023,2,2023-T2,Stable,87.7,12.3,0.1,87.7,Stable,True
z_30.0_-10.5,2023,3,2023-T3,Stable,87.1,12.8,0.1,87.1,Stable,True
z_30.0_-10.5,2024,2,2024-T2,Stable,87.7,12.2,0.1,87.7,Stable,True
z_30.0_-10.5,2024,3,2024-T3,Stable,83.3,16.5,0.2,83.3,Stable,True
z_30.0_-10.5,2025,2,2025-T2,Stable,86.0,13.9,0.1,86.0,Stable,True
z_30.0_-10.5,2025,3,2025-T3,Stable,86.4,13.5,0.1,86.4,Stable,True
z_30.0_-13.5,2023,1,2023-T1,Stable,81.1,18.8,0.1,81.1,Stable,True
z_30.0_-13.5,2023,2,2023-T2,Stable,83.3,16.5,0.2,83.3,Stable,True
z_30.0_-13.5,2024,1,2024-T1,Stable,83.0,16.8,0.2,83.0,Stable,True
z_30.0_-13.5,2024,2,2024-T2,Stable,84.2,15.8,0.1,84.2,Stable,True
z_30.0_-13.5,2025,1,2025-T1,Stable,80.0,19.8,0.1,80.0,Stable,True
z_30.0_-13.5,2025,2,2025-T2,Stable,83.3,16.5,0.2,83.3,Stable,True
z_30.0_-15.0,2023,1,2023-T1,Stable,80.0,19.7,0.3,80.0,Diminution,False
z_30.0_-15.0,2023,2,2023-T2,Stable,81.2,18.5,0.3,81.2,Stable,True
z_30.0_-15.0,2024,1,2024-T1,Stable,77.6,21.7,0.6,77.6,Diminution,False
z_30.0_-15.0,2024,2,2024-T2,Stable,82.6,17.0,0.4,82.6,Stable,True
z_30.0_-15.0,2025,1,2025-T1,Stable,78.8,20.9,0.4,78.8,Stable,True
z_30.0_-15.0,2025,2,2025-T2,Stable,82.2,17.6,0.2,82.2,Stable,True
z_30.0_28.5,2023,1,2023-T1,Stable,76.8,22.7,0.5,76.8,Diminution,False
z_30.0_28.5,2023,2,2023-T2,Stable,84.2,15.5,0.3,84.2,Stable,True
z_30.0_28.5,2023,3,2023-T3,Stable,72.8,26.6,0.6,72.8,Stable,True
z_30.0_28.5,2023,4,2023-T4,Stable,78.5,20.6,0.9,78.5,Diminution,False
z_30.0_28.5,2024,1,2024-T1,Stable,77.8,22.0,0.2,77.8,Diminution,False
z_30.0_28.5,2024,2,2024-T2,Stable,82.6,17.0,0.4,82.6,Diminution,False
z_30.0_28.5,2024,3,2024-T3,Stable,84.8,15.2,0.1,84.8,Stable,True
z_30.0_28.5,2024,4,2024-T4,Stable,84.3,15.6,0.1,84.3,Diminution,False
z_30.0_28.5,2025,1,2025-T1,Stable,81.6,18.2,0.2,81.6,Stable,True
z_30.0_28.5,2025,2,2025-T2,Stable,80.8,17.6,1.6,80.8,Diminution,False
z_30.0_28.5,2025,3,2025-T3,Stable,82.2,17.7,0.1,82.2,Stable,True
z_30.0_28.5,2025,4,2025-T4,Stable,82.8,17.1,0.1,82.8,Stable,True
z_30.0_30.0,2023,1,2023-T1,Stable,78.9,20.6,0.5,78.9,Stable,True
z_30.0_30.0,2023,3,2023-T3,Stable,83.6,16.0,0.4,83.6,Stable,True
z_30.0_30.0,2024,1,2024-T1,Stable,80.5,19.2,0.3,80.5,Stable,True
z_30.0_30.0,2024,3,2024-T3,Stable,81.0,18.5,0.4,81.0,Stable,True
z_30.0_30.0,2025,1,2025-T1,Stable,80.5,19.2,0.3,80.5,Stable,True
z_30.0_30.0,2025,3,2025-T3,Stable,82.7,16.9,0.3,82.7,Stable,True
z_30.0_31.5,2023,1,2023-T1,Stable,79.1,20.3,0.5,79.1,Stable,True
z_30.0_31.5,2023,2,2023-T2,Stable,86.1,13.3,0.6,86.1,Stable,True
z_30.0_31.5,2023,3,2023-T3,Stable,74.4,24.3,1.2,74.4,Stable,True
z_30.0_31.5,2023,4,2023-T4,Stable,69.4,29.8,0.8,69.4,Stable,True
z_30.0_31.5,2024,1,2024-T1,Stable,83.1,16.5,0.5,83.1,Stable,True
z_30.0_31.5,2024,2,2024-T2,Stable,78.5,20.2,1.3,78.5,Stable,True
z_30.0_31.5,2024,3,2024-T3,Stable,81.1,18.1,0.8,81.1,Augmentation,False
z_30.0_31.5,2024,4,2024-T4,Stable,69.4,29.4,1.2,69.4,Stable,True
z_30.0_31.5,2025,1,2025-T1,Stable,71.5,27.3,1.2,71.5,Stable,True
z_30.0_31.5,2025,2,2025-T2,Stable,77.0,21.5,1.5,77.0,Stable,True
z_30.0_31.5,2025,3,2025-T3,Stable,80.3,18.3,1.5,80.3,Stable,True
z_30.0_31.5,2025,4,2025-T4,Stable,78.2,21.0,0.8,78.2,Diminution,False
z_31.5_-15.0,2023,1,2023-T1,Stable,80.7,19.2,0.1,80.7,Stable,True
z_31.5_-15.0,2023,4,2023-T4,Stable,81.0,18.8,0.2,81.0,Stable,True
z_31.5_-15.0,2024,1,2024-T1,Stable,80.7,19.2,0.1,80.7,Stable,True
z_31.5_-15.0,2024,4,2024-T4,Stable,83.0,16.8,0.2,83.0,Stable,True
z_31.5_-15.0,2025,1,2025-T1,Stable,77.6,22.2,0.1,77.6,Stable,True
z_31.5_-15.0,2025,4,2025-T4,Stable,81.1,18.6,0.3,81.1,Stable,True
z_31.5_-18.0,2023,1,2023-T1,Stable,79.6,19.9,0.5,79.6,Stable,True
z_31.5_-18.0,2023,2,2023-T2,Stable,80.8,18.6,0.6,80.8,Stable,True
z_31.5_-18.0,2023,3,2023-T3,Stable,81.0,18.6,0.4,81.0,Stable,True
z_31.5_-18.0,2023,4,2023-T4,Stable,80.6,19.0,0.4,80.6,Stable,True
z_31.5_-18.0,2024,1,2024-T1,Stable,73.5,25.9,0.6,73.5,Stable,True
z_31.5_-18.0,2024,2,2024-T2,Stable,75.3,23.9,0.7,75.3,Stable,True
z_31.5_-18.0,2024,3,2024-T3,Stable,78.5,20.9,0.7,78.5,Stable,True
z_31.5_-18.0,2024,4,2024-T4,Stable,82.1,17.4,0.5,82.1,Stable,True
z_31.5_-18.0,2025,1,2025-T1,Stable,81.3,18.3,0.4,81.3,Stable,True
z_31.5_-18.0,2025,2,2025-T2,Stable,82.4,17.2,0.4,82.4,Stable,True
z_31.5_-18.0,2025,3,2025-T3,Stable,82.8,16.8,0.4,82.8,Stable,True
z_31.5_-18.0,2025,4,2025-T4,Stable,81.5,17.8,0.7,81.5,Stable,True
z_31.5_31.5,2023,1,2023-T1,Stable,79.2,20.7,0.1,79.2,Stable,True
z_31.5_31.5,2024,1,2024-T1,Stable,84.4,15.4,0.2,84.4,Stable,True
z_31.5_31.5,2025,1,2025-T1,Stable,82.6,17.3,0.1,82.6,Stable,True
z_33.0_-13.5,2023,2,2023-T2,Stable,83.9,16.0,0.2,83.9,Stable,True
z_33.0_-13.5,2023,4,2023-T4,Stable,82.1,17.5,0.3,82.1,Stable,True
z_33.0_-13.5,2024,2,2024-T2,Stable,81.6,18.1,0.3,81.6,Stable,True
z_33.0_-13.5,2024,4,2024-T4,Stable,80.8,19.0,0.2,80.8,Stable,True
z_33.0_-13.5,2025,2,2025-T2,Stable,82.5,17.3,0.2,82.5,Stable,True
z_33.0_-13.5,2025,4,2025-T4,Stable,82.4,17.3,0.3,82.4,Stable,True
z_33.0_-9.0,2023,1,2023-T1,Stable,84.6,15.2,0.2,84.6,Stable,True
z_33.0_-9.0,2023,2,2023-T2,Stable,84.9,14.6,0.6,84.9,Stable,True
z_33.0_-9.0,2023,3,2023-T3,Stable,84.7,15.1,0.2,84.7,Stable,True
z_33.0_-9.0,2023,4,2023-T4,Stable,80.9,18.1,1.0,80.9,Stable,True
z_33.0_-9.0,2024,1,2024-T1,Stable,82.7,16.9,0.4,82.7,Stable,True
z_33.0_-9.0,2024,2,2024-T2,Stable,80.9,18.8,0.3,80.9,Stable,True
z_33.0_-9.0,2024,3,2024-T3,Stable,76.0,23.7,0.3,76.0,Stable,True
z_33.0_-9.0,2024,4,2024-T4,Stable,77.1,22.4,0.5,77.1,Diminution,False
z_33.0_-9.0,2025,1,2025-T1,Stable,79.5,20.2,0.3,79.5,Stable,True
z_33.0_-9.0,2025,2,2025-T2,Stable,85.3,14.6,0.2,85.3,Stable,True
z_33.0_-9.0,2025,3,2025-T3,Stable,84.7,15.1,0.2,84.7,Augmentation,False
z_33.0_-9.0,2025,4,2025-T4,Stable,75.5,23.2,1.3,75.5,Diminution,False
z_33.0_10.5,2023,1,2023-T1,Stable,80.4,19.3,0.3,80.4,Stable,True
z_33.0_10.5,2024,1,2024-T1,Stable,80.4,19.3,0.3,80.4,Stable,True
z_33.0_10.5,2025,1,2025-T1,Stable,80.4,19.3,0.3,80.4,Stable,True
z_33.0_18.0,2023,3,2023-T3,Stable,81.8,17.8,0.4,81.8,Stable,True
z_33.0_18.0,2024,3,2024-T3,Stable,81.8,17.8,0.4,81.8,Stable,True
z_33.0_18.0,2025,3,2025-T3,Stable,81.2,18.4,0.4,81.2,Stable,True
z_33.0_25.5,2023,2,2023-T2,Stable,82.5,17.2,0.4,82.5,Stable,True
z_33.0_25.5,2024,2,2024-T2,Stable,82.5,17.2,0.4,82.5,Stable,True
z_33.0_25.5,2025,2,2025-T2,Stable,81.7,17.9,0.4,81.7,Stable,True
z_34.5_-1.5,2023,1,2023-T1,Stable,81.5,18.1,0.4,81.5,Stable,True
z_34.5_-1.5,2023,2,2023-T2,Stable,82.6,17.0,0.4,82.6,Stable,True
z_34.5_-1.5,2023,3,2023-T3,Stable,76.0,23.7,0.3,76.0,Stable,True
z_34.5_-1.5,2024,1,2024-T1,Stable,77.0,22.5,0.5,77.0,Stable,True
z_34.5_-1.5,2024,2,2024-T2,Stable,81.5,17.9,0.6,81.5,Diminution,False
z_34.5_-1.5,2024,3,2024-T3,Stable,82.5,17.0,0.5,82.5,Stable,True
z_34.5_-1.5,2025,1,2025-T1,Stable,80.5,19.2,0.3,80.5,Stable,True
z_34.5_-1.5,2025,2,2025-T2,Stable,81.0,18.3,0.7,81.0,Diminution,False
z_34.5_-1.5,2025,3,2025-T3,Stable,80.7,18.7,0.6,80.7,Stable,True
z_34.5_-10.5,2023,1,2023-T1,Stable,80.0,19.6,0.3,80.0,Stable,True
z_34.5_-10.5,2023,4,2023-T4,Stable,81.2,18.4,0.4,81.2,Stable,True
z_34.5_-10.5,2024,1,2024-T1,Stable,80.0,19.6,0.3,80.0,Stable,True
z_34.5_-10.5,2024,4,2024-T4,Stable,80.4,19.2,0.5,80.4,Stable,True
z_34.5_-10.5,2025,1,2025-T1,Stable,79.9,19.8,0.3,79.9,Stable,True
z_34.5_-10.5,2025,4,2025-T4,Stable,81.2,18.4,0.4,81.2,Stable,True
z_34.5_-4.5,2023,1,2023-T1,Stable,77.7,22.1,0.3,77.7,Diminution,False
z_34.5_-4.5,2023,2,2023-T2,Stable,75.3,24.4,0.4,75.3,Stable,True
z_34.5_-4.5,2023,3,2023-T3,Stable,77.3,22.2,0.4,77.3,Stable,True
z_34.5_-4.5,2023,4,2023-T4,Stable,78.5,21.3,0.2,78.5,Stable,True
z_34.5_-4.5,2024,1,2024-T1,Stable,78.2,21.7,0.2,78.2,Diminution,False
z_34.5_-4.5,2024,2,2024-T2,Stable,84.0,15.8,0.2,84.0,Stable,True
z_34.5_-4.5,2024,3,2024-T3,Stable,79.2,20.5,0.4,79.2,Stable,True
z_34.5_-4.5,2024,4,2024-T4,Stable,81.5,18.0,0.5,81.5,Stable,True
z_34.5_-4.5,2025,1,2025-T1,Stable,80.8,19.1,0.1,80.8,Diminution,False
z_34.5_-4.5,2025,2,2025-T2,Stable,81.5,18.4,0.2,81.5,Stable,True
z_34.5_-4.5,2025,3,2025-T3,Stable,81.7,17.6,0.7,81.7,Stable,True
z_34.5_-4.5,2025,4,2025-T4,Stable,78.8,20.9,0.4,78.8,Stable,True
z_34.5_-6.0,2023,1,2023-T1,Stable,71.9,24.1,4.1,71.9,Stable,True
z_34.5_-6.0,2023,2,2023-T2,Stable,78.9,20.3,0.9,78.9,Stable,True
z_34.5_-6.0,2023,3,2023-T3,Stable,73.3,25.2,1.5,73.3,Diminution,False
z_34.5_-6.0,2023,4,2023-T4,Stable,77.8,21.5,0.6,77.8,Diminution,False
z_34.5_-6.0,2024,1,2024-T1,Stable,72.0,27.0,0.9,72.0,Stable,True
z_34.5_-6.0,2024,2,2024-T2,Stable,72.2,26.9,0.9,72.2,Augmentation,False
z_34.5_-6.0,2024,3,2024-T3,Stable,52.3,46.4,1.4,52.3,Stable,True
z_34.5_-6.0,2024,4,2024-T4,Stable,60.0,34.4,5.6,60.0,Diminution,False
z_34.5_-6.0,2025,1,2025-T1,Stable,66.9,30.0,3.1,66.9,Stable,True
z_34.5_-6.0,2025,2,2025-T2,Stable,64.3,31.8,4.0,64.3,Stable,True
z_34.5_-6.0,2025,3,2025-T3,Stable,82.1,16.8,1.1,82.1,Stable,True
z_34.5_-6.0,2025,4,2025-T4,Stable,84.7,14.9,0.4,84.7,Diminution,False
z_34.5_-7.5,2023,1,2023-T1,Stable,83.5,16.2,0.3,83.5,Diminution,False
z_34.5_-7.5,2023,2,2023-T2,Stable,83.5,16.4,0.1,83.5,Stable,True
z_34.5_-7.5,2023,3,2023-T3,Stable,84.9,15.0,0.1,84.9,Stable,True
z_34.5_-7.5,2023,4,2023-T4,Stable,83.0,16.9,0.1,83.0,Stable,True
z_34.5_-7.5,2024,1,2024-T1,Stable,75.1,24.5,0.4,75.1,Diminution,False
z_34.5_-7.5,2024,2,2024-T2,Stable,76.5,23.1,0.4,76.5,Stable,True
z_34.5_-7.5,2024,3,2024-T3,Stable,79.8,20.0,0.2,79.8,Stable,True
z_34.5_-7.5,2024,4,2024-T4,Stable,84.2,15.7,0.1,84.2,Stable,True
z_34.5_-7.5,2025,1,2025-T1,Stable,80.8,19.0,0.2,80.8,Stable,True
z_34.5_-7.5,2025,2,2025-T2,Stable,87.0,12.9,0.0,87.0,Stable,True
z_34.5_-7.5,2025,3,2025-T3,Stable,84.9,15.0,0.1,84.9,Stable,True
z_34.5_-7.5,2025,4,2025-T4,Stable,82.2,17.4,0.4,82.2,Stable,True
z_34.5_0.0,2023,2,2023-T2,Stable,83.3,16.3,0.4,83.3,Stable,True
z_34.5_0.0,2023,3,2023-T3,Stable,81.0,18.6,0.4,81.0,Stable,True
z_34.5_0.0,2023,4,2023-T4,Stable,80.9,18.7,0.4,80.9,Stable,True
z_34.5_0.0,2024,2,2024-T2,Stable,80.9,18.7,0.4,80.9,Stable,True
z_34.5_0.0,2024,3,2024-T3,Stable,81.0,18.7,0.2,81.0,Stable,True
z_34.5_0.0,2024,4,2024-T4,Stable,77.7,21.8,0.5,77.7,Stable,True
z_34.5_0.0,2025,2,2025-T2,Stable,81.8,17.7,0.5,81.8,Stable,True
z_34.5_0.0,2025,3,2025-T3,Stable,81.0,18.6,0.4,81.0,Stable,True
z_34.5_0.0,2025,4,2025-T4,Stable,80.9,18.7,0.4,80.9,Stable,True
z_34.5_12.0,2023,1,2023-T1,Stable,79.4,20.1,0.4,79.4,Stable,True
z_34.5_12.0,2023,2,2023-T2,Stable,83.4,16.4,0.2,83.4,Stable,True
z_34.5_12.0,2023,3,2023-T3,Stable,83.6,16.0,0.4,83.6,Stable,True
z_34.5_12.0,2023,4,2023-T4,Stable,78.2,21.5,0.3,78.2,Stable,True
z_34.5_12.0,2024,1,2024-T1,Stable,76.0,23.6,0.4,76.0,Stable,True
z_34.5_12.0,2024,2,2024-T2,Stable,81.1,18.7,0.2,81.1,Diminution,False
z_34.5_12.0,2024,3,2024-T3,Stable,84.2,15.4,0.4,84.2,Stable,True
z_34.5_12.0,2024,4,2024-T4,Stable,81.0,18.7,0.3,81.0,Stable,True
z_34.5_12.0,2025,1,2025-T1,Stable,78.5,20.9,0.5,78.5,Stable,True
z_34.5_12.0,2025,2,2025-T2,Stable,81.4,18.3,0.3,81.4,Diminution,False
z_34.5_12.0,2025,3,2025-T3,Stable,76.6,23.1,0.3,76.6,Stable,True
z_34.5_12.0,2025,4,2025-T4,Stable,84.8,14.9,0.4,84.8,Stable,True
z_34.5_13.5,2023,1,2023-T1,Diminution,48.6,37.3,48.6,14.1,Stable,False
z_34.5_13.5,2023,2,2023-T2,Augmentation,49.1,49.1,42.0,9.0,Diminution,False
z_34.5_13.5,2023,3,2023-T3,Augmentation,54.6,54.6,36.3,9.1,Augmentation,True
z_34.5_13.5,2023,4,2023-T4,Augmentation,48.6,48.6,40.5,10.9,Stable,False
z_34.5_13.5,2024,1,2024-T1,Diminution,52.5,37.1,52.5,10.4,Augmentation,False
z_34.5_13.5,2024,2,2024-T2,Augmentation,49.0,49.0,40.4,10.6,Augmentation,True
z_34.5_13.5,2024,3,2024-T3,Augmentation,56.4,56.4,35.5,8.1,Augmentation,True
z_34.5_13.5,2024,4,2024-T4,Diminution,52.3,38.3,52.3,9.5,Augmentation,False
z_34.5_13.5,2025,1,2025-T1,Augmentation,50.2,50.2,40.2,9.5,Augmentation,True
z_34.5_13.5,2025,2,2025-T2,Augmentation,56.6,56.6,36.1,7.3,Diminution,False
z_34.5_13.5,2025,3,2025-T3,Augmentation,61.2,61.2,31.1,7.7,Augmentation,True
z_34.5_13.5,2025,4,2025-T4,Augmentation,46.4,46.4,42.9,10.7,Augmentation,True
z_34.5_16.5,2023,2,2023-T2,Stable,81.7,17.9,0.4,81.7,Diminution,False
z_34.5_16.5,2024,2,2024-T2,Stable,84.3,15.3,0.4,84.3,Diminution,False
z_34.5_16.5,2025,2,2025-T2,Stable,81.8,17.8,0.4,81.8,Diminution,False
z_34.5_18.0,2023,1,2023-T1,Stable,80.5,19.2,0.3,80.5,Stable,True
z_34.5_18.0,2024,1,2024-T1,Stable,80.5,19.2,0.3,80.5,Stable,True
z_34.5_18.0,2025,1,2025-T1,Stable,80.1,19.6,0.4,80.1,Stable,True
z_34.5_19.5,2023,1,2023-T1,Stable,78.9,20.6,0.5,78.9,Stable,True
z_34.5_19.5,2023,2,2023-T2,Stable,83.1,16.4,0.5,83.1,Stable,True
z_34.5_19.5,2023,3,2023-T3,Stable,81.7,17.9,0.4,81.7,Stable,True
z_34.5_19.5,2024,1,2024-T1,Stable,80.4,19.2,0.3,80.4,Stable,True
z_34.5_19.5,2024,2,2024-T2,Stable,82.5,17.2,0.3,82.5,Stable,True
z_34.5_19.5,2024,3,2024-T3,Stable,78.2,21.3,0.5,78.2,Stable,True
z_34.5_19.5,2025,1,2025-T1,Stable,80.3,19.4,0.3,80.3,Stable,True
z_34.5_19.5,2025,2,2025-T2,Stable,82.5,17.2,0.4,82.5,Stable,True
z_34.5_19.5,2025,3,2025-T3,Stable,81.7,17.9,0.4,81.7,Stable,True
z_34.5_22.5,2023,1,2023-T1,Stable,84.8,15.0,0.2,84.8,Stable,True
z_34.5_22.5,2023,2,2023-T2,Stable,84.1,14.9,1.0,84.1,Stable,True
z_34.5_22.5,2023,3,2023-T3,Stable,75.0,24.4,0.6,75.0,Stable,True
z_34.5_22.5,2023,4,2023-T4,Stable,67.4,30.8,1.7,67.4,Stable,True
z_34.5_22.5,2024,1,2024-T1,Stable,69.4,28.7,1.9,69.4,Stable,True
z_34.5_22.5,2024,2,2024-T2,Stable,76.3,22.9,0.8,76.3,Stable,True
z_34.5_22.5,2024,3,2024-T3,Stable,81.6,17.8,0.6,81.6,Stable,True
z_34.5_22.5,2024,4,2024-T4,Stable,79.3,20.2,0.5,79.3,Stable,True
z_34.5_22.5,2025,1,2025-T1,Stable,81.4,18.2,0.4,81.4,Stable,True
z_34.5_22.5,2025,2,2025-T2,Stable,78.3,21.1,0.6,78.3,Stable,True
z_34.5_22.5,2025,3,2025-T3,Stable,80.3,18.8,0.9,80.3,Stable,True
z_34.5_22.5,2025,4,2025-T4,Stable,85.0,14.9,0.1,85.0,Stable,True
z_34.5_24.0,2023,1,2023-T1,Diminution,45.8,33.6,45.8,20.6,Stable,False
z_34.5_24.0,2023,2,2023-T2,Diminution,59.5,21.0,59.5,19.5,Stable,False
z_34.5_24.0,2023,3,2023-T3,Diminution,66.4,17.3,66.4,16.4,Diminution,True
z_34.5_24.0,2023,4,2023-T4,Diminution,46.6,28.2,46.6,25.2,Stable,False
z_34.5_24.0,2024,1,2024-T1,Diminution,57.9,18.0,57.9,24.0,Stable,False
z_34.5_24.0,2024,2,2024-T2,Diminution,59.5,20.7,59.5,19.8,Stable,False
z_34.5_24.0,2024,3,2024-T3,Diminution,56.4,22.4,56.4,21.1,Diminution,True
z_34.5_24.0,2024,4,2024-T4,Diminution,38.5,37.8,38.5,23.7,Diminution,True
z_34.5_24.0,2025,1,2025-T1,Diminution,39.1,31.9,39.1,29.0,Stable,False
z_34.5_24.0,2025,2,2025-T2,Diminution,41.3,31.3,41.3,27.4,Diminution,True
z_34.5_24.0,2025,3,2025-T3,Augmentation,44.3,44.3,28.5,27.3,Stable,False
z_34.5_24.0,2025,4,2025-T4,Diminution,44.8,33.9,44.8,21.3,Diminution,True
z_34.5_25.5,2023,1,2023-T1,Stable,81.3,18.4,0.3,81.3,Stable,True
z_34.5_25.5,2023,2,2023-T2,Stable,78.9,19.3,1.8,78.9,Stable,True
z_34.5_25.5,2023,3,2023-T3,Stable,79.1,20.1,0.9,79.1,Augmentation,False
z_34.5_25.5,2023,4,2023-T4,Stable,67.5,30.3,2.2,67.5,Stable,True
z_34.5_25.5,2024,1,2024-T1,Stable,70.7,28.0,1.4,70.7,Stable,True
z_34.5_25.5,2024,2,2024-T2,Stable,65.5,33.4,1.1,65.5,Diminution,False
z_34.5_25.5,2024,3,2024-T3,Stable,76.1,22.9,1.0,76.1,Stable,True
z_34.5_25.5,2024,4,2024-T4,Stable,82.8,17.1,0.1,82.8,Stable,True
z_34.5_25.5,2025,1,2025-T1,Stable,84.3,15.6,0.2,84.3,Stable,True
z_34.5_25.5,2025,2,2025-T2,Stable,82.0,16.8,1.3,82.0,Stable,True
z_34.5_25.5,2025,3,2025-T3,Stable,79.2,19.5,1.3,79.2,Stable,True
z_34.5_25.5,2025,4,2025-T4,Stable,80.3,19.6,0.1,80.3,Stable,True
z_34.5_27.0,2023,1,2023-T1,Stable,83.0,16.5,0.5,83.0,Stable,True
z_34.5_27.0,2023,2,2023-T2,Stable,84.1,15.3,0.6,84.1,Stable,True
z_34.5_27.0,2023,3,2023-T3,Stable,77.1,22.4,0.5,77.1,Stable,True
z_34.5_27.0,2023,4,2023-T4,Stable,76.8,22.3,0.8,76.8,Stable,True
z_34.5_27.0,2024,1,2024-T1,Stable,77.9,21.8,0.3,77.9,Stable,True
z_34.5_27.0,2024,2,2024-T2,Stable,83.5,16.1,0.4,83.5,Stable,True
z_34.5_27.0,2024,3,2024-T3,Stable,82.8,16.9,0.3,82.8,Stable,True
z_34.5_27.0,2024,4,2024-T4,Stable,82.3,17.0,0.7,82.3,Stable,True
z_34.5_27.0,2025,1,2025-T1,Stable,83.2,16.4,0.4,83.2,Stable,True
z_34.5_27.0,2025,2,2025-T2,Stable,87.0,12.9,0.2,87.0,Stable,True
z_34.5_27.0,2025,3,2025-T3,Stable,83.1,16.6,0.3,83.1,Stable,True
z_34.5_27.0,2025,4,2025-T4,Stable,84.1,15.4,0.5,84.1,Stable,True
z_34.5_31.5,2023,2,2023-T2,Stable,71.3,26.6,2.1,71.3,Diminution,False
z_34.5_31.5,2023,3,2023-T3,Stable,71.7,26.5,1.7,71.7,Stable,True
z_34.5_31.5,2023,4,2023-T4,Augmentation,50.4,50.4,3.5,46.1,Stable,False
z_34.5_31.5,2024,2,2024-T2,Stable,68.7,28.6,2.7,68.7,Diminution,False
z_34.5_31.5,2024,3,2024-T3,Stable,73.5,19.5,6.9,73.5,Diminution,False
z_34.5_31.5,2024,4,2024-T4,Stable,76.7,21.0,2.3,76.7,Stable,True
z_34.5_31.5,2025,2,2025-T2,Stable,70.9,26.1,3.0,70.9,Diminution,False
z_34.5_31.5,2025,3,2025-T3,Stable,75.3,21.4,3.3,75.3,Diminution,False
z_34.5_31.5,2025,4,2025-T4,Stable,73.5,24.9,1.6,73.5,Stable,True
z_34.5_33.0,2023,1,2023-T1,Stable,78.4,21.0,0.7,78.4,Stable,True
z_34.5_33.0,2023,2,2023-T2,Stable,77.7,21.2,1.1,77.7,Stable,True
z_34.5_33.0,2023,3,2023-T3,Stable,77.2,22.2,0.6,77.2,Augmentation,False
z_34.5_33.0,2023,4,2023-T4,Stable,70.9,26.7,2.4,70.9,Diminution,False
z_34.5_33.0,2024,1,2024-T1,Stable,76.8,22.4,0.8,76.8,Stable,True
z_34.5_33.0,2024,2,2024-T2,Stable,83.5,16.0,0.6,83.5,Stable,True
z_34.5_33.0,2024,3,2024-T3,Stable,76.8,22.7,0.5,76.8,Stable,True
z_34.5_33.0,2024,4,2024-T4,Stable,69.3,29.4,1.2,69.3,Diminution,False
z_34.5_33.0,2025,1,2025-T1,Stable,82.0,17.6,0.4,82.0,Stable,True
z_34.5_33.0,2025,2,2025-T2,Stable,84.7,14.9,0.4,84.7,Augmentation,False
z_34.5_33.0,2025,3,2025-T3,Stable,65.8,32.2,2.0,65.8,Diminution,False
z_34.5_33.0,2025,4,2025-T4,Stable,77.0,21.3,1.7,77.0,Diminution,False
z_36.0_-1.5,2023,1,2023-T1,Stable,84.6,15.1,0.3,84.6,Diminution,False
z_36.0_-1.5,2023,2,2023-T2,Stable,86.7,13.1,0.2,86.7,Stable,True
z_36.0_-1.5,2023,3,2023-T3,Stable,85.9,13.8,0.3,85.9,Stable,True
z_36.0_-1.5,2023,4,2023-T4,Stable,85.7,14.0,0.3,85.7,Stable,True
z_36.0_-1.5,2024,1,2024-T1,Stable,84.6,15.1,0.3,84.6,Diminution,False
z_36.0_-1.5,2024,2,2024-T2,Stable,86.0,13.8,0.2,86.0,Stable,True
z_36.0_-1.5,2024,3,2024-T3,Stable,83.3,16.6,0.2,83.3,Stable,True
z_36.0_-1.5,2024,4,2024-T4,Stable,85.7,14.0,0.3,85.7,Stable,True
z_36.0_-1.5,2025,1,2025-T1,Stable,84.6,15.1,0.3,84.6,Stable,True
z_36.0_-1.5,2025,2,2025-T2,Stable,84.0,15.7,0.3,84.0,Stable,True
z_36.0_-1.5,2025,3,2025-T3,Stable,84.8,14.9,0.3,84.8,Stable,True
z_36.0_-1.5,2025,4,2025-T4,Stable,83.8,16.0,0.2,83.8,Stable,True
z_36.0_-10.5,2023,1,2023-T1,Stable,69.0,30.1,0.9,69.0,Stable,True
z_36.0_-10.5,2023,2,2023-T2,Stable,61.4,35.0,3.5,61.4,Stable,True
z_36.0_-10.5,2023,3,2023-T3,Stable,66.7,30.2,3.1,66.7,Diminution,False
z_36.0_-10.5,2023,4,2023-T4,Stable,73.4,26.1,0.4,73.4,Stable,True
z_36.0_-10.5,2024,1,2024-T1,Stable,69.5,29.1,1.3,69.5,Diminution,False
z_36.0_-10.5,2024,2,2024-T2,Stable,85.6,14.2,0.2,85.6,Stable,True
z_36.0_-10.5,2024,3,2024-T3,Stable,86.3,13.4,0.3,86.3,Stable,True
z_36.0_-10.5,2024,4,2024-T4,Stable,83.0,16.4,0.6,83.0,Stable,True
z_36.0_-10.5,2025,1,2025-T1,Stable,75.1,23.3,1.5,75.1,Augmentation,False
z_36.0_-10.5,2025,2,2025-T2,Stable,59.3,37.6,3.0,59.3,Stable,True
z_36.0_-10.5,2025,3,2025-T3,Stable,69.8,26.6,3.5,69.8,Diminution,False
z_36.0_-10.5,2025,4,2025-T4,Stable,72.0,27.4,0.6,72.0,Stable,True
z_36.0_-12.0,2023,1,2023-T1,Stable,80.4,19.2,0.3,80.4,Stable,True
z_36.0_-12.0,2024,1,2024-T1,Stable,77.6,22.1,0.4,77.6,Stable,True
z_36.0_-12.0,2025,1,2025-T1,Stable,80.4,19.2,0.3,80.4,Stable,True
z_36.0_-3.0,2023,1,2023-T1,Diminution,43.9,32.0,43.9,24.2,Augmentation,False
z_36.0_-3.0,2023,2,2023-T2,Diminution,36.8,35.4,36.8,27.8,Augmentation,False
z_36.0_-3.0,2023,3,2023-T3,Diminution,45.6,33.8,45.6,20.7,Stable,False
z_36.0_-3.0,2023,4,2023-T4,Diminution,49.5,29.4,49.5,21.2,Stable,False
z_36.0_-3.0,2024,1,2024-T1,Diminution,39.9,29.7,39.9,30.4,Stable,False
z_36.0_-3.0,2024,2,2024-T2,Diminution,45.6,28.4,45.6,26.0,Stable,False
z_36.0_-3.0,2024,3,2024-T3,Diminution,60.7,18.9,60.7,20.4,Stable,False
z_36.0_-3.0,2024,4,2024-T4,Augmentation,36.8,36.8,36.6,26.6,Stable,False
z_36.0_-3.0,2025,1,2025-T1,Diminution,44.6,32.2,44.6,23.2,Stable,False
z_36.0_-3.0,2025,2,2025-T2,Diminution,49.3,23.1,49.3,27.6,Augmentation,False
z_36.0_-3.0,2025,3,2025-T3,Diminution,37.8,33.6,37.8,28.6,Stable,False
z_36.0_-3.0,2025,4,2025-T4,Augmentation,42.4,42.4,32.9,24.7,Augmentation,True
z_36.0_-4.5,2023,1,2023-T1,Stable,74.5,24.8,0.7,74.5,Diminution,False
z_36.0_-4.5,2023,2,2023-T2,Stable,73.0,25.8,1.3,73.0,Stable,True
z_36.0_-4.5,2023,3,2023-T3,Stable,70.6,27.9,1.5,70.6,Stable,True
z_36.0_-4.5,2023,4,2023-T4,Stable,60.0,38.1,1.9,60.0,Stable,True
z_36.0_-4.5,2024,1,2024-T1,Stable,60.2,36.1,3.7,60.2,Stable,True
z_36.0_-4.5,2024,2,2024-T2,Stable,67.2,31.4,1.5,67.2,Stable,True
z_36.0_-4.5,2024,3,2024-T3,Stable,71.9,26.6,1.5,71.9,Diminution,False
z_36.0_-4.5,2024,4,2024-T4,Stable,76.3,22.9,0.8,76.3,Stable,True
z_36.0_-4.5,2025,1,2025-T1,Stable,71.2,26.6,2.2,71.2,Diminution,False
z_36.0_-4.5,2025,2,2025-T2,Stable,67.2,31.1,1.7,67.2,Stable,True
z_36.0_-4.5,2025,3,2025-T3,Stable,69.1,28.7,2.2,69.1,Diminution,False
z_36.0_-4.5,2025,4,2025-T4,Stable,66.9,31.5,1.6,66.9,Diminution,False
z_36.0_-6.0,2023,1,2023-T1,Diminution,48.0,36.9,48.0,15.1,Diminution,True
z_36.0_-6.0,2023,2,2023-T2,Diminution,44.7,39.0,44.7,16.3,Stable,False
z_36.0_-6.0,2023,3,2023-T3,Diminution,50.3,30.3,50.3,19.4,Stable,False
z_36.0_-6.0,2023,4,2023-T4,Diminution,58.1,26.1,58.1,15.9,Diminution,True
z_36.0_-6.0,2024,1,2024-T1,Diminution,47.7,34.1,47.7,18.2,Diminution,True
z_36.0_-6.0,2024,2,2024-T2,Diminution,53.7,30.8,53.7,15.5,Diminution,True
z_36.0_-6.0,2024,3,2024-T3,Diminution,64.4,17.4,64.4,18.3,Diminution,True
z_36.0_-6.0,2024,4,2024-T4,Diminution,55.2,23.4,55.2,21.5,Stable,False
z_36.0_-6.0,2025,1,2025-T1,Diminution,50.9,26.2,50.9,22.9,Diminution,True
z_36.0_-6.0,2025,2,2025-T2,Diminution,56.8,23.8,56.8,19.3,Stable,False
z_36.0_-6.0,2025,3,2025-T3,Diminution,52.9,26.0,52.9,21.2,Diminution,True
z_36.0_-6.0,2025,4,2025-T4,Augmentation,37.1,37.1,37.0,25.9,Diminution,False
z_36.0_-7.5,2023,1,2023-T1,Augmentation,42.0,42.0,30.0,28.0,Diminution,False
z_36.0_-7.5,2023,2,2023-T2,Diminution,44.4,31.4,44.4,24.2,Stable,False
z_36.0_-7.5,2023,3,2023-T3,Diminution,47.9,27.0,47.9,25.2,Augmentation,False
z_36.0_-7.5,2023,4,2023-T4,Diminution,51.2,27.2,51.2,21.7,Stable,False
z_36.0_-7.5,2024,1,2024-T1,Diminution,43.3,33.4,43.3,23.2,Augmentation,False
z_36.0_-7.5,2024,2,2024-T2,Diminution,48.1,31.6,48.1,20.3,Diminution,True
z_36.0_-7.5,2024,3,2024-T3,Diminution,51.0,29.0,51.0,20.0,Stable,False
z_36.0_-7.5,2024,4,2024-T4,Diminution,57.9,15.6,57.9,26.5,Stable,False
z_36.0_-7.5,2025,1,2025-T1,Diminution,42.1,26.3,42.1,31.6,Augmentation,False
z_36.0_-7.5,2025,2,2025-T2,Diminution,55.9,21.2,55.9,22.9,Diminution,True
z_36.0_-7.5,2025,3,2025-T3,Diminution,43.8,35.3,43.8,20.8,Stable,False
z_36.0_-7.5,2025,4,2025-T4,Augmentation,37.4,37.4,33.5,29.1,Diminution,False
z_36.0_-9.0,2023,1,2023-T1,Stable,62.7,35.1,2.2,62.7,Augmentation,False
z_36.0_-9.0,2023,2,2023-T2,Augmentation,49.4,49.4,5.4,45.2,Diminution,False
z_36.0_-9.0,2023,3,2023-T3,Stable,48.9,45.4,5.7,48.9,Stable,True
z_36.0_-9.0,2023,4,2023-T4,Augmentation,54.0,54.0,4.0,42.0,Stable,False
z_36.0_-9.0,2024,1,2024-T1,Stable,47.9,35.1,17.0,47.9,Augmentation,False
z_36.0_-9.0,2024,2,2024-T2,Augmentation,37.4,37.4,25.9,36.7,Stable,False
z_36.0_-9.0,2024,3,2024-T3,Diminution,41.3,31.2,41.3,27.4,Augmentation,False
z_36.0_-9.0,2024,4,2024-T4,Diminution,39.4,34.2,39.4,26.5,Stable,False
z_36.0_-9.0,2025,1,2025-T1,Diminution,50.3,26.5,50.3,23.2,Stable,False
z_36.0_-9.0,2025,2,2025-T2,Diminution,48.8,27.1,48.8,24.2,Diminution,True
z_36.0_-9.0,2025,3,2025-T3,Diminution,47.4,25.0,47.4,27.7,Stable,False
z_36.0_-9.0,2025,4,2025-T4,Diminution,38.3,31.1,38.3,30.6,Diminution,True
z_36.0_0.0,2023,1,2023-T1,Stable,73.7,25.7,0.6,73.7,Stable,True
z_36.0_0.0,2023,2,2023-T2,Stable,80.7,18.9,0.4,80.7,Stable,True
z_36.0_0.0,2023,3,2023-T3,Stable,80.5,19.1,0.4,80.5,Stable,True
z_36.0_0.0,2023,4,2023-T4,Stable,80.9,18.7,0.4,80.9,Stable,True
z_36.0_0.0,2024,1,2024-T1,Stable,81.3,18.3,0.4,81.3,Stable,True
z_36.0_0.0,2024,2,2024-T2,Stable,81.6,18.0,0.4,81.6,Stable,True
z_36.0_0.0,2024,3,2024-T3,Stable,82.7,16.8,0.4,82.7,Stable,True
z_36.0_0.0,2024,4,2024-T4,Stable,80.9,18.7,0.4,80.9,Stable,True
z_36.0_0.0,2025,1,2025-T1,Stable,78.5,21.2,0.3,78.5,Stable,True
z_36.0_0.0,2025,2,2025-T2,Stable,77.8,21.7,0.5,77.8,Stable,True
z_36.0_0.0,2025,3,2025-T3,Stable,79.5,20.0,0.5,79.5,Stable,True
z_36.0_0.0,2025,4,2025-T4,Stable,80.8,18.8,0.4,80.8,Stable,True
z_36.0_10.5,2023,1,2023-T1,Stable,67.3,29.6,3.1,67.3,Stable,True
z_36.0_10.5,2023,2,2023-T2,Stable,73.8,24.5,1.7,73.8,Stable,True
z_36.0_10.5,2023,3,2023-T3,Stable,77.6,21.2,1.2,77.6,Stable,True
z_36.0_10.5,2023,4,2023-T4,Stable,69.6,28.4,2.0,69.6,Stable,True
z_36.0_10.5,2024,1,2024-T1,Stable,74.4,23.7,1.8,74.4,Stable,True
z_36.0_10.5,2024,2,2024-T2,Stable,77.6,20.0,2.4,77.6,Stable,True
z_36.0_10.5,2024,3,2024-T3,Stable,70.5,26.6,2.9,70.5,Stable,True
z_36.0_10.5,2024,4,2024-T4,Stable,79.1,19.4,1.5,79.1,Stable,True
z_36.0_10.5,2025,1,2025-T1,Stable,81.5,16.8,1.7,81.5,Stable,True
z_36.0_10.5,2025,2,2025-T2,Stable,82.1,15.3,2.6,82.1,Stable,True
z_36.0_10.5,2025,3,2025-T3,Stable,79.4,17.5,3.1,79.4,Stable,True
z_36.0_10.5,2025,4,2025-T4,Stable,79.9,18.2,1.9,79.9,Stable,True
z_36.0_12.0,2023,1,2023-T1,Stable,63.3,33.2,3.6,63.3,Diminution,False
z_36.0_12.0,2023,2,2023-T2,Stable,65.7,32.0,2.3,65.7,Stable,True
z_36.0_12.0,2023,3,2023-T3,Stable,68.1,27.9,4.0,68.1,Stable,True
z_36.0_12.0,2023,4,2023-T4,Stable,59.0,37.1,3.9,59.0,Stable,True
z_36.0_12.0,2024,1,2024-T1,Stable,64.8,31.7,3.5,64.8,Stable,True
z_36.0_12.0,2024,2,2024-T2,Stable,63.3,34.3,2.4,63.3,Diminution,False
z_36.0_12.0,2024,3,2024-T3,Stable,66.9,31.1,1.9,66.9,Stable,True
z_36.0_12.0,2024,4,2024-T4,Stable,64.8,32.9,2.3,64.8,Stable,True
z_36.0_12.0,2025,1,2025-T1,Stable,67.8,28.7,3.5,67.8,Stable,True
z_36.0_12.0,2025,2,2025-T2,Stable,68.8,29.2,2.0,68.8,Stable,True
z_36.0_12.0,2025,3,2025-T3,Stable,63.3,34.6,2.1,63.3,Stable,True
z_36.0_12.0,2025,4,2025-T4,Stable,72.2,26.4,1.5,72.2,Diminution,False
z_36.0_13.5,2023,1,2023-T1,Augmentation,47.0,47.0,26.5,26.6,Stable,False
z_36.0_13.5,2023,2,2023-T2,Augmentation,45.6,45.6,27.5,26.8,Augmentation,True
z_36.0_13.5,2023,3,2023-T3,Diminution,44.3,33.8,44.3,21.9,Diminution,True
z_36.0_13.5,2023,4,2023-T4,Diminution,45.3,33.2,45.3,21.4,Stable,False
z_36.0_13.5,2024,1,2024-T1,Augmentation,38.4,38.4,37.1,24.5,Diminution,False
z_36.0_13.5,2024,2,2024-T2,Diminution,43.8,24.9,43.8,31.3,Augmentation,False
z_36.0_13.5,2024,3,2024-T3,Diminution,51.4,26.1,51.4,22.5,Stable,False
z_36.0_13.5,2024,4,2024-T4,Augmentation,44.5,44.5,31.7,23.7,Augmentation,True
z_36.0_13.5,2025,1,2025-T1,Augmentation,42.6,42.6,34.6,22.7,Stable,False
z_36.0_13.5,2025,2,2025-T2,Diminution,45.9,32.8,45.9,21.3,Diminution,True
z_36.0_13.5,2025,3,2025-T3,Diminution,43.0,35.2,43.0,21.8,Diminution,True
z_36.0_13.5,2025,4,2025-T4,Diminution,38.9,27.7,38.9,33.4,Stable,False
z_36.0_15.0,2023,1,2023-T1,Diminution,47.7,17.9,47.7,34.4,Stable,False
z_36.0_15.0,2023,2,2023-T2,Stable,59.0,23.9,17.1,59.0,Stable,True
z_36.0_15.0,2023,3,2023-T3,Stable,75.1,21.9,2.9,75.1,Stable,True
z_36.0_15.0,2023,4,2023-T4,Stable,45.6,29.4,25.0,45.6,Diminution,False
z_36.0_15.0,2024,1,2024-T1,Stable,57.3,37.0,5.7,57.3,Stable,True
z_36.0_15.0,2024,2,2024-T2,Stable,60.7,36.7,2.5,60.7,Augmentation,False
z_36.0_15.0,2024,3,2024-T3,Stable,42.5,41.2,16.3,42.5,Stable,True
z_36.0_15.0,2024,4,2024-T4,Augmentation,46.4,46.4,8.6,45.0,Stable,False
z_36.0_15.0,2025,1,2025-T1,Augmentation,46.0,46.0,12.9,41.0,Augmentation,True
z_36.0_15.0,2025,2,2025-T2,Stable,41.5,37.6,20.9,41.5,Augmentation,False
z_36.0_15.0,2025,3,2025-T3,Diminution,41.2,34.4,41.2,24.5,Diminution,True
z_36.0_15.0,2025,4,2025-T4,Augmentation,35.9,35.9,33.9,30.2,Diminution,False
z_36.0_16.5,2023,1,2023-T1,Stable,76.8,22.8,0.4,76.8,Stable,True
z_36.0_16.5,2023,2,2023-T2,Stable,81.6,17.7,0.6,81.6,Stable,True
z_36.0_16.5,2023,4,2023-T4,Stable,81.6,18.0,0.4,81.6,Stable,True
z_36.0_16.5,2024,1,2024-T1,Stable,81.5,18.1,0.4,81.5,Stable,True
z_36.0_16.5,2024,2,2024-T2,Stable,81.1,18.2,0.7,81.1,Stable,True
z_36.0_16.5,2024,4,2024-T4,Stable,78.4,21.1,0.5,78.4,Stable,True
z_36.0_16.5,2025,1,2025-T1,Stable,78.6,20.9,0.5,78.6,Stable,True
z_36.0_16.5,2025,2,2025-T2,Stable,80.7,18.7,0.5,80.7,Stable,True
z_36.0_16.5,2025,4,2025-T4,Stable,78.4,21.1,0.5,78.4,Stable,True
z_36.0_18.0,2023,1,2023-T1,Stable,82.9,16.9,0.2,82.9,Diminution,False
z_36.0_18.0,2023,3,2023-T3,Stable,78.2,21.6,0.2,78.2,Stable,True
z_36.0_18.0,2023,4,2023-T4,Stable,78.0,21.3,0.7,78.0,Stable,True
z_36.0_18.0,2024,1,2024-T1,Stable,77.4,22.3,0.3,77.4,Diminution,False
z_36.0_18.0,2024,3,2024-T3,Stable,84.3,15.7,0.1,84.3,Stable,True
z_36.0_18.0,2024,4,2024-T4,Stable,84.6,15.2,0.2,84.6,Stable,True
z_36.0_18.0,2025,1,2025-T1,Stable,82.3,17.6,0.1,82.3,Diminution,False
z_36.0_18.0,2025,3,2025-T3,Stable,84.3,15.7,0.1,84.3,Stable,True
z_36.0_18.0,2025,4,2025-T4,Stable,81.6,18.1,0.2,81.6,Stable,True
z_36.0_19.5,2023,1,2023-T1,Stable,75.5,23.7,0.8,75.5,Stable,True
z_36.0_19.5,2023,2,2023-T2,Stable,77.9,21.6,0.5,77.9,Diminution,False
z_36.0_19.5,2023,3,2023-T3,Stable,81.5,17.8,0.8,81.5,Diminution,False
z_36.0_19.5,2024,1,2024-T1,Stable,81.0,18.6,0.4,81.0,Stable,True
z_36.0_19.5,2024,2,2024-T2,Stable,81.8,17.8,0.4,81.8,Diminution,False
z_36.0_19.5,2024,3,2024-T3,Stable,77.5,21.8,0.8,77.5,Diminution,False
z_36.0_19.5,2025,1,2025-T1,Stable,78.6,21.0,0.5,78.6,Stable,True
z_36.0_19.5,2025,2,2025-T2,Stable,81.8,17.8,0.4,81.8,Diminution,False
z_36.0_19.5,2025,3,2025-T3,Stable,80.3,19.1,0.6,80.3,Stable,True
z_36.0_21.0,2023,1,2023-T1,Stable,77.8,21.7,0.5,77.8,Stable,True
z_36.0_21.0,2023,2,2023-T2,Stable,79.1,20.6,0.3,79.1,Stable,True
z_36.0_21.0,2023,3,2023-T3,Stable,78.1,21.3,0.6,78.1,Stable,True
z_36.0_21.0,2023,4,2023-T4,Stable,75.7,23.6,0.7,75.7,Stable,True
z_36.0_21.0,2024,1,2024-T1,Stable,79.2,20.0,0.8,79.2,Stable,True
z_36.0_21.0,2024,2,2024-T2,Stable,79.3,19.7,0.9,79.3,Stable,True
z_36.0_21.0,2024,3,2024-T3,Stable,75.8,23.7,0.5,75.8,Diminution,False
z_36.0_21.0,2024,4,2024-T4,Stable,82.6,16.9,0.5,82.6,Stable,True
z_36.0_21.0,2025,1,2025-T1,Stable,81.5,17.6,0.9,81.5,Stable,True
z_36.0_21.0,2025,2,2025-T2,Stable,80.2,19.0,0.8,80.2,Stable,True
z_36.0_21.0,2025,3,2025-T3,Stable,84.0,15.2,0.8,84.0,Diminution,False
z_36.0_21.0,2025,4,2025-T4,Stable,81.6,17.8,0.6,81.6,Stable,True
z_36.0_22.5,2023,1,2023-T1,Diminution,51.7,21.4,51.7,27.0,Diminution,True
z_36.0_22.5,2023,2,2023-T2,Diminution,37.6,30.2,37.6,32.2,Augmentation,False
z_36.0_22.5,2023,3,2023-T3,Diminution,50.3,27.6,50.3,22.1,Stable,False
z_36.0_22.5,2023,4,2023-T4,Diminution,43.0,33.1,43.0,23.9,Stable,False
z_36.0_22.5,2024,1,2024-T1,Augmentation,45.5,45.5,32.7,21.8,Stable,False
z_36.0_22.5,2024,2,2024-T2,Augmentation,49.7,49.7,30.7,19.5,Stable,False
z_36.0_22.5,2024,3,2024-T3,Augmentation,41.6,41.6,33.1,25.3,Augmentation,True
z_36.0_22.5,2024,4,2024-T4,Augmentation,55.7,55.7,26.7,17.6,Diminution,False
z_36.0_22.5,2025,1,2025-T1,Augmentation,40.5,40.5,31.5,28.0,Diminution,False
z_36.0_22.5,2025,2,2025-T2,Diminution,45.1,33.2,45.1,21.7,Stable,False
z_36.0_22.5,2025,3,2025-T3,Diminution,44.7,31.5,44.7,23.8,Stable,False
z_36.0_22.5,2025,4,2025-T4,Diminution,49.6,29.1,49.6,21.3,Diminution,True
z_36.0_24.0,2023,1,2023-T1,Diminution,43.6,33.9,43.6,22.5,Stable,False
z_36.0_24.0,2023,2,2023-T2,Augmentation,42.2,42.2,42.0,15.8,Stable,False
z_36.0_24.0,2023,3,2023-T3,Diminution,52.2,33.3,52.2,14.6,Stable,False
z_36.0_24.0,2023,4,2023-T4,Diminution,50.5,32.2,50.5,17.3,Augmentation,False
z_36.0_24.0,2024,1,2024-T1,Augmentation,43.2,43.2,40.6,16.2,Diminution,False
z_36.0_24.0,2024,2,2024-T2,Augmentation,47.2,47.2,38.4,14.4,Augmentation,True
z_36.0_24.0,2024,3,2024-T3,Diminution,51.6,35.4,51.6,13.0,Augmentation,False
z_36.0_24.0,2024,4,2024-T4,Augmentation,47.7,47.7,36.5,15.8,Stable,False
z_36.0_24.0,2025,1,2025-T1,Augmentation,40.4,40.4,37.0,22.7,Stable,False
z_36.0_24.0,2025,2,2025-T2,Augmentation,59.8,59.8,28.7,11.6,Augmentation,True
z_36.0_24.0,2025,3,2025-T3,Diminution,47.2,40.7,47.2,12.1,Diminution,True
z_36.0_24.0,2025,4,2025-T4,Diminution,47.2,36.3,47.2,16.5,Diminution,True
z_36.0_25.5,2023,1,2023-T1,Diminution,50.6,31.0,50.6,18.4,Augmentation,False
z_36.0_25.5,2023,2,2023-T2,Diminution,54.7,27.2,54.7,18.1,Diminution,True
z_36.0_25.5,2023,3,2023-T3,Diminution,38.6,35.8,38.6,25.5,Diminution,True
z_36.0_25.5,2023,4,2023-T4,Diminution,49.2,27.5,49.2,23.3,Augmentation,False
z_36.0_25.5,2024,1,2024-T1,Diminution,47.9,27.3,47.9,24.8,Augmentation,False
z_36.0_25.5,2024,2,2024-T2,Diminution,47.0,24.3,47.0,28.6,Diminution,True
z_36.0_25.5,2024,3,2024-T3,Diminution,55.5,19.3,55.5,25.2,Diminution,True
z_36.0_25.5,2024,4,2024-T4,Diminution,45.7,23.7,45.7,30.6,Stable,False
z_36.0_25.5,2025,1,2025-T1,Diminution,56.9,21.6,56.9,21.5,Stable,False
z_36.0_25.5,2025,2,2025-T2,Diminution,34.7,31.3,34.7,34.0,Stable,False
z_36.0_25.5,2025,3,2025-T3,Augmentation,42.0,42.0,27.7,30.4,Augmentation,True
z_36.0_25.5,2025,4,2025-T4,Augmentation,38.1,38.1,38.0,23.9,Diminution,False
z_36.0_27.0,2023,1,2023-T1,Diminution,46.7,30.9,46.7,22.4,Stable,False
z_36.0_27.0,2023,2,2023-T2,Augmentation,43.3,43.3,31.0,25.7,Augmentation,True
z_36.0_27.0,2023,3,2023-T3,Augmentation,40.2,40.2,34.5,25.3,Diminution,False
z_36.0_27.0,2023,4,2023-T4,Diminution,50.6,25.3,50.6,24.1,Diminution,True
z_36.0_27.0,2024,1,2024-T1,Augmentation,42.9,42.9,32.9,24.2,Stable,False
z_36.0_27.0,2024,2,2024-T2,Diminution,39.6,37.6,39.6,22.8,Stable,False
z_36.0_27.0,2024,3,2024-T3,Diminution,46.2,34.7,46.2,19.1,Diminution,True
z_36.0_27.0,2024,4,2024-T4,Augmentation,51.6,51.6,28.3,20.1,Stable,False
z_36.0_27.0,2025,1,2025-T1,Augmentation,43.1,43.1,31.5,25.4,Diminution,False
z_36.0_27.0,2025,2,2025-T2,Diminution,50.9,30.1,50.9,19.0,Stable,False
z_36.0_27.0,2025,3,2025-T3,Augmentation,40.0,40.0,33.6,26.3,Stable,False
z_36.0_27.0,2025,4,2025-T4,Diminution,37.8,35.7,37.8,26.4,Stable,False
z_36.0_30.0,2023,2,2023-T2,Stable,82.1,17.6,0.3,82.1,Stable,True
z_36.0_30.0,2023,3,2023-T3,Stable,83.6,16.1,0.2,83.6,Stable,True
z_36.0_30.0,2023,4,2023-T4,Stable,83.6,16.1,0.3,83.6,Stable,True
z_36.0_30.0,2024,2,2024-T2,Stable,83.3,16.5,0.2,83.3,Stable,True
z_36.0_30.0,2024,3,2024-T3,Stable,83.8,15.9,0.3,83.8,Stable,True
z_36.0_30.0,2024,4,2024-T4,Stable,78.5,21.1,0.4,78.5,Stable,True
z_36.0_30.0,2025,2,2025-T2,Stable,84.8,15.0,0.1,84.8,Stable,True
z_36.0_30.0,2025,3,2025-T3,Stable,82.6,17.0,0.5,82.6,Stable,True
z_36.0_30.0,2025,4,2025-T4,Stable,81.7,17.9,0.4,81.7,Stable,True
z_36.0_34.5,2023,1,2023-T1,Stable,66.5,31.6,1.9,66.5,Stable,True
z_36.0_34.5,2023,2,2023-T2,Stable,69.6,25.5,5.0,69.6,Stable,True
z_36.0_34.5,2023,3,2023-T3,Stable,74.0,23.7,2.3,74.0,Stable,True
z_36.0_34.5,2023,4,2023-T4,Stable,66.2,30.6,3.2,66.2,Diminution,False
z_36.0_34.5,2024,1,2024-T1,Stable,77.1,20.6,2.3,77.1,Stable,True
z_36.0_34.5,2024,2,2024-T2,Stable,74.4,24.1,1.5,74.4,Stable,True
z_36.0_34.5,2024,3,2024-T3,Stable,75.3,23.0,1.7,75.3,Stable,True
z_36.0_34.5,2024,4,2024-T4,Stable,71.8,24.3,3.9,71.8,Diminution,False
z_36.0_34.5,2025,1,2025-T1,Stable,72.4,25.7,1.9,72.4,Stable,True
z_36.0_34.5,2025,2,2025-T2,Stable,80.4,18.5,1.1,80.4,Stable,True
z_36.0_34.5,2025,3,2025-T3,Stable,75.7,22.8,1.6,75.7,Stable,True
z_36.0_34.5,2025,4,2025-T4,Stable,72.7,24.4,2.8,72.7,Diminution,False
z_36.0_36.0,2023,1,2023-T1,Stable,76.0,21.2,2.8,76.0,Stable,True
z_36.0_36.0,2023,2,2023-T2,Stable,74.8,22.5,2.7,74.8,Stable,True
z_36.0_36.0,2023,3,2023-T3,Stable,78.9,18.7,2.4,78.9,Stable,True
z_36.0_36.0,2023,4,2023-T4,Stable,76.6,20.6,2.8,76.6,Stable,True
z_36.0_36.0,2024,1,2024-T1,Stable,76.0,21.2,2.8,76.0,Stable,True
z_36.0_36.0,2024,2,2024-T2,Stable,78.7,19.0,2.3,78.7,Stable,True
z_36.0_36.0,2024,3,2024-T3,Stable,78.9,18.7,2.4,78.9,Stable,True
z_36.0_36.0,2024,4,2024-T4,Stable,76.6,20.6,2.8,76.6,Stable,True
z_36.0_36.0,2025,1,2025-T1,Stable,76.0,21.2,2.8,76.0,Stable,True
z_36.0_36.0,2025,2,2025-T2,Stable,80.0,17.6,2.4,80.0,Stable,True
z_36.0_36.0,2025,3,2025-T3,Stable,78.1,19.5,2.4,78.1,Stable,True
z_36.0_36.0,2025,4,2025-T4,Stable,76.4,21.1,2.5,76.4,Stable,True
z_36.0_4.5,2023,1,2023-T1,Stable,81.3,18.3,0.4,81.3,Diminution,False
z_36.0_4.5,2023,2,2023-T2,Stable,81.7,17.9,0.4,81.7,Stable,True
z_36.0_4.5,2023,3,2023-T3,Stable,81.7,17.9,0.4,81.7,Stable,True
z_36.0_4.5,2023,4,2023-T4,Stable,76.2,23.0,0.8,76.2,Stable,True
z_36.0_4.5,2024,1,2024-T1,Stable,78.9,20.6,0.5,78.9,Diminution,False
z_36.0_4.5,2024,2,2024-T2,Stable,84.2,15.4,0.4,84.2,Stable,True
z_36.0_4.5,2024,3,2024-T3,Stable,81.7,17.9,0.4,81.7,Stable,True
z_36.0_4.5,2024,4,2024-T4,Stable,77.9,20.7,1.4,77.9,Stable,True
z_36.0_4.5,2025,1,2025-T1,Stable,77.6,22.1,0.4,77.6,Diminution,False
z_36.0_4.5,2025,2,2025-T2,Stable,80.9,18.6,0.5,80.9,Stable,True
z_36.0_4.5,2025,3,2025-T3,Stable,81.1,18.4,0.4,81.1,Stable,True
z_36.0_4.5,2025,4,2025-T4,Stable,77.3,21.7,1.0,77.3,Stable,True
z_36.0_9.0,2023,1,2023-T1,Stable,80.3,19.4,0.3,80.3,Augmentation,False
z_36.0_9.0,2023,2,2023-T2,Stable,74.0,25.5,0.5,74.0,Stable,True
z_36.0_9.0,2023,3,2023-T3,Stable,75.2,23.7,1.1,75.2,Stable,True
z_36.0_9.0,2023,4,2023-T4,Stable,77.5,21.9,0.6,77.5,Diminution,False
z_36.0_9.0,2024,1,2024-T1,Stable,79.3,19.9,0.8,79.3,Diminution,False
z_36.0_9.0,2024,2,2024-T2,Stable,82.6,16.9,0.5,82.6,Stable,True
z_36.0_9.0,2024,3,2024-T3,Stable,80.7,18.9,0.4,80.7,Stable,True
z_36.0_9.0,2024,4,2024-T4,Stable,78.2,21.3,0.5,78.2,Diminution,False
z_36.0_9.0,2025,1,2025-T1,Stable,74.9,23.4,1.7,74.9,Diminution,False
z_36.0_9.0,2025,2,2025-T2,Stable,80.3,19.2,0.5,80.3,Stable,True
z_36.0_9.0,2025,3,2025-T3,Stable,82.1,17.4,0.5,82.1,Stable,True
z_36.0_9.0,2025,4,2025-T4,Stable,81.4,18.2,0.4,81.4,Diminution,False
z_37.5_-1.5,2023,1,2023-T1,Stable,73.4,19.1,7.5,73.4,Stable,True
z_37.5_-1.5,2023,2,2023-T2,Stable,74.8,22.2,3.0,74.8,Stable,True
z_37.5_-1.5,2023,3,2023-T3,Stable,59.4,33.5,7.1,59.4,Stable,True
z_37.5_-1.5,2023,4,2023-T4,Stable,58.9,33.0,8.1,58.9,Stable,True
z_37.5_-1.5,2024,1,2024-T1,Stable,53.7,38.5,7.8,53.7,Diminution,False
z_37.5_-1.5,2024,2,2024-T2,Stable,60.1,31.8,8.1,60.1,Stable,True
z_37.5_-1.5,2024,3,2024-T3,Stable,64.4,30.9,4.8,64.4,Stable,True
z_37.5_-1.5,2024,4,2024-T4,Stable,49.5,35.6,14.9,49.5,Augmentation,False
z_37.5_-1.5,2025,1,2025-T1,Augmentation,40.3,40.3,23.0,36.6,Stable,False
z_37.5_-1.5,2025,2,2025-T2,Augmentation,36.8,36.8,34.7,28.5,Stable,False
z_37.5_-1.5,2025,3,2025-T3,Diminution,36.5,35.5,36.5,28.0,Augmentation,False
z_37.5_-1.5,2025,4,2025-T4,Diminution,35.0,34.1,35.0,30.8,Stable,False
z_37.5_-10.5,2023,1,2023-T1,Diminution,52.4,26.4,52.4,21.2,Stable,False
z_37.5_-10.5,2023,2,2023-T2,Augmentation,39.7,39.7,29.0,31.3,Stable,False
z_37.5_-10.5,2023,3,2023-T3,Augmentation,42.5,42.5,33.6,23.9,Stable,False
z_37.5_-10.5,2023,4,2023-T4,Diminution,45.8,30.7,45.8,23.5,Augmentation,False
z_37.5_-10.5,2024,1,2024-T1,Augmentation,49.1,49.1,22.9,28.0,Stable,False
z_37.5_-10.5,2024,2,2024-T2,Augmentation,46.2,46.2,29.6,24.2,Augmentation,True
z_37.5_-10.5,2024,3,2024-T3,Diminution,43.5,34.4,43.5,22.1,Stable,False
z_37.5_-10.5,2024,4,2024-T4,Diminution,52.2,28.6,52.2,19.2,Diminution,True
z_37.5_-10.5,2025,1,2025-T1,Diminution,48.9,29.6,48.9,21.4,Augmentation,False
z_37.5_-10.5,2025,2,2025-T2,Diminution,42.9,29.2,42.9,27.9,Augmentation,False
z_37.5_-10.5,2025,3,2025-T3,Augmentation,50.8,50.8,32.4,16.8,Stable,False
z_37.5_-10.5,2025,4,2025-T4,Diminution,44.8,35.6,44.8,19.6,Stable,False
z_37.5_-13.5,2023,2,2023-T2,Stable,85.9,14.0,0.2,85.9,Stable,True
z_37.5_-13.5,2023,4,2023-T4,Stable,85.0,14.8,0.2,85.0,Stable,True
z_37.5_-13.5,2024,2,2024-T2,Stable,85.9,14.0,0.2,85.9,Stable,True
z_37.5_-13.5,2024,4,2024-T4,Stable,85.0,14.8,0.2,85.0,Stable,True
z_37.5_-13.5,2025,2,2025-T2,Stable,82.5,17.3,0.2,82.5,Stable,True
z_37.5_-13.5,2025,4,2025-T4,Stable,85.2,14.6,0.2,85.2,Stable,True
z_37.5_-22.5,2023,2,2023-T2,Stable,84.1,15.8,0.1,84.1,Stable,True
z_37.5_-22.5,2024,2,2024-T2,Stable,83.4,16.5,0.2,83.4,Stable,True
z_37.5_-22.5,2025,2,2025-T2,Stable,83.4,16.5,0.2,83.4,Stable,True
z_37.5_-25.5,2023,3,2023-T3,Stable,82.0,17.7,0.3,82.0,Stable,True
z_37.5_-25.5,2023,4,2023-T4,Stable,83.5,16.1,0.4,83.5,Stable,True
z_37.5_-25.5,2024,3,2024-T3,Stable,82.0,17.7,0.3,82.0,Stable,True
z_37.5_-25.5,2024,4,2024-T4,Stable,81.0,18.6,0.4,81.0,Stable,True
z_37.5_-25.5,2025,3,2025-T3,Stable,82.0,17.7,0.3,82.0,Stable,True
z_37.5_-25.5,2025,4,2025-T4,Stable,82.8,17.0,0.2,82.8,Stable,True
z_37.5_-27.0,2023,1,2023-T1,Stable,83.6,16.2,0.1,83.6,Stable,True
z_37.5_-27.0,2023,2,2023-T2,Stable,83.1,16.6,0.3,83.1,Stable,True
z_37.5_-27.0,2023,3,2023-T3,Stable,86.1,13.6,0.2,86.1,Stable,True
z_37.5_-27.0,2023,4,2023-T4,Stable,85.1,14.6,0.3,85.1,Stable,True
z_37.5_-27.0,2024,1,2024-T1,Stable,83.5,16.4,0.1,83.5,Stable,True
z_37.5_-27.0,2024,2,2024-T2,Stable,86.3,13.5,0.2,86.3,Stable,True
z_37.5_-27.0,2024,3,2024-T3,Stable,81.5,18.1,0.3,81.5,Stable,True
z_37.5_-27.0,2024,4,2024-T4,Stable,84.4,15.2,0.5,84.4,Stable,True
z_37.5_-27.0,2025,1,2025-T1,Stable,83.9,16.0,0.1,83.9,Augmentation,False
z_37.5_-27.0,2025,2,2025-T2,Stable,77.7,21.9,0.4,77.7,Stable,True
z_37.5_-27.0,2025,3,2025-T3,Stable,78.7,20.4,0.9,78.7,Stable,True
z_37.5_-27.0,2025,4,2025-T4,Stable,78.0,21.8,0.3,78.0,Stable,True
z_37.5_-28.5,2023,1,2023-T1,Stable,83.3,16.6,0.1,83.3,Stable,True
z_37.5_-28.5,2023,2,2023-T2,Stable,84.6,15.0,0.3,84.6,Stable,True
z_37.5_-28.5,2023,3,2023-T3,Stable,86.5,13.3,0.2,86.5,Stable,True
z_37.5_-28.5,2023,4,2023-T4,Stable,85.1,14.8,0.1,85.1,Stable,True
z_37.5_-28.5,2024,1,2024-T1,Stable,80.5,19.4,0.1,80.5,Stable,True
z_37.5_-28.5,2024,2,2024-T2,Stable,84.6,15.2,0.2,84.6,Stable,True
z_37.5_-28.5,2024,3,2024-T3,Stable,81.8,18.0,0.2,81.8,Stable,True
z_37.5_-28.5,2024,4,2024-T4,Stable,81.7,18.1,0.3,81.7,Stable,True
z_37.5_-28.5,2025,1,2025-T1,Stable,80.3,19.4,0.3,80.3,Stable,True
z_37.5_-28.5,2025,2,2025-T2,Stable,79.5,20.2,0.3,79.5,Stable,True
z_37.5_-28.5,2025,3,2025-T3,Stable,86.1,13.6,0.3,86.1,Stable,True
z_37.5_-28.5,2025,4,2025-T4,Stable,83.1,16.7,0.2,83.1,Stable,True
z_37.5_-30.0,2023,1,2023-T1,Stable,79.2,20.7,0.2,79.2,Stable,True
z_37.5_-30.0,2023,2,2023-T2,Stable,84.9,15.1,0.0,84.9,Stable,True
z_37.5_-30.0,2023,3,2023-T3,Stable,84.2,15.7,0.1,84.2,Stable,True
z_37.5_-30.0,2023,4,2023-T4,Stable,83.7,16.2,0.1,83.7,Stable,True
z_37.5_-30.0,2024,1,2024-T1,Stable,82.4,17.5,0.1,82.4,Stable,True
z_37.5_-30.0,2024,2,2024-T2,Stable,84.9,15.1,0.0,84.9,Stable,True
z_37.5_-30.0,2024,3,2024-T3,Stable,84.2,15.7,0.1,84.2,Stable,True
z_37.5_-30.0,2024,4,2024-T4,Stable,83.7,16.2,0.1,83.7,Stable,True
z_37.5_-30.0,2025,1,2025-T1,Stable,82.4,17.5,0.1,82.4,Stable,True
z_37.5_-30.0,2025,2,2025-T2,Stable,84.9,15.1,0.0,84.9,Stable,True
z_37.5_-30.0,2025,3,2025-T3,Stable,84.3,15.6,0.1,84.3,Stable,True
z_37.5_-30.0,2025,4,2025-T4,Stable,82.3,17.5,0.1,82.3,Stable,True
z_37.5_-9.0,2023,1,2023-T1,Augmentation,38.5,38.5,34.5,27.0,Stable,False
z_37.5_-9.0,2023,2,2023-T2,Stable,48.9,31.1,20.0,48.9,Diminution,False
z_37.5_-9.0,2023,3,2023-T3,Stable,61.8,28.8,9.4,61.8,Stable,True
z_37.5_-9.0,2023,4,2023-T4,Stable,39.2,27.3,33.5,39.2,Augmentation,False
z_37.5_-9.0,2024,1,2024-T1,Diminution,36.0,33.4,36.0,30.6,Stable,False
z_37.5_-9.0,2024,2,2024-T2,Augmentation,40.9,40.9,28.6,30.5,Diminution,False
z_37.5_-9.0,2024,3,2024-T3,Augmentation,38.8,38.8,34.7,26.5,Stable,False
z_37.5_-9.0,2024,4,2024-T4,Augmentation,38.4,38.4,34.8,26.8,Stable,False
z_37.5_-9.0,2025,1,2025-T1,Diminution,34.7,31.9,34.7,33.4,Diminution,True
z_37.5_-9.0,2025,2,2025-T2,Stable,39.0,30.6,30.4,39.0,Diminution,False
z_37.5_-9.0,2025,3,2025-T3,Stable,38.3,31.5,30.3,38.3,Augmentation,False
z_37.5_-9.0,2025,4,2025-T4,Stable,37.3,25.9,36.8,37.3,Stable,True
z_37.5_0.0,2023,1,2023-T1,Stable,65.9,32.0,2.1,65.9,Diminution,False
z_37.5_0.0,2023,2,2023-T2,Stable,61.4,31.8,6.7,61.4,Stable,True
z_37.5_0.0,2023,3,2023-T3,Stable,68.4,27.3,4.3,68.4,Stable,True
z_37.5_0.0,2023,4,2023-T4,Stable,57.6,39.6,2.9,57.6,Stable,True
z_37.5_0.0,2024,1,2024-T1,Stable,68.1,28.5,3.4,68.1,Diminution,False
z_37.5_0.0,2024,2,2024-T2,Stable,64.3,33.9,1.8,64.3,Diminution,False
z_37.5_0.0,2024,3,2024-T3,Stable,67.0,30.1,3.0,67.0,Stable,True
z_37.5_0.0,2024,4,2024-T4,Stable,66.8,31.5,1.7,66.8,Stable,True
z_37.5_0.0,2025,1,2025-T1,Stable,65.6,31.5,2.9,65.6,Diminution,False
z_37.5_0.0,2025,2,2025-T2,Stable,68.6,29.5,2.0,68.6,Diminution,False
z_37.5_0.0,2025,3,2025-T3,Stable,65.5,29.6,4.9,65.5,Stable,True
z_37.5_0.0,2025,4,2025-T4,Stable,67.3,30.8,1.8,67.3,Stable,True
z_37.5_1.5,2023,3,2023-T3,Stable,83.0,16.8,0.1,83.0,Stable,True
z_37.5_1.5,2023,4,2023-T4,Stable,84.4,15.3,0.2,84.4,Stable,True
z_37.5_1.5,2024,3,2024-T3,Stable,84.5,15.3,0.2,84.5,Stable,True
z_37.5_1.5,2024,4,2024-T4,Stable,82.0,17.7,0.3,82.0,Stable,True
z_37.5_1.5,2025,3,2025-T3,Stable,82.5,17.3,0.3,82.5,Stable,True
z_37.5_1.5,2025,4,2025-T4,Stable,81.7,18.1,0.2,81.7,Stable,True
z_37.5_10.5,2023,1,2023-T1,Stable,80.0,19.8,0.2,80.0,Stable,True
z_37.5_10.5,2023,2,2023-T2,Stable,75.5,24.3,0.2,75.5,Stable,True
z_37.5_10.5,2023,3,2023-T3,Stable,78.1,21.6,0.2,78.1,Stable,True
z_37.5_10.5,2023,4,2023-T4,Stable,78.0,21.8,0.3,78.0,Stable,True
z_37.5_10.5,2024,1,2024-T1,Stable,78.5,21.3,0.2,78.5,Stable,True
z_37.5_10.5,2024,2,2024-T2,Stable,85.6,14.3,0.1,85.6,Stable,True
z_37.5_10.5,2024,3,2024-T3,Stable,83.8,15.9,0.3,83.8,Stable,True
z_37.5_10.5,2024,4,2024-T4,Stable,84.7,15.1,0.2,84.7,Stable,True
z_37.5_10.5,2025,1,2025-T1,Stable,83.4,16.4,0.2,83.4,Stable,True
z_37.5_10.5,2025,2,2025-T2,Stable,79.2,20.6,0.2,79.2,Stable,True
z_37.5_10.5,2025,3,2025-T3,Stable,76.8,22.6,0.6,76.8,Stable,True
z_37.5_10.5,2025,4,2025-T4,Stable,77.7,22.2,0.1,77.7,Stable,True
z_37.5_12.0,2023,1,2023-T1,Stable,69.9,29.2,0.9,69.9,Stable,True
z_37.5_12.0,2023,2,2023-T2,Stable,59.6,39.7,0.7,59.6,Augmentation,False
z_37.5_12.0,2023,3,2023-T3,Augmentation,49.8,49.8,5.9,44.2,Stable,False
z_37.5_12.0,2023,4,2023-T4,Augmentation,43.4,43.4,21.5,35.0,Diminution,False
z_37.5_12.0,2024,1,2024-T1,Stable,48.4,46.9,4.7,48.4,Diminution,False
z_37.5_12.0,2024,2,2024-T2,Stable,66.2,31.2,2.6,66.2,Diminution,False
z_37.5_12.0,2024,3,2024-T3,Stable,72.7,25.6,1.8,72.7,Diminution,False
z_37.5_12.0,2024,4,2024-T4,Stable,72.3,26.1,1.5,72.3,Stable,True
z_37.5_12.0,2025,1,2025-T1,Stable,66.4,31.3,2.4,66.4,Augmentation,False
z_37.5_12.0,2025,2,2025-T2,Stable,51.9,45.3,2.8,51.9,Diminution,False
z_37.5_12.0,2025,3,2025-T3,Stable,59.2,36.6,4.2,59.2,Stable,True
z_37.5_12.0,2025,4,2025-T4,Stable,54.8,42.6,2.6,54.8,Stable,True
z_37.5_13.5,2023,1,2023-T1,Stable,81.6,18.1,0.3,81.6,Stable,True
z_37.5_13.5,2023,2,2023-T2,Stable,85.4,14.4,0.1,85.4,Stable,True
z_37.5_13.5,2023,3,2023-T3,Stable,84.4,15.4,0.2,84.4,Stable,True
z_37.5_13.5,2023,4,2023-T4,Stable,81.3,18.5,0.2,81.3,Stable,True
z_37.5_13.5,2024,1,2024-T1,Stable,79.5,20.3,0.2,79.5,Stable,True
z_37.5_13.5,2024,2,2024-T2,Stable,77.1,22.5,0.4,77.1,Stable,True
z_37.5_13.5,2024,3,2024-T3,Stable,74.8,24.7,0.5,74.8,Stable,True
z_37.5_13.5,2024,4,2024-T4,Stable,78.0,20.9,1.1,78.0,Stable,True
z_37.5_13.5,2025,1,2025-T1,Stable,77.1,22.4,0.5,77.1,Stable,True
z_37.5_13.5,2025,2,2025-T2,Stable,81.6,17.8,0.6,81.6,Stable,True
z_37.5_13.5,2025,3,2025-T3,Stable,81.1,18.4,0.6,81.1,Stable,True
z_37.5_13.5,2025,4,2025-T4,Stable,80.5,19.0,0.5,80.5,Diminution,False
z_37.5_15.0,2023,1,2023-T1,Stable,56.9,40.0,3.1,56.9,Stable,True
z_37.5_15.0,2023,2,2023-T2,Stable,71.4,26.3,2.3,71.4,Augmentation,False
z_37.5_15.0,2023,3,2023-T3,Stable,54.3,42.1,3.7,54.3,Diminution,False
z_37.5_15.0,2023,4,2023-T4,Stable,58.0,37.8,4.3,58.0,Stable,True
z_37.5_15.0,2024,1,2024-T1,Augmentation,44.3,44.3,14.0,41.7,Stable,False
z_37.5_15.0,2024,2,2024-T2,Stable,43.0,35.4,21.5,43.0,Stable,True
z_37.5_15.0,2024,3,2024-T3,Augmentation,41.6,41.6,28.0,30.4,Stable,False
z_37.5_15.0,2024,4,2024-T4,Augmentation,36.0,36.0,35.1,28.8,Augmentation,True
z_37.5_15.0,2025,1,2025-T1,Augmentation,39.2,39.2,34.6,26.2,Stable,False
z_37.5_15.0,2025,2,2025-T2,Augmentation,39.6,39.6,38.5,21.8,Stable,False
z_37.5_15.0,2025,3,2025-T3,Diminution,38.3,34.8,38.3,26.8,Stable,False
z_37.5_15.0,2025,4,2025-T4,Diminution,53.8,28.6,53.8,17.6,Stable,False
z_37.5_16.5,2023,1,2023-T1,Stable,83.9,15.9,0.2,83.9,Stable,True
z_37.5_16.5,2023,2,2023-T2,Stable,83.3,16.4,0.3,83.3,Diminution,False
z_37.5_16.5,2023,4,2023-T4,Stable,85.3,14.6,0.1,85.3,Stable,True
z_37.5_16.5,2024,1,2024-T1,Stable,79.9,19.8,0.2,79.9,Stable,True
z_37.5_16.5,2024,2,2024-T2,Stable,87.3,12.5,0.2,87.3,Diminution,False
z_37.5_16.5,2024,4,2024-T4,Stable,86.8,13.0,0.1,86.8,Stable,True
z_37.5_16.5,2025,1,2025-T1,Stable,86.0,13.8,0.2,86.0,Stable,True
z_37.5_16.5,2025,2,2025-T2,Stable,86.3,13.4,0.3,86.3,Diminution,False
z_37.5_16.5,2025,4,2025-T4,Stable,86.5,13.4,0.1,86.5,Augmentation,False
z_37.5_19.5,2023,1,2023-T1,Stable,51.8,40.0,8.1,51.8,Diminution,False
z_37.5_19.5,2023,2,2023-T2,Augmentation,49.8,49.8,5.4,44.7,Stable,False
z_37.5_19.5,2023,3,2023-T3,Augmentation,44.6,44.6,18.1,37.3,Augmentation,True
z_37.5_19.5,2023,4,2023-T4,Augmentation,50.9,50.9,12.5,36.6,Diminution,False
z_37.5_19.5,2024,1,2024-T1,Augmentation,44.0,44.0,19.4,36.6,Diminution,False
z_37.5_19.5,2024,2,2024-T2,Augmentation,46.3,46.3,10.7,43.0,Stable,False
z_37.5_19.5,2024,3,2024-T3,Diminution,38.9,25.5,38.9,35.7,Stable,False
z_37.5_19.5,2024,4,2024-T4,Augmentation,40.1,40.1,33.7,26.2,Diminution,False
z_37.5_19.5,2025,1,2025-T1,Augmentation,51.1,51.1,26.8,22.1,Stable,False
z_37.5_19.5,2025,2,2025-T2,Augmentation,44.3,44.3,32.3,23.3,Stable,False
z_37.5_19.5,2025,3,2025-T3,Diminution,41.5,34.5,41.5,24.0,Stable,False
z_37.5_19.5,2025,4,2025-T4,Augmentation,39.3,39.3,33.9,26.8,Diminution,False
z_37.5_21.0,2023,1,2023-T1,Diminution,50.6,26.9,50.6,22.5,Stable,False
z_37.5_21.0,2023,2,2023-T2,Diminution,62.1,20.3,62.1,17.5,Augmentation,False
z_37.5_21.0,2023,3,2023-T3,Diminution,59.2,23.1,59.2,17.7,Augmentation,False
z_37.5_21.0,2023,4,2023-T4,Diminution,47.6,33.3,47.6,19.0,Stable,False
z_37.5_21.0,2024,1,2024-T1,Diminution,47.5,32.5,47.5,20.0,Stable,False
z_37.5_21.0,2024,2,2024-T2,Diminution,43.2,40.0,43.2,16.8,Diminution,True
z_37.5_21.0,2024,3,2024-T3,Diminution,41.3,32.6,41.3,26.1,Augmentation,False
z_37.5_21.0,2024,4,2024-T4,Diminution,50.3,27.3,50.3,22.4,Stable,False
z_37.5_21.0,2025,1,2025-T1,Diminution,58.7,21.8,58.7,19.4,Diminution,True
z_37.5_21.0,2025,2,2025-T2,Diminution,54.5,22.8,54.5,22.7,Augmentation,False
z_37.5_21.0,2025,3,2025-T3,Diminution,50.9,29.6,50.9,19.5,Diminution,True
z_37.5_21.0,2025,4,2025-T4,Diminution,61.1,21.0,61.1,18.0,Diminution,True
z_37.5_22.5,2023,1,2023-T1,Diminution,48.1,45.3,48.1,6.6,Augmentation,False
z_37.5_22.5,2023,2,2023-T2,Diminution,55.6,35.5,55.6,8.9,Stable,False
z_37.5_22.5,2023,3,2023-T3,Diminution,66.8,27.3,66.8,5.9,Augmentation,False
z_37.5_22.5,2023,4,2023-T4,Diminution,65.3,30.5,65.3,4.2,Diminution,True
z_37.5_22.5,2024,1,2024-T1,Diminution,63.7,29.6,63.7,6.7,Augmentation,False
z_37.5_22.5,2024,2,2024-T2,Diminution,56.1,39.2,56.1,4.6,Augmentation,False
z_37.5_22.5,2024,3,2024-T3,Diminution,59.8,32.1,59.8,8.2,Stable,False
z_37.5_22.5,2024,4,2024-T4,Diminution,48.1,47.0,48.1,4.9,Augmentation,False
z_37.5_22.5,2025,1,2025-T1,Augmentation,49.5,49.5,46.8,3.7,Stable,False
z_37.5_22.5,2025,2,2025-T2,Augmentation,58.7,58.7,36.3,5.0,Stable,False
z_37.5_22.5,2025,3,2025-T3,Augmentation,55.2,55.2,39.6,5.2,Diminution,False
z_37.5_22.5,2025,4,2025-T4,Diminution,67.7,26.0,67.7,6.3,Diminution,True
z_37.5_24.0,2023,1,2023-T1,Diminution,68.4,14.2,68.4,17.4,Stable,False
z_37.5_24.0,2023,2,2023-T2,Diminution,65.9,23.1,65.9,10.9,Augmentation,False
z_37.5_24.0,2023,3,2023-T3,Diminution,52.2,35.0,52.2,12.8,Diminution,True
z_37.5_24.0,2023,4,2023-T4,Diminution,64.6,19.5,64.6,15.9,Diminution,True
z_37.5_24.0,2024,1,2024-T1,Diminution,50.0,34.6,50.0,15.4,Augmentation,False
z_37.5_24.0,2024,2,2024-T2,Diminution,52.7,32.8,52.7,14.5,Diminution,True
z_37.5_24.0,2024,3,2024-T3,Diminution,62.4,20.9,62.4,16.7,Diminution,True
z_37.5_24.0,2024,4,2024-T4,Diminution,60.4,22.1,60.4,17.5,Augmentation,False
z_37.5_24.0,2025,1,2025-T1,Diminution,61.1,20.9,61.1,18.1,Stable,False
z_37.5_24.0,2025,2,2025-T2,Diminution,55.7,25.5,55.7,18.7,Stable,False
z_37.5_24.0,2025,3,2025-T3,Augmentation,45.3,45.3,41.6,13.1,Diminution,False
z_37.5_24.0,2025,4,2025-T4,Diminution,46.3,38.3,46.3,15.4,Diminution,True
z_37.5_25.5,2023,1,2023-T1,Diminution,43.1,29.7,43.1,27.3,Diminution,True
z_37.5_25.5,2023,2,2023-T2,Stable,43.2,32.9,23.9,43.2,Augmentation,False
z_37.5_25.5,2023,3,2023-T3,Augmentation,35.8,35.8,35.4,28.9,Augmentation,True
z_37.5_25.5,2023,4,2023-T4,Diminution,45.9,31.4,45.9,22.7,Stable,False
z_37.5_25.5,2024,1,2024-T1,Augmentation,45.5,45.5,30.7,23.8,Diminution,False
z_37.5_25.5,2024,2,2024-T2,Augmentation,40.5,40.5,31.0,28.5,Stable,False
z_37.5_25.5,2024,3,2024-T3,Diminution,37.0,27.9,37.0,35.0,Diminution,True
z_37.5_25.5,2024,4,2024-T4,Stable,47.0,33.2,19.9,47.0,Stable,True
z_37.5_25.5,2025,1,2025-T1,Stable,52.8,40.7,6.5,52.8,Stable,True
z_37.5_25.5,2025,2,2025-T2,Diminution,39.5,31.5,39.5,28.9,Stable,False
z_37.5_25.5,2025,3,2025-T3,Augmentation,46.1,46.1,8.0,45.8,Stable,False
z_37.5_25.5,2025,4,2025-T4,Stable,58.1,38.9,3.1,58.1,Diminution,False
z_37.5_27.0,2023,2,2023-T2,Stable,82.1,17.3,0.6,82.1,Stable,True
z_37.5_27.0,2023,3,2023-T3,Stable,81.6,17.8,0.6,81.6,Diminution,False
z_37.5_27.0,2024,2,2024-T2,Stable,81.6,17.9,0.5,81.6,Stable,True
z_37.5_27.0,2024,3,2024-T3,Stable,83.2,16.2,0.5,83.2,Diminution,False
z_37.5_27.0,2025,2,2025-T2,Stable,84.1,15.3,0.6,84.1,Stable,True
z_37.5_27.0,2025,3,2025-T3,Stable,81.5,18.0,0.5,81.5,Stable,True
z_37.5_4.5,2023,1,2023-T1,Stable,80.4,19.4,0.2,80.4,Stable,True
z_37.5_4.5,2023,2,2023-T2,Stable,82.5,17.2,0.3,82.5,Stable,True
z_37.5_4.5,2023,3,2023-T3,Stable,80.5,18.9,0.6,80.5,Diminution,False
z_37.5_4.5,2024,1,2024-T1,Stable,80.2,19.6,0.1,80.2,Stable,True
z_37.5_4.5,2024,2,2024-T2,Stable,78.7,20.9,0.4,78.7,Stable,True
z_37.5_4.5,2024,3,2024-T3,Stable,80.9,18.7,0.4,80.9,Diminution,False
z_37.5_4.5,2025,1,2025-T1,Stable,80.4,19.4,0.2,80.4,Stable,True
z_37.5_4.5,2025,2,2025-T2,Stable,82.5,17.2,0.3,82.5,Stable,True
z_37.5_4.5,2025,3,2025-T3,Stable,81.7,18.0,0.3,81.7,Diminution,False
z_37.5_6.0,2023,1,2023-T1,Stable,81.2,18.4,0.4,81.2,Stable,True
z_37.5_6.0,2023,2,2023-T2,Stable,81.5,18.1,0.4,81.5,Stable,True
z_37.5_6.0,2024,1,2024-T1,Stable,78.8,20.7,0.5,78.8,Stable,True
z_37.5_6.0,2024,2,2024-T2,Stable,84.2,15.4,0.4,84.2,Stable,True
z_37.5_6.0,2025,1,2025-T1,Stable,80.0,19.7,0.4,80.0,Stable,True
z_37.5_6.0,2025,2,2025-T2,Stable,80.7,18.9,0.4,80.7,Stable,True
z_37.5_7.5,2023,1,2023-T1,Stable,82.8,17.1,0.2,82.8,Stable,True
z_37.5_7.5,2023,2,2023-T2,Stable,85.6,14.2,0.2,85.6,Stable,True
z_37.5_7.5,2023,3,2023-T3,Stable,79.6,18.7,1.7,79.6,Diminution,False
z_37.5_7.5,2023,4,2023-T4,Stable,84.0,15.8,0.2,84.0,Diminution,False
z_37.5_7.5,2024,1,2024-T1,Stable,83.3,16.5,0.2,83.3,Stable,True
z_37.5_7.5,2024,2,2024-T2,Stable,87.3,12.6,0.2,87.3,Stable,True
z_37.5_7.5,2024,3,2024-T3,Stable,79.1,20.3,0.6,79.1,Diminution,False
z_37.5_7.5,2024,4,2024-T4,Stable,85.7,14.0,0.3,85.7,Stable,True
z_37.5_7.5,2025,1,2025-T1,Stable,83.2,16.5,0.3,83.2,Stable,True
z_37.5_7.5,2025,2,2025-T2,Stable,82.1,17.7,0.2,82.1,Stable,True
z_37.5_7.5,2025,3,2025-T3,Stable,80.5,18.3,1.2,80.5,Stable,True
z_37.5_7.5,2025,4,2025-T4,Stable,82.1,17.7,0.3,82.1,Diminution,False
z_37.5_9.0,2023,1,2023-T1,Stable,79.6,19.7,0.7,79.6,Stable,True
z_37.5_9.0,2023,2,2023-T2,Stable,79.6,20.2,0.3,79.6,Stable,True
z_37.5_9.0,2023,3,2023-T3,Stable,80.9,18.8,0.2,80.9,Stable,True
z_37.5_9.0,2023,4,2023-T4,Stable,84.1,15.4,0.5,84.1,Diminution,False
z_37.5_9.0,2024,1,2024-T1,Stable,79.4,20.0,0.5,79.4,Stable,True
z_37.5_9.0,2024,2,2024-T2,Stable,80.3,19.3,0.4,80.3,Stable,True
z_37.5_9.0,2024,3,2024-T3,Stable,83.7,15.9,0.4,83.7,Stable,True
z_37.5_9.0,2024,4,2024-T4,Stable,80.5,19.2,0.3,80.5,Stable,True
z_37.5_9.0,2025,1,2025-T1,Stable,76.0,23.3,0.7,76.0,Stable,True
z_37.5_9.0,2025,2,2025-T2,Stable,77.2,21.8,1.0,77.2,Stable,True
z_37.5_9.0,2025,3,2025-T3,Stable,76.0,23.3,0.7,76.0,Stable,True
z_37.5_9.0,2025,4,2025-T4,Stable,80.3,19.3,0.4,80.3,Diminution,False
z_39.0_-1.5,2023,1,2023-T1,Diminution,37.0,34.4,37.0,28.6,Diminution,True
z_39.0_-1.5,2023,2,2023-T2,Diminution,38.6,35.3,38.6,26.1,Stable,False
z_39.0_-1.5,2023,3,2023-T3,Diminution,35.5,33.0,35.5,31.4,Diminution,True
z_39.0_-1.5,2023,4,2023-T4,Augmentation,37.7,37.7,33.5,28.7,Augmentation,True
z_39.0_-1.5,2024,1,2024-T1,Augmentation,39.9,39.9,33.8,26.3,Stable,False
z_39.0_-1.5,2024,2,2024-T2,Augmentation,36.5,36.5,33.3,30.1,Diminution,False
z_39.0_-1.5,2024,3,2024-T3,Stable,54.9,33.4,11.6,54.9,Stable,True
z_39.0_-1.5,2024,4,2024-T4,Stable,74.9,23.9,1.2,74.9,Stable,True
z_39.0_-1.5,2025,1,2025-T1,Stable,69.6,29.5,0.9,69.6,Stable,True
z_39.0_-1.5,2025,2,2025-T2,Stable,46.5,37.9,15.7,46.5,Stable,True
z_39.0_-1.5,2025,3,2025-T3,Augmentation,47.3,47.3,19.3,33.4,Stable,False
z_39.0_-1.5,2025,4,2025-T4,Diminution,36.8,36.5,36.8,26.7,Diminution,True
z_39.0_-10.5,2023,1,2023-T1,Stable,64.1,31.7,4.2,64.1,Stable,True
z_39.0_-10.5,2023,2,2023-T2,Stable,75.5,21.6,2.9,75.5,Diminution,False
z_39.0_-10.5,2023,3,2023-T3,Stable,75.9,22.8,1.2,75.9,Stable,True
z_39.0_-10.5,2023,4,2023-T4,Stable,69.3,28.8,1.8,69.3,Stable,True
z_39.0_-10.5,2024,1,2024-T1,Stable,65.8,30.3,3.9,65.8,Stable,True
z_39.0_-10.5,2024,2,2024-T2,Stable,63.5,34.3,2.2,63.5,Diminution,False
z_39.0_-10.5,2024,3,2024-T3,Stable,65.0,32.2,2.9,65.0,Stable,True
z_39.0_-10.5,2024,4,2024-T4,Stable,74.3,24.8,0.9,74.3,Stable,True
z_39.0_-10.5,2025,1,2025-T1,Stable,75.3,23.8,0.9,75.3,Stable,True
z_39.0_-10.5,2025,2,2025-T2,Stable,74.0,25.1,1.0,74.0,Stable,True
z_39.0_-10.5,2025,3,2025-T3,Stable,52.1,45.0,3.0,52.1,Stable,True
z_39.0_-10.5,2025,4,2025-T4,Stable,57.3,39.4,3.2,57.3,Stable,True
z_39.0_-31.5,2023,2,2023-T2,Stable,81.5,18.2,0.2,81.5,Stable,True
z_39.0_-31.5,2023,3,2023-T3,Stable,81.1,18.7,0.2,81.1,Stable,True
z_39.0_-31.5,2024,2,2024-T2,Stable,82.3,17.5,0.2,82.3,Stable,True
z_39.0_-31.5,2024,3,2024-T3,Stable,83.6,16.2,0.2,83.6,Stable,True
z_39.0_-31.5,2025,2,2025-T2,Stable,82.3,17.5,0.2,82.3,Stable,True
z_39.0_-31.5,2025,3,2025-T3,Stable,81.4,18.4,0.1,81.4,Stable,True
z_39.0_-9.0,2023,1,2023-T1,Stable,72.7,25.3,2.0,72.7,Diminution,False
z_39.0_-9.0,2023,2,2023-T2,Stable,80.2,18.9,0.9,80.2,Stable,True
z_39.0_-9.0,2023,3,2023-T3,Stable,77.8,21.1,1.1,77.8,Stable,True
z_39.0_-9.0,2023,4,2023-T4,Stable,76.6,21.9,1.4,76.6,Stable,True
z_39.0_-9.0,2024,1,2024-T1,Stable,73.0,24.3,2.8,73.0,Diminution,False
z_39.0_-9.0,2024,2,2024-T2,Stable,79.3,19.4,1.2,79.3,Stable,True
z_39.0_-9.0,2024,3,2024-T3,Stable,80.7,18.5,0.8,80.7,Stable,True
z_39.0_-9.0,2024,4,2024-T4,Stable,76.0,22.4,1.6,76.0,Stable,True
z_39.0_-9.0,2025,1,2025-T1,Stable,67.4,28.1,4.6,67.4,Stable,True
z_39.0_-9.0,2025,2,2025-T2,Stable,60.7,37.0,2.3,60.7,Stable,True
z_39.0_-9.0,2025,3,2025-T3,Stable,65.3,31.1,3.6,65.3,Stable,True
z_39.0_-9.0,2025,4,2025-T4,Stable,59.5,38.1,2.5,59.5,Stable,True
z_39.0_0.0,2023,1,2023-T1,Stable,72.5,23.3,4.2,72.5,Stable,True
z_39.0_0.0,2023,2,2023-T2,Stable,69.2,24.2,6.5,69.2,Diminution,False
z_39.0_0.0,2023,3,2023-T3,Stable,80.5,15.9,3.6,80.5,Stable,True
z_39.0_0.0,2023,4,2023-T4,Stable,76.8,17.4,5.8,76.8,Stable,True
z_39.0_0.0,2024,1,2024-T1,Stable,73.3,22.7,4.0,73.3,Stable,True
z_39.0_0.0,2024,2,2024-T2,Stable,75.7,21.3,3.0,75.7,Stable,True
z_39.0_0.0,2024,3,2024-T3,Stable,74.4,23.1,2.5,74.4,Stable,True
z_39.0_0.0,2024,4,2024-T4,Stable,57.7,32.1,10.2,57.7,Stable,True
z_39.0_0.0,2025,1,2025-T1,Stable,62.0,28.9,9.2,62.0,Diminution,False
z_39.0_0.0,2025,2,2025-T2,Stable,74.0,23.0,3.0,74.0,Diminution,False
z_39.0_0.0,2025,3,2025-T3,Stable,75.5,21.3,3.2,75.5,Stable,True
z_39.0_0.0,2025,4,2025-T4,Stable,73.1,23.1,3.8,73.1,Stable,True
z_39.0_1.5,2023,1,2023-T1,Stable,71.8,26.8,1.4,71.8,Diminution,False
z_39.0_1.5,2023,2,2023-T2,Stable,78.2,19.5,2.3,78.2,Stable,True
z_39.0_1.5,2023,3,2023-T3,Stable,81.3,17.9,0.8,81.3,Stable,True
z_39.0_1.5,2023,4,2023-T4,Stable,66.5,32.0,1.5,66.5,Stable,True
z_39.0_1.5,2024,1,2024-T1,Stable,68.4,28.1,3.5,68.4,Diminution,False
z_39.0_1.5,2024,2,2024-T2,Stable,72.6,24.8,2.5,72.6,Stable,True
z_39.0_1.5,2024,3,2024-T3,Stable,75.0,23.9,1.2,75.0,Diminution,False
z_39.0_1.5,2024,4,2024-T4,Stable,84.3,14.9,0.8,84.3,Stable,True
z_39.0_1.5,2025,1,2025-T1,Stable,75.9,22.8,1.3,75.9,Stable,True
z_39.0_1.5,2025,2,2025-T2,Stable,80.2,19.1,0.7,80.2,Stable,True
z_39.0_1.5,2025,3,2025-T3,Stable,64.1,33.7,2.3,64.1,Stable,True
z_39.0_1.5,2025,4,2025-T4,Stable,67.9,30.2,1.9,67.9,Stable,True
z_39.0_10.5,2023,2,2023-T2,Stable,80.4,19.2,0.4,80.4,Stable,True
z_39.0_10.5,2023,3,2023-T3,Stable,81.4,18.2,0.4,81.4,Stable,True
z_39.0_10.5,2024,2,2024-T2,Stable,83.2,16.4,0.4,83.2,Stable,True
z_39.0_10.5,2024,3,2024-T3,Stable,80.8,18.7,0.4,80.8,Stable,True
z_39.0_10.5,2025,2,2025-T2,Stable,81.0,18.4,0.6,81.0,Stable,True
z_39.0_10.5,2025,3,2025-T3,Stable,83.2,16.4,0.4,83.2,Stable,True
z_39.0_13.5,2023,1,2023-T1,Stable,82.3,17.5,0.2,82.3,Diminution,False
z_39.0_13.5,2023,2,2023-T2,Stable,85.5,14.2,0.2,85.5,Stable,True
z_39.0_13.5,2023,3,2023-T3,Stable,85.5,14.2,0.3,85.5,Stable,True
z_39.0_13.5,2023,4,2023-T4,Stable,81.6,18.0,0.4,81.6,Stable,True
z_39.0_13.5,2024,1,2024-T1,Stable,83.9,15.7,0.4,83.9,Diminution,False
z_39.0_13.5,2024,2,2024-T2,Stable,87.2,12.5,0.3,87.2,Stable,True
z_39.0_13.5,2024,3,2024-T3,Stable,85.5,14.2,0.3,85.5,Stable,True
z_39.0_13.5,2024,4,2024-T4,Stable,85.2,14.4,0.4,85.2,Stable,True
z_39.0_13.5,2025,1,2025-T1,Stable,83.9,15.7,0.4,83.9,Diminution,False
z_39.0_13.5,2025,2,2025-T2,Stable,85.2,14.5,0.3,85.2,Stable,True
z_39.0_13.5,2025,3,2025-T3,Stable,85.5,14.2,0.3,85.5,Stable,True
z_39.0_13.5,2025,4,2025-T4,Stable,77.0,22.6,0.4,77.0,Stable,True
z_39.0_15.0,2023,1,2023-T1,Stable,80.5,19.3,0.2,80.5,Stable,True
z_39.0_15.0,2023,2,2023-T2,Stable,83.2,16.7,0.1,83.2,Stable,True
z_39.0_15.0,2023,3,2023-T3,Stable,78.4,21.4,0.2,78.4,Stable,True
z_39.0_15.0,2023,4,2023-T4,Stable,82.9,16.9,0.2,82.9,Stable,True
z_39.0_15.0,2024,1,2024-T1,Stable,84.2,15.6,0.2,84.2,Stable,True
z_39.0_15.0,2024,2,2024-T2,Stable,82.8,17.0,0.2,82.8,Stable,True
z_39.0_15.0,2024,3,2024-T3,Stable,82.3,17.5,0.1,82.3,Stable,True
z_39.0_15.0,2024,4,2024-T4,Stable,87.5,12.3,0.2,87.5,Stable,True
z_39.0_15.0,2025,1,2025-T1,Stable,85.3,14.6,0.1,85.3,Stable,True
z_39.0_15.0,2025,2,2025-T2,Stable,87.5,12.5,0.1,87.5,Stable,True
z_39.0_15.0,2025,3,2025-T3,Stable,86.4,13.4,0.2,86.4,Stable,True
z_39.0_15.0,2025,4,2025-T4,Stable,84.0,15.8,0.2,84.0,Stable,True
z_39.0_16.5,2023,1,2023-T1,Stable,71.5,26.3,2.2,71.5,Diminution,False
z_39.0_16.5,2023,2,2023-T2,Stable,78.5,20.1,1.4,78.5,Stable,True
z_39.0_16.5,2023,3,2023-T3,Stable,75.7,22.2,2.1,75.7,Stable,True
z_39.0_16.5,2023,4,2023-T4,Stable,70.7,27.2,2.1,70.7,Stable,True
z_39.0_16.5,2024,1,2024-T1,Stable,64.6,29.1,6.4,64.6,Diminution,False
z_39.0_16.5,2024,2,2024-T2,Stable,70.5,26.5,3.0,70.5,Stable,True
z_39.0_16.5,2024,3,2024-T3,Stable,72.1,26.0,1.9,72.1,Stable,True
z_39.0_16.5,2024,4,2024-T4,Stable,62.0,30.1,8.0,62.0,Stable,True
z_39.0_16.5,2025,1,2025-T1,Stable,71.5,24.6,3.9,71.5,Diminution,False
z_39.0_16.5,2025,2,2025-T2,Stable,77.3,21.0,1.7,77.3,Stable,True
z_39.0_16.5,2025,3,2025-T3,Stable,73.1,24.8,2.0,73.1,Stable,True
z_39.0_16.5,2025,4,2025-T4,Stable,68.1,25.7,6.1,68.1,Stable,True
z_39.0_18.0,2023,1,2023-T1,Stable,64.0,30.7,5.3,64.0,Diminution,False
z_39.0_18.0,2023,2,2023-T2,Stable,67.9,28.4,3.7,67.9,Stable,True
z_39.0_18.0,2023,3,2023-T3,Stable,72.1,26.0,1.9,72.1,Diminution,False
z_39.0_18.0,2023,4,2023-T4,Stable,71.2,25.9,2.9,71.2,Diminution,False
z_39.0_18.0,2024,1,2024-T1,Stable,71.6,26.5,1.9,71.6,Stable,True
z_39.0_18.0,2024,2,2024-T2,Stable,70.3,28.2,1.6,70.3,Stable,True
z_39.0_18.0,2024,3,2024-T3,Stable,62.0,31.9,6.1,62.0,Augmentation,False
z_39.0_18.0,2024,4,2024-T4,Augmentation,50.4,50.4,7.3,42.3,Stable,False
z_39.0_18.0,2025,1,2025-T1,Stable,50.2,39.0,10.9,50.2,Stable,True
z_39.0_18.0,2025,2,2025-T2,Augmentation,42.8,42.8,14.6,42.6,Stable,False
z_39.0_18.0,2025,3,2025-T3,Stable,46.5,38.3,15.1,46.5,Stable,True
z_39.0_18.0,2025,4,2025-T4,Stable,52.0,36.1,11.9,52.0,Diminution,False
z_39.0_19.5,2023,1,2023-T1,Diminution,58.1,24.6,58.1,17.3,Stable,False
z_39.0_19.5,2023,2,2023-T2,Diminution,53.8,24.3,53.8,21.9,Stable,False
z_39.0_19.5,2023,3,2023-T3,Diminution,57.5,27.2,57.5,15.3,Stable,False
z_39.0_19.5,2023,4,2023-T4,Diminution,57.2,26.7,57.2,16.1,Diminution,True
z_39.0_19.5,2024,1,2024-T1,Diminution,59.8,21.8,59.8,18.4,Stable,False
z_39.0_19.5,2024,2,2024-T2,Diminution,40.7,38.0,40.7,21.3,Stable,False
z_39.0_19.5,2024,3,2024-T3,Diminution,59.0,24.2,59.0,16.8,Stable,False
z_39.0_19.5,2024,4,2024-T4,Diminution,62.4,22.6,62.4,15.0,Stable,False
z_39.0_19.5,2025,1,2025-T1,Diminution,49.3,27.8,49.3,23.0,Stable,False
z_39.0_19.5,2025,2,2025-T2,Diminution,51.3,31.8,51.3,16.9,Augmentation,False
z_39.0_19.5,2025,3,2025-T3,Diminution,54.0,29.1,54.0,16.9,Diminution,True
z_39.0_19.5,2025,4,2025-T4,Diminution,48.8,24.9,48.8,26.3,Stable,False
z_39.0_22.5,2023,1,2023-T1,Diminution,39.7,34.2,39.7,26.1,Diminution,True
z_39.0_22.5,2023,2,2023-T2,Diminution,36.2,36.2,36.2,27.7,Diminution,True
z_39.0_22.5,2023,3,2023-T3,Diminution,54.7,21.2,54.7,24.2,Augmentation,False
z_39.0_22.5,2023,4,2023-T4,Diminution,42.2,28.5,42.2,29.3,Stable,False
z_39.0_22.5,2024,1,2024-T1,Diminution,52.3,27.9,52.3,19.8,Diminution,True
z_39.0_22.5,2024,2,2024-T2,Diminution,41.4,33.9,41.4,24.7,Diminution,True
z_39.0_22.5,2024,3,2024-T3,Diminution,43.7,27.4,43.7,28.9,Stable,False
z_39.0_22.5,2024,4,2024-T4,Stable,36.3,35.6,28.1,36.3,Diminution,False
z_39.0_22.5,2025,1,2025-T1,Stable,45.9,36.5,17.7,45.9,Diminution,False
z_39.0_22.5,2025,2,2025-T2,Augmentation,43.9,43.9,25.2,30.9,Augmentation,True
z_39.0_22.5,2025,3,2025-T3,Augmentation,39.5,39.5,35.2,25.3,Stable,False
z_39.0_22.5,2025,4,2025-T4,Augmentation,46.8,46.8,32.0,21.2,Diminution,False
z_39.0_24.0,2023,1,2023-T1,Stable,72.7,25.7,1.5,72.7,Augmentation,False
z_39.0_24.0,2023,2,2023-T2,Stable,75.4,23.4,1.2,75.4,Diminution,False
z_39.0_24.0,2023,3,2023-T3,Stable,65.4,33.1,1.5,65.4,Stable,True
z_39.0_24.0,2023,4,2023-T4,Stable,81.9,17.3,0.8,81.9,Stable,True
z_39.0_24.0,2024,1,2024-T1,Stable,77.6,20.8,1.7,77.6,Stable,True
z_39.0_24.0,2024,2,2024-T2,Stable,84.1,15.0,0.8,84.1,Stable,True
z_39.0_24.0,2024,3,2024-T3,Stable,81.0,18.1,0.9,81.0,Stable,True
z_39.0_24.0,2024,4,2024-T4,Stable,71.9,26.0,2.1,71.9,Stable,True
z_39.0_24.0,2025,1,2025-T1,Stable,63.5,31.5,5.0,63.5,Diminution,False
z_39.0_24.0,2025,2,2025-T2,Stable,81.4,17.9,0.8,81.4,Diminution,False
z_39.0_24.0,2025,3,2025-T3,Stable,78.0,20.4,1.6,78.0,Stable,True
z_39.0_24.0,2025,4,2025-T4,Stable,83.2,16.1,0.7,83.2,Stable,True
z_39.0_25.5,2023,1,2023-T1,Stable,51.5,27.8,20.7,51.5,Diminution,False
z_39.0_25.5,2023,2,2023-T2,Stable,51.0,30.9,18.2,51.0,Diminution,False
z_39.0_25.5,2023,3,2023-T3,Stable,67.1,30.4,2.5,67.1,Diminution,False
z_39.0_25.5,2023,4,2023-T4,Stable,74.5,23.6,1.8,74.5,Augmentation,False
z_39.0_25.5,2024,1,2024-T1,Stable,42.9,33.4,23.7,42.9,Stable,True
z_39.0_25.5,2024,2,2024-T2,Stable,66.3,28.8,4.9,66.3,Stable,True
z_39.0_25.5,2024,3,2024-T3,Stable,67.5,31.2,1.3,67.5,Diminution,False
z_39.0_25.5,2024,4,2024-T4,Stable,64.7,32.7,2.5,64.7,Stable,True
z_39.0_25.5,2025,1,2025-T1,Stable,66.7,31.3,2.0,66.7,Diminution,False
z_39.0_25.5,2025,2,2025-T2,Stable,62.2,35.5,2.3,62.2,Diminution,False
z_39.0_25.5,2025,3,2025-T3,Stable,64.2,32.2,3.6,64.2,Stable,True
z_39.0_25.5,2025,4,2025-T4,Stable,74.1,23.2,2.7,74.1,Diminution,False
z_39.0_3.0,2023,1,2023-T1,Stable,72.2,25.7,2.1,72.2,Stable,True
z_39.0_3.0,2023,2,2023-T2,Stable,62.3,36.2,1.5,62.3,Stable,True
z_39.0_3.0,2023,3,2023-T3,Stable,65.0,31.9,3.1,65.0,Stable,True
z_39.0_3.0,2023,4,2023-T4,Augmentation,39.9,39.9,25.5,34.6,Diminution,False
z_39.0_3.0,2024,1,2024-T1,Stable,61.7,26.3,12.0,61.7,Diminution,False
z_39.0_3.0,2024,2,2024-T2,Stable,77.0,21.7,1.3,77.0,Stable,True
z_39.0_3.0,2024,3,2024-T3,Stable,56.1,29.3,14.6,56.1,Stable,True
z_39.0_3.0,2024,4,2024-T4,Stable,59.7,23.3,16.9,59.7,Diminution,False
z_39.0_3.0,2025,1,2025-T1,Stable,55.5,24.2,20.2,55.5,Diminution,False
z_39.0_3.0,2025,2,2025-T2,Stable,75.9,21.7,2.5,75.9,Stable,True
z_39.0_3.0,2025,3,2025-T3,Stable,75.7,23.4,1.0,75.7,Stable,True
z_39.0_3.0,2025,4,2025-T4,Stable,79.6,19.8,0.5,79.6,Stable,True
z_39.0_4.5,2023,2,2023-T2,Stable,87.5,12.5,0.1,87.5,Stable,True
z_39.0_4.5,2023,3,2023-T3,Stable,87.2,12.7,0.1,87.2,Stable,True
z_39.0_4.5,2023,4,2023-T4,Stable,88.1,11.7,0.2,88.1,Stable,True
z_39.0_4.5,2024,2,2024-T2,Stable,89.1,10.9,0.1,89.1,Stable,True
z_39.0_4.5,2024,3,2024-T3,Stable,86.7,13.2,0.1,86.7,Stable,True
z_39.0_4.5,2024,4,2024-T4,Stable,85.3,14.6,0.1,85.3,Stable,True
z_39.0_4.5,2025,2,2025-T2,Stable,86.5,13.4,0.1,86.5,Stable,True
z_39.0_4.5,2025,3,2025-T3,Stable,87.2,12.7,0.1,87.2,Stable,True
z_39.0_4.5,2025,4,2025-T4,Stable,87.5,12.4,0.1,87.5,Stable,True
z_39.0_6.0,2023,1,2023-T1,Stable,81.1,18.8,0.1,81.1,Stable,True
z_39.0_6.0,2024,1,2024-T1,Stable,80.1,19.9,0.1,80.1,Stable,True
z_39.0_6.0,2025,1,2025-T1,Stable,81.0,18.9,0.1,81.0,Stable,True
z_39.0_7.5,2023,1,2023-T1,Stable,76.7,22.5,0.8,76.7,Stable,True
z_39.0_7.5,2023,2,2023-T2,Stable,82.1,17.5,0.4,82.1,Stable,True
z_39.0_7.5,2023,3,2023-T3,Stable,83.8,15.8,0.4,83.8,Stable,True
z_39.0_7.5,2023,4,2023-T4,Stable,78.4,21.2,0.4,78.4,Diminution,False
z_39.0_7.5,2024,1,2024-T1,Stable,75.2,24.2,0.6,75.2,Diminution,False
z_39.0_7.5,2024,2,2024-T2,Stable,86.3,13.5,0.2,86.3,Stable,True
z_39.0_7.5,2024,3,2024-T3,Stable,85.3,14.4,0.3,85.3,Stable,True
z_39.0_7.5,2024,4,2024-T4,Stable,84.8,14.8,0.4,84.8,Diminution,False
z_39.0_7.5,2025,1,2025-T1,Stable,83.1,16.3,0.6,83.1,Diminution,False
z_39.0_7.5,2025,2,2025-T2,Stable,86.3,13.5,0.2,86.3,Stable,True
z_39.0_7.5,2025,3,2025-T3,Stable,85.3,14.4,0.3,85.3,Stable,True
z_39.0_7.5,2025,4,2025-T4,Stable,84.5,15.1,0.4,84.5,Diminution,False
z_39.0_9.0,2023,1,2023-T1,Stable,72.9,26.4,0.7,72.9,Stable,True
z_39.0_9.0,2023,2,2023-T2,Stable,86.2,13.6,0.2,86.2,Stable,True
z_39.0_9.0,2023,3,2023-T3,Stable,70.8,28.3,0.9,70.8,Stable,True
z_39.0_9.0,2023,4,2023-T4,Stable,76.6,21.7,1.7,76.6,Stable,True
z_39.0_9.0,2024,1,2024-T1,Stable,78.2,21.1,0.6,78.2,Stable,True
z_39.0_9.0,2024,2,2024-T2,Stable,77.8,21.6,0.6,77.8,Stable,True
z_39.0_9.0,2024,3,2024-T3,Stable,78.2,21.2,0.7,78.2,Augmentation,False
z_39.0_9.0,2024,4,2024-T4,Stable,70.9,26.6,2.5,70.9,Diminution,False
z_39.0_9.0,2025,1,2025-T1,Stable,73.9,23.8,2.3,73.9,Stable,True
z_39.0_9.0,2025,2,2025-T2,Stable,68.8,30.0,1.2,68.8,Stable,True
z_39.0_9.0,2025,3,2025-T3,Stable,71.9,26.9,1.2,71.9,Stable,True
z_39.0_9.0,2025,4,2025-T4,Stable,71.8,25.7,2.5,71.8,Diminution,False
z_40.5_-10.5,2023,1,2023-T1,Stable,79.4,20.1,0.5,79.4,Stable,True
z_40.5_-10.5,2023,2,2023-T2,Stable,82.6,17.0,0.4,82.6,Stable,True
z_40.5_-10.5,2023,3,2023-T3,Stable,79.8,19.6,0.6,79.8,Stable,True
z_40.5_-10.5,2023,4,2023-T4,Stable,82.1,17.2,0.6,82.1,Stable,True
z_40.5_-10.5,2024,1,2024-T1,Stable,75.6,23.8,0.6,75.6,Diminution,False
z_40.5_-10.5,2024,2,2024-T2,Stable,83.5,16.2,0.3,83.5,Diminution,False
z_40.5_-10.5,2024,3,2024-T3,Stable,83.6,16.2,0.2,83.6,Diminution,False
z_40.5_-10.5,2024,4,2024-T4,Stable,80.9,18.6,0.5,80.9,Stable,True
z_40.5_-10.5,2025,1,2025-T1,Stable,75.4,24.0,0.6,75.4,Diminution,False
z_40.5_-10.5,2025,2,2025-T2,Stable,84.8,14.9,0.4,84.8,Diminution,False
z_40.5_-10.5,2025,3,2025-T3,Stable,87.9,12.0,0.1,87.9,Diminution,False
z_40.5_-10.5,2025,4,2025-T4,Stable,84.8,15.1,0.2,84.8,Stable,True
z_40.5_-36.0,2023,3,2023-T3,Stable,84.7,15.1,0.2,84.7,Stable,True
z_40.5_-36.0,2024,3,2024-T3,Stable,84.7,15.1,0.2,84.7,Stable,True
z_40.5_-36.0,2025,3,2025-T3,Stable,83.9,15.8,0.3,83.9,Stable,True
z_40.5_-9.0,2023,1,2023-T1,Diminution,49.3,29.5,49.3,21.2,Diminution,True
z_40.5_-9.0,2023,2,2023-T2,Augmentation,42.4,42.4,31.1,26.4,Stable,False
z_40.5_-9.0,2023,3,2023-T3,Augmentation,39.8,39.8,28.2,32.1,Diminution,False
z_40.5_-9.0,2023,4,2023-T4,Diminution,43.9,22.9,43.9,33.2,Stable,False
z_40.5_-9.0,2024,1,2024-T1,Diminution,48.7,23.7,48.7,27.6,Diminution,True
z_40.5_-9.0,2024,2,2024-T2,Diminution,41.8,28.8,41.8,29.4,Stable,False
z_40.5_-9.0,2024,3,2024-T3,Augmentation,46.3,46.3,29.6,24.2,Stable,False
z_40.5_-9.0,2024,4,2024-T4,Diminution,43.1,30.4,43.1,26.5,Stable,False
z_40.5_-9.0,2025,1,2025-T1,Stable,33.8,33.3,32.9,33.8,Augmentation,False
z_40.5_-9.0,2025,2,2025-T2,Augmentation,44.4,44.4,28.9,26.8,Stable,False
z_40.5_-9.0,2025,3,2025-T3,Augmentation,50.5,50.5,25.8,23.7,Diminution,False
z_40.5_-9.0,2025,4,2025-T4,Augmentation,37.8,37.8,29.5,32.6,Stable,False
z_40.5_0.0,2023,1,2023-T1,Stable,49.8,33.1,17.0,49.8,Stable,True
z_40.5_0.0,2023,2,2023-T2,Stable,74.4,22.8,2.9,74.4,Diminution,False
z_40.5_0.0,2023,3,2023-T3,Stable,75.6,20.2,4.2,75.6,Stable,True
z_40.5_0.0,2023,4,2023-T4,Stable,77.0,18.9,4.0,77.0,Augmentation,False
z_40.5_0.0,2024,1,2024-T1,Stable,50.4,45.4,4.2,50.4,Stable,True
z_40.5_0.0,2024,2,2024-T2,Stable,57.0,32.5,10.5,57.0,Stable,True
z_40.5_0.0,2024,3,2024-T3,Stable,52.3,39.6,8.1,52.3,Stable,True
z_40.5_0.0,2024,4,2024-T4,Diminution,35.0,31.3,35.0,33.6,Stable,False
z_40.5_0.0,2025,1,2025-T1,Augmentation,37.1,37.1,34.9,28.0,Stable,False
z_40.5_0.0,2025,2,2025-T2,Augmentation,47.9,47.9,25.6,26.5,Diminution,False
z_40.5_0.0,2025,3,2025-T3,Augmentation,43.8,43.8,27.6,28.5,Stable,False
z_40.5_0.0,2025,4,2025-T4,Diminution,43.0,28.5,43.0,28.4,Diminution,True
z_40.5_1.5,2023,1,2023-T1,Augmentation,53.7,53.7,22.0,24.4,Stable,False
z_40.5_1.5,2023,2,2023-T2,Augmentation,36.9,36.9,33.0,30.1,Diminution,False
z_40.5_1.5,2023,3,2023-T3,Diminution,38.3,30.5,38.3,31.2,Stable,False
z_40.5_1.5,2023,4,2023-T4,Diminution,36.3,31.1,36.3,32.6,Augmentation,False
z_40.5_1.5,2024,1,2024-T1,Diminution,45.6,31.7,45.6,22.7,Diminution,True
z_40.5_1.5,2024,2,2024-T2,Diminution,42.7,31.5,42.7,25.8,Stable,False
z_40.5_1.5,2024,3,2024-T3,Diminution,46.3,29.2,46.3,24.5,Diminution,True
z_40.5_1.5,2024,4,2024-T4,Stable,35.5,30.4,34.1,35.5,Stable,True
z_40.5_1.5,2025,1,2025-T1,Diminution,42.2,24.7,42.2,33.1,Stable,False
z_40.5_1.5,2025,2,2025-T2,Augmentation,38.9,38.9,35.9,25.2,Stable,False
z_40.5_1.5,2025,3,2025-T3,Augmentation,47.8,47.8,24.6,27.6,Augmentation,True
z_40.5_1.5,2025,4,2025-T4,Diminution,40.4,38.5,40.4,21.1,Diminution,True
z_40.5_10.5,2023,1,2023-T1,Stable,71.9,26.8,1.3,71.9,Stable,True
z_40.5_10.5,2023,2,2023-T2,Stable,82.4,16.9,0.7,82.4,Stable,True
z_40.5_10.5,2023,3,2023-T3,Stable,76.1,21.4,2.4,76.1,Stable,True
z_40.5_10.5,2023,4,2023-T4,Stable,76.2,22.3,1.5,76.2,Stable,True
z_40.5_10.5,2024,1,2024-T1,Stable,71.5,27.1,1.3,71.5,Stable,True
z_40.5_10.5,2024,2,2024-T2,Stable,82.1,17.3,0.6,82.1,Stable,True
z_40.5_10.5,2024,3,2024-T3,Stable,74.5,24.4,1.1,74.5,Stable,True
z_40.5_10.5,2024,4,2024-T4,Stable,76.0,22.7,1.3,76.0,Stable,True
z_40.5_10.5,2025,1,2025-T1,Stable,76.2,22.7,1.1,76.2,Stable,True
z_40.5_10.5,2025,2,2025-T2,Stable,82.1,17.3,0.6,82.1,Stable,True
z_40.5_10.5,2025,3,2025-T3,Stable,75.1,22.8,2.1,75.1,Stable,True
z_40.5_10.5,2025,4,2025-T4,Stable,80.4,18.6,1.0,80.4,Stable,True
z_40.5_12.0,2023,1,2023-T1,Stable,79.1,19.4,1.5,79.1,Stable,True
z_40.5_12.0,2023,2,2023-T2,Stable,76.4,22.4,1.2,76.4,Stable,True
z_40.5_12.0,2023,3,2023-T3,Stable,66.0,29.0,5.0,66.0,Stable,True
z_40.5_12.0,2023,4,2023-T4,Stable,70.8,26.6,2.6,70.8,Stable,True
z_40.5_12.0,2024,1,2024-T1,Stable,77.0,21.4,1.7,77.0,Stable,True
z_40.5_12.0,2024,2,2024-T2,Stable,82.2,16.8,1.0,82.2,Stable,True
z_40.5_12.0,2024,3,2024-T3,Stable,81.8,17.3,0.9,81.8,Stable,True
z_40.5_12.0,2024,4,2024-T4,Stable,81.0,17.6,1.4,81.0,Augmentation,False
z_40.5_12.0,2025,1,2025-T1,Stable,65.7,31.5,2.8,65.7,Stable,True
z_40.5_12.0,2025,2,2025-T2,Stable,67.7,27.1,5.3,67.7,Stable,True
z_40.5_12.0,2025,3,2025-T3,Stable,72.1,25.7,2.1,72.1,Stable,True
z_40.5_12.0,2025,4,2025-T4,Stable,73.4,24.8,1.8,73.4,Stable,True
z_40.5_13.5,2023,1,2023-T1,Stable,47.0,39.5,13.5,47.0,Diminution,False
z_40.5_13.5,2023,2,2023-T2,Stable,52.2,36.9,10.8,52.2,Augmentation,False
z_40.5_13.5,2023,3,2023-T3,Augmentation,47.8,47.8,14.1,38.0,Diminution,False
z_40.5_13.5,2023,4,2023-T4,Stable,38.4,37.3,24.4,38.4,Stable,True
z_40.5_13.5,2024,1,2024-T1,Stable,58.1,32.7,9.2,58.1,Stable,True
z_40.5_13.5,2024,2,2024-T2,Augmentation,45.3,45.3,17.3,37.4,Stable,False
z_40.5_13.5,2024,3,2024-T3,Augmentation,45.1,45.1,27.2,27.7,Augmentation,True
z_40.5_13.5,2024,4,2024-T4,Augmentation,49.7,49.7,21.7,28.5,Stable,False
z_40.5_13.5,2025,1,2025-T1,Augmentation,44.2,44.2,21.4,34.4,Stable,False
z_40.5_13.5,2025,2,2025-T2,Diminution,45.3,31.5,45.3,23.2,Augmentation,False
z_40.5_13.5,2025,3,2025-T3,Augmentation,46.8,46.8,19.5,33.6,Augmentation,True
z_40.5_13.5,2025,4,2025-T4,Augmentation,48.2,48.2,22.9,28.9,Augmentation,True
z_40.5_16.5,2023,1,2023-T1,Stable,64.1,33.7,2.3,64.1,Stable,True
z_40.5_16.5,2023,2,2023-T2,Stable,61.5,37.1,1.4,61.5,Stable,True
z_40.5_16.5,2023,3,2023-T3,Stable,50.5,41.7,7.7,50.5,Diminution,False
z_40.5_16.5,2023,4,2023-T4,Stable,59.9,37.0,3.1,59.9,Diminution,False
z_40.5_16.5,2024,1,2024-T1,Stable,60.5,33.6,5.8,60.5,Stable,True
z_40.5_16.5,2024,2,2024-T2,Stable,70.3,27.1,2.6,70.3,Stable,True
z_40.5_16.5,2024,3,2024-T3,Stable,57.2,34.2,8.7,57.2,Diminution,False
z_40.5_16.5,2024,4,2024-T4,Stable,65.6,30.5,3.9,65.6,Stable,True
z_40.5_16.5,2025,1,2025-T1,Stable,63.4,28.0,8.6,63.4,Stable,True
z_40.5_16.5,2025,2,2025-T2,Stable,70.3,27.1,2.6,70.3,Stable,True
z_40.5_16.5,2025,3,2025-T3,Stable,59.0,33.8,7.1,59.0,Stable,True
z_40.5_16.5,2025,4,2025-T4,Stable,53.8,43.1,3.1,53.8,Diminution,False
z_40.5_18.0,2023,1,2023-T1,Stable,82.0,16.8,1.2,82.0,Stable,True
z_40.5_18.0,2023,2,2023-T2,Stable,84.7,14.7,0.6,84.7,Stable,True
z_40.5_18.0,2023,3,2023-T3,Stable,83.2,16.3,0.5,83.2,Stable,True
z_40.5_18.0,2023,4,2023-T4,Stable,77.5,21.6,1.0,77.5,Diminution,False
z_40.5_18.0,2024,1,2024-T1,Stable,77.1,22.0,0.9,77.1,Stable,True
z_40.5_18.0,2024,2,2024-T2,Stable,81.8,17.2,0.9,81.8,Stable,True
z_40.5_18.0,2024,3,2024-T3,Stable,78.0,21.3,0.7,78.0,Diminution,False
z_40.5_18.0,2024,4,2024-T4,Stable,75.2,24.2,0.6,75.2,Stable,True
z_40.5_18.0,2025,1,2025-T1,Stable,77.7,21.5,0.8,77.7,Stable,True
z_40.5_18.0,2025,2,2025-T2,Stable,76.0,23.0,1.0,76.0,Stable,True
z_40.5_18.0,2025,3,2025-T3,Stable,84.7,14.9,0.4,84.7,Stable,True
z_40.5_18.0,2025,4,2025-T4,Stable,78.6,20.0,1.4,78.6,Diminution,False
z_40.5_22.5,2023,1,2023-T1,Stable,53.8,35.2,11.0,53.8,Stable,True
z_40.5_22.5,2023,2,2023-T2,Augmentation,37.7,37.7,28.1,34.2,Stable,False
z_40.5_22.5,2023,3,2023-T3,Augmentation,38.3,38.3,37.2,24.5,Stable,False
z_40.5_22.5,2023,4,2023-T4,Augmentation,39.6,39.6,27.9,32.5,Stable,False
z_40.5_22.5,2024,1,2024-T1,Diminution,39.6,32.4,39.6,28.0,Diminution,True
z_40.5_22.5,2024,2,2024-T2,Diminution,36.3,31.8,36.3,31.9,Stable,False
z_40.5_22.5,2024,3,2024-T3,Stable,34.8,34.5,30.7,34.8,Stable,True
z_40.5_22.5,2024,4,2024-T4,Stable,35.9,30.0,34.1,35.9,Stable,True
z_40.5_22.5,2025,1,2025-T1,Stable,35.9,32.5,31.6,35.9,Diminution,False
z_40.5_22.5,2025,2,2025-T2,Stable,47.0,37.3,15.7,47.0,Stable,True
z_40.5_22.5,2025,3,2025-T3,Stable,76.9,21.2,2.0,76.9,Stable,True
z_40.5_22.5,2025,4,2025-T4,Stable,70.9,27.8,1.2,70.9,Diminution,False
z_40.5_24.0,2023,1,2023-T1,Diminution,37.9,32.4,37.9,29.7,Stable,False
z_40.5_24.0,2023,2,2023-T2,Augmentation,36.3,36.3,32.3,31.4,Diminution,False
z_40.5_24.0,2023,3,2023-T3,Stable,49.9,24.2,25.9,49.9,Diminution,False
z_40.5_24.0,2023,4,2023-T4,Stable,55.7,37.6,6.7,55.7,Stable,True
z_40.5_24.0,2024,1,2024-T1,Stable,56.3,34.2,9.4,56.3,Augmentation,False
z_40.5_24.0,2024,2,2024-T2,Stable,36.2,30.6,33.3,36.2,Augmentation,False
z_40.5_24.0,2024,3,2024-T3,Augmentation,45.2,45.2,29.3,25.5,Diminution,False
z_40.5_24.0,2024,4,2024-T4,Augmentation,43.4,43.4,19.4,37.3,Augmentation,True
z_40.5_24.0,2025,1,2025-T1,Augmentation,40.8,40.8,29.6,29.6,Augmentation,True
z_40.5_24.0,2025,2,2025-T2,Augmentation,39.1,39.1,33.3,27.6,Augmentation,True
z_40.5_24.0,2025,3,2025-T3,Augmentation,47.3,47.3,29.0,23.7,Diminution,False
z_40.5_24.0,2025,4,2025-T4,Augmentation,43.1,43.1,31.2,25.7,Stable,False
z_40.5_25.5,2023,1,2023-T1,Stable,59.1,31.7,9.2,59.1,Diminution,False
z_40.5_25.5,2023,2,2023-T2,Stable,66.5,30.5,3.1,66.5,Stable,True
z_40.5_25.5,2023,3,2023-T3,Stable,70.9,25.3,3.7,70.9,Stable,True
z_40.5_25.5,2023,4,2023-T4,Stable,68.9,28.0,3.2,68.9,Stable,True
z_40.5_25.5,2024,1,2024-T1,Stable,65.4,26.9,7.7,65.4,Diminution,False
z_40.5_25.5,2024,2,2024-T2,Stable,72.8,23.4,3.8,72.8,Stable,True
z_40.5_25.5,2024,3,2024-T3,Stable,63.1,31.0,5.9,63.1,Diminution,False
z_40.5_25.5,2024,4,2024-T4,Stable,66.1,27.0,6.9,66.1,Stable,True
z_40.5_25.5,2025,1,2025-T1,Stable,75.2,21.1,3.7,75.2,Stable,True
z_40.5_25.5,2025,2,2025-T2,Stable,76.1,21.8,2.2,76.1,Stable,True
z_40.5_25.5,2025,3,2025-T3,Stable,72.9,23.0,4.2,72.9,Diminution,False
z_40.5_25.5,2025,4,2025-T4,Stable,77.2,21.0,1.8,77.2,Stable,True
z_40.5_27.0,2023,1,2023-T1,Stable,80.7,19.0,0.3,80.7,Diminution,False
z_40.5_27.0,2023,2,2023-T2,Stable,84.9,14.7,0.4,84.9,Diminution,False
z_40.5_27.0,2023,3,2023-T3,Stable,84.6,15.3,0.1,84.6,Diminution,False
z_40.5_27.0,2023,4,2023-T4,Stable,83.2,16.5,0.3,83.2,Diminution,False
z_40.5_27.0,2024,1,2024-T1,Stable,82.8,17.0,0.1,82.8,Diminution,False
z_40.5_27.0,2024,2,2024-T2,Stable,84.3,15.5,0.2,84.3,Diminution,False
z_40.5_27.0,2024,3,2024-T3,Stable,84.6,15.3,0.1,84.6,Diminution,False
z_40.5_27.0,2024,4,2024-T4,Stable,84.6,15.0,0.4,84.6,Diminution,False
z_40.5_27.0,2025,1,2025-T1,Stable,82.8,17.0,0.1,82.8,Stable,True
z_40.5_27.0,2025,2,2025-T2,Stable,85.6,14.4,0.1,85.6,Diminution,False
z_40.5_27.0,2025,3,2025-T3,Stable,81.7,18.2,0.1,81.7,Diminution,False
z_40.5_27.0,2025,4,2025-T4,Stable,82.4,17.4,0.2,82.4,Diminution,False
z_40.5_28.5,2023,1,2023-T1,Augmentation,54.5,54.5,5.4,40.1,Stable,False
z_40.5_28.5,2023,2,2023-T2,Augmentation,53.9,53.9,13.4,32.7,Stable,False
z_40.5_28.5,2023,3,2023-T3,Augmentation,60.5,60.5,9.8,29.7,Augmentation,True
z_40.5_28.5,2023,4,2023-T4,Augmentation,47.8,47.8,24.4,27.8,Diminution,False
z_40.5_28.5,2024,1,2024-T1,Augmentation,51.3,51.3,21.8,27.0,Diminution,False
z_40.5_28.5,2024,2,2024-T2,Augmentation,43.7,43.7,16.6,39.7,Stable,False
z_40.5_28.5,2024,3,2024-T3,Stable,47.2,34.4,18.4,47.2,Diminution,False
z_40.5_28.5,2024,4,2024-T4,Stable,48.7,26.6,24.7,48.7,Diminution,False
z_40.5_28.5,2025,1,2025-T1,Stable,60.8,33.2,5.9,60.8,Diminution,False
z_40.5_28.5,2025,2,2025-T2,Stable,63.9,25.0,11.2,63.9,Stable,True
z_40.5_28.5,2025,3,2025-T3,Stable,69.9,24.7,5.4,69.9,Diminution,False
z_40.5_28.5,2025,4,2025-T4,Stable,59.1,35.0,5.9,59.1,Diminution,False
z_40.5_3.0,2023,1,2023-T1,Augmentation,36.2,36.2,32.3,31.5,Stable,False
z_40.5_3.0,2023,2,2023-T2,Diminution,35.9,31.9,35.9,32.3,Stable,False
z_40.5_3.0,2023,3,2023-T3,Diminution,42.8,29.8,42.8,27.4,Stable,False
z_40.5_3.0,2023,4,2023-T4,Augmentation,35.2,35.2,30.9,33.9,Diminution,False
z_40.5_3.0,2024,1,2024-T1,Stable,54.5,28.8,16.7,54.5,Stable,True
z_40.5_3.0,2024,2,2024-T2,Stable,54.7,30.7,14.6,54.7,Stable,True
z_40.5_3.0,2024,3,2024-T3,Stable,67.8,29.8,2.4,67.8,Stable,True
z_40.5_3.0,2024,4,2024-T4,Stable,72.1,26.0,2.0,72.1,Stable,True
z_40.5_3.0,2025,1,2025-T1,Stable,73.7,25.6,0.8,73.7,Stable,True
z_40.5_3.0,2025,2,2025-T2,Stable,69.8,28.7,1.5,69.8,Augmentation,False
z_40.5_3.0,2025,3,2025-T3,Stable,50.2,47.0,2.8,50.2,Stable,True
z_40.5_3.0,2025,4,2025-T4,Stable,52.1,40.7,7.2,52.1,Diminution,False
z_40.5_4.5,2023,1,2023-T1,Stable,76.7,22.7,0.6,76.7,Stable,True
z_40.5_4.5,2023,2,2023-T2,Stable,81.3,18.3,0.4,81.3,Stable,True
z_40.5_4.5,2023,3,2023-T3,Stable,81.5,18.1,0.4,81.5,Stable,True
z_40.5_4.5,2024,1,2024-T1,Stable,81.8,17.8,0.4,81.8,Stable,True
z_40.5_4.5,2024,2,2024-T2,Stable,83.8,15.8,0.4,83.8,Stable,True
z_40.5_4.5,2024,3,2024-T3,Stable,81.5,18.1,0.4,81.5,Stable,True
z_40.5_4.5,2025,1,2025-T1,Stable,76.9,22.8,0.4,76.9,Stable,True
z_40.5_4.5,2025,2,2025-T2,Stable,80.5,19.1,0.5,80.5,Stable,True
z_40.5_4.5,2025,3,2025-T3,Stable,80.9,18.7,0.4,80.9,Stable,True
z_40.5_7.5,2023,1,2023-T1,Stable,80.1,19.4,0.5,80.1,Stable,True
z_40.5_7.5,2023,2,2023-T2,Stable,82.3,17.3,0.3,82.3,Stable,True
z_40.5_7.5,2023,3,2023-T3,Stable,81.4,18.3,0.3,81.4,Stable,True
z_40.5_7.5,2023,4,2023-T4,Stable,77.9,21.8,0.3,77.9,Stable,True
z_40.5_7.5,2024,1,2024-T1,Stable,76.0,23.3,0.7,76.0,Stable,True
z_40.5_7.5,2024,2,2024-T2,Stable,78.7,21.0,0.3,78.7,Stable,True
z_40.5_7.5,2024,3,2024-T3,Stable,71.4,28.1,0.5,71.4,Stable,True
z_40.5_7.5,2024,4,2024-T4,Stable,76.7,22.6,0.7,76.7,Stable,True
z_40.5_7.5,2025,1,2025-T1,Stable,78.4,21.3,0.3,78.4,Stable,True
z_40.5_7.5,2025,2,2025-T2,Stable,66.1,33.0,0.8,66.1,Stable,True
z_40.5_7.5,2025,3,2025-T3,Stable,68.7,30.4,0.9,68.7,Stable,True
z_40.5_7.5,2025,4,2025-T4,Stable,65.2,33.9,0.9,65.2,Stable,True
z_40.5_9.0,2023,1,2023-T1,Stable,54.2,34.3,11.5,54.2,Diminution,False
z_40.5_9.0,2023,2,2023-T2,Stable,58.5,33.3,8.2,58.5,Stable,True
z_40.5_9.0,2023,3,2023-T3,Stable,54.6,38.5,6.9,54.6,Stable,True
z_40.5_9.0,2023,4,2023-T4,Stable,57.6,33.2,9.2,57.6,Stable,True
z_40.5_9.0,2024,1,2024-T1,Stable,74.7,22.8,2.5,74.7,Diminution,False
z_40.5_9.0,2024,2,2024-T2,Stable,74.6,21.9,3.5,74.6,Stable,True
z_40.5_9.0,2024,3,2024-T3,Stable,60.4,28.5,11.2,60.4,Diminution,False
z_40.5_9.0,2024,4,2024-T4,Stable,71.3,27.2,1.4,71.3,Stable,True
z_40.5_9.0,2025,1,2025-T1,Stable,60.1,29.4,10.4,60.1,Stable,True
z_40.5_9.0,2025,2,2025-T2,Stable,64.4,26.6,9.0,64.4,Stable,True
z_40.5_9.0,2025,3,2025-T3,Stable,40.8,36.0,23.2,40.8,Stable,True
z_40.5_9.0,2025,4,2025-T4,Stable,42.6,31.2,26.2,42.6,Diminution,False
z_42.0_-10.5,2023,1,2023-T1,Augmentation,42.1,42.1,18.1,39.8,Diminution,False
z_42.0_-10.5,2023,2,2023-T2,Stable,59.2,37.0,3.8,59.2,Stable,True
z_42.0_-10.5,2023,3,2023-T3,Stable,51.6,43.9,4.6,51.6,Augmentation,False
z_42.0_-10.5,2023,4,2023-T4,Augmentation,49.1,49.1,19.6,31.4,Diminution,False
z_42.0_-10.5,2024,1,2024-T1,Augmentation,44.8,44.8,23.5,31.7,Stable,False
z_42.0_-10.5,2024,2,2024-T2,Augmentation,46.5,46.5,22.4,31.1,Stable,False
z_42.0_-10.5,2024,3,2024-T3,Augmentation,42.2,42.2,29.2,28.6,Stable,False
z_42.0_-10.5,2024,4,2024-T4,Augmentation,38.3,38.3,36.1,25.6,Diminution,False
z_42.0_-10.5,2025,1,2025-T1,Augmentation,41.0,41.0,32.5,26.5,Stable,False
z_42.0_-10.5,2025,2,2025-T2,Diminution,39.3,30.0,39.3,30.7,Stable,False
z_42.0_-10.5,2025,3,2025-T3,Diminution,45.0,32.7,45.0,22.3,Stable,False
z_42.0_-10.5,2025,4,2025-T4,Augmentation,40.4,40.4,34.7,24.9,Diminution,False
z_42.0_-3.0,2023,1,2023-T1,Stable,78.7,18.5,2.8,78.7,Stable,True
z_42.0_-3.0,2023,2,2023-T2,Stable,68.8,26.3,5.0,68.8,Diminution,False
z_42.0_-3.0,2023,3,2023-T3,Stable,64.8,29.1,6.1,64.8,Stable,True
z_42.0_-3.0,2023,4,2023-T4,Stable,74.8,23.2,2.0,74.8,Diminution,False
z_42.0_-3.0,2024,1,2024-T1,Stable,73.6,24.4,1.9,73.6,Stable,True
z_42.0_-3.0,2024,2,2024-T2,Stable,74.3,22.3,3.3,74.3,Augmentation,False
z_42.0_-3.0,2024,3,2024-T3,Stable,63.9,34.1,1.9,63.9,Stable,True
z_42.0_-3.0,2024,4,2024-T4,Stable,50.0,41.1,8.8,50.0,Stable,True
z_42.0_-3.0,2025,1,2025-T1,Stable,67.8,28.8,3.5,67.8,Stable,True
z_42.0_-3.0,2025,2,2025-T2,Stable,72.6,23.2,4.2,72.6,Stable,True
z_42.0_-3.0,2025,3,2025-T3,Stable,77.7,20.2,2.0,77.7,Stable,True
z_42.0_-3.0,2025,4,2025-T4,Stable,74.6,22.1,3.3,74.6,Diminution,False
z_42.0_-4.5,2023,1,2023-T1,Stable,80.8,17.5,1.7,80.8,Stable,True
z_42.0_-4.5,2023,2,2023-T2,Stable,72.8,25.3,1.9,72.8,Stable,True
z_42.0_-4.5,2023,3,2023-T3,Stable,61.7,34.2,4.2,61.7,Diminution,False
z_42.0_-4.5,2023,4,2023-T4,Stable,72.7,24.4,2.9,72.7,Stable,True
z_42.0_-4.5,2024,1,2024-T1,Stable,73.8,24.1,2.0,73.8,Stable,True
z_42.0_-4.5,2024,2,2024-T2,Stable,80.7,18.3,1.1,80.7,Augmentation,False
z_42.0_-4.5,2024,3,2024-T3,Stable,81.1,18.0,0.9,81.1,Stable,True
z_42.0_-4.5,2024,4,2024-T4,Stable,72.3,25.5,2.2,72.3,Stable,True
z_42.0_-4.5,2025,1,2025-T1,Stable,68.4,29.6,2.0,68.4,Stable,True
z_42.0_-4.5,2025,2,2025-T2,Stable,70.6,25.2,4.2,70.6,Stable,True
z_42.0_-4.5,2025,3,2025-T3,Stable,74.3,23.3,2.4,74.3,Diminution,False
z_42.0_-4.5,2025,4,2025-T4,Stable,69.7,27.8,2.5,69.7,Stable,True
z_42.0_-6.0,2023,2,2023-T2,Stable,85.9,14.0,0.0,85.9,Stable,True
z_42.0_-6.0,2023,3,2023-T3,Stable,83.6,16.2,0.3,83.6,Stable,True
z_42.0_-6.0,2023,4,2023-T4,Stable,82.1,17.7,0.3,82.1,Diminution,False
z_42.0_-6.0,2024,2,2024-T2,Stable,85.5,14.4,0.1,85.5,Stable,True
z_42.0_-6.0,2024,3,2024-T3,Stable,84.8,15.1,0.1,84.8,Stable,True
z_42.0_-6.0,2024,4,2024-T4,Stable,84.9,15.0,0.1,84.9,Diminution,False
z_42.0_-6.0,2025,2,2025-T2,Stable,87.3,12.6,0.0,87.3,Stable,True
z_42.0_-6.0,2025,3,2025-T3,Stable,84.6,15.3,0.1,84.6,Stable,True
z_42.0_-6.0,2025,4,2025-T4,Stable,83.1,16.7,0.1,83.1,Diminution,False
z_42.0_-9.0,2023,1,2023-T1,Diminution,44.6,26.7,44.6,28.7,Stable,False
z_42.0_-9.0,2023,2,2023-T2,Diminution,43.0,26.8,43.0,30.2,Augmentation,False
z_42.0_-9.0,2023,3,2023-T3,Diminution,41.6,35.3,41.6,23.1,Augmentation,False
z_42.0_-9.0,2023,4,2023-T4,Augmentation,43.3,43.3,30.4,26.3,Diminution,False
z_42.0_-9.0,2024,1,2024-T1,Diminution,36.9,36.6,36.9,26.4,Stable,False
z_42.0_-9.0,2024,2,2024-T2,Augmentation,38.5,38.5,31.5,30.0,Stable,False
z_42.0_-9.0,2024,3,2024-T3,Augmentation,37.0,37.0,35.3,27.7,Augmentation,True
z_42.0_-9.0,2024,4,2024-T4,Augmentation,48.7,48.7,28.1,23.2,Stable,False
z_42.0_-9.0,2025,1,2025-T1,Diminution,37.4,36.5,37.4,26.1,Diminution,True
z_42.0_-9.0,2025,2,2025-T2,Diminution,42.8,35.0,42.8,22.2,Diminution,True
z_42.0_-9.0,2025,3,2025-T3,Diminution,39.5,24.9,39.5,35.6,Diminution,True
z_42.0_-9.0,2025,4,2025-T4,Diminution,39.0,24.3,39.0,36.7,Diminution,True
z_42.0_10.5,2023,1,2023-T1,Stable,70.5,27.0,2.6,70.5,Diminution,False
z_42.0_10.5,2023,2,2023-T2,Stable,75.9,21.8,2.2,75.9,Stable,True
z_42.0_10.5,2023,3,2023-T3,Stable,69.7,26.5,3.8,69.7,Stable,True
z_42.0_10.5,2023,4,2023-T4,Stable,52.6,40.6,6.8,52.6,Stable,True
z_42.0_10.5,2024,1,2024-T1,Stable,46.1,44.2,9.7,46.1,Diminution,False
z_42.0_10.5,2024,2,2024-T2,Augmentation,49.9,49.9,5.4,44.8,Diminution,False
z_42.0_10.5,2024,3,2024-T3,Stable,60.8,35.2,4.0,60.8,Stable,True
z_42.0_10.5,2024,4,2024-T4,Stable,70.1,27.7,2.2,70.1,Diminution,False
z_42.0_10.5,2025,1,2025-T1,Stable,74.6,23.7,1.8,74.6,Diminution,False
z_42.0_10.5,2025,2,2025-T2,Stable,77.1,21.4,1.5,77.1,Augmentation,False
z_42.0_10.5,2025,3,2025-T3,Stable,61.1,36.0,2.9,61.1,Stable,True
z_42.0_10.5,2025,4,2025-T4,Stable,57.2,33.6,9.3,57.2,Diminution,False
z_42.0_13.5,2023,1,2023-T1,Stable,72.3,24.4,3.3,72.3,Stable,True
z_42.0_13.5,2023,2,2023-T2,Stable,71.7,25.4,2.9,71.7,Stable,True
z_42.0_13.5,2023,3,2023-T3,Stable,68.4,28.1,3.5,68.4,Stable,True
z_42.0_13.5,2023,4,2023-T4,Stable,63.0,29.3,7.7,63.0,Stable,True
z_42.0_13.5,2024,1,2024-T1,Stable,65.2,25.2,9.6,65.2,Stable,True
z_42.0_13.5,2024,2,2024-T2,Stable,70.5,25.7,3.8,70.5,Stable,True
z_42.0_13.5,2024,3,2024-T3,Stable,54.8,41.2,4.0,54.8,Stable,True
z_42.0_13.5,2024,4,2024-T4,Stable,47.5,33.4,19.1,47.5,Stable,True
z_42.0_13.5,2025,1,2025-T1,Stable,41.7,36.7,21.6,41.7,Stable,True
z_42.0_13.5,2025,2,2025-T2,Stable,50.0,24.8,25.2,50.0,Stable,True
z_42.0_13.5,2025,3,2025-T3,Stable,53.3,30.5,16.2,53.3,Diminution,False
z_42.0_13.5,2025,4,2025-T4,Stable,78.3,19.1,2.6,78.3,Stable,True
z_42.0_15.0,2023,1,2023-T1,Stable,48.6,45.8,5.7,48.6,Stable,True
z_42.0_15.0,2023,2,2023-T2,Stable,49.9,44.1,6.0,49.9,Stable,True
z_42.0_15.0,2023,3,2023-T3,Augmentation,49.2,49.2,6.7,44.1,Stable,False
z_42.0_15.0,2023,4,2023-T4,Augmentation,50.7,50.7,8.6,40.8,Stable,False
z_42.0_15.0,2024,1,2024-T1,Augmentation,46.9,46.9,17.0,36.1,Stable,False
z_42.0_15.0,2024,2,2024-T2,Augmentation,42.7,42.7,21.0,36.3,Stable,False
z_42.0_15.0,2024,3,2024-T3,Augmentation,52.1,52.1,19.0,28.9,Augmentation,True
z_42.0_15.0,2024,4,2024-T4,Diminution,38.6,37.6,38.6,23.8,Augmentation,False
z_42.0_15.0,2025,1,2025-T1,Augmentation,41.0,41.0,32.7,26.3,Stable,False
z_42.0_15.0,2025,2,2025-T2,Diminution,41.5,36.9,41.5,21.6,Stable,False
z_42.0_15.0,2025,3,2025-T3,Augmentation,39.7,39.7,34.4,25.9,Stable,False
z_42.0_15.0,2025,4,2025-T4,Diminution,40.5,36.2,40.5,23.3,Stable,False
z_42.0_16.5,2023,1,2023-T1,Stable,73.2,24.4,2.4,73.2,Diminution,False
z_42.0_16.5,2023,2,2023-T2,Stable,76.2,20.9,2.9,76.2,Stable,True
z_42.0_16.5,2023,3,2023-T3,Stable,80.7,17.3,2.0,80.7,Stable,True
z_42.0_16.5,2023,4,2023-T4,Stable,71.7,26.3,2.0,71.7,Stable,True
z_42.0_16.5,2024,1,2024-T1,Stable,69.3,25.2,5.5,69.3,Diminution,False
z_42.0_16.5,2024,2,2024-T2,Stable,69.2,27.6,3.2,69.2,Stable,True
z_42.0_16.5,2024,3,2024-T3,Stable,76.6,21.8,1.6,76.6,Stable,True
z_42.0_16.5,2024,4,2024-T4,Stable,73.8,23.6,2.6,73.8,Stable,True
z_42.0_16.5,2025,1,2025-T1,Stable,76.0,22.2,1.8,76.0,Diminution,False
z_42.0_16.5,2025,2,2025-T2,Stable,79.3,19.4,1.3,79.3,Stable,True
z_42.0_16.5,2025,3,2025-T3,Stable,78.1,19.7,2.1,78.1,Stable,True
z_42.0_16.5,2025,4,2025-T4,Stable,79.2,18.8,2.0,79.2,Stable,True
z_42.0_18.0,2023,2,2023-T2,Stable,77.4,22.0,0.6,77.4,Stable,True
z_42.0_18.0,2023,3,2023-T3,Stable,82.5,17.3,0.3,82.5,Stable,True
z_42.0_18.0,2023,4,2023-T4,Stable,82.8,16.9,0.3,82.8,Stable,True
z_42.0_18.0,2024,2,2024-T2,Stable,83.9,15.9,0.1,83.9,Stable,True
z_42.0_18.0,2024,3,2024-T3,Stable,81.3,18.3,0.5,81.3,Stable,True
z_42.0_18.0,2024,4,2024-T4,Stable,82.7,16.9,0.4,82.7,Stable,True
z_42.0_18.0,2025,2,2025-T2,Stable,81.9,17.9,0.2,81.9,Stable,True
z_42.0_18.0,2025,3,2025-T3,Stable,81.5,18.2,0.3,81.5,Stable,True
z_42.0_18.0,2025,4,2025-T4,Stable,82.8,16.9,0.3,82.8,Stable,True
z_42.0_27.0,2023,1,2023-T1,Stable,47.8,47.0,5.2,47.8,Diminution,False
z_42.0_27.0,2023,2,2023-T2,Stable,54.8,38.2,7.0,54.8,Stable,True
z_42.0_27.0,2023,3,2023-T3,Stable,43.2,38.7,18.1,43.2,Stable,True
z_42.0_27.0,2023,4,2023-T4,Stable,57.2,38.0,4.8,57.2,Stable,True
z_42.0_27.0,2024,1,2024-T1,Stable,65.9,30.1,4.0,65.9,Stable,True
z_42.0_27.0,2024,2,2024-T2,Stable,67.0,28.5,4.5,67.0,Stable,True
z_42.0_27.0,2024,3,2024-T3,Stable,73.2,24.6,2.2,73.2,Stable,True
z_42.0_27.0,2024,4,2024-T4,Stable,68.1,26.2,5.7,68.1,Stable,True
z_42.0_27.0,2025,1,2025-T1,Stable,71.5,26.5,2.0,71.5,Diminution,False
z_42.0_27.0,2025,2,2025-T2,Stable,72.9,23.5,3.6,72.9,Stable,True
z_42.0_27.0,2025,3,2025-T3,Stable,71.2,26.4,2.4,71.2,Stable,True
z_42.0_27.0,2025,4,2025-T4,Stable,55.6,37.7,6.7,55.6,Stable,True
z_42.0_28.5,2023,1,2023-T1,Stable,78.9,20.6,0.5,78.9,Stable,True
z_42.0_28.5,2023,3,2023-T3,Stable,78.1,21.3,0.5,78.1,Stable,True
z_42.0_28.5,2024,1,2024-T1,Stable,74.3,25.1,0.6,74.3,Stable,True
z_42.0_28.5,2024,3,2024-T3,Stable,81.2,18.4,0.4,81.2,Stable,True
z_42.0_28.5,2025,1,2025-T1,Stable,82.0,17.6,0.4,82.0,Stable,True
z_42.0_28.5,2025,3,2025-T3,Stable,83.6,16.0,0.4,83.6,Stable,True
z_42.0_3.0,2023,1,2023-T1,Diminution,44.6,31.1,44.6,24.3,Stable,False
z_42.0_3.0,2023,2,2023-T2,Diminution,55.2,25.3,55.2,19.4,Stable,False
z_42.0_3.0,2023,3,2023-T3,Diminution,53.5,26.0,53.5,20.5,Augmentation,False
z_42.0_3.0,2023,4,2023-T4,Augmentation,39.9,39.9,39.4,20.7,Stable,False
z_42.0_3.0,2024,1,2024-T1,Diminution,41.9,36.1,41.9,22.0,Diminution,True
z_42.0_3.0,2024,2,2024-T2,Augmentation,41.7,41.7,33.0,25.3,Augmentation,True
z_42.0_3.0,2024,3,2024-T3,Diminution,43.6,34.0,43.6,22.4,Augmentation,False
z_42.0_3.0,2024,4,2024-T4,Diminution,39.6,36.1,39.6,24.3,Stable,False
z_42.0_3.0,2025,1,2025-T1,Diminution,48.6,26.9,48.6,24.6,Augmentation,False
z_42.0_3.0,2025,2,2025-T2,Diminution,43.9,37.1,43.9,19.0,Diminution,True
z_42.0_3.0,2025,3,2025-T3,Diminution,53.3,28.6,53.3,18.1,Diminution,True
z_42.0_3.0,2025,4,2025-T4,Diminution,53.9,19.4,53.9,26.7,Diminution,True
z_42.0_4.5,2023,1,2023-T1,Diminution,43.0,36.4,43.0,20.6,Stable,False
z_42.0_4.5,2023,2,2023-T2,Stable,40.2,24.2,35.6,40.2,Augmentation,False
z_42.0_4.5,2023,3,2023-T3,Diminution,44.2,25.1,44.2,30.6,Augmentation,False
z_42.0_4.5,2023,4,2023-T4,Diminution,62.2,22.9,62.2,14.9,Stable,False
z_42.0_4.5,2024,1,2024-T1,Diminution,51.1,28.4,51.1,20.5,Diminution,True
z_42.0_4.5,2024,2,2024-T2,Diminution,42.4,36.3,42.4,21.3,Augmentation,False
z_42.0_4.5,2024,3,2024-T3,Diminution,42.4,31.8,42.4,25.7,Stable,False
z_42.0_4.5,2024,4,2024-T4,Diminution,45.9,34.1,45.9,20.0,Stable,False
z_42.0_4.5,2025,1,2025-T1,Diminution,52.9,25.0,52.9,22.1,Diminution,True
z_42.0_4.5,2025,2,2025-T2,Diminution,46.4,21.6,46.4,32.0,Diminution,True
z_42.0_4.5,2025,3,2025-T3,Stable,51.5,29.7,18.8,51.5,Stable,True
z_42.0_4.5,2025,4,2025-T4,Stable,58.0,34.1,8.0,58.0,Stable,True
z_42.0_6.0,2023,1,2023-T1,Stable,79.0,20.5,0.5,79.0,Stable,True
z_42.0_6.0,2023,2,2023-T2,Stable,67.2,24.7,8.1,67.2,Stable,True
z_42.0_6.0,2023,3,2023-T3,Stable,55.4,43.5,1.2,55.4,Stable,True
z_42.0_6.0,2023,4,2023-T4,Stable,71.5,27.5,1.0,71.5,Stable,True
z_42.0_6.0,2024,1,2024-T1,Stable,75.3,23.5,1.2,75.3,Stable,True
z_42.0_6.0,2024,2,2024-T2,Stable,76.9,22.5,0.6,76.9,Stable,True
z_42.0_6.0,2024,3,2024-T3,Stable,78.8,20.5,0.8,78.8,Stable,True
z_42.0_6.0,2024,4,2024-T4,Stable,72.5,26.9,0.6,72.5,Stable,True
z_42.0_6.0,2025,1,2025-T1,Stable,65.3,33.3,1.4,65.3,Stable,True
z_42.0_6.0,2025,2,2025-T2,Stable,76.2,22.5,1.3,76.2,Diminution,False
z_42.0_6.0,2025,3,2025-T3,Stable,75.8,21.4,2.8,75.8,Stable,True
z_42.0_6.0,2025,4,2025-T4,Stable,82.5,16.4,1.1,82.5,Stable,True
z_42.0_7.5,2023,1,2023-T1,Stable,78.5,21.0,0.5,78.5,Stable,True
z_42.0_7.5,2023,2,2023-T2,Stable,77.5,21.6,0.9,77.5,Stable,True
z_42.0_7.5,2023,3,2023-T3,Stable,79.3,20.1,0.6,79.3,Diminution,False
z_42.0_7.5,2023,4,2023-T4,Stable,78.5,20.8,0.7,78.5,Stable,True
z_42.0_7.5,2024,1,2024-T1,Stable,80.0,19.6,0.4,80.0,Stable,True
z_42.0_7.5,2024,2,2024-T2,Stable,82.4,17.2,0.4,82.4,Stable,True
z_42.0_7.5,2024,3,2024-T3,Stable,80.8,18.8,0.4,80.8,Diminution,False
z_42.0_7.5,2024,4,2024-T4,Stable,78.0,21.4,0.6,78.0,Stable,True
z_42.0_7.5,2025,1,2025-T1,Stable,80.0,19.6,0.4,80.0,Stable,True
z_42.0_7.5,2025,2,2025-T2,Stable,82.8,16.7,0.5,82.8,Stable,True
z_42.0_7.5,2025,3,2025-T3,Stable,80.0,18.8,1.1,80.0,Diminution,False
z_42.0_7.5,2025,4,2025-T4,Stable,81.6,18.0,0.4,81.6,Stable,True
z_42.0_9.0,2023,1,2023-T1,Stable,60.8,28.5,10.7,60.8,Augmentation,False
z_42.0_9.0,2023,2,2023-T2,Diminution,34.7,30.7,34.7,34.5,Augmentation,False
z_42.0_9.0,2023,3,2023-T3,Diminution,38.8,34.0,38.8,27.2,Stable,False
z_42.0_9.0,2023,4,2023-T4,Stable,39.2,30.4,30.3,39.2,Diminution,False
z_42.0_9.0,2024,1,2024-T1,Stable,61.2,33.2,5.6,61.2,Stable,True
z_42.0_9.0,2024,2,2024-T2,Stable,43.4,25.3,31.3,43.4,Stable,True
z_42.0_9.0,2024,3,2024-T3,Stable,40.1,30.3,29.6,40.1,Stable,True
z_42.0_9.0,2024,4,2024-T4,Stable,83.3,16.1,0.6,83.3,Diminution,False
z_42.0_9.0,2025,1,2025-T1,Stable,71.8,25.9,2.3,71.8,Stable,True
z_42.0_9.0,2025,2,2025-T2,Stable,72.5,26.3,1.2,72.5,Stable,True
z_42.0_9.0,2025,3,2025-T3,Stable,78.2,20.3,1.5,78.2,Stable,True
z_42.0_9.0,2025,4,2025-T4,Stable,79.3,19.7,1.0,79.3,Augmentation,False
z_43.5_-1.5,2023,1,2023-T1,Stable,75.0,20.1,4.9,75.0,Stable,True
z_43.5_-1.5,2023,2,2023-T2,Stable,78.1,17.4,4.5,78.1,Stable,True
z_43.5_-1.5,2023,3,2023-T3,Stable,77.5,19.6,2.9,77.5,Stable,True
z_43.5_-1.5,2023,4,2023-T4,Stable,73.5,22.8,3.7,73.5,Stable,True
z_43.5_-1.5,2024,1,2024-T1,Stable,73.1,24.3,2.6,73.1,Stable,True
z_43.5_-1.5,2024,2,2024-T2,Stable,69.2,27.7,3.1,69.2,Stable,True
z_43.5_-1.5,2024,3,2024-T3,Stable,70.3,27.1,2.7,70.3,Stable,True
z_43.5_-1.5,2024,4,2024-T4,Stable,61.8,30.3,7.9,61.8,Stable,True
z_43.5_-1.5,2025,1,2025-T1,Stable,66.4,30.0,3.6,66.4,Stable,True
z_43.5_-1.5,2025,2,2025-T2,Stable,70.2,25.9,3.9,70.2,Stable,True
z_43.5_-1.5,2025,3,2025-T3,Stable,73.9,23.3,2.8,73.9,Stable,True
z_43.5_-1.5,2025,4,2025-T4,Stable,67.0,28.4,4.6,67.0,Stable,True
z_43.5_-10.5,2023,1,2023-T1,Stable,81.8,17.9,0.3,81.8,Stable,True
z_43.5_-10.5,2023,2,2023-T2,Stable,81.7,17.7,0.7,81.7,Stable,True
z_43.5_-10.5,2023,3,2023-T3,Stable,81.7,18.0,0.3,81.7,Diminution,False
z_43.5_-10.5,2023,4,2023-T4,Stable,80.7,18.9,0.4,80.7,Stable,True
z_43.5_-10.5,2024,1,2024-T1,Stable,79.3,20.5,0.2,79.3,Stable,True
z_43.5_-10.5,2024,2,2024-T2,Stable,82.5,17.3,0.2,82.5,Stable,True
z_43.5_-10.5,2024,3,2024-T3,Stable,78.2,21.4,0.4,78.2,Diminution,False
z_43.5_-10.5,2024,4,2024-T4,Stable,81.9,17.7,0.4,81.9,Stable,True
z_43.5_-10.5,2025,1,2025-T1,Stable,73.6,26.0,0.4,73.6,Stable,True
z_43.5_-10.5,2025,2,2025-T2,Stable,77.3,22.3,0.4,77.3,Stable,True
z_43.5_-10.5,2025,3,2025-T3,Stable,78.7,20.9,0.4,78.7,Diminution,False
z_43.5_-10.5,2025,4,2025-T4,Stable,79.4,20.0,0.6,79.4,Stable,True
z_43.5_-3.0,2023,1,2023-T1,Stable,78.3,20.5,1.2,78.3,Stable,True
z_43.5_-3.0,2023,2,2023-T2,Stable,68.4,29.6,2.0,68.4,Stable,True
z_43.5_-3.0,2023,3,2023-T3,Stable,63.3,33.5,3.1,63.3,Stable,True
z_43.5_-3.0,2023,4,2023-T4,Stable,77.2,21.4,1.5,77.2,Stable,True
z_43.5_-3.0,2024,1,2024-T1,Stable,69.6,27.9,2.5,69.6,Stable,True
z_43.5_-3.0,2024,2,2024-T2,Stable,74.1,24.6,1.3,74.1,Augmentation,False
z_43.5_-3.0,2024,3,2024-T3,Stable,53.2,43.2,3.6,53.2,Diminution,False
z_43.5_-3.0,2024,4,2024-T4,Stable,59.6,36.2,4.1,59.6,Stable,True
z_43.5_-3.0,2025,1,2025-T1,Stable,69.0,28.7,2.3,69.0,Stable,True
z_43.5_-3.0,2025,2,2025-T2,Stable,67.2,30.7,2.2,67.2,Stable,True
z_43.5_-3.0,2025,3,2025-T3,Stable,57.7,36.9,5.3,57.7,Diminution,False
z_43.5_-3.0,2025,4,2025-T4,Stable,73.8,24.2,2.1,73.8,Stable,True
z_43.5_-4.5,2023,1,2023-T1,Stable,77.1,21.9,1.0,77.1,Stable,True
z_43.5_-4.5,2023,2,2023-T2,Stable,76.1,21.9,2.0,76.1,Diminution,False
z_43.5_-4.5,2023,3,2023-T3,Stable,84.1,15.7,0.2,84.1,Stable,True
z_43.5_-4.5,2023,4,2023-T4,Stable,78.1,21.1,0.9,78.1,Stable,True
z_43.5_-4.5,2024,1,2024-T1,Stable,73.8,25.7,0.6,73.8,Stable,True
z_43.5_-4.5,2024,2,2024-T2,Stable,64.8,32.9,2.3,64.8,Augmentation,False
z_43.5_-4.5,2024,3,2024-T3,Augmentation,49.5,49.5,1.2,49.2,Stable,False
z_43.5_-4.5,2024,4,2024-T4,Stable,62.1,34.8,3.1,62.1,Stable,True
z_43.5_-4.5,2025,1,2025-T1,Stable,73.0,26.1,0.9,73.0,Stable,True
z_43.5_-4.5,2025,2,2025-T2,Stable,75.3,21.8,3.0,75.3,Augmentation,False
z_43.5_-4.5,2025,3,2025-T3,Stable,60.0,39.5,0.5,60.0,Stable,True
z_43.5_-4.5,2025,4,2025-T4,Stable,59.8,35.5,4.7,59.8,Stable,True
z_43.5_-6.0,2023,1,2023-T1,Stable,56.8,38.7,4.5,56.8,Diminution,False
z_43.5_-6.0,2023,2,2023-T2,Stable,63.4,25.6,11.0,63.4,Diminution,False
z_43.5_-6.0,2023,3,2023-T3,Stable,65.0,31.0,3.9,65.0,Stable,True
z_43.5_-6.0,2023,4,2023-T4,Stable,68.3,29.4,2.3,68.3,Diminution,False
z_43.5_-6.0,2024,1,2024-T1,Stable,68.2,28.4,3.5,68.2,Stable,True
z_43.5_-6.0,2024,2,2024-T2,Stable,59.8,34.5,5.7,59.8,Diminution,False
z_43.5_-6.0,2024,3,2024-T3,Stable,53.7,41.4,5.0,53.7,Stable,True
z_43.5_-6.0,2024,4,2024-T4,Stable,67.0,30.8,2.2,67.0,Augmentation,False
z_43.5_-6.0,2025,1,2025-T1,Stable,52.9,42.4,4.7,52.9,Augmentation,False
z_43.5_-6.0,2025,2,2025-T2,Augmentation,47.6,47.6,20.8,31.6,Stable,False
z_43.5_-6.0,2025,3,2025-T3,Augmentation,43.5,43.5,19.2,37.3,Stable,False
z_43.5_-6.0,2025,4,2025-T4,Stable,44.3,36.7,19.1,44.3,Stable,True
z_43.5_-7.5,2023,1,2023-T1,Stable,72.6,24.2,3.2,72.6,Augmentation,False
z_43.5_-7.5,2023,2,2023-T2,Stable,53.2,43.9,3.0,53.2,Stable,True
z_43.5_-7.5,2023,3,2023-T3,Stable,57.2,36.6,6.2,57.2,Stable,True
z_43.5_-7.5,2023,4,2023-T4,Stable,60.4,36.7,2.9,60.4,Stable,True
z_43.5_-7.5,2024,1,2024-T1,Stable,65.9,29.7,4.5,65.9,Stable,True
z_43.5_-7.5,2024,2,2024-T2,Stable,73.7,24.2,2.1,73.7,Augmentation,False
z_43.5_-7.5,2024,3,2024-T3,Stable,55.9,39.9,4.2,55.9,Augmentation,False
z_43.5_-7.5,2024,4,2024-T4,Augmentation,43.9,43.9,19.5,36.5,Stable,False
z_43.5_-7.5,2025,1,2025-T1,Stable,39.6,38.6,21.7,39.6,Stable,True
z_43.5_-7.5,2025,2,2025-T2,Stable,57.6,37.6,4.8,57.6,Stable,True
z_43.5_-7.5,2025,3,2025-T3,Stable,69.0,26.5,4.5,69.0,Stable,True
z_43.5_-7.5,2025,4,2025-T4,Stable,68.6,27.8,3.6,68.6,Stable,True
z_43.5_-9.0,2023,1,2023-T1,Diminution,39.3,35.4,39.3,25.2,Diminution,True
z_43.5_-9.0,2023,2,2023-T2,Augmentation,35.7,35.7,33.7,30.6,Augmentation,True
z_43.5_-9.0,2023,3,2023-T3,Augmentation,36.8,36.8,32.1,31.1,Diminution,False
z_43.5_-9.0,2023,4,2023-T4,Augmentation,40.7,40.7,30.5,28.8,Stable,False
z_43.5_-9.0,2024,1,2024-T1,Diminution,44.5,31.7,44.5,23.8,Diminution,True
z_43.5_-9.0,2024,2,2024-T2,Augmentation,36.8,36.8,32.0,31.2,Augmentation,True
z_43.5_-9.0,2024,3,2024-T3,Diminution,51.5,31.1,51.5,17.4,Diminution,True
z_43.5_-9.0,2024,4,2024-T4,Diminution,48.9,28.7,48.9,22.4,Augmentation,False
z_43.5_-9.0,2025,1,2025-T1,Diminution,48.1,26.7,48.1,25.2,Stable,False
z_43.5_-9.0,2025,2,2025-T2,Diminution,48.5,30.6,48.5,20.9,Stable,False
z_43.5_-9.0,2025,3,2025-T3,Augmentation,41.4,41.4,33.7,25.0,Stable,False
z_43.5_-9.0,2025,4,2025-T4,Diminution,43.4,30.9,43.4,25.6,Stable,False
z_43.5_12.0,2023,1,2023-T1,Augmentation,41.7,41.7,18.6,39.7,Augmentation,True
z_43.5_12.0,2023,2,2023-T2,Augmentation,52.0,52.0,13.9,34.0,Stable,False
z_43.5_12.0,2023,3,2023-T3,Augmentation,49.4,49.4,27.0,23.6,Stable,False
z_43.5_12.0,2023,4,2023-T4,Augmentation,39.4,39.4,29.6,31.0,Stable,False
z_43.5_12.0,2024,1,2024-T1,Diminution,49.7,28.0,49.7,22.3,Stable,False
z_43.5_12.0,2024,2,2024-T2,Diminution,42.0,32.3,42.0,25.7,Augmentation,False
z_43.5_12.0,2024,3,2024-T3,Diminution,44.2,32.6,44.2,23.2,Stable,False
z_43.5_12.0,2024,4,2024-T4,Diminution,48.8,29.6,48.8,21.6,Augmentation,False
z_43.5_12.0,2025,1,2025-T1,Diminution,41.5,39.0,41.5,19.5,Stable,False
z_43.5_12.0,2025,2,2025-T2,Diminution,38.9,35.0,38.9,26.1,Stable,False
z_43.5_12.0,2025,3,2025-T3,Diminution,46.7,31.5,46.7,21.8,Diminution,True
z_43.5_12.0,2025,4,2025-T4,Diminution,50.5,25.5,50.5,24.0,Diminution,True
z_43.5_13.5,2023,1,2023-T1,Stable,56.6,40.4,3.0,56.6,Stable,True
z_43.5_13.5,2023,2,2023-T2,Stable,56.3,38.1,5.6,56.3,Stable,True
z_43.5_13.5,2023,3,2023-T3,Stable,72.9,24.4,2.7,72.9,Stable,True
z_43.5_13.5,2023,4,2023-T4,Stable,70.1,27.9,2.0,70.1,Diminution,False
z_43.5_13.5,2024,1,2024-T1,Stable,63.4,32.5,4.2,63.4,Stable,True
z_43.5_13.5,2024,2,2024-T2,Stable,67.8,28.8,3.4,67.8,Augmentation,False
z_43.5_13.5,2024,3,2024-T3,Stable,69.0,28.4,2.5,69.0,Stable,True
z_43.5_13.5,2024,4,2024-T4,Stable,50.9,41.7,7.4,50.9,Stable,True
z_43.5_13.5,2025,1,2025-T1,Stable,66.5,31.4,2.0,66.5,Stable,True
z_43.5_13.5,2025,2,2025-T2,Stable,62.1,33.1,4.8,62.1,Diminution,False
z_43.5_13.5,2025,3,2025-T3,Stable,61.1,35.2,3.7,61.1,Stable,True
z_43.5_13.5,2025,4,2025-T4,Stable,69.9,27.4,2.7,69.9,Diminution,False
z_43.5_15.0,2023,1,2023-T1,Stable,70.1,25.1,4.8,70.1,Diminution,False
z_43.5_15.0,2023,2,2023-T2,Stable,72.4,23.7,3.9,72.4,Stable,True
z_43.5_15.0,2023,3,2023-T3,Stable,73.4,22.7,4.0,73.4,Stable,True
z_43.5_15.0,2023,4,2023-T4,Stable,68.2,28.6,3.2,68.2,Stable,True
z_43.5_15.0,2024,1,2024-T1,Stable,65.6,25.9,8.5,65.6,Stable,True
z_43.5_15.0,2024,2,2024-T2,Stable,72.7,23.6,3.8,72.7,Stable,True
z_43.5_15.0,2024,3,2024-T3,Stable,69.5,25.7,4.8,69.5,Diminution,False
z_43.5_15.0,2024,4,2024-T4,Stable,74.4,21.8,3.8,74.4,Stable,True
z_43.5_15.0,2025,1,2025-T1,Stable,74.1,22.3,3.7,74.1,Diminution,False
z_43.5_15.0,2025,2,2025-T2,Stable,76.6,20.0,3.5,76.6,Augmentation,False
z_43.5_15.0,2025,3,2025-T3,Stable,64.4,30.4,5.2,64.4,Augmentation,False
z_43.5_15.0,2025,4,2025-T4,Stable,61.6,28.3,10.0,61.6,Stable,True
z_43.5_28.5,2023,1,2023-T1,Stable,74.1,25.2,0.7,74.1,Diminution,False
z_43.5_28.5,2023,2,2023-T2,Stable,85.6,14.4,0.1,85.6,Stable,True
z_43.5_28.5,2023,3,2023-T3,Stable,80.2,19.5,0.3,80.2,Diminution,False
z_43.5_28.5,2023,4,2023-T4,Stable,83.4,16.5,0.1,83.4,Stable,True
z_43.5_28.5,2024,1,2024-T1,Stable,82.5,17.4,0.1,82.5,Diminution,False
z_43.5_28.5,2024,2,2024-T2,Stable,79.9,19.9,0.2,79.9,Diminution,False
z_43.5_28.5,2024,3,2024-T3,Stable,84.0,15.9,0.1,84.0,Diminution,False
z_43.5_28.5,2024,4,2024-T4,Stable,84.9,15.0,0.1,84.9,Stable,True
z_43.5_28.5,2025,1,2025-T1,Stable,81.6,18.1,0.3,81.6,Diminution,False
z_43.5_28.5,2025,2,2025-T2,Stable,85.6,14.4,0.1,85.6,Stable,True
z_43.5_28.5,2025,3,2025-T3,Stable,81.9,17.9,0.2,81.9,Diminution,False
z_43.5_28.5,2025,4,2025-T4,Stable,82.9,17.0,0.1,82.9,Diminution,False
z_43.5_36.0,2023,1,2023-T1,Stable,77.5,21.6,0.9,77.5,Stable,True
z_43.5_36.0,2023,2,2023-T2,Stable,83.1,16.2,0.6,83.1,Stable,True
z_43.5_36.0,2023,4,2023-T4,Stable,81.2,17.9,0.9,81.2,Stable,True
z_43.5_36.0,2024,1,2024-T1,Stable,80.3,18.8,0.9,80.3,Stable,True
z_43.5_36.0,2024,2,2024-T2,Stable,83.9,15.3,0.8,83.9,Stable,True
z_43.5_36.0,2024,4,2024-T4,Stable,80.7,18.6,0.7,80.7,Stable,True
z_43.5_36.0,2025,1,2025-T1,Stable,73.1,26.0,0.9,73.1,Stable,True
z_43.5_36.0,2025,2,2025-T2,Stable,83.1,16.2,0.6,83.1,Stable,True
z_43.5_36.0,2025,4,2025-T4,Stable,81.2,17.9,0.9,81.2,Stable,True
z_43.5_37.5,2023,1,2023-T1,Stable,79.7,18.7,1.6,79.7,Stable,True
z_43.5_37.5,2023,2,2023-T2,Stable,78.2,20.4,1.5,78.2,Stable,True
z_43.5_37.5,2023,4,2023-T4,Stable,79.0,19.7,1.4,79.0,Diminution,False
z_43.5_37.5,2024,1,2024-T1,Stable,78.0,20.0,2.0,78.0,Diminution,False
z_43.5_37.5,2024,2,2024-T2,Stable,81.6,17.3,1.1,81.6,Stable,True
z_43.5_37.5,2024,4,2024-T4,Stable,74.5,23.7,1.8,74.5,Diminution,False
z_43.5_37.5,2025,1,2025-T1,Stable,74.8,23.8,1.4,74.8,Diminution,False
z_43.5_37.5,2025,2,2025-T2,Stable,81.6,17.3,1.1,81.6,Stable,True
z_43.5_37.5,2025,4,2025-T4,Stable,79.3,19.1,1.5,79.3,Diminution,False
z_43.5_6.0,2023,1,2023-T1,Stable,81.9,17.9,0.3,81.9,Stable,True
z_43.5_6.0,2023,2,2023-T2,Stable,83.3,16.3,0.4,83.3,Stable,True
z_43.5_6.0,2023,3,2023-T3,Stable,82.7,16.5,0.8,82.7,Stable,True
z_43.5_6.0,2023,4,2023-T4,Stable,81.6,18.1,0.3,81.6,Diminution,False
z_43.5_6.0,2024,1,2024-T1,Stable,76.6,23.0,0.4,76.6,Stable,True
z_43.5_6.0,2024,2,2024-T2,Stable,82.0,17.5,0.5,82.0,Stable,True
z_43.5_6.0,2024,3,2024-T3,Stable,79.3,20.2,0.5,79.3,Diminution,False
z_43.5_6.0,2024,4,2024-T4,Stable,82.4,17.3,0.3,82.4,Stable,True
z_43.5_6.0,2025,1,2025-T1,Stable,80.9,19.0,0.1,80.9,Stable,True
z_43.5_6.0,2025,2,2025-T2,Stable,79.3,20.3,0.3,79.3,Stable,True
z_43.5_6.0,2025,3,2025-T3,Stable,83.8,15.8,0.4,83.8,Diminution,False
z_43.5_6.0,2025,4,2025-T4,Stable,82.0,17.7,0.3,82.0,Diminution,False
z_43.5_7.5,2023,1,2023-T1,Augmentation,36.9,36.9,34.3,28.8,Augmentation,True
z_43.5_7.5,2023,2,2023-T2,Diminution,42.4,33.8,42.4,23.8,Stable,False
z_43.5_7.5,2023,3,2023-T3,Augmentation,47.8,47.8,27.7,24.5,Stable,False
z_43.5_7.5,2023,4,2023-T4,Augmentation,38.1,38.1,34.1,27.8,Stable,False
z_43.5_7.5,2024,1,2024-T1,Augmentation,39.0,39.0,34.5,26.4,Augmentation,True
z_43.5_7.5,2024,2,2024-T2,Augmentation,43.5,43.5,29.9,26.6,Diminution,False
z_43.5_7.5,2024,3,2024-T3,Augmentation,41.4,41.4,35.7,22.9,Stable,False
z_43.5_7.5,2024,4,2024-T4,Diminution,35.8,35.4,35.8,28.8,Stable,False
z_43.5_7.5,2025,1,2025-T1,Diminution,46.2,30.2,46.2,23.6,Diminution,True
z_43.5_7.5,2025,2,2025-T2,Augmentation,42.7,42.7,31.0,26.3,Stable,False
z_43.5_7.5,2025,3,2025-T3,Augmentation,39.1,39.1,36.2,24.7,Stable,False
z_43.5_7.5,2025,4,2025-T4,Augmentation,39.1,39.1,35.0,25.9,Diminution,False
z_43.5_9.0,2023,1,2023-T1,Stable,50.8,33.7,15.5,50.8,Stable,True
z_43.5_9.0,2023,2,2023-T2,Stable,54.5,35.6,9.9,54.5,Diminution,False
z_43.5_9.0,2023,3,2023-T3,Stable,47.8,42.3,9.9,47.8,Stable,True
z_43.5_9.0,2023,4,2023-T4,Stable,61.4,33.9,4.7,61.4,Stable,True
z_43.5_9.0,2024,1,2024-T1,Stable,53.0,37.6,9.3,53.0,Stable,True
z_43.5_9.0,2024,2,2024-T2,Stable,61.4,31.8,6.8,61.4,Stable,True
z_43.5_9.0,2024,3,2024-T3,Augmentation,50.7,50.7,12.0,37.3,Stable,False
z_43.5_9.0,2024,4,2024-T4,Augmentation,45.8,45.8,27.5,26.7,Stable,False
z_43.5_9.0,2025,1,2025-T1,Diminution,38.1,32.6,38.1,29.2,Stable,False
z_43.5_9.0,2025,2,2025-T2,Stable,48.6,37.4,14.0,48.6,Stable,True
z_43.5_9.0,2025,3,2025-T3,Diminution,40.5,31.3,40.5,28.2,Stable,False
z_43.5_9.0,2025,4,2025-T4,Diminution,42.0,32.8,42.0,25.1,Stable,False
z_45.0_-1.5,2023,1,2023-T1,Diminution,43.2,30.5,43.2,26.3,Augmentation,False
z_45.0_-1.5,2023,2,2023-T2,Diminution,46.4,30.4,46.4,23.2,Stable,False
z_45.0_-1.5,2023,3,2023-T3,Diminution,45.1,35.0,45.1,19.8,Stable,False
z_45.0_-1.5,2023,4,2023-T4,Augmentation,38.1,38.1,32.7,29.2,Stable,False
z_45.0_-1.5,2024,1,2024-T1,Diminution,40.0,31.5,40.0,28.5,Stable,False
z_45.0_-1.5,2024,2,2024-T2,Diminution,48.7,24.4,48.7,26.9,Diminution,True
z_45.0_-1.5,2024,3,2024-T3,Stable,52.1,29.8,18.0,52.1,Stable,True
z_45.0_-1.5,2024,4,2024-T4,Stable,59.3,33.5,7.2,59.3,Stable,True
z_45.0_-1.5,2025,1,2025-T1,Diminution,39.1,29.9,39.1,31.0,Stable,False
z_45.0_-1.5,2025,2,2025-T2,Augmentation,42.3,42.3,24.4,33.3,Diminution,False
z_45.0_-1.5,2025,3,2025-T3,Augmentation,47.8,47.8,10.9,41.3,Stable,False
z_45.0_-1.5,2025,4,2025-T4,Stable,58.9,34.6,6.5,58.9,Stable,True
z_45.0_-3.0,2023,1,2023-T1,Diminution,51.3,31.7,51.3,17.0,Stable,False
z_45.0_-3.0,2023,2,2023-T2,Diminution,50.8,30.5,50.8,18.7,Stable,False
z_45.0_-3.0,2023,3,2023-T3,Diminution,52.3,29.8,52.3,17.9,Augmentation,False
z_45.0_-3.0,2023,4,2023-T4,Diminution,57.0,26.5,57.0,16.5,Stable,False
z_45.0_-3.0,2024,1,2024-T1,Diminution,42.6,34.5,42.6,22.9,Stable,False
z_45.0_-3.0,2024,2,2024-T2,Diminution,57.8,21.3,57.8,20.9,Augmentation,False
z_45.0_-3.0,2024,3,2024-T3,Diminution,53.4,27.0,53.4,19.6,Stable,False
z_45.0_-3.0,2024,4,2024-T4,Diminution,53.1,26.2,53.1,20.8,Stable,False
z_45.0_-3.0,2025,1,2025-T1,Diminution,53.3,25.8,53.3,20.9,Stable,False
z_45.0_-3.0,2025,2,2025-T2,Diminution,51.8,23.5,51.8,24.6,Augmentation,False
z_45.0_-3.0,2025,3,2025-T3,Diminution,61.2,21.2,61.2,17.6,Stable,False
z_45.0_-3.0,2025,4,2025-T4,Diminution,61.7,18.7,61.7,19.6,Stable,False
z_45.0_-4.5,2023,1,2023-T1,Stable,57.8,40.6,1.6,57.8,Stable,True
z_45.0_-4.5,2023,2,2023-T2,Stable,78.1,20.1,1.8,78.1,Stable,True
z_45.0_-4.5,2023,3,2023-T3,Stable,79.5,20.1,0.3,79.5,Stable,True
z_45.0_-4.5,2023,4,2023-T4,Stable,83.8,15.4,0.8,83.8,Diminution,False
z_45.0_-4.5,2024,1,2024-T1,Stable,78.0,21.3,0.8,78.0,Stable,True
z_45.0_-4.5,2024,2,2024-T2,Stable,83.0,16.8,0.2,83.0,Stable,True
z_45.0_-4.5,2024,3,2024-T3,Stable,83.2,16.4,0.4,83.2,Diminution,False
z_45.0_-4.5,2024,4,2024-T4,Stable,85.0,14.8,0.2,85.0,Stable,True
z_45.0_-4.5,2025,1,2025-T1,Stable,75.2,23.9,0.9,75.2,Stable,True
z_45.0_-4.5,2025,2,2025-T2,Stable,83.4,16.3,0.3,83.4,Stable,True
z_45.0_-4.5,2025,3,2025-T3,Stable,82.3,17.6,0.1,82.3,Stable,True
z_45.0_-4.5,2025,4,2025-T4,Stable,74.8,24.7,0.5,74.8,Diminution,False
z_45.0_-6.0,2023,1,2023-T1,Stable,77.4,22.2,0.4,77.4,Stable,True
z_45.0_-6.0,2023,3,2023-T3,Stable,73.7,25.7,0.6,73.7,Stable,True
z_45.0_-6.0,2024,1,2024-T1,Stable,78.5,21.0,0.5,78.5,Stable,True
z_45.0_-6.0,2024,3,2024-T3,Stable,82.7,16.8,0.4,82.7,Stable,True
z_45.0_-6.0,2025,1,2025-T1,Stable,76.7,22.7,0.6,76.7,Stable,True
z_45.0_-6.0,2025,3,2025-T3,Stable,79.8,19.8,0.4,79.8,Stable,True
z_45.0_-7.5,2023,1,2023-T1,Stable,80.3,19.4,0.3,80.3,Stable,True
z_45.0_-7.5,2023,2,2023-T2,Stable,82.2,17.4,0.4,82.2,Stable,True
z_45.0_-7.5,2023,3,2023-T3,Stable,76.8,21.6,1.7,76.8,Diminution,False
z_45.0_-7.5,2023,4,2023-T4,Stable,81.5,18.1,0.4,81.5,Stable,True
z_45.0_-7.5,2024,1,2024-T1,Stable,80.3,19.4,0.3,80.3,Stable,True
z_45.0_-7.5,2024,2,2024-T2,Stable,82.2,17.4,0.4,82.2,Stable,True
z_45.0_-7.5,2024,3,2024-T3,Stable,77.6,21.4,1.0,77.6,Diminution,False
z_45.0_-7.5,2024,4,2024-T4,Stable,81.5,18.1,0.4,81.5,Stable,True
z_45.0_-7.5,2025,1,2025-T1,Stable,80.3,19.4,0.3,80.3,Stable,True
z_45.0_-7.5,2025,2,2025-T2,Stable,82.2,17.4,0.4,82.2,Stable,True
z_45.0_-7.5,2025,3,2025-T3,Stable,81.7,18.1,0.2,81.7,Diminution,False
z_45.0_-7.5,2025,4,2025-T4,Stable,78.3,21.2,0.5,78.3,Stable,True
z_45.0_-9.0,2023,1,2023-T1,Stable,75.1,24.5,0.4,75.1,Stable,True
z_45.0_-9.0,2023,2,2023-T2,Stable,74.3,24.9,0.8,74.3,Stable,True
z_45.0_-9.0,2023,3,2023-T3,Stable,73.5,25.9,0.6,73.5,Stable,True
z_45.0_-9.0,2023,4,2023-T4,Stable,79.3,19.9,0.8,79.3,Stable,True
z_45.0_-9.0,2024,1,2024-T1,Stable,75.3,24.1,0.5,75.3,Stable,True
z_45.0_-9.0,2024,2,2024-T2,Stable,78.1,21.1,0.8,78.1,Stable,True
z_45.0_-9.0,2024,3,2024-T3,Stable,81.7,17.8,0.5,81.7,Stable,True
z_45.0_-9.0,2024,4,2024-T4,Stable,76.5,22.6,0.9,76.5,Diminution,False
z_45.0_-9.0,2025,1,2025-T1,Stable,81.8,17.8,0.4,81.8,Stable,True
z_45.0_-9.0,2025,2,2025-T2,Stable,82.2,17.5,0.3,82.2,Stable,True
z_45.0_-9.0,2025,3,2025-T3,Stable,75.5,24.0,0.5,75.5,Stable,True
z_45.0_-9.0,2025,4,2025-T4,Stable,68.0,31.1,0.9,68.0,Diminution,False
z_45.0_12.0,2023,1,2023-T1,Augmentation,52.1,52.1,21.5,26.4,Stable,False
z_45.0_12.0,2023,2,2023-T2,Augmentation,52.2,52.2,21.2,26.6,Stable,False
z_45.0_12.0,2023,3,2023-T3,Augmentation,42.9,42.9,32.0,25.1,Diminution,False
z_45.0_12.0,2023,4,2023-T4,Augmentation,39.5,39.5,28.4,32.1,Stable,False
z_45.0_12.0,2024,1,2024-T1,Augmentation,39.5,39.5,29.1,31.4,Augmentation,True
z_45.0_12.0,2024,2,2024-T2,Diminution,43.1,34.3,43.1,22.6,Stable,False
z_45.0_12.0,2024,3,2024-T3,Augmentation,43.1,43.1,33.5,23.4,Diminution,False
z_45.0_12.0,2024,4,2024-T4,Diminution,45.3,29.7,45.3,25.0,Stable,False
z_45.0_12.0,2025,1,2025-T1,Diminution,37.6,33.1,37.6,29.4,Stable,False
z_45.0_12.0,2025,2,2025-T2,Diminution,40.0,34.7,40.0,25.2,Stable,False
z_45.0_12.0,2025,3,2025-T3,Augmentation,44.7,44.7,30.4,24.8,Augmentation,True
z_45.0_12.0,2025,4,2025-T4,Augmentation,43.2,43.2,28.3,28.6,Stable,False
z_45.0_13.5,2023,1,2023-T1,Stable,60.4,32.4,7.2,60.4,Stable,True
z_45.0_13.5,2023,2,2023-T2,Stable,69.2,26.2,4.6,69.2,Stable,True
z_45.0_13.5,2023,3,2023-T3,Stable,64.3,30.4,5.3,64.3,Augmentation,False
z_45.0_13.5,2023,4,2023-T4,Stable,47.8,45.2,7.0,47.8,Diminution,False
z_45.0_13.5,2024,1,2024-T1,Stable,52.8,34.7,12.4,52.8,Augmentation,False
z_45.0_13.5,2024,2,2024-T2,Augmentation,51.0,51.0,12.8,36.1,Stable,False
z_45.0_13.5,2024,3,2024-T3,Stable,39.6,34.7,25.7,39.6,Diminution,False
z_45.0_13.5,2024,4,2024-T4,Stable,44.3,39.6,16.2,44.3,Stable,True
z_45.0_13.5,2025,1,2025-T1,Diminution,40.5,26.4,40.5,33.0,Augmentation,False
z_45.0_13.5,2025,2,2025-T2,Diminution,40.1,31.0,40.1,28.8,Augmentation,False
z_45.0_13.5,2025,3,2025-T3,Diminution,39.4,35.3,39.4,25.3,Stable,False
z_45.0_13.5,2025,4,2025-T4,Augmentation,50.6,50.6,21.3,28.1,Diminution,False
z_45.0_28.5,2023,1,2023-T1,Stable,82.8,17.0,0.1,82.8,Diminution,False
z_45.0_28.5,2023,3,2023-T3,Stable,84.2,15.7,0.1,84.2,Augmentation,False
z_45.0_28.5,2024,1,2024-T1,Stable,82.8,17.0,0.1,82.8,Diminution,False
z_45.0_28.5,2024,3,2024-T3,Stable,79.0,20.7,0.2,79.0,Stable,True
z_45.0_28.5,2025,1,2025-T1,Stable,78.6,21.1,0.2,78.6,Diminution,False
z_45.0_28.5,2025,3,2025-T3,Stable,84.2,15.7,0.1,84.2,Stable,True
z_45.0_36.0,2023,1,2023-T1,Stable,83.7,15.8,0.5,83.7,Diminution,False
z_45.0_36.0,2023,3,2023-T3,Stable,83.8,15.9,0.3,83.8,Diminution,False
z_45.0_36.0,2023,4,2023-T4,Stable,80.6,18.9,0.5,80.6,Stable,True
z_45.0_36.0,2024,1,2024-T1,Stable,83.1,16.4,0.5,83.1,Diminution,False
z_45.0_36.0,2024,3,2024-T3,Stable,81.7,17.9,0.4,81.7,Diminution,False
z_45.0_36.0,2024,4,2024-T4,Stable,76.2,23.4,0.4,76.2,Stable,True
z_45.0_36.0,2025,1,2025-T1,Stable,82.2,17.6,0.2,82.2,Diminution,False
z_45.0_36.0,2025,3,2025-T3,Stable,81.7,17.9,0.4,81.7,Diminution,False
z_45.0_36.0,2025,4,2025-T4,Stable,85.8,13.6,0.6,85.8,Stable,True
z_46.5_-10.5,2023,3,2023-T3,Stable,77.4,22.0,0.6,77.4,Stable,True
z_46.5_-10.5,2024,3,2024-T3,Stable,80.9,18.6,0.5,80.9,Stable,True
z_46.5_-10.5,2025,3,2025-T3,Stable,81.7,17.9,0.4,81.7,Stable,True
z_46.5_-3.0,2023,1,2023-T1,Diminution,52.5,33.4,52.5,14.1,Stable,False
z_46.5_-3.0,2023,2,2023-T2,Augmentation,41.9,41.9,39.6,18.5,Augmentation,True
z_46.5_-3.0,2023,3,2023-T3,Augmentation,43.3,43.3,41.9,14.8,Stable,False
z_46.5_-3.0,2023,4,2023-T4,Diminution,49.2,37.2,49.2,13.6,Diminution,True
z_46.5_-3.0,2024,1,2024-T1,Diminution,61.3,24.3,61.3,14.4,Stable,False
z_46.5_-3.0,2024,2,2024-T2,Diminution,51.1,34.1,51.1,14.7,Augmentation,False
z_46.5_-3.0,2024,3,2024-T3,Diminution,46.7,37.6,46.7,15.8,Augmentation,False
z_46.5_-3.0,2024,4,2024-T4,Diminution,47.1,37.1,47.1,15.8,Diminution,True
z_46.5_-3.0,2025,1,2025-T1,Augmentation,42.8,42.8,41.1,16.1,Diminution,False
z_46.5_-3.0,2025,2,2025-T2,Diminution,46.7,36.6,46.7,16.7,Augmentation,False
z_46.5_-3.0,2025,3,2025-T3,Diminution,58.4,27.2,58.4,14.4,Diminution,True
z_46.5_-3.0,2025,4,2025-T4,Diminution,64.3,16.7,64.3,18.9,Diminution,True
z_46.5_-4.5,2023,1,2023-T1,Diminution,56.0,24.4,56.0,19.6,Diminution,True
z_46.5_-4.5,2023,2,2023-T2,Diminution,51.9,27.9,51.9,20.1,Augmentation,False
z_46.5_-4.5,2023,3,2023-T3,Diminution,48.9,29.6,48.9,21.6,Augmentation,False
z_46.5_-4.5,2023,4,2023-T4,Diminution,46.7,32.2,46.7,21.1,Stable,False
z_46.5_-4.5,2024,1,2024-T1,Diminution,48.2,26.8,48.2,25.0,Augmentation,False
z_46.5_-4.5,2024,2,2024-T2,Diminution,36.2,33.5,36.2,30.3,Augmentation,False
z_46.5_-4.5,2024,3,2024-T3,Diminution,47.5,32.9,47.5,19.5,Stable,False
z_46.5_-4.5,2024,4,2024-T4,Diminution,50.2,26.8,50.2,23.1,Diminution,True
z_46.5_-4.5,2025,1,2025-T1,Diminution,49.5,19.0,49.5,31.5,Stable,False
z_46.5_-4.5,2025,2,2025-T2,Diminution,59.2,21.3,59.2,19.5,Augmentation,False
z_46.5_-4.5,2025,3,2025-T3,Diminution,55.0,25.5,55.0,19.4,Augmentation,False
z_46.5_-4.5,2025,4,2025-T4,Augmentation,47.3,47.3,34.6,18.1,Diminution,False
z_46.5_-6.0,2023,1,2023-T1,Diminution,50.7,27.2,50.7,22.2,Stable,False
z_46.5_-6.0,2023,2,2023-T2,Diminution,48.1,27.3,48.1,24.6,Stable,False
z_46.5_-6.0,2023,3,2023-T3,Diminution,40.5,36.2,40.5,23.3,Stable,False
z_46.5_-6.0,2023,4,2023-T4,Augmentation,45.1,45.1,29.5,25.4,Stable,False
z_46.5_-6.0,2024,1,2024-T1,Diminution,42.0,34.2,42.0,23.8,Stable,False
z_46.5_-6.0,2024,2,2024-T2,Augmentation,40.0,40.0,35.2,24.8,Augmentation,True
z_46.5_-6.0,2024,3,2024-T3,Augmentation,39.8,39.8,31.8,28.3,Augmentation,True
z_46.5_-6.0,2024,4,2024-T4,Diminution,45.5,30.7,45.5,23.8,Augmentation,False
z_46.5_-6.0,2025,1,2025-T1,Diminution,38.1,36.2,38.1,25.6,Diminution,True
z_46.5_-6.0,2025,2,2025-T2,Augmentation,36.8,36.8,33.6,29.6,Diminution,False
z_46.5_-6.0,2025,3,2025-T3,Diminution,40.8,26.3,40.8,32.9,Diminution,True
z_46.5_-6.0,2025,4,2025-T4,Diminution,47.5,24.7,47.5,27.8,Diminution,True
z_46.5_-7.5,2023,1,2023-T1,Stable,66.4,30.2,3.5,66.4,Diminution,False
z_46.5_-7.5,2023,2,2023-T2,Stable,73.7,24.6,1.7,73.7,Stable,True
z_46.5_-7.5,2023,3,2023-T3,Stable,73.7,23.8,2.5,73.7,Diminution,False
z_46.5_-7.5,2023,4,2023-T4,Stable,77.8,21.6,0.6,77.8,Stable,True
z_46.5_-7.5,2024,1,2024-T1,Stable,73.0,24.1,2.8,73.0,Diminution,False
z_46.5_-7.5,2024,2,2024-T2,Stable,72.9,24.6,2.5,72.9,Stable,True
z_46.5_-7.5,2024,3,2024-T3,Stable,77.4,20.3,2.2,77.4,Diminution,False
z_46.5_-7.5,2024,4,2024-T4,Stable,85.1,14.6,0.3,85.1,Stable,True
z_46.5_-7.5,2025,1,2025-T1,Stable,74.2,25.2,0.6,74.2,Stable,True
z_46.5_-7.5,2025,2,2025-T2,Stable,81.8,17.8,0.3,81.8,Stable,True
z_46.5_-7.5,2025,3,2025-T3,Stable,68.9,30.2,0.9,68.9,Stable,True
z_46.5_-7.5,2025,4,2025-T4,Stable,76.8,22.6,0.5,76.8,Stable,True
z_48.0_-1.5,2023,1,2023-T1,Diminution,65.0,17.3,65.0,17.6,Augmentation,False
z_48.0_-1.5,2023,2,2023-T2,Diminution,46.3,30.4,46.3,23.3,Stable,False
z_48.0_-1.5,2023,3,2023-T3,Diminution,39.7,37.8,39.7,22.5,Augmentation,False
z_48.0_-1.5,2023,4,2023-T4,Augmentation,41.6,41.6,41.2,17.2,Stable,False
z_48.0_-1.5,2024,1,2024-T1,Diminution,51.9,34.2,51.9,14.0,Stable,False
z_48.0_-1.5,2024,2,2024-T2,Diminution,44.2,38.7,44.2,17.0,Stable,False
z_48.0_-1.5,2024,3,2024-T3,Diminution,41.9,39.4,41.9,18.7,Stable,False
z_48.0_-1.5,2024,4,2024-T4,Diminution,42.5,38.9,42.5,18.6,Diminution,True
z_48.0_-1.5,2025,1,2025-T1,Diminution,60.7,21.4,60.7,17.9,Diminution,True
z_48.0_-1.5,2025,2,2025-T2,Diminution,59.8,21.4,59.8,18.9,Stable,False
z_48.0_-1.5,2025,3,2025-T3,Diminution,53.8,28.5,53.8,17.7,Stable,False
z_48.0_-1.5,2025,4,2025-T4,Diminution,53.9,26.7,53.9,19.4,Stable,False
z_48.0_-10.5,2023,1,2023-T1,Stable,74.0,23.9,2.1,74.0,Stable,True
z_48.0_-10.5,2023,3,2023-T3,Stable,82.6,16.6,0.8,82.6,Diminution,False
z_48.0_-10.5,2024,1,2024-T1,Stable,81.6,17.7,0.7,81.6,Stable,True
z_48.0_-10.5,2024,3,2024-T3,Stable,75.5,23.6,0.8,75.5,Diminution,False
z_48.0_-10.5,2025,1,2025-T1,Stable,80.7,18.8,0.5,80.7,Stable,True
z_48.0_-10.5,2025,3,2025-T3,Stable,81.7,17.9,0.4,81.7,Diminution,False
z_48.0_-12.0,2023,3,2023-T3,Stable,85.4,14.4,0.2,85.4,Stable,True
z_48.0_-12.0,2023,4,2023-T4,Stable,84.2,15.3,0.5,84.2,Stable,True
z_48.0_-12.0,2024,3,2024-T3,Stable,86.3,13.3,0.3,86.3,Stable,True
z_48.0_-12.0,2024,4,2024-T4,Stable,80.3,19.2,0.5,80.3,Stable,True
z_48.0_-12.0,2025,3,2025-T3,Stable,86.3,13.3,0.3,86.3,Stable,True
z_48.0_-12.0,2025,4,2025-T4,Stable,82.5,17.0,0.5,82.5,Stable,True
z_48.0_-15.0,2023,3,2023-T3,Stable,81.3,18.2,0.4,81.3,Stable,True
z_48.0_-15.0,2024,3,2024-T3,Stable,80.5,19.0,0.5,80.5,Stable,True
z_48.0_-15.0,2025,3,2025-T3,Stable,81.3,18.2,0.4,81.3,Stable,True
z_48.0_-3.0,2023,1,2023-T1,Augmentation,46.2,46.2,24.8,29.0,Stable,False
z_48.0_-3.0,2023,2,2023-T2,Diminution,39.8,37.5,39.8,22.7,Augmentation,False
z_48.0_-3.0,2023,3,2023-T3,Augmentation,53.1,53.1,26.4,20.5,Stable,False
z_48.0_-3.0,2023,4,2023-T4,Diminution,46.0,30.4,46.0,23.7,Stable,False
z_48.0_-3.0,2024,1,2024-T1,Augmentation,38.8,38.8,36.3,24.9,Diminution,False
z_48.0_-3.0,2024,2,2024-T2,Diminution,45.1,24.4,45.1,30.6,Diminution,True
z_48.0_-3.0,2024,3,2024-T3,Stable,46.7,26.8,26.5,46.7,Diminution,False
z_48.0_-3.0,2024,4,2024-T4,Stable,59.3,25.8,14.9,59.3,Stable,True
z_48.0_-3.0,2025,1,2025-T1,Stable,69.8,24.0,6.2,69.8,Diminution,False
z_48.0_-3.0,2025,2,2025-T2,Stable,71.7,22.1,6.3,71.7,Stable,True
z_48.0_-3.0,2025,3,2025-T3,Stable,69.8,28.5,1.7,69.8,Stable,True
z_48.0_-3.0,2025,4,2025-T4,Stable,61.3,33.5,5.1,61.3,Diminution,False
z_48.0_-4.5,2023,1,2023-T1,Augmentation,43.5,43.5,31.9,24.6,Stable,False
z_48.0_-4.5,2023,2,2023-T2,Diminution,45.0,26.4,45.0,28.6,Stable,False
z_48.0_-4.5,2023,3,2023-T3,Diminution,55.1,21.0,55.1,23.9,Augmentation,False
z_48.0_-4.5,2023,4,2023-T4,Diminution,54.6,25.4,54.6,20.1,Diminution,True
z_48.0_-4.5,2024,1,2024-T1,Diminution,53.1,24.7,53.1,22.2,Stable,False
z_48.0_-4.5,2024,2,2024-T2,Stable,36.1,30.1,33.8,36.1,Stable,True
z_48.0_-4.5,2024,3,2024-T3,Diminution,38.7,30.6,38.7,30.8,Stable,False
z_48.0_-4.5,2024,4,2024-T4,Stable,49.0,29.5,21.5,49.0,Diminution,False
z_48.0_-4.5,2025,1,2025-T1,Stable,69.7,26.3,3.9,69.7,Stable,True
z_48.0_-4.5,2025,2,2025-T2,Stable,71.5,22.3,6.1,71.5,Stable,True
z_48.0_-4.5,2025,3,2025-T3,Stable,60.5,30.8,8.7,60.5,Stable,True
z_48.0_-4.5,2025,4,2025-T4,Stable,56.3,34.5,9.2,56.3,Diminution,False
z_48.0_-6.0,2023,1,2023-T1,Diminution,63.9,17.2,63.9,18.9,Diminution,True
z_48.0_-6.0,2023,2,2023-T2,Diminution,59.5,21.0,59.5,19.5,Stable,False
z_48.0_-6.0,2023,3,2023-T3,Diminution,58.7,25.0,58.7,16.3,Augmentation,False
z_48.0_-6.0,2023,4,2023-T4,Diminution,55.9,23.5,55.9,20.6,Diminution,True
z_48.0_-6.0,2024,1,2024-T1,Diminution,56.8,20.5,56.8,22.7,Stable,False
z_48.0_-6.0,2024,2,2024-T2,Diminution,41.2,39.1,41.2,19.8,Augmentation,False
z_48.0_-6.0,2024,3,2024-T3,Augmentation,46.5,46.5,35.4,18.1,Stable,False
z_48.0_-6.0,2024,4,2024-T4,Diminution,51.3,30.0,51.3,18.6,Diminution,True
z_48.0_-6.0,2025,1,2025-T1,Augmentation,41.6,41.6,39.0,19.4,Stable,False
z_48.0_-6.0,2025,2,2025-T2,Diminution,53.6,25.6,53.6,20.8,Augmentation,False
z_48.0_-6.0,2025,3,2025-T3,Diminution,49.0,32.0,49.0,18.9,Stable,False
z_48.0_-6.0,2025,4,2025-T4,Diminution,48.6,32.7,48.6,18.7,Stable,False
z_48.0_-7.5,2023,1,2023-T1,Augmentation,35.6,35.6,32.4,31.9,Augmentation,True
z_48.0_-7.5,2023,2,2023-T2,Augmentation,36.4,36.4,29.3,34.2,Stable,False
z_48.0_-7.5,2023,3,2023-T3,Augmentation,40.7,40.7,34.6,24.7,Stable,False
z_48.0_-7.5,2023,4,2023-T4,Augmentation,47.6,47.6,26.4,26.0,Diminution,False
z_48.0_-7.5,2024,1,2024-T1,Diminution,40.7,34.5,40.7,24.7,Stable,False
z_48.0_-7.5,2024,2,2024-T2,Diminution,44.4,23.8,44.4,31.7,Stable,False
z_48.0_-7.5,2024,3,2024-T3,Diminution,49.6,25.0,49.6,25.4,Stable,False
z_48.0_-7.5,2024,4,2024-T4,Diminution,59.7,18.3,59.7,21.9,Stable,False
z_48.0_-7.5,2025,1,2025-T1,Diminution,46.5,20.5,46.5,33.1,Stable,False
z_48.0_-7.5,2025,2,2025-T2,Stable,50.8,26.9,22.2,50.8,Stable,True
z_48.0_-7.5,2025,3,2025-T3,Stable,51.7,22.0,26.3,51.7,Stable,True
z_48.0_-7.5,2025,4,2025-T4,Stable,59.7,35.4,4.9,59.7,Diminution,False
z_48.0_-9.0,2023,1,2023-T1,Stable,78.1,21.7,0.1,78.1,Stable,True
z_48.0_-9.0,2023,2,2023-T2,Stable,83.1,16.7,0.1,83.1,Stable,True
z_48.0_-9.0,2023,3,2023-T3,Stable,76.6,23.1,0.3,76.6,Stable,True
z_48.0_-9.0,2023,4,2023-T4,Stable,77.3,22.6,0.2,77.3,Stable,True
z_48.0_-9.0,2024,1,2024-T1,Stable,74.5,25.0,0.5,74.5,Stable,True
z_48.0_-9.0,2024,2,2024-T2,Stable,74.3,25.2,0.5,74.3,Stable,True
z_48.0_-9.0,2024,3,2024-T3,Stable,82.1,17.7,0.2,82.1,Stable,True
z_48.0_-9.0,2024,4,2024-T4,Stable,81.1,18.8,0.2,81.1,Stable,True
z_48.0_-9.0,2025,1,2025-T1,Stable,70.4,28.7,0.9,70.4,Augmentation,False
z_48.0_-9.0,2025,2,2025-T2,Stable,55.3,42.2,2.5,55.3,Stable,True
z_48.0_-9.0,2025,3,2025-T3,Stable,65.5,31.3,3.2,65.5,Stable,True
z_48.0_-9.0,2025,4,2025-T4,Stable,75.7,24.1,0.2,75.7,Stable,True
z_49.5_-1.5,2023,1,2023-T1,Diminution,77.9,12.6,77.9,9.4,Diminution,True
z_49.5_-1.5,2023,2,2023-T2,Diminution,79.2,11.0,79.2,9.8,Diminution,True
z_49.5_-1.5,2023,3,2023-T3,Diminution,67.4,18.5,67.4,14.1,Diminution,True
z_49.5_-1.5,2023,4,2023-T4,Diminution,70.2,19.9,70.2,9.9,Diminution,True
z_49.5_-1.5,2024,1,2024-T1,Diminution,43.1,37.3,43.1,19.6,Diminution,True
z_49.5_-1.5,2024,2,2024-T2,Augmentation,43.7,43.7,42.0,14.3,Diminution,False
z_49.5_-1.5,2024,3,2024-T3,Diminution,44.7,39.8,44.7,15.4,Diminution,True
z_49.5_-1.5,2024,4,2024-T4,Diminution,56.7,27.0,56.7,16.2,Diminution,True
z_49.5_-1.5,2025,1,2025-T1,Diminution,45.9,38.4,45.9,15.7,Diminution,True
z_49.5_-1.5,2025,2,2025-T2,Diminution,51.3,32.6,51.3,16.1,Diminution,True
z_49.5_-1.5,2025,3,2025-T3,Diminution,46.2,39.0,46.2,14.8,Diminution,True
z_49.5_-1.5,2025,4,2025-T4,Diminution,62.7,23.6,62.7,13.7,Diminution,True
z_49.5_-12.0,2023,1,2023-T1,Stable,73.4,23.8,2.9,73.4,Stable,True
z_49.5_-12.0,2023,2,2023-T2,Stable,85.9,13.0,1.1,85.9,Stable,True
z_49.5_-12.0,2023,3,2023-T3,Stable,78.3,20.6,1.1,78.3,Stable,True
z_49.5_-12.0,2023,4,2023-T4,Stable,83.4,15.5,1.0,83.4,Stable,True
z_49.5_-12.0,2024,1,2024-T1,Stable,74.2,23.4,2.4,74.2,Stable,True
z_49.5_-12.0,2024,2,2024-T2,Stable,81.3,17.6,1.1,81.3,Stable,True
z_49.5_-12.0,2024,3,2024-T3,Stable,83.0,16.4,0.5,83.0,Stable,True
z_49.5_-12.0,2024,4,2024-T4,Stable,77.7,21.1,1.2,77.7,Stable,True
z_49.5_-12.0,2025,1,2025-T1,Stable,71.1,26.8,2.1,71.1,Stable,True
z_49.5_-12.0,2025,2,2025-T2,Stable,85.2,14.0,0.7,85.2,Stable,True
z_49.5_-12.0,2025,3,2025-T3,Stable,85.7,13.5,0.8,85.7,Stable,True
z_49.5_-12.0,2025,4,2025-T4,Stable,84.7,14.4,0.9,84.7,Stable,True
z_49.5_-3.0,2023,1,2023-T1,Diminution,70.6,15.4,70.6,14.0,Diminution,True
z_49.5_-3.0,2023,2,2023-T2,Diminution,51.1,31.6,51.1,17.3,Diminution,True
z_49.5_-3.0,2023,3,2023-T3,Diminution,55.6,27.5,55.6,16.9,Diminution,True
z_49.5_-3.0,2023,4,2023-T4,Diminution,56.1,21.7,56.1,22.1,Diminution,True
z_49.5_-3.0,2024,1,2024-T1,Diminution,50.9,19.3,50.9,29.8,Stable,False
z_49.5_-3.0,2024,2,2024-T2,Diminution,52.6,20.4,52.6,27.0,Diminution,True
z_49.5_-3.0,2024,3,2024-T3,Diminution,46.7,30.6,46.7,22.6,Diminution,True
z_49.5_-3.0,2024,4,2024-T4,Diminution,52.6,23.6,52.6,23.7,Diminution,True
z_49.5_-3.0,2025,1,2025-T1,Diminution,50.1,19.7,50.1,30.2,Diminution,True
z_49.5_-3.0,2025,2,2025-T2,Diminution,43.2,22.2,43.2,34.7,Diminution,True
z_49.5_-3.0,2025,3,2025-T3,Diminution,46.9,26.9,46.9,26.2,Diminution,True
z_49.5_-3.0,2025,4,2025-T4,Augmentation,46.0,46.0,28.8,25.2,Diminution,False
z_49.5_-4.5,2023,1,2023-T1,Stable,44.9,37.8,17.3,44.9,Diminution,False
z_49.5_-4.5,2023,2,2023-T2,Stable,56.4,32.4,11.2,56.4,Stable,True
z_49.5_-4.5,2023,3,2023-T3,Stable,51.6,39.3,9.1,51.6,Diminution,False
z_49.5_-4.5,2023,4,2023-T4,Augmentation,48.8,48.8,13.1,38.1,Diminution,False
z_49.5_-4.5,2024,1,2024-T1,Augmentation,49.0,49.0,11.8,39.2,Diminution,False
z_49.5_-4.5,2024,2,2024-T2,Stable,58.1,35.2,6.8,58.1,Diminution,False
z_49.5_-4.5,2024,3,2024-T3,Stable,69.1,28.0,2.9,69.1,Diminution,False
z_49.5_-4.5,2024,4,2024-T4,Stable,73.8,23.4,2.7,73.8,Diminution,False
z_49.5_-4.5,2025,1,2025-T1,Stable,62.1,33.7,4.1,62.1,Diminution,False
z_49.5_-4.5,2025,2,2025-T2,Stable,70.9,24.5,4.6,70.9,Diminution,False
z_49.5_-4.5,2025,3,2025-T3,Stable,75.8,20.2,4.0,75.8,Diminution,False
z_49.5_-4.5,2025,4,2025-T4,Stable,78.4,18.0,3.6,78.4,Diminution,False
z_49.5_-6.0,2023,1,2023-T1,Diminution,44.2,25.4,44.2,30.4,Diminution,True
z_49.5_-6.0,2023,2,2023-T2,Diminution,42.6,27.1,42.6,30.3,Diminution,True
z_49.5_-6.0,2023,3,2023-T3,Diminution,48.2,24.7,48.2,27.1,Diminution,True
z_49.5_-6.0,2023,4,2023-T4,Diminution,38.8,31.1,38.8,30.1,Diminution,True
z_49.5_-6.0,2024,1,2024-T1,Diminution,44.2,27.4,44.2,28.4,Diminution,True
z_49.5_-6.0,2024,2,2024-T2,Stable,37.6,34.9,27.5,37.6,Diminution,False
z_49.5_-6.0,2024,3,2024-T3,Stable,53.4,27.3,19.3,53.4,Diminution,False
z_49.5_-6.0,2024,4,2024-T4,Stable,54.7,34.3,11.0,54.7,Stable,True
z_49.5_-6.0,2025,1,2025-T1,Stable,47.7,43.2,9.1,47.7,Diminution,False
z_49.5_-6.0,2025,2,2025-T2,Stable,47.1,40.5,12.4,47.1,Diminution,False
z_49.5_-6.0,2025,3,2025-T3,Stable,48.8,41.2,10.0,48.8,Diminution,False
z_49.5_-6.0,2025,4,2025-T4,Stable,68.0,27.4,4.6,68.0,Diminution,False
z_49.5_-7.5,2023,1,2023-T1,Stable,68.1,30.0,1.8,68.1,Stable,True
z_49.5_-7.5,2023,2,2023-T2,Stable,71.1,26.1,2.8,71.1,Stable,True
z_49.5_-7.5,2023,3,2023-T3,Stable,68.4,29.0,2.6,68.4,Stable,True
z_49.5_-7.5,2023,4,2023-T4,Stable,67.2,28.5,4.3,67.2,Stable,True
z_49.5_-7.5,2024,1,2024-T1,Stable,71.3,26.8,1.9,71.3,Stable,True
z_49.5_-7.5,2024,2,2024-T2,Stable,73.7,24.5,1.9,73.7,Diminution,False
z_49.5_-7.5,2024,3,2024-T3,Stable,72.9,24.6,2.5,72.9,Stable,True
z_49.5_-7.5,2024,4,2024-T4,Stable,76.9,22.4,0.7,76.9,Stable,True
z_49.5_-7.5,2025,1,2025-T1,Stable,77.1,21.8,1.1,77.1,Stable,True
z_49.5_-7.5,2025,2,2025-T2,Stable,79.4,19.6,1.1,79.4,Diminution,False
z_49.5_-7.5,2025,3,2025-T3,Stable,77.4,21.8,0.8,77.4,Stable,True
z_49.5_-7.5,2025,4,2025-T4,Stable,76.5,23.0,0.5,76.5,Stable,True
z_49.5_-9.0,2023,1,2023-T1,Stable,79.2,20.5,0.3,79.2,Stable,True
z_49.5_-9.0,2023,2,2023-T2,Stable,86.7,13.2,0.1,86.7,Stable,True
z_49.5_-9.0,2023,3,2023-T3,Stable,85.0,14.9,0.2,85.0,Stable,True
z_49.5_-9.0,2023,4,2023-T4,Stable,81.6,18.3,0.2,81.6,Stable,True
z_49.5_-9.0,2024,1,2024-T1,Stable,81.0,18.5,0.5,81.0,Stable,True
z_49.5_-9.0,2024,2,2024-T2,Stable,74.1,25.4,0.4,74.1,Stable,True
z_49.5_-9.0,2024,3,2024-T3,Stable,77.9,21.4,0.7,77.9,Stable,True
z_49.5_-9.0,2024,4,2024-T4,Stable,75.7,24.0,0.3,75.7,Stable,True
z_49.5_-9.0,2025,1,2025-T1,Stable,73.0,26.4,0.6,73.0,Diminution,False
z_49.5_-9.0,2025,2,2025-T2,Stable,82.9,16.8,0.2,82.9,Stable,True
z_49.5_-9.0,2025,3,2025-T3,Stable,78.8,20.9,0.2,78.8,Stable,True
z_49.5_-9.0,2025,4,2025-T4,Stable,80.9,18.8,0.3,80.9,Stable,True
z_49.5_0.0,2023,1,2023-T1,Diminution,55.1,28.8,55.1,16.0,Diminution,True
z_49.5_0.0,2023,2,2023-T2,Diminution,47.6,38.3,47.6,14.1,Diminution,True
z_49.5_0.0,2023,3,2023-T3,Diminution,47.7,40.7,47.7,11.6,Stable,False
z_49.5_0.0,2023,4,2023-T4,Diminution,51.3,33.0,51.3,15.7,Diminution,True
z_49.5_0.0,2024,1,2024-T1,Diminution,57.2,29.0,57.2,13.8,Augmentation,False
z_49.5_0.0,2024,2,2024-T2,Diminution,52.0,30.8,52.0,17.2,Diminution,True
z_49.5_0.0,2024,3,2024-T3,Diminution,49.2,36.1,49.2,14.7,Stable,False
z_49.5_0.0,2024,4,2024-T4,Diminution,46.2,37.2,46.2,16.6,Diminution,True
z_49.5_0.0,2025,1,2025-T1,Diminution,56.9,27.8,56.9,15.3,Stable,False
z_49.5_0.0,2025,2,2025-T2,Diminution,53.9,30.9,53.9,15.2,Diminution,True
z_49.5_0.0,2025,3,2025-T3,Diminution,43.1,41.8,43.1,15.2,Stable,False
z_49.5_0.0,2025,4,2025-T4,Diminution,53.7,31.5,53.7,14.8,Diminution,True
z_51.0_-10.5,2023,1,2023-T1,Augmentation,42.9,42.9,32.9,24.2,Stable,False
z_51.0_-10.5,2023,2,2023-T2,Diminution,54.1,22.5,54.1,23.5,Stable,False
z_51.0_-10.5,2023,3,2023-T3,Diminution,49.6,25.8,49.6,24.6,Stable,False
z_51.0_-10.5,2023,4,2023-T4,Diminution,45.0,29.7,45.0,25.4,Stable,False
z_51.0_-10.5,2024,1,2024-T1,Stable,45.0,32.0,23.0,45.0,Stable,True
z_51.0_-10.5,2024,2,2024-T2,Stable,51.0,30.7,18.3,51.0,Diminution,False
z_51.0_-10.5,2024,3,2024-T3,Stable,72.2,25.0,2.8,72.2,Stable,True
z_51.0_-10.5,2024,4,2024-T4,Stable,60.7,33.2,6.1,60.7,Stable,True
z_51.0_-10.5,2025,1,2025-T1,Augmentation,48.5,48.5,9.0,42.6,Stable,False
z_51.0_-10.5,2025,2,2025-T2,Augmentation,53.9,53.9,9.6,36.6,Diminution,False
z_51.0_-10.5,2025,3,2025-T3,Stable,48.2,45.2,6.6,48.2,Diminution,False
z_51.0_-10.5,2025,4,2025-T4,Stable,71.6,25.8,2.6,71.6,Diminution,False
z_51.0_-12.0,2023,1,2023-T1,Stable,72.0,26.1,1.9,72.0,Stable,True
z_51.0_-12.0,2023,2,2023-T2,Stable,73.6,24.7,1.7,73.6,Stable,True
z_51.0_-12.0,2023,3,2023-T3,Stable,77.6,21.5,0.9,77.6,Diminution,False
z_51.0_-12.0,2023,4,2023-T4,Stable,80.2,18.6,1.2,80.2,Stable,True
z_51.0_-12.0,2024,1,2024-T1,Stable,77.4,21.6,1.0,77.4,Stable,True
z_51.0_-12.0,2024,2,2024-T2,Stable,80.9,18.2,0.9,80.9,Stable,True
z_51.0_-12.0,2024,3,2024-T3,Stable,80.1,19.3,0.7,80.1,Stable,True
z_51.0_-12.0,2024,4,2024-T4,Stable,69.0,28.7,2.3,69.0,Stable,True
z_51.0_-12.0,2025,1,2025-T1,Stable,69.0,29.8,1.1,69.0,Stable,True
z_51.0_-12.0,2025,2,2025-T2,Stable,70.0,28.3,1.7,70.0,Stable,True
z_51.0_-12.0,2025,3,2025-T3,Stable,67.0,31.0,2.0,67.0,Diminution,False
z_51.0_-12.0,2025,4,2025-T4,Stable,61.4,36.1,2.6,61.4,Stable,True
z_51.0_-13.5,2023,1,2023-T1,Stable,84.3,15.6,0.1,84.3,Stable,True
z_51.0_-13.5,2023,4,2023-T4,Stable,86.4,13.5,0.1,86.4,Stable,True
z_51.0_-13.5,2024,1,2024-T1,Stable,84.3,15.6,0.1,84.3,Stable,True
z_51.0_-13.5,2024,4,2024-T4,Stable,87.7,12.2,0.1,87.7,Stable,True
z_51.0_-13.5,2025,1,2025-T1,Stable,84.3,15.6,0.1,84.3,Stable,True
z_51.0_-13.5,2025,4,2025-T4,Stable,83.6,16.2,0.1,83.6,Stable,True
z_51.0_-15.0,2023,1,2023-T1,Stable,85.1,14.8,0.1,85.1,Stable,True
z_51.0_-15.0,2023,2,2023-T2,Stable,86.3,13.5,0.2,86.3,Stable,True
z_51.0_-15.0,2023,3,2023-T3,Stable,84.7,15.2,0.1,84.7,Stable,True
z_51.0_-15.0,2023,4,2023-T4,Stable,86.0,13.9,0.1,86.0,Diminution,False
z_51.0_-15.0,2024,1,2024-T1,Stable,81.7,18.0,0.3,81.7,Stable,True
z_51.0_-15.0,2024,2,2024-T2,Stable,86.7,13.2,0.1,86.7,Stable,True
z_51.0_-15.0,2024,3,2024-T3,Stable,85.0,14.8,0.2,85.0,Stable,True
z_51.0_-15.0,2024,4,2024-T4,Stable,85.7,14.1,0.2,85.7,Diminution,False
z_51.0_-15.0,2025,1,2025-T1,Stable,85.0,14.9,0.1,85.0,Stable,True
z_51.0_-15.0,2025,2,2025-T2,Stable,81.6,18.0,0.4,81.6,Stable,True
z_51.0_-15.0,2025,3,2025-T3,Stable,79.9,19.3,0.7,79.9,Stable,True
z_51.0_-15.0,2025,4,2025-T4,Stable,80.1,19.7,0.2,80.1,Diminution,False
z_51.0_-16.5,2023,1,2023-T1,Stable,81.8,18.1,0.1,81.8,Stable,True
z_51.0_-16.5,2023,3,2023-T3,Stable,80.7,19.1,0.1,80.7,Stable,True
z_51.0_-16.5,2024,1,2024-T1,Stable,82.8,17.1,0.1,82.8,Stable,True
z_51.0_-16.5,2024,3,2024-T3,Stable,86.3,13.7,0.1,86.3,Stable,True
z_51.0_-16.5,2025,1,2025-T1,Stable,84.2,15.6,0.2,84.2,Stable,True
z_51.0_-16.5,2025,3,2025-T3,Stable,84.3,15.6,0.1,84.3,Stable,True
z_51.0_-4.5,2023,1,2023-T1,Stable,55.3,35.1,9.6,55.3,Diminution,False
z_51.0_-4.5,2023,2,2023-T2,Stable,71.6,21.1,7.3,71.6,Diminution,False
z_51.0_-4.5,2023,3,2023-T3,Stable,62.3,31.2,6.4,62.3,Diminution,False
z_51.0_-4.5,2023,4,2023-T4,Stable,74.9,23.9,1.2,74.9,Diminution,False
z_51.0_-4.5,2024,1,2024-T1,Stable,74.5,22.5,3.0,74.5,Diminution,False
z_51.0_-4.5,2024,2,2024-T2,Stable,77.6,21.5,1.0,77.6,Diminution,False
z_51.0_-4.5,2024,3,2024-T3,Stable,70.3,28.4,1.3,70.3,Diminution,False
z_51.0_-4.5,2024,4,2024-T4,Stable,74.9,24.4,0.7,74.9,Diminution,False
z_51.0_-4.5,2025,1,2025-T1,Stable,73.0,26.2,0.8,73.0,Diminution,False
z_51.0_-4.5,2025,2,2025-T2,Stable,81.3,18.3,0.5,81.3,Stable,True
z_51.0_-4.5,2025,3,2025-T3,Stable,74.7,24.5,0.8,74.7,Diminution,False
z_51.0_-4.5,2025,4,2025-T4,Stable,77.2,22.1,0.7,77.2,Diminution,False
z_51.0_-6.0,2023,1,2023-T1,Diminution,45.5,28.8,45.5,25.6,Diminution,True
z_51.0_-6.0,2023,2,2023-T2,Diminution,40.3,29.1,40.3,30.6,Diminution,True
z_51.0_-6.0,2023,3,2023-T3,Augmentation,34.1,34.1,33.1,32.8,Diminution,False
z_51.0_-6.0,2023,4,2023-T4,Stable,45.8,28.7,25.4,45.8,Diminution,False
z_51.0_-6.0,2024,1,2024-T1,Stable,59.8,30.1,10.1,59.8,Diminution,False
z_51.0_-6.0,2024,2,2024-T2,Stable,62.8,26.3,10.8,62.8,Diminution,False
z_51.0_-6.0,2024,3,2024-T3,Stable,64.2,27.8,7.9,64.2,Diminution,False
z_51.0_-6.0,2024,4,2024-T4,Stable,77.3,20.5,2.2,77.3,Stable,True
z_51.0_-6.0,2025,1,2025-T1,Stable,69.9,28.3,1.9,69.9,Diminution,False
z_51.0_-6.0,2025,2,2025-T2,Stable,72.7,25.2,2.0,72.7,Diminution,False
z_51.0_-6.0,2025,3,2025-T3,Stable,77.9,21.0,1.0,77.9,Diminution,False
z_51.0_-6.0,2025,4,2025-T4,Stable,71.9,26.8,1.3,71.9,Diminution,False
z_51.0_-7.5,2023,1,2023-T1,Stable,73.3,24.4,2.4,73.3,Augmentation,False
z_51.0_-7.5,2023,2,2023-T2,Stable,49.8,31.3,19.0,49.8,Stable,True
z_51.0_-7.5,2023,3,2023-T3,Stable,44.1,32.0,23.8,44.1,Augmentation,False
z_51.0_-7.5,2023,4,2023-T4,Diminution,40.8,29.1,40.8,30.1,Augmentation,False
z_51.0_-7.5,2024,1,2024-T1,Diminution,40.8,31.4,40.8,27.8,Stable,False
z_51.0_-7.5,2024,2,2024-T2,Augmentation,41.5,41.5,31.1,27.4,Augmentation,True
z_51.0_-7.5,2024,3,2024-T3,Augmentation,37.9,37.9,31.6,30.5,Augmentation,True
z_51.0_-7.5,2024,4,2024-T4,Diminution,38.2,34.0,38.2,27.9,Stable,False
z_51.0_-7.5,2025,1,2025-T1,Diminution,53.7,25.0,53.7,21.2,Stable,False
z_51.0_-7.5,2025,2,2025-T2,Diminution,41.8,30.0,41.8,28.2,Stable,False
z_51.0_-7.5,2025,3,2025-T3,Diminution,48.5,33.4,48.5,18.1,Stable,False
z_51.0_-7.5,2025,4,2025-T4,Diminution,49.4,29.3,49.4,21.4,Diminution,True
z_51.0_-9.0,2023,1,2023-T1,Stable,52.8,32.2,15.0,52.8,Stable,True
z_51.0_-9.0,2023,2,2023-T2,Stable,55.1,32.0,12.9,55.1,Stable,True
z_51.0_-9.0,2023,3,2023-T3,Stable,75.6,23.4,1.0,75.6,Stable,True
z_51.0_-9.0,2023,4,2023-T4,Stable,56.2,31.5,12.3,56.2,Stable,True
z_51.0_-9.0,2024,1,2024-T1,Stable,68.7,29.2,2.1,68.7,Stable,True
z_51.0_-9.0,2024,2,2024-T2,Stable,70.0,28.4,1.7,70.0,Stable,True
z_51.0_-9.0,2024,3,2024-T3,Stable,74.4,24.9,0.8,74.4,Stable,True
z_51.0_-9.0,2024,4,2024-T4,Stable,72.8,26.1,1.1,72.8,Stable,True
z_51.0_-9.0,2025,1,2025-T1,Stable,71.3,27.6,1.1,71.3,Stable,True
z_51.0_-9.0,2025,2,2025-T2,Stable,67.6,29.8,2.5,67.6,Stable,True
z_51.0_-9.0,2025,3,2025-T3,Stable,70.9,27.6,1.5,70.9,Stable,True
z_51.0_-9.0,2025,4,2025-T4,Stable,74.7,23.8,1.6,74.7,Stable,True
z_51.0_0.0,2023,1,2023-T1,Diminution,72.7,10.0,72.7,17.3,Diminution,True
z_51.0_0.0,2023,2,2023-T2,Diminution,44.1,24.6,44.1,31.3,Diminution,True
z_51.0_0.0,2023,3,2023-T3,Diminution,43.9,27.1,43.9,29.1,Diminution,True
z_51.0_0.0,2023,4,2023-T4,Diminution,42.4,34.2,42.4,23.4,Diminution,True
z_51.0_0.0,2024,1,2024-T1,Diminution,37.1,29.4,37.1,33.5,Diminution,True
z_51.0_0.0,2024,2,2024-T2,Augmentation,39.8,39.8,30.9,29.3,Diminution,False
z_51.0_0.0,2024,3,2024-T3,Augmentation,38.7,38.7,36.9,24.4,Diminution,False
z_51.0_0.0,2024,4,2024-T4,Diminution,44.0,33.6,44.0,22.3,Diminution,True
z_51.0_0.0,2025,1,2025-T1,Diminution,39.0,37.5,39.0,23.5,Diminution,True
z_51.0_0.0,2025,2,2025-T2,Diminution,41.2,34.3,41.2,24.5,Diminution,True
z_51.0_0.0,2025,3,2025-T3,Diminution,57.0,23.8,57.0,19.2,Diminution,True
z_51.0_0.0,2025,4,2025-T4,Diminution,48.6,27.5,48.6,23.9,Diminution,True
z_51.0_1.5,2023,1,2023-T1,Diminution,63.5,28.7,63.5,7.8,Diminution,True
z_51.0_1.5,2023,2,2023-T2,Diminution,46.9,44.1,46.9,9.0,Diminution,True
z_51.0_1.5,2023,3,2023-T3,Diminution,58.1,32.3,58.1,9.6,Diminution,True
z_51.0_1.5,2023,4,2023-T4,Diminution,72.1,18.5,72.1,9.5,Augmentation,False
z_51.0_1.5,2024,1,2024-T1,Diminution,60.5,30.1,60.5,9.4,Diminution,True
z_51.0_1.5,2024,2,2024-T2,Diminution,46.2,43.8,46.2,10.0,Diminution,True
z_51.0_1.5,2024,3,2024-T3,Augmentation,47.9,47.9,38.1,14.0,Augmentation,True
z_51.0_1.5,2024,4,2024-T4,Diminution,47.3,43.9,47.3,8.8,Diminution,True
z_51.0_1.5,2025,1,2025-T1,Diminution,51.3,38.7,51.3,10.0,Diminution,True
z_51.0_1.5,2025,2,2025-T2,Augmentation,45.9,45.9,44.5,9.6,Diminution,False
z_51.0_1.5,2025,3,2025-T3,Augmentation,47.2,47.2,42.1,10.8,Diminution,False
z_51.0_1.5,2025,4,2025-T4,Diminution,58.2,30.5,58.2,11.3,Diminution,True
z_51.0_3.0,2023,1,2023-T1,Augmentation,52.6,52.6,40.5,6.8,Augmentation,True
z_51.0_3.0,2023,2,2023-T2,Augmentation,53.2,53.2,37.6,9.2,Augmentation,True
z_51.0_3.0,2023,3,2023-T3,Augmentation,57.9,57.9,33.7,8.4,Diminution,False
z_51.0_3.0,2023,4,2023-T4,Augmentation,53.5,53.5,41.5,5.0,Augmentation,True
z_51.0_3.0,2024,1,2024-T1,Augmentation,47.2,47.2,45.8,6.9,Stable,False
z_51.0_3.0,2024,2,2024-T2,Augmentation,52.2,52.2,40.6,7.2,Augmentation,True
z_51.0_3.0,2024,3,2024-T3,Augmentation,51.9,51.9,39.8,8.2,Augmentation,True
z_51.0_3.0,2024,4,2024-T4,Diminution,51.5,42.4,51.5,6.2,Stable,False
z_51.0_3.0,2025,1,2025-T1,Augmentation,47.7,47.7,45.7,6.5,Augmentation,True
z_51.0_3.0,2025,2,2025-T2,Augmentation,59.8,59.8,32.7,7.5,Augmentation,True
z_51.0_3.0,2025,3,2025-T3,Diminution,49.8,42.5,49.8,7.7,Diminution,True
z_51.0_3.0,2025,4,2025-T4,Diminution,51.3,41.1,51.3,7.7,Diminution,True
z_52.5_-1.5,2023,1,2023-T1,Diminution,68.9,13.8,68.9,17.3,Diminution,True
z_52.5_-1.5,2023,2,2023-T2,Diminution,48.2,19.3,48.2,32.5,Diminution,True
z_52.5_-1.5,2023,3,2023-T3,Stable,41.0,19.3,39.6,41.0,Diminution,False
z_52.5_-1.5,2023,4,2023-T4,Diminution,38.3,23.5,38.3,38.2,Diminution,True
z_52.5_-1.5,2024,1,2024-T1,Stable,37.6,37.2,25.2,37.6,Diminution,False
z_52.5_-1.5,2024,2,2024-T2,Stable,44.0,42.3,13.6,44.0,Diminution,False
z_52.5_-1.5,2024,3,2024-T3,Augmentation,49.7,49.7,16.4,33.8,Diminution,False
z_52.5_-1.5,2024,4,2024-T4,Stable,46.7,39.8,13.5,46.7,Diminution,False
z_52.5_-1.5,2025,1,2025-T1,Stable,51.0,37.1,11.9,51.0,Diminution,False
z_52.5_-1.5,2025,2,2025-T2,Stable,44.0,37.6,18.4,44.0,Diminution,False
z_52.5_-1.5,2025,3,2025-T3,Augmentation,40.5,40.5,19.1,40.4,Diminution,False
z_52.5_-1.5,2025,4,2025-T4,Stable,56.9,35.4,7.7,56.9,Diminution,False
z_52.5_-10.5,2023,1,2023-T1,Stable,75.8,23.8,0.4,75.8,Stable,True
z_52.5_-10.5,2023,2,2023-T2,Stable,78.6,21.0,0.4,78.6,Stable,True
z_52.5_-10.5,2023,3,2023-T3,Stable,81.6,18.2,0.2,81.6,Stable,True
z_52.5_-10.5,2023,4,2023-T4,Stable,84.8,15.0,0.2,84.8,Stable,True
z_52.5_-10.5,2024,1,2024-T1,Stable,81.9,17.9,0.2,81.9,Stable,True
z_52.5_-10.5,2024,2,2024-T2,Stable,85.7,14.1,0.1,85.7,Stable,True
z_52.5_-10.5,2024,3,2024-T3,Stable,84.5,15.3,0.2,84.5,Stable,True
z_52.5_-10.5,2024,4,2024-T4,Stable,79.5,20.3,0.1,79.5,Stable,True
z_52.5_-10.5,2025,1,2025-T1,Stable,76.2,23.5,0.3,76.2,Stable,True
z_52.5_-10.5,2025,2,2025-T2,Stable,73.1,26.6,0.3,73.1,Stable,True
z_52.5_-10.5,2025,3,2025-T3,Stable,61.5,37.1,1.4,61.5,Stable,True
z_52.5_-10.5,2025,4,2025-T4,Stable,71.3,27.5,1.2,71.3,Stable,True
z_52.5_-12.0,2023,1,2023-T1,Stable,79.5,20.3,0.1,79.5,Stable,True
z_52.5_-12.0,2023,2,2023-T2,Stable,83.2,16.7,0.0,83.2,Stable,True
z_52.5_-12.0,2023,3,2023-T3,Stable,83.8,16.1,0.1,83.8,Stable,True
z_52.5_-12.0,2023,4,2023-T4,Stable,82.8,17.1,0.1,82.8,Diminution,False
z_52.5_-12.0,2024,1,2024-T1,Stable,83.2,16.6,0.2,83.2,Stable,True
z_52.5_-12.0,2024,2,2024-T2,Stable,85.2,14.7,0.1,85.2,Stable,True
z_52.5_-12.0,2024,3,2024-T3,Stable,83.3,16.6,0.1,83.3,Stable,True
z_52.5_-12.0,2024,4,2024-T4,Stable,83.2,16.8,0.1,83.2,Diminution,False
z_52.5_-12.0,2025,1,2025-T1,Stable,77.6,22.3,0.2,77.6,Stable,True
z_52.5_-12.0,2025,2,2025-T2,Stable,84.8,15.2,0.0,84.8,Stable,True
z_52.5_-12.0,2025,3,2025-T3,Stable,83.3,16.6,0.1,83.3,Stable,True
z_52.5_-12.0,2025,4,2025-T4,Stable,81.4,18.4,0.2,81.4,Diminution,False
z_52.5_-13.5,2023,1,2023-T1,Stable,82.3,17.3,0.4,82.3,Stable,True
z_52.5_-13.5,2023,3,2023-T3,Stable,84.4,15.3,0.2,84.4,Diminution,False
z_52.5_-13.5,2023,4,2023-T4,Stable,87.2,12.7,0.1,87.2,Stable,True
z_52.5_-13.5,2024,1,2024-T1,Stable,85.7,14.1,0.1,85.7,Stable,True
z_52.5_-13.5,2024,3,2024-T3,Stable,85.9,13.9,0.2,85.9,Diminution,False
z_52.5_-13.5,2024,4,2024-T4,Stable,85.0,14.8,0.2,85.0,Stable,True
z_52.5_-13.5,2025,1,2025-T1,Stable,82.5,17.3,0.2,82.5,Stable,True
z_52.5_-13.5,2025,3,2025-T3,Stable,84.8,14.9,0.3,84.8,Stable,True
z_52.5_-13.5,2025,4,2025-T4,Stable,83.5,16.3,0.2,83.5,Stable,True
z_52.5_-15.0,2023,1,2023-T1,Stable,80.5,19.3,0.3,80.5,Stable,True
z_52.5_-15.0,2023,2,2023-T2,Stable,84.9,15.1,0.0,84.9,Stable,True
z_52.5_-15.0,2023,4,2023-T4,Stable,83.2,16.7,0.1,83.2,Stable,True
z_52.5_-15.0,2024,1,2024-T1,Stable,83.5,16.3,0.2,83.5,Stable,True
z_52.5_-15.0,2024,2,2024-T2,Stable,84.9,15.1,0.0,84.9,Stable,True
z_52.5_-15.0,2024,4,2024-T4,Stable,84.7,15.1,0.2,84.7,Stable,True
z_52.5_-15.0,2025,1,2025-T1,Stable,80.2,19.6,0.2,80.2,Stable,True
z_52.5_-15.0,2025,2,2025-T2,Stable,85.2,14.7,0.1,85.2,Stable,True
z_52.5_-15.0,2025,4,2025-T4,Stable,79.5,20.2,0.3,79.5,Stable,True
z_52.5_-4.5,2023,1,2023-T1,Diminution,56.1,12.7,56.1,31.2,Diminution,True
z_52.5_-4.5,2023,2,2023-T2,Diminution,42.5,19.8,42.5,37.7,Diminution,True
z_52.5_-4.5,2023,3,2023-T3,Stable,44.4,31.4,24.3,44.4,Diminution,False
z_52.5_-4.5,2023,4,2023-T4,Stable,55.3,33.9,10.8,55.3,Diminution,False
z_52.5_-4.5,2024,1,2024-T1,Stable,51.5,37.3,11.2,51.5,Diminution,False
z_52.5_-4.5,2024,2,2024-T2,Stable,49.2,38.6,12.2,49.2,Diminution,False
z_52.5_-4.5,2024,3,2024-T3,Stable,50.5,41.1,8.4,50.5,Diminution,False
z_52.5_-4.5,2024,4,2024-T4,Stable,65.2,32.5,2.3,65.2,Diminution,False
z_52.5_-4.5,2025,1,2025-T1,Stable,63.6,34.5,1.9,63.6,Diminution,False
z_52.5_-4.5,2025,2,2025-T2,Stable,65.3,31.9,2.8,65.3,Diminution,False
z_52.5_-4.5,2025,3,2025-T3,Stable,68.5,28.8,2.7,68.5,Diminution,False
z_52.5_-4.5,2025,4,2025-T4,Stable,75.0,23.9,1.1,75.0,Diminution,False
z_52.5_-6.0,2023,1,2023-T1,Augmentation,38.4,38.4,36.1,25.6,Stable,False
z_52.5_-6.0,2023,2,2023-T2,Augmentation,44.9,44.9,26.7,28.5,Stable,False
z_52.5_-6.0,2023,3,2023-T3,Augmentation,43.5,43.5,18.2,38.3,Stable,False
z_52.5_-6.0,2023,4,2023-T4,Stable,41.1,38.6,20.3,41.1,Stable,True
z_52.5_-6.0,2024,1,2024-T1,Augmentation,44.7,44.7,16.4,38.9,Stable,False
z_52.5_-6.0,2024,2,2024-T2,Augmentation,40.0,40.0,21.2,38.8,Stable,False
z_52.5_-6.0,2024,3,2024-T3,Diminution,38.5,33.6,38.5,27.8,Augmentation,False
z_52.5_-6.0,2024,4,2024-T4,Augmentation,40.7,40.7,33.6,25.7,Augmentation,True
z_52.5_-6.0,2025,1,2025-T1,Augmentation,47.1,47.1,26.4,26.5,Stable,False
z_52.5_-6.0,2025,2,2025-T2,Augmentation,46.9,46.9,25.6,27.5,Stable,False
z_52.5_-6.0,2025,3,2025-T3,Augmentation,39.0,39.0,33.3,27.8,Diminution,False
z_52.5_-6.0,2025,4,2025-T4,Augmentation,35.7,35.7,31.0,33.3,Diminution,False
z_52.5_-7.5,2023,1,2023-T1,Augmentation,38.6,38.6,34.8,26.5,Stable,False
z_52.5_-7.5,2023,2,2023-T2,Augmentation,38.5,38.5,33.2,28.3,Diminution,False
z_52.5_-7.5,2023,3,2023-T3,Stable,53.1,32.0,14.8,53.1,Diminution,False
z_52.5_-7.5,2023,4,2023-T4,Augmentation,37.7,37.7,34.1,28.3,Stable,False
z_52.5_-7.5,2024,1,2024-T1,Augmentation,39.0,39.0,32.0,28.9,Stable,False
z_52.5_-7.5,2024,2,2024-T2,Stable,49.5,36.9,13.6,49.5,Stable,True
z_52.5_-7.5,2024,3,2024-T3,Diminution,40.0,31.8,40.0,28.3,Diminution,True
z_52.5_-7.5,2024,4,2024-T4,Augmentation,43.2,43.2,32.9,23.9,Stable,False
z_52.5_-7.5,2025,1,2025-T1,Diminution,38.3,36.5,38.3,25.2,Stable,False
z_52.5_-7.5,2025,2,2025-T2,Augmentation,47.7,47.7,28.4,23.9,Diminution,False
z_52.5_-7.5,2025,3,2025-T3,Augmentation,48.6,48.6,27.7,23.7,Stable,False
z_52.5_-7.5,2025,4,2025-T4,Diminution,39.4,31.8,39.4,28.8,Diminution,True
z_52.5_0.0,2023,1,2023-T1,Stable,48.0,47.4,4.6,48.0,Diminution,False
z_52.5_0.0,2023,2,2023-T2,Stable,54.7,40.6,4.8,54.7,Diminution,False
z_52.5_0.0,2023,3,2023-T3,Stable,52.8,44.1,3.1,52.8,Diminution,False
z_52.5_0.0,2023,4,2023-T4,Stable,48.5,47.0,4.5,48.5,Diminution,False
z_52.5_0.0,2024,1,2024-T1,Stable,59.7,36.0,4.3,59.7,Diminution,False
z_52.5_0.0,2024,2,2024-T2,Stable,66.8,28.7,4.5,66.8,Diminution,False
z_52.5_0.0,2024,3,2024-T3,Stable,61.3,35.2,3.5,61.3,Diminution,False
z_52.5_0.0,2024,4,2024-T4,Stable,62.7,32.5,4.8,62.7,Diminution,False
z_52.5_0.0,2025,1,2025-T1,Stable,64.4,32.4,3.2,64.4,Diminution,False
z_52.5_0.0,2025,2,2025-T2,Stable,43.2,37.9,18.9,43.2,Diminution,False
z_52.5_0.0,2025,3,2025-T3,Stable,56.0,39.8,4.2,56.0,Stable,True
z_52.5_0.0,2025,4,2025-T4,Augmentation,59.4,59.4,4.6,36.0,Diminution,False
z_52.5_1.5,2023,1,2023-T1,Stable,76.5,22.6,0.9,76.5,Diminution,False
z_52.5_1.5,2023,2,2023-T2,Stable,74.7,23.0,2.3,74.7,Diminution,False
z_52.5_1.5,2023,3,2023-T3,Stable,67.9,28.1,4.0,67.9,Diminution,False
z_52.5_1.5,2023,4,2023-T4,Stable,79.1,20.5,0.3,79.1,Diminution,False
z_52.5_1.5,2024,1,2024-T1,Stable,73.6,25.9,0.5,73.6,Diminution,False
z_52.5_1.5,2024,2,2024-T2,Stable,83.0,16.4,0.5,83.0,Diminution,False
z_52.5_1.5,2024,3,2024-T3,Stable,73.1,24.9,2.0,73.1,Diminution,False
z_52.5_1.5,2024,4,2024-T4,Stable,80.8,18.8,0.4,80.8,Diminution,False
z_52.5_1.5,2025,1,2025-T1,Stable,78.8,20.8,0.5,78.8,Stable,True
z_52.5_1.5,2025,2,2025-T2,Stable,71.6,27.1,1.3,71.6,Diminution,False
z_52.5_1.5,2025,3,2025-T3,Stable,75.1,23.3,1.6,75.1,Stable,True
z_52.5_1.5,2025,4,2025-T4,Stable,72.3,26.9,0.8,72.3,Diminution,False
z_52.5_13.5,2023,1,2023-T1,Augmentation,43.5,43.5,28.9,27.5,Stable,False
z_52.5_13.5,2023,2,2023-T2,Diminution,46.5,29.9,46.5,23.6,Augmentation,False
z_52.5_13.5,2023,3,2023-T3,Diminution,50.6,29.7,50.6,19.7,Stable,False
z_52.5_13.5,2023,4,2023-T4,Diminution,45.9,33.9,45.9,20.1,Diminution,True
z_52.5_13.5,2024,1,2024-T1,Diminution,44.4,32.9,44.4,22.6,Augmentation,False
z_52.5_13.5,2024,2,2024-T2,Augmentation,47.0,47.0,33.3,19.7,Diminution,False
z_52.5_13.5,2024,3,2024-T3,Augmentation,41.3,41.3,38.0,20.6,Diminution,False
z_52.5_13.5,2024,4,2024-T4,Augmentation,36.2,36.2,30.5,33.4,Diminution,False
z_52.5_13.5,2025,1,2025-T1,Diminution,37.4,26.7,37.4,35.8,Augmentation,False
z_52.5_13.5,2025,2,2025-T2,Diminution,45.4,36.2,45.4,18.4,Stable,False
z_52.5_13.5,2025,3,2025-T3,Diminution,47.7,32.6,47.7,19.8,Diminution,True
z_52.5_13.5,2025,4,2025-T4,Augmentation,36.8,36.8,33.1,30.1,Diminution,False
z_52.5_3.0,2023,1,2023-T1,Stable,60.6,34.3,5.1,60.6,Stable,True
z_52.5_3.0,2023,2,2023-T2,Stable,69.4,28.4,2.2,69.4,Augmentation,False
z_52.5_3.0,2023,3,2023-T3,Augmentation,40.3,40.3,27.1,32.6,Stable,False
z_52.5_3.0,2023,4,2023-T4,Stable,46.4,42.0,11.6,46.4,Stable,True
z_52.5_3.0,2024,1,2024-T1,Stable,65.0,32.4,2.6,65.0,Stable,True
z_52.5_3.0,2024,2,2024-T2,Stable,57.2,32.6,10.2,57.2,Diminution,False
z_52.5_3.0,2024,3,2024-T3,Stable,65.0,24.9,10.1,65.0,Stable,True
z_52.5_3.0,2024,4,2024-T4,Stable,56.4,31.4,12.2,56.4,Stable,True
z_52.5_3.0,2025,1,2025-T1,Stable,64.7,30.1,5.2,64.7,Diminution,False
z_52.5_3.0,2025,2,2025-T2,Stable,73.7,21.7,4.6,73.7,Stable,True
z_52.5_3.0,2025,3,2025-T3,Stable,82.5,16.9,0.5,82.5,Stable,True
z_52.5_3.0,2025,4,2025-T4,Stable,83.1,16.3,0.7,83.1,Stable,True
z_52.5_4.5,2023,1,2023-T1,Diminution,65.0,20.0,65.0,15.1,Augmentation,False
z_52.5_4.5,2023,2,2023-T2,Diminution,50.1,32.8,50.1,17.0,Augmentation,False
z_52.5_4.5,2023,3,2023-T3,Augmentation,42.9,42.9,40.8,16.3,Augmentation,True
z_52.5_4.5,2023,4,2023-T4,Diminution,57.5,29.9,57.5,12.5,Diminution,True
z_52.5_4.5,2024,1,2024-T1,Diminution,58.5,27.3,58.5,14.2,Stable,False
z_52.5_4.5,2024,2,2024-T2,Diminution,47.6,37.1,47.6,15.3,Stable,False
z_52.5_4.5,2024,3,2024-T3,Diminution,57.8,27.3,57.8,14.8,Stable,False
z_52.5_4.5,2024,4,2024-T4,Diminution,65.8,19.4,65.8,14.8,Diminution,True
z_52.5_4.5,2025,1,2025-T1,Diminution,61.3,20.7,61.3,18.0,Augmentation,False
z_52.5_4.5,2025,2,2025-T2,Diminution,49.1,36.8,49.1,14.1,Stable,False
z_52.5_4.5,2025,3,2025-T3,Diminution,56.0,30.3,56.0,13.7,Diminution,True
z_52.5_4.5,2025,4,2025-T4,Diminution,71.8,13.2,71.8,15.0,Diminution,True
z_52.5_6.0,2023,1,2023-T1,Diminution,53.9,29.4,53.9,16.7,Augmentation,False
z_52.5_6.0,2023,2,2023-T2,Diminution,50.1,36.6,50.1,13.2,Stable,False
z_52.5_6.0,2023,3,2023-T3,Augmentation,43.2,43.2,40.2,16.6,Augmentation,True
z_52.5_6.0,2023,4,2023-T4,Diminution,49.5,35.5,49.5,15.1,Augmentation,False
z_52.5_6.0,2024,1,2024-T1,Diminution,48.1,40.1,48.1,11.8,Augmentation,False
z_52.5_6.0,2024,2,2024-T2,Augmentation,44.4,44.4,42.7,12.8,Augmentation,True
z_52.5_6.0,2024,3,2024-T3,Augmentation,52.5,52.5,37.8,9.7,Augmentation,True
z_52.5_6.0,2024,4,2024-T4,Diminution,49.7,38.6,49.7,11.8,Diminution,True
z_52.5_6.0,2025,1,2025-T1,Diminution,47.5,39.7,47.5,12.8,Augmentation,False
z_52.5_6.0,2025,2,2025-T2,Augmentation,47.5,47.5,39.3,13.2,Augmentation,True
z_52.5_6.0,2025,3,2025-T3,Augmentation,45.7,45.7,40.7,13.6,Stable,False
z_52.5_6.0,2025,4,2025-T4,Diminution,43.8,40.0,43.8,16.2,Diminution,True
z_52.5_7.5,2023,1,2023-T1,Diminution,53.0,39.8,53.0,7.2,Stable,False
z_52.5_7.5,2023,2,2023-T2,Diminution,53.3,39.4,53.3,7.3,Diminution,True
z_52.5_7.5,2023,3,2023-T3,Diminution,52.4,39.2,52.4,8.5,Stable,False
z_52.5_7.5,2023,4,2023-T4,Augmentation,45.6,45.6,42.7,11.6,Augmentation,True
z_52.5_7.5,2024,1,2024-T1,Diminution,60.2,32.1,60.2,7.7,Stable,False
z_52.5_7.5,2024,2,2024-T2,Augmentation,51.5,51.5,40.7,7.8,Diminution,False
z_52.5_7.5,2024,3,2024-T3,Augmentation,55.3,55.3,33.7,11.0,Diminution,False
z_52.5_7.5,2024,4,2024-T4,Diminution,50.0,38.5,50.0,11.5,Stable,False
z_52.5_7.5,2025,1,2025-T1,Diminution,59.7,31.4,59.7,8.9,Stable,False
z_52.5_7.5,2025,2,2025-T2,Diminution,62.7,29.7,62.7,7.6,Augmentation,False
z_52.5_7.5,2025,3,2025-T3,Augmentation,53.2,53.2,34.4,12.4,Augmentation,True
z_52.5_7.5,2025,4,2025-T4,Diminution,49.8,43.9,49.8,6.2,Diminution,True
z_52.5_9.0,2023,1,2023-T1,Augmentation,53.0,53.0,39.3,7.7,Augmentation,True
z_52.5_9.0,2023,2,2023-T2,Augmentation,52.3,52.3,41.5,6.2,Diminution,False
z_52.5_9.0,2023,3,2023-T3,Augmentation,49.7,49.7,36.8,13.6,Diminution,False
z_52.5_9.0,2023,4,2023-T4,Diminution,48.8,42.5,48.8,8.6,Augmentation,False
z_52.5_9.0,2024,1,2024-T1,Augmentation,46.7,46.7,46.4,6.9,Diminution,False
z_52.5_9.0,2024,2,2024-T2,Augmentation,44.8,44.8,40.9,14.3,Diminution,False
z_52.5_9.0,2024,3,2024-T3,Augmentation,49.1,49.1,43.9,7.0,Augmentation,True
z_52.5_9.0,2024,4,2024-T4,Augmentation,57.0,57.0,36.5,6.5,Stable,False
z_52.5_9.0,2025,1,2025-T1,Diminution,47.5,42.9,47.5,9.6,Diminution,True
z_52.5_9.0,2025,2,2025-T2,Augmentation,59.1,59.1,35.0,5.9,Diminution,False
z_52.5_9.0,2025,3,2025-T3,Augmentation,62.2,62.2,31.9,5.9,Diminution,False
z_52.5_9.0,2025,4,2025-T4,Diminution,51.6,40.7,51.6,7.7,Diminution,True
z_54.0_-1.5,2023,1,2023-T1,Stable,57.3,36.3,6.4,57.3,Diminution,False
z_54.0_-1.5,2023,2,2023-T2,Stable,56.2,37.7,6.1,56.2,Diminution,False
z_54.0_-1.5,2023,3,2023-T3,Stable,62.2,36.2,1.7,62.2,Diminution,False
z_54.0_-1.5,2023,4,2023-T4,Stable,66.0,32.3,1.8,66.0,Diminution,False
z_54.0_-1.5,2024,1,2024-T1,Stable,59.8,38.3,1.9,59.8,Diminution,False
z_54.0_-1.5,2024,2,2024-T2,Stable,65.6,32.3,2.1,65.6,Diminution,False
z_54.0_-1.5,2024,3,2024-T3,Stable,58.9,37.4,3.7,58.9,Diminution,False
z_54.0_-1.5,2024,4,2024-T4,Stable,60.6,37.1,2.3,60.6,Diminution,False
z_54.0_-1.5,2025,1,2025-T1,Stable,52.2,44.6,3.2,52.2,Diminution,False
z_54.0_-1.5,2025,2,2025-T2,Stable,67.4,30.8,1.9,67.4,Diminution,False
z_54.0_-1.5,2025,3,2025-T3,Stable,74.6,24.2,1.2,74.6,Diminution,False
z_54.0_-1.5,2025,4,2025-T4,Stable,77.9,21.5,0.6,77.9,Diminution,False
z_54.0_-10.5,2023,2,2023-T2,Stable,87.2,12.6,0.2,87.2,Stable,True
z_54.0_-10.5,2023,4,2023-T4,Stable,84.7,15.1,0.2,84.7,Stable,True
z_54.0_-10.5,2024,2,2024-T2,Stable,81.6,18.2,0.2,81.6,Stable,True
z_54.0_-10.5,2024,4,2024-T4,Stable,84.9,14.9,0.2,84.9,Stable,True
z_54.0_-10.5,2025,2,2025-T2,Stable,82.3,17.5,0.2,82.3,Stable,True
z_54.0_-10.5,2025,4,2025-T4,Stable,83.5,16.1,0.4,83.5,Stable,True
z_54.0_-16.5,2023,1,2023-T1,Stable,78.7,20.9,0.5,78.7,Stable,True
z_54.0_-16.5,2024,1,2024-T1,Stable,80.2,19.5,0.3,80.2,Stable,True
z_54.0_-16.5,2025,1,2025-T1,Stable,80.0,19.7,0.3,80.0,Stable,True
z_54.0_-4.5,2023,1,2023-T1,Stable,59.0,35.1,5.9,59.0,Diminution,False
z_54.0_-4.5,2023,2,2023-T2,Stable,77.7,21.6,0.7,77.7,Diminution,False
z_54.0_-4.5,2023,3,2023-T3,Stable,74.3,23.5,2.1,74.3,Diminution,False
z_54.0_-4.5,2023,4,2023-T4,Stable,78.5,20.8,0.7,78.5,Stable,True
z_54.0_-4.5,2024,1,2024-T1,Stable,71.4,27.9,0.8,71.4,Diminution,False
z_54.0_-4.5,2024,2,2024-T2,Stable,70.7,28.0,1.3,70.7,Augmentation,False
z_54.0_-4.5,2024,3,2024-T3,Stable,55.3,42.4,2.3,55.3,Diminution,False
z_54.0_-4.5,2024,4,2024-T4,Stable,66.9,29.4,3.7,66.9,Stable,True
z_54.0_-4.5,2025,1,2025-T1,Stable,76.1,22.8,1.0,76.1,Diminution,False
z_54.0_-4.5,2025,2,2025-T2,Stable,72.3,22.6,5.1,72.3,Stable,True
z_54.0_-4.5,2025,3,2025-T3,Stable,80.7,18.7,0.6,80.7,Diminution,False
z_54.0_-4.5,2025,4,2025-T4,Stable,83.7,15.8,0.5,83.7,Diminution,False
z_54.0_-6.0,2023,1,2023-T1,Stable,55.6,22.9,21.5,55.6,Diminution,False
z_54.0_-6.0,2023,2,2023-T2,Stable,57.9,28.2,13.9,57.9,Diminution,False
z_54.0_-6.0,2023,3,2023-T3,Stable,63.3,29.2,7.6,63.3,Diminution,False
z_54.0_-6.0,2023,4,2023-T4,Stable,67.8,27.5,4.7,67.8,Diminution,False
z_54.0_-6.0,2024,1,2024-T1,Stable,66.8,29.9,3.3,66.8,Diminution,False
z_54.0_-6.0,2024,2,2024-T2,Stable,73.8,24.9,1.3,73.8,Diminution,False
z_54.0_-6.0,2024,3,2024-T3,Stable,72.3,26.7,1.0,72.3,Diminution,False
z_54.0_-6.0,2024,4,2024-T4,Stable,79.0,20.4,0.6,79.0,Diminution,False
z_54.0_-6.0,2025,1,2025-T1,Stable,76.4,22.8,0.9,76.4,Diminution,False
z_54.0_-6.0,2025,2,2025-T2,Stable,84.5,15.4,0.2,84.5,Diminution,False
z_54.0_-6.0,2025,3,2025-T3,Stable,84.2,15.6,0.2,84.2,Diminution,False
z_54.0_-6.0,2025,4,2025-T4,Stable,80.1,19.5,0.3,80.1,Diminution,False
z_54.0_-7.5,2023,1,2023-T1,Stable,84.7,15.0,0.3,84.7,Stable,True
z_54.0_-7.5,2023,2,2023-T2,Stable,81.3,18.5,0.2,81.3,Stable,True
z_54.0_-7.5,2023,3,2023-T3,Stable,81.3,18.4,0.3,81.3,Stable,True
z_54.0_-7.5,2023,4,2023-T4,Stable,81.8,17.9,0.3,81.8,Stable,True
z_54.0_-7.5,2024,1,2024-T1,Stable,81.8,17.8,0.4,81.8,Stable,True
z_54.0_-7.5,2024,2,2024-T2,Stable,82.3,17.5,0.2,82.3,Stable,True
z_54.0_-7.5,2024,3,2024-T3,Stable,83.4,16.5,0.2,83.4,Augmentation,False
z_54.0_-7.5,2024,4,2024-T4,Stable,72.0,27.5,0.6,72.0,Stable,True
z_54.0_-7.5,2025,1,2025-T1,Stable,73.6,24.8,1.6,73.6,Stable,True
z_54.0_-7.5,2025,2,2025-T2,Stable,75.8,23.6,0.5,75.8,Stable,True
z_54.0_-7.5,2025,3,2025-T3,Stable,78.4,21.0,0.5,78.4,Stable,True
z_54.0_-7.5,2025,4,2025-T4,Stable,83.6,16.2,0.2,83.6,Stable,True
z_54.0_-9.0,2023,1,2023-T1,Stable,81.3,18.5,0.2,81.3,Stable,True
z_54.0_-9.0,2023,2,2023-T2,Stable,82.2,17.8,0.1,82.2,Stable,True
z_54.0_-9.0,2023,3,2023-T3,Stable,81.1,18.8,0.2,81.1,Stable,True
z_54.0_-9.0,2023,4,2023-T4,Stable,82.3,17.5,0.2,82.3,Stable,True
z_54.0_-9.0,2024,1,2024-T1,Stable,78.4,21.4,0.2,78.4,Stable,True
z_54.0_-9.0,2024,2,2024-T2,Stable,85.2,14.7,0.1,85.2,Stable,True
z_54.0_-9.0,2024,3,2024-T3,Stable,84.5,15.4,0.1,84.5,Stable,True
z_54.0_-9.0,2024,4,2024-T4,Stable,80.0,19.7,0.2,80.0,Stable,True
z_54.0_-9.0,2025,1,2025-T1,Stable,80.4,19.5,0.1,80.4,Stable,True
z_54.0_-9.0,2025,2,2025-T2,Stable,82.4,17.5,0.1,82.4,Stable,True
z_54.0_-9.0,2025,3,2025-T3,Stable,82.7,17.2,0.1,82.7,Stable,True
z_54.0_-9.0,2025,4,2025-T4,Stable,83.1,16.8,0.1,83.1,Stable,True
z_54.0_0.0,2023,1,2023-T1,Stable,75.1,23.8,1.1,75.1,Stable,True
z_54.0_0.0,2023,2,2023-T2,Stable,81.8,17.9,0.3,81.8,Stable,True
z_54.0_0.0,2023,3,2023-T3,Stable,79.5,19.7,0.7,79.5,Stable,True
z_54.0_0.0,2023,4,2023-T4,Stable,80.2,19.3,0.4,80.2,Stable,True
z_54.0_0.0,2024,1,2024-T1,Stable,80.7,18.4,0.8,80.7,Diminution,False
z_54.0_0.0,2024,2,2024-T2,Stable,87.2,12.7,0.1,87.2,Stable,True
z_54.0_0.0,2024,3,2024-T3,Stable,85.4,14.3,0.3,85.4,Stable,True
z_54.0_0.0,2024,4,2024-T4,Stable,87.5,12.4,0.1,87.5,Stable,True
z_54.0_0.0,2025,1,2025-T1,Stable,79.0,20.2,0.8,79.0,Stable,True
z_54.0_0.0,2025,2,2025-T2,Stable,82.8,16.9,0.3,82.8,Stable,True
z_54.0_0.0,2025,3,2025-T3,Stable,80.3,19.1,0.6,80.3,Stable,True
z_54.0_0.0,2025,4,2025-T4,Stable,81.8,17.7,0.5,81.8,Stable,True
z_54.0_1.5,2023,1,2023-T1,Stable,81.6,18.1,0.4,81.6,Stable,True
z_54.0_1.5,2023,2,2023-T2,Stable,84.2,15.4,0.4,84.2,Stable,True
z_54.0_1.5,2023,3,2023-T3,Stable,83.3,16.6,0.1,83.3,Stable,True
z_54.0_1.5,2023,4,2023-T4,Stable,83.6,16.3,0.1,83.6,Stable,True
z_54.0_1.5,2024,1,2024-T1,Stable,76.9,22.9,0.3,76.9,Stable,True
z_54.0_1.5,2024,2,2024-T2,Stable,80.0,19.6,0.4,80.0,Stable,True
z_54.0_1.5,2024,3,2024-T3,Stable,80.4,19.4,0.2,80.4,Stable,True
z_54.0_1.5,2024,4,2024-T4,Stable,79.5,20.4,0.1,79.5,Stable,True
z_54.0_1.5,2025,1,2025-T1,Stable,82.4,17.5,0.1,82.4,Stable,True
z_54.0_1.5,2025,2,2025-T2,Stable,82.5,17.3,0.1,82.5,Stable,True
z_54.0_1.5,2025,3,2025-T3,Stable,84.0,15.8,0.2,84.0,Stable,True
z_54.0_1.5,2025,4,2025-T4,Stable,85.2,14.6,0.2,85.2,Stable,True
z_54.0_10.5,2023,1,2023-T1,Diminution,47.9,43.2,47.9,8.9,Augmentation,False
z_54.0_10.5,2023,2,2023-T2,Augmentation,53.0,53.0,37.7,9.3,Augmentation,True
z_54.0_10.5,2023,3,2023-T3,Augmentation,55.6,55.6,36.5,7.9,Augmentation,True
z_54.0_10.5,2023,4,2023-T4,Diminution,46.0,44.8,46.0,9.2,Stable,False
z_54.0_10.5,2024,1,2024-T1,Diminution,48.7,40.6,48.7,10.7,Augmentation,False
z_54.0_10.5,2024,2,2024-T2,Augmentation,56.5,56.5,33.4,10.0,Augmentation,True
z_54.0_10.5,2024,3,2024-T3,Augmentation,48.5,48.5,43.4,8.1,Diminution,False
z_54.0_10.5,2024,4,2024-T4,Diminution,44.0,42.6,44.0,13.3,Augmentation,False
z_54.0_10.5,2025,1,2025-T1,Diminution,46.9,42.0,46.9,11.0,Stable,False
z_54.0_10.5,2025,2,2025-T2,Diminution,45.3,45.3,45.3,9.4,Augmentation,False
z_54.0_10.5,2025,3,2025-T3,Diminution,43.5,43.2,43.5,13.3,Augmentation,False
z_54.0_10.5,2025,4,2025-T4,Augmentation,46.1,46.1,43.7,10.2,Diminution,False
z_54.0_12.0,2023,1,2023-T1,Augmentation,58.3,58.3,33.4,8.2,Augmentation,True
z_54.0_12.0,2023,2,2023-T2,Diminution,58.8,33.2,58.8,8.0,Augmentation,False
z_54.0_12.0,2023,3,2023-T3,Diminution,57.2,35.2,57.2,7.6,Augmentation,False
z_54.0_12.0,2023,4,2023-T4,Diminution,51.2,42.9,51.2,5.9,Augmentation,False
z_54.0_12.0,2024,1,2024-T1,Diminution,56.6,36.0,56.6,7.3,Augmentation,False
z_54.0_12.0,2024,2,2024-T2,Diminution,47.0,45.7,47.0,7.4,Augmentation,False
z_54.0_12.0,2024,3,2024-T3,Diminution,66.6,26.1,66.6,7.3,Augmentation,False
z_54.0_12.0,2024,4,2024-T4,Diminution,58.8,33.3,58.8,7.9,Augmentation,False
z_54.0_12.0,2025,1,2025-T1,Diminution,62.0,31.4,62.0,6.6,Augmentation,False
z_54.0_12.0,2025,2,2025-T2,Diminution,59.3,32.5,59.3,8.2,Stable,False
z_54.0_12.0,2025,3,2025-T3,Diminution,63.6,26.7,63.6,9.7,Stable,False
z_54.0_12.0,2025,4,2025-T4,Diminution,57.6,33.5,57.6,8.9,Diminution,True
z_54.0_13.5,2023,1,2023-T1,Diminution,47.6,40.2,47.6,12.2,Augmentation,False
z_54.0_13.5,2023,2,2023-T2,Augmentation,58.8,58.8,31.9,9.3,Augmentation,True
z_54.0_13.5,2023,3,2023-T3,Augmentation,52.0,52.0,40.0,8.1,Augmentation,True
z_54.0_13.5,2023,4,2023-T4,Augmentation,52.2,52.2,36.8,11.0,Augmentation,True
z_54.0_13.5,2024,1,2024-T1,Augmentation,57.2,57.2,34.4,8.4,Augmentation,True
z_54.0_13.5,2024,2,2024-T2,Augmentation,49.8,49.8,41.5,8.6,Augmentation,True
z_54.0_13.5,2024,3,2024-T3,Diminution,46.6,44.6,46.6,8.8,Stable,False
z_54.0_13.5,2024,4,2024-T4,Diminution,46.6,43.0,46.6,10.4,Augmentation,False
z_54.0_13.5,2025,1,2025-T1,Augmentation,45.0,45.0,41.6,13.4,Diminution,False
z_54.0_13.5,2025,2,2025-T2,Diminution,58.5,30.0,58.5,11.6,Augmentation,False
z_54.0_13.5,2025,3,2025-T3,Diminution,47.4,40.0,47.4,12.6,Stable,False
z_54.0_13.5,2025,4,2025-T4,Diminution,54.4,33.0,54.4,12.6,Diminution,True
z_54.0_15.0,2023,1,2023-T1,Stable,65.7,33.0,1.3,65.7,Stable,True
z_54.0_15.0,2023,2,2023-T2,Stable,80.6,18.9,0.6,80.6,Stable,True
z_54.0_15.0,2023,3,2023-T3,Stable,78.4,21.0,0.6,78.4,Stable,True
z_54.0_15.0,2023,4,2023-T4,Stable,67.7,31.1,1.2,67.7,Stable,True
z_54.0_15.0,2024,1,2024-T1,Stable,78.1,21.0,0.9,78.1,Stable,True
z_54.0_15.0,2024,2,2024-T2,Stable,69.1,29.8,1.1,69.1,Stable,True
z_54.0_15.0,2024,3,2024-T3,Stable,65.7,32.6,1.7,65.7,Stable,True
z_54.0_15.0,2024,4,2024-T4,Stable,75.3,23.0,1.7,75.3,Stable,True
z_54.0_15.0,2025,1,2025-T1,Stable,70.1,27.4,2.5,70.1,Stable,True
z_54.0_15.0,2025,2,2025-T2,Stable,77.5,21.1,1.4,77.5,Augmentation,False
z_54.0_15.0,2025,3,2025-T3,Stable,62.0,33.9,4.2,62.0,Stable,True
z_54.0_15.0,2025,4,2025-T4,Stable,62.7,32.7,4.6,62.7,Stable,True
z_54.0_16.5,2023,1,2023-T1,Stable,81.4,18.3,0.3,81.4,Stable,True
z_54.0_16.5,2023,2,2023-T2,Stable,78.9,20.9,0.2,78.9,Stable,True
z_54.0_16.5,2023,3,2023-T3,Stable,77.4,22.4,0.2,77.4,Stable,True
z_54.0_16.5,2023,4,2023-T4,Stable,83.6,16.2,0.2,83.6,Stable,True
z_54.0_16.5,2024,1,2024-T1,Stable,84.1,15.8,0.2,84.1,Stable,True
z_54.0_16.5,2024,2,2024-T2,Stable,88.3,11.6,0.1,88.3,Stable,True
z_54.0_16.5,2024,3,2024-T3,Stable,87.1,12.7,0.2,87.1,Stable,True
z_54.0_16.5,2024,4,2024-T4,Stable,82.9,16.9,0.2,82.9,Stable,True
z_54.0_16.5,2025,1,2025-T1,Stable,84.9,14.8,0.3,84.9,Stable,True
z_54.0_16.5,2025,2,2025-T2,Stable,82.1,17.8,0.1,82.1,Stable,True
z_54.0_16.5,2025,3,2025-T3,Stable,79.2,20.6,0.2,79.2,Stable,True
z_54.0_16.5,2025,4,2025-T4,Stable,84.4,15.4,0.1,84.4,Stable,True
z_54.0_18.0,2023,1,2023-T1,Diminution,43.2,42.5,43.2,14.3,Augmentation,False
z_54.0_18.0,2023,2,2023-T2,Augmentation,56.7,56.7,30.4,12.9,Augmentation,True
z_54.0_18.0,2023,3,2023-T3,Augmentation,51.3,51.3,35.5,13.2,Stable,False
z_54.0_18.0,2023,4,2023-T4,Augmentation,52.8,52.8,31.2,15.9,Augmentation,True
z_54.0_18.0,2024,1,2024-T1,Augmentation,50.6,50.6,37.0,12.4,Stable,False
z_54.0_18.0,2024,2,2024-T2,Augmentation,43.1,43.1,40.7,16.2,Stable,False
z_54.0_18.0,2024,3,2024-T3,Augmentation,44.8,44.8,40.2,15.0,Diminution,False
z_54.0_18.0,2024,4,2024-T4,Diminution,49.1,31.3,49.1,19.6,Diminution,True
z_54.0_18.0,2025,1,2025-T1,Diminution,60.6,18.6,60.6,20.8,Augmentation,False
z_54.0_18.0,2025,2,2025-T2,Diminution,60.3,21.4,60.3,18.3,Stable,False
z_54.0_18.0,2025,3,2025-T3,Diminution,55.5,25.5,55.5,19.0,Diminution,True
z_54.0_18.0,2025,4,2025-T4,Diminution,57.0,24.7,57.0,18.3,Diminution,True
z_54.0_3.0,2023,1,2023-T1,Stable,81.7,18.0,0.4,81.7,Stable,True
z_54.0_3.0,2023,2,2023-T2,Stable,84.6,15.2,0.2,84.6,Stable,True
z_54.0_3.0,2023,3,2023-T3,Stable,86.1,13.7,0.1,86.1,Stable,True
z_54.0_3.0,2023,4,2023-T4,Stable,84.6,15.3,0.1,84.6,Stable,True
z_54.0_3.0,2024,1,2024-T1,Stable,83.9,16.0,0.1,83.9,Stable,True
z_54.0_3.0,2024,2,2024-T2,Stable,86.3,13.7,0.1,86.3,Stable,True
z_54.0_3.0,2024,3,2024-T3,Stable,83.8,16.0,0.2,83.8,Stable,True
z_54.0_3.0,2024,4,2024-T4,Stable,83.5,16.2,0.3,83.5,Stable,True
z_54.0_3.0,2025,1,2025-T1,Stable,81.2,18.4,0.3,81.2,Stable,True
z_54.0_3.0,2025,2,2025-T2,Stable,88.0,12.0,0.0,88.0,Stable,True
z_54.0_3.0,2025,3,2025-T3,Stable,83.5,16.3,0.2,83.5,Stable,True
z_54.0_3.0,2025,4,2025-T4,Stable,85.5,14.4,0.1,85.5,Stable,True
z_54.0_4.5,2023,1,2023-T1,Stable,75.1,24.0,0.9,75.1,Stable,True
z_54.0_4.5,2023,2,2023-T2,Stable,77.4,22.3,0.4,77.4,Stable,True
z_54.0_4.5,2023,3,2023-T3,Stable,78.4,21.2,0.4,78.4,Stable,True
z_54.0_4.5,2023,4,2023-T4,Stable,79.3,20.1,0.6,79.3,Stable,True
z_54.0_4.5,2024,1,2024-T1,Stable,74.7,24.9,0.4,74.7,Stable,True
z_54.0_4.5,2024,2,2024-T2,Stable,86.3,13.5,0.2,86.3,Stable,True
z_54.0_4.5,2024,3,2024-T3,Stable,83.6,16.0,0.3,83.6,Stable,True
z_54.0_4.5,2024,4,2024-T4,Stable,85.2,14.4,0.3,85.2,Stable,True
z_54.0_4.5,2025,1,2025-T1,Stable,79.9,18.8,1.3,79.9,Stable,True
z_54.0_4.5,2025,2,2025-T2,Stable,87.1,12.8,0.1,87.1,Stable,True
z_54.0_4.5,2025,3,2025-T3,Stable,73.1,26.6,0.3,73.1,Stable,True
z_54.0_4.5,2025,4,2025-T4,Stable,75.8,23.5,0.7,75.8,Stable,True
z_54.0_6.0,2023,1,2023-T1,Stable,77.6,21.6,0.8,77.6,Stable,True
z_54.0_6.0,2023,2,2023-T2,Stable,73.0,26.4,0.6,73.0,Stable,True
z_54.0_6.0,2023,3,2023-T3,Stable,67.7,30.9,1.3,67.7,Stable,True
z_54.0_6.0,2023,4,2023-T4,Stable,77.8,21.2,1.0,77.8,Stable,True
z_54.0_6.0,2024,1,2024-T1,Stable,74.5,24.9,0.6,74.5,Stable,True
z_54.0_6.0,2024,2,2024-T2,Stable,71.5,27.8,0.7,71.5,Stable,True
z_54.0_6.0,2024,3,2024-T3,Stable,75.3,23.2,1.4,75.3,Stable,True
z_54.0_6.0,2024,4,2024-T4,Stable,80.2,19.3,0.5,80.2,Stable,True
z_54.0_6.0,2025,1,2025-T1,Stable,73.2,25.3,1.5,73.2,Stable,True
z_54.0_6.0,2025,2,2025-T2,Stable,83.4,16.4,0.2,83.4,Stable,True
z_54.0_6.0,2025,3,2025-T3,Stable,76.5,23.1,0.4,76.5,Stable,True
z_54.0_6.0,2025,4,2025-T4,Stable,80.1,19.4,0.5,80.1,Diminution,False
z_54.0_7.5,2023,1,2023-T1,Augmentation,57.0,57.0,37.1,6.0,Diminution,False
z_54.0_7.5,2023,2,2023-T2,Diminution,47.2,45.3,47.2,7.5,Stable,False
z_54.0_7.5,2023,3,2023-T3,Diminution,49.3,45.9,49.3,4.8,Augmentation,False
z_54.0_7.5,2023,4,2023-T4,Diminution,54.5,38.3,54.5,7.2,Augmentation,False
z_54.0_7.5,2024,1,2024-T1,Diminution,51.7,40.4,51.7,7.8,Stable,False
z_54.0_7.5,2024,2,2024-T2,Diminution,50.0,42.0,50.0,8.0,Diminution,True
z_54.0_7.5,2024,3,2024-T3,Diminution,57.0,34.9,57.0,8.0,Stable,False
z_54.0_7.5,2024,4,2024-T4,Diminution,63.7,28.1,63.7,8.2,Diminution,True
z_54.0_7.5,2025,1,2025-T1,Diminution,56.6,34.4,56.6,9.0,Stable,False
z_54.0_7.5,2025,2,2025-T2,Diminution,47.4,46.1,47.4,6.5,Diminution,True
z_54.0_7.5,2025,3,2025-T3,Diminution,50.3,43.6,50.3,6.1,Diminution,True
z_54.0_7.5,2025,4,2025-T4,Diminution,65.2,29.6,65.2,5.2,Stable,False
z_54.0_9.0,2023,1,2023-T1,Augmentation,49.8,49.8,44.8,5.4,Stable,False
z_54.0_9.0,2023,2,2023-T2,Augmentation,52.2,52.2,41.1,6.7,Augmentation,True
z_54.0_9.0,2023,3,2023-T3,Diminution,54.4,39.3,54.4,6.3,Augmentation,False
z_54.0_9.0,2023,4,2023-T4,Diminution,60.3,35.7,60.3,4.0,Augmentation,False
z_54.0_9.0,2024,1,2024-T1,Diminution,57.7,36.7,57.7,5.6,Stable,False
z_54.0_9.0,2024,2,2024-T2,Augmentation,59.7,59.7,34.6,5.7,Augmentation,True
z_54.0_9.0,2024,3,2024-T3,Diminution,63.6,31.9,63.6,4.5,Stable,False
z_54.0_9.0,2024,4,2024-T4,Diminution,58.9,35.4,58.9,5.7,Augmentation,False
z_54.0_9.0,2025,1,2025-T1,Diminution,65.2,28.9,65.2,5.9,Diminution,True
z_54.0_9.0,2025,2,2025-T2,Diminution,55.0,39.7,55.0,5.2,Augmentation,False
z_54.0_9.0,2025,3,2025-T3,Diminution,57.8,35.4,57.8,6.8,Stable,False
z_54.0_9.0,2025,4,2025-T4,Diminution,57.1,35.1,57.1,7.8,Diminution,True
z_55.5_-10.5,2023,2,2023-T2,Stable,85.2,14.7,0.1,85.2,Stable,True
z_55.5_-10.5,2023,3,2023-T3,Stable,80.8,18.8,0.4,80.8,Stable,True
z_55.5_-10.5,2024,2,2024-T2,Stable,84.6,15.2,0.2,84.6,Stable,True
z_55.5_-10.5,2024,3,2024-T3,Stable,83.0,16.7,0.2,83.0,Stable,True
z_55.5_-10.5,2025,2,2025-T2,Stable,84.6,15.2,0.2,84.6,Stable,True
z_55.5_-10.5,2025,3,2025-T3,Stable,84.5,15.2,0.3,84.5,Stable,True
z_55.5_-15.0,2023,1,2023-T1,Stable,86.1,13.7,0.2,86.1,Stable,True
z_55.5_-15.0,2024,1,2024-T1,Stable,82.6,17.2,0.1,82.6,Stable,True
z_55.5_-15.0,2025,1,2025-T1,Stable,85.1,14.8,0.1,85.1,Stable,True
z_55.5_-3.0,2023,1,2023-T1,Stable,73.8,24.3,1.9,73.8,Stable,True
z_55.5_-3.0,2023,2,2023-T2,Stable,72.5,26.1,1.4,72.5,Diminution,False
z_55.5_-3.0,2023,3,2023-T3,Stable,74.7,24.4,0.9,74.7,Diminution,False
z_55.5_-3.0,2023,4,2023-T4,Stable,69.8,28.6,1.6,69.8,Stable,True
z_55.5_-3.0,2024,1,2024-T1,Stable,75.9,23.1,1.0,75.9,Stable,True
z_55.5_-3.0,2024,2,2024-T2,Stable,83.3,16.1,0.7,83.3,Diminution,False
z_55.5_-3.0,2024,3,2024-T3,Stable,74.0,24.3,1.7,74.0,Diminution,False
z_55.5_-3.0,2024,4,2024-T4,Stable,74.4,23.6,2.0,74.4,Stable,True
z_55.5_-3.0,2025,1,2025-T1,Stable,75.8,23.3,0.9,75.8,Stable,True
z_55.5_-3.0,2025,2,2025-T2,Stable,83.9,15.2,0.9,83.9,Diminution,False
z_55.5_-3.0,2025,3,2025-T3,Stable,76.0,23.0,1.0,76.0,Diminution,False
z_55.5_-3.0,2025,4,2025-T4,Stable,76.9,22.1,1.0,76.9,Stable,True
z_55.5_-4.5,2023,1,2023-T1,Stable,65.8,31.9,2.3,65.8,Diminution,False
z_55.5_-4.5,2023,2,2023-T2,Stable,80.3,19.3,0.3,80.3,Diminution,False
z_55.5_-4.5,2023,3,2023-T3,Stable,73.5,25.8,0.7,73.5,Diminution,False
z_55.5_-4.5,2023,4,2023-T4,Stable,75.7,23.6,0.7,75.7,Diminution,False
z_55.5_-4.5,2024,1,2024-T1,Stable,73.4,25.3,1.2,73.4,Diminution,False
z_55.5_-4.5,2024,2,2024-T2,Stable,83.1,16.6,0.3,83.1,Diminution,False
z_55.5_-4.5,2024,3,2024-T3,Stable,79.4,19.9,0.7,79.4,Stable,True
z_55.5_-4.5,2024,4,2024-T4,Stable,80.1,19.4,0.5,80.1,Diminution,False
z_55.5_-4.5,2025,1,2025-T1,Stable,74.4,24.9,0.7,74.4,Diminution,False
z_55.5_-4.5,2025,2,2025-T2,Stable,80.7,19.0,0.3,80.7,Diminution,False
z_55.5_-4.5,2025,3,2025-T3,Stable,79.4,20.2,0.4,79.4,Diminution,False
z_55.5_-4.5,2025,4,2025-T4,Stable,80.8,18.6,0.6,80.8,Diminution,False
z_55.5_-6.0,2023,1,2023-T1,Stable,47.6,27.0,25.4,47.6,Diminution,False
z_55.5_-6.0,2023,2,2023-T2,Stable,55.8,28.5,15.7,55.8,Diminution,False
z_55.5_-6.0,2023,3,2023-T3,Stable,52.7,37.6,9.6,52.7,Diminution,False
z_55.5_-6.0,2023,4,2023-T4,Stable,58.4,35.8,5.7,58.4,Diminution,False
z_55.5_-6.0,2024,1,2024-T1,Stable,62.0,34.5,3.5,62.0,Diminution,False
z_55.5_-6.0,2024,2,2024-T2,Stable,65.5,31.8,2.6,65.5,Diminution,False
z_55.5_-6.0,2024,3,2024-T3,Stable,64.1,32.5,3.4,64.1,Diminution,False
z_55.5_-6.0,2024,4,2024-T4,Stable,69.8,28.7,1.5,69.8,Diminution,False
z_55.5_-6.0,2025,1,2025-T1,Stable,69.7,29.2,1.1,69.7,Diminution,False
z_55.5_-6.0,2025,2,2025-T2,Stable,72.5,26.5,1.1,72.5,Diminution,False
z_55.5_-6.0,2025,3,2025-T3,Stable,68.5,30.2,1.3,68.5,Diminution,False
z_55.5_-6.0,2025,4,2025-T4,Stable,69.8,29.2,0.9,69.8,Diminution,False
z_55.5_-7.5,2023,1,2023-T1,Stable,77.9,21.0,1.0,77.9,Diminution,False
z_55.5_-7.5,2023,2,2023-T2,Stable,78.8,19.4,1.9,78.8,Diminution,False
z_55.5_-7.5,2023,3,2023-T3,Stable,84.4,15.1,0.4,84.4,Diminution,False
z_55.5_-7.5,2023,4,2023-T4,Stable,82.7,16.6,0.7,82.7,Diminution,False
z_55.5_-7.5,2024,1,2024-T1,Stable,81.9,17.8,0.3,81.9,Diminution,False
z_55.5_-7.5,2024,2,2024-T2,Stable,81.1,18.2,0.7,81.1,Diminution,False
z_55.5_-7.5,2024,3,2024-T3,Stable,84.4,15.1,0.4,84.4,Stable,True
z_55.5_-7.5,2024,4,2024-T4,Stable,84.8,14.8,0.4,84.8,Diminution,False
z_55.5_-7.5,2025,1,2025-T1,Stable,80.8,19.1,0.1,80.8,Diminution,False
z_55.5_-7.5,2025,2,2025-T2,Stable,84.4,15.3,0.2,84.4,Diminution,False
z_55.5_-7.5,2025,3,2025-T3,Stable,83.0,16.7,0.3,83.0,Diminution,False
z_55.5_-7.5,2025,4,2025-T4,Stable,83.9,15.7,0.3,83.9,Diminution,False
z_55.5_0.0,2023,1,2023-T1,Stable,81.7,18.1,0.2,81.7,Stable,True
z_55.5_0.0,2023,2,2023-T2,Stable,83.3,16.5,0.2,83.3,Stable,True
z_55.5_0.0,2023,3,2023-T3,Stable,82.0,17.6,0.3,82.0,Diminution,False
z_55.5_0.0,2023,4,2023-T4,Stable,83.6,16.1,0.3,83.6,Diminution,False
z_55.5_0.0,2024,1,2024-T1,Stable,81.0,18.7,0.3,81.0,Stable,True
z_55.5_0.0,2024,2,2024-T2,Stable,83.3,16.5,0.2,83.3,Stable,True
z_55.5_0.0,2024,3,2024-T3,Stable,82.7,17.1,0.2,82.7,Stable,True
z_55.5_0.0,2024,4,2024-T4,Stable,78.1,21.6,0.3,78.1,Diminution,False
z_55.5_0.0,2025,1,2025-T1,Stable,76.9,22.6,0.5,76.9,Stable,True
z_55.5_0.0,2025,2,2025-T2,Stable,78.9,20.7,0.3,78.9,Stable,True
z_55.5_0.0,2025,3,2025-T3,Stable,81.9,17.7,0.4,81.9,Diminution,False
z_55.5_0.0,2025,4,2025-T4,Stable,82.7,17.1,0.2,82.7,Diminution,False
z_55.5_1.5,2023,1,2023-T1,Stable,82.2,17.6,0.2,82.2,Stable,True
z_55.5_1.5,2023,2,2023-T2,Stable,80.4,19.4,0.2,80.4,Stable,True
z_55.5_1.5,2023,3,2023-T3,Stable,78.1,21.3,0.6,78.1,Stable,True
z_55.5_1.5,2024,1,2024-T1,Stable,83.1,16.8,0.1,83.1,Stable,True
z_55.5_1.5,2024,2,2024-T2,Stable,84.9,14.9,0.2,84.9,Stable,True
z_55.5_1.5,2024,3,2024-T3,Stable,84.3,15.5,0.2,84.3,Stable,True
z_55.5_1.5,2025,1,2025-T1,Stable,84.3,15.5,0.2,84.3,Stable,True
z_55.5_1.5,2025,2,2025-T2,Stable,84.9,14.9,0.2,84.9,Stable,True
z_55.5_1.5,2025,3,2025-T3,Stable,84.3,15.5,0.2,84.3,Stable,True
z_55.5_10.5,2023,1,2023-T1,Augmentation,44.5,44.5,32.8,22.7,Stable,False
z_55.5_10.5,2023,2,2023-T2,Diminution,47.6,29.4,47.6,23.0,Stable,False
z_55.5_10.5,2023,3,2023-T3,Diminution,45.0,34.3,45.0,20.7,Augmentation,False
z_55.5_10.5,2023,4,2023-T4,Augmentation,41.0,41.0,38.9,20.1,Stable,False
z_55.5_10.5,2024,1,2024-T1,Augmentation,41.4,41.4,35.7,22.9,Diminution,False
z_55.5_10.5,2024,2,2024-T2,Diminution,52.3,34.1,52.3,13.6,Diminution,True
z_55.5_10.5,2024,3,2024-T3,Diminution,49.9,30.4,49.9,19.7,Stable,False
z_55.5_10.5,2024,4,2024-T4,Diminution,57.0,25.4,57.0,17.6,Stable,False
z_55.5_10.5,2025,1,2025-T1,Diminution,63.5,22.9,63.5,13.6,Diminution,True
z_55.5_10.5,2025,2,2025-T2,Diminution,62.2,18.4,62.2,19.4,Diminution,True
z_55.5_10.5,2025,3,2025-T3,Diminution,59.1,25.0,59.1,15.9,Stable,False
z_55.5_10.5,2025,4,2025-T4,Diminution,65.1,20.1,65.1,14.7,Diminution,True
z_55.5_12.0,2023,1,2023-T1,Diminution,48.3,34.8,48.3,17.0,Augmentation,False
z_55.5_12.0,2023,2,2023-T2,Augmentation,44.1,44.1,37.8,18.0,Diminution,False
z_55.5_12.0,2023,3,2023-T3,Augmentation,48.6,48.6,34.9,16.5,Stable,False
z_55.5_12.0,2023,4,2023-T4,Augmentation,46.6,46.6,36.8,16.6,Augmentation,True
z_55.5_12.0,2024,1,2024-T1,Augmentation,44.3,44.3,40.4,15.3,Augmentation,True
z_55.5_12.0,2024,2,2024-T2,Augmentation,48.4,48.4,38.1,13.5,Augmentation,True
z_55.5_12.0,2024,3,2024-T3,Augmentation,59.6,59.6,29.2,11.3,Augmentation,True
z_55.5_12.0,2024,4,2024-T4,Augmentation,49.2,49.2,37.9,12.9,Stable,False
z_55.5_12.0,2025,1,2025-T1,Augmentation,50.0,50.0,36.4,13.6,Stable,False
z_55.5_12.0,2025,2,2025-T2,Augmentation,52.9,52.9,31.5,15.6,Augmentation,True
z_55.5_12.0,2025,3,2025-T3,Augmentation,54.6,54.6,34.2,11.2,Augmentation,True
z_55.5_12.0,2025,4,2025-T4,Augmentation,43.0,43.0,42.7,14.3,Stable,False
z_55.5_13.5,2023,1,2023-T1,Stable,72.6,26.3,1.2,72.6,Stable,True
z_55.5_13.5,2023,2,2023-T2,Stable,81.7,17.5,0.8,81.7,Stable,True
z_55.5_13.5,2023,3,2023-T3,Stable,79.2,19.7,1.1,79.2,Stable,True
z_55.5_13.5,2023,4,2023-T4,Stable,79.4,19.5,1.1,79.4,Stable,True
z_55.5_13.5,2024,1,2024-T1,Stable,76.6,22.6,0.8,76.6,Diminution,False
z_55.5_13.5,2024,2,2024-T2,Stable,81.3,17.8,0.9,81.3,Stable,True
z_55.5_13.5,2024,3,2024-T3,Stable,78.5,20.1,1.4,78.5,Diminution,False
z_55.5_13.5,2024,4,2024-T4,Stable,63.7,33.1,3.2,63.7,Stable,True
z_55.5_13.5,2025,1,2025-T1,Stable,74.8,23.6,1.6,74.8,Stable,True
z_55.5_13.5,2025,2,2025-T2,Stable,77.6,21.2,1.3,77.6,Diminution,False
z_55.5_13.5,2025,3,2025-T3,Stable,75.7,23.5,0.8,75.7,Diminution,False
z_55.5_13.5,2025,4,2025-T4,Stable,77.0,22.2,0.9,77.0,Stable,True
z_55.5_15.0,2023,1,2023-T1,Diminution,47.0,30.4,47.0,22.6,Stable,False
z_55.5_15.0,2023,2,2023-T2,Diminution,44.4,27.2,44.4,28.4,Diminution,True
z_55.5_15.0,2023,3,2023-T3,Stable,42.7,18.8,38.5,42.7,Stable,True
z_55.5_15.0,2023,4,2023-T4,Diminution,44.9,19.2,44.9,35.9,Stable,False
z_55.5_15.0,2024,1,2024-T1,Diminution,48.3,23.9,48.3,27.8,Stable,False
z_55.5_15.0,2024,2,2024-T2,Diminution,42.6,26.0,42.6,31.3,Stable,False
z_55.5_15.0,2024,3,2024-T3,Diminution,35.6,34.6,35.6,29.8,Stable,False
z_55.5_15.0,2024,4,2024-T4,Stable,41.7,32.0,26.4,41.7,Stable,True
z_55.5_15.0,2025,1,2025-T1,Stable,53.2,24.7,22.1,53.2,Stable,True
z_55.5_15.0,2025,2,2025-T2,Stable,67.3,24.4,8.3,67.3,Stable,True
z_55.5_15.0,2025,3,2025-T3,Stable,69.2,24.4,6.4,69.2,Stable,True
z_55.5_15.0,2025,4,2025-T4,Stable,61.5,31.3,7.2,61.5,Stable,True
z_55.5_16.5,2023,1,2023-T1,Stable,76.3,23.3,0.4,76.3,Stable,True
z_55.5_16.5,2023,2,2023-T2,Stable,78.0,21.7,0.2,78.0,Stable,True
z_55.5_16.5,2023,3,2023-T3,Stable,77.5,22.0,0.5,77.5,Stable,True
z_55.5_16.5,2023,4,2023-T4,Stable,75.6,23.7,0.7,75.6,Stable,True
z_55.5_16.5,2024,1,2024-T1,Stable,81.0,18.6,0.3,81.0,Diminution,False
z_55.5_16.5,2024,2,2024-T2,Stable,85.2,14.8,0.1,85.2,Stable,True
z_55.5_16.5,2024,3,2024-T3,Stable,83.9,16.0,0.1,83.9,Stable,True
z_55.5_16.5,2024,4,2024-T4,Stable,73.0,26.4,0.6,73.0,Stable,True
z_55.5_16.5,2025,1,2025-T1,Stable,72.9,26.1,1.0,72.9,Diminution,False
z_55.5_16.5,2025,2,2025-T2,Stable,77.4,22.3,0.3,77.4,Stable,True
z_55.5_16.5,2025,3,2025-T3,Stable,80.7,19.2,0.2,80.7,Stable,True
z_55.5_16.5,2025,4,2025-T4,Stable,84.7,15.0,0.2,84.7,Stable,True
z_55.5_18.0,2023,1,2023-T1,Stable,79.1,20.4,0.5,79.1,Stable,True
z_55.5_18.0,2023,2,2023-T2,Stable,80.4,19.1,0.5,80.4,Stable,True
z_55.5_18.0,2023,3,2023-T3,Stable,81.5,18.1,0.4,81.5,Stable,True
z_55.5_18.0,2023,4,2023-T4,Stable,80.5,18.9,0.6,80.5,Stable,True
z_55.5_18.0,2024,1,2024-T1,Stable,79.3,20.2,0.5,79.3,Stable,True
z_55.5_18.0,2024,2,2024-T2,Stable,84.1,15.7,0.2,84.1,Stable,True
z_55.5_18.0,2024,3,2024-T3,Stable,75.2,24.4,0.4,75.2,Stable,True
z_55.5_18.0,2024,4,2024-T4,Stable,74.7,24.5,0.8,74.7,Stable,True
z_55.5_18.0,2025,1,2025-T1,Stable,71.2,27.6,1.2,71.2,Stable,True
z_55.5_18.0,2025,2,2025-T2,Stable,76.8,22.5,0.6,76.8,Stable,True
z_55.5_18.0,2025,3,2025-T3,Stable,80.9,18.7,0.4,80.9,Stable,True
z_55.5_18.0,2025,4,2025-T4,Stable,80.7,18.8,0.6,80.7,Stable,True
z_55.5_19.5,2023,1,2023-T1,Stable,72.0,25.5,2.5,72.0,Stable,True
z_55.5_19.5,2023,2,2023-T2,Stable,68.4,28.8,2.8,68.4,Stable,True
z_55.5_19.5,2023,3,2023-T3,Stable,68.3,29.4,2.3,68.3,Diminution,False
z_55.5_19.5,2023,4,2023-T4,Stable,72.1,26.8,1.1,72.1,Stable,True
z_55.5_19.5,2024,1,2024-T1,Stable,70.9,28.1,1.0,70.9,Stable,True
z_55.5_19.5,2024,2,2024-T2,Stable,77.3,21.3,1.5,77.3,Stable,True
z_55.5_19.5,2024,3,2024-T3,Stable,79.0,20.2,0.8,79.0,Diminution,False
z_55.5_19.5,2024,4,2024-T4,Stable,78.5,20.8,0.6,78.5,Stable,True
z_55.5_19.5,2025,1,2025-T1,Stable,70.6,28.3,1.2,70.6,Stable,True
z_55.5_19.5,2025,2,2025-T2,Stable,69.6,27.9,2.5,69.6,Stable,True
z_55.5_19.5,2025,3,2025-T3,Stable,71.6,27.0,1.5,71.6,Diminution,False
z_55.5_19.5,2025,4,2025-T4,Stable,76.7,22.7,0.6,76.7,Stable,True
z_55.5_21.0,2023,1,2023-T1,Augmentation,51.9,51.9,35.2,12.9,Augmentation,True
z_55.5_21.0,2023,2,2023-T2,Augmentation,60.7,60.7,27.2,12.0,Augmentation,True
z_55.5_21.0,2023,3,2023-T3,Augmentation,51.4,51.4,35.6,13.0,Stable,False
z_55.5_21.0,2023,4,2023-T4,Augmentation,42.4,42.4,42.3,15.3,Augmentation,True
z_55.5_21.0,2024,1,2024-T1,Diminution,50.0,36.0,50.0,14.0,Stable,False
z_55.5_21.0,2024,2,2024-T2,Diminution,52.4,32.4,52.4,15.3,Stable,False
z_55.5_21.0,2024,3,2024-T3,Diminution,64.4,19.2,64.4,16.4,Augmentation,False
z_55.5_21.0,2024,4,2024-T4,Diminution,56.4,29.0,56.4,14.5,Augmentation,False
z_55.5_21.0,2025,1,2025-T1,Diminution,60.3,24.6,60.3,15.0,Diminution,True
z_55.5_21.0,2025,2,2025-T2,Diminution,56.2,22.9,56.2,20.9,Augmentation,False
z_55.5_21.0,2025,3,2025-T3,Augmentation,48.1,48.1,36.3,15.6,Diminution,False
z_55.5_21.0,2025,4,2025-T4,Diminution,64.2,20.1,64.2,15.7,Diminution,True
z_55.5_3.0,2023,1,2023-T1,Stable,78.0,21.4,0.6,78.0,Stable,True
z_55.5_3.0,2023,2,2023-T2,Stable,79.8,19.5,0.7,79.8,Stable,True
z_55.5_3.0,2023,3,2023-T3,Stable,82.0,17.4,0.5,82.0,Stable,True
z_55.5_3.0,2023,4,2023-T4,Stable,80.2,19.2,0.6,80.2,Diminution,False
z_55.5_3.0,2024,1,2024-T1,Stable,80.1,19.6,0.3,80.1,Stable,True
z_55.5_3.0,2024,2,2024-T2,Stable,79.9,19.6,0.5,79.9,Stable,True
z_55.5_3.0,2024,3,2024-T3,Stable,79.7,19.6,0.6,79.7,Stable,True
z_55.5_3.0,2024,4,2024-T4,Stable,78.4,20.6,1.0,78.4,Diminution,False
z_55.5_3.0,2025,1,2025-T1,Stable,77.6,21.9,0.4,77.6,Stable,True
z_55.5_3.0,2025,2,2025-T2,Stable,80.4,19.2,0.5,80.4,Stable,True
z_55.5_3.0,2025,3,2025-T3,Stable,80.8,18.8,0.4,80.8,Stable,True
z_55.5_3.0,2025,4,2025-T4,Stable,81.2,18.0,0.9,81.2,Diminution,False
z_55.5_4.5,2023,1,2023-T1,Stable,84.0,15.9,0.1,84.0,Stable,True
z_55.5_4.5,2023,2,2023-T2,Stable,86.2,13.7,0.1,86.2,Diminution,False
z_55.5_4.5,2023,3,2023-T3,Stable,84.9,15.0,0.1,84.9,Stable,True
z_55.5_4.5,2023,4,2023-T4,Stable,82.3,17.6,0.1,82.3,Stable,True
z_55.5_4.5,2024,1,2024-T1,Stable,82.4,17.4,0.2,82.4,Stable,True
z_55.5_4.5,2024,2,2024-T2,Stable,83.9,16.0,0.1,83.9,Diminution,False
z_55.5_4.5,2024,3,2024-T3,Stable,81.8,18.1,0.1,81.8,Stable,True
z_55.5_4.5,2024,4,2024-T4,Stable,83.0,16.9,0.2,83.0,Stable,True
z_55.5_4.5,2025,1,2025-T1,Stable,82.1,17.7,0.2,82.1,Stable,True
z_55.5_4.5,2025,2,2025-T2,Stable,85.0,14.9,0.1,85.0,Stable,True
z_55.5_4.5,2025,3,2025-T3,Stable,86.6,13.3,0.1,86.6,Stable,True
z_55.5_4.5,2025,4,2025-T4,Stable,85.3,14.5,0.1,85.3,Stable,True
z_55.5_6.0,2023,1,2023-T1,Stable,81.2,18.0,0.8,81.2,Augmentation,False
z_55.5_6.0,2023,2,2023-T2,Stable,70.3,28.1,1.6,70.3,Diminution,False
z_55.5_6.0,2023,3,2023-T3,Stable,73.8,24.6,1.7,73.8,Stable,True
z_55.5_6.0,2023,4,2023-T4,Stable,70.1,29.3,0.6,70.1,Stable,True
z_55.5_6.0,2024,1,2024-T1,Stable,75.0,23.4,1.6,75.0,Stable,True
z_55.5_6.0,2024,2,2024-T2,Stable,78.3,20.9,0.8,78.3,Diminution,False
z_55.5_6.0,2024,3,2024-T3,Stable,79.9,19.8,0.3,79.9,Stable,True
z_55.5_6.0,2024,4,2024-T4,Stable,83.2,16.4,0.5,83.2,Stable,True
z_55.5_6.0,2025,1,2025-T1,Stable,77.7,21.0,1.3,77.7,Stable,True
z_55.5_6.0,2025,2,2025-T2,Stable,82.6,16.8,0.6,82.6,Stable,True
z_55.5_6.0,2025,3,2025-T3,Stable,77.3,22.0,0.8,77.3,Stable,True
z_55.5_6.0,2025,4,2025-T4,Stable,84.3,15.4,0.4,84.3,Stable,True
z_55.5_7.5,2023,1,2023-T1,Augmentation,47.5,47.5,26.7,25.8,Stable,False
z_55.5_7.5,2023,2,2023-T2,Augmentation,44.3,44.3,31.9,23.8,Stable,False
z_55.5_7.5,2023,3,2023-T3,Augmentation,40.6,40.6,33.6,25.7,Diminution,False
z_55.5_7.5,2023,4,2023-T4,Diminution,36.1,34.9,36.1,29.0,Augmentation,False
z_55.5_7.5,2024,1,2024-T1,Diminution,41.9,30.6,41.9,27.4,Augmentation,False
z_55.5_7.5,2024,2,2024-T2,Augmentation,37.4,37.4,36.1,26.5,Augmentation,True
z_55.5_7.5,2024,3,2024-T3,Augmentation,41.5,41.5,36.5,22.0,Stable,False
z_55.5_7.5,2024,4,2024-T4,Augmentation,43.4,43.4,34.2,22.4,Stable,False
z_55.5_7.5,2025,1,2025-T1,Diminution,41.6,34.4,41.6,24.1,Stable,False
z_55.5_7.5,2025,2,2025-T2,Diminution,42.9,32.6,42.9,24.5,Stable,False
z_55.5_7.5,2025,3,2025-T3,Diminution,44.5,34.5,44.5,20.9,Stable,False
z_55.5_7.5,2025,4,2025-T4,Diminution,54.3,26.3,54.3,19.4,Diminution,True
z_55.5_9.0,2023,1,2023-T1,Diminution,43.3,33.8,43.3,22.9,Augmentation,False
z_55.5_9.0,2023,2,2023-T2,Diminution,47.1,33.8,47.1,19.1,Augmentation,False
z_55.5_9.0,2023,3,2023-T3,Diminution,41.4,41.3,41.4,17.4,Diminution,True
z_55.5_9.0,2023,4,2023-T4,Diminution,45.1,32.0,45.1,22.9,Stable,False
z_55.5_9.0,2024,1,2024-T1,Diminution,42.6,34.3,42.6,23.1,Augmentation,False
z_55.5_9.0,2024,2,2024-T2,Diminution,60.8,20.6,60.8,18.5,Augmentation,False
z_55.5_9.0,2024,3,2024-T3,Diminution,53.0,23.4,53.0,23.6,Stable,False
z_55.5_9.0,2024,4,2024-T4,Diminution,46.1,28.7,46.1,25.2,Stable,False
z_55.5_9.0,2025,1,2025-T1,Diminution,45.7,31.8,45.7,22.5,Augmentation,False
z_55.5_9.0,2025,2,2025-T2,Diminution,52.2,27.3,52.2,20.5,Diminution,True
z_55.5_9.0,2025,3,2025-T3,Diminution,47.5,23.1,47.5,29.4,Augmentation,False
z_55.5_9.0,2025,4,2025-T4,Diminution,49.6,27.4,49.6,23.0,Diminution,True
z_57.0_-1.5,2023,1,2023-T1,Stable,81.9,17.8,0.3,81.9,Stable,True
z_57.0_-1.5,2023,2,2023-T2,Stable,81.6,17.9,0.5,81.6,Stable,True
z_57.0_-1.5,2023,3,2023-T3,Stable,82.4,17.4,0.2,82.4,Diminution,False
z_57.0_-1.5,2023,4,2023-T4,Stable,85.0,14.9,0.2,85.0,Stable,True
z_57.0_-1.5,2024,1,2024-T1,Stable,80.7,19.1,0.2,80.7,Stable,True
z_57.0_-1.5,2024,2,2024-T2,Stable,83.4,15.9,0.7,83.4,Stable,True
z_57.0_-1.5,2024,3,2024-T3,Stable,82.7,16.8,0.5,82.7,Diminution,False
z_57.0_-1.5,2024,4,2024-T4,Stable,83.4,16.2,0.4,83.4,Stable,True
z_57.0_-1.5,2025,1,2025-T1,Stable,82.4,17.5,0.1,82.4,Stable,True
z_57.0_-1.5,2025,2,2025-T2,Stable,83.9,15.8,0.3,83.9,Stable,True
z_57.0_-1.5,2025,3,2025-T3,Stable,82.9,16.8,0.3,82.9,Stable,True
z_57.0_-1.5,2025,4,2025-T4,Stable,82.6,17.2,0.1,82.6,Stable,True
z_57.0_-10.5,2023,1,2023-T1,Stable,80.6,19.1,0.2,80.6,Diminution,False
z_57.0_-10.5,2023,2,2023-T2,Stable,79.0,20.4,0.6,79.0,Stable,True
z_57.0_-10.5,2023,4,2023-T4,Stable,75.4,24.0,0.6,75.4,Stable,True
z_57.0_-10.5,2024,1,2024-T1,Stable,80.3,19.3,0.4,80.3,Diminution,False
z_57.0_-10.5,2024,2,2024-T2,Stable,83.1,16.4,0.5,83.1,Stable,True
z_57.0_-10.5,2024,4,2024-T4,Stable,83.7,15.8,0.5,83.7,Stable,True
z_57.0_-10.5,2025,1,2025-T1,Stable,80.8,18.9,0.3,80.8,Diminution,False
z_57.0_-10.5,2025,2,2025-T2,Stable,83.3,16.1,0.6,83.3,Stable,True
z_57.0_-10.5,2025,4,2025-T4,Stable,81.2,18.3,0.5,81.2,Stable,True
z_57.0_-3.0,2023,1,2023-T1,Stable,57.0,26.3,16.7,57.0,Diminution,False
z_57.0_-3.0,2023,2,2023-T2,Stable,56.6,26.0,17.3,56.6,Diminution,False
z_57.0_-3.0,2023,3,2023-T3,Stable,65.9,29.6,4.5,65.9,Diminution,False
z_57.0_-3.0,2023,4,2023-T4,Stable,68.5,27.7,3.8,68.5,Diminution,False
z_57.0_-3.0,2024,1,2024-T1,Stable,71.8,27.6,0.7,71.8,Diminution,False
z_57.0_-3.0,2024,2,2024-T2,Stable,71.0,26.1,2.9,71.0,Diminution,False
z_57.0_-3.0,2024,3,2024-T3,Stable,66.0,31.5,2.6,66.0,Diminution,False
z_57.0_-3.0,2024,4,2024-T4,Stable,75.5,23.8,0.7,75.5,Diminution,False
z_57.0_-3.0,2025,1,2025-T1,Stable,73.9,25.5,0.6,73.9,Diminution,False
z_57.0_-3.0,2025,2,2025-T2,Stable,76.9,22.5,0.5,76.9,Diminution,False
z_57.0_-3.0,2025,3,2025-T3,Stable,81.6,18.1,0.3,81.6,Diminution,False
z_57.0_-3.0,2025,4,2025-T4,Stable,80.1,19.5,0.4,80.1,Diminution,False
z_57.0_-4.5,2023,1,2023-T1,Stable,85.3,14.5,0.2,85.3,Stable,True
z_57.0_-4.5,2023,2,2023-T2,Stable,84.6,15.1,0.4,84.6,Stable,True
z_57.0_-4.5,2023,3,2023-T3,Stable,82.2,17.1,0.7,82.2,Stable,True
z_57.0_-4.5,2023,4,2023-T4,Stable,84.7,15.2,0.2,84.7,Diminution,False
z_57.0_-4.5,2024,1,2024-T1,Stable,83.5,16.3,0.2,83.5,Stable,True
z_57.0_-4.5,2024,2,2024-T2,Stable,83.5,16.0,0.5,83.5,Stable,True
z_57.0_-4.5,2024,3,2024-T3,Stable,80.7,18.9,0.3,80.7,Diminution,False
z_57.0_-4.5,2024,4,2024-T4,Stable,86.4,13.5,0.1,86.4,Diminution,False
z_57.0_-4.5,2025,1,2025-T1,Stable,82.3,17.4,0.3,82.3,Stable,True
z_57.0_-4.5,2025,2,2025-T2,Stable,85.6,14.3,0.1,85.6,Stable,True
z_57.0_-4.5,2025,3,2025-T3,Stable,87.3,12.6,0.1,87.3,Diminution,False
z_57.0_-4.5,2025,4,2025-T4,Stable,82.7,17.1,0.2,82.7,Diminution,False
z_57.0_-6.0,2023,1,2023-T1,Stable,68.5,26.6,4.9,68.5,Diminution,False
z_57.0_-6.0,2023,2,2023-T2,Stable,77.6,20.8,1.6,77.6,Diminution,False
z_57.0_-6.0,2023,3,2023-T3,Stable,71.6,25.4,2.9,71.6,Diminution,False
z_57.0_-6.0,2023,4,2023-T4,Stable,77.6,20.2,2.2,77.6,Diminution,False
z_57.0_-6.0,2024,1,2024-T1,Stable,70.8,26.1,3.1,70.8,Diminution,False
z_57.0_-6.0,2024,2,2024-T2,Stable,83.6,15.2,1.2,83.6,Diminution,False
z_57.0_-6.0,2024,3,2024-T3,Stable,78.0,19.7,2.4,78.0,Diminution,False
z_57.0_-6.0,2024,4,2024-T4,Stable,73.9,24.1,2.0,73.9,Stable,True
z_57.0_-6.0,2025,1,2025-T1,Stable,71.4,26.2,2.4,71.4,Diminution,False
z_57.0_-6.0,2025,2,2025-T2,Stable,81.2,17.6,1.2,81.2,Diminution,False
z_57.0_-6.0,2025,3,2025-T3,Stable,74.1,24.2,1.6,74.1,Diminution,False
z_57.0_-6.0,2025,4,2025-T4,Stable,73.6,24.8,1.6,73.6,Diminution,False
z_57.0_-7.5,2023,1,2023-T1,Stable,75.5,23.9,0.6,75.5,Diminution,False
z_57.0_-7.5,2023,2,2023-T2,Stable,79.8,18.6,1.6,79.8,Diminution,False
z_57.0_-7.5,2023,3,2023-T3,Stable,75.1,24.0,0.9,75.1,Diminution,False
z_57.0_-7.5,2023,4,2023-T4,Stable,77.5,21.9,0.5,77.5,Diminution,False
z_57.0_-7.5,2024,1,2024-T1,Stable,77.3,22.5,0.2,77.3,Diminution,False
z_57.0_-7.5,2024,2,2024-T2,Stable,82.4,17.1,0.6,82.4,Diminution,False
z_57.0_-7.5,2024,3,2024-T3,Stable,82.2,17.2,0.6,82.2,Diminution,False
z_57.0_-7.5,2024,4,2024-T4,Stable,82.8,17.0,0.2,82.8,Diminution,False
z_57.0_-7.5,2025,1,2025-T1,Stable,81.3,18.4,0.3,81.3,Diminution,False
z_57.0_-7.5,2025,2,2025-T2,Stable,84.8,15.0,0.1,84.8,Diminution,False
z_57.0_-7.5,2025,3,2025-T3,Stable,83.2,16.6,0.2,83.2,Diminution,False
z_57.0_-7.5,2025,4,2025-T4,Stable,85.3,14.6,0.1,85.3,Diminution,False
z_57.0_-9.0,2023,1,2023-T1,Stable,83.0,16.9,0.2,83.0,Stable,True
z_57.0_-9.0,2023,2,2023-T2,Stable,83.7,16.3,0.0,83.7,Stable,True
z_57.0_-9.0,2023,3,2023-T3,Stable,83.4,16.5,0.1,83.4,Diminution,False
z_57.0_-9.0,2024,1,2024-T1,Stable,79.5,20.2,0.2,79.5,Stable,True
z_57.0_-9.0,2024,2,2024-T2,Stable,85.2,14.7,0.1,85.2,Stable,True
z_57.0_-9.0,2024,3,2024-T3,Stable,83.5,16.4,0.1,83.5,Diminution,False
z_57.0_-9.0,2025,1,2025-T1,Stable,80.3,19.6,0.1,80.3,Stable,True
z_57.0_-9.0,2025,2,2025-T2,Stable,81.3,18.5,0.2,81.3,Stable,True
z_57.0_-9.0,2025,3,2025-T3,Stable,83.4,16.5,0.1,83.4,Diminution,False
z_57.0_0.0,2023,1,2023-T1,Stable,85.9,14.0,0.1,85.9,Stable,True
z_57.0_0.0,2023,2,2023-T2,Stable,87.0,12.9,0.2,87.0,Stable,True
z_57.0_0.0,2023,3,2023-T3,Stable,86.4,13.4,0.2,86.4,Stable,True
z_57.0_0.0,2023,4,2023-T4,Stable,86.3,13.5,0.2,86.3,Stable,True
z_57.0_0.0,2024,1,2024-T1,Stable,85.9,14.0,0.1,85.9,Stable,True
z_57.0_0.0,2024,2,2024-T2,Stable,88.4,11.5,0.1,88.4,Stable,True
z_57.0_0.0,2024,3,2024-T3,Stable,86.2,13.6,0.2,86.2,Stable,True
z_57.0_0.0,2024,4,2024-T4,Stable,87.2,12.7,0.1,87.2,Stable,True
z_57.0_0.0,2025,1,2025-T1,Stable,84.9,14.9,0.1,84.9,Stable,True
z_57.0_0.0,2025,2,2025-T2,Stable,85.0,14.8,0.2,85.0,Stable,True
z_57.0_0.0,2025,3,2025-T3,Stable,87.0,12.9,0.1,87.0,Stable,True
z_57.0_0.0,2025,4,2025-T4,Stable,81.8,18.0,0.3,81.8,Stable,True
z_57.0_10.5,2023,1,2023-T1,Augmentation,49.3,49.3,39.6,11.2,Augmentation,True
z_57.0_10.5,2023,2,2023-T2,Diminution,52.8,39.5,52.8,7.8,Augmentation,False
z_57.0_10.5,2023,3,2023-T3,Diminution,48.0,43.3,48.0,8.6,Augmentation,False
z_57.0_10.5,2023,4,2023-T4,Augmentation,52.2,52.2,40.1,7.7,Stable,False
z_57.0_10.5,2024,1,2024-T1,Diminution,47.8,44.7,47.8,7.5,Stable,False
z_57.0_10.5,2024,2,2024-T2,Augmentation,51.5,51.5,41.3,7.2,Augmentation,True
z_57.0_10.5,2024,3,2024-T3,Diminution,46.7,46.7,46.7,6.6,Diminution,True
z_57.0_10.5,2024,4,2024-T4,Augmentation,52.1,52.1,38.4,9.6,Augmentation,True
z_57.0_10.5,2025,1,2025-T1,Augmentation,49.2,49.2,41.1,9.7,Diminution,False
z_57.0_10.5,2025,2,2025-T2,Diminution,46.9,43.8,46.9,9.3,Augmentation,False
z_57.0_10.5,2025,3,2025-T3,Augmentation,52.1,52.1,38.2,9.6,Diminution,False
z_57.0_10.5,2025,4,2025-T4,Diminution,51.0,38.1,51.0,10.9,Diminution,True
z_57.0_12.0,2023,1,2023-T1,Stable,73.1,23.2,3.8,73.1,Stable,True
z_57.0_12.0,2023,2,2023-T2,Stable,78.7,18.6,2.7,78.7,Stable,True
z_57.0_12.0,2023,3,2023-T3,Stable,80.8,16.7,2.4,80.8,Stable,True
z_57.0_12.0,2023,4,2023-T4,Stable,74.5,20.3,5.2,74.5,Stable,True
z_57.0_12.0,2024,1,2024-T1,Stable,75.6,21.6,2.8,75.6,Stable,True
z_57.0_12.0,2024,2,2024-T2,Stable,76.4,19.6,4.0,76.4,Stable,True
z_57.0_12.0,2024,3,2024-T3,Stable,79.4,17.9,2.6,79.4,Augmentation,False
z_57.0_12.0,2024,4,2024-T4,Stable,76.1,21.2,2.7,76.1,Diminution,False
z_57.0_12.0,2025,1,2025-T1,Stable,70.2,26.2,3.6,70.2,Diminution,False
z_57.0_12.0,2025,2,2025-T2,Stable,77.8,19.9,2.3,77.8,Diminution,False
z_57.0_12.0,2025,3,2025-T3,Stable,79.4,18.2,2.4,79.4,Augmentation,False
z_57.0_12.0,2025,4,2025-T4,Stable,76.3,20.5,3.2,76.3,Diminution,False
z_57.0_16.5,2023,1,2023-T1,Stable,73.3,25.8,0.9,73.3,Diminution,False
z_57.0_16.5,2023,2,2023-T2,Stable,78.5,21.1,0.5,78.5,Stable,True
z_57.0_16.5,2023,3,2023-T3,Stable,78.5,20.1,1.4,78.5,Stable,True
z_57.0_16.5,2023,4,2023-T4,Stable,70.2,28.1,1.6,70.2,Stable,True
z_57.0_16.5,2024,1,2024-T1,Stable,68.2,30.2,1.6,68.2,Diminution,False
z_57.0_16.5,2024,2,2024-T2,Stable,75.0,24.6,0.4,75.0,Stable,True
z_57.0_16.5,2024,3,2024-T3,Stable,68.3,29.4,2.3,68.3,Diminution,False
z_57.0_16.5,2024,4,2024-T4,Stable,76.1,23.2,0.7,76.1,Diminution,False
z_57.0_16.5,2025,1,2025-T1,Stable,78.2,21.0,0.9,78.2,Stable,True
z_57.0_16.5,2025,2,2025-T2,Stable,75.9,23.9,0.2,75.9,Stable,True
z_57.0_16.5,2025,3,2025-T3,Stable,57.3,40.1,2.6,57.3,Stable,True
z_57.0_16.5,2025,4,2025-T4,Stable,59.4,37.4,3.2,59.4,Diminution,False
z_57.0_18.0,2023,1,2023-T1,Stable,68.4,29.6,2.0,68.4,Stable,True
z_57.0_18.0,2023,2,2023-T2,Stable,78.0,20.9,1.1,78.0,Stable,True
z_57.0_18.0,2023,3,2023-T3,Stable,71.7,25.1,3.2,71.7,Augmentation,False
z_57.0_18.0,2023,4,2023-T4,Stable,70.3,28.8,0.9,70.3,Stable,True
z_57.0_18.0,2024,1,2024-T1,Stable,75.8,22.4,1.9,75.8,Stable,True
z_57.0_18.0,2024,2,2024-T2,Stable,79.7,19.2,1.1,79.7,Stable,True
z_57.0_18.0,2024,3,2024-T3,Stable,67.3,30.7,2.0,67.3,Stable,True
z_57.0_18.0,2024,4,2024-T4,Stable,78.5,20.5,1.0,78.5,Stable,True
z_57.0_18.0,2025,1,2025-T1,Stable,77.9,20.8,1.4,77.9,Stable,True
z_57.0_18.0,2025,2,2025-T2,Stable,84.7,14.3,1.0,84.7,Stable,True
z_57.0_18.0,2025,3,2025-T3,Stable,72.0,24.6,3.3,72.0,Stable,True
z_57.0_18.0,2025,4,2025-T4,Stable,83.8,15.5,0.7,83.8,Stable,True
z_57.0_19.5,2023,1,2023-T1,Stable,83.7,16.1,0.2,83.7,Stable,True
z_57.0_19.5,2023,2,2023-T2,Stable,83.8,16.1,0.1,83.8,Stable,True
z_57.0_19.5,2023,3,2023-T3,Stable,87.2,12.7,0.1,87.2,Stable,True
z_57.0_19.5,2023,4,2023-T4,Stable,86.6,13.3,0.1,86.6,Stable,True
z_57.0_19.5,2024,1,2024-T1,Stable,82.0,17.7,0.3,82.0,Stable,True
z_57.0_19.5,2024,2,2024-T2,Stable,85.6,14.3,0.1,85.6,Stable,True
z_57.0_19.5,2024,3,2024-T3,Stable,82.3,17.6,0.1,82.3,Stable,True
z_57.0_19.5,2024,4,2024-T4,Stable,81.4,18.5,0.2,81.4,Diminution,False
z_57.0_19.5,2025,1,2025-T1,Stable,81.0,18.7,0.3,81.0,Stable,True
z_57.0_19.5,2025,2,2025-T2,Stable,85.3,14.5,0.2,85.3,Stable,True
z_57.0_19.5,2025,3,2025-T3,Stable,86.9,13.0,0.1,86.9,Stable,True
z_57.0_19.5,2025,4,2025-T4,Stable,87.6,12.2,0.2,87.6,Diminution,False
z_57.0_21.0,2023,1,2023-T1,Stable,78.8,20.5,0.7,78.8,Stable,True
z_57.0_21.0,2023,2,2023-T2,Stable,87.2,12.7,0.1,87.2,Stable,True
z_57.0_21.0,2023,3,2023-T3,Stable,81.5,18.3,0.2,81.5,Stable,True
z_57.0_21.0,2023,4,2023-T4,Stable,81.0,18.8,0.2,81.0,Stable,True
z_57.0_21.0,2024,1,2024-T1,Stable,76.2,23.1,0.8,76.2,Stable,True
z_57.0_21.0,2024,2,2024-T2,Stable,85.3,14.6,0.1,85.3,Stable,True
z_57.0_21.0,2024,3,2024-T3,Stable,86.2,13.7,0.1,86.2,Stable,True
z_57.0_21.0,2024,4,2024-T4,Stable,85.8,14.1,0.1,85.8,Stable,True
z_57.0_21.0,2025,1,2025-T1,Stable,80.4,19.1,0.5,80.4,Stable,True
z_57.0_21.0,2025,2,2025-T2,Stable,89.2,10.7,0.1,89.2,Stable,True
z_57.0_21.0,2025,3,2025-T3,Stable,87.6,12.3,0.1,87.6,Stable,True
z_57.0_21.0,2025,4,2025-T4,Stable,87.5,12.4,0.1,87.5,Stable,True
z_57.0_22.5,2023,1,2023-T1,Stable,83.5,16.2,0.3,83.5,Diminution,False
z_57.0_22.5,2023,2,2023-T2,Stable,85.4,14.5,0.1,85.4,Stable,True
z_57.0_22.5,2023,3,2023-T3,Stable,80.4,19.3,0.3,80.4,Stable,True
z_57.0_22.5,2023,4,2023-T4,Stable,84.6,15.0,0.4,84.6,Augmentation,False
z_57.0_22.5,2024,1,2024-T1,Stable,69.7,29.5,0.7,69.7,Stable,True
z_57.0_22.5,2024,2,2024-T2,Stable,75.9,23.3,0.8,75.9,Stable,True
z_57.0_22.5,2024,3,2024-T3,Stable,72.6,26.6,0.8,72.6,Stable,True
z_57.0_22.5,2024,4,2024-T4,Stable,75.6,23.9,0.5,75.6,Stable,True
z_57.0_22.5,2025,1,2025-T1,Stable,68.9,30.3,0.8,68.9,Diminution,False
z_57.0_22.5,2025,2,2025-T2,Stable,63.9,33.3,2.9,63.9,Stable,True
z_57.0_22.5,2025,3,2025-T3,Stable,56.2,29.7,14.1,56.2,Stable,True
z_57.0_22.5,2025,4,2025-T4,Stable,50.1,37.6,12.3,50.1,Stable,True
z_57.0_24.0,2023,1,2023-T1,Stable,79.3,20.2,0.6,79.3,Diminution,False
z_57.0_24.0,2023,2,2023-T2,Stable,73.5,26.1,0.4,73.5,Diminution,False
z_57.0_24.0,2023,3,2023-T3,Stable,84.2,15.5,0.3,84.2,Stable,True
z_57.0_24.0,2023,4,2023-T4,Stable,83.7,15.9,0.4,83.7,Stable,True
z_57.0_24.0,2024,1,2024-T1,Stable,80.9,18.6,0.5,80.9,Diminution,False
z_57.0_24.0,2024,2,2024-T2,Stable,83.8,16.0,0.1,83.8,Diminution,False
z_57.0_24.0,2024,3,2024-T3,Stable,84.7,15.0,0.3,84.7,Stable,True
z_57.0_24.0,2024,4,2024-T4,Stable,83.7,15.9,0.4,83.7,Stable,True
z_57.0_24.0,2025,1,2025-T1,Stable,80.8,18.8,0.4,80.8,Augmentation,False
z_57.0_24.0,2025,2,2025-T2,Stable,84.8,14.6,0.6,84.8,Diminution,False
z_57.0_24.0,2025,3,2025-T3,Stable,81.8,17.9,0.4,81.8,Stable,True
z_57.0_24.0,2025,4,2025-T4,Stable,81.7,18.0,0.3,81.7,Stable,True
z_57.0_3.0,2023,1,2023-T1,Stable,81.6,18.3,0.1,81.6,Stable,True
z_57.0_3.0,2023,2,2023-T2,Stable,84.1,15.8,0.1,84.1,Stable,True
z_57.0_3.0,2023,3,2023-T3,Stable,85.2,14.6,0.2,85.2,Stable,True
z_57.0_3.0,2023,4,2023-T4,Stable,82.5,17.3,0.2,82.5,Stable,True
z_57.0_3.0,2024,1,2024-T1,Stable,82.7,17.2,0.1,82.7,Stable,True
z_57.0_3.0,2024,2,2024-T2,Stable,87.3,12.6,0.1,87.3,Stable,True
z_57.0_3.0,2024,3,2024-T3,Stable,82.7,17.1,0.2,82.7,Stable,True
z_57.0_3.0,2024,4,2024-T4,Stable,83.9,16.0,0.1,83.9,Stable,True
z_57.0_3.0,2025,1,2025-T1,Stable,78.2,21.6,0.2,78.2,Stable,True
z_57.0_3.0,2025,2,2025-T2,Stable,79.1,20.7,0.2,79.1,Stable,True
z_57.0_3.0,2025,3,2025-T3,Stable,79.5,20.3,0.2,79.5,Stable,True
z_57.0_3.0,2025,4,2025-T4,Stable,79.7,20.2,0.1,79.7,Stable,True
z_57.0_4.5,2023,1,2023-T1,Stable,80.6,18.8,0.6,80.6,Augmentation,False
z_57.0_4.5,2023,2,2023-T2,Stable,74.8,24.0,1.3,74.8,Stable,True
z_57.0_4.5,2023,3,2023-T3,Stable,78.5,19.4,2.1,78.5,Stable,True
z_57.0_4.5,2023,4,2023-T4,Stable,76.1,23.0,0.9,76.1,Stable,True
z_57.0_4.5,2024,1,2024-T1,Stable,73.0,25.3,1.7,73.0,Stable,True
z_57.0_4.5,2024,2,2024-T2,Stable,75.0,23.8,1.2,75.0,Stable,True
z_57.0_4.5,2024,3,2024-T3,Stable,78.4,21.0,0.6,78.4,Augmentation,False
z_57.0_4.5,2024,4,2024-T4,Stable,70.4,28.5,1.1,70.4,Stable,True
z_57.0_4.5,2025,1,2025-T1,Stable,65.1,31.6,3.3,65.1,Stable,True
z_57.0_4.5,2025,2,2025-T2,Stable,77.7,21.0,1.3,77.7,Stable,True
z_57.0_4.5,2025,3,2025-T3,Stable,82.2,16.7,1.1,82.2,Stable,True
z_57.0_4.5,2025,4,2025-T4,Stable,79.5,19.6,0.9,79.5,Stable,True
z_57.0_6.0,2023,1,2023-T1,Stable,73.6,25.8,0.6,73.6,Stable,True
z_57.0_6.0,2023,2,2023-T2,Stable,87.4,12.5,0.1,87.4,Stable,True
z_57.0_6.0,2023,3,2023-T3,Stable,80.7,19.0,0.3,80.7,Stable,True
z_57.0_6.0,2023,4,2023-T4,Stable,79.1,20.7,0.2,79.1,Stable,True
z_57.0_6.0,2024,1,2024-T1,Stable,79.3,20.3,0.4,79.3,Stable,True
z_57.0_6.0,2024,2,2024-T2,Stable,73.3,26.2,0.4,73.3,Stable,True
z_57.0_6.0,2024,3,2024-T3,Stable,77.7,21.7,0.6,77.7,Stable,True
z_57.0_6.0,2024,4,2024-T4,Stable,81.4,18.2,0.4,81.4,Stable,True
z_57.0_6.0,2025,1,2025-T1,Stable,78.1,21.4,0.5,78.1,Stable,True
z_57.0_6.0,2025,2,2025-T2,Stable,86.3,13.6,0.1,86.3,Stable,True
z_57.0_6.0,2025,3,2025-T3,Stable,83.3,16.6,0.2,83.3,Stable,True
z_57.0_6.0,2025,4,2025-T4,Stable,81.1,18.6,0.3,81.1,Stable,True
z_57.0_7.5,2023,1,2023-T1,Stable,71.5,24.6,3.9,71.5,Stable,True
z_57.0_7.5,2023,2,2023-T2,Stable,80.3,18.3,1.4,80.3,Stable,True
z_57.0_7.5,2023,3,2023-T3,Stable,60.8,33.8,5.4,60.8,Diminution,False
z_57.0_7.5,2023,4,2023-T4,Stable,66.3,27.5,6.2,66.3,Augmentation,False
z_57.0_7.5,2024,1,2024-T1,Stable,48.4,47.9,3.7,48.4,Diminution,False
z_57.0_7.5,2024,2,2024-T2,Stable,61.9,33.8,4.3,61.9,Stable,True
z_57.0_7.5,2024,3,2024-T3,Stable,54.9,40.9,4.2,54.9,Diminution,False
z_57.0_7.5,2024,4,2024-T4,Stable,56.8,37.8,5.4,56.8,Stable,True
z_57.0_7.5,2025,1,2025-T1,Stable,43.8,38.7,17.5,43.8,Stable,True
z_57.0_7.5,2025,2,2025-T2,Stable,56.3,27.5,16.2,56.3,Stable,True
z_57.0_7.5,2025,3,2025-T3,Augmentation,43.0,43.0,14.1,42.9,Diminution,False
z_57.0_7.5,2025,4,2025-T4,Stable,51.3,27.9,20.8,51.3,Stable,True
z_57.0_9.0,2023,1,2023-T1,Augmentation,34.8,34.8,34.5,30.7,Augmentation,True
z_57.0_9.0,2023,2,2023-T2,Augmentation,38.4,38.4,33.2,28.4,Stable,False
z_57.0_9.0,2023,3,2023-T3,Augmentation,43.3,43.3,29.9,26.9,Stable,False
z_57.0_9.0,2023,4,2023-T4,Diminution,41.4,35.8,41.4,22.8,Stable,False
z_57.0_9.0,2024,1,2024-T1,Augmentation,34.6,34.6,33.6,31.8,Stable,False
z_57.0_9.0,2024,2,2024-T2,Stable,35.8,32.8,31.4,35.8,Stable,True
z_57.0_9.0,2024,3,2024-T3,Stable,71.5,25.9,2.6,71.5,Stable,True
z_57.0_9.0,2024,4,2024-T4,Stable,72.7,23.7,3.6,72.7,Stable,True
z_57.0_9.0,2025,1,2025-T1,Stable,53.4,39.0,7.6,53.4,Stable,True
z_57.0_9.0,2025,2,2025-T2,Augmentation,44.2,44.2,23.7,32.1,Stable,False
z_57.0_9.0,2025,3,2025-T3,Stable,46.8,43.9,9.3,46.8,Stable,True
z_57.0_9.0,2025,4,2025-T4,Stable,66.0,29.1,4.8,66.0,Diminution,False
z_58.5_-1.5,2023,1,2023-T1,Stable,83.2,16.6,0.2,83.2,Stable,True
z_58.5_-1.5,2023,2,2023-T2,Stable,84.9,15.0,0.1,84.9,Stable,True
z_58.5_-1.5,2023,3,2023-T3,Stable,83.9,15.9,0.2,83.9,Stable,True
z_58.5_-1.5,2023,4,2023-T4,Stable,82.8,16.9,0.3,82.8,Diminution,False
z_58.5_-1.5,2024,1,2024-T1,Stable,85.2,14.6,0.1,85.2,Stable,True
z_58.5_-1.5,2024,2,2024-T2,Stable,83.8,16.1,0.1,83.8,Stable,True
z_58.5_-1.5,2024,3,2024-T3,Stable,83.3,16.5,0.2,83.3,Stable,True
z_58.5_-1.5,2024,4,2024-T4,Stable,83.8,16.0,0.3,83.8,Diminution,False
z_58.5_-1.5,2025,1,2025-T1,Stable,80.7,19.1,0.2,80.7,Stable,True
z_58.5_-1.5,2025,2,2025-T2,Stable,87.3,12.6,0.1,87.3,Stable,True
z_58.5_-1.5,2025,3,2025-T3,Stable,85.0,14.9,0.2,85.0,Stable,True
z_58.5_-1.5,2025,4,2025-T4,Stable,84.5,15.3,0.3,84.5,Diminution,False
z_58.5_-10.5,2023,1,2023-T1,Stable,80.0,19.6,0.3,80.0,Stable,True
z_58.5_-10.5,2024,1,2024-T1,Stable,80.0,19.6,0.3,80.0,Stable,True
z_58.5_-10.5,2025,1,2025-T1,Stable,80.0,19.6,0.3,80.0,Stable,True
z_58.5_-3.0,2023,1,2023-T1,Stable,79.2,20.6,0.2,79.2,Stable,True
z_58.5_-3.0,2023,2,2023-T2,Stable,80.1,19.5,0.4,80.1,Stable,True
z_58.5_-3.0,2023,3,2023-T3,Stable,80.9,18.7,0.4,80.9,Diminution,False
z_58.5_-3.0,2023,4,2023-T4,Stable,84.5,15.2,0.2,84.5,Diminution,False
z_58.5_-3.0,2024,1,2024-T1,Stable,80.3,19.3,0.3,80.3,Stable,True
z_58.5_-3.0,2024,2,2024-T2,Stable,85.9,13.8,0.3,85.9,Stable,True
z_58.5_-3.0,2024,3,2024-T3,Stable,81.4,18.0,0.6,81.4,Diminution,False
z_58.5_-3.0,2024,4,2024-T4,Stable,83.4,16.5,0.1,83.4,Diminution,False
z_58.5_-3.0,2025,1,2025-T1,Stable,78.7,21.2,0.1,78.7,Stable,True
z_58.5_-3.0,2025,2,2025-T2,Stable,84.7,15.2,0.1,84.7,Stable,True
z_58.5_-3.0,2025,3,2025-T3,Stable,83.1,16.8,0.1,83.1,Diminution,False
z_58.5_-3.0,2025,4,2025-T4,Stable,83.0,16.8,0.2,83.0,Diminution,False
z_58.5_-6.0,2023,1,2023-T1,Stable,82.8,16.9,0.3,82.8,Stable,True
z_58.5_-6.0,2023,2,2023-T2,Stable,85.1,14.5,0.4,85.1,Stable,True
z_58.5_-6.0,2023,3,2023-T3,Stable,86.8,13.1,0.1,86.8,Stable,True
z_58.5_-6.0,2023,4,2023-T4,Stable,84.8,15.0,0.2,84.8,Stable,True
z_58.5_-6.0,2024,1,2024-T1,Stable,84.3,15.5,0.2,84.3,Stable,True
z_58.5_-6.0,2024,2,2024-T2,Stable,85.9,14.0,0.1,85.9,Stable,True
z_58.5_-6.0,2024,3,2024-T3,Stable,84.0,15.9,0.1,84.0,Stable,True
z_58.5_-6.0,2024,4,2024-T4,Stable,86.7,13.2,0.1,86.7,Stable,True
z_58.5_-6.0,2025,1,2025-T1,Stable,85.4,14.5,0.1,85.4,Stable,True
z_58.5_-6.0,2025,2,2025-T2,Stable,86.8,13.2,0.1,86.8,Stable,True
z_58.5_-6.0,2025,3,2025-T3,Stable,85.0,14.9,0.1,85.0,Stable,True
z_58.5_-6.0,2025,4,2025-T4,Stable,82.9,16.9,0.1,82.9,Stable,True
z_58.5_-9.0,2023,2,2023-T2,Stable,83.9,15.5,0.6,83.9,Stable,True
z_58.5_-9.0,2023,3,2023-T3,Stable,83.5,16.3,0.2,83.5,Stable,True
z_58.5_-9.0,2023,4,2023-T4,Stable,83.2,16.5,0.2,83.2,Stable,True
z_58.5_-9.0,2024,2,2024-T2,Stable,83.6,16.0,0.4,83.6,Stable,True
z_58.5_-9.0,2024,3,2024-T3,Stable,83.5,16.3,0.2,83.5,Stable,True
z_58.5_-9.0,2024,4,2024-T4,Stable,83.2,16.5,0.2,83.2,Stable,True
z_58.5_-9.0,2025,2,2025-T2,Stable,85.0,14.9,0.1,85.0,Stable,True
z_58.5_-9.0,2025,3,2025-T3,Stable,80.8,18.9,0.2,80.8,Stable,True
z_58.5_-9.0,2025,4,2025-T4,Stable,81.9,17.8,0.2,81.9,Stable,True
z_58.5_0.0,2023,1,2023-T1,Stable,80.7,18.9,0.4,80.7,Stable,True
z_58.5_0.0,2023,2,2023-T2,Stable,84.7,15.1,0.3,84.7,Stable,True
z_58.5_0.0,2023,3,2023-T3,Stable,86.5,13.4,0.1,86.5,Stable,True
z_58.5_0.0,2023,4,2023-T4,Stable,85.4,14.5,0.1,85.4,Stable,True
z_58.5_0.0,2024,1,2024-T1,Stable,82.6,17.3,0.1,82.6,Stable,True
z_58.5_0.0,2024,2,2024-T2,Stable,83.1,16.7,0.2,83.1,Stable,True
z_58.5_0.0,2024,3,2024-T3,Stable,81.4,18.4,0.2,81.4,Stable,True
z_58.5_0.0,2024,4,2024-T4,Stable,85.8,14.1,0.1,85.8,Stable,True
z_58.5_0.0,2025,1,2025-T1,Stable,81.6,18.0,0.3,81.6,Stable,True
z_58.5_0.0,2025,2,2025-T2,Stable,83.1,16.6,0.3,83.1,Stable,True
z_58.5_0.0,2025,3,2025-T3,Stable,85.3,14.6,0.1,85.3,Stable,True
z_58.5_0.0,2025,4,2025-T4,Stable,87.3,12.6,0.1,87.3,Diminution,False
z_58.5_1.5,2023,1,2023-T1,Stable,80.0,19.7,0.2,80.0,Stable,True
z_58.5_1.5,2023,2,2023-T2,Stable,84.3,15.4,0.2,84.3,Stable,True
z_58.5_1.5,2023,3,2023-T3,Stable,83.2,16.4,0.4,83.2,Stable,True
z_58.5_1.5,2023,4,2023-T4,Stable,84.6,15.2,0.2,84.6,Stable,True
z_58.5_1.5,2024,1,2024-T1,Stable,81.2,18.6,0.2,81.2,Stable,True
z_58.5_1.5,2024,2,2024-T2,Stable,84.3,15.4,0.2,84.3,Stable,True
z_58.5_1.5,2024,3,2024-T3,Stable,83.5,15.6,0.9,83.5,Stable,True
z_58.5_1.5,2024,4,2024-T4,Stable,81.5,18.3,0.2,81.5,Stable,True
z_58.5_1.5,2025,1,2025-T1,Stable,83.1,16.7,0.2,83.1,Stable,True
z_58.5_1.5,2025,2,2025-T2,Stable,84.8,15.0,0.2,84.8,Stable,True
z_58.5_1.5,2025,3,2025-T3,Stable,84.8,14.8,0.4,84.8,Stable,True
z_58.5_1.5,2025,4,2025-T4,Stable,84.8,15.1,0.1,84.8,Stable,True
z_58.5_10.5,2023,1,2023-T1,Augmentation,47.1,47.1,29.4,23.5,Stable,False
z_58.5_10.5,2023,2,2023-T2,Augmentation,45.1,45.1,31.1,23.8,Stable,False
z_58.5_10.5,2023,3,2023-T3,Augmentation,39.8,39.8,38.8,21.3,Stable,False
z_58.5_10.5,2023,4,2023-T4,Diminution,38.9,34.3,38.9,26.8,Augmentation,False
z_58.5_10.5,2024,1,2024-T1,Diminution,45.2,33.7,45.2,21.0,Stable,False
z_58.5_10.5,2024,2,2024-T2,Diminution,40.9,33.9,40.9,25.2,Diminution,True
z_58.5_10.5,2024,3,2024-T3,Diminution,47.3,33.2,47.3,19.5,Diminution,True
z_58.5_10.5,2024,4,2024-T4,Diminution,53.5,27.6,53.5,18.9,Diminution,True
z_58.5_10.5,2025,1,2025-T1,Diminution,50.7,27.7,50.7,21.5,Stable,False
z_58.5_10.5,2025,2,2025-T2,Diminution,51.0,30.0,51.0,19.0,Stable,False
z_58.5_10.5,2025,3,2025-T3,Diminution,55.2,27.7,55.2,17.1,Stable,False
z_58.5_10.5,2025,4,2025-T4,Diminution,51.4,29.3,51.4,19.2,Stable,False
z_58.5_15.0,2023,1,2023-T1,Stable,62.6,31.5,5.9,62.6,Diminution,False
z_58.5_15.0,2023,2,2023-T2,Stable,75.4,22.8,1.8,75.4,Stable,True
z_58.5_15.0,2023,3,2023-T3,Stable,80.8,17.9,1.2,80.8,Stable,True
z_58.5_15.0,2023,4,2023-T4,Stable,75.7,22.3,2.0,75.7,Stable,True
z_58.5_15.0,2024,1,2024-T1,Stable,69.0,26.1,4.9,69.0,Diminution,False
z_58.5_15.0,2024,2,2024-T2,Stable,76.6,21.7,1.7,76.6,Stable,True
z_58.5_15.0,2024,3,2024-T3,Stable,76.6,21.5,1.9,76.6,Diminution,False
z_58.5_15.0,2024,4,2024-T4,Stable,79.5,18.6,1.9,79.5,Stable,True
z_58.5_15.0,2025,1,2025-T1,Stable,73.1,25.3,1.6,73.1,Augmentation,False
z_58.5_15.0,2025,2,2025-T2,Stable,77.0,21.5,1.6,77.0,Stable,True
z_58.5_15.0,2025,3,2025-T3,Stable,74.4,23.7,2.0,74.4,Diminution,False
z_58.5_15.0,2025,4,2025-T4,Stable,76.2,22.0,1.8,76.2,Stable,True
z_58.5_16.5,2023,1,2023-T1,Augmentation,53.5,53.5,35.3,11.2,Diminution,False
z_58.5_16.5,2023,2,2023-T2,Augmentation,45.7,45.7,44.0,10.3,Diminution,False
z_58.5_16.5,2023,3,2023-T3,Augmentation,54.5,54.5,35.6,9.9,Stable,False
z_58.5_16.5,2023,4,2023-T4,Diminution,46.0,41.6,46.0,12.4,Stable,False
z_58.5_16.5,2024,1,2024-T1,Diminution,41.9,41.2,41.9,16.8,Diminution,True
z_58.5_16.5,2024,2,2024-T2,Diminution,45.1,42.6,45.1,12.3,Diminution,True
z_58.5_16.5,2024,3,2024-T3,Augmentation,46.3,46.3,39.8,13.9,Stable,False
z_58.5_16.5,2024,4,2024-T4,Diminution,49.3,37.0,49.3,13.7,Stable,False
z_58.5_16.5,2025,1,2025-T1,Diminution,49.7,33.6,49.7,16.7,Augmentation,False
z_58.5_16.5,2025,2,2025-T2,Augmentation,47.3,47.3,38.8,13.9,Augmentation,True
z_58.5_16.5,2025,3,2025-T3,Augmentation,57.3,57.3,32.9,9.8,Stable,False
z_58.5_16.5,2025,4,2025-T4,Augmentation,54.5,54.5,34.9,10.6,Diminution,False
z_58.5_18.0,2023,1,2023-T1,Diminution,44.0,36.6,44.0,19.4,Stable,False
z_58.5_18.0,2023,2,2023-T2,Diminution,44.1,41.5,44.1,14.4,Augmentation,False
z_58.5_18.0,2023,3,2023-T3,Diminution,47.9,33.6,47.9,18.5,Augmentation,False
z_58.5_18.0,2023,4,2023-T4,Diminution,47.9,37.1,47.9,15.0,Augmentation,False
z_58.5_18.0,2024,1,2024-T1,Augmentation,42.4,42.4,41.1,16.4,Stable,False
z_58.5_18.0,2024,2,2024-T2,Augmentation,45.3,45.3,37.3,17.4,Diminution,False
z_58.5_18.0,2024,3,2024-T3,Diminution,70.4,15.3,70.4,14.3,Stable,False
z_58.5_18.0,2024,4,2024-T4,Diminution,52.0,24.5,52.0,23.5,Augmentation,False
z_58.5_18.0,2025,1,2025-T1,Diminution,48.9,28.5,48.9,22.6,Stable,False
z_58.5_18.0,2025,2,2025-T2,Diminution,39.7,39.1,39.7,21.1,Augmentation,False
z_58.5_18.0,2025,3,2025-T3,Augmentation,46.0,46.0,40.0,14.0,Augmentation,True
z_58.5_18.0,2025,4,2025-T4,Augmentation,45.8,45.8,38.6,15.6,Diminution,False
z_58.5_19.5,2023,1,2023-T1,Stable,76.2,23.2,0.6,76.2,Stable,True
z_58.5_19.5,2023,2,2023-T2,Stable,75.7,23.9,0.5,75.7,Stable,True
z_58.5_19.5,2023,3,2023-T3,Stable,71.6,27.3,1.1,71.6,Stable,True
z_58.5_19.5,2023,4,2023-T4,Stable,77.6,21.7,0.7,77.6,Stable,True
z_58.5_19.5,2024,1,2024-T1,Stable,78.5,20.9,0.6,78.5,Stable,True
z_58.5_19.5,2024,2,2024-T2,Stable,84.9,14.8,0.3,84.9,Augmentation,False
z_58.5_19.5,2024,3,2024-T3,Stable,74.4,25.0,0.7,74.4,Stable,True
z_58.5_19.5,2024,4,2024-T4,Stable,76.6,22.4,1.0,76.6,Augmentation,False
z_58.5_19.5,2025,1,2025-T1,Stable,61.5,36.0,2.6,61.5,Stable,True
z_58.5_19.5,2025,2,2025-T2,Stable,73.2,24.4,2.4,73.2,Stable,True
z_58.5_19.5,2025,3,2025-T3,Stable,79.4,19.3,1.3,79.4,Stable,True
z_58.5_19.5,2025,4,2025-T4,Stable,76.6,22.3,1.2,76.6,Stable,True
z_58.5_21.0,2023,1,2023-T1,Stable,78.9,20.2,1.0,78.9,Stable,True
z_58.5_21.0,2023,2,2023-T2,Stable,83.0,16.5,0.5,83.0,Stable,True
z_58.5_21.0,2023,3,2023-T3,Stable,79.7,19.5,0.8,79.7,Stable,True
z_58.5_21.0,2023,4,2023-T4,Stable,85.9,13.5,0.5,85.9,Stable,True
z_58.5_21.0,2024,1,2024-T1,Stable,78.6,20.7,0.7,78.6,Stable,True
z_58.5_21.0,2024,2,2024-T2,Stable,87.3,12.3,0.4,87.3,Stable,True
z_58.5_21.0,2024,3,2024-T3,Stable,87.3,12.1,0.6,87.3,Stable,True
z_58.5_21.0,2024,4,2024-T4,Stable,76.6,22.4,1.0,76.6,Stable,True
z_58.5_21.0,2025,1,2025-T1,Stable,63.9,32.6,3.5,63.9,Stable,True
z_58.5_21.0,2025,2,2025-T2,Stable,60.8,37.1,2.1,60.8,Stable,True
z_58.5_21.0,2025,3,2025-T3,Stable,54.1,42.9,3.1,54.1,Stable,True
z_58.5_21.0,2025,4,2025-T4,Stable,67.4,30.6,2.1,67.4,Stable,True
z_58.5_22.5,2023,1,2023-T1,Stable,74.1,24.2,1.7,74.1,Stable,True
z_58.5_22.5,2023,2,2023-T2,Stable,72.7,25.7,1.6,72.7,Stable,True
z_58.5_22.5,2023,3,2023-T3,Stable,69.2,29.7,1.1,69.2,Stable,True
z_58.5_22.5,2023,4,2023-T4,Stable,66.3,30.8,2.9,66.3,Stable,True
z_58.5_22.5,2024,1,2024-T1,Stable,75.1,23.2,1.7,75.1,Stable,True
z_58.5_22.5,2024,2,2024-T2,Stable,71.6,27.1,1.2,71.6,Diminution,False
z_58.5_22.5,2024,3,2024-T3,Stable,68.0,29.4,2.6,68.0,Stable,True
z_58.5_22.5,2024,4,2024-T4,Stable,81.7,17.6,0.7,81.7,Stable,True
z_58.5_22.5,2025,1,2025-T1,Stable,73.0,26.1,0.9,73.0,Stable,True
z_58.5_22.5,2025,2,2025-T2,Stable,73.0,25.8,1.2,73.0,Stable,True
z_58.5_22.5,2025,3,2025-T3,Stable,79.1,20.4,0.5,79.1,Stable,True
z_58.5_22.5,2025,4,2025-T4,Stable,70.3,28.9,0.7,70.3,Stable,True
z_58.5_24.0,2023,1,2023-T1,Diminution,42.7,31.0,42.7,26.3,Diminution,True
z_58.5_24.0,2023,2,2023-T2,Diminution,37.3,35.2,37.3,27.5,Stable,False
z_58.5_24.0,2023,3,2023-T3,Diminution,38.6,37.6,38.6,23.7,Stable,False
z_58.5_24.0,2023,4,2023-T4,Diminution,55.2,22.7,55.2,22.1,Stable,False
z_58.5_24.0,2024,1,2024-T1,Diminution,45.8,30.1,45.8,24.1,Stable,False
z_58.5_24.0,2024,2,2024-T2,Diminution,49.1,29.0,49.1,21.8,Stable,False
z_58.5_24.0,2024,3,2024-T3,Augmentation,41.5,41.5,32.8,25.7,Stable,False
z_58.5_24.0,2024,4,2024-T4,Diminution,44.8,36.4,44.8,18.8,Diminution,True
z_58.5_24.0,2025,1,2025-T1,Augmentation,37.4,37.4,34.8,27.9,Diminution,False
z_58.5_24.0,2025,2,2025-T2,Stable,34.5,33.9,31.6,34.5,Augmentation,False
z_58.5_24.0,2025,3,2025-T3,Diminution,42.4,30.8,42.4,26.8,Stable,False
z_58.5_24.0,2025,4,2025-T4,Diminution,44.3,26.8,44.3,28.8,Diminution,True
z_58.5_25.5,2023,1,2023-T1,Stable,73.1,26.4,0.5,73.1,Stable,True
z_58.5_25.5,2023,2,2023-T2,Stable,79.5,19.9,0.6,79.5,Stable,True
z_58.5_25.5,2023,3,2023-T3,Stable,79.0,20.7,0.4,79.0,Stable,True
z_58.5_25.5,2023,4,2023-T4,Stable,87.6,12.3,0.1,87.6,Stable,True
z_58.5_25.5,2024,1,2024-T1,Stable,81.4,18.3,0.3,81.4,Stable,True
z_58.5_25.5,2024,2,2024-T2,Stable,79.9,19.8,0.2,79.9,Stable,True
z_58.5_25.5,2024,3,2024-T3,Stable,81.4,18.3,0.3,81.4,Stable,True
z_58.5_25.5,2024,4,2024-T4,Stable,74.5,25.1,0.4,74.5,Stable,True
z_58.5_25.5,2025,1,2025-T1,Stable,79.5,20.2,0.3,79.5,Stable,True
z_58.5_25.5,2025,2,2025-T2,Stable,86.0,13.9,0.1,86.0,Stable,True
z_58.5_25.5,2025,3,2025-T3,Stable,84.5,15.4,0.1,84.5,Stable,True
z_58.5_25.5,2025,4,2025-T4,Stable,82.7,17.1,0.2,82.7,Diminution,False
z_58.5_27.0,2023,1,2023-T1,Stable,78.9,20.7,0.4,78.9,Stable,True
z_58.5_27.0,2023,3,2023-T3,Stable,83.4,16.3,0.3,83.4,Stable,True
z_58.5_27.0,2023,4,2023-T4,Stable,83.2,16.4,0.4,83.2,Stable,True
z_58.5_27.0,2024,1,2024-T1,Stable,78.6,21.0,0.4,78.6,Stable,True
z_58.5_27.0,2024,3,2024-T3,Stable,83.7,15.9,0.4,83.7,Stable,True
z_58.5_27.0,2024,4,2024-T4,Stable,82.6,17.1,0.2,82.6,Stable,True
z_58.5_27.0,2025,1,2025-T1,Stable,83.0,16.6,0.3,83.0,Stable,True
z_58.5_27.0,2025,3,2025-T3,Stable,80.1,19.7,0.2,80.1,Stable,True
z_58.5_27.0,2025,4,2025-T4,Stable,80.3,19.3,0.3,80.3,Stable,True
z_58.5_28.5,2023,3,2023-T3,Stable,81.0,18.4,0.6,81.0,Stable,True
z_58.5_28.5,2023,4,2023-T4,Stable,79.6,19.6,0.8,79.6,Stable,True
z_58.5_28.5,2024,3,2024-T3,Stable,77.2,21.6,1.1,77.2,Stable,True
z_58.5_28.5,2024,4,2024-T4,Stable,78.5,20.2,1.3,78.5,Stable,True
z_58.5_28.5,2025,3,2025-T3,Stable,79.9,19.5,0.6,79.9,Stable,True
z_58.5_28.5,2025,4,2025-T4,Stable,77.2,21.9,0.8,77.2,Stable,True
z_58.5_3.0,2023,1,2023-T1,Stable,80.5,19.3,0.2,80.5,Stable,True
z_58.5_3.0,2023,2,2023-T2,Stable,87.3,12.5,0.2,87.3,Diminution,False
z_58.5_3.0,2023,3,2023-T3,Stable,84.4,15.4,0.2,84.4,Stable,True
z_58.5_3.0,2023,4,2023-T4,Stable,85.4,14.5,0.1,85.4,Stable,True
z_58.5_3.0,2024,1,2024-T1,Stable,81.9,17.9,0.2,81.9,Stable,True
z_58.5_3.0,2024,2,2024-T2,Stable,86.3,13.4,0.3,86.3,Diminution,False
z_58.5_3.0,2024,3,2024-T3,Stable,87.3,12.6,0.1,87.3,Stable,True
z_58.5_3.0,2024,4,2024-T4,Stable,86.9,13.0,0.1,86.9,Stable,True
z_58.5_3.0,2025,1,2025-T1,Stable,84.5,15.2,0.3,84.5,Stable,True
z_58.5_3.0,2025,2,2025-T2,Stable,84.9,15.0,0.1,84.9,Stable,True
z_58.5_3.0,2025,3,2025-T3,Stable,77.6,22.2,0.3,77.6,Stable,True
z_58.5_3.0,2025,4,2025-T4,Stable,78.9,20.5,0.6,78.9,Stable,True
z_58.5_4.5,2023,1,2023-T1,Diminution,44.8,26.3,44.8,28.9,Stable,False
z_58.5_4.5,2023,2,2023-T2,Augmentation,42.1,42.1,30.3,27.5,Diminution,False
z_58.5_4.5,2023,3,2023-T3,Diminution,54.7,27.0,54.7,18.3,Diminution,True
z_58.5_4.5,2023,4,2023-T4,Augmentation,40.8,40.8,31.1,28.1,Stable,False
z_58.5_4.5,2024,1,2024-T1,Augmentation,41.7,41.7,31.8,26.5,Augmentation,True
z_58.5_4.5,2024,2,2024-T2,Diminution,42.4,36.2,42.4,21.4,Stable,False
z_58.5_4.5,2024,3,2024-T3,Augmentation,51.8,51.8,29.7,18.5,Stable,False
z_58.5_4.5,2024,4,2024-T4,Augmentation,47.7,47.7,30.5,21.8,Stable,False
z_58.5_4.5,2025,1,2025-T1,Diminution,53.0,27.5,53.0,19.5,Diminution,True
z_58.5_4.5,2025,2,2025-T2,Diminution,47.4,31.9,47.4,20.7,Diminution,True
z_58.5_4.5,2025,3,2025-T3,Diminution,48.0,30.2,48.0,21.8,Diminution,True
z_58.5_4.5,2025,4,2025-T4,Diminution,67.1,16.2,67.1,16.7,Diminution,True
z_58.5_6.0,2023,1,2023-T1,Stable,81.2,18.6,0.2,81.2,Stable,True
z_58.5_6.0,2023,2,2023-T2,Stable,83.5,16.3,0.3,83.5,Stable,True
z_58.5_6.0,2023,3,2023-T3,Stable,82.6,17.0,0.3,82.6,Stable,True
z_58.5_6.0,2023,4,2023-T4,Stable,82.5,17.2,0.3,82.5,Stable,True
z_58.5_6.0,2024,1,2024-T1,Stable,81.2,18.6,0.2,81.2,Stable,True
z_58.5_6.0,2024,2,2024-T2,Stable,84.1,15.8,0.1,84.1,Stable,True
z_58.5_6.0,2024,3,2024-T3,Stable,79.0,20.6,0.4,79.0,Stable,True
z_58.5_6.0,2024,4,2024-T4,Stable,78.6,21.1,0.2,78.6,Stable,True
z_58.5_6.0,2025,1,2025-T1,Stable,75.0,24.6,0.4,75.0,Stable,True
z_58.5_6.0,2025,2,2025-T2,Stable,82.6,17.1,0.4,82.6,Stable,True
z_58.5_6.0,2025,3,2025-T3,Stable,82.0,17.7,0.3,82.0,Diminution,False
z_58.5_6.0,2025,4,2025-T4,Stable,82.5,17.2,0.3,82.5,Stable,True
z_58.5_9.0,2023,1,2023-T1,Stable,53.8,42.4,3.8,53.8,Stable,True
z_58.5_9.0,2023,2,2023-T2,Stable,59.4,35.4,5.2,59.4,Stable,True
z_58.5_9.0,2023,3,2023-T3,Stable,56.5,41.3,2.2,56.5,Stable,True
z_58.5_9.0,2023,4,2023-T4,Stable,66.8,31.6,1.6,66.8,Stable,True
z_58.5_9.0,2024,1,2024-T1,Stable,66.5,32.2,1.4,66.5,Stable,True
z_58.5_9.0,2024,2,2024-T2,Stable,61.6,35.8,2.6,61.6,Stable,True
z_58.5_9.0,2024,3,2024-T3,Stable,55.9,41.5,2.6,55.9,Stable,True
z_58.5_9.0,2024,4,2024-T4,Stable,61.5,36.7,1.8,61.5,Augmentation,False
z_58.5_9.0,2025,1,2025-T1,Stable,66.3,32.2,1.6,66.3,Stable,True
z_58.5_9.0,2025,2,2025-T2,Stable,68.3,30.1,1.6,68.3,Diminution,False
z_58.5_9.0,2025,3,2025-T3,Stable,66.8,30.0,3.1,66.8,Diminution,False
z_58.5_9.0,2025,4,2025-T4,Stable,67.6,29.1,3.2,67.6,Stable,True
z_60.0_-1.5,2023,1,2023-T1,Stable,79.6,20.1,0.4,79.6,Diminution,False
z_60.0_-1.5,2023,2,2023-T2,Stable,85.6,13.9,0.5,85.6,Diminution,False
z_60.0_-1.5,2023,3,2023-T3,Stable,78.1,20.6,1.2,78.1,Diminution,False
z_60.0_-1.5,2023,4,2023-T4,Stable,85.0,14.7,0.3,85.0,Diminution,False
z_60.0_-1.5,2024,1,2024-T1,Stable,84.4,15.4,0.2,84.4,Diminution,False
z_60.0_-1.5,2024,2,2024-T2,Stable,86.2,13.6,0.1,86.2,Diminution,False
z_60.0_-1.5,2024,3,2024-T3,Stable,80.8,18.6,0.6,80.8,Diminution,False
z_60.0_-1.5,2024,4,2024-T4,Stable,84.2,15.6,0.2,84.2,Diminution,False
z_60.0_-1.5,2025,1,2025-T1,Stable,82.3,17.3,0.4,82.3,Diminution,False
z_60.0_-1.5,2025,2,2025-T2,Stable,86.5,13.4,0.1,86.5,Diminution,False
z_60.0_-1.5,2025,3,2025-T3,Stable,81.4,18.5,0.2,81.4,Diminution,False
z_60.0_-1.5,2025,4,2025-T4,Stable,84.3,15.5,0.2,84.3,Diminution,False
z_60.0_-4.5,2023,1,2023-T1,Stable,79.0,20.2,0.8,79.0,Stable,True
z_60.0_-4.5,2023,2,2023-T2,Stable,82.9,16.4,0.7,82.9,Stable,True
z_60.0_-4.5,2023,3,2023-T3,Stable,84.5,14.9,0.6,84.5,Stable,True
z_60.0_-4.5,2023,4,2023-T4,Stable,82.9,16.4,0.7,82.9,Stable,True
z_60.0_-4.5,2024,1,2024-T1,Stable,81.6,17.4,1.0,81.6,Stable,True
z_60.0_-4.5,2024,2,2024-T2,Stable,77.8,21.1,1.1,77.8,Stable,True
z_60.0_-4.5,2024,3,2024-T3,Stable,78.6,20.7,0.7,78.6,Stable,True
z_60.0_-4.5,2024,4,2024-T4,Stable,76.7,22.0,1.3,76.7,Stable,True
z_60.0_-4.5,2025,1,2025-T1,Stable,76.5,22.6,0.8,76.5,Stable,True
z_60.0_-4.5,2025,2,2025-T2,Stable,80.6,18.1,1.3,80.6,Stable,True
z_60.0_-4.5,2025,3,2025-T3,Stable,82.3,17.0,0.7,82.3,Stable,True
z_60.0_-4.5,2025,4,2025-T4,Stable,81.5,17.7,0.8,81.5,Stable,True
z_60.0_-6.0,2023,2,2023-T2,Stable,86.7,13.2,0.1,86.7,Stable,True
z_60.0_-6.0,2024,2,2024-T2,Stable,86.7,13.2,0.1,86.7,Stable,True
z_60.0_-6.0,2025,2,2025-T2,Stable,86.5,13.5,0.1,86.5,Stable,True
z_60.0_-7.5,2023,2,2023-T2,Stable,83.7,16.3,0.0,83.7,Diminution,False
z_60.0_-7.5,2023,4,2023-T4,Stable,82.5,17.3,0.1,82.5,Stable,True
z_60.0_-7.5,2024,2,2024-T2,Stable,85.3,14.6,0.1,85.3,Diminution,False
z_60.0_-7.5,2024,4,2024-T4,Stable,84.4,15.5,0.2,84.4,Stable,True
z_60.0_-7.5,2025,2,2025-T2,Stable,83.3,16.6,0.2,83.3,Diminution,False
z_60.0_-7.5,2025,4,2025-T4,Stable,80.2,19.5,0.2,80.2,Stable,True
z_60.0_0.0,2023,1,2023-T1,Stable,83.2,16.5,0.3,83.2,Stable,True
z_60.0_0.0,2023,2,2023-T2,Stable,86.3,13.7,0.1,86.3,Stable,True
z_60.0_0.0,2023,3,2023-T3,Stable,82.7,16.9,0.5,82.7,Diminution,False
z_60.0_0.0,2023,4,2023-T4,Stable,84.9,14.9,0.2,84.9,Stable,True
z_60.0_0.0,2024,1,2024-T1,Stable,83.0,16.9,0.1,83.0,Stable,True
z_60.0_0.0,2024,2,2024-T2,Stable,85.8,14.1,0.1,85.8,Stable,True
z_60.0_0.0,2024,3,2024-T3,Stable,80.5,18.9,0.6,80.5,Diminution,False
z_60.0_0.0,2024,4,2024-T4,Stable,85.8,14.1,0.1,85.8,Stable,True
z_60.0_0.0,2025,1,2025-T1,Stable,85.1,14.7,0.1,85.1,Stable,True
z_60.0_0.0,2025,2,2025-T2,Stable,83.6,16.3,0.1,83.6,Stable,True
z_60.0_0.0,2025,3,2025-T3,Stable,83.8,16.0,0.2,83.8,Diminution,False
z_60.0_0.0,2025,4,2025-T4,Stable,87.0,12.9,0.1,87.0,Stable,True
z_60.0_1.5,2023,1,2023-T1,Stable,83.3,16.5,0.2,83.3,Stable,True
z_60.0_1.5,2023,2,2023-T2,Stable,86.9,13.0,0.1,86.9,Stable,True
z_60.0_1.5,2023,3,2023-T3,Stable,80.0,19.8,0.3,80.0,Stable,True
z_60.0_1.5,2023,4,2023-T4,Stable,76.0,23.7,0.3,76.0,Stable,True
z_60.0_1.5,2024,1,2024-T1,Stable,78.8,20.9,0.2,78.8,Diminution,False
z_60.0_1.5,2024,2,2024-T2,Stable,81.2,18.5,0.3,81.2,Stable,True
z_60.0_1.5,2024,3,2024-T3,Stable,77.4,22.3,0.4,77.4,Stable,True
z_60.0_1.5,2024,4,2024-T4,Stable,67.6,31.0,1.3,67.6,Stable,True
z_60.0_1.5,2025,1,2025-T1,Stable,74.2,24.9,0.9,74.2,Diminution,False
z_60.0_1.5,2025,2,2025-T2,Stable,78.7,20.7,0.6,78.7,Stable,True
z_60.0_1.5,2025,3,2025-T3,Stable,82.0,17.6,0.4,82.0,Stable,True
z_60.0_1.5,2025,4,2025-T4,Stable,81.4,18.2,0.4,81.4,Stable,True
z_60.0_16.5,2023,1,2023-T1,Stable,73.2,25.7,1.0,73.2,Diminution,False
z_60.0_16.5,2023,2,2023-T2,Stable,73.6,25.7,0.8,73.6,Stable,True
z_60.0_16.5,2023,3,2023-T3,Stable,76.8,22.3,0.9,76.8,Diminution,False
z_60.0_16.5,2023,4,2023-T4,Stable,81.4,17.6,1.0,81.4,Stable,True
z_60.0_16.5,2024,1,2024-T1,Stable,75.7,23.7,0.7,75.7,Stable,True
z_60.0_16.5,2024,2,2024-T2,Stable,75.6,24.0,0.4,75.6,Stable,True
z_60.0_16.5,2024,3,2024-T3,Stable,70.5,28.4,1.1,70.5,Diminution,False
z_60.0_16.5,2024,4,2024-T4,Stable,74.5,24.1,1.4,74.5,Stable,True
z_60.0_16.5,2025,1,2025-T1,Stable,75.2,24.1,0.7,75.2,Diminution,False
z_60.0_16.5,2025,2,2025-T2,Stable,75.5,24.1,0.4,75.5,Stable,True
z_60.0_16.5,2025,3,2025-T3,Stable,78.8,20.5,0.8,78.8,Diminution,False
z_60.0_16.5,2025,4,2025-T4,Stable,72.0,27.1,0.9,72.0,Diminution,False
z_60.0_18.0,2023,1,2023-T1,Stable,63.8,34.4,1.9,63.8,Stable,True
z_60.0_18.0,2023,2,2023-T2,Stable,67.6,30.3,2.1,67.6,Stable,True
z_60.0_18.0,2023,3,2023-T3,Stable,77.0,21.2,1.8,77.0,Stable,True
z_60.0_18.0,2023,4,2023-T4,Stable,71.7,26.8,1.5,71.7,Augmentation,False
z_60.0_18.0,2024,1,2024-T1,Stable,70.0,28.1,1.9,70.0,Stable,True
z_60.0_18.0,2024,2,2024-T2,Stable,72.9,24.5,2.5,72.9,Stable,True
z_60.0_18.0,2024,3,2024-T3,Stable,71.6,26.8,1.6,71.6,Stable,True
z_60.0_18.0,2024,4,2024-T4,Stable,70.3,27.9,1.8,70.3,Stable,True
z_60.0_18.0,2025,1,2025-T1,Stable,75.3,24.0,0.7,75.3,Stable,True
z_60.0_18.0,2025,2,2025-T2,Stable,84.6,15.0,0.4,84.6,Stable,True
z_60.0_18.0,2025,3,2025-T3,Stable,82.2,17.3,0.5,82.2,Stable,True
z_60.0_18.0,2025,4,2025-T4,Stable,73.4,24.5,2.1,73.4,Stable,True
z_60.0_19.5,2023,1,2023-T1,Stable,83.1,16.5,0.4,83.1,Stable,True
z_60.0_19.5,2023,2,2023-T2,Stable,84.9,14.8,0.3,84.9,Stable,True
z_60.0_19.5,2023,3,2023-T3,Stable,86.7,13.2,0.1,86.7,Stable,True
z_60.0_19.5,2023,4,2023-T4,Stable,83.9,15.7,0.4,83.9,Stable,True
z_60.0_19.5,2024,1,2024-T1,Stable,83.5,16.4,0.2,83.5,Stable,True
z_60.0_19.5,2024,2,2024-T2,Stable,84.6,15.2,0.2,84.6,Stable,True
z_60.0_19.5,2024,3,2024-T3,Stable,86.1,13.8,0.1,86.1,Stable,True
z_60.0_19.5,2024,4,2024-T4,Stable,83.5,16.3,0.2,83.5,Stable,True
z_60.0_19.5,2025,1,2025-T1,Stable,82.8,17.1,0.1,82.8,Stable,True
z_60.0_19.5,2025,2,2025-T2,Stable,82.5,17.4,0.1,82.5,Stable,True
z_60.0_19.5,2025,3,2025-T3,Stable,83.0,16.8,0.2,83.0,Stable,True
z_60.0_19.5,2025,4,2025-T4,Stable,86.2,13.6,0.2,86.2,Stable,True
z_60.0_21.0,2023,1,2023-T1,Stable,82.4,17.3,0.3,82.4,Augmentation,False
z_60.0_21.0,2023,2,2023-T2,Stable,62.4,36.4,1.2,62.4,Stable,True
z_60.0_21.0,2023,3,2023-T3,Stable,54.8,39.0,6.3,54.8,Stable,True
z_60.0_21.0,2023,4,2023-T4,Stable,61.0,36.6,2.4,61.0,Stable,True
z_60.0_21.0,2024,1,2024-T1,Stable,71.4,25.5,3.1,71.4,Augmentation,False
z_60.0_21.0,2024,2,2024-T2,Stable,76.4,23.0,0.5,76.4,Augmentation,False
z_60.0_21.0,2024,3,2024-T3,Stable,46.4,37.7,15.9,46.4,Stable,True
z_60.0_21.0,2024,4,2024-T4,Stable,47.2,35.3,17.6,47.2,Augmentation,False
z_60.0_21.0,2025,1,2025-T1,Stable,41.4,39.1,19.5,41.4,Stable,True
z_60.0_21.0,2025,2,2025-T2,Stable,48.9,34.8,16.2,48.9,Stable,True
z_60.0_21.0,2025,3,2025-T3,Augmentation,36.1,36.1,28.3,35.6,Stable,False
z_60.0_21.0,2025,4,2025-T4,Stable,39.2,34.6,26.2,39.2,Stable,True
z_60.0_24.0,2023,1,2023-T1,Stable,78.8,20.7,0.5,78.8,Stable,True
z_60.0_24.0,2023,2,2023-T2,Stable,81.4,17.8,0.8,81.4,Diminution,False
z_60.0_24.0,2023,3,2023-T3,Stable,83.2,16.4,0.4,83.2,Stable,True
z_60.0_24.0,2023,4,2023-T4,Stable,80.5,19.0,0.5,80.5,Stable,True
z_60.0_24.0,2024,1,2024-T1,Stable,79.2,19.8,1.0,79.2,Stable,True
z_60.0_24.0,2024,2,2024-T2,Stable,81.2,18.2,0.6,81.2,Augmentation,False
z_60.0_24.0,2024,3,2024-T3,Stable,63.6,35.8,0.6,63.6,Stable,True
z_60.0_24.0,2024,4,2024-T4,Stable,66.1,31.1,2.8,66.1,Stable,True
z_60.0_24.0,2025,1,2025-T1,Stable,55.6,40.3,4.1,55.6,Stable,True
z_60.0_24.0,2025,2,2025-T2,Stable,59.3,37.4,3.3,59.3,Diminution,False
z_60.0_24.0,2025,3,2025-T3,Stable,76.5,22.5,1.1,76.5,Stable,True
z_60.0_24.0,2025,4,2025-T4,Stable,69.0,30.3,0.6,69.0,Stable,True
z_60.0_25.5,2023,1,2023-T1,Stable,79.4,20.2,0.4,79.4,Stable,True
z_60.0_25.5,2023,2,2023-T2,Stable,77.2,22.4,0.5,77.2,Stable,True
z_60.0_25.5,2023,3,2023-T3,Stable,75.1,24.0,0.8,75.1,Stable,True
z_60.0_25.5,2023,4,2023-T4,Stable,75.9,23.2,1.0,75.9,Stable,True
z_60.0_25.5,2024,1,2024-T1,Stable,71.7,27.7,0.6,71.7,Stable,True
z_60.0_25.5,2024,2,2024-T2,Stable,73.4,26.0,0.6,73.4,Stable,True
z_60.0_25.5,2024,3,2024-T3,Stable,73.3,26.0,0.7,73.3,Augmentation,False
z_60.0_25.5,2024,4,2024-T4,Stable,66.1,32.3,1.6,66.1,Stable,True
z_60.0_25.5,2025,1,2025-T1,Stable,70.2,28.5,1.2,70.2,Stable,True
z_60.0_25.5,2025,2,2025-T2,Stable,74.6,24.2,1.2,74.6,Stable,True
z_60.0_25.5,2025,3,2025-T3,Stable,75.1,23.1,1.8,75.1,Stable,True
z_60.0_25.5,2025,4,2025-T4,Stable,63.6,34.9,1.5,63.6,Stable,True
z_60.0_27.0,2023,1,2023-T1,Stable,80.1,19.1,0.7,80.1,Stable,True
z_60.0_27.0,2023,2,2023-T2,Stable,79.5,19.8,0.7,79.5,Diminution,False
z_60.0_27.0,2023,3,2023-T3,Stable,80.9,18.6,0.6,80.9,Stable,True
z_60.0_27.0,2023,4,2023-T4,Stable,80.4,19.1,0.5,80.4,Stable,True
z_60.0_27.0,2024,1,2024-T1,Stable,74.2,25.1,0.7,74.2,Stable,True
z_60.0_27.0,2024,2,2024-T2,Stable,82.8,16.8,0.5,82.8,Diminution,False
z_60.0_27.0,2024,3,2024-T3,Stable,82.2,17.3,0.5,82.2,Stable,True
z_60.0_27.0,2024,4,2024-T4,Stable,81.2,18.1,0.7,81.2,Stable,True
z_60.0_27.0,2025,1,2025-T1,Stable,80.0,19.3,0.7,80.0,Stable,True
z_60.0_27.0,2025,2,2025-T2,Stable,82.8,16.8,0.5,82.8,Diminution,False
z_60.0_27.0,2025,3,2025-T3,Stable,82.2,17.3,0.5,82.2,Stable,True
z_60.0_27.0,2025,4,2025-T4,Stable,81.2,18.1,0.7,81.2,Stable,True
z_60.0_28.5,2023,1,2023-T1,Stable,70.7,26.1,3.2,70.7,Diminution,False
z_60.0_28.5,2023,2,2023-T2,Stable,76.7,20.8,2.5,76.7,Diminution,False
z_60.0_28.5,2023,3,2023-T3,Stable,78.5,19.4,2.1,78.5,Stable,True
z_60.0_28.5,2023,4,2023-T4,Stable,76.6,20.6,2.8,76.6,Diminution,False
z_60.0_28.5,2024,1,2024-T1,Stable,76.2,21.0,2.7,76.2,Diminution,False
z_60.0_28.5,2024,2,2024-T2,Stable,78.9,18.9,2.2,78.9,Diminution,False
z_60.0_28.5,2024,3,2024-T3,Stable,78.4,19.3,2.3,78.4,Stable,True
z_60.0_28.5,2024,4,2024-T4,Stable,76.6,20.6,2.8,76.6,Diminution,False
z_60.0_28.5,2025,1,2025-T1,Stable,76.5,20.6,2.9,76.5,Diminution,False
z_60.0_28.5,2025,2,2025-T2,Stable,77.7,20.0,2.2,77.7,Diminution,False
z_60.0_28.5,2025,3,2025-T3,Stable,76.2,21.4,2.4,76.2,Stable,True
z_60.0_28.5,2025,4,2025-T4,Stable,76.7,20.5,2.8,76.7,Diminution,False
z_60.0_3.0,2023,1,2023-T1,Stable,79.9,19.8,0.2,79.9,Stable,True
z_60.0_3.0,2023,2,2023-T2,Stable,84.6,15.0,0.4,84.6,Stable,True
z_60.0_3.0,2023,3,2023-T3,Stable,84.1,15.8,0.1,84.1,Stable,True
z_60.0_3.0,2023,4,2023-T4,Stable,81.3,18.6,0.1,81.3,Stable,True
z_60.0_3.0,2024,1,2024-T1,Stable,82.8,17.0,0.2,82.8,Stable,True
z_60.0_3.0,2024,2,2024-T2,Stable,82.9,16.8,0.2,82.9,Stable,True
z_60.0_3.0,2024,3,2024-T3,Stable,79.0,20.8,0.1,79.0,Stable,True
z_60.0_3.0,2024,4,2024-T4,Stable,78.3,21.5,0.2,78.3,Stable,True
z_60.0_3.0,2025,1,2025-T1,Stable,78.7,21.1,0.2,78.7,Stable,True
z_60.0_3.0,2025,2,2025-T2,Stable,85.1,14.7,0.2,85.1,Stable,True
z_60.0_3.0,2025,3,2025-T3,Stable,77.4,22.4,0.2,77.4,Stable,True
z_60.0_3.0,2025,4,2025-T4,Stable,74.2,25.4,0.3,74.2,Stable,True
z_60.0_4.5,2023,1,2023-T1,Diminution,51.6,27.7,51.6,20.7,Stable,False
z_60.0_4.5,2023,2,2023-T2,Diminution,43.6,34.4,43.6,22.0,Diminution,True
z_60.0_4.5,2023,3,2023-T3,Diminution,41.2,32.9,41.2,25.9,Diminution,True
z_60.0_4.5,2023,4,2023-T4,Diminution,47.0,35.7,47.0,17.3,Diminution,True
z_60.0_4.5,2024,1,2024-T1,Diminution,57.5,22.5,57.5,20.0,Stable,False
z_60.0_4.5,2024,2,2024-T2,Diminution,53.4,25.4,53.4,21.2,Augmentation,False
z_60.0_4.5,2024,3,2024-T3,Diminution,40.6,37.4,40.6,22.0,Stable,False
z_60.0_4.5,2024,4,2024-T4,Diminution,48.0,36.2,48.0,15.8,Augmentation,False
z_60.0_4.5,2025,1,2025-T1,Diminution,43.3,40.6,43.3,16.2,Augmentation,False
z_60.0_4.5,2025,2,2025-T2,Augmentation,47.1,47.1,36.5,16.4,Augmentation,True
z_60.0_4.5,2025,3,2025-T3,Augmentation,47.5,47.5,39.3,13.2,Stable,False
z_60.0_4.5,2025,4,2025-T4,Augmentation,46.9,46.9,39.8,13.3,Diminution,False
z_60.0_6.0,2023,1,2023-T1,Stable,75.4,24.1,0.5,75.4,Diminution,False
z_60.0_6.0,2023,2,2023-T2,Stable,78.0,21.3,0.6,78.0,Diminution,False
z_60.0_6.0,2023,3,2023-T3,Stable,84.4,15.3,0.3,84.4,Stable,True
z_60.0_6.0,2023,4,2023-T4,Stable,82.5,17.2,0.2,82.5,Diminution,False
z_60.0_6.0,2024,1,2024-T1,Stable,81.2,18.6,0.1,81.2,Diminution,False
z_60.0_6.0,2024,2,2024-T2,Stable,85.2,14.6,0.2,85.2,Diminution,False
z_60.0_6.0,2024,3,2024-T3,Stable,82.2,17.4,0.4,82.2,Stable,True
z_60.0_6.0,2024,4,2024-T4,Stable,82.7,17.1,0.2,82.7,Diminution,False
z_60.0_6.0,2025,1,2025-T1,Stable,78.2,21.6,0.2,78.2,Diminution,False
z_60.0_6.0,2025,2,2025-T2,Stable,81.6,18.1,0.3,81.6,Diminution,False
z_60.0_6.0,2025,3,2025-T3,Stable,81.6,18.0,0.4,81.6,Augmentation,False
z_60.0_6.0,2025,4,2025-T4,Stable,73.5,25.9,0.6,73.5,Diminution,False
z_61.5_-1.5,2023,1,2023-T1,Stable,85.6,14.2,0.2,85.6,Stable,True
z_61.5_-1.5,2024,1,2024-T1,Stable,82.7,17.1,0.1,82.7,Stable,True
z_61.5_-1.5,2025,1,2025-T1,Stable,86.2,13.6,0.2,86.2,Stable,True
z_61.5_-7.5,2023,1,2023-T1,Stable,79.8,19.4,0.8,79.8,Diminution,False
z_61.5_-7.5,2023,2,2023-T2,Stable,81.9,17.4,0.6,81.9,Stable,True
z_61.5_-7.5,2023,3,2023-T3,Stable,75.1,23.4,1.5,75.1,Stable,True
z_61.5_-7.5,2023,4,2023-T4,Stable,66.8,30.2,3.0,66.8,Stable,True
z_61.5_-7.5,2024,1,2024-T1,Stable,75.9,21.9,2.2,75.9,Diminution,False
z_61.5_-7.5,2024,2,2024-T2,Stable,81.7,17.3,1.1,81.7,Stable,True
z_61.5_-7.5,2024,3,2024-T3,Stable,78.2,21.0,0.9,78.2,Stable,True
z_61.5_-7.5,2024,4,2024-T4,Stable,80.3,18.8,0.9,80.3,Stable,True
z_61.5_-7.5,2025,1,2025-T1,Stable,79.8,19.4,0.8,79.8,Diminution,False
z_61.5_-7.5,2025,2,2025-T2,Stable,80.6,18.5,0.9,80.6,Stable,True
z_61.5_-7.5,2025,3,2025-T3,Stable,81.8,17.5,0.7,81.8,Stable,True
z_61.5_-7.5,2025,4,2025-T4,Stable,75.5,23.5,1.0,75.5,Stable,True
z_61.5_0.0,2023,1,2023-T1,Stable,81.5,18.4,0.1,81.5,Stable,True
z_61.5_0.0,2023,2,2023-T2,Stable,84.6,15.3,0.1,84.6,Stable,True
z_61.5_0.0,2024,1,2024-T1,Stable,82.4,17.4,0.1,82.4,Stable,True
z_61.5_0.0,2024,2,2024-T2,Stable,86.5,13.5,0.1,86.5,Stable,True
z_61.5_0.0,2025,1,2025-T1,Stable,77.6,21.8,0.7,77.6,Stable,True
z_61.5_0.0,2025,2,2025-T2,Stable,77.0,22.8,0.2,77.0,Stable,True
z_61.5_1.5,2023,1,2023-T1,Stable,82.0,17.9,0.1,82.0,Stable,True
z_61.5_1.5,2023,2,2023-T2,Stable,83.4,16.2,0.3,83.4,Stable,True
z_61.5_1.5,2023,3,2023-T3,Stable,83.5,16.3,0.2,83.5,Stable,True
z_61.5_1.5,2023,4,2023-T4,Stable,83.8,16.1,0.1,83.8,Stable,True
z_61.5_1.5,2024,1,2024-T1,Stable,79.0,20.9,0.1,79.0,Stable,True
z_61.5_1.5,2024,2,2024-T2,Stable,83.3,16.5,0.2,83.3,Stable,True
z_61.5_1.5,2024,3,2024-T3,Stable,82.7,17.1,0.2,82.7,Stable,True
z_61.5_1.5,2024,4,2024-T4,Stable,83.5,16.3,0.2,83.5,Stable,True
z_61.5_1.5,2025,1,2025-T1,Stable,82.0,17.9,0.1,82.0,Stable,True
z_61.5_1.5,2025,2,2025-T2,Stable,85.0,14.9,0.1,85.0,Stable,True
z_61.5_1.5,2025,3,2025-T3,Stable,81.7,18.0,0.3,81.7,Stable,True
z_61.5_1.5,2025,4,2025-T4,Stable,82.7,17.0,0.3,82.7,Stable,True
z_61.5_16.5,2023,1,2023-T1,Stable,66.4,32.5,1.1,66.4,Stable,True
z_61.5_16.5,2023,2,2023-T2,Stable,76.4,22.5,1.1,76.4,Stable,True
z_61.5_16.5,2023,3,2023-T3,Stable,75.4,24.1,0.5,75.4,Stable,True
z_61.5_16.5,2023,4,2023-T4,Stable,76.4,22.1,1.5,76.4,Diminution,False
z_61.5_16.5,2024,1,2024-T1,Stable,81.0,18.8,0.2,81.0,Diminution,False
z_61.5_16.5,2024,2,2024-T2,Stable,82.1,17.4,0.5,82.1,Stable,True
z_61.5_16.5,2024,3,2024-T3,Stable,84.2,15.6,0.1,84.2,Stable,True
z_61.5_16.5,2024,4,2024-T4,Stable,67.6,31.1,1.3,67.6,Diminution,False
z_61.5_16.5,2025,1,2025-T1,Stable,76.7,22.5,0.8,76.7,Stable,True
z_61.5_16.5,2025,2,2025-T2,Stable,75.2,24.2,0.6,75.2,Stable,True
z_61.5_16.5,2025,3,2025-T3,Stable,74.7,24.4,0.8,74.7,Stable,True
z_61.5_16.5,2025,4,2025-T4,Stable,75.0,23.8,1.2,75.0,Diminution,False
z_61.5_18.0,2023,1,2023-T1,Stable,86.1,13.8,0.1,86.1,Stable,True
z_61.5_18.0,2023,2,2023-T2,Stable,87.3,12.5,0.2,87.3,Stable,True
z_61.5_18.0,2024,1,2024-T1,Stable,82.6,17.2,0.2,82.6,Stable,True
z_61.5_18.0,2024,2,2024-T2,Stable,87.1,12.8,0.2,87.1,Stable,True
z_61.5_18.0,2025,1,2025-T1,Stable,83.8,15.9,0.3,83.8,Stable,True
z_61.5_18.0,2025,2,2025-T2,Stable,84.3,15.5,0.2,84.3,Stable,True
z_61.5_19.5,2023,1,2023-T1,Stable,82.9,17.0,0.1,82.9,Stable,True
z_61.5_19.5,2023,2,2023-T2,Stable,85.9,14.0,0.1,85.9,Stable,True
z_61.5_19.5,2023,3,2023-T3,Stable,81.5,18.2,0.4,81.5,Stable,True
z_61.5_19.5,2023,4,2023-T4,Stable,82.7,17.1,0.2,82.7,Stable,True
z_61.5_19.5,2024,1,2024-T1,Stable,77.3,22.5,0.3,77.3,Stable,True
z_61.5_19.5,2024,2,2024-T2,Stable,84.2,15.6,0.2,84.2,Stable,True
z_61.5_19.5,2024,3,2024-T3,Stable,82.4,17.3,0.3,82.4,Stable,True
z_61.5_19.5,2024,4,2024-T4,Stable,83.5,16.3,0.2,83.5,Stable,True
z_61.5_19.5,2025,1,2025-T1,Stable,84.3,15.5,0.2,84.3,Stable,True
z_61.5_19.5,2025,2,2025-T2,Stable,80.2,19.6,0.2,80.2,Stable,True
z_61.5_19.5,2025,3,2025-T3,Stable,79.7,19.8,0.5,79.7,Stable,True
z_61.5_19.5,2025,4,2025-T4,Stable,83.1,16.5,0.4,83.1,Stable,True
z_61.5_21.0,2023,1,2023-T1,Stable,78.5,20.7,0.8,78.5,Stable,True
z_61.5_21.0,2023,2,2023-T2,Stable,81.8,17.4,0.7,81.8,Stable,True
z_61.5_21.0,2023,4,2023-T4,Stable,80.8,18.6,0.6,80.8,Stable,True
z_61.5_21.0,2024,1,2024-T1,Stable,79.3,20.4,0.3,79.3,Stable,True
z_61.5_21.0,2024,2,2024-T2,Stable,82.6,16.8,0.6,82.6,Stable,True
z_61.5_21.0,2024,4,2024-T4,Stable,81.6,18.0,0.4,81.6,Stable,True
z_61.5_21.0,2025,1,2025-T1,Stable,75.3,24.4,0.4,75.3,Stable,True
z_61.5_21.0,2025,2,2025-T2,Stable,76.3,23.1,0.6,76.3,Stable,True
z_61.5_21.0,2025,4,2025-T4,Stable,75.4,23.9,0.7,75.4,Stable,True
z_61.5_3.0,2023,1,2023-T1,Stable,85.5,14.0,0.5,85.5,Stable,True
z_61.5_3.0,2023,2,2023-T2,Stable,88.3,11.5,0.2,88.3,Stable,True
z_61.5_3.0,2023,4,2023-T4,Stable,81.1,18.3,0.6,81.1,Stable,True
z_61.5_3.0,2024,1,2024-T1,Stable,78.9,19.6,1.6,78.9,Stable,True
z_61.5_3.0,2024,2,2024-T2,Stable,81.6,17.3,1.1,81.6,Stable,True
z_61.5_3.0,2024,4,2024-T4,Stable,86.4,13.2,0.3,86.4,Stable,True
z_61.5_3.0,2025,1,2025-T1,Stable,84.7,14.8,0.5,84.7,Stable,True
z_61.5_3.0,2025,2,2025-T2,Stable,87.9,11.8,0.2,87.9,Stable,True
z_61.5_3.0,2025,4,2025-T4,Stable,86.4,13.2,0.3,86.4,Stable,True
z_61.5_4.5,2023,1,2023-T1,Diminution,38.9,37.3,38.9,23.8,Augmentation,False
z_61.5_4.5,2023,2,2023-T2,Augmentation,50.2,50.2,26.4,23.4,Stable,False
z_61.5_4.5,2023,3,2023-T3,Augmentation,54.1,54.1,24.7,21.2,Stable,False
z_61.5_4.5,2023,4,2023-T4,Augmentation,38.7,38.7,35.5,25.8,Diminution,False
z_61.5_4.5,2024,1,2024-T1,Diminution,36.0,35.9,36.0,28.1,Stable,False
z_61.5_4.5,2024,2,2024-T2,Diminution,36.6,35.6,36.6,27.8,Diminution,True
z_61.5_4.5,2024,3,2024-T3,Diminution,48.4,28.2,48.4,23.4,Stable,False
z_61.5_4.5,2024,4,2024-T4,Diminution,50.8,22.7,50.8,26.5,Diminution,True
z_61.5_4.5,2025,1,2025-T1,Diminution,48.4,27.0,48.4,24.7,Stable,False
z_61.5_4.5,2025,2,2025-T2,Diminution,39.3,34.1,39.3,26.7,Augmentation,False
z_61.5_4.5,2025,3,2025-T3,Augmentation,39.5,39.5,37.9,22.6,Stable,False
z_61.5_4.5,2025,4,2025-T4,Augmentation,50.9,50.9,20.5,28.6,Diminution,False
z_61.5_6.0,2023,1,2023-T1,Diminution,49.1,26.9,49.1,23.9,Stable,False
z_61.5_6.0,2023,2,2023-T2,Augmentation,41.7,41.7,31.0,27.4,Stable,False
z_61.5_6.0,2023,3,2023-T3,Diminution,40.3,35.7,40.3,24.1,Diminution,True
z_61.5_6.0,2023,4,2023-T4,Augmentation,41.6,41.6,34.8,23.7,Stable,False
z_61.5_6.0,2024,1,2024-T1,Augmentation,44.5,44.5,30.7,24.8,Stable,False
z_61.5_6.0,2024,2,2024-T2,Diminution,41.7,33.0,41.7,25.3,Diminution,True
z_61.5_6.0,2024,3,2024-T3,Augmentation,42.8,42.8,31.0,26.2,Stable,False
z_61.5_6.0,2024,4,2024-T4,Diminution,40.7,36.6,40.7,22.7,Stable,False
z_61.5_6.0,2025,1,2025-T1,Diminution,41.3,34.7,41.3,23.9,Augmentation,False
z_61.5_6.0,2025,2,2025-T2,Augmentation,41.1,41.1,35.4,23.5,Diminution,False
z_61.5_6.0,2025,3,2025-T3,Augmentation,41.3,41.3,31.8,26.9,Stable,False
z_61.5_6.0,2025,4,2025-T4,Augmentation,45.6,45.6,33.5,20.9,Stable,False
z_63.0_-13.5,2023,1,2023-T1,Stable,83.1,16.7,0.2,83.1,Stable,True
z_63.0_-13.5,2023,2,2023-T2,Stable,86.4,13.6,0.1,86.4,Diminution,False
z_63.0_-13.5,2023,3,2023-T3,Stable,81.9,17.9,0.2,81.9,Stable,True
z_63.0_-13.5,2023,4,2023-T4,Stable,82.3,17.5,0.2,82.3,Stable,True
z_63.0_-13.5,2024,1,2024-T1,Stable,84.9,15.0,0.1,84.9,Stable,True
z_63.0_-13.5,2024,2,2024-T2,Stable,86.3,13.6,0.1,86.3,Diminution,False
z_63.0_-13.5,2024,3,2024-T3,Stable,84.3,15.5,0.2,84.3,Stable,True
z_63.0_-13.5,2024,4,2024-T4,Stable,84.1,15.7,0.1,84.1,Stable,True
z_63.0_-13.5,2025,1,2025-T1,Stable,79.2,20.6,0.2,79.2,Stable,True
z_63.0_-13.5,2025,2,2025-T2,Stable,86.4,13.6,0.1,86.4,Diminution,False
z_63.0_-13.5,2025,3,2025-T3,Stable,85.7,14.2,0.1,85.7,Stable,True
z_63.0_-13.5,2025,4,2025-T4,Stable,85.9,14.0,0.1,85.9,Stable,True
z_63.0_-16.5,2023,1,2023-T1,Stable,85.4,14.5,0.2,85.4,Stable,True
z_63.0_-16.5,2023,2,2023-T2,Stable,83.8,16.1,0.1,83.8,Stable,True
z_63.0_-16.5,2023,3,2023-T3,Stable,85.8,14.0,0.2,85.8,Stable,True
z_63.0_-16.5,2023,4,2023-T4,Stable,84.4,15.3,0.4,84.4,Diminution,False
z_63.0_-16.5,2024,1,2024-T1,Stable,83.4,16.3,0.2,83.4,Stable,True
z_63.0_-16.5,2024,2,2024-T2,Stable,86.7,13.2,0.1,86.7,Stable,True
z_63.0_-16.5,2024,3,2024-T3,Stable,86.8,13.1,0.1,86.8,Stable,True
z_63.0_-16.5,2024,4,2024-T4,Stable,85.3,14.5,0.2,85.3,Diminution,False
z_63.0_-16.5,2025,1,2025-T1,Stable,86.2,13.7,0.1,86.2,Stable,True
z_63.0_-16.5,2025,2,2025-T2,Stable,86.5,13.3,0.2,86.5,Stable,True
z_63.0_-16.5,2025,3,2025-T3,Stable,85.1,14.7,0.2,85.1,Stable,True
z_63.0_-16.5,2025,4,2025-T4,Stable,86.9,13.0,0.1,86.9,Diminution,False
z_63.0_-21.0,2023,1,2023-T1,Stable,70.6,28.6,0.9,70.6,Stable,True
z_63.0_-21.0,2023,2,2023-T2,Stable,74.5,24.7,0.8,74.5,Stable,True
z_63.0_-21.0,2023,3,2023-T3,Stable,69.9,29.6,0.5,69.9,Diminution,False
z_63.0_-21.0,2023,4,2023-T4,Stable,75.1,24.0,0.9,75.1,Stable,True
z_63.0_-21.0,2024,1,2024-T1,Stable,67.8,31.1,1.1,67.8,Stable,True
z_63.0_-21.0,2024,2,2024-T2,Stable,67.1,31.7,1.2,67.1,Stable,True
z_63.0_-21.0,2024,3,2024-T3,Stable,79.4,19.9,0.7,79.4,Stable,True
z_63.0_-21.0,2024,4,2024-T4,Stable,77.9,21.5,0.6,77.9,Diminution,False
z_63.0_-21.0,2025,1,2025-T1,Stable,81.3,18.3,0.4,81.3,Stable,True
z_63.0_-21.0,2025,2,2025-T2,Stable,81.5,18.2,0.3,81.5,Stable,True
z_63.0_-21.0,2025,3,2025-T3,Stable,86.2,13.6,0.2,86.2,Diminution,False
z_63.0_-21.0,2025,4,2025-T4,Stable,82.8,16.8,0.4,82.8,Diminution,False
z_63.0_-22.5,2023,1,2023-T1,Stable,61.1,34.2,4.7,61.1,Diminution,False
z_63.0_-22.5,2023,2,2023-T2,Stable,75.3,22.2,2.5,75.3,Diminution,False
z_63.0_-22.5,2023,3,2023-T3,Stable,62.8,29.2,7.9,62.8,Augmentation,False
z_63.0_-22.5,2023,4,2023-T4,Stable,46.2,38.5,15.2,46.2,Stable,True
z_63.0_-22.5,2024,1,2024-T1,Augmentation,39.5,39.5,31.1,29.4,Diminution,False
z_63.0_-22.5,2024,2,2024-T2,Augmentation,38.5,38.5,31.1,30.4,Diminution,False
z_63.0_-22.5,2024,3,2024-T3,Augmentation,37.4,37.4,31.9,30.7,Stable,False
z_63.0_-22.5,2024,4,2024-T4,Augmentation,38.4,38.4,29.0,32.6,Stable,False
z_63.0_-22.5,2025,1,2025-T1,Stable,41.3,31.2,27.5,41.3,Diminution,False
z_63.0_-22.5,2025,2,2025-T2,Stable,64.8,25.8,9.4,64.8,Diminution,False
z_63.0_-22.5,2025,3,2025-T3,Stable,69.4,26.2,4.4,69.4,Stable,True
z_63.0_-22.5,2025,4,2025-T4,Stable,76.0,22.9,1.1,76.0,Diminution,False
z_63.0_-24.0,2023,1,2023-T1,Stable,76.7,22.6,0.7,76.7,Stable,True
z_63.0_-24.0,2023,2,2023-T2,Stable,79.1,19.8,1.1,79.1,Stable,True
z_63.0_-24.0,2023,3,2023-T3,Stable,74.9,23.1,2.0,74.9,Stable,True
z_63.0_-24.0,2023,4,2023-T4,Stable,80.9,18.7,0.5,80.9,Stable,True
z_63.0_-24.0,2024,1,2024-T1,Stable,82.2,17.0,0.7,82.2,Diminution,False
z_63.0_-24.0,2024,2,2024-T2,Stable,80.5,18.1,1.3,80.5,Stable,True
z_63.0_-24.0,2024,3,2024-T3,Stable,80.2,18.9,0.9,80.2,Stable,True
z_63.0_-24.0,2024,4,2024-T4,Stable,76.7,22.2,1.1,76.7,Stable,True
z_63.0_-24.0,2025,1,2025-T1,Stable,75.1,23.6,1.3,75.1,Diminution,False
z_63.0_-24.0,2025,2,2025-T2,Stable,84.4,14.9,0.7,84.4,Diminution,False
z_63.0_-24.0,2025,3,2025-T3,Stable,80.0,19.7,0.3,80.0,Stable,True
z_63.0_-24.0,2025,4,2025-T4,Stable,81.4,18.2,0.4,81.4,Stable,True
z_63.0_-7.5,2023,3,2023-T3,Stable,81.9,17.8,0.3,81.9,Stable,True
z_63.0_-7.5,2024,3,2024-T3,Stable,85.1,14.7,0.2,85.1,Stable,True
z_63.0_-7.5,2025,3,2025-T3,Stable,85.1,14.7,0.2,85.1,Stable,True
z_63.0_18.0,2023,1,2023-T1,Stable,78.7,21.0,0.3,78.7,Stable,True
z_63.0_18.0,2023,2,2023-T2,Stable,76.4,23.4,0.2,76.4,Stable,True
z_63.0_18.0,2023,3,2023-T3,Stable,76.8,22.9,0.3,76.8,Stable,True
z_63.0_18.0,2023,4,2023-T4,Stable,78.5,21.3,0.1,78.5,Stable,True
z_63.0_18.0,2024,1,2024-T1,Stable,82.9,16.9,0.1,82.9,Stable,True
z_63.0_18.0,2024,2,2024-T2,Stable,86.9,12.9,0.1,86.9,Stable,True
z_63.0_18.0,2024,3,2024-T3,Stable,80.5,19.4,0.1,80.5,Stable,True
z_63.0_18.0,2024,4,2024-T4,Stable,81.5,18.4,0.1,81.5,Stable,True
z_63.0_18.0,2025,1,2025-T1,Stable,78.1,21.5,0.4,78.1,Stable,True
z_63.0_18.0,2025,2,2025-T2,Stable,82.9,16.9,0.2,82.9,Stable,True
z_63.0_18.0,2025,3,2025-T3,Stable,84.3,15.5,0.2,84.3,Stable,True
z_63.0_18.0,2025,4,2025-T4,Stable,83.2,16.8,0.1,83.2,Stable,True
z_63.0_19.5,2023,1,2023-T1,Stable,83.4,16.5,0.1,83.4,Stable,True
z_63.0_19.5,2023,2,2023-T2,Stable,81.8,18.0,0.2,81.8,Diminution,False
z_63.0_19.5,2023,3,2023-T3,Stable,80.9,18.8,0.2,80.9,Stable,True
z_63.0_19.5,2023,4,2023-T4,Stable,86.2,13.5,0.3,86.2,Stable,True
z_63.0_19.5,2024,1,2024-T1,Stable,81.5,18.2,0.3,81.5,Stable,True
z_63.0_19.5,2024,2,2024-T2,Stable,81.2,18.7,0.1,81.2,Diminution,False
z_63.0_19.5,2024,3,2024-T3,Stable,80.8,19.0,0.2,80.8,Stable,True
z_63.0_19.5,2024,4,2024-T4,Stable,76.6,23.1,0.3,76.6,Stable,True
z_63.0_19.5,2025,1,2025-T1,Stable,80.1,19.7,0.2,80.1,Stable,True
z_63.0_19.5,2025,2,2025-T2,Stable,84.6,15.1,0.3,84.6,Stable,True
z_63.0_19.5,2025,3,2025-T3,Stable,79.0,20.8,0.2,79.0,Stable,True
z_63.0_19.5,2025,4,2025-T4,Stable,76.4,23.2,0.4,76.4,Stable,True
z_63.0_21.0,2023,1,2023-T1,Stable,76.6,23.0,0.4,76.6,Stable,True
z_63.0_21.0,2023,2,2023-T2,Stable,86.1,13.7,0.2,86.1,Stable,True
z_63.0_21.0,2023,3,2023-T3,Stable,85.1,14.6,0.3,85.1,Stable,True
z_63.0_21.0,2023,4,2023-T4,Stable,83.9,15.8,0.4,83.9,Diminution,False
z_63.0_21.0,2024,1,2024-T1,Stable,79.9,19.6,0.5,79.9,Stable,True
z_63.0_21.0,2024,2,2024-T2,Stable,82.3,17.5,0.2,82.3,Stable,True
z_63.0_21.0,2024,3,2024-T3,Stable,80.4,19.4,0.2,80.4,Stable,True
z_63.0_21.0,2024,4,2024-T4,Stable,80.8,18.8,0.4,80.8,Diminution,False
z_63.0_21.0,2025,1,2025-T1,Stable,80.0,19.5,0.5,80.0,Stable,True
z_63.0_21.0,2025,2,2025-T2,Stable,84.7,15.1,0.1,84.7,Stable,True
z_63.0_21.0,2025,3,2025-T3,Stable,85.2,14.5,0.4,85.2,Stable,True
z_63.0_21.0,2025,4,2025-T4,Stable,84.6,15.0,0.5,84.6,Diminution,False
z_63.0_22.5,2023,1,2023-T1,Stable,75.3,23.6,1.2,75.3,Stable,True
z_63.0_22.5,2023,2,2023-T2,Stable,80.8,18.7,0.4,80.8,Stable,True
z_63.0_22.5,2023,3,2023-T3,Stable,80.5,19.0,0.4,80.5,Stable,True
z_63.0_22.5,2023,4,2023-T4,Stable,79.8,19.5,0.7,79.8,Stable,True
z_63.0_22.5,2024,1,2024-T1,Stable,76.7,22.6,0.6,76.7,Stable,True
z_63.0_22.5,2024,2,2024-T2,Stable,80.8,18.7,0.4,80.8,Stable,True
z_63.0_22.5,2024,3,2024-T3,Stable,79.2,20.5,0.3,79.2,Stable,True
z_63.0_22.5,2024,4,2024-T4,Stable,74.9,24.6,0.5,74.9,Stable,True
z_63.0_22.5,2025,1,2025-T1,Stable,75.5,24.0,0.5,75.5,Stable,True
z_63.0_22.5,2025,2,2025-T2,Stable,77.2,22.1,0.6,77.2,Stable,True
z_63.0_22.5,2025,3,2025-T3,Stable,81.5,18.1,0.4,81.5,Stable,True
z_63.0_22.5,2025,4,2025-T4,Stable,81.9,17.6,0.5,81.9,Stable,True
z_63.0_4.5,2023,1,2023-T1,Stable,85.5,14.2,0.3,85.5,Stable,True
z_63.0_4.5,2023,2,2023-T2,Stable,88.5,11.4,0.1,88.5,Stable,True
z_63.0_4.5,2023,3,2023-T3,Stable,87.9,11.9,0.2,87.9,Stable,True
z_63.0_4.5,2023,4,2023-T4,Stable,82.4,17.3,0.3,82.4,Stable,True
z_63.0_4.5,2024,1,2024-T1,Stable,81.8,17.9,0.4,81.8,Stable,True
z_63.0_4.5,2024,2,2024-T2,Stable,84.3,15.5,0.2,84.3,Stable,True
z_63.0_4.5,2024,3,2024-T3,Stable,86.3,13.4,0.3,86.3,Stable,True
z_63.0_4.5,2024,4,2024-T4,Stable,83.8,15.9,0.3,83.8,Stable,True
z_63.0_4.5,2025,1,2025-T1,Stable,84.6,15.2,0.3,84.6,Stable,True
z_63.0_4.5,2025,2,2025-T2,Stable,80.9,18.7,0.5,80.9,Stable,True
z_63.0_4.5,2025,3,2025-T3,Stable,73.8,25.2,1.0,73.8,Stable,True
z_63.0_4.5,2025,4,2025-T4,Stable,80.7,18.6,0.7,80.7,Stable,True
z_63.0_6.0,2023,1,2023-T1,Stable,81.4,18.4,0.2,81.4,Diminution,False
z_63.0_6.0,2023,2,2023-T2,Stable,85.0,14.9,0.1,85.0,Stable,True
z_63.0_6.0,2023,3,2023-T3,Stable,85.3,14.5,0.3,85.3,Stable,True
z_63.0_6.0,2023,4,2023-T4,Stable,84.2,15.7,0.2,84.2,Stable,True
z_63.0_6.0,2024,1,2024-T1,Stable,82.7,17.2,0.1,82.7,Diminution,False
z_63.0_6.0,2024,2,2024-T2,Stable,85.0,14.9,0.1,85.0,Stable,True
z_63.0_6.0,2024,3,2024-T3,Stable,83.6,16.1,0.3,83.6,Stable,True
z_63.0_6.0,2024,4,2024-T4,Stable,84.2,15.7,0.2,84.2,Stable,True
z_63.0_6.0,2025,1,2025-T1,Stable,82.8,17.1,0.1,82.8,Diminution,False
z_63.0_6.0,2025,2,2025-T2,Stable,81.4,18.4,0.2,81.4,Stable,True
z_63.0_6.0,2025,3,2025-T3,Stable,83.6,16.1,0.2,83.6,Stable,True
z_63.0_6.0,2025,4,2025-T4,Stable,84.4,15.4,0.2,84.4,Stable,True
z_63.0_7.5,2023,1,2023-T1,Diminution,41.7,30.7,41.7,27.6,Augmentation,False
z_63.0_7.5,2023,2,2023-T2,Diminution,36.7,32.6,36.7,30.7,Stable,False
z_63.0_7.5,2023,3,2023-T3,Augmentation,38.3,38.3,35.1,26.6,Stable,False
z_63.0_7.5,2023,4,2023-T4,Diminution,40.7,31.1,40.7,28.1,Augmentation,False
z_63.0_7.5,2024,1,2024-T1,Augmentation,41.7,41.7,30.2,28.2,Stable,False
z_63.0_7.5,2024,2,2024-T2,Augmentation,38.7,38.7,32.7,28.6,Stable,False
z_63.0_7.5,2024,3,2024-T3,Diminution,46.3,31.2,46.3,22.5,Stable,False
z_63.0_7.5,2024,4,2024-T4,Diminution,41.5,31.9,41.5,26.6,Stable,False
z_63.0_7.5,2025,1,2025-T1,Diminution,48.8,29.3,48.8,21.9,Stable,False
z_63.0_7.5,2025,2,2025-T2,Diminution,39.1,36.8,39.1,24.1,Diminution,True
z_63.0_7.5,2025,3,2025-T3,Diminution,36.8,34.3,36.8,28.9,Augmentation,False
z_63.0_7.5,2025,4,2025-T4,Diminution,39.8,34.0,39.8,26.1,Diminution,True
z_63.0_9.0,2023,1,2023-T1,Augmentation,48.6,48.6,29.7,21.7,Diminution,False
z_63.0_9.0,2023,2,2023-T2,Augmentation,46.5,46.5,29.1,24.3,Diminution,False
z_63.0_9.0,2023,3,2023-T3,Augmentation,40.6,40.6,37.9,21.5,Diminution,False
z_63.0_9.0,2023,4,2023-T4,Diminution,38.1,29.1,38.1,32.8,Stable,False
z_63.0_9.0,2024,1,2024-T1,Diminution,37.1,32.7,37.1,30.2,Diminution,True
z_63.0_9.0,2024,2,2024-T2,Diminution,50.5,24.0,50.5,25.6,Stable,False
z_63.0_9.0,2024,3,2024-T3,Diminution,47.8,29.9,47.8,22.3,Augmentation,False
z_63.0_9.0,2024,4,2024-T4,Diminution,48.4,29.6,48.4,22.0,Diminution,True
z_63.0_9.0,2025,1,2025-T1,Augmentation,41.4,41.4,28.9,29.8,Stable,False
z_63.0_9.0,2025,2,2025-T2,Diminution,36.1,35.2,36.1,28.7,Diminution,True
z_63.0_9.0,2025,3,2025-T3,Diminution,42.8,32.6,42.8,24.6,Diminution,True
z_63.0_9.0,2025,4,2025-T4,Diminution,52.5,29.2,52.5,18.3,Diminution,True
z_64.5_-15.0,2023,1,2023-T1,Stable,79.4,20.3,0.3,79.4,Stable,True
z_64.5_-15.0,2023,2,2023-T2,Stable,83.5,16.2,0.3,83.5,Stable,True
z_64.5_-15.0,2023,3,2023-T3,Stable,86.7,13.2,0.1,86.7,Diminution,False
z_64.5_-15.0,2023,4,2023-T4,Stable,86.1,13.6,0.3,86.1,Diminution,False
z_64.5_-15.0,2024,1,2024-T1,Stable,83.1,16.7,0.2,83.1,Stable,True
z_64.5_-15.0,2024,2,2024-T2,Stable,86.9,13.0,0.1,86.9,Stable,True
z_64.5_-15.0,2024,3,2024-T3,Stable,84.3,15.6,0.2,84.3,Stable,True
z_64.5_-15.0,2024,4,2024-T4,Stable,75.4,24.3,0.3,75.4,Stable,True
z_64.5_-15.0,2025,1,2025-T1,Stable,75.1,23.8,1.0,75.1,Stable,True
z_64.5_-15.0,2025,2,2025-T2,Stable,77.8,21.9,0.3,77.8,Stable,True
z_64.5_-15.0,2025,3,2025-T3,Stable,80.9,18.7,0.4,80.9,Diminution,False
z_64.5_-15.0,2025,4,2025-T4,Stable,86.9,13.0,0.1,86.9,Diminution,False
z_64.5_-22.5,2023,2,2023-T2,Stable,85.8,14.0,0.2,85.8,Stable,True
z_64.5_-22.5,2023,3,2023-T3,Stable,85.1,14.6,0.3,85.1,Stable,True
z_64.5_-22.5,2023,4,2023-T4,Stable,79.1,20.3,0.6,79.1,Stable,True
z_64.5_-22.5,2024,2,2024-T2,Stable,85.5,14.3,0.2,85.5,Stable,True
z_64.5_-22.5,2024,3,2024-T3,Stable,85.2,14.6,0.3,85.2,Stable,True
z_64.5_-22.5,2024,4,2024-T4,Stable,84.8,14.8,0.4,84.8,Stable,True
z_64.5_-22.5,2025,2,2025-T2,Stable,86.0,13.7,0.3,86.0,Stable,True
z_64.5_-22.5,2025,3,2025-T3,Stable,85.2,14.6,0.3,85.2,Stable,True
z_64.5_-22.5,2025,4,2025-T4,Stable,84.8,14.8,0.4,84.8,Stable,True
z_64.5_-24.0,2023,1,2023-T1,Stable,68.3,28.9,2.9,68.3,Stable,True
z_64.5_-24.0,2023,2,2023-T2,Stable,65.0,32.4,2.6,65.0,Stable,True
z_64.5_-24.0,2023,3,2023-T3,Stable,58.9,38.3,2.8,58.9,Stable,True
z_64.5_-24.0,2023,4,2023-T4,Stable,67.3,30.5,2.1,67.3,Stable,True
z_64.5_-24.0,2024,1,2024-T1,Stable,64.2,33.9,1.9,64.2,Stable,True
z_64.5_-24.0,2024,2,2024-T2,Stable,63.2,34.9,1.9,63.2,Diminution,False
z_64.5_-24.0,2024,3,2024-T3,Stable,74.5,24.5,1.0,74.5,Stable,True
z_64.5_-24.0,2024,4,2024-T4,Stable,83.8,15.4,0.8,83.8,Stable,True
z_64.5_-24.0,2025,1,2025-T1,Stable,72.0,26.5,1.5,72.0,Stable,True
z_64.5_-24.0,2025,2,2025-T2,Stable,81.5,17.9,0.6,81.5,Diminution,False
z_64.5_-24.0,2025,3,2025-T3,Stable,84.3,15.2,0.5,84.3,Stable,True
z_64.5_-24.0,2025,4,2025-T4,Stable,84.4,14.9,0.7,84.4,Stable,True
z_64.5_-25.5,2023,1,2023-T1,Stable,73.4,25.6,0.9,73.4,Stable,True
z_64.5_-25.5,2023,2,2023-T2,Stable,73.6,25.4,1.0,73.6,Stable,True
z_64.5_-25.5,2023,3,2023-T3,Stable,77.5,21.7,0.8,77.5,Stable,True
z_64.5_-25.5,2023,4,2023-T4,Stable,75.1,23.2,1.7,75.1,Stable,True
z_64.5_-25.5,2024,1,2024-T1,Stable,75.1,23.4,1.5,75.1,Stable,True
z_64.5_-25.5,2024,2,2024-T2,Stable,83.4,15.2,1.4,83.4,Stable,True
z_64.5_-25.5,2024,3,2024-T3,Stable,82.9,16.4,0.8,82.9,Stable,True
z_64.5_-25.5,2024,4,2024-T4,Stable,74.5,24.9,0.6,74.5,Stable,True
z_64.5_-25.5,2025,1,2025-T1,Stable,79.0,20.2,0.8,79.0,Stable,True
z_64.5_-25.5,2025,2,2025-T2,Stable,81.3,17.5,1.2,81.3,Diminution,False
z_64.5_-25.5,2025,3,2025-T3,Stable,80.2,19.2,0.6,80.2,Stable,True
z_64.5_-25.5,2025,4,2025-T4,Stable,82.9,16.4,0.7,82.9,Stable,True
z_64.5_10.5,2023,1,2023-T1,Stable,68.9,28.9,2.2,68.9,Stable,True
z_64.5_10.5,2023,2,2023-T2,Stable,67.4,30.4,2.1,67.4,Stable,True
z_64.5_10.5,2023,3,2023-T3,Stable,58.2,36.4,5.4,58.2,Stable,True
z_64.5_10.5,2023,4,2023-T4,Stable,48.3,46.6,5.1,48.3,Diminution,False
z_64.5_10.5,2024,1,2024-T1,Stable,63.3,33.5,3.2,63.3,Augmentation,False
z_64.5_10.5,2024,2,2024-T2,Augmentation,51.9,51.9,2.3,45.8,Stable,False
z_64.5_10.5,2024,3,2024-T3,Stable,56.1,38.9,5.0,56.1,Stable,True
z_64.5_10.5,2024,4,2024-T4,Stable,62.6,34.3,3.1,62.6,Stable,True
z_64.5_10.5,2025,1,2025-T1,Stable,50.6,30.4,19.0,50.6,Diminution,False
z_64.5_10.5,2025,2,2025-T2,Stable,55.8,40.4,3.7,55.8,Stable,True
z_64.5_10.5,2025,3,2025-T3,Stable,72.2,25.3,2.5,72.2,Stable,True
z_64.5_10.5,2025,4,2025-T4,Stable,70.3,27.3,2.5,70.3,Stable,True
z_64.5_12.0,2023,1,2023-T1,Stable,72.9,24.9,2.2,72.9,Stable,True
z_64.5_12.0,2023,2,2023-T2,Stable,74.1,23.4,2.5,74.1,Stable,True
z_64.5_12.0,2023,3,2023-T3,Stable,73.8,24.0,2.2,73.8,Stable,True
z_64.5_12.0,2023,4,2023-T4,Stable,74.5,23.2,2.3,74.5,Stable,True
z_64.5_12.0,2024,1,2024-T1,Stable,75.0,23.2,1.8,75.0,Diminution,False
z_64.5_12.0,2024,2,2024-T2,Stable,73.7,23.8,2.6,73.7,Stable,True
z_64.5_12.0,2024,3,2024-T3,Stable,75.7,22.9,1.4,75.7,Stable,True
z_64.5_12.0,2024,4,2024-T4,Stable,63.3,32.1,4.6,63.3,Augmentation,False
z_64.5_12.0,2025,1,2025-T1,Stable,56.4,41.4,2.2,56.4,Stable,True
z_64.5_12.0,2025,2,2025-T2,Stable,49.2,44.1,6.7,49.2,Stable,True
z_64.5_12.0,2025,3,2025-T3,Stable,56.4,38.5,5.1,56.4,Stable,True
z_64.5_12.0,2025,4,2025-T4,Stable,68.2,28.4,3.4,68.2,Stable,True
z_64.5_21.0,2023,1,2023-T1,Stable,59.9,37.2,2.9,59.9,Diminution,False
z_64.5_21.0,2023,2,2023-T2,Stable,74.7,25.0,0.3,74.7,Stable,True
z_64.5_21.0,2023,3,2023-T3,Stable,82.1,17.2,0.7,82.1,Diminution,False
z_64.5_21.0,2023,4,2023-T4,Stable,82.4,17.2,0.4,82.4,Stable,True
z_64.5_21.0,2024,1,2024-T1,Stable,74.2,24.7,1.1,74.2,Diminution,False
z_64.5_21.0,2024,2,2024-T2,Stable,85.5,14.3,0.1,85.5,Augmentation,False
z_64.5_21.0,2024,3,2024-T3,Stable,56.8,41.9,1.2,56.8,Stable,True
z_64.5_21.0,2024,4,2024-T4,Stable,50.9,43.3,5.9,50.9,Stable,True
z_64.5_21.0,2025,1,2025-T1,Stable,67.4,27.7,4.9,67.4,Stable,True
z_64.5_21.0,2025,2,2025-T2,Stable,68.0,27.7,4.3,68.0,Stable,True
z_64.5_21.0,2025,3,2025-T3,Stable,79.9,19.5,0.6,79.9,Stable,True
z_64.5_21.0,2025,4,2025-T4,Stable,72.1,27.0,1.0,72.1,Stable,True
z_64.5_22.5,2023,1,2023-T1,Stable,69.9,26.6,3.4,69.9,Diminution,False
z_64.5_22.5,2023,2,2023-T2,Stable,81.3,18.6,0.1,81.3,Diminution,False
z_64.5_22.5,2023,3,2023-T3,Stable,78.8,21.0,0.1,78.8,Stable,True
z_64.5_22.5,2023,4,2023-T4,Stable,82.2,17.8,0.1,82.2,Stable,True
z_64.5_22.5,2024,1,2024-T1,Stable,76.6,21.4,2.1,76.6,Diminution,False
z_64.5_22.5,2024,2,2024-T2,Stable,84.9,15.1,0.0,84.9,Diminution,False
z_64.5_22.5,2024,3,2024-T3,Stable,85.5,14.4,0.1,85.5,Stable,True
z_64.5_22.5,2024,4,2024-T4,Stable,83.6,16.3,0.1,83.6,Stable,True
z_64.5_22.5,2025,1,2025-T1,Stable,66.0,32.1,1.9,66.0,Diminution,False
z_64.5_22.5,2025,2,2025-T2,Stable,84.9,15.1,0.0,84.9,Diminution,False
z_64.5_22.5,2025,3,2025-T3,Stable,83.2,16.7,0.1,83.2,Stable,True
z_64.5_22.5,2025,4,2025-T4,Stable,83.6,16.3,0.1,83.6,Stable,True
z_64.5_24.0,2023,1,2023-T1,Stable,53.2,39.6,7.2,53.2,Stable,True
z_64.5_24.0,2023,2,2023-T2,Stable,62.2,34.6,3.2,62.2,Stable,True
z_64.5_24.0,2023,3,2023-T3,Stable,69.7,28.7,1.6,69.7,Stable,True
z_64.5_24.0,2023,4,2023-T4,Stable,63.9,33.1,3.0,63.9,Stable,True
z_64.5_24.0,2024,1,2024-T1,Stable,67.8,30.5,1.7,67.8,Stable,True
z_64.5_24.0,2024,2,2024-T2,Stable,57.2,40.2,2.6,57.2,Stable,True
z_64.5_24.0,2024,3,2024-T3,Stable,53.6,39.8,6.6,53.6,Stable,True
z_64.5_24.0,2024,4,2024-T4,Stable,68.3,30.1,1.6,68.3,Stable,True
z_64.5_24.0,2025,1,2025-T1,Stable,62.0,34.8,3.3,62.0,Stable,True
z_64.5_24.0,2025,2,2025-T2,Stable,68.5,29.5,2.0,68.5,Stable,True
z_64.5_24.0,2025,3,2025-T3,Stable,60.5,35.9,3.6,60.5,Stable,True
z_64.5_24.0,2025,4,2025-T4,Stable,62.4,34.5,3.0,62.4,Stable,True
z_64.5_7.5,2023,2,2023-T2,Stable,85.2,14.7,0.1,85.2,Stable,True
z_64.5_7.5,2023,3,2023-T3,Stable,81.3,18.6,0.1,81.3,Diminution,False
z_64.5_7.5,2023,4,2023-T4,Stable,82.5,17.4,0.1,82.5,Stable,True
z_64.5_7.5,2024,2,2024-T2,Stable,84.8,15.2,0.1,84.8,Stable,True
z_64.5_7.5,2024,3,2024-T3,Stable,84.0,15.9,0.1,84.0,Diminution,False
z_64.5_7.5,2024,4,2024-T4,Stable,81.3,18.5,0.1,81.3,Stable,True
z_64.5_7.5,2025,2,2025-T2,Stable,84.5,15.4,0.1,84.5,Stable,True
z_64.5_7.5,2025,3,2025-T3,Stable,84.0,15.9,0.1,84.0,Diminution,False
z_64.5_7.5,2025,4,2025-T4,Stable,83.6,16.2,0.1,83.6,Stable,True
z_64.5_9.0,2023,1,2023-T1,Stable,84.0,15.8,0.2,84.0,Stable,True
z_64.5_9.0,2023,2,2023-T2,Stable,84.9,14.6,0.5,84.9,Stable,True
z_64.5_9.0,2023,4,2023-T4,Stable,84.3,15.5,0.2,84.3,Stable,True
z_64.5_9.0,2024,1,2024-T1,Stable,81.8,17.9,0.2,81.8,Stable,True
z_64.5_9.0,2024,2,2024-T2,Stable,80.9,18.8,0.3,80.9,Stable,True
z_64.5_9.0,2024,4,2024-T4,Stable,84.6,15.2,0.2,84.6,Stable,True
z_64.5_9.0,2025,1,2025-T1,Stable,82.9,17.0,0.1,82.9,Stable,True
z_64.5_9.0,2025,2,2025-T2,Stable,81.5,18.3,0.2,81.5,Stable,True
z_64.5_9.0,2025,4,2025-T4,Stable,84.0,15.9,0.1,84.0,Diminution,False
z_66.0_-13.5,2023,1,2023-T1,Stable,82.5,17.1,0.4,82.5,Stable,True
z_66.0_-13.5,2023,2,2023-T2,Stable,87.9,12.0,0.1,87.9,Stable,True
z_66.0_-13.5,2023,3,2023-T3,Stable,86.9,13.0,0.1,86.9,Stable,True
z_66.0_-13.5,2023,4,2023-T4,Stable,85.9,13.9,0.2,85.9,Stable,True
z_66.0_-13.5,2024,1,2024-T1,Stable,83.9,15.8,0.3,83.9,Stable,True
z_66.0_-13.5,2024,2,2024-T2,Stable,85.3,14.5,0.2,85.3,Stable,True
z_66.0_-13.5,2024,3,2024-T3,Stable,85.6,14.1,0.2,85.6,Stable,True
z_66.0_-13.5,2024,4,2024-T4,Stable,84.1,15.7,0.3,84.1,Stable,True
z_66.0_-13.5,2025,1,2025-T1,Stable,81.7,17.9,0.4,81.7,Stable,True
z_66.0_-13.5,2025,2,2025-T2,Stable,88.2,11.7,0.1,88.2,Stable,True
z_66.0_-13.5,2025,3,2025-T3,Stable,87.7,12.2,0.1,87.7,Stable,True
z_66.0_-13.5,2025,4,2025-T4,Stable,86.8,13.1,0.1,86.8,Stable,True
z_66.0_-18.0,2023,1,2023-T1,Stable,83.0,16.5,0.4,83.0,Stable,True
z_66.0_-18.0,2023,2,2023-T2,Stable,81.2,17.7,1.0,81.2,Stable,True
z_66.0_-18.0,2023,3,2023-T3,Stable,83.4,16.1,0.6,83.4,Stable,True
z_66.0_-18.0,2023,4,2023-T4,Stable,87.2,12.5,0.3,87.2,Diminution,False
z_66.0_-18.0,2024,1,2024-T1,Stable,85.6,13.9,0.5,85.6,Stable,True
z_66.0_-18.0,2024,2,2024-T2,Stable,82.6,16.1,1.3,82.6,Stable,True
z_66.0_-18.0,2024,3,2024-T3,Stable,85.7,13.8,0.5,85.7,Stable,True
z_66.0_-18.0,2024,4,2024-T4,Stable,78.3,20.9,0.7,78.3,Diminution,False
z_66.0_-18.0,2025,1,2025-T1,Stable,75.9,22.6,1.5,75.9,Stable,True
z_66.0_-18.0,2025,2,2025-T2,Stable,77.9,21.0,1.1,77.9,Stable,True
z_66.0_-18.0,2025,3,2025-T3,Stable,84.7,14.6,0.6,84.7,Stable,True
z_66.0_-18.0,2025,4,2025-T4,Stable,87.2,12.5,0.3,87.2,Diminution,False
z_66.0_-21.0,2023,1,2023-T1,Stable,84.2,15.6,0.2,84.2,Stable,True
z_66.0_-21.0,2023,2,2023-T2,Stable,87.6,12.4,0.1,87.6,Stable,True
z_66.0_-21.0,2023,3,2023-T3,Stable,85.5,14.4,0.2,85.5,Stable,True
z_66.0_-21.0,2023,4,2023-T4,Stable,86.3,13.5,0.2,86.3,Stable,True
z_66.0_-21.0,2024,1,2024-T1,Stable,86.0,13.9,0.1,86.0,Stable,True
z_66.0_-21.0,2024,2,2024-T2,Stable,87.1,12.8,0.1,87.1,Stable,True
z_66.0_-21.0,2024,3,2024-T3,Stable,86.7,13.2,0.1,86.7,Stable,True
z_66.0_-21.0,2024,4,2024-T4,Stable,84.8,15.0,0.2,84.8,Stable,True
z_66.0_-21.0,2025,1,2025-T1,Stable,82.1,17.7,0.2,82.1,Stable,True
z_66.0_-21.0,2025,2,2025-T2,Stable,84.2,15.5,0.2,84.2,Stable,True
z_66.0_-21.0,2025,3,2025-T3,Stable,85.1,14.8,0.1,85.1,Stable,True
z_66.0_-21.0,2025,4,2025-T4,Stable,82.9,16.9,0.1,82.9,Stable,True
z_66.0_-24.0,2023,1,2023-T1,Stable,78.0,20.9,1.1,78.0,Diminution,False
z_66.0_-24.0,2023,2,2023-T2,Stable,80.9,18.1,1.0,80.9,Stable,True
z_66.0_-24.0,2023,3,2023-T3,Stable,73.6,24.2,2.2,73.6,Stable,True
z_66.0_-24.0,2023,4,2023-T4,Stable,67.4,30.6,2.0,67.4,Stable,True
z_66.0_-24.0,2024,1,2024-T1,Stable,77.4,19.9,2.7,77.4,Stable,True
z_66.0_-24.0,2024,2,2024-T2,Stable,66.8,30.9,2.3,66.8,Stable,True
z_66.0_-24.0,2024,3,2024-T3,Stable,67.4,30.0,2.6,67.4,Stable,True
z_66.0_-24.0,2024,4,2024-T4,Stable,75.4,23.3,1.2,75.4,Stable,True
z_66.0_-24.0,2025,1,2025-T1,Stable,79.1,19.6,1.2,79.1,Stable,True
z_66.0_-24.0,2025,2,2025-T2,Stable,80.1,19.3,0.6,80.1,Stable,True
z_66.0_-24.0,2025,3,2025-T3,Stable,72.9,24.8,2.4,72.9,Stable,True
z_66.0_-24.0,2025,4,2025-T4,Stable,84.2,15.3,0.4,84.2,Stable,True
z_66.0_10.5,2023,1,2023-T1,Stable,83.7,16.2,0.1,83.7,Stable,True
z_66.0_10.5,2023,2,2023-T2,Stable,84.9,14.9,0.2,84.9,Stable,True
z_66.0_10.5,2023,4,2023-T4,Stable,84.9,14.9,0.2,84.9,Stable,True
z_66.0_10.5,2024,1,2024-T1,Stable,84.9,15.0,0.2,84.9,Stable,True
z_66.0_10.5,2024,2,2024-T2,Stable,86.4,13.4,0.3,86.4,Stable,True
z_66.0_10.5,2024,4,2024-T4,Stable,84.9,14.9,0.2,84.9,Stable,True
z_66.0_10.5,2025,1,2025-T1,Stable,82.4,17.5,0.1,82.4,Augmentation,False
z_66.0_10.5,2025,2,2025-T2,Stable,77.4,22.1,0.4,77.4,Stable,True
z_66.0_10.5,2025,4,2025-T4,Stable,79.9,19.8,0.3,79.9,Stable,True
z_66.0_12.0,2023,1,2023-T1,Diminution,52.0,23.0,52.0,25.0,Augmentation,False
z_66.0_12.0,2023,2,2023-T2,Diminution,49.5,28.5,49.5,21.9,Stable,False
z_66.0_12.0,2023,3,2023-T3,Augmentation,51.6,51.6,15.3,33.1,Diminution,False
z_66.0_12.0,2023,4,2023-T4,Stable,42.2,37.7,20.1,42.2,Diminution,False
z_66.0_12.0,2024,1,2024-T1,Stable,66.2,28.9,4.8,66.2,Stable,True
z_66.0_12.0,2024,2,2024-T2,Stable,48.7,45.2,6.1,48.7,Stable,True
z_66.0_12.0,2024,3,2024-T3,Augmentation,52.6,52.6,12.2,35.2,Augmentation,True
z_66.0_12.0,2024,4,2024-T4,Augmentation,44.8,44.8,32.8,22.4,Stable,False
z_66.0_12.0,2025,1,2025-T1,Diminution,48.8,28.7,48.8,22.5,Stable,False
z_66.0_12.0,2025,2,2025-T2,Diminution,46.7,29.9,46.7,23.5,Augmentation,False
z_66.0_12.0,2025,3,2025-T3,Diminution,47.3,28.4,47.3,24.3,Diminution,True
z_66.0_12.0,2025,4,2025-T4,Diminution,49.0,27.2,49.0,23.8,Diminution,True
z_66.0_13.5,2023,1,2023-T1,Stable,61.4,28.3,10.3,61.4,Diminution,False
z_66.0_13.5,2023,2,2023-T2,Stable,64.1,27.5,8.5,64.1,Stable,True
z_66.0_13.5,2023,3,2023-T3,Stable,49.9,45.7,4.3,49.9,Stable,True
z_66.0_13.5,2023,4,2023-T4,Stable,44.9,36.2,18.9,44.9,Diminution,False
z_66.0_13.5,2024,1,2024-T1,Stable,59.1,31.8,9.1,59.1,Stable,True
z_66.0_13.5,2024,2,2024-T2,Stable,44.8,35.8,19.4,44.8,Stable,True
z_66.0_13.5,2024,3,2024-T3,Stable,51.0,23.9,25.0,51.0,Stable,True
z_66.0_13.5,2024,4,2024-T4,Augmentation,39.0,39.0,32.9,28.1,Diminution,False
z_66.0_13.5,2025,1,2025-T1,Augmentation,35.5,35.5,29.5,35.0,Stable,False
z_66.0_13.5,2025,2,2025-T2,Diminution,42.7,25.8,42.7,31.5,Diminution,True
z_66.0_13.5,2025,3,2025-T3,Stable,53.2,27.4,19.4,53.2,Stable,True
z_66.0_13.5,2025,4,2025-T4,Stable,72.7,22.9,4.3,72.7,Diminution,False
z_66.0_15.0,2023,1,2023-T1,Stable,78.3,20.2,1.4,78.3,Stable,True
z_66.0_15.0,2024,1,2024-T1,Stable,77.0,21.7,1.3,77.0,Stable,True
z_66.0_15.0,2025,1,2025-T1,Stable,78.3,20.5,1.3,78.3,Stable,True
z_66.0_6.0,2023,1,2023-T1,Stable,79.7,20.2,0.1,79.7,Stable,True
z_66.0_6.0,2024,1,2024-T1,Stable,81.8,18.1,0.2,81.8,Stable,True
z_66.0_6.0,2025,1,2025-T1,Stable,79.1,20.7,0.3,79.1,Stable,True
z_66.0_7.5,2023,1,2023-T1,Stable,79.5,20.4,0.1,79.5,Stable,True
z_66.0_7.5,2024,1,2024-T1,Stable,81.5,18.3,0.2,81.5,Stable,True
z_66.0_7.5,2025,1,2025-T1,Stable,79.0,20.8,0.2,79.0,Stable,True
z_66.0_9.0,2023,1,2023-T1,Stable,81.9,17.8,0.3,81.9,Stable,True
z_66.0_9.0,2023,2,2023-T2,Stable,85.4,14.5,0.1,85.4,Stable,True
z_66.0_9.0,2023,3,2023-T3,Stable,80.6,19.2,0.2,80.6,Stable,True
z_66.0_9.0,2023,4,2023-T4,Stable,83.1,16.7,0.3,83.1,Stable,True
z_66.0_9.0,2024,1,2024-T1,Stable,80.4,19.4,0.2,80.4,Stable,True
z_66.0_9.0,2024,2,2024-T2,Stable,84.5,15.3,0.2,84.5,Stable,True
z_66.0_9.0,2024,3,2024-T3,Stable,83.8,16.0,0.2,83.8,Stable,True
z_66.0_9.0,2024,4,2024-T4,Stable,83.8,16.0,0.2,83.8,Stable,True
z_66.0_9.0,2025,1,2025-T1,Stable,83.9,15.9,0.2,83.9,Stable,True
z_66.0_9.0,2025,2,2025-T2,Stable,84.5,15.3,0.2,84.5,Stable,True
z_66.0_9.0,2025,3,2025-T3,Stable,83.8,16.0,0.2,83.8,Stable,True
z_66.0_9.0,2025,4,2025-T4,Stable,83.8,16.0,0.2,83.8,Stable,True
z_67.5_10.5,2023,1,2023-T1,Stable,82.8,17.1,0.2,82.8,Stable,True
z_67.5_10.5,2023,2,2023-T2,Stable,84.0,15.9,0.1,84.0,Stable,True
z_67.5_10.5,2024,1,2024-T1,Stable,83.5,16.4,0.1,83.5,Stable,True
z_67.5_10.5,2024,2,2024-T2,Stable,87.8,12.1,0.1,87.8,Stable,True
z_67.5_10.5,2025,1,2025-T1,Stable,85.0,14.9,0.1,85.0,Stable,True
z_67.5_10.5,2025,2,2025-T2,Stable,81.1,18.7,0.1,81.1,Stable,True
z_67.5_12.0,2023,1,2023-T1,Stable,84.6,15.0,0.4,84.6,Augmentation,False
z_67.5_12.0,2023,2,2023-T2,Stable,83.6,16.2,0.2,83.6,Stable,True
z_67.5_12.0,2023,3,2023-T3,Stable,71.4,27.2,1.4,71.4,Diminution,False
z_67.5_12.0,2023,4,2023-T4,Stable,74.7,24.3,1.0,74.7,Stable,True
z_67.5_12.0,2024,1,2024-T1,Stable,75.1,24.3,0.6,75.1,Stable,True
z_67.5_12.0,2024,2,2024-T2,Stable,87.2,12.7,0.1,87.2,Stable,True
z_67.5_12.0,2024,3,2024-T3,Stable,85.5,14.3,0.2,85.5,Diminution,False
z_67.5_12.0,2024,4,2024-T4,Stable,84.4,15.4,0.2,84.4,Stable,True
z_67.5_12.0,2025,1,2025-T1,Stable,75.6,23.8,0.6,75.6,Stable,True
z_67.5_12.0,2025,2,2025-T2,Stable,83.4,16.2,0.3,83.4,Diminution,False
z_67.5_12.0,2025,3,2025-T3,Stable,85.1,14.8,0.2,85.1,Stable,True
z_67.5_12.0,2025,4,2025-T4,Stable,86.7,13.2,0.2,86.7,Stable,True
z_67.5_13.5,2023,1,2023-T1,Stable,73.6,23.9,2.5,73.6,Stable,True
z_67.5_13.5,2023,2,2023-T2,Stable,76.8,21.6,1.6,76.8,Diminution,False
z_67.5_13.5,2023,3,2023-T3,Stable,63.3,33.7,3.0,63.3,Stable,True
z_67.5_13.5,2023,4,2023-T4,Stable,72.8,24.9,2.3,72.8,Augmentation,False
z_67.5_13.5,2024,1,2024-T1,Stable,55.9,41.9,2.2,55.9,Stable,True
z_67.5_13.5,2024,2,2024-T2,Stable,58.3,37.3,4.4,58.3,Diminution,False
z_67.5_13.5,2024,3,2024-T3,Stable,57.8,38.6,3.6,57.8,Stable,True
z_67.5_13.5,2024,4,2024-T4,Stable,59.3,37.5,3.2,59.3,Stable,True
z_67.5_13.5,2025,1,2025-T1,Stable,46.0,37.0,16.9,46.0,Stable,True
z_67.5_13.5,2025,2,2025-T2,Stable,67.7,29.5,2.8,67.7,Diminution,False
z_67.5_13.5,2025,3,2025-T3,Stable,69.2,28.2,2.6,69.2,Diminution,False
z_67.5_13.5,2025,4,2025-T4,Stable,79.0,19.0,2.0,79.0,Diminution,False
z_67.5_15.0,2023,1,2023-T1,Stable,79.6,19.8,0.6,79.6,Stable,True
z_67.5_15.0,2023,2,2023-T2,Stable,77.6,21.8,0.7,77.6,Stable,True
z_67.5_15.0,2023,3,2023-T3,Stable,68.5,30.2,1.2,68.5,Diminution,False
z_67.5_15.0,2023,4,2023-T4,Stable,63.5,33.7,2.8,63.5,Diminution,False
z_67.5_15.0,2024,1,2024-T1,Stable,72.1,27.2,0.7,72.1,Diminution,False
z_67.5_15.0,2024,2,2024-T2,Stable,80.9,18.7,0.5,80.9,Stable,True
z_67.5_15.0,2024,3,2024-T3,Stable,72.8,26.4,0.7,72.8,Stable,True
z_67.5_15.0,2024,4,2024-T4,Stable,64.3,34.0,1.8,64.3,Stable,True
z_67.5_15.0,2025,1,2025-T1,Stable,68.9,29.7,1.4,68.9,Stable,True
z_67.5_15.0,2025,2,2025-T2,Stable,64.3,34.2,1.6,64.3,Stable,True
z_67.5_15.0,2025,3,2025-T3,Stable,69.2,28.5,2.3,69.2,Diminution,False
z_67.5_15.0,2025,4,2025-T4,Stable,74.7,23.8,1.6,74.7,Diminution,False
z_67.5_16.5,2023,1,2023-T1,Stable,65.6,32.5,1.9,65.6,Augmentation,False
z_67.5_16.5,2023,2,2023-T2,Stable,55.6,37.4,7.0,55.6,Stable,True
z_67.5_16.5,2023,3,2023-T3,Stable,49.0,44.9,6.1,49.0,Stable,True
z_67.5_16.5,2023,4,2023-T4,Stable,54.7,43.2,2.1,54.7,Stable,True
z_67.5_16.5,2024,1,2024-T1,Stable,75.4,23.1,1.5,75.4,Stable,True
z_67.5_16.5,2024,2,2024-T2,Stable,81.9,17.0,1.1,81.9,Stable,True
z_67.5_16.5,2024,3,2024-T3,Stable,76.9,21.9,1.2,76.9,Stable,True
z_67.5_16.5,2024,4,2024-T4,Stable,63.2,33.5,3.3,63.2,Diminution,False
z_67.5_16.5,2025,1,2025-T1,Stable,66.3,31.0,2.7,66.3,Stable,True
z_67.5_16.5,2025,2,2025-T2,Stable,76.5,22.7,0.8,76.5,Stable,True
z_67.5_16.5,2025,3,2025-T3,Stable,72.6,25.5,1.9,72.6,Stable,True
z_67.5_16.5,2025,4,2025-T4,Stable,60.0,33.6,6.4,60.0,Stable,True
z_69.0_13.5,2023,1,2023-T1,Stable,82.5,17.4,0.1,82.5,Stable,True
z_69.0_13.5,2023,2,2023-T2,Stable,84.8,15.2,0.0,84.8,Stable,True
z_69.0_13.5,2024,1,2024-T1,Stable,82.5,17.4,0.1,82.5,Stable,True
z_69.0_13.5,2024,2,2024-T2,Stable,85.1,14.8,0.1,85.1,Stable,True
z_69.0_13.5,2025,1,2025-T1,Stable,82.7,17.2,0.1,82.7,Diminution,False
z_69.0_13.5,2025,2,2025-T2,Stable,84.8,15.2,0.0,84.8,Stable,True
z_69.0_15.0,2023,1,2023-T1,Stable,85.4,14.5,0.1,85.4,Augmentation,False
z_69.0_15.0,2023,2,2023-T2,Stable,78.2,21.2,0.6,78.2,Stable,True
z_69.0_15.0,2023,3,2023-T3,Stable,71.7,26.6,1.8,71.7,Stable,True
z_69.0_15.0,2023,4,2023-T4,Stable,73.6,25.1,1.3,73.6,Stable,True
z_69.0_15.0,2024,1,2024-T1,Stable,75.4,24.2,0.4,75.4,Stable,True
z_69.0_15.0,2024,2,2024-T2,Stable,84.9,15.0,0.1,84.9,Diminution,False
z_69.0_15.0,2024,3,2024-T3,Stable,85.8,14.1,0.1,85.8,Stable,True
z_69.0_15.0,2024,4,2024-T4,Stable,75.0,24.7,0.3,75.0,Stable,True
z_69.0_15.0,2025,1,2025-T1,Stable,61.4,37.0,1.6,61.4,Stable,True
z_69.0_15.0,2025,2,2025-T2,Stable,68.4,31.1,0.5,68.4,Stable,True
z_69.0_15.0,2025,3,2025-T3,Stable,79.3,20.3,0.4,79.3,Stable,True
z_69.0_15.0,2025,4,2025-T4,Stable,81.5,18.1,0.4,81.5,Stable,True
z_69.0_16.5,2023,1,2023-T1,Stable,78.5,21.0,0.5,78.5,Augmentation,False
z_69.0_16.5,2023,2,2023-T2,Stable,69.3,28.6,2.1,69.3,Stable,True
z_69.0_16.5,2023,3,2023-T3,Stable,70.5,26.6,2.9,70.5,Stable,True
z_69.0_16.5,2023,4,2023-T4,Stable,57.8,38.9,3.3,57.8,Stable,True
z_69.0_16.5,2024,1,2024-T1,Stable,57.9,39.9,2.2,57.9,Augmentation,False
z_69.0_16.5,2024,2,2024-T2,Stable,52.7,45.9,1.4,52.7,Stable,True
z_69.0_16.5,2024,3,2024-T3,Stable,63.9,32.1,4.0,63.9,Stable,True
z_69.0_16.5,2024,4,2024-T4,Stable,64.3,34.2,1.4,64.3,Augmentation,False
z_69.0_16.5,2025,1,2025-T1,Stable,45.7,35.7,18.6,45.7,Stable,True
z_69.0_16.5,2025,2,2025-T2,Stable,57.1,38.2,4.7,57.1,Stable,True
z_69.0_16.5,2025,3,2025-T3,Stable,60.0,37.4,2.6,60.0,Stable,True
z_69.0_16.5,2025,4,2025-T4,Stable,63.5,33.8,2.6,63.5,Stable,True
z_69.0_18.0,2023,1,2023-T1,Stable,71.4,23.9,4.7,71.4,Stable,True
z_69.0_18.0,2023,2,2023-T2,Stable,80.1,17.0,2.8,80.1,Augmentation,False
z_69.0_18.0,2023,3,2023-T3,Stable,52.1,45.3,2.7,52.1,Stable,True
z_69.0_18.0,2023,4,2023-T4,Stable,60.8,34.0,5.3,60.8,Stable,True
z_69.0_18.0,2024,1,2024-T1,Stable,54.2,42.1,3.7,54.2,Stable,True
z_69.0_18.0,2024,2,2024-T2,Stable,65.0,29.6,5.4,65.0,Diminution,False
z_69.0_18.0,2024,3,2024-T3,Stable,72.2,24.7,3.1,72.2,Stable,True
z_69.0_18.0,2024,4,2024-T4,Stable,71.3,26.4,2.3,71.3,Stable,True
z_69.0_18.0,2025,1,2025-T1,Stable,56.8,40.3,2.9,56.8,Diminution,False
z_69.0_18.0,2025,2,2025-T2,Stable,57.7,35.2,7.1,57.7,Diminution,False
z_69.0_18.0,2025,3,2025-T3,Stable,67.3,30.0,2.7,67.3,Stable,True
z_69.0_18.0,2025,4,2025-T4,Stable,70.1,25.8,4.1,70.1,Stable,True
z_69.0_19.5,2023,1,2023-T1,Stable,63.8,34.7,1.5,63.8,Stable,True
z_69.0_19.5,2023,2,2023-T2,Stable,58.3,35.0,6.6,58.3,Stable,True
z_69.0_19.5,2023,3,2023-T3,Stable,62.0,32.8,5.3,62.0,Diminution,False
z_69.0_19.5,2023,4,2023-T4,Stable,69.7,28.0,2.4,69.7,Diminution,False
z_69.0_19.5,2024,1,2024-T1,Stable,78.0,20.4,1.5,78.0,Stable,True
z_69.0_19.5,2024,2,2024-T2,Stable,80.6,18.1,1.3,80.6,Stable,True
z_69.0_19.5,2024,3,2024-T3,Stable,82.1,16.9,1.0,82.1,Diminution,False
z_69.0_19.5,2024,4,2024-T4,Stable,78.2,18.1,3.7,78.2,Diminution,False
z_69.0_19.5,2025,1,2025-T1,Stable,71.4,25.3,3.3,71.4,Stable,True
z_69.0_19.5,2025,2,2025-T2,Stable,77.2,21.3,1.4,77.2,Stable,True
z_69.0_19.5,2025,3,2025-T3,Stable,78.6,20.4,1.0,78.6,Diminution,False
z_69.0_19.5,2025,4,2025-T4,Stable,71.2,27.5,1.3,71.2,Diminution,False
z_69.0_21.0,2023,1,2023-T1,Stable,75.2,21.1,3.7,75.2,Stable,True
z_69.0_21.0,2023,2,2023-T2,Stable,77.6,18.6,3.8,77.6,Stable,True
z_69.0_21.0,2023,3,2023-T3,Stable,76.6,19.7,3.6,76.6,Stable,True
z_69.0_21.0,2023,4,2023-T4,Stable,74.6,21.4,4.0,74.6,Diminution,False
z_69.0_21.0,2024,1,2024-T1,Stable,74.5,21.6,3.9,74.5,Stable,True
z_69.0_21.0,2024,2,2024-T2,Stable,72.7,22.7,4.6,72.7,Stable,True
z_69.0_21.0,2024,3,2024-T3,Stable,78.9,17.7,3.4,78.9,Stable,True
z_69.0_21.0,2024,4,2024-T4,Stable,73.2,23.3,3.5,73.2,Stable,True
z_69.0_21.0,2025,1,2025-T1,Stable,70.3,26.6,3.1,70.3,Stable,True
z_69.0_21.0,2025,2,2025-T2,Stable,68.8,27.8,3.5,68.8,Stable,True
z_69.0_21.0,2025,3,2025-T3,Stable,74.4,22.2,3.3,74.4,Stable,True
z_69.0_21.0,2025,4,2025-T4,Stable,74.4,21.8,3.8,74.4,Stable,True
z_69.0_22.5,2023,1,2023-T1,Stable,74.5,22.8,2.7,74.5,Stable,True
z_69.0_22.5,2023,2,2023-T2,Stable,76.1,22.4,1.6,76.1,Stable,True
z_69.0_22.5,2023,3,2023-T3,Stable,75.8,21.9,2.3,75.8,Stable,True
z_69.0_22.5,2023,4,2023-T4,Stable,74.8,22.8,2.4,74.8,Stable,True
z_69.0_22.5,2024,1,2024-T1,Stable,77.7,20.1,2.2,77.7,Stable,True
z_69.0_22.5,2024,2,2024-T2,Stable,78.8,18.5,2.7,78.8,Stable,True
z_69.0_22.5,2024,3,2024-T3,Stable,80.2,17.6,2.1,80.2,Stable,True
z_69.0_22.5,2024,4,2024-T4,Stable,79.3,17.6,3.2,79.3,Stable,True
z_69.0_22.5,2025,1,2025-T1,Stable,77.2,20.2,2.6,77.2,Stable,True
z_69.0_22.5,2025,2,2025-T2,Stable,76.3,21.2,2.5,76.3,Stable,True
z_69.0_22.5,2025,3,2025-T3,Stable,76.4,20.9,2.7,76.4,Stable,True
z_69.0_22.5,2025,4,2025-T4,Stable,75.3,21.6,3.1,75.3,Stable,True
z_69.0_30.0,2023,1,2023-T1,Stable,80.3,19.1,0.5,80.3,Diminution,False
z_69.0_30.0,2023,2,2023-T2,Stable,83.7,15.9,0.4,83.7,Stable,True
z_69.0_30.0,2023,3,2023-T3,Stable,84.3,15.0,0.7,84.3,Diminution,False
z_69.0_30.0,2023,4,2023-T4,Stable,82.6,16.7,0.8,82.6,Stable,True
z_69.0_30.0,2024,1,2024-T1,Stable,81.7,17.6,0.7,81.7,Diminution,False
z_69.0_30.0,2024,2,2024-T2,Stable,83.0,16.5,0.5,83.0,Stable,True
z_69.0_30.0,2024,3,2024-T3,Stable,82.9,16.6,0.5,82.9,Diminution,False
z_69.0_30.0,2024,4,2024-T4,Stable,80.4,18.6,0.9,80.4,Stable,True
z_69.0_30.0,2025,1,2025-T1,Stable,81.9,17.6,0.5,81.9,Diminution,False
z_69.0_30.0,2025,2,2025-T2,Stable,84.4,15.2,0.4,84.4,Stable,True
z_69.0_30.0,2025,3,2025-T3,Stable,82.3,17.3,0.5,82.3,Diminution,False
z_69.0_30.0,2025,4,2025-T4,Stable,82.5,16.7,0.8,82.5,Stable,True
z_70.5_16.5,2023,1,2023-T1,Stable,81.8,17.9,0.3,81.8,Stable,True
z_70.5_16.5,2023,3,2023-T3,Stable,80.6,18.8,0.6,80.6,Diminution,False
z_70.5_16.5,2023,4,2023-T4,Stable,82.4,17.2,0.4,82.4,Stable,True
z_70.5_16.5,2024,1,2024-T1,Stable,84.1,15.7,0.2,84.1,Stable,True
z_70.5_16.5,2024,3,2024-T3,Stable,80.6,18.8,0.6,80.6,Diminution,False
z_70.5_16.5,2024,4,2024-T4,Stable,82.4,17.2,0.4,82.4,Stable,True
z_70.5_16.5,2025,1,2025-T1,Stable,81.0,18.6,0.4,81.0,Stable,True
z_70.5_16.5,2025,3,2025-T3,Stable,87.0,12.9,0.1,87.0,Diminution,False
z_70.5_16.5,2025,4,2025-T4,Stable,86.6,13.2,0.1,86.6,Stable,True
z_70.5_19.5,2023,1,2023-T1,Stable,82.0,17.5,0.5,82.0,Stable,True
z_70.5_19.5,2024,1,2024-T1,Stable,85.3,14.3,0.4,85.3,Stable,True
z_70.5_19.5,2025,1,2025-T1,Stable,79.9,19.2,0.8,79.9,Stable,True
z_70.5_21.0,2023,1,2023-T1,Stable,80.6,19.2,0.3,80.6,Stable,True
z_70.5_21.0,2023,2,2023-T2,Stable,81.4,18.4,0.2,81.4,Stable,True
z_70.5_21.0,2023,3,2023-T3,Stable,79.6,19.8,0.5,79.6,Stable,True
z_70.5_21.0,2023,4,2023-T4,Stable,79.9,19.9,0.2,79.9,Stable,True
z_70.5_21.0,2024,1,2024-T1,Stable,83.6,16.2,0.2,83.6,Stable,True
z_70.5_21.0,2024,2,2024-T2,Stable,86.3,13.6,0.1,86.3,Stable,True
z_70.5_21.0,2024,3,2024-T3,Stable,85.9,14.0,0.1,85.9,Stable,True
z_70.5_21.0,2024,4,2024-T4,Stable,85.6,14.3,0.1,85.6,Stable,True
z_70.5_21.0,2025,1,2025-T1,Stable,80.7,19.0,0.3,80.7,Stable,True
z_70.5_21.0,2025,2,2025-T2,Stable,84.6,15.3,0.1,84.6,Stable,True
z_70.5_21.0,2025,3,2025-T3,Stable,84.2,15.7,0.1,84.2,Stable,True
z_70.5_21.0,2025,4,2025-T4,Stable,85.4,14.5,0.1,85.4,Stable,True
z_70.5_22.5,2023,1,2023-T1,Stable,82.6,17.1,0.3,82.6,Stable,True
z_70.5_22.5,2023,2,2023-T2,Stable,83.6,16.0,0.4,83.6,Diminution,False
z_70.5_22.5,2023,3,2023-T3,Stable,84.5,15.3,0.2,84.5,Stable,True
z_70.5_22.5,2023,4,2023-T4,Stable,85.3,14.6,0.1,85.3,Stable,True
z_70.5_22.5,2024,1,2024-T1,Stable,83.5,16.2,0.2,83.5,Stable,True
z_70.5_22.5,2024,2,2024-T2,Stable,85.8,13.9,0.3,85.8,Diminution,False
z_70.5_22.5,2024,3,2024-T3,Stable,85.6,14.3,0.1,85.6,Stable,True
z_70.5_22.5,2024,4,2024-T4,Stable,82.9,16.9,0.1,82.9,Stable,True
z_70.5_22.5,2025,1,2025-T1,Stable,84.4,15.4,0.2,84.4,Augmentation,False
z_70.5_22.5,2025,2,2025-T2,Stable,76.2,23.0,0.8,76.2,Stable,True
z_70.5_22.5,2025,3,2025-T3,Stable,73.0,25.9,1.1,73.0,Stable,True
z_70.5_22.5,2025,4,2025-T4,Stable,71.5,28.2,0.3,71.5,Stable,True
z_70.5_24.0,2023,1,2023-T1,Stable,67.7,29.3,3.0,67.7,Stable,True
z_70.5_24.0,2023,2,2023-T2,Stable,71.8,24.9,3.4,71.8,Stable,True
z_70.5_24.0,2023,3,2023-T3,Stable,67.4,25.9,6.7,67.4,Stable,True
z_70.5_24.0,2023,4,2023-T4,Stable,71.3,24.6,4.1,71.3,Stable,True
z_70.5_24.0,2024,1,2024-T1,Stable,63.8,32.4,3.8,63.8,Stable,True
z_70.5_24.0,2024,2,2024-T2,Stable,67.4,25.0,7.7,67.4,Stable,True
z_70.5_24.0,2024,3,2024-T3,Stable,75.4,20.7,3.9,75.4,Stable,True
z_70.5_24.0,2024,4,2024-T4,Stable,74.6,21.6,3.8,74.6,Stable,True
z_70.5_24.0,2025,1,2025-T1,Stable,67.4,27.0,5.7,67.4,Stable,True
z_70.5_24.0,2025,2,2025-T2,Stable,75.5,21.5,3.0,75.5,Diminution,False
z_70.5_24.0,2025,3,2025-T3,Stable,75.8,21.2,3.0,75.8,Stable,True
z_70.5_24.0,2025,4,2025-T4,Stable,72.3,22.2,5.5,72.3,Stable,True
z_70.5_25.5,2023,1,2023-T1,Stable,72.5,25.6,1.9,72.5,Stable,True
z_70.5_25.5,2023,2,2023-T2,Stable,77.6,21.1,1.3,77.6,Stable,True
z_70.5_25.5,2023,3,2023-T3,Stable,82.2,17.0,0.8,82.2,Stable,True
z_70.5_25.5,2023,4,2023-T4,Stable,80.1,18.6,1.2,80.1,Stable,True
z_70.5_25.5,2024,1,2024-T1,Stable,73.6,24.7,1.7,73.6,Stable,True
z_70.5_25.5,2024,2,2024-T2,Stable,76.5,22.4,1.0,76.5,Stable,True
z_70.5_25.5,2024,3,2024-T3,Stable,82.6,16.5,1.0,82.6,Stable,True
z_70.5_25.5,2024,4,2024-T4,Stable,76.0,22.4,1.6,76.0,Stable,True
z_70.5_25.5,2025,1,2025-T1,Stable,72.9,25.7,1.5,72.9,Stable,True
z_70.5_25.5,2025,2,2025-T2,Stable,79.9,19.2,0.9,79.9,Stable,True
z_70.5_25.5,2025,3,2025-T3,Stable,81.9,17.1,1.0,81.9,Stable,True
z_70.5_25.5,2025,4,2025-T4,Stable,80.4,18.5,1.1,80.4,Stable,True
z_70.5_27.0,2023,1,2023-T1,Stable,86.7,13.1,0.2,86.7,Stable,True
z_70.5_27.0,2023,2,2023-T2,Stable,89.6,10.4,0.1,89.6,Diminution,False
z_70.5_27.0,2023,3,2023-T3,Stable,87.8,12.1,0.1,87.8,Diminution,False
z_70.5_27.0,2023,4,2023-T4,Stable,87.4,12.5,0.1,87.4,Stable,True
z_70.5_27.0,2024,1,2024-T1,Stable,83.8,16.0,0.2,83.8,Stable,True
z_70.5_27.0,2024,2,2024-T2,Stable,87.0,12.8,0.2,87.0,Diminution,False
z_70.5_27.0,2024,3,2024-T3,Stable,87.8,12.1,0.1,87.8,Stable,True
z_70.5_27.0,2024,4,2024-T4,Stable,87.2,12.7,0.1,87.2,Stable,True
z_70.5_27.0,2025,1,2025-T1,Stable,85.1,14.8,0.2,85.1,Stable,True
z_70.5_27.0,2025,2,2025-T2,Stable,87.5,12.4,0.1,87.5,Diminution,False
z_70.5_27.0,2025,3,2025-T3,Stable,87.2,12.7,0.1,87.2,Stable,True
z_70.5_27.0,2025,4,2025-T4,Stable,87.2,12.7,0.1,87.2,Stable,True
z_70.5_28.5,2023,1,2023-T1,Stable,82.8,16.6,0.6,82.8,Stable,True
z_70.5_28.5,2023,2,2023-T2,Stable,84.5,15.0,0.5,84.5,Stable,True
z_70.5_28.5,2023,3,2023-T3,Stable,85.5,14.1,0.3,85.5,Stable,True
z_70.5_28.5,2024,1,2024-T1,Stable,76.1,21.9,2.1,76.1,Stable,True
z_70.5_28.5,2024,2,2024-T2,Stable,77.1,21.7,1.2,77.1,Stable,True
z_70.5_28.5,2024,3,2024-T3,Stable,83.8,15.7,0.5,83.8,Stable,True
z_70.5_28.5,2025,1,2025-T1,Stable,81.9,17.5,0.6,81.9,Stable,True
z_70.5_28.5,2025,2,2025-T2,Stable,85.3,14.4,0.3,85.3,Stable,True
z_70.5_28.5,2025,3,2025-T3,Stable,80.4,18.8,0.8,80.4,Stable,True
z_70.5_30.0,2023,1,2023-T1,Stable,78.2,20.7,1.1,78.2,Stable,True
z_70.5_30.0,2023,2,2023-T2,Stable,79.8,19.6,0.7,79.8,Stable,True
z_70.5_30.0,2023,3,2023-T3,Stable,76.1,22.9,0.9,76.1,Stable,True
z_70.5_30.0,2023,4,2023-T4,Stable,79.5,19.7,0.8,79.5,Stable,True
z_70.5_30.0,2024,1,2024-T1,Stable,75.6,23.4,1.0,75.6,Stable,True
z_70.5_30.0,2024,2,2024-T2,Stable,80.6,18.6,0.8,80.6,Stable,True
z_70.5_30.0,2024,3,2024-T3,Stable,79.9,19.4,0.7,79.9,Stable,True
z_70.5_30.0,2024,4,2024-T4,Stable,80.1,18.8,1.0,80.1,Stable,True
z_70.5_30.0,2025,1,2025-T1,Stable,78.7,20.4,0.9,78.7,Stable,True
z_70.5_30.0,2025,2,2025-T2,Stable,77.1,22.0,0.9,77.1,Stable,True
z_70.5_30.0,2025,3,2025-T3,Stable,76.4,22.4,1.3,76.4,Stable,True
z_70.5_30.0,2025,4,2025-T4,Stable,65.8,32.0,2.1,65.8,Stable,True
z_70.5_33.0,2023,1,2023-T1,Stable,81.0,18.4,0.6,81.0,Stable,True
z_70.5_33.0,2023,2,2023-T2,Stable,84.4,15.3,0.3,84.4,Stable,True
z_70.5_33.0,2024,1,2024-T1,Stable,78.5,21.0,0.5,78.5,Stable,True
z_70.5_33.0,2024,2,2024-T2,Stable,84.4,15.3,0.3,84.4,Stable,True
z_70.5_33.0,2025,1,2025-T1,Stable,81.1,18.4,0.5,81.1,Stable,True
z_70.5_33.0,2025,2,2025-T2,Stable,84.4,15.3,0.3,84.4,Stable,True
z_72.0_13.5,2023,4,2023-T4,Stable,83.1,16.7,0.1,83.1,Stable,True
z_72.0_13.5,2024,4,2024-T4,Stable,84.8,15.0,0.1,84.8,Stable,True
z_72.0_13.5,2025,4,2025-T4,Stable,84.6,15.2,0.1,84.6,Stable,True
z_72.0_15.0,2023,2,2023-T2,Stable,87.9,12.0,0.1,87.9,Stable,True
z_72.0_15.0,2024,2,2024-T2,Stable,84.7,15.2,0.1,84.7,Stable,True
z_72.0_15.0,2025,2,2025-T2,Stable,87.4,12.6,0.1,87.4,Stable,True
z_72.0_19.5,2023,1,2023-T1,Stable,80.2,19.7,0.1,80.2,Stable,True
z_72.0_19.5,2023,2,2023-T2,Stable,82.2,17.7,0.2,82.2,Stable,True
z_72.0_19.5,2023,4,2023-T4,Stable,78.2,21.5,0.3,78.2,Diminution,False
z_72.0_19.5,2024,1,2024-T1,Stable,81.3,18.4,0.2,81.3,Stable,True
z_72.0_19.5,2024,2,2024-T2,Stable,81.4,18.5,0.2,81.4,Stable,True
z_72.0_19.5,2024,4,2024-T4,Stable,81.6,18.2,0.2,81.6,Diminution,False
z_72.0_19.5,2025,1,2025-T1,Stable,79.3,20.6,0.1,79.3,Stable,True
z_72.0_19.5,2025,2,2025-T2,Stable,83.9,15.9,0.2,83.9,Stable,True
z_72.0_19.5,2025,4,2025-T4,Stable,81.6,18.2,0.2,81.6,Diminution,False
z_72.0_28.5,2023,1,2023-T1,Stable,82.7,17.1,0.1,82.7,Stable,True
z_72.0_28.5,2023,3,2023-T3,Stable,84.2,15.7,0.1,84.2,Stable,True
z_72.0_28.5,2023,4,2023-T4,Stable,84.1,15.8,0.1,84.1,Stable,True
z_72.0_28.5,2024,1,2024-T1,Stable,82.7,17.1,0.1,82.7,Stable,True
z_72.0_28.5,2024,3,2024-T3,Stable,84.2,15.7,0.1,84.2,Stable,True
z_72.0_28.5,2024,4,2024-T4,Stable,84.1,15.8,0.1,84.1,Stable,True
z_72.0_28.5,2025,1,2025-T1,Stable,82.7,17.1,0.1,82.7,Stable,True
z_72.0_28.5,2025,3,2025-T3,Stable,82.0,17.9,0.1,82.0,Stable,True
z_72.0_28.5,2025,4,2025-T4,Stable,83.0,17.0,0.1,83.0,Stable,True
z_73.5_18.0,2023,3,2023-T3,Stable,84.0,15.9,0.1,84.0,Stable,True
z_73.5_18.0,2023,4,2023-T4,Stable,85.1,14.8,0.1,85.1,Stable,True
z_73.5_18.0,2024,3,2024-T3,Stable,84.0,15.9,0.1,84.0,Stable,True
z_73.5_18.0,2024,4,2024-T4,Stable,86.6,13.3,0.1,86.6,Stable,True
z_73.5_18.0,2025,3,2025-T3,Stable,85.2,14.7,0.1,85.2,Stable,True
z_73.5_18.0,2025,4,2025-T4,Stable,84.5,15.2,0.2,84.5,Stable,True
z_73.5_21.0,2023,1,2023-T1,Stable,77.7,21.8,0.4,77.7,Stable,True
z_73.5_21.0,2023,2,2023-T2,Stable,85.8,14.0,0.2,85.8,Stable,True
z_73.5_21.0,2023,3,2023-T3,Stable,84.7,15.0,0.3,84.7,Stable,True
z_73.5_21.0,2023,4,2023-T4,Stable,84.2,15.4,0.4,84.2,Stable,True
z_73.5_21.0,2024,1,2024-T1,Stable,81.9,17.7,0.4,81.9,Stable,True
z_73.5_21.0,2024,2,2024-T2,Stable,84.9,14.8,0.3,84.9,Stable,True
z_73.5_21.0,2024,3,2024-T3,Stable,83.1,16.7,0.2,83.1,Stable,True
z_73.5_21.0,2024,4,2024-T4,Stable,83.6,16.0,0.4,83.6,Stable,True
z_73.5_21.0,2025,1,2025-T1,Stable,82.4,17.1,0.4,82.4,Stable,True
z_73.5_21.0,2025,2,2025-T2,Stable,85.8,14.0,0.2,85.8,Stable,True
z_73.5_21.0,2025,3,2025-T3,Stable,84.7,15.0,0.3,84.7,Stable,True
z_73.5_21.0,2025,4,2025-T4,Stable,84.7,14.8,0.5,84.7,Stable,True
z_73.5_33.0,2023,2,2023-T2,Stable,86.6,13.4,0.0,86.6,Stable,True
z_73.5_33.0,2024,2,2024-T2,Stable,86.6,13.4,0.0,86.6,Stable,True
z_73.5_33.0,2025,2,2025-T2,Stable,84.9,15.1,0.1,84.9,Stable,True
z_73.5_34.5,2023,2,2023-T2,Stable,84.7,15.2,0.1,84.7,Stable,True
z_73.5_34.5,2024,2,2024-T2,Stable,88.3,11.6,0.0,88.3,Stable,True
z_73.5_34.5,2025,2,2025-T2,Stable,83.9,15.9,0.2,83.9,Stable,True
z_75.0_18.0,2023,3,2023-T3,Stable,86.9,13.0,0.1,86.9,Stable,True
z_75.0_18.0,2024,3,2024-T3,Stable,85.9,14.0,0.1,85.9,Stable,True
z_75.0_18.0,2025,3,2025-T3,Stable,86.9,13.0,0.1,86.9,Stable,True
z_75.0_31.5,2023,2,2023-T2,Stable,82.3,17.4,0.2,82.3,Stable,True
z_75.0_31.5,2024,2,2024-T2,Stable,82.7,17.1,0.1,82.7,Stable,True
z_75.0_31.5,2025,2,2025-T2,Stable,82.1,17.6,0.3,82.1,Stable,True
z_75.0_33.0,2023,3,2023-T3,Stable,76.2,22.6,1.1,76.2,Stable,True
z_75.0_33.0,2024,3,2024-T3,Stable,78.2,21.3,0.5,78.2,Stable,True
z_75.0_33.0,2025,3,2025-T3,Stable,81.0,18.6,0.4,81.0,Stable,True
z_75.0_34.5,2023,2,2023-T2,Stable,83.2,16.2,0.6,83.2,Stable,True
z_75.0_34.5,2023,3,2023-T3,Stable,82.9,16.7,0.4,82.9,Diminution,False
z_75.0_34.5,2023,4,2023-T4,Stable,82.2,17.1,0.7,82.2,Stable,True
z_75.0_34.5,2024,2,2024-T2,Stable,78.6,20.6,0.8,78.6,Stable,True
z_75.0_34.5,2024,3,2024-T3,Stable,71.8,26.0,2.1,71.8,Diminution,False
z_75.0_34.5,2024,4,2024-T4,Stable,75.9,23.1,1.0,75.9,Stable,True
z_75.0_34.5,2025,2,2025-T2,Stable,83.3,16.2,0.6,83.3,Stable,True
z_75.0_34.5,2025,3,2025-T3,Stable,82.9,16.7,0.4,82.9,Diminution,False
z_75.0_34.5,2025,4,2025-T4,Stable,82.2,17.1,0.7,82.2,Stable,True
z_75.0_36.0,2023,1,2023-T1,Stable,82.4,17.2,0.4,82.4,Stable,True
z_75.0_36.0,2023,3,2023-T3,Stable,83.0,16.6,0.4,83.0,Stable,True
z_75.0_36.0,2024,1,2024-T1,Stable,82.4,17.2,0.4,82.4,Stable,True
z_75.0_36.0,2024,3,2024-T3,Stable,79.5,20.1,0.4,79.5,Stable,True
z_75.0_36.0,2025,1,2025-T1,Stable,83.3,16.1,0.6,83.3,Stable,True
z_75.0_36.0,2025,3,2025-T3,Stable,83.8,15.8,0.3,83.8,Stable,True
z_76.5_13.5,2023,1,2023-T1,Stable,75.7,20.5,3.8,75.7,Stable,True
z_76.5_13.5,2023,2,2023-T2,Stable,78.6,18.3,3.1,78.6,Stable,True
z_76.5_13.5,2023,3,2023-T3,Stable,76.3,19.8,3.9,76.3,Diminution,False
z_76.5_13.5,2024,1,2024-T1,Stable,70.7,25.0,4.2,70.7,Stable,True
z_76.5_13.5,2024,2,2024-T2,Stable,78.6,18.3,3.1,78.6,Stable,True
z_76.5_13.5,2024,3,2024-T3,Stable,80.1,16.9,3.0,80.1,Diminution,False
z_76.5_13.5,2025,1,2025-T1,Stable,74.8,22.0,3.2,74.8,Stable,True
z_76.5_13.5,2025,2,2025-T2,Stable,78.2,18.9,2.9,78.2,Stable,True
z_76.5_13.5,2025,3,2025-T3,Stable,78.8,18.0,3.2,78.8,Diminution,False
z_76.5_33.0,2023,2,2023-T2,Stable,80.9,18.7,0.4,80.9,Stable,True
z_76.5_33.0,2023,3,2023-T3,Stable,80.2,19.2,0.6,80.2,Stable,True
z_76.5_33.0,2024,2,2024-T2,Stable,83.4,16.2,0.4,83.4,Stable,True
z_76.5_33.0,2024,3,2024-T3,Stable,81.1,18.5,0.4,81.1,Stable,True
z_76.5_33.0,2025,2,2025-T2,Stable,80.9,18.7,0.4,80.9,Stable,True
z_76.5_33.0,2025,3,2025-T3,Stable,81.1,18.5,0.4,81.1,Stable,True
z_78.0_10.5,2023,2,2023-T2,Stable,83.4,16.4,0.2,83.4,Stable,True
z_78.0_10.5,2023,3,2023-T3,Stable,82.5,17.3,0.2,82.5,Stable,True
z_78.0_10.5,2024,2,2024-T2,Stable,83.4,16.4,0.2,83.4,Stable,True
z_78.0_10.5,2024,3,2024-T3,Stable,82.5,17.3,0.2,82.5,Stable,True
z_78.0_10.5,2025,2,2025-T2,Stable,83.4,16.4,0.2,83.4,Stable,True
z_78.0_10.5,2025,3,2025-T3,Stable,82.7,17.2,0.1,82.7,Stable,True
z_78.0_13.5,2023,2,2023-T2,Stable,84.7,15.3,0.1,84.7,Stable,True
z_78.0_13.5,2023,3,2023-T3,Stable,82.0,17.4,0.6,82.0,Diminution,False
z_78.0_13.5,2024,2,2024-T2,Stable,84.2,15.7,0.1,84.2,Stable,True
z_78.0_13.5,2024,3,2024-T3,Stable,82.2,17.5,0.3,82.2,Diminution,False
z_78.0_13.5,2025,2,2025-T2,Stable,84.3,15.6,0.1,84.3,Stable,True
z_78.0_13.5,2025,3,2025-T3,Stable,81.7,18.1,0.2,81.7,Stable,True
z_78.0_15.0,2023,3,2023-T3,Stable,83.4,16.3,0.2,83.4,Diminution,False
z_78.0_15.0,2024,3,2024-T3,Stable,83.5,16.3,0.1,83.5,Stable,True
z_78.0_15.0,2025,3,2025-T3,Stable,83.4,16.3,0.2,83.4,Diminution,False
z_79.5_10.5,2023,2,2023-T2,Stable,81.5,17.9,0.6,81.5,Stable,True
z_79.5_10.5,2023,4,2023-T4,Stable,81.6,18.0,0.4,81.6,Stable,True
z_79.5_10.5,2024,2,2024-T2,Stable,80.9,18.4,0.7,80.9,Stable,True
z_79.5_10.5,2024,4,2024-T4,Stable,81.6,18.0,0.4,81.6,Stable,True
z_79.5_10.5,2025,2,2025-T2,Stable,81.6,17.9,0.5,81.6,Stable,True
z_79.5_10.5,2025,4,2025-T4,Stable,81.5,18.3,0.2,81.5,Stable,True
