zone,annee,semestre,semestre_annee,tendance,confiance,proba_Augmentation,proba_Diminution,proba_Stable,tendance_reelle,correct
z_24.0_-18.0,2023,1,2023-S1,Stable,98.8,0.0,1.2,98.8,Stable,True
z_24.0_-18.0,2024,1,2024-S1,Stable,98.8,0.0,1.2,98.8,Stable,True
z_24.0_-18.0,2025,1,2025-S1,Stable,98.7,0.4,0.9,98.7,Stable,True
z_24.0_-19.5,2023,1,2023-S1,Stable,98.6,0.0,1.4,98.6,Stable,True
z_24.0_-19.5,2024,1,2024-S1,Stable,98.0,0.4,1.7,98.0,Stable,True
z_24.0_-19.5,2025,1,2025-S1,Stable,98.5,0.0,1.5,98.5,Stable,True
z_27.0_-15.0,2023,1,2023-S1,Stable,97.9,0.1,2.0,97.9,Stable,True
z_27.0_-15.0,2023,2,2023-S2,Stable,59.4,24.0,16.6,59.4,Stable,True
z_27.0_-15.0,2024,1,2024-S1,Stable,84.9,10.0,5.2,84.9,Stable,True
z_27.0_-15.0,2024,2,2024-S2,Stable,79.2,3.5,17.4,79.2,Stable,True
z_27.0_-15.0,2025,1,2025-S1,Stable,97.8,0.1,2.1,97.8,Stable,True
z_27.0_-15.0,2025,2,2025-S2,Stable,82.2,0.7,17.1,82.2,Stable,True
z_27.0_-16.5,2023,1,2023-S1,Augmentation,79.8,79.8,12.4,7.8,Stable,False
z_27.0_-16.5,2023,2,2023-S2,Augmentation,55.0,55.0,35.0,10.1,Diminution,False
z_27.0_-16.5,2024,1,2024-S1,Augmentation,53.5,53.5,37.4,9.1,Augmentation,True
z_27.0_-16.5,2024,2,2024-S2,Augmentation,46.0,46.0,41.6,12.4,Augmentation,True
z_27.0_-16.5,2025,1,2025-S1,Augmentation,67.8,67.8,21.6,10.6,Augmentation,True
z_27.0_-16.5,2025,2,2025-S2,Augmentation,67.5,67.5,25.0,7.5,Diminution,False
z_28.5_-13.5,2023,1,2023-S1,Stable,98.9,0.0,1.1,98.9,Stable,True
z_28.5_-13.5,2023,2,2023-S2,Stable,97.6,0.6,1.7,97.6,Stable,True
z_28.5_-13.5,2024,1,2024-S1,Stable,98.9,0.0,1.1,98.9,Stable,True
z_28.5_-13.5,2024,2,2024-S2,Stable,96.4,1.9,1.8,96.4,Stable,True
z_28.5_-13.5,2025,1,2025-S1,Stable,97.5,0.6,2.0,97.5,Stable,True
z_28.5_-13.5,2025,2,2025-S2,Stable,95.9,2.2,1.9,95.9,Stable,True
z_28.5_-15.0,2023,1,2023-S1,Diminution,73.0,5.9,73.0,21.2,Stable,False
z_28.5_-15.0,2023,2,2023-S2,Stable,82.1,7.2,10.7,82.1,Stable,True
z_28.5_-15.0,2024,1,2024-S1,Diminution,53.9,21.0,53.9,25.0,Stable,False
z_28.5_-15.0,2024,2,2024-S2,Stable,56.0,41.3,2.7,56.0,Stable,True
z_28.5_-15.0,2025,1,2025-S1,Diminution,69.9,10.2,69.9,19.9,Stable,False
z_28.5_-15.0,2025,2,2025-S2,Stable,54.8,37.0,8.2,54.8,Stable,True
z_28.5_-16.5,2023,1,2023-S1,Diminution,61.0,18.1,61.0,20.9,Stable,False
z_28.5_-16.5,2023,2,2023-S2,Diminution,71.0,7.7,71.0,21.3,Diminution,True
z_28.5_-16.5,2024,1,2024-S1,Diminution,69.1,7.3,69.1,23.5,Stable,False
z_28.5_-16.5,2024,2,2024-S2,Diminution,59.7,14.2,59.7,26.2,Stable,False
z_28.5_-16.5,2025,1,2025-S1,Diminution,49.1,25.2,49.1,25.6,Stable,False
z_28.5_-16.5,2025,2,2025-S2,Diminution,46.7,27.3,46.7,26.0,Diminution,True
z_30.0_-10.5,2023,1,2023-S1,Stable,96.7,0.3,2.9,96.7,Stable,True
z_30.0_-10.5,2023,2,2023-S2,Stable,98.0,0.1,1.8,98.0,Stable,True
z_30.0_-10.5,2024,1,2024-S1,Stable,96.7,0.3,2.9,96.7,Stable,True
z_30.0_-10.5,2024,2,2024-S2,Stable,97.9,0.6,1.5,97.9,Stable,True
z_30.0_-10.5,2025,1,2025-S1,Stable,80.9,16.7,2.3,80.9,Stable,True
z_30.0_-10.5,2025,2,2025-S2,Stable,92.1,5.4,2.4,92.1,Stable,True
z_30.0_-13.5,2023,1,2023-S1,Diminution,85.9,0.4,85.9,13.6,Diminution,True
z_30.0_-13.5,2024,1,2024-S1,Diminution,87.1,0.6,87.1,12.3,Stable,False
z_30.0_-13.5,2025,1,2025-S1,Diminution,87.1,1.2,87.1,11.6,Stable,False
z_30.0_-15.0,2023,1,2023-S1,Diminution,78.9,3.9,78.9,17.2,Diminution,True
z_30.0_-15.0,2024,1,2024-S1,Diminution,77.5,0.9,77.5,21.6,Diminution,True
z_30.0_-15.0,2025,1,2025-S1,Diminution,85.5,1.1,85.5,13.4,Stable,False
z_30.0_28.5,2023,1,2023-S1,Diminution,69.4,3.4,69.4,27.2,Stable,False
z_30.0_28.5,2023,2,2023-S2,Diminution,58.0,17.4,58.0,24.6,Diminution,True
z_30.0_28.5,2024,1,2024-S1,Diminution,62.8,16.7,62.8,20.5,Diminution,True
z_30.0_28.5,2024,2,2024-S2,Diminution,71.2,13.3,71.2,15.4,Diminution,True
z_30.0_28.5,2025,1,2025-S1,Diminution,67.8,2.7,67.8,29.5,Diminution,True
z_30.0_28.5,2025,2,2025-S2,Diminution,78.7,8.2,78.7,13.0,Stable,False
z_30.0_30.0,2023,1,2023-S1,Stable,97.1,1.6,1.3,97.1,Stable,True
z_30.0_30.0,2023,2,2023-S2,Stable,98.9,0.0,1.0,98.9,Stable,True
z_30.0_30.0,2024,1,2024-S1,Stable,95.3,3.2,1.4,95.3,Stable,True
z_30.0_30.0,2024,2,2024-S2,Stable,94.2,4.6,1.3,94.2,Stable,True
z_30.0_30.0,2025,1,2025-S1,Stable,96.8,2.0,1.2,96.8,Stable,True
z_30.0_30.0,2025,2,2025-S2,Stable,99.0,0.4,0.6,99.0,Stable,True
z_30.0_31.5,2023,1,2023-S1,Diminution,48.2,24.3,48.2,27.4,Augmentation,False
z_30.0_31.5,2023,2,2023-S2,Diminution,37.7,37.5,37.7,24.8,Stable,False
z_30.0_31.5,2024,1,2024-S1,Diminution,37.3,34.2,37.3,28.4,Stable,False
z_30.0_31.5,2024,2,2024-S2,Diminution,62.3,16.2,62.3,21.6,Augmentation,False
z_30.0_31.5,2025,1,2025-S1,Augmentation,43.8,43.8,32.4,23.8,Stable,False
z_30.0_31.5,2025,2,2025-S2,Diminution,53.1,21.6,53.1,25.3,Diminution,True
z_31.5_-15.0,2023,1,2023-S1,Stable,98.9,0.1,1.0,98.9,Stable,True
z_31.5_-15.0,2023,2,2023-S2,Stable,94.5,3.8,1.7,94.5,Stable,True
z_31.5_-15.0,2024,1,2024-S1,Stable,98.7,0.1,1.2,98.7,Stable,True
z_31.5_-15.0,2024,2,2024-S2,Stable,98.5,0.1,1.4,98.5,Stable,True
z_31.5_-15.0,2025,1,2025-S1,Stable,98.7,0.3,0.9,98.7,Stable,True
z_31.5_-15.0,2025,2,2025-S2,Stable,97.3,1.1,1.6,97.3,Stable,True
z_31.5_-18.0,2023,1,2023-S1,Stable,80.0,17.5,2.6,80.0,Stable,True
z_31.5_-18.0,2023,2,2023-S2,Stable,68.7,28.2,3.2,68.7,Stable,True
z_31.5_-18.0,2024,1,2024-S1,Stable,55.4,40.3,4.3,55.4,Stable,True
z_31.5_-18.0,2024,2,2024-S2,Stable,73.8,21.2,5.0,73.8,Stable,True
z_31.5_-18.0,2025,1,2025-S1,Stable,84.3,10.8,4.9,84.3,Stable,True
z_31.5_-18.0,2025,2,2025-S2,Stable,90.3,5.8,3.9,90.3,Stable,True
z_31.5_31.5,2023,1,2023-S1,Stable,90.1,7.4,2.5,90.1,Stable,True
z_31.5_31.5,2024,1,2024-S1,Stable,95.4,1.9,2.7,95.4,Stable,True
z_31.5_31.5,2025,1,2025-S1,Stable,94.4,2.2,3.3,94.4,Stable,True
z_33.0_-13.5,2023,1,2023-S1,Stable,98.8,0.0,1.2,98.8,Stable,True
z_33.0_-13.5,2023,2,2023-S2,Stable,97.7,0.9,1.4,97.7,Stable,True
z_33.0_-13.5,2024,1,2024-S1,Stable,94.5,4.1,1.4,94.5,Stable,True
z_33.0_-13.5,2024,2,2024-S2,Stable,94.7,3.5,1.7,94.7,Stable,True
z_33.0_-13.5,2025,1,2025-S1,Stable,98.4,0.0,1.6,98.4,Stable,True
z_33.0_-13.5,2025,2,2025-S2,Stable,98.7,0.1,1.2,98.7,Stable,True
z_33.0_-9.0,2023,1,2023-S1,Stable,80.3,11.2,8.5,80.3,Stable,True
z_33.0_-9.0,2023,2,2023-S2,Stable,87.9,8.6,3.5,87.9,Stable,True
z_33.0_-9.0,2024,1,2024-S1,Stable,80.7,13.5,5.8,80.7,Stable,True
z_33.0_-9.0,2024,2,2024-S2,Stable,57.2,36.7,6.1,57.2,Stable,True
z_33.0_-9.0,2025,1,2025-S1,Stable,65.9,31.1,3.0,65.9,Stable,True
z_33.0_-9.0,2025,2,2025-S2,Stable,80.2,10.3,9.5,80.2,Augmentation,False
z_33.0_10.5,2023,1,2023-S1,Stable,99.3,0.0,0.7,99.3,Stable,True
z_33.0_10.5,2024,1,2024-S1,Stable,99.3,0.0,0.7,99.3,Stable,True
z_33.0_10.5,2025,1,2025-S1,Stable,99.3,0.0,0.7,99.3,Stable,True
z_33.0_18.0,2023,2,2023-S2,Stable,99.1,0.1,0.8,99.1,Stable,True
z_33.0_18.0,2024,2,2024-S2,Stable,99.1,0.1,0.8,99.1,Stable,True
z_33.0_18.0,2025,2,2025-S2,Stable,97.8,1.2,1.1,97.8,Stable,True
z_33.0_25.5,2023,1,2023-S1,Stable,98.6,0.0,1.4,98.6,Stable,True
z_33.0_25.5,2024,1,2024-S1,Stable,98.6,0.0,1.4,98.6,Stable,True
z_33.0_25.5,2025,1,2025-S1,Stable,97.2,0.8,2.0,97.2,Stable,True
z_34.5_-1.5,2023,1,2023-S1,Stable,95.3,2.5,2.2,95.3,Stable,True
z_34.5_-1.5,2023,2,2023-S2,Stable,60.6,28.4,11.0,60.6,Stable,True
z_34.5_-1.5,2024,1,2024-S1,Stable,75.7,20.9,3.4,75.7,Stable,True
z_34.5_-1.5,2024,2,2024-S2,Stable,84.7,4.4,10.9,84.7,Stable,True
z_34.5_-1.5,2025,1,2025-S1,Stable,95.6,2.1,2.3,95.6,Stable,True
z_34.5_-1.5,2025,2,2025-S2,Stable,85.8,1.2,13.0,85.8,Stable,True
z_34.5_-10.5,2023,1,2023-S1,Stable,98.9,0.2,0.9,98.9,Stable,True
z_34.5_-10.5,2023,2,2023-S2,Stable,98.8,0.2,1.0,98.8,Stable,True
z_34.5_-10.5,2024,1,2024-S1,Stable,98.9,0.2,0.9,98.9,Stable,True
z_34.5_-10.5,2024,2,2024-S2,Stable,98.7,0.5,0.8,98.7,Stable,True
z_34.5_-10.5,2025,1,2025-S1,Stable,98.2,0.6,1.2,98.2,Stable,True
z_34.5_-10.5,2025,2,2025-S2,Stable,99.0,0.2,0.8,99.0,Stable,True
z_34.5_-4.5,2023,1,2023-S1,Stable,65.5,28.8,5.7,65.5,Stable,True
z_34.5_-4.5,2023,2,2023-S2,Diminution,79.2,5.4,79.2,15.4,Stable,False
z_34.5_-4.5,2024,1,2024-S1,Stable,76.9,18.2,4.9,76.9,Stable,True
z_34.5_-4.5,2024,2,2024-S2,Diminution,79.1,6.2,79.1,14.7,Stable,False
z_34.5_-4.5,2025,1,2025-S1,Stable,73.9,23.0,3.2,73.9,Stable,True
z_34.5_-4.5,2025,2,2025-S2,Diminution,78.3,6.0,78.3,15.7,Stable,False
z_34.5_-6.0,2023,1,2023-S1,Diminution,65.6,17.1,65.6,17.4,Stable,False
z_34.5_-6.0,2023,2,2023-S2,Diminution,72.1,13.1,72.1,14.8,Diminution,True
z_34.5_-6.0,2024,1,2024-S1,Diminution,76.7,9.3,76.7,14.0,Augmentation,False
z_34.5_-6.0,2024,2,2024-S2,Diminution,54.8,19.1,54.8,26.2,Stable,False
z_34.5_-6.0,2025,1,2025-S1,Diminution,43.3,34.5,43.3,22.2,Stable,False
z_34.5_-6.0,2025,2,2025-S2,Diminution,55.4,26.3,55.4,18.3,Diminution,True
z_34.5_-7.5,2023,1,2023-S1,Stable,87.3,8.9,3.8,87.3,Stable,True
z_34.5_-7.5,2023,2,2023-S2,Stable,94.9,2.8,2.2,94.9,Stable,True
z_34.5_-7.5,2024,1,2024-S1,Stable,63.3,27.9,8.8,63.3,Stable,True
z_34.5_-7.5,2024,2,2024-S2,Stable,80.3,15.3,4.4,80.3,Stable,True
z_34.5_-7.5,2025,1,2025-S1,Stable,86.4,7.1,6.5,86.4,Stable,True
z_34.5_-7.5,2025,2,2025-S2,Stable,96.0,1.4,2.6,96.0,Stable,True
z_34.5_0.0,2023,1,2023-S1,Stable,94.5,1.4,4.0,94.5,Stable,True
z_34.5_0.0,2023,2,2023-S2,Stable,98.5,0.3,1.3,98.5,Stable,True
z_34.5_0.0,2024,1,2024-S1,Stable,85.3,10.1,4.6,85.3,Stable,True
z_34.5_0.0,2024,2,2024-S2,Stable,97.9,0.4,1.6,97.9,Stable,True
z_34.5_0.0,2025,1,2025-S1,Stable,92.9,4.6,2.5,92.9,Stable,True
z_34.5_0.0,2025,2,2025-S2,Stable,98.6,0.0,1.3,98.6,Stable,True
z_34.5_12.0,2023,1,2023-S1,Diminution,80.0,7.6,80.0,12.4,Stable,False
z_34.5_12.0,2023,2,2023-S2,Stable,91.4,6.0,2.5,91.4,Stable,True
z_34.5_12.0,2024,1,2024-S1,Diminution,79.5,6.1,79.5,14.4,Diminution,True
z_34.5_12.0,2024,2,2024-S2,Stable,86.7,10.7,2.6,86.7,Stable,True
z_34.5_12.0,2025,1,2025-S1,Diminution,58.2,20.5,58.2,21.3,Diminution,True
z_34.5_12.0,2025,2,2025-S2,Stable,59.5,37.0,3.5,59.5,Stable,True
z_34.5_13.5,2023,1,2023-S1,Augmentation,58.8,58.8,37.4,3.8,Diminution,False
z_34.5_13.5,2023,2,2023-S2,Augmentation,63.6,63.6,33.3,3.0,Augmentation,True
z_34.5_13.5,2024,1,2024-S1,Augmentation,51.9,51.9,44.0,4.1,Augmentation,True
z_34.5_13.5,2024,2,2024-S2,Augmentation,67.8,67.8,29.1,3.1,Augmentation,True
z_34.5_13.5,2025,1,2025-S1,Augmentation,68.4,68.4,29.0,2.6,Augmentation,True
z_34.5_13.5,2025,2,2025-S2,Augmentation,69.8,69.8,27.8,2.4,Augmentation,True
z_34.5_16.5,2023,1,2023-S1,Diminution,89.7,1.8,89.7,8.5,Diminution,True
z_34.5_16.5,2024,1,2024-S1,Diminution,88.2,1.8,88.2,10.0,Diminution,True
z_34.5_16.5,2025,1,2025-S1,Diminution,89.7,1.6,89.7,8.7,Diminution,True
z_34.5_18.0,2023,1,2023-S1,Stable,99.2,0.1,0.7,99.2,Stable,True
z_34.5_18.0,2024,1,2024-S1,Stable,99.2,0.1,0.7,99.2,Stable,True
z_34.5_18.0,2025,1,2025-S1,Stable,98.4,0.6,1.0,98.4,Stable,True
z_34.5_19.5,2023,1,2023-S1,Stable,97.3,1.5,1.2,97.3,Diminution,False
z_34.5_19.5,2023,2,2023-S2,Stable,99.1,0.1,0.9,99.1,Stable,True
z_34.5_19.5,2024,1,2024-S1,Stable,97.3,1.5,1.2,97.3,Stable,True
z_34.5_19.5,2024,2,2024-S2,Stable,98.9,0.4,0.6,98.9,Stable,True
z_34.5_19.5,2025,1,2025-S1,Stable,94.5,4.3,1.1,94.5,Diminution,False
z_34.5_19.5,2025,2,2025-S2,Stable,99.3,0.0,0.6,99.3,Stable,True
z_34.5_22.5,2023,1,2023-S1,Stable,69.8,21.2,9.0,69.8,Augmentation,False
z_34.5_22.5,2023,2,2023-S2,Diminution,65.3,11.6,65.3,23.1,Stable,False
z_34.5_22.5,2024,1,2024-S1,Stable,48.5,38.4,13.1,48.5,Stable,True
z_34.5_22.5,2024,2,2024-S2,Diminution,70.2,11.7,70.2,18.1,Stable,False
z_34.5_22.5,2025,1,2025-S1,Stable,61.3,30.0,8.7,61.3,Stable,True
z_34.5_22.5,2025,2,2025-S2,Diminution,75.8,5.3,75.8,18.9,Stable,False
z_34.5_24.0,2023,1,2023-S1,Augmentation,46.3,46.3,45.5,8.1,Stable,False
z_34.5_24.0,2023,2,2023-S2,Diminution,56.8,35.3,56.8,7.9,Stable,False
z_34.5_24.0,2024,1,2024-S1,Diminution,50.1,41.7,50.1,8.2,Stable,False
z_34.5_24.0,2024,2,2024-S2,Augmentation,57.4,57.4,36.0,6.6,Diminution,False
z_34.5_24.0,2025,1,2025-S1,Diminution,55.5,35.8,55.5,8.7,Diminution,True
z_34.5_24.0,2025,2,2025-S2,Diminution,64.0,29.4,64.0,6.7,Stable,False
z_34.5_25.5,2023,1,2023-S1,Diminution,66.9,6.1,66.9,27.0,Stable,False
z_34.5_25.5,2023,2,2023-S2,Diminution,65.3,9.4,65.3,25.3,Augmentation,False
z_34.5_25.5,2024,1,2024-S1,Diminution,59.9,19.3,59.9,20.8,Diminution,True
z_34.5_25.5,2024,2,2024-S2,Diminution,53.4,20.1,53.4,26.5,Diminution,True
z_34.5_25.5,2025,1,2025-S1,Diminution,74.7,7.6,74.7,17.7,Stable,False
z_34.5_25.5,2025,2,2025-S2,Diminution,71.0,9.3,71.0,19.7,Stable,False
z_34.5_27.0,2023,1,2023-S1,Stable,74.2,19.4,6.4,74.2,Stable,True
z_34.5_27.0,2023,2,2023-S2,Diminution,64.0,11.6,64.0,24.4,Stable,False
z_34.5_27.0,2024,1,2024-S1,Stable,63.1,34.0,3.0,63.1,Stable,True
z_34.5_27.0,2024,2,2024-S2,Diminution,74.8,2.8,74.8,22.4,Diminution,True
z_34.5_27.0,2025,1,2025-S1,Stable,91.1,5.9,3.0,91.1,Stable,True
z_34.5_27.0,2025,2,2025-S2,Diminution,73.1,3.8,73.1,23.1,Diminution,True
z_34.5_31.5,2023,1,2023-S1,Diminution,43.3,26.6,43.3,30.1,Diminution,True
z_34.5_31.5,2023,2,2023-S2,Diminution,37.3,35.7,37.3,27.1,Stable,False
z_34.5_31.5,2024,1,2024-S1,Augmentation,42.6,42.6,31.3,26.0,Diminution,False
z_34.5_31.5,2024,2,2024-S2,Augmentation,47.1,47.1,32.8,20.1,Stable,False
z_34.5_31.5,2025,1,2025-S1,Diminution,55.8,25.6,55.8,18.6,Diminution,True
z_34.5_31.5,2025,2,2025-S2,Diminution,60.4,14.7,60.4,24.9,Stable,False
z_34.5_33.0,2023,1,2023-S1,Augmentation,56.6,56.6,26.1,17.4,Augmentation,True
z_34.5_33.0,2023,2,2023-S2,Diminution,45.4,39.6,45.4,15.0,Augmentation,False
z_34.5_33.0,2024,1,2024-S1,Augmentation,52.9,52.9,27.4,19.7,Stable,False
z_34.5_33.0,2024,2,2024-S2,Augmentation,48.9,48.9,35.8,15.3,Stable,False
z_34.5_33.0,2025,1,2025-S1,Augmentation,52.9,52.9,28.8,18.3,Augmentation,True
z_34.5_33.0,2025,2,2025-S2,Augmentation,52.1,52.1,34.4,13.5,Diminution,False
z_36.0_-1.5,2023,1,2023-S1,Stable,74.5,22.9,2.6,74.5,Stable,True
z_36.0_-1.5,2023,2,2023-S2,Stable,94.7,2.3,3.0,94.7,Stable,True
z_36.0_-1.5,2024,1,2024-S1,Stable,93.2,3.8,3.0,93.2,Stable,True
z_36.0_-1.5,2024,2,2024-S2,Stable,93.9,2.4,3.7,93.9,Stable,True
z_36.0_-1.5,2025,1,2025-S1,Stable,95.0,1.7,3.3,95.0,Stable,True
z_36.0_-1.5,2025,2,2025-S2,Stable,93.5,4.2,2.3,93.5,Stable,True
z_36.0_-10.5,2023,1,2023-S1,Stable,47.2,47.2,5.6,47.2,Stable,True
z_36.0_-10.5,2023,2,2023-S2,Diminution,38.3,32.4,38.3,29.3,Stable,False
z_36.0_-10.5,2024,1,2024-S1,Augmentation,55.1,55.1,8.4,36.5,Stable,False
z_36.0_-10.5,2024,2,2024-S2,Diminution,67.1,12.7,67.1,20.2,Stable,False
z_36.0_-10.5,2025,1,2025-S1,Augmentation,57.4,57.4,7.5,35.1,Augmentation,True
z_36.0_-10.5,2025,2,2025-S2,Diminution,50.3,24.2,50.3,25.5,Stable,False
z_36.0_-12.0,2023,1,2023-S1,Stable,98.9,0.1,1.0,98.9,Stable,True
z_36.0_-12.0,2024,1,2024-S1,Stable,98.8,0.3,1.0,98.8,Stable,True
z_36.0_-12.0,2025,1,2025-S1,Stable,99.1,0.0,0.8,99.1,Stable,True
z_36.0_-3.0,2023,1,2023-S1,Augmentation,57.6,57.6,31.1,11.3,Augmentation,True
z_36.0_-3.0,2023,2,2023-S2,Augmentation,80.1,80.1,12.8,7.1,Stable,False
z_36.0_-3.0,2024,1,2024-S1,Augmentation,60.6,60.6,27.8,11.6,Stable,False
z_36.0_-3.0,2024,2,2024-S2,Augmentation,61.9,61.9,27.9,10.1,Stable,False
z_36.0_-3.0,2025,1,2025-S1,Augmentation,47.5,47.5,39.5,13.0,Stable,False
z_36.0_-3.0,2025,2,2025-S2,Augmentation,57.6,57.6,28.3,14.1,Augmentation,True
z_36.0_-4.5,2023,1,2023-S1,Diminution,55.8,18.8,55.8,25.4,Stable,False
z_36.0_-4.5,2023,2,2023-S2,Diminution,56.8,16.5,56.8,26.7,Augmentation,False
z_36.0_-4.5,2024,1,2024-S1,Diminution,41.3,29.0,41.3,29.7,Stable,False
z_36.0_-4.5,2024,2,2024-S2,Diminution,47.5,28.7,47.5,23.8,Stable,False
z_36.0_-4.5,2025,1,2025-S1,Diminution,60.4,18.7,60.4,20.9,Stable,False
z_36.0_-4.5,2025,2,2025-S2,Diminution,43.4,26.8,43.4,29.8,Diminution,True
z_36.0_-6.0,2023,1,2023-S1,Augmentation,53.0,53.0,40.2,6.8,Diminution,False
z_36.0_-6.0,2023,2,2023-S2,Augmentation,57.1,57.1,36.1,6.8,Diminution,False
z_36.0_-6.0,2024,1,2024-S1,Diminution,60.8,34.1,60.8,5.1,Diminution,True
z_36.0_-6.0,2024,2,2024-S2,Diminution,62.7,32.1,62.7,5.2,Diminution,True
z_36.0_-6.0,2025,1,2025-S1,Diminution,76.3,18.3,76.3,5.3,Diminution,True
z_36.0_-6.0,2025,2,2025-S2,Diminution,66.2,28.1,66.2,5.8,Diminution,True
z_36.0_-7.5,2023,1,2023-S1,Augmentation,78.5,78.5,13.7,7.8,Stable,False
z_36.0_-7.5,2023,2,2023-S2,Augmentation,53.7,53.7,35.5,10.8,Augmentation,True
z_36.0_-7.5,2024,1,2024-S1,Augmentation,55.8,55.8,32.0,12.2,Augmentation,True
z_36.0_-7.5,2024,2,2024-S2,Augmentation,47.1,47.1,39.1,13.7,Stable,False
z_36.0_-7.5,2025,1,2025-S1,Augmentation,47.3,47.3,34.0,18.6,Augmentation,True
z_36.0_-7.5,2025,2,2025-S2,Augmentation,72.1,72.1,18.0,9.9,Diminution,False
z_36.0_-9.0,2023,1,2023-S1,Diminution,49.6,26.0,49.6,24.4,Augmentation,False
z_36.0_-9.0,2023,2,2023-S2,Diminution,38.5,37.9,38.5,23.6,Augmentation,False
z_36.0_-9.0,2024,1,2024-S1,Augmentation,57.3,57.3,22.8,19.9,Augmentation,True
z_36.0_-9.0,2024,2,2024-S2,Augmentation,57.2,57.2,25.5,17.3,Augmentation,True
z_36.0_-9.0,2025,1,2025-S1,Augmentation,60.1,60.1,27.7,12.2,Diminution,False
z_36.0_-9.0,2025,2,2025-S2,Augmentation,46.3,46.3,35.4,18.3,Stable,False
z_36.0_0.0,2023,1,2023-S1,Stable,73.4,24.2,2.4,73.4,Stable,True
z_36.0_0.0,2023,2,2023-S2,Stable,85.4,12.5,2.1,85.4,Stable,True
z_36.0_0.0,2024,1,2024-S1,Stable,96.8,1.6,1.5,96.8,Stable,True
z_36.0_0.0,2024,2,2024-S2,Stable,95.7,1.4,2.8,95.7,Stable,True
z_36.0_0.0,2025,1,2025-S1,Stable,79.0,19.0,2.1,79.0,Stable,True
z_36.0_0.0,2025,2,2025-S2,Stable,82.4,14.9,2.7,82.4,Stable,True
z_36.0_10.5,2023,1,2023-S1,Augmentation,63.4,63.4,6.5,30.0,Stable,False
z_36.0_10.5,2023,2,2023-S2,Diminution,50.0,24.9,50.0,25.0,Stable,False
z_36.0_10.5,2024,1,2024-S1,Augmentation,50.1,50.1,8.8,41.1,Stable,False
z_36.0_10.5,2024,2,2024-S2,Diminution,46.5,30.4,46.5,23.1,Stable,False
z_36.0_10.5,2025,1,2025-S1,Stable,49.9,40.3,9.8,49.9,Stable,True
z_36.0_10.5,2025,2,2025-S2,Diminution,56.8,18.4,56.8,24.7,Stable,False
z_36.0_12.0,2023,1,2023-S1,Diminution,38.1,30.8,38.1,31.2,Stable,False
z_36.0_12.0,2023,2,2023-S2,Diminution,46.4,26.0,46.4,27.6,Stable,False
z_36.0_12.0,2024,1,2024-S1,Diminution,42.6,28.4,42.6,29.1,Stable,False
z_36.0_12.0,2024,2,2024-S2,Augmentation,39.3,39.3,37.2,23.6,Augmentation,True
z_36.0_12.0,2025,1,2025-S1,Augmentation,39.9,39.9,35.1,25.0,Stable,False
z_36.0_12.0,2025,2,2025-S2,Augmentation,40.0,40.0,35.5,24.4,Stable,False
z_36.0_13.5,2023,1,2023-S1,Diminution,48.4,41.3,48.4,10.3,Augmentation,False
z_36.0_13.5,2023,2,2023-S2,Augmentation,69.8,69.8,19.1,11.1,Diminution,False
z_36.0_13.5,2024,1,2024-S1,Diminution,45.9,40.5,45.9,13.6,Augmentation,False
z_36.0_13.5,2024,2,2024-S2,Augmentation,57.3,57.3,30.4,12.3,Augmentation,True
z_36.0_13.5,2025,1,2025-S1,Augmentation,66.2,66.2,25.5,8.2,Diminution,False
z_36.0_13.5,2025,2,2025-S2,Augmentation,62.9,62.9,25.8,11.2,Diminution,False
z_36.0_15.0,2023,1,2023-S1,Diminution,47.2,40.3,47.2,12.5,Diminution,True
z_36.0_15.0,2023,2,2023-S2,Diminution,54.3,35.2,54.3,10.5,Stable,False
z_36.0_15.0,2024,1,2024-S1,Diminution,49.3,34.6,49.3,16.0,Augmentation,False
z_36.0_15.0,2024,2,2024-S2,Augmentation,49.6,49.6,31.0,19.3,Stable,False
z_36.0_15.0,2025,1,2025-S1,Augmentation,59.6,59.6,22.1,18.3,Augmentation,True
z_36.0_15.0,2025,2,2025-S2,Augmentation,67.0,67.0,19.7,13.3,Diminution,False
z_36.0_16.5,2023,1,2023-S1,Stable,74.9,21.6,3.5,74.9,Stable,True
z_36.0_16.5,2023,2,2023-S2,Stable,78.5,2.3,19.2,78.5,Stable,True
z_36.0_16.5,2024,1,2024-S1,Stable,94.4,2.5,3.1,94.4,Stable,True
z_36.0_16.5,2024,2,2024-S2,Stable,79.3,4.8,15.9,79.3,Stable,True
z_36.0_16.5,2025,1,2025-S1,Stable,84.9,12.4,2.7,84.9,Stable,True
z_36.0_16.5,2025,2,2025-S2,Stable,97.7,1.3,1.0,97.7,Stable,True
z_36.0_18.0,2023,1,2023-S1,Stable,96.0,1.7,2.3,96.0,Stable,True
z_36.0_18.0,2023,2,2023-S2,Stable,57.0,35.9,7.1,57.0,Stable,True
z_36.0_18.0,2024,1,2024-S1,Stable,76.1,20.4,3.5,76.1,Diminution,False
z_36.0_18.0,2024,2,2024-S2,Stable,85.1,5.7,9.2,85.1,Stable,True
z_36.0_18.0,2025,1,2025-S1,Stable,96.6,1.1,2.3,96.6,Diminution,False
z_36.0_18.0,2025,2,2025-S2,Stable,89.7,1.8,8.5,89.7,Stable,True
z_36.0_19.5,2023,1,2023-S1,Diminution,77.1,13.6,77.1,9.3,Diminution,True
z_36.0_19.5,2023,2,2023-S2,Diminution,84.6,2.5,84.6,12.9,Diminution,True
z_36.0_19.5,2024,1,2024-S1,Diminution,88.6,1.9,88.6,9.6,Diminution,True
z_36.0_19.5,2024,2,2024-S2,Diminution,81.3,1.0,81.3,17.7,Diminution,True
z_36.0_19.5,2025,1,2025-S1,Diminution,86.2,3.1,86.2,10.7,Diminution,True
z_36.0_19.5,2025,2,2025-S2,Diminution,88.7,1.4,88.7,9.9,Stable,False
z_36.0_21.0,2023,1,2023-S1,Stable,53.6,37.4,9.0,53.6,Stable,True
z_36.0_21.0,2023,2,2023-S2,Diminution,67.8,11.8,67.8,20.4,Stable,False
z_36.0_21.0,2024,1,2024-S1,Stable,53.3,36.5,10.2,53.3,Augmentation,False
z_36.0_21.0,2024,2,2024-S2,Diminution,51.8,24.3,51.8,23.9,Stable,False
z_36.0_21.0,2025,1,2025-S1,Augmentation,48.8,48.8,10.8,40.4,Stable,False
z_36.0_21.0,2025,2,2025-S2,Diminution,68.8,11.7,68.8,19.5,Diminution,True
z_36.0_22.5,2023,1,2023-S1,Diminution,53.1,35.7,53.1,11.2,Augmentation,False
z_36.0_22.5,2023,2,2023-S2,Diminution,52.8,38.9,52.8,8.4,Stable,False
z_36.0_22.5,2024,1,2024-S1,Augmentation,70.1,70.1,21.1,8.8,Stable,False
z_36.0_22.5,2024,2,2024-S2,Augmentation,60.9,60.9,32.1,7.0,Stable,False
z_36.0_22.5,2025,1,2025-S1,Augmentation,65.1,65.1,25.8,9.1,Stable,False
z_36.0_22.5,2025,2,2025-S2,Diminution,52.8,37.9,52.8,9.2,Diminution,True
z_36.0_24.0,2023,1,2023-S1,Augmentation,75.4,75.4,19.3,5.3,Augmentation,True
z_36.0_24.0,2023,2,2023-S2,Augmentation,69.5,69.5,26.1,4.4,Augmentation,True
z_36.0_24.0,2024,1,2024-S1,Augmentation,69.5,69.5,25.4,5.1,Stable,False
z_36.0_24.0,2024,2,2024-S2,Augmentation,63.7,63.7,32.1,4.3,Augmentation,True
z_36.0_24.0,2025,1,2025-S1,Augmentation,69.6,69.6,26.8,3.6,Augmentation,True
z_36.0_24.0,2025,2,2025-S2,Augmentation,67.8,67.8,29.2,3.0,Diminution,False
z_36.0_25.5,2023,1,2023-S1,Diminution,54.3,38.0,54.3,7.7,Stable,False
z_36.0_25.5,2023,2,2023-S2,Diminution,63.3,28.1,63.3,8.6,Augmentation,False
z_36.0_25.5,2024,1,2024-S1,Diminution,58.2,32.8,58.2,9.0,Stable,False
z_36.0_25.5,2024,2,2024-S2,Diminution,66.6,24.8,66.6,8.5,Stable,False
z_36.0_25.5,2025,1,2025-S1,Diminution,55.4,35.9,55.4,8.7,Stable,False
z_36.0_25.5,2025,2,2025-S2,Augmentation,48.6,48.6,42.7,8.7,Stable,False
z_36.0_27.0,2023,1,2023-S1,Augmentation,57.1,57.1,35.1,7.8,Augmentation,True
z_36.0_27.0,2023,2,2023-S2,Augmentation,50.2,50.2,42.2,7.6,Diminution,False
z_36.0_27.0,2024,1,2024-S1,Diminution,54.5,38.3,54.5,7.1,Augmentation,False
z_36.0_27.0,2024,2,2024-S2,Diminution,53.5,39.7,53.5,6.9,Stable,False
z_36.0_27.0,2025,1,2025-S1,Augmentation,46.3,46.3,45.8,7.9,Stable,False
z_36.0_27.0,2025,2,2025-S2,Diminution,73.3,20.7,73.3,6.0,Stable,False
z_36.0_30.0,2023,1,2023-S1,Stable,96.1,1.8,2.1,96.1,Stable,True
z_36.0_30.0,2023,2,2023-S2,Stable,80.9,17.0,2.1,80.9,Stable,True
z_36.0_30.0,2024,1,2024-S1,Stable,96.4,0.6,3.0,96.4,Stable,True
z_36.0_30.0,2024,2,2024-S2,Stable,96.5,0.4,3.1,96.5,Stable,True
z_36.0_30.0,2025,1,2025-S1,Stable,96.6,0.8,2.6,96.6,Stable,True
z_36.0_30.0,2025,2,2025-S2,Stable,95.3,2.4,2.3,95.3,Stable,True
z_36.0_34.5,2023,1,2023-S1,Augmentation,58.5,58.5,7.2,34.4,Stable,False
z_36.0_34.5,2023,2,2023-S2,Stable,56.0,39.1,4.9,56.0,Stable,True
z_36.0_34.5,2024,1,2024-S1,Stable,67.7,27.4,4.9,67.7,Stable,True
z_36.0_34.5,2024,2,2024-S2,Augmentation,47.8,47.8,4.5,47.7,Diminution,False
z_36.0_34.5,2025,1,2025-S1,Augmentation,50.6,50.6,5.5,43.9,Stable,False
z_36.0_34.5,2025,2,2025-S2,Stable,50.9,45.0,4.1,50.9,Diminution,False
z_36.0_36.0,2023,1,2023-S1,Stable,95.4,1.7,2.9,95.4,Stable,True
z_36.0_36.0,2023,2,2023-S2,Stable,94.7,2.7,2.6,94.7,Stable,True
z_36.0_36.0,2024,1,2024-S1,Stable,95.4,1.7,2.9,95.4,Stable,True
z_36.0_36.0,2024,2,2024-S2,Stable,94.7,2.7,2.6,94.7,Stable,True
z_36.0_36.0,2025,1,2025-S1,Stable,95.4,1.7,2.9,95.4,Stable,True
z_36.0_36.0,2025,2,2025-S2,Stable,95.7,2.3,1.9,95.7,Stable,True
z_36.0_4.5,2023,1,2023-S1,Diminution,65.4,7.0,65.4,27.6,Diminution,True
z_36.0_4.5,2023,2,2023-S2,Diminution,72.4,4.8,72.4,22.8,Stable,False
z_36.0_4.5,2024,1,2024-S1,Diminution,77.6,5.1,77.6,17.3,Diminution,True
z_36.0_4.5,2024,2,2024-S2,Diminution,74.8,7.4,74.8,17.9,Stable,False
z_36.0_4.5,2025,1,2025-S1,Diminution,77.2,4.5,77.2,18.3,Diminution,True
z_36.0_4.5,2025,2,2025-S2,Diminution,77.3,4.1,77.3,18.6,Stable,False
z_36.0_9.0,2023,1,2023-S1,Stable,85.8,11.5,2.7,85.8,Augmentation,False
z_36.0_9.0,2023,2,2023-S2,Stable,56.0,33.7,10.3,56.0,Stable,True
z_36.0_9.0,2024,1,2024-S1,Stable,74.0,21.9,4.1,74.0,Stable,True
z_36.0_9.0,2024,2,2024-S2,Stable,69.6,21.2,9.2,69.6,Stable,True
z_36.0_9.0,2025,1,2025-S1,Stable,89.0,6.9,4.0,89.0,Stable,True
z_36.0_9.0,2025,2,2025-S2,Stable,87.6,5.9,6.5,87.6,Stable,True
z_37.5_-1.5,2023,1,2023-S1,Diminution,51.4,29.5,51.4,19.1,Augmentation,False
z_37.5_-1.5,2023,2,2023-S2,Diminution,44.7,37.6,44.7,17.7,Stable,False
z_37.5_-1.5,2024,1,2024-S1,Augmentation,45.0,45.0,37.9,17.1,Stable,False
z_37.5_-1.5,2024,2,2024-S2,Augmentation,40.5,40.5,36.4,23.2,Augmentation,True
z_37.5_-1.5,2025,1,2025-S1,Augmentation,55.9,55.9,25.2,18.9,Stable,False
z_37.5_-1.5,2025,2,2025-S2,Augmentation,61.5,61.5,23.0,15.6,Augmentation,True
z_37.5_-10.5,2023,1,2023-S1,Diminution,50.5,40.0,50.5,9.4,Augmentation,False
z_37.5_-10.5,2023,2,2023-S2,Augmentation,66.0,66.0,21.9,12.1,Augmentation,True
z_37.5_-10.5,2024,1,2024-S1,Augmentation,48.5,48.5,42.9,8.6,Augmentation,True
z_37.5_-10.5,2024,2,2024-S2,Augmentation,79.2,79.2,14.2,6.6,Stable,False
z_37.5_-10.5,2025,1,2025-S1,Augmentation,52.3,52.3,36.9,10.8,Augmentation,True
z_37.5_-10.5,2025,2,2025-S2,Augmentation,72.8,72.8,18.3,8.8,Stable,False
z_37.5_-13.5,2023,1,2023-S1,Stable,98.4,0.2,1.3,98.4,Stable,True
z_37.5_-13.5,2023,2,2023-S2,Stable,97.1,1.0,1.9,97.1,Stable,True
z_37.5_-13.5,2024,1,2024-S1,Stable,98.4,0.2,1.3,98.4,Stable,True
z_37.5_-13.5,2024,2,2024-S2,Stable,97.1,1.0,1.9,97.1,Stable,True
z_37.5_-13.5,2025,1,2025-S1,Stable,97.8,0.8,1.3,97.8,Stable,True
z_37.5_-13.5,2025,2,2025-S2,Stable,91.0,6.8,2.2,91.0,Stable,True
z_37.5_-22.5,2023,1,2023-S1,Stable,98.8,0.0,1.2,98.8,Stable,True
z_37.5_-22.5,2024,1,2024-S1,Stable,98.2,0.4,1.4,98.2,Stable,True
z_37.5_-22.5,2025,1,2025-S1,Stable,98.8,0.0,1.2,98.8,Stable,True
z_37.5_-25.5,2023,2,2023-S2,Stable,94.3,3.7,2.0,94.3,Stable,True
z_37.5_-25.5,2024,2,2024-S2,Stable,87.9,10.5,1.6,87.9,Stable,True
z_37.5_-25.5,2025,2,2025-S2,Stable,94.7,3.8,1.5,94.7,Stable,True
z_37.5_-27.0,2023,1,2023-S1,Diminution,81.4,4.0,81.4,14.6,Diminution,True
z_37.5_-27.0,2023,2,2023-S2,Stable,80.9,15.9,3.2,80.9,Stable,True
z_37.5_-27.0,2024,1,2024-S1,Diminution,83.8,4.4,83.8,11.9,Diminution,True
z_37.5_-27.0,2024,2,2024-S2,Stable,79.1,17.4,3.5,79.1,Stable,True
z_37.5_-27.0,2025,1,2025-S1,Diminution,84.5,4.9,84.5,10.6,Augmentation,False
z_37.5_-27.0,2025,2,2025-S2,Stable,53.2,40.4,6.3,53.2,Stable,True
z_37.5_-28.5,2023,1,2023-S1,Stable,96.8,1.1,2.1,96.8,Diminution,False
z_37.5_-28.5,2023,2,2023-S2,Stable,95.7,2.0,2.3,95.7,Stable,True
z_37.5_-28.5,2024,1,2024-S1,Stable,88.8,9.4,1.8,88.8,Stable,True
z_37.5_-28.5,2024,2,2024-S2,Stable,67.6,30.4,2.0,67.6,Stable,True
z_37.5_-28.5,2025,1,2025-S1,Stable,65.8,32.0,2.3,65.8,Diminution,False
z_37.5_-28.5,2025,2,2025-S2,Stable,83.5,12.8,3.8,83.5,Stable,True
z_37.5_-30.0,2023,1,2023-S1,Stable,96.1,0.7,3.3,96.1,Stable,True
z_37.5_-30.0,2023,2,2023-S2,Stable,97.0,0.9,2.2,97.0,Stable,True
z_37.5_-30.0,2024,1,2024-S1,Stable,96.1,0.7,3.3,96.1,Stable,True
z_37.5_-30.0,2024,2,2024-S2,Stable,97.0,0.9,2.2,97.0,Stable,True
z_37.5_-30.0,2025,1,2025-S1,Stable,96.1,0.7,3.3,96.1,Stable,True
z_37.5_-30.0,2025,2,2025-S2,Stable,96.9,1.4,1.8,96.9,Stable,True
z_37.5_-9.0,2023,1,2023-S1,Diminution,49.4,36.7,49.4,14.0,Diminution,True
z_37.5_-9.0,2023,2,2023-S2,Diminution,38.0,33.6,38.0,28.4,Augmentation,False
z_37.5_-9.0,2024,1,2024-S1,Augmentation,45.0,45.0,36.9,18.1,Stable,False
z_37.5_-9.0,2024,2,2024-S2,Augmentation,66.9,66.9,15.5,17.6,Augmentation,True
z_37.5_-9.0,2025,1,2025-S1,Diminution,47.0,40.0,47.0,13.0,Diminution,True
z_37.5_-9.0,2025,2,2025-S2,Augmentation,47.9,47.9,33.5,18.5,Augmentation,True
z_37.5_0.0,2023,1,2023-S1,Augmentation,59.4,59.4,9.3,31.3,Stable,False
z_37.5_0.0,2023,2,2023-S2,Diminution,51.5,31.9,51.5,16.6,Stable,False
z_37.5_0.0,2024,1,2024-S1,Augmentation,63.6,63.6,9.2,27.2,Stable,False
z_37.5_0.0,2024,2,2024-S2,Diminution,49.4,31.5,49.4,19.1,Stable,False
z_37.5_0.0,2025,1,2025-S1,Augmentation,53.7,53.7,7.9,38.4,Stable,False
z_37.5_0.0,2025,2,2025-S2,Diminution,60.8,21.4,60.8,17.7,Stable,False
z_37.5_1.5,2023,2,2023-S2,Stable,95.3,1.1,3.6,95.3,Diminution,False
z_37.5_1.5,2024,2,2024-S2,Stable,96.4,0.4,3.2,96.4,Diminution,False
z_37.5_1.5,2025,2,2025-S2,Stable,96.7,1.4,2.0,96.7,Stable,True
z_37.5_10.5,2023,1,2023-S1,Stable,62.4,32.4,5.2,62.4,Stable,True
z_37.5_10.5,2023,2,2023-S2,Stable,62.1,35.3,2.5,62.1,Stable,True
z_37.5_10.5,2024,1,2024-S1,Stable,80.4,12.5,7.1,80.4,Stable,True
z_37.5_10.5,2024,2,2024-S2,Stable,92.4,5.1,2.5,92.4,Stable,True
z_37.5_10.5,2025,1,2025-S1,Stable,90.0,1.8,8.2,90.0,Stable,True
z_37.5_10.5,2025,2,2025-S2,Stable,47.9,46.4,5.8,47.9,Stable,True
z_37.5_12.0,2023,1,2023-S1,Diminution,68.6,18.4,68.6,13.0,Augmentation,False
z_37.5_12.0,2023,2,2023-S2,Diminution,40.7,33.6,40.7,25.7,Stable,False
z_37.5_12.0,2024,1,2024-S1,Augmentation,39.7,39.7,39.1,21.2,Stable,False
z_37.5_12.0,2024,2,2024-S2,Diminution,53.7,30.2,53.7,16.2,Stable,False
z_37.5_12.0,2025,1,2025-S1,Diminution,47.3,28.7,47.3,23.9,Augmentation,False
z_37.5_12.0,2025,2,2025-S2,Diminution,48.5,31.6,48.5,19.9,Stable,False
z_37.5_13.5,2023,1,2023-S1,Stable,65.7,32.5,1.8,65.7,Stable,True
z_37.5_13.5,2023,2,2023-S2,Stable,63.7,32.8,3.6,63.7,Stable,True
z_37.5_13.5,2024,1,2024-S1,Stable,55.7,40.0,4.3,55.7,Augmentation,False
z_37.5_13.5,2024,2,2024-S2,Augmentation,53.3,53.3,4.3,42.3,Stable,False
z_37.5_13.5,2025,1,2025-S1,Augmentation,56.0,56.0,9.0,35.0,Stable,False
z_37.5_13.5,2025,2,2025-S2,Augmentation,67.6,67.6,9.7,22.7,Stable,False
z_37.5_15.0,2023,1,2023-S1,Diminution,79.0,11.0,79.0,10.0,Augmentation,False
z_37.5_15.0,2023,2,2023-S2,Diminution,51.4,25.2,51.4,23.4,Stable,False
z_37.5_15.0,2024,1,2024-S1,Diminution,50.7,31.5,50.7,17.8,Stable,False
z_37.5_15.0,2024,2,2024-S2,Diminution,45.5,40.2,45.5,14.3,Augmentation,False
z_37.5_15.0,2025,1,2025-S1,Augmentation,47.8,47.8,43.4,8.7,Stable,False
z_37.5_15.0,2025,2,2025-S2,Augmentation,53.8,53.8,32.4,13.8,Stable,False
z_37.5_16.5,2023,1,2023-S1,Diminution,70.0,4.1,70.0,25.9,Stable,False
z_37.5_16.5,2023,2,2023-S2,Stable,81.8,5.8,12.4,81.8,Stable,True
z_37.5_16.5,2024,1,2024-S1,Diminution,80.0,2.5,80.0,17.5,Diminution,True
z_37.5_16.5,2024,2,2024-S2,Stable,96.8,1.6,1.5,96.8,Stable,True
z_37.5_16.5,2025,1,2025-S1,Diminution,80.7,2.7,80.7,16.6,Diminution,True
z_37.5_16.5,2025,2,2025-S2,Stable,96.0,2.0,2.0,96.0,Augmentation,False
z_37.5_19.5,2023,1,2023-S1,Augmentation,47.3,47.3,36.1,16.6,Diminution,False
z_37.5_19.5,2023,2,2023-S2,Diminution,58.4,30.3,58.4,11.3,Augmentation,False
z_37.5_19.5,2024,1,2024-S1,Augmentation,64.8,64.8,21.6,13.6,Diminution,False
z_37.5_19.5,2024,2,2024-S2,Diminution,45.2,43.6,45.2,11.2,Stable,False
z_37.5_19.5,2025,1,2025-S1,Augmentation,60.9,60.9,25.2,13.9,Stable,False
z_37.5_19.5,2025,2,2025-S2,Augmentation,54.5,54.5,35.8,9.7,Diminution,False
z_37.5_21.0,2023,1,2023-S1,Diminution,53.5,39.4,53.5,7.2,Augmentation,False
z_37.5_21.0,2023,2,2023-S2,Diminution,51.3,43.2,51.3,5.5,Augmentation,False
z_37.5_21.0,2024,1,2024-S1,Augmentation,49.9,49.9,43.8,6.3,Diminution,False
z_37.5_21.0,2024,2,2024-S2,Augmentation,49.0,49.0,41.9,9.0,Augmentation,True
z_37.5_21.0,2025,1,2025-S1,Diminution,64.1,30.5,64.1,5.4,Stable,False
z_37.5_21.0,2025,2,2025-S2,Augmentation,54.7,54.7,36.9,8.4,Diminution,False
z_37.5_22.5,2023,1,2023-S1,Augmentation,53.6,53.6,43.0,3.3,Augmentation,True
z_37.5_22.5,2023,2,2023-S2,Diminution,55.4,42.1,55.4,2.5,Stable,False
z_37.5_22.5,2024,1,2024-S1,Augmentation,59.5,59.5,38.1,2.5,Augmentation,True
z_37.5_22.5,2024,2,2024-S2,Augmentation,55.3,55.3,42.3,2.5,Augmentation,True
z_37.5_22.5,2025,1,2025-S1,Augmentation,69.7,69.7,27.8,2.6,Stable,False
z_37.5_22.5,2025,2,2025-S2,Augmentation,60.2,60.2,37.3,2.5,Diminution,False
z_37.5_24.0,2023,1,2023-S1,Augmentation,50.9,50.9,43.8,5.3,Stable,False
z_37.5_24.0,2023,2,2023-S2,Augmentation,49.7,49.7,46.2,4.1,Diminution,False
z_37.5_24.0,2024,1,2024-S1,Diminution,47.8,46.3,47.8,5.9,Diminution,True
z_37.5_24.0,2024,2,2024-S2,Diminution,70.4,23.9,70.4,5.8,Stable,False
z_37.5_24.0,2025,1,2025-S1,Diminution,49.7,45.3,49.7,5.0,Stable,False
z_37.5_24.0,2025,2,2025-S2,Diminution,47.6,46.6,47.6,5.8,Diminution,True
z_37.5_25.5,2023,1,2023-S1,Augmentation,55.3,55.3,30.9,13.8,Stable,False
z_37.5_25.5,2023,2,2023-S2,Diminution,51.8,37.6,51.8,10.6,Augmentation,False
z_37.5_25.5,2024,1,2024-S1,Augmentation,58.9,58.9,25.2,15.9,Diminution,False
z_37.5_25.5,2024,2,2024-S2,Diminution,46.8,41.2,46.8,12.0,Diminution,True
z_37.5_25.5,2025,1,2025-S1,Diminution,47.3,40.0,47.3,12.7,Stable,False
z_37.5_25.5,2025,2,2025-S2,Diminution,47.6,41.5,47.6,10.9,Diminution,True
z_37.5_27.0,2023,1,2023-S1,Stable,94.6,3.7,1.7,94.6,Stable,True
z_37.5_27.0,2023,2,2023-S2,Stable,63.5,34.2,2.3,63.5,Diminution,False
z_37.5_27.0,2024,1,2024-S1,Stable,77.6,20.1,2.3,77.6,Stable,True
z_37.5_27.0,2024,2,2024-S2,Stable,94.5,4.4,1.0,94.5,Diminution,False
z_37.5_27.0,2025,1,2025-S1,Stable,95.1,2.9,2.0,95.1,Stable,True
z_37.5_27.0,2025,2,2025-S2,Stable,93.9,3.8,2.3,93.9,Stable,True
z_37.5_4.5,2023,1,2023-S1,Stable,97.2,1.4,1.3,97.2,Stable,True
z_37.5_4.5,2023,2,2023-S2,Diminution,90.8,0.1,90.8,9.1,Stable,False
z_37.5_4.5,2024,1,2024-S1,Stable,94.2,4.2,1.6,94.2,Stable,True
z_37.5_4.5,2024,2,2024-S2,Diminution,87.1,0.3,87.1,12.6,Diminution,True
z_37.5_4.5,2025,1,2025-S1,Stable,97.5,1.2,1.3,97.5,Stable,True
z_37.5_4.5,2025,2,2025-S2,Diminution,89.2,0.2,89.2,10.6,Diminution,True
z_37.5_6.0,2023,1,2023-S1,Stable,92.9,6.0,1.1,92.9,Stable,True
z_37.5_6.0,2024,1,2024-S1,Stable,94.0,4.1,1.9,94.0,Stable,True
z_37.5_6.0,2025,1,2025-S1,Stable,85.6,12.9,1.5,85.6,Stable,True
z_37.5_7.5,2023,1,2023-S1,Stable,60.1,33.6,6.3,60.1,Stable,True
z_37.5_7.5,2023,2,2023-S2,Stable,66.6,30.5,2.9,66.6,Diminution,False
z_37.5_7.5,2024,1,2024-S1,Stable,77.1,13.4,9.5,77.1,Stable,True
z_37.5_7.5,2024,2,2024-S2,Stable,82.1,14.5,3.4,82.1,Stable,True
z_37.5_7.5,2025,1,2025-S1,Stable,93.4,3.5,3.0,93.4,Stable,True
z_37.5_7.5,2025,2,2025-S2,Stable,86.3,11.0,2.6,86.3,Stable,True
z_37.5_9.0,2023,1,2023-S1,Diminution,74.3,5.8,74.3,20.0,Diminution,True
z_37.5_9.0,2023,2,2023-S2,Stable,87.0,8.1,4.9,87.0,Stable,True
z_37.5_9.0,2024,1,2024-S1,Diminution,66.5,5.2,66.5,28.3,Stable,False
z_37.5_9.0,2024,2,2024-S2,Stable,84.2,8.1,7.7,84.2,Stable,True
z_37.5_9.0,2025,1,2025-S1,Diminution,47.1,26.2,47.1,26.8,Stable,False
z_37.5_9.0,2025,2,2025-S2,Stable,52.8,44.4,2.8,52.8,Stable,True
z_39.0_-1.5,2023,1,2023-S1,Augmentation,47.5,47.5,33.1,19.4,Stable,False
z_39.0_-1.5,2023,2,2023-S2,Augmentation,45.8,45.8,32.8,21.4,Stable,False
z_39.0_-1.5,2024,1,2024-S1,Augmentation,46.7,46.7,34.8,18.5,Stable,False
z_39.0_-1.5,2024,2,2024-S2,Augmentation,45.8,45.8,31.6,22.6,Stable,False
z_39.0_-1.5,2025,1,2025-S1,Augmentation,46.6,46.6,31.6,21.8,Augmentation,True
z_39.0_-1.5,2025,2,2025-S2,Augmentation,50.5,50.5,30.1,19.4,Stable,False
z_39.0_-10.5,2023,1,2023-S1,Diminution,43.8,30.9,43.8,25.4,Diminution,True
z_39.0_-10.5,2023,2,2023-S2,Diminution,69.3,13.8,69.3,16.9,Augmentation,False
z_39.0_-10.5,2024,1,2024-S1,Diminution,39.9,29.2,39.9,30.9,Diminution,True
z_39.0_-10.5,2024,2,2024-S2,Diminution,48.8,29.0,48.8,22.2,Stable,False
z_39.0_-10.5,2025,1,2025-S1,Diminution,58.6,17.2,58.6,24.2,Stable,False
z_39.0_-10.5,2025,2,2025-S2,Diminution,52.4,27.1,52.4,20.6,Stable,False
z_39.0_-31.5,2023,1,2023-S1,Stable,98.9,0.2,0.9,98.9,Stable,True
z_39.0_-31.5,2023,2,2023-S2,Stable,92.0,6.6,1.4,92.0,Stable,True
z_39.0_-31.5,2024,1,2024-S1,Stable,98.9,0.0,1.1,98.9,Stable,True
z_39.0_-31.5,2024,2,2024-S2,Stable,96.5,1.4,2.1,96.5,Stable,True
z_39.0_-31.5,2025,1,2025-S1,Stable,98.9,0.1,1.0,98.9,Stable,True
z_39.0_-31.5,2025,2,2025-S2,Stable,88.4,10.2,1.4,88.4,Stable,True
z_39.0_-9.0,2023,1,2023-S1,Stable,51.5,42.7,5.8,51.5,Diminution,False
z_39.0_-9.0,2023,2,2023-S2,Diminution,63.7,14.8,63.7,21.5,Diminution,True
z_39.0_-9.0,2024,1,2024-S1,Stable,70.8,25.6,3.7,70.8,Diminution,False
z_39.0_-9.0,2024,2,2024-S2,Diminution,82.9,5.4,82.9,11.6,Stable,False
z_39.0_-9.0,2025,1,2025-S1,Stable,48.4,42.2,9.4,48.4,Stable,True
z_39.0_-9.0,2025,2,2025-S2,Diminution,62.2,15.1,62.2,22.7,Stable,False
z_39.0_0.0,2023,1,2023-S1,Diminution,69.0,11.7,69.0,19.2,Stable,False
z_39.0_0.0,2023,2,2023-S2,Diminution,50.9,26.8,50.9,22.3,Stable,False
z_39.0_0.0,2024,1,2024-S1,Diminution,52.6,20.4,52.6,27.1,Stable,False
z_39.0_0.0,2024,2,2024-S2,Diminution,42.4,27.9,42.4,29.7,Stable,False
z_39.0_0.0,2025,1,2025-S1,Diminution,36.3,32.8,36.3,31.0,Diminution,True
z_39.0_0.0,2025,2,2025-S2,Diminution,56.3,19.7,56.3,24.0,Stable,False
z_39.0_1.5,2023,1,2023-S1,Diminution,58.4,27.3,58.4,14.3,Diminution,True
z_39.0_1.5,2023,2,2023-S2,Diminution,58.3,24.3,58.3,17.4,Augmentation,False
z_39.0_1.5,2024,1,2024-S1,Diminution,51.3,27.0,51.3,21.8,Diminution,True
z_39.0_1.5,2024,2,2024-S2,Diminution,46.0,29.9,46.0,24.0,Stable,False
z_39.0_1.5,2025,1,2025-S1,Diminution,68.3,14.8,68.3,16.8,Stable,False
z_39.0_1.5,2025,2,2025-S2,Diminution,40.0,28.4,40.0,31.5,Stable,False
z_39.0_10.5,2023,1,2023-S1,Stable,86.5,10.8,2.6,86.5,Stable,True
z_39.0_10.5,2023,2,2023-S2,Stable,98.8,0.0,1.1,98.8,Stable,True
z_39.0_10.5,2024,1,2024-S1,Stable,92.6,3.9,3.6,92.6,Stable,True
z_39.0_10.5,2024,2,2024-S2,Stable,92.7,5.8,1.5,92.7,Stable,True
z_39.0_10.5,2025,1,2025-S1,Stable,88.8,8.2,3.1,88.8,Stable,True
z_39.0_10.5,2025,2,2025-S2,Stable,98.0,0.0,2.0,98.0,Stable,True
z_39.0_13.5,2023,1,2023-S1,Stable,83.9,14.0,2.1,83.9,Stable,True
z_39.0_13.5,2023,2,2023-S2,Stable,96.2,1.2,2.6,96.2,Stable,True
z_39.0_13.5,2024,1,2024-S1,Stable,95.2,1.2,3.5,95.2,Stable,True
z_39.0_13.5,2024,2,2024-S2,Stable,95.9,1.6,2.6,95.9,Stable,True
z_39.0_13.5,2025,1,2025-S1,Stable,94.9,1.4,3.8,94.9,Stable,True
z_39.0_13.5,2025,2,2025-S2,Stable,95.8,1.2,3.1,95.8,Stable,True
z_39.0_15.0,2023,1,2023-S1,Stable,60.5,27.5,12.0,60.5,Stable,True
z_39.0_15.0,2023,2,2023-S2,Stable,68.4,25.9,5.7,68.4,Stable,True
z_39.0_15.0,2024,1,2024-S1,Stable,85.6,8.0,6.4,85.6,Stable,True
z_39.0_15.0,2024,2,2024-S2,Stable,84.0,13.7,2.3,84.0,Stable,True
z_39.0_15.0,2025,1,2025-S1,Stable,86.6,1.7,11.8,86.6,Stable,True
z_39.0_15.0,2025,2,2025-S2,Stable,83.3,12.3,4.4,83.3,Stable,True
z_39.0_16.5,2023,1,2023-S1,Diminution,55.6,14.8,55.6,29.7,Stable,False
z_39.0_16.5,2023,2,2023-S2,Diminution,54.1,18.2,54.1,27.8,Stable,False
z_39.0_16.5,2024,1,2024-S1,Diminution,50.2,22.2,50.2,27.6,Stable,False
z_39.0_16.5,2024,2,2024-S2,Diminution,37.8,30.1,37.8,32.2,Stable,False
z_39.0_16.5,2025,1,2025-S1,Diminution,52.9,21.5,52.9,25.5,Augmentation,False
z_39.0_16.5,2025,2,2025-S2,Augmentation,38.7,38.7,31.9,29.4,Stable,False
z_39.0_18.0,2023,1,2023-S1,Diminution,37.9,35.1,37.9,27.0,Diminution,True
z_39.0_18.0,2023,2,2023-S2,Diminution,55.8,18.0,55.8,26.2,Diminution,True
z_39.0_18.0,2024,1,2024-S1,Diminution,55.8,20.7,55.8,23.6,Augmentation,False
z_39.0_18.0,2024,2,2024-S2,Diminution,40.4,33.0,40.4,26.6,Augmentation,False
z_39.0_18.0,2025,1,2025-S1,Augmentation,50.7,50.7,26.9,22.4,Stable,False
z_39.0_18.0,2025,2,2025-S2,Augmentation,42.1,42.1,34.1,23.9,Stable,False
z_39.0_19.5,2023,1,2023-S1,Augmentation,71.6,71.6,22.2,6.2,Augmentation,True
z_39.0_19.5,2023,2,2023-S2,Augmentation,57.6,57.6,37.2,5.2,Diminution,False
z_39.0_19.5,2024,1,2024-S1,Augmentation,62.0,62.0,31.3,6.7,Stable,False
z_39.0_19.5,2024,2,2024-S2,Diminution,60.1,33.5,60.1,6.4,Stable,False
z_39.0_19.5,2025,1,2025-S1,Augmentation,63.3,63.3,30.4,6.4,Augmentation,True
z_39.0_19.5,2025,2,2025-S2,Diminution,47.3,46.7,47.3,6.0,Diminution,True
z_39.0_22.5,2023,1,2023-S1,Augmentation,51.6,51.6,38.5,9.9,Diminution,False
z_39.0_22.5,2023,2,2023-S2,Diminution,53.9,38.2,53.9,8.0,Augmentation,False
z_39.0_22.5,2024,1,2024-S1,Augmentation,52.6,52.6,41.7,5.7,Diminution,False
z_39.0_22.5,2024,2,2024-S2,Diminution,52.2,39.1,52.2,8.7,Diminution,True
z_39.0_22.5,2025,1,2025-S1,Diminution,64.5,23.9,64.5,11.6,Stable,False
z_39.0_22.5,2025,2,2025-S2,Diminution,49.5,40.5,49.5,10.0,Diminution,True
z_39.0_24.0,2023,1,2023-S1,Diminution,59.2,20.8,59.2,20.0,Stable,False
z_39.0_24.0,2023,2,2023-S2,Diminution,37.9,37.5,37.9,24.6,Diminution,True
z_39.0_24.0,2024,1,2024-S1,Diminution,55.9,24.4,55.9,19.7,Stable,False
z_39.0_24.0,2024,2,2024-S2,Diminution,38.3,37.2,38.3,24.5,Stable,False
z_39.0_24.0,2025,1,2025-S1,Diminution,47.8,29.1,47.8,23.1,Diminution,True
z_39.0_24.0,2025,2,2025-S2,Diminution,58.6,16.9,58.6,24.4,Diminution,True
z_39.0_25.5,2023,1,2023-S1,Augmentation,55.4,55.4,26.6,18.0,Diminution,False
z_39.0_25.5,2023,2,2023-S2,Diminution,53.3,27.6,53.3,19.1,Stable,False
z_39.0_25.5,2024,1,2024-S1,Diminution,40.9,37.5,40.9,21.6,Stable,False
z_39.0_25.5,2024,2,2024-S2,Diminution,41.8,37.7,41.8,20.5,Diminution,True
z_39.0_25.5,2025,1,2025-S1,Diminution,43.2,31.2,43.2,25.6,Diminution,True
z_39.0_25.5,2025,2,2025-S2,Diminution,67.4,18.2,67.4,14.4,Diminution,True
z_39.0_3.0,2023,1,2023-S1,Diminution,40.7,34.6,40.7,24.7,Augmentation,False
z_39.0_3.0,2023,2,2023-S2,Augmentation,58.1,58.1,15.7,26.2,Stable,False
z_39.0_3.0,2024,1,2024-S1,Augmentation,42.1,42.1,33.8,24.1,Stable,False
z_39.0_3.0,2024,2,2024-S2,Augmentation,66.8,66.8,14.1,19.1,Stable,False
z_39.0_3.0,2025,1,2025-S1,Diminution,54.3,22.0,54.3,23.7,Stable,False
z_39.0_3.0,2025,2,2025-S2,Augmentation,47.4,47.4,14.2,38.4,Stable,False
z_39.0_4.5,2023,1,2023-S1,Stable,91.8,6.3,1.9,91.8,Stable,True
z_39.0_4.5,2023,2,2023-S2,Stable,97.1,1.6,1.4,97.1,Stable,True
z_39.0_4.5,2024,1,2024-S1,Stable,96.4,0.7,2.9,96.4,Stable,True
z_39.0_4.5,2024,2,2024-S2,Stable,78.8,19.4,1.8,78.8,Stable,True
z_39.0_4.5,2025,1,2025-S1,Stable,90.4,6.7,2.9,90.4,Stable,True
z_39.0_4.5,2025,2,2025-S2,Stable,97.8,0.4,1.8,97.8,Stable,True
z_39.0_6.0,2023,1,2023-S1,Stable,97.5,0.1,2.3,97.5,Stable,True
z_39.0_6.0,2024,1,2024-S1,Stable,92.1,5.5,2.3,92.1,Stable,True
z_39.0_6.0,2025,1,2025-S1,Stable,96.2,1.9,1.9,96.2,Stable,True
z_39.0_7.5,2023,1,2023-S1,Diminution,86.2,3.6,86.2,10.2,Stable,False
z_39.0_7.5,2023,2,2023-S2,Stable,89.1,8.0,2.9,89.1,Stable,True
z_39.0_7.5,2024,1,2024-S1,Diminution,87.2,2.6,87.2,10.2,Diminution,True
z_39.0_7.5,2024,2,2024-S2,Stable,91.7,6.0,2.4,91.7,Stable,True
z_39.0_7.5,2025,1,2025-S1,Diminution,86.3,3.6,86.3,10.1,Diminution,True
z_39.0_7.5,2025,2,2025-S2,Stable,90.7,6.5,2.8,90.7,Stable,True
z_39.0_9.0,2023,1,2023-S1,Diminution,61.3,20.0,61.3,18.7,Stable,False
z_39.0_9.0,2023,2,2023-S2,Diminution,45.7,26.2,45.7,28.1,Stable,False
z_39.0_9.0,2024,1,2024-S1,Diminution,53.6,23.6,53.6,22.8,Stable,False
z_39.0_9.0,2024,2,2024-S2,Diminution,46.0,27.8,46.0,26.2,Stable,False
z_39.0_9.0,2025,1,2025-S1,Diminution,44.5,33.2,44.5,22.3,Stable,False
z_39.0_9.0,2025,2,2025-S2,Diminution,37.5,32.2,37.5,30.3,Diminution,True
z_40.5_-10.5,2023,1,2023-S1,Diminution,65.1,10.0,65.1,24.9,Stable,False
z_40.5_-10.5,2023,2,2023-S2,Diminution,61.8,12.8,61.8,25.4,Stable,False
z_40.5_-10.5,2024,1,2024-S1,Diminution,60.4,19.5,60.4,20.0,Diminution,True
z_40.5_-10.5,2024,2,2024-S2,Diminution,72.2,9.9,72.2,17.9,Stable,False
z_40.5_-10.5,2025,1,2025-S1,Diminution,68.1,8.6,68.1,23.3,Diminution,True
z_40.5_-10.5,2025,2,2025-S2,Diminution,74.1,5.5,74.1,20.4,Stable,False
z_40.5_-36.0,2023,2,2023-S2,Stable,98.8,0.0,1.2,98.8,Stable,True
z_40.5_-36.0,2024,2,2024-S2,Stable,98.8,0.0,1.2,98.8,Stable,True
z_40.5_-36.0,2025,2,2025-S2,Stable,97.5,1.1,1.5,97.5,Stable,True
z_40.5_-9.0,2023,1,2023-S1,Augmentation,46.4,46.4,44.7,8.9,Diminution,False
z_40.5_-9.0,2023,2,2023-S2,Augmentation,45.8,45.8,41.3,12.9,Diminution,False
z_40.5_-9.0,2024,1,2024-S1,Diminution,59.1,30.4,59.1,10.4,Diminution,True
z_40.5_-9.0,2024,2,2024-S2,Augmentation,45.1,45.1,40.6,14.3,Stable,False
z_40.5_-9.0,2025,1,2025-S1,Diminution,57.5,30.1,57.5,12.4,Augmentation,False
z_40.5_-9.0,2025,2,2025-S2,Augmentation,55.1,55.1,28.0,16.9,Diminution,False
z_40.5_0.0,2023,1,2023-S1,Augmentation,48.9,48.9,34.1,17.1,Diminution,False
z_40.5_0.0,2023,2,2023-S2,Augmentation,43.2,43.2,38.3,18.5,Augmentation,True
z_40.5_0.0,2024,1,2024-S1,Augmentation,49.1,49.1,34.1,16.8,Stable,False
z_40.5_0.0,2024,2,2024-S2,Augmentation,54.1,54.1,29.1,16.8,Augmentation,True
z_40.5_0.0,2025,1,2025-S1,Augmentation,57.3,57.3,29.2,13.4,Stable,False
z_40.5_0.0,2025,2,2025-S2,Augmentation,59.8,59.8,27.0,13.1,Diminution,False
z_40.5_1.5,2023,1,2023-S1,Augmentation,60.7,60.7,24.4,14.9,Stable,False
z_40.5_1.5,2023,2,2023-S2,Diminution,44.8,43.0,44.8,12.2,Augmentation,False
z_40.5_1.5,2024,1,2024-S1,Augmentation,62.7,62.7,25.6,11.7,Stable,False
z_40.5_1.5,2024,2,2024-S2,Diminution,43.7,43.0,43.7,13.3,Diminution,True
z_40.5_1.5,2025,1,2025-S1,Diminution,57.4,29.4,57.4,13.2,Stable,False
z_40.5_1.5,2025,2,2025-S2,Augmentation,44.3,44.3,43.6,12.1,Augmentation,True
z_40.5_10.5,2023,1,2023-S1,Stable,77.6,17.0,5.4,77.6,Stable,True
z_40.5_10.5,2023,2,2023-S2,Stable,88.8,8.4,2.8,88.8,Stable,True
z_40.5_10.5,2024,1,2024-S1,Stable,70.2,23.2,6.7,70.2,Stable,True
z_40.5_10.5,2024,2,2024-S2,Stable,56.6,40.4,3.0,56.6,Stable,True
z_40.5_10.5,2025,1,2025-S1,Stable,75.2,22.7,2.1,75.2,Stable,True
z_40.5_10.5,2025,2,2025-S2,Stable,83.3,14.0,2.7,83.3,Stable,True
z_40.5_12.0,2023,1,2023-S1,Stable,90.3,7.1,2.6,90.3,Stable,True
z_40.5_12.0,2023,2,2023-S2,Diminution,41.9,28.3,41.9,29.8,Stable,False
z_40.5_12.0,2024,1,2024-S1,Augmentation,48.6,48.6,2.9,48.5,Stable,False
z_40.5_12.0,2024,2,2024-S2,Diminution,56.6,12.1,56.6,31.4,Augmentation,False
z_40.5_12.0,2025,1,2025-S1,Stable,47.5,45.9,6.6,47.5,Stable,True
z_40.5_12.0,2025,2,2025-S2,Diminution,43.7,30.8,43.7,25.5,Stable,False
z_40.5_13.5,2023,1,2023-S1,Diminution,52.8,35.9,52.8,11.3,Stable,False
z_40.5_13.5,2023,2,2023-S2,Diminution,52.7,37.0,52.7,10.3,Diminution,True
z_40.5_13.5,2024,1,2024-S1,Diminution,50.3,31.8,50.3,17.9,Stable,False
z_40.5_13.5,2024,2,2024-S2,Diminution,53.4,37.5,53.4,9.1,Augmentation,False
z_40.5_13.5,2025,1,2025-S1,Augmentation,59.5,59.5,25.9,14.5,Augmentation,True
z_40.5_13.5,2025,2,2025-S2,Augmentation,66.8,66.8,22.6,10.6,Augmentation,True
z_40.5_16.5,2023,1,2023-S1,Diminution,64.0,17.0,64.0,19.0,Stable,False
z_40.5_16.5,2023,2,2023-S2,Diminution,40.8,34.4,40.8,24.8,Diminution,True
z_40.5_16.5,2024,1,2024-S1,Diminution,47.7,31.3,47.7,21.0,Stable,False
z_40.5_16.5,2024,2,2024-S2,Augmentation,48.8,48.8,29.2,22.0,Diminution,False
z_40.5_16.5,2025,1,2025-S1,Diminution,55.9,28.0,55.9,16.1,Stable,False
z_40.5_16.5,2025,2,2025-S2,Augmentation,42.2,42.2,38.4,19.5,Stable,False
z_40.5_18.0,2023,1,2023-S1,Diminution,70.0,6.8,70.0,23.2,Stable,False
z_40.5_18.0,2023,2,2023-S2,Diminution,77.8,5.1,77.8,17.1,Stable,False
z_40.5_18.0,2024,1,2024-S1,Diminution,77.4,4.8,77.4,17.7,Stable,False
z_40.5_18.0,2024,2,2024-S2,Diminution,68.7,12.3,68.7,19.0,Stable,False
z_40.5_18.0,2025,1,2025-S1,Diminution,60.2,14.6,60.2,25.3,Diminution,True
z_40.5_18.0,2025,2,2025-S2,Diminution,71.6,7.6,71.6,20.7,Stable,False
z_40.5_22.5,2023,1,2023-S1,Augmentation,41.5,41.5,36.6,21.9,Augmentation,True
z_40.5_22.5,2023,2,2023-S2,Augmentation,48.6,48.6,36.7,14.7,Stable,False
z_40.5_22.5,2024,1,2024-S1,Augmentation,45.3,45.3,37.5,17.2,Stable,False
z_40.5_22.5,2024,2,2024-S2,Diminution,48.2,35.8,48.2,16.0,Stable,False
z_40.5_22.5,2025,1,2025-S1,Augmentation,43.6,43.6,38.8,17.6,Stable,False
z_40.5_22.5,2025,2,2025-S2,Diminution,52.9,31.6,52.9,15.5,Diminution,True
z_40.5_24.0,2023,1,2023-S1,Augmentation,54.9,54.9,32.6,12.5,Diminution,False
z_40.5_24.0,2023,2,2023-S2,Diminution,46.6,42.3,46.6,11.1,Stable,False
z_40.5_24.0,2024,1,2024-S1,Diminution,42.4,41.6,42.4,16.0,Augmentation,False
z_40.5_24.0,2024,2,2024-S2,Augmentation,49.0,49.0,33.7,17.3,Stable,False
z_40.5_24.0,2025,1,2025-S1,Augmentation,62.4,62.4,22.3,15.3,Augmentation,True
z_40.5_24.0,2025,2,2025-S2,Augmentation,76.2,76.2,15.0,8.8,Diminution,False
z_40.5_25.5,2023,1,2023-S1,Augmentation,58.8,58.8,5.7,35.6,Stable,False
z_40.5_25.5,2023,2,2023-S2,Diminution,51.7,24.0,51.7,24.2,Stable,False
z_40.5_25.5,2024,1,2024-S1,Augmentation,49.9,49.9,7.8,42.3,Stable,False
z_40.5_25.5,2024,2,2024-S2,Diminution,48.3,28.8,48.3,22.9,Diminution,True
z_40.5_25.5,2025,1,2025-S1,Augmentation,51.4,51.4,9.4,39.3,Stable,False
z_40.5_25.5,2025,2,2025-S2,Diminution,68.4,16.6,68.4,15.1,Diminution,True
z_40.5_27.0,2023,1,2023-S1,Diminution,80.7,5.7,80.7,13.6,Diminution,True
z_40.5_27.0,2023,2,2023-S2,Diminution,88.4,1.8,88.4,9.8,Diminution,True
z_40.5_27.0,2024,1,2024-S1,Diminution,82.1,3.3,82.1,14.6,Diminution,True
z_40.5_27.0,2024,2,2024-S2,Diminution,89.1,1.6,89.1,9.3,Diminution,True
z_40.5_27.0,2025,1,2025-S1,Diminution,82.1,3.3,82.1,14.6,Stable,False
z_40.5_27.0,2025,2,2025-S2,Diminution,85.6,2.0,85.6,12.5,Diminution,True
z_40.5_28.5,2023,1,2023-S1,Augmentation,50.0,50.0,37.1,12.9,Stable,False
z_40.5_28.5,2023,2,2023-S2,Augmentation,65.5,65.5,18.9,15.6,Augmentation,True
z_40.5_28.5,2024,1,2024-S1,Augmentation,64.3,64.3,25.2,10.5,Diminution,False
z_40.5_28.5,2024,2,2024-S2,Augmentation,61.2,61.2,26.8,12.0,Diminution,False
z_40.5_28.5,2025,1,2025-S1,Diminution,52.3,38.3,52.3,9.4,Diminution,True
z_40.5_28.5,2025,2,2025-S2,Diminution,62.7,27.0,62.7,10.4,Diminution,True
z_40.5_3.0,2023,1,2023-S1,Augmentation,67.3,67.3,11.2,21.5,Stable,False
z_40.5_3.0,2023,2,2023-S2,Augmentation,58.1,58.1,21.2,20.7,Stable,False
z_40.5_3.0,2024,1,2024-S1,Augmentation,70.5,70.5,11.6,17.9,Stable,False
z_40.5_3.0,2024,2,2024-S2,Diminution,45.0,31.5,45.0,23.5,Stable,False
z_40.5_3.0,2025,1,2025-S1,Augmentation,66.6,66.6,10.3,23.2,Augmentation,True
z_40.5_3.0,2025,2,2025-S2,Augmentation,42.2,42.2,34.1,23.7,Stable,False
z_40.5_4.5,2023,1,2023-S1,Diminution,77.2,2.8,77.2,20.0,Diminution,True
z_40.5_4.5,2023,2,2023-S2,Stable,77.5,2.3,20.2,77.5,Stable,True
z_40.5_4.5,2024,1,2024-S1,Diminution,78.2,0.9,78.2,21.0,Diminution,True
z_40.5_4.5,2024,2,2024-S2,Stable,82.8,0.3,16.9,82.8,Stable,True
z_40.5_4.5,2025,1,2025-S1,Diminution,82.0,1.2,82.0,16.7,Diminution,True
z_40.5_4.5,2025,2,2025-S2,Stable,97.5,1.2,1.3,97.5,Stable,True
z_40.5_7.5,2023,1,2023-S1,Stable,94.9,2.6,2.6,94.9,Stable,True
z_40.5_7.5,2023,2,2023-S2,Stable,85.3,11.0,3.7,85.3,Stable,True
z_40.5_7.5,2024,1,2024-S1,Stable,57.8,35.4,6.8,57.8,Stable,True
z_40.5_7.5,2024,2,2024-S2,Stable,58.8,29.9,11.4,58.8,Stable,True
z_40.5_7.5,2025,1,2025-S1,Stable,54.7,40.1,5.2,54.7,Stable,True
z_40.5_7.5,2025,2,2025-S2,Stable,48.4,39.0,12.5,48.4,Stable,True
z_40.5_9.0,2023,1,2023-S1,Diminution,58.4,21.8,58.4,19.8,Stable,False
z_40.5_9.0,2023,2,2023-S2,Diminution,51.8,29.6,51.8,18.7,Stable,False
z_40.5_9.0,2024,1,2024-S1,Diminution,50.1,29.9,50.1,20.0,Stable,False
z_40.5_9.0,2024,2,2024-S2,Diminution,57.3,28.4,57.3,14.3,Stable,False
z_40.5_9.0,2025,1,2025-S1,Diminution,47.2,35.6,47.2,17.2,Stable,False
z_40.5_9.0,2025,2,2025-S2,Diminution,54.0,30.4,54.0,15.6,Diminution,True
z_42.0_-10.5,2023,1,2023-S1,Augmentation,50.2,50.2,32.7,17.1,Stable,False
z_42.0_-10.5,2023,2,2023-S2,Augmentation,54.7,54.7,28.2,17.1,Augmentation,True
z_42.0_-10.5,2024,1,2024-S1,Augmentation,53.1,53.1,29.7,17.2,Augmentation,True
z_42.0_-10.5,2024,2,2024-S2,Augmentation,54.2,54.2,29.4,16.4,Stable,False
z_42.0_-10.5,2025,1,2025-S1,Augmentation,51.7,51.7,33.3,15.0,Augmentation,True
z_42.0_-10.5,2025,2,2025-S2,Augmentation,62.0,62.0,24.9,13.1,Stable,False
z_42.0_-3.0,2023,1,2023-S1,Diminution,58.7,18.1,58.7,23.2,Stable,False
z_42.0_-3.0,2023,2,2023-S2,Augmentation,39.3,39.3,38.1,22.6,Stable,False
z_42.0_-3.0,2024,1,2024-S1,Diminution,41.6,31.7,41.6,26.7,Augmentation,False
z_42.0_-3.0,2024,2,2024-S2,Augmentation,51.4,51.4,23.9,24.7,Stable,False
z_42.0_-3.0,2025,1,2025-S1,Augmentation,61.6,61.6,17.8,20.6,Stable,False
z_42.0_-3.0,2025,2,2025-S2,Diminution,52.2,27.4,52.2,20.4,Diminution,True
z_42.0_-4.5,2023,1,2023-S1,Augmentation,45.7,45.7,9.4,44.9,Stable,False
z_42.0_-4.5,2023,2,2023-S2,Augmentation,47.9,47.9,9.9,42.3,Stable,False
z_42.0_-4.5,2024,1,2024-S1,Augmentation,57.4,57.4,7.9,34.7,Stable,False
z_42.0_-4.5,2024,2,2024-S2,Augmentation,50.3,50.3,9.0,40.7,Augmentation,True
z_42.0_-4.5,2025,1,2025-S1,Augmentation,47.3,47.3,8.9,43.8,Stable,False
z_42.0_-4.5,2025,2,2025-S2,Augmentation,53.9,53.9,5.4,40.7,Stable,False
z_42.0_-6.0,2023,1,2023-S1,Stable,96.4,0.2,3.4,96.4,Stable,True
z_42.0_-6.0,2023,2,2023-S2,Diminution,84.1,1.0,84.1,15.0,Diminution,True
z_42.0_-6.0,2024,1,2024-S1,Stable,94.6,1.9,3.5,94.6,Stable,True
z_42.0_-6.0,2024,2,2024-S2,Diminution,86.3,1.8,86.3,12.0,Diminution,True
z_42.0_-6.0,2025,1,2025-S1,Stable,96.3,0.2,3.5,96.3,Stable,True
z_42.0_-6.0,2025,2,2025-S2,Diminution,81.1,2.2,81.1,16.6,Diminution,True
z_42.0_-9.0,2023,1,2023-S1,Augmentation,49.2,49.2,34.7,16.1,Augmentation,True
z_42.0_-9.0,2023,2,2023-S2,Augmentation,53.5,53.5,34.3,12.2,Stable,False
z_42.0_-9.0,2024,1,2024-S1,Augmentation,56.0,56.0,28.0,16.0,Stable,False
z_42.0_-9.0,2024,2,2024-S2,Augmentation,52.2,52.2,36.8,11.1,Augmentation,True
z_42.0_-9.0,2025,1,2025-S1,Augmentation,74.3,74.3,15.6,10.1,Diminution,False
z_42.0_-9.0,2025,2,2025-S2,Augmentation,44.4,44.4,42.3,13.3,Diminution,False
z_42.0_10.5,2023,1,2023-S1,Diminution,73.6,7.8,73.6,18.6,Diminution,True
z_42.0_10.5,2023,2,2023-S2,Diminution,55.1,20.2,55.1,24.6,Augmentation,False
z_42.0_10.5,2024,1,2024-S1,Diminution,49.4,24.2,49.4,26.5,Diminution,True
z_42.0_10.5,2024,2,2024-S2,Diminution,42.0,32.4,42.0,25.6,Stable,False
z_42.0_10.5,2025,1,2025-S1,Diminution,57.8,20.2,57.8,22.0,Stable,False
z_42.0_10.5,2025,2,2025-S2,Diminution,46.9,33.2,46.9,19.9,Diminution,True
z_42.0_13.5,2023,1,2023-S1,Diminution,60.5,17.1,60.5,22.4,Diminution,True
z_42.0_13.5,2023,2,2023-S2,Diminution,36.9,32.7,36.9,30.4,Stable,False
z_42.0_13.5,2024,1,2024-S1,Augmentation,42.2,42.2,36.0,21.9,Stable,False
z_42.0_13.5,2024,2,2024-S2,Augmentation,60.4,60.4,22.7,16.9,Stable,False
z_42.0_13.5,2025,1,2025-S1,Augmentation,52.8,52.8,33.9,13.3,Stable,False
z_42.0_13.5,2025,2,2025-S2,Augmentation,57.9,57.9,29.6,12.5,Diminution,False
z_42.0_15.0,2023,1,2023-S1,Diminution,57.2,30.4,57.2,12.4,Augmentation,False
z_42.0_15.0,2023,2,2023-S2,Augmentation,46.0,46.0,34.6,19.4,Stable,False
z_42.0_15.0,2024,1,2024-S1,Augmentation,55.8,55.8,27.6,16.6,Stable,False
z_42.0_15.0,2024,2,2024-S2,Augmentation,59.2,59.2,23.2,17.6,Augmentation,True
z_42.0_15.0,2025,1,2025-S1,Augmentation,65.9,65.9,21.7,12.4,Stable,False
z_42.0_15.0,2025,2,2025-S2,Augmentation,54.1,54.1,27.8,18.1,Stable,False
z_42.0_16.5,2023,1,2023-S1,Diminution,67.3,7.5,67.3,25.2,Stable,False
z_42.0_16.5,2023,2,2023-S2,Diminution,75.5,3.2,75.5,21.3,Stable,False
z_42.0_16.5,2024,1,2024-S1,Diminution,50.0,23.9,50.0,26.0,Stable,False
z_42.0_16.5,2024,2,2024-S2,Diminution,62.0,15.1,62.0,23.0,Stable,False
z_42.0_16.5,2025,1,2025-S1,Diminution,61.1,16.8,61.1,22.1,Diminution,True
z_42.0_16.5,2025,2,2025-S2,Diminution,66.9,11.6,66.9,21.5,Stable,False
z_42.0_18.0,2023,1,2023-S1,Stable,63.8,25.8,10.4,63.8,Stable,True
z_42.0_18.0,2023,2,2023-S2,Diminution,81.1,5.3,81.1,13.6,Stable,False
z_42.0_18.0,2024,1,2024-S1,Stable,85.7,4.4,9.9,85.7,Stable,True
z_42.0_18.0,2024,2,2024-S2,Diminution,73.6,3.6,73.6,22.8,Stable,False
z_42.0_18.0,2025,1,2025-S1,Stable,85.8,3.5,10.8,85.8,Stable,True
z_42.0_18.0,2025,2,2025-S2,Diminution,80.0,4.5,80.0,15.5,Diminution,True
z_42.0_27.0,2023,1,2023-S1,Augmentation,58.1,58.1,24.3,17.5,Stable,False
z_42.0_27.0,2023,2,2023-S2,Augmentation,60.5,60.5,23.8,15.7,Stable,False
z_42.0_27.0,2024,1,2024-S1,Augmentation,45.0,45.0,33.1,21.9,Stable,False
z_42.0_27.0,2024,2,2024-S2,Diminution,45.7,36.2,45.7,18.0,Diminution,True
z_42.0_27.0,2025,1,2025-S1,Diminution,66.5,14.9,66.5,18.6,Stable,False
z_42.0_27.0,2025,2,2025-S2,Diminution,55.2,20.0,55.2,24.8,Diminution,True
z_42.0_28.5,2023,1,2023-S1,Stable,96.9,0.6,2.5,96.9,Stable,True
z_42.0_28.5,2023,2,2023-S2,Stable,97.3,0.9,1.8,97.3,Stable,True
z_42.0_28.5,2024,1,2024-S1,Stable,76.7,21.0,2.3,76.7,Stable,True
z_42.0_28.5,2024,2,2024-S2,Stable,90.1,7.2,2.7,90.1,Stable,True
z_42.0_28.5,2025,1,2025-S1,Stable,97.1,2.0,0.9,97.1,Stable,True
z_42.0_28.5,2025,2,2025-S2,Stable,97.3,0.7,2.0,97.3,Stable,True
z_42.0_3.0,2023,1,2023-S1,Diminution,64.8,27.4,64.8,7.8,Stable,False
z_42.0_3.0,2023,2,2023-S2,Diminution,43.5,42.5,43.5,14.1,Augmentation,False
z_42.0_3.0,2024,1,2024-S1,Augmentation,54.6,54.6,36.1,9.3,Stable,False
z_42.0_3.0,2024,2,2024-S2,Augmentation,59.0,59.0,25.6,15.5,Augmentation,True
z_42.0_3.0,2025,1,2025-S1,Augmentation,52.7,52.7,37.0,10.2,Stable,False
z_42.0_3.0,2025,2,2025-S2,Augmentation,66.6,66.6,24.0,9.5,Diminution,False
z_42.0_4.5,2023,1,2023-S1,Diminution,44.7,44.3,44.7,11.1,Augmentation,False
z_42.0_4.5,2023,2,2023-S2,Augmentation,52.1,52.1,39.3,8.6,Augmentation,True
z_42.0_4.5,2024,1,2024-S1,Augmentation,63.3,63.3,24.0,12.7,Stable,False
z_42.0_4.5,2024,2,2024-S2,Augmentation,62.0,62.0,24.7,13.3,Diminution,False
z_42.0_4.5,2025,1,2025-S1,Diminution,46.1,43.6,46.1,10.3,Diminution,True
z_42.0_4.5,2025,2,2025-S2,Diminution,53.7,34.9,53.7,11.4,Diminution,True
z_42.0_6.0,2023,1,2023-S1,Diminution,48.3,31.0,48.3,20.6,Diminution,True
z_42.0_6.0,2023,2,2023-S2,Augmentation,60.8,60.8,15.6,23.6,Augmentation,True
z_42.0_6.0,2024,1,2024-S1,Diminution,45.6,32.6,45.6,21.8,Stable,False
z_42.0_6.0,2024,2,2024-S2,Augmentation,60.5,60.5,16.0,23.5,Stable,False
z_42.0_6.0,2025,1,2025-S1,Diminution,47.4,31.9,47.4,20.7,Diminution,True
z_42.0_6.0,2025,2,2025-S2,Stable,44.0,40.9,15.1,44.0,Stable,True
z_42.0_7.5,2023,1,2023-S1,Stable,73.8,16.9,9.3,73.8,Stable,True
z_42.0_7.5,2023,2,2023-S2,Stable,75.8,18.0,6.2,75.8,Stable,True
z_42.0_7.5,2024,1,2024-S1,Stable,81.0,13.5,5.6,81.0,Stable,True
z_42.0_7.5,2024,2,2024-S2,Stable,68.3,27.7,4.1,68.3,Stable,True
z_42.0_7.5,2025,1,2025-S1,Stable,82.4,13.7,3.9,82.4,Stable,True
z_42.0_7.5,2025,2,2025-S2,Stable,88.8,8.5,2.8,88.8,Stable,True
z_42.0_9.0,2023,1,2023-S1,Diminution,59.9,22.9,59.9,17.2,Augmentation,False
z_42.0_9.0,2023,2,2023-S2,Diminution,44.1,42.7,44.1,13.2,Diminution,True
z_42.0_9.0,2024,1,2024-S1,Diminution,52.3,28.1,52.3,19.6,Stable,False
z_42.0_9.0,2024,2,2024-S2,Diminution,66.0,22.2,66.0,11.8,Diminution,True
z_42.0_9.0,2025,1,2025-S1,Diminution,58.9,26.3,58.9,14.8,Stable,False
z_42.0_9.0,2025,2,2025-S2,Diminution,61.9,22.9,61.9,15.2,Stable,False
z_43.5_-1.5,2023,1,2023-S1,Diminution,46.9,34.1,46.9,19.0,Diminution,True
z_43.5_-1.5,2023,2,2023-S2,Diminution,56.0,22.6,56.0,21.4,Stable,False
z_43.5_-1.5,2024,1,2024-S1,Diminution,54.1,22.4,54.1,23.5,Stable,False
z_43.5_-1.5,2024,2,2024-S2,Augmentation,38.8,38.8,34.9,26.4,Stable,False
z_43.5_-1.5,2025,1,2025-S1,Diminution,42.8,28.9,42.8,28.3,Augmentation,False
z_43.5_-1.5,2025,2,2025-S2,Augmentation,48.8,48.8,26.5,24.7,Stable,False
z_43.5_-10.5,2023,1,2023-S1,Stable,90.9,6.0,3.2,90.9,Stable,True
z_43.5_-10.5,2023,2,2023-S2,Diminution,78.6,7.0,78.6,14.3,Diminution,True
z_43.5_-10.5,2024,1,2024-S1,Stable,89.7,6.5,3.8,89.7,Stable,True
z_43.5_-10.5,2024,2,2024-S2,Diminution,78.9,5.1,78.9,16.0,Stable,False
z_43.5_-10.5,2025,1,2025-S1,Stable,63.8,27.4,8.8,63.8,Stable,True
z_43.5_-10.5,2025,2,2025-S2,Diminution,78.9,4.7,78.9,16.4,Diminution,True
z_43.5_-3.0,2023,1,2023-S1,Augmentation,51.8,51.8,11.1,37.0,Stable,False
z_43.5_-3.0,2023,2,2023-S2,Diminution,43.1,33.2,43.1,23.7,Stable,False
z_43.5_-3.0,2024,1,2024-S1,Augmentation,60.9,60.9,9.3,29.8,Augmentation,True
z_43.5_-3.0,2024,2,2024-S2,Diminution,41.4,34.1,41.4,24.5,Diminution,True
z_43.5_-3.0,2025,1,2025-S1,Augmentation,53.2,53.2,13.4,33.3,Stable,False
z_43.5_-3.0,2025,2,2025-S2,Diminution,38.4,37.9,38.4,23.7,Diminution,True
z_43.5_-4.5,2023,1,2023-S1,Diminution,61.7,16.4,61.7,21.9,Diminution,True
z_43.5_-4.5,2023,2,2023-S2,Stable,49.3,44.7,6.0,49.3,Stable,True
z_43.5_-4.5,2024,1,2024-S1,Diminution,42.9,29.8,42.9,27.3,Augmentation,False
z_43.5_-4.5,2024,2,2024-S2,Augmentation,64.6,64.6,10.0,25.5,Stable,False
z_43.5_-4.5,2025,1,2025-S1,Diminution,40.5,33.5,40.5,26.0,Augmentation,False
z_43.5_-4.5,2025,2,2025-S2,Augmentation,58.9,58.9,13.0,28.1,Stable,False
z_43.5_-6.0,2023,1,2023-S1,Augmentation,44.5,44.5,40.6,14.9,Diminution,False
z_43.5_-6.0,2023,2,2023-S2,Diminution,57.8,26.4,57.8,15.8,Diminution,True
z_43.5_-6.0,2024,1,2024-S1,Diminution,54.7,28.3,54.7,16.9,Diminution,True
z_43.5_-6.0,2024,2,2024-S2,Diminution,56.7,21.0,56.7,22.3,Augmentation,False
z_43.5_-6.0,2025,1,2025-S1,Diminution,45.3,32.7,45.3,22.0,Stable,False
z_43.5_-6.0,2025,2,2025-S2,Augmentation,54.0,54.0,28.0,18.1,Stable,False
z_43.5_-7.5,2023,1,2023-S1,Diminution,54.2,27.3,54.2,18.4,Augmentation,False
z_43.5_-7.5,2023,2,2023-S2,Diminution,42.1,34.3,42.1,23.5,Stable,False
z_43.5_-7.5,2024,1,2024-S1,Augmentation,40.4,40.4,33.9,25.7,Augmentation,True
z_43.5_-7.5,2024,2,2024-S2,Augmentation,50.5,50.5,26.9,22.6,Augmentation,True
z_43.5_-7.5,2025,1,2025-S1,Augmentation,57.7,57.7,26.4,15.9,Stable,False
z_43.5_-7.5,2025,2,2025-S2,Augmentation,43.6,43.6,35.1,21.2,Stable,False
z_43.5_-9.0,2023,1,2023-S1,Augmentation,48.6,48.6,36.5,15.0,Stable,False
z_43.5_-9.0,2023,2,2023-S2,Augmentation,67.6,67.6,19.6,12.9,Stable,False
z_43.5_-9.0,2024,1,2024-S1,Diminution,54.8,36.7,54.8,8.5,Stable,False
z_43.5_-9.0,2024,2,2024-S2,Augmentation,55.9,55.9,32.9,11.2,Augmentation,True
z_43.5_-9.0,2025,1,2025-S1,Diminution,49.5,40.3,49.5,10.2,Stable,False
z_43.5_-9.0,2025,2,2025-S2,Augmentation,72.4,72.4,18.5,9.1,Stable,False
z_43.5_12.0,2023,1,2023-S1,Augmentation,56.1,56.1,29.3,14.6,Augmentation,True
z_43.5_12.0,2023,2,2023-S2,Augmentation,74.8,74.8,12.6,12.6,Augmentation,True
z_43.5_12.0,2024,1,2024-S1,Augmentation,73.8,73.8,15.6,10.5,Augmentation,True
z_43.5_12.0,2024,2,2024-S2,Augmentation,77.3,77.3,12.9,9.8,Augmentation,True
z_43.5_12.0,2025,1,2025-S1,Augmentation,65.8,65.8,22.0,12.2,Augmentation,True
z_43.5_12.0,2025,2,2025-S2,Augmentation,71.6,71.6,18.7,9.7,Diminution,False
z_43.5_13.5,2023,1,2023-S1,Augmentation,58.5,58.5,27.8,13.7,Stable,False
z_43.5_13.5,2023,2,2023-S2,Augmentation,52.4,52.4,27.7,20.0,Stable,False
z_43.5_13.5,2024,1,2024-S1,Diminution,56.1,27.5,56.1,16.4,Augmentation,False
z_43.5_13.5,2024,2,2024-S2,Augmentation,47.1,47.1,32.0,20.9,Stable,False
z_43.5_13.5,2025,1,2025-S1,Diminution,41.1,39.9,41.1,18.9,Diminution,True
z_43.5_13.5,2025,2,2025-S2,Augmentation,44.3,44.3,34.4,21.3,Diminution,False
z_43.5_15.0,2023,1,2023-S1,Diminution,81.8,4.4,81.8,13.8,Stable,False
z_43.5_15.0,2023,2,2023-S2,Diminution,60.7,15.2,60.7,24.1,Stable,False
z_43.5_15.0,2024,1,2024-S1,Diminution,58.5,18.3,58.5,23.2,Stable,False
z_43.5_15.0,2024,2,2024-S2,Diminution,59.3,16.8,59.3,23.9,Diminution,True
z_43.5_15.0,2025,1,2025-S1,Diminution,74.9,7.6,74.9,17.5,Stable,False
z_43.5_15.0,2025,2,2025-S2,Diminution,44.5,25.9,44.5,29.6,Augmentation,False
z_43.5_28.5,2023,1,2023-S1,Diminution,72.9,10.0,72.9,17.1,Stable,False
z_43.5_28.5,2023,2,2023-S2,Stable,59.8,35.3,5.0,59.8,Stable,True
z_43.5_28.5,2024,1,2024-S1,Diminution,71.3,10.5,71.3,18.2,Diminution,True
z_43.5_28.5,2024,2,2024-S2,Stable,56.1,38.3,5.6,56.1,Stable,True
z_43.5_28.5,2025,1,2025-S1,Diminution,71.4,9.6,71.4,18.9,Stable,False
z_43.5_28.5,2025,2,2025-S2,Stable,56.9,39.1,4.1,56.9,Diminution,False
z_43.5_36.0,2023,1,2023-S1,Stable,96.2,0.8,3.0,96.2,Stable,True
z_43.5_36.0,2023,2,2023-S2,Stable,96.4,0.5,3.1,96.4,Stable,True
z_43.5_36.0,2024,1,2024-S1,Stable,96.8,0.3,2.8,96.8,Stable,True
z_43.5_36.0,2024,2,2024-S2,Stable,97.0,0.8,2.2,97.0,Stable,True
z_43.5_36.0,2025,1,2025-S1,Stable,91.8,5.5,2.7,91.8,Stable,True
z_43.5_36.0,2025,2,2025-S2,Stable,95.7,2.1,2.2,95.7,Stable,True
z_43.5_37.5,2023,1,2023-S1,Diminution,73.5,7.1,73.5,19.4,Stable,False
z_43.5_37.5,2023,2,2023-S2,Stable,69.9,24.5,5.6,69.9,Diminution,False
z_43.5_37.5,2024,1,2024-S1,Diminution,64.6,6.4,64.6,29.0,Stable,False
z_43.5_37.5,2024,2,2024-S2,Stable,88.1,3.0,9.0,88.1,Diminution,False
z_43.5_37.5,2025,1,2025-S1,Diminution,72.6,6.1,72.6,21.3,Stable,False
z_43.5_37.5,2025,2,2025-S2,Stable,96.1,1.9,1.9,96.1,Diminution,False
z_43.5_6.0,2023,1,2023-S1,Stable,92.7,5.1,2.2,92.7,Stable,True
z_43.5_6.0,2023,2,2023-S2,Diminution,73.6,3.2,73.6,23.2,Stable,False
z_43.5_6.0,2024,1,2024-S1,Stable,86.3,10.0,3.7,86.3,Stable,True
z_43.5_6.0,2024,2,2024-S2,Diminution,73.0,2.7,73.0,24.3,Stable,False
z_43.5_6.0,2025,1,2025-S1,Stable,85.8,11.3,2.9,85.8,Stable,True
z_43.5_6.0,2025,2,2025-S2,Diminution,75.3,2.1,75.3,22.5,Diminution,True
z_43.5_7.5,2023,1,2023-S1,Diminution,62.7,28.9,62.7,8.5,Stable,False
z_43.5_7.5,2023,2,2023-S2,Augmentation,72.3,72.3,18.0,9.7,Stable,False
z_43.5_7.5,2024,1,2024-S1,Diminution,49.8,39.9,49.8,10.4,Diminution,True
z_43.5_7.5,2024,2,2024-S2,Augmentation,52.9,52.9,37.2,9.9,Augmentation,True
z_43.5_7.5,2025,1,2025-S1,Diminution,61.5,29.4,61.5,9.1,Diminution,True
z_43.5_7.5,2025,2,2025-S2,Augmentation,44.6,44.6,42.7,12.7,Stable,False
z_43.5_9.0,2023,1,2023-S1,Diminution,54.2,33.2,54.2,12.6,Diminution,True
z_43.5_9.0,2023,2,2023-S2,Augmentation,65.0,65.0,21.6,13.4,Stable,False
z_43.5_9.0,2024,1,2024-S1,Diminution,57.4,33.1,57.4,9.6,Stable,False
z_43.5_9.0,2024,2,2024-S2,Augmentation,59.7,59.7,23.4,16.9,Stable,False
z_43.5_9.0,2025,1,2025-S1,Diminution,57.8,31.2,57.8,11.0,Stable,False
z_43.5_9.0,2025,2,2025-S2,Augmentation,58.6,58.6,28.0,13.4,Stable,False
z_45.0_-1.5,2023,1,2023-S1,Augmentation,55.4,55.4,29.2,15.4,Augmentation,True
z_45.0_-1.5,2023,2,2023-S2,Augmentation,65.1,65.1,22.0,12.9,Stable,False
z_45.0_-1.5,2024,1,2024-S1,Augmentation,63.4,63.4,22.6,14.0,Stable,False
z_45.0_-1.5,2024,2,2024-S2,Diminution,49.4,38.2,49.4,12.4,Stable,False
z_45.0_-1.5,2025,1,2025-S1,Augmentation,51.7,51.7,34.0,14.3,Stable,False
z_45.0_-1.5,2025,2,2025-S2,Augmentation,45.5,45.5,39.0,15.5,Stable,False
z_45.0_-3.0,2023,1,2023-S1,Augmentation,63.3,63.3,29.0,7.7,Stable,False
z_45.0_-3.0,2023,2,2023-S2,Augmentation,61.1,61.1,28.7,10.2,Augmentation,True
z_45.0_-3.0,2024,1,2024-S1,Augmentation,59.6,59.6,32.7,7.7,Stable,False
z_45.0_-3.0,2024,2,2024-S2,Augmentation,68.4,68.4,21.7,9.8,Stable,False
z_45.0_-3.0,2025,1,2025-S1,Augmentation,60.3,60.3,30.4,9.3,Augmentation,True
z_45.0_-3.0,2025,2,2025-S2,Augmentation,62.1,62.1,27.3,10.6,Stable,False
z_45.0_-4.5,2023,1,2023-S1,Diminution,47.7,26.3,47.7,25.9,Stable,False
z_45.0_-4.5,2023,2,2023-S2,Diminution,65.7,13.4,65.7,20.9,Stable,False
z_45.0_-4.5,2024,1,2024-S1,Diminution,63.9,17.2,63.9,18.9,Diminution,True
z_45.0_-4.5,2024,2,2024-S2,Diminution,72.3,4.0,72.3,23.6,Stable,False
z_45.0_-4.5,2025,1,2025-S1,Diminution,66.9,11.7,66.9,21.4,Stable,False
z_45.0_-4.5,2025,2,2025-S2,Diminution,79.1,5.8,79.1,15.1,Stable,False
z_45.0_-6.0,2023,1,2023-S1,Stable,94.1,3.9,2.0,94.1,Stable,True
z_45.0_-6.0,2023,2,2023-S2,Stable,80.0,16.8,3.2,80.0,Stable,True
z_45.0_-6.0,2024,1,2024-S1,Stable,89.0,9.3,1.7,89.0,Stable,True
z_45.0_-6.0,2024,2,2024-S2,Stable,97.9,1.1,1.0,97.9,Stable,True
z_45.0_-6.0,2025,1,2025-S1,Stable,85.1,12.6,2.3,85.1,Stable,True
z_45.0_-6.0,2025,2,2025-S2,Stable,85.5,12.0,2.5,85.5,Stable,True
z_45.0_-7.5,2023,1,2023-S1,Stable,98.1,0.3,1.6,98.1,Stable,True
z_45.0_-7.5,2023,2,2023-S2,Stable,97.0,1.4,1.6,97.0,Stable,True
z_45.0_-7.5,2024,1,2024-S1,Stable,98.1,0.3,1.6,98.1,Stable,True
z_45.0_-7.5,2024,2,2024-S2,Stable,97.0,1.4,1.6,97.0,Stable,True
z_45.0_-7.5,2025,1,2025-S1,Stable,98.1,0.3,1.6,98.1,Stable,True
z_45.0_-7.5,2025,2,2025-S2,Stable,93.2,5.1,1.7,93.2,Stable,True
z_45.0_-9.0,2023,1,2023-S1,Diminution,62.2,15.2,62.2,22.6,Stable,False
z_45.0_-9.0,2023,2,2023-S2,Stable,69.6,28.1,2.3,69.6,Stable,True
z_45.0_-9.0,2024,1,2024-S1,Diminution,67.4,10.7,67.4,21.9,Diminution,True
z_45.0_-9.0,2024,2,2024-S2,Stable,81.5,13.7,4.8,81.5,Stable,True
z_45.0_-9.0,2025,1,2025-S1,Diminution,68.9,6.2,68.9,24.9,Stable,False
z_45.0_-9.0,2025,2,2025-S2,Stable,58.1,36.1,5.8,58.1,Stable,True
z_45.0_12.0,2023,1,2023-S1,Augmentation,63.5,63.5,18.2,18.3,Stable,False
z_45.0_12.0,2023,2,2023-S2,Augmentation,74.8,74.8,13.2,12.1,Stable,False
z_45.0_12.0,2024,1,2024-S1,Augmentation,49.7,49.7,36.7,13.6,Augmentation,True
z_45.0_12.0,2024,2,2024-S2,Augmentation,66.0,66.0,22.7,11.3,Stable,False
z_45.0_12.0,2025,1,2025-S1,Augmentation,51.4,51.4,32.9,15.7,Stable,False
z_45.0_12.0,2025,2,2025-S2,Augmentation,56.4,56.4,29.1,14.5,Augmentation,True
z_45.0_13.5,2023,1,2023-S1,Diminution,53.4,30.0,53.4,16.6,Stable,False
z_45.0_13.5,2023,2,2023-S2,Augmentation,42.2,42.2,32.1,25.7,Augmentation,True
z_45.0_13.5,2024,1,2024-S1,Diminution,45.8,35.5,45.8,18.6,Augmentation,False
z_45.0_13.5,2024,2,2024-S2,Augmentation,71.6,71.6,13.5,14.9,Stable,False
z_45.0_13.5,2025,1,2025-S1,Augmentation,48.3,48.3,35.3,16.4,Augmentation,True
z_45.0_13.5,2025,2,2025-S2,Augmentation,78.3,78.3,12.2,9.5,Stable,False
z_45.0_28.5,2023,1,2023-S1,Diminution,90.9,0.8,90.9,8.3,Diminution,True
z_45.0_28.5,2023,2,2023-S2,Stable,98.1,0.1,1.9,98.1,Augmentation,False
z_45.0_28.5,2024,1,2024-S1,Diminution,90.9,0.8,90.9,8.3,Stable,False
z_45.0_28.5,2024,2,2024-S2,Stable,57.3,23.8,18.9,57.3,Stable,True
z_45.0_28.5,2025,1,2025-S1,Diminution,82.0,5.1,82.0,12.8,Diminution,True
z_45.0_28.5,2025,2,2025-S2,Stable,78.9,2.2,18.9,78.9,Stable,True
z_45.0_36.0,2023,1,2023-S1,Diminution,87.5,3.0,87.5,9.5,Diminution,True
z_45.0_36.0,2023,2,2023-S2,Stable,87.0,8.8,4.1,87.0,Stable,True
z_45.0_36.0,2024,1,2024-S1,Diminution,84.6,1.7,84.6,13.6,Stable,False
z_45.0_36.0,2024,2,2024-S2,Stable,70.3,27.0,2.8,70.3,Diminution,False
z_45.0_36.0,2025,1,2025-S1,Diminution,86.0,1.2,86.0,12.8,Diminution,True
z_45.0_36.0,2025,2,2025-S2,Stable,93.7,4.0,2.2,93.7,Diminution,False
z_46.5_-10.5,2023,2,2023-S2,Stable,95.9,2.5,1.6,95.9,Stable,True
z_46.5_-10.5,2024,2,2024-S2,Stable,93.8,4.2,1.9,93.8,Stable,True
z_46.5_-10.5,2025,2,2025-S2,Stable,95.8,1.7,2.5,95.8,Stable,True
z_46.5_-3.0,2023,1,2023-S1,Augmentation,72.4,72.4,19.3,8.3,Augmentation,True
z_46.5_-3.0,2023,2,2023-S2,Augmentation,69.9,69.9,21.7,8.3,Augmentation,True
z_46.5_-3.0,2024,1,2024-S1,Augmentation,66.7,66.7,26.3,7.0,Augmentation,True
z_46.5_-3.0,2024,2,2024-S2,Augmentation,73.2,73.2,19.4,7.4,Augmentation,True
z_46.5_-3.0,2025,1,2025-S1,Augmentation,67.6,67.6,23.4,9.1,Augmentation,True
z_46.5_-3.0,2025,2,2025-S2,Augmentation,57.3,57.3,34.8,7.9,Diminution,False
z_46.5_-4.5,2023,1,2023-S1,Augmentation,51.6,51.6,36.8,11.6,Augmentation,True
z_46.5_-4.5,2023,2,2023-S2,Augmentation,72.4,72.4,18.3,9.4,Augmentation,True
z_46.5_-4.5,2024,1,2024-S1,Augmentation,58.7,58.7,27.6,13.7,Augmentation,True
z_46.5_-4.5,2024,2,2024-S2,Augmentation,74.9,74.9,18.3,6.8,Diminution,False
z_46.5_-4.5,2025,1,2025-S1,Augmentation,51.0,51.0,35.5,13.6,Augmentation,True
z_46.5_-4.5,2025,2,2025-S2,Augmentation,66.2,66.2,23.9,9.9,Augmentation,True
z_46.5_-6.0,2023,1,2023-S1,Augmentation,50.3,50.3,33.6,16.2,Stable,False
z_46.5_-6.0,2023,2,2023-S2,Diminution,45.8,41.4,45.8,12.8,Augmentation,False
z_46.5_-6.0,2024,1,2024-S1,Augmentation,52.5,52.5,32.3,15.2,Stable,False
z_46.5_-6.0,2024,2,2024-S2,Augmentation,50.1,50.1,38.8,11.1,Augmentation,True
z_46.5_-6.0,2025,1,2025-S1,Augmentation,58.5,58.5,27.7,13.7,Diminution,False
z_46.5_-6.0,2025,2,2025-S2,Diminution,46.0,42.7,46.0,11.4,Diminution,True
z_46.5_-7.5,2023,1,2023-S1,Diminution,40.7,37.6,40.7,21.8,Diminution,True
z_46.5_-7.5,2023,2,2023-S2,Augmentation,43.2,43.2,32.6,24.3,Diminution,False
z_46.5_-7.5,2024,1,2024-S1,Diminution,53.8,29.2,53.8,16.9,Diminution,True
z_46.5_-7.5,2024,2,2024-S2,Diminution,64.6,13.0,64.6,22.4,Diminution,True
z_46.5_-7.5,2025,1,2025-S1,Diminution,76.8,5.5,76.8,17.7,Stable,False
z_46.5_-7.5,2025,2,2025-S2,Diminution,54.8,19.0,54.8,26.2,Stable,False
z_48.0_-1.5,2023,1,2023-S1,Diminution,63.9,28.4,63.9,7.7,Augmentation,False
z_48.0_-1.5,2023,2,2023-S2,Augmentation,61.8,61.8,30.4,7.9,Augmentation,True
z_48.0_-1.5,2024,1,2024-S1,Augmentation,50.8,50.8,40.7,8.5,Stable,False
z_48.0_-1.5,2024,2,2024-S2,Augmentation,65.2,65.2,27.9,6.9,Diminution,False
z_48.0_-1.5,2025,1,2025-S1,Augmentation,56.7,56.7,36.1,7.2,Stable,False
z_48.0_-1.5,2025,2,2025-S2,Diminution,49.4,41.8,49.4,8.8,Diminution,True
z_48.0_-10.5,2023,1,2023-S1,Stable,63.4,22.2,14.4,63.4,Stable,True
z_48.0_-10.5,2023,2,2023-S2,Diminution,83.8,4.3,83.8,12.0,Stable,False
z_48.0_-10.5,2024,1,2024-S1,Stable,69.2,19.1,11.7,69.2,Stable,True
z_48.0_-10.5,2024,2,2024-S2,Diminution,69.7,12.4,69.7,17.9,Diminution,True
z_48.0_-10.5,2025,1,2025-S1,Stable,70.1,16.2,13.8,70.1,Stable,True
z_48.0_-10.5,2025,2,2025-S2,Diminution,69.8,10.9,69.8,19.3,Diminution,True
z_48.0_-12.0,2023,2,2023-S2,Stable,83.0,14.1,2.9,83.0,Stable,True
z_48.0_-12.0,2024,2,2024-S2,Stable,96.0,0.7,3.4,96.0,Stable,True
z_48.0_-12.0,2025,2,2025-S2,Stable,95.6,1.1,3.3,95.6,Stable,True
z_48.0_-15.0,2023,2,2023-S2,Stable,98.2,0.6,1.2,98.2,Stable,True
z_48.0_-15.0,2024,2,2024-S2,Stable,97.3,1.4,1.3,97.3,Stable,True
z_48.0_-15.0,2025,2,2025-S2,Stable,98.0,0.5,1.4,98.0,Stable,True
z_48.0_-3.0,2023,1,2023-S1,Augmentation,70.3,70.3,18.1,11.6,Augmentation,True
z_48.0_-3.0,2023,2,2023-S2,Augmentation,72.7,72.7,15.1,12.3,Diminution,False
z_48.0_-3.0,2024,1,2024-S1,Augmentation,58.9,58.9,26.2,14.8,Diminution,False
z_48.0_-3.0,2024,2,2024-S2,Diminution,57.7,33.4,57.7,9.0,Diminution,True
z_48.0_-3.0,2025,1,2025-S1,Diminution,60.7,21.3,60.7,18.0,Stable,False
z_48.0_-3.0,2025,2,2025-S2,Diminution,60.4,23.8,60.4,15.9,Diminution,True
z_48.0_-4.5,2023,1,2023-S1,Augmentation,57.7,57.7,28.3,14.0,Stable,False
z_48.0_-4.5,2023,2,2023-S2,Augmentation,59.8,59.8,27.9,12.3,Stable,False
z_48.0_-4.5,2024,1,2024-S1,Augmentation,55.9,55.9,28.8,15.3,Stable,False
z_48.0_-4.5,2024,2,2024-S2,Augmentation,50.7,50.7,32.8,16.5,Stable,False
z_48.0_-4.5,2025,1,2025-S1,Augmentation,50.3,50.3,33.7,16.0,Stable,False
z_48.0_-4.5,2025,2,2025-S2,Augmentation,55.3,55.3,29.1,15.5,Stable,False
z_48.0_-6.0,2023,1,2023-S1,Diminution,55.9,34.6,55.9,9.5,Stable,False
z_48.0_-6.0,2023,2,2023-S2,Diminution,63.0,29.7,63.0,7.2,Augmentation,False
z_48.0_-6.0,2024,1,2024-S1,Augmentation,59.1,59.1,33.5,7.3,Augmentation,True
z_48.0_-6.0,2024,2,2024-S2,Augmentation,66.4,66.4,27.6,6.0,Diminution,False
z_48.0_-6.0,2025,1,2025-S1,Augmentation,66.2,66.2,25.8,7.9,Augmentation,True
z_48.0_-6.0,2025,2,2025-S2,Augmentation,65.8,65.8,28.8,5.4,Stable,False
z_48.0_-7.5,2023,1,2023-S1,Augmentation,60.5,60.5,21.0,18.5,Augmentation,True
z_48.0_-7.5,2023,2,2023-S2,Augmentation,69.6,69.6,16.9,13.5,Stable,False
z_48.0_-7.5,2024,1,2024-S1,Augmentation,49.7,49.7,33.2,17.1,Augmentation,True
z_48.0_-7.5,2024,2,2024-S2,Augmentation,53.6,53.6,33.8,12.5,Stable,False
z_48.0_-7.5,2025,1,2025-S1,Diminution,40.4,38.4,40.4,21.2,Stable,False
z_48.0_-7.5,2025,2,2025-S2,Diminution,71.5,16.0,71.5,12.5,Stable,False
z_48.0_-9.0,2023,1,2023-S1,Stable,65.6,31.3,3.0,65.6,Stable,True
z_48.0_-9.0,2023,2,2023-S2,Stable,66.9,29.7,3.4,66.9,Stable,True
z_48.0_-9.0,2024,1,2024-S1,Stable,52.9,41.5,5.6,52.9,Stable,True
z_48.0_-9.0,2024,2,2024-S2,Stable,68.3,27.8,3.8,68.3,Augmentation,False
z_48.0_-9.0,2025,1,2025-S1,Stable,47.1,45.5,7.4,47.1,Augmentation,False
z_48.0_-9.0,2025,2,2025-S2,Augmentation,49.9,49.9,11.0,39.2,Stable,False
z_49.5_-1.5,2023,1,2023-S1,Diminution,53.8,42.3,53.8,3.9,Diminution,True
z_49.5_-1.5,2023,2,2023-S2,Diminution,49.2,47.3,49.2,3.5,Diminution,True
z_49.5_-1.5,2024,1,2024-S1,Augmentation,52.2,52.2,44.0,3.8,Diminution,False
z_49.5_-1.5,2024,2,2024-S2,Augmentation,53.5,53.5,43.2,3.3,Diminution,False
z_49.5_-1.5,2025,1,2025-S1,Augmentation,56.6,56.6,40.0,3.3,Diminution,False
z_49.5_-1.5,2025,2,2025-S2,Diminution,51.2,45.2,51.2,3.6,Diminution,True
z_49.5_-12.0,2023,1,2023-S1,Diminution,50.6,24.8,50.6,24.6,Stable,False
z_49.5_-12.0,2023,2,2023-S2,Stable,48.6,44.0,7.4,48.6,Stable,True
z_49.5_-12.0,2024,1,2024-S1,Diminution,61.2,16.8,61.2,22.0,Stable,False
z_49.5_-12.0,2024,2,2024-S2,Stable,47.6,45.4,7.0,47.6,Stable,True
z_49.5_-12.0,2025,1,2025-S1,Diminution,67.6,10.1,67.6,22.2,Stable,False
z_49.5_-12.0,2025,2,2025-S2,Stable,90.9,5.6,3.5,90.9,Stable,True
z_49.5_-3.0,2023,1,2023-S1,Diminution,56.6,38.7,56.6,4.7,Diminution,True
z_49.5_-3.0,2023,2,2023-S2,Diminution,72.1,21.0,72.1,6.9,Diminution,True
z_49.5_-3.0,2024,1,2024-S1,Diminution,84.9,10.5,84.9,4.6,Diminution,True
z_49.5_-3.0,2024,2,2024-S2,Diminution,70.1,22.2,70.1,7.7,Diminution,True
z_49.5_-3.0,2025,1,2025-S1,Diminution,75.9,16.0,75.9,8.1,Diminution,True
z_49.5_-3.0,2025,2,2025-S2,Diminution,77.9,16.5,77.9,5.6,Diminution,True
z_49.5_-4.5,2023,1,2023-S1,Diminution,63.7,23.3,63.7,13.0,Diminution,True
z_49.5_-4.5,2023,2,2023-S2,Diminution,60.2,25.6,60.2,14.2,Diminution,True
z_49.5_-4.5,2024,1,2024-S1,Diminution,60.4,24.3,60.4,15.3,Diminution,True
z_49.5_-4.5,2024,2,2024-S2,Diminution,58.9,25.0,58.9,16.1,Diminution,True
z_49.5_-4.5,2025,1,2025-S1,Diminution,63.4,21.5,63.4,15.1,Diminution,True
z_49.5_-4.5,2025,2,2025-S2,Diminution,76.0,13.9,76.0,10.1,Diminution,True
z_49.5_-6.0,2023,1,2023-S1,Diminution,62.4,28.1,62.4,9.6,Diminution,True
z_49.5_-6.0,2023,2,2023-S2,Diminution,65.4,26.2,65.4,8.4,Diminution,True
z_49.5_-6.0,2024,1,2024-S1,Diminution,59.9,30.1,59.9,10.0,Diminution,True
z_49.5_-6.0,2024,2,2024-S2,Diminution,64.9,24.6,64.9,10.5,Diminution,True
z_49.5_-6.0,2025,1,2025-S1,Diminution,63.5,25.3,63.5,11.2,Diminution,True
z_49.5_-6.0,2025,2,2025-S2,Diminution,59.2,27.4,59.2,13.5,Diminution,True
z_49.5_-7.5,2023,1,2023-S1,Diminution,56.6,30.2,56.6,13.2,Stable,False
z_49.5_-7.5,2023,2,2023-S2,Diminution,43.1,33.5,43.1,23.3,Diminution,True
z_49.5_-7.5,2024,1,2024-S1,Diminution,62.7,17.9,62.7,19.5,Diminution,True
z_49.5_-7.5,2024,2,2024-S2,Diminution,65.4,14.7,65.4,19.9,Diminution,True
z_49.5_-7.5,2025,1,2025-S1,Diminution,62.4,16.3,62.4,21.3,Diminution,True
z_49.5_-7.5,2025,2,2025-S2,Diminution,67.1,11.1,67.1,21.9,Diminution,True
z_49.5_-9.0,2023,1,2023-S1,Stable,60.6,36.0,3.5,60.6,Stable,True
z_49.5_-9.0,2023,2,2023-S2,Diminution,74.8,7.1,74.8,18.1,Stable,False
z_49.5_-9.0,2024,1,2024-S1,Stable,62.0,34.7,3.3,62.0,Augmentation,False
z_49.5_-9.0,2024,2,2024-S2,Diminution,53.3,18.8,53.3,27.9,Stable,False
z_49.5_-9.0,2025,1,2025-S1,Augmentation,48.5,48.5,8.8,42.7,Stable,False
z_49.5_-9.0,2025,2,2025-S2,Diminution,66.1,12.6,66.1,21.3,Stable,False
z_49.5_0.0,2023,1,2023-S1,Augmentation,48.9,48.9,46.4,4.6,Diminution,False
z_49.5_0.0,2023,2,2023-S2,Augmentation,53.2,53.2,41.9,4.9,Diminution,False
z_49.5_0.0,2024,1,2024-S1,Diminution,50.9,43.7,50.9,5.4,Diminution,True
z_49.5_0.0,2024,2,2024-S2,Augmentation,49.1,49.1,45.5,5.4,Diminution,False
z_49.5_0.0,2025,1,2025-S1,Augmentation,55.7,55.7,39.3,5.0,Diminution,False
z_49.5_0.0,2025,2,2025-S2,Augmentation,53.0,53.0,41.6,5.4,Diminution,False
z_51.0_-10.5,2023,1,2023-S1,Augmentation,63.4,63.4,23.3,13.3,Stable,False
z_51.0_-10.5,2023,2,2023-S2,Augmentation,51.7,51.7,28.8,19.5,Stable,False
z_51.0_-10.5,2024,1,2024-S1,Augmentation,46.6,46.6,34.3,19.1,Diminution,False
z_51.0_-10.5,2024,2,2024-S2,Diminution,46.3,29.7,46.3,24.0,Augmentation,False
z_51.0_-10.5,2025,1,2025-S1,Augmentation,42.3,42.3,35.0,22.7,Stable,False
z_51.0_-10.5,2025,2,2025-S2,Augmentation,39.0,39.0,38.9,22.1,Diminution,False
z_51.0_-12.0,2023,1,2023-S1,Augmentation,46.7,46.7,7.2,46.1,Stable,False
z_51.0_-12.0,2023,2,2023-S2,Stable,47.3,45.3,7.4,47.3,Stable,True
z_51.0_-12.0,2024,1,2024-S1,Stable,48.7,46.9,4.4,48.7,Stable,True
z_51.0_-12.0,2024,2,2024-S2,Stable,62.9,33.4,3.7,62.9,Augmentation,False
z_51.0_-12.0,2025,1,2025-S1,Stable,54.4,40.5,5.1,54.4,Augmentation,False
z_51.0_-12.0,2025,2,2025-S2,Augmentation,51.1,51.1,8.3,40.6,Stable,False
z_51.0_-13.5,2023,1,2023-S1,Stable,96.8,1.1,2.0,96.8,Stable,True
z_51.0_-13.5,2023,2,2023-S2,Stable,80.4,17.2,2.5,80.4,Stable,True
z_51.0_-13.5,2024,1,2024-S1,Stable,97.4,1.5,1.1,97.4,Stable,True
z_51.0_-13.5,2024,2,2024-S2,Stable,85.4,12.1,2.6,85.4,Stable,True
z_51.0_-13.5,2025,1,2025-S1,Stable,83.0,15.4,1.5,83.0,Stable,True
z_51.0_-13.5,2025,2,2025-S2,Stable,75.8,20.7,3.5,75.8,Stable,True
z_51.0_-15.0,2023,1,2023-S1,Stable,78.3,19.4,2.3,78.3,Stable,True
z_51.0_-15.0,2023,2,2023-S2,Stable,73.9,24.2,1.9,73.9,Stable,True
z_51.0_-15.0,2024,1,2024-S1,Stable,93.8,3.3,3.0,93.8,Stable,True
z_51.0_-15.0,2024,2,2024-S2,Stable,94.1,4.1,1.8,94.1,Stable,True
z_51.0_-15.0,2025,1,2025-S1,Stable,84.2,13.9,1.9,84.2,Stable,True
z_51.0_-15.0,2025,2,2025-S2,Stable,64.1,28.7,7.2,64.1,Stable,True
z_51.0_-16.5,2023,1,2023-S1,Stable,98.0,0.6,1.4,98.0,Stable,True
z_51.0_-16.5,2023,2,2023-S2,Stable,80.4,16.4,3.2,80.4,Stable,True
z_51.0_-16.5,2024,1,2024-S1,Stable,95.3,3.1,1.6,95.3,Stable,True
z_51.0_-16.5,2024,2,2024-S2,Stable,98.0,1.0,1.0,98.0,Stable,True
z_51.0_-16.5,2025,1,2025-S1,Stable,98.2,0.3,1.5,98.2,Stable,True
z_51.0_-16.5,2025,2,2025-S2,Stable,97.2,1.1,1.7,97.2,Stable,True
z_51.0_-4.5,2023,1,2023-S1,Diminution,80.6,8.7,80.6,10.7,Diminution,True
z_51.0_-4.5,2023,2,2023-S2,Diminution,75.3,13.8,75.3,10.9,Diminution,True
z_51.0_-4.5,2024,1,2024-S1,Diminution,73.6,4.7,73.6,21.7,Diminution,True
z_51.0_-4.5,2024,2,2024-S2,Diminution,73.0,9.7,73.0,17.3,Diminution,True
z_51.0_-4.5,2025,1,2025-S1,Diminution,81.9,6.8,81.9,11.3,Diminution,True
z_51.0_-4.5,2025,2,2025-S2,Diminution,68.2,11.5,68.2,20.2,Diminution,True
z_51.0_-6.0,2023,1,2023-S1,Diminution,74.0,17.3,74.0,8.7,Diminution,True
z_51.0_-6.0,2023,2,2023-S2,Diminution,75.4,16.6,75.4,8.0,Diminution,True
z_51.0_-6.0,2024,1,2024-S1,Diminution,71.4,17.1,71.4,11.5,Diminution,True
z_51.0_-6.0,2024,2,2024-S2,Diminution,71.5,19.3,71.5,9.1,Diminution,True
z_51.0_-6.0,2025,1,2025-S1,Diminution,72.2,17.9,72.2,9.9,Diminution,True
z_51.0_-6.0,2025,2,2025-S2,Diminution,68.7,18.6,68.7,12.6,Diminution,True
z_51.0_-7.5,2023,1,2023-S1,Diminution,51.3,32.7,51.3,16.0,Augmentation,False
z_51.0_-7.5,2023,2,2023-S2,Augmentation,52.2,52.2,29.9,17.9,Augmentation,True
z_51.0_-7.5,2024,1,2024-S1,Augmentation,61.1,61.1,23.0,15.9,Stable,False
z_51.0_-7.5,2024,2,2024-S2,Augmentation,60.8,60.8,22.3,16.9,Augmentation,True
z_51.0_-7.5,2025,1,2025-S1,Augmentation,57.1,57.1,31.1,11.7,Stable,False
z_51.0_-7.5,2025,2,2025-S2,Augmentation,53.8,53.8,29.3,16.9,Diminution,False
z_51.0_-9.0,2023,1,2023-S1,Augmentation,61.2,61.2,13.0,25.8,Stable,False
z_51.0_-9.0,2023,2,2023-S2,Augmentation,57.5,57.5,11.5,31.1,Stable,False
z_51.0_-9.0,2024,1,2024-S1,Augmentation,59.4,59.4,13.2,27.4,Stable,False
z_51.0_-9.0,2024,2,2024-S2,Augmentation,54.4,54.4,12.8,32.8,Stable,False
z_51.0_-9.0,2025,1,2025-S1,Augmentation,52.9,52.9,8.8,38.3,Stable,False
z_51.0_-9.0,2025,2,2025-S2,Augmentation,48.2,48.2,9.5,42.3,Stable,False
z_51.0_0.0,2023,1,2023-S1,Diminution,78.3,14.9,78.3,6.8,Diminution,True
z_51.0_0.0,2023,2,2023-S2,Diminution,67.6,20.9,67.6,11.5,Diminution,True
z_51.0_0.0,2024,1,2024-S1,Diminution,56.9,34.1,56.9,9.0,Diminution,True
z_51.0_0.0,2024,2,2024-S2,Augmentation,50.6,50.6,42.7,6.6,Diminution,False
z_51.0_0.0,2025,1,2025-S1,Diminution,46.4,43.6,46.4,10.0,Diminution,True
z_51.0_0.0,2025,2,2025-S2,Diminution,75.9,18.4,75.9,5.6,Diminution,True
z_51.0_1.5,2023,1,2023-S1,Diminution,50.3,46.0,50.3,3.7,Diminution,True
z_51.0_1.5,2023,2,2023-S2,Diminution,49.7,45.2,49.7,5.1,Diminution,True
z_51.0_1.5,2024,1,2024-S1,Augmentation,60.0,60.0,37.2,2.8,Diminution,False
z_51.0_1.5,2024,2,2024-S2,Augmentation,52.5,52.5,44.3,3.2,Augmentation,True
z_51.0_1.5,2025,1,2025-S1,Augmentation,60.9,60.9,35.7,3.4,Diminution,False
z_51.0_1.5,2025,2,2025-S2,Augmentation,58.5,58.5,38.3,3.2,Diminution,False
z_51.0_3.0,2023,1,2023-S1,Augmentation,91.2,91.2,6.3,2.5,Augmentation,True
z_51.0_3.0,2023,2,2023-S2,Augmentation,84.7,84.7,13.7,1.6,Stable,False
z_51.0_3.0,2024,1,2024-S1,Augmentation,81.1,81.1,17.4,1.4,Augmentation,True
z_51.0_3.0,2024,2,2024-S2,Augmentation,91.1,91.1,7.1,1.8,Augmentation,True
z_51.0_3.0,2025,1,2025-S1,Augmentation,90.8,90.8,7.2,2.0,Augmentation,True
z_51.0_3.0,2025,2,2025-S2,Augmentation,86.4,86.4,12.5,1.1,Diminution,False
z_52.5_-1.5,2023,1,2023-S1,Diminution,70.3,20.4,70.3,9.3,Diminution,True
z_52.5_-1.5,2023,2,2023-S2,Diminution,62.3,26.7,62.3,10.9,Diminution,True
z_52.5_-1.5,2024,1,2024-S1,Diminution,53.4,32.5,53.4,14.2,Diminution,True
z_52.5_-1.5,2024,2,2024-S2,Diminution,52.7,32.7,52.7,14.7,Diminution,True
z_52.5_-1.5,2025,1,2025-S1,Diminution,51.8,29.3,51.8,19.0,Diminution,True
z_52.5_-1.5,2025,2,2025-S2,Diminution,55.5,32.4,55.5,12.1,Diminution,True
z_52.5_-10.5,2023,1,2023-S1,Stable,59.9,36.7,3.4,59.9,Stable,True
z_52.5_-10.5,2023,2,2023-S2,Stable,75.9,18.8,5.3,75.9,Stable,True
z_52.5_-10.5,2024,1,2024-S1,Stable,70.3,25.5,4.2,70.3,Stable,True
z_52.5_-10.5,2024,2,2024-S2,Stable,78.0,19.0,3.0,78.0,Stable,True
z_52.5_-10.5,2025,1,2025-S1,Stable,67.8,29.5,2.7,67.8,Augmentation,False
z_52.5_-10.5,2025,2,2025-S2,Augmentation,47.9,47.9,5.7,46.4,Stable,False
z_52.5_-12.0,2023,1,2023-S1,Stable,78.7,18.7,2.7,78.7,Stable,True
z_52.5_-12.0,2023,2,2023-S2,Stable,83.6,13.5,2.9,83.6,Stable,True
z_52.5_-12.0,2024,1,2024-S1,Stable,96.3,1.7,2.0,96.3,Stable,True
z_52.5_-12.0,2024,2,2024-S2,Stable,95.2,2.2,2.6,95.2,Stable,True
z_52.5_-12.0,2025,1,2025-S1,Stable,80.7,17.7,1.6,80.7,Stable,True
z_52.5_-12.0,2025,2,2025-S2,Stable,96.2,1.0,2.8,96.2,Stable,True
z_52.5_-13.5,2023,1,2023-S1,Stable,85.2,4.6,10.2,85.2,Stable,True
z_52.5_-13.5,2023,2,2023-S2,Stable,96.1,0.9,3.0,96.1,Stable,True
z_52.5_-13.5,2024,1,2024-S1,Stable,87.6,1.3,11.1,87.6,Stable,True
z_52.5_-13.5,2024,2,2024-S2,Stable,91.1,5.1,3.8,91.1,Stable,True
z_52.5_-13.5,2025,1,2025-S1,Stable,97.0,0.8,2.2,97.0,Stable,True
z_52.5_-13.5,2025,2,2025-S2,Stable,85.4,11.8,2.8,85.4,Stable,True
z_52.5_-15.0,2023,1,2023-S1,Stable,93.2,4.0,2.8,93.2,Stable,True
z_52.5_-15.0,2023,2,2023-S2,Stable,95.1,1.6,3.2,95.1,Stable,True
z_52.5_-15.0,2024,1,2024-S1,Stable,95.9,1.4,2.6,95.9,Stable,True
z_52.5_-15.0,2024,2,2024-S2,Stable,96.4,0.6,3.0,96.4,Stable,True
z_52.5_-15.0,2025,1,2025-S1,Stable,95.9,1.4,2.6,95.9,Stable,True
z_52.5_-15.0,2025,2,2025-S2,Stable,96.1,1.9,2.0,96.1,Stable,True
z_52.5_-4.5,2023,1,2023-S1,Diminution,69.0,17.6,69.0,13.4,Diminution,True
z_52.5_-4.5,2023,2,2023-S2,Diminution,64.6,21.6,64.6,13.8,Diminution,True
z_52.5_-4.5,2024,1,2024-S1,Diminution,63.8,22.6,63.8,13.7,Diminution,True
z_52.5_-4.5,2024,2,2024-S2,Diminution,61.8,22.2,61.8,16.0,Diminution,True
z_52.5_-4.5,2025,1,2025-S1,Diminution,63.4,21.2,63.4,15.3,Diminution,True
z_52.5_-4.5,2025,2,2025-S2,Diminution,62.3,22.7,62.3,14.9,Diminution,True
z_52.5_-6.0,2023,1,2023-S1,Augmentation,48.9,48.9,33.4,17.8,Stable,False
z_52.5_-6.0,2023,2,2023-S2,Diminution,51.0,37.3,51.0,11.8,Diminution,True
z_52.5_-6.0,2024,1,2024-S1,Augmentation,46.8,46.8,39.0,14.2,Stable,False
z_52.5_-6.0,2024,2,2024-S2,Diminution,53.8,35.7,53.8,10.5,Augmentation,False
z_52.5_-6.0,2025,1,2025-S1,Augmentation,64.3,64.3,19.5,16.2,Stable,False
z_52.5_-6.0,2025,2,2025-S2,Augmentation,52.7,52.7,35.2,12.1,Diminution,False
z_52.5_-7.5,2023,1,2023-S1,Augmentation,50.9,50.9,31.4,17.7,Stable,False
z_52.5_-7.5,2023,2,2023-S2,Augmentation,37.5,37.5,34.7,27.8,Stable,False
z_52.5_-7.5,2024,1,2024-S1,Augmentation,53.1,53.1,30.9,16.0,Augmentation,True
z_52.5_-7.5,2024,2,2024-S2,Augmentation,55.7,55.7,26.6,17.8,Stable,False
z_52.5_-7.5,2025,1,2025-S1,Augmentation,53.3,53.3,29.5,17.1,Stable,False
z_52.5_-7.5,2025,2,2025-S2,Augmentation,55.7,55.7,27.8,16.5,Stable,False
z_52.5_0.0,2023,1,2023-S1,Diminution,65.4,18.8,65.4,15.8,Diminution,True
z_52.5_0.0,2023,2,2023-S2,Diminution,57.0,23.3,57.0,19.7,Diminution,True
z_52.5_0.0,2024,1,2024-S1,Diminution,63.2,17.0,63.2,19.8,Diminution,True
z_52.5_0.0,2024,2,2024-S2,Diminution,57.6,19.8,57.6,22.6,Diminution,True
z_52.5_0.0,2025,1,2025-S1,Diminution,58.6,21.8,58.6,19.5,Diminution,True
z_52.5_0.0,2025,2,2025-S2,Diminution,61.4,23.8,61.4,14.8,Diminution,True
z_52.5_1.5,2023,1,2023-S1,Diminution,67.8,19.7,67.8,12.5,Diminution,True
z_52.5_1.5,2023,2,2023-S2,Diminution,74.8,12.7,74.8,12.5,Diminution,True
z_52.5_1.5,2024,1,2024-S1,Diminution,80.1,5.3,80.1,14.6,Diminution,True
z_52.5_1.5,2024,2,2024-S2,Diminution,73.3,13.2,73.3,13.5,Diminution,True
z_52.5_1.5,2025,1,2025-S1,Diminution,74.9,8.0,74.9,17.1,Diminution,True
z_52.5_1.5,2025,2,2025-S2,Diminution,58.8,13.6,58.8,27.5,Diminution,True
z_52.5_13.5,2023,1,2023-S1,Augmentation,48.4,48.4,40.4,11.1,Augmentation,True
z_52.5_13.5,2023,2,2023-S2,Augmentation,59.7,59.7,32.8,7.5,Stable,False
z_52.5_13.5,2024,1,2024-S1,Augmentation,57.1,57.1,33.2,9.8,Augmentation,True
z_52.5_13.5,2024,2,2024-S2,Augmentation,60.0,60.0,30.7,9.3,Diminution,False
z_52.5_13.5,2025,1,2025-S1,Augmentation,52.2,52.2,37.0,10.8,Augmentation,True
z_52.5_13.5,2025,2,2025-S2,Augmentation,52.3,52.3,39.5,8.2,Diminution,False
z_52.5_3.0,2023,1,2023-S1,Diminution,61.3,28.2,61.3,10.4,Augmentation,False
z_52.5_3.0,2023,2,2023-S2,Augmentation,52.6,52.6,27.8,19.7,Diminution,False
z_52.5_3.0,2024,1,2024-S1,Augmentation,45.1,45.1,34.6,20.3,Diminution,False
z_52.5_3.0,2024,2,2024-S2,Diminution,43.8,40.7,43.8,15.4,Diminution,True
z_52.5_3.0,2025,1,2025-S1,Diminution,60.6,26.0,60.6,13.3,Diminution,True
z_52.5_3.0,2025,2,2025-S2,Diminution,56.0,26.7,56.0,17.3,Diminution,True
z_52.5_4.5,2023,1,2023-S1,Diminution,49.8,45.2,49.8,5.0,Augmentation,False
z_52.5_4.5,2023,2,2023-S2,Diminution,47.8,47.0,47.8,5.2,Stable,False
z_52.5_4.5,2024,1,2024-S1,Augmentation,48.8,48.8,46.8,4.4,Diminution,False
z_52.5_4.5,2024,2,2024-S2,Diminution,54.5,41.1,54.5,4.4,Diminution,True
z_52.5_4.5,2025,1,2025-S1,Diminution,51.2,44.2,51.2,4.6,Stable,False
z_52.5_4.5,2025,2,2025-S2,Diminution,50.2,45.1,50.2,4.7,Diminution,True
z_52.5_6.0,2023,1,2023-S1,Diminution,47.8,47.6,47.8,4.6,Augmentation,False
z_52.5_6.0,2023,2,2023-S2,Augmentation,57.5,57.5,38.6,3.9,Augmentation,True
z_52.5_6.0,2024,1,2024-S1,Augmentation,70.4,70.4,26.5,3.2,Augmentation,True
z_52.5_6.0,2024,2,2024-S2,Augmentation,78.6,78.6,18.5,2.8,Diminution,False
z_52.5_6.0,2025,1,2025-S1,Augmentation,70.5,70.5,26.4,3.1,Augmentation,True
z_52.5_6.0,2025,2,2025-S2,Augmentation,61.3,61.3,34.1,4.5,Diminution,False
z_52.5_7.5,2023,1,2023-S1,Augmentation,57.6,57.6,38.7,3.7,Stable,False
z_52.5_7.5,2023,2,2023-S2,Augmentation,51.3,51.3,44.8,3.9,Augmentation,True
z_52.5_7.5,2024,1,2024-S1,Augmentation,65.7,65.7,31.2,3.2,Diminution,False
z_52.5_7.5,2024,2,2024-S2,Augmentation,70.3,70.3,27.0,2.7,Diminution,False
z_52.5_7.5,2025,1,2025-S1,Augmentation,58.4,58.4,37.9,3.7,Augmentation,True
z_52.5_7.5,2025,2,2025-S2,Augmentation,75.8,75.8,21.5,2.7,Diminution,False
z_52.5_9.0,2023,1,2023-S1,Augmentation,95.9,95.9,2.8,1.3,Stable,False
z_52.5_9.0,2023,2,2023-S2,Augmentation,94.5,94.5,3.3,2.2,Stable,False
z_52.5_9.0,2024,1,2024-S1,Augmentation,89.0,89.0,9.2,1.8,Diminution,False
z_52.5_9.0,2024,2,2024-S2,Augmentation,80.8,80.8,16.7,2.5,Stable,False
z_52.5_9.0,2025,1,2025-S1,Augmentation,78.6,78.6,18.9,2.5,Diminution,False
z_52.5_9.0,2025,2,2025-S2,Augmentation,83.5,83.5,14.6,1.9,Diminution,False
z_54.0_-1.5,2023,1,2023-S1,Diminution,72.7,12.0,72.7,15.3,Diminution,True
z_54.0_-1.5,2023,2,2023-S2,Diminution,64.6,18.7,64.6,16.7,Diminution,True
z_54.0_-1.5,2024,1,2024-S1,Diminution,68.8,13.1,68.8,18.0,Diminution,True
z_54.0_-1.5,2024,2,2024-S2,Diminution,75.6,10.3,75.6,14.1,Diminution,True
z_54.0_-1.5,2025,1,2025-S1,Diminution,59.0,18.6,59.0,22.4,Diminution,True
z_54.0_-1.5,2025,2,2025-S2,Diminution,77.8,9.7,77.8,12.4,Diminution,True
z_54.0_-10.5,2023,1,2023-S1,Stable,98.0,0.1,1.9,98.0,Stable,True
z_54.0_-10.5,2023,2,2023-S2,Stable,97.5,0.8,1.7,97.5,Stable,True
z_54.0_-10.5,2024,1,2024-S1,Stable,96.3,1.4,2.4,96.3,Stable,True
z_54.0_-10.5,2024,2,2024-S2,Stable,92.4,4.9,2.7,92.4,Stable,True
z_54.0_-10.5,2025,1,2025-S1,Stable,97.1,1.6,1.4,97.1,Stable,True
z_54.0_-10.5,2025,2,2025-S2,Stable,75.0,21.5,3.5,75.0,Stable,True
z_54.0_-16.5,2023,1,2023-S1,Stable,98.9,0.1,1.0,98.9,Stable,True
z_54.0_-16.5,2024,1,2024-S1,Stable,98.9,0.1,1.0,98.9,Stable,True
z_54.0_-16.5,2025,1,2025-S1,Stable,98.2,0.7,1.1,98.2,Stable,True
z_54.0_-4.5,2023,1,2023-S1,Diminution,72.6,16.3,72.6,11.1,Diminution,True
z_54.0_-4.5,2023,2,2023-S2,Diminution,66.7,16.8,66.7,16.4,Diminution,True
z_54.0_-4.5,2024,1,2024-S1,Diminution,75.8,10.8,75.8,13.4,Augmentation,False
z_54.0_-4.5,2024,2,2024-S2,Diminution,61.5,19.2,61.5,19.3,Diminution,True
z_54.0_-4.5,2025,1,2025-S1,Diminution,51.5,28.5,51.5,20.0,Diminution,True
z_54.0_-4.5,2025,2,2025-S2,Diminution,64.1,20.9,64.1,15.0,Diminution,True
z_54.0_-6.0,2023,1,2023-S1,Diminution,79.0,10.1,79.0,10.8,Diminution,True
z_54.0_-6.0,2023,2,2023-S2,Diminution,75.3,11.2,75.3,13.6,Diminution,True
z_54.0_-6.0,2024,1,2024-S1,Diminution,70.0,12.4,70.0,17.6,Diminution,True
z_54.0_-6.0,2024,2,2024-S2,Diminution,70.7,10.4,70.7,18.9,Diminution,True
z_54.0_-6.0,2025,1,2025-S1,Diminution,76.4,5.7,76.4,17.9,Diminution,True
z_54.0_-6.0,2025,2,2025-S2,Diminution,72.5,9.5,72.5,17.9,Diminution,True
z_54.0_-7.5,2023,1,2023-S1,Diminution,75.6,7.8,75.6,16.6,Diminution,True
z_54.0_-7.5,2023,2,2023-S2,Diminution,79.8,7.3,79.8,12.9,Stable,False
z_54.0_-7.5,2024,1,2024-S1,Diminution,73.6,8.6,73.6,17.7,Stable,False
z_54.0_-7.5,2024,2,2024-S2,Diminution,77.2,6.6,77.2,16.2,Augmentation,False
z_54.0_-7.5,2025,1,2025-S1,Diminution,51.5,19.1,51.5,29.5,Diminution,True
z_54.0_-7.5,2025,2,2025-S2,Diminution,62.1,17.9,62.1,20.0,Diminution,True
z_54.0_-9.0,2023,1,2023-S1,Stable,95.5,2.3,2.2,95.5,Stable,True
z_54.0_-9.0,2023,2,2023-S2,Stable,71.2,26.2,2.6,71.2,Stable,True
z_54.0_-9.0,2024,1,2024-S1,Stable,91.6,6.2,2.2,91.6,Stable,True
z_54.0_-9.0,2024,2,2024-S2,Stable,82.9,14.7,2.3,82.9,Stable,True
z_54.0_-9.0,2025,1,2025-S1,Stable,86.1,11.6,2.3,86.1,Stable,True
z_54.0_-9.0,2025,2,2025-S2,Stable,77.3,20.4,2.4,77.3,Stable,True
z_54.0_0.0,2023,1,2023-S1,Diminution,74.0,7.7,74.0,18.3,Stable,False
z_54.0_0.0,2023,2,2023-S2,Diminution,65.8,13.9,65.8,20.2,Stable,False
z_54.0_0.0,2024,1,2024-S1,Diminution,76.4,5.4,76.4,18.2,Diminution,True
z_54.0_0.0,2024,2,2024-S2,Diminution,72.0,6.7,72.0,21.4,Stable,False
z_54.0_0.0,2025,1,2025-S1,Diminution,71.6,3.8,71.6,24.6,Stable,False
z_54.0_0.0,2025,2,2025-S2,Diminution,57.8,17.2,57.8,24.9,Stable,False
z_54.0_1.5,2023,1,2023-S1,Stable,74.5,21.8,3.7,74.5,Diminution,False
z_54.0_1.5,2023,2,2023-S2,Diminution,83.4,4.7,83.4,11.9,Stable,False
z_54.0_1.5,2024,1,2024-S1,Stable,53.1,39.6,7.3,53.1,Stable,True
z_54.0_1.5,2024,2,2024-S2,Diminution,80.5,5.1,80.5,14.4,Diminution,True
z_54.0_1.5,2025,1,2025-S1,Stable,79.5,13.2,7.3,79.5,Diminution,False
z_54.0_1.5,2025,2,2025-S2,Diminution,77.7,2.4,77.7,19.9,Stable,False
z_54.0_10.5,2023,1,2023-S1,Augmentation,76.0,76.0,21.6,2.4,Augmentation,True
z_54.0_10.5,2023,2,2023-S2,Augmentation,77.5,77.5,20.1,2.3,Augmentation,True
z_54.0_10.5,2024,1,2024-S1,Augmentation,74.1,74.1,23.6,2.4,Augmentation,True
z_54.0_10.5,2024,2,2024-S2,Augmentation,75.4,75.4,22.2,2.4,Diminution,False
z_54.0_10.5,2025,1,2025-S1,Augmentation,70.6,70.6,26.8,2.7,Augmentation,True
z_54.0_10.5,2025,2,2025-S2,Augmentation,58.1,58.1,37.7,4.2,Augmentation,True
z_54.0_12.0,2023,1,2023-S1,Augmentation,58.6,58.6,37.0,4.4,Augmentation,True
z_54.0_12.0,2023,2,2023-S2,Augmentation,63.2,63.2,33.6,3.2,Augmentation,True
z_54.0_12.0,2024,1,2024-S1,Augmentation,65.5,65.5,30.6,4.0,Augmentation,True
z_54.0_12.0,2024,2,2024-S2,Diminution,59.9,36.3,59.9,3.8,Augmentation,False
z_54.0_12.0,2025,1,2025-S1,Diminution,51.6,44.7,51.6,3.7,Augmentation,False
z_54.0_12.0,2025,2,2025-S2,Augmentation,51.0,51.0,45.5,3.5,Diminution,False
z_54.0_13.5,2023,1,2023-S1,Augmentation,74.7,74.7,21.6,3.7,Augmentation,True
z_54.0_13.5,2023,2,2023-S2,Augmentation,81.9,81.9,16.4,1.7,Augmentation,True
z_54.0_13.5,2024,1,2024-S1,Augmentation,82.9,82.9,15.2,1.9,Augmentation,True
z_54.0_13.5,2024,2,2024-S2,Augmentation,57.7,57.7,37.6,4.7,Augmentation,True
z_54.0_13.5,2025,1,2025-S1,Augmentation,57.0,57.0,38.4,4.6,Stable,False
z_54.0_13.5,2025,2,2025-S2,Augmentation,51.9,51.9,42.5,5.6,Diminution,False
z_54.0_15.0,2023,1,2023-S1,Augmentation,44.5,44.5,30.2,25.3,Stable,False
z_54.0_15.0,2023,2,2023-S2,Augmentation,46.2,46.2,30.4,23.5,Stable,False
z_54.0_15.0,2024,1,2024-S1,Diminution,47.6,27.6,47.6,24.8,Stable,False
z_54.0_15.0,2024,2,2024-S2,Diminution,43.7,29.9,43.7,26.4,Stable,False
z_54.0_15.0,2025,1,2025-S1,Diminution,48.9,27.4,48.9,23.8,Augmentation,False
z_54.0_15.0,2025,2,2025-S2,Diminution,39.3,34.9,39.3,25.8,Stable,False
z_54.0_16.5,2023,1,2023-S1,Diminution,74.0,7.7,74.0,18.3,Diminution,True
z_54.0_16.5,2023,2,2023-S2,Stable,67.8,26.4,5.9,67.8,Stable,True
z_54.0_16.5,2024,1,2024-S1,Diminution,78.1,6.0,78.1,15.9,Diminution,True
z_54.0_16.5,2024,2,2024-S2,Stable,61.0,33.8,5.2,61.0,Stable,True
z_54.0_16.5,2025,1,2025-S1,Diminution,70.4,8.6,70.4,21.0,Stable,False
z_54.0_16.5,2025,2,2025-S2,Stable,66.6,29.4,4.0,66.6,Stable,True
z_54.0_18.0,2023,1,2023-S1,Augmentation,67.6,67.6,27.2,5.2,Augmentation,True
z_54.0_18.0,2023,2,2023-S2,Augmentation,81.6,81.6,15.0,3.4,Augmentation,True
z_54.0_18.0,2024,1,2024-S1,Augmentation,75.0,75.0,21.8,3.2,Diminution,False
z_54.0_18.0,2024,2,2024-S2,Augmentation,50.2,50.2,42.2,7.6,Diminution,False
z_54.0_18.0,2025,1,2025-S1,Diminution,82.3,13.0,82.3,4.7,Augmentation,False
z_54.0_18.0,2025,2,2025-S2,Diminution,52.6,40.9,52.6,6.5,Diminution,True
z_54.0_3.0,2023,1,2023-S1,Stable,93.9,3.3,2.8,93.9,Stable,True
z_54.0_3.0,2023,2,2023-S2,Diminution,80.5,4.1,80.5,15.3,Stable,False
z_54.0_3.0,2024,1,2024-S1,Stable,83.1,14.4,2.5,83.1,Stable,True
z_54.0_3.0,2024,2,2024-S2,Diminution,80.0,5.0,80.0,15.0,Stable,False
z_54.0_3.0,2025,1,2025-S1,Stable,95.5,1.6,2.9,95.5,Stable,True
z_54.0_3.0,2025,2,2025-S2,Diminution,79.0,8.3,79.0,12.8,Stable,False
z_54.0_4.5,2023,1,2023-S1,Stable,59.6,35.6,4.8,59.6,Stable,True
z_54.0_4.5,2023,2,2023-S2,Stable,50.4,42.0,7.5,50.4,Stable,True
z_54.0_4.5,2024,1,2024-S1,Stable,52.5,42.1,5.4,52.5,Stable,True
z_54.0_4.5,2024,2,2024-S2,Stable,60.9,31.5,7.5,60.9,Stable,True
z_54.0_4.5,2025,1,2025-S1,Stable,75.2,21.1,3.7,75.2,Stable,True
z_54.0_4.5,2025,2,2025-S2,Stable,51.2,40.0,8.7,51.2,Stable,True
z_54.0_6.0,2023,1,2023-S1,Diminution,70.1,9.4,70.1,20.6,Stable,False
z_54.0_6.0,2023,2,2023-S2,Stable,46.1,43.5,10.4,46.1,Augmentation,False
z_54.0_6.0,2024,1,2024-S1,Diminution,57.9,16.4,57.9,25.7,Augmentation,False
z_54.0_6.0,2024,2,2024-S2,Augmentation,49.2,49.2,7.7,43.1,Augmentation,True
z_54.0_6.0,2025,1,2025-S1,Diminution,67.6,10.4,67.6,22.0,Stable,False
z_54.0_6.0,2025,2,2025-S2,Stable,57.0,35.3,7.6,57.0,Stable,True
z_54.0_7.5,2023,1,2023-S1,Augmentation,61.4,61.4,34.8,3.8,Diminution,False
z_54.0_7.5,2023,2,2023-S2,Augmentation,55.4,55.4,40.4,4.2,Augmentation,True
z_54.0_7.5,2024,1,2024-S1,Augmentation,52.6,52.6,43.9,3.6,Diminution,False
z_54.0_7.5,2024,2,2024-S2,Augmentation,51.2,51.2,44.5,4.3,Diminution,False
z_54.0_7.5,2025,1,2025-S1,Augmentation,52.6,52.6,44.0,3.4,Diminution,False
z_54.0_7.5,2025,2,2025-S2,Diminution,48.1,46.8,48.1,5.1,Diminution,True
z_54.0_9.0,2023,1,2023-S1,Augmentation,70.8,70.8,26.4,2.8,Augmentation,True
z_54.0_9.0,2023,2,2023-S2,Augmentation,58.2,58.2,38.9,2.9,Augmentation,True
z_54.0_9.0,2024,1,2024-S1,Augmentation,62.2,62.2,34.7,3.2,Augmentation,True
z_54.0_9.0,2024,2,2024-S2,Augmentation,57.6,57.6,38.7,3.7,Stable,False
z_54.0_9.0,2025,1,2025-S1,Augmentation,51.5,51.5,45.2,3.3,Stable,False
z_54.0_9.0,2025,2,2025-S2,Augmentation,56.2,56.2,40.0,3.7,Diminution,False
z_55.5_-10.5,2023,1,2023-S1,Stable,97.9,0.0,2.1,97.9,Stable,True
z_55.5_-10.5,2023,2,2023-S2,Stable,95.3,1.8,2.9,95.3,Stable,True
z_55.5_-10.5,2024,1,2024-S1,Stable,92.1,5.6,2.3,92.1,Stable,True
z_55.5_-10.5,2024,2,2024-S2,Stable,94.8,2.1,3.2,94.8,Stable,True
z_55.5_-10.5,2025,1,2025-S1,Stable,97.8,0.0,2.1,97.8,Stable,True
z_55.5_-10.5,2025,2,2025-S2,Stable,96.3,1.0,2.7,96.3,Stable,True
z_55.5_-15.0,2023,1,2023-S1,Stable,97.7,0.1,2.2,97.7,Stable,True
z_55.5_-15.0,2024,1,2024-S1,Stable,96.6,1.4,2.0,96.6,Stable,True
z_55.5_-15.0,2025,1,2025-S1,Stable,98.2,0.3,1.5,98.2,Stable,True
z_55.5_-3.0,2023,1,2023-S1,Diminution,71.5,9.4,71.5,19.0,Diminution,True
z_55.5_-3.0,2023,2,2023-S2,Diminution,72.2,9.0,72.2,18.9,Diminution,True
z_55.5_-3.0,2024,1,2024-S1,Diminution,71.1,7.7,71.1,21.1,Diminution,True
z_55.5_-3.0,2024,2,2024-S2,Diminution,76.2,7.3,76.2,16.5,Diminution,True
z_55.5_-3.0,2025,1,2025-S1,Diminution,72.0,9.1,72.0,18.9,Diminution,True
z_55.5_-3.0,2025,2,2025-S2,Diminution,75.5,6.4,75.5,18.1,Diminution,True
z_55.5_-4.5,2023,1,2023-S1,Diminution,65.8,5.3,65.8,28.9,Diminution,True
z_55.5_-4.5,2023,2,2023-S2,Diminution,67.1,9.8,67.1,23.0,Diminution,True
z_55.5_-4.5,2024,1,2024-S1,Diminution,67.9,6.4,67.9,25.7,Diminution,True
z_55.5_-4.5,2024,2,2024-S2,Diminution,73.8,4.0,73.8,22.2,Diminution,True
z_55.5_-4.5,2025,1,2025-S1,Diminution,74.4,4.7,74.4,20.9,Diminution,True
z_55.5_-4.5,2025,2,2025-S2,Diminution,70.2,5.8,70.2,24.0,Diminution,True
z_55.5_-6.0,2023,1,2023-S1,Diminution,76.7,9.5,76.7,13.7,Diminution,True
z_55.5_-6.0,2023,2,2023-S2,Diminution,62.9,17.5,62.9,19.6,Diminution,True
z_55.5_-6.0,2024,1,2024-S1,Diminution,76.5,6.3,76.5,17.2,Diminution,True
z_55.5_-6.0,2024,2,2024-S2,Diminution,69.6,7.9,69.6,22.5,Diminution,True
z_55.5_-6.0,2025,1,2025-S1,Diminution,78.9,4.6,78.9,16.6,Diminution,True
z_55.5_-6.0,2025,2,2025-S2,Diminution,57.5,18.4,57.5,24.1,Diminution,True
z_55.5_-7.5,2023,1,2023-S1,Diminution,76.3,8.4,76.3,15.3,Diminution,True
z_55.5_-7.5,2023,2,2023-S2,Diminution,78.2,3.8,78.2,18.0,Diminution,True
z_55.5_-7.5,2024,1,2024-S1,Diminution,77.5,4.5,77.5,18.0,Diminution,True
z_55.5_-7.5,2024,2,2024-S2,Diminution,79.1,4.4,79.1,16.4,Diminution,True
z_55.5_-7.5,2025,1,2025-S1,Diminution,75.0,5.3,75.0,19.7,Diminution,True
z_55.5_-7.5,2025,2,2025-S2,Diminution,80.2,4.0,80.2,15.7,Diminution,True
z_55.5_0.0,2023,1,2023-S1,Stable,91.1,6.3,2.6,91.1,Stable,True
z_55.5_0.0,2023,2,2023-S2,Diminution,79.1,4.2,79.1,16.6,Diminution,True
z_55.5_0.0,2024,1,2024-S1,Stable,95.6,2.2,2.2,95.6,Stable,True
z_55.5_0.0,2024,2,2024-S2,Diminution,79.1,4.2,79.1,16.6,Stable,False
z_55.5_0.0,2025,1,2025-S1,Stable,57.4,34.0,8.6,57.4,Stable,True
z_55.5_0.0,2025,2,2025-S2,Diminution,75.4,5.0,75.4,19.7,Diminution,True
z_55.5_1.5,2023,1,2023-S1,Stable,95.1,3.2,1.7,95.1,Stable,True
z_55.5_1.5,2023,2,2023-S2,Stable,76.1,21.4,2.5,76.1,Stable,True
z_55.5_1.5,2024,1,2024-S1,Stable,92.9,4.8,2.3,92.9,Stable,True
z_55.5_1.5,2024,2,2024-S2,Stable,92.1,5.1,2.8,92.1,Stable,True
z_55.5_1.5,2025,1,2025-S1,Stable,96.4,1.6,2.0,96.4,Stable,True
z_55.5_1.5,2025,2,2025-S2,Stable,88.1,9.8,2.1,88.1,Stable,True
z_55.5_10.5,2023,1,2023-S1,Diminution,63.1,30.4,63.1,6.4,Augmentation,False
z_55.5_10.5,2023,2,2023-S2,Diminution,49.5,43.7,49.5,6.8,Augmentation,False
z_55.5_10.5,2024,1,2024-S1,Augmentation,46.2,46.2,45.7,8.1,Diminution,False
z_55.5_10.5,2024,2,2024-S2,Diminution,51.8,40.7,51.8,7.5,Stable,False
z_55.5_10.5,2025,1,2025-S1,Diminution,58.6,36.3,58.6,5.1,Diminution,True
z_55.5_10.5,2025,2,2025-S2,Diminution,49.6,43.0,49.6,7.5,Diminution,True
z_55.5_12.0,2023,1,2023-S1,Diminution,47.9,46.5,47.9,5.6,Stable,False
z_55.5_12.0,2023,2,2023-S2,Augmentation,57.8,57.8,36.8,5.3,Augmentation,True
z_55.5_12.0,2024,1,2024-S1,Augmentation,65.8,65.8,28.2,6.0,Augmentation,True
z_55.5_12.0,2024,2,2024-S2,Augmentation,59.9,59.9,35.5,4.6,Augmentation,True
z_55.5_12.0,2025,1,2025-S1,Augmentation,58.0,58.0,37.7,4.3,Augmentation,True
z_55.5_12.0,2025,2,2025-S2,Augmentation,56.6,56.6,39.2,4.1,Stable,False
z_55.5_13.5,2023,1,2023-S1,Diminution,74.1,5.2,74.1,20.7,Stable,False
z_55.5_13.5,2023,2,2023-S2,Augmentation,51.8,51.8,1.5,46.7,Stable,False
z_55.5_13.5,2024,1,2024-S1,Diminution,70.7,7.1,70.7,22.2,Stable,False
z_55.5_13.5,2024,2,2024-S2,Stable,49.2,46.5,4.3,49.2,Stable,True
z_55.5_13.5,2025,1,2025-S1,Diminution,61.3,17.0,61.3,21.7,Stable,False
z_55.5_13.5,2025,2,2025-S2,Stable,55.1,39.9,5.0,55.1,Diminution,False
z_55.5_15.0,2023,1,2023-S1,Diminution,45.4,38.2,45.4,16.4,Diminution,True
z_55.5_15.0,2023,2,2023-S2,Diminution,62.2,23.8,62.2,14.0,Augmentation,False
z_55.5_15.0,2024,1,2024-S1,Augmentation,47.9,47.9,36.9,15.2,Stable,False
z_55.5_15.0,2024,2,2024-S2,Augmentation,43.6,43.6,34.0,22.4,Stable,False
z_55.5_15.0,2025,1,2025-S1,Diminution,51.3,30.6,51.3,18.1,Diminution,True
z_55.5_15.0,2025,2,2025-S2,Diminution,59.2,21.9,59.2,19.0,Stable,False
z_55.5_16.5,2023,1,2023-S1,Diminution,66.6,10.7,66.6,22.6,Stable,False
z_55.5_16.5,2023,2,2023-S2,Diminution,61.6,14.7,61.6,23.7,Stable,False
z_55.5_16.5,2024,1,2024-S1,Diminution,62.2,7.8,62.2,30.0,Stable,False
z_55.5_16.5,2024,2,2024-S2,Diminution,62.6,13.5,62.6,23.9,Stable,False
z_55.5_16.5,2025,1,2025-S1,Diminution,56.4,13.6,56.4,30.0,Diminution,True
z_55.5_16.5,2025,2,2025-S2,Diminution,65.3,13.4,65.3,21.2,Stable,False
z_55.5_18.0,2023,1,2023-S1,Stable,78.7,17.2,4.1,78.7,Stable,True
z_55.5_18.0,2023,2,2023-S2,Stable,85.6,11.6,2.8,85.6,Diminution,False
z_55.5_18.0,2024,1,2024-S1,Stable,91.8,4.5,3.7,91.8,Stable,True
z_55.5_18.0,2024,2,2024-S2,Stable,52.9,38.1,9.0,52.9,Stable,True
z_55.5_18.0,2025,1,2025-S1,Stable,69.5,27.5,3.0,69.5,Stable,True
z_55.5_18.0,2025,2,2025-S2,Stable,79.7,9.5,10.8,79.7,Diminution,False
z_55.5_19.5,2023,1,2023-S1,Diminution,46.2,29.2,46.2,24.6,Diminution,True
z_55.5_19.5,2023,2,2023-S2,Stable,52.7,37.7,9.6,52.7,Diminution,False
z_55.5_19.5,2024,1,2024-S1,Diminution,71.9,9.7,71.9,18.4,Stable,False
z_55.5_19.5,2024,2,2024-S2,Stable,53.4,42.2,4.4,53.4,Stable,True
z_55.5_19.5,2025,1,2025-S1,Diminution,57.6,14.9,57.6,27.6,Stable,False
z_55.5_19.5,2025,2,2025-S2,Stable,50.3,43.1,6.6,50.3,Diminution,False
z_55.5_21.0,2023,1,2023-S1,Augmentation,68.1,68.1,27.8,4.0,Augmentation,True
z_55.5_21.0,2023,2,2023-S2,Augmentation,73.1,73.1,20.7,6.2,Augmentation,True
z_55.5_21.0,2024,1,2024-S1,Augmentation,53.4,53.4,40.7,5.9,Stable,False
z_55.5_21.0,2024,2,2024-S2,Augmentation,47.0,47.0,43.0,10.0,Augmentation,True
z_55.5_21.0,2025,1,2025-S1,Diminution,49.2,44.0,49.2,6.8,Stable,False
z_55.5_21.0,2025,2,2025-S2,Augmentation,54.0,54.0,35.0,10.9,Diminution,False
z_55.5_3.0,2023,1,2023-S1,Diminution,67.8,10.5,67.8,21.7,Diminution,True
z_55.5_3.0,2023,2,2023-S2,Diminution,75.9,7.8,75.9,16.3,Stable,False
z_55.5_3.0,2024,1,2024-S1,Diminution,71.9,4.6,71.9,23.6,Diminution,True
z_55.5_3.0,2024,2,2024-S2,Diminution,81.3,5.3,81.3,13.4,Stable,False
z_55.5_3.0,2025,1,2025-S1,Diminution,69.7,8.1,69.7,22.2,Diminution,True
z_55.5_3.0,2025,2,2025-S2,Diminution,85.8,1.6,85.8,12.6,Diminution,True
z_55.5_4.5,2023,1,2023-S1,Diminution,78.8,3.9,78.8,17.3,Stable,False
z_55.5_4.5,2023,2,2023-S2,Stable,94.6,2.9,2.4,94.6,Stable,True
z_55.5_4.5,2024,1,2024-S1,Diminution,79.5,4.9,79.5,15.6,Stable,False
z_55.5_4.5,2024,2,2024-S2,Stable,63.7,33.0,3.3,63.7,Stable,True
z_55.5_4.5,2025,1,2025-S1,Diminution,80.7,3.1,80.7,16.2,Stable,False
z_55.5_4.5,2025,2,2025-S2,Stable,77.0,20.3,2.8,77.0,Stable,True
z_55.5_6.0,2023,1,2023-S1,Augmentation,49.3,49.3,4.3,46.4,Augmentation,True
z_55.5_6.0,2023,2,2023-S2,Augmentation,49.7,49.7,8.0,42.3,Stable,False
z_55.5_6.0,2024,1,2024-S1,Augmentation,54.7,54.7,8.2,37.1,Stable,False
z_55.5_6.0,2024,2,2024-S2,Stable,49.3,40.1,10.6,49.3,Stable,True
z_55.5_6.0,2025,1,2025-S1,Augmentation,48.7,48.7,8.4,42.9,Stable,False
z_55.5_6.0,2025,2,2025-S2,Augmentation,60.2,60.2,12.7,27.1,Stable,False
z_55.5_7.5,2023,1,2023-S1,Augmentation,72.1,72.1,15.9,12.0,Stable,False
z_55.5_7.5,2023,2,2023-S2,Augmentation,65.4,65.4,22.5,12.1,Stable,False
z_55.5_7.5,2024,1,2024-S1,Augmentation,56.3,56.3,33.1,10.6,Augmentation,True
z_55.5_7.5,2024,2,2024-S2,Augmentation,80.0,80.0,12.2,7.8,Stable,False
z_55.5_7.5,2025,1,2025-S1,Augmentation,69.1,69.1,18.6,12.3,Diminution,False
z_55.5_7.5,2025,2,2025-S2,Augmentation,53.7,53.7,36.7,9.7,Diminution,False
z_55.5_9.0,2023,1,2023-S1,Augmentation,52.8,52.8,35.6,11.7,Augmentation,True
z_55.5_9.0,2023,2,2023-S2,Augmentation,71.3,71.3,21.1,7.6,Diminution,False
z_55.5_9.0,2024,1,2024-S1,Diminution,45.7,42.2,45.7,12.1,Augmentation,False
z_55.5_9.0,2024,2,2024-S2,Diminution,45.4,44.5,45.4,10.1,Diminution,True
z_55.5_9.0,2025,1,2025-S1,Augmentation,46.3,46.3,38.6,15.1,Stable,False
z_55.5_9.0,2025,2,2025-S2,Diminution,60.8,28.9,60.8,10.3,Augmentation,False
z_57.0_-1.5,2023,1,2023-S1,Diminution,70.1,7.1,70.1,22.8,Diminution,True
z_57.0_-1.5,2023,2,2023-S2,Diminution,73.5,5.1,73.5,21.4,Diminution,True
z_57.0_-1.5,2024,1,2024-S1,Diminution,71.7,5.9,71.7,22.4,Diminution,True
z_57.0_-1.5,2024,2,2024-S2,Diminution,76.3,5.1,76.3,18.6,Diminution,True
z_57.0_-1.5,2025,1,2025-S1,Diminution,69.6,9.8,69.6,20.7,Diminution,True
z_57.0_-1.5,2025,2,2025-S2,Diminution,75.6,5.2,75.6,19.2,Stable,False
z_57.0_-10.5,2023,1,2023-S1,Stable,89.9,8.3,1.9,89.9,Stable,True
z_57.0_-10.5,2023,2,2023-S2,Stable,84.1,12.9,3.1,84.1,Stable,True
z_57.0_-10.5,2024,1,2024-S1,Stable,92.6,5.3,2.1,92.6,Stable,True
z_57.0_-10.5,2024,2,2024-S2,Stable,98.1,1.0,0.9,98.1,Stable,True
z_57.0_-10.5,2025,1,2025-S1,Stable,94.8,3.2,2.0,94.8,Stable,True
z_57.0_-10.5,2025,2,2025-S2,Stable,94.0,4.5,1.6,94.0,Stable,True
z_57.0_-3.0,2023,1,2023-S1,Diminution,74.2,11.2,74.2,14.6,Diminution,True
z_57.0_-3.0,2023,2,2023-S2,Diminution,69.2,10.9,69.2,19.9,Diminution,True
z_57.0_-3.0,2024,1,2024-S1,Diminution,70.8,8.4,70.8,20.7,Diminution,True
z_57.0_-3.0,2024,2,2024-S2,Diminution,54.4,21.9,54.4,23.6,Diminution,True
z_57.0_-3.0,2025,1,2025-S1,Diminution,61.5,16.4,61.5,22.1,Diminution,True
z_57.0_-3.0,2025,2,2025-S2,Diminution,68.6,11.1,68.6,20.3,Diminution,True
z_57.0_-4.5,2023,1,2023-S1,Stable,56.6,38.7,4.7,56.6,Stable,True
z_57.0_-4.5,2023,2,2023-S2,Diminution,75.7,5.7,75.7,18.6,Stable,False
z_57.0_-4.5,2024,1,2024-S1,Stable,85.0,10.9,4.0,85.0,Stable,True
z_57.0_-4.5,2024,2,2024-S2,Diminution,78.2,4.2,78.2,17.6,Diminution,True
z_57.0_-4.5,2025,1,2025-S1,Stable,88.5,8.4,3.1,88.5,Stable,True
z_57.0_-4.5,2025,2,2025-S2,Diminution,76.9,3.1,76.9,20.0,Diminution,True
z_57.0_-6.0,2023,1,2023-S1,Diminution,70.4,8.7,70.4,20.8,Diminution,True
z_57.0_-6.0,2023,2,2023-S2,Diminution,67.3,7.6,67.3,25.1,Diminution,True
z_57.0_-6.0,2024,1,2024-S1,Diminution,69.2,5.9,69.2,24.9,Diminution,True
z_57.0_-6.0,2024,2,2024-S2,Diminution,68.9,6.5,68.9,24.6,Diminution,True
z_57.0_-6.0,2025,1,2025-S1,Diminution,67.6,9.5,67.6,22.9,Diminution,True
z_57.0_-6.0,2025,2,2025-S2,Diminution,56.4,18.4,56.4,25.3,Diminution,True
z_57.0_-7.5,2023,1,2023-S1,Diminution,77.2,7.8,77.2,15.0,Diminution,True
z_57.0_-7.5,2023,2,2023-S2,Diminution,70.0,8.9,70.0,21.1,Diminution,True
z_57.0_-7.5,2024,1,2024-S1,Diminution,75.3,6.0,75.3,18.6,Diminution,True
z_57.0_-7.5,2024,2,2024-S2,Diminution,77.2,4.3,77.2,18.5,Diminution,True
z_57.0_-7.5,2025,1,2025-S1,Diminution,77.9,4.2,77.9,17.9,Diminution,True
z_57.0_-7.5,2025,2,2025-S2,Diminution,76.4,6.9,76.4,16.7,Diminution,True
z_57.0_-9.0,2023,1,2023-S1,Stable,94.9,1.4,3.8,94.9,Stable,True
z_57.0_-9.0,2023,2,2023-S2,Diminution,90.4,0.6,90.4,8.9,Diminution,True
z_57.0_-9.0,2024,1,2024-S1,Stable,95.7,1.2,3.1,95.7,Stable,True
z_57.0_-9.0,2024,2,2024-S2,Diminution,85.5,1.3,85.5,13.2,Diminution,True
z_57.0_-9.0,2025,1,2025-S1,Stable,88.3,8.9,2.8,88.3,Stable,True
z_57.0_-9.0,2025,2,2025-S2,Diminution,87.8,0.7,87.8,11.5,Diminution,True
z_57.0_0.0,2023,1,2023-S1,Stable,89.2,6.8,3.9,89.2,Diminution,False
z_57.0_0.0,2023,2,2023-S2,Diminution,80.8,3.5,80.8,15.7,Stable,False
z_57.0_0.0,2024,1,2024-S1,Stable,90.2,6.3,3.5,90.2,Diminution,False
z_57.0_0.0,2024,2,2024-S2,Diminution,80.8,3.5,80.8,15.7,Stable,False
z_57.0_0.0,2025,1,2025-S1,Stable,88.6,8.0,3.4,88.6,Diminution,False
z_57.0_0.0,2025,2,2025-S2,Diminution,81.7,2.9,81.7,15.5,Stable,False
z_57.0_10.5,2023,1,2023-S1,Augmentation,59.4,59.4,37.4,3.2,Augmentation,True
z_57.0_10.5,2023,2,2023-S2,Augmentation,63.6,63.6,33.5,2.9,Augmentation,True
z_57.0_10.5,2024,1,2024-S1,Augmentation,70.1,70.1,26.5,3.3,Augmentation,True
z_57.0_10.5,2024,2,2024-S2,Augmentation,56.9,56.9,39.9,3.2,Diminution,False
z_57.0_10.5,2025,1,2025-S1,Augmentation,65.8,65.8,31.0,3.1,Diminution,False
z_57.0_10.5,2025,2,2025-S2,Augmentation,59.5,59.5,37.1,3.4,Diminution,False
z_57.0_12.0,2023,1,2023-S1,Diminution,61.8,13.5,61.8,24.7,Stable,False
z_57.0_12.0,2023,2,2023-S2,Diminution,55.9,13.7,55.9,30.3,Stable,False
z_57.0_12.0,2024,1,2024-S1,Diminution,67.2,6.1,67.2,26.7,Stable,False
z_57.0_12.0,2024,2,2024-S2,Diminution,74.6,7.9,74.6,17.5,Stable,False
z_57.0_12.0,2025,1,2025-S1,Diminution,68.0,7.7,68.0,24.3,Diminution,True
z_57.0_12.0,2025,2,2025-S2,Diminution,78.5,4.1,78.5,17.4,Stable,False
z_57.0_16.5,2023,1,2023-S1,Diminution,58.0,9.3,58.0,32.7,Diminution,True
z_57.0_16.5,2023,2,2023-S2,Diminution,70.4,4.9,70.4,24.7,Stable,False
z_57.0_16.5,2024,1,2024-S1,Diminution,50.9,15.0,50.9,34.2,Stable,False
z_57.0_16.5,2024,2,2024-S2,Diminution,51.1,20.5,51.1,28.4,Diminution,True
z_57.0_16.5,2025,1,2025-S1,Diminution,72.2,6.6,72.2,21.2,Augmentation,False
z_57.0_16.5,2025,2,2025-S2,Diminution,47.7,27.6,47.7,24.7,Stable,False
z_57.0_18.0,2023,1,2023-S1,Augmentation,55.7,55.7,16.2,28.1,Stable,False
z_57.0_18.0,2023,2,2023-S2,Augmentation,67.6,67.6,7.2,25.2,Augmentation,True
z_57.0_18.0,2024,1,2024-S1,Augmentation,58.8,58.8,17.1,24.2,Stable,False
z_57.0_18.0,2024,2,2024-S2,Augmentation,58.8,58.8,12.6,28.5,Stable,False
z_57.0_18.0,2025,1,2025-S1,Augmentation,47.3,47.3,13.0,39.7,Stable,False
z_57.0_18.0,2025,2,2025-S2,Augmentation,47.6,47.6,10.3,42.1,Stable,False
z_57.0_19.5,2023,1,2023-S1,Stable,74.3,20.5,5.2,74.3,Stable,True
z_57.0_19.5,2023,2,2023-S2,Stable,87.8,4.9,7.2,87.8,Stable,True
z_57.0_19.5,2024,1,2024-S1,Stable,80.0,16.2,3.8,80.0,Stable,True
z_57.0_19.5,2024,2,2024-S2,Stable,61.4,32.6,6.0,61.4,Stable,True
z_57.0_19.5,2025,1,2025-S1,Stable,57.5,35.2,7.2,57.5,Stable,True
z_57.0_19.5,2025,2,2025-S2,Stable,84.9,12.4,2.7,84.9,Stable,True
z_57.0_21.0,2023,1,2023-S1,Diminution,75.9,5.5,75.9,18.6,Stable,False
z_57.0_21.0,2023,2,2023-S2,Stable,55.0,35.6,9.4,55.0,Diminution,False
z_57.0_21.0,2024,1,2024-S1,Diminution,72.4,6.2,72.4,21.4,Stable,False
z_57.0_21.0,2024,2,2024-S2,Stable,72.9,18.0,9.1,72.9,Diminution,False
z_57.0_21.0,2025,1,2025-S1,Diminution,68.2,7.8,68.2,24.0,Diminution,True
z_57.0_21.0,2025,2,2025-S2,Stable,89.7,3.1,7.2,89.7,Diminution,False
z_57.0_22.5,2023,1,2023-S1,Diminution,73.8,8.0,73.8,18.3,Stable,False
z_57.0_22.5,2023,2,2023-S2,Diminution,76.0,6.5,76.0,17.5,Augmentation,False
z_57.0_22.5,2024,1,2024-S1,Diminution,51.7,13.5,51.7,34.8,Stable,False
z_57.0_22.5,2024,2,2024-S2,Diminution,49.4,23.9,49.4,26.7,Stable,False
z_57.0_22.5,2025,1,2025-S1,Diminution,44.0,26.1,44.0,29.9,Stable,False
z_57.0_22.5,2025,2,2025-S2,Augmentation,38.1,38.1,37.3,24.5,Stable,False
z_57.0_24.0,2023,1,2023-S1,Diminution,59.7,14.6,59.7,25.7,Diminution,True
z_57.0_24.0,2023,2,2023-S2,Stable,71.7,18.1,10.1,71.7,Diminution,False
z_57.0_24.0,2024,1,2024-S1,Diminution,65.4,11.7,65.4,22.9,Diminution,True
z_57.0_24.0,2024,2,2024-S2,Stable,96.2,1.0,2.8,96.2,Stable,True
z_57.0_24.0,2025,1,2025-S1,Diminution,74.5,8.2,74.5,17.3,Stable,False
z_57.0_24.0,2025,2,2025-S2,Stable,95.0,2.9,2.1,95.0,Diminution,False
z_57.0_3.0,2023,1,2023-S1,Stable,85.3,12.3,2.4,85.3,Stable,True
z_57.0_3.0,2023,2,2023-S2,Stable,95.0,2.8,2.2,95.0,Stable,True
z_57.0_3.0,2024,1,2024-S1,Stable,95.8,1.2,3.0,95.8,Stable,True
z_57.0_3.0,2024,2,2024-S2,Stable,94.6,3.1,2.2,94.6,Stable,True
z_57.0_3.0,2025,1,2025-S1,Stable,59.3,34.0,6.7,59.3,Stable,True
z_57.0_3.0,2025,2,2025-S2,Stable,73.9,23.2,2.9,73.9,Stable,True
z_57.0_4.5,2023,1,2023-S1,Stable,67.3,30.4,2.3,67.3,Augmentation,False
z_57.0_4.5,2023,2,2023-S2,Diminution,42.9,24.9,42.9,32.2,Stable,False
z_57.0_4.5,2024,1,2024-S1,Augmentation,54.6,54.6,5.2,40.2,Stable,False
z_57.0_4.5,2024,2,2024-S2,Diminution,64.4,15.6,64.4,20.0,Stable,False
z_57.0_4.5,2025,1,2025-S1,Stable,47.9,46.9,5.3,47.9,Stable,True
z_57.0_4.5,2025,2,2025-S2,Diminution,58.7,18.8,58.7,22.5,Stable,False
z_57.0_6.0,2023,1,2023-S1,Stable,53.4,41.4,5.2,53.4,Stable,True
z_57.0_6.0,2023,2,2023-S2,Augmentation,49.7,49.7,6.2,44.1,Stable,False
z_57.0_6.0,2024,1,2024-S1,Stable,49.5,44.0,6.5,49.5,Stable,True
z_57.0_6.0,2024,2,2024-S2,Stable,49.3,46.1,4.6,49.3,Stable,True
z_57.0_6.0,2025,1,2025-S1,Stable,53.4,41.3,5.3,53.4,Stable,True
z_57.0_6.0,2025,2,2025-S2,Stable,54.1,39.3,6.7,54.1,Stable,True
z_57.0_7.5,2023,1,2023-S1,Diminution,51.0,36.8,51.0,12.2,Stable,False
z_57.0_7.5,2023,2,2023-S2,Augmentation,54.2,54.2,33.1,12.7,Stable,False
z_57.0_7.5,2024,1,2024-S1,Augmentation,49.7,49.7,34.5,15.8,Stable,False
z_57.0_7.5,2024,2,2024-S2,Augmentation,54.6,54.6,30.8,14.6,Stable,False
z_57.0_7.5,2025,1,2025-S1,Diminution,44.1,36.8,44.1,19.1,Stable,False
z_57.0_7.5,2025,2,2025-S2,Augmentation,56.1,56.1,28.6,15.2,Diminution,False
z_57.0_9.0,2023,1,2023-S1,Augmentation,61.3,61.3,26.3,12.3,Augmentation,True
z_57.0_9.0,2023,2,2023-S2,Augmentation,67.6,67.6,19.4,13.0,Stable,False
z_57.0_9.0,2024,1,2024-S1,Augmentation,55.5,55.5,28.1,16.4,Stable,False
z_57.0_9.0,2024,2,2024-S2,Diminution,42.5,37.0,42.5,20.5,Augmentation,False
z_57.0_9.0,2025,1,2025-S1,Augmentation,61.7,61.7,23.0,15.3,Stable,False
z_57.0_9.0,2025,2,2025-S2,Augmentation,53.4,53.4,25.8,20.8,Diminution,False
z_58.5_-1.5,2023,1,2023-S1,Diminution,73.8,7.6,73.8,18.6,Diminution,True
z_58.5_-1.5,2023,2,2023-S2,Diminution,78.4,3.8,78.4,17.7,Stable,False
z_58.5_-1.5,2024,1,2024-S1,Diminution,71.9,4.5,71.9,23.7,Stable,False
z_58.5_-1.5,2024,2,2024-S2,Diminution,68.1,8.9,68.1,23.0,Diminution,True
z_58.5_-1.5,2025,1,2025-S1,Diminution,72.5,6.1,72.5,21.4,Diminution,True
z_58.5_-1.5,2025,2,2025-S2,Diminution,71.6,4.9,71.6,23.6,Diminution,True
z_58.5_-10.5,2023,1,2023-S1,Stable,98.8,0.1,1.1,98.8,Stable,True
z_58.5_-10.5,2024,1,2024-S1,Stable,98.8,0.1,1.1,98.8,Stable,True
z_58.5_-10.5,2025,1,2025-S1,Stable,98.8,0.1,1.1,98.8,Stable,True
z_58.5_-3.0,2023,1,2023-S1,Diminution,74.7,5.4,74.7,19.8,Diminution,True
z_58.5_-3.0,2023,2,2023-S2,Diminution,69.3,7.0,69.3,23.6,Diminution,True
z_58.5_-3.0,2024,1,2024-S1,Diminution,77.6,3.5,77.6,18.9,Stable,False
z_58.5_-3.0,2024,2,2024-S2,Diminution,72.9,7.1,72.9,19.9,Diminution,True
z_58.5_-3.0,2025,1,2025-S1,Diminution,79.1,2.4,79.1,18.5,Diminution,True
z_58.5_-3.0,2025,2,2025-S2,Diminution,75.0,5.0,75.0,19.9,Diminution,True
z_58.5_-6.0,2023,1,2023-S1,Diminution,76.0,5.3,76.0,18.7,Diminution,True
z_58.5_-6.0,2023,2,2023-S2,Stable,89.2,7.3,3.5,89.2,Stable,True
z_58.5_-6.0,2024,1,2024-S1,Diminution,79.1,2.8,79.1,18.2,Diminution,True
z_58.5_-6.0,2024,2,2024-S2,Stable,90.9,5.5,3.6,90.9,Stable,True
z_58.5_-6.0,2025,1,2025-S1,Diminution,77.5,3.6,77.5,18.9,Stable,False
z_58.5_-6.0,2025,2,2025-S2,Stable,89.3,7.6,3.1,89.3,Stable,True
z_58.5_-9.0,2023,1,2023-S1,Stable,96.0,1.1,2.9,96.0,Stable,True
z_58.5_-9.0,2023,2,2023-S2,Stable,96.6,0.5,2.9,96.6,Stable,True
z_58.5_-9.0,2024,1,2024-S1,Stable,96.0,1.1,2.9,96.0,Stable,True
z_58.5_-9.0,2024,2,2024-S2,Stable,96.6,0.5,2.9,96.6,Stable,True
z_58.5_-9.0,2025,1,2025-S1,Stable,96.0,1.1,2.9,96.0,Stable,True
z_58.5_-9.0,2025,2,2025-S2,Stable,96.5,1.5,2.0,96.5,Stable,True
z_58.5_0.0,2023,1,2023-S1,Stable,60.8,35.9,3.4,60.8,Stable,True
z_58.5_0.0,2023,2,2023-S2,Diminution,77.1,5.4,77.1,17.6,Stable,False
z_58.5_0.0,2024,1,2024-S1,Stable,58.9,34.7,6.4,58.9,Stable,True
z_58.5_0.0,2024,2,2024-S2,Diminution,83.0,2.5,83.0,14.6,Stable,False
z_58.5_0.0,2025,1,2025-S1,Stable,68.8,24.7,6.5,68.8,Stable,True
z_58.5_0.0,2025,2,2025-S2,Diminution,74.1,2.3,74.1,23.5,Diminution,True
z_58.5_1.5,2023,1,2023-S1,Stable,63.7,31.2,5.1,63.7,Diminution,False
z_58.5_1.5,2023,2,2023-S2,Diminution,63.3,14.6,63.3,22.1,Stable,False
z_58.5_1.5,2024,1,2024-S1,Stable,73.6,22.4,4.0,73.6,Stable,True
z_58.5_1.5,2024,2,2024-S2,Diminution,75.7,6.9,75.7,17.4,Diminution,True
z_58.5_1.5,2025,1,2025-S1,Stable,70.3,25.2,4.4,70.3,Diminution,False
z_58.5_1.5,2025,2,2025-S2,Diminution,74.0,6.7,74.0,19.4,Stable,False
z_58.5_10.5,2023,1,2023-S1,Augmentation,64.0,64.0,26.0,10.1,Stable,False
z_58.5_10.5,2023,2,2023-S2,Augmentation,61.7,61.7,28.9,9.4,Augmentation,True
z_58.5_10.5,2024,1,2024-S1,Augmentation,54.7,54.7,37.7,7.6,Stable,False
z_58.5_10.5,2024,2,2024-S2,Augmentation,49.7,49.7,41.1,9.2,Diminution,False
z_58.5_10.5,2025,1,2025-S1,Diminution,62.8,29.3,62.8,8.0,Stable,False
z_58.5_10.5,2025,2,2025-S2,Diminution,50.6,40.5,50.6,8.9,Stable,False
z_58.5_15.0,2023,1,2023-S1,Augmentation,49.4,49.4,9.0,41.6,Diminution,False
z_58.5_15.0,2023,2,2023-S2,Diminution,70.2,8.8,70.2,21.0,Stable,False
z_58.5_15.0,2024,1,2024-S1,Stable,46.8,44.9,8.2,46.8,Stable,True
z_58.5_15.0,2024,2,2024-S2,Diminution,63.7,11.1,63.7,25.2,Diminution,True
z_58.5_15.0,2025,1,2025-S1,Stable,52.7,39.7,7.6,52.7,Augmentation,False
z_58.5_15.0,2025,2,2025-S2,Diminution,63.0,14.6,63.0,22.4,Diminution,True
z_58.5_16.5,2023,1,2023-S1,Augmentation,83.1,83.1,15.4,1.5,Diminution,False
z_58.5_16.5,2023,2,2023-S2,Augmentation,70.1,70.1,26.8,3.1,Stable,False
z_58.5_16.5,2024,1,2024-S1,Augmentation,51.3,51.3,41.9,6.7,Diminution,False
z_58.5_16.5,2024,2,2024-S2,Diminution,48.4,45.1,48.4,6.5,Diminution,True
z_58.5_16.5,2025,1,2025-S1,Augmentation,52.7,52.7,42.7,4.6,Augmentation,True
z_58.5_16.5,2025,2,2025-S2,Augmentation,72.8,72.8,24.6,2.6,Diminution,False
z_58.5_18.0,2023,1,2023-S1,Augmentation,46.4,46.4,44.4,9.1,Stable,False
z_58.5_18.0,2023,2,2023-S2,Augmentation,53.9,53.9,37.3,8.8,Augmentation,True
z_58.5_18.0,2024,1,2024-S1,Augmentation,69.5,69.5,25.7,4.7,Diminution,False
z_58.5_18.0,2024,2,2024-S2,Augmentation,53.5,53.5,37.9,8.6,Augmentation,True
z_58.5_18.0,2025,1,2025-S1,Augmentation,57.5,57.5,35.1,7.4,Augmentation,True
z_58.5_18.0,2025,2,2025-S2,Augmentation,60.5,60.5,33.4,6.1,Diminution,False
z_58.5_19.5,2023,1,2023-S1,Augmentation,45.0,45.0,10.3,44.8,Stable,False
z_58.5_19.5,2023,2,2023-S2,Diminution,61.6,14.8,61.6,23.5,Stable,False
z_58.5_19.5,2024,1,2024-S1,Stable,57.6,35.3,7.1,57.6,Augmentation,False
z_58.5_19.5,2024,2,2024-S2,Diminution,46.1,26.1,46.1,27.8,Augmentation,False
z_58.5_19.5,2025,1,2025-S1,Augmentation,53.5,53.5,12.4,34.1,Stable,False
z_58.5_19.5,2025,2,2025-S2,Diminution,41.3,36.0,41.3,22.7,Stable,False
z_58.5_21.0,2023,1,2023-S1,Diminution,76.2,4.7,76.2,19.1,Stable,False
z_58.5_21.0,2023,2,2023-S2,Stable,81.6,15.0,3.4,81.6,Stable,True
z_58.5_21.0,2024,1,2024-S1,Diminution,76.4,5.3,76.4,18.3,Stable,False
z_58.5_21.0,2024,2,2024-S2,Stable,89.6,7.5,2.9,89.6,Augmentation,False
z_58.5_21.0,2025,1,2025-S1,Diminution,55.7,15.9,55.7,28.4,Augmentation,False
z_58.5_21.0,2025,2,2025-S2,Stable,46.2,45.7,8.1,46.2,Stable,True
z_58.5_22.5,2023,1,2023-S1,Diminution,59.7,21.7,59.7,18.5,Stable,False
z_58.5_22.5,2023,2,2023-S2,Diminution,50.5,26.0,50.5,23.5,Diminution,True
z_58.5_22.5,2024,1,2024-S1,Diminution,70.5,12.9,70.5,16.5,Stable,False
z_58.5_22.5,2024,2,2024-S2,Diminution,59.2,16.9,59.2,23.8,Stable,False
z_58.5_22.5,2025,1,2025-S1,Diminution,65.7,17.9,65.7,16.4,Stable,False
z_58.5_22.5,2025,2,2025-S2,Diminution,52.6,22.3,52.6,25.1,Diminution,True
z_58.5_24.0,2023,1,2023-S1,Diminution,46.5,43.7,46.5,9.9,Diminution,True
z_58.5_24.0,2023,2,2023-S2,Augmentation,44.3,44.3,41.5,14.2,Augmentation,True
z_58.5_24.0,2024,1,2024-S1,Diminution,47.5,40.6,47.5,12.0,Stable,False
z_58.5_24.0,2024,2,2024-S2,Augmentation,59.4,59.4,25.3,15.3,Stable,False
z_58.5_24.0,2025,1,2025-S1,Diminution,52.7,35.2,52.7,12.1,Stable,False
z_58.5_24.0,2025,2,2025-S2,Augmentation,48.1,48.1,36.3,15.6,Stable,False
z_58.5_25.5,2023,1,2023-S1,Diminution,65.2,13.5,65.2,21.3,Diminution,True
z_58.5_25.5,2023,2,2023-S2,Stable,51.8,44.3,3.9,51.8,Stable,True
z_58.5_25.5,2024,1,2024-S1,Diminution,72.0,13.2,72.0,14.9,Stable,False
z_58.5_25.5,2024,2,2024-S2,Stable,55.1,40.8,4.1,55.1,Stable,True
z_58.5_25.5,2025,1,2025-S1,Diminution,74.9,10.8,74.9,14.2,Diminution,True
z_58.5_25.5,2025,2,2025-S2,Stable,54.6,41.2,4.1,54.6,Stable,True
z_58.5_27.0,2023,1,2023-S1,Stable,89.5,3.1,7.4,89.5,Stable,True
z_58.5_27.0,2023,2,2023-S2,Diminution,88.0,1.9,88.0,10.0,Diminution,True
z_58.5_27.0,2024,1,2024-S1,Stable,95.0,2.0,3.0,95.0,Stable,True
z_58.5_27.0,2024,2,2024-S2,Diminution,84.5,1.3,84.5,14.2,Diminution,True
z_58.5_27.0,2025,1,2025-S1,Stable,88.6,9.1,2.3,88.6,Stable,True
z_58.5_27.0,2025,2,2025-S2,Diminution,86.1,1.0,86.1,12.9,Diminution,True
z_58.5_28.5,2023,2,2023-S2,Diminution,61.7,6.3,61.7,32.0,Stable,False
z_58.5_28.5,2024,2,2024-S2,Diminution,72.1,4.6,72.1,23.3,Stable,False
z_58.5_28.5,2025,2,2025-S2,Diminution,67.8,5.7,67.8,26.5,Stable,False
z_58.5_3.0,2023,1,2023-S1,Stable,83.7,13.1,3.2,83.7,Stable,True
z_58.5_3.0,2023,2,2023-S2,Stable,94.2,4.1,1.7,94.2,Stable,True
z_58.5_3.0,2024,1,2024-S1,Stable,88.1,9.1,2.8,88.1,Stable,True
z_58.5_3.0,2024,2,2024-S2,Stable,94.2,4.3,1.5,94.2,Stable,True
z_58.5_3.0,2025,1,2025-S1,Stable,81.6,15.8,2.6,81.6,Stable,True
z_58.5_3.0,2025,2,2025-S2,Stable,60.4,34.8,4.8,60.4,Stable,True
z_58.5_4.5,2023,1,2023-S1,Diminution,77.0,16.3,77.0,6.7,Stable,False
z_58.5_4.5,2023,2,2023-S2,Diminution,61.2,30.2,61.2,8.6,Diminution,True
z_58.5_4.5,2024,1,2024-S1,Diminution,49.9,38.1,49.9,12.0,Augmentation,False
z_58.5_4.5,2024,2,2024-S2,Augmentation,59.8,59.8,33.7,6.6,Stable,False
z_58.5_4.5,2025,1,2025-S1,Augmentation,49.7,49.7,42.5,7.8,Diminution,False
z_58.5_4.5,2025,2,2025-S2,Diminution,56.8,37.0,56.8,6.3,Diminution,True
z_58.5_6.0,2023,1,2023-S1,Stable,96.9,1.7,1.4,96.9,Stable,True
z_58.5_6.0,2023,2,2023-S2,Stable,98.9,0.0,1.1,98.9,Stable,True
z_58.5_6.0,2024,1,2024-S1,Stable,96.9,1.7,1.4,96.9,Stable,True
z_58.5_6.0,2024,2,2024-S2,Stable,98.5,0.4,1.1,98.5,Stable,True
z_58.5_6.0,2025,1,2025-S1,Stable,77.8,19.6,2.6,77.8,Stable,True
z_58.5_6.0,2025,2,2025-S2,Stable,97.5,1.3,1.2,97.5,Stable,True
z_58.5_9.0,2023,1,2023-S1,Augmentation,50.7,50.7,31.3,18.1,Diminution,False
z_58.5_9.0,2023,2,2023-S2,Augmentation,50.3,50.3,27.2,22.5,Stable,False
z_58.5_9.0,2024,1,2024-S1,Augmentation,46.1,46.1,37.4,16.6,Stable,False
z_58.5_9.0,2024,2,2024-S2,Augmentation,62.4,62.4,21.0,16.6,Augmentation,True
z_58.5_9.0,2025,1,2025-S1,Augmentation,45.4,45.4,37.7,16.8,Diminution,False
z_58.5_9.0,2025,2,2025-S2,Diminution,50.7,30.5,50.7,18.8,Diminution,True
z_60.0_-1.5,2023,1,2023-S1,Diminution,76.2,6.5,76.2,17.3,Diminution,True
z_60.0_-1.5,2023,2,2023-S2,Diminution,74.3,5.6,74.3,20.0,Diminution,True
z_60.0_-1.5,2024,1,2024-S1,Diminution,77.1,3.9,77.1,19.1,Diminution,True
z_60.0_-1.5,2024,2,2024-S2,Diminution,79.5,3.9,79.5,16.6,Diminution,True
z_60.0_-1.5,2025,1,2025-S1,Diminution,73.5,5.1,73.5,21.3,Diminution,True
z_60.0_-1.5,2025,2,2025-S2,Diminution,80.2,3.4,80.2,16.4,Diminution,True
z_60.0_-4.5,2023,1,2023-S1,Stable,84.4,11.3,4.3,84.4,Stable,True
z_60.0_-4.5,2023,2,2023-S2,Diminution,87.8,2.4,87.8,9.8,Stable,False
z_60.0_-4.5,2024,1,2024-S1,Stable,89.4,7.3,3.3,89.4,Stable,True
z_60.0_-4.5,2024,2,2024-S2,Diminution,88.6,2.5,88.6,8.9,Stable,False
z_60.0_-4.5,2025,1,2025-S1,Stable,91.5,6.1,2.3,91.5,Stable,True
z_60.0_-4.5,2025,2,2025-S2,Diminution,80.1,3.7,80.1,16.2,Stable,False
z_60.0_-6.0,2023,1,2023-S1,Stable,96.7,0.3,3.0,96.7,Stable,True
z_60.0_-6.0,2024,1,2024-S1,Stable,96.7,0.3,3.0,96.7,Stable,True
z_60.0_-6.0,2025,1,2025-S1,Stable,90.8,6.6,2.6,90.8,Stable,True
z_60.0_-7.5,2023,1,2023-S1,Stable,94.5,2.8,2.7,94.5,Diminution,False
z_60.0_-7.5,2023,2,2023-S2,Stable,95.6,1.2,3.2,95.6,Stable,True
z_60.0_-7.5,2024,1,2024-S1,Stable,96.8,0.4,2.9,96.8,Diminution,False
z_60.0_-7.5,2024,2,2024-S2,Stable,96.7,0.5,2.8,96.7,Stable,True
z_60.0_-7.5,2025,1,2025-S1,Stable,96.8,0.4,2.9,96.8,Diminution,False
z_60.0_-7.5,2025,2,2025-S2,Stable,96.5,1.6,1.9,96.5,Stable,True
z_60.0_0.0,2023,1,2023-S1,Stable,62.9,27.4,9.8,62.9,Stable,True
z_60.0_0.0,2023,2,2023-S2,Diminution,68.5,10.0,68.5,21.4,Stable,False
z_60.0_0.0,2024,1,2024-S1,Stable,71.0,25.8,3.2,71.0,Stable,True
z_60.0_0.0,2024,2,2024-S2,Diminution,79.7,2.7,79.7,17.6,Stable,False
z_60.0_0.0,2025,1,2025-S1,Stable,88.9,8.7,2.4,88.9,Stable,True
z_60.0_0.0,2025,2,2025-S2,Diminution,79.9,2.2,79.9,17.9,Diminution,True
z_60.0_1.5,2023,1,2023-S1,Stable,66.9,28.7,4.4,66.9,Stable,True
z_60.0_1.5,2023,2,2023-S2,Diminution,66.6,9.0,66.6,24.4,Stable,False
z_60.0_1.5,2024,1,2024-S1,Stable,63.6,32.6,3.8,63.6,Stable,True
z_60.0_1.5,2024,2,2024-S2,Diminution,65.7,9.6,65.7,24.7,Stable,False
z_60.0_1.5,2025,1,2025-S1,Stable,44.6,44.4,11.0,44.6,Stable,True
z_60.0_1.5,2025,2,2025-S2,Diminution,65.1,13.8,65.1,21.1,Diminution,True
z_60.0_16.5,2023,1,2023-S1,Stable,57.5,32.0,10.5,57.5,Stable,True
z_60.0_16.5,2023,2,2023-S2,Diminution,63.1,12.2,63.1,24.7,Stable,False
z_60.0_16.5,2024,1,2024-S1,Stable,52.5,36.9,10.6,52.5,Stable,True
z_60.0_16.5,2024,2,2024-S2,Diminution,53.0,18.4,53.0,28.5,Stable,False
z_60.0_16.5,2025,1,2025-S1,Stable,51.1,36.2,12.7,51.1,Stable,True
z_60.0_16.5,2025,2,2025-S2,Diminution,69.7,13.6,69.7,16.7,Diminution,True
z_60.0_18.0,2023,1,2023-S1,Diminution,40.6,26.7,40.6,32.7,Diminution,True
z_60.0_18.0,2023,2,2023-S2,Diminution,56.7,21.4,56.7,22.0,Augmentation,False
z_60.0_18.0,2024,1,2024-S1,Diminution,43.7,30.6,43.7,25.7,Diminution,True
z_60.0_18.0,2024,2,2024-S2,Diminution,58.5,19.9,58.5,21.6,Diminution,True
z_60.0_18.0,2025,1,2025-S1,Diminution,65.3,15.5,65.3,19.3,Diminution,True
z_60.0_18.0,2025,2,2025-S2,Diminution,61.8,7.7,61.8,30.5,Diminution,True
z_60.0_19.5,2023,1,2023-S1,Stable,63.1,29.8,7.1,63.1,Stable,True
z_60.0_19.5,2023,2,2023-S2,Stable,79.4,17.5,3.1,79.4,Stable,True
z_60.0_19.5,2024,1,2024-S1,Stable,83.5,8.5,8.1,83.5,Stable,True
z_60.0_19.5,2024,2,2024-S2,Stable,78.6,18.5,2.9,78.6,Stable,True
z_60.0_19.5,2025,1,2025-S1,Stable,71.1,25.5,3.5,71.1,Stable,True
z_60.0_19.5,2025,2,2025-S2,Stable,84.2,13.5,2.3,84.2,Stable,True
z_60.0_21.0,2023,1,2023-S1,Stable,47.1,44.4,8.5,47.1,Augmentation,False
z_60.0_21.0,2023,2,2023-S2,Diminution,45.8,30.7,45.8,23.6,Diminution,True
z_60.0_21.0,2024,1,2024-S1,Augmentation,49.7,49.7,8.7,41.6,Augmentation,True
z_60.0_21.0,2024,2,2024-S2,Augmentation,42.1,42.1,36.0,21.9,Augmentation,True
z_60.0_21.0,2025,1,2025-S1,Augmentation,65.8,65.8,11.1,23.1,Stable,False
z_60.0_21.0,2025,2,2025-S2,Diminution,44.8,37.4,44.8,17.8,Diminution,True
z_60.0_24.0,2023,1,2023-S1,Diminution,65.5,6.2,65.5,28.3,Diminution,True
z_60.0_24.0,2023,2,2023-S2,Diminution,75.7,3.5,75.7,20.8,Stable,False
z_60.0_24.0,2024,1,2024-S1,Diminution,67.2,6.4,67.2,26.4,Augmentation,False
z_60.0_24.0,2024,2,2024-S2,Diminution,62.6,11.3,62.6,26.1,Augmentation,False
z_60.0_24.0,2025,1,2025-S1,Diminution,56.7,19.2,56.7,24.1,Diminution,True
z_60.0_24.0,2025,2,2025-S2,Diminution,55.2,20.9,55.2,23.8,Stable,False
z_60.0_25.5,2023,1,2023-S1,Stable,63.9,31.5,4.7,63.9,Stable,True
z_60.0_25.5,2023,2,2023-S2,Stable,60.0,35.7,4.3,60.0,Stable,True
z_60.0_25.5,2024,1,2024-S1,Stable,56.3,36.4,7.3,56.3,Stable,True
z_60.0_25.5,2024,2,2024-S2,Stable,49.9,42.9,7.2,49.9,Augmentation,False
z_60.0_25.5,2025,1,2025-S1,Augmentation,50.0,50.0,12.1,37.9,Stable,False
z_60.0_25.5,2025,2,2025-S2,Augmentation,52.4,52.4,11.7,35.9,Stable,False
z_60.0_27.0,2023,1,2023-S1,Stable,90.6,6.1,3.3,90.6,Stable,True
z_60.0_27.0,2023,2,2023-S2,Diminution,77.6,5.5,77.6,16.9,Diminution,True
z_60.0_27.0,2024,1,2024-S1,Stable,85.8,11.1,3.1,85.8,Stable,True
z_60.0_27.0,2024,2,2024-S2,Diminution,76.7,6.7,76.7,16.6,Diminution,True
z_60.0_27.0,2025,1,2025-S1,Stable,90.4,5.9,3.7,90.4,Stable,True
z_60.0_27.0,2025,2,2025-S2,Diminution,79.7,7.8,79.7,12.5,Diminution,True
z_60.0_28.5,2023,1,2023-S1,Diminution,76.0,5.6,76.0,18.5,Diminution,True
z_60.0_28.5,2023,2,2023-S2,Stable,84.3,11.9,3.7,84.3,Stable,True
z_60.0_28.5,2024,1,2024-S1,Diminution,76.0,3.8,76.0,20.2,Diminution,True
z_60.0_28.5,2024,2,2024-S2,Stable,91.9,4.9,3.3,91.9,Stable,True
z_60.0_28.5,2025,1,2025-S1,Diminution,76.0,5.6,76.0,18.5,Diminution,True
z_60.0_28.5,2025,2,2025-S2,Stable,84.3,11.9,3.7,84.3,Stable,True
z_60.0_3.0,2023,1,2023-S1,Stable,75.1,20.2,4.7,75.1,Stable,True
z_60.0_3.0,2023,2,2023-S2,Diminution,72.2,8.2,72.2,19.6,Diminution,True
z_60.0_3.0,2024,1,2024-S1,Stable,84.8,12.5,2.7,84.8,Augmentation,False
z_60.0_3.0,2024,2,2024-S2,Diminution,69.4,9.1,69.4,21.5,Stable,False
z_60.0_3.0,2025,1,2025-S1,Stable,59.5,36.7,3.9,59.5,Stable,True
z_60.0_3.0,2025,2,2025-S2,Diminution,68.1,8.9,68.1,23.0,Stable,False
z_60.0_4.5,2023,1,2023-S1,Diminution,57.1,36.0,57.1,6.9,Diminution,True
z_60.0_4.5,2023,2,2023-S2,Diminution,57.8,37.1,57.8,5.1,Diminution,True
z_60.0_4.5,2024,1,2024-S1,Diminution,62.6,30.8,62.6,6.6,Augmentation,False
z_60.0_4.5,2024,2,2024-S2,Diminution,52.1,42.8,52.1,5.1,Augmentation,False
z_60.0_4.5,2025,1,2025-S1,Augmentation,67.4,67.4,27.7,4.9,Augmentation,True
z_60.0_4.5,2025,2,2025-S2,Augmentation,65.5,65.5,29.4,5.1,Diminution,False
z_60.0_6.0,2023,1,2023-S1,Diminution,71.0,8.0,71.0,21.0,Diminution,True
z_60.0_6.0,2023,2,2023-S2,Diminution,75.0,3.5,75.0,21.5,Stable,False
z_60.0_6.0,2024,1,2024-S1,Diminution,73.3,3.5,73.3,23.3,Diminution,True
z_60.0_6.0,2024,2,2024-S2,Diminution,66.6,5.7,66.6,27.7,Stable,False
z_60.0_6.0,2025,1,2025-S1,Diminution,73.9,4.5,73.9,21.6,Diminution,True
z_60.0_6.0,2025,2,2025-S2,Diminution,72.4,3.5,72.4,24.1,Augmentation,False
z_61.5_-1.5,2023,1,2023-S1,Stable,97.5,0.2,2.3,97.5,Stable,True
z_61.5_-1.5,2024,1,2024-S1,Stable,92.3,4.9,2.8,92.3,Stable,True
z_61.5_-1.5,2025,1,2025-S1,Stable,97.5,0.2,2.3,97.5,Stable,True
z_61.5_-7.5,2023,1,2023-S1,Stable,95.9,1.7,2.4,95.9,Stable,True
z_61.5_-7.5,2023,2,2023-S2,Stable,57.1,34.0,8.8,57.1,Stable,True
z_61.5_-7.5,2024,1,2024-S1,Stable,78.1,16.3,5.5,78.1,Stable,True
z_61.5_-7.5,2024,2,2024-S2,Stable,87.5,6.9,5.6,87.5,Stable,True
z_61.5_-7.5,2025,1,2025-S1,Stable,97.0,0.7,2.3,97.0,Stable,True
z_61.5_-7.5,2025,2,2025-S2,Stable,88.0,4.3,7.8,88.0,Stable,True
z_61.5_0.0,2023,1,2023-S1,Diminution,81.2,6.0,81.2,12.8,Stable,False
z_61.5_0.0,2024,1,2024-S1,Diminution,81.0,6.1,81.0,12.9,Stable,False
z_61.5_0.0,2025,1,2025-S1,Diminution,65.7,12.2,65.7,22.0,Stable,False
z_61.5_1.5,2023,1,2023-S1,Stable,95.9,1.3,2.8,95.9,Stable,True
z_61.5_1.5,2023,2,2023-S2,Stable,96.6,0.5,2.9,96.6,Stable,True
z_61.5_1.5,2024,1,2024-S1,Stable,94.4,3.2,2.4,94.4,Stable,True
z_61.5_1.5,2024,2,2024-S2,Stable,86.2,11.2,2.6,86.2,Stable,True
z_61.5_1.5,2025,1,2025-S1,Stable,96.9,0.9,2.1,96.9,Stable,True
z_61.5_1.5,2025,2,2025-S2,Stable,95.4,2.3,2.3,95.4,Stable,True
z_61.5_16.5,2023,1,2023-S1,Stable,54.5,32.1,13.4,54.5,Stable,True
z_61.5_16.5,2023,2,2023-S2,Diminution,62.4,14.9,62.4,22.7,Diminution,True
z_61.5_16.5,2024,1,2024-S1,Stable,77.2,8.1,14.7,77.2,Stable,True
z_61.5_16.5,2024,2,2024-S2,Diminution,64.6,8.6,64.6,26.9,Stable,False
z_61.5_16.5,2025,1,2025-S1,Stable,60.2,28.9,10.9,60.2,Stable,True
z_61.5_16.5,2025,2,2025-S2,Diminution,60.3,19.3,60.3,20.4,Diminution,True
z_61.5_18.0,2023,1,2023-S1,Stable,74.4,21.8,3.7,74.4,Stable,True
z_61.5_18.0,2024,1,2024-S1,Stable,78.1,19.3,2.6,78.1,Stable,True
z_61.5_18.0,2025,1,2025-S1,Stable,78.1,19.3,2.6,78.1,Stable,True
z_61.5_19.5,2023,1,2023-S1,Stable,97.2,0.3,2.5,97.2,Stable,True
z_61.5_19.5,2023,2,2023-S2,Stable,95.1,2.3,2.6,95.1,Stable,True
z_61.5_19.5,2024,1,2024-S1,Stable,73.9,23.7,2.4,73.9,Stable,True
z_61.5_19.5,2024,2,2024-S2,Stable,84.9,12.2,2.9,84.9,Stable,True
z_61.5_19.5,2025,1,2025-S1,Stable,87.6,9.9,2.4,87.6,Stable,True
z_61.5_19.5,2025,2,2025-S2,Stable,78.7,17.4,3.9,78.7,Stable,True
z_61.5_21.0,2023,1,2023-S1,Stable,81.0,14.2,4.8,81.0,Stable,True
z_61.5_21.0,2023,2,2023-S2,Stable,82.8,7.5,9.7,82.8,Stable,True
z_61.5_21.0,2024,1,2024-S1,Stable,65.1,30.0,4.9,65.1,Stable,True
z_61.5_21.0,2024,2,2024-S2,Stable,86.2,11.8,2.0,86.2,Stable,True
z_61.5_21.0,2025,1,2025-S1,Stable,53.2,39.1,7.7,53.2,Stable,True
z_61.5_21.0,2025,2,2025-S2,Stable,83.5,13.2,3.4,83.5,Stable,True
z_61.5_3.0,2023,1,2023-S1,Stable,96.2,0.9,2.9,96.2,Stable,True
z_61.5_3.0,2023,2,2023-S2,Stable,96.6,0.4,3.0,96.6,Stable,True
z_61.5_3.0,2024,1,2024-S1,Stable,60.3,29.8,9.8,60.3,Stable,True
z_61.5_3.0,2024,2,2024-S2,Stable,82.5,12.2,5.2,82.5,Stable,True
z_61.5_3.0,2025,1,2025-S1,Stable,85.4,8.4,6.2,85.4,Stable,True
z_61.5_3.0,2025,2,2025-S2,Stable,88.1,9.3,2.6,88.1,Stable,True
z_61.5_4.5,2023,1,2023-S1,Augmentation,65.7,65.7,20.7,13.6,Augmentation,True
z_61.5_4.5,2023,2,2023-S2,Augmentation,69.7,69.7,18.8,11.5,Diminution,False
z_61.5_4.5,2024,1,2024-S1,Augmentation,60.9,60.9,26.7,12.4,Stable,False
z_61.5_4.5,2024,2,2024-S2,Augmentation,58.3,58.3,32.0,9.7,Diminution,False
z_61.5_4.5,2025,1,2025-S1,Augmentation,52.6,52.6,33.0,14.4,Augmentation,True
z_61.5_4.5,2025,2,2025-S2,Augmentation,52.2,52.2,34.3,13.5,Diminution,False
z_61.5_6.0,2023,1,2023-S1,Diminution,61.1,29.6,61.1,9.2,Stable,False
z_61.5_6.0,2023,2,2023-S2,Augmentation,45.8,45.8,45.4,8.9,Stable,False
z_61.5_6.0,2024,1,2024-S1,Diminution,55.0,33.7,55.0,11.3,Diminution,True
z_61.5_6.0,2024,2,2024-S2,Diminution,61.1,29.4,61.1,9.5,Stable,False
z_61.5_6.0,2025,1,2025-S1,Diminution,59.0,32.3,59.0,8.7,Stable,False
z_61.5_6.0,2025,2,2025-S2,Augmentation,46.5,46.5,43.5,10.0,Augmentation,True
z_63.0_-13.5,2023,1,2023-S1,Stable,95.7,1.1,3.2,95.7,Stable,True
z_63.0_-13.5,2023,2,2023-S2,Diminution,90.1,1.0,90.1,8.9,Diminution,True
z_63.0_-13.5,2024,1,2024-S1,Stable,96.2,0.7,3.1,96.2,Stable,True
z_63.0_-13.5,2024,2,2024-S2,Diminution,84.8,1.5,84.8,13.7,Diminution,True
z_63.0_-13.5,2025,1,2025-S1,Stable,87.3,9.9,2.8,87.3,Stable,True
z_63.0_-13.5,2025,2,2025-S2,Diminution,86.2,1.2,86.2,12.6,Diminution,True
z_63.0_-16.5,2023,1,2023-S1,Stable,83.3,14.9,1.7,83.3,Stable,True
z_63.0_-16.5,2023,2,2023-S2,Stable,72.6,25.0,2.4,72.6,Stable,True
z_63.0_-16.5,2024,1,2024-S1,Stable,80.6,17.4,2.0,80.6,Stable,True
z_63.0_-16.5,2024,2,2024-S2,Stable,78.4,19.5,2.1,78.4,Stable,True
z_63.0_-16.5,2025,1,2025-S1,Stable,94.1,3.0,2.9,94.1,Stable,True
z_63.0_-16.5,2025,2,2025-S2,Stable,90.4,5.9,3.8,90.4,Stable,True
z_63.0_-21.0,2023,1,2023-S1,Diminution,51.0,22.3,51.0,26.7,Stable,False
z_63.0_-21.0,2023,2,2023-S2,Diminution,48.2,22.1,48.2,29.7,Stable,False
z_63.0_-21.0,2024,1,2024-S1,Diminution,45.9,29.2,45.9,24.9,Diminution,True
z_63.0_-21.0,2024,2,2024-S2,Diminution,57.9,16.2,57.9,25.8,Stable,False
z_63.0_-21.0,2025,1,2025-S1,Diminution,58.4,19.2,58.4,22.4,Diminution,True
z_63.0_-21.0,2025,2,2025-S2,Diminution,70.0,8.1,70.0,21.8,Diminution,True
z_63.0_-22.5,2023,1,2023-S1,Diminution,56.5,31.3,56.5,12.2,Diminution,True
z_63.0_-22.5,2023,2,2023-S2,Diminution,48.0,34.6,48.0,17.4,Augmentation,False
z_63.0_-22.5,2024,1,2024-S1,Augmentation,45.1,45.1,44.4,10.5,Diminution,False
z_63.0_-22.5,2024,2,2024-S2,Augmentation,47.4,47.4,30.9,21.8,Stable,False
z_63.0_-22.5,2025,1,2025-S1,Diminution,73.4,17.4,73.4,9.1,Diminution,True
z_63.0_-22.5,2025,2,2025-S2,Diminution,70.4,15.1,70.4,14.6,Diminution,True
z_63.0_-24.0,2023,1,2023-S1,Diminution,67.7,18.8,67.7,13.4,Stable,False
z_63.0_-24.0,2023,2,2023-S2,Diminution,50.3,29.0,50.3,20.8,Stable,False
z_63.0_-24.0,2024,1,2024-S1,Diminution,60.6,21.6,60.6,17.7,Diminution,True
z_63.0_-24.0,2024,2,2024-S2,Diminution,52.7,27.6,52.7,19.7,Diminution,True
z_63.0_-24.0,2025,1,2025-S1,Diminution,61.7,20.6,61.7,17.6,Diminution,True
z_63.0_-24.0,2025,2,2025-S2,Diminution,79.4,6.3,79.4,14.3,Diminution,True
z_63.0_-7.5,2023,2,2023-S2,Stable,98.5,0.4,1.1,98.5,Stable,True
z_63.0_-7.5,2024,2,2024-S2,Stable,99.0,0.0,0.9,99.0,Stable,True
z_63.0_-7.5,2025,2,2025-S2,Stable,98.8,0.3,0.9,98.8,Stable,True
z_63.0_18.0,2023,1,2023-S1,Stable,64.0,32.7,3.2,64.0,Stable,True
z_63.0_18.0,2023,2,2023-S2,Stable,59.8,22.8,17.4,59.8,Stable,True
z_63.0_18.0,2024,1,2024-S1,Stable,58.8,37.5,3.7,58.8,Stable,True
z_63.0_18.0,2024,2,2024-S2,Stable,68.3,17.5,14.2,68.3,Stable,True
z_63.0_18.0,2025,1,2025-S1,Stable,72.1,24.2,3.7,72.1,Stable,True
z_63.0_18.0,2025,2,2025-S2,Stable,82.6,0.5,16.9,82.6,Stable,True
z_63.0_19.5,2023,1,2023-S1,Diminution,72.9,6.1,72.9,21.1,Diminution,True
z_63.0_19.5,2023,2,2023-S2,Stable,68.8,24.9,6.3,68.8,Augmentation,False
z_63.0_19.5,2024,1,2024-S1,Diminution,61.3,18.5,61.3,20.2,Stable,False
z_63.0_19.5,2024,2,2024-S2,Stable,63.4,31.4,5.2,63.4,Stable,True
z_63.0_19.5,2025,1,2025-S1,Diminution,71.5,12.3,71.5,16.3,Stable,False
z_63.0_19.5,2025,2,2025-S2,Stable,63.5,31.1,5.4,63.5,Stable,True
z_63.0_21.0,2023,1,2023-S1,Stable,88.3,9.1,2.6,88.3,Stable,True
z_63.0_21.0,2023,2,2023-S2,Diminution,86.7,1.0,86.7,12.3,Diminution,True
z_63.0_21.0,2024,1,2024-S1,Stable,64.6,27.3,8.1,64.6,Stable,True
z_63.0_21.0,2024,2,2024-S2,Diminution,84.8,2.7,84.8,12.5,Stable,False
z_63.0_21.0,2025,1,2025-S1,Stable,73.2,19.7,7.1,73.2,Stable,True
z_63.0_21.0,2025,2,2025-S2,Diminution,82.2,1.4,82.2,16.4,Stable,False
z_63.0_22.5,2023,1,2023-S1,Stable,65.3,28.8,5.9,65.3,Stable,True
z_63.0_22.5,2023,2,2023-S2,Stable,77.1,16.4,6.5,77.1,Stable,True
z_63.0_22.5,2024,1,2024-S1,Stable,73.6,18.8,7.6,73.6,Stable,True
z_63.0_22.5,2024,2,2024-S2,Stable,63.2,32.6,4.2,63.2,Stable,True
z_63.0_22.5,2025,1,2025-S1,Stable,61.5,33.3,5.2,61.5,Stable,True
z_63.0_22.5,2025,2,2025-S2,Stable,75.6,18.1,6.3,75.6,Stable,True
z_63.0_4.5,2023,1,2023-S1,Diminution,89.9,0.9,89.9,9.2,Stable,False
z_63.0_4.5,2023,2,2023-S2,Stable,94.9,3.0,2.1,94.9,Stable,True
z_63.0_4.5,2024,1,2024-S1,Diminution,82.7,4.1,82.7,13.2,Diminution,True
z_63.0_4.5,2024,2,2024-S2,Stable,85.8,11.9,2.3,85.8,Stable,True
z_63.0_4.5,2025,1,2025-S1,Diminution,75.6,4.3,75.6,20.1,Stable,False
z_63.0_4.5,2025,2,2025-S2,Stable,68.7,24.9,6.4,68.7,Stable,True
z_63.0_6.0,2023,1,2023-S1,Stable,96.4,1.0,2.6,96.4,Stable,True
z_63.0_6.0,2023,2,2023-S2,Stable,96.0,1.3,2.7,96.0,Stable,True
z_63.0_6.0,2024,1,2024-S1,Stable,96.4,1.0,2.6,96.4,Stable,True
z_63.0_6.0,2024,2,2024-S2,Stable,96.0,1.3,2.7,96.0,Stable,True
z_63.0_6.0,2025,1,2025-S1,Stable,95.3,2.8,1.9,95.3,Stable,True
z_63.0_6.0,2025,2,2025-S2,Stable,80.5,17.1,2.5,80.5,Stable,True
z_63.0_7.5,2023,1,2023-S1,Diminution,49.5,41.0,49.5,9.6,Augmentation,False
z_63.0_7.5,2023,2,2023-S2,Diminution,54.3,37.6,54.3,8.0,Augmentation,False
z_63.0_7.5,2024,1,2024-S1,Augmentation,57.9,57.9,30.7,11.4,Stable,False
z_63.0_7.5,2024,2,2024-S2,Diminution,57.8,33.0,57.8,9.2,Stable,False
z_63.0_7.5,2025,1,2025-S1,Diminution,50.7,39.9,50.7,9.4,Stable,False
z_63.0_7.5,2025,2,2025-S2,Diminution,53.7,35.7,53.7,10.6,Augmentation,False
z_63.0_9.0,2023,1,2023-S1,Augmentation,71.4,71.4,15.9,12.7,Diminution,False
z_63.0_9.0,2023,2,2023-S2,Augmentation,58.3,58.3,27.2,14.4,Diminution,False
z_63.0_9.0,2024,1,2024-S1,Augmentation,47.9,47.9,40.7,11.4,Diminution,False
z_63.0_9.0,2024,2,2024-S2,Diminution,50.7,38.2,50.7,11.2,Stable,False
z_63.0_9.0,2025,1,2025-S1,Diminution,43.9,43.5,43.9,12.6,Stable,False
z_63.0_9.0,2025,2,2025-S2,Diminution,47.2,41.6,47.2,11.2,Diminution,True
z_64.5_-15.0,2023,1,2023-S1,Stable,50.5,45.7,3.8,50.5,Stable,True
z_64.5_-15.0,2023,2,2023-S2,Diminution,72.2,9.8,72.2,18.0,Diminution,True
z_64.5_-15.0,2024,1,2024-S1,Stable,57.9,39.4,2.7,57.9,Stable,True
z_64.5_-15.0,2024,2,2024-S2,Diminution,62.0,12.3,62.0,25.7,Stable,False
z_64.5_-15.0,2025,1,2025-S1,Augmentation,49.3,49.3,4.7,46.0,Stable,False
z_64.5_-15.0,2025,2,2025-S2,Diminution,62.0,16.1,62.0,21.9,Diminution,True
z_64.5_-22.5,2023,1,2023-S1,Stable,96.6,1.1,2.3,96.6,Stable,True
z_64.5_-22.5,2023,2,2023-S2,Stable,95.2,3.3,1.6,95.2,Stable,True
z_64.5_-22.5,2024,1,2024-S1,Stable,91.7,5.3,2.9,91.7,Stable,True
z_64.5_-22.5,2024,2,2024-S2,Stable,95.1,3.4,1.5,95.1,Stable,True
z_64.5_-22.5,2025,1,2025-S1,Stable,96.3,1.1,2.6,96.3,Stable,True
z_64.5_-22.5,2025,2,2025-S2,Stable,95.1,3.0,1.9,95.1,Stable,True
z_64.5_-24.0,2023,1,2023-S1,Diminution,55.9,28.2,55.9,15.9,Stable,False
z_64.5_-24.0,2023,2,2023-S2,Augmentation,44.4,44.4,34.6,21.1,Stable,False
z_64.5_-24.0,2024,1,2024-S1,Diminution,48.0,36.0,48.0,15.9,Diminution,True
z_64.5_-24.0,2024,2,2024-S2,Diminution,58.1,18.0,58.1,23.9,Diminution,True
z_64.5_-24.0,2025,1,2025-S1,Diminution,58.9,12.3,58.9,28.9,Diminution,True
z_64.5_-24.0,2025,2,2025-S2,Diminution,68.9,12.1,68.9,19.1,Diminution,True
z_64.5_-25.5,2023,1,2023-S1,Diminution,68.4,13.2,68.4,18.4,Stable,False
z_64.5_-25.5,2023,2,2023-S2,Stable,50.6,44.4,5.0,50.6,Stable,True
z_64.5_-25.5,2024,1,2024-S1,Diminution,74.1,11.7,74.1,14.2,Stable,False
z_64.5_-25.5,2024,2,2024-S2,Stable,51.7,41.4,6.9,51.7,Stable,True
z_64.5_-25.5,2025,1,2025-S1,Diminution,68.0,15.3,68.0,16.8,Diminution,True
z_64.5_-25.5,2025,2,2025-S2,Stable,57.2,33.4,9.4,57.2,Stable,True
z_64.5_10.5,2023,1,2023-S1,Diminution,73.6,9.9,73.6,16.4,Stable,False
z_64.5_10.5,2023,2,2023-S2,Diminution,41.0,25.4,41.0,33.6,Diminution,True
z_64.5_10.5,2024,1,2024-S1,Diminution,45.8,30.9,45.8,23.3,Augmentation,False
z_64.5_10.5,2024,2,2024-S2,Augmentation,40.8,40.8,29.6,29.6,Stable,False
z_64.5_10.5,2025,1,2025-S1,Augmentation,51.2,51.2,33.4,15.4,Diminution,False
z_64.5_10.5,2025,2,2025-S2,Diminution,48.0,33.2,48.0,18.9,Stable,False
z_64.5_12.0,2023,1,2023-S1,Diminution,53.4,27.1,53.4,19.5,Diminution,True
z_64.5_12.0,2023,2,2023-S2,Diminution,60.8,17.7,60.8,21.5,Stable,False
z_64.5_12.0,2024,1,2024-S1,Diminution,42.7,30.3,42.7,27.0,Stable,False
z_64.5_12.0,2024,2,2024-S2,Diminution,43.9,28.4,43.9,27.7,Augmentation,False
z_64.5_12.0,2025,1,2025-S1,Diminution,41.3,31.6,41.3,27.1,Stable,False
z_64.5_12.0,2025,2,2025-S2,Augmentation,47.8,47.8,28.9,23.3,Stable,False
z_64.5_21.0,2023,1,2023-S1,Augmentation,48.0,48.0,17.2,34.8,Diminution,False
z_64.5_21.0,2023,2,2023-S2,Diminution,42.6,28.9,42.6,28.4,Diminution,True
z_64.5_21.0,2024,1,2024-S1,Stable,48.6,35.5,15.9,48.6,Augmentation,False
z_64.5_21.0,2024,2,2024-S2,Diminution,46.8,27.8,46.8,25.4,Augmentation,False
z_64.5_21.0,2025,1,2025-S1,Augmentation,57.0,57.0,14.1,28.9,Stable,False
z_64.5_21.0,2025,2,2025-S2,Augmentation,38.5,38.5,36.2,25.3,Stable,False
z_64.5_22.5,2023,1,2023-S1,Diminution,47.0,28.9,47.0,24.1,Diminution,True
z_64.5_22.5,2023,2,2023-S2,Stable,56.8,35.7,7.6,56.8,Stable,True
z_64.5_22.5,2024,1,2024-S1,Diminution,73.2,6.9,73.2,19.9,Diminution,True
z_64.5_22.5,2024,2,2024-S2,Stable,81.0,10.9,8.1,81.0,Stable,True
z_64.5_22.5,2025,1,2025-S1,Diminution,73.8,9.2,73.8,17.1,Diminution,True
z_64.5_22.5,2025,2,2025-S2,Stable,93.6,3.8,2.6,93.6,Stable,True
z_64.5_24.0,2023,1,2023-S1,Augmentation,47.7,47.7,33.4,18.9,Stable,False
z_64.5_24.0,2023,2,2023-S2,Diminution,42.8,33.9,42.8,23.2,Diminution,True
z_64.5_24.0,2024,1,2024-S1,Diminution,70.2,18.2,70.2,11.6,Augmentation,False
z_64.5_24.0,2024,2,2024-S2,Diminution,38.5,35.0,38.5,26.4,Stable,False
z_64.5_24.0,2025,1,2025-S1,Diminution,50.0,28.5,50.0,21.6,Stable,False
z_64.5_24.0,2025,2,2025-S2,Augmentation,38.7,38.7,37.1,24.1,Diminution,False
z_64.5_7.5,2023,1,2023-S1,Stable,97.5,0.0,2.5,97.5,Stable,True
z_64.5_7.5,2023,2,2023-S2,Diminution,87.4,1.9,87.4,10.7,Stable,False
z_64.5_7.5,2024,1,2024-S1,Stable,94.7,2.4,2.9,94.7,Stable,True
z_64.5_7.5,2024,2,2024-S2,Diminution,84.4,1.9,84.4,13.6,Stable,False
z_64.5_7.5,2025,1,2025-S1,Stable,94.5,2.4,3.1,94.5,Stable,True
z_64.5_7.5,2025,2,2025-S2,Diminution,86.5,2.3,86.5,11.1,Stable,False
z_64.5_9.0,2023,1,2023-S1,Stable,95.3,2.5,2.3,95.3,Stable,True
z_64.5_9.0,2023,2,2023-S2,Diminution,92.2,0.8,92.2,7.0,Stable,False
z_64.5_9.0,2024,1,2024-S1,Stable,91.9,6.1,2.0,91.9,Stable,True
z_64.5_9.0,2024,2,2024-S2,Diminution,91.7,1.2,91.7,7.1,Stable,False
z_64.5_9.0,2025,1,2025-S1,Stable,93.0,5.0,2.0,93.0,Stable,True
z_64.5_9.0,2025,2,2025-S2,Diminution,90.9,1.0,90.9,8.1,Stable,False
z_66.0_-13.5,2023,1,2023-S1,Stable,95.6,0.9,3.5,95.6,Stable,True
z_66.0_-13.5,2023,2,2023-S2,Stable,97.0,0.6,2.4,97.0,Stable,True
z_66.0_-13.5,2024,1,2024-S1,Stable,96.9,0.9,2.2,96.9,Stable,True
z_66.0_-13.5,2024,2,2024-S2,Stable,92.7,4.3,3.0,92.7,Stable,True
z_66.0_-13.5,2025,1,2025-S1,Stable,97.4,0.6,2.0,97.4,Stable,True
z_66.0_-13.5,2025,2,2025-S2,Stable,96.8,0.6,2.7,96.8,Stable,True
z_66.0_-18.0,2023,1,2023-S1,Diminution,61.6,12.9,61.6,25.4,Diminution,True
z_66.0_-18.0,2023,2,2023-S2,Stable,78.7,17.7,3.5,78.7,Stable,True
z_66.0_-18.0,2024,1,2024-S1,Diminution,71.3,7.9,71.3,20.8,Stable,False
z_66.0_-18.0,2024,2,2024-S2,Stable,75.1,22.0,2.9,75.1,Stable,True
z_66.0_-18.0,2025,1,2025-S1,Diminution,56.0,18.2,56.0,25.9,Diminution,True
z_66.0_-18.0,2025,2,2025-S2,Stable,59.0,37.2,3.8,59.0,Stable,True
z_66.0_-21.0,2023,1,2023-S1,Diminution,83.6,3.6,83.6,12.8,Stable,False
z_66.0_-21.0,2023,2,2023-S2,Stable,87.2,9.7,3.2,87.2,Stable,True
z_66.0_-21.0,2024,1,2024-S1,Diminution,89.1,1.3,89.1,9.6,Stable,False
z_66.0_-21.0,2024,2,2024-S2,Stable,89.3,7.1,3.6,89.3,Stable,True
z_66.0_-21.0,2025,1,2025-S1,Diminution,85.0,1.9,85.0,13.1,Stable,False
z_66.0_-21.0,2025,2,2025-S2,Stable,80.4,16.3,3.3,80.4,Stable,True
z_66.0_-24.0,2023,1,2023-S1,Diminution,63.3,18.3,63.3,18.5,Diminution,True
z_66.0_-24.0,2023,2,2023-S2,Diminution,62.8,11.0,62.8,26.2,Stable,False
z_66.0_-24.0,2024,1,2024-S1,Diminution,56.0,18.9,56.0,25.2,Stable,False
z_66.0_-24.0,2024,2,2024-S2,Diminution,45.5,29.1,45.5,25.4,Stable,False
z_66.0_-24.0,2025,1,2025-S1,Diminution,57.1,19.0,57.1,24.0,Stable,False
z_66.0_-24.0,2025,2,2025-S2,Diminution,56.9,20.7,56.9,22.4,Diminution,True
z_66.0_10.5,2023,1,2023-S1,Stable,84.9,12.3,2.8,84.9,Stable,True
z_66.0_10.5,2023,2,2023-S2,Stable,97.6,0.4,1.9,97.6,Stable,True
z_66.0_10.5,2024,1,2024-S1,Stable,94.9,2.3,2.8,94.9,Stable,True
z_66.0_10.5,2024,2,2024-S2,Stable,97.3,1.0,1.6,97.3,Stable,True
z_66.0_10.5,2025,1,2025-S1,Stable,94.3,2.6,3.1,94.3,Augmentation,False
z_66.0_10.5,2025,2,2025-S2,Stable,57.7,24.2,18.1,57.7,Stable,True
z_66.0_12.0,2023,1,2023-S1,Diminution,66.9,24.7,66.9,8.4,Augmentation,False
z_66.0_12.0,2023,2,2023-S2,Augmentation,51.0,51.0,37.0,12.0,Diminution,False
z_66.0_12.0,2024,1,2024-S1,Diminution,70.7,19.2,70.7,10.1,Augmentation,False
z_66.0_12.0,2024,2,2024-S2,Augmentation,44.1,44.1,42.4,13.5,Augmentation,True
z_66.0_12.0,2025,1,2025-S1,Augmentation,47.5,47.5,37.1,15.3,Augmentation,True
z_66.0_12.0,2025,2,2025-S2,Augmentation,61.1,61.1,26.5,12.4,Diminution,False
z_66.0_13.5,2023,1,2023-S1,Diminution,47.7,32.3,47.7,20.0,Stable,False
z_66.0_13.5,2023,2,2023-S2,Augmentation,44.3,44.3,36.8,18.9,Stable,False
z_66.0_13.5,2024,1,2024-S1,Diminution,44.0,34.1,44.0,21.9,Stable,False
z_66.0_13.5,2024,2,2024-S2,Augmentation,53.8,53.8,32.7,13.5,Diminution,False
z_66.0_13.5,2025,1,2025-S1,Diminution,41.4,40.5,41.4,18.1,Diminution,True
z_66.0_13.5,2025,2,2025-S2,Augmentation,43.5,43.5,39.2,17.3,Diminution,False
z_66.0_15.0,2023,1,2023-S1,Stable,93.9,3.6,2.4,93.9,Stable,True
z_66.0_15.0,2024,1,2024-S1,Stable,93.8,3.7,2.5,93.8,Stable,True
z_66.0_15.0,2025,1,2025-S1,Stable,86.7,11.0,2.3,86.7,Stable,True
z_66.0_6.0,2023,1,2023-S1,Stable,90.0,8.2,1.8,90.0,Stable,True
z_66.0_6.0,2024,1,2024-S1,Stable,97.4,1.2,1.4,97.4,Stable,True
z_66.0_6.0,2025,1,2025-S1,Stable,94.2,4.4,1.4,94.2,Stable,True
z_66.0_7.5,2023,1,2023-S1,Stable,95.1,3.4,1.6,95.1,Stable,True
z_66.0_7.5,2024,1,2024-S1,Stable,98.8,0.0,1.2,98.8,Stable,True
z_66.0_7.5,2025,1,2025-S1,Stable,98.8,0.0,1.2,98.8,Stable,True
z_66.0_9.0,2023,1,2023-S1,Stable,95.5,2.3,2.3,95.5,Stable,True
z_66.0_9.0,2023,2,2023-S2,Stable,93.6,4.8,1.6,93.6,Stable,True
z_66.0_9.0,2024,1,2024-S1,Stable,91.5,6.4,2.1,91.5,Stable,True
z_66.0_9.0,2024,2,2024-S2,Stable,97.1,1.1,1.8,97.1,Stable,True
z_66.0_9.0,2025,1,2025-S1,Stable,94.5,2.6,2.9,94.5,Stable,True
z_66.0_9.0,2025,2,2025-S2,Stable,96.3,2.1,1.7,96.3,Stable,True
z_67.5_10.5,2023,1,2023-S1,Stable,87.4,10.3,2.2,87.4,Stable,True
z_67.5_10.5,2024,1,2024-S1,Stable,83.2,13.7,3.1,83.2,Stable,True
z_67.5_10.5,2025,1,2025-S1,Stable,84.7,11.9,3.4,84.7,Stable,True
z_67.5_12.0,2023,1,2023-S1,Stable,60.2,36.2,3.6,60.2,Augmentation,False
z_67.5_12.0,2023,2,2023-S2,Stable,53.6,40.1,6.3,53.6,Diminution,False
z_67.5_12.0,2024,1,2024-S1,Stable,51.5,42.3,6.2,51.5,Stable,True
z_67.5_12.0,2024,2,2024-S2,Stable,63.8,29.9,6.3,63.8,Diminution,False
z_67.5_12.0,2025,1,2025-S1,Stable,80.5,15.4,4.1,80.5,Diminution,False
z_67.5_12.0,2025,2,2025-S2,Stable,82.8,9.6,7.6,82.8,Stable,True
z_67.5_13.5,2023,1,2023-S1,Diminution,61.0,9.4,61.0,29.6,Stable,False
z_67.5_13.5,2023,2,2023-S2,Diminution,66.3,13.4,66.3,20.2,Stable,False
z_67.5_13.5,2024,1,2024-S1,Diminution,52.2,26.7,52.2,21.0,Stable,False
z_67.5_13.5,2024,2,2024-S2,Diminution,45.7,29.4,45.7,24.9,Stable,False
z_67.5_13.5,2025,1,2025-S1,Diminution,41.9,37.4,41.9,20.7,Diminution,True
z_67.5_13.5,2025,2,2025-S2,Diminution,52.3,27.6,52.3,20.1,Diminution,True
z_67.5_15.0,2023,1,2023-S1,Diminution,64.6,17.4,64.6,18.0,Stable,False
z_67.5_15.0,2023,2,2023-S2,Diminution,65.6,18.1,65.6,16.3,Diminution,True
z_67.5_15.0,2024,1,2024-S1,Diminution,62.1,17.9,62.1,20.0,Diminution,True
z_67.5_15.0,2024,2,2024-S2,Diminution,71.8,18.4,71.8,9.8,Stable,False
z_67.5_15.0,2025,1,2025-S1,Diminution,53.6,19.2,53.6,27.2,Stable,False
z_67.5_15.0,2025,2,2025-S2,Diminution,60.6,20.8,60.6,18.6,Diminution,True
z_67.5_16.5,2023,1,2023-S1,Diminution,70.2,12.5,70.2,17.3,Stable,False
z_67.5_16.5,2023,2,2023-S2,Diminution,36.8,36.5,36.8,26.7,Stable,False
z_67.5_16.5,2024,1,2024-S1,Diminution,68.5,13.5,68.5,18.0,Stable,False
z_67.5_16.5,2024,2,2024-S2,Diminution,41.9,33.5,41.9,24.5,Stable,False
z_67.5_16.5,2025,1,2025-S1,Diminution,59.0,18.1,59.0,22.9,Stable,False
z_67.5_16.5,2025,2,2025-S2,Diminution,46.5,26.8,46.5,26.7,Stable,False
z_69.0_13.5,2023,1,2023-S1,Diminution,91.1,1.3,91.1,7.6,Stable,False
z_69.0_13.5,2024,1,2024-S1,Diminution,91.1,1.3,91.1,7.6,Stable,False
z_69.0_13.5,2025,1,2025-S1,Diminution,91.7,1.3,91.7,7.0,Diminution,True
z_69.0_15.0,2023,1,2023-S1,Diminution,85.8,3.1,85.8,11.1,Augmentation,False
z_69.0_15.0,2023,2,2023-S2,Stable,57.9,31.0,11.1,57.9,Stable,True
z_69.0_15.0,2024,1,2024-S1,Diminution,70.4,11.0,70.4,18.6,Stable,False
z_69.0_15.0,2024,2,2024-S2,Stable,79.6,13.0,7.4,79.6,Augmentation,False
z_69.0_15.0,2025,1,2025-S1,Diminution,56.4,17.3,56.4,26.3,Stable,False
z_69.0_15.0,2025,2,2025-S2,Stable,46.6,40.0,13.4,46.6,Stable,True
z_69.0_16.5,2023,1,2023-S1,Diminution,73.6,5.2,73.6,21.2,Augmentation,False
z_69.0_16.5,2023,2,2023-S2,Diminution,44.9,23.0,44.9,32.1,Stable,False
z_69.0_16.5,2024,1,2024-S1,Diminution,36.5,35.9,36.5,27.6,Augmentation,False
z_69.0_16.5,2024,2,2024-S2,Augmentation,43.8,43.8,30.2,26.0,Augmentation,True
z_69.0_16.5,2025,1,2025-S1,Augmentation,59.0,59.0,25.4,15.5,Stable,False
z_69.0_16.5,2025,2,2025-S2,Augmentation,45.7,45.7,36.1,18.3,Stable,False
z_69.0_18.0,2023,1,2023-S1,Diminution,60.2,21.1,60.2,18.7,Augmentation,False
z_69.0_18.0,2023,2,2023-S2,Augmentation,42.3,42.3,36.0,21.7,Stable,False
z_69.0_18.0,2024,1,2024-S1,Diminution,43.3,38.4,43.3,18.3,Diminution,True
z_69.0_18.0,2024,2,2024-S2,Diminution,54.0,25.8,54.0,20.3,Stable,False
z_69.0_18.0,2025,1,2025-S1,Augmentation,51.5,51.5,33.6,14.9,Diminution,False
z_69.0_18.0,2025,2,2025-S2,Diminution,55.6,26.8,55.6,17.6,Diminution,True
z_69.0_19.5,2023,1,2023-S1,Augmentation,36.2,36.2,35.1,28.7,Stable,False
z_69.0_19.5,2023,2,2023-S2,Diminution,39.5,35.2,39.5,25.2,Diminution,True
z_69.0_19.5,2024,1,2024-S1,Diminution,60.4,19.0,60.4,20.6,Diminution,True
z_69.0_19.5,2024,2,2024-S2,Diminution,56.0,15.1,56.0,28.9,Diminution,True
z_69.0_19.5,2025,1,2025-S1,Diminution,58.7,15.9,58.7,25.4,Stable,False
z_69.0_19.5,2025,2,2025-S2,Diminution,65.7,13.8,65.7,20.4,Diminution,True
z_69.0_21.0,2023,1,2023-S1,Stable,89.3,8.0,2.7,89.3,Stable,True
z_69.0_21.0,2023,2,2023-S2,Stable,89.8,7.7,2.5,89.8,Stable,True
z_69.0_21.0,2024,1,2024-S1,Stable,93.1,5.4,1.5,93.1,Stable,True
z_69.0_21.0,2024,2,2024-S2,Stable,94.9,3.7,1.4,94.9,Stable,True
z_69.0_21.0,2025,1,2025-S1,Augmentation,51.3,51.3,5.1,43.6,Diminution,False
z_69.0_21.0,2025,2,2025-S2,Stable,61.4,34.9,3.7,61.4,Augmentation,False
z_69.0_22.5,2023,1,2023-S1,Augmentation,54.7,54.7,6.9,38.4,Diminution,False
z_69.0_22.5,2023,2,2023-S2,Diminution,59.3,15.0,59.3,25.7,Diminution,True
z_69.0_22.5,2024,1,2024-S1,Stable,65.0,30.9,4.1,65.0,Diminution,False
z_69.0_22.5,2024,2,2024-S2,Diminution,58.1,10.1,58.1,31.8,Stable,False
z_69.0_22.5,2025,1,2025-S1,Stable,65.5,28.1,6.4,65.5,Diminution,False
z_69.0_22.5,2025,2,2025-S2,Diminution,71.4,7.4,71.4,21.3,Stable,False
z_69.0_30.0,2023,1,2023-S1,Diminution,79.0,3.4,79.0,17.6,Diminution,True
z_69.0_30.0,2023,2,2023-S2,Stable,88.5,9.4,2.1,88.5,Stable,True
z_69.0_30.0,2024,1,2024-S1,Diminution,73.1,6.0,73.1,20.9,Diminution,True
z_69.0_30.0,2024,2,2024-S2,Stable,80.2,17.3,2.5,80.2,Diminution,False
z_69.0_30.0,2025,1,2025-S1,Diminution,82.9,2.8,82.9,14.3,Diminution,True
z_69.0_30.0,2025,2,2025-S2,Stable,95.7,1.5,2.8,95.7,Diminution,False
z_70.5_16.5,2023,1,2023-S1,Stable,96.3,0.3,3.4,96.3,Stable,True
z_70.5_16.5,2023,2,2023-S2,Diminution,84.8,8.7,84.8,6.5,Diminution,True
z_70.5_16.5,2024,1,2024-S1,Stable,83.6,10.4,6.0,83.6,Stable,True
z_70.5_16.5,2024,2,2024-S2,Diminution,77.5,8.8,77.5,13.7,Diminution,True
z_70.5_16.5,2025,1,2025-S1,Stable,77.9,16.6,5.5,77.9,Stable,True
z_70.5_16.5,2025,2,2025-S2,Diminution,85.7,6.4,85.7,7.8,Diminution,True
z_70.5_19.5,2023,1,2023-S1,Stable,96.6,0.4,3.0,96.6,Stable,True
z_70.5_19.5,2024,1,2024-S1,Stable,96.6,0.4,3.0,96.6,Stable,True
z_70.5_19.5,2025,1,2025-S1,Stable,59.4,23.3,17.3,59.4,Stable,True
z_70.5_21.0,2023,1,2023-S1,Stable,96.1,0.8,3.1,96.1,Stable,True
z_70.5_21.0,2023,2,2023-S2,Stable,59.1,23.1,17.8,59.1,Stable,True
z_70.5_21.0,2024,1,2024-S1,Stable,78.9,15.9,5.3,78.9,Stable,True
z_70.5_21.0,2024,2,2024-S2,Stable,79.4,3.6,17.0,79.4,Stable,True
z_70.5_21.0,2025,1,2025-S1,Stable,94.8,2.6,2.5,94.8,Stable,True
z_70.5_21.0,2025,2,2025-S2,Stable,74.9,9.0,16.1,74.9,Stable,True
z_70.5_22.5,2023,1,2023-S1,Diminution,71.2,4.2,71.2,24.6,Stable,False
z_70.5_22.5,2023,2,2023-S2,Stable,70.0,20.5,9.4,70.0,Stable,True
z_70.5_22.5,2024,1,2024-S1,Diminution,77.3,4.5,77.3,18.2,Stable,False
z_70.5_22.5,2024,2,2024-S2,Stable,92.5,5.9,1.7,92.5,Stable,True
z_70.5_22.5,2025,1,2025-S1,Diminution,73.5,7.2,73.5,19.3,Augmentation,False
z_70.5_22.5,2025,2,2025-S2,Stable,51.0,43.3,5.7,51.0,Stable,True
z_70.5_24.0,2023,1,2023-S1,Diminution,61.3,15.6,61.3,23.0,Augmentation,False
z_70.5_24.0,2023,2,2023-S2,Augmentation,52.8,52.8,5.0,42.1,Stable,False
z_70.5_24.0,2024,1,2024-S1,Diminution,38.4,33.2,38.4,28.4,Stable,False
z_70.5_24.0,2024,2,2024-S2,Augmentation,50.7,50.7,7.8,41.5,Stable,False
z_70.5_24.0,2025,1,2025-S1,Diminution,60.9,16.3,60.9,22.8,Stable,False
z_70.5_24.0,2025,2,2025-S2,Augmentation,50.6,50.6,6.7,42.8,Stable,False
z_70.5_25.5,2023,1,2023-S1,Diminution,79.0,3.7,79.0,17.3,Diminution,True
z_70.5_25.5,2023,2,2023-S2,Stable,97.6,1.0,1.4,97.6,Stable,True
z_70.5_25.5,2024,1,2024-S1,Diminution,70.7,5.8,70.7,23.5,Diminution,True
z_70.5_25.5,2024,2,2024-S2,Stable,76.1,22.1,1.8,76.1,Stable,True
z_70.5_25.5,2025,1,2025-S1,Diminution,62.2,9.8,62.2,28.0,Diminution,True
z_70.5_25.5,2025,2,2025-S2,Stable,88.5,9.5,2.0,88.5,Stable,True
z_70.5_27.0,2023,1,2023-S1,Diminution,76.2,3.2,76.2,20.6,Diminution,True
z_70.5_27.0,2023,2,2023-S2,Diminution,89.4,2.5,89.4,8.1,Diminution,True
z_70.5_27.0,2024,1,2024-S1,Diminution,87.6,1.7,87.6,10.6,Diminution,True
z_70.5_27.0,2024,2,2024-S2,Diminution,88.9,1.4,88.9,9.7,Stable,False
z_70.5_27.0,2025,1,2025-S1,Diminution,85.4,1.7,85.4,13.0,Diminution,True
z_70.5_27.0,2025,2,2025-S2,Diminution,89.8,1.3,89.8,9.0,Stable,False
z_70.5_28.5,2023,1,2023-S1,Stable,96.6,0.4,2.9,96.6,Stable,True
z_70.5_28.5,2023,2,2023-S2,Stable,96.5,0.4,3.1,96.5,Stable,True
z_70.5_28.5,2024,1,2024-S1,Stable,59.6,30.0,10.4,59.6,Stable,True
z_70.5_28.5,2024,2,2024-S2,Stable,82.3,12.4,5.3,82.3,Stable,True
z_70.5_28.5,2025,1,2025-S1,Stable,87.2,7.4,5.4,87.2,Stable,True
z_70.5_28.5,2025,2,2025-S2,Stable,90.1,7.5,2.4,90.1,Stable,True
z_70.5_30.0,2023,1,2023-S1,Stable,93.6,2.6,3.7,93.6,Stable,True
z_70.5_30.0,2023,2,2023-S2,Stable,94.7,3.0,2.3,94.7,Stable,True
z_70.5_30.0,2024,1,2024-S1,Stable,92.2,4.7,3.1,92.2,Stable,True
z_70.5_30.0,2024,2,2024-S2,Stable,86.5,10.7,2.9,86.5,Stable,True
z_70.5_30.0,2025,1,2025-S1,Stable,96.2,1.8,2.0,96.2,Stable,True
z_70.5_30.0,2025,2,2025-S2,Stable,59.4,32.7,7.9,59.4,Stable,True
z_70.5_33.0,2023,1,2023-S1,Stable,96.2,0.1,3.7,96.2,Stable,True
z_70.5_33.0,2024,1,2024-S1,Stable,95.8,0.3,3.9,95.8,Stable,True
z_70.5_33.0,2025,1,2025-S1,Stable,96.4,0.2,3.5,96.4,Stable,True
z_72.0_13.5,2023,2,2023-S2,Stable,97.8,0.7,1.5,97.8,Stable,True
z_72.0_13.5,2024,2,2024-S2,Stable,98.3,0.3,1.4,98.3,Stable,True
z_72.0_13.5,2025,2,2025-S2,Stable,85.6,12.0,2.4,85.6,Stable,True
z_72.0_15.0,2023,1,2023-S1,Stable,97.6,0.1,2.3,97.6,Stable,True
z_72.0_15.0,2024,1,2024-S1,Stable,97.8,0.5,1.8,97.8,Stable,True
z_72.0_15.0,2025,1,2025-S1,Stable,82.8,13.1,4.2,82.8,Stable,True
z_72.0_19.5,2023,1,2023-S1,Stable,94.0,3.9,2.2,94.0,Stable,True
z_72.0_19.5,2023,2,2023-S2,Stable,97.7,1.1,1.2,97.7,Diminution,False
z_72.0_19.5,2024,1,2024-S1,Stable,94.3,3.1,2.7,94.3,Stable,True
z_72.0_19.5,2024,2,2024-S2,Stable,98.9,0.5,0.6,98.9,Diminution,False
z_72.0_19.5,2025,1,2025-S1,Stable,94.2,3.5,2.3,94.2,Stable,True
z_72.0_19.5,2025,2,2025-S2,Stable,98.7,0.5,0.8,98.7,Diminution,False
z_72.0_28.5,2023,1,2023-S1,Stable,97.6,0.2,2.2,97.6,Stable,True
z_72.0_28.5,2023,2,2023-S2,Stable,96.1,0.8,3.0,96.1,Stable,True
z_72.0_28.5,2024,1,2024-S1,Stable,97.6,0.2,2.2,97.6,Stable,True
z_72.0_28.5,2024,2,2024-S2,Stable,96.1,0.8,3.0,96.1,Stable,True
z_72.0_28.5,2025,1,2025-S1,Stable,97.6,0.2,2.2,97.6,Stable,True
z_72.0_28.5,2025,2,2025-S2,Stable,95.4,2.4,2.2,95.4,Stable,True
z_73.5_18.0,2023,2,2023-S2,Stable,83.2,14.4,2.4,83.2,Stable,True
z_73.5_18.0,2024,2,2024-S2,Stable,87.0,10.4,2.6,87.0,Stable,True
z_73.5_18.0,2025,2,2025-S2,Stable,77.7,19.6,2.7,77.7,Stable,True
z_73.5_21.0,2023,1,2023-S1,Stable,96.4,0.4,3.2,96.4,Stable,True
z_73.5_21.0,2023,2,2023-S2,Diminution,87.4,2.9,87.4,9.7,Stable,False
z_73.5_21.0,2024,1,2024-S1,Stable,96.8,0.8,2.4,96.8,Stable,True
z_73.5_21.0,2024,2,2024-S2,Diminution,88.5,2.2,88.5,9.3,Diminution,True
z_73.5_21.0,2025,1,2025-S1,Stable,97.5,0.7,1.8,97.5,Stable,True
z_73.5_21.0,2025,2,2025-S2,Diminution,86.9,2.9,86.9,10.1,Diminution,True
z_73.5_33.0,2023,1,2023-S1,Stable,96.6,0.3,3.1,96.6,Stable,True
z_73.5_33.0,2024,1,2024-S1,Stable,96.6,0.3,3.1,96.6,Stable,True
z_73.5_33.0,2025,1,2025-S1,Stable,97.3,0.6,2.1,97.3,Stable,True
z_73.5_34.5,2023,1,2023-S1,Stable,86.8,10.2,3.0,86.8,Stable,True
z_73.5_34.5,2024,1,2024-S1,Stable,96.0,0.7,3.3,96.0,Stable,True
z_73.5_34.5,2025,1,2025-S1,Stable,94.3,3.5,2.2,94.3,Stable,True
z_75.0_18.0,2023,2,2023-S2,Stable,96.0,0.6,3.4,96.0,Stable,True
z_75.0_18.0,2024,2,2024-S2,Stable,87.6,9.4,2.9,87.6,Stable,True
z_75.0_18.0,2025,2,2025-S2,Stable,95.8,0.6,3.6,95.8,Stable,True
z_75.0_31.5,2023,1,2023-S1,Stable,96.4,0.3,3.3,96.4,Stable,True
z_75.0_31.5,2024,1,2024-S1,Stable,90.6,6.6,2.8,90.6,Stable,True
z_75.0_31.5,2025,1,2025-S1,Stable,91.3,5.9,2.8,91.3,Stable,True
z_75.0_33.0,2023,2,2023-S2,Stable,60.9,22.7,16.4,60.9,Stable,True
z_75.0_33.0,2024,2,2024-S2,Stable,78.8,7.7,13.6,78.8,Stable,True
z_75.0_33.0,2025,2,2025-S2,Stable,70.9,15.2,13.9,70.9,Stable,True
z_75.0_34.5,2023,1,2023-S1,Stable,96.7,0.3,3.0,96.7,Stable,True
z_75.0_34.5,2023,2,2023-S2,Diminution,87.0,2.3,87.0,10.7,Diminution,True
z_75.0_34.5,2024,1,2024-S1,Stable,96.3,0.8,2.9,96.3,Augmentation,False
z_75.0_34.5,2024,2,2024-S2,Diminution,80.4,8.0,80.4,11.7,Diminution,True
z_75.0_34.5,2025,1,2025-S1,Stable,81.2,13.7,5.2,81.2,Stable,True
z_75.0_34.5,2025,2,2025-S2,Diminution,79.1,7.1,79.1,13.8,Diminution,True
z_75.0_36.0,2023,1,2023-S1,Stable,97.5,0.1,2.4,97.5,Stable,True
z_75.0_36.0,2023,2,2023-S2,Stable,96.8,1.3,1.9,96.8,Stable,True
z_75.0_36.0,2024,1,2024-S1,Stable,94.8,2.4,2.8,94.8,Stable,True
z_75.0_36.0,2024,2,2024-S2,Stable,97.8,0.4,1.8,97.8,Stable,True
z_75.0_36.0,2025,1,2025-S1,Stable,97.4,0.1,2.5,97.4,Stable,True
z_75.0_36.0,2025,2,2025-S2,Stable,96.5,1.0,2.5,96.5,Stable,True
z_76.5_13.5,2023,1,2023-S1,Stable,96.7,1.4,1.9,96.7,Stable,True
z_76.5_13.5,2023,2,2023-S2,Diminution,87.4,1.1,87.4,11.5,Diminution,True
z_76.5_13.5,2024,1,2024-S1,Stable,96.7,1.4,1.9,96.7,Stable,True
z_76.5_13.5,2024,2,2024-S2,Diminution,82.5,1.3,82.5,16.3,Diminution,True
z_76.5_13.5,2025,1,2025-S1,Stable,88.6,9.0,2.3,88.6,Stable,True
z_76.5_13.5,2025,2,2025-S2,Diminution,82.4,2.2,82.4,15.4,Diminution,True
z_76.5_33.0,2023,1,2023-S1,Stable,98.1,0.7,1.3,98.1,Stable,True
z_76.5_33.0,2023,2,2023-S2,Stable,98.8,0.0,1.1,98.8,Stable,True
z_76.5_33.0,2024,1,2024-S1,Stable,98.4,0.0,1.6,98.4,Stable,True
z_76.5_33.0,2024,2,2024-S2,Stable,98.7,0.3,1.1,98.7,Stable,True
z_76.5_33.0,2025,1,2025-S1,Stable,94.6,3.8,1.6,94.6,Stable,True
z_76.5_33.0,2025,2,2025-S2,Stable,98.7,0.1,1.3,98.7,Stable,True
z_78.0_10.5,2023,1,2023-S1,Stable,98.1,0.0,1.8,98.1,Stable,True
z_78.0_10.5,2023,2,2023-S2,Stable,98.3,0.0,1.7,98.3,Stable,True
z_78.0_10.5,2024,1,2024-S1,Stable,98.1,0.0,1.8,98.1,Stable,True
z_78.0_10.5,2024,2,2024-S2,Stable,98.3,0.0,1.7,98.3,Stable,True
z_78.0_10.5,2025,1,2025-S1,Stable,98.1,0.0,1.8,98.1,Stable,True
z_78.0_10.5,2025,2,2025-S2,Stable,98.1,0.6,1.3,98.1,Stable,True
z_78.0_13.5,2023,1,2023-S1,Stable,98.9,0.1,0.9,98.9,Stable,True
z_78.0_13.5,2023,2,2023-S2,Diminution,84.8,3.3,84.8,11.9,Diminution,True
z_78.0_13.5,2024,1,2024-S1,Stable,98.0,0.5,1.5,98.0,Stable,True
z_78.0_13.5,2024,2,2024-S2,Diminution,86.3,1.6,86.3,12.1,Diminution,True
z_78.0_13.5,2025,1,2025-S1,Stable,97.7,0.9,1.4,97.7,Stable,True
z_78.0_13.5,2025,2,2025-S2,Diminution,74.9,7.2,74.9,17.9,Stable,False
z_78.0_15.0,2023,2,2023-S2,Stable,97.0,0.5,2.6,97.0,Diminution,False
z_78.0_15.0,2024,2,2024-S2,Stable,89.9,8.4,1.8,89.9,Stable,True
z_78.0_15.0,2025,2,2025-S2,Stable,97.0,0.5,2.6,97.0,Diminution,False
z_79.5_10.5,2023,1,2023-S1,Diminution,76.9,2.7,76.9,20.4,Stable,False
z_79.5_10.5,2023,2,2023-S2,Stable,77.5,2.4,20.1,77.5,Stable,True
z_79.5_10.5,2024,1,2024-S1,Diminution,77.7,0.9,77.7,21.4,Stable,False
z_79.5_10.5,2024,2,2024-S2,Stable,82.7,0.4,16.9,82.7,Stable,True
z_79.5_10.5,2025,1,2025-S1,Diminution,85.8,0.3,85.8,13.9,Stable,False
z_79.5_10.5,2025,2,2025-S2,Stable,99.0,0.1,0.9,99.0,Stable,True
