zone,annee,semestre,semestre_annee,tendance,confiance,proba_Augmentation,proba_Diminution,proba_Stable,tendance_reelle,correct
z_24.0_-18.0,2023,1,2023-S1,Stable,99.1,0.0,0.9,99.1,Stable,True
z_24.0_-18.0,2024,1,2024-S1,Stable,99.1,0.0,0.9,99.1,Stable,True
z_24.0_-18.0,2025,1,2025-S1,Stable,98.9,0.4,0.7,98.9,Stable,True
z_24.0_-19.5,2023,1,2023-S1,Stable,99.3,0.0,0.7,99.3,Stable,True
z_24.0_-19.5,2024,1,2024-S1,Stable,97.8,1.0,1.2,97.8,Stable,True
z_24.0_-19.5,2025,1,2025-S1,Stable,99.3,0.0,0.6,99.3,Stable,True
z_27.0_-15.0,2023,1,2023-S1,Stable,97.5,0.1,2.4,97.5,Stable,True
z_27.0_-15.0,2023,2,2023-S2,Stable,61.6,24.2,14.2,61.6,Stable,True
z_27.0_-15.0,2024,1,2024-S1,Stable,86.4,8.6,5.0,86.4,Stable,True
z_27.0_-15.0,2024,2,2024-S2,Stable,79.1,4.0,16.9,79.1,Stable,True
z_27.0_-15.0,2025,1,2025-S1,Stable,97.1,0.1,2.9,97.1,Stable,True
z_27.0_-15.0,2025,2,2025-S2,Stable,82.4,0.8,16.8,82.4,Stable,True
z_27.0_-16.5,2023,1,2023-S1,Augmentation,77.4,77.4,15.0,7.6,Stable,False
z_27.0_-16.5,2023,2,2023-S2,Augmentation,53.5,53.5,34.3,12.2,Diminution,False
z_27.0_-16.5,2024,1,2024-S1,Augmentation,50.1,50.1,37.7,12.2,Augmentation,True
z_27.0_-16.5,2024,2,2024-S2,Augmentation,50.4,50.4,38.8,10.9,Augmentation,True
z_27.0_-16.5,2025,1,2025-S1,Augmentation,69.8,69.8,19.3,10.9,Augmentation,True
z_27.0_-16.5,2025,2,2025-S2,Augmentation,68.9,68.9,23.0,8.1,Diminution,False
z_28.5_-13.5,2023,1,2023-S1,Stable,98.9,0.0,1.0,98.9,Stable,True
z_28.5_-13.5,2023,2,2023-S2,Stable,97.5,0.7,1.8,97.5,Stable,True
z_28.5_-13.5,2024,1,2024-S1,Stable,98.9,0.0,1.0,98.9,Stable,True
z_28.5_-13.5,2024,2,2024-S2,Stable,96.3,2.2,1.5,96.3,Stable,True
z_28.5_-13.5,2025,1,2025-S1,Stable,97.1,1.4,1.5,97.1,Stable,True
z_28.5_-13.5,2025,2,2025-S2,Stable,96.7,2.1,1.1,96.7,Stable,True
z_28.5_-15.0,2023,1,2023-S1,Diminution,71.0,6.1,71.0,22.9,Stable,False
z_28.5_-15.0,2023,2,2023-S2,Stable,82.6,8.0,9.5,82.6,Stable,True
z_28.5_-15.0,2024,1,2024-S1,Diminution,52.2,21.2,52.2,26.6,Stable,False
z_28.5_-15.0,2024,2,2024-S2,Stable,59.8,37.0,3.2,59.8,Stable,True
z_28.5_-15.0,2025,1,2025-S1,Diminution,71.0,11.7,71.0,17.3,Stable,False
z_28.5_-15.0,2025,2,2025-S2,Stable,55.4,35.3,9.2,55.4,Stable,True
z_28.5_-16.5,2023,1,2023-S1,Diminution,62.8,17.3,62.8,19.8,Stable,False
z_28.5_-16.5,2023,2,2023-S2,Diminution,72.1,6.7,72.1,21.2,Diminution,True
z_28.5_-16.5,2024,1,2024-S1,Diminution,68.5,6.8,68.5,24.7,Stable,False
z_28.5_-16.5,2024,2,2024-S2,Diminution,63.2,14.0,63.2,22.8,Stable,False
z_28.5_-16.5,2025,1,2025-S1,Diminution,49.4,23.7,49.4,26.9,Stable,False
z_28.5_-16.5,2025,2,2025-S2,Diminution,45.5,30.1,45.5,24.4,Diminution,True
z_30.0_-10.5,2023,1,2023-S1,Stable,96.6,0.4,3.1,96.6,Stable,True
z_30.0_-10.5,2023,2,2023-S2,Stable,97.9,0.1,2.0,97.9,Stable,True
z_30.0_-10.5,2024,1,2024-S1,Stable,96.6,0.4,3.1,96.6,Stable,True
z_30.0_-10.5,2024,2,2024-S2,Stable,98.0,0.9,1.0,98.0,Stable,True
z_30.0_-10.5,2025,1,2025-S1,Stable,80.4,16.3,3.2,80.4,Stable,True
z_30.0_-10.5,2025,2,2025-S2,Stable,93.2,5.2,1.6,93.2,Stable,True
z_30.0_-13.5,2023,1,2023-S1,Diminution,84.8,0.6,84.8,14.6,Diminution,True
z_30.0_-13.5,2024,1,2024-S1,Diminution,85.8,0.8,85.8,13.4,Stable,False
z_30.0_-13.5,2025,1,2025-S1,Diminution,85.6,1.0,85.6,13.4,Stable,False
z_30.0_-15.0,2023,1,2023-S1,Diminution,78.2,4.6,78.2,17.2,Diminution,True
z_30.0_-15.0,2024,1,2024-S1,Diminution,78.7,0.9,78.7,20.3,Diminution,True
z_30.0_-15.0,2025,1,2025-S1,Diminution,86.5,1.2,86.5,12.3,Stable,False
z_30.0_28.5,2023,1,2023-S1,Diminution,68.9,4.0,68.9,27.0,Stable,False
z_30.0_28.5,2023,2,2023-S2,Diminution,57.5,19.8,57.5,22.7,Diminution,True
z_30.0_28.5,2024,1,2024-S1,Diminution,61.3,17.1,61.3,21.5,Diminution,True
z_30.0_28.5,2024,2,2024-S2,Diminution,70.5,13.4,70.5,16.1,Diminution,True
z_30.0_28.5,2025,1,2025-S1,Diminution,71.5,3.1,71.5,25.4,Diminution,True
z_30.0_28.5,2025,2,2025-S2,Diminution,78.6,7.2,78.6,14.2,Stable,False
z_30.0_30.0,2023,1,2023-S1,Stable,96.7,1.6,1.7,96.7,Stable,True
z_30.0_30.0,2023,2,2023-S2,Stable,99.0,0.0,0.9,99.0,Stable,True
z_30.0_30.0,2024,1,2024-S1,Stable,94.7,3.4,1.9,94.7,Stable,True
z_30.0_30.0,2024,2,2024-S2,Stable,91.8,5.5,2.8,91.8,Stable,True
z_30.0_30.0,2025,1,2025-S1,Stable,96.6,1.8,1.6,96.6,Stable,True
z_30.0_30.0,2025,2,2025-S2,Stable,99.0,0.4,0.6,99.0,Stable,True
z_30.0_31.5,2023,1,2023-S1,Diminution,48.9,24.9,48.9,26.2,Augmentation,False
z_30.0_31.5,2023,2,2023-S2,Diminution,37.8,37.6,37.8,24.6,Stable,False
z_30.0_31.5,2024,1,2024-S1,Diminution,38.3,34.2,38.3,27.5,Stable,False
z_30.0_31.5,2024,2,2024-S2,Diminution,62.4,15.1,62.4,22.5,Augmentation,False
z_30.0_31.5,2025,1,2025-S1,Augmentation,44.4,44.4,33.3,22.3,Stable,False
z_30.0_31.5,2025,2,2025-S2,Diminution,52.7,24.0,52.7,23.3,Diminution,True
z_31.5_-15.0,2023,1,2023-S1,Stable,99.1,0.3,0.6,99.1,Stable,True
z_31.5_-15.0,2023,2,2023-S2,Stable,94.7,3.2,2.1,94.7,Stable,True
z_31.5_-15.0,2024,1,2024-S1,Stable,99.0,0.3,0.7,99.0,Stable,True
z_31.5_-15.0,2024,2,2024-S2,Stable,98.9,0.3,0.8,98.9,Stable,True
z_31.5_-15.0,2025,1,2025-S1,Stable,99.1,0.5,0.4,99.1,Stable,True
z_31.5_-15.0,2025,2,2025-S2,Stable,96.7,1.9,1.3,96.7,Stable,True
z_31.5_-18.0,2023,1,2023-S1,Stable,80.6,17.7,1.7,80.6,Stable,True
z_31.5_-18.0,2023,2,2023-S2,Stable,68.8,27.7,3.5,68.8,Stable,True
z_31.5_-18.0,2024,1,2024-S1,Stable,55.1,41.0,3.9,55.1,Stable,True
z_31.5_-18.0,2024,2,2024-S2,Stable,73.1,19.6,7.3,73.1,Stable,True
z_31.5_-18.0,2025,1,2025-S1,Stable,84.2,9.5,6.3,84.2,Stable,True
z_31.5_-18.0,2025,2,2025-S2,Stable,90.3,6.7,3.0,90.3,Stable,True
z_31.5_31.5,2023,1,2023-S1,Stable,89.7,7.6,2.6,89.7,Stable,True
z_31.5_31.5,2024,1,2024-S1,Stable,94.6,2.4,2.9,94.6,Stable,True
z_31.5_31.5,2025,1,2025-S1,Stable,93.7,3.2,3.1,93.7,Stable,True
z_33.0_-13.5,2023,1,2023-S1,Stable,99.2,0.0,0.8,99.2,Stable,True
z_33.0_-13.5,2023,2,2023-S2,Stable,97.5,1.1,1.4,97.5,Stable,True
z_33.0_-13.5,2024,1,2024-S1,Stable,94.5,4.6,0.9,94.5,Stable,True
z_33.0_-13.5,2024,2,2024-S2,Stable,95.5,2.5,2.0,95.5,Stable,True
z_33.0_-13.5,2025,1,2025-S1,Stable,99.2,0.0,0.8,99.2,Stable,True
z_33.0_-13.5,2025,2,2025-S2,Stable,98.8,0.2,1.0,98.8,Stable,True
z_33.0_-9.0,2023,1,2023-S1,Stable,80.2,11.5,8.4,80.2,Stable,True
z_33.0_-9.0,2023,2,2023-S2,Stable,89.4,8.0,2.5,89.4,Stable,True
z_33.0_-9.0,2024,1,2024-S1,Stable,82.4,11.5,6.1,82.4,Stable,True
z_33.0_-9.0,2024,2,2024-S2,Stable,56.0,38.1,5.9,56.0,Stable,True
z_33.0_-9.0,2025,1,2025-S1,Stable,65.3,30.8,3.8,65.3,Stable,True
z_33.0_-9.0,2025,2,2025-S2,Stable,80.3,9.6,10.2,80.3,Augmentation,False
z_33.0_10.5,2023,1,2023-S1,Stable,99.3,0.0,0.6,99.3,Stable,True
z_33.0_10.5,2024,1,2024-S1,Stable,99.3,0.0,0.6,99.3,Stable,True
z_33.0_10.5,2025,1,2025-S1,Stable,99.3,0.0,0.6,99.3,Stable,True
z_33.0_18.0,2023,2,2023-S2,Stable,99.2,0.0,0.7,99.2,Stable,True
z_33.0_18.0,2024,2,2024-S2,Stable,99.2,0.0,0.7,99.2,Stable,True
z_33.0_18.0,2025,2,2025-S2,Stable,96.8,1.8,1.4,96.8,Stable,True
z_33.0_25.5,2023,1,2023-S1,Stable,98.8,0.0,1.2,98.8,Stable,True
z_33.0_25.5,2024,1,2024-S1,Stable,98.8,0.0,1.2,98.8,Stable,True
z_33.0_25.5,2025,1,2025-S1,Stable,96.9,1.6,1.5,96.9,Stable,True
z_34.5_-1.5,2023,1,2023-S1,Stable,94.8,2.9,2.3,94.8,Stable,True
z_34.5_-1.5,2023,2,2023-S2,Stable,59.1,30.2,10.7,59.1,Stable,True
z_34.5_-1.5,2024,1,2024-S1,Stable,76.5,18.0,5.5,76.5,Stable,True
z_34.5_-1.5,2024,2,2024-S2,Stable,82.8,5.0,12.2,82.8,Stable,True
z_34.5_-1.5,2025,1,2025-S1,Stable,94.1,2.5,3.4,94.1,Stable,True
z_34.5_-1.5,2025,2,2025-S2,Stable,85.6,2.0,12.4,85.6,Stable,True
z_34.5_-10.5,2023,1,2023-S1,Stable,99.2,0.2,0.6,99.2,Stable,True
z_34.5_-10.5,2023,2,2023-S2,Stable,99.2,0.0,0.7,99.2,Stable,True
z_34.5_-10.5,2024,1,2024-S1,Stable,99.2,0.2,0.6,99.2,Stable,True
z_34.5_-10.5,2024,2,2024-S2,Stable,99.1,0.4,0.5,99.1,Stable,True
z_34.5_-10.5,2025,1,2025-S1,Stable,97.6,1.1,1.3,97.6,Stable,True
z_34.5_-10.5,2025,2,2025-S2,Stable,99.4,0.0,0.6,99.4,Stable,True
z_34.5_-4.5,2023,1,2023-S1,Stable,67.4,26.6,6.0,67.4,Stable,True
z_34.5_-4.5,2023,2,2023-S2,Diminution,78.4,6.0,78.4,15.6,Stable,False
z_34.5_-4.5,2024,1,2024-S1,Stable,77.8,14.8,7.4,77.8,Stable,True
z_34.5_-4.5,2024,2,2024-S2,Diminution,79.8,7.3,79.8,12.8,Stable,False
z_34.5_-4.5,2025,1,2025-S1,Stable,75.3,21.4,3.3,75.3,Stable,True
z_34.5_-4.5,2025,2,2025-S2,Diminution,79.5,6.2,79.5,14.3,Stable,False
z_34.5_-6.0,2023,1,2023-S1,Diminution,65.1,18.0,65.1,16.8,Stable,False
z_34.5_-6.0,2023,2,2023-S2,Diminution,73.0,12.0,73.0,15.1,Diminution,True
z_34.5_-6.0,2024,1,2024-S1,Diminution,77.9,8.5,77.9,13.5,Augmentation,False
z_34.5_-6.0,2024,2,2024-S2,Diminution,56.2,20.2,56.2,23.6,Stable,False
z_34.5_-6.0,2025,1,2025-S1,Diminution,48.8,33.8,48.8,17.4,Stable,False
z_34.5_-6.0,2025,2,2025-S2,Diminution,55.4,25.6,55.4,19.0,Diminution,True
z_34.5_-7.5,2023,1,2023-S1,Stable,86.4,9.4,4.2,86.4,Stable,True
z_34.5_-7.5,2023,2,2023-S2,Stable,94.5,3.6,1.9,94.5,Stable,True
z_34.5_-7.5,2024,1,2024-S1,Stable,60.8,31.5,7.7,60.8,Stable,True
z_34.5_-7.5,2024,2,2024-S2,Stable,78.7,16.4,4.9,78.7,Stable,True
z_34.5_-7.5,2025,1,2025-S1,Stable,84.8,7.4,7.7,84.8,Stable,True
z_34.5_-7.5,2025,2,2025-S2,Stable,95.4,1.7,2.9,95.4,Stable,True
z_34.5_0.0,2023,1,2023-S1,Stable,95.1,1.3,3.6,95.1,Stable,True
z_34.5_0.0,2023,2,2023-S2,Stable,98.5,0.2,1.3,98.5,Stable,True
z_34.5_0.0,2024,1,2024-S1,Stable,81.9,12.5,5.6,81.9,Stable,True
z_34.5_0.0,2024,2,2024-S2,Stable,98.4,0.4,1.2,98.4,Stable,True
z_34.5_0.0,2025,1,2025-S1,Stable,92.2,4.7,3.1,92.2,Stable,True
z_34.5_0.0,2025,2,2025-S2,Stable,98.9,0.0,1.1,98.9,Stable,True
z_34.5_12.0,2023,1,2023-S1,Diminution,80.6,7.1,80.6,12.3,Stable,False
z_34.5_12.0,2023,2,2023-S2,Stable,89.2,8.2,2.6,89.2,Stable,True
z_34.5_12.0,2024,1,2024-S1,Diminution,76.2,6.7,76.2,17.1,Diminution,True
z_34.5_12.0,2024,2,2024-S2,Stable,86.8,10.1,3.0,86.8,Stable,True
z_34.5_12.0,2025,1,2025-S1,Diminution,60.0,21.1,60.0,18.9,Diminution,True
z_34.5_12.0,2025,2,2025-S2,Stable,58.3,38.4,3.3,58.3,Stable,True
z_34.5_13.5,2023,1,2023-S1,Augmentation,49.9,49.9,42.7,7.4,Stable,False
z_34.5_13.5,2023,2,2023-S2,Augmentation,64.5,64.5,29.6,5.9,Augmentation,True
z_34.5_13.5,2024,1,2024-S1,Augmentation,46.9,46.9,45.0,8.0,Augmentation,True
z_34.5_13.5,2024,2,2024-S2,Augmentation,66.8,66.8,27.7,5.4,Augmentation,True
z_34.5_13.5,2025,1,2025-S1,Augmentation,62.8,62.8,32.2,5.0,Augmentation,True
z_34.5_13.5,2025,2,2025-S2,Augmentation,69.1,69.1,25.5,5.4,Augmentation,True
z_34.5_16.5,2023,1,2023-S1,Diminution,89.4,2.1,89.4,8.5,Diminution,True
z_34.5_16.5,2024,1,2024-S1,Diminution,88.0,1.9,88.0,10.1,Diminution,True
z_34.5_16.5,2025,1,2025-S1,Diminution,89.3,1.9,89.3,8.8,Diminution,True
z_34.5_18.0,2023,1,2023-S1,Stable,99.3,0.0,0.6,99.3,Stable,True
z_34.5_18.0,2024,1,2024-S1,Stable,99.3,0.0,0.6,99.3,Stable,True
z_34.5_18.0,2025,1,2025-S1,Stable,97.7,1.0,1.3,97.7,Stable,True
z_34.5_19.5,2023,1,2023-S1,Stable,96.7,1.7,1.6,96.7,Diminution,False
z_34.5_19.5,2023,2,2023-S2,Stable,99.3,0.0,0.6,99.3,Stable,True
z_34.5_19.5,2024,1,2024-S1,Stable,96.7,1.7,1.6,96.7,Stable,True
z_34.5_19.5,2024,2,2024-S2,Stable,99.2,0.4,0.4,99.2,Stable,True
z_34.5_19.5,2025,1,2025-S1,Stable,93.9,4.0,2.1,93.9,Diminution,False
z_34.5_19.5,2025,2,2025-S2,Stable,99.5,0.0,0.5,99.5,Stable,True
z_34.5_22.5,2023,1,2023-S1,Stable,74.1,17.4,8.5,74.1,Augmentation,False
z_34.5_22.5,2023,2,2023-S2,Diminution,66.1,12.1,66.1,21.8,Stable,False
z_34.5_22.5,2024,1,2024-S1,Stable,44.8,42.1,13.1,44.8,Stable,True
z_34.5_22.5,2024,2,2024-S2,Diminution,71.5,11.7,71.5,16.8,Stable,False
z_34.5_22.5,2025,1,2025-S1,Stable,61.0,31.2,7.8,61.0,Stable,True
z_34.5_22.5,2025,2,2025-S2,Diminution,76.8,6.6,76.8,16.7,Stable,False
z_34.5_24.0,2023,1,2023-S1,Diminution,46.9,44.7,46.9,8.4,Stable,False
z_34.5_24.0,2023,2,2023-S2,Diminution,57.9,33.2,57.9,8.8,Stable,False
z_34.5_24.0,2024,1,2024-S1,Diminution,52.3,38.8,52.3,8.9,Stable,False
z_34.5_24.0,2024,2,2024-S2,Augmentation,56.3,56.3,35.5,8.3,Diminution,False
z_34.5_24.0,2025,1,2025-S1,Diminution,57.2,33.8,57.2,9.0,Diminution,True
z_34.5_24.0,2025,2,2025-S2,Diminution,60.4,32.0,60.4,7.6,Stable,False
z_34.5_25.5,2023,1,2023-S1,Diminution,66.8,5.6,66.8,27.6,Stable,False
z_34.5_25.5,2023,2,2023-S2,Diminution,65.1,11.7,65.1,23.3,Augmentation,False
z_34.5_25.5,2024,1,2024-S1,Diminution,60.2,20.7,60.2,19.1,Diminution,True
z_34.5_25.5,2024,2,2024-S2,Diminution,51.6,19.6,51.6,28.8,Diminution,True
z_34.5_25.5,2025,1,2025-S1,Diminution,74.3,6.9,74.3,18.8,Stable,False
z_34.5_25.5,2025,2,2025-S2,Diminution,71.1,9.4,71.1,19.5,Stable,False
z_34.5_27.0,2023,1,2023-S1,Stable,77.0,16.2,6.8,77.0,Stable,True
z_34.5_27.0,2023,2,2023-S2,Diminution,64.9,11.6,64.9,23.5,Stable,False
z_34.5_27.0,2024,1,2024-S1,Stable,62.8,33.6,3.6,62.8,Stable,True
z_34.5_27.0,2024,2,2024-S2,Diminution,79.0,2.0,79.0,19.0,Diminution,True
z_34.5_27.0,2025,1,2025-S1,Stable,92.1,5.3,2.6,92.1,Stable,True
z_34.5_27.0,2025,2,2025-S2,Diminution,73.3,5.1,73.3,21.7,Diminution,True
z_34.5_31.5,2023,1,2023-S1,Diminution,45.6,28.1,45.6,26.4,Diminution,True
z_34.5_31.5,2023,2,2023-S2,Diminution,39.1,34.4,39.1,26.5,Stable,False
z_34.5_31.5,2024,1,2024-S1,Augmentation,42.2,42.2,32.2,25.7,Diminution,False
z_34.5_31.5,2024,2,2024-S2,Augmentation,49.0,49.0,29.7,21.3,Stable,False
z_34.5_31.5,2025,1,2025-S1,Diminution,56.9,24.4,56.9,18.7,Diminution,True
z_34.5_31.5,2025,2,2025-S2,Diminution,59.7,14.1,59.7,26.2,Stable,False
z_34.5_33.0,2023,1,2023-S1,Augmentation,54.0,54.0,29.8,16.2,Augmentation,True
z_34.5_33.0,2023,2,2023-S2,Diminution,45.6,38.9,45.6,15.5,Augmentation,False
z_34.5_33.0,2024,1,2024-S1,Augmentation,54.0,54.0,28.0,18.1,Stable,False
z_34.5_33.0,2024,2,2024-S2,Augmentation,48.4,48.4,36.8,14.8,Stable,False
z_34.5_33.0,2025,1,2025-S1,Augmentation,51.7,51.7,32.1,16.2,Augmentation,True
z_34.5_33.0,2025,2,2025-S2,Augmentation,50.0,50.0,34.4,15.6,Diminution,False
z_36.0_-1.5,2023,1,2023-S1,Stable,74.1,23.4,2.5,74.1,Stable,True
z_36.0_-1.5,2023,2,2023-S2,Stable,93.8,3.1,3.2,93.8,Stable,True
z_36.0_-1.5,2024,1,2024-S1,Stable,90.4,6.0,3.6,90.4,Stable,True
z_36.0_-1.5,2024,2,2024-S2,Stable,90.8,5.3,3.9,90.8,Stable,True
z_36.0_-1.5,2025,1,2025-S1,Stable,94.0,2.6,3.4,94.0,Stable,True
z_36.0_-1.5,2025,2,2025-S2,Stable,92.8,5.2,2.0,92.8,Stable,True
z_36.0_-10.5,2023,1,2023-S1,Augmentation,50.3,50.3,6.1,43.6,Stable,False
z_36.0_-10.5,2023,2,2023-S2,Diminution,37.4,32.3,37.4,30.3,Stable,False
z_36.0_-10.5,2024,1,2024-S1,Augmentation,55.1,55.1,8.9,36.0,Stable,False
z_36.0_-10.5,2024,2,2024-S2,Diminution,65.1,15.2,65.1,19.8,Stable,False
z_36.0_-10.5,2025,1,2025-S1,Augmentation,57.4,57.4,7.9,34.6,Augmentation,True
z_36.0_-10.5,2025,2,2025-S2,Diminution,49.3,25.5,49.3,25.2,Stable,False
z_36.0_-12.0,2023,1,2023-S1,Stable,98.8,0.1,1.1,98.8,Stable,True
z_36.0_-12.0,2024,1,2024-S1,Stable,99.2,0.2,0.6,99.2,Stable,True
z_36.0_-12.0,2025,1,2025-S1,Stable,98.9,0.1,1.0,98.9,Stable,True
z_36.0_-3.0,2023,1,2023-S1,Augmentation,59.1,59.1,30.7,10.2,Augmentation,True
z_36.0_-3.0,2023,2,2023-S2,Augmentation,80.7,80.7,12.3,7.0,Stable,False
z_36.0_-3.0,2024,1,2024-S1,Augmentation,62.8,62.8,25.3,11.9,Stable,False
z_36.0_-3.0,2024,2,2024-S2,Augmentation,60.7,60.7,28.4,10.9,Stable,False
z_36.0_-3.0,2025,1,2025-S1,Augmentation,49.9,49.9,36.9,13.2,Stable,False
z_36.0_-3.0,2025,2,2025-S2,Augmentation,61.1,61.1,26.4,12.5,Augmentation,True
z_36.0_-4.5,2023,1,2023-S1,Diminution,52.2,19.7,52.2,28.2,Stable,False
z_36.0_-4.5,2023,2,2023-S2,Diminution,57.1,17.8,57.1,25.1,Augmentation,False
z_36.0_-4.5,2024,1,2024-S1,Diminution,43.5,29.2,43.5,27.2,Stable,False
z_36.0_-4.5,2024,2,2024-S2,Diminution,45.2,30.7,45.2,24.1,Stable,False
z_36.0_-4.5,2025,1,2025-S1,Diminution,61.1,17.9,61.1,21.0,Stable,False
z_36.0_-4.5,2025,2,2025-S2,Diminution,44.3,25.8,44.3,29.9,Diminution,True
z_36.0_-6.0,2023,1,2023-S1,Augmentation,52.5,52.5,39.5,8.0,Diminution,False
z_36.0_-6.0,2023,2,2023-S2,Augmentation,56.0,56.0,37.5,6.5,Diminution,False
z_36.0_-6.0,2024,1,2024-S1,Diminution,60.3,32.9,60.3,6.8,Diminution,True
z_36.0_-6.0,2024,2,2024-S2,Diminution,64.3,30.7,64.3,5.0,Diminution,True
z_36.0_-6.0,2025,1,2025-S1,Diminution,77.8,17.2,77.8,5.0,Diminution,True
z_36.0_-6.0,2025,2,2025-S2,Diminution,65.7,28.0,65.7,6.3,Diminution,True
z_36.0_-7.5,2023,1,2023-S1,Augmentation,78.6,78.6,13.1,8.3,Stable,False
z_36.0_-7.5,2023,2,2023-S2,Augmentation,57.9,57.9,31.8,10.3,Augmentation,True
z_36.0_-7.5,2024,1,2024-S1,Augmentation,56.7,56.7,29.7,13.5,Augmentation,True
z_36.0_-7.5,2024,2,2024-S2,Augmentation,48.0,48.0,36.9,15.1,Stable,False
z_36.0_-7.5,2025,1,2025-S1,Augmentation,47.7,47.7,36.5,15.9,Augmentation,True
z_36.0_-7.5,2025,2,2025-S2,Augmentation,72.3,72.3,17.2,10.6,Diminution,False
z_36.0_-9.0,2023,1,2023-S1,Diminution,52.8,23.8,52.8,23.4,Augmentation,False
z_36.0_-9.0,2023,2,2023-S2,Diminution,38.7,35.1,38.7,26.2,Augmentation,False
z_36.0_-9.0,2024,1,2024-S1,Augmentation,55.4,55.4,24.1,20.5,Augmentation,True
z_36.0_-9.0,2024,2,2024-S2,Augmentation,57.6,57.6,26.3,16.2,Augmentation,True
z_36.0_-9.0,2025,1,2025-S1,Augmentation,60.9,60.9,27.1,12.0,Diminution,False
z_36.0_-9.0,2025,2,2025-S2,Augmentation,49.6,49.6,35.2,15.2,Stable,False
z_36.0_0.0,2023,1,2023-S1,Stable,74.0,22.8,3.2,74.0,Stable,True
z_36.0_0.0,2023,2,2023-S2,Stable,87.2,10.4,2.4,87.2,Stable,True
z_36.0_0.0,2024,1,2024-S1,Stable,95.8,1.9,2.3,95.8,Stable,True
z_36.0_0.0,2024,2,2024-S2,Stable,95.6,1.8,2.6,95.6,Stable,True
z_36.0_0.0,2025,1,2025-S1,Stable,78.4,20.3,1.3,78.4,Stable,True
z_36.0_0.0,2025,2,2025-S2,Stable,84.2,13.4,2.4,84.2,Stable,True
z_36.0_10.5,2023,1,2023-S1,Augmentation,62.3,62.3,7.4,30.3,Stable,False
z_36.0_10.5,2023,2,2023-S2,Diminution,50.7,26.0,50.7,23.3,Stable,False
z_36.0_10.5,2024,1,2024-S1,Augmentation,54.2,54.2,7.7,38.1,Stable,False
z_36.0_10.5,2024,2,2024-S2,Diminution,45.4,31.7,45.4,22.9,Stable,False
z_36.0_10.5,2025,1,2025-S1,Stable,48.0,41.9,10.1,48.0,Stable,True
z_36.0_10.5,2025,2,2025-S2,Diminution,59.3,16.5,59.3,24.2,Stable,False
z_36.0_12.0,2023,1,2023-S1,Diminution,39.3,29.6,39.3,31.1,Stable,False
z_36.0_12.0,2023,2,2023-S2,Diminution,47.8,27.7,47.8,24.5,Stable,False
z_36.0_12.0,2024,1,2024-S1,Diminution,44.3,28.4,44.3,27.3,Stable,False
z_36.0_12.0,2024,2,2024-S2,Augmentation,39.1,39.1,38.4,22.5,Augmentation,True
z_36.0_12.0,2025,1,2025-S1,Diminution,38.3,37.6,38.3,24.1,Stable,False
z_36.0_12.0,2025,2,2025-S2,Augmentation,40.6,40.6,39.1,20.4,Stable,False
z_36.0_13.5,2023,1,2023-S1,Diminution,51.7,37.9,51.7,10.4,Augmentation,False
z_36.0_13.5,2023,2,2023-S2,Augmentation,73.2,73.2,16.2,10.6,Diminution,False
z_36.0_13.5,2024,1,2024-S1,Diminution,44.7,43.6,44.7,11.8,Augmentation,False
z_36.0_13.5,2024,2,2024-S2,Augmentation,57.2,57.2,31.0,11.8,Augmentation,True
z_36.0_13.5,2025,1,2025-S1,Augmentation,65.3,65.3,26.6,8.1,Diminution,False
z_36.0_13.5,2025,2,2025-S2,Augmentation,63.6,63.6,24.7,11.7,Diminution,False
z_36.0_15.0,2023,1,2023-S1,Diminution,52.8,35.9,52.8,11.3,Diminution,True
z_36.0_15.0,2023,2,2023-S2,Diminution,58.5,32.6,58.5,8.9,Stable,False
z_36.0_15.0,2024,1,2024-S1,Diminution,47.7,37.0,47.7,15.4,Augmentation,False
z_36.0_15.0,2024,2,2024-S2,Augmentation,49.8,49.8,30.3,19.8,Stable,False
z_36.0_15.0,2025,1,2025-S1,Augmentation,58.7,58.7,22.6,18.7,Augmentation,True
z_36.0_15.0,2025,2,2025-S2,Augmentation,65.6,65.6,20.8,13.6,Diminution,False
z_36.0_16.5,2023,1,2023-S1,Stable,75.0,19.8,5.1,75.0,Stable,True
z_36.0_16.5,2023,2,2023-S2,Stable,80.3,2.6,17.1,80.3,Stable,True
z_36.0_16.5,2024,1,2024-S1,Stable,94.9,2.5,2.6,94.9,Stable,True
z_36.0_16.5,2024,2,2024-S2,Stable,83.0,3.7,13.3,83.0,Stable,True
z_36.0_16.5,2025,1,2025-S1,Stable,83.7,12.7,3.6,83.7,Stable,True
z_36.0_16.5,2025,2,2025-S2,Stable,97.9,1.3,0.8,97.9,Stable,True
z_36.0_18.0,2023,1,2023-S1,Stable,96.2,1.4,2.4,96.2,Stable,True
z_36.0_18.0,2023,2,2023-S2,Stable,55.6,37.9,6.5,55.6,Stable,True
z_36.0_18.0,2024,1,2024-S1,Stable,78.8,16.0,5.3,78.8,Diminution,False
z_36.0_18.0,2024,2,2024-S2,Stable,84.3,5.7,10.0,84.3,Stable,True
z_36.0_18.0,2025,1,2025-S1,Stable,95.6,0.9,3.5,95.6,Diminution,False
z_36.0_18.0,2025,2,2025-S2,Stable,89.1,1.8,9.1,89.1,Stable,True
z_36.0_19.5,2023,1,2023-S1,Diminution,75.7,14.5,75.7,9.8,Diminution,True
z_36.0_19.5,2023,2,2023-S2,Diminution,86.0,2.0,86.0,11.9,Diminution,True
z_36.0_19.5,2024,1,2024-S1,Diminution,88.3,1.9,88.3,9.8,Diminution,True
z_36.0_19.5,2024,2,2024-S2,Diminution,83.1,1.3,83.1,15.6,Diminution,True
z_36.0_19.5,2025,1,2025-S1,Diminution,88.2,2.5,88.2,9.3,Diminution,True
z_36.0_19.5,2025,2,2025-S2,Diminution,88.6,1.5,88.6,9.8,Stable,False
z_36.0_21.0,2023,1,2023-S1,Stable,55.0,38.5,6.5,55.0,Stable,True
z_36.0_21.0,2023,2,2023-S2,Diminution,65.4,13.2,65.4,21.4,Stable,False
z_36.0_21.0,2024,1,2024-S1,Stable,52.1,39.6,8.3,52.1,Augmentation,False
z_36.0_21.0,2024,2,2024-S2,Diminution,48.7,27.5,48.7,23.7,Stable,False
z_36.0_21.0,2025,1,2025-S1,Augmentation,52.7,52.7,10.3,37.1,Stable,False
z_36.0_21.0,2025,2,2025-S2,Diminution,68.4,13.2,68.4,18.4,Diminution,True
z_36.0_22.5,2023,1,2023-S1,Diminution,50.4,37.5,50.4,12.1,Augmentation,False
z_36.0_22.5,2023,2,2023-S2,Diminution,51.7,39.8,51.7,8.5,Stable,False
z_36.0_22.5,2024,1,2024-S1,Augmentation,72.6,72.6,19.2,8.3,Stable,False
z_36.0_22.5,2024,2,2024-S2,Augmentation,61.8,61.8,29.8,8.3,Stable,False
z_36.0_22.5,2025,1,2025-S1,Augmentation,63.4,63.4,26.5,10.1,Stable,False
z_36.0_22.5,2025,2,2025-S2,Diminution,51.1,39.2,51.1,9.7,Diminution,True
z_36.0_24.0,2023,1,2023-S1,Augmentation,75.7,75.7,19.4,4.8,Augmentation,True
z_36.0_24.0,2023,2,2023-S2,Augmentation,72.6,72.6,22.1,5.2,Stable,False
z_36.0_24.0,2024,1,2024-S1,Augmentation,70.9,70.9,23.5,5.6,Stable,False
z_36.0_24.0,2024,2,2024-S2,Augmentation,67.4,67.4,27.6,5.1,Augmentation,True
z_36.0_24.0,2025,1,2025-S1,Augmentation,70.2,70.2,25.5,4.4,Augmentation,True
z_36.0_24.0,2025,2,2025-S2,Augmentation,69.8,69.8,26.5,3.7,Diminution,False
z_36.0_25.5,2023,1,2023-S1,Diminution,52.0,39.1,52.0,8.9,Stable,False
z_36.0_25.5,2023,2,2023-S2,Diminution,65.2,26.1,65.2,8.7,Augmentation,False
z_36.0_25.5,2024,1,2024-S1,Diminution,56.3,33.8,56.3,9.9,Stable,False
z_36.0_25.5,2024,2,2024-S2,Diminution,65.5,26.6,65.5,7.9,Stable,False
z_36.0_25.5,2025,1,2025-S1,Diminution,54.5,35.3,54.5,10.2,Stable,False
z_36.0_25.5,2025,2,2025-S2,Augmentation,50.2,50.2,41.5,8.3,Stable,False
z_36.0_27.0,2023,1,2023-S1,Augmentation,57.8,57.8,34.1,8.1,Augmentation,True
z_36.0_27.0,2023,2,2023-S2,Augmentation,52.9,52.9,40.2,6.9,Diminution,False
z_36.0_27.0,2024,1,2024-S1,Diminution,56.8,35.5,56.8,7.7,Augmentation,False
z_36.0_27.0,2024,2,2024-S2,Diminution,51.7,41.1,51.7,7.2,Stable,False
z_36.0_27.0,2025,1,2025-S1,Augmentation,47.5,47.5,44.2,8.3,Stable,False
z_36.0_27.0,2025,2,2025-S2,Diminution,72.3,21.7,72.3,6.0,Stable,False
z_36.0_30.0,2023,1,2023-S1,Stable,95.7,2.2,2.1,95.7,Stable,True
z_36.0_30.0,2023,2,2023-S2,Stable,84.2,13.3,2.5,84.2,Stable,True
z_36.0_30.0,2024,1,2024-S1,Stable,96.2,1.2,2.5,96.2,Stable,True
z_36.0_30.0,2024,2,2024-S2,Stable,96.5,0.4,3.1,96.5,Stable,True
z_36.0_30.0,2025,1,2025-S1,Stable,96.6,0.7,2.7,96.6,Stable,True
z_36.0_30.0,2025,2,2025-S2,Stable,94.9,3.8,1.3,94.9,Stable,True
z_36.0_34.5,2023,1,2023-S1,Augmentation,55.9,55.9,7.7,36.4,Stable,False
z_36.0_34.5,2023,2,2023-S2,Stable,54.9,38.9,6.2,54.9,Stable,True
z_36.0_34.5,2024,1,2024-S1,Stable,71.3,24.4,4.3,71.3,Stable,True
z_36.0_34.5,2024,2,2024-S2,Stable,49.1,46.0,4.9,49.1,Diminution,False
z_36.0_34.5,2025,1,2025-S1,Augmentation,50.1,50.1,5.8,44.1,Stable,False
z_36.0_34.5,2025,2,2025-S2,Stable,52.0,44.0,4.0,52.0,Diminution,False
z_36.0_36.0,2023,1,2023-S1,Stable,94.3,2.9,2.7,94.3,Stable,True
z_36.0_36.0,2023,2,2023-S2,Stable,93.9,3.4,2.7,93.9,Stable,True
z_36.0_36.0,2024,1,2024-S1,Stable,94.3,2.9,2.7,94.3,Stable,True
z_36.0_36.0,2024,2,2024-S2,Stable,93.9,3.4,2.7,93.9,Stable,True
z_36.0_36.0,2025,1,2025-S1,Stable,94.3,2.9,2.7,94.3,Stable,True
z_36.0_36.0,2025,2,2025-S2,Stable,95.0,3.4,1.6,95.0,Stable,True
z_36.0_4.5,2023,1,2023-S1,Diminution,67.5,5.1,67.5,27.4,Diminution,True
z_36.0_4.5,2023,2,2023-S2,Diminution,71.6,4.1,71.6,24.3,Stable,False
z_36.0_4.5,2024,1,2024-S1,Diminution,79.2,4.0,79.2,16.7,Diminution,True
z_36.0_4.5,2024,2,2024-S2,Diminution,75.6,6.0,75.6,18.4,Stable,False
z_36.0_4.5,2025,1,2025-S1,Diminution,76.6,4.4,76.6,19.0,Diminution,True
z_36.0_4.5,2025,2,2025-S2,Diminution,77.5,2.8,77.5,19.7,Stable,False
z_36.0_9.0,2023,1,2023-S1,Stable,83.7,13.3,3.0,83.7,Augmentation,False
z_36.0_9.0,2023,2,2023-S2,Stable,54.4,34.7,10.9,54.4,Stable,True
z_36.0_9.0,2024,1,2024-S1,Stable,73.7,20.4,5.9,73.7,Stable,True
z_36.0_9.0,2024,2,2024-S2,Stable,70.4,20.6,9.0,70.4,Stable,True
z_36.0_9.0,2025,1,2025-S1,Stable,90.3,6.2,3.5,90.3,Stable,True
z_36.0_9.0,2025,2,2025-S2,Stable,86.5,6.0,7.5,86.5,Stable,True
z_37.5_-1.5,2023,1,2023-S1,Diminution,51.7,30.6,51.7,17.7,Augmentation,False
z_37.5_-1.5,2023,2,2023-S2,Diminution,44.9,39.4,44.9,15.7,Stable,False
z_37.5_-1.5,2024,1,2024-S1,Augmentation,47.6,47.6,36.3,16.1,Stable,False
z_37.5_-1.5,2024,2,2024-S2,Augmentation,43.4,43.4,32.8,23.8,Augmentation,True
z_37.5_-1.5,2025,1,2025-S1,Augmentation,55.4,55.4,24.2,20.4,Stable,False
z_37.5_-1.5,2025,2,2025-S2,Augmentation,63.1,63.1,21.8,15.1,Augmentation,True
z_37.5_-10.5,2023,1,2023-S1,Diminution,54.1,37.3,54.1,8.6,Augmentation,False
z_37.5_-10.5,2023,2,2023-S2,Augmentation,65.7,65.7,23.0,11.3,Augmentation,True
z_37.5_-10.5,2024,1,2024-S1,Augmentation,48.0,48.0,43.1,8.9,Augmentation,True
z_37.5_-10.5,2024,2,2024-S2,Augmentation,78.1,78.1,14.4,7.5,Stable,False
z_37.5_-10.5,2025,1,2025-S1,Augmentation,54.0,54.0,35.8,10.1,Augmentation,True
z_37.5_-10.5,2025,2,2025-S2,Augmentation,75.6,75.6,15.2,9.2,Stable,False
z_37.5_-13.5,2023,1,2023-S1,Stable,98.3,0.3,1.3,98.3,Stable,True
z_37.5_-13.5,2023,2,2023-S2,Stable,97.0,1.3,1.7,97.0,Stable,True
z_37.5_-13.5,2024,1,2024-S1,Stable,98.3,0.3,1.3,98.3,Stable,True
z_37.5_-13.5,2024,2,2024-S2,Stable,97.0,1.3,1.7,97.0,Stable,True
z_37.5_-13.5,2025,1,2025-S1,Stable,98.2,0.8,1.0,98.2,Stable,True
z_37.5_-13.5,2025,2,2025-S2,Stable,90.0,7.6,2.3,90.0,Stable,True
z_37.5_-22.5,2023,1,2023-S1,Stable,99.1,0.0,0.8,99.1,Stable,True
z_37.5_-22.5,2024,1,2024-S1,Stable,97.7,1.0,1.4,97.7,Stable,True
z_37.5_-22.5,2025,1,2025-S1,Stable,99.2,0.0,0.8,99.2,Stable,True
z_37.5_-25.5,2023,2,2023-S2,Stable,95.7,2.3,2.0,95.7,Stable,True
z_37.5_-25.5,2024,2,2024-S2,Stable,86.7,10.1,3.2,86.7,Stable,True
z_37.5_-25.5,2025,2,2025-S2,Stable,95.8,2.5,1.7,95.8,Stable,True
z_37.5_-27.0,2023,1,2023-S1,Diminution,80.1,5.1,80.1,14.8,Diminution,True
z_37.5_-27.0,2023,2,2023-S2,Stable,77.8,18.0,4.3,77.8,Stable,True
z_37.5_-27.0,2024,1,2024-S1,Diminution,84.0,4.7,84.0,11.3,Diminution,True
z_37.5_-27.0,2024,2,2024-S2,Stable,77.0,19.6,3.4,77.0,Stable,True
z_37.5_-27.0,2025,1,2025-S1,Diminution,84.7,4.6,84.7,10.7,Augmentation,False
z_37.5_-27.0,2025,2,2025-S2,Stable,55.9,38.7,5.3,55.9,Stable,True
z_37.5_-28.5,2023,1,2023-S1,Stable,97.7,1.2,1.1,97.7,Diminution,False
z_37.5_-28.5,2023,2,2023-S2,Stable,95.7,2.5,1.8,95.7,Stable,True
z_37.5_-28.5,2024,1,2024-S1,Stable,89.6,9.3,1.2,89.6,Stable,True
z_37.5_-28.5,2024,2,2024-S2,Stable,68.5,28.9,2.5,68.5,Stable,True
z_37.5_-28.5,2025,1,2025-S1,Stable,68.8,28.8,2.4,68.8,Diminution,False
z_37.5_-28.5,2025,2,2025-S2,Stable,85.0,11.5,3.6,85.0,Stable,True
z_37.5_-30.0,2023,1,2023-S1,Stable,95.6,0.9,3.6,95.6,Stable,True
z_37.5_-30.0,2023,2,2023-S2,Stable,96.5,0.9,2.6,96.5,Stable,True
z_37.5_-30.0,2024,1,2024-S1,Stable,95.6,0.9,3.6,95.6,Stable,True
z_37.5_-30.0,2024,2,2024-S2,Stable,96.5,0.9,2.6,96.5,Stable,True
z_37.5_-30.0,2025,1,2025-S1,Stable,95.6,0.9,3.6,95.6,Stable,True
z_37.5_-30.0,2025,2,2025-S2,Stable,97.5,1.3,1.2,97.5,Stable,True
z_37.5_-9.0,2023,1,2023-S1,Diminution,48.6,37.5,48.6,13.8,Diminution,True
z_37.5_-9.0,2023,2,2023-S2,Diminution,39.8,34.6,39.8,25.7,Augmentation,False
z_37.5_-9.0,2024,1,2024-S1,Augmentation,45.8,45.8,34.8,19.5,Stable,False
z_37.5_-9.0,2024,2,2024-S2,Augmentation,70.8,70.8,14.2,15.0,Augmentation,True
z_37.5_-9.0,2025,1,2025-S1,Diminution,45.2,41.2,45.2,13.6,Diminution,True
z_37.5_-9.0,2025,2,2025-S2,Augmentation,49.2,49.2,33.2,17.6,Augmentation,True
z_37.5_0.0,2023,1,2023-S1,Augmentation,61.3,61.3,9.0,29.7,Stable,False
z_37.5_0.0,2023,2,2023-S2,Diminution,49.3,33.8,49.3,16.9,Stable,False
z_37.5_0.0,2024,1,2024-S1,Augmentation,64.8,64.8,9.3,25.9,Stable,False
z_37.5_0.0,2024,2,2024-S2,Diminution,44.0,35.0,44.0,21.0,Stable,False
z_37.5_0.0,2025,1,2025-S1,Augmentation,55.7,55.7,6.6,37.7,Stable,False
z_37.5_0.0,2025,2,2025-S2,Diminution,60.9,21.9,60.9,17.2,Stable,False
z_37.5_1.5,2023,2,2023-S2,Stable,95.4,1.3,3.3,95.4,Diminution,False
z_37.5_1.5,2024,2,2024-S2,Stable,96.0,0.5,3.5,96.0,Diminution,False
z_37.5_1.5,2025,2,2025-S2,Stable,96.4,1.7,1.9,96.4,Stable,True
z_37.5_10.5,2023,1,2023-S1,Stable,62.0,32.9,5.1,62.0,Stable,True
z_37.5_10.5,2023,2,2023-S2,Stable,62.4,34.7,3.0,62.4,Stable,True
z_37.5_10.5,2024,1,2024-S1,Stable,80.2,11.5,8.4,80.2,Stable,True
z_37.5_10.5,2024,2,2024-S2,Stable,91.9,5.2,2.9,91.9,Stable,True
z_37.5_10.5,2025,1,2025-S1,Stable,89.2,1.4,9.4,89.2,Stable,True
z_37.5_10.5,2025,2,2025-S2,Stable,47.9,46.7,5.3,47.9,Stable,True
z_37.5_12.0,2023,1,2023-S1,Diminution,66.9,17.3,66.9,15.8,Augmentation,False
z_37.5_12.0,2023,2,2023-S2,Diminution,41.5,32.2,41.5,26.3,Stable,False
z_37.5_12.0,2024,1,2024-S1,Augmentation,39.6,39.6,39.4,21.1,Stable,False
z_37.5_12.0,2024,2,2024-S2,Diminution,49.4,32.0,49.4,18.5,Stable,False
z_37.5_12.0,2025,1,2025-S1,Diminution,47.3,28.0,47.3,24.8,Augmentation,False
z_37.5_12.0,2025,2,2025-S2,Diminution,46.3,33.2,46.3,20.5,Stable,False
z_37.5_13.5,2023,1,2023-S1,Stable,61.2,36.1,2.7,61.2,Stable,True
z_37.5_13.5,2023,2,2023-S2,Stable,61.9,33.8,4.3,61.9,Stable,True
z_37.5_13.5,2024,1,2024-S1,Stable,55.8,41.1,3.1,55.8,Augmentation,False
z_37.5_13.5,2024,2,2024-S2,Augmentation,49.7,49.7,5.0,45.3,Stable,False
z_37.5_13.5,2025,1,2025-S1,Augmentation,56.0,56.0,8.6,35.4,Stable,False
z_37.5_13.5,2025,2,2025-S2,Augmentation,63.9,63.9,9.8,26.3,Stable,False
z_37.5_15.0,2023,1,2023-S1,Diminution,75.6,12.9,75.6,11.4,Augmentation,False
z_37.5_15.0,2023,2,2023-S2,Diminution,52.9,25.0,52.9,22.1,Stable,False
z_37.5_15.0,2024,1,2024-S1,Diminution,51.1,29.9,51.1,19.0,Stable,False
z_37.5_15.0,2024,2,2024-S2,Diminution,44.7,39.0,44.7,16.3,Augmentation,False
z_37.5_15.0,2025,1,2025-S1,Augmentation,49.1,49.1,41.0,9.9,Stable,False
z_37.5_15.0,2025,2,2025-S2,Augmentation,59.4,59.4,29.3,11.3,Stable,False
z_37.5_16.5,2023,1,2023-S1,Diminution,69.1,3.9,69.1,27.0,Stable,False
z_37.5_16.5,2023,2,2023-S2,Stable,82.4,5.6,12.0,82.4,Stable,True
z_37.5_16.5,2024,1,2024-S1,Diminution,78.2,3.2,78.2,18.6,Diminution,True
z_37.5_16.5,2024,2,2024-S2,Stable,95.5,2.2,2.3,95.5,Stable,True
z_37.5_16.5,2025,1,2025-S1,Diminution,78.2,2.6,78.2,19.2,Diminution,True
z_37.5_16.5,2025,2,2025-S2,Stable,95.8,2.0,2.2,95.8,Augmentation,False
z_37.5_19.5,2023,1,2023-S1,Augmentation,47.0,47.0,35.4,17.6,Diminution,False
z_37.5_19.5,2023,2,2023-S2,Diminution,55.7,33.1,55.7,11.2,Augmentation,False
z_37.5_19.5,2024,1,2024-S1,Augmentation,68.8,68.8,18.4,12.8,Diminution,False
z_37.5_19.5,2024,2,2024-S2,Diminution,45.2,42.9,45.2,11.8,Stable,False
z_37.5_19.5,2025,1,2025-S1,Augmentation,59.7,59.7,26.5,13.8,Stable,False
z_37.5_19.5,2025,2,2025-S2,Augmentation,56.2,56.2,34.1,9.8,Diminution,False
z_37.5_21.0,2023,1,2023-S1,Diminution,54.5,38.4,54.5,7.1,Augmentation,False
z_37.5_21.0,2023,2,2023-S2,Diminution,49.5,43.0,49.5,7.5,Augmentation,False
z_37.5_21.0,2024,1,2024-S1,Augmentation,51.0,51.0,41.9,7.1,Diminution,False
z_37.5_21.0,2024,2,2024-S2,Augmentation,50.8,50.8,39.8,9.4,Augmentation,True
z_37.5_21.0,2025,1,2025-S1,Diminution,63.0,31.0,63.0,6.0,Stable,False
z_37.5_21.0,2025,2,2025-S2,Augmentation,55.1,55.1,36.3,8.5,Diminution,False
z_37.5_22.5,2023,1,2023-S1,Augmentation,56.1,56.1,34.4,9.5,Augmentation,True
z_37.5_22.5,2023,2,2023-S2,Diminution,62.0,30.2,62.0,7.8,Stable,False
z_37.5_22.5,2024,1,2024-S1,Augmentation,61.6,61.6,31.7,6.8,Augmentation,True
z_37.5_22.5,2024,2,2024-S2,Augmentation,57.3,57.3,32.6,10.1,Augmentation,True
z_37.5_22.5,2025,1,2025-S1,Augmentation,68.0,68.0,23.4,8.6,Stable,False
z_37.5_22.5,2025,2,2025-S2,Augmentation,53.1,53.1,38.4,8.5,Diminution,False
z_37.5_24.0,2023,1,2023-S1,Augmentation,51.0,51.0,42.6,6.3,Stable,False
z_37.5_24.0,2023,2,2023-S2,Augmentation,49.5,49.5,44.4,6.1,Diminution,False
z_37.5_24.0,2024,1,2024-S1,Diminution,46.2,46.1,46.2,7.6,Diminution,True
z_37.5_24.0,2024,2,2024-S2,Diminution,68.7,25.0,68.7,6.3,Stable,False
z_37.5_24.0,2025,1,2025-S1,Diminution,49.1,44.9,49.1,6.0,Stable,False
z_37.5_24.0,2025,2,2025-S2,Augmentation,48.9,48.9,44.0,7.1,Diminution,False
z_37.5_25.5,2023,1,2023-S1,Augmentation,54.4,54.4,33.2,12.4,Stable,False
z_37.5_25.5,2023,2,2023-S2,Diminution,52.2,34.7,52.2,13.2,Augmentation,False
z_37.5_25.5,2024,1,2024-S1,Augmentation,61.4,61.4,25.6,13.0,Diminution,False
z_37.5_25.5,2024,2,2024-S2,Diminution,46.2,40.4,46.2,13.5,Diminution,True
z_37.5_25.5,2025,1,2025-S1,Diminution,46.9,42.2,46.9,10.9,Stable,False
z_37.5_25.5,2025,2,2025-S2,Diminution,45.1,42.7,45.1,12.2,Diminution,True
z_37.5_27.0,2023,1,2023-S1,Stable,93.3,3.8,2.9,93.3,Stable,True
z_37.5_27.0,2023,2,2023-S2,Stable,63.8,34.2,2.0,63.8,Diminution,False
z_37.5_27.0,2024,1,2024-S1,Stable,78.0,19.3,2.7,78.0,Stable,True
z_37.5_27.0,2024,2,2024-S2,Stable,92.7,4.6,2.7,92.7,Diminution,False
z_37.5_27.0,2025,1,2025-S1,Stable,95.4,2.3,2.3,95.4,Stable,True
z_37.5_27.0,2025,2,2025-S2,Stable,93.7,4.3,2.0,93.7,Stable,True
z_37.5_4.5,2023,1,2023-S1,Stable,97.1,1.5,1.4,97.1,Stable,True
z_37.5_4.5,2023,2,2023-S2,Diminution,91.7,0.1,91.7,8.2,Stable,False
z_37.5_4.5,2024,1,2024-S1,Stable,93.1,5.5,1.4,93.1,Stable,True
z_37.5_4.5,2024,2,2024-S2,Diminution,86.7,0.3,86.7,13.0,Diminution,True
z_37.5_4.5,2025,1,2025-S1,Stable,97.2,1.2,1.6,97.2,Stable,True
z_37.5_4.5,2025,2,2025-S2,Diminution,90.7,0.1,90.7,9.2,Diminution,True
z_37.5_6.0,2023,1,2023-S1,Stable,93.0,5.1,1.9,93.0,Stable,True
z_37.5_6.0,2024,1,2024-S1,Stable,94.9,3.3,1.8,94.9,Stable,True
z_37.5_6.0,2025,1,2025-S1,Stable,82.5,14.5,3.1,82.5,Stable,True
z_37.5_7.5,2023,1,2023-S1,Stable,62.2,29.2,8.6,62.2,Stable,True
z_37.5_7.5,2023,2,2023-S2,Stable,65.7,30.9,3.5,65.7,Diminution,False
z_37.5_7.5,2024,1,2024-S1,Stable,78.8,11.5,9.6,78.8,Stable,True
z_37.5_7.5,2024,2,2024-S2,Stable,81.9,14.6,3.5,81.9,Stable,True
z_37.5_7.5,2025,1,2025-S1,Stable,93.1,4.9,2.0,93.1,Stable,True
z_37.5_7.5,2025,2,2025-S2,Stable,84.7,11.6,3.7,84.7,Stable,True
z_37.5_9.0,2023,1,2023-S1,Diminution,72.4,7.4,72.4,20.2,Diminution,True
z_37.5_9.0,2023,2,2023-S2,Stable,88.1,6.3,5.6,88.1,Stable,True
z_37.5_9.0,2024,1,2024-S1,Diminution,65.7,7.0,65.7,27.3,Stable,False
z_37.5_9.0,2024,2,2024-S2,Stable,83.5,9.7,6.9,83.5,Stable,True
z_37.5_9.0,2025,1,2025-S1,Diminution,45.6,27.1,45.6,27.3,Stable,False
z_37.5_9.0,2025,2,2025-S2,Stable,55.3,41.5,3.2,55.3,Stable,True
z_39.0_-1.5,2023,1,2023-S1,Augmentation,47.0,47.0,33.2,19.8,Stable,False
z_39.0_-1.5,2023,2,2023-S2,Augmentation,45.6,45.6,32.0,22.4,Stable,False
z_39.0_-1.5,2024,1,2024-S1,Augmentation,46.5,46.5,33.7,19.8,Stable,False
z_39.0_-1.5,2024,2,2024-S2,Augmentation,48.4,48.4,31.9,19.8,Stable,False
z_39.0_-1.5,2025,1,2025-S1,Augmentation,44.3,44.3,33.9,21.8,Augmentation,True
z_39.0_-1.5,2025,2,2025-S2,Augmentation,49.5,49.5,30.9,19.6,Stable,False
z_39.0_-10.5,2023,1,2023-S1,Diminution,49.8,27.2,49.8,23.0,Diminution,True
z_39.0_-10.5,2023,2,2023-S2,Diminution,66.5,14.5,66.5,19.0,Augmentation,False
z_39.0_-10.5,2024,1,2024-S1,Diminution,41.3,29.1,41.3,29.6,Diminution,True
z_39.0_-10.5,2024,2,2024-S2,Diminution,48.5,27.6,48.5,23.9,Stable,False
z_39.0_-10.5,2025,1,2025-S1,Diminution,60.6,15.5,60.6,23.9,Stable,False
z_39.0_-10.5,2025,2,2025-S2,Diminution,49.2,28.3,49.2,22.4,Stable,False
z_39.0_-31.5,2023,1,2023-S1,Stable,99.5,0.2,0.3,99.5,Stable,True
z_39.0_-31.5,2023,2,2023-S2,Stable,91.5,6.6,1.9,91.5,Stable,True
z_39.0_-31.5,2024,1,2024-S1,Stable,99.5,0.0,0.5,99.5,Stable,True
z_39.0_-31.5,2024,2,2024-S2,Stable,96.3,1.8,1.9,96.3,Stable,True
z_39.0_-31.5,2025,1,2025-S1,Stable,99.3,0.2,0.5,99.3,Stable,True
z_39.0_-31.5,2025,2,2025-S2,Stable,86.3,11.2,2.5,86.3,Stable,True
z_39.0_-9.0,2023,1,2023-S1,Stable,53.9,39.8,6.3,53.9,Diminution,False
z_39.0_-9.0,2023,2,2023-S2,Diminution,59.0,16.4,59.0,24.6,Diminution,True
z_39.0_-9.0,2024,1,2024-S1,Stable,69.3,27.5,3.1,69.3,Diminution,False
z_39.0_-9.0,2024,2,2024-S2,Diminution,83.8,6.2,83.8,9.9,Stable,False
z_39.0_-9.0,2025,1,2025-S1,Stable,49.6,42.7,7.8,49.6,Stable,True
z_39.0_-9.0,2025,2,2025-S2,Diminution,61.5,15.5,61.5,23.0,Stable,False
z_39.0_0.0,2023,1,2023-S1,Diminution,69.5,10.6,69.5,19.9,Stable,False
z_39.0_0.0,2023,2,2023-S2,Diminution,51.5,25.6,51.5,22.9,Stable,False
z_39.0_0.0,2024,1,2024-S1,Diminution,54.9,19.8,54.9,25.3,Stable,False
z_39.0_0.0,2024,2,2024-S2,Diminution,44.5,27.7,44.5,27.8,Stable,False
z_39.0_0.0,2025,1,2025-S1,Diminution,35.9,32.0,35.9,32.0,Diminution,True
z_39.0_0.0,2025,2,2025-S2,Diminution,55.1,23.3,55.1,21.6,Stable,False
z_39.0_1.5,2023,1,2023-S1,Diminution,58.2,26.6,58.2,15.2,Diminution,True
z_39.0_1.5,2023,2,2023-S2,Diminution,57.5,23.4,57.5,19.1,Augmentation,False
z_39.0_1.5,2024,1,2024-S1,Diminution,50.8,26.4,50.8,22.8,Diminution,True
z_39.0_1.5,2024,2,2024-S2,Diminution,45.7,30.6,45.7,23.6,Stable,False
z_39.0_1.5,2025,1,2025-S1,Diminution,67.6,14.4,67.6,18.0,Stable,False
z_39.0_1.5,2025,2,2025-S2,Diminution,41.2,27.4,41.2,31.4,Stable,False
z_39.0_10.5,2023,1,2023-S1,Stable,83.1,12.4,4.6,83.1,Stable,True
z_39.0_10.5,2023,2,2023-S2,Stable,98.8,0.0,1.1,98.8,Stable,True
z_39.0_10.5,2024,1,2024-S1,Stable,92.9,4.0,3.1,92.9,Stable,True
z_39.0_10.5,2024,2,2024-S2,Stable,92.1,6.3,1.6,92.1,Stable,True
z_39.0_10.5,2025,1,2025-S1,Stable,86.0,9.3,4.7,86.0,Stable,True
z_39.0_10.5,2025,2,2025-S2,Stable,98.3,0.0,1.7,98.3,Stable,True
z_39.0_13.5,2023,1,2023-S1,Stable,83.9,13.2,2.8,83.9,Stable,True
z_39.0_13.5,2023,2,2023-S2,Stable,95.7,2.1,2.2,95.7,Stable,True
z_39.0_13.5,2024,1,2024-S1,Stable,95.6,1.1,3.2,95.6,Stable,True
z_39.0_13.5,2024,2,2024-S2,Stable,95.9,1.5,2.6,95.9,Stable,True
z_39.0_13.5,2025,1,2025-S1,Stable,94.9,1.9,3.2,94.9,Stable,True
z_39.0_13.5,2025,2,2025-S2,Stable,95.9,0.9,3.2,95.9,Stable,True
z_39.0_15.0,2023,1,2023-S1,Stable,61.1,26.9,12.0,61.1,Stable,True
z_39.0_15.0,2023,2,2023-S2,Stable,68.4,23.9,7.6,68.4,Stable,True
z_39.0_15.0,2024,1,2024-S1,Stable,83.7,8.7,7.6,83.7,Stable,True
z_39.0_15.0,2024,2,2024-S2,Stable,82.5,13.3,4.2,82.5,Stable,True
z_39.0_15.0,2025,1,2025-S1,Stable,85.1,2.7,12.2,85.1,Stable,True
z_39.0_15.0,2025,2,2025-S2,Stable,83.1,12.8,4.1,83.1,Stable,True
z_39.0_16.5,2023,1,2023-S1,Diminution,54.1,13.6,54.1,32.2,Stable,False
z_39.0_16.5,2023,2,2023-S2,Diminution,51.5,18.4,51.5,30.1,Stable,False
z_39.0_16.5,2024,1,2024-S1,Diminution,49.6,23.7,49.6,26.8,Stable,False
z_39.0_16.5,2024,2,2024-S2,Diminution,39.9,28.8,39.9,31.3,Stable,False
z_39.0_16.5,2025,1,2025-S1,Diminution,50.0,23.1,50.0,26.9,Augmentation,False
z_39.0_16.5,2025,2,2025-S2,Augmentation,38.1,38.1,32.6,29.4,Stable,False
z_39.0_18.0,2023,1,2023-S1,Diminution,39.1,36.3,39.1,24.6,Diminution,True
z_39.0_18.0,2023,2,2023-S2,Diminution,54.3,22.6,54.3,23.1,Diminution,True
z_39.0_18.0,2024,1,2024-S1,Diminution,52.7,22.3,52.7,25.0,Augmentation,False
z_39.0_18.0,2024,2,2024-S2,Diminution,41.5,33.7,41.5,24.7,Augmentation,False
z_39.0_18.0,2025,1,2025-S1,Augmentation,50.3,50.3,26.8,22.9,Stable,False
z_39.0_18.0,2025,2,2025-S2,Augmentation,42.5,42.5,33.3,24.2,Stable,False
z_39.0_19.5,2023,1,2023-S1,Augmentation,70.6,70.6,22.9,6.5,Augmentation,True
z_39.0_19.5,2023,2,2023-S2,Augmentation,59.0,59.0,34.6,6.4,Diminution,False
z_39.0_19.5,2024,1,2024-S1,Augmentation,64.9,64.9,28.8,6.4,Stable,False
z_39.0_19.5,2024,2,2024-S2,Diminution,59.7,32.8,59.7,7.5,Stable,False
z_39.0_19.5,2025,1,2025-S1,Augmentation,64.1,64.1,29.2,6.7,Augmentation,True
z_39.0_19.5,2025,2,2025-S2,Augmentation,46.9,46.9,46.0,7.1,Diminution,False
z_39.0_22.5,2023,1,2023-S1,Augmentation,48.7,48.7,41.1,10.3,Diminution,False
z_39.0_22.5,2023,2,2023-S2,Diminution,52.8,38.8,52.8,8.5,Augmentation,False
z_39.0_22.5,2024,1,2024-S1,Augmentation,49.0,49.0,44.7,6.3,Diminution,False
z_39.0_22.5,2024,2,2024-S2,Diminution,55.6,35.6,55.6,8.9,Diminution,True
z_39.0_22.5,2025,1,2025-S1,Diminution,64.7,25.0,64.7,10.3,Stable,False
z_39.0_22.5,2025,2,2025-S2,Diminution,49.2,41.7,49.2,9.1,Diminution,True
z_39.0_24.0,2023,1,2023-S1,Diminution,59.5,20.3,59.5,20.3,Stable,False
z_39.0_24.0,2023,2,2023-S2,Diminution,39.1,37.1,39.1,23.8,Diminution,True
z_39.0_24.0,2024,1,2024-S1,Diminution,53.7,28.0,53.7,18.3,Stable,False
z_39.0_24.0,2024,2,2024-S2,Augmentation,39.8,39.8,36.8,23.5,Stable,False
z_39.0_24.0,2025,1,2025-S1,Diminution,47.6,32.5,47.6,19.8,Diminution,True
z_39.0_24.0,2025,2,2025-S2,Diminution,59.1,16.6,59.1,24.3,Diminution,True
z_39.0_25.5,2023,1,2023-S1,Augmentation,53.1,53.1,28.1,18.8,Diminution,False
z_39.0_25.5,2023,2,2023-S2,Diminution,57.9,24.7,57.9,17.4,Stable,False
z_39.0_25.5,2024,1,2024-S1,Diminution,43.4,37.6,43.4,18.9,Stable,False
z_39.0_25.5,2024,2,2024-S2,Diminution,40.2,39.2,40.2,20.6,Diminution,True
z_39.0_25.5,2025,1,2025-S1,Diminution,45.7,32.1,45.7,22.2,Diminution,True
z_39.0_25.5,2025,2,2025-S2,Diminution,69.0,17.7,69.0,13.3,Diminution,True
z_39.0_3.0,2023,1,2023-S1,Diminution,41.4,36.0,41.4,22.7,Augmentation,False
z_39.0_3.0,2023,2,2023-S2,Augmentation,59.7,59.7,17.6,22.7,Stable,False
z_39.0_3.0,2024,1,2024-S1,Augmentation,41.8,41.8,35.3,22.9,Stable,False
z_39.0_3.0,2024,2,2024-S2,Augmentation,65.4,65.4,14.2,20.4,Stable,False
z_39.0_3.0,2025,1,2025-S1,Diminution,54.9,22.6,54.9,22.5,Stable,False
z_39.0_3.0,2025,2,2025-S2,Augmentation,48.7,48.7,17.6,33.7,Stable,False
z_39.0_4.5,2023,1,2023-S1,Stable,90.9,6.5,2.6,90.9,Stable,True
z_39.0_4.5,2023,2,2023-S2,Stable,96.5,1.4,2.1,96.5,Stable,True
z_39.0_4.5,2024,1,2024-S1,Stable,96.0,0.9,3.2,96.0,Stable,True
z_39.0_4.5,2024,2,2024-S2,Stable,78.4,19.8,1.8,78.4,Stable,True
z_39.0_4.5,2025,1,2025-S1,Stable,91.7,5.5,2.7,91.7,Stable,True
z_39.0_4.5,2025,2,2025-S2,Stable,97.4,0.5,2.2,97.4,Stable,True
z_39.0_6.0,2023,1,2023-S1,Stable,97.6,0.3,2.1,97.6,Stable,True
z_39.0_6.0,2024,1,2024-S1,Stable,93.2,4.8,2.0,93.2,Stable,True
z_39.0_6.0,2025,1,2025-S1,Stable,95.5,2.8,1.6,95.5,Stable,True
z_39.0_7.5,2023,1,2023-S1,Diminution,87.0,3.0,87.0,10.0,Stable,False
z_39.0_7.5,2023,2,2023-S2,Stable,90.2,7.4,2.4,90.2,Stable,True
z_39.0_7.5,2024,1,2024-S1,Diminution,86.5,2.6,86.5,10.9,Diminution,True
z_39.0_7.5,2024,2,2024-S2,Stable,91.4,5.5,3.2,91.4,Stable,True
z_39.0_7.5,2025,1,2025-S1,Diminution,86.6,3.0,86.6,10.3,Diminution,True
z_39.0_7.5,2025,2,2025-S2,Stable,90.9,6.2,2.9,90.9,Stable,True
z_39.0_9.0,2023,1,2023-S1,Diminution,61.3,20.4,61.3,18.3,Stable,False
z_39.0_9.0,2023,2,2023-S2,Diminution,46.7,28.0,46.7,25.3,Stable,False
z_39.0_9.0,2024,1,2024-S1,Diminution,51.6,25.6,51.6,22.8,Stable,False
z_39.0_9.0,2024,2,2024-S2,Diminution,47.4,29.0,47.4,23.6,Stable,False
z_39.0_9.0,2025,1,2025-S1,Diminution,45.2,34.6,45.2,20.2,Stable,False
z_39.0_9.0,2025,2,2025-S2,Diminution,39.8,31.4,39.8,28.7,Diminution,True
z_40.5_-10.5,2023,1,2023-S1,Diminution,61.2,12.1,61.2,26.7,Stable,False
z_40.5_-10.5,2023,2,2023-S2,Diminution,64.8,13.2,64.8,21.9,Stable,False
z_40.5_-10.5,2024,1,2024-S1,Diminution,58.1,21.2,58.1,20.7,Diminution,True
z_40.5_-10.5,2024,2,2024-S2,Diminution,69.9,10.1,69.9,20.0,Stable,False
z_40.5_-10.5,2025,1,2025-S1,Diminution,68.7,8.4,68.7,22.9,Diminution,True
z_40.5_-10.5,2025,2,2025-S2,Diminution,74.1,6.4,74.1,19.6,Stable,False
z_40.5_-36.0,2023,2,2023-S2,Stable,99.0,0.1,0.9,99.0,Stable,True
z_40.5_-36.0,2024,2,2024-S2,Stable,99.0,0.1,0.9,99.0,Stable,True
z_40.5_-36.0,2025,2,2025-S2,Stable,96.1,2.2,1.7,96.1,Stable,True
z_40.5_-9.0,2023,1,2023-S1,Diminution,47.0,44.8,47.0,8.2,Diminution,True
z_40.5_-9.0,2023,2,2023-S2,Augmentation,44.5,44.5,41.8,13.7,Diminution,False
z_40.5_-9.0,2024,1,2024-S1,Diminution,62.3,28.5,62.3,9.2,Diminution,True
z_40.5_-9.0,2024,2,2024-S2,Augmentation,43.7,43.7,41.0,15.3,Stable,False
z_40.5_-9.0,2025,1,2025-S1,Diminution,58.5,29.8,58.5,11.7,Augmentation,False
z_40.5_-9.0,2025,2,2025-S2,Augmentation,54.8,54.8,26.1,19.1,Diminution,False
z_40.5_0.0,2023,1,2023-S1,Augmentation,50.1,50.1,34.7,15.2,Diminution,False
z_40.5_0.0,2023,2,2023-S2,Augmentation,44.8,44.8,36.6,18.7,Augmentation,True
z_40.5_0.0,2024,1,2024-S1,Augmentation,51.3,51.3,32.8,15.9,Stable,False
z_40.5_0.0,2024,2,2024-S2,Augmentation,54.2,54.2,28.0,17.7,Augmentation,True
z_40.5_0.0,2025,1,2025-S1,Augmentation,55.4,55.4,30.1,14.5,Stable,False
z_40.5_0.0,2025,2,2025-S2,Augmentation,58.6,58.6,25.8,15.6,Diminution,False
z_40.5_1.5,2023,1,2023-S1,Augmentation,65.9,65.9,21.8,12.3,Stable,False
z_40.5_1.5,2023,2,2023-S2,Diminution,45.2,42.3,45.2,12.5,Augmentation,False
z_40.5_1.5,2024,1,2024-S1,Augmentation,62.6,62.6,25.9,11.5,Stable,False
z_40.5_1.5,2024,2,2024-S2,Diminution,43.6,43.4,43.6,13.0,Diminution,True
z_40.5_1.5,2025,1,2025-S1,Diminution,56.2,31.5,56.2,12.3,Stable,False
z_40.5_1.5,2025,2,2025-S2,Augmentation,46.3,46.3,40.8,13.0,Augmentation,True
z_40.5_10.5,2023,1,2023-S1,Stable,76.3,18.3,5.4,76.3,Stable,True
z_40.5_10.5,2023,2,2023-S2,Stable,89.8,7.4,2.7,89.8,Stable,True
z_40.5_10.5,2024,1,2024-S1,Stable,72.3,22.0,5.7,72.3,Stable,True
z_40.5_10.5,2024,2,2024-S2,Stable,54.5,40.8,4.6,54.5,Stable,True
z_40.5_10.5,2025,1,2025-S1,Stable,74.7,23.0,2.2,74.7,Stable,True
z_40.5_10.5,2025,2,2025-S2,Stable,83.1,12.6,4.2,83.1,Stable,True
z_40.5_12.0,2023,1,2023-S1,Stable,89.4,8.5,2.1,89.4,Stable,True
z_40.5_12.0,2023,2,2023-S2,Diminution,43.3,25.5,43.3,31.2,Stable,False
z_40.5_12.0,2024,1,2024-S1,Stable,51.4,45.3,3.3,51.4,Stable,True
z_40.5_12.0,2024,2,2024-S2,Diminution,56.3,11.5,56.3,32.1,Augmentation,False
z_40.5_12.0,2025,1,2025-S1,Stable,48.7,44.6,6.6,48.7,Stable,True
z_40.5_12.0,2025,2,2025-S2,Diminution,46.0,32.3,46.0,21.7,Stable,False
z_40.5_13.5,2023,1,2023-S1,Diminution,57.3,33.1,57.3,9.6,Stable,False
z_40.5_13.5,2023,2,2023-S2,Diminution,51.7,38.9,51.7,9.5,Diminution,True
z_40.5_13.5,2024,1,2024-S1,Diminution,52.5,32.9,52.5,14.6,Stable,False
z_40.5_13.5,2024,2,2024-S2,Diminution,52.2,40.1,52.2,7.7,Augmentation,False
z_40.5_13.5,2025,1,2025-S1,Augmentation,58.8,58.8,28.2,13.1,Augmentation,True
z_40.5_13.5,2025,2,2025-S2,Augmentation,64.3,64.3,24.0,11.7,Augmentation,True
z_40.5_16.5,2023,1,2023-S1,Diminution,62.9,17.2,62.9,19.9,Stable,False
z_40.5_16.5,2023,2,2023-S2,Diminution,37.9,33.5,37.9,28.6,Diminution,True
z_40.5_16.5,2024,1,2024-S1,Diminution,51.6,28.8,51.6,19.7,Stable,False
z_40.5_16.5,2024,2,2024-S2,Augmentation,51.1,51.1,28.4,20.5,Diminution,False
z_40.5_16.5,2025,1,2025-S1,Diminution,53.6,30.4,53.6,16.0,Stable,False
z_40.5_16.5,2025,2,2025-S2,Augmentation,43.7,43.7,36.9,19.4,Stable,False
z_40.5_18.0,2023,1,2023-S1,Diminution,69.2,7.3,69.2,23.5,Stable,False
z_40.5_18.0,2023,2,2023-S2,Diminution,78.2,4.8,78.2,17.0,Stable,False
z_40.5_18.0,2024,1,2024-S1,Diminution,78.1,4.5,78.1,17.4,Stable,False
z_40.5_18.0,2024,2,2024-S2,Diminution,71.7,10.2,71.7,18.1,Stable,False
z_40.5_18.0,2025,1,2025-S1,Diminution,56.9,18.0,56.9,25.1,Diminution,True
z_40.5_18.0,2025,2,2025-S2,Diminution,71.3,7.1,71.3,21.6,Stable,False
z_40.5_22.5,2023,1,2023-S1,Augmentation,40.3,40.3,37.8,21.9,Augmentation,True
z_40.5_22.5,2023,2,2023-S2,Augmentation,49.8,49.8,33.9,16.2,Stable,False
z_40.5_22.5,2024,1,2024-S1,Augmentation,47.5,47.5,34.2,18.3,Stable,False
z_40.5_22.5,2024,2,2024-S2,Diminution,49.7,35.2,49.7,15.1,Stable,False
z_40.5_22.5,2025,1,2025-S1,Augmentation,42.9,42.9,37.6,19.5,Stable,False
z_40.5_22.5,2025,2,2025-S2,Diminution,50.9,33.7,50.9,15.3,Diminution,True
z_40.5_24.0,2023,1,2023-S1,Augmentation,56.3,56.3,30.2,13.5,Diminution,False
z_40.5_24.0,2023,2,2023-S2,Diminution,48.5,41.1,48.5,10.4,Stable,False
z_40.5_24.0,2024,1,2024-S1,Diminution,43.1,41.4,43.1,15.5,Augmentation,False
z_40.5_24.0,2024,2,2024-S2,Augmentation,51.3,51.3,32.5,16.2,Stable,False
z_40.5_24.0,2025,1,2025-S1,Augmentation,62.1,62.1,21.9,16.0,Augmentation,True
z_40.5_24.0,2025,2,2025-S2,Augmentation,75.6,75.6,14.6,9.8,Diminution,False
z_40.5_25.5,2023,1,2023-S1,Augmentation,59.8,59.8,6.0,34.1,Stable,False
z_40.5_25.5,2023,2,2023-S2,Diminution,52.2,24.8,52.2,23.0,Stable,False
z_40.5_25.5,2024,1,2024-S1,Augmentation,48.2,48.2,7.5,44.3,Stable,False
z_40.5_25.5,2024,2,2024-S2,Diminution,45.7,29.8,45.7,24.5,Diminution,True
z_40.5_25.5,2025,1,2025-S1,Augmentation,52.9,52.9,8.6,38.5,Stable,False
z_40.5_25.5,2025,2,2025-S2,Diminution,68.2,16.6,68.2,15.3,Diminution,True
z_40.5_27.0,2023,1,2023-S1,Diminution,83.8,4.7,83.8,11.5,Diminution,True
z_40.5_27.0,2023,2,2023-S2,Diminution,88.8,2.5,88.8,8.7,Diminution,True
z_40.5_27.0,2024,1,2024-S1,Diminution,82.4,2.9,82.4,14.7,Diminution,True
z_40.5_27.0,2024,2,2024-S2,Diminution,89.0,1.9,89.0,9.0,Diminution,True
z_40.5_27.0,2025,1,2025-S1,Diminution,82.4,2.9,82.4,14.7,Stable,False
z_40.5_27.0,2025,2,2025-S2,Diminution,83.4,2.8,83.4,13.7,Diminution,True
z_40.5_28.5,2023,1,2023-S1,Augmentation,47.1,47.1,37.4,15.5,Stable,False
z_40.5_28.5,2023,2,2023-S2,Augmentation,68.9,68.9,16.0,15.1,Augmentation,True
z_40.5_28.5,2024,1,2024-S1,Augmentation,64.9,64.9,24.1,11.0,Diminution,False
z_40.5_28.5,2024,2,2024-S2,Augmentation,62.5,62.5,25.5,12.0,Diminution,False
z_40.5_28.5,2025,1,2025-S1,Diminution,51.5,37.4,51.5,11.1,Diminution,True
z_40.5_28.5,2025,2,2025-S2,Diminution,65.9,26.0,65.9,8.1,Diminution,True
z_40.5_3.0,2023,1,2023-S1,Augmentation,65.2,65.2,11.1,23.7,Stable,False
z_40.5_3.0,2023,2,2023-S2,Augmentation,59.0,59.0,22.2,18.8,Stable,False
z_40.5_3.0,2024,1,2024-S1,Augmentation,67.9,67.9,14.1,17.9,Stable,False
z_40.5_3.0,2024,2,2024-S2,Diminution,44.8,32.4,44.8,22.8,Stable,False
z_40.5_3.0,2025,1,2025-S1,Augmentation,68.3,68.3,11.5,20.2,Augmentation,True
z_40.5_3.0,2025,2,2025-S2,Augmentation,42.8,42.8,31.6,25.5,Stable,False
z_40.5_4.5,2023,1,2023-S1,Diminution,78.9,3.6,78.9,17.5,Diminution,True
z_40.5_4.5,2023,2,2023-S2,Stable,79.7,2.6,17.7,79.7,Stable,True
z_40.5_4.5,2024,1,2024-S1,Diminution,82.2,0.9,82.2,16.9,Diminution,True
z_40.5_4.5,2024,2,2024-S2,Stable,85.0,0.4,14.6,85.0,Stable,True
z_40.5_4.5,2025,1,2025-S1,Diminution,80.6,2.1,80.6,17.3,Diminution,True
z_40.5_4.5,2025,2,2025-S2,Stable,96.6,1.8,1.6,96.6,Stable,True
z_40.5_7.5,2023,1,2023-S1,Stable,94.3,3.0,2.8,94.3,Stable,True
z_40.5_7.5,2023,2,2023-S2,Stable,86.0,11.2,2.8,86.0,Stable,True
z_40.5_7.5,2024,1,2024-S1,Stable,57.1,37.5,5.3,57.1,Stable,True
z_40.5_7.5,2024,2,2024-S2,Stable,56.7,32.5,10.8,56.7,Stable,True
z_40.5_7.5,2025,1,2025-S1,Stable,53.1,42.2,4.8,53.1,Stable,True
z_40.5_7.5,2025,2,2025-S2,Stable,46.5,42.2,11.4,46.5,Stable,True
z_40.5_9.0,2023,1,2023-S1,Diminution,58.8,23.1,58.8,18.1,Stable,False
z_40.5_9.0,2023,2,2023-S2,Diminution,50.3,30.7,50.3,19.0,Stable,False
z_40.5_9.0,2024,1,2024-S1,Diminution,48.8,31.9,48.8,19.3,Stable,False
z_40.5_9.0,2024,2,2024-S2,Diminution,53.4,29.6,53.4,17.0,Stable,False
z_40.5_9.0,2025,1,2025-S1,Diminution,42.9,39.0,42.9,18.1,Stable,False
z_40.5_9.0,2025,2,2025-S2,Diminution,50.0,32.9,50.0,17.1,Diminution,True
z_42.0_-10.5,2023,1,2023-S1,Augmentation,53.3,53.3,30.6,16.1,Stable,False
z_42.0_-10.5,2023,2,2023-S2,Augmentation,54.1,54.1,29.0,16.9,Augmentation,True
z_42.0_-10.5,2024,1,2024-S1,Augmentation,53.1,53.1,30.3,16.6,Augmentation,True
z_42.0_-10.5,2024,2,2024-S2,Augmentation,54.0,54.0,29.7,16.3,Stable,False
z_42.0_-10.5,2025,1,2025-S1,Augmentation,52.8,52.8,31.1,16.1,Augmentation,True
z_42.0_-10.5,2025,2,2025-S2,Augmentation,61.8,61.8,25.5,12.8,Stable,False
z_42.0_-3.0,2023,1,2023-S1,Diminution,56.5,20.2,56.5,23.3,Stable,False
z_42.0_-3.0,2023,2,2023-S2,Augmentation,39.2,39.2,36.7,24.1,Stable,False
z_42.0_-3.0,2024,1,2024-S1,Diminution,45.2,32.7,45.2,22.1,Augmentation,False
z_42.0_-3.0,2024,2,2024-S2,Augmentation,53.2,53.2,22.6,24.3,Stable,False
z_42.0_-3.0,2025,1,2025-S1,Augmentation,60.6,60.6,19.8,19.6,Stable,False
z_42.0_-3.0,2025,2,2025-S2,Diminution,49.4,28.8,49.4,21.8,Diminution,True
z_42.0_-4.5,2023,1,2023-S1,Augmentation,46.0,46.0,9.1,44.8,Stable,False
z_42.0_-4.5,2023,2,2023-S2,Augmentation,47.8,47.8,10.3,41.9,Stable,False
z_42.0_-4.5,2024,1,2024-S1,Augmentation,57.3,57.3,8.0,34.8,Stable,False
z_42.0_-4.5,2024,2,2024-S2,Augmentation,50.5,50.5,8.2,41.4,Augmentation,True
z_42.0_-4.5,2025,1,2025-S1,Augmentation,49.1,49.1,8.2,42.7,Stable,False
z_42.0_-4.5,2025,2,2025-S2,Augmentation,54.5,54.5,6.4,39.1,Stable,False
z_42.0_-6.0,2023,1,2023-S1,Stable,96.0,0.3,3.7,96.0,Stable,True
z_42.0_-6.0,2023,2,2023-S2,Diminution,86.1,1.5,86.1,12.4,Diminution,True
z_42.0_-6.0,2024,1,2024-S1,Stable,94.4,2.4,3.3,94.4,Stable,True
z_42.0_-6.0,2024,2,2024-S2,Diminution,87.0,2.3,87.0,10.8,Diminution,True
z_42.0_-6.0,2025,1,2025-S1,Stable,95.9,0.4,3.7,95.9,Stable,True
z_42.0_-6.0,2025,2,2025-S2,Diminution,84.2,1.8,84.2,14.0,Diminution,True
z_42.0_-9.0,2023,1,2023-S1,Augmentation,48.3,48.3,36.2,15.4,Augmentation,True
z_42.0_-9.0,2023,2,2023-S2,Augmentation,53.2,53.2,34.8,12.0,Stable,False
z_42.0_-9.0,2024,1,2024-S1,Augmentation,58.1,58.1,27.0,14.9,Stable,False
z_42.0_-9.0,2024,2,2024-S2,Augmentation,52.2,52.2,35.6,12.2,Augmentation,True
z_42.0_-9.0,2025,1,2025-S1,Augmentation,73.2,73.2,14.6,12.2,Diminution,False
z_42.0_-9.0,2025,2,2025-S2,Augmentation,44.6,44.6,41.9,13.5,Diminution,False
z_42.0_10.5,2023,1,2023-S1,Diminution,73.1,8.1,73.1,18.8,Diminution,True
z_42.0_10.5,2023,2,2023-S2,Diminution,53.0,19.7,53.0,27.3,Augmentation,False
z_42.0_10.5,2024,1,2024-S1,Diminution,47.1,23.3,47.1,29.6,Diminution,True
z_42.0_10.5,2024,2,2024-S2,Diminution,40.9,32.6,40.9,26.5,Stable,False
z_42.0_10.5,2025,1,2025-S1,Diminution,53.5,24.2,53.5,22.3,Stable,False
z_42.0_10.5,2025,2,2025-S2,Diminution,43.6,34.3,43.6,22.2,Diminution,True
z_42.0_13.5,2023,1,2023-S1,Diminution,61.3,16.8,61.3,21.9,Diminution,True
z_42.0_13.5,2023,2,2023-S2,Diminution,38.6,32.0,38.6,29.3,Stable,False
z_42.0_13.5,2024,1,2024-S1,Augmentation,40.8,40.8,38.4,20.8,Stable,False
z_42.0_13.5,2024,2,2024-S2,Augmentation,61.0,61.0,23.3,15.6,Stable,False
z_42.0_13.5,2025,1,2025-S1,Augmentation,52.8,52.8,34.3,12.9,Stable,False
z_42.0_13.5,2025,2,2025-S2,Augmentation,57.3,57.3,29.9,12.7,Diminution,False
z_42.0_15.0,2023,1,2023-S1,Diminution,52.6,34.6,52.6,12.8,Augmentation,False
z_42.0_15.0,2023,2,2023-S2,Augmentation,45.3,45.3,34.4,20.3,Stable,False
z_42.0_15.0,2024,1,2024-S1,Augmentation,55.6,55.6,28.5,15.9,Stable,False
z_42.0_15.0,2024,2,2024-S2,Augmentation,59.8,59.8,22.7,17.5,Augmentation,True
z_42.0_15.0,2025,1,2025-S1,Augmentation,63.3,63.3,24.2,12.5,Stable,False
z_42.0_15.0,2025,2,2025-S2,Augmentation,55.7,55.7,27.1,17.1,Stable,False
z_42.0_16.5,2023,1,2023-S1,Diminution,67.0,6.4,67.0,26.6,Stable,False
z_42.0_16.5,2023,2,2023-S2,Diminution,72.0,3.4,72.0,24.5,Stable,False
z_42.0_16.5,2024,1,2024-S1,Diminution,50.2,24.5,50.2,25.3,Stable,False
z_42.0_16.5,2024,2,2024-S2,Diminution,61.1,14.8,61.1,24.1,Stable,False
z_42.0_16.5,2025,1,2025-S1,Diminution,59.0,20.8,59.0,20.2,Diminution,True
z_42.0_16.5,2025,2,2025-S2,Diminution,63.2,12.0,63.2,24.8,Stable,False
z_42.0_18.0,2023,1,2023-S1,Stable,64.0,26.2,9.8,64.0,Stable,True
z_42.0_18.0,2023,2,2023-S2,Diminution,78.8,5.2,78.8,16.0,Stable,False
z_42.0_18.0,2024,1,2024-S1,Stable,84.3,4.3,11.5,84.3,Stable,True
z_42.0_18.0,2024,2,2024-S2,Diminution,77.7,2.4,77.7,19.9,Stable,False
z_42.0_18.0,2025,1,2025-S1,Stable,85.4,3.8,10.8,85.4,Stable,True
z_42.0_18.0,2025,2,2025-S2,Diminution,80.9,3.0,80.9,16.1,Diminution,True
z_42.0_27.0,2023,1,2023-S1,Augmentation,58.7,58.7,23.8,17.5,Stable,False
z_42.0_27.0,2023,2,2023-S2,Augmentation,60.1,60.1,25.3,14.7,Stable,False
z_42.0_27.0,2024,1,2024-S1,Augmentation,46.2,46.2,33.5,20.3,Stable,False
z_42.0_27.0,2024,2,2024-S2,Diminution,44.8,39.0,44.8,16.2,Diminution,True
z_42.0_27.0,2025,1,2025-S1,Diminution,65.5,16.0,65.5,18.5,Stable,False
z_42.0_27.0,2025,2,2025-S2,Diminution,55.8,21.0,55.8,23.2,Diminution,True
z_42.0_28.5,2023,1,2023-S1,Stable,96.1,1.0,2.9,96.1,Stable,True
z_42.0_28.5,2023,2,2023-S2,Stable,96.8,1.5,1.7,96.8,Stable,True
z_42.0_28.5,2024,1,2024-S1,Stable,75.8,21.1,3.1,75.8,Stable,True
z_42.0_28.5,2024,2,2024-S2,Stable,90.3,7.4,2.2,90.3,Stable,True
z_42.0_28.5,2025,1,2025-S1,Stable,95.1,2.5,2.3,95.1,Stable,True
z_42.0_28.5,2025,2,2025-S2,Stable,96.9,1.0,2.1,96.9,Stable,True
z_42.0_3.0,2023,1,2023-S1,Diminution,62.6,29.1,62.6,8.3,Stable,False
z_42.0_3.0,2023,2,2023-S2,Augmentation,43.5,43.5,42.6,13.9,Augmentation,True
z_42.0_3.0,2024,1,2024-S1,Augmentation,59.0,59.0,32.2,8.8,Stable,False
z_42.0_3.0,2024,2,2024-S2,Augmentation,63.1,63.1,21.9,15.0,Augmentation,True
z_42.0_3.0,2025,1,2025-S1,Augmentation,52.2,52.2,38.7,9.2,Stable,False
z_42.0_3.0,2025,2,2025-S2,Augmentation,67.5,67.5,21.8,10.7,Diminution,False
z_42.0_4.5,2023,1,2023-S1,Augmentation,44.0,44.0,43.5,12.4,Augmentation,True
z_42.0_4.5,2023,2,2023-S2,Augmentation,52.6,52.6,37.7,9.7,Augmentation,True
z_42.0_4.5,2024,1,2024-S1,Augmentation,63.4,63.4,25.5,11.1,Stable,False
z_42.0_4.5,2024,2,2024-S2,Augmentation,63.7,63.7,23.0,13.3,Diminution,False
z_42.0_4.5,2025,1,2025-S1,Diminution,44.9,44.1,44.9,11.0,Diminution,True
z_42.0_4.5,2025,2,2025-S2,Diminution,57.3,32.0,57.3,10.8,Diminution,True
z_42.0_6.0,2023,1,2023-S1,Diminution,46.6,35.1,46.6,18.2,Diminution,True
z_42.0_6.0,2023,2,2023-S2,Augmentation,58.5,58.5,15.1,26.4,Augmentation,True
z_42.0_6.0,2024,1,2024-S1,Diminution,43.0,35.8,43.0,21.1,Stable,False
z_42.0_6.0,2024,2,2024-S2,Augmentation,62.0,62.0,13.6,24.4,Stable,False
z_42.0_6.0,2025,1,2025-S1,Diminution,47.0,34.7,47.0,18.3,Diminution,True
z_42.0_6.0,2025,2,2025-S2,Augmentation,42.3,42.3,17.2,40.5,Stable,False
z_42.0_7.5,2023,1,2023-S1,Stable,77.2,13.2,9.6,77.2,Stable,True
z_42.0_7.5,2023,2,2023-S2,Stable,78.7,14.2,7.1,78.7,Stable,True
z_42.0_7.5,2024,1,2024-S1,Stable,81.1,11.8,7.1,81.1,Stable,True
z_42.0_7.5,2024,2,2024-S2,Stable,69.9,24.7,5.5,69.9,Stable,True
z_42.0_7.5,2025,1,2025-S1,Stable,83.8,11.9,4.3,83.8,Stable,True
z_42.0_7.5,2025,2,2025-S2,Stable,89.9,7.7,2.3,89.9,Stable,True
z_42.0_9.0,2023,1,2023-S1,Diminution,60.3,23.5,60.3,16.2,Augmentation,False
z_42.0_9.0,2023,2,2023-S2,Diminution,44.2,40.6,44.2,15.1,Diminution,True
z_42.0_9.0,2024,1,2024-S1,Diminution,54.1,27.1,54.1,18.8,Stable,False
z_42.0_9.0,2024,2,2024-S2,Diminution,63.2,23.4,63.2,13.4,Diminution,True
z_42.0_9.0,2025,1,2025-S1,Diminution,55.5,28.0,55.5,16.5,Stable,False
z_42.0_9.0,2025,2,2025-S2,Diminution,62.1,23.2,62.1,14.6,Stable,False
z_43.5_-1.5,2023,1,2023-S1,Diminution,45.6,37.3,45.6,17.1,Diminution,True
z_43.5_-1.5,2023,2,2023-S2,Diminution,49.5,27.4,49.5,23.1,Stable,False
z_43.5_-1.5,2024,1,2024-S1,Diminution,52.6,25.6,52.6,21.8,Stable,False
z_43.5_-1.5,2024,2,2024-S2,Augmentation,38.4,38.4,36.0,25.7,Stable,False
z_43.5_-1.5,2025,1,2025-S1,Diminution,43.8,30.0,43.8,26.2,Augmentation,False
z_43.5_-1.5,2025,2,2025-S2,Augmentation,48.9,48.9,25.7,25.3,Stable,False
z_43.5_-10.5,2023,1,2023-S1,Stable,91.5,5.2,3.3,91.5,Stable,True
z_43.5_-10.5,2023,2,2023-S2,Diminution,81.4,7.2,81.4,11.4,Diminution,True
z_43.5_-10.5,2024,1,2024-S1,Stable,88.7,7.9,3.4,88.7,Stable,True
z_43.5_-10.5,2024,2,2024-S2,Diminution,80.0,5.3,80.0,14.7,Stable,False
z_43.5_-10.5,2025,1,2025-S1,Stable,63.4,28.9,7.7,63.4,Stable,True
z_43.5_-10.5,2025,2,2025-S2,Diminution,79.5,4.0,79.5,16.5,Diminution,True
z_43.5_-3.0,2023,1,2023-S1,Augmentation,57.7,57.7,11.5,30.8,Stable,False
z_43.5_-3.0,2023,2,2023-S2,Diminution,41.6,36.2,41.6,22.2,Stable,False
z_43.5_-3.0,2024,1,2024-S1,Augmentation,59.3,59.3,11.4,29.3,Augmentation,True
z_43.5_-3.0,2024,2,2024-S2,Diminution,42.0,35.0,42.0,23.0,Diminution,True
z_43.5_-3.0,2025,1,2025-S1,Augmentation,55.0,55.0,13.8,31.2,Stable,False
z_43.5_-3.0,2025,2,2025-S2,Diminution,39.1,38.1,39.1,22.8,Diminution,True
z_43.5_-4.5,2023,1,2023-S1,Diminution,65.0,15.5,65.0,19.5,Diminution,True
z_43.5_-4.5,2023,2,2023-S2,Stable,50.1,43.4,6.5,50.1,Stable,True
z_43.5_-4.5,2024,1,2024-S1,Diminution,43.4,30.0,43.4,26.6,Augmentation,False
z_43.5_-4.5,2024,2,2024-S2,Augmentation,64.5,64.5,10.2,25.2,Stable,False
z_43.5_-4.5,2025,1,2025-S1,Diminution,42.7,31.9,42.7,25.4,Augmentation,False
z_43.5_-4.5,2025,2,2025-S2,Augmentation,58.3,58.3,12.9,28.7,Stable,False
z_43.5_-6.0,2023,1,2023-S1,Augmentation,46.2,46.2,39.9,13.9,Diminution,False
z_43.5_-6.0,2023,2,2023-S2,Diminution,54.0,28.9,54.0,17.1,Diminution,True
z_43.5_-6.0,2024,1,2024-S1,Diminution,51.7,26.8,51.7,21.5,Diminution,True
z_43.5_-6.0,2024,2,2024-S2,Diminution,53.6,22.2,53.6,24.2,Augmentation,False
z_43.5_-6.0,2025,1,2025-S1,Diminution,43.0,35.6,43.0,21.5,Stable,False
z_43.5_-6.0,2025,2,2025-S2,Augmentation,53.8,53.8,26.7,19.5,Stable,False
z_43.5_-7.5,2023,1,2023-S1,Diminution,53.1,26.0,53.1,20.9,Augmentation,False
z_43.5_-7.5,2023,2,2023-S2,Diminution,43.7,33.9,43.7,22.4,Stable,False
z_43.5_-7.5,2024,1,2024-S1,Augmentation,40.8,40.8,36.7,22.6,Augmentation,True
z_43.5_-7.5,2024,2,2024-S2,Augmentation,49.7,49.7,27.9,22.4,Augmentation,True
z_43.5_-7.5,2025,1,2025-S1,Augmentation,59.2,59.2,25.8,14.9,Stable,False
z_43.5_-7.5,2025,2,2025-S2,Augmentation,45.5,45.5,36.2,18.2,Stable,False
z_43.5_-9.0,2023,1,2023-S1,Augmentation,47.2,47.2,38.2,14.6,Stable,False
z_43.5_-9.0,2023,2,2023-S2,Augmentation,67.3,67.3,20.2,12.5,Stable,False
z_43.5_-9.0,2024,1,2024-S1,Diminution,55.7,35.2,55.7,9.2,Stable,False
z_43.5_-9.0,2024,2,2024-S2,Augmentation,55.0,55.0,33.4,11.5,Augmentation,True
z_43.5_-9.0,2025,1,2025-S1,Diminution,52.3,38.5,52.3,9.1,Stable,False
z_43.5_-9.0,2025,2,2025-S2,Augmentation,73.7,73.7,17.3,9.1,Stable,False
z_43.5_12.0,2023,1,2023-S1,Augmentation,57.7,57.7,27.1,15.2,Augmentation,True
z_43.5_12.0,2023,2,2023-S2,Augmentation,75.0,75.0,11.7,13.3,Augmentation,True
z_43.5_12.0,2024,1,2024-S1,Augmentation,75.2,75.2,14.1,10.7,Augmentation,True
z_43.5_12.0,2024,2,2024-S2,Augmentation,79.1,79.1,11.3,9.5,Augmentation,True
z_43.5_12.0,2025,1,2025-S1,Augmentation,65.9,65.9,21.4,12.6,Augmentation,True
z_43.5_12.0,2025,2,2025-S2,Augmentation,73.9,73.9,17.5,8.6,Diminution,False
z_43.5_13.5,2023,1,2023-S1,Augmentation,56.8,56.8,29.2,14.0,Stable,False
z_43.5_13.5,2023,2,2023-S2,Augmentation,52.3,52.3,30.3,17.4,Stable,False
z_43.5_13.5,2024,1,2024-S1,Diminution,55.1,28.1,55.1,16.8,Augmentation,False
z_43.5_13.5,2024,2,2024-S2,Augmentation,48.5,48.5,32.0,19.6,Stable,False
z_43.5_13.5,2025,1,2025-S1,Diminution,41.5,38.8,41.5,19.7,Diminution,True
z_43.5_13.5,2025,2,2025-S2,Augmentation,43.9,43.9,35.6,20.4,Diminution,False
z_43.5_15.0,2023,1,2023-S1,Diminution,82.3,5.1,82.3,12.6,Stable,False
z_43.5_15.0,2023,2,2023-S2,Diminution,59.1,15.8,59.1,25.1,Stable,False
z_43.5_15.0,2024,1,2024-S1,Diminution,60.8,18.9,60.8,20.2,Stable,False
z_43.5_15.0,2024,2,2024-S2,Diminution,57.3,18.2,57.3,24.5,Diminution,True
z_43.5_15.0,2025,1,2025-S1,Diminution,71.0,9.9,71.0,19.1,Stable,False
z_43.5_15.0,2025,2,2025-S2,Diminution,46.4,26.1,46.4,27.5,Augmentation,False
z_43.5_28.5,2023,1,2023-S1,Diminution,69.1,14.0,69.1,16.9,Stable,False
z_43.5_28.5,2023,2,2023-S2,Stable,57.9,37.3,4.8,57.9,Stable,True
z_43.5_28.5,2024,1,2024-S1,Diminution,67.5,13.4,67.5,19.1,Diminution,True
z_43.5_28.5,2024,2,2024-S2,Stable,58.3,36.2,5.5,58.3,Stable,True
z_43.5_28.5,2025,1,2025-S1,Diminution,69.3,10.2,69.3,20.5,Stable,False
z_43.5_28.5,2025,2,2025-S2,Stable,55.9,39.4,4.6,55.9,Diminution,False
z_43.5_36.0,2023,1,2023-S1,Stable,95.4,1.1,3.6,95.4,Stable,True
z_43.5_36.0,2023,2,2023-S2,Stable,96.4,0.3,3.3,96.4,Stable,True
z_43.5_36.0,2024,1,2024-S1,Stable,95.9,0.5,3.6,95.9,Stable,True
z_43.5_36.0,2024,2,2024-S2,Stable,97.3,0.7,2.0,97.3,Stable,True
z_43.5_36.0,2025,1,2025-S1,Stable,91.3,4.2,4.5,91.3,Stable,True
z_43.5_36.0,2025,2,2025-S2,Stable,95.8,1.8,2.4,95.8,Stable,True
z_43.5_37.5,2023,1,2023-S1,Diminution,72.9,8.1,72.9,19.0,Stable,False
z_43.5_37.5,2023,2,2023-S2,Stable,72.3,22.5,5.2,72.3,Diminution,False
z_43.5_37.5,2024,1,2024-S1,Diminution,65.3,6.2,65.3,28.6,Stable,False
z_43.5_37.5,2024,2,2024-S2,Stable,87.2,4.1,8.7,87.2,Diminution,False
z_43.5_37.5,2025,1,2025-S1,Diminution,73.7,5.9,73.7,20.5,Stable,False
z_43.5_37.5,2025,2,2025-S2,Stable,96.0,2.0,2.0,96.0,Diminution,False
z_43.5_6.0,2023,1,2023-S1,Stable,92.1,5.4,2.5,92.1,Stable,True
z_43.5_6.0,2023,2,2023-S2,Diminution,77.1,2.8,77.1,20.1,Stable,False
z_43.5_6.0,2024,1,2024-S1,Stable,86.9,10.6,2.5,86.9,Stable,True
z_43.5_6.0,2024,2,2024-S2,Diminution,75.0,2.7,75.0,22.3,Stable,False
z_43.5_6.0,2025,1,2025-S1,Stable,87.0,10.0,3.0,87.0,Stable,True
z_43.5_6.0,2025,2,2025-S2,Diminution,76.7,2.2,76.7,21.1,Diminution,True
z_43.5_7.5,2023,1,2023-S1,Diminution,65.6,27.0,65.6,7.3,Stable,False
z_43.5_7.5,2023,2,2023-S2,Augmentation,73.0,73.0,16.9,10.1,Stable,False
z_43.5_7.5,2024,1,2024-S1,Diminution,49.6,39.8,49.6,10.5,Diminution,True
z_43.5_7.5,2024,2,2024-S2,Augmentation,53.7,53.7,36.5,9.8,Augmentation,True
z_43.5_7.5,2025,1,2025-S1,Diminution,63.0,28.9,63.0,8.1,Diminution,True
z_43.5_7.5,2025,2,2025-S2,Augmentation,47.5,47.5,40.8,11.7,Stable,False
z_43.5_9.0,2023,1,2023-S1,Diminution,54.9,33.1,54.9,12.0,Diminution,True
z_43.5_9.0,2023,2,2023-S2,Augmentation,64.6,64.6,22.6,12.8,Stable,False
z_43.5_9.0,2024,1,2024-S1,Diminution,57.6,32.5,57.6,9.8,Stable,False
z_43.5_9.0,2024,2,2024-S2,Augmentation,60.8,60.8,23.5,15.7,Stable,False
z_43.5_9.0,2025,1,2025-S1,Diminution,59.2,30.3,59.2,10.5,Stable,False
z_43.5_9.0,2025,2,2025-S2,Augmentation,59.4,59.4,27.2,13.4,Stable,False
z_45.0_-1.5,2023,1,2023-S1,Augmentation,52.9,52.9,30.4,16.7,Augmentation,True
z_45.0_-1.5,2023,2,2023-S2,Augmentation,65.4,65.4,24.1,10.5,Stable,False
z_45.0_-1.5,2024,1,2024-S1,Augmentation,65.5,65.5,21.9,12.6,Stable,False
z_45.0_-1.5,2024,2,2024-S2,Diminution,52.6,34.9,52.6,12.5,Stable,False
z_45.0_-1.5,2025,1,2025-S1,Augmentation,53.0,53.0,32.5,14.5,Stable,False
z_45.0_-1.5,2025,2,2025-S2,Augmentation,48.1,48.1,36.6,15.3,Stable,False
z_45.0_-3.0,2023,1,2023-S1,Augmentation,61.5,61.5,30.1,8.3,Stable,False
z_45.0_-3.0,2023,2,2023-S2,Augmentation,61.0,61.0,27.5,11.5,Augmentation,True
z_45.0_-3.0,2024,1,2024-S1,Augmentation,55.6,55.6,35.6,8.8,Stable,False
z_45.0_-3.0,2024,2,2024-S2,Augmentation,69.0,69.0,20.0,11.0,Stable,False
z_45.0_-3.0,2025,1,2025-S1,Augmentation,62.4,62.4,29.5,8.1,Augmentation,True
z_45.0_-3.0,2025,2,2025-S2,Augmentation,62.3,62.3,27.1,10.6,Stable,False
z_45.0_-4.5,2023,1,2023-S1,Diminution,48.2,27.1,48.2,24.7,Stable,False
z_45.0_-4.5,2023,2,2023-S2,Diminution,65.6,13.9,65.6,20.5,Stable,False
z_45.0_-4.5,2024,1,2024-S1,Diminution,66.5,15.4,66.5,18.1,Diminution,True
z_45.0_-4.5,2024,2,2024-S2,Diminution,75.6,3.3,75.6,21.1,Stable,False
z_45.0_-4.5,2025,1,2025-S1,Diminution,69.5,9.7,69.5,20.7,Stable,False
z_45.0_-4.5,2025,2,2025-S2,Diminution,79.6,6.2,79.6,14.3,Stable,False
z_45.0_-6.0,2023,1,2023-S1,Stable,93.9,4.7,1.4,93.9,Stable,True
z_45.0_-6.0,2023,2,2023-S2,Stable,80.7,16.4,2.9,80.7,Stable,True
z_45.0_-6.0,2024,1,2024-S1,Stable,88.9,8.8,2.4,88.9,Stable,True
z_45.0_-6.0,2024,2,2024-S2,Stable,97.3,1.1,1.5,97.3,Stable,True
z_45.0_-6.0,2025,1,2025-S1,Stable,86.4,11.7,1.9,86.4,Stable,True
z_45.0_-6.0,2025,2,2025-S2,Stable,86.6,11.7,1.7,86.6,Stable,True
z_45.0_-7.5,2023,1,2023-S1,Stable,97.7,0.6,1.7,97.7,Stable,True
z_45.0_-7.5,2023,2,2023-S2,Stable,97.2,1.4,1.3,97.2,Stable,True
z_45.0_-7.5,2024,1,2024-S1,Stable,97.7,0.6,1.7,97.7,Stable,True
z_45.0_-7.5,2024,2,2024-S2,Stable,97.2,1.4,1.3,97.2,Stable,True
z_45.0_-7.5,2025,1,2025-S1,Stable,97.7,0.6,1.7,97.7,Stable,True
z_45.0_-7.5,2025,2,2025-S2,Stable,92.3,6.8,0.9,92.3,Stable,True
z_45.0_-9.0,2023,1,2023-S1,Diminution,62.6,15.2,62.6,22.2,Stable,False
z_45.0_-9.0,2023,2,2023-S2,Stable,66.1,31.0,2.9,66.1,Stable,True
z_45.0_-9.0,2024,1,2024-S1,Diminution,66.6,10.7,66.6,22.6,Diminution,True
z_45.0_-9.0,2024,2,2024-S2,Stable,85.4,10.1,4.5,85.4,Stable,True
z_45.0_-9.0,2025,1,2025-S1,Diminution,72.3,4.3,72.3,23.4,Stable,False
z_45.0_-9.0,2025,2,2025-S2,Stable,56.2,37.7,6.1,56.2,Stable,True
z_45.0_12.0,2023,1,2023-S1,Augmentation,64.7,64.7,17.5,17.8,Stable,False
z_45.0_12.0,2023,2,2023-S2,Augmentation,74.2,74.2,14.5,11.3,Stable,False
z_45.0_12.0,2024,1,2024-S1,Augmentation,49.1,49.1,36.5,14.3,Augmentation,True
z_45.0_12.0,2024,2,2024-S2,Augmentation,65.6,65.6,22.7,11.7,Stable,False
z_45.0_12.0,2025,1,2025-S1,Augmentation,52.0,52.0,32.7,15.3,Stable,False
z_45.0_12.0,2025,2,2025-S2,Augmentation,56.1,56.1,30.2,13.7,Augmentation,True
z_45.0_13.5,2023,1,2023-S1,Diminution,50.7,32.0,50.7,17.4,Stable,False
z_45.0_13.5,2023,2,2023-S2,Augmentation,41.6,41.6,34.5,23.8,Augmentation,True
z_45.0_13.5,2024,1,2024-S1,Diminution,45.0,35.8,45.0,19.2,Augmentation,False
z_45.0_13.5,2024,2,2024-S2,Augmentation,73.1,73.1,12.8,14.1,Stable,False
z_45.0_13.5,2025,1,2025-S1,Augmentation,53.1,53.1,31.2,15.6,Augmentation,True
z_45.0_13.5,2025,2,2025-S2,Augmentation,79.2,79.2,9.6,11.2,Stable,False
z_45.0_28.5,2023,1,2023-S1,Diminution,89.3,1.3,89.3,9.4,Diminution,True
z_45.0_28.5,2023,2,2023-S2,Stable,97.8,0.0,2.1,97.8,Augmentation,False
z_45.0_28.5,2024,1,2024-S1,Diminution,89.3,1.3,89.3,9.4,Stable,False
z_45.0_28.5,2024,2,2024-S2,Stable,60.9,24.0,15.1,60.9,Stable,True
z_45.0_28.5,2025,1,2025-S1,Diminution,81.9,4.9,81.9,13.2,Diminution,True
z_45.0_28.5,2025,2,2025-S2,Stable,81.1,3.0,15.9,81.1,Stable,True
z_45.0_36.0,2023,1,2023-S1,Diminution,87.4,3.0,87.4,9.6,Diminution,True
z_45.0_36.0,2023,2,2023-S2,Stable,86.7,9.3,4.0,86.7,Stable,True
z_45.0_36.0,2024,1,2024-S1,Diminution,82.6,3.2,82.6,14.2,Stable,False
z_45.0_36.0,2024,2,2024-S2,Stable,68.5,27.5,4.0,68.5,Diminution,False
z_45.0_36.0,2025,1,2025-S1,Diminution,84.9,2.0,84.9,13.1,Diminution,True
z_45.0_36.0,2025,2,2025-S2,Stable,93.5,3.8,2.7,93.5,Diminution,False
z_46.5_-10.5,2023,2,2023-S2,Stable,96.0,2.4,1.7,96.0,Stable,True
z_46.5_-10.5,2024,2,2024-S2,Stable,93.2,4.2,2.6,93.2,Stable,True
z_46.5_-10.5,2025,2,2025-S2,Stable,95.1,2.4,2.5,95.1,Stable,True
z_46.5_-3.0,2023,1,2023-S1,Augmentation,72.5,72.5,19.4,8.0,Augmentation,True
z_46.5_-3.0,2023,2,2023-S2,Augmentation,71.8,71.8,19.8,8.4,Augmentation,True
z_46.5_-3.0,2024,1,2024-S1,Augmentation,65.8,65.8,26.2,8.0,Augmentation,True
z_46.5_-3.0,2024,2,2024-S2,Augmentation,73.9,73.9,18.8,7.3,Augmentation,True
z_46.5_-3.0,2025,1,2025-S1,Augmentation,67.0,67.0,23.2,9.8,Augmentation,True
z_46.5_-3.0,2025,2,2025-S2,Augmentation,60.5,60.5,30.6,8.9,Diminution,False
z_46.5_-4.5,2023,1,2023-S1,Augmentation,51.8,51.8,36.7,11.5,Augmentation,True
z_46.5_-4.5,2023,2,2023-S2,Augmentation,74.2,74.2,16.1,9.8,Augmentation,True
z_46.5_-4.5,2024,1,2024-S1,Augmentation,62.8,62.8,23.6,13.6,Augmentation,True
z_46.5_-4.5,2024,2,2024-S2,Augmentation,78.6,78.6,14.4,7.0,Diminution,False
z_46.5_-4.5,2025,1,2025-S1,Augmentation,50.9,50.9,36.1,13.0,Augmentation,True
z_46.5_-4.5,2025,2,2025-S2,Augmentation,68.1,68.1,23.1,8.8,Augmentation,True
z_46.5_-6.0,2023,1,2023-S1,Augmentation,51.2,51.2,34.1,14.8,Stable,False
z_46.5_-6.0,2023,2,2023-S2,Diminution,45.4,42.5,45.4,12.1,Augmentation,False
z_46.5_-6.0,2024,1,2024-S1,Augmentation,54.3,54.3,32.0,13.8,Stable,False
z_46.5_-6.0,2024,2,2024-S2,Augmentation,55.4,55.4,33.2,11.5,Augmentation,True
z_46.5_-6.0,2025,1,2025-S1,Augmentation,58.2,58.2,28.8,13.0,Diminution,False
z_46.5_-6.0,2025,2,2025-S2,Augmentation,45.6,45.6,42.6,11.8,Diminution,False
z_46.5_-7.5,2023,1,2023-S1,Augmentation,40.5,40.5,37.3,22.2,Diminution,False
z_46.5_-7.5,2023,2,2023-S2,Augmentation,44.6,44.6,31.5,23.9,Diminution,False
z_46.5_-7.5,2024,1,2024-S1,Diminution,55.0,28.6,55.0,16.3,Diminution,True
z_46.5_-7.5,2024,2,2024-S2,Diminution,64.4,10.6,64.4,25.0,Diminution,True
z_46.5_-7.5,2025,1,2025-S1,Diminution,77.3,4.9,77.3,17.9,Stable,False
z_46.5_-7.5,2025,2,2025-S2,Diminution,58.0,17.3,58.0,24.7,Stable,False
z_48.0_-1.5,2023,1,2023-S1,Diminution,63.8,29.1,63.8,7.1,Augmentation,False
z_48.0_-1.5,2023,2,2023-S2,Augmentation,59.2,59.2,32.5,8.3,Augmentation,True
z_48.0_-1.5,2024,1,2024-S1,Augmentation,49.1,49.1,42.1,8.7,Stable,False
z_48.0_-1.5,2024,2,2024-S2,Augmentation,65.0,65.0,28.1,6.8,Diminution,False
z_48.0_-1.5,2025,1,2025-S1,Augmentation,55.4,55.4,37.3,7.3,Stable,False
z_48.0_-1.5,2025,2,2025-S2,Diminution,47.0,45.6,47.0,7.4,Diminution,True
z_48.0_-10.5,2023,1,2023-S1,Stable,61.4,25.8,12.7,61.4,Stable,True
z_48.0_-10.5,2023,2,2023-S2,Diminution,82.6,3.8,82.6,13.5,Stable,False
z_48.0_-10.5,2024,1,2024-S1,Stable,73.0,16.8,10.1,73.0,Stable,True
z_48.0_-10.5,2024,2,2024-S2,Diminution,69.1,13.2,69.1,17.7,Diminution,True
z_48.0_-10.5,2025,1,2025-S1,Stable,70.9,15.7,13.4,70.9,Stable,True
z_48.0_-10.5,2025,2,2025-S2,Diminution,72.3,7.9,72.3,19.8,Diminution,True
z_48.0_-12.0,2023,2,2023-S2,Stable,82.4,13.6,4.0,82.4,Stable,True
z_48.0_-12.0,2024,2,2024-S2,Stable,95.5,0.9,3.6,95.5,Stable,True
z_48.0_-12.0,2025,2,2025-S2,Stable,95.6,1.5,3.0,95.6,Stable,True
z_48.0_-15.0,2023,2,2023-S2,Stable,98.5,0.4,1.1,98.5,Stable,True
z_48.0_-15.0,2024,2,2024-S2,Stable,96.5,1.9,1.6,96.5,Stable,True
z_48.0_-15.0,2025,2,2025-S2,Stable,98.5,0.4,1.1,98.5,Stable,True
z_48.0_-3.0,2023,1,2023-S1,Augmentation,72.2,72.2,16.5,11.3,Augmentation,True
z_48.0_-3.0,2023,2,2023-S2,Augmentation,73.5,73.5,15.1,11.4,Diminution,False
z_48.0_-3.0,2024,1,2024-S1,Augmentation,60.1,60.1,25.6,14.3,Diminution,False
z_48.0_-3.0,2024,2,2024-S2,Diminution,56.9,32.1,56.9,11.0,Diminution,True
z_48.0_-3.0,2025,1,2025-S1,Diminution,62.1,20.1,62.1,17.8,Stable,False
z_48.0_-3.0,2025,2,2025-S2,Diminution,53.2,32.0,53.2,14.8,Diminution,True
z_48.0_-4.5,2023,1,2023-S1,Augmentation,57.3,57.3,28.3,14.4,Stable,False
z_48.0_-4.5,2023,2,2023-S2,Augmentation,59.8,59.8,27.1,13.1,Stable,False
z_48.0_-4.5,2024,1,2024-S1,Augmentation,56.6,56.6,28.3,15.1,Stable,False
z_48.0_-4.5,2024,2,2024-S2,Augmentation,49.6,49.6,31.9,18.5,Stable,False
z_48.0_-4.5,2025,1,2025-S1,Augmentation,50.8,50.8,33.4,15.8,Stable,False
z_48.0_-4.5,2025,2,2025-S2,Augmentation,54.9,54.9,29.1,15.9,Stable,False
z_48.0_-6.0,2023,1,2023-S1,Diminution,55.3,36.9,55.3,7.8,Stable,False
z_48.0_-6.0,2023,2,2023-S2,Diminution,60.2,31.9,60.2,7.9,Augmentation,False
z_48.0_-6.0,2024,1,2024-S1,Augmentation,59.0,59.0,33.1,7.8,Augmentation,True
z_48.0_-6.0,2024,2,2024-S2,Augmentation,66.0,66.0,27.4,6.6,Diminution,False
z_48.0_-6.0,2025,1,2025-S1,Augmentation,66.3,66.3,24.4,9.2,Augmentation,True
z_48.0_-6.0,2025,2,2025-S2,Augmentation,63.4,63.4,30.0,6.6,Stable,False
z_48.0_-7.5,2023,1,2023-S1,Augmentation,61.4,61.4,18.9,19.7,Augmentation,True
z_48.0_-7.5,2023,2,2023-S2,Augmentation,71.4,71.4,15.5,13.1,Stable,False
z_48.0_-7.5,2024,1,2024-S1,Augmentation,51.7,51.7,32.5,15.8,Augmentation,True
z_48.0_-7.5,2024,2,2024-S2,Augmentation,53.8,53.8,33.2,13.0,Stable,False
z_48.0_-7.5,2025,1,2025-S1,Diminution,41.1,39.4,41.1,19.5,Stable,False
z_48.0_-7.5,2025,2,2025-S2,Diminution,74.8,14.7,74.8,10.5,Stable,False
z_48.0_-9.0,2023,1,2023-S1,Stable,66.7,30.5,2.9,66.7,Stable,True
z_48.0_-9.0,2023,2,2023-S2,Stable,67.6,28.1,4.3,67.6,Stable,True
z_48.0_-9.0,2024,1,2024-S1,Stable,54.3,41.1,4.6,54.3,Stable,True
z_48.0_-9.0,2024,2,2024-S2,Stable,64.0,32.2,3.8,64.0,Augmentation,False
z_48.0_-9.0,2025,1,2025-S1,Augmentation,46.9,46.9,7.9,45.2,Augmentation,True
z_48.0_-9.0,2025,2,2025-S2,Augmentation,52.8,52.8,11.1,36.1,Stable,False
z_49.5_-1.5,2023,1,2023-S1,Diminution,56.9,34.8,56.9,8.3,Diminution,True
z_49.5_-1.5,2023,2,2023-S2,Diminution,48.3,44.8,48.3,7.0,Diminution,True
z_49.5_-1.5,2024,1,2024-S1,Augmentation,50.3,50.3,43.1,6.6,Diminution,False
z_49.5_-1.5,2024,2,2024-S2,Augmentation,51.6,51.6,42.2,6.2,Diminution,False
z_49.5_-1.5,2025,1,2025-S1,Augmentation,53.4,53.4,40.0,6.6,Diminution,False
z_49.5_-1.5,2025,2,2025-S2,Diminution,52.9,40.7,52.9,6.5,Diminution,True
z_49.5_-12.0,2023,1,2023-S1,Diminution,48.8,25.3,48.8,25.9,Stable,False
z_49.5_-12.0,2023,2,2023-S2,Stable,52.6,39.3,8.1,52.6,Stable,True
z_49.5_-12.0,2024,1,2024-S1,Diminution,62.3,17.5,62.3,20.1,Stable,False
z_49.5_-12.0,2024,2,2024-S2,Stable,47.5,45.4,7.1,47.5,Stable,True
z_49.5_-12.0,2025,1,2025-S1,Diminution,65.7,9.3,65.7,25.0,Stable,False
z_49.5_-12.0,2025,2,2025-S2,Stable,91.6,5.6,2.8,91.6,Stable,True
z_49.5_-3.0,2023,1,2023-S1,Diminution,55.8,38.7,55.8,5.5,Diminution,True
z_49.5_-3.0,2023,2,2023-S2,Diminution,70.3,22.7,70.3,6.9,Diminution,True
z_49.5_-3.0,2024,1,2024-S1,Diminution,82.0,12.4,82.0,5.6,Diminution,True
z_49.5_-3.0,2024,2,2024-S2,Diminution,71.9,20.9,71.9,7.2,Diminution,True
z_49.5_-3.0,2025,1,2025-S1,Diminution,75.2,16.8,75.2,8.0,Diminution,True
z_49.5_-3.0,2025,2,2025-S2,Diminution,75.9,17.4,75.9,6.7,Diminution,True
z_49.5_-4.5,2023,1,2023-S1,Diminution,62.1,25.9,62.1,12.0,Diminution,True
z_49.5_-4.5,2023,2,2023-S2,Diminution,62.2,24.7,62.2,13.1,Diminution,True
z_49.5_-4.5,2024,1,2024-S1,Diminution,60.1,24.2,60.1,15.7,Diminution,True
z_49.5_-4.5,2024,2,2024-S2,Diminution,60.8,22.8,60.8,16.4,Diminution,True
z_49.5_-4.5,2025,1,2025-S1,Diminution,66.1,19.8,66.1,14.1,Diminution,True
z_49.5_-4.5,2025,2,2025-S2,Diminution,75.2,14.1,75.2,10.7,Diminution,True
z_49.5_-6.0,2023,1,2023-S1,Diminution,64.7,25.8,64.7,9.6,Diminution,True
z_49.5_-6.0,2023,2,2023-S2,Diminution,66.4,25.5,66.4,8.1,Diminution,True
z_49.5_-6.0,2024,1,2024-S1,Diminution,59.7,30.9,59.7,9.4,Diminution,True
z_49.5_-6.0,2024,2,2024-S2,Diminution,69.9,19.9,69.9,10.2,Diminution,True
z_49.5_-6.0,2025,1,2025-S1,Diminution,63.5,26.7,63.5,9.9,Diminution,True
z_49.5_-6.0,2025,2,2025-S2,Diminution,60.2,27.8,60.2,12.0,Diminution,True
z_49.5_-7.5,2023,1,2023-S1,Diminution,54.3,30.9,54.3,14.8,Stable,False
z_49.5_-7.5,2023,2,2023-S2,Diminution,44.8,32.8,44.8,22.4,Diminution,True
z_49.5_-7.5,2024,1,2024-S1,Diminution,62.6,17.1,62.6,20.3,Diminution,True
z_49.5_-7.5,2024,2,2024-S2,Diminution,67.8,12.4,67.8,19.8,Diminution,True
z_49.5_-7.5,2025,1,2025-S1,Diminution,62.5,14.6,62.5,22.8,Diminution,True
z_49.5_-7.5,2025,2,2025-S2,Diminution,69.2,10.1,69.2,20.8,Diminution,True
z_49.5_-9.0,2023,1,2023-S1,Stable,59.9,36.2,3.9,59.9,Stable,True
z_49.5_-9.0,2023,2,2023-S2,Diminution,75.4,6.0,75.4,18.6,Stable,False
z_49.5_-9.0,2024,1,2024-S1,Stable,62.4,33.3,4.3,62.4,Augmentation,False
z_49.5_-9.0,2024,2,2024-S2,Diminution,57.9,15.7,57.9,26.4,Stable,False
z_49.5_-9.0,2025,1,2025-S1,Augmentation,49.5,49.5,9.2,41.3,Stable,False
z_49.5_-9.0,2025,2,2025-S2,Diminution,66.1,11.6,66.1,22.4,Stable,False
z_49.5_0.0,2023,1,2023-S1,Augmentation,48.2,48.2,44.4,7.5,Diminution,False
z_49.5_0.0,2023,2,2023-S2,Augmentation,55.0,55.0,38.9,6.2,Diminution,False
z_49.5_0.0,2024,1,2024-S1,Diminution,50.6,42.4,50.6,7.0,Diminution,True
z_49.5_0.0,2024,2,2024-S2,Augmentation,50.9,50.9,42.6,6.5,Diminution,False
z_49.5_0.0,2025,1,2025-S1,Augmentation,54.4,54.4,38.7,6.8,Diminution,False
z_49.5_0.0,2025,2,2025-S2,Augmentation,53.1,53.1,40.1,6.9,Diminution,False
z_51.0_-10.5,2023,1,2023-S1,Augmentation,62.8,62.8,22.8,14.4,Stable,False
z_51.0_-10.5,2023,2,2023-S2,Augmentation,51.5,51.5,28.7,19.8,Stable,False
z_51.0_-10.5,2024,1,2024-S1,Augmentation,45.3,45.3,35.1,19.6,Diminution,False
z_51.0_-10.5,2024,2,2024-S2,Diminution,48.6,30.5,48.6,20.9,Augmentation,False
z_51.0_-10.5,2025,1,2025-S1,Augmentation,42.4,42.4,35.3,22.2,Stable,False
z_51.0_-10.5,2025,2,2025-S2,Augmentation,39.9,39.9,38.6,21.5,Diminution,False
z_51.0_-12.0,2023,1,2023-S1,Augmentation,46.4,46.4,7.6,46.0,Stable,False
z_51.0_-12.0,2023,2,2023-S2,Stable,48.7,43.3,8.0,48.7,Stable,True
z_51.0_-12.0,2024,1,2024-S1,Stable,48.1,46.8,5.1,48.1,Stable,True
z_51.0_-12.0,2024,2,2024-S2,Stable,63.2,31.9,4.9,63.2,Augmentation,False
z_51.0_-12.0,2025,1,2025-S1,Stable,50.9,42.4,6.7,50.9,Augmentation,False
z_51.0_-12.0,2025,2,2025-S2,Augmentation,52.0,52.0,10.7,37.3,Stable,False
z_51.0_-13.5,2023,1,2023-S1,Stable,96.1,2.1,1.8,96.1,Stable,True
z_51.0_-13.5,2023,2,2023-S2,Stable,82.0,15.0,3.0,82.0,Stable,True
z_51.0_-13.5,2024,1,2024-S1,Stable,95.4,2.9,1.6,95.4,Stable,True
z_51.0_-13.5,2024,2,2024-S2,Stable,86.5,9.6,3.9,86.5,Stable,True
z_51.0_-13.5,2025,1,2025-S1,Stable,83.4,15.5,1.1,83.4,Stable,True
z_51.0_-13.5,2025,2,2025-S2,Stable,74.6,21.2,4.2,74.6,Stable,True
z_51.0_-15.0,2023,1,2023-S1,Stable,76.3,21.7,2.0,76.3,Stable,True
z_51.0_-15.0,2023,2,2023-S2,Stable,75.9,21.7,2.4,75.9,Stable,True
z_51.0_-15.0,2024,1,2024-S1,Stable,92.5,5.0,2.6,92.5,Stable,True
z_51.0_-15.0,2024,2,2024-S2,Stable,93.9,4.4,1.7,93.9,Stable,True
z_51.0_-15.0,2025,1,2025-S1,Stable,83.8,13.7,2.5,83.8,Stable,True
z_51.0_-15.0,2025,2,2025-S2,Stable,64.9,29.5,5.6,64.9,Stable,True
z_51.0_-16.5,2023,1,2023-S1,Stable,98.5,0.6,0.9,98.5,Stable,True
z_51.0_-16.5,2023,2,2023-S2,Stable,80.9,16.1,3.0,80.9,Stable,True
z_51.0_-16.5,2024,1,2024-S1,Stable,94.5,3.7,1.8,94.5,Stable,True
z_51.0_-16.5,2024,2,2024-S2,Stable,97.4,1.0,1.6,97.4,Stable,True
z_51.0_-16.5,2025,1,2025-S1,Stable,98.2,0.2,1.6,98.2,Stable,True
z_51.0_-16.5,2025,2,2025-S2,Stable,96.9,1.7,1.4,96.9,Stable,True
z_51.0_-4.5,2023,1,2023-S1,Diminution,76.3,10.8,76.3,12.9,Diminution,True
z_51.0_-4.5,2023,2,2023-S2,Diminution,73.3,11.9,73.3,14.8,Diminution,True
z_51.0_-4.5,2024,1,2024-S1,Diminution,73.0,6.0,73.0,21.0,Diminution,True
z_51.0_-4.5,2024,2,2024-S2,Diminution,73.8,9.3,73.8,17.0,Diminution,True
z_51.0_-4.5,2025,1,2025-S1,Diminution,81.1,6.5,81.1,12.4,Diminution,True
z_51.0_-4.5,2025,2,2025-S2,Diminution,72.8,9.2,72.8,18.0,Diminution,True
z_51.0_-6.0,2023,1,2023-S1,Diminution,71.2,18.2,71.2,10.6,Diminution,True
z_51.0_-6.0,2023,2,2023-S2,Diminution,72.0,19.6,72.0,8.4,Diminution,True
z_51.0_-6.0,2024,1,2024-S1,Diminution,72.1,15.1,72.1,12.8,Diminution,True
z_51.0_-6.0,2024,2,2024-S2,Diminution,71.2,19.1,71.2,9.7,Diminution,True
z_51.0_-6.0,2025,1,2025-S1,Diminution,73.2,17.8,73.2,9.0,Diminution,True
z_51.0_-6.0,2025,2,2025-S2,Diminution,67.9,20.1,67.9,11.9,Diminution,True
z_51.0_-7.5,2023,1,2023-S1,Diminution,47.7,34.8,47.7,17.5,Augmentation,False
z_51.0_-7.5,2023,2,2023-S2,Augmentation,50.9,50.9,31.0,18.1,Augmentation,True
z_51.0_-7.5,2024,1,2024-S1,Augmentation,59.4,59.4,25.5,15.1,Stable,False
z_51.0_-7.5,2024,2,2024-S2,Augmentation,66.8,66.8,19.3,13.9,Augmentation,True
z_51.0_-7.5,2025,1,2025-S1,Augmentation,59.3,59.3,30.1,10.7,Stable,False
z_51.0_-7.5,2025,2,2025-S2,Augmentation,53.8,53.8,28.6,17.6,Diminution,False
z_51.0_-9.0,2023,1,2023-S1,Augmentation,57.3,57.3,14.6,28.2,Stable,False
z_51.0_-9.0,2023,2,2023-S2,Augmentation,57.9,57.9,14.6,27.5,Stable,False
z_51.0_-9.0,2024,1,2024-S1,Augmentation,61.1,61.1,15.0,23.9,Stable,False
z_51.0_-9.0,2024,2,2024-S2,Augmentation,54.7,54.7,13.4,31.9,Stable,False
z_51.0_-9.0,2025,1,2025-S1,Augmentation,58.6,58.6,9.5,32.0,Stable,False
z_51.0_-9.0,2025,2,2025-S2,Augmentation,53.0,53.0,7.2,39.8,Stable,False
z_51.0_0.0,2023,1,2023-S1,Diminution,76.5,17.0,76.5,6.5,Diminution,True
z_51.0_0.0,2023,2,2023-S2,Diminution,66.6,22.5,66.6,10.9,Diminution,True
z_51.0_0.0,2024,1,2024-S1,Diminution,56.7,34.6,56.7,8.6,Diminution,True
z_51.0_0.0,2024,2,2024-S2,Augmentation,50.7,50.7,40.8,8.6,Diminution,False
z_51.0_0.0,2025,1,2025-S1,Diminution,50.0,40.5,50.0,9.5,Diminution,True
z_51.0_0.0,2025,2,2025-S2,Diminution,72.5,20.2,72.5,7.4,Diminution,True
z_51.0_1.5,2023,1,2023-S1,Diminution,58.0,33.8,58.0,8.2,Diminution,True
z_51.0_1.5,2023,2,2023-S2,Diminution,56.5,35.9,56.5,7.7,Diminution,True
z_51.0_1.5,2024,1,2024-S1,Augmentation,55.6,55.6,36.7,7.7,Diminution,False
z_51.0_1.5,2024,2,2024-S2,Augmentation,45.4,45.4,45.3,9.3,Stable,False
z_51.0_1.5,2025,1,2025-S1,Augmentation,54.3,54.3,38.8,6.9,Diminution,False
z_51.0_1.5,2025,2,2025-S2,Augmentation,55.4,55.4,37.3,7.3,Diminution,False
z_51.0_3.0,2023,1,2023-S1,Augmentation,86.0,86.0,8.2,5.8,Augmentation,True
z_51.0_3.0,2023,2,2023-S2,Augmentation,67.8,67.8,22.9,9.4,Stable,False
z_51.0_3.0,2024,1,2024-S1,Augmentation,62.0,62.0,27.7,10.3,Augmentation,True
z_51.0_3.0,2024,2,2024-S2,Augmentation,82.6,82.6,11.0,6.4,Stable,False
z_51.0_3.0,2025,1,2025-S1,Augmentation,86.0,86.0,8.9,5.1,Augmentation,True
z_51.0_3.0,2025,2,2025-S2,Augmentation,70.6,70.6,21.6,7.8,Diminution,False
z_52.5_-1.5,2023,1,2023-S1,Diminution,69.8,22.9,69.8,7.3,Diminution,True
z_52.5_-1.5,2023,2,2023-S2,Diminution,63.3,28.7,63.3,8.0,Diminution,True
z_52.5_-1.5,2024,1,2024-S1,Diminution,55.5,33.6,55.5,10.9,Diminution,True
z_52.5_-1.5,2024,2,2024-S2,Diminution,54.6,31.9,54.6,13.5,Diminution,True
z_52.5_-1.5,2025,1,2025-S1,Diminution,54.9,29.4,54.9,15.7,Diminution,True
z_52.5_-1.5,2025,2,2025-S2,Diminution,56.2,32.8,56.2,11.1,Diminution,True
z_52.5_-10.5,2023,1,2023-S1,Stable,61.2,35.5,3.4,61.2,Stable,True
z_52.5_-10.5,2023,2,2023-S2,Stable,74.4,19.6,5.9,74.4,Stable,True
z_52.5_-10.5,2024,1,2024-S1,Stable,70.9,24.5,4.6,70.9,Stable,True
z_52.5_-10.5,2024,2,2024-S2,Stable,76.2,19.4,4.4,76.2,Stable,True
z_52.5_-10.5,2025,1,2025-S1,Stable,68.1,28.9,3.0,68.1,Augmentation,False
z_52.5_-10.5,2025,2,2025-S2,Augmentation,48.7,48.7,6.0,45.3,Stable,False
z_52.5_-12.0,2023,1,2023-S1,Stable,79.9,18.2,1.9,79.9,Stable,True
z_52.5_-12.0,2023,2,2023-S2,Stable,85.9,10.8,3.2,85.9,Stable,True
z_52.5_-12.0,2024,1,2024-S1,Stable,95.7,1.6,2.7,95.7,Stable,True
z_52.5_-12.0,2024,2,2024-S2,Stable,94.6,3.3,2.2,94.6,Stable,True
z_52.5_-12.0,2025,1,2025-S1,Stable,81.1,16.6,2.3,81.1,Stable,True
z_52.5_-12.0,2025,2,2025-S2,Stable,94.8,2.3,2.9,94.8,Stable,True
z_52.5_-13.5,2023,1,2023-S1,Stable,84.1,5.4,10.5,84.1,Stable,True
z_52.5_-13.5,2023,2,2023-S2,Stable,95.4,1.1,3.5,95.4,Stable,True
z_52.5_-13.5,2024,1,2024-S1,Stable,85.6,2.2,12.2,85.6,Stable,True
z_52.5_-13.5,2024,2,2024-S2,Stable,90.0,6.3,3.7,90.0,Stable,True
z_52.5_-13.5,2025,1,2025-S1,Stable,96.4,1.3,2.2,96.4,Stable,True
z_52.5_-13.5,2025,2,2025-S2,Stable,83.8,11.8,4.4,83.8,Stable,True
z_52.5_-15.0,2023,1,2023-S1,Stable,92.7,4.7,2.6,92.7,Stable,True
z_52.5_-15.0,2023,2,2023-S2,Stable,94.3,2.2,3.5,94.3,Stable,True
z_52.5_-15.0,2024,1,2024-S1,Stable,95.7,1.4,2.9,95.7,Stable,True
z_52.5_-15.0,2024,2,2024-S2,Stable,96.0,0.6,3.4,96.0,Stable,True
z_52.5_-15.0,2025,1,2025-S1,Stable,95.7,1.4,2.9,95.7,Stable,True
z_52.5_-15.0,2025,2,2025-S2,Stable,96.0,2.1,1.9,96.0,Stable,True
z_52.5_-4.5,2023,1,2023-S1,Diminution,67.3,20.3,67.3,12.4,Diminution,True
z_52.5_-4.5,2023,2,2023-S2,Diminution,65.8,22.4,65.8,11.8,Diminution,True
z_52.5_-4.5,2024,1,2024-S1,Diminution,64.3,21.6,64.3,14.1,Diminution,True
z_52.5_-4.5,2024,2,2024-S2,Diminution,63.3,21.5,63.3,15.2,Diminution,True
z_52.5_-4.5,2025,1,2025-S1,Diminution,67.4,19.9,67.4,12.7,Diminution,True
z_52.5_-4.5,2025,2,2025-S2,Diminution,61.5,24.3,61.5,14.2,Diminution,True
z_52.5_-6.0,2023,1,2023-S1,Augmentation,51.0,51.0,33.3,15.6,Stable,False
z_52.5_-6.0,2023,2,2023-S2,Diminution,50.7,36.3,50.7,13.0,Diminution,True
z_52.5_-6.0,2024,1,2024-S1,Augmentation,43.6,43.6,41.7,14.7,Stable,False
z_52.5_-6.0,2024,2,2024-S2,Diminution,54.8,34.9,54.8,10.3,Augmentation,False
z_52.5_-6.0,2025,1,2025-S1,Augmentation,68.3,68.3,17.1,14.6,Stable,False
z_52.5_-6.0,2025,2,2025-S2,Augmentation,51.5,51.5,35.2,13.2,Diminution,False
z_52.5_-7.5,2023,1,2023-S1,Augmentation,50.3,50.3,32.3,17.4,Stable,False
z_52.5_-7.5,2023,2,2023-S2,Augmentation,39.0,39.0,37.4,23.6,Stable,False
z_52.5_-7.5,2024,1,2024-S1,Augmentation,53.2,53.2,30.2,16.6,Augmentation,True
z_52.5_-7.5,2024,2,2024-S2,Augmentation,53.1,53.1,28.2,18.8,Stable,False
z_52.5_-7.5,2025,1,2025-S1,Augmentation,52.9,52.9,31.1,16.0,Stable,False
z_52.5_-7.5,2025,2,2025-S2,Augmentation,56.3,56.3,27.2,16.4,Stable,False
z_52.5_0.0,2023,1,2023-S1,Diminution,65.0,16.9,65.0,18.1,Diminution,True
z_52.5_0.0,2023,2,2023-S2,Diminution,54.9,24.4,54.9,20.7,Diminution,True
z_52.5_0.0,2024,1,2024-S1,Diminution,61.8,16.8,61.8,21.4,Diminution,True
z_52.5_0.0,2024,2,2024-S2,Diminution,56.0,20.6,56.0,23.5,Diminution,True
z_52.5_0.0,2025,1,2025-S1,Diminution,58.9,20.2,58.9,20.9,Diminution,True
z_52.5_0.0,2025,2,2025-S2,Diminution,61.3,21.6,61.3,17.1,Diminution,True
z_52.5_1.5,2023,1,2023-S1,Diminution,68.3,19.0,68.3,12.7,Diminution,True
z_52.5_1.5,2023,2,2023-S2,Diminution,71.4,15.4,71.4,13.2,Diminution,True
z_52.5_1.5,2024,1,2024-S1,Diminution,79.2,5.6,79.2,15.3,Diminution,True
z_52.5_1.5,2024,2,2024-S2,Diminution,69.6,12.6,69.6,17.8,Diminution,True
z_52.5_1.5,2025,1,2025-S1,Diminution,71.4,10.2,71.4,18.3,Diminution,True
z_52.5_1.5,2025,2,2025-S2,Diminution,59.7,15.7,59.7,24.6,Diminution,True
z_52.5_13.5,2023,1,2023-S1,Augmentation,47.5,47.5,41.9,10.6,Augmentation,True
z_52.5_13.5,2023,2,2023-S2,Augmentation,57.3,57.3,33.5,9.2,Stable,False
z_52.5_13.5,2024,1,2024-S1,Augmentation,57.1,57.1,32.3,10.6,Augmentation,True
z_52.5_13.5,2024,2,2024-S2,Augmentation,57.0,57.0,33.3,9.7,Diminution,False
z_52.5_13.5,2025,1,2025-S1,Augmentation,52.0,52.0,37.0,11.0,Augmentation,True
z_52.5_13.5,2025,2,2025-S2,Augmentation,53.1,53.1,38.6,8.3,Diminution,False
z_52.5_3.0,2023,1,2023-S1,Diminution,58.9,27.8,58.9,13.2,Augmentation,False
z_52.5_3.0,2023,2,2023-S2,Augmentation,52.7,52.7,27.8,19.5,Diminution,False
z_52.5_3.0,2024,1,2024-S1,Augmentation,45.7,45.7,35.5,18.8,Diminution,False
z_52.5_3.0,2024,2,2024-S2,Augmentation,43.0,43.0,41.4,15.7,Diminution,False
z_52.5_3.0,2025,1,2025-S1,Diminution,60.6,25.9,60.6,13.6,Diminution,True
z_52.5_3.0,2025,2,2025-S2,Diminution,54.5,29.8,54.5,15.7,Diminution,True
z_52.5_4.5,2023,1,2023-S1,Diminution,46.6,45.2,46.6,8.1,Augmentation,False
z_52.5_4.5,2023,2,2023-S2,Augmentation,46.9,46.9,44.2,8.9,Stable,False
z_52.5_4.5,2024,1,2024-S1,Augmentation,48.0,48.0,43.9,8.0,Diminution,False
z_52.5_4.5,2024,2,2024-S2,Diminution,50.4,42.6,50.4,7.0,Diminution,True
z_52.5_4.5,2025,1,2025-S1,Augmentation,47.2,47.2,46.9,5.9,Stable,False
z_52.5_4.5,2025,2,2025-S2,Diminution,48.0,45.8,48.0,6.2,Diminution,True
z_52.5_6.0,2023,1,2023-S1,Diminution,47.1,45.2,47.1,7.8,Augmentation,False
z_52.5_6.0,2023,2,2023-S2,Augmentation,56.5,56.5,37.4,6.1,Augmentation,True
z_52.5_6.0,2024,1,2024-S1,Augmentation,66.9,66.9,26.4,6.7,Augmentation,True
z_52.5_6.0,2024,2,2024-S2,Augmentation,74.3,74.3,19.8,5.9,Diminution,False
z_52.5_6.0,2025,1,2025-S1,Augmentation,69.8,69.8,24.6,5.6,Augmentation,True
z_52.5_6.0,2025,2,2025-S2,Augmentation,53.5,53.5,37.7,8.8,Diminution,False
z_52.5_7.5,2023,1,2023-S1,Augmentation,55.1,55.1,35.2,9.7,Stable,False
z_52.5_7.5,2023,2,2023-S2,Diminution,54.2,35.8,54.2,10.0,Stable,False
z_52.5_7.5,2024,1,2024-S1,Augmentation,46.6,46.6,43.3,10.1,Stable,False
z_52.5_7.5,2024,2,2024-S2,Augmentation,65.5,65.5,27.2,7.4,Stable,False
z_52.5_7.5,2025,1,2025-S1,Augmentation,52.6,52.6,39.7,7.7,Augmentation,True
z_52.5_7.5,2025,2,2025-S2,Augmentation,69.9,69.9,24.1,6.0,Diminution,False
z_52.5_9.0,2023,1,2023-S1,Augmentation,93.3,93.3,2.9,3.7,Stable,False
z_52.5_9.0,2023,2,2023-S2,Augmentation,91.6,91.6,3.1,5.3,Stable,False
z_52.5_9.0,2024,1,2024-S1,Augmentation,77.5,77.5,13.4,9.1,Diminution,False
z_52.5_9.0,2024,2,2024-S2,Augmentation,64.0,64.0,21.5,14.5,Stable,False
z_52.5_9.0,2025,1,2025-S1,Augmentation,54.7,54.7,25.8,19.5,Diminution,False
z_52.5_9.0,2025,2,2025-S2,Augmentation,73.9,73.9,15.7,10.5,Diminution,False
z_54.0_-1.5,2023,1,2023-S1,Diminution,71.7,11.5,71.7,16.9,Diminution,True
z_54.0_-1.5,2023,2,2023-S2,Diminution,61.9,19.6,61.9,18.5,Diminution,True
z_54.0_-1.5,2024,1,2024-S1,Diminution,66.9,15.9,66.9,17.2,Diminution,True
z_54.0_-1.5,2024,2,2024-S2,Diminution,72.8,11.7,72.8,15.4,Diminution,True
z_54.0_-1.5,2025,1,2025-S1,Diminution,60.3,18.8,60.3,20.9,Diminution,True
z_54.0_-1.5,2025,2,2025-S2,Diminution,75.8,11.6,75.8,12.7,Diminution,True
z_54.0_-10.5,2023,1,2023-S1,Stable,97.5,0.1,2.4,97.5,Stable,True
z_54.0_-10.5,2023,2,2023-S2,Stable,97.1,0.9,2.0,97.1,Stable,True
z_54.0_-10.5,2024,1,2024-S1,Stable,95.9,2.0,2.1,95.9,Stable,True
z_54.0_-10.5,2024,2,2024-S2,Stable,92.1,5.5,2.4,92.1,Stable,True
z_54.0_-10.5,2025,1,2025-S1,Stable,96.6,2.0,1.4,96.6,Stable,True
z_54.0_-10.5,2025,2,2025-S2,Stable,73.9,22.6,3.5,73.9,Stable,True
z_54.0_-16.5,2023,1,2023-S1,Stable,99.0,0.0,1.0,99.0,Stable,True
z_54.0_-16.5,2024,1,2024-S1,Stable,99.0,0.0,1.0,99.0,Stable,True
z_54.0_-16.5,2025,1,2025-S1,Stable,97.4,1.0,1.6,97.4,Stable,True
z_54.0_-4.5,2023,1,2023-S1,Diminution,72.7,16.4,72.7,10.9,Diminution,True
z_54.0_-4.5,2023,2,2023-S2,Diminution,65.0,17.9,65.0,17.1,Diminution,True
z_54.0_-4.5,2024,1,2024-S1,Diminution,76.4,9.7,76.4,13.8,Augmentation,False
z_54.0_-4.5,2024,2,2024-S2,Diminution,59.2,21.1,59.2,19.7,Diminution,True
z_54.0_-4.5,2025,1,2025-S1,Diminution,54.2,26.0,54.2,19.7,Diminution,True
z_54.0_-4.5,2025,2,2025-S2,Diminution,63.1,20.8,63.1,16.0,Diminution,True
z_54.0_-6.0,2023,1,2023-S1,Diminution,77.1,10.6,77.1,12.3,Diminution,True
z_54.0_-6.0,2023,2,2023-S2,Diminution,72.9,10.6,72.9,16.5,Diminution,True
z_54.0_-6.0,2024,1,2024-S1,Diminution,65.5,13.2,65.5,21.3,Diminution,True
z_54.0_-6.0,2024,2,2024-S2,Diminution,69.5,10.4,69.5,20.1,Diminution,True
z_54.0_-6.0,2025,1,2025-S1,Diminution,76.1,5.9,76.1,18.0,Diminution,True
z_54.0_-6.0,2025,2,2025-S2,Diminution,73.6,7.7,73.6,18.7,Diminution,True
z_54.0_-7.5,2023,1,2023-S1,Diminution,74.8,9.4,74.8,15.8,Diminution,True
z_54.0_-7.5,2023,2,2023-S2,Diminution,74.7,9.3,74.7,16.0,Stable,False
z_54.0_-7.5,2024,1,2024-S1,Diminution,72.1,9.3,72.1,18.6,Stable,False
z_54.0_-7.5,2024,2,2024-S2,Diminution,73.4,8.9,73.4,17.8,Augmentation,False
z_54.0_-7.5,2025,1,2025-S1,Diminution,52.0,21.8,52.0,26.2,Diminution,True
z_54.0_-7.5,2025,2,2025-S2,Diminution,58.0,20.1,58.0,21.8,Diminution,True
z_54.0_-9.0,2023,1,2023-S1,Stable,95.1,3.2,1.7,95.1,Stable,True
z_54.0_-9.0,2023,2,2023-S2,Stable,70.7,26.1,3.2,70.7,Stable,True
z_54.0_-9.0,2024,1,2024-S1,Stable,91.4,5.8,2.8,91.4,Stable,True
z_54.0_-9.0,2024,2,2024-S2,Stable,84.0,13.7,2.3,84.0,Stable,True
z_54.0_-9.0,2025,1,2025-S1,Stable,85.3,11.7,3.0,85.3,Stable,True
z_54.0_-9.0,2025,2,2025-S2,Stable,77.7,19.8,2.6,77.7,Stable,True
z_54.0_0.0,2023,1,2023-S1,Diminution,76.2,7.6,76.2,16.2,Stable,False
z_54.0_0.0,2023,2,2023-S2,Diminution,66.7,14.3,66.7,19.0,Stable,False
z_54.0_0.0,2024,1,2024-S1,Diminution,74.4,7.1,74.4,18.5,Diminution,True
z_54.0_0.0,2024,2,2024-S2,Diminution,71.5,6.5,71.5,22.1,Stable,False
z_54.0_0.0,2025,1,2025-S1,Diminution,71.8,4.2,71.8,24.0,Stable,False
z_54.0_0.0,2025,2,2025-S2,Diminution,60.2,16.7,60.2,23.1,Stable,False
z_54.0_1.5,2023,1,2023-S1,Stable,72.6,24.0,3.4,72.6,Diminution,False
z_54.0_1.5,2023,2,2023-S2,Diminution,85.3,4.5,85.3,10.2,Stable,False
z_54.0_1.5,2024,1,2024-S1,Stable,52.9,40.8,6.3,52.9,Stable,True
z_54.0_1.5,2024,2,2024-S2,Diminution,79.3,4.8,79.3,16.0,Diminution,True
z_54.0_1.5,2025,1,2025-S1,Stable,80.7,12.3,7.0,80.7,Diminution,False
z_54.0_1.5,2025,2,2025-S2,Diminution,79.7,2.2,79.7,18.1,Stable,False
z_54.0_10.5,2023,1,2023-S1,Augmentation,73.0,73.0,22.1,4.9,Augmentation,True
z_54.0_10.5,2023,2,2023-S2,Augmentation,74.2,74.2,21.1,4.7,Augmentation,True
z_54.0_10.5,2024,1,2024-S1,Augmentation,71.2,71.2,23.5,5.3,Augmentation,True
z_54.0_10.5,2024,2,2024-S2,Augmentation,71.4,71.4,23.3,5.3,Diminution,False
z_54.0_10.5,2025,1,2025-S1,Augmentation,68.6,68.6,25.7,5.7,Augmentation,True
z_54.0_10.5,2025,2,2025-S2,Augmentation,47.8,47.8,43.7,8.5,Stable,False
z_54.0_12.0,2023,1,2023-S1,Augmentation,58.6,58.6,32.1,9.3,Augmentation,True
z_54.0_12.0,2023,2,2023-S2,Augmentation,61.9,61.9,31.2,6.9,Augmentation,True
z_54.0_12.0,2024,1,2024-S1,Augmentation,66.3,66.3,25.6,8.1,Augmentation,True
z_54.0_12.0,2024,2,2024-S2,Diminution,54.2,35.9,54.2,9.9,Augmentation,False
z_54.0_12.0,2025,1,2025-S1,Diminution,51.7,37.1,51.7,11.2,Augmentation,False
z_54.0_12.0,2025,2,2025-S2,Diminution,50.7,39.6,50.7,9.7,Diminution,True
z_54.0_13.5,2023,1,2023-S1,Augmentation,74.9,74.9,20.4,4.7,Augmentation,True
z_54.0_13.5,2023,2,2023-S2,Augmentation,82.6,82.6,14.2,3.2,Augmentation,True
z_54.0_13.5,2024,1,2024-S1,Augmentation,81.4,81.4,15.1,3.5,Augmentation,True
z_54.0_13.5,2024,2,2024-S2,Augmentation,54.6,54.6,36.9,8.5,Augmentation,True
z_54.0_13.5,2025,1,2025-S1,Augmentation,53.1,53.1,40.3,6.5,Stable,False
z_54.0_13.5,2025,2,2025-S2,Augmentation,50.0,50.0,43.6,6.4,Diminution,False
z_54.0_15.0,2023,1,2023-S1,Augmentation,45.3,45.3,30.8,23.9,Stable,False
z_54.0_15.0,2023,2,2023-S2,Augmentation,45.2,45.2,32.2,22.6,Stable,False
z_54.0_15.0,2024,1,2024-S1,Diminution,48.8,27.6,48.8,23.6,Stable,False
z_54.0_15.0,2024,2,2024-S2,Diminution,46.5,30.7,46.5,22.8,Stable,False
z_54.0_15.0,2025,1,2025-S1,Diminution,48.5,29.4,48.5,22.1,Augmentation,False
z_54.0_15.0,2025,2,2025-S2,Diminution,40.8,33.8,40.8,25.4,Stable,False
z_54.0_16.5,2023,1,2023-S1,Diminution,75.7,8.4,75.7,15.9,Diminution,True
z_54.0_16.5,2023,2,2023-S2,Stable,66.8,26.3,6.9,66.8,Stable,True
z_54.0_16.5,2024,1,2024-S1,Diminution,80.0,6.1,80.0,13.9,Diminution,True
z_54.0_16.5,2024,2,2024-S2,Stable,63.1,32.1,4.8,63.1,Stable,True
z_54.0_16.5,2025,1,2025-S1,Diminution,70.5,8.9,70.5,20.6,Stable,False
z_54.0_16.5,2025,2,2025-S2,Stable,64.4,30.6,5.0,64.4,Stable,True
z_54.0_18.0,2023,1,2023-S1,Augmentation,68.0,68.0,25.9,6.1,Augmentation,True
z_54.0_18.0,2023,2,2023-S2,Augmentation,81.4,81.4,14.3,4.3,Augmentation,True
z_54.0_18.0,2024,1,2024-S1,Augmentation,73.9,73.9,21.9,4.1,Diminution,False
z_54.0_18.0,2024,2,2024-S2,Augmentation,52.8,52.8,37.9,9.3,Diminution,False
z_54.0_18.0,2025,1,2025-S1,Diminution,78.6,15.5,78.6,5.9,Augmentation,False
z_54.0_18.0,2025,2,2025-S2,Diminution,52.6,40.6,52.6,6.8,Diminution,True
z_54.0_3.0,2023,1,2023-S1,Stable,93.5,3.9,2.6,93.5,Stable,True
z_54.0_3.0,2023,2,2023-S2,Diminution,79.7,4.5,79.7,15.8,Stable,False
z_54.0_3.0,2024,1,2024-S1,Stable,83.4,12.9,3.6,83.4,Stable,True
z_54.0_3.0,2024,2,2024-S2,Diminution,79.9,4.7,79.9,15.5,Stable,False
z_54.0_3.0,2025,1,2025-S1,Stable,95.0,1.0,4.1,95.0,Stable,True
z_54.0_3.0,2025,2,2025-S2,Diminution,77.8,8.8,77.8,13.4,Stable,False
z_54.0_4.5,2023,1,2023-S1,Stable,62.5,31.4,6.1,62.5,Stable,True
z_54.0_4.5,2023,2,2023-S2,Stable,49.3,43.6,7.2,49.3,Stable,True
z_54.0_4.5,2024,1,2024-S1,Stable,51.6,42.4,6.0,51.6,Stable,True
z_54.0_4.5,2024,2,2024-S2,Stable,61.9,30.1,8.0,61.9,Stable,True
z_54.0_4.5,2025,1,2025-S1,Stable,74.9,21.2,3.9,74.9,Stable,True
z_54.0_4.5,2025,2,2025-S2,Stable,52.7,41.3,6.0,52.7,Stable,True
z_54.0_6.0,2023,1,2023-S1,Diminution,70.8,9.8,70.8,19.4,Stable,False
z_54.0_6.0,2023,2,2023-S2,Stable,46.2,42.3,11.5,46.2,Augmentation,False
z_54.0_6.0,2024,1,2024-S1,Diminution,55.3,20.2,55.3,24.4,Augmentation,False
z_54.0_6.0,2024,2,2024-S2,Augmentation,49.8,49.8,7.3,42.9,Augmentation,True
z_54.0_6.0,2025,1,2025-S1,Diminution,67.1,11.2,67.1,21.7,Stable,False
z_54.0_6.0,2025,2,2025-S2,Stable,58.4,33.1,8.5,58.4,Stable,True
z_54.0_7.5,2023,1,2023-S1,Augmentation,57.5,57.5,32.8,9.7,Diminution,False
z_54.0_7.5,2023,2,2023-S2,Augmentation,53.0,53.0,38.3,8.7,Augmentation,True
z_54.0_7.5,2024,1,2024-S1,Augmentation,50.3,50.3,38.9,10.9,Diminution,False
z_54.0_7.5,2024,2,2024-S2,Diminution,50.4,38.5,50.4,11.1,Diminution,True
z_54.0_7.5,2025,1,2025-S1,Diminution,54.4,35.1,54.4,10.5,Diminution,True
z_54.0_7.5,2025,2,2025-S2,Diminution,52.3,37.1,52.3,10.6,Diminution,True
z_54.0_9.0,2023,1,2023-S1,Augmentation,73.7,73.7,19.9,6.4,Augmentation,True
z_54.0_9.0,2023,2,2023-S2,Augmentation,50.8,50.8,40.3,8.9,Augmentation,True
z_54.0_9.0,2024,1,2024-S1,Augmentation,52.6,52.6,38.0,9.4,Augmentation,True
z_54.0_9.0,2024,2,2024-S2,Augmentation,56.5,56.5,35.2,8.4,Stable,False
z_54.0_9.0,2025,1,2025-S1,Augmentation,46.5,46.5,43.3,10.3,Stable,False
z_54.0_9.0,2025,2,2025-S2,Augmentation,46.6,46.6,44.5,8.9,Diminution,False
z_55.5_-10.5,2023,1,2023-S1,Stable,98.2,0.1,1.8,98.2,Stable,True
z_55.5_-10.5,2023,2,2023-S2,Stable,95.1,2.7,2.1,95.1,Stable,True
z_55.5_-10.5,2024,1,2024-S1,Stable,92.2,6.4,1.3,92.2,Stable,True
z_55.5_-10.5,2024,2,2024-S2,Stable,94.0,2.6,3.4,94.0,Stable,True
z_55.5_-10.5,2025,1,2025-S1,Stable,97.9,0.0,2.0,97.9,Stable,True
z_55.5_-10.5,2025,2,2025-S2,Stable,95.8,1.7,2.5,95.8,Stable,True
z_55.5_-15.0,2023,1,2023-S1,Stable,97.3,0.2,2.4,97.3,Stable,True
z_55.5_-15.0,2024,1,2024-S1,Stable,96.5,2.1,1.4,96.5,Stable,True
z_55.5_-15.0,2025,1,2025-S1,Stable,98.1,0.3,1.6,98.1,Stable,True
z_55.5_-3.0,2023,1,2023-S1,Diminution,73.2,8.8,73.2,18.1,Diminution,True
z_55.5_-3.0,2023,2,2023-S2,Diminution,73.2,6.9,73.2,19.9,Diminution,True
z_55.5_-3.0,2024,1,2024-S1,Diminution,72.7,7.0,72.7,20.2,Diminution,True
z_55.5_-3.0,2024,2,2024-S2,Diminution,79.2,4.9,79.2,15.8,Diminution,True
z_55.5_-3.0,2025,1,2025-S1,Diminution,74.7,7.8,74.7,17.5,Diminution,True
z_55.5_-3.0,2025,2,2025-S2,Diminution,75.4,5.3,75.4,19.3,Diminution,True
z_55.5_-4.5,2023,1,2023-S1,Diminution,69.7,5.8,69.7,24.5,Diminution,True
z_55.5_-4.5,2023,2,2023-S2,Diminution,68.2,8.3,68.2,23.5,Diminution,True
z_55.5_-4.5,2024,1,2024-S1,Diminution,68.9,7.1,68.9,24.0,Diminution,True
z_55.5_-4.5,2024,2,2024-S2,Diminution,76.4,4.3,76.4,19.3,Diminution,True
z_55.5_-4.5,2025,1,2025-S1,Diminution,73.6,5.1,73.6,21.2,Diminution,True
z_55.5_-4.5,2025,2,2025-S2,Diminution,70.1,6.1,70.1,23.8,Diminution,True
z_55.5_-6.0,2023,1,2023-S1,Diminution,76.6,7.9,76.6,15.5,Diminution,True
z_55.5_-6.0,2023,2,2023-S2,Diminution,61.2,15.5,61.2,23.4,Diminution,True
z_55.5_-6.0,2024,1,2024-S1,Diminution,75.0,6.4,75.0,18.6,Diminution,True
z_55.5_-6.0,2024,2,2024-S2,Diminution,70.0,8.1,70.0,21.9,Diminution,True
z_55.5_-6.0,2025,1,2025-S1,Diminution,77.3,5.2,77.3,17.5,Diminution,True
z_55.5_-6.0,2025,2,2025-S2,Diminution,56.7,18.4,56.7,24.9,Diminution,True
z_55.5_-7.5,2023,1,2023-S1,Diminution,79.1,7.8,79.1,13.2,Diminution,True
z_55.5_-7.5,2023,2,2023-S2,Diminution,81.4,3.8,81.4,14.9,Diminution,True
z_55.5_-7.5,2024,1,2024-S1,Diminution,81.1,3.9,81.1,15.0,Diminution,True
z_55.5_-7.5,2024,2,2024-S2,Diminution,81.8,3.9,81.8,14.4,Diminution,True
z_55.5_-7.5,2025,1,2025-S1,Diminution,74.9,4.7,74.9,20.4,Diminution,True
z_55.5_-7.5,2025,2,2025-S2,Diminution,80.6,3.9,80.6,15.5,Diminution,True
z_55.5_0.0,2023,1,2023-S1,Stable,89.9,7.0,3.0,89.9,Stable,True
z_55.5_0.0,2023,2,2023-S2,Diminution,81.1,3.7,81.1,15.2,Diminution,True
z_55.5_0.0,2024,1,2024-S1,Stable,96.1,2.4,1.5,96.1,Stable,True
z_55.5_0.0,2024,2,2024-S2,Diminution,81.1,3.7,81.1,15.2,Stable,False
z_55.5_0.0,2025,1,2025-S1,Stable,59.2,33.9,6.9,59.2,Stable,True
z_55.5_0.0,2025,2,2025-S2,Diminution,76.6,4.8,76.6,18.6,Diminution,True
z_55.5_1.5,2023,1,2023-S1,Stable,94.4,4.3,1.2,94.4,Stable,True
z_55.5_1.5,2023,2,2023-S2,Stable,76.5,21.1,2.4,76.5,Stable,True
z_55.5_1.5,2024,1,2024-S1,Stable,92.1,5.3,2.6,92.1,Stable,True
z_55.5_1.5,2024,2,2024-S2,Stable,93.2,4.8,2.0,93.2,Stable,True
z_55.5_1.5,2025,1,2025-S1,Stable,96.2,1.8,1.9,96.2,Stable,True
z_55.5_1.5,2025,2,2025-S2,Stable,86.6,10.2,3.2,86.6,Stable,True
z_55.5_10.5,2023,1,2023-S1,Diminution,62.4,31.5,62.4,6.1,Augmentation,False
z_55.5_10.5,2023,2,2023-S2,Diminution,48.6,44.2,48.6,7.1,Augmentation,False
z_55.5_10.5,2024,1,2024-S1,Augmentation,47.2,47.2,45.0,7.7,Diminution,False
z_55.5_10.5,2024,2,2024-S2,Diminution,48.9,42.0,48.9,9.1,Stable,False
z_55.5_10.5,2025,1,2025-S1,Diminution,59.7,34.4,59.7,5.9,Diminution,True
z_55.5_10.5,2025,2,2025-S2,Diminution,47.0,45.0,47.0,8.0,Diminution,True
z_55.5_12.0,2023,1,2023-S1,Diminution,51.6,41.9,51.6,6.4,Stable,False
z_55.5_12.0,2023,2,2023-S2,Augmentation,55.0,55.0,37.7,7.3,Augmentation,True
z_55.5_12.0,2024,1,2024-S1,Augmentation,62.6,62.6,30.5,6.9,Augmentation,True
z_55.5_12.0,2024,2,2024-S2,Augmentation,59.4,59.4,34.3,6.2,Augmentation,True
z_55.5_12.0,2025,1,2025-S1,Augmentation,56.1,56.1,38.0,5.9,Augmentation,True
z_55.5_12.0,2025,2,2025-S2,Augmentation,54.6,54.6,39.3,6.1,Stable,False
z_55.5_13.5,2023,1,2023-S1,Diminution,73.9,5.2,73.9,20.9,Stable,False
z_55.5_13.5,2023,2,2023-S2,Augmentation,52.9,52.9,2.4,44.7,Stable,False
z_55.5_13.5,2024,1,2024-S1,Diminution,70.5,7.0,70.5,22.5,Stable,False
z_55.5_13.5,2024,2,2024-S2,Augmentation,49.2,49.2,3.9,46.9,Stable,False
z_55.5_13.5,2025,1,2025-S1,Diminution,61.1,17.6,61.1,21.2,Stable,False
z_55.5_13.5,2025,2,2025-S2,Stable,54.6,40.9,4.5,54.6,Diminution,False
z_55.5_15.0,2023,1,2023-S1,Diminution,42.5,41.4,42.5,16.1,Diminution,True
z_55.5_15.0,2023,2,2023-S2,Diminution,60.8,24.9,60.8,14.4,Augmentation,False
z_55.5_15.0,2024,1,2024-S1,Augmentation,46.7,46.7,35.0,18.3,Stable,False
z_55.5_15.0,2024,2,2024-S2,Augmentation,43.6,43.6,36.1,20.3,Stable,False
z_55.5_15.0,2025,1,2025-S1,Diminution,50.2,32.0,50.2,17.8,Diminution,True
z_55.5_15.0,2025,2,2025-S2,Diminution,61.2,21.9,61.2,17.0,Stable,False
z_55.5_16.5,2023,1,2023-S1,Diminution,68.1,12.3,68.1,19.6,Stable,False
z_55.5_16.5,2023,2,2023-S2,Diminution,64.6,13.7,64.6,21.7,Stable,False
z_55.5_16.5,2024,1,2024-S1,Diminution,62.8,7.7,62.8,29.4,Stable,False
z_55.5_16.5,2024,2,2024-S2,Diminution,62.6,13.7,62.6,23.8,Stable,False
z_55.5_16.5,2025,1,2025-S1,Diminution,57.1,16.8,57.1,26.1,Diminution,True
z_55.5_16.5,2025,2,2025-S2,Diminution,67.1,13.7,67.1,19.2,Stable,False
z_55.5_18.0,2023,1,2023-S1,Stable,80.3,15.7,3.9,80.3,Stable,True
z_55.5_18.0,2023,2,2023-S2,Stable,83.5,13.3,3.1,83.5,Diminution,False
z_55.5_18.0,2024,1,2024-S1,Stable,93.1,4.2,2.7,93.1,Stable,True
z_55.5_18.0,2024,2,2024-S2,Stable,57.2,35.1,7.7,57.2,Stable,True
z_55.5_18.0,2025,1,2025-S1,Stable,66.4,30.3,3.3,66.4,Stable,True
z_55.5_18.0,2025,2,2025-S2,Stable,80.5,9.3,10.2,80.5,Diminution,False
z_55.5_19.5,2023,1,2023-S1,Diminution,49.2,29.5,49.2,21.3,Diminution,True
z_55.5_19.5,2023,2,2023-S2,Stable,54.9,34.8,10.3,54.9,Diminution,False
z_55.5_19.5,2024,1,2024-S1,Diminution,72.5,7.5,72.5,20.0,Stable,False
z_55.5_19.5,2024,2,2024-S2,Stable,54.5,40.9,4.5,54.5,Stable,True
z_55.5_19.5,2025,1,2025-S1,Diminution,57.4,16.2,57.4,26.4,Stable,False
z_55.5_19.5,2025,2,2025-S2,Stable,52.7,41.7,5.7,52.7,Diminution,False
z_55.5_21.0,2023,1,2023-S1,Augmentation,69.8,69.8,24.9,5.3,Augmentation,True
z_55.5_21.0,2023,2,2023-S2,Augmentation,74.5,74.5,17.8,7.7,Augmentation,True
z_55.5_21.0,2024,1,2024-S1,Augmentation,52.5,52.5,38.8,8.7,Stable,False
z_55.5_21.0,2024,2,2024-S2,Augmentation,51.0,51.0,39.0,9.9,Augmentation,True
z_55.5_21.0,2025,1,2025-S1,Diminution,49.3,43.5,49.3,7.3,Stable,False
z_55.5_21.0,2025,2,2025-S2,Augmentation,55.4,55.4,32.3,12.3,Diminution,False
z_55.5_3.0,2023,1,2023-S1,Diminution,70.8,10.6,70.8,18.6,Diminution,True
z_55.5_3.0,2023,2,2023-S2,Diminution,76.5,7.8,76.5,15.8,Stable,False
z_55.5_3.0,2024,1,2024-S1,Diminution,72.6,4.9,72.6,22.5,Diminution,True
z_55.5_3.0,2024,2,2024-S2,Diminution,82.2,4.4,82.2,13.4,Stable,False
z_55.5_3.0,2025,1,2025-S1,Diminution,71.3,8.0,71.3,20.7,Diminution,True
z_55.5_3.0,2025,2,2025-S2,Diminution,85.8,1.5,85.8,12.7,Diminution,True
z_55.5_4.5,2023,1,2023-S1,Diminution,81.8,3.4,81.8,14.8,Stable,False
z_55.5_4.5,2023,2,2023-S2,Stable,94.5,3.7,1.8,94.5,Stable,True
z_55.5_4.5,2024,1,2024-S1,Diminution,75.8,6.1,75.8,18.0,Stable,False
z_55.5_4.5,2024,2,2024-S2,Stable,64.8,32.7,2.5,64.8,Stable,True
z_55.5_4.5,2025,1,2025-S1,Diminution,79.9,3.2,79.9,16.9,Stable,False
z_55.5_4.5,2025,2,2025-S2,Stable,76.9,18.9,4.2,76.9,Stable,True
z_55.5_6.0,2023,1,2023-S1,Augmentation,50.0,50.0,4.4,45.6,Augmentation,True
z_55.5_6.0,2023,2,2023-S2,Augmentation,54.5,54.5,8.9,36.6,Stable,False
z_55.5_6.0,2024,1,2024-S1,Augmentation,55.4,55.4,9.7,34.9,Stable,False
z_55.5_6.0,2024,2,2024-S2,Stable,47.2,42.7,10.1,47.2,Stable,True
z_55.5_6.0,2025,1,2025-S1,Augmentation,49.2,49.2,9.5,41.2,Stable,False
z_55.5_6.0,2025,2,2025-S2,Augmentation,61.4,61.4,14.7,23.9,Stable,False
z_55.5_7.5,2023,1,2023-S1,Augmentation,72.3,72.3,15.6,12.1,Stable,False
z_55.5_7.5,2023,2,2023-S2,Augmentation,64.2,64.2,23.5,12.2,Stable,False
z_55.5_7.5,2024,1,2024-S1,Augmentation,56.8,56.8,32.6,10.6,Augmentation,True
z_55.5_7.5,2024,2,2024-S2,Augmentation,79.7,79.7,10.9,9.4,Stable,False
z_55.5_7.5,2025,1,2025-S1,Augmentation,72.0,72.0,17.7,10.2,Diminution,False
z_55.5_7.5,2025,2,2025-S2,Augmentation,50.6,50.6,37.8,11.7,Diminution,False
z_55.5_9.0,2023,1,2023-S1,Augmentation,51.6,51.6,35.9,12.6,Augmentation,True
z_55.5_9.0,2023,2,2023-S2,Augmentation,72.0,72.0,20.3,7.7,Diminution,False
z_55.5_9.0,2024,1,2024-S1,Diminution,46.8,41.8,46.8,11.5,Augmentation,False
z_55.5_9.0,2024,2,2024-S2,Augmentation,45.3,45.3,43.7,11.0,Diminution,False
z_55.5_9.0,2025,1,2025-S1,Augmentation,47.6,47.6,38.5,13.8,Stable,False
z_55.5_9.0,2025,2,2025-S2,Diminution,57.1,32.1,57.1,10.8,Augmentation,False
z_57.0_-1.5,2023,1,2023-S1,Diminution,73.8,7.0,73.8,19.2,Diminution,True
z_57.0_-1.5,2023,2,2023-S2,Diminution,73.6,5.0,73.6,21.4,Diminution,True
z_57.0_-1.5,2024,1,2024-S1,Diminution,74.9,5.4,74.9,19.7,Diminution,True
z_57.0_-1.5,2024,2,2024-S2,Diminution,77.9,5.5,77.9,16.7,Diminution,True
z_57.0_-1.5,2025,1,2025-S1,Diminution,72.2,9.8,72.2,18.1,Diminution,True
z_57.0_-1.5,2025,2,2025-S2,Diminution,77.2,5.2,77.2,17.6,Stable,False
z_57.0_-10.5,2023,1,2023-S1,Stable,88.0,9.0,3.0,88.0,Stable,True
z_57.0_-10.5,2023,2,2023-S2,Stable,85.1,12.1,2.8,85.1,Stable,True
z_57.0_-10.5,2024,1,2024-S1,Stable,91.4,6.1,2.5,91.4,Stable,True
z_57.0_-10.5,2024,2,2024-S2,Stable,97.8,0.9,1.3,97.8,Stable,True
z_57.0_-10.5,2025,1,2025-S1,Stable,94.9,2.9,2.2,94.9,Stable,True
z_57.0_-10.5,2025,2,2025-S2,Stable,93.4,4.4,2.1,93.4,Stable,True
z_57.0_-3.0,2023,1,2023-S1,Diminution,75.4,8.9,75.4,15.7,Diminution,True
z_57.0_-3.0,2023,2,2023-S2,Diminution,68.0,9.9,68.0,22.2,Diminution,True
z_57.0_-3.0,2024,1,2024-S1,Diminution,69.2,7.9,69.2,22.9,Diminution,True
z_57.0_-3.0,2024,2,2024-S2,Diminution,53.1,21.7,53.1,25.2,Diminution,True
z_57.0_-3.0,2025,1,2025-S1,Diminution,59.3,18.5,59.3,22.2,Diminution,True
z_57.0_-3.0,2025,2,2025-S2,Diminution,66.5,12.0,66.5,21.6,Diminution,True
z_57.0_-4.5,2023,1,2023-S1,Stable,57.8,38.7,3.5,57.8,Stable,True
z_57.0_-4.5,2023,2,2023-S2,Diminution,78.6,6.1,78.6,15.3,Stable,False
z_57.0_-4.5,2024,1,2024-S1,Stable,87.2,10.3,2.5,87.2,Stable,True
z_57.0_-4.5,2024,2,2024-S2,Diminution,79.8,3.6,79.8,16.7,Diminution,True
z_57.0_-4.5,2025,1,2025-S1,Stable,89.6,7.8,2.6,89.6,Stable,True
z_57.0_-4.5,2025,2,2025-S2,Diminution,76.1,3.0,76.1,20.9,Diminution,True
z_57.0_-6.0,2023,1,2023-S1,Diminution,71.6,9.2,71.6,19.2,Diminution,True
z_57.0_-6.0,2023,2,2023-S2,Diminution,69.4,6.2,69.4,24.4,Diminution,True
z_57.0_-6.0,2024,1,2024-S1,Diminution,70.6,5.1,70.6,24.4,Diminution,True
z_57.0_-6.0,2024,2,2024-S2,Diminution,67.9,5.3,67.9,26.8,Diminution,True
z_57.0_-6.0,2025,1,2025-S1,Diminution,64.7,11.2,64.7,24.1,Diminution,True
z_57.0_-6.0,2025,2,2025-S2,Diminution,54.4,18.2,54.4,27.4,Diminution,True
z_57.0_-7.5,2023,1,2023-S1,Diminution,78.2,5.7,78.2,16.1,Diminution,True
z_57.0_-7.5,2023,2,2023-S2,Diminution,66.8,8.0,66.8,25.2,Diminution,True
z_57.0_-7.5,2024,1,2024-S1,Diminution,75.3,5.8,75.3,18.8,Diminution,True
z_57.0_-7.5,2024,2,2024-S2,Diminution,79.1,4.7,79.1,16.2,Diminution,True
z_57.0_-7.5,2025,1,2025-S1,Diminution,80.7,3.9,80.7,15.4,Diminution,True
z_57.0_-7.5,2025,2,2025-S2,Diminution,77.4,6.6,77.4,16.0,Diminution,True
z_57.0_-9.0,2023,1,2023-S1,Stable,95.0,1.9,3.1,95.0,Stable,True
z_57.0_-9.0,2023,2,2023-S2,Diminution,90.4,0.7,90.4,8.9,Diminution,True
z_57.0_-9.0,2024,1,2024-S1,Stable,96.3,0.9,2.8,96.3,Stable,True
z_57.0_-9.0,2024,2,2024-S2,Diminution,84.9,1.6,84.9,13.5,Diminution,True
z_57.0_-9.0,2025,1,2025-S1,Stable,88.0,8.4,3.6,88.0,Stable,True
z_57.0_-9.0,2025,2,2025-S2,Diminution,86.7,1.1,86.7,12.1,Diminution,True
z_57.0_0.0,2023,1,2023-S1,Stable,89.5,7.1,3.4,89.5,Diminution,False
z_57.0_0.0,2023,2,2023-S2,Diminution,81.6,3.5,81.6,14.9,Stable,False
z_57.0_0.0,2024,1,2024-S1,Stable,91.3,5.6,3.1,91.3,Diminution,False
z_57.0_0.0,2024,2,2024-S2,Diminution,81.6,3.5,81.6,14.9,Stable,False
z_57.0_0.0,2025,1,2025-S1,Stable,90.0,7.8,2.2,90.0,Diminution,False
z_57.0_0.0,2025,2,2025-S2,Diminution,81.1,3.1,81.1,15.8,Stable,False
z_57.0_10.5,2023,1,2023-S1,Diminution,48.4,40.9,48.4,10.7,Augmentation,False
z_57.0_10.5,2023,2,2023-S2,Augmentation,55.4,55.4,36.3,8.3,Stable,False
z_57.0_10.5,2024,1,2024-S1,Augmentation,59.5,59.5,29.3,11.2,Augmentation,True
z_57.0_10.5,2024,2,2024-S2,Augmentation,50.1,50.1,40.2,9.6,Stable,False
z_57.0_10.5,2025,1,2025-S1,Augmentation,56.6,56.6,34.3,9.0,Diminution,False
z_57.0_10.5,2025,2,2025-S2,Diminution,48.3,41.8,48.3,9.9,Diminution,True
z_57.0_12.0,2023,1,2023-S1,Diminution,63.7,12.9,63.7,23.4,Stable,False
z_57.0_12.0,2023,2,2023-S2,Diminution,56.7,12.8,56.7,30.5,Stable,False
z_57.0_12.0,2024,1,2024-S1,Diminution,65.2,7.9,65.2,27.0,Stable,False
z_57.0_12.0,2024,2,2024-S2,Diminution,75.1,8.1,75.1,16.8,Stable,False
z_57.0_12.0,2025,1,2025-S1,Diminution,65.2,8.9,65.2,26.0,Diminution,True
z_57.0_12.0,2025,2,2025-S2,Diminution,79.6,3.1,79.6,17.4,Stable,False
z_57.0_16.5,2023,1,2023-S1,Diminution,62.2,8.4,62.2,29.4,Diminution,True
z_57.0_16.5,2023,2,2023-S2,Diminution,72.8,4.9,72.8,22.3,Stable,False
z_57.0_16.5,2024,1,2024-S1,Diminution,52.9,15.3,52.9,31.8,Stable,False
z_57.0_16.5,2024,2,2024-S2,Diminution,51.4,21.9,51.4,26.7,Diminution,True
z_57.0_16.5,2025,1,2025-S1,Diminution,74.3,5.9,74.3,19.9,Augmentation,False
z_57.0_16.5,2025,2,2025-S2,Diminution,48.6,28.5,48.6,22.9,Stable,False
z_57.0_18.0,2023,1,2023-S1,Augmentation,56.1,56.1,15.4,28.6,Stable,False
z_57.0_18.0,2023,2,2023-S2,Augmentation,65.9,65.9,7.2,26.9,Augmentation,True
z_57.0_18.0,2024,1,2024-S1,Augmentation,58.1,58.1,16.8,25.1,Stable,False
z_57.0_18.0,2024,2,2024-S2,Augmentation,59.2,59.2,12.3,28.6,Stable,False
z_57.0_18.0,2025,1,2025-S1,Augmentation,47.7,47.7,11.7,40.6,Stable,False
z_57.0_18.0,2025,2,2025-S2,Augmentation,49.3,49.3,8.9,41.8,Stable,False
z_57.0_19.5,2023,1,2023-S1,Stable,71.3,20.9,7.7,71.3,Stable,True
z_57.0_19.5,2023,2,2023-S2,Stable,86.7,5.1,8.1,86.7,Stable,True
z_57.0_19.5,2024,1,2024-S1,Stable,79.8,17.5,2.7,79.8,Stable,True
z_57.0_19.5,2024,2,2024-S2,Stable,59.6,35.1,5.3,59.6,Stable,True
z_57.0_19.5,2025,1,2025-S1,Stable,60.3,32.9,6.8,60.3,Stable,True
z_57.0_19.5,2025,2,2025-S2,Stable,84.9,11.8,3.3,84.9,Stable,True
z_57.0_21.0,2023,1,2023-S1,Diminution,77.2,5.9,77.2,16.9,Stable,False
z_57.0_21.0,2023,2,2023-S2,Stable,55.5,36.0,8.5,55.5,Diminution,False
z_57.0_21.0,2024,1,2024-S1,Diminution,74.3,6.4,74.3,19.3,Stable,False
z_57.0_21.0,2024,2,2024-S2,Stable,74.4,17.6,8.0,74.4,Diminution,False
z_57.0_21.0,2025,1,2025-S1,Diminution,64.7,7.3,64.7,28.0,Diminution,True
z_57.0_21.0,2025,2,2025-S2,Stable,88.4,3.5,8.0,88.4,Diminution,False
z_57.0_22.5,2023,1,2023-S1,Diminution,73.5,8.2,73.5,18.3,Stable,False
z_57.0_22.5,2023,2,2023-S2,Diminution,75.0,7.2,75.0,17.8,Augmentation,False
z_57.0_22.5,2024,1,2024-S1,Diminution,52.6,16.5,52.6,31.0,Stable,False
z_57.0_22.5,2024,2,2024-S2,Diminution,49.5,24.2,49.5,26.3,Stable,False
z_57.0_22.5,2025,1,2025-S1,Diminution,45.4,28.7,45.4,25.9,Stable,False
z_57.0_22.5,2025,2,2025-S2,Diminution,40.0,37.4,40.0,22.6,Stable,False
z_57.0_24.0,2023,1,2023-S1,Diminution,61.2,15.8,61.2,22.9,Diminution,True
z_57.0_24.0,2023,2,2023-S2,Stable,73.1,16.7,10.2,73.1,Diminution,False
z_57.0_24.0,2024,1,2024-S1,Diminution,64.2,10.7,64.2,25.1,Diminution,True
z_57.0_24.0,2024,2,2024-S2,Stable,95.9,1.1,3.1,95.9,Stable,True
z_57.0_24.0,2025,1,2025-S1,Diminution,78.0,7.6,78.0,14.4,Stable,False
z_57.0_24.0,2025,2,2025-S2,Stable,94.2,4.3,1.5,94.2,Diminution,False
z_57.0_3.0,2023,1,2023-S1,Stable,85.8,11.5,2.7,85.8,Stable,True
z_57.0_3.0,2023,2,2023-S2,Stable,94.8,3.1,2.1,94.8,Stable,True
z_57.0_3.0,2024,1,2024-S1,Stable,95.9,0.7,3.3,95.9,Stable,True
z_57.0_3.0,2024,2,2024-S2,Stable,94.2,3.5,2.3,94.2,Stable,True
z_57.0_3.0,2025,1,2025-S1,Stable,58.1,35.9,5.9,58.1,Stable,True
z_57.0_3.0,2025,2,2025-S2,Stable,74.2,20.8,5.1,74.2,Stable,True
z_57.0_4.5,2023,1,2023-S1,Stable,68.2,29.2,2.6,68.2,Augmentation,False
z_57.0_4.5,2023,2,2023-S2,Diminution,42.4,25.3,42.4,32.3,Stable,False
z_57.0_4.5,2024,1,2024-S1,Augmentation,52.3,52.3,6.6,41.2,Stable,False
z_57.0_4.5,2024,2,2024-S2,Diminution,61.7,16.6,61.7,21.7,Stable,False
z_57.0_4.5,2025,1,2025-S1,Stable,48.2,47.2,4.7,48.2,Stable,True
z_57.0_4.5,2025,2,2025-S2,Diminution,58.7,19.3,58.7,22.0,Stable,False
z_57.0_6.0,2023,1,2023-S1,Stable,54.3,40.6,5.1,54.3,Stable,True
z_57.0_6.0,2023,2,2023-S2,Augmentation,50.4,50.4,5.7,43.9,Stable,False
z_57.0_6.0,2024,1,2024-S1,Stable,50.2,44.5,5.3,50.2,Stable,True
z_57.0_6.0,2024,2,2024-S2,Stable,50.1,45.9,4.0,50.1,Stable,True
z_57.0_6.0,2025,1,2025-S1,Stable,51.2,43.7,5.1,51.2,Stable,True
z_57.0_6.0,2025,2,2025-S2,Stable,54.6,37.6,7.8,54.6,Stable,True
z_57.0_7.5,2023,1,2023-S1,Diminution,47.1,41.6,47.1,11.3,Stable,False
z_57.0_7.5,2023,2,2023-S2,Augmentation,56.3,56.3,29.8,13.9,Stable,False
z_57.0_7.5,2024,1,2024-S1,Augmentation,48.2,48.2,34.4,17.5,Stable,False
z_57.0_7.5,2024,2,2024-S2,Augmentation,53.2,53.2,32.5,14.4,Stable,False
z_57.0_7.5,2025,1,2025-S1,Diminution,42.5,37.9,42.5,19.5,Stable,False
z_57.0_7.5,2025,2,2025-S2,Augmentation,57.8,57.8,27.6,14.7,Diminution,False
z_57.0_9.0,2023,1,2023-S1,Augmentation,60.7,60.7,26.9,12.4,Augmentation,True
z_57.0_9.0,2023,2,2023-S2,Augmentation,68.1,68.1,18.7,13.2,Stable,False
z_57.0_9.0,2024,1,2024-S1,Augmentation,57.0,57.0,26.8,16.3,Stable,False
z_57.0_9.0,2024,2,2024-S2,Diminution,40.9,40.1,40.9,19.0,Augmentation,False
z_57.0_9.0,2025,1,2025-S1,Augmentation,60.7,60.7,25.0,14.4,Stable,False
z_57.0_9.0,2025,2,2025-S2,Augmentation,54.1,54.1,26.7,19.2,Diminution,False
z_58.5_-1.5,2023,1,2023-S1,Diminution,77.5,7.0,77.5,15.5,Diminution,True
z_58.5_-1.5,2023,2,2023-S2,Diminution,78.8,4.4,78.8,16.8,Stable,False
z_58.5_-1.5,2024,1,2024-S1,Diminution,72.9,4.1,72.9,22.9,Stable,False
z_58.5_-1.5,2024,2,2024-S2,Diminution,68.6,8.7,68.6,22.7,Diminution,True
z_58.5_-1.5,2025,1,2025-S1,Diminution,73.4,5.6,73.4,21.0,Diminution,True
z_58.5_-1.5,2025,2,2025-S2,Diminution,70.2,5.5,70.2,24.3,Diminution,True
z_58.5_-10.5,2023,1,2023-S1,Stable,99.1,0.0,0.8,99.1,Stable,True
z_58.5_-10.5,2024,1,2024-S1,Stable,99.1,0.0,0.8,99.1,Stable,True
z_58.5_-10.5,2025,1,2025-S1,Stable,99.1,0.0,0.8,99.1,Stable,True
z_58.5_-3.0,2023,1,2023-S1,Diminution,74.2,5.8,74.2,20.0,Diminution,True
z_58.5_-3.0,2023,2,2023-S2,Diminution,70.8,5.7,70.8,23.5,Diminution,True
z_58.5_-3.0,2024,1,2024-S1,Diminution,80.1,3.3,80.1,16.6,Stable,False
z_58.5_-3.0,2024,2,2024-S2,Diminution,70.5,6.9,70.5,22.6,Diminution,True
z_58.5_-3.0,2025,1,2025-S1,Diminution,80.1,2.9,80.1,16.9,Diminution,True
z_58.5_-3.0,2025,2,2025-S2,Diminution,76.4,4.3,76.4,19.2,Diminution,True
z_58.5_-6.0,2023,1,2023-S1,Diminution,77.4,5.7,77.4,16.9,Diminution,True
z_58.5_-6.0,2023,2,2023-S2,Stable,88.1,8.7,3.2,88.1,Stable,True
z_58.5_-6.0,2024,1,2024-S1,Diminution,82.3,2.8,82.3,14.9,Diminution,True
z_58.5_-6.0,2024,2,2024-S2,Stable,91.5,5.4,3.1,91.5,Stable,True
z_58.5_-6.0,2025,1,2025-S1,Diminution,81.2,3.2,81.2,15.7,Stable,False
z_58.5_-6.0,2025,2,2025-S2,Stable,90.4,7.4,2.1,90.4,Stable,True
z_58.5_-9.0,2023,1,2023-S1,Stable,96.4,0.7,3.0,96.4,Stable,True
z_58.5_-9.0,2023,2,2023-S2,Stable,96.7,0.5,2.8,96.7,Stable,True
z_58.5_-9.0,2024,1,2024-S1,Stable,96.4,0.7,3.0,96.4,Stable,True
z_58.5_-9.0,2024,2,2024-S2,Stable,96.7,0.5,2.8,96.7,Stable,True
z_58.5_-9.0,2025,1,2025-S1,Stable,96.4,0.7,3.0,96.4,Stable,True
z_58.5_-9.0,2025,2,2025-S2,Stable,96.6,1.9,1.5,96.6,Stable,True
z_58.5_0.0,2023,1,2023-S1,Stable,59.5,37.7,2.9,59.5,Stable,True
z_58.5_0.0,2023,2,2023-S2,Diminution,77.6,5.4,77.6,17.0,Stable,False
z_58.5_0.0,2024,1,2024-S1,Stable,58.5,36.8,4.6,58.5,Stable,True
z_58.5_0.0,2024,2,2024-S2,Diminution,83.1,3.3,83.1,13.6,Stable,False
z_58.5_0.0,2025,1,2025-S1,Stable,72.8,21.3,5.8,72.8,Stable,True
z_58.5_0.0,2025,2,2025-S2,Diminution,75.1,2.4,75.1,22.5,Diminution,True
z_58.5_1.5,2023,1,2023-S1,Stable,63.1,31.5,5.4,63.1,Diminution,False
z_58.5_1.5,2023,2,2023-S2,Diminution,61.5,14.6,61.5,23.9,Stable,False
z_58.5_1.5,2024,1,2024-S1,Stable,73.0,21.4,5.6,73.0,Stable,True
z_58.5_1.5,2024,2,2024-S2,Diminution,75.7,8.1,75.7,16.3,Diminution,True
z_58.5_1.5,2025,1,2025-S1,Stable,72.1,23.9,4.0,72.1,Diminution,False
z_58.5_1.5,2025,2,2025-S2,Diminution,73.9,5.3,73.9,20.8,Stable,False
z_58.5_10.5,2023,1,2023-S1,Augmentation,63.2,63.2,27.8,8.9,Stable,False
z_58.5_10.5,2023,2,2023-S2,Augmentation,61.5,61.5,28.7,9.8,Augmentation,True
z_58.5_10.5,2024,1,2024-S1,Augmentation,53.2,53.2,37.9,8.9,Stable,False
z_58.5_10.5,2024,2,2024-S2,Augmentation,52.7,52.7,37.6,9.7,Diminution,False
z_58.5_10.5,2025,1,2025-S1,Diminution,63.2,29.3,63.2,7.6,Stable,False
z_58.5_10.5,2025,2,2025-S2,Diminution,52.9,39.1,52.9,8.0,Stable,False
z_58.5_15.0,2023,1,2023-S1,Augmentation,50.2,50.2,6.5,43.2,Diminution,False
z_58.5_15.0,2023,2,2023-S2,Diminution,68.4,10.9,68.4,20.7,Stable,False
z_58.5_15.0,2024,1,2024-S1,Stable,45.8,44.6,9.6,45.8,Stable,True
z_58.5_15.0,2024,2,2024-S2,Diminution,61.9,13.7,61.9,24.4,Diminution,True
z_58.5_15.0,2025,1,2025-S1,Stable,54.3,38.7,7.0,54.3,Augmentation,False
z_58.5_15.0,2025,2,2025-S2,Diminution,61.4,16.4,61.4,22.2,Diminution,True
z_58.5_16.5,2023,1,2023-S1,Augmentation,83.5,83.5,13.7,2.8,Diminution,False
z_58.5_16.5,2023,2,2023-S2,Augmentation,73.6,73.6,21.4,4.9,Stable,False
z_58.5_16.5,2024,1,2024-S1,Augmentation,50.6,50.6,42.1,7.3,Diminution,False
z_58.5_16.5,2024,2,2024-S2,Augmentation,46.9,46.9,45.8,7.3,Diminution,False
z_58.5_16.5,2025,1,2025-S1,Augmentation,50.0,50.0,42.7,7.3,Augmentation,True
z_58.5_16.5,2025,2,2025-S2,Augmentation,75.5,75.5,20.4,4.0,Diminution,False
z_58.5_18.0,2023,1,2023-S1,Augmentation,47.4,47.4,42.4,10.2,Stable,False
z_58.5_18.0,2023,2,2023-S2,Augmentation,56.3,56.3,34.4,9.3,Augmentation,True
z_58.5_18.0,2024,1,2024-S1,Augmentation,72.0,72.0,23.3,4.7,Diminution,False
z_58.5_18.0,2024,2,2024-S2,Augmentation,56.8,56.8,34.6,8.6,Augmentation,True
z_58.5_18.0,2025,1,2025-S1,Augmentation,58.1,58.1,34.2,7.8,Augmentation,True
z_58.5_18.0,2025,2,2025-S2,Augmentation,64.7,64.7,29.2,6.2,Diminution,False
z_58.5_19.5,2023,1,2023-S1,Augmentation,48.0,48.0,7.7,44.2,Stable,False
z_58.5_19.5,2023,2,2023-S2,Diminution,62.0,15.3,62.0,22.7,Stable,False
z_58.5_19.5,2024,1,2024-S1,Stable,56.6,34.8,8.6,56.6,Augmentation,False
z_58.5_19.5,2024,2,2024-S2,Diminution,47.7,26.9,47.7,25.4,Augmentation,False
z_58.5_19.5,2025,1,2025-S1,Augmentation,60.3,60.3,11.7,28.0,Stable,False
z_58.5_19.5,2025,2,2025-S2,Diminution,39.9,37.8,39.9,22.3,Stable,False
z_58.5_21.0,2023,1,2023-S1,Diminution,74.3,5.9,74.3,19.7,Stable,False
z_58.5_21.0,2023,2,2023-S2,Stable,81.2,14.5,4.2,81.2,Stable,True
z_58.5_21.0,2024,1,2024-S1,Diminution,77.8,4.3,77.8,17.9,Stable,False
z_58.5_21.0,2024,2,2024-S2,Stable,90.2,7.1,2.7,90.2,Augmentation,False
z_58.5_21.0,2025,1,2025-S1,Diminution,58.1,16.9,58.1,25.0,Augmentation,False
z_58.5_21.0,2025,2,2025-S2,Stable,46.6,43.9,9.6,46.6,Stable,True
z_58.5_22.5,2023,1,2023-S1,Diminution,59.5,24.0,59.5,16.5,Stable,False
z_58.5_22.5,2023,2,2023-S2,Diminution,50.6,25.2,50.6,24.2,Diminution,True
z_58.5_22.5,2024,1,2024-S1,Diminution,66.2,14.2,66.2,19.6,Stable,False
z_58.5_22.5,2024,2,2024-S2,Diminution,59.7,16.6,59.7,23.7,Stable,False
z_58.5_22.5,2025,1,2025-S1,Diminution,65.7,18.0,65.7,16.3,Stable,False
z_58.5_22.5,2025,2,2025-S2,Diminution,53.3,22.2,53.3,24.5,Diminution,True
z_58.5_24.0,2023,1,2023-S1,Augmentation,47.1,47.1,41.6,11.2,Diminution,False
z_58.5_24.0,2023,2,2023-S2,Augmentation,44.7,44.7,39.8,15.5,Augmentation,True
z_58.5_24.0,2024,1,2024-S1,Diminution,45.9,40.9,45.9,13.2,Stable,False
z_58.5_24.0,2024,2,2024-S2,Augmentation,65.6,65.6,22.2,12.2,Stable,False
z_58.5_24.0,2025,1,2025-S1,Diminution,51.2,36.3,51.2,12.5,Stable,False
z_58.5_24.0,2025,2,2025-S2,Augmentation,49.0,49.0,35.7,15.3,Stable,False
z_58.5_25.5,2023,1,2023-S1,Diminution,69.6,13.3,69.6,17.1,Diminution,True
z_58.5_25.5,2023,2,2023-S2,Stable,55.4,39.0,5.6,55.4,Stable,True
z_58.5_25.5,2024,1,2024-S1,Diminution,70.7,12.3,70.7,16.9,Stable,False
z_58.5_25.5,2024,2,2024-S2,Stable,57.0,39.0,3.9,57.0,Stable,True
z_58.5_25.5,2025,1,2025-S1,Diminution,76.0,10.5,76.0,13.5,Diminution,True
z_58.5_25.5,2025,2,2025-S2,Stable,53.5,41.7,4.8,53.5,Stable,True
z_58.5_27.0,2023,1,2023-S1,Stable,88.8,4.0,7.2,88.8,Stable,True
z_58.5_27.0,2023,2,2023-S2,Diminution,87.3,1.4,87.3,11.3,Diminution,True
z_58.5_27.0,2024,1,2024-S1,Stable,94.2,2.8,3.0,94.2,Stable,True
z_58.5_27.0,2024,2,2024-S2,Diminution,81.1,1.7,81.1,17.2,Diminution,True
z_58.5_27.0,2025,1,2025-S1,Stable,87.3,9.3,3.5,87.3,Stable,True
z_58.5_27.0,2025,2,2025-S2,Diminution,84.8,1.1,84.8,14.1,Diminution,True
z_58.5_28.5,2023,2,2023-S2,Diminution,65.1,5.6,65.1,29.3,Stable,False
z_58.5_28.5,2024,2,2024-S2,Diminution,76.4,4.3,76.4,19.3,Stable,False
z_58.5_28.5,2025,2,2025-S2,Diminution,70.1,5.0,70.1,24.9,Stable,False
z_58.5_3.0,2023,1,2023-S1,Stable,82.3,13.9,3.9,82.3,Stable,True
z_58.5_3.0,2023,2,2023-S2,Stable,93.6,4.8,1.6,93.6,Stable,True
z_58.5_3.0,2024,1,2024-S1,Stable,86.2,9.6,4.2,86.2,Stable,True
z_58.5_3.0,2024,2,2024-S2,Stable,95.0,3.2,1.8,95.0,Stable,True
z_58.5_3.0,2025,1,2025-S1,Stable,81.7,16.3,2.0,81.7,Stable,True
z_58.5_3.0,2025,2,2025-S2,Stable,57.9,37.2,4.9,57.9,Stable,True
z_58.5_4.5,2023,1,2023-S1,Diminution,77.3,15.7,77.3,7.0,Stable,False
z_58.5_4.5,2023,2,2023-S2,Diminution,64.1,28.5,64.1,7.4,Diminution,True
z_58.5_4.5,2024,1,2024-S1,Diminution,51.4,38.4,51.4,10.2,Augmentation,False
z_58.5_4.5,2024,2,2024-S2,Augmentation,59.8,59.8,33.0,7.2,Stable,False
z_58.5_4.5,2025,1,2025-S1,Augmentation,50.3,50.3,40.9,8.8,Diminution,False
z_58.5_4.5,2025,2,2025-S2,Diminution,59.2,34.8,59.2,5.9,Diminution,True
z_58.5_6.0,2023,1,2023-S1,Stable,96.5,1.9,1.6,96.5,Stable,True
z_58.5_6.0,2023,2,2023-S2,Stable,99.1,0.0,0.9,99.1,Stable,True
z_58.5_6.0,2024,1,2024-S1,Stable,96.5,1.9,1.6,96.5,Stable,True
z_58.5_6.0,2024,2,2024-S2,Stable,98.5,0.7,0.7,98.5,Stable,True
z_58.5_6.0,2025,1,2025-S1,Stable,79.5,17.9,2.6,79.5,Stable,True
z_58.5_6.0,2025,2,2025-S2,Stable,95.9,1.9,2.2,95.9,Stable,True
z_58.5_9.0,2023,1,2023-S1,Augmentation,51.1,51.1,29.7,19.3,Diminution,False
z_58.5_9.0,2023,2,2023-S2,Augmentation,53.5,53.5,27.8,18.7,Stable,False
z_58.5_9.0,2024,1,2024-S1,Augmentation,47.0,47.0,36.2,16.8,Stable,False
z_58.5_9.0,2024,2,2024-S2,Augmentation,60.4,60.4,22.8,16.7,Augmentation,True
z_58.5_9.0,2025,1,2025-S1,Augmentation,45.1,45.1,37.8,17.2,Diminution,False
z_58.5_9.0,2025,2,2025-S2,Diminution,51.9,31.1,51.9,17.0,Diminution,True
z_60.0_-1.5,2023,1,2023-S1,Diminution,77.6,7.6,77.6,14.8,Diminution,True
z_60.0_-1.5,2023,2,2023-S2,Diminution,77.0,4.3,77.0,18.7,Diminution,True
z_60.0_-1.5,2024,1,2024-S1,Diminution,79.9,4.3,79.9,15.8,Diminution,True
z_60.0_-1.5,2024,2,2024-S2,Diminution,80.7,3.9,80.7,15.4,Diminution,True
z_60.0_-1.5,2025,1,2025-S1,Diminution,73.4,5.3,73.4,21.3,Diminution,True
z_60.0_-1.5,2025,2,2025-S2,Diminution,79.6,4.0,79.6,16.4,Diminution,True
z_60.0_-4.5,2023,1,2023-S1,Stable,84.3,12.0,3.7,84.3,Stable,True
z_60.0_-4.5,2023,2,2023-S2,Diminution,87.1,2.2,87.1,10.7,Stable,False
z_60.0_-4.5,2024,1,2024-S1,Stable,89.8,7.3,2.9,89.8,Stable,True
z_60.0_-4.5,2024,2,2024-S2,Diminution,88.5,1.9,88.5,9.6,Stable,False
z_60.0_-4.5,2025,1,2025-S1,Stable,91.8,5.9,2.2,91.8,Stable,True
z_60.0_-4.5,2025,2,2025-S2,Diminution,77.2,4.8,77.2,18.0,Stable,False
z_60.0_-6.0,2023,1,2023-S1,Stable,96.6,0.4,3.1,96.6,Stable,True
z_60.0_-6.0,2024,1,2024-S1,Stable,96.6,0.4,3.1,96.6,Stable,True
z_60.0_-6.0,2025,1,2025-S1,Stable,91.7,4.9,3.4,91.7,Stable,True
z_60.0_-7.5,2023,1,2023-S1,Stable,94.3,2.9,2.8,94.3,Diminution,False
z_60.0_-7.5,2023,2,2023-S2,Stable,95.5,1.6,2.9,95.5,Stable,True
z_60.0_-7.5,2024,1,2024-S1,Stable,96.4,0.4,3.2,96.4,Diminution,False
z_60.0_-7.5,2024,2,2024-S2,Stable,96.6,0.5,2.9,96.6,Stable,True
z_60.0_-7.5,2025,1,2025-S1,Stable,96.4,0.4,3.2,96.4,Diminution,False
z_60.0_-7.5,2025,2,2025-S2,Stable,96.6,1.9,1.5,96.6,Stable,True
z_60.0_0.0,2023,1,2023-S1,Stable,63.5,26.3,10.2,63.5,Stable,True
z_60.0_0.0,2023,2,2023-S2,Diminution,66.2,9.4,66.2,24.4,Stable,False
z_60.0_0.0,2024,1,2024-S1,Stable,70.9,26.7,2.5,70.9,Stable,True
z_60.0_0.0,2024,2,2024-S2,Diminution,79.0,3.0,79.0,18.0,Stable,False
z_60.0_0.0,2025,1,2025-S1,Stable,87.8,10.0,2.3,87.8,Stable,True
z_60.0_0.0,2025,2,2025-S2,Diminution,77.6,3.0,77.6,19.3,Diminution,True
z_60.0_1.5,2023,1,2023-S1,Stable,68.3,27.5,4.2,68.3,Stable,True
z_60.0_1.5,2023,2,2023-S2,Diminution,69.1,8.3,69.1,22.6,Stable,False
z_60.0_1.5,2024,1,2024-S1,Stable,62.1,33.9,4.1,62.1,Stable,True
z_60.0_1.5,2024,2,2024-S2,Diminution,69.4,8.8,69.4,21.8,Stable,False
z_60.0_1.5,2025,1,2025-S1,Stable,44.4,44.4,11.2,44.4,Stable,True
z_60.0_1.5,2025,2,2025-S2,Diminution,65.4,13.6,65.4,21.0,Diminution,True
z_60.0_16.5,2023,1,2023-S1,Stable,57.9,33.5,8.7,57.9,Stable,True
z_60.0_16.5,2023,2,2023-S2,Diminution,66.9,11.4,66.9,21.7,Stable,False
z_60.0_16.5,2024,1,2024-S1,Stable,51.2,39.8,9.0,51.2,Stable,True
z_60.0_16.5,2024,2,2024-S2,Diminution,55.4,18.5,55.4,26.1,Stable,False
z_60.0_16.5,2025,1,2025-S1,Stable,50.0,38.5,11.5,50.0,Stable,True
z_60.0_16.5,2025,2,2025-S2,Diminution,69.4,15.2,69.4,15.4,Diminution,True
z_60.0_18.0,2023,1,2023-S1,Diminution,40.5,27.8,40.5,31.7,Diminution,True
z_60.0_18.0,2023,2,2023-S2,Diminution,57.4,19.8,57.4,22.8,Augmentation,False
z_60.0_18.0,2024,1,2024-S1,Diminution,43.8,30.8,43.8,25.4,Diminution,True
z_60.0_18.0,2024,2,2024-S2,Diminution,57.0,20.6,57.0,22.4,Diminution,True
z_60.0_18.0,2025,1,2025-S1,Diminution,69.9,12.9,69.9,17.2,Diminution,True
z_60.0_18.0,2025,2,2025-S2,Diminution,63.5,7.1,63.5,29.4,Diminution,True
z_60.0_19.5,2023,1,2023-S1,Stable,66.9,25.6,7.5,66.9,Stable,True
z_60.0_19.5,2023,2,2023-S2,Stable,77.9,19.2,2.9,77.9,Stable,True
z_60.0_19.5,2024,1,2024-S1,Stable,82.8,9.1,8.1,82.8,Stable,True
z_60.0_19.5,2024,2,2024-S2,Stable,78.1,19.7,2.2,78.1,Stable,True
z_60.0_19.5,2025,1,2025-S1,Stable,71.0,25.1,4.0,71.0,Stable,True
z_60.0_19.5,2025,2,2025-S2,Stable,84.4,13.5,2.1,84.4,Stable,True
z_60.0_21.0,2023,1,2023-S1,Stable,46.6,43.4,10.0,46.6,Augmentation,False
z_60.0_21.0,2023,2,2023-S2,Diminution,46.3,28.1,46.3,25.6,Diminution,True
z_60.0_21.0,2024,1,2024-S1,Augmentation,51.5,51.5,10.8,37.7,Augmentation,True
z_60.0_21.0,2024,2,2024-S2,Augmentation,40.9,40.9,36.6,22.6,Augmentation,True
z_60.0_21.0,2025,1,2025-S1,Augmentation,69.4,69.4,9.8,20.8,Stable,False
z_60.0_21.0,2025,2,2025-S2,Diminution,42.5,40.3,42.5,17.2,Diminution,True
z_60.0_24.0,2023,1,2023-S1,Diminution,66.3,5.6,66.3,28.2,Diminution,True
z_60.0_24.0,2023,2,2023-S2,Diminution,79.8,3.4,79.8,16.8,Stable,False
z_60.0_24.0,2024,1,2024-S1,Diminution,73.4,6.3,73.4,20.4,Augmentation,False
z_60.0_24.0,2024,2,2024-S2,Diminution,66.3,11.3,66.3,22.4,Augmentation,False
z_60.0_24.0,2025,1,2025-S1,Diminution,55.2,21.3,55.2,23.5,Diminution,True
z_60.0_24.0,2025,2,2025-S2,Diminution,54.0,23.4,54.0,22.6,Stable,False
z_60.0_25.5,2023,1,2023-S1,Stable,66.1,29.3,4.6,66.1,Stable,True
z_60.0_25.5,2023,2,2023-S2,Stable,62.7,33.2,4.1,62.7,Stable,True
z_60.0_25.5,2024,1,2024-S1,Stable,57.2,37.1,5.7,57.2,Stable,True
z_60.0_25.5,2024,2,2024-S2,Augmentation,47.2,47.2,6.5,46.3,Augmentation,True
z_60.0_25.5,2025,1,2025-S1,Augmentation,54.6,54.6,12.2,33.2,Stable,False
z_60.0_25.5,2025,2,2025-S2,Augmentation,56.4,56.4,12.5,31.1,Stable,False
z_60.0_27.0,2023,1,2023-S1,Stable,91.1,5.8,3.1,91.1,Stable,True
z_60.0_27.0,2023,2,2023-S2,Diminution,77.3,5.1,77.3,17.6,Diminution,True
z_60.0_27.0,2024,1,2024-S1,Stable,85.2,10.9,3.9,85.2,Stable,True
z_60.0_27.0,2024,2,2024-S2,Diminution,77.1,6.8,77.1,16.2,Diminution,True
z_60.0_27.0,2025,1,2025-S1,Stable,90.5,6.0,3.6,90.5,Stable,True
z_60.0_27.0,2025,2,2025-S2,Diminution,80.4,7.2,80.4,12.4,Diminution,True
z_60.0_28.5,2023,1,2023-S1,Diminution,75.0,4.3,75.0,20.7,Diminution,True
z_60.0_28.5,2023,2,2023-S2,Stable,84.3,11.8,3.9,84.3,Stable,True
z_60.0_28.5,2024,1,2024-S1,Diminution,72.7,4.0,72.7,23.2,Diminution,True
z_60.0_28.5,2024,2,2024-S2,Stable,92.3,4.8,2.9,92.3,Stable,True
z_60.0_28.5,2025,1,2025-S1,Diminution,75.0,4.3,75.0,20.7,Diminution,True
z_60.0_28.5,2025,2,2025-S2,Stable,84.3,11.8,3.9,84.3,Stable,True
z_60.0_3.0,2023,1,2023-S1,Stable,73.0,20.3,6.7,73.0,Stable,True
z_60.0_3.0,2023,2,2023-S2,Diminution,71.0,7.4,71.0,21.6,Diminution,True
z_60.0_3.0,2024,1,2024-S1,Stable,82.1,14.7,3.2,82.1,Augmentation,False
z_60.0_3.0,2024,2,2024-S2,Diminution,68.3,10.6,68.3,21.1,Stable,False
z_60.0_3.0,2025,1,2025-S1,Stable,56.3,37.2,6.5,56.3,Stable,True
z_60.0_3.0,2025,2,2025-S2,Diminution,69.1,9.4,69.1,21.5,Stable,False
z_60.0_4.5,2023,1,2023-S1,Diminution,57.9,35.9,57.9,6.2,Diminution,True
z_60.0_4.5,2023,2,2023-S2,Diminution,59.2,34.5,59.2,6.3,Diminution,True
z_60.0_4.5,2024,1,2024-S1,Diminution,63.6,30.5,63.6,5.9,Augmentation,False
z_60.0_4.5,2024,2,2024-S2,Diminution,53.0,41.0,53.0,6.0,Augmentation,False
z_60.0_4.5,2025,1,2025-S1,Augmentation,66.8,66.8,27.9,5.3,Augmentation,True
z_60.0_4.5,2025,2,2025-S2,Augmentation,65.8,65.8,29.1,5.1,Diminution,False
z_60.0_6.0,2023,1,2023-S1,Diminution,70.6,8.6,70.6,20.8,Diminution,True
z_60.0_6.0,2023,2,2023-S2,Diminution,74.9,3.9,74.9,21.2,Stable,False
z_60.0_6.0,2024,1,2024-S1,Diminution,73.2,4.5,73.2,22.4,Diminution,True
z_60.0_6.0,2024,2,2024-S2,Diminution,69.5,5.9,69.5,24.6,Stable,False
z_60.0_6.0,2025,1,2025-S1,Diminution,74.8,4.9,74.8,20.3,Diminution,True
z_60.0_6.0,2025,2,2025-S2,Diminution,74.6,3.0,74.6,22.3,Augmentation,False
z_61.5_-1.5,2023,1,2023-S1,Stable,97.7,0.4,2.0,97.7,Stable,True
z_61.5_-1.5,2024,1,2024-S1,Stable,93.9,4.2,1.9,93.9,Stable,True
z_61.5_-1.5,2025,1,2025-S1,Stable,97.7,0.4,2.0,97.7,Stable,True
z_61.5_-7.5,2023,1,2023-S1,Stable,96.6,1.4,2.0,96.6,Stable,True
z_61.5_-7.5,2023,2,2023-S2,Stable,55.6,36.5,7.9,55.6,Stable,True
z_61.5_-7.5,2024,1,2024-S1,Stable,76.1,16.8,7.1,76.1,Stable,True
z_61.5_-7.5,2024,2,2024-S2,Stable,86.5,7.8,5.8,86.5,Stable,True
z_61.5_-7.5,2025,1,2025-S1,Stable,96.0,0.9,3.1,96.0,Stable,True
z_61.5_-7.5,2025,2,2025-S2,Stable,87.6,5.1,7.3,87.6,Stable,True
z_61.5_0.0,2023,1,2023-S1,Diminution,80.2,5.3,80.2,14.5,Stable,False
z_61.5_0.0,2024,1,2024-S1,Diminution,82.3,5.2,82.3,12.5,Stable,False
z_61.5_0.0,2025,1,2025-S1,Diminution,67.2,12.7,67.2,20.1,Stable,False
z_61.5_1.5,2023,1,2023-S1,Stable,96.1,1.2,2.7,96.1,Stable,True
z_61.5_1.5,2023,2,2023-S2,Stable,96.4,0.5,3.0,96.4,Stable,True
z_61.5_1.5,2024,1,2024-S1,Stable,94.9,3.6,1.5,94.9,Stable,True
z_61.5_1.5,2024,2,2024-S2,Stable,87.6,9.2,3.1,87.6,Stable,True
z_61.5_1.5,2025,1,2025-S1,Stable,96.5,1.1,2.4,96.5,Stable,True
z_61.5_1.5,2025,2,2025-S2,Stable,95.4,2.6,2.0,95.4,Stable,True
z_61.5_16.5,2023,1,2023-S1,Stable,52.8,36.1,11.1,52.8,Stable,True
z_61.5_16.5,2023,2,2023-S2,Diminution,62.5,15.3,62.5,22.2,Diminution,True
z_61.5_16.5,2024,1,2024-S1,Stable,77.4,8.9,13.7,77.4,Stable,True
z_61.5_16.5,2024,2,2024-S2,Diminution,68.6,7.9,68.6,23.4,Stable,False
z_61.5_16.5,2025,1,2025-S1,Stable,59.8,31.5,8.8,59.8,Stable,True
z_61.5_16.5,2025,2,2025-S2,Diminution,63.7,19.3,63.7,17.0,Diminution,True
z_61.5_18.0,2023,1,2023-S1,Stable,73.7,21.6,4.7,73.7,Stable,True
z_61.5_18.0,2024,1,2024-S1,Stable,76.9,19.7,3.4,76.9,Stable,True
z_61.5_18.0,2025,1,2025-S1,Stable,76.9,19.7,3.4,76.9,Stable,True
z_61.5_19.5,2023,1,2023-S1,Stable,96.3,0.4,3.3,96.3,Stable,True
z_61.5_19.5,2023,2,2023-S2,Stable,94.8,2.6,2.7,94.8,Stable,True
z_61.5_19.5,2024,1,2024-S1,Stable,73.2,24.8,2.0,73.2,Stable,True
z_61.5_19.5,2024,2,2024-S2,Stable,85.3,11.5,3.1,85.3,Stable,True
z_61.5_19.5,2025,1,2025-S1,Stable,87.8,8.9,3.3,87.8,Stable,True
z_61.5_19.5,2025,2,2025-S2,Stable,77.0,19.1,3.9,77.0,Stable,True
z_61.5_21.0,2023,1,2023-S1,Stable,84.8,10.4,4.8,84.8,Stable,True
z_61.5_21.0,2023,2,2023-S2,Stable,81.9,6.4,11.7,81.9,Stable,True
z_61.5_21.0,2024,1,2024-S1,Stable,63.1,31.1,5.8,63.1,Stable,True
z_61.5_21.0,2024,2,2024-S2,Stable,84.3,12.2,3.5,84.3,Stable,True
z_61.5_21.0,2025,1,2025-S1,Stable,54.6,39.0,6.4,54.6,Stable,True
z_61.5_21.0,2025,2,2025-S2,Stable,83.4,12.5,4.1,83.4,Stable,True
z_61.5_3.0,2023,1,2023-S1,Stable,95.8,0.8,3.4,95.8,Stable,True
z_61.5_3.0,2023,2,2023-S2,Stable,95.9,0.6,3.5,95.9,Stable,True
z_61.5_3.0,2024,1,2024-S1,Stable,59.1,31.0,9.9,59.1,Stable,True
z_61.5_3.0,2024,2,2024-S2,Stable,83.6,10.4,5.9,83.6,Stable,True
z_61.5_3.0,2025,1,2025-S1,Stable,84.9,8.9,6.2,84.9,Stable,True
z_61.5_3.0,2025,2,2025-S2,Stable,88.9,6.2,4.9,88.9,Stable,True
z_61.5_4.5,2023,1,2023-S1,Augmentation,65.7,65.7,20.8,13.5,Augmentation,True
z_61.5_4.5,2023,2,2023-S2,Augmentation,72.1,72.1,17.7,10.2,Diminution,False
z_61.5_4.5,2024,1,2024-S1,Augmentation,60.1,60.1,26.8,13.1,Stable,False
z_61.5_4.5,2024,2,2024-S2,Augmentation,57.3,57.3,32.7,9.9,Diminution,False
z_61.5_4.5,2025,1,2025-S1,Augmentation,49.9,49.9,35.1,15.0,Augmentation,True
z_61.5_4.5,2025,2,2025-S2,Augmentation,53.6,53.6,32.9,13.5,Diminution,False
z_61.5_6.0,2023,1,2023-S1,Diminution,58.0,31.9,58.0,10.1,Stable,False
z_61.5_6.0,2023,2,2023-S2,Augmentation,47.7,47.7,44.5,7.8,Stable,False
z_61.5_6.0,2024,1,2024-S1,Diminution,54.5,34.6,54.5,10.9,Diminution,True
z_61.5_6.0,2024,2,2024-S2,Diminution,57.4,34.0,57.4,8.6,Stable,False
z_61.5_6.0,2025,1,2025-S1,Diminution,56.9,33.7,56.9,9.4,Stable,False
z_61.5_6.0,2025,2,2025-S2,Augmentation,50.1,50.1,40.5,9.5,Augmentation,True
z_63.0_-13.5,2023,1,2023-S1,Stable,96.1,0.9,3.0,96.1,Stable,True
z_63.0_-13.5,2023,2,2023-S2,Diminution,90.8,1.1,90.8,8.1,Diminution,True
z_63.0_-13.5,2024,1,2024-S1,Stable,96.2,0.6,3.2,96.2,Stable,True
z_63.0_-13.5,2024,2,2024-S2,Diminution,84.5,2.2,84.5,13.4,Diminution,True
z_63.0_-13.5,2025,1,2025-S1,Stable,86.9,9.5,3.7,86.9,Stable,True
z_63.0_-13.5,2025,2,2025-S2,Diminution,86.6,1.9,86.6,11.5,Diminution,True
z_63.0_-16.5,2023,1,2023-S1,Stable,82.8,14.6,2.6,82.8,Stable,True
z_63.0_-16.5,2023,2,2023-S2,Stable,72.1,24.8,3.1,72.1,Stable,True
z_63.0_-16.5,2024,1,2024-S1,Stable,79.7,18.3,2.0,79.7,Stable,True
z_63.0_-16.5,2024,2,2024-S2,Stable,78.4,18.7,2.9,78.4,Stable,True
z_63.0_-16.5,2025,1,2025-S1,Stable,93.5,4.1,2.4,93.5,Stable,True
z_63.0_-16.5,2025,2,2025-S2,Stable,91.1,5.8,3.1,91.1,Stable,True
z_63.0_-21.0,2023,1,2023-S1,Diminution,53.8,21.8,53.8,24.4,Stable,False
z_63.0_-21.0,2023,2,2023-S2,Diminution,48.8,22.2,48.8,29.0,Stable,False
z_63.0_-21.0,2024,1,2024-S1,Diminution,45.2,32.4,45.2,22.4,Diminution,True
z_63.0_-21.0,2024,2,2024-S2,Diminution,58.6,18.0,58.6,23.4,Stable,False
z_63.0_-21.0,2025,1,2025-S1,Diminution,60.0,18.4,60.0,21.5,Diminution,True
z_63.0_-21.0,2025,2,2025-S2,Diminution,67.9,8.4,67.9,23.7,Diminution,True
z_63.0_-22.5,2023,1,2023-S1,Diminution,60.0,27.8,60.0,12.2,Diminution,True
z_63.0_-22.5,2023,2,2023-S2,Diminution,47.7,34.7,47.7,17.6,Augmentation,False
z_63.0_-22.5,2024,1,2024-S1,Diminution,48.0,41.1,48.0,10.9,Diminution,True
z_63.0_-22.5,2024,2,2024-S2,Augmentation,49.5,49.5,29.8,20.7,Stable,False
z_63.0_-22.5,2025,1,2025-S1,Diminution,74.6,17.0,74.6,8.4,Diminution,True
z_63.0_-22.5,2025,2,2025-S2,Diminution,69.1,16.6,69.1,14.3,Diminution,True
z_63.0_-24.0,2023,1,2023-S1,Diminution,66.1,19.2,66.1,14.7,Stable,False
z_63.0_-24.0,2023,2,2023-S2,Diminution,49.1,31.0,49.1,20.0,Stable,False
z_63.0_-24.0,2024,1,2024-S1,Diminution,57.6,22.0,57.6,20.3,Diminution,True
z_63.0_-24.0,2024,2,2024-S2,Diminution,51.0,28.1,51.0,20.9,Diminution,True
z_63.0_-24.0,2025,1,2025-S1,Diminution,59.0,22.4,59.0,18.6,Diminution,True
z_63.0_-24.0,2025,2,2025-S2,Diminution,77.8,7.6,77.8,14.5,Diminution,True
z_63.0_-7.5,2023,2,2023-S2,Stable,98.6,0.5,0.8,98.6,Stable,True
z_63.0_-7.5,2024,2,2024-S2,Stable,99.1,0.0,0.9,99.1,Stable,True
z_63.0_-7.5,2025,2,2025-S2,Stable,98.6,0.4,1.1,98.6,Stable,True
z_63.0_18.0,2023,1,2023-S1,Stable,65.5,30.2,4.3,65.5,Stable,True
z_63.0_18.0,2023,2,2023-S2,Stable,59.6,27.5,12.9,59.6,Stable,True
z_63.0_18.0,2024,1,2024-S1,Stable,59.2,36.4,4.4,59.2,Stable,True
z_63.0_18.0,2024,2,2024-S2,Stable,66.9,19.0,14.1,66.9,Stable,True
z_63.0_18.0,2025,1,2025-S1,Stable,69.9,26.3,3.8,69.9,Stable,True
z_63.0_18.0,2025,2,2025-S2,Stable,83.5,0.4,16.1,83.5,Stable,True
z_63.0_19.5,2023,1,2023-S1,Diminution,72.1,6.2,72.1,21.7,Diminution,True
z_63.0_19.5,2023,2,2023-S2,Stable,71.1,22.3,6.6,71.1,Augmentation,False
z_63.0_19.5,2024,1,2024-S1,Diminution,62.9,16.9,62.9,20.2,Stable,False
z_63.0_19.5,2024,2,2024-S2,Stable,64.7,30.1,5.3,64.7,Stable,True
z_63.0_19.5,2025,1,2025-S1,Diminution,70.2,14.2,70.2,15.6,Stable,False
z_63.0_19.5,2025,2,2025-S2,Stable,64.1,30.8,5.2,64.1,Stable,True
z_63.0_21.0,2023,1,2023-S1,Stable,87.2,8.8,4.0,87.2,Stable,True
z_63.0_21.0,2023,2,2023-S2,Diminution,87.4,1.3,87.4,11.3,Diminution,True
z_63.0_21.0,2024,1,2024-S1,Stable,62.0,29.4,8.7,62.0,Stable,True
z_63.0_21.0,2024,2,2024-S2,Diminution,82.5,2.6,82.5,14.8,Stable,False
z_63.0_21.0,2025,1,2025-S1,Stable,77.2,16.6,6.1,77.2,Stable,True
z_63.0_21.0,2025,2,2025-S2,Diminution,82.5,1.8,82.5,15.7,Stable,False
z_63.0_22.5,2023,1,2023-S1,Stable,67.2,27.6,5.2,67.2,Stable,True
z_63.0_22.5,2023,2,2023-S2,Stable,77.9,15.9,6.2,77.9,Stable,True
z_63.0_22.5,2024,1,2024-S1,Stable,76.9,16.1,7.1,76.9,Stable,True
z_63.0_22.5,2024,2,2024-S2,Stable,64.6,31.1,4.3,64.6,Stable,True
z_63.0_22.5,2025,1,2025-S1,Stable,65.0,30.5,4.5,65.0,Stable,True
z_63.0_22.5,2025,2,2025-S2,Stable,76.0,17.1,6.9,76.0,Stable,True
z_63.0_4.5,2023,1,2023-S1,Diminution,89.8,0.9,89.8,9.2,Stable,False
z_63.0_4.5,2023,2,2023-S2,Stable,94.9,3.3,1.8,94.9,Stable,True
z_63.0_4.5,2024,1,2024-S1,Diminution,80.5,5.8,80.5,13.8,Diminution,True
z_63.0_4.5,2024,2,2024-S2,Stable,85.7,11.3,3.0,85.7,Stable,True
z_63.0_4.5,2025,1,2025-S1,Diminution,76.9,4.2,76.9,18.9,Stable,False
z_63.0_4.5,2025,2,2025-S2,Stable,63.5,30.5,6.1,63.5,Stable,True
z_63.0_6.0,2023,1,2023-S1,Stable,95.8,0.7,3.5,95.8,Stable,True
z_63.0_6.0,2023,2,2023-S2,Stable,95.4,0.9,3.7,95.4,Stable,True
z_63.0_6.0,2024,1,2024-S1,Stable,95.8,0.7,3.5,95.8,Stable,True
z_63.0_6.0,2024,2,2024-S2,Stable,95.4,0.9,3.7,95.4,Stable,True
z_63.0_6.0,2025,1,2025-S1,Stable,95.4,2.9,1.8,95.4,Stable,True
z_63.0_6.0,2025,2,2025-S2,Stable,80.7,15.6,3.7,80.7,Stable,True
z_63.0_7.5,2023,1,2023-S1,Diminution,48.1,39.6,48.1,12.3,Augmentation,False
z_63.0_7.5,2023,2,2023-S2,Diminution,53.3,37.4,53.3,9.3,Augmentation,False
z_63.0_7.5,2024,1,2024-S1,Augmentation,61.3,61.3,28.8,9.9,Stable,False
z_63.0_7.5,2024,2,2024-S2,Diminution,55.2,35.3,55.2,9.5,Stable,False
z_63.0_7.5,2025,1,2025-S1,Diminution,47.7,41.6,47.7,10.7,Stable,False
z_63.0_7.5,2025,2,2025-S2,Diminution,52.8,37.3,52.8,9.9,Augmentation,False
z_63.0_9.0,2023,1,2023-S1,Augmentation,72.0,72.0,15.6,12.4,Diminution,False
z_63.0_9.0,2023,2,2023-S2,Augmentation,58.9,58.9,24.8,16.3,Diminution,False
z_63.0_9.0,2024,1,2024-S1,Augmentation,47.6,47.6,40.5,11.9,Diminution,False
z_63.0_9.0,2024,2,2024-S2,Diminution,49.4,39.8,49.4,10.8,Stable,False
z_63.0_9.0,2025,1,2025-S1,Augmentation,46.5,46.5,41.4,12.1,Stable,False
z_63.0_9.0,2025,2,2025-S2,Diminution,46.4,41.9,46.4,11.6,Diminution,True
z_64.5_-15.0,2023,1,2023-S1,Stable,49.7,46.3,4.0,49.7,Stable,True
z_64.5_-15.0,2023,2,2023-S2,Diminution,70.8,10.0,70.8,19.2,Diminution,True
z_64.5_-15.0,2024,1,2024-S1,Stable,54.1,42.1,3.8,54.1,Stable,True
z_64.5_-15.0,2024,2,2024-S2,Diminution,60.2,11.6,60.2,28.1,Stable,False
z_64.5_-15.0,2025,1,2025-S1,Augmentation,47.9,47.9,5.1,47.0,Stable,False
z_64.5_-15.0,2025,2,2025-S2,Diminution,62.8,16.2,62.8,21.0,Diminution,True
z_64.5_-22.5,2023,1,2023-S1,Stable,95.5,1.4,3.1,95.5,Stable,True
z_64.5_-22.5,2023,2,2023-S2,Stable,93.8,4.3,1.9,93.8,Stable,True
z_64.5_-22.5,2024,1,2024-S1,Stable,90.4,4.9,4.6,90.4,Stable,True
z_64.5_-22.5,2024,2,2024-S2,Stable,94.9,3.1,2.0,94.9,Stable,True
z_64.5_-22.5,2025,1,2025-S1,Stable,94.9,1.3,3.8,94.9,Stable,True
z_64.5_-22.5,2025,2,2025-S2,Stable,95.7,2.6,1.7,95.7,Stable,True
z_64.5_-24.0,2023,1,2023-S1,Diminution,57.2,28.4,57.2,14.4,Stable,False
z_64.5_-24.0,2023,2,2023-S2,Augmentation,47.4,47.4,31.6,21.0,Stable,False
z_64.5_-24.0,2024,1,2024-S1,Diminution,47.7,38.3,47.7,14.0,Diminution,True
z_64.5_-24.0,2024,2,2024-S2,Diminution,57.2,18.6,57.2,24.1,Diminution,True
z_64.5_-24.0,2025,1,2025-S1,Diminution,59.4,10.3,59.4,30.3,Diminution,True
z_64.5_-24.0,2025,2,2025-S2,Diminution,69.6,11.5,69.6,18.9,Diminution,True
z_64.5_-25.5,2023,1,2023-S1,Diminution,66.3,13.2,66.3,20.6,Stable,False
z_64.5_-25.5,2023,2,2023-S2,Stable,51.3,44.9,3.8,51.3,Stable,True
z_64.5_-25.5,2024,1,2024-S1,Diminution,71.9,13.2,71.9,15.0,Stable,False
z_64.5_-25.5,2024,2,2024-S2,Stable,52.6,41.5,5.9,52.6,Stable,True
z_64.5_-25.5,2025,1,2025-S1,Diminution,66.9,15.8,66.9,17.3,Diminution,True
z_64.5_-25.5,2025,2,2025-S2,Stable,56.1,34.4,9.5,56.1,Stable,True
z_64.5_10.5,2023,1,2023-S1,Diminution,74.2,7.9,74.2,18.0,Stable,False
z_64.5_10.5,2023,2,2023-S2,Diminution,39.7,27.2,39.7,33.1,Diminution,True
z_64.5_10.5,2024,1,2024-S1,Diminution,45.4,31.1,45.4,23.5,Augmentation,False
z_64.5_10.5,2024,2,2024-S2,Augmentation,41.4,41.4,31.0,27.7,Stable,False
z_64.5_10.5,2025,1,2025-S1,Augmentation,51.7,51.7,32.1,16.2,Diminution,False
z_64.5_10.5,2025,2,2025-S2,Diminution,44.5,34.9,44.5,20.5,Stable,False
z_64.5_12.0,2023,1,2023-S1,Diminution,55.3,26.4,55.3,18.3,Diminution,True
z_64.5_12.0,2023,2,2023-S2,Diminution,61.5,15.1,61.5,23.5,Stable,False
z_64.5_12.0,2024,1,2024-S1,Diminution,44.3,30.7,44.3,25.0,Stable,False
z_64.5_12.0,2024,2,2024-S2,Diminution,43.1,28.3,43.1,28.6,Augmentation,False
z_64.5_12.0,2025,1,2025-S1,Diminution,43.5,30.0,43.5,26.4,Stable,False
z_64.5_12.0,2025,2,2025-S2,Augmentation,48.4,48.4,29.1,22.5,Stable,False
z_64.5_21.0,2023,1,2023-S1,Augmentation,50.8,50.8,16.1,33.1,Diminution,False
z_64.5_21.0,2023,2,2023-S2,Diminution,41.8,32.1,41.8,26.1,Diminution,True
z_64.5_21.0,2024,1,2024-S1,Stable,47.9,33.4,18.7,47.9,Augmentation,False
z_64.5_21.0,2024,2,2024-S2,Diminution,47.7,28.0,47.7,24.3,Augmentation,False
z_64.5_21.0,2025,1,2025-S1,Augmentation,58.8,58.8,15.2,26.1,Stable,False
z_64.5_21.0,2025,2,2025-S2,Augmentation,38.9,38.9,37.1,23.9,Stable,False
z_64.5_22.5,2023,1,2023-S1,Diminution,47.4,27.4,47.4,25.2,Diminution,True
z_64.5_22.5,2023,2,2023-S2,Stable,57.6,35.2,7.2,57.6,Stable,True
z_64.5_22.5,2024,1,2024-S1,Diminution,74.7,7.7,74.7,17.6,Diminution,True
z_64.5_22.5,2024,2,2024-S2,Stable,79.8,11.9,8.3,79.8,Stable,True
z_64.5_22.5,2025,1,2025-S1,Diminution,71.3,9.1,71.3,19.6,Diminution,True
z_64.5_22.5,2025,2,2025-S2,Stable,93.0,4.8,2.2,93.0,Stable,True
z_64.5_24.0,2023,1,2023-S1,Augmentation,48.6,48.6,33.6,17.8,Stable,False
z_64.5_24.0,2023,2,2023-S2,Diminution,40.8,37.7,40.8,21.4,Diminution,True
z_64.5_24.0,2024,1,2024-S1,Diminution,72.3,17.3,72.3,10.4,Augmentation,False
z_64.5_24.0,2024,2,2024-S2,Diminution,38.5,35.8,38.5,25.6,Stable,False
z_64.5_24.0,2025,1,2025-S1,Diminution,49.2,30.0,49.2,20.8,Stable,False
z_64.5_24.0,2025,2,2025-S2,Augmentation,39.3,39.3,35.8,24.9,Diminution,False
z_64.5_7.5,2023,1,2023-S1,Stable,97.3,0.1,2.7,97.3,Stable,True
z_64.5_7.5,2023,2,2023-S2,Diminution,86.1,2.2,86.1,11.7,Stable,False
z_64.5_7.5,2024,1,2024-S1,Stable,95.0,3.0,2.1,95.0,Stable,True
z_64.5_7.5,2024,2,2024-S2,Diminution,82.9,2.2,82.9,15.0,Stable,False
z_64.5_7.5,2025,1,2025-S1,Stable,94.3,2.9,2.8,94.3,Stable,True
z_64.5_7.5,2025,2,2025-S2,Diminution,86.0,3.0,86.0,11.0,Stable,False
z_64.5_9.0,2023,1,2023-S1,Stable,94.6,2.5,2.8,94.6,Stable,True
z_64.5_9.0,2023,2,2023-S2,Diminution,90.8,1.2,90.8,8.0,Stable,False
z_64.5_9.0,2024,1,2024-S1,Stable,92.5,5.7,1.8,92.5,Stable,True
z_64.5_9.0,2024,2,2024-S2,Diminution,91.9,1.2,91.9,6.9,Stable,False
z_64.5_9.0,2025,1,2025-S1,Stable,92.6,5.5,1.9,92.6,Stable,True
z_64.5_9.0,2025,2,2025-S2,Diminution,90.7,1.0,90.7,8.3,Stable,False
z_66.0_-13.5,2023,1,2023-S1,Stable,95.1,1.1,3.8,95.1,Stable,True
z_66.0_-13.5,2023,2,2023-S2,Stable,96.5,0.5,3.0,96.5,Stable,True
z_66.0_-13.5,2024,1,2024-S1,Stable,96.1,1.8,2.2,96.1,Stable,True
z_66.0_-13.5,2024,2,2024-S2,Stable,93.3,3.9,2.8,93.3,Stable,True
z_66.0_-13.5,2025,1,2025-S1,Stable,96.2,1.2,2.6,96.2,Stable,True
z_66.0_-13.5,2025,2,2025-S2,Stable,96.8,0.4,2.8,96.8,Stable,True
z_66.0_-18.0,2023,1,2023-S1,Diminution,64.6,9.2,64.6,26.2,Diminution,True
z_66.0_-18.0,2023,2,2023-S2,Stable,79.2,16.3,4.6,79.2,Stable,True
z_66.0_-18.0,2024,1,2024-S1,Diminution,73.3,7.5,73.3,19.3,Stable,False
z_66.0_-18.0,2024,2,2024-S2,Stable,74.1,23.4,2.5,74.1,Stable,True
z_66.0_-18.0,2025,1,2025-S1,Diminution,56.7,18.0,56.7,25.3,Diminution,True
z_66.0_-18.0,2025,2,2025-S2,Stable,59.2,35.5,5.3,59.2,Stable,True
z_66.0_-21.0,2023,1,2023-S1,Diminution,80.8,3.3,80.8,15.9,Stable,False
z_66.0_-21.0,2023,2,2023-S2,Stable,86.6,10.2,3.2,86.6,Stable,True
z_66.0_-21.0,2024,1,2024-S1,Diminution,88.8,1.3,88.8,9.9,Stable,False
z_66.0_-21.0,2024,2,2024-S2,Stable,90.5,6.1,3.4,90.5,Stable,True
z_66.0_-21.0,2025,1,2025-S1,Diminution,83.3,2.8,83.3,13.8,Stable,False
z_66.0_-21.0,2025,2,2025-S2,Stable,80.1,15.6,4.3,80.1,Stable,True
z_66.0_-24.0,2023,1,2023-S1,Diminution,62.5,18.5,62.5,19.0,Diminution,True
z_66.0_-24.0,2023,2,2023-S2,Diminution,60.2,11.4,60.2,28.5,Stable,False
z_66.0_-24.0,2024,1,2024-S1,Diminution,57.9,20.6,57.9,21.5,Stable,False
z_66.0_-24.0,2024,2,2024-S2,Diminution,45.7,29.7,45.7,24.6,Stable,False
z_66.0_-24.0,2025,1,2025-S1,Diminution,54.4,20.1,54.4,25.5,Stable,False
z_66.0_-24.0,2025,2,2025-S2,Diminution,55.2,22.4,55.2,22.3,Diminution,True
z_66.0_10.5,2023,1,2023-S1,Stable,84.0,12.4,3.6,84.0,Stable,True
z_66.0_10.5,2023,2,2023-S2,Stable,97.5,0.9,1.7,97.5,Stable,True
z_66.0_10.5,2024,1,2024-S1,Stable,93.8,3.0,3.2,93.8,Stable,True
z_66.0_10.5,2024,2,2024-S2,Stable,96.2,2.1,1.7,96.2,Stable,True
z_66.0_10.5,2025,1,2025-S1,Stable,92.9,4.1,3.0,92.9,Augmentation,False
z_66.0_10.5,2025,2,2025-S2,Stable,61.9,24.3,13.9,61.9,Stable,True
z_66.0_12.0,2023,1,2023-S1,Diminution,66.6,25.8,66.6,7.6,Augmentation,False
z_66.0_12.0,2023,2,2023-S2,Augmentation,51.8,51.8,37.0,11.2,Diminution,False
z_66.0_12.0,2024,1,2024-S1,Diminution,70.4,20.6,70.4,8.9,Augmentation,False
z_66.0_12.0,2024,2,2024-S2,Augmentation,47.5,47.5,40.4,12.1,Augmentation,True
z_66.0_12.0,2025,1,2025-S1,Augmentation,51.7,51.7,36.7,11.6,Augmentation,True
z_66.0_12.0,2025,2,2025-S2,Augmentation,64.5,64.5,23.2,12.3,Diminution,False
z_66.0_13.5,2023,1,2023-S1,Diminution,50.5,31.1,50.5,18.4,Stable,False
z_66.0_13.5,2023,2,2023-S2,Augmentation,44.3,44.3,37.4,18.3,Stable,False
z_66.0_13.5,2024,1,2024-S1,Diminution,41.0,36.6,41.0,22.4,Stable,False
z_66.0_13.5,2024,2,2024-S2,Augmentation,51.6,51.6,33.9,14.5,Diminution,False
z_66.0_13.5,2025,1,2025-S1,Diminution,44.2,39.1,44.2,16.8,Diminution,True
z_66.0_13.5,2025,2,2025-S2,Augmentation,44.4,44.4,39.8,15.8,Diminution,False
z_66.0_15.0,2023,1,2023-S1,Stable,92.7,4.1,3.2,92.7,Stable,True
z_66.0_15.0,2024,1,2024-S1,Stable,93.2,4.2,2.6,93.2,Stable,True
z_66.0_15.0,2025,1,2025-S1,Stable,86.6,10.0,3.3,86.6,Stable,True
z_66.0_6.0,2023,1,2023-S1,Stable,87.9,9.1,3.0,87.9,Stable,True
z_66.0_6.0,2024,1,2024-S1,Stable,96.5,2.0,1.5,96.5,Stable,True
z_66.0_6.0,2025,1,2025-S1,Stable,93.5,4.7,1.8,93.5,Stable,True
z_66.0_7.5,2023,1,2023-S1,Stable,95.5,2.6,1.9,95.5,Stable,True
z_66.0_7.5,2024,1,2024-S1,Stable,99.4,0.0,0.6,99.4,Stable,True
z_66.0_7.5,2025,1,2025-S1,Stable,99.4,0.0,0.6,99.4,Stable,True
z_66.0_9.0,2023,1,2023-S1,Stable,96.7,2.0,1.3,96.7,Stable,True
z_66.0_9.0,2023,2,2023-S2,Stable,92.9,6.0,1.0,92.9,Stable,True
z_66.0_9.0,2024,1,2024-S1,Stable,90.7,7.5,1.8,90.7,Stable,True
z_66.0_9.0,2024,2,2024-S2,Stable,97.7,1.2,1.1,97.7,Stable,True
z_66.0_9.0,2025,1,2025-S1,Stable,95.7,2.1,2.3,95.7,Stable,True
z_66.0_9.0,2025,2,2025-S2,Stable,96.3,2.3,1.4,96.3,Stable,True
z_67.5_10.5,2023,1,2023-S1,Stable,87.8,9.1,3.2,87.8,Stable,True
z_67.5_10.5,2024,1,2024-S1,Stable,81.0,15.4,3.6,81.0,Stable,True
z_67.5_10.5,2025,1,2025-S1,Stable,83.8,12.2,3.9,83.8,Stable,True
z_67.5_12.0,2023,1,2023-S1,Stable,60.0,36.4,3.6,60.0,Augmentation,False
z_67.5_12.0,2023,2,2023-S2,Stable,51.1,43.1,5.8,51.1,Diminution,False
z_67.5_12.0,2024,1,2024-S1,Stable,50.5,42.5,6.9,50.5,Stable,True
z_67.5_12.0,2024,2,2024-S2,Stable,63.2,29.8,7.0,63.2,Diminution,False
z_67.5_12.0,2025,1,2025-S1,Stable,79.1,16.5,4.3,79.1,Diminution,False
z_67.5_12.0,2025,2,2025-S2,Stable,83.5,8.9,7.6,83.5,Stable,True
z_67.5_13.5,2023,1,2023-S1,Diminution,60.3,7.5,60.3,32.2,Stable,False
z_67.5_13.5,2023,2,2023-S2,Diminution,68.6,12.2,68.6,19.1,Stable,False
z_67.5_13.5,2024,1,2024-S1,Diminution,52.7,26.7,52.7,20.6,Stable,False
z_67.5_13.5,2024,2,2024-S2,Diminution,43.1,30.0,43.1,26.9,Stable,False
z_67.5_13.5,2025,1,2025-S1,Diminution,40.1,37.4,40.1,22.5,Diminution,True
z_67.5_13.5,2025,2,2025-S2,Diminution,56.1,26.1,56.1,17.9,Diminution,True
z_67.5_15.0,2023,1,2023-S1,Diminution,61.7,19.0,61.7,19.3,Stable,False
z_67.5_15.0,2023,2,2023-S2,Diminution,63.6,19.0,63.6,17.4,Diminution,True
z_67.5_15.0,2024,1,2024-S1,Diminution,61.5,16.4,61.5,22.1,Diminution,True
z_67.5_15.0,2024,2,2024-S2,Diminution,70.3,18.3,70.3,11.4,Stable,False
z_67.5_15.0,2025,1,2025-S1,Diminution,54.3,20.0,54.3,25.7,Stable,False
z_67.5_15.0,2025,2,2025-S2,Diminution,58.9,21.3,58.9,19.7,Diminution,True
z_67.5_16.5,2023,1,2023-S1,Diminution,70.3,14.1,70.3,15.6,Stable,False
z_67.5_16.5,2023,2,2023-S2,Diminution,41.4,32.3,41.4,26.3,Stable,False
z_67.5_16.5,2024,1,2024-S1,Diminution,68.6,12.5,68.6,18.9,Stable,False
z_67.5_16.5,2024,2,2024-S2,Diminution,44.1,31.7,44.1,24.2,Stable,False
z_67.5_16.5,2025,1,2025-S1,Diminution,62.9,17.9,62.9,19.2,Stable,False
z_67.5_16.5,2025,2,2025-S2,Diminution,48.3,26.1,48.3,25.6,Stable,False
z_69.0_13.5,2023,1,2023-S1,Diminution,90.7,1.2,90.7,8.1,Stable,False
z_69.0_13.5,2024,1,2024-S1,Diminution,90.7,1.2,90.7,8.1,Stable,False
z_69.0_13.5,2025,1,2025-S1,Diminution,91.5,1.5,91.5,7.0,Diminution,True
z_69.0_15.0,2023,1,2023-S1,Diminution,86.2,2.9,86.2,10.9,Augmentation,False
z_69.0_15.0,2023,2,2023-S2,Stable,56.3,33.3,10.4,56.3,Stable,True
z_69.0_15.0,2024,1,2024-S1,Diminution,70.9,10.0,70.9,19.1,Stable,False
z_69.0_15.0,2024,2,2024-S2,Stable,79.6,13.3,7.0,79.6,Augmentation,False
z_69.0_15.0,2025,1,2025-S1,Diminution,59.1,17.0,59.1,23.9,Stable,False
z_69.0_15.0,2025,2,2025-S2,Stable,46.2,40.8,13.0,46.2,Stable,True
z_69.0_16.5,2023,1,2023-S1,Diminution,71.2,4.9,71.2,23.9,Augmentation,False
z_69.0_16.5,2023,2,2023-S2,Diminution,45.8,23.3,45.8,31.0,Stable,False
z_69.0_16.5,2024,1,2024-S1,Diminution,38.7,33.4,38.7,27.9,Augmentation,False
z_69.0_16.5,2024,2,2024-S2,Augmentation,40.8,40.8,32.8,26.4,Augmentation,True
z_69.0_16.5,2025,1,2025-S1,Augmentation,59.9,59.9,25.0,15.2,Stable,False
z_69.0_16.5,2025,2,2025-S2,Augmentation,46.9,46.9,34.6,18.4,Stable,False
z_69.0_18.0,2023,1,2023-S1,Diminution,61.3,22.0,61.3,16.7,Augmentation,False
z_69.0_18.0,2023,2,2023-S2,Augmentation,42.3,42.3,36.2,21.6,Stable,False
z_69.0_18.0,2024,1,2024-S1,Diminution,43.8,38.1,43.8,18.1,Diminution,True
z_69.0_18.0,2024,2,2024-S2,Diminution,49.7,27.4,49.7,22.9,Stable,False
z_69.0_18.0,2025,1,2025-S1,Augmentation,52.5,52.5,32.1,15.4,Diminution,False
z_69.0_18.0,2025,2,2025-S2,Diminution,56.4,25.4,56.4,18.2,Diminution,True
z_69.0_19.5,2023,1,2023-S1,Diminution,42.3,34.0,42.3,23.7,Stable,False
z_69.0_19.5,2023,2,2023-S2,Diminution,39.1,35.2,39.1,25.7,Diminution,True
z_69.0_19.5,2024,1,2024-S1,Diminution,59.5,20.5,59.5,20.1,Diminution,True
z_69.0_19.5,2024,2,2024-S2,Diminution,53.8,16.5,53.8,29.6,Diminution,True
z_69.0_19.5,2025,1,2025-S1,Diminution,59.9,15.3,59.9,24.8,Stable,False
z_69.0_19.5,2025,2,2025-S2,Diminution,66.2,13.8,66.2,20.1,Diminution,True
z_69.0_21.0,2023,1,2023-S1,Stable,88.4,8.6,3.1,88.4,Stable,True
z_69.0_21.0,2023,2,2023-S2,Stable,89.9,6.1,4.0,89.9,Stable,True
z_69.0_21.0,2024,1,2024-S1,Stable,93.1,5.1,1.8,93.1,Stable,True
z_69.0_21.0,2024,2,2024-S2,Stable,94.0,3.5,2.5,94.0,Stable,True
z_69.0_21.0,2025,1,2025-S1,Augmentation,48.6,48.6,4.1,47.3,Diminution,False
z_69.0_21.0,2025,2,2025-S2,Stable,63.7,31.9,4.4,63.7,Augmentation,False
z_69.0_22.5,2023,1,2023-S1,Augmentation,55.1,55.1,6.8,38.1,Diminution,False
z_69.0_22.5,2023,2,2023-S2,Diminution,55.1,17.7,55.1,27.1,Diminution,True
z_69.0_22.5,2024,1,2024-S1,Stable,64.6,31.0,4.5,64.6,Diminution,False
z_69.0_22.5,2024,2,2024-S2,Diminution,58.1,9.5,58.1,32.5,Stable,False
z_69.0_22.5,2025,1,2025-S1,Stable,67.7,27.4,4.9,67.7,Diminution,False
z_69.0_22.5,2025,2,2025-S2,Diminution,70.2,7.8,70.2,21.9,Stable,False
z_69.0_30.0,2023,1,2023-S1,Diminution,78.0,4.3,78.0,17.7,Diminution,True
z_69.0_30.0,2023,2,2023-S2,Stable,87.2,8.4,4.4,87.2,Stable,True
z_69.0_30.0,2024,1,2024-S1,Diminution,72.6,6.1,72.6,21.2,Diminution,True
z_69.0_30.0,2024,2,2024-S2,Stable,80.7,16.1,3.2,80.7,Diminution,False
z_69.0_30.0,2025,1,2025-S1,Diminution,84.9,2.2,84.9,12.9,Diminution,True
z_69.0_30.0,2025,2,2025-S2,Stable,95.4,1.9,2.7,95.4,Diminution,False
z_70.5_16.5,2023,1,2023-S1,Stable,95.9,0.4,3.7,95.9,Stable,True
z_70.5_16.5,2023,2,2023-S2,Diminution,82.6,9.7,82.6,7.7,Diminution,True
z_70.5_16.5,2024,1,2024-S1,Stable,83.8,10.7,5.6,83.8,Stable,True
z_70.5_16.5,2024,2,2024-S2,Diminution,78.1,9.3,78.1,12.6,Diminution,True
z_70.5_16.5,2025,1,2025-S1,Stable,77.7,15.7,6.6,77.7,Stable,True
z_70.5_16.5,2025,2,2025-S2,Diminution,88.0,5.6,88.0,6.4,Diminution,True
z_70.5_19.5,2023,1,2023-S1,Stable,96.9,0.2,2.9,96.9,Stable,True
z_70.5_19.5,2024,1,2024-S1,Stable,96.9,0.2,2.9,96.9,Stable,True
z_70.5_19.5,2025,1,2025-S1,Stable,60.6,24.8,14.6,60.6,Stable,True
z_70.5_21.0,2023,1,2023-S1,Stable,96.0,0.8,3.2,96.0,Stable,True
z_70.5_21.0,2023,2,2023-S2,Stable,60.3,24.6,15.2,60.3,Stable,True
z_70.5_21.0,2024,1,2024-S1,Stable,78.0,15.3,6.8,78.0,Stable,True
z_70.5_21.0,2024,2,2024-S2,Stable,80.1,4.4,15.4,80.1,Stable,True
z_70.5_21.0,2025,1,2025-S1,Stable,94.9,3.1,2.1,94.9,Stable,True
z_70.5_21.0,2025,2,2025-S2,Stable,76.5,8.0,15.5,76.5,Stable,True
z_70.5_22.5,2023,1,2023-S1,Diminution,66.1,5.8,66.1,28.1,Stable,False
z_70.5_22.5,2023,2,2023-S2,Stable,71.4,21.0,7.6,71.4,Stable,True
z_70.5_22.5,2024,1,2024-S1,Diminution,77.0,4.6,77.0,18.4,Stable,False
z_70.5_22.5,2024,2,2024-S2,Stable,92.6,5.8,1.6,92.6,Stable,True
z_70.5_22.5,2025,1,2025-S1,Diminution,74.4,7.9,74.4,17.7,Augmentation,False
z_70.5_22.5,2025,2,2025-S2,Stable,48.6,44.5,6.9,48.6,Stable,True
z_70.5_24.0,2023,1,2023-S1,Diminution,60.7,18.2,60.7,21.1,Augmentation,False
z_70.5_24.0,2023,2,2023-S2,Augmentation,50.0,50.0,6.7,43.2,Stable,False
z_70.5_24.0,2024,1,2024-S1,Diminution,42.2,34.4,42.2,23.4,Stable,False
z_70.5_24.0,2024,2,2024-S2,Augmentation,54.2,54.2,6.5,39.3,Stable,False
z_70.5_24.0,2025,1,2025-S1,Diminution,57.1,17.9,57.1,25.0,Stable,False
z_70.5_24.0,2025,2,2025-S2,Augmentation,50.5,50.5,7.9,41.6,Stable,False
z_70.5_25.5,2023,1,2023-S1,Diminution,78.1,4.1,78.1,17.7,Diminution,True
z_70.5_25.5,2023,2,2023-S2,Stable,97.0,0.9,2.2,97.0,Stable,True
z_70.5_25.5,2024,1,2024-S1,Diminution,70.1,5.7,70.1,24.2,Diminution,True
z_70.5_25.5,2024,2,2024-S2,Stable,78.0,19.6,2.4,78.0,Stable,True
z_70.5_25.5,2025,1,2025-S1,Diminution,63.3,9.6,63.3,27.0,Diminution,True
z_70.5_25.5,2025,2,2025-S2,Stable,87.5,8.0,4.5,87.5,Stable,True
z_70.5_27.0,2023,1,2023-S1,Diminution,77.8,3.0,77.8,19.2,Diminution,True
z_70.5_27.0,2023,2,2023-S2,Diminution,90.4,2.8,90.4,6.8,Diminution,True
z_70.5_27.0,2024,1,2024-S1,Diminution,87.6,1.8,87.6,10.6,Diminution,True
z_70.5_27.0,2024,2,2024-S2,Diminution,89.7,1.0,89.7,9.3,Stable,False
z_70.5_27.0,2025,1,2025-S1,Diminution,83.4,2.9,83.4,13.8,Diminution,True
z_70.5_27.0,2025,2,2025-S2,Diminution,90.5,0.9,90.5,8.6,Stable,False
z_70.5_28.5,2023,1,2023-S1,Stable,95.9,0.7,3.4,95.9,Stable,True
z_70.5_28.5,2023,2,2023-S2,Stable,96.1,0.5,3.4,96.1,Stable,True
z_70.5_28.5,2024,1,2024-S1,Stable,58.8,32.4,8.8,58.8,Stable,True
z_70.5_28.5,2024,2,2024-S2,Stable,82.2,12.2,5.5,82.2,Stable,True
z_70.5_28.5,2025,1,2025-S1,Stable,85.8,8.4,5.8,85.8,Stable,True
z_70.5_28.5,2025,2,2025-S2,Stable,90.3,5.2,4.4,90.3,Stable,True
z_70.5_30.0,2023,1,2023-S1,Stable,92.6,3.8,3.6,92.6,Stable,True
z_70.5_30.0,2023,2,2023-S2,Stable,94.3,3.4,2.4,94.3,Stable,True
z_70.5_30.0,2024,1,2024-S1,Stable,91.5,5.6,2.9,91.5,Stable,True
z_70.5_30.0,2024,2,2024-S2,Stable,85.3,10.9,3.8,85.3,Stable,True
z_70.5_30.0,2025,1,2025-S1,Stable,95.7,2.4,1.9,95.7,Stable,True
z_70.5_30.0,2025,2,2025-S2,Stable,58.7,32.8,8.5,58.7,Stable,True
z_70.5_33.0,2023,1,2023-S1,Stable,96.5,0.2,3.3,96.5,Stable,True
z_70.5_33.0,2024,1,2024-S1,Stable,96.5,0.5,3.1,96.5,Stable,True
z_70.5_33.0,2025,1,2025-S1,Stable,96.6,0.2,3.3,96.6,Stable,True
z_72.0_13.5,2023,2,2023-S2,Stable,97.7,1.4,1.0,97.7,Stable,True
z_72.0_13.5,2024,2,2024-S2,Stable,98.4,0.2,1.4,98.4,Stable,True
z_72.0_13.5,2025,2,2025-S2,Stable,86.5,11.8,1.7,86.5,Stable,True
z_72.0_15.0,2023,1,2023-S1,Stable,98.0,0.1,1.8,98.0,Stable,True
z_72.0_15.0,2024,1,2024-S1,Stable,97.8,1.4,0.9,97.8,Stable,True
z_72.0_15.0,2025,1,2025-S1,Stable,81.4,14.7,3.9,81.4,Stable,True
z_72.0_19.5,2023,1,2023-S1,Stable,92.9,4.9,2.2,92.9,Stable,True
z_72.0_19.5,2023,2,2023-S2,Stable,98.0,1.0,1.0,98.0,Diminution,False
z_72.0_19.5,2024,1,2024-S1,Stable,93.2,3.4,3.4,93.2,Stable,True
z_72.0_19.5,2024,2,2024-S2,Stable,98.8,0.3,0.8,98.8,Diminution,False
z_72.0_19.5,2025,1,2025-S1,Stable,92.4,4.4,3.2,92.4,Stable,True
z_72.0_19.5,2025,2,2025-S2,Stable,98.6,0.4,1.0,98.6,Diminution,False
z_72.0_28.5,2023,1,2023-S1,Stable,97.6,0.1,2.3,97.6,Stable,True
z_72.0_28.5,2023,2,2023-S2,Stable,95.6,1.1,3.3,95.6,Stable,True
z_72.0_28.5,2024,1,2024-S1,Stable,97.6,0.1,2.3,97.6,Stable,True
z_72.0_28.5,2024,2,2024-S2,Stable,95.6,1.1,3.3,95.6,Stable,True
z_72.0_28.5,2025,1,2025-S1,Stable,97.6,0.1,2.3,97.6,Stable,True
z_72.0_28.5,2025,2,2025-S2,Stable,95.1,3.1,1.8,95.1,Stable,True
z_73.5_18.0,2023,2,2023-S2,Stable,82.1,14.7,3.2,82.1,Stable,True
z_73.5_18.0,2024,2,2024-S2,Stable,85.9,10.3,3.8,85.9,Stable,True
z_73.5_18.0,2025,2,2025-S2,Stable,76.6,21.0,2.3,76.6,Stable,True
z_73.5_21.0,2023,1,2023-S1,Stable,96.0,0.4,3.6,96.0,Stable,True
z_73.5_21.0,2023,2,2023-S2,Diminution,88.8,2.2,88.8,9.1,Stable,False
z_73.5_21.0,2024,1,2024-S1,Stable,96.4,1.3,2.2,96.4,Stable,True
z_73.5_21.0,2024,2,2024-S2,Diminution,88.2,2.0,88.2,9.8,Diminution,True
z_73.5_21.0,2025,1,2025-S1,Stable,97.0,0.6,2.4,97.0,Stable,True
z_73.5_21.0,2025,2,2025-S2,Diminution,87.8,2.3,87.8,9.9,Diminution,True
z_73.5_33.0,2023,1,2023-S1,Stable,96.7,0.3,3.0,96.7,Stable,True
z_73.5_33.0,2024,1,2024-S1,Stable,96.7,0.3,3.0,96.7,Stable,True
z_73.5_33.0,2025,1,2025-S1,Stable,97.2,0.9,1.8,97.2,Stable,True
z_73.5_34.5,2023,1,2023-S1,Stable,89.4,8.1,2.5,89.4,Stable,True
z_73.5_34.5,2024,1,2024-S1,Stable,95.9,0.8,3.3,95.9,Stable,True
z_73.5_34.5,2025,1,2025-S1,Stable,94.2,4.1,1.7,94.2,Stable,True
z_75.0_18.0,2023,2,2023-S2,Stable,95.8,0.6,3.6,95.8,Stable,True
z_75.0_18.0,2024,2,2024-S2,Stable,89.2,6.6,4.2,89.2,Stable,True
z_75.0_18.0,2025,2,2025-S2,Stable,95.7,0.5,3.8,95.7,Stable,True
z_75.0_31.5,2023,1,2023-S1,Stable,96.1,0.4,3.5,96.1,Stable,True
z_75.0_31.5,2024,1,2024-S1,Stable,91.0,4.9,4.1,91.0,Stable,True
z_75.0_31.5,2025,1,2025-S1,Stable,90.8,4.4,4.8,90.8,Stable,True
z_75.0_33.0,2023,2,2023-S2,Stable,62.9,23.7,13.4,62.9,Stable,True
z_75.0_33.0,2024,2,2024-S2,Stable,79.2,8.3,12.5,79.2,Stable,True
z_75.0_33.0,2025,2,2025-S2,Stable,72.9,13.1,14.0,72.9,Stable,True
z_75.0_34.5,2023,1,2023-S1,Stable,95.4,0.6,4.0,95.4,Stable,True
z_75.0_34.5,2023,2,2023-S2,Diminution,87.8,1.8,87.8,10.4,Diminution,True
z_75.0_34.5,2024,1,2024-S1,Stable,95.4,1.2,3.4,95.4,Augmentation,False
z_75.0_34.5,2024,2,2024-S2,Diminution,77.7,7.8,77.7,14.5,Diminution,True
z_75.0_34.5,2025,1,2025-S1,Stable,80.5,13.9,5.7,80.5,Stable,True
z_75.0_34.5,2025,2,2025-S2,Diminution,80.6,7.8,80.6,11.6,Diminution,True
z_75.0_36.0,2023,1,2023-S1,Stable,97.7,0.1,2.3,97.7,Stable,True
z_75.0_36.0,2023,2,2023-S2,Stable,96.7,1.9,1.5,96.7,Stable,True
z_75.0_36.0,2024,1,2024-S1,Stable,95.2,2.5,2.3,95.2,Stable,True
z_75.0_36.0,2024,2,2024-S2,Stable,97.5,0.3,2.2,97.5,Stable,True
z_75.0_36.0,2025,1,2025-S1,Stable,97.5,0.2,2.3,97.5,Stable,True
z_75.0_36.0,2025,2,2025-S2,Stable,96.3,1.0,2.7,96.3,Stable,True
z_76.5_13.5,2023,1,2023-S1,Stable,95.9,1.4,2.6,95.9,Stable,True
z_76.5_13.5,2023,2,2023-S2,Diminution,88.0,0.7,88.0,11.3,Diminution,True
z_76.5_13.5,2024,1,2024-S1,Stable,95.9,1.4,2.6,95.9,Stable,True
z_76.5_13.5,2024,2,2024-S2,Diminution,83.1,1.2,83.1,15.7,Diminution,True
z_76.5_13.5,2025,1,2025-S1,Stable,86.1,10.0,3.9,86.1,Stable,True
z_76.5_13.5,2025,2,2025-S2,Diminution,83.1,1.7,83.1,15.2,Diminution,True
z_76.5_33.0,2023,1,2023-S1,Stable,97.2,1.1,1.7,97.2,Stable,True
z_76.5_33.0,2023,2,2023-S2,Stable,98.9,0.0,1.1,98.9,Stable,True
z_76.5_33.0,2024,1,2024-S1,Stable,98.7,0.0,1.3,98.7,Stable,True
z_76.5_33.0,2024,2,2024-S2,Stable,98.7,0.2,1.1,98.7,Stable,True
z_76.5_33.0,2025,1,2025-S1,Stable,93.0,4.1,2.9,93.0,Stable,True
z_76.5_33.0,2025,2,2025-S2,Stable,98.7,0.0,1.2,98.7,Stable,True
z_78.0_10.5,2023,1,2023-S1,Stable,98.3,0.0,1.7,98.3,Stable,True
z_78.0_10.5,2023,2,2023-S2,Stable,98.3,0.0,1.7,98.3,Stable,True
z_78.0_10.5,2024,1,2024-S1,Stable,98.3,0.0,1.7,98.3,Stable,True
z_78.0_10.5,2024,2,2024-S2,Stable,98.3,0.0,1.7,98.3,Stable,True
z_78.0_10.5,2025,1,2025-S1,Stable,98.3,0.0,1.7,98.3,Stable,True
z_78.0_10.5,2025,2,2025-S2,Stable,98.4,0.7,0.9,98.4,Stable,True
z_78.0_13.5,2023,1,2023-S1,Stable,98.9,0.0,1.1,98.9,Stable,True
z_78.0_13.5,2023,2,2023-S2,Diminution,84.1,4.1,84.1,11.8,Diminution,True
z_78.0_13.5,2024,1,2024-S1,Stable,96.8,1.3,1.8,96.8,Stable,True
z_78.0_13.5,2024,2,2024-S2,Diminution,87.4,1.4,87.4,11.2,Diminution,True
z_78.0_13.5,2025,1,2025-S1,Stable,97.3,1.2,1.5,97.3,Stable,True
z_78.0_13.5,2025,2,2025-S2,Diminution,72.8,7.9,72.8,19.3,Stable,False
z_78.0_15.0,2023,2,2023-S2,Stable,96.6,1.2,2.2,96.6,Diminution,False
z_78.0_15.0,2024,2,2024-S2,Stable,88.7,9.6,1.7,88.7,Stable,True
z_78.0_15.0,2025,2,2025-S2,Stable,96.6,1.2,2.2,96.6,Diminution,False
z_79.5_10.5,2023,1,2023-S1,Diminution,79.5,3.3,79.5,17.2,Stable,False
z_79.5_10.5,2023,2,2023-S2,Stable,79.7,2.6,17.7,79.7,Stable,True
z_79.5_10.5,2024,1,2024-S1,Diminution,82.4,0.9,82.4,16.8,Stable,False
z_79.5_10.5,2024,2,2024-S2,Stable,84.7,0.5,14.7,84.7,Stable,True
z_79.5_10.5,2025,1,2025-S1,Diminution,86.9,0.5,86.9,12.6,Stable,False
z_79.5_10.5,2025,2,2025-S2,Stable,99.3,0.0,0.6,99.3,Stable,True
