zone,annee,tendance,confiance,proba_Augmentation,proba_Diminution,proba_Stable
z_24.0_-18.0,2023,Diminution,71.6,4.5,71.6,23.9
z_24.0_-18.0,2024,Diminution,71.5,8.2,71.5,20.3
z_24.0_-18.0,2025,Diminution,59.4,13.9,59.4,26.7
z_24.0_-18.0,2026,Diminution,68.0,6.7,68.0,25.3
z_24.0_-18.0,2027,Diminution,74.4,5.4,74.4,20.3
z_24.0_-18.0,2028,Diminution,70.2,13.2,70.2,16.6
z_24.0_-18.0,2029,Diminution,71.6,4.5,71.6,23.9
z_24.0_-18.0,2030,Diminution,71.5,8.2,71.5,20.3
z_24.0_-19.5,2023,Diminution,79.0,1.5,79.0,19.5
z_24.0_-19.5,2024,Diminution,65.0,8.9,65.0,26.1
z_24.0_-19.5,2025,Diminution,74.5,3.2,74.5,22.3
z_24.0_-19.5,2026,Diminution,83.2,1.7,83.2,15.1
z_24.0_-19.5,2027,Diminution,78.0,7.3,78.0,14.7
z_24.0_-19.5,2028,Diminution,79.0,1.5,79.0,19.5
z_24.0_-19.5,2029,Diminution,80.3,2.6,80.3,17.1
z_24.0_-19.5,2030,Diminution,80.3,2.6,80.3,17.1
z_25.5_-16.5,2023,Diminution,71.3,2.0,71.3,26.8
z_25.5_-16.5,2024,Diminution,71.3,2.0,71.3,26.8
z_25.5_-16.5,2025,Diminution,57.6,7.4,57.6,35.0
z_25.5_-16.5,2026,Diminution,69.9,2.6,69.9,27.6
z_25.5_-16.5,2027,Diminution,73.0,1.3,73.0,25.7
z_25.5_-16.5,2028,Diminution,70.6,5.7,70.6,23.7
z_25.5_-16.5,2029,Diminution,67.8,1.4,67.8,30.8
z_25.5_-16.5,2030,Diminution,71.3,2.0,71.3,26.8
z_27.0_-15.0,2023,Diminution,54.4,5.2,54.4,40.5
z_27.0_-15.0,2024,Stable,40.6,6.2,53.2,40.6
z_27.0_-15.0,2025,Diminution,56.2,8.6,56.2,35.2
z_27.0_-15.0,2026,Diminution,55.9,3.3,55.9,40.8
z_27.0_-15.0,2027,Diminution,52.1,9.0,52.1,39.0
z_27.0_-15.0,2028,Diminution,59.0,6.2,59.0,34.8
z_27.0_-15.0,2029,Diminution,58.7,4.4,58.7,36.9
z_27.0_-15.0,2030,Diminution,58.7,4.4,58.7,36.9
z_27.0_-16.5,2023,Augmentation,63.0,63.0,18.5,18.5
z_27.0_-16.5,2024,Augmentation,58.1,58.1,27.1,14.8
z_27.0_-16.5,2025,Augmentation,63.1,63.1,22.8,14.1
z_27.0_-16.5,2026,Augmentation,51.8,51.8,29.2,19.1
z_27.0_-16.5,2027,Augmentation,59.4,59.4,26.7,13.9
z_27.0_-16.5,2028,Augmentation,60.1,60.1,20.3,19.6
z_27.0_-16.5,2029,Augmentation,62.6,62.6,23.3,14.1
z_27.0_-16.5,2030,Augmentation,64.5,64.5,21.2,14.3
z_28.5_-13.5,2023,Diminution,77.3,3.3,77.3,19.4
z_28.5_-13.5,2024,Diminution,77.3,3.3,77.3,19.4
z_28.5_-13.5,2025,Diminution,71.8,5.8,71.8,22.3
z_28.5_-13.5,2026,Diminution,62.8,12.6,62.8,24.6
z_28.5_-13.5,2027,Diminution,72.0,8.8,72.0,19.1
z_28.5_-13.5,2028,Diminution,76.0,3.4,76.0,20.6
z_28.5_-13.5,2029,Diminution,68.1,6.2,68.1,25.7
z_28.5_-13.5,2030,Diminution,70.8,5.5,70.8,23.7
z_28.5_-15.0,2023,Stable,42.3,30.7,27.0,42.3
z_28.5_-15.0,2024,Stable,51.4,26.3,22.3,51.4
z_28.5_-15.0,2025,Stable,36.2,32.7,31.1,36.2
z_28.5_-15.0,2026,Stable,45.2,26.9,28.0,45.2
z_28.5_-15.0,2027,Stable,43.7,30.2,26.1,43.7
z_28.5_-15.0,2028,Stable,40.2,32.5,27.3,40.2
z_28.5_-15.0,2029,Stable,44.2,27.7,28.1,44.2
z_28.5_-15.0,2030,Stable,44.2,27.7,28.1,44.2
z_28.5_-16.5,2023,Augmentation,49.8,49.8,25.2,25.0
z_28.5_-16.5,2024,Augmentation,42.6,42.6,28.4,29.1
z_28.5_-16.5,2025,Augmentation,49.8,49.8,27.3,22.9
z_28.5_-16.5,2026,Stable,48.3,29.8,21.9,48.3
z_28.5_-16.5,2027,Stable,34.9,42.5,22.7,34.9
z_28.5_-16.5,2028,Stable,37.2,42.6,20.3,37.2
z_28.5_-16.5,2029,Stable,45.2,35.4,19.4,45.2
z_28.5_-16.5,2030,Stable,48.3,33.0,18.7,48.3
z_30.0_-10.5,2023,Stable,57.8,10.7,31.5,57.8
z_30.0_-10.5,2024,Stable,48.9,10.0,41.0,48.9
z_30.0_-10.5,2025,Stable,57.6,10.8,31.6,57.6
z_30.0_-10.5,2026,Stable,39.8,16.2,44.0,39.8
z_30.0_-10.5,2027,Stable,53.6,8.7,37.7,53.6
z_30.0_-10.5,2028,Stable,47.2,16.0,36.8,47.2
z_30.0_-10.5,2029,Stable,41.7,11.4,46.8,41.7
z_30.0_-10.5,2030,Stable,50.2,11.5,38.3,50.2
z_30.0_-13.5,2023,Diminution,74.9,5.2,74.9,19.9
z_30.0_-13.5,2024,Diminution,73.2,7.1,73.2,19.7
z_30.0_-13.5,2025,Diminution,64.7,8.4,64.7,26.8
z_30.0_-13.5,2026,Diminution,66.4,7.3,66.4,26.3
z_30.0_-13.5,2027,Diminution,72.4,7.6,72.4,20.0
z_30.0_-13.5,2028,Diminution,70.6,4.8,70.6,24.6
z_30.0_-13.5,2029,Diminution,73.2,6.8,73.2,20.0
z_30.0_-13.5,2030,Diminution,78.4,4.5,78.4,17.1
z_30.0_-15.0,2023,Diminution,70.0,9.8,70.0,20.2
z_30.0_-15.0,2024,Diminution,66.2,7.3,66.2,26.5
z_30.0_-15.0,2025,Diminution,72.5,4.9,72.5,22.6
z_30.0_-15.0,2026,Diminution,67.0,10.9,67.0,22.0
z_30.0_-15.0,2027,Diminution,70.2,6.6,70.2,23.2
z_30.0_-15.0,2028,Diminution,81.3,4.2,81.3,14.5
z_30.0_-15.0,2029,Diminution,74.3,7.6,74.3,18.1
z_30.0_-15.0,2030,Diminution,74.0,5.6,74.0,20.4
z_30.0_28.5,2023,Stable,37.7,34.0,28.2,37.7
z_30.0_28.5,2024,Stable,41.6,39.1,19.3,41.6
z_30.0_28.5,2025,Stable,38.9,34.8,26.3,38.9
z_30.0_28.5,2026,Stable,46.0,33.4,20.6,46.0
z_30.0_28.5,2027,Stable,46.5,27.4,26.1,46.5
z_30.0_28.5,2028,Stable,42.7,34.5,22.8,42.7
z_30.0_28.5,2029,Stable,43.9,33.8,22.3,43.9
z_30.0_28.5,2030,Stable,48.4,30.6,21.0,48.4
z_30.0_30.0,2023,Stable,41.6,13.5,44.9,41.6
z_30.0_30.0,2024,Diminution,52.8,8.1,52.8,39.1
z_30.0_30.0,2025,Stable,51.6,10.1,38.3,51.6
z_30.0_30.0,2026,Stable,43.5,16.3,40.1,43.5
z_30.0_30.0,2027,Stable,45.3,14.8,39.9,45.3
z_30.0_30.0,2028,Diminution,52.8,8.1,52.8,39.1
z_30.0_30.0,2029,Stable,51.6,10.1,38.3,51.6
z_30.0_30.0,2030,Stable,42.2,11.2,46.5,42.2
z_30.0_31.5,2023,Stable,44.0,40.9,15.1,44.0
z_30.0_31.5,2024,Augmentation,62.9,62.9,14.3,22.8
z_30.0_31.5,2025,Augmentation,55.9,55.9,14.1,30.0
z_30.0_31.5,2026,Augmentation,51.7,51.7,18.6,29.6
z_30.0_31.5,2027,Stable,40.3,43.8,16.0,40.3
z_30.0_31.5,2028,Stable,43.5,38.1,18.3,43.5
z_30.0_31.5,2029,Stable,38.6,47.0,14.4,38.6
z_30.0_31.5,2030,Augmentation,70.3,70.3,11.8,17.9
z_31.5_-15.0,2023,Diminution,71.0,1.1,71.0,27.9
z_31.5_-15.0,2024,Diminution,61.7,3.9,61.7,34.4
z_31.5_-15.0,2025,Diminution,52.2,8.7,52.2,39.1
z_31.5_-15.0,2026,Diminution,56.0,3.4,56.0,40.7
z_31.5_-15.0,2027,Diminution,71.0,1.1,71.0,27.9
z_31.5_-15.0,2028,Diminution,61.7,3.9,61.7,34.4
z_31.5_-15.0,2029,Diminution,59.0,1.9,59.0,39.1
z_31.5_-15.0,2030,Diminution,66.3,1.6,66.3,32.1
z_31.5_-18.0,2023,Stable,61.4,26.9,11.8,61.4
z_31.5_-18.0,2024,Stable,59.6,28.7,11.6,59.6
z_31.5_-18.0,2025,Stable,57.0,30.8,12.1,57.0
z_31.5_-18.0,2026,Stable,58.0,25.1,16.9,58.0
z_31.5_-18.0,2027,Stable,44.3,32.4,23.3,44.3
z_31.5_-18.0,2028,Stable,61.8,22.1,16.1,61.8
z_31.5_-18.0,2029,Stable,57.6,27.6,14.8,57.6
z_31.5_-18.0,2030,Stable,55.2,29.2,15.7,55.2
z_31.5_31.5,2023,Stable,53.7,25.0,21.4,53.7
z_31.5_31.5,2024,Stable,44.1,34.3,21.6,44.1
z_31.5_31.5,2025,Stable,48.3,29.5,22.2,48.3
z_31.5_31.5,2026,Stable,41.1,36.2,22.7,41.1
z_31.5_31.5,2027,Stable,54.8,24.6,20.6,54.8
z_31.5_31.5,2028,Stable,53.4,26.4,20.2,53.4
z_31.5_31.5,2029,Stable,49.2,28.9,21.9,49.2
z_31.5_31.5,2030,Stable,52.8,29.2,18.0,52.8
z_33.0_-13.5,2023,Diminution,56.2,7.1,56.2,36.7
z_33.0_-13.5,2024,Diminution,54.5,11.4,54.5,34.1
z_33.0_-13.5,2025,Diminution,56.2,7.1,56.2,36.7
z_33.0_-13.5,2026,Diminution,65.6,3.9,65.6,30.5
z_33.0_-13.5,2027,Diminution,64.1,7.8,64.1,28.1
z_33.0_-13.5,2028,Diminution,63.3,3.7,63.3,33.0
z_33.0_-13.5,2029,Diminution,68.2,4.6,68.2,27.2
z_33.0_-13.5,2030,Diminution,68.2,4.6,68.2,27.2
z_33.0_-9.0,2023,Stable,36.0,35.7,28.3,36.0
z_33.0_-9.0,2024,Stable,37.7,37.5,24.8,37.7
z_33.0_-9.0,2025,Stable,42.1,30.8,27.1,42.1
z_33.0_-9.0,2026,Stable,41.9,38.4,19.7,41.9
z_33.0_-9.0,2027,Stable,44.1,35.6,20.3,44.1
z_33.0_-9.0,2028,Stable,42.9,39.2,17.9,42.9
z_33.0_-9.0,2029,Stable,40.0,38.8,21.2,40.0
z_33.0_-9.0,2030,Stable,38.6,40.5,20.8,38.6
z_33.0_10.5,2023,Diminution,79.0,6.1,79.0,14.9
z_33.0_10.5,2024,Diminution,79.0,6.1,79.0,14.9
z_33.0_10.5,2025,Diminution,79.0,6.1,79.0,14.9
z_33.0_10.5,2026,Diminution,64.5,11.0,64.5,24.5
z_33.0_10.5,2027,Diminution,76.2,5.0,76.2,18.8
z_33.0_10.5,2028,Diminution,78.1,4.1,78.1,17.8
z_33.0_10.5,2029,Diminution,74.5,12.3,74.5,13.2
z_33.0_10.5,2030,Diminution,77.2,3.6,77.2,19.3
z_33.0_18.0,2023,Diminution,77.9,5.5,77.9,16.7
z_33.0_18.0,2024,Diminution,77.9,5.5,77.9,16.7
z_33.0_18.0,2025,Diminution,63.7,10.6,63.7,25.7
z_33.0_18.0,2026,Diminution,73.6,4.9,73.6,21.5
z_33.0_18.0,2027,Diminution,78.1,3.5,78.1,18.4
z_33.0_18.0,2028,Diminution,72.7,12.1,72.7,15.2
z_33.0_18.0,2029,Diminution,76.9,3.2,76.9,20.0
z_33.0_18.0,2030,Diminution,77.9,5.5,77.9,16.7
z_33.0_25.5,2023,Diminution,79.4,1.6,79.4,19.0
z_33.0_25.5,2024,Diminution,79.4,1.6,79.4,19.0
z_33.0_25.5,2025,Diminution,67.9,5.4,67.9,26.7
z_33.0_25.5,2026,Diminution,76.1,3.0,76.1,20.9
z_33.0_25.5,2027,Diminution,80.2,1.1,80.2,18.6
z_33.0_25.5,2028,Diminution,76.0,4.7,76.0,19.3
z_33.0_25.5,2029,Diminution,78.6,1.5,78.6,19.8
z_33.0_25.5,2030,Diminution,79.4,1.6,79.4,19.0
z_33.0_9.0,2023,Stable,47.6,3.5,48.9,47.6
z_33.0_9.0,2024,Stable,47.6,3.5,48.9,47.6
z_33.0_9.0,2025,Stable,57.0,5.1,37.8,57.0
z_33.0_9.0,2026,Stable,51.4,4.2,44.3,51.4
z_33.0_9.0,2027,Stable,40.9,4.6,54.5,40.9
z_33.0_9.0,2028,Stable,45.3,6.1,48.7,45.3
z_33.0_9.0,2029,Stable,46.6,5.4,48.0,46.6
z_33.0_9.0,2030,Stable,47.6,3.5,48.9,47.6
z_34.5_-1.5,2023,Stable,56.9,14.8,28.3,56.9
z_34.5_-1.5,2024,Stable,42.4,27.5,30.1,42.4
z_34.5_-1.5,2025,Stable,42.6,25.0,32.4,42.6
z_34.5_-1.5,2026,Stable,60.9,13.4,25.7,60.9
z_34.5_-1.5,2027,Stable,51.2,23.4,25.4,51.2
z_34.5_-1.5,2028,Stable,38.3,27.6,34.1,38.3
z_34.5_-1.5,2029,Stable,47.7,25.8,26.6,47.7
z_34.5_-1.5,2030,Stable,47.7,25.8,26.6,47.7
z_34.5_-10.5,2023,Diminution,68.7,3.3,68.7,28.0
z_34.5_-10.5,2024,Diminution,68.7,3.3,68.7,28.0
z_34.5_-10.5,2025,Diminution,59.7,7.6,59.7,32.8
z_34.5_-10.5,2026,Diminution,58.3,5.0,58.3,36.8
z_34.5_-10.5,2027,Diminution,73.7,2.0,73.7,24.3
z_34.5_-10.5,2028,Diminution,62.7,7.1,62.7,30.2
z_34.5_-10.5,2029,Diminution,60.8,2.9,60.8,36.3
z_34.5_-10.5,2030,Diminution,68.7,3.3,68.7,28.0
z_34.5_-15.0,2023,Diminution,80.6,3.1,80.6,16.4
z_34.5_-15.0,2024,Diminution,65.2,9.8,65.2,25.1
z_34.5_-15.0,2025,Diminution,74.2,3.3,74.2,22.5
z_34.5_-15.0,2026,Diminution,82.8,1.9,82.8,15.3
z_34.5_-15.0,2027,Diminution,77.4,8.2,77.4,14.4
z_34.5_-15.0,2028,Diminution,79.1,1.7,79.1,19.2
z_34.5_-15.0,2029,Diminution,80.6,3.1,80.6,16.4
z_34.5_-15.0,2030,Diminution,80.6,3.1,80.6,16.4
z_34.5_-39.0,2023,Diminution,77.0,2.7,77.0,20.3
z_34.5_-39.0,2024,Diminution,77.0,2.7,77.0,20.3
z_34.5_-39.0,2025,Diminution,77.0,2.7,77.0,20.3
z_34.5_-39.0,2026,Diminution,60.8,7.4,60.8,31.8
z_34.5_-39.0,2027,Diminution,72.6,3.6,72.6,23.8
z_34.5_-39.0,2028,Diminution,80.6,2.0,80.6,17.5
z_34.5_-39.0,2029,Diminution,75.0,6.8,75.0,18.3
z_34.5_-39.0,2030,Diminution,75.7,1.7,75.7,22.5
z_34.5_-4.5,2023,Stable,51.2,20.3,28.5,51.2
z_34.5_-4.5,2024,Stable,54.3,19.7,25.9,54.3
z_34.5_-4.5,2025,Stable,51.0,22.3,26.7,51.0
z_34.5_-4.5,2026,Stable,53.9,19.7,26.4,53.9
z_34.5_-4.5,2027,Stable,49.1,20.9,30.0,49.1
z_34.5_-4.5,2028,Stable,51.4,20.2,28.4,51.4
z_34.5_-4.5,2029,Stable,51.4,20.2,28.4,51.4
z_34.5_-4.5,2030,Stable,51.4,20.2,28.4,51.4
z_34.5_-6.0,2023,Augmentation,43.5,43.5,31.1,25.4
z_34.5_-6.0,2024,Stable,33.5,34.6,32.0,33.5
z_34.5_-6.0,2025,Augmentation,50.3,50.3,24.3,25.4
z_34.5_-6.0,2026,Stable,35.6,36.0,28.4,35.6
z_34.5_-6.0,2027,Augmentation,44.1,44.1,26.8,29.1
z_34.5_-6.0,2028,Stable,34.2,37.1,28.6,34.2
z_34.5_-6.0,2029,Stable,39.3,32.5,28.2,39.3
z_34.5_-6.0,2030,Stable,42.0,32.7,25.3,42.0
z_34.5_-7.5,2023,Stable,56.8,24.0,19.2,56.8
z_34.5_-7.5,2024,Stable,36.1,43.3,20.6,36.1
z_34.5_-7.5,2025,Stable,38.5,34.5,27.0,38.5
z_34.5_-7.5,2026,Stable,51.1,29.4,19.5,51.1
z_34.5_-7.5,2027,Stable,36.4,35.9,27.7,36.4
z_34.5_-7.5,2028,Stable,34.9,37.9,27.2,34.9
z_34.5_-7.5,2029,Stable,37.1,38.3,24.6,37.1
z_34.5_-7.5,2030,Stable,36.1,40.4,23.6,36.1
z_34.5_0.0,2023,Diminution,57.1,8.9,57.1,34.0
z_34.5_0.0,2024,Diminution,64.6,5.0,64.6,30.4
z_34.5_0.0,2025,Stable,38.0,11.7,50.3,38.0
z_34.5_0.0,2026,Diminution,57.1,8.9,57.1,34.0
z_34.5_0.0,2027,Diminution,64.6,5.0,64.6,30.4
z_34.5_0.0,2028,Diminution,58.0,9.3,58.0,32.6
z_34.5_0.0,2029,Diminution,57.5,7.4,57.5,35.1
z_34.5_0.0,2030,Diminution,58.4,7.9,58.4,33.7
z_34.5_12.0,2023,Stable,49.0,24.5,26.5,49.0
z_34.5_12.0,2024,Stable,34.9,32.5,32.7,34.9
z_34.5_12.0,2025,Stable,39.3,31.6,29.1,39.3
z_34.5_12.0,2026,Stable,33.9,33.9,32.2,33.9
z_34.5_12.0,2027,Stable,38.4,26.0,35.7,38.4
z_34.5_12.0,2028,Augmentation,39.3,39.3,32.2,28.5
z_34.5_12.0,2029,Stable,30.1,40.0,29.9,30.1
z_34.5_12.0,2030,Stable,30.8,37.8,31.4,30.8
z_34.5_13.5,2023,Augmentation,54.1,54.1,30.1,15.8
z_34.5_13.5,2024,Augmentation,48.3,48.3,32.3,19.4
z_34.5_13.5,2025,Augmentation,51.2,51.2,28.3,20.6
z_34.5_13.5,2026,Augmentation,59.6,59.6,21.5,18.9
z_34.5_13.5,2027,Augmentation,63.9,63.9,19.9,16.2
z_34.5_13.5,2028,Augmentation,66.3,66.3,18.3,15.4
z_34.5_13.5,2029,Augmentation,69.7,69.7,16.5,13.8
z_34.5_13.5,2030,Augmentation,71.3,71.3,15.9,12.8
z_34.5_16.5,2023,Diminution,72.4,6.2,72.4,21.4
z_34.5_16.5,2024,Diminution,71.9,7.9,71.9,20.2
z_34.5_16.5,2025,Diminution,77.5,5.7,77.5,16.8
z_34.5_16.5,2026,Diminution,67.9,7.7,67.9,24.3
z_34.5_16.5,2027,Diminution,68.8,9.9,68.8,21.3
z_34.5_16.5,2028,Diminution,77.5,5.7,77.5,16.8
z_34.5_16.5,2029,Diminution,69.2,5.4,69.2,25.4
z_34.5_16.5,2030,Diminution,71.0,8.2,71.0,20.8
z_34.5_18.0,2023,Diminution,81.8,1.7,81.8,16.6
z_34.5_18.0,2024,Diminution,81.8,1.7,81.8,16.6
z_34.5_18.0,2025,Diminution,68.0,6.2,68.0,25.7
z_34.5_18.0,2026,Diminution,77.8,3.3,77.8,18.9
z_34.5_18.0,2027,Diminution,82.2,1.2,82.2,16.6
z_34.5_18.0,2028,Diminution,77.9,5.0,77.9,17.2
z_34.5_18.0,2029,Diminution,79.5,1.6,79.5,18.9
z_34.5_18.0,2030,Diminution,81.8,1.7,81.8,16.6
z_34.5_19.5,2023,Diminution,54.5,8.9,54.5,36.6
z_34.5_19.5,2024,Diminution,57.5,6.6,57.5,36.0
z_34.5_19.5,2025,Stable,39.8,10.6,49.7,39.8
z_34.5_19.5,2026,Diminution,55.6,9.9,55.6,34.5
z_34.5_19.5,2027,Diminution,67.5,4.6,67.5,27.9
z_34.5_19.5,2028,Diminution,57.2,9.9,57.2,32.9
z_34.5_19.5,2029,Diminution,57.5,6.6,57.5,36.0
z_34.5_19.5,2030,Diminution,60.5,7.3,60.5,32.2
z_34.5_22.5,2023,Stable,48.7,33.7,17.6,48.7
z_34.5_22.5,2024,Augmentation,52.1,52.1,18.7,29.2
z_34.5_22.5,2025,Stable,48.6,31.1,20.3,48.6
z_34.5_22.5,2026,Augmentation,47.0,47.0,19.6,33.3
z_34.5_22.5,2027,Stable,36.1,42.7,21.2,36.1
z_34.5_22.5,2028,Stable,45.6,40.6,13.8,45.6
z_34.5_22.5,2029,Stable,46.7,38.1,15.3,46.7
z_34.5_22.5,2030,Stable,45.0,39.7,15.2,45.0
z_34.5_24.0,2023,Augmentation,44.0,44.0,28.2,27.8
z_34.5_24.0,2024,Augmentation,42.3,42.3,28.1,29.6
z_34.5_24.0,2025,Stable,33.5,42.1,24.4,33.5
z_34.5_24.0,2026,Stable,36.4,42.1,21.5,36.4
z_34.5_24.0,2027,Stable,35.4,44.9,19.7,35.4
z_34.5_24.0,2028,Augmentation,47.3,47.3,18.3,34.4
z_34.5_24.0,2029,Augmentation,48.0,48.0,21.3,30.8
z_34.5_24.0,2030,Augmentation,46.1,46.1,20.5,33.5
z_34.5_25.5,2023,Stable,35.7,31.4,32.9,35.7
z_34.5_25.5,2024,Augmentation,55.1,55.1,26.1,18.9
z_34.5_25.5,2025,Stable,39.3,27.5,33.2,39.3
z_34.5_25.5,2026,Augmentation,43.4,43.4,28.9,27.6
z_34.5_25.5,2027,Stable,38.6,30.8,30.6,38.6
z_34.5_25.5,2028,Stable,38.4,33.8,27.8,38.4
z_34.5_25.5,2029,Stable,43.0,31.5,25.5,43.0
z_34.5_25.5,2030,Stable,42.4,31.4,26.1,42.4
z_34.5_27.0,2023,Stable,49.2,30.6,20.2,49.2
z_34.5_27.0,2024,Stable,47.8,28.0,24.1,47.8
z_34.5_27.0,2025,Stable,49.3,26.0,24.6,49.3
z_34.5_27.0,2026,Stable,46.5,21.3,32.2,46.5
z_34.5_27.0,2027,Stable,47.9,19.8,32.4,47.9
z_34.5_27.0,2028,Stable,47.7,19.6,32.7,47.7
z_34.5_27.0,2029,Stable,47.4,19.4,33.3,47.4
z_34.5_27.0,2030,Stable,53.9,17.3,28.9,53.9
z_34.5_31.5,2023,Stable,41.1,36.5,22.4,41.1
z_34.5_31.5,2024,Augmentation,60.0,60.0,13.4,26.7
z_34.5_31.5,2025,Stable,39.4,35.7,24.9,39.4
z_34.5_31.5,2026,Augmentation,43.2,43.2,26.6,30.2
z_34.5_31.5,2027,Stable,31.6,37.3,31.1,31.6
z_34.5_31.5,2028,Stable,45.9,31.2,22.9,45.9
z_34.5_31.5,2029,Stable,35.7,43.5,20.8,35.7
z_34.5_31.5,2030,Stable,36.4,43.4,20.1,36.4
z_34.5_33.0,2023,Augmentation,68.4,68.4,17.9,13.7
z_34.5_33.0,2024,Augmentation,66.0,66.0,20.0,14.1
z_34.5_33.0,2025,Augmentation,66.3,66.3,18.2,15.5
z_34.5_33.0,2026,Augmentation,58.8,58.8,18.0,23.1
z_34.5_33.0,2027,Augmentation,66.4,66.4,17.7,15.8
z_34.5_33.0,2028,Augmentation,71.5,71.5,15.1,13.4
z_34.5_33.0,2029,Augmentation,64.9,64.9,16.4,18.8
z_34.5_33.0,2030,Augmentation,69.1,69.1,15.5,15.4
z_36.0_-1.5,2023,Stable,30.5,39.6,30.0,30.5
z_36.0_-1.5,2024,Stable,50.3,24.4,25.3,50.3
z_36.0_-1.5,2025,Stable,34.4,35.8,29.7,34.4
z_36.0_-1.5,2026,Stable,34.3,38.0,27.7,34.3
z_36.0_-1.5,2027,Stable,38.6,34.1,27.3,38.6
z_36.0_-1.5,2028,Stable,32.2,35.4,32.4,32.2
z_36.0_-1.5,2029,Stable,33.9,35.1,31.0,33.9
z_36.0_-1.5,2030,Stable,35.3,38.8,25.9,35.3
z_36.0_-10.5,2023,Augmentation,48.2,48.2,16.7,35.1
z_36.0_-10.5,2024,Stable,36.7,45.3,18.0,36.7
z_36.0_-10.5,2025,Augmentation,47.0,47.0,18.1,34.9
z_36.0_-10.5,2026,Augmentation,73.8,73.8,13.3,13.0
z_36.0_-10.5,2027,Augmentation,65.4,65.4,17.5,17.1
z_36.0_-10.5,2028,Augmentation,64.6,64.6,17.8,17.6
z_36.0_-10.5,2029,Augmentation,71.7,71.7,15.3,13.0
z_36.0_-10.5,2030,Augmentation,66.9,66.9,15.7,17.3
z_36.0_-12.0,2023,Diminution,76.6,2.6,76.6,20.8
z_36.0_-12.0,2024,Diminution,60.8,7.8,60.8,31.4
z_36.0_-12.0,2025,Diminution,72.2,3.0,72.2,24.8
z_36.0_-12.0,2026,Diminution,79.5,1.9,79.5,18.6
z_36.0_-12.0,2027,Diminution,75.1,7.0,75.1,17.9
z_36.0_-12.0,2028,Diminution,73.4,1.6,73.4,24.9
z_36.0_-12.0,2029,Diminution,76.6,2.6,76.6,20.8
z_36.0_-12.0,2030,Diminution,76.6,2.6,76.6,20.8
z_36.0_-22.5,2023,Diminution,80.6,1.8,80.6,17.6
z_36.0_-22.5,2024,Diminution,78.9,3.1,78.9,17.9
z_36.0_-22.5,2025,Diminution,78.9,3.1,78.9,17.9
z_36.0_-22.5,2026,Diminution,63.5,8.7,63.5,27.9
z_36.0_-22.5,2027,Diminution,73.5,4.6,73.5,21.9
z_36.0_-22.5,2028,Diminution,82.7,2.1,82.7,15.3
z_36.0_-22.5,2029,Diminution,76.2,7.3,76.2,16.4
z_36.0_-22.5,2030,Diminution,80.6,1.8,80.6,17.6
z_36.0_-3.0,2023,Augmentation,72.3,72.3,9.3,18.4
z_36.0_-3.0,2024,Augmentation,67.8,67.8,13.9,18.2
z_36.0_-3.0,2025,Augmentation,63.5,63.5,12.6,23.9
z_36.0_-3.0,2026,Augmentation,68.2,68.2,13.0,18.7
z_36.0_-3.0,2027,Augmentation,66.1,66.1,10.2,23.6
z_36.0_-3.0,2028,Augmentation,67.5,67.5,12.8,19.8
z_36.0_-3.0,2029,Augmentation,63.4,63.4,15.4,21.2
z_36.0_-3.0,2030,Augmentation,61.6,61.6,15.1,23.2
z_36.0_-36.0,2023,Diminution,79.6,2.2,79.6,18.2
z_36.0_-36.0,2024,Diminution,79.6,2.2,79.6,18.2
z_36.0_-36.0,2025,Diminution,63.7,7.4,63.7,28.9
z_36.0_-36.0,2026,Diminution,74.5,3.9,74.5,21.6
z_36.0_-36.0,2027,Diminution,82.2,1.4,82.2,16.3
z_36.0_-36.0,2028,Diminution,76.0,5.5,76.0,18.6
z_36.0_-36.0,2029,Diminution,76.9,2.1,76.9,21.0
z_36.0_-36.0,2030,Diminution,79.6,2.2,79.6,18.2
z_36.0_-4.5,2023,Stable,45.1,37.9,17.1,45.1
z_36.0_-4.5,2024,Augmentation,59.0,59.0,13.4,27.7
z_36.0_-4.5,2025,Stable,43.1,36.6,20.3,43.1
z_36.0_-4.5,2026,Stable,42.3,41.5,16.1,42.3
z_36.0_-4.5,2027,Stable,48.7,34.4,16.9,48.7
z_36.0_-4.5,2028,Stable,52.1,32.1,15.8,52.1
z_36.0_-4.5,2029,Stable,43.1,40.0,16.9,43.1
z_36.0_-4.5,2030,Stable,42.1,40.9,17.0,42.1
z_36.0_-6.0,2023,Stable,35.7,45.5,18.9,35.7
z_36.0_-6.0,2024,Stable,37.8,42.2,20.0,37.8
z_36.0_-6.0,2025,Stable,32.9,42.0,25.0,32.9
z_36.0_-6.0,2026,Stable,43.5,34.1,22.3,43.5
z_36.0_-6.0,2027,Stable,42.7,37.1,20.2,42.7
z_36.0_-6.0,2028,Stable,36.8,41.4,21.9,36.8
z_36.0_-6.0,2029,Augmentation,43.7,43.7,24.3,32.0
z_36.0_-6.0,2030,Stable,33.4,43.8,22.8,33.4
z_36.0_-7.5,2023,Augmentation,69.4,69.4,11.6,19.0
z_36.0_-7.5,2024,Augmentation,76.3,76.3,12.0,11.7
z_36.0_-7.5,2025,Augmentation,68.6,68.6,13.1,18.3
z_36.0_-7.5,2026,Augmentation,66.6,66.6,14.2,19.2
z_36.0_-7.5,2027,Augmentation,69.8,69.8,12.7,17.5
z_36.0_-7.5,2028,Augmentation,69.9,69.9,12.9,17.1
z_36.0_-7.5,2029,Augmentation,70.3,70.3,12.7,17.1
z_36.0_-7.5,2030,Augmentation,65.1,65.1,13.8,21.2
z_36.0_-9.0,2023,Stable,48.0,36.5,15.5,48.0
z_36.0_-9.0,2024,Augmentation,58.5,58.5,17.1,24.4
z_36.0_-9.0,2025,Augmentation,58.7,58.7,17.2,24.1
z_36.0_-9.0,2026,Augmentation,56.6,56.6,21.2,22.2
z_36.0_-9.0,2027,Stable,39.6,49.3,11.1,39.6
z_36.0_-9.0,2028,Augmentation,58.0,58.0,16.9,25.1
z_36.0_-9.0,2029,Augmentation,62.1,62.1,16.8,21.1
z_36.0_-9.0,2030,Augmentation,72.1,72.1,13.4,14.5
z_36.0_0.0,2023,Stable,38.5,26.5,35.0,38.5
z_36.0_0.0,2024,Diminution,42.8,26.2,42.8,31.0
z_36.0_0.0,2025,Stable,39.7,22.5,37.8,39.7
z_36.0_0.0,2026,Stable,33.0,28.1,38.9,33.0
z_36.0_0.0,2027,Diminution,41.8,31.7,41.8,26.4
z_36.0_0.0,2028,Stable,39.0,28.1,32.9,39.0
z_36.0_0.0,2029,Stable,31.2,32.8,35.9,31.2
z_36.0_0.0,2030,Stable,31.6,31.1,37.3,31.6
z_36.0_10.5,2023,Augmentation,47.1,47.1,17.9,35.0
z_36.0_10.5,2024,Stable,39.7,36.9,23.4,39.7
z_36.0_10.5,2025,Stable,44.0,35.6,20.4,44.0
z_36.0_10.5,2026,Stable,38.5,41.4,20.1,38.5
z_36.0_10.5,2027,Stable,36.2,46.2,17.6,36.2
z_36.0_10.5,2028,Stable,38.6,44.0,17.4,38.6
z_36.0_10.5,2029,Stable,42.9,38.1,19.0,42.9
z_36.0_10.5,2030,Stable,43.4,37.8,18.8,43.4
z_36.0_12.0,2023,Stable,44.3,35.1,20.6,44.3
z_36.0_12.0,2024,Stable,43.2,37.8,19.0,43.2
z_36.0_12.0,2025,Augmentation,66.3,66.3,13.6,20.1
z_36.0_12.0,2026,Augmentation,55.8,55.8,14.9,29.3
z_36.0_12.0,2027,Augmentation,52.9,52.9,13.7,33.4
z_36.0_12.0,2028,Augmentation,50.5,50.5,12.8,36.7
z_36.0_12.0,2029,Augmentation,57.7,57.7,13.7,28.5
z_36.0_12.0,2030,Augmentation,64.6,64.6,14.5,20.9
z_36.0_13.5,2023,Stable,37.3,46.7,16.0,37.3
z_36.0_13.5,2024,Augmentation,54.2,54.2,19.3,26.5
z_36.0_13.5,2025,Augmentation,55.3,55.3,14.3,30.4
z_36.0_13.5,2026,Stable,38.6,40.4,21.0,38.6
z_36.0_13.5,2027,Augmentation,52.2,52.2,18.2,29.6
z_36.0_13.5,2028,Stable,41.1,42.9,16.0,41.1
z_36.0_13.5,2029,Augmentation,45.4,45.4,24.4,30.2
z_36.0_13.5,2030,Augmentation,50.9,50.9,19.1,30.1
z_36.0_15.0,2023,Augmentation,44.2,44.2,22.9,32.9
z_36.0_15.0,2024,Augmentation,47.0,47.0,25.2,27.8
z_36.0_15.0,2025,Augmentation,62.6,62.6,16.0,21.3
z_36.0_15.0,2026,Augmentation,53.7,53.7,23.7,22.6
z_36.0_15.0,2027,Augmentation,66.0,66.0,19.2,14.8
z_36.0_15.0,2028,Augmentation,56.0,56.0,20.4,23.6
z_36.0_15.0,2029,Augmentation,54.3,54.3,24.6,21.1
z_36.0_15.0,2030,Augmentation,53.9,53.9,24.3,21.8
z_36.0_16.5,2023,Stable,39.7,22.3,38.0,39.7
z_36.0_16.5,2024,Stable,46.7,26.6,26.8,46.7
z_36.0_16.5,2025,Stable,44.3,18.1,37.6,44.3
z_36.0_16.5,2026,Stable,39.8,22.4,37.7,39.8
z_36.0_16.5,2027,Stable,42.3,19.5,38.2,42.3
z_36.0_16.5,2028,Stable,39.3,20.6,40.1,39.3
z_36.0_16.5,2029,Stable,43.3,20.6,36.1,43.3
z_36.0_16.5,2030,Stable,43.3,20.6,36.1,43.3
z_36.0_18.0,2023,Stable,45.8,28.1,26.1,45.8
z_36.0_18.0,2024,Stable,40.0,32.3,27.7,40.0
z_36.0_18.0,2025,Stable,40.3,32.6,27.1,40.3
z_36.0_18.0,2026,Stable,56.0,24.1,19.9,56.0
z_36.0_18.0,2027,Stable,43.9,33.0,23.1,43.9
z_36.0_18.0,2028,Stable,36.3,34.1,29.6,36.3
z_36.0_18.0,2029,Stable,41.0,36.6,22.4,41.0
z_36.0_18.0,2030,Stable,41.0,36.6,22.4,41.0
z_36.0_19.5,2023,Diminution,52.3,17.2,52.3,30.5
z_36.0_19.5,2024,Diminution,46.4,19.5,46.4,34.1
z_36.0_19.5,2025,Diminution,51.2,13.7,51.2,35.1
z_36.0_19.5,2026,Stable,37.8,17.8,44.4,37.8
z_36.0_19.5,2027,Diminution,49.8,21.7,49.8,28.5
z_36.0_19.5,2028,Diminution,58.4,13.3,58.4,28.3
z_36.0_19.5,2029,Stable,37.6,13.7,48.6,37.6
z_36.0_19.5,2030,Diminution,51.1,19.7,51.1,29.2
z_36.0_21.0,2023,Stable,40.4,35.2,24.4,40.4
z_36.0_21.0,2024,Stable,36.8,37.5,25.8,36.8
z_36.0_21.0,2025,Augmentation,44.3,44.3,24.1,31.7
z_36.0_21.0,2026,Stable,34.2,36.0,29.8,34.2
z_36.0_21.0,2027,Stable,35.8,38.1,26.2,35.8
z_36.0_21.0,2028,Stable,38.4,35.0,26.6,38.4
z_36.0_21.0,2029,Stable,34.6,39.2,26.2,34.6
z_36.0_21.0,2030,Stable,31.7,41.9,26.3,31.7
z_36.0_22.5,2023,Augmentation,50.6,50.6,33.6,15.8
z_36.0_22.5,2024,Augmentation,57.6,57.6,29.7,12.7
z_36.0_22.5,2025,Augmentation,58.6,58.6,21.0,20.3
z_36.0_22.5,2026,Augmentation,56.6,56.6,27.1,16.3
z_36.0_22.5,2027,Augmentation,61.0,61.0,24.2,14.8
z_36.0_22.5,2028,Augmentation,59.8,59.8,24.3,15.9
z_36.0_22.5,2029,Augmentation,61.2,61.2,24.9,13.8
z_36.0_22.5,2030,Augmentation,61.0,61.0,23.3,15.7
z_36.0_24.0,2023,Augmentation,59.6,59.6,28.3,12.1
z_36.0_24.0,2024,Augmentation,69.9,69.9,21.2,8.9
z_36.0_24.0,2025,Augmentation,72.6,72.6,17.2,10.2
z_36.0_24.0,2026,Augmentation,74.5,74.5,18.0,7.5
z_36.0_24.0,2027,Augmentation,69.9,69.9,22.0,8.1
z_36.0_24.0,2028,Augmentation,69.3,69.3,20.7,10.1
z_36.0_24.0,2029,Augmentation,70.1,70.1,20.5,9.3
z_36.0_24.0,2030,Augmentation,71.4,71.4,19.3,9.3
z_36.0_25.5,2023,Augmentation,61.1,61.1,24.3,14.6
z_36.0_25.5,2024,Augmentation,52.5,52.5,31.7,15.9
z_36.0_25.5,2025,Augmentation,53.6,53.6,27.7,18.7
z_36.0_25.5,2026,Augmentation,55.7,55.7,27.3,17.0
z_36.0_25.5,2027,Augmentation,53.5,53.5,26.6,19.9
z_36.0_25.5,2028,Augmentation,53.3,53.3,30.2,16.6
z_36.0_25.5,2029,Augmentation,52.8,52.8,27.7,19.5
z_36.0_25.5,2030,Augmentation,52.2,52.2,29.3,18.5
z_36.0_27.0,2023,Stable,34.5,40.5,25.0,34.5
z_36.0_27.0,2024,Augmentation,46.2,46.2,28.5,25.3
z_36.0_27.0,2025,Augmentation,47.4,47.4,25.3,27.4
z_36.0_27.0,2026,Stable,34.3,40.8,24.9,34.3
z_36.0_27.0,2027,Augmentation,48.1,48.1,25.5,26.5
z_36.0_27.0,2028,Augmentation,44.5,44.5,23.4,32.1
z_36.0_27.0,2029,Augmentation,48.8,48.8,27.2,24.1
z_36.0_27.0,2030,Augmentation,46.0,46.0,24.7,29.2
z_36.0_30.0,2023,Stable,52.7,19.9,27.4,52.7
z_36.0_30.0,2024,Stable,48.0,22.9,29.1,48.0
z_36.0_30.0,2025,Stable,48.9,18.1,33.0,48.9
z_36.0_30.0,2026,Stable,52.9,20.6,26.5,52.9
z_36.0_30.0,2027,Stable,62.1,17.1,20.7,62.1
z_36.0_30.0,2028,Stable,55.5,20.9,23.6,55.5
z_36.0_30.0,2029,Stable,51.6,21.4,27.0,51.6
z_36.0_30.0,2030,Stable,53.1,21.1,25.7,53.1
z_36.0_34.5,2023,Augmentation,57.9,57.9,16.7,25.5
z_36.0_34.5,2024,Augmentation,39.4,39.4,33.0,27.6
z_36.0_34.5,2025,Stable,37.9,42.9,19.2,37.9
z_36.0_34.5,2026,Stable,33.4,42.6,23.9,33.4
z_36.0_34.5,2027,Stable,36.0,45.7,18.3,36.0
z_36.0_34.5,2028,Stable,38.2,40.5,21.3,38.2
z_36.0_34.5,2029,Stable,42.5,38.4,19.1,42.5
z_36.0_34.5,2030,Stable,36.4,44.2,19.4,36.4
z_36.0_36.0,2023,Stable,43.4,4.9,51.7,43.4
z_36.0_36.0,2024,Stable,43.7,3.8,52.6,43.7
z_36.0_36.0,2025,Stable,43.7,3.8,52.6,43.7
z_36.0_36.0,2026,Stable,53.7,6.1,40.2,53.7
z_36.0_36.0,2027,Stable,49.5,3.9,46.6,49.5
z_36.0_36.0,2028,Diminution,57.5,4.3,57.5,38.2
z_36.0_36.0,2029,Stable,42.4,5.9,51.7,42.4
z_36.0_36.0,2030,Stable,43.4,4.9,51.7,43.4
z_36.0_4.5,2023,Stable,48.1,14.6,37.3,48.1
z_36.0_4.5,2024,Stable,47.6,23.0,29.3,47.6
z_36.0_4.5,2025,Stable,46.3,15.5,38.2,46.3
z_36.0_4.5,2026,Stable,39.3,25.7,35.0,39.3
z_36.0_4.5,2027,Stable,38.7,25.0,36.2,38.7
z_36.0_4.5,2028,Stable,35.9,26.8,37.3,35.9
z_36.0_4.5,2029,Stable,33.2,31.2,35.6,33.2
z_36.0_4.5,2030,Stable,31.4,29.4,39.2,31.4
z_36.0_9.0,2023,Stable,56.3,17.3,26.4,56.3
z_36.0_9.0,2024,Stable,46.4,24.0,29.6,46.4
z_36.0_9.0,2025,Stable,60.5,15.9,23.6,60.5
z_36.0_9.0,2026,Stable,51.3,18.6,30.1,51.3
z_36.0_9.0,2027,Stable,51.7,18.4,29.8,51.7
z_36.0_9.0,2028,Stable,46.1,24.7,29.2,46.1
z_36.0_9.0,2029,Stable,54.1,17.5,28.4,54.1
z_36.0_9.0,2030,Stable,50.7,18.5,30.7,50.7
z_37.5_-1.5,2023,Augmentation,47.1,47.1,22.7,30.2
z_37.5_-1.5,2024,Augmentation,61.6,61.6,18.1,20.2
z_37.5_-1.5,2025,Augmentation,59.2,59.2,16.7,24.0
z_37.5_-1.5,2026,Augmentation,50.3,50.3,18.8,31.0
z_37.5_-1.5,2027,Augmentation,70.0,70.0,16.2,13.9
z_37.5_-1.5,2028,Augmentation,61.8,61.8,15.4,22.8
z_37.5_-1.5,2029,Augmentation,59.5,59.5,15.9,24.6
z_37.5_-1.5,2030,Augmentation,67.4,67.4,14.1,18.5
z_37.5_-10.5,2023,Augmentation,66.8,66.8,13.7,19.5
z_37.5_-10.5,2024,Augmentation,79.1,79.1,9.6,11.3
z_37.5_-10.5,2025,Augmentation,72.2,72.2,10.3,17.5
z_37.5_-10.5,2026,Augmentation,69.5,69.5,11.6,18.9
z_37.5_-10.5,2027,Augmentation,64.7,64.7,14.5,20.7
z_37.5_-10.5,2028,Augmentation,64.1,64.1,15.4,20.4
z_37.5_-10.5,2029,Augmentation,64.3,64.3,17.8,17.9
z_37.5_-10.5,2030,Augmentation,63.2,63.2,17.7,19.1
z_37.5_-13.5,2023,Diminution,56.3,8.5,56.3,35.2
z_37.5_-13.5,2024,Diminution,56.3,8.5,56.3,35.2
z_37.5_-13.5,2025,Stable,39.9,12.0,48.1,39.9
z_37.5_-13.5,2026,Stable,38.3,12.9,48.8,38.3
z_37.5_-13.5,2027,Diminution,65.1,6.0,65.1,28.8
z_37.5_-13.5,2028,Diminution,52.5,8.4,52.5,39.1
z_37.5_-13.5,2029,Diminution,56.7,8.5,56.7,34.9
z_37.5_-13.5,2030,Diminution,56.3,8.5,56.3,35.2
z_37.5_-22.5,2023,Diminution,82.1,1.9,82.1,16.1
z_37.5_-22.5,2024,Diminution,65.9,6.5,65.9,27.6
z_37.5_-22.5,2025,Diminution,76.5,3.4,76.5,20.1
z_37.5_-22.5,2026,Diminution,66.3,9.1,66.3,24.6
z_37.5_-22.5,2027,Diminution,72.3,5.7,72.3,22.0
z_37.5_-22.5,2028,Diminution,78.4,2.0,78.4,19.6
z_37.5_-22.5,2029,Diminution,78.4,5.2,78.4,16.4
z_37.5_-22.5,2030,Diminution,79.8,1.5,79.8,18.8
z_37.5_-24.0,2023,Diminution,79.4,1.8,79.4,18.8
z_37.5_-24.0,2024,Diminution,79.4,1.8,79.4,18.8
z_37.5_-24.0,2025,Diminution,66.2,5.9,66.2,28.0
z_37.5_-24.0,2026,Diminution,76.0,3.3,76.0,20.7
z_37.5_-24.0,2027,Diminution,80.3,1.2,80.3,18.5
z_37.5_-24.0,2028,Diminution,76.3,5.1,76.3,18.6
z_37.5_-24.0,2029,Diminution,77.8,1.7,77.8,20.5
z_37.5_-24.0,2030,Diminution,79.4,1.8,79.4,18.8
z_37.5_-25.5,2023,Diminution,52.4,13.2,52.4,34.4
z_37.5_-25.5,2024,Diminution,69.0,6.2,69.0,24.8
z_37.5_-25.5,2025,Diminution,57.3,8.7,57.3,33.9
z_37.5_-25.5,2026,Diminution,51.6,14.9,51.6,33.5
z_37.5_-25.5,2027,Diminution,52.4,13.2,52.4,34.4
z_37.5_-25.5,2028,Diminution,69.0,6.2,69.0,24.8
z_37.5_-25.5,2029,Diminution,57.3,8.7,57.3,33.9
z_37.5_-25.5,2030,Diminution,61.8,8.3,61.8,29.9
z_37.5_-27.0,2023,Stable,50.6,23.8,25.6,50.6
z_37.5_-27.0,2024,Stable,49.4,26.9,23.7,49.4
z_37.5_-27.0,2025,Stable,53.9,20.3,25.8,53.9
z_37.5_-27.0,2026,Stable,39.4,35.5,25.1,39.4
z_37.5_-27.0,2027,Stable,58.3,23.2,18.5,58.3
z_37.5_-27.0,2028,Stable,38.3,31.1,30.7,38.3
z_37.5_-27.0,2029,Stable,56.6,22.0,21.4,56.6
z_37.5_-27.0,2030,Stable,50.1,26.2,23.8,50.1
z_37.5_-28.5,2023,Stable,29.6,36.4,34.0,29.6
z_37.5_-28.5,2024,Diminution,46.0,22.4,46.0,31.5
z_37.5_-28.5,2025,Diminution,45.4,23.7,45.4,30.9
z_37.5_-28.5,2026,Stable,41.9,20.8,37.3,41.9
z_37.5_-28.5,2027,Stable,34.8,20.6,44.6,34.8
z_37.5_-28.5,2028,Stable,43.5,21.1,35.4,43.5
z_37.5_-28.5,2029,Stable,36.6,22.1,41.3,36.6
z_37.5_-28.5,2030,Stable,37.9,22.0,40.1,37.9
z_37.5_-30.0,2023,Stable,50.7,10.9,38.4,50.7
z_37.5_-30.0,2024,Stable,52.5,11.9,35.7,52.5
z_37.5_-30.0,2025,Stable,52.5,11.9,35.7,52.5
z_37.5_-30.0,2026,Stable,60.5,10.3,29.2,60.5
z_37.5_-30.0,2027,Stable,44.5,18.2,37.3,44.5
z_37.5_-30.0,2028,Stable,46.5,10.6,42.9,46.5
z_37.5_-30.0,2029,Stable,56.2,10.2,33.6,56.2
z_37.5_-30.0,2030,Stable,50.7,10.9,38.4,50.7
z_37.5_-9.0,2023,Augmentation,55.9,55.9,29.4,14.7
z_37.5_-9.0,2024,Augmentation,60.8,60.8,25.6,13.6
z_37.5_-9.0,2025,Augmentation,58.1,58.1,26.9,15.1
z_37.5_-9.0,2026,Augmentation,57.9,57.9,25.3,16.8
z_37.5_-9.0,2027,Augmentation,58.6,58.6,25.2,16.2
z_37.5_-9.0,2028,Augmentation,56.9,56.9,28.7,14.4
z_37.5_-9.0,2029,Augmentation,58.9,58.9,27.1,14.0
z_37.5_-9.0,2030,Augmentation,61.3,61.3,24.4,14.3
z_37.5_0.0,2023,Stable,49.0,32.0,19.0,49.0
z_37.5_0.0,2024,Stable,40.1,39.6,20.3,40.1
z_37.5_0.0,2025,Stable,52.1,29.4,18.5,52.1
z_37.5_0.0,2026,Stable,53.5,28.8,17.7,53.5
z_37.5_0.0,2027,Stable,47.3,34.4,18.3,47.3
z_37.5_0.0,2028,Stable,51.5,30.3,18.2,51.5
z_37.5_0.0,2029,Stable,46.0,34.8,19.2,46.0
z_37.5_0.0,2030,Stable,42.7,36.5,20.8,42.7
z_37.5_1.5,2023,Diminution,59.3,5.6,59.3,35.1
z_37.5_1.5,2024,Stable,44.9,5.8,49.3,44.9
z_37.5_1.5,2025,Diminution,58.8,5.3,58.8,35.9
z_37.5_1.5,2026,Diminution,54.4,5.4,54.4,40.2
z_37.5_1.5,2027,Diminution,58.4,8.3,58.4,33.4
z_37.5_1.5,2028,Diminution,67.9,5.5,67.9,26.6
z_37.5_1.5,2029,Diminution,54.0,5.6,54.0,40.4
z_37.5_1.5,2030,Diminution,58.8,5.3,58.8,35.9
z_37.5_10.5,2023,Stable,63.5,17.8,18.6,63.5
z_37.5_10.5,2024,Stable,37.9,31.2,30.9,37.9
z_37.5_10.5,2025,Stable,41.7,24.6,33.7,41.7
z_37.5_10.5,2026,Stable,51.7,22.5,25.8,51.7
z_37.5_10.5,2027,Stable,38.1,31.2,30.7,38.1
z_37.5_10.5,2028,Stable,49.1,23.7,27.2,49.1
z_37.5_10.5,2029,Stable,47.2,24.5,28.2,47.2
z_37.5_10.5,2030,Stable,49.4,24.1,26.5,49.4
z_37.5_12.0,2023,Stable,48.5,30.3,21.2,48.5
z_37.5_12.0,2024,Augmentation,53.2,53.2,16.6,30.3
z_37.5_12.0,2025,Stable,37.6,38.0,24.5,37.6
z_37.5_12.0,2026,Augmentation,55.5,55.5,19.9,24.6
z_37.5_12.0,2027,Stable,35.9,39.7,24.4,35.9
z_37.5_12.0,2028,Stable,35.0,41.4,23.6,35.0
z_37.5_12.0,2029,Stable,40.6,41.8,17.6,40.6
z_37.5_12.0,2030,Stable,39.8,40.2,20.0,39.8
z_37.5_13.5,2023,Stable,43.3,36.3,20.4,43.3
z_37.5_13.5,2024,Stable,36.5,44.2,19.3,36.5
z_37.5_13.5,2025,Stable,40.7,45.0,14.3,40.7
z_37.5_13.5,2026,Augmentation,46.9,46.9,20.1,33.1
z_37.5_13.5,2027,Augmentation,54.5,54.5,21.0,24.5
z_37.5_13.5,2028,Augmentation,48.3,48.3,17.8,33.9
z_37.5_13.5,2029,Stable,36.2,46.6,17.2,36.2
z_37.5_13.5,2030,Augmentation,49.8,49.8,18.1,32.2
z_37.5_15.0,2023,Augmentation,41.7,41.7,32.0,26.4
z_37.5_15.0,2024,Augmentation,52.8,52.8,28.9,18.3
z_37.5_15.0,2025,Augmentation,57.1,57.1,23.9,18.9
z_37.5_15.0,2026,Augmentation,64.4,64.4,24.0,11.6
z_37.5_15.0,2027,Augmentation,62.6,62.6,24.3,13.1
z_37.5_15.0,2028,Augmentation,57.0,57.0,27.1,16.0
z_37.5_15.0,2029,Augmentation,61.0,61.0,24.6,14.4
z_37.5_15.0,2030,Augmentation,61.4,61.4,24.0,14.6
z_37.5_16.5,2023,Stable,32.6,39.8,27.7,32.6
z_37.5_16.5,2024,Stable,43.8,32.1,24.1,43.8
z_37.5_16.5,2025,Stable,32.8,39.9,27.3,32.8
z_37.5_16.5,2026,Stable,37.0,41.1,22.0,37.0
z_37.5_16.5,2027,Stable,32.4,37.2,30.4,32.4
z_37.5_16.5,2028,Stable,44.7,32.9,22.3,44.7
z_37.5_16.5,2029,Stable,40.3,35.2,24.5,40.3
z_37.5_16.5,2030,Stable,37.7,41.4,20.9,37.7
z_37.5_19.5,2023,Augmentation,52.0,52.0,28.3,19.6
z_37.5_19.5,2024,Augmentation,54.1,54.1,27.6,18.3
z_37.5_19.5,2025,Augmentation,49.0,49.0,22.1,28.9
z_37.5_19.5,2026,Augmentation,53.4,53.4,27.5,19.1
z_37.5_19.5,2027,Augmentation,50.9,50.9,27.2,21.9
z_37.5_19.5,2028,Augmentation,48.6,48.6,29.6,21.8
z_37.5_19.5,2029,Augmentation,49.7,49.7,27.9,22.4
z_37.5_19.5,2030,Augmentation,48.9,48.9,27.9,23.1
z_37.5_21.0,2023,Augmentation,43.1,43.1,27.5,29.4
z_37.5_21.0,2024,Augmentation,48.8,48.8,20.8,30.4
z_37.5_21.0,2025,Augmentation,45.2,45.2,23.5,31.3
z_37.5_21.0,2026,Stable,34.5,42.3,23.1,34.5
z_37.5_21.0,2027,Augmentation,45.6,45.6,21.6,32.7
z_37.5_21.0,2028,Augmentation,45.1,45.1,22.3,32.6
z_37.5_21.0,2029,Augmentation,47.8,47.8,24.6,27.6
z_37.5_21.0,2030,Augmentation,46.1,46.1,23.6,30.3
z_37.5_22.5,2023,Stable,38.8,41.9,19.3,38.8
z_37.5_22.5,2024,Stable,35.9,44.8,19.3,35.9
z_37.5_22.5,2025,Augmentation,52.7,52.7,16.4,31.0
z_37.5_22.5,2026,Augmentation,47.5,47.5,18.7,33.8
z_37.5_22.5,2027,Stable,39.0,41.4,19.6,39.0
z_37.5_22.5,2028,Stable,47.1,32.3,20.7,47.1
z_37.5_22.5,2029,Stable,38.4,43.4,18.2,38.4
z_37.5_22.5,2030,Stable,37.0,45.9,17.2,37.0
z_37.5_24.0,2023,Augmentation,47.5,47.5,31.7,20.8
z_37.5_24.0,2024,Augmentation,59.1,59.1,23.9,17.0
z_37.5_24.0,2025,Augmentation,56.8,56.8,23.9,19.3
z_37.5_24.0,2026,Augmentation,55.1,55.1,28.2,16.7
z_37.5_24.0,2027,Augmentation,61.7,61.7,23.6,14.7
z_37.5_24.0,2028,Augmentation,62.8,62.8,21.1,16.1
z_37.5_24.0,2029,Augmentation,66.3,66.3,19.1,14.7
z_37.5_24.0,2030,Augmentation,66.0,66.0,21.1,12.9
z_37.5_25.5,2023,Augmentation,48.4,48.4,27.1,24.5
z_37.5_25.5,2024,Augmentation,50.3,50.3,24.7,25.0
z_37.5_25.5,2025,Stable,35.7,35.9,28.4,35.7
z_37.5_25.5,2026,Augmentation,46.0,46.0,24.4,29.6
z_37.5_25.5,2027,Augmentation,52.8,52.8,22.1,25.2
z_37.5_25.5,2028,Augmentation,49.8,49.8,24.6,25.6
z_37.5_25.5,2029,Augmentation,58.6,58.6,22.1,19.3
z_37.5_25.5,2030,Augmentation,50.6,50.6,23.4,26.0
z_37.5_27.0,2023,Stable,51.9,25.7,22.4,51.9
z_37.5_27.0,2024,Stable,59.2,22.9,17.9,59.2
z_37.5_27.0,2025,Stable,47.9,29.6,22.5,47.9
z_37.5_27.0,2026,Stable,50.9,28.7,20.4,50.9
z_37.5_27.0,2027,Stable,46.8,26.8,26.4,46.8
z_37.5_27.0,2028,Stable,58.2,23.2,18.5,58.2
z_37.5_27.0,2029,Stable,50.6,29.0,20.3,50.6
z_37.5_27.0,2030,Stable,54.7,25.7,19.5,54.7
z_37.5_4.5,2023,Stable,37.1,17.3,45.6,37.1
z_37.5_4.5,2024,Stable,44.6,18.4,37.0,44.6
z_37.5_4.5,2025,Stable,45.4,17.5,37.1,45.4
z_37.5_4.5,2026,Stable,42.2,11.3,46.5,42.2
z_37.5_4.5,2027,Stable,50.7,13.2,36.1,50.7
z_37.5_4.5,2028,Stable,43.7,16.6,39.7,43.7
z_37.5_4.5,2029,Stable,44.7,15.6,39.6,44.7
z_37.5_4.5,2030,Stable,44.7,15.6,39.6,44.7
z_37.5_6.0,2023,Stable,38.1,12.4,49.5,38.1
z_37.5_6.0,2024,Stable,41.0,9.2,49.8,41.0
z_37.5_6.0,2025,Diminution,55.0,12.0,55.0,33.0
z_37.5_6.0,2026,Stable,43.8,9.6,46.7,43.8
z_37.5_6.0,2027,Diminution,58.8,5.7,58.8,35.5
z_37.5_6.0,2028,Diminution,53.7,8.4,53.7,37.8
z_37.5_6.0,2029,Diminution,53.6,7.3,53.6,39.1
z_37.5_6.0,2030,Diminution,54.9,7.4,54.9,37.6
z_37.5_7.5,2023,Stable,58.0,27.5,14.5,58.0
z_37.5_7.5,2024,Stable,36.9,39.5,23.6,36.9
z_37.5_7.5,2025,Stable,52.3,27.4,20.2,52.3
z_37.5_7.5,2026,Stable,52.3,29.7,18.1,52.3
z_37.5_7.5,2027,Stable,61.3,23.3,15.4,61.3
z_37.5_7.5,2028,Stable,53.2,26.9,19.9,53.2
z_37.5_7.5,2029,Stable,58.3,25.7,15.9,58.3
z_37.5_7.5,2030,Stable,58.3,25.7,16.0,58.3
z_37.5_9.0,2023,Augmentation,41.1,41.1,28.5,30.5
z_37.5_9.0,2024,Augmentation,46.5,46.5,19.3,34.2
z_37.5_9.0,2025,Stable,37.7,43.6,18.8,37.7
z_37.5_9.0,2026,Stable,39.5,36.4,24.2,39.5
z_37.5_9.0,2027,Stable,41.8,40.1,18.2,41.8
z_37.5_9.0,2028,Stable,38.4,42.3,19.3,38.4
z_37.5_9.0,2029,Augmentation,53.2,53.2,13.8,33.0
z_37.5_9.0,2030,Stable,43.2,41.6,15.3,43.2
z_39.0_-1.5,2023,Augmentation,67.7,67.7,15.0,17.3
z_39.0_-1.5,2024,Augmentation,69.7,69.7,12.3,18.0
z_39.0_-1.5,2025,Augmentation,52.3,52.3,16.2,31.5
z_39.0_-1.5,2026,Augmentation,62.3,62.3,10.9,26.7
z_39.0_-1.5,2027,Augmentation,61.1,61.1,12.4,26.5
z_39.0_-1.5,2028,Augmentation,56.3,56.3,18.4,25.3
z_39.0_-1.5,2029,Augmentation,64.8,64.8,13.2,22.0
z_39.0_-1.5,2030,Augmentation,57.7,57.7,17.3,25.0
z_39.0_-10.5,2023,Stable,35.9,44.9,19.2,35.9
z_39.0_-10.5,2024,Augmentation,67.4,67.4,11.8,20.8
z_39.0_-10.5,2025,Stable,36.9,35.5,27.6,36.9
z_39.0_-10.5,2026,Augmentation,57.4,57.4,20.1,22.6
z_39.0_-10.5,2027,Augmentation,45.6,45.6,21.4,32.9
z_39.0_-10.5,2028,Augmentation,56.3,56.3,18.5,25.2
z_39.0_-10.5,2029,Augmentation,74.1,74.1,14.8,11.1
z_39.0_-10.5,2030,Augmentation,62.5,62.5,17.8,19.7
z_39.0_-31.5,2023,Diminution,71.3,7.7,71.3,21.1
z_39.0_-31.5,2024,Diminution,70.3,4.8,70.3,24.9
z_39.0_-31.5,2025,Diminution,82.8,3.1,82.8,14.1
z_39.0_-31.5,2026,Diminution,70.0,10.1,70.0,20.0
z_39.0_-31.5,2027,Diminution,68.9,6.1,68.9,24.9
z_39.0_-31.5,2028,Diminution,79.8,2.7,79.8,17.4
z_39.0_-31.5,2029,Diminution,73.4,6.7,73.4,19.9
z_39.0_-31.5,2030,Diminution,75.5,5.4,75.5,19.1
z_39.0_-9.0,2023,Stable,38.5,45.4,16.1,38.5
z_39.0_-9.0,2024,Augmentation,45.7,45.7,21.8,32.5
z_39.0_-9.0,2025,Stable,37.8,42.9,19.3,37.8
z_39.0_-9.0,2026,Augmentation,48.3,48.3,19.4,32.3
z_39.0_-9.0,2027,Augmentation,47.2,47.2,18.6,34.3
z_39.0_-9.0,2028,Augmentation,58.1,58.1,15.9,26.0
z_39.0_-9.0,2029,Augmentation,56.1,56.1,14.1,29.8
z_39.0_-9.0,2030,Augmentation,55.4,55.4,14.0,30.6
z_39.0_0.0,2023,Stable,40.3,37.4,22.3,40.3
z_39.0_0.0,2024,Augmentation,45.7,45.7,20.3,34.0
z_39.0_0.0,2025,Augmentation,47.8,47.8,17.4,34.8
z_39.0_0.0,2026,Stable,42.6,36.9,20.5,42.6
z_39.0_0.0,2027,Stable,40.8,41.4,17.8,40.8
z_39.0_0.0,2028,Stable,36.4,42.1,21.5,36.4
z_39.0_0.0,2029,Stable,37.0,46.1,16.8,37.0
z_39.0_0.0,2030,Stable,41.2,40.4,18.5,41.2
z_39.0_1.5,2023,Augmentation,54.3,54.3,18.5,27.3
z_39.0_1.5,2024,Augmentation,57.2,57.2,17.9,24.9
z_39.0_1.5,2025,Stable,35.3,35.7,29.0,35.3
z_39.0_1.5,2026,Augmentation,59.6,59.6,18.7,21.7
z_39.0_1.5,2027,Augmentation,69.9,69.9,15.7,14.4
z_39.0_1.5,2028,Augmentation,60.8,60.8,21.0,18.2
z_39.0_1.5,2029,Augmentation,69.6,69.6,18.7,11.8
z_39.0_1.5,2030,Augmentation,60.1,60.1,21.1,18.8
z_39.0_10.5,2023,Stable,39.9,11.2,48.9,39.9
z_39.0_10.5,2024,Diminution,49.9,13.2,49.9,36.9
z_39.0_10.5,2025,Diminution,53.3,11.8,53.3,34.9
z_39.0_10.5,2026,Stable,44.3,8.9,46.8,44.3
z_39.0_10.5,2027,Stable,48.7,11.9,39.4,48.7
z_39.0_10.5,2028,Stable,45.8,12.1,42.2,45.8
z_39.0_10.5,2029,Stable,44.6,12.5,42.9,44.6
z_39.0_10.5,2030,Stable,44.6,12.5,42.9,44.6
z_39.0_12.0,2023,Diminution,71.2,9.9,71.2,18.9
z_39.0_12.0,2024,Diminution,70.0,6.6,70.0,23.3
z_39.0_12.0,2025,Diminution,70.6,8.4,70.6,21.0
z_39.0_12.0,2026,Diminution,73.0,4.6,73.0,22.4
z_39.0_12.0,2027,Diminution,69.5,8.1,69.5,22.3
z_39.0_12.0,2028,Diminution,71.2,9.9,71.2,18.9
z_39.0_12.0,2029,Diminution,74.8,6.0,74.8,19.2
z_39.0_12.0,2030,Diminution,74.8,6.0,74.8,19.2
z_39.0_13.5,2023,Stable,56.5,25.2,18.3,56.5
z_39.0_13.5,2024,Stable,48.2,32.1,19.8,48.2
z_39.0_13.5,2025,Stable,40.7,38.0,21.3,40.7
z_39.0_13.5,2026,Stable,42.9,38.4,18.7,42.9
z_39.0_13.5,2027,Stable,46.3,35.2,18.5,46.3
z_39.0_13.5,2028,Stable,49.5,30.4,20.1,49.5
z_39.0_13.5,2029,Stable,41.0,35.0,24.0,41.0
z_39.0_13.5,2030,Stable,41.7,36.6,21.7,41.7
z_39.0_15.0,2023,Stable,38.3,38.3,23.4,38.3
z_39.0_15.0,2024,Stable,49.8,30.1,20.1,49.8
z_39.0_15.0,2025,Stable,41.8,37.7,20.4,41.8
z_39.0_15.0,2026,Stable,39.4,39.4,21.2,39.4
z_39.0_15.0,2027,Stable,49.0,30.5,20.6,49.0
z_39.0_15.0,2028,Stable,51.5,32.2,16.2,51.5
z_39.0_15.0,2029,Stable,44.7,38.0,17.3,44.7
z_39.0_15.0,2030,Stable,50.1,34.9,15.0,50.1
z_39.0_16.5,2023,Stable,46.1,35.4,18.5,46.1
z_39.0_16.5,2024,Stable,34.1,44.1,21.8,34.1
z_39.0_16.5,2025,Stable,41.1,40.2,18.6,41.1
z_39.0_16.5,2026,Augmentation,51.5,51.5,15.7,32.8
z_39.0_16.5,2027,Augmentation,47.3,47.3,18.3,34.4
z_39.0_16.5,2028,Stable,41.1,44.0,14.9,41.1
z_39.0_16.5,2029,Stable,42.6,42.3,15.1,42.6
z_39.0_16.5,2030,Stable,44.0,40.8,15.2,44.0
z_39.0_18.0,2023,Augmentation,54.8,54.8,15.8,29.4
z_39.0_18.0,2024,Stable,36.0,41.8,22.2,36.0
z_39.0_18.0,2025,Augmentation,58.4,58.4,17.3,24.3
z_39.0_18.0,2026,Stable,33.6,40.1,26.4,33.6
z_39.0_18.0,2027,Augmentation,52.0,52.0,19.7,28.3
z_39.0_18.0,2028,Augmentation,46.1,46.1,21.0,32.9
z_39.0_18.0,2029,Stable,35.7,45.3,19.0,35.7
z_39.0_18.0,2030,Stable,41.4,40.6,18.0,41.4
z_39.0_19.5,2023,Augmentation,45.6,45.6,25.9,28.5
z_39.0_19.5,2024,Augmentation,46.4,46.4,21.2,32.5
z_39.0_19.5,2025,Augmentation,56.0,56.0,21.6,22.4
z_39.0_19.5,2026,Augmentation,43.3,43.3,29.8,26.9
z_39.0_19.5,2027,Augmentation,51.2,51.2,23.6,25.2
z_39.0_19.5,2028,Augmentation,53.9,53.9,18.5,27.6
z_39.0_19.5,2029,Augmentation,59.4,59.4,18.3,22.3
z_39.0_19.5,2030,Augmentation,62.1,62.1,14.5,23.4
z_39.0_22.5,2023,Augmentation,48.3,48.3,21.1,30.6
z_39.0_22.5,2024,Augmentation,54.2,54.2,23.1,22.6
z_39.0_22.5,2025,Stable,33.8,43.3,22.9,33.8
z_39.0_22.5,2026,Augmentation,55.4,55.4,21.1,23.5
z_39.0_22.5,2027,Augmentation,48.0,48.0,20.3,31.8
z_39.0_22.5,2028,Augmentation,53.1,53.1,24.7,22.2
z_39.0_22.5,2029,Augmentation,59.9,59.9,21.5,18.6
z_39.0_22.5,2030,Augmentation,53.2,53.2,24.2,22.6
z_39.0_24.0,2023,Augmentation,53.3,53.3,25.4,21.4
z_39.0_24.0,2024,Augmentation,55.0,55.0,21.8,23.2
z_39.0_24.0,2025,Augmentation,63.4,63.4,16.3,20.3
z_39.0_24.0,2026,Augmentation,49.5,49.5,27.9,22.6
z_39.0_24.0,2027,Augmentation,58.0,58.0,22.3,19.7
z_39.0_24.0,2028,Augmentation,44.4,44.4,22.3,33.2
z_39.0_24.0,2029,Augmentation,51.8,51.8,22.6,25.5
z_39.0_24.0,2030,Augmentation,70.9,70.9,16.9,12.2
z_39.0_25.5,2023,Augmentation,56.7,56.7,16.8,26.6
z_39.0_25.5,2024,Augmentation,48.9,48.9,19.6,31.5
z_39.0_25.5,2025,Stable,43.9,42.6,13.4,43.9
z_39.0_25.5,2026,Stable,51.5,29.6,18.9,51.5
z_39.0_25.5,2027,Stable,48.3,33.7,17.9,48.3
z_39.0_25.5,2028,Stable,50.6,33.0,16.4,50.6
z_39.0_25.5,2029,Stable,48.1,36.5,15.4,48.1
z_39.0_25.5,2030,Stable,37.3,46.9,15.8,37.3
z_39.0_3.0,2023,Augmentation,65.7,65.7,16.3,18.0
z_39.0_3.0,2024,Augmentation,65.4,65.4,17.5,17.1
z_39.0_3.0,2025,Augmentation,51.6,51.6,22.0,26.3
z_39.0_3.0,2026,Augmentation,50.1,50.1,20.5,29.4
z_39.0_3.0,2027,Augmentation,49.4,49.4,23.3,27.3
z_39.0_3.0,2028,Augmentation,49.5,49.5,22.2,28.3
z_39.0_3.0,2029,Augmentation,74.0,74.0,13.4,12.6
z_39.0_3.0,2030,Augmentation,75.0,75.0,17.0,8.0
z_39.0_4.5,2023,Stable,67.8,13.7,18.5,67.8
z_39.0_4.5,2024,Stable,45.3,22.3,32.4,45.3
z_39.0_4.5,2025,Stable,49.4,20.1,30.5,49.4
z_39.0_4.5,2026,Stable,40.4,26.5,33.2,40.4
z_39.0_4.5,2027,Stable,51.8,20.1,28.0,51.8
z_39.0_4.5,2028,Stable,47.8,20.0,32.2,47.8
z_39.0_4.5,2029,Stable,52.7,19.5,27.8,52.7
z_39.0_4.5,2030,Stable,46.4,21.5,32.2,46.4
z_39.0_6.0,2023,Diminution,78.8,1.6,78.8,19.6
z_39.0_6.0,2024,Diminution,67.6,5.0,67.6,27.4
z_39.0_6.0,2025,Diminution,58.3,11.1,58.3,30.7
z_39.0_6.0,2026,Diminution,69.6,8.2,69.6,22.2
z_39.0_6.0,2027,Diminution,76.4,3.8,76.4,19.7
z_39.0_6.0,2028,Diminution,75.2,3.8,75.2,20.9
z_39.0_6.0,2029,Diminution,78.2,1.5,78.2,20.3
z_39.0_6.0,2030,Diminution,78.8,1.6,78.8,19.6
z_39.0_7.5,2023,Stable,30.6,38.7,30.7,30.6
z_39.0_7.5,2024,Stable,33.2,38.3,28.5,33.2
z_39.0_7.5,2025,Stable,31.0,37.6,31.4,31.0
z_39.0_7.5,2026,Stable,38.1,32.2,29.7,38.1
z_39.0_7.5,2027,Stable,32.1,34.5,33.4,32.1
z_39.0_7.5,2028,Augmentation,40.1,40.1,30.5,29.4
z_39.0_7.5,2029,Stable,29.6,35.5,34.9,29.6
z_39.0_7.5,2030,Augmentation,41.2,41.2,29.6,29.2
z_39.0_9.0,2023,Stable,36.4,40.1,23.4,36.4
z_39.0_9.0,2024,Augmentation,52.8,52.8,18.9,28.4
z_39.0_9.0,2025,Augmentation,61.4,61.4,17.8,20.8
z_39.0_9.0,2026,Augmentation,50.9,50.9,20.4,28.7
z_39.0_9.0,2027,Augmentation,61.8,61.8,16.0,22.2
z_39.0_9.0,2028,Augmentation,59.3,59.3,17.0,23.7
z_39.0_9.0,2029,Augmentation,61.5,61.5,18.8,19.7
z_39.0_9.0,2030,Augmentation,70.8,70.8,15.6,13.6
z_40.5_-10.5,2023,Stable,48.1,35.0,16.8,48.1
z_40.5_-10.5,2024,Stable,42.4,38.3,19.3,42.4
z_40.5_-10.5,2025,Stable,48.9,30.1,20.9,48.9
z_40.5_-10.5,2026,Stable,40.6,40.9,18.5,40.6
z_40.5_-10.5,2027,Stable,50.9,31.0,18.2,50.9
z_40.5_-10.5,2028,Stable,42.5,39.5,18.0,42.5
z_40.5_-10.5,2029,Stable,48.9,32.1,18.9,48.9
z_40.5_-10.5,2030,Stable,49.1,32.1,18.9,49.1
z_40.5_-22.5,2023,Diminution,72.0,2.0,72.0,26.0
z_40.5_-22.5,2024,Diminution,72.0,2.0,72.0,26.0
z_40.5_-22.5,2025,Diminution,62.5,3.9,62.5,33.5
z_40.5_-22.5,2026,Diminution,71.9,4.3,71.9,23.8
z_40.5_-22.5,2027,Diminution,72.8,2.0,72.8,25.3
z_40.5_-22.5,2028,Diminution,67.3,3.9,67.3,28.9
z_40.5_-22.5,2029,Diminution,73.7,1.9,73.7,24.4
z_40.5_-22.5,2030,Diminution,72.0,2.0,72.0,26.0
z_40.5_-36.0,2023,Diminution,73.8,2.7,73.8,23.5
z_40.5_-36.0,2024,Diminution,73.8,2.7,73.8,23.5
z_40.5_-36.0,2025,Diminution,58.9,8.1,58.9,33.0
z_40.5_-36.0,2026,Diminution,70.7,4.1,70.7,25.2
z_40.5_-36.0,2027,Diminution,78.6,1.9,78.6,19.4
z_40.5_-36.0,2028,Diminution,72.7,6.7,72.7,20.7
z_40.5_-36.0,2029,Diminution,75.3,1.8,75.3,22.9
z_40.5_-36.0,2030,Diminution,73.8,2.7,73.8,23.5
z_40.5_-9.0,2023,Augmentation,58.1,58.1,17.3,24.6
z_40.5_-9.0,2024,Stable,36.7,46.1,17.3,36.7
z_40.5_-9.0,2025,Stable,36.3,46.0,17.7,36.3
z_40.5_-9.0,2026,Augmentation,50.3,50.3,12.7,37.1
z_40.5_-9.0,2027,Augmentation,52.3,52.3,16.3,31.4
z_40.5_-9.0,2028,Augmentation,65.8,65.8,13.3,20.9
z_40.5_-9.0,2029,Augmentation,60.7,60.7,14.7,24.6
z_40.5_-9.0,2030,Augmentation,57.4,57.4,15.9,26.7
z_40.5_0.0,2023,Augmentation,49.5,49.5,15.4,35.1
z_40.5_0.0,2024,Augmentation,52.7,52.7,17.7,29.6
z_40.5_0.0,2025,Augmentation,68.5,68.5,12.1,19.4
z_40.5_0.0,2026,Augmentation,48.4,48.4,18.7,33.0
z_40.5_0.0,2027,Augmentation,67.9,67.9,13.3,18.8
z_40.5_0.0,2028,Augmentation,59.3,59.3,13.9,26.8
z_40.5_0.0,2029,Augmentation,56.8,56.8,16.7,26.5
z_40.5_0.0,2030,Augmentation,70.6,70.6,13.6,15.8
z_40.5_1.5,2023,Augmentation,67.7,67.7,14.5,17.9
z_40.5_1.5,2024,Augmentation,65.7,65.7,11.3,23.0
z_40.5_1.5,2025,Augmentation,51.8,51.8,19.9,28.4
z_40.5_1.5,2026,Augmentation,64.9,64.9,12.6,22.5
z_40.5_1.5,2027,Augmentation,67.9,67.9,11.0,21.1
z_40.5_1.5,2028,Augmentation,69.9,69.9,14.3,15.8
z_40.5_1.5,2029,Augmentation,77.4,77.4,9.3,13.3
z_40.5_1.5,2030,Augmentation,70.0,70.0,12.3,17.7
z_40.5_10.5,2023,Augmentation,40.3,40.3,29.9,29.8
z_40.5_10.5,2024,Stable,37.7,39.1,23.2,37.7
z_40.5_10.5,2025,Stable,33.0,43.5,23.5,33.0
z_40.5_10.5,2026,Augmentation,47.5,47.5,21.4,31.1
z_40.5_10.5,2027,Stable,36.9,41.1,21.9,36.9
z_40.5_10.5,2028,Stable,35.4,39.8,24.8,35.4
z_40.5_10.5,2029,Stable,37.5,40.0,22.5,37.5
z_40.5_10.5,2030,Stable,32.9,43.3,23.8,32.9
z_40.5_12.0,2023,Stable,33.1,43.8,23.1,33.1
z_40.5_12.0,2024,Augmentation,52.9,52.9,21.3,25.7
z_40.5_12.0,2025,Augmentation,52.6,52.6,17.3,30.1
z_40.5_12.0,2026,Augmentation,49.0,49.0,22.0,29.0
z_40.5_12.0,2027,Augmentation,49.4,49.4,19.2,31.4
z_40.5_12.0,2028,Augmentation,49.5,49.5,17.8,32.7
z_40.5_12.0,2029,Augmentation,49.7,49.7,18.0,32.3
z_40.5_12.0,2030,Stable,35.0,45.2,19.7,35.0
z_40.5_13.5,2023,Augmentation,50.5,50.5,20.5,29.1
z_40.5_13.5,2024,Augmentation,52.0,52.0,18.0,30.0
z_40.5_13.5,2025,Augmentation,55.7,55.7,17.8,26.6
z_40.5_13.5,2026,Augmentation,60.8,60.8,18.4,20.8
z_40.5_13.5,2027,Augmentation,60.5,60.5,20.3,19.2
z_40.5_13.5,2028,Augmentation,63.4,63.4,17.7,18.9
z_40.5_13.5,2029,Augmentation,56.1,56.1,18.4,25.5
z_40.5_13.5,2030,Augmentation,56.8,56.8,18.4,24.7
z_40.5_16.5,2023,Augmentation,48.6,48.6,18.4,32.9
z_40.5_16.5,2024,Augmentation,54.0,54.0,20.6,25.4
z_40.5_16.5,2025,Augmentation,53.2,53.2,18.9,27.9
z_40.5_16.5,2026,Augmentation,68.7,68.7,15.3,16.0
z_40.5_16.5,2027,Augmentation,71.3,71.3,12.2,16.5
z_40.5_16.5,2028,Augmentation,62.0,62.0,14.1,23.9
z_40.5_16.5,2029,Augmentation,60.6,60.6,13.3,26.1
z_40.5_16.5,2030,Augmentation,61.7,61.7,12.8,25.5
z_40.5_18.0,2023,Stable,49.9,30.0,20.1,49.9
z_40.5_18.0,2024,Stable,41.5,37.8,20.7,41.5
z_40.5_18.0,2025,Stable,48.7,32.5,18.7,48.7
z_40.5_18.0,2026,Stable,46.3,30.3,23.4,46.3
z_40.5_18.0,2027,Stable,48.0,31.1,20.9,48.0
z_40.5_18.0,2028,Stable,46.3,32.5,21.2,46.3
z_40.5_18.0,2029,Stable,40.4,41.3,18.3,40.4
z_40.5_18.0,2030,Stable,50.9,30.9,18.2,50.9
z_40.5_22.5,2023,Augmentation,65.7,65.7,17.9,16.4
z_40.5_22.5,2024,Augmentation,65.9,65.9,18.9,15.2
z_40.5_22.5,2025,Augmentation,54.2,54.2,21.6,24.2
z_40.5_22.5,2026,Augmentation,47.4,47.4,24.4,28.2
z_40.5_22.5,2027,Augmentation,50.5,50.5,23.1,26.4
z_40.5_22.5,2028,Augmentation,59.8,59.8,20.1,20.1
z_40.5_22.5,2029,Augmentation,66.8,66.8,15.9,17.4
z_40.5_22.5,2030,Augmentation,66.0,66.0,17.1,16.9
z_40.5_24.0,2023,Augmentation,56.1,56.1,21.2,22.6
z_40.5_24.0,2024,Augmentation,49.7,49.7,22.1,28.2
z_40.5_24.0,2025,Augmentation,58.3,58.3,19.5,22.2
z_40.5_24.0,2026,Augmentation,53.7,53.7,13.7,32.6
z_40.5_24.0,2027,Augmentation,56.7,56.7,18.3,25.0
z_40.5_24.0,2028,Augmentation,65.8,65.8,17.2,17.0
z_40.5_24.0,2029,Augmentation,59.2,59.2,20.9,19.9
z_40.5_24.0,2030,Augmentation,58.8,58.8,19.9,21.3
z_40.5_25.5,2023,Augmentation,60.8,60.8,17.1,22.1
z_40.5_25.5,2024,Stable,45.9,32.3,21.8,45.9
z_40.5_25.5,2025,Augmentation,50.0,50.0,19.1,30.9
z_40.5_25.5,2026,Stable,40.8,36.6,22.6,40.8
z_40.5_25.5,2027,Stable,42.0,37.1,21.0,42.0
z_40.5_25.5,2028,Stable,45.0,32.7,22.3,45.0
z_40.5_25.5,2029,Stable,44.0,34.2,21.7,44.0
z_40.5_25.5,2030,Stable,41.7,36.7,21.6,41.7
z_40.5_27.0,2023,Stable,53.0,19.7,27.3,53.0
z_40.5_27.0,2024,Stable,30.2,34.0,35.8,30.2
z_40.5_27.0,2025,Stable,31.2,35.5,33.3,31.2
z_40.5_27.0,2026,Stable,36.6,31.2,32.2,36.6
z_40.5_27.0,2027,Stable,34.1,31.8,34.0,34.1
z_40.5_27.0,2028,Stable,33.0,30.2,36.8,33.0
z_40.5_27.0,2029,Stable,34.3,29.4,36.4,34.3
z_40.5_27.0,2030,Stable,32.8,36.7,30.5,32.8
z_40.5_28.5,2023,Augmentation,53.3,53.3,25.2,21.5
z_40.5_28.5,2024,Augmentation,59.8,59.8,17.4,22.8
z_40.5_28.5,2025,Stable,31.5,40.8,27.7,31.5
z_40.5_28.5,2026,Stable,38.6,34.0,27.4,38.6
z_40.5_28.5,2027,Augmentation,47.7,47.7,24.9,27.4
z_40.5_28.5,2028,Augmentation,54.7,54.7,22.2,23.0
z_40.5_28.5,2029,Augmentation,60.8,60.8,21.6,17.6
z_40.5_28.5,2030,Augmentation,62.3,62.3,19.9,17.8
z_40.5_3.0,2023,Augmentation,56.6,56.6,17.3,26.1
z_40.5_3.0,2024,Augmentation,53.9,53.9,24.0,22.1
z_40.5_3.0,2025,Augmentation,59.9,59.9,15.0,25.1
z_40.5_3.0,2026,Augmentation,57.8,57.8,18.8,23.4
z_40.5_3.0,2027,Augmentation,65.7,65.7,16.3,18.0
z_40.5_3.0,2028,Augmentation,65.8,65.8,16.5,17.8
z_40.5_3.0,2029,Augmentation,64.2,64.2,16.4,19.4
z_40.5_3.0,2030,Augmentation,60.2,60.2,19.7,20.2
z_40.5_37.5,2023,Diminution,80.4,3.0,80.4,16.6
z_40.5_37.5,2024,Diminution,80.4,3.0,80.4,16.6
z_40.5_37.5,2025,Diminution,64.9,9.1,64.9,26.0
z_40.5_37.5,2026,Diminution,74.2,3.8,74.2,22.0
z_40.5_37.5,2027,Diminution,83.5,2.0,83.5,14.5
z_40.5_37.5,2028,Diminution,77.6,7.4,77.6,15.0
z_40.5_37.5,2029,Diminution,80.0,1.8,80.0,18.2
z_40.5_37.5,2030,Diminution,80.4,3.0,80.4,16.6
z_40.5_4.5,2023,Diminution,67.4,9.1,67.4,23.5
z_40.5_4.5,2024,Diminution,70.6,7.9,70.6,21.5
z_40.5_4.5,2025,Diminution,66.9,9.7,66.9,23.4
z_40.5_4.5,2026,Diminution,66.3,8.5,66.3,25.2
z_40.5_4.5,2027,Diminution,72.4,7.2,72.4,20.4
z_40.5_4.5,2028,Diminution,73.7,9.5,73.7,16.9
z_40.5_4.5,2029,Diminution,71.1,7.4,71.1,21.5
z_40.5_4.5,2030,Diminution,76.3,7.7,76.3,16.0
z_40.5_7.5,2023,Stable,41.7,41.2,17.2,41.7
z_40.5_7.5,2024,Stable,47.8,33.9,18.3,47.8
z_40.5_7.5,2025,Stable,38.9,42.8,18.3,38.9
z_40.5_7.5,2026,Stable,36.8,45.8,17.5,36.8
z_40.5_7.5,2027,Augmentation,45.4,45.4,21.5,33.1
z_40.5_7.5,2028,Augmentation,50.3,50.3,16.0,33.7
z_40.5_7.5,2029,Augmentation,50.0,50.0,16.7,33.3
z_40.5_7.5,2030,Augmentation,49.7,49.7,16.0,34.3
z_40.5_9.0,2023,Augmentation,52.1,52.1,29.7,18.2
z_40.5_9.0,2024,Augmentation,60.1,60.1,21.9,18.0
z_40.5_9.0,2025,Augmentation,65.1,65.1,23.3,11.6
z_40.5_9.0,2026,Augmentation,74.6,74.6,17.1,8.3
z_40.5_9.0,2027,Augmentation,66.4,66.4,22.8,10.9
z_40.5_9.0,2028,Augmentation,69.3,69.3,18.6,12.1
z_40.5_9.0,2029,Augmentation,66.9,66.9,17.8,15.3
z_40.5_9.0,2030,Augmentation,66.4,66.4,18.3,15.3
z_42.0_-10.5,2023,Augmentation,55.0,55.0,13.5,31.5
z_42.0_-10.5,2024,Augmentation,59.2,59.2,15.5,25.3
z_42.0_-10.5,2025,Augmentation,54.7,54.7,20.2,25.2
z_42.0_-10.5,2026,Augmentation,61.4,61.4,16.1,22.5
z_42.0_-10.5,2027,Augmentation,59.6,59.6,17.1,23.3
z_42.0_-10.5,2028,Augmentation,58.6,58.6,18.4,23.0
z_42.0_-10.5,2029,Augmentation,58.7,58.7,19.1,22.3
z_42.0_-10.5,2030,Augmentation,58.7,58.7,18.9,22.4
z_42.0_-24.0,2023,Diminution,73.0,1.4,73.0,25.6
z_42.0_-24.0,2024,Diminution,73.0,1.4,73.0,25.6
z_42.0_-24.0,2025,Diminution,73.0,1.4,73.0,25.6
z_42.0_-24.0,2026,Diminution,65.2,4.5,65.2,30.3
z_42.0_-24.0,2027,Diminution,72.6,3.5,72.6,24.0
z_42.0_-24.0,2028,Diminution,75.4,1.2,75.4,23.5
z_42.0_-24.0,2029,Diminution,70.8,4.6,70.8,24.6
z_42.0_-24.0,2030,Diminution,73.9,1.4,73.9,24.7
z_42.0_-3.0,2023,Augmentation,56.3,56.3,20.7,23.0
z_42.0_-3.0,2024,Augmentation,55.9,55.9,19.1,25.0
z_42.0_-3.0,2025,Augmentation,72.2,72.2,16.2,11.7
z_42.0_-3.0,2026,Augmentation,47.2,47.2,21.9,30.8
z_42.0_-3.0,2027,Augmentation,56.1,56.1,20.9,23.0
z_42.0_-3.0,2028,Stable,34.7,46.1,19.2,34.7
z_42.0_-3.0,2029,Augmentation,49.6,49.6,19.5,30.9
z_42.0_-3.0,2030,Augmentation,60.7,60.7,17.9,21.4
z_42.0_-36.0,2023,Diminution,70.5,7.6,70.5,22.0
z_42.0_-36.0,2024,Diminution,59.5,13.1,59.5,27.4
z_42.0_-36.0,2025,Diminution,66.9,6.1,66.9,27.0
z_42.0_-36.0,2026,Diminution,73.8,4.9,73.8,21.3
z_42.0_-36.0,2027,Diminution,70.7,11.4,70.7,18.0
z_42.0_-36.0,2028,Diminution,71.8,3.8,71.8,24.5
z_42.0_-36.0,2029,Diminution,70.5,7.6,70.5,22.0
z_42.0_-36.0,2030,Diminution,70.5,7.6,70.5,22.0
z_42.0_-4.5,2023,Stable,43.5,38.0,18.5,43.5
z_42.0_-4.5,2024,Stable,38.3,45.3,16.4,38.3
z_42.0_-4.5,2025,Augmentation,53.3,53.3,19.0,27.7
z_42.0_-4.5,2026,Augmentation,49.5,49.5,19.1,31.4
z_42.0_-4.5,2027,Augmentation,52.2,52.2,18.4,29.4
z_42.0_-4.5,2028,Augmentation,52.8,52.8,19.6,27.6
z_42.0_-4.5,2029,Augmentation,52.6,52.6,17.1,30.3
z_42.0_-4.5,2030,Augmentation,61.0,61.0,16.4,22.6
z_42.0_-6.0,2023,Diminution,62.6,7.5,62.6,29.9
z_42.0_-6.0,2024,Diminution,57.8,5.4,57.8,36.8
z_42.0_-6.0,2025,Diminution,59.8,4.5,59.8,35.7
z_42.0_-6.0,2026,Diminution,52.4,9.2,52.4,38.5
z_42.0_-6.0,2027,Diminution,58.8,5.8,58.8,35.4
z_42.0_-6.0,2028,Diminution,64.9,7.0,64.9,28.1
z_42.0_-6.0,2029,Diminution,65.3,4.9,65.3,29.8
z_42.0_-6.0,2030,Diminution,62.8,5.6,62.8,31.6
z_42.0_-9.0,2023,Augmentation,54.3,54.3,16.8,28.9
z_42.0_-9.0,2024,Augmentation,64.0,64.0,14.1,21.9
z_42.0_-9.0,2025,Augmentation,61.5,61.5,13.4,25.1
z_42.0_-9.0,2026,Augmentation,46.0,46.0,23.7,30.3
z_42.0_-9.0,2027,Augmentation,65.8,65.8,16.5,17.7
z_42.0_-9.0,2028,Augmentation,57.6,57.6,15.7,26.7
z_42.0_-9.0,2029,Augmentation,63.4,63.4,17.2,19.4
z_42.0_-9.0,2030,Augmentation,75.2,75.2,12.3,12.5
z_42.0_10.5,2023,Stable,39.5,31.6,29.0,39.5
z_42.0_10.5,2024,Augmentation,47.3,47.3,25.4,27.3
z_42.0_10.5,2025,Stable,39.7,35.5,24.8,39.7
z_42.0_10.5,2026,Augmentation,64.0,64.0,18.2,17.8
z_42.0_10.5,2027,Stable,33.9,39.7,26.3,33.9
z_42.0_10.5,2028,Augmentation,46.0,46.0,19.7,34.3
z_42.0_10.5,2029,Stable,39.2,37.1,23.7,39.2
z_42.0_10.5,2030,Stable,42.7,36.1,21.2,42.7
z_42.0_13.5,2023,Stable,32.4,41.9,25.7,32.4
z_42.0_13.5,2024,Augmentation,57.5,57.5,21.6,20.9
z_42.0_13.5,2025,Augmentation,69.0,69.0,17.7,13.3
z_42.0_13.5,2026,Augmentation,62.4,62.4,19.9,17.7
z_42.0_13.5,2027,Augmentation,54.3,54.3,20.6,25.1
z_42.0_13.5,2028,Augmentation,51.0,51.0,17.2,31.8
z_42.0_13.5,2029,Augmentation,52.6,52.6,18.6,28.8
z_42.0_13.5,2030,Augmentation,61.1,61.1,17.0,21.9
z_42.0_15.0,2023,Augmentation,49.1,49.1,15.9,35.0
z_42.0_15.0,2024,Augmentation,55.9,55.9,15.7,28.4
z_42.0_15.0,2025,Augmentation,60.1,60.1,14.7,25.2
z_42.0_15.0,2026,Augmentation,69.1,69.1,17.1,13.8
z_42.0_15.0,2027,Augmentation,70.5,70.5,15.2,14.3
z_42.0_15.0,2028,Augmentation,61.4,61.4,16.1,22.5
z_42.0_15.0,2029,Augmentation,62.2,62.2,16.4,21.4
z_42.0_15.0,2030,Augmentation,71.1,71.1,14.5,14.4
z_42.0_16.5,2023,Stable,34.1,36.5,29.4,34.1
z_42.0_16.5,2024,Stable,36.8,38.0,25.2,36.8
z_42.0_16.5,2025,Stable,35.7,41.2,23.1,35.7
z_42.0_16.5,2026,Stable,42.3,33.9,23.8,42.3
z_42.0_16.5,2027,Stable,41.9,31.9,26.2,41.9
z_42.0_16.5,2028,Stable,34.4,39.1,26.6,34.4
z_42.0_16.5,2029,Stable,46.9,28.4,24.6,46.9
z_42.0_16.5,2030,Stable,41.1,34.2,24.7,41.1
z_42.0_18.0,2023,Stable,34.3,32.4,33.3,34.3
z_42.0_18.0,2024,Diminution,39.4,32.9,39.4,27.8
z_42.0_18.0,2025,Stable,44.8,22.3,32.9,44.8
z_42.0_18.0,2026,Stable,29.0,33.1,37.9,29.0
z_42.0_18.0,2027,Stable,29.5,34.7,35.8,29.5
z_42.0_18.0,2028,Stable,30.0,34.3,35.6,30.0
z_42.0_18.0,2029,Augmentation,38.7,38.7,32.5,28.8
z_42.0_18.0,2030,Diminution,37.0,36.0,37.0,27.0
z_42.0_27.0,2023,Augmentation,65.1,65.1,13.8,21.1
z_42.0_27.0,2024,Stable,43.0,40.7,16.4,43.0
z_42.0_27.0,2025,Augmentation,46.2,46.2,21.5,32.2
z_42.0_27.0,2026,Stable,37.2,40.6,22.2,37.2
z_42.0_27.0,2027,Stable,38.0,40.8,21.2,38.0
z_42.0_27.0,2028,Augmentation,46.3,46.3,19.8,33.9
z_42.0_27.0,2029,Augmentation,50.3,50.3,19.3,30.5
z_42.0_27.0,2030,Augmentation,49.8,49.8,19.7,30.5
z_42.0_28.5,2023,Diminution,56.0,5.9,56.0,38.1
z_42.0_28.5,2024,Stable,42.3,6.8,50.9,42.3
z_42.0_28.5,2025,Diminution,58.4,9.7,58.4,32.0
z_42.0_28.5,2026,Diminution,61.3,4.9,61.3,33.8
z_42.0_28.5,2027,Diminution,57.1,10.3,57.1,32.6
z_42.0_28.5,2028,Diminution,59.0,7.6,59.0,33.4
z_42.0_28.5,2029,Diminution,63.2,5.2,63.2,31.6
z_42.0_28.5,2030,Diminution,63.2,5.2,63.2,31.6
z_42.0_3.0,2023,Augmentation,54.4,54.4,23.5,22.0
z_42.0_3.0,2024,Augmentation,57.5,57.5,21.0,21.5
z_42.0_3.0,2025,Augmentation,49.9,49.9,22.7,27.4
z_42.0_3.0,2026,Augmentation,55.3,55.3,23.0,21.6
z_42.0_3.0,2027,Augmentation,58.5,58.5,18.5,23.0
z_42.0_3.0,2028,Augmentation,51.2,51.2,18.3,30.4
z_42.0_3.0,2029,Augmentation,55.2,55.2,21.2,23.6
z_42.0_3.0,2030,Augmentation,55.1,55.1,20.4,24.6
z_42.0_4.5,2023,Augmentation,45.9,45.9,26.2,27.9
z_42.0_4.5,2024,Stable,34.7,43.2,22.1,34.7
z_42.0_4.5,2025,Stable,34.5,38.7,26.9,34.5
z_42.0_4.5,2026,Stable,36.5,36.2,27.3,36.5
z_42.0_4.5,2027,Stable,38.3,40.9,20.8,38.3
z_42.0_4.5,2028,Augmentation,45.1,45.1,23.0,31.9
z_42.0_4.5,2029,Augmentation,42.9,42.9,26.4,30.7
z_42.0_4.5,2030,Augmentation,48.6,48.6,23.3,28.1
z_42.0_6.0,2023,Augmentation,49.2,49.2,27.1,23.7
z_42.0_6.0,2024,Augmentation,59.6,59.6,19.0,21.4
z_42.0_6.0,2025,Augmentation,56.6,56.6,21.7,21.7
z_42.0_6.0,2026,Augmentation,53.5,53.5,23.6,22.9
z_42.0_6.0,2027,Augmentation,51.0,51.0,21.5,27.5
z_42.0_6.0,2028,Augmentation,49.5,49.5,23.9,26.6
z_42.0_6.0,2029,Augmentation,64.7,64.7,16.5,18.8
z_42.0_6.0,2030,Augmentation,65.9,65.9,19.5,14.5
z_42.0_7.5,2023,Stable,47.0,28.9,24.1,47.0
z_42.0_7.5,2024,Stable,50.0,20.5,29.5,50.0
z_42.0_7.5,2025,Stable,50.0,20.2,29.8,50.0
z_42.0_7.5,2026,Stable,51.0,23.1,25.9,51.0
z_42.0_7.5,2027,Stable,51.2,17.4,31.4,51.2
z_42.0_7.5,2028,Stable,48.7,19.8,31.6,48.7
z_42.0_7.5,2029,Stable,49.6,19.4,31.1,49.6
z_42.0_7.5,2030,Stable,46.8,19.4,33.8,46.8
z_42.0_9.0,2023,Augmentation,53.8,53.8,28.5,17.6
z_42.0_9.0,2024,Augmentation,61.2,61.2,23.2,15.5
z_42.0_9.0,2025,Augmentation,47.3,47.3,26.8,25.9
z_42.0_9.0,2026,Augmentation,55.4,55.4,21.0,23.6
z_42.0_9.0,2027,Augmentation,65.8,65.8,20.4,13.8
z_42.0_9.0,2028,Augmentation,57.2,57.2,26.2,16.7
z_42.0_9.0,2029,Augmentation,63.8,63.8,19.8,16.4
z_42.0_9.0,2030,Augmentation,59.9,59.9,26.1,14.0
z_43.5_-1.5,2023,Augmentation,59.1,59.1,19.9,21.0
z_43.5_-1.5,2024,Augmentation,58.4,58.4,15.3,26.3
z_43.5_-1.5,2025,Augmentation,52.0,52.0,19.6,28.4
z_43.5_-1.5,2026,Augmentation,61.0,61.0,14.6,24.4
z_43.5_-1.5,2027,Augmentation,64.7,64.7,16.1,19.2
z_43.5_-1.5,2028,Augmentation,66.2,66.2,14.0,19.7
z_43.5_-1.5,2029,Augmentation,72.1,72.1,10.4,17.5
z_43.5_-1.5,2030,Augmentation,67.8,67.8,14.2,18.0
z_43.5_-10.5,2023,Stable,46.5,24.1,29.3,46.5
z_43.5_-10.5,2024,Stable,49.1,22.4,28.6,49.1
z_43.5_-10.5,2025,Stable,37.1,35.1,27.8,37.1
z_43.5_-10.5,2026,Stable,42.4,30.2,27.4,42.4
z_43.5_-10.5,2027,Stable,45.9,25.6,28.5,45.9
z_43.5_-10.5,2028,Stable,47.0,27.2,25.8,47.0
z_43.5_-10.5,2029,Stable,34.0,33.8,32.2,34.0
z_43.5_-10.5,2030,Stable,38.3,33.7,28.0,38.3
z_43.5_-3.0,2023,Stable,48.0,35.5,16.5,48.0
z_43.5_-3.0,2024,Augmentation,58.8,58.8,17.8,23.4
z_43.5_-3.0,2025,Stable,35.9,47.1,17.0,35.9
z_43.5_-3.0,2026,Stable,38.3,43.8,17.9,38.3
z_43.5_-3.0,2027,Augmentation,53.8,53.8,17.4,28.8
z_43.5_-3.0,2028,Augmentation,50.3,50.3,15.5,34.2
z_43.5_-3.0,2029,Augmentation,51.4,51.4,14.8,33.8
z_43.5_-3.0,2030,Augmentation,67.9,67.9,13.3,18.9
z_43.5_-33.0,2023,Diminution,79.2,2.9,79.2,18.0
z_43.5_-33.0,2024,Diminution,79.2,2.9,79.2,18.0
z_43.5_-33.0,2025,Diminution,63.5,8.1,63.5,28.4
z_43.5_-33.0,2026,Diminution,72.6,5.2,72.6,22.2
z_43.5_-33.0,2027,Diminution,77.9,1.8,77.9,20.3
z_43.5_-33.0,2028,Diminution,72.6,7.8,72.6,19.5
z_43.5_-33.0,2029,Diminution,79.6,2.2,79.6,18.2
z_43.5_-33.0,2030,Diminution,79.2,2.9,79.2,18.0
z_43.5_-4.5,2023,Augmentation,48.7,48.7,22.9,28.4
z_43.5_-4.5,2024,Stable,37.3,41.0,21.8,37.3
z_43.5_-4.5,2025,Augmentation,62.9,62.9,16.4,20.7
z_43.5_-4.5,2026,Augmentation,70.9,70.9,16.2,12.9
z_43.5_-4.5,2027,Augmentation,64.3,64.3,18.1,17.6
z_43.5_-4.5,2028,Augmentation,62.8,62.8,14.1,23.1
z_43.5_-4.5,2029,Augmentation,48.3,48.3,17.3,34.4
z_43.5_-4.5,2030,Augmentation,62.2,62.2,16.2,21.6
z_43.5_-6.0,2023,Augmentation,76.8,76.8,10.3,12.8
z_43.5_-6.0,2024,Stable,35.4,44.7,19.8,35.4
z_43.5_-6.0,2025,Augmentation,67.9,67.9,14.5,17.7
z_43.5_-6.0,2026,Augmentation,67.2,67.2,11.9,20.9
z_43.5_-6.0,2027,Augmentation,61.9,61.9,16.1,22.0
z_43.5_-6.0,2028,Augmentation,76.4,76.4,10.2,13.4
z_43.5_-6.0,2029,Augmentation,72.0,72.0,12.1,16.0
z_43.5_-6.0,2030,Augmentation,70.8,70.8,12.1,17.0
z_43.5_-7.5,2023,Stable,39.6,43.3,17.0,39.6
z_43.5_-7.5,2024,Augmentation,63.2,63.2,13.7,23.1
z_43.5_-7.5,2025,Augmentation,62.3,62.3,17.6,20.1
z_43.5_-7.5,2026,Augmentation,59.0,59.0,20.7,20.3
z_43.5_-7.5,2027,Augmentation,49.1,49.1,19.2,31.6
z_43.5_-7.5,2028,Stable,45.1,35.6,19.3,45.1
z_43.5_-7.5,2029,Stable,40.9,41.4,17.7,40.9
z_43.5_-7.5,2030,Augmentation,55.5,55.5,16.6,27.9
z_43.5_-9.0,2023,Augmentation,68.1,68.1,11.8,20.1
z_43.5_-9.0,2024,Augmentation,56.1,56.1,14.0,30.0
z_43.5_-9.0,2025,Augmentation,63.9,63.9,15.4,20.7
z_43.5_-9.0,2026,Augmentation,75.4,75.4,9.0,15.5
z_43.5_-9.0,2027,Augmentation,66.7,66.7,12.2,21.1
z_43.5_-9.0,2028,Augmentation,66.0,66.0,11.1,22.9
z_43.5_-9.0,2029,Augmentation,68.2,68.2,11.1,20.7
z_43.5_-9.0,2030,Augmentation,67.9,67.9,9.4,22.7
z_43.5_12.0,2023,Augmentation,70.7,70.7,11.6,17.7
z_43.5_12.0,2024,Augmentation,71.8,71.8,10.5,17.8
z_43.5_12.0,2025,Augmentation,69.8,69.8,13.1,17.1
z_43.5_12.0,2026,Augmentation,74.3,74.3,13.0,12.7
z_43.5_12.0,2027,Augmentation,67.0,67.0,12.4,20.6
z_43.5_12.0,2028,Augmentation,64.9,64.9,15.2,19.9
z_43.5_12.0,2029,Augmentation,68.0,68.0,14.5,17.5
z_43.5_12.0,2030,Augmentation,67.3,67.3,14.1,18.6
z_43.5_13.5,2023,Augmentation,68.4,68.4,11.0,20.6
z_43.5_13.5,2024,Augmentation,49.9,49.9,15.7,34.4
z_43.5_13.5,2025,Augmentation,67.0,67.0,14.1,19.0
z_43.5_13.5,2026,Stable,36.6,42.8,20.6,36.6
z_43.5_13.5,2027,Augmentation,67.1,67.1,14.6,18.2
z_43.5_13.5,2028,Augmentation,74.1,74.1,13.7,12.2
z_43.5_13.5,2029,Augmentation,63.5,63.5,15.8,20.7
z_43.5_13.5,2030,Augmentation,72.2,72.2,12.2,15.6
z_43.5_15.0,2023,Stable,42.1,23.5,34.4,42.1
z_43.5_15.0,2024,Stable,32.6,34.5,33.0,32.6
z_43.5_15.0,2025,Stable,40.7,26.8,32.5,40.7
z_43.5_15.0,2026,Stable,41.5,34.5,24.0,41.5
z_43.5_15.0,2027,Stable,40.3,27.4,32.3,40.3
z_43.5_15.0,2028,Stable,43.0,27.4,29.6,43.0
z_43.5_15.0,2029,Stable,49.6,22.5,27.9,49.6
z_43.5_15.0,2030,Stable,42.6,28.5,28.9,42.6
z_43.5_28.5,2023,Stable,47.3,34.9,17.7,47.3
z_43.5_28.5,2024,Stable,60.2,27.8,12.1,60.2
z_43.5_28.5,2025,Stable,55.7,29.5,14.7,55.7
z_43.5_28.5,2026,Stable,54.8,27.5,17.7,54.8
z_43.5_28.5,2027,Stable,55.3,27.5,17.1,55.3
z_43.5_28.5,2028,Stable,54.8,28.1,17.2,54.8
z_43.5_28.5,2029,Stable,56.4,26.7,16.9,56.4
z_43.5_28.5,2030,Stable,56.6,26.7,16.7,56.6
z_43.5_30.0,2023,Diminution,68.8,10.1,68.8,21.1
z_43.5_30.0,2024,Diminution,58.5,12.9,58.5,28.6
z_43.5_30.0,2025,Diminution,69.4,7.9,69.4,22.7
z_43.5_30.0,2026,Diminution,67.0,6.4,67.0,26.6
z_43.5_30.0,2027,Diminution,68.5,14.0,68.5,17.5
z_43.5_30.0,2028,Diminution,71.6,5.6,71.6,22.8
z_43.5_30.0,2029,Diminution,68.8,10.1,68.8,21.1
z_43.5_30.0,2030,Diminution,68.8,10.1,68.8,21.1
z_43.5_36.0,2023,Diminution,71.7,5.6,71.7,22.7
z_43.5_36.0,2024,Diminution,64.5,5.7,64.5,29.8
z_43.5_36.0,2025,Diminution,57.0,8.9,57.0,34.1
z_43.5_36.0,2026,Diminution,61.8,6.5,61.8,31.6
z_43.5_36.0,2027,Diminution,71.7,5.6,71.7,22.7
z_43.5_36.0,2028,Diminution,64.5,5.7,64.5,29.8
z_43.5_36.0,2029,Diminution,61.4,7.3,61.4,31.3
z_43.5_36.0,2030,Diminution,68.4,4.8,68.4,26.8
z_43.5_37.5,2023,Stable,41.2,40.5,18.3,41.2
z_43.5_37.5,2024,Stable,38.9,38.9,22.2,38.9
z_43.5_37.5,2025,Stable,43.5,33.4,23.2,43.5
z_43.5_37.5,2026,Stable,31.0,36.9,32.1,31.0
z_43.5_37.5,2027,Augmentation,42.0,42.0,26.5,31.5
z_43.5_37.5,2028,Stable,34.1,42.0,23.9,34.1
z_43.5_37.5,2029,Stable,33.6,39.7,26.7,33.6
z_43.5_37.5,2030,Stable,33.6,39.7,26.7,33.6
z_43.5_6.0,2023,Stable,53.7,16.9,29.4,53.7
z_43.5_6.0,2024,Stable,48.1,22.6,29.3,48.1
z_43.5_6.0,2025,Stable,50.5,17.1,32.4,50.5
z_43.5_6.0,2026,Stable,56.9,15.2,28.0,56.9
z_43.5_6.0,2027,Stable,55.5,13.4,31.1,55.5
z_43.5_6.0,2028,Stable,50.6,17.5,31.8,50.6
z_43.5_6.0,2029,Stable,52.4,16.2,31.5,52.4
z_43.5_6.0,2030,Stable,50.5,17.1,32.4,50.5
z_43.5_7.5,2023,Stable,38.2,39.9,21.9,38.2
z_43.5_7.5,2024,Stable,39.4,39.4,21.2,39.4
z_43.5_7.5,2025,Stable,36.4,43.3,20.2,36.4
z_43.5_7.5,2026,Stable,35.8,42.4,21.8,35.8
z_43.5_7.5,2027,Stable,36.1,43.5,20.4,36.1
z_43.5_7.5,2028,Stable,36.6,42.8,20.7,36.6
z_43.5_7.5,2029,Stable,35.4,42.5,22.1,35.4
z_43.5_7.5,2030,Augmentation,44.7,44.7,22.3,33.0
z_43.5_9.0,2023,Augmentation,59.6,59.6,12.5,27.9
z_43.5_9.0,2024,Augmentation,58.6,58.6,13.4,28.0
z_43.5_9.0,2025,Augmentation,66.2,66.2,12.2,21.6
z_43.5_9.0,2026,Augmentation,70.2,70.2,11.4,18.4
z_43.5_9.0,2027,Augmentation,65.9,65.9,13.5,20.6
z_43.5_9.0,2028,Augmentation,67.9,67.9,12.1,20.0
z_43.5_9.0,2029,Augmentation,62.8,62.8,14.2,23.0
z_43.5_9.0,2030,Augmentation,69.3,69.3,12.5,18.3
z_45.0_-1.5,2023,Augmentation,67.8,67.8,13.2,18.9
z_45.0_-1.5,2024,Augmentation,72.7,72.7,9.5,17.8
z_45.0_-1.5,2025,Stable,41.7,43.2,15.1,41.7
z_45.0_-1.5,2026,Augmentation,58.0,58.0,14.5,27.5
z_45.0_-1.5,2027,Augmentation,66.8,66.8,10.4,22.9
z_45.0_-1.5,2028,Augmentation,61.5,61.5,13.0,25.5
z_45.0_-1.5,2029,Augmentation,77.2,77.2,10.3,12.5
z_45.0_-1.5,2030,Augmentation,74.3,74.3,10.6,15.1
z_45.0_-19.5,2023,Diminution,74.7,1.7,74.7,23.6
z_45.0_-19.5,2024,Diminution,74.7,1.7,74.7,23.6
z_45.0_-19.5,2025,Diminution,61.7,3.6,61.7,34.7
z_45.0_-19.5,2026,Diminution,74.1,3.9,74.1,21.9
z_45.0_-19.5,2027,Diminution,74.9,1.9,74.9,23.1
z_45.0_-19.5,2028,Diminution,68.7,3.4,68.7,27.8
z_45.0_-19.5,2029,Diminution,74.6,1.8,74.6,23.5
z_45.0_-19.5,2030,Diminution,74.7,1.7,74.7,23.6
z_45.0_-3.0,2023,Augmentation,57.9,57.9,21.9,20.2
z_45.0_-3.0,2024,Augmentation,54.9,54.9,20.4,24.7
z_45.0_-3.0,2025,Augmentation,51.7,51.7,25.5,22.7
z_45.0_-3.0,2026,Augmentation,53.4,53.4,23.8,22.8
z_45.0_-3.0,2027,Augmentation,57.6,57.6,19.8,22.7
z_45.0_-3.0,2028,Augmentation,54.4,54.4,19.9,25.7
z_45.0_-3.0,2029,Augmentation,56.8,56.8,20.8,22.4
z_45.0_-3.0,2030,Augmentation,57.4,57.4,20.5,22.1
z_45.0_-4.5,2023,Augmentation,62.3,62.3,18.5,19.2
z_45.0_-4.5,2024,Augmentation,52.8,52.8,24.7,22.4
z_45.0_-4.5,2025,Augmentation,42.4,42.4,26.3,31.3
z_45.0_-4.5,2026,Stable,32.8,42.5,24.7,32.8
z_45.0_-4.5,2027,Stable,40.3,38.9,20.8,40.3
z_45.0_-4.5,2028,Augmentation,46.0,46.0,22.6,31.4
z_45.0_-4.5,2029,Augmentation,49.2,49.2,22.5,28.3
z_45.0_-4.5,2030,Augmentation,48.4,48.4,21.5,30.1
z_45.0_-6.0,2023,Stable,48.0,18.2,33.8,48.0
z_45.0_-6.0,2024,Stable,45.5,22.1,32.4,45.5
z_45.0_-6.0,2025,Stable,50.4,20.2,29.4,50.4
z_45.0_-6.0,2026,Stable,40.9,24.2,35.0,40.9
z_45.0_-6.0,2027,Stable,48.6,21.0,30.4,48.6
z_45.0_-6.0,2028,Stable,45.5,22.1,32.4,45.5
z_45.0_-6.0,2029,Stable,50.4,20.2,29.4,50.4
z_45.0_-6.0,2030,Stable,44.2,21.6,34.2,44.2
z_45.0_-7.5,2023,Stable,55.0,18.3,26.6,55.0
z_45.0_-7.5,2024,Stable,42.2,25.3,32.5,42.2
z_45.0_-7.5,2025,Stable,46.6,24.0,29.4,46.6
z_45.0_-7.5,2026,Stable,45.0,29.0,26.0,45.0
z_45.0_-7.5,2027,Stable,46.8,24.6,28.6,46.8
z_45.0_-7.5,2028,Stable,48.9,16.5,34.6,48.9
z_45.0_-7.5,2029,Stable,50.3,19.9,29.9,50.3
z_45.0_-7.5,2030,Stable,47.4,25.2,27.4,47.4
z_45.0_-9.0,2023,Stable,66.0,12.1,22.0,66.0
z_45.0_-9.0,2024,Stable,61.1,16.4,22.5,61.1
z_45.0_-9.0,2025,Stable,61.4,13.4,25.2,61.4
z_45.0_-9.0,2026,Stable,51.0,21.3,27.7,51.0
z_45.0_-9.0,2027,Stable,58.2,20.6,21.2,58.2
z_45.0_-9.0,2028,Stable,56.6,17.1,26.3,56.6
z_45.0_-9.0,2029,Stable,63.2,17.5,19.3,63.2
z_45.0_-9.0,2030,Stable,67.7,14.3,17.9,67.7
z_45.0_12.0,2023,Augmentation,58.2,58.2,16.0,25.8
z_45.0_12.0,2024,Stable,37.5,47.0,15.5,37.5
z_45.0_12.0,2025,Augmentation,60.1,60.1,17.2,22.6
z_45.0_12.0,2026,Augmentation,61.1,61.1,13.1,25.8
z_45.0_12.0,2027,Augmentation,53.5,53.5,17.4,29.1
z_45.0_12.0,2028,Augmentation,62.4,62.4,15.3,22.3
z_45.0_12.0,2029,Augmentation,56.7,56.7,15.9,27.3
z_45.0_12.0,2030,Augmentation,57.3,57.3,14.6,28.1
z_45.0_13.5,2023,Augmentation,46.6,46.6,19.1,34.3
z_45.0_13.5,2024,Augmentation,62.1,62.1,17.0,20.9
z_45.0_13.5,2025,Augmentation,75.3,75.3,11.9,12.8
z_45.0_13.5,2026,Augmentation,79.8,79.8,10.2,10.0
z_45.0_13.5,2027,Augmentation,73.9,73.9,12.5,13.6
z_45.0_13.5,2028,Augmentation,74.6,74.6,13.8,11.6
z_45.0_13.5,2029,Augmentation,65.9,65.9,15.4,18.7
z_45.0_13.5,2030,Augmentation,71.2,71.2,15.2,13.5
z_45.0_28.5,2023,Diminution,80.0,4.0,80.0,15.9
z_45.0_28.5,2024,Diminution,80.0,4.0,80.0,15.9
z_45.0_28.5,2025,Diminution,73.3,5.3,73.3,21.4
z_45.0_28.5,2026,Diminution,73.2,6.8,73.2,20.0
z_45.0_28.5,2027,Diminution,75.1,3.3,75.1,21.7
z_45.0_28.5,2028,Diminution,74.7,5.1,74.7,20.2
z_45.0_28.5,2029,Diminution,75.3,7.5,75.3,17.2
z_45.0_28.5,2030,Diminution,80.0,4.0,80.0,15.9
z_45.0_36.0,2023,Stable,56.2,22.0,21.8,56.2
z_45.0_36.0,2024,Stable,38.9,33.4,27.7,38.9
z_45.0_36.0,2025,Stable,43.3,29.0,27.7,43.3
z_45.0_36.0,2026,Stable,34.6,31.6,33.8,34.6
z_45.0_36.0,2027,Stable,36.6,29.4,34.0,36.6
z_45.0_36.0,2028,Stable,34.3,38.1,27.6,34.3
z_45.0_36.0,2029,Augmentation,41.7,41.7,30.2,28.1
z_45.0_36.0,2030,Stable,28.9,37.8,33.2,28.9
z_46.5_-10.5,2023,Diminution,64.4,2.5,64.4,33.1
z_46.5_-10.5,2024,Diminution,60.7,7.3,60.7,32.0
z_46.5_-10.5,2025,Diminution,57.4,5.4,57.4,37.2
z_46.5_-10.5,2026,Diminution,69.8,1.3,69.8,28.9
z_46.5_-10.5,2027,Diminution,61.2,6.2,61.2,32.6
z_46.5_-10.5,2028,Diminution,67.2,3.1,67.2,29.7
z_46.5_-10.5,2029,Diminution,69.2,2.5,69.2,28.3
z_46.5_-10.5,2030,Diminution,69.2,2.5,69.2,28.3
z_46.5_-3.0,2023,Augmentation,69.5,69.5,15.1,15.4
z_46.5_-3.0,2024,Augmentation,65.4,65.4,19.6,15.0
z_46.5_-3.0,2025,Augmentation,64.5,64.5,16.4,19.1
z_46.5_-3.0,2026,Augmentation,56.1,56.1,23.2,20.8
z_46.5_-3.0,2027,Augmentation,66.7,66.7,15.0,18.2
z_46.5_-3.0,2028,Augmentation,69.5,69.5,13.1,17.4
z_46.5_-3.0,2029,Augmentation,65.9,65.9,17.5,16.5
z_46.5_-3.0,2030,Augmentation,67.8,67.8,14.7,17.6
z_46.5_-36.0,2023,Diminution,71.9,12.9,71.9,15.3
z_46.5_-36.0,2024,Diminution,71.9,12.9,71.9,15.3
z_46.5_-36.0,2025,Diminution,60.3,15.7,60.3,24.0
z_46.5_-36.0,2026,Diminution,71.4,9.8,71.4,18.8
z_46.5_-36.0,2027,Diminution,72.0,8.9,72.0,19.1
z_46.5_-36.0,2028,Diminution,69.9,17.2,69.9,12.9
z_46.5_-36.0,2029,Diminution,72.9,7.5,72.9,19.5
z_46.5_-36.0,2030,Diminution,71.9,12.9,71.9,15.3
z_46.5_-4.5,2023,Augmentation,66.3,66.3,12.0,21.7
z_46.5_-4.5,2024,Augmentation,68.1,68.1,11.9,20.1
z_46.5_-4.5,2025,Augmentation,59.9,59.9,15.2,24.9
z_46.5_-4.5,2026,Augmentation,73.3,73.3,13.1,13.5
z_46.5_-4.5,2027,Augmentation,63.6,63.6,13.3,23.1
z_46.5_-4.5,2028,Augmentation,64.0,64.0,16.2,19.8
z_46.5_-4.5,2029,Augmentation,68.4,68.4,12.7,18.9
z_46.5_-4.5,2030,Augmentation,67.8,67.8,14.2,18.0
z_46.5_-6.0,2023,Augmentation,57.0,57.0,17.3,25.7
z_46.5_-6.0,2024,Augmentation,59.4,59.4,19.1,21.5
z_46.5_-6.0,2025,Augmentation,54.8,54.8,21.8,23.5
z_46.5_-6.0,2026,Augmentation,45.1,45.1,25.6,29.3
z_46.5_-6.0,2027,Augmentation,53.6,53.6,19.8,26.7
z_46.5_-6.0,2028,Augmentation,59.2,59.2,17.0,23.8
z_46.5_-6.0,2029,Augmentation,59.3,59.3,20.8,19.9
z_46.5_-6.0,2030,Augmentation,64.4,64.4,17.2,18.5
z_46.5_-7.5,2023,Augmentation,63.3,63.3,21.1,15.6
z_46.5_-7.5,2024,Stable,31.9,39.1,29.1,31.9
z_46.5_-7.5,2025,Stable,31.4,41.3,27.3,31.4
z_46.5_-7.5,2026,Stable,36.1,38.6,25.3,36.1
z_46.5_-7.5,2027,Stable,47.7,29.7,22.7,47.7
z_46.5_-7.5,2028,Stable,45.4,35.7,19.0,45.4
z_46.5_-7.5,2029,Stable,38.8,37.3,23.9,38.8
z_46.5_-7.5,2030,Stable,46.2,35.2,18.6,46.2
z_48.0_-1.5,2023,Augmentation,46.7,46.7,23.4,29.9
z_48.0_-1.5,2024,Augmentation,62.3,62.3,18.2,19.5
z_48.0_-1.5,2025,Augmentation,54.3,54.3,20.6,25.0
z_48.0_-1.5,2026,Augmentation,52.2,52.2,22.8,25.0
z_48.0_-1.5,2027,Augmentation,57.3,57.3,21.4,21.3
z_48.0_-1.5,2028,Augmentation,49.8,49.8,23.6,26.6
z_48.0_-1.5,2029,Augmentation,52.8,52.8,22.3,24.9
z_48.0_-1.5,2030,Augmentation,54.6,54.6,22.3,23.1
z_48.0_-10.5,2023,Stable,60.2,22.4,17.4,60.2
z_48.0_-10.5,2024,Stable,50.2,27.2,22.5,50.2
z_48.0_-10.5,2025,Stable,50.1,26.6,23.3,50.1
z_48.0_-10.5,2026,Stable,43.1,32.7,24.2,43.1
z_48.0_-10.5,2027,Stable,50.1,26.7,23.2,50.1
z_48.0_-10.5,2028,Stable,49.1,25.9,25.0,49.1
z_48.0_-10.5,2029,Stable,55.7,24.3,19.9,55.7
z_48.0_-10.5,2030,Stable,49.8,27.1,23.1,49.8
z_48.0_-12.0,2023,Stable,50.3,23.4,26.3,50.3
z_48.0_-12.0,2024,Stable,41.7,29.0,29.3,41.7
z_48.0_-12.0,2025,Stable,41.1,23.8,35.1,41.1
z_48.0_-12.0,2026,Stable,50.4,23.6,26.0,50.4
z_48.0_-12.0,2027,Stable,52.3,21.3,26.4,52.3
z_48.0_-12.0,2028,Stable,40.0,23.5,36.5,40.0
z_48.0_-12.0,2029,Stable,45.5,24.3,30.1,45.5
z_48.0_-12.0,2030,Stable,49.1,24.1,26.8,49.1
z_48.0_-15.0,2023,Diminution,70.2,7.5,70.2,22.3
z_48.0_-15.0,2024,Diminution,59.0,13.3,59.0,27.7
z_48.0_-15.0,2025,Diminution,66.3,6.1,66.3,27.7
z_48.0_-15.0,2026,Diminution,73.6,4.7,73.6,21.6
z_48.0_-15.0,2027,Diminution,70.3,11.6,70.3,18.1
z_48.0_-15.0,2028,Diminution,71.9,3.8,71.9,24.4
z_48.0_-15.0,2029,Diminution,70.2,7.5,70.2,22.3
z_48.0_-15.0,2030,Diminution,70.2,7.5,70.2,22.3
z_48.0_-24.0,2023,Diminution,62.0,4.6,62.0,33.4
z_48.0_-24.0,2024,Diminution,62.0,4.6,62.0,33.4
z_48.0_-24.0,2025,Diminution,53.4,9.1,53.4,37.5
z_48.0_-24.0,2026,Diminution,62.9,4.6,62.9,32.5
z_48.0_-24.0,2027,Diminution,65.5,3.1,65.5,31.4
z_48.0_-24.0,2028,Diminution,64.0,8.8,64.0,27.3
z_48.0_-24.0,2029,Diminution,61.5,2.3,61.5,36.2
z_48.0_-24.0,2030,Diminution,62.0,4.6,62.0,33.4
z_48.0_-3.0,2023,Augmentation,64.3,64.3,18.9,16.8
z_48.0_-3.0,2024,Augmentation,55.0,55.0,21.5,23.5
z_48.0_-3.0,2025,Augmentation,43.2,43.2,29.4,27.3
z_48.0_-3.0,2026,Stable,34.7,39.9,25.4,34.7
z_48.0_-3.0,2027,Augmentation,49.3,49.3,22.8,27.9
z_48.0_-3.0,2028,Augmentation,44.5,44.5,22.4,33.1
z_48.0_-3.0,2029,Augmentation,59.5,59.5,22.7,17.8
z_48.0_-3.0,2030,Augmentation,58.9,58.9,21.6,19.5
z_48.0_-30.0,2023,Diminution,62.3,4.6,62.3,33.1
z_48.0_-30.0,2024,Diminution,62.3,4.6,62.3,33.1
z_48.0_-30.0,2025,Diminution,62.3,4.6,62.3,33.1
z_48.0_-30.0,2026,Diminution,53.2,9.2,53.2,37.6
z_48.0_-30.0,2027,Diminution,63.2,4.4,63.2,32.4
z_48.0_-30.0,2028,Diminution,65.6,3.1,65.6,31.2
z_48.0_-30.0,2029,Diminution,64.6,8.5,64.6,26.9
z_48.0_-30.0,2030,Diminution,61.4,2.4,61.4,36.2
z_48.0_-4.5,2023,Augmentation,65.6,65.6,14.2,20.2
z_48.0_-4.5,2024,Augmentation,56.4,56.4,19.0,24.6
z_48.0_-4.5,2025,Augmentation,56.1,56.1,15.3,28.6
z_48.0_-4.5,2026,Augmentation,54.6,54.6,15.7,29.7
z_48.0_-4.5,2027,Augmentation,56.0,56.0,16.2,27.8
z_48.0_-4.5,2028,Augmentation,61.6,61.6,14.1,24.3
z_48.0_-4.5,2029,Augmentation,59.1,59.1,15.4,25.5
z_48.0_-4.5,2030,Augmentation,58.7,58.7,16.3,25.0
z_48.0_-6.0,2023,Augmentation,43.9,43.9,27.4,28.7
z_48.0_-6.0,2024,Augmentation,41.8,41.8,32.8,25.4
z_48.0_-6.0,2025,Augmentation,47.0,47.0,24.2,28.8
z_48.0_-6.0,2026,Augmentation,47.0,47.0,23.7,29.3
z_48.0_-6.0,2027,Augmentation,46.9,46.9,25.2,27.9
z_48.0_-6.0,2028,Augmentation,49.1,49.1,27.4,23.5
z_48.0_-6.0,2029,Augmentation,46.1,46.1,30.6,23.3
z_48.0_-6.0,2030,Augmentation,46.4,46.4,28.1,25.5
z_48.0_-7.5,2023,Augmentation,64.3,64.3,15.0,20.7
z_48.0_-7.5,2024,Augmentation,66.9,66.9,16.0,17.1
z_48.0_-7.5,2025,Augmentation,60.3,60.3,22.5,17.2
z_48.0_-7.5,2026,Augmentation,53.9,53.9,20.4,25.8
z_48.0_-7.5,2027,Augmentation,58.1,58.1,22.3,19.6
z_48.0_-7.5,2028,Augmentation,61.6,61.6,22.0,16.5
z_48.0_-7.5,2029,Augmentation,60.8,60.8,24.3,14.8
z_48.0_-7.5,2030,Augmentation,66.1,66.1,21.8,12.1
z_48.0_-9.0,2023,Stable,42.5,35.9,21.7,42.5
z_48.0_-9.0,2024,Stable,37.1,40.0,22.9,37.1
z_48.0_-9.0,2025,Stable,35.9,43.0,21.1,35.9
z_48.0_-9.0,2026,Augmentation,57.3,57.3,20.6,22.0
z_48.0_-9.0,2027,Augmentation,54.6,54.6,23.0,22.4
z_48.0_-9.0,2028,Augmentation,56.5,56.5,20.0,23.5
z_48.0_-9.0,2029,Augmentation,58.5,58.5,19.3,22.2
z_48.0_-9.0,2030,Augmentation,61.4,61.4,18.3,20.3
z_49.5_-1.5,2023,Stable,28.8,37.2,34.0,28.8
z_49.5_-1.5,2024,Augmentation,52.5,52.5,27.6,19.8
z_49.5_-1.5,2025,Augmentation,51.6,51.6,27.1,21.3
z_49.5_-1.5,2026,Augmentation,49.7,49.7,33.1,17.3
z_49.5_-1.5,2027,Augmentation,53.9,53.9,29.1,17.0
z_49.5_-1.5,2028,Augmentation,54.7,54.7,26.9,18.5
z_49.5_-1.5,2029,Augmentation,54.8,54.8,28.1,17.2
z_49.5_-1.5,2030,Augmentation,55.0,55.0,28.0,17.0
z_49.5_-12.0,2023,Stable,36.8,48.5,14.8,36.8
z_49.5_-12.0,2024,Stable,46.8,36.9,16.2,46.8
z_49.5_-12.0,2025,Augmentation,53.3,53.3,20.4,26.3
z_49.5_-12.0,2026,Stable,47.4,31.0,21.6,47.4
z_49.5_-12.0,2027,Stable,34.4,40.0,25.6,34.4
z_49.5_-12.0,2028,Stable,48.1,32.2,19.7,48.1
z_49.5_-12.0,2029,Stable,43.6,40.2,16.3,43.6
z_49.5_-12.0,2030,Stable,39.8,43.8,16.4,39.8
z_49.5_-16.5,2023,Diminution,75.7,2.0,75.7,22.3
z_49.5_-16.5,2024,Diminution,75.7,2.0,75.7,22.3
z_49.5_-16.5,2025,Diminution,75.7,2.0,75.7,22.3
z_49.5_-16.5,2026,Diminution,57.4,3.9,57.4,38.7
z_49.5_-16.5,2027,Diminution,72.6,4.3,72.6,23.1
z_49.5_-16.5,2028,Diminution,75.8,2.6,75.8,21.6
z_49.5_-16.5,2029,Diminution,70.0,4.1,70.0,25.9
z_49.5_-16.5,2030,Diminution,73.9,2.3,73.9,23.8
z_49.5_-18.0,2023,Diminution,78.1,3.9,78.1,17.9
z_49.5_-18.0,2024,Diminution,63.2,10.5,63.2,26.3
z_49.5_-18.0,2025,Diminution,73.4,3.8,73.4,22.8
z_49.5_-18.0,2026,Diminution,81.2,2.7,81.2,16.1
z_49.5_-18.0,2027,Diminution,76.4,8.5,76.4,15.1
z_49.5_-18.0,2028,Diminution,75.6,2.0,75.6,22.4
z_49.5_-18.0,2029,Diminution,78.1,3.9,78.1,17.9
z_49.5_-18.0,2030,Diminution,78.1,3.9,78.1,17.9
z_49.5_-3.0,2023,Augmentation,46.6,46.6,32.1,21.2
z_49.5_-3.0,2024,Stable,28.1,36.2,35.7,28.1
z_49.5_-3.0,2025,Augmentation,40.3,40.3,32.0,27.7
z_49.5_-3.0,2026,Augmentation,46.9,46.9,20.7,32.4
z_49.5_-3.0,2027,Stable,34.4,44.4,21.1,34.4
z_49.5_-3.0,2028,Augmentation,52.3,52.3,21.4,26.3
z_49.5_-3.0,2029,Augmentation,54.3,54.3,21.1,24.7
z_49.5_-3.0,2030,Augmentation,49.3,49.3,22.4,28.2
z_49.5_-4.5,2023,Stable,40.5,37.0,22.5,40.5
z_49.5_-4.5,2024,Stable,40.7,43.0,16.3,40.7
z_49.5_-4.5,2025,Stable,50.5,32.2,17.3,50.5
z_49.5_-4.5,2026,Stable,44.3,33.6,22.1,44.3
z_49.5_-4.5,2027,Stable,39.9,39.1,21.0,39.9
z_49.5_-4.5,2028,Stable,44.0,37.2,18.8,44.0
z_49.5_-4.5,2029,Stable,38.6,43.5,17.8,38.6
z_49.5_-4.5,2030,Stable,36.2,45.8,18.0,36.2
z_49.5_-6.0,2023,Augmentation,51.2,51.2,25.6,23.1
z_49.5_-6.0,2024,Augmentation,45.3,45.3,21.2,33.5
z_49.5_-6.0,2025,Augmentation,46.5,46.5,21.9,31.6
z_49.5_-6.0,2026,Stable,38.4,41.0,20.5,38.4
z_49.5_-6.0,2027,Augmentation,51.6,51.6,19.7,28.8
z_49.5_-6.0,2028,Augmentation,53.6,53.6,16.8,29.6
z_49.5_-6.0,2029,Augmentation,59.1,59.1,16.5,24.4
z_49.5_-6.0,2030,Augmentation,61.1,61.1,15.8,23.1
z_49.5_-7.5,2023,Stable,39.3,39.8,20.9,39.3
z_49.5_-7.5,2024,Stable,44.9,28.4,26.7,44.9
z_49.5_-7.5,2025,Stable,46.7,32.1,21.2,46.7
z_49.5_-7.5,2026,Stable,41.7,30.0,28.3,41.7
z_49.5_-7.5,2027,Stable,41.2,33.5,25.4,41.2
z_49.5_-7.5,2028,Stable,54.1,26.0,19.8,54.1
z_49.5_-7.5,2029,Stable,49.4,29.4,21.2,49.4
z_49.5_-7.5,2030,Stable,49.6,28.8,21.6,49.6
z_49.5_-9.0,2023,Stable,52.3,31.4,16.3,52.3
z_49.5_-9.0,2024,Stable,52.0,35.5,12.6,52.0
z_49.5_-9.0,2025,Augmentation,51.0,51.0,13.4,35.6
z_49.5_-9.0,2026,Stable,45.4,37.0,17.6,45.4
z_49.5_-9.0,2027,Augmentation,47.6,47.6,17.0,35.4
z_49.5_-9.0,2028,Stable,40.9,42.6,16.5,40.9
z_49.5_-9.0,2029,Stable,46.1,39.2,14.7,46.1
z_49.5_-9.0,2030,Stable,47.5,36.9,15.6,47.5
z_49.5_0.0,2023,Augmentation,55.7,55.7,27.0,17.3
z_49.5_0.0,2024,Augmentation,48.3,48.3,29.1,22.5
z_49.5_0.0,2025,Augmentation,54.3,54.3,26.8,18.9
z_49.5_0.0,2026,Augmentation,44.9,44.9,30.9,24.2
z_49.5_0.0,2027,Augmentation,59.2,59.2,22.3,18.5
z_49.5_0.0,2028,Augmentation,62.6,62.6,23.0,14.4
z_49.5_0.0,2029,Augmentation,58.4,58.4,24.0,17.6
z_49.5_0.0,2030,Augmentation,61.3,61.3,24.1,14.7
z_51.0_-10.5,2023,Augmentation,70.7,70.7,15.5,13.7
z_51.0_-10.5,2024,Augmentation,68.8,68.8,18.4,12.8
z_51.0_-10.5,2025,Augmentation,55.5,55.5,16.4,28.1
z_51.0_-10.5,2026,Stable,34.2,44.4,21.4,34.2
z_51.0_-10.5,2027,Augmentation,53.2,53.2,19.1,27.7
z_51.0_-10.5,2028,Augmentation,54.8,54.8,19.2,26.0
z_51.0_-10.5,2029,Augmentation,58.7,58.7,16.4,24.9
z_51.0_-10.5,2030,Augmentation,79.4,79.4,12.1,8.5
z_51.0_-12.0,2023,Stable,36.0,42.8,21.3,36.0
z_51.0_-12.0,2024,Stable,41.5,41.6,17.0,41.5
z_51.0_-12.0,2025,Stable,38.4,40.7,20.9,38.4
z_51.0_-12.0,2026,Stable,47.0,35.4,17.6,47.0
z_51.0_-12.0,2027,Stable,36.1,43.9,20.1,36.1
z_51.0_-12.0,2028,Augmentation,51.0,51.0,19.0,30.0
z_51.0_-12.0,2029,Stable,35.8,46.4,17.8,35.8
z_51.0_-12.0,2030,Augmentation,49.0,49.0,19.0,32.0
z_51.0_-13.5,2023,Stable,48.3,30.3,21.4,48.3
z_51.0_-13.5,2024,Stable,61.5,17.4,21.1,61.5
z_51.0_-13.5,2025,Stable,52.9,18.9,28.2,52.9
z_51.0_-13.5,2026,Stable,48.3,20.6,31.2,48.3
z_51.0_-13.5,2027,Stable,51.2,22.2,26.5,51.2
z_51.0_-13.5,2028,Stable,51.2,22.2,26.5,51.2
z_51.0_-13.5,2029,Stable,51.2,22.2,26.5,51.2
z_51.0_-13.5,2030,Stable,51.2,22.2,26.5,51.2
z_51.0_-15.0,2023,Stable,51.9,29.3,18.9,51.9
z_51.0_-15.0,2024,Stable,49.7,33.0,17.2,49.7
z_51.0_-15.0,2025,Stable,53.3,29.8,16.9,53.3
z_51.0_-15.0,2026,Stable,54.2,27.1,18.7,54.2
z_51.0_-15.0,2027,Stable,58.4,25.5,16.1,58.4
z_51.0_-15.0,2028,Stable,51.2,29.7,19.1,51.2
z_51.0_-15.0,2029,Stable,53.2,30.1,16.7,53.2
z_51.0_-15.0,2030,Stable,58.4,25.7,15.9,58.4
z_51.0_-16.5,2023,Stable,42.1,5.6,52.3,42.1
z_51.0_-16.5,2024,Stable,52.0,8.5,39.5,52.0
z_51.0_-16.5,2025,Stable,39.5,10.8,49.7,39.5
z_51.0_-16.5,2026,Stable,43.5,4.1,52.5,43.5
z_51.0_-16.5,2027,Stable,50.3,5.4,44.3,50.3
z_51.0_-16.5,2028,Stable,42.8,5.3,51.9,42.8
z_51.0_-16.5,2029,Diminution,56.0,4.4,56.0,39.7
z_51.0_-16.5,2030,Diminution,56.0,4.4,56.0,39.7
z_51.0_-18.0,2023,Diminution,72.3,8.0,72.3,19.7
z_51.0_-18.0,2024,Diminution,60.0,13.8,60.0,26.1
z_51.0_-18.0,2025,Diminution,68.8,6.7,68.8,24.5
z_51.0_-18.0,2026,Diminution,75.0,5.3,75.0,19.7
z_51.0_-18.0,2027,Diminution,70.8,13.0,70.8,16.2
z_51.0_-18.0,2028,Diminution,72.1,4.4,72.1,23.4
z_51.0_-18.0,2029,Diminution,72.3,8.0,72.3,19.7
z_51.0_-18.0,2030,Diminution,72.3,8.0,72.3,19.7
z_51.0_-4.5,2023,Augmentation,39.5,39.5,36.8,23.7
z_51.0_-4.5,2024,Stable,36.7,32.2,31.1,36.7
z_51.0_-4.5,2025,Stable,37.3,32.5,30.2,37.3
z_51.0_-4.5,2026,Stable,48.3,28.7,23.0,48.3
z_51.0_-4.5,2027,Stable,43.8,32.0,24.1,43.8
z_51.0_-4.5,2028,Stable,44.0,31.9,24.1,44.0
z_51.0_-4.5,2029,Stable,43.4,32.5,24.1,43.4
z_51.0_-4.5,2030,Stable,43.3,32.4,24.3,43.3
z_51.0_-6.0,2023,Augmentation,39.7,39.7,37.3,23.0
z_51.0_-6.0,2024,Stable,35.4,30.7,34.0,35.4
z_51.0_-6.0,2025,Augmentation,43.8,43.8,29.4,26.8
z_51.0_-6.0,2026,Augmentation,53.9,53.9,21.4,24.7
z_51.0_-6.0,2027,Augmentation,46.2,46.2,26.9,27.0
z_51.0_-6.0,2028,Augmentation,53.1,53.1,22.2,24.6
z_51.0_-6.0,2029,Augmentation,47.2,47.2,24.5,28.3
z_51.0_-6.0,2030,Augmentation,47.5,47.5,24.3,28.2
z_51.0_-7.5,2023,Augmentation,47.1,47.1,21.8,31.1
z_51.0_-7.5,2024,Augmentation,55.1,55.1,13.5,31.4
z_51.0_-7.5,2025,Augmentation,54.4,54.4,17.0,28.7
z_51.0_-7.5,2026,Augmentation,45.6,45.6,26.8,27.6
z_51.0_-7.5,2027,Augmentation,51.3,51.3,16.7,32.1
z_51.0_-7.5,2028,Augmentation,56.7,56.7,19.6,23.7
z_51.0_-7.5,2029,Augmentation,52.6,52.6,23.5,23.9
z_51.0_-7.5,2030,Augmentation,58.0,58.0,17.4,24.6
z_51.0_-9.0,2023,Stable,49.7,35.0,15.3,49.7
z_51.0_-9.0,2024,Augmentation,58.5,58.5,18.5,23.0
z_51.0_-9.0,2025,Augmentation,52.0,52.0,17.4,30.6
z_51.0_-9.0,2026,Stable,41.9,36.8,21.4,41.9
z_51.0_-9.0,2027,Augmentation,51.5,51.5,18.5,30.0
z_51.0_-9.0,2028,Augmentation,52.0,52.0,17.1,30.9
z_51.0_-9.0,2029,Augmentation,57.5,57.5,15.9,26.6
z_51.0_-9.0,2030,Augmentation,69.1,69.1,15.0,16.0
z_51.0_0.0,2023,Diminution,40.3,38.4,40.3,21.4
z_51.0_0.0,2024,Augmentation,38.3,38.3,38.2,23.5
z_51.0_0.0,2025,Augmentation,46.6,46.6,29.8,23.7
z_51.0_0.0,2026,Augmentation,38.5,38.5,33.9,27.6
z_51.0_0.0,2027,Augmentation,47.4,47.4,28.8,23.8
z_51.0_0.0,2028,Augmentation,45.3,45.3,29.8,24.9
z_51.0_0.0,2029,Augmentation,44.8,44.8,33.1,22.1
z_51.0_0.0,2030,Augmentation,49.5,49.5,28.4,22.1
z_51.0_1.5,2023,Augmentation,54.5,54.5,20.9,24.6
z_51.0_1.5,2024,Augmentation,49.1,49.1,24.4,26.6
z_51.0_1.5,2025,Augmentation,48.3,48.3,23.6,28.1
z_51.0_1.5,2026,Augmentation,52.7,52.7,24.4,22.9
z_51.0_1.5,2027,Augmentation,53.8,53.8,22.7,23.5
z_51.0_1.5,2028,Augmentation,58.0,58.0,19.3,22.7
z_51.0_1.5,2029,Augmentation,57.1,57.1,20.8,22.1
z_51.0_1.5,2030,Augmentation,59.4,59.4,19.5,21.0
z_51.0_3.0,2023,Augmentation,46.3,46.3,21.9,31.8
z_51.0_3.0,2024,Augmentation,45.8,45.8,22.7,31.5
z_51.0_3.0,2025,Augmentation,46.2,46.2,22.9,30.9
z_51.0_3.0,2026,Stable,32.7,41.3,25.9,32.7
z_51.0_3.0,2027,Augmentation,45.5,45.5,23.6,30.9
z_51.0_3.0,2028,Augmentation,46.0,46.0,21.6,32.4
z_51.0_3.0,2029,Augmentation,51.7,51.7,20.9,27.4
z_51.0_3.0,2030,Augmentation,47.5,47.5,21.5,31.0
z_52.5_-1.5,2023,Stable,38.3,34.9,26.8,38.3
z_52.5_-1.5,2024,Augmentation,47.5,47.5,21.7,30.8
z_52.5_-1.5,2025,Augmentation,48.4,48.4,18.6,33.0
z_52.5_-1.5,2026,Stable,36.1,42.4,21.5,36.1
z_52.5_-1.5,2027,Augmentation,57.5,57.5,17.9,24.6
z_52.5_-1.5,2028,Augmentation,54.1,54.1,17.6,28.2
z_52.5_-1.5,2029,Augmentation,52.2,52.2,19.4,28.4
z_52.5_-1.5,2030,Augmentation,56.7,56.7,17.6,25.7
z_52.5_-10.5,2023,Stable,46.0,33.5,20.5,46.0
z_52.5_-10.5,2024,Stable,43.8,33.4,22.8,43.8
z_52.5_-10.5,2025,Stable,57.9,23.3,18.8,57.9
z_52.5_-10.5,2026,Stable,49.5,29.7,20.8,49.5
z_52.5_-10.5,2027,Stable,48.4,29.4,22.2,48.4
z_52.5_-10.5,2028,Stable,44.0,38.2,17.8,44.0
z_52.5_-10.5,2029,Stable,42.0,39.1,18.8,42.0
z_52.5_-10.5,2030,Stable,48.2,35.8,16.0,48.2
z_52.5_-12.0,2023,Stable,59.5,14.1,26.4,59.5
z_52.5_-12.0,2024,Stable,47.8,25.1,27.1,47.8
z_52.5_-12.0,2025,Stable,49.3,18.2,32.6,49.3
z_52.5_-12.0,2026,Stable,50.7,22.9,26.4,50.7
z_52.5_-12.0,2027,Stable,54.1,22.2,23.8,54.1
z_52.5_-12.0,2028,Stable,56.6,22.7,20.7,56.6
z_52.5_-12.0,2029,Stable,47.7,29.0,23.3,47.7
z_52.5_-12.0,2030,Stable,49.6,27.2,23.2,49.6
z_52.5_-13.5,2023,Stable,45.7,30.3,24.0,45.7
z_52.5_-13.5,2024,Stable,56.2,22.9,20.9,56.2
z_52.5_-13.5,2025,Stable,40.7,33.9,25.4,40.7
z_52.5_-13.5,2026,Stable,58.9,19.6,21.5,58.9
z_52.5_-13.5,2027,Stable,55.9,23.2,21.0,55.9
z_52.5_-13.5,2028,Stable,50.1,26.1,23.8,50.1
z_52.5_-13.5,2029,Stable,53.5,25.6,21.0,53.5
z_52.5_-13.5,2030,Stable,53.5,25.6,21.0,53.5
z_52.5_-15.0,2023,Stable,42.1,16.9,41.0,42.1
z_52.5_-15.0,2024,Stable,44.3,17.7,38.0,44.3
z_52.5_-15.0,2025,Diminution,44.5,25.2,44.5,30.3
z_52.5_-15.0,2026,Stable,43.8,17.1,39.1,43.8
z_52.5_-15.0,2027,Stable,36.2,18.5,45.3,36.2
z_52.5_-15.0,2028,Stable,42.3,13.4,44.3,42.3
z_52.5_-15.0,2029,Stable,44.3,17.7,38.0,44.3
z_52.5_-15.0,2030,Diminution,44.5,25.2,44.5,30.3
z_52.5_-4.5,2023,Stable,43.3,30.0,26.7,43.3
z_52.5_-4.5,2024,Stable,50.3,31.2,18.5,50.3
z_52.5_-4.5,2025,Augmentation,49.0,49.0,19.5,31.5
z_52.5_-4.5,2026,Stable,40.7,38.6,20.6,40.7
z_52.5_-4.5,2027,Stable,35.3,46.2,18.5,35.3
z_52.5_-4.5,2028,Stable,46.4,36.9,16.7,46.4
z_52.5_-4.5,2029,Stable,45.8,35.7,18.6,45.8
z_52.5_-4.5,2030,Stable,40.5,41.8,17.6,40.5
z_52.5_-6.0,2023,Augmentation,56.9,56.9,13.7,29.4
z_52.5_-6.0,2024,Stable,43.8,37.0,19.2,43.8
z_52.5_-6.0,2025,Augmentation,60.2,60.2,15.9,23.9
z_52.5_-6.0,2026,Stable,38.2,44.0,17.9,38.2
z_52.5_-6.0,2027,Stable,36.2,44.2,19.5,36.2
z_52.5_-6.0,2028,Augmentation,56.8,56.8,12.7,30.5
z_52.5_-6.0,2029,Augmentation,50.0,50.0,16.7,33.3
z_52.5_-6.0,2030,Augmentation,60.1,60.1,15.5,24.5
z_52.5_-7.5,2023,Augmentation,68.2,68.2,12.9,18.9
z_52.5_-7.5,2024,Augmentation,64.1,64.1,13.6,22.3
z_52.5_-7.5,2025,Augmentation,62.5,62.5,11.0,26.5
z_52.5_-7.5,2026,Augmentation,61.0,61.0,14.6,24.4
z_52.5_-7.5,2027,Augmentation,57.7,57.7,15.9,26.4
z_52.5_-7.5,2028,Augmentation,59.2,59.2,12.9,27.9
z_52.5_-7.5,2029,Augmentation,55.2,55.2,15.4,29.4
z_52.5_-7.5,2030,Augmentation,57.9,57.9,13.1,29.0
z_52.5_0.0,2023,Stable,34.9,33.9,31.2,34.9
z_52.5_0.0,2024,Stable,44.0,30.0,26.0,44.0
z_52.5_0.0,2025,Stable,44.5,32.2,23.3,44.5
z_52.5_0.0,2026,Augmentation,52.9,52.9,19.7,27.4
z_52.5_0.0,2027,Stable,36.6,38.6,24.8,36.6
z_52.5_0.0,2028,Stable,37.7,40.8,21.5,37.7
z_52.5_0.0,2029,Stable,51.2,31.6,17.2,51.2
z_52.5_0.0,2030,Stable,46.7,33.1,20.2,46.7
z_52.5_1.5,2023,Augmentation,50.4,50.4,29.3,20.3
z_52.5_1.5,2024,Stable,30.3,36.6,33.1,30.3
z_52.5_1.5,2025,Stable,40.6,30.6,28.8,40.6
z_52.5_1.5,2026,Stable,41.5,37.2,21.3,41.5
z_52.5_1.5,2027,Stable,47.5,26.8,25.7,47.5
z_52.5_1.5,2028,Stable,38.2,39.3,22.5,38.2
z_52.5_1.5,2029,Stable,43.2,31.3,25.5,43.2
z_52.5_1.5,2030,Stable,49.0,28.3,22.7,49.0
z_52.5_13.5,2023,Augmentation,49.4,49.4,16.5,34.1
z_52.5_13.5,2024,Augmentation,57.2,57.2,21.6,21.2
z_52.5_13.5,2025,Augmentation,53.8,53.8,19.2,27.0
z_52.5_13.5,2026,Stable,33.8,44.1,22.1,33.8
z_52.5_13.5,2027,Augmentation,54.2,54.2,20.1,25.7
z_52.5_13.5,2028,Augmentation,52.0,52.0,18.5,29.5
z_52.5_13.5,2029,Augmentation,53.4,53.4,22.9,23.7
z_52.5_13.5,2030,Augmentation,56.9,56.9,20.4,22.7
z_52.5_3.0,2023,Augmentation,54.0,54.0,30.0,16.0
z_52.5_3.0,2024,Augmentation,61.0,61.0,21.3,17.7
z_52.5_3.0,2025,Augmentation,56.6,56.6,26.7,16.7
z_52.5_3.0,2026,Augmentation,55.1,55.1,25.2,19.7
z_52.5_3.0,2027,Augmentation,63.5,63.5,17.4,19.1
z_52.5_3.0,2028,Augmentation,62.6,62.6,23.0,14.5
z_52.5_3.0,2029,Augmentation,61.2,61.2,22.2,16.5
z_52.5_3.0,2030,Augmentation,65.9,65.9,19.2,14.9
z_52.5_4.5,2023,Augmentation,59.2,59.2,20.1,20.8
z_52.5_4.5,2024,Augmentation,65.5,65.5,21.4,13.1
z_52.5_4.5,2025,Augmentation,47.5,47.5,25.3,27.2
z_52.5_4.5,2026,Augmentation,47.1,47.1,27.4,25.5
z_52.5_4.5,2027,Augmentation,59.1,59.1,22.8,18.1
z_52.5_4.5,2028,Augmentation,63.4,63.4,18.1,18.6
z_52.5_4.5,2029,Augmentation,67.4,67.4,16.6,16.0
z_52.5_4.5,2030,Augmentation,67.0,67.0,20.1,12.8
z_52.5_6.0,2023,Augmentation,46.7,46.7,29.9,23.3
z_52.5_6.0,2024,Augmentation,50.3,50.3,25.7,24.0
z_52.5_6.0,2025,Augmentation,58.0,58.0,23.9,18.1
z_52.5_6.0,2026,Augmentation,54.0,54.0,29.5,16.6
z_52.5_6.0,2027,Augmentation,53.7,53.7,28.2,18.1
z_52.5_6.0,2028,Augmentation,49.9,49.9,25.9,24.2
z_52.5_6.0,2029,Augmentation,52.7,52.7,27.8,19.5
z_52.5_6.0,2030,Augmentation,52.1,52.1,28.4,19.4
z_52.5_7.5,2023,Augmentation,62.3,62.3,13.2,24.5
z_52.5_7.5,2024,Augmentation,70.1,70.1,9.9,20.0
z_52.5_7.5,2025,Augmentation,58.2,58.2,12.9,29.0
z_52.5_7.5,2026,Augmentation,59.7,59.7,14.0,26.3
z_52.5_7.5,2027,Augmentation,56.5,56.5,12.7,30.8
z_52.5_7.5,2028,Augmentation,67.0,67.0,10.9,22.1
z_52.5_7.5,2029,Augmentation,66.1,66.1,11.2,22.7
z_52.5_7.5,2030,Augmentation,66.6,66.6,11.0,22.4
z_52.5_9.0,2023,Augmentation,66.1,66.1,15.9,18.0
z_52.5_9.0,2024,Augmentation,66.5,66.5,15.3,18.2
z_52.5_9.0,2025,Augmentation,66.1,66.1,16.0,17.8
z_52.5_9.0,2026,Augmentation,55.4,55.4,23.6,21.0
z_52.5_9.0,2027,Augmentation,57.1,57.1,21.3,21.6
z_52.5_9.0,2028,Augmentation,67.3,67.3,14.5,18.2
z_52.5_9.0,2029,Augmentation,71.6,71.6,13.9,14.5
z_52.5_9.0,2030,Augmentation,66.8,66.8,15.4,17.8
z_54.0_-1.5,2023,Stable,34.2,35.0,30.8,34.2
z_54.0_-1.5,2024,Stable,32.9,39.1,28.0,32.9
z_54.0_-1.5,2025,Stable,39.1,36.8,24.1,39.1
z_54.0_-1.5,2026,Stable,37.0,39.7,23.3,37.0
z_54.0_-1.5,2027,Stable,44.8,32.2,23.1,44.8
z_54.0_-1.5,2028,Stable,40.5,35.0,24.6,40.5
z_54.0_-1.5,2029,Stable,40.0,37.0,23.0,40.0
z_54.0_-1.5,2030,Stable,42.2,33.9,23.9,42.2
z_54.0_-10.5,2023,Diminution,62.2,6.3,62.2,31.5
z_54.0_-10.5,2024,Diminution,58.3,8.1,58.3,33.6
z_54.0_-10.5,2025,Diminution,51.4,16.0,51.4,32.6
z_54.0_-10.5,2026,Diminution,48.8,14.7,48.8,36.4
z_54.0_-10.5,2027,Diminution,50.6,16.7,50.6,32.7
z_54.0_-10.5,2028,Stable,36.3,16.4,47.3,36.3
z_54.0_-10.5,2029,Stable,36.4,16.4,47.1,36.4
z_54.0_-10.5,2030,Stable,36.4,16.4,47.1,36.4
z_54.0_-12.0,2023,Diminution,77.6,2.0,77.6,20.5
z_54.0_-12.0,2024,Diminution,61.7,3.5,61.7,34.8
z_54.0_-12.0,2025,Diminution,75.1,5.3,75.1,19.6
z_54.0_-12.0,2026,Stable,44.3,7.6,48.1,44.3
z_54.0_-12.0,2027,Diminution,70.3,7.5,70.3,22.2
z_54.0_-12.0,2028,Diminution,66.9,4.2,66.9,28.8
z_54.0_-12.0,2029,Diminution,72.7,6.6,72.7,20.7
z_54.0_-12.0,2030,Diminution,76.9,3.2,76.9,19.9
z_54.0_-16.5,2023,Diminution,70.5,6.4,70.5,23.1
z_54.0_-16.5,2024,Diminution,68.0,11.4,68.0,20.6
z_54.0_-16.5,2025,Diminution,57.5,14.3,57.5,28.3
z_54.0_-16.5,2026,Diminution,68.3,8.8,68.3,22.9
z_54.0_-16.5,2027,Diminution,66.6,7.5,66.6,25.9
z_54.0_-16.5,2028,Diminution,67.4,14.9,67.4,17.7
z_54.0_-16.5,2029,Diminution,70.5,6.4,70.5,23.1
z_54.0_-16.5,2030,Diminution,68.0,11.4,68.0,20.6
z_54.0_-4.5,2023,Stable,46.3,29.6,24.2,46.3
z_54.0_-4.5,2024,Stable,45.2,28.7,26.1,45.2
z_54.0_-4.5,2025,Augmentation,46.0,46.0,24.5,29.6
z_54.0_-4.5,2026,Stable,45.0,30.1,24.9,45.0
z_54.0_-4.5,2027,Stable,35.2,41.5,23.3,35.2
z_54.0_-4.5,2028,Stable,45.3,33.7,20.9,45.3
z_54.0_-4.5,2029,Stable,51.7,27.1,21.3,51.7
z_54.0_-4.5,2030,Stable,46.8,32.1,21.1,46.8
z_54.0_-6.0,2023,Stable,38.2,33.3,28.4,38.2
z_54.0_-6.0,2024,Stable,38.4,32.0,29.6,38.4
z_54.0_-6.0,2025,Stable,45.3,31.9,22.8,45.3
z_54.0_-6.0,2026,Stable,39.8,36.5,23.7,39.8
z_54.0_-6.0,2027,Stable,43.7,28.3,28.0,43.7
z_54.0_-6.0,2028,Stable,49.9,26.1,24.0,49.9
z_54.0_-6.0,2029,Stable,44.3,31.3,24.5,44.3
z_54.0_-6.0,2030,Stable,50.5,27.7,21.8,50.5
z_54.0_-7.5,2023,Stable,45.7,31.0,23.3,45.7
z_54.0_-7.5,2024,Stable,49.1,28.0,22.9,49.1
z_54.0_-7.5,2025,Stable,36.0,41.5,22.6,36.0
z_54.0_-7.5,2026,Stable,43.5,28.9,27.6,43.5
z_54.0_-7.5,2027,Stable,38.2,37.1,24.7,38.2
z_54.0_-7.5,2028,Stable,42.9,28.0,29.0,42.9
z_54.0_-7.5,2029,Stable,44.1,30.0,25.9,44.1
z_54.0_-7.5,2030,Stable,44.1,29.8,26.2,44.1
z_54.0_-9.0,2023,Stable,51.6,20.9,27.5,51.6
z_54.0_-9.0,2024,Stable,48.1,24.0,27.9,48.1
z_54.0_-9.0,2025,Stable,61.1,17.3,21.6,61.1
z_54.0_-9.0,2026,Stable,48.5,23.3,28.2,48.5
z_54.0_-9.0,2027,Stable,56.2,21.1,22.7,56.2
z_54.0_-9.0,2028,Stable,50.0,22.5,27.5,50.0
z_54.0_-9.0,2029,Stable,61.1,17.3,21.6,61.1
z_54.0_-9.0,2030,Stable,52.1,19.9,28.0,52.1
z_54.0_0.0,2023,Stable,33.9,37.2,28.9,33.9
z_54.0_0.0,2024,Stable,35.7,33.7,30.6,35.7
z_54.0_0.0,2025,Stable,35.4,33.6,31.1,35.4
z_54.0_0.0,2026,Stable,49.1,27.4,23.5,49.1
z_54.0_0.0,2027,Stable,38.8,27.2,33.9,38.8
z_54.0_0.0,2028,Stable,41.0,30.9,28.1,41.0
z_54.0_0.0,2029,Stable,34.3,29.1,36.6,34.3
z_54.0_0.0,2030,Stable,32.3,34.3,33.4,32.3
z_54.0_1.5,2023,Stable,44.3,29.0,26.7,44.3
z_54.0_1.5,2024,Stable,52.8,24.8,22.4,52.8
z_54.0_1.5,2025,Stable,36.0,34.6,29.4,36.0
z_54.0_1.5,2026,Stable,45.1,29.8,25.1,45.1
z_54.0_1.5,2027,Stable,41.8,28.4,29.8,41.8
z_54.0_1.5,2028,Stable,45.9,29.1,25.0,45.9
z_54.0_1.5,2029,Stable,47.8,27.8,24.5,47.8
z_54.0_1.5,2030,Stable,47.9,27.6,24.5,47.9
z_54.0_10.5,2023,Augmentation,54.9,54.9,22.4,22.7
z_54.0_10.5,2024,Augmentation,57.0,57.0,20.0,22.9
z_54.0_10.5,2025,Augmentation,55.6,55.6,21.5,22.9
z_54.0_10.5,2026,Augmentation,56.9,56.9,20.2,22.9
z_54.0_10.5,2027,Augmentation,56.2,56.2,20.9,22.8
z_54.0_10.5,2028,Augmentation,55.8,55.8,19.4,24.8
z_54.0_10.5,2029,Augmentation,58.2,58.2,18.0,23.8
z_54.0_10.5,2030,Augmentation,62.8,62.8,16.2,21.0
z_54.0_12.0,2023,Augmentation,70.3,70.3,17.4,12.4
z_54.0_12.0,2024,Augmentation,67.8,67.8,16.9,15.3
z_54.0_12.0,2025,Augmentation,67.6,67.6,16.7,15.7
z_54.0_12.0,2026,Augmentation,56.5,56.5,23.3,20.2
z_54.0_12.0,2027,Augmentation,54.2,54.2,24.3,21.5
z_54.0_12.0,2028,Augmentation,58.5,58.5,20.1,21.4
z_54.0_12.0,2029,Augmentation,61.4,61.4,19.4,19.1
z_54.0_12.0,2030,Augmentation,65.3,65.3,17.1,17.6
z_54.0_13.5,2023,Augmentation,67.8,67.8,21.0,11.2
z_54.0_13.5,2024,Augmentation,66.0,66.0,19.7,14.3
z_54.0_13.5,2025,Augmentation,66.5,66.5,21.5,12.1
z_54.0_13.5,2026,Augmentation,63.2,63.2,21.8,15.0
z_54.0_13.5,2027,Augmentation,62.2,62.2,23.4,14.3
z_54.0_13.5,2028,Augmentation,67.0,67.0,20.5,12.6
z_54.0_13.5,2029,Augmentation,66.3,66.3,20.2,13.5
z_54.0_13.5,2030,Augmentation,70.3,70.3,17.5,12.1
z_54.0_15.0,2023,Augmentation,52.2,52.2,19.1,28.7
z_54.0_15.0,2024,Augmentation,50.2,50.2,21.4,28.4
z_54.0_15.0,2025,Augmentation,46.8,46.8,18.2,35.0
z_54.0_15.0,2026,Augmentation,58.4,58.4,14.6,27.0
z_54.0_15.0,2027,Augmentation,58.7,58.7,17.1,24.3
z_54.0_15.0,2028,Augmentation,63.9,63.9,16.1,20.0
z_54.0_15.0,2029,Augmentation,62.1,62.1,15.2,22.6
z_54.0_15.0,2030,Augmentation,53.7,53.7,16.0,30.3
z_54.0_16.5,2023,Stable,43.4,40.1,16.5,43.4
z_54.0_16.5,2024,Stable,45.0,36.7,18.3,45.0
z_54.0_16.5,2025,Stable,43.9,38.4,17.8,43.9
z_54.0_16.5,2026,Stable,44.3,38.4,17.3,44.3
z_54.0_16.5,2027,Stable,43.7,39.4,16.8,43.7
z_54.0_16.5,2028,Stable,44.7,37.8,17.5,44.7
z_54.0_16.5,2029,Stable,44.7,37.8,17.5,44.7
z_54.0_16.5,2030,Stable,44.7,37.8,17.4,44.7
z_54.0_18.0,2023,Augmentation,56.5,56.5,17.7,25.8
z_54.0_18.0,2024,Augmentation,61.6,61.6,18.8,19.6
z_54.0_18.0,2025,Augmentation,49.3,49.3,25.4,25.3
z_54.0_18.0,2026,Augmentation,44.8,44.8,29.6,25.6
z_54.0_18.0,2027,Augmentation,44.7,44.7,27.3,28.0
z_54.0_18.0,2028,Augmentation,52.1,52.1,23.7,24.2
z_54.0_18.0,2029,Augmentation,62.8,62.8,17.5,19.7
z_54.0_18.0,2030,Augmentation,65.6,65.6,14.7,19.7
z_54.0_3.0,2023,Stable,48.7,24.3,27.0,48.7
z_54.0_3.0,2024,Stable,32.1,36.7,31.2,32.1
z_54.0_3.0,2025,Augmentation,42.7,42.7,29.8,27.5
z_54.0_3.0,2026,Stable,34.5,34.1,31.3,34.5
z_54.0_3.0,2027,Stable,41.5,33.6,24.9,41.5
z_54.0_3.0,2028,Augmentation,45.5,45.5,25.1,29.4
z_54.0_3.0,2029,Stable,32.2,39.9,27.9,32.2
z_54.0_3.0,2030,Stable,32.2,39.9,27.9,32.2
z_54.0_4.5,2023,Stable,39.8,41.9,18.3,39.8
z_54.0_4.5,2024,Augmentation,52.9,52.9,16.9,30.2
z_54.0_4.5,2025,Stable,34.8,43.4,21.8,34.8
z_54.0_4.5,2026,Augmentation,45.8,45.8,20.9,33.4
z_54.0_4.5,2027,Stable,36.8,41.3,21.9,36.8
z_54.0_4.5,2028,Augmentation,49.1,49.1,18.9,32.0
z_54.0_4.5,2029,Augmentation,48.9,48.9,23.7,27.4
z_54.0_4.5,2030,Augmentation,51.0,51.0,18.1,30.9
z_54.0_6.0,2023,Augmentation,45.3,45.3,25.0,29.7
z_54.0_6.0,2024,Augmentation,57.5,57.5,23.5,19.0
z_54.0_6.0,2025,Stable,43.2,34.3,22.5,43.2
z_54.0_6.0,2026,Augmentation,44.9,44.9,22.2,32.9
z_54.0_6.0,2027,Stable,38.7,36.8,24.6,38.7
z_54.0_6.0,2028,Stable,49.5,31.7,18.8,49.5
z_54.0_6.0,2029,Stable,44.6,34.3,21.2,44.6
z_54.0_6.0,2030,Stable,46.1,33.5,20.4,46.1
z_54.0_7.5,2023,Augmentation,66.0,66.0,16.7,17.3
z_54.0_7.5,2024,Augmentation,66.5,66.5,16.9,16.6
z_54.0_7.5,2025,Augmentation,62.6,62.6,17.8,19.7
z_54.0_7.5,2026,Augmentation,71.2,71.2,15.0,13.8
z_54.0_7.5,2027,Augmentation,55.6,55.6,22.5,21.9
z_54.0_7.5,2028,Augmentation,67.7,67.7,15.7,16.6
z_54.0_7.5,2029,Augmentation,70.6,70.6,15.3,14.1
z_54.0_7.5,2030,Augmentation,66.5,66.5,16.0,17.5
z_54.0_9.0,2023,Augmentation,72.7,72.7,16.6,10.6
z_54.0_9.0,2024,Augmentation,72.6,72.6,15.9,11.6
z_54.0_9.0,2025,Augmentation,71.0,71.0,17.7,11.3
z_54.0_9.0,2026,Augmentation,60.6,60.6,24.1,15.3
z_54.0_9.0,2027,Augmentation,60.9,60.9,22.5,16.5
z_54.0_9.0,2028,Augmentation,71.0,71.0,15.6,13.4
z_54.0_9.0,2029,Augmentation,71.2,71.2,16.2,12.6
z_54.0_9.0,2030,Augmentation,72.5,72.5,15.5,12.0
z_55.5_-10.5,2023,Stable,38.4,15.5,46.2,38.4
z_55.5_-10.5,2024,Stable,54.8,10.3,34.9,54.8
z_55.5_-10.5,2025,Stable,44.4,14.6,41.1,44.4
z_55.5_-10.5,2026,Stable,39.7,11.5,48.8,39.7
z_55.5_-10.5,2027,Stable,50.0,12.1,37.9,50.0
z_55.5_-10.5,2028,Stable,42.1,13.3,44.7,42.1
z_55.5_-10.5,2029,Stable,43.8,13.3,42.8,43.8
z_55.5_-10.5,2030,Stable,43.8,13.3,42.8,43.8
z_55.5_-15.0,2023,Diminution,74.9,3.3,74.9,21.9
z_55.5_-15.0,2024,Diminution,55.2,5.8,55.2,39.0
z_55.5_-15.0,2025,Diminution,70.0,4.9,70.0,25.1
z_55.5_-15.0,2026,Diminution,73.1,3.3,73.1,23.6
z_55.5_-15.0,2027,Diminution,70.2,3.5,70.2,26.2
z_55.5_-15.0,2028,Diminution,76.6,1.7,76.6,21.6
z_55.5_-15.0,2029,Diminution,75.9,1.5,75.9,22.6
z_55.5_-15.0,2030,Diminution,75.9,1.5,75.9,22.6
z_55.5_-3.0,2023,Stable,35.2,34.9,29.9,35.2
z_55.5_-3.0,2024,Stable,38.3,32.8,28.8,38.3
z_55.5_-3.0,2025,Stable,35.7,35.5,28.7,35.7
z_55.5_-3.0,2026,Stable,34.7,38.3,27.0,34.7
z_55.5_-3.0,2027,Stable,39.5,33.5,27.0,39.5
z_55.5_-3.0,2028,Stable,39.1,31.0,29.9,39.1
z_55.5_-3.0,2029,Stable,37.4,29.9,32.7,37.4
z_55.5_-3.0,2030,Stable,35.0,36.5,28.5,35.0
z_55.5_-4.5,2023,Stable,30.8,33.9,35.2,30.8
z_55.5_-4.5,2024,Stable,46.9,22.2,30.9,46.9
z_55.5_-4.5,2025,Stable,40.2,26.0,33.8,40.2
z_55.5_-4.5,2026,Stable,45.6,21.9,32.5,45.6
z_55.5_-4.5,2027,Stable,44.4,19.5,36.1,44.4
z_55.5_-4.5,2028,Stable,44.6,21.0,34.4,44.6
z_55.5_-4.5,2029,Stable,46.7,21.0,32.3,46.7
z_55.5_-4.5,2030,Stable,44.9,21.7,33.4,44.9
z_55.5_-6.0,2023,Stable,39.6,29.2,31.2,39.6
z_55.5_-6.0,2024,Stable,38.0,30.8,31.2,38.0
z_55.5_-6.0,2025,Stable,37.9,33.5,28.7,37.9
z_55.5_-6.0,2026,Stable,42.6,31.1,26.3,42.6
z_55.5_-6.0,2027,Stable,40.1,34.5,25.4,40.1
z_55.5_-6.0,2028,Stable,45.7,30.9,23.4,45.7
z_55.5_-6.0,2029,Stable,45.8,30.5,23.7,45.8
z_55.5_-6.0,2030,Stable,44.5,31.7,23.7,44.5
z_55.5_-7.5,2023,Stable,46.9,21.8,31.3,46.9
z_55.5_-7.5,2024,Stable,35.9,29.2,34.9,35.9
z_55.5_-7.5,2025,Stable,35.2,30.0,34.9,35.2
z_55.5_-7.5,2026,Stable,35.9,30.0,34.0,35.9
z_55.5_-7.5,2027,Stable,35.7,28.8,35.4,35.7
z_55.5_-7.5,2028,Stable,39.4,25.7,34.9,39.4
z_55.5_-7.5,2029,Stable,35.1,32.9,32.0,35.1
z_55.5_-7.5,2030,Stable,35.4,29.8,34.8,35.4
z_55.5_0.0,2023,Stable,46.3,27.9,25.8,46.3
z_55.5_0.0,2024,Stable,30.3,37.0,32.7,30.3
z_55.5_0.0,2025,Stable,37.1,34.6,28.3,37.1
z_55.5_0.0,2026,Stable,31.7,35.0,33.3,31.7
z_55.5_0.0,2027,Stable,38.3,29.2,32.5,38.3
z_55.5_0.0,2028,Stable,30.0,33.2,36.8,30.0
z_55.5_0.0,2029,Stable,29.0,38.1,32.9,29.0
z_55.5_0.0,2030,Stable,29.0,37.2,33.7,29.0
z_55.5_1.5,2023,Stable,40.5,31.4,28.1,40.5
z_55.5_1.5,2024,Stable,47.9,22.2,30.0,47.9
z_55.5_1.5,2025,Stable,43.1,21.9,35.0,43.1
z_55.5_1.5,2026,Stable,46.5,13.7,39.8,46.5
z_55.5_1.5,2027,Stable,54.7,15.2,30.1,54.7
z_55.5_1.5,2028,Stable,53.2,13.7,33.0,53.2
z_55.5_1.5,2029,Stable,52.5,15.4,32.2,52.5
z_55.5_1.5,2030,Stable,52.5,14.7,32.8,52.5
z_55.5_10.5,2023,Augmentation,42.8,42.8,25.7,31.5
z_55.5_10.5,2024,Augmentation,50.4,50.4,20.7,28.8
z_55.5_10.5,2025,Augmentation,46.6,46.6,22.3,31.0
z_55.5_10.5,2026,Augmentation,46.0,46.0,25.2,28.8
z_55.5_10.5,2027,Augmentation,45.2,45.2,26.5,28.3
z_55.5_10.5,2028,Stable,36.3,37.7,26.0,36.3
z_55.5_10.5,2029,Augmentation,42.9,42.9,27.9,29.2
z_55.5_10.5,2030,Augmentation,41.7,41.7,27.6,30.7
z_55.5_12.0,2023,Augmentation,52.4,52.4,27.5,20.1
z_55.5_12.0,2024,Augmentation,56.6,56.6,21.1,22.3
z_55.5_12.0,2025,Augmentation,58.7,58.7,26.4,14.9
z_55.5_12.0,2026,Augmentation,48.5,48.5,25.9,25.6
z_55.5_12.0,2027,Augmentation,52.4,52.4,26.2,21.4
z_55.5_12.0,2028,Augmentation,50.6,50.6,28.0,21.3
z_55.5_12.0,2029,Augmentation,49.8,49.8,27.4,22.8
z_55.5_12.0,2030,Augmentation,50.8,50.8,26.6,22.6
z_55.5_13.5,2023,Stable,42.4,32.7,24.8,42.4
z_55.5_13.5,2024,Stable,46.7,31.4,21.9,46.7
z_55.5_13.5,2025,Stable,38.9,40.4,20.7,38.9
z_55.5_13.5,2026,Stable,44.8,34.3,20.9,44.8
z_55.5_13.5,2027,Stable,45.2,34.8,20.0,45.2
z_55.5_13.5,2028,Stable,49.0,31.7,19.3,49.0
z_55.5_13.5,2029,Stable,38.6,42.3,19.0,38.6
z_55.5_13.5,2030,Stable,47.6,32.8,19.5,47.6
z_55.5_15.0,2023,Augmentation,67.1,67.1,21.7,11.3
z_55.5_15.0,2024,Augmentation,62.8,62.8,24.2,13.0
z_55.5_15.0,2025,Augmentation,57.2,57.2,29.3,13.5
z_55.5_15.0,2026,Augmentation,57.8,57.8,29.1,13.1
z_55.5_15.0,2027,Augmentation,64.4,64.4,23.6,12.0
z_55.5_15.0,2028,Augmentation,64.5,64.5,23.8,11.7
z_55.5_15.0,2029,Augmentation,65.3,65.3,21.3,13.4
z_55.5_15.0,2030,Augmentation,64.7,64.7,22.1,13.2
z_55.5_16.5,2023,Stable,48.3,32.9,18.9,48.3
z_55.5_16.5,2024,Stable,42.1,37.3,20.6,42.1
z_55.5_16.5,2025,Stable,35.1,42.5,22.4,35.1
z_55.5_16.5,2026,Stable,43.3,35.5,21.2,43.3
z_55.5_16.5,2027,Stable,49.6,30.9,19.5,49.6
z_55.5_16.5,2028,Stable,45.1,31.3,23.6,45.1
z_55.5_16.5,2029,Stable,45.8,33.9,20.3,45.8
z_55.5_16.5,2030,Stable,48.1,30.6,21.3,48.1
z_55.5_18.0,2023,Stable,37.0,43.6,19.4,37.0
z_55.5_18.0,2024,Stable,31.6,41.2,27.2,31.6
z_55.5_18.0,2025,Stable,42.7,37.3,20.0,42.7
z_55.5_18.0,2026,Stable,34.9,34.1,31.0,34.9
z_55.5_18.0,2027,Stable,35.8,38.1,26.1,35.8
z_55.5_18.0,2028,Stable,30.7,35.9,33.3,30.7
z_55.5_18.0,2029,Augmentation,43.4,43.4,29.4,27.2
z_55.5_18.0,2030,Augmentation,40.5,40.5,30.8,28.7
z_55.5_19.5,2023,Stable,44.3,34.1,21.6,44.3
z_55.5_19.5,2024,Augmentation,45.2,45.2,21.0,33.8
z_55.5_19.5,2025,Stable,42.5,33.2,24.3,42.5
z_55.5_19.5,2026,Stable,52.6,26.4,21.0,52.6
z_55.5_19.5,2027,Stable,49.4,31.1,19.5,49.4
z_55.5_19.5,2028,Stable,47.2,33.1,19.8,47.2
z_55.5_19.5,2029,Stable,51.2,32.0,16.7,51.2
z_55.5_19.5,2030,Stable,55.2,27.8,17.0,55.2
z_55.5_21.0,2023,Augmentation,65.5,65.5,17.6,17.0
z_55.5_21.0,2024,Augmentation,64.4,64.4,19.9,15.7
z_55.5_21.0,2025,Augmentation,55.0,55.0,21.3,23.7
z_55.5_21.0,2026,Augmentation,43.3,43.3,27.6,29.1
z_55.5_21.0,2027,Augmentation,54.0,54.0,24.5,21.4
z_55.5_21.0,2028,Augmentation,60.9,60.9,17.2,21.8
z_55.5_21.0,2029,Augmentation,67.1,67.1,16.5,16.4
z_55.5_21.0,2030,Augmentation,65.9,65.9,17.3,16.8
z_55.5_3.0,2023,Stable,38.3,40.5,21.2,38.3
z_55.5_3.0,2024,Stable,48.1,32.8,19.1,48.1
z_55.5_3.0,2025,Stable,42.1,35.4,22.5,42.1
z_55.5_3.0,2026,Stable,45.2,32.5,22.3,45.2
z_55.5_3.0,2027,Stable,45.5,30.0,24.5,45.5
z_55.5_3.0,2028,Stable,39.3,32.9,27.9,39.3
z_55.5_3.0,2029,Stable,45.0,31.7,23.3,45.0
z_55.5_3.0,2030,Stable,40.6,32.4,26.9,40.6
z_55.5_4.5,2023,Stable,45.2,25.0,29.8,45.2
z_55.5_4.5,2024,Stable,40.7,33.9,25.5,40.7
z_55.5_4.5,2025,Stable,41.5,30.9,27.6,41.5
z_55.5_4.5,2026,Stable,42.6,30.9,26.6,42.6
z_55.5_4.5,2027,Stable,43.1,31.5,25.5,43.1
z_55.5_4.5,2028,Stable,50.4,28.2,21.5,50.4
z_55.5_4.5,2029,Stable,51.1,27.5,21.4,51.1
z_55.5_4.5,2030,Stable,51.2,27.5,21.3,51.2
z_55.5_6.0,2023,Stable,52.5,28.4,19.2,52.5
z_55.5_6.0,2024,Augmentation,60.8,60.8,17.2,22.0
z_55.5_6.0,2025,Stable,43.0,37.3,19.7,43.0
z_55.5_6.0,2026,Stable,40.2,45.3,14.5,40.2
z_55.5_6.0,2027,Stable,48.0,35.4,16.6,48.0
z_55.5_6.0,2028,Stable,53.3,32.2,14.6,53.3
z_55.5_6.0,2029,Stable,58.7,27.0,14.2,58.7
z_55.5_6.0,2030,Stable,58.5,27.2,14.2,58.5
z_55.5_7.5,2023,Augmentation,55.9,55.9,19.3,24.8
z_55.5_7.5,2024,Augmentation,50.7,50.7,17.3,32.0
z_55.5_7.5,2025,Augmentation,64.3,64.3,17.3,18.3
z_55.5_7.5,2026,Augmentation,51.5,51.5,20.2,28.3
z_55.5_7.5,2027,Augmentation,59.5,59.5,19.9,20.6
z_55.5_7.5,2028,Augmentation,54.0,54.0,18.6,27.5
z_55.5_7.5,2029,Augmentation,51.7,51.7,21.2,27.1
z_55.5_7.5,2030,Augmentation,58.2,58.2,17.8,24.0
z_55.5_9.0,2023,Augmentation,64.4,64.4,20.4,15.2
z_55.5_9.0,2024,Augmentation,65.0,65.0,19.5,15.4
z_55.5_9.0,2025,Augmentation,66.2,66.2,19.1,14.7
z_55.5_9.0,2026,Augmentation,64.0,64.0,22.7,13.3
z_55.5_9.0,2027,Augmentation,68.2,68.2,18.9,12.9
z_55.5_9.0,2028,Augmentation,65.8,65.8,17.8,16.3
z_55.5_9.0,2029,Augmentation,66.8,66.8,18.6,14.6
z_55.5_9.0,2030,Augmentation,68.6,68.6,17.0,14.4
z_57.0_-1.5,2023,Stable,42.9,29.7,27.4,42.9
z_57.0_-1.5,2024,Stable,40.2,29.8,30.0,40.2
z_57.0_-1.5,2025,Stable,37.0,31.7,31.3,37.0
z_57.0_-1.5,2026,Stable,38.4,28.2,33.4,38.4
z_57.0_-1.5,2027,Stable,39.5,30.7,29.8,39.5
z_57.0_-1.5,2028,Stable,36.6,29.2,34.2,36.6
z_57.0_-1.5,2029,Stable,39.1,26.1,34.8,39.1
z_57.0_-1.5,2030,Stable,37.0,32.5,30.5,37.0
z_57.0_-10.5,2023,Stable,54.6,19.8,25.6,54.6
z_57.0_-10.5,2024,Stable,47.4,21.4,31.2,47.4
z_57.0_-10.5,2025,Stable,45.4,23.1,31.5,45.4
z_57.0_-10.5,2026,Stable,52.7,12.9,34.4,52.7
z_57.0_-10.5,2027,Stable,56.4,15.8,27.8,56.4
z_57.0_-10.5,2028,Stable,50.2,17.6,32.3,50.2
z_57.0_-10.5,2029,Stable,50.7,18.8,30.5,50.7
z_57.0_-10.5,2030,Stable,50.7,18.8,30.5,50.7
z_57.0_-3.0,2023,Stable,39.8,28.3,31.9,39.8
z_57.0_-3.0,2024,Stable,37.8,30.9,31.3,37.8
z_57.0_-3.0,2025,Stable,37.0,32.7,30.4,37.0
z_57.0_-3.0,2026,Stable,41.4,32.5,26.1,41.4
z_57.0_-3.0,2027,Stable,38.4,35.3,26.3,38.4
z_57.0_-3.0,2028,Stable,47.6,29.2,23.2,47.6
z_57.0_-3.0,2029,Stable,40.1,37.6,22.3,40.1
z_57.0_-3.0,2030,Stable,45.2,31.1,23.7,45.2
z_57.0_-4.5,2023,Stable,35.0,32.5,32.5,35.0
z_57.0_-4.5,2024,Stable,47.2,28.6,24.2,47.2
z_57.0_-4.5,2025,Stable,34.4,39.6,26.0,34.4
z_57.0_-4.5,2026,Stable,50.3,26.3,23.4,50.3
z_57.0_-4.5,2027,Stable,41.6,29.2,29.2,41.6
z_57.0_-4.5,2028,Stable,50.3,26.8,22.9,50.3
z_57.0_-4.5,2029,Stable,44.8,28.8,26.4,44.8
z_57.0_-4.5,2030,Stable,50.5,27.2,22.2,50.5
z_57.0_-6.0,2023,Stable,35.7,33.4,30.9,35.7
z_57.0_-6.0,2024,Stable,35.1,35.8,29.1,35.1
z_57.0_-6.0,2025,Stable,33.4,40.1,26.6,33.4
z_57.0_-6.0,2026,Stable,39.4,33.2,27.4,39.4
z_57.0_-6.0,2027,Stable,38.5,31.6,29.9,38.5
z_57.0_-6.0,2028,Stable,33.4,32.7,33.9,33.4
z_57.0_-6.0,2029,Stable,32.8,38.4,28.8,32.8
z_57.0_-6.0,2030,Stable,35.5,37.9,26.6,35.5
z_57.0_-7.5,2023,Stable,33.7,31.2,35.1,33.7
z_57.0_-7.5,2024,Stable,41.4,31.1,27.5,41.4
z_57.0_-7.5,2025,Stable,32.4,37.6,30.0,32.4
z_57.0_-7.5,2026,Stable,31.5,37.3,31.2,31.5
z_57.0_-7.5,2027,Stable,31.6,32.7,35.7,31.6
z_57.0_-7.5,2028,Stable,30.9,37.9,31.2,30.9
z_57.0_-7.5,2029,Stable,30.0,35.7,34.3,30.0
z_57.0_-7.5,2030,Stable,30.0,35.7,34.3,30.0
z_57.0_-9.0,2023,Stable,41.9,18.9,39.1,41.9
z_57.0_-9.0,2024,Stable,36.9,29.8,33.2,36.9
z_57.0_-9.0,2025,Stable,32.7,31.9,35.3,32.7
z_57.0_-9.0,2026,Diminution,41.7,27.2,41.7,31.2
z_57.0_-9.0,2027,Stable,35.5,22.8,41.6,35.5
z_57.0_-9.0,2028,Stable,39.2,24.7,36.1,39.2
z_57.0_-9.0,2029,Stable,30.8,32.8,36.4,30.8
z_57.0_-9.0,2030,Stable,32.4,28.5,39.1,32.4
z_57.0_0.0,2023,Stable,47.7,27.2,25.1,47.7
z_57.0_0.0,2024,Stable,34.4,35.0,30.7,34.4
z_57.0_0.0,2025,Stable,34.1,36.1,29.7,34.1
z_57.0_0.0,2026,Stable,47.1,24.6,28.4,47.1
z_57.0_0.0,2027,Stable,40.7,29.1,30.2,40.7
z_57.0_0.0,2028,Stable,51.0,20.9,28.1,51.0
z_57.0_0.0,2029,Stable,36.8,34.3,28.9,36.8
z_57.0_0.0,2030,Stable,30.3,36.6,33.1,30.3
z_57.0_10.5,2023,Augmentation,65.5,65.5,10.0,24.6
z_57.0_10.5,2024,Augmentation,60.3,60.3,11.2,28.5
z_57.0_10.5,2025,Augmentation,61.8,61.8,11.3,26.9
z_57.0_10.5,2026,Augmentation,59.6,59.6,14.4,25.9
z_57.0_10.5,2027,Augmentation,61.9,61.9,12.3,25.8
z_57.0_10.5,2028,Augmentation,55.0,55.0,13.3,31.7
z_57.0_10.5,2029,Augmentation,60.9,60.9,12.6,26.5
z_57.0_10.5,2030,Augmentation,64.5,64.5,12.2,23.4
z_57.0_12.0,2023,Stable,42.2,41.8,16.0,42.2
z_57.0_12.0,2024,Stable,42.9,40.6,16.5,42.9
z_57.0_12.0,2025,Stable,48.1,33.9,18.0,48.1
z_57.0_12.0,2026,Stable,49.1,32.6,18.3,49.1
z_57.0_12.0,2027,Stable,53.1,29.8,17.1,53.1
z_57.0_12.0,2028,Stable,51.1,32.5,16.4,51.1
z_57.0_12.0,2029,Stable,51.0,32.6,16.4,51.0
z_57.0_12.0,2030,Stable,50.8,32.7,16.5,50.8
z_57.0_16.5,2023,Stable,31.4,40.3,28.3,31.4
z_57.0_16.5,2024,Stable,31.2,37.6,31.2,31.2
z_57.0_16.5,2025,Stable,34.6,35.2,30.2,34.6
z_57.0_16.5,2026,Augmentation,49.4,49.4,24.8,25.8
z_57.0_16.5,2027,Stable,30.9,39.7,29.5,30.9
z_57.0_16.5,2028,Augmentation,50.1,50.1,27.0,23.0
z_57.0_16.5,2029,Augmentation,42.0,42.0,27.6,30.4
z_57.0_16.5,2030,Stable,34.2,39.1,26.7,34.2
z_57.0_18.0,2023,Augmentation,70.7,70.7,19.5,9.8
z_57.0_18.0,2024,Augmentation,71.8,71.8,17.7,10.5
z_57.0_18.0,2025,Augmentation,61.3,61.3,20.0,18.7
z_57.0_18.0,2026,Augmentation,52.0,52.0,23.6,24.3
z_57.0_18.0,2027,Augmentation,63.8,63.8,18.9,17.3
z_57.0_18.0,2028,Augmentation,63.9,63.9,19.0,17.0
z_57.0_18.0,2029,Augmentation,69.7,69.7,17.8,12.5
z_57.0_18.0,2030,Augmentation,69.4,69.4,18.1,12.6
z_57.0_19.5,2023,Stable,38.8,39.3,21.9,38.8
z_57.0_19.5,2024,Stable,44.0,36.1,19.8,44.0
z_57.0_19.5,2025,Stable,38.0,42.4,19.6,38.0
z_57.0_19.5,2026,Stable,41.6,38.5,19.9,41.6
z_57.0_19.5,2027,Stable,41.0,37.3,21.7,41.0
z_57.0_19.5,2028,Stable,36.9,39.5,23.6,36.9
z_57.0_19.5,2029,Stable,41.6,38.4,20.0,41.6
z_57.0_19.5,2030,Stable,37.4,38.3,24.2,37.4
z_57.0_21.0,2023,Stable,44.3,33.0,22.7,44.3
z_57.0_21.0,2024,Stable,50.7,29.2,20.1,50.7
z_57.0_21.0,2025,Stable,55.0,29.2,15.8,55.0
z_57.0_21.0,2026,Stable,40.9,34.8,24.4,40.9
z_57.0_21.0,2027,Stable,44.3,36.4,19.3,44.3
z_57.0_21.0,2028,Stable,43.0,32.4,24.6,43.0
z_57.0_21.0,2029,Stable,52.3,27.2,20.4,52.3
z_57.0_21.0,2030,Stable,45.5,30.8,23.7,45.5
z_57.0_22.5,2023,Stable,45.2,32.6,22.2,45.2
z_57.0_22.5,2024,Stable,44.9,34.1,21.0,44.9
z_57.0_22.5,2025,Stable,37.1,45.8,17.1,37.1
z_57.0_22.5,2026,Augmentation,56.5,56.5,22.7,20.8
z_57.0_22.5,2027,Augmentation,64.2,64.2,20.4,15.4
z_57.0_22.5,2028,Augmentation,56.1,56.1,17.4,26.5
z_57.0_22.5,2029,Augmentation,64.4,64.4,16.7,19.0
z_57.0_22.5,2030,Augmentation,68.5,68.5,17.4,14.2
z_57.0_24.0,2023,Stable,48.9,30.0,21.0,48.9
z_57.0_24.0,2024,Stable,32.1,36.9,31.0,32.1
z_57.0_24.0,2025,Stable,41.8,29.4,28.9,41.8
z_57.0_24.0,2026,Stable,32.1,37.4,30.6,32.1
z_57.0_24.0,2027,Stable,37.4,32.4,30.2,37.4
z_57.0_24.0,2028,Stable,40.0,29.4,30.5,40.0
z_57.0_24.0,2029,Stable,39.4,29.9,30.6,39.4
z_57.0_24.0,2030,Stable,45.4,28.3,26.3,45.4
z_57.0_3.0,2023,Stable,58.7,22.9,18.4,58.7
z_57.0_3.0,2024,Stable,41.6,35.4,23.0,41.6
z_57.0_3.0,2025,Stable,58.9,22.8,18.3,58.9
z_57.0_3.0,2026,Stable,50.4,23.5,26.1,50.4
z_57.0_3.0,2027,Stable,61.2,22.2,16.5,61.2
z_57.0_3.0,2028,Stable,52.1,26.1,21.8,52.1
z_57.0_3.0,2029,Stable,60.3,23.3,16.4,60.3
z_57.0_3.0,2030,Stable,60.4,22.9,16.7,60.4
z_57.0_4.5,2023,Stable,43.0,32.3,24.7,43.0
z_57.0_4.5,2024,Augmentation,47.8,47.8,18.1,34.1
z_57.0_4.5,2025,Stable,46.9,30.1,23.0,46.9
z_57.0_4.5,2026,Stable,34.4,43.9,21.7,34.4
z_57.0_4.5,2027,Stable,35.3,42.7,22.0,35.3
z_57.0_4.5,2028,Stable,43.2,38.0,18.8,43.2
z_57.0_4.5,2029,Stable,40.7,40.4,18.9,40.7
z_57.0_4.5,2030,Stable,44.1,35.5,20.3,44.1
z_57.0_6.0,2023,Stable,49.7,36.3,14.0,49.7
z_57.0_6.0,2024,Stable,48.0,35.8,16.2,48.0
z_57.0_6.0,2025,Stable,42.5,39.5,18.0,42.5
z_57.0_6.0,2026,Stable,42.2,39.8,18.0,42.2
z_57.0_6.0,2027,Stable,47.4,35.8,16.8,47.4
z_57.0_6.0,2028,Stable,47.7,34.6,17.7,47.7
z_57.0_6.0,2029,Stable,42.1,41.5,16.4,42.1
z_57.0_6.0,2030,Stable,47.8,34.8,17.4,47.8
z_57.0_7.5,2023,Augmentation,57.6,57.6,21.5,20.9
z_57.0_7.5,2024,Augmentation,66.5,66.5,13.2,20.3
z_57.0_7.5,2025,Augmentation,49.1,49.1,19.8,31.1
z_57.0_7.5,2026,Augmentation,47.8,47.8,19.2,33.0
z_57.0_7.5,2027,Augmentation,55.5,55.5,17.7,26.8
z_57.0_7.5,2028,Augmentation,50.6,50.6,18.1,31.3
z_57.0_7.5,2029,Augmentation,67.8,67.8,13.1,19.1
z_57.0_7.5,2030,Augmentation,69.7,69.7,14.8,15.6
z_57.0_9.0,2023,Augmentation,66.4,66.4,12.1,21.5
z_57.0_9.0,2024,Augmentation,70.5,70.5,12.5,17.0
z_57.0_9.0,2025,Augmentation,59.1,59.1,13.9,27.0
z_57.0_9.0,2026,Augmentation,48.0,48.0,18.9,33.1
z_57.0_9.0,2027,Augmentation,63.0,63.0,13.6,23.4
z_57.0_9.0,2028,Augmentation,53.9,53.9,14.7,31.4
z_57.0_9.0,2029,Augmentation,62.0,62.0,13.4,24.5
z_57.0_9.0,2030,Augmentation,68.2,68.2,11.6,20.2
z_58.5_-1.5,2023,Stable,49.4,29.6,20.9,49.4
z_58.5_-1.5,2024,Stable,46.4,28.7,24.9,46.4
z_58.5_-1.5,2025,Stable,45.5,34.1,20.4,45.5
z_58.5_-1.5,2026,Stable,45.9,30.6,23.5,45.9
z_58.5_-1.5,2027,Stable,54.5,25.5,19.9,54.5
z_58.5_-1.5,2028,Stable,47.9,27.9,24.2,47.9
z_58.5_-1.5,2029,Stable,53.2,26.3,20.5,53.2
z_58.5_-1.5,2030,Stable,47.9,29.1,23.1,47.9
z_58.5_-10.5,2023,Diminution,76.3,1.7,76.3,22.0
z_58.5_-10.5,2024,Diminution,76.3,1.7,76.3,22.0
z_58.5_-10.5,2025,Diminution,76.3,1.7,76.3,22.0
z_58.5_-10.5,2026,Diminution,63.0,4.8,63.0,32.3
z_58.5_-10.5,2027,Diminution,74.9,3.0,74.9,22.1
z_58.5_-10.5,2028,Diminution,76.5,1.4,76.5,22.1
z_58.5_-10.5,2029,Diminution,70.9,3.8,70.9,25.3
z_58.5_-10.5,2030,Diminution,77.0,1.9,77.0,21.1
z_58.5_-3.0,2023,Augmentation,43.4,43.4,30.3,26.3
z_58.5_-3.0,2024,Stable,33.5,34.9,31.6,33.5
z_58.5_-3.0,2025,Stable,39.1,31.7,29.2,39.1
z_58.5_-3.0,2026,Stable,37.4,30.4,32.1,37.4
z_58.5_-3.0,2027,Stable,33.7,36.0,30.4,33.7
z_58.5_-3.0,2028,Stable,39.3,30.8,30.0,39.3
z_58.5_-3.0,2029,Stable,30.5,39.2,30.4,30.5
z_58.5_-3.0,2030,Stable,31.7,35.6,32.7,31.7
z_58.5_-6.0,2023,Stable,53.1,31.0,15.9,53.1
z_58.5_-6.0,2024,Stable,43.0,31.9,25.0,43.0
z_58.5_-6.0,2025,Stable,37.7,35.1,27.2,37.7
z_58.5_-6.0,2026,Stable,33.7,36.7,29.6,33.7
z_58.5_-6.0,2027,Stable,32.7,34.3,32.9,32.7
z_58.5_-6.0,2028,Stable,34.3,31.4,34.2,34.3
z_58.5_-6.0,2029,Stable,39.0,30.6,30.4,39.0
z_58.5_-6.0,2030,Stable,31.8,38.7,29.5,31.8
z_58.5_-9.0,2023,Stable,37.7,33.2,29.1,37.7
z_58.5_-9.0,2024,Stable,40.5,33.5,26.1,40.5
z_58.5_-9.0,2025,Stable,38.5,34.5,27.0,38.5
z_58.5_-9.0,2026,Stable,45.8,33.1,21.1,45.8
z_58.5_-9.0,2027,Stable,39.2,32.6,28.2,39.2
z_58.5_-9.0,2028,Stable,38.6,30.1,31.3,38.6
z_58.5_-9.0,2029,Stable,41.9,31.8,26.3,41.9
z_58.5_-9.0,2030,Stable,40.5,33.5,26.1,40.5
z_58.5_0.0,2023,Stable,55.5,26.1,18.4,55.5
z_58.5_0.0,2024,Stable,47.3,34.5,18.1,47.3
z_58.5_0.0,2025,Stable,54.1,28.4,17.5,54.1
z_58.5_0.0,2026,Stable,53.0,25.9,21.1,53.0
z_58.5_0.0,2027,Stable,60.1,22.1,17.9,60.1
z_58.5_0.0,2028,Stable,46.8,28.0,25.2,46.8
z_58.5_0.0,2029,Stable,55.8,24.8,19.5,55.8
z_58.5_0.0,2030,Stable,50.8,27.0,22.2,50.8
z_58.5_1.5,2023,Stable,54.9,28.7,16.4,54.9
z_58.5_1.5,2024,Stable,52.3,25.6,22.1,52.3
z_58.5_1.5,2025,Stable,54.2,26.3,19.5,54.2
z_58.5_1.5,2026,Stable,58.8,23.7,17.5,58.8
z_58.5_1.5,2027,Stable,56.0,25.6,18.4,56.0
z_58.5_1.5,2028,Stable,57.5,24.3,18.2,57.5
z_58.5_1.5,2029,Stable,57.5,24.3,18.2,57.5
z_58.5_1.5,2030,Stable,57.7,24.4,17.9,57.7
z_58.5_10.5,2023,Augmentation,67.4,67.4,12.6,20.0
z_58.5_10.5,2024,Augmentation,58.0,58.0,20.5,21.5
z_58.5_10.5,2025,Augmentation,61.8,61.8,18.4,19.8
z_58.5_10.5,2026,Augmentation,51.2,51.2,21.8,27.1
z_58.5_10.5,2027,Augmentation,48.8,48.8,19.7,31.4
z_58.5_10.5,2028,Augmentation,53.6,53.6,19.7,26.6
z_58.5_10.5,2029,Augmentation,53.4,53.4,20.4,26.2
z_58.5_10.5,2030,Augmentation,49.2,49.2,21.5,29.3
z_58.5_15.0,2023,Stable,39.0,43.2,17.9,39.0
z_58.5_15.0,2024,Stable,35.8,45.9,18.3,35.8
z_58.5_15.0,2025,Stable,39.7,44.8,15.5,39.7
z_58.5_15.0,2026,Augmentation,50.3,50.3,14.9,34.8
z_58.5_15.0,2027,Stable,36.0,47.8,16.3,36.0
z_58.5_15.0,2028,Augmentation,48.9,48.9,16.6,34.5
z_58.5_15.0,2029,Augmentation,55.4,55.4,15.3,29.3
z_58.5_15.0,2030,Augmentation,57.3,57.3,13.6,29.1
z_58.5_16.5,2023,Augmentation,69.0,69.0,19.8,11.2
z_58.5_16.5,2024,Augmentation,71.0,71.0,21.5,7.6
z_58.5_16.5,2025,Augmentation,64.6,64.6,25.2,10.2
z_58.5_16.5,2026,Augmentation,61.1,61.1,25.3,13.6
z_58.5_16.5,2027,Augmentation,72.7,72.7,18.6,8.7
z_58.5_16.5,2028,Augmentation,71.8,71.8,19.2,9.0
z_58.5_16.5,2029,Augmentation,72.4,72.4,17.7,9.8
z_58.5_16.5,2030,Augmentation,71.9,71.9,17.4,10.6
z_58.5_18.0,2023,Augmentation,61.7,61.7,27.0,11.2
z_58.5_18.0,2024,Augmentation,71.4,71.4,19.4,9.2
z_58.5_18.0,2025,Augmentation,54.7,54.7,30.7,14.5
z_58.5_18.0,2026,Augmentation,71.4,71.4,18.5,10.1
z_58.5_18.0,2027,Augmentation,77.4,77.4,15.1,7.5
z_58.5_18.0,2028,Augmentation,70.2,70.2,20.7,9.1
z_58.5_18.0,2029,Augmentation,73.7,73.7,18.6,7.7
z_58.5_18.0,2030,Augmentation,71.2,71.2,20.6,8.2
z_58.5_19.5,2023,Stable,46.4,30.7,22.9,46.4
z_58.5_19.5,2024,Stable,45.3,29.6,25.0,45.3
z_58.5_19.5,2025,Augmentation,56.6,56.6,19.9,23.5
z_58.5_19.5,2026,Stable,40.4,38.4,21.1,40.4
z_58.5_19.5,2027,Augmentation,49.3,49.3,24.4,26.3
z_58.5_19.5,2028,Stable,35.6,40.7,23.7,35.6
z_58.5_19.5,2029,Stable,37.9,37.4,24.7,37.9
z_58.5_19.5,2030,Stable,34.6,40.1,25.2,34.6
z_58.5_21.0,2023,Stable,51.1,26.9,22.0,51.1
z_58.5_21.0,2024,Stable,37.9,35.1,27.0,37.9
z_58.5_21.0,2025,Stable,47.7,34.1,18.1,47.7
z_58.5_21.0,2026,Stable,50.1,32.2,17.7,50.1
z_58.5_21.0,2027,Stable,43.0,37.9,19.1,43.0
z_58.5_21.0,2028,Stable,42.9,34.5,22.6,42.9
z_58.5_21.0,2029,Stable,54.8,29.3,15.9,54.8
z_58.5_21.0,2030,Stable,48.7,33.2,18.1,48.7
z_58.5_22.5,2023,Augmentation,51.6,51.6,20.2,28.3
z_58.5_22.5,2024,Stable,40.5,37.2,22.3,40.5
z_58.5_22.5,2025,Stable,41.9,40.2,17.9,41.9
z_58.5_22.5,2026,Stable,42.6,38.4,19.0,42.6
z_58.5_22.5,2027,Stable,45.0,37.3,17.7,45.0
z_58.5_22.5,2028,Stable,38.8,41.0,20.2,38.8
z_58.5_22.5,2029,Stable,41.2,40.3,18.5,41.2
z_58.5_22.5,2030,Stable,41.2,40.2,18.5,41.2
z_58.5_24.0,2023,Augmentation,61.1,61.1,19.0,19.9
z_58.5_24.0,2024,Augmentation,64.6,64.6,20.1,15.3
z_58.5_24.0,2025,Augmentation,66.5,66.5,19.5,14.0
z_58.5_24.0,2026,Augmentation,57.7,57.7,26.0,16.3
z_58.5_24.0,2027,Augmentation,61.7,61.7,22.6,15.7
z_58.5_24.0,2028,Augmentation,63.0,63.0,22.2,14.8
z_58.5_24.0,2029,Augmentation,61.8,61.8,23.5,14.7
z_58.5_24.0,2030,Augmentation,63.9,63.9,19.9,16.3
z_58.5_25.5,2023,Augmentation,42.9,42.9,24.9,32.2
z_58.5_25.5,2024,Stable,34.3,42.0,23.7,34.3
z_58.5_25.5,2025,Stable,37.9,41.3,20.8,37.9
z_58.5_25.5,2026,Stable,44.3,32.7,23.1,44.3
z_58.5_25.5,2027,Stable,39.7,39.0,21.3,39.7
z_58.5_25.5,2028,Stable,45.8,31.3,22.9,45.8
z_58.5_25.5,2029,Stable,44.1,31.6,24.3,44.1
z_58.5_25.5,2030,Stable,45.9,30.7,23.4,45.9
z_58.5_27.0,2023,Stable,45.3,28.3,26.5,45.3
z_58.5_27.0,2024,Augmentation,48.1,48.1,28.3,23.6
z_58.5_27.0,2025,Augmentation,46.3,46.3,32.5,21.3
z_58.5_27.0,2026,Augmentation,43.2,43.2,32.6,24.2
z_58.5_27.0,2027,Augmentation,42.9,42.9,35.4,21.7
z_58.5_27.0,2028,Augmentation,43.7,43.7,30.3,26.0
z_58.5_27.0,2029,Augmentation,50.5,50.5,29.2,20.2
z_58.5_27.0,2030,Augmentation,46.9,46.9,32.5,20.6
z_58.5_28.5,2023,Augmentation,45.9,45.9,25.5,28.6
z_58.5_28.5,2024,Stable,41.8,27.0,31.2,41.8
z_58.5_28.5,2025,Stable,40.9,28.1,31.0,40.9
z_58.5_28.5,2026,Stable,33.4,33.5,33.1,33.4
z_58.5_28.5,2027,Stable,33.8,28.7,37.5,33.8
z_58.5_28.5,2028,Stable,35.1,24.4,40.5,35.1
z_58.5_28.5,2029,Stable,36.2,25.9,37.9,36.2
z_58.5_28.5,2030,Stable,34.0,30.6,35.4,34.0
z_58.5_3.0,2023,Stable,50.5,27.6,21.9,50.5
z_58.5_3.0,2024,Stable,48.0,27.2,24.8,48.0
z_58.5_3.0,2025,Stable,60.6,20.4,19.0,60.6
z_58.5_3.0,2026,Stable,52.1,27.7,20.1,52.1
z_58.5_3.0,2027,Stable,50.8,28.6,20.6,50.8
z_58.5_3.0,2028,Stable,54.6,26.9,18.5,54.6
z_58.5_3.0,2029,Stable,51.7,29.1,19.2,51.7
z_58.5_3.0,2030,Stable,55.1,26.0,18.9,55.1
z_58.5_4.5,2023,Augmentation,42.4,42.4,28.9,28.7
z_58.5_4.5,2024,Stable,32.4,42.1,25.5,32.4
z_58.5_4.5,2025,Augmentation,49.4,49.4,19.8,30.8
z_58.5_4.5,2026,Augmentation,47.5,47.5,26.9,25.5
z_58.5_4.5,2027,Augmentation,48.8,48.8,21.6,29.5
z_58.5_4.5,2028,Augmentation,45.5,45.5,22.7,31.8
z_58.5_4.5,2029,Augmentation,44.2,44.2,23.6,32.2
z_58.5_4.5,2030,Augmentation,46.8,46.8,21.5,31.7
z_58.5_6.0,2023,Diminution,58.1,9.5,58.1,32.4
z_58.5_6.0,2024,Diminution,58.1,9.5,58.1,32.4
z_58.5_6.0,2025,Diminution,50.2,12.2,50.2,37.6
z_58.5_6.0,2026,Diminution,50.7,14.6,50.7,34.7
z_58.5_6.0,2027,Diminution,61.0,5.6,61.0,33.4
z_58.5_6.0,2028,Diminution,52.1,10.7,52.1,37.3
z_58.5_6.0,2029,Diminution,63.0,9.2,63.0,27.7
z_58.5_6.0,2030,Diminution,58.1,9.5,58.1,32.4
z_58.5_9.0,2023,Augmentation,59.2,59.2,19.3,21.6
z_58.5_9.0,2024,Augmentation,51.2,51.2,18.1,30.8
z_58.5_9.0,2025,Augmentation,57.4,57.4,15.0,27.7
z_58.5_9.0,2026,Stable,41.0,39.2,19.7,41.0
z_58.5_9.0,2027,Stable,40.8,40.1,19.1,40.8
z_58.5_9.0,2028,Stable,43.9,36.9,19.2,43.9
z_58.5_9.0,2029,Stable,43.4,39.7,16.9,43.4
z_58.5_9.0,2030,Augmentation,67.9,67.9,12.3,19.8
z_60.0_-1.5,2023,Stable,33.1,30.1,36.8,33.1
z_60.0_-1.5,2024,Stable,35.7,31.8,32.5,35.7
z_60.0_-1.5,2025,Stable,30.3,35.7,33.9,30.3
z_60.0_-1.5,2026,Stable,32.9,33.3,33.7,32.9
z_60.0_-1.5,2027,Stable,32.6,32.4,35.0,32.6
z_60.0_-1.5,2028,Stable,38.0,30.5,31.5,38.0
z_60.0_-1.5,2029,Stable,31.0,37.8,31.2,31.0
z_60.0_-1.5,2030,Stable,31.8,34.4,33.8,31.8
z_60.0_-31.5,2023,Diminution,64.0,2.6,64.0,33.4
z_60.0_-31.5,2024,Stable,42.4,4.6,53.1,42.4
z_60.0_-31.5,2025,Diminution,60.2,3.2,60.2,36.6
z_60.0_-31.5,2026,Diminution,65.9,3.2,65.9,30.9
z_60.0_-31.5,2027,Diminution,59.0,4.8,59.0,36.2
z_60.0_-31.5,2028,Diminution,64.4,2.7,64.4,33.0
z_60.0_-31.5,2029,Diminution,64.0,2.6,64.0,33.4
z_60.0_-31.5,2030,Diminution,64.0,2.6,64.0,33.4
z_60.0_-4.5,2023,Stable,39.8,26.7,33.5,39.8
z_60.0_-4.5,2024,Stable,33.2,35.2,31.6,33.2
z_60.0_-4.5,2025,Stable,36.9,35.4,27.7,36.9
z_60.0_-4.5,2026,Stable,36.9,31.8,31.3,36.9
z_60.0_-4.5,2027,Stable,36.1,32.6,31.4,36.1
z_60.0_-4.5,2028,Stable,33.0,37.8,29.2,33.0
z_60.0_-4.5,2029,Stable,32.8,34.9,32.3,32.8
z_60.0_-4.5,2030,Stable,34.8,38.1,27.0,34.8
z_60.0_-6.0,2023,Diminution,61.1,4.3,61.1,34.6
z_60.0_-6.0,2024,Diminution,61.1,4.3,61.1,34.6
z_60.0_-6.0,2025,Stable,47.7,4.2,48.1,47.7
z_60.0_-6.0,2026,Diminution,56.1,6.9,56.1,37.0
z_60.0_-6.0,2027,Diminution,65.3,5.4,65.3,29.3
z_60.0_-6.0,2028,Stable,42.0,4.9,53.1,42.0
z_60.0_-6.0,2029,Diminution,55.1,4.9,55.1,40.0
z_60.0_-6.0,2030,Diminution,61.1,4.3,61.1,34.6
z_60.0_-7.5,2023,Stable,54.8,9.4,35.9,54.8
z_60.0_-7.5,2024,Stable,47.8,15.7,36.5,47.8
z_60.0_-7.5,2025,Stable,53.3,11.1,35.6,53.3
z_60.0_-7.5,2026,Stable,68.8,8.3,22.9,68.8
z_60.0_-7.5,2027,Stable,59.1,12.7,28.2,59.1
z_60.0_-7.5,2028,Stable,49.2,10.5,40.3,49.2
z_60.0_-7.5,2029,Stable,56.9,11.7,31.4,56.9
z_60.0_-7.5,2030,Stable,60.6,9.5,29.8,60.6
z_60.0_-9.0,2023,Diminution,61.0,3.5,61.0,35.4
z_60.0_-9.0,2024,Stable,41.2,4.7,54.2,41.2
z_60.0_-9.0,2025,Diminution,57.1,6.5,57.1,36.4
z_60.0_-9.0,2026,Diminution,65.4,3.9,65.4,30.7
z_60.0_-9.0,2027,Stable,46.7,4.2,49.1,46.7
z_60.0_-9.0,2028,Diminution,56.1,4.2,56.1,39.8
z_60.0_-9.0,2029,Diminution,61.0,3.5,61.0,35.4
z_60.0_-9.0,2030,Diminution,61.0,3.5,61.0,35.4
z_60.0_0.0,2023,Stable,41.4,35.9,22.7,41.4
z_60.0_0.0,2024,Stable,45.2,26.8,28.0,45.2
z_60.0_0.0,2025,Stable,41.5,33.9,24.6,41.5
z_60.0_0.0,2026,Stable,46.4,29.1,24.5,46.4
z_60.0_0.0,2027,Stable,47.0,26.9,26.0,47.0
z_60.0_0.0,2028,Stable,44.8,28.2,27.0,44.8
z_60.0_0.0,2029,Stable,50.2,27.0,22.8,50.2
z_60.0_0.0,2030,Stable,45.6,28.2,26.2,45.6
z_60.0_1.5,2023,Stable,54.2,27.6,18.2,54.2
z_60.0_1.5,2024,Stable,54.5,27.0,18.5,54.5
z_60.0_1.5,2025,Stable,49.7,30.5,19.8,49.7
z_60.0_1.5,2026,Stable,49.3,30.3,20.4,49.3
z_60.0_1.5,2027,Stable,41.5,40.1,18.4,41.5
z_60.0_1.5,2028,Stable,42.3,39.6,18.1,42.3
z_60.0_1.5,2029,Stable,49.4,34.9,15.7,49.4
z_60.0_1.5,2030,Stable,54.1,29.2,16.8,54.1
z_60.0_16.5,2023,Stable,42.5,28.5,29.0,42.5
z_60.0_16.5,2024,Stable,49.3,28.6,22.1,49.3
z_60.0_16.5,2025,Stable,45.0,31.7,23.3,45.0
z_60.0_16.5,2026,Stable,55.8,23.4,20.8,55.8
z_60.0_16.5,2027,Stable,54.8,24.3,20.9,54.8
z_60.0_16.5,2028,Stable,61.9,19.8,18.3,61.9
z_60.0_16.5,2029,Stable,56.7,23.3,19.9,56.7
z_60.0_16.5,2030,Stable,64.7,18.7,16.6,64.7
z_60.0_18.0,2023,Stable,54.5,30.9,14.6,54.5
z_60.0_18.0,2024,Stable,56.0,25.6,18.3,56.0
z_60.0_18.0,2025,Stable,46.9,33.0,20.1,46.9
z_60.0_18.0,2026,Stable,50.2,26.3,23.6,50.2
z_60.0_18.0,2027,Stable,37.6,33.9,28.5,37.6
z_60.0_18.0,2028,Stable,46.4,31.5,22.1,46.4
z_60.0_18.0,2029,Stable,49.5,30.5,20.0,49.5
z_60.0_18.0,2030,Stable,48.3,33.3,18.4,48.3
z_60.0_19.5,2023,Stable,35.0,40.2,24.8,35.0
z_60.0_19.5,2024,Stable,46.0,29.8,24.2,46.0
z_60.0_19.5,2025,Stable,39.0,31.4,29.7,39.0
z_60.0_19.5,2026,Stable,30.2,37.9,31.9,30.2
z_60.0_19.5,2027,Stable,40.3,28.6,31.1,40.3
z_60.0_19.5,2028,Stable,34.6,31.9,33.6,34.6
z_60.0_19.5,2029,Augmentation,38.4,38.4,34.8,26.9
z_60.0_19.5,2030,Stable,29.9,36.9,33.2,29.9
z_60.0_21.0,2023,Stable,40.3,37.1,22.6,40.3
z_60.0_21.0,2024,Augmentation,68.3,68.3,17.4,14.3
z_60.0_21.0,2025,Augmentation,61.9,61.9,19.4,18.7
z_60.0_21.0,2026,Augmentation,57.7,57.7,22.5,19.8
z_60.0_21.0,2027,Augmentation,58.2,58.2,21.1,20.7
z_60.0_21.0,2028,Augmentation,54.8,54.8,21.5,23.7
z_60.0_21.0,2029,Augmentation,62.2,62.2,21.4,16.4
z_60.0_21.0,2030,Augmentation,70.3,70.3,16.6,13.2
z_60.0_24.0,2023,Stable,53.6,16.7,29.7,53.6
z_60.0_24.0,2024,Stable,52.0,18.8,29.2,52.0
z_60.0_24.0,2025,Stable,34.1,35.1,30.9,34.1
z_60.0_24.0,2026,Stable,47.2,27.1,25.6,47.2
z_60.0_24.0,2027,Stable,43.6,25.6,30.8,43.6
z_60.0_24.0,2028,Stable,49.0,20.7,30.2,49.0
z_60.0_24.0,2029,Stable,51.7,22.4,25.8,51.7
z_60.0_24.0,2030,Stable,52.9,17.8,29.4,52.9
z_60.0_25.5,2023,Stable,57.7,22.5,19.8,57.7
z_60.0_25.5,2024,Stable,62.0,20.6,17.3,62.0
z_60.0_25.5,2025,Stable,41.3,43.4,15.3,41.3
z_60.0_25.5,2026,Augmentation,48.1,48.1,22.7,29.2
z_60.0_25.5,2027,Augmentation,47.3,47.3,24.3,28.5
z_60.0_25.5,2028,Stable,38.8,39.9,21.4,38.8
z_60.0_25.5,2029,Stable,35.1,42.5,22.4,35.1
z_60.0_25.5,2030,Augmentation,53.2,53.2,19.5,27.3
z_60.0_27.0,2023,Stable,33.4,38.6,28.0,33.4
z_60.0_27.0,2024,Stable,34.2,39.2,26.5,34.2
z_60.0_27.0,2025,Stable,36.2,34.5,29.3,36.2
z_60.0_27.0,2026,Stable,30.0,36.7,33.3,30.0
z_60.0_27.0,2027,Stable,31.9,35.4,32.7,31.9
z_60.0_27.0,2028,Stable,33.0,39.6,27.4,33.0
z_60.0_27.0,2029,Stable,31.4,37.2,31.5,31.4
z_60.0_27.0,2030,Stable,31.4,37.2,31.5,31.4
z_60.0_28.5,2023,Augmentation,47.7,47.7,21.9,30.5
z_60.0_28.5,2024,Stable,31.5,40.6,27.8,31.5
z_60.0_28.5,2025,Stable,33.6,43.7,22.6,33.6
z_60.0_28.5,2026,Stable,31.5,40.6,27.8,31.5
z_60.0_28.5,2027,Augmentation,48.3,48.3,26.0,25.7
z_60.0_28.5,2028,Augmentation,44.7,44.7,28.5,26.8
z_60.0_28.5,2029,Augmentation,48.0,48.0,24.1,27.9
z_60.0_28.5,2030,Augmentation,45.2,45.2,27.4,27.3
z_60.0_3.0,2023,Stable,50.8,26.9,22.3,50.8
z_60.0_3.0,2024,Stable,57.4,23.5,19.1,57.4
z_60.0_3.0,2025,Stable,51.9,30.8,17.3,51.9
z_60.0_3.0,2026,Stable,55.6,28.4,16.0,55.6
z_60.0_3.0,2027,Stable,53.8,28.4,17.8,53.8
z_60.0_3.0,2028,Stable,50.6,33.5,16.0,50.6
z_60.0_3.0,2029,Stable,48.7,33.5,17.8,48.7
z_60.0_3.0,2030,Stable,47.8,34.9,17.4,47.8
z_60.0_4.5,2023,Augmentation,43.8,43.8,32.7,23.5
z_60.0_4.5,2024,Augmentation,41.7,41.7,35.4,22.9
z_60.0_4.5,2025,Augmentation,51.9,51.9,25.6,22.5
z_60.0_4.5,2026,Augmentation,51.5,51.5,23.6,24.9
z_60.0_4.5,2027,Augmentation,46.0,46.0,28.4,25.6
z_60.0_4.5,2028,Augmentation,53.2,53.2,28.1,18.7
z_60.0_4.5,2029,Augmentation,47.2,47.2,33.3,19.5
z_60.0_4.5,2030,Augmentation,53.0,53.0,25.8,21.1
z_60.0_6.0,2023,Stable,50.9,17.9,31.1,50.9
z_60.0_6.0,2024,Stable,63.9,13.4,22.7,63.9
z_60.0_6.0,2025,Stable,56.0,12.6,31.4,56.0
z_60.0_6.0,2026,Stable,51.1,23.2,25.7,51.1
z_60.0_6.0,2027,Stable,60.1,17.3,22.6,60.1
z_60.0_6.0,2028,Stable,55.9,15.9,28.2,55.9
z_60.0_6.0,2029,Stable,68.3,11.6,20.1,68.3
z_60.0_6.0,2030,Stable,58.0,18.2,23.7,58.0
z_61.5_-1.5,2023,Diminution,71.8,3.4,71.8,24.8
z_61.5_-1.5,2024,Stable,42.6,7.0,50.3,42.6
z_61.5_-1.5,2025,Diminution,65.3,4.6,65.3,30.1
z_61.5_-1.5,2026,Diminution,70.2,4.7,70.2,25.1
z_61.5_-1.5,2027,Diminution,63.8,3.8,63.8,32.4
z_61.5_-1.5,2028,Diminution,72.9,2.4,72.9,24.8
z_61.5_-1.5,2029,Diminution,71.6,2.0,71.6,26.4
z_61.5_-1.5,2030,Diminution,71.6,2.0,71.6,26.4
z_61.5_-7.5,2023,Stable,32.3,30.4,37.4,32.3
z_61.5_-7.5,2024,Stable,34.3,33.3,32.5,34.3
z_61.5_-7.5,2025,Stable,35.4,36.0,28.6,35.4
z_61.5_-7.5,2026,Stable,39.6,28.7,31.7,39.6
z_61.5_-7.5,2027,Stable,34.4,30.3,35.3,34.4
z_61.5_-7.5,2028,Stable,32.6,36.6,30.8,32.6
z_61.5_-7.5,2029,Stable,32.0,33.8,34.2,32.0
z_61.5_-7.5,2030,Stable,33.6,37.9,28.4,33.6
z_61.5_0.0,2023,Stable,40.9,18.6,40.4,40.9
z_61.5_0.0,2024,Stable,36.1,20.4,43.5,36.1
z_61.5_0.0,2025,Stable,38.5,20.5,40.9,38.5
z_61.5_0.0,2026,Stable,34.5,21.9,43.6,34.5
z_61.5_0.0,2027,Stable,36.3,24.1,39.7,36.3
z_61.5_0.0,2028,Stable,35.0,23.0,42.1,35.0
z_61.5_0.0,2029,Stable,32.5,28.6,38.9,32.5
z_61.5_0.0,2030,Stable,36.5,23.5,40.1,36.5
z_61.5_1.5,2023,Stable,34.9,22.8,42.3,34.9
z_61.5_1.5,2024,Stable,41.2,16.7,42.1,41.2
z_61.5_1.5,2025,Diminution,46.2,20.7,46.2,33.1
z_61.5_1.5,2026,Stable,45.4,14.3,40.3,45.4
z_61.5_1.5,2027,Stable,38.8,18.1,43.1,38.8
z_61.5_1.5,2028,Diminution,46.0,20.0,46.0,34.0
z_61.5_1.5,2029,Stable,43.4,16.1,40.5,43.4
z_61.5_1.5,2030,Stable,34.9,22.8,42.3,34.9
z_61.5_16.5,2023,Stable,40.1,31.3,28.6,40.1
z_61.5_16.5,2024,Stable,47.1,26.9,26.0,47.1
z_61.5_16.5,2025,Stable,40.1,31.4,28.4,40.1
z_61.5_16.5,2026,Stable,51.9,22.8,25.3,51.9
z_61.5_16.5,2027,Stable,45.7,22.8,31.5,45.7
z_61.5_16.5,2028,Stable,55.3,20.9,23.9,55.3
z_61.5_16.5,2029,Stable,50.8,21.9,27.3,50.8
z_61.5_16.5,2030,Stable,59.3,18.7,22.0,59.3
z_61.5_18.0,2023,Stable,56.3,25.7,17.9,56.3
z_61.5_18.0,2024,Stable,60.5,26.1,13.4,60.5
z_61.5_18.0,2025,Stable,64.6,23.0,12.4,64.6
z_61.5_18.0,2026,Stable,64.2,23.8,12.0,64.2
z_61.5_18.0,2027,Stable,63.2,24.0,12.9,63.2
z_61.5_18.0,2028,Stable,63.8,23.6,12.6,63.8
z_61.5_18.0,2029,Stable,60.5,26.1,13.4,60.5
z_61.5_18.0,2030,Stable,64.6,23.0,12.4,64.6
z_61.5_19.5,2023,Stable,53.2,15.5,31.2,53.2
z_61.5_19.5,2024,Stable,45.9,18.0,36.1,45.9
z_61.5_19.5,2025,Stable,38.5,20.9,40.6,38.5
z_61.5_19.5,2026,Stable,45.7,19.5,34.8,45.7
z_61.5_19.5,2027,Stable,38.6,23.0,38.4,38.6
z_61.5_19.5,2028,Stable,40.5,24.5,35.0,40.5
z_61.5_19.5,2029,Stable,42.4,22.8,34.9,42.4
z_61.5_19.5,2030,Stable,42.4,22.8,34.9,42.4
z_61.5_21.0,2023,Stable,50.7,26.0,23.4,50.7
z_61.5_21.0,2024,Stable,45.1,24.4,30.5,45.1
z_61.5_21.0,2025,Stable,50.8,21.9,27.3,50.8
z_61.5_21.0,2026,Stable,46.8,26.5,26.7,46.8
z_61.5_21.0,2027,Stable,51.9,20.4,27.7,51.9
z_61.5_21.0,2028,Stable,49.6,22.9,27.5,49.6
z_61.5_21.0,2029,Stable,51.3,22.1,26.7,51.3
z_61.5_21.0,2030,Stable,53.3,21.4,25.3,53.3
z_61.5_3.0,2023,Stable,46.0,24.2,29.8,46.0
z_61.5_3.0,2024,Stable,51.7,27.6,20.7,51.7
z_61.5_3.0,2025,Stable,57.9,18.4,23.8,57.9
z_61.5_3.0,2026,Stable,53.2,22.1,24.7,53.2
z_61.5_3.0,2027,Stable,45.9,26.5,27.6,45.9
z_61.5_3.0,2028,Stable,50.6,24.9,24.5,50.6
z_61.5_3.0,2029,Stable,50.0,25.6,24.4,50.0
z_61.5_3.0,2030,Stable,50.0,25.6,24.4,50.0
z_61.5_4.5,2023,Augmentation,70.0,70.0,11.9,18.1
z_61.5_4.5,2024,Augmentation,60.9,60.9,17.1,22.0
z_61.5_4.5,2025,Augmentation,72.2,72.2,14.6,13.2
z_61.5_4.5,2026,Augmentation,66.9,66.9,15.9,17.2
z_61.5_4.5,2027,Augmentation,64.0,64.0,14.7,21.3
z_61.5_4.5,2028,Augmentation,70.7,70.7,14.2,15.1
z_61.5_4.5,2029,Augmentation,72.3,72.3,12.5,15.2
z_61.5_4.5,2030,Augmentation,68.9,68.9,14.5,16.6
z_61.5_6.0,2023,Augmentation,51.0,51.0,21.2,27.8
z_61.5_6.0,2024,Augmentation,47.4,47.4,20.9,31.7
z_61.5_6.0,2025,Augmentation,52.7,52.7,18.9,28.4
z_61.5_6.0,2026,Augmentation,62.8,62.8,17.9,19.3
z_61.5_6.0,2027,Augmentation,46.2,46.2,20.1,33.7
z_61.5_6.0,2028,Augmentation,56.3,56.3,20.4,23.3
z_61.5_6.0,2029,Augmentation,53.1,53.1,20.2,26.7
z_61.5_6.0,2030,Augmentation,55.9,55.9,20.6,23.5
z_63.0_-13.5,2023,Stable,31.1,29.8,39.1,31.1
z_63.0_-13.5,2024,Stable,31.3,27.9,40.8,31.3
z_63.0_-13.5,2025,Stable,34.5,31.7,33.7,34.5
z_63.0_-13.5,2026,Diminution,41.6,28.7,41.6,29.7
z_63.0_-13.5,2027,Diminution,43.8,26.6,43.8,29.6
z_63.0_-13.5,2028,Stable,31.3,27.9,40.8,31.3
z_63.0_-13.5,2029,Stable,30.1,33.6,36.3,30.1
z_63.0_-13.5,2030,Diminution,40.8,30.3,40.8,29.0
z_63.0_-16.5,2023,Stable,55.7,30.8,13.5,55.7
z_63.0_-16.5,2024,Stable,58.0,29.2,12.8,58.0
z_63.0_-16.5,2025,Stable,51.4,35.3,13.3,51.4
z_63.0_-16.5,2026,Stable,49.3,31.6,19.2,49.3
z_63.0_-16.5,2027,Stable,44.0,33.6,22.5,44.0
z_63.0_-16.5,2028,Stable,59.7,23.8,16.6,59.7
z_63.0_-16.5,2029,Stable,53.8,30.7,15.5,53.8
z_63.0_-16.5,2030,Stable,51.7,32.4,15.9,51.7
z_63.0_-21.0,2023,Stable,50.9,33.0,16.2,50.9
z_63.0_-21.0,2024,Stable,43.6,40.6,15.9,43.6
z_63.0_-21.0,2025,Stable,41.7,36.2,22.1,41.7
z_63.0_-21.0,2026,Stable,43.7,33.3,23.0,43.7
z_63.0_-21.0,2027,Stable,40.0,34.8,25.3,40.0
z_63.0_-21.0,2028,Stable,53.2,28.2,18.6,53.2
z_63.0_-21.0,2029,Stable,44.1,37.6,18.2,44.1
z_63.0_-21.0,2030,Stable,39.6,42.8,17.6,39.6
z_63.0_-22.5,2023,Augmentation,50.4,50.4,21.2,28.5
z_63.0_-22.5,2024,Augmentation,58.7,58.7,15.6,25.7
z_63.0_-22.5,2025,Augmentation,45.5,45.5,24.4,30.1
z_63.0_-22.5,2026,Stable,34.6,43.9,21.6,34.6
z_63.0_-22.5,2027,Stable,50.6,31.5,17.9,50.6
z_63.0_-22.5,2028,Stable,43.9,35.6,20.6,43.9
z_63.0_-22.5,2029,Stable,43.1,38.7,18.2,43.1
z_63.0_-22.5,2030,Augmentation,47.6,47.6,18.4,34.1
z_63.0_-24.0,2023,Stable,34.0,45.2,20.9,34.0
z_63.0_-24.0,2024,Augmentation,48.1,48.1,21.6,30.3
z_63.0_-24.0,2025,Stable,34.4,42.6,22.9,34.4
z_63.0_-24.0,2026,Stable,37.9,37.5,24.5,37.9
z_63.0_-24.0,2027,Stable,37.2,41.6,21.3,37.2
z_63.0_-24.0,2028,Stable,36.5,39.9,23.6,36.5
z_63.0_-24.0,2029,Stable,33.3,43.5,23.1,33.3
z_63.0_-24.0,2030,Augmentation,48.1,48.1,22.4,29.5
z_63.0_-36.0,2023,Diminution,72.5,2.3,72.5,25.2
z_63.0_-36.0,2024,Diminution,72.5,2.3,72.5,25.2
z_63.0_-36.0,2025,Diminution,59.5,4.9,59.5,35.5
z_63.0_-36.0,2026,Diminution,72.6,3.6,72.6,23.8
z_63.0_-36.0,2027,Diminution,73.9,2.5,73.9,23.5
z_63.0_-36.0,2028,Diminution,65.1,4.2,65.1,30.7
z_63.0_-36.0,2029,Diminution,73.7,2.6,73.7,23.7
z_63.0_-36.0,2030,Diminution,72.5,2.3,72.5,25.2
z_63.0_-7.5,2023,Diminution,80.6,2.0,80.6,17.5
z_63.0_-7.5,2024,Diminution,63.7,6.9,63.7,29.4
z_63.0_-7.5,2025,Diminution,75.3,3.6,75.3,21.1
z_63.0_-7.5,2026,Diminution,83.0,1.4,83.0,15.6
z_63.0_-7.5,2027,Diminution,76.5,5.3,76.5,18.2
z_63.0_-7.5,2028,Diminution,78.2,1.7,78.2,20.1
z_63.0_-7.5,2029,Diminution,80.6,2.0,80.6,17.5
z_63.0_-7.5,2030,Diminution,80.6,2.0,80.6,17.5
z_63.0_0.0,2023,Diminution,72.5,1.9,72.5,25.6
z_63.0_0.0,2024,Diminution,55.1,8.8,55.1,36.2
z_63.0_0.0,2025,Diminution,69.9,5.7,69.9,24.3
z_63.0_0.0,2026,Diminution,65.4,4.3,65.4,30.3
z_63.0_0.0,2027,Diminution,64.8,7.1,64.8,28.0
z_63.0_0.0,2028,Diminution,72.9,3.9,72.9,23.2
z_63.0_0.0,2029,Diminution,72.5,1.9,72.5,25.6
z_63.0_0.0,2030,Diminution,72.5,1.9,72.5,25.6
z_63.0_18.0,2023,Stable,46.7,24.2,29.1,46.7
z_63.0_18.0,2024,Stable,52.4,27.1,20.4,52.4
z_63.0_18.0,2025,Stable,56.0,26.4,17.6,56.0
z_63.0_18.0,2026,Stable,51.3,26.8,21.9,51.3
z_63.0_18.0,2027,Stable,49.7,27.8,22.5,49.7
z_63.0_18.0,2028,Stable,49.9,26.8,23.2,49.9
z_63.0_18.0,2029,Stable,51.7,26.0,22.3,51.7
z_63.0_18.0,2030,Stable,51.6,26.0,22.4,51.6
z_63.0_19.5,2023,Stable,56.4,25.3,18.3,56.4
z_63.0_19.5,2024,Stable,48.4,35.5,16.2,48.4
z_63.0_19.5,2025,Stable,48.3,31.6,20.1,48.3
z_63.0_19.5,2026,Stable,49.7,36.0,14.3,49.7
z_63.0_19.5,2027,Stable,55.7,30.4,13.9,55.7
z_63.0_19.5,2028,Stable,48.8,37.7,13.5,48.8
z_63.0_19.5,2029,Stable,49.6,36.1,14.3,49.6
z_63.0_19.5,2030,Stable,47.7,38.1,14.1,47.7
z_63.0_21.0,2023,Stable,29.6,36.4,34.0,29.6
z_63.0_21.0,2024,Stable,42.1,25.1,32.8,42.1
z_63.0_21.0,2025,Stable,45.0,23.0,32.0,45.0
z_63.0_21.0,2026,Stable,42.8,24.9,32.3,42.8
z_63.0_21.0,2027,Stable,48.2,24.6,27.2,48.2
z_63.0_21.0,2028,Stable,45.9,25.0,29.1,45.9
z_63.0_21.0,2029,Stable,47.2,24.6,28.2,47.2
z_63.0_21.0,2030,Stable,47.2,24.6,28.2,47.2
z_63.0_22.5,2023,Stable,61.3,17.4,21.3,61.3
z_63.0_22.5,2024,Stable,66.5,14.8,18.7,66.5
z_63.0_22.5,2025,Stable,57.6,16.2,26.2,57.6
z_63.0_22.5,2026,Stable,65.3,17.6,17.1,65.3
z_63.0_22.5,2027,Stable,59.3,16.2,24.5,59.3
z_63.0_22.5,2028,Stable,71.0,13.6,15.4,71.0
z_63.0_22.5,2029,Stable,65.9,16.4,17.8,65.9
z_63.0_22.5,2030,Stable,69.7,14.9,15.4,69.7
z_63.0_3.0,2023,Diminution,70.4,2.3,70.4,27.3
z_63.0_3.0,2024,Diminution,60.3,5.1,60.3,34.6
z_63.0_3.0,2025,Diminution,70.6,3.9,70.6,25.5
z_63.0_3.0,2026,Diminution,72.1,1.9,72.1,26.0
z_63.0_3.0,2027,Diminution,66.5,4.1,66.5,29.4
z_63.0_3.0,2028,Diminution,73.2,2.6,73.2,24.3
z_63.0_3.0,2029,Diminution,70.4,2.3,70.4,27.3
z_63.0_3.0,2030,Diminution,70.4,2.3,70.4,27.3
z_63.0_4.5,2023,Stable,47.9,24.3,27.8,47.9
z_63.0_4.5,2024,Stable,50.3,29.0,20.7,50.3
z_63.0_4.5,2025,Stable,58.4,18.2,23.4,58.4
z_63.0_4.5,2026,Stable,54.5,29.5,16.0,54.5
z_63.0_4.5,2027,Stable,46.6,25.9,27.5,46.6
z_63.0_4.5,2028,Stable,48.6,28.1,23.3,48.6
z_63.0_4.5,2029,Stable,50.3,28.3,21.4,50.3
z_63.0_4.5,2030,Stable,47.9,29.8,22.3,47.9
z_63.0_6.0,2023,Stable,43.9,31.0,25.2,43.9
z_63.0_6.0,2024,Stable,40.6,35.1,24.3,40.6
z_63.0_6.0,2025,Stable,46.6,33.4,20.1,46.6
z_63.0_6.0,2026,Stable,40.1,35.8,24.1,40.1
z_63.0_6.0,2027,Stable,40.9,31.5,27.7,40.9
z_63.0_6.0,2028,Stable,44.1,29.8,26.1,44.1
z_63.0_6.0,2029,Stable,40.6,35.1,24.3,40.6
z_63.0_6.0,2030,Stable,41.2,35.0,23.8,41.2
z_63.0_7.5,2023,Augmentation,37.5,37.5,35.5,27.0
z_63.0_7.5,2024,Augmentation,41.5,41.5,32.7,25.8
z_63.0_7.5,2025,Stable,28.9,35.6,35.5,28.9
z_63.0_7.5,2026,Augmentation,44.5,44.5,33.7,21.8
z_63.0_7.5,2027,Augmentation,37.8,37.8,34.1,28.1
z_63.0_7.5,2028,Augmentation,40.4,40.4,34.0,25.5
z_63.0_7.5,2029,Augmentation,38.9,38.9,34.9,26.2
z_63.0_7.5,2030,Augmentation,39.3,39.3,34.8,25.9
z_63.0_9.0,2023,Augmentation,67.4,67.4,16.2,16.4
z_63.0_9.0,2024,Augmentation,59.1,59.1,18.8,22.1
z_63.0_9.0,2025,Augmentation,62.9,62.9,21.3,15.8
z_63.0_9.0,2026,Augmentation,58.4,58.4,20.5,21.1
z_63.0_9.0,2027,Augmentation,63.2,63.2,19.3,17.5
z_63.0_9.0,2028,Augmentation,62.5,62.5,19.8,17.7
z_63.0_9.0,2029,Augmentation,60.8,60.8,20.6,18.6
z_63.0_9.0,2030,Augmentation,60.3,60.3,20.8,18.9
z_64.5_-15.0,2023,Stable,53.3,33.3,13.4,53.3
z_64.5_-15.0,2024,Stable,50.7,32.1,17.2,50.7
z_64.5_-15.0,2025,Stable,57.4,25.5,17.1,57.4
z_64.5_-15.0,2026,Stable,41.6,32.2,26.2,41.6
z_64.5_-15.0,2027,Stable,59.5,24.3,16.2,59.5
z_64.5_-15.0,2028,Stable,47.4,29.8,22.7,47.4
z_64.5_-15.0,2029,Stable,52.7,30.3,17.1,52.7
z_64.5_-15.0,2030,Stable,54.7,29.3,16.0,54.7
z_64.5_-22.5,2023,Stable,51.6,26.7,21.7,51.6
z_64.5_-22.5,2024,Stable,56.0,24.8,19.2,56.0
z_64.5_-22.5,2025,Stable,59.8,21.3,18.9,59.8
z_64.5_-22.5,2026,Stable,45.2,23.1,31.7,45.2
z_64.5_-22.5,2027,Stable,49.3,26.8,23.9,49.3
z_64.5_-22.5,2028,Stable,51.6,26.7,21.7,51.6
z_64.5_-22.5,2029,Stable,53.4,25.8,20.8,53.4
z_64.5_-22.5,2030,Stable,53.4,25.8,20.8,53.4
z_64.5_-24.0,2023,Augmentation,48.2,48.2,19.6,32.2
z_64.5_-24.0,2024,Augmentation,51.6,51.6,19.3,29.1
z_64.5_-24.0,2025,Stable,35.6,37.6,26.8,35.6
z_64.5_-24.0,2026,Stable,41.8,31.5,26.7,41.8
z_64.5_-24.0,2027,Stable,31.8,41.1,27.1,31.8
z_64.5_-24.0,2028,Stable,33.1,42.3,24.7,33.1
z_64.5_-24.0,2029,Augmentation,46.9,46.9,23.5,29.6
z_64.5_-24.0,2030,Augmentation,50.7,50.7,22.5,26.8
z_64.5_-25.5,2023,Stable,33.9,40.9,25.2,33.9
z_64.5_-25.5,2024,Stable,37.4,42.7,19.9,37.4
z_64.5_-25.5,2025,Stable,41.3,38.9,19.8,41.3
z_64.5_-25.5,2026,Stable,42.3,36.2,21.5,42.3
z_64.5_-25.5,2027,Stable,39.2,38.7,22.1,39.2
z_64.5_-25.5,2028,Stable,37.2,38.0,24.8,37.2
z_64.5_-25.5,2029,Stable,40.0,37.4,22.6,40.0
z_64.5_-25.5,2030,Stable,35.0,43.3,21.6,35.0
z_64.5_-37.5,2023,Diminution,68.7,2.7,68.7,28.6
z_64.5_-37.5,2024,Stable,40.7,5.0,54.3,40.7
z_64.5_-37.5,2025,Diminution,67.5,3.5,67.5,29.0
z_64.5_-37.5,2026,Diminution,71.1,2.7,71.1,26.2
z_64.5_-37.5,2027,Diminution,64.4,5.2,64.4,30.4
z_64.5_-37.5,2028,Diminution,69.6,2.9,69.6,27.5
z_64.5_-37.5,2029,Diminution,68.7,2.7,68.7,28.6
z_64.5_-37.5,2030,Diminution,68.7,2.7,68.7,28.6
z_64.5_10.5,2023,Stable,38.9,33.5,27.6,38.9
z_64.5_10.5,2024,Augmentation,54.1,54.1,24.2,21.7
z_64.5_10.5,2025,Augmentation,63.2,63.2,16.5,20.2
z_64.5_10.5,2026,Augmentation,59.2,59.2,17.8,23.0
z_64.5_10.5,2027,Augmentation,51.3,51.3,19.1,29.6
z_64.5_10.5,2028,Stable,43.1,40.9,16.0,43.1
z_64.5_10.5,2029,Stable,36.2,46.5,17.3,36.2
z_64.5_10.5,2030,Augmentation,54.5,54.5,15.6,29.9
z_64.5_12.0,2023,Stable,38.5,42.5,18.9,38.5
z_64.5_12.0,2024,Stable,46.0,39.1,14.8,46.0
z_64.5_12.0,2025,Augmentation,55.6,55.6,16.7,27.7
z_64.5_12.0,2026,Augmentation,58.9,58.9,17.7,23.4
z_64.5_12.0,2027,Augmentation,56.6,56.6,18.7,24.7
z_64.5_12.0,2028,Augmentation,63.8,63.8,12.0,24.1
z_64.5_12.0,2029,Augmentation,56.8,56.8,16.4,26.7
z_64.5_12.0,2030,Augmentation,60.2,60.2,14.6,25.1
z_64.5_21.0,2023,Augmentation,59.5,59.5,20.4,20.1
z_64.5_21.0,2024,Augmentation,54.7,54.7,28.1,17.2
z_64.5_21.0,2025,Augmentation,65.1,65.1,20.5,14.3
z_64.5_21.0,2026,Augmentation,60.0,60.0,20.2,19.8
z_64.5_21.0,2027,Augmentation,67.0,67.0,21.5,11.5
z_64.5_21.0,2028,Augmentation,75.3,75.3,16.7,8.0
z_64.5_21.0,2029,Augmentation,67.0,67.0,20.8,12.1
z_64.5_21.0,2030,Augmentation,66.3,66.3,18.2,15.5
z_64.5_22.5,2023,Stable,32.7,39.3,28.0,32.7
z_64.5_22.5,2024,Stable,38.2,29.7,32.0,38.2
z_64.5_22.5,2025,Stable,30.4,34.6,35.0,30.4
z_64.5_22.5,2026,Stable,45.5,24.3,30.2,45.5
z_64.5_22.5,2027,Stable,31.0,36.0,33.0,31.0
z_64.5_22.5,2028,Stable,35.1,29.9,34.9,35.1
z_64.5_22.5,2029,Stable,37.5,25.2,37.3,37.5
z_64.5_22.5,2030,Stable,36.9,25.8,37.3,36.9
z_64.5_24.0,2023,Augmentation,58.8,58.8,15.6,25.6
z_64.5_24.0,2024,Augmentation,50.7,50.7,20.6,28.7
z_64.5_24.0,2025,Augmentation,56.2,56.2,14.5,29.3
z_64.5_24.0,2026,Stable,44.4,35.0,20.6,44.4
z_64.5_24.0,2027,Augmentation,51.4,51.4,16.3,32.4
z_64.5_24.0,2028,Augmentation,66.2,66.2,14.5,19.3
z_64.5_24.0,2029,Augmentation,57.4,57.4,15.3,27.3
z_64.5_24.0,2030,Augmentation,66.0,66.0,12.8,21.2
z_64.5_7.5,2023,Diminution,70.7,3.9,70.7,25.4
z_64.5_7.5,2024,Diminution,62.0,5.1,62.0,32.9
z_64.5_7.5,2025,Stable,41.0,10.0,49.0,41.0
z_64.5_7.5,2026,Diminution,59.7,11.9,59.7,28.4
z_64.5_7.5,2027,Diminution,70.6,5.4,70.6,23.9
z_64.5_7.5,2028,Diminution,61.4,7.6,61.4,31.0
z_64.5_7.5,2029,Diminution,64.3,6.9,64.3,28.9
z_64.5_7.5,2030,Diminution,70.7,3.9,70.7,25.4
z_64.5_9.0,2023,Stable,42.2,30.6,27.2,42.2
z_64.5_9.0,2024,Stable,36.7,33.6,29.7,36.7
z_64.5_9.0,2025,Stable,56.0,21.0,23.1,56.0
z_64.5_9.0,2026,Stable,49.4,20.9,29.7,49.4
z_64.5_9.0,2027,Stable,47.4,23.4,29.3,47.4
z_64.5_9.0,2028,Stable,50.4,24.0,25.6,50.4
z_64.5_9.0,2029,Stable,50.4,24.0,25.6,50.4
z_64.5_9.0,2030,Stable,50.4,24.0,25.6,50.4
z_66.0_-13.5,2023,Diminution,73.2,6.8,73.2,20.0
z_66.0_-13.5,2024,Diminution,50.9,19.5,50.9,29.6
z_66.0_-13.5,2025,Diminution,67.1,8.6,67.1,24.3
z_66.0_-13.5,2026,Diminution,77.3,4.4,77.3,18.3
z_66.0_-13.5,2027,Diminution,68.6,4.1,68.6,27.3
z_66.0_-13.5,2028,Diminution,68.8,6.6,68.8,24.6
z_66.0_-13.5,2029,Diminution,75.2,3.5,75.2,21.3
z_66.0_-13.5,2030,Diminution,75.2,3.5,75.2,21.3
z_66.0_-18.0,2023,Stable,41.6,36.5,21.9,41.6
z_66.0_-18.0,2024,Stable,44.2,37.0,18.9,44.2
z_66.0_-18.0,2025,Stable,43.7,36.5,19.8,43.7
z_66.0_-18.0,2026,Stable,38.8,33.6,27.5,38.8
z_66.0_-18.0,2027,Stable,48.7,30.6,20.7,48.7
z_66.0_-18.0,2028,Stable,39.5,33.5,27.0,39.5
z_66.0_-18.0,2029,Stable,41.9,37.8,20.4,41.9
z_66.0_-18.0,2030,Stable,43.6,34.7,21.7,43.6
z_66.0_-21.0,2023,Stable,50.7,34.9,14.4,50.7
z_66.0_-21.0,2024,Stable,49.3,31.6,19.1,49.3
z_66.0_-21.0,2025,Stable,37.3,38.3,24.4,37.3
z_66.0_-21.0,2026,Stable,42.8,40.7,16.5,42.8
z_66.0_-21.0,2027,Stable,35.7,42.0,22.3,35.7
z_66.0_-21.0,2028,Stable,37.9,40.8,21.3,37.9
z_66.0_-21.0,2029,Stable,39.3,43.5,17.2,39.3
z_66.0_-21.0,2030,Stable,38.0,44.1,17.9,38.0
z_66.0_-24.0,2023,Stable,40.6,37.7,21.7,40.6
z_66.0_-24.0,2024,Stable,43.6,36.7,19.8,43.6
z_66.0_-24.0,2025,Stable,50.5,31.3,18.2,50.5
z_66.0_-24.0,2026,Stable,41.8,38.3,19.9,41.8
z_66.0_-24.0,2027,Stable,37.0,42.0,21.0,37.0
z_66.0_-24.0,2028,Stable,50.4,31.5,18.1,50.4
z_66.0_-24.0,2029,Stable,43.1,38.5,18.4,43.1
z_66.0_-24.0,2030,Stable,38.3,42.5,19.2,38.3
z_66.0_-3.0,2023,Diminution,70.7,2.0,70.7,27.3
z_66.0_-3.0,2024,Diminution,62.3,4.7,62.3,32.9
z_66.0_-3.0,2025,Diminution,70.8,3.6,70.8,25.6
z_66.0_-3.0,2026,Diminution,73.1,1.6,73.1,25.2
z_66.0_-3.0,2027,Diminution,67.6,4.3,67.6,28.1
z_66.0_-3.0,2028,Diminution,74.0,2.1,74.0,23.9
z_66.0_-3.0,2029,Diminution,70.7,2.0,70.7,27.3
z_66.0_-3.0,2030,Diminution,70.7,2.0,70.7,27.3
z_66.0_10.5,2023,Stable,59.5,17.5,22.9,59.5
z_66.0_10.5,2024,Stable,52.8,20.3,26.9,52.8
z_66.0_10.5,2025,Stable,47.4,23.0,29.6,47.4
z_66.0_10.5,2026,Stable,53.3,26.5,20.2,53.3
z_66.0_10.5,2027,Stable,51.8,21.8,26.4,51.8
z_66.0_10.5,2028,Stable,53.7,18.2,28.0,53.7
z_66.0_10.5,2029,Stable,50.2,22.3,27.5,50.2
z_66.0_10.5,2030,Stable,48.8,24.7,26.5,48.8
z_66.0_12.0,2023,Augmentation,42.8,42.8,29.2,27.9
z_66.0_12.0,2024,Augmentation,49.3,49.3,22.7,28.0
z_66.0_12.0,2025,Augmentation,47.6,47.6,24.6,27.8
z_66.0_12.0,2026,Augmentation,41.8,41.8,27.0,31.2
z_66.0_12.0,2027,Augmentation,46.4,46.4,28.9,24.7
z_66.0_12.0,2028,Stable,31.9,41.0,27.2,31.9
z_66.0_12.0,2029,Augmentation,44.5,44.5,27.9,27.6
z_66.0_12.0,2030,Augmentation,41.5,41.5,29.0,29.5
z_66.0_13.5,2023,Augmentation,58.1,58.1,21.8,20.1
z_66.0_13.5,2024,Augmentation,70.8,70.8,17.9,11.3
z_66.0_13.5,2025,Augmentation,66.9,66.9,18.4,14.8
z_66.0_13.5,2026,Augmentation,64.5,64.5,22.4,13.1
z_66.0_13.5,2027,Augmentation,60.8,60.8,18.4,20.8
z_66.0_13.5,2028,Augmentation,68.5,68.5,17.0,14.5
z_66.0_13.5,2029,Augmentation,70.9,70.9,16.6,12.5
z_66.0_13.5,2030,Augmentation,76.0,76.0,15.9,8.1
z_66.0_15.0,2023,Stable,61.7,11.9,26.3,61.7
z_66.0_15.0,2024,Stable,48.6,12.2,39.2,48.6
z_66.0_15.0,2025,Stable,56.9,14.9,28.1,56.9
z_66.0_15.0,2026,Stable,60.1,10.9,29.0,60.1
z_66.0_15.0,2027,Stable,48.6,12.2,39.2,48.6
z_66.0_15.0,2028,Stable,57.8,13.3,28.9,57.8
z_66.0_15.0,2029,Stable,57.0,11.4,31.6,57.0
z_66.0_15.0,2030,Stable,59.0,11.6,29.4,59.0
z_66.0_6.0,2023,Diminution,63.5,3.5,63.5,33.0
z_66.0_6.0,2024,Stable,45.4,4.3,50.3,45.4
z_66.0_6.0,2025,Stable,42.1,7.3,50.5,42.1
z_66.0_6.0,2026,Diminution,56.2,7.2,56.2,36.6
z_66.0_6.0,2027,Diminution,63.5,3.5,63.5,33.0
z_66.0_6.0,2028,Stable,45.4,4.3,50.3,45.4
z_66.0_6.0,2029,Diminution,55.2,4.2,55.2,40.5
z_66.0_6.0,2030,Diminution,60.1,3.7,60.1,36.2
z_66.0_7.5,2023,Diminution,76.4,1.3,76.4,22.3
z_66.0_7.5,2024,Diminution,71.7,4.6,71.7,23.7
z_66.0_7.5,2025,Diminution,75.3,1.6,75.3,23.1
z_66.0_7.5,2026,Diminution,66.4,4.6,66.4,29.0
z_66.0_7.5,2027,Diminution,73.7,3.5,73.7,22.8
z_66.0_7.5,2028,Diminution,76.4,1.3,76.4,22.3
z_66.0_7.5,2029,Diminution,71.7,4.6,71.7,23.7
z_66.0_7.5,2030,Diminution,75.3,1.6,75.3,23.1
z_66.0_9.0,2023,Stable,47.5,28.8,23.8,47.5
z_66.0_9.0,2024,Stable,40.7,39.4,19.8,40.7
z_66.0_9.0,2025,Stable,44.3,33.4,22.3,44.3
z_66.0_9.0,2026,Stable,44.6,25.3,30.2,44.6
z_66.0_9.0,2027,Stable,47.6,27.4,25.1,47.6
z_66.0_9.0,2028,Stable,43.6,33.7,22.8,43.6
z_66.0_9.0,2029,Stable,43.1,32.6,24.3,43.1
z_66.0_9.0,2030,Stable,43.1,32.6,24.3,43.1
z_67.5_10.5,2023,Stable,70.4,14.5,15.1,70.4
z_67.5_10.5,2024,Stable,55.7,22.2,22.1,55.7
z_67.5_10.5,2025,Stable,51.5,25.1,23.4,51.5
z_67.5_10.5,2026,Stable,53.2,25.5,21.3,53.2
z_67.5_10.5,2027,Stable,49.6,26.7,23.7,49.6
z_67.5_10.5,2028,Stable,53.5,25.1,21.4,53.5
z_67.5_10.5,2029,Stable,51.2,26.5,22.3,51.2
z_67.5_10.5,2030,Stable,52.1,26.0,21.9,52.1
z_67.5_12.0,2023,Stable,35.2,40.6,24.2,35.2
z_67.5_12.0,2024,Stable,40.8,39.3,19.9,40.8
z_67.5_12.0,2025,Stable,34.2,35.3,30.5,34.2
z_67.5_12.0,2026,Stable,49.3,30.7,20.0,49.3
z_67.5_12.0,2027,Stable,42.7,34.1,23.3,42.7
z_67.5_12.0,2028,Stable,43.3,40.1,16.6,43.3
z_67.5_12.0,2029,Stable,51.7,30.5,17.8,51.7
z_67.5_12.0,2030,Stable,51.9,30.5,17.6,51.9
z_67.5_13.5,2023,Stable,33.3,35.1,31.6,33.3
z_67.5_13.5,2024,Augmentation,61.2,61.2,17.3,21.5
z_67.5_13.5,2025,Augmentation,68.0,68.0,20.7,11.3
z_67.5_13.5,2026,Augmentation,53.1,53.1,26.8,20.1
z_67.5_13.5,2027,Augmentation,59.2,59.2,21.0,19.8
z_67.5_13.5,2028,Augmentation,61.8,61.8,21.0,17.2
z_67.5_13.5,2029,Augmentation,64.3,64.3,20.4,15.2
z_67.5_13.5,2030,Augmentation,78.5,78.5,15.6,5.9
z_67.5_15.0,2023,Stable,36.2,33.1,30.7,36.2
z_67.5_15.0,2024,Augmentation,47.0,47.0,24.7,28.2
z_67.5_15.0,2025,Stable,35.8,41.0,23.2,35.8
z_67.5_15.0,2026,Augmentation,52.8,52.8,24.0,23.2
z_67.5_15.0,2027,Augmentation,58.6,58.6,22.6,18.8
z_67.5_15.0,2028,Augmentation,55.0,55.0,20.5,24.5
z_67.5_15.0,2029,Augmentation,64.5,64.5,16.0,19.6
z_67.5_15.0,2030,Augmentation,66.4,66.4,20.4,13.2
z_67.5_16.5,2023,Stable,49.6,31.3,19.1,49.6
z_67.5_16.5,2024,Stable,53.8,26.0,20.2,53.8
z_67.5_16.5,2025,Stable,41.0,38.7,20.3,41.0
z_67.5_16.5,2026,Augmentation,48.0,48.0,18.7,33.3
z_67.5_16.5,2027,Stable,41.4,41.5,17.1,41.4
z_67.5_16.5,2028,Stable,38.2,43.8,18.0,38.2
z_67.5_16.5,2029,Stable,38.2,44.0,17.8,38.2
z_67.5_16.5,2030,Stable,38.3,44.0,17.8,38.3
z_67.5_9.0,2023,Diminution,73.4,1.9,73.4,24.7
z_67.5_9.0,2024,Diminution,62.5,4.8,62.5,32.8
z_67.5_9.0,2025,Diminution,71.9,4.8,71.9,23.3
z_67.5_9.0,2026,Diminution,70.1,1.4,70.1,28.4
z_67.5_9.0,2027,Diminution,69.6,6.3,69.6,24.1
z_67.5_9.0,2028,Diminution,76.7,2.4,76.7,20.8
z_67.5_9.0,2029,Diminution,73.4,1.9,73.4,24.7
z_67.5_9.0,2030,Diminution,73.4,1.9,73.4,24.7
z_69.0_13.5,2023,Diminution,64.3,5.8,64.3,29.9
z_69.0_13.5,2024,Diminution,64.3,5.8,64.3,29.9
z_69.0_13.5,2025,Diminution,56.4,6.5,56.4,37.1
z_69.0_13.5,2026,Diminution,58.3,7.7,58.3,33.9
z_69.0_13.5,2027,Diminution,68.6,6.7,68.6,24.6
z_69.0_13.5,2028,Diminution,62.6,6.6,62.6,30.7
z_69.0_13.5,2029,Diminution,57.7,9.1,57.7,33.1
z_69.0_13.5,2030,Diminution,64.3,5.8,64.3,29.9
z_69.0_15.0,2023,Stable,28.3,35.2,36.5,28.3
z_69.0_15.0,2024,Augmentation,45.5,45.5,24.1,30.4
z_69.0_15.0,2025,Stable,48.6,32.4,19.0,48.6
z_69.0_15.0,2026,Stable,43.7,35.6,20.8,43.7
z_69.0_15.0,2027,Stable,35.4,44.4,20.1,35.4
z_69.0_15.0,2028,Stable,41.0,39.0,20.0,41.0
z_69.0_15.0,2029,Stable,40.2,40.1,19.8,40.2
z_69.0_15.0,2030,Stable,37.6,41.7,20.7,37.6
z_69.0_16.5,2023,Stable,44.5,37.5,18.0,44.5
z_69.0_16.5,2024,Augmentation,53.5,53.5,15.9,30.6
z_69.0_16.5,2025,Augmentation,65.8,65.8,16.2,18.0
z_69.0_16.5,2026,Augmentation,71.3,71.3,14.8,14.0
z_69.0_16.5,2027,Augmentation,73.6,73.6,12.9,13.5
z_69.0_16.5,2028,Augmentation,63.4,63.4,14.6,22.0
z_69.0_16.5,2029,Augmentation,61.1,61.1,14.3,24.6
z_69.0_16.5,2030,Augmentation,69.5,69.5,12.8,17.7
z_69.0_18.0,2023,Augmentation,44.8,44.8,23.6,31.6
z_69.0_18.0,2024,Augmentation,58.0,58.0,16.2,25.9
z_69.0_18.0,2025,Augmentation,56.5,56.5,18.5,24.9
z_69.0_18.0,2026,Augmentation,53.2,53.2,18.7,28.1
z_69.0_18.0,2027,Stable,36.8,46.8,16.4,36.8
z_69.0_18.0,2028,Stable,35.9,43.0,21.1,35.9
z_69.0_18.0,2029,Augmentation,63.8,63.8,13.4,22.8
z_69.0_18.0,2030,Augmentation,75.3,75.3,13.8,10.9
z_69.0_19.5,2023,Augmentation,52.5,52.5,16.6,30.9
z_69.0_19.5,2024,Stable,34.1,41.5,24.3,34.1
z_69.0_19.5,2025,Stable,40.5,41.4,18.2,40.5
z_69.0_19.5,2026,Stable,44.0,35.8,20.2,44.0
z_69.0_19.5,2027,Stable,38.3,42.4,19.3,38.3
z_69.0_19.5,2028,Stable,44.2,35.9,19.9,44.2
z_69.0_19.5,2029,Stable,44.3,36.7,19.0,44.3
z_69.0_19.5,2030,Stable,44.3,36.7,19.0,44.3
z_69.0_21.0,2023,Stable,46.9,34.7,18.4,46.9
z_69.0_21.0,2024,Stable,43.9,38.5,17.6,43.9
z_69.0_21.0,2025,Stable,40.4,42.3,17.3,40.4
z_69.0_21.0,2026,Stable,44.8,34.1,21.0,44.8
z_69.0_21.0,2027,Stable,54.2,29.1,16.6,54.2
z_69.0_21.0,2028,Stable,48.6,33.1,18.3,48.6
z_69.0_21.0,2029,Stable,51.5,32.1,16.4,51.5
z_69.0_21.0,2030,Stable,56.2,29.0,14.8,56.2
z_69.0_22.5,2023,Stable,44.8,40.3,14.9,44.8
z_69.0_22.5,2024,Stable,38.2,40.7,21.0,38.2
z_69.0_22.5,2025,Stable,42.8,40.4,16.8,42.8
z_69.0_22.5,2026,Stable,41.7,42.4,15.9,41.7
z_69.0_22.5,2027,Stable,42.1,36.9,20.9,42.1
z_69.0_22.5,2028,Stable,45.8,36.3,17.9,45.8
z_69.0_22.5,2029,Stable,48.6,34.6,16.8,48.6
z_69.0_22.5,2030,Stable,41.0,41.3,17.7,41.0
z_69.0_30.0,2023,Stable,69.6,15.1,15.3,69.6
z_69.0_30.0,2024,Stable,57.8,20.3,21.9,57.8
z_69.0_30.0,2025,Stable,49.5,25.1,25.4,49.5
z_69.0_30.0,2026,Stable,60.2,17.3,22.5,60.2
z_69.0_30.0,2027,Stable,56.5,20.3,23.3,56.5
z_69.0_30.0,2028,Stable,65.0,17.1,17.8,65.0
z_69.0_30.0,2029,Stable,57.8,20.3,21.9,57.8
z_69.0_30.0,2030,Stable,55.4,21.7,22.9,55.4
z_70.5_13.5,2023,Diminution,76.1,1.9,76.1,22.0
z_70.5_13.5,2024,Diminution,76.1,1.9,76.1,22.0
z_70.5_13.5,2025,Diminution,76.1,1.9,76.1,22.0
z_70.5_13.5,2026,Diminution,64.7,6.0,64.7,29.3
z_70.5_13.5,2027,Diminution,74.7,3.4,74.7,22.0
z_70.5_13.5,2028,Diminution,76.9,1.4,76.9,21.7
z_70.5_13.5,2029,Diminution,71.6,4.5,71.6,23.9
z_70.5_13.5,2030,Diminution,76.6,1.9,76.6,21.5
z_70.5_16.5,2023,Stable,57.7,10.6,31.7,57.7
z_70.5_16.5,2024,Stable,65.3,10.7,24.0,65.3
z_70.5_16.5,2025,Stable,64.2,16.1,19.7,64.2
z_70.5_16.5,2026,Stable,43.9,21.1,35.0,43.9
z_70.5_16.5,2027,Stable,46.1,12.3,41.6,46.1
z_70.5_16.5,2028,Stable,41.8,17.9,40.3,41.8
z_70.5_16.5,2029,Stable,49.9,12.5,37.6,49.9
z_70.5_16.5,2030,Stable,57.0,12.2,30.9,57.0
z_70.5_18.0,2023,Diminution,76.3,1.4,76.3,22.2
z_70.5_18.0,2024,Diminution,67.6,3.9,67.6,28.4
z_70.5_18.0,2025,Diminution,74.8,3.6,74.8,21.6
z_70.5_18.0,2026,Diminution,59.9,6.9,59.9,33.2
z_70.5_18.0,2027,Diminution,70.6,5.8,70.6,23.6
z_70.5_18.0,2028,Diminution,74.2,2.3,74.2,23.5
z_70.5_18.0,2029,Diminution,72.9,4.4,72.9,22.8
z_70.5_18.0,2030,Diminution,76.4,1.4,76.4,22.2
z_70.5_19.5,2023,Diminution,67.7,2.7,67.7,29.6
z_70.5_19.5,2024,Diminution,68.3,2.4,68.3,29.2
z_70.5_19.5,2025,Stable,46.1,3.9,50.0,46.1
z_70.5_19.5,2026,Stable,46.6,9.2,44.2,46.6
z_70.5_19.5,2027,Diminution,55.3,10.8,55.3,33.9
z_70.5_19.5,2028,Diminution,67.1,5.9,67.1,27.1
z_70.5_19.5,2029,Diminution,65.5,5.2,65.5,29.2
z_70.5_19.5,2030,Diminution,67.7,2.7,67.7,29.6
z_70.5_21.0,2023,Stable,44.9,22.0,33.1,44.9
z_70.5_21.0,2024,Stable,55.9,19.4,24.7,55.9
z_70.5_21.0,2025,Stable,59.1,16.8,24.1,59.1
z_70.5_21.0,2026,Stable,40.8,23.9,35.3,40.8
z_70.5_21.0,2027,Stable,36.0,21.9,42.1,36.0
z_70.5_21.0,2028,Stable,39.6,24.5,36.0,39.6
z_70.5_21.0,2029,Stable,44.9,22.0,33.1,44.9
z_70.5_21.0,2030,Stable,43.3,24.4,32.3,43.3
z_70.5_22.5,2023,Stable,49.7,28.9,21.4,49.7
z_70.5_22.5,2024,Stable,48.7,32.5,18.8,48.7
z_70.5_22.5,2025,Stable,37.1,38.2,24.7,37.1
z_70.5_22.5,2026,Stable,40.1,43.6,16.3,40.1
z_70.5_22.5,2027,Stable,49.2,30.9,19.8,49.2
z_70.5_22.5,2028,Stable,40.7,42.3,17.0,40.7
z_70.5_22.5,2029,Stable,42.7,38.6,18.7,42.7
z_70.5_22.5,2030,Stable,46.5,36.8,16.6,46.5
z_70.5_24.0,2023,Stable,34.4,38.8,26.8,34.4
z_70.5_24.0,2024,Augmentation,62.3,62.3,16.6,21.1
z_70.5_24.0,2025,Stable,35.0,43.4,21.6,35.0
z_70.5_24.0,2026,Stable,33.2,44.0,22.8,33.2
z_70.5_24.0,2027,Stable,42.9,33.2,23.9,42.9
z_70.5_24.0,2028,Stable,39.1,38.0,22.9,39.1
z_70.5_24.0,2029,Stable,46.5,33.0,20.5,46.5
z_70.5_24.0,2030,Stable,46.5,33.0,20.5,46.5
z_70.5_25.5,2023,Stable,45.6,29.9,24.5,45.6
z_70.5_25.5,2024,Stable,36.4,35.5,28.0,36.4
z_70.5_25.5,2025,Stable,46.0,28.8,25.2,46.0
z_70.5_25.5,2026,Stable,35.2,36.1,28.6,35.2
z_70.5_25.5,2027,Stable,45.8,29.1,25.1,45.8
z_70.5_25.5,2028,Stable,39.2,31.6,29.2,39.2
z_70.5_25.5,2029,Stable,46.1,28.8,25.1,46.1
z_70.5_25.5,2030,Stable,40.0,33.2,26.8,40.0
z_70.5_27.0,2023,Stable,33.7,31.5,34.8,33.7
z_70.5_27.0,2024,Stable,40.3,23.9,35.8,40.3
z_70.5_27.0,2025,Stable,36.1,29.6,34.3,36.1
z_70.5_27.0,2026,Stable,42.6,29.5,27.8,42.6
z_70.5_27.0,2027,Stable,46.5,25.3,28.2,46.5
z_70.5_27.0,2028,Stable,46.2,26.0,27.8,46.2
z_70.5_27.0,2029,Stable,48.9,25.9,25.2,48.9
z_70.5_27.0,2030,Stable,49.2,25.9,24.9,49.2
z_70.5_28.5,2023,Stable,43.1,28.4,28.5,43.1
z_70.5_28.5,2024,Stable,49.2,26.7,24.1,49.2
z_70.5_28.5,2025,Stable,55.6,22.9,21.5,55.6
z_70.5_28.5,2026,Stable,49.1,24.4,26.5,49.1
z_70.5_28.5,2027,Stable,43.4,24.7,31.8,43.4
z_70.5_28.5,2028,Stable,41.7,30.2,28.2,41.7
z_70.5_28.5,2029,Stable,50.2,28.3,21.6,50.2
z_70.5_28.5,2030,Stable,48.6,29.3,22.0,48.6
z_70.5_30.0,2023,Stable,44.2,37.8,18.0,44.2
z_70.5_30.0,2024,Stable,43.6,35.7,20.6,43.6
z_70.5_30.0,2025,Stable,38.8,38.9,22.3,38.8
z_70.5_30.0,2026,Stable,42.1,41.4,16.5,42.1
z_70.5_30.0,2027,Stable,40.0,36.7,23.3,40.0
z_70.5_30.0,2028,Stable,49.3,34.7,16.1,49.3
z_70.5_30.0,2029,Stable,43.2,36.3,20.5,43.2
z_70.5_30.0,2030,Stable,48.3,39.1,12.6,48.3
z_70.5_33.0,2023,Diminution,68.6,3.7,68.6,27.7
z_70.5_33.0,2024,Diminution,71.3,2.8,71.3,25.8
z_70.5_33.0,2025,Diminution,66.8,3.8,66.8,29.4
z_70.5_33.0,2026,Stable,43.1,4.5,52.4,43.1
z_70.5_33.0,2027,Diminution,68.6,3.7,68.6,27.7
z_70.5_33.0,2028,Diminution,71.3,2.8,71.3,25.8
z_70.5_33.0,2029,Diminution,66.8,3.8,66.8,29.4
z_70.5_33.0,2030,Diminution,69.3,2.7,69.3,28.0
z_72.0_13.5,2023,Diminution,75.7,1.8,75.7,22.5
z_72.0_13.5,2024,Diminution,62.0,4.9,62.0,33.1
z_72.0_13.5,2025,Stable,41.5,6.6,51.9,41.5
z_72.0_13.5,2026,Diminution,63.9,7.7,63.9,28.4
z_72.0_13.5,2027,Diminution,70.2,3.5,70.2,26.3
z_72.0_13.5,2028,Diminution,67.5,3.8,67.5,28.7
z_72.0_13.5,2029,Diminution,76.4,2.1,76.4,21.5
z_72.0_13.5,2030,Diminution,75.7,1.8,75.7,22.5
z_72.0_15.0,2023,Stable,42.9,2.3,54.8,42.9
z_72.0_15.0,2024,Stable,55.5,3.3,41.1,55.5
z_72.0_15.0,2025,Stable,59.0,6.6,34.4,59.0
z_72.0_15.0,2026,Stable,38.4,12.8,48.8,38.4
z_72.0_15.0,2027,Stable,43.2,4.3,52.5,43.2
z_72.0_15.0,2028,Stable,40.5,6.2,53.3,40.5
z_72.0_15.0,2029,Diminution,55.3,4.3,55.3,40.4
z_72.0_15.0,2030,Stable,42.9,2.3,54.8,42.9
z_72.0_19.5,2023,Stable,45.8,12.3,41.9,45.8
z_72.0_19.5,2024,Stable,39.1,20.2,40.6,39.1
z_72.0_19.5,2025,Diminution,54.4,14.4,54.4,31.2
z_72.0_19.5,2026,Stable,41.4,5.8,52.8,41.4
z_72.0_19.5,2027,Stable,46.6,8.6,44.8,46.6
z_72.0_19.5,2028,Stable,44.9,9.3,45.8,44.9
z_72.0_19.5,2029,Stable,44.5,8.8,46.8,44.5
z_72.0_19.5,2030,Stable,44.5,8.8,46.8,44.5
z_72.0_24.0,2023,Diminution,76.6,2.0,76.6,21.5
z_72.0_24.0,2024,Diminution,62.2,3.6,62.2,34.2
z_72.0_24.0,2025,Diminution,74.3,5.1,74.3,20.6
z_72.0_24.0,2026,Diminution,75.7,2.4,75.7,21.9
z_72.0_24.0,2027,Diminution,71.5,3.5,71.5,25.0
z_72.0_24.0,2028,Diminution,76.1,2.1,76.1,21.8
z_72.0_24.0,2029,Diminution,76.6,2.0,76.6,21.5
z_72.0_24.0,2030,Diminution,76.6,2.0,76.6,21.5
z_72.0_25.5,2023,Diminution,72.6,1.8,72.6,25.5
z_72.0_25.5,2024,Diminution,60.2,3.8,60.2,36.0
z_72.0_25.5,2025,Stable,46.1,6.1,47.9,46.1
z_72.0_25.5,2026,Diminution,60.7,8.3,60.7,31.0
z_72.0_25.5,2027,Diminution,68.2,3.3,68.2,28.5
z_72.0_25.5,2028,Diminution,66.2,3.3,66.2,30.5
z_72.0_25.5,2029,Diminution,73.4,2.0,73.4,24.5
z_72.0_25.5,2030,Diminution,72.6,1.8,72.6,25.5
z_72.0_28.5,2023,Diminution,71.9,4.7,71.9,23.4
z_72.0_28.5,2024,Diminution,71.9,4.7,71.9,23.4
z_72.0_28.5,2025,Diminution,71.9,4.7,71.9,23.4
z_72.0_28.5,2026,Diminution,62.4,5.4,62.4,32.2
z_72.0_28.5,2027,Diminution,66.2,6.5,66.2,27.4
z_72.0_28.5,2028,Diminution,74.7,5.6,74.7,19.6
z_72.0_28.5,2029,Diminution,68.4,5.4,68.4,26.3
z_72.0_28.5,2030,Diminution,64.9,7.5,64.9,27.6
z_73.5_18.0,2023,Stable,60.4,16.7,22.9,60.4
z_73.5_18.0,2024,Stable,69.1,13.3,17.6,69.1
z_73.5_18.0,2025,Stable,45.4,24.0,30.6,45.4
z_73.5_18.0,2026,Stable,52.5,21.6,25.9,52.5
z_73.5_18.0,2027,Stable,51.2,23.1,25.7,51.2
z_73.5_18.0,2028,Stable,55.6,21.1,23.3,55.6
z_73.5_18.0,2029,Stable,50.0,22.3,27.7,50.0
z_73.5_18.0,2030,Stable,51.1,24.3,24.6,51.1
z_73.5_21.0,2023,Stable,31.8,34.1,34.1,31.8
z_73.5_21.0,2024,Stable,35.5,29.6,35.0,35.5
z_73.5_21.0,2025,Stable,31.0,29.9,39.1,31.0
z_73.5_21.0,2026,Diminution,42.1,27.9,42.1,30.0
z_73.5_21.0,2027,Stable,31.0,29.5,39.6,31.0
z_73.5_21.0,2028,Stable,31.8,34.1,34.1,31.8
z_73.5_21.0,2029,Stable,29.7,31.6,38.6,29.7
z_73.5_21.0,2030,Stable,29.7,31.6,38.6,29.7
z_73.5_25.5,2023,Diminution,68.7,1.8,68.7,29.5
z_73.5_25.5,2024,Diminution,59.1,4.3,59.1,36.6
z_73.5_25.5,2025,Diminution,69.4,3.7,69.4,26.9
z_73.5_25.5,2026,Diminution,71.3,1.7,71.3,27.0
z_73.5_25.5,2027,Diminution,65.5,3.8,65.5,30.7
z_73.5_25.5,2028,Diminution,71.5,2.1,71.5,26.4
z_73.5_25.5,2029,Diminution,68.7,1.8,68.7,29.5
z_73.5_25.5,2030,Diminution,68.7,1.8,68.7,29.5
z_73.5_33.0,2023,Diminution,59.0,4.6,59.0,36.3
z_73.5_33.0,2024,Diminution,59.0,4.6,59.0,36.3
z_73.5_33.0,2025,Stable,49.4,4.3,46.2,49.4
z_73.5_33.0,2026,Stable,59.4,7.0,33.6,59.4
z_73.5_33.0,2027,Stable,37.7,13.1,49.2,37.7
z_73.5_33.0,2028,Diminution,57.1,5.9,57.1,37.0
z_73.5_33.0,2029,Stable,48.1,6.0,45.9,48.1
z_73.5_33.0,2030,Stable,42.1,5.2,52.6,42.1
z_73.5_34.5,2023,Stable,54.5,8.1,37.4,54.5
z_73.5_34.5,2024,Stable,46.9,7.2,45.8,46.9
z_73.5_34.5,2025,Stable,51.4,15.3,33.3,51.4
z_73.5_34.5,2026,Stable,46.9,7.2,45.8,46.9
z_73.5_34.5,2027,Diminution,52.5,8.7,52.5,38.8
z_73.5_34.5,2028,Stable,48.2,5.2,46.5,48.2
z_73.5_34.5,2029,Stable,46.6,4.8,48.6,46.6
z_73.5_34.5,2030,Stable,42.3,4.5,53.1,42.3
z_75.0_18.0,2023,Diminution,60.7,4.1,60.7,35.2
z_75.0_18.0,2024,Stable,48.5,4.0,47.5,48.5
z_75.0_18.0,2025,Diminution,56.6,6.9,56.6,36.5
z_75.0_18.0,2026,Diminution,65.3,5.2,65.3,29.5
z_75.0_18.0,2027,Stable,43.3,4.8,51.9,43.3
z_75.0_18.0,2028,Diminution,55.6,4.7,55.6,39.7
z_75.0_18.0,2029,Diminution,60.7,4.1,60.7,35.2
z_75.0_18.0,2030,Diminution,60.7,4.1,60.7,35.2
z_75.0_30.0,2023,Diminution,59.9,2.0,59.9,38.1
z_75.0_30.0,2024,Diminution,59.9,2.0,59.9,38.1
z_75.0_30.0,2025,Stable,53.6,2.9,43.5,53.6
z_75.0_30.0,2026,Diminution,56.0,3.3,56.0,40.7
z_75.0_30.0,2027,Diminution,61.8,2.8,61.8,35.4
z_75.0_30.0,2028,Diminution,56.9,3.7,56.9,39.4
z_75.0_30.0,2029,Diminution,60.3,1.9,60.3,37.7
z_75.0_30.0,2030,Diminution,59.9,2.0,59.9,38.1
z_75.0_31.5,2023,Diminution,56.7,5.5,56.7,37.8
z_75.0_31.5,2024,Stable,42.4,5.4,52.2,42.4
z_75.0_31.5,2025,Stable,55.8,8.1,36.1,55.8
z_75.0_31.5,2026,Diminution,50.8,13.0,50.8,36.2
z_75.0_31.5,2027,Diminution,59.9,5.7,59.9,34.4
z_75.0_31.5,2028,Stable,45.9,6.3,47.8,45.9
z_75.0_31.5,2029,Diminution,56.7,5.5,56.7,37.8
z_75.0_31.5,2030,Diminution,63.5,4.9,63.5,31.6
z_75.0_33.0,2023,Diminution,77.6,1.9,77.6,20.5
z_75.0_33.0,2024,Diminution,55.9,7.8,55.9,36.3
z_75.0_33.0,2025,Stable,45.6,9.6,44.9,45.6
z_75.0_33.0,2026,Diminution,58.7,13.7,58.7,27.5
z_75.0_33.0,2027,Diminution,64.7,6.1,64.7,29.2
z_75.0_33.0,2028,Diminution,67.1,9.9,67.1,23.0
z_75.0_33.0,2029,Diminution,76.2,3.5,76.2,20.3
z_75.0_33.0,2030,Diminution,77.6,1.9,77.6,20.5
z_75.0_34.5,2023,Stable,44.2,13.1,42.7,44.2
z_75.0_34.5,2024,Diminution,51.5,11.1,51.5,37.5
z_75.0_34.5,2025,Stable,41.7,17.7,40.6,41.7
z_75.0_34.5,2026,Stable,41.4,16.4,42.2,41.4
z_75.0_34.5,2027,Stable,41.1,10.5,48.3,41.1
z_75.0_34.5,2028,Stable,39.2,15.1,45.7,39.2
z_75.0_34.5,2029,Stable,44.1,15.6,40.3,44.1
z_75.0_34.5,2030,Stable,43.4,11.3,45.3,43.4
z_75.0_36.0,2023,Stable,51.6,17.5,30.9,51.6
z_75.0_36.0,2024,Stable,50.0,15.3,34.7,50.0
z_75.0_36.0,2025,Stable,43.5,18.4,38.1,43.5
z_75.0_36.0,2026,Stable,38.4,15.2,46.4,38.4
z_75.0_36.0,2027,Stable,51.6,17.5,30.9,51.6
z_75.0_36.0,2028,Stable,45.4,14.2,40.3,45.4
z_75.0_36.0,2029,Stable,45.4,17.0,37.5,45.4
z_75.0_36.0,2030,Stable,45.4,17.0,37.5,45.4
z_75.0_40.5,2023,Stable,43.4,2.4,54.2,43.4
z_75.0_40.5,2024,Stable,43.4,2.4,54.2,43.4
z_75.0_40.5,2025,Stable,43.4,2.4,54.2,43.4
z_75.0_40.5,2026,Stable,55.5,3.6,40.9,55.5
z_75.0_40.5,2027,Stable,49.0,2.8,48.3,49.0
z_75.0_40.5,2028,Diminution,58.2,3.2,58.2,38.7
z_75.0_40.5,2029,Stable,43.4,4.0,52.6,43.4
z_75.0_40.5,2030,Stable,44.4,2.4,53.2,44.4
z_76.5_13.5,2023,Stable,42.7,32.4,24.9,42.7
z_76.5_13.5,2024,Stable,53.5,26.7,19.8,53.5
z_76.5_13.5,2025,Stable,57.7,24.6,17.7,57.7
z_76.5_13.5,2026,Stable,62.0,21.1,16.9,62.0
z_76.5_13.5,2027,Stable,46.9,23.1,30.0,46.9
z_76.5_13.5,2028,Stable,51.0,26.6,22.4,51.0
z_76.5_13.5,2029,Stable,53.5,26.7,19.8,53.5
z_76.5_13.5,2030,Stable,55.4,25.6,19.0,55.4
z_76.5_33.0,2023,Stable,41.4,9.2,49.4,41.4
z_76.5_33.0,2024,Diminution,59.1,5.4,59.1,35.6
z_76.5_33.0,2025,Diminution,65.9,2.9,65.9,31.2
z_76.5_33.0,2026,Diminution,55.5,10.7,55.5,33.8
z_76.5_33.0,2027,Diminution,58.7,4.6,58.7,36.6
z_76.5_33.0,2028,Diminution,65.9,2.9,65.9,31.2
z_76.5_33.0,2029,Diminution,61.8,7.3,61.8,30.9
z_76.5_33.0,2030,Diminution,59.2,3.8,59.2,36.9
z_76.5_9.0,2023,Diminution,76.3,1.9,76.3,21.8
z_76.5_9.0,2024,Diminution,76.3,1.9,76.3,21.8
z_76.5_9.0,2025,Diminution,76.3,1.9,76.3,21.8
z_76.5_9.0,2026,Diminution,56.8,3.6,56.8,39.6
z_76.5_9.0,2027,Diminution,73.2,4.5,73.2,22.4
z_76.5_9.0,2028,Diminution,75.9,2.7,75.9,21.5
z_76.5_9.0,2029,Diminution,70.6,4.2,70.6,25.3
z_76.5_9.0,2030,Diminution,74.5,2.4,74.5,23.1
z_78.0_10.5,2023,Diminution,59.7,3.4,59.7,36.9
z_78.0_10.5,2024,Diminution,59.7,3.4,59.7,36.9
z_78.0_10.5,2025,Diminution,59.7,3.4,59.7,36.9
z_78.0_10.5,2026,Diminution,54.6,6.7,54.6,38.7
z_78.0_10.5,2027,Stable,42.3,6.2,51.5,42.3
z_78.0_10.5,2028,Diminution,64.6,2.7,64.6,32.7
z_78.0_10.5,2029,Stable,44.6,4.4,51.1,44.6
z_78.0_10.5,2030,Diminution,56.5,4.4,56.5,39.1
z_78.0_13.5,2023,Stable,40.3,16.4,43.3,40.3
z_78.0_13.5,2024,Diminution,50.6,22.0,50.6,27.4
z_78.0_13.5,2025,Diminution,49.3,19.4,49.3,31.3
z_78.0_13.5,2026,Diminution,57.4,16.5,57.4,26.1
z_78.0_13.5,2027,Diminution,48.2,17.9,48.2,33.9
z_78.0_13.5,2028,Diminution,48.6,16.7,48.6,34.7
z_78.0_13.5,2029,Stable,39.2,16.2,44.6,39.2
z_78.0_13.5,2030,Diminution,49.5,18.3,49.5,32.3
z_78.0_15.0,2023,Stable,55.0,13.2,31.8,55.0
z_78.0_15.0,2024,Stable,44.7,17.0,38.3,44.7
z_78.0_15.0,2025,Stable,62.4,12.7,24.8,62.4
z_78.0_15.0,2026,Stable,47.4,16.5,36.1,47.4
z_78.0_15.0,2027,Stable,40.7,14.4,44.9,40.7
z_78.0_15.0,2028,Stable,52.0,16.1,31.9,52.0
z_78.0_15.0,2029,Stable,47.7,12.8,39.5,47.7
z_78.0_15.0,2030,Stable,46.4,15.4,38.2,46.4
z_79.5_10.5,2023,Diminution,68.9,8.9,68.9,22.2
z_79.5_10.5,2024,Diminution,69.9,7.1,69.9,23.1
z_79.5_10.5,2025,Diminution,77.1,4.3,77.1,18.6
z_79.5_10.5,2026,Diminution,65.6,11.9,65.6,22.5
z_79.5_10.5,2027,Diminution,68.3,7.3,68.3,24.4
z_79.5_10.5,2028,Diminution,79.4,4.7,79.4,15.9
z_79.5_10.5,2029,Diminution,72.2,9.9,72.2,17.9
z_79.5_10.5,2030,Diminution,71.4,6.4,71.4,22.3
z_79.5_16.5,2023,Diminution,72.9,7.6,72.9,19.5
z_79.5_16.5,2024,Diminution,71.7,13.0,71.7,15.3
z_79.5_16.5,2025,Diminution,71.7,13.0,71.7,15.3
z_79.5_16.5,2026,Diminution,59.9,15.8,59.9,24.4
z_79.5_16.5,2027,Diminution,71.3,9.9,71.3,18.8
z_79.5_16.5,2028,Diminution,71.8,9.0,71.8,19.1
z_79.5_16.5,2029,Diminution,69.9,17.3,69.9,12.9
z_79.5_16.5,2030,Diminution,72.9,7.6,72.9,19.5
