zone,annee,semestre,semestre_annee,tendance,confiance,proba_Augmentation,proba_Diminution,proba_Stable
z_24.0_-18.0,2023,1,2023-S1,Diminution,84.1,1.7,84.1,14.2
z_24.0_-18.0,2023,2,2023-S2,Diminution,84.3,1.0,84.3,14.7
z_24.0_-18.0,2024,1,2024-S1,Diminution,84.1,1.7,84.1,14.2
z_24.0_-18.0,2024,2,2024-S2,Diminution,84.3,1.0,84.3,14.7
z_24.0_-18.0,2025,1,2025-S1,Diminution,89.0,1.4,89.0,9.6
z_24.0_-18.0,2025,2,2025-S2,Diminution,75.9,1.5,75.9,22.6
z_24.0_-18.0,2026,1,2026-S1,Diminution,78.2,8.7,78.2,13.1
z_24.0_-18.0,2026,2,2026-S2,Diminution,80.4,3.5,80.4,16.1
z_24.0_-18.0,2027,1,2027-S1,Diminution,77.5,2.4,77.5,20.0
z_24.0_-18.0,2027,2,2027-S2,Diminution,81.4,3.6,81.4,14.9
z_24.0_-18.0,2028,1,2028-S1,Diminution,84.1,1.7,84.1,14.2
z_24.0_-18.0,2028,2,2028-S2,Diminution,84.3,1.0,84.3,14.7
z_24.0_-18.0,2029,1,2029-S1,Diminution,84.1,1.7,84.1,14.2
z_24.0_-18.0,2029,2,2029-S2,Diminution,84.3,1.0,84.3,14.7
z_24.0_-18.0,2030,1,2030-S1,Diminution,84.1,1.7,84.1,14.2
z_24.0_-18.0,2030,2,2030-S2,Diminution,84.3,1.0,84.3,14.7
z_24.0_-19.5,2023,1,2023-S1,Diminution,87.6,0.8,87.6,11.5
z_24.0_-19.5,2023,2,2023-S2,Diminution,88.0,1.3,88.0,10.7
z_24.0_-19.5,2024,1,2024-S1,Diminution,75.8,1.4,75.8,22.8
z_24.0_-19.5,2024,2,2024-S2,Diminution,85.4,4.1,85.4,10.5
z_24.0_-19.5,2025,1,2025-S1,Diminution,82.7,3.1,82.7,14.2
z_24.0_-19.5,2025,2,2025-S2,Diminution,83.1,2.5,83.1,14.4
z_24.0_-19.5,2026,1,2026-S1,Diminution,84.1,3.4,84.1,12.5
z_24.0_-19.5,2026,2,2026-S2,Diminution,86.5,0.8,86.5,12.7
z_24.0_-19.5,2027,1,2027-S1,Diminution,87.6,0.8,87.6,11.5
z_24.0_-19.5,2027,2,2027-S2,Diminution,86.5,0.8,86.5,12.7
z_24.0_-19.5,2028,1,2028-S1,Diminution,87.6,0.8,87.6,11.5
z_24.0_-19.5,2028,2,2028-S2,Diminution,86.5,0.8,86.5,12.7
z_24.0_-19.5,2029,1,2029-S1,Diminution,87.6,0.8,87.6,11.5
z_24.0_-19.5,2029,2,2029-S2,Diminution,86.5,0.8,86.5,12.7
z_24.0_-19.5,2030,1,2030-S1,Diminution,87.6,0.8,87.6,11.5
z_24.0_-19.5,2030,2,2030-S2,Diminution,86.5,0.8,86.5,12.7
z_25.5_-16.5,2023,1,2023-S1,Diminution,84.2,2.2,84.2,13.6
z_25.5_-16.5,2023,2,2023-S2,Diminution,82.9,3.0,82.9,14.1
z_25.5_-16.5,2024,1,2024-S1,Diminution,84.2,2.2,84.2,13.6
z_25.5_-16.5,2024,2,2024-S2,Diminution,82.9,3.0,82.9,14.1
z_25.5_-16.5,2025,1,2025-S1,Diminution,84.1,3.0,84.1,12.9
z_25.5_-16.5,2025,2,2025-S2,Diminution,74.7,3.4,74.7,21.9
z_25.5_-16.5,2026,1,2026-S1,Diminution,81.5,5.8,81.5,12.7
z_25.5_-16.5,2026,2,2026-S2,Diminution,77.0,5.7,77.0,17.2
z_25.5_-16.5,2027,1,2027-S1,Diminution,80.0,4.5,80.0,15.5
z_25.5_-16.5,2027,2,2027-S2,Diminution,79.6,4.0,79.6,16.4
z_25.5_-16.5,2028,1,2028-S1,Diminution,84.2,2.2,84.2,13.6
z_25.5_-16.5,2028,2,2028-S2,Diminution,82.9,3.0,82.9,14.1
z_25.5_-16.5,2029,1,2029-S1,Diminution,84.2,2.2,84.2,13.6
z_25.5_-16.5,2029,2,2029-S2,Diminution,82.9,3.0,82.9,14.1
z_25.5_-16.5,2030,1,2030-S1,Diminution,84.2,2.2,84.2,13.6
z_25.5_-16.5,2030,2,2030-S2,Diminution,82.9,3.0,82.9,14.1
z_27.0_-15.0,2023,1,2023-S1,Diminution,78.4,1.8,78.4,19.8
z_27.0_-15.0,2023,2,2023-S2,Diminution,64.0,11.0,64.0,25.1
z_27.0_-15.0,2024,1,2024-S1,Stable,45.3,9.8,44.9,45.3
z_27.0_-15.0,2024,2,2024-S2,Diminution,69.4,2.4,69.4,28.2
z_27.0_-15.0,2025,1,2025-S1,Diminution,62.1,7.1,62.1,30.8
z_27.0_-15.0,2025,2,2025-S2,Diminution,73.2,4.3,73.2,22.4
z_27.0_-15.0,2026,1,2026-S1,Diminution,62.2,2.2,62.2,35.6
z_27.0_-15.0,2026,2,2026-S2,Diminution,77.8,2.2,77.8,20.0
z_27.0_-15.0,2027,1,2027-S1,Diminution,78.4,1.8,78.4,19.8
z_27.0_-15.0,2027,2,2027-S2,Diminution,77.8,2.2,77.8,20.0
z_27.0_-15.0,2028,1,2028-S1,Diminution,78.4,1.8,78.4,19.8
z_27.0_-15.0,2028,2,2028-S2,Diminution,77.8,2.2,77.8,20.0
z_27.0_-15.0,2029,1,2029-S1,Diminution,78.4,1.8,78.4,19.8
z_27.0_-15.0,2029,2,2029-S2,Diminution,77.8,2.2,77.8,20.0
z_27.0_-15.0,2030,1,2030-S1,Diminution,78.4,1.8,78.4,19.8
z_27.0_-15.0,2030,2,2030-S2,Diminution,77.8,2.2,77.8,20.0
z_27.0_-16.5,2023,1,2023-S1,Augmentation,67.9,67.9,9.3,22.8
z_27.0_-16.5,2023,2,2023-S2,Augmentation,58.1,58.1,18.6,23.3
z_27.0_-16.5,2024,1,2024-S1,Augmentation,56.3,56.3,26.7,17.0
z_27.0_-16.5,2024,2,2024-S2,Augmentation,58.0,58.0,18.2,23.9
z_27.0_-16.5,2025,1,2025-S1,Augmentation,59.2,59.2,13.4,27.4
z_27.0_-16.5,2025,2,2025-S2,Augmentation,63.8,63.8,14.2,21.9
z_27.0_-16.5,2026,1,2026-S1,Augmentation,57.3,57.3,15.9,26.9
z_27.0_-16.5,2026,2,2026-S2,Augmentation,60.6,60.6,20.3,19.1
z_27.0_-16.5,2027,1,2027-S1,Augmentation,60.8,60.8,16.4,22.8
z_27.0_-16.5,2027,2,2027-S2,Augmentation,64.7,64.7,13.0,22.3
z_27.0_-16.5,2028,1,2028-S1,Augmentation,65.6,65.6,11.4,23.0
z_27.0_-16.5,2028,2,2028-S2,Augmentation,66.0,66.0,11.8,22.3
z_27.0_-16.5,2029,1,2029-S1,Augmentation,66.5,66.5,11.1,22.5
z_27.0_-16.5,2029,2,2029-S2,Augmentation,65.3,65.3,11.6,23.1
z_27.0_-16.5,2030,1,2030-S1,Augmentation,64.4,64.4,11.6,24.0
z_27.0_-16.5,2030,2,2030-S2,Augmentation,65.3,65.3,11.6,23.1
z_28.5_-13.5,2023,1,2023-S1,Diminution,85.5,1.8,85.5,12.7
z_28.5_-13.5,2023,2,2023-S2,Diminution,80.8,2.1,80.8,17.1
z_28.5_-13.5,2024,1,2024-S1,Diminution,85.5,1.8,85.5,12.7
z_28.5_-13.5,2024,2,2024-S2,Diminution,78.9,5.1,78.9,16.0
z_28.5_-13.5,2025,1,2025-S1,Diminution,74.3,2.8,74.3,22.9
z_28.5_-13.5,2025,2,2025-S2,Diminution,74.9,8.1,74.9,17.0
z_28.5_-13.5,2026,1,2026-S1,Diminution,70.0,6.3,70.0,23.7
z_28.5_-13.5,2026,2,2026-S2,Diminution,80.3,5.1,80.3,14.6
z_28.5_-13.5,2027,1,2027-S1,Diminution,73.1,5.8,73.1,21.1
z_28.5_-13.5,2027,2,2027-S2,Diminution,81.0,3.6,81.0,15.4
z_28.5_-13.5,2028,1,2028-S1,Diminution,80.4,2.6,80.4,17.0
z_28.5_-13.5,2028,2,2028-S2,Diminution,80.8,2.1,80.8,17.1
z_28.5_-13.5,2029,1,2029-S1,Diminution,85.5,1.8,85.5,12.7
z_28.5_-13.5,2029,2,2029-S2,Diminution,80.8,2.1,80.8,17.1
z_28.5_-13.5,2030,1,2030-S1,Diminution,85.5,1.8,85.5,12.7
z_28.5_-13.5,2030,2,2030-S2,Diminution,80.8,2.1,80.8,17.1
z_28.5_-15.0,2023,1,2023-S1,Diminution,47.4,17.3,47.4,35.3
z_28.5_-15.0,2023,2,2023-S2,Diminution,41.0,20.4,41.0,38.6
z_28.5_-15.0,2024,1,2024-S1,Diminution,37.5,25.8,37.5,36.8
z_28.5_-15.0,2024,2,2024-S2,Stable,38.3,33.3,28.4,38.3
z_28.5_-15.0,2025,1,2025-S1,Diminution,38.6,23.4,38.6,38.0
z_28.5_-15.0,2025,2,2025-S2,Stable,44.8,26.9,28.4,44.8
z_28.5_-15.0,2026,1,2026-S1,Diminution,39.0,26.1,39.0,34.9
z_28.5_-15.0,2026,2,2026-S2,Stable,47.2,25.1,27.7,47.2
z_28.5_-15.0,2027,1,2027-S1,Diminution,38.8,24.2,38.8,37.0
z_28.5_-15.0,2027,2,2027-S2,Stable,42.8,28.1,29.2,42.8
z_28.5_-15.0,2028,1,2028-S1,Diminution,37.7,25.3,37.7,37.1
z_28.5_-15.0,2028,2,2028-S2,Stable,45.6,24.2,30.2,45.6
z_28.5_-15.0,2029,1,2029-S1,Diminution,38.6,24.4,38.6,37.0
z_28.5_-15.0,2029,2,2029-S2,Stable,44.4,27.4,28.2,44.4
z_28.5_-15.0,2030,1,2030-S1,Diminution,38.6,24.4,38.6,37.0
z_28.5_-15.0,2030,2,2030-S2,Stable,44.4,27.4,28.2,44.4
z_28.5_-16.5,2023,1,2023-S1,Stable,47.1,25.1,27.8,47.1
z_28.5_-16.5,2023,2,2023-S2,Stable,41.8,16.6,41.7,41.8
z_28.5_-16.5,2024,1,2024-S1,Stable,50.3,17.2,32.5,50.3
z_28.5_-16.5,2024,2,2024-S2,Stable,37.2,26.3,36.5,37.2
z_28.5_-16.5,2025,1,2025-S1,Stable,47.2,36.4,16.4,47.2
z_28.5_-16.5,2025,2,2025-S2,Stable,41.2,38.3,20.5,41.2
z_28.5_-16.5,2026,1,2026-S1,Stable,48.5,27.6,23.8,48.5
z_28.5_-16.5,2026,2,2026-S2,Diminution,35.5,29.5,35.5,35.0
z_28.5_-16.5,2027,1,2027-S1,Stable,53.1,23.6,23.3,53.1
z_28.5_-16.5,2027,2,2027-S2,Augmentation,38.4,38.4,26.6,35.0
z_28.5_-16.5,2028,1,2028-S1,Stable,48.3,32.1,19.6,48.3
z_28.5_-16.5,2028,2,2028-S2,Stable,36.1,33.5,30.4,36.1
z_28.5_-16.5,2029,1,2029-S1,Stable,49.0,33.1,17.9,49.0
z_28.5_-16.5,2029,2,2029-S2,Augmentation,38.5,38.5,26.1,35.3
z_28.5_-16.5,2030,1,2030-S1,Stable,49.0,33.1,17.9,49.0
z_28.5_-16.5,2030,2,2030-S2,Augmentation,38.5,38.5,25.9,35.7
z_30.0_-10.5,2023,1,2023-S1,Diminution,61.8,5.7,61.8,32.5
z_30.0_-10.5,2023,2,2023-S2,Diminution,77.6,2.4,77.6,20.0
z_30.0_-10.5,2024,1,2024-S1,Diminution,61.8,5.7,61.8,32.5
z_30.0_-10.5,2024,2,2024-S2,Diminution,66.1,5.8,66.1,28.1
z_30.0_-10.5,2025,1,2025-S1,Diminution,51.3,15.0,51.3,33.7
z_30.0_-10.5,2025,2,2025-S2,Diminution,54.2,8.3,54.2,37.5
z_30.0_-10.5,2026,1,2026-S1,Diminution,55.4,7.1,55.4,37.5
z_30.0_-10.5,2026,2,2026-S2,Diminution,66.6,6.5,66.6,26.9
z_30.0_-10.5,2027,1,2027-S1,Diminution,63.3,5.6,63.3,31.1
z_30.0_-10.5,2027,2,2027-S2,Diminution,69.4,2.7,69.4,27.9
z_30.0_-10.5,2028,1,2028-S1,Diminution,61.8,5.7,61.8,32.5
z_30.0_-10.5,2028,2,2028-S2,Diminution,77.6,2.4,77.6,20.0
z_30.0_-10.5,2029,1,2029-S1,Diminution,61.8,5.7,61.8,32.5
z_30.0_-10.5,2029,2,2029-S2,Diminution,77.6,2.4,77.6,20.0
z_30.0_-10.5,2030,1,2030-S1,Diminution,61.8,5.7,61.8,32.5
z_30.0_-10.5,2030,2,2030-S2,Diminution,77.6,2.4,77.6,20.0
z_30.0_-13.5,2023,1,2023-S1,Diminution,73.8,3.0,73.8,23.2
z_30.0_-13.5,2023,2,2023-S2,Diminution,86.5,3.9,86.5,9.6
z_30.0_-13.5,2024,1,2024-S1,Diminution,76.6,3.0,76.6,20.4
z_30.0_-13.5,2024,2,2024-S2,Diminution,78.8,4.9,78.8,16.3
z_30.0_-13.5,2025,1,2025-S1,Diminution,71.4,4.6,71.4,24.0
z_30.0_-13.5,2025,2,2025-S2,Diminution,86.5,3.9,86.5,9.6
z_30.0_-13.5,2026,1,2026-S1,Diminution,76.6,3.0,76.6,20.4
z_30.0_-13.5,2026,2,2026-S2,Diminution,83.8,2.8,83.8,13.4
z_30.0_-13.5,2027,1,2027-S1,Diminution,78.3,4.5,78.3,17.2
z_30.0_-13.5,2027,2,2027-S2,Diminution,87.7,0.8,87.7,11.5
z_30.0_-13.5,2028,1,2028-S1,Diminution,79.9,1.4,79.9,18.7
z_30.0_-13.5,2028,2,2028-S2,Diminution,87.7,0.8,87.7,11.5
z_30.0_-13.5,2029,1,2029-S1,Diminution,79.9,1.4,79.9,18.7
z_30.0_-13.5,2029,2,2029-S2,Diminution,87.7,0.8,87.7,11.5
z_30.0_-13.5,2030,1,2030-S1,Diminution,79.9,1.4,79.9,18.7
z_30.0_-13.5,2030,2,2030-S2,Diminution,87.7,0.8,87.7,11.5
z_30.0_-15.0,2023,1,2023-S1,Diminution,59.9,7.9,59.9,32.2
z_30.0_-15.0,2023,2,2023-S2,Diminution,75.8,9.6,75.8,14.6
z_30.0_-15.0,2024,1,2024-S1,Diminution,60.0,6.2,60.0,33.8
z_30.0_-15.0,2024,2,2024-S2,Diminution,74.2,3.9,74.2,21.9
z_30.0_-15.0,2025,1,2025-S1,Diminution,72.7,6.6,72.7,20.7
z_30.0_-15.0,2025,2,2025-S2,Diminution,85.7,2.9,85.7,11.4
z_30.0_-15.0,2026,1,2026-S1,Diminution,70.6,3.4,70.6,26.0
z_30.0_-15.0,2026,2,2026-S2,Diminution,76.2,9.5,76.2,14.3
z_30.0_-15.0,2027,1,2027-S1,Diminution,71.5,4.4,71.5,24.1
z_30.0_-15.0,2027,2,2027-S2,Diminution,76.3,4.0,76.3,19.7
z_30.0_-15.0,2028,1,2028-S1,Diminution,74.3,6.3,74.3,19.4
z_30.0_-15.0,2028,2,2028-S2,Diminution,79.4,3.6,79.4,17.0
z_30.0_-15.0,2029,1,2029-S1,Diminution,73.8,3.3,73.8,22.9
z_30.0_-15.0,2029,2,2029-S2,Diminution,79.4,3.6,79.4,17.0
z_30.0_-15.0,2030,1,2030-S1,Diminution,73.8,3.3,73.8,22.9
z_30.0_-15.0,2030,2,2030-S2,Diminution,79.4,3.6,79.4,17.0
z_30.0_28.5,2023,1,2023-S1,Diminution,45.5,25.4,45.5,29.2
z_30.0_28.5,2023,2,2023-S2,Stable,37.7,29.8,32.5,37.7
z_30.0_28.5,2024,1,2024-S1,Stable,36.6,27.1,36.4,36.6
z_30.0_28.5,2024,2,2024-S2,Diminution,48.3,31.4,48.3,20.3
z_30.0_28.5,2025,1,2025-S1,Diminution,46.1,27.0,46.1,26.9
z_30.0_28.5,2025,2,2025-S2,Diminution,43.7,32.5,43.7,23.8
z_30.0_28.5,2026,1,2026-S1,Diminution,38.5,24.5,38.5,36.9
z_30.0_28.5,2026,2,2026-S2,Diminution,51.9,21.0,51.9,27.0
z_30.0_28.5,2027,1,2027-S1,Diminution,47.1,20.0,47.1,32.9
z_30.0_28.5,2027,2,2027-S2,Diminution,49.5,21.9,49.5,28.6
z_30.0_28.5,2028,1,2028-S1,Diminution,45.3,21.2,45.3,33.5
z_30.0_28.5,2028,2,2028-S2,Diminution,47.4,19.1,47.4,33.4
z_30.0_28.5,2029,1,2029-S1,Diminution,48.0,20.6,48.0,31.4
z_30.0_28.5,2029,2,2029-S2,Diminution,49.3,19.9,49.3,30.8
z_30.0_28.5,2030,1,2030-S1,Diminution,48.1,20.7,48.1,31.2
z_30.0_28.5,2030,2,2030-S2,Diminution,49.4,20.0,49.4,30.7
z_30.0_30.0,2023,1,2023-S1,Diminution,78.4,4.9,78.4,16.8
z_30.0_30.0,2023,2,2023-S2,Diminution,88.3,3.0,88.3,8.7
z_30.0_30.0,2024,1,2024-S1,Diminution,83.3,3.2,83.3,13.5
z_30.0_30.0,2024,2,2024-S2,Diminution,88.3,3.3,88.3,8.4
z_30.0_30.0,2025,1,2025-S1,Diminution,85.3,2.1,85.3,12.6
z_30.0_30.0,2025,2,2025-S2,Diminution,89.5,1.2,89.5,9.4
z_30.0_30.0,2026,1,2026-S1,Diminution,76.5,3.3,76.5,20.2
z_30.0_30.0,2026,2,2026-S2,Diminution,89.9,3.6,89.9,6.5
z_30.0_30.0,2027,1,2027-S1,Diminution,83.2,3.3,83.2,13.5
z_30.0_30.0,2027,2,2027-S2,Diminution,88.8,2.0,88.8,9.2
z_30.0_30.0,2028,1,2028-S1,Diminution,81.3,7.0,81.3,11.7
z_30.0_30.0,2028,2,2028-S2,Diminution,93.5,0.4,93.5,6.1
z_30.0_30.0,2029,1,2029-S1,Diminution,85.3,2.1,85.3,12.6
z_30.0_30.0,2029,2,2029-S2,Diminution,93.5,0.4,93.5,6.1
z_30.0_30.0,2030,1,2030-S1,Diminution,85.3,2.1,85.3,12.6
z_30.0_30.0,2030,2,2030-S2,Diminution,93.5,0.4,93.5,6.1
z_30.0_31.5,2023,1,2023-S1,Stable,41.9,36.4,21.7,41.9
z_30.0_31.5,2023,2,2023-S2,Augmentation,50.6,50.6,20.3,29.2
z_30.0_31.5,2024,1,2024-S1,Augmentation,45.1,45.1,17.4,37.5
z_30.0_31.5,2024,2,2024-S2,Stable,40.3,21.0,38.7,40.3
z_30.0_31.5,2025,1,2025-S1,Augmentation,50.4,50.4,19.7,29.9
z_30.0_31.5,2025,2,2025-S2,Stable,39.9,32.9,27.2,39.9
z_30.0_31.5,2026,1,2026-S1,Stable,36.6,28.9,34.5,36.6
z_30.0_31.5,2026,2,2026-S2,Stable,40.3,19.8,39.9,40.3
z_30.0_31.5,2027,1,2027-S1,Diminution,43.7,23.9,43.7,32.4
z_30.0_31.5,2027,2,2027-S2,Diminution,43.3,22.3,43.3,34.5
z_30.0_31.5,2028,1,2028-S1,Diminution,53.3,13.1,53.3,33.5
z_30.0_31.5,2028,2,2028-S2,Diminution,50.9,16.0,50.9,33.1
z_30.0_31.5,2029,1,2029-S1,Diminution,46.4,16.6,46.4,37.0
z_30.0_31.5,2029,2,2029-S2,Diminution,52.0,14.3,52.0,33.7
z_30.0_31.5,2030,1,2030-S1,Diminution,51.4,15.2,51.4,33.4
z_30.0_31.5,2030,2,2030-S2,Diminution,51.3,15.2,51.3,33.5
z_31.5_-15.0,2023,1,2023-S1,Diminution,78.9,2.6,78.9,18.5
z_31.5_-15.0,2023,2,2023-S2,Diminution,81.2,3.9,81.2,14.9
z_31.5_-15.0,2024,1,2024-S1,Diminution,85.9,1.0,85.9,13.1
z_31.5_-15.0,2024,2,2024-S2,Diminution,84.9,0.8,84.9,14.3
z_31.5_-15.0,2025,1,2025-S1,Diminution,89.2,1.4,89.2,9.4
z_31.5_-15.0,2025,2,2025-S2,Diminution,77.1,1.7,77.1,21.2
z_31.5_-15.0,2026,1,2026-S1,Diminution,82.8,5.5,82.8,11.7
z_31.5_-15.0,2026,2,2026-S2,Diminution,80.3,3.7,80.3,16.0
z_31.5_-15.0,2027,1,2027-S1,Diminution,78.9,2.6,78.9,18.5
z_31.5_-15.0,2027,2,2027-S2,Diminution,81.2,3.9,81.2,14.9
z_31.5_-15.0,2028,1,2028-S1,Diminution,85.9,1.0,85.9,13.1
z_31.5_-15.0,2028,2,2028-S2,Diminution,84.9,0.8,84.9,14.3
z_31.5_-15.0,2029,1,2029-S1,Diminution,85.9,1.0,85.9,13.1
z_31.5_-15.0,2029,2,2029-S2,Diminution,84.9,0.8,84.9,14.3
z_31.5_-15.0,2030,1,2030-S1,Diminution,85.9,1.0,85.9,13.1
z_31.5_-15.0,2030,2,2030-S2,Diminution,84.9,0.8,84.9,14.3
z_31.5_-18.0,2023,1,2023-S1,Stable,44.7,27.2,28.1,44.7
z_31.5_-18.0,2023,2,2023-S2,Stable,41.6,25.3,33.2,41.6
z_31.5_-18.0,2024,1,2024-S1,Stable,49.8,31.4,18.8,49.8
z_31.5_-18.0,2024,2,2024-S2,Stable,42.2,19.2,38.5,42.2
z_31.5_-18.0,2025,1,2025-S1,Diminution,40.4,25.7,40.4,33.9
z_31.5_-18.0,2025,2,2025-S2,Stable,43.1,18.4,38.5,43.1
z_31.5_-18.0,2026,1,2026-S1,Diminution,39.8,28.5,39.8,31.7
z_31.5_-18.0,2026,2,2026-S2,Stable,41.3,22.9,35.8,41.3
z_31.5_-18.0,2027,1,2027-S1,Diminution,41.2,24.3,41.2,34.5
z_31.5_-18.0,2027,2,2027-S2,Diminution,42.5,23.1,42.5,34.4
z_31.5_-18.0,2028,1,2028-S1,Diminution,41.2,24.3,41.2,34.5
z_31.5_-18.0,2028,2,2028-S2,Diminution,42.5,23.1,42.5,34.4
z_31.5_-18.0,2029,1,2029-S1,Diminution,41.2,24.3,41.2,34.5
z_31.5_-18.0,2029,2,2029-S2,Diminution,42.5,23.1,42.5,34.4
z_31.5_-18.0,2030,1,2030-S1,Diminution,41.2,24.3,41.2,34.5
z_31.5_-18.0,2030,2,2030-S2,Diminution,42.5,23.1,42.5,34.4
z_31.5_31.5,2023,1,2023-S1,Diminution,46.2,14.6,46.2,39.2
z_31.5_31.5,2023,2,2023-S2,Diminution,53.5,8.4,53.5,38.1
z_31.5_31.5,2024,1,2024-S1,Diminution,45.9,19.0,45.9,35.1
z_31.5_31.5,2024,2,2024-S2,Diminution,54.3,9.5,54.3,36.3
z_31.5_31.5,2025,1,2025-S1,Diminution,41.9,17.0,41.9,41.1
z_31.5_31.5,2025,2,2025-S2,Diminution,52.3,19.1,52.3,28.7
z_31.5_31.5,2026,1,2026-S1,Diminution,43.5,17.8,43.5,38.6
z_31.5_31.5,2026,2,2026-S2,Diminution,54.0,9.9,54.0,36.2
z_31.5_31.5,2027,1,2027-S1,Diminution,45.3,15.5,45.3,39.1
z_31.5_31.5,2027,2,2027-S2,Diminution,57.2,10.4,57.2,32.4
z_31.5_31.5,2028,1,2028-S1,Diminution,41.9,17.0,41.9,41.1
z_31.5_31.5,2028,2,2028-S2,Diminution,53.6,9.7,53.6,36.7
z_31.5_31.5,2029,1,2029-S1,Diminution,45.7,17.6,45.7,36.7
z_31.5_31.5,2029,2,2029-S2,Diminution,53.6,9.7,53.6,36.7
z_31.5_31.5,2030,1,2030-S1,Diminution,45.7,17.6,45.7,36.7
z_31.5_31.5,2030,2,2030-S2,Diminution,53.6,9.7,53.6,36.7
z_33.0_-13.5,2023,1,2023-S1,Diminution,75.8,9.9,75.8,14.3
z_33.0_-13.5,2023,2,2023-S2,Diminution,70.4,9.7,70.4,19.9
z_33.0_-13.5,2024,1,2024-S1,Diminution,65.3,3.7,65.3,31.1
z_33.0_-13.5,2024,2,2024-S2,Diminution,77.4,8.1,77.4,14.5
z_33.0_-13.5,2025,1,2025-S1,Diminution,77.7,4.4,77.7,17.8
z_33.0_-13.5,2025,2,2025-S2,Diminution,78.0,2.5,78.0,19.5
z_33.0_-13.5,2026,1,2026-S1,Diminution,80.9,3.9,80.9,15.2
z_33.0_-13.5,2026,2,2026-S2,Diminution,81.4,1.5,81.4,17.1
z_33.0_-13.5,2027,1,2027-S1,Diminution,81.6,2.4,81.6,16.0
z_33.0_-13.5,2027,2,2027-S2,Diminution,81.4,1.5,81.4,17.1
z_33.0_-13.5,2028,1,2028-S1,Diminution,81.6,2.4,81.6,16.0
z_33.0_-13.5,2028,2,2028-S2,Diminution,81.4,1.5,81.4,17.1
z_33.0_-13.5,2029,1,2029-S1,Diminution,81.6,2.4,81.6,16.0
z_33.0_-13.5,2029,2,2029-S2,Diminution,81.4,1.5,81.4,17.1
z_33.0_-13.5,2030,1,2030-S1,Diminution,81.6,2.4,81.6,16.0
z_33.0_-13.5,2030,2,2030-S2,Diminution,81.4,1.5,81.4,17.1
z_33.0_-9.0,2023,1,2023-S1,Diminution,45.2,15.5,45.2,39.3
z_33.0_-9.0,2023,2,2023-S2,Stable,49.0,14.8,36.3,49.0
z_33.0_-9.0,2024,1,2024-S1,Stable,51.7,17.9,30.4,51.7
z_33.0_-9.0,2024,2,2024-S2,Stable,55.2,23.4,21.3,55.2
z_33.0_-9.0,2025,1,2025-S1,Stable,59.8,20.4,19.9,59.8
z_33.0_-9.0,2025,2,2025-S2,Stable,45.8,15.5,38.7,45.8
z_33.0_-9.0,2026,1,2026-S1,Stable,40.9,35.2,23.9,40.9
z_33.0_-9.0,2026,2,2026-S2,Stable,56.6,29.7,13.7,56.6
z_33.0_-9.0,2027,1,2027-S1,Stable,54.6,22.2,23.1,54.6
z_33.0_-9.0,2027,2,2027-S2,Stable,56.1,15.7,28.2,56.1
z_33.0_-9.0,2028,1,2028-S1,Stable,54.5,16.7,28.8,54.5
z_33.0_-9.0,2028,2,2028-S2,Stable,55.5,22.3,22.2,55.5
z_33.0_-9.0,2029,1,2029-S1,Stable,56.8,19.8,23.4,56.8
z_33.0_-9.0,2029,2,2029-S2,Stable,59.4,17.2,23.4,59.4
z_33.0_-9.0,2030,1,2030-S1,Stable,56.8,19.8,23.4,56.8
z_33.0_-9.0,2030,2,2030-S2,Stable,59.4,17.2,23.4,59.4
z_33.0_10.5,2023,1,2023-S1,Diminution,93.6,0.6,93.6,5.9
z_33.0_10.5,2023,2,2023-S2,Diminution,94.1,0.3,94.1,5.6
z_33.0_10.5,2024,1,2024-S1,Diminution,93.6,0.6,93.6,5.9
z_33.0_10.5,2024,2,2024-S2,Diminution,94.1,0.3,94.1,5.6
z_33.0_10.5,2025,1,2025-S1,Diminution,93.6,0.6,93.6,5.9
z_33.0_10.5,2025,2,2025-S2,Diminution,94.1,0.3,94.1,5.6
z_33.0_10.5,2026,1,2026-S1,Diminution,90.8,1.1,90.8,8.0
z_33.0_10.5,2026,2,2026-S2,Diminution,81.7,1.3,81.7,17.1
z_33.0_10.5,2027,1,2027-S1,Diminution,87.3,5.1,87.3,7.7
z_33.0_10.5,2027,2,2027-S2,Diminution,88.7,3.0,88.7,8.4
z_33.0_10.5,2028,1,2028-S1,Diminution,85.7,2.0,85.7,12.2
z_33.0_10.5,2028,2,2028-S2,Diminution,88.9,3.2,88.9,7.8
z_33.0_10.5,2029,1,2029-S1,Diminution,93.6,0.6,93.6,5.9
z_33.0_10.5,2029,2,2029-S2,Diminution,94.1,0.3,94.1,5.6
z_33.0_10.5,2030,1,2030-S1,Diminution,93.6,0.6,93.6,5.9
z_33.0_10.5,2030,2,2030-S2,Diminution,94.1,0.3,94.1,5.6
z_33.0_18.0,2023,1,2023-S1,Diminution,93.2,0.6,93.2,6.2
z_33.0_18.0,2023,2,2023-S2,Diminution,93.6,0.4,93.6,6.0
z_33.0_18.0,2024,1,2024-S1,Diminution,93.2,0.6,93.2,6.2
z_33.0_18.0,2024,2,2024-S2,Diminution,93.6,0.4,93.6,6.0
z_33.0_18.0,2025,1,2025-S1,Diminution,89.0,1.3,89.0,9.7
z_33.0_18.0,2025,2,2025-S2,Diminution,79.4,1.4,79.4,19.2
z_33.0_18.0,2026,1,2026-S1,Diminution,87.3,5.2,87.3,7.6
z_33.0_18.0,2026,2,2026-S2,Diminution,88.2,3.1,88.2,8.7
z_33.0_18.0,2027,1,2027-S1,Diminution,86.8,2.0,86.8,11.1
z_33.0_18.0,2027,2,2027-S2,Diminution,88.2,3.2,88.2,8.6
z_33.0_18.0,2028,1,2028-S1,Diminution,93.2,0.6,93.2,6.2
z_33.0_18.0,2028,2,2028-S2,Diminution,93.6,0.4,93.6,6.0
z_33.0_18.0,2029,1,2029-S1,Diminution,93.2,0.6,93.2,6.2
z_33.0_18.0,2029,2,2029-S2,Diminution,93.6,0.4,93.6,6.0
z_33.0_18.0,2030,1,2030-S1,Diminution,93.2,0.6,93.2,6.2
z_33.0_18.0,2030,2,2030-S2,Diminution,93.6,0.4,93.6,6.0
z_33.0_25.5,2023,1,2023-S1,Diminution,90.0,1.1,90.0,8.9
z_33.0_25.5,2023,2,2023-S2,Diminution,89.3,1.3,89.3,9.5
z_33.0_25.5,2024,1,2024-S1,Diminution,90.0,1.1,90.0,8.9
z_33.0_25.5,2024,2,2024-S2,Diminution,87.4,2.8,87.4,9.8
z_33.0_25.5,2025,1,2025-S1,Diminution,77.5,2.2,77.5,20.3
z_33.0_25.5,2025,2,2025-S2,Diminution,87.9,3.2,87.9,9.0
z_33.0_25.5,2026,1,2026-S1,Diminution,79.4,4.3,79.4,16.3
z_33.0_25.5,2026,2,2026-S2,Diminution,84.7,4.0,84.7,11.3
z_33.0_25.5,2027,1,2027-S1,Diminution,84.4,2.4,84.4,13.2
z_33.0_25.5,2027,2,2027-S2,Diminution,89.3,1.3,89.3,9.5
z_33.0_25.5,2028,1,2028-S1,Diminution,90.0,1.1,90.0,8.9
z_33.0_25.5,2028,2,2028-S2,Diminution,89.3,1.3,89.3,9.5
z_33.0_25.5,2029,1,2029-S1,Diminution,90.0,1.1,90.0,8.9
z_33.0_25.5,2029,2,2029-S2,Diminution,89.3,1.3,89.3,9.5
z_33.0_25.5,2030,1,2030-S1,Diminution,90.0,1.1,90.0,8.9
z_33.0_25.5,2030,2,2030-S2,Diminution,89.3,1.3,89.3,9.5
z_33.0_9.0,2023,1,2023-S1,Diminution,73.1,2.3,73.1,24.6
z_33.0_9.0,2023,2,2023-S2,Diminution,72.2,2.7,72.2,25.1
z_33.0_9.0,2024,1,2024-S1,Diminution,73.1,2.3,73.1,24.6
z_33.0_9.0,2024,2,2024-S2,Diminution,71.5,5.1,71.5,23.4
z_33.0_9.0,2025,1,2025-S1,Diminution,54.4,6.0,54.4,39.6
z_33.0_9.0,2025,2,2025-S2,Diminution,69.5,2.8,69.5,27.7
z_33.0_9.0,2026,1,2026-S1,Diminution,68.4,4.6,68.4,27.0
z_33.0_9.0,2026,2,2026-S2,Diminution,68.8,4.3,68.8,26.8
z_33.0_9.0,2027,1,2027-S1,Diminution,69.0,2.6,69.0,28.4
z_33.0_9.0,2027,2,2027-S2,Diminution,72.2,2.7,72.2,25.1
z_33.0_9.0,2028,1,2028-S1,Diminution,73.1,2.3,73.1,24.6
z_33.0_9.0,2028,2,2028-S2,Diminution,72.2,2.7,72.2,25.1
z_33.0_9.0,2029,1,2029-S1,Diminution,73.1,2.3,73.1,24.6
z_33.0_9.0,2029,2,2029-S2,Diminution,72.2,2.7,72.2,25.1
z_33.0_9.0,2030,1,2030-S1,Diminution,73.1,2.3,73.1,24.6
z_33.0_9.0,2030,2,2030-S2,Diminution,72.2,2.7,72.2,25.1
z_34.5_-1.5,2023,1,2023-S1,Diminution,52.0,16.8,52.0,31.3
z_34.5_-1.5,2023,2,2023-S2,Diminution,52.4,15.3,52.4,32.3
z_34.5_-1.5,2024,1,2024-S1,Stable,46.6,18.2,35.2,46.6
z_34.5_-1.5,2024,2,2024-S2,Diminution,59.9,3.5,59.9,36.7
z_34.5_-1.5,2025,1,2025-S1,Diminution,45.2,13.8,45.2,41.0
z_34.5_-1.5,2025,2,2025-S2,Diminution,67.9,4.8,67.9,27.2
z_34.5_-1.5,2026,1,2026-S1,Diminution,44.8,13.8,44.8,41.4
z_34.5_-1.5,2026,2,2026-S2,Diminution,66.7,3.7,66.7,29.6
z_34.5_-1.5,2027,1,2027-S1,Diminution,50.3,15.6,50.3,34.2
z_34.5_-1.5,2027,2,2027-S2,Diminution,66.7,3.7,66.7,29.6
z_34.5_-1.5,2028,1,2028-S1,Diminution,50.3,15.6,50.3,34.2
z_34.5_-1.5,2028,2,2028-S2,Diminution,66.7,3.7,66.7,29.6
z_34.5_-1.5,2029,1,2029-S1,Diminution,50.3,15.6,50.3,34.2
z_34.5_-1.5,2029,2,2029-S2,Diminution,66.7,3.7,66.7,29.6
z_34.5_-1.5,2030,1,2030-S1,Diminution,50.3,15.6,50.3,34.2
z_34.5_-1.5,2030,2,2030-S2,Diminution,66.7,3.7,66.7,29.6
z_34.5_-10.5,2023,1,2023-S1,Diminution,91.1,0.8,91.1,8.1
z_34.5_-10.5,2023,2,2023-S2,Diminution,91.5,0.6,91.5,7.9
z_34.5_-10.5,2024,1,2024-S1,Diminution,91.1,0.8,91.1,8.1
z_34.5_-10.5,2024,2,2024-S2,Diminution,90.8,1.3,90.8,7.9
z_34.5_-10.5,2025,1,2025-S1,Diminution,76.1,1.3,76.1,22.6
z_34.5_-10.5,2025,2,2025-S2,Diminution,88.9,3.8,88.9,7.3
z_34.5_-10.5,2026,1,2026-S1,Diminution,85.8,2.9,85.8,11.3
z_34.5_-10.5,2026,2,2026-S2,Diminution,85.2,2.3,85.2,12.5
z_34.5_-10.5,2027,1,2027-S1,Diminution,86.4,4.3,86.4,9.3
z_34.5_-10.5,2027,2,2027-S2,Diminution,91.5,0.6,91.5,7.9
z_34.5_-10.5,2028,1,2028-S1,Diminution,91.1,0.8,91.1,8.1
z_34.5_-10.5,2028,2,2028-S2,Diminution,91.5,0.6,91.5,7.9
z_34.5_-10.5,2029,1,2029-S1,Diminution,91.1,0.8,91.1,8.1
z_34.5_-10.5,2029,2,2029-S2,Diminution,91.5,0.6,91.5,7.9
z_34.5_-10.5,2030,1,2030-S1,Diminution,91.1,0.8,91.1,8.1
z_34.5_-10.5,2030,2,2030-S2,Diminution,91.5,0.6,91.5,7.9
z_34.5_-15.0,2023,1,2023-S1,Diminution,89.9,0.9,89.9,9.2
z_34.5_-15.0,2023,2,2023-S2,Diminution,89.4,1.5,89.4,9.1
z_34.5_-15.0,2024,1,2024-S1,Diminution,74.9,1.4,74.9,23.7
z_34.5_-15.0,2024,2,2024-S2,Diminution,87.4,4.3,87.4,8.4
z_34.5_-15.0,2025,1,2025-S1,Diminution,84.7,3.1,84.7,12.2
z_34.5_-15.0,2025,2,2025-S2,Diminution,85.0,2.3,85.0,12.7
z_34.5_-15.0,2026,1,2026-S1,Diminution,85.7,3.6,85.7,10.8
z_34.5_-15.0,2026,2,2026-S2,Diminution,90.0,0.7,90.0,9.4
z_34.5_-15.0,2027,1,2027-S1,Diminution,89.9,0.9,89.9,9.2
z_34.5_-15.0,2027,2,2027-S2,Diminution,90.0,0.7,90.0,9.4
z_34.5_-15.0,2028,1,2028-S1,Diminution,89.9,0.9,89.9,9.2
z_34.5_-15.0,2028,2,2028-S2,Diminution,90.0,0.7,90.0,9.4
z_34.5_-15.0,2029,1,2029-S1,Diminution,89.9,0.9,89.9,9.2
z_34.5_-15.0,2029,2,2029-S2,Diminution,90.0,0.7,90.0,9.4
z_34.5_-15.0,2030,1,2030-S1,Diminution,89.9,0.9,89.9,9.2
z_34.5_-15.0,2030,2,2030-S2,Diminution,90.0,0.7,90.0,9.4
z_34.5_-39.0,2023,1,2023-S1,Diminution,87.2,1.1,87.2,11.7
z_34.5_-39.0,2023,2,2023-S2,Diminution,86.0,1.2,86.0,12.8
z_34.5_-39.0,2024,1,2024-S1,Diminution,87.2,1.1,87.2,11.7
z_34.5_-39.0,2024,2,2024-S2,Diminution,86.0,1.2,86.0,12.8
z_34.5_-39.0,2025,1,2025-S1,Diminution,87.2,1.1,87.2,11.7
z_34.5_-39.0,2025,2,2025-S2,Diminution,85.8,2.2,85.8,12.0
z_34.5_-39.0,2026,1,2026-S1,Diminution,78.0,1.8,78.0,20.2
z_34.5_-39.0,2026,2,2026-S2,Diminution,85.8,3.5,85.8,10.7
z_34.5_-39.0,2027,1,2027-S1,Diminution,79.5,3.7,79.5,16.8
z_34.5_-39.0,2027,2,2027-S2,Diminution,81.6,3.6,81.6,14.8
z_34.5_-39.0,2028,1,2028-S1,Diminution,82.1,3.3,82.1,14.6
z_34.5_-39.0,2028,2,2028-S2,Diminution,86.0,1.2,86.0,12.8
z_34.5_-39.0,2029,1,2029-S1,Diminution,87.2,1.1,87.2,11.7
z_34.5_-39.0,2029,2,2029-S2,Diminution,86.0,1.2,86.0,12.8
z_34.5_-39.0,2030,1,2030-S1,Diminution,87.2,1.1,87.2,11.7
z_34.5_-39.0,2030,2,2030-S2,Diminution,86.0,1.2,86.0,12.8
z_34.5_-4.5,2023,1,2023-S1,Stable,45.9,23.6,30.5,45.9
z_34.5_-4.5,2023,2,2023-S2,Diminution,47.2,18.0,47.2,34.7
z_34.5_-4.5,2024,1,2024-S1,Stable,48.2,21.1,30.7,48.2
z_34.5_-4.5,2024,2,2024-S2,Diminution,47.8,16.4,47.8,35.7
z_34.5_-4.5,2025,1,2025-S1,Stable,50.6,24.2,25.1,50.6
z_34.5_-4.5,2025,2,2025-S2,Diminution,48.9,15.6,48.9,35.5
z_34.5_-4.5,2026,1,2026-S1,Diminution,41.4,20.1,41.4,38.5
z_34.5_-4.5,2026,2,2026-S2,Diminution,50.9,15.4,50.9,33.7
z_34.5_-4.5,2027,1,2027-S1,Stable,46.1,22.9,30.9,46.1
z_34.5_-4.5,2027,2,2027-S2,Diminution,58.9,15.2,58.9,26.0
z_34.5_-4.5,2028,1,2028-S1,Stable,46.4,21.5,32.1,46.4
z_34.5_-4.5,2028,2,2028-S2,Diminution,59.0,11.6,59.0,29.4
z_34.5_-4.5,2029,1,2029-S1,Diminution,41.4,20.1,41.4,38.5
z_34.5_-4.5,2029,2,2029-S2,Diminution,53.7,14.8,53.7,31.5
z_34.5_-4.5,2030,1,2030-S1,Stable,44.7,22.0,33.3,44.7
z_34.5_-4.5,2030,2,2030-S2,Diminution,60.9,13.2,60.9,25.9
z_34.5_-6.0,2023,1,2023-S1,Stable,38.1,25.0,36.9,38.1
z_34.5_-6.0,2023,2,2023-S2,Stable,36.5,27.9,35.6,36.5
z_34.5_-6.0,2024,1,2024-S1,Diminution,45.4,19.9,45.4,34.7
z_34.5_-6.0,2024,2,2024-S2,Stable,41.5,31.0,27.6,41.5
z_34.5_-6.0,2025,1,2025-S1,Augmentation,48.8,48.8,17.0,34.2
z_34.5_-6.0,2025,2,2025-S2,Augmentation,41.1,41.1,26.6,32.3
z_34.5_-6.0,2026,1,2026-S1,Diminution,37.4,33.5,37.4,29.2
z_34.5_-6.0,2026,2,2026-S2,Diminution,42.7,23.0,42.7,34.3
z_34.5_-6.0,2027,1,2027-S1,Diminution,44.6,20.2,44.6,35.1
z_34.5_-6.0,2027,2,2027-S2,Diminution,46.5,20.8,46.5,32.7
z_34.5_-6.0,2028,1,2028-S1,Diminution,47.7,17.6,47.7,34.7
z_34.5_-6.0,2028,2,2028-S2,Diminution,48.6,18.2,48.6,33.1
z_34.5_-6.0,2029,1,2029-S1,Diminution,47.5,17.6,47.5,34.9
z_34.5_-6.0,2029,2,2029-S2,Diminution,48.4,18.3,48.4,33.3
z_34.5_-6.0,2030,1,2030-S1,Diminution,47.7,17.6,47.7,34.7
z_34.5_-6.0,2030,2,2030-S2,Diminution,48.6,18.2,48.6,33.1
z_34.5_-7.5,2023,1,2023-S1,Diminution,41.5,20.0,41.5,38.4
z_34.5_-7.5,2023,2,2023-S2,Diminution,50.9,21.5,50.9,27.7
z_34.5_-7.5,2024,1,2024-S1,Stable,40.4,23.3,36.2,40.4
z_34.5_-7.5,2024,2,2024-S2,Diminution,44.5,18.8,44.5,36.6
z_34.5_-7.5,2025,1,2025-S1,Diminution,45.9,14.4,45.9,39.6
z_34.5_-7.5,2025,2,2025-S2,Diminution,48.5,14.2,48.5,37.3
z_34.5_-7.5,2026,1,2026-S1,Stable,41.1,27.5,31.4,41.1
z_34.5_-7.5,2026,2,2026-S2,Diminution,41.2,19.1,41.2,39.7
z_34.5_-7.5,2027,1,2027-S1,Diminution,42.6,19.1,42.6,38.3
z_34.5_-7.5,2027,2,2027-S2,Diminution,53.7,11.0,53.7,35.3
z_34.5_-7.5,2028,1,2028-S1,Diminution,46.8,23.5,46.8,29.7
z_34.5_-7.5,2028,2,2028-S2,Diminution,57.2,12.2,57.2,30.6
z_34.5_-7.5,2029,1,2029-S1,Diminution,49.3,19.9,49.3,30.8
z_34.5_-7.5,2029,2,2029-S2,Diminution,56.6,14.4,56.6,29.1
z_34.5_-7.5,2030,1,2030-S1,Diminution,49.3,19.9,49.3,30.8
z_34.5_-7.5,2030,2,2030-S2,Diminution,56.5,14.4,56.5,29.1
z_34.5_0.0,2023,1,2023-S1,Diminution,78.8,3.3,78.8,17.9
z_34.5_0.0,2023,2,2023-S2,Diminution,86.1,1.8,86.1,12.1
z_34.5_0.0,2024,1,2024-S1,Diminution,78.9,6.1,78.9,14.9
z_34.5_0.0,2024,2,2024-S2,Diminution,93.1,0.7,93.1,6.2
z_34.5_0.0,2025,1,2025-S1,Diminution,76.0,3.4,76.0,20.5
z_34.5_0.0,2025,2,2025-S2,Diminution,86.8,4.9,86.8,8.3
z_34.5_0.0,2026,1,2026-S1,Diminution,78.8,3.3,78.8,17.9
z_34.5_0.0,2026,2,2026-S2,Diminution,86.1,1.8,86.1,12.1
z_34.5_0.0,2027,1,2027-S1,Diminution,78.9,6.1,78.9,14.9
z_34.5_0.0,2027,2,2027-S2,Diminution,92.6,0.3,92.6,7.0
z_34.5_0.0,2028,1,2028-S1,Diminution,80.5,2.2,80.5,17.4
z_34.5_0.0,2028,2,2028-S2,Diminution,92.6,0.3,92.6,7.0
z_34.5_0.0,2029,1,2029-S1,Diminution,80.5,2.2,80.5,17.4
z_34.5_0.0,2029,2,2029-S2,Diminution,92.6,0.3,92.6,7.0
z_34.5_0.0,2030,1,2030-S1,Diminution,80.5,2.2,80.5,17.4
z_34.5_0.0,2030,2,2030-S2,Diminution,92.6,0.3,92.6,7.0
z_34.5_12.0,2023,1,2023-S1,Diminution,49.0,29.7,49.0,21.4
z_34.5_12.0,2023,2,2023-S2,Diminution,43.7,20.9,43.7,35.4
z_34.5_12.0,2024,1,2024-S1,Diminution,49.5,23.0,49.5,27.5
z_34.5_12.0,2024,2,2024-S2,Diminution,45.4,18.1,45.4,36.4
z_34.5_12.0,2025,1,2025-S1,Stable,36.0,28.2,35.8,36.0
z_34.5_12.0,2025,2,2025-S2,Diminution,37.4,26.8,37.4,35.8
z_34.5_12.0,2026,1,2026-S1,Diminution,41.8,26.2,41.8,32.0
z_34.5_12.0,2026,2,2026-S2,Diminution,50.3,16.1,50.3,33.6
z_34.5_12.0,2027,1,2027-S1,Diminution,46.3,30.8,46.3,22.9
z_34.5_12.0,2027,2,2027-S2,Diminution,52.1,14.8,52.1,33.1
z_34.5_12.0,2028,1,2028-S1,Diminution,52.5,25.0,52.5,22.4
z_34.5_12.0,2028,2,2028-S2,Diminution,53.4,19.6,53.4,27.0
z_34.5_12.0,2029,1,2029-S1,Diminution,52.5,25.0,52.5,22.5
z_34.5_12.0,2029,2,2029-S2,Diminution,53.4,19.6,53.4,27.0
z_34.5_12.0,2030,1,2030-S1,Diminution,52.5,25.0,52.5,22.4
z_34.5_12.0,2030,2,2030-S2,Diminution,53.4,19.6,53.4,27.0
z_34.5_13.5,2023,1,2023-S1,Augmentation,52.1,52.1,17.3,30.5
z_34.5_13.5,2023,2,2023-S2,Augmentation,62.1,62.1,13.0,24.9
z_34.5_13.5,2024,1,2024-S1,Augmentation,49.9,49.9,18.5,31.5
z_34.5_13.5,2024,2,2024-S2,Augmentation,61.4,61.4,12.8,25.8
z_34.5_13.5,2025,1,2025-S1,Augmentation,66.7,66.7,11.9,21.4
z_34.5_13.5,2025,2,2025-S2,Augmentation,65.9,65.9,11.7,22.4
z_34.5_13.5,2026,1,2026-S1,Augmentation,64.5,64.5,11.2,24.4
z_34.5_13.5,2026,2,2026-S2,Augmentation,60.3,60.3,11.0,28.7
z_34.5_13.5,2027,1,2027-S1,Augmentation,62.3,62.3,11.6,26.1
z_34.5_13.5,2027,2,2027-S2,Augmentation,64.8,64.8,9.6,25.7
z_34.5_13.5,2028,1,2028-S1,Augmentation,57.1,57.1,12.1,30.8
z_34.5_13.5,2028,2,2028-S2,Augmentation,57.8,57.8,12.1,30.2
z_34.5_13.5,2029,1,2029-S1,Augmentation,54.4,54.4,11.6,34.0
z_34.5_13.5,2029,2,2029-S2,Augmentation,51.7,51.7,12.7,35.6
z_34.5_13.5,2030,1,2030-S1,Augmentation,49.9,49.9,13.1,37.0
z_34.5_13.5,2030,2,2030-S2,Augmentation,50.8,50.8,13.1,36.2
z_34.5_16.5,2023,1,2023-S1,Diminution,58.5,7.4,58.5,34.0
z_34.5_16.5,2023,2,2023-S2,Diminution,70.5,2.7,70.5,26.8
z_34.5_16.5,2024,1,2024-S1,Diminution,61.8,5.1,61.8,33.2
z_34.5_16.5,2024,2,2024-S2,Diminution,69.8,5.4,69.8,24.9
z_34.5_16.5,2025,1,2025-S1,Diminution,61.4,3.6,61.4,35.0
z_34.5_16.5,2025,2,2025-S2,Diminution,75.5,2.4,75.5,22.1
z_34.5_16.5,2026,1,2026-S1,Diminution,65.4,8.2,65.4,26.4
z_34.5_16.5,2026,2,2026-S2,Diminution,58.3,5.9,58.3,35.8
z_34.5_16.5,2027,1,2027-S1,Diminution,61.5,4.1,61.5,34.4
z_34.5_16.5,2027,2,2027-S2,Diminution,67.8,5.6,67.8,26.6
z_34.5_16.5,2028,1,2028-S1,Diminution,64.8,5.9,64.8,29.3
z_34.5_16.5,2028,2,2028-S2,Diminution,62.0,2.5,62.0,35.5
z_34.5_16.5,2029,1,2029-S1,Diminution,63.8,3.6,63.8,32.5
z_34.5_16.5,2029,2,2029-S2,Diminution,75.5,2.4,75.5,22.1
z_34.5_16.5,2030,1,2030-S1,Diminution,63.8,3.6,63.8,32.5
z_34.5_16.5,2030,2,2030-S2,Diminution,75.5,2.4,75.5,22.1
z_34.5_18.0,2023,1,2023-S1,Diminution,93.1,0.7,93.1,6.2
z_34.5_18.0,2023,2,2023-S2,Diminution,93.4,0.5,93.4,6.1
z_34.5_18.0,2024,1,2024-S1,Diminution,93.1,0.7,93.1,6.2
z_34.5_18.0,2024,2,2024-S2,Diminution,90.2,1.2,90.2,8.6
z_34.5_18.0,2025,1,2025-S1,Diminution,76.6,1.2,76.6,22.2
z_34.5_18.0,2025,2,2025-S2,Diminution,89.8,3.7,89.8,6.5
z_34.5_18.0,2026,1,2026-S1,Diminution,87.9,2.7,87.9,9.4
z_34.5_18.0,2026,2,2026-S2,Diminution,88.8,2.1,88.8,9.2
z_34.5_18.0,2027,1,2027-S1,Diminution,88.9,3.0,88.9,8.1
z_34.5_18.0,2027,2,2027-S2,Diminution,93.4,0.5,93.4,6.1
z_34.5_18.0,2028,1,2028-S1,Diminution,93.1,0.7,93.1,6.2
z_34.5_18.0,2028,2,2028-S2,Diminution,93.4,0.5,93.4,6.1
z_34.5_18.0,2029,1,2029-S1,Diminution,93.1,0.7,93.1,6.2
z_34.5_18.0,2029,2,2029-S2,Diminution,93.4,0.5,93.4,6.1
z_34.5_18.0,2030,1,2030-S1,Diminution,93.1,0.7,93.1,6.2
z_34.5_18.0,2030,2,2030-S2,Diminution,93.4,0.5,93.4,6.1
z_34.5_19.5,2023,1,2023-S1,Diminution,84.2,2.2,84.2,13.7
z_34.5_19.5,2023,2,2023-S2,Diminution,92.5,0.4,92.5,7.0
z_34.5_19.5,2024,1,2024-S1,Diminution,84.2,2.2,84.2,13.7
z_34.5_19.5,2024,2,2024-S2,Diminution,91.7,0.9,91.7,7.4
z_34.5_19.5,2025,1,2025-S1,Diminution,78.3,3.0,78.3,18.8
z_34.5_19.5,2025,2,2025-S2,Diminution,88.7,3.7,88.7,7.6
z_34.5_19.5,2026,1,2026-S1,Diminution,82.3,3.3,82.3,14.4
z_34.5_19.5,2026,2,2026-S2,Diminution,87.9,1.9,87.9,10.1
z_34.5_19.5,2027,1,2027-S1,Diminution,81.0,6.7,81.0,12.4
z_34.5_19.5,2027,2,2027-S2,Diminution,92.5,0.4,92.5,7.0
z_34.5_19.5,2028,1,2028-S1,Diminution,84.2,2.2,84.2,13.7
z_34.5_19.5,2028,2,2028-S2,Diminution,92.5,0.4,92.5,7.0
z_34.5_19.5,2029,1,2029-S1,Diminution,84.2,2.2,84.2,13.7
z_34.5_19.5,2029,2,2029-S2,Diminution,92.5,0.4,92.5,7.0
z_34.5_19.5,2030,1,2030-S1,Diminution,84.2,2.2,84.2,13.7
z_34.5_19.5,2030,2,2030-S2,Diminution,92.5,0.4,92.5,7.0
z_34.5_22.5,2023,1,2023-S1,Stable,52.1,21.0,26.8,52.1
z_34.5_22.5,2023,2,2023-S2,Stable,40.0,23.6,36.5,40.0
z_34.5_22.5,2024,1,2024-S1,Stable,49.2,32.9,18.0,49.2
z_34.5_22.5,2024,2,2024-S2,Stable,36.3,27.5,36.2,36.3
z_34.5_22.5,2025,1,2025-S1,Stable,48.0,21.7,30.3,48.0
z_34.5_22.5,2025,2,2025-S2,Diminution,43.6,14.8,43.6,41.6
z_34.5_22.5,2026,1,2026-S1,Stable,53.7,21.0,25.3,53.7
z_34.5_22.5,2026,2,2026-S2,Diminution,44.4,18.9,44.4,36.7
z_34.5_22.5,2027,1,2027-S1,Stable,53.3,20.3,26.4,53.3
z_34.5_22.5,2027,2,2027-S2,Diminution,47.3,16.1,47.3,36.6
z_34.5_22.5,2028,1,2028-S1,Stable,52.0,17.3,30.7,52.0
z_34.5_22.5,2028,2,2028-S2,Diminution,44.7,18.9,44.7,36.4
z_34.5_22.5,2029,1,2029-S1,Stable,52.8,20.4,26.7,52.8
z_34.5_22.5,2029,2,2029-S2,Diminution,44.7,18.9,44.7,36.4
z_34.5_22.5,2030,1,2030-S1,Stable,52.8,20.4,26.7,52.8
z_34.5_22.5,2030,2,2030-S2,Diminution,44.7,18.9,44.7,36.4
z_34.5_24.0,2023,1,2023-S1,Augmentation,53.7,53.7,20.0,26.3
z_34.5_24.0,2023,2,2023-S2,Augmentation,59.2,59.2,23.4,17.4
z_34.5_24.0,2024,1,2024-S1,Augmentation,57.7,57.7,20.0,22.3
z_34.5_24.0,2024,2,2024-S2,Augmentation,65.0,65.0,16.6,18.4
z_34.5_24.0,2025,1,2025-S1,Augmentation,55.1,55.1,22.6,22.3
z_34.5_24.0,2025,2,2025-S2,Augmentation,56.6,56.6,25.1,18.3
z_34.5_24.0,2026,1,2026-S1,Augmentation,53.0,53.0,23.6,23.3
z_34.5_24.0,2026,2,2026-S2,Augmentation,55.9,55.9,20.7,23.4
z_34.5_24.0,2027,1,2027-S1,Augmentation,58.7,58.7,19.5,21.7
z_34.5_24.0,2027,2,2027-S2,Augmentation,66.0,66.0,16.8,17.2
z_34.5_24.0,2028,1,2028-S1,Augmentation,62.1,62.1,17.5,20.4
z_34.5_24.0,2028,2,2028-S2,Augmentation,65.0,65.0,17.5,17.4
z_34.5_24.0,2029,1,2029-S1,Augmentation,60.7,60.7,18.5,20.8
z_34.5_24.0,2029,2,2029-S2,Augmentation,64.3,64.3,17.6,18.2
z_34.5_24.0,2030,1,2030-S1,Augmentation,61.8,61.8,16.3,22.0
z_34.5_24.0,2030,2,2030-S2,Augmentation,66.1,66.1,14.5,19.4
z_34.5_25.5,2023,1,2023-S1,Diminution,45.2,20.3,45.2,34.6
z_34.5_25.5,2023,2,2023-S2,Stable,60.6,13.7,25.7,60.6
z_34.5_25.5,2024,1,2024-S1,Stable,42.0,33.9,24.1,42.0
z_34.5_25.5,2024,2,2024-S2,Stable,54.7,24.4,20.9,54.7
z_34.5_25.5,2025,1,2025-S1,Diminution,47.7,17.3,47.7,35.0
z_34.5_25.5,2025,2,2025-S2,Stable,58.7,12.5,28.7,58.7
z_34.5_25.5,2026,1,2026-S1,Diminution,42.1,16.4,42.1,41.5
z_34.5_25.5,2026,2,2026-S2,Stable,52.9,20.2,26.9,52.9
z_34.5_25.5,2027,1,2027-S1,Diminution,45.9,17.6,45.9,36.5
z_34.5_25.5,2027,2,2027-S2,Stable,55.7,13.7,30.6,55.7
z_34.5_25.5,2028,1,2028-S1,Diminution,43.2,18.6,43.2,38.2
z_34.5_25.5,2028,2,2028-S2,Stable,54.5,16.7,28.9,54.5
z_34.5_25.5,2029,1,2029-S1,Diminution,43.2,18.6,43.2,38.2
z_34.5_25.5,2029,2,2029-S2,Stable,54.5,16.7,28.9,54.5
z_34.5_25.5,2030,1,2030-S1,Diminution,43.2,18.6,43.2,38.2
z_34.5_25.5,2030,2,2030-S2,Stable,54.5,16.7,28.9,54.5
z_34.5_27.0,2023,1,2023-S1,Stable,51.2,28.9,19.9,51.2
z_34.5_27.0,2023,2,2023-S2,Stable,45.2,19.4,35.4,45.2
z_34.5_27.0,2024,1,2024-S1,Stable,55.1,22.3,22.6,55.1
z_34.5_27.0,2024,2,2024-S2,Diminution,45.1,14.7,45.1,40.2
z_34.5_27.0,2025,1,2025-S1,Diminution,41.2,18.1,41.2,40.7
z_34.5_27.0,2025,2,2025-S2,Diminution,47.0,15.1,47.0,38.0
z_34.5_27.0,2026,1,2026-S1,Stable,51.8,18.5,29.7,51.8
z_34.5_27.0,2026,2,2026-S2,Diminution,46.8,23.1,46.8,30.2
z_34.5_27.0,2027,1,2027-S1,Stable,41.7,16.7,41.6,41.7
z_34.5_27.0,2027,2,2027-S2,Diminution,51.4,18.3,51.4,30.3
z_34.5_27.0,2028,1,2028-S1,Stable,42.4,20.2,37.4,42.4
z_34.5_27.0,2028,2,2028-S2,Diminution,52.3,16.6,52.3,31.1
z_34.5_27.0,2029,1,2029-S1,Diminution,41.9,19.1,41.9,39.0
z_34.5_27.0,2029,2,2029-S2,Diminution,52.3,16.6,52.3,31.1
z_34.5_27.0,2030,1,2030-S1,Diminution,41.9,19.1,41.9,39.0
z_34.5_27.0,2030,2,2030-S2,Diminution,52.4,16.6,52.4,31.0
z_34.5_31.5,2023,1,2023-S1,Stable,38.7,36.8,24.6,38.7
z_34.5_31.5,2023,2,2023-S2,Augmentation,43.5,43.5,16.3,40.2
z_34.5_31.5,2024,1,2024-S1,Augmentation,51.8,51.8,13.4,34.8
z_34.5_31.5,2024,2,2024-S2,Augmentation,45.7,45.7,18.2,36.1
z_34.5_31.5,2025,1,2025-S1,Stable,37.1,32.2,30.6,37.1
z_34.5_31.5,2025,2,2025-S2,Stable,43.3,22.5,34.2,43.3
z_34.5_31.5,2026,1,2026-S1,Diminution,43.0,26.7,43.0,30.3
z_34.5_31.5,2026,2,2026-S2,Diminution,38.8,31.1,38.8,30.1
z_34.5_31.5,2027,1,2027-S1,Diminution,46.9,24.5,46.9,28.6
z_34.5_31.5,2027,2,2027-S2,Diminution,46.8,30.6,46.8,22.6
z_34.5_31.5,2028,1,2028-S1,Diminution,47.3,28.3,47.3,24.4
z_34.5_31.5,2028,2,2028-S2,Diminution,51.1,26.0,51.1,22.8
z_34.5_31.5,2029,1,2029-S1,Diminution,49.1,28.1,49.1,22.8
z_34.5_31.5,2029,2,2029-S2,Diminution,51.1,26.0,51.1,22.8
z_34.5_31.5,2030,1,2030-S1,Diminution,49.1,28.1,49.1,22.8
z_34.5_31.5,2030,2,2030-S2,Diminution,51.2,26.0,51.2,22.8
z_34.5_33.0,2023,1,2023-S1,Augmentation,60.5,60.5,14.1,25.5
z_34.5_33.0,2023,2,2023-S2,Augmentation,50.7,50.7,25.1,24.2
z_34.5_33.0,2024,1,2024-S1,Augmentation,58.1,58.1,14.9,27.0
z_34.5_33.0,2024,2,2024-S2,Augmentation,61.3,61.3,18.0,20.7
z_34.5_33.0,2025,1,2025-S1,Augmentation,59.6,59.6,15.6,24.8
z_34.5_33.0,2025,2,2025-S2,Augmentation,60.6,60.6,17.7,21.7
z_34.5_33.0,2026,1,2026-S1,Augmentation,46.9,46.9,22.7,30.4
z_34.5_33.0,2026,2,2026-S2,Augmentation,47.2,47.2,27.5,25.3
z_34.5_33.0,2027,1,2027-S1,Augmentation,60.9,60.9,15.0,24.1
z_34.5_33.0,2027,2,2027-S2,Augmentation,57.6,57.6,18.3,24.1
z_34.5_33.0,2028,1,2028-S1,Augmentation,60.4,60.4,15.1,24.4
z_34.5_33.0,2028,2,2028-S2,Augmentation,56.5,56.5,19.2,24.3
z_34.5_33.0,2029,1,2029-S1,Augmentation,60.2,60.2,13.9,25.9
z_34.5_33.0,2029,2,2029-S2,Augmentation,58.0,58.0,17.8,24.2
z_34.5_33.0,2030,1,2030-S1,Augmentation,59.3,59.3,13.4,27.3
z_34.5_33.0,2030,2,2030-S2,Augmentation,58.5,58.5,16.5,25.0
z_36.0_-1.5,2023,1,2023-S1,Stable,49.4,27.5,23.2,49.4
z_36.0_-1.5,2023,2,2023-S2,Diminution,47.1,23.1,47.1,29.8
z_36.0_-1.5,2024,1,2024-S1,Diminution,45.1,24.6,45.1,30.2
z_36.0_-1.5,2024,2,2024-S2,Diminution,46.9,21.0,46.9,32.2
z_36.0_-1.5,2025,1,2025-S1,Diminution,47.9,22.7,47.9,29.4
z_36.0_-1.5,2025,2,2025-S2,Diminution,41.3,26.2,41.3,32.5
z_36.0_-1.5,2026,1,2026-S1,Diminution,42.7,20.4,42.7,36.9
z_36.0_-1.5,2026,2,2026-S2,Diminution,50.0,20.2,50.0,29.7
z_36.0_-1.5,2027,1,2027-S1,Diminution,46.7,19.8,46.7,33.4
z_36.0_-1.5,2027,2,2027-S2,Diminution,49.0,25.8,49.0,25.2
z_36.0_-1.5,2028,1,2028-S1,Diminution,46.1,21.5,46.1,32.4
z_36.0_-1.5,2028,2,2028-S2,Diminution,48.9,22.5,48.9,28.6
z_36.0_-1.5,2029,1,2029-S1,Diminution,47.9,22.7,47.9,29.4
z_36.0_-1.5,2029,2,2029-S2,Diminution,48.9,22.5,48.9,28.6
z_36.0_-1.5,2030,1,2030-S1,Diminution,47.9,22.7,47.9,29.4
z_36.0_-1.5,2030,2,2030-S2,Diminution,48.9,22.5,48.9,28.6
z_36.0_-10.5,2023,1,2023-S1,Stable,49.4,32.0,18.7,49.4
z_36.0_-10.5,2023,2,2023-S2,Stable,40.9,38.6,20.5,40.9
z_36.0_-10.5,2024,1,2024-S1,Stable,46.8,37.5,15.7,46.8
z_36.0_-10.5,2024,2,2024-S2,Diminution,40.0,25.2,40.0,34.8
z_36.0_-10.5,2025,1,2025-S1,Stable,45.1,36.9,18.0,45.1
z_36.0_-10.5,2025,2,2025-S2,Stable,42.0,37.4,20.7,42.0
z_36.0_-10.5,2026,1,2026-S1,Stable,43.3,41.2,15.6,43.3
z_36.0_-10.5,2026,2,2026-S2,Stable,42.8,28.7,28.5,42.8
z_36.0_-10.5,2027,1,2027-S1,Stable,47.5,33.7,18.8,47.5
z_36.0_-10.5,2027,2,2027-S2,Stable,42.8,26.2,31.0,42.8
z_36.0_-10.5,2028,1,2028-S1,Stable,44.6,37.2,18.1,44.6
z_36.0_-10.5,2028,2,2028-S2,Stable,44.7,25.4,29.9,44.7
z_36.0_-10.5,2029,1,2029-S1,Stable,45.8,36.7,17.5,45.8
z_36.0_-10.5,2029,2,2029-S2,Stable,44.5,25.2,30.3,44.5
z_36.0_-10.5,2030,1,2030-S1,Stable,47.8,35.1,17.1,47.8
z_36.0_-10.5,2030,2,2030-S2,Stable,44.1,25.1,30.8,44.1
z_36.0_-12.0,2023,1,2023-S1,Diminution,89.1,0.8,89.1,10.1
z_36.0_-12.0,2023,2,2023-S2,Diminution,87.9,0.9,87.9,11.2
z_36.0_-12.0,2024,1,2024-S1,Diminution,89.5,2.1,89.5,8.5
z_36.0_-12.0,2024,2,2024-S2,Diminution,80.4,1.9,80.4,17.7
z_36.0_-12.0,2025,1,2025-S1,Diminution,86.1,4.9,86.1,9.0
z_36.0_-12.0,2025,2,2025-S2,Diminution,80.7,4.1,80.7,15.2
z_36.0_-12.0,2026,1,2026-S1,Diminution,84.5,2.8,84.5,12.6
z_36.0_-12.0,2026,2,2026-S2,Diminution,83.6,3.0,83.6,13.4
z_36.0_-12.0,2027,1,2027-S1,Diminution,89.1,0.8,89.1,10.1
z_36.0_-12.0,2027,2,2027-S2,Diminution,87.9,0.9,87.9,11.2
z_36.0_-12.0,2028,1,2028-S1,Diminution,89.1,0.8,89.1,10.1
z_36.0_-12.0,2028,2,2028-S2,Diminution,87.9,0.9,87.9,11.2
z_36.0_-12.0,2029,1,2029-S1,Diminution,89.1,0.8,89.1,10.1
z_36.0_-12.0,2029,2,2029-S2,Diminution,87.9,0.9,87.9,11.2
z_36.0_-12.0,2030,1,2030-S1,Diminution,89.1,0.8,89.1,10.1
z_36.0_-12.0,2030,2,2030-S2,Diminution,87.9,0.9,87.9,11.2
z_36.0_-22.5,2023,1,2023-S1,Diminution,87.6,1.3,87.6,11.0
z_36.0_-22.5,2023,2,2023-S2,Diminution,87.1,1.5,87.1,11.4
z_36.0_-22.5,2024,1,2024-S1,Diminution,87.6,1.3,87.6,11.0
z_36.0_-22.5,2024,2,2024-S2,Diminution,87.1,1.5,87.1,11.4
z_36.0_-22.5,2025,1,2025-S1,Diminution,87.6,1.3,87.6,11.0
z_36.0_-22.5,2025,2,2025-S2,Diminution,84.7,3.0,84.7,12.3
z_36.0_-22.5,2026,1,2026-S1,Diminution,73.2,2.4,73.2,24.4
z_36.0_-22.5,2026,2,2026-S2,Diminution,85.1,3.5,85.1,11.4
z_36.0_-22.5,2027,1,2027-S1,Diminution,78.6,4.6,78.6,16.8
z_36.0_-22.5,2027,2,2027-S2,Diminution,82.2,4.1,82.2,13.7
z_36.0_-22.5,2028,1,2028-S1,Diminution,82.7,2.9,82.7,14.4
z_36.0_-22.5,2028,2,2028-S2,Diminution,87.1,1.5,87.1,11.4
z_36.0_-22.5,2029,1,2029-S1,Diminution,87.6,1.3,87.6,11.0
z_36.0_-22.5,2029,2,2029-S2,Diminution,87.1,1.5,87.1,11.4
z_36.0_-22.5,2030,1,2030-S1,Diminution,87.6,1.3,87.6,11.0
z_36.0_-22.5,2030,2,2030-S2,Diminution,87.1,1.5,87.1,11.4
z_36.0_-3.0,2023,1,2023-S1,Augmentation,62.2,62.2,16.6,21.3
z_36.0_-3.0,2023,2,2023-S2,Augmentation,73.7,73.7,9.2,17.2
z_36.0_-3.0,2024,1,2024-S1,Augmentation,64.0,64.0,13.9,22.1
z_36.0_-3.0,2024,2,2024-S2,Augmentation,66.0,66.0,17.7,16.3
z_36.0_-3.0,2025,1,2025-S1,Augmentation,59.6,59.6,16.4,24.0
z_36.0_-3.0,2025,2,2025-S2,Augmentation,62.3,62.3,16.0,21.6
z_36.0_-3.0,2026,1,2026-S1,Augmentation,64.2,64.2,13.9,21.9
z_36.0_-3.0,2026,2,2026-S2,Augmentation,66.7,66.7,11.6,21.7
z_36.0_-3.0,2027,1,2027-S1,Augmentation,66.3,66.3,14.3,19.4
z_36.0_-3.0,2027,2,2027-S2,Augmentation,70.8,70.8,12.9,16.3
z_36.0_-3.0,2028,1,2028-S1,Augmentation,65.5,65.5,14.2,20.3
z_36.0_-3.0,2028,2,2028-S2,Augmentation,72.3,72.3,11.2,16.5
z_36.0_-3.0,2029,1,2029-S1,Augmentation,66.3,66.3,12.2,21.5
z_36.0_-3.0,2029,2,2029-S2,Augmentation,72.3,72.3,10.8,16.9
z_36.0_-3.0,2030,1,2030-S1,Augmentation,66.7,66.7,12.1,21.2
z_36.0_-3.0,2030,2,2030-S2,Augmentation,72.4,72.4,10.7,16.9
z_36.0_-36.0,2023,1,2023-S1,Diminution,89.0,1.1,89.0,9.9
z_36.0_-36.0,2023,2,2023-S2,Diminution,89.1,0.9,89.1,10.0
z_36.0_-36.0,2024,1,2024-S1,Diminution,89.0,1.1,89.0,9.9
z_36.0_-36.0,2024,2,2024-S2,Diminution,90.3,1.5,90.3,8.2
z_36.0_-36.0,2025,1,2025-S1,Diminution,75.7,1.4,75.7,23.0
z_36.0_-36.0,2025,2,2025-S2,Diminution,87.0,4.1,87.0,8.9
z_36.0_-36.0,2026,1,2026-S1,Diminution,84.1,3.2,84.1,12.7
z_36.0_-36.0,2026,2,2026-S2,Diminution,83.2,2.4,83.2,14.4
z_36.0_-36.0,2027,1,2027-S1,Diminution,85.0,4.5,85.0,10.5
z_36.0_-36.0,2027,2,2027-S2,Diminution,89.1,0.9,89.1,10.0
z_36.0_-36.0,2028,1,2028-S1,Diminution,89.0,1.1,89.0,9.9
z_36.0_-36.0,2028,2,2028-S2,Diminution,89.1,0.9,89.1,10.0
z_36.0_-36.0,2029,1,2029-S1,Diminution,89.0,1.1,89.0,9.9
z_36.0_-36.0,2029,2,2029-S2,Diminution,89.1,0.9,89.1,10.0
z_36.0_-36.0,2030,1,2030-S1,Diminution,89.0,1.1,89.0,9.9
z_36.0_-36.0,2030,2,2030-S2,Diminution,89.1,0.9,89.1,10.0
z_36.0_-4.5,2023,1,2023-S1,Stable,40.8,29.4,29.8,40.8
z_36.0_-4.5,2023,2,2023-S2,Stable,42.5,22.1,35.4,42.5
z_36.0_-4.5,2024,1,2024-S1,Stable,43.4,36.6,20.0,43.4
z_36.0_-4.5,2024,2,2024-S2,Augmentation,41.1,41.1,17.9,41.0
z_36.0_-4.5,2025,1,2025-S1,Stable,39.3,24.2,36.5,39.3
z_36.0_-4.5,2025,2,2025-S2,Stable,40.6,34.4,25.0,40.6
z_36.0_-4.5,2026,1,2026-S1,Stable,38.9,22.7,38.4,38.9
z_36.0_-4.5,2026,2,2026-S2,Diminution,41.6,21.6,41.6,36.8
z_36.0_-4.5,2027,1,2027-S1,Stable,40.6,20.5,38.8,40.6
z_36.0_-4.5,2027,2,2027-S2,Stable,44.2,19.4,36.4,44.2
z_36.0_-4.5,2028,1,2028-S1,Stable,39.7,22.2,38.1,39.7
z_36.0_-4.5,2028,2,2028-S2,Stable,44.7,16.9,38.4,44.7
z_36.0_-4.5,2029,1,2029-S1,Stable,40.3,20.3,39.4,40.3
z_36.0_-4.5,2029,2,2029-S2,Stable,42.7,18.3,39.0,42.7
z_36.0_-4.5,2030,1,2030-S1,Stable,40.3,20.3,39.4,40.3
z_36.0_-4.5,2030,2,2030-S2,Stable,42.7,18.3,39.0,42.7
z_36.0_-6.0,2023,1,2023-S1,Augmentation,46.6,46.6,17.2,36.2
z_36.0_-6.0,2023,2,2023-S2,Augmentation,58.1,58.1,17.8,24.2
z_36.0_-6.0,2024,1,2024-S1,Augmentation,43.1,43.1,26.8,30.1
z_36.0_-6.0,2024,2,2024-S2,Augmentation,50.2,50.2,30.6,19.2
z_36.0_-6.0,2025,1,2025-S1,Diminution,41.1,34.9,41.1,24.0
z_36.0_-6.0,2025,2,2025-S2,Augmentation,46.5,46.5,33.2,20.3
z_36.0_-6.0,2026,1,2026-S1,Diminution,37.5,35.1,37.5,27.4
z_36.0_-6.0,2026,2,2026-S2,Augmentation,46.3,46.3,34.6,19.1
z_36.0_-6.0,2027,1,2027-S1,Augmentation,42.1,42.1,32.7,25.2
z_36.0_-6.0,2027,2,2027-S2,Augmentation,44.9,44.9,30.7,24.4
z_36.0_-6.0,2028,1,2028-S1,Augmentation,41.5,41.5,33.9,24.5
z_36.0_-6.0,2028,2,2028-S2,Augmentation,47.6,47.6,30.1,22.3
z_36.0_-6.0,2029,1,2029-S1,Augmentation,40.3,40.3,33.7,26.0
z_36.0_-6.0,2029,2,2029-S2,Augmentation,48.4,48.4,29.3,22.3
z_36.0_-6.0,2030,1,2030-S1,Augmentation,42.0,42.0,32.5,25.5
z_36.0_-6.0,2030,2,2030-S2,Augmentation,49.2,49.2,29.3,21.6
z_36.0_-7.5,2023,1,2023-S1,Augmentation,71.2,71.2,9.1,19.7
z_36.0_-7.5,2023,2,2023-S2,Augmentation,73.0,73.0,13.6,13.4
z_36.0_-7.5,2024,1,2024-S1,Augmentation,71.1,71.1,14.3,14.6
z_36.0_-7.5,2024,2,2024-S2,Augmentation,70.3,70.3,15.3,14.4
z_36.0_-7.5,2025,1,2025-S1,Augmentation,60.6,60.6,15.7,23.7
z_36.0_-7.5,2025,2,2025-S2,Augmentation,73.2,73.2,10.9,15.8
z_36.0_-7.5,2026,1,2026-S1,Augmentation,59.9,59.9,11.5,28.6
z_36.0_-7.5,2026,2,2026-S2,Augmentation,64.7,64.7,17.8,17.5
z_36.0_-7.5,2027,1,2027-S1,Augmentation,67.2,67.2,14.0,18.8
z_36.0_-7.5,2027,2,2027-S2,Augmentation,64.7,64.7,13.8,21.4
z_36.0_-7.5,2028,1,2028-S1,Augmentation,62.6,62.6,15.3,22.1
z_36.0_-7.5,2028,2,2028-S2,Augmentation,69.6,69.6,13.2,17.2
z_36.0_-7.5,2029,1,2029-S1,Augmentation,66.9,66.9,12.8,20.4
z_36.0_-7.5,2029,2,2029-S2,Augmentation,73.3,73.3,13.2,13.5
z_36.0_-7.5,2030,1,2030-S1,Augmentation,73.4,73.4,11.1,15.5
z_36.0_-7.5,2030,2,2030-S2,Augmentation,74.3,74.3,11.3,14.5
z_36.0_-9.0,2023,1,2023-S1,Augmentation,39.1,39.1,23.8,37.2
z_36.0_-9.0,2023,2,2023-S2,Augmentation,43.3,43.3,17.7,39.0
z_36.0_-9.0,2024,1,2024-S1,Augmentation,61.6,61.6,12.1,26.4
z_36.0_-9.0,2024,2,2024-S2,Augmentation,64.6,64.6,13.6,21.8
z_36.0_-9.0,2025,1,2025-S1,Augmentation,64.5,64.5,14.8,20.8
z_36.0_-9.0,2025,2,2025-S2,Augmentation,53.1,53.1,18.1,28.7
z_36.0_-9.0,2026,1,2026-S1,Stable,38.1,37.8,24.1,38.1
z_36.0_-9.0,2026,2,2026-S2,Augmentation,57.8,57.8,17.7,24.5
z_36.0_-9.0,2027,1,2027-S1,Augmentation,52.7,52.7,16.3,31.0
z_36.0_-9.0,2027,2,2027-S2,Augmentation,61.0,61.0,16.0,23.0
z_36.0_-9.0,2028,1,2028-S1,Augmentation,64.2,64.2,15.3,20.5
z_36.0_-9.0,2028,2,2028-S2,Augmentation,69.4,69.4,13.4,17.1
z_36.0_-9.0,2029,1,2029-S1,Augmentation,65.5,65.5,14.5,20.0
z_36.0_-9.0,2029,2,2029-S2,Augmentation,70.2,70.2,12.7,17.1
z_36.0_-9.0,2030,1,2030-S1,Augmentation,65.9,65.9,13.7,20.4
z_36.0_-9.0,2030,2,2030-S2,Augmentation,69.9,69.9,12.9,17.1
z_36.0_0.0,2023,1,2023-S1,Diminution,47.4,19.0,47.4,33.6
z_36.0_0.0,2023,2,2023-S2,Diminution,48.4,15.0,48.4,36.6
z_36.0_0.0,2024,1,2024-S1,Diminution,49.8,10.0,49.8,40.3
z_36.0_0.0,2024,2,2024-S2,Diminution,51.0,12.3,51.0,36.8
z_36.0_0.0,2025,1,2025-S1,Diminution,39.9,22.6,39.9,37.5
z_36.0_0.0,2025,2,2025-S2,Stable,43.1,15.8,41.1,43.1
z_36.0_0.0,2026,1,2026-S1,Diminution,50.3,11.1,50.3,38.6
z_36.0_0.0,2026,2,2026-S2,Diminution,46.4,11.9,46.4,41.8
z_36.0_0.0,2027,1,2027-S1,Diminution,53.5,11.5,53.5,35.0
z_36.0_0.0,2027,2,2027-S2,Diminution,49.4,10.9,49.4,39.7
z_36.0_0.0,2028,1,2028-S1,Diminution,47.7,11.3,47.7,41.1
z_36.0_0.0,2028,2,2028-S2,Diminution,47.7,12.5,47.7,39.9
z_36.0_0.0,2029,1,2029-S1,Diminution,47.7,11.3,47.7,41.1
z_36.0_0.0,2029,2,2029-S2,Diminution,47.7,12.5,47.7,39.9
z_36.0_0.0,2030,1,2030-S1,Diminution,47.7,11.3,47.7,41.1
z_36.0_0.0,2030,2,2030-S2,Diminution,47.7,12.5,47.7,39.9
z_36.0_10.5,2023,1,2023-S1,Augmentation,49.9,49.9,16.2,34.0
z_36.0_10.5,2023,2,2023-S2,Stable,39.5,34.6,25.9,39.5
z_36.0_10.5,2024,1,2024-S1,Stable,40.8,40.3,19.0,40.8
z_36.0_10.5,2024,2,2024-S2,Stable,40.5,36.0,23.5,40.5
z_36.0_10.5,2025,1,2025-S1,Stable,44.6,34.7,20.7,44.6
z_36.0_10.5,2025,2,2025-S2,Stable,36.5,27.8,35.8,36.5
z_36.0_10.5,2026,1,2026-S1,Augmentation,41.2,41.2,22.2,36.6
z_36.0_10.5,2026,2,2026-S2,Stable,39.7,28.5,31.8,39.7
z_36.0_10.5,2027,1,2027-S1,Stable,40.1,40.0,19.8,40.1
z_36.0_10.5,2027,2,2027-S2,Stable,39.4,29.9,30.7,39.4
z_36.0_10.5,2028,1,2028-S1,Augmentation,40.7,40.7,20.9,38.4
z_36.0_10.5,2028,2,2028-S2,Stable,37.4,31.2,31.4,37.4
z_36.0_10.5,2029,1,2029-S1,Augmentation,40.3,40.3,20.9,38.8
z_36.0_10.5,2029,2,2029-S2,Stable,37.4,31.0,31.6,37.4
z_36.0_10.5,2030,1,2030-S1,Augmentation,40.6,40.6,21.0,38.4
z_36.0_10.5,2030,2,2030-S2,Stable,37.3,31.1,31.5,37.3
z_36.0_12.0,2023,1,2023-S1,Stable,41.3,37.2,21.4,41.3
z_36.0_12.0,2023,2,2023-S2,Stable,43.2,32.5,24.3,43.2
z_36.0_12.0,2024,1,2024-S1,Stable,45.1,33.5,21.4,45.1
z_36.0_12.0,2024,2,2024-S2,Augmentation,44.7,44.7,19.3,36.0
z_36.0_12.0,2025,1,2025-S1,Augmentation,42.5,42.5,16.6,41.0
z_36.0_12.0,2025,2,2025-S2,Augmentation,47.1,47.1,17.2,35.7
z_36.0_12.0,2026,1,2026-S1,Augmentation,42.2,42.2,19.7,38.1
z_36.0_12.0,2026,2,2026-S2,Augmentation,50.7,50.7,17.6,31.7
z_36.0_12.0,2027,1,2027-S1,Augmentation,42.0,42.0,19.1,38.9
z_36.0_12.0,2027,2,2027-S2,Augmentation,46.5,46.5,19.8,33.7
z_36.0_12.0,2028,1,2028-S1,Augmentation,41.6,41.6,18.9,39.4
z_36.0_12.0,2028,2,2028-S2,Augmentation,47.8,47.8,18.1,34.0
z_36.0_12.0,2029,1,2029-S1,Augmentation,47.6,47.6,16.3,36.1
z_36.0_12.0,2029,2,2029-S2,Augmentation,54.4,54.4,15.3,30.4
z_36.0_12.0,2030,1,2030-S1,Augmentation,48.6,48.6,16.0,35.4
z_36.0_12.0,2030,2,2030-S2,Augmentation,54.2,54.2,15.3,30.5
z_36.0_13.5,2023,1,2023-S1,Augmentation,57.5,57.5,19.9,22.7
z_36.0_13.5,2023,2,2023-S2,Augmentation,68.9,68.9,11.8,19.3
z_36.0_13.5,2024,1,2024-S1,Augmentation,58.1,58.1,17.6,24.3
z_36.0_13.5,2024,2,2024-S2,Augmentation,61.4,61.4,18.4,20.1
z_36.0_13.5,2025,1,2025-S1,Augmentation,69.0,69.0,11.6,19.4
z_36.0_13.5,2025,2,2025-S2,Augmentation,62.2,62.2,14.2,23.6
z_36.0_13.5,2026,1,2026-S1,Augmentation,44.1,44.1,30.8,25.2
z_36.0_13.5,2026,2,2026-S2,Augmentation,61.1,61.1,19.1,19.9
z_36.0_13.5,2027,1,2027-S1,Augmentation,53.8,53.8,20.1,26.1
z_36.0_13.5,2027,2,2027-S2,Augmentation,57.6,57.6,18.3,24.1
z_36.0_13.5,2028,1,2028-S1,Augmentation,62.9,62.9,18.1,19.0
z_36.0_13.5,2028,2,2028-S2,Augmentation,67.6,67.6,15.0,17.4
z_36.0_13.5,2029,1,2029-S1,Augmentation,60.3,60.3,18.9,20.8
z_36.0_13.5,2029,2,2029-S2,Augmentation,67.2,67.2,14.5,18.3
z_36.0_13.5,2030,1,2030-S1,Augmentation,61.8,61.8,16.4,21.9
z_36.0_13.5,2030,2,2030-S2,Augmentation,68.8,68.8,12.6,18.6
z_36.0_15.0,2023,1,2023-S1,Augmentation,38.1,38.1,31.9,30.0
z_36.0_15.0,2023,2,2023-S2,Augmentation,39.0,39.0,37.5,23.5
z_36.0_15.0,2024,1,2024-S1,Augmentation,42.0,42.0,26.1,31.9
z_36.0_15.0,2024,2,2024-S2,Augmentation,57.4,57.4,15.9,26.7
z_36.0_15.0,2025,1,2025-S1,Augmentation,58.6,58.6,12.3,29.0
z_36.0_15.0,2025,2,2025-S2,Augmentation,68.3,68.3,12.1,19.6
z_36.0_15.0,2026,1,2026-S1,Augmentation,52.9,52.9,22.1,25.0
z_36.0_15.0,2026,2,2026-S2,Augmentation,51.0,51.0,25.6,23.5
z_36.0_15.0,2027,1,2027-S1,Augmentation,54.9,54.9,19.6,25.5
z_36.0_15.0,2027,2,2027-S2,Augmentation,54.8,54.8,16.7,28.5
z_36.0_15.0,2028,1,2028-S1,Augmentation,53.4,53.4,20.1,26.5
z_36.0_15.0,2028,2,2028-S2,Augmentation,61.0,61.0,17.5,21.5
z_36.0_15.0,2029,1,2029-S1,Augmentation,57.4,57.4,17.0,25.6
z_36.0_15.0,2029,2,2029-S2,Augmentation,61.0,61.0,17.0,22.0
z_36.0_15.0,2030,1,2030-S1,Augmentation,58.9,58.9,16.7,24.3
z_36.0_15.0,2030,2,2030-S2,Augmentation,63.8,63.8,15.8,20.5
z_36.0_16.5,2023,1,2023-S1,Stable,48.6,16.2,35.2,48.6
z_36.0_16.5,2023,2,2023-S2,Diminution,87.1,3.5,87.1,9.5
z_36.0_16.5,2024,1,2024-S1,Stable,43.9,15.8,40.3,43.9
z_36.0_16.5,2024,2,2024-S2,Diminution,75.1,5.6,75.1,19.4
z_36.0_16.5,2025,1,2025-S1,Stable,45.9,14.0,40.1,45.9
z_36.0_16.5,2025,2,2025-S2,Diminution,78.6,7.1,78.6,14.3
z_36.0_16.5,2026,1,2026-S1,Diminution,46.8,12.8,46.8,40.4
z_36.0_16.5,2026,2,2026-S2,Diminution,83.9,5.4,83.9,10.8
z_36.0_16.5,2027,1,2027-S1,Diminution,42.3,16.6,42.3,41.2
z_36.0_16.5,2027,2,2027-S2,Diminution,84.4,3.9,84.4,11.8
z_36.0_16.5,2028,1,2028-S1,Diminution,42.4,18.1,42.4,39.6
z_36.0_16.5,2028,2,2028-S2,Diminution,89.1,1.2,89.1,9.6
z_36.0_16.5,2029,1,2029-S1,Diminution,44.3,19.6,44.3,36.1
z_36.0_16.5,2029,2,2029-S2,Diminution,89.1,1.2,89.1,9.6
z_36.0_16.5,2030,1,2030-S1,Diminution,44.3,19.6,44.3,36.1
z_36.0_16.5,2030,2,2030-S2,Diminution,89.1,1.2,89.1,9.6
z_36.0_18.0,2023,1,2023-S1,Diminution,57.6,10.4,57.6,32.0
z_36.0_18.0,2023,2,2023-S2,Diminution,43.7,24.2,43.7,32.1
z_36.0_18.0,2024,1,2024-S1,Stable,48.4,17.2,34.4,48.4
z_36.0_18.0,2024,2,2024-S2,Diminution,53.1,10.2,53.1,36.6
z_36.0_18.0,2025,1,2025-S1,Diminution,47.8,10.1,47.8,42.1
z_36.0_18.0,2025,2,2025-S2,Diminution,58.4,10.2,58.4,31.4
z_36.0_18.0,2026,1,2026-S1,Diminution,51.1,9.0,51.1,39.8
z_36.0_18.0,2026,2,2026-S2,Diminution,54.2,10.6,54.2,35.1
z_36.0_18.0,2027,1,2027-S1,Diminution,53.8,10.2,53.8,36.0
z_36.0_18.0,2027,2,2027-S2,Diminution,54.2,10.6,54.2,35.1
z_36.0_18.0,2028,1,2028-S1,Diminution,53.8,10.2,53.8,36.0
z_36.0_18.0,2028,2,2028-S2,Diminution,54.2,10.6,54.2,35.1
z_36.0_18.0,2029,1,2029-S1,Diminution,53.8,10.2,53.8,36.0
z_36.0_18.0,2029,2,2029-S2,Diminution,54.2,10.6,54.2,35.1
z_36.0_18.0,2030,1,2030-S1,Diminution,53.8,10.2,53.8,36.0
z_36.0_18.0,2030,2,2030-S2,Diminution,54.2,10.6,54.2,35.1
z_36.0_19.5,2023,1,2023-S1,Diminution,56.7,13.7,56.7,29.6
z_36.0_19.5,2023,2,2023-S2,Diminution,51.2,8.3,51.2,40.6
z_36.0_19.5,2024,1,2024-S1,Diminution,63.8,5.1,63.8,31.1
z_36.0_19.5,2024,2,2024-S2,Diminution,56.3,7.6,56.3,36.1
z_36.0_19.5,2025,1,2025-S1,Diminution,67.4,5.5,67.4,27.1
z_36.0_19.5,2025,2,2025-S2,Diminution,69.7,4.3,69.7,26.0
z_36.0_19.5,2026,1,2026-S1,Diminution,69.7,6.2,69.7,24.1
z_36.0_19.5,2026,2,2026-S2,Diminution,64.7,6.6,64.7,28.7
z_36.0_19.5,2027,1,2027-S1,Diminution,68.8,5.1,68.8,26.1
z_36.0_19.5,2027,2,2027-S2,Diminution,68.6,6.3,68.6,25.2
z_36.0_19.5,2028,1,2028-S1,Diminution,69.4,5.9,69.4,24.8
z_36.0_19.5,2028,2,2028-S2,Diminution,72.2,4.3,72.2,23.5
z_36.0_19.5,2029,1,2029-S1,Diminution,70.0,3.4,70.0,26.5
z_36.0_19.5,2029,2,2029-S2,Diminution,72.1,3.4,72.1,24.4
z_36.0_19.5,2030,1,2030-S1,Diminution,70.0,3.4,70.0,26.5
z_36.0_19.5,2030,2,2030-S2,Diminution,72.1,3.4,72.1,24.4
z_36.0_21.0,2023,1,2023-S1,Stable,55.5,23.7,20.8,55.5
z_36.0_21.0,2023,2,2023-S2,Stable,44.9,20.4,34.7,44.9
z_36.0_21.0,2024,1,2024-S1,Stable,52.6,23.6,23.9,52.6
z_36.0_21.0,2024,2,2024-S2,Augmentation,42.5,42.5,18.8,38.7
z_36.0_21.0,2025,1,2025-S1,Stable,45.4,39.3,15.3,45.4
z_36.0_21.0,2025,2,2025-S2,Stable,48.2,17.9,33.9,48.2
z_36.0_21.0,2026,1,2026-S1,Stable,57.6,22.8,19.6,57.6
z_36.0_21.0,2026,2,2026-S2,Stable,53.8,11.8,34.4,53.8
z_36.0_21.0,2027,1,2027-S1,Stable,62.0,19.2,18.8,62.0
z_36.0_21.0,2027,2,2027-S2,Diminution,44.2,14.1,44.2,41.8
z_36.0_21.0,2028,1,2028-S1,Stable,58.4,16.0,25.6,58.4
z_36.0_21.0,2028,2,2028-S2,Stable,43.8,12.7,43.5,43.8
z_36.0_21.0,2029,1,2029-S1,Stable,58.8,19.1,22.1,58.8
z_36.0_21.0,2029,2,2029-S2,Stable,43.4,14.6,42.1,43.4
z_36.0_21.0,2030,1,2030-S1,Stable,58.8,19.1,22.2,58.8
z_36.0_21.0,2030,2,2030-S2,Stable,43.4,14.6,42.1,43.4
z_36.0_22.5,2023,1,2023-S1,Augmentation,50.7,50.7,22.4,26.9
z_36.0_22.5,2023,2,2023-S2,Augmentation,54.5,54.5,22.2,23.3
z_36.0_22.5,2024,1,2024-S1,Augmentation,63.6,63.6,11.7,24.7
z_36.0_22.5,2024,2,2024-S2,Augmentation,58.7,58.7,16.1,25.2
z_36.0_22.5,2025,1,2025-S1,Augmentation,62.8,62.8,14.2,22.9
z_36.0_22.5,2025,2,2025-S2,Augmentation,54.3,54.3,26.2,19.5
z_36.0_22.5,2026,1,2026-S1,Augmentation,58.1,58.1,21.2,20.7
z_36.0_22.5,2026,2,2026-S2,Augmentation,53.7,53.7,23.8,22.6
z_36.0_22.5,2027,1,2027-S1,Augmentation,61.8,61.8,14.2,24.0
z_36.0_22.5,2027,2,2027-S2,Augmentation,56.4,56.4,20.9,22.7
z_36.0_22.5,2028,1,2028-S1,Augmentation,61.9,61.9,16.1,22.1
z_36.0_22.5,2028,2,2028-S2,Augmentation,58.7,58.7,17.9,23.3
z_36.0_22.5,2029,1,2029-S1,Augmentation,63.6,63.6,13.4,23.1
z_36.0_22.5,2029,2,2029-S2,Augmentation,60.3,60.3,15.7,24.0
z_36.0_22.5,2030,1,2030-S1,Augmentation,63.6,63.6,13.2,23.2
z_36.0_22.5,2030,2,2030-S2,Augmentation,59.2,59.2,15.0,25.8
z_36.0_24.0,2023,1,2023-S1,Augmentation,67.9,67.9,10.9,21.2
z_36.0_24.0,2023,2,2023-S2,Augmentation,69.6,69.6,10.3,20.1
z_36.0_24.0,2024,1,2024-S1,Augmentation,66.4,66.4,12.2,21.4
z_36.0_24.0,2024,2,2024-S2,Augmentation,67.3,67.3,12.6,20.1
z_36.0_24.0,2025,1,2025-S1,Augmentation,69.5,69.5,11.9,18.5
z_36.0_24.0,2025,2,2025-S2,Augmentation,74.8,74.8,10.6,14.6
z_36.0_24.0,2026,1,2026-S1,Augmentation,56.7,56.7,15.3,28.0
z_36.0_24.0,2026,2,2026-S2,Augmentation,57.9,57.9,17.9,24.2
z_36.0_24.0,2027,1,2027-S1,Augmentation,64.5,64.5,15.3,20.2
z_36.0_24.0,2027,2,2027-S2,Augmentation,73.1,73.1,11.2,15.7
z_36.0_24.0,2028,1,2028-S1,Augmentation,76.9,76.9,9.1,14.0
z_36.0_24.0,2028,2,2028-S2,Augmentation,76.7,76.7,9.7,13.6
z_36.0_24.0,2029,1,2029-S1,Augmentation,76.0,76.0,9.5,14.5
z_36.0_24.0,2029,2,2029-S2,Augmentation,75.6,75.6,9.1,15.3
z_36.0_24.0,2030,1,2030-S1,Augmentation,74.4,74.4,9.6,16.0
z_36.0_24.0,2030,2,2030-S2,Augmentation,73.8,73.8,9.7,16.4
z_36.0_25.5,2023,1,2023-S1,Augmentation,52.9,52.9,26.6,20.5
z_36.0_25.5,2023,2,2023-S2,Augmentation,43.2,43.2,32.1,24.7
z_36.0_25.5,2024,1,2024-S1,Augmentation,51.0,51.0,25.4,23.5
z_36.0_25.5,2024,2,2024-S2,Augmentation,39.2,39.2,35.3,25.5
z_36.0_25.5,2025,1,2025-S1,Augmentation,50.0,50.0,23.8,26.2
z_36.0_25.5,2025,2,2025-S2,Augmentation,55.0,55.0,19.5,25.5
z_36.0_25.5,2026,1,2026-S1,Augmentation,60.7,60.7,14.3,25.1
z_36.0_25.5,2026,2,2026-S2,Augmentation,53.1,53.1,23.9,23.0
z_36.0_25.5,2027,1,2027-S1,Augmentation,58.5,58.5,16.9,24.6
z_36.0_25.5,2027,2,2027-S2,Augmentation,53.7,53.7,20.4,25.9
z_36.0_25.5,2028,1,2028-S1,Augmentation,60.8,60.8,14.8,24.4
z_36.0_25.5,2028,2,2028-S2,Augmentation,54.7,54.7,17.7,27.7
z_36.0_25.5,2029,1,2029-S1,Augmentation,60.6,60.6,14.4,24.9
z_36.0_25.5,2029,2,2029-S2,Augmentation,53.5,53.5,17.1,29.4
z_36.0_25.5,2030,1,2030-S1,Augmentation,59.9,59.9,14.7,25.4
z_36.0_25.5,2030,2,2030-S2,Augmentation,53.9,53.9,17.3,28.8
z_36.0_27.0,2023,1,2023-S1,Augmentation,65.1,65.1,15.5,19.4
z_36.0_27.0,2023,2,2023-S2,Augmentation,58.4,58.4,16.0,25.7
z_36.0_27.0,2024,1,2024-S1,Augmentation,53.1,53.1,25.2,21.8
z_36.0_27.0,2024,2,2024-S2,Augmentation,55.4,55.4,23.3,21.3
z_36.0_27.0,2025,1,2025-S1,Augmentation,56.2,56.2,20.4,23.4
z_36.0_27.0,2025,2,2025-S2,Augmentation,41.6,41.6,37.2,21.2
z_36.0_27.0,2026,1,2026-S1,Augmentation,52.5,52.5,27.0,20.5
z_36.0_27.0,2026,2,2026-S2,Augmentation,55.4,55.4,21.9,22.7
z_36.0_27.0,2027,1,2027-S1,Augmentation,52.6,52.6,23.7,23.7
z_36.0_27.0,2027,2,2027-S2,Augmentation,59.7,59.7,19.9,20.4
z_36.0_27.0,2028,1,2028-S1,Augmentation,59.0,59.0,17.3,23.8
z_36.0_27.0,2028,2,2028-S2,Augmentation,58.4,58.4,19.2,22.4
z_36.0_27.0,2029,1,2029-S1,Augmentation,59.3,59.3,16.8,23.9
z_36.0_27.0,2029,2,2029-S2,Augmentation,59.7,59.7,17.6,22.6
z_36.0_27.0,2030,1,2030-S1,Augmentation,58.1,58.1,17.6,24.3
z_36.0_27.0,2030,2,2030-S2,Augmentation,59.3,59.3,18.4,22.3
z_36.0_30.0,2023,1,2023-S1,Diminution,56.2,10.9,56.2,32.9
z_36.0_30.0,2023,2,2023-S2,Diminution,47.8,13.0,47.8,39.2
z_36.0_30.0,2024,1,2024-S1,Diminution,63.6,7.7,63.6,28.7
z_36.0_30.0,2024,2,2024-S2,Diminution,60.8,9.4,60.8,29.7
z_36.0_30.0,2025,1,2025-S1,Diminution,66.0,6.5,66.0,27.5
z_36.0_30.0,2025,2,2025-S2,Diminution,56.8,11.1,56.8,32.1
z_36.0_30.0,2026,1,2026-S1,Diminution,50.4,10.9,50.4,38.7
z_36.0_30.0,2026,2,2026-S2,Diminution,66.2,6.6,66.2,27.2
z_36.0_30.0,2027,1,2027-S1,Diminution,59.6,9.0,59.6,31.4
z_36.0_30.0,2027,2,2027-S2,Diminution,67.6,6.7,67.6,25.7
z_36.0_30.0,2028,1,2028-S1,Diminution,64.4,6.0,64.4,29.6
z_36.0_30.0,2028,2,2028-S2,Diminution,65.0,7.0,65.0,27.9
z_36.0_30.0,2029,1,2029-S1,Diminution,63.1,6.8,63.1,30.1
z_36.0_30.0,2029,2,2029-S2,Diminution,65.0,7.0,65.0,27.9
z_36.0_30.0,2030,1,2030-S1,Diminution,63.1,6.8,63.1,30.1
z_36.0_30.0,2030,2,2030-S2,Diminution,65.0,7.0,65.0,27.9
z_36.0_34.5,2023,1,2023-S1,Augmentation,43.1,43.1,19.2,37.7
z_36.0_34.5,2023,2,2023-S2,Stable,46.2,33.6,20.1,46.2
z_36.0_34.5,2024,1,2024-S1,Stable,50.7,26.8,22.5,50.7
z_36.0_34.5,2024,2,2024-S2,Stable,38.4,37.2,24.4,38.4
z_36.0_34.5,2025,1,2025-S1,Augmentation,45.7,45.7,18.9,35.4
z_36.0_34.5,2025,2,2025-S2,Stable,39.9,39.6,20.5,39.9
z_36.0_34.5,2026,1,2026-S1,Stable,46.1,21.9,31.9,46.1
z_36.0_34.5,2026,2,2026-S2,Stable,40.2,30.3,29.5,40.2
z_36.0_34.5,2027,1,2027-S1,Stable,41.2,21.9,36.9,41.2
z_36.0_34.5,2027,2,2027-S2,Stable,43.7,23.8,32.4,43.7
z_36.0_34.5,2028,1,2028-S1,Stable,41.3,22.8,35.9,41.3
z_36.0_34.5,2028,2,2028-S2,Stable,43.7,23.8,32.4,43.7
z_36.0_34.5,2029,1,2029-S1,Stable,41.3,22.8,35.9,41.3
z_36.0_34.5,2029,2,2029-S2,Stable,43.7,23.8,32.4,43.7
z_36.0_34.5,2030,1,2030-S1,Stable,41.3,22.8,35.9,41.3
z_36.0_34.5,2030,2,2030-S2,Stable,43.7,23.8,32.4,43.7
z_36.0_36.0,2023,1,2023-S1,Diminution,53.5,4.4,53.5,42.1
z_36.0_36.0,2023,2,2023-S2,Diminution,52.1,4.2,52.1,43.7
z_36.0_36.0,2024,1,2024-S1,Diminution,53.5,4.4,53.5,42.1
z_36.0_36.0,2024,2,2024-S2,Diminution,52.1,4.2,52.1,43.7
z_36.0_36.0,2025,1,2025-S1,Diminution,53.5,4.4,53.5,42.1
z_36.0_36.0,2025,2,2025-S2,Diminution,51.4,6.8,51.4,41.8
z_36.0_36.0,2026,1,2026-S1,Diminution,45.5,10.6,45.5,43.9
z_36.0_36.0,2026,2,2026-S2,Diminution,49.7,5.3,49.7,45.0
z_36.0_36.0,2027,1,2027-S1,Diminution,51.6,5.5,51.6,42.9
z_36.0_36.0,2027,2,2027-S2,Stable,49.6,4.2,46.2,49.6
z_36.0_36.0,2028,1,2028-S1,Stable,48.7,3.5,47.8,48.7
z_36.0_36.0,2028,2,2028-S2,Diminution,52.1,4.2,52.1,43.7
z_36.0_36.0,2029,1,2029-S1,Diminution,53.5,4.4,53.5,42.1
z_36.0_36.0,2029,2,2029-S2,Diminution,52.1,4.2,52.1,43.7
z_36.0_36.0,2030,1,2030-S1,Diminution,53.5,4.4,53.5,42.1
z_36.0_36.0,2030,2,2030-S2,Diminution,52.1,4.2,52.1,43.7
z_36.0_4.5,2023,1,2023-S1,Stable,46.0,10.6,43.5,46.0
z_36.0_4.5,2023,2,2023-S2,Diminution,42.8,19.1,42.8,38.1
z_36.0_4.5,2024,1,2024-S1,Diminution,50.2,10.8,50.2,39.0
z_36.0_4.5,2024,2,2024-S2,Diminution,49.4,14.2,49.4,36.3
z_36.0_4.5,2025,1,2025-S1,Diminution,50.0,12.5,50.0,37.6
z_36.0_4.5,2025,2,2025-S2,Diminution,50.8,9.6,50.8,39.6
z_36.0_4.5,2026,1,2026-S1,Diminution,48.1,18.4,48.1,33.6
z_36.0_4.5,2026,2,2026-S2,Diminution,49.7,10.0,49.7,40.3
z_36.0_4.5,2027,1,2027-S1,Diminution,49.3,15.0,49.3,35.7
z_36.0_4.5,2027,2,2027-S2,Diminution,50.3,12.9,50.3,36.7
z_36.0_4.5,2028,1,2028-S1,Diminution,51.7,13.0,51.7,35.3
z_36.0_4.5,2028,2,2028-S2,Diminution,51.0,12.0,51.0,37.0
z_36.0_4.5,2029,1,2029-S1,Diminution,51.7,13.0,51.7,35.3
z_36.0_4.5,2029,2,2029-S2,Diminution,51.0,12.0,51.0,37.0
z_36.0_4.5,2030,1,2030-S1,Diminution,51.7,13.0,51.7,35.3
z_36.0_4.5,2030,2,2030-S2,Diminution,51.0,12.0,51.0,37.0
z_36.0_9.0,2023,1,2023-S1,Diminution,44.2,22.6,44.2,33.2
z_36.0_9.0,2023,2,2023-S2,Diminution,44.1,15.6,44.1,40.3
z_36.0_9.0,2024,1,2024-S1,Stable,44.1,15.2,40.7,44.1
z_36.0_9.0,2024,2,2024-S2,Stable,58.2,16.2,25.5,58.2
z_36.0_9.0,2025,1,2025-S1,Stable,44.7,11.5,43.8,44.7
z_36.0_9.0,2025,2,2025-S2,Diminution,41.7,22.3,41.7,36.0
z_36.0_9.0,2026,1,2026-S1,Diminution,43.7,17.0,43.7,39.3
z_36.0_9.0,2026,2,2026-S2,Diminution,46.6,16.6,46.6,36.8
z_36.0_9.0,2027,1,2027-S1,Diminution,48.0,16.2,48.0,35.8
z_36.0_9.0,2027,2,2027-S2,Diminution,47.9,14.4,47.9,37.7
z_36.0_9.0,2028,1,2028-S1,Diminution,50.2,15.0,50.2,34.8
z_36.0_9.0,2028,2,2028-S2,Diminution,47.9,14.4,47.9,37.7
z_36.0_9.0,2029,1,2029-S1,Diminution,50.2,15.0,50.2,34.8
z_36.0_9.0,2029,2,2029-S2,Diminution,47.9,14.4,47.9,37.7
z_36.0_9.0,2030,1,2030-S1,Diminution,50.2,15.0,50.2,34.8
z_36.0_9.0,2030,2,2030-S2,Diminution,47.9,14.4,47.9,37.7
z_37.5_-1.5,2023,1,2023-S1,Stable,37.2,35.7,27.1,37.2
z_37.5_-1.5,2023,2,2023-S2,Augmentation,44.3,44.3,24.4,31.3
z_37.5_-1.5,2024,1,2024-S1,Augmentation,49.5,49.5,16.9,33.6
z_37.5_-1.5,2024,2,2024-S2,Augmentation,50.3,50.3,17.4,32.3
z_37.5_-1.5,2025,1,2025-S1,Augmentation,55.2,55.2,15.6,29.2
z_37.5_-1.5,2025,2,2025-S2,Augmentation,65.6,65.6,12.0,22.3
z_37.5_-1.5,2026,1,2026-S1,Augmentation,56.2,56.2,13.9,29.9
z_37.5_-1.5,2026,2,2026-S2,Augmentation,65.8,65.8,14.7,19.5
z_37.5_-1.5,2027,1,2027-S1,Augmentation,57.1,57.1,15.6,27.3
z_37.5_-1.5,2027,2,2027-S2,Augmentation,62.6,62.6,14.6,22.8
z_37.5_-1.5,2028,1,2028-S1,Augmentation,59.5,59.5,14.9,25.6
z_37.5_-1.5,2028,2,2028-S2,Augmentation,64.9,64.9,14.4,20.7
z_37.5_-1.5,2029,1,2029-S1,Augmentation,60.4,60.4,14.7,24.9
z_37.5_-1.5,2029,2,2029-S2,Augmentation,68.0,68.0,13.9,18.1
z_37.5_-1.5,2030,1,2030-S1,Augmentation,62.7,62.7,14.5,22.8
z_37.5_-1.5,2030,2,2030-S2,Augmentation,70.6,70.6,12.6,16.8
z_37.5_-10.5,2023,1,2023-S1,Augmentation,54.0,54.0,23.6,22.5
z_37.5_-10.5,2023,2,2023-S2,Augmentation,64.3,64.3,13.8,21.9
z_37.5_-10.5,2024,1,2024-S1,Augmentation,58.7,58.7,18.6,22.6
z_37.5_-10.5,2024,2,2024-S2,Augmentation,73.0,73.0,10.4,16.5
z_37.5_-10.5,2025,1,2025-S1,Augmentation,59.1,59.1,16.5,24.4
z_37.5_-10.5,2025,2,2025-S2,Augmentation,67.0,67.0,13.1,19.9
z_37.5_-10.5,2026,1,2026-S1,Augmentation,56.3,56.3,16.4,27.4
z_37.5_-10.5,2026,2,2026-S2,Augmentation,62.5,62.5,17.3,20.2
z_37.5_-10.5,2027,1,2027-S1,Augmentation,59.0,59.0,18.1,22.9
z_37.5_-10.5,2027,2,2027-S2,Augmentation,67.2,67.2,11.8,21.0
z_37.5_-10.5,2028,1,2028-S1,Augmentation,59.2,59.2,15.6,25.2
z_37.5_-10.5,2028,2,2028-S2,Augmentation,71.6,71.6,10.9,17.5
z_37.5_-10.5,2029,1,2029-S1,Augmentation,62.7,62.7,14.6,22.7
z_37.5_-10.5,2029,2,2029-S2,Augmentation,70.6,70.6,11.4,18.0
z_37.5_-10.5,2030,1,2030-S1,Augmentation,59.9,59.9,15.1,25.0
z_37.5_-10.5,2030,2,2030-S2,Augmentation,68.8,68.8,12.5,18.7
z_37.5_-13.5,2023,1,2023-S1,Diminution,88.8,1.5,88.8,9.8
z_37.5_-13.5,2023,2,2023-S2,Diminution,78.2,2.3,78.2,19.5
z_37.5_-13.5,2024,1,2024-S1,Diminution,88.8,1.5,88.8,9.8
z_37.5_-13.5,2024,2,2024-S2,Diminution,78.2,2.3,78.2,19.5
z_37.5_-13.5,2025,1,2025-S1,Diminution,87.2,3.7,87.2,9.2
z_37.5_-13.5,2025,2,2025-S2,Diminution,73.9,5.5,73.9,20.6
z_37.5_-13.5,2026,1,2026-S1,Diminution,86.1,4.6,86.1,9.3
z_37.5_-13.5,2026,2,2026-S2,Diminution,73.9,5.3,73.9,20.9
z_37.5_-13.5,2027,1,2027-S1,Diminution,83.6,4.0,83.6,12.4
z_37.5_-13.5,2027,2,2027-S2,Diminution,76.2,4.8,76.2,19.0
z_37.5_-13.5,2028,1,2028-S1,Diminution,88.8,1.5,88.8,9.8
z_37.5_-13.5,2028,2,2028-S2,Diminution,78.2,2.3,78.2,19.5
z_37.5_-13.5,2029,1,2029-S1,Diminution,88.8,1.5,88.8,9.8
z_37.5_-13.5,2029,2,2029-S2,Diminution,78.2,2.3,78.2,19.5
z_37.5_-13.5,2030,1,2030-S1,Diminution,88.8,1.5,88.8,9.8
z_37.5_-13.5,2030,2,2030-S2,Diminution,78.2,2.3,78.2,19.5
z_37.5_-22.5,2023,1,2023-S1,Diminution,88.3,0.9,88.3,10.8
z_37.5_-22.5,2023,2,2023-S2,Diminution,88.6,1.5,88.6,9.9
z_37.5_-22.5,2024,1,2024-S1,Diminution,75.6,1.5,75.6,22.9
z_37.5_-22.5,2024,2,2024-S2,Diminution,86.4,4.0,86.4,9.6
z_37.5_-22.5,2025,1,2025-S1,Diminution,83.1,3.2,83.1,13.7
z_37.5_-22.5,2025,2,2025-S2,Diminution,78.9,4.7,78.9,16.4
z_37.5_-22.5,2026,1,2026-S1,Diminution,71.5,3.5,71.5,24.9
z_37.5_-22.5,2026,2,2026-S2,Diminution,86.4,4.0,86.4,9.6
z_37.5_-22.5,2027,1,2027-S1,Diminution,83.1,3.2,83.1,13.7
z_37.5_-22.5,2027,2,2027-S2,Diminution,84.3,2.5,84.3,13.2
z_37.5_-22.5,2028,1,2028-S1,Diminution,84.7,3.5,84.7,11.8
z_37.5_-22.5,2028,2,2028-S2,Diminution,87.9,0.8,87.9,11.3
z_37.5_-22.5,2029,1,2029-S1,Diminution,88.3,0.9,88.3,10.8
z_37.5_-22.5,2029,2,2029-S2,Diminution,87.9,0.8,87.9,11.3
z_37.5_-22.5,2030,1,2030-S1,Diminution,88.3,0.9,88.3,10.8
z_37.5_-22.5,2030,2,2030-S2,Diminution,87.9,0.8,87.9,11.3
z_37.5_-24.0,2023,1,2023-S1,Diminution,88.4,0.8,88.4,10.8
z_37.5_-24.0,2023,2,2023-S2,Diminution,87.3,0.8,87.3,12.0
z_37.5_-24.0,2024,1,2024-S1,Diminution,88.4,0.8,88.4,10.8
z_37.5_-24.0,2024,2,2024-S2,Diminution,87.3,1.6,87.3,11.1
z_37.5_-24.0,2025,1,2025-S1,Diminution,76.6,1.6,76.6,21.9
z_37.5_-24.0,2025,2,2025-S2,Diminution,85.9,3.9,85.9,10.2
z_37.5_-24.0,2026,1,2026-S1,Diminution,82.0,3.2,82.0,14.9
z_37.5_-24.0,2026,2,2026-S2,Diminution,83.1,2.9,83.1,14.0
z_37.5_-24.0,2027,1,2027-S1,Diminution,83.4,3.6,83.4,13.0
z_37.5_-24.0,2027,2,2027-S2,Diminution,87.3,0.8,87.3,12.0
z_37.5_-24.0,2028,1,2028-S1,Diminution,88.4,0.8,88.4,10.8
z_37.5_-24.0,2028,2,2028-S2,Diminution,87.3,0.8,87.3,12.0
z_37.5_-24.0,2029,1,2029-S1,Diminution,88.4,0.8,88.4,10.8
z_37.5_-24.0,2029,2,2029-S2,Diminution,87.3,0.8,87.3,12.0
z_37.5_-24.0,2030,1,2030-S1,Diminution,88.4,0.8,88.4,10.8
z_37.5_-24.0,2030,2,2030-S2,Diminution,87.3,0.8,87.3,12.0
z_37.5_-25.5,2023,1,2023-S1,Diminution,81.9,5.7,81.9,12.4
z_37.5_-25.5,2023,2,2023-S2,Diminution,65.9,9.3,65.9,24.8
z_37.5_-25.5,2024,1,2024-S1,Diminution,79.8,2.6,79.8,17.6
z_37.5_-25.5,2024,2,2024-S2,Diminution,60.5,13.2,60.5,26.3
z_37.5_-25.5,2025,1,2025-S1,Diminution,85.9,1.0,85.9,13.1
z_37.5_-25.5,2025,2,2025-S2,Diminution,66.7,9.5,66.7,23.8
z_37.5_-25.5,2026,1,2026-S1,Diminution,85.5,2.1,85.5,12.4
z_37.5_-25.5,2026,2,2026-S2,Diminution,63.2,12.1,63.2,24.7
z_37.5_-25.5,2027,1,2027-S1,Diminution,81.9,5.7,81.9,12.4
z_37.5_-25.5,2027,2,2027-S2,Diminution,65.9,9.3,65.9,24.8
z_37.5_-25.5,2028,1,2028-S1,Diminution,79.8,2.6,79.8,17.6
z_37.5_-25.5,2028,2,2028-S2,Diminution,60.5,13.2,60.5,26.3
z_37.5_-25.5,2029,1,2029-S1,Diminution,85.9,1.0,85.9,13.1
z_37.5_-25.5,2029,2,2029-S2,Diminution,66.7,9.5,66.7,23.8
z_37.5_-25.5,2030,1,2030-S1,Diminution,85.9,1.0,85.9,13.1
z_37.5_-25.5,2030,2,2030-S2,Diminution,66.7,9.5,66.7,23.8
z_37.5_-27.0,2023,1,2023-S1,Diminution,60.6,11.4,60.6,28.1
z_37.5_-27.0,2023,2,2023-S2,Stable,55.4,17.0,27.6,55.4
z_37.5_-27.0,2024,1,2024-S1,Diminution,73.6,6.8,73.6,19.6
z_37.5_-27.0,2024,2,2024-S2,Stable,57.4,17.8,24.9,57.4
z_37.5_-27.0,2025,1,2025-S1,Diminution,64.7,9.8,64.7,25.5
z_37.5_-27.0,2025,2,2025-S2,Stable,54.8,23.2,22.0,54.8
z_37.5_-27.0,2026,1,2026-S1,Stable,40.7,26.3,32.9,40.7
z_37.5_-27.0,2026,2,2026-S2,Stable,52.7,24.1,23.2,52.7
z_37.5_-27.0,2027,1,2027-S1,Diminution,49.3,18.5,49.3,32.2
z_37.5_-27.0,2027,2,2027-S2,Stable,52.7,18.4,28.9,52.7
z_37.5_-27.0,2028,1,2028-S1,Diminution,48.6,18.3,48.6,33.1
z_37.5_-27.0,2028,2,2028-S2,Stable,56.4,21.0,22.6,56.4
z_37.5_-27.0,2029,1,2029-S1,Diminution,61.3,10.6,61.3,28.1
z_37.5_-27.0,2029,2,2029-S2,Stable,57.6,18.9,23.4,57.6
z_37.5_-27.0,2030,1,2030-S1,Diminution,55.2,13.2,55.2,31.6
z_37.5_-27.0,2030,2,2030-S2,Stable,57.6,18.9,23.4,57.6
z_37.5_-28.5,2023,1,2023-S1,Diminution,49.7,21.5,49.7,28.8
z_37.5_-28.5,2023,2,2023-S2,Diminution,52.3,12.6,52.3,35.1
z_37.5_-28.5,2024,1,2024-S1,Diminution,50.6,20.0,50.6,29.4
z_37.5_-28.5,2024,2,2024-S2,Stable,53.4,18.6,28.0,53.4
z_37.5_-28.5,2025,1,2025-S1,Stable,52.9,18.5,28.6,52.9
z_37.5_-28.5,2025,2,2025-S2,Stable,50.4,12.9,36.7,50.4
z_37.5_-28.5,2026,1,2026-S1,Stable,50.8,18.8,30.4,50.8
z_37.5_-28.5,2026,2,2026-S2,Stable,47.3,22.4,30.2,47.3
z_37.5_-28.5,2027,1,2027-S1,Stable,51.3,21.9,26.8,51.3
z_37.5_-28.5,2027,2,2027-S2,Stable,51.9,20.8,27.3,51.9
z_37.5_-28.5,2028,1,2028-S1,Stable,50.0,20.2,29.8,50.0
z_37.5_-28.5,2028,2,2028-S2,Stable,50.1,22.6,27.2,50.1
z_37.5_-28.5,2029,1,2029-S1,Stable,50.8,22.8,26.4,50.8
z_37.5_-28.5,2029,2,2029-S2,Stable,50.1,22.6,27.2,50.1
z_37.5_-28.5,2030,1,2030-S1,Stable,50.8,22.8,26.4,50.8
z_37.5_-28.5,2030,2,2030-S2,Stable,50.1,22.6,27.2,50.1
z_37.5_-30.0,2023,1,2023-S1,Diminution,64.8,5.0,64.8,30.3
z_37.5_-30.0,2023,2,2023-S2,Diminution,78.7,2.4,78.7,18.9
z_37.5_-30.0,2024,1,2024-S1,Diminution,64.8,5.0,64.8,30.3
z_37.5_-30.0,2024,2,2024-S2,Diminution,78.7,2.4,78.7,18.9
z_37.5_-30.0,2025,1,2025-S1,Diminution,64.8,5.0,64.8,30.3
z_37.5_-30.0,2025,2,2025-S2,Diminution,69.8,6.1,69.8,24.1
z_37.5_-30.0,2026,1,2026-S1,Diminution,53.2,9.6,53.2,37.2
z_37.5_-30.0,2026,2,2026-S2,Diminution,74.1,3.3,74.1,22.6
z_37.5_-30.0,2027,1,2027-S1,Diminution,59.2,7.6,59.2,33.2
z_37.5_-30.0,2027,2,2027-S2,Diminution,75.5,3.2,75.5,21.3
z_37.5_-30.0,2028,1,2028-S1,Diminution,64.7,4.5,64.7,30.8
z_37.5_-30.0,2028,2,2028-S2,Diminution,78.7,2.4,78.7,18.9
z_37.5_-30.0,2029,1,2029-S1,Diminution,64.8,5.0,64.8,30.3
z_37.5_-30.0,2029,2,2029-S2,Diminution,78.7,2.4,78.7,18.9
z_37.5_-30.0,2030,1,2030-S1,Diminution,64.8,5.0,64.8,30.3
z_37.5_-30.0,2030,2,2030-S2,Diminution,78.7,2.4,78.7,18.9
z_37.5_-9.0,2023,1,2023-S1,Augmentation,47.9,47.9,21.7,30.4
z_37.5_-9.0,2023,2,2023-S2,Stable,43.8,39.7,16.5,43.8
z_37.5_-9.0,2024,1,2024-S1,Augmentation,49.2,49.2,19.4,31.4
z_37.5_-9.0,2024,2,2024-S2,Augmentation,73.4,73.4,9.1,17.5
z_37.5_-9.0,2025,1,2025-S1,Augmentation,46.4,46.4,19.5,34.1
z_37.5_-9.0,2025,2,2025-S2,Augmentation,54.5,54.5,16.2,29.3
z_37.5_-9.0,2026,1,2026-S1,Augmentation,51.8,51.8,19.9,28.3
z_37.5_-9.0,2026,2,2026-S2,Augmentation,52.9,52.9,18.1,29.0
z_37.5_-9.0,2027,1,2027-S1,Augmentation,52.6,52.6,19.0,28.4
z_37.5_-9.0,2027,2,2027-S2,Augmentation,61.5,61.5,15.1,23.4
z_37.5_-9.0,2028,1,2028-S1,Augmentation,57.1,57.1,18.1,24.9
z_37.5_-9.0,2028,2,2028-S2,Augmentation,61.5,61.5,15.9,22.6
z_37.5_-9.0,2029,1,2029-S1,Augmentation,56.6,56.6,18.1,25.4
z_37.5_-9.0,2029,2,2029-S2,Augmentation,62.1,62.1,16.0,21.9
z_37.5_-9.0,2030,1,2030-S1,Augmentation,57.6,57.6,17.5,24.9
z_37.5_-9.0,2030,2,2030-S2,Augmentation,65.0,65.0,14.6,20.4
z_37.5_0.0,2023,1,2023-S1,Stable,43.4,38.1,18.5,43.4
z_37.5_0.0,2023,2,2023-S2,Augmentation,41.0,41.0,26.7,32.3
z_37.5_0.0,2024,1,2024-S1,Stable,43.8,38.8,17.3,43.8
z_37.5_0.0,2024,2,2024-S2,Augmentation,42.4,42.4,24.4,33.2
z_37.5_0.0,2025,1,2025-S1,Stable,46.8,34.8,18.4,46.8
z_37.5_0.0,2025,2,2025-S2,Stable,37.2,28.0,34.8,37.2
z_37.5_0.0,2026,1,2026-S1,Stable,44.5,34.1,21.4,44.5
z_37.5_0.0,2026,2,2026-S2,Augmentation,41.3,41.3,24.7,34.1
z_37.5_0.0,2027,1,2027-S1,Stable,48.4,34.4,17.2,48.4
z_37.5_0.0,2027,2,2027-S2,Augmentation,39.9,39.9,25.4,34.7
z_37.5_0.0,2028,1,2028-S1,Stable,40.9,40.6,18.5,40.9
z_37.5_0.0,2028,2,2028-S2,Augmentation,43.2,43.2,23.4,33.4
z_37.5_0.0,2029,1,2029-S1,Augmentation,44.7,44.7,15.7,39.6
z_37.5_0.0,2029,2,2029-S2,Augmentation,43.2,43.2,23.4,33.4
z_37.5_0.0,2030,1,2030-S1,Augmentation,44.7,44.7,15.8,39.5
z_37.5_0.0,2030,2,2030-S2,Augmentation,43.1,43.1,23.5,33.4
z_37.5_1.5,2023,1,2023-S1,Diminution,75.5,2.9,75.5,21.6
z_37.5_1.5,2023,2,2023-S2,Diminution,62.5,4.9,62.5,32.6
z_37.5_1.5,2024,1,2024-S1,Diminution,77.3,2.0,77.3,20.7
z_37.5_1.5,2024,2,2024-S2,Diminution,60.9,5.7,60.9,33.5
z_37.5_1.5,2025,1,2025-S1,Diminution,77.3,2.0,77.3,20.7
z_37.5_1.5,2025,2,2025-S2,Diminution,57.0,9.6,57.0,33.4
z_37.5_1.5,2026,1,2026-S1,Diminution,52.3,6.5,52.3,41.2
z_37.5_1.5,2026,2,2026-S2,Diminution,62.1,5.7,62.1,32.2
z_37.5_1.5,2027,1,2027-S1,Diminution,69.9,4.3,69.9,25.8
z_37.5_1.5,2027,2,2027-S2,Diminution,64.2,5.5,64.2,30.3
z_37.5_1.5,2028,1,2028-S1,Diminution,70.0,2.3,70.0,27.7
z_37.5_1.5,2028,2,2028-S2,Diminution,60.9,5.7,60.9,33.5
z_37.5_1.5,2029,1,2029-S1,Diminution,77.3,2.0,77.3,20.7
z_37.5_1.5,2029,2,2029-S2,Diminution,60.9,5.7,60.9,33.5
z_37.5_1.5,2030,1,2030-S1,Diminution,77.3,2.0,77.3,20.7
z_37.5_1.5,2030,2,2030-S2,Diminution,60.9,5.7,60.9,33.5
z_37.5_10.5,2023,1,2023-S1,Diminution,37.5,26.1,37.5,36.4
z_37.5_10.5,2023,2,2023-S2,Stable,49.9,29.6,20.6,49.9
z_37.5_10.5,2024,1,2024-S1,Diminution,50.1,13.6,50.1,36.2
z_37.5_10.5,2024,2,2024-S2,Stable,42.9,15.1,42.0,42.9
z_37.5_10.5,2025,1,2025-S1,Diminution,56.7,10.2,56.7,33.1
z_37.5_10.5,2025,2,2025-S2,Stable,40.6,35.7,23.7,40.6
z_37.5_10.5,2026,1,2026-S1,Stable,45.7,14.5,39.7,45.7
z_37.5_10.5,2026,2,2026-S2,Diminution,49.0,18.5,49.0,32.6
z_37.5_10.5,2027,1,2027-S1,Diminution,48.1,11.6,48.1,40.3
z_37.5_10.5,2027,2,2027-S2,Diminution,46.9,25.0,46.9,28.1
z_37.5_10.5,2028,1,2028-S1,Diminution,53.3,9.1,53.3,37.5
z_37.5_10.5,2028,2,2028-S2,Diminution,48.2,20.2,48.2,31.6
z_37.5_10.5,2029,1,2029-S1,Diminution,55.8,10.2,55.8,34.0
z_37.5_10.5,2029,2,2029-S2,Diminution,48.2,20.2,48.2,31.6
z_37.5_10.5,2030,1,2030-S1,Diminution,55.8,10.2,55.8,34.0
z_37.5_10.5,2030,2,2030-S2,Diminution,48.2,20.2,48.2,31.6
z_37.5_12.0,2023,1,2023-S1,Diminution,36.4,27.8,36.4,35.8
z_37.5_12.0,2023,2,2023-S2,Augmentation,43.5,43.5,21.0,35.5
z_37.5_12.0,2024,1,2024-S1,Augmentation,48.3,48.3,16.4,35.3
z_37.5_12.0,2024,2,2024-S2,Augmentation,39.7,39.7,27.0,33.3
z_37.5_12.0,2025,1,2025-S1,Augmentation,39.3,39.3,22.9,37.8
z_37.5_12.0,2025,2,2025-S2,Augmentation,41.7,41.7,19.2,39.0
z_37.5_12.0,2026,1,2026-S1,Augmentation,53.2,53.2,17.1,29.7
z_37.5_12.0,2026,2,2026-S2,Augmentation,54.9,54.9,15.3,29.8
z_37.5_12.0,2027,1,2027-S1,Augmentation,54.6,54.6,16.7,28.7
z_37.5_12.0,2027,2,2027-S2,Augmentation,60.3,60.3,15.6,24.1
z_37.5_12.0,2028,1,2028-S1,Augmentation,50.5,50.5,18.6,30.8
z_37.5_12.0,2028,2,2028-S2,Augmentation,58.2,58.2,16.5,25.3
z_37.5_12.0,2029,1,2029-S1,Augmentation,56.7,56.7,16.7,26.6
z_37.5_12.0,2029,2,2029-S2,Augmentation,63.2,63.2,16.0,20.8
z_37.5_12.0,2030,1,2030-S1,Augmentation,57.1,57.1,17.3,25.6
z_37.5_12.0,2030,2,2030-S2,Augmentation,62.2,62.2,16.1,21.7
z_37.5_13.5,2023,1,2023-S1,Stable,46.9,31.9,21.1,46.9
z_37.5_13.5,2023,2,2023-S2,Stable,48.8,27.7,23.5,48.8
z_37.5_13.5,2024,1,2024-S1,Stable,47.1,30.0,22.8,47.1
z_37.5_13.5,2024,2,2024-S2,Stable,47.4,39.5,13.1,47.4
z_37.5_13.5,2025,1,2025-S1,Stable,43.0,41.7,15.2,43.0
z_37.5_13.5,2025,2,2025-S2,Stable,42.8,42.6,14.7,42.8
z_37.5_13.5,2026,1,2026-S1,Stable,45.2,39.0,15.8,45.2
z_37.5_13.5,2026,2,2026-S2,Stable,44.2,39.0,16.8,44.2
z_37.5_13.5,2027,1,2027-S1,Stable,43.1,41.2,15.7,43.1
z_37.5_13.5,2027,2,2027-S2,Augmentation,43.4,43.4,13.8,42.8
z_37.5_13.5,2028,1,2028-S1,Stable,43.0,42.3,14.7,43.0
z_37.5_13.5,2028,2,2028-S2,Stable,44.5,41.3,14.2,44.5
z_37.5_13.5,2029,1,2029-S1,Augmentation,43.2,43.2,14.6,42.2
z_37.5_13.5,2029,2,2029-S2,Augmentation,46.1,46.1,12.2,41.7
z_37.5_13.5,2030,1,2030-S1,Augmentation,45.4,45.4,14.0,40.6
z_37.5_13.5,2030,2,2030-S2,Augmentation,47.0,47.0,12.6,40.4
z_37.5_15.0,2023,1,2023-S1,Diminution,45.7,25.7,45.7,28.6
z_37.5_15.0,2023,2,2023-S2,Stable,37.8,35.0,27.3,37.8
z_37.5_15.0,2024,1,2024-S1,Augmentation,46.1,46.1,21.2,32.7
z_37.5_15.0,2024,2,2024-S2,Augmentation,52.4,52.4,19.0,28.6
z_37.5_15.0,2025,1,2025-S1,Augmentation,59.3,59.3,20.4,20.3
z_37.5_15.0,2025,2,2025-S2,Augmentation,56.7,56.7,18.0,25.3
z_37.5_15.0,2026,1,2026-S1,Augmentation,51.5,51.5,26.3,22.3
z_37.5_15.0,2026,2,2026-S2,Augmentation,59.2,59.2,18.7,22.2
z_37.5_15.0,2027,1,2027-S1,Augmentation,58.2,58.2,20.0,21.8
z_37.5_15.0,2027,2,2027-S2,Augmentation,63.8,63.8,15.7,20.5
z_37.5_15.0,2028,1,2028-S1,Augmentation,60.6,60.6,18.9,20.5
z_37.5_15.0,2028,2,2028-S2,Augmentation,67.0,67.0,14.5,18.5
z_37.5_15.0,2029,1,2029-S1,Augmentation,59.3,59.3,19.4,21.3
z_37.5_15.0,2029,2,2029-S2,Augmentation,66.2,66.2,15.1,18.7
z_37.5_15.0,2030,1,2030-S1,Augmentation,61.7,61.7,17.0,21.3
z_37.5_15.0,2030,2,2030-S2,Augmentation,69.3,69.3,12.1,18.7
z_37.5_16.5,2023,1,2023-S1,Diminution,47.7,20.9,47.7,31.5
z_37.5_16.5,2023,2,2023-S2,Diminution,45.5,13.0,45.5,41.6
z_37.5_16.5,2024,1,2024-S1,Diminution,46.1,18.7,46.1,35.2
z_37.5_16.5,2024,2,2024-S2,Diminution,47.4,12.4,47.4,40.1
z_37.5_16.5,2025,1,2025-S1,Diminution,50.1,18.6,50.1,31.2
z_37.5_16.5,2025,2,2025-S2,Diminution,47.8,11.0,47.8,41.2
z_37.5_16.5,2026,1,2026-S1,Diminution,44.2,22.6,44.2,33.2
z_37.5_16.5,2026,2,2026-S2,Stable,35.0,30.4,34.6,35.0
z_37.5_16.5,2027,1,2027-S1,Diminution,47.8,21.0,47.8,31.2
z_37.5_16.5,2027,2,2027-S2,Diminution,43.4,16.8,43.4,39.7
z_37.5_16.5,2028,1,2028-S1,Diminution,48.4,21.0,48.4,30.5
z_37.5_16.5,2028,2,2028-S2,Stable,47.5,9.1,43.3,47.5
z_37.5_16.5,2029,1,2029-S1,Diminution,52.2,19.9,52.2,27.9
z_37.5_16.5,2029,2,2029-S2,Diminution,49.1,11.8,49.1,39.1
z_37.5_16.5,2030,1,2030-S1,Diminution,52.2,19.9,52.2,27.9
z_37.5_16.5,2030,2,2030-S2,Diminution,49.1,11.8,49.1,39.1
z_37.5_19.5,2023,1,2023-S1,Augmentation,48.1,48.1,18.8,33.1
z_37.5_19.5,2023,2,2023-S2,Augmentation,53.9,53.9,22.9,23.2
z_37.5_19.5,2024,1,2024-S1,Augmentation,65.3,65.3,13.2,21.5
z_37.5_19.5,2024,2,2024-S2,Augmentation,54.7,54.7,20.1,25.2
z_37.5_19.5,2025,1,2025-S1,Augmentation,57.2,57.2,17.2,25.6
z_37.5_19.5,2025,2,2025-S2,Augmentation,62.8,62.8,17.1,20.1
z_37.5_19.5,2026,1,2026-S1,Augmentation,54.1,54.1,18.0,27.9
z_37.5_19.5,2026,2,2026-S2,Augmentation,55.3,55.3,28.6,16.2
z_37.5_19.5,2027,1,2027-S1,Augmentation,64.8,64.8,16.0,19.1
z_37.5_19.5,2027,2,2027-S2,Augmentation,58.2,58.2,21.8,20.0
z_37.5_19.5,2028,1,2028-S1,Augmentation,64.8,64.8,15.2,20.0
z_37.5_19.5,2028,2,2028-S2,Augmentation,62.3,62.3,17.7,20.0
z_37.5_19.5,2029,1,2029-S1,Augmentation,67.5,67.5,13.4,19.2
z_37.5_19.5,2029,2,2029-S2,Augmentation,64.4,64.4,16.1,19.6
z_37.5_19.5,2030,1,2030-S1,Augmentation,67.4,67.4,13.3,19.4
z_37.5_19.5,2030,2,2030-S2,Augmentation,64.4,64.4,15.4,20.2
z_37.5_21.0,2023,1,2023-S1,Augmentation,43.6,43.6,26.2,30.2
z_37.5_21.0,2023,2,2023-S2,Augmentation,62.7,62.7,20.1,17.2
z_37.5_21.0,2024,1,2024-S1,Augmentation,50.0,50.0,17.1,32.9
z_37.5_21.0,2024,2,2024-S2,Augmentation,57.4,57.4,20.4,22.2
z_37.5_21.0,2025,1,2025-S1,Augmentation,46.6,46.6,31.1,22.3
z_37.5_21.0,2025,2,2025-S2,Augmentation,62.1,62.1,17.4,20.5
z_37.5_21.0,2026,1,2026-S1,Augmentation,43.5,43.5,33.2,23.3
z_37.5_21.0,2026,2,2026-S2,Augmentation,56.7,56.7,22.8,20.6
z_37.5_21.0,2027,1,2027-S1,Augmentation,46.4,46.4,26.1,27.5
z_37.5_21.0,2027,2,2027-S2,Augmentation,60.3,60.3,20.1,19.7
z_37.5_21.0,2028,1,2028-S1,Augmentation,50.4,50.4,23.9,25.6
z_37.5_21.0,2028,2,2028-S2,Augmentation,61.3,61.3,19.3,19.4
z_37.5_21.0,2029,1,2029-S1,Augmentation,49.8,49.8,23.5,26.7
z_37.5_21.0,2029,2,2029-S2,Augmentation,64.4,64.4,15.9,19.8
z_37.5_21.0,2030,1,2030-S1,Augmentation,49.1,49.1,21.4,29.5
z_37.5_21.0,2030,2,2030-S2,Augmentation,62.8,62.8,16.3,20.9
z_37.5_22.5,2023,1,2023-S1,Augmentation,47.3,47.3,13.3,39.3
z_37.5_22.5,2023,2,2023-S2,Augmentation,41.4,41.4,20.1,38.5
z_37.5_22.5,2024,1,2024-S1,Augmentation,59.2,59.2,12.5,28.4
z_37.5_22.5,2024,2,2024-S2,Augmentation,47.3,47.3,14.0,38.7
z_37.5_22.5,2025,1,2025-S1,Augmentation,51.6,51.6,10.9,37.6
z_37.5_22.5,2025,2,2025-S2,Augmentation,45.3,45.3,15.3,39.4
z_37.5_22.5,2026,1,2026-S1,Stable,37.0,36.3,26.7,37.0
z_37.5_22.5,2026,2,2026-S2,Augmentation,38.7,38.7,27.0,34.3
z_37.5_22.5,2027,1,2027-S1,Augmentation,50.5,50.5,13.5,36.0
z_37.5_22.5,2027,2,2027-S2,Augmentation,44.8,44.8,13.0,42.2
z_37.5_22.5,2028,1,2028-S1,Augmentation,56.0,56.0,12.8,31.3
z_37.5_22.5,2028,2,2028-S2,Augmentation,53.5,53.5,9.4,37.1
z_37.5_22.5,2029,1,2029-S1,Augmentation,58.5,58.5,9.1,32.4
z_37.5_22.5,2029,2,2029-S2,Augmentation,64.1,64.1,8.3,27.6
z_37.5_22.5,2030,1,2030-S1,Augmentation,79.1,79.1,5.2,15.8
z_37.5_22.5,2030,2,2030-S2,Augmentation,81.5,81.5,4.9,13.6
z_37.5_24.0,2023,1,2023-S1,Augmentation,58.5,58.5,17.3,24.2
z_37.5_24.0,2023,2,2023-S2,Augmentation,53.2,53.2,18.4,28.4
z_37.5_24.0,2024,1,2024-S1,Augmentation,50.1,50.1,19.0,30.9
z_37.5_24.0,2024,2,2024-S2,Augmentation,40.4,40.4,36.2,23.4
z_37.5_24.0,2025,1,2025-S1,Augmentation,55.2,55.2,21.1,23.8
z_37.5_24.0,2025,2,2025-S2,Augmentation,46.8,46.8,18.6,34.6
z_37.5_24.0,2026,1,2026-S1,Augmentation,52.0,52.0,17.3,30.6
z_37.5_24.0,2026,2,2026-S2,Augmentation,53.8,53.8,18.9,27.3
z_37.5_24.0,2027,1,2027-S1,Augmentation,54.7,54.7,15.8,29.5
z_37.5_24.0,2027,2,2027-S2,Augmentation,51.7,51.7,17.7,30.6
z_37.5_24.0,2028,1,2028-S1,Augmentation,55.9,55.9,15.6,28.4
z_37.5_24.0,2028,2,2028-S2,Augmentation,55.5,55.5,18.3,26.2
z_37.5_24.0,2029,1,2029-S1,Augmentation,61.0,61.0,15.0,24.0
z_37.5_24.0,2029,2,2029-S2,Augmentation,59.1,59.1,17.3,23.6
z_37.5_24.0,2030,1,2030-S1,Augmentation,63.8,63.8,14.3,21.9
z_37.5_24.0,2030,2,2030-S2,Augmentation,59.7,59.7,17.6,22.7
z_37.5_25.5,2023,1,2023-S1,Augmentation,58.4,58.4,17.1,24.5
z_37.5_25.5,2023,2,2023-S2,Augmentation,52.2,52.2,22.5,25.4
z_37.5_25.5,2024,1,2024-S1,Augmentation,58.7,58.7,16.4,25.0
z_37.5_25.5,2024,2,2024-S2,Augmentation,53.1,53.1,18.1,28.9
z_37.5_25.5,2025,1,2025-S1,Augmentation,38.4,38.4,28.7,32.9
z_37.5_25.5,2025,2,2025-S2,Augmentation,57.0,57.0,22.1,21.0
z_37.5_25.5,2026,1,2026-S1,Augmentation,44.7,44.7,21.1,34.2
z_37.5_25.5,2026,2,2026-S2,Augmentation,38.5,38.5,29.9,31.7
z_37.5_25.5,2027,1,2027-S1,Augmentation,39.9,39.9,20.6,39.5
z_37.5_25.5,2027,2,2027-S2,Augmentation,37.5,37.5,27.2,35.4
z_37.5_25.5,2028,1,2028-S1,Stable,39.4,35.3,25.3,39.4
z_37.5_25.5,2028,2,2028-S2,Stable,38.6,34.7,26.7,38.6
z_37.5_25.5,2029,1,2029-S1,Stable,40.5,35.5,24.0,40.5
z_37.5_25.5,2029,2,2029-S2,Stable,36.8,35.3,27.9,36.8
z_37.5_25.5,2030,1,2030-S1,Stable,42.0,35.0,23.0,42.0
z_37.5_25.5,2030,2,2030-S2,Stable,37.6,35.1,27.3,37.6
z_37.5_27.0,2023,1,2023-S1,Stable,43.2,17.9,38.9,43.2
z_37.5_27.0,2023,2,2023-S2,Diminution,38.0,23.9,38.0,38.0
z_37.5_27.0,2024,1,2024-S1,Stable,42.5,28.4,29.2,42.5
z_37.5_27.0,2024,2,2024-S2,Stable,45.5,9.6,44.9,45.5
z_37.5_27.0,2025,1,2025-S1,Stable,43.3,14.4,42.3,43.3
z_37.5_27.0,2025,2,2025-S2,Stable,47.8,7.6,44.6,47.8
z_37.5_27.0,2026,1,2026-S1,Diminution,38.6,23.2,38.6,38.3
z_37.5_27.0,2026,2,2026-S2,Stable,37.9,27.2,34.9,37.9
z_37.5_27.0,2027,1,2027-S1,Diminution,42.4,17.4,42.4,40.2
z_37.5_27.0,2027,2,2027-S2,Diminution,43.6,15.3,43.6,41.0
z_37.5_27.0,2028,1,2028-S1,Diminution,45.3,15.2,45.3,39.5
z_37.5_27.0,2028,2,2028-S2,Stable,48.8,6.9,44.3,48.8
z_37.5_27.0,2029,1,2029-S1,Diminution,44.6,18.2,44.6,37.2
z_37.5_27.0,2029,2,2029-S2,Diminution,48.3,9.4,48.3,42.3
z_37.5_27.0,2030,1,2030-S1,Diminution,44.6,18.2,44.6,37.2
z_37.5_27.0,2030,2,2030-S2,Diminution,48.3,9.4,48.3,42.3
z_37.5_4.5,2023,1,2023-S1,Diminution,72.7,6.9,72.7,20.4
z_37.5_4.5,2023,2,2023-S2,Diminution,91.0,0.4,91.0,8.5
z_37.5_4.5,2024,1,2024-S1,Diminution,69.3,13.1,69.3,17.7
z_37.5_4.5,2024,2,2024-S2,Diminution,79.0,1.2,79.0,19.9
z_37.5_4.5,2025,1,2025-S1,Diminution,67.8,11.6,67.8,20.7
z_37.5_4.5,2025,2,2025-S2,Diminution,86.1,2.7,86.1,11.2
z_37.5_4.5,2026,1,2026-S1,Diminution,72.8,7.2,72.8,20.0
z_37.5_4.5,2026,2,2026-S2,Diminution,85.4,3.1,85.4,11.5
z_37.5_4.5,2027,1,2027-S1,Diminution,72.7,6.9,72.7,20.4
z_37.5_4.5,2027,2,2027-S2,Diminution,91.0,0.4,91.0,8.5
z_37.5_4.5,2028,1,2028-S1,Diminution,72.7,6.9,72.7,20.4
z_37.5_4.5,2028,2,2028-S2,Diminution,91.0,0.4,91.0,8.5
z_37.5_4.5,2029,1,2029-S1,Diminution,72.7,6.9,72.7,20.4
z_37.5_4.5,2029,2,2029-S2,Diminution,91.0,0.4,91.0,8.5
z_37.5_4.5,2030,1,2030-S1,Diminution,72.7,6.9,72.7,20.4
z_37.5_4.5,2030,2,2030-S2,Diminution,91.0,0.4,91.0,8.5
z_37.5_6.0,2023,1,2023-S1,Diminution,74.8,3.8,74.8,21.5
z_37.5_6.0,2023,2,2023-S2,Diminution,86.6,4.3,86.6,9.1
z_37.5_6.0,2024,1,2024-S1,Diminution,79.1,4.3,79.1,16.5
z_37.5_6.0,2024,2,2024-S2,Diminution,78.6,4.5,78.6,16.9
z_37.5_6.0,2025,1,2025-S1,Diminution,70.5,7.8,70.5,21.7
z_37.5_6.0,2025,2,2025-S2,Diminution,86.6,4.3,86.6,9.1
z_37.5_6.0,2026,1,2026-S1,Diminution,79.1,4.3,79.1,16.5
z_37.5_6.0,2026,2,2026-S2,Diminution,81.7,2.6,81.7,15.7
z_37.5_6.0,2027,1,2027-S1,Diminution,76.7,9.7,76.7,13.6
z_37.5_6.0,2027,2,2027-S2,Diminution,88.8,0.9,88.8,10.3
z_37.5_6.0,2028,1,2028-S1,Diminution,81.2,3.2,81.2,15.6
z_37.5_6.0,2028,2,2028-S2,Diminution,88.8,0.9,88.8,10.3
z_37.5_6.0,2029,1,2029-S1,Diminution,81.2,3.2,81.2,15.6
z_37.5_6.0,2029,2,2029-S2,Diminution,88.8,0.9,88.8,10.3
z_37.5_6.0,2030,1,2030-S1,Diminution,81.2,3.2,81.2,15.6
z_37.5_6.0,2030,2,2030-S2,Diminution,88.8,0.9,88.8,10.3
z_37.5_7.5,2023,1,2023-S1,Stable,44.1,25.6,30.3,44.1
z_37.5_7.5,2023,2,2023-S2,Stable,41.2,36.4,22.4,41.2
z_37.5_7.5,2024,1,2024-S1,Stable,50.3,17.4,32.3,50.3
z_37.5_7.5,2024,2,2024-S2,Diminution,40.5,23.2,40.5,36.3
z_37.5_7.5,2025,1,2025-S1,Diminution,43.9,20.0,43.9,36.1
z_37.5_7.5,2025,2,2025-S2,Diminution,45.8,17.8,45.8,36.4
z_37.5_7.5,2026,1,2026-S1,Diminution,47.9,16.6,47.9,35.5
z_37.5_7.5,2026,2,2026-S2,Diminution,44.2,14.0,44.2,41.7
z_37.5_7.5,2027,1,2027-S1,Diminution,55.4,15.3,55.4,29.3
z_37.5_7.5,2027,2,2027-S2,Diminution,46.8,14.5,46.8,38.6
z_37.5_7.5,2028,1,2028-S1,Diminution,54.2,16.6,54.2,29.2
z_37.5_7.5,2028,2,2028-S2,Diminution,46.7,16.8,46.7,36.5
z_37.5_7.5,2029,1,2029-S1,Diminution,51.6,14.3,51.6,34.1
z_37.5_7.5,2029,2,2029-S2,Diminution,49.9,17.8,49.9,32.3
z_37.5_7.5,2030,1,2030-S1,Diminution,51.6,14.3,51.6,34.1
z_37.5_7.5,2030,2,2030-S2,Diminution,49.9,17.8,49.9,32.3
z_37.5_9.0,2023,1,2023-S1,Stable,49.3,18.2,32.5,49.3
z_37.5_9.0,2023,2,2023-S2,Diminution,40.4,23.0,40.4,36.6
z_37.5_9.0,2024,1,2024-S1,Stable,48.0,18.4,33.6,48.0
z_37.5_9.0,2024,2,2024-S2,Stable,36.9,27.5,35.6,36.9
z_37.5_9.0,2025,1,2025-S1,Stable,52.3,26.1,21.6,52.3
z_37.5_9.0,2025,2,2025-S2,Stable,41.0,35.8,23.2,41.0
z_37.5_9.0,2026,1,2026-S1,Stable,56.8,16.8,26.5,56.8
z_37.5_9.0,2026,2,2026-S2,Stable,41.0,30.3,28.7,41.0
z_37.5_9.0,2027,1,2027-S1,Stable,50.3,27.1,22.6,50.3
z_37.5_9.0,2027,2,2027-S2,Stable,40.0,34.6,25.4,40.0
z_37.5_9.0,2028,1,2028-S1,Stable,48.4,25.6,25.9,48.4
z_37.5_9.0,2028,2,2028-S2,Stable,46.5,29.4,24.1,46.5
z_37.5_9.0,2029,1,2029-S1,Stable,49.1,23.8,27.2,49.1
z_37.5_9.0,2029,2,2029-S2,Stable,39.0,36.0,25.0,39.0
z_37.5_9.0,2030,1,2030-S1,Stable,46.8,25.7,27.5,46.8
z_37.5_9.0,2030,2,2030-S2,Stable,38.8,36.2,25.0,38.8
z_39.0_-1.5,2023,1,2023-S1,Augmentation,48.4,48.4,16.0,35.6
z_39.0_-1.5,2023,2,2023-S2,Augmentation,45.5,45.5,15.9,38.6
z_39.0_-1.5,2024,1,2024-S1,Augmentation,44.5,44.5,16.6,39.0
z_39.0_-1.5,2024,2,2024-S2,Augmentation,50.1,50.1,19.1,30.8
z_39.0_-1.5,2025,1,2025-S1,Augmentation,43.0,43.0,17.8,39.1
z_39.0_-1.5,2025,2,2025-S2,Augmentation,49.4,49.4,16.2,34.4
z_39.0_-1.5,2026,1,2026-S1,Augmentation,49.2,49.2,15.9,34.9
z_39.0_-1.5,2026,2,2026-S2,Augmentation,55.9,55.9,13.1,31.0
z_39.0_-1.5,2027,1,2027-S1,Augmentation,53.2,53.2,13.9,32.9
z_39.0_-1.5,2027,2,2027-S2,Augmentation,53.2,53.2,14.2,32.6
z_39.0_-1.5,2028,1,2028-S1,Augmentation,48.4,48.4,16.0,35.6
z_39.0_-1.5,2028,2,2028-S2,Augmentation,54.0,54.0,14.4,31.6
z_39.0_-1.5,2029,1,2029-S1,Augmentation,49.4,49.4,15.0,35.6
z_39.0_-1.5,2029,2,2029-S2,Augmentation,58.5,58.5,14.9,26.6
z_39.0_-1.5,2030,1,2030-S1,Augmentation,58.0,58.0,15.7,26.3
z_39.0_-1.5,2030,2,2030-S2,Augmentation,60.9,60.9,14.7,24.4
z_39.0_-10.5,2023,1,2023-S1,Stable,45.1,27.6,27.3,45.1
z_39.0_-10.5,2023,2,2023-S2,Stable,40.5,23.3,36.2,40.5
z_39.0_-10.5,2024,1,2024-S1,Stable,42.5,35.8,21.7,42.5
z_39.0_-10.5,2024,2,2024-S2,Augmentation,38.3,38.3,26.0,35.7
z_39.0_-10.5,2025,1,2025-S1,Stable,37.7,24.7,37.6,37.7
z_39.0_-10.5,2025,2,2025-S2,Stable,41.2,36.7,22.1,41.2
z_39.0_-10.5,2026,1,2026-S1,Stable,43.0,39.3,17.8,43.0
z_39.0_-10.5,2026,2,2026-S2,Augmentation,46.6,46.6,19.8,33.6
z_39.0_-10.5,2027,1,2027-S1,Augmentation,52.4,52.4,16.9,30.8
z_39.0_-10.5,2027,2,2027-S2,Augmentation,48.1,48.1,18.1,33.8
z_39.0_-10.5,2028,1,2028-S1,Augmentation,49.3,49.3,15.0,35.6
z_39.0_-10.5,2028,2,2028-S2,Augmentation,50.3,50.3,16.6,33.2
z_39.0_-10.5,2029,1,2029-S1,Augmentation,52.2,52.2,14.4,33.5
z_39.0_-10.5,2029,2,2029-S2,Augmentation,50.0,50.0,16.4,33.5
z_39.0_-10.5,2030,1,2030-S1,Augmentation,52.1,52.1,14.3,33.5
z_39.0_-10.5,2030,2,2030-S2,Augmentation,48.0,48.0,17.2,34.9
z_39.0_-31.5,2023,1,2023-S1,Diminution,85.3,1.2,85.3,13.5
z_39.0_-31.5,2023,2,2023-S2,Diminution,75.2,3.3,75.2,21.5
z_39.0_-31.5,2024,1,2024-S1,Diminution,74.9,6.5,74.9,18.6
z_39.0_-31.5,2024,2,2024-S2,Diminution,77.2,3.4,77.2,19.5
z_39.0_-31.5,2025,1,2025-S1,Diminution,74.2,2.3,74.2,23.6
z_39.0_-31.5,2025,2,2025-S2,Diminution,77.9,8.1,77.9,13.9
z_39.0_-31.5,2026,1,2026-S1,Diminution,66.2,7.1,66.2,26.7
z_39.0_-31.5,2026,2,2026-S2,Diminution,73.1,4.4,73.1,22.6
z_39.0_-31.5,2027,1,2027-S1,Diminution,66.3,8.8,66.3,25.0
z_39.0_-31.5,2027,2,2027-S2,Diminution,77.3,4.7,77.3,18.1
z_39.0_-31.5,2028,1,2028-S1,Diminution,72.6,5.0,72.6,22.4
z_39.0_-31.5,2028,2,2028-S2,Diminution,76.0,7.4,76.0,16.6
z_39.0_-31.5,2029,1,2029-S1,Diminution,77.4,1.1,77.4,21.5
z_39.0_-31.5,2029,2,2029-S2,Diminution,78.6,1.5,78.6,19.9
z_39.0_-31.5,2030,1,2030-S1,Diminution,77.4,1.1,77.4,21.5
z_39.0_-31.5,2030,2,2030-S2,Diminution,78.6,1.5,78.6,19.9
z_39.0_-9.0,2023,1,2023-S1,Augmentation,40.6,40.6,20.7,38.7
z_39.0_-9.0,2023,2,2023-S2,Diminution,38.2,30.5,38.2,31.3
z_39.0_-9.0,2024,1,2024-S1,Stable,43.4,29.0,27.6,43.4
z_39.0_-9.0,2024,2,2024-S2,Diminution,50.5,21.3,50.5,28.2
z_39.0_-9.0,2025,1,2025-S1,Stable,41.5,32.3,26.2,41.5
z_39.0_-9.0,2025,2,2025-S2,Diminution,35.5,30.7,35.5,33.7
z_39.0_-9.0,2026,1,2026-S1,Stable,43.8,37.1,19.0,43.8
z_39.0_-9.0,2026,2,2026-S2,Stable,47.4,27.0,25.7,47.4
z_39.0_-9.0,2027,1,2027-S1,Augmentation,43.0,43.0,17.9,39.1
z_39.0_-9.0,2027,2,2027-S2,Stable,46.1,28.2,25.7,46.1
z_39.0_-9.0,2028,1,2028-S1,Augmentation,51.2,51.2,14.5,34.4
z_39.0_-9.0,2028,2,2028-S2,Stable,45.2,33.6,21.1,45.2
z_39.0_-9.0,2029,1,2029-S1,Augmentation,47.1,47.1,15.5,37.4
z_39.0_-9.0,2029,2,2029-S2,Stable,44.1,34.8,21.1,44.1
z_39.0_-9.0,2030,1,2030-S1,Augmentation,48.0,48.0,15.0,37.0
z_39.0_-9.0,2030,2,2030-S2,Stable,44.1,34.7,21.1,44.1
z_39.0_0.0,2023,1,2023-S1,Stable,35.9,31.1,33.0,35.9
z_39.0_0.0,2023,2,2023-S2,Augmentation,39.9,39.9,20.9,39.1
z_39.0_0.0,2024,1,2024-S1,Stable,39.2,31.1,29.7,39.2
z_39.0_0.0,2024,2,2024-S2,Stable,42.3,37.0,20.7,42.3
z_39.0_0.0,2025,1,2025-S1,Augmentation,41.5,41.5,20.5,38.0
z_39.0_0.0,2025,2,2025-S2,Stable,49.2,27.4,23.4,49.2
z_39.0_0.0,2026,1,2026-S1,Stable,37.2,33.1,29.7,37.2
z_39.0_0.0,2026,2,2026-S2,Stable,45.2,33.5,21.3,45.2
z_39.0_0.0,2027,1,2027-S1,Stable,41.2,36.2,22.6,41.2
z_39.0_0.0,2027,2,2027-S2,Stable,41.1,40.9,18.0,41.1
z_39.0_0.0,2028,1,2028-S1,Stable,38.0,37.8,24.3,38.0
z_39.0_0.0,2028,2,2028-S2,Stable,43.9,35.4,20.7,43.9
z_39.0_0.0,2029,1,2029-S1,Stable,39.1,37.1,23.9,39.1
z_39.0_0.0,2029,2,2029-S2,Augmentation,43.4,43.4,18.8,37.8
z_39.0_0.0,2030,1,2030-S1,Augmentation,45.7,45.7,20.4,33.9
z_39.0_0.0,2030,2,2030-S2,Augmentation,47.3,47.3,17.8,34.9
z_39.0_1.5,2023,1,2023-S1,Augmentation,36.8,36.8,33.8,29.4
z_39.0_1.5,2023,2,2023-S2,Diminution,35.4,29.9,35.4,34.7
z_39.0_1.5,2024,1,2024-S1,Stable,43.0,35.0,22.0,43.0
z_39.0_1.5,2024,2,2024-S2,Stable,41.7,39.1,19.2,41.7
z_39.0_1.5,2025,1,2025-S1,Diminution,38.2,25.7,38.2,36.1
z_39.0_1.5,2025,2,2025-S2,Augmentation,38.8,38.8,22.6,38.6
z_39.0_1.5,2026,1,2026-S1,Stable,42.0,38.7,19.4,42.0
z_39.0_1.5,2026,2,2026-S2,Augmentation,51.1,51.1,16.8,32.1
z_39.0_1.5,2027,1,2027-S1,Augmentation,48.5,48.5,18.2,33.3
z_39.0_1.5,2027,2,2027-S2,Augmentation,47.8,47.8,17.3,34.9
z_39.0_1.5,2028,1,2028-S1,Augmentation,42.8,42.8,19.6,37.6
z_39.0_1.5,2028,2,2028-S2,Augmentation,50.8,50.8,16.2,33.1
z_39.0_1.5,2029,1,2029-S1,Augmentation,45.9,45.9,19.2,34.8
z_39.0_1.5,2029,2,2029-S2,Augmentation,49.3,49.3,16.2,34.6
z_39.0_1.5,2030,1,2030-S1,Augmentation,45.6,45.6,19.1,35.3
z_39.0_1.5,2030,2,2030-S2,Augmentation,49.2,49.2,16.2,34.6
z_39.0_10.5,2023,1,2023-S1,Diminution,61.9,10.0,61.9,28.1
z_39.0_10.5,2023,2,2023-S2,Diminution,84.8,4.8,84.8,10.4
z_39.0_10.5,2024,1,2024-S1,Diminution,61.2,13.9,61.2,24.9
z_39.0_10.5,2024,2,2024-S2,Diminution,73.2,3.6,73.2,23.2
z_39.0_10.5,2025,1,2025-S1,Diminution,62.0,13.7,62.0,24.2
z_39.0_10.5,2025,2,2025-S2,Diminution,86.2,2.8,86.2,11.0
z_39.0_10.5,2026,1,2026-S1,Diminution,69.0,8.4,69.0,22.6
z_39.0_10.5,2026,2,2026-S2,Diminution,87.1,2.5,87.1,10.4
z_39.0_10.5,2027,1,2027-S1,Diminution,69.6,7.3,69.6,23.0
z_39.0_10.5,2027,2,2027-S2,Diminution,90.8,0.4,90.8,8.8
z_39.0_10.5,2028,1,2028-S1,Diminution,69.6,7.3,69.6,23.0
z_39.0_10.5,2028,2,2028-S2,Diminution,90.8,0.4,90.8,8.8
z_39.0_10.5,2029,1,2029-S1,Diminution,69.6,7.3,69.6,23.0
z_39.0_10.5,2029,2,2029-S2,Diminution,90.8,0.4,90.8,8.8
z_39.0_10.5,2030,1,2030-S1,Diminution,69.6,7.3,69.6,23.0
z_39.0_10.5,2030,2,2030-S2,Diminution,90.8,0.4,90.8,8.8
z_39.0_12.0,2023,1,2023-S1,Diminution,83.2,3.7,83.2,13.0
z_39.0_12.0,2023,2,2023-S2,Diminution,69.9,6.1,69.9,24.1
z_39.0_12.0,2024,1,2024-S1,Diminution,65.3,9.5,65.3,25.3
z_39.0_12.0,2024,2,2024-S2,Diminution,68.7,6.0,68.7,25.3
z_39.0_12.0,2025,1,2025-S1,Diminution,66.0,7.3,66.0,26.7
z_39.0_12.0,2025,2,2025-S2,Diminution,68.1,8.6,68.1,23.2
z_39.0_12.0,2026,1,2026-S1,Diminution,70.2,6.5,70.2,23.3
z_39.0_12.0,2026,2,2026-S2,Diminution,71.5,4.1,71.5,24.5
z_39.0_12.0,2027,1,2027-S1,Diminution,83.2,3.7,83.2,13.0
z_39.0_12.0,2027,2,2027-S2,Diminution,72.6,3.6,72.6,23.8
z_39.0_12.0,2028,1,2028-S1,Diminution,83.2,3.7,83.2,13.0
z_39.0_12.0,2028,2,2028-S2,Diminution,72.6,3.6,72.6,23.8
z_39.0_12.0,2029,1,2029-S1,Diminution,83.2,3.7,83.2,13.0
z_39.0_12.0,2029,2,2029-S2,Diminution,72.6,3.6,72.6,23.8
z_39.0_12.0,2030,1,2030-S1,Diminution,83.2,3.7,83.2,13.0
z_39.0_12.0,2030,2,2030-S2,Diminution,72.6,3.6,72.6,23.8
z_39.0_13.5,2023,1,2023-S1,Diminution,47.3,16.3,47.3,36.4
z_39.0_13.5,2023,2,2023-S2,Diminution,54.7,11.3,54.7,34.0
z_39.0_13.5,2024,1,2024-S1,Diminution,50.1,12.4,50.1,37.5
z_39.0_13.5,2024,2,2024-S2,Diminution,58.0,11.4,58.0,30.6
z_39.0_13.5,2025,1,2025-S1,Diminution,47.9,12.8,47.9,39.2
z_39.0_13.5,2025,2,2025-S2,Diminution,53.4,11.2,53.4,35.4
z_39.0_13.5,2026,1,2026-S1,Diminution,39.3,28.1,39.3,32.6
z_39.0_13.5,2026,2,2026-S2,Stable,43.1,19.2,37.7,43.1
z_39.0_13.5,2027,1,2027-S1,Diminution,53.7,13.1,53.7,33.3
z_39.0_13.5,2027,2,2027-S2,Diminution,46.0,11.4,46.0,42.6
z_39.0_13.5,2028,1,2028-S1,Diminution,56.2,15.1,56.2,28.7
z_39.0_13.5,2028,2,2028-S2,Diminution,51.1,9.8,51.1,39.1
z_39.0_13.5,2029,1,2029-S1,Diminution,51.8,13.5,51.8,34.7
z_39.0_13.5,2029,2,2029-S2,Diminution,53.4,11.2,53.4,35.4
z_39.0_13.5,2030,1,2030-S1,Diminution,51.8,13.5,51.8,34.7
z_39.0_13.5,2030,2,2030-S2,Diminution,53.4,11.2,53.4,35.4
z_39.0_15.0,2023,1,2023-S1,Diminution,43.6,19.3,43.6,37.1
z_39.0_15.0,2023,2,2023-S2,Stable,42.9,29.6,27.5,42.9
z_39.0_15.0,2024,1,2024-S1,Diminution,44.9,10.4,44.9,44.6
z_39.0_15.0,2024,2,2024-S2,Stable,48.4,23.1,28.5,48.4
z_39.0_15.0,2025,1,2025-S1,Diminution,57.8,10.1,57.8,32.0
z_39.0_15.0,2025,2,2025-S2,Stable,43.7,25.0,31.4,43.7
z_39.0_15.0,2026,1,2026-S1,Diminution,49.3,12.8,49.3,38.0
z_39.0_15.0,2026,2,2026-S2,Stable,44.6,26.9,28.5,44.6
z_39.0_15.0,2027,1,2027-S1,Diminution,57.0,10.7,57.0,32.4
z_39.0_15.0,2027,2,2027-S2,Stable,40.7,24.8,34.5,40.7
z_39.0_15.0,2028,1,2028-S1,Diminution,59.7,10.0,59.7,30.2
z_39.0_15.0,2028,2,2028-S2,Stable,35.3,31.2,33.5,35.3
z_39.0_15.0,2029,1,2029-S1,Diminution,59.4,10.7,59.4,30.0
z_39.0_15.0,2029,2,2029-S2,Stable,35.5,29.8,34.7,35.5
z_39.0_15.0,2030,1,2030-S1,Diminution,59.4,10.7,59.4,30.0
z_39.0_15.0,2030,2,2030-S2,Stable,35.5,29.8,34.7,35.5
z_39.0_16.5,2023,1,2023-S1,Stable,54.4,25.7,19.9,54.4
z_39.0_16.5,2023,2,2023-S2,Stable,38.4,29.5,32.1,38.4
z_39.0_16.5,2024,1,2024-S1,Stable,47.9,31.2,20.8,47.9
z_39.0_16.5,2024,2,2024-S2,Stable,41.8,35.0,23.1,41.8
z_39.0_16.5,2025,1,2025-S1,Stable,48.8,30.2,21.1,48.8
z_39.0_16.5,2025,2,2025-S2,Augmentation,46.4,46.4,20.0,33.6
z_39.0_16.5,2026,1,2026-S1,Augmentation,44.5,44.5,15.5,40.0
z_39.0_16.5,2026,2,2026-S2,Stable,39.3,37.2,23.5,39.3
z_39.0_16.5,2027,1,2027-S1,Stable,49.6,32.5,17.9,49.6
z_39.0_16.5,2027,2,2027-S2,Augmentation,46.2,46.2,20.2,33.6
z_39.0_16.5,2028,1,2028-S1,Augmentation,42.5,42.5,17.4,40.1
z_39.0_16.5,2028,2,2028-S2,Augmentation,46.9,46.9,19.0,34.1
z_39.0_16.5,2029,1,2029-S1,Augmentation,42.3,42.3,17.2,40.5
z_39.0_16.5,2029,2,2029-S2,Augmentation,46.7,46.7,19.0,34.3
z_39.0_16.5,2030,1,2030-S1,Augmentation,42.2,42.2,17.2,40.6
z_39.0_16.5,2030,2,2030-S2,Augmentation,46.7,46.7,19.0,34.3
z_39.0_18.0,2023,1,2023-S1,Augmentation,47.5,47.5,19.2,33.3
z_39.0_18.0,2023,2,2023-S2,Stable,41.4,30.7,27.9,41.4
z_39.0_18.0,2024,1,2024-S1,Diminution,33.8,32.5,33.8,33.8
z_39.0_18.0,2024,2,2024-S2,Augmentation,48.7,48.7,17.6,33.7
z_39.0_18.0,2025,1,2025-S1,Augmentation,61.1,61.1,10.8,28.0
z_39.0_18.0,2025,2,2025-S2,Augmentation,53.0,53.0,15.3,31.8
z_39.0_18.0,2026,1,2026-S1,Augmentation,43.2,43.2,21.3,35.5
z_39.0_18.0,2026,2,2026-S2,Augmentation,37.7,37.7,24.6,37.7
z_39.0_18.0,2027,1,2027-S1,Stable,41.8,31.2,27.0,41.8
z_39.0_18.0,2027,2,2027-S2,Stable,39.1,31.0,29.9,39.1
z_39.0_18.0,2028,1,2028-S1,Stable,38.9,31.5,29.6,38.9
z_39.0_18.0,2028,2,2028-S2,Stable,39.4,31.3,29.3,39.4
z_39.0_18.0,2029,1,2029-S1,Stable,38.9,31.5,29.6,38.9
z_39.0_18.0,2029,2,2029-S2,Stable,39.4,31.3,29.3,39.4
z_39.0_18.0,2030,1,2030-S1,Stable,38.9,31.5,29.6,38.9
z_39.0_18.0,2030,2,2030-S2,Stable,39.4,31.3,29.3,39.4
z_39.0_19.5,2023,1,2023-S1,Augmentation,73.5,73.5,11.1,15.3
z_39.0_19.5,2023,2,2023-S2,Augmentation,63.2,63.2,15.7,21.1
z_39.0_19.5,2024,1,2024-S1,Augmentation,64.3,64.3,15.4,20.3
z_39.0_19.5,2024,2,2024-S2,Augmentation,37.9,37.9,25.1,37.0
z_39.0_19.5,2025,1,2025-S1,Augmentation,64.7,64.7,15.2,20.0
z_39.0_19.5,2025,2,2025-S2,Augmentation,48.8,48.8,19.2,32.0
z_39.0_19.5,2026,1,2026-S1,Augmentation,54.4,54.4,24.9,20.7
z_39.0_19.5,2026,2,2026-S2,Augmentation,42.4,42.4,35.7,21.9
z_39.0_19.5,2027,1,2027-S1,Augmentation,60.7,60.7,16.5,22.7
z_39.0_19.5,2027,2,2027-S2,Augmentation,50.8,50.8,22.7,26.5
z_39.0_19.5,2028,1,2028-S1,Augmentation,60.9,60.9,16.4,22.6
z_39.0_19.5,2028,2,2028-S2,Augmentation,52.6,52.6,21.1,26.3
z_39.0_19.5,2029,1,2029-S1,Augmentation,62.3,62.3,16.1,21.6
z_39.0_19.5,2029,2,2029-S2,Augmentation,53.1,53.1,21.3,25.6
z_39.0_19.5,2030,1,2030-S1,Augmentation,62.6,62.6,14.4,23.0
z_39.0_19.5,2030,2,2030-S2,Augmentation,52.6,52.6,18.2,29.3
z_39.0_22.5,2023,1,2023-S1,Augmentation,54.0,54.0,17.0,29.0
z_39.0_22.5,2023,2,2023-S2,Augmentation,55.2,55.2,23.9,20.8
z_39.0_22.5,2024,1,2024-S1,Augmentation,58.2,58.2,22.2,19.6
z_39.0_22.5,2024,2,2024-S2,Augmentation,48.1,48.1,24.2,27.6
z_39.0_22.5,2025,1,2025-S1,Augmentation,35.4,35.4,31.8,32.8
z_39.0_22.5,2025,2,2025-S2,Augmentation,57.9,57.9,23.3,18.8
z_39.0_22.5,2026,1,2026-S1,Augmentation,55.0,55.0,17.3,27.7
z_39.0_22.5,2026,2,2026-S2,Augmentation,49.2,49.2,27.7,23.1
z_39.0_22.5,2027,1,2027-S1,Augmentation,50.4,50.4,25.8,23.8
z_39.0_22.5,2027,2,2027-S2,Augmentation,54.9,54.9,24.5,20.7
z_39.0_22.5,2028,1,2028-S1,Augmentation,47.0,47.0,26.4,26.6
z_39.0_22.5,2028,2,2028-S2,Augmentation,56.7,56.7,24.3,19.0
z_39.0_22.5,2029,1,2029-S1,Augmentation,50.3,50.3,24.8,24.9
z_39.0_22.5,2029,2,2029-S2,Augmentation,56.0,56.0,24.1,20.0
z_39.0_22.5,2030,1,2030-S1,Augmentation,50.2,50.2,25.2,24.7
z_39.0_22.5,2030,2,2030-S2,Augmentation,58.2,58.2,22.6,19.1
z_39.0_24.0,2023,1,2023-S1,Augmentation,41.3,41.3,24.9,33.7
z_39.0_24.0,2023,2,2023-S2,Augmentation,48.9,48.9,16.0,35.1
z_39.0_24.0,2024,1,2024-S1,Stable,37.5,36.5,25.9,37.5
z_39.0_24.0,2024,2,2024-S2,Augmentation,53.0,53.0,18.4,28.6
z_39.0_24.0,2025,1,2025-S1,Augmentation,41.3,41.3,18.9,39.8
z_39.0_24.0,2025,2,2025-S2,Stable,43.7,26.5,29.8,43.7
z_39.0_24.0,2026,1,2026-S1,Stable,42.4,24.6,33.0,42.4
z_39.0_24.0,2026,2,2026-S2,Stable,48.7,23.2,28.1,48.7
z_39.0_24.0,2027,1,2027-S1,Stable,43.6,25.3,31.1,43.6
z_39.0_24.0,2027,2,2027-S2,Stable,40.3,26.7,33.0,40.3
z_39.0_24.0,2028,1,2028-S1,Stable,45.8,24.7,29.5,45.8
z_39.0_24.0,2028,2,2028-S2,Stable,44.5,24.2,31.3,44.5
z_39.0_24.0,2029,1,2029-S1,Stable,43.7,25.7,30.6,43.7
z_39.0_24.0,2029,2,2029-S2,Stable,47.1,21.9,30.9,47.1
z_39.0_24.0,2030,1,2030-S1,Stable,45.2,25.6,29.3,45.2
z_39.0_24.0,2030,2,2030-S2,Stable,44.3,23.6,32.1,44.3
z_39.0_25.5,2023,1,2023-S1,Augmentation,55.4,55.4,15.6,29.0
z_39.0_25.5,2023,2,2023-S2,Augmentation,35.6,35.6,31.5,33.0
z_39.0_25.5,2024,1,2024-S1,Augmentation,41.9,41.9,27.1,30.9
z_39.0_25.5,2024,2,2024-S2,Augmentation,45.1,45.1,18.8,36.1
z_39.0_25.5,2025,1,2025-S1,Augmentation,39.5,39.5,21.9,38.6
z_39.0_25.5,2025,2,2025-S2,Diminution,39.7,26.3,39.7,34.0
z_39.0_25.5,2026,1,2026-S1,Stable,38.4,24.5,37.1,38.4
z_39.0_25.5,2026,2,2026-S2,Stable,41.2,21.6,37.2,41.2
z_39.0_25.5,2027,1,2027-S1,Stable,46.1,26.2,27.7,46.1
z_39.0_25.5,2027,2,2027-S2,Stable,39.6,32.1,28.3,39.6
z_39.0_25.5,2028,1,2028-S1,Stable,41.5,30.5,28.1,41.5
z_39.0_25.5,2028,2,2028-S2,Stable,38.8,32.7,28.5,38.8
z_39.0_25.5,2029,1,2029-S1,Stable,43.2,30.8,26.0,43.2
z_39.0_25.5,2029,2,2029-S2,Stable,39.9,33.1,27.0,39.9
z_39.0_25.5,2030,1,2030-S1,Stable,43.0,31.5,25.4,43.0
z_39.0_25.5,2030,2,2030-S2,Stable,38.9,34.1,27.0,38.9
z_39.0_3.0,2023,1,2023-S1,Augmentation,43.4,43.4,22.4,34.1
z_39.0_3.0,2023,2,2023-S2,Augmentation,43.9,43.9,18.0,38.1
z_39.0_3.0,2024,1,2024-S1,Augmentation,49.2,49.2,16.4,34.3
z_39.0_3.0,2024,2,2024-S2,Augmentation,49.1,49.1,18.1,32.8
z_39.0_3.0,2025,1,2025-S1,Augmentation,40.1,40.1,26.0,33.9
z_39.0_3.0,2025,2,2025-S2,Stable,36.5,33.9,29.6,36.5
z_39.0_3.0,2026,1,2026-S1,Stable,40.5,21.3,38.1,40.5
z_39.0_3.0,2026,2,2026-S2,Stable,47.4,26.7,25.9,47.4
z_39.0_3.0,2027,1,2027-S1,Diminution,38.1,25.1,38.1,36.9
z_39.0_3.0,2027,2,2027-S2,Stable,49.0,24.0,27.0,49.0
z_39.0_3.0,2028,1,2028-S1,Diminution,45.8,17.0,45.8,37.2
z_39.0_3.0,2028,2,2028-S2,Stable,48.9,23.8,27.2,48.9
z_39.0_3.0,2029,1,2029-S1,Diminution,45.7,17.0,45.7,37.3
z_39.0_3.0,2029,2,2029-S2,Stable,49.0,23.8,27.2,49.0
z_39.0_3.0,2030,1,2030-S1,Diminution,45.7,16.9,45.7,37.3
z_39.0_3.0,2030,2,2030-S2,Stable,49.0,23.8,27.2,49.0
z_39.0_4.5,2023,1,2023-S1,Diminution,54.1,9.2,54.1,36.7
z_39.0_4.5,2023,2,2023-S2,Diminution,54.7,7.9,54.7,37.4
z_39.0_4.5,2024,1,2024-S1,Diminution,55.9,9.1,55.9,35.0
z_39.0_4.5,2024,2,2024-S2,Diminution,49.7,16.0,49.7,34.3
z_39.0_4.5,2025,1,2025-S1,Stable,46.3,8.2,45.5,46.3
z_39.0_4.5,2025,2,2025-S2,Diminution,60.0,7.0,60.0,32.9
z_39.0_4.5,2026,1,2026-S1,Diminution,52.8,9.5,52.8,37.8
z_39.0_4.5,2026,2,2026-S2,Diminution,62.0,6.8,62.0,31.2
z_39.0_4.5,2027,1,2027-S1,Diminution,58.2,6.3,58.2,35.5
z_39.0_4.5,2027,2,2027-S2,Diminution,57.3,7.6,57.3,35.1
z_39.0_4.5,2028,1,2028-S1,Diminution,56.4,6.9,56.4,36.8
z_39.0_4.5,2028,2,2028-S2,Diminution,57.3,7.6,57.3,35.1
z_39.0_4.5,2029,1,2029-S1,Diminution,56.4,6.9,56.4,36.8
z_39.0_4.5,2029,2,2029-S2,Diminution,57.3,7.6,57.3,35.1
z_39.0_4.5,2030,1,2030-S1,Diminution,56.4,6.9,56.4,36.8
z_39.0_4.5,2030,2,2030-S2,Diminution,57.3,7.6,57.3,35.1
z_39.0_6.0,2023,1,2023-S1,Diminution,80.5,3.3,80.5,16.2
z_39.0_6.0,2023,2,2023-S2,Diminution,76.1,5.3,76.1,18.6
z_39.0_6.0,2024,1,2024-S1,Diminution,63.8,6.2,63.8,30.0
z_39.0_6.0,2024,2,2024-S2,Diminution,74.6,4.3,74.6,21.0
z_39.0_6.0,2025,1,2025-S1,Diminution,62.7,8.4,62.7,28.9
z_39.0_6.0,2025,2,2025-S2,Diminution,56.3,11.4,56.3,32.3
z_39.0_6.0,2026,1,2026-S1,Diminution,66.1,4.7,66.1,29.2
z_39.0_6.0,2026,2,2026-S2,Diminution,70.7,7.6,70.7,21.7
z_39.0_6.0,2027,1,2027-S1,Diminution,75.0,5.7,75.0,19.3
z_39.0_6.0,2027,2,2027-S2,Diminution,67.3,3.8,67.3,28.9
z_39.0_6.0,2028,1,2028-S1,Diminution,80.5,3.3,80.5,16.2
z_39.0_6.0,2028,2,2028-S2,Diminution,79.4,4.2,79.4,16.4
z_39.0_6.0,2029,1,2029-S1,Diminution,80.5,3.3,80.5,16.2
z_39.0_6.0,2029,2,2029-S2,Diminution,79.4,4.2,79.4,16.4
z_39.0_6.0,2030,1,2030-S1,Diminution,80.5,3.3,80.5,16.2
z_39.0_6.0,2030,2,2030-S2,Diminution,79.4,4.2,79.4,16.4
z_39.0_7.5,2023,1,2023-S1,Diminution,61.6,19.8,61.6,18.6
z_39.0_7.5,2023,2,2023-S2,Diminution,35.5,32.6,35.5,31.9
z_39.0_7.5,2024,1,2024-S1,Diminution,57.9,18.3,57.9,23.8
z_39.0_7.5,2024,2,2024-S2,Diminution,42.4,25.1,42.4,32.5
z_39.0_7.5,2025,1,2025-S1,Diminution,60.5,17.4,60.5,22.2
z_39.0_7.5,2025,2,2025-S2,Diminution,38.8,34.6,38.8,26.6
z_39.0_7.5,2026,1,2026-S1,Diminution,54.5,21.3,54.5,24.2
z_39.0_7.5,2026,2,2026-S2,Diminution,37.8,26.9,37.8,35.3
z_39.0_7.5,2027,1,2027-S1,Diminution,59.6,21.0,59.6,19.4
z_39.0_7.5,2027,2,2027-S2,Diminution,42.4,23.8,42.4,33.8
z_39.0_7.5,2028,1,2028-S1,Diminution,58.7,22.6,58.7,18.6
z_39.0_7.5,2028,2,2028-S2,Diminution,42.8,26.8,42.8,30.4
z_39.0_7.5,2029,1,2029-S1,Diminution,61.6,19.8,61.6,18.6
z_39.0_7.5,2029,2,2029-S2,Diminution,43.2,28.2,43.2,28.6
z_39.0_7.5,2030,1,2030-S1,Diminution,61.6,19.8,61.6,18.6
z_39.0_7.5,2030,2,2030-S2,Diminution,43.2,28.2,43.2,28.6
z_39.0_9.0,2023,1,2023-S1,Stable,38.0,24.6,37.5,38.0
z_39.0_9.0,2023,2,2023-S2,Stable,43.5,34.2,22.3,43.5
z_39.0_9.0,2024,1,2024-S1,Augmentation,41.4,41.4,21.2,37.4
z_39.0_9.0,2024,2,2024-S2,Augmentation,38.6,38.6,22.7,38.6
z_39.0_9.0,2025,1,2025-S1,Augmentation,44.1,44.1,22.2,33.7
z_39.0_9.0,2025,2,2025-S2,Stable,42.5,41.2,16.3,42.5
z_39.0_9.0,2026,1,2026-S1,Diminution,37.7,25.5,37.7,36.8
z_39.0_9.0,2026,2,2026-S2,Stable,41.5,30.7,27.8,41.5
z_39.0_9.0,2027,1,2027-S1,Stable,38.5,35.4,26.1,38.5
z_39.0_9.0,2027,2,2027-S2,Stable,39.4,39.0,21.5,39.4
z_39.0_9.0,2028,1,2028-S1,Augmentation,38.1,38.1,25.3,36.6
z_39.0_9.0,2028,2,2028-S2,Stable,41.6,35.6,22.8,41.6
z_39.0_9.0,2029,1,2029-S1,Augmentation,39.8,39.8,22.8,37.4
z_39.0_9.0,2029,2,2029-S2,Stable,42.0,38.7,19.2,42.0
z_39.0_9.0,2030,1,2030-S1,Augmentation,39.8,39.8,22.9,37.3
z_39.0_9.0,2030,2,2030-S2,Stable,42.0,38.8,19.3,42.0
z_40.5_-10.5,2023,1,2023-S1,Diminution,43.0,19.3,43.0,37.7
z_40.5_-10.5,2023,2,2023-S2,Stable,53.2,23.8,23.0,53.2
z_40.5_-10.5,2024,1,2024-S1,Stable,40.6,27.5,31.9,40.6
z_40.5_-10.5,2024,2,2024-S2,Stable,48.3,18.3,33.4,48.3
z_40.5_-10.5,2025,1,2025-S1,Diminution,44.0,18.6,44.0,37.4
z_40.5_-10.5,2025,2,2025-S2,Stable,50.2,16.3,33.5,50.2
z_40.5_-10.5,2026,1,2026-S1,Diminution,39.7,21.8,39.7,38.4
z_40.5_-10.5,2026,2,2026-S2,Stable,53.4,19.8,26.8,53.4
z_40.5_-10.5,2027,1,2027-S1,Stable,42.0,18.0,40.0,42.0
z_40.5_-10.5,2027,2,2027-S2,Stable,53.0,21.2,25.8,53.0
z_40.5_-10.5,2028,1,2028-S1,Stable,42.3,17.6,40.1,42.3
z_40.5_-10.5,2028,2,2028-S2,Stable,52.1,20.7,27.2,52.1
z_40.5_-10.5,2029,1,2029-S1,Stable,40.9,18.9,40.2,40.9
z_40.5_-10.5,2029,2,2029-S2,Stable,52.1,20.7,27.2,52.1
z_40.5_-10.5,2030,1,2030-S1,Stable,40.9,18.9,40.2,40.9
z_40.5_-10.5,2030,2,2030-S2,Stable,52.1,20.7,27.2,52.1
z_40.5_-22.5,2023,1,2023-S1,Diminution,88.1,0.8,88.1,11.1
z_40.5_-22.5,2023,2,2023-S2,Diminution,86.9,0.8,86.9,12.4
z_40.5_-22.5,2024,1,2024-S1,Diminution,88.1,0.8,88.1,11.1
z_40.5_-22.5,2024,2,2024-S2,Diminution,87.3,1.6,87.3,11.1
z_40.5_-22.5,2025,1,2025-S1,Diminution,75.3,1.6,75.3,23.1
z_40.5_-22.5,2025,2,2025-S2,Diminution,85.9,3.9,85.9,10.2
z_40.5_-22.5,2026,1,2026-S1,Diminution,82.5,3.1,82.5,14.4
z_40.5_-22.5,2026,2,2026-S2,Diminution,83.5,2.7,83.5,13.8
z_40.5_-22.5,2027,1,2027-S1,Diminution,83.9,3.2,83.9,12.9
z_40.5_-22.5,2027,2,2027-S2,Diminution,86.9,0.8,86.9,12.4
z_40.5_-22.5,2028,1,2028-S1,Diminution,88.1,0.8,88.1,11.1
z_40.5_-22.5,2028,2,2028-S2,Diminution,86.9,0.8,86.9,12.4
z_40.5_-22.5,2029,1,2029-S1,Diminution,88.1,0.8,88.1,11.1
z_40.5_-22.5,2029,2,2029-S2,Diminution,86.9,0.8,86.9,12.4
z_40.5_-22.5,2030,1,2030-S1,Diminution,88.1,0.8,88.1,11.1
z_40.5_-22.5,2030,2,2030-S2,Diminution,86.9,0.8,86.9,12.4
z_40.5_-36.0,2023,1,2023-S1,Diminution,89.5,1.0,89.5,9.4
z_40.5_-36.0,2023,2,2023-S2,Diminution,89.0,1.1,89.0,9.9
z_40.5_-36.0,2024,1,2024-S1,Diminution,89.5,1.0,89.5,9.4
z_40.5_-36.0,2024,2,2024-S2,Diminution,89.0,1.1,89.0,9.9
z_40.5_-36.0,2025,1,2025-S1,Diminution,88.9,2.3,88.9,8.8
z_40.5_-36.0,2025,2,2025-S2,Diminution,79.9,2.1,79.9,18.0
z_40.5_-36.0,2026,1,2026-S1,Diminution,86.8,4.4,86.8,8.9
z_40.5_-36.0,2026,2,2026-S2,Diminution,79.5,4.8,79.5,15.7
z_40.5_-36.0,2027,1,2027-S1,Diminution,84.3,3.1,84.3,12.6
z_40.5_-36.0,2027,2,2027-S2,Diminution,82.2,3.0,82.2,14.8
z_40.5_-36.0,2028,1,2028-S1,Diminution,89.5,1.0,89.5,9.4
z_40.5_-36.0,2028,2,2028-S2,Diminution,89.0,1.1,89.0,9.9
z_40.5_-36.0,2029,1,2029-S1,Diminution,89.5,1.0,89.5,9.4
z_40.5_-36.0,2029,2,2029-S2,Diminution,89.0,1.1,89.0,9.9
z_40.5_-36.0,2030,1,2030-S1,Diminution,89.5,1.0,89.5,9.4
z_40.5_-36.0,2030,2,2030-S2,Diminution,89.0,1.1,89.0,9.9
z_40.5_-9.0,2023,1,2023-S1,Augmentation,64.7,64.7,16.6,18.7
z_40.5_-9.0,2023,2,2023-S2,Augmentation,62.4,62.4,18.3,19.3
z_40.5_-9.0,2024,1,2024-S1,Augmentation,46.7,46.7,25.2,28.1
z_40.5_-9.0,2024,2,2024-S2,Augmentation,56.6,56.6,21.1,22.3
z_40.5_-9.0,2025,1,2025-S1,Augmentation,45.7,45.7,22.6,31.7
z_40.5_-9.0,2025,2,2025-S2,Augmentation,56.6,56.6,14.5,29.0
z_40.5_-9.0,2026,1,2026-S1,Augmentation,48.4,48.4,18.6,33.0
z_40.5_-9.0,2026,2,2026-S2,Augmentation,57.7,57.7,19.5,22.8
z_40.5_-9.0,2027,1,2027-S1,Augmentation,53.3,53.3,21.4,25.3
z_40.5_-9.0,2027,2,2027-S2,Augmentation,53.7,53.7,17.1,29.2
z_40.5_-9.0,2028,1,2028-S1,Augmentation,45.5,45.5,23.7,30.8
z_40.5_-9.0,2028,2,2028-S2,Augmentation,56.0,56.0,16.7,27.3
z_40.5_-9.0,2029,1,2029-S1,Augmentation,47.1,47.1,23.2,29.7
z_40.5_-9.0,2029,2,2029-S2,Augmentation,55.8,55.8,16.8,27.4
z_40.5_-9.0,2030,1,2030-S1,Augmentation,47.3,47.3,22.8,29.9
z_40.5_-9.0,2030,2,2030-S2,Augmentation,56.3,56.3,16.1,27.6
z_40.5_0.0,2023,1,2023-S1,Augmentation,49.9,49.9,19.4,30.8
z_40.5_0.0,2023,2,2023-S2,Augmentation,43.7,43.7,24.5,31.8
z_40.5_0.0,2024,1,2024-S1,Augmentation,49.8,49.8,16.6,33.6
z_40.5_0.0,2024,2,2024-S2,Augmentation,55.2,55.2,15.4,29.4
z_40.5_0.0,2025,1,2025-S1,Augmentation,56.8,56.8,15.1,28.1
z_40.5_0.0,2025,2,2025-S2,Augmentation,62.3,62.3,13.7,24.0
z_40.5_0.0,2026,1,2026-S1,Augmentation,39.3,39.3,27.5,33.2
z_40.5_0.0,2026,2,2026-S2,Augmentation,55.3,55.3,18.4,26.3
z_40.5_0.0,2027,1,2027-S1,Augmentation,55.1,55.1,16.0,28.9
z_40.5_0.0,2027,2,2027-S2,Augmentation,58.9,58.9,16.0,25.1
z_40.5_0.0,2028,1,2028-S1,Augmentation,58.1,58.1,16.9,25.1
z_40.5_0.0,2028,2,2028-S2,Augmentation,62.2,62.2,15.7,22.1
z_40.5_0.0,2029,1,2029-S1,Augmentation,60.3,60.3,14.9,24.8
z_40.5_0.0,2029,2,2029-S2,Augmentation,63.6,63.6,14.4,22.0
z_40.5_0.0,2030,1,2030-S1,Augmentation,59.6,59.6,15.4,25.0
z_40.5_0.0,2030,2,2030-S2,Augmentation,66.4,66.4,14.4,19.3
z_40.5_1.5,2023,1,2023-S1,Augmentation,60.7,60.7,14.2,25.1
z_40.5_1.5,2023,2,2023-S2,Augmentation,52.2,52.2,19.8,28.1
z_40.5_1.5,2024,1,2024-S1,Augmentation,61.9,61.9,16.4,21.7
z_40.5_1.5,2024,2,2024-S2,Augmentation,54.7,54.7,18.9,26.4
z_40.5_1.5,2025,1,2025-S1,Augmentation,36.5,36.5,32.3,31.2
z_40.5_1.5,2025,2,2025-S2,Augmentation,59.0,59.0,19.6,21.4
z_40.5_1.5,2026,1,2026-S1,Augmentation,51.7,51.7,17.2,31.1
z_40.5_1.5,2026,2,2026-S2,Augmentation,51.2,51.2,19.9,28.9
z_40.5_1.5,2027,1,2027-S1,Augmentation,59.5,59.5,15.6,24.9
z_40.5_1.5,2027,2,2027-S2,Augmentation,61.3,61.3,17.1,21.6
z_40.5_1.5,2028,1,2028-S1,Augmentation,58.8,58.8,16.3,24.9
z_40.5_1.5,2028,2,2028-S2,Augmentation,61.1,61.1,17.1,21.8
z_40.5_1.5,2029,1,2029-S1,Augmentation,60.3,60.3,16.2,23.5
z_40.5_1.5,2029,2,2029-S2,Augmentation,61.0,61.0,17.6,21.3
z_40.5_1.5,2030,1,2030-S1,Augmentation,60.5,60.5,15.7,23.7
z_40.5_1.5,2030,2,2030-S2,Augmentation,62.5,62.5,16.6,20.9
z_40.5_10.5,2023,1,2023-S1,Stable,51.7,19.0,29.3,51.7
z_40.5_10.5,2023,2,2023-S2,Stable,48.0,21.7,30.3,48.0
z_40.5_10.5,2024,1,2024-S1,Stable,41.7,33.2,25.1,41.7
z_40.5_10.5,2024,2,2024-S2,Stable,40.1,31.6,28.3,40.1
z_40.5_10.5,2025,1,2025-S1,Stable,48.4,30.2,21.4,48.4
z_40.5_10.5,2025,2,2025-S2,Stable,51.2,21.5,27.3,51.2
z_40.5_10.5,2026,1,2026-S1,Diminution,36.8,26.6,36.8,36.6
z_40.5_10.5,2026,2,2026-S2,Stable,41.2,23.7,35.1,41.2
z_40.5_10.5,2027,1,2027-S1,Diminution,35.1,30.7,35.1,34.2
z_40.5_10.5,2027,2,2027-S2,Stable,35.9,28.9,35.2,35.9
z_40.5_10.5,2028,1,2028-S1,Diminution,37.5,26.9,37.5,35.6
z_40.5_10.5,2028,2,2028-S2,Stable,35.8,29.1,35.1,35.8
z_40.5_10.5,2029,1,2029-S1,Diminution,37.5,26.9,37.5,35.6
z_40.5_10.5,2029,2,2029-S2,Stable,35.8,29.1,35.1,35.8
z_40.5_10.5,2030,1,2030-S1,Diminution,37.5,26.9,37.5,35.6
z_40.5_10.5,2030,2,2030-S2,Stable,35.8,29.1,35.1,35.8
z_40.5_12.0,2023,1,2023-S1,Stable,40.7,27.0,32.2,40.7
z_40.5_12.0,2023,2,2023-S2,Stable,50.6,28.6,20.8,50.6
z_40.5_12.0,2024,1,2024-S1,Stable,41.4,37.9,20.7,41.4
z_40.5_12.0,2024,2,2024-S2,Stable,59.1,21.1,19.8,59.1
z_40.5_12.0,2025,1,2025-S1,Augmentation,39.6,39.6,21.5,38.9
z_40.5_12.0,2025,2,2025-S2,Augmentation,43.1,43.1,18.3,38.6
z_40.5_12.0,2026,1,2026-S1,Stable,41.7,38.2,20.0,41.7
z_40.5_12.0,2026,2,2026-S2,Stable,48.7,29.9,21.4,48.7
z_40.5_12.0,2027,1,2027-S1,Augmentation,40.0,40.0,22.0,38.0
z_40.5_12.0,2027,2,2027-S2,Stable,46.7,30.4,22.9,46.7
z_40.5_12.0,2028,1,2028-S1,Augmentation,39.9,39.9,21.6,38.5
z_40.5_12.0,2028,2,2028-S2,Stable,46.8,30.5,22.8,46.8
z_40.5_12.0,2029,1,2029-S1,Augmentation,39.9,39.9,21.6,38.5
z_40.5_12.0,2029,2,2029-S2,Stable,46.7,30.5,22.7,46.7
z_40.5_12.0,2030,1,2030-S1,Augmentation,39.9,39.9,21.6,38.5
z_40.5_12.0,2030,2,2030-S2,Stable,46.8,30.5,22.8,46.8
z_40.5_13.5,2023,1,2023-S1,Augmentation,53.1,53.1,20.5,26.5
z_40.5_13.5,2023,2,2023-S2,Augmentation,63.7,63.7,18.9,17.4
z_40.5_13.5,2024,1,2024-S1,Augmentation,43.9,43.9,20.6,35.5
z_40.5_13.5,2024,2,2024-S2,Augmentation,60.6,60.6,22.9,16.4
z_40.5_13.5,2025,1,2025-S1,Augmentation,74.0,74.0,9.2,16.8
z_40.5_13.5,2025,2,2025-S2,Augmentation,70.8,70.8,10.6,18.6
z_40.5_13.5,2026,1,2026-S1,Augmentation,67.7,67.7,12.2,20.1
z_40.5_13.5,2026,2,2026-S2,Augmentation,72.1,72.1,12.4,15.5
z_40.5_13.5,2027,1,2027-S1,Augmentation,69.3,69.3,11.7,19.0
z_40.5_13.5,2027,2,2027-S2,Augmentation,68.3,68.3,13.2,18.5
z_40.5_13.5,2028,1,2028-S1,Augmentation,65.2,65.2,12.8,22.0
z_40.5_13.5,2028,2,2028-S2,Augmentation,68.0,68.0,13.0,19.0
z_40.5_13.5,2029,1,2029-S1,Augmentation,66.7,66.7,12.5,20.8
z_40.5_13.5,2029,2,2029-S2,Augmentation,68.5,68.5,12.4,19.2
z_40.5_13.5,2030,1,2030-S1,Augmentation,66.9,66.9,12.2,20.9
z_40.5_13.5,2030,2,2030-S2,Augmentation,69.5,69.5,12.1,18.4
z_40.5_16.5,2023,1,2023-S1,Stable,38.4,29.7,31.9,38.4
z_40.5_16.5,2023,2,2023-S2,Stable,41.7,38.1,20.1,41.7
z_40.5_16.5,2024,1,2024-S1,Augmentation,41.2,41.2,20.8,38.0
z_40.5_16.5,2024,2,2024-S2,Augmentation,51.0,51.0,18.9,30.1
z_40.5_16.5,2025,1,2025-S1,Augmentation,46.3,46.3,19.7,33.9
z_40.5_16.5,2025,2,2025-S2,Augmentation,52.0,52.0,20.1,27.9
z_40.5_16.5,2026,1,2026-S1,Augmentation,47.7,47.7,22.4,29.9
z_40.5_16.5,2026,2,2026-S2,Augmentation,59.5,59.5,14.9,25.6
z_40.5_16.5,2027,1,2027-S1,Augmentation,47.1,47.1,23.1,29.8
z_40.5_16.5,2027,2,2027-S2,Augmentation,58.9,58.9,14.9,26.2
z_40.5_16.5,2028,1,2028-S1,Augmentation,44.5,44.5,23.7,31.8
z_40.5_16.5,2028,2,2028-S2,Augmentation,59.3,59.3,14.6,26.1
z_40.5_16.5,2029,1,2029-S1,Augmentation,46.7,46.7,23.3,30.1
z_40.5_16.5,2029,2,2029-S2,Augmentation,60.2,60.2,14.2,25.6
z_40.5_16.5,2030,1,2030-S1,Augmentation,46.7,46.7,23.3,30.0
z_40.5_16.5,2030,2,2030-S2,Augmentation,60.3,60.3,14.1,25.6
z_40.5_18.0,2023,1,2023-S1,Stable,55.0,22.4,22.6,55.0
z_40.5_18.0,2023,2,2023-S2,Diminution,49.2,26.5,49.2,24.3
z_40.5_18.0,2024,1,2024-S1,Stable,39.7,23.1,37.2,39.7
z_40.5_18.0,2024,2,2024-S2,Diminution,46.6,23.4,46.6,30.0
z_40.5_18.0,2025,1,2025-S1,Stable,43.9,30.0,26.1,43.9
z_40.5_18.0,2025,2,2025-S2,Diminution,44.1,21.3,44.1,34.7
z_40.5_18.0,2026,1,2026-S1,Stable,54.5,20.7,24.8,54.5
z_40.5_18.0,2026,2,2026-S2,Diminution,46.1,22.9,46.1,31.0
z_40.5_18.0,2027,1,2027-S1,Stable,46.6,30.7,22.7,46.6
z_40.5_18.0,2027,2,2027-S2,Diminution,41.5,21.7,41.5,36.8
z_40.5_18.0,2028,1,2028-S1,Stable,47.3,24.5,28.2,47.3
z_40.5_18.0,2028,2,2028-S2,Diminution,43.7,20.1,43.7,36.2
z_40.5_18.0,2029,1,2029-S1,Stable,49.7,22.1,28.2,49.7
z_40.5_18.0,2029,2,2029-S2,Diminution,43.0,22.2,43.0,34.9
z_40.5_18.0,2030,1,2030-S1,Stable,49.7,23.9,26.4,49.7
z_40.5_18.0,2030,2,2030-S2,Diminution,43.0,22.2,43.0,34.9
z_40.5_22.5,2023,1,2023-S1,Augmentation,52.3,52.3,15.2,32.5
z_40.5_22.5,2023,2,2023-S2,Augmentation,57.6,57.6,15.2,27.2
z_40.5_22.5,2024,1,2024-S1,Augmentation,55.1,55.1,16.6,28.3
z_40.5_22.5,2024,2,2024-S2,Augmentation,43.7,43.7,25.6,30.7
z_40.5_22.5,2025,1,2025-S1,Augmentation,56.4,56.4,19.4,24.2
z_40.5_22.5,2025,2,2025-S2,Augmentation,43.1,43.1,24.4,32.5
z_40.5_22.5,2026,1,2026-S1,Stable,38.4,24.2,37.5,38.4
z_40.5_22.5,2026,2,2026-S2,Stable,36.8,31.8,31.4,36.8
z_40.5_22.5,2027,1,2027-S1,Stable,39.7,26.2,34.1,39.7
z_40.5_22.5,2027,2,2027-S2,Stable,36.7,29.7,33.6,36.7
z_40.5_22.5,2028,1,2028-S1,Stable,39.3,26.8,33.9,39.3
z_40.5_22.5,2028,2,2028-S2,Stable,40.6,23.8,35.7,40.6
z_40.5_22.5,2029,1,2029-S1,Stable,43.0,19.7,37.4,43.0
z_40.5_22.5,2029,2,2029-S2,Diminution,42.9,17.9,42.9,39.3
z_40.5_22.5,2030,1,2030-S1,Diminution,41.6,18.4,41.6,40.0
z_40.5_22.5,2030,2,2030-S2,Diminution,42.7,17.9,42.7,39.4
z_40.5_24.0,2023,1,2023-S1,Augmentation,53.0,53.0,18.8,28.2
z_40.5_24.0,2023,2,2023-S2,Augmentation,41.4,41.4,28.7,29.9
z_40.5_24.0,2024,1,2024-S1,Augmentation,43.3,43.3,23.3,33.4
z_40.5_24.0,2024,2,2024-S2,Augmentation,57.0,57.0,16.1,26.9
z_40.5_24.0,2025,1,2025-S1,Augmentation,64.6,64.6,11.1,24.3
z_40.5_24.0,2025,2,2025-S2,Augmentation,73.6,73.6,10.7,15.6
z_40.5_24.0,2026,1,2026-S1,Augmentation,58.6,58.6,14.1,27.3
z_40.5_24.0,2026,2,2026-S2,Augmentation,64.3,64.3,18.8,16.9
z_40.5_24.0,2027,1,2027-S1,Augmentation,58.4,58.4,18.1,23.5
z_40.5_24.0,2027,2,2027-S2,Augmentation,59.4,59.4,16.2,24.4
z_40.5_24.0,2028,1,2028-S1,Augmentation,57.3,57.3,16.6,26.1
z_40.5_24.0,2028,2,2028-S2,Augmentation,64.2,64.2,15.4,20.4
z_40.5_24.0,2029,1,2029-S1,Augmentation,61.5,61.5,15.0,23.5
z_40.5_24.0,2029,2,2029-S2,Augmentation,65.2,65.2,15.7,19.0
z_40.5_24.0,2030,1,2030-S1,Augmentation,64.1,64.1,14.4,21.5
z_40.5_24.0,2030,2,2030-S2,Augmentation,68.7,68.7,14.4,16.9
z_40.5_25.5,2023,1,2023-S1,Augmentation,45.6,45.6,17.1,37.3
z_40.5_25.5,2023,2,2023-S2,Augmentation,40.4,40.4,25.3,34.3
z_40.5_25.5,2024,1,2024-S1,Augmentation,42.4,42.4,19.3,38.3
z_40.5_25.5,2024,2,2024-S2,Stable,38.5,37.8,23.7,38.5
z_40.5_25.5,2025,1,2025-S1,Stable,41.5,39.2,19.3,41.5
z_40.5_25.5,2025,2,2025-S2,Diminution,35.9,28.8,35.9,35.3
z_40.5_25.5,2026,1,2026-S1,Stable,43.4,31.5,25.1,43.4
z_40.5_25.5,2026,2,2026-S2,Diminution,35.3,33.7,35.3,31.0
z_40.5_25.5,2027,1,2027-S1,Stable,44.6,34.9,20.6,44.6
z_40.5_25.5,2027,2,2027-S2,Stable,35.8,30.1,34.1,35.8
z_40.5_25.5,2028,1,2028-S1,Stable,45.2,33.9,20.9,45.2
z_40.5_25.5,2028,2,2028-S2,Stable,35.0,30.9,34.1,35.0
z_40.5_25.5,2029,1,2029-S1,Stable,42.4,36.4,21.2,42.4
z_40.5_25.5,2029,2,2029-S2,Diminution,34.7,32.0,34.7,33.2
z_40.5_25.5,2030,1,2030-S1,Stable,42.4,36.4,21.2,42.4
z_40.5_25.5,2030,2,2030-S2,Diminution,34.3,32.3,34.3,33.4
z_40.5_27.0,2023,1,2023-S1,Diminution,56.6,21.4,56.6,22.1
z_40.5_27.0,2023,2,2023-S2,Diminution,65.8,6.8,65.8,27.4
z_40.5_27.0,2024,1,2024-S1,Diminution,58.5,17.6,58.5,23.9
z_40.5_27.0,2024,2,2024-S2,Diminution,67.8,6.7,67.8,25.5
z_40.5_27.0,2025,1,2025-S1,Diminution,58.5,17.6,58.5,23.9
z_40.5_27.0,2025,2,2025-S2,Diminution,62.8,9.9,62.8,27.3
z_40.5_27.0,2026,1,2026-S1,Diminution,58.2,16.0,58.2,25.8
z_40.5_27.0,2026,2,2026-S2,Diminution,66.6,7.7,66.6,25.8
z_40.5_27.0,2027,1,2027-S1,Diminution,56.7,15.7,56.7,27.6
z_40.5_27.0,2027,2,2027-S2,Diminution,67.1,6.8,67.1,26.1
z_40.5_27.0,2028,1,2028-S1,Diminution,57.9,15.7,57.9,26.4
z_40.5_27.0,2028,2,2028-S2,Diminution,67.8,6.7,67.8,25.5
z_40.5_27.0,2029,1,2029-S1,Diminution,58.5,17.6,58.5,23.9
z_40.5_27.0,2029,2,2029-S2,Diminution,67.8,6.7,67.8,25.5
z_40.5_27.0,2030,1,2030-S1,Diminution,58.5,17.6,58.5,23.9
z_40.5_27.0,2030,2,2030-S2,Diminution,67.8,6.7,67.8,25.5
z_40.5_28.5,2023,1,2023-S1,Augmentation,56.5,56.5,19.6,23.9
z_40.5_28.5,2023,2,2023-S2,Augmentation,67.8,67.8,10.2,21.9
z_40.5_28.5,2024,1,2024-S1,Augmentation,61.6,61.6,16.3,22.2
z_40.5_28.5,2024,2,2024-S2,Augmentation,62.9,62.9,14.1,23.0
z_40.5_28.5,2025,1,2025-S1,Augmentation,40.9,40.9,31.7,27.5
z_40.5_28.5,2025,2,2025-S2,Diminution,38.6,36.7,38.6,24.7
z_40.5_28.5,2026,1,2026-S1,Diminution,40.7,23.3,40.7,35.9
z_40.5_28.5,2026,2,2026-S2,Stable,36.8,28.5,34.7,36.8
z_40.5_28.5,2027,1,2027-S1,Stable,35.4,30.8,33.7,35.4
z_40.5_28.5,2027,2,2027-S2,Stable,36.4,30.9,32.7,36.4
z_40.5_28.5,2028,1,2028-S1,Diminution,38.1,27.0,38.1,34.9
z_40.5_28.5,2028,2,2028-S2,Diminution,38.2,27.7,38.2,34.1
z_40.5_28.5,2029,1,2029-S1,Diminution,40.2,24.8,40.2,35.0
z_40.5_28.5,2029,2,2029-S2,Diminution,40.4,27.3,40.4,32.3
z_40.5_28.5,2030,1,2030-S1,Diminution,41.2,25.0,41.2,33.8
z_40.5_28.5,2030,2,2030-S2,Diminution,40.6,27.1,40.6,32.3
z_40.5_3.0,2023,1,2023-S1,Augmentation,59.3,59.3,14.6,26.1
z_40.5_3.0,2023,2,2023-S2,Augmentation,64.5,64.5,10.7,24.8
z_40.5_3.0,2024,1,2024-S1,Augmentation,47.2,47.2,16.7,36.0
z_40.5_3.0,2024,2,2024-S2,Stable,42.5,39.3,18.1,42.5
z_40.5_3.0,2025,1,2025-S1,Augmentation,43.6,43.6,17.4,39.0
z_40.5_3.0,2025,2,2025-S2,Augmentation,48.8,48.8,14.1,37.1
z_40.5_3.0,2026,1,2026-S1,Augmentation,57.3,57.3,11.6,31.0
z_40.5_3.0,2026,2,2026-S2,Augmentation,50.6,50.6,12.5,36.9
z_40.5_3.0,2027,1,2027-S1,Augmentation,53.3,53.3,13.1,33.6
z_40.5_3.0,2027,2,2027-S2,Augmentation,46.1,46.1,13.8,40.1
z_40.5_3.0,2028,1,2028-S1,Augmentation,48.8,48.8,14.5,36.7
z_40.5_3.0,2028,2,2028-S2,Augmentation,45.8,45.8,14.8,39.5
z_40.5_3.0,2029,1,2029-S1,Augmentation,49.3,49.3,14.0,36.8
z_40.5_3.0,2029,2,2029-S2,Augmentation,45.6,45.6,14.8,39.6
z_40.5_3.0,2030,1,2030-S1,Augmentation,51.5,51.5,14.0,34.5
z_40.5_3.0,2030,2,2030-S2,Augmentation,46.2,46.2,14.7,39.1
z_40.5_37.5,2023,1,2023-S1,Diminution,88.2,0.8,88.2,11.0
z_40.5_37.5,2023,2,2023-S2,Diminution,87.0,0.8,87.0,12.2
z_40.5_37.5,2024,1,2024-S1,Diminution,88.2,0.8,88.2,11.0
z_40.5_37.5,2024,2,2024-S2,Diminution,87.2,1.7,87.2,11.2
z_40.5_37.5,2025,1,2025-S1,Diminution,76.8,1.6,76.8,21.7
z_40.5_37.5,2025,2,2025-S2,Diminution,85.8,3.9,85.8,10.3
z_40.5_37.5,2026,1,2026-S1,Diminution,81.8,3.2,81.8,15.0
z_40.5_37.5,2026,2,2026-S2,Diminution,82.8,2.9,82.8,14.3
z_40.5_37.5,2027,1,2027-S1,Diminution,83.5,3.5,83.5,13.1
z_40.5_37.5,2027,2,2027-S2,Diminution,87.0,0.8,87.0,12.2
z_40.5_37.5,2028,1,2028-S1,Diminution,88.2,0.8,88.2,11.0
z_40.5_37.5,2028,2,2028-S2,Diminution,87.0,0.8,87.0,12.2
z_40.5_37.5,2029,1,2029-S1,Diminution,88.2,0.8,88.2,11.0
z_40.5_37.5,2029,2,2029-S2,Diminution,87.0,0.8,87.0,12.2
z_40.5_37.5,2030,1,2030-S1,Diminution,88.2,0.8,88.2,11.0
z_40.5_37.5,2030,2,2030-S2,Diminution,87.0,0.8,87.0,12.2
z_40.5_4.5,2023,1,2023-S1,Diminution,70.8,3.9,70.8,25.2
z_40.5_4.5,2023,2,2023-S2,Diminution,86.7,4.7,86.7,8.6
z_40.5_4.5,2024,1,2024-S1,Diminution,75.4,5.5,75.4,19.1
z_40.5_4.5,2024,2,2024-S2,Diminution,84.8,1.8,84.8,13.4
z_40.5_4.5,2025,1,2025-S1,Diminution,82.5,3.3,82.5,14.2
z_40.5_4.5,2025,2,2025-S2,Diminution,81.8,1.2,81.8,17.0
z_40.5_4.5,2026,1,2026-S1,Diminution,83.9,5.8,83.9,10.3
z_40.5_4.5,2026,2,2026-S2,Diminution,87.7,2.8,87.7,9.5
z_40.5_4.5,2027,1,2027-S1,Diminution,84.2,2.3,84.2,13.6
z_40.5_4.5,2027,2,2027-S2,Diminution,88.7,2.6,88.7,8.8
z_40.5_4.5,2028,1,2028-S1,Diminution,90.9,1.0,90.9,8.1
z_40.5_4.5,2028,2,2028-S2,Diminution,92.6,0.4,92.6,7.0
z_40.5_4.5,2029,1,2029-S1,Diminution,90.9,1.0,90.9,8.1
z_40.5_4.5,2029,2,2029-S2,Diminution,92.6,0.4,92.6,7.0
z_40.5_4.5,2030,1,2030-S1,Diminution,90.9,1.0,90.9,8.1
z_40.5_4.5,2030,2,2030-S2,Diminution,92.6,0.4,92.6,7.0
z_40.5_7.5,2023,1,2023-S1,Diminution,46.9,18.5,46.9,34.6
z_40.5_7.5,2023,2,2023-S2,Diminution,40.3,25.0,40.3,34.7
z_40.5_7.5,2024,1,2024-S1,Stable,39.8,28.3,32.0,39.8
z_40.5_7.5,2024,2,2024-S2,Stable,43.4,24.7,31.8,43.4
z_40.5_7.5,2025,1,2025-S1,Stable,46.2,33.2,20.6,46.2
z_40.5_7.5,2025,2,2025-S2,Stable,49.4,27.0,23.7,49.4
z_40.5_7.5,2026,1,2026-S1,Stable,42.1,35.8,22.0,42.1
z_40.5_7.5,2026,2,2026-S2,Augmentation,42.1,42.1,16.6,41.3
z_40.5_7.5,2027,1,2027-S1,Augmentation,43.7,43.7,17.4,39.0
z_40.5_7.5,2027,2,2027-S2,Stable,43.0,39.9,17.1,43.0
z_40.5_7.5,2028,1,2028-S1,Augmentation,42.9,42.9,17.5,39.7
z_40.5_7.5,2028,2,2028-S2,Stable,42.0,41.7,16.2,42.0
z_40.5_7.5,2029,1,2029-S1,Augmentation,43.1,43.1,17.4,39.5
z_40.5_7.5,2029,2,2029-S2,Augmentation,43.6,43.6,15.1,41.3
z_40.5_7.5,2030,1,2030-S1,Augmentation,45.7,45.7,15.9,38.5
z_40.5_7.5,2030,2,2030-S2,Augmentation,46.9,46.9,13.8,39.3
z_40.5_9.0,2023,1,2023-S1,Stable,42.2,35.0,22.8,42.2
z_40.5_9.0,2023,2,2023-S2,Augmentation,39.9,39.9,21.2,38.9
z_40.5_9.0,2024,1,2024-S1,Augmentation,41.9,41.9,22.1,36.1
z_40.5_9.0,2024,2,2024-S2,Augmentation,42.5,42.5,26.4,31.1
z_40.5_9.0,2025,1,2025-S1,Augmentation,50.5,50.5,19.9,29.7
z_40.5_9.0,2025,2,2025-S2,Augmentation,41.9,41.9,22.6,35.5
z_40.5_9.0,2026,1,2026-S1,Augmentation,43.0,43.0,22.0,35.0
z_40.5_9.0,2026,2,2026-S2,Augmentation,46.1,46.1,21.8,32.1
z_40.5_9.0,2027,1,2027-S1,Augmentation,45.2,45.2,19.8,35.1
z_40.5_9.0,2027,2,2027-S2,Augmentation,39.4,39.4,21.8,38.8
z_40.5_9.0,2028,1,2028-S1,Augmentation,45.6,45.6,19.2,35.2
z_40.5_9.0,2028,2,2028-S2,Augmentation,41.7,41.7,21.9,36.5
z_40.5_9.0,2029,1,2029-S1,Augmentation,45.1,45.1,19.2,35.6
z_40.5_9.0,2029,2,2029-S2,Augmentation,42.9,42.9,20.8,36.3
z_40.5_9.0,2030,1,2030-S1,Augmentation,45.9,45.9,18.9,35.2
z_40.5_9.0,2030,2,2030-S2,Augmentation,43.7,43.7,21.4,34.9
z_42.0_-10.5,2023,1,2023-S1,Augmentation,53.8,53.8,17.0,29.2
z_42.0_-10.5,2023,2,2023-S2,Augmentation,55.7,55.7,13.4,30.9
z_42.0_-10.5,2024,1,2024-S1,Augmentation,48.8,48.8,16.8,34.4
z_42.0_-10.5,2024,2,2024-S2,Augmentation,61.5,61.5,13.9,24.7
z_42.0_-10.5,2025,1,2025-S1,Augmentation,49.6,49.6,16.3,34.1
z_42.0_-10.5,2025,2,2025-S2,Augmentation,62.3,62.3,14.5,23.2
z_42.0_-10.5,2026,1,2026-S1,Augmentation,52.9,52.9,16.9,30.3
z_42.0_-10.5,2026,2,2026-S2,Augmentation,52.5,52.5,16.2,31.2
z_42.0_-10.5,2027,1,2027-S1,Augmentation,59.0,59.0,17.8,23.2
z_42.0_-10.5,2027,2,2027-S2,Augmentation,58.0,58.0,15.2,26.8
z_42.0_-10.5,2028,1,2028-S1,Augmentation,59.4,59.4,16.6,24.0
z_42.0_-10.5,2028,2,2028-S2,Augmentation,63.2,63.2,14.9,21.9
z_42.0_-10.5,2029,1,2029-S1,Augmentation,60.2,60.2,15.7,24.1
z_42.0_-10.5,2029,2,2029-S2,Augmentation,63.7,63.7,14.8,21.5
z_42.0_-10.5,2030,1,2030-S1,Augmentation,62.3,62.3,16.2,21.5
z_42.0_-10.5,2030,2,2030-S2,Augmentation,68.3,68.3,13.3,18.4
z_42.0_-24.0,2023,1,2023-S1,Diminution,75.9,2.7,75.9,21.4
z_42.0_-24.0,2023,2,2023-S2,Diminution,75.6,3.3,75.6,21.1
z_42.0_-24.0,2024,1,2024-S1,Diminution,75.9,2.7,75.9,21.4
z_42.0_-24.0,2024,2,2024-S2,Diminution,75.6,3.3,75.6,21.1
z_42.0_-24.0,2025,1,2025-S1,Diminution,75.9,2.7,75.9,21.4
z_42.0_-24.0,2025,2,2025-S2,Diminution,72.6,5.3,72.6,22.1
z_42.0_-24.0,2026,1,2026-S1,Diminution,57.7,5.1,57.7,37.2
z_42.0_-24.0,2026,2,2026-S2,Diminution,71.4,3.2,71.4,25.4
z_42.0_-24.0,2027,1,2027-S1,Diminution,68.5,5.4,68.5,26.1
z_42.0_-24.0,2027,2,2027-S2,Diminution,70.9,5.2,70.9,23.9
z_42.0_-24.0,2028,1,2028-S1,Diminution,61.2,2.6,61.2,36.2
z_42.0_-24.0,2028,2,2028-S2,Diminution,75.6,3.3,75.6,21.1
z_42.0_-24.0,2029,1,2029-S1,Diminution,75.9,2.7,75.9,21.4
z_42.0_-24.0,2029,2,2029-S2,Diminution,75.6,3.3,75.6,21.1
z_42.0_-24.0,2030,1,2030-S1,Diminution,75.9,2.7,75.9,21.4
z_42.0_-24.0,2030,2,2030-S2,Diminution,75.6,3.3,75.6,21.1
z_42.0_-3.0,2023,1,2023-S1,Stable,42.0,30.9,27.1,42.0
z_42.0_-3.0,2023,2,2023-S2,Augmentation,45.5,45.5,19.3,35.2
z_42.0_-3.0,2024,1,2024-S1,Augmentation,43.2,43.2,21.0,35.8
z_42.0_-3.0,2024,2,2024-S2,Augmentation,53.9,53.9,15.2,30.9
z_42.0_-3.0,2025,1,2025-S1,Augmentation,60.2,60.2,11.2,28.6
z_42.0_-3.0,2025,2,2025-S2,Augmentation,38.2,38.2,23.8,38.0
z_42.0_-3.0,2026,1,2026-S1,Stable,36.6,31.8,31.5,36.6
z_42.0_-3.0,2026,2,2026-S2,Stable,44.5,30.8,24.7,44.5
z_42.0_-3.0,2027,1,2027-S1,Stable,39.7,34.7,25.7,39.7
z_42.0_-3.0,2027,2,2027-S2,Stable,41.6,31.2,27.1,41.6
z_42.0_-3.0,2028,1,2028-S1,Stable,39.1,35.7,25.1,39.1
z_42.0_-3.0,2028,2,2028-S2,Stable,40.0,35.6,24.4,40.0
z_42.0_-3.0,2029,1,2029-S1,Stable,40.3,34.4,25.3,40.3
z_42.0_-3.0,2029,2,2029-S2,Stable,41.8,32.6,25.6,41.8
z_42.0_-3.0,2030,1,2030-S1,Stable,39.2,35.4,25.3,39.2
z_42.0_-3.0,2030,2,2030-S2,Stable,41.8,32.6,25.6,41.8
z_42.0_-36.0,2023,1,2023-S1,Diminution,87.4,0.8,87.4,11.8
z_42.0_-36.0,2023,2,2023-S2,Diminution,88.6,0.9,88.6,10.5
z_42.0_-36.0,2024,1,2024-S1,Diminution,73.1,1.2,73.1,25.6
z_42.0_-36.0,2024,2,2024-S2,Diminution,84.4,4.1,84.4,11.5
z_42.0_-36.0,2025,1,2025-S1,Diminution,83.2,2.7,83.2,14.1
z_42.0_-36.0,2025,2,2025-S2,Diminution,84.2,1.8,84.2,14.0
z_42.0_-36.0,2026,1,2026-S1,Diminution,85.2,2.7,85.2,12.1
z_42.0_-36.0,2026,2,2026-S2,Diminution,86.8,0.5,86.8,12.7
z_42.0_-36.0,2027,1,2027-S1,Diminution,87.4,0.8,87.4,11.8
z_42.0_-36.0,2027,2,2027-S2,Diminution,86.8,0.5,86.8,12.7
z_42.0_-36.0,2028,1,2028-S1,Diminution,87.4,0.8,87.4,11.8
z_42.0_-36.0,2028,2,2028-S2,Diminution,86.8,0.5,86.8,12.7
z_42.0_-36.0,2029,1,2029-S1,Diminution,87.4,0.8,87.4,11.8
z_42.0_-36.0,2029,2,2029-S2,Diminution,86.8,0.5,86.8,12.7
z_42.0_-36.0,2030,1,2030-S1,Diminution,87.4,0.8,87.4,11.8
z_42.0_-36.0,2030,2,2030-S2,Diminution,86.8,0.5,86.8,12.7
z_42.0_-4.5,2023,1,2023-S1,Stable,43.9,34.6,21.4,43.9
z_42.0_-4.5,2023,2,2023-S2,Stable,40.6,40.5,18.9,40.6
z_42.0_-4.5,2024,1,2024-S1,Stable,41.6,39.2,19.1,41.6
z_42.0_-4.5,2024,2,2024-S2,Stable,42.9,38.8,18.3,42.9
z_42.0_-4.5,2025,1,2025-S1,Stable,45.6,37.3,17.1,45.6
z_42.0_-4.5,2025,2,2025-S2,Augmentation,48.0,48.0,19.5,32.5
z_42.0_-4.5,2026,1,2026-S1,Stable,41.1,40.5,18.4,41.1
z_42.0_-4.5,2026,2,2026-S2,Stable,41.8,37.7,20.5,41.8
z_42.0_-4.5,2027,1,2027-S1,Augmentation,40.1,40.1,22.1,37.8
z_42.0_-4.5,2027,2,2027-S2,Augmentation,41.0,41.0,21.0,38.0
z_42.0_-4.5,2028,1,2028-S1,Stable,40.3,39.8,19.9,40.3
z_42.0_-4.5,2028,2,2028-S2,Stable,40.0,37.1,22.8,40.0
z_42.0_-4.5,2029,1,2029-S1,Stable,39.5,39.3,21.2,39.5
z_42.0_-4.5,2029,2,2029-S2,Augmentation,41.4,41.4,21.3,37.3
z_42.0_-4.5,2030,1,2030-S1,Augmentation,39.4,39.4,21.4,39.2
z_42.0_-4.5,2030,2,2030-S2,Augmentation,41.4,41.4,21.4,37.1
z_42.0_-6.0,2023,1,2023-S1,Diminution,74.5,3.2,74.5,22.3
z_42.0_-6.0,2023,2,2023-S2,Diminution,70.9,5.5,70.9,23.6
z_42.0_-6.0,2024,1,2024-S1,Diminution,51.6,8.9,51.6,39.5
z_42.0_-6.0,2024,2,2024-S2,Diminution,81.4,4.3,81.4,14.3
z_42.0_-6.0,2025,1,2025-S1,Diminution,70.8,4.3,70.8,24.9
z_42.0_-6.0,2025,2,2025-S2,Diminution,67.9,6.6,67.9,25.5
z_42.0_-6.0,2026,1,2026-S1,Stable,49.4,8.0,42.6,49.4
z_42.0_-6.0,2026,2,2026-S2,Diminution,81.4,4.3,81.4,14.3
z_42.0_-6.0,2027,1,2027-S1,Diminution,70.8,4.3,70.8,24.9
z_42.0_-6.0,2027,2,2027-S2,Diminution,80.7,3.6,80.7,15.7
z_42.0_-6.0,2028,1,2028-S1,Diminution,67.3,3.3,67.3,29.4
z_42.0_-6.0,2028,2,2028-S2,Diminution,84.8,2.6,84.8,12.6
z_42.0_-6.0,2029,1,2029-S1,Diminution,74.5,3.2,74.5,22.3
z_42.0_-6.0,2029,2,2029-S2,Diminution,84.8,2.6,84.8,12.6
z_42.0_-6.0,2030,1,2030-S1,Diminution,74.5,3.2,74.5,22.3
z_42.0_-6.0,2030,2,2030-S2,Diminution,84.8,2.6,84.8,12.6
z_42.0_-9.0,2023,1,2023-S1,Augmentation,57.2,57.2,16.6,26.3
z_42.0_-9.0,2023,2,2023-S2,Augmentation,68.1,68.1,15.5,16.4
z_42.0_-9.0,2024,1,2024-S1,Augmentation,55.8,55.8,13.1,31.1
z_42.0_-9.0,2024,2,2024-S2,Augmentation,63.7,63.7,15.5,20.9
z_42.0_-9.0,2025,1,2025-S1,Augmentation,71.6,71.6,9.7,18.7
z_42.0_-9.0,2025,2,2025-S2,Augmentation,50.9,50.9,22.2,26.9
z_42.0_-9.0,2026,1,2026-S1,Augmentation,34.7,34.7,33.5,31.8
z_42.0_-9.0,2026,2,2026-S2,Augmentation,52.7,52.7,25.5,21.9
z_42.0_-9.0,2027,1,2027-S1,Augmentation,51.8,51.8,18.2,30.0
z_42.0_-9.0,2027,2,2027-S2,Augmentation,56.0,56.0,20.1,23.8
z_42.0_-9.0,2028,1,2028-S1,Augmentation,60.7,60.7,17.3,22.0
z_42.0_-9.0,2028,2,2028-S2,Augmentation,64.0,64.0,15.9,20.1
z_42.0_-9.0,2029,1,2029-S1,Augmentation,61.9,61.9,14.0,24.1
z_42.0_-9.0,2029,2,2029-S2,Augmentation,68.4,68.4,14.8,16.8
z_42.0_-9.0,2030,1,2030-S1,Augmentation,65.3,65.3,13.4,21.3
z_42.0_-9.0,2030,2,2030-S2,Augmentation,69.6,69.6,14.2,16.2
z_42.0_10.5,2023,1,2023-S1,Diminution,40.4,27.4,40.4,32.3
z_42.0_10.5,2023,2,2023-S2,Stable,36.5,28.5,35.1,36.5
z_42.0_10.5,2024,1,2024-S1,Stable,41.3,36.4,22.2,41.3
z_42.0_10.5,2024,2,2024-S2,Augmentation,42.4,42.4,18.4,39.2
z_42.0_10.5,2025,1,2025-S1,Stable,35.3,34.4,30.3,35.3
z_42.0_10.5,2025,2,2025-S2,Augmentation,44.3,44.3,22.3,33.4
z_42.0_10.5,2026,1,2026-S1,Augmentation,47.8,47.8,19.4,32.8
z_42.0_10.5,2026,2,2026-S2,Augmentation,45.0,45.0,22.9,32.1
z_42.0_10.5,2027,1,2027-S1,Augmentation,40.6,40.6,21.8,37.7
z_42.0_10.5,2027,2,2027-S2,Augmentation,41.8,41.8,23.6,34.7
z_42.0_10.5,2028,1,2028-S1,Augmentation,40.4,40.4,23.5,36.2
z_42.0_10.5,2028,2,2028-S2,Augmentation,45.0,45.0,20.9,34.1
z_42.0_10.5,2029,1,2029-S1,Augmentation,47.3,47.3,18.9,33.8
z_42.0_10.5,2029,2,2029-S2,Augmentation,50.2,50.2,19.0,30.8
z_42.0_10.5,2030,1,2030-S1,Augmentation,48.3,48.3,18.7,33.0
z_42.0_10.5,2030,2,2030-S2,Augmentation,50.2,50.2,19.1,30.8
z_42.0_13.5,2023,1,2023-S1,Stable,37.1,33.4,29.5,37.1
z_42.0_13.5,2023,2,2023-S2,Augmentation,40.1,40.1,22.5,37.4
z_42.0_13.5,2024,1,2024-S1,Augmentation,46.8,46.8,16.2,36.9
z_42.0_13.5,2024,2,2024-S2,Augmentation,60.0,60.0,12.8,27.2
z_42.0_13.5,2025,1,2025-S1,Augmentation,60.7,60.7,13.9,25.3
z_42.0_13.5,2025,2,2025-S2,Augmentation,61.1,61.1,14.3,24.7
z_42.0_13.5,2026,1,2026-S1,Augmentation,45.7,45.7,25.6,28.7
z_42.0_13.5,2026,2,2026-S2,Augmentation,64.1,64.1,15.8,20.2
z_42.0_13.5,2027,1,2027-S1,Augmentation,57.0,57.0,16.5,26.5
z_42.0_13.5,2027,2,2027-S2,Augmentation,61.1,61.1,14.3,24.6
z_42.0_13.5,2028,1,2028-S1,Augmentation,55.1,55.1,16.2,28.8
z_42.0_13.5,2028,2,2028-S2,Augmentation,61.9,61.9,13.7,24.4
z_42.0_13.5,2029,1,2029-S1,Augmentation,60.9,60.9,15.1,24.0
z_42.0_13.5,2029,2,2029-S2,Augmentation,65.9,65.9,13.6,20.4
z_42.0_13.5,2030,1,2030-S1,Augmentation,62.5,62.5,15.1,22.4
z_42.0_13.5,2030,2,2030-S2,Augmentation,66.1,66.1,14.1,19.8
z_42.0_15.0,2023,1,2023-S1,Augmentation,42.0,42.0,28.2,29.8
z_42.0_15.0,2023,2,2023-S2,Augmentation,51.0,51.0,16.1,33.0
z_42.0_15.0,2024,1,2024-S1,Augmentation,56.0,56.0,14.4,29.6
z_42.0_15.0,2024,2,2024-S2,Augmentation,61.5,61.5,13.2,25.3
z_42.0_15.0,2025,1,2025-S1,Augmentation,66.1,66.1,12.1,21.8
z_42.0_15.0,2025,2,2025-S2,Augmentation,57.7,57.7,13.4,28.9
z_42.0_15.0,2026,1,2026-S1,Augmentation,63.4,63.4,13.5,23.1
z_42.0_15.0,2026,2,2026-S2,Augmentation,66.4,66.4,11.5,22.1
z_42.0_15.0,2027,1,2027-S1,Augmentation,55.5,55.5,13.9,30.5
z_42.0_15.0,2027,2,2027-S2,Augmentation,59.9,59.9,13.5,26.6
z_42.0_15.0,2028,1,2028-S1,Augmentation,59.2,59.2,13.7,27.1
z_42.0_15.0,2028,2,2028-S2,Augmentation,61.8,61.8,13.5,24.7
z_42.0_15.0,2029,1,2029-S1,Augmentation,65.0,65.0,13.7,21.3
z_42.0_15.0,2029,2,2029-S2,Augmentation,66.6,66.6,13.3,20.1
z_42.0_15.0,2030,1,2030-S1,Augmentation,64.2,64.2,13.7,22.0
z_42.0_15.0,2030,2,2030-S2,Augmentation,66.9,66.9,13.0,20.1
z_42.0_16.5,2023,1,2023-S1,Stable,46.8,21.3,31.8,46.8
z_42.0_16.5,2023,2,2023-S2,Stable,56.8,12.8,30.4,56.8
z_42.0_16.5,2024,1,2024-S1,Stable,43.5,32.5,24.0,43.5
z_42.0_16.5,2024,2,2024-S2,Stable,48.5,26.6,24.9,48.5
z_42.0_16.5,2025,1,2025-S1,Stable,50.1,27.6,22.4,50.1
z_42.0_16.5,2025,2,2025-S2,Stable,51.8,21.0,27.2,51.8
z_42.0_16.5,2026,1,2026-S1,Augmentation,40.3,40.3,21.6,38.1
z_42.0_16.5,2026,2,2026-S2,Stable,50.6,22.3,27.1,50.6
z_42.0_16.5,2027,1,2027-S1,Stable,46.4,29.7,23.9,46.4
z_42.0_16.5,2027,2,2027-S2,Stable,51.3,23.1,25.6,51.3
z_42.0_16.5,2028,1,2028-S1,Stable,50.7,27.3,22.0,50.7
z_42.0_16.5,2028,2,2028-S2,Stable,53.1,20.7,26.2,53.1
z_42.0_16.5,2029,1,2029-S1,Stable,45.1,31.2,23.7,45.1
z_42.0_16.5,2029,2,2029-S2,Stable,49.9,23.3,26.8,49.9
z_42.0_16.5,2030,1,2030-S1,Stable,45.1,31.2,23.7,45.1
z_42.0_16.5,2030,2,2030-S2,Stable,49.9,23.3,26.8,49.9
z_42.0_18.0,2023,1,2023-S1,Diminution,53.0,16.7,53.0,30.3
z_42.0_18.0,2023,2,2023-S2,Stable,43.5,17.5,39.0,43.5
z_42.0_18.0,2024,1,2024-S1,Diminution,55.8,8.3,55.8,36.0
z_42.0_18.0,2024,2,2024-S2,Stable,43.2,15.6,41.3,43.2
z_42.0_18.0,2025,1,2025-S1,Diminution,58.7,10.9,58.7,30.4
z_42.0_18.0,2025,2,2025-S2,Stable,46.2,15.7,38.0,46.2
z_42.0_18.0,2026,1,2026-S1,Diminution,58.9,8.7,58.9,32.4
z_42.0_18.0,2026,2,2026-S2,Diminution,45.4,16.5,45.4,38.1
z_42.0_18.0,2027,1,2027-S1,Diminution,62.1,8.2,62.1,29.7
z_42.0_18.0,2027,2,2027-S2,Diminution,45.2,16.3,45.2,38.5
z_42.0_18.0,2028,1,2028-S1,Diminution,57.4,9.2,57.4,33.4
z_42.0_18.0,2028,2,2028-S2,Diminution,47.2,19.2,47.2,33.5
z_42.0_18.0,2029,1,2029-S1,Diminution,57.4,9.2,57.4,33.4
z_42.0_18.0,2029,2,2029-S2,Diminution,47.2,19.2,47.2,33.5
z_42.0_18.0,2030,1,2030-S1,Diminution,57.4,9.2,57.4,33.4
z_42.0_18.0,2030,2,2030-S2,Diminution,47.2,19.2,47.2,33.5
z_42.0_27.0,2023,1,2023-S1,Augmentation,55.1,55.1,12.0,32.9
z_42.0_27.0,2023,2,2023-S2,Augmentation,62.4,62.4,13.1,24.5
z_42.0_27.0,2024,1,2024-S1,Augmentation,46.6,46.6,17.4,36.0
z_42.0_27.0,2024,2,2024-S2,Augmentation,40.4,40.4,29.0,30.6
z_42.0_27.0,2025,1,2025-S1,Stable,45.8,29.2,24.9,45.8
z_42.0_27.0,2025,2,2025-S2,Stable,41.6,30.7,27.6,41.6
z_42.0_27.0,2026,1,2026-S1,Stable,45.4,31.0,23.6,45.4
z_42.0_27.0,2026,2,2026-S2,Stable,36.3,32.4,31.3,36.3
z_42.0_27.0,2027,1,2027-S1,Stable,47.2,30.1,22.7,47.2
z_42.0_27.0,2027,2,2027-S2,Stable,40.0,31.3,28.6,40.0
z_42.0_27.0,2028,1,2028-S1,Stable,46.8,31.3,21.9,46.8
z_42.0_27.0,2028,2,2028-S2,Stable,38.9,30.7,30.4,38.9
z_42.0_27.0,2029,1,2029-S1,Stable,44.9,31.6,23.4,44.9
z_42.0_27.0,2029,2,2029-S2,Stable,37.3,31.4,31.3,37.3
z_42.0_27.0,2030,1,2030-S1,Stable,44.9,31.6,23.4,44.9
z_42.0_27.0,2030,2,2030-S2,Stable,37.3,31.6,31.1,37.3
z_42.0_28.5,2023,1,2023-S1,Diminution,59.1,8.0,59.1,32.9
z_42.0_28.5,2023,2,2023-S2,Diminution,57.2,6.6,57.2,36.3
z_42.0_28.5,2024,1,2024-S1,Diminution,45.6,20.6,45.6,33.7
z_42.0_28.5,2024,2,2024-S2,Diminution,50.2,12.6,50.2,37.3
z_42.0_28.5,2025,1,2025-S1,Diminution,53.6,9.5,53.6,37.0
z_42.0_28.5,2025,2,2025-S2,Diminution,59.4,6.6,59.4,34.0
z_42.0_28.5,2026,1,2026-S1,Diminution,59.4,7.0,59.4,33.5
z_42.0_28.5,2026,2,2026-S2,Diminution,59.7,3.3,59.7,37.0
z_42.0_28.5,2027,1,2027-S1,Diminution,59.1,8.0,59.1,32.9
z_42.0_28.5,2027,2,2027-S2,Diminution,67.3,3.9,67.3,28.7
z_42.0_28.5,2028,1,2028-S1,Diminution,59.1,8.0,59.1,32.9
z_42.0_28.5,2028,2,2028-S2,Diminution,67.3,3.9,67.3,28.7
z_42.0_28.5,2029,1,2029-S1,Diminution,59.1,8.0,59.1,32.9
z_42.0_28.5,2029,2,2029-S2,Diminution,67.3,3.9,67.3,28.7
z_42.0_28.5,2030,1,2030-S1,Diminution,59.1,8.0,59.1,32.9
z_42.0_28.5,2030,2,2030-S2,Diminution,67.3,3.9,67.3,28.7
z_42.0_3.0,2023,1,2023-S1,Augmentation,46.9,46.9,31.0,22.1
z_42.0_3.0,2023,2,2023-S2,Augmentation,59.3,59.3,20.6,20.1
z_42.0_3.0,2024,1,2024-S1,Augmentation,62.6,62.6,15.9,21.5
z_42.0_3.0,2024,2,2024-S2,Augmentation,63.1,63.1,12.8,24.1
z_42.0_3.0,2025,1,2025-S1,Augmentation,63.8,63.8,15.3,20.9
z_42.0_3.0,2025,2,2025-S2,Augmentation,68.7,68.7,12.5,18.8
z_42.0_3.0,2026,1,2026-S1,Augmentation,43.3,43.3,31.2,25.5
z_42.0_3.0,2026,2,2026-S2,Augmentation,58.5,58.5,26.0,15.5
z_42.0_3.0,2027,1,2027-S1,Augmentation,58.6,58.6,18.8,22.5
z_42.0_3.0,2027,2,2027-S2,Augmentation,61.3,61.3,16.9,21.7
z_42.0_3.0,2028,1,2028-S1,Augmentation,60.9,60.9,18.8,20.3
z_42.0_3.0,2028,2,2028-S2,Augmentation,67.7,67.7,14.6,17.7
z_42.0_3.0,2029,1,2029-S1,Augmentation,60.7,60.7,18.7,20.6
z_42.0_3.0,2029,2,2029-S2,Augmentation,67.5,67.5,14.6,18.0
z_42.0_3.0,2030,1,2030-S1,Augmentation,62.7,62.7,16.2,21.1
z_42.0_3.0,2030,2,2030-S2,Augmentation,69.7,69.7,12.5,17.8
z_42.0_4.5,2023,1,2023-S1,Augmentation,55.6,55.6,18.9,25.5
z_42.0_4.5,2023,2,2023-S2,Augmentation,63.5,63.5,20.0,16.4
z_42.0_4.5,2024,1,2024-S1,Augmentation,65.1,65.1,14.1,20.8
z_42.0_4.5,2024,2,2024-S2,Augmentation,62.8,62.8,13.3,23.9
z_42.0_4.5,2025,1,2025-S1,Augmentation,52.6,52.6,20.5,26.9
z_42.0_4.5,2025,2,2025-S2,Augmentation,40.7,40.7,34.2,25.2
z_42.0_4.5,2026,1,2026-S1,Augmentation,38.2,38.2,34.8,26.9
z_42.0_4.5,2026,2,2026-S2,Augmentation,43.9,43.9,27.1,29.0
z_42.0_4.5,2027,1,2027-S1,Augmentation,44.7,44.7,20.0,35.3
z_42.0_4.5,2027,2,2027-S2,Augmentation,44.3,44.3,21.6,34.1
z_42.0_4.5,2028,1,2028-S1,Augmentation,45.0,45.0,22.9,32.0
z_42.0_4.5,2028,2,2028-S2,Augmentation,51.4,51.4,19.9,28.7
z_42.0_4.5,2029,1,2029-S1,Augmentation,46.9,46.9,20.4,32.7
z_42.0_4.5,2029,2,2029-S2,Augmentation,50.2,50.2,19.7,30.1
z_42.0_4.5,2030,1,2030-S1,Augmentation,46.7,46.7,20.1,33.2
z_42.0_4.5,2030,2,2030-S2,Augmentation,52.8,52.8,18.7,28.5
z_42.0_6.0,2023,1,2023-S1,Augmentation,43.1,43.1,23.3,33.6
z_42.0_6.0,2023,2,2023-S2,Augmentation,52.2,52.2,17.6,30.2
z_42.0_6.0,2024,1,2024-S1,Stable,40.6,40.3,19.2,40.6
z_42.0_6.0,2024,2,2024-S2,Augmentation,51.9,51.9,15.5,32.6
z_42.0_6.0,2025,1,2025-S1,Augmentation,46.1,46.1,22.1,31.9
z_42.0_6.0,2025,2,2025-S2,Stable,50.8,26.8,22.4,50.8
z_42.0_6.0,2026,1,2026-S1,Stable,42.1,22.5,35.4,42.1
z_42.0_6.0,2026,2,2026-S2,Stable,42.4,38.6,19.0,42.4
z_42.0_6.0,2027,1,2027-S1,Stable,39.2,36.8,24.1,39.2
z_42.0_6.0,2027,2,2027-S2,Stable,41.7,39.5,18.8,41.7
z_42.0_6.0,2028,1,2028-S1,Stable,38.5,31.9,29.5,38.5
z_42.0_6.0,2028,2,2028-S2,Augmentation,43.1,43.1,17.7,39.2
z_42.0_6.0,2029,1,2029-S1,Stable,39.1,37.0,23.9,39.1
z_42.0_6.0,2029,2,2029-S2,Augmentation,43.1,43.1,17.6,39.3
z_42.0_6.0,2030,1,2030-S1,Stable,39.1,36.9,24.0,39.1
z_42.0_6.0,2030,2,2030-S2,Augmentation,43.1,43.1,17.7,39.2
z_42.0_7.5,2023,1,2023-S1,Stable,54.9,12.1,33.0,54.9
z_42.0_7.5,2023,2,2023-S2,Stable,54.0,15.4,30.6,54.0
z_42.0_7.5,2024,1,2024-S1,Stable,59.0,19.0,22.0,59.0
z_42.0_7.5,2024,2,2024-S2,Stable,57.5,22.3,20.2,57.5
z_42.0_7.5,2025,1,2025-S1,Stable,60.0,14.5,25.4,60.0
z_42.0_7.5,2025,2,2025-S2,Diminution,43.0,23.7,43.0,33.3
z_42.0_7.5,2026,1,2026-S1,Diminution,44.2,15.9,44.2,39.9
z_42.0_7.5,2026,2,2026-S2,Diminution,46.1,17.3,46.1,36.6
z_42.0_7.5,2027,1,2027-S1,Diminution,45.0,17.9,45.0,37.1
z_42.0_7.5,2027,2,2027-S2,Diminution,47.0,15.4,47.0,37.6
z_42.0_7.5,2028,1,2028-S1,Diminution,47.7,16.5,47.7,35.8
z_42.0_7.5,2028,2,2028-S2,Diminution,47.0,15.4,47.0,37.6
z_42.0_7.5,2029,1,2029-S1,Diminution,47.7,16.5,47.7,35.8
z_42.0_7.5,2029,2,2029-S2,Diminution,47.0,15.4,47.0,37.6
z_42.0_7.5,2030,1,2030-S1,Diminution,47.7,16.5,47.7,35.8
z_42.0_7.5,2030,2,2030-S2,Diminution,47.0,15.4,47.0,37.6
z_42.0_9.0,2023,1,2023-S1,Augmentation,37.7,37.7,30.9,31.4
z_42.0_9.0,2023,2,2023-S2,Augmentation,55.1,55.1,20.7,24.2
z_42.0_9.0,2024,1,2024-S1,Augmentation,42.5,42.5,21.6,35.8
z_42.0_9.0,2024,2,2024-S2,Augmentation,39.0,39.0,33.2,27.8
z_42.0_9.0,2025,1,2025-S1,Augmentation,44.2,44.2,27.8,28.0
z_42.0_9.0,2025,2,2025-S2,Augmentation,38.7,38.7,28.3,33.0
z_42.0_9.0,2026,1,2026-S1,Augmentation,43.0,43.0,21.4,35.6
z_42.0_9.0,2026,2,2026-S2,Augmentation,44.1,44.1,21.3,34.6
z_42.0_9.0,2027,1,2027-S1,Augmentation,46.3,46.3,21.1,32.6
z_42.0_9.0,2027,2,2027-S2,Augmentation,51.0,51.0,22.8,26.2
z_42.0_9.0,2028,1,2028-S1,Augmentation,43.9,43.9,22.4,33.7
z_42.0_9.0,2028,2,2028-S2,Augmentation,45.2,45.2,24.3,30.5
z_42.0_9.0,2029,1,2029-S1,Augmentation,46.8,46.8,20.8,32.4
z_42.0_9.0,2029,2,2029-S2,Augmentation,46.7,46.7,23.3,30.0
z_42.0_9.0,2030,1,2030-S1,Augmentation,46.3,46.3,20.9,32.9
z_42.0_9.0,2030,2,2030-S2,Augmentation,46.3,46.3,23.1,30.6
z_43.5_-1.5,2023,1,2023-S1,Augmentation,40.7,40.7,23.5,35.8
z_43.5_-1.5,2023,2,2023-S2,Stable,41.9,31.3,26.8,41.9
z_43.5_-1.5,2024,1,2024-S1,Stable,41.8,34.6,23.5,41.8
z_43.5_-1.5,2024,2,2024-S2,Augmentation,45.5,45.5,18.6,35.9
z_43.5_-1.5,2025,1,2025-S1,Augmentation,41.9,41.9,19.6,38.5
z_43.5_-1.5,2025,2,2025-S2,Augmentation,53.4,53.4,17.4,29.3
z_43.5_-1.5,2026,1,2026-S1,Augmentation,53.0,53.0,15.7,31.3
z_43.5_-1.5,2026,2,2026-S2,Augmentation,51.1,51.1,18.5,30.5
z_43.5_-1.5,2027,1,2027-S1,Augmentation,44.3,44.3,19.0,36.7
z_43.5_-1.5,2027,2,2027-S2,Augmentation,50.4,50.4,17.8,31.9
z_43.5_-1.5,2028,1,2028-S1,Augmentation,50.5,50.5,17.4,32.1
z_43.5_-1.5,2028,2,2028-S2,Augmentation,58.5,58.5,14.3,27.2
z_43.5_-1.5,2029,1,2029-S1,Augmentation,52.7,52.7,16.4,30.9
z_43.5_-1.5,2029,2,2029-S2,Augmentation,60.5,60.5,13.7,25.8
z_43.5_-1.5,2030,1,2030-S1,Augmentation,53.6,53.6,16.3,30.1
z_43.5_-1.5,2030,2,2030-S2,Augmentation,58.9,58.9,14.2,26.9
z_43.5_-10.5,2023,1,2023-S1,Diminution,44.0,15.6,44.0,40.5
z_43.5_-10.5,2023,2,2023-S2,Diminution,60.1,13.1,60.1,26.8
z_43.5_-10.5,2024,1,2024-S1,Diminution,42.6,17.5,42.6,39.9
z_43.5_-10.5,2024,2,2024-S2,Diminution,60.9,12.9,60.9,26.2
z_43.5_-10.5,2025,1,2025-S1,Stable,44.0,16.6,39.4,44.0
z_43.5_-10.5,2025,2,2025-S2,Diminution,55.8,11.3,55.8,32.9
z_43.5_-10.5,2026,1,2026-S1,Stable,42.3,15.6,42.1,42.3
z_43.5_-10.5,2026,2,2026-S2,Diminution,52.0,10.7,52.0,37.3
z_43.5_-10.5,2027,1,2027-S1,Diminution,41.0,18.3,41.0,40.6
z_43.5_-10.5,2027,2,2027-S2,Diminution,57.4,12.2,57.4,30.4
z_43.5_-10.5,2028,1,2028-S1,Diminution,44.4,17.3,44.4,38.3
z_43.5_-10.5,2028,2,2028-S2,Diminution,61.8,10.7,61.8,27.5
z_43.5_-10.5,2029,1,2029-S1,Diminution,44.4,17.3,44.4,38.3
z_43.5_-10.5,2029,2,2029-S2,Diminution,61.8,10.7,61.8,27.5
z_43.5_-10.5,2030,1,2030-S1,Diminution,44.4,17.3,44.4,38.3
z_43.5_-10.5,2030,2,2030-S2,Diminution,61.8,10.7,61.8,27.5
z_43.5_-3.0,2023,1,2023-S1,Augmentation,41.9,41.9,21.1,37.0
z_43.5_-3.0,2023,2,2023-S2,Augmentation,42.2,42.2,21.8,36.0
z_43.5_-3.0,2024,1,2024-S1,Augmentation,46.4,46.4,16.1,37.5
z_43.5_-3.0,2024,2,2024-S2,Stable,40.8,39.9,19.3,40.8
z_43.5_-3.0,2025,1,2025-S1,Stable,40.3,40.1,19.6,40.3
z_43.5_-3.0,2025,2,2025-S2,Augmentation,44.1,44.1,23.5,32.5
z_43.5_-3.0,2026,1,2026-S1,Stable,41.2,37.6,21.2,41.2
z_43.5_-3.0,2026,2,2026-S2,Stable,36.2,29.7,34.1,36.2
z_43.5_-3.0,2027,1,2027-S1,Stable,42.3,39.6,18.1,42.3
z_43.5_-3.0,2027,2,2027-S2,Augmentation,39.8,39.8,23.3,36.9
z_43.5_-3.0,2028,1,2028-S1,Augmentation,43.1,43.1,16.7,40.2
z_43.5_-3.0,2028,2,2028-S2,Augmentation,40.3,40.3,23.8,35.9
z_43.5_-3.0,2029,1,2029-S1,Augmentation,45.1,45.1,15.5,39.3
z_43.5_-3.0,2029,2,2029-S2,Augmentation,44.0,44.0,18.9,37.1
z_43.5_-3.0,2030,1,2030-S1,Augmentation,47.9,47.9,14.2,37.9
z_43.5_-3.0,2030,2,2030-S2,Augmentation,51.0,51.0,15.8,33.2
z_43.5_-33.0,2023,1,2023-S1,Diminution,89.2,1.0,89.2,9.8
z_43.5_-33.0,2023,2,2023-S2,Diminution,88.5,1.1,88.5,10.4
z_43.5_-33.0,2024,1,2024-S1,Diminution,89.2,1.0,89.2,9.8
z_43.5_-33.0,2024,2,2024-S2,Diminution,88.5,1.1,88.5,10.4
z_43.5_-33.0,2025,1,2025-S1,Diminution,73.1,7.8,73.1,19.1
z_43.5_-33.0,2025,2,2025-S2,Diminution,67.3,5.0,67.3,27.7
z_43.5_-33.0,2026,1,2026-S1,Diminution,85.6,4.4,85.6,10.0
z_43.5_-33.0,2026,2,2026-S2,Diminution,69.0,7.5,69.0,23.6
z_43.5_-33.0,2027,1,2027-S1,Diminution,82.3,3.0,82.3,14.8
z_43.5_-33.0,2027,2,2027-S2,Diminution,80.5,2.9,80.5,16.5
z_43.5_-33.0,2028,1,2028-S1,Diminution,89.2,1.0,89.2,9.8
z_43.5_-33.0,2028,2,2028-S2,Diminution,88.5,1.1,88.5,10.4
z_43.5_-33.0,2029,1,2029-S1,Diminution,89.2,1.0,89.2,9.8
z_43.5_-33.0,2029,2,2029-S2,Diminution,88.5,1.1,88.5,10.4
z_43.5_-33.0,2030,1,2030-S1,Diminution,89.2,1.0,89.2,9.8
z_43.5_-33.0,2030,2,2030-S2,Diminution,88.5,1.1,88.5,10.4
z_43.5_-4.5,2023,1,2023-S1,Stable,46.7,24.8,28.5,46.7
z_43.5_-4.5,2023,2,2023-S2,Stable,44.8,31.6,23.6,44.8
z_43.5_-4.5,2024,1,2024-S1,Augmentation,36.6,36.6,28.1,35.3
z_43.5_-4.5,2024,2,2024-S2,Augmentation,56.4,56.4,12.8,30.8
z_43.5_-4.5,2025,1,2025-S1,Augmentation,40.9,40.9,19.6,39.4
z_43.5_-4.5,2025,2,2025-S2,Augmentation,48.4,48.4,19.5,32.1
z_43.5_-4.5,2026,1,2026-S1,Augmentation,50.3,50.3,16.1,33.6
z_43.5_-4.5,2026,2,2026-S2,Augmentation,43.2,43.2,20.8,36.0
z_43.5_-4.5,2027,1,2027-S1,Augmentation,55.2,55.2,16.8,28.1
z_43.5_-4.5,2027,2,2027-S2,Augmentation,53.7,53.7,14.3,32.0
z_43.5_-4.5,2028,1,2028-S1,Augmentation,52.1,52.1,15.3,32.6
z_43.5_-4.5,2028,2,2028-S2,Augmentation,57.4,57.4,12.4,30.1
z_43.5_-4.5,2029,1,2029-S1,Augmentation,51.4,51.4,14.4,34.2
z_43.5_-4.5,2029,2,2029-S2,Augmentation,57.8,57.8,12.5,29.7
z_43.5_-4.5,2030,1,2030-S1,Augmentation,51.7,51.7,14.3,34.0
z_43.5_-4.5,2030,2,2030-S2,Augmentation,57.3,57.3,12.6,30.1
z_43.5_-6.0,2023,1,2023-S1,Augmentation,48.8,48.8,17.1,34.1
z_43.5_-6.0,2023,2,2023-S2,Augmentation,37.5,37.5,33.6,28.9
z_43.5_-6.0,2024,1,2024-S1,Diminution,34.1,33.5,34.1,32.3
z_43.5_-6.0,2024,2,2024-S2,Stable,38.8,35.1,26.2,38.8
z_43.5_-6.0,2025,1,2025-S1,Stable,41.8,37.2,21.0,41.8
z_43.5_-6.0,2025,2,2025-S2,Augmentation,58.6,58.6,12.3,29.1
z_43.5_-6.0,2026,1,2026-S1,Augmentation,46.3,46.3,17.7,36.1
z_43.5_-6.0,2026,2,2026-S2,Augmentation,56.6,56.6,16.6,26.7
z_43.5_-6.0,2027,1,2027-S1,Augmentation,45.3,45.3,22.0,32.8
z_43.5_-6.0,2027,2,2027-S2,Augmentation,52.3,52.3,19.4,28.2
z_43.5_-6.0,2028,1,2028-S1,Augmentation,46.9,46.9,19.9,33.2
z_43.5_-6.0,2028,2,2028-S2,Augmentation,54.4,54.4,16.6,29.0
z_43.5_-6.0,2029,1,2029-S1,Augmentation,47.9,47.9,18.4,33.6
z_43.5_-6.0,2029,2,2029-S2,Augmentation,57.6,57.6,15.6,26.8
z_43.5_-6.0,2030,1,2030-S1,Augmentation,48.7,48.7,17.9,33.5
z_43.5_-6.0,2030,2,2030-S2,Augmentation,58.8,58.8,14.8,26.4
z_43.5_-7.5,2023,1,2023-S1,Stable,39.7,29.6,30.7,39.7
z_43.5_-7.5,2023,2,2023-S2,Augmentation,41.2,41.2,20.2,38.6
z_43.5_-7.5,2024,1,2024-S1,Augmentation,46.0,46.0,15.6,38.4
z_43.5_-7.5,2024,2,2024-S2,Augmentation,53.6,53.6,16.7,29.7
z_43.5_-7.5,2025,1,2025-S1,Augmentation,66.0,66.0,14.6,19.4
z_43.5_-7.5,2025,2,2025-S2,Augmentation,43.1,43.1,23.6,33.2
z_43.5_-7.5,2026,1,2026-S1,Augmentation,38.7,38.7,31.2,30.1
z_43.5_-7.5,2026,2,2026-S2,Augmentation,51.7,51.7,19.0,29.3
z_43.5_-7.5,2027,1,2027-S1,Augmentation,51.8,51.8,16.5,31.7
z_43.5_-7.5,2027,2,2027-S2,Augmentation,56.1,56.1,15.7,28.2
z_43.5_-7.5,2028,1,2028-S1,Augmentation,55.0,55.0,15.7,29.2
z_43.5_-7.5,2028,2,2028-S2,Augmentation,59.0,59.0,13.7,27.2
z_43.5_-7.5,2029,1,2029-S1,Augmentation,54.5,54.5,15.3,30.1
z_43.5_-7.5,2029,2,2029-S2,Augmentation,56.4,56.4,14.6,29.0
z_43.5_-7.5,2030,1,2030-S1,Augmentation,54.2,54.2,15.8,30.0
z_43.5_-7.5,2030,2,2030-S2,Augmentation,57.0,57.0,15.1,27.9
z_43.5_-9.0,2023,1,2023-S1,Augmentation,55.3,55.3,17.0,27.6
z_43.5_-9.0,2023,2,2023-S2,Augmentation,63.9,63.9,11.6,24.6
z_43.5_-9.0,2024,1,2024-S1,Augmentation,59.1,59.1,20.3,20.6
z_43.5_-9.0,2024,2,2024-S2,Augmentation,65.5,65.5,14.7,19.8
z_43.5_-9.0,2025,1,2025-S1,Augmentation,60.1,60.1,18.0,21.9
z_43.5_-9.0,2025,2,2025-S2,Augmentation,67.5,67.5,12.7,19.8
z_43.5_-9.0,2026,1,2026-S1,Augmentation,58.7,58.7,18.2,23.0
z_43.5_-9.0,2026,2,2026-S2,Augmentation,65.4,65.4,17.2,17.4
z_43.5_-9.0,2027,1,2027-S1,Augmentation,63.1,63.1,15.7,21.2
z_43.5_-9.0,2027,2,2027-S2,Augmentation,64.9,64.9,15.5,19.6
z_43.5_-9.0,2028,1,2028-S1,Augmentation,60.5,60.5,17.8,21.7
z_43.5_-9.0,2028,2,2028-S2,Augmentation,68.8,68.8,13.9,17.3
z_43.5_-9.0,2029,1,2029-S1,Augmentation,62.5,62.5,15.3,22.2
z_43.5_-9.0,2029,2,2029-S2,Augmentation,70.0,70.0,12.2,17.8
z_43.5_-9.0,2030,1,2030-S1,Augmentation,62.2,62.2,14.4,23.4
z_43.5_-9.0,2030,2,2030-S2,Augmentation,70.3,70.3,11.9,17.8
z_43.5_12.0,2023,1,2023-S1,Augmentation,57.7,57.7,13.8,28.5
z_43.5_12.0,2023,2,2023-S2,Augmentation,77.7,77.7,7.6,14.7
z_43.5_12.0,2024,1,2024-S1,Augmentation,71.2,71.2,7.8,21.0
z_43.5_12.0,2024,2,2024-S2,Augmentation,74.0,74.0,8.8,17.2
z_43.5_12.0,2025,1,2025-S1,Augmentation,63.5,63.5,11.2,25.3
z_43.5_12.0,2025,2,2025-S2,Augmentation,74.4,74.4,11.4,14.2
z_43.5_12.0,2026,1,2026-S1,Augmentation,67.3,67.3,14.4,18.3
z_43.5_12.0,2026,2,2026-S2,Augmentation,72.6,72.6,13.4,14.0
z_43.5_12.0,2027,1,2027-S1,Augmentation,65.3,65.3,11.2,23.4
z_43.5_12.0,2027,2,2027-S2,Augmentation,67.6,67.6,11.0,21.4
z_43.5_12.0,2028,1,2028-S1,Augmentation,68.3,68.3,11.1,20.6
z_43.5_12.0,2028,2,2028-S2,Augmentation,73.6,73.6,10.4,16.0
z_43.5_12.0,2029,1,2029-S1,Augmentation,68.3,68.3,11.4,20.3
z_43.5_12.0,2029,2,2029-S2,Augmentation,67.6,67.6,12.0,20.5
z_43.5_12.0,2030,1,2030-S1,Augmentation,66.3,66.3,11.5,22.2
z_43.5_12.0,2030,2,2030-S2,Augmentation,68.2,68.2,11.4,20.3
z_43.5_13.5,2023,1,2023-S1,Augmentation,56.6,56.6,16.7,26.6
z_43.5_13.5,2023,2,2023-S2,Augmentation,51.2,51.2,18.6,30.3
z_43.5_13.5,2024,1,2024-S1,Augmentation,38.3,38.3,24.7,37.0
z_43.5_13.5,2024,2,2024-S2,Augmentation,50.5,50.5,18.2,31.3
z_43.5_13.5,2025,1,2025-S1,Augmentation,48.7,48.7,18.1,33.3
z_43.5_13.5,2025,2,2025-S2,Augmentation,49.2,49.2,18.4,32.3
z_43.5_13.5,2026,1,2026-S1,Stable,37.5,31.7,30.8,37.5
z_43.5_13.5,2026,2,2026-S2,Augmentation,36.9,36.9,27.6,35.5
z_43.5_13.5,2027,1,2027-S1,Augmentation,43.3,43.3,22.5,34.3
z_43.5_13.5,2027,2,2027-S2,Augmentation,45.9,45.9,18.4,35.7
z_43.5_13.5,2028,1,2028-S1,Augmentation,43.7,43.7,21.2,35.2
z_43.5_13.5,2028,2,2028-S2,Augmentation,45.1,45.1,21.1,33.8
z_43.5_13.5,2029,1,2029-S1,Augmentation,45.3,45.3,19.9,34.8
z_43.5_13.5,2029,2,2029-S2,Augmentation,46.2,46.2,19.0,34.8
z_43.5_13.5,2030,1,2030-S1,Augmentation,47.0,47.0,18.6,34.4
z_43.5_13.5,2030,2,2030-S2,Augmentation,53.0,53.0,15.3,31.7
z_43.5_15.0,2023,1,2023-S1,Diminution,53.0,21.4,53.0,25.6
z_43.5_15.0,2023,2,2023-S2,Stable,38.6,29.1,32.2,38.6
z_43.5_15.0,2024,1,2024-S1,Stable,36.1,29.0,34.9,36.1
z_43.5_15.0,2024,2,2024-S2,Stable,41.8,31.4,26.8,41.8
z_43.5_15.0,2025,1,2025-S1,Diminution,40.5,25.4,40.5,34.1
z_43.5_15.0,2025,2,2025-S2,Augmentation,39.0,39.0,25.2,35.8
z_43.5_15.0,2026,1,2026-S1,Augmentation,36.3,36.3,30.6,33.1
z_43.5_15.0,2026,2,2026-S2,Stable,38.1,32.8,29.1,38.1
z_43.5_15.0,2027,1,2027-S1,Diminution,36.7,27.8,36.7,35.6
z_43.5_15.0,2027,2,2027-S2,Stable,36.7,34.4,29.0,36.7
z_43.5_15.0,2028,1,2028-S1,Diminution,37.8,24.6,37.8,37.6
z_43.5_15.0,2028,2,2028-S2,Stable,36.3,34.0,29.7,36.3
z_43.5_15.0,2029,1,2029-S1,Diminution,37.8,25.4,37.8,36.8
z_43.5_15.0,2029,2,2029-S2,Stable,36.3,34.0,29.7,36.3
z_43.5_15.0,2030,1,2030-S1,Diminution,37.8,25.4,37.8,36.8
z_43.5_15.0,2030,2,2030-S2,Stable,36.3,34.0,29.7,36.3
z_43.5_28.5,2023,1,2023-S1,Diminution,39.4,26.8,39.4,33.8
z_43.5_28.5,2023,2,2023-S2,Stable,50.8,25.8,23.4,50.8
z_43.5_28.5,2024,1,2024-S1,Diminution,39.5,24.1,39.5,36.4
z_43.5_28.5,2024,2,2024-S2,Stable,43.4,30.7,25.9,43.4
z_43.5_28.5,2025,1,2025-S1,Diminution,43.7,25.0,43.7,31.3
z_43.5_28.5,2025,2,2025-S2,Stable,46.9,28.2,24.8,46.9
z_43.5_28.5,2026,1,2026-S1,Diminution,42.0,26.5,42.0,31.5
z_43.5_28.5,2026,2,2026-S2,Stable,49.9,27.1,23.0,49.9
z_43.5_28.5,2027,1,2027-S1,Diminution,41.8,23.5,41.8,34.7
z_43.5_28.5,2027,2,2027-S2,Stable,47.6,29.1,23.3,47.6
z_43.5_28.5,2028,1,2028-S1,Diminution,39.9,26.4,39.9,33.7
z_43.5_28.5,2028,2,2028-S2,Stable,47.6,27.1,25.4,47.6
z_43.5_28.5,2029,1,2029-S1,Diminution,40.5,25.4,40.5,34.1
z_43.5_28.5,2029,2,2029-S2,Stable,46.2,29.6,24.2,46.2
z_43.5_28.5,2030,1,2030-S1,Diminution,40.5,25.4,40.5,34.1
z_43.5_28.5,2030,2,2030-S2,Stable,46.2,29.6,24.2,46.2
z_43.5_30.0,2023,1,2023-S1,Diminution,91.2,1.1,91.2,7.7
z_43.5_30.0,2023,2,2023-S2,Diminution,93.1,0.7,93.1,6.2
z_43.5_30.0,2024,1,2024-S1,Diminution,79.1,1.7,79.1,19.2
z_43.5_30.0,2024,2,2024-S2,Diminution,86.8,4.9,86.8,8.3
z_43.5_30.0,2025,1,2025-S1,Diminution,86.4,2.9,86.4,10.7
z_43.5_30.0,2025,2,2025-S2,Diminution,86.1,1.8,86.1,12.1
z_43.5_30.0,2026,1,2026-S1,Diminution,88.4,2.6,88.4,9.0
z_43.5_30.0,2026,2,2026-S2,Diminution,92.6,0.3,92.6,7.0
z_43.5_30.0,2027,1,2027-S1,Diminution,91.2,1.1,91.2,7.7
z_43.5_30.0,2027,2,2027-S2,Diminution,92.6,0.3,92.6,7.0
z_43.5_30.0,2028,1,2028-S1,Diminution,91.2,1.1,91.2,7.7
z_43.5_30.0,2028,2,2028-S2,Diminution,92.6,0.3,92.6,7.0
z_43.5_30.0,2029,1,2029-S1,Diminution,91.2,1.1,91.2,7.7
z_43.5_30.0,2029,2,2029-S2,Diminution,92.6,0.3,92.6,7.0
z_43.5_30.0,2030,1,2030-S1,Diminution,91.2,1.1,91.2,7.7
z_43.5_30.0,2030,2,2030-S2,Diminution,92.6,0.3,92.6,7.0
z_43.5_36.0,2023,1,2023-S1,Diminution,64.3,7.7,64.3,28.0
z_43.5_36.0,2023,2,2023-S2,Diminution,77.3,3.5,77.3,19.2
z_43.5_36.0,2024,1,2024-S1,Diminution,64.0,8.7,64.0,27.3
z_43.5_36.0,2024,2,2024-S2,Diminution,65.3,6.7,65.3,28.0
z_43.5_36.0,2025,1,2025-S1,Diminution,49.5,13.9,49.5,36.6
z_43.5_36.0,2025,2,2025-S2,Diminution,73.7,4.4,73.7,21.9
z_43.5_36.0,2026,1,2026-S1,Diminution,60.2,10.0,60.2,29.9
z_43.5_36.0,2026,2,2026-S2,Diminution,72.7,4.5,72.7,22.8
z_43.5_36.0,2027,1,2027-S1,Diminution,64.3,7.7,64.3,28.0
z_43.5_36.0,2027,2,2027-S2,Diminution,77.3,3.5,77.3,19.2
z_43.5_36.0,2028,1,2028-S1,Diminution,64.0,8.7,64.0,27.3
z_43.5_36.0,2028,2,2028-S2,Diminution,77.3,3.5,77.3,19.2
z_43.5_36.0,2029,1,2029-S1,Diminution,64.0,8.7,64.0,27.3
z_43.5_36.0,2029,2,2029-S2,Diminution,77.3,3.5,77.3,19.2
z_43.5_36.0,2030,1,2030-S1,Diminution,64.0,8.7,64.0,27.3
z_43.5_36.0,2030,2,2030-S2,Diminution,77.3,3.5,77.3,19.2
z_43.5_37.5,2023,1,2023-S1,Diminution,38.6,26.4,38.6,34.9
z_43.5_37.5,2023,2,2023-S2,Stable,50.8,25.4,23.8,50.8
z_43.5_37.5,2024,1,2024-S1,Diminution,37.8,27.6,37.8,34.7
z_43.5_37.5,2024,2,2024-S2,Diminution,42.4,18.5,42.4,39.1
z_43.5_37.5,2025,1,2025-S1,Diminution,43.0,26.5,43.0,30.5
z_43.5_37.5,2025,2,2025-S2,Diminution,39.8,21.7,39.8,38.5
z_43.5_37.5,2026,1,2026-S1,Diminution,46.0,29.1,46.0,24.9
z_43.5_37.5,2026,2,2026-S2,Diminution,40.8,19.7,40.8,39.5
z_43.5_37.5,2027,1,2027-S1,Diminution,46.2,28.2,46.2,25.6
z_43.5_37.5,2027,2,2027-S2,Diminution,40.8,19.7,40.8,39.5
z_43.5_37.5,2028,1,2028-S1,Diminution,46.2,28.2,46.2,25.6
z_43.5_37.5,2028,2,2028-S2,Diminution,40.8,19.7,40.8,39.5
z_43.5_37.5,2029,1,2029-S1,Diminution,46.2,28.2,46.2,25.6
z_43.5_37.5,2029,2,2029-S2,Diminution,40.8,19.7,40.8,39.5
z_43.5_37.5,2030,1,2030-S1,Diminution,46.2,28.2,46.2,25.6
z_43.5_37.5,2030,2,2030-S2,Diminution,40.8,19.7,40.8,39.5
z_43.5_6.0,2023,1,2023-S1,Diminution,62.0,10.6,62.0,27.4
z_43.5_6.0,2023,2,2023-S2,Diminution,53.9,13.1,53.9,33.1
z_43.5_6.0,2024,1,2024-S1,Diminution,49.1,18.0,49.1,32.8
z_43.5_6.0,2024,2,2024-S2,Diminution,43.3,16.0,43.3,40.7
z_43.5_6.0,2025,1,2025-S1,Diminution,42.7,19.4,42.7,37.9
z_43.5_6.0,2025,2,2025-S2,Diminution,56.2,8.8,56.2,35.0
z_43.5_6.0,2026,1,2026-S1,Diminution,65.7,13.0,65.7,21.3
z_43.5_6.0,2026,2,2026-S2,Diminution,53.4,14.5,53.4,32.2
z_43.5_6.0,2027,1,2027-S1,Diminution,71.3,7.3,71.3,21.4
z_43.5_6.0,2027,2,2027-S2,Diminution,53.4,16.3,53.4,30.4
z_43.5_6.0,2028,1,2028-S1,Diminution,70.9,7.1,70.9,21.9
z_43.5_6.0,2028,2,2028-S2,Diminution,54.4,14.3,54.4,31.2
z_43.5_6.0,2029,1,2029-S1,Diminution,70.9,7.1,70.9,21.9
z_43.5_6.0,2029,2,2029-S2,Diminution,54.4,14.3,54.4,31.2
z_43.5_6.0,2030,1,2030-S1,Diminution,70.9,7.1,70.9,21.9
z_43.5_6.0,2030,2,2030-S2,Diminution,54.4,14.3,54.4,31.2
z_43.5_7.5,2023,1,2023-S1,Augmentation,49.5,49.5,27.3,23.1
z_43.5_7.5,2023,2,2023-S2,Augmentation,68.0,68.0,12.0,20.1
z_43.5_7.5,2024,1,2024-S1,Augmentation,53.5,53.5,20.5,26.0
z_43.5_7.5,2024,2,2024-S2,Augmentation,64.4,64.4,16.8,18.8
z_43.5_7.5,2025,1,2025-S1,Augmentation,52.0,52.0,25.1,22.9
z_43.5_7.5,2025,2,2025-S2,Augmentation,61.7,61.7,16.6,21.7
z_43.5_7.5,2026,1,2026-S1,Augmentation,47.6,47.6,29.1,23.3
z_43.5_7.5,2026,2,2026-S2,Augmentation,61.7,61.7,16.8,21.5
z_43.5_7.5,2027,1,2027-S1,Augmentation,50.5,50.5,25.6,23.9
z_43.5_7.5,2027,2,2027-S2,Augmentation,60.3,60.3,17.4,22.2
z_43.5_7.5,2028,1,2028-S1,Augmentation,52.6,52.6,25.2,22.2
z_43.5_7.5,2028,2,2028-S2,Augmentation,63.4,63.4,16.2,20.4
z_43.5_7.5,2029,1,2029-S1,Augmentation,52.1,52.1,25.2,22.6
z_43.5_7.5,2029,2,2029-S2,Augmentation,65.6,65.6,15.9,18.5
z_43.5_7.5,2030,1,2030-S1,Augmentation,54.0,54.0,23.6,22.3
z_43.5_7.5,2030,2,2030-S2,Augmentation,65.5,65.5,15.7,18.8
z_43.5_9.0,2023,1,2023-S1,Augmentation,48.9,48.9,21.0,30.1
z_43.5_9.0,2023,2,2023-S2,Augmentation,62.4,62.4,12.3,25.3
z_43.5_9.0,2024,1,2024-S1,Augmentation,52.7,52.7,22.4,24.9
z_43.5_9.0,2024,2,2024-S2,Augmentation,53.3,53.3,13.2,33.5
z_43.5_9.0,2025,1,2025-S1,Augmentation,52.6,52.6,20.7,26.7
z_43.5_9.0,2025,2,2025-S2,Augmentation,60.4,60.4,14.6,25.0
z_43.5_9.0,2026,1,2026-S1,Augmentation,55.4,55.4,21.7,22.8
z_43.5_9.0,2026,2,2026-S2,Augmentation,63.9,63.9,13.6,22.5
z_43.5_9.0,2027,1,2027-S1,Augmentation,57.2,57.2,20.4,22.4
z_43.5_9.0,2027,2,2027-S2,Augmentation,62.2,62.2,14.1,23.6
z_43.5_9.0,2028,1,2028-S1,Augmentation,57.8,57.8,20.7,21.6
z_43.5_9.0,2028,2,2028-S2,Augmentation,64.4,64.4,14.4,21.2
z_43.5_9.0,2029,1,2029-S1,Augmentation,57.5,57.5,20.2,22.3
z_43.5_9.0,2029,2,2029-S2,Augmentation,65.9,65.9,13.9,20.3
z_43.5_9.0,2030,1,2030-S1,Augmentation,59.3,59.3,19.2,21.6
z_43.5_9.0,2030,2,2030-S2,Augmentation,67.2,67.2,14.1,18.7
z_45.0_-1.5,2023,1,2023-S1,Augmentation,57.3,57.3,15.9,26.8
z_45.0_-1.5,2023,2,2023-S2,Augmentation,67.3,67.3,14.2,18.5
z_45.0_-1.5,2024,1,2024-S1,Augmentation,64.4,64.4,12.4,23.1
z_45.0_-1.5,2024,2,2024-S2,Augmentation,42.0,42.0,26.5,31.5
z_45.0_-1.5,2025,1,2025-S1,Augmentation,57.1,57.1,17.8,25.1
z_45.0_-1.5,2025,2,2025-S2,Augmentation,54.2,54.2,20.1,25.7
z_45.0_-1.5,2026,1,2026-S1,Augmentation,55.0,55.0,13.9,31.1
z_45.0_-1.5,2026,2,2026-S2,Augmentation,54.2,54.2,16.5,29.3
z_45.0_-1.5,2027,1,2027-S1,Augmentation,56.0,56.0,15.2,28.8
z_45.0_-1.5,2027,2,2027-S2,Augmentation,60.9,60.9,14.6,24.5
z_45.0_-1.5,2028,1,2028-S1,Augmentation,54.0,54.0,14.6,31.4
z_45.0_-1.5,2028,2,2028-S2,Augmentation,58.3,58.3,15.4,26.3
z_45.0_-1.5,2029,1,2029-S1,Augmentation,57.7,57.7,14.3,28.0
z_45.0_-1.5,2029,2,2029-S2,Augmentation,63.2,63.2,14.9,21.9
z_45.0_-1.5,2030,1,2030-S1,Augmentation,62.4,62.4,14.2,23.4
z_45.0_-1.5,2030,2,2030-S2,Augmentation,63.1,63.1,15.1,21.9
z_45.0_-19.5,2023,1,2023-S1,Diminution,77.1,2.1,77.1,20.8
z_45.0_-19.5,2023,2,2023-S2,Diminution,75.9,2.5,75.9,21.6
z_45.0_-19.5,2024,1,2024-S1,Diminution,77.1,2.1,77.1,20.8
z_45.0_-19.5,2024,2,2024-S2,Diminution,69.1,5.8,69.1,25.2
z_45.0_-19.5,2025,1,2025-S1,Diminution,54.0,6.2,54.0,39.9
z_45.0_-19.5,2025,2,2025-S2,Diminution,71.9,3.0,71.9,25.1
z_45.0_-19.5,2026,1,2026-S1,Diminution,69.3,4.2,69.3,26.5
z_45.0_-19.5,2026,2,2026-S2,Diminution,72.1,3.5,72.1,24.4
z_45.0_-19.5,2027,1,2027-S1,Diminution,64.5,2.5,64.5,33.0
z_45.0_-19.5,2027,2,2027-S2,Diminution,75.9,2.5,75.9,21.6
z_45.0_-19.5,2028,1,2028-S1,Diminution,77.1,2.1,77.1,20.8
z_45.0_-19.5,2028,2,2028-S2,Diminution,75.9,2.5,75.9,21.6
z_45.0_-19.5,2029,1,2029-S1,Diminution,77.1,2.1,77.1,20.8
z_45.0_-19.5,2029,2,2029-S2,Diminution,75.9,2.5,75.9,21.6
z_45.0_-19.5,2030,1,2030-S1,Diminution,77.1,2.1,77.1,20.8
z_45.0_-19.5,2030,2,2030-S2,Diminution,75.9,2.5,75.9,21.6
z_45.0_-3.0,2023,1,2023-S1,Augmentation,66.1,66.1,15.8,18.1
z_45.0_-3.0,2023,2,2023-S2,Augmentation,64.6,64.6,16.2,19.2
z_45.0_-3.0,2024,1,2024-S1,Augmentation,60.1,60.1,16.5,23.4
z_45.0_-3.0,2024,2,2024-S2,Augmentation,65.4,65.4,12.9,21.7
z_45.0_-3.0,2025,1,2025-S1,Augmentation,64.0,64.0,16.4,19.7
z_45.0_-3.0,2025,2,2025-S2,Augmentation,64.4,64.4,16.5,19.1
z_45.0_-3.0,2026,1,2026-S1,Augmentation,60.1,60.1,17.8,22.1
z_45.0_-3.0,2026,2,2026-S2,Augmentation,66.7,66.7,14.8,18.5
z_45.0_-3.0,2027,1,2027-S1,Augmentation,63.0,63.0,15.8,21.3
z_45.0_-3.0,2027,2,2027-S2,Augmentation,68.2,68.2,13.6,18.2
z_45.0_-3.0,2028,1,2028-S1,Augmentation,62.8,62.8,16.8,20.4
z_45.0_-3.0,2028,2,2028-S2,Augmentation,69.1,69.1,14.0,16.9
z_45.0_-3.0,2029,1,2029-S1,Augmentation,63.5,63.5,14.6,21.9
z_45.0_-3.0,2029,2,2029-S2,Augmentation,71.1,71.1,11.3,17.5
z_45.0_-3.0,2030,1,2030-S1,Augmentation,64.0,64.0,14.0,22.0
z_45.0_-3.0,2030,2,2030-S2,Augmentation,71.6,71.6,11.2,17.2
z_45.0_-4.5,2023,1,2023-S1,Stable,42.7,36.4,20.9,42.7
z_45.0_-4.5,2023,2,2023-S2,Stable,39.7,23.0,37.3,39.7
z_45.0_-4.5,2024,1,2024-S1,Stable,37.3,25.9,36.9,37.3
z_45.0_-4.5,2024,2,2024-S2,Diminution,54.3,16.8,54.3,28.9
z_45.0_-4.5,2025,1,2025-S1,Stable,40.4,20.8,38.9,40.4
z_45.0_-4.5,2025,2,2025-S2,Diminution,46.3,19.7,46.3,34.0
z_45.0_-4.5,2026,1,2026-S1,Stable,42.1,23.5,34.4,42.1
z_45.0_-4.5,2026,2,2026-S2,Stable,37.4,25.8,36.8,37.4
z_45.0_-4.5,2027,1,2027-S1,Diminution,42.7,17.0,42.7,40.3
z_45.0_-4.5,2027,2,2027-S2,Diminution,43.0,20.9,43.0,36.2
z_45.0_-4.5,2028,1,2028-S1,Diminution,41.0,19.0,41.0,40.0
z_45.0_-4.5,2028,2,2028-S2,Diminution,43.7,21.1,43.7,35.2
z_45.0_-4.5,2029,1,2029-S1,Diminution,43.1,18.7,43.1,38.2
z_45.0_-4.5,2029,2,2029-S2,Diminution,44.3,20.2,44.3,35.5
z_45.0_-4.5,2030,1,2030-S1,Diminution,43.1,18.7,43.1,38.2
z_45.0_-4.5,2030,2,2030-S2,Diminution,44.3,20.2,44.3,35.5
z_45.0_-6.0,2023,1,2023-S1,Diminution,47.3,16.7,47.3,36.0
z_45.0_-6.0,2023,2,2023-S2,Diminution,55.6,12.4,55.6,32.0
z_45.0_-6.0,2024,1,2024-S1,Diminution,52.7,12.5,52.7,34.8
z_45.0_-6.0,2024,2,2024-S2,Diminution,54.5,5.1,54.5,40.4
z_45.0_-6.0,2025,1,2025-S1,Diminution,48.0,18.5,48.0,33.5
z_45.0_-6.0,2025,2,2025-S2,Stable,42.5,15.1,42.4,42.5
z_45.0_-6.0,2026,1,2026-S1,Diminution,50.8,9.7,50.8,39.6
z_45.0_-6.0,2026,2,2026-S2,Diminution,65.3,5.0,65.3,29.7
z_45.0_-6.0,2027,1,2027-S1,Diminution,55.7,9.4,55.7,34.9
z_45.0_-6.0,2027,2,2027-S2,Diminution,58.5,2.3,58.5,39.1
z_45.0_-6.0,2028,1,2028-S1,Diminution,50.2,9.3,50.2,40.5
z_45.0_-6.0,2028,2,2028-S2,Diminution,72.7,2.2,72.7,25.1
z_45.0_-6.0,2029,1,2029-S1,Diminution,50.2,9.3,50.2,40.5
z_45.0_-6.0,2029,2,2029-S2,Diminution,72.7,2.2,72.7,25.1
z_45.0_-6.0,2030,1,2030-S1,Diminution,50.2,9.3,50.2,40.5
z_45.0_-6.0,2030,2,2030-S2,Diminution,72.7,2.2,72.7,25.1
z_45.0_-7.5,2023,1,2023-S1,Diminution,78.7,2.1,78.7,19.2
z_45.0_-7.5,2023,2,2023-S2,Diminution,67.2,8.4,67.2,24.4
z_45.0_-7.5,2024,1,2024-S1,Diminution,78.7,2.1,78.7,19.2
z_45.0_-7.5,2024,2,2024-S2,Diminution,67.2,8.4,67.2,24.4
z_45.0_-7.5,2025,1,2025-S1,Diminution,78.7,2.1,78.7,19.2
z_45.0_-7.5,2025,2,2025-S2,Diminution,64.0,18.0,64.0,18.0
z_45.0_-7.5,2026,1,2026-S1,Diminution,70.8,4.7,70.8,24.4
z_45.0_-7.5,2026,2,2026-S2,Diminution,65.5,10.9,65.5,23.6
z_45.0_-7.5,2027,1,2027-S1,Diminution,75.2,4.3,75.2,20.4
z_45.0_-7.5,2027,2,2027-S2,Diminution,70.9,9.0,70.9,20.1
z_45.0_-7.5,2028,1,2028-S1,Diminution,77.1,4.0,77.1,19.0
z_45.0_-7.5,2028,2,2028-S2,Diminution,67.2,8.4,67.2,24.4
z_45.0_-7.5,2029,1,2029-S1,Diminution,78.7,2.1,78.7,19.2
z_45.0_-7.5,2029,2,2029-S2,Diminution,67.2,8.4,67.2,24.4
z_45.0_-7.5,2030,1,2030-S1,Diminution,78.7,2.1,78.7,19.2
z_45.0_-7.5,2030,2,2030-S2,Diminution,67.2,8.4,67.2,24.4
z_45.0_-9.0,2023,1,2023-S1,Stable,57.9,16.0,26.2,57.9
z_45.0_-9.0,2023,2,2023-S2,Stable,55.9,21.0,23.0,55.9
z_45.0_-9.0,2024,1,2024-S1,Stable,52.0,15.2,32.7,52.0
z_45.0_-9.0,2024,2,2024-S2,Stable,53.0,12.4,34.6,53.0
z_45.0_-9.0,2025,1,2025-S1,Stable,46.0,20.6,33.4,46.0
z_45.0_-9.0,2025,2,2025-S2,Stable,48.1,24.8,27.1,48.1
z_45.0_-9.0,2026,1,2026-S1,Stable,50.3,23.2,26.4,50.3
z_45.0_-9.0,2026,2,2026-S2,Stable,45.6,29.3,25.1,45.6
z_45.0_-9.0,2027,1,2027-S1,Stable,47.1,17.0,35.9,47.1
z_45.0_-9.0,2027,2,2027-S2,Stable,46.4,19.9,33.7,46.4
z_45.0_-9.0,2028,1,2028-S1,Stable,47.6,21.0,31.4,47.6
z_45.0_-9.0,2028,2,2028-S2,Stable,47.1,26.4,26.5,47.1
z_45.0_-9.0,2029,1,2029-S1,Stable,47.8,19.4,32.8,47.8
z_45.0_-9.0,2029,2,2029-S2,Stable,48.2,24.2,27.6,48.2
z_45.0_-9.0,2030,1,2030-S1,Stable,47.7,19.5,32.8,47.7
z_45.0_-9.0,2030,2,2030-S2,Stable,48.1,24.2,27.7,48.1
z_45.0_12.0,2023,1,2023-S1,Augmentation,68.4,68.4,10.4,21.1
z_45.0_12.0,2023,2,2023-S2,Augmentation,74.7,74.7,8.0,17.2
z_45.0_12.0,2024,1,2024-S1,Augmentation,59.1,59.1,15.3,25.6
z_45.0_12.0,2024,2,2024-S2,Augmentation,69.6,69.6,13.7,16.6
z_45.0_12.0,2025,1,2025-S1,Augmentation,61.8,61.8,13.9,24.3
z_45.0_12.0,2025,2,2025-S2,Augmentation,60.7,60.7,16.2,23.1
z_45.0_12.0,2026,1,2026-S1,Augmentation,65.4,65.4,14.5,20.0
z_45.0_12.0,2026,2,2026-S2,Augmentation,68.0,68.0,11.0,21.0
z_45.0_12.0,2027,1,2027-S1,Augmentation,64.3,64.3,14.7,21.0
z_45.0_12.0,2027,2,2027-S2,Augmentation,76.3,76.3,11.1,12.6
z_45.0_12.0,2028,1,2028-S1,Augmentation,71.6,71.6,11.4,17.1
z_45.0_12.0,2028,2,2028-S2,Augmentation,73.9,73.9,11.8,14.2
z_45.0_12.0,2029,1,2029-S1,Augmentation,70.0,70.0,11.1,18.9
z_45.0_12.0,2029,2,2029-S2,Augmentation,75.4,75.4,9.9,14.7
z_45.0_12.0,2030,1,2030-S1,Augmentation,70.2,70.2,10.6,19.1
z_45.0_12.0,2030,2,2030-S2,Augmentation,74.8,74.8,10.3,15.0
z_45.0_13.5,2023,1,2023-S1,Augmentation,41.1,41.1,23.4,35.5
z_45.0_13.5,2023,2,2023-S2,Augmentation,48.2,48.2,18.0,33.7
z_45.0_13.5,2024,1,2024-S1,Augmentation,43.1,43.1,18.7,38.1
z_45.0_13.5,2024,2,2024-S2,Augmentation,74.0,74.0,9.4,16.6
z_45.0_13.5,2025,1,2025-S1,Augmentation,59.5,59.5,14.1,26.4
z_45.0_13.5,2025,2,2025-S2,Augmentation,72.7,72.7,9.9,17.4
z_45.0_13.5,2026,1,2026-S1,Augmentation,61.9,61.9,12.6,25.5
z_45.0_13.5,2026,2,2026-S2,Augmentation,54.0,54.0,19.6,26.5
z_45.0_13.5,2027,1,2027-S1,Augmentation,56.7,56.7,20.6,22.7
z_45.0_13.5,2027,2,2027-S2,Augmentation,58.0,58.0,16.4,25.6
z_45.0_13.5,2028,1,2028-S1,Augmentation,55.8,55.8,18.0,26.2
z_45.0_13.5,2028,2,2028-S2,Augmentation,64.4,64.4,14.9,20.7
z_45.0_13.5,2029,1,2029-S1,Augmentation,59.0,59.0,16.4,24.6
z_45.0_13.5,2029,2,2029-S2,Augmentation,68.2,68.2,14.1,17.8
z_45.0_13.5,2030,1,2030-S1,Augmentation,63.0,63.0,15.4,21.6
z_45.0_13.5,2030,2,2030-S2,Augmentation,71.5,71.5,12.2,16.3
z_45.0_28.5,2023,1,2023-S1,Diminution,86.6,2.9,86.6,10.4
z_45.0_28.5,2023,2,2023-S2,Diminution,83.0,2.9,83.0,14.1
z_45.0_28.5,2024,1,2024-S1,Diminution,86.6,2.9,86.6,10.4
z_45.0_28.5,2024,2,2024-S2,Diminution,69.2,11.1,69.2,19.7
z_45.0_28.5,2025,1,2025-S1,Diminution,61.7,7.6,61.7,30.7
z_45.0_28.5,2025,2,2025-S2,Diminution,78.3,3.8,78.3,17.9
z_45.0_28.5,2026,1,2026-S1,Diminution,69.1,7.7,69.1,23.2
z_45.0_28.5,2026,2,2026-S2,Diminution,76.2,6.3,76.2,17.5
z_45.0_28.5,2027,1,2027-S1,Diminution,78.7,3.0,78.7,18.3
z_45.0_28.5,2027,2,2027-S2,Diminution,83.0,2.9,83.0,14.1
z_45.0_28.5,2028,1,2028-S1,Diminution,86.6,2.9,86.6,10.4
z_45.0_28.5,2028,2,2028-S2,Diminution,83.0,2.9,83.0,14.1
z_45.0_28.5,2029,1,2029-S1,Diminution,86.6,2.9,86.6,10.4
z_45.0_28.5,2029,2,2029-S2,Diminution,83.0,2.9,83.0,14.1
z_45.0_28.5,2030,1,2030-S1,Diminution,86.6,2.9,86.6,10.4
z_45.0_28.5,2030,2,2030-S2,Diminution,83.0,2.9,83.0,14.1
z_45.0_36.0,2023,1,2023-S1,Diminution,66.4,12.9,66.4,20.7
z_45.0_36.0,2023,2,2023-S2,Diminution,41.2,18.9,41.2,39.9
z_45.0_36.0,2024,1,2024-S1,Diminution,63.2,18.3,63.2,18.5
z_45.0_36.0,2024,2,2024-S2,Stable,40.5,20.3,39.1,40.5
z_45.0_36.0,2025,1,2025-S1,Diminution,65.7,11.9,65.7,22.4
z_45.0_36.0,2025,2,2025-S2,Diminution,45.8,13.9,45.8,40.3
z_45.0_36.0,2026,1,2026-S1,Diminution,64.1,11.2,64.1,24.7
z_45.0_36.0,2026,2,2026-S2,Diminution,45.5,22.4,45.5,32.1
z_45.0_36.0,2027,1,2027-S1,Diminution,65.8,10.8,65.8,23.4
z_45.0_36.0,2027,2,2027-S2,Diminution,49.7,18.9,49.7,31.4
z_45.0_36.0,2028,1,2028-S1,Diminution,66.3,11.4,66.3,22.3
z_45.0_36.0,2028,2,2028-S2,Diminution,49.7,18.9,49.7,31.4
z_45.0_36.0,2029,1,2029-S1,Diminution,66.3,11.4,66.3,22.3
z_45.0_36.0,2029,2,2029-S2,Diminution,49.7,18.9,49.7,31.4
z_45.0_36.0,2030,1,2030-S1,Diminution,66.3,11.4,66.3,22.3
z_45.0_36.0,2030,2,2030-S2,Diminution,49.7,18.9,49.7,31.4
z_46.5_-10.5,2023,1,2023-S1,Diminution,87.1,0.8,87.1,12.1
z_46.5_-10.5,2023,2,2023-S2,Diminution,83.8,3.7,83.8,12.5
z_46.5_-10.5,2024,1,2024-S1,Diminution,66.7,7.3,66.7,25.9
z_46.5_-10.5,2024,2,2024-S2,Diminution,75.1,4.8,75.1,20.1
z_46.5_-10.5,2025,1,2025-S1,Diminution,70.6,8.4,70.6,20.9
z_46.5_-10.5,2025,2,2025-S2,Diminution,80.2,5.2,80.2,14.5
z_46.5_-10.5,2026,1,2026-S1,Diminution,77.6,5.4,77.6,17.1
z_46.5_-10.5,2026,2,2026-S2,Diminution,79.3,7.1,79.3,13.6
z_46.5_-10.5,2027,1,2027-S1,Diminution,87.1,0.8,87.1,12.1
z_46.5_-10.5,2027,2,2027-S2,Diminution,83.6,1.5,83.6,14.9
z_46.5_-10.5,2028,1,2028-S1,Diminution,87.1,0.8,87.1,12.1
z_46.5_-10.5,2028,2,2028-S2,Diminution,83.6,1.5,83.6,14.9
z_46.5_-10.5,2029,1,2029-S1,Diminution,87.1,0.8,87.1,12.1
z_46.5_-10.5,2029,2,2029-S2,Diminution,83.6,1.5,83.6,14.9
z_46.5_-10.5,2030,1,2030-S1,Diminution,87.1,0.8,87.1,12.1
z_46.5_-10.5,2030,2,2030-S2,Diminution,83.6,1.5,83.6,14.9
z_46.5_-3.0,2023,1,2023-S1,Augmentation,64.4,64.4,12.4,23.2
z_46.5_-3.0,2023,2,2023-S2,Augmentation,62.7,62.7,12.5,24.8
z_46.5_-3.0,2024,1,2024-S1,Augmentation,65.0,65.0,13.8,21.2
z_46.5_-3.0,2024,2,2024-S2,Augmentation,65.2,65.2,11.5,23.4
z_46.5_-3.0,2025,1,2025-S1,Augmentation,62.5,62.5,11.6,25.9
z_46.5_-3.0,2025,2,2025-S2,Augmentation,62.3,62.3,16.2,21.5
z_46.5_-3.0,2026,1,2026-S1,Augmentation,62.2,62.2,20.4,17.4
z_46.5_-3.0,2026,2,2026-S2,Augmentation,64.3,64.3,18.4,17.3
z_46.5_-3.0,2027,1,2027-S1,Augmentation,62.3,62.3,12.7,25.0
z_46.5_-3.0,2027,2,2027-S2,Augmentation,65.8,65.8,13.4,20.8
z_46.5_-3.0,2028,1,2028-S1,Augmentation,66.6,66.6,11.5,21.9
z_46.5_-3.0,2028,2,2028-S2,Augmentation,67.8,67.8,11.8,20.4
z_46.5_-3.0,2029,1,2029-S1,Augmentation,65.0,65.0,11.8,23.2
z_46.5_-3.0,2029,2,2029-S2,Augmentation,66.1,66.1,11.6,22.3
z_46.5_-3.0,2030,1,2030-S1,Augmentation,66.0,66.0,11.1,22.9
z_46.5_-3.0,2030,2,2030-S2,Augmentation,66.5,66.5,11.4,22.2
z_46.5_-36.0,2023,1,2023-S1,Diminution,90.4,0.7,90.4,8.9
z_46.5_-36.0,2023,2,2023-S2,Diminution,90.9,0.4,90.9,8.7
z_46.5_-36.0,2024,1,2024-S1,Diminution,90.4,0.7,90.4,8.9
z_46.5_-36.0,2024,2,2024-S2,Diminution,92.1,0.7,92.1,7.2
z_46.5_-36.0,2025,1,2025-S1,Diminution,78.7,1.1,78.7,20.2
z_46.5_-36.0,2025,2,2025-S2,Diminution,86.4,3.8,86.4,9.8
z_46.5_-36.0,2026,1,2026-S1,Diminution,85.7,2.5,85.7,11.7
z_46.5_-36.0,2026,2,2026-S2,Diminution,86.4,1.7,86.4,11.9
z_46.5_-36.0,2027,1,2027-S1,Diminution,87.5,2.4,87.5,10.2
z_46.5_-36.0,2027,2,2027-S2,Diminution,90.9,0.4,90.9,8.7
z_46.5_-36.0,2028,1,2028-S1,Diminution,90.4,0.7,90.4,8.9
z_46.5_-36.0,2028,2,2028-S2,Diminution,90.9,0.4,90.9,8.7
z_46.5_-36.0,2029,1,2029-S1,Diminution,90.4,0.7,90.4,8.9
z_46.5_-36.0,2029,2,2029-S2,Diminution,90.9,0.4,90.9,8.7
z_46.5_-36.0,2030,1,2030-S1,Diminution,90.4,0.7,90.4,8.9
z_46.5_-36.0,2030,2,2030-S2,Diminution,90.9,0.4,90.9,8.7
z_46.5_-4.5,2023,1,2023-S1,Augmentation,64.6,64.6,15.8,19.6
z_46.5_-4.5,2023,2,2023-S2,Augmentation,65.1,65.1,11.4,23.4
z_46.5_-4.5,2024,1,2024-S1,Augmentation,58.0,58.0,14.4,27.6
z_46.5_-4.5,2024,2,2024-S2,Augmentation,72.8,72.8,12.6,14.6
z_46.5_-4.5,2025,1,2025-S1,Augmentation,60.7,60.7,16.1,23.2
z_46.5_-4.5,2025,2,2025-S2,Augmentation,67.6,67.6,15.2,17.2
z_46.5_-4.5,2026,1,2026-S1,Augmentation,56.5,56.5,13.2,30.2
z_46.5_-4.5,2026,2,2026-S2,Augmentation,68.3,68.3,12.4,19.3
z_46.5_-4.5,2027,1,2027-S1,Augmentation,64.9,64.9,12.5,22.6
z_46.5_-4.5,2027,2,2027-S2,Augmentation,70.9,70.9,11.6,17.5
z_46.5_-4.5,2028,1,2028-S1,Augmentation,62.3,62.3,12.3,25.5
z_46.5_-4.5,2028,2,2028-S2,Augmentation,68.6,68.6,10.8,20.6
z_46.5_-4.5,2029,1,2029-S1,Augmentation,64.3,64.3,11.7,24.0
z_46.5_-4.5,2029,2,2029-S2,Augmentation,68.1,68.1,10.9,21.0
z_46.5_-4.5,2030,1,2030-S1,Augmentation,65.7,65.7,10.9,23.4
z_46.5_-4.5,2030,2,2030-S2,Augmentation,68.9,68.9,10.3,20.8
z_46.5_-6.0,2023,1,2023-S1,Augmentation,58.9,58.9,18.6,22.5
z_46.5_-6.0,2023,2,2023-S2,Augmentation,56.3,56.3,20.7,23.0
z_46.5_-6.0,2024,1,2024-S1,Augmentation,53.3,53.3,18.1,28.6
z_46.5_-6.0,2024,2,2024-S2,Augmentation,61.5,61.5,15.5,23.1
z_46.5_-6.0,2025,1,2025-S1,Augmentation,58.5,58.5,16.2,25.3
z_46.5_-6.0,2025,2,2025-S2,Augmentation,54.7,54.7,20.0,25.3
z_46.5_-6.0,2026,1,2026-S1,Augmentation,44.0,44.0,29.2,26.8
z_46.5_-6.0,2026,2,2026-S2,Augmentation,56.9,56.9,20.8,22.3
z_46.5_-6.0,2027,1,2027-S1,Augmentation,46.9,46.9,19.7,33.4
z_46.5_-6.0,2027,2,2027-S2,Augmentation,54.8,54.8,19.1,26.1
z_46.5_-6.0,2028,1,2028-S1,Augmentation,60.0,60.0,16.7,23.3
z_46.5_-6.0,2028,2,2028-S2,Augmentation,61.7,61.7,17.0,21.3
z_46.5_-6.0,2029,1,2029-S1,Augmentation,58.5,58.5,16.9,24.6
z_46.5_-6.0,2029,2,2029-S2,Augmentation,63.7,63.7,16.6,19.7
z_46.5_-6.0,2030,1,2030-S1,Augmentation,61.2,61.2,16.2,22.6
z_46.5_-6.0,2030,2,2030-S2,Augmentation,66.9,66.9,14.7,18.4
z_46.5_-7.5,2023,1,2023-S1,Augmentation,44.5,44.5,17.2,38.3
z_46.5_-7.5,2023,2,2023-S2,Stable,45.7,41.5,12.7,45.7
z_46.5_-7.5,2024,1,2024-S1,Augmentation,35.3,35.3,31.4,33.3
z_46.5_-7.5,2024,2,2024-S2,Stable,47.9,28.4,23.7,47.9
z_46.5_-7.5,2025,1,2025-S1,Diminution,41.2,22.9,41.2,35.9
z_46.5_-7.5,2025,2,2025-S2,Stable,44.8,30.1,25.1,44.8
z_46.5_-7.5,2026,1,2026-S1,Stable,44.7,26.5,28.8,44.7
z_46.5_-7.5,2026,2,2026-S2,Stable,43.6,20.6,35.9,43.6
z_46.5_-7.5,2027,1,2027-S1,Diminution,49.5,17.3,49.5,33.2
z_46.5_-7.5,2027,2,2027-S2,Stable,52.7,16.9,30.4,52.7
z_46.5_-7.5,2028,1,2028-S1,Diminution,44.5,21.7,44.5,33.8
z_46.5_-7.5,2028,2,2028-S2,Stable,55.4,19.9,24.7,55.4
z_46.5_-7.5,2029,1,2029-S1,Diminution,50.6,17.6,50.6,31.8
z_46.5_-7.5,2029,2,2029-S2,Stable,53.1,16.4,30.6,53.1
z_46.5_-7.5,2030,1,2030-S1,Diminution,50.5,17.8,50.5,31.7
z_46.5_-7.5,2030,2,2030-S2,Stable,52.9,16.5,30.6,52.9
z_48.0_-1.5,2023,1,2023-S1,Augmentation,53.2,53.2,27.4,19.5
z_48.0_-1.5,2023,2,2023-S2,Augmentation,71.9,71.9,12.1,16.0
z_48.0_-1.5,2024,1,2024-S1,Augmentation,52.3,52.3,14.7,33.0
z_48.0_-1.5,2024,2,2024-S2,Augmentation,65.9,65.9,14.1,20.0
z_48.0_-1.5,2025,1,2025-S1,Augmentation,59.3,59.3,18.7,22.0
z_48.0_-1.5,2025,2,2025-S2,Augmentation,67.7,67.7,20.9,11.4
z_48.0_-1.5,2026,1,2026-S1,Augmentation,54.3,54.3,22.0,23.7
z_48.0_-1.5,2026,2,2026-S2,Augmentation,64.5,64.5,15.8,19.8
z_48.0_-1.5,2027,1,2027-S1,Augmentation,53.6,53.6,17.2,29.2
z_48.0_-1.5,2027,2,2027-S2,Augmentation,69.1,69.1,12.9,18.0
z_48.0_-1.5,2028,1,2028-S1,Augmentation,60.2,60.2,15.5,24.3
z_48.0_-1.5,2028,2,2028-S2,Augmentation,70.2,70.2,12.4,17.4
z_48.0_-1.5,2029,1,2029-S1,Augmentation,55.1,55.1,15.4,29.4
z_48.0_-1.5,2029,2,2029-S2,Augmentation,67.3,67.3,13.1,19.6
z_48.0_-1.5,2030,1,2030-S1,Augmentation,58.2,58.2,14.6,27.2
z_48.0_-1.5,2030,2,2030-S2,Augmentation,67.7,67.7,12.4,19.9
z_48.0_-10.5,2023,1,2023-S1,Diminution,52.0,16.1,52.0,32.0
z_48.0_-10.5,2023,2,2023-S2,Stable,45.3,15.4,39.3,45.3
z_48.0_-10.5,2024,1,2024-S1,Diminution,43.5,18.3,43.5,38.2
z_48.0_-10.5,2024,2,2024-S2,Stable,50.7,19.9,29.4,50.7
z_48.0_-10.5,2025,1,2025-S1,Diminution,43.0,19.2,43.0,37.8
z_48.0_-10.5,2025,2,2025-S2,Stable,52.6,22.3,25.0,52.6
z_48.0_-10.5,2026,1,2026-S1,Diminution,66.2,6.9,66.2,26.9
z_48.0_-10.5,2026,2,2026-S2,Diminution,43.4,19.2,43.4,37.5
z_48.0_-10.5,2027,1,2027-S1,Diminution,68.2,4.4,68.2,27.4
z_48.0_-10.5,2027,2,2027-S2,Diminution,44.9,18.2,44.9,36.8
z_48.0_-10.5,2028,1,2028-S1,Diminution,74.0,4.1,74.0,22.0
z_48.0_-10.5,2028,2,2028-S2,Diminution,44.9,18.2,44.9,36.8
z_48.0_-10.5,2029,1,2029-S1,Diminution,74.0,4.1,74.0,22.0
z_48.0_-10.5,2029,2,2029-S2,Diminution,44.9,18.2,44.9,36.8
z_48.0_-10.5,2030,1,2030-S1,Diminution,74.0,4.1,74.0,22.0
z_48.0_-10.5,2030,2,2030-S2,Diminution,44.9,18.2,44.9,36.8
z_48.0_-12.0,2023,1,2023-S1,Diminution,62.7,6.5,62.7,30.9
z_48.0_-12.0,2023,2,2023-S2,Diminution,47.1,21.4,47.1,31.5
z_48.0_-12.0,2024,1,2024-S1,Diminution,73.3,3.5,73.3,23.2
z_48.0_-12.0,2024,2,2024-S2,Diminution,51.9,13.9,51.9,34.2
z_48.0_-12.0,2025,1,2025-S1,Diminution,74.6,3.5,74.6,21.8
z_48.0_-12.0,2025,2,2025-S2,Diminution,57.0,13.2,57.0,29.8
z_48.0_-12.0,2026,1,2026-S1,Diminution,69.8,6.0,69.8,24.3
z_48.0_-12.0,2026,2,2026-S2,Diminution,47.1,21.4,47.1,31.5
z_48.0_-12.0,2027,1,2027-S1,Diminution,73.3,3.5,73.3,23.2
z_48.0_-12.0,2027,2,2027-S2,Diminution,51.9,13.9,51.9,34.2
z_48.0_-12.0,2028,1,2028-S1,Diminution,74.6,3.5,74.6,21.8
z_48.0_-12.0,2028,2,2028-S2,Diminution,57.0,13.2,57.0,29.8
z_48.0_-12.0,2029,1,2029-S1,Diminution,77.3,2.6,77.3,20.1
z_48.0_-12.0,2029,2,2029-S2,Diminution,55.4,15.7,55.4,28.9
z_48.0_-12.0,2030,1,2030-S1,Diminution,77.3,2.6,77.3,20.1
z_48.0_-12.0,2030,2,2030-S2,Diminution,55.4,15.7,55.4,28.9
z_48.0_-15.0,2023,1,2023-S1,Diminution,86.6,2.8,86.6,10.6
z_48.0_-15.0,2023,2,2023-S2,Diminution,87.7,1.7,87.7,10.7
z_48.0_-15.0,2024,1,2024-S1,Diminution,89.7,2.0,89.7,8.2
z_48.0_-15.0,2024,2,2024-S2,Diminution,77.7,1.8,77.7,20.5
z_48.0_-15.0,2025,1,2025-S1,Diminution,79.5,9.7,79.5,10.8
z_48.0_-15.0,2025,2,2025-S2,Diminution,83.1,4.1,83.1,12.9
z_48.0_-15.0,2026,1,2026-S1,Diminution,79.1,3.6,79.1,17.3
z_48.0_-15.0,2026,2,2026-S2,Diminution,83.9,4.9,83.9,11.2
z_48.0_-15.0,2027,1,2027-S1,Diminution,86.6,2.8,86.6,10.6
z_48.0_-15.0,2027,2,2027-S2,Diminution,87.7,1.7,87.7,10.7
z_48.0_-15.0,2028,1,2028-S1,Diminution,86.6,2.8,86.6,10.6
z_48.0_-15.0,2028,2,2028-S2,Diminution,87.7,1.7,87.7,10.7
z_48.0_-15.0,2029,1,2029-S1,Diminution,86.6,2.8,86.6,10.6
z_48.0_-15.0,2029,2,2029-S2,Diminution,87.7,1.7,87.7,10.7
z_48.0_-15.0,2030,1,2030-S1,Diminution,86.6,2.8,86.6,10.6
z_48.0_-15.0,2030,2,2030-S2,Diminution,87.7,1.7,87.7,10.7
z_48.0_-24.0,2023,1,2023-S1,Diminution,78.9,1.5,78.9,19.6
z_48.0_-24.0,2023,2,2023-S2,Diminution,77.8,1.8,77.8,20.4
z_48.0_-24.0,2024,1,2024-S1,Diminution,78.9,1.5,78.9,19.6
z_48.0_-24.0,2024,2,2024-S2,Diminution,77.0,3.0,77.0,20.1
z_48.0_-24.0,2025,1,2025-S1,Diminution,67.8,3.8,67.8,28.4
z_48.0_-24.0,2025,2,2025-S2,Diminution,75.2,3.3,75.2,21.5
z_48.0_-24.0,2026,1,2026-S1,Diminution,72.8,3.6,72.8,23.6
z_48.0_-24.0,2026,2,2026-S2,Diminution,73.4,3.6,73.4,23.0
z_48.0_-24.0,2027,1,2027-S1,Diminution,73.6,2.3,73.6,24.1
z_48.0_-24.0,2027,2,2027-S2,Diminution,77.8,1.8,77.8,20.4
z_48.0_-24.0,2028,1,2028-S1,Diminution,78.9,1.5,78.9,19.6
z_48.0_-24.0,2028,2,2028-S2,Diminution,77.8,1.8,77.8,20.4
z_48.0_-24.0,2029,1,2029-S1,Diminution,78.9,1.5,78.9,19.6
z_48.0_-24.0,2029,2,2029-S2,Diminution,77.8,1.8,77.8,20.4
z_48.0_-24.0,2030,1,2030-S1,Diminution,78.9,1.5,78.9,19.6
z_48.0_-24.0,2030,2,2030-S2,Diminution,77.8,1.8,77.8,20.4
z_48.0_-3.0,2023,1,2023-S1,Augmentation,63.1,63.1,13.9,23.1
z_48.0_-3.0,2023,2,2023-S2,Augmentation,72.0,72.0,8.6,19.4
z_48.0_-3.0,2024,1,2024-S1,Augmentation,56.0,56.0,15.3,28.7
z_48.0_-3.0,2024,2,2024-S2,Augmentation,40.1,40.1,35.9,24.1
z_48.0_-3.0,2025,1,2025-S1,Diminution,37.7,30.1,37.7,32.3
z_48.0_-3.0,2025,2,2025-S2,Augmentation,37.3,37.3,33.0,29.8
z_48.0_-3.0,2026,1,2026-S1,Augmentation,39.0,39.0,25.5,35.5
z_48.0_-3.0,2026,2,2026-S2,Augmentation,35.4,35.4,30.8,33.8
z_48.0_-3.0,2027,1,2027-S1,Stable,40.5,29.2,30.3,40.5
z_48.0_-3.0,2027,2,2027-S2,Diminution,42.8,26.5,42.8,30.7
z_48.0_-3.0,2028,1,2028-S1,Diminution,40.7,24.8,40.7,34.5
z_48.0_-3.0,2028,2,2028-S2,Diminution,43.9,24.9,43.9,31.2
z_48.0_-3.0,2029,1,2029-S1,Diminution,41.4,23.7,41.4,34.9
z_48.0_-3.0,2029,2,2029-S2,Diminution,45.1,24.2,45.1,30.7
z_48.0_-3.0,2030,1,2030-S1,Diminution,42.2,23.6,42.2,34.2
z_48.0_-3.0,2030,2,2030-S2,Diminution,45.1,24.2,45.1,30.7
z_48.0_-30.0,2023,1,2023-S1,Diminution,81.6,1.9,81.6,16.4
z_48.0_-30.0,2023,2,2023-S2,Diminution,79.9,2.4,79.9,17.7
z_48.0_-30.0,2024,1,2024-S1,Diminution,81.6,1.9,81.6,16.4
z_48.0_-30.0,2024,2,2024-S2,Diminution,79.9,2.4,79.9,17.7
z_48.0_-30.0,2025,1,2025-S1,Diminution,81.6,1.9,81.6,16.4
z_48.0_-30.0,2025,2,2025-S2,Diminution,79.9,2.4,79.9,17.7
z_48.0_-30.0,2026,1,2026-S1,Diminution,83.3,2.5,83.3,14.2
z_48.0_-30.0,2026,2,2026-S2,Diminution,73.0,3.3,73.0,23.7
z_48.0_-30.0,2027,1,2027-S1,Diminution,79.1,5.3,79.1,15.6
z_48.0_-30.0,2027,2,2027-S2,Diminution,74.5,4.9,74.5,20.7
z_48.0_-30.0,2028,1,2028-S1,Diminution,76.7,4.2,76.7,19.1
z_48.0_-30.0,2028,2,2028-S2,Diminution,77.0,3.2,77.0,19.8
z_48.0_-30.0,2029,1,2029-S1,Diminution,81.6,1.9,81.6,16.4
z_48.0_-30.0,2029,2,2029-S2,Diminution,79.9,2.4,79.9,17.7
z_48.0_-30.0,2030,1,2030-S1,Diminution,81.6,1.9,81.6,16.4
z_48.0_-30.0,2030,2,2030-S2,Diminution,79.9,2.4,79.9,17.7
z_48.0_-4.5,2023,1,2023-S1,Augmentation,55.1,55.1,15.9,29.0
z_48.0_-4.5,2023,2,2023-S2,Augmentation,61.0,61.0,14.8,24.2
z_48.0_-4.5,2024,1,2024-S1,Augmentation,56.3,56.3,15.3,28.5
z_48.0_-4.5,2024,2,2024-S2,Augmentation,49.3,49.3,16.0,34.6
z_48.0_-4.5,2025,1,2025-S1,Augmentation,53.4,53.4,17.0,29.6
z_48.0_-4.5,2025,2,2025-S2,Augmentation,54.9,54.9,14.8,30.3
z_48.0_-4.5,2026,1,2026-S1,Augmentation,56.0,56.0,15.1,28.9
z_48.0_-4.5,2026,2,2026-S2,Augmentation,52.1,52.1,14.0,33.9
z_48.0_-4.5,2027,1,2027-S1,Augmentation,52.0,52.0,15.4,32.6
z_48.0_-4.5,2027,2,2027-S2,Augmentation,51.2,51.2,14.3,34.5
z_48.0_-4.5,2028,1,2028-S1,Augmentation,54.1,54.1,15.9,29.9
z_48.0_-4.5,2028,2,2028-S2,Augmentation,50.4,50.4,14.9,34.6
z_48.0_-4.5,2029,1,2029-S1,Augmentation,54.6,54.6,15.6,29.8
z_48.0_-4.5,2029,2,2029-S2,Augmentation,51.7,51.7,14.8,33.5
z_48.0_-4.5,2030,1,2030-S1,Augmentation,58.6,58.6,15.6,25.8
z_48.0_-4.5,2030,2,2030-S2,Augmentation,59.3,59.3,15.6,25.0
z_48.0_-6.0,2023,1,2023-S1,Augmentation,54.1,54.1,23.9,22.0
z_48.0_-6.0,2023,2,2023-S2,Augmentation,51.1,51.1,30.3,18.6
z_48.0_-6.0,2024,1,2024-S1,Augmentation,63.6,63.6,15.6,20.8
z_48.0_-6.0,2024,2,2024-S2,Augmentation,67.7,67.7,12.7,19.6
z_48.0_-6.0,2025,1,2025-S1,Augmentation,67.7,67.7,11.7,20.7
z_48.0_-6.0,2025,2,2025-S2,Augmentation,65.0,65.0,13.9,21.1
z_48.0_-6.0,2026,1,2026-S1,Augmentation,59.1,59.1,17.6,23.3
z_48.0_-6.0,2026,2,2026-S2,Augmentation,57.2,57.2,21.5,21.3
z_48.0_-6.0,2027,1,2027-S1,Augmentation,62.7,62.7,14.0,23.3
z_48.0_-6.0,2027,2,2027-S2,Augmentation,61.9,61.9,15.0,23.1
z_48.0_-6.0,2028,1,2028-S1,Augmentation,65.1,65.1,13.0,21.9
z_48.0_-6.0,2028,2,2028-S2,Augmentation,65.0,65.0,11.7,23.3
z_48.0_-6.0,2029,1,2029-S1,Augmentation,66.1,66.1,12.3,21.6
z_48.0_-6.0,2029,2,2029-S2,Augmentation,66.6,66.6,12.6,20.8
z_48.0_-6.0,2030,1,2030-S1,Augmentation,68.1,68.1,11.6,20.3
z_48.0_-6.0,2030,2,2030-S2,Augmentation,70.6,70.6,11.0,18.3
z_48.0_-7.5,2023,1,2023-S1,Augmentation,66.1,66.1,11.1,22.8
z_48.0_-7.5,2023,2,2023-S2,Augmentation,68.5,68.5,9.7,21.9
z_48.0_-7.5,2024,1,2024-S1,Augmentation,52.2,52.2,17.2,30.6
z_48.0_-7.5,2024,2,2024-S2,Augmentation,60.9,60.9,21.3,17.8
z_48.0_-7.5,2025,1,2025-S1,Augmentation,43.2,43.2,21.9,34.9
z_48.0_-7.5,2025,2,2025-S2,Diminution,45.2,28.4,45.2,26.4
z_48.0_-7.5,2026,1,2026-S1,Diminution,38.4,28.6,38.4,33.1
z_48.0_-7.5,2026,2,2026-S2,Diminution,44.1,21.9,44.1,34.1
z_48.0_-7.5,2027,1,2027-S1,Diminution,42.4,22.6,42.4,35.0
z_48.0_-7.5,2027,2,2027-S2,Diminution,47.2,20.2,47.2,32.5
z_48.0_-7.5,2028,1,2028-S1,Diminution,43.8,18.2,43.8,38.0
z_48.0_-7.5,2028,2,2028-S2,Diminution,47.2,20.2,47.2,32.5
z_48.0_-7.5,2029,1,2029-S1,Diminution,43.8,18.2,43.8,38.0
z_48.0_-7.5,2029,2,2029-S2,Diminution,47.2,20.2,47.2,32.5
z_48.0_-7.5,2030,1,2030-S1,Diminution,43.8,18.2,43.8,38.0
z_48.0_-7.5,2030,2,2030-S2,Diminution,47.2,20.2,47.2,32.5
z_48.0_-9.0,2023,1,2023-S1,Stable,55.7,22.0,22.3,55.7
z_48.0_-9.0,2023,2,2023-S2,Stable,52.0,23.8,24.2,52.0
z_48.0_-9.0,2024,1,2024-S1,Stable,52.5,24.8,22.7,52.5
z_48.0_-9.0,2024,2,2024-S2,Stable,50.2,22.8,27.0,50.2
z_48.0_-9.0,2025,1,2025-S1,Stable,50.0,31.4,18.6,50.0
z_48.0_-9.0,2025,2,2025-S2,Stable,44.2,43.2,12.6,44.2
z_48.0_-9.0,2026,1,2026-S1,Augmentation,42.5,42.5,16.5,40.9
z_48.0_-9.0,2026,2,2026-S2,Stable,43.1,35.0,21.9,43.1
z_48.0_-9.0,2027,1,2027-S1,Stable,48.5,29.5,22.0,48.5
z_48.0_-9.0,2027,2,2027-S2,Augmentation,43.0,43.0,16.2,40.9
z_48.0_-9.0,2028,1,2028-S1,Augmentation,43.4,43.4,18.4,38.3
z_48.0_-9.0,2028,2,2028-S2,Stable,43.0,36.9,20.1,43.0
z_48.0_-9.0,2029,1,2029-S1,Augmentation,43.1,43.1,15.4,41.5
z_48.0_-9.0,2029,2,2029-S2,Augmentation,42.1,42.1,15.9,42.0
z_48.0_-9.0,2030,1,2030-S1,Augmentation,43.1,43.1,15.3,41.6
z_48.0_-9.0,2030,2,2030-S2,Stable,42.1,42.1,15.7,42.1
z_49.5_-1.5,2023,1,2023-S1,Stable,39.8,37.3,22.9,39.8
z_49.5_-1.5,2023,2,2023-S2,Augmentation,49.2,49.2,21.5,29.3
z_49.5_-1.5,2024,1,2024-S1,Augmentation,55.4,55.4,17.7,26.8
z_49.5_-1.5,2024,2,2024-S2,Augmentation,59.6,59.6,17.1,23.3
z_49.5_-1.5,2025,1,2025-S1,Augmentation,59.8,59.8,15.3,24.9
z_49.5_-1.5,2025,2,2025-S2,Augmentation,50.2,50.2,20.8,29.0
z_49.5_-1.5,2026,1,2026-S1,Augmentation,46.4,46.4,20.6,33.0
z_49.5_-1.5,2026,2,2026-S2,Augmentation,54.0,54.0,17.8,28.2
z_49.5_-1.5,2027,1,2027-S1,Augmentation,57.6,57.6,16.2,26.2
z_49.5_-1.5,2027,2,2027-S2,Augmentation,61.7,61.7,15.0,23.3
z_49.5_-1.5,2028,1,2028-S1,Augmentation,58.5,58.5,15.7,25.8
z_49.5_-1.5,2028,2,2028-S2,Augmentation,60.9,60.9,14.5,24.6
z_49.5_-1.5,2029,1,2029-S1,Augmentation,59.4,59.4,14.0,26.6
z_49.5_-1.5,2029,2,2029-S2,Augmentation,60.8,60.8,14.0,25.2
z_49.5_-1.5,2030,1,2030-S1,Augmentation,57.9,57.9,13.6,28.5
z_49.5_-1.5,2030,2,2030-S2,Augmentation,58.5,58.5,14.0,27.5
z_49.5_-12.0,2023,1,2023-S1,Stable,39.4,34.1,26.5,39.4
z_49.5_-12.0,2023,2,2023-S2,Stable,40.0,37.2,22.8,40.0
z_49.5_-12.0,2024,1,2024-S1,Diminution,39.0,25.4,39.0,35.5
z_49.5_-12.0,2024,2,2024-S2,Stable,40.9,37.8,21.3,40.9
z_49.5_-12.0,2025,1,2025-S1,Diminution,43.9,20.4,43.9,35.7
z_49.5_-12.0,2025,2,2025-S2,Stable,36.8,28.0,35.2,36.8
z_49.5_-12.0,2026,1,2026-S1,Diminution,62.5,12.9,62.5,24.6
z_49.5_-12.0,2026,2,2026-S2,Diminution,39.0,26.3,39.0,34.7
z_49.5_-12.0,2027,1,2027-S1,Diminution,64.7,14.4,64.7,20.9
z_49.5_-12.0,2027,2,2027-S2,Diminution,40.4,26.6,40.4,32.9
z_49.5_-12.0,2028,1,2028-S1,Diminution,64.7,14.4,64.7,20.9
z_49.5_-12.0,2028,2,2028-S2,Diminution,40.4,26.6,40.4,32.9
z_49.5_-12.0,2029,1,2029-S1,Diminution,64.7,14.4,64.7,20.9
z_49.5_-12.0,2029,2,2029-S2,Diminution,40.4,26.6,40.4,32.9
z_49.5_-12.0,2030,1,2030-S1,Diminution,64.7,14.4,64.7,20.9
z_49.5_-12.0,2030,2,2030-S2,Diminution,40.4,26.6,40.4,32.9
z_49.5_-16.5,2023,1,2023-S1,Diminution,92.9,0.6,92.9,6.5
z_49.5_-16.5,2023,2,2023-S2,Diminution,93.4,0.4,93.4,6.2
z_49.5_-16.5,2024,1,2024-S1,Diminution,92.9,0.6,92.9,6.5
z_49.5_-16.5,2024,2,2024-S2,Diminution,93.4,0.4,93.4,6.2
z_49.5_-16.5,2025,1,2025-S1,Diminution,92.9,0.6,92.9,6.5
z_49.5_-16.5,2025,2,2025-S2,Diminution,93.4,0.4,93.4,6.2
z_49.5_-16.5,2026,1,2026-S1,Diminution,90.7,1.0,90.7,8.3
z_49.5_-16.5,2026,2,2026-S2,Diminution,81.3,1.3,81.3,17.4
z_49.5_-16.5,2027,1,2027-S1,Diminution,86.7,5.2,86.7,8.1
z_49.5_-16.5,2027,2,2027-S2,Diminution,88.2,3.0,88.2,8.8
z_49.5_-16.5,2028,1,2028-S1,Diminution,85.0,2.0,85.0,13.0
z_49.5_-16.5,2028,2,2028-S2,Diminution,88.3,3.3,88.3,8.4
z_49.5_-16.5,2029,1,2029-S1,Diminution,92.9,0.6,92.9,6.5
z_49.5_-16.5,2029,2,2029-S2,Diminution,93.4,0.4,93.4,6.2
z_49.5_-16.5,2030,1,2030-S1,Diminution,92.9,0.6,92.9,6.5
z_49.5_-16.5,2030,2,2030-S2,Diminution,93.4,0.4,93.4,6.2
z_49.5_-18.0,2023,1,2023-S1,Diminution,91.3,1.4,91.3,7.4
z_49.5_-18.0,2023,2,2023-S2,Diminution,92.2,0.9,92.2,6.9
z_49.5_-18.0,2024,1,2024-S1,Diminution,78.6,1.6,78.6,19.8
z_49.5_-18.0,2024,2,2024-S2,Diminution,86.8,5.1,86.8,8.2
z_49.5_-18.0,2025,1,2025-S1,Diminution,86.6,3.1,86.6,10.3
z_49.5_-18.0,2025,2,2025-S2,Diminution,86.5,1.9,86.5,11.6
z_49.5_-18.0,2026,1,2026-S1,Diminution,88.4,2.8,88.4,8.8
z_49.5_-18.0,2026,2,2026-S2,Diminution,92.4,0.6,92.4,7.1
z_49.5_-18.0,2027,1,2027-S1,Diminution,91.3,1.4,91.3,7.4
z_49.5_-18.0,2027,2,2027-S2,Diminution,92.4,0.6,92.4,7.1
z_49.5_-18.0,2028,1,2028-S1,Diminution,91.3,1.4,91.3,7.4
z_49.5_-18.0,2028,2,2028-S2,Diminution,92.4,0.6,92.4,7.1
z_49.5_-18.0,2029,1,2029-S1,Diminution,91.3,1.4,91.3,7.4
z_49.5_-18.0,2029,2,2029-S2,Diminution,92.4,0.6,92.4,7.1
z_49.5_-18.0,2030,1,2030-S1,Diminution,91.3,1.4,91.3,7.4
z_49.5_-18.0,2030,2,2030-S2,Diminution,92.4,0.6,92.4,7.1
z_49.5_-3.0,2023,1,2023-S1,Augmentation,49.0,49.0,25.9,25.1
z_49.5_-3.0,2023,2,2023-S2,Augmentation,36.5,36.5,29.7,33.9
z_49.5_-3.0,2024,1,2024-S1,Diminution,49.8,30.1,49.8,20.1
z_49.5_-3.0,2024,2,2024-S2,Diminution,40.5,37.5,40.5,22.1
z_49.5_-3.0,2025,1,2025-S1,Diminution,41.1,28.1,41.1,30.7
z_49.5_-3.0,2025,2,2025-S2,Diminution,48.7,31.4,48.7,19.9
z_49.5_-3.0,2026,1,2026-S1,Augmentation,47.4,47.4,26.8,25.8
z_49.5_-3.0,2026,2,2026-S2,Augmentation,40.4,40.4,28.5,31.0
z_49.5_-3.0,2027,1,2027-S1,Diminution,39.6,35.1,39.6,25.3
z_49.5_-3.0,2027,2,2027-S2,Augmentation,39.1,39.1,37.6,23.3
z_49.5_-3.0,2028,1,2028-S1,Diminution,38.0,34.6,38.0,27.4
z_49.5_-3.0,2028,2,2028-S2,Diminution,39.4,37.1,39.4,23.5
z_49.5_-3.0,2029,1,2029-S1,Diminution,37.8,36.7,37.8,25.6
z_49.5_-3.0,2029,2,2029-S2,Diminution,38.4,37.9,38.4,23.7
z_49.5_-3.0,2030,1,2030-S1,Diminution,37.8,36.7,37.8,25.6
z_49.5_-3.0,2030,2,2030-S2,Diminution,38.4,37.9,38.4,23.7
z_49.5_-4.5,2023,1,2023-S1,Diminution,38.9,34.7,38.9,26.4
z_49.5_-4.5,2023,2,2023-S2,Augmentation,37.9,37.9,32.8,29.4
z_49.5_-4.5,2024,1,2024-S1,Augmentation,34.8,34.8,32.3,32.9
z_49.5_-4.5,2024,2,2024-S2,Augmentation,38.1,38.1,31.6,30.3
z_49.5_-4.5,2025,1,2025-S1,Diminution,35.8,29.4,35.8,34.8
z_49.5_-4.5,2025,2,2025-S2,Diminution,42.7,29.1,42.7,28.1
z_49.5_-4.5,2026,1,2026-S1,Diminution,41.0,25.5,41.0,33.5
z_49.5_-4.5,2026,2,2026-S2,Diminution,38.1,29.7,38.1,32.3
z_49.5_-4.5,2027,1,2027-S1,Stable,36.3,28.6,35.1,36.3
z_49.5_-4.5,2027,2,2027-S2,Diminution,38.0,30.0,38.0,32.0
z_49.5_-4.5,2028,1,2028-S1,Diminution,36.3,28.4,36.3,35.3
z_49.5_-4.5,2028,2,2028-S2,Diminution,38.2,31.0,38.2,30.8
z_49.5_-4.5,2029,1,2029-S1,Diminution,37.7,29.4,37.7,32.9
z_49.5_-4.5,2029,2,2029-S2,Diminution,38.0,31.2,38.0,30.8
z_49.5_-4.5,2030,1,2030-S1,Diminution,37.6,29.4,37.6,33.0
z_49.5_-4.5,2030,2,2030-S2,Diminution,38.2,31.0,38.2,30.8
z_49.5_-6.0,2023,1,2023-S1,Augmentation,38.8,38.8,29.0,32.2
z_49.5_-6.0,2023,2,2023-S2,Augmentation,47.8,47.8,32.2,20.0
z_49.5_-6.0,2024,1,2024-S1,Augmentation,45.6,45.6,30.0,24.4
z_49.5_-6.0,2024,2,2024-S2,Diminution,36.9,31.0,36.9,32.1
z_49.5_-6.0,2025,1,2025-S1,Augmentation,38.8,38.8,35.3,25.9
z_49.5_-6.0,2025,2,2025-S2,Augmentation,37.8,37.8,35.0,27.2
z_49.5_-6.0,2026,1,2026-S1,Diminution,35.4,34.2,35.4,30.4
z_49.5_-6.0,2026,2,2026-S2,Augmentation,41.4,41.4,31.0,27.6
z_49.5_-6.0,2027,1,2027-S1,Augmentation,36.8,36.8,31.0,32.2
z_49.5_-6.0,2027,2,2027-S2,Augmentation,41.6,41.6,32.4,26.0
z_49.5_-6.0,2028,1,2028-S1,Augmentation,40.7,40.7,30.5,28.9
z_49.5_-6.0,2028,2,2028-S2,Augmentation,44.8,44.8,30.2,25.1
z_49.5_-6.0,2029,1,2029-S1,Augmentation,40.9,40.9,30.6,28.5
z_49.5_-6.0,2029,2,2029-S2,Augmentation,44.4,44.4,29.9,25.7
z_49.5_-6.0,2030,1,2030-S1,Augmentation,40.9,40.9,30.6,28.5
z_49.5_-6.0,2030,2,2030-S2,Augmentation,44.4,44.4,30.1,25.5
z_49.5_-7.5,2023,1,2023-S1,Augmentation,43.5,43.5,25.3,31.2
z_49.5_-7.5,2023,2,2023-S2,Augmentation,37.5,37.5,26.6,36.0
z_49.5_-7.5,2024,1,2024-S1,Diminution,37.2,26.8,37.2,35.9
z_49.5_-7.5,2024,2,2024-S2,Diminution,40.1,28.0,40.1,31.9
z_49.5_-7.5,2025,1,2025-S1,Diminution,42.6,23.6,42.6,33.7
z_49.5_-7.5,2025,2,2025-S2,Stable,39.1,24.0,36.9,39.1
z_49.5_-7.5,2026,1,2026-S1,Diminution,43.6,21.9,43.6,34.5
z_49.5_-7.5,2026,2,2026-S2,Diminution,49.3,20.7,49.3,30.0
z_49.5_-7.5,2027,1,2027-S1,Diminution,45.3,23.5,45.3,31.2
z_49.5_-7.5,2027,2,2027-S2,Diminution,41.2,22.9,41.2,35.8
z_49.5_-7.5,2028,1,2028-S1,Diminution,45.6,20.5,45.6,33.9
z_49.5_-7.5,2028,2,2028-S2,Diminution,43.9,21.2,43.9,34.9
z_49.5_-7.5,2029,1,2029-S1,Diminution,46.3,21.5,46.3,32.2
z_49.5_-7.5,2029,2,2029-S2,Diminution,43.8,21.3,43.8,34.8
z_49.5_-7.5,2030,1,2030-S1,Diminution,46.3,21.5,46.3,32.2
z_49.5_-7.5,2030,2,2030-S2,Diminution,43.8,21.3,43.8,34.8
z_49.5_-9.0,2023,1,2023-S1,Stable,45.1,31.2,23.7,45.1
z_49.5_-9.0,2023,2,2023-S2,Diminution,49.1,19.0,49.1,32.0
z_49.5_-9.0,2024,1,2024-S1,Stable,42.4,33.2,24.4,42.4
z_49.5_-9.0,2024,2,2024-S2,Diminution,35.2,29.6,35.2,35.2
z_49.5_-9.0,2025,1,2025-S1,Stable,43.4,40.9,15.8,43.4
z_49.5_-9.0,2025,2,2025-S2,Stable,40.8,23.4,35.8,40.8
z_49.5_-9.0,2026,1,2026-S1,Stable,39.9,38.9,21.2,39.9
z_49.5_-9.0,2026,2,2026-S2,Diminution,44.3,22.8,44.3,32.9
z_49.5_-9.0,2027,1,2027-S1,Stable,40.4,37.4,22.2,40.4
z_49.5_-9.0,2027,2,2027-S2,Diminution,45.7,21.2,45.7,33.1
z_49.5_-9.0,2028,1,2028-S1,Stable,42.0,33.8,24.2,42.0
z_49.5_-9.0,2028,2,2028-S2,Diminution,46.5,20.7,46.5,32.8
z_49.5_-9.0,2029,1,2029-S1,Stable,42.1,33.6,24.2,42.1
z_49.5_-9.0,2029,2,2029-S2,Diminution,46.5,20.7,46.5,32.8
z_49.5_-9.0,2030,1,2030-S1,Stable,42.1,33.6,24.2,42.1
z_49.5_-9.0,2030,2,2030-S2,Diminution,46.5,20.7,46.5,32.8
z_49.5_0.0,2023,1,2023-S1,Augmentation,49.2,49.2,17.9,32.9
z_49.5_0.0,2023,2,2023-S2,Augmentation,51.9,51.9,15.7,32.4
z_49.5_0.0,2024,1,2024-S1,Augmentation,43.9,43.9,19.0,37.1
z_49.5_0.0,2024,2,2024-S2,Augmentation,48.9,48.9,19.9,31.1
z_49.5_0.0,2025,1,2025-S1,Augmentation,48.7,48.7,17.8,33.5
z_49.5_0.0,2025,2,2025-S2,Augmentation,49.5,49.5,18.1,32.5
z_49.5_0.0,2026,1,2026-S1,Augmentation,47.0,47.0,22.7,30.3
z_49.5_0.0,2026,2,2026-S2,Augmentation,52.3,52.3,20.1,27.6
z_49.5_0.0,2027,1,2027-S1,Augmentation,46.9,46.9,17.8,35.3
z_49.5_0.0,2027,2,2027-S2,Augmentation,51.0,51.0,17.2,31.7
z_49.5_0.0,2028,1,2028-S1,Augmentation,49.5,49.5,18.1,32.4
z_49.5_0.0,2028,2,2028-S2,Augmentation,55.0,55.0,17.2,27.8
z_49.5_0.0,2029,1,2029-S1,Augmentation,51.3,51.3,17.7,31.0
z_49.5_0.0,2029,2,2029-S2,Augmentation,57.0,57.0,16.1,26.9
z_49.5_0.0,2030,1,2030-S1,Augmentation,53.9,53.9,16.8,29.3
z_49.5_0.0,2030,2,2030-S2,Augmentation,59.4,59.4,15.4,25.2
z_51.0_-10.5,2023,1,2023-S1,Augmentation,63.6,63.6,13.5,22.9
z_51.0_-10.5,2023,2,2023-S2,Augmentation,52.1,52.1,13.9,34.0
z_51.0_-10.5,2024,1,2024-S1,Augmentation,47.7,47.7,21.3,31.0
z_51.0_-10.5,2024,2,2024-S2,Stable,43.2,32.0,24.7,43.2
z_51.0_-10.5,2025,1,2025-S1,Augmentation,44.1,44.1,18.6,37.3
z_51.0_-10.5,2025,2,2025-S2,Augmentation,50.7,50.7,17.8,31.5
z_51.0_-10.5,2026,1,2026-S1,Stable,42.2,28.3,29.5,42.2
z_51.0_-10.5,2026,2,2026-S2,Stable,38.3,26.7,35.0,38.3
z_51.0_-10.5,2027,1,2027-S1,Stable,41.0,31.6,27.4,41.0
z_51.0_-10.5,2027,2,2027-S2,Stable,40.7,26.9,32.4,40.7
z_51.0_-10.5,2028,1,2028-S1,Stable,38.4,28.5,33.1,38.4
z_51.0_-10.5,2028,2,2028-S2,Stable,41.4,26.7,32.0,41.4
z_51.0_-10.5,2029,1,2029-S1,Stable,38.7,28.5,32.8,38.7
z_51.0_-10.5,2029,2,2029-S2,Stable,39.2,27.7,33.1,39.2
z_51.0_-10.5,2030,1,2030-S1,Stable,38.7,28.5,32.8,38.7
z_51.0_-10.5,2030,2,2030-S2,Stable,39.2,27.7,33.1,39.2
z_51.0_-12.0,2023,1,2023-S1,Stable,40.8,37.9,21.3,40.8
z_51.0_-12.0,2023,2,2023-S2,Stable,40.9,35.7,23.4,40.9
z_51.0_-12.0,2024,1,2024-S1,Augmentation,41.2,41.2,20.0,38.7
z_51.0_-12.0,2024,2,2024-S2,Stable,42.9,32.0,25.1,42.9
z_51.0_-12.0,2025,1,2025-S1,Stable,40.2,36.7,23.1,40.2
z_51.0_-12.0,2025,2,2025-S2,Stable,43.4,42.4,14.1,43.4
z_51.0_-12.0,2026,1,2026-S1,Stable,42.4,33.3,24.3,42.4
z_51.0_-12.0,2026,2,2026-S2,Stable,43.1,35.6,21.3,43.1
z_51.0_-12.0,2027,1,2027-S1,Stable,39.4,36.5,24.1,39.4
z_51.0_-12.0,2027,2,2027-S2,Stable,40.9,37.7,21.4,40.9
z_51.0_-12.0,2028,1,2028-S1,Augmentation,39.4,39.4,22.2,38.4
z_51.0_-12.0,2028,2,2028-S2,Stable,43.9,30.4,25.7,43.9
z_51.0_-12.0,2029,1,2029-S1,Stable,39.2,36.4,24.4,39.2
z_51.0_-12.0,2029,2,2029-S2,Stable,41.8,33.7,24.4,41.8
z_51.0_-12.0,2030,1,2030-S1,Stable,39.4,36.1,24.5,39.4
z_51.0_-12.0,2030,2,2030-S2,Stable,41.5,34.2,24.3,41.5
z_51.0_-13.5,2023,1,2023-S1,Diminution,59.2,8.5,59.2,32.3
z_51.0_-13.5,2023,2,2023-S2,Diminution,44.6,18.2,44.6,37.2
z_51.0_-13.5,2024,1,2024-S1,Diminution,59.0,8.3,59.0,32.7
z_51.0_-13.5,2024,2,2024-S2,Diminution,49.3,13.7,49.3,37.1
z_51.0_-13.5,2025,1,2025-S1,Diminution,52.7,15.7,52.7,31.6
z_51.0_-13.5,2025,2,2025-S2,Stable,40.2,25.1,34.7,40.2
z_51.0_-13.5,2026,1,2026-S1,Diminution,48.8,16.4,48.8,34.8
z_51.0_-13.5,2026,2,2026-S2,Stable,45.6,22.6,31.8,45.6
z_51.0_-13.5,2027,1,2027-S1,Diminution,51.8,15.6,51.8,32.6
z_51.0_-13.5,2027,2,2027-S2,Diminution,38.8,26.1,38.8,35.1
z_51.0_-13.5,2028,1,2028-S1,Diminution,39.9,24.3,39.9,35.8
z_51.0_-13.5,2028,2,2028-S2,Diminution,43.7,18.7,43.7,37.7
z_51.0_-13.5,2029,1,2029-S1,Diminution,50.0,15.8,50.0,34.2
z_51.0_-13.5,2029,2,2029-S2,Stable,37.7,25.1,37.2,37.7
z_51.0_-13.5,2030,1,2030-S1,Diminution,42.9,20.4,42.9,36.7
z_51.0_-13.5,2030,2,2030-S2,Diminution,38.7,24.1,38.7,37.3
z_51.0_-15.0,2023,1,2023-S1,Stable,46.8,27.2,25.9,46.8
z_51.0_-15.0,2023,2,2023-S2,Diminution,48.1,18.2,48.1,33.7
z_51.0_-15.0,2024,1,2024-S1,Diminution,46.6,19.0,46.6,34.4
z_51.0_-15.0,2024,2,2024-S2,Diminution,49.7,15.8,49.7,34.5
z_51.0_-15.0,2025,1,2025-S1,Diminution,45.2,19.1,45.2,35.7
z_51.0_-15.0,2025,2,2025-S2,Stable,39.0,25.8,35.2,39.0
z_51.0_-15.0,2026,1,2026-S1,Stable,42.1,18.6,39.3,42.1
z_51.0_-15.0,2026,2,2026-S2,Diminution,59.5,11.2,59.5,29.3
z_51.0_-15.0,2027,1,2027-S1,Diminution,42.9,16.2,42.9,40.9
z_51.0_-15.0,2027,2,2027-S2,Diminution,58.8,12.0,58.8,29.3
z_51.0_-15.0,2028,1,2028-S1,Stable,40.0,20.0,40.0,40.0
z_51.0_-15.0,2028,2,2028-S2,Diminution,53.0,13.2,53.0,33.8
z_51.0_-15.0,2029,1,2029-S1,Diminution,48.7,19.0,48.7,32.3
z_51.0_-15.0,2029,2,2029-S2,Diminution,53.0,13.2,53.0,33.8
z_51.0_-15.0,2030,1,2030-S1,Diminution,48.7,19.0,48.7,32.3
z_51.0_-15.0,2030,2,2030-S2,Diminution,53.0,13.2,53.0,33.8
z_51.0_-16.5,2023,1,2023-S1,Diminution,71.9,5.5,71.9,22.6
z_51.0_-16.5,2023,2,2023-S2,Diminution,57.4,12.2,57.4,30.4
z_51.0_-16.5,2024,1,2024-S1,Diminution,58.6,6.6,58.6,34.8
z_51.0_-16.5,2024,2,2024-S2,Diminution,54.4,5.4,54.4,40.1
z_51.0_-16.5,2025,1,2025-S1,Diminution,65.1,6.9,65.1,28.0
z_51.0_-16.5,2025,2,2025-S2,Diminution,55.7,4.2,55.7,40.2
z_51.0_-16.5,2026,1,2026-S1,Diminution,60.0,2.5,60.0,37.5
z_51.0_-16.5,2026,2,2026-S2,Diminution,73.7,3.0,73.7,23.4
z_51.0_-16.5,2027,1,2027-S1,Diminution,74.6,2.4,74.6,22.9
z_51.0_-16.5,2027,2,2027-S2,Diminution,73.7,3.0,73.7,23.4
z_51.0_-16.5,2028,1,2028-S1,Diminution,74.6,2.4,74.6,22.9
z_51.0_-16.5,2028,2,2028-S2,Diminution,73.7,3.0,73.7,23.4
z_51.0_-16.5,2029,1,2029-S1,Diminution,74.6,2.4,74.6,22.9
z_51.0_-16.5,2029,2,2029-S2,Diminution,73.7,3.0,73.7,23.4
z_51.0_-16.5,2030,1,2030-S1,Diminution,74.6,2.4,74.6,22.9
z_51.0_-16.5,2030,2,2030-S2,Diminution,73.7,3.0,73.7,23.4
z_51.0_-18.0,2023,1,2023-S1,Diminution,91.1,1.1,91.1,7.8
z_51.0_-18.0,2023,2,2023-S2,Diminution,93.0,0.7,93.0,6.3
z_51.0_-18.0,2024,1,2024-S1,Diminution,79.1,1.7,79.1,19.2
z_51.0_-18.0,2024,2,2024-S2,Diminution,86.8,4.8,86.8,8.4
z_51.0_-18.0,2025,1,2025-S1,Diminution,86.3,2.9,86.3,10.8
z_51.0_-18.0,2025,2,2025-S2,Diminution,86.0,1.8,86.0,12.3
z_51.0_-18.0,2026,1,2026-S1,Diminution,88.3,2.6,88.3,9.1
z_51.0_-18.0,2026,2,2026-S2,Diminution,92.5,0.3,92.5,7.2
z_51.0_-18.0,2027,1,2027-S1,Diminution,91.1,1.1,91.1,7.8
z_51.0_-18.0,2027,2,2027-S2,Diminution,92.5,0.3,92.5,7.2
z_51.0_-18.0,2028,1,2028-S1,Diminution,91.1,1.1,91.1,7.8
z_51.0_-18.0,2028,2,2028-S2,Diminution,92.5,0.3,92.5,7.2
z_51.0_-18.0,2029,1,2029-S1,Diminution,91.1,1.1,91.1,7.8
z_51.0_-18.0,2029,2,2029-S2,Diminution,92.5,0.3,92.5,7.2
z_51.0_-18.0,2030,1,2030-S1,Diminution,91.1,1.1,91.1,7.8
z_51.0_-18.0,2030,2,2030-S2,Diminution,92.5,0.3,92.5,7.2
z_51.0_-4.5,2023,1,2023-S1,Diminution,49.7,19.1,49.7,31.2
z_51.0_-4.5,2023,2,2023-S2,Diminution,53.9,20.6,53.9,25.4
z_51.0_-4.5,2024,1,2024-S1,Diminution,55.8,14.5,55.8,29.7
z_51.0_-4.5,2024,2,2024-S2,Diminution,51.1,16.8,51.1,32.0
z_51.0_-4.5,2025,1,2025-S1,Diminution,51.9,16.4,51.9,31.7
z_51.0_-4.5,2025,2,2025-S2,Diminution,44.4,20.4,44.4,35.2
z_51.0_-4.5,2026,1,2026-S1,Diminution,54.8,17.1,54.8,28.1
z_51.0_-4.5,2026,2,2026-S2,Diminution,55.3,14.5,55.3,30.2
z_51.0_-4.5,2027,1,2027-S1,Diminution,51.6,16.4,51.6,32.0
z_51.0_-4.5,2027,2,2027-S2,Diminution,52.4,18.1,52.4,29.4
z_51.0_-4.5,2028,1,2028-S1,Diminution,52.8,17.7,52.8,29.6
z_51.0_-4.5,2028,2,2028-S2,Diminution,53.8,15.3,53.8,30.9
z_51.0_-4.5,2029,1,2029-S1,Diminution,52.8,17.0,52.8,30.3
z_51.0_-4.5,2029,2,2029-S2,Diminution,53.9,17.2,53.9,28.9
z_51.0_-4.5,2030,1,2030-S1,Diminution,53.8,16.3,53.8,29.9
z_51.0_-4.5,2030,2,2030-S2,Diminution,54.1,16.0,54.1,29.9
z_51.0_-6.0,2023,1,2023-S1,Diminution,38.0,33.5,38.0,28.6
z_51.0_-6.0,2023,2,2023-S2,Diminution,39.6,33.2,39.6,27.2
z_51.0_-6.0,2024,1,2024-S1,Diminution,46.2,31.4,46.2,22.4
z_51.0_-6.0,2024,2,2024-S2,Diminution,41.0,35.6,41.0,23.4
z_51.0_-6.0,2025,1,2025-S1,Diminution,39.3,32.0,39.3,28.7
z_51.0_-6.0,2025,2,2025-S2,Diminution,35.8,35.1,35.8,29.1
z_51.0_-6.0,2026,1,2026-S1,Diminution,36.0,35.3,36.0,28.7
z_51.0_-6.0,2026,2,2026-S2,Augmentation,36.7,36.7,34.7,28.6
z_51.0_-6.0,2027,1,2027-S1,Diminution,41.8,31.1,41.8,27.1
z_51.0_-6.0,2027,2,2027-S2,Diminution,40.5,33.5,40.5,26.0
z_51.0_-6.0,2028,1,2028-S1,Diminution,41.5,30.3,41.5,28.2
z_51.0_-6.0,2028,2,2028-S2,Diminution,42.0,31.9,42.0,26.1
z_51.0_-6.0,2029,1,2029-S1,Diminution,41.1,30.6,41.1,28.4
z_51.0_-6.0,2029,2,2029-S2,Diminution,41.7,31.4,41.7,26.9
z_51.0_-6.0,2030,1,2030-S1,Diminution,41.1,30.6,41.1,28.4
z_51.0_-6.0,2030,2,2030-S2,Diminution,41.7,31.2,41.7,27.1
z_51.0_-7.5,2023,1,2023-S1,Augmentation,42.0,42.0,24.2,33.8
z_51.0_-7.5,2023,2,2023-S2,Augmentation,56.4,56.4,18.6,25.1
z_51.0_-7.5,2024,1,2024-S1,Augmentation,65.9,65.9,13.8,20.3
z_51.0_-7.5,2024,2,2024-S2,Augmentation,63.1,63.1,12.0,24.9
z_51.0_-7.5,2025,1,2025-S1,Augmentation,59.2,59.2,17.5,23.3
z_51.0_-7.5,2025,2,2025-S2,Augmentation,60.5,60.5,17.0,22.4
z_51.0_-7.5,2026,1,2026-S1,Augmentation,42.7,42.7,28.8,28.4
z_51.0_-7.5,2026,2,2026-S2,Augmentation,52.5,52.5,24.9,22.5
z_51.0_-7.5,2027,1,2027-S1,Augmentation,55.0,55.0,18.9,26.1
z_51.0_-7.5,2027,2,2027-S2,Augmentation,54.0,54.0,16.6,29.3
z_51.0_-7.5,2028,1,2028-S1,Augmentation,54.1,54.1,20.8,25.2
z_51.0_-7.5,2028,2,2028-S2,Augmentation,59.4,59.4,17.4,23.2
z_51.0_-7.5,2029,1,2029-S1,Augmentation,57.4,57.4,17.7,24.9
z_51.0_-7.5,2029,2,2029-S2,Augmentation,61.6,61.6,15.5,22.9
z_51.0_-7.5,2030,1,2030-S1,Augmentation,60.6,60.6,16.4,23.0
z_51.0_-7.5,2030,2,2030-S2,Augmentation,63.9,63.9,15.2,20.8
z_51.0_-9.0,2023,1,2023-S1,Augmentation,47.7,47.7,15.7,36.6
z_51.0_-9.0,2023,2,2023-S2,Augmentation,42.5,42.5,19.4,38.1
z_51.0_-9.0,2024,1,2024-S1,Augmentation,43.6,43.6,18.1,38.3
z_51.0_-9.0,2024,2,2024-S2,Augmentation,42.1,42.1,19.3,38.6
z_51.0_-9.0,2025,1,2025-S1,Stable,42.4,39.6,18.0,42.4
z_51.0_-9.0,2025,2,2025-S2,Stable,46.5,35.0,18.5,46.5
z_51.0_-9.0,2026,1,2026-S1,Stable,47.6,30.8,21.6,47.6
z_51.0_-9.0,2026,2,2026-S2,Stable,46.4,29.7,23.8,46.4
z_51.0_-9.0,2027,1,2027-S1,Stable,48.3,29.6,22.1,48.3
z_51.0_-9.0,2027,2,2027-S2,Stable,48.7,28.0,23.3,48.7
z_51.0_-9.0,2028,1,2028-S1,Stable,47.0,30.2,22.8,47.0
z_51.0_-9.0,2028,2,2028-S2,Stable,49.5,25.4,25.1,49.5
z_51.0_-9.0,2029,1,2029-S1,Stable,47.0,30.1,22.8,47.0
z_51.0_-9.0,2029,2,2029-S2,Stable,49.7,25.3,25.0,49.7
z_51.0_-9.0,2030,1,2030-S1,Stable,47.0,30.1,22.8,47.0
z_51.0_-9.0,2030,2,2030-S2,Stable,49.7,25.3,25.0,49.7
z_51.0_0.0,2023,1,2023-S1,Diminution,45.6,34.7,45.6,19.7
z_51.0_0.0,2023,2,2023-S2,Augmentation,36.7,36.7,32.4,30.9
z_51.0_0.0,2024,1,2024-S1,Augmentation,42.3,42.3,31.2,26.5
z_51.0_0.0,2024,2,2024-S2,Augmentation,53.4,53.4,20.8,25.8
z_51.0_0.0,2025,1,2025-S1,Augmentation,44.8,44.8,25.3,29.9
z_51.0_0.0,2025,2,2025-S2,Diminution,43.7,33.9,43.7,22.3
z_51.0_0.0,2026,1,2026-S1,Diminution,50.3,31.4,50.3,18.3
z_51.0_0.0,2026,2,2026-S2,Diminution,43.5,36.3,43.5,20.3
z_51.0_0.0,2027,1,2027-S1,Augmentation,36.6,36.6,35.6,27.8
z_51.0_0.0,2027,2,2027-S2,Augmentation,43.2,43.2,31.6,25.3
z_51.0_0.0,2028,1,2028-S1,Augmentation,42.0,42.0,33.5,24.5
z_51.0_0.0,2028,2,2028-S2,Augmentation,42.7,42.7,34.1,23.1
z_51.0_0.0,2029,1,2029-S1,Augmentation,39.6,39.6,35.5,24.9
z_51.0_0.0,2029,2,2029-S2,Augmentation,42.1,42.1,35.2,22.6
z_51.0_0.0,2030,1,2030-S1,Augmentation,40.6,40.6,35.1,24.4
z_51.0_0.0,2030,2,2030-S2,Augmentation,43.1,43.1,34.4,22.5
z_51.0_1.5,2023,1,2023-S1,Augmentation,38.1,38.1,23.8,38.1
z_51.0_1.5,2023,2,2023-S2,Augmentation,38.7,38.7,26.5,34.9
z_51.0_1.5,2024,1,2024-S1,Augmentation,52.0,52.0,18.7,29.3
z_51.0_1.5,2024,2,2024-S2,Augmentation,43.2,43.2,18.0,38.8
z_51.0_1.5,2025,1,2025-S1,Augmentation,54.5,54.5,17.3,28.3
z_51.0_1.5,2025,2,2025-S2,Augmentation,57.9,57.9,17.1,25.0
z_51.0_1.5,2026,1,2026-S1,Augmentation,39.0,39.0,32.3,28.7
z_51.0_1.5,2026,2,2026-S2,Augmentation,47.8,47.8,22.5,29.7
z_51.0_1.5,2027,1,2027-S1,Augmentation,56.8,56.8,17.2,26.0
z_51.0_1.5,2027,2,2027-S2,Augmentation,59.7,59.7,18.3,22.0
z_51.0_1.5,2028,1,2028-S1,Augmentation,61.8,61.8,15.3,22.9
z_51.0_1.5,2028,2,2028-S2,Augmentation,61.7,61.7,15.4,22.9
z_51.0_1.5,2029,1,2029-S1,Augmentation,61.4,61.4,15.3,23.4
z_51.0_1.5,2029,2,2029-S2,Augmentation,59.9,59.9,15.7,24.3
z_51.0_1.5,2030,1,2030-S1,Augmentation,57.9,57.9,15.0,27.1
z_51.0_1.5,2030,2,2030-S2,Augmentation,58.5,58.5,15.4,26.1
z_51.0_3.0,2023,1,2023-S1,Augmentation,79.8,79.8,4.4,15.7
z_51.0_3.0,2023,2,2023-S2,Augmentation,68.6,68.6,8.7,22.7
z_51.0_3.0,2024,1,2024-S1,Augmentation,67.5,67.5,8.8,23.6
z_51.0_3.0,2024,2,2024-S2,Augmentation,77.1,77.1,6.6,16.3
z_51.0_3.0,2025,1,2025-S1,Augmentation,80.0,80.0,5.0,15.0
z_51.0_3.0,2025,2,2025-S2,Augmentation,68.7,68.7,8.4,22.8
z_51.0_3.0,2026,1,2026-S1,Augmentation,52.5,52.5,18.6,28.9
z_51.0_3.0,2026,2,2026-S2,Augmentation,47.9,47.9,18.9,33.2
z_51.0_3.0,2027,1,2027-S1,Augmentation,74.8,74.8,7.2,18.0
z_51.0_3.0,2027,2,2027-S2,Augmentation,74.7,74.7,6.6,18.7
z_51.0_3.0,2028,1,2028-S1,Augmentation,74.9,74.9,7.6,17.5
z_51.0_3.0,2028,2,2028-S2,Augmentation,77.1,77.1,5.4,17.6
z_51.0_3.0,2029,1,2029-S1,Augmentation,78.0,78.0,4.9,17.0
z_51.0_3.0,2029,2,2029-S2,Augmentation,79.9,79.9,4.7,15.4
z_51.0_3.0,2030,1,2030-S1,Augmentation,78.7,78.7,4.7,16.5
z_51.0_3.0,2030,2,2030-S2,Augmentation,79.4,79.4,5.1,15.5
z_52.5_-1.5,2023,1,2023-S1,Diminution,39.2,28.4,39.2,32.3
z_52.5_-1.5,2023,2,2023-S2,Diminution,40.8,36.1,40.8,23.1
z_52.5_-1.5,2024,1,2024-S1,Augmentation,40.0,40.0,30.6,29.4
z_52.5_-1.5,2024,2,2024-S2,Augmentation,45.6,45.6,27.1,27.2
z_52.5_-1.5,2025,1,2025-S1,Augmentation,41.5,41.5,25.6,32.9
z_52.5_-1.5,2025,2,2025-S2,Augmentation,45.0,45.0,31.0,24.0
z_52.5_-1.5,2026,1,2026-S1,Augmentation,38.1,38.1,31.9,30.0
z_52.5_-1.5,2026,2,2026-S2,Augmentation,39.1,39.1,35.7,25.2
z_52.5_-1.5,2027,1,2027-S1,Augmentation,44.7,44.7,29.5,25.8
z_52.5_-1.5,2027,2,2027-S2,Augmentation,44.5,44.5,29.1,26.4
z_52.5_-1.5,2028,1,2028-S1,Augmentation,43.1,43.1,29.2,27.7
z_52.5_-1.5,2028,2,2028-S2,Augmentation,45.1,45.1,30.3,24.6
z_52.5_-1.5,2029,1,2029-S1,Augmentation,42.3,42.3,29.7,28.0
z_52.5_-1.5,2029,2,2029-S2,Augmentation,45.6,45.6,30.4,24.0
z_52.5_-1.5,2030,1,2030-S1,Augmentation,43.1,43.1,28.8,28.1
z_52.5_-1.5,2030,2,2030-S2,Augmentation,45.5,45.5,30.3,24.1
z_52.5_-10.5,2023,1,2023-S1,Stable,56.6,22.8,20.6,56.6
z_52.5_-10.5,2023,2,2023-S2,Stable,59.3,19.8,20.9,59.3
z_52.5_-10.5,2024,1,2024-S1,Stable,50.5,32.1,17.4,50.5
z_52.5_-10.5,2024,2,2024-S2,Stable,59.5,19.5,21.0,59.5
z_52.5_-10.5,2025,1,2025-S1,Stable,59.1,20.1,20.8,59.1
z_52.5_-10.5,2025,2,2025-S2,Stable,52.5,29.0,18.6,52.5
z_52.5_-10.5,2026,1,2026-S1,Stable,45.1,36.3,18.6,45.1
z_52.5_-10.5,2026,2,2026-S2,Stable,55.1,20.9,24.1,55.1
z_52.5_-10.5,2027,1,2027-S1,Stable,57.2,22.4,20.4,57.2
z_52.5_-10.5,2027,2,2027-S2,Stable,60.6,20.0,19.3,60.6
z_52.5_-10.5,2028,1,2028-S1,Stable,51.5,28.7,19.8,51.5
z_52.5_-10.5,2028,2,2028-S2,Stable,56.9,18.7,24.4,56.9
z_52.5_-10.5,2029,1,2029-S1,Stable,56.6,22.8,20.6,56.6
z_52.5_-10.5,2029,2,2029-S2,Stable,56.2,22.3,21.5,56.2
z_52.5_-10.5,2030,1,2030-S1,Stable,56.6,22.8,20.6,56.6
z_52.5_-10.5,2030,2,2030-S2,Stable,56.2,22.3,21.5,56.2
z_52.5_-12.0,2023,1,2023-S1,Stable,44.2,21.9,33.9,44.2
z_52.5_-12.0,2023,2,2023-S2,Diminution,49.6,9.0,49.6,41.4
z_52.5_-12.0,2024,1,2024-S1,Diminution,49.6,16.2,49.6,34.2
z_52.5_-12.0,2024,2,2024-S2,Diminution,64.6,7.3,64.6,28.1
z_52.5_-12.0,2025,1,2025-S1,Diminution,47.7,17.0,47.7,35.3
z_52.5_-12.0,2025,2,2025-S2,Diminution,60.5,4.5,60.5,35.0
z_52.5_-12.0,2026,1,2026-S1,Diminution,51.1,13.9,51.1,35.0
z_52.5_-12.0,2026,2,2026-S2,Diminution,68.1,4.8,68.1,27.2
z_52.5_-12.0,2027,1,2027-S1,Diminution,47.8,13.8,47.8,38.4
z_52.5_-12.0,2027,2,2027-S2,Diminution,66.4,3.8,66.4,29.8
z_52.5_-12.0,2028,1,2028-S1,Diminution,50.7,15.5,50.7,33.8
z_52.5_-12.0,2028,2,2028-S2,Diminution,66.4,3.8,66.4,29.8
z_52.5_-12.0,2029,1,2029-S1,Diminution,50.7,15.5,50.7,33.8
z_52.5_-12.0,2029,2,2029-S2,Diminution,66.4,3.8,66.4,29.8
z_52.5_-12.0,2030,1,2030-S1,Diminution,50.7,15.5,50.7,33.8
z_52.5_-12.0,2030,2,2030-S2,Diminution,66.4,3.8,66.4,29.8
z_52.5_-13.5,2023,1,2023-S1,Diminution,59.7,9.0,59.7,31.3
z_52.5_-13.5,2023,2,2023-S2,Diminution,47.0,16.5,47.0,36.5
z_52.5_-13.5,2024,1,2024-S1,Diminution,65.7,7.5,65.7,26.8
z_52.5_-13.5,2024,2,2024-S2,Diminution,45.2,16.2,45.2,38.6
z_52.5_-13.5,2025,1,2025-S1,Diminution,59.3,10.6,59.3,30.2
z_52.5_-13.5,2025,2,2025-S2,Diminution,45.2,18.5,45.2,36.3
z_52.5_-13.5,2026,1,2026-S1,Diminution,58.7,9.5,58.7,31.8
z_52.5_-13.5,2026,2,2026-S2,Diminution,44.3,14.0,44.3,41.7
z_52.5_-13.5,2027,1,2027-S1,Diminution,64.4,7.5,64.4,28.1
z_52.5_-13.5,2027,2,2027-S2,Diminution,49.8,13.5,49.8,36.7
z_52.5_-13.5,2028,1,2028-S1,Diminution,65.3,7.3,65.3,27.4
z_52.5_-13.5,2028,2,2028-S2,Diminution,50.2,16.2,50.2,33.6
z_52.5_-13.5,2029,1,2029-S1,Diminution,64.4,7.6,64.4,27.9
z_52.5_-13.5,2029,2,2029-S2,Diminution,51.4,18.3,51.4,30.3
z_52.5_-13.5,2030,1,2030-S1,Diminution,64.4,7.6,64.4,27.9
z_52.5_-13.5,2030,2,2030-S2,Diminution,51.4,18.3,51.4,30.3
z_52.5_-15.0,2023,1,2023-S1,Diminution,62.0,9.5,62.0,28.6
z_52.5_-15.0,2023,2,2023-S2,Diminution,69.6,4.4,69.6,26.0
z_52.5_-15.0,2024,1,2024-S1,Diminution,60.9,9.3,60.9,29.8
z_52.5_-15.0,2024,2,2024-S2,Diminution,70.9,3.7,70.9,25.4
z_52.5_-15.0,2025,1,2025-S1,Diminution,60.9,9.3,60.9,29.8
z_52.5_-15.0,2025,2,2025-S2,Diminution,72.1,7.0,72.1,20.9
z_52.5_-15.0,2026,1,2026-S1,Diminution,54.0,18.0,54.0,28.1
z_52.5_-15.0,2026,2,2026-S2,Diminution,67.0,7.1,67.0,25.9
z_52.5_-15.0,2027,1,2027-S1,Diminution,60.8,9.3,60.8,29.8
z_52.5_-15.0,2027,2,2027-S2,Diminution,69.8,8.4,69.8,21.8
z_52.5_-15.0,2028,1,2028-S1,Diminution,62.0,9.5,62.0,28.6
z_52.5_-15.0,2028,2,2028-S2,Diminution,69.6,4.4,69.6,26.0
z_52.5_-15.0,2029,1,2029-S1,Diminution,60.9,9.3,60.9,29.8
z_52.5_-15.0,2029,2,2029-S2,Diminution,70.9,3.7,70.9,25.4
z_52.5_-15.0,2030,1,2030-S1,Diminution,60.9,9.3,60.9,29.8
z_52.5_-15.0,2030,2,2030-S2,Diminution,70.9,3.7,70.9,25.4
z_52.5_-4.5,2023,1,2023-S1,Diminution,43.8,25.9,43.8,30.3
z_52.5_-4.5,2023,2,2023-S2,Diminution,44.2,31.1,44.2,24.6
z_52.5_-4.5,2024,1,2024-S1,Diminution,37.5,31.2,37.5,31.4
z_52.5_-4.5,2024,2,2024-S2,Stable,35.3,33.9,30.7,35.3
z_52.5_-4.5,2025,1,2025-S1,Stable,34.6,33.5,31.9,34.6
z_52.5_-4.5,2025,2,2025-S2,Diminution,37.3,30.8,37.3,31.9
z_52.5_-4.5,2026,1,2026-S1,Augmentation,35.2,35.2,33.5,31.3
z_52.5_-4.5,2026,2,2026-S2,Augmentation,35.9,35.9,35.0,29.1
z_52.5_-4.5,2027,1,2027-S1,Augmentation,35.1,35.1,34.9,30.0
z_52.5_-4.5,2027,2,2027-S2,Diminution,35.9,34.6,35.9,29.4
z_52.5_-4.5,2028,1,2028-S1,Diminution,34.7,33.2,34.7,32.1
z_52.5_-4.5,2028,2,2028-S2,Diminution,35.5,35.0,35.5,29.5
z_52.5_-4.5,2029,1,2029-S1,Diminution,34.8,33.5,34.8,31.7
z_52.5_-4.5,2029,2,2029-S2,Diminution,35.5,34.9,35.5,29.6
z_52.5_-4.5,2030,1,2030-S1,Diminution,34.9,33.5,34.9,31.6
z_52.5_-4.5,2030,2,2030-S2,Diminution,35.6,34.9,35.6,29.6
z_52.5_-6.0,2023,1,2023-S1,Augmentation,54.0,54.0,15.3,30.6
z_52.5_-6.0,2023,2,2023-S2,Augmentation,51.1,51.1,18.8,30.1
z_52.5_-6.0,2024,1,2024-S1,Augmentation,51.8,51.8,19.0,29.2
z_52.5_-6.0,2024,2,2024-S2,Augmentation,55.3,55.3,21.9,22.8
z_52.5_-6.0,2025,1,2025-S1,Augmentation,63.5,63.5,11.5,25.0
z_52.5_-6.0,2025,2,2025-S2,Augmentation,61.2,61.2,14.7,24.1
z_52.5_-6.0,2026,1,2026-S1,Augmentation,38.7,38.7,28.0,33.3
z_52.5_-6.0,2026,2,2026-S2,Augmentation,52.7,52.7,27.2,20.1
z_52.5_-6.0,2027,1,2027-S1,Augmentation,50.1,50.1,19.9,30.0
z_52.5_-6.0,2027,2,2027-S2,Augmentation,50.5,50.5,22.9,26.6
z_52.5_-6.0,2028,1,2028-S1,Augmentation,49.9,49.9,18.8,31.4
z_52.5_-6.0,2028,2,2028-S2,Augmentation,48.9,48.9,24.9,26.2
z_52.5_-6.0,2029,1,2029-S1,Augmentation,53.2,53.2,16.9,29.9
z_52.5_-6.0,2029,2,2029-S2,Augmentation,49.6,49.6,23.4,27.0
z_52.5_-6.0,2030,1,2030-S1,Augmentation,52.9,52.9,17.3,29.7
z_52.5_-6.0,2030,2,2030-S2,Augmentation,50.9,50.9,22.9,26.2
z_52.5_-7.5,2023,1,2023-S1,Augmentation,51.2,51.2,17.1,31.6
z_52.5_-7.5,2023,2,2023-S2,Augmentation,44.6,44.6,17.6,37.8
z_52.5_-7.5,2024,1,2024-S1,Augmentation,53.7,53.7,15.9,30.3
z_52.5_-7.5,2024,2,2024-S2,Augmentation,57.5,57.5,15.5,27.0
z_52.5_-7.5,2025,1,2025-S1,Augmentation,58.2,58.2,16.0,25.7
z_52.5_-7.5,2025,2,2025-S2,Augmentation,56.8,56.8,15.5,27.7
z_52.5_-7.5,2026,1,2026-S1,Augmentation,57.2,57.2,16.1,26.7
z_52.5_-7.5,2026,2,2026-S2,Augmentation,62.7,62.7,13.1,24.2
z_52.5_-7.5,2027,1,2027-S1,Augmentation,51.9,51.9,17.3,30.8
z_52.5_-7.5,2027,2,2027-S2,Augmentation,53.9,53.9,15.5,30.6
z_52.5_-7.5,2028,1,2028-S1,Augmentation,54.6,54.6,16.5,29.0
z_52.5_-7.5,2028,2,2028-S2,Augmentation,60.1,60.1,15.8,24.1
z_52.5_-7.5,2029,1,2029-S1,Augmentation,60.2,60.2,16.4,23.4
z_52.5_-7.5,2029,2,2029-S2,Augmentation,62.1,62.1,15.1,22.8
z_52.5_-7.5,2030,1,2030-S1,Augmentation,60.0,60.0,16.3,23.7
z_52.5_-7.5,2030,2,2030-S2,Augmentation,62.8,62.8,15.3,21.9
z_52.5_0.0,2023,1,2023-S1,Diminution,38.0,27.1,38.0,34.8
z_52.5_0.0,2023,2,2023-S2,Diminution,35.5,30.6,35.5,34.0
z_52.5_0.0,2024,1,2024-S1,Stable,38.6,26.9,34.4,38.6
z_52.5_0.0,2024,2,2024-S2,Stable,34.5,31.8,33.7,34.5
z_52.5_0.0,2025,1,2025-S1,Stable,36.9,30.7,32.4,36.9
z_52.5_0.0,2025,2,2025-S2,Augmentation,37.6,37.6,31.3,31.1
z_52.5_0.0,2026,1,2026-S1,Augmentation,38.4,38.4,28.8,32.9
z_52.5_0.0,2026,2,2026-S2,Augmentation,41.3,41.3,26.9,31.9
z_52.5_0.0,2027,1,2027-S1,Augmentation,35.6,35.6,34.8,29.6
z_52.5_0.0,2027,2,2027-S2,Augmentation,37.3,37.3,35.5,27.1
z_52.5_0.0,2028,1,2028-S1,Diminution,35.6,32.6,35.6,31.8
z_52.5_0.0,2028,2,2028-S2,Augmentation,35.5,35.5,35.2,29.3
z_52.5_0.0,2029,1,2029-S1,Diminution,35.5,32.5,35.5,32.0
z_52.5_0.0,2029,2,2029-S2,Diminution,35.2,34.7,35.2,30.1
z_52.5_0.0,2030,1,2030-S1,Diminution,35.5,32.5,35.5,32.0
z_52.5_0.0,2030,2,2030-S2,Diminution,35.2,34.7,35.2,30.1
z_52.5_1.5,2023,1,2023-S1,Diminution,42.5,27.1,42.5,30.4
z_52.5_1.5,2023,2,2023-S2,Diminution,43.0,25.9,43.0,31.0
z_52.5_1.5,2024,1,2024-S1,Diminution,52.0,17.0,52.0,31.0
z_52.5_1.5,2024,2,2024-S2,Diminution,52.5,19.6,52.5,28.0
z_52.5_1.5,2025,1,2025-S1,Diminution,46.0,17.4,46.0,36.6
z_52.5_1.5,2025,2,2025-S2,Stable,38.3,27.0,34.7,38.3
z_52.5_1.5,2026,1,2026-S1,Stable,43.3,33.0,23.7,43.3
z_52.5_1.5,2026,2,2026-S2,Diminution,36.2,28.4,36.2,35.4
z_52.5_1.5,2027,1,2027-S1,Diminution,40.4,25.9,40.4,33.7
z_52.5_1.5,2027,2,2027-S2,Diminution,48.1,18.9,48.1,33.1
z_52.5_1.5,2028,1,2028-S1,Diminution,44.3,20.2,44.3,35.5
z_52.5_1.5,2028,2,2028-S2,Diminution,48.5,19.6,48.5,31.9
z_52.5_1.5,2029,1,2029-S1,Diminution,46.6,18.5,46.6,34.9
z_52.5_1.5,2029,2,2029-S2,Diminution,49.8,18.8,49.8,31.4
z_52.5_1.5,2030,1,2030-S1,Diminution,46.6,18.5,46.6,34.9
z_52.5_1.5,2030,2,2030-S2,Diminution,49.8,18.8,49.8,31.4
z_52.5_13.5,2023,1,2023-S1,Augmentation,65.5,65.5,15.7,18.8
z_52.5_13.5,2023,2,2023-S2,Augmentation,69.5,69.5,14.2,16.3
z_52.5_13.5,2024,1,2024-S1,Augmentation,63.6,63.6,12.2,24.2
z_52.5_13.5,2024,2,2024-S2,Augmentation,62.7,62.7,14.5,22.8
z_52.5_13.5,2025,1,2025-S1,Augmentation,61.4,61.4,14.7,23.9
z_52.5_13.5,2025,2,2025-S2,Augmentation,70.8,70.8,15.3,14.0
z_52.5_13.5,2026,1,2026-S1,Augmentation,41.2,41.2,29.4,29.4
z_52.5_13.5,2026,2,2026-S2,Augmentation,54.9,54.9,27.1,18.1
z_52.5_13.5,2027,1,2027-S1,Augmentation,60.7,60.7,12.8,26.5
z_52.5_13.5,2027,2,2027-S2,Augmentation,63.2,63.2,14.7,22.1
z_52.5_13.5,2028,1,2028-S1,Augmentation,59.1,59.1,16.0,24.9
z_52.5_13.5,2028,2,2028-S2,Augmentation,62.7,62.7,15.6,21.7
z_52.5_13.5,2029,1,2029-S1,Augmentation,62.7,62.7,13.0,24.3
z_52.5_13.5,2029,2,2029-S2,Augmentation,64.1,64.1,13.3,22.6
z_52.5_13.5,2030,1,2030-S1,Augmentation,62.2,62.2,12.7,25.1
z_52.5_13.5,2030,2,2030-S2,Augmentation,63.7,63.7,13.2,23.1
z_52.5_3.0,2023,1,2023-S1,Augmentation,47.4,47.4,29.5,23.0
z_52.5_3.0,2023,2,2023-S2,Augmentation,56.9,56.9,16.2,26.8
z_52.5_3.0,2024,1,2024-S1,Augmentation,49.2,49.2,17.2,33.6
z_52.5_3.0,2024,2,2024-S2,Augmentation,51.4,51.4,19.4,29.2
z_52.5_3.0,2025,1,2025-S1,Augmentation,43.5,43.5,26.8,29.7
z_52.5_3.0,2025,2,2025-S2,Augmentation,44.1,44.1,28.0,27.8
z_52.5_3.0,2026,1,2026-S1,Diminution,39.2,33.0,39.2,27.8
z_52.5_3.0,2026,2,2026-S2,Augmentation,36.4,36.4,33.8,29.8
z_52.5_3.0,2027,1,2027-S1,Stable,34.4,33.5,32.1,34.4
z_52.5_3.0,2027,2,2027-S2,Augmentation,36.8,36.8,29.6,33.6
z_52.5_3.0,2028,1,2028-S1,Augmentation,34.4,34.4,31.7,33.9
z_52.5_3.0,2028,2,2028-S2,Augmentation,35.5,35.5,30.0,34.5
z_52.5_3.0,2029,1,2029-S1,Stable,34.3,33.8,32.0,34.3
z_52.5_3.0,2029,2,2029-S2,Augmentation,36.8,36.8,29.0,34.1
z_52.5_3.0,2030,1,2030-S1,Stable,34.3,33.8,32.0,34.3
z_52.5_3.0,2030,2,2030-S2,Augmentation,36.9,36.9,28.6,34.5
z_52.5_4.5,2023,1,2023-S1,Augmentation,53.8,53.8,21.3,24.9
z_52.5_4.5,2023,2,2023-S2,Augmentation,48.6,48.6,17.3,34.0
z_52.5_4.5,2024,1,2024-S1,Augmentation,52.2,52.2,18.6,29.2
z_52.5_4.5,2024,2,2024-S2,Augmentation,54.7,54.7,20.4,24.9
z_52.5_4.5,2025,1,2025-S1,Augmentation,61.2,61.2,17.9,20.8
z_52.5_4.5,2025,2,2025-S2,Augmentation,59.3,59.3,19.3,21.3
z_52.5_4.5,2026,1,2026-S1,Augmentation,44.1,44.1,31.5,24.4
z_52.5_4.5,2026,2,2026-S2,Augmentation,53.5,53.5,31.0,15.6
z_52.5_4.5,2027,1,2027-S1,Augmentation,53.3,53.3,14.7,32.0
z_52.5_4.5,2027,2,2027-S2,Augmentation,57.8,57.8,17.2,25.0
z_52.5_4.5,2028,1,2028-S1,Augmentation,59.1,59.1,14.4,26.5
z_52.5_4.5,2028,2,2028-S2,Augmentation,63.6,63.6,13.2,23.1
z_52.5_4.5,2029,1,2029-S1,Augmentation,59.6,59.6,14.4,26.0
z_52.5_4.5,2029,2,2029-S2,Augmentation,62.9,62.9,13.6,23.5
z_52.5_4.5,2030,1,2030-S1,Augmentation,63.2,63.2,13.7,23.1
z_52.5_4.5,2030,2,2030-S2,Augmentation,66.1,66.1,13.3,20.6
z_52.5_6.0,2023,1,2023-S1,Augmentation,47.0,47.0,18.5,34.5
z_52.5_6.0,2023,2,2023-S2,Augmentation,59.3,59.3,15.4,25.3
z_52.5_6.0,2024,1,2024-S1,Augmentation,59.5,59.5,12.4,28.1
z_52.5_6.0,2024,2,2024-S2,Augmentation,67.9,67.9,10.0,22.0
z_52.5_6.0,2025,1,2025-S1,Augmentation,63.6,63.6,11.4,25.0
z_52.5_6.0,2025,2,2025-S2,Augmentation,53.5,53.5,15.4,31.2
z_52.5_6.0,2026,1,2026-S1,Augmentation,41.4,41.4,26.0,32.6
z_52.5_6.0,2026,2,2026-S2,Augmentation,52.5,52.5,21.8,25.7
z_52.5_6.0,2027,1,2027-S1,Augmentation,54.2,54.2,13.1,32.8
z_52.5_6.0,2027,2,2027-S2,Augmentation,63.9,63.9,11.0,25.0
z_52.5_6.0,2028,1,2028-S1,Augmentation,60.3,60.3,12.5,27.2
z_52.5_6.0,2028,2,2028-S2,Augmentation,63.6,63.6,11.1,25.3
z_52.5_6.0,2029,1,2029-S1,Augmentation,56.5,56.5,11.7,31.8
z_52.5_6.0,2029,2,2029-S2,Augmentation,57.7,57.7,11.3,31.0
z_52.5_6.0,2030,1,2030-S1,Augmentation,52.3,52.3,11.3,36.4
z_52.5_6.0,2030,2,2030-S2,Augmentation,53.8,53.8,12.3,33.9
z_52.5_7.5,2023,1,2023-S1,Augmentation,48.2,48.2,13.8,38.0
z_52.5_7.5,2023,2,2023-S2,Stable,46.6,32.2,21.1,46.6
z_52.5_7.5,2024,1,2024-S1,Augmentation,43.9,43.9,15.9,40.2
z_52.5_7.5,2024,2,2024-S2,Augmentation,50.7,50.7,13.3,36.0
z_52.5_7.5,2025,1,2025-S1,Augmentation,52.2,52.2,16.4,31.4
z_52.5_7.5,2025,2,2025-S2,Augmentation,62.9,62.9,12.1,25.0
z_52.5_7.5,2026,1,2026-S1,Augmentation,59.2,59.2,11.8,29.0
z_52.5_7.5,2026,2,2026-S2,Augmentation,50.7,50.7,16.7,32.6
z_52.5_7.5,2027,1,2027-S1,Augmentation,61.0,61.0,13.0,26.0
z_52.5_7.5,2027,2,2027-S2,Augmentation,55.2,55.2,11.9,32.9
z_52.5_7.5,2028,1,2028-S1,Augmentation,59.6,59.6,13.2,27.1
z_52.5_7.5,2028,2,2028-S2,Augmentation,63.4,63.4,11.3,25.3
z_52.5_7.5,2029,1,2029-S1,Augmentation,58.8,58.8,12.0,29.2
z_52.5_7.5,2029,2,2029-S2,Augmentation,59.1,59.1,12.4,28.5
z_52.5_7.5,2030,1,2030-S1,Augmentation,53.7,53.7,12.6,33.8
z_52.5_7.5,2030,2,2030-S2,Augmentation,54.1,54.1,12.9,33.0
z_52.5_9.0,2023,1,2023-S1,Augmentation,85.1,85.1,2.9,12.0
z_52.5_9.0,2023,2,2023-S2,Augmentation,85.0,85.0,2.7,12.3
z_52.5_9.0,2024,1,2024-S1,Augmentation,63.7,63.7,7.6,28.7
z_52.5_9.0,2024,2,2024-S2,Augmentation,65.2,65.2,8.2,26.6
z_52.5_9.0,2025,1,2025-S1,Augmentation,45.8,45.8,9.7,44.5
z_52.5_9.0,2025,2,2025-S2,Augmentation,61.1,61.1,8.2,30.7
z_52.5_9.0,2026,1,2026-S1,Augmentation,46.9,46.9,16.6,36.5
z_52.5_9.0,2026,2,2026-S2,Augmentation,48.0,48.0,13.0,39.0
z_52.5_9.0,2027,1,2027-S1,Augmentation,80.7,80.7,5.2,14.2
z_52.5_9.0,2027,2,2027-S2,Augmentation,83.2,83.2,4.3,12.5
z_52.5_9.0,2028,1,2028-S1,Augmentation,80.8,80.8,5.3,13.9
z_52.5_9.0,2028,2,2028-S2,Augmentation,84.1,84.1,3.3,12.6
z_52.5_9.0,2029,1,2029-S1,Augmentation,82.5,82.5,3.1,14.4
z_52.5_9.0,2029,2,2029-S2,Augmentation,85.6,85.6,2.8,11.6
z_52.5_9.0,2030,1,2030-S1,Augmentation,81.1,81.1,3.2,15.7
z_52.5_9.0,2030,2,2030-S2,Augmentation,85.0,85.0,3.0,12.0
z_54.0_-1.5,2023,1,2023-S1,Diminution,44.0,23.0,44.0,33.0
z_54.0_-1.5,2023,2,2023-S2,Diminution,39.0,28.0,39.0,32.9
z_54.0_-1.5,2024,1,2024-S1,Stable,38.5,25.6,35.9,38.5
z_54.0_-1.5,2024,2,2024-S2,Diminution,45.8,21.5,45.8,32.7
z_54.0_-1.5,2025,1,2025-S1,Stable,38.9,26.5,34.6,38.9
z_54.0_-1.5,2025,2,2025-S2,Diminution,43.9,23.1,43.9,33.0
z_54.0_-1.5,2026,1,2026-S1,Diminution,49.5,22.9,49.5,27.6
z_54.0_-1.5,2026,2,2026-S2,Diminution,48.3,19.4,48.3,32.4
z_54.0_-1.5,2027,1,2027-S1,Diminution,42.1,20.7,42.1,37.1
z_54.0_-1.5,2027,2,2027-S2,Diminution,43.9,22.2,43.9,33.9
z_54.0_-1.5,2028,1,2028-S1,Diminution,42.3,19.8,42.3,37.9
z_54.0_-1.5,2028,2,2028-S2,Diminution,44.6,19.9,44.6,35.5
z_54.0_-1.5,2029,1,2029-S1,Diminution,44.3,20.1,44.3,35.6
z_54.0_-1.5,2029,2,2029-S2,Diminution,45.9,20.9,45.9,33.2
z_54.0_-1.5,2030,1,2030-S1,Diminution,44.4,20.2,44.4,35.4
z_54.0_-1.5,2030,2,2030-S2,Diminution,45.8,20.9,45.8,33.3
z_54.0_-10.5,2023,1,2023-S1,Diminution,71.4,3.9,71.4,24.7
z_54.0_-10.5,2023,2,2023-S2,Diminution,74.6,4.1,74.6,21.3
z_54.0_-10.5,2024,1,2024-S1,Diminution,67.0,5.1,67.0,27.9
z_54.0_-10.5,2024,2,2024-S2,Diminution,66.6,5.2,66.6,28.3
z_54.0_-10.5,2025,1,2025-S1,Diminution,64.9,6.7,64.9,28.4
z_54.0_-10.5,2025,2,2025-S2,Diminution,54.0,15.0,54.0,31.0
z_54.0_-10.5,2026,1,2026-S1,Diminution,56.0,13.0,56.0,31.0
z_54.0_-10.5,2026,2,2026-S2,Diminution,41.7,18.9,41.7,39.4
z_54.0_-10.5,2027,1,2027-S1,Diminution,53.2,15.6,53.2,31.2
z_54.0_-10.5,2027,2,2027-S2,Diminution,50.3,17.4,50.3,32.3
z_54.0_-10.5,2028,1,2028-S1,Diminution,49.4,17.1,49.4,33.5
z_54.0_-10.5,2028,2,2028-S2,Diminution,56.8,12.1,56.8,31.1
z_54.0_-10.5,2029,1,2029-S1,Diminution,52.8,14.5,52.8,32.7
z_54.0_-10.5,2029,2,2029-S2,Diminution,48.0,17.6,48.0,34.4
z_54.0_-10.5,2030,1,2030-S1,Diminution,49.0,18.1,49.0,32.9
z_54.0_-10.5,2030,2,2030-S2,Diminution,51.0,16.8,51.0,32.2
z_54.0_-12.0,2023,1,2023-S1,Diminution,78.7,1.8,78.7,19.5
z_54.0_-12.0,2023,2,2023-S2,Diminution,69.0,6.2,69.0,24.8
z_54.0_-12.0,2024,1,2024-S1,Diminution,54.3,6.4,54.3,39.3
z_54.0_-12.0,2024,2,2024-S2,Diminution,74.5,3.0,74.5,22.5
z_54.0_-12.0,2025,1,2025-S1,Diminution,71.6,3.9,71.6,24.5
z_54.0_-12.0,2025,2,2025-S2,Diminution,65.0,8.1,65.0,26.9
z_54.0_-12.0,2026,1,2026-S1,Stable,37.5,26.8,35.7,37.5
z_54.0_-12.0,2026,2,2026-S2,Diminution,55.3,11.0,55.3,33.7
z_54.0_-12.0,2027,1,2027-S1,Diminution,45.7,14.7,45.7,39.6
z_54.0_-12.0,2027,2,2027-S2,Diminution,46.8,14.6,46.8,38.6
z_54.0_-12.0,2028,1,2028-S1,Diminution,40.3,21.9,40.3,37.8
z_54.0_-12.0,2028,2,2028-S2,Diminution,39.1,23.4,39.1,37.4
z_54.0_-12.0,2029,1,2029-S1,Diminution,47.5,16.9,47.5,35.6
z_54.0_-12.0,2029,2,2029-S2,Diminution,48.9,15.9,48.9,35.2
z_54.0_-12.0,2030,1,2030-S1,Diminution,47.6,16.9,47.6,35.5
z_54.0_-12.0,2030,2,2030-S2,Diminution,49.0,16.0,49.0,35.0
z_54.0_-16.5,2023,1,2023-S1,Diminution,91.3,1.5,91.3,7.3
z_54.0_-16.5,2023,2,2023-S2,Diminution,92.5,0.7,92.5,6.9
z_54.0_-16.5,2024,1,2024-S1,Diminution,91.3,1.5,91.3,7.3
z_54.0_-16.5,2024,2,2024-S2,Diminution,92.3,1.0,92.3,6.7
z_54.0_-16.5,2025,1,2025-S1,Diminution,78.7,1.6,78.7,19.7
z_54.0_-16.5,2025,2,2025-S2,Diminution,86.9,5.2,86.9,8.0
z_54.0_-16.5,2026,1,2026-S1,Diminution,86.6,3.2,86.6,10.2
z_54.0_-16.5,2026,2,2026-S2,Diminution,87.4,1.8,87.4,10.8
z_54.0_-16.5,2027,1,2027-S1,Diminution,88.5,2.9,88.5,8.6
z_54.0_-16.5,2027,2,2027-S2,Diminution,92.5,0.7,92.5,6.9
z_54.0_-16.5,2028,1,2028-S1,Diminution,91.3,1.5,91.3,7.3
z_54.0_-16.5,2028,2,2028-S2,Diminution,92.5,0.7,92.5,6.9
z_54.0_-16.5,2029,1,2029-S1,Diminution,91.3,1.5,91.3,7.3
z_54.0_-16.5,2029,2,2029-S2,Diminution,92.5,0.7,92.5,6.9
z_54.0_-16.5,2030,1,2030-S1,Diminution,91.3,1.5,91.3,7.3
z_54.0_-16.5,2030,2,2030-S2,Diminution,92.5,0.7,92.5,6.9
z_54.0_-4.5,2023,1,2023-S1,Diminution,44.1,26.7,44.1,29.2
z_54.0_-4.5,2023,2,2023-S2,Diminution,37.2,28.6,37.2,34.2
z_54.0_-4.5,2024,1,2024-S1,Diminution,45.1,23.4,45.1,31.5
z_54.0_-4.5,2024,2,2024-S2,Stable,40.2,30.9,28.9,40.2
z_54.0_-4.5,2025,1,2025-S1,Augmentation,39.4,39.4,24.3,36.3
z_54.0_-4.5,2025,2,2025-S2,Diminution,37.0,33.0,37.0,30.0
z_54.0_-4.5,2026,1,2026-S1,Diminution,35.2,31.0,35.2,33.8
z_54.0_-4.5,2026,2,2026-S2,Diminution,47.2,23.6,47.2,29.2
z_54.0_-4.5,2027,1,2027-S1,Diminution,47.2,24.7,47.2,28.1
z_54.0_-4.5,2027,2,2027-S2,Diminution,49.5,20.8,49.5,29.7
z_54.0_-4.5,2028,1,2028-S1,Diminution,47.8,20.8,47.8,31.4
z_54.0_-4.5,2028,2,2028-S2,Diminution,50.4,20.2,50.4,29.4
z_54.0_-4.5,2029,1,2029-S1,Diminution,48.8,20.3,48.8,30.9
z_54.0_-4.5,2029,2,2029-S2,Diminution,50.3,20.2,50.3,29.6
z_54.0_-4.5,2030,1,2030-S1,Diminution,48.9,20.4,48.9,30.8
z_54.0_-4.5,2030,2,2030-S2,Diminution,50.4,20.2,50.4,29.4
z_54.0_-6.0,2023,1,2023-S1,Diminution,44.9,23.0,44.9,32.1
z_54.0_-6.0,2023,2,2023-S2,Diminution,48.8,22.8,48.8,28.3
z_54.0_-6.0,2024,1,2024-S1,Diminution,47.6,22.3,47.6,30.1
z_54.0_-6.0,2024,2,2024-S2,Diminution,46.6,26.1,46.6,27.4
z_54.0_-6.0,2025,1,2025-S1,Diminution,48.0,26.5,48.0,25.5
z_54.0_-6.0,2025,2,2025-S2,Diminution,44.2,33.0,44.2,22.7
z_54.0_-6.0,2026,1,2026-S1,Diminution,42.6,29.8,42.6,27.7
z_54.0_-6.0,2026,2,2026-S2,Diminution,44.5,26.7,44.5,28.8
z_54.0_-6.0,2027,1,2027-S1,Diminution,44.0,30.9,44.0,25.1
z_54.0_-6.0,2027,2,2027-S2,Diminution,47.4,26.3,47.4,26.3
z_54.0_-6.0,2028,1,2028-S1,Diminution,41.5,34.4,41.5,24.2
z_54.0_-6.0,2028,2,2028-S2,Diminution,46.7,28.9,46.7,24.5
z_54.0_-6.0,2029,1,2029-S1,Diminution,47.1,30.1,47.1,22.8
z_54.0_-6.0,2029,2,2029-S2,Diminution,49.3,29.3,49.3,21.4
z_54.0_-6.0,2030,1,2030-S1,Diminution,47.1,30.1,47.1,22.8
z_54.0_-6.0,2030,2,2030-S2,Diminution,49.3,29.3,49.3,21.4
z_54.0_-7.5,2023,1,2023-S1,Stable,42.5,15.4,42.1,42.5
z_54.0_-7.5,2023,2,2023-S2,Diminution,53.6,18.0,53.6,28.4
z_54.0_-7.5,2024,1,2024-S1,Diminution,44.4,17.5,44.4,38.2
z_54.0_-7.5,2024,2,2024-S2,Diminution,48.4,17.3,48.4,34.3
z_54.0_-7.5,2025,1,2025-S1,Stable,45.3,29.5,25.3,45.3
z_54.0_-7.5,2025,2,2025-S2,Stable,36.1,32.0,31.9,36.1
z_54.0_-7.5,2026,1,2026-S1,Diminution,46.8,22.0,46.8,31.1
z_54.0_-7.5,2026,2,2026-S2,Diminution,47.0,18.5,47.0,34.5
z_54.0_-7.5,2027,1,2027-S1,Diminution,39.8,26.0,39.8,34.2
z_54.0_-7.5,2027,2,2027-S2,Diminution,47.1,21.4,47.1,31.5
z_54.0_-7.5,2028,1,2028-S1,Diminution,53.6,15.5,53.6,30.9
z_54.0_-7.5,2028,2,2028-S2,Diminution,55.3,15.1,55.3,29.6
z_54.0_-7.5,2029,1,2029-S1,Diminution,53.0,15.8,53.0,31.2
z_54.0_-7.5,2029,2,2029-S2,Diminution,52.0,17.0,52.0,30.9
z_54.0_-7.5,2030,1,2030-S1,Diminution,48.3,17.4,48.3,34.3
z_54.0_-7.5,2030,2,2030-S2,Diminution,55.3,16.0,55.3,28.8
z_54.0_-9.0,2023,1,2023-S1,Diminution,56.7,9.4,56.7,33.8
z_54.0_-9.0,2023,2,2023-S2,Diminution,42.8,20.1,42.8,37.1
z_54.0_-9.0,2024,1,2024-S1,Diminution,54.8,8.9,54.8,36.3
z_54.0_-9.0,2024,2,2024-S2,Stable,47.9,19.3,32.8,47.9
z_54.0_-9.0,2025,1,2025-S1,Diminution,46.3,13.5,46.3,40.2
z_54.0_-9.0,2025,2,2025-S2,Stable,47.9,23.2,28.9,47.9
z_54.0_-9.0,2026,1,2026-S1,Diminution,58.3,6.4,58.3,35.3
z_54.0_-9.0,2026,2,2026-S2,Diminution,55.4,15.5,55.4,29.1
z_54.0_-9.0,2027,1,2027-S1,Diminution,61.6,4.3,61.6,34.2
z_54.0_-9.0,2027,2,2027-S2,Diminution,52.1,12.8,52.1,35.1
z_54.0_-9.0,2028,1,2028-S1,Diminution,61.3,4.5,61.3,34.2
z_54.0_-9.0,2028,2,2028-S2,Diminution,52.1,12.8,52.1,35.1
z_54.0_-9.0,2029,1,2029-S1,Diminution,61.3,4.5,61.3,34.2
z_54.0_-9.0,2029,2,2029-S2,Diminution,52.1,12.8,52.1,35.1
z_54.0_-9.0,2030,1,2030-S1,Diminution,61.3,4.5,61.3,34.2
z_54.0_-9.0,2030,2,2030-S2,Diminution,52.1,12.8,52.1,35.1
z_54.0_0.0,2023,1,2023-S1,Diminution,42.3,29.2,42.3,28.6
z_54.0_0.0,2023,2,2023-S2,Stable,41.0,27.9,31.0,41.0
z_54.0_0.0,2024,1,2024-S1,Diminution,47.0,21.8,47.0,31.2
z_54.0_0.0,2024,2,2024-S2,Stable,44.2,14.6,41.2,44.2
z_54.0_0.0,2025,1,2025-S1,Diminution,53.3,18.9,53.3,27.8
z_54.0_0.0,2025,2,2025-S2,Stable,51.1,23.5,25.4,51.1
z_54.0_0.0,2026,1,2026-S1,Diminution,41.0,23.7,41.0,35.3
z_54.0_0.0,2026,2,2026-S2,Diminution,41.7,18.6,41.7,39.8
z_54.0_0.0,2027,1,2027-S1,Diminution,49.2,22.7,49.2,28.1
z_54.0_0.0,2027,2,2027-S2,Diminution,42.9,24.7,42.9,32.4
z_54.0_0.0,2028,1,2028-S1,Diminution,47.0,26.9,47.0,26.1
z_54.0_0.0,2028,2,2028-S2,Diminution,43.9,19.5,43.9,36.7
z_54.0_0.0,2029,1,2029-S1,Diminution,54.9,23.2,54.9,21.9
z_54.0_0.0,2029,2,2029-S2,Diminution,43.9,19.5,43.9,36.7
z_54.0_0.0,2030,1,2030-S1,Diminution,54.9,23.2,54.9,21.9
z_54.0_0.0,2030,2,2030-S2,Diminution,43.8,19.4,43.8,36.8
z_54.0_1.5,2023,1,2023-S1,Stable,50.2,24.1,25.7,50.2
z_54.0_1.5,2023,2,2023-S2,Diminution,61.9,13.3,61.9,24.8
z_54.0_1.5,2024,1,2024-S1,Stable,38.0,32.2,29.8,38.0
z_54.0_1.5,2024,2,2024-S2,Diminution,53.9,16.4,53.9,29.7
z_54.0_1.5,2025,1,2025-S1,Diminution,44.8,15.6,44.8,39.6
z_54.0_1.5,2025,2,2025-S2,Diminution,57.9,13.2,57.9,28.9
z_54.0_1.5,2026,1,2026-S1,Stable,41.2,24.8,33.9,41.2
z_54.0_1.5,2026,2,2026-S2,Diminution,55.8,17.2,55.8,27.0
z_54.0_1.5,2027,1,2027-S1,Stable,46.5,29.5,24.0,46.5
z_54.0_1.5,2027,2,2027-S2,Diminution,56.1,14.0,56.1,29.9
z_54.0_1.5,2028,1,2028-S1,Stable,40.8,21.5,37.7,40.8
z_54.0_1.5,2028,2,2028-S2,Diminution,51.2,15.3,51.2,33.4
z_54.0_1.5,2029,1,2029-S1,Stable,40.3,23.6,36.0,40.3
z_54.0_1.5,2029,2,2029-S2,Diminution,54.9,16.2,54.9,28.9
z_54.0_1.5,2030,1,2030-S1,Stable,45.9,25.9,28.3,45.9
z_54.0_1.5,2030,2,2030-S2,Diminution,59.3,14.7,59.3,25.9
z_54.0_10.5,2023,1,2023-S1,Augmentation,68.0,68.0,10.1,21.9
z_54.0_10.5,2023,2,2023-S2,Augmentation,68.6,68.6,10.0,21.5
z_54.0_10.5,2024,1,2024-S1,Augmentation,67.8,67.8,11.3,20.9
z_54.0_10.5,2024,2,2024-S2,Augmentation,66.4,66.4,10.3,23.3
z_54.0_10.5,2025,1,2025-S1,Augmentation,65.1,65.1,11.3,23.6
z_54.0_10.5,2025,2,2025-S2,Augmentation,46.8,46.8,17.1,36.0
z_54.0_10.5,2026,1,2026-S1,Augmentation,52.1,52.1,14.8,33.1
z_54.0_10.5,2026,2,2026-S2,Augmentation,51.7,51.7,12.6,35.8
z_54.0_10.5,2027,1,2027-S1,Augmentation,65.3,65.3,11.9,22.8
z_54.0_10.5,2027,2,2027-S2,Augmentation,67.7,67.7,9.8,22.5
z_54.0_10.5,2028,1,2028-S1,Augmentation,67.3,67.3,10.6,22.2
z_54.0_10.5,2028,2,2028-S2,Augmentation,68.1,68.1,10.2,21.7
z_54.0_10.5,2029,1,2029-S1,Augmentation,65.0,65.0,10.6,24.3
z_54.0_10.5,2029,2,2029-S2,Augmentation,63.4,63.4,10.3,26.3
z_54.0_10.5,2030,1,2030-S1,Augmentation,60.1,60.1,11.1,28.8
z_54.0_10.5,2030,2,2030-S2,Augmentation,57.1,57.1,12.6,30.3
z_54.0_12.0,2023,1,2023-S1,Augmentation,53.3,53.3,14.4,32.3
z_54.0_12.0,2023,2,2023-S2,Augmentation,61.8,61.8,15.1,23.1
z_54.0_12.0,2024,1,2024-S1,Augmentation,56.3,56.3,13.4,30.3
z_54.0_12.0,2024,2,2024-S2,Augmentation,39.6,39.6,21.3,39.1
z_54.0_12.0,2025,1,2025-S1,Stable,41.5,38.3,20.3,41.5
z_54.0_12.0,2025,2,2025-S2,Augmentation,41.5,41.5,20.3,38.2
z_54.0_12.0,2026,1,2026-S1,Augmentation,41.2,41.2,27.7,31.1
z_54.0_12.0,2026,2,2026-S2,Augmentation,45.4,45.4,19.4,35.3
z_54.0_12.0,2027,1,2027-S1,Augmentation,57.6,57.6,15.0,27.4
z_54.0_12.0,2027,2,2027-S2,Augmentation,60.1,60.1,16.4,23.5
z_54.0_12.0,2028,1,2028-S1,Augmentation,58.0,58.0,16.4,25.6
z_54.0_12.0,2028,2,2028-S2,Augmentation,59.2,59.2,13.1,27.7
z_54.0_12.0,2029,1,2029-S1,Augmentation,51.2,51.2,15.8,33.0
z_54.0_12.0,2029,2,2029-S2,Augmentation,51.5,51.5,16.8,31.7
z_54.0_12.0,2030,1,2030-S1,Augmentation,52.2,52.2,16.5,31.3
z_54.0_12.0,2030,2,2030-S2,Augmentation,52.6,52.6,16.3,31.1
z_54.0_13.5,2023,1,2023-S1,Augmentation,73.9,73.9,10.2,15.9
z_54.0_13.5,2023,2,2023-S2,Augmentation,80.9,80.9,7.6,11.4
z_54.0_13.5,2024,1,2024-S1,Augmentation,80.3,80.3,8.2,11.5
z_54.0_13.5,2024,2,2024-S2,Augmentation,55.2,55.2,13.1,31.7
z_54.0_13.5,2025,1,2025-S1,Augmentation,56.4,56.4,17.5,26.1
z_54.0_13.5,2025,2,2025-S2,Augmentation,48.6,48.6,20.3,31.2
z_54.0_13.5,2026,1,2026-S1,Augmentation,43.7,43.7,26.6,29.8
z_54.0_13.5,2026,2,2026-S2,Augmentation,62.5,62.5,16.8,20.7
z_54.0_13.5,2027,1,2027-S1,Augmentation,69.9,69.9,12.9,17.2
z_54.0_13.5,2027,2,2027-S2,Augmentation,75.9,75.9,10.0,14.0
z_54.0_13.5,2028,1,2028-S1,Augmentation,74.5,74.5,10.5,15.0
z_54.0_13.5,2028,2,2028-S2,Augmentation,76.5,76.5,10.4,13.1
z_54.0_13.5,2029,1,2029-S1,Augmentation,77.6,77.6,9.7,12.7
z_54.0_13.5,2029,2,2029-S2,Augmentation,79.6,79.6,8.9,11.6
z_54.0_13.5,2030,1,2030-S1,Augmentation,77.4,77.4,9.4,13.2
z_54.0_13.5,2030,2,2030-S2,Augmentation,78.7,78.7,8.9,12.4
z_54.0_15.0,2023,1,2023-S1,Stable,43.3,42.8,13.9,43.3
z_54.0_15.0,2023,2,2023-S2,Augmentation,46.9,46.9,16.2,37.0
z_54.0_15.0,2024,1,2024-S1,Stable,47.3,34.5,18.3,47.3
z_54.0_15.0,2024,2,2024-S2,Stable,38.6,37.2,24.1,38.6
z_54.0_15.0,2025,1,2025-S1,Stable,49.4,30.1,20.5,49.4
z_54.0_15.0,2025,2,2025-S2,Augmentation,42.4,42.4,18.2,39.4
z_54.0_15.0,2026,1,2026-S1,Stable,47.0,35.4,17.7,47.0
z_54.0_15.0,2026,2,2026-S2,Stable,39.8,32.5,27.7,39.8
z_54.0_15.0,2027,1,2027-S1,Stable,51.4,28.4,20.2,51.4
z_54.0_15.0,2027,2,2027-S2,Stable,41.1,32.7,26.2,41.1
z_54.0_15.0,2028,1,2028-S1,Stable,46.6,33.6,19.8,46.6
z_54.0_15.0,2028,2,2028-S2,Stable,42.1,31.8,26.1,42.1
z_54.0_15.0,2029,1,2029-S1,Stable,50.0,28.7,21.3,50.0
z_54.0_15.0,2029,2,2029-S2,Stable,41.9,29.6,28.5,41.9
z_54.0_15.0,2030,1,2030-S1,Stable,50.8,27.3,21.9,50.8
z_54.0_15.0,2030,2,2030-S2,Stable,42.1,29.4,28.5,42.1
z_54.0_16.5,2023,1,2023-S1,Diminution,44.2,18.3,44.2,37.5
z_54.0_16.5,2023,2,2023-S2,Stable,47.9,25.4,26.7,47.9
z_54.0_16.5,2024,1,2024-S1,Diminution,51.8,17.4,51.8,30.8
z_54.0_16.5,2024,2,2024-S2,Stable,40.5,34.2,25.2,40.5
z_54.0_16.5,2025,1,2025-S1,Diminution,44.1,19.8,44.1,36.1
z_54.0_16.5,2025,2,2025-S2,Stable,53.1,23.1,23.8,53.1
z_54.0_16.5,2026,1,2026-S1,Diminution,51.7,18.0,51.7,30.3
z_54.0_16.5,2026,2,2026-S2,Stable,43.4,13.4,43.3,43.4
z_54.0_16.5,2027,1,2027-S1,Diminution,54.2,16.9,54.2,28.8
z_54.0_16.5,2027,2,2027-S2,Stable,50.3,23.1,26.7,50.3
z_54.0_16.5,2028,1,2028-S1,Diminution,50.4,17.9,50.4,31.7
z_54.0_16.5,2028,2,2028-S2,Stable,49.0,20.0,31.1,49.0
z_54.0_16.5,2029,1,2029-S1,Diminution,53.9,16.7,53.9,29.4
z_54.0_16.5,2029,2,2029-S2,Stable,48.8,19.7,31.5,48.8
z_54.0_16.5,2030,1,2030-S1,Diminution,54.0,16.7,54.0,29.4
z_54.0_16.5,2030,2,2030-S2,Stable,48.8,19.7,31.5,48.8
z_54.0_18.0,2023,1,2023-S1,Augmentation,65.0,65.0,12.8,22.2
z_54.0_18.0,2023,2,2023-S2,Augmentation,78.7,78.7,8.5,12.7
z_54.0_18.0,2024,1,2024-S1,Augmentation,80.1,80.1,8.4,11.6
z_54.0_18.0,2024,2,2024-S2,Augmentation,58.3,58.3,17.9,23.8
z_54.0_18.0,2025,1,2025-S1,Diminution,45.0,31.0,45.0,24.0
z_54.0_18.0,2025,2,2025-S2,Augmentation,51.6,51.6,30.5,17.8
z_54.0_18.0,2026,1,2026-S1,Diminution,35.5,33.2,35.5,31.3
z_54.0_18.0,2026,2,2026-S2,Augmentation,48.0,48.0,33.0,19.0
z_54.0_18.0,2027,1,2027-S1,Augmentation,49.0,49.0,21.7,29.3
z_54.0_18.0,2027,2,2027-S2,Augmentation,62.2,62.2,16.4,21.3
z_54.0_18.0,2028,1,2028-S1,Augmentation,48.5,48.5,21.9,29.6
z_54.0_18.0,2028,2,2028-S2,Augmentation,65.1,65.1,14.1,20.8
z_54.0_18.0,2029,1,2029-S1,Augmentation,53.4,53.4,20.1,26.4
z_54.0_18.0,2029,2,2029-S2,Augmentation,66.3,66.3,13.6,20.1
z_54.0_18.0,2030,1,2030-S1,Augmentation,53.7,53.7,17.5,28.8
z_54.0_18.0,2030,2,2030-S2,Augmentation,67.1,67.1,12.4,20.4
z_54.0_3.0,2023,1,2023-S1,Diminution,57.7,9.4,57.7,32.9
z_54.0_3.0,2023,2,2023-S2,Diminution,54.0,17.3,54.0,28.7
z_54.0_3.0,2024,1,2024-S1,Diminution,50.5,13.9,50.5,35.6
z_54.0_3.0,2024,2,2024-S2,Diminution,57.7,18.1,57.7,24.2
z_54.0_3.0,2025,1,2025-S1,Diminution,56.6,8.9,56.6,34.5
z_54.0_3.0,2025,2,2025-S2,Diminution,58.8,18.6,58.8,22.6
z_54.0_3.0,2026,1,2026-S1,Diminution,56.2,8.4,56.2,35.5
z_54.0_3.0,2026,2,2026-S2,Diminution,59.8,16.1,59.8,24.0
z_54.0_3.0,2027,1,2027-S1,Diminution,57.2,9.5,57.2,33.4
z_54.0_3.0,2027,2,2027-S2,Diminution,59.8,16.1,59.8,24.0
z_54.0_3.0,2028,1,2028-S1,Diminution,57.2,9.5,57.2,33.4
z_54.0_3.0,2028,2,2028-S2,Diminution,59.8,16.1,59.8,24.0
z_54.0_3.0,2029,1,2029-S1,Diminution,57.2,9.5,57.2,33.4
z_54.0_3.0,2029,2,2029-S2,Diminution,59.8,16.1,59.8,24.0
z_54.0_3.0,2030,1,2030-S1,Diminution,57.2,9.5,57.2,33.4
z_54.0_3.0,2030,2,2030-S2,Diminution,59.8,16.1,59.8,24.0
z_54.0_4.5,2023,1,2023-S1,Stable,53.0,25.3,21.7,53.0
z_54.0_4.5,2023,2,2023-S2,Stable,56.6,19.2,24.2,56.6
z_54.0_4.5,2024,1,2024-S1,Stable,53.3,25.3,21.4,53.3
z_54.0_4.5,2024,2,2024-S2,Stable,45.9,32.4,21.6,45.9
z_54.0_4.5,2025,1,2025-S1,Stable,58.6,19.4,22.0,58.6
z_54.0_4.5,2025,2,2025-S2,Stable,52.6,24.4,22.9,52.6
z_54.0_4.5,2026,1,2026-S1,Stable,62.6,22.2,15.2,62.6
z_54.0_4.5,2026,2,2026-S2,Stable,54.8,21.5,23.7,54.8
z_54.0_4.5,2027,1,2027-S1,Stable,54.5,14.9,30.6,54.5
z_54.0_4.5,2027,2,2027-S2,Stable,55.0,15.9,29.1,55.0
z_54.0_4.5,2028,1,2028-S1,Stable,54.2,22.4,23.3,54.2
z_54.0_4.5,2028,2,2028-S2,Stable,54.9,18.0,27.1,54.9
z_54.0_4.5,2029,1,2029-S1,Stable,57.6,17.6,24.7,57.6
z_54.0_4.5,2029,2,2029-S2,Stable,52.8,14.5,32.6,52.8
z_54.0_4.5,2030,1,2030-S1,Stable,53.1,14.8,32.0,53.1
z_54.0_4.5,2030,2,2030-S2,Stable,52.7,14.6,32.7,52.7
z_54.0_6.0,2023,1,2023-S1,Stable,49.2,15.9,35.0,49.2
z_54.0_6.0,2023,2,2023-S2,Stable,47.7,32.7,19.5,47.7
z_54.0_6.0,2024,1,2024-S1,Stable,42.5,33.5,24.0,42.5
z_54.0_6.0,2024,2,2024-S2,Stable,49.0,29.9,21.1,49.0
z_54.0_6.0,2025,1,2025-S1,Diminution,38.9,24.9,38.9,36.2
z_54.0_6.0,2025,2,2025-S2,Stable,52.9,22.8,24.2,52.9
z_54.0_6.0,2026,1,2026-S1,Diminution,46.9,15.6,46.9,37.5
z_54.0_6.0,2026,2,2026-S2,Stable,54.2,22.5,23.3,54.2
z_54.0_6.0,2027,1,2027-S1,Diminution,44.5,15.7,44.5,39.9
z_54.0_6.0,2027,2,2027-S2,Stable,54.3,22.7,23.1,54.3
z_54.0_6.0,2028,1,2028-S1,Diminution,48.2,15.9,48.2,35.8
z_54.0_6.0,2028,2,2028-S2,Stable,53.7,18.9,27.4,53.7
z_54.0_6.0,2029,1,2029-S1,Diminution,45.0,16.6,45.0,38.4
z_54.0_6.0,2029,2,2029-S2,Stable,53.2,22.5,24.3,53.2
z_54.0_6.0,2030,1,2030-S1,Diminution,45.0,16.6,45.0,38.4
z_54.0_6.0,2030,2,2030-S2,Stable,53.2,22.5,24.3,53.2
z_54.0_7.5,2023,1,2023-S1,Augmentation,51.3,51.3,12.6,36.2
z_54.0_7.5,2023,2,2023-S2,Augmentation,53.2,53.2,15.1,31.7
z_54.0_7.5,2024,1,2024-S1,Augmentation,43.9,43.9,14.1,42.0
z_54.0_7.5,2024,2,2024-S2,Stable,48.7,35.5,15.8,48.7
z_54.0_7.5,2025,1,2025-S1,Stable,51.6,31.0,17.3,51.6
z_54.0_7.5,2025,2,2025-S2,Stable,46.3,36.6,17.1,46.3
z_54.0_7.5,2026,1,2026-S1,Stable,55.6,30.8,13.5,55.6
z_54.0_7.5,2026,2,2026-S2,Stable,46.6,37.0,16.4,46.6
z_54.0_7.5,2027,1,2027-S1,Augmentation,50.4,50.4,12.9,36.7
z_54.0_7.5,2027,2,2027-S2,Stable,44.7,42.1,13.2,44.7
z_54.0_7.5,2028,1,2028-S1,Augmentation,47.8,47.8,14.7,37.5
z_54.0_7.5,2028,2,2028-S2,Augmentation,44.5,44.5,13.5,41.9
z_54.0_7.5,2029,1,2029-S1,Augmentation,42.9,42.9,14.4,42.7
z_54.0_7.5,2029,2,2029-S2,Augmentation,44.8,44.8,13.9,41.3
z_54.0_7.5,2030,1,2030-S1,Augmentation,44.6,44.6,14.6,40.8
z_54.0_7.5,2030,2,2030-S2,Augmentation,45.7,45.7,14.4,39.9
z_54.0_9.0,2023,1,2023-S1,Augmentation,61.7,61.7,10.7,27.6
z_54.0_9.0,2023,2,2023-S2,Augmentation,44.1,44.1,17.8,38.1
z_54.0_9.0,2024,1,2024-S1,Augmentation,49.6,49.6,17.1,33.4
z_54.0_9.0,2024,2,2024-S2,Augmentation,52.4,52.4,15.4,32.2
z_54.0_9.0,2025,1,2025-S1,Stable,43.3,39.1,17.6,43.3
z_54.0_9.0,2025,2,2025-S2,Augmentation,43.5,43.5,21.1,35.3
z_54.0_9.0,2026,1,2026-S1,Augmentation,36.9,36.9,26.9,36.2
z_54.0_9.0,2026,2,2026-S2,Augmentation,45.3,45.3,19.3,35.3
z_54.0_9.0,2027,1,2027-S1,Augmentation,65.8,65.8,11.7,22.4
z_54.0_9.0,2027,2,2027-S2,Augmentation,67.5,67.5,14.2,18.3
z_54.0_9.0,2028,1,2028-S1,Augmentation,67.1,67.1,11.4,21.4
z_54.0_9.0,2028,2,2028-S2,Augmentation,65.9,65.9,10.2,23.9
z_54.0_9.0,2029,1,2029-S1,Augmentation,61.6,61.6,11.7,26.8
z_54.0_9.0,2029,2,2029-S2,Augmentation,63.5,63.5,11.8,24.7
z_54.0_9.0,2030,1,2030-S1,Augmentation,63.1,63.1,11.6,25.3
z_54.0_9.0,2030,2,2030-S2,Augmentation,66.0,66.0,11.1,22.9
z_55.5_-10.5,2023,1,2023-S1,Diminution,81.2,5.1,81.2,13.7
z_55.5_-10.5,2023,2,2023-S2,Diminution,70.0,9.2,70.0,20.8
z_55.5_-10.5,2024,1,2024-S1,Diminution,60.8,7.4,60.8,31.8
z_55.5_-10.5,2024,2,2024-S2,Diminution,73.4,5.7,73.4,20.9
z_55.5_-10.5,2025,1,2025-S1,Diminution,75.0,7.4,75.0,17.6
z_55.5_-10.5,2025,2,2025-S2,Diminution,75.0,5.7,75.0,19.3
z_55.5_-10.5,2026,1,2026-S1,Diminution,77.4,3.1,77.4,19.5
z_55.5_-10.5,2026,2,2026-S2,Diminution,74.2,3.5,74.2,22.3
z_55.5_-10.5,2027,1,2027-S1,Diminution,84.1,3.1,84.1,12.8
z_55.5_-10.5,2027,2,2027-S2,Diminution,74.2,3.5,74.2,22.3
z_55.5_-10.5,2028,1,2028-S1,Diminution,84.1,3.1,84.1,12.8
z_55.5_-10.5,2028,2,2028-S2,Diminution,74.2,3.5,74.2,22.3
z_55.5_-10.5,2029,1,2029-S1,Diminution,84.1,3.1,84.1,12.8
z_55.5_-10.5,2029,2,2029-S2,Diminution,74.2,3.5,74.2,22.3
z_55.5_-10.5,2030,1,2030-S1,Diminution,84.1,3.1,84.1,12.8
z_55.5_-10.5,2030,2,2030-S2,Diminution,74.2,3.5,74.2,22.3
z_55.5_-15.0,2023,1,2023-S1,Diminution,67.9,4.5,67.9,27.6
z_55.5_-15.0,2023,2,2023-S2,Diminution,70.8,4.0,70.8,25.2
z_55.5_-15.0,2024,1,2024-S1,Diminution,66.0,6.0,66.0,27.9
z_55.5_-15.0,2024,2,2024-S2,Diminution,51.6,7.3,51.6,41.2
z_55.5_-15.0,2025,1,2025-S1,Diminution,68.9,2.5,68.9,28.6
z_55.5_-15.0,2025,2,2025-S2,Diminution,67.5,5.3,67.5,27.2
z_55.5_-15.0,2026,1,2026-S1,Diminution,72.0,3.4,72.0,24.6
z_55.5_-15.0,2026,2,2026-S2,Diminution,66.3,3.2,66.3,30.5
z_55.5_-15.0,2027,1,2027-S1,Diminution,73.7,2.3,73.7,24.0
z_55.5_-15.0,2027,2,2027-S2,Diminution,73.9,2.8,73.9,23.4
z_55.5_-15.0,2028,1,2028-S1,Diminution,73.7,2.3,73.7,24.0
z_55.5_-15.0,2028,2,2028-S2,Diminution,73.9,2.8,73.9,23.4
z_55.5_-15.0,2029,1,2029-S1,Diminution,73.7,2.3,73.7,24.0
z_55.5_-15.0,2029,2,2029-S2,Diminution,73.9,2.8,73.9,23.4
z_55.5_-15.0,2030,1,2030-S1,Diminution,73.7,2.3,73.7,24.0
z_55.5_-15.0,2030,2,2030-S2,Diminution,73.9,2.8,73.9,23.4
z_55.5_-3.0,2023,1,2023-S1,Diminution,40.4,28.2,40.4,31.4
z_55.5_-3.0,2023,2,2023-S2,Diminution,40.0,27.7,40.0,32.3
z_55.5_-3.0,2024,1,2024-S1,Diminution,44.0,32.8,44.0,23.2
z_55.5_-3.0,2024,2,2024-S2,Diminution,47.7,28.1,47.7,24.2
z_55.5_-3.0,2025,1,2025-S1,Diminution,40.7,36.9,40.7,22.4
z_55.5_-3.0,2025,2,2025-S2,Diminution,43.1,32.0,43.1,24.9
z_55.5_-3.0,2026,1,2026-S1,Diminution,41.1,26.6,41.1,32.3
z_55.5_-3.0,2026,2,2026-S2,Diminution,42.4,26.9,42.4,30.7
z_55.5_-3.0,2027,1,2027-S1,Diminution,44.7,25.5,44.7,29.8
z_55.5_-3.0,2027,2,2027-S2,Diminution,41.7,32.1,41.7,26.2
z_55.5_-3.0,2028,1,2028-S1,Diminution,40.1,37.4,40.1,22.5
z_55.5_-3.0,2028,2,2028-S2,Diminution,45.1,31.4,45.1,23.6
z_55.5_-3.0,2029,1,2029-S1,Diminution,45.4,32.1,45.4,22.5
z_55.5_-3.0,2029,2,2029-S2,Diminution,47.9,31.1,47.9,21.0
z_55.5_-3.0,2030,1,2030-S1,Diminution,45.4,32.1,45.4,22.5
z_55.5_-3.0,2030,2,2030-S2,Diminution,47.9,31.1,47.9,21.0
z_55.5_-4.5,2023,1,2023-S1,Diminution,33.6,33.0,33.6,33.4
z_55.5_-4.5,2023,2,2023-S2,Diminution,43.0,19.5,43.0,37.5
z_55.5_-4.5,2024,1,2024-S1,Diminution,48.2,18.1,48.2,33.7
z_55.5_-4.5,2024,2,2024-S2,Diminution,45.9,24.4,45.9,29.7
z_55.5_-4.5,2025,1,2025-S1,Diminution,48.8,18.3,48.8,32.9
z_55.5_-4.5,2025,2,2025-S2,Diminution,50.1,17.8,50.1,32.1
z_55.5_-4.5,2026,1,2026-S1,Diminution,45.4,26.3,45.4,28.2
z_55.5_-4.5,2026,2,2026-S2,Diminution,49.9,17.9,49.9,32.2
z_55.5_-4.5,2027,1,2027-S1,Diminution,46.2,23.4,46.2,30.4
z_55.5_-4.5,2027,2,2027-S2,Diminution,49.0,19.6,49.0,31.4
z_55.5_-4.5,2028,1,2028-S1,Diminution,48.6,21.6,48.6,29.7
z_55.5_-4.5,2028,2,2028-S2,Diminution,50.2,19.9,50.2,29.9
z_55.5_-4.5,2029,1,2029-S1,Diminution,48.6,21.6,48.6,29.7
z_55.5_-4.5,2029,2,2029-S2,Diminution,50.2,19.9,50.2,29.9
z_55.5_-4.5,2030,1,2030-S1,Diminution,48.6,21.6,48.6,29.7
z_55.5_-4.5,2030,2,2030-S2,Diminution,50.2,19.9,50.2,29.9
z_55.5_-6.0,2023,1,2023-S1,Diminution,51.6,19.4,51.6,29.0
z_55.5_-6.0,2023,2,2023-S2,Diminution,51.2,20.0,51.2,28.8
z_55.5_-6.0,2024,1,2024-S1,Diminution,48.4,23.5,48.4,28.1
z_55.5_-6.0,2024,2,2024-S2,Diminution,48.2,19.8,48.2,32.0
z_55.5_-6.0,2025,1,2025-S1,Diminution,50.7,21.7,50.7,27.5
z_55.5_-6.0,2025,2,2025-S2,Diminution,41.2,24.5,41.2,34.3
z_55.5_-6.0,2026,1,2026-S1,Diminution,44.3,21.7,44.3,34.0
z_55.5_-6.0,2026,2,2026-S2,Diminution,43.7,36.3,43.7,20.0
z_55.5_-6.0,2027,1,2027-S1,Diminution,49.9,17.7,49.9,32.4
z_55.5_-6.0,2027,2,2027-S2,Diminution,48.4,22.6,48.4,29.0
z_55.5_-6.0,2028,1,2028-S1,Diminution,49.1,19.9,49.1,31.0
z_55.5_-6.0,2028,2,2028-S2,Diminution,49.7,20.1,49.7,30.3
z_55.5_-6.0,2029,1,2029-S1,Diminution,49.5,19.7,49.5,30.8
z_55.5_-6.0,2029,2,2029-S2,Diminution,50.5,19.9,50.5,29.6
z_55.5_-6.0,2030,1,2030-S1,Diminution,49.4,24.7,49.4,25.9
z_55.5_-6.0,2030,2,2030-S2,Diminution,51.0,30.8,51.0,18.2
z_55.5_-7.5,2023,1,2023-S1,Diminution,49.5,30.8,49.5,19.7
z_55.5_-7.5,2023,2,2023-S2,Diminution,51.0,24.3,51.0,24.7
z_55.5_-7.5,2024,1,2024-S1,Diminution,53.0,25.5,53.0,21.5
z_55.5_-7.5,2024,2,2024-S2,Diminution,55.8,22.9,55.8,21.3
z_55.5_-7.5,2025,1,2025-S1,Diminution,47.0,34.2,47.0,18.8
z_55.5_-7.5,2025,2,2025-S2,Diminution,55.9,22.1,55.9,21.9
z_55.5_-7.5,2026,1,2026-S1,Diminution,51.8,27.4,51.8,20.8
z_55.5_-7.5,2026,2,2026-S2,Diminution,55.9,20.3,55.9,23.8
z_55.5_-7.5,2027,1,2027-S1,Diminution,50.8,29.4,50.8,19.8
z_55.5_-7.5,2027,2,2027-S2,Diminution,55.1,22.5,55.1,22.5
z_55.5_-7.5,2028,1,2028-S1,Diminution,53.0,25.5,53.0,21.5
z_55.5_-7.5,2028,2,2028-S2,Diminution,55.8,22.9,55.8,21.3
z_55.5_-7.5,2029,1,2029-S1,Diminution,53.0,25.5,53.0,21.5
z_55.5_-7.5,2029,2,2029-S2,Diminution,55.8,22.9,55.8,21.3
z_55.5_-7.5,2030,1,2030-S1,Diminution,53.0,25.5,53.0,21.5
z_55.5_-7.5,2030,2,2030-S2,Diminution,55.8,22.9,55.8,21.3
z_55.5_0.0,2023,1,2023-S1,Diminution,46.6,15.2,46.6,38.1
z_55.5_0.0,2023,2,2023-S2,Diminution,56.0,13.6,56.0,30.3
z_55.5_0.0,2024,1,2024-S1,Diminution,48.0,15.8,48.0,36.3
z_55.5_0.0,2024,2,2024-S2,Diminution,56.0,13.6,56.0,30.3
z_55.5_0.0,2025,1,2025-S1,Diminution,42.5,21.0,42.5,36.5
z_55.5_0.0,2025,2,2025-S2,Diminution,52.0,11.2,52.0,36.7
z_55.5_0.0,2026,1,2026-S1,Diminution,45.5,23.9,45.5,30.6
z_55.5_0.0,2026,2,2026-S2,Diminution,50.5,11.0,50.5,38.6
z_55.5_0.0,2027,1,2027-S1,Diminution,45.9,15.1,45.9,39.0
z_55.5_0.0,2027,2,2027-S2,Diminution,52.2,15.7,52.2,32.1
z_55.5_0.0,2028,1,2028-S1,Diminution,48.0,15.8,48.0,36.3
z_55.5_0.0,2028,2,2028-S2,Diminution,56.0,13.6,56.0,30.3
z_55.5_0.0,2029,1,2029-S1,Diminution,48.0,15.8,48.0,36.3
z_55.5_0.0,2029,2,2029-S2,Diminution,56.0,13.6,56.0,30.3
z_55.5_0.0,2030,1,2030-S1,Diminution,48.0,15.8,48.0,36.3
z_55.5_0.0,2030,2,2030-S2,Diminution,56.0,13.6,56.0,30.3
z_55.5_1.5,2023,1,2023-S1,Diminution,64.6,16.8,64.6,18.6
z_55.5_1.5,2023,2,2023-S2,Diminution,43.1,15.9,43.1,41.0
z_55.5_1.5,2024,1,2024-S1,Diminution,61.6,12.7,61.6,25.7
z_55.5_1.5,2024,2,2024-S2,Diminution,44.5,16.1,44.5,39.4
z_55.5_1.5,2025,1,2025-S1,Diminution,66.9,8.3,66.9,24.9
z_55.5_1.5,2025,2,2025-S2,Diminution,44.7,17.4,44.7,37.9
z_55.5_1.5,2026,1,2026-S1,Diminution,48.2,25.0,48.2,26.7
z_55.5_1.5,2026,2,2026-S2,Stable,46.4,13.8,39.7,46.4
z_55.5_1.5,2027,1,2027-S1,Diminution,63.4,13.0,63.4,23.6
z_55.5_1.5,2027,2,2027-S2,Stable,46.5,12.6,40.9,46.5
z_55.5_1.5,2028,1,2028-S1,Diminution,66.8,7.4,66.8,25.8
z_55.5_1.5,2028,2,2028-S2,Stable,43.0,15.6,41.4,43.0
z_55.5_1.5,2029,1,2029-S1,Diminution,65.9,8.5,65.9,25.7
z_55.5_1.5,2029,2,2029-S2,Diminution,44.4,15.3,44.4,40.2
z_55.5_1.5,2030,1,2030-S1,Diminution,65.9,8.5,65.9,25.7
z_55.5_1.5,2030,2,2030-S2,Diminution,44.4,15.3,44.4,40.2
z_55.5_10.5,2023,1,2023-S1,Augmentation,46.0,46.0,31.9,22.1
z_55.5_10.5,2023,2,2023-S2,Augmentation,58.8,58.8,20.2,21.0
z_55.5_10.5,2024,1,2024-S1,Augmentation,57.1,57.1,15.5,27.4
z_55.5_10.5,2024,2,2024-S2,Augmentation,54.1,54.1,21.8,24.2
z_55.5_10.5,2025,1,2025-S1,Augmentation,49.0,49.0,27.8,23.2
z_55.5_10.5,2025,2,2025-S2,Augmentation,56.6,56.6,21.2,22.2
z_55.5_10.5,2026,1,2026-S1,Augmentation,40.6,40.6,37.7,21.7
z_55.5_10.5,2026,2,2026-S2,Augmentation,55.1,55.1,25.1,19.8
z_55.5_10.5,2027,1,2027-S1,Augmentation,46.0,46.0,26.4,27.6
z_55.5_10.5,2027,2,2027-S2,Augmentation,54.5,54.5,24.8,20.7
z_55.5_10.5,2028,1,2028-S1,Augmentation,47.7,47.7,29.6,22.7
z_55.5_10.5,2028,2,2028-S2,Augmentation,55.9,55.9,23.8,20.3
z_55.5_10.5,2029,1,2029-S1,Augmentation,48.2,48.2,25.5,26.3
z_55.5_10.5,2029,2,2029-S2,Augmentation,59.2,59.2,18.2,22.5
z_55.5_10.5,2030,1,2030-S1,Augmentation,50.2,50.2,22.4,27.4
z_55.5_10.5,2030,2,2030-S2,Augmentation,59.6,59.6,17.7,22.6
z_55.5_12.0,2023,1,2023-S1,Augmentation,54.6,54.6,19.9,25.5
z_55.5_12.0,2023,2,2023-S2,Augmentation,54.6,54.6,15.3,30.1
z_55.5_12.0,2024,1,2024-S1,Augmentation,59.3,59.3,13.4,27.3
z_55.5_12.0,2024,2,2024-S2,Augmentation,65.3,65.3,11.8,22.9
z_55.5_12.0,2025,1,2025-S1,Augmentation,64.0,64.0,14.1,21.9
z_55.5_12.0,2025,2,2025-S2,Augmentation,62.6,62.6,14.1,23.2
z_55.5_12.0,2026,1,2026-S1,Augmentation,63.5,63.5,13.2,23.3
z_55.5_12.0,2026,2,2026-S2,Augmentation,58.0,58.0,14.6,27.4
z_55.5_12.0,2027,1,2027-S1,Augmentation,63.5,63.5,13.3,23.2
z_55.5_12.0,2027,2,2027-S2,Augmentation,67.4,67.4,11.4,21.2
z_55.5_12.0,2028,1,2028-S1,Augmentation,68.2,68.2,11.4,20.5
z_55.5_12.0,2028,2,2028-S2,Augmentation,69.3,69.3,10.4,20.4
z_55.5_12.0,2029,1,2029-S1,Augmentation,68.8,68.8,10.6,20.5
z_55.5_12.0,2029,2,2029-S2,Augmentation,69.8,69.8,9.9,20.3
z_55.5_12.0,2030,1,2030-S1,Augmentation,68.7,68.7,10.5,20.8
z_55.5_12.0,2030,2,2030-S2,Augmentation,68.9,68.9,10.0,21.1
z_55.5_13.5,2023,1,2023-S1,Diminution,43.3,24.4,43.3,32.2
z_55.5_13.5,2023,2,2023-S2,Stable,39.3,36.6,24.1,39.3
z_55.5_13.5,2024,1,2024-S1,Diminution,39.2,25.7,39.2,35.2
z_55.5_13.5,2024,2,2024-S2,Stable,45.9,33.8,20.2,45.9
z_55.5_13.5,2025,1,2025-S1,Stable,39.8,31.0,29.1,39.8
z_55.5_13.5,2025,2,2025-S2,Stable,43.5,35.4,21.1,43.5
z_55.5_13.5,2026,1,2026-S1,Diminution,36.1,29.7,36.1,34.2
z_55.5_13.5,2026,2,2026-S2,Stable,42.4,36.4,21.2,42.4
z_55.5_13.5,2027,1,2027-S1,Stable,36.4,29.3,34.3,36.4
z_55.5_13.5,2027,2,2027-S2,Stable,42.9,35.7,21.4,42.9
z_55.5_13.5,2028,1,2028-S1,Stable,36.1,30.3,33.5,36.1
z_55.5_13.5,2028,2,2028-S2,Stable,45.2,32.2,22.5,45.2
z_55.5_13.5,2029,1,2029-S1,Stable,36.9,29.6,33.6,36.9
z_55.5_13.5,2029,2,2029-S2,Stable,42.0,36.4,21.6,42.0
z_55.5_13.5,2030,1,2030-S1,Stable,36.7,29.9,33.5,36.7
z_55.5_13.5,2030,2,2030-S2,Stable,41.8,36.5,21.6,41.8
z_55.5_15.0,2023,1,2023-S1,Augmentation,53.3,53.3,19.7,27.0
z_55.5_15.0,2023,2,2023-S2,Augmentation,37.0,37.0,34.4,28.6
z_55.5_15.0,2024,1,2024-S1,Augmentation,56.3,56.3,16.9,26.8
z_55.5_15.0,2024,2,2024-S2,Augmentation,48.7,48.7,15.3,36.0
z_55.5_15.0,2025,1,2025-S1,Augmentation,40.7,40.7,24.3,35.1
z_55.5_15.0,2025,2,2025-S2,Augmentation,47.6,47.6,30.8,21.6
z_55.5_15.0,2026,1,2026-S1,Augmentation,43.2,43.2,24.1,32.7
z_55.5_15.0,2026,2,2026-S2,Augmentation,43.1,43.1,19.9,37.1
z_55.5_15.0,2027,1,2027-S1,Augmentation,41.3,41.3,19.8,38.8
z_55.5_15.0,2027,2,2027-S2,Augmentation,51.7,51.7,17.4,30.9
z_55.5_15.0,2028,1,2028-S1,Augmentation,44.8,44.8,20.0,35.2
z_55.5_15.0,2028,2,2028-S2,Augmentation,47.2,47.2,18.5,34.2
z_55.5_15.0,2029,1,2029-S1,Augmentation,44.0,44.0,18.9,37.1
z_55.5_15.0,2029,2,2029-S2,Augmentation,46.5,46.5,18.0,35.5
z_55.5_15.0,2030,1,2030-S1,Augmentation,44.4,44.4,18.6,36.9
z_55.5_15.0,2030,2,2030-S2,Augmentation,46.6,46.6,17.4,36.0
z_55.5_16.5,2023,1,2023-S1,Stable,45.0,23.2,31.8,45.0
z_55.5_16.5,2023,2,2023-S2,Stable,57.9,18.6,23.5,57.9
z_55.5_16.5,2024,1,2024-S1,Stable,52.1,13.3,34.6,52.1
z_55.5_16.5,2024,2,2024-S2,Stable,63.2,18.1,18.7,63.2
z_55.5_16.5,2025,1,2025-S1,Stable,49.7,21.5,28.8,49.7
z_55.5_16.5,2025,2,2025-S2,Stable,45.0,27.4,27.6,45.0
z_55.5_16.5,2026,1,2026-S1,Stable,41.5,21.7,36.7,41.5
z_55.5_16.5,2026,2,2026-S2,Stable,45.5,16.8,37.7,45.5
z_55.5_16.5,2027,1,2027-S1,Diminution,40.5,19.4,40.5,40.2
z_55.5_16.5,2027,2,2027-S2,Stable,53.5,21.0,25.5,53.5
z_55.5_16.5,2028,1,2028-S1,Diminution,49.4,13.5,49.4,37.1
z_55.5_16.5,2028,2,2028-S2,Stable,49.7,13.8,36.5,49.7
z_55.5_16.5,2029,1,2029-S1,Diminution,48.8,14.4,48.8,36.8
z_55.5_16.5,2029,2,2029-S2,Diminution,45.5,18.3,45.5,36.2
z_55.5_16.5,2030,1,2030-S1,Diminution,52.7,21.8,52.7,25.5
z_55.5_16.5,2030,2,2030-S2,Diminution,45.5,18.3,45.5,36.2
z_55.5_18.0,2023,1,2023-S1,Stable,56.8,15.2,28.0,56.8
z_55.5_18.0,2023,2,2023-S2,Diminution,47.3,19.7,47.3,33.0
z_55.5_18.0,2024,1,2024-S1,Diminution,47.4,12.3,47.4,40.4
z_55.5_18.0,2024,2,2024-S2,Diminution,44.1,19.0,44.1,36.9
z_55.5_18.0,2025,1,2025-S1,Stable,60.7,19.0,20.3,60.7
z_55.5_18.0,2025,2,2025-S2,Diminution,49.8,10.8,49.8,39.4
z_55.5_18.0,2026,1,2026-S1,Stable,43.9,14.5,41.6,43.9
z_55.5_18.0,2026,2,2026-S2,Diminution,48.2,11.2,48.2,40.6
z_55.5_18.0,2027,1,2027-S1,Diminution,41.1,19.2,41.1,39.7
z_55.5_18.0,2027,2,2027-S2,Diminution,50.8,14.3,50.8,34.9
z_55.5_18.0,2028,1,2028-S1,Diminution,47.8,15.1,47.8,37.1
z_55.5_18.0,2028,2,2028-S2,Diminution,51.8,12.5,51.8,35.7
z_55.5_18.0,2029,1,2029-S1,Diminution,47.8,15.1,47.8,37.1
z_55.5_18.0,2029,2,2029-S2,Diminution,51.8,12.5,51.8,35.7
z_55.5_18.0,2030,1,2030-S1,Diminution,47.8,15.1,47.8,37.1
z_55.5_18.0,2030,2,2030-S2,Diminution,51.8,12.5,51.8,35.7
z_55.5_19.5,2023,1,2023-S1,Stable,41.8,32.8,25.5,41.8
z_55.5_19.5,2023,2,2023-S2,Stable,45.3,28.1,26.7,45.3
z_55.5_19.5,2024,1,2024-S1,Diminution,39.2,22.0,39.2,38.8
z_55.5_19.5,2024,2,2024-S2,Stable,50.0,26.9,23.1,50.0
z_55.5_19.5,2025,1,2025-S1,Stable,42.3,28.3,29.4,42.3
z_55.5_19.5,2025,2,2025-S2,Stable,54.4,29.8,15.9,54.4
z_55.5_19.5,2026,1,2026-S1,Stable,43.1,20.6,36.3,43.1
z_55.5_19.5,2026,2,2026-S2,Stable,46.4,22.1,31.5,46.4
z_55.5_19.5,2027,1,2027-S1,Stable,43.3,20.1,36.6,43.3
z_55.5_19.5,2027,2,2027-S2,Stable,53.5,26.4,20.1,53.5
z_55.5_19.5,2028,1,2028-S1,Stable,40.1,22.9,37.0,40.1
z_55.5_19.5,2028,2,2028-S2,Stable,54.4,22.3,23.3,54.4
z_55.5_19.5,2029,1,2029-S1,Stable,40.8,18.7,40.6,40.8
z_55.5_19.5,2029,2,2029-S2,Stable,52.9,24.7,22.4,52.9
z_55.5_19.5,2030,1,2030-S1,Diminution,40.0,20.4,40.0,39.6
z_55.5_19.5,2030,2,2030-S2,Stable,52.9,24.7,22.4,52.9
z_55.5_21.0,2023,1,2023-S1,Augmentation,75.2,75.2,10.5,14.3
z_55.5_21.0,2023,2,2023-S2,Augmentation,73.0,73.0,10.2,16.8
z_55.5_21.0,2024,1,2024-S1,Augmentation,60.6,60.6,15.2,24.2
z_55.5_21.0,2024,2,2024-S2,Augmentation,56.0,56.0,25.8,18.1
z_55.5_21.0,2025,1,2025-S1,Augmentation,48.5,48.5,26.5,25.0
z_55.5_21.0,2025,2,2025-S2,Augmentation,57.1,57.1,15.8,27.1
z_55.5_21.0,2026,1,2026-S1,Diminution,40.2,35.0,40.2,24.8
z_55.5_21.0,2026,2,2026-S2,Augmentation,59.0,59.0,25.6,15.4
z_55.5_21.0,2027,1,2027-S1,Augmentation,57.9,57.9,18.0,24.0
z_55.5_21.0,2027,2,2027-S2,Augmentation,64.1,64.1,13.8,22.1
z_55.5_21.0,2028,1,2028-S1,Augmentation,60.9,60.9,16.9,22.2
z_55.5_21.0,2028,2,2028-S2,Augmentation,69.5,69.5,12.2,18.3
z_55.5_21.0,2029,1,2029-S1,Augmentation,60.6,60.6,16.3,23.1
z_55.5_21.0,2029,2,2029-S2,Augmentation,67.8,67.8,13.5,18.8
z_55.5_21.0,2030,1,2030-S1,Augmentation,61.0,61.0,16.7,22.3
z_55.5_21.0,2030,2,2030-S2,Augmentation,70.1,70.1,12.3,17.6
z_55.5_3.0,2023,1,2023-S1,Stable,46.1,24.0,29.9,46.1
z_55.5_3.0,2023,2,2023-S2,Diminution,38.6,27.8,38.6,33.6
z_55.5_3.0,2024,1,2024-S1,Stable,52.0,20.9,27.1,52.0
z_55.5_3.0,2024,2,2024-S2,Diminution,58.8,16.1,58.8,25.2
z_55.5_3.0,2025,1,2025-S1,Stable,49.7,25.0,25.3,49.7
z_55.5_3.0,2025,2,2025-S2,Diminution,64.4,12.3,64.4,23.4
z_55.5_3.0,2026,1,2026-S1,Diminution,44.4,22.2,44.4,33.4
z_55.5_3.0,2026,2,2026-S2,Diminution,60.0,13.3,60.0,26.7
z_55.5_3.0,2027,1,2027-S1,Diminution,44.9,23.2,44.9,31.8
z_55.5_3.0,2027,2,2027-S2,Diminution,59.2,15.4,59.2,25.4
z_55.5_3.0,2028,1,2028-S1,Diminution,45.5,19.5,45.5,35.0
z_55.5_3.0,2028,2,2028-S2,Diminution,61.6,16.1,61.6,22.3
z_55.5_3.0,2029,1,2029-S1,Diminution,45.5,19.5,45.5,35.0
z_55.5_3.0,2029,2,2029-S2,Diminution,61.6,16.1,61.6,22.3
z_55.5_3.0,2030,1,2030-S1,Diminution,45.5,19.5,45.5,35.0
z_55.5_3.0,2030,2,2030-S2,Diminution,61.6,16.1,61.6,22.3
z_55.5_4.5,2023,1,2023-S1,Diminution,47.0,28.6,47.0,24.4
z_55.5_4.5,2023,2,2023-S2,Diminution,47.2,20.8,47.2,32.0
z_55.5_4.5,2024,1,2024-S1,Diminution,51.8,21.2,51.8,26.9
z_55.5_4.5,2024,2,2024-S2,Stable,47.0,25.8,27.3,47.0
z_55.5_4.5,2025,1,2025-S1,Diminution,53.1,15.4,53.1,31.5
z_55.5_4.5,2025,2,2025-S2,Stable,47.4,21.1,31.5,47.4
z_55.5_4.5,2026,1,2026-S1,Diminution,48.7,18.2,48.7,33.1
z_55.5_4.5,2026,2,2026-S2,Stable,48.3,25.9,25.7,48.3
z_55.5_4.5,2027,1,2027-S1,Diminution,43.6,20.2,43.6,36.2
z_55.5_4.5,2027,2,2027-S2,Stable,47.3,22.9,29.8,47.3
z_55.5_4.5,2028,1,2028-S1,Diminution,42.6,21.5,42.6,35.9
z_55.5_4.5,2028,2,2028-S2,Stable,47.4,22.5,30.0,47.4
z_55.5_4.5,2029,1,2029-S1,Diminution,42.0,20.5,42.0,37.5
z_55.5_4.5,2029,2,2029-S2,Stable,46.3,26.2,27.5,46.3
z_55.5_4.5,2030,1,2030-S1,Diminution,42.0,20.5,42.0,37.5
z_55.5_4.5,2030,2,2030-S2,Stable,46.3,26.2,27.5,46.3
z_55.5_6.0,2023,1,2023-S1,Stable,45.9,32.7,21.4,45.9
z_55.5_6.0,2023,2,2023-S2,Stable,50.6,30.1,19.3,50.6
z_55.5_6.0,2024,1,2024-S1,Stable,48.6,37.0,14.5,48.6
z_55.5_6.0,2024,2,2024-S2,Stable,45.1,29.6,25.3,45.1
z_55.5_6.0,2025,1,2025-S1,Stable,47.6,32.7,19.7,47.6
z_55.5_6.0,2025,2,2025-S2,Stable,43.4,38.7,17.9,43.4
z_55.5_6.0,2026,1,2026-S1,Stable,46.1,28.4,25.5,46.1
z_55.5_6.0,2026,2,2026-S2,Stable,43.8,32.7,23.5,43.8
z_55.5_6.0,2027,1,2027-S1,Stable,45.8,35.3,18.9,45.8
z_55.5_6.0,2027,2,2027-S2,Augmentation,43.8,43.8,17.5,38.7
z_55.5_6.0,2028,1,2028-S1,Stable,44.1,39.9,16.0,44.1
z_55.5_6.0,2028,2,2028-S2,Stable,40.5,39.4,20.1,40.5
z_55.5_6.0,2029,1,2029-S1,Stable,42.9,42.3,14.8,42.9
z_55.5_6.0,2029,2,2029-S2,Augmentation,43.8,43.8,17.1,39.1
z_55.5_6.0,2030,1,2030-S1,Augmentation,43.4,43.4,14.3,42.3
z_55.5_6.0,2030,2,2030-S2,Augmentation,49.5,49.5,14.1,36.4
z_55.5_7.5,2023,1,2023-S1,Augmentation,64.7,64.7,11.4,23.9
z_55.5_7.5,2023,2,2023-S2,Augmentation,63.6,63.6,12.2,24.2
z_55.5_7.5,2024,1,2024-S1,Augmentation,62.8,62.8,16.0,21.2
z_55.5_7.5,2024,2,2024-S2,Augmentation,76.6,76.6,7.9,15.5
z_55.5_7.5,2025,1,2025-S1,Augmentation,65.5,65.5,9.7,24.7
z_55.5_7.5,2025,2,2025-S2,Augmentation,61.3,61.3,17.3,21.4
z_55.5_7.5,2026,1,2026-S1,Augmentation,62.4,62.4,18.5,19.1
z_55.5_7.5,2026,2,2026-S2,Augmentation,58.4,58.4,18.8,22.8
z_55.5_7.5,2027,1,2027-S1,Augmentation,53.7,53.7,17.6,28.7
z_55.5_7.5,2027,2,2027-S2,Augmentation,60.2,60.2,16.2,23.6
z_55.5_7.5,2028,1,2028-S1,Augmentation,61.6,61.6,15.6,22.9
z_55.5_7.5,2028,2,2028-S2,Augmentation,65.9,65.9,15.4,18.7
z_55.5_7.5,2029,1,2029-S1,Augmentation,61.6,61.6,16.0,22.3
z_55.5_7.5,2029,2,2029-S2,Augmentation,68.3,68.3,13.9,17.8
z_55.5_7.5,2030,1,2030-S1,Augmentation,65.2,65.2,14.2,20.5
z_55.5_7.5,2030,2,2030-S2,Augmentation,69.0,69.0,13.8,17.2
z_55.5_9.0,2023,1,2023-S1,Augmentation,54.9,54.9,16.5,28.6
z_55.5_9.0,2023,2,2023-S2,Augmentation,64.0,64.0,10.4,25.6
z_55.5_9.0,2024,1,2024-S1,Augmentation,47.1,47.1,25.4,27.5
z_55.5_9.0,2024,2,2024-S2,Augmentation,49.6,49.6,26.6,23.8
z_55.5_9.0,2025,1,2025-S1,Augmentation,48.7,48.7,21.7,29.6
z_55.5_9.0,2025,2,2025-S2,Augmentation,41.1,41.1,32.5,26.4
z_55.5_9.0,2026,1,2026-S1,Augmentation,48.6,48.6,23.0,28.4
z_55.5_9.0,2026,2,2026-S2,Augmentation,50.1,50.1,19.1,30.8
z_55.5_9.0,2027,1,2027-S1,Augmentation,54.8,54.8,19.7,25.5
z_55.5_9.0,2027,2,2027-S2,Augmentation,58.2,58.2,16.6,25.2
z_55.5_9.0,2028,1,2028-S1,Augmentation,58.3,58.3,15.8,25.9
z_55.5_9.0,2028,2,2028-S2,Augmentation,60.1,60.1,16.0,23.9
z_55.5_9.0,2029,1,2029-S1,Augmentation,58.5,58.5,16.1,25.4
z_55.5_9.0,2029,2,2029-S2,Augmentation,59.1,59.1,15.3,25.6
z_55.5_9.0,2030,1,2030-S1,Augmentation,59.3,59.3,13.9,26.8
z_55.5_9.0,2030,2,2030-S2,Augmentation,61.4,61.4,12.5,26.1
z_57.0_-1.5,2023,1,2023-S1,Diminution,38.9,22.2,38.9,38.8
z_57.0_-1.5,2023,2,2023-S2,Stable,44.5,17.1,38.4,44.5
z_57.0_-1.5,2024,1,2024-S1,Diminution,53.9,22.8,53.9,23.3
z_57.0_-1.5,2024,2,2024-S2,Diminution,43.2,15.7,43.2,41.0
z_57.0_-1.5,2025,1,2025-S1,Diminution,52.6,24.0,52.6,23.3
z_57.0_-1.5,2025,2,2025-S2,Diminution,41.9,17.7,41.9,40.4
z_57.0_-1.5,2026,1,2026-S1,Diminution,49.7,26.6,49.7,23.8
z_57.0_-1.5,2026,2,2026-S2,Diminution,43.9,18.1,43.9,38.0
z_57.0_-1.5,2027,1,2027-S1,Diminution,53.9,22.8,53.9,23.3
z_57.0_-1.5,2027,2,2027-S2,Diminution,43.2,15.7,43.2,41.0
z_57.0_-1.5,2028,1,2028-S1,Diminution,52.6,24.0,52.6,23.3
z_57.0_-1.5,2028,2,2028-S2,Diminution,41.9,17.7,41.9,40.4
z_57.0_-1.5,2029,1,2029-S1,Diminution,54.0,21.4,54.0,24.6
z_57.0_-1.5,2029,2,2029-S2,Diminution,43.8,19.2,43.8,37.1
z_57.0_-1.5,2030,1,2030-S1,Diminution,54.0,21.4,54.0,24.6
z_57.0_-1.5,2030,2,2030-S2,Diminution,43.8,19.2,43.8,37.1
z_57.0_-10.5,2023,1,2023-S1,Diminution,59.6,18.2,59.6,22.2
z_57.0_-10.5,2023,2,2023-S2,Diminution,70.3,7.6,70.3,22.1
z_57.0_-10.5,2024,1,2024-S1,Diminution,63.1,12.7,63.1,24.2
z_57.0_-10.5,2024,2,2024-S2,Diminution,71.6,8.1,71.6,20.3
z_57.0_-10.5,2025,1,2025-S1,Diminution,66.8,8.9,66.8,24.3
z_57.0_-10.5,2025,2,2025-S2,Diminution,76.9,6.2,76.9,16.9
z_57.0_-10.5,2026,1,2026-S1,Diminution,63.8,10.3,63.8,25.8
z_57.0_-10.5,2026,2,2026-S2,Diminution,87.2,1.1,87.2,11.7
z_57.0_-10.5,2027,1,2027-S1,Diminution,67.4,9.1,67.4,23.4
z_57.0_-10.5,2027,2,2027-S2,Diminution,87.2,1.1,87.2,11.7
z_57.0_-10.5,2028,1,2028-S1,Diminution,67.4,9.1,67.4,23.4
z_57.0_-10.5,2028,2,2028-S2,Diminution,87.2,1.1,87.2,11.7
z_57.0_-10.5,2029,1,2029-S1,Diminution,67.4,9.1,67.4,23.4
z_57.0_-10.5,2029,2,2029-S2,Diminution,87.2,1.1,87.2,11.7
z_57.0_-10.5,2030,1,2030-S1,Diminution,67.4,9.1,67.4,23.4
z_57.0_-10.5,2030,2,2030-S2,Diminution,87.2,1.1,87.2,11.7
z_57.0_-3.0,2023,1,2023-S1,Diminution,47.3,23.0,47.3,29.7
z_57.0_-3.0,2023,2,2023-S2,Diminution,49.2,22.7,49.2,28.1
z_57.0_-3.0,2024,1,2024-S1,Diminution,45.1,27.5,45.1,27.4
z_57.0_-3.0,2024,2,2024-S2,Diminution,37.6,27.6,37.6,34.8
z_57.0_-3.0,2025,1,2025-S1,Stable,35.5,29.7,34.8,35.5
z_57.0_-3.0,2025,2,2025-S2,Diminution,44.6,22.2,44.6,33.1
z_57.0_-3.0,2026,1,2026-S1,Diminution,46.9,23.8,46.9,29.2
z_57.0_-3.0,2026,2,2026-S2,Diminution,44.3,23.3,44.3,32.4
z_57.0_-3.0,2027,1,2027-S1,Diminution,42.5,23.3,42.5,34.2
z_57.0_-3.0,2027,2,2027-S2,Diminution,44.5,23.0,44.5,32.6
z_57.0_-3.0,2028,1,2028-S1,Diminution,42.1,22.5,42.1,35.4
z_57.0_-3.0,2028,2,2028-S2,Diminution,44.6,23.5,44.6,32.0
z_57.0_-3.0,2029,1,2029-S1,Diminution,44.0,23.0,44.0,33.0
z_57.0_-3.0,2029,2,2029-S2,Diminution,44.6,23.5,44.6,32.0
z_57.0_-3.0,2030,1,2030-S1,Diminution,44.0,23.0,44.0,33.0
z_57.0_-3.0,2030,2,2030-S2,Diminution,44.6,23.5,44.6,32.0
z_57.0_-4.5,2023,1,2023-S1,Stable,49.7,28.0,22.4,49.7
z_57.0_-4.5,2023,2,2023-S2,Diminution,52.6,21.8,52.6,25.6
z_57.0_-4.5,2024,1,2024-S1,Stable,36.3,28.9,34.8,36.3
z_57.0_-4.5,2024,2,2024-S2,Diminution,57.5,17.7,57.5,24.8
z_57.0_-4.5,2025,1,2025-S1,Diminution,41.5,21.0,41.5,37.5
z_57.0_-4.5,2025,2,2025-S2,Diminution,54.5,14.5,54.5,31.0
z_57.0_-4.5,2026,1,2026-S1,Diminution,39.7,23.2,39.7,37.0
z_57.0_-4.5,2026,2,2026-S2,Diminution,51.7,21.9,51.7,26.4
z_57.0_-4.5,2027,1,2027-S1,Diminution,42.3,18.0,42.3,39.7
z_57.0_-4.5,2027,2,2027-S2,Diminution,55.7,21.6,55.7,22.8
z_57.0_-4.5,2028,1,2028-S1,Stable,40.1,21.3,38.6,40.1
z_57.0_-4.5,2028,2,2028-S2,Diminution,56.8,19.0,56.8,24.2
z_57.0_-4.5,2029,1,2029-S1,Diminution,41.7,21.1,41.7,37.2
z_57.0_-4.5,2029,2,2029-S2,Diminution,56.8,19.0,56.8,24.2
z_57.0_-4.5,2030,1,2030-S1,Diminution,41.7,21.1,41.7,37.2
z_57.0_-4.5,2030,2,2030-S2,Diminution,56.8,19.0,56.8,24.2
z_57.0_-6.0,2023,1,2023-S1,Diminution,35.9,31.0,35.9,33.1
z_57.0_-6.0,2023,2,2023-S2,Diminution,40.3,27.4,40.3,32.3
z_57.0_-6.0,2024,1,2024-S1,Diminution,42.7,28.5,42.7,28.8
z_57.0_-6.0,2024,2,2024-S2,Diminution,42.4,27.6,42.4,30.0
z_57.0_-6.0,2025,1,2025-S1,Diminution,36.9,28.4,36.9,34.6
z_57.0_-6.0,2025,2,2025-S2,Stable,41.5,27.3,31.2,41.5
z_57.0_-6.0,2026,1,2026-S1,Stable,37.3,27.8,34.9,37.3
z_57.0_-6.0,2026,2,2026-S2,Diminution,40.4,32.6,40.4,26.9
z_57.0_-6.0,2027,1,2027-S1,Stable,35.0,30.1,34.9,35.0
z_57.0_-6.0,2027,2,2027-S2,Diminution,36.0,30.4,36.0,33.6
z_57.0_-6.0,2028,1,2028-S1,Stable,37.0,30.1,32.9,37.0
z_57.0_-6.0,2028,2,2028-S2,Stable,38.1,28.2,33.7,38.1
z_57.0_-6.0,2029,1,2029-S1,Stable,38.0,27.7,34.3,38.0
z_57.0_-6.0,2029,2,2029-S2,Diminution,37.9,29.5,37.9,32.5
z_57.0_-6.0,2030,1,2030-S1,Diminution,35.5,29.5,35.5,35.0
z_57.0_-6.0,2030,2,2030-S2,Diminution,37.8,29.6,37.8,32.6
z_57.0_-7.5,2023,1,2023-S1,Diminution,45.3,27.1,45.3,27.6
z_57.0_-7.5,2023,2,2023-S2,Diminution,48.5,20.5,48.5,31.0
z_57.0_-7.5,2024,1,2024-S1,Diminution,50.2,27.4,50.2,22.4
z_57.0_-7.5,2024,2,2024-S2,Diminution,51.4,29.0,51.4,19.7
z_57.0_-7.5,2025,1,2025-S1,Diminution,50.8,25.6,50.8,23.6
z_57.0_-7.5,2025,2,2025-S2,Diminution,52.1,29.9,52.1,18.0
z_57.0_-7.5,2026,1,2026-S1,Diminution,49.8,29.3,49.8,20.9
z_57.0_-7.5,2026,2,2026-S2,Diminution,54.4,26.2,54.4,19.4
z_57.0_-7.5,2027,1,2027-S1,Diminution,50.9,29.0,50.9,20.2
z_57.0_-7.5,2027,2,2027-S2,Diminution,54.4,26.2,54.4,19.4
z_57.0_-7.5,2028,1,2028-S1,Diminution,50.9,29.0,50.9,20.2
z_57.0_-7.5,2028,2,2028-S2,Diminution,54.4,26.2,54.4,19.4
z_57.0_-7.5,2029,1,2029-S1,Diminution,50.9,29.0,50.9,20.2
z_57.0_-7.5,2029,2,2029-S2,Diminution,54.4,26.2,54.4,19.4
z_57.0_-7.5,2030,1,2030-S1,Diminution,50.9,29.0,50.9,20.2
z_57.0_-7.5,2030,2,2030-S2,Diminution,54.4,26.2,54.4,19.4
z_57.0_-9.0,2023,1,2023-S1,Diminution,48.4,13.0,48.4,38.6
z_57.0_-9.0,2023,2,2023-S2,Diminution,59.6,4.4,59.6,36.0
z_57.0_-9.0,2024,1,2024-S1,Diminution,52.1,13.8,52.1,34.1
z_57.0_-9.0,2024,2,2024-S2,Diminution,56.6,8.6,56.6,34.8
z_57.0_-9.0,2025,1,2025-S1,Diminution,46.3,14.9,46.3,38.8
z_57.0_-9.0,2025,2,2025-S2,Diminution,60.1,4.2,60.1,35.7
z_57.0_-9.0,2026,1,2026-S1,Diminution,50.5,12.4,50.5,37.1
z_57.0_-9.0,2026,2,2026-S2,Diminution,63.2,4.7,63.2,32.2
z_57.0_-9.0,2027,1,2027-S1,Diminution,48.4,13.0,48.4,38.6
z_57.0_-9.0,2027,2,2027-S2,Diminution,59.6,4.4,59.6,36.0
z_57.0_-9.0,2028,1,2028-S1,Diminution,52.1,13.8,52.1,34.1
z_57.0_-9.0,2028,2,2028-S2,Diminution,59.6,4.4,59.6,36.0
z_57.0_-9.0,2029,1,2029-S1,Diminution,52.1,13.8,52.1,34.1
z_57.0_-9.0,2029,2,2029-S2,Diminution,59.6,4.4,59.6,36.0
z_57.0_-9.0,2030,1,2030-S1,Diminution,52.1,13.8,52.1,34.1
z_57.0_-9.0,2030,2,2030-S2,Diminution,59.6,4.4,59.6,36.0
z_57.0_0.0,2023,1,2023-S1,Diminution,41.3,23.6,41.3,35.1
z_57.0_0.0,2023,2,2023-S2,Diminution,56.5,21.8,56.5,21.7
z_57.0_0.0,2024,1,2024-S1,Diminution,44.2,23.0,44.2,32.7
z_57.0_0.0,2024,2,2024-S2,Diminution,56.5,21.8,56.5,21.7
z_57.0_0.0,2025,1,2025-S1,Diminution,37.4,34.9,37.4,27.7
z_57.0_0.0,2025,2,2025-S2,Diminution,56.4,20.5,56.4,23.1
z_57.0_0.0,2026,1,2026-S1,Stable,40.6,25.3,34.1,40.6
z_57.0_0.0,2026,2,2026-S2,Diminution,55.2,15.3,55.2,29.5
z_57.0_0.0,2027,1,2027-S1,Diminution,44.6,23.8,44.6,31.6
z_57.0_0.0,2027,2,2027-S2,Diminution,53.5,19.0,53.5,27.5
z_57.0_0.0,2028,1,2028-S1,Diminution,43.4,26.6,43.4,30.0
z_57.0_0.0,2028,2,2028-S2,Diminution,49.4,25.9,49.4,24.7
z_57.0_0.0,2029,1,2029-S1,Diminution,44.2,23.0,44.2,32.7
z_57.0_0.0,2029,2,2029-S2,Diminution,56.5,21.8,56.5,21.7
z_57.0_0.0,2030,1,2030-S1,Diminution,44.2,23.0,44.2,32.7
z_57.0_0.0,2030,2,2030-S2,Diminution,56.5,21.8,56.5,21.7
z_57.0_10.5,2023,1,2023-S1,Stable,51.2,32.8,15.9,51.2
z_57.0_10.5,2023,2,2023-S2,Augmentation,51.6,51.6,14.3,34.1
z_57.0_10.5,2024,1,2024-S1,Augmentation,48.6,48.6,11.3,40.1
z_57.0_10.5,2024,2,2024-S2,Augmentation,47.4,47.4,15.5,37.2
z_57.0_10.5,2025,1,2025-S1,Augmentation,51.4,51.4,14.8,33.8
z_57.0_10.5,2025,2,2025-S2,Stable,52.3,32.6,15.1,52.3
z_57.0_10.5,2026,1,2026-S1,Augmentation,42.8,42.8,26.4,30.8
z_57.0_10.5,2026,2,2026-S2,Stable,42.3,39.2,18.6,42.3
z_57.0_10.5,2027,1,2027-S1,Augmentation,53.9,53.9,13.4,32.6
z_57.0_10.5,2027,2,2027-S2,Augmentation,58.5,58.5,13.1,28.4
z_57.0_10.5,2028,1,2028-S1,Augmentation,58.4,58.4,11.8,29.8
z_57.0_10.5,2028,2,2028-S2,Augmentation,53.8,53.8,12.7,33.6
z_57.0_10.5,2029,1,2029-S1,Augmentation,48.2,48.2,12.2,39.7
z_57.0_10.5,2029,2,2029-S2,Augmentation,48.7,48.7,13.3,38.0
z_57.0_10.5,2030,1,2030-S1,Augmentation,48.4,48.4,13.4,38.1
z_57.0_10.5,2030,2,2030-S2,Augmentation,48.8,48.8,13.8,37.4
z_57.0_12.0,2023,1,2023-S1,Stable,43.8,27.8,28.4,43.8
z_57.0_12.0,2023,2,2023-S2,Stable,56.3,22.4,21.3,56.3
z_57.0_12.0,2024,1,2024-S1,Stable,45.6,24.3,30.1,45.6
z_57.0_12.0,2024,2,2024-S2,Stable,41.4,27.2,31.4,41.4
z_57.0_12.0,2025,1,2025-S1,Stable,49.0,25.6,25.4,49.0
z_57.0_12.0,2025,2,2025-S2,Stable,42.7,23.3,34.0,42.7
z_57.0_12.0,2026,1,2026-S1,Stable,47.3,27.4,25.3,47.3
z_57.0_12.0,2026,2,2026-S2,Stable,47.5,27.9,24.6,47.5
z_57.0_12.0,2027,1,2027-S1,Stable,47.3,23.9,28.8,47.3
z_57.0_12.0,2027,2,2027-S2,Stable,48.0,27.3,24.7,48.0
z_57.0_12.0,2028,1,2028-S1,Stable,45.7,25.7,28.7,45.7
z_57.0_12.0,2028,2,2028-S2,Stable,44.9,26.6,28.5,44.9
z_57.0_12.0,2029,1,2029-S1,Stable,47.4,25.7,26.9,47.4
z_57.0_12.0,2029,2,2029-S2,Stable,47.9,23.9,28.3,47.9
z_57.0_12.0,2030,1,2030-S1,Stable,46.4,24.5,29.2,46.4
z_57.0_12.0,2030,2,2030-S2,Stable,48.1,23.8,28.1,48.1
z_57.0_16.5,2023,1,2023-S1,Stable,49.5,19.6,31.0,49.5
z_57.0_16.5,2023,2,2023-S2,Diminution,37.7,28.0,37.7,34.3
z_57.0_16.5,2024,1,2024-S1,Stable,49.6,25.1,25.3,49.6
z_57.0_16.5,2024,2,2024-S2,Stable,45.4,30.3,24.3,45.4
z_57.0_16.5,2025,1,2025-S1,Diminution,55.9,14.1,55.9,30.0
z_57.0_16.5,2025,2,2025-S2,Augmentation,35.9,35.9,29.2,34.8
z_57.0_16.5,2026,1,2026-S1,Stable,43.1,37.8,19.1,43.1
z_57.0_16.5,2026,2,2026-S2,Augmentation,45.2,45.2,23.0,31.8
z_57.0_16.5,2027,1,2027-S1,Augmentation,46.5,46.5,21.4,32.1
z_57.0_16.5,2027,2,2027-S2,Augmentation,38.9,38.9,27.0,34.1
z_57.0_16.5,2028,1,2028-S1,Augmentation,44.4,44.4,19.6,36.0
z_57.0_16.5,2028,2,2028-S2,Augmentation,43.2,43.2,20.3,36.5
z_57.0_16.5,2029,1,2029-S1,Augmentation,44.1,44.1,18.5,37.4
z_57.0_16.5,2029,2,2029-S2,Augmentation,43.5,43.5,19.5,36.9
z_57.0_16.5,2030,1,2030-S1,Augmentation,43.5,43.5,18.2,38.3
z_57.0_16.5,2030,2,2030-S2,Augmentation,43.6,43.6,19.5,37.0
z_57.0_18.0,2023,1,2023-S1,Augmentation,52.8,52.8,16.2,30.9
z_57.0_18.0,2023,2,2023-S2,Augmentation,50.6,50.6,12.6,36.8
z_57.0_18.0,2024,1,2024-S1,Augmentation,49.0,49.0,18.6,32.4
z_57.0_18.0,2024,2,2024-S2,Augmentation,53.3,53.3,15.1,31.5
z_57.0_18.0,2025,1,2025-S1,Stable,48.8,29.5,21.7,48.8
z_57.0_18.0,2025,2,2025-S2,Stable,43.8,37.2,19.0,43.8
z_57.0_18.0,2026,1,2026-S1,Stable,58.1,19.5,22.4,58.1
z_57.0_18.0,2026,2,2026-S2,Stable,52.0,25.0,23.0,52.0
z_57.0_18.0,2027,1,2027-S1,Stable,59.4,18.3,22.3,59.4
z_57.0_18.0,2027,2,2027-S2,Stable,57.4,20.1,22.5,57.4
z_57.0_18.0,2028,1,2028-S1,Stable,58.4,19.2,22.5,58.4
z_57.0_18.0,2028,2,2028-S2,Stable,57.6,18.9,23.5,57.6
z_57.0_18.0,2029,1,2029-S1,Stable,58.4,19.2,22.5,58.4
z_57.0_18.0,2029,2,2029-S2,Stable,57.8,18.8,23.4,57.8
z_57.0_18.0,2030,1,2030-S1,Stable,58.4,19.2,22.5,58.4
z_57.0_18.0,2030,2,2030-S2,Stable,57.7,18.8,23.5,57.7
z_57.0_19.5,2023,1,2023-S1,Stable,44.0,17.7,38.3,44.0
z_57.0_19.5,2023,2,2023-S2,Diminution,53.1,15.1,53.1,31.8
z_57.0_19.5,2024,1,2024-S1,Stable,52.7,23.0,24.4,52.7
z_57.0_19.5,2024,2,2024-S2,Stable,38.2,27.2,34.6,38.2
z_57.0_19.5,2025,1,2025-S1,Stable,48.2,26.3,25.5,48.2
z_57.0_19.5,2025,2,2025-S2,Stable,45.1,15.8,39.1,45.1
z_57.0_19.5,2026,1,2026-S1,Stable,45.6,23.0,31.3,45.6
z_57.0_19.5,2026,2,2026-S2,Stable,50.3,19.3,30.5,50.3
z_57.0_19.5,2027,1,2027-S1,Stable,45.8,30.9,23.3,45.8
z_57.0_19.5,2027,2,2027-S2,Stable,47.5,22.4,30.1,47.5
z_57.0_19.5,2028,1,2028-S1,Stable,50.4,19.4,30.2,50.4
z_57.0_19.5,2028,2,2028-S2,Stable,46.3,17.9,35.7,46.3
z_57.0_19.5,2029,1,2029-S1,Stable,45.9,17.1,36.9,45.9
z_57.0_19.5,2029,2,2029-S2,Stable,44.4,23.2,32.4,44.4
z_57.0_19.5,2030,1,2030-S1,Stable,51.8,22.9,25.3,51.8
z_57.0_19.5,2030,2,2030-S2,Stable,44.6,23.0,32.4,44.6
z_57.0_21.0,2023,1,2023-S1,Diminution,42.3,23.3,42.3,34.4
z_57.0_21.0,2023,2,2023-S2,Stable,42.3,21.3,36.4,42.3
z_57.0_21.0,2024,1,2024-S1,Diminution,47.0,21.6,47.0,31.4
z_57.0_21.0,2024,2,2024-S2,Stable,45.8,22.8,31.4,45.8
z_57.0_21.0,2025,1,2025-S1,Diminution,47.8,17.9,47.8,34.3
z_57.0_21.0,2025,2,2025-S2,Diminution,53.3,19.0,53.3,27.7
z_57.0_21.0,2026,1,2026-S1,Diminution,46.0,27.3,46.0,26.7
z_57.0_21.0,2026,2,2026-S2,Diminution,51.2,22.2,51.2,26.6
z_57.0_21.0,2027,1,2027-S1,Diminution,48.8,28.3,48.8,22.9
z_57.0_21.0,2027,2,2027-S2,Diminution,50.0,18.7,50.0,31.3
z_57.0_21.0,2028,1,2028-S1,Diminution,51.3,26.4,51.3,22.3
z_57.0_21.0,2028,2,2028-S2,Diminution,50.0,18.7,50.0,31.3
z_57.0_21.0,2029,1,2029-S1,Diminution,51.3,26.4,51.3,22.3
z_57.0_21.0,2029,2,2029-S2,Diminution,50.0,18.7,50.0,31.3
z_57.0_21.0,2030,1,2030-S1,Diminution,51.3,26.4,51.3,22.3
z_57.0_21.0,2030,2,2030-S2,Diminution,50.0,18.7,50.0,31.3
z_57.0_22.5,2023,1,2023-S1,Diminution,43.7,17.1,43.7,39.2
z_57.0_22.5,2023,2,2023-S2,Diminution,46.2,15.3,46.2,38.5
z_57.0_22.5,2024,1,2024-S1,Stable,44.0,27.6,28.4,44.0
z_57.0_22.5,2024,2,2024-S2,Stable,44.8,30.5,24.7,44.8
z_57.0_22.5,2025,1,2025-S1,Stable,41.8,37.5,20.7,41.8
z_57.0_22.5,2025,2,2025-S2,Augmentation,44.7,44.7,17.2,38.1
z_57.0_22.5,2026,1,2026-S1,Stable,40.8,36.3,22.9,40.8
z_57.0_22.5,2026,2,2026-S2,Augmentation,42.3,42.3,28.3,29.4
z_57.0_22.5,2027,1,2027-S1,Stable,40.9,40.3,18.8,40.9
z_57.0_22.5,2027,2,2027-S2,Augmentation,42.7,42.7,19.4,37.9
z_57.0_22.5,2028,1,2028-S1,Augmentation,42.7,42.7,18.0,39.4
z_57.0_22.5,2028,2,2028-S2,Augmentation,44.8,44.8,20.6,34.6
z_57.0_22.5,2029,1,2029-S1,Stable,42.9,41.4,15.7,42.9
z_57.0_22.5,2029,2,2029-S2,Augmentation,46.8,46.8,16.5,36.6
z_57.0_22.5,2030,1,2030-S1,Stable,43.1,41.2,15.7,43.1
z_57.0_22.5,2030,2,2030-S2,Augmentation,45.7,45.7,16.7,37.6
z_57.0_24.0,2023,1,2023-S1,Stable,47.7,25.4,26.8,47.7
z_57.0_24.0,2023,2,2023-S2,Diminution,47.1,17.0,47.1,35.8
z_57.0_24.0,2024,1,2024-S1,Stable,49.1,27.9,23.0,49.1
z_57.0_24.0,2024,2,2024-S2,Diminution,56.1,10.9,56.1,33.0
z_57.0_24.0,2025,1,2025-S1,Diminution,38.9,25.8,38.9,35.3
z_57.0_24.0,2025,2,2025-S2,Diminution,57.4,10.4,57.4,32.2
z_57.0_24.0,2026,1,2026-S1,Diminution,42.1,20.9,42.1,37.0
z_57.0_24.0,2026,2,2026-S2,Diminution,59.2,8.4,59.2,32.3
z_57.0_24.0,2027,1,2027-S1,Diminution,41.3,19.2,41.3,39.4
z_57.0_24.0,2027,2,2027-S2,Diminution,61.6,8.1,61.6,30.3
z_57.0_24.0,2028,1,2028-S1,Diminution,39.9,22.2,39.9,37.9
z_57.0_24.0,2028,2,2028-S2,Diminution,56.8,9.1,56.8,34.1
z_57.0_24.0,2029,1,2029-S1,Diminution,42.4,23.1,42.4,34.5
z_57.0_24.0,2029,2,2029-S2,Diminution,56.8,9.1,56.8,34.1
z_57.0_24.0,2030,1,2030-S1,Diminution,42.4,23.1,42.4,34.5
z_57.0_24.0,2030,2,2030-S2,Diminution,56.8,9.1,56.8,34.1
z_57.0_3.0,2023,1,2023-S1,Stable,44.0,13.5,42.5,44.0
z_57.0_3.0,2023,2,2023-S2,Diminution,48.3,17.6,48.3,34.1
z_57.0_3.0,2024,1,2024-S1,Diminution,52.0,9.8,52.0,38.2
z_57.0_3.0,2024,2,2024-S2,Diminution,50.4,20.4,50.4,29.2
z_57.0_3.0,2025,1,2025-S1,Diminution,41.5,24.6,41.5,33.9
z_57.0_3.0,2025,2,2025-S2,Stable,40.9,20.9,38.2,40.9
z_57.0_3.0,2026,1,2026-S1,Diminution,52.2,13.7,52.2,34.1
z_57.0_3.0,2026,2,2026-S2,Stable,43.1,13.9,43.0,43.1
z_57.0_3.0,2027,1,2027-S1,Diminution,56.4,9.9,56.4,33.7
z_57.0_3.0,2027,2,2027-S2,Diminution,42.4,21.4,42.4,36.3
z_57.0_3.0,2028,1,2028-S1,Diminution,51.5,9.5,51.5,38.9
z_57.0_3.0,2028,2,2028-S2,Diminution,48.1,17.9,48.1,33.9
z_57.0_3.0,2029,1,2029-S1,Diminution,52.7,10.4,52.7,36.9
z_57.0_3.0,2029,2,2029-S2,Diminution,48.1,17.9,48.1,33.9
z_57.0_3.0,2030,1,2030-S1,Diminution,52.7,10.4,52.7,36.9
z_57.0_3.0,2030,2,2030-S2,Diminution,48.1,17.9,48.1,33.9
z_57.0_4.5,2023,1,2023-S1,Stable,38.7,34.1,27.3,38.7
z_57.0_4.5,2023,2,2023-S2,Stable,37.9,37.3,24.8,37.9
z_57.0_4.5,2024,1,2024-S1,Augmentation,47.1,47.1,15.5,37.3
z_57.0_4.5,2024,2,2024-S2,Stable,40.2,25.8,34.0,40.2
z_57.0_4.5,2025,1,2025-S1,Stable,45.6,35.9,18.5,45.6
z_57.0_4.5,2025,2,2025-S2,Stable,43.3,30.8,25.9,43.3
z_57.0_4.5,2026,1,2026-S1,Stable,40.0,37.7,22.3,40.0
z_57.0_4.5,2026,2,2026-S2,Stable,40.3,25.7,34.0,40.3
z_57.0_4.5,2027,1,2027-S1,Stable,39.4,37.7,22.8,39.4
z_57.0_4.5,2027,2,2027-S2,Stable,40.1,24.6,35.3,40.1
z_57.0_4.5,2028,1,2028-S1,Stable,39.4,37.1,23.5,39.4
z_57.0_4.5,2028,2,2028-S2,Stable,39.5,25.4,35.2,39.5
z_57.0_4.5,2029,1,2029-S1,Stable,39.6,36.8,23.6,39.6
z_57.0_4.5,2029,2,2029-S2,Stable,39.5,25.5,35.0,39.5
z_57.0_4.5,2030,1,2030-S1,Stable,39.6,36.8,23.6,39.6
z_57.0_4.5,2030,2,2030-S2,Stable,39.5,25.4,35.2,39.5
z_57.0_6.0,2023,1,2023-S1,Stable,46.1,27.1,26.8,46.1
z_57.0_6.0,2023,2,2023-S2,Stable,48.1,30.5,21.4,48.1
z_57.0_6.0,2024,1,2024-S1,Stable,45.3,32.8,21.9,45.3
z_57.0_6.0,2024,2,2024-S2,Stable,49.6,28.3,22.1,49.6
z_57.0_6.0,2025,1,2025-S1,Stable,45.7,32.9,21.4,45.7
z_57.0_6.0,2025,2,2025-S2,Stable,46.4,30.1,23.5,46.4
z_57.0_6.0,2026,1,2026-S1,Stable,45.6,28.1,26.3,45.6
z_57.0_6.0,2026,2,2026-S2,Stable,47.8,28.2,24.0,47.8
z_57.0_6.0,2027,1,2027-S1,Stable,47.9,29.2,22.9,47.9
z_57.0_6.0,2027,2,2027-S2,Stable,50.9,27.6,21.5,50.9
z_57.0_6.0,2028,1,2028-S1,Stable,48.3,25.4,26.3,48.3
z_57.0_6.0,2028,2,2028-S2,Stable,49.1,28.1,22.8,49.1
z_57.0_6.0,2029,1,2029-S1,Stable,46.4,28.6,25.0,46.4
z_57.0_6.0,2029,2,2029-S2,Stable,49.1,28.1,22.8,49.1
z_57.0_6.0,2030,1,2030-S1,Stable,46.2,28.6,25.2,46.2
z_57.0_6.0,2030,2,2030-S2,Stable,48.9,28.3,22.8,48.9
z_57.0_7.5,2023,1,2023-S1,Augmentation,41.7,41.7,25.5,32.8
z_57.0_7.5,2023,2,2023-S2,Augmentation,59.7,59.7,15.6,24.7
z_57.0_7.5,2024,1,2024-S1,Augmentation,50.8,50.8,17.0,32.2
z_57.0_7.5,2024,2,2024-S2,Augmentation,54.0,54.0,16.1,29.9
z_57.0_7.5,2025,1,2025-S1,Augmentation,45.2,45.2,21.7,33.1
z_57.0_7.5,2025,2,2025-S2,Augmentation,57.8,57.8,15.1,27.1
z_57.0_7.5,2026,1,2026-S1,Augmentation,45.0,45.0,23.3,31.6
z_57.0_7.5,2026,2,2026-S2,Augmentation,56.8,56.8,16.9,26.3
z_57.0_7.5,2027,1,2027-S1,Augmentation,51.6,51.6,16.5,31.9
z_57.0_7.5,2027,2,2027-S2,Augmentation,57.1,57.1,14.6,28.3
z_57.0_7.5,2028,1,2028-S1,Augmentation,51.9,51.9,16.9,31.2
z_57.0_7.5,2028,2,2028-S2,Augmentation,55.7,55.7,14.9,29.4
z_57.0_7.5,2029,1,2029-S1,Augmentation,51.2,51.2,16.5,32.3
z_57.0_7.5,2029,2,2029-S2,Augmentation,59.6,59.6,13.3,27.0
z_57.0_7.5,2030,1,2030-S1,Augmentation,52.0,52.0,16.5,31.5
z_57.0_7.5,2030,2,2030-S2,Augmentation,58.5,58.5,13.5,28.0
z_57.0_9.0,2023,1,2023-S1,Augmentation,60.6,60.6,13.9,25.5
z_57.0_9.0,2023,2,2023-S2,Augmentation,66.7,66.7,10.8,22.5
z_57.0_9.0,2024,1,2024-S1,Augmentation,53.4,53.4,14.5,32.1
z_57.0_9.0,2024,2,2024-S2,Augmentation,43.6,43.6,24.0,32.4
z_57.0_9.0,2025,1,2025-S1,Augmentation,62.6,62.6,13.8,23.6
z_57.0_9.0,2025,2,2025-S2,Augmentation,50.3,50.3,14.8,34.9
z_57.0_9.0,2026,1,2026-S1,Augmentation,36.7,36.7,27.9,35.4
z_57.0_9.0,2026,2,2026-S2,Augmentation,53.8,53.8,15.6,30.6
z_57.0_9.0,2027,1,2027-S1,Augmentation,53.4,53.4,18.2,28.4
z_57.0_9.0,2027,2,2027-S2,Augmentation,62.8,62.8,12.0,25.2
z_57.0_9.0,2028,1,2028-S1,Augmentation,54.9,54.9,15.8,29.3
z_57.0_9.0,2028,2,2028-S2,Augmentation,56.5,56.5,13.9,29.6
z_57.0_9.0,2029,1,2029-S1,Augmentation,58.1,58.1,13.2,28.7
z_57.0_9.0,2029,2,2029-S2,Augmentation,61.6,61.6,12.1,26.4
z_57.0_9.0,2030,1,2030-S1,Augmentation,56.0,56.0,13.3,30.7
z_57.0_9.0,2030,2,2030-S2,Augmentation,59.7,59.7,12.3,27.9
z_58.5_-1.5,2023,1,2023-S1,Diminution,40.7,29.2,40.7,30.1
z_58.5_-1.5,2023,2,2023-S2,Diminution,49.7,22.7,49.7,27.6
z_58.5_-1.5,2024,1,2024-S1,Diminution,52.1,22.6,52.1,25.4
z_58.5_-1.5,2024,2,2024-S2,Diminution,42.5,18.3,42.5,39.2
z_58.5_-1.5,2025,1,2025-S1,Diminution,50.0,19.2,50.0,30.8
z_58.5_-1.5,2025,2,2025-S2,Diminution,47.0,19.0,47.0,33.9
z_58.5_-1.5,2026,1,2026-S1,Diminution,51.6,25.6,51.6,22.8
z_58.5_-1.5,2026,2,2026-S2,Diminution,51.6,26.5,51.6,21.9
z_58.5_-1.5,2027,1,2027-S1,Diminution,51.7,26.1,51.7,22.2
z_58.5_-1.5,2027,2,2027-S2,Diminution,56.9,21.7,56.9,21.4
z_58.5_-1.5,2028,1,2028-S1,Diminution,54.2,24.7,54.2,21.1
z_58.5_-1.5,2028,2,2028-S2,Diminution,56.9,21.7,56.9,21.4
z_58.5_-1.5,2029,1,2029-S1,Diminution,54.2,24.7,54.2,21.1
z_58.5_-1.5,2029,2,2029-S2,Diminution,56.9,21.7,56.9,21.4
z_58.5_-1.5,2030,1,2030-S1,Diminution,54.2,24.7,54.2,21.1
z_58.5_-1.5,2030,2,2030-S2,Diminution,56.9,21.7,56.9,21.4
z_58.5_-10.5,2023,1,2023-S1,Diminution,91.3,0.9,91.3,7.8
z_58.5_-10.5,2023,2,2023-S2,Diminution,92.6,0.3,92.6,7.1
z_58.5_-10.5,2024,1,2024-S1,Diminution,91.3,0.9,91.3,7.8
z_58.5_-10.5,2024,2,2024-S2,Diminution,92.6,0.3,92.6,7.1
z_58.5_-10.5,2025,1,2025-S1,Diminution,91.3,0.9,91.3,7.8
z_58.5_-10.5,2025,2,2025-S2,Diminution,93.1,0.7,93.1,6.2
z_58.5_-10.5,2026,1,2026-S1,Diminution,79.2,1.3,79.2,19.5
z_58.5_-10.5,2026,2,2026-S2,Diminution,87.0,4.5,87.0,8.5
z_58.5_-10.5,2027,1,2027-S1,Diminution,86.6,2.7,86.6,10.7
z_58.5_-10.5,2027,2,2027-S2,Diminution,87.0,1.6,87.0,11.4
z_58.5_-10.5,2028,1,2028-S1,Diminution,88.4,2.5,88.4,9.1
z_58.5_-10.5,2028,2,2028-S2,Diminution,92.6,0.3,92.6,7.1
z_58.5_-10.5,2029,1,2029-S1,Diminution,91.3,0.9,91.3,7.8
z_58.5_-10.5,2029,2,2029-S2,Diminution,92.6,0.3,92.6,7.1
z_58.5_-10.5,2030,1,2030-S1,Diminution,91.3,0.9,91.3,7.8
z_58.5_-10.5,2030,2,2030-S2,Diminution,92.6,0.3,92.6,7.1
z_58.5_-3.0,2023,1,2023-S1,Diminution,47.3,21.0,47.3,31.7
z_58.5_-3.0,2023,2,2023-S2,Diminution,45.0,27.6,45.0,27.4
z_58.5_-3.0,2024,1,2024-S1,Diminution,56.5,18.0,56.5,25.5
z_58.5_-3.0,2024,2,2024-S2,Diminution,47.5,33.2,47.5,19.3
z_58.5_-3.0,2025,1,2025-S1,Diminution,52.6,19.4,52.6,28.0
z_58.5_-3.0,2025,2,2025-S2,Diminution,54.9,23.8,54.9,21.2
z_58.5_-3.0,2026,1,2026-S1,Diminution,56.5,18.0,56.5,25.5
z_58.5_-3.0,2026,2,2026-S2,Diminution,55.0,25.5,55.0,19.5
z_58.5_-3.0,2027,1,2027-S1,Diminution,52.4,22.4,52.4,25.2
z_58.5_-3.0,2027,2,2027-S2,Diminution,55.6,22.4,55.6,22.0
z_58.5_-3.0,2028,1,2028-S1,Diminution,55.2,21.4,55.2,23.4
z_58.5_-3.0,2028,2,2028-S2,Diminution,55.6,22.4,55.6,22.0
z_58.5_-3.0,2029,1,2029-S1,Diminution,55.2,21.4,55.2,23.4
z_58.5_-3.0,2029,2,2029-S2,Diminution,55.6,22.4,55.6,22.0
z_58.5_-3.0,2030,1,2030-S1,Diminution,55.2,21.4,55.2,23.4
z_58.5_-3.0,2030,2,2030-S2,Diminution,55.6,22.4,55.6,22.0
z_58.5_-6.0,2023,1,2023-S1,Diminution,53.2,21.9,53.2,24.8
z_58.5_-6.0,2023,2,2023-S2,Diminution,41.8,25.6,41.8,32.6
z_58.5_-6.0,2024,1,2024-S1,Diminution,51.3,23.9,51.3,24.9
z_58.5_-6.0,2024,2,2024-S2,Diminution,45.4,20.2,45.4,34.5
z_58.5_-6.0,2025,1,2025-S1,Diminution,53.8,22.5,53.8,23.7
z_58.5_-6.0,2025,2,2025-S2,Diminution,39.3,29.7,39.3,31.0
z_58.5_-6.0,2026,1,2026-S1,Diminution,54.2,20.9,54.2,24.9
z_58.5_-6.0,2026,2,2026-S2,Diminution,45.9,18.6,45.9,35.4
z_58.5_-6.0,2027,1,2027-S1,Diminution,54.9,18.7,54.9,26.4
z_58.5_-6.0,2027,2,2027-S2,Diminution,45.2,24.9,45.2,29.8
z_58.5_-6.0,2028,1,2028-S1,Diminution,51.3,23.9,51.3,24.9
z_58.5_-6.0,2028,2,2028-S2,Diminution,45.4,20.2,45.4,34.5
z_58.5_-6.0,2029,1,2029-S1,Diminution,53.8,22.5,53.8,23.7
z_58.5_-6.0,2029,2,2029-S2,Diminution,45.4,20.2,45.4,34.5
z_58.5_-6.0,2030,1,2030-S1,Diminution,53.8,22.5,53.8,23.7
z_58.5_-6.0,2030,2,2030-S2,Diminution,45.4,20.2,45.4,34.5
z_58.5_-9.0,2023,1,2023-S1,Diminution,53.3,9.6,53.3,37.1
z_58.5_-9.0,2023,2,2023-S2,Diminution,61.3,4.9,61.3,33.8
z_58.5_-9.0,2024,1,2024-S1,Diminution,53.3,9.6,53.3,37.1
z_58.5_-9.0,2024,2,2024-S2,Diminution,61.3,4.9,61.3,33.8
z_58.5_-9.0,2025,1,2025-S1,Diminution,53.3,9.6,53.3,37.1
z_58.5_-9.0,2025,2,2025-S2,Diminution,60.8,8.5,60.8,30.7
z_58.5_-9.0,2026,1,2026-S1,Diminution,45.7,14.8,45.7,39.4
z_58.5_-9.0,2026,2,2026-S2,Diminution,62.2,4.8,62.2,32.9
z_58.5_-9.0,2027,1,2027-S1,Diminution,51.1,9.1,51.1,39.7
z_58.5_-9.0,2027,2,2027-S2,Diminution,65.4,4.8,65.4,29.8
z_58.5_-9.0,2028,1,2028-S1,Diminution,53.5,8.9,53.5,37.7
z_58.5_-9.0,2028,2,2028-S2,Diminution,61.3,4.9,61.3,33.8
z_58.5_-9.0,2029,1,2029-S1,Diminution,53.3,9.6,53.3,37.1
z_58.5_-9.0,2029,2,2029-S2,Diminution,61.3,4.9,61.3,33.8
z_58.5_-9.0,2030,1,2030-S1,Diminution,53.3,9.6,53.3,37.1
z_58.5_-9.0,2030,2,2030-S2,Diminution,61.3,4.9,61.3,33.8
z_58.5_0.0,2023,1,2023-S1,Stable,49.6,27.3,23.1,49.6
z_58.5_0.0,2023,2,2023-S2,Diminution,56.8,20.4,56.8,22.7
z_58.5_0.0,2024,1,2024-S1,Stable,51.1,25.7,23.1,51.1
z_58.5_0.0,2024,2,2024-S2,Diminution,57.9,14.5,57.9,27.6
z_58.5_0.0,2025,1,2025-S1,Stable,49.7,20.6,29.7,49.7
z_58.5_0.0,2025,2,2025-S2,Diminution,53.5,14.0,53.5,32.5
z_58.5_0.0,2026,1,2026-S1,Diminution,45.2,22.1,45.2,32.7
z_58.5_0.0,2026,2,2026-S2,Diminution,52.3,20.6,52.3,27.1
z_58.5_0.0,2027,1,2027-S1,Diminution,43.8,25.1,43.8,31.1
z_58.5_0.0,2027,2,2027-S2,Diminution,55.8,20.7,55.8,23.5
z_58.5_0.0,2028,1,2028-S1,Diminution,43.5,21.4,43.5,35.1
z_58.5_0.0,2028,2,2028-S2,Diminution,57.9,19.6,57.9,22.4
z_58.5_0.0,2029,1,2029-S1,Diminution,43.5,21.4,43.5,35.1
z_58.5_0.0,2029,2,2029-S2,Diminution,57.9,19.6,57.9,22.4
z_58.5_0.0,2030,1,2030-S1,Diminution,43.5,21.4,43.5,35.1
z_58.5_0.0,2030,2,2030-S2,Diminution,57.9,19.6,57.9,22.4
z_58.5_1.5,2023,1,2023-S1,Stable,55.6,16.9,27.5,55.6
z_58.5_1.5,2023,2,2023-S2,Stable,56.8,20.4,22.9,56.8
z_58.5_1.5,2024,1,2024-S1,Stable,57.1,19.6,23.3,57.1
z_58.5_1.5,2024,2,2024-S2,Stable,53.4,15.9,30.7,53.4
z_58.5_1.5,2025,1,2025-S1,Stable,59.7,18.9,21.4,59.7
z_58.5_1.5,2025,2,2025-S2,Stable,54.9,22.8,22.3,54.9
z_58.5_1.5,2026,1,2026-S1,Stable,54.0,16.9,29.1,54.0
z_58.5_1.5,2026,2,2026-S2,Stable,50.2,15.9,33.9,50.2
z_58.5_1.5,2027,1,2027-S1,Stable,59.1,18.2,22.7,59.1
z_58.5_1.5,2027,2,2027-S2,Stable,54.6,13.1,32.3,54.6
z_58.5_1.5,2028,1,2028-S1,Stable,54.3,16.1,29.6,54.3
z_58.5_1.5,2028,2,2028-S2,Stable,58.7,14.2,27.1,58.7
z_58.5_1.5,2029,1,2029-S1,Stable,55.5,15.6,29.0,55.5
z_58.5_1.5,2029,2,2029-S2,Stable,57.2,16.1,26.7,57.2
z_58.5_1.5,2030,1,2030-S1,Stable,58.7,18.3,23.1,58.7
z_58.5_1.5,2030,2,2030-S2,Stable,57.2,16.1,26.7,57.2
z_58.5_10.5,2023,1,2023-S1,Augmentation,71.2,71.2,10.8,18.0
z_58.5_10.5,2023,2,2023-S2,Augmentation,66.9,66.9,12.0,21.1
z_58.5_10.5,2024,1,2024-S1,Augmentation,61.3,61.3,16.0,22.7
z_58.5_10.5,2024,2,2024-S2,Augmentation,58.6,58.6,19.1,22.3
z_58.5_10.5,2025,1,2025-S1,Augmentation,55.3,55.3,25.8,18.9
z_58.5_10.5,2025,2,2025-S2,Augmentation,59.5,59.5,20.9,19.6
z_58.5_10.5,2026,1,2026-S1,Augmentation,51.9,51.9,24.1,24.0
z_58.5_10.5,2026,2,2026-S2,Augmentation,57.2,57.2,22.2,20.6
z_58.5_10.5,2027,1,2027-S1,Augmentation,59.4,59.4,19.4,21.2
z_58.5_10.5,2027,2,2027-S2,Augmentation,63.5,63.5,18.0,18.5
z_58.5_10.5,2028,1,2028-S1,Augmentation,59.8,59.8,17.7,22.5
z_58.5_10.5,2028,2,2028-S2,Augmentation,65.0,65.0,14.9,20.1
z_58.5_10.5,2029,1,2029-S1,Augmentation,60.0,60.0,16.2,23.8
z_58.5_10.5,2029,2,2029-S2,Augmentation,65.7,65.7,14.7,19.6
z_58.5_10.5,2030,1,2030-S1,Augmentation,59.6,59.6,15.7,24.6
z_58.5_10.5,2030,2,2030-S2,Augmentation,62.8,62.8,15.9,21.3
z_58.5_15.0,2023,1,2023-S1,Stable,51.4,32.6,16.0,51.4
z_58.5_15.0,2023,2,2023-S2,Stable,39.2,22.3,38.6,39.2
z_58.5_15.0,2024,1,2024-S1,Stable,46.5,33.5,20.0,46.5
z_58.5_15.0,2024,2,2024-S2,Stable,45.3,23.4,31.3,45.3
z_58.5_15.0,2025,1,2025-S1,Stable,47.6,30.1,22.4,47.6
z_58.5_15.0,2025,2,2025-S2,Stable,48.8,23.0,28.2,48.8
z_58.5_15.0,2026,1,2026-S1,Stable,46.4,31.9,21.7,46.4
z_58.5_15.0,2026,2,2026-S2,Stable,43.6,23.1,33.3,43.6
z_58.5_15.0,2027,1,2027-S1,Stable,48.7,30.5,20.8,48.7
z_58.5_15.0,2027,2,2027-S2,Stable,44.1,18.6,37.4,44.1
z_58.5_15.0,2028,1,2028-S1,Stable,48.4,30.5,21.0,48.4
z_58.5_15.0,2028,2,2028-S2,Stable,45.5,20.1,34.4,45.5
z_58.5_15.0,2029,1,2029-S1,Stable,49.1,28.7,22.2,49.1
z_58.5_15.0,2029,2,2029-S2,Stable,45.5,20.1,34.4,45.5
z_58.5_15.0,2030,1,2030-S1,Stable,49.0,28.7,22.3,49.0
z_58.5_15.0,2030,2,2030-S2,Stable,45.5,20.1,34.4,45.5
z_58.5_16.5,2023,1,2023-S1,Augmentation,79.3,79.3,7.5,13.2
z_58.5_16.5,2023,2,2023-S2,Augmentation,74.2,74.2,10.6,15.2
z_58.5_16.5,2024,1,2024-S1,Augmentation,48.5,48.5,20.7,30.8
z_58.5_16.5,2024,2,2024-S2,Augmentation,49.4,49.4,18.6,32.0
z_58.5_16.5,2025,1,2025-S1,Augmentation,51.6,51.6,19.6,28.8
z_58.5_16.5,2025,2,2025-S2,Augmentation,71.7,71.7,11.5,16.9
z_58.5_16.5,2026,1,2026-S1,Augmentation,71.2,71.2,10.3,18.4
z_58.5_16.5,2026,2,2026-S2,Augmentation,60.6,60.6,16.1,23.3
z_58.5_16.5,2027,1,2027-S1,Augmentation,64.6,64.6,14.6,20.8
z_58.5_16.5,2027,2,2027-S2,Augmentation,69.8,69.8,11.8,18.4
z_58.5_16.5,2028,1,2028-S1,Augmentation,69.8,69.8,13.1,17.2
z_58.5_16.5,2028,2,2028-S2,Augmentation,77.6,77.6,9.8,12.6
z_58.5_16.5,2029,1,2029-S1,Augmentation,78.4,78.4,8.9,12.7
z_58.5_16.5,2029,2,2029-S2,Augmentation,80.2,80.2,8.2,11.5
z_58.5_16.5,2030,1,2030-S1,Augmentation,78.3,78.3,8.4,13.3
z_58.5_16.5,2030,2,2030-S2,Augmentation,79.6,79.6,8.3,12.1
z_58.5_18.0,2023,1,2023-S1,Augmentation,45.5,45.5,19.0,35.5
z_58.5_18.0,2023,2,2023-S2,Augmentation,53.7,53.7,14.0,32.3
z_58.5_18.0,2024,1,2024-S1,Augmentation,67.6,67.6,12.2,20.2
z_58.5_18.0,2024,2,2024-S2,Augmentation,57.2,57.2,14.5,28.2
z_58.5_18.0,2025,1,2025-S1,Augmentation,56.5,56.5,14.8,28.8
z_58.5_18.0,2025,2,2025-S2,Augmentation,64.1,64.1,13.3,22.6
z_58.5_18.0,2026,1,2026-S1,Augmentation,49.7,49.7,13.9,36.3
z_58.5_18.0,2026,2,2026-S2,Augmentation,54.6,54.6,12.7,32.6
z_58.5_18.0,2027,1,2027-S1,Augmentation,66.9,66.9,11.9,21.2
z_58.5_18.0,2027,2,2027-S2,Augmentation,71.2,71.2,10.9,17.9
z_58.5_18.0,2028,1,2028-S1,Augmentation,72.4,72.4,10.5,17.1
z_58.5_18.0,2028,2,2028-S2,Augmentation,73.7,73.7,10.5,15.8
z_58.5_18.0,2029,1,2029-S1,Augmentation,74.9,74.9,9.5,15.6
z_58.5_18.0,2029,2,2029-S2,Augmentation,75.6,75.6,9.3,15.1
z_58.5_18.0,2030,1,2030-S1,Augmentation,75.5,75.5,9.5,15.0
z_58.5_18.0,2030,2,2030-S2,Augmentation,78.2,78.2,8.3,13.5
z_58.5_19.5,2023,1,2023-S1,Stable,48.6,25.6,25.8,48.6
z_58.5_19.5,2023,2,2023-S2,Stable,40.1,27.4,32.5,40.1
z_58.5_19.5,2024,1,2024-S1,Stable,53.1,17.9,29.0,53.1
z_58.5_19.5,2024,2,2024-S2,Stable,41.3,36.0,22.6,41.3
z_58.5_19.5,2025,1,2025-S1,Stable,43.5,43.2,13.3,43.5
z_58.5_19.5,2025,2,2025-S2,Augmentation,52.0,52.0,16.0,31.9
z_58.5_19.5,2026,1,2026-S1,Stable,41.8,35.1,23.1,41.8
z_58.5_19.5,2026,2,2026-S2,Stable,41.5,24.3,34.2,41.5
z_58.5_19.5,2027,1,2027-S1,Stable,53.5,22.6,23.8,53.5
z_58.5_19.5,2027,2,2027-S2,Diminution,38.7,23.5,38.7,37.8
z_58.5_19.5,2028,1,2028-S1,Stable,54.2,20.7,25.1,54.2
z_58.5_19.5,2028,2,2028-S2,Diminution,41.3,18.4,41.3,40.3
z_58.5_19.5,2029,1,2029-S1,Stable,54.3,20.6,25.1,54.3
z_58.5_19.5,2029,2,2029-S2,Diminution,41.3,18.4,41.3,40.3
z_58.5_19.5,2030,1,2030-S1,Stable,54.4,20.5,25.1,54.4
z_58.5_19.5,2030,2,2030-S2,Diminution,41.4,18.4,41.4,40.2
z_58.5_21.0,2023,1,2023-S1,Stable,41.0,29.1,29.9,41.0
z_58.5_21.0,2023,2,2023-S2,Diminution,38.9,24.3,38.9,36.8
z_58.5_21.0,2024,1,2024-S1,Stable,39.9,20.6,39.5,39.9
z_58.5_21.0,2024,2,2024-S2,Stable,45.1,20.2,34.7,45.1
z_58.5_21.0,2025,1,2025-S1,Stable,47.5,29.1,23.3,47.5
z_58.5_21.0,2025,2,2025-S2,Stable,44.9,41.0,14.1,44.9
z_58.5_21.0,2026,1,2026-S1,Stable,48.2,30.4,21.4,48.2
z_58.5_21.0,2026,2,2026-S2,Stable,43.7,32.8,23.5,43.7
z_58.5_21.0,2027,1,2027-S1,Stable,51.9,22.5,25.6,51.9
z_58.5_21.0,2027,2,2027-S2,Stable,46.9,33.1,20.0,46.9
z_58.5_21.0,2028,1,2028-S1,Stable,46.4,29.5,24.1,46.4
z_58.5_21.0,2028,2,2028-S2,Stable,49.0,25.7,25.3,49.0
z_58.5_21.0,2029,1,2029-S1,Stable,48.9,23.4,27.6,48.9
z_58.5_21.0,2029,2,2029-S2,Stable,47.2,29.3,23.5,47.2
z_58.5_21.0,2030,1,2030-S1,Stable,48.9,23.4,27.6,48.9
z_58.5_21.0,2030,2,2030-S2,Stable,47.2,29.3,23.5,47.2
z_58.5_22.5,2023,1,2023-S1,Augmentation,37.5,37.5,27.2,35.3
z_58.5_22.5,2023,2,2023-S2,Stable,39.2,26.6,34.1,39.2
z_58.5_22.5,2024,1,2024-S1,Diminution,40.4,21.6,40.4,38.0
z_58.5_22.5,2024,2,2024-S2,Stable,42.6,22.3,35.1,42.6
z_58.5_22.5,2025,1,2025-S1,Stable,36.9,29.3,33.8,36.9
z_58.5_22.5,2025,2,2025-S2,Stable,40.8,28.7,30.5,40.8
z_58.5_22.5,2026,1,2026-S1,Stable,38.0,30.0,32.1,38.0
z_58.5_22.5,2026,2,2026-S2,Diminution,42.1,17.3,42.1,40.6
z_58.5_22.5,2027,1,2027-S1,Stable,37.8,28.9,33.2,37.8
z_58.5_22.5,2027,2,2027-S2,Diminution,42.5,18.2,42.5,39.3
z_58.5_22.5,2028,1,2028-S1,Diminution,44.1,22.2,44.1,33.7
z_58.5_22.5,2028,2,2028-S2,Diminution,44.3,17.5,44.3,38.2
z_58.5_22.5,2029,1,2029-S1,Diminution,44.8,21.4,44.8,33.9
z_58.5_22.5,2029,2,2029-S2,Diminution,44.2,17.5,44.2,38.3
z_58.5_22.5,2030,1,2030-S1,Diminution,44.8,21.4,44.8,33.9
z_58.5_22.5,2030,2,2030-S2,Diminution,44.3,17.5,44.3,38.2
z_58.5_24.0,2023,1,2023-S1,Augmentation,57.8,57.8,18.5,23.8
z_58.5_24.0,2023,2,2023-S2,Augmentation,57.4,57.4,17.7,24.9
z_58.5_24.0,2024,1,2024-S1,Augmentation,53.9,53.9,18.9,27.3
z_58.5_24.0,2024,2,2024-S2,Augmentation,62.1,62.1,14.7,23.2
z_58.5_24.0,2025,1,2025-S1,Augmentation,51.4,51.4,21.5,27.1
z_58.5_24.0,2025,2,2025-S2,Augmentation,58.5,58.5,17.2,24.3
z_58.5_24.0,2026,1,2026-S1,Augmentation,50.7,50.7,22.2,27.2
z_58.5_24.0,2026,2,2026-S2,Augmentation,53.1,53.1,19.8,27.1
z_58.5_24.0,2027,1,2027-S1,Augmentation,45.0,45.0,23.6,31.5
z_58.5_24.0,2027,2,2027-S2,Augmentation,46.1,46.1,18.5,35.3
z_58.5_24.0,2028,1,2028-S1,Augmentation,45.7,45.7,22.0,32.4
z_58.5_24.0,2028,2,2028-S2,Augmentation,50.4,50.4,17.6,31.9
z_58.5_24.0,2029,1,2029-S1,Augmentation,46.7,46.7,21.3,32.0
z_58.5_24.0,2029,2,2029-S2,Augmentation,50.8,50.8,17.4,31.8
z_58.5_24.0,2030,1,2030-S1,Augmentation,47.9,47.9,20.1,32.0
z_58.5_24.0,2030,2,2030-S2,Augmentation,54.1,54.1,16.7,29.2
z_58.5_25.5,2023,1,2023-S1,Stable,46.5,22.8,30.7,46.5
z_58.5_25.5,2023,2,2023-S2,Stable,44.6,31.4,24.0,44.6
z_58.5_25.5,2024,1,2024-S1,Stable,42.6,22.2,35.2,42.6
z_58.5_25.5,2024,2,2024-S2,Stable,44.9,30.8,24.4,44.9
z_58.5_25.5,2025,1,2025-S1,Stable,49.0,20.0,31.0,49.0
z_58.5_25.5,2025,2,2025-S2,Stable,46.0,30.0,24.1,46.0
z_58.5_25.5,2026,1,2026-S1,Stable,45.9,18.9,35.2,45.9
z_58.5_25.5,2026,2,2026-S2,Stable,46.6,28.0,25.4,46.6
z_58.5_25.5,2027,1,2027-S1,Stable,48.0,21.4,30.5,48.0
z_58.5_25.5,2027,2,2027-S2,Stable,48.9,28.2,22.9,48.9
z_58.5_25.5,2028,1,2028-S1,Stable,47.5,18.1,34.4,47.5
z_58.5_25.5,2028,2,2028-S2,Stable,47.7,28.6,23.7,47.7
z_58.5_25.5,2029,1,2029-S1,Stable,47.7,21.2,31.0,47.7
z_58.5_25.5,2029,2,2029-S2,Stable,47.7,28.6,23.7,47.7
z_58.5_25.5,2030,1,2030-S1,Stable,47.7,21.2,31.0,47.7
z_58.5_25.5,2030,2,2030-S2,Stable,47.7,28.6,23.7,47.7
z_58.5_27.0,2023,1,2023-S1,Diminution,49.7,22.7,49.7,27.6
z_58.5_27.0,2023,2,2023-S2,Diminution,59.8,5.7,59.8,34.5
z_58.5_27.0,2024,1,2024-S1,Diminution,48.2,21.6,48.2,30.2
z_58.5_27.0,2024,2,2024-S2,Diminution,57.5,9.8,57.5,32.7
z_58.5_27.0,2025,1,2025-S1,Diminution,43.9,19.7,43.9,36.4
z_58.5_27.0,2025,2,2025-S2,Diminution,61.9,5.1,61.9,33.0
z_58.5_27.0,2026,1,2026-S1,Diminution,47.2,18.7,47.2,34.1
z_58.5_27.0,2026,2,2026-S2,Diminution,64.1,5.6,64.1,30.3
z_58.5_27.0,2027,1,2027-S1,Diminution,45.8,20.7,45.8,33.5
z_58.5_27.0,2027,2,2027-S2,Diminution,60.7,5.6,60.7,33.7
z_58.5_27.0,2028,1,2028-S1,Diminution,48.2,21.6,48.2,30.2
z_58.5_27.0,2028,2,2028-S2,Diminution,60.7,5.6,60.7,33.7
z_58.5_27.0,2029,1,2029-S1,Diminution,48.2,21.6,48.2,30.2
z_58.5_27.0,2029,2,2029-S2,Diminution,60.7,5.6,60.7,33.7
z_58.5_27.0,2030,1,2030-S1,Diminution,48.2,21.6,48.2,30.2
z_58.5_27.0,2030,2,2030-S2,Diminution,60.7,5.6,60.7,33.7
z_58.5_28.5,2023,1,2023-S1,Stable,42.3,26.0,31.7,42.3
z_58.5_28.5,2023,2,2023-S2,Stable,48.5,28.7,22.8,48.5
z_58.5_28.5,2024,1,2024-S1,Diminution,45.0,23.3,45.0,31.6
z_58.5_28.5,2024,2,2024-S2,Diminution,43.9,16.1,43.9,39.9
z_58.5_28.5,2025,1,2025-S1,Diminution,53.5,17.2,53.5,29.4
z_58.5_28.5,2025,2,2025-S2,Diminution,47.0,15.0,47.0,38.0
z_58.5_28.5,2026,1,2026-S1,Diminution,54.7,13.8,54.7,31.6
z_58.5_28.5,2026,2,2026-S2,Diminution,41.7,19.7,41.7,38.6
z_58.5_28.5,2027,1,2027-S1,Diminution,53.3,14.2,53.3,32.5
z_58.5_28.5,2027,2,2027-S2,Diminution,42.3,17.3,42.3,40.4
z_58.5_28.5,2028,1,2028-S1,Diminution,51.5,19.1,51.5,29.4
z_58.5_28.5,2028,2,2028-S2,Diminution,45.2,14.6,45.2,40.2
z_58.5_28.5,2029,1,2029-S1,Diminution,53.5,17.2,53.5,29.4
z_58.5_28.5,2029,2,2029-S2,Diminution,45.2,14.6,45.2,40.2
z_58.5_28.5,2030,1,2030-S1,Diminution,53.5,17.2,53.5,29.4
z_58.5_28.5,2030,2,2030-S2,Diminution,45.2,14.6,45.2,40.2
z_58.5_3.0,2023,1,2023-S1,Stable,47.4,14.5,38.1,47.4
z_58.5_3.0,2023,2,2023-S2,Diminution,47.1,16.9,47.1,35.9
z_58.5_3.0,2024,1,2024-S1,Stable,43.4,14.2,42.4,43.4
z_58.5_3.0,2024,2,2024-S2,Diminution,53.5,14.2,53.5,32.3
z_58.5_3.0,2025,1,2025-S1,Stable,47.4,25.5,27.1,47.4
z_58.5_3.0,2025,2,2025-S2,Diminution,36.1,29.1,36.1,34.8
z_58.5_3.0,2026,1,2026-S1,Stable,47.4,27.5,25.1,47.4
z_58.5_3.0,2026,2,2026-S2,Stable,48.5,19.6,31.9,48.5
z_58.5_3.0,2027,1,2027-S1,Stable,44.9,20.9,34.2,44.9
z_58.5_3.0,2027,2,2027-S2,Stable,42.7,23.6,33.6,42.7
z_58.5_3.0,2028,1,2028-S1,Stable,46.3,26.1,27.5,46.3
z_58.5_3.0,2028,2,2028-S2,Diminution,40.3,22.5,40.3,37.2
z_58.5_3.0,2029,1,2029-S1,Stable,47.4,23.8,28.8,47.4
z_58.5_3.0,2029,2,2029-S2,Stable,39.7,21.8,38.5,39.7
z_58.5_3.0,2030,1,2030-S1,Stable,43.8,22.6,33.6,43.8
z_58.5_3.0,2030,2,2030-S2,Stable,39.7,21.8,38.5,39.7
z_58.5_4.5,2023,1,2023-S1,Diminution,40.4,32.7,40.4,26.8
z_58.5_4.5,2023,2,2023-S2,Augmentation,50.7,50.7,28.1,21.2
z_58.5_4.5,2024,1,2024-S1,Augmentation,53.1,53.1,23.3,23.6
z_58.5_4.5,2024,2,2024-S2,Augmentation,66.7,66.7,15.0,18.3
z_58.5_4.5,2025,1,2025-S1,Augmentation,58.0,58.0,16.9,25.0
z_58.5_4.5,2025,2,2025-S2,Augmentation,49.3,49.3,31.2,19.5
z_58.5_4.5,2026,1,2026-S1,Diminution,47.3,31.5,47.3,21.2
z_58.5_4.5,2026,2,2026-S2,Augmentation,46.4,46.4,35.4,18.2
z_58.5_4.5,2027,1,2027-S1,Augmentation,40.0,40.0,31.2,28.8
z_58.5_4.5,2027,2,2027-S2,Augmentation,49.5,49.5,28.1,22.4
z_58.5_4.5,2028,1,2028-S1,Augmentation,46.5,46.5,28.3,25.2
z_58.5_4.5,2028,2,2028-S2,Augmentation,53.9,53.9,22.6,23.6
z_58.5_4.5,2029,1,2029-S1,Augmentation,45.7,45.7,26.9,27.4
z_58.5_4.5,2029,2,2029-S2,Augmentation,53.5,53.5,22.4,24.1
z_58.5_4.5,2030,1,2030-S1,Augmentation,45.6,45.6,26.0,28.4
z_58.5_4.5,2030,2,2030-S2,Augmentation,51.6,51.6,23.2,25.2
z_58.5_6.0,2023,1,2023-S1,Diminution,70.0,7.8,70.0,22.2
z_58.5_6.0,2023,2,2023-S2,Diminution,88.0,0.9,88.0,11.1
z_58.5_6.0,2024,1,2024-S1,Diminution,70.0,7.8,70.0,22.2
z_58.5_6.0,2024,2,2024-S2,Diminution,85.9,2.3,85.9,11.8
z_58.5_6.0,2025,1,2025-S1,Diminution,57.6,16.6,57.6,25.8
z_58.5_6.0,2025,2,2025-S2,Diminution,76.0,4.2,76.0,19.9
z_58.5_6.0,2026,1,2026-S1,Diminution,62.3,11.3,62.3,26.4
z_58.5_6.0,2026,2,2026-S2,Diminution,74.9,8.0,74.9,17.1
z_58.5_6.0,2027,1,2027-S1,Diminution,65.1,11.8,65.1,23.2
z_58.5_6.0,2027,2,2027-S2,Diminution,80.8,4.1,80.8,15.1
z_58.5_6.0,2028,1,2028-S1,Diminution,70.0,7.8,70.0,22.2
z_58.5_6.0,2028,2,2028-S2,Diminution,88.0,0.9,88.0,11.1
z_58.5_6.0,2029,1,2029-S1,Diminution,70.0,7.8,70.0,22.2
z_58.5_6.0,2029,2,2029-S2,Diminution,88.0,0.9,88.0,11.1
z_58.5_6.0,2030,1,2030-S1,Diminution,70.0,7.8,70.0,22.2
z_58.5_6.0,2030,2,2030-S2,Diminution,88.0,0.9,88.0,11.1
z_58.5_9.0,2023,1,2023-S1,Augmentation,51.5,51.5,15.7,32.8
z_58.5_9.0,2023,2,2023-S2,Augmentation,46.9,46.9,14.5,38.6
z_58.5_9.0,2024,1,2024-S1,Augmentation,47.2,47.2,15.7,37.1
z_58.5_9.0,2024,2,2024-S2,Augmentation,59.6,59.6,13.2,27.2
z_58.5_9.0,2025,1,2025-S1,Augmentation,46.7,46.7,17.4,35.9
z_58.5_9.0,2025,2,2025-S2,Stable,40.4,30.7,28.9,40.4
z_58.5_9.0,2026,1,2026-S1,Stable,39.9,26.6,33.5,39.9
z_58.5_9.0,2026,2,2026-S2,Stable,37.6,31.9,30.5,37.6
z_58.5_9.0,2027,1,2027-S1,Augmentation,40.6,40.6,22.1,37.3
z_58.5_9.0,2027,2,2027-S2,Augmentation,41.0,41.0,20.4,38.7
z_58.5_9.0,2028,1,2028-S1,Stable,41.8,35.6,22.6,41.8
z_58.5_9.0,2028,2,2028-S2,Augmentation,42.8,42.8,21.6,35.7
z_58.5_9.0,2029,1,2029-S1,Stable,41.6,38.9,19.5,41.6
z_58.5_9.0,2029,2,2029-S2,Augmentation,43.5,43.5,19.7,36.7
z_58.5_9.0,2030,1,2030-S1,Stable,41.6,38.9,19.6,41.6
z_58.5_9.0,2030,2,2030-S2,Augmentation,43.6,43.6,19.7,36.8
z_60.0_-1.5,2023,1,2023-S1,Diminution,45.0,31.2,45.0,23.8
z_60.0_-1.5,2023,2,2023-S2,Diminution,47.9,27.1,47.9,25.0
z_60.0_-1.5,2024,1,2024-S1,Diminution,52.8,27.0,52.8,20.2
z_60.0_-1.5,2024,2,2024-S2,Diminution,56.3,24.3,56.3,19.4
z_60.0_-1.5,2025,1,2025-S1,Diminution,46.9,34.6,46.9,18.6
z_60.0_-1.5,2025,2,2025-S2,Diminution,55.5,22.7,55.5,21.8
z_60.0_-1.5,2026,1,2026-S1,Diminution,52.1,28.6,52.1,19.2
z_60.0_-1.5,2026,2,2026-S2,Diminution,56.8,21.1,56.8,22.0
z_60.0_-1.5,2027,1,2027-S1,Diminution,50.8,30.3,50.8,18.9
z_60.0_-1.5,2027,2,2027-S2,Diminution,55.4,24.5,55.4,20.1
z_60.0_-1.5,2028,1,2028-S1,Diminution,52.8,27.0,52.8,20.2
z_60.0_-1.5,2028,2,2028-S2,Diminution,56.3,24.3,56.3,19.4
z_60.0_-1.5,2029,1,2029-S1,Diminution,52.8,27.0,52.8,20.2
z_60.0_-1.5,2029,2,2029-S2,Diminution,56.3,24.3,56.3,19.4
z_60.0_-1.5,2030,1,2030-S1,Diminution,52.8,27.0,52.8,20.2
z_60.0_-1.5,2030,2,2030-S2,Diminution,56.3,24.3,56.3,19.4
z_60.0_-31.5,2023,1,2023-S1,Diminution,75.1,3.0,75.1,21.9
z_60.0_-31.5,2023,2,2023-S2,Diminution,62.6,6.4,62.6,31.1
z_60.0_-31.5,2024,1,2024-S1,Diminution,49.7,8.1,49.7,42.2
z_60.0_-31.5,2024,2,2024-S2,Diminution,73.2,3.5,73.2,23.3
z_60.0_-31.5,2025,1,2025-S1,Diminution,70.7,4.6,70.7,24.8
z_60.0_-31.5,2025,2,2025-S2,Diminution,72.1,4.0,72.1,23.8
z_60.0_-31.5,2026,1,2026-S1,Diminution,68.2,3.1,68.2,28.7
z_60.0_-31.5,2026,2,2026-S2,Diminution,75.7,3.1,75.7,21.2
z_60.0_-31.5,2027,1,2027-S1,Diminution,75.1,3.0,75.1,21.9
z_60.0_-31.5,2027,2,2027-S2,Diminution,75.7,3.1,75.7,21.2
z_60.0_-31.5,2028,1,2028-S1,Diminution,75.1,3.0,75.1,21.9
z_60.0_-31.5,2028,2,2028-S2,Diminution,75.7,3.1,75.7,21.2
z_60.0_-31.5,2029,1,2029-S1,Diminution,75.1,3.0,75.1,21.9
z_60.0_-31.5,2029,2,2029-S2,Diminution,75.7,3.1,75.7,21.2
z_60.0_-31.5,2030,1,2030-S1,Diminution,75.1,3.0,75.1,21.9
z_60.0_-31.5,2030,2,2030-S2,Diminution,75.7,3.1,75.7,21.2
z_60.0_-4.5,2023,1,2023-S1,Stable,38.8,28.5,32.7,38.8
z_60.0_-4.5,2023,2,2023-S2,Diminution,66.4,15.8,66.4,17.8
z_60.0_-4.5,2024,1,2024-S1,Stable,35.7,34.4,30.0,35.7
z_60.0_-4.5,2024,2,2024-S2,Diminution,59.6,20.1,59.6,20.3
z_60.0_-4.5,2025,1,2025-S1,Stable,38.3,25.8,35.9,38.3
z_60.0_-4.5,2025,2,2025-S2,Diminution,56.4,18.4,56.4,25.2
z_60.0_-4.5,2026,1,2026-S1,Stable,43.6,27.6,28.8,43.6
z_60.0_-4.5,2026,2,2026-S2,Diminution,63.8,15.1,63.8,21.1
z_60.0_-4.5,2027,1,2027-S1,Stable,40.7,23.8,35.5,40.7
z_60.0_-4.5,2027,2,2027-S2,Diminution,63.7,16.0,63.7,20.3
z_60.0_-4.5,2028,1,2028-S1,Diminution,35.6,29.1,35.6,35.3
z_60.0_-4.5,2028,2,2028-S2,Diminution,66.4,15.8,66.4,17.8
z_60.0_-4.5,2029,1,2029-S1,Diminution,36.1,28.2,36.1,35.6
z_60.0_-4.5,2029,2,2029-S2,Diminution,66.4,15.8,66.4,17.8
z_60.0_-4.5,2030,1,2030-S1,Diminution,36.1,28.2,36.1,35.6
z_60.0_-4.5,2030,2,2030-S2,Diminution,66.4,15.8,66.4,17.8
z_60.0_-6.0,2023,1,2023-S1,Diminution,60.1,5.0,60.1,34.9
z_60.0_-6.0,2023,2,2023-S2,Diminution,76.4,2.4,76.4,21.1
z_60.0_-6.0,2024,1,2024-S1,Diminution,60.1,5.0,60.1,34.9
z_60.0_-6.0,2024,2,2024-S2,Diminution,65.3,6.1,65.3,28.6
z_60.0_-6.0,2025,1,2025-S1,Diminution,47.6,9.4,47.6,42.9
z_60.0_-6.0,2025,2,2025-S2,Diminution,72.7,2.8,72.7,24.5
z_60.0_-6.0,2026,1,2026-S1,Diminution,55.7,7.6,55.7,36.7
z_60.0_-6.0,2026,2,2026-S2,Diminution,73.7,3.4,73.7,22.9
z_60.0_-6.0,2027,1,2027-S1,Diminution,60.7,4.7,60.7,34.6
z_60.0_-6.0,2027,2,2027-S2,Diminution,76.4,2.4,76.4,21.1
z_60.0_-6.0,2028,1,2028-S1,Diminution,60.1,5.0,60.1,34.9
z_60.0_-6.0,2028,2,2028-S2,Diminution,76.4,2.4,76.4,21.1
z_60.0_-6.0,2029,1,2029-S1,Diminution,60.1,5.0,60.1,34.9
z_60.0_-6.0,2029,2,2029-S2,Diminution,76.4,2.4,76.4,21.1
z_60.0_-6.0,2030,1,2030-S1,Diminution,60.1,5.0,60.1,34.9
z_60.0_-6.0,2030,2,2030-S2,Diminution,76.4,2.4,76.4,21.1
z_60.0_-7.5,2023,1,2023-S1,Diminution,57.7,5.0,57.7,37.3
z_60.0_-7.5,2023,2,2023-S2,Diminution,57.1,4.6,57.1,38.2
z_60.0_-7.5,2024,1,2024-S1,Diminution,59.0,4.3,59.0,36.7
z_60.0_-7.5,2024,2,2024-S2,Diminution,59.4,4.9,59.4,35.7
z_60.0_-7.5,2025,1,2025-S1,Diminution,59.0,4.3,59.0,36.7
z_60.0_-7.5,2025,2,2025-S2,Diminution,62.8,7.8,62.8,29.4
z_60.0_-7.5,2026,1,2026-S1,Diminution,51.5,8.5,51.5,40.0
z_60.0_-7.5,2026,2,2026-S2,Diminution,60.0,4.9,60.0,35.1
z_60.0_-7.5,2027,1,2027-S1,Diminution,56.1,7.2,56.1,36.6
z_60.0_-7.5,2027,2,2027-S2,Diminution,62.8,5.1,62.8,32.2
z_60.0_-7.5,2028,1,2028-S1,Diminution,56.4,4.3,56.4,39.3
z_60.0_-7.5,2028,2,2028-S2,Diminution,59.4,4.9,59.4,35.7
z_60.0_-7.5,2029,1,2029-S1,Diminution,59.0,4.3,59.0,36.7
z_60.0_-7.5,2029,2,2029-S2,Diminution,59.4,4.9,59.4,35.7
z_60.0_-7.5,2030,1,2030-S1,Diminution,59.0,4.3,59.0,36.7
z_60.0_-7.5,2030,2,2030-S2,Diminution,59.4,4.9,59.4,35.7
z_60.0_-9.0,2023,1,2023-S1,Diminution,55.1,6.7,55.1,38.2
z_60.0_-9.0,2023,2,2023-S2,Diminution,66.4,5.4,66.4,28.2
z_60.0_-9.0,2024,1,2024-S1,Diminution,48.1,9.8,48.1,42.0
z_60.0_-9.0,2024,2,2024-S2,Diminution,67.5,3.4,67.5,29.1
z_60.0_-9.0,2025,1,2025-S1,Diminution,51.7,10.0,51.7,38.4
z_60.0_-9.0,2025,2,2025-S2,Diminution,68.7,3.9,68.7,27.4
z_60.0_-9.0,2026,1,2026-S1,Diminution,56.7,5.9,56.7,37.3
z_60.0_-9.0,2026,2,2026-S2,Diminution,70.0,3.1,70.0,26.8
z_60.0_-9.0,2027,1,2027-S1,Diminution,55.1,6.7,55.1,38.2
z_60.0_-9.0,2027,2,2027-S2,Diminution,70.0,3.1,70.0,26.8
z_60.0_-9.0,2028,1,2028-S1,Diminution,55.1,6.7,55.1,38.2
z_60.0_-9.0,2028,2,2028-S2,Diminution,70.0,3.1,70.0,26.8
z_60.0_-9.0,2029,1,2029-S1,Diminution,55.1,6.7,55.1,38.2
z_60.0_-9.0,2029,2,2029-S2,Diminution,70.0,3.1,70.0,26.8
z_60.0_-9.0,2030,1,2030-S1,Diminution,55.1,6.7,55.1,38.2
z_60.0_-9.0,2030,2,2030-S2,Diminution,70.0,3.1,70.0,26.8
z_60.0_0.0,2023,1,2023-S1,Stable,44.2,29.7,26.0,44.2
z_60.0_0.0,2023,2,2023-S2,Stable,48.9,23.5,27.6,48.9
z_60.0_0.0,2024,1,2024-S1,Stable,45.0,31.7,23.3,45.0
z_60.0_0.0,2024,2,2024-S2,Stable,40.7,19.1,40.2,40.7
z_60.0_0.0,2025,1,2025-S1,Stable,41.0,20.3,38.7,41.0
z_60.0_0.0,2025,2,2025-S2,Diminution,44.3,12.9,44.3,42.9
z_60.0_0.0,2026,1,2026-S1,Diminution,45.6,22.7,45.6,31.7
z_60.0_0.0,2026,2,2026-S2,Stable,42.6,15.7,41.6,42.6
z_60.0_0.0,2027,1,2027-S1,Diminution,44.0,25.4,44.0,30.7
z_60.0_0.0,2027,2,2027-S2,Diminution,41.6,19.1,41.6,39.3
z_60.0_0.0,2028,1,2028-S1,Diminution,43.5,22.0,43.5,34.5
z_60.0_0.0,2028,2,2028-S2,Diminution,44.1,19.4,44.1,36.5
z_60.0_0.0,2029,1,2029-S1,Diminution,43.5,22.0,43.5,34.5
z_60.0_0.0,2029,2,2029-S2,Diminution,44.1,19.4,44.1,36.5
z_60.0_0.0,2030,1,2030-S1,Diminution,43.5,22.0,43.5,34.5
z_60.0_0.0,2030,2,2030-S2,Diminution,44.1,19.4,44.1,36.5
z_60.0_1.5,2023,1,2023-S1,Stable,45.5,32.0,22.5,45.5
z_60.0_1.5,2023,2,2023-S2,Stable,43.8,16.6,39.6,43.8
z_60.0_1.5,2024,1,2024-S1,Stable,51.7,29.0,19.3,51.7
z_60.0_1.5,2024,2,2024-S2,Stable,40.0,23.9,36.1,40.0
z_60.0_1.5,2025,1,2025-S1,Stable,48.3,32.5,19.2,48.3
z_60.0_1.5,2025,2,2025-S2,Stable,44.0,24.0,32.0,44.0
z_60.0_1.5,2026,1,2026-S1,Stable,47.0,30.1,22.9,47.0
z_60.0_1.5,2026,2,2026-S2,Stable,44.5,24.4,31.1,44.5
z_60.0_1.5,2027,1,2027-S1,Stable,47.8,31.6,20.7,47.8
z_60.0_1.5,2027,2,2027-S2,Stable,40.0,26.1,33.9,40.0
z_60.0_1.5,2028,1,2028-S1,Stable,49.0,29.7,21.3,49.0
z_60.0_1.5,2028,2,2028-S2,Stable,43.7,23.0,33.3,43.7
z_60.0_1.5,2029,1,2029-S1,Stable,46.6,31.9,21.5,46.6
z_60.0_1.5,2029,2,2029-S2,Stable,42.7,22.9,34.4,42.7
z_60.0_1.5,2030,1,2030-S1,Stable,48.9,29.2,21.9,48.9
z_60.0_1.5,2030,2,2030-S2,Stable,42.7,22.9,34.4,42.7
z_60.0_16.5,2023,1,2023-S1,Stable,51.7,20.4,27.8,51.7
z_60.0_16.5,2023,2,2023-S2,Stable,45.2,20.1,34.6,45.2
z_60.0_16.5,2024,1,2024-S1,Stable,52.6,19.4,28.0,52.6
z_60.0_16.5,2024,2,2024-S2,Stable,40.8,30.8,28.4,40.8
z_60.0_16.5,2025,1,2025-S1,Stable,46.8,27.7,25.5,46.8
z_60.0_16.5,2025,2,2025-S2,Stable,40.5,22.3,37.2,40.5
z_60.0_16.5,2026,1,2026-S1,Stable,55.1,14.4,30.5,55.1
z_60.0_16.5,2026,2,2026-S2,Stable,44.4,18.5,37.1,44.4
z_60.0_16.5,2027,1,2027-S1,Stable,55.1,20.2,24.7,55.1
z_60.0_16.5,2027,2,2027-S2,Diminution,42.0,18.5,42.0,39.5
z_60.0_16.5,2028,1,2028-S1,Stable,55.2,18.6,26.3,55.2
z_60.0_16.5,2028,2,2028-S2,Diminution,43.5,15.4,43.5,41.1
z_60.0_16.5,2029,1,2029-S1,Stable,53.9,19.9,26.1,53.9
z_60.0_16.5,2029,2,2029-S2,Diminution,41.9,17.8,41.9,40.3
z_60.0_16.5,2030,1,2030-S1,Stable,53.9,19.9,26.1,53.9
z_60.0_16.5,2030,2,2030-S2,Diminution,41.9,17.8,41.9,40.3
z_60.0_18.0,2023,1,2023-S1,Stable,51.2,30.7,18.1,51.2
z_60.0_18.0,2023,2,2023-S2,Stable,51.8,27.2,21.0,51.8
z_60.0_18.0,2024,1,2024-S1,Stable,44.1,35.5,20.3,44.1
z_60.0_18.0,2024,2,2024-S2,Stable,49.8,27.1,23.1,49.8
z_60.0_18.0,2025,1,2025-S1,Stable,45.7,24.7,29.6,45.7
z_60.0_18.0,2025,2,2025-S2,Stable,50.8,19.6,29.6,50.8
z_60.0_18.0,2026,1,2026-S1,Stable,37.9,27.7,34.4,37.9
z_60.0_18.0,2026,2,2026-S2,Stable,44.6,24.3,31.2,44.6
z_60.0_18.0,2027,1,2027-S1,Stable,38.7,24.4,37.0,38.7
z_60.0_18.0,2027,2,2027-S2,Stable,38.3,24.0,37.8,38.3
z_60.0_18.0,2028,1,2028-S1,Stable,38.7,24.4,37.0,38.7
z_60.0_18.0,2028,2,2028-S2,Stable,38.3,24.0,37.8,38.3
z_60.0_18.0,2029,1,2029-S1,Stable,38.7,24.4,37.0,38.7
z_60.0_18.0,2029,2,2029-S2,Stable,38.3,24.0,37.8,38.3
z_60.0_18.0,2030,1,2030-S1,Stable,38.7,24.4,37.0,38.7
z_60.0_18.0,2030,2,2030-S2,Stable,38.3,24.0,37.8,38.3
z_60.0_19.5,2023,1,2023-S1,Stable,40.7,32.3,27.1,40.7
z_60.0_19.5,2023,2,2023-S2,Stable,51.9,23.3,24.8,51.9
z_60.0_19.5,2024,1,2024-S1,Stable,38.5,23.0,38.5,38.5
z_60.0_19.5,2024,2,2024-S2,Diminution,38.0,24.6,38.0,37.4
z_60.0_19.5,2025,1,2025-S1,Stable,39.9,21.9,38.3,39.9
z_60.0_19.5,2025,2,2025-S2,Diminution,46.4,14.5,46.4,39.1
z_60.0_19.5,2026,1,2026-S1,Stable,42.3,15.9,41.9,42.3
z_60.0_19.5,2026,2,2026-S2,Diminution,48.2,18.5,48.2,33.3
z_60.0_19.5,2027,1,2027-S1,Diminution,39.1,24.6,39.1,36.3
z_60.0_19.5,2027,2,2027-S2,Diminution,43.5,17.1,43.5,39.3
z_60.0_19.5,2028,1,2028-S1,Diminution,42.8,21.6,42.8,35.6
z_60.0_19.5,2028,2,2028-S2,Diminution,47.3,17.9,47.3,34.8
z_60.0_19.5,2029,1,2029-S1,Diminution,42.8,21.6,42.8,35.6
z_60.0_19.5,2029,2,2029-S2,Diminution,47.3,17.9,47.3,34.8
z_60.0_19.5,2030,1,2030-S1,Diminution,42.8,21.6,42.8,35.6
z_60.0_19.5,2030,2,2030-S2,Diminution,47.3,17.9,47.3,34.8
z_60.0_21.0,2023,1,2023-S1,Stable,46.4,24.0,29.6,46.4
z_60.0_21.0,2023,2,2023-S2,Augmentation,47.1,47.1,18.4,34.5
z_60.0_21.0,2024,1,2024-S1,Stable,43.3,39.0,17.6,43.3
z_60.0_21.0,2024,2,2024-S2,Augmentation,50.2,50.2,20.7,29.2
z_60.0_21.0,2025,1,2025-S1,Augmentation,66.6,66.6,10.6,22.8
z_60.0_21.0,2025,2,2025-S2,Augmentation,51.4,51.4,19.2,29.3
z_60.0_21.0,2026,1,2026-S1,Augmentation,39.4,39.4,28.3,32.2
z_60.0_21.0,2026,2,2026-S2,Augmentation,50.6,50.6,26.0,23.4
z_60.0_21.0,2027,1,2027-S1,Augmentation,49.8,49.8,17.5,32.8
z_60.0_21.0,2027,2,2027-S2,Augmentation,51.8,51.8,17.8,30.4
z_60.0_21.0,2028,1,2028-S1,Augmentation,56.0,56.0,17.8,26.2
z_60.0_21.0,2028,2,2028-S2,Augmentation,56.5,56.5,19.5,23.9
z_60.0_21.0,2029,1,2029-S1,Augmentation,57.5,57.5,16.7,25.8
z_60.0_21.0,2029,2,2029-S2,Augmentation,59.0,59.0,16.2,24.8
z_60.0_21.0,2030,1,2030-S1,Augmentation,57.9,57.9,16.6,25.5
z_60.0_21.0,2030,2,2030-S2,Augmentation,61.4,61.4,15.7,22.8
z_60.0_24.0,2023,1,2023-S1,Stable,35.9,34.0,30.2,35.9
z_60.0_24.0,2023,2,2023-S2,Diminution,44.5,12.6,44.5,43.0
z_60.0_24.0,2024,1,2024-S1,Diminution,50.7,17.9,50.7,31.4
z_60.0_24.0,2024,2,2024-S2,Stable,43.8,18.3,37.9,43.8
z_60.0_24.0,2025,1,2025-S1,Stable,38.0,24.1,37.9,38.0
z_60.0_24.0,2025,2,2025-S2,Stable,38.7,23.7,37.7,38.7
z_60.0_24.0,2026,1,2026-S1,Diminution,34.2,32.2,34.2,33.5
z_60.0_24.0,2026,2,2026-S2,Stable,47.2,23.7,29.0,47.2
z_60.0_24.0,2027,1,2027-S1,Stable,44.6,21.0,34.4,44.6
z_60.0_24.0,2027,2,2027-S2,Stable,44.3,25.9,29.9,44.3
z_60.0_24.0,2028,1,2028-S1,Stable,41.6,21.9,36.5,41.6
z_60.0_24.0,2028,2,2028-S2,Stable,45.3,26.9,27.9,45.3
z_60.0_24.0,2029,1,2029-S1,Stable,38.7,24.9,36.4,38.7
z_60.0_24.0,2029,2,2029-S2,Stable,50.6,22.1,27.3,50.6
z_60.0_24.0,2030,1,2030-S1,Stable,39.4,24.9,35.7,39.4
z_60.0_24.0,2030,2,2030-S2,Stable,48.3,23.5,28.2,48.3
z_60.0_25.5,2023,1,2023-S1,Stable,53.1,17.5,29.5,53.1
z_60.0_25.5,2023,2,2023-S2,Stable,52.9,22.9,24.1,52.9
z_60.0_25.5,2024,1,2024-S1,Stable,51.6,22.3,26.1,51.6
z_60.0_25.5,2024,2,2024-S2,Stable,46.6,28.4,25.0,46.6
z_60.0_25.5,2025,1,2025-S1,Stable,47.9,35.4,16.6,47.9
z_60.0_25.5,2025,2,2025-S2,Augmentation,43.1,43.1,16.5,40.5
z_60.0_25.5,2026,1,2026-S1,Augmentation,37.9,37.9,24.7,37.3
z_60.0_25.5,2026,2,2026-S2,Augmentation,44.8,44.8,23.2,32.0
z_60.0_25.5,2027,1,2027-S1,Augmentation,38.3,38.3,24.3,37.3
z_60.0_25.5,2027,2,2027-S2,Augmentation,41.6,41.6,23.7,34.7
z_60.0_25.5,2028,1,2028-S1,Stable,38.5,37.3,24.2,38.5
z_60.0_25.5,2028,2,2028-S2,Augmentation,39.5,39.5,23.7,36.7
z_60.0_25.5,2029,1,2029-S1,Stable,38.4,37.4,24.2,38.4
z_60.0_25.5,2029,2,2029-S2,Augmentation,39.5,39.5,23.9,36.6
z_60.0_25.5,2030,1,2030-S1,Stable,38.4,37.4,24.2,38.4
z_60.0_25.5,2030,2,2030-S2,Augmentation,41.0,41.0,22.3,36.6
z_60.0_27.0,2023,1,2023-S1,Diminution,40.8,27.9,40.8,31.3
z_60.0_27.0,2023,2,2023-S2,Diminution,48.9,26.4,48.9,24.8
z_60.0_27.0,2024,1,2024-S1,Stable,38.6,26.3,35.0,38.6
z_60.0_27.0,2024,2,2024-S2,Diminution,53.6,25.6,53.6,20.8
z_60.0_27.0,2025,1,2025-S1,Diminution,39.9,23.7,39.9,36.4
z_60.0_27.0,2025,2,2025-S2,Diminution,52.2,28.9,52.2,18.9
z_60.0_27.0,2026,1,2026-S1,Diminution,39.3,28.1,39.3,32.6
z_60.0_27.0,2026,2,2026-S2,Diminution,55.4,25.0,55.4,19.6
z_60.0_27.0,2027,1,2027-S1,Diminution,40.8,27.9,40.8,31.3
z_60.0_27.0,2027,2,2027-S2,Diminution,55.4,25.0,55.4,19.6
z_60.0_27.0,2028,1,2028-S1,Diminution,40.8,27.9,40.8,31.3
z_60.0_27.0,2028,2,2028-S2,Diminution,55.4,25.0,55.4,19.6
z_60.0_27.0,2029,1,2029-S1,Diminution,40.8,27.9,40.8,31.3
z_60.0_27.0,2029,2,2029-S2,Diminution,55.4,25.0,55.4,19.6
z_60.0_27.0,2030,1,2030-S1,Diminution,40.8,27.9,40.8,31.3
z_60.0_27.0,2030,2,2030-S2,Diminution,55.4,25.0,55.4,19.6
z_60.0_28.5,2023,1,2023-S1,Stable,39.0,22.0,39.0,39.0
z_60.0_28.5,2023,2,2023-S2,Stable,49.1,21.5,29.3,49.1
z_60.0_28.5,2024,1,2024-S1,Stable,47.3,16.4,36.3,47.3
z_60.0_28.5,2024,2,2024-S2,Stable,50.7,18.2,31.2,50.7
z_60.0_28.5,2025,1,2025-S1,Stable,39.0,22.0,39.0,39.0
z_60.0_28.5,2025,2,2025-S2,Stable,49.1,21.5,29.3,49.1
z_60.0_28.5,2026,1,2026-S1,Stable,47.3,16.4,36.3,47.3
z_60.0_28.5,2026,2,2026-S2,Stable,50.7,18.2,31.2,50.7
z_60.0_28.5,2027,1,2027-S1,Stable,44.4,17.6,38.0,44.4
z_60.0_28.5,2027,2,2027-S2,Stable,45.8,21.2,33.0,45.8
z_60.0_28.5,2028,1,2028-S1,Stable,45.1,16.5,38.4,45.1
z_60.0_28.5,2028,2,2028-S2,Stable,45.6,21.4,33.0,45.6
z_60.0_28.5,2029,1,2029-S1,Stable,45.1,16.5,38.4,45.1
z_60.0_28.5,2029,2,2029-S2,Stable,45.6,21.4,33.0,45.6
z_60.0_28.5,2030,1,2030-S1,Stable,45.1,16.5,38.4,45.1
z_60.0_28.5,2030,2,2030-S2,Stable,45.6,21.4,33.0,45.6
z_60.0_3.0,2023,1,2023-S1,Stable,43.2,19.3,37.5,43.2
z_60.0_3.0,2023,2,2023-S2,Diminution,50.4,16.0,50.4,33.6
z_60.0_3.0,2024,1,2024-S1,Stable,49.2,21.5,29.3,49.2
z_60.0_3.0,2024,2,2024-S2,Diminution,43.0,19.4,43.0,37.7
z_60.0_3.0,2025,1,2025-S1,Stable,48.7,28.4,22.8,48.7
z_60.0_3.0,2025,2,2025-S2,Diminution,44.4,18.9,44.4,36.7
z_60.0_3.0,2026,1,2026-S1,Stable,44.9,33.8,21.3,44.9
z_60.0_3.0,2026,2,2026-S2,Diminution,44.8,17.2,44.8,38.1
z_60.0_3.0,2027,1,2027-S1,Stable,44.0,32.1,24.0,44.0
z_60.0_3.0,2027,2,2027-S2,Diminution,45.2,15.4,45.2,39.4
z_60.0_3.0,2028,1,2028-S1,Stable,45.7,30.5,23.8,45.7
z_60.0_3.0,2028,2,2028-S2,Diminution,46.7,17.7,46.7,35.5
z_60.0_3.0,2029,1,2029-S1,Stable,47.5,27.9,24.6,47.5
z_60.0_3.0,2029,2,2029-S2,Diminution,46.7,17.7,46.7,35.5
z_60.0_3.0,2030,1,2030-S1,Stable,47.5,27.9,24.6,47.5
z_60.0_3.0,2030,2,2030-S2,Diminution,46.7,17.7,46.7,35.5
z_60.0_4.5,2023,1,2023-S1,Augmentation,46.8,46.8,27.2,26.0
z_60.0_4.5,2023,2,2023-S2,Augmentation,46.8,46.8,28.0,25.2
z_60.0_4.5,2024,1,2024-S1,Augmentation,41.5,41.5,32.2,26.3
z_60.0_4.5,2024,2,2024-S2,Augmentation,52.5,52.5,24.0,23.5
z_60.0_4.5,2025,1,2025-S1,Augmentation,66.5,66.5,11.5,22.0
z_60.0_4.5,2025,2,2025-S2,Augmentation,69.9,69.9,11.8,18.3
z_60.0_4.5,2026,1,2026-S1,Augmentation,57.9,57.9,15.8,26.3
z_60.0_4.5,2026,2,2026-S2,Augmentation,59.5,59.5,16.7,23.8
z_60.0_4.5,2027,1,2027-S1,Augmentation,55.2,55.2,16.9,27.9
z_60.0_4.5,2027,2,2027-S2,Augmentation,65.1,65.1,15.2,19.8
z_60.0_4.5,2028,1,2028-S1,Augmentation,68.4,68.4,13.2,18.4
z_60.0_4.5,2028,2,2028-S2,Augmentation,69.7,69.7,13.1,17.2
z_60.0_4.5,2029,1,2029-S1,Augmentation,70.1,70.1,12.9,17.1
z_60.0_4.5,2029,2,2029-S2,Augmentation,73.0,73.0,11.3,15.7
z_60.0_4.5,2030,1,2030-S1,Augmentation,73.0,73.0,11.7,15.3
z_60.0_4.5,2030,2,2030-S2,Augmentation,74.1,74.1,10.8,15.1
z_60.0_6.0,2023,1,2023-S1,Diminution,44.5,16.4,44.5,39.1
z_60.0_6.0,2023,2,2023-S2,Stable,58.7,10.0,31.3,58.7
z_60.0_6.0,2024,1,2024-S1,Diminution,41.3,21.2,41.3,37.5
z_60.0_6.0,2024,2,2024-S2,Stable,54.9,22.5,22.6,54.9
z_60.0_6.0,2025,1,2025-S1,Stable,42.9,18.0,39.2,42.9
z_60.0_6.0,2025,2,2025-S2,Stable,47.1,13.1,39.8,47.1
z_60.0_6.0,2026,1,2026-S1,Diminution,51.7,15.9,51.7,32.3
z_60.0_6.0,2026,2,2026-S2,Stable,46.0,15.1,39.0,46.0
z_60.0_6.0,2027,1,2027-S1,Diminution,48.5,25.3,48.5,26.2
z_60.0_6.0,2027,2,2027-S2,Stable,50.4,13.0,36.6,50.4
z_60.0_6.0,2028,1,2028-S1,Diminution,49.3,19.0,49.3,31.7
z_60.0_6.0,2028,2,2028-S2,Stable,44.5,17.4,38.1,44.5
z_60.0_6.0,2029,1,2029-S1,Diminution,55.3,16.6,55.3,28.2
z_60.0_6.0,2029,2,2029-S2,Diminution,43.5,15.2,43.5,41.3
z_60.0_6.0,2030,1,2030-S1,Diminution,55.3,16.6,55.3,28.2
z_60.0_6.0,2030,2,2030-S2,Diminution,43.5,15.2,43.5,41.3
z_61.5_-1.5,2023,1,2023-S1,Diminution,67.1,4.5,67.1,28.3
z_61.5_-1.5,2023,2,2023-S2,Diminution,66.1,7.2,66.1,26.8
z_61.5_-1.5,2024,1,2024-S1,Stable,48.7,7.7,43.6,48.7
z_61.5_-1.5,2024,2,2024-S2,Diminution,65.3,2.6,65.3,32.1
z_61.5_-1.5,2025,1,2025-S1,Diminution,67.1,4.5,67.1,28.3
z_61.5_-1.5,2025,2,2025-S2,Diminution,68.7,3.8,68.7,27.5
z_61.5_-1.5,2026,1,2026-S1,Diminution,65.6,2.1,65.6,32.3
z_61.5_-1.5,2026,2,2026-S2,Diminution,71.8,2.4,71.8,25.8
z_61.5_-1.5,2027,1,2027-S1,Diminution,72.9,1.9,72.9,25.2
z_61.5_-1.5,2027,2,2027-S2,Diminution,71.8,2.4,71.8,25.8
z_61.5_-1.5,2028,1,2028-S1,Diminution,72.9,1.9,72.9,25.2
z_61.5_-1.5,2028,2,2028-S2,Diminution,71.8,2.4,71.8,25.8
z_61.5_-1.5,2029,1,2029-S1,Diminution,72.9,1.9,72.9,25.2
z_61.5_-1.5,2029,2,2029-S2,Diminution,71.8,2.4,71.8,25.8
z_61.5_-1.5,2030,1,2030-S1,Diminution,72.9,1.9,72.9,25.2
z_61.5_-1.5,2030,2,2030-S2,Diminution,71.8,2.4,71.8,25.8
z_61.5_-7.5,2023,1,2023-S1,Diminution,44.1,21.2,44.1,34.7
z_61.5_-7.5,2023,2,2023-S2,Stable,43.5,27.5,29.0,43.5
z_61.5_-7.5,2024,1,2024-S1,Stable,43.1,21.7,35.2,43.1
z_61.5_-7.5,2024,2,2024-S2,Diminution,40.4,22.0,40.4,37.6
z_61.5_-7.5,2025,1,2025-S1,Diminution,42.2,19.4,42.2,38.3
z_61.5_-7.5,2025,2,2025-S2,Diminution,38.0,27.5,38.0,34.6
z_61.5_-7.5,2026,1,2026-S1,Stable,42.5,22.2,35.3,42.5
z_61.5_-7.5,2026,2,2026-S2,Stable,43.0,23.0,34.0,43.0
z_61.5_-7.5,2027,1,2027-S1,Diminution,44.5,19.2,44.5,36.3
z_61.5_-7.5,2027,2,2027-S2,Stable,40.0,21.3,38.7,40.0
z_61.5_-7.5,2028,1,2028-S1,Diminution,44.1,21.2,44.1,34.7
z_61.5_-7.5,2028,2,2028-S2,Diminution,38.2,24.2,38.2,37.6
z_61.5_-7.5,2029,1,2029-S1,Diminution,44.9,20.5,44.9,34.6
z_61.5_-7.5,2029,2,2029-S2,Diminution,39.8,24.8,39.8,35.5
z_61.5_-7.5,2030,1,2030-S1,Diminution,44.9,20.5,44.9,34.6
z_61.5_-7.5,2030,2,2030-S2,Diminution,39.8,24.8,39.8,35.5
z_61.5_0.0,2023,1,2023-S1,Diminution,47.4,15.6,47.4,36.9
z_61.5_0.0,2023,2,2023-S2,Diminution,68.7,2.6,68.7,28.7
z_61.5_0.0,2024,1,2024-S1,Diminution,48.3,13.3,48.3,38.3
z_61.5_0.0,2024,2,2024-S2,Diminution,66.3,8.1,66.3,25.6
z_61.5_0.0,2025,1,2025-S1,Stable,50.6,20.0,29.4,50.6
z_61.5_0.0,2025,2,2025-S2,Diminution,50.1,12.7,50.1,37.2
z_61.5_0.0,2026,1,2026-S1,Stable,49.0,15.2,35.8,49.0
z_61.5_0.0,2026,2,2026-S2,Diminution,50.8,17.5,50.8,31.7
z_61.5_0.0,2027,1,2027-S1,Stable,53.4,19.4,27.1,53.4
z_61.5_0.0,2027,2,2027-S2,Diminution,46.4,19.9,46.4,33.7
z_61.5_0.0,2028,1,2028-S1,Stable,43.9,20.6,35.5,43.9
z_61.5_0.0,2028,2,2028-S2,Diminution,47.3,19.0,47.3,33.7
z_61.5_0.0,2029,1,2029-S1,Stable,43.8,17.5,38.7,43.8
z_61.5_0.0,2029,2,2029-S2,Diminution,46.4,20.4,46.4,33.3
z_61.5_0.0,2030,1,2030-S1,Stable,48.2,19.1,32.8,48.2
z_61.5_0.0,2030,2,2030-S2,Diminution,46.4,20.4,46.4,33.3
z_61.5_1.5,2023,1,2023-S1,Diminution,51.3,13.6,51.3,35.2
z_61.5_1.5,2023,2,2023-S2,Diminution,63.4,4.1,63.4,32.5
z_61.5_1.5,2024,1,2024-S1,Diminution,47.1,21.2,47.1,31.7
z_61.5_1.5,2024,2,2024-S2,Diminution,53.4,9.0,53.4,37.6
z_61.5_1.5,2025,1,2025-S1,Diminution,52.2,13.7,52.2,34.1
z_61.5_1.5,2025,2,2025-S2,Diminution,60.1,8.2,60.1,31.7
z_61.5_1.5,2026,1,2026-S1,Diminution,49.5,16.0,49.5,34.5
z_61.5_1.5,2026,2,2026-S2,Diminution,60.5,4.8,60.5,34.7
z_61.5_1.5,2027,1,2027-S1,Diminution,51.4,12.4,51.4,36.2
z_61.5_1.5,2027,2,2027-S2,Diminution,66.6,4.5,66.6,28.9
z_61.5_1.5,2028,1,2028-S1,Diminution,47.8,12.1,47.8,40.0
z_61.5_1.5,2028,2,2028-S2,Diminution,63.4,4.1,63.4,32.5
z_61.5_1.5,2029,1,2029-S1,Diminution,51.3,13.6,51.3,35.2
z_61.5_1.5,2029,2,2029-S2,Diminution,63.4,4.1,63.4,32.5
z_61.5_1.5,2030,1,2030-S1,Diminution,51.3,13.6,51.3,35.2
z_61.5_1.5,2030,2,2030-S2,Diminution,63.4,4.1,63.4,32.5
z_61.5_16.5,2023,1,2023-S1,Diminution,49.3,21.8,49.3,28.9
z_61.5_16.5,2023,2,2023-S2,Stable,43.6,20.1,36.3,43.6
z_61.5_16.5,2024,1,2024-S1,Diminution,62.1,13.1,62.1,24.7
z_61.5_16.5,2024,2,2024-S2,Stable,55.1,18.3,26.6,55.1
z_61.5_16.5,2025,1,2025-S1,Diminution,45.0,20.4,45.0,34.6
z_61.5_16.5,2025,2,2025-S2,Stable,43.6,27.0,29.4,43.6
z_61.5_16.5,2026,1,2026-S1,Diminution,50.4,12.5,50.4,37.1
z_61.5_16.5,2026,2,2026-S2,Stable,50.9,17.0,32.1,50.9
z_61.5_16.5,2027,1,2027-S1,Stable,39.5,24.2,36.3,39.5
z_61.5_16.5,2027,2,2027-S2,Stable,52.1,17.3,30.6,52.1
z_61.5_16.5,2028,1,2028-S1,Diminution,41.8,21.6,41.8,36.6
z_61.5_16.5,2028,2,2028-S2,Stable,54.5,10.1,35.5,54.5
z_61.5_16.5,2029,1,2029-S1,Diminution,49.7,16.5,49.7,33.8
z_61.5_16.5,2029,2,2029-S2,Stable,55.4,13.7,30.9,55.4
z_61.5_16.5,2030,1,2030-S1,Diminution,42.5,20.6,42.5,36.8
z_61.5_16.5,2030,2,2030-S2,Stable,55.3,13.7,31.0,55.3
z_61.5_18.0,2023,1,2023-S1,Stable,50.5,22.0,27.4,50.5
z_61.5_18.0,2023,2,2023-S2,Diminution,41.9,21.5,41.9,36.6
z_61.5_18.0,2024,1,2024-S1,Stable,52.1,20.1,27.8,52.1
z_61.5_18.0,2024,2,2024-S2,Diminution,53.4,13.6,53.4,33.0
z_61.5_18.0,2025,1,2025-S1,Stable,52.1,20.1,27.8,52.1
z_61.5_18.0,2025,2,2025-S2,Diminution,48.9,18.7,48.9,32.4
z_61.5_18.0,2026,1,2026-S1,Stable,52.5,24.3,23.3,52.5
z_61.5_18.0,2026,2,2026-S2,Diminution,51.3,14.0,51.3,34.7
z_61.5_18.0,2027,1,2027-S1,Stable,52.0,20.4,27.6,52.0
z_61.5_18.0,2027,2,2027-S2,Diminution,52.4,12.4,52.4,35.1
z_61.5_18.0,2028,1,2028-S1,Stable,49.8,25.1,25.1,49.8
z_61.5_18.0,2028,2,2028-S2,Diminution,51.4,13.8,51.4,34.8
z_61.5_18.0,2029,1,2029-S1,Stable,51.8,22.1,26.1,51.8
z_61.5_18.0,2029,2,2029-S2,Diminution,49.8,14.1,49.8,36.1
z_61.5_18.0,2030,1,2030-S1,Stable,48.0,19.0,33.0,48.0
z_61.5_18.0,2030,2,2030-S2,Diminution,49.8,14.1,49.8,36.1
z_61.5_19.5,2023,1,2023-S1,Diminution,68.2,4.2,68.2,27.6
z_61.5_19.5,2023,2,2023-S2,Diminution,69.6,7.7,69.6,22.7
z_61.5_19.5,2024,1,2024-S1,Diminution,54.9,16.7,54.9,28.4
z_61.5_19.5,2024,2,2024-S2,Diminution,50.8,16.4,50.8,32.8
z_61.5_19.5,2025,1,2025-S1,Diminution,58.3,11.2,58.3,30.5
z_61.5_19.5,2025,2,2025-S2,Diminution,52.0,15.6,52.0,32.4
z_61.5_19.5,2026,1,2026-S1,Diminution,41.7,19.2,41.7,39.1
z_61.5_19.5,2026,2,2026-S2,Diminution,47.9,17.6,47.9,34.5
z_61.5_19.5,2027,1,2027-S1,Diminution,51.2,15.9,51.2,33.0
z_61.5_19.5,2027,2,2027-S2,Diminution,46.7,20.0,46.7,33.2
z_61.5_19.5,2028,1,2028-S1,Diminution,46.7,19.7,46.7,33.5
z_61.5_19.5,2028,2,2028-S2,Diminution,51.0,15.8,51.0,33.2
z_61.5_19.5,2029,1,2029-S1,Diminution,45.6,20.1,45.6,34.3
z_61.5_19.5,2029,2,2029-S2,Diminution,46.3,19.6,46.3,34.0
z_61.5_19.5,2030,1,2030-S1,Diminution,45.6,20.1,45.6,34.3
z_61.5_19.5,2030,2,2030-S2,Diminution,46.3,19.6,46.3,34.0
z_61.5_21.0,2023,1,2023-S1,Stable,54.3,13.4,32.4,54.3
z_61.5_21.0,2023,2,2023-S2,Diminution,51.2,18.0,51.2,30.9
z_61.5_21.0,2024,1,2024-S1,Stable,48.7,29.9,21.4,48.7
z_61.5_21.0,2024,2,2024-S2,Diminution,76.5,9.1,76.5,14.4
z_61.5_21.0,2025,1,2025-S1,Stable,43.3,23.0,33.7,43.3
z_61.5_21.0,2025,2,2025-S2,Diminution,63.3,9.4,63.3,27.3
z_61.5_21.0,2026,1,2026-S1,Diminution,45.0,13.6,45.0,41.4
z_61.5_21.0,2026,2,2026-S2,Diminution,65.2,8.6,65.2,26.1
z_61.5_21.0,2027,1,2027-S1,Stable,46.3,14.1,39.5,46.3
z_61.5_21.0,2027,2,2027-S2,Diminution,75.2,9.1,75.2,15.7
z_61.5_21.0,2028,1,2028-S1,Diminution,41.7,18.3,41.7,40.0
z_61.5_21.0,2028,2,2028-S2,Diminution,83.5,1.5,83.5,14.9
z_61.5_21.0,2029,1,2029-S1,Diminution,43.8,16.8,43.8,39.4
z_61.5_21.0,2029,2,2029-S2,Diminution,83.5,1.5,83.5,14.9
z_61.5_21.0,2030,1,2030-S1,Diminution,43.8,16.8,43.8,39.4
z_61.5_21.0,2030,2,2030-S2,Diminution,83.5,1.5,83.5,14.9
z_61.5_3.0,2023,1,2023-S1,Diminution,54.6,12.6,54.6,32.8
z_61.5_3.0,2023,2,2023-S2,Diminution,62.1,7.3,62.1,30.6
z_61.5_3.0,2024,1,2024-S1,Diminution,44.0,26.2,44.0,29.7
z_61.5_3.0,2024,2,2024-S2,Diminution,42.3,17.7,42.3,40.0
z_61.5_3.0,2025,1,2025-S1,Diminution,48.9,16.7,48.9,34.4
z_61.5_3.0,2025,2,2025-S2,Diminution,47.3,16.5,47.3,36.1
z_61.5_3.0,2026,1,2026-S1,Stable,40.7,20.5,38.8,40.7
z_61.5_3.0,2026,2,2026-S2,Stable,39.4,27.3,33.3,39.4
z_61.5_3.0,2027,1,2027-S1,Diminution,39.6,21.0,39.6,39.4
z_61.5_3.0,2027,2,2027-S2,Stable,41.1,23.5,35.3,41.1
z_61.5_3.0,2028,1,2028-S1,Diminution,39.9,20.6,39.9,39.5
z_61.5_3.0,2028,2,2028-S2,Stable,40.6,24.6,34.8,40.6
z_61.5_3.0,2029,1,2029-S1,Stable,40.4,19.8,39.8,40.4
z_61.5_3.0,2029,2,2029-S2,Stable,40.2,23.7,36.1,40.2
z_61.5_3.0,2030,1,2030-S1,Stable,40.2,24.7,35.0,40.2
z_61.5_3.0,2030,2,2030-S2,Stable,40.2,23.7,36.1,40.2
z_61.5_4.5,2023,1,2023-S1,Augmentation,66.3,66.3,10.8,22.9
z_61.5_4.5,2023,2,2023-S2,Augmentation,71.6,71.6,9.9,18.5
z_61.5_4.5,2024,1,2024-S1,Augmentation,59.7,59.7,14.9,25.3
z_61.5_4.5,2024,2,2024-S2,Augmentation,64.4,64.4,15.8,19.8
z_61.5_4.5,2025,1,2025-S1,Augmentation,56.1,56.1,17.2,26.7
z_61.5_4.5,2025,2,2025-S2,Augmentation,59.0,59.0,16.8,24.2
z_61.5_4.5,2026,1,2026-S1,Augmentation,53.5,53.5,16.2,30.4
z_61.5_4.5,2026,2,2026-S2,Augmentation,62.5,62.5,17.4,20.1
z_61.5_4.5,2027,1,2027-S1,Augmentation,62.7,62.7,15.8,21.5
z_61.5_4.5,2027,2,2027-S2,Augmentation,60.1,60.1,15.7,24.2
z_61.5_4.5,2028,1,2028-S1,Augmentation,61.2,61.2,16.0,22.8
z_61.5_4.5,2028,2,2028-S2,Augmentation,65.0,65.0,14.9,20.1
z_61.5_4.5,2029,1,2029-S1,Augmentation,61.7,61.7,14.6,23.7
z_61.5_4.5,2029,2,2029-S2,Augmentation,64.0,64.0,15.5,20.4
z_61.5_4.5,2030,1,2030-S1,Augmentation,61.7,61.7,14.7,23.7
z_61.5_4.5,2030,2,2030-S2,Augmentation,66.1,66.1,15.6,18.4
z_61.5_6.0,2023,1,2023-S1,Augmentation,49.8,49.8,24.8,25.4
z_61.5_6.0,2023,2,2023-S2,Augmentation,63.3,63.3,18.8,17.8
z_61.5_6.0,2024,1,2024-S1,Augmentation,50.7,50.7,22.3,27.1
z_61.5_6.0,2024,2,2024-S2,Augmentation,55.3,55.3,24.2,20.5
z_61.5_6.0,2025,1,2025-S1,Augmentation,52.3,52.3,24.7,23.0
z_61.5_6.0,2025,2,2025-S2,Augmentation,61.7,61.7,16.0,22.3
z_61.5_6.0,2026,1,2026-S1,Augmentation,55.1,55.1,18.7,26.1
z_61.5_6.0,2026,2,2026-S2,Augmentation,65.2,65.2,15.4,19.4
z_61.5_6.0,2027,1,2027-S1,Augmentation,56.2,56.2,21.2,22.6
z_61.5_6.0,2027,2,2027-S2,Augmentation,68.2,68.2,14.8,17.0
z_61.5_6.0,2028,1,2028-S1,Augmentation,56.0,56.0,17.8,26.2
z_61.5_6.0,2028,2,2028-S2,Augmentation,65.1,65.1,15.6,19.3
z_61.5_6.0,2029,1,2029-S1,Augmentation,56.3,56.3,16.9,26.8
z_61.5_6.0,2029,2,2029-S2,Augmentation,66.4,66.4,14.2,19.3
z_61.5_6.0,2030,1,2030-S1,Augmentation,55.2,55.2,18.4,26.4
z_61.5_6.0,2030,2,2030-S2,Augmentation,64.1,64.1,15.1,20.9
z_63.0_-13.5,2023,1,2023-S1,Diminution,56.6,11.5,56.6,31.9
z_63.0_-13.5,2023,2,2023-S2,Diminution,70.0,10.8,70.0,19.1
z_63.0_-13.5,2024,1,2024-S1,Diminution,56.0,13.2,56.0,30.8
z_63.0_-13.5,2024,2,2024-S2,Diminution,63.9,17.7,63.9,18.4
z_63.0_-13.5,2025,1,2025-S1,Diminution,48.9,16.7,48.9,34.4
z_63.0_-13.5,2025,2,2025-S2,Diminution,69.4,11.8,69.4,18.7
z_63.0_-13.5,2026,1,2026-S1,Diminution,52.4,11.7,52.4,35.8
z_63.0_-13.5,2026,2,2026-S2,Diminution,70.1,10.7,70.1,19.2
z_63.0_-13.5,2027,1,2027-S1,Diminution,56.6,11.5,56.6,31.9
z_63.0_-13.5,2027,2,2027-S2,Diminution,70.0,10.8,70.0,19.1
z_63.0_-13.5,2028,1,2028-S1,Diminution,56.0,13.2,56.0,30.8
z_63.0_-13.5,2028,2,2028-S2,Diminution,70.0,10.8,70.0,19.1
z_63.0_-13.5,2029,1,2029-S1,Diminution,56.0,13.2,56.0,30.8
z_63.0_-13.5,2029,2,2029-S2,Diminution,70.0,10.8,70.0,19.1
z_63.0_-13.5,2030,1,2030-S1,Diminution,56.0,13.2,56.0,30.8
z_63.0_-13.5,2030,2,2030-S2,Diminution,70.0,10.8,70.0,19.1
z_63.0_-16.5,2023,1,2023-S1,Stable,42.9,19.3,37.8,42.9
z_63.0_-16.5,2023,2,2023-S2,Stable,43.4,30.5,26.1,43.4
z_63.0_-16.5,2024,1,2024-S1,Stable,47.5,26.8,25.7,47.5
z_63.0_-16.5,2024,2,2024-S2,Diminution,43.4,25.0,43.4,31.5
z_63.0_-16.5,2025,1,2025-S1,Diminution,46.2,17.7,46.2,36.1
z_63.0_-16.5,2025,2,2025-S2,Diminution,45.1,17.5,45.1,37.4
z_63.0_-16.5,2026,1,2026-S1,Diminution,50.3,20.6,50.3,29.1
z_63.0_-16.5,2026,2,2026-S2,Diminution,42.7,21.4,42.7,36.0
z_63.0_-16.5,2027,1,2027-S1,Diminution,48.5,17.3,48.5,34.2
z_63.0_-16.5,2027,2,2027-S2,Diminution,45.8,20.8,45.8,33.4
z_63.0_-16.5,2028,1,2028-S1,Diminution,48.5,17.3,48.5,34.2
z_63.0_-16.5,2028,2,2028-S2,Diminution,45.8,20.8,45.8,33.4
z_63.0_-16.5,2029,1,2029-S1,Diminution,48.5,17.3,48.5,34.2
z_63.0_-16.5,2029,2,2029-S2,Diminution,45.8,20.8,45.8,33.4
z_63.0_-16.5,2030,1,2030-S1,Diminution,48.5,17.3,48.5,34.2
z_63.0_-16.5,2030,2,2030-S2,Diminution,45.8,20.8,45.8,33.4
z_63.0_-21.0,2023,1,2023-S1,Stable,50.6,28.2,21.2,50.6
z_63.0_-21.0,2023,2,2023-S2,Stable,44.0,32.7,23.4,44.0
z_63.0_-21.0,2024,1,2024-S1,Stable,42.9,37.4,19.7,42.9
z_63.0_-21.0,2024,2,2024-S2,Stable,44.8,21.4,33.7,44.8
z_63.0_-21.0,2025,1,2025-S1,Stable,50.5,20.4,29.1,50.5
z_63.0_-21.0,2025,2,2025-S2,Diminution,41.9,18.3,41.9,39.8
z_63.0_-21.0,2026,1,2026-S1,Stable,47.6,23.9,28.4,47.6
z_63.0_-21.0,2026,2,2026-S2,Diminution,49.8,23.2,49.8,27.0
z_63.0_-21.0,2027,1,2027-S1,Diminution,35.0,31.9,35.0,33.1
z_63.0_-21.0,2027,2,2027-S2,Diminution,53.3,24.2,53.3,22.5
z_63.0_-21.0,2028,1,2028-S1,Diminution,41.6,22.2,41.6,36.3
z_63.0_-21.0,2028,2,2028-S2,Diminution,55.1,23.3,55.1,21.6
z_63.0_-21.0,2029,1,2029-S1,Diminution,41.6,22.1,41.6,36.3
z_63.0_-21.0,2029,2,2029-S2,Diminution,55.1,23.3,55.1,21.6
z_63.0_-21.0,2030,1,2030-S1,Diminution,41.6,22.2,41.6,36.3
z_63.0_-21.0,2030,2,2030-S2,Diminution,55.2,23.3,55.2,21.5
z_63.0_-22.5,2023,1,2023-S1,Augmentation,46.9,46.9,24.8,28.3
z_63.0_-22.5,2023,2,2023-S2,Augmentation,45.3,45.3,20.7,34.0
z_63.0_-22.5,2024,1,2024-S1,Augmentation,56.4,56.4,21.8,21.8
z_63.0_-22.5,2024,2,2024-S2,Augmentation,50.3,50.3,15.5,34.1
z_63.0_-22.5,2025,1,2025-S1,Diminution,42.9,32.3,42.9,24.8
z_63.0_-22.5,2025,2,2025-S2,Augmentation,43.6,43.6,32.7,23.7
z_63.0_-22.5,2026,1,2026-S1,Diminution,51.6,14.9,51.6,33.6
z_63.0_-22.5,2026,2,2026-S2,Diminution,43.6,25.9,43.6,30.5
z_63.0_-22.5,2027,1,2027-S1,Diminution,36.9,27.2,36.9,35.9
z_63.0_-22.5,2027,2,2027-S2,Augmentation,38.9,38.9,27.5,33.7
z_63.0_-22.5,2028,1,2028-S1,Diminution,39.1,30.1,39.1,30.8
z_63.0_-22.5,2028,2,2028-S2,Diminution,33.8,33.4,33.8,32.8
z_63.0_-22.5,2029,1,2029-S1,Diminution,37.3,32.2,37.3,30.5
z_63.0_-22.5,2029,2,2029-S2,Augmentation,38.4,38.4,28.0,33.6
z_63.0_-22.5,2030,1,2030-S1,Diminution,36.8,32.0,36.8,31.1
z_63.0_-22.5,2030,2,2030-S2,Augmentation,38.5,38.5,27.6,33.9
z_63.0_-24.0,2023,1,2023-S1,Diminution,35.6,30.3,35.6,34.1
z_63.0_-24.0,2023,2,2023-S2,Augmentation,41.1,41.1,23.6,35.3
z_63.0_-24.0,2024,1,2024-S1,Stable,39.3,33.1,27.6,39.3
z_63.0_-24.0,2024,2,2024-S2,Stable,37.5,33.4,29.1,37.5
z_63.0_-24.0,2025,1,2025-S1,Stable,36.3,32.0,31.7,36.3
z_63.0_-24.0,2025,2,2025-S2,Diminution,45.5,22.7,45.5,31.7
z_63.0_-24.0,2026,1,2026-S1,Diminution,49.5,21.6,49.5,28.8
z_63.0_-24.0,2026,2,2026-S2,Diminution,45.5,19.0,45.5,35.5
z_63.0_-24.0,2027,1,2027-S1,Diminution,43.0,20.9,43.0,36.1
z_63.0_-24.0,2027,2,2027-S2,Diminution,41.6,22.6,41.6,35.8
z_63.0_-24.0,2028,1,2028-S1,Diminution,44.9,19.5,44.9,35.6
z_63.0_-24.0,2028,2,2028-S2,Diminution,43.0,19.8,43.0,37.2
z_63.0_-24.0,2029,1,2029-S1,Diminution,45.8,20.6,45.8,33.6
z_63.0_-24.0,2029,2,2029-S2,Diminution,43.0,21.1,43.0,35.9
z_63.0_-24.0,2030,1,2030-S1,Diminution,45.9,20.7,45.9,33.4
z_63.0_-24.0,2030,2,2030-S2,Diminution,43.0,21.1,43.0,35.9
z_63.0_-36.0,2023,1,2023-S1,Diminution,69.7,2.5,69.7,27.7
z_63.0_-36.0,2023,2,2023-S2,Diminution,69.4,3.3,69.4,27.3
z_63.0_-36.0,2024,1,2024-S1,Diminution,69.7,2.5,69.7,27.7
z_63.0_-36.0,2024,2,2024-S2,Diminution,66.4,5.3,66.4,28.3
z_63.0_-36.0,2025,1,2025-S1,Diminution,47.8,6.5,47.8,45.7
z_63.0_-36.0,2025,2,2025-S2,Diminution,66.7,3.5,66.7,29.8
z_63.0_-36.0,2026,1,2026-S1,Diminution,64.3,5.3,64.3,30.5
z_63.0_-36.0,2026,2,2026-S2,Diminution,68.0,4.1,68.0,27.9
z_63.0_-36.0,2027,1,2027-S1,Diminution,63.0,2.5,63.0,34.5
z_63.0_-36.0,2027,2,2027-S2,Diminution,69.4,3.3,69.4,27.3
z_63.0_-36.0,2028,1,2028-S1,Diminution,69.7,2.5,69.7,27.7
z_63.0_-36.0,2028,2,2028-S2,Diminution,69.4,3.3,69.4,27.3
z_63.0_-36.0,2029,1,2029-S1,Diminution,69.7,2.5,69.7,27.7
z_63.0_-36.0,2029,2,2029-S2,Diminution,69.4,3.3,69.4,27.3
z_63.0_-36.0,2030,1,2030-S1,Diminution,69.7,2.5,69.7,27.7
z_63.0_-36.0,2030,2,2030-S2,Diminution,69.4,3.3,69.4,27.3
z_63.0_-7.5,2023,1,2023-S1,Diminution,88.5,1.4,88.5,10.1
z_63.0_-7.5,2023,2,2023-S2,Diminution,86.3,3.7,86.3,10.0
z_63.0_-7.5,2024,1,2024-S1,Diminution,78.2,2.0,78.2,19.8
z_63.0_-7.5,2024,2,2024-S2,Diminution,87.4,3.6,87.4,9.0
z_63.0_-7.5,2025,1,2025-S1,Diminution,76.8,4.8,76.8,18.3
z_63.0_-7.5,2025,2,2025-S2,Diminution,83.4,4.7,83.4,11.9
z_63.0_-7.5,2026,1,2026-S1,Diminution,83.5,2.4,83.5,14.1
z_63.0_-7.5,2026,2,2026-S2,Diminution,88.4,1.6,88.4,10.1
z_63.0_-7.5,2027,1,2027-S1,Diminution,88.5,1.4,88.5,10.1
z_63.0_-7.5,2027,2,2027-S2,Diminution,88.4,1.6,88.4,10.1
z_63.0_-7.5,2028,1,2028-S1,Diminution,88.5,1.4,88.5,10.1
z_63.0_-7.5,2028,2,2028-S2,Diminution,88.4,1.6,88.4,10.1
z_63.0_-7.5,2029,1,2029-S1,Diminution,88.5,1.4,88.5,10.1
z_63.0_-7.5,2029,2,2029-S2,Diminution,88.4,1.6,88.4,10.1
z_63.0_-7.5,2030,1,2030-S1,Diminution,88.5,1.4,88.5,10.1
z_63.0_-7.5,2030,2,2030-S2,Diminution,88.4,1.6,88.4,10.1
z_63.0_0.0,2023,1,2023-S1,Diminution,73.0,1.8,73.0,25.2
z_63.0_0.0,2023,2,2023-S2,Diminution,72.0,2.5,72.0,25.5
z_63.0_0.0,2024,1,2024-S1,Diminution,59.0,12.1,59.0,29.0
z_63.0_0.0,2024,2,2024-S2,Stable,51.0,14.8,34.1,51.0
z_63.0_0.0,2025,1,2025-S1,Diminution,66.5,2.2,66.5,31.2
z_63.0_0.0,2025,2,2025-S2,Diminution,58.3,8.3,58.3,33.4
z_63.0_0.0,2026,1,2026-S1,Diminution,72.0,2.8,72.0,25.2
z_63.0_0.0,2026,2,2026-S2,Diminution,59.3,3.4,59.3,37.3
z_63.0_0.0,2027,1,2027-S1,Diminution,73.0,1.8,73.0,25.2
z_63.0_0.0,2027,2,2027-S2,Diminution,72.0,2.5,72.0,25.5
z_63.0_0.0,2028,1,2028-S1,Diminution,73.0,1.8,73.0,25.2
z_63.0_0.0,2028,2,2028-S2,Diminution,72.0,2.5,72.0,25.5
z_63.0_0.0,2029,1,2029-S1,Diminution,73.0,1.8,73.0,25.2
z_63.0_0.0,2029,2,2029-S2,Diminution,72.0,2.5,72.0,25.5
z_63.0_0.0,2030,1,2030-S1,Diminution,73.0,1.8,73.0,25.2
z_63.0_0.0,2030,2,2030-S2,Diminution,72.0,2.5,72.0,25.5
z_63.0_18.0,2023,1,2023-S1,Stable,57.9,21.8,20.3,57.9
z_63.0_18.0,2023,2,2023-S2,Diminution,51.4,17.3,51.4,31.3
z_63.0_18.0,2024,1,2024-S1,Stable,45.8,26.4,27.9,45.8
z_63.0_18.0,2024,2,2024-S2,Diminution,43.8,18.6,43.8,37.6
z_63.0_18.0,2025,1,2025-S1,Stable,54.4,19.1,26.5,54.4
z_63.0_18.0,2025,2,2025-S2,Diminution,73.7,8.0,73.7,18.4
z_63.0_18.0,2026,1,2026-S1,Stable,53.5,22.3,24.2,53.5
z_63.0_18.0,2026,2,2026-S2,Diminution,56.6,9.6,56.6,33.8
z_63.0_18.0,2027,1,2027-S1,Stable,54.1,20.5,25.5,54.1
z_63.0_18.0,2027,2,2027-S2,Diminution,59.2,12.6,59.2,28.2
z_63.0_18.0,2028,1,2028-S1,Stable,45.3,19.9,34.8,45.3
z_63.0_18.0,2028,2,2028-S2,Diminution,53.6,16.9,53.6,29.5
z_63.0_18.0,2029,1,2029-S1,Stable,47.3,17.5,35.2,47.3
z_63.0_18.0,2029,2,2029-S2,Diminution,62.2,11.4,62.2,26.4
z_63.0_18.0,2030,1,2030-S1,Stable,47.3,17.5,35.2,47.3
z_63.0_18.0,2030,2,2030-S2,Diminution,62.2,11.4,62.2,26.4
z_63.0_19.5,2023,1,2023-S1,Stable,48.9,16.0,35.1,48.9
z_63.0_19.5,2023,2,2023-S2,Stable,47.5,19.1,33.4,47.5
z_63.0_19.5,2024,1,2024-S1,Stable,50.2,24.4,25.4,50.2
z_63.0_19.5,2024,2,2024-S2,Stable,54.5,21.8,23.7,54.5
z_63.0_19.5,2025,1,2025-S1,Stable,47.9,18.9,33.3,47.9
z_63.0_19.5,2025,2,2025-S2,Stable,53.8,22.9,23.3,53.8
z_63.0_19.5,2026,1,2026-S1,Stable,48.5,22.6,28.9,48.5
z_63.0_19.5,2026,2,2026-S2,Stable,50.3,29.5,20.3,50.3
z_63.0_19.5,2027,1,2027-S1,Stable,48.3,20.9,30.8,48.3
z_63.0_19.5,2027,2,2027-S2,Stable,52.5,23.2,24.3,52.5
z_63.0_19.5,2028,1,2028-S1,Stable,49.2,19.6,31.2,49.2
z_63.0_19.5,2028,2,2028-S2,Stable,53.0,25.1,22.0,53.0
z_63.0_19.5,2029,1,2029-S1,Stable,48.8,20.4,30.8,48.8
z_63.0_19.5,2029,2,2029-S2,Stable,53.1,22.9,24.0,53.1
z_63.0_19.5,2030,1,2030-S1,Stable,48.7,20.5,30.8,48.7
z_63.0_19.5,2030,2,2030-S2,Stable,53.1,22.9,24.0,53.1
z_63.0_21.0,2023,1,2023-S1,Diminution,47.9,17.6,47.9,34.5
z_63.0_21.0,2023,2,2023-S2,Diminution,73.1,6.5,73.1,20.4
z_63.0_21.0,2024,1,2024-S1,Diminution,45.5,24.2,45.5,30.2
z_63.0_21.0,2024,2,2024-S2,Diminution,54.6,14.4,54.6,30.9
z_63.0_21.0,2025,1,2025-S1,Stable,41.6,24.4,34.0,41.6
z_63.0_21.0,2025,2,2025-S2,Diminution,55.9,15.5,55.9,28.6
z_63.0_21.0,2026,1,2026-S1,Diminution,44.0,19.7,44.0,36.2
z_63.0_21.0,2026,2,2026-S2,Diminution,44.9,14.9,44.9,40.1
z_63.0_21.0,2027,1,2027-S1,Diminution,44.4,20.4,44.4,35.2
z_63.0_21.0,2027,2,2027-S2,Diminution,44.7,14.4,44.7,40.9
z_63.0_21.0,2028,1,2028-S1,Diminution,43.3,20.2,43.3,36.5
z_63.0_21.0,2028,2,2028-S2,Diminution,44.5,15.4,44.5,40.1
z_63.0_21.0,2029,1,2029-S1,Diminution,42.5,19.5,42.5,38.0
z_63.0_21.0,2029,2,2029-S2,Diminution,45.8,15.0,45.8,39.2
z_63.0_21.0,2030,1,2030-S1,Stable,40.5,22.7,36.8,40.5
z_63.0_21.0,2030,2,2030-S2,Diminution,49.2,13.5,49.2,37.4
z_63.0_22.5,2023,1,2023-S1,Stable,54.7,16.4,28.9,54.7
z_63.0_22.5,2023,2,2023-S2,Stable,53.3,18.2,28.5,53.3
z_63.0_22.5,2024,1,2024-S1,Stable,56.4,17.8,25.9,56.4
z_63.0_22.5,2024,2,2024-S2,Stable,51.1,22.7,26.2,51.1
z_63.0_22.5,2025,1,2025-S1,Stable,56.2,19.7,24.1,56.2
z_63.0_22.5,2025,2,2025-S2,Stable,56.2,20.5,23.3,56.2
z_63.0_22.5,2026,1,2026-S1,Stable,55.0,14.9,30.1,55.0
z_63.0_22.5,2026,2,2026-S2,Stable,51.1,22.7,26.2,51.1
z_63.0_22.5,2027,1,2027-S1,Stable,56.2,19.7,24.1,56.2
z_63.0_22.5,2027,2,2027-S2,Stable,52.7,21.8,25.5,52.7
z_63.0_22.5,2028,1,2028-S1,Stable,53.8,17.0,29.1,53.8
z_63.0_22.5,2028,2,2028-S2,Stable,51.2,23.6,25.2,51.2
z_63.0_22.5,2029,1,2029-S1,Stable,54.4,20.5,25.1,54.4
z_63.0_22.5,2029,2,2029-S2,Stable,51.2,23.6,25.2,51.2
z_63.0_22.5,2030,1,2030-S1,Stable,54.4,20.5,25.1,54.4
z_63.0_22.5,2030,2,2030-S2,Stable,51.2,23.6,25.2,51.2
z_63.0_3.0,2023,1,2023-S1,Diminution,75.4,2.0,75.4,22.6
z_63.0_3.0,2023,2,2023-S2,Diminution,74.0,5.4,74.0,20.5
z_63.0_3.0,2024,1,2024-S1,Diminution,56.7,6.1,56.7,37.2
z_63.0_3.0,2024,2,2024-S2,Diminution,67.3,2.6,67.3,30.2
z_63.0_3.0,2025,1,2025-S1,Diminution,68.7,4.4,68.7,26.9
z_63.0_3.0,2025,2,2025-S2,Diminution,69.0,4.7,69.0,26.3
z_63.0_3.0,2026,1,2026-S1,Diminution,61.9,2.2,61.9,35.9
z_63.0_3.0,2026,2,2026-S2,Diminution,74.4,2.3,74.4,23.2
z_63.0_3.0,2027,1,2027-S1,Diminution,75.4,2.0,75.4,22.6
z_63.0_3.0,2027,2,2027-S2,Diminution,74.4,2.3,74.4,23.2
z_63.0_3.0,2028,1,2028-S1,Diminution,75.4,2.0,75.4,22.6
z_63.0_3.0,2028,2,2028-S2,Diminution,74.4,2.3,74.4,23.2
z_63.0_3.0,2029,1,2029-S1,Diminution,75.4,2.0,75.4,22.6
z_63.0_3.0,2029,2,2029-S2,Diminution,74.4,2.3,74.4,23.2
z_63.0_3.0,2030,1,2030-S1,Diminution,75.4,2.0,75.4,22.6
z_63.0_3.0,2030,2,2030-S2,Diminution,74.4,2.3,74.4,23.2
z_63.0_4.5,2023,1,2023-S1,Diminution,62.2,4.1,62.2,33.8
z_63.0_4.5,2023,2,2023-S2,Diminution,51.6,19.7,51.6,28.7
z_63.0_4.5,2024,1,2024-S1,Diminution,54.3,15.1,54.3,30.6
z_63.0_4.5,2024,2,2024-S2,Diminution,51.7,14.8,51.7,33.5
z_63.0_4.5,2025,1,2025-S1,Stable,44.6,12.9,42.5,44.6
z_63.0_4.5,2025,2,2025-S2,Stable,41.4,24.4,34.2,41.4
z_63.0_4.5,2026,1,2026-S1,Stable,39.1,28.2,32.7,39.1
z_63.0_4.5,2026,2,2026-S2,Stable,39.4,28.2,32.4,39.4
z_63.0_4.5,2027,1,2027-S1,Stable,40.4,19.4,40.3,40.4
z_63.0_4.5,2027,2,2027-S2,Stable,40.7,25.9,33.4,40.7
z_63.0_4.5,2028,1,2028-S1,Stable,38.5,24.9,36.6,38.5
z_63.0_4.5,2028,2,2028-S2,Stable,38.9,27.1,34.0,38.9
z_63.0_4.5,2029,1,2029-S1,Stable,39.7,22.5,37.8,39.7
z_63.0_4.5,2029,2,2029-S2,Stable,38.9,27.1,34.0,38.9
z_63.0_4.5,2030,1,2030-S1,Stable,39.7,22.5,37.8,39.7
z_63.0_4.5,2030,2,2030-S2,Stable,38.9,27.1,34.0,38.9
z_63.0_6.0,2023,1,2023-S1,Diminution,56.3,8.8,56.3,34.9
z_63.0_6.0,2023,2,2023-S2,Diminution,56.5,9.1,56.5,34.4
z_63.0_6.0,2024,1,2024-S1,Diminution,56.3,8.8,56.3,34.9
z_63.0_6.0,2024,2,2024-S2,Diminution,56.5,9.1,56.5,34.4
z_63.0_6.0,2025,1,2025-S1,Diminution,52.3,18.0,52.3,29.7
z_63.0_6.0,2025,2,2025-S2,Diminution,49.3,15.3,49.3,35.4
z_63.0_6.0,2026,1,2026-S1,Diminution,56.3,9.1,56.3,34.6
z_63.0_6.0,2026,2,2026-S2,Diminution,55.8,8.7,55.8,35.4
z_63.0_6.0,2027,1,2027-S1,Diminution,60.7,9.4,60.7,30.0
z_63.0_6.0,2027,2,2027-S2,Diminution,55.0,7.8,55.0,37.1
z_63.0_6.0,2028,1,2028-S1,Diminution,56.3,8.8,56.3,34.9
z_63.0_6.0,2028,2,2028-S2,Diminution,56.5,9.1,56.5,34.4
z_63.0_6.0,2029,1,2029-S1,Diminution,56.3,8.8,56.3,34.9
z_63.0_6.0,2029,2,2029-S2,Diminution,56.5,9.1,56.5,34.4
z_63.0_6.0,2030,1,2030-S1,Diminution,56.3,8.8,56.3,34.9
z_63.0_6.0,2030,2,2030-S2,Diminution,56.5,9.1,56.5,34.4
z_63.0_7.5,2023,1,2023-S1,Augmentation,55.2,55.2,19.9,24.9
z_63.0_7.5,2023,2,2023-S2,Augmentation,58.1,58.1,25.2,16.7
z_63.0_7.5,2024,1,2024-S1,Augmentation,60.3,60.3,17.7,22.0
z_63.0_7.5,2024,2,2024-S2,Augmentation,52.9,52.9,22.7,24.4
z_63.0_7.5,2025,1,2025-S1,Augmentation,56.7,56.7,24.2,19.1
z_63.0_7.5,2025,2,2025-S2,Augmentation,59.6,59.6,20.9,19.5
z_63.0_7.5,2026,1,2026-S1,Augmentation,52.6,52.6,23.1,24.4
z_63.0_7.5,2026,2,2026-S2,Augmentation,63.9,63.9,18.9,17.2
z_63.0_7.5,2027,1,2027-S1,Augmentation,62.7,62.7,15.9,21.4
z_63.0_7.5,2027,2,2027-S2,Augmentation,64.3,64.3,17.7,18.0
z_63.0_7.5,2028,1,2028-S1,Augmentation,63.3,63.3,15.7,21.1
z_63.0_7.5,2028,2,2028-S2,Augmentation,66.5,66.5,14.4,19.1
z_63.0_7.5,2029,1,2029-S1,Augmentation,63.0,63.0,15.2,21.8
z_63.0_7.5,2029,2,2029-S2,Augmentation,65.7,65.7,14.9,19.3
z_63.0_7.5,2030,1,2030-S1,Augmentation,62.7,62.7,14.8,22.5
z_63.0_7.5,2030,2,2030-S2,Augmentation,64.0,64.0,15.6,20.4
z_63.0_9.0,2023,1,2023-S1,Augmentation,71.4,71.4,10.2,18.4
z_63.0_9.0,2023,2,2023-S2,Augmentation,62.1,62.1,12.5,25.4
z_63.0_9.0,2024,1,2024-S1,Augmentation,59.1,59.1,18.2,22.8
z_63.0_9.0,2024,2,2024-S2,Augmentation,57.9,57.9,21.9,20.2
z_63.0_9.0,2025,1,2025-S1,Augmentation,56.2,56.2,17.8,26.0
z_63.0_9.0,2025,2,2025-S2,Augmentation,59.2,59.2,19.1,21.7
z_63.0_9.0,2026,1,2026-S1,Augmentation,59.3,59.3,17.0,23.7
z_63.0_9.0,2026,2,2026-S2,Augmentation,59.7,59.7,18.8,21.5
z_63.0_9.0,2027,1,2027-S1,Augmentation,58.9,58.9,17.3,23.8
z_63.0_9.0,2027,2,2027-S2,Augmentation,59.3,59.3,19.1,21.6
z_63.0_9.0,2028,1,2028-S1,Augmentation,58.6,58.6,17.8,23.6
z_63.0_9.0,2028,2,2028-S2,Augmentation,60.6,60.6,18.2,21.2
z_63.0_9.0,2029,1,2029-S1,Augmentation,58.7,58.7,17.4,23.9
z_63.0_9.0,2029,2,2029-S2,Augmentation,62.1,62.1,18.1,19.8
z_63.0_9.0,2030,1,2030-S1,Augmentation,60.3,60.3,17.3,22.3
z_63.0_9.0,2030,2,2030-S2,Augmentation,65.7,65.7,16.0,18.2
z_64.5_-15.0,2023,1,2023-S1,Stable,45.2,34.2,20.6,45.2
z_64.5_-15.0,2023,2,2023-S2,Stable,51.3,19.5,29.2,51.3
z_64.5_-15.0,2024,1,2024-S1,Stable,40.2,37.2,22.6,40.2
z_64.5_-15.0,2024,2,2024-S2,Stable,59.6,18.0,22.4,59.6
z_64.5_-15.0,2025,1,2025-S1,Stable,50.1,30.5,19.4,50.1
z_64.5_-15.0,2025,2,2025-S2,Stable,57.6,21.9,20.5,57.6
z_64.5_-15.0,2026,1,2026-S1,Stable,42.3,17.5,40.2,42.3
z_64.5_-15.0,2026,2,2026-S2,Stable,44.1,21.7,34.1,44.1
z_64.5_-15.0,2027,1,2027-S1,Diminution,37.4,29.9,37.4,32.7
z_64.5_-15.0,2027,2,2027-S2,Stable,41.2,23.9,34.9,41.2
z_64.5_-15.0,2028,1,2028-S1,Diminution,42.9,26.9,42.9,30.2
z_64.5_-15.0,2028,2,2028-S2,Diminution,41.3,23.9,41.3,34.9
z_64.5_-15.0,2029,1,2029-S1,Diminution,42.9,26.9,42.9,30.2
z_64.5_-15.0,2029,2,2029-S2,Diminution,41.3,23.9,41.3,34.9
z_64.5_-15.0,2030,1,2030-S1,Diminution,42.9,26.9,42.9,30.2
z_64.5_-15.0,2030,2,2030-S2,Diminution,41.3,23.9,41.3,34.9
z_64.5_-22.5,2023,1,2023-S1,Diminution,47.3,13.4,47.3,39.4
z_64.5_-22.5,2023,2,2023-S2,Diminution,40.7,23.3,40.7,36.0
z_64.5_-22.5,2024,1,2024-S1,Diminution,43.8,17.7,43.8,38.5
z_64.5_-22.5,2024,2,2024-S2,Diminution,40.9,19.9,40.9,39.2
z_64.5_-22.5,2025,1,2025-S1,Diminution,44.2,13.6,44.2,42.2
z_64.5_-22.5,2025,2,2025-S2,Diminution,43.7,17.2,43.7,39.2
z_64.5_-22.5,2026,1,2026-S1,Diminution,45.2,10.5,45.2,44.3
z_64.5_-22.5,2026,2,2026-S2,Diminution,43.1,19.8,43.1,37.1
z_64.5_-22.5,2027,1,2027-S1,Diminution,47.3,13.4,47.3,39.4
z_64.5_-22.5,2027,2,2027-S2,Diminution,43.1,19.8,43.1,37.1
z_64.5_-22.5,2028,1,2028-S1,Diminution,47.3,13.4,47.3,39.4
z_64.5_-22.5,2028,2,2028-S2,Diminution,43.1,19.8,43.1,37.1
z_64.5_-22.5,2029,1,2029-S1,Diminution,47.3,13.4,47.3,39.4
z_64.5_-22.5,2029,2,2029-S2,Diminution,43.1,19.8,43.1,37.1
z_64.5_-22.5,2030,1,2030-S1,Diminution,47.3,13.4,47.3,39.4
z_64.5_-22.5,2030,2,2030-S2,Diminution,43.1,19.8,43.1,37.1
z_64.5_-24.0,2023,1,2023-S1,Augmentation,36.2,36.2,28.4,35.4
z_64.5_-24.0,2023,2,2023-S2,Augmentation,48.5,48.5,19.1,32.5
z_64.5_-24.0,2024,1,2024-S1,Augmentation,46.9,46.9,24.5,28.6
z_64.5_-24.0,2024,2,2024-S2,Stable,39.4,30.7,29.9,39.4
z_64.5_-24.0,2025,1,2025-S1,Diminution,38.7,29.5,38.7,31.7
z_64.5_-24.0,2025,2,2025-S2,Diminution,38.8,26.1,38.8,35.1
z_64.5_-24.0,2026,1,2026-S1,Diminution,37.1,30.5,37.1,32.4
z_64.5_-24.0,2026,2,2026-S2,Diminution,44.7,24.3,44.7,31.0
z_64.5_-24.0,2027,1,2027-S1,Diminution,42.6,28.0,42.6,29.4
z_64.5_-24.0,2027,2,2027-S2,Diminution,45.1,24.4,45.1,30.5
z_64.5_-24.0,2028,1,2028-S1,Diminution,42.6,28.0,42.6,29.4
z_64.5_-24.0,2028,2,2028-S2,Diminution,45.1,24.4,45.1,30.5
z_64.5_-24.0,2029,1,2029-S1,Diminution,42.6,28.0,42.6,29.4
z_64.5_-24.0,2029,2,2029-S2,Diminution,45.1,24.4,45.1,30.5
z_64.5_-24.0,2030,1,2030-S1,Diminution,42.6,28.0,42.6,29.4
z_64.5_-24.0,2030,2,2030-S2,Diminution,45.1,24.4,45.1,30.5
z_64.5_-25.5,2023,1,2023-S1,Stable,40.4,23.0,36.6,40.4
z_64.5_-25.5,2023,2,2023-S2,Stable,44.6,34.9,20.5,44.6
z_64.5_-25.5,2024,1,2024-S1,Stable,37.7,25.6,36.7,37.7
z_64.5_-25.5,2024,2,2024-S2,Stable,44.6,33.4,22.0,44.6
z_64.5_-25.5,2025,1,2025-S1,Stable,39.0,23.7,37.3,39.0
z_64.5_-25.5,2025,2,2025-S2,Stable,41.1,31.9,27.0,41.1
z_64.5_-25.5,2026,1,2026-S1,Diminution,42.6,26.4,42.6,31.0
z_64.5_-25.5,2026,2,2026-S2,Stable,34.6,34.0,31.5,34.6
z_64.5_-25.5,2027,1,2027-S1,Diminution,43.1,30.6,43.1,26.3
z_64.5_-25.5,2027,2,2027-S2,Diminution,35.8,29.4,35.8,34.8
z_64.5_-25.5,2028,1,2028-S1,Diminution,47.2,29.1,47.2,23.7
z_64.5_-25.5,2028,2,2028-S2,Diminution,35.8,29.4,35.8,34.8
z_64.5_-25.5,2029,1,2029-S1,Diminution,47.2,29.1,47.2,23.7
z_64.5_-25.5,2029,2,2029-S2,Diminution,35.8,29.4,35.8,34.8
z_64.5_-25.5,2030,1,2030-S1,Diminution,47.2,29.1,47.2,23.7
z_64.5_-25.5,2030,2,2030-S2,Diminution,35.8,29.4,35.8,34.8
z_64.5_-37.5,2023,1,2023-S1,Diminution,71.4,3.0,71.4,25.6
z_64.5_-37.5,2023,2,2023-S2,Diminution,71.1,3.4,71.1,25.5
z_64.5_-37.5,2024,1,2024-S1,Diminution,69.3,5.3,69.3,25.4
z_64.5_-37.5,2024,2,2024-S2,Diminution,51.2,8.8,51.2,40.0
z_64.5_-37.5,2025,1,2025-S1,Diminution,66.5,3.1,66.5,30.4
z_64.5_-37.5,2025,2,2025-S2,Diminution,66.8,5.5,66.8,27.7
z_64.5_-37.5,2026,1,2026-S1,Diminution,68.9,3.9,68.9,27.2
z_64.5_-37.5,2026,2,2026-S2,Diminution,64.3,3.5,64.3,32.2
z_64.5_-37.5,2027,1,2027-S1,Diminution,71.4,3.0,71.4,25.6
z_64.5_-37.5,2027,2,2027-S2,Diminution,71.1,3.4,71.1,25.5
z_64.5_-37.5,2028,1,2028-S1,Diminution,71.4,3.0,71.4,25.6
z_64.5_-37.5,2028,2,2028-S2,Diminution,71.1,3.4,71.1,25.5
z_64.5_-37.5,2029,1,2029-S1,Diminution,71.4,3.0,71.4,25.6
z_64.5_-37.5,2029,2,2029-S2,Diminution,71.1,3.4,71.1,25.5
z_64.5_-37.5,2030,1,2030-S1,Diminution,71.4,3.0,71.4,25.6
z_64.5_-37.5,2030,2,2030-S2,Diminution,71.1,3.4,71.1,25.5
z_64.5_10.5,2023,1,2023-S1,Diminution,41.7,26.3,41.7,32.0
z_64.5_10.5,2023,2,2023-S2,Stable,39.8,37.4,22.8,39.8
z_64.5_10.5,2024,1,2024-S1,Stable,39.3,38.8,21.9,39.3
z_64.5_10.5,2024,2,2024-S2,Augmentation,45.4,45.4,18.0,36.6
z_64.5_10.5,2025,1,2025-S1,Augmentation,60.6,60.6,14.5,24.9
z_64.5_10.5,2025,2,2025-S2,Augmentation,42.6,42.6,21.4,36.0
z_64.5_10.5,2026,1,2026-S1,Augmentation,48.7,48.7,21.7,29.6
z_64.5_10.5,2026,2,2026-S2,Augmentation,50.0,50.0,15.5,34.6
z_64.5_10.5,2027,1,2027-S1,Augmentation,54.6,54.6,16.7,28.8
z_64.5_10.5,2027,2,2027-S2,Augmentation,53.0,53.0,14.2,32.7
z_64.5_10.5,2028,1,2028-S1,Augmentation,53.2,53.2,15.0,31.8
z_64.5_10.5,2028,2,2028-S2,Augmentation,52.2,52.2,13.8,34.1
z_64.5_10.5,2029,1,2029-S1,Augmentation,54.8,54.8,15.2,30.0
z_64.5_10.5,2029,2,2029-S2,Augmentation,51.4,51.4,13.8,34.8
z_64.5_10.5,2030,1,2030-S1,Augmentation,54.3,54.3,15.3,30.5
z_64.5_10.5,2030,2,2030-S2,Augmentation,51.8,51.8,13.7,34.4
z_64.5_12.0,2023,1,2023-S1,Stable,43.2,26.6,30.2,43.2
z_64.5_12.0,2023,2,2023-S2,Stable,42.9,22.2,35.0,42.9
z_64.5_12.0,2024,1,2024-S1,Stable,47.3,29.5,23.2,47.3
z_64.5_12.0,2024,2,2024-S2,Stable,44.2,35.3,20.5,44.2
z_64.5_12.0,2025,1,2025-S1,Stable,47.1,35.3,17.6,47.1
z_64.5_12.0,2025,2,2025-S2,Augmentation,52.9,52.9,13.5,33.6
z_64.5_12.0,2026,1,2026-S1,Augmentation,47.6,47.6,15.4,37.0
z_64.5_12.0,2026,2,2026-S2,Augmentation,52.9,52.9,15.0,32.2
z_64.5_12.0,2027,1,2027-S1,Augmentation,42.3,42.3,17.1,40.6
z_64.5_12.0,2027,2,2027-S2,Augmentation,45.9,45.9,17.8,36.2
z_64.5_12.0,2028,1,2028-S1,Augmentation,47.4,47.4,14.5,38.1
z_64.5_12.0,2028,2,2028-S2,Augmentation,50.1,50.1,14.1,35.8
z_64.5_12.0,2029,1,2029-S1,Augmentation,48.4,48.4,13.9,37.7
z_64.5_12.0,2029,2,2029-S2,Augmentation,53.1,53.1,13.7,33.2
z_64.5_12.0,2030,1,2030-S1,Augmentation,51.2,51.2,13.6,35.2
z_64.5_12.0,2030,2,2030-S2,Augmentation,54.0,54.0,13.1,32.8
z_64.5_21.0,2023,1,2023-S1,Augmentation,44.4,44.4,17.2,38.4
z_64.5_21.0,2023,2,2023-S2,Stable,39.1,38.8,22.0,39.1
z_64.5_21.0,2024,1,2024-S1,Stable,46.4,32.1,21.6,46.4
z_64.5_21.0,2024,2,2024-S2,Augmentation,42.4,42.4,20.7,36.9
z_64.5_21.0,2025,1,2025-S1,Augmentation,54.4,54.4,11.8,33.8
z_64.5_21.0,2025,2,2025-S2,Augmentation,46.5,46.5,15.2,38.3
z_64.5_21.0,2026,1,2026-S1,Augmentation,50.5,50.5,18.4,31.2
z_64.5_21.0,2026,2,2026-S2,Augmentation,45.4,45.4,19.2,35.4
z_64.5_21.0,2027,1,2027-S1,Augmentation,44.6,44.6,15.5,39.9
z_64.5_21.0,2027,2,2027-S2,Augmentation,47.2,47.2,14.3,38.5
z_64.5_21.0,2028,1,2028-S1,Augmentation,47.0,47.0,14.0,39.1
z_64.5_21.0,2028,2,2028-S2,Augmentation,44.1,44.1,15.3,40.7
z_64.5_21.0,2029,1,2029-S1,Augmentation,46.4,46.4,15.0,38.6
z_64.5_21.0,2029,2,2029-S2,Augmentation,44.8,44.8,16.2,39.0
z_64.5_21.0,2030,1,2030-S1,Augmentation,46.8,46.8,15.8,37.4
z_64.5_21.0,2030,2,2030-S2,Augmentation,44.6,44.6,16.3,39.0
z_64.5_22.5,2023,1,2023-S1,Stable,40.5,34.4,25.1,40.5
z_64.5_22.5,2023,2,2023-S2,Stable,39.8,21.4,38.8,39.8
z_64.5_22.5,2024,1,2024-S1,Diminution,41.9,18.3,41.9,39.7
z_64.5_22.5,2024,2,2024-S2,Diminution,41.1,19.5,41.1,39.5
z_64.5_22.5,2025,1,2025-S1,Diminution,44.1,21.1,44.1,34.8
z_64.5_22.5,2025,2,2025-S2,Diminution,56.7,10.2,56.7,33.0
z_64.5_22.5,2026,1,2026-S1,Diminution,57.1,17.8,57.1,25.2
z_64.5_22.5,2026,2,2026-S2,Diminution,56.5,10.3,56.5,33.2
z_64.5_22.5,2027,1,2027-S1,Diminution,57.4,20.5,57.4,22.1
z_64.5_22.5,2027,2,2027-S2,Diminution,56.5,10.3,56.5,33.2
z_64.5_22.5,2028,1,2028-S1,Diminution,57.4,20.5,57.4,22.1
z_64.5_22.5,2028,2,2028-S2,Diminution,56.5,10.3,56.5,33.2
z_64.5_22.5,2029,1,2029-S1,Diminution,57.4,20.5,57.4,22.1
z_64.5_22.5,2029,2,2029-S2,Diminution,56.5,10.3,56.5,33.2
z_64.5_22.5,2030,1,2030-S1,Diminution,57.4,20.5,57.4,22.1
z_64.5_22.5,2030,2,2030-S2,Diminution,56.5,10.3,56.5,33.2
z_64.5_24.0,2023,1,2023-S1,Augmentation,48.5,48.5,16.4,35.1
z_64.5_24.0,2023,2,2023-S2,Augmentation,42.5,42.5,20.6,36.9
z_64.5_24.0,2024,1,2024-S1,Diminution,38.7,25.9,38.7,35.4
z_64.5_24.0,2024,2,2024-S2,Augmentation,41.3,41.3,20.1,38.6
z_64.5_24.0,2025,1,2025-S1,Stable,40.2,40.0,19.8,40.2
z_64.5_24.0,2025,2,2025-S2,Augmentation,44.1,44.1,22.6,33.3
z_64.5_24.0,2026,1,2026-S1,Stable,37.2,31.8,31.0,37.2
z_64.5_24.0,2026,2,2026-S2,Stable,38.6,26.8,34.6,38.6
z_64.5_24.0,2027,1,2027-S1,Stable,37.3,28.0,34.7,37.3
z_64.5_24.0,2027,2,2027-S2,Stable,42.7,26.0,31.3,42.7
z_64.5_24.0,2028,1,2028-S1,Stable,37.8,27.1,35.1,37.8
z_64.5_24.0,2028,2,2028-S2,Stable,44.1,22.2,33.7,44.1
z_64.5_24.0,2029,1,2029-S1,Stable,39.1,24.9,35.9,39.1
z_64.5_24.0,2029,2,2029-S2,Stable,41.5,23.8,34.7,41.5
z_64.5_24.0,2030,1,2030-S1,Stable,39.2,24.8,36.0,39.2
z_64.5_24.0,2030,2,2030-S2,Stable,41.5,23.8,34.7,41.5
z_64.5_7.5,2023,1,2023-S1,Diminution,83.1,3.7,83.1,13.2
z_64.5_7.5,2023,2,2023-S2,Diminution,70.9,5.6,70.9,23.6
z_64.5_7.5,2024,1,2024-S1,Diminution,67.1,4.2,67.1,28.6
z_64.5_7.5,2024,2,2024-S2,Diminution,68.6,6.3,68.6,25.1
z_64.5_7.5,2025,1,2025-S1,Diminution,65.2,6.9,65.2,28.0
z_64.5_7.5,2025,2,2025-S2,Diminution,72.4,5.6,72.4,22.0
z_64.5_7.5,2026,1,2026-S1,Diminution,69.3,6.5,69.3,24.1
z_64.5_7.5,2026,2,2026-S2,Diminution,73.2,5.7,73.2,21.1
z_64.5_7.5,2027,1,2027-S1,Diminution,75.4,3.5,75.4,21.1
z_64.5_7.5,2027,2,2027-S2,Diminution,73.2,3.3,73.2,23.5
z_64.5_7.5,2028,1,2028-S1,Diminution,83.1,3.7,83.1,13.2
z_64.5_7.5,2028,2,2028-S2,Diminution,73.2,3.3,73.2,23.5
z_64.5_7.5,2029,1,2029-S1,Diminution,83.1,3.7,83.1,13.2
z_64.5_7.5,2029,2,2029-S2,Diminution,73.2,3.3,73.2,23.5
z_64.5_7.5,2030,1,2030-S1,Diminution,83.1,3.7,83.1,13.2
z_64.5_7.5,2030,2,2030-S2,Diminution,73.2,3.3,73.2,23.5
z_64.5_9.0,2023,1,2023-S1,Diminution,51.8,13.5,51.8,34.7
z_64.5_9.0,2023,2,2023-S2,Diminution,72.7,2.8,72.7,24.5
z_64.5_9.0,2024,1,2024-S1,Diminution,49.3,17.4,49.3,33.3
z_64.5_9.0,2024,2,2024-S2,Diminution,64.9,7.4,64.9,27.6
z_64.5_9.0,2025,1,2025-S1,Diminution,46.5,15.0,46.5,38.5
z_64.5_9.0,2025,2,2025-S2,Diminution,64.8,6.4,64.8,28.8
z_64.5_9.0,2026,1,2026-S1,Stable,47.6,18.4,34.1,47.6
z_64.5_9.0,2026,2,2026-S2,Diminution,49.4,10.5,49.4,40.1
z_64.5_9.0,2027,1,2027-S1,Stable,47.6,18.4,34.1,47.6
z_64.5_9.0,2027,2,2027-S2,Diminution,49.7,10.6,49.7,39.7
z_64.5_9.0,2028,1,2028-S1,Stable,47.0,17.2,35.8,47.0
z_64.5_9.0,2028,2,2028-S2,Diminution,49.3,11.7,49.3,39.0
z_64.5_9.0,2029,1,2029-S1,Stable,47.1,15.6,37.2,47.1
z_64.5_9.0,2029,2,2029-S2,Diminution,47.9,13.7,47.9,38.4
z_64.5_9.0,2030,1,2030-S1,Stable,50.4,18.1,31.5,50.4
z_64.5_9.0,2030,2,2030-S2,Diminution,46.5,14.2,46.5,39.3
z_66.0_-13.5,2023,1,2023-S1,Diminution,65.4,5.5,65.4,29.1
z_66.0_-13.5,2023,2,2023-S2,Diminution,79.5,2.6,79.5,17.9
z_66.0_-13.5,2024,1,2024-S1,Diminution,59.4,9.8,59.4,30.9
z_66.0_-13.5,2024,2,2024-S2,Diminution,56.9,7.2,56.9,35.9
z_66.0_-13.5,2025,1,2025-S1,Diminution,64.2,7.0,64.2,28.8
z_66.0_-13.5,2025,2,2025-S2,Diminution,73.0,4.6,73.0,22.4
z_66.0_-13.5,2026,1,2026-S1,Diminution,67.1,5.7,67.1,27.1
z_66.0_-13.5,2026,2,2026-S2,Diminution,71.8,2.7,71.8,25.5
z_66.0_-13.5,2027,1,2027-S1,Diminution,64.7,6.3,64.7,29.0
z_66.0_-13.5,2027,2,2027-S2,Diminution,79.5,2.6,79.5,17.9
z_66.0_-13.5,2028,1,2028-S1,Diminution,64.7,6.3,64.7,29.0
z_66.0_-13.5,2028,2,2028-S2,Diminution,79.5,2.6,79.5,17.9
z_66.0_-13.5,2029,1,2029-S1,Diminution,64.7,6.3,64.7,29.0
z_66.0_-13.5,2029,2,2029-S2,Diminution,79.5,2.6,79.5,17.9
z_66.0_-13.5,2030,1,2030-S1,Diminution,64.7,6.3,64.7,29.0
z_66.0_-13.5,2030,2,2030-S2,Diminution,79.5,2.6,79.5,17.9
z_66.0_-18.0,2023,1,2023-S1,Diminution,39.3,27.2,39.3,33.5
z_66.0_-18.0,2023,2,2023-S2,Stable,44.8,16.8,38.4,44.8
z_66.0_-18.0,2024,1,2024-S1,Diminution,46.3,30.1,46.3,23.6
z_66.0_-18.0,2024,2,2024-S2,Stable,57.0,21.7,21.3,57.0
z_66.0_-18.0,2025,1,2025-S1,Stable,38.4,26.8,34.8,38.4
z_66.0_-18.0,2025,2,2025-S2,Stable,55.7,23.4,20.8,55.7
z_66.0_-18.0,2026,1,2026-S1,Diminution,53.4,18.1,53.4,28.5
z_66.0_-18.0,2026,2,2026-S2,Stable,40.7,22.9,36.4,40.7
z_66.0_-18.0,2027,1,2027-S1,Diminution,45.0,31.4,45.0,23.6
z_66.0_-18.0,2027,2,2027-S2,Stable,40.9,24.0,35.1,40.9
z_66.0_-18.0,2028,1,2028-S1,Diminution,51.1,25.0,51.1,23.9
z_66.0_-18.0,2028,2,2028-S2,Diminution,41.1,23.8,41.1,35.1
z_66.0_-18.0,2029,1,2029-S1,Diminution,51.1,25.0,51.1,23.9
z_66.0_-18.0,2029,2,2029-S2,Diminution,41.1,23.8,41.1,35.1
z_66.0_-18.0,2030,1,2030-S1,Diminution,51.1,25.0,51.1,23.9
z_66.0_-18.0,2030,2,2030-S2,Diminution,41.1,23.8,41.1,35.1
z_66.0_-21.0,2023,1,2023-S1,Diminution,53.4,13.4,53.4,33.1
z_66.0_-21.0,2023,2,2023-S2,Diminution,40.0,29.9,40.0,30.1
z_66.0_-21.0,2024,1,2024-S1,Diminution,67.2,10.5,67.2,22.3
z_66.0_-21.0,2024,2,2024-S2,Diminution,45.5,23.6,45.5,30.9
z_66.0_-21.0,2025,1,2025-S1,Diminution,63.2,17.9,63.2,18.9
z_66.0_-21.0,2025,2,2025-S2,Diminution,41.7,23.9,41.7,34.4
z_66.0_-21.0,2026,1,2026-S1,Diminution,66.6,12.7,66.6,20.7
z_66.0_-21.0,2026,2,2026-S2,Diminution,44.6,19.5,44.6,35.9
z_66.0_-21.0,2027,1,2027-S1,Diminution,66.6,12.0,66.6,21.4
z_66.0_-21.0,2027,2,2027-S2,Diminution,43.2,23.6,43.2,33.2
z_66.0_-21.0,2028,1,2028-S1,Diminution,67.9,11.1,67.9,21.0
z_66.0_-21.0,2028,2,2028-S2,Diminution,45.5,23.6,45.5,30.9
z_66.0_-21.0,2029,1,2029-S1,Diminution,67.9,11.1,67.9,21.0
z_66.0_-21.0,2029,2,2029-S2,Diminution,45.5,23.6,45.5,30.9
z_66.0_-21.0,2030,1,2030-S1,Diminution,67.9,11.1,67.9,21.0
z_66.0_-21.0,2030,2,2030-S2,Diminution,45.5,23.6,45.5,30.9
z_66.0_-24.0,2023,1,2023-S1,Stable,42.9,32.4,24.7,42.9
z_66.0_-24.0,2023,2,2023-S2,Stable,49.0,23.1,27.9,49.0
z_66.0_-24.0,2024,1,2024-S1,Stable,44.0,34.2,21.9,44.0
z_66.0_-24.0,2024,2,2024-S2,Stable,45.9,35.9,18.2,45.9
z_66.0_-24.0,2025,1,2025-S1,Stable,48.1,28.2,23.7,48.1
z_66.0_-24.0,2025,2,2025-S2,Stable,46.3,27.5,26.1,46.3
z_66.0_-24.0,2026,1,2026-S1,Stable,46.1,27.6,26.3,46.1
z_66.0_-24.0,2026,2,2026-S2,Stable,46.5,26.4,27.0,46.5
z_66.0_-24.0,2027,1,2027-S1,Stable,42.3,29.4,28.3,42.3
z_66.0_-24.0,2027,2,2027-S2,Stable,47.4,24.4,28.2,47.4
z_66.0_-24.0,2028,1,2028-S1,Stable,43.8,29.5,26.7,43.8
z_66.0_-24.0,2028,2,2028-S2,Stable,48.7,23.2,28.1,48.7
z_66.0_-24.0,2029,1,2029-S1,Stable,42.4,29.3,28.4,42.4
z_66.0_-24.0,2029,2,2029-S2,Stable,46.3,24.8,28.9,46.3
z_66.0_-24.0,2030,1,2030-S1,Stable,42.4,29.3,28.4,42.4
z_66.0_-24.0,2030,2,2030-S2,Stable,46.3,24.8,28.9,46.3
z_66.0_-3.0,2023,1,2023-S1,Diminution,79.4,2.0,79.4,18.6
z_66.0_-3.0,2023,2,2023-S2,Diminution,79.3,2.5,79.3,18.3
z_66.0_-3.0,2024,1,2024-S1,Diminution,75.9,5.3,75.9,18.8
z_66.0_-3.0,2024,2,2024-S2,Diminution,60.9,5.8,60.9,33.2
z_66.0_-3.0,2025,1,2025-S1,Diminution,74.3,2.6,74.3,23.1
z_66.0_-3.0,2025,2,2025-S2,Diminution,70.7,5.7,70.7,23.6
z_66.0_-3.0,2026,1,2026-S1,Diminution,75.2,4.0,75.2,20.9
z_66.0_-3.0,2026,2,2026-S2,Diminution,63.0,2.6,63.0,34.4
z_66.0_-3.0,2027,1,2027-S1,Diminution,79.4,2.0,79.4,18.6
z_66.0_-3.0,2027,2,2027-S2,Diminution,79.3,2.5,79.3,18.3
z_66.0_-3.0,2028,1,2028-S1,Diminution,79.4,2.0,79.4,18.6
z_66.0_-3.0,2028,2,2028-S2,Diminution,79.3,2.5,79.3,18.3
z_66.0_-3.0,2029,1,2029-S1,Diminution,79.4,2.0,79.4,18.6
z_66.0_-3.0,2029,2,2029-S2,Diminution,79.3,2.5,79.3,18.3
z_66.0_-3.0,2030,1,2030-S1,Diminution,79.4,2.0,79.4,18.6
z_66.0_-3.0,2030,2,2030-S2,Diminution,79.3,2.5,79.3,18.3
z_66.0_10.5,2023,1,2023-S1,Stable,44.6,12.4,42.9,44.6
z_66.0_10.5,2023,2,2023-S2,Diminution,73.3,3.9,73.3,22.8
z_66.0_10.5,2024,1,2024-S1,Diminution,48.8,13.7,48.8,37.5
z_66.0_10.5,2024,2,2024-S2,Diminution,71.6,6.9,71.6,21.5
z_66.0_10.5,2025,1,2025-S1,Diminution,47.3,13.5,47.3,39.2
z_66.0_10.5,2025,2,2025-S2,Diminution,61.6,11.3,61.6,27.1
z_66.0_10.5,2026,1,2026-S1,Stable,48.5,17.2,34.3,48.5
z_66.0_10.5,2026,2,2026-S2,Diminution,70.5,4.1,70.5,25.4
z_66.0_10.5,2027,1,2027-S1,Stable,44.6,13.1,42.3,44.6
z_66.0_10.5,2027,2,2027-S2,Diminution,71.0,6.8,71.0,22.2
z_66.0_10.5,2028,1,2028-S1,Stable,43.4,14.9,41.7,43.4
z_66.0_10.5,2028,2,2028-S2,Diminution,77.8,3.7,77.8,18.5
z_66.0_10.5,2029,1,2029-S1,Diminution,48.7,15.4,48.7,35.8
z_66.0_10.5,2029,2,2029-S2,Diminution,77.8,3.7,77.8,18.5
z_66.0_10.5,2030,1,2030-S1,Diminution,48.7,15.4,48.7,35.8
z_66.0_10.5,2030,2,2030-S2,Diminution,77.8,3.7,77.8,18.5
z_66.0_12.0,2023,1,2023-S1,Augmentation,49.1,49.1,25.6,25.3
z_66.0_12.0,2023,2,2023-S2,Augmentation,62.6,62.6,16.5,21.0
z_66.0_12.0,2024,1,2024-S1,Augmentation,36.2,36.2,31.7,32.1
z_66.0_12.0,2024,2,2024-S2,Augmentation,52.0,52.0,22.7,25.4
z_66.0_12.0,2025,1,2025-S1,Augmentation,62.7,62.7,15.0,22.3
z_66.0_12.0,2025,2,2025-S2,Augmentation,62.9,62.9,15.2,21.9
z_66.0_12.0,2026,1,2026-S1,Augmentation,44.2,44.2,28.4,27.4
z_66.0_12.0,2026,2,2026-S2,Augmentation,58.4,58.4,24.5,17.2
z_66.0_12.0,2027,1,2027-S1,Augmentation,58.6,58.6,18.2,23.2
z_66.0_12.0,2027,2,2027-S2,Augmentation,64.5,64.5,13.8,21.7
z_66.0_12.0,2028,1,2028-S1,Augmentation,61.5,61.5,16.2,22.3
z_66.0_12.0,2028,2,2028-S2,Augmentation,69.1,69.1,12.8,18.1
z_66.0_12.0,2029,1,2029-S1,Augmentation,61.8,61.8,15.6,22.5
z_66.0_12.0,2029,2,2029-S2,Augmentation,68.1,68.1,12.7,19.2
z_66.0_12.0,2030,1,2030-S1,Augmentation,59.7,59.7,16.5,23.8
z_66.0_12.0,2030,2,2030-S2,Augmentation,66.3,66.3,13.7,19.9
z_66.0_13.5,2023,1,2023-S1,Augmentation,46.1,46.1,24.1,29.8
z_66.0_13.5,2023,2,2023-S2,Augmentation,54.9,54.9,16.2,28.9
z_66.0_13.5,2024,1,2024-S1,Augmentation,49.0,49.0,20.9,30.1
z_66.0_13.5,2024,2,2024-S2,Augmentation,61.6,61.6,16.6,21.8
z_66.0_13.5,2025,1,2025-S1,Augmentation,50.7,50.7,22.7,26.6
z_66.0_13.5,2025,2,2025-S2,Augmentation,55.9,55.9,21.1,23.0
z_66.0_13.5,2026,1,2026-S1,Augmentation,37.6,37.6,29.7,32.7
z_66.0_13.5,2026,2,2026-S2,Augmentation,45.5,45.5,23.6,30.8
z_66.0_13.5,2027,1,2027-S1,Augmentation,47.9,47.9,24.6,27.5
z_66.0_13.5,2027,2,2027-S2,Augmentation,52.2,52.2,20.4,27.4
z_66.0_13.5,2028,1,2028-S1,Augmentation,47.4,47.4,23.6,29.1
z_66.0_13.5,2028,2,2028-S2,Augmentation,51.9,51.9,20.6,27.5
z_66.0_13.5,2029,1,2029-S1,Augmentation,47.2,47.2,23.9,28.9
z_66.0_13.5,2029,2,2029-S2,Augmentation,54.1,54.1,19.6,26.3
z_66.0_13.5,2030,1,2030-S1,Augmentation,53.2,53.2,20.7,26.1
z_66.0_13.5,2030,2,2030-S2,Augmentation,59.2,59.2,16.8,24.1
z_66.0_15.0,2023,1,2023-S1,Diminution,47.0,14.1,47.0,38.9
z_66.0_15.0,2023,2,2023-S2,Diminution,58.7,5.0,58.7,36.3
z_66.0_15.0,2024,1,2024-S1,Diminution,51.3,13.3,51.3,35.4
z_66.0_15.0,2024,2,2024-S2,Diminution,56.4,6.8,56.4,36.8
z_66.0_15.0,2025,1,2025-S1,Diminution,41.9,22.5,41.9,35.6
z_66.0_15.0,2025,2,2025-S2,Diminution,61.1,5.9,61.1,33.0
z_66.0_15.0,2026,1,2026-S1,Diminution,47.0,14.1,47.0,38.9
z_66.0_15.0,2026,2,2026-S2,Diminution,58.7,5.0,58.7,36.3
z_66.0_15.0,2027,1,2027-S1,Diminution,51.3,13.3,51.3,35.4
z_66.0_15.0,2027,2,2027-S2,Diminution,63.8,4.8,63.8,31.4
z_66.0_15.0,2028,1,2028-S1,Diminution,49.3,16.1,49.3,34.5
z_66.0_15.0,2028,2,2028-S2,Diminution,63.8,4.8,63.8,31.4
z_66.0_15.0,2029,1,2029-S1,Diminution,49.3,16.1,49.3,34.5
z_66.0_15.0,2029,2,2029-S2,Diminution,63.8,4.8,63.8,31.4
z_66.0_15.0,2030,1,2030-S1,Diminution,49.3,16.1,49.3,34.5
z_66.0_15.0,2030,2,2030-S2,Diminution,63.8,4.8,63.8,31.4
z_66.0_6.0,2023,1,2023-S1,Diminution,79.7,6.3,79.7,14.0
z_66.0_6.0,2023,2,2023-S2,Diminution,85.9,0.9,85.9,13.2
z_66.0_6.0,2024,1,2024-S1,Diminution,82.6,1.7,82.6,15.7
z_66.0_6.0,2024,2,2024-S2,Diminution,88.6,1.5,88.6,9.9
z_66.0_6.0,2025,1,2025-S1,Diminution,76.5,3.4,76.5,20.0
z_66.0_6.0,2025,2,2025-S2,Diminution,85.0,4.0,85.0,11.0
z_66.0_6.0,2026,1,2026-S1,Diminution,79.8,3.5,79.8,16.7
z_66.0_6.0,2026,2,2026-S2,Diminution,81.2,2.8,81.2,16.0
z_66.0_6.0,2027,1,2027-S1,Diminution,79.7,6.3,79.7,14.0
z_66.0_6.0,2027,2,2027-S2,Diminution,85.9,0.9,85.9,13.2
z_66.0_6.0,2028,1,2028-S1,Diminution,82.6,1.7,82.6,15.7
z_66.0_6.0,2028,2,2028-S2,Diminution,85.9,0.9,85.9,13.2
z_66.0_6.0,2029,1,2029-S1,Diminution,82.6,1.7,82.6,15.7
z_66.0_6.0,2029,2,2029-S2,Diminution,85.9,0.9,85.9,13.2
z_66.0_6.0,2030,1,2030-S1,Diminution,82.6,1.7,82.6,15.7
z_66.0_6.0,2030,2,2030-S2,Diminution,85.9,0.9,85.9,13.2
z_66.0_7.5,2023,1,2023-S1,Diminution,83.6,3.4,83.6,13.1
z_66.0_7.5,2023,2,2023-S2,Diminution,85.7,0.6,85.7,13.7
z_66.0_7.5,2024,1,2024-S1,Diminution,86.2,0.9,86.2,12.9
z_66.0_7.5,2024,2,2024-S2,Diminution,85.7,0.6,85.7,13.7
z_66.0_7.5,2025,1,2025-S1,Diminution,86.2,0.9,86.2,12.9
z_66.0_7.5,2025,2,2025-S2,Diminution,88.9,1.2,88.9,9.9
z_66.0_7.5,2026,1,2026-S1,Diminution,75.8,1.4,75.8,22.8
z_66.0_7.5,2026,2,2026-S2,Diminution,84.2,4.2,84.2,11.6
z_66.0_7.5,2027,1,2027-S1,Diminution,81.6,3.1,81.6,15.2
z_66.0_7.5,2027,2,2027-S2,Diminution,81.9,2.3,81.9,15.9
z_66.0_7.5,2028,1,2028-S1,Diminution,83.6,3.4,83.6,13.1
z_66.0_7.5,2028,2,2028-S2,Diminution,85.7,0.6,85.7,13.7
z_66.0_7.5,2029,1,2029-S1,Diminution,86.2,0.9,86.2,12.9
z_66.0_7.5,2029,2,2029-S2,Diminution,85.7,0.6,85.7,13.7
z_66.0_7.5,2030,1,2030-S1,Diminution,86.2,0.9,86.2,12.9
z_66.0_7.5,2030,2,2030-S2,Diminution,85.7,0.6,85.7,13.7
z_66.0_9.0,2023,1,2023-S1,Diminution,48.9,15.4,48.9,35.7
z_66.0_9.0,2023,2,2023-S2,Diminution,66.1,16.3,66.1,17.5
z_66.0_9.0,2024,1,2024-S1,Diminution,48.4,12.5,48.4,39.1
z_66.0_9.0,2024,2,2024-S2,Diminution,66.3,11.0,66.3,22.6
z_66.0_9.0,2025,1,2025-S1,Diminution,48.3,13.2,48.3,38.4
z_66.0_9.0,2025,2,2025-S2,Diminution,71.5,8.7,71.5,19.7
z_66.0_9.0,2026,1,2026-S1,Diminution,47.2,15.0,47.2,37.8
z_66.0_9.0,2026,2,2026-S2,Diminution,68.3,8.1,68.3,23.6
z_66.0_9.0,2027,1,2027-S1,Diminution,48.9,15.4,48.9,35.7
z_66.0_9.0,2027,2,2027-S2,Diminution,68.3,8.1,68.3,23.6
z_66.0_9.0,2028,1,2028-S1,Diminution,48.9,15.4,48.9,35.7
z_66.0_9.0,2028,2,2028-S2,Diminution,68.3,8.1,68.3,23.6
z_66.0_9.0,2029,1,2029-S1,Diminution,48.9,15.4,48.9,35.7
z_66.0_9.0,2029,2,2029-S2,Diminution,68.3,8.1,68.3,23.6
z_66.0_9.0,2030,1,2030-S1,Diminution,48.9,15.4,48.9,35.7
z_66.0_9.0,2030,2,2030-S2,Diminution,68.3,8.1,68.3,23.6
z_67.5_10.5,2023,1,2023-S1,Diminution,54.4,11.9,54.4,33.7
z_67.5_10.5,2023,2,2023-S2,Diminution,54.8,12.3,54.8,32.9
z_67.5_10.5,2024,1,2024-S1,Diminution,50.1,15.7,50.1,34.2
z_67.5_10.5,2024,2,2024-S2,Diminution,43.7,18.0,43.7,38.2
z_67.5_10.5,2025,1,2025-S1,Diminution,43.1,18.2,43.1,38.7
z_67.5_10.5,2025,2,2025-S2,Diminution,52.0,16.1,52.0,31.9
z_67.5_10.5,2026,1,2026-S1,Stable,42.5,20.6,36.9,42.5
z_67.5_10.5,2026,2,2026-S2,Diminution,68.5,5.8,68.5,25.6
z_67.5_10.5,2027,1,2027-S1,Diminution,40.3,20.6,40.3,39.1
z_67.5_10.5,2027,2,2027-S2,Diminution,57.0,12.4,57.0,30.6
z_67.5_10.5,2028,1,2028-S1,Diminution,40.4,21.0,40.4,38.7
z_67.5_10.5,2028,2,2028-S2,Diminution,77.8,2.6,77.8,19.6
z_67.5_10.5,2029,1,2029-S1,Diminution,55.3,8.4,55.3,36.3
z_67.5_10.5,2029,2,2029-S2,Diminution,77.6,2.7,77.6,19.7
z_67.5_10.5,2030,1,2030-S1,Diminution,55.1,8.4,55.1,36.5
z_67.5_10.5,2030,2,2030-S2,Diminution,77.6,2.7,77.6,19.7
z_67.5_12.0,2023,1,2023-S1,Stable,42.8,33.9,23.2,42.8
z_67.5_12.0,2023,2,2023-S2,Stable,50.0,30.8,19.2,50.0
z_67.5_12.0,2024,1,2024-S1,Stable,45.7,34.0,20.3,45.7
z_67.5_12.0,2024,2,2024-S2,Stable,48.5,28.4,23.1,48.5
z_67.5_12.0,2025,1,2025-S1,Stable,45.0,18.8,36.3,45.0
z_67.5_12.0,2025,2,2025-S2,Diminution,43.0,23.9,43.0,33.1
z_67.5_12.0,2026,1,2026-S1,Stable,47.5,30.8,21.7,47.5
z_67.5_12.0,2026,2,2026-S2,Stable,40.4,32.1,27.5,40.4
z_67.5_12.0,2027,1,2027-S1,Stable,51.9,23.5,24.6,51.9
z_67.5_12.0,2027,2,2027-S2,Stable,49.7,20.9,29.4,49.7
z_67.5_12.0,2028,1,2028-S1,Stable,47.1,22.0,30.9,47.1
z_67.5_12.0,2028,2,2028-S2,Stable,44.9,27.4,27.7,44.9
z_67.5_12.0,2029,1,2029-S1,Stable,51.9,23.6,24.5,51.9
z_67.5_12.0,2029,2,2029-S2,Stable,45.3,22.9,31.8,45.3
z_67.5_12.0,2030,1,2030-S1,Stable,48.1,22.1,29.7,48.1
z_67.5_12.0,2030,2,2030-S2,Stable,45.3,22.8,32.0,45.3
z_67.5_13.5,2023,1,2023-S1,Diminution,43.7,25.9,43.7,30.4
z_67.5_13.5,2023,2,2023-S2,Diminution,38.6,27.1,38.6,34.2
z_67.5_13.5,2024,1,2024-S1,Stable,39.7,39.1,21.2,39.7
z_67.5_13.5,2024,2,2024-S2,Stable,40.9,39.1,20.0,40.9
z_67.5_13.5,2025,1,2025-S1,Augmentation,42.7,42.7,21.4,35.9
z_67.5_13.5,2025,2,2025-S2,Augmentation,36.1,36.1,29.3,34.6
z_67.5_13.5,2026,1,2026-S1,Diminution,40.2,22.7,40.2,37.1
z_67.5_13.5,2026,2,2026-S2,Diminution,35.9,30.8,35.9,33.3
z_67.5_13.5,2027,1,2027-S1,Augmentation,40.3,40.3,25.3,34.5
z_67.5_13.5,2027,2,2027-S2,Augmentation,43.0,43.0,23.9,33.0
z_67.5_13.5,2028,1,2028-S1,Stable,38.2,35.3,26.5,38.2
z_67.5_13.5,2028,2,2028-S2,Augmentation,42.8,42.8,24.6,32.6
z_67.5_13.5,2029,1,2029-S1,Augmentation,41.4,41.4,22.1,36.5
z_67.5_13.5,2029,2,2029-S2,Augmentation,46.0,46.0,22.0,32.0
z_67.5_13.5,2030,1,2030-S1,Augmentation,41.3,41.3,22.1,36.6
z_67.5_13.5,2030,2,2030-S2,Augmentation,46.1,46.1,21.9,32.0
z_67.5_15.0,2023,1,2023-S1,Diminution,39.2,27.1,39.2,33.7
z_67.5_15.0,2023,2,2023-S2,Augmentation,35.0,35.0,31.3,33.7
z_67.5_15.0,2024,1,2024-S1,Stable,42.7,33.4,23.9,42.7
z_67.5_15.0,2024,2,2024-S2,Diminution,43.8,29.0,43.8,27.2
z_67.5_15.0,2025,1,2025-S1,Stable,42.4,30.7,26.9,42.4
z_67.5_15.0,2025,2,2025-S2,Augmentation,39.1,39.1,25.3,35.6
z_67.5_15.0,2026,1,2026-S1,Augmentation,44.9,44.9,16.9,38.3
z_67.5_15.0,2026,2,2026-S2,Augmentation,52.2,52.2,20.4,27.4
z_67.5_15.0,2027,1,2027-S1,Stable,41.5,40.9,17.7,41.5
z_67.5_15.0,2027,2,2027-S2,Augmentation,47.0,47.0,21.6,31.4
z_67.5_15.0,2028,1,2028-S1,Augmentation,43.4,43.4,16.5,40.1
z_67.5_15.0,2028,2,2028-S2,Augmentation,49.5,49.5,20.5,30.0
z_67.5_15.0,2029,1,2029-S1,Stable,42.0,41.7,16.3,42.0
z_67.5_15.0,2029,2,2029-S2,Augmentation,49.2,49.2,20.4,30.4
z_67.5_15.0,2030,1,2030-S1,Stable,41.9,41.7,16.4,41.9
z_67.5_15.0,2030,2,2030-S2,Augmentation,49.2,49.2,20.2,30.5
z_67.5_16.5,2023,1,2023-S1,Diminution,50.3,24.6,50.3,25.1
z_67.5_16.5,2023,2,2023-S2,Augmentation,42.8,42.8,17.4,39.8
z_67.5_16.5,2024,1,2024-S1,Diminution,43.8,23.2,43.8,33.0
z_67.5_16.5,2024,2,2024-S2,Stable,42.2,32.9,24.9,42.2
z_67.5_16.5,2025,1,2025-S1,Stable,38.6,26.1,35.3,38.6
z_67.5_16.5,2025,2,2025-S2,Stable,40.8,34.2,25.0,40.8
z_67.5_16.5,2026,1,2026-S1,Stable,41.6,27.1,31.3,41.6
z_67.5_16.5,2026,2,2026-S2,Stable,45.6,22.9,31.5,45.6
z_67.5_16.5,2027,1,2027-S1,Stable,40.1,26.2,33.7,40.1
z_67.5_16.5,2027,2,2027-S2,Stable,46.5,28.5,25.0,46.5
z_67.5_16.5,2028,1,2028-S1,Stable,40.3,25.0,34.7,40.3
z_67.5_16.5,2028,2,2028-S2,Stable,45.7,27.5,26.8,45.7
z_67.5_16.5,2029,1,2029-S1,Stable,39.9,24.9,35.1,39.9
z_67.5_16.5,2029,2,2029-S2,Stable,45.7,27.6,26.7,45.7
z_67.5_16.5,2030,1,2030-S1,Stable,40.0,24.9,35.1,40.0
z_67.5_16.5,2030,2,2030-S2,Stable,45.7,27.6,26.7,45.7
z_67.5_9.0,2023,1,2023-S1,Diminution,87.9,1.8,87.9,10.3
z_67.5_9.0,2023,2,2023-S2,Diminution,85.3,3.7,85.3,11.1
z_67.5_9.0,2024,1,2024-S1,Diminution,69.4,8.5,69.4,22.1
z_67.5_9.0,2024,2,2024-S2,Diminution,76.8,5.4,76.8,17.8
z_67.5_9.0,2025,1,2025-S1,Diminution,69.2,8.4,69.2,22.4
z_67.5_9.0,2025,2,2025-S2,Diminution,70.3,12.0,70.3,17.7
z_67.5_9.0,2026,1,2026-S1,Diminution,77.0,5.6,77.0,17.4
z_67.5_9.0,2026,2,2026-S2,Diminution,81.2,2.9,81.2,15.9
z_67.5_9.0,2027,1,2027-S1,Diminution,87.9,1.8,87.9,10.3
z_67.5_9.0,2027,2,2027-S2,Diminution,87.8,2.0,87.8,10.2
z_67.5_9.0,2028,1,2028-S1,Diminution,87.9,1.8,87.9,10.3
z_67.5_9.0,2028,2,2028-S2,Diminution,87.8,2.0,87.8,10.2
z_67.5_9.0,2029,1,2029-S1,Diminution,87.9,1.8,87.9,10.3
z_67.5_9.0,2029,2,2029-S2,Diminution,87.8,2.0,87.8,10.2
z_67.5_9.0,2030,1,2030-S1,Diminution,87.9,1.8,87.9,10.3
z_67.5_9.0,2030,2,2030-S2,Diminution,87.8,2.0,87.8,10.2
z_69.0_13.5,2023,1,2023-S1,Diminution,67.4,3.1,67.4,29.5
z_69.0_13.5,2023,2,2023-S2,Diminution,77.3,2.8,77.3,19.9
z_69.0_13.5,2024,1,2024-S1,Diminution,67.4,3.1,67.4,29.5
z_69.0_13.5,2024,2,2024-S2,Diminution,75.9,4.9,75.9,19.1
z_69.0_13.5,2025,1,2025-S1,Diminution,62.2,6.7,62.2,31.0
z_69.0_13.5,2025,2,2025-S2,Diminution,70.6,2.9,70.6,26.5
z_69.0_13.5,2026,1,2026-S1,Diminution,63.5,5.1,63.5,31.4
z_69.0_13.5,2026,2,2026-S2,Diminution,71.3,5.7,71.3,23.1
z_69.0_13.5,2027,1,2027-S1,Diminution,63.8,3.2,63.8,33.0
z_69.0_13.5,2027,2,2027-S2,Diminution,77.3,2.8,77.3,19.9
z_69.0_13.5,2028,1,2028-S1,Diminution,67.4,3.1,67.4,29.5
z_69.0_13.5,2028,2,2028-S2,Diminution,77.3,2.8,77.3,19.9
z_69.0_13.5,2029,1,2029-S1,Diminution,67.4,3.1,67.4,29.5
z_69.0_13.5,2029,2,2029-S2,Diminution,77.3,2.8,77.3,19.9
z_69.0_13.5,2030,1,2030-S1,Diminution,67.4,3.1,67.4,29.5
z_69.0_13.5,2030,2,2030-S2,Diminution,77.3,2.8,77.3,19.9
z_69.0_15.0,2023,1,2023-S1,Diminution,69.9,9.0,69.9,21.1
z_69.0_15.0,2023,2,2023-S2,Stable,40.8,21.9,37.3,40.8
z_69.0_15.0,2024,1,2024-S1,Diminution,47.8,16.2,47.8,36.1
z_69.0_15.0,2024,2,2024-S2,Diminution,46.1,16.2,46.1,37.7
z_69.0_15.0,2025,1,2025-S1,Stable,43.4,22.6,34.0,43.4
z_69.0_15.0,2025,2,2025-S2,Stable,42.3,34.8,22.9,42.3
z_69.0_15.0,2026,1,2026-S1,Stable,36.1,28.6,35.3,36.1
z_69.0_15.0,2026,2,2026-S2,Stable,43.6,27.1,29.3,43.6
z_69.0_15.0,2027,1,2027-S1,Stable,39.4,22.0,38.7,39.4
z_69.0_15.0,2027,2,2027-S2,Stable,44.4,31.9,23.7,44.4
z_69.0_15.0,2028,1,2028-S1,Stable,39.9,22.1,38.0,39.9
z_69.0_15.0,2028,2,2028-S2,Stable,46.1,29.3,24.7,46.1
z_69.0_15.0,2029,1,2029-S1,Diminution,39.2,21.8,39.2,39.0
z_69.0_15.0,2029,2,2029-S2,Stable,46.4,28.7,24.9,46.4
z_69.0_15.0,2030,1,2030-S1,Diminution,39.2,21.8,39.2,39.0
z_69.0_15.0,2030,2,2030-S2,Stable,46.4,28.7,24.9,46.4
z_69.0_16.5,2023,1,2023-S1,Diminution,46.0,18.7,46.0,35.4
z_69.0_16.5,2023,2,2023-S2,Augmentation,39.4,39.4,25.8,34.8
z_69.0_16.5,2024,1,2024-S1,Stable,44.1,37.5,18.3,44.1
z_69.0_16.5,2024,2,2024-S2,Augmentation,47.8,47.8,17.5,34.6
z_69.0_16.5,2025,1,2025-S1,Augmentation,62.7,62.7,14.8,22.5
z_69.0_16.5,2025,2,2025-S2,Augmentation,55.8,55.8,17.2,26.9
z_69.0_16.5,2026,1,2026-S1,Augmentation,54.8,54.8,17.7,27.4
z_69.0_16.5,2026,2,2026-S2,Augmentation,56.2,56.2,15.5,28.3
z_69.0_16.5,2027,1,2027-S1,Augmentation,51.6,51.6,18.1,30.3
z_69.0_16.5,2027,2,2027-S2,Augmentation,57.8,57.8,17.4,24.8
z_69.0_16.5,2028,1,2028-S1,Augmentation,61.0,61.0,15.5,23.5
z_69.0_16.5,2028,2,2028-S2,Augmentation,62.4,62.4,15.4,22.2
z_69.0_16.5,2029,1,2029-S1,Augmentation,61.2,61.2,15.8,23.1
z_69.0_16.5,2029,2,2029-S2,Augmentation,65.0,65.0,14.0,21.0
z_69.0_16.5,2030,1,2030-S1,Augmentation,62.2,62.2,15.4,22.4
z_69.0_16.5,2030,2,2030-S2,Augmentation,66.8,66.8,13.7,19.5
z_69.0_18.0,2023,1,2023-S1,Stable,40.9,29.9,29.1,40.9
z_69.0_18.0,2023,2,2023-S2,Augmentation,46.9,46.9,17.5,35.7
z_69.0_18.0,2024,1,2024-S1,Augmentation,46.5,46.5,17.7,35.8
z_69.0_18.0,2024,2,2024-S2,Stable,43.7,32.3,24.0,43.7
z_69.0_18.0,2025,1,2025-S1,Augmentation,55.1,55.1,18.1,26.8
z_69.0_18.0,2025,2,2025-S2,Stable,44.3,31.6,24.1,44.3
z_69.0_18.0,2026,1,2026-S1,Stable,39.6,25.6,34.8,39.6
z_69.0_18.0,2026,2,2026-S2,Stable,41.7,25.9,32.4,41.7
z_69.0_18.0,2027,1,2027-S1,Stable,39.9,30.7,29.4,39.9
z_69.0_18.0,2027,2,2027-S2,Stable,39.0,26.2,34.8,39.0
z_69.0_18.0,2028,1,2028-S1,Stable,39.5,25.5,35.0,39.5
z_69.0_18.0,2028,2,2028-S2,Stable,40.5,25.3,34.2,40.5
z_69.0_18.0,2029,1,2029-S1,Stable,37.1,26.9,36.0,37.1
z_69.0_18.0,2029,2,2029-S2,Stable,40.5,25.3,34.2,40.5
z_69.0_18.0,2030,1,2030-S1,Stable,37.1,26.9,36.0,37.1
z_69.0_18.0,2030,2,2030-S2,Stable,40.5,25.3,34.2,40.5
z_69.0_19.5,2023,1,2023-S1,Stable,48.4,33.6,18.0,48.4
z_69.0_19.5,2023,2,2023-S2,Augmentation,45.2,45.2,18.9,35.9
z_69.0_19.5,2024,1,2024-S1,Stable,44.9,30.7,24.3,44.9
z_69.0_19.5,2024,2,2024-S2,Diminution,36.1,35.9,36.1,28.0
z_69.0_19.5,2025,1,2025-S1,Stable,46.6,30.9,22.4,46.6
z_69.0_19.5,2025,2,2025-S2,Stable,36.2,29.9,33.9,36.2
z_69.0_19.5,2026,1,2026-S1,Stable,54.9,24.3,20.9,54.9
z_69.0_19.5,2026,2,2026-S2,Stable,38.0,27.3,34.8,38.0
z_69.0_19.5,2027,1,2027-S1,Stable,55.2,22.2,22.6,55.2
z_69.0_19.5,2027,2,2027-S2,Diminution,35.3,34.3,35.3,30.4
z_69.0_19.5,2028,1,2028-S1,Stable,57.0,22.8,20.1,57.0
z_69.0_19.5,2028,2,2028-S2,Diminution,38.7,31.5,38.7,29.8
z_69.0_19.5,2029,1,2029-S1,Stable,55.4,22.9,21.6,55.4
z_69.0_19.5,2029,2,2029-S2,Diminution,38.7,28.6,38.7,32.7
z_69.0_19.5,2030,1,2030-S1,Stable,55.2,21.4,23.4,55.2
z_69.0_19.5,2030,2,2030-S2,Diminution,38.7,28.6,38.7,32.7
z_69.0_21.0,2023,1,2023-S1,Stable,44.2,22.6,33.3,44.2
z_69.0_21.0,2023,2,2023-S2,Diminution,41.8,18.8,41.8,39.4
z_69.0_21.0,2024,1,2024-S1,Stable,43.7,22.3,34.0,43.7
z_69.0_21.0,2024,2,2024-S2,Stable,45.6,11.1,43.3,45.6
z_69.0_21.0,2025,1,2025-S1,Augmentation,42.3,42.3,23.4,34.4
z_69.0_21.0,2025,2,2025-S2,Stable,39.6,32.2,28.2,39.6
z_69.0_21.0,2026,1,2026-S1,Stable,51.4,26.6,22.0,51.4
z_69.0_21.0,2026,2,2026-S2,Stable,43.0,24.8,32.2,43.0
z_69.0_21.0,2027,1,2027-S1,Augmentation,44.5,44.5,20.1,35.3
z_69.0_21.0,2027,2,2027-S2,Stable,46.0,29.2,24.7,46.0
z_69.0_21.0,2028,1,2028-S1,Stable,39.8,38.4,21.8,39.8
z_69.0_21.0,2028,2,2028-S2,Stable,43.6,27.1,29.3,43.6
z_69.0_21.0,2029,1,2029-S1,Augmentation,41.9,41.9,20.6,37.5
z_69.0_21.0,2029,2,2029-S2,Stable,43.6,27.2,29.3,43.6
z_69.0_21.0,2030,1,2030-S1,Augmentation,41.9,41.9,20.7,37.3
z_69.0_21.0,2030,2,2030-S2,Stable,43.6,27.2,29.3,43.6
z_69.0_22.5,2023,1,2023-S1,Augmentation,43.0,43.0,18.4,38.6
z_69.0_22.5,2023,2,2023-S2,Stable,34.2,33.1,32.7,34.2
z_69.0_22.5,2024,1,2024-S1,Stable,46.5,30.6,22.9,46.5
z_69.0_22.5,2024,2,2024-S2,Diminution,38.8,26.8,38.8,34.4
z_69.0_22.5,2025,1,2025-S1,Stable,40.1,37.7,22.2,40.1
z_69.0_22.5,2025,2,2025-S2,Diminution,42.7,28.5,42.7,28.7
z_69.0_22.5,2026,1,2026-S1,Stable,43.2,35.4,21.4,43.2
z_69.0_22.5,2026,2,2026-S2,Augmentation,40.3,40.3,25.0,34.7
z_69.0_22.5,2027,1,2027-S1,Stable,45.8,29.2,25.0,45.8
z_69.0_22.5,2027,2,2027-S2,Stable,35.7,29.6,34.7,35.7
z_69.0_22.5,2028,1,2028-S1,Stable,41.2,36.9,21.9,41.2
z_69.0_22.5,2028,2,2028-S2,Diminution,36.6,30.2,36.6,33.2
z_69.0_22.5,2029,1,2029-S1,Stable,46.0,31.3,22.7,46.0
z_69.0_22.5,2029,2,2029-S2,Diminution,37.9,27.2,37.9,34.9
z_69.0_22.5,2030,1,2030-S1,Stable,46.3,27.9,25.7,46.3
z_69.0_22.5,2030,2,2030-S2,Diminution,37.8,27.1,37.8,35.0
z_69.0_30.0,2023,1,2023-S1,Diminution,60.4,10.5,60.4,29.1
z_69.0_30.0,2023,2,2023-S2,Diminution,41.0,18.9,41.0,40.1
z_69.0_30.0,2024,1,2024-S1,Diminution,49.4,19.1,49.4,31.5
z_69.0_30.0,2024,2,2024-S2,Stable,43.7,25.3,31.0,43.7
z_69.0_30.0,2025,1,2025-S1,Diminution,72.0,6.7,72.0,21.3
z_69.0_30.0,2025,2,2025-S2,Diminution,49.0,14.5,49.0,36.5
z_69.0_30.0,2026,1,2026-S1,Diminution,76.1,5.3,76.1,18.6
z_69.0_30.0,2026,2,2026-S2,Diminution,51.4,16.3,51.4,32.3
z_69.0_30.0,2027,1,2027-S1,Diminution,79.9,4.3,79.9,15.8
z_69.0_30.0,2027,2,2027-S2,Diminution,49.5,19.2,49.5,31.3
z_69.0_30.0,2028,1,2028-S1,Diminution,79.9,4.3,79.9,15.8
z_69.0_30.0,2028,2,2028-S2,Diminution,49.5,19.2,49.5,31.3
z_69.0_30.0,2029,1,2029-S1,Diminution,79.9,4.3,79.9,15.8
z_69.0_30.0,2029,2,2029-S2,Diminution,49.5,19.2,49.5,31.3
z_69.0_30.0,2030,1,2030-S1,Diminution,79.9,4.3,79.9,15.8
z_69.0_30.0,2030,2,2030-S2,Diminution,49.5,19.2,49.5,31.3
z_70.5_13.5,2023,1,2023-S1,Diminution,81.6,3.4,81.6,15.0
z_70.5_13.5,2023,2,2023-S2,Diminution,81.6,4.2,81.6,14.2
z_70.5_13.5,2024,1,2024-S1,Diminution,81.6,3.4,81.6,15.0
z_70.5_13.5,2024,2,2024-S2,Diminution,81.6,4.2,81.6,14.2
z_70.5_13.5,2025,1,2025-S1,Diminution,81.6,3.4,81.6,15.0
z_70.5_13.5,2025,2,2025-S2,Diminution,81.6,4.2,81.6,14.2
z_70.5_13.5,2026,1,2026-S1,Diminution,81.4,5.7,81.4,12.9
z_70.5_13.5,2026,2,2026-S2,Diminution,65.6,5.2,65.6,29.2
z_70.5_13.5,2027,1,2027-S1,Diminution,78.5,4.6,78.5,16.9
z_70.5_13.5,2027,2,2027-S2,Diminution,73.6,7.5,73.6,18.8
z_70.5_13.5,2028,1,2028-S1,Diminution,77.2,6.1,77.2,16.6
z_70.5_13.5,2028,2,2028-S2,Diminution,72.3,4.1,72.3,23.6
z_70.5_13.5,2029,1,2029-S1,Diminution,81.6,3.4,81.6,15.0
z_70.5_13.5,2029,2,2029-S2,Diminution,81.6,4.2,81.6,14.2
z_70.5_13.5,2030,1,2030-S1,Diminution,81.6,3.4,81.6,15.0
z_70.5_13.5,2030,2,2030-S2,Diminution,81.6,4.2,81.6,14.2
z_70.5_16.5,2023,1,2023-S1,Diminution,64.0,7.6,64.0,28.4
z_70.5_16.5,2023,2,2023-S2,Diminution,68.9,10.8,68.9,20.3
z_70.5_16.5,2024,1,2024-S1,Stable,41.2,18.0,40.8,41.2
z_70.5_16.5,2024,2,2024-S2,Diminution,61.2,14.6,61.2,24.2
z_70.5_16.5,2025,1,2025-S1,Diminution,38.4,25.7,38.4,35.8
z_70.5_16.5,2025,2,2025-S2,Diminution,79.0,6.8,79.0,14.1
z_70.5_16.5,2026,1,2026-S1,Diminution,52.3,12.6,52.3,35.1
z_70.5_16.5,2026,2,2026-S2,Diminution,82.8,5.5,82.8,11.7
z_70.5_16.5,2027,1,2027-S1,Diminution,61.9,7.1,61.9,31.0
z_70.5_16.5,2027,2,2027-S2,Diminution,86.5,3.3,86.5,10.3
z_70.5_16.5,2028,1,2028-S1,Diminution,64.0,7.6,64.0,28.4
z_70.5_16.5,2028,2,2028-S2,Diminution,86.5,3.3,86.5,10.3
z_70.5_16.5,2029,1,2029-S1,Diminution,64.0,7.6,64.0,28.4
z_70.5_16.5,2029,2,2029-S2,Diminution,86.5,3.3,86.5,10.3
z_70.5_16.5,2030,1,2030-S1,Diminution,64.0,7.6,64.0,28.4
z_70.5_16.5,2030,2,2030-S2,Diminution,86.5,3.3,86.5,10.3
z_70.5_18.0,2023,1,2023-S1,Diminution,77.1,2.3,77.1,20.6
z_70.5_18.0,2023,2,2023-S2,Diminution,76.8,2.7,76.8,20.5
z_70.5_18.0,2024,1,2024-S1,Diminution,69.2,5.6,69.2,25.1
z_70.5_18.0,2024,2,2024-S2,Diminution,57.9,5.6,57.9,36.6
z_70.5_18.0,2025,1,2025-S1,Diminution,73.4,2.9,73.4,23.7
z_70.5_18.0,2025,2,2025-S2,Diminution,68.7,5.9,68.7,25.3
z_70.5_18.0,2026,1,2026-S1,Diminution,63.7,9.1,63.7,27.1
z_70.5_18.0,2026,2,2026-S2,Stable,49.1,5.0,45.9,49.1
z_70.5_18.0,2027,1,2027-S1,Diminution,73.4,2.9,73.4,23.7
z_70.5_18.0,2027,2,2027-S2,Diminution,68.7,5.9,68.7,25.3
z_70.5_18.0,2028,1,2028-S1,Diminution,73.7,4.0,73.7,22.3
z_70.5_18.0,2028,2,2028-S2,Diminution,63.0,2.6,63.0,34.4
z_70.5_18.0,2029,1,2029-S1,Diminution,77.1,2.3,77.1,20.6
z_70.5_18.0,2029,2,2029-S2,Diminution,76.8,2.7,76.8,20.5
z_70.5_18.0,2030,1,2030-S1,Diminution,77.1,2.3,77.1,20.6
z_70.5_18.0,2030,2,2030-S2,Diminution,76.8,2.7,76.8,20.5
z_70.5_19.5,2023,1,2023-S1,Diminution,76.8,3.1,76.8,20.1
z_70.5_19.5,2023,2,2023-S2,Diminution,75.9,3.4,75.9,20.7
z_70.5_19.5,2024,1,2024-S1,Diminution,76.8,3.1,76.8,20.1
z_70.5_19.5,2024,2,2024-S2,Diminution,75.9,3.4,75.9,20.7
z_70.5_19.5,2025,1,2025-S1,Diminution,60.6,12.7,60.6,26.7
z_70.5_19.5,2025,2,2025-S2,Diminution,49.4,17.8,49.4,32.9
z_70.5_19.5,2026,1,2026-S1,Diminution,57.5,8.8,57.5,33.7
z_70.5_19.5,2026,2,2026-S2,Diminution,52.9,9.6,52.9,37.4
z_70.5_19.5,2027,1,2027-S1,Diminution,67.5,6.7,67.5,25.8
z_70.5_19.5,2027,2,2027-S2,Diminution,60.9,5.0,60.9,34.1
z_70.5_19.5,2028,1,2028-S1,Diminution,67.1,3.5,67.1,29.4
z_70.5_19.5,2028,2,2028-S2,Diminution,75.9,3.4,75.9,20.7
z_70.5_19.5,2029,1,2029-S1,Diminution,76.8,3.1,76.8,20.1
z_70.5_19.5,2029,2,2029-S2,Diminution,75.9,3.4,75.9,20.7
z_70.5_19.5,2030,1,2030-S1,Diminution,76.8,3.1,76.8,20.1
z_70.5_19.5,2030,2,2030-S2,Diminution,75.9,3.4,75.9,20.7
z_70.5_21.0,2023,1,2023-S1,Diminution,55.9,11.4,55.9,32.8
z_70.5_21.0,2023,2,2023-S2,Diminution,62.1,12.0,62.1,25.9
z_70.5_21.0,2024,1,2024-S1,Stable,42.5,17.7,39.8,42.5
z_70.5_21.0,2024,2,2024-S2,Diminution,71.7,3.4,71.7,24.9
z_70.5_21.0,2025,1,2025-S1,Diminution,46.7,18.3,46.7,35.1
z_70.5_21.0,2025,2,2025-S2,Diminution,54.9,7.7,54.9,37.4
z_70.5_21.0,2026,1,2026-S1,Diminution,50.1,12.3,50.1,37.6
z_70.5_21.0,2026,2,2026-S2,Diminution,71.0,4.8,71.0,24.2
z_70.5_21.0,2027,1,2027-S1,Diminution,58.4,12.2,58.4,29.4
z_70.5_21.0,2027,2,2027-S2,Diminution,68.4,3.2,68.4,28.4
z_70.5_21.0,2028,1,2028-S1,Diminution,55.9,11.4,55.9,32.8
z_70.5_21.0,2028,2,2028-S2,Diminution,78.4,2.7,78.4,19.0
z_70.5_21.0,2029,1,2029-S1,Diminution,55.9,11.4,55.9,32.8
z_70.5_21.0,2029,2,2029-S2,Diminution,78.4,2.7,78.4,19.0
z_70.5_21.0,2030,1,2030-S1,Diminution,55.9,11.4,55.9,32.8
z_70.5_21.0,2030,2,2030-S2,Diminution,78.4,2.7,78.4,19.0
z_70.5_22.5,2023,1,2023-S1,Diminution,43.5,19.5,43.5,36.9
z_70.5_22.5,2023,2,2023-S2,Stable,41.2,29.1,29.7,41.2
z_70.5_22.5,2024,1,2024-S1,Diminution,48.0,23.5,48.0,28.4
z_70.5_22.5,2024,2,2024-S2,Diminution,40.7,18.7,40.7,40.6
z_70.5_22.5,2025,1,2025-S1,Diminution,46.4,19.4,46.4,34.1
z_70.5_22.5,2025,2,2025-S2,Stable,46.0,31.5,22.5,46.0
z_70.5_22.5,2026,1,2026-S1,Stable,44.0,33.7,22.3,44.0
z_70.5_22.5,2026,2,2026-S2,Stable,48.0,26.1,25.9,48.0
z_70.5_22.5,2027,1,2027-S1,Diminution,39.2,26.5,39.2,34.3
z_70.5_22.5,2027,2,2027-S2,Stable,45.9,29.8,24.3,45.9
z_70.5_22.5,2028,1,2028-S1,Diminution,43.2,23.7,43.2,33.1
z_70.5_22.5,2028,2,2028-S2,Stable,45.7,29.2,25.1,45.7
z_70.5_22.5,2029,1,2029-S1,Diminution,44.7,19.4,44.7,35.9
z_70.5_22.5,2029,2,2029-S2,Stable,45.7,29.2,25.1,45.7
z_70.5_22.5,2030,1,2030-S1,Diminution,44.7,19.4,44.7,35.9
z_70.5_22.5,2030,2,2030-S2,Stable,45.7,29.2,25.1,45.7
z_70.5_24.0,2023,1,2023-S1,Augmentation,35.7,35.7,32.5,31.8
z_70.5_24.0,2023,2,2023-S2,Augmentation,45.2,45.2,19.1,35.7
z_70.5_24.0,2024,1,2024-S1,Augmentation,51.2,51.2,18.2,30.6
z_70.5_24.0,2024,2,2024-S2,Augmentation,51.2,51.2,19.7,29.1
z_70.5_24.0,2025,1,2025-S1,Augmentation,40.7,40.7,30.2,29.1
z_70.5_24.0,2025,2,2025-S2,Augmentation,49.1,49.1,20.7,30.2
z_70.5_24.0,2026,1,2026-S1,Diminution,36.6,34.5,36.6,28.9
z_70.5_24.0,2026,2,2026-S2,Augmentation,50.5,50.5,19.3,30.3
z_70.5_24.0,2027,1,2027-S1,Augmentation,34.5,34.5,33.1,32.4
z_70.5_24.0,2027,2,2027-S2,Augmentation,44.6,44.6,22.9,32.5
z_70.5_24.0,2028,1,2028-S1,Augmentation,35.8,35.8,32.3,31.8
z_70.5_24.0,2028,2,2028-S2,Augmentation,44.8,44.8,21.6,33.7
z_70.5_24.0,2029,1,2029-S1,Augmentation,37.8,37.8,30.9,31.3
z_70.5_24.0,2029,2,2029-S2,Augmentation,47.0,47.0,21.0,32.0
z_70.5_24.0,2030,1,2030-S1,Augmentation,37.8,37.8,31.1,31.1
z_70.5_24.0,2030,2,2030-S2,Augmentation,47.1,47.1,21.1,31.8
z_70.5_25.5,2023,1,2023-S1,Diminution,44.4,24.9,44.4,30.7
z_70.5_25.5,2023,2,2023-S2,Diminution,50.1,17.3,50.1,32.6
z_70.5_25.5,2024,1,2024-S1,Diminution,42.9,24.9,42.9,32.2
z_70.5_25.5,2024,2,2024-S2,Diminution,40.0,23.5,40.0,36.5
z_70.5_25.5,2025,1,2025-S1,Diminution,38.6,28.0,38.6,33.4
z_70.5_25.5,2025,2,2025-S2,Diminution,42.3,18.7,42.3,39.0
z_70.5_25.5,2026,1,2026-S1,Diminution,40.4,32.6,40.4,27.0
z_70.5_25.5,2026,2,2026-S2,Diminution,49.9,14.7,49.9,35.4
z_70.5_25.5,2027,1,2027-S1,Diminution,42.2,32.2,42.2,25.6
z_70.5_25.5,2027,2,2027-S2,Diminution,52.2,16.2,52.2,31.6
z_70.5_25.5,2028,1,2028-S1,Diminution,46.9,28.5,46.9,24.6
z_70.5_25.5,2028,2,2028-S2,Diminution,51.2,18.9,51.2,29.9
z_70.5_25.5,2029,1,2029-S1,Diminution,46.9,28.5,46.9,24.6
z_70.5_25.5,2029,2,2029-S2,Diminution,51.2,18.9,51.2,29.9
z_70.5_25.5,2030,1,2030-S1,Diminution,46.9,28.5,46.9,24.6
z_70.5_25.5,2030,2,2030-S2,Diminution,51.2,18.9,51.2,29.9
z_70.5_27.0,2023,1,2023-S1,Diminution,56.6,17.4,56.6,26.0
z_70.5_27.0,2023,2,2023-S2,Diminution,60.6,7.7,60.6,31.7
z_70.5_27.0,2024,1,2024-S1,Diminution,61.4,14.4,61.4,24.2
z_70.5_27.0,2024,2,2024-S2,Diminution,59.0,7.5,59.0,33.5
z_70.5_27.0,2025,1,2025-S1,Diminution,60.6,20.4,60.6,19.0
z_70.5_27.0,2025,2,2025-S2,Diminution,53.7,11.3,53.7,35.0
z_70.5_27.0,2026,1,2026-S1,Diminution,61.1,16.7,61.1,22.3
z_70.5_27.0,2026,2,2026-S2,Diminution,52.6,11.0,52.6,36.4
z_70.5_27.0,2027,1,2027-S1,Diminution,60.6,15.3,60.6,24.1
z_70.5_27.0,2027,2,2027-S2,Diminution,54.5,9.2,54.5,36.3
z_70.5_27.0,2028,1,2028-S1,Diminution,62.3,14.6,62.3,23.1
z_70.5_27.0,2028,2,2028-S2,Diminution,60.4,7.2,60.4,32.4
z_70.5_27.0,2029,1,2029-S1,Diminution,64.5,14.8,64.5,20.7
z_70.5_27.0,2029,2,2029-S2,Diminution,59.0,7.5,59.0,33.5
z_70.5_27.0,2030,1,2030-S1,Diminution,64.5,14.8,64.5,20.7
z_70.5_27.0,2030,2,2030-S2,Diminution,59.0,7.5,59.0,33.5
z_70.5_28.5,2023,1,2023-S1,Diminution,47.6,21.3,47.6,31.1
z_70.5_28.5,2023,2,2023-S2,Diminution,64.5,9.1,64.5,26.4
z_70.5_28.5,2024,1,2024-S1,Diminution,36.4,28.8,36.4,34.8
z_70.5_28.5,2024,2,2024-S2,Diminution,40.9,23.2,40.9,35.9
z_70.5_28.5,2025,1,2025-S1,Stable,44.1,17.6,38.3,44.1
z_70.5_28.5,2025,2,2025-S2,Diminution,47.3,18.4,47.3,34.3
z_70.5_28.5,2026,1,2026-S1,Diminution,49.2,20.4,49.2,30.4
z_70.5_28.5,2026,2,2026-S2,Diminution,58.0,8.5,58.0,33.4
z_70.5_28.5,2027,1,2027-S1,Diminution,47.7,23.4,47.7,28.9
z_70.5_28.5,2027,2,2027-S2,Diminution,65.2,7.8,65.2,26.9
z_70.5_28.5,2028,1,2028-S1,Diminution,47.6,21.3,47.6,31.1
z_70.5_28.5,2028,2,2028-S2,Diminution,64.5,9.1,64.5,26.4
z_70.5_28.5,2029,1,2029-S1,Diminution,47.6,21.3,47.6,31.1
z_70.5_28.5,2029,2,2029-S2,Diminution,64.5,9.1,64.5,26.4
z_70.5_28.5,2030,1,2030-S1,Diminution,47.6,21.3,47.6,31.1
z_70.5_28.5,2030,2,2030-S2,Diminution,64.5,9.1,64.5,26.4
z_70.5_30.0,2023,1,2023-S1,Stable,41.7,20.3,38.1,41.7
z_70.5_30.0,2023,2,2023-S2,Diminution,36.5,27.9,36.5,35.6
z_70.5_30.0,2024,1,2024-S1,Stable,38.7,25.8,35.5,38.7
z_70.5_30.0,2024,2,2024-S2,Stable,41.6,22.8,35.6,41.6
z_70.5_30.0,2025,1,2025-S1,Diminution,39.1,23.1,39.1,37.9
z_70.5_30.0,2025,2,2025-S2,Stable,46.0,23.3,30.8,46.0
z_70.5_30.0,2026,1,2026-S1,Augmentation,41.2,41.2,23.8,35.0
z_70.5_30.0,2026,2,2026-S2,Stable,44.4,33.7,21.9,44.4
z_70.5_30.0,2027,1,2027-S1,Stable,49.1,25.0,25.9,49.1
z_70.5_30.0,2027,2,2027-S2,Stable,42.9,29.4,27.6,42.9
z_70.5_30.0,2028,1,2028-S1,Stable,40.1,36.6,23.3,40.1
z_70.5_30.0,2028,2,2028-S2,Stable,43.5,32.5,24.0,43.5
z_70.5_30.0,2029,1,2029-S1,Stable,40.2,35.0,24.8,40.2
z_70.5_30.0,2029,2,2029-S2,Stable,39.2,35.8,25.0,39.2
z_70.5_30.0,2030,1,2030-S1,Stable,38.0,37.3,24.7,38.0
z_70.5_30.0,2030,2,2030-S2,Stable,39.0,36.1,24.9,39.0
z_70.5_33.0,2023,1,2023-S1,Diminution,72.3,4.7,72.3,23.0
z_70.5_33.0,2023,2,2023-S2,Diminution,73.4,4.3,73.4,22.3
z_70.5_33.0,2024,1,2024-S1,Diminution,70.3,3.5,70.3,26.2
z_70.5_33.0,2024,2,2024-S2,Diminution,78.0,3.2,78.0,18.8
z_70.5_33.0,2025,1,2025-S1,Diminution,76.5,3.0,76.5,20.4
z_70.5_33.0,2025,2,2025-S2,Diminution,78.0,3.2,78.0,18.8
z_70.5_33.0,2026,1,2026-S1,Diminution,68.0,7.0,68.0,25.0
z_70.5_33.0,2026,2,2026-S2,Diminution,56.2,8.7,56.2,35.1
z_70.5_33.0,2027,1,2027-S1,Diminution,71.5,4.1,71.5,24.5
z_70.5_33.0,2027,2,2027-S2,Diminution,73.1,5.0,73.1,21.9
z_70.5_33.0,2028,1,2028-S1,Diminution,73.5,4.0,73.5,22.4
z_70.5_33.0,2028,2,2028-S2,Diminution,70.3,3.5,70.3,26.2
z_70.5_33.0,2029,1,2029-S1,Diminution,76.5,3.0,76.5,20.4
z_70.5_33.0,2029,2,2029-S2,Diminution,78.0,3.2,78.0,18.8
z_70.5_33.0,2030,1,2030-S1,Diminution,76.5,3.0,76.5,20.4
z_70.5_33.0,2030,2,2030-S2,Diminution,78.0,3.2,78.0,18.8
z_72.0_13.5,2023,1,2023-S1,Diminution,73.0,2.2,73.0,24.8
z_72.0_13.5,2023,2,2023-S2,Diminution,71.3,5.1,71.3,23.7
z_72.0_13.5,2024,1,2024-S1,Diminution,53.3,6.4,53.3,40.4
z_72.0_13.5,2024,2,2024-S2,Diminution,68.5,2.7,68.5,28.8
z_72.0_13.5,2025,1,2025-S1,Diminution,60.7,9.0,60.7,30.3
z_72.0_13.5,2025,2,2025-S2,Diminution,47.6,8.6,47.6,43.8
z_72.0_13.5,2026,1,2026-S1,Diminution,63.8,3.7,63.8,32.5
z_72.0_13.5,2026,2,2026-S2,Diminution,66.5,5.7,66.5,27.8
z_72.0_13.5,2027,1,2027-S1,Diminution,70.7,3.7,70.7,25.6
z_72.0_13.5,2027,2,2027-S2,Diminution,65.8,2.8,65.8,31.5
z_72.0_13.5,2028,1,2028-S1,Diminution,73.0,2.2,73.0,24.8
z_72.0_13.5,2028,2,2028-S2,Diminution,72.4,2.6,72.4,25.0
z_72.0_13.5,2029,1,2029-S1,Diminution,73.0,2.2,73.0,24.8
z_72.0_13.5,2029,2,2029-S2,Diminution,72.4,2.6,72.4,25.0
z_72.0_13.5,2030,1,2030-S1,Diminution,73.0,2.2,73.0,24.8
z_72.0_13.5,2030,2,2030-S2,Diminution,72.4,2.6,72.4,25.0
z_72.0_15.0,2023,1,2023-S1,Diminution,69.6,2.5,69.6,27.8
z_72.0_15.0,2023,2,2023-S2,Diminution,69.3,3.3,69.3,27.5
z_72.0_15.0,2024,1,2024-S1,Diminution,67.5,5.0,67.5,27.5
z_72.0_15.0,2024,2,2024-S2,Diminution,48.2,15.4,48.2,36.4
z_72.0_15.0,2025,1,2025-S1,Diminution,46.2,12.8,46.2,41.1
z_72.0_15.0,2025,2,2025-S2,Diminution,52.6,6.7,52.6,40.7
z_72.0_15.0,2026,1,2026-S1,Diminution,54.7,8.8,54.7,36.6
z_72.0_15.0,2026,2,2026-S2,Diminution,61.0,3.9,61.0,35.1
z_72.0_15.0,2027,1,2027-S1,Diminution,62.0,2.7,62.0,35.3
z_72.0_15.0,2027,2,2027-S2,Diminution,69.3,3.3,69.3,27.5
z_72.0_15.0,2028,1,2028-S1,Diminution,69.6,2.5,69.6,27.8
z_72.0_15.0,2028,2,2028-S2,Diminution,69.3,3.3,69.3,27.5
z_72.0_15.0,2029,1,2029-S1,Diminution,69.6,2.5,69.6,27.8
z_72.0_15.0,2029,2,2029-S2,Diminution,69.3,3.3,69.3,27.5
z_72.0_15.0,2030,1,2030-S1,Diminution,69.6,2.5,69.6,27.8
z_72.0_15.0,2030,2,2030-S2,Diminution,69.3,3.3,69.3,27.5
z_72.0_19.5,2023,1,2023-S1,Diminution,70.1,4.6,70.1,25.3
z_72.0_19.5,2023,2,2023-S2,Diminution,73.6,8.6,73.6,17.8
z_72.0_19.5,2024,1,2024-S1,Diminution,71.0,6.0,71.0,23.1
z_72.0_19.5,2024,2,2024-S2,Diminution,77.7,6.8,77.7,15.5
z_72.0_19.5,2025,1,2025-S1,Diminution,71.1,6.8,71.1,22.2
z_72.0_19.5,2025,2,2025-S2,Diminution,77.4,5.2,77.4,17.4
z_72.0_19.5,2026,1,2026-S1,Diminution,74.0,4.7,74.0,21.4
z_72.0_19.5,2026,2,2026-S2,Diminution,81.9,1.9,81.9,16.2
z_72.0_19.5,2027,1,2027-S1,Diminution,76.5,1.9,76.5,21.6
z_72.0_19.5,2027,2,2027-S2,Diminution,81.9,1.9,81.9,16.2
z_72.0_19.5,2028,1,2028-S1,Diminution,76.5,1.9,76.5,21.6
z_72.0_19.5,2028,2,2028-S2,Diminution,81.9,1.9,81.9,16.2
z_72.0_19.5,2029,1,2029-S1,Diminution,76.5,1.9,76.5,21.6
z_72.0_19.5,2029,2,2029-S2,Diminution,81.9,1.9,81.9,16.2
z_72.0_19.5,2030,1,2030-S1,Diminution,76.5,1.9,76.5,21.6
z_72.0_19.5,2030,2,2030-S2,Diminution,81.9,1.9,81.9,16.2
z_72.0_24.0,2023,1,2023-S1,Diminution,78.1,2.0,78.1,19.9
z_72.0_24.0,2023,2,2023-S2,Diminution,69.7,6.1,69.7,24.1
z_72.0_24.0,2024,1,2024-S1,Diminution,57.5,5.7,57.5,36.8
z_72.0_24.0,2024,2,2024-S2,Diminution,73.2,2.5,73.2,24.3
z_72.0_24.0,2025,1,2025-S1,Diminution,69.8,4.3,69.8,25.9
z_72.0_24.0,2025,2,2025-S2,Diminution,73.1,3.6,73.1,23.4
z_72.0_24.0,2026,1,2026-S1,Diminution,65.2,2.5,65.2,32.3
z_72.0_24.0,2026,2,2026-S2,Diminution,77.4,2.2,77.4,20.4
z_72.0_24.0,2027,1,2027-S1,Diminution,78.1,2.0,78.1,19.9
z_72.0_24.0,2027,2,2027-S2,Diminution,77.4,2.2,77.4,20.4
z_72.0_24.0,2028,1,2028-S1,Diminution,78.1,2.0,78.1,19.9
z_72.0_24.0,2028,2,2028-S2,Diminution,77.4,2.2,77.4,20.4
z_72.0_24.0,2029,1,2029-S1,Diminution,78.1,2.0,78.1,19.9
z_72.0_24.0,2029,2,2029-S2,Diminution,77.4,2.2,77.4,20.4
z_72.0_24.0,2030,1,2030-S1,Diminution,78.1,2.0,78.1,19.9
z_72.0_24.0,2030,2,2030-S2,Diminution,77.4,2.2,77.4,20.4
z_72.0_25.5,2023,1,2023-S1,Diminution,74.3,1.8,74.3,23.9
z_72.0_25.5,2023,2,2023-S2,Diminution,67.5,5.5,67.5,27.0
z_72.0_25.5,2024,1,2024-S1,Diminution,52.1,6.0,52.1,41.9
z_72.0_25.5,2024,2,2024-S2,Diminution,60.0,6.7,60.0,33.2
z_72.0_25.5,2025,1,2025-S1,Diminution,51.9,8.4,51.9,39.7
z_72.0_25.5,2025,2,2025-S2,Diminution,67.4,3.4,67.4,29.1
z_72.0_25.5,2026,1,2026-S1,Diminution,58.5,4.0,58.5,37.5
z_72.0_25.5,2026,2,2026-S2,Diminution,69.9,3.2,69.9,26.9
z_72.0_25.5,2027,1,2027-S1,Diminution,62.4,2.1,62.4,35.4
z_72.0_25.5,2027,2,2027-S2,Diminution,73.0,2.3,73.0,24.7
z_72.0_25.5,2028,1,2028-S1,Diminution,74.3,1.8,74.3,23.9
z_72.0_25.5,2028,2,2028-S2,Diminution,73.0,2.3,73.0,24.7
z_72.0_25.5,2029,1,2029-S1,Diminution,74.3,1.8,74.3,23.9
z_72.0_25.5,2029,2,2029-S2,Diminution,73.0,2.3,73.0,24.7
z_72.0_25.5,2030,1,2030-S1,Diminution,74.3,1.8,74.3,23.9
z_72.0_25.5,2030,2,2030-S2,Diminution,73.0,2.3,73.0,24.7
z_72.0_28.5,2023,1,2023-S1,Diminution,77.4,1.8,77.4,20.8
z_72.0_28.5,2023,2,2023-S2,Diminution,66.9,3.9,66.9,29.2
z_72.0_28.5,2024,1,2024-S1,Diminution,77.4,1.8,77.4,20.8
z_72.0_28.5,2024,2,2024-S2,Diminution,66.9,3.9,66.9,29.2
z_72.0_28.5,2025,1,2025-S1,Diminution,77.4,1.8,77.4,20.8
z_72.0_28.5,2025,2,2025-S2,Diminution,68.2,7.8,68.2,24.0
z_72.0_28.5,2026,1,2026-S1,Diminution,57.2,6.3,57.2,36.5
z_72.0_28.5,2026,2,2026-S2,Diminution,65.4,3.9,65.4,30.7
z_72.0_28.5,2027,1,2027-S1,Diminution,69.8,4.6,69.8,25.6
z_72.0_28.5,2027,2,2027-S2,Diminution,68.7,4.6,68.7,26.7
z_72.0_28.5,2028,1,2028-S1,Diminution,64.7,2.1,64.7,33.2
z_72.0_28.5,2028,2,2028-S2,Diminution,66.9,3.9,66.9,29.2
z_72.0_28.5,2029,1,2029-S1,Diminution,77.4,1.8,77.4,20.8
z_72.0_28.5,2029,2,2029-S2,Diminution,66.9,3.9,66.9,29.2
z_72.0_28.5,2030,1,2030-S1,Diminution,77.4,1.8,77.4,20.8
z_72.0_28.5,2030,2,2030-S2,Diminution,66.9,3.9,66.9,29.2
z_73.5_18.0,2023,1,2023-S1,Diminution,70.1,5.0,70.1,24.9
z_73.5_18.0,2023,2,2023-S2,Diminution,47.5,14.5,47.5,38.0
z_73.5_18.0,2024,1,2024-S1,Diminution,61.7,6.2,61.7,32.1
z_73.5_18.0,2024,2,2024-S2,Diminution,49.5,12.2,49.5,38.3
z_73.5_18.0,2025,1,2025-S1,Diminution,70.4,3.2,70.4,26.4
z_73.5_18.0,2025,2,2025-S2,Stable,45.5,23.8,30.7,45.5
z_73.5_18.0,2026,1,2026-S1,Diminution,49.5,7.5,49.5,43.0
z_73.5_18.0,2026,2,2026-S2,Diminution,46.1,12.9,46.1,41.0
z_73.5_18.0,2027,1,2027-S1,Diminution,67.5,4.1,67.5,28.4
z_73.5_18.0,2027,2,2027-S2,Diminution,53.6,14.4,53.6,32.0
z_73.5_18.0,2028,1,2028-S1,Diminution,62.0,2.1,62.0,35.9
z_73.5_18.0,2028,2,2028-S2,Diminution,49.3,12.4,49.3,38.3
z_73.5_18.0,2029,1,2029-S1,Diminution,74.4,1.8,74.4,23.8
z_73.5_18.0,2029,2,2029-S2,Diminution,49.3,12.4,49.3,38.3
z_73.5_18.0,2030,1,2030-S1,Diminution,74.4,1.8,74.4,23.8
z_73.5_18.0,2030,2,2030-S2,Diminution,49.3,12.4,49.3,38.3
z_73.5_21.0,2023,1,2023-S1,Diminution,64.4,8.3,64.4,27.3
z_73.5_21.0,2023,2,2023-S2,Diminution,62.4,18.6,62.4,19.0
z_73.5_21.0,2024,1,2024-S1,Diminution,57.8,11.6,57.8,30.5
z_73.5_21.0,2024,2,2024-S2,Diminution,59.4,18.1,59.4,22.5
z_73.5_21.0,2025,1,2025-S1,Diminution,63.0,8.6,63.0,28.4
z_73.5_21.0,2025,2,2025-S2,Diminution,61.2,16.1,61.2,22.6
z_73.5_21.0,2026,1,2026-S1,Diminution,65.1,8.0,65.1,26.9
z_73.5_21.0,2026,2,2026-S2,Diminution,62.1,16.7,62.1,21.2
z_73.5_21.0,2027,1,2027-S1,Diminution,64.4,8.3,64.4,27.3
z_73.5_21.0,2027,2,2027-S2,Diminution,62.4,18.6,62.4,19.0
z_73.5_21.0,2028,1,2028-S1,Diminution,64.4,8.3,64.4,27.3
z_73.5_21.0,2028,2,2028-S2,Diminution,62.4,18.6,62.4,19.0
z_73.5_21.0,2029,1,2029-S1,Diminution,64.4,8.3,64.4,27.3
z_73.5_21.0,2029,2,2029-S2,Diminution,62.4,18.6,62.4,19.0
z_73.5_21.0,2030,1,2030-S1,Diminution,64.4,8.3,64.4,27.3
z_73.5_21.0,2030,2,2030-S2,Diminution,62.4,18.6,62.4,19.0
z_73.5_25.5,2023,1,2023-S1,Diminution,78.6,2.4,78.6,19.0
z_73.5_25.5,2023,2,2023-S2,Diminution,78.2,2.8,78.2,19.0
z_73.5_25.5,2024,1,2024-S1,Diminution,77.1,5.3,77.1,17.6
z_73.5_25.5,2024,2,2024-S2,Diminution,61.7,6.6,61.7,31.7
z_73.5_25.5,2025,1,2025-S1,Diminution,71.8,3.2,71.8,25.0
z_73.5_25.5,2025,2,2025-S2,Diminution,69.6,6.4,69.6,24.0
z_73.5_25.5,2026,1,2026-S1,Diminution,73.3,4.8,73.3,21.9
z_73.5_25.5,2026,2,2026-S2,Diminution,63.7,2.7,63.7,33.6
z_73.5_25.5,2027,1,2027-S1,Diminution,78.6,2.4,78.6,19.0
z_73.5_25.5,2027,2,2027-S2,Diminution,78.2,2.8,78.2,19.0
z_73.5_25.5,2028,1,2028-S1,Diminution,78.6,2.4,78.6,19.0
z_73.5_25.5,2028,2,2028-S2,Diminution,78.2,2.8,78.2,19.0
z_73.5_25.5,2029,1,2029-S1,Diminution,78.6,2.4,78.6,19.0
z_73.5_25.5,2029,2,2029-S2,Diminution,78.2,2.8,78.2,19.0
z_73.5_25.5,2030,1,2030-S1,Diminution,78.6,2.4,78.6,19.0
z_73.5_25.5,2030,2,2030-S2,Diminution,78.2,2.8,78.2,19.0
z_73.5_33.0,2023,1,2023-S1,Diminution,78.7,2.5,78.7,18.7
z_73.5_33.0,2023,2,2023-S2,Diminution,79.4,2.8,79.4,17.9
z_73.5_33.0,2024,1,2024-S1,Diminution,78.7,2.5,78.7,18.7
z_73.5_33.0,2024,2,2024-S2,Diminution,79.4,2.8,79.4,17.9
z_73.5_33.0,2025,1,2025-S1,Diminution,69.5,6.1,69.5,24.4
z_73.5_33.0,2025,2,2025-S2,Diminution,56.6,7.2,56.6,36.2
z_73.5_33.0,2026,1,2026-S1,Diminution,59.8,7.9,59.8,32.2
z_73.5_33.0,2026,2,2026-S2,Diminution,53.4,10.9,53.4,35.7
z_73.5_33.0,2027,1,2027-S1,Diminution,72.1,4.0,72.1,23.9
z_73.5_33.0,2027,2,2027-S2,Diminution,65.8,4.5,65.8,29.7
z_73.5_33.0,2028,1,2028-S1,Diminution,76.2,3.5,76.2,20.3
z_73.5_33.0,2028,2,2028-S2,Diminution,71.2,3.1,71.2,25.8
z_73.5_33.0,2029,1,2029-S1,Diminution,78.7,2.5,78.7,18.7
z_73.5_33.0,2029,2,2029-S2,Diminution,79.4,2.8,79.4,17.9
z_73.5_33.0,2030,1,2030-S1,Diminution,78.7,2.5,78.7,18.7
z_73.5_33.0,2030,2,2030-S2,Diminution,79.4,2.8,79.4,17.9
z_73.5_34.5,2023,1,2023-S1,Diminution,49.1,9.2,49.1,41.7
z_73.5_34.5,2023,2,2023-S2,Diminution,64.3,2.9,64.3,32.8
z_73.5_34.5,2024,1,2024-S1,Diminution,59.3,6.7,59.3,33.9
z_73.5_34.5,2024,2,2024-S2,Diminution,68.0,4.0,68.0,28.0
z_73.5_34.5,2025,1,2025-S1,Diminution,63.9,8.7,63.9,27.4
z_73.5_34.5,2025,2,2025-S2,Diminution,52.7,7.6,52.7,39.7
z_73.5_34.5,2026,1,2026-S1,Diminution,60.1,4.4,60.1,35.5
z_73.5_34.5,2026,2,2026-S2,Diminution,65.6,5.3,65.6,29.1
z_73.5_34.5,2027,1,2027-S1,Diminution,65.1,4.7,65.1,30.3
z_73.5_34.5,2027,2,2027-S2,Diminution,63.4,2.7,63.4,33.9
z_73.5_34.5,2028,1,2028-S1,Diminution,62.3,4.2,62.3,33.5
z_73.5_34.5,2028,2,2028-S2,Diminution,71.3,2.6,71.3,26.0
z_73.5_34.5,2029,1,2029-S1,Diminution,62.3,4.2,62.3,33.5
z_73.5_34.5,2029,2,2029-S2,Diminution,71.3,2.6,71.3,26.0
z_73.5_34.5,2030,1,2030-S1,Diminution,62.3,4.2,62.3,33.5
z_73.5_34.5,2030,2,2030-S2,Diminution,71.3,2.6,71.3,26.0
z_75.0_18.0,2023,1,2023-S1,Diminution,76.8,2.7,76.8,20.5
z_75.0_18.0,2023,2,2023-S2,Diminution,65.4,7.8,65.4,26.7
z_75.0_18.0,2024,1,2024-S1,Diminution,68.9,6.0,68.9,25.1
z_75.0_18.0,2024,2,2024-S2,Diminution,52.3,13.7,52.3,34.0
z_75.0_18.0,2025,1,2025-S1,Diminution,73.0,3.8,73.0,23.2
z_75.0_18.0,2025,2,2025-S2,Diminution,59.8,10.0,59.8,30.2
z_75.0_18.0,2026,1,2026-S1,Diminution,74.8,3.3,74.8,21.9
z_75.0_18.0,2026,2,2026-S2,Diminution,66.6,6.6,66.6,26.7
z_75.0_18.0,2027,1,2027-S1,Diminution,76.8,2.7,76.8,20.5
z_75.0_18.0,2027,2,2027-S2,Diminution,65.4,7.8,65.4,26.7
z_75.0_18.0,2028,1,2028-S1,Diminution,76.8,2.7,76.8,20.5
z_75.0_18.0,2028,2,2028-S2,Diminution,65.4,7.8,65.4,26.7
z_75.0_18.0,2029,1,2029-S1,Diminution,76.8,2.7,76.8,20.5
z_75.0_18.0,2029,2,2029-S2,Diminution,65.4,7.8,65.4,26.7
z_75.0_18.0,2030,1,2030-S1,Diminution,76.8,2.7,76.8,20.5
z_75.0_18.0,2030,2,2030-S2,Diminution,65.4,7.8,65.4,26.7
z_75.0_30.0,2023,1,2023-S1,Diminution,76.2,3.1,76.2,20.7
z_75.0_30.0,2023,2,2023-S2,Diminution,77.7,3.3,77.7,18.9
z_75.0_30.0,2024,1,2024-S1,Diminution,76.2,3.1,76.2,20.7
z_75.0_30.0,2024,2,2024-S2,Diminution,67.3,7.3,67.3,25.4
z_75.0_30.0,2025,1,2025-S1,Diminution,54.5,7.8,54.5,37.7
z_75.0_30.0,2025,2,2025-S2,Diminution,73.6,4.3,73.6,22.1
z_75.0_30.0,2026,1,2026-S1,Diminution,72.0,4.8,72.0,23.3
z_75.0_30.0,2026,2,2026-S2,Diminution,73.1,4.3,73.1,22.6
z_75.0_30.0,2027,1,2027-S1,Diminution,70.2,3.6,70.2,26.2
z_75.0_30.0,2027,2,2027-S2,Diminution,77.7,3.3,77.7,18.9
z_75.0_30.0,2028,1,2028-S1,Diminution,76.2,3.1,76.2,20.7
z_75.0_30.0,2028,2,2028-S2,Diminution,77.7,3.3,77.7,18.9
z_75.0_30.0,2029,1,2029-S1,Diminution,76.2,3.1,76.2,20.7
z_75.0_30.0,2029,2,2029-S2,Diminution,77.7,3.3,77.7,18.9
z_75.0_30.0,2030,1,2030-S1,Diminution,76.2,3.1,76.2,20.7
z_75.0_30.0,2030,2,2030-S2,Diminution,77.7,3.3,77.7,18.9
z_75.0_31.5,2023,1,2023-S1,Diminution,63.7,6.4,63.7,29.9
z_75.0_31.5,2023,2,2023-S2,Diminution,68.6,5.9,68.6,25.4
z_75.0_31.5,2024,1,2024-S1,Diminution,52.7,10.5,52.7,36.8
z_75.0_31.5,2024,2,2024-S2,Diminution,60.4,8.0,60.4,31.6
z_75.0_31.5,2025,1,2025-S1,Diminution,50.6,11.0,50.6,38.4
z_75.0_31.5,2025,2,2025-S2,Diminution,73.9,3.8,73.9,22.3
z_75.0_31.5,2026,1,2026-S1,Diminution,60.2,7.5,60.2,32.3
z_75.0_31.5,2026,2,2026-S2,Diminution,76.2,3.3,76.2,20.4
z_75.0_31.5,2027,1,2027-S1,Diminution,64.3,5.6,64.3,30.1
z_75.0_31.5,2027,2,2027-S2,Diminution,79.5,2.5,79.5,17.9
z_75.0_31.5,2028,1,2028-S1,Diminution,63.7,6.4,63.7,29.9
z_75.0_31.5,2028,2,2028-S2,Diminution,79.5,2.5,79.5,17.9
z_75.0_31.5,2029,1,2029-S1,Diminution,63.7,6.4,63.7,29.9
z_75.0_31.5,2029,2,2029-S2,Diminution,79.5,2.5,79.5,17.9
z_75.0_31.5,2030,1,2030-S1,Diminution,63.7,6.4,63.7,29.9
z_75.0_31.5,2030,2,2030-S2,Diminution,79.5,2.5,79.5,17.9
z_75.0_33.0,2023,1,2023-S1,Diminution,75.5,2.3,75.5,22.1
z_75.0_33.0,2023,2,2023-S2,Diminution,55.7,12.8,55.7,31.5
z_75.0_33.0,2024,1,2024-S1,Stable,48.9,16.2,35.0,48.9
z_75.0_33.0,2024,2,2024-S2,Diminution,58.4,7.8,58.4,33.8
z_75.0_33.0,2025,1,2025-S1,Stable,38.5,24.6,36.9,38.5
z_75.0_33.0,2025,2,2025-S2,Diminution,46.2,15.8,46.2,38.1
z_75.0_33.0,2026,1,2026-S1,Stable,49.2,17.8,33.0,49.2
z_75.0_33.0,2026,2,2026-S2,Diminution,65.6,6.6,65.6,27.8
z_75.0_33.0,2027,1,2027-S1,Diminution,50.5,13.0,50.5,36.5
z_75.0_33.0,2027,2,2027-S2,Diminution,40.8,20.2,40.8,39.1
z_75.0_33.0,2028,1,2028-S1,Diminution,58.7,7.7,58.7,33.6
z_75.0_33.0,2028,2,2028-S2,Diminution,76.2,2.7,76.2,21.1
z_75.0_33.0,2029,1,2029-S1,Diminution,75.4,2.4,75.4,22.2
z_75.0_33.0,2029,2,2029-S2,Diminution,76.2,2.7,76.2,21.1
z_75.0_33.0,2030,1,2030-S1,Diminution,75.5,2.3,75.5,22.2
z_75.0_33.0,2030,2,2030-S2,Diminution,76.1,2.7,76.1,21.2
z_75.0_34.5,2023,1,2023-S1,Diminution,60.1,10.1,60.1,29.8
z_75.0_34.5,2023,2,2023-S2,Diminution,63.4,7.5,63.4,29.1
z_75.0_34.5,2024,1,2024-S1,Diminution,63.9,7.5,63.9,28.6
z_75.0_34.5,2024,2,2024-S2,Diminution,46.5,17.6,46.5,35.9
z_75.0_34.5,2025,1,2025-S1,Stable,37.1,26.8,36.1,37.1
z_75.0_34.5,2025,2,2025-S2,Diminution,58.2,6.7,58.2,35.1
z_75.0_34.5,2026,1,2026-S1,Diminution,53.5,14.5,53.5,32.0
z_75.0_34.5,2026,2,2026-S2,Diminution,62.9,7.8,62.9,29.3
z_75.0_34.5,2027,1,2027-S1,Diminution,56.8,8.2,56.8,35.0
z_75.0_34.5,2027,2,2027-S2,Diminution,62.4,7.1,62.4,30.5
z_75.0_34.5,2028,1,2028-S1,Diminution,63.5,8.7,63.5,27.7
z_75.0_34.5,2028,2,2028-S2,Diminution,62.4,7.1,62.4,30.5
z_75.0_34.5,2029,1,2029-S1,Diminution,63.5,8.7,63.5,27.7
z_75.0_34.5,2029,2,2029-S2,Diminution,62.4,7.1,62.4,30.5
z_75.0_34.5,2030,1,2030-S1,Diminution,63.5,8.7,63.5,27.7
z_75.0_34.5,2030,2,2030-S2,Diminution,62.4,7.1,62.4,30.5
z_75.0_36.0,2023,1,2023-S1,Diminution,72.3,2.8,72.3,24.9
z_75.0_36.0,2023,2,2023-S2,Diminution,63.2,10.7,63.2,26.1
z_75.0_36.0,2024,1,2024-S1,Diminution,51.9,6.9,51.9,41.2
z_75.0_36.0,2024,2,2024-S2,Diminution,63.8,7.9,63.8,28.3
z_75.0_36.0,2025,1,2025-S1,Diminution,68.3,4.8,68.3,26.9
z_75.0_36.0,2025,2,2025-S2,Diminution,67.1,7.8,67.1,25.1
z_75.0_36.0,2026,1,2026-S1,Diminution,65.8,3.0,65.8,31.3
z_75.0_36.0,2026,2,2026-S2,Diminution,63.6,8.6,63.6,27.8
z_75.0_36.0,2027,1,2027-S1,Diminution,72.3,2.8,72.3,24.9
z_75.0_36.0,2027,2,2027-S2,Diminution,63.6,8.6,63.6,27.8
z_75.0_36.0,2028,1,2028-S1,Diminution,72.3,2.8,72.3,24.9
z_75.0_36.0,2028,2,2028-S2,Diminution,63.6,8.6,63.6,27.8
z_75.0_36.0,2029,1,2029-S1,Diminution,72.3,2.8,72.3,24.9
z_75.0_36.0,2029,2,2029-S2,Diminution,63.6,8.6,63.6,27.8
z_75.0_36.0,2030,1,2030-S1,Diminution,72.3,2.8,72.3,24.9
z_75.0_36.0,2030,2,2030-S2,Diminution,63.6,8.6,63.6,27.8
z_75.0_40.5,2023,1,2023-S1,Diminution,55.7,4.5,55.7,39.8
z_75.0_40.5,2023,2,2023-S2,Diminution,54.4,4.2,54.4,41.3
z_75.0_40.5,2024,1,2024-S1,Diminution,55.7,4.5,55.7,39.8
z_75.0_40.5,2024,2,2024-S2,Diminution,54.4,4.2,54.4,41.3
z_75.0_40.5,2025,1,2025-S1,Diminution,55.7,4.5,55.7,39.8
z_75.0_40.5,2025,2,2025-S2,Diminution,54.4,4.2,54.4,41.3
z_75.0_40.5,2026,1,2026-S1,Diminution,53.0,6.6,53.0,40.4
z_75.0_40.5,2026,2,2026-S2,Diminution,46.6,10.4,46.6,43.0
z_75.0_40.5,2027,1,2027-S1,Diminution,52.5,5.3,52.5,42.2
z_75.0_40.5,2027,2,2027-S2,Diminution,52.2,5.4,52.2,42.4
z_75.0_40.5,2028,1,2028-S1,Diminution,52.7,4.8,52.7,42.4
z_75.0_40.5,2028,2,2028-S2,Stable,49.5,3.4,47.2,49.5
z_75.0_40.5,2029,1,2029-S1,Diminution,55.7,4.5,55.7,39.8
z_75.0_40.5,2029,2,2029-S2,Diminution,54.4,4.2,54.4,41.3
z_75.0_40.5,2030,1,2030-S1,Diminution,55.7,4.5,55.7,39.8
z_75.0_40.5,2030,2,2030-S2,Diminution,54.4,4.2,54.4,41.3
z_76.5_13.5,2023,1,2023-S1,Diminution,44.6,20.5,44.6,34.8
z_76.5_13.5,2023,2,2023-S2,Diminution,65.8,4.4,65.8,29.8
z_76.5_13.5,2024,1,2024-S1,Diminution,44.6,20.5,44.6,34.8
z_76.5_13.5,2024,2,2024-S2,Diminution,63.0,6.5,63.0,30.4
z_76.5_13.5,2025,1,2025-S1,Diminution,39.8,25.8,39.8,34.4
z_76.5_13.5,2025,2,2025-S2,Diminution,64.0,6.3,64.0,29.7
z_76.5_13.5,2026,1,2026-S1,Diminution,43.0,17.3,43.0,39.6
z_76.5_13.5,2026,2,2026-S2,Diminution,61.1,5.1,61.1,33.9
z_76.5_13.5,2027,1,2027-S1,Diminution,45.7,15.9,45.7,38.4
z_76.5_13.5,2027,2,2027-S2,Diminution,65.8,4.4,65.8,29.8
z_76.5_13.5,2028,1,2028-S1,Diminution,44.6,20.5,44.6,34.8
z_76.5_13.5,2028,2,2028-S2,Diminution,65.8,4.4,65.8,29.8
z_76.5_13.5,2029,1,2029-S1,Diminution,44.6,20.5,44.6,34.8
z_76.5_13.5,2029,2,2029-S2,Diminution,65.8,4.4,65.8,29.8
z_76.5_13.5,2030,1,2030-S1,Diminution,44.6,20.5,44.6,34.8
z_76.5_13.5,2030,2,2030-S2,Diminution,65.8,4.4,65.8,29.8
z_76.5_33.0,2023,1,2023-S1,Diminution,78.3,1.7,78.3,20.0
z_76.5_33.0,2023,2,2023-S2,Diminution,87.1,5.2,87.1,7.8
z_76.5_33.0,2024,1,2024-S1,Diminution,86.4,3.3,86.4,10.3
z_76.5_33.0,2024,2,2024-S2,Diminution,87.1,1.8,87.1,11.1
z_76.5_33.0,2025,1,2025-S1,Diminution,88.4,2.8,88.4,8.8
z_76.5_33.0,2025,2,2025-S2,Diminution,92.4,0.6,92.4,7.0
z_76.5_33.0,2026,1,2026-S1,Diminution,90.8,1.3,90.8,7.9
z_76.5_33.0,2026,2,2026-S2,Diminution,81.4,1.5,81.4,17.1
z_76.5_33.0,2027,1,2027-S1,Diminution,82.1,8.2,82.1,9.7
z_76.5_33.0,2027,2,2027-S2,Diminution,87.4,3.0,87.4,9.6
z_76.5_33.0,2028,1,2028-S1,Diminution,83.9,2.5,83.9,13.6
z_76.5_33.0,2028,2,2028-S2,Diminution,88.4,2.8,88.4,8.8
z_76.5_33.0,2029,1,2029-S1,Diminution,91.1,1.5,91.1,7.4
z_76.5_33.0,2029,2,2029-S2,Diminution,92.4,0.6,92.4,7.0
z_76.5_33.0,2030,1,2030-S1,Diminution,91.1,1.5,91.1,7.4
z_76.5_33.0,2030,2,2030-S2,Diminution,92.4,0.6,92.4,7.0
z_76.5_9.0,2023,1,2023-S1,Diminution,77.3,3.0,77.3,19.7
z_76.5_9.0,2023,2,2023-S2,Diminution,78.1,3.4,78.1,18.5
z_76.5_9.0,2024,1,2024-S1,Diminution,77.3,3.0,77.3,19.7
z_76.5_9.0,2024,2,2024-S2,Diminution,78.1,3.4,78.1,18.5
z_76.5_9.0,2025,1,2025-S1,Diminution,77.3,3.0,77.3,19.7
z_76.5_9.0,2025,2,2025-S2,Diminution,78.1,3.4,78.1,18.5
z_76.5_9.0,2026,1,2026-S1,Diminution,67.1,6.3,67.1,26.5
z_76.5_9.0,2026,2,2026-S2,Diminution,55.0,8.6,55.0,36.3
z_76.5_9.0,2027,1,2027-S1,Diminution,73.2,3.8,73.2,23.0
z_76.5_9.0,2027,2,2027-S2,Diminution,73.5,5.0,73.5,21.4
z_76.5_9.0,2028,1,2028-S1,Diminution,74.4,3.9,74.4,21.7
z_76.5_9.0,2028,2,2028-S2,Diminution,70.4,3.3,70.4,26.3
z_76.5_9.0,2029,1,2029-S1,Diminution,77.3,3.0,77.3,19.7
z_76.5_9.0,2029,2,2029-S2,Diminution,78.1,3.4,78.1,18.5
z_76.5_9.0,2030,1,2030-S1,Diminution,77.3,3.0,77.3,19.7
z_76.5_9.0,2030,2,2030-S2,Diminution,78.1,3.4,78.1,18.5
z_78.0_10.5,2023,1,2023-S1,Diminution,83.7,2.0,83.7,14.3
z_78.0_10.5,2023,2,2023-S2,Diminution,84.2,2.3,84.2,13.5
z_78.0_10.5,2024,1,2024-S1,Diminution,83.7,2.0,83.7,14.3
z_78.0_10.5,2024,2,2024-S2,Diminution,84.2,2.3,84.2,13.5
z_78.0_10.5,2025,1,2025-S1,Diminution,83.7,2.0,83.7,14.3
z_78.0_10.5,2025,2,2025-S2,Diminution,81.9,5.7,81.9,12.4
z_78.0_10.5,2026,1,2026-S1,Diminution,67.8,3.9,67.8,28.4
z_78.0_10.5,2026,2,2026-S2,Diminution,82.1,3.2,82.1,14.7
z_78.0_10.5,2027,1,2027-S1,Diminution,75.5,5.2,75.5,19.3
z_78.0_10.5,2027,2,2027-S2,Diminution,78.8,5.5,78.8,15.6
z_78.0_10.5,2028,1,2028-S1,Diminution,76.6,2.7,76.6,20.7
z_78.0_10.5,2028,2,2028-S2,Diminution,84.2,2.3,84.2,13.5
z_78.0_10.5,2029,1,2029-S1,Diminution,83.7,2.0,83.7,14.3
z_78.0_10.5,2029,2,2029-S2,Diminution,84.2,2.3,84.2,13.5
z_78.0_10.5,2030,1,2030-S1,Diminution,83.7,2.0,83.7,14.3
z_78.0_10.5,2030,2,2030-S2,Diminution,84.2,2.3,84.2,13.5
z_78.0_13.5,2023,1,2023-S1,Diminution,89.7,1.1,89.7,9.2
z_78.0_13.5,2023,2,2023-S2,Diminution,67.5,16.0,67.5,16.5
z_78.0_13.5,2024,1,2024-S1,Diminution,78.1,1.9,78.1,20.0
z_78.0_13.5,2024,2,2024-S2,Diminution,71.6,9.9,71.6,18.5
z_78.0_13.5,2025,1,2025-S1,Diminution,69.3,10.1,69.3,20.6
z_78.0_13.5,2025,2,2025-S2,Diminution,56.3,17.0,56.3,26.7
z_78.0_13.5,2026,1,2026-S1,Diminution,53.2,19.2,53.2,27.7
z_78.0_13.5,2026,2,2026-S2,Diminution,56.5,14.5,56.5,29.1
z_78.0_13.5,2027,1,2027-S1,Diminution,54.8,16.8,54.8,28.4
z_78.0_13.5,2027,2,2027-S2,Diminution,51.1,18.5,51.1,30.4
z_78.0_13.5,2028,1,2028-S1,Diminution,49.2,21.8,49.2,29.0
z_78.0_13.5,2028,2,2028-S2,Diminution,51.1,18.7,51.1,30.2
z_78.0_13.5,2029,1,2029-S1,Diminution,49.2,21.8,49.2,29.0
z_78.0_13.5,2029,2,2029-S2,Diminution,51.1,18.7,51.1,30.2
z_78.0_13.5,2030,1,2030-S1,Diminution,49.2,21.8,49.2,29.0
z_78.0_13.5,2030,2,2030-S2,Diminution,51.1,18.7,51.1,30.2
z_78.0_15.0,2023,1,2023-S1,Diminution,70.3,4.2,70.3,25.5
z_78.0_15.0,2023,2,2023-S2,Diminution,73.9,4.6,73.9,21.5
z_78.0_15.0,2024,1,2024-S1,Diminution,74.0,7.6,74.0,18.4
z_78.0_15.0,2024,2,2024-S2,Diminution,68.5,10.7,68.5,20.8
z_78.0_15.0,2025,1,2025-S1,Diminution,64.7,4.8,64.7,30.5
z_78.0_15.0,2025,2,2025-S2,Diminution,73.9,4.6,73.9,21.5
z_78.0_15.0,2026,1,2026-S1,Diminution,74.0,7.6,74.0,18.4
z_78.0_15.0,2026,2,2026-S2,Diminution,74.7,5.8,74.7,19.5
z_78.0_15.0,2027,1,2027-S1,Diminution,79.0,3.3,79.0,17.8
z_78.0_15.0,2027,2,2027-S2,Diminution,73.8,3.6,73.8,22.7
z_78.0_15.0,2028,1,2028-S1,Diminution,84.8,3.2,84.8,12.0
z_78.0_15.0,2028,2,2028-S2,Diminution,73.8,3.6,73.8,22.7
z_78.0_15.0,2029,1,2029-S1,Diminution,84.8,3.2,84.8,12.0
z_78.0_15.0,2029,2,2029-S2,Diminution,73.8,3.6,73.8,22.7
z_78.0_15.0,2030,1,2030-S1,Diminution,84.8,3.2,84.8,12.0
z_78.0_15.0,2030,2,2030-S2,Diminution,73.8,3.6,73.8,22.7
z_79.5_10.5,2023,1,2023-S1,Diminution,68.0,3.5,68.0,28.4
z_79.5_10.5,2023,2,2023-S2,Diminution,87.0,4.0,87.0,9.1
z_79.5_10.5,2024,1,2024-S1,Diminution,74.7,5.3,74.7,20.0
z_79.5_10.5,2024,2,2024-S2,Diminution,84.0,2.1,84.0,13.9
z_79.5_10.5,2025,1,2025-S1,Diminution,85.2,2.5,85.2,12.3
z_79.5_10.5,2025,2,2025-S2,Diminution,90.7,0.5,90.7,8.8
z_79.5_10.5,2026,1,2026-S1,Diminution,87.5,1.1,87.5,11.4
z_79.5_10.5,2026,2,2026-S2,Diminution,77.6,1.5,77.6,20.9
z_79.5_10.5,2027,1,2027-S1,Diminution,85.5,4.3,85.5,10.2
z_79.5_10.5,2027,2,2027-S2,Diminution,86.0,3.0,86.0,11.0
z_79.5_10.5,2028,1,2028-S1,Diminution,84.1,2.0,84.1,13.9
z_79.5_10.5,2028,2,2028-S2,Diminution,86.6,3.2,86.6,10.2
z_79.5_10.5,2029,1,2029-S1,Diminution,90.1,0.6,90.1,9.3
z_79.5_10.5,2029,2,2029-S2,Diminution,90.7,0.5,90.7,8.8
z_79.5_10.5,2030,1,2030-S1,Diminution,90.1,0.6,90.1,9.3
z_79.5_10.5,2030,2,2030-S2,Diminution,90.7,0.5,90.7,8.8
z_79.5_16.5,2023,1,2023-S1,Diminution,90.5,0.7,90.5,8.8
z_79.5_16.5,2023,2,2023-S2,Diminution,91.0,0.4,91.0,8.7
z_79.5_16.5,2024,1,2024-S1,Diminution,90.5,0.7,90.5,8.8
z_79.5_16.5,2024,2,2024-S2,Diminution,91.0,0.4,91.0,8.7
z_79.5_16.5,2025,1,2025-S1,Diminution,90.5,0.7,90.5,8.8
z_79.5_16.5,2025,2,2025-S2,Diminution,91.0,0.4,91.0,8.7
z_79.5_16.5,2026,1,2026-S1,Diminution,91.5,0.8,91.5,7.7
z_79.5_16.5,2026,2,2026-S2,Diminution,81.3,1.2,81.3,17.6
z_79.5_16.5,2027,1,2027-S1,Diminution,82.4,5.9,82.4,11.7
z_79.5_16.5,2027,2,2027-S2,Diminution,86.2,2.8,86.2,11.0
z_79.5_16.5,2028,1,2028-S1,Diminution,84.1,1.8,84.1,14.0
z_79.5_16.5,2028,2,2028-S2,Diminution,87.2,2.6,87.2,10.2
z_79.5_16.5,2029,1,2029-S1,Diminution,90.5,0.7,90.5,8.8
z_79.5_16.5,2029,2,2029-S2,Diminution,91.0,0.4,91.0,8.7
z_79.5_16.5,2030,1,2030-S1,Diminution,90.5,0.7,90.5,8.8
z_79.5_16.5,2030,2,2030-S2,Diminution,91.0,0.4,91.0,8.7
