zone,annee,trimestre,trimestre_annee,tendance,confiance,proba_Augmentation,proba_Diminution,proba_Stable
z_24.0_-18.0,2023,1,2023-T1,Diminution,89.1,4.1,89.1,6.8
z_24.0_-18.0,2023,2,2023-T2,Diminution,63.6,7.1,63.6,29.3
z_24.0_-18.0,2023,3,2023-T3,Diminution,87.8,5.2,87.8,7.0
z_24.0_-18.0,2023,4,2023-T4,Diminution,89.0,4.5,89.0,6.5
z_24.0_-18.0,2024,1,2024-T1,Diminution,89.1,4.1,89.1,6.8
z_24.0_-18.0,2024,2,2024-T2,Diminution,87.0,4.2,87.0,8.7
z_24.0_-18.0,2024,3,2024-T3,Diminution,87.8,5.2,87.8,7.0
z_24.0_-18.0,2024,4,2024-T4,Diminution,89.0,4.5,89.0,6.5
z_24.0_-18.0,2025,1,2025-T1,Diminution,76.7,3.1,76.7,20.1
z_24.0_-18.0,2025,2,2025-T2,Diminution,76.1,4.5,76.1,19.4
z_24.0_-18.0,2025,3,2025-T3,Diminution,86.5,5.2,86.5,8.3
z_24.0_-18.0,2025,4,2025-T4,Diminution,83.9,4.1,83.9,12.0
z_24.0_-18.0,2026,1,2026-T1,Diminution,89.1,4.1,89.1,6.8
z_24.0_-18.0,2026,2,2026-T2,Diminution,87.0,4.2,87.0,8.7
z_24.0_-18.0,2026,3,2026-T3,Diminution,87.8,5.2,87.8,7.0
z_24.0_-18.0,2026,4,2026-T4,Diminution,82.9,6.8,82.9,10.4
z_24.0_-18.0,2027,1,2027-T1,Diminution,89.1,4.1,89.1,6.8
z_24.0_-18.0,2027,2,2027-T2,Diminution,87.0,4.2,87.0,8.7
z_24.0_-18.0,2027,3,2027-T3,Diminution,87.8,5.2,87.8,7.0
z_24.0_-18.0,2027,4,2027-T4,Diminution,76.6,4.5,76.6,18.9
z_24.0_-18.0,2028,1,2028-T1,Diminution,89.1,4.1,89.1,6.8
z_24.0_-18.0,2028,2,2028-T2,Diminution,87.0,4.2,87.0,8.7
z_24.0_-18.0,2028,3,2028-T3,Diminution,87.8,5.2,87.8,7.0
z_24.0_-18.0,2028,4,2028-T4,Diminution,84.3,4.7,84.3,11.0
z_24.0_-18.0,2029,1,2029-T1,Diminution,89.1,4.1,89.1,6.8
z_24.0_-18.0,2029,2,2029-T2,Diminution,87.0,4.2,87.0,8.7
z_24.0_-18.0,2029,3,2029-T3,Diminution,87.8,5.2,87.8,7.0
z_24.0_-18.0,2029,4,2029-T4,Diminution,63.8,8.5,63.8,27.7
z_24.0_-18.0,2030,1,2030-T1,Diminution,89.1,4.1,89.1,6.8
z_24.0_-18.0,2030,2,2030-T2,Diminution,87.0,4.2,87.0,8.7
z_24.0_-18.0,2030,3,2030-T3,Diminution,87.8,5.2,87.8,7.0
z_24.0_-18.0,2030,4,2030-T4,Diminution,89.0,4.5,89.0,6.5
z_24.0_-19.5,2023,1,2023-T1,Diminution,93.1,1.4,93.1,5.5
z_24.0_-19.5,2023,2,2023-T2,Diminution,57.7,6.2,57.7,36.1
z_24.0_-19.5,2023,3,2023-T3,Diminution,78.2,3.2,78.2,18.6
z_24.0_-19.5,2023,4,2023-T4,Diminution,91.6,2.4,91.6,6.1
z_24.0_-19.5,2024,1,2024-T1,Diminution,88.4,1.7,88.4,9.8
z_24.0_-19.5,2024,2,2024-T2,Diminution,91.8,1.5,91.8,6.7
z_24.0_-19.5,2024,3,2024-T3,Diminution,92.2,1.7,92.2,6.1
z_24.0_-19.5,2024,4,2024-T4,Diminution,92.8,1.6,92.8,5.6
z_24.0_-19.5,2025,1,2025-T1,Diminution,85.6,3.7,85.6,10.7
z_24.0_-19.5,2025,2,2025-T2,Diminution,91.8,1.5,91.8,6.7
z_24.0_-19.5,2025,3,2025-T3,Diminution,92.2,1.7,92.2,6.1
z_24.0_-19.5,2025,4,2025-T4,Diminution,92.8,1.6,92.8,5.6
z_24.0_-19.5,2026,1,2026-T1,Diminution,81.2,2.1,81.2,16.7
z_24.0_-19.5,2026,2,2026-T2,Diminution,91.8,1.5,91.8,6.7
z_24.0_-19.5,2026,3,2026-T3,Diminution,92.2,1.7,92.2,6.1
z_24.0_-19.5,2026,4,2026-T4,Diminution,92.8,1.6,92.8,5.6
z_24.0_-19.5,2027,1,2027-T1,Diminution,87.3,2.6,87.3,10.2
z_24.0_-19.5,2027,2,2027-T2,Diminution,91.8,1.5,91.8,6.7
z_24.0_-19.5,2027,3,2027-T3,Diminution,92.2,1.7,92.2,6.1
z_24.0_-19.5,2027,4,2027-T4,Diminution,92.8,1.6,92.8,5.6
z_24.0_-19.5,2028,1,2028-T1,Diminution,69.7,5.5,69.7,24.8
z_24.0_-19.5,2028,2,2028-T2,Diminution,91.8,1.5,91.8,6.7
z_24.0_-19.5,2028,3,2028-T3,Diminution,92.2,1.7,92.2,6.1
z_24.0_-19.5,2028,4,2028-T4,Diminution,92.8,1.6,92.8,5.6
z_24.0_-19.5,2029,1,2029-T1,Diminution,93.1,1.4,93.1,5.5
z_24.0_-19.5,2029,2,2029-T2,Diminution,91.8,1.5,91.8,6.7
z_24.0_-19.5,2029,3,2029-T3,Diminution,92.2,1.7,92.2,6.1
z_24.0_-19.5,2029,4,2029-T4,Diminution,92.8,1.6,92.8,5.6
z_24.0_-19.5,2030,1,2030-T1,Diminution,93.1,1.4,93.1,5.5
z_24.0_-19.5,2030,2,2030-T2,Diminution,91.8,1.5,91.8,6.7
z_24.0_-19.5,2030,3,2030-T3,Diminution,92.2,1.7,92.2,6.1
z_24.0_-19.5,2030,4,2030-T4,Diminution,92.8,1.6,92.8,5.6
z_25.5_-16.5,2023,1,2023-T1,Diminution,84.5,1.8,84.5,13.7
z_25.5_-16.5,2023,2,2023-T2,Diminution,82.0,1.7,82.0,16.3
z_25.5_-16.5,2023,3,2023-T3,Diminution,83.9,1.9,83.9,14.2
z_25.5_-16.5,2023,4,2023-T4,Diminution,85.1,2.0,85.1,12.9
z_25.5_-16.5,2024,1,2024-T1,Diminution,84.5,1.8,84.5,13.7
z_25.5_-16.5,2024,2,2024-T2,Diminution,82.0,1.7,82.0,16.3
z_25.5_-16.5,2024,3,2024-T3,Diminution,83.9,1.9,83.9,14.2
z_25.5_-16.5,2024,4,2024-T4,Diminution,85.1,2.0,85.1,12.9
z_25.5_-16.5,2025,1,2025-T1,Diminution,70.8,1.9,70.8,27.3
z_25.5_-16.5,2025,2,2025-T2,Diminution,74.8,2.8,74.8,22.4
z_25.5_-16.5,2025,3,2025-T3,Diminution,82.5,2.7,82.5,14.8
z_25.5_-16.5,2025,4,2025-T4,Diminution,81.0,2.3,81.0,16.7
z_25.5_-16.5,2026,1,2026-T1,Diminution,84.5,1.8,84.5,13.7
z_25.5_-16.5,2026,2,2026-T2,Diminution,82.0,1.7,82.0,16.3
z_25.5_-16.5,2026,3,2026-T3,Diminution,83.9,1.9,83.9,14.2
z_25.5_-16.5,2026,4,2026-T4,Diminution,79.8,3.0,79.8,17.2
z_25.5_-16.5,2027,1,2027-T1,Diminution,84.5,1.8,84.5,13.7
z_25.5_-16.5,2027,2,2027-T2,Diminution,82.0,1.7,82.0,16.3
z_25.5_-16.5,2027,3,2027-T3,Diminution,83.9,1.9,83.9,14.2
z_25.5_-16.5,2027,4,2027-T4,Diminution,74.0,2.8,74.0,23.3
z_25.5_-16.5,2028,1,2028-T1,Diminution,84.5,1.8,84.5,13.7
z_25.5_-16.5,2028,2,2028-T2,Diminution,82.0,1.7,82.0,16.3
z_25.5_-16.5,2028,3,2028-T3,Diminution,83.9,1.9,83.9,14.2
z_25.5_-16.5,2028,4,2028-T4,Diminution,82.0,3.3,82.0,14.7
z_25.5_-16.5,2029,1,2029-T1,Diminution,84.5,1.8,84.5,13.7
z_25.5_-16.5,2029,2,2029-T2,Diminution,82.0,1.7,82.0,16.3
z_25.5_-16.5,2029,3,2029-T3,Diminution,83.9,1.9,83.9,14.2
z_25.5_-16.5,2029,4,2029-T4,Diminution,69.6,4.5,69.6,25.9
z_25.5_-16.5,2030,1,2030-T1,Diminution,84.5,1.8,84.5,13.7
z_25.5_-16.5,2030,2,2030-T2,Diminution,82.0,1.7,82.0,16.3
z_25.5_-16.5,2030,3,2030-T3,Diminution,83.9,1.9,83.9,14.2
z_25.5_-16.5,2030,4,2030-T4,Diminution,85.1,2.0,85.1,12.9
z_27.0_-15.0,2023,1,2023-T1,Diminution,91.7,1.9,91.7,6.4
z_27.0_-15.0,2023,2,2023-T2,Diminution,65.3,5.5,65.3,29.2
z_27.0_-15.0,2023,3,2023-T3,Diminution,75.1,2.6,75.1,22.4
z_27.0_-15.0,2023,4,2023-T4,Diminution,70.6,3.3,70.6,26.1
z_27.0_-15.0,2024,1,2024-T1,Diminution,84.0,6.2,84.0,9.8
z_27.0_-15.0,2024,2,2024-T2,Diminution,78.6,2.5,78.6,18.9
z_27.0_-15.0,2024,3,2024-T3,Diminution,90.7,2.4,90.7,6.9
z_27.0_-15.0,2024,4,2024-T4,Diminution,91.6,2.1,91.6,6.3
z_27.0_-15.0,2025,1,2025-T1,Diminution,91.7,1.9,91.7,6.4
z_27.0_-15.0,2025,2,2025-T2,Diminution,83.2,4.6,83.2,12.2
z_27.0_-15.0,2025,3,2025-T3,Diminution,90.7,2.4,90.7,6.9
z_27.0_-15.0,2025,4,2025-T4,Diminution,91.6,2.1,91.6,6.3
z_27.0_-15.0,2026,1,2026-T1,Diminution,91.7,1.9,91.7,6.4
z_27.0_-15.0,2026,2,2026-T2,Diminution,70.3,3.2,70.3,26.5
z_27.0_-15.0,2026,3,2026-T3,Diminution,90.7,2.4,90.7,6.9
z_27.0_-15.0,2026,4,2026-T4,Diminution,91.6,2.1,91.6,6.3
z_27.0_-15.0,2027,1,2027-T1,Diminution,91.7,1.9,91.7,6.4
z_27.0_-15.0,2027,2,2027-T2,Diminution,79.1,3.7,79.1,17.2
z_27.0_-15.0,2027,3,2027-T3,Diminution,90.7,2.4,90.7,6.9
z_27.0_-15.0,2027,4,2027-T4,Diminution,91.6,2.1,91.6,6.3
z_27.0_-15.0,2028,1,2028-T1,Diminution,91.7,1.9,91.7,6.4
z_27.0_-15.0,2028,2,2028-T2,Diminution,62.0,4.8,62.0,33.2
z_27.0_-15.0,2028,3,2028-T3,Diminution,90.7,2.4,90.7,6.9
z_27.0_-15.0,2028,4,2028-T4,Diminution,91.6,2.1,91.6,6.3
z_27.0_-15.0,2029,1,2029-T1,Diminution,91.7,1.9,91.7,6.4
z_27.0_-15.0,2029,2,2029-T2,Diminution,90.0,2.0,90.0,8.0
z_27.0_-15.0,2029,3,2029-T3,Diminution,90.7,2.4,90.7,6.9
z_27.0_-15.0,2029,4,2029-T4,Diminution,91.6,2.1,91.6,6.3
z_27.0_-15.0,2030,1,2030-T1,Diminution,91.7,1.9,91.7,6.4
z_27.0_-15.0,2030,2,2030-T2,Diminution,90.0,2.0,90.0,8.0
z_27.0_-15.0,2030,3,2030-T3,Diminution,90.7,2.4,90.7,6.9
z_27.0_-15.0,2030,4,2030-T4,Diminution,91.6,2.1,91.6,6.3
z_27.0_-16.5,2023,1,2023-T1,Augmentation,66.2,66.2,8.6,25.2
z_27.0_-16.5,2023,2,2023-T2,Augmentation,61.3,61.3,12.7,26.1
z_27.0_-16.5,2023,3,2023-T3,Augmentation,58.5,58.5,18.1,23.3
z_27.0_-16.5,2023,4,2023-T4,Diminution,40.3,30.8,40.3,28.9
z_27.0_-16.5,2024,1,2024-T1,Augmentation,34.9,34.9,34.2,30.9
z_27.0_-16.5,2024,2,2024-T2,Augmentation,42.1,42.1,25.7,32.2
z_27.0_-16.5,2024,3,2024-T3,Augmentation,63.5,63.5,13.3,23.2
z_27.0_-16.5,2024,4,2024-T4,Augmentation,68.4,68.4,13.3,18.3
z_27.0_-16.5,2025,1,2025-T1,Augmentation,51.2,51.2,13.8,35.0
z_27.0_-16.5,2025,2,2025-T2,Augmentation,67.7,67.7,8.8,23.5
z_27.0_-16.5,2025,3,2025-T3,Augmentation,67.4,67.4,15.1,17.5
z_27.0_-16.5,2025,4,2025-T4,Augmentation,55.2,55.2,14.0,30.8
z_27.0_-16.5,2026,1,2026-T1,Augmentation,47.7,47.7,26.9,25.4
z_27.0_-16.5,2026,2,2026-T2,Augmentation,39.5,39.5,25.5,35.1
z_27.0_-16.5,2026,3,2026-T3,Augmentation,59.3,59.3,17.2,23.5
z_27.0_-16.5,2026,4,2026-T4,Augmentation,65.0,65.0,13.3,21.7
z_27.0_-16.5,2027,1,2027-T1,Augmentation,66.7,66.7,11.6,21.7
z_27.0_-16.5,2027,2,2027-T2,Augmentation,58.0,58.0,12.4,29.6
z_27.0_-16.5,2027,3,2027-T3,Augmentation,61.3,61.3,14.1,24.6
z_27.0_-16.5,2027,4,2027-T4,Augmentation,68.3,68.3,10.4,21.3
z_27.0_-16.5,2028,1,2028-T1,Augmentation,66.6,66.6,10.3,23.1
z_27.0_-16.5,2028,2,2028-T2,Augmentation,59.9,59.9,11.4,28.6
z_27.0_-16.5,2028,3,2028-T3,Augmentation,62.0,62.0,13.7,24.2
z_27.0_-16.5,2028,4,2028-T4,Augmentation,66.0,66.0,11.1,23.0
z_27.0_-16.5,2029,1,2029-T1,Augmentation,67.1,67.1,10.6,22.3
z_27.0_-16.5,2029,2,2029-T2,Augmentation,64.2,64.2,11.0,24.7
z_27.0_-16.5,2029,3,2029-T3,Augmentation,68.0,68.0,10.5,21.6
z_27.0_-16.5,2029,4,2029-T4,Augmentation,71.5,71.5,10.6,18.0
z_27.0_-16.5,2030,1,2030-T1,Augmentation,68.6,68.6,10.0,21.4
z_27.0_-16.5,2030,2,2030-T2,Augmentation,62.6,62.6,9.4,28.0
z_27.0_-16.5,2030,3,2030-T3,Augmentation,67.6,67.6,10.2,22.2
z_27.0_-16.5,2030,4,2030-T4,Augmentation,69.6,69.6,9.5,20.8
z_28.5_-13.5,2023,1,2023-T1,Diminution,91.6,1.2,91.6,7.2
z_28.5_-13.5,2023,2,2023-T2,Diminution,89.4,1.3,89.4,9.3
z_28.5_-13.5,2023,3,2023-T3,Diminution,75.5,6.9,75.5,17.6
z_28.5_-13.5,2023,4,2023-T4,Diminution,91.6,1.3,91.6,7.0
z_28.5_-13.5,2024,1,2024-T1,Diminution,91.6,1.2,91.6,7.2
z_28.5_-13.5,2024,2,2024-T2,Diminution,89.4,1.3,89.4,9.3
z_28.5_-13.5,2024,3,2024-T3,Diminution,69.7,7.1,69.7,23.2
z_28.5_-13.5,2024,4,2024-T4,Diminution,81.2,2.6,81.2,16.1
z_28.5_-13.5,2025,1,2025-T1,Diminution,89.5,1.7,89.5,8.8
z_28.5_-13.5,2025,2,2025-T2,Diminution,64.1,3.9,64.1,32.0
z_28.5_-13.5,2025,3,2025-T3,Diminution,65.7,7.5,65.7,26.8
z_28.5_-13.5,2025,4,2025-T4,Diminution,90.2,1.9,90.2,8.0
z_28.5_-13.5,2026,1,2026-T1,Diminution,87.4,1.4,87.4,11.1
z_28.5_-13.5,2026,2,2026-T2,Diminution,85.2,3.8,85.2,11.1
z_28.5_-13.5,2026,3,2026-T3,Diminution,75.5,6.9,75.5,17.6
z_28.5_-13.5,2026,4,2026-T4,Diminution,91.6,1.3,91.6,7.0
z_28.5_-13.5,2027,1,2027-T1,Diminution,84.7,3.1,84.7,12.2
z_28.5_-13.5,2027,2,2027-T2,Diminution,77.5,1.8,77.5,20.7
z_28.5_-13.5,2027,3,2027-T3,Diminution,75.5,6.9,75.5,17.6
z_28.5_-13.5,2027,4,2027-T4,Diminution,91.6,1.3,91.6,7.0
z_28.5_-13.5,2028,1,2028-T1,Diminution,79.7,1.9,79.7,18.4
z_28.5_-13.5,2028,2,2028-T2,Diminution,85.2,2.1,85.2,12.7
z_28.5_-13.5,2028,3,2028-T3,Diminution,75.5,6.9,75.5,17.6
z_28.5_-13.5,2028,4,2028-T4,Diminution,91.6,1.3,91.6,7.0
z_28.5_-13.5,2029,1,2029-T1,Diminution,87.7,2.1,87.7,10.1
z_28.5_-13.5,2029,2,2029-T2,Diminution,66.9,5.0,66.9,28.1
z_28.5_-13.5,2029,3,2029-T3,Diminution,75.5,6.9,75.5,17.6
z_28.5_-13.5,2029,4,2029-T4,Diminution,91.6,1.3,91.6,7.0
z_28.5_-13.5,2030,1,2030-T1,Diminution,69.7,5.0,69.7,25.3
z_28.5_-13.5,2030,2,2030-T2,Diminution,89.4,1.3,89.4,9.3
z_28.5_-13.5,2030,3,2030-T3,Diminution,75.5,6.9,75.5,17.6
z_28.5_-13.5,2030,4,2030-T4,Diminution,91.6,1.3,91.6,7.0
z_28.5_-15.0,2023,1,2023-T1,Diminution,44.9,10.2,44.9,44.9
z_28.5_-15.0,2023,2,2023-T2,Diminution,78.6,3.6,78.6,17.8
z_28.5_-15.0,2023,3,2023-T3,Diminution,63.5,11.2,63.5,25.3
z_28.5_-15.0,2023,4,2023-T4,Diminution,44.8,16.6,44.8,38.6
z_28.5_-15.0,2024,1,2024-T1,Stable,45.1,18.2,36.8,45.1
z_28.5_-15.0,2024,2,2024-T2,Diminution,52.0,11.5,52.0,36.5
z_28.5_-15.0,2024,3,2024-T3,Diminution,54.1,11.8,54.1,34.1
z_28.5_-15.0,2024,4,2024-T4,Stable,42.1,23.5,34.5,42.1
z_28.5_-15.0,2025,1,2025-T1,Stable,39.9,23.4,36.8,39.9
z_28.5_-15.0,2025,2,2025-T2,Diminution,47.7,12.4,47.7,39.9
z_28.5_-15.0,2025,3,2025-T3,Diminution,39.1,22.3,39.1,38.7
z_28.5_-15.0,2025,4,2025-T4,Stable,44.3,17.8,38.0,44.3
z_28.5_-15.0,2026,1,2026-T1,Diminution,44.1,22.0,44.1,33.9
z_28.5_-15.0,2026,2,2026-T2,Diminution,49.4,9.7,49.4,40.9
z_28.5_-15.0,2026,3,2026-T3,Diminution,67.8,5.5,67.8,26.7
z_28.5_-15.0,2026,4,2026-T4,Diminution,60.8,5.7,60.8,33.5
z_28.5_-15.0,2027,1,2027-T1,Diminution,63.5,10.0,63.5,26.5
z_28.5_-15.0,2027,2,2027-T2,Diminution,66.0,4.4,66.0,29.6
z_28.5_-15.0,2027,3,2027-T3,Diminution,71.5,5.1,71.5,23.4
z_28.5_-15.0,2027,4,2027-T4,Diminution,69.6,8.3,69.6,22.1
z_28.5_-15.0,2028,1,2028-T1,Diminution,63.5,10.0,63.5,26.5
z_28.5_-15.0,2028,2,2028-T2,Diminution,51.7,8.5,51.7,39.8
z_28.5_-15.0,2028,3,2028-T3,Diminution,70.7,10.4,70.7,18.9
z_28.5_-15.0,2028,4,2028-T4,Diminution,63.7,13.2,63.7,23.1
z_28.5_-15.0,2029,1,2029-T1,Diminution,63.5,10.0,63.5,26.5
z_28.5_-15.0,2029,2,2029-T2,Diminution,62.2,7.6,62.2,30.2
z_28.5_-15.0,2029,3,2029-T3,Diminution,71.0,10.4,71.0,18.7
z_28.5_-15.0,2029,4,2029-T4,Diminution,72.3,6.8,72.3,21.0
z_28.5_-15.0,2030,1,2030-T1,Diminution,63.5,10.0,63.5,26.5
z_28.5_-15.0,2030,2,2030-T2,Diminution,62.0,4.3,62.0,33.6
z_28.5_-15.0,2030,3,2030-T3,Diminution,79.1,6.0,79.1,14.9
z_28.5_-15.0,2030,4,2030-T4,Diminution,72.3,6.8,72.3,21.0
z_28.5_-16.5,2023,1,2023-T1,Stable,43.6,19.0,37.4,43.6
z_28.5_-16.5,2023,2,2023-T2,Stable,51.4,17.8,30.8,51.4
z_28.5_-16.5,2023,3,2023-T3,Diminution,49.4,14.6,49.4,36.0
z_28.5_-16.5,2023,4,2023-T4,Stable,44.7,19.0,36.3,44.7
z_28.5_-16.5,2024,1,2024-T1,Stable,44.7,19.7,35.7,44.7
z_28.5_-16.5,2024,2,2024-T2,Stable,43.4,15.4,41.2,43.4
z_28.5_-16.5,2024,3,2024-T3,Diminution,44.5,19.5,44.5,36.0
z_28.5_-16.5,2024,4,2024-T4,Stable,50.2,24.2,25.6,50.2
z_28.5_-16.5,2025,1,2025-T1,Stable,50.0,28.3,21.6,50.0
z_28.5_-16.5,2025,2,2025-T2,Stable,57.6,24.1,18.3,57.6
z_28.5_-16.5,2025,3,2025-T3,Stable,43.8,24.6,31.7,43.8
z_28.5_-16.5,2025,4,2025-T4,Stable,46.4,31.2,22.3,46.4
z_28.5_-16.5,2026,1,2026-T1,Stable,45.1,29.4,25.5,45.1
z_28.5_-16.5,2026,2,2026-T2,Stable,53.1,23.5,23.5,53.1
z_28.5_-16.5,2026,3,2026-T3,Diminution,43.9,19.9,43.9,36.3
z_28.5_-16.5,2026,4,2026-T4,Stable,44.8,29.2,26.1,44.8
z_28.5_-16.5,2027,1,2027-T1,Stable,47.7,23.6,28.7,47.7
z_28.5_-16.5,2027,2,2027-T2,Stable,53.6,18.9,27.5,53.6
z_28.5_-16.5,2027,3,2027-T3,Diminution,43.2,19.3,43.2,37.5
z_28.5_-16.5,2027,4,2027-T4,Stable,45.9,26.2,27.8,45.9
z_28.5_-16.5,2028,1,2028-T1,Stable,46.6,24.6,28.8,46.6
z_28.5_-16.5,2028,2,2028-T2,Stable,52.6,18.6,28.8,52.6
z_28.5_-16.5,2028,3,2028-T3,Diminution,43.2,19.9,43.2,36.9
z_28.5_-16.5,2028,4,2028-T4,Stable,45.2,25.6,29.2,45.2
z_28.5_-16.5,2029,1,2029-T1,Stable,45.8,25.6,28.6,45.8
z_28.5_-16.5,2029,2,2029-T2,Stable,50.5,21.0,28.5,50.5
z_28.5_-16.5,2029,3,2029-T3,Diminution,41.6,21.7,41.6,36.6
z_28.5_-16.5,2029,4,2029-T4,Stable,41.6,30.9,27.5,41.6
z_28.5_-16.5,2030,1,2030-T1,Stable,44.4,27.9,27.7,44.4
z_28.5_-16.5,2030,2,2030-T2,Stable,50.9,21.8,27.3,50.9
z_28.5_-16.5,2030,3,2030-T3,Diminution,42.3,20.8,42.3,36.9
z_28.5_-16.5,2030,4,2030-T4,Stable,43.8,27.5,28.7,43.8
z_30.0_-10.5,2023,1,2023-T1,Diminution,71.0,4.0,71.0,25.0
z_30.0_-10.5,2023,2,2023-T2,Diminution,64.3,6.6,64.3,29.1
z_30.0_-10.5,2023,3,2023-T3,Diminution,71.1,4.5,71.1,24.4
z_30.0_-10.5,2023,4,2023-T4,Diminution,71.8,4.5,71.8,23.7
z_30.0_-10.5,2024,1,2024-T1,Diminution,71.0,4.0,71.0,25.0
z_30.0_-10.5,2024,2,2024-T2,Diminution,54.4,8.3,54.4,37.2
z_30.0_-10.5,2024,3,2024-T3,Diminution,57.4,7.5,57.4,35.0
z_30.0_-10.5,2024,4,2024-T4,Diminution,60.9,8.8,60.9,30.3
z_30.0_-10.5,2025,1,2025-T1,Diminution,52.4,11.5,52.4,36.0
z_30.0_-10.5,2025,2,2025-T2,Diminution,65.3,7.3,65.3,27.5
z_30.0_-10.5,2025,3,2025-T3,Diminution,64.8,4.9,64.8,30.3
z_30.0_-10.5,2025,4,2025-T4,Diminution,71.8,4.5,71.8,23.7
z_30.0_-10.5,2026,1,2026-T1,Diminution,67.1,4.2,67.1,28.6
z_30.0_-10.5,2026,2,2026-T2,Diminution,64.3,6.6,64.3,29.1
z_30.0_-10.5,2026,3,2026-T3,Diminution,68.3,4.6,68.3,27.2
z_30.0_-10.5,2026,4,2026-T4,Diminution,71.8,4.5,71.8,23.7
z_30.0_-10.5,2027,1,2027-T1,Diminution,66.4,4.0,66.4,29.6
z_30.0_-10.5,2027,2,2027-T2,Diminution,64.3,6.6,64.3,29.1
z_30.0_-10.5,2027,3,2027-T3,Diminution,68.3,3.8,68.3,27.8
z_30.0_-10.5,2027,4,2027-T4,Diminution,71.8,4.5,71.8,23.7
z_30.0_-10.5,2028,1,2028-T1,Diminution,70.7,4.2,70.7,25.1
z_30.0_-10.5,2028,2,2028-T2,Diminution,64.3,6.6,64.3,29.1
z_30.0_-10.5,2028,3,2028-T3,Diminution,71.1,4.5,71.1,24.4
z_30.0_-10.5,2028,4,2028-T4,Diminution,71.8,4.5,71.8,23.7
z_30.0_-10.5,2029,1,2029-T1,Diminution,61.8,4.7,61.8,33.5
z_30.0_-10.5,2029,2,2029-T2,Diminution,64.3,6.6,64.3,29.1
z_30.0_-10.5,2029,3,2029-T3,Diminution,61.2,4.7,61.2,34.1
z_30.0_-10.5,2029,4,2029-T4,Diminution,71.8,4.5,71.8,23.7
z_30.0_-10.5,2030,1,2030-T1,Diminution,71.0,4.0,71.0,25.0
z_30.0_-10.5,2030,2,2030-T2,Diminution,64.3,6.6,64.3,29.1
z_30.0_-10.5,2030,3,2030-T3,Diminution,71.8,3.9,71.8,24.3
z_30.0_-10.5,2030,4,2030-T4,Diminution,71.8,4.5,71.8,23.7
z_30.0_-13.5,2023,1,2023-T1,Diminution,71.1,5.1,71.1,23.8
z_30.0_-13.5,2023,2,2023-T2,Diminution,87.6,1.3,87.6,11.1
z_30.0_-13.5,2023,3,2023-T3,Diminution,88.4,1.5,88.4,10.1
z_30.0_-13.5,2023,4,2023-T4,Diminution,89.2,1.5,89.2,9.3
z_30.0_-13.5,2024,1,2024-T1,Diminution,66.9,9.5,66.9,23.7
z_30.0_-13.5,2024,2,2024-T2,Diminution,73.7,1.6,73.7,24.7
z_30.0_-13.5,2024,3,2024-T3,Diminution,77.8,3.1,77.8,19.0
z_30.0_-13.5,2024,4,2024-T4,Diminution,87.8,2.4,87.8,9.8
z_30.0_-13.5,2025,1,2025-T1,Diminution,59.4,4.4,59.4,36.2
z_30.0_-13.5,2025,2,2025-T2,Diminution,87.6,1.3,87.6,11.1
z_30.0_-13.5,2025,3,2025-T3,Diminution,88.4,1.5,88.4,10.1
z_30.0_-13.5,2025,4,2025-T4,Diminution,89.2,1.5,89.2,9.3
z_30.0_-13.5,2026,1,2026-T1,Diminution,64.1,9.6,64.1,26.2
z_30.0_-13.5,2026,2,2026-T2,Diminution,87.6,1.3,87.6,11.1
z_30.0_-13.5,2026,3,2026-T3,Diminution,88.4,1.5,88.4,10.1
z_30.0_-13.5,2026,4,2026-T4,Diminution,89.2,1.5,89.2,9.3
z_30.0_-13.5,2027,1,2027-T1,Diminution,53.5,13.9,53.5,32.6
z_30.0_-13.5,2027,2,2027-T2,Diminution,87.6,1.3,87.6,11.1
z_30.0_-13.5,2027,3,2027-T3,Diminution,88.4,1.5,88.4,10.1
z_30.0_-13.5,2027,4,2027-T4,Diminution,89.2,1.5,89.2,9.3
z_30.0_-13.5,2028,1,2028-T1,Diminution,73.5,7.5,73.5,19.1
z_30.0_-13.5,2028,2,2028-T2,Diminution,87.6,1.3,87.6,11.1
z_30.0_-13.5,2028,3,2028-T3,Diminution,88.4,1.5,88.4,10.1
z_30.0_-13.5,2028,4,2028-T4,Diminution,89.2,1.5,89.2,9.3
z_30.0_-13.5,2029,1,2029-T1,Diminution,62.3,15.2,62.3,22.5
z_30.0_-13.5,2029,2,2029-T2,Diminution,87.6,1.3,87.6,11.1
z_30.0_-13.5,2029,3,2029-T3,Diminution,88.4,1.5,88.4,10.1
z_30.0_-13.5,2029,4,2029-T4,Diminution,89.2,1.5,89.2,9.3
z_30.0_-13.5,2030,1,2030-T1,Diminution,76.9,6.2,76.9,16.9
z_30.0_-13.5,2030,2,2030-T2,Diminution,87.6,1.3,87.6,11.1
z_30.0_-13.5,2030,3,2030-T3,Diminution,88.4,1.5,88.4,10.1
z_30.0_-13.5,2030,4,2030-T4,Diminution,89.2,1.5,89.2,9.3
z_30.0_-15.0,2023,1,2023-T1,Diminution,82.4,3.5,82.4,14.1
z_30.0_-15.0,2023,2,2023-T2,Diminution,77.6,2.8,77.6,19.6
z_30.0_-15.0,2023,3,2023-T3,Diminution,89.4,3.7,89.4,7.0
z_30.0_-15.0,2023,4,2023-T4,Diminution,90.4,3.1,90.4,6.5
z_30.0_-15.0,2024,1,2024-T1,Diminution,83.7,3.8,83.7,12.5
z_30.0_-15.0,2024,2,2024-T2,Diminution,83.3,3.4,83.3,13.3
z_30.0_-15.0,2024,3,2024-T3,Diminution,89.4,3.7,89.4,7.0
z_30.0_-15.0,2024,4,2024-T4,Diminution,90.4,3.1,90.4,6.5
z_30.0_-15.0,2025,1,2025-T1,Diminution,76.2,3.5,76.2,20.3
z_30.0_-15.0,2025,2,2025-T2,Diminution,54.5,6.6,54.5,38.9
z_30.0_-15.0,2025,3,2025-T3,Diminution,75.8,4.5,75.8,19.7
z_30.0_-15.0,2025,4,2025-T4,Diminution,89.0,3.5,89.0,7.5
z_30.0_-15.0,2026,1,2026-T1,Diminution,81.2,3.7,81.2,15.1
z_30.0_-15.0,2026,2,2026-T2,Diminution,88.6,2.9,88.6,8.5
z_30.0_-15.0,2026,3,2026-T3,Diminution,89.4,3.7,89.4,7.0
z_30.0_-15.0,2026,4,2026-T4,Diminution,90.4,3.1,90.4,6.5
z_30.0_-15.0,2027,1,2027-T1,Diminution,70.2,6.4,70.2,23.4
z_30.0_-15.0,2027,2,2027-T2,Diminution,88.6,2.9,88.6,8.5
z_30.0_-15.0,2027,3,2027-T3,Diminution,89.4,3.7,89.4,7.0
z_30.0_-15.0,2027,4,2027-T4,Diminution,90.4,3.1,90.4,6.5
z_30.0_-15.0,2028,1,2028-T1,Diminution,83.1,2.5,83.1,14.4
z_30.0_-15.0,2028,2,2028-T2,Diminution,88.6,2.9,88.6,8.5
z_30.0_-15.0,2028,3,2028-T3,Diminution,89.4,3.7,89.4,7.0
z_30.0_-15.0,2028,4,2028-T4,Diminution,90.4,3.1,90.4,6.5
z_30.0_-15.0,2029,1,2029-T1,Diminution,87.8,2.8,87.8,9.4
z_30.0_-15.0,2029,2,2029-T2,Diminution,88.6,2.9,88.6,8.5
z_30.0_-15.0,2029,3,2029-T3,Diminution,89.4,3.7,89.4,7.0
z_30.0_-15.0,2029,4,2029-T4,Diminution,90.4,3.1,90.4,6.5
z_30.0_-15.0,2030,1,2030-T1,Diminution,73.9,5.0,73.9,21.1
z_30.0_-15.0,2030,2,2030-T2,Diminution,88.6,2.9,88.6,8.5
z_30.0_-15.0,2030,3,2030-T3,Diminution,89.4,3.7,89.4,7.0
z_30.0_-15.0,2030,4,2030-T4,Diminution,90.4,3.1,90.4,6.5
z_30.0_28.5,2023,1,2023-T1,Diminution,61.8,9.4,61.8,28.8
z_30.0_28.5,2023,2,2023-T2,Diminution,68.8,7.6,68.8,23.7
z_30.0_28.5,2023,3,2023-T3,Diminution,51.1,5.7,51.1,43.2
z_30.0_28.5,2023,4,2023-T4,Diminution,59.9,13.0,59.9,27.1
z_30.0_28.5,2024,1,2024-T1,Diminution,57.2,11.8,57.2,31.0
z_30.0_28.5,2024,2,2024-T2,Diminution,61.6,7.5,61.6,30.9
z_30.0_28.5,2024,3,2024-T3,Diminution,70.7,3.4,70.7,25.9
z_30.0_28.5,2024,4,2024-T4,Diminution,70.4,10.2,70.4,19.3
z_30.0_28.5,2025,1,2025-T1,Diminution,65.1,9.2,65.1,25.6
z_30.0_28.5,2025,2,2025-T2,Diminution,63.8,8.4,63.8,27.9
z_30.0_28.5,2025,3,2025-T3,Diminution,62.0,3.6,62.0,34.4
z_30.0_28.5,2025,4,2025-T4,Diminution,66.5,11.6,66.5,21.9
z_30.0_28.5,2026,1,2026-T1,Diminution,55.6,13.5,55.6,30.9
z_30.0_28.5,2026,2,2026-T2,Diminution,56.1,9.4,56.1,34.5
z_30.0_28.5,2026,3,2026-T3,Diminution,72.8,3.5,72.8,23.7
z_30.0_28.5,2026,4,2026-T4,Diminution,69.3,10.1,69.3,20.5
z_30.0_28.5,2027,1,2027-T1,Diminution,66.1,8.4,66.1,25.6
z_30.0_28.5,2027,2,2027-T2,Diminution,69.2,7.9,69.2,22.9
z_30.0_28.5,2027,3,2027-T3,Diminution,70.7,3.4,70.7,25.9
z_30.0_28.5,2027,4,2027-T4,Diminution,68.7,8.9,68.7,22.4
z_30.0_28.5,2028,1,2028-T1,Diminution,63.8,10.5,63.8,25.6
z_30.0_28.5,2028,2,2028-T2,Diminution,63.4,9.4,63.4,27.1
z_30.0_28.5,2028,3,2028-T3,Diminution,70.7,3.4,70.7,25.9
z_30.0_28.5,2028,4,2028-T4,Diminution,67.4,9.0,67.4,23.5
z_30.0_28.5,2029,1,2029-T1,Diminution,67.9,9.9,67.9,22.2
z_30.0_28.5,2029,2,2029-T2,Diminution,70.7,8.9,70.7,20.5
z_30.0_28.5,2029,3,2029-T3,Diminution,70.7,3.4,70.7,25.9
z_30.0_28.5,2029,4,2029-T4,Diminution,71.8,9.4,71.8,18.8
z_30.0_28.5,2030,1,2030-T1,Diminution,64.3,10.8,64.3,24.9
z_30.0_28.5,2030,2,2030-T2,Diminution,70.7,8.9,70.7,20.5
z_30.0_28.5,2030,3,2030-T3,Diminution,70.7,3.4,70.7,25.9
z_30.0_28.5,2030,4,2030-T4,Diminution,67.9,10.0,67.9,22.1
z_30.0_30.0,2023,1,2023-T1,Diminution,62.3,17.8,62.3,19.9
z_30.0_30.0,2023,2,2023-T2,Diminution,91.0,2.6,91.0,6.4
z_30.0_30.0,2023,3,2023-T3,Diminution,85.5,5.9,85.5,8.6
z_30.0_30.0,2023,4,2023-T4,Diminution,92.3,2.4,92.3,5.3
z_30.0_30.0,2024,1,2024-T1,Diminution,76.0,8.7,76.0,15.3
z_30.0_30.0,2024,2,2024-T2,Diminution,91.0,2.6,91.0,6.4
z_30.0_30.0,2024,3,2024-T3,Diminution,79.2,3.6,79.2,17.2
z_30.0_30.0,2024,4,2024-T4,Diminution,92.3,2.4,92.3,5.3
z_30.0_30.0,2025,1,2025-T1,Diminution,76.0,8.7,76.0,15.3
z_30.0_30.0,2025,2,2025-T2,Diminution,91.0,2.6,91.0,6.4
z_30.0_30.0,2025,3,2025-T3,Diminution,74.7,3.4,74.7,21.9
z_30.0_30.0,2025,4,2025-T4,Diminution,79.8,3.8,79.8,16.4
z_30.0_30.0,2026,1,2026-T1,Diminution,72.5,10.4,72.5,17.0
z_30.0_30.0,2026,2,2026-T2,Diminution,85.8,2.2,85.8,11.9
z_30.0_30.0,2026,3,2026-T3,Diminution,64.1,7.9,64.1,28.1
z_30.0_30.0,2026,4,2026-T4,Diminution,92.3,2.4,92.3,5.3
z_30.0_30.0,2027,1,2027-T1,Diminution,76.0,8.7,76.0,15.3
z_30.0_30.0,2027,2,2027-T2,Diminution,85.0,6.4,85.0,8.6
z_30.0_30.0,2027,3,2027-T3,Diminution,91.8,2.7,91.8,5.6
z_30.0_30.0,2027,4,2027-T4,Diminution,92.3,2.4,92.3,5.3
z_30.0_30.0,2028,1,2028-T1,Diminution,76.0,8.7,76.0,15.3
z_30.0_30.0,2028,2,2028-T2,Diminution,78.9,3.3,78.9,17.8
z_30.0_30.0,2028,3,2028-T3,Diminution,91.8,2.7,91.8,5.6
z_30.0_30.0,2028,4,2028-T4,Diminution,92.3,2.4,92.3,5.3
z_30.0_30.0,2029,1,2029-T1,Diminution,76.0,8.7,76.0,15.3
z_30.0_30.0,2029,2,2029-T2,Diminution,84.9,3.4,84.9,11.7
z_30.0_30.0,2029,3,2029-T3,Diminution,91.8,2.7,91.8,5.6
z_30.0_30.0,2029,4,2029-T4,Diminution,92.3,2.4,92.3,5.3
z_30.0_30.0,2030,1,2030-T1,Diminution,76.0,8.7,76.0,15.3
z_30.0_30.0,2030,2,2030-T2,Diminution,67.1,6.7,67.1,26.2
z_30.0_30.0,2030,3,2030-T3,Diminution,91.8,2.7,91.8,5.6
z_30.0_30.0,2030,4,2030-T4,Diminution,92.3,2.4,92.3,5.3
z_30.0_31.5,2023,1,2023-T1,Stable,55.9,25.2,19.0,55.9
z_30.0_31.5,2023,2,2023-T2,Stable,54.8,27.9,17.4,54.8
z_30.0_31.5,2023,3,2023-T3,Stable,49.0,33.0,17.9,49.0
z_30.0_31.5,2023,4,2023-T4,Stable,41.1,30.7,28.2,41.1
z_30.0_31.5,2024,1,2024-T1,Stable,56.1,26.1,17.8,56.1
z_30.0_31.5,2024,2,2024-T2,Stable,52.6,29.4,18.0,52.6
z_30.0_31.5,2024,3,2024-T3,Stable,53.2,27.2,19.6,53.2
z_30.0_31.5,2024,4,2024-T4,Stable,38.3,28.8,32.9,38.3
z_30.0_31.5,2025,1,2025-T1,Stable,48.2,34.5,17.4,48.2
z_30.0_31.5,2025,2,2025-T2,Stable,54.6,25.4,20.0,54.6
z_30.0_31.5,2025,3,2025-T3,Stable,52.5,25.3,22.1,52.5
z_30.0_31.5,2025,4,2025-T4,Diminution,58.6,14.9,58.6,26.5
z_30.0_31.5,2026,1,2026-T1,Stable,44.2,21.6,34.2,44.2
z_30.0_31.5,2026,2,2026-T2,Stable,46.6,21.3,32.1,46.6
z_30.0_31.5,2026,3,2026-T3,Stable,49.3,28.7,22.0,49.3
z_30.0_31.5,2026,4,2026-T4,Stable,40.6,22.5,36.9,40.6
z_30.0_31.5,2027,1,2027-T1,Stable,53.3,26.9,19.8,53.3
z_30.0_31.5,2027,2,2027-T2,Stable,52.5,28.6,18.9,52.5
z_30.0_31.5,2027,3,2027-T3,Stable,52.2,29.8,18.0,52.2
z_30.0_31.5,2027,4,2027-T4,Stable,43.2,24.8,32.0,43.2
z_30.0_31.5,2028,1,2028-T1,Stable,52.9,30.1,17.0,52.9
z_30.0_31.5,2028,2,2028-T2,Stable,50.8,31.1,18.2,50.8
z_30.0_31.5,2028,3,2028-T3,Stable,55.0,28.2,16.8,55.0
z_30.0_31.5,2028,4,2028-T4,Stable,42.8,24.8,32.4,42.8
z_30.0_31.5,2029,1,2029-T1,Stable,53.5,29.3,17.2,53.5
z_30.0_31.5,2029,2,2029-T2,Stable,53.1,29.3,17.6,53.1
z_30.0_31.5,2029,3,2029-T3,Stable,51.6,31.9,16.5,51.6
z_30.0_31.5,2029,4,2029-T4,Stable,43.3,24.6,32.1,43.3
z_30.0_31.5,2030,1,2030-T1,Stable,54.8,27.7,17.5,54.8
z_30.0_31.5,2030,2,2030-T2,Stable,55.0,27.5,17.5,55.0
z_30.0_31.5,2030,3,2030-T3,Stable,55.5,27.3,17.2,55.5
z_30.0_31.5,2030,4,2030-T4,Stable,43.0,24.1,32.9,43.0
z_31.5_-15.0,2023,1,2023-T1,Diminution,91.9,1.3,91.9,6.8
z_31.5_-15.0,2023,2,2023-T2,Diminution,90.1,1.4,90.1,8.5
z_31.5_-15.0,2023,3,2023-T3,Diminution,90.7,1.6,90.7,7.8
z_31.5_-15.0,2023,4,2023-T4,Diminution,79.6,2.2,79.6,18.1
z_31.5_-15.0,2024,1,2024-T1,Diminution,91.9,1.3,91.9,6.8
z_31.5_-15.0,2024,2,2024-T2,Diminution,90.1,1.4,90.1,8.5
z_31.5_-15.0,2024,3,2024-T3,Diminution,90.7,1.6,90.7,7.8
z_31.5_-15.0,2024,4,2024-T4,Diminution,76.5,2.9,76.5,20.6
z_31.5_-15.0,2025,1,2025-T1,Diminution,80.0,2.7,80.0,17.3
z_31.5_-15.0,2025,2,2025-T2,Diminution,89.4,2.0,89.4,8.6
z_31.5_-15.0,2025,3,2025-T3,Diminution,86.4,1.3,86.4,12.3
z_31.5_-15.0,2025,4,2025-T4,Diminution,66.8,6.0,66.8,27.2
z_31.5_-15.0,2026,1,2026-T1,Diminution,91.9,1.3,91.9,6.8
z_31.5_-15.0,2026,2,2026-T2,Diminution,90.1,1.4,90.1,8.5
z_31.5_-15.0,2026,3,2026-T3,Diminution,85.9,3.7,85.9,10.3
z_31.5_-15.0,2026,4,2026-T4,Diminution,91.6,1.5,91.6,6.9
z_31.5_-15.0,2027,1,2027-T1,Diminution,91.9,1.3,91.9,6.8
z_31.5_-15.0,2027,2,2027-T2,Diminution,90.1,1.4,90.1,8.5
z_31.5_-15.0,2027,3,2027-T3,Diminution,79.1,2.3,79.1,18.6
z_31.5_-15.0,2027,4,2027-T4,Diminution,91.6,1.5,91.6,6.9
z_31.5_-15.0,2028,1,2028-T1,Diminution,91.9,1.3,91.9,6.8
z_31.5_-15.0,2028,2,2028-T2,Diminution,90.1,1.4,90.1,8.5
z_31.5_-15.0,2028,3,2028-T3,Diminution,85.9,2.4,85.9,11.8
z_31.5_-15.0,2028,4,2028-T4,Diminution,91.6,1.5,91.6,6.9
z_31.5_-15.0,2029,1,2029-T1,Diminution,91.9,1.3,91.9,6.8
z_31.5_-15.0,2029,2,2029-T2,Diminution,90.1,1.4,90.1,8.5
z_31.5_-15.0,2029,3,2029-T3,Diminution,63.0,6.1,63.0,30.9
z_31.5_-15.0,2029,4,2029-T4,Diminution,91.6,1.5,91.6,6.9
z_31.5_-15.0,2030,1,2030-T1,Diminution,91.9,1.3,91.9,6.8
z_31.5_-15.0,2030,2,2030-T2,Diminution,90.1,1.4,90.1,8.5
z_31.5_-15.0,2030,3,2030-T3,Diminution,90.7,1.6,90.7,7.8
z_31.5_-15.0,2030,4,2030-T4,Diminution,91.6,1.5,91.6,6.9
z_31.5_-18.0,2023,1,2023-T1,Diminution,46.8,12.2,46.8,40.9
z_31.5_-18.0,2023,2,2023-T2,Diminution,53.2,22.1,53.2,24.7
z_31.5_-18.0,2023,3,2023-T3,Diminution,66.0,6.3,66.0,27.6
z_31.5_-18.0,2023,4,2023-T4,Diminution,44.4,23.0,44.4,32.6
z_31.5_-18.0,2024,1,2024-T1,Stable,41.9,21.2,37.0,41.9
z_31.5_-18.0,2024,2,2024-T2,Diminution,49.8,11.8,49.8,38.4
z_31.5_-18.0,2024,3,2024-T3,Diminution,51.1,9.5,51.1,39.4
z_31.5_-18.0,2024,4,2024-T4,Diminution,59.8,11.4,59.8,28.8
z_31.5_-18.0,2025,1,2025-T1,Diminution,62.0,12.7,62.0,25.3
z_31.5_-18.0,2025,2,2025-T2,Diminution,66.1,13.1,66.1,20.8
z_31.5_-18.0,2025,3,2025-T3,Diminution,53.5,9.4,53.5,37.0
z_31.5_-18.0,2025,4,2025-T4,Diminution,49.2,22.7,49.2,28.1
z_31.5_-18.0,2026,1,2026-T1,Diminution,55.5,19.6,55.5,25.0
z_31.5_-18.0,2026,2,2026-T2,Diminution,66.1,13.1,66.1,20.8
z_31.5_-18.0,2026,3,2026-T3,Diminution,57.3,8.0,57.3,34.6
z_31.5_-18.0,2026,4,2026-T4,Diminution,53.5,10.7,53.5,35.8
z_31.5_-18.0,2027,1,2027-T1,Diminution,67.0,9.9,67.0,23.1
z_31.5_-18.0,2027,2,2027-T2,Diminution,66.1,13.1,66.1,20.8
z_31.5_-18.0,2027,3,2027-T3,Diminution,53.5,19.4,53.5,27.1
z_31.5_-18.0,2027,4,2027-T4,Diminution,61.8,14.3,61.8,23.9
z_31.5_-18.0,2028,1,2028-T1,Diminution,67.0,9.9,67.0,23.1
z_31.5_-18.0,2028,2,2028-T2,Diminution,66.1,13.1,66.1,20.8
z_31.5_-18.0,2028,3,2028-T3,Diminution,57.2,18.6,57.2,24.3
z_31.5_-18.0,2028,4,2028-T4,Diminution,55.0,22.1,55.0,22.9
z_31.5_-18.0,2029,1,2029-T1,Diminution,67.0,9.9,67.0,23.1
z_31.5_-18.0,2029,2,2029-T2,Diminution,66.1,13.1,66.1,20.8
z_31.5_-18.0,2029,3,2029-T3,Diminution,74.1,8.1,74.1,17.8
z_31.5_-18.0,2029,4,2029-T4,Diminution,67.2,11.3,67.2,21.5
z_31.5_-18.0,2030,1,2030-T1,Diminution,67.0,9.9,67.0,23.1
z_31.5_-18.0,2030,2,2030-T2,Diminution,66.1,13.1,66.1,20.8
z_31.5_-18.0,2030,3,2030-T3,Diminution,74.1,8.1,74.1,17.8
z_31.5_-18.0,2030,4,2030-T4,Diminution,67.2,11.3,67.2,21.5
z_31.5_31.5,2023,1,2023-T1,Stable,44.8,13.6,41.6,44.8
z_31.5_31.5,2023,2,2023-T2,Diminution,66.9,3.3,66.9,29.8
z_31.5_31.5,2023,3,2023-T3,Diminution,57.3,7.9,57.3,34.9
z_31.5_31.5,2023,4,2023-T4,Diminution,67.0,3.8,67.0,29.2
z_31.5_31.5,2024,1,2024-T1,Stable,48.8,10.3,40.9,48.8
z_31.5_31.5,2024,2,2024-T2,Diminution,66.9,3.3,66.9,29.8
z_31.5_31.5,2024,3,2024-T3,Diminution,62.5,6.5,62.5,31.0
z_31.5_31.5,2024,4,2024-T4,Diminution,64.5,4.6,64.5,30.9
z_31.5_31.5,2025,1,2025-T1,Stable,48.8,12.1,39.1,48.8
z_31.5_31.5,2025,2,2025-T2,Diminution,66.9,3.3,66.9,29.8
z_31.5_31.5,2025,3,2025-T3,Diminution,54.9,7.5,54.9,37.6
z_31.5_31.5,2025,4,2025-T4,Diminution,62.6,5.0,62.6,32.4
z_31.5_31.5,2026,1,2026-T1,Diminution,44.7,12.2,44.7,43.1
z_31.5_31.5,2026,2,2026-T2,Diminution,61.0,4.6,61.0,34.5
z_31.5_31.5,2026,3,2026-T3,Diminution,62.5,6.5,62.5,31.0
z_31.5_31.5,2026,4,2026-T4,Diminution,63.9,4.4,63.9,31.7
z_31.5_31.5,2027,1,2027-T1,Diminution,43.1,14.0,43.1,42.9
z_31.5_31.5,2027,2,2027-T2,Diminution,65.7,4.1,65.7,30.2
z_31.5_31.5,2027,3,2027-T3,Diminution,62.5,6.5,62.5,31.0
z_31.5_31.5,2027,4,2027-T4,Diminution,70.6,3.7,70.6,25.7
z_31.5_31.5,2028,1,2028-T1,Diminution,45.2,11.8,45.2,43.0
z_31.5_31.5,2028,2,2028-T2,Diminution,62.4,4.8,62.4,32.8
z_31.5_31.5,2028,3,2028-T3,Diminution,62.5,6.5,62.5,31.0
z_31.5_31.5,2028,4,2028-T4,Diminution,70.6,3.7,70.6,25.7
z_31.5_31.5,2029,1,2029-T1,Diminution,45.2,11.8,45.2,43.0
z_31.5_31.5,2029,2,2029-T2,Diminution,66.1,5.6,66.1,28.2
z_31.5_31.5,2029,3,2029-T3,Diminution,62.5,6.5,62.5,31.0
z_31.5_31.5,2029,4,2029-T4,Diminution,70.6,3.7,70.6,25.7
z_31.5_31.5,2030,1,2030-T1,Diminution,45.2,11.8,45.2,43.0
z_31.5_31.5,2030,2,2030-T2,Diminution,61.1,4.1,61.1,34.8
z_31.5_31.5,2030,3,2030-T3,Diminution,62.5,6.5,62.5,31.0
z_31.5_31.5,2030,4,2030-T4,Diminution,70.6,3.7,70.6,25.7
z_33.0_-13.5,2023,1,2023-T1,Diminution,91.6,1.6,91.6,6.9
z_33.0_-13.5,2023,2,2023-T2,Diminution,72.5,2.7,72.5,24.7
z_33.0_-13.5,2023,3,2023-T3,Diminution,76.8,3.3,76.8,19.9
z_33.0_-13.5,2023,4,2023-T4,Diminution,84.7,4.5,84.7,10.8
z_33.0_-13.5,2024,1,2024-T1,Diminution,86.6,1.8,86.6,11.6
z_33.0_-13.5,2024,2,2024-T2,Diminution,65.0,5.2,65.0,29.8
z_33.0_-13.5,2024,3,2024-T3,Diminution,90.1,2.1,90.1,7.8
z_33.0_-13.5,2024,4,2024-T4,Diminution,78.7,2.5,78.7,18.8
z_33.0_-13.5,2025,1,2025-T1,Diminution,84.3,3.9,84.3,11.8
z_33.0_-13.5,2025,2,2025-T2,Diminution,89.6,1.7,89.6,8.7
z_33.0_-13.5,2025,3,2025-T3,Diminution,90.1,2.1,90.1,7.8
z_33.0_-13.5,2025,4,2025-T4,Diminution,86.0,2.9,86.0,11.2
z_33.0_-13.5,2026,1,2026-T1,Diminution,79.7,2.2,79.7,18.1
z_33.0_-13.5,2026,2,2026-T2,Diminution,89.6,1.7,89.6,8.7
z_33.0_-13.5,2026,3,2026-T3,Diminution,90.1,2.1,90.1,7.8
z_33.0_-13.5,2026,4,2026-T4,Diminution,65.1,6.3,65.1,28.6
z_33.0_-13.5,2027,1,2027-T1,Diminution,86.5,2.6,86.5,10.9
z_33.0_-13.5,2027,2,2027-T2,Diminution,89.6,1.7,89.6,8.7
z_33.0_-13.5,2027,3,2027-T3,Diminution,90.1,2.1,90.1,7.8
z_33.0_-13.5,2027,4,2027-T4,Diminution,91.1,1.9,91.1,7.0
z_33.0_-13.5,2028,1,2028-T1,Diminution,67.3,5.5,67.3,27.2
z_33.0_-13.5,2028,2,2028-T2,Diminution,89.6,1.7,89.6,8.7
z_33.0_-13.5,2028,3,2028-T3,Diminution,90.1,2.1,90.1,7.8
z_33.0_-13.5,2028,4,2028-T4,Diminution,91.1,1.9,91.1,7.0
z_33.0_-13.5,2029,1,2029-T1,Diminution,91.6,1.6,91.6,6.9
z_33.0_-13.5,2029,2,2029-T2,Diminution,89.6,1.7,89.6,8.7
z_33.0_-13.5,2029,3,2029-T3,Diminution,90.1,2.1,90.1,7.8
z_33.0_-13.5,2029,4,2029-T4,Diminution,91.1,1.9,91.1,7.0
z_33.0_-13.5,2030,1,2030-T1,Diminution,91.6,1.6,91.6,6.9
z_33.0_-13.5,2030,2,2030-T2,Diminution,89.6,1.7,89.6,8.7
z_33.0_-13.5,2030,3,2030-T3,Diminution,90.1,2.1,90.1,7.8
z_33.0_-13.5,2030,4,2030-T4,Diminution,91.1,1.9,91.1,7.0
z_33.0_-9.0,2023,1,2023-T1,Diminution,52.1,11.5,52.1,36.3
z_33.0_-9.0,2023,2,2023-T2,Diminution,52.4,20.7,52.4,26.8
z_33.0_-9.0,2023,3,2023-T3,Diminution,70.2,6.8,70.2,23.0
z_33.0_-9.0,2023,4,2023-T4,Diminution,46.2,16.6,46.2,37.2
z_33.0_-9.0,2024,1,2024-T1,Stable,42.7,17.3,39.9,42.7
z_33.0_-9.0,2024,2,2024-T2,Diminution,41.6,17.9,41.6,40.5
z_33.0_-9.0,2024,3,2024-T3,Diminution,46.2,12.3,46.2,41.5
z_33.0_-9.0,2024,4,2024-T4,Stable,52.8,17.2,30.0,52.8
z_33.0_-9.0,2025,1,2025-T1,Stable,51.8,10.7,37.5,51.8
z_33.0_-9.0,2025,2,2025-T2,Diminution,56.7,8.2,56.7,35.0
z_33.0_-9.0,2025,3,2025-T3,Diminution,70.2,6.8,70.2,23.0
z_33.0_-9.0,2025,4,2025-T4,Stable,49.3,17.3,33.4,49.3
z_33.0_-9.0,2026,1,2026-T1,Stable,47.9,12.7,39.4,47.9
z_33.0_-9.0,2026,2,2026-T2,Diminution,52.9,15.7,52.9,31.4
z_33.0_-9.0,2026,3,2026-T3,Diminution,56.9,5.9,56.9,37.2
z_33.0_-9.0,2026,4,2026-T4,Stable,45.0,15.6,39.5,45.0
z_33.0_-9.0,2027,1,2027-T1,Stable,41.0,20.1,38.9,41.0
z_33.0_-9.0,2027,2,2027-T2,Diminution,51.4,8.1,51.4,40.5
z_33.0_-9.0,2027,3,2027-T3,Diminution,58.9,7.0,58.9,34.0
z_33.0_-9.0,2027,4,2027-T4,Diminution,52.4,12.5,52.4,35.1
z_33.0_-9.0,2028,1,2028-T1,Diminution,53.5,13.5,53.5,33.0
z_33.0_-9.0,2028,2,2028-T2,Diminution,61.6,10.9,61.6,27.5
z_33.0_-9.0,2028,3,2028-T3,Diminution,53.7,6.7,53.7,39.6
z_33.0_-9.0,2028,4,2028-T4,Diminution,48.3,17.8,48.3,33.8
z_33.0_-9.0,2029,1,2029-T1,Diminution,48.6,19.8,48.6,31.6
z_33.0_-9.0,2029,2,2029-T2,Diminution,53.8,19.1,53.8,27.0
z_33.0_-9.0,2029,3,2029-T3,Diminution,62.1,8.5,62.1,29.4
z_33.0_-9.0,2029,4,2029-T4,Diminution,53.7,10.5,53.7,35.8
z_33.0_-9.0,2030,1,2030-T1,Diminution,54.4,11.5,54.4,34.1
z_33.0_-9.0,2030,2,2030-T2,Diminution,63.2,10.5,63.2,26.3
z_33.0_-9.0,2030,3,2030-T3,Diminution,53.3,15.8,53.3,30.9
z_33.0_-9.0,2030,4,2030-T4,Diminution,53.7,10.5,53.7,35.8
z_33.0_10.5,2023,1,2023-T1,Diminution,91.4,2.7,91.4,5.9
z_33.0_10.5,2023,2,2023-T2,Diminution,89.7,3.3,89.7,7.0
z_33.0_10.5,2023,3,2023-T3,Diminution,90.4,3.6,90.4,6.0
z_33.0_10.5,2023,4,2023-T4,Diminution,91.2,3.0,91.2,5.8
z_33.0_10.5,2024,1,2024-T1,Diminution,91.4,2.7,91.4,5.9
z_33.0_10.5,2024,2,2024-T2,Diminution,89.7,3.3,89.7,7.0
z_33.0_10.5,2024,3,2024-T3,Diminution,90.4,3.6,90.4,6.0
z_33.0_10.5,2024,4,2024-T4,Diminution,91.2,3.0,91.2,5.8
z_33.0_10.5,2025,1,2025-T1,Diminution,91.4,2.7,91.4,5.9
z_33.0_10.5,2025,2,2025-T2,Diminution,89.7,3.3,89.7,7.0
z_33.0_10.5,2025,3,2025-T3,Diminution,90.4,3.6,90.4,6.0
z_33.0_10.5,2025,4,2025-T4,Diminution,79.0,2.7,79.0,18.3
z_33.0_10.5,2026,1,2026-T1,Diminution,79.1,3.9,79.1,17.0
z_33.0_10.5,2026,2,2026-T2,Diminution,88.2,3.7,88.2,8.1
z_33.0_10.5,2026,3,2026-T3,Diminution,85.6,3.0,85.6,11.4
z_33.0_10.5,2026,4,2026-T4,Diminution,91.2,3.0,91.2,5.8
z_33.0_10.5,2027,1,2027-T1,Diminution,91.4,2.7,91.4,5.9
z_33.0_10.5,2027,2,2027-T2,Diminution,89.7,3.3,89.7,7.0
z_33.0_10.5,2027,3,2027-T3,Diminution,84.4,6.6,84.4,9.1
z_33.0_10.5,2027,4,2027-T4,Diminution,91.2,3.0,91.2,5.8
z_33.0_10.5,2028,1,2028-T1,Diminution,91.4,2.7,91.4,5.9
z_33.0_10.5,2028,2,2028-T2,Diminution,89.7,3.3,89.7,7.0
z_33.0_10.5,2028,3,2028-T3,Diminution,78.2,4.1,78.2,17.7
z_33.0_10.5,2028,4,2028-T4,Diminution,91.2,3.0,91.2,5.8
z_33.0_10.5,2029,1,2029-T1,Diminution,91.4,2.7,91.4,5.9
z_33.0_10.5,2029,2,2029-T2,Diminution,89.7,3.3,89.7,7.0
z_33.0_10.5,2029,3,2029-T3,Diminution,84.6,4.1,84.6,11.2
z_33.0_10.5,2029,4,2029-T4,Diminution,91.2,3.0,91.2,5.8
z_33.0_10.5,2030,1,2030-T1,Diminution,91.4,2.7,91.4,5.9
z_33.0_10.5,2030,2,2030-T2,Diminution,89.7,3.3,89.7,7.0
z_33.0_10.5,2030,3,2030-T3,Diminution,63.6,8.5,63.6,27.8
z_33.0_10.5,2030,4,2030-T4,Diminution,91.2,3.0,91.2,5.8
z_33.0_18.0,2023,1,2023-T1,Diminution,92.9,1.5,92.9,5.6
z_33.0_18.0,2023,2,2023-T2,Diminution,91.4,1.7,91.4,6.9
z_33.0_18.0,2023,3,2023-T3,Diminution,92.1,2.0,92.1,5.9
z_33.0_18.0,2023,4,2023-T4,Diminution,92.7,1.7,92.7,5.5
z_33.0_18.0,2024,1,2024-T1,Diminution,92.9,1.5,92.9,5.6
z_33.0_18.0,2024,2,2024-T2,Diminution,91.4,1.7,91.4,6.9
z_33.0_18.0,2024,3,2024-T3,Diminution,92.1,2.0,92.1,5.9
z_33.0_18.0,2024,4,2024-T4,Diminution,80.2,1.8,80.2,18.0
z_33.0_18.0,2025,1,2025-T1,Diminution,80.5,3.1,80.5,16.5
z_33.0_18.0,2025,2,2025-T2,Diminution,89.6,2.7,89.6,7.7
z_33.0_18.0,2025,3,2025-T3,Diminution,87.1,1.7,87.1,11.2
z_33.0_18.0,2025,4,2025-T4,Diminution,92.7,1.7,92.7,5.5
z_33.0_18.0,2026,1,2026-T1,Diminution,92.9,1.5,92.9,5.6
z_33.0_18.0,2026,2,2026-T2,Diminution,91.4,1.7,91.4,6.9
z_33.0_18.0,2026,3,2026-T3,Diminution,86.3,4.8,86.3,8.9
z_33.0_18.0,2026,4,2026-T4,Diminution,92.7,1.7,92.7,5.5
z_33.0_18.0,2027,1,2027-T1,Diminution,92.9,1.5,92.9,5.6
z_33.0_18.0,2027,2,2027-T2,Diminution,91.4,1.7,91.4,6.9
z_33.0_18.0,2027,3,2027-T3,Diminution,79.5,3.1,79.5,17.4
z_33.0_18.0,2027,4,2027-T4,Diminution,92.7,1.7,92.7,5.5
z_33.0_18.0,2028,1,2028-T1,Diminution,92.9,1.5,92.9,5.6
z_33.0_18.0,2028,2,2028-T2,Diminution,91.4,1.7,91.4,6.9
z_33.0_18.0,2028,3,2028-T3,Diminution,85.9,2.8,85.9,11.3
z_33.0_18.0,2028,4,2028-T4,Diminution,92.7,1.7,92.7,5.5
z_33.0_18.0,2029,1,2029-T1,Diminution,92.9,1.5,92.9,5.6
z_33.0_18.0,2029,2,2029-T2,Diminution,91.4,1.7,91.4,6.9
z_33.0_18.0,2029,3,2029-T3,Diminution,64.0,7.2,64.0,28.8
z_33.0_18.0,2029,4,2029-T4,Diminution,92.7,1.7,92.7,5.5
z_33.0_18.0,2030,1,2030-T1,Diminution,92.9,1.5,92.9,5.6
z_33.0_18.0,2030,2,2030-T2,Diminution,91.4,1.7,91.4,6.9
z_33.0_18.0,2030,3,2030-T3,Diminution,92.1,2.0,92.1,5.9
z_33.0_18.0,2030,4,2030-T4,Diminution,92.7,1.7,92.7,5.5
z_33.0_25.5,2023,1,2023-T1,Diminution,92.6,2.1,92.6,5.3
z_33.0_25.5,2023,2,2023-T2,Diminution,90.7,2.6,90.7,6.7
z_33.0_25.5,2023,3,2023-T3,Diminution,91.5,2.8,91.5,5.6
z_33.0_25.5,2023,4,2023-T4,Diminution,92.2,2.4,92.2,5.4
z_33.0_25.5,2024,1,2024-T1,Diminution,92.6,2.1,92.6,5.3
z_33.0_25.5,2024,2,2024-T2,Diminution,90.7,2.6,90.7,6.7
z_33.0_25.5,2024,3,2024-T3,Diminution,77.0,2.7,77.0,20.3
z_33.0_25.5,2024,4,2024-T4,Diminution,79.6,3.6,79.6,16.8
z_33.0_25.5,2025,1,2025-T1,Diminution,89.8,2.7,89.8,7.5
z_33.0_25.5,2025,2,2025-T2,Diminution,84.9,2.3,84.9,12.8
z_33.0_25.5,2025,3,2025-T3,Diminution,91.5,2.8,91.5,5.6
z_33.0_25.5,2025,4,2025-T4,Diminution,92.2,2.4,92.2,5.4
z_33.0_25.5,2026,1,2026-T1,Diminution,92.6,2.1,92.6,5.3
z_33.0_25.5,2026,2,2026-T2,Diminution,84.5,6.3,84.5,9.2
z_33.0_25.5,2026,3,2026-T3,Diminution,91.5,2.8,91.5,5.6
z_33.0_25.5,2026,4,2026-T4,Diminution,92.2,2.4,92.2,5.4
z_33.0_25.5,2027,1,2027-T1,Diminution,92.6,2.1,92.6,5.3
z_33.0_25.5,2027,2,2027-T2,Diminution,78.6,3.0,78.6,18.4
z_33.0_25.5,2027,3,2027-T3,Diminution,91.5,2.8,91.5,5.6
z_33.0_25.5,2027,4,2027-T4,Diminution,92.2,2.4,92.2,5.4
z_33.0_25.5,2028,1,2028-T1,Diminution,92.6,2.1,92.6,5.3
z_33.0_25.5,2028,2,2028-T2,Diminution,84.6,3.3,84.6,12.1
z_33.0_25.5,2028,3,2028-T3,Diminution,91.5,2.8,91.5,5.6
z_33.0_25.5,2028,4,2028-T4,Diminution,92.2,2.4,92.2,5.4
z_33.0_25.5,2029,1,2029-T1,Diminution,92.6,2.1,92.6,5.3
z_33.0_25.5,2029,2,2029-T2,Diminution,67.1,6.8,67.1,26.1
z_33.0_25.5,2029,3,2029-T3,Diminution,91.5,2.8,91.5,5.6
z_33.0_25.5,2029,4,2029-T4,Diminution,92.2,2.4,92.2,5.4
z_33.0_25.5,2030,1,2030-T1,Diminution,92.6,2.1,92.6,5.3
z_33.0_25.5,2030,2,2030-T2,Diminution,90.7,2.6,90.7,6.7
z_33.0_25.5,2030,3,2030-T3,Diminution,91.5,2.8,91.5,5.6
z_33.0_25.5,2030,4,2030-T4,Diminution,92.2,2.4,92.2,5.4
z_33.0_9.0,2023,1,2023-T1,Diminution,71.0,4.5,71.0,24.5
z_33.0_9.0,2023,2,2023-T2,Diminution,67.0,4.0,67.0,29.0
z_33.0_9.0,2023,3,2023-T3,Diminution,69.9,4.2,69.9,25.9
z_33.0_9.0,2023,4,2023-T4,Diminution,70.6,4.8,70.6,24.6
z_33.0_9.0,2024,1,2024-T1,Diminution,71.0,4.5,71.0,24.5
z_33.0_9.0,2024,2,2024-T2,Diminution,67.0,4.0,67.0,29.0
z_33.0_9.0,2024,3,2024-T3,Diminution,56.8,4.3,56.8,38.9
z_33.0_9.0,2024,4,2024-T4,Diminution,62.4,5.7,62.4,31.9
z_33.0_9.0,2025,1,2025-T1,Diminution,71.7,4.8,71.7,23.5
z_33.0_9.0,2025,2,2025-T2,Diminution,61.0,5.1,61.0,33.9
z_33.0_9.0,2025,3,2025-T3,Diminution,69.9,4.2,69.9,25.9
z_33.0_9.0,2025,4,2025-T4,Diminution,70.6,4.8,70.6,24.6
z_33.0_9.0,2026,1,2026-T1,Diminution,71.0,4.5,71.0,24.5
z_33.0_9.0,2026,2,2026-T2,Diminution,64.7,4.8,64.7,30.5
z_33.0_9.0,2026,3,2026-T3,Diminution,69.9,4.2,69.9,25.9
z_33.0_9.0,2026,4,2026-T4,Diminution,70.6,4.8,70.6,24.6
z_33.0_9.0,2027,1,2027-T1,Diminution,71.0,4.5,71.0,24.5
z_33.0_9.0,2027,2,2027-T2,Diminution,64.6,4.1,64.6,31.3
z_33.0_9.0,2027,3,2027-T3,Diminution,69.9,4.2,69.9,25.9
z_33.0_9.0,2027,4,2027-T4,Diminution,70.6,4.8,70.6,24.6
z_33.0_9.0,2028,1,2028-T1,Diminution,71.0,4.5,71.0,24.5
z_33.0_9.0,2028,2,2028-T2,Diminution,67.8,4.9,67.8,27.3
z_33.0_9.0,2028,3,2028-T3,Diminution,69.9,4.2,69.9,25.9
z_33.0_9.0,2028,4,2028-T4,Diminution,70.6,4.8,70.6,24.6
z_33.0_9.0,2029,1,2029-T1,Diminution,71.0,4.5,71.0,24.5
z_33.0_9.0,2029,2,2029-T2,Diminution,59.6,4.5,59.6,36.0
z_33.0_9.0,2029,3,2029-T3,Diminution,69.9,4.2,69.9,25.9
z_33.0_9.0,2029,4,2029-T4,Diminution,70.6,4.8,70.6,24.6
z_33.0_9.0,2030,1,2030-T1,Diminution,71.0,4.5,71.0,24.5
z_33.0_9.0,2030,2,2030-T2,Diminution,67.0,4.0,67.0,29.0
z_33.0_9.0,2030,3,2030-T3,Diminution,69.9,4.2,69.9,25.9
z_33.0_9.0,2030,4,2030-T4,Diminution,70.6,4.8,70.6,24.6
z_34.5_-1.5,2023,1,2023-T1,Diminution,72.1,9.3,72.1,18.6
z_34.5_-1.5,2023,2,2023-T2,Diminution,68.7,10.3,68.7,21.0
z_34.5_-1.5,2023,3,2023-T3,Diminution,56.6,8.1,56.6,35.3
z_34.5_-1.5,2023,4,2023-T4,Diminution,72.1,3.9,72.1,24.0
z_34.5_-1.5,2024,1,2024-T1,Diminution,55.3,21.3,55.3,23.4
z_34.5_-1.5,2024,2,2024-T2,Diminution,58.1,7.8,58.1,34.1
z_34.5_-1.5,2024,3,2024-T3,Diminution,69.2,10.1,69.2,20.8
z_34.5_-1.5,2024,4,2024-T4,Diminution,92.3,2.4,92.3,5.3
z_34.5_-1.5,2025,1,2025-T1,Diminution,76.0,8.7,76.0,15.3
z_34.5_-1.5,2025,2,2025-T2,Diminution,55.5,14.8,55.5,29.7
z_34.5_-1.5,2025,3,2025-T3,Diminution,57.3,20.1,57.3,22.5
z_34.5_-1.5,2025,4,2025-T4,Diminution,92.3,2.4,92.3,5.3
z_34.5_-1.5,2026,1,2026-T1,Diminution,76.0,8.7,76.0,15.3
z_34.5_-1.5,2026,2,2026-T2,Diminution,50.6,9.1,50.6,40.3
z_34.5_-1.5,2026,3,2026-T3,Diminution,73.2,9.8,73.2,17.0
z_34.5_-1.5,2026,4,2026-T4,Diminution,92.3,2.4,92.3,5.3
z_34.5_-1.5,2027,1,2027-T1,Diminution,76.0,8.7,76.0,15.3
z_34.5_-1.5,2027,2,2027-T2,Diminution,60.1,10.8,60.1,29.1
z_34.5_-1.5,2027,3,2027-T3,Diminution,73.2,9.8,73.2,17.0
z_34.5_-1.5,2027,4,2027-T4,Diminution,92.3,2.4,92.3,5.3
z_34.5_-1.5,2028,1,2028-T1,Diminution,76.0,8.7,76.0,15.3
z_34.5_-1.5,2028,2,2028-T2,Diminution,55.7,15.4,55.7,28.8
z_34.5_-1.5,2028,3,2028-T3,Diminution,73.2,9.8,73.2,17.0
z_34.5_-1.5,2028,4,2028-T4,Diminution,92.3,2.4,92.3,5.3
z_34.5_-1.5,2029,1,2029-T1,Diminution,76.0,8.7,76.0,15.3
z_34.5_-1.5,2029,2,2029-T2,Diminution,68.7,10.3,68.7,21.0
z_34.5_-1.5,2029,3,2029-T3,Diminution,73.2,9.8,73.2,17.0
z_34.5_-1.5,2029,4,2029-T4,Diminution,92.3,2.4,92.3,5.3
z_34.5_-1.5,2030,1,2030-T1,Diminution,76.0,8.7,76.0,15.3
z_34.5_-1.5,2030,2,2030-T2,Diminution,68.7,10.3,68.7,21.0
z_34.5_-1.5,2030,3,2030-T3,Diminution,73.2,9.8,73.2,17.0
z_34.5_-1.5,2030,4,2030-T4,Diminution,92.3,2.4,92.3,5.3
z_34.5_-10.5,2023,1,2023-T1,Diminution,90.2,2.4,90.2,7.4
z_34.5_-10.5,2023,2,2023-T2,Diminution,87.8,2.9,87.8,9.3
z_34.5_-10.5,2023,3,2023-T3,Diminution,89.3,3.4,89.3,7.4
z_34.5_-10.5,2023,4,2023-T4,Diminution,90.0,2.7,90.0,7.3
z_34.5_-10.5,2024,1,2024-T1,Diminution,90.2,2.4,90.2,7.4
z_34.5_-10.5,2024,2,2024-T2,Diminution,71.7,2.4,71.7,25.9
z_34.5_-10.5,2024,3,2024-T3,Diminution,75.7,4.2,75.7,20.2
z_34.5_-10.5,2024,4,2024-T4,Diminution,87.9,3.0,87.9,9.1
z_34.5_-10.5,2025,1,2025-T1,Diminution,84.6,2.9,84.6,12.6
z_34.5_-10.5,2025,2,2025-T2,Diminution,87.8,2.9,87.8,9.3
z_34.5_-10.5,2025,3,2025-T3,Diminution,89.3,3.4,89.3,7.4
z_34.5_-10.5,2025,4,2025-T4,Diminution,90.0,2.7,90.0,7.3
z_34.5_-10.5,2026,1,2026-T1,Diminution,82.6,4.9,82.6,12.5
z_34.5_-10.5,2026,2,2026-T2,Diminution,87.8,2.9,87.8,9.3
z_34.5_-10.5,2026,3,2026-T3,Diminution,89.3,3.4,89.3,7.4
z_34.5_-10.5,2026,4,2026-T4,Diminution,90.0,2.7,90.0,7.3
z_34.5_-10.5,2027,1,2027-T1,Diminution,77.6,2.8,77.6,19.5
z_34.5_-10.5,2027,2,2027-T2,Diminution,87.8,2.9,87.8,9.3
z_34.5_-10.5,2027,3,2027-T3,Diminution,89.3,3.4,89.3,7.4
z_34.5_-10.5,2027,4,2027-T4,Diminution,90.0,2.7,90.0,7.3
z_34.5_-10.5,2028,1,2028-T1,Diminution,85.2,2.9,85.2,11.9
z_34.5_-10.5,2028,2,2028-T2,Diminution,87.8,2.9,87.8,9.3
z_34.5_-10.5,2028,3,2028-T3,Diminution,89.3,3.4,89.3,7.4
z_34.5_-10.5,2028,4,2028-T4,Diminution,90.0,2.7,90.0,7.3
z_34.5_-10.5,2029,1,2029-T1,Diminution,66.8,7.0,66.8,26.2
z_34.5_-10.5,2029,2,2029-T2,Diminution,87.8,2.9,87.8,9.3
z_34.5_-10.5,2029,3,2029-T3,Diminution,89.3,3.4,89.3,7.4
z_34.5_-10.5,2029,4,2029-T4,Diminution,90.0,2.7,90.0,7.3
z_34.5_-10.5,2030,1,2030-T1,Diminution,90.2,2.4,90.2,7.4
z_34.5_-10.5,2030,2,2030-T2,Diminution,87.8,2.9,87.8,9.3
z_34.5_-10.5,2030,3,2030-T3,Diminution,89.3,3.4,89.3,7.4
z_34.5_-10.5,2030,4,2030-T4,Diminution,90.0,2.7,90.0,7.3
z_34.5_-15.0,2023,1,2023-T1,Diminution,90.5,1.7,90.5,7.8
z_34.5_-15.0,2023,2,2023-T2,Diminution,75.2,2.0,75.2,22.8
z_34.5_-15.0,2023,3,2023-T3,Diminution,76.4,3.4,76.4,20.2
z_34.5_-15.0,2023,4,2023-T4,Diminution,88.3,3.2,88.3,8.4
z_34.5_-15.0,2024,1,2024-T1,Diminution,86.5,2.0,86.5,11.5
z_34.5_-15.0,2024,2,2024-T2,Diminution,89.0,1.7,89.0,9.3
z_34.5_-15.0,2024,3,2024-T3,Diminution,89.8,2.1,89.8,8.1
z_34.5_-15.0,2024,4,2024-T4,Diminution,90.2,2.1,90.2,7.8
z_34.5_-15.0,2025,1,2025-T1,Diminution,84.5,3.2,84.5,12.3
z_34.5_-15.0,2025,2,2025-T2,Diminution,89.0,1.7,89.0,9.3
z_34.5_-15.0,2025,3,2025-T3,Diminution,89.8,2.1,89.8,8.1
z_34.5_-15.0,2025,4,2025-T4,Diminution,90.2,2.1,90.2,7.8
z_34.5_-15.0,2026,1,2026-T1,Diminution,78.3,2.7,78.3,19.1
z_34.5_-15.0,2026,2,2026-T2,Diminution,89.0,1.7,89.0,9.3
z_34.5_-15.0,2026,3,2026-T3,Diminution,89.8,2.1,89.8,8.1
z_34.5_-15.0,2026,4,2026-T4,Diminution,90.2,2.1,90.2,7.8
z_34.5_-15.0,2027,1,2027-T1,Diminution,85.0,3.0,85.0,11.9
z_34.5_-15.0,2027,2,2027-T2,Diminution,89.0,1.7,89.0,9.3
z_34.5_-15.0,2027,3,2027-T3,Diminution,89.8,2.1,89.8,8.1
z_34.5_-15.0,2027,4,2027-T4,Diminution,90.2,2.1,90.2,7.8
z_34.5_-15.0,2028,1,2028-T1,Diminution,70.5,6.4,70.5,23.1
z_34.5_-15.0,2028,2,2028-T2,Diminution,89.0,1.7,89.0,9.3
z_34.5_-15.0,2028,3,2028-T3,Diminution,89.8,2.1,89.8,8.1
z_34.5_-15.0,2028,4,2028-T4,Diminution,90.2,2.1,90.2,7.8
z_34.5_-15.0,2029,1,2029-T1,Diminution,90.5,1.7,90.5,7.8
z_34.5_-15.0,2029,2,2029-T2,Diminution,89.0,1.7,89.0,9.3
z_34.5_-15.0,2029,3,2029-T3,Diminution,89.8,2.1,89.8,8.1
z_34.5_-15.0,2029,4,2029-T4,Diminution,90.2,2.1,90.2,7.8
z_34.5_-15.0,2030,1,2030-T1,Diminution,90.5,1.7,90.5,7.8
z_34.5_-15.0,2030,2,2030-T2,Diminution,89.0,1.7,89.0,9.3
z_34.5_-15.0,2030,3,2030-T3,Diminution,89.8,2.1,89.8,8.1
z_34.5_-15.0,2030,4,2030-T4,Diminution,90.2,2.1,90.2,7.8
z_34.5_-39.0,2023,1,2023-T1,Diminution,90.1,1.3,90.1,8.6
z_34.5_-39.0,2023,2,2023-T2,Diminution,87.5,1.3,87.5,11.2
z_34.5_-39.0,2023,3,2023-T3,Diminution,89.5,1.6,89.5,8.9
z_34.5_-39.0,2023,4,2023-T4,Diminution,90.4,1.5,90.4,8.1
z_34.5_-39.0,2024,1,2024-T1,Diminution,90.1,1.3,90.1,8.6
z_34.5_-39.0,2024,2,2024-T2,Diminution,87.5,1.3,87.5,11.2
z_34.5_-39.0,2024,3,2024-T3,Diminution,89.5,1.6,89.5,8.9
z_34.5_-39.0,2024,4,2024-T4,Diminution,90.4,1.5,90.4,8.1
z_34.5_-39.0,2025,1,2025-T1,Diminution,90.1,1.3,90.1,8.6
z_34.5_-39.0,2025,2,2025-T2,Diminution,73.5,1.8,73.5,24.8
z_34.5_-39.0,2025,3,2025-T3,Diminution,79.5,2.9,79.5,17.6
z_34.5_-39.0,2025,4,2025-T4,Diminution,88.4,2.3,88.4,9.3
z_34.5_-39.0,2026,1,2026-T1,Diminution,86.9,1.4,86.9,11.6
z_34.5_-39.0,2026,2,2026-T2,Diminution,87.5,1.3,87.5,11.2
z_34.5_-39.0,2026,3,2026-T3,Diminution,89.5,1.6,89.5,8.9
z_34.5_-39.0,2026,4,2026-T4,Diminution,90.4,1.5,90.4,8.1
z_34.5_-39.0,2027,1,2027-T1,Diminution,84.5,2.6,84.5,13.0
z_34.5_-39.0,2027,2,2027-T2,Diminution,87.5,1.3,87.5,11.2
z_34.5_-39.0,2027,3,2027-T3,Diminution,89.5,1.6,89.5,8.9
z_34.5_-39.0,2027,4,2027-T4,Diminution,90.4,1.5,90.4,8.1
z_34.5_-39.0,2028,1,2028-T1,Diminution,78.0,2.2,78.0,19.7
z_34.5_-39.0,2028,2,2028-T2,Diminution,87.5,1.3,87.5,11.2
z_34.5_-39.0,2028,3,2028-T3,Diminution,89.5,1.6,89.5,8.9
z_34.5_-39.0,2028,4,2028-T4,Diminution,90.4,1.5,90.4,8.1
z_34.5_-39.0,2029,1,2029-T1,Diminution,86.6,2.4,86.6,11.0
z_34.5_-39.0,2029,2,2029-T2,Diminution,87.5,1.3,87.5,11.2
z_34.5_-39.0,2029,3,2029-T3,Diminution,89.5,1.6,89.5,8.9
z_34.5_-39.0,2029,4,2029-T4,Diminution,90.4,1.5,90.4,8.1
z_34.5_-39.0,2030,1,2030-T1,Diminution,71.0,5.5,71.0,23.5
z_34.5_-39.0,2030,2,2030-T2,Diminution,87.5,1.3,87.5,11.2
z_34.5_-39.0,2030,3,2030-T3,Diminution,89.5,1.6,89.5,8.9
z_34.5_-39.0,2030,4,2030-T4,Diminution,90.4,1.5,90.4,8.1
z_34.5_-4.5,2023,1,2023-T1,Diminution,75.1,5.1,75.1,19.8
z_34.5_-4.5,2023,2,2023-T2,Stable,44.4,17.6,38.1,44.4
z_34.5_-4.5,2023,3,2023-T3,Diminution,48.0,9.3,48.0,42.7
z_34.5_-4.5,2023,4,2023-T4,Diminution,46.5,7.5,46.5,46.0
z_34.5_-4.5,2024,1,2024-T1,Diminution,81.6,2.8,81.6,15.6
z_34.5_-4.5,2024,2,2024-T2,Diminution,55.8,15.9,55.8,28.4
z_34.5_-4.5,2024,3,2024-T3,Stable,50.5,6.8,42.7,50.5
z_34.5_-4.5,2024,4,2024-T4,Diminution,53.8,10.5,53.8,35.7
z_34.5_-4.5,2025,1,2025-T1,Diminution,86.8,4.3,86.8,8.8
z_34.5_-4.5,2025,2,2025-T2,Diminution,47.6,7.5,47.6,44.9
z_34.5_-4.5,2025,3,2025-T3,Diminution,44.3,20.4,44.3,35.3
z_34.5_-4.5,2025,4,2025-T4,Stable,43.7,15.7,40.5,43.7
z_34.5_-4.5,2026,1,2026-T1,Diminution,86.8,4.3,86.8,8.8
z_34.5_-4.5,2026,2,2026-T2,Diminution,50.5,12.3,50.5,37.2
z_34.5_-4.5,2026,3,2026-T3,Diminution,47.5,14.4,47.5,38.1
z_34.5_-4.5,2026,4,2026-T4,Diminution,67.7,10.3,67.7,22.0
z_34.5_-4.5,2027,1,2027-T1,Diminution,90.8,2.1,90.8,7.0
z_34.5_-4.5,2027,2,2027-T2,Diminution,41.8,19.1,41.8,39.1
z_34.5_-4.5,2027,3,2027-T3,Diminution,65.6,9.5,65.6,25.0
z_34.5_-4.5,2027,4,2027-T4,Diminution,57.7,19.8,57.7,22.5
z_34.5_-4.5,2028,1,2028-T1,Diminution,90.8,2.1,90.8,7.0
z_34.5_-4.5,2028,2,2028-T2,Diminution,49.3,10.8,49.3,39.9
z_34.5_-4.5,2028,3,2028-T3,Diminution,53.6,18.6,53.6,27.8
z_34.5_-4.5,2028,4,2028-T4,Diminution,70.8,9.0,70.8,20.2
z_34.5_-4.5,2029,1,2029-T1,Diminution,90.8,2.1,90.8,7.0
z_34.5_-4.5,2029,2,2029-T2,Diminution,50.0,24.7,50.0,25.3
z_34.5_-4.5,2029,3,2029-T3,Diminution,67.6,9.3,67.6,23.1
z_34.5_-4.5,2029,4,2029-T4,Diminution,70.8,9.0,70.8,20.2
z_34.5_-4.5,2030,1,2030-T1,Diminution,90.8,2.1,90.8,7.0
z_34.5_-4.5,2030,2,2030-T2,Diminution,51.5,23.1,51.5,25.4
z_34.5_-4.5,2030,3,2030-T3,Diminution,67.6,9.3,67.6,23.1
z_34.5_-4.5,2030,4,2030-T4,Diminution,70.8,9.0,70.8,20.2
z_34.5_-6.0,2023,1,2023-T1,Diminution,42.7,22.9,42.7,34.4
z_34.5_-6.0,2023,2,2023-T2,Stable,59.5,20.4,20.0,59.5
z_34.5_-6.0,2023,3,2023-T3,Diminution,43.6,16.9,43.6,39.5
z_34.5_-6.0,2023,4,2023-T4,Diminution,57.6,16.5,57.6,25.9
z_34.5_-6.0,2024,1,2024-T1,Diminution,42.7,22.9,42.7,34.4
z_34.5_-6.0,2024,2,2024-T2,Stable,57.4,20.0,22.6,57.4
z_34.5_-6.0,2024,3,2024-T3,Augmentation,38.9,38.9,26.9,34.2
z_34.5_-6.0,2024,4,2024-T4,Augmentation,38.0,38.0,26.7,35.3
z_34.5_-6.0,2025,1,2025-T1,Stable,42.4,33.6,24.0,42.4
z_34.5_-6.0,2025,2,2025-T2,Stable,56.2,26.7,17.1,56.2
z_34.5_-6.0,2025,3,2025-T3,Stable,39.5,22.0,38.5,39.5
z_34.5_-6.0,2025,4,2025-T4,Diminution,42.9,19.5,42.9,37.6
z_34.5_-6.0,2026,1,2026-T1,Stable,37.9,24.4,37.7,37.9
z_34.5_-6.0,2026,2,2026-T2,Stable,58.0,23.9,18.1,58.0
z_34.5_-6.0,2026,3,2026-T3,Stable,38.5,28.8,32.6,38.5
z_34.5_-6.0,2026,4,2026-T4,Stable,40.4,21.7,37.9,40.4
z_34.5_-6.0,2027,1,2027-T1,Stable,43.4,24.5,32.1,43.4
z_34.5_-6.0,2027,2,2027-T2,Stable,55.1,26.0,18.9,55.1
z_34.5_-6.0,2027,3,2027-T3,Stable,37.8,26.4,35.7,37.8
z_34.5_-6.0,2027,4,2027-T4,Stable,41.2,22.5,36.3,41.2
z_34.5_-6.0,2028,1,2028-T1,Stable,43.7,24.7,31.6,43.7
z_34.5_-6.0,2028,2,2028-T2,Stable,60.9,21.4,17.7,60.9
z_34.5_-6.0,2028,3,2028-T3,Stable,42.9,24.5,32.5,42.9
z_34.5_-6.0,2028,4,2028-T4,Stable,40.5,22.2,37.3,40.5
z_34.5_-6.0,2029,1,2029-T1,Stable,43.7,24.7,31.6,43.7
z_34.5_-6.0,2029,2,2029-T2,Stable,58.3,25.4,16.3,58.3
z_34.5_-6.0,2029,3,2029-T3,Stable,42.2,25.1,32.7,42.2
z_34.5_-6.0,2029,4,2029-T4,Stable,40.5,22.1,37.4,40.5
z_34.5_-6.0,2030,1,2030-T1,Stable,43.7,24.7,31.6,43.7
z_34.5_-6.0,2030,2,2030-T2,Stable,60.7,22.4,16.9,60.7
z_34.5_-6.0,2030,3,2030-T3,Stable,44.0,24.0,32.0,44.0
z_34.5_-6.0,2030,4,2030-T4,Stable,40.3,22.3,37.3,40.3
z_34.5_-7.5,2023,1,2023-T1,Diminution,49.1,9.8,49.1,41.2
z_34.5_-7.5,2023,2,2023-T2,Diminution,59.3,7.9,59.3,32.8
z_34.5_-7.5,2023,3,2023-T3,Diminution,61.5,3.9,61.5,34.6
z_34.5_-7.5,2023,4,2023-T4,Diminution,57.7,8.6,57.7,33.8
z_34.5_-7.5,2024,1,2024-T1,Stable,41.5,21.4,37.1,41.5
z_34.5_-7.5,2024,2,2024-T2,Stable,43.4,16.8,39.9,43.4
z_34.5_-7.5,2024,3,2024-T3,Diminution,72.9,5.4,72.9,21.6
z_34.5_-7.5,2024,4,2024-T4,Diminution,57.9,7.3,57.9,34.8
z_34.5_-7.5,2025,1,2025-T1,Diminution,49.5,12.8,49.5,37.7
z_34.5_-7.5,2025,2,2025-T2,Diminution,59.5,6.8,59.5,33.7
z_34.5_-7.5,2025,3,2025-T3,Diminution,73.3,3.9,73.3,22.8
z_34.5_-7.5,2025,4,2025-T4,Diminution,55.2,6.8,55.2,38.0
z_34.5_-7.5,2026,1,2026-T1,Diminution,47.1,14.4,47.1,38.4
z_34.5_-7.5,2026,2,2026-T2,Diminution,49.0,6.3,49.0,44.7
z_34.5_-7.5,2026,3,2026-T3,Diminution,75.7,3.9,75.7,20.4
z_34.5_-7.5,2026,4,2026-T4,Diminution,51.9,6.0,51.9,42.2
z_34.5_-7.5,2027,1,2027-T1,Diminution,54.9,11.7,54.9,33.5
z_34.5_-7.5,2027,2,2027-T2,Diminution,63.0,7.4,63.0,29.6
z_34.5_-7.5,2027,3,2027-T3,Diminution,73.3,3.9,73.3,22.8
z_34.5_-7.5,2027,4,2027-T4,Diminution,55.5,7.2,55.5,37.3
z_34.5_-7.5,2028,1,2028-T1,Diminution,54.9,11.7,54.9,33.5
z_34.5_-7.5,2028,2,2028-T2,Diminution,59.3,7.9,59.3,32.8
z_34.5_-7.5,2028,3,2028-T3,Diminution,73.3,3.9,73.3,22.8
z_34.5_-7.5,2028,4,2028-T4,Diminution,54.8,8.4,54.8,36.8
z_34.5_-7.5,2029,1,2029-T1,Diminution,54.9,11.7,54.9,33.5
z_34.5_-7.5,2029,2,2029-T2,Diminution,65.6,6.8,65.6,27.6
z_34.5_-7.5,2029,3,2029-T3,Diminution,73.3,3.9,73.3,22.8
z_34.5_-7.5,2029,4,2029-T4,Diminution,62.9,7.7,62.9,29.4
z_34.5_-7.5,2030,1,2030-T1,Diminution,54.9,11.7,54.9,33.5
z_34.5_-7.5,2030,2,2030-T2,Diminution,65.6,6.8,65.6,27.6
z_34.5_-7.5,2030,3,2030-T3,Diminution,73.3,3.9,73.3,22.8
z_34.5_-7.5,2030,4,2030-T4,Diminution,60.9,8.2,60.9,30.9
z_34.5_0.0,2023,1,2023-T1,Diminution,61.2,6.2,61.2,32.6
z_34.5_0.0,2023,2,2023-T2,Diminution,76.5,5.5,76.5,18.0
z_34.5_0.0,2023,3,2023-T3,Diminution,80.7,3.4,80.7,15.9
z_34.5_0.0,2023,4,2023-T4,Diminution,79.9,2.6,79.9,17.5
z_34.5_0.0,2024,1,2024-T1,Diminution,80.5,2.3,80.5,17.2
z_34.5_0.0,2024,2,2024-T2,Diminution,70.5,3.0,70.5,26.4
z_34.5_0.0,2024,3,2024-T3,Diminution,67.1,3.0,67.1,29.9
z_34.5_0.0,2024,4,2024-T4,Diminution,68.9,3.2,68.9,27.9
z_34.5_0.0,2025,1,2025-T1,Diminution,79.0,2.6,79.0,18.4
z_34.5_0.0,2025,2,2025-T2,Diminution,72.7,3.4,72.7,23.9
z_34.5_0.0,2025,3,2025-T3,Diminution,80.7,3.4,80.7,15.9
z_34.5_0.0,2025,4,2025-T4,Diminution,79.9,2.6,79.9,17.5
z_34.5_0.0,2026,1,2026-T1,Diminution,80.5,2.3,80.5,17.2
z_34.5_0.0,2026,2,2026-T2,Diminution,59.8,8.4,59.8,31.8
z_34.5_0.0,2026,3,2026-T3,Diminution,80.7,3.4,80.7,15.9
z_34.5_0.0,2026,4,2026-T4,Diminution,79.9,2.6,79.9,17.5
z_34.5_0.0,2027,1,2027-T1,Diminution,80.5,2.3,80.5,17.2
z_34.5_0.0,2027,2,2027-T2,Diminution,70.5,3.0,70.5,26.4
z_34.5_0.0,2027,3,2027-T3,Diminution,80.7,3.4,80.7,15.9
z_34.5_0.0,2027,4,2027-T4,Diminution,79.9,2.6,79.9,17.5
z_34.5_0.0,2028,1,2028-T1,Diminution,80.5,2.3,80.5,17.2
z_34.5_0.0,2028,2,2028-T2,Diminution,76.6,3.4,76.6,20.0
z_34.5_0.0,2028,3,2028-T3,Diminution,80.7,3.4,80.7,15.9
z_34.5_0.0,2028,4,2028-T4,Diminution,79.9,2.6,79.9,17.5
z_34.5_0.0,2029,1,2029-T1,Diminution,80.5,2.3,80.5,17.2
z_34.5_0.0,2029,2,2029-T2,Diminution,59.9,6.0,59.9,34.1
z_34.5_0.0,2029,3,2029-T3,Diminution,80.7,3.4,80.7,15.9
z_34.5_0.0,2029,4,2029-T4,Diminution,79.9,2.6,79.9,17.5
z_34.5_0.0,2030,1,2030-T1,Diminution,80.5,2.3,80.5,17.2
z_34.5_0.0,2030,2,2030-T2,Diminution,79.9,2.9,79.9,17.2
z_34.5_0.0,2030,3,2030-T3,Diminution,80.7,3.4,80.7,15.9
z_34.5_0.0,2030,4,2030-T4,Diminution,79.9,2.6,79.9,17.5
z_34.5_12.0,2023,1,2023-T1,Diminution,45.4,16.3,45.4,38.3
z_34.5_12.0,2023,2,2023-T2,Diminution,69.6,10.6,69.6,19.8
z_34.5_12.0,2023,3,2023-T3,Diminution,74.9,3.7,74.9,21.4
z_34.5_12.0,2023,4,2023-T4,Stable,42.5,20.2,37.3,42.5
z_34.5_12.0,2024,1,2024-T1,Stable,36.1,29.8,34.1,36.1
z_34.5_12.0,2024,2,2024-T2,Diminution,67.1,11.3,67.1,21.6
z_34.5_12.0,2024,3,2024-T3,Diminution,78.8,3.8,78.8,17.5
z_34.5_12.0,2024,4,2024-T4,Diminution,51.2,11.0,51.2,37.8
z_34.5_12.0,2025,1,2025-T1,Stable,45.7,25.4,28.9,45.7
z_34.5_12.0,2025,2,2025-T2,Diminution,57.2,12.8,57.2,30.0
z_34.5_12.0,2025,3,2025-T3,Diminution,61.6,12.4,61.6,25.9
z_34.5_12.0,2025,4,2025-T4,Diminution,57.9,7.8,57.9,34.3
z_34.5_12.0,2026,1,2026-T1,Diminution,45.6,12.9,45.6,41.4
z_34.5_12.0,2026,2,2026-T2,Diminution,76.4,8.1,76.4,15.5
z_34.5_12.0,2026,3,2026-T3,Diminution,81.1,2.7,81.1,16.2
z_34.5_12.0,2026,4,2026-T4,Diminution,57.3,7.5,57.3,35.2
z_34.5_12.0,2027,1,2027-T1,Diminution,45.6,12.9,45.6,41.4
z_34.5_12.0,2027,2,2027-T2,Diminution,78.2,8.0,78.2,13.8
z_34.5_12.0,2027,3,2027-T3,Diminution,84.1,3.0,84.1,12.9
z_34.5_12.0,2027,4,2027-T4,Diminution,59.4,7.2,59.4,33.4
z_34.5_12.0,2028,1,2028-T1,Diminution,45.6,12.9,45.6,41.4
z_34.5_12.0,2028,2,2028-T2,Diminution,72.2,9.7,72.2,18.0
z_34.5_12.0,2028,3,2028-T3,Diminution,76.1,4.3,76.1,19.7
z_34.5_12.0,2028,4,2028-T4,Diminution,61.2,7.7,61.2,31.1
z_34.5_12.0,2029,1,2029-T1,Diminution,45.6,12.9,45.6,41.4
z_34.5_12.0,2029,2,2029-T2,Diminution,77.2,9.2,77.2,13.5
z_34.5_12.0,2029,3,2029-T3,Diminution,76.0,3.5,76.0,20.5
z_34.5_12.0,2029,4,2029-T4,Diminution,56.8,8.4,56.8,34.8
z_34.5_12.0,2030,1,2030-T1,Diminution,45.6,12.9,45.6,41.4
z_34.5_12.0,2030,2,2030-T2,Diminution,77.2,9.2,77.2,13.5
z_34.5_12.0,2030,3,2030-T3,Diminution,86.8,2.3,86.8,10.8
z_34.5_12.0,2030,4,2030-T4,Diminution,63.2,7.2,63.2,29.6
z_34.5_13.5,2023,1,2023-T1,Augmentation,64.9,64.9,13.8,21.3
z_34.5_13.5,2023,2,2023-T2,Augmentation,75.8,75.8,9.7,14.5
z_34.5_13.5,2023,3,2023-T3,Augmentation,80.2,80.2,9.1,10.7
z_34.5_13.5,2023,4,2023-T4,Augmentation,85.2,85.2,6.3,8.5
z_34.5_13.5,2024,1,2024-T1,Augmentation,73.7,73.7,14.1,12.2
z_34.5_13.5,2024,2,2024-T2,Augmentation,72.8,72.8,10.2,17.1
z_34.5_13.5,2024,3,2024-T3,Augmentation,79.1,79.1,7.4,13.5
z_34.5_13.5,2024,4,2024-T4,Augmentation,78.0,78.0,8.6,13.5
z_34.5_13.5,2025,1,2025-T1,Augmentation,79.4,79.4,8.3,12.3
z_34.5_13.5,2025,2,2025-T2,Augmentation,80.6,80.6,8.0,11.4
z_34.5_13.5,2025,3,2025-T3,Augmentation,82.3,82.3,8.2,9.5
z_34.5_13.5,2025,4,2025-T4,Augmentation,76.4,76.4,9.1,14.4
z_34.5_13.5,2026,1,2026-T1,Augmentation,79.3,79.3,8.4,12.3
z_34.5_13.5,2026,2,2026-T2,Augmentation,84.0,84.0,7.7,8.3
z_34.5_13.5,2026,3,2026-T3,Augmentation,83.9,83.9,6.5,9.6
z_34.5_13.5,2026,4,2026-T4,Augmentation,80.7,80.7,8.2,11.1
z_34.5_13.5,2027,1,2027-T1,Augmentation,72.7,72.7,11.5,15.8
z_34.5_13.5,2027,2,2027-T2,Augmentation,80.2,80.2,9.3,10.4
z_34.5_13.5,2027,3,2027-T3,Augmentation,82.2,82.2,7.9,9.9
z_34.5_13.5,2027,4,2027-T4,Augmentation,83.8,83.8,7.9,8.2
z_34.5_13.5,2028,1,2028-T1,Augmentation,77.3,77.3,10.1,12.6
z_34.5_13.5,2028,2,2028-T2,Augmentation,82.9,82.9,7.0,10.1
z_34.5_13.5,2028,3,2028-T3,Augmentation,83.4,83.4,7.4,9.2
z_34.5_13.5,2028,4,2028-T4,Augmentation,83.4,83.4,7.6,9.0
z_34.5_13.5,2029,1,2029-T1,Augmentation,80.3,80.3,9.1,10.6
z_34.5_13.5,2029,2,2029-T2,Augmentation,87.0,87.0,6.4,6.5
z_34.5_13.5,2029,3,2029-T3,Augmentation,82.9,82.9,6.8,10.3
z_34.5_13.5,2029,4,2029-T4,Augmentation,82.9,82.9,8.1,9.0
z_34.5_13.5,2030,1,2030-T1,Augmentation,83.4,83.4,8.5,8.1
z_34.5_13.5,2030,2,2030-T2,Augmentation,87.3,87.3,6.2,6.5
z_34.5_13.5,2030,3,2030-T3,Augmentation,86.0,86.0,6.9,7.1
z_34.5_13.5,2030,4,2030-T4,Augmentation,82.7,82.7,8.2,9.1
z_34.5_16.5,2023,1,2023-T1,Diminution,89.7,2.7,89.7,7.6
z_34.5_16.5,2023,2,2023-T2,Diminution,56.8,7.1,56.8,36.1
z_34.5_16.5,2023,3,2023-T3,Diminution,91.5,2.9,91.5,5.6
z_34.5_16.5,2023,4,2023-T4,Diminution,92.1,2.4,92.1,5.5
z_34.5_16.5,2024,1,2024-T1,Diminution,92.4,2.1,92.4,5.5
z_34.5_16.5,2024,2,2024-T2,Diminution,54.3,14.9,54.3,30.8
z_34.5_16.5,2024,3,2024-T3,Diminution,91.5,2.9,91.5,5.6
z_34.5_16.5,2024,4,2024-T4,Diminution,92.1,2.4,92.1,5.5
z_34.5_16.5,2025,1,2025-T1,Diminution,92.4,2.1,92.4,5.5
z_34.5_16.5,2025,2,2025-T2,Diminution,50.8,7.0,50.8,42.2
z_34.5_16.5,2025,3,2025-T3,Diminution,91.5,2.9,91.5,5.6
z_34.5_16.5,2025,4,2025-T4,Diminution,79.6,2.2,79.6,18.2
z_34.5_16.5,2026,1,2026-T1,Diminution,79.8,3.4,79.8,16.8
z_34.5_16.5,2026,2,2026-T2,Diminution,57.9,9.9,57.9,32.3
z_34.5_16.5,2026,3,2026-T3,Diminution,86.0,2.5,86.0,11.5
z_34.5_16.5,2026,4,2026-T4,Diminution,92.1,2.4,92.1,5.5
z_34.5_16.5,2027,1,2027-T1,Diminution,92.4,2.1,92.4,5.5
z_34.5_16.5,2027,2,2027-T2,Diminution,52.9,16.0,52.9,31.1
z_34.5_16.5,2027,3,2027-T3,Diminution,85.1,5.9,85.1,9.0
z_34.5_16.5,2027,4,2027-T4,Diminution,92.1,2.4,92.1,5.5
z_34.5_16.5,2028,1,2028-T1,Diminution,92.4,2.1,92.4,5.5
z_34.5_16.5,2028,2,2028-T2,Diminution,63.6,9.5,63.6,26.9
z_34.5_16.5,2028,3,2028-T3,Diminution,79.0,3.5,79.0,17.5
z_34.5_16.5,2028,4,2028-T4,Diminution,92.1,2.4,92.1,5.5
z_34.5_16.5,2029,1,2029-T1,Diminution,92.4,2.1,92.4,5.5
z_34.5_16.5,2029,2,2029-T2,Diminution,63.6,9.5,63.6,26.9
z_34.5_16.5,2029,3,2029-T3,Diminution,85.6,3.5,85.6,10.9
z_34.5_16.5,2029,4,2029-T4,Diminution,92.1,2.4,92.1,5.5
z_34.5_16.5,2030,1,2030-T1,Diminution,92.4,2.1,92.4,5.5
z_34.5_16.5,2030,2,2030-T2,Diminution,63.6,9.5,63.6,26.9
z_34.5_16.5,2030,3,2030-T3,Diminution,64.3,8.0,64.3,27.6
z_34.5_16.5,2030,4,2030-T4,Diminution,92.1,2.4,92.1,5.5
z_34.5_18.0,2023,1,2023-T1,Diminution,93.4,1.5,93.4,5.1
z_34.5_18.0,2023,2,2023-T2,Diminution,92.0,1.7,92.0,6.3
z_34.5_18.0,2023,3,2023-T3,Diminution,92.6,2.0,92.6,5.5
z_34.5_18.0,2023,4,2023-T4,Diminution,93.2,1.7,93.2,5.2
z_34.5_18.0,2024,1,2024-T1,Diminution,93.4,1.5,93.4,5.1
z_34.5_18.0,2024,2,2024-T2,Diminution,92.0,1.7,92.0,6.3
z_34.5_18.0,2024,3,2024-T3,Diminution,78.5,2.1,78.5,19.4
z_34.5_18.0,2024,4,2024-T4,Diminution,80.4,3.2,80.4,16.4
z_34.5_18.0,2025,1,2025-T1,Diminution,91.1,2.4,91.1,6.6
z_34.5_18.0,2025,2,2025-T2,Diminution,86.5,1.6,86.5,11.9
z_34.5_18.0,2025,3,2025-T3,Diminution,92.6,2.0,92.6,5.5
z_34.5_18.0,2025,4,2025-T4,Diminution,93.2,1.7,93.2,5.2
z_34.5_18.0,2026,1,2026-T1,Diminution,93.4,1.5,93.4,5.1
z_34.5_18.0,2026,2,2026-T2,Diminution,86.3,5.1,86.3,8.5
z_34.5_18.0,2026,3,2026-T3,Diminution,92.6,2.0,92.6,5.5
z_34.5_18.0,2026,4,2026-T4,Diminution,93.2,1.7,93.2,5.2
z_34.5_18.0,2027,1,2027-T1,Diminution,93.4,1.5,93.4,5.1
z_34.5_18.0,2027,2,2027-T2,Diminution,79.7,2.6,79.7,17.7
z_34.5_18.0,2027,3,2027-T3,Diminution,92.6,2.0,92.6,5.5
z_34.5_18.0,2027,4,2027-T4,Diminution,93.2,1.7,93.2,5.2
z_34.5_18.0,2028,1,2028-T1,Diminution,93.4,1.5,93.4,5.1
z_34.5_18.0,2028,2,2028-T2,Diminution,85.7,2.6,85.7,11.6
z_34.5_18.0,2028,3,2028-T3,Diminution,92.6,2.0,92.6,5.5
z_34.5_18.0,2028,4,2028-T4,Diminution,93.2,1.7,93.2,5.2
z_34.5_18.0,2029,1,2029-T1,Diminution,93.4,1.5,93.4,5.1
z_34.5_18.0,2029,2,2029-T2,Diminution,67.9,6.0,67.9,26.2
z_34.5_18.0,2029,3,2029-T3,Diminution,92.6,2.0,92.6,5.5
z_34.5_18.0,2029,4,2029-T4,Diminution,93.2,1.7,93.2,5.2
z_34.5_18.0,2030,1,2030-T1,Diminution,93.4,1.5,93.4,5.1
z_34.5_18.0,2030,2,2030-T2,Diminution,92.0,1.7,92.0,6.3
z_34.5_18.0,2030,3,2030-T3,Diminution,92.6,2.0,92.6,5.5
z_34.5_18.0,2030,4,2030-T4,Diminution,93.2,1.7,93.2,5.2
z_34.5_19.5,2023,1,2023-T1,Diminution,68.9,6.9,68.9,24.2
z_34.5_19.5,2023,2,2023-T2,Diminution,84.5,3.3,84.5,12.2
z_34.5_19.5,2023,3,2023-T3,Diminution,91.5,2.8,91.5,5.7
z_34.5_19.5,2023,4,2023-T4,Diminution,92.2,2.4,92.2,5.5
z_34.5_19.5,2024,1,2024-T1,Diminution,92.5,2.1,92.5,5.4
z_34.5_19.5,2024,2,2024-T2,Diminution,56.4,7.1,56.4,36.5
z_34.5_19.5,2024,3,2024-T3,Diminution,78.2,4.0,78.2,17.7
z_34.5_19.5,2024,4,2024-T4,Diminution,90.3,2.9,90.3,6.8
z_34.5_19.5,2025,1,2025-T1,Diminution,87.1,2.4,87.1,10.5
z_34.5_19.5,2025,2,2025-T2,Diminution,90.6,2.6,90.6,6.7
z_34.5_19.5,2025,3,2025-T3,Diminution,91.5,2.8,91.5,5.7
z_34.5_19.5,2025,4,2025-T4,Diminution,92.2,2.4,92.2,5.5
z_34.5_19.5,2026,1,2026-T1,Diminution,83.9,5.1,83.9,11.0
z_34.5_19.5,2026,2,2026-T2,Diminution,90.6,2.6,90.6,6.7
z_34.5_19.5,2026,3,2026-T3,Diminution,91.5,2.8,91.5,5.7
z_34.5_19.5,2026,4,2026-T4,Diminution,92.2,2.4,92.2,5.5
z_34.5_19.5,2027,1,2027-T1,Diminution,80.4,2.7,80.4,16.9
z_34.5_19.5,2027,2,2027-T2,Diminution,90.6,2.6,90.6,6.7
z_34.5_19.5,2027,3,2027-T3,Diminution,91.5,2.8,91.5,5.7
z_34.5_19.5,2027,4,2027-T4,Diminution,92.2,2.4,92.2,5.5
z_34.5_19.5,2028,1,2028-T1,Diminution,86.9,2.8,86.9,10.3
z_34.5_19.5,2028,2,2028-T2,Diminution,90.6,2.6,90.6,6.7
z_34.5_19.5,2028,3,2028-T3,Diminution,91.5,2.8,91.5,5.7
z_34.5_19.5,2028,4,2028-T4,Diminution,92.2,2.4,92.2,5.5
z_34.5_19.5,2029,1,2029-T1,Diminution,68.9,6.9,68.9,24.2
z_34.5_19.5,2029,2,2029-T2,Diminution,90.6,2.6,90.6,6.7
z_34.5_19.5,2029,3,2029-T3,Diminution,91.5,2.8,91.5,5.7
z_34.5_19.5,2029,4,2029-T4,Diminution,92.2,2.4,92.2,5.5
z_34.5_19.5,2030,1,2030-T1,Diminution,92.5,2.1,92.5,5.4
z_34.5_19.5,2030,2,2030-T2,Diminution,90.6,2.6,90.6,6.7
z_34.5_19.5,2030,3,2030-T3,Diminution,91.5,2.8,91.5,5.7
z_34.5_19.5,2030,4,2030-T4,Diminution,92.2,2.4,92.2,5.5
z_34.5_22.5,2023,1,2023-T1,Diminution,55.3,10.4,55.3,34.3
z_34.5_22.5,2023,2,2023-T2,Diminution,40.8,25.0,40.8,34.2
z_34.5_22.5,2023,3,2023-T3,Stable,57.2,15.1,27.7,57.2
z_34.5_22.5,2023,4,2023-T4,Stable,45.9,21.4,32.7,45.9
z_34.5_22.5,2024,1,2024-T1,Stable,52.4,17.3,30.3,52.4
z_34.5_22.5,2024,2,2024-T2,Stable,47.3,19.0,33.7,47.3
z_34.5_22.5,2024,3,2024-T3,Stable,50.1,17.9,32.1,50.1
z_34.5_22.5,2024,4,2024-T4,Stable,39.9,24.1,36.0,39.9
z_34.5_22.5,2025,1,2025-T1,Stable,44.9,20.7,34.4,44.9
z_34.5_22.5,2025,2,2025-T2,Stable,50.5,15.4,34.1,50.5
z_34.5_22.5,2025,3,2025-T3,Diminution,42.7,18.0,42.7,39.3
z_34.5_22.5,2025,4,2025-T4,Diminution,50.4,19.1,50.4,30.5
z_34.5_22.5,2026,1,2026-T1,Stable,41.5,18.7,39.9,41.5
z_34.5_22.5,2026,2,2026-T2,Stable,53.9,9.5,36.6,53.9
z_34.5_22.5,2026,3,2026-T3,Stable,48.5,13.8,37.8,48.5
z_34.5_22.5,2026,4,2026-T4,Diminution,63.7,11.3,63.7,25.1
z_34.5_22.5,2027,1,2027-T1,Diminution,62.2,11.1,62.2,26.7
z_34.5_22.5,2027,2,2027-T2,Stable,50.4,10.8,38.7,50.4
z_34.5_22.5,2027,3,2027-T3,Stable,47.7,10.6,41.6,47.7
z_34.5_22.5,2027,4,2027-T4,Diminution,63.7,11.3,63.7,25.1
z_34.5_22.5,2028,1,2028-T1,Diminution,56.4,18.3,56.4,25.3
z_34.5_22.5,2028,2,2028-T2,Diminution,45.7,21.7,45.7,32.6
z_34.5_22.5,2028,3,2028-T3,Diminution,44.0,21.6,44.0,34.4
z_34.5_22.5,2028,4,2028-T4,Diminution,63.7,11.3,63.7,25.1
z_34.5_22.5,2029,1,2029-T1,Diminution,63.9,9.6,63.9,26.5
z_34.5_22.5,2029,2,2029-T2,Diminution,46.6,21.6,46.6,31.8
z_34.5_22.5,2029,3,2029-T3,Diminution,49.0,25.7,49.0,25.3
z_34.5_22.5,2029,4,2029-T4,Diminution,63.7,11.3,63.7,25.1
z_34.5_22.5,2030,1,2030-T1,Diminution,63.9,9.6,63.9,26.5
z_34.5_22.5,2030,2,2030-T2,Diminution,50.8,12.3,50.8,37.0
z_34.5_22.5,2030,3,2030-T3,Diminution,50.5,23.1,50.5,26.4
z_34.5_22.5,2030,4,2030-T4,Diminution,63.7,11.3,63.7,25.1
z_34.5_24.0,2023,1,2023-T1,Augmentation,64.6,64.6,13.1,22.3
z_34.5_24.0,2023,2,2023-T2,Augmentation,39.8,39.8,22.7,37.5
z_34.5_24.0,2023,3,2023-T3,Augmentation,39.3,39.3,24.0,36.7
z_34.5_24.0,2023,4,2023-T4,Augmentation,46.1,46.1,23.5,30.4
z_34.5_24.0,2024,1,2024-T1,Augmentation,53.6,53.6,17.3,29.1
z_34.5_24.0,2024,2,2024-T2,Augmentation,51.8,51.8,20.7,27.4
z_34.5_24.0,2024,3,2024-T3,Augmentation,45.0,45.0,21.4,33.6
z_34.5_24.0,2024,4,2024-T4,Augmentation,57.0,57.0,15.9,27.1
z_34.5_24.0,2025,1,2025-T1,Augmentation,53.7,53.7,18.4,27.9
z_34.5_24.0,2025,2,2025-T2,Augmentation,42.7,42.7,21.1,36.2
z_34.5_24.0,2025,3,2025-T3,Augmentation,53.6,53.6,19.9,26.6
z_34.5_24.0,2025,4,2025-T4,Augmentation,50.1,50.1,15.8,34.1
z_34.5_24.0,2026,1,2026-T1,Augmentation,61.3,61.3,13.8,24.9
z_34.5_24.0,2026,2,2026-T2,Augmentation,46.3,46.3,22.1,31.6
z_34.5_24.0,2026,3,2026-T3,Augmentation,52.5,52.5,18.8,28.7
z_34.5_24.0,2026,4,2026-T4,Augmentation,47.3,47.3,17.5,35.2
z_34.5_24.0,2027,1,2027-T1,Augmentation,60.6,60.6,13.5,25.9
z_34.5_24.0,2027,2,2027-T2,Augmentation,57.1,57.1,16.3,26.6
z_34.5_24.0,2027,3,2027-T3,Augmentation,54.8,54.8,18.1,27.1
z_34.5_24.0,2027,4,2027-T4,Augmentation,51.9,51.9,15.0,33.1
z_34.5_24.0,2028,1,2028-T1,Augmentation,61.1,61.1,13.1,25.8
z_34.5_24.0,2028,2,2028-T2,Augmentation,58.0,58.0,16.5,25.5
z_34.5_24.0,2028,3,2028-T3,Augmentation,54.7,54.7,18.0,27.3
z_34.5_24.0,2028,4,2028-T4,Augmentation,50.7,50.7,16.0,33.2
z_34.5_24.0,2029,1,2029-T1,Augmentation,62.1,62.1,13.2,24.7
z_34.5_24.0,2029,2,2029-T2,Augmentation,56.6,56.6,16.0,27.4
z_34.5_24.0,2029,3,2029-T3,Augmentation,58.2,58.2,17.1,24.7
z_34.5_24.0,2029,4,2029-T4,Augmentation,55.4,55.4,14.3,30.3
z_34.5_24.0,2030,1,2030-T1,Augmentation,66.9,66.9,11.2,21.9
z_34.5_24.0,2030,2,2030-T2,Augmentation,60.4,60.4,14.7,24.9
z_34.5_24.0,2030,3,2030-T3,Augmentation,57.5,57.5,16.5,26.0
z_34.5_24.0,2030,4,2030-T4,Augmentation,57.4,57.4,13.6,29.1
z_34.5_25.5,2023,1,2023-T1,Stable,45.9,11.6,42.5,45.9
z_34.5_25.5,2023,2,2023-T2,Diminution,71.2,6.9,71.2,21.9
z_34.5_25.5,2023,3,2023-T3,Stable,47.9,16.3,35.7,47.9
z_34.5_25.5,2023,4,2023-T4,Stable,45.6,23.4,30.9,45.6
z_34.5_25.5,2024,1,2024-T1,Stable,47.9,22.1,30.0,47.9
z_34.5_25.5,2024,2,2024-T2,Stable,40.7,20.5,38.9,40.7
z_34.5_25.5,2024,3,2024-T3,Stable,50.9,19.3,29.8,50.9
z_34.5_25.5,2024,4,2024-T4,Diminution,44.9,15.9,44.9,39.2
z_34.5_25.5,2025,1,2025-T1,Diminution,46.8,11.5,46.8,41.8
z_34.5_25.5,2025,2,2025-T2,Diminution,70.1,7.7,70.1,22.2
z_34.5_25.5,2025,3,2025-T3,Stable,47.2,14.0,38.8,47.2
z_34.5_25.5,2025,4,2025-T4,Stable,42.8,20.6,36.7,42.8
z_34.5_25.5,2026,1,2026-T1,Stable,43.8,20.6,35.7,43.8
z_34.5_25.5,2026,2,2026-T2,Diminution,55.2,11.9,55.2,32.9
z_34.5_25.5,2026,3,2026-T3,Stable,50.5,14.0,35.5,50.5
z_34.5_25.5,2026,4,2026-T4,Diminution,49.6,12.4,49.6,38.0
z_34.5_25.5,2027,1,2027-T1,Stable,46.7,12.8,40.5,46.7
z_34.5_25.5,2027,2,2027-T2,Diminution,71.9,6.9,71.9,21.2
z_34.5_25.5,2027,3,2027-T3,Diminution,44.9,12.3,44.9,42.8
z_34.5_25.5,2027,4,2027-T4,Diminution,49.6,12.4,49.6,38.0
z_34.5_25.5,2028,1,2028-T1,Diminution,47.2,12.4,47.2,40.5
z_34.5_25.5,2028,2,2028-T2,Diminution,63.9,8.7,63.9,27.4
z_34.5_25.5,2028,3,2028-T3,Stable,46.9,15.6,37.5,46.9
z_34.5_25.5,2028,4,2028-T4,Diminution,49.6,12.4,49.6,38.0
z_34.5_25.5,2029,1,2029-T1,Diminution,44.4,14.3,44.4,41.3
z_34.5_25.5,2029,2,2029-T2,Diminution,72.4,7.7,72.4,19.9
z_34.5_25.5,2029,3,2029-T3,Diminution,45.9,11.9,45.9,42.2
z_34.5_25.5,2029,4,2029-T4,Diminution,49.6,12.4,49.6,38.0
z_34.5_25.5,2030,1,2030-T1,Diminution,46.5,12.6,46.5,40.9
z_34.5_25.5,2030,2,2030-T2,Diminution,68.6,8.6,68.6,22.7
z_34.5_25.5,2030,3,2030-T3,Diminution,44.0,14.0,44.0,42.0
z_34.5_25.5,2030,4,2030-T4,Diminution,49.6,12.4,49.6,38.0
z_34.5_27.0,2023,1,2023-T1,Stable,47.3,13.6,39.1,47.3
z_34.5_27.0,2023,2,2023-T2,Diminution,39.6,21.1,39.6,39.3
z_34.5_27.0,2023,3,2023-T3,Diminution,38.7,25.3,38.7,36.0
z_34.5_27.0,2023,4,2023-T4,Stable,43.6,28.7,27.7,43.6
z_34.5_27.0,2024,1,2024-T1,Stable,46.5,22.4,31.1,46.5
z_34.5_27.0,2024,2,2024-T2,Diminution,40.5,22.2,40.5,37.3
z_34.5_27.0,2024,3,2024-T3,Diminution,44.8,22.6,44.8,32.6
z_34.5_27.0,2024,4,2024-T4,Diminution,43.4,14.3,43.4,42.3
z_34.5_27.0,2025,1,2025-T1,Diminution,45.2,21.5,45.2,33.3
z_34.5_27.0,2025,2,2025-T2,Diminution,53.3,14.3,53.3,32.4
z_34.5_27.0,2025,3,2025-T3,Diminution,46.9,11.4,46.9,41.7
z_34.5_27.0,2025,4,2025-T4,Diminution,45.4,26.3,45.4,28.4
z_34.5_27.0,2026,1,2026-T1,Stable,41.1,19.6,39.3,41.1
z_34.5_27.0,2026,2,2026-T2,Diminution,49.2,24.1,49.2,26.6
z_34.5_27.0,2026,3,2026-T3,Diminution,45.1,10.8,45.1,44.1
z_34.5_27.0,2026,4,2026-T4,Diminution,48.6,25.8,48.6,25.6
z_34.5_27.0,2027,1,2027-T1,Diminution,47.4,13.4,47.4,39.2
z_34.5_27.0,2027,2,2027-T2,Diminution,59.5,11.7,59.5,28.7
z_34.5_27.0,2027,3,2027-T3,Diminution,54.3,14.9,54.3,30.8
z_34.5_27.0,2027,4,2027-T4,Diminution,56.9,13.9,56.9,29.2
z_34.5_27.0,2028,1,2028-T1,Stable,39.8,21.7,38.5,39.8
z_34.5_27.0,2028,2,2028-T2,Diminution,59.5,11.7,59.5,28.7
z_34.5_27.0,2028,3,2028-T3,Diminution,46.0,25.7,46.0,28.2
z_34.5_27.0,2028,4,2028-T4,Diminution,56.9,13.9,56.9,29.2
z_34.5_27.0,2029,1,2029-T1,Diminution,51.2,14.7,51.2,34.1
z_34.5_27.0,2029,2,2029-T2,Diminution,59.5,11.7,59.5,28.7
z_34.5_27.0,2029,3,2029-T3,Diminution,56.2,12.7,56.2,31.1
z_34.5_27.0,2029,4,2029-T4,Diminution,56.9,13.9,56.9,29.2
z_34.5_27.0,2030,1,2030-T1,Diminution,46.9,22.6,46.9,30.5
z_34.5_27.0,2030,2,2030-T2,Diminution,59.5,11.7,59.5,28.7
z_34.5_27.0,2030,3,2030-T3,Diminution,56.2,12.7,56.2,31.1
z_34.5_27.0,2030,4,2030-T4,Diminution,56.9,13.9,56.9,29.2
z_34.5_31.5,2023,1,2023-T1,Stable,57.6,24.1,18.3,57.6
z_34.5_31.5,2023,2,2023-T2,Stable,42.9,31.5,25.6,42.9
z_34.5_31.5,2023,3,2023-T3,Stable,49.2,36.1,14.7,49.2
z_34.5_31.5,2023,4,2023-T4,Augmentation,48.5,48.5,10.8,40.6
z_34.5_31.5,2024,1,2024-T1,Stable,43.4,41.5,15.1,43.4
z_34.5_31.5,2024,2,2024-T2,Stable,44.5,27.5,28.0,44.5
z_34.5_31.5,2024,3,2024-T3,Stable,60.3,20.0,19.7,60.3
z_34.5_31.5,2024,4,2024-T4,Stable,55.4,20.1,24.5,55.4
z_34.5_31.5,2025,1,2025-T1,Stable,49.4,19.2,31.4,49.4
z_34.5_31.5,2025,2,2025-T2,Diminution,53.5,18.2,53.5,28.4
z_34.5_31.5,2025,3,2025-T3,Stable,48.3,23.9,27.7,48.3
z_34.5_31.5,2025,4,2025-T4,Stable,44.8,22.9,32.3,44.8
z_34.5_31.5,2026,1,2026-T1,Stable,44.7,11.4,43.9,44.7
z_34.5_31.5,2026,2,2026-T2,Diminution,57.3,16.6,57.3,26.1
z_34.5_31.5,2026,3,2026-T3,Stable,48.4,19.8,31.8,48.4
z_34.5_31.5,2026,4,2026-T4,Stable,47.0,25.7,27.3,47.0
z_34.5_31.5,2027,1,2027-T1,Stable,55.5,18.1,26.4,55.5
z_34.5_31.5,2027,2,2027-T2,Diminution,42.9,22.3,42.9,34.8
z_34.5_31.5,2027,3,2027-T3,Stable,49.9,26.6,23.5,49.9
z_34.5_31.5,2027,4,2027-T4,Stable,51.3,25.5,23.3,51.3
z_34.5_31.5,2028,1,2028-T1,Stable,53.8,19.5,26.7,53.8
z_34.5_31.5,2028,2,2028-T2,Diminution,40.1,23.6,40.1,36.3
z_34.5_31.5,2028,3,2028-T3,Stable,49.2,29.0,21.8,49.2
z_34.5_31.5,2028,4,2028-T4,Stable,52.4,23.9,23.7,52.4
z_34.5_31.5,2029,1,2029-T1,Stable,53.7,17.3,29.0,53.7
z_34.5_31.5,2029,2,2029-T2,Diminution,41.1,20.7,41.1,38.2
z_34.5_31.5,2029,3,2029-T3,Stable,50.1,23.6,26.3,50.1
z_34.5_31.5,2029,4,2029-T4,Stable,51.6,22.9,25.5,51.6
z_34.5_31.5,2030,1,2030-T1,Stable,53.7,17.3,29.0,53.7
z_34.5_31.5,2030,2,2030-T2,Diminution,39.2,22.4,39.2,38.4
z_34.5_31.5,2030,3,2030-T3,Stable,51.8,23.5,24.7,51.8
z_34.5_31.5,2030,4,2030-T4,Stable,52.8,22.8,24.4,52.8
z_34.5_33.0,2023,1,2023-T1,Stable,52.7,31.0,16.3,52.7
z_34.5_33.0,2023,2,2023-T2,Stable,53.5,30.2,16.3,53.5
z_34.5_33.0,2023,3,2023-T3,Stable,54.3,29.3,16.4,54.3
z_34.5_33.0,2023,4,2023-T4,Stable,42.2,27.4,30.4,42.2
z_34.5_33.0,2024,1,2024-T1,Stable,52.7,32.8,14.6,52.7
z_34.5_33.0,2024,2,2024-T2,Stable,56.4,27.6,16.0,56.4
z_34.5_33.0,2024,3,2024-T3,Stable,56.0,28.9,15.2,56.0
z_34.5_33.0,2024,4,2024-T4,Stable,40.7,31.4,27.9,40.7
z_34.5_33.0,2025,1,2025-T1,Stable,56.4,26.5,17.1,56.4
z_34.5_33.0,2025,2,2025-T2,Stable,55.2,28.8,15.9,55.2
z_34.5_33.0,2025,3,2025-T3,Stable,50.1,34.5,15.4,50.1
z_34.5_33.0,2025,4,2025-T4,Stable,42.3,30.9,26.8,42.3
z_34.5_33.0,2026,1,2026-T1,Stable,55.6,24.9,19.5,55.6
z_34.5_33.0,2026,2,2026-T2,Stable,54.6,26.9,18.5,54.6
z_34.5_33.0,2026,3,2026-T3,Stable,50.7,29.3,20.0,50.7
z_34.5_33.0,2026,4,2026-T4,Stable,42.3,25.4,32.3,42.3
z_34.5_33.0,2027,1,2027-T1,Stable,54.8,29.1,16.1,54.8
z_34.5_33.0,2027,2,2027-T2,Stable,48.9,35.2,15.9,48.9
z_34.5_33.0,2027,3,2027-T3,Stable,53.8,28.7,17.4,53.8
z_34.5_33.0,2027,4,2027-T4,Stable,44.9,23.6,31.5,44.9
z_34.5_33.0,2028,1,2028-T1,Stable,56.2,27.3,16.5,56.2
z_34.5_33.0,2028,2,2028-T2,Stable,52.9,30.8,16.3,52.9
z_34.5_33.0,2028,3,2028-T3,Stable,52.9,29.4,17.7,52.9
z_34.5_33.0,2028,4,2028-T4,Stable,44.9,23.0,32.1,44.9
z_34.5_33.0,2029,1,2029-T1,Stable,55.9,27.8,16.4,55.9
z_34.5_33.0,2029,2,2029-T2,Stable,53.7,30.8,15.4,53.7
z_34.5_33.0,2029,3,2029-T3,Stable,54.6,28.4,17.1,54.6
z_34.5_33.0,2029,4,2029-T4,Stable,45.5,22.8,31.7,45.5
z_34.5_33.0,2030,1,2030-T1,Stable,55.9,27.8,16.3,55.9
z_34.5_33.0,2030,2,2030-T2,Stable,53.4,30.9,15.7,53.4
z_34.5_33.0,2030,3,2030-T3,Stable,56.5,26.7,16.8,56.5
z_34.5_33.0,2030,4,2030-T4,Stable,45.5,22.4,32.2,45.5
z_36.0_-1.5,2023,1,2023-T1,Diminution,75.2,6.5,75.2,18.3
z_36.0_-1.5,2023,2,2023-T2,Stable,45.5,12.1,42.4,45.5
z_36.0_-1.5,2023,3,2023-T3,Diminution,45.9,11.3,45.9,42.9
z_36.0_-1.5,2023,4,2023-T4,Diminution,72.2,4.7,72.2,23.2
z_36.0_-1.5,2024,1,2024-T1,Diminution,75.2,6.5,75.2,18.3
z_36.0_-1.5,2024,2,2024-T2,Diminution,45.3,12.7,45.3,42.0
z_36.0_-1.5,2024,3,2024-T3,Stable,42.1,16.8,41.0,42.1
z_36.0_-1.5,2024,4,2024-T4,Diminution,72.2,4.7,72.2,23.2
z_36.0_-1.5,2025,1,2025-T1,Diminution,75.2,6.5,75.2,18.3
z_36.0_-1.5,2025,2,2025-T2,Stable,40.8,19.1,40.1,40.8
z_36.0_-1.5,2025,3,2025-T3,Diminution,43.8,12.7,43.8,43.6
z_36.0_-1.5,2025,4,2025-T4,Diminution,74.1,4.8,74.1,21.1
z_36.0_-1.5,2026,1,2026-T1,Diminution,73.1,7.6,73.1,19.3
z_36.0_-1.5,2026,2,2026-T2,Diminution,45.1,14.7,45.1,40.2
z_36.0_-1.5,2026,3,2026-T3,Diminution,45.3,14.5,45.3,40.2
z_36.0_-1.5,2026,4,2026-T4,Diminution,72.2,4.7,72.2,23.2
z_36.0_-1.5,2027,1,2027-T1,Diminution,72.4,5.3,72.4,22.4
z_36.0_-1.5,2027,2,2027-T2,Diminution,49.3,12.0,49.3,38.7
z_36.0_-1.5,2027,3,2027-T3,Diminution,48.1,12.4,48.1,39.5
z_36.0_-1.5,2027,4,2027-T4,Diminution,72.2,4.7,72.2,23.2
z_36.0_-1.5,2028,1,2028-T1,Diminution,74.7,6.0,74.7,19.4
z_36.0_-1.5,2028,2,2028-T2,Diminution,49.3,12.0,49.3,38.7
z_36.0_-1.5,2028,3,2028-T3,Diminution,48.1,12.4,48.1,39.5
z_36.0_-1.5,2028,4,2028-T4,Diminution,72.2,4.7,72.2,23.2
z_36.0_-1.5,2029,1,2029-T1,Diminution,76.4,5.8,76.4,17.8
z_36.0_-1.5,2029,2,2029-T2,Diminution,49.3,12.0,49.3,38.7
z_36.0_-1.5,2029,3,2029-T3,Diminution,48.1,12.4,48.1,39.5
z_36.0_-1.5,2029,4,2029-T4,Diminution,72.2,4.7,72.2,23.2
z_36.0_-1.5,2030,1,2030-T1,Diminution,71.1,6.2,71.1,22.7
z_36.0_-1.5,2030,2,2030-T2,Diminution,49.3,12.0,49.3,38.7
z_36.0_-1.5,2030,3,2030-T3,Diminution,48.1,12.4,48.1,39.5
z_36.0_-1.5,2030,4,2030-T4,Diminution,72.2,4.7,72.2,23.2
z_36.0_-10.5,2023,1,2023-T1,Stable,53.3,21.8,24.9,53.3
z_36.0_-10.5,2023,2,2023-T2,Stable,44.2,37.7,18.1,44.2
z_36.0_-10.5,2023,3,2023-T3,Stable,49.7,26.2,24.0,49.7
z_36.0_-10.5,2023,4,2023-T4,Stable,48.1,23.7,28.2,48.1
z_36.0_-10.5,2024,1,2024-T1,Stable,53.9,23.5,22.6,53.9
z_36.0_-10.5,2024,2,2024-T2,Stable,46.9,19.2,34.0,46.9
z_36.0_-10.5,2024,3,2024-T3,Diminution,44.3,14.4,44.3,41.3
z_36.0_-10.5,2024,4,2024-T4,Stable,46.6,12.4,41.1,46.6
z_36.0_-10.5,2025,1,2025-T1,Stable,54.5,18.3,27.2,54.5
z_36.0_-10.5,2025,2,2025-T2,Stable,43.1,31.0,25.9,43.1
z_36.0_-10.5,2025,3,2025-T3,Stable,47.2,24.1,28.8,47.2
z_36.0_-10.5,2025,4,2025-T4,Stable,46.2,22.5,31.4,46.2
z_36.0_-10.5,2026,1,2026-T1,Stable,54.7,14.3,30.9,54.7
z_36.0_-10.5,2026,2,2026-T2,Diminution,41.4,19.1,41.4,39.5
z_36.0_-10.5,2026,3,2026-T3,Diminution,54.0,8.9,54.0,37.1
z_36.0_-10.5,2026,4,2026-T4,Stable,49.0,11.4,39.6,49.0
z_36.0_-10.5,2027,1,2027-T1,Stable,46.6,13.4,40.0,46.6
z_36.0_-10.5,2027,2,2027-T2,Diminution,51.4,14.1,51.4,34.5
z_36.0_-10.5,2027,3,2027-T3,Diminution,49.6,7.6,49.6,42.8
z_36.0_-10.5,2027,4,2027-T4,Stable,47.1,13.8,39.1,47.1
z_36.0_-10.5,2028,1,2028-T1,Stable,52.6,12.7,34.7,52.6
z_36.0_-10.5,2028,2,2028-T2,Diminution,51.4,14.1,51.4,34.5
z_36.0_-10.5,2028,3,2028-T3,Diminution,55.0,7.4,55.0,37.6
z_36.0_-10.5,2028,4,2028-T4,Diminution,42.5,16.9,42.5,40.6
z_36.0_-10.5,2029,1,2029-T1,Stable,47.0,11.2,41.8,47.0
z_36.0_-10.5,2029,2,2029-T2,Diminution,51.4,14.1,51.4,34.5
z_36.0_-10.5,2029,3,2029-T3,Diminution,55.0,7.4,55.0,37.6
z_36.0_-10.5,2029,4,2029-T4,Diminution,42.0,17.6,42.0,40.4
z_36.0_-10.5,2030,1,2030-T1,Stable,47.4,17.0,35.5,47.4
z_36.0_-10.5,2030,2,2030-T2,Diminution,51.4,14.1,51.4,34.5
z_36.0_-10.5,2030,3,2030-T3,Diminution,55.0,7.4,55.0,37.6
z_36.0_-10.5,2030,4,2030-T4,Diminution,42.8,15.4,42.8,41.8
z_36.0_-12.0,2023,1,2023-T1,Diminution,91.8,1.5,91.8,6.6
z_36.0_-12.0,2023,2,2023-T2,Diminution,89.9,1.8,89.9,8.3
z_36.0_-12.0,2023,3,2023-T3,Diminution,90.6,2.0,90.6,7.3
z_36.0_-12.0,2023,4,2023-T4,Diminution,79.2,1.7,79.2,19.1
z_36.0_-12.0,2024,1,2024-T1,Diminution,78.1,3.0,78.1,18.8
z_36.0_-12.0,2024,2,2024-T2,Diminution,89.0,2.5,89.0,8.4
z_36.0_-12.0,2024,3,2024-T3,Diminution,85.3,1.7,85.3,13.0
z_36.0_-12.0,2024,4,2024-T4,Diminution,91.6,1.7,91.6,6.7
z_36.0_-12.0,2025,1,2025-T1,Diminution,91.8,1.5,91.8,6.6
z_36.0_-12.0,2025,2,2025-T2,Diminution,89.9,1.8,89.9,8.3
z_36.0_-12.0,2025,3,2025-T3,Diminution,85.3,4.7,85.3,10.0
z_36.0_-12.0,2025,4,2025-T4,Diminution,91.6,1.7,91.6,6.7
z_36.0_-12.0,2026,1,2026-T1,Diminution,91.8,1.5,91.8,6.6
z_36.0_-12.0,2026,2,2026-T2,Diminution,89.9,1.8,89.9,8.3
z_36.0_-12.0,2026,3,2026-T3,Diminution,78.6,3.0,78.6,18.4
z_36.0_-12.0,2026,4,2026-T4,Diminution,91.6,1.7,91.6,6.7
z_36.0_-12.0,2027,1,2027-T1,Diminution,91.8,1.5,91.8,6.6
z_36.0_-12.0,2027,2,2027-T2,Diminution,89.9,1.8,89.9,8.3
z_36.0_-12.0,2027,3,2027-T3,Diminution,84.9,2.7,84.9,12.4
z_36.0_-12.0,2027,4,2027-T4,Diminution,91.6,1.7,91.6,6.7
z_36.0_-12.0,2028,1,2028-T1,Diminution,91.8,1.5,91.8,6.6
z_36.0_-12.0,2028,2,2028-T2,Diminution,89.9,1.8,89.9,8.3
z_36.0_-12.0,2028,3,2028-T3,Diminution,62.9,6.7,62.9,30.4
z_36.0_-12.0,2028,4,2028-T4,Diminution,91.6,1.7,91.6,6.7
z_36.0_-12.0,2029,1,2029-T1,Diminution,91.8,1.5,91.8,6.6
z_36.0_-12.0,2029,2,2029-T2,Diminution,89.9,1.8,89.9,8.3
z_36.0_-12.0,2029,3,2029-T3,Diminution,90.6,2.0,90.6,7.3
z_36.0_-12.0,2029,4,2029-T4,Diminution,91.6,1.7,91.6,6.7
z_36.0_-12.0,2030,1,2030-T1,Diminution,91.8,1.5,91.8,6.6
z_36.0_-12.0,2030,2,2030-T2,Diminution,89.9,1.8,89.9,8.3
z_36.0_-12.0,2030,3,2030-T3,Diminution,90.6,2.0,90.6,7.3
z_36.0_-12.0,2030,4,2030-T4,Diminution,91.6,1.7,91.6,6.7
z_36.0_-22.5,2023,1,2023-T1,Diminution,89.7,1.3,89.7,9.0
z_36.0_-22.5,2023,2,2023-T2,Diminution,67.9,6.2,67.9,25.9
z_36.0_-22.5,2023,3,2023-T3,Diminution,89.2,1.6,89.2,9.3
z_36.0_-22.5,2023,4,2023-T4,Diminution,89.7,1.5,89.7,8.8
z_36.0_-22.5,2024,1,2024-T1,Diminution,89.7,1.3,89.7,9.0
z_36.0_-22.5,2024,2,2024-T2,Diminution,87.7,1.4,87.7,10.9
z_36.0_-22.5,2024,3,2024-T3,Diminution,89.2,1.6,89.2,9.3
z_36.0_-22.5,2024,4,2024-T4,Diminution,89.7,1.5,89.7,8.8
z_36.0_-22.5,2025,1,2025-T1,Diminution,89.7,1.3,89.7,9.0
z_36.0_-22.5,2025,2,2025-T2,Diminution,87.7,1.4,87.7,10.9
z_36.0_-22.5,2025,3,2025-T3,Diminution,75.3,2.1,75.3,22.5
z_36.0_-22.5,2025,4,2025-T4,Diminution,80.2,2.7,80.2,17.0
z_36.0_-22.5,2026,1,2026-T1,Diminution,87.4,2.3,87.4,10.3
z_36.0_-22.5,2026,2,2026-T2,Diminution,82.4,1.4,82.4,16.2
z_36.0_-22.5,2026,3,2026-T3,Diminution,89.2,1.6,89.2,9.3
z_36.0_-22.5,2026,4,2026-T4,Diminution,89.7,1.5,89.7,8.8
z_36.0_-22.5,2027,1,2027-T1,Diminution,89.7,1.3,89.7,9.0
z_36.0_-22.5,2027,2,2027-T2,Diminution,84.4,2.5,84.4,13.1
z_36.0_-22.5,2027,3,2027-T3,Diminution,89.2,1.6,89.2,9.3
z_36.0_-22.5,2027,4,2027-T4,Diminution,89.7,1.5,89.7,8.8
z_36.0_-22.5,2028,1,2028-T1,Diminution,89.7,1.3,89.7,9.0
z_36.0_-22.5,2028,2,2028-T2,Diminution,77.5,2.3,77.5,20.3
z_36.0_-22.5,2028,3,2028-T3,Diminution,89.2,1.6,89.2,9.3
z_36.0_-22.5,2028,4,2028-T4,Diminution,89.7,1.5,89.7,8.8
z_36.0_-22.5,2029,1,2029-T1,Diminution,89.7,1.3,89.7,9.0
z_36.0_-22.5,2029,2,2029-T2,Diminution,83.6,2.6,83.6,13.8
z_36.0_-22.5,2029,3,2029-T3,Diminution,89.2,1.6,89.2,9.3
z_36.0_-22.5,2029,4,2029-T4,Diminution,89.7,1.5,89.7,8.8
z_36.0_-22.5,2030,1,2030-T1,Diminution,89.7,1.3,89.7,9.0
z_36.0_-22.5,2030,2,2030-T2,Diminution,67.9,6.2,67.9,25.9
z_36.0_-22.5,2030,3,2030-T3,Diminution,89.2,1.6,89.2,9.3
z_36.0_-22.5,2030,4,2030-T4,Diminution,89.7,1.5,89.7,8.8
z_36.0_-3.0,2023,1,2023-T1,Augmentation,63.7,63.7,10.4,25.9
z_36.0_-3.0,2023,2,2023-T2,Augmentation,71.7,71.7,7.6,20.7
z_36.0_-3.0,2023,3,2023-T3,Augmentation,80.8,80.8,5.2,13.9
z_36.0_-3.0,2023,4,2023-T4,Augmentation,67.2,67.2,9.0,23.8
z_36.0_-3.0,2024,1,2024-T1,Augmentation,66.6,66.6,10.0,23.5
z_36.0_-3.0,2024,2,2024-T2,Augmentation,54.6,54.6,15.3,30.0
z_36.0_-3.0,2024,3,2024-T3,Augmentation,62.9,62.9,14.7,22.4
z_36.0_-3.0,2024,4,2024-T4,Augmentation,59.6,59.6,11.0,29.4
z_36.0_-3.0,2025,1,2025-T1,Augmentation,55.7,55.7,11.6,32.7
z_36.0_-3.0,2025,2,2025-T2,Augmentation,47.6,47.6,21.0,31.4
z_36.0_-3.0,2025,3,2025-T3,Augmentation,58.1,58.1,15.5,26.4
z_36.0_-3.0,2025,4,2025-T4,Augmentation,56.4,56.4,11.4,32.2
z_36.0_-3.0,2026,1,2026-T1,Augmentation,67.2,67.2,9.0,23.8
z_36.0_-3.0,2026,2,2026-T2,Augmentation,77.7,77.7,7.0,15.4
z_36.0_-3.0,2026,3,2026-T3,Augmentation,75.1,75.1,9.2,15.7
z_36.0_-3.0,2026,4,2026-T4,Augmentation,68.0,68.0,9.5,22.5
z_36.0_-3.0,2027,1,2027-T1,Augmentation,70.8,70.8,9.2,19.9
z_36.0_-3.0,2027,2,2027-T2,Augmentation,74.5,74.5,9.9,15.6
z_36.0_-3.0,2027,3,2027-T3,Augmentation,76.1,76.1,9.0,14.9
z_36.0_-3.0,2027,4,2027-T4,Augmentation,67.7,67.7,8.7,23.6
z_36.0_-3.0,2028,1,2028-T1,Augmentation,72.3,72.3,8.3,19.4
z_36.0_-3.0,2028,2,2028-T2,Augmentation,76.7,76.7,8.7,14.6
z_36.0_-3.0,2028,3,2028-T3,Augmentation,78.1,78.1,7.6,14.2
z_36.0_-3.0,2028,4,2028-T4,Augmentation,70.5,70.5,8.4,21.1
z_36.0_-3.0,2029,1,2029-T1,Augmentation,73.8,73.8,8.0,18.1
z_36.0_-3.0,2029,2,2029-T2,Augmentation,77.8,77.8,8.1,14.2
z_36.0_-3.0,2029,3,2029-T3,Augmentation,77.7,77.7,8.1,14.1
z_36.0_-3.0,2029,4,2029-T4,Augmentation,70.2,70.2,8.3,21.5
z_36.0_-3.0,2030,1,2030-T1,Augmentation,72.6,72.6,9.0,18.4
z_36.0_-3.0,2030,2,2030-T2,Augmentation,76.6,76.6,8.9,14.5
z_36.0_-3.0,2030,3,2030-T3,Augmentation,77.0,77.0,8.0,15.0
z_36.0_-3.0,2030,4,2030-T4,Augmentation,71.3,71.3,8.4,20.3
z_36.0_-36.0,2023,1,2023-T1,Diminution,93.5,1.5,93.5,5.0
z_36.0_-36.0,2023,2,2023-T2,Diminution,92.0,1.6,92.0,6.4
z_36.0_-36.0,2023,3,2023-T3,Diminution,92.6,1.9,92.6,5.6
z_36.0_-36.0,2023,4,2023-T4,Diminution,93.2,1.7,93.2,5.1
z_36.0_-36.0,2024,1,2024-T1,Diminution,93.5,1.5,93.5,5.0
z_36.0_-36.0,2024,2,2024-T2,Diminution,92.0,1.6,92.0,6.4
z_36.0_-36.0,2024,3,2024-T3,Diminution,78.1,2.0,78.1,19.9
z_36.0_-36.0,2024,4,2024-T4,Diminution,79.8,3.1,79.8,17.1
z_36.0_-36.0,2025,1,2025-T1,Diminution,91.5,2.3,91.5,6.2
z_36.0_-36.0,2025,2,2025-T2,Diminution,86.2,1.4,86.2,12.3
z_36.0_-36.0,2025,3,2025-T3,Diminution,92.6,1.9,92.6,5.6
z_36.0_-36.0,2025,4,2025-T4,Diminution,93.2,1.7,93.2,5.1
z_36.0_-36.0,2026,1,2026-T1,Diminution,93.5,1.5,93.5,5.0
z_36.0_-36.0,2026,2,2026-T2,Diminution,86.7,4.7,86.7,8.6
z_36.0_-36.0,2026,3,2026-T3,Diminution,92.6,1.9,92.6,5.6
z_36.0_-36.0,2026,4,2026-T4,Diminution,93.2,1.7,93.2,5.1
z_36.0_-36.0,2027,1,2027-T1,Diminution,93.5,1.5,93.5,5.0
z_36.0_-36.0,2027,2,2027-T2,Diminution,79.6,2.2,79.6,18.2
z_36.0_-36.0,2027,3,2027-T3,Diminution,92.6,1.9,92.6,5.6
z_36.0_-36.0,2027,4,2027-T4,Diminution,93.2,1.7,93.2,5.1
z_36.0_-36.0,2028,1,2028-T1,Diminution,93.5,1.5,93.5,5.0
z_36.0_-36.0,2028,2,2028-T2,Diminution,85.5,2.4,85.5,12.1
z_36.0_-36.0,2028,3,2028-T3,Diminution,92.6,1.9,92.6,5.6
z_36.0_-36.0,2028,4,2028-T4,Diminution,93.2,1.7,93.2,5.1
z_36.0_-36.0,2029,1,2029-T1,Diminution,93.5,1.5,93.5,5.0
z_36.0_-36.0,2029,2,2029-T2,Diminution,67.3,5.4,67.3,27.3
z_36.0_-36.0,2029,3,2029-T3,Diminution,92.6,1.9,92.6,5.6
z_36.0_-36.0,2029,4,2029-T4,Diminution,93.2,1.7,93.2,5.1
z_36.0_-36.0,2030,1,2030-T1,Diminution,93.5,1.5,93.5,5.0
z_36.0_-36.0,2030,2,2030-T2,Diminution,92.0,1.6,92.0,6.4
z_36.0_-36.0,2030,3,2030-T3,Diminution,92.6,1.9,92.6,5.6
z_36.0_-36.0,2030,4,2030-T4,Diminution,93.2,1.7,93.2,5.1
z_36.0_-4.5,2023,1,2023-T1,Diminution,39.9,22.1,39.9,38.0
z_36.0_-4.5,2023,2,2023-T2,Stable,49.1,22.0,28.9,49.1
z_36.0_-4.5,2023,3,2023-T3,Stable,52.3,24.8,22.8,52.3
z_36.0_-4.5,2023,4,2023-T4,Stable,55.6,26.9,17.6,55.6
z_36.0_-4.5,2024,1,2024-T1,Stable,40.9,37.2,21.9,40.9
z_36.0_-4.5,2024,2,2024-T2,Stable,55.7,29.3,15.0,55.7
z_36.0_-4.5,2024,3,2024-T3,Stable,55.0,31.3,13.8,55.0
z_36.0_-4.5,2024,4,2024-T4,Stable,60.4,19.0,20.7,60.4
z_36.0_-4.5,2025,1,2025-T1,Stable,38.6,28.2,33.3,38.6
z_36.0_-4.5,2025,2,2025-T2,Stable,53.1,26.2,20.8,53.1
z_36.0_-4.5,2025,3,2025-T3,Stable,53.2,30.7,16.1,53.2
z_36.0_-4.5,2025,4,2025-T4,Stable,53.0,27.7,19.4,53.0
z_36.0_-4.5,2026,1,2026-T1,Diminution,52.6,17.7,52.6,29.7
z_36.0_-4.5,2026,2,2026-T2,Stable,45.0,18.1,36.9,45.0
z_36.0_-4.5,2026,3,2026-T3,Stable,48.2,22.4,29.4,48.2
z_36.0_-4.5,2026,4,2026-T4,Stable,55.4,21.0,23.6,55.4
z_36.0_-4.5,2027,1,2027-T1,Diminution,40.6,22.9,40.6,36.4
z_36.0_-4.5,2027,2,2027-T2,Stable,51.1,24.8,24.1,51.1
z_36.0_-4.5,2027,3,2027-T3,Stable,49.5,27.8,22.7,49.5
z_36.0_-4.5,2027,4,2027-T4,Stable,59.1,17.0,24.0,59.1
z_36.0_-4.5,2028,1,2028-T1,Diminution,41.7,20.7,41.7,37.7
z_36.0_-4.5,2028,2,2028-T2,Stable,50.1,24.4,25.5,50.1
z_36.0_-4.5,2028,3,2028-T3,Stable,49.0,28.0,23.0,49.0
z_36.0_-4.5,2028,4,2028-T4,Stable,57.6,18.7,23.7,57.6
z_36.0_-4.5,2029,1,2029-T1,Diminution,40.4,23.0,40.4,36.6
z_36.0_-4.5,2029,2,2029-T2,Stable,50.2,24.4,25.4,50.2
z_36.0_-4.5,2029,3,2029-T3,Stable,50.3,24.7,25.1,50.3
z_36.0_-4.5,2029,4,2029-T4,Stable,57.1,19.2,23.7,57.1
z_36.0_-4.5,2030,1,2030-T1,Diminution,41.3,21.6,41.3,37.2
z_36.0_-4.5,2030,2,2030-T2,Stable,49.2,25.9,24.9,49.2
z_36.0_-4.5,2030,3,2030-T3,Stable,50.3,24.7,25.1,50.3
z_36.0_-4.5,2030,4,2030-T4,Stable,57.7,17.6,24.7,57.7
z_36.0_-6.0,2023,1,2023-T1,Augmentation,58.9,58.9,16.1,24.9
z_36.0_-6.0,2023,2,2023-T2,Augmentation,52.6,52.6,18.1,29.3
z_36.0_-6.0,2023,3,2023-T3,Augmentation,52.0,52.0,14.9,33.1
z_36.0_-6.0,2023,4,2023-T4,Augmentation,66.9,66.9,15.7,17.4
z_36.0_-6.0,2024,1,2024-T1,Augmentation,55.5,55.5,18.9,25.6
z_36.0_-6.0,2024,2,2024-T2,Augmentation,54.4,54.4,19.6,26.0
z_36.0_-6.0,2024,3,2024-T3,Augmentation,49.0,49.0,21.3,29.7
z_36.0_-6.0,2024,4,2024-T4,Augmentation,56.0,56.0,21.6,22.3
z_36.0_-6.0,2025,1,2025-T1,Augmentation,40.8,40.8,27.5,31.7
z_36.0_-6.0,2025,2,2025-T2,Augmentation,44.4,44.4,31.9,23.7
z_36.0_-6.0,2025,3,2025-T3,Augmentation,39.7,39.7,22.1,38.2
z_36.0_-6.0,2025,4,2025-T4,Augmentation,58.5,58.5,15.7,25.7
z_36.0_-6.0,2026,1,2026-T1,Diminution,39.7,35.8,39.7,24.5
z_36.0_-6.0,2026,2,2026-T2,Stable,37.8,36.4,25.8,37.8
z_36.0_-6.0,2026,3,2026-T3,Augmentation,51.7,51.7,20.0,28.3
z_36.0_-6.0,2026,4,2026-T4,Augmentation,68.8,68.8,13.0,18.2
z_36.0_-6.0,2027,1,2027-T1,Augmentation,56.3,56.3,18.9,24.7
z_36.0_-6.0,2027,2,2027-T2,Augmentation,60.3,60.3,16.4,23.3
z_36.0_-6.0,2027,3,2027-T3,Augmentation,65.2,65.2,14.2,20.5
z_36.0_-6.0,2027,4,2027-T4,Augmentation,69.8,69.8,12.1,18.1
z_36.0_-6.0,2028,1,2028-T1,Augmentation,57.7,57.7,17.2,25.1
z_36.0_-6.0,2028,2,2028-T2,Augmentation,63.1,63.1,15.1,21.9
z_36.0_-6.0,2028,3,2028-T3,Augmentation,67.5,67.5,12.1,20.4
z_36.0_-6.0,2028,4,2028-T4,Augmentation,70.6,70.6,11.1,18.3
z_36.0_-6.0,2029,1,2029-T1,Augmentation,59.2,59.2,16.2,24.6
z_36.0_-6.0,2029,2,2029-T2,Augmentation,65.0,65.0,14.8,20.1
z_36.0_-6.0,2029,3,2029-T3,Augmentation,67.7,67.7,11.8,20.5
z_36.0_-6.0,2029,4,2029-T4,Augmentation,72.4,72.4,11.1,16.4
z_36.0_-6.0,2030,1,2030-T1,Augmentation,61.5,61.5,16.0,22.5
z_36.0_-6.0,2030,2,2030-T2,Augmentation,66.8,66.8,14.3,18.8
z_36.0_-6.0,2030,3,2030-T3,Augmentation,68.2,68.2,11.9,19.8
z_36.0_-6.0,2030,4,2030-T4,Augmentation,70.8,70.8,11.3,18.0
z_36.0_-7.5,2023,1,2023-T1,Augmentation,80.1,80.1,5.5,14.5
z_36.0_-7.5,2023,2,2023-T2,Augmentation,71.7,71.7,11.5,16.7
z_36.0_-7.5,2023,3,2023-T3,Augmentation,49.8,49.8,13.0,37.2
z_36.0_-7.5,2023,4,2023-T4,Augmentation,68.7,68.7,10.4,20.9
z_36.0_-7.5,2024,1,2024-T1,Augmentation,66.2,66.2,10.0,23.8
z_36.0_-7.5,2024,2,2024-T2,Augmentation,67.5,67.5,9.9,22.5
z_36.0_-7.5,2024,3,2024-T3,Augmentation,75.0,75.0,9.9,15.1
z_36.0_-7.5,2024,4,2024-T4,Augmentation,45.6,45.6,22.9,31.4
z_36.0_-7.5,2025,1,2025-T1,Augmentation,46.7,46.7,15.3,38.1
z_36.0_-7.5,2025,2,2025-T2,Augmentation,47.9,47.9,19.2,32.9
z_36.0_-7.5,2025,3,2025-T3,Augmentation,65.4,65.4,15.6,19.1
z_36.0_-7.5,2025,4,2025-T4,Augmentation,60.4,60.4,16.2,23.4
z_36.0_-7.5,2026,1,2026-T1,Stable,42.5,40.3,17.2,42.5
z_36.0_-7.5,2026,2,2026-T2,Augmentation,42.4,42.4,29.5,28.1
z_36.0_-7.5,2026,3,2026-T3,Augmentation,63.8,63.8,15.2,21.0
z_36.0_-7.5,2026,4,2026-T4,Augmentation,73.8,73.8,9.8,16.4
z_36.0_-7.5,2027,1,2027-T1,Augmentation,72.0,72.0,8.3,19.7
z_36.0_-7.5,2027,2,2027-T2,Augmentation,72.1,72.1,11.6,16.3
z_36.0_-7.5,2027,3,2027-T3,Augmentation,77.4,77.4,8.6,14.0
z_36.0_-7.5,2027,4,2027-T4,Augmentation,77.4,77.4,8.3,14.3
z_36.0_-7.5,2028,1,2028-T1,Augmentation,72.5,72.5,8.1,19.5
z_36.0_-7.5,2028,2,2028-T2,Augmentation,75.0,75.0,9.2,15.8
z_36.0_-7.5,2028,3,2028-T3,Augmentation,77.8,77.8,7.9,14.3
z_36.0_-7.5,2028,4,2028-T4,Augmentation,76.2,76.2,8.2,15.5
z_36.0_-7.5,2029,1,2029-T1,Augmentation,70.2,70.2,10.2,19.6
z_36.0_-7.5,2029,2,2029-T2,Augmentation,73.7,73.7,9.4,16.9
z_36.0_-7.5,2029,3,2029-T3,Augmentation,77.6,77.6,7.3,15.2
z_36.0_-7.5,2029,4,2029-T4,Augmentation,78.2,78.2,7.3,14.5
z_36.0_-7.5,2030,1,2030-T1,Augmentation,70.8,70.8,10.1,19.1
z_36.0_-7.5,2030,2,2030-T2,Augmentation,75.1,75.1,8.7,16.2
z_36.0_-7.5,2030,3,2030-T3,Augmentation,77.2,77.2,7.1,15.6
z_36.0_-7.5,2030,4,2030-T4,Augmentation,76.2,76.2,7.8,16.0
z_36.0_-9.0,2023,1,2023-T1,Stable,48.5,28.5,23.0,48.5
z_36.0_-9.0,2023,2,2023-T2,Stable,44.4,40.4,15.1,44.4
z_36.0_-9.0,2023,3,2023-T3,Stable,43.8,39.5,16.8,43.8
z_36.0_-9.0,2023,4,2023-T4,Augmentation,42.4,42.4,22.0,35.6
z_36.0_-9.0,2024,1,2024-T1,Augmentation,44.9,44.9,12.2,42.9
z_36.0_-9.0,2024,2,2024-T2,Stable,48.4,38.6,12.9,48.4
z_36.0_-9.0,2024,3,2024-T3,Augmentation,46.2,46.2,12.2,41.5
z_36.0_-9.0,2024,4,2024-T4,Augmentation,52.4,52.4,13.4,34.2
z_36.0_-9.0,2025,1,2025-T1,Augmentation,47.0,47.0,11.6,41.3
z_36.0_-9.0,2025,2,2025-T2,Stable,51.6,33.4,15.1,51.6
z_36.0_-9.0,2025,3,2025-T3,Stable,48.1,38.0,13.9,48.1
z_36.0_-9.0,2025,4,2025-T4,Augmentation,38.6,38.6,25.4,36.0
z_36.0_-9.0,2026,1,2026-T1,Stable,48.0,32.4,19.6,48.0
z_36.0_-9.0,2026,2,2026-T2,Stable,64.1,20.4,15.5,64.1
z_36.0_-9.0,2026,3,2026-T3,Stable,51.0,33.8,15.2,51.0
z_36.0_-9.0,2026,4,2026-T4,Augmentation,37.9,37.9,25.0,37.0
z_36.0_-9.0,2027,1,2027-T1,Stable,49.1,35.6,15.4,49.1
z_36.0_-9.0,2027,2,2027-T2,Stable,60.7,23.7,15.6,60.7
z_36.0_-9.0,2027,3,2027-T3,Stable,57.1,29.5,13.5,57.1
z_36.0_-9.0,2027,4,2027-T4,Augmentation,39.2,39.2,22.6,38.2
z_36.0_-9.0,2028,1,2028-T1,Stable,47.7,39.6,12.7,47.7
z_36.0_-9.0,2028,2,2028-T2,Stable,60.6,26.5,12.8,60.6
z_36.0_-9.0,2028,3,2028-T3,Stable,58.0,29.2,12.8,58.0
z_36.0_-9.0,2028,4,2028-T4,Stable,39.6,35.8,24.6,39.6
z_36.0_-9.0,2029,1,2029-T1,Stable,52.5,33.1,14.4,52.5
z_36.0_-9.0,2029,2,2029-T2,Stable,61.3,24.9,13.8,61.3
z_36.0_-9.0,2029,3,2029-T3,Stable,61.0,26.1,12.9,61.0
z_36.0_-9.0,2029,4,2029-T4,Stable,40.4,34.4,25.2,40.4
z_36.0_-9.0,2030,1,2030-T1,Stable,53.0,31.5,15.5,53.0
z_36.0_-9.0,2030,2,2030-T2,Stable,62.6,23.6,13.8,62.6
z_36.0_-9.0,2030,3,2030-T3,Stable,61.1,24.8,14.1,61.1
z_36.0_-9.0,2030,4,2030-T4,Stable,40.3,34.1,25.5,40.3
z_36.0_0.0,2023,1,2023-T1,Diminution,61.6,8.4,61.6,30.0
z_36.0_0.0,2023,2,2023-T2,Diminution,53.5,8.1,53.5,38.3
z_36.0_0.0,2023,3,2023-T3,Diminution,50.7,6.1,50.7,43.1
z_36.0_0.0,2023,4,2023-T4,Diminution,81.1,2.9,81.1,16.0
z_36.0_0.0,2024,1,2024-T1,Diminution,75.6,4.6,75.6,19.8
z_36.0_0.0,2024,2,2024-T2,Diminution,52.5,7.7,52.5,39.7
z_36.0_0.0,2024,3,2024-T3,Diminution,51.7,12.7,51.7,35.6
z_36.0_0.0,2024,4,2024-T4,Diminution,81.1,2.9,81.1,16.0
z_36.0_0.0,2025,1,2025-T1,Diminution,61.8,3.1,61.8,35.1
z_36.0_0.0,2025,2,2025-T2,Diminution,47.4,6.8,47.4,45.8
z_36.0_0.0,2025,3,2025-T3,Diminution,47.9,7.0,47.9,45.2
z_36.0_0.0,2025,4,2025-T4,Diminution,77.1,3.1,77.1,19.8
z_36.0_0.0,2026,1,2026-T1,Diminution,79.0,3.0,79.0,18.0
z_36.0_0.0,2026,2,2026-T2,Diminution,52.5,7.7,52.5,39.7
z_36.0_0.0,2026,3,2026-T3,Diminution,56.7,7.7,56.7,35.6
z_36.0_0.0,2026,4,2026-T4,Diminution,75.7,5.3,75.7,19.0
z_36.0_0.0,2027,1,2027-T1,Diminution,60.9,6.4,60.9,32.7
z_36.0_0.0,2027,2,2027-T2,Diminution,52.5,7.7,52.5,39.7
z_36.0_0.0,2027,3,2027-T3,Diminution,45.8,16.9,45.8,37.2
z_36.0_0.0,2027,4,2027-T4,Diminution,69.9,3.2,69.9,26.9
z_36.0_0.0,2028,1,2028-T1,Diminution,81.6,2.6,81.6,15.8
z_36.0_0.0,2028,2,2028-T2,Diminution,52.5,7.7,52.5,39.7
z_36.0_0.0,2028,3,2028-T3,Diminution,57.5,7.7,57.5,34.7
z_36.0_0.0,2028,4,2028-T4,Diminution,78.4,3.3,78.4,18.3
z_36.0_0.0,2029,1,2029-T1,Diminution,81.6,2.6,81.6,15.8
z_36.0_0.0,2029,2,2029-T2,Diminution,52.5,7.7,52.5,39.7
z_36.0_0.0,2029,3,2029-T3,Diminution,57.5,7.7,57.5,34.7
z_36.0_0.0,2029,4,2029-T4,Diminution,58.7,7.0,58.7,34.3
z_36.0_0.0,2030,1,2030-T1,Diminution,81.6,2.6,81.6,15.8
z_36.0_0.0,2030,2,2030-T2,Diminution,52.5,7.7,52.5,39.7
z_36.0_0.0,2030,3,2030-T3,Diminution,57.5,7.7,57.5,34.7
z_36.0_0.0,2030,4,2030-T4,Diminution,81.1,2.9,81.1,16.0
z_36.0_10.5,2023,1,2023-T1,Stable,42.8,33.6,23.6,42.8
z_36.0_10.5,2023,2,2023-T2,Stable,46.0,25.3,28.7,46.0
z_36.0_10.5,2023,3,2023-T3,Stable,50.3,26.4,23.3,50.3
z_36.0_10.5,2023,4,2023-T4,Stable,44.1,34.3,21.6,44.1
z_36.0_10.5,2024,1,2024-T1,Stable,47.5,31.2,21.3,47.5
z_36.0_10.5,2024,2,2024-T2,Stable,50.7,31.3,17.9,50.7
z_36.0_10.5,2024,3,2024-T3,Stable,49.7,33.2,17.1,49.7
z_36.0_10.5,2024,4,2024-T4,Stable,49.9,26.8,23.3,49.9
z_36.0_10.5,2025,1,2025-T1,Stable,51.9,18.4,29.7,51.9
z_36.0_10.5,2025,2,2025-T2,Stable,57.2,20.4,22.3,57.2
z_36.0_10.5,2025,3,2025-T3,Stable,55.4,22.9,21.8,55.4
z_36.0_10.5,2025,4,2025-T4,Stable,52.7,26.5,20.9,52.7
z_36.0_10.5,2026,1,2026-T1,Stable,46.6,28.1,25.4,46.6
z_36.0_10.5,2026,2,2026-T2,Stable,47.4,31.8,20.9,47.4
z_36.0_10.5,2026,3,2026-T3,Stable,49.3,27.9,22.8,49.3
z_36.0_10.5,2026,4,2026-T4,Stable,49.6,29.7,20.7,49.6
z_36.0_10.5,2027,1,2027-T1,Stable,52.2,29.9,17.9,52.2
z_36.0_10.5,2027,2,2027-T2,Stable,50.6,30.9,18.5,50.6
z_36.0_10.5,2027,3,2027-T3,Stable,52.5,32.0,15.5,52.5
z_36.0_10.5,2027,4,2027-T4,Stable,53.5,31.1,15.4,53.5
z_36.0_10.5,2028,1,2028-T1,Stable,53.7,30.1,16.2,53.7
z_36.0_10.5,2028,2,2028-T2,Stable,49.9,33.2,16.9,49.9
z_36.0_10.5,2028,3,2028-T3,Stable,52.3,31.9,15.8,52.3
z_36.0_10.5,2028,4,2028-T4,Stable,51.7,33.0,15.3,51.7
z_36.0_10.5,2029,1,2029-T1,Stable,52.8,31.7,15.5,52.8
z_36.0_10.5,2029,2,2029-T2,Stable,51.7,31.1,17.1,51.7
z_36.0_10.5,2029,3,2029-T3,Stable,53.6,30.4,16.0,53.6
z_36.0_10.5,2029,4,2029-T4,Stable,52.9,31.4,15.7,52.9
z_36.0_10.5,2030,1,2030-T1,Stable,52.9,31.5,15.6,52.9
z_36.0_10.5,2030,2,2030-T2,Stable,52.8,30.1,17.0,52.8
z_36.0_10.5,2030,3,2030-T3,Stable,53.9,30.8,15.3,53.9
z_36.0_10.5,2030,4,2030-T4,Stable,54.1,30.4,15.4,54.1
z_36.0_12.0,2023,1,2023-T1,Stable,55.5,28.3,16.2,55.5
z_36.0_12.0,2023,2,2023-T2,Stable,43.3,30.6,26.2,43.3
z_36.0_12.0,2023,3,2023-T3,Stable,49.8,31.8,18.4,49.8
z_36.0_12.0,2023,4,2023-T4,Stable,39.4,31.6,29.0,39.4
z_36.0_12.0,2024,1,2024-T1,Stable,49.2,32.4,18.4,49.2
z_36.0_12.0,2024,2,2024-T2,Stable,42.0,31.5,26.5,42.0
z_36.0_12.0,2024,3,2024-T3,Stable,49.5,34.8,15.7,49.5
z_36.0_12.0,2024,4,2024-T4,Stable,43.2,31.0,25.8,43.2
z_36.0_12.0,2025,1,2025-T1,Stable,56.0,29.6,14.4,56.0
z_36.0_12.0,2025,2,2025-T2,Stable,43.0,28.5,28.5,43.0
z_36.0_12.0,2025,3,2025-T3,Stable,47.8,37.4,14.8,47.8
z_36.0_12.0,2025,4,2025-T4,Stable,42.4,29.6,28.0,42.4
z_36.0_12.0,2026,1,2026-T1,Stable,56.4,29.4,14.2,56.4
z_36.0_12.0,2026,2,2026-T2,Stable,42.8,32.4,24.8,42.8
z_36.0_12.0,2026,3,2026-T3,Stable,44.1,41.0,14.9,44.1
z_36.0_12.0,2026,4,2026-T4,Stable,42.7,29.3,27.9,42.7
z_36.0_12.0,2027,1,2027-T1,Stable,60.9,23.7,15.4,60.9
z_36.0_12.0,2027,2,2027-T2,Stable,44.2,29.4,26.3,44.2
z_36.0_12.0,2027,3,2027-T3,Stable,47.0,39.0,14.0,47.0
z_36.0_12.0,2027,4,2027-T4,Stable,45.1,27.3,27.6,45.1
z_36.0_12.0,2028,1,2028-T1,Stable,61.8,22.9,15.3,61.8
z_36.0_12.0,2028,2,2028-T2,Stable,44.4,28.9,26.7,44.4
z_36.0_12.0,2028,3,2028-T3,Stable,48.5,37.9,13.5,48.5
z_36.0_12.0,2028,4,2028-T4,Stable,43.6,28.7,27.7,43.6
z_36.0_12.0,2029,1,2029-T1,Stable,61.3,23.8,14.9,61.3
z_36.0_12.0,2029,2,2029-T2,Stable,44.4,28.9,26.7,44.4
z_36.0_12.0,2029,3,2029-T3,Stable,49.7,37.4,12.9,49.7
z_36.0_12.0,2029,4,2029-T4,Stable,44.1,28.8,27.0,44.1
z_36.0_12.0,2030,1,2030-T1,Stable,61.3,23.8,14.9,61.3
z_36.0_12.0,2030,2,2030-T2,Stable,44.5,28.8,26.7,44.5
z_36.0_12.0,2030,3,2030-T3,Stable,53.2,31.9,14.9,53.2
z_36.0_12.0,2030,4,2030-T4,Stable,43.9,28.4,27.7,43.9
z_36.0_13.5,2023,1,2023-T1,Augmentation,47.3,47.3,17.7,35.0
z_36.0_13.5,2023,2,2023-T2,Augmentation,48.1,48.1,16.3,35.7
z_36.0_13.5,2023,3,2023-T3,Augmentation,52.5,52.5,14.0,33.5
z_36.0_13.5,2023,4,2023-T4,Augmentation,64.2,64.2,11.3,24.5
z_36.0_13.5,2024,1,2024-T1,Augmentation,51.7,51.7,19.1,29.2
z_36.0_13.5,2024,2,2024-T2,Stable,44.8,39.6,15.6,44.8
z_36.0_13.5,2024,3,2024-T3,Augmentation,47.5,47.5,16.6,35.9
z_36.0_13.5,2024,4,2024-T4,Augmentation,73.9,73.9,9.6,16.5
z_36.0_13.5,2025,1,2025-T1,Augmentation,62.3,62.3,12.5,25.2
z_36.0_13.5,2025,2,2025-T2,Augmentation,69.3,69.3,9.2,21.5
z_36.0_13.5,2025,3,2025-T3,Augmentation,71.7,71.7,11.3,17.0
z_36.0_13.5,2025,4,2025-T4,Augmentation,47.0,47.0,14.6,38.4
z_36.0_13.5,2026,1,2026-T1,Diminution,42.7,23.2,42.7,34.1
z_36.0_13.5,2026,2,2026-T2,Stable,35.0,30.8,34.2,35.0
z_36.0_13.5,2026,3,2026-T3,Augmentation,48.9,48.9,23.9,27.2
z_36.0_13.5,2026,4,2026-T4,Augmentation,55.4,55.4,13.8,30.8
z_36.0_13.5,2027,1,2027-T1,Augmentation,53.8,53.8,19.4,26.8
z_36.0_13.5,2027,2,2027-T2,Augmentation,56.5,56.5,15.0,28.5
z_36.0_13.5,2027,3,2027-T3,Augmentation,65.4,65.4,13.3,21.3
z_36.0_13.5,2027,4,2027-T4,Augmentation,64.4,64.4,10.4,25.2
z_36.0_13.5,2028,1,2028-T1,Augmentation,53.8,53.8,18.2,28.1
z_36.0_13.5,2028,2,2028-T2,Augmentation,59.0,59.0,14.0,27.0
z_36.0_13.5,2028,3,2028-T3,Augmentation,67.9,67.9,11.9,20.1
z_36.0_13.5,2028,4,2028-T4,Augmentation,66.4,66.4,8.5,25.1
z_36.0_13.5,2029,1,2029-T1,Augmentation,55.8,55.8,17.2,26.9
z_36.0_13.5,2029,2,2029-T2,Augmentation,59.8,59.8,13.5,26.7
z_36.0_13.5,2029,3,2029-T3,Augmentation,68.9,68.9,10.8,20.3
z_36.0_13.5,2029,4,2029-T4,Augmentation,73.9,73.9,8.0,18.1
z_36.0_13.5,2030,1,2030-T1,Augmentation,60.0,60.0,16.1,23.8
z_36.0_13.5,2030,2,2030-T2,Augmentation,61.3,61.3,11.8,26.9
z_36.0_13.5,2030,3,2030-T3,Augmentation,68.0,68.0,11.1,20.9
z_36.0_13.5,2030,4,2030-T4,Augmentation,69.7,69.7,8.8,21.5
z_36.0_15.0,2023,1,2023-T1,Stable,39.4,27.5,33.2,39.4
z_36.0_15.0,2023,2,2023-T2,Stable,53.5,21.3,25.2,53.5
z_36.0_15.0,2023,3,2023-T3,Diminution,41.4,19.2,41.4,39.4
z_36.0_15.0,2023,4,2023-T4,Stable,36.2,34.4,29.4,36.2
z_36.0_15.0,2024,1,2024-T1,Augmentation,37.1,37.1,28.6,34.3
z_36.0_15.0,2024,2,2024-T2,Stable,56.8,28.0,15.2,56.8
z_36.0_15.0,2024,3,2024-T3,Augmentation,45.1,45.1,18.9,35.9
z_36.0_15.0,2024,4,2024-T4,Augmentation,44.0,44.0,23.1,32.9
z_36.0_15.0,2025,1,2025-T1,Augmentation,44.2,44.2,20.3,35.5
z_36.0_15.0,2025,2,2025-T2,Augmentation,53.7,53.7,9.8,36.5
z_36.0_15.0,2025,3,2025-T3,Augmentation,56.5,56.5,15.0,28.4
z_36.0_15.0,2025,4,2025-T4,Augmentation,45.1,45.1,20.0,34.9
z_36.0_15.0,2026,1,2026-T1,Augmentation,39.7,39.7,21.7,38.6
z_36.0_15.0,2026,2,2026-T2,Stable,45.5,38.8,15.7,45.5
z_36.0_15.0,2026,3,2026-T3,Augmentation,37.1,37.1,27.4,35.4
z_36.0_15.0,2026,4,2026-T4,Stable,40.5,34.0,25.5,40.5
z_36.0_15.0,2027,1,2027-T1,Augmentation,39.0,39.0,24.2,36.8
z_36.0_15.0,2027,2,2027-T2,Stable,44.9,39.8,15.2,44.9
z_36.0_15.0,2027,3,2027-T3,Augmentation,42.3,42.3,21.7,36.1
z_36.0_15.0,2027,4,2027-T4,Stable,40.1,33.5,26.4,40.1
z_36.0_15.0,2028,1,2028-T1,Augmentation,44.3,44.3,23.6,32.1
z_36.0_15.0,2028,2,2028-T2,Stable,46.0,40.3,13.8,46.0
z_36.0_15.0,2028,3,2028-T3,Augmentation,44.9,44.9,20.0,35.1
z_36.0_15.0,2028,4,2028-T4,Augmentation,47.5,47.5,19.7,32.9
z_36.0_15.0,2029,1,2029-T1,Augmentation,49.9,49.9,19.4,30.7
z_36.0_15.0,2029,2,2029-T2,Augmentation,43.9,43.9,13.0,43.1
z_36.0_15.0,2029,3,2029-T3,Augmentation,42.0,42.0,19.5,38.4
z_36.0_15.0,2029,4,2029-T4,Stable,39.7,39.0,21.3,39.7
z_36.0_15.0,2030,1,2030-T1,Augmentation,49.7,49.7,17.7,32.6
z_36.0_15.0,2030,2,2030-T2,Stable,43.7,43.5,12.8,43.7
z_36.0_15.0,2030,3,2030-T3,Augmentation,44.5,44.5,19.3,36.2
z_36.0_15.0,2030,4,2030-T4,Augmentation,41.9,41.9,20.5,37.5
z_36.0_16.5,2023,1,2023-T1,Diminution,73.6,7.0,73.6,19.4
z_36.0_16.5,2023,2,2023-T2,Diminution,53.7,10.3,53.7,36.0
z_36.0_16.5,2023,3,2023-T3,Diminution,91.8,2.7,91.8,5.5
z_36.0_16.5,2023,4,2023-T4,Diminution,92.4,2.4,92.4,5.2
z_36.0_16.5,2024,1,2024-T1,Diminution,87.1,3.0,87.1,9.9
z_36.0_16.5,2024,2,2024-T2,Diminution,49.9,16.9,49.9,33.2
z_36.0_16.5,2024,3,2024-T3,Diminution,78.0,2.5,78.0,19.5
z_36.0_16.5,2024,4,2024-T4,Diminution,79.8,3.9,79.8,16.3
z_36.0_16.5,2025,1,2025-T1,Diminution,69.6,8.1,69.6,22.2
z_36.0_16.5,2025,2,2025-T2,Stable,47.4,9.2,43.3,47.4
z_36.0_16.5,2025,3,2025-T3,Diminution,78.0,2.5,78.0,19.5
z_36.0_16.5,2025,4,2025-T4,Diminution,79.8,3.9,79.8,16.3
z_36.0_16.5,2026,1,2026-T1,Diminution,90.3,2.9,90.3,6.8
z_36.0_16.5,2026,2,2026-T2,Diminution,45.4,13.9,45.4,40.7
z_36.0_16.5,2026,3,2026-T3,Diminution,91.8,2.7,91.8,5.5
z_36.0_16.5,2026,4,2026-T4,Diminution,92.4,2.4,92.4,5.2
z_36.0_16.5,2027,1,2027-T1,Diminution,92.6,2.2,92.6,5.2
z_36.0_16.5,2027,2,2027-T2,Stable,43.1,18.2,38.8,43.1
z_36.0_16.5,2027,3,2027-T3,Diminution,91.8,2.7,91.8,5.5
z_36.0_16.5,2027,4,2027-T4,Diminution,92.4,2.4,92.4,5.2
z_36.0_16.5,2028,1,2028-T1,Diminution,92.6,2.2,92.6,5.2
z_36.0_16.5,2028,2,2028-T2,Diminution,45.7,11.8,45.7,42.5
z_36.0_16.5,2028,3,2028-T3,Diminution,91.8,2.7,91.8,5.5
z_36.0_16.5,2028,4,2028-T4,Diminution,92.4,2.4,92.4,5.2
z_36.0_16.5,2029,1,2029-T1,Diminution,92.6,2.2,92.6,5.2
z_36.0_16.5,2029,2,2029-T2,Diminution,48.7,21.0,48.7,30.3
z_36.0_16.5,2029,3,2029-T3,Diminution,91.8,2.7,91.8,5.5
z_36.0_16.5,2029,4,2029-T4,Diminution,92.4,2.4,92.4,5.2
z_36.0_16.5,2030,1,2030-T1,Diminution,92.6,2.2,92.6,5.2
z_36.0_16.5,2030,2,2030-T2,Diminution,51.0,19.1,51.0,29.9
z_36.0_16.5,2030,3,2030-T3,Diminution,91.8,2.7,91.8,5.5
z_36.0_16.5,2030,4,2030-T4,Diminution,92.4,2.4,92.4,5.2
z_36.0_18.0,2023,1,2023-T1,Diminution,51.9,11.9,51.9,36.3
z_36.0_18.0,2023,2,2023-T2,Diminution,69.3,3.3,69.3,27.3
z_36.0_18.0,2023,3,2023-T3,Diminution,55.2,4.1,55.2,40.7
z_36.0_18.0,2023,4,2023-T4,Stable,49.0,8.4,42.6,49.0
z_36.0_18.0,2024,1,2024-T1,Diminution,44.5,16.4,44.5,39.2
z_36.0_18.0,2024,2,2024-T2,Diminution,59.6,5.3,59.6,35.1
z_36.0_18.0,2024,3,2024-T3,Diminution,72.1,3.5,72.1,24.4
z_36.0_18.0,2024,4,2024-T4,Diminution,63.0,7.5,63.0,29.5
z_36.0_18.0,2025,1,2025-T1,Diminution,54.5,11.6,54.5,33.9
z_36.0_18.0,2025,2,2025-T2,Diminution,65.6,4.2,65.6,30.2
z_36.0_18.0,2025,3,2025-T3,Diminution,72.1,3.5,72.1,24.4
z_36.0_18.0,2025,4,2025-T4,Diminution,60.4,8.2,60.4,31.4
z_36.0_18.0,2026,1,2026-T1,Diminution,54.5,11.6,54.5,33.9
z_36.0_18.0,2026,2,2026-T2,Diminution,63.6,3.8,63.6,32.6
z_36.0_18.0,2026,3,2026-T3,Diminution,72.1,3.5,72.1,24.4
z_36.0_18.0,2026,4,2026-T4,Diminution,65.3,7.1,65.3,27.6
z_36.0_18.0,2027,1,2027-T1,Diminution,54.5,11.6,54.5,33.9
z_36.0_18.0,2027,2,2027-T2,Diminution,65.1,4.7,65.1,30.2
z_36.0_18.0,2027,3,2027-T3,Diminution,72.1,3.5,72.1,24.4
z_36.0_18.0,2027,4,2027-T4,Diminution,65.3,7.1,65.3,27.6
z_36.0_18.0,2028,1,2028-T1,Diminution,54.5,11.6,54.5,33.9
z_36.0_18.0,2028,2,2028-T2,Diminution,53.5,3.3,53.5,43.1
z_36.0_18.0,2028,3,2028-T3,Diminution,72.1,3.5,72.1,24.4
z_36.0_18.0,2028,4,2028-T4,Diminution,65.3,7.1,65.3,27.6
z_36.0_18.0,2029,1,2029-T1,Diminution,54.5,11.6,54.5,33.9
z_36.0_18.0,2029,2,2029-T2,Diminution,69.3,3.3,69.3,27.3
z_36.0_18.0,2029,3,2029-T3,Diminution,72.1,3.5,72.1,24.4
z_36.0_18.0,2029,4,2029-T4,Diminution,65.3,7.1,65.3,27.6
z_36.0_18.0,2030,1,2030-T1,Diminution,54.5,11.6,54.5,33.9
z_36.0_18.0,2030,2,2030-T2,Diminution,69.3,3.3,69.3,27.3
z_36.0_18.0,2030,3,2030-T3,Diminution,72.1,3.5,72.1,24.4
z_36.0_18.0,2030,4,2030-T4,Diminution,65.3,7.1,65.3,27.6
z_36.0_19.5,2023,1,2023-T1,Diminution,54.4,7.4,54.4,38.1
z_36.0_19.5,2023,2,2023-T2,Diminution,79.3,9.6,79.3,11.1
z_36.0_19.5,2023,3,2023-T3,Diminution,49.1,7.7,49.1,43.2
z_36.0_19.5,2023,4,2023-T4,Diminution,85.5,7.2,85.5,7.3
z_36.0_19.5,2024,1,2024-T1,Diminution,82.0,6.3,82.0,11.7
z_36.0_19.5,2024,2,2024-T2,Diminution,86.1,6.1,86.1,7.8
z_36.0_19.5,2024,3,2024-T3,Diminution,40.9,21.7,40.9,37.4
z_36.0_19.5,2024,4,2024-T4,Diminution,85.5,7.2,85.5,7.3
z_36.0_19.5,2025,1,2025-T1,Diminution,63.5,10.1,63.5,26.3
z_36.0_19.5,2025,2,2025-T2,Diminution,86.1,6.1,86.1,7.8
z_36.0_19.5,2025,3,2025-T3,Diminution,46.4,9.0,46.4,44.6
z_36.0_19.5,2025,4,2025-T4,Diminution,73.8,5.6,73.8,20.6
z_36.0_19.5,2026,1,2026-T1,Diminution,74.4,6.6,74.4,19.1
z_36.0_19.5,2026,2,2026-T2,Diminution,83.9,6.4,83.9,9.7
z_36.0_19.5,2026,3,2026-T3,Diminution,48.7,8.7,48.7,42.6
z_36.0_19.5,2026,4,2026-T4,Diminution,85.5,7.2,85.5,7.3
z_36.0_19.5,2027,1,2027-T1,Diminution,85.6,6.7,85.6,7.7
z_36.0_19.5,2027,2,2027-T2,Diminution,86.1,6.1,86.1,7.8
z_36.0_19.5,2027,3,2027-T3,Diminution,42.7,21.5,42.7,35.8
z_36.0_19.5,2027,4,2027-T4,Diminution,85.5,7.2,85.5,7.3
z_36.0_19.5,2028,1,2028-T1,Diminution,85.6,6.7,85.6,7.7
z_36.0_19.5,2028,2,2028-T2,Diminution,86.1,6.1,86.1,7.8
z_36.0_19.5,2028,3,2028-T3,Diminution,50.3,7.9,50.3,41.9
z_36.0_19.5,2028,4,2028-T4,Diminution,85.5,7.2,85.5,7.3
z_36.0_19.5,2029,1,2029-T1,Diminution,85.6,6.7,85.6,7.7
z_36.0_19.5,2029,2,2029-T2,Diminution,86.1,6.1,86.1,7.8
z_36.0_19.5,2029,3,2029-T3,Diminution,57.3,10.3,57.3,32.3
z_36.0_19.5,2029,4,2029-T4,Diminution,85.5,7.2,85.5,7.3
z_36.0_19.5,2030,1,2030-T1,Diminution,85.6,6.7,85.6,7.7
z_36.0_19.5,2030,2,2030-T2,Diminution,86.1,6.1,86.1,7.8
z_36.0_19.5,2030,3,2030-T3,Diminution,46.0,18.8,46.0,35.2
z_36.0_19.5,2030,4,2030-T4,Diminution,85.5,7.2,85.5,7.3
z_36.0_21.0,2023,1,2023-T1,Stable,49.5,25.8,24.7,49.5
z_36.0_21.0,2023,2,2023-T2,Stable,54.9,19.4,25.7,54.9
z_36.0_21.0,2023,3,2023-T3,Stable,57.5,19.4,23.0,57.5
z_36.0_21.0,2023,4,2023-T4,Stable,51.7,28.6,19.7,51.7
z_36.0_21.0,2024,1,2024-T1,Stable,52.7,29.8,17.5,52.7
z_36.0_21.0,2024,2,2024-T2,Stable,53.0,30.5,16.5,53.0
z_36.0_21.0,2024,3,2024-T3,Stable,59.8,25.4,14.8,59.8
z_36.0_21.0,2024,4,2024-T4,Stable,54.8,26.1,19.2,54.8
z_36.0_21.0,2025,1,2025-T1,Stable,54.2,28.7,17.0,54.2
z_36.0_21.0,2025,2,2025-T2,Stable,51.9,27.5,20.6,51.9
z_36.0_21.0,2025,3,2025-T3,Stable,62.2,14.9,22.9,62.2
z_36.0_21.0,2025,4,2025-T4,Stable,55.6,15.5,28.8,55.6
z_36.0_21.0,2026,1,2026-T1,Stable,52.5,18.4,29.1,52.5
z_36.0_21.0,2026,2,2026-T2,Stable,53.0,15.5,31.6,53.0
z_36.0_21.0,2026,3,2026-T3,Stable,57.3,13.7,29.0,57.3
z_36.0_21.0,2026,4,2026-T4,Stable,49.5,25.0,25.6,49.5
z_36.0_21.0,2027,1,2027-T1,Stable,51.7,24.8,23.5,51.7
z_36.0_21.0,2027,2,2027-T2,Stable,56.5,23.7,19.9,56.5
z_36.0_21.0,2027,3,2027-T3,Stable,62.0,19.8,18.1,62.0
z_36.0_21.0,2027,4,2027-T4,Stable,55.9,26.9,17.3,55.9
z_36.0_21.0,2028,1,2028-T1,Stable,54.9,27.2,17.9,54.9
z_36.0_21.0,2028,2,2028-T2,Stable,55.0,28.0,17.1,55.0
z_36.0_21.0,2028,3,2028-T3,Stable,60.5,23.3,16.2,60.5
z_36.0_21.0,2028,4,2028-T4,Stable,56.0,27.2,16.9,56.0
z_36.0_21.0,2029,1,2029-T1,Stable,52.0,30.1,17.9,52.0
z_36.0_21.0,2029,2,2029-T2,Stable,53.9,28.9,17.1,53.9
z_36.0_21.0,2029,3,2029-T3,Stable,61.2,23.0,15.8,61.2
z_36.0_21.0,2029,4,2029-T4,Stable,55.4,28.0,16.6,55.4
z_36.0_21.0,2030,1,2030-T1,Stable,54.5,28.0,17.5,54.5
z_36.0_21.0,2030,2,2030-T2,Stable,55.5,27.4,17.1,55.5
z_36.0_21.0,2030,3,2030-T3,Stable,62.3,21.4,16.3,62.3
z_36.0_21.0,2030,4,2030-T4,Stable,57.1,26.3,16.6,57.1
z_36.0_22.5,2023,1,2023-T1,Augmentation,44.1,44.1,29.8,26.1
z_36.0_22.5,2023,2,2023-T2,Stable,35.9,35.9,28.3,35.9
z_36.0_22.5,2023,3,2023-T3,Augmentation,38.8,38.8,29.2,32.0
z_36.0_22.5,2023,4,2023-T4,Augmentation,61.0,61.0,21.6,17.4
z_36.0_22.5,2024,1,2024-T1,Augmentation,66.4,66.4,11.0,22.5
z_36.0_22.5,2024,2,2024-T2,Augmentation,73.5,73.5,8.9,17.6
z_36.0_22.5,2024,3,2024-T3,Augmentation,56.8,56.8,19.3,23.8
z_36.0_22.5,2024,4,2024-T4,Augmentation,68.5,68.5,9.8,21.6
z_36.0_22.5,2025,1,2025-T1,Augmentation,63.1,63.1,13.6,23.3
z_36.0_22.5,2025,2,2025-T2,Augmentation,49.2,49.2,19.7,31.2
z_36.0_22.5,2025,3,2025-T3,Augmentation,50.8,50.8,20.3,28.8
z_36.0_22.5,2025,4,2025-T4,Augmentation,59.4,59.4,17.2,23.4
z_36.0_22.5,2026,1,2026-T1,Augmentation,58.5,58.5,17.4,24.1
z_36.0_22.5,2026,2,2026-T2,Augmentation,44.6,44.6,15.3,40.1
z_36.0_22.5,2026,3,2026-T3,Augmentation,49.1,49.1,21.5,29.3
z_36.0_22.5,2026,4,2026-T4,Augmentation,56.6,56.6,19.1,24.3
z_36.0_22.5,2027,1,2027-T1,Augmentation,56.5,56.5,15.1,28.5
z_36.0_22.5,2027,2,2027-T2,Augmentation,65.0,65.0,12.1,22.9
z_36.0_22.5,2027,3,2027-T3,Augmentation,55.4,55.4,18.2,26.5
z_36.0_22.5,2027,4,2027-T4,Augmentation,59.5,59.5,15.9,24.5
z_36.0_22.5,2028,1,2028-T1,Augmentation,58.9,58.9,14.4,26.7
z_36.0_22.5,2028,2,2028-T2,Augmentation,65.8,65.8,12.2,22.0
z_36.0_22.5,2028,3,2028-T3,Augmentation,56.5,56.5,17.8,25.7
z_36.0_22.5,2028,4,2028-T4,Augmentation,59.3,59.3,16.6,24.1
z_36.0_22.5,2029,1,2029-T1,Augmentation,61.5,61.5,13.6,24.8
z_36.0_22.5,2029,2,2029-T2,Augmentation,67.5,67.5,10.4,22.1
z_36.0_22.5,2029,3,2029-T3,Augmentation,56.8,56.8,16.9,26.2
z_36.0_22.5,2029,4,2029-T4,Augmentation,60.3,60.3,15.2,24.5
z_36.0_22.5,2030,1,2030-T1,Augmentation,62.9,62.9,12.7,24.4
z_36.0_22.5,2030,2,2030-T2,Augmentation,69.5,69.5,9.7,20.8
z_36.0_22.5,2030,3,2030-T3,Augmentation,58.9,58.9,16.1,25.0
z_36.0_22.5,2030,4,2030-T4,Augmentation,63.9,63.9,13.4,22.7
z_36.0_24.0,2023,1,2023-T1,Augmentation,61.2,61.2,16.6,22.2
z_36.0_24.0,2023,2,2023-T2,Augmentation,56.7,56.7,18.7,24.6
z_36.0_24.0,2023,3,2023-T3,Augmentation,50.2,50.2,19.3,30.5
z_36.0_24.0,2023,4,2023-T4,Augmentation,60.9,60.9,11.2,27.9
z_36.0_24.0,2024,1,2024-T1,Augmentation,65.1,65.1,10.6,24.2
z_36.0_24.0,2024,2,2024-T2,Augmentation,61.8,61.8,17.1,21.1
z_36.0_24.0,2024,3,2024-T3,Augmentation,50.8,50.8,21.1,28.2
z_36.0_24.0,2024,4,2024-T4,Augmentation,71.6,71.6,8.5,19.9
z_36.0_24.0,2025,1,2025-T1,Augmentation,65.3,65.3,11.0,23.7
z_36.0_24.0,2025,2,2025-T2,Augmentation,68.8,68.8,11.2,20.0
z_36.0_24.0,2025,3,2025-T3,Augmentation,71.7,71.7,13.5,14.8
z_36.0_24.0,2025,4,2025-T4,Augmentation,63.0,63.0,10.6,26.5
z_36.0_24.0,2026,1,2026-T1,Augmentation,65.6,65.6,11.0,23.3
z_36.0_24.0,2026,2,2026-T2,Augmentation,51.8,51.8,18.2,29.9
z_36.0_24.0,2026,3,2026-T3,Augmentation,52.6,52.6,19.1,28.2
z_36.0_24.0,2026,4,2026-T4,Augmentation,64.1,64.1,11.6,24.3
z_36.0_24.0,2027,1,2027-T1,Augmentation,59.3,59.3,8.8,31.9
z_36.0_24.0,2027,2,2027-T2,Augmentation,64.3,64.3,12.5,23.2
z_36.0_24.0,2027,3,2027-T3,Augmentation,53.1,53.1,15.6,31.3
z_36.0_24.0,2027,4,2027-T4,Augmentation,74.9,74.9,7.5,17.6
z_36.0_24.0,2028,1,2028-T1,Augmentation,74.0,74.0,7.9,18.1
z_36.0_24.0,2028,2,2028-T2,Augmentation,76.4,76.4,10.6,13.1
z_36.0_24.0,2028,3,2028-T3,Augmentation,73.0,73.0,12.9,14.0
z_36.0_24.0,2028,4,2028-T4,Augmentation,74.7,74.7,8.6,16.7
z_36.0_24.0,2029,1,2029-T1,Augmentation,77.2,77.2,7.1,15.7
z_36.0_24.0,2029,2,2029-T2,Augmentation,79.4,79.4,9.4,11.3
z_36.0_24.0,2029,3,2029-T3,Augmentation,77.2,77.2,12.6,10.2
z_36.0_24.0,2029,4,2029-T4,Augmentation,78.1,78.1,7.6,14.3
z_36.0_24.0,2030,1,2030-T1,Augmentation,79.1,79.1,8.2,12.7
z_36.0_24.0,2030,2,2030-T2,Augmentation,84.2,84.2,8.0,7.8
z_36.0_24.0,2030,3,2030-T3,Augmentation,81.6,81.6,9.9,8.5
z_36.0_24.0,2030,4,2030-T4,Augmentation,82.5,82.5,6.0,11.5
z_36.0_25.5,2023,1,2023-T1,Augmentation,59.1,59.1,16.2,24.7
z_36.0_25.5,2023,2,2023-T2,Augmentation,51.6,51.6,20.3,28.1
z_36.0_25.5,2023,3,2023-T3,Augmentation,54.7,54.7,19.6,25.8
z_36.0_25.5,2023,4,2023-T4,Augmentation,47.9,47.9,21.1,30.9
z_36.0_25.5,2024,1,2024-T1,Augmentation,46.9,46.9,18.1,35.0
z_36.0_25.5,2024,2,2024-T2,Augmentation,40.8,40.8,37.2,22.0
z_36.0_25.5,2024,3,2024-T3,Diminution,47.2,23.0,47.2,29.9
z_36.0_25.5,2024,4,2024-T4,Augmentation,44.5,44.5,21.8,33.7
z_36.0_25.5,2025,1,2025-T1,Augmentation,52.7,52.7,20.7,26.6
z_36.0_25.5,2025,2,2025-T2,Augmentation,42.9,42.9,31.7,25.5
z_36.0_25.5,2025,3,2025-T3,Augmentation,41.7,41.7,21.6,36.7
z_36.0_25.5,2025,4,2025-T4,Augmentation,70.9,70.9,8.1,21.0
z_36.0_25.5,2026,1,2026-T1,Augmentation,57.5,57.5,15.8,26.7
z_36.0_25.5,2026,2,2026-T2,Augmentation,41.9,41.9,19.9,38.2
z_36.0_25.5,2026,3,2026-T3,Augmentation,49.4,49.4,19.3,31.4
z_36.0_25.5,2026,4,2026-T4,Augmentation,59.1,59.1,15.0,25.9
z_36.0_25.5,2027,1,2027-T1,Augmentation,56.6,56.6,14.4,29.0
z_36.0_25.5,2027,2,2027-T2,Augmentation,51.2,51.2,20.9,27.9
z_36.0_25.5,2027,3,2027-T3,Augmentation,53.7,53.7,20.7,25.6
z_36.0_25.5,2027,4,2027-T4,Augmentation,58.8,58.8,14.3,26.9
z_36.0_25.5,2028,1,2028-T1,Augmentation,58.1,58.1,15.1,26.8
z_36.0_25.5,2028,2,2028-T2,Augmentation,55.2,55.2,18.4,26.5
z_36.0_25.5,2028,3,2028-T3,Augmentation,56.9,56.9,17.6,25.5
z_36.0_25.5,2028,4,2028-T4,Augmentation,59.0,59.0,14.0,27.0
z_36.0_25.5,2029,1,2029-T1,Augmentation,56.8,56.8,15.1,28.1
z_36.0_25.5,2029,2,2029-T2,Augmentation,53.1,53.1,20.2,26.8
z_36.0_25.5,2029,3,2029-T3,Augmentation,55.1,55.1,19.3,25.6
z_36.0_25.5,2029,4,2029-T4,Augmentation,59.4,59.4,14.6,25.9
z_36.0_25.5,2030,1,2030-T1,Augmentation,59.9,59.9,13.5,26.6
z_36.0_25.5,2030,2,2030-T2,Augmentation,57.0,57.0,19.3,23.7
z_36.0_25.5,2030,3,2030-T3,Augmentation,58.1,58.1,17.2,24.7
z_36.0_25.5,2030,4,2030-T4,Augmentation,63.7,63.7,12.6,23.7
z_36.0_27.0,2023,1,2023-T1,Augmentation,61.2,61.2,14.7,24.1
z_36.0_27.0,2023,2,2023-T2,Augmentation,41.9,41.9,22.5,35.6
z_36.0_27.0,2023,3,2023-T3,Augmentation,41.9,41.9,18.1,40.0
z_36.0_27.0,2023,4,2023-T4,Augmentation,64.2,64.2,16.0,19.7
z_36.0_27.0,2024,1,2024-T1,Augmentation,56.6,56.6,15.3,28.0
z_36.0_27.0,2024,2,2024-T2,Augmentation,55.5,55.5,15.2,29.2
z_36.0_27.0,2024,3,2024-T3,Augmentation,56.3,56.3,17.9,25.8
z_36.0_27.0,2024,4,2024-T4,Augmentation,73.4,73.4,9.6,17.0
z_36.0_27.0,2025,1,2025-T1,Augmentation,64.6,64.6,10.7,24.7
z_36.0_27.0,2025,2,2025-T2,Augmentation,50.9,50.9,22.0,27.1
z_36.0_27.0,2025,3,2025-T3,Augmentation,42.0,42.0,26.5,31.4
z_36.0_27.0,2025,4,2025-T4,Augmentation,47.8,47.8,14.1,38.1
z_36.0_27.0,2026,1,2026-T1,Augmentation,61.1,61.1,15.5,23.4
z_36.0_27.0,2026,2,2026-T2,Augmentation,53.1,53.1,20.1,26.8
z_36.0_27.0,2026,3,2026-T3,Augmentation,47.9,47.9,22.4,29.7
z_36.0_27.0,2026,4,2026-T4,Augmentation,57.5,57.5,15.6,26.9
z_36.0_27.0,2027,1,2027-T1,Augmentation,55.0,55.0,15.6,29.3
z_36.0_27.0,2027,2,2027-T2,Augmentation,52.3,52.3,20.4,27.3
z_36.0_27.0,2027,3,2027-T3,Augmentation,48.7,48.7,22.7,28.6
z_36.0_27.0,2027,4,2027-T4,Augmentation,58.1,58.1,14.3,27.6
z_36.0_27.0,2028,1,2028-T1,Augmentation,55.3,55.3,15.3,29.4
z_36.0_27.0,2028,2,2028-T2,Augmentation,53.0,53.0,19.4,27.5
z_36.0_27.0,2028,3,2028-T3,Augmentation,52.0,52.0,20.1,28.0
z_36.0_27.0,2028,4,2028-T4,Augmentation,59.1,59.1,14.5,26.4
z_36.0_27.0,2029,1,2029-T1,Augmentation,54.9,54.9,15.5,29.6
z_36.0_27.0,2029,2,2029-T2,Augmentation,54.1,54.1,19.7,26.2
z_36.0_27.0,2029,3,2029-T3,Augmentation,52.4,52.4,20.7,27.0
z_36.0_27.0,2029,4,2029-T4,Augmentation,59.1,59.1,14.3,26.7
z_36.0_27.0,2030,1,2030-T1,Augmentation,56.8,56.8,14.4,28.8
z_36.0_27.0,2030,2,2030-T2,Augmentation,54.0,54.0,19.6,26.5
z_36.0_27.0,2030,3,2030-T3,Augmentation,53.3,53.3,20.6,26.1
z_36.0_27.0,2030,4,2030-T4,Augmentation,63.9,63.9,12.9,23.1
z_36.0_30.0,2023,1,2023-T1,Diminution,61.0,5.7,61.0,33.4
z_36.0_30.0,2023,2,2023-T2,Diminution,57.5,9.9,57.5,32.6
z_36.0_30.0,2023,3,2023-T3,Diminution,63.0,5.9,63.0,31.1
z_36.0_30.0,2023,4,2023-T4,Diminution,68.9,5.7,68.9,25.4
z_36.0_30.0,2024,1,2024-T1,Diminution,69.6,4.7,69.6,25.7
z_36.0_30.0,2024,2,2024-T2,Diminution,58.9,8.8,58.9,32.2
z_36.0_30.0,2024,3,2024-T3,Diminution,66.5,6.0,66.5,27.5
z_36.0_30.0,2024,4,2024-T4,Diminution,59.2,6.5,59.2,34.3
z_36.0_30.0,2025,1,2025-T1,Diminution,69.6,4.7,69.6,25.7
z_36.0_30.0,2025,2,2025-T2,Diminution,59.0,9.5,59.0,31.4
z_36.0_30.0,2025,3,2025-T3,Diminution,58.7,6.0,58.7,35.3
z_36.0_30.0,2025,4,2025-T4,Diminution,61.1,6.2,61.1,32.7
z_36.0_30.0,2026,1,2026-T1,Diminution,70.8,5.0,70.8,24.1
z_36.0_30.0,2026,2,2026-T2,Diminution,46.7,13.3,46.7,39.9
z_36.0_30.0,2026,3,2026-T3,Diminution,68.5,5.6,68.5,25.9
z_36.0_30.0,2026,4,2026-T4,Diminution,70.1,5.5,70.1,24.4
z_36.0_30.0,2027,1,2027-T1,Diminution,69.6,4.7,69.6,25.7
z_36.0_30.0,2027,2,2027-T2,Diminution,56.2,9.4,56.2,34.4
z_36.0_30.0,2027,3,2027-T3,Diminution,58.4,6.4,58.4,35.2
z_36.0_30.0,2027,4,2027-T4,Diminution,70.1,5.5,70.1,24.4
z_36.0_30.0,2028,1,2028-T1,Diminution,69.6,4.7,69.6,25.7
z_36.0_30.0,2028,2,2028-T2,Diminution,58.9,8.8,58.9,32.2
z_36.0_30.0,2028,3,2028-T3,Diminution,69.9,5.1,69.9,25.1
z_36.0_30.0,2028,4,2028-T4,Diminution,70.1,5.5,70.1,24.4
z_36.0_30.0,2029,1,2029-T1,Diminution,69.6,4.7,69.6,25.7
z_36.0_30.0,2029,2,2029-T2,Diminution,59.0,9.5,59.0,31.4
z_36.0_30.0,2029,3,2029-T3,Diminution,69.9,5.1,69.9,25.1
z_36.0_30.0,2029,4,2029-T4,Diminution,70.1,5.5,70.1,24.4
z_36.0_30.0,2030,1,2030-T1,Diminution,69.6,4.7,69.6,25.7
z_36.0_30.0,2030,2,2030-T2,Diminution,54.5,10.4,54.5,35.0
z_36.0_30.0,2030,3,2030-T3,Diminution,69.9,5.1,69.9,25.1
z_36.0_30.0,2030,4,2030-T4,Diminution,70.1,5.5,70.1,24.4
z_36.0_34.5,2023,1,2023-T1,Stable,37.8,36.9,25.3,37.8
z_36.0_34.5,2023,2,2023-T2,Stable,48.5,21.1,30.5,48.5
z_36.0_34.5,2023,3,2023-T3,Stable,49.6,18.6,31.8,49.6
z_36.0_34.5,2023,4,2023-T4,Stable,52.1,23.4,24.5,52.1
z_36.0_34.5,2024,1,2024-T1,Stable,49.6,17.6,32.8,49.6
z_36.0_34.5,2024,2,2024-T2,Stable,45.4,18.7,35.9,45.4
z_36.0_34.5,2024,3,2024-T3,Stable,48.3,27.2,24.5,48.3
z_36.0_34.5,2024,4,2024-T4,Stable,55.3,16.6,28.1,55.3
z_36.0_34.5,2025,1,2025-T1,Diminution,43.6,15.7,43.6,40.7
z_36.0_34.5,2025,2,2025-T2,Diminution,46.8,8.8,46.8,44.4
z_36.0_34.5,2025,3,2025-T3,Stable,51.3,20.0,28.6,51.3
z_36.0_34.5,2025,4,2025-T4,Stable,42.4,24.8,32.8,42.4
z_36.0_34.5,2026,1,2026-T1,Stable,45.1,12.4,42.5,45.1
z_36.0_34.5,2026,2,2026-T2,Stable,50.3,11.5,38.3,50.3
z_36.0_34.5,2026,3,2026-T3,Stable,53.1,16.4,30.5,53.1
z_36.0_34.5,2026,4,2026-T4,Stable,54.5,12.8,32.7,54.5
z_36.0_34.5,2027,1,2027-T1,Stable,45.1,12.4,42.5,45.1
z_36.0_34.5,2027,2,2027-T2,Diminution,48.7,11.1,48.7,40.2
z_36.0_34.5,2027,3,2027-T3,Stable,47.8,16.6,35.6,47.8
z_36.0_34.5,2027,4,2027-T4,Stable,47.0,17.0,36.0,47.0
z_36.0_34.5,2028,1,2028-T1,Stable,45.1,12.4,42.5,45.1
z_36.0_34.5,2028,2,2028-T2,Diminution,45.4,9.7,45.4,44.9
z_36.0_34.5,2028,3,2028-T3,Stable,50.1,14.4,35.5,50.1
z_36.0_34.5,2028,4,2028-T4,Stable,51.8,13.7,34.5,51.8
z_36.0_34.5,2029,1,2029-T1,Stable,45.1,12.4,42.5,45.1
z_36.0_34.5,2029,2,2029-T2,Diminution,48.1,9.1,48.1,42.8
z_36.0_34.5,2029,3,2029-T3,Stable,52.9,12.3,34.8,52.9
z_36.0_34.5,2029,4,2029-T4,Stable,51.8,13.7,34.5,51.8
z_36.0_34.5,2030,1,2030-T1,Stable,45.1,12.4,42.5,45.1
z_36.0_34.5,2030,2,2030-T2,Diminution,49.8,8.3,49.8,42.0
z_36.0_34.5,2030,3,2030-T3,Stable,52.9,12.3,34.8,52.9
z_36.0_34.5,2030,4,2030-T4,Stable,51.8,13.7,34.5,51.8
z_36.0_36.0,2023,1,2023-T1,Diminution,53.1,5.7,53.1,41.2
z_36.0_36.0,2023,2,2023-T2,Diminution,46.8,6.8,46.8,46.4
z_36.0_36.0,2023,3,2023-T3,Diminution,53.3,5.9,53.3,40.8
z_36.0_36.0,2023,4,2023-T4,Diminution,51.8,6.4,51.8,41.8
z_36.0_36.0,2024,1,2024-T1,Diminution,53.1,5.7,53.1,41.2
z_36.0_36.0,2024,2,2024-T2,Diminution,51.6,6.1,51.6,42.3
z_36.0_36.0,2024,3,2024-T3,Diminution,53.3,5.9,53.3,40.8
z_36.0_36.0,2024,4,2024-T4,Diminution,51.8,6.4,51.8,41.8
z_36.0_36.0,2025,1,2025-T1,Diminution,53.1,5.7,53.1,41.2
z_36.0_36.0,2025,2,2025-T2,Diminution,46.5,8.6,46.5,45.0
z_36.0_36.0,2025,3,2025-T3,Stable,47.1,6.1,46.8,47.1
z_36.0_36.0,2025,4,2025-T4,Diminution,55.9,6.4,55.9,37.7
z_36.0_36.0,2026,1,2026-T1,Diminution,50.3,6.4,50.3,43.3
z_36.0_36.0,2026,2,2026-T2,Diminution,51.6,6.1,51.6,42.3
z_36.0_36.0,2026,3,2026-T3,Diminution,53.3,5.9,53.3,40.8
z_36.0_36.0,2026,4,2026-T4,Diminution,51.8,6.4,51.8,41.8
z_36.0_36.0,2027,1,2027-T1,Diminution,47.4,8.6,47.4,44.0
z_36.0_36.0,2027,2,2027-T2,Diminution,51.6,6.1,51.6,42.3
z_36.0_36.0,2027,3,2027-T3,Diminution,53.3,5.9,53.3,40.8
z_36.0_36.0,2027,4,2027-T4,Diminution,51.8,6.4,51.8,41.8
z_36.0_36.0,2028,1,2028-T1,Diminution,52.2,5.3,52.2,42.4
z_36.0_36.0,2028,2,2028-T2,Diminution,51.6,6.1,51.6,42.3
z_36.0_36.0,2028,3,2028-T3,Diminution,53.3,5.9,53.3,40.8
z_36.0_36.0,2028,4,2028-T4,Diminution,51.8,6.4,51.8,41.8
z_36.0_36.0,2029,1,2029-T1,Diminution,50.2,5.5,50.2,44.3
z_36.0_36.0,2029,2,2029-T2,Diminution,51.6,6.1,51.6,42.3
z_36.0_36.0,2029,3,2029-T3,Diminution,53.3,5.9,53.3,40.8
z_36.0_36.0,2029,4,2029-T4,Diminution,51.8,6.4,51.8,41.8
z_36.0_36.0,2030,1,2030-T1,Diminution,47.7,5.5,47.7,46.8
z_36.0_36.0,2030,2,2030-T2,Diminution,51.6,6.1,51.6,42.3
z_36.0_36.0,2030,3,2030-T3,Diminution,53.3,5.9,53.3,40.8
z_36.0_36.0,2030,4,2030-T4,Diminution,51.8,6.4,51.8,41.8
z_36.0_4.5,2023,1,2023-T1,Diminution,59.7,12.4,59.7,27.9
z_36.0_4.5,2023,2,2023-T2,Diminution,52.5,11.5,52.5,36.0
z_36.0_4.5,2023,3,2023-T3,Diminution,92.1,2.7,92.1,5.2
z_36.0_4.5,2023,4,2023-T4,Diminution,46.9,13.7,46.9,39.3
z_36.0_4.5,2024,1,2024-T1,Diminution,54.0,20.6,54.0,25.4
z_36.0_4.5,2024,2,2024-T2,Diminution,49.5,20.8,49.5,29.7
z_36.0_4.5,2024,3,2024-T3,Diminution,92.1,2.7,92.1,5.2
z_36.0_4.5,2024,4,2024-T4,Diminution,56.4,17.1,56.4,26.5
z_36.0_4.5,2025,1,2025-T1,Diminution,56.7,10.6,56.7,32.7
z_36.0_4.5,2025,2,2025-T2,Diminution,47.0,11.7,47.0,41.3
z_36.0_4.5,2025,3,2025-T3,Diminution,88.1,2.4,88.1,9.6
z_36.0_4.5,2025,4,2025-T4,Diminution,51.4,21.9,51.4,26.7
z_36.0_4.5,2026,1,2026-T1,Diminution,64.5,11.9,64.5,23.7
z_36.0_4.5,2026,2,2026-T2,Diminution,55.9,14.4,55.9,29.7
z_36.0_4.5,2026,3,2026-T3,Diminution,87.0,4.6,87.0,8.5
z_36.0_4.5,2026,4,2026-T4,Diminution,63.6,13.5,63.6,22.9
z_36.0_4.5,2027,1,2027-T1,Diminution,64.5,11.9,64.5,23.7
z_36.0_4.5,2027,2,2027-T2,Diminution,49.4,23.0,49.4,27.6
z_36.0_4.5,2027,3,2027-T3,Diminution,81.7,3.0,81.7,15.3
z_36.0_4.5,2027,4,2027-T4,Diminution,63.6,13.5,63.6,22.9
z_36.0_4.5,2028,1,2028-T1,Diminution,64.5,11.9,64.5,23.7
z_36.0_4.5,2028,2,2028-T2,Diminution,58.3,14.7,58.3,27.0
z_36.0_4.5,2028,3,2028-T3,Diminution,87.1,2.9,87.1,9.9
z_36.0_4.5,2028,4,2028-T4,Diminution,63.6,13.5,63.6,22.9
z_36.0_4.5,2029,1,2029-T1,Diminution,64.5,11.9,64.5,23.7
z_36.0_4.5,2029,2,2029-T2,Diminution,58.3,14.7,58.3,27.0
z_36.0_4.5,2029,3,2029-T3,Diminution,71.2,6.1,71.2,22.7
z_36.0_4.5,2029,4,2029-T4,Diminution,63.6,13.5,63.6,22.9
z_36.0_4.5,2030,1,2030-T1,Diminution,64.5,11.9,64.5,23.7
z_36.0_4.5,2030,2,2030-T2,Diminution,58.3,14.7,58.3,27.0
z_36.0_4.5,2030,3,2030-T3,Diminution,92.1,2.7,92.1,5.2
z_36.0_4.5,2030,4,2030-T4,Diminution,63.6,13.5,63.6,22.9
z_36.0_9.0,2023,1,2023-T1,Diminution,68.0,9.8,68.0,22.2
z_36.0_9.0,2023,2,2023-T2,Diminution,47.8,10.8,47.8,41.3
z_36.0_9.0,2023,3,2023-T3,Stable,46.2,13.8,40.0,46.2
z_36.0_9.0,2023,4,2023-T4,Diminution,57.4,19.4,57.4,23.2
z_36.0_9.0,2024,1,2024-T1,Diminution,57.2,7.9,57.2,34.9
z_36.0_9.0,2024,2,2024-T2,Diminution,55.0,13.1,55.0,32.0
z_36.0_9.0,2024,3,2024-T3,Diminution,43.7,22.3,43.7,34.0
z_36.0_9.0,2024,4,2024-T4,Diminution,66.9,9.2,66.9,23.9
z_36.0_9.0,2025,1,2025-T1,Diminution,54.2,13.9,54.2,31.9
z_36.0_9.0,2025,2,2025-T2,Diminution,46.4,17.3,46.4,36.3
z_36.0_9.0,2025,3,2025-T3,Diminution,58.1,13.1,58.1,28.9
z_36.0_9.0,2025,4,2025-T4,Diminution,73.6,10.7,73.6,15.7
z_36.0_9.0,2026,1,2026-T1,Diminution,51.4,9.0,51.4,39.6
z_36.0_9.0,2026,2,2026-T2,Diminution,51.1,19.2,51.1,29.8
z_36.0_9.0,2026,3,2026-T3,Diminution,49.2,22.7,49.2,28.1
z_36.0_9.0,2026,4,2026-T4,Diminution,73.6,10.7,73.6,15.7
z_36.0_9.0,2027,1,2027-T1,Diminution,61.0,10.4,61.0,28.6
z_36.0_9.0,2027,2,2027-T2,Diminution,49.2,10.2,49.2,40.6
z_36.0_9.0,2027,3,2027-T3,Diminution,61.1,12.7,61.1,26.2
z_36.0_9.0,2027,4,2027-T4,Diminution,73.6,10.7,73.6,15.7
z_36.0_9.0,2028,1,2028-T1,Diminution,54.3,15.8,54.3,29.9
z_36.0_9.0,2028,2,2028-T2,Diminution,55.0,13.1,55.0,32.0
z_36.0_9.0,2028,3,2028-T3,Diminution,61.1,12.7,61.1,26.2
z_36.0_9.0,2028,4,2028-T4,Diminution,73.6,10.7,73.6,15.7
z_36.0_9.0,2029,1,2029-T1,Diminution,68.0,9.8,68.0,22.2
z_36.0_9.0,2029,2,2029-T2,Diminution,49.3,21.5,49.3,29.1
z_36.0_9.0,2029,3,2029-T3,Diminution,61.1,12.7,61.1,26.2
z_36.0_9.0,2029,4,2029-T4,Diminution,73.6,10.7,73.6,15.7
z_36.0_9.0,2030,1,2030-T1,Diminution,68.0,9.8,68.0,22.2
z_36.0_9.0,2030,2,2030-T2,Diminution,57.7,13.3,57.7,29.0
z_36.0_9.0,2030,3,2030-T3,Diminution,61.1,12.7,61.1,26.2
z_36.0_9.0,2030,4,2030-T4,Diminution,73.6,10.7,73.6,15.7
z_37.5_-1.5,2023,1,2023-T1,Diminution,52.7,21.7,52.7,25.6
z_37.5_-1.5,2023,2,2023-T2,Stable,49.0,28.2,22.8,49.0
z_37.5_-1.5,2023,3,2023-T3,Stable,41.5,38.2,20.3,41.5
z_37.5_-1.5,2023,4,2023-T4,Augmentation,39.2,39.2,25.8,35.0
z_37.5_-1.5,2024,1,2024-T1,Stable,40.3,37.2,22.6,40.3
z_37.5_-1.5,2024,2,2024-T2,Stable,45.8,35.3,18.9,45.8
z_37.5_-1.5,2024,3,2024-T3,Stable,48.3,37.9,13.8,48.3
z_37.5_-1.5,2024,4,2024-T4,Stable,40.7,35.9,23.4,40.7
z_37.5_-1.5,2025,1,2025-T1,Augmentation,45.8,45.8,16.7,37.5
z_37.5_-1.5,2025,2,2025-T2,Augmentation,51.7,51.7,11.3,37.0
z_37.5_-1.5,2025,3,2025-T3,Augmentation,48.1,48.1,11.7,40.2
z_37.5_-1.5,2025,4,2025-T4,Augmentation,47.8,47.8,14.5,37.7
z_37.5_-1.5,2026,1,2026-T1,Augmentation,41.4,41.4,18.3,40.3
z_37.5_-1.5,2026,2,2026-T2,Stable,50.3,32.5,17.2,50.3
z_37.5_-1.5,2026,3,2026-T3,Stable,43.3,39.7,17.0,43.3
z_37.5_-1.5,2026,4,2026-T4,Stable,39.0,34.7,26.3,39.0
z_37.5_-1.5,2027,1,2027-T1,Stable,40.0,36.2,23.8,40.0
z_37.5_-1.5,2027,2,2027-T2,Stable,52.8,30.2,17.0,52.8
z_37.5_-1.5,2027,3,2027-T3,Stable,47.5,36.8,15.7,47.5
z_37.5_-1.5,2027,4,2027-T4,Stable,39.7,36.7,23.6,39.7
z_37.5_-1.5,2028,1,2028-T1,Stable,41.8,30.4,27.8,41.8
z_37.5_-1.5,2028,2,2028-T2,Stable,52.5,31.3,16.2,52.5
z_37.5_-1.5,2028,3,2028-T3,Stable,47.6,37.4,15.0,47.6
z_37.5_-1.5,2028,4,2028-T4,Stable,39.6,37.9,22.5,39.6
z_37.5_-1.5,2029,1,2029-T1,Stable,40.3,35.3,24.4,40.3
z_37.5_-1.5,2029,2,2029-T2,Stable,52.6,31.2,16.2,52.6
z_37.5_-1.5,2029,3,2029-T3,Stable,47.8,38.6,13.7,47.8
z_37.5_-1.5,2029,4,2029-T4,Stable,41.8,33.6,24.6,41.8
z_37.5_-1.5,2030,1,2030-T1,Stable,41.7,31.7,26.6,41.7
z_37.5_-1.5,2030,2,2030-T2,Stable,52.6,31.2,16.2,52.6
z_37.5_-1.5,2030,3,2030-T3,Stable,52.3,32.2,15.5,52.3
z_37.5_-1.5,2030,4,2030-T4,Stable,41.7,33.5,24.7,41.7
z_37.5_-10.5,2023,1,2023-T1,Augmentation,41.2,41.2,17.9,40.9
z_37.5_-10.5,2023,2,2023-T2,Augmentation,65.9,65.9,6.7,27.4
z_37.5_-10.5,2023,3,2023-T3,Augmentation,66.1,66.1,9.8,24.1
z_37.5_-10.5,2023,4,2023-T4,Augmentation,59.2,59.2,13.0,27.7
z_37.5_-10.5,2024,1,2024-T1,Stable,43.8,40.9,15.3,43.8
z_37.5_-10.5,2024,2,2024-T2,Augmentation,70.0,70.0,7.5,22.5
z_37.5_-10.5,2024,3,2024-T3,Augmentation,71.0,71.0,8.9,20.1
z_37.5_-10.5,2024,4,2024-T4,Augmentation,72.3,72.3,9.1,18.6
z_37.5_-10.5,2025,1,2025-T1,Augmentation,53.8,53.8,18.4,27.8
z_37.5_-10.5,2025,2,2025-T2,Augmentation,50.8,50.8,7.1,42.2
z_37.5_-10.5,2025,3,2025-T3,Augmentation,67.9,67.9,7.6,24.5
z_37.5_-10.5,2025,4,2025-T4,Augmentation,72.4,72.4,10.0,17.6
z_37.5_-10.5,2026,1,2026-T1,Augmentation,45.1,45.1,17.1,37.8
z_37.5_-10.5,2026,2,2026-T2,Augmentation,54.1,54.1,12.6,33.3
z_37.5_-10.5,2026,3,2026-T3,Augmentation,52.8,52.8,14.2,33.0
z_37.5_-10.5,2026,4,2026-T4,Augmentation,62.0,62.0,14.2,23.8
z_37.5_-10.5,2027,1,2027-T1,Augmentation,43.6,43.6,21.6,34.7
z_37.5_-10.5,2027,2,2027-T2,Augmentation,62.7,62.7,10.0,27.3
z_37.5_-10.5,2027,3,2027-T3,Augmentation,59.5,59.5,12.5,28.0
z_37.5_-10.5,2027,4,2027-T4,Augmentation,65.4,65.4,12.2,22.4
z_37.5_-10.5,2028,1,2028-T1,Augmentation,46.5,46.5,19.1,34.4
z_37.5_-10.5,2028,2,2028-T2,Augmentation,61.7,61.7,9.8,28.6
z_37.5_-10.5,2028,3,2028-T3,Augmentation,60.8,60.8,11.7,27.6
z_37.5_-10.5,2028,4,2028-T4,Augmentation,67.1,67.1,11.3,21.6
z_37.5_-10.5,2029,1,2029-T1,Augmentation,46.9,46.9,19.7,33.3
z_37.5_-10.5,2029,2,2029-T2,Augmentation,64.0,64.0,9.8,26.2
z_37.5_-10.5,2029,3,2029-T3,Augmentation,64.1,64.1,10.8,25.1
z_37.5_-10.5,2029,4,2029-T4,Augmentation,68.1,68.1,10.6,21.3
z_37.5_-10.5,2030,1,2030-T1,Augmentation,50.7,50.7,17.2,32.1
z_37.5_-10.5,2030,2,2030-T2,Augmentation,67.1,67.1,9.5,23.3
z_37.5_-10.5,2030,3,2030-T3,Augmentation,66.0,66.0,10.2,23.8
z_37.5_-10.5,2030,4,2030-T4,Augmentation,67.8,67.8,10.6,21.5
z_37.5_-13.5,2023,1,2023-T1,Diminution,89.3,1.2,89.3,9.5
z_37.5_-13.5,2023,2,2023-T2,Diminution,87.1,1.3,87.1,11.7
z_37.5_-13.5,2023,3,2023-T3,Diminution,88.8,1.5,88.8,9.7
z_37.5_-13.5,2023,4,2023-T4,Diminution,70.1,7.6,70.1,22.2
z_37.5_-13.5,2024,1,2024-T1,Diminution,89.3,1.2,89.3,9.5
z_37.5_-13.5,2024,2,2024-T2,Diminution,87.1,1.3,87.1,11.7
z_37.5_-13.5,2024,3,2024-T3,Diminution,88.8,1.5,88.8,9.7
z_37.5_-13.5,2024,4,2024-T4,Diminution,70.1,7.6,70.1,22.2
z_37.5_-13.5,2025,1,2025-T1,Diminution,77.1,1.5,77.1,21.4
z_37.5_-13.5,2025,2,2025-T2,Diminution,79.3,2.2,79.3,18.5
z_37.5_-13.5,2025,3,2025-T3,Diminution,86.5,2.2,86.5,11.3
z_37.5_-13.5,2025,4,2025-T4,Diminution,62.1,6.3,62.1,31.7
z_37.5_-13.5,2026,1,2026-T1,Diminution,89.3,1.2,89.3,9.5
z_37.5_-13.5,2026,2,2026-T2,Diminution,87.1,1.3,87.1,11.7
z_37.5_-13.5,2026,3,2026-T3,Diminution,88.8,1.5,88.8,9.7
z_37.5_-13.5,2026,4,2026-T4,Diminution,61.5,9.2,61.5,29.3
z_37.5_-13.5,2027,1,2027-T1,Diminution,89.3,1.2,89.3,9.5
z_37.5_-13.5,2027,2,2027-T2,Diminution,87.1,1.3,87.1,11.7
z_37.5_-13.5,2027,3,2027-T3,Diminution,88.8,1.5,88.8,9.7
z_37.5_-13.5,2027,4,2027-T4,Diminution,58.5,5.9,58.5,35.7
z_37.5_-13.5,2028,1,2028-T1,Diminution,89.3,1.2,89.3,9.5
z_37.5_-13.5,2028,2,2028-T2,Diminution,87.1,1.3,87.1,11.7
z_37.5_-13.5,2028,3,2028-T3,Diminution,88.8,1.5,88.8,9.7
z_37.5_-13.5,2028,4,2028-T4,Diminution,67.4,9.2,67.4,23.5
z_37.5_-13.5,2029,1,2029-T1,Diminution,89.3,1.2,89.3,9.5
z_37.5_-13.5,2029,2,2029-T2,Diminution,87.1,1.3,87.1,11.7
z_37.5_-13.5,2029,3,2029-T3,Diminution,88.8,1.5,88.8,9.7
z_37.5_-13.5,2029,4,2029-T4,Diminution,60.7,16.9,60.7,22.5
z_37.5_-13.5,2030,1,2030-T1,Diminution,89.3,1.2,89.3,9.5
z_37.5_-13.5,2030,2,2030-T2,Diminution,87.1,1.3,87.1,11.7
z_37.5_-13.5,2030,3,2030-T3,Diminution,88.8,1.5,88.8,9.7
z_37.5_-13.5,2030,4,2030-T4,Diminution,70.1,7.6,70.1,22.2
z_37.5_-22.5,2023,1,2023-T1,Diminution,90.1,1.7,90.1,8.2
z_37.5_-22.5,2023,2,2023-T2,Diminution,74.7,2.1,74.7,23.2
z_37.5_-22.5,2023,3,2023-T3,Diminution,78.8,3.0,78.8,18.2
z_37.5_-22.5,2023,4,2023-T4,Diminution,88.2,3.0,88.2,8.8
z_37.5_-22.5,2024,1,2024-T1,Diminution,85.2,2.2,85.2,12.6
z_37.5_-22.5,2024,2,2024-T2,Diminution,88.7,1.7,88.7,9.6
z_37.5_-22.5,2024,3,2024-T3,Diminution,89.6,2.0,89.6,8.4
z_37.5_-22.5,2024,4,2024-T4,Diminution,90.0,1.9,90.0,8.1
z_37.5_-22.5,2025,1,2025-T1,Diminution,83.9,2.8,83.9,13.2
z_37.5_-22.5,2025,2,2025-T2,Diminution,88.7,1.7,88.7,9.6
z_37.5_-22.5,2025,3,2025-T3,Diminution,76.0,2.4,76.0,21.5
z_37.5_-22.5,2025,4,2025-T4,Diminution,80.0,2.8,80.0,17.2
z_37.5_-22.5,2026,1,2026-T1,Diminution,75.3,4.4,75.3,20.3
z_37.5_-22.5,2026,2,2026-T2,Diminution,83.3,1.7,83.3,15.1
z_37.5_-22.5,2026,3,2026-T3,Diminution,89.6,2.0,89.6,8.4
z_37.5_-22.5,2026,4,2026-T4,Diminution,90.0,1.9,90.0,8.1
z_37.5_-22.5,2027,1,2027-T1,Diminution,85.2,2.9,85.2,11.8
z_37.5_-22.5,2027,2,2027-T2,Diminution,84.9,3.4,84.9,11.7
z_37.5_-22.5,2027,3,2027-T3,Diminution,89.6,2.0,89.6,8.4
z_37.5_-22.5,2027,4,2027-T4,Diminution,90.0,1.9,90.0,8.1
z_37.5_-22.5,2028,1,2028-T1,Diminution,70.5,7.3,70.5,22.2
z_37.5_-22.5,2028,2,2028-T2,Diminution,77.3,2.5,77.3,20.2
z_37.5_-22.5,2028,3,2028-T3,Diminution,89.6,2.0,89.6,8.4
z_37.5_-22.5,2028,4,2028-T4,Diminution,90.0,1.9,90.0,8.1
z_37.5_-22.5,2029,1,2029-T1,Diminution,90.1,1.7,90.1,8.2
z_37.5_-22.5,2029,2,2029-T2,Diminution,83.8,2.9,83.8,13.2
z_37.5_-22.5,2029,3,2029-T3,Diminution,89.6,2.0,89.6,8.4
z_37.5_-22.5,2029,4,2029-T4,Diminution,90.0,1.9,90.0,8.1
z_37.5_-22.5,2030,1,2030-T1,Diminution,90.1,1.7,90.1,8.2
z_37.5_-22.5,2030,2,2030-T2,Diminution,67.4,7.3,67.4,25.3
z_37.5_-22.5,2030,3,2030-T3,Diminution,89.6,2.0,89.6,8.4
z_37.5_-22.5,2030,4,2030-T4,Diminution,90.0,1.9,90.0,8.1
z_37.5_-24.0,2023,1,2023-T1,Diminution,93.4,1.5,93.4,5.2
z_37.5_-24.0,2023,2,2023-T2,Diminution,91.9,1.6,91.9,6.5
z_37.5_-24.0,2023,3,2023-T3,Diminution,92.5,1.9,92.5,5.6
z_37.5_-24.0,2023,4,2023-T4,Diminution,93.1,1.7,93.1,5.2
z_37.5_-24.0,2024,1,2024-T1,Diminution,93.4,1.5,93.4,5.2
z_37.5_-24.0,2024,2,2024-T2,Diminution,91.9,1.6,91.9,6.5
z_37.5_-24.0,2024,3,2024-T3,Diminution,78.0,2.0,78.0,20.0
z_37.5_-24.0,2024,4,2024-T4,Diminution,79.7,3.2,79.7,17.2
z_37.5_-24.0,2025,1,2025-T1,Diminution,91.2,2.4,91.2,6.5
z_37.5_-24.0,2025,2,2025-T2,Diminution,86.1,1.4,86.1,12.5
z_37.5_-24.0,2025,3,2025-T3,Diminution,92.5,1.9,92.5,5.6
z_37.5_-24.0,2025,4,2025-T4,Diminution,93.1,1.7,93.1,5.2
z_37.5_-24.0,2026,1,2026-T1,Diminution,93.4,1.5,93.4,5.2
z_37.5_-24.0,2026,2,2026-T2,Diminution,86.5,4.8,86.5,8.7
z_37.5_-24.0,2026,3,2026-T3,Diminution,92.5,1.9,92.5,5.6
z_37.5_-24.0,2026,4,2026-T4,Diminution,93.1,1.7,93.1,5.2
z_37.5_-24.0,2027,1,2027-T1,Diminution,93.4,1.5,93.4,5.2
z_37.5_-24.0,2027,2,2027-T2,Diminution,79.6,2.5,79.6,17.9
z_37.5_-24.0,2027,3,2027-T3,Diminution,92.5,1.9,92.5,5.6
z_37.5_-24.0,2027,4,2027-T4,Diminution,93.1,1.7,93.1,5.2
z_37.5_-24.0,2028,1,2028-T1,Diminution,93.4,1.5,93.4,5.2
z_37.5_-24.0,2028,2,2028-T2,Diminution,85.4,2.5,85.4,12.1
z_37.5_-24.0,2028,3,2028-T3,Diminution,92.5,1.9,92.5,5.6
z_37.5_-24.0,2028,4,2028-T4,Diminution,93.1,1.7,93.1,5.2
z_37.5_-24.0,2029,1,2029-T1,Diminution,93.4,1.5,93.4,5.2
z_37.5_-24.0,2029,2,2029-T2,Diminution,67.4,5.6,67.4,27.1
z_37.5_-24.0,2029,3,2029-T3,Diminution,92.5,1.9,92.5,5.6
z_37.5_-24.0,2029,4,2029-T4,Diminution,93.1,1.7,93.1,5.2
z_37.5_-24.0,2030,1,2030-T1,Diminution,93.4,1.5,93.4,5.2
z_37.5_-24.0,2030,2,2030-T2,Diminution,91.9,1.6,91.9,6.5
z_37.5_-24.0,2030,3,2030-T3,Diminution,92.5,1.9,92.5,5.6
z_37.5_-24.0,2030,4,2030-T4,Diminution,93.1,1.7,93.1,5.2
z_37.5_-25.5,2023,1,2023-T1,Diminution,90.6,1.7,90.6,7.7
z_37.5_-25.5,2023,2,2023-T2,Diminution,89.5,1.6,89.5,8.9
z_37.5_-25.5,2023,3,2023-T3,Diminution,90.1,1.9,90.1,8.0
z_37.5_-25.5,2023,4,2023-T4,Diminution,66.7,12.0,66.7,21.4
z_37.5_-25.5,2024,1,2024-T1,Diminution,90.6,1.7,90.6,7.7
z_37.5_-25.5,2024,2,2024-T2,Diminution,89.5,1.6,89.5,8.9
z_37.5_-25.5,2024,3,2024-T3,Diminution,90.1,1.9,90.1,8.0
z_37.5_-25.5,2024,4,2024-T4,Diminution,62.5,6.6,62.5,30.9
z_37.5_-25.5,2025,1,2025-T1,Diminution,90.6,1.7,90.6,7.7
z_37.5_-25.5,2025,2,2025-T2,Diminution,89.5,1.6,89.5,8.9
z_37.5_-25.5,2025,3,2025-T3,Diminution,90.1,1.9,90.1,8.0
z_37.5_-25.5,2025,4,2025-T4,Diminution,67.6,9.9,67.6,22.5
z_37.5_-25.5,2026,1,2026-T1,Diminution,78.2,3.2,78.2,18.6
z_37.5_-25.5,2026,2,2026-T2,Diminution,87.7,2.9,87.7,9.4
z_37.5_-25.5,2026,3,2026-T3,Diminution,85.9,1.6,85.9,12.5
z_37.5_-25.5,2026,4,2026-T4,Diminution,62.3,18.1,62.3,19.6
z_37.5_-25.5,2027,1,2027-T1,Diminution,90.6,1.7,90.6,7.7
z_37.5_-25.5,2027,2,2027-T2,Diminution,89.5,1.6,89.5,8.9
z_37.5_-25.5,2027,3,2027-T3,Diminution,86.0,3.9,86.0,10.2
z_37.5_-25.5,2027,4,2027-T4,Diminution,76.8,7.9,76.8,15.3
z_37.5_-25.5,2028,1,2028-T1,Diminution,90.6,1.7,90.6,7.7
z_37.5_-25.5,2028,2,2028-T2,Diminution,89.5,1.6,89.5,8.9
z_37.5_-25.5,2028,3,2028-T3,Diminution,77.1,3.1,77.1,19.8
z_37.5_-25.5,2028,4,2028-T4,Diminution,76.8,7.9,76.8,15.3
z_37.5_-25.5,2029,1,2029-T1,Diminution,90.6,1.7,90.6,7.7
z_37.5_-25.5,2029,2,2029-T2,Diminution,89.5,1.6,89.5,8.9
z_37.5_-25.5,2029,3,2029-T3,Diminution,84.2,3.0,84.2,12.8
z_37.5_-25.5,2029,4,2029-T4,Diminution,76.8,7.9,76.8,15.3
z_37.5_-25.5,2030,1,2030-T1,Diminution,90.6,1.7,90.6,7.7
z_37.5_-25.5,2030,2,2030-T2,Diminution,89.5,1.6,89.5,8.9
z_37.5_-25.5,2030,3,2030-T3,Diminution,63.4,7.0,63.4,29.5
z_37.5_-25.5,2030,4,2030-T4,Diminution,76.8,7.9,76.8,15.3
z_37.5_-27.0,2023,1,2023-T1,Diminution,82.1,2.1,82.1,15.8
z_37.5_-27.0,2023,2,2023-T2,Diminution,60.6,6.6,60.6,32.8
z_37.5_-27.0,2023,3,2023-T3,Diminution,50.2,10.7,50.2,39.0
z_37.5_-27.0,2023,4,2023-T4,Stable,46.7,9.7,43.7,46.7
z_37.5_-27.0,2024,1,2024-T1,Diminution,92.0,1.3,92.0,6.7
z_37.5_-27.0,2024,2,2024-T2,Diminution,54.1,15.6,54.1,30.3
z_37.5_-27.0,2024,3,2024-T3,Stable,43.5,17.7,38.8,43.5
z_37.5_-27.0,2024,4,2024-T4,Diminution,47.0,19.0,47.0,34.0
z_37.5_-27.0,2025,1,2025-T1,Diminution,88.9,1.8,88.9,9.3
z_37.5_-27.0,2025,2,2025-T2,Diminution,58.5,6.4,58.5,35.1
z_37.5_-27.0,2025,3,2025-T3,Diminution,46.8,11.0,46.8,42.2
z_37.5_-27.0,2025,4,2025-T4,Stable,44.7,22.3,33.0,44.7
z_37.5_-27.0,2026,1,2026-T1,Diminution,48.3,15.2,48.3,36.5
z_37.5_-27.0,2026,2,2026-T2,Diminution,52.9,10.0,52.9,37.1
z_37.5_-27.0,2026,3,2026-T3,Diminution,43.0,17.4,43.0,39.5
z_37.5_-27.0,2026,4,2026-T4,Diminution,54.0,10.9,54.0,35.1
z_37.5_-27.0,2027,1,2027-T1,Diminution,76.8,1.7,76.8,21.5
z_37.5_-27.0,2027,2,2027-T2,Diminution,67.6,6.3,67.6,26.0
z_37.5_-27.0,2027,3,2027-T3,Diminution,52.0,10.3,52.0,37.7
z_37.5_-27.0,2027,4,2027-T4,Diminution,48.6,17.4,48.6,34.0
z_37.5_-27.0,2028,1,2028-T1,Diminution,76.3,3.7,76.3,20.0
z_37.5_-27.0,2028,2,2028-T2,Diminution,67.6,6.3,67.6,26.0
z_37.5_-27.0,2028,3,2028-T3,Diminution,47.5,9.2,47.5,43.3
z_37.5_-27.0,2028,4,2028-T4,Diminution,46.6,9.8,46.6,43.6
z_37.5_-27.0,2029,1,2029-T1,Diminution,74.9,5.6,74.9,19.4
z_37.5_-27.0,2029,2,2029-T2,Diminution,67.6,6.3,67.6,26.0
z_37.5_-27.0,2029,3,2029-T3,Diminution,57.5,11.6,57.5,30.9
z_37.5_-27.0,2029,4,2029-T4,Diminution,56.9,13.3,56.9,29.7
z_37.5_-27.0,2030,1,2030-T1,Diminution,73.7,3.9,73.7,22.5
z_37.5_-27.0,2030,2,2030-T2,Diminution,67.6,6.3,67.6,26.0
z_37.5_-27.0,2030,3,2030-T3,Diminution,51.0,20.5,51.0,28.5
z_37.5_-27.0,2030,4,2030-T4,Diminution,52.9,20.5,52.9,26.6
z_37.5_-28.5,2023,1,2023-T1,Diminution,71.4,7.6,71.4,21.0
z_37.5_-28.5,2023,2,2023-T2,Diminution,52.5,23.4,52.5,24.0
z_37.5_-28.5,2023,3,2023-T3,Diminution,85.9,2.6,85.9,11.5
z_37.5_-28.5,2023,4,2023-T4,Diminution,62.1,13.1,62.1,24.8
z_37.5_-28.5,2024,1,2024-T1,Diminution,62.7,7.8,62.7,29.5
z_37.5_-28.5,2024,2,2024-T2,Diminution,60.8,13.7,60.8,25.6
z_37.5_-28.5,2024,3,2024-T3,Diminution,58.6,5.7,58.6,35.7
z_37.5_-28.5,2024,4,2024-T4,Diminution,59.6,10.8,59.6,29.6
z_37.5_-28.5,2025,1,2025-T1,Diminution,55.7,8.5,55.7,35.8
z_37.5_-28.5,2025,2,2025-T2,Diminution,46.7,11.0,46.7,42.3
z_37.5_-28.5,2025,3,2025-T3,Diminution,80.5,3.6,80.5,15.9
z_37.5_-28.5,2025,4,2025-T4,Diminution,51.0,11.2,51.0,37.8
z_37.5_-28.5,2026,1,2026-T1,Diminution,62.7,7.8,62.7,29.5
z_37.5_-28.5,2026,2,2026-T2,Diminution,56.5,15.0,56.5,28.5
z_37.5_-28.5,2026,3,2026-T3,Diminution,58.6,8.4,58.6,33.0
z_37.5_-28.5,2026,4,2026-T4,Diminution,58.5,13.1,58.5,28.4
z_37.5_-28.5,2027,1,2027-T1,Diminution,71.4,7.6,71.4,21.0
z_37.5_-28.5,2027,2,2027-T2,Diminution,51.7,9.0,51.7,39.3
z_37.5_-28.5,2027,3,2027-T3,Diminution,82.2,3.1,82.2,14.7
z_37.5_-28.5,2027,4,2027-T4,Diminution,54.3,9.6,54.3,36.0
z_37.5_-28.5,2028,1,2028-T1,Diminution,71.4,7.6,71.4,21.0
z_37.5_-28.5,2028,2,2028-T2,Diminution,61.2,12.8,61.2,26.0
z_37.5_-28.5,2028,3,2028-T3,Diminution,60.2,9.3,60.2,30.6
z_37.5_-28.5,2028,4,2028-T4,Diminution,62.9,13.9,62.9,23.2
z_37.5_-28.5,2029,1,2029-T1,Diminution,71.4,7.6,71.4,21.0
z_37.5_-28.5,2029,2,2029-T2,Diminution,52.5,23.4,52.5,24.0
z_37.5_-28.5,2029,3,2029-T3,Diminution,85.8,2.5,85.8,11.7
z_37.5_-28.5,2029,4,2029-T4,Diminution,54.1,23.8,54.1,22.2
z_37.5_-28.5,2030,1,2030-T1,Diminution,71.4,7.6,71.4,21.0
z_37.5_-28.5,2030,2,2030-T2,Diminution,63.4,12.2,63.4,24.4
z_37.5_-28.5,2030,3,2030-T3,Diminution,66.6,8.0,66.6,25.4
z_37.5_-28.5,2030,4,2030-T4,Diminution,65.6,12.1,65.6,22.4
z_37.5_-30.0,2023,1,2023-T1,Diminution,65.6,4.2,65.6,30.2
z_37.5_-30.0,2023,2,2023-T2,Diminution,70.1,3.6,70.1,26.2
z_37.5_-30.0,2023,3,2023-T3,Diminution,72.9,3.8,72.9,23.3
z_37.5_-30.0,2023,4,2023-T4,Diminution,73.1,4.2,73.1,22.7
z_37.5_-30.0,2024,1,2024-T1,Diminution,72.4,4.1,72.4,23.5
z_37.5_-30.0,2024,2,2024-T2,Diminution,70.1,3.6,70.1,26.2
z_37.5_-30.0,2024,3,2024-T3,Diminution,72.9,3.8,72.9,23.3
z_37.5_-30.0,2024,4,2024-T4,Diminution,73.1,4.2,73.1,22.7
z_37.5_-30.0,2025,1,2025-T1,Diminution,72.4,4.1,72.4,23.5
z_37.5_-30.0,2025,2,2025-T2,Diminution,70.1,3.6,70.1,26.2
z_37.5_-30.0,2025,3,2025-T3,Diminution,61.0,3.9,61.0,35.1
z_37.5_-30.0,2025,4,2025-T4,Diminution,65.3,4.4,65.3,30.3
z_37.5_-30.0,2026,1,2026-T1,Diminution,73.6,4.2,73.6,22.2
z_37.5_-30.0,2026,2,2026-T2,Diminution,64.4,5.3,64.4,30.3
z_37.5_-30.0,2026,3,2026-T3,Diminution,72.9,3.8,72.9,23.3
z_37.5_-30.0,2026,4,2026-T4,Diminution,73.1,4.2,73.1,22.7
z_37.5_-30.0,2027,1,2027-T1,Diminution,72.4,4.1,72.4,23.5
z_37.5_-30.0,2027,2,2027-T2,Diminution,68.5,4.4,68.5,27.1
z_37.5_-30.0,2027,3,2027-T3,Diminution,72.9,3.8,72.9,23.3
z_37.5_-30.0,2027,4,2027-T4,Diminution,73.1,4.2,73.1,22.7
z_37.5_-30.0,2028,1,2028-T1,Diminution,72.4,4.1,72.4,23.5
z_37.5_-30.0,2028,2,2028-T2,Diminution,65.9,4.2,65.9,29.9
z_37.5_-30.0,2028,3,2028-T3,Diminution,72.9,3.8,72.9,23.3
z_37.5_-30.0,2028,4,2028-T4,Diminution,73.1,4.2,73.1,22.7
z_37.5_-30.0,2029,1,2029-T1,Diminution,72.4,4.1,72.4,23.5
z_37.5_-30.0,2029,2,2029-T2,Diminution,69.1,5.5,69.1,25.4
z_37.5_-30.0,2029,3,2029-T3,Diminution,72.9,3.8,72.9,23.3
z_37.5_-30.0,2029,4,2029-T4,Diminution,73.1,4.2,73.1,22.7
z_37.5_-30.0,2030,1,2030-T1,Diminution,72.4,4.1,72.4,23.5
z_37.5_-30.0,2030,2,2030-T2,Diminution,63.2,4.0,63.2,32.8
z_37.5_-30.0,2030,3,2030-T3,Diminution,72.9,3.8,72.9,23.3
z_37.5_-30.0,2030,4,2030-T4,Diminution,73.1,4.2,73.1,22.7
z_37.5_-9.0,2023,1,2023-T1,Augmentation,47.9,47.9,21.0,31.1
z_37.5_-9.0,2023,2,2023-T2,Stable,36.5,35.5,27.9,36.5
z_37.5_-9.0,2023,3,2023-T3,Stable,58.2,27.8,14.0,58.2
z_37.5_-9.0,2023,4,2023-T4,Augmentation,40.8,40.8,20.4,38.8
z_37.5_-9.0,2024,1,2024-T1,Augmentation,48.6,48.6,17.7,33.7
z_37.5_-9.0,2024,2,2024-T2,Augmentation,56.0,56.0,17.4,26.6
z_37.5_-9.0,2024,3,2024-T3,Augmentation,50.0,50.0,11.9,38.1
z_37.5_-9.0,2024,4,2024-T4,Augmentation,44.1,44.1,15.2,40.7
z_37.5_-9.0,2025,1,2025-T1,Augmentation,40.1,40.1,24.1,35.8
z_37.5_-9.0,2025,2,2025-T2,Stable,41.1,25.3,33.5,41.1
z_37.5_-9.0,2025,3,2025-T3,Stable,49.4,35.6,15.0,49.4
z_37.5_-9.0,2025,4,2025-T4,Augmentation,44.2,44.2,24.0,31.9
z_37.5_-9.0,2026,1,2026-T1,Augmentation,39.4,39.4,27.5,33.0
z_37.5_-9.0,2026,2,2026-T2,Stable,39.6,30.7,29.7,39.6
z_37.5_-9.0,2026,3,2026-T3,Augmentation,44.1,44.1,14.1,41.8
z_37.5_-9.0,2026,4,2026-T4,Augmentation,39.9,39.9,26.2,33.8
z_37.5_-9.0,2027,1,2027-T1,Augmentation,36.2,36.2,28.0,35.9
z_37.5_-9.0,2027,2,2027-T2,Augmentation,39.1,39.1,26.1,34.8
z_37.5_-9.0,2027,3,2027-T3,Augmentation,51.3,51.3,11.9,36.8
z_37.5_-9.0,2027,4,2027-T4,Augmentation,44.1,44.1,20.4,35.5
z_37.5_-9.0,2028,1,2028-T1,Augmentation,43.6,43.6,23.6,32.8
z_37.5_-9.0,2028,2,2028-T2,Augmentation,38.3,38.3,25.2,36.4
z_37.5_-9.0,2028,3,2028-T3,Augmentation,49.0,49.0,12.3,38.8
z_37.5_-9.0,2028,4,2028-T4,Augmentation,41.0,41.0,19.9,39.1
z_37.5_-9.0,2029,1,2029-T1,Augmentation,39.2,39.2,25.3,35.5
z_37.5_-9.0,2029,2,2029-T2,Augmentation,38.5,38.5,25.5,36.0
z_37.5_-9.0,2029,3,2029-T3,Augmentation,48.5,48.5,12.4,39.1
z_37.5_-9.0,2029,4,2029-T4,Augmentation,42.8,42.8,19.8,37.4
z_37.5_-9.0,2030,1,2030-T1,Augmentation,43.5,43.5,23.7,32.8
z_37.5_-9.0,2030,2,2030-T2,Augmentation,38.9,38.9,26.0,35.1
z_37.5_-9.0,2030,3,2030-T3,Augmentation,47.2,47.2,12.2,40.6
z_37.5_-9.0,2030,4,2030-T4,Augmentation,46.2,46.2,19.2,34.6
z_37.5_0.0,2023,1,2023-T1,Stable,39.1,31.1,29.7,39.1
z_37.5_0.0,2023,2,2023-T2,Stable,38.1,26.3,35.6,38.1
z_37.5_0.0,2023,3,2023-T3,Stable,43.3,27.3,29.4,43.3
z_37.5_0.0,2023,4,2023-T4,Stable,37.1,36.5,26.4,37.1
z_37.5_0.0,2024,1,2024-T1,Stable,39.0,34.4,26.7,39.0
z_37.5_0.0,2024,2,2024-T2,Stable,45.8,24.1,30.1,45.8
z_37.5_0.0,2024,3,2024-T3,Diminution,36.8,27.5,36.8,35.7
z_37.5_0.0,2024,4,2024-T4,Stable,39.9,31.7,28.5,39.9
z_37.5_0.0,2025,1,2025-T1,Stable,36.8,33.0,30.3,36.8
z_37.5_0.0,2025,2,2025-T2,Diminution,48.8,18.7,48.8,32.5
z_37.5_0.0,2025,3,2025-T3,Diminution,56.3,15.4,56.3,28.2
z_37.5_0.0,2025,4,2025-T4,Diminution,52.5,18.5,52.5,29.0
z_37.5_0.0,2026,1,2026-T1,Diminution,53.0,17.5,53.0,29.5
z_37.5_0.0,2026,2,2026-T2,Diminution,55.8,16.9,55.8,27.3
z_37.5_0.0,2026,3,2026-T3,Diminution,45.9,21.0,45.9,33.1
z_37.5_0.0,2026,4,2026-T4,Diminution,50.2,20.3,50.2,29.6
z_37.5_0.0,2027,1,2027-T1,Stable,38.9,22.6,38.4,38.9
z_37.5_0.0,2027,2,2027-T2,Stable,41.6,19.4,38.9,41.6
z_37.5_0.0,2027,3,2027-T3,Diminution,40.1,22.0,40.1,37.9
z_37.5_0.0,2027,4,2027-T4,Diminution,40.5,23.0,40.5,36.5
z_37.5_0.0,2028,1,2028-T1,Diminution,42.4,20.1,42.4,37.4
z_37.5_0.0,2028,2,2028-T2,Diminution,41.1,20.7,41.1,38.1
z_37.5_0.0,2028,3,2028-T3,Diminution,42.2,21.3,42.2,36.6
z_37.5_0.0,2028,4,2028-T4,Diminution,41.4,20.9,41.4,37.7
z_37.5_0.0,2029,1,2029-T1,Diminution,40.8,22.4,40.8,36.8
z_37.5_0.0,2029,2,2029-T2,Diminution,42.2,19.3,42.2,38.5
z_37.5_0.0,2029,3,2029-T3,Diminution,41.5,21.6,41.5,36.9
z_37.5_0.0,2029,4,2029-T4,Diminution,41.4,20.9,41.4,37.7
z_37.5_0.0,2030,1,2030-T1,Diminution,42.0,20.7,42.0,37.2
z_37.5_0.0,2030,2,2030-T2,Diminution,41.9,18.4,41.9,39.7
z_37.5_0.0,2030,3,2030-T3,Diminution,41.3,21.1,41.3,37.6
z_37.5_0.0,2030,4,2030-T4,Diminution,41.4,20.9,41.4,37.7
z_37.5_1.5,2023,1,2023-T1,Diminution,81.6,2.5,81.6,15.8
z_37.5_1.5,2023,2,2023-T2,Diminution,77.4,2.3,77.4,20.3
z_37.5_1.5,2023,3,2023-T3,Diminution,73.1,2.9,73.1,24.0
z_37.5_1.5,2023,4,2023-T4,Diminution,79.5,3.3,79.5,17.1
z_37.5_1.5,2024,1,2024-T1,Diminution,81.6,2.5,81.6,15.8
z_37.5_1.5,2024,2,2024-T2,Diminution,77.4,2.3,77.4,20.3
z_37.5_1.5,2024,3,2024-T3,Diminution,78.9,3.3,78.9,17.8
z_37.5_1.5,2024,4,2024-T4,Diminution,70.7,3.6,70.7,25.7
z_37.5_1.5,2025,1,2025-T1,Diminution,81.6,2.5,81.6,15.8
z_37.5_1.5,2025,2,2025-T2,Diminution,77.4,2.3,77.4,20.3
z_37.5_1.5,2025,3,2025-T3,Diminution,60.2,4.4,60.2,35.4
z_37.5_1.5,2025,4,2025-T4,Diminution,73.3,4.0,73.3,22.7
z_37.5_1.5,2026,1,2026-T1,Diminution,80.7,3.2,80.7,16.1
z_37.5_1.5,2026,2,2026-T2,Diminution,72.3,3.5,72.3,24.3
z_37.5_1.5,2026,3,2026-T3,Diminution,81.3,2.5,81.3,16.2
z_37.5_1.5,2026,4,2026-T4,Diminution,81.8,2.6,81.8,15.6
z_37.5_1.5,2027,1,2027-T1,Diminution,81.6,2.5,81.6,15.8
z_37.5_1.5,2027,2,2027-T2,Diminution,75.3,3.1,75.3,21.6
z_37.5_1.5,2027,3,2027-T3,Diminution,81.3,2.5,81.3,16.2
z_37.5_1.5,2027,4,2027-T4,Diminution,81.8,2.6,81.8,15.6
z_37.5_1.5,2028,1,2028-T1,Diminution,81.6,2.5,81.6,15.8
z_37.5_1.5,2028,2,2028-T2,Diminution,71.1,2.8,71.1,26.1
z_37.5_1.5,2028,3,2028-T3,Diminution,81.3,2.5,81.3,16.2
z_37.5_1.5,2028,4,2028-T4,Diminution,81.8,2.6,81.8,15.6
z_37.5_1.5,2029,1,2029-T1,Diminution,81.6,2.5,81.6,15.8
z_37.5_1.5,2029,2,2029-T2,Diminution,76.0,3.6,76.0,20.4
z_37.5_1.5,2029,3,2029-T3,Diminution,81.3,2.5,81.3,16.2
z_37.5_1.5,2029,4,2029-T4,Diminution,81.8,2.6,81.8,15.6
z_37.5_1.5,2030,1,2030-T1,Diminution,81.6,2.5,81.6,15.8
z_37.5_1.5,2030,2,2030-T2,Diminution,66.6,3.5,66.6,29.9
z_37.5_1.5,2030,3,2030-T3,Diminution,81.3,2.5,81.3,16.2
z_37.5_1.5,2030,4,2030-T4,Diminution,81.8,2.6,81.8,15.6
z_37.5_10.5,2023,1,2023-T1,Stable,47.2,13.3,39.5,47.2
z_37.5_10.5,2023,2,2023-T2,Stable,44.7,13.0,42.3,44.7
z_37.5_10.5,2023,3,2023-T3,Stable,53.1,15.1,31.8,53.1
z_37.5_10.5,2023,4,2023-T4,Diminution,47.5,13.9,47.5,38.6
z_37.5_10.5,2024,1,2024-T1,Diminution,52.0,9.3,52.0,38.8
z_37.5_10.5,2024,2,2024-T2,Diminution,72.4,4.2,72.4,23.5
z_37.5_10.5,2024,3,2024-T3,Diminution,43.6,12.9,43.6,43.5
z_37.5_10.5,2024,4,2024-T4,Diminution,56.7,6.8,56.7,36.5
z_37.5_10.5,2025,1,2025-T1,Diminution,53.9,6.4,53.9,39.7
z_37.5_10.5,2025,2,2025-T2,Diminution,51.3,4.6,51.3,44.0
z_37.5_10.5,2025,3,2025-T3,Stable,51.6,16.0,32.3,51.6
z_37.5_10.5,2025,4,2025-T4,Diminution,55.0,10.9,55.0,34.1
z_37.5_10.5,2026,1,2026-T1,Diminution,49.5,7.1,49.5,43.4
z_37.5_10.5,2026,2,2026-T2,Diminution,72.9,2.8,72.9,24.3
z_37.5_10.5,2026,3,2026-T3,Diminution,48.8,12.4,48.8,38.9
z_37.5_10.5,2026,4,2026-T4,Diminution,63.2,7.9,63.2,28.8
z_37.5_10.5,2027,1,2027-T1,Diminution,51.3,6.9,51.3,41.7
z_37.5_10.5,2027,2,2027-T2,Diminution,72.9,2.8,72.9,24.3
z_37.5_10.5,2027,3,2027-T3,Diminution,44.2,14.3,44.2,41.5
z_37.5_10.5,2027,4,2027-T4,Diminution,59.2,8.6,59.2,32.1
z_37.5_10.5,2028,1,2028-T1,Diminution,48.7,8.2,48.7,43.0
z_37.5_10.5,2028,2,2028-T2,Diminution,72.9,2.8,72.9,24.3
z_37.5_10.5,2028,3,2028-T3,Diminution,47.9,12.5,47.9,39.7
z_37.5_10.5,2028,4,2028-T4,Diminution,64.9,7.4,64.9,27.7
z_37.5_10.5,2029,1,2029-T1,Diminution,57.2,7.7,57.2,35.1
z_37.5_10.5,2029,2,2029-T2,Diminution,72.9,2.8,72.9,24.3
z_37.5_10.5,2029,3,2029-T3,Diminution,47.9,12.5,47.9,39.7
z_37.5_10.5,2029,4,2029-T4,Diminution,64.9,7.4,64.9,27.7
z_37.5_10.5,2030,1,2030-T1,Diminution,54.5,8.3,54.5,37.2
z_37.5_10.5,2030,2,2030-T2,Diminution,72.9,2.8,72.9,24.3
z_37.5_10.5,2030,3,2030-T3,Diminution,47.9,12.5,47.9,39.7
z_37.5_10.5,2030,4,2030-T4,Diminution,64.9,7.4,64.9,27.7
z_37.5_12.0,2023,1,2023-T1,Diminution,49.7,19.3,49.7,30.9
z_37.5_12.0,2023,2,2023-T2,Diminution,36.8,26.9,36.8,36.3
z_37.5_12.0,2023,3,2023-T3,Augmentation,39.8,39.8,24.6,35.6
z_37.5_12.0,2023,4,2023-T4,Augmentation,48.7,48.7,17.6,33.7
z_37.5_12.0,2024,1,2024-T1,Augmentation,43.7,43.7,17.5,38.8
z_37.5_12.0,2024,2,2024-T2,Stable,48.9,24.0,27.1,48.9
z_37.5_12.0,2024,3,2024-T3,Stable,41.6,23.9,34.4,41.6
z_37.5_12.0,2024,4,2024-T4,Stable,41.5,26.4,32.1,41.5
z_37.5_12.0,2025,1,2025-T1,Stable,40.4,29.0,30.6,40.4
z_37.5_12.0,2025,2,2025-T2,Stable,38.8,35.9,25.4,38.8
z_37.5_12.0,2025,3,2025-T3,Stable,40.3,37.0,22.7,40.3
z_37.5_12.0,2025,4,2025-T4,Stable,45.7,29.8,24.5,45.7
z_37.5_12.0,2026,1,2026-T1,Stable,40.7,36.2,23.1,40.7
z_37.5_12.0,2026,2,2026-T2,Stable,43.9,31.4,24.7,43.9
z_37.5_12.0,2026,3,2026-T3,Stable,45.7,25.9,28.3,45.7
z_37.5_12.0,2026,4,2026-T4,Stable,47.1,25.1,27.8,47.1
z_37.5_12.0,2027,1,2027-T1,Stable,41.0,30.2,28.8,41.0
z_37.5_12.0,2027,2,2027-T2,Stable,48.7,23.8,27.5,48.7
z_37.5_12.0,2027,3,2027-T3,Stable,42.2,31.2,26.6,42.2
z_37.5_12.0,2027,4,2027-T4,Stable,44.1,26.4,29.5,44.1
z_37.5_12.0,2028,1,2028-T1,Stable,42.5,27.6,29.9,42.5
z_37.5_12.0,2028,2,2028-T2,Stable,47.6,23.8,28.6,47.6
z_37.5_12.0,2028,3,2028-T3,Stable,42.5,26.6,30.9,42.5
z_37.5_12.0,2028,4,2028-T4,Stable,44.1,24.8,31.1,44.1
z_37.5_12.0,2029,1,2029-T1,Stable,44.6,27.7,27.7,44.6
z_37.5_12.0,2029,2,2029-T2,Stable,47.2,21.9,30.9,47.2
z_37.5_12.0,2029,3,2029-T3,Stable,44.2,29.0,26.9,44.2
z_37.5_12.0,2029,4,2029-T4,Stable,44.4,28.8,26.8,44.4
z_37.5_12.0,2030,1,2030-T1,Stable,46.5,26.0,27.5,46.5
z_37.5_12.0,2030,2,2030-T2,Stable,46.9,22.2,30.9,46.9
z_37.5_12.0,2030,3,2030-T3,Stable,44.2,26.6,29.1,44.2
z_37.5_12.0,2030,4,2030-T4,Stable,46.0,25.5,28.4,46.0
z_37.5_13.5,2023,1,2023-T1,Stable,45.7,18.9,35.4,45.7
z_37.5_13.5,2023,2,2023-T2,Diminution,46.3,11.5,46.3,42.1
z_37.5_13.5,2023,3,2023-T3,Stable,51.0,15.8,33.2,51.0
z_37.5_13.5,2023,4,2023-T4,Stable,42.4,22.4,35.2,42.4
z_37.5_13.5,2024,1,2024-T1,Stable,45.6,26.0,28.4,45.6
z_37.5_13.5,2024,2,2024-T2,Stable,48.5,25.5,25.9,48.5
z_37.5_13.5,2024,3,2024-T3,Stable,51.2,30.0,18.8,51.2
z_37.5_13.5,2024,4,2024-T4,Stable,52.8,30.3,16.9,52.8
z_37.5_13.5,2025,1,2025-T1,Stable,55.3,29.0,15.7,55.3
z_37.5_13.5,2025,2,2025-T2,Stable,54.5,26.6,18.9,54.5
z_37.5_13.5,2025,3,2025-T3,Stable,55.6,28.0,16.4,55.6
z_37.5_13.5,2025,4,2025-T4,Stable,51.3,31.6,17.2,51.3
z_37.5_13.5,2026,1,2026-T1,Stable,56.9,26.5,16.6,56.9
z_37.5_13.5,2026,2,2026-T2,Stable,49.9,31.1,19.0,49.9
z_37.5_13.5,2026,3,2026-T3,Stable,52.6,29.4,17.9,52.6
z_37.5_13.5,2026,4,2026-T4,Stable,53.7,29.7,16.6,53.7
z_37.5_13.5,2027,1,2027-T1,Stable,56.6,27.0,16.4,56.6
z_37.5_13.5,2027,2,2027-T2,Stable,54.1,27.7,18.2,54.1
z_37.5_13.5,2027,3,2027-T3,Stable,54.2,29.4,16.4,54.2
z_37.5_13.5,2027,4,2027-T4,Stable,54.1,28.2,17.7,54.1
z_37.5_13.5,2028,1,2028-T1,Stable,55.6,28.1,16.3,55.6
z_37.5_13.5,2028,2,2028-T2,Stable,54.9,27.6,17.6,54.9
z_37.5_13.5,2028,3,2028-T3,Stable,54.3,29.3,16.4,54.3
z_37.5_13.5,2028,4,2028-T4,Stable,51.8,30.7,17.5,51.8
z_37.5_13.5,2029,1,2029-T1,Stable,55.6,28.1,16.3,55.6
z_37.5_13.5,2029,2,2029-T2,Stable,53.6,28.6,17.7,53.6
z_37.5_13.5,2029,3,2029-T3,Stable,54.2,29.4,16.4,54.2
z_37.5_13.5,2029,4,2029-T4,Stable,52.1,30.9,17.0,52.1
z_37.5_13.5,2030,1,2030-T1,Stable,55.6,28.1,16.3,55.6
z_37.5_13.5,2030,2,2030-T2,Stable,54.7,27.7,17.5,54.7
z_37.5_13.5,2030,3,2030-T3,Stable,54.2,29.4,16.4,54.2
z_37.5_13.5,2030,4,2030-T4,Stable,54.3,28.8,16.9,54.3
z_37.5_15.0,2023,1,2023-T1,Diminution,43.9,24.3,43.9,31.7
z_37.5_15.0,2023,2,2023-T2,Stable,40.7,29.4,29.9,40.7
z_37.5_15.0,2023,3,2023-T3,Augmentation,40.5,40.5,25.2,34.2
z_37.5_15.0,2023,4,2023-T4,Augmentation,43.4,43.4,14.1,42.4
z_37.5_15.0,2024,1,2024-T1,Stable,40.0,36.3,23.8,40.0
z_37.5_15.0,2024,2,2024-T2,Augmentation,43.2,43.2,16.7,40.1
z_37.5_15.0,2024,3,2024-T3,Augmentation,49.7,49.7,18.8,31.5
z_37.5_15.0,2024,4,2024-T4,Augmentation,54.2,54.2,10.5,35.3
z_37.5_15.0,2025,1,2025-T1,Augmentation,53.9,53.9,15.5,30.6
z_37.5_15.0,2025,2,2025-T2,Augmentation,65.2,65.2,12.6,22.1
z_37.5_15.0,2025,3,2025-T3,Augmentation,48.1,48.1,18.5,33.4
z_37.5_15.0,2025,4,2025-T4,Augmentation,62.0,62.0,9.0,29.1
z_37.5_15.0,2026,1,2026-T1,Augmentation,59.2,59.2,17.1,23.7
z_37.5_15.0,2026,2,2026-T2,Augmentation,52.8,52.8,13.2,34.0
z_37.5_15.0,2026,3,2026-T3,Augmentation,45.0,45.0,21.7,33.3
z_37.5_15.0,2026,4,2026-T4,Augmentation,54.8,54.8,12.0,33.2
z_37.5_15.0,2027,1,2027-T1,Augmentation,55.5,55.5,17.4,27.1
z_37.5_15.0,2027,2,2027-T2,Augmentation,58.3,58.3,14.5,27.2
z_37.5_15.0,2027,3,2027-T3,Augmentation,49.8,49.8,20.2,30.0
z_37.5_15.0,2027,4,2027-T4,Augmentation,55.0,55.0,11.8,33.2
z_37.5_15.0,2028,1,2028-T1,Augmentation,54.4,54.4,17.3,28.3
z_37.5_15.0,2028,2,2028-T2,Augmentation,57.9,57.9,13.9,28.2
z_37.5_15.0,2028,3,2028-T3,Augmentation,52.9,52.9,17.7,29.4
z_37.5_15.0,2028,4,2028-T4,Augmentation,55.7,55.7,10.9,33.4
z_37.5_15.0,2029,1,2029-T1,Augmentation,55.3,55.3,17.6,27.0
z_37.5_15.0,2029,2,2029-T2,Augmentation,62.8,62.8,13.7,23.5
z_37.5_15.0,2029,3,2029-T3,Augmentation,54.5,54.5,16.4,29.1
z_37.5_15.0,2029,4,2029-T4,Augmentation,59.6,59.6,10.7,29.7
z_37.5_15.0,2030,1,2030-T1,Augmentation,58.4,58.4,16.7,24.9
z_37.5_15.0,2030,2,2030-T2,Augmentation,63.0,63.0,13.3,23.7
z_37.5_15.0,2030,3,2030-T3,Augmentation,56.5,56.5,16.2,27.3
z_37.5_15.0,2030,4,2030-T4,Augmentation,60.2,60.2,10.6,29.3
z_37.5_16.5,2023,1,2023-T1,Diminution,83.0,2.3,83.0,14.7
z_37.5_16.5,2023,2,2023-T2,Diminution,64.8,9.2,64.8,26.0
z_37.5_16.5,2023,3,2023-T3,Diminution,63.4,4.0,63.4,32.6
z_37.5_16.5,2023,4,2023-T4,Diminution,64.4,8.3,64.4,27.2
z_37.5_16.5,2024,1,2024-T1,Diminution,69.7,5.9,69.7,24.5
z_37.5_16.5,2024,2,2024-T2,Diminution,73.6,6.4,73.6,19.9
z_37.5_16.5,2024,3,2024-T3,Diminution,73.3,3.9,73.3,22.8
z_37.5_16.5,2024,4,2024-T4,Diminution,63.4,7.3,63.4,29.3
z_37.5_16.5,2025,1,2025-T1,Diminution,82.7,2.7,82.7,14.6
z_37.5_16.5,2025,2,2025-T2,Diminution,76.9,7.2,76.9,15.9
z_37.5_16.5,2025,3,2025-T3,Diminution,73.3,3.9,73.3,22.8
z_37.5_16.5,2025,4,2025-T4,Diminution,55.1,9.0,55.1,36.0
z_37.5_16.5,2026,1,2026-T1,Diminution,62.3,10.9,62.3,26.8
z_37.5_16.5,2026,2,2026-T2,Diminution,46.4,23.4,46.4,30.2
z_37.5_16.5,2026,3,2026-T3,Diminution,61.9,9.1,61.9,29.0
z_37.5_16.5,2026,4,2026-T4,Diminution,55.7,7.6,55.7,36.7
z_37.5_16.5,2027,1,2027-T1,Diminution,86.5,2.5,86.5,11.0
z_37.5_16.5,2027,2,2027-T2,Diminution,77.0,8.9,77.0,14.1
z_37.5_16.5,2027,3,2027-T3,Diminution,69.4,4.7,69.4,25.9
z_37.5_16.5,2027,4,2027-T4,Diminution,54.8,7.3,54.8,37.9
z_37.5_16.5,2028,1,2028-T1,Diminution,77.1,2.9,77.1,19.9
z_37.5_16.5,2028,2,2028-T2,Diminution,77.0,8.9,77.0,14.1
z_37.5_16.5,2028,3,2028-T3,Diminution,69.0,3.8,69.0,27.2
z_37.5_16.5,2028,4,2028-T4,Diminution,52.1,6.6,52.1,41.4
z_37.5_16.5,2029,1,2029-T1,Diminution,86.9,2.4,86.9,10.7
z_37.5_16.5,2029,2,2029-T2,Diminution,77.0,8.9,77.0,14.1
z_37.5_16.5,2029,3,2029-T3,Diminution,71.7,4.7,71.7,23.7
z_37.5_16.5,2029,4,2029-T4,Diminution,57.9,8.0,57.9,34.1
z_37.5_16.5,2030,1,2030-T1,Diminution,86.9,2.4,86.9,10.7
z_37.5_16.5,2030,2,2030-T2,Diminution,77.0,8.9,77.0,14.1
z_37.5_16.5,2030,3,2030-T3,Diminution,62.2,4.6,62.2,33.2
z_37.5_16.5,2030,4,2030-T4,Diminution,51.7,9.5,51.7,38.7
z_37.5_19.5,2023,1,2023-T1,Augmentation,48.0,48.0,13.7,38.3
z_37.5_19.5,2023,2,2023-T2,Augmentation,41.4,41.4,22.1,36.5
z_37.5_19.5,2023,3,2023-T3,Augmentation,36.0,36.0,30.6,33.4
z_37.5_19.5,2023,4,2023-T4,Augmentation,50.4,50.4,14.4,35.2
z_37.5_19.5,2024,1,2024-T1,Augmentation,47.2,47.2,13.3,39.5
z_37.5_19.5,2024,2,2024-T2,Stable,43.1,34.8,22.1,43.1
z_37.5_19.5,2024,3,2024-T3,Stable,35.4,33.3,31.3,35.4
z_37.5_19.5,2024,4,2024-T4,Augmentation,41.9,41.9,17.4,40.7
z_37.5_19.5,2025,1,2025-T1,Augmentation,62.7,62.7,10.5,26.8
z_37.5_19.5,2025,2,2025-T2,Augmentation,58.6,58.6,14.2,27.2
z_37.5_19.5,2025,3,2025-T3,Augmentation,51.1,51.1,17.7,31.3
z_37.5_19.5,2025,4,2025-T4,Augmentation,54.5,54.5,15.2,30.3
z_37.5_19.5,2026,1,2026-T1,Augmentation,55.8,55.8,13.0,31.1
z_37.5_19.5,2026,2,2026-T2,Augmentation,43.9,43.9,14.7,41.4
z_37.5_19.5,2026,3,2026-T3,Augmentation,43.0,43.0,26.2,30.8
z_37.5_19.5,2026,4,2026-T4,Augmentation,53.8,53.8,16.6,29.6
z_37.5_19.5,2027,1,2027-T1,Augmentation,53.6,53.6,11.5,34.9
z_37.5_19.5,2027,2,2027-T2,Augmentation,60.3,60.3,14.1,25.6
z_37.5_19.5,2027,3,2027-T3,Augmentation,47.9,47.9,24.6,27.5
z_37.5_19.5,2027,4,2027-T4,Augmentation,50.1,50.1,17.3,32.6
z_37.5_19.5,2028,1,2028-T1,Augmentation,52.7,52.7,12.1,35.2
z_37.5_19.5,2028,2,2028-T2,Augmentation,59.0,59.0,14.1,26.8
z_37.5_19.5,2028,3,2028-T3,Augmentation,47.2,47.2,25.1,27.7
z_37.5_19.5,2028,4,2028-T4,Augmentation,53.8,53.8,15.6,30.6
z_37.5_19.5,2029,1,2029-T1,Augmentation,55.2,55.2,11.4,33.4
z_37.5_19.5,2029,2,2029-T2,Augmentation,59.6,59.6,13.5,26.9
z_37.5_19.5,2029,3,2029-T3,Augmentation,49.3,49.3,23.2,27.6
z_37.5_19.5,2029,4,2029-T4,Augmentation,51.0,51.0,17.5,31.6
z_37.5_19.5,2030,1,2030-T1,Augmentation,57.3,57.3,11.1,31.6
z_37.5_19.5,2030,2,2030-T2,Augmentation,60.0,60.0,13.8,26.1
z_37.5_19.5,2030,3,2030-T3,Augmentation,49.3,49.3,23.6,27.1
z_37.5_19.5,2030,4,2030-T4,Augmentation,54.1,54.1,15.8,30.0
z_37.5_21.0,2023,1,2023-T1,Augmentation,48.6,48.6,21.2,30.2
z_37.5_21.0,2023,2,2023-T2,Augmentation,59.6,59.6,17.6,22.8
z_37.5_21.0,2023,3,2023-T3,Augmentation,61.2,61.2,17.0,21.8
z_37.5_21.0,2023,4,2023-T4,Augmentation,66.5,66.5,12.7,20.8
z_37.5_21.0,2024,1,2024-T1,Augmentation,67.5,67.5,14.3,18.2
z_37.5_21.0,2024,2,2024-T2,Augmentation,69.1,69.1,10.6,20.2
z_37.5_21.0,2024,3,2024-T3,Augmentation,60.9,60.9,17.9,21.2
z_37.5_21.0,2024,4,2024-T4,Augmentation,43.5,43.5,13.9,42.6
z_37.5_21.0,2025,1,2025-T1,Augmentation,57.0,57.0,17.5,25.5
z_37.5_21.0,2025,2,2025-T2,Augmentation,48.7,48.7,26.5,24.8
z_37.5_21.0,2025,3,2025-T3,Augmentation,50.4,50.4,16.3,33.3
z_37.5_21.0,2025,4,2025-T4,Augmentation,65.1,65.1,15.4,19.5
z_37.5_21.0,2026,1,2026-T1,Augmentation,59.2,59.2,21.3,19.5
z_37.5_21.0,2026,2,2026-T2,Augmentation,52.0,52.0,17.5,30.5
z_37.5_21.0,2026,3,2026-T3,Augmentation,59.6,59.6,15.9,24.5
z_37.5_21.0,2026,4,2026-T4,Augmentation,68.6,68.6,13.3,18.1
z_37.5_21.0,2027,1,2027-T1,Augmentation,66.4,66.4,13.2,20.4
z_37.5_21.0,2027,2,2027-T2,Augmentation,69.5,69.5,12.4,18.1
z_37.5_21.0,2027,3,2027-T3,Augmentation,63.7,63.7,13.5,22.8
z_37.5_21.0,2027,4,2027-T4,Augmentation,73.6,73.6,11.2,15.2
z_37.5_21.0,2028,1,2028-T1,Augmentation,68.6,68.6,12.5,19.0
z_37.5_21.0,2028,2,2028-T2,Augmentation,72.5,72.5,10.7,16.8
z_37.5_21.0,2028,3,2028-T3,Augmentation,65.4,65.4,14.0,20.6
z_37.5_21.0,2028,4,2028-T4,Augmentation,71.8,71.8,11.4,16.7
z_37.5_21.0,2029,1,2029-T1,Augmentation,69.0,69.0,11.8,19.1
z_37.5_21.0,2029,2,2029-T2,Augmentation,71.6,71.6,10.1,18.3
z_37.5_21.0,2029,3,2029-T3,Augmentation,67.8,67.8,12.6,19.6
z_37.5_21.0,2029,4,2029-T4,Augmentation,72.5,72.5,10.6,17.0
z_37.5_21.0,2030,1,2030-T1,Augmentation,68.5,68.5,11.9,19.6
z_37.5_21.0,2030,2,2030-T2,Augmentation,73.3,73.3,10.1,16.5
z_37.5_21.0,2030,3,2030-T3,Augmentation,67.6,67.6,12.6,19.9
z_37.5_21.0,2030,4,2030-T4,Augmentation,71.4,71.4,10.9,17.7
z_37.5_22.5,2023,1,2023-T1,Augmentation,81.7,81.7,12.6,5.6
z_37.5_22.5,2023,2,2023-T2,Augmentation,76.2,76.2,12.6,11.2
z_37.5_22.5,2023,3,2023-T3,Augmentation,75.6,75.6,13.8,10.6
z_37.5_22.5,2023,4,2023-T4,Augmentation,86.0,86.0,10.5,3.5
z_37.5_22.5,2024,1,2024-T1,Augmentation,80.2,80.2,11.4,8.4
z_37.5_22.5,2024,2,2024-T2,Augmentation,76.6,76.6,16.0,7.4
z_37.5_22.5,2024,3,2024-T3,Augmentation,87.7,87.7,7.8,4.4
z_37.5_22.5,2024,4,2024-T4,Augmentation,88.7,88.7,7.1,4.2
z_37.5_22.5,2025,1,2025-T1,Augmentation,91.8,91.8,4.7,3.5
z_37.5_22.5,2025,2,2025-T2,Augmentation,92.9,92.9,3.9,3.2
z_37.5_22.5,2025,3,2025-T3,Augmentation,86.1,86.1,9.7,4.2
z_37.5_22.5,2025,4,2025-T4,Augmentation,86.2,86.2,8.5,5.2
z_37.5_22.5,2026,1,2026-T1,Augmentation,71.1,71.1,19.6,9.3
z_37.5_22.5,2026,2,2026-T2,Augmentation,71.2,71.2,16.7,12.1
z_37.5_22.5,2026,3,2026-T3,Augmentation,78.7,78.7,13.3,8.1
z_37.5_22.5,2026,4,2026-T4,Augmentation,80.7,80.7,10.4,8.8
z_37.5_22.5,2027,1,2027-T1,Augmentation,88.8,88.8,7.1,4.1
z_37.5_22.5,2027,2,2027-T2,Augmentation,93.1,93.1,4.4,2.5
z_37.5_22.5,2027,3,2027-T3,Augmentation,87.3,87.3,6.2,6.5
z_37.5_22.5,2027,4,2027-T4,Augmentation,86.6,86.6,7.2,6.2
z_37.5_22.5,2028,1,2028-T1,Augmentation,88.1,88.1,6.7,5.2
z_37.5_22.5,2028,2,2028-T2,Augmentation,93.0,93.0,4.4,2.6
z_37.5_22.5,2028,3,2028-T3,Augmentation,89.2,89.2,7.6,3.2
z_37.5_22.5,2028,4,2028-T4,Augmentation,89.0,89.0,5.7,5.4
z_37.5_22.5,2029,1,2029-T1,Augmentation,91.4,91.4,4.9,3.7
z_37.5_22.5,2029,2,2029-T2,Augmentation,96.1,96.1,2.3,1.5
z_37.5_22.5,2029,3,2029-T3,Augmentation,96.0,96.0,2.6,1.5
z_37.5_22.5,2029,4,2029-T4,Augmentation,91.4,91.4,4.5,4.2
z_37.5_22.5,2030,1,2030-T1,Augmentation,93.0,93.0,4.1,2.8
z_37.5_22.5,2030,2,2030-T2,Augmentation,96.0,96.0,2.6,1.4
z_37.5_22.5,2030,3,2030-T3,Augmentation,95.5,95.5,2.8,1.7
z_37.5_22.5,2030,4,2030-T4,Augmentation,90.2,90.2,4.4,5.4
z_37.5_24.0,2023,1,2023-T1,Augmentation,41.2,41.2,28.7,30.1
z_37.5_24.0,2023,2,2023-T2,Augmentation,36.9,36.9,33.7,29.4
z_37.5_24.0,2023,3,2023-T3,Augmentation,61.5,61.5,18.2,20.3
z_37.5_24.0,2023,4,2023-T4,Augmentation,47.1,47.1,22.5,30.4
z_37.5_24.0,2024,1,2024-T1,Augmentation,58.0,58.0,15.2,26.8
z_37.5_24.0,2024,2,2024-T2,Augmentation,50.2,50.2,21.8,28.0
z_37.5_24.0,2024,3,2024-T3,Augmentation,43.8,43.8,27.7,28.5
z_37.5_24.0,2024,4,2024-T4,Augmentation,48.3,48.3,20.7,31.0
z_37.5_24.0,2025,1,2025-T1,Augmentation,49.7,49.7,17.4,32.9
z_37.5_24.0,2025,2,2025-T2,Augmentation,49.1,49.1,25.2,25.7
z_37.5_24.0,2025,3,2025-T3,Augmentation,55.0,55.0,15.9,29.2
z_37.5_24.0,2025,4,2025-T4,Augmentation,74.3,74.3,11.0,14.8
z_37.5_24.0,2026,1,2026-T1,Augmentation,57.0,57.0,17.3,25.7
z_37.5_24.0,2026,2,2026-T2,Augmentation,58.9,58.9,15.8,25.3
z_37.5_24.0,2026,3,2026-T3,Augmentation,48.6,48.6,21.0,30.4
z_37.5_24.0,2026,4,2026-T4,Augmentation,56.7,56.7,18.0,25.3
z_37.5_24.0,2027,1,2027-T1,Augmentation,54.0,54.0,15.3,30.7
z_37.5_24.0,2027,2,2027-T2,Augmentation,55.8,55.8,17.7,26.5
z_37.5_24.0,2027,3,2027-T3,Augmentation,51.2,51.2,16.9,31.9
z_37.5_24.0,2027,4,2027-T4,Augmentation,57.3,57.3,16.2,26.5
z_37.5_24.0,2028,1,2028-T1,Augmentation,54.7,54.7,15.0,30.3
z_37.5_24.0,2028,2,2028-T2,Augmentation,57.3,57.3,15.9,26.8
z_37.5_24.0,2028,3,2028-T3,Augmentation,59.9,59.9,16.6,23.5
z_37.5_24.0,2028,4,2028-T4,Augmentation,55.1,55.1,16.2,28.7
z_37.5_24.0,2029,1,2029-T1,Augmentation,55.4,55.4,14.2,30.5
z_37.5_24.0,2029,2,2029-T2,Augmentation,59.7,59.7,15.1,25.2
z_37.5_24.0,2029,3,2029-T3,Augmentation,58.5,58.5,16.8,24.7
z_37.5_24.0,2029,4,2029-T4,Augmentation,57.6,57.6,14.3,28.1
z_37.5_24.0,2030,1,2030-T1,Augmentation,55.6,55.6,14.1,30.3
z_37.5_24.0,2030,2,2030-T2,Augmentation,60.9,60.9,14.7,24.4
z_37.5_24.0,2030,3,2030-T3,Augmentation,58.7,58.7,16.4,24.9
z_37.5_24.0,2030,4,2030-T4,Augmentation,57.7,57.7,13.8,28.5
z_37.5_25.5,2023,1,2023-T1,Augmentation,54.4,54.4,20.1,25.5
z_37.5_25.5,2023,2,2023-T2,Stable,40.0,33.3,26.7,40.0
z_37.5_25.5,2023,3,2023-T3,Augmentation,40.0,40.0,26.1,33.8
z_37.5_25.5,2023,4,2023-T4,Augmentation,54.2,54.2,18.1,27.6
z_37.5_25.5,2024,1,2024-T1,Augmentation,64.0,64.0,13.2,22.8
z_37.5_25.5,2024,2,2024-T2,Augmentation,47.4,47.4,17.2,35.4
z_37.5_25.5,2024,3,2024-T3,Augmentation,38.4,38.4,30.2,31.4
z_37.5_25.5,2024,4,2024-T4,Diminution,34.4,31.9,34.4,33.8
z_37.5_25.5,2025,1,2025-T1,Stable,37.4,35.1,27.5,37.4
z_37.5_25.5,2025,2,2025-T2,Augmentation,38.3,38.3,23.8,38.0
z_37.5_25.5,2025,3,2025-T3,Augmentation,47.1,47.1,24.5,28.4
z_37.5_25.5,2025,4,2025-T4,Augmentation,39.5,39.5,22.6,37.9
z_37.5_25.5,2026,1,2026-T1,Stable,43.2,33.7,23.1,43.2
z_37.5_25.5,2026,2,2026-T2,Stable,40.5,31.3,28.2,40.5
z_37.5_25.5,2026,3,2026-T3,Stable,35.9,34.9,29.2,35.9
z_37.5_25.5,2026,4,2026-T4,Augmentation,37.4,37.4,25.3,37.3
z_37.5_25.5,2027,1,2027-T1,Augmentation,40.1,40.1,23.6,36.3
z_37.5_25.5,2027,2,2027-T2,Stable,43.4,33.8,22.9,43.4
z_37.5_25.5,2027,3,2027-T3,Augmentation,37.0,37.0,26.7,36.3
z_37.5_25.5,2027,4,2027-T4,Augmentation,38.9,38.9,22.4,38.8
z_37.5_25.5,2028,1,2028-T1,Augmentation,37.2,37.2,25.7,37.1
z_37.5_25.5,2028,2,2028-T2,Stable,44.7,30.6,24.7,44.7
z_37.5_25.5,2028,3,2028-T3,Stable,36.7,35.8,27.5,36.7
z_37.5_25.5,2028,4,2028-T4,Stable,38.2,38.0,23.8,38.2
z_37.5_25.5,2029,1,2029-T1,Augmentation,39.5,39.5,22.1,38.4
z_37.5_25.5,2029,2,2029-T2,Stable,44.4,30.0,25.6,44.4
z_37.5_25.5,2029,3,2029-T3,Augmentation,36.1,36.1,28.0,35.8
z_37.5_25.5,2029,4,2029-T4,Stable,39.0,36.7,24.3,39.0
z_37.5_25.5,2030,1,2030-T1,Stable,39.6,37.5,22.9,39.6
z_37.5_25.5,2030,2,2030-T2,Stable,44.5,30.0,25.5,44.5
z_37.5_25.5,2030,3,2030-T3,Stable,35.9,35.9,28.2,35.9
z_37.5_25.5,2030,4,2030-T4,Stable,39.0,36.7,24.3,39.0
z_37.5_27.0,2023,1,2023-T1,Diminution,57.0,6.8,57.0,36.2
z_37.5_27.0,2023,2,2023-T2,Diminution,53.3,10.2,53.3,36.5
z_37.5_27.0,2023,3,2023-T3,Stable,47.5,12.9,39.6,47.5
z_37.5_27.0,2023,4,2023-T4,Diminution,57.3,7.2,57.3,35.5
z_37.5_27.0,2024,1,2024-T1,Diminution,56.8,7.4,56.8,35.8
z_37.5_27.0,2024,2,2024-T2,Diminution,50.9,8.8,50.9,40.3
z_37.5_27.0,2024,3,2024-T3,Diminution,51.4,9.5,51.4,39.1
z_37.5_27.0,2024,4,2024-T4,Diminution,64.4,6.8,64.4,28.8
z_37.5_27.0,2025,1,2025-T1,Diminution,64.2,6.0,64.2,29.8
z_37.5_27.0,2025,2,2025-T2,Diminution,50.1,9.5,50.1,40.4
z_37.5_27.0,2025,3,2025-T3,Diminution,55.9,8.7,55.9,35.5
z_37.5_27.0,2025,4,2025-T4,Diminution,54.7,8.6,54.7,36.6
z_37.5_27.0,2026,1,2026-T1,Diminution,51.3,9.8,51.3,38.9
z_37.5_27.0,2026,2,2026-T2,Diminution,49.9,13.3,49.9,36.9
z_37.5_27.0,2026,3,2026-T3,Diminution,45.9,8.7,45.9,45.3
z_37.5_27.0,2026,4,2026-T4,Diminution,64.4,6.8,64.4,28.8
z_37.5_27.0,2027,1,2027-T1,Diminution,64.2,6.0,64.2,29.8
z_37.5_27.0,2027,2,2027-T2,Diminution,54.3,9.3,54.3,36.3
z_37.5_27.0,2027,3,2027-T3,Diminution,46.4,10.2,46.4,43.4
z_37.5_27.0,2027,4,2027-T4,Diminution,64.4,6.8,64.4,28.8
z_37.5_27.0,2028,1,2028-T1,Diminution,64.2,6.0,64.2,29.8
z_37.5_27.0,2028,2,2028-T2,Diminution,51.8,10.0,51.8,38.2
z_37.5_27.0,2028,3,2028-T3,Diminution,55.0,7.7,55.0,37.3
z_37.5_27.0,2028,4,2028-T4,Diminution,64.4,6.8,64.4,28.8
z_37.5_27.0,2029,1,2029-T1,Diminution,64.2,6.0,64.2,29.8
z_37.5_27.0,2029,2,2029-T2,Diminution,57.5,8.4,57.5,34.2
z_37.5_27.0,2029,3,2029-T3,Diminution,50.7,8.6,50.7,40.7
z_37.5_27.0,2029,4,2029-T4,Diminution,64.4,6.8,64.4,28.8
z_37.5_27.0,2030,1,2030-T1,Diminution,64.2,6.0,64.2,29.8
z_37.5_27.0,2030,2,2030-T2,Diminution,57.5,8.4,57.5,34.2
z_37.5_27.0,2030,3,2030-T3,Diminution,49.8,10.5,49.8,39.6
z_37.5_27.0,2030,4,2030-T4,Diminution,64.4,6.8,64.4,28.8
z_37.5_4.5,2023,1,2023-T1,Diminution,93.0,1.5,93.0,5.5
z_37.5_4.5,2023,2,2023-T2,Diminution,73.4,7.9,73.4,18.8
z_37.5_4.5,2023,3,2023-T3,Diminution,70.0,4.2,70.0,25.8
z_37.5_4.5,2023,4,2023-T4,Diminution,92.7,1.7,92.7,5.7
z_37.5_4.5,2024,1,2024-T1,Diminution,80.6,1.6,80.6,17.8
z_37.5_4.5,2024,2,2024-T2,Diminution,62.5,7.7,62.5,29.8
z_37.5_4.5,2024,3,2024-T3,Diminution,90.8,3.1,90.8,6.0
z_37.5_4.5,2024,4,2024-T4,Diminution,88.2,1.7,88.2,10.2
z_37.5_4.5,2025,1,2025-T1,Diminution,93.0,1.5,93.0,5.5
z_37.5_4.5,2025,2,2025-T2,Diminution,73.4,7.9,73.4,18.8
z_37.5_4.5,2025,3,2025-T3,Diminution,94.0,1.6,94.0,4.4
z_37.5_4.5,2025,4,2025-T4,Diminution,85.9,4.3,85.9,9.8
z_37.5_4.5,2026,1,2026-T1,Diminution,93.0,1.5,93.0,5.5
z_37.5_4.5,2026,2,2026-T2,Diminution,73.4,7.9,73.4,18.8
z_37.5_4.5,2026,3,2026-T3,Diminution,94.0,1.6,94.0,4.4
z_37.5_4.5,2026,4,2026-T4,Diminution,79.9,2.6,79.9,17.5
z_37.5_4.5,2027,1,2027-T1,Diminution,93.0,1.5,93.0,5.5
z_37.5_4.5,2027,2,2027-T2,Diminution,73.4,7.9,73.4,18.8
z_37.5_4.5,2027,3,2027-T3,Diminution,94.0,1.6,94.0,4.4
z_37.5_4.5,2027,4,2027-T4,Diminution,86.8,2.9,86.8,10.3
z_37.5_4.5,2028,1,2028-T1,Diminution,93.0,1.5,93.0,5.5
z_37.5_4.5,2028,2,2028-T2,Diminution,73.4,7.9,73.4,18.8
z_37.5_4.5,2028,3,2028-T3,Diminution,94.0,1.6,94.0,4.4
z_37.5_4.5,2028,4,2028-T4,Diminution,67.5,6.2,67.5,26.4
z_37.5_4.5,2029,1,2029-T1,Diminution,93.0,1.5,93.0,5.5
z_37.5_4.5,2029,2,2029-T2,Diminution,73.4,7.9,73.4,18.8
z_37.5_4.5,2029,3,2029-T3,Diminution,94.0,1.6,94.0,4.4
z_37.5_4.5,2029,4,2029-T4,Diminution,92.7,1.7,92.7,5.7
z_37.5_4.5,2030,1,2030-T1,Diminution,93.0,1.5,93.0,5.5
z_37.5_4.5,2030,2,2030-T2,Diminution,73.4,7.9,73.4,18.8
z_37.5_4.5,2030,3,2030-T3,Diminution,94.0,1.6,94.0,4.4
z_37.5_4.5,2030,4,2030-T4,Diminution,92.7,1.7,92.7,5.7
z_37.5_6.0,2023,1,2023-T1,Diminution,85.1,3.0,85.1,11.9
z_37.5_6.0,2023,2,2023-T2,Diminution,86.5,1.5,86.5,12.0
z_37.5_6.0,2023,3,2023-T3,Diminution,92.6,1.9,92.6,5.5
z_37.5_6.0,2023,4,2023-T4,Diminution,93.3,1.6,93.3,5.1
z_37.5_6.0,2024,1,2024-T1,Diminution,69.5,5.9,69.5,24.6
z_37.5_6.0,2024,2,2024-T2,Diminution,86.8,4.7,86.8,8.5
z_37.5_6.0,2024,3,2024-T3,Diminution,78.3,2.0,78.3,19.7
z_37.5_6.0,2024,4,2024-T4,Diminution,80.0,3.1,80.0,16.9
z_37.5_6.0,2025,1,2025-T1,Diminution,91.5,2.3,91.5,6.2
z_37.5_6.0,2025,2,2025-T2,Diminution,76.4,2.2,76.4,21.4
z_37.5_6.0,2025,3,2025-T3,Diminution,92.6,1.9,92.6,5.5
z_37.5_6.0,2025,4,2025-T4,Diminution,93.3,1.6,93.3,5.1
z_37.5_6.0,2026,1,2026-T1,Diminution,93.5,1.5,93.5,5.0
z_37.5_6.0,2026,2,2026-T2,Diminution,80.6,4.8,80.6,14.6
z_37.5_6.0,2026,3,2026-T3,Diminution,92.6,1.9,92.6,5.5
z_37.5_6.0,2026,4,2026-T4,Diminution,93.3,1.6,93.3,5.1
z_37.5_6.0,2027,1,2027-T1,Diminution,93.5,1.5,93.5,5.0
z_37.5_6.0,2027,2,2027-T2,Diminution,61.2,7.1,61.2,31.6
z_37.5_6.0,2027,3,2027-T3,Diminution,92.6,1.9,92.6,5.5
z_37.5_6.0,2027,4,2027-T4,Diminution,93.3,1.6,93.3,5.1
z_37.5_6.0,2028,1,2028-T1,Diminution,93.5,1.5,93.5,5.0
z_37.5_6.0,2028,2,2028-T2,Diminution,85.6,2.5,85.6,11.9
z_37.5_6.0,2028,3,2028-T3,Diminution,92.6,1.9,92.6,5.5
z_37.5_6.0,2028,4,2028-T4,Diminution,93.3,1.6,93.3,5.1
z_37.5_6.0,2029,1,2029-T1,Diminution,93.5,1.5,93.5,5.0
z_37.5_6.0,2029,2,2029-T2,Diminution,67.5,5.5,67.5,27.0
z_37.5_6.0,2029,3,2029-T3,Diminution,92.6,1.9,92.6,5.5
z_37.5_6.0,2029,4,2029-T4,Diminution,93.3,1.6,93.3,5.1
z_37.5_6.0,2030,1,2030-T1,Diminution,93.5,1.5,93.5,5.0
z_37.5_6.0,2030,2,2030-T2,Diminution,92.1,1.6,92.1,6.3
z_37.5_6.0,2030,3,2030-T3,Diminution,92.6,1.9,92.6,5.5
z_37.5_6.0,2030,4,2030-T4,Diminution,93.3,1.6,93.3,5.1
z_37.5_7.5,2023,1,2023-T1,Diminution,46.6,9.3,46.6,44.1
z_37.5_7.5,2023,2,2023-T2,Diminution,80.8,1.5,80.8,17.8
z_37.5_7.5,2023,3,2023-T3,Diminution,46.4,14.5,46.4,39.2
z_37.5_7.5,2023,4,2023-T4,Diminution,78.0,2.3,78.0,19.7
z_37.5_7.5,2024,1,2024-T1,Diminution,51.9,9.2,51.9,38.9
z_37.5_7.5,2024,2,2024-T2,Diminution,82.2,2.6,82.2,15.3
z_37.5_7.5,2024,3,2024-T3,Stable,47.1,9.0,43.8,47.1
z_37.5_7.5,2024,4,2024-T4,Diminution,85.2,2.9,85.2,11.9
z_37.5_7.5,2025,1,2025-T1,Diminution,49.0,21.2,49.0,29.8
z_37.5_7.5,2025,2,2025-T2,Diminution,66.0,3.8,66.0,30.1
z_37.5_7.5,2025,3,2025-T3,Diminution,48.5,12.0,48.5,39.4
z_37.5_7.5,2025,4,2025-T4,Diminution,57.4,9.7,57.4,32.9
z_37.5_7.5,2026,1,2026-T1,Diminution,51.2,15.2,51.2,33.6
z_37.5_7.5,2026,2,2026-T2,Diminution,79.9,3.5,79.9,16.6
z_37.5_7.5,2026,3,2026-T3,Diminution,46.4,15.0,46.4,38.6
z_37.5_7.5,2026,4,2026-T4,Diminution,82.7,2.5,82.7,14.7
z_37.5_7.5,2027,1,2027-T1,Diminution,62.1,9.4,62.1,28.6
z_37.5_7.5,2027,2,2027-T2,Diminution,70.9,5.3,70.9,23.8
z_37.5_7.5,2027,3,2027-T3,Diminution,50.8,9.4,50.8,39.8
z_37.5_7.5,2027,4,2027-T4,Diminution,78.0,2.3,78.0,19.7
z_37.5_7.5,2028,1,2028-T1,Diminution,62.1,9.4,62.1,28.6
z_37.5_7.5,2028,2,2028-T2,Diminution,85.9,1.4,85.9,12.7
z_37.5_7.5,2028,3,2028-T3,Diminution,47.4,8.3,47.4,44.3
z_37.5_7.5,2028,4,2028-T4,Diminution,85.2,2.9,85.2,11.9
z_37.5_7.5,2029,1,2029-T1,Diminution,62.1,9.4,62.1,28.6
z_37.5_7.5,2029,2,2029-T2,Diminution,85.9,1.4,85.9,12.7
z_37.5_7.5,2029,3,2029-T3,Diminution,56.2,11.2,56.2,32.5
z_37.5_7.5,2029,4,2029-T4,Diminution,73.0,5.5,73.0,21.5
z_37.5_7.5,2030,1,2030-T1,Diminution,62.1,9.4,62.1,28.6
z_37.5_7.5,2030,2,2030-T2,Diminution,85.9,1.4,85.9,12.7
z_37.5_7.5,2030,3,2030-T3,Diminution,50.5,17.5,50.5,32.0
z_37.5_7.5,2030,4,2030-T4,Diminution,88.6,1.6,88.6,9.8
z_37.5_9.0,2023,1,2023-T1,Diminution,43.9,13.8,43.9,42.3
z_37.5_9.0,2023,2,2023-T2,Stable,45.9,16.2,38.0,45.9
z_37.5_9.0,2023,3,2023-T3,Diminution,55.9,8.5,55.9,35.6
z_37.5_9.0,2023,4,2023-T4,Diminution,74.9,8.7,74.9,16.4
z_37.5_9.0,2024,1,2024-T1,Stable,42.0,19.0,39.0,42.0
z_37.5_9.0,2024,2,2024-T2,Stable,50.2,14.9,34.9,50.2
z_37.5_9.0,2024,3,2024-T3,Diminution,53.5,8.6,53.5,37.9
z_37.5_9.0,2024,4,2024-T4,Diminution,64.8,13.6,64.8,21.7
z_37.5_9.0,2025,1,2025-T1,Stable,45.7,19.4,34.9,45.7
z_37.5_9.0,2025,2,2025-T2,Stable,51.6,15.4,33.0,51.6
z_37.5_9.0,2025,3,2025-T3,Diminution,44.2,13.2,44.2,42.6
z_37.5_9.0,2025,4,2025-T4,Diminution,63.0,15.0,63.0,21.9
z_37.5_9.0,2026,1,2026-T1,Diminution,43.1,14.1,43.1,42.8
z_37.5_9.0,2026,2,2026-T2,Diminution,45.5,11.5,45.5,43.1
z_37.5_9.0,2026,3,2026-T3,Diminution,63.0,7.2,63.0,29.8
z_37.5_9.0,2026,4,2026-T4,Diminution,74.6,8.7,74.6,16.7
z_37.5_9.0,2027,1,2027-T1,Stable,44.3,15.0,40.7,44.3
z_37.5_9.0,2027,2,2027-T2,Stable,44.7,14.4,40.8,44.7
z_37.5_9.0,2027,3,2027-T3,Diminution,63.0,7.2,63.0,29.8
z_37.5_9.0,2027,4,2027-T4,Diminution,74.2,8.7,74.2,17.1
z_37.5_9.0,2028,1,2028-T1,Diminution,46.7,12.7,46.7,40.5
z_37.5_9.0,2028,2,2028-T2,Stable,43.0,14.1,42.9,43.0
z_37.5_9.0,2028,3,2028-T3,Diminution,63.0,7.2,63.0,29.8
z_37.5_9.0,2028,4,2028-T4,Diminution,74.9,8.7,74.9,16.4
z_37.5_9.0,2029,1,2029-T1,Diminution,42.6,15.6,42.6,41.8
z_37.5_9.0,2029,2,2029-T2,Diminution,48.1,12.0,48.1,39.9
z_37.5_9.0,2029,3,2029-T3,Diminution,63.0,7.2,63.0,29.8
z_37.5_9.0,2029,4,2029-T4,Diminution,68.2,12.0,68.2,19.8
z_37.5_9.0,2030,1,2030-T1,Diminution,45.3,13.2,45.3,41.5
z_37.5_9.0,2030,2,2030-T2,Diminution,43.1,15.1,43.1,41.8
z_37.5_9.0,2030,3,2030-T3,Diminution,63.0,7.2,63.0,29.8
z_37.5_9.0,2030,4,2030-T4,Diminution,75.3,11.0,75.3,13.7
z_39.0_-1.5,2023,1,2023-T1,Stable,44.6,34.3,21.2,44.6
z_39.0_-1.5,2023,2,2023-T2,Augmentation,40.8,40.8,19.8,39.4
z_39.0_-1.5,2023,3,2023-T3,Augmentation,41.0,41.0,18.3,40.7
z_39.0_-1.5,2023,4,2023-T4,Augmentation,43.6,43.6,12.8,43.6
z_39.0_-1.5,2024,1,2024-T1,Stable,40.7,40.2,19.1,40.7
z_39.0_-1.5,2024,2,2024-T2,Augmentation,47.3,47.3,19.1,33.5
z_39.0_-1.5,2024,3,2024-T3,Stable,44.6,30.1,25.3,44.6
z_39.0_-1.5,2024,4,2024-T4,Stable,62.3,24.5,13.2,62.3
z_39.0_-1.5,2025,1,2025-T1,Stable,38.9,33.4,27.7,38.9
z_39.0_-1.5,2025,2,2025-T2,Augmentation,44.2,44.2,23.1,32.7
z_39.0_-1.5,2025,3,2025-T3,Augmentation,45.4,45.4,19.1,35.4
z_39.0_-1.5,2025,4,2025-T4,Augmentation,45.2,45.2,11.7,43.1
z_39.0_-1.5,2026,1,2026-T1,Augmentation,41.5,41.5,18.4,40.1
z_39.0_-1.5,2026,2,2026-T2,Augmentation,43.8,43.8,18.9,37.3
z_39.0_-1.5,2026,3,2026-T3,Stable,38.8,38.6,22.7,38.8
z_39.0_-1.5,2026,4,2026-T4,Stable,51.7,34.0,14.3,51.7
z_39.0_-1.5,2027,1,2027-T1,Augmentation,43.1,43.1,21.5,35.5
z_39.0_-1.5,2027,2,2027-T2,Augmentation,40.4,40.4,22.4,37.2
z_39.0_-1.5,2027,3,2027-T3,Augmentation,41.8,41.8,22.3,35.9
z_39.0_-1.5,2027,4,2027-T4,Stable,49.2,37.8,13.0,49.2
z_39.0_-1.5,2028,1,2028-T1,Stable,38.4,37.0,24.6,38.4
z_39.0_-1.5,2028,2,2028-T2,Stable,40.9,34.2,24.9,40.9
z_39.0_-1.5,2028,3,2028-T3,Augmentation,40.0,40.0,23.7,36.3
z_39.0_-1.5,2028,4,2028-T4,Stable,53.0,33.6,13.4,53.0
z_39.0_-1.5,2029,1,2029-T1,Augmentation,40.7,40.7,23.7,35.6
z_39.0_-1.5,2029,2,2029-T2,Augmentation,40.7,40.7,22.5,36.8
z_39.0_-1.5,2029,3,2029-T3,Augmentation,45.2,45.2,21.3,33.4
z_39.0_-1.5,2029,4,2029-T4,Stable,49.6,36.9,13.5,49.6
z_39.0_-1.5,2030,1,2030-T1,Augmentation,46.5,46.5,18.8,34.7
z_39.0_-1.5,2030,2,2030-T2,Augmentation,43.3,43.3,19.1,37.5
z_39.0_-1.5,2030,3,2030-T3,Augmentation,45.9,45.9,18.5,35.5
z_39.0_-1.5,2030,4,2030-T4,Stable,45.1,42.8,12.2,45.1
z_39.0_-10.5,2023,1,2023-T1,Stable,47.1,29.9,23.0,47.1
z_39.0_-10.5,2023,2,2023-T2,Stable,55.6,18.4,26.0,55.6
z_39.0_-10.5,2023,3,2023-T3,Diminution,49.6,16.5,49.6,34.0
z_39.0_-10.5,2023,4,2023-T4,Diminution,52.2,18.0,52.2,29.8
z_39.0_-10.5,2024,1,2024-T1,Stable,43.3,37.3,19.4,43.3
z_39.0_-10.5,2024,2,2024-T2,Stable,50.7,25.6,23.7,50.7
z_39.0_-10.5,2024,3,2024-T3,Diminution,53.0,16.4,53.0,30.5
z_39.0_-10.5,2024,4,2024-T4,Diminution,51.6,16.1,51.6,32.3
z_39.0_-10.5,2025,1,2025-T1,Stable,48.3,16.6,35.1,48.3
z_39.0_-10.5,2025,2,2025-T2,Stable,57.0,17.8,25.2,57.0
z_39.0_-10.5,2025,3,2025-T3,Augmentation,37.5,37.5,25.0,37.5
z_39.0_-10.5,2025,4,2025-T4,Stable,44.3,29.6,26.2,44.3
z_39.0_-10.5,2026,1,2026-T1,Stable,49.0,34.2,16.8,49.0
z_39.0_-10.5,2026,2,2026-T2,Stable,60.7,22.1,17.3,60.7
z_39.0_-10.5,2026,3,2026-T3,Stable,42.6,22.3,35.1,42.6
z_39.0_-10.5,2026,4,2026-T4,Diminution,48.8,16.1,48.8,35.1
z_39.0_-10.5,2027,1,2027-T1,Stable,51.4,15.5,33.1,51.4
z_39.0_-10.5,2027,2,2027-T2,Stable,45.3,11.6,43.1,45.3
z_39.0_-10.5,2027,3,2027-T3,Diminution,67.7,10.5,67.7,21.8
z_39.0_-10.5,2027,4,2027-T4,Diminution,69.7,8.9,69.7,21.5
z_39.0_-10.5,2028,1,2028-T1,Stable,50.4,12.9,36.7,50.4
z_39.0_-10.5,2028,2,2028-T2,Stable,47.3,12.0,40.7,47.3
z_39.0_-10.5,2028,3,2028-T3,Diminution,65.8,9.8,65.8,24.4
z_39.0_-10.5,2028,4,2028-T4,Diminution,64.9,12.1,64.9,23.0
z_39.0_-10.5,2029,1,2029-T1,Stable,45.5,13.9,40.6,45.5
z_39.0_-10.5,2029,2,2029-T2,Stable,47.3,10.1,42.7,47.3
z_39.0_-10.5,2029,3,2029-T3,Diminution,69.3,8.8,69.3,21.9
z_39.0_-10.5,2029,4,2029-T4,Diminution,69.4,11.1,69.4,19.4
z_39.0_-10.5,2030,1,2030-T1,Stable,43.3,16.6,40.2,43.3
z_39.0_-10.5,2030,2,2030-T2,Stable,48.5,11.6,39.8,48.5
z_39.0_-10.5,2030,3,2030-T3,Diminution,65.3,10.4,65.3,24.3
z_39.0_-10.5,2030,4,2030-T4,Diminution,69.4,11.1,69.4,19.4
z_39.0_-31.5,2023,1,2023-T1,Diminution,78.5,2.9,78.5,18.7
z_39.0_-31.5,2023,2,2023-T2,Diminution,88.2,2.3,88.2,9.5
z_39.0_-31.5,2023,3,2023-T3,Diminution,61.0,6.8,61.0,32.2
z_39.0_-31.5,2023,4,2023-T4,Diminution,90.2,1.8,90.2,8.0
z_39.0_-31.5,2024,1,2024-T1,Diminution,90.5,1.6,90.5,7.9
z_39.0_-31.5,2024,2,2024-T2,Diminution,88.4,1.7,88.4,9.8
z_39.0_-31.5,2024,3,2024-T3,Diminution,61.4,13.0,61.4,25.6
z_39.0_-31.5,2024,4,2024-T4,Diminution,90.2,1.8,90.2,8.0
z_39.0_-31.5,2025,1,2025-T1,Diminution,90.5,1.6,90.5,7.9
z_39.0_-31.5,2025,2,2025-T2,Diminution,88.4,1.7,88.4,9.8
z_39.0_-31.5,2025,3,2025-T3,Diminution,55.7,6.8,55.7,37.6
z_39.0_-31.5,2025,4,2025-T4,Diminution,78.4,3.0,78.4,18.6
z_39.0_-31.5,2026,1,2026-T1,Diminution,70.4,4.6,70.4,24.9
z_39.0_-31.5,2026,2,2026-T2,Diminution,64.4,7.0,64.4,28.6
z_39.0_-31.5,2026,3,2026-T3,Diminution,64.7,9.3,64.7,26.0
z_39.0_-31.5,2026,4,2026-T4,Diminution,85.3,1.7,85.3,13.0
z_39.0_-31.5,2027,1,2027-T1,Diminution,90.5,1.6,90.5,7.9
z_39.0_-31.5,2027,2,2027-T2,Diminution,84.2,4.5,84.2,11.4
z_39.0_-31.5,2027,3,2027-T3,Diminution,53.7,17.9,53.7,28.5
z_39.0_-31.5,2027,4,2027-T4,Diminution,84.1,4.2,84.1,11.7
z_39.0_-31.5,2028,1,2028-T1,Diminution,90.5,1.6,90.5,7.9
z_39.0_-31.5,2028,2,2028-T2,Diminution,77.7,2.0,77.7,20.4
z_39.0_-31.5,2028,3,2028-T3,Diminution,69.6,8.7,69.6,21.7
z_39.0_-31.5,2028,4,2028-T4,Diminution,78.2,2.4,78.2,19.4
z_39.0_-31.5,2029,1,2029-T1,Diminution,90.5,1.6,90.5,7.9
z_39.0_-31.5,2029,2,2029-T2,Diminution,83.6,2.5,83.6,13.9
z_39.0_-31.5,2029,3,2029-T3,Diminution,69.6,8.7,69.6,21.7
z_39.0_-31.5,2029,4,2029-T4,Diminution,85.6,2.7,85.6,11.7
z_39.0_-31.5,2030,1,2030-T1,Diminution,90.5,1.6,90.5,7.9
z_39.0_-31.5,2030,2,2030-T2,Diminution,63.1,5.1,63.1,31.8
z_39.0_-31.5,2030,3,2030-T3,Diminution,69.6,8.7,69.6,21.7
z_39.0_-31.5,2030,4,2030-T4,Diminution,63.4,6.2,63.4,30.4
z_39.0_-9.0,2023,1,2023-T1,Stable,53.1,13.8,33.1,53.1
z_39.0_-9.0,2023,2,2023-T2,Diminution,67.0,12.2,67.0,20.9
z_39.0_-9.0,2023,3,2023-T3,Stable,44.3,16.5,39.2,44.3
z_39.0_-9.0,2023,4,2023-T4,Diminution,45.3,16.4,45.3,38.3
z_39.0_-9.0,2024,1,2024-T1,Stable,50.6,16.7,32.7,50.6
z_39.0_-9.0,2024,2,2024-T2,Diminution,64.6,14.6,64.6,20.8
z_39.0_-9.0,2024,3,2024-T3,Diminution,45.2,14.7,45.2,40.1
z_39.0_-9.0,2024,4,2024-T4,Stable,43.6,20.1,36.3,43.6
z_39.0_-9.0,2025,1,2025-T1,Stable,52.2,23.0,24.8,52.2
z_39.0_-9.0,2025,2,2025-T2,Diminution,42.2,23.4,42.2,34.4
z_39.0_-9.0,2025,3,2025-T3,Stable,43.3,28.1,28.6,43.3
z_39.0_-9.0,2025,4,2025-T4,Stable,43.5,29.6,26.9,43.5
z_39.0_-9.0,2026,1,2026-T1,Stable,43.3,30.1,26.6,43.3
z_39.0_-9.0,2026,2,2026-T2,Diminution,55.3,16.5,55.3,28.2
z_39.0_-9.0,2026,3,2026-T3,Stable,54.2,16.9,28.8,54.2
z_39.0_-9.0,2026,4,2026-T4,Stable,43.0,15.5,41.5,43.0
z_39.0_-9.0,2027,1,2027-T1,Stable,48.9,16.2,34.9,48.9
z_39.0_-9.0,2027,2,2027-T2,Diminution,66.0,14.6,66.0,19.4
z_39.0_-9.0,2027,3,2027-T3,Stable,47.0,13.5,39.5,47.0
z_39.0_-9.0,2027,4,2027-T4,Diminution,45.0,15.1,45.0,39.9
z_39.0_-9.0,2028,1,2028-T1,Stable,50.6,16.2,33.1,50.6
z_39.0_-9.0,2028,2,2028-T2,Diminution,66.0,14.6,66.0,19.4
z_39.0_-9.0,2028,3,2028-T3,Stable,43.7,12.8,43.5,43.7
z_39.0_-9.0,2028,4,2028-T4,Diminution,45.4,14.8,45.4,39.8
z_39.0_-9.0,2029,1,2029-T1,Stable,50.6,13.5,35.9,50.6
z_39.0_-9.0,2029,2,2029-T2,Diminution,66.0,14.6,66.0,19.4
z_39.0_-9.0,2029,3,2029-T3,Diminution,42.2,18.3,42.2,39.5
z_39.0_-9.0,2029,4,2029-T4,Diminution,45.3,16.4,45.3,38.3
z_39.0_-9.0,2030,1,2030-T1,Stable,46.4,17.2,36.4,46.4
z_39.0_-9.0,2030,2,2030-T2,Diminution,66.0,14.6,66.0,19.4
z_39.0_-9.0,2030,3,2030-T3,Diminution,43.3,17.4,43.3,39.4
z_39.0_-9.0,2030,4,2030-T4,Diminution,46.3,15.1,46.3,38.6
z_39.0_0.0,2023,1,2023-T1,Stable,41.6,33.9,24.6,41.6
z_39.0_0.0,2023,2,2023-T2,Diminution,48.7,25.0,48.7,26.3
z_39.0_0.0,2023,3,2023-T3,Stable,47.6,29.9,22.4,47.6
z_39.0_0.0,2023,4,2023-T4,Stable,39.4,32.9,27.6,39.4
z_39.0_0.0,2024,1,2024-T1,Stable,44.1,30.3,25.6,44.1
z_39.0_0.0,2024,2,2024-T2,Diminution,42.1,28.4,42.1,29.6
z_39.0_0.0,2024,3,2024-T3,Stable,46.8,31.3,21.9,46.8
z_39.0_0.0,2024,4,2024-T4,Stable,41.4,40.6,18.0,41.4
z_39.0_0.0,2025,1,2025-T1,Stable,45.0,33.5,21.5,45.0
z_39.0_0.0,2025,2,2025-T2,Diminution,44.6,19.8,44.6,35.6
z_39.0_0.0,2025,3,2025-T3,Stable,58.5,16.2,25.3,58.5
z_39.0_0.0,2025,4,2025-T4,Stable,51.5,16.2,32.3,51.5
z_39.0_0.0,2026,1,2026-T1,Stable,51.9,19.3,28.9,51.9
z_39.0_0.0,2026,2,2026-T2,Diminution,54.8,15.2,54.8,30.0
z_39.0_0.0,2026,3,2026-T3,Stable,49.6,18.9,31.5,49.6
z_39.0_0.0,2026,4,2026-T4,Stable,52.8,16.8,30.4,52.8
z_39.0_0.0,2027,1,2027-T1,Stable,54.1,11.5,34.4,54.1
z_39.0_0.0,2027,2,2027-T2,Diminution,55.7,17.1,55.7,27.3
z_39.0_0.0,2027,3,2027-T3,Stable,53.0,17.6,29.5,53.0
z_39.0_0.0,2027,4,2027-T4,Stable,56.1,16.3,27.6,56.1
z_39.0_0.0,2028,1,2028-T1,Stable,54.1,11.5,34.4,54.1
z_39.0_0.0,2028,2,2028-T2,Diminution,54.6,14.9,54.6,30.6
z_39.0_0.0,2028,3,2028-T3,Stable,49.5,17.1,33.4,49.5
z_39.0_0.0,2028,4,2028-T4,Stable,45.0,21.8,33.2,45.0
z_39.0_0.0,2029,1,2029-T1,Stable,54.1,11.5,34.4,54.1
z_39.0_0.0,2029,2,2029-T2,Diminution,55.6,16.3,55.6,28.0
z_39.0_0.0,2029,3,2029-T3,Stable,48.5,16.6,34.9,48.5
z_39.0_0.0,2029,4,2029-T4,Stable,54.8,14.7,30.5,54.8
z_39.0_0.0,2030,1,2030-T1,Stable,54.1,11.5,34.4,54.1
z_39.0_0.0,2030,2,2030-T2,Diminution,54.6,16.2,54.6,29.2
z_39.0_0.0,2030,3,2030-T3,Stable,53.9,12.7,33.4,53.9
z_39.0_0.0,2030,4,2030-T4,Stable,49.0,16.1,34.8,49.0
z_39.0_1.5,2023,1,2023-T1,Stable,38.6,28.4,33.0,38.6
z_39.0_1.5,2023,2,2023-T2,Stable,47.7,30.0,22.3,47.7
z_39.0_1.5,2023,3,2023-T3,Stable,39.3,23.7,37.0,39.3
z_39.0_1.5,2023,4,2023-T4,Stable,54.1,29.5,16.4,54.1
z_39.0_1.5,2024,1,2024-T1,Stable,37.8,36.7,25.5,37.8
z_39.0_1.5,2024,2,2024-T2,Stable,48.1,37.7,14.2,48.1
z_39.0_1.5,2024,3,2024-T3,Stable,41.4,31.3,27.3,41.4
z_39.0_1.5,2024,4,2024-T4,Stable,61.3,19.8,18.9,61.3
z_39.0_1.5,2025,1,2025-T1,Stable,39.4,26.7,33.8,39.4
z_39.0_1.5,2025,2,2025-T2,Stable,50.3,31.7,18.1,50.3
z_39.0_1.5,2025,3,2025-T3,Augmentation,36.9,36.9,26.3,36.8
z_39.0_1.5,2025,4,2025-T4,Stable,58.4,27.8,13.8,58.4
z_39.0_1.5,2026,1,2026-T1,Stable,46.7,28.8,24.6,46.7
z_39.0_1.5,2026,2,2026-T2,Stable,56.4,26.9,16.6,56.4
z_39.0_1.5,2026,3,2026-T3,Stable,40.9,26.7,32.4,40.9
z_39.0_1.5,2026,4,2026-T4,Stable,59.5,23.1,17.3,59.5
z_39.0_1.5,2027,1,2027-T1,Stable,41.9,26.8,31.3,41.9
z_39.0_1.5,2027,2,2027-T2,Stable,55.4,27.9,16.7,55.4
z_39.0_1.5,2027,3,2027-T3,Stable,40.3,28.5,31.2,40.3
z_39.0_1.5,2027,4,2027-T4,Stable,61.7,22.4,15.9,61.7
z_39.0_1.5,2028,1,2028-T1,Stable,42.5,23.7,33.8,42.5
z_39.0_1.5,2028,2,2028-T2,Stable,55.4,27.9,16.7,55.4
z_39.0_1.5,2028,3,2028-T3,Stable,39.2,26.7,34.1,39.2
z_39.0_1.5,2028,4,2028-T4,Stable,61.1,22.4,16.5,61.1
z_39.0_1.5,2029,1,2029-T1,Stable,42.4,26.0,31.7,42.4
z_39.0_1.5,2029,2,2029-T2,Stable,55.4,27.9,16.7,55.4
z_39.0_1.5,2029,3,2029-T3,Stable,41.7,27.1,31.1,41.7
z_39.0_1.5,2029,4,2029-T4,Stable,62.1,21.7,16.2,62.1
z_39.0_1.5,2030,1,2030-T1,Stable,43.9,23.7,32.4,43.9
z_39.0_1.5,2030,2,2030-T2,Stable,55.5,27.9,16.6,55.5
z_39.0_1.5,2030,3,2030-T3,Stable,41.6,25.9,32.6,41.6
z_39.0_1.5,2030,4,2030-T4,Stable,62.1,21.7,16.2,62.1
z_39.0_10.5,2023,1,2023-T1,Diminution,85.0,3.7,85.0,11.3
z_39.0_10.5,2023,2,2023-T2,Stable,53.5,6.7,39.7,53.5
z_39.0_10.5,2023,3,2023-T3,Diminution,86.4,5.0,86.4,8.6
z_39.0_10.5,2023,4,2023-T4,Diminution,73.7,3.3,73.7,23.0
z_39.0_10.5,2024,1,2024-T1,Diminution,75.0,4.3,75.0,20.7
z_39.0_10.5,2024,2,2024-T2,Diminution,44.2,14.2,44.2,41.6
z_39.0_10.5,2024,3,2024-T3,Diminution,81.3,4.4,81.3,14.3
z_39.0_10.5,2024,4,2024-T4,Diminution,87.2,4.1,87.2,8.7
z_39.0_10.5,2025,1,2025-T1,Diminution,87.6,3.7,87.6,8.7
z_39.0_10.5,2025,2,2025-T2,Stable,43.6,17.1,39.3,43.6
z_39.0_10.5,2025,3,2025-T3,Diminution,81.7,7.2,81.7,11.1
z_39.0_10.5,2025,4,2025-T4,Diminution,87.2,4.1,87.2,8.7
z_39.0_10.5,2026,1,2026-T1,Diminution,87.6,3.7,87.6,8.7
z_39.0_10.5,2026,2,2026-T2,Diminution,46.4,11.5,46.4,42.1
z_39.0_10.5,2026,3,2026-T3,Diminution,74.9,5.0,74.9,20.2
z_39.0_10.5,2026,4,2026-T4,Diminution,87.2,4.1,87.2,8.7
z_39.0_10.5,2027,1,2027-T1,Diminution,87.6,3.7,87.6,8.7
z_39.0_10.5,2027,2,2027-T2,Diminution,41.8,19.2,41.8,39.0
z_39.0_10.5,2027,3,2027-T3,Diminution,82.0,4.9,82.0,13.0
z_39.0_10.5,2027,4,2027-T4,Diminution,87.2,4.1,87.2,8.7
z_39.0_10.5,2028,1,2028-T1,Diminution,87.6,3.7,87.6,8.7
z_39.0_10.5,2028,2,2028-T2,Diminution,47.1,11.3,47.1,41.6
z_39.0_10.5,2028,3,2028-T3,Diminution,59.9,8.7,59.9,31.4
z_39.0_10.5,2028,4,2028-T4,Diminution,87.2,4.1,87.2,8.7
z_39.0_10.5,2029,1,2029-T1,Diminution,87.6,3.7,87.6,8.7
z_39.0_10.5,2029,2,2029-T2,Diminution,47.1,11.3,47.1,41.6
z_39.0_10.5,2029,3,2029-T3,Diminution,86.4,5.0,86.4,8.6
z_39.0_10.5,2029,4,2029-T4,Diminution,87.2,4.1,87.2,8.7
z_39.0_10.5,2030,1,2030-T1,Diminution,87.6,3.7,87.6,8.7
z_39.0_10.5,2030,2,2030-T2,Diminution,47.1,11.3,47.1,41.6
z_39.0_10.5,2030,3,2030-T3,Diminution,86.4,5.0,86.4,8.6
z_39.0_10.5,2030,4,2030-T4,Diminution,87.2,4.1,87.2,8.7
z_39.0_12.0,2023,1,2023-T1,Diminution,80.5,2.2,80.5,17.3
z_39.0_12.0,2023,2,2023-T2,Diminution,77.7,2.2,77.7,20.1
z_39.0_12.0,2023,3,2023-T3,Diminution,57.0,4.7,57.0,38.3
z_39.0_12.0,2023,4,2023-T4,Diminution,54.9,10.6,54.9,34.5
z_39.0_12.0,2024,1,2024-T1,Diminution,61.4,7.5,61.4,31.1
z_39.0_12.0,2024,2,2024-T2,Diminution,59.6,8.1,59.6,32.3
z_39.0_12.0,2024,3,2024-T3,Diminution,79.7,3.0,79.7,17.4
z_39.0_12.0,2024,4,2024-T4,Diminution,57.6,6.4,57.6,36.0
z_39.0_12.0,2025,1,2025-T1,Diminution,80.5,2.2,80.5,17.3
z_39.0_12.0,2025,2,2025-T2,Diminution,75.0,2.6,75.0,22.4
z_39.0_12.0,2025,3,2025-T3,Diminution,80.0,2.3,80.0,17.7
z_39.0_12.0,2025,4,2025-T4,Diminution,57.9,6.2,57.9,35.9
z_39.0_12.0,2026,1,2026-T1,Diminution,80.5,2.2,80.5,17.3
z_39.0_12.0,2026,2,2026-T2,Diminution,71.0,3.3,71.0,25.7
z_39.0_12.0,2026,3,2026-T3,Diminution,80.0,2.3,80.0,17.7
z_39.0_12.0,2026,4,2026-T4,Diminution,58.5,6.1,58.5,35.4
z_39.0_12.0,2027,1,2027-T1,Diminution,80.5,2.2,80.5,17.3
z_39.0_12.0,2027,2,2027-T2,Diminution,75.5,4.0,75.5,20.5
z_39.0_12.0,2027,3,2027-T3,Diminution,80.0,2.3,80.0,17.7
z_39.0_12.0,2027,4,2027-T4,Diminution,64.8,7.6,64.8,27.6
z_39.0_12.0,2028,1,2028-T1,Diminution,80.5,2.2,80.5,17.3
z_39.0_12.0,2028,2,2028-T2,Diminution,65.7,3.7,65.7,30.6
z_39.0_12.0,2028,3,2028-T3,Diminution,80.0,2.3,80.0,17.7
z_39.0_12.0,2028,4,2028-T4,Diminution,59.3,9.9,59.3,30.8
z_39.0_12.0,2029,1,2029-T1,Diminution,80.5,2.2,80.5,17.3
z_39.0_12.0,2029,2,2029-T2,Diminution,77.7,2.2,77.7,20.1
z_39.0_12.0,2029,3,2029-T3,Diminution,80.0,2.3,80.0,17.7
z_39.0_12.0,2029,4,2029-T4,Diminution,66.5,6.6,66.5,26.9
z_39.0_12.0,2030,1,2030-T1,Diminution,80.5,2.2,80.5,17.3
z_39.0_12.0,2030,2,2030-T2,Diminution,77.7,2.2,77.7,20.1
z_39.0_12.0,2030,3,2030-T3,Diminution,80.0,2.3,80.0,17.7
z_39.0_12.0,2030,4,2030-T4,Diminution,66.5,6.6,66.5,26.9
z_39.0_13.5,2023,1,2023-T1,Diminution,56.8,7.5,56.8,35.7
z_39.0_13.5,2023,2,2023-T2,Diminution,56.9,7.9,56.9,35.2
z_39.0_13.5,2023,3,2023-T3,Diminution,72.1,4.1,72.1,23.8
z_39.0_13.5,2023,4,2023-T4,Diminution,54.0,9.4,54.0,36.6
z_39.0_13.5,2024,1,2024-T1,Diminution,56.2,6.1,56.2,37.8
z_39.0_13.5,2024,2,2024-T2,Diminution,57.1,7.7,57.1,35.2
z_39.0_13.5,2024,3,2024-T3,Diminution,72.1,4.1,72.1,23.8
z_39.0_13.5,2024,4,2024-T4,Diminution,60.8,7.7,60.8,31.5
z_39.0_13.5,2025,1,2025-T1,Diminution,56.2,6.1,56.2,37.8
z_39.0_13.5,2025,2,2025-T2,Diminution,59.0,7.1,59.0,33.9
z_39.0_13.5,2025,3,2025-T3,Diminution,72.1,4.1,72.1,23.8
z_39.0_13.5,2025,4,2025-T4,Diminution,48.0,11.6,48.0,40.4
z_39.0_13.5,2026,1,2026-T1,Stable,49.6,9.8,40.6,49.6
z_39.0_13.5,2026,2,2026-T2,Diminution,59.2,10.3,59.2,30.5
z_39.0_13.5,2026,3,2026-T3,Diminution,59.4,5.2,59.4,35.3
z_39.0_13.5,2026,4,2026-T4,Diminution,62.7,7.3,62.7,30.0
z_39.0_13.5,2027,1,2027-T1,Diminution,56.2,6.1,56.2,37.8
z_39.0_13.5,2027,2,2027-T2,Diminution,55.0,8.6,55.0,36.3
z_39.0_13.5,2027,3,2027-T3,Diminution,67.6,4.8,67.6,27.6
z_39.0_13.5,2027,4,2027-T4,Diminution,62.7,7.3,62.7,30.0
z_39.0_13.5,2028,1,2028-T1,Diminution,56.2,6.1,56.2,37.8
z_39.0_13.5,2028,2,2028-T2,Diminution,63.4,6.9,63.4,29.6
z_39.0_13.5,2028,3,2028-T3,Diminution,68.7,3.8,68.7,27.5
z_39.0_13.5,2028,4,2028-T4,Diminution,62.7,7.3,62.7,30.0
z_39.0_13.5,2029,1,2029-T1,Diminution,56.2,6.1,56.2,37.8
z_39.0_13.5,2029,2,2029-T2,Diminution,63.4,6.9,63.4,29.6
z_39.0_13.5,2029,3,2029-T3,Diminution,66.9,4.1,66.9,29.0
z_39.0_13.5,2029,4,2029-T4,Diminution,62.7,7.3,62.7,30.0
z_39.0_13.5,2030,1,2030-T1,Diminution,56.2,6.1,56.2,37.8
z_39.0_13.5,2030,2,2030-T2,Diminution,63.4,6.9,63.4,29.6
z_39.0_13.5,2030,3,2030-T3,Diminution,49.6,4.7,49.6,45.7
z_39.0_13.5,2030,4,2030-T4,Diminution,62.7,7.3,62.7,30.0
z_39.0_15.0,2023,1,2023-T1,Diminution,51.6,12.7,51.6,35.7
z_39.0_15.0,2023,2,2023-T2,Diminution,55.4,8.6,55.4,36.0
z_39.0_15.0,2023,3,2023-T3,Stable,43.8,18.6,37.5,43.8
z_39.0_15.0,2023,4,2023-T4,Diminution,41.0,18.5,41.0,40.5
z_39.0_15.0,2024,1,2024-T1,Diminution,63.4,4.9,63.4,31.7
z_39.0_15.0,2024,2,2024-T2,Diminution,60.7,6.0,60.7,33.3
z_39.0_15.0,2024,3,2024-T3,Stable,49.0,13.4,37.6,49.0
z_39.0_15.0,2024,4,2024-T4,Diminution,50.6,11.6,50.6,37.8
z_39.0_15.0,2025,1,2025-T1,Diminution,71.7,4.0,71.7,24.2
z_39.0_15.0,2025,2,2025-T2,Diminution,69.3,4.0,69.3,26.7
z_39.0_15.0,2025,3,2025-T3,Stable,47.8,12.0,40.2,47.8
z_39.0_15.0,2025,4,2025-T4,Diminution,43.0,16.2,43.0,40.7
z_39.0_15.0,2026,1,2026-T1,Diminution,63.4,4.9,63.4,31.7
z_39.0_15.0,2026,2,2026-T2,Diminution,72.0,4.1,72.0,23.9
z_39.0_15.0,2026,3,2026-T3,Stable,46.9,11.7,41.4,46.9
z_39.0_15.0,2026,4,2026-T4,Diminution,54.3,12.4,54.3,33.3
z_39.0_15.0,2027,1,2027-T1,Diminution,71.7,4.0,71.7,24.2
z_39.0_15.0,2027,2,2027-T2,Diminution,69.3,4.0,69.3,26.7
z_39.0_15.0,2027,3,2027-T3,Diminution,44.2,13.6,44.2,42.2
z_39.0_15.0,2027,4,2027-T4,Diminution,50.0,14.5,50.0,35.5
z_39.0_15.0,2028,1,2028-T1,Diminution,71.7,4.0,71.7,24.2
z_39.0_15.0,2028,2,2028-T2,Diminution,69.3,4.0,69.3,26.7
z_39.0_15.0,2028,3,2028-T3,Stable,44.6,15.6,39.8,44.6
z_39.0_15.0,2028,4,2028-T4,Diminution,54.6,13.0,54.6,32.4
z_39.0_15.0,2029,1,2029-T1,Diminution,71.7,4.0,71.7,24.2
z_39.0_15.0,2029,2,2029-T2,Diminution,69.3,4.0,69.3,26.7
z_39.0_15.0,2029,3,2029-T3,Diminution,46.8,11.8,46.8,41.5
z_39.0_15.0,2029,4,2029-T4,Diminution,54.6,13.0,54.6,32.4
z_39.0_15.0,2030,1,2030-T1,Diminution,71.7,4.0,71.7,24.2
z_39.0_15.0,2030,2,2030-T2,Diminution,69.3,4.0,69.3,26.7
z_39.0_15.0,2030,3,2030-T3,Stable,43.6,13.8,42.7,43.6
z_39.0_15.0,2030,4,2030-T4,Diminution,54.6,13.0,54.6,32.4
z_39.0_16.5,2023,1,2023-T1,Diminution,48.1,16.0,48.1,35.8
z_39.0_16.5,2023,2,2023-T2,Stable,54.5,13.9,31.6,54.5
z_39.0_16.5,2023,3,2023-T3,Stable,47.2,23.4,29.4,47.2
z_39.0_16.5,2023,4,2023-T4,Stable,50.7,24.8,24.5,50.7
z_39.0_16.5,2024,1,2024-T1,Diminution,42.4,22.0,42.4,35.6
z_39.0_16.5,2024,2,2024-T2,Stable,43.2,23.1,33.6,43.2
z_39.0_16.5,2024,3,2024-T3,Stable,45.3,33.0,21.8,45.3
z_39.0_16.5,2024,4,2024-T4,Stable,43.4,23.3,33.2,43.4
z_39.0_16.5,2025,1,2025-T1,Diminution,40.5,24.8,40.5,34.8
z_39.0_16.5,2025,2,2025-T2,Stable,47.5,30.4,22.1,47.5
z_39.0_16.5,2025,3,2025-T3,Stable,46.0,34.9,19.1,46.0
z_39.0_16.5,2025,4,2025-T4,Stable,43.6,33.0,23.4,43.6
z_39.0_16.5,2026,1,2026-T1,Stable,42.8,26.3,30.8,42.8
z_39.0_16.5,2026,2,2026-T2,Stable,47.5,30.7,21.7,47.5
z_39.0_16.5,2026,3,2026-T3,Stable,52.2,21.0,26.8,52.2
z_39.0_16.5,2026,4,2026-T4,Stable,57.6,16.4,26.1,57.6
z_39.0_16.5,2027,1,2027-T1,Diminution,50.4,17.0,50.4,32.6
z_39.0_16.5,2027,2,2027-T2,Stable,55.9,15.5,28.7,55.9
z_39.0_16.5,2027,3,2027-T3,Stable,49.1,15.6,35.3,49.1
z_39.0_16.5,2027,4,2027-T4,Stable,52.4,20.9,26.7,52.4
z_39.0_16.5,2028,1,2028-T1,Diminution,52.8,17.5,52.8,29.7
z_39.0_16.5,2028,2,2028-T2,Stable,46.8,17.3,35.9,46.8
z_39.0_16.5,2028,3,2028-T3,Stable,48.4,15.7,35.9,48.4
z_39.0_16.5,2028,4,2028-T4,Stable,52.0,18.4,29.6,52.0
z_39.0_16.5,2029,1,2029-T1,Diminution,55.0,15.1,55.0,29.9
z_39.0_16.5,2029,2,2029-T2,Stable,48.4,15.9,35.7,48.4
z_39.0_16.5,2029,3,2029-T3,Stable,53.3,12.7,34.1,53.3
z_39.0_16.5,2029,4,2029-T4,Stable,46.6,16.9,36.5,46.6
z_39.0_16.5,2030,1,2030-T1,Diminution,55.7,14.2,55.7,30.0
z_39.0_16.5,2030,2,2030-T2,Stable,48.8,14.9,36.3,48.8
z_39.0_16.5,2030,3,2030-T3,Stable,53.3,12.7,34.1,53.3
z_39.0_16.5,2030,4,2030-T4,Stable,48.1,15.6,36.3,48.1
z_39.0_18.0,2023,1,2023-T1,Stable,54.2,25.2,20.6,54.2
z_39.0_18.0,2023,2,2023-T2,Stable,51.7,21.3,26.9,51.7
z_39.0_18.0,2023,3,2023-T3,Diminution,46.8,19.0,46.8,34.2
z_39.0_18.0,2023,4,2023-T4,Stable,49.9,18.8,31.3,49.9
z_39.0_18.0,2024,1,2024-T1,Stable,49.5,13.9,36.5,49.5
z_39.0_18.0,2024,2,2024-T2,Stable,52.0,22.1,25.8,52.0
z_39.0_18.0,2024,3,2024-T3,Stable,36.2,31.7,32.1,36.2
z_39.0_18.0,2024,4,2024-T4,Augmentation,46.1,46.1,16.3,37.6
z_39.0_18.0,2025,1,2025-T1,Stable,42.8,41.1,16.1,42.8
z_39.0_18.0,2025,2,2025-T2,Stable,49.1,33.9,17.0,49.1
z_39.0_18.0,2025,3,2025-T3,Stable,45.4,26.5,28.1,45.4
z_39.0_18.0,2025,4,2025-T4,Stable,50.8,32.1,17.1,50.8
z_39.0_18.0,2026,1,2026-T1,Stable,56.4,23.1,20.5,56.4
z_39.0_18.0,2026,2,2026-T2,Stable,55.3,27.0,17.7,55.3
z_39.0_18.0,2026,3,2026-T3,Stable,38.3,32.1,29.6,38.3
z_39.0_18.0,2026,4,2026-T4,Stable,50.9,31.8,17.3,50.9
z_39.0_18.0,2027,1,2027-T1,Stable,59.1,25.4,15.5,59.1
z_39.0_18.0,2027,2,2027-T2,Stable,52.1,30.7,17.2,52.1
z_39.0_18.0,2027,3,2027-T3,Stable,39.8,32.0,28.1,39.8
z_39.0_18.0,2027,4,2027-T4,Stable,54.2,29.5,16.3,54.2
z_39.0_18.0,2028,1,2028-T1,Stable,59.8,26.4,13.8,59.8
z_39.0_18.0,2028,2,2028-T2,Stable,50.8,33.7,15.5,50.8
z_39.0_18.0,2028,3,2028-T3,Stable,42.1,33.1,24.9,42.1
z_39.0_18.0,2028,4,2028-T4,Stable,52.6,33.2,14.3,52.6
z_39.0_18.0,2029,1,2029-T1,Stable,62.9,23.2,13.9,62.9
z_39.0_18.0,2029,2,2029-T2,Stable,52.7,31.3,16.1,52.7
z_39.0_18.0,2029,3,2029-T3,Stable,43.6,30.9,25.5,43.6
z_39.0_18.0,2029,4,2029-T4,Stable,54.9,30.2,14.9,54.9
z_39.0_18.0,2030,1,2030-T1,Stable,63.6,22.2,14.2,63.6
z_39.0_18.0,2030,2,2030-T2,Stable,53.8,29.7,16.5,53.8
z_39.0_18.0,2030,3,2030-T3,Stable,43.2,30.5,26.4,43.2
z_39.0_18.0,2030,4,2030-T4,Stable,56.1,28.3,15.6,56.1
z_39.0_19.5,2023,1,2023-T1,Augmentation,53.1,53.1,20.4,26.5
z_39.0_19.5,2023,2,2023-T2,Augmentation,45.3,45.3,22.6,32.0
z_39.0_19.5,2023,3,2023-T3,Augmentation,46.1,46.1,19.3,34.7
z_39.0_19.5,2023,4,2023-T4,Augmentation,55.8,55.8,14.8,29.4
z_39.0_19.5,2024,1,2024-T1,Augmentation,58.8,58.8,18.4,22.9
z_39.0_19.5,2024,2,2024-T2,Augmentation,54.8,54.8,18.2,26.9
z_39.0_19.5,2024,3,2024-T3,Augmentation,48.2,48.2,24.0,27.8
z_39.0_19.5,2024,4,2024-T4,Augmentation,51.2,51.2,16.9,31.9
z_39.0_19.5,2025,1,2025-T1,Augmentation,57.5,57.5,17.8,24.7
z_39.0_19.5,2025,2,2025-T2,Augmentation,56.8,56.8,16.9,26.3
z_39.0_19.5,2025,3,2025-T3,Augmentation,48.6,48.6,20.0,31.4
z_39.0_19.5,2025,4,2025-T4,Augmentation,50.3,50.3,25.0,24.6
z_39.0_19.5,2026,1,2026-T1,Augmentation,46.4,46.4,20.3,33.3
z_39.0_19.5,2026,2,2026-T2,Augmentation,48.6,48.6,20.8,30.6
z_39.0_19.5,2026,3,2026-T3,Augmentation,45.6,45.6,24.8,29.6
z_39.0_19.5,2026,4,2026-T4,Augmentation,57.9,57.9,17.1,25.0
z_39.0_19.5,2027,1,2027-T1,Augmentation,60.6,60.6,15.2,24.2
z_39.0_19.5,2027,2,2027-T2,Augmentation,55.1,55.1,17.4,27.5
z_39.0_19.5,2027,3,2027-T3,Augmentation,45.3,45.3,24.7,29.9
z_39.0_19.5,2027,4,2027-T4,Augmentation,59.5,59.5,16.0,24.5
z_39.0_19.5,2028,1,2028-T1,Augmentation,60.9,60.9,13.9,25.1
z_39.0_19.5,2028,2,2028-T2,Augmentation,59.9,59.9,17.2,22.9
z_39.0_19.5,2028,3,2028-T3,Augmentation,50.6,50.6,23.1,26.2
z_39.0_19.5,2028,4,2028-T4,Augmentation,59.7,59.7,15.4,25.0
z_39.0_19.5,2029,1,2029-T1,Augmentation,62.0,62.0,13.5,24.5
z_39.0_19.5,2029,2,2029-T2,Augmentation,58.3,58.3,16.8,24.8
z_39.0_19.5,2029,3,2029-T3,Augmentation,54.8,54.8,21.9,23.2
z_39.0_19.5,2029,4,2029-T4,Augmentation,59.9,59.9,15.2,24.9
z_39.0_19.5,2030,1,2030-T1,Augmentation,61.1,61.1,13.5,25.4
z_39.0_19.5,2030,2,2030-T2,Augmentation,60.2,60.2,16.1,23.7
z_39.0_19.5,2030,3,2030-T3,Augmentation,56.7,56.7,19.4,23.9
z_39.0_19.5,2030,4,2030-T4,Augmentation,58.9,58.9,15.3,25.8
z_39.0_22.5,2023,1,2023-T1,Augmentation,53.2,53.2,21.9,24.9
z_39.0_22.5,2023,2,2023-T2,Augmentation,39.6,39.6,31.1,29.2
z_39.0_22.5,2023,3,2023-T3,Augmentation,37.1,37.1,33.2,29.8
z_39.0_22.5,2023,4,2023-T4,Augmentation,38.0,38.0,25.7,36.3
z_39.0_22.5,2024,1,2024-T1,Augmentation,50.7,50.7,25.1,24.2
z_39.0_22.5,2024,2,2024-T2,Augmentation,54.0,54.0,23.0,23.1
z_39.0_22.5,2024,3,2024-T3,Augmentation,45.4,45.4,21.5,33.0
z_39.0_22.5,2024,4,2024-T4,Augmentation,48.2,48.2,24.7,27.1
z_39.0_22.5,2025,1,2025-T1,Stable,34.3,33.0,32.7,34.3
z_39.0_22.5,2025,2,2025-T2,Augmentation,43.5,43.5,26.3,30.2
z_39.0_22.5,2025,3,2025-T3,Augmentation,58.0,58.0,18.0,24.1
z_39.0_22.5,2025,4,2025-T4,Augmentation,68.2,68.2,11.1,20.7
z_39.0_22.5,2026,1,2026-T1,Augmentation,53.0,53.0,16.9,30.1
z_39.0_22.5,2026,2,2026-T2,Augmentation,48.1,48.1,17.9,34.1
z_39.0_22.5,2026,3,2026-T3,Augmentation,59.6,59.6,18.0,22.4
z_39.0_22.5,2026,4,2026-T4,Augmentation,63.3,63.3,15.9,20.7
z_39.0_22.5,2027,1,2027-T1,Augmentation,50.8,50.8,19.9,29.3
z_39.0_22.5,2027,2,2027-T2,Augmentation,56.2,56.2,18.7,25.1
z_39.0_22.5,2027,3,2027-T3,Augmentation,61.3,61.3,16.5,22.1
z_39.0_22.5,2027,4,2027-T4,Augmentation,63.8,63.8,15.0,21.2
z_39.0_22.5,2028,1,2028-T1,Augmentation,52.0,52.0,17.9,30.1
z_39.0_22.5,2028,2,2028-T2,Augmentation,56.1,56.1,17.3,26.7
z_39.0_22.5,2028,3,2028-T3,Augmentation,61.2,61.2,15.8,23.0
z_39.0_22.5,2028,4,2028-T4,Augmentation,62.3,62.3,15.5,22.1
z_39.0_22.5,2029,1,2029-T1,Augmentation,52.5,52.5,19.0,28.5
z_39.0_22.5,2029,2,2029-T2,Augmentation,57.1,57.1,17.8,25.1
z_39.0_22.5,2029,3,2029-T3,Augmentation,65.5,65.5,14.4,20.1
z_39.0_22.5,2029,4,2029-T4,Augmentation,62.0,62.0,14.7,23.3
z_39.0_22.5,2030,1,2030-T1,Augmentation,57.3,57.3,17.3,25.5
z_39.0_22.5,2030,2,2030-T2,Augmentation,61.2,61.2,16.4,22.4
z_39.0_22.5,2030,3,2030-T3,Augmentation,70.3,70.3,12.6,17.0
z_39.0_22.5,2030,4,2030-T4,Augmentation,67.8,67.8,13.2,19.0
z_39.0_24.0,2023,1,2023-T1,Stable,53.8,28.3,17.8,53.8
z_39.0_24.0,2023,2,2023-T2,Stable,57.7,25.9,16.4,57.7
z_39.0_24.0,2023,3,2023-T3,Stable,55.9,29.4,14.7,55.9
z_39.0_24.0,2023,4,2023-T4,Stable,59.9,23.9,16.2,59.9
z_39.0_24.0,2024,1,2024-T1,Stable,53.6,23.8,22.6,53.6
z_39.0_24.0,2024,2,2024-T2,Stable,62.1,19.5,18.4,62.1
z_39.0_24.0,2024,3,2024-T3,Stable,58.0,24.3,17.7,58.0
z_39.0_24.0,2024,4,2024-T4,Stable,46.1,41.4,12.6,46.1
z_39.0_24.0,2025,1,2025-T1,Stable,51.7,33.3,15.0,51.7
z_39.0_24.0,2025,2,2025-T2,Stable,63.2,18.6,18.2,63.2
z_39.0_24.0,2025,3,2025-T3,Stable,61.1,14.9,24.1,61.1
z_39.0_24.0,2025,4,2025-T4,Stable,53.8,18.6,27.6,53.8
z_39.0_24.0,2026,1,2026-T1,Stable,51.3,18.8,29.9,51.3
z_39.0_24.0,2026,2,2026-T2,Stable,60.0,21.8,18.2,60.0
z_39.0_24.0,2026,3,2026-T3,Stable,54.6,26.1,19.3,54.6
z_39.0_24.0,2026,4,2026-T4,Stable,54.5,26.4,19.0,54.5
z_39.0_24.0,2027,1,2027-T1,Stable,60.3,22.9,16.8,60.3
z_39.0_24.0,2027,2,2027-T2,Stable,59.9,23.0,17.1,59.9
z_39.0_24.0,2027,3,2027-T3,Stable,58.4,24.1,17.5,58.4
z_39.0_24.0,2027,4,2027-T4,Stable,54.4,28.4,17.3,54.4
z_39.0_24.0,2028,1,2028-T1,Stable,58.9,23.5,17.6,58.9
z_39.0_24.0,2028,2,2028-T2,Stable,61.3,21.8,16.9,61.3
z_39.0_24.0,2028,3,2028-T3,Stable,62.3,21.8,15.9,62.3
z_39.0_24.0,2028,4,2028-T4,Stable,55.8,27.5,16.7,55.8
z_39.0_24.0,2029,1,2029-T1,Stable,59.9,23.6,16.5,59.9
z_39.0_24.0,2029,2,2029-T2,Stable,58.8,24.0,17.2,58.8
z_39.0_24.0,2029,3,2029-T3,Stable,60.7,22.7,16.6,60.7
z_39.0_24.0,2029,4,2029-T4,Stable,56.6,26.7,16.6,56.6
z_39.0_24.0,2030,1,2030-T1,Stable,61.4,21.5,17.1,61.4
z_39.0_24.0,2030,2,2030-T2,Stable,61.6,21.5,16.9,61.6
z_39.0_24.0,2030,3,2030-T3,Stable,62.3,21.2,16.5,62.3
z_39.0_24.0,2030,4,2030-T4,Stable,57.8,25.4,16.9,57.8
z_39.0_25.5,2023,1,2023-T1,Stable,50.5,32.6,16.9,50.5
z_39.0_25.5,2023,2,2023-T2,Stable,41.5,34.1,24.4,41.5
z_39.0_25.5,2023,3,2023-T3,Stable,42.3,26.9,30.8,42.3
z_39.0_25.5,2023,4,2023-T4,Diminution,43.6,18.5,43.6,37.9
z_39.0_25.5,2024,1,2024-T1,Stable,44.2,29.6,26.2,44.2
z_39.0_25.5,2024,2,2024-T2,Augmentation,38.4,38.4,29.3,32.2
z_39.0_25.5,2024,3,2024-T3,Stable,40.3,31.2,28.5,40.3
z_39.0_25.5,2024,4,2024-T4,Stable,42.6,27.4,30.0,42.6
z_39.0_25.5,2025,1,2025-T1,Stable,54.1,28.3,17.6,54.1
z_39.0_25.5,2025,2,2025-T2,Stable,35.4,32.6,32.1,35.4
z_39.0_25.5,2025,3,2025-T3,Diminution,43.3,18.3,43.3,38.4
z_39.0_25.5,2025,4,2025-T4,Stable,38.3,27.6,34.1,38.3
z_39.0_25.5,2026,1,2026-T1,Stable,46.2,22.8,31.0,46.2
z_39.0_25.5,2026,2,2026-T2,Stable,39.7,23.5,36.8,39.7
z_39.0_25.5,2026,3,2026-T3,Stable,38.5,27.6,33.9,38.5
z_39.0_25.5,2026,4,2026-T4,Stable,37.5,35.7,26.8,37.5
z_39.0_25.5,2027,1,2027-T1,Stable,60.5,23.9,15.6,60.5
z_39.0_25.5,2027,2,2027-T2,Stable,44.3,28.1,27.7,44.3
z_39.0_25.5,2027,3,2027-T3,Stable,41.6,30.8,27.6,41.6
z_39.0_25.5,2027,4,2027-T4,Stable,43.1,31.1,25.8,43.1
z_39.0_25.5,2028,1,2028-T1,Stable,62.0,23.4,14.7,62.0
z_39.0_25.5,2028,2,2028-T2,Stable,43.5,28.4,28.0,43.5
z_39.0_25.5,2028,3,2028-T3,Stable,41.7,30.1,28.2,41.7
z_39.0_25.5,2028,4,2028-T4,Stable,42.9,33.3,23.8,42.9
z_39.0_25.5,2029,1,2029-T1,Stable,60.4,24.5,15.1,60.4
z_39.0_25.5,2029,2,2029-T2,Stable,44.0,28.6,27.4,44.0
z_39.0_25.5,2029,3,2029-T3,Stable,41.4,30.7,27.9,41.4
z_39.0_25.5,2029,4,2029-T4,Stable,44.2,29.0,26.8,44.2
z_39.0_25.5,2030,1,2030-T1,Stable,61.8,23.1,15.1,61.8
z_39.0_25.5,2030,2,2030-T2,Stable,43.5,28.7,27.8,43.5
z_39.0_25.5,2030,3,2030-T3,Stable,41.8,31.0,27.2,41.8
z_39.0_25.5,2030,4,2030-T4,Stable,43.9,28.3,27.8,43.9
z_39.0_3.0,2023,1,2023-T1,Stable,35.3,34.5,30.2,35.3
z_39.0_3.0,2023,2,2023-T2,Stable,41.0,27.5,31.5,41.0
z_39.0_3.0,2023,3,2023-T3,Stable,45.8,40.0,14.2,45.8
z_39.0_3.0,2023,4,2023-T4,Augmentation,43.4,43.4,20.5,36.1
z_39.0_3.0,2024,1,2024-T1,Stable,49.8,28.7,21.6,49.8
z_39.0_3.0,2024,2,2024-T2,Stable,45.1,23.5,31.4,45.1
z_39.0_3.0,2024,3,2024-T3,Stable,46.1,38.5,15.4,46.1
z_39.0_3.0,2024,4,2024-T4,Stable,38.8,34.0,27.1,38.8
z_39.0_3.0,2025,1,2025-T1,Stable,42.8,22.9,34.3,42.8
z_39.0_3.0,2025,2,2025-T2,Stable,44.1,19.0,36.9,44.1
z_39.0_3.0,2025,3,2025-T3,Stable,51.2,27.5,21.3,51.2
z_39.0_3.0,2025,4,2025-T4,Diminution,49.4,19.8,49.4,30.8
z_39.0_3.0,2026,1,2026-T1,Stable,39.6,23.3,37.1,39.6
z_39.0_3.0,2026,2,2026-T2,Stable,41.0,25.4,33.6,41.0
z_39.0_3.0,2026,3,2026-T3,Stable,52.8,31.9,15.3,52.8
z_39.0_3.0,2026,4,2026-T4,Stable,44.9,23.7,31.4,44.9
z_39.0_3.0,2027,1,2027-T1,Stable,41.9,28.7,29.3,41.9
z_39.0_3.0,2027,2,2027-T2,Stable,42.9,24.0,33.1,42.9
z_39.0_3.0,2027,3,2027-T3,Stable,51.7,32.9,15.4,51.7
z_39.0_3.0,2027,4,2027-T4,Stable,44.3,23.4,32.4,44.3
z_39.0_3.0,2028,1,2028-T1,Stable,43.1,25.1,31.8,43.1
z_39.0_3.0,2028,2,2028-T2,Stable,44.3,25.1,30.6,44.3
z_39.0_3.0,2028,3,2028-T3,Stable,52.4,31.3,16.3,52.4
z_39.0_3.0,2028,4,2028-T4,Stable,44.8,22.9,32.3,44.8
z_39.0_3.0,2029,1,2029-T1,Stable,43.8,23.8,32.4,43.8
z_39.0_3.0,2029,2,2029-T2,Stable,45.2,22.6,32.2,45.2
z_39.0_3.0,2029,3,2029-T3,Stable,52.6,31.3,16.1,52.6
z_39.0_3.0,2029,4,2029-T4,Stable,44.7,22.9,32.4,44.7
z_39.0_3.0,2030,1,2030-T1,Stable,43.7,23.9,32.5,43.7
z_39.0_3.0,2030,2,2030-T2,Stable,45.9,22.1,32.0,45.9
z_39.0_3.0,2030,3,2030-T3,Stable,54.1,29.9,16.0,54.1
z_39.0_3.0,2030,4,2030-T4,Stable,44.3,23.9,31.8,44.3
z_39.0_4.5,2023,1,2023-T1,Diminution,72.6,4.4,72.6,23.0
z_39.0_4.5,2023,2,2023-T2,Diminution,56.9,7.5,56.9,35.6
z_39.0_4.5,2023,3,2023-T3,Diminution,71.4,4.3,71.4,24.3
z_39.0_4.5,2023,4,2023-T4,Diminution,67.8,4.7,67.8,27.4
z_39.0_4.5,2024,1,2024-T1,Diminution,71.5,4.2,71.5,24.3
z_39.0_4.5,2024,2,2024-T2,Diminution,58.6,7.4,58.6,34.1
z_39.0_4.5,2024,3,2024-T3,Diminution,60.4,4.5,60.4,35.1
z_39.0_4.5,2024,4,2024-T4,Diminution,56.3,5.6,56.3,38.1
z_39.0_4.5,2025,1,2025-T1,Diminution,72.6,4.4,72.6,23.0
z_39.0_4.5,2025,2,2025-T2,Diminution,51.6,6.9,51.6,41.5
z_39.0_4.5,2025,3,2025-T3,Diminution,71.4,4.3,71.4,24.3
z_39.0_4.5,2025,4,2025-T4,Diminution,71.2,5.0,71.2,23.7
z_39.0_4.5,2026,1,2026-T1,Diminution,71.5,4.2,71.5,24.3
z_39.0_4.5,2026,2,2026-T2,Diminution,58.4,7.4,58.4,34.2
z_39.0_4.5,2026,3,2026-T3,Diminution,71.4,4.3,71.4,24.3
z_39.0_4.5,2026,4,2026-T4,Diminution,64.2,4.9,64.2,30.9
z_39.0_4.5,2027,1,2027-T1,Diminution,71.5,4.2,71.5,24.3
z_39.0_4.5,2027,2,2027-T2,Diminution,54.7,8.1,54.7,37.2
z_39.0_4.5,2027,3,2027-T3,Diminution,71.4,4.3,71.4,24.3
z_39.0_4.5,2027,4,2027-T4,Diminution,71.9,4.7,71.9,23.4
z_39.0_4.5,2028,1,2028-T1,Diminution,71.5,4.2,71.5,24.3
z_39.0_4.5,2028,2,2028-T2,Diminution,62.9,7.4,62.9,29.8
z_39.0_4.5,2028,3,2028-T3,Diminution,71.4,4.3,71.4,24.3
z_39.0_4.5,2028,4,2028-T4,Diminution,71.9,4.7,71.9,23.4
z_39.0_4.5,2029,1,2029-T1,Diminution,71.5,4.2,71.5,24.3
z_39.0_4.5,2029,2,2029-T2,Diminution,58.2,8.2,58.2,33.6
z_39.0_4.5,2029,3,2029-T3,Diminution,71.4,4.3,71.4,24.3
z_39.0_4.5,2029,4,2029-T4,Diminution,71.9,4.7,71.9,23.4
z_39.0_4.5,2030,1,2030-T1,Diminution,71.5,4.2,71.5,24.3
z_39.0_4.5,2030,2,2030-T2,Diminution,64.5,7.0,64.5,28.5
z_39.0_4.5,2030,3,2030-T3,Diminution,71.4,4.3,71.4,24.3
z_39.0_4.5,2030,4,2030-T4,Diminution,71.9,4.7,71.9,23.4
z_39.0_6.0,2023,1,2023-T1,Diminution,75.1,2.8,75.1,22.1
z_39.0_6.0,2023,2,2023-T2,Diminution,72.8,2.6,72.8,24.7
z_39.0_6.0,2023,3,2023-T3,Diminution,60.4,2.7,60.4,36.9
z_39.0_6.0,2023,4,2023-T4,Diminution,69.3,3.4,69.3,27.2
z_39.0_6.0,2024,1,2024-T1,Diminution,75.3,3.2,75.3,21.5
z_39.0_6.0,2024,2,2024-T2,Diminution,67.4,3.3,67.4,29.3
z_39.0_6.0,2024,3,2024-T3,Diminution,74.7,2.6,74.7,22.7
z_39.0_6.0,2024,4,2024-T4,Diminution,75.9,2.9,75.9,21.3
z_39.0_6.0,2025,1,2025-T1,Diminution,63.1,2.9,63.1,34.0
z_39.0_6.0,2025,2,2025-T2,Diminution,63.3,3.2,63.3,33.5
z_39.0_6.0,2025,3,2025-T3,Diminution,75.5,2.9,75.5,21.5
z_39.0_6.0,2025,4,2025-T4,Diminution,71.3,3.8,71.3,24.9
z_39.0_6.0,2026,1,2026-T1,Diminution,75.1,2.8,75.1,22.1
z_39.0_6.0,2026,2,2026-T2,Diminution,67.3,4.0,67.3,28.6
z_39.0_6.0,2026,3,2026-T3,Diminution,74.7,2.6,74.7,22.7
z_39.0_6.0,2026,4,2026-T4,Diminution,70.9,3.1,70.9,25.9
z_39.0_6.0,2027,1,2027-T1,Diminution,75.1,2.8,75.1,22.1
z_39.0_6.0,2027,2,2027-T2,Diminution,71.6,4.7,71.6,23.7
z_39.0_6.0,2027,3,2027-T3,Diminution,74.7,2.6,74.7,22.7
z_39.0_6.0,2027,4,2027-T4,Diminution,68.6,3.9,68.6,27.5
z_39.0_6.0,2028,1,2028-T1,Diminution,75.1,2.8,75.1,22.1
z_39.0_6.0,2028,2,2028-T2,Diminution,65.1,4.3,65.1,30.5
z_39.0_6.0,2028,3,2028-T3,Diminution,74.7,2.6,74.7,22.7
z_39.0_6.0,2028,4,2028-T4,Diminution,74.8,4.0,74.8,21.2
z_39.0_6.0,2029,1,2029-T1,Diminution,75.1,2.8,75.1,22.1
z_39.0_6.0,2029,2,2029-T2,Diminution,72.8,2.6,72.8,24.7
z_39.0_6.0,2029,3,2029-T3,Diminution,74.7,2.6,74.7,22.7
z_39.0_6.0,2029,4,2029-T4,Diminution,67.9,4.2,67.9,27.9
z_39.0_6.0,2030,1,2030-T1,Diminution,75.1,2.8,75.1,22.1
z_39.0_6.0,2030,2,2030-T2,Diminution,72.8,2.6,72.8,24.7
z_39.0_6.0,2030,3,2030-T3,Diminution,74.7,2.6,74.7,22.7
z_39.0_6.0,2030,4,2030-T4,Diminution,75.9,2.9,75.9,21.3
z_39.0_7.5,2023,1,2023-T1,Diminution,64.5,8.9,64.5,26.7
z_39.0_7.5,2023,2,2023-T2,Diminution,40.4,22.2,40.4,37.4
z_39.0_7.5,2023,3,2023-T3,Diminution,46.6,16.4,46.6,37.1
z_39.0_7.5,2023,4,2023-T4,Stable,44.8,14.0,41.2,44.8
z_39.0_7.5,2024,1,2024-T1,Diminution,65.2,9.7,65.2,25.1
z_39.0_7.5,2024,2,2024-T2,Diminution,53.3,14.3,53.3,32.5
z_39.0_7.5,2024,3,2024-T3,Diminution,52.3,14.9,52.3,32.8
z_39.0_7.5,2024,4,2024-T4,Diminution,44.5,11.4,44.5,44.2
z_39.0_7.5,2025,1,2025-T1,Diminution,71.3,5.7,71.3,23.0
z_39.0_7.5,2025,2,2025-T2,Diminution,53.3,14.3,53.3,32.5
z_39.0_7.5,2025,3,2025-T3,Diminution,52.3,14.9,52.3,32.8
z_39.0_7.5,2025,4,2025-T4,Stable,48.5,14.8,36.7,48.5
z_39.0_7.5,2026,1,2026-T1,Diminution,67.2,7.7,67.2,25.1
z_39.0_7.5,2026,2,2026-T2,Diminution,52.7,15.6,52.7,31.7
z_39.0_7.5,2026,3,2026-T3,Diminution,49.9,13.6,49.9,36.5
z_39.0_7.5,2026,4,2026-T4,Diminution,44.5,11.4,44.5,44.2
z_39.0_7.5,2027,1,2027-T1,Diminution,73.2,6.7,73.2,20.1
z_39.0_7.5,2027,2,2027-T2,Diminution,53.3,14.3,53.3,32.5
z_39.0_7.5,2027,3,2027-T3,Diminution,47.9,13.2,47.9,38.9
z_39.0_7.5,2027,4,2027-T4,Diminution,44.5,11.4,44.5,44.2
z_39.0_7.5,2028,1,2028-T1,Diminution,67.6,7.0,67.6,25.4
z_39.0_7.5,2028,2,2028-T2,Diminution,53.3,14.3,53.3,32.5
z_39.0_7.5,2028,3,2028-T3,Diminution,51.0,14.2,51.0,34.7
z_39.0_7.5,2028,4,2028-T4,Diminution,44.5,11.4,44.5,44.2
z_39.0_7.5,2029,1,2029-T1,Diminution,72.9,7.2,72.9,19.9
z_39.0_7.5,2029,2,2029-T2,Diminution,53.3,14.3,53.3,32.5
z_39.0_7.5,2029,3,2029-T3,Diminution,50.5,14.5,50.5,35.0
z_39.0_7.5,2029,4,2029-T4,Diminution,44.5,11.4,44.5,44.2
z_39.0_7.5,2030,1,2030-T1,Diminution,72.9,7.2,72.9,19.9
z_39.0_7.5,2030,2,2030-T2,Diminution,53.3,14.3,53.3,32.5
z_39.0_7.5,2030,3,2030-T3,Diminution,47.6,17.2,47.6,35.3
z_39.0_7.5,2030,4,2030-T4,Diminution,44.5,11.4,44.5,44.2
z_39.0_9.0,2023,1,2023-T1,Stable,43.0,18.4,38.6,43.0
z_39.0_9.0,2023,2,2023-T2,Diminution,47.0,15.7,47.0,37.3
z_39.0_9.0,2023,3,2023-T3,Stable,48.9,32.0,19.1,48.9
z_39.0_9.0,2023,4,2023-T4,Stable,40.0,30.0,30.0,40.0
z_39.0_9.0,2024,1,2024-T1,Stable,52.8,29.9,17.4,52.8
z_39.0_9.0,2024,2,2024-T2,Stable,49.0,21.5,29.5,49.0
z_39.0_9.0,2024,3,2024-T3,Stable,52.2,32.0,15.8,52.2
z_39.0_9.0,2024,4,2024-T4,Stable,38.2,35.9,25.8,38.2
z_39.0_9.0,2025,1,2025-T1,Stable,52.7,33.3,14.0,52.7
z_39.0_9.0,2025,2,2025-T2,Stable,48.1,23.5,28.4,48.1
z_39.0_9.0,2025,3,2025-T3,Stable,46.2,38.0,15.9,46.2
z_39.0_9.0,2025,4,2025-T4,Stable,39.5,25.5,35.0,39.5
z_39.0_9.0,2026,1,2026-T1,Stable,54.1,21.1,24.8,54.1
z_39.0_9.0,2026,2,2026-T2,Diminution,56.1,11.9,56.1,31.9
z_39.0_9.0,2026,3,2026-T3,Stable,49.7,17.4,32.9,49.7
z_39.0_9.0,2026,4,2026-T4,Diminution,49.0,17.3,49.0,33.7
z_39.0_9.0,2027,1,2027-T1,Stable,48.2,16.6,35.1,48.2
z_39.0_9.0,2027,2,2027-T2,Diminution,43.2,17.6,43.2,39.2
z_39.0_9.0,2027,3,2027-T3,Stable,51.4,23.4,25.3,51.4
z_39.0_9.0,2027,4,2027-T4,Diminution,42.0,19.1,42.0,38.9
z_39.0_9.0,2028,1,2028-T1,Stable,50.2,25.4,24.5,50.2
z_39.0_9.0,2028,2,2028-T2,Diminution,43.2,17.7,43.2,39.0
z_39.0_9.0,2028,3,2028-T3,Stable,49.8,26.1,24.1,49.8
z_39.0_9.0,2028,4,2028-T4,Diminution,40.9,20.9,40.9,38.2
z_39.0_9.0,2029,1,2029-T1,Stable,50.7,24.3,25.0,50.7
z_39.0_9.0,2029,2,2029-T2,Diminution,42.2,18.2,42.2,39.6
z_39.0_9.0,2029,3,2029-T3,Stable,49.7,26.6,23.6,49.7
z_39.0_9.0,2029,4,2029-T4,Diminution,41.4,19.7,41.4,38.9
z_39.0_9.0,2030,1,2030-T1,Stable,50.7,24.3,25.0,50.7
z_39.0_9.0,2030,2,2030-T2,Diminution,41.1,18.3,41.1,40.6
z_39.0_9.0,2030,3,2030-T3,Stable,51.6,23.1,25.2,51.6
z_39.0_9.0,2030,4,2030-T4,Diminution,41.4,19.7,41.4,38.9
z_40.5_-10.5,2023,1,2023-T1,Stable,54.3,15.3,30.4,54.3
z_40.5_-10.5,2023,2,2023-T2,Diminution,48.0,18.4,48.0,33.7
z_40.5_-10.5,2023,3,2023-T3,Stable,52.5,20.7,26.8,52.5
z_40.5_-10.5,2023,4,2023-T4,Stable,53.5,27.6,18.9,53.5
z_40.5_-10.5,2024,1,2024-T1,Stable,59.6,20.7,19.7,59.6
z_40.5_-10.5,2024,2,2024-T2,Diminution,52.5,13.7,52.5,33.8
z_40.5_-10.5,2024,3,2024-T3,Diminution,45.5,13.2,45.5,41.4
z_40.5_-10.5,2024,4,2024-T4,Stable,45.7,18.2,36.1,45.7
z_40.5_-10.5,2025,1,2025-T1,Stable,45.3,19.6,35.1,45.3
z_40.5_-10.5,2025,2,2025-T2,Diminution,69.3,8.5,69.3,22.2
z_40.5_-10.5,2025,3,2025-T3,Diminution,49.9,6.7,49.9,43.5
z_40.5_-10.5,2025,4,2025-T4,Diminution,43.5,15.3,43.5,41.2
z_40.5_-10.5,2026,1,2026-T1,Stable,51.2,17.8,31.0,51.2
z_40.5_-10.5,2026,2,2026-T2,Diminution,66.4,9.7,66.4,23.9
z_40.5_-10.5,2026,3,2026-T3,Diminution,52.3,7.1,52.3,40.6
z_40.5_-10.5,2026,4,2026-T4,Diminution,44.0,12.8,44.0,43.1
z_40.5_-10.5,2027,1,2027-T1,Stable,47.7,10.5,41.8,47.7
z_40.5_-10.5,2027,2,2027-T2,Diminution,72.4,7.9,72.4,19.7
z_40.5_-10.5,2027,3,2027-T3,Diminution,54.6,6.2,54.6,39.2
z_40.5_-10.5,2027,4,2027-T4,Diminution,45.5,13.1,45.5,41.4
z_40.5_-10.5,2028,1,2028-T1,Stable,48.6,12.0,39.4,48.6
z_40.5_-10.5,2028,2,2028-T2,Diminution,69.5,8.9,69.5,21.6
z_40.5_-10.5,2028,3,2028-T3,Diminution,52.5,7.9,52.5,39.6
z_40.5_-10.5,2028,4,2028-T4,Stable,43.7,15.3,40.9,43.7
z_40.5_-10.5,2029,1,2029-T1,Stable,48.2,11.5,40.3,48.2
z_40.5_-10.5,2029,2,2029-T2,Diminution,71.7,8.8,71.7,19.5
z_40.5_-10.5,2029,3,2029-T3,Diminution,52.6,6.6,52.6,40.8
z_40.5_-10.5,2029,4,2029-T4,Diminution,45.5,13.5,45.5,41.0
z_40.5_-10.5,2030,1,2030-T1,Stable,48.2,11.5,40.3,48.2
z_40.5_-10.5,2030,2,2030-T2,Diminution,71.7,8.8,71.7,19.5
z_40.5_-10.5,2030,3,2030-T3,Diminution,59.2,6.1,59.2,34.7
z_40.5_-10.5,2030,4,2030-T4,Diminution,43.5,15.3,43.5,41.2
z_40.5_-22.5,2023,1,2023-T1,Diminution,92.1,1.3,92.1,6.7
z_40.5_-22.5,2023,2,2023-T2,Diminution,90.2,1.4,90.2,8.4
z_40.5_-22.5,2023,3,2023-T3,Diminution,90.8,1.5,90.8,7.6
z_40.5_-22.5,2023,4,2023-T4,Diminution,91.8,1.4,91.8,6.8
z_40.5_-22.5,2024,1,2024-T1,Diminution,92.1,1.3,92.1,6.7
z_40.5_-22.5,2024,2,2024-T2,Diminution,90.2,1.4,90.2,8.4
z_40.5_-22.5,2024,3,2024-T3,Diminution,76.8,1.8,76.8,21.4
z_40.5_-22.5,2024,4,2024-T4,Diminution,80.2,2.7,80.2,17.1
z_40.5_-22.5,2025,1,2025-T1,Diminution,90.4,2.0,90.4,7.6
z_40.5_-22.5,2025,2,2025-T2,Diminution,85.5,1.2,85.5,13.2
z_40.5_-22.5,2025,3,2025-T3,Diminution,90.8,1.5,90.8,7.6
z_40.5_-22.5,2025,4,2025-T4,Diminution,91.8,1.4,91.8,6.8
z_40.5_-22.5,2026,1,2026-T1,Diminution,92.1,1.3,92.1,6.7
z_40.5_-22.5,2026,2,2026-T2,Diminution,85.6,4.1,85.6,10.3
z_40.5_-22.5,2026,3,2026-T3,Diminution,90.8,1.5,90.8,7.6
z_40.5_-22.5,2026,4,2026-T4,Diminution,91.8,1.4,91.8,6.8
z_40.5_-22.5,2027,1,2027-T1,Diminution,92.1,1.3,92.1,6.7
z_40.5_-22.5,2027,2,2027-T2,Diminution,79.2,1.8,79.2,19.0
z_40.5_-22.5,2027,3,2027-T3,Diminution,90.8,1.5,90.8,7.6
z_40.5_-22.5,2027,4,2027-T4,Diminution,91.8,1.4,91.8,6.8
z_40.5_-22.5,2028,1,2028-T1,Diminution,92.1,1.3,92.1,6.7
z_40.5_-22.5,2028,2,2028-T2,Diminution,85.4,2.2,85.4,12.4
z_40.5_-22.5,2028,3,2028-T3,Diminution,90.8,1.5,90.8,7.6
z_40.5_-22.5,2028,4,2028-T4,Diminution,91.8,1.4,91.8,6.8
z_40.5_-22.5,2029,1,2029-T1,Diminution,92.1,1.3,92.1,6.7
z_40.5_-22.5,2029,2,2029-T2,Diminution,66.0,5.2,66.0,28.8
z_40.5_-22.5,2029,3,2029-T3,Diminution,90.8,1.5,90.8,7.6
z_40.5_-22.5,2029,4,2029-T4,Diminution,91.8,1.4,91.8,6.8
z_40.5_-22.5,2030,1,2030-T1,Diminution,92.1,1.3,92.1,6.7
z_40.5_-22.5,2030,2,2030-T2,Diminution,90.2,1.4,90.2,8.4
z_40.5_-22.5,2030,3,2030-T3,Diminution,90.8,1.5,90.8,7.6
z_40.5_-22.5,2030,4,2030-T4,Diminution,91.8,1.4,91.8,6.8
z_40.5_-36.0,2023,1,2023-T1,Diminution,90.1,1.3,90.1,8.6
z_40.5_-36.0,2023,2,2023-T2,Diminution,88.1,1.4,88.1,10.6
z_40.5_-36.0,2023,3,2023-T3,Diminution,89.7,1.6,89.7,8.8
z_40.5_-36.0,2023,4,2023-T4,Diminution,90.3,1.5,90.3,8.2
z_40.5_-36.0,2024,1,2024-T1,Diminution,90.1,1.3,90.1,8.6
z_40.5_-36.0,2024,2,2024-T2,Diminution,88.1,1.4,88.1,10.6
z_40.5_-36.0,2024,3,2024-T3,Diminution,89.7,1.6,89.7,8.8
z_40.5_-36.0,2024,4,2024-T4,Diminution,90.3,1.5,90.3,8.2
z_40.5_-36.0,2025,1,2025-T1,Diminution,77.7,1.6,77.7,20.7
z_40.5_-36.0,2025,2,2025-T2,Diminution,79.5,2.4,79.5,18.1
z_40.5_-36.0,2025,3,2025-T3,Diminution,87.9,2.4,87.9,9.7
z_40.5_-36.0,2025,4,2025-T4,Diminution,85.7,1.6,85.7,12.7
z_40.5_-36.0,2026,1,2026-T1,Diminution,90.1,1.3,90.1,8.6
z_40.5_-36.0,2026,2,2026-T2,Diminution,88.1,1.4,88.1,10.6
z_40.5_-36.0,2026,3,2026-T3,Diminution,89.7,1.6,89.7,8.8
z_40.5_-36.0,2026,4,2026-T4,Diminution,84.9,2.8,84.9,12.3
z_40.5_-36.0,2027,1,2027-T1,Diminution,90.1,1.3,90.1,8.6
z_40.5_-36.0,2027,2,2027-T2,Diminution,88.1,1.4,88.1,10.6
z_40.5_-36.0,2027,3,2027-T3,Diminution,89.7,1.6,89.7,8.8
z_40.5_-36.0,2027,4,2027-T4,Diminution,78.7,2.3,78.7,18.9
z_40.5_-36.0,2028,1,2028-T1,Diminution,90.1,1.3,90.1,8.6
z_40.5_-36.0,2028,2,2028-T2,Diminution,88.1,1.4,88.1,10.6
z_40.5_-36.0,2028,3,2028-T3,Diminution,89.7,1.6,89.7,8.8
z_40.5_-36.0,2028,4,2028-T4,Diminution,86.2,2.9,86.2,10.9
z_40.5_-36.0,2029,1,2029-T1,Diminution,90.1,1.3,90.1,8.6
z_40.5_-36.0,2029,2,2029-T2,Diminution,88.1,1.4,88.1,10.6
z_40.5_-36.0,2029,3,2029-T3,Diminution,89.7,1.6,89.7,8.8
z_40.5_-36.0,2029,4,2029-T4,Diminution,70.0,7.7,70.0,22.3
z_40.5_-36.0,2030,1,2030-T1,Diminution,90.1,1.3,90.1,8.6
z_40.5_-36.0,2030,2,2030-T2,Diminution,88.1,1.4,88.1,10.6
z_40.5_-36.0,2030,3,2030-T3,Diminution,89.7,1.6,89.7,8.8
z_40.5_-36.0,2030,4,2030-T4,Diminution,90.3,1.5,90.3,8.2
z_40.5_-9.0,2023,1,2023-T1,Stable,45.8,38.9,15.3,45.8
z_40.5_-9.0,2023,2,2023-T2,Augmentation,61.3,61.3,13.2,25.5
z_40.5_-9.0,2023,3,2023-T3,Augmentation,49.6,49.6,19.7,30.7
z_40.5_-9.0,2023,4,2023-T4,Augmentation,44.8,44.8,23.6,31.6
z_40.5_-9.0,2024,1,2024-T1,Stable,36.8,32.4,30.7,36.8
z_40.5_-9.0,2024,2,2024-T2,Augmentation,38.2,38.2,24.4,37.4
z_40.5_-9.0,2024,3,2024-T3,Augmentation,52.2,52.2,17.6,30.2
z_40.5_-9.0,2024,4,2024-T4,Augmentation,55.2,55.2,18.3,26.5
z_40.5_-9.0,2025,1,2025-T1,Augmentation,41.3,41.3,27.2,31.5
z_40.5_-9.0,2025,2,2025-T2,Augmentation,52.4,52.4,13.7,33.9
z_40.5_-9.0,2025,3,2025-T3,Augmentation,57.8,57.8,15.0,27.2
z_40.5_-9.0,2025,4,2025-T4,Augmentation,56.0,56.0,16.9,27.1
z_40.5_-9.0,2026,1,2026-T1,Stable,35.9,35.0,29.1,35.9
z_40.5_-9.0,2026,2,2026-T2,Augmentation,47.4,47.4,19.3,33.2
z_40.5_-9.0,2026,3,2026-T3,Augmentation,52.5,52.5,17.5,29.9
z_40.5_-9.0,2026,4,2026-T4,Augmentation,60.3,60.3,14.5,25.2
z_40.5_-9.0,2027,1,2027-T1,Augmentation,50.8,50.8,20.6,28.6
z_40.5_-9.0,2027,2,2027-T2,Augmentation,50.6,50.6,15.9,33.5
z_40.5_-9.0,2027,3,2027-T3,Augmentation,51.7,51.7,15.9,32.4
z_40.5_-9.0,2027,4,2027-T4,Augmentation,62.7,62.7,12.7,24.6
z_40.5_-9.0,2028,1,2028-T1,Augmentation,49.4,49.4,19.3,31.3
z_40.5_-9.0,2028,2,2028-T2,Augmentation,55.0,55.0,14.3,30.6
z_40.5_-9.0,2028,3,2028-T3,Augmentation,52.4,52.4,16.2,31.4
z_40.5_-9.0,2028,4,2028-T4,Augmentation,63.8,63.8,12.7,23.5
z_40.5_-9.0,2029,1,2029-T1,Augmentation,51.1,51.1,19.9,29.0
z_40.5_-9.0,2029,2,2029-T2,Augmentation,56.2,56.2,13.8,30.0
z_40.5_-9.0,2029,3,2029-T3,Augmentation,53.2,53.2,15.0,31.7
z_40.5_-9.0,2029,4,2029-T4,Augmentation,62.0,62.0,13.3,24.6
z_40.5_-9.0,2030,1,2030-T1,Augmentation,50.1,50.1,19.2,30.7
z_40.5_-9.0,2030,2,2030-T2,Augmentation,57.8,57.8,13.4,28.8
z_40.5_-9.0,2030,3,2030-T3,Augmentation,59.3,59.3,14.5,26.2
z_40.5_-9.0,2030,4,2030-T4,Augmentation,64.3,64.3,12.6,23.1
z_40.5_0.0,2023,1,2023-T1,Stable,40.8,34.2,25.0,40.8
z_40.5_0.0,2023,2,2023-T2,Stable,51.2,32.7,16.0,51.2
z_40.5_0.0,2023,3,2023-T3,Stable,54.0,27.3,18.7,54.0
z_40.5_0.0,2023,4,2023-T4,Stable,64.7,19.0,16.3,64.7
z_40.5_0.0,2024,1,2024-T1,Augmentation,45.4,45.4,22.2,32.4
z_40.5_0.0,2024,2,2024-T2,Stable,44.3,43.0,12.7,44.3
z_40.5_0.0,2024,3,2024-T3,Stable,47.9,41.4,10.7,47.9
z_40.5_0.0,2024,4,2024-T4,Stable,49.7,38.2,12.0,49.7
z_40.5_0.0,2025,1,2025-T1,Augmentation,50.0,50.0,14.0,36.0
z_40.5_0.0,2025,2,2025-T2,Augmentation,54.2,54.2,10.4,35.4
z_40.5_0.0,2025,3,2025-T3,Augmentation,49.5,49.5,12.0,38.6
z_40.5_0.0,2025,4,2025-T4,Stable,47.2,37.7,15.1,47.2
z_40.5_0.0,2026,1,2026-T1,Diminution,37.3,25.7,37.3,37.0
z_40.5_0.0,2026,2,2026-T2,Stable,57.0,22.2,20.8,57.0
z_40.5_0.0,2026,3,2026-T3,Stable,49.8,30.4,19.8,49.8
z_40.5_0.0,2026,4,2026-T4,Stable,55.5,29.1,15.4,55.5
z_40.5_0.0,2027,1,2027-T1,Augmentation,39.4,39.4,25.0,35.6
z_40.5_0.0,2027,2,2027-T2,Stable,53.0,29.7,17.2,53.0
z_40.5_0.0,2027,3,2027-T3,Stable,55.7,28.3,16.0,55.7
z_40.5_0.0,2027,4,2027-T4,Stable,60.0,26.8,13.2,60.0
z_40.5_0.0,2028,1,2028-T1,Stable,38.6,37.2,24.1,38.6
z_40.5_0.0,2028,2,2028-T2,Stable,52.1,32.9,14.9,52.1
z_40.5_0.0,2028,3,2028-T3,Stable,52.0,34.7,13.3,52.0
z_40.5_0.0,2028,4,2028-T4,Stable,53.4,34.9,11.8,53.4
z_40.5_0.0,2029,1,2029-T1,Augmentation,45.3,45.3,21.0,33.7
z_40.5_0.0,2029,2,2029-T2,Stable,48.2,36.4,15.4,48.2
z_40.5_0.0,2029,3,2029-T3,Stable,45.3,39.5,15.2,45.3
z_40.5_0.0,2029,4,2029-T4,Stable,53.0,33.5,13.6,53.0
z_40.5_0.0,2030,1,2030-T1,Augmentation,44.7,44.7,21.4,33.9
z_40.5_0.0,2030,2,2030-T2,Stable,45.1,39.8,15.1,45.1
z_40.5_0.0,2030,3,2030-T3,Stable,44.5,40.1,15.4,44.5
z_40.5_0.0,2030,4,2030-T4,Stable,53.3,33.5,13.3,53.3
z_40.5_1.5,2023,1,2023-T1,Augmentation,56.4,56.4,15.8,27.8
z_40.5_1.5,2023,2,2023-T2,Augmentation,44.3,44.3,18.6,37.2
z_40.5_1.5,2023,3,2023-T3,Augmentation,43.7,43.7,29.8,26.4
z_40.5_1.5,2023,4,2023-T4,Augmentation,45.6,45.6,24.1,30.3
z_40.5_1.5,2024,1,2024-T1,Augmentation,46.4,46.4,18.0,35.5
z_40.5_1.5,2024,2,2024-T2,Augmentation,53.1,53.1,19.2,27.7
z_40.5_1.5,2024,3,2024-T3,Augmentation,49.8,49.8,20.3,29.8
z_40.5_1.5,2024,4,2024-T4,Augmentation,42.4,42.4,26.3,31.3
z_40.5_1.5,2025,1,2025-T1,Stable,37.3,25.5,37.2,37.3
z_40.5_1.5,2025,2,2025-T2,Augmentation,43.3,43.3,21.2,35.5
z_40.5_1.5,2025,3,2025-T3,Augmentation,51.2,51.2,21.5,27.3
z_40.5_1.5,2025,4,2025-T4,Augmentation,52.9,52.9,18.3,28.7
z_40.5_1.5,2026,1,2026-T1,Augmentation,46.5,46.5,21.2,32.3
z_40.5_1.5,2026,2,2026-T2,Augmentation,48.1,48.1,20.6,31.3
z_40.5_1.5,2026,3,2026-T3,Augmentation,46.0,46.0,23.4,30.5
z_40.5_1.5,2026,4,2026-T4,Augmentation,53.1,53.1,17.3,29.6
z_40.5_1.5,2027,1,2027-T1,Augmentation,51.1,51.1,17.4,31.5
z_40.5_1.5,2027,2,2027-T2,Augmentation,57.1,57.1,14.4,28.4
z_40.5_1.5,2027,3,2027-T3,Augmentation,60.4,60.4,16.5,23.1
z_40.5_1.5,2027,4,2027-T4,Augmentation,60.4,60.4,14.2,25.4
z_40.5_1.5,2028,1,2028-T1,Augmentation,45.8,45.8,20.2,34.0
z_40.5_1.5,2028,2,2028-T2,Augmentation,59.5,59.5,13.4,27.1
z_40.5_1.5,2028,3,2028-T3,Augmentation,57.3,57.3,17.1,25.6
z_40.5_1.5,2028,4,2028-T4,Augmentation,58.5,58.5,15.2,26.3
z_40.5_1.5,2029,1,2029-T1,Augmentation,51.2,51.2,18.2,30.6
z_40.5_1.5,2029,2,2029-T2,Augmentation,58.5,58.5,14.1,27.4
z_40.5_1.5,2029,3,2029-T3,Augmentation,60.5,60.5,15.2,24.3
z_40.5_1.5,2029,4,2029-T4,Augmentation,58.6,58.6,14.8,26.6
z_40.5_1.5,2030,1,2030-T1,Augmentation,51.7,51.7,17.3,31.0
z_40.5_1.5,2030,2,2030-T2,Augmentation,61.1,61.1,12.7,26.2
z_40.5_1.5,2030,3,2030-T3,Augmentation,61.7,61.7,15.2,23.1
z_40.5_1.5,2030,4,2030-T4,Augmentation,61.1,61.1,14.2,24.7
z_40.5_10.5,2023,1,2023-T1,Stable,44.2,16.1,39.7,44.2
z_40.5_10.5,2023,2,2023-T2,Diminution,59.0,7.9,59.0,33.0
z_40.5_10.5,2023,3,2023-T3,Stable,44.8,15.1,40.1,44.8
z_40.5_10.5,2023,4,2023-T4,Diminution,37.8,25.9,37.8,36.4
z_40.5_10.5,2024,1,2024-T1,Stable,45.9,19.5,34.6,45.9
z_40.5_10.5,2024,2,2024-T2,Diminution,62.1,7.8,62.1,30.1
z_40.5_10.5,2024,3,2024-T3,Stable,44.9,12.6,42.4,44.9
z_40.5_10.5,2024,4,2024-T4,Diminution,38.6,23.6,38.6,37.8
z_40.5_10.5,2025,1,2025-T1,Stable,48.8,16.9,34.3,48.8
z_40.5_10.5,2025,2,2025-T2,Diminution,62.1,7.8,62.1,30.1
z_40.5_10.5,2025,3,2025-T3,Stable,48.1,15.0,37.0,48.1
z_40.5_10.5,2025,4,2025-T4,Diminution,47.6,15.6,47.6,36.8
z_40.5_10.5,2026,1,2026-T1,Stable,46.2,13.4,40.4,46.2
z_40.5_10.5,2026,2,2026-T2,Diminution,59.0,7.9,59.0,33.0
z_40.5_10.5,2026,3,2026-T3,Stable,41.8,19.2,39.1,41.8
z_40.5_10.5,2026,4,2026-T4,Diminution,47.6,15.6,47.6,36.8
z_40.5_10.5,2027,1,2027-T1,Stable,44.3,15.4,40.3,44.3
z_40.5_10.5,2027,2,2027-T2,Diminution,59.0,7.9,59.0,33.0
z_40.5_10.5,2027,3,2027-T3,Diminution,44.4,15.7,44.4,39.9
z_40.5_10.5,2027,4,2027-T4,Diminution,47.6,15.6,47.6,36.8
z_40.5_10.5,2028,1,2028-T1,Stable,44.9,13.9,41.2,44.9
z_40.5_10.5,2028,2,2028-T2,Diminution,59.0,7.9,59.0,33.0
z_40.5_10.5,2028,3,2028-T3,Diminution,43.9,18.8,43.9,37.3
z_40.5_10.5,2028,4,2028-T4,Diminution,47.6,15.6,47.6,36.8
z_40.5_10.5,2029,1,2029-T1,Stable,44.9,13.9,41.2,44.9
z_40.5_10.5,2029,2,2029-T2,Diminution,59.0,7.9,59.0,33.0
z_40.5_10.5,2029,3,2029-T3,Diminution,45.5,17.1,45.5,37.4
z_40.5_10.5,2029,4,2029-T4,Diminution,47.6,15.6,47.6,36.8
z_40.5_10.5,2030,1,2030-T1,Stable,44.9,13.9,41.2,44.9
z_40.5_10.5,2030,2,2030-T2,Diminution,59.0,7.9,59.0,33.0
z_40.5_10.5,2030,3,2030-T3,Diminution,47.6,15.4,47.6,37.0
z_40.5_10.5,2030,4,2030-T4,Diminution,47.6,15.6,47.6,36.8
z_40.5_12.0,2023,1,2023-T1,Stable,42.7,21.9,35.5,42.7
z_40.5_12.0,2023,2,2023-T2,Stable,43.9,24.3,31.8,43.9
z_40.5_12.0,2023,3,2023-T3,Stable,42.3,27.7,30.0,42.3
z_40.5_12.0,2023,4,2023-T4,Stable,40.2,26.8,33.0,40.2
z_40.5_12.0,2024,1,2024-T1,Stable,45.2,22.6,32.2,45.2
z_40.5_12.0,2024,2,2024-T2,Stable,43.3,14.8,41.9,43.3
z_40.5_12.0,2024,3,2024-T3,Stable,46.3,14.1,39.6,46.3
z_40.5_12.0,2024,4,2024-T4,Stable,57.1,13.7,29.2,57.1
z_40.5_12.0,2025,1,2025-T1,Stable,56.6,19.2,24.2,56.6
z_40.5_12.0,2025,2,2025-T2,Stable,44.7,28.4,26.9,44.7
z_40.5_12.0,2025,3,2025-T3,Stable,46.0,21.8,32.1,46.0
z_40.5_12.0,2025,4,2025-T4,Stable,46.6,31.0,22.4,46.6
z_40.5_12.0,2026,1,2026-T1,Stable,43.8,20.2,36.0,43.8
z_40.5_12.0,2026,2,2026-T2,Diminution,45.1,15.6,45.1,39.3
z_40.5_12.0,2026,3,2026-T3,Stable,51.9,11.8,36.3,51.9
z_40.5_12.0,2026,4,2026-T4,Stable,53.6,18.7,27.7,53.6
z_40.5_12.0,2027,1,2027-T1,Stable,53.0,12.8,34.2,53.0
z_40.5_12.0,2027,2,2027-T2,Diminution,44.8,14.2,44.8,41.0
z_40.5_12.0,2027,3,2027-T3,Stable,50.8,16.2,33.0,50.8
z_40.5_12.0,2027,4,2027-T4,Stable,47.0,18.9,34.1,47.0
z_40.5_12.0,2028,1,2028-T1,Diminution,43.1,18.1,43.1,38.8
z_40.5_12.0,2028,2,2028-T2,Diminution,44.8,14.2,44.8,41.0
z_40.5_12.0,2028,3,2028-T3,Stable,49.6,16.2,34.2,49.6
z_40.5_12.0,2028,4,2028-T4,Stable,46.5,18.1,35.5,46.5
z_40.5_12.0,2029,1,2029-T1,Stable,45.6,12.4,42.1,45.6
z_40.5_12.0,2029,2,2029-T2,Diminution,44.8,14.2,44.8,41.0
z_40.5_12.0,2029,3,2029-T3,Stable,50.9,13.1,36.0,50.9
z_40.5_12.0,2029,4,2029-T4,Stable,46.1,19.1,34.8,46.1
z_40.5_12.0,2030,1,2030-T1,Diminution,43.6,13.9,43.6,42.5
z_40.5_12.0,2030,2,2030-T2,Diminution,44.8,14.2,44.8,41.0
z_40.5_12.0,2030,3,2030-T3,Stable,46.8,15.3,37.9,46.8
z_40.5_12.0,2030,4,2030-T4,Stable,51.3,14.7,34.0,51.3
z_40.5_13.5,2023,1,2023-T1,Augmentation,41.1,41.1,26.3,32.6
z_40.5_13.5,2023,2,2023-T2,Augmentation,40.1,40.1,24.1,35.7
z_40.5_13.5,2023,3,2023-T3,Augmentation,53.8,53.8,19.6,26.7
z_40.5_13.5,2023,4,2023-T4,Augmentation,47.7,47.7,17.3,35.0
z_40.5_13.5,2024,1,2024-T1,Stable,36.7,31.8,31.5,36.7
z_40.5_13.5,2024,2,2024-T2,Augmentation,48.7,48.7,17.1,34.2
z_40.5_13.5,2024,3,2024-T3,Augmentation,57.1,57.1,15.4,27.4
z_40.5_13.5,2024,4,2024-T4,Augmentation,63.3,63.3,10.3,26.4
z_40.5_13.5,2025,1,2025-T1,Augmentation,46.1,46.1,17.1,36.8
z_40.5_13.5,2025,2,2025-T2,Augmentation,51.7,51.7,15.7,32.7
z_40.5_13.5,2025,3,2025-T3,Augmentation,71.6,71.6,8.8,19.6
z_40.5_13.5,2025,4,2025-T4,Augmentation,71.7,71.7,9.3,19.0
z_40.5_13.5,2026,1,2026-T1,Augmentation,64.2,64.2,12.0,23.8
z_40.5_13.5,2026,2,2026-T2,Augmentation,71.9,71.9,9.0,19.1
z_40.5_13.5,2026,3,2026-T3,Augmentation,67.5,67.5,12.1,20.3
z_40.5_13.5,2026,4,2026-T4,Augmentation,65.0,65.0,13.0,22.0
z_40.5_13.5,2027,1,2027-T1,Augmentation,53.5,53.5,18.8,27.8
z_40.5_13.5,2027,2,2027-T2,Augmentation,61.4,61.4,13.9,24.6
z_40.5_13.5,2027,3,2027-T3,Augmentation,65.1,65.1,13.2,21.6
z_40.5_13.5,2027,4,2027-T4,Augmentation,71.6,71.6,11.1,17.3
z_40.5_13.5,2028,1,2028-T1,Augmentation,56.7,56.7,18.4,24.9
z_40.5_13.5,2028,2,2028-T2,Augmentation,65.0,65.0,13.3,21.7
z_40.5_13.5,2028,3,2028-T3,Augmentation,69.0,69.0,12.5,18.5
z_40.5_13.5,2028,4,2028-T4,Augmentation,73.2,73.2,10.6,16.2
z_40.5_13.5,2029,1,2029-T1,Augmentation,58.7,58.7,17.1,24.2
z_40.5_13.5,2029,2,2029-T2,Augmentation,65.9,65.9,13.2,20.9
z_40.5_13.5,2029,3,2029-T3,Augmentation,73.9,73.9,11.0,15.1
z_40.5_13.5,2029,4,2029-T4,Augmentation,73.4,73.4,10.7,15.8
z_40.5_13.5,2030,1,2030-T1,Augmentation,60.3,60.3,16.6,23.1
z_40.5_13.5,2030,2,2030-T2,Augmentation,67.8,67.8,13.6,18.6
z_40.5_13.5,2030,3,2030-T3,Augmentation,75.2,75.2,10.6,14.2
z_40.5_13.5,2030,4,2030-T4,Augmentation,74.4,74.4,10.6,15.1
z_40.5_16.5,2023,1,2023-T1,Diminution,39.9,29.0,39.9,31.1
z_40.5_16.5,2023,2,2023-T2,Stable,41.3,39.4,19.2,41.3
z_40.5_16.5,2023,3,2023-T3,Stable,48.1,37.7,14.2,48.1
z_40.5_16.5,2023,4,2023-T4,Stable,41.8,36.0,22.2,41.8
z_40.5_16.5,2024,1,2024-T1,Stable,40.0,29.9,30.1,40.0
z_40.5_16.5,2024,2,2024-T2,Stable,47.2,37.4,15.4,47.2
z_40.5_16.5,2024,3,2024-T3,Stable,49.8,37.0,13.2,49.8
z_40.5_16.5,2024,4,2024-T4,Stable,42.9,32.3,24.8,42.9
z_40.5_16.5,2025,1,2025-T1,Stable,39.2,27.7,33.1,39.2
z_40.5_16.5,2025,2,2025-T2,Stable,45.5,38.5,16.1,45.5
z_40.5_16.5,2025,3,2025-T3,Stable,54.1,32.6,13.3,54.1
z_40.5_16.5,2025,4,2025-T4,Stable,41.1,36.9,22.0,41.1
z_40.5_16.5,2026,1,2026-T1,Stable,35.6,34.7,29.7,35.6
z_40.5_16.5,2026,2,2026-T2,Stable,56.2,26.6,17.2,56.2
z_40.5_16.5,2026,3,2026-T3,Stable,59.4,24.1,16.5,59.4
z_40.5_16.5,2026,4,2026-T4,Stable,39.8,36.6,23.6,39.8
z_40.5_16.5,2027,1,2027-T1,Stable,37.7,32.7,29.6,37.7
z_40.5_16.5,2027,2,2027-T2,Stable,54.7,30.1,15.3,54.7
z_40.5_16.5,2027,3,2027-T3,Stable,60.6,25.4,13.9,60.6
z_40.5_16.5,2027,4,2027-T4,Stable,41.6,34.8,23.7,41.6
z_40.5_16.5,2028,1,2028-T1,Stable,39.3,31.4,29.4,39.3
z_40.5_16.5,2028,2,2028-T2,Stable,53.6,31.5,14.9,53.6
z_40.5_16.5,2028,3,2028-T3,Stable,60.0,24.7,15.3,60.0
z_40.5_16.5,2028,4,2028-T4,Stable,41.1,35.1,23.8,41.1
z_40.5_16.5,2029,1,2029-T1,Stable,40.1,32.8,27.1,40.1
z_40.5_16.5,2029,2,2029-T2,Stable,52.8,31.7,15.5,52.8
z_40.5_16.5,2029,3,2029-T3,Stable,60.6,26.5,13.0,60.6
z_40.5_16.5,2029,4,2029-T4,Stable,41.3,35.0,23.7,41.3
z_40.5_16.5,2030,1,2030-T1,Stable,42.3,28.8,28.9,42.3
z_40.5_16.5,2030,2,2030-T2,Stable,53.2,31.1,15.7,53.2
z_40.5_16.5,2030,3,2030-T3,Stable,62.9,23.5,13.5,62.9
z_40.5_16.5,2030,4,2030-T4,Stable,40.9,35.1,24.0,40.9
z_40.5_18.0,2023,1,2023-T1,Stable,48.1,16.9,35.0,48.1
z_40.5_18.0,2023,2,2023-T2,Stable,50.0,12.8,37.2,50.0
z_40.5_18.0,2023,3,2023-T3,Stable,49.7,11.1,39.2,49.7
z_40.5_18.0,2023,4,2023-T4,Stable,43.5,16.9,39.6,43.5
z_40.5_18.0,2024,1,2024-T1,Diminution,45.2,16.1,45.2,38.8
z_40.5_18.0,2024,2,2024-T2,Stable,40.9,23.3,35.8,40.9
z_40.5_18.0,2024,3,2024-T3,Stable,50.4,23.5,26.1,50.4
z_40.5_18.0,2024,4,2024-T4,Stable,43.0,26.6,30.4,43.0
z_40.5_18.0,2025,1,2025-T1,Stable,42.6,22.1,35.3,42.6
z_40.5_18.0,2025,2,2025-T2,Stable,42.7,24.7,32.6,42.7
z_40.5_18.0,2025,3,2025-T3,Stable,46.4,11.8,41.8,46.4
z_40.5_18.0,2025,4,2025-T4,Stable,45.5,22.6,31.9,45.5
z_40.5_18.0,2026,1,2026-T1,Stable,48.2,20.2,31.6,48.2
z_40.5_18.0,2026,2,2026-T2,Stable,44.1,14.0,41.9,44.1
z_40.5_18.0,2026,3,2026-T3,Stable,47.3,10.2,42.5,47.3
z_40.5_18.0,2026,4,2026-T4,Stable,47.6,14.0,38.4,47.6
z_40.5_18.0,2027,1,2027-T1,Diminution,46.3,13.4,46.3,40.3
z_40.5_18.0,2027,2,2027-T2,Stable,44.0,14.0,42.0,44.0
z_40.5_18.0,2027,3,2027-T3,Stable,48.9,11.0,40.1,48.9
z_40.5_18.0,2027,4,2027-T4,Stable,42.3,18.1,39.6,42.3
z_40.5_18.0,2028,1,2028-T1,Diminution,47.1,13.3,47.1,39.6
z_40.5_18.0,2028,2,2028-T2,Diminution,44.1,12.8,44.1,43.1
z_40.5_18.0,2028,3,2028-T3,Stable,47.9,11.2,40.9,47.9
z_40.5_18.0,2028,4,2028-T4,Stable,44.0,13.9,42.1,44.0
z_40.5_18.0,2029,1,2029-T1,Diminution,46.0,14.7,46.0,39.2
z_40.5_18.0,2029,2,2029-T2,Stable,43.3,15.6,41.1,43.3
z_40.5_18.0,2029,3,2029-T3,Stable,47.8,10.8,41.5,47.8
z_40.5_18.0,2029,4,2029-T4,Stable,42.8,15.7,41.4,42.8
z_40.5_18.0,2030,1,2030-T1,Diminution,48.1,13.5,48.1,38.4
z_40.5_18.0,2030,2,2030-T2,Diminution,45.0,12.7,45.0,42.3
z_40.5_18.0,2030,3,2030-T3,Stable,48.1,12.1,39.9,48.1
z_40.5_18.0,2030,4,2030-T4,Stable,43.3,13.8,43.0,43.3
z_40.5_22.5,2023,1,2023-T1,Stable,52.4,31.6,16.0,52.4
z_40.5_22.5,2023,2,2023-T2,Augmentation,53.5,53.5,16.1,30.4
z_40.5_22.5,2023,3,2023-T3,Augmentation,57.1,57.1,12.4,30.5
z_40.5_22.5,2023,4,2023-T4,Augmentation,47.9,47.9,18.4,33.8
z_40.5_22.5,2024,1,2024-T1,Augmentation,47.3,47.3,13.5,39.2
z_40.5_22.5,2024,2,2024-T2,Augmentation,45.2,45.2,21.8,33.0
z_40.5_22.5,2024,3,2024-T3,Stable,44.5,36.0,19.5,44.5
z_40.5_22.5,2024,4,2024-T4,Stable,37.0,32.2,30.8,37.0
z_40.5_22.5,2025,1,2025-T1,Augmentation,42.8,42.8,17.4,39.8
z_40.5_22.5,2025,2,2025-T2,Stable,37.4,36.8,25.9,37.4
z_40.5_22.5,2025,3,2025-T3,Stable,59.2,23.0,17.7,59.2
z_40.5_22.5,2025,4,2025-T4,Stable,37.9,28.2,33.8,37.9
z_40.5_22.5,2026,1,2026-T1,Stable,44.8,30.8,24.4,44.8
z_40.5_22.5,2026,2,2026-T2,Stable,41.7,22.4,35.9,41.7
z_40.5_22.5,2026,3,2026-T3,Stable,47.9,33.2,18.9,47.9
z_40.5_22.5,2026,4,2026-T4,Stable,37.9,26.7,35.4,37.9
z_40.5_22.5,2027,1,2027-T1,Stable,47.1,33.9,18.9,47.1
z_40.5_22.5,2027,2,2027-T2,Stable,43.6,24.2,32.2,43.6
z_40.5_22.5,2027,3,2027-T3,Stable,53.8,28.5,17.7,53.8
z_40.5_22.5,2027,4,2027-T4,Stable,39.6,27.1,33.3,39.6
z_40.5_22.5,2028,1,2028-T1,Stable,47.8,33.8,18.4,47.8
z_40.5_22.5,2028,2,2028-T2,Stable,43.1,24.5,32.4,43.1
z_40.5_22.5,2028,3,2028-T3,Stable,53.8,28.5,17.7,53.8
z_40.5_22.5,2028,4,2028-T4,Stable,41.4,26.2,32.3,41.4
z_40.5_22.5,2029,1,2029-T1,Stable,50.1,31.2,18.7,50.1
z_40.5_22.5,2029,2,2029-T2,Stable,44.5,22.9,32.6,44.5
z_40.5_22.5,2029,3,2029-T3,Stable,53.8,28.5,17.7,53.8
z_40.5_22.5,2029,4,2029-T4,Stable,43.0,25.1,31.9,43.0
z_40.5_22.5,2030,1,2030-T1,Stable,51.4,29.8,18.8,51.4
z_40.5_22.5,2030,2,2030-T2,Stable,44.5,22.9,32.6,44.5
z_40.5_22.5,2030,3,2030-T3,Stable,53.8,28.5,17.7,53.8
z_40.5_22.5,2030,4,2030-T4,Stable,44.4,23.5,32.2,44.4
z_40.5_24.0,2023,1,2023-T1,Augmentation,45.6,45.6,15.5,38.9
z_40.5_24.0,2023,2,2023-T2,Stable,43.8,31.9,24.3,43.8
z_40.5_24.0,2023,3,2023-T3,Diminution,46.2,17.0,46.2,36.8
z_40.5_24.0,2023,4,2023-T4,Stable,49.6,29.1,21.2,49.6
z_40.5_24.0,2024,1,2024-T1,Stable,46.2,33.7,20.2,46.2
z_40.5_24.0,2024,2,2024-T2,Augmentation,44.4,44.4,20.5,35.1
z_40.5_24.0,2024,3,2024-T3,Augmentation,59.6,59.6,15.5,25.0
z_40.5_24.0,2024,4,2024-T4,Augmentation,52.7,52.7,11.6,35.7
z_40.5_24.0,2025,1,2025-T1,Stable,49.2,39.8,11.0,49.2
z_40.5_24.0,2025,2,2025-T2,Augmentation,56.1,56.1,12.6,31.3
z_40.5_24.0,2025,3,2025-T3,Augmentation,68.6,68.6,11.5,19.9
z_40.5_24.0,2025,4,2025-T4,Augmentation,61.1,61.1,9.6,29.3
z_40.5_24.0,2026,1,2026-T1,Stable,44.0,41.8,14.2,44.0
z_40.5_24.0,2026,2,2026-T2,Stable,40.6,35.7,23.7,40.6
z_40.5_24.0,2026,3,2026-T3,Augmentation,52.6,52.6,22.7,24.7
z_40.5_24.0,2026,4,2026-T4,Augmentation,56.8,56.8,11.1,32.2
z_40.5_24.0,2027,1,2027-T1,Augmentation,50.3,50.3,13.2,36.5
z_40.5_24.0,2027,2,2027-T2,Augmentation,46.6,46.6,19.6,33.8
z_40.5_24.0,2027,3,2027-T3,Augmentation,57.0,57.0,18.0,25.0
z_40.5_24.0,2027,4,2027-T4,Augmentation,55.9,55.9,10.5,33.6
z_40.5_24.0,2028,1,2028-T1,Augmentation,50.3,50.3,12.0,37.7
z_40.5_24.0,2028,2,2028-T2,Augmentation,48.3,48.3,17.6,34.1
z_40.5_24.0,2028,3,2028-T3,Augmentation,54.9,54.9,18.5,26.5
z_40.5_24.0,2028,4,2028-T4,Augmentation,56.0,56.0,10.2,33.8
z_40.5_24.0,2029,1,2029-T1,Augmentation,52.2,52.2,11.3,36.5
z_40.5_24.0,2029,2,2029-T2,Augmentation,48.5,48.5,15.9,35.6
z_40.5_24.0,2029,3,2029-T3,Augmentation,55.4,55.4,17.8,26.9
z_40.5_24.0,2029,4,2029-T4,Augmentation,56.3,56.3,10.8,32.9
z_40.5_24.0,2030,1,2030-T1,Augmentation,53.6,53.6,11.3,35.1
z_40.5_24.0,2030,2,2030-T2,Augmentation,50.7,50.7,16.5,32.8
z_40.5_24.0,2030,3,2030-T3,Augmentation,57.8,57.8,17.3,24.9
z_40.5_24.0,2030,4,2030-T4,Augmentation,57.3,57.3,10.7,32.0
z_40.5_25.5,2023,1,2023-T1,Stable,47.9,35.4,16.7,47.9
z_40.5_25.5,2023,2,2023-T2,Stable,48.1,31.0,21.0,48.1
z_40.5_25.5,2023,3,2023-T3,Diminution,45.1,25.5,45.1,29.4
z_40.5_25.5,2023,4,2023-T4,Stable,53.3,22.9,23.8,53.3
z_40.5_25.5,2024,1,2024-T1,Stable,53.5,15.7,30.8,53.5
z_40.5_25.5,2024,2,2024-T2,Stable,54.2,16.7,29.1,54.2
z_40.5_25.5,2024,3,2024-T3,Diminution,37.5,30.8,37.5,31.7
z_40.5_25.5,2024,4,2024-T4,Stable,54.4,17.9,27.8,54.4
z_40.5_25.5,2025,1,2025-T1,Diminution,45.6,9.5,45.6,44.8
z_40.5_25.5,2025,2,2025-T2,Stable,41.7,30.1,28.3,41.7
z_40.5_25.5,2025,3,2025-T3,Diminution,51.4,18.4,51.4,30.2
z_40.5_25.5,2025,4,2025-T4,Stable,51.3,15.9,32.7,51.3
z_40.5_25.5,2026,1,2026-T1,Stable,47.0,7.6,45.4,47.0
z_40.5_25.5,2026,2,2026-T2,Stable,57.7,13.1,29.2,57.7
z_40.5_25.5,2026,3,2026-T3,Diminution,52.0,18.9,52.0,29.1
z_40.5_25.5,2026,4,2026-T4,Stable,56.4,11.5,32.2,56.4
z_40.5_25.5,2027,1,2027-T1,Stable,50.7,9.1,40.2,50.7
z_40.5_25.5,2027,2,2027-T2,Stable,47.2,16.5,36.3,47.2
z_40.5_25.5,2027,3,2027-T3,Diminution,56.2,16.5,56.2,27.3
z_40.5_25.5,2027,4,2027-T4,Stable,51.5,12.5,36.0,51.5
z_40.5_25.5,2028,1,2028-T1,Stable,46.3,7.7,46.1,46.3
z_40.5_25.5,2028,2,2028-T2,Stable,55.0,11.4,33.6,55.0
z_40.5_25.5,2028,3,2028-T3,Diminution,54.7,16.9,54.7,28.4
z_40.5_25.5,2028,4,2028-T4,Stable,54.8,11.3,33.9,54.8
z_40.5_25.5,2029,1,2029-T1,Stable,48.0,7.2,44.9,48.0
z_40.5_25.5,2029,2,2029-T2,Stable,47.9,15.0,37.1,47.9
z_40.5_25.5,2029,3,2029-T3,Diminution,53.0,17.4,53.0,29.7
z_40.5_25.5,2029,4,2029-T4,Stable,54.8,11.3,33.9,54.8
z_40.5_25.5,2030,1,2030-T1,Stable,47.2,6.7,46.1,47.2
z_40.5_25.5,2030,2,2030-T2,Stable,52.2,11.3,36.5,52.2
z_40.5_25.5,2030,3,2030-T3,Diminution,53.0,17.4,53.0,29.7
z_40.5_25.5,2030,4,2030-T4,Stable,54.8,11.3,33.9,54.8
z_40.5_27.0,2023,1,2023-T1,Diminution,63.8,11.9,63.8,24.3
z_40.5_27.0,2023,2,2023-T2,Diminution,78.4,2.8,78.4,18.8
z_40.5_27.0,2023,3,2023-T3,Diminution,83.0,2.0,83.0,15.0
z_40.5_27.0,2023,4,2023-T4,Diminution,78.4,2.8,78.4,18.9
z_40.5_27.0,2024,1,2024-T1,Diminution,68.9,12.5,68.9,18.7
z_40.5_27.0,2024,2,2024-T2,Diminution,68.4,2.5,68.4,29.1
z_40.5_27.0,2024,3,2024-T3,Diminution,83.0,2.0,83.0,15.0
z_40.5_27.0,2024,4,2024-T4,Diminution,80.5,2.6,80.5,16.9
z_40.5_27.0,2025,1,2025-T1,Diminution,68.9,12.5,68.9,18.7
z_40.5_27.0,2025,2,2025-T2,Diminution,71.2,2.7,71.2,26.1
z_40.5_27.0,2025,3,2025-T3,Diminution,76.5,2.2,76.5,21.3
z_40.5_27.0,2025,4,2025-T4,Diminution,70.1,4.2,70.1,25.7
z_40.5_27.0,2026,1,2026-T1,Diminution,67.5,11.8,67.5,20.6
z_40.5_27.0,2026,2,2026-T2,Diminution,80.9,2.0,80.9,17.1
z_40.5_27.0,2026,3,2026-T3,Diminution,83.0,2.0,83.0,15.0
z_40.5_27.0,2026,4,2026-T4,Diminution,83.3,2.5,83.3,14.1
z_40.5_27.0,2027,1,2027-T1,Diminution,67.1,9.7,67.1,23.2
z_40.5_27.0,2027,2,2027-T2,Diminution,80.9,2.0,80.9,17.1
z_40.5_27.0,2027,3,2027-T3,Diminution,83.0,2.0,83.0,15.0
z_40.5_27.0,2027,4,2027-T4,Diminution,83.3,2.5,83.3,14.1
z_40.5_27.0,2028,1,2028-T1,Diminution,67.5,10.6,67.5,21.9
z_40.5_27.0,2028,2,2028-T2,Diminution,80.9,2.0,80.9,17.1
z_40.5_27.0,2028,3,2028-T3,Diminution,83.0,2.0,83.0,15.0
z_40.5_27.0,2028,4,2028-T4,Diminution,83.3,2.5,83.3,14.1
z_40.5_27.0,2029,1,2029-T1,Diminution,71.0,10.7,71.0,18.3
z_40.5_27.0,2029,2,2029-T2,Diminution,80.9,2.0,80.9,17.1
z_40.5_27.0,2029,3,2029-T3,Diminution,83.0,2.0,83.0,15.0
z_40.5_27.0,2029,4,2029-T4,Diminution,83.3,2.5,83.3,14.1
z_40.5_27.0,2030,1,2030-T1,Diminution,65.7,11.4,65.7,22.9
z_40.5_27.0,2030,2,2030-T2,Diminution,80.9,2.0,80.9,17.1
z_40.5_27.0,2030,3,2030-T3,Diminution,83.0,2.0,83.0,15.0
z_40.5_27.0,2030,4,2030-T4,Diminution,83.3,2.5,83.3,14.1
z_40.5_28.5,2023,1,2023-T1,Augmentation,50.4,50.4,17.4,32.2
z_40.5_28.5,2023,2,2023-T2,Augmentation,54.5,54.5,19.2,26.2
z_40.5_28.5,2023,3,2023-T3,Augmentation,45.9,45.9,17.0,37.1
z_40.5_28.5,2023,4,2023-T4,Augmentation,51.8,51.8,11.7,36.5
z_40.5_28.5,2024,1,2024-T1,Augmentation,55.3,55.3,15.4,29.3
z_40.5_28.5,2024,2,2024-T2,Stable,38.1,36.4,25.5,38.1
z_40.5_28.5,2024,3,2024-T3,Stable,41.3,33.2,25.5,41.3
z_40.5_28.5,2024,4,2024-T4,Stable,37.5,31.6,30.9,37.5
z_40.5_28.5,2025,1,2025-T1,Stable,41.0,23.2,35.8,41.0
z_40.5_28.5,2025,2,2025-T2,Diminution,52.3,17.0,52.3,30.7
z_40.5_28.5,2025,3,2025-T3,Diminution,49.2,21.0,49.2,29.8
z_40.5_28.5,2025,4,2025-T4,Diminution,47.4,25.3,47.4,27.3
z_40.5_28.5,2026,1,2026-T1,Diminution,54.6,20.9,54.6,24.5
z_40.5_28.5,2026,2,2026-T2,Diminution,44.3,25.8,44.3,29.9
z_40.5_28.5,2026,3,2026-T3,Diminution,39.5,25.9,39.5,34.7
z_40.5_28.5,2026,4,2026-T4,Diminution,35.5,31.4,35.5,33.1
z_40.5_28.5,2027,1,2027-T1,Augmentation,41.9,41.9,21.1,37.0
z_40.5_28.5,2027,2,2027-T2,Augmentation,37.8,37.8,24.9,37.4
z_40.5_28.5,2027,3,2027-T3,Stable,38.1,37.9,24.0,38.1
z_40.5_28.5,2027,4,2027-T4,Stable,41.4,35.5,23.1,41.4
z_40.5_28.5,2028,1,2028-T1,Augmentation,39.8,39.8,22.4,37.9
z_40.5_28.5,2028,2,2028-T2,Augmentation,39.0,39.0,22.1,39.0
z_40.5_28.5,2028,3,2028-T3,Stable,41.8,34.8,23.4,41.8
z_40.5_28.5,2028,4,2028-T4,Stable,38.9,35.9,25.2,38.9
z_40.5_28.5,2029,1,2029-T1,Augmentation,38.5,38.5,23.6,37.9
z_40.5_28.5,2029,2,2029-T2,Stable,39.2,37.1,23.8,39.2
z_40.5_28.5,2029,3,2029-T3,Stable,40.7,33.2,26.1,40.7
z_40.5_28.5,2029,4,2029-T4,Stable,38.6,35.6,25.7,38.6
z_40.5_28.5,2030,1,2030-T1,Augmentation,39.5,39.5,22.9,37.7
z_40.5_28.5,2030,2,2030-T2,Stable,39.3,36.9,23.9,39.3
z_40.5_28.5,2030,3,2030-T3,Stable,40.5,34.0,25.4,40.5
z_40.5_28.5,2030,4,2030-T4,Stable,38.4,36.6,25.0,38.4
z_40.5_3.0,2023,1,2023-T1,Augmentation,51.1,51.1,12.4,36.5
z_40.5_3.0,2023,2,2023-T2,Augmentation,48.3,48.3,12.3,39.3
z_40.5_3.0,2023,3,2023-T3,Stable,48.5,38.1,13.4,48.5
z_40.5_3.0,2023,4,2023-T4,Stable,54.6,32.5,12.9,54.6
z_40.5_3.0,2024,1,2024-T1,Stable,49.4,33.0,17.5,49.4
z_40.5_3.0,2024,2,2024-T2,Stable,49.8,34.5,15.7,49.8
z_40.5_3.0,2024,3,2024-T3,Stable,46.3,37.4,16.3,46.3
z_40.5_3.0,2024,4,2024-T4,Stable,52.6,31.2,16.2,52.6
z_40.5_3.0,2025,1,2025-T1,Stable,48.3,35.0,16.7,48.3
z_40.5_3.0,2025,2,2025-T2,Stable,47.8,38.7,13.5,47.8
z_40.5_3.0,2025,3,2025-T3,Augmentation,46.8,46.8,12.8,40.3
z_40.5_3.0,2025,4,2025-T4,Augmentation,48.2,48.2,11.7,40.2
z_40.5_3.0,2026,1,2026-T1,Stable,50.5,34.5,14.9,50.5
z_40.5_3.0,2026,2,2026-T2,Stable,48.9,37.6,13.5,48.9
z_40.5_3.0,2026,3,2026-T3,Stable,46.6,38.7,14.7,46.6
z_40.5_3.0,2026,4,2026-T4,Stable,57.7,27.6,14.7,57.7
z_40.5_3.0,2027,1,2027-T1,Stable,52.2,30.6,17.1,52.2
z_40.5_3.0,2027,2,2027-T2,Stable,46.8,37.9,15.3,46.8
z_40.5_3.0,2027,3,2027-T3,Stable,47.1,39.0,13.9,47.1
z_40.5_3.0,2027,4,2027-T4,Stable,61.3,23.8,14.9,61.3
z_40.5_3.0,2028,1,2028-T1,Stable,51.0,32.2,16.8,51.0
z_40.5_3.0,2028,2,2028-T2,Stable,50.1,32.7,17.3,50.1
z_40.5_3.0,2028,3,2028-T3,Stable,51.5,32.1,16.4,51.5
z_40.5_3.0,2028,4,2028-T4,Stable,62.2,24.3,13.5,62.2
z_40.5_3.0,2029,1,2029-T1,Stable,53.0,29.9,17.2,53.0
z_40.5_3.0,2029,2,2029-T2,Stable,53.3,32.4,14.3,53.3
z_40.5_3.0,2029,3,2029-T3,Stable,52.2,33.8,14.0,52.2
z_40.5_3.0,2029,4,2029-T4,Stable,61.5,24.6,13.9,61.5
z_40.5_3.0,2030,1,2030-T1,Stable,51.3,31.8,16.9,51.3
z_40.5_3.0,2030,2,2030-T2,Stable,51.7,34.1,14.2,51.7
z_40.5_3.0,2030,3,2030-T3,Stable,52.1,33.1,14.7,52.1
z_40.5_3.0,2030,4,2030-T4,Stable,63.4,22.4,14.2,63.4
z_40.5_37.5,2023,1,2023-T1,Diminution,90.2,1.5,90.2,8.4
z_40.5_37.5,2023,2,2023-T2,Diminution,87.8,1.6,87.8,10.7
z_40.5_37.5,2023,3,2023-T3,Diminution,89.2,1.8,89.2,9.0
z_40.5_37.5,2023,4,2023-T4,Diminution,90.1,1.7,90.1,8.2
z_40.5_37.5,2024,1,2024-T1,Diminution,90.2,1.5,90.2,8.4
z_40.5_37.5,2024,2,2024-T2,Diminution,87.8,1.6,87.8,10.7
z_40.5_37.5,2024,3,2024-T3,Diminution,75.6,2.3,75.6,22.1
z_40.5_37.5,2024,4,2024-T4,Diminution,79.8,3.0,79.8,17.3
z_40.5_37.5,2025,1,2025-T1,Diminution,88.1,2.3,88.1,9.6
z_40.5_37.5,2025,2,2025-T2,Diminution,84.0,1.3,84.0,14.7
z_40.5_37.5,2025,3,2025-T3,Diminution,89.2,1.8,89.2,9.0
z_40.5_37.5,2025,4,2025-T4,Diminution,90.1,1.7,90.1,8.2
z_40.5_37.5,2026,1,2026-T1,Diminution,90.2,1.5,90.2,8.4
z_40.5_37.5,2026,2,2026-T2,Diminution,84.8,3.6,84.8,11.6
z_40.5_37.5,2026,3,2026-T3,Diminution,89.2,1.8,89.2,9.0
z_40.5_37.5,2026,4,2026-T4,Diminution,90.1,1.7,90.1,8.2
z_40.5_37.5,2027,1,2027-T1,Diminution,90.2,1.5,90.2,8.4
z_40.5_37.5,2027,2,2027-T2,Diminution,76.0,2.6,76.0,21.4
z_40.5_37.5,2027,3,2027-T3,Diminution,89.2,1.8,89.2,9.0
z_40.5_37.5,2027,4,2027-T4,Diminution,90.1,1.7,90.1,8.2
z_40.5_37.5,2028,1,2028-T1,Diminution,90.2,1.5,90.2,8.4
z_40.5_37.5,2028,2,2028-T2,Diminution,83.6,2.6,83.6,13.8
z_40.5_37.5,2028,3,2028-T3,Diminution,89.2,1.8,89.2,9.0
z_40.5_37.5,2028,4,2028-T4,Diminution,90.1,1.7,90.1,8.2
z_40.5_37.5,2029,1,2029-T1,Diminution,90.2,1.5,90.2,8.4
z_40.5_37.5,2029,2,2029-T2,Diminution,66.2,6.2,66.2,27.6
z_40.5_37.5,2029,3,2029-T3,Diminution,89.2,1.8,89.2,9.0
z_40.5_37.5,2029,4,2029-T4,Diminution,90.1,1.7,90.1,8.2
z_40.5_37.5,2030,1,2030-T1,Diminution,90.2,1.5,90.2,8.4
z_40.5_37.5,2030,2,2030-T2,Diminution,87.8,1.6,87.8,10.7
z_40.5_37.5,2030,3,2030-T3,Diminution,89.2,1.8,89.2,9.0
z_40.5_37.5,2030,4,2030-T4,Diminution,90.1,1.7,90.1,8.2
z_40.5_4.5,2023,1,2023-T1,Diminution,74.0,5.1,74.0,20.9
z_40.5_4.5,2023,2,2023-T2,Diminution,82.1,3.0,82.1,14.8
z_40.5_4.5,2023,3,2023-T3,Diminution,89.1,4.2,89.1,6.6
z_40.5_4.5,2023,4,2023-T4,Diminution,90.0,3.4,90.0,6.6
z_40.5_4.5,2024,1,2024-T1,Diminution,82.4,5.7,82.4,11.9
z_40.5_4.5,2024,2,2024-T2,Diminution,82.6,6.9,82.6,10.5
z_40.5_4.5,2024,3,2024-T3,Diminution,89.1,4.2,89.1,6.6
z_40.5_4.5,2024,4,2024-T4,Diminution,76.9,2.9,76.9,20.2
z_40.5_4.5,2025,1,2025-T1,Diminution,63.6,5.7,63.6,30.7
z_40.5_4.5,2025,2,2025-T2,Diminution,73.5,4.7,73.5,21.8
z_40.5_4.5,2025,3,2025-T3,Diminution,83.0,3.7,83.0,13.3
z_40.5_4.5,2025,4,2025-T4,Diminution,90.0,3.4,90.0,6.6
z_40.5_4.5,2026,1,2026-T1,Diminution,85.5,3.3,85.5,11.2
z_40.5_4.5,2026,2,2026-T2,Diminution,83.1,3.8,83.1,13.2
z_40.5_4.5,2026,3,2026-T3,Diminution,83.3,7.0,83.3,9.8
z_40.5_4.5,2026,4,2026-T4,Diminution,90.0,3.4,90.0,6.6
z_40.5_4.5,2027,1,2027-T1,Diminution,66.2,8.0,66.2,25.8
z_40.5_4.5,2027,2,2027-T2,Diminution,64.5,7.5,64.5,28.0
z_40.5_4.5,2027,3,2027-T3,Diminution,77.1,4.3,77.1,18.6
z_40.5_4.5,2027,4,2027-T4,Diminution,90.0,3.4,90.0,6.6
z_40.5_4.5,2028,1,2028-T1,Diminution,90.0,3.1,90.0,6.9
z_40.5_4.5,2028,2,2028-T2,Diminution,88.2,3.5,88.2,8.3
z_40.5_4.5,2028,3,2028-T3,Diminution,84.3,4.1,84.3,11.6
z_40.5_4.5,2028,4,2028-T4,Diminution,90.0,3.4,90.0,6.6
z_40.5_4.5,2029,1,2029-T1,Diminution,90.0,3.1,90.0,6.9
z_40.5_4.5,2029,2,2029-T2,Diminution,88.2,3.5,88.2,8.3
z_40.5_4.5,2029,3,2029-T3,Diminution,61.2,9.1,61.2,29.8
z_40.5_4.5,2029,4,2029-T4,Diminution,90.0,3.4,90.0,6.6
z_40.5_4.5,2030,1,2030-T1,Diminution,90.0,3.1,90.0,6.9
z_40.5_4.5,2030,2,2030-T2,Diminution,88.2,3.5,88.2,8.3
z_40.5_4.5,2030,3,2030-T3,Diminution,89.1,4.2,89.1,6.6
z_40.5_4.5,2030,4,2030-T4,Diminution,90.0,3.4,90.0,6.6
z_40.5_7.5,2023,1,2023-T1,Diminution,52.7,18.9,52.7,28.4
z_40.5_7.5,2023,2,2023-T2,Diminution,55.2,22.4,55.2,22.4
z_40.5_7.5,2023,3,2023-T3,Diminution,50.5,23.3,50.5,26.3
z_40.5_7.5,2023,4,2023-T4,Diminution,39.7,25.3,39.7,35.0
z_40.5_7.5,2024,1,2024-T1,Stable,45.6,9.2,45.2,45.6
z_40.5_7.5,2024,2,2024-T2,Diminution,58.1,18.3,58.1,23.6
z_40.5_7.5,2024,3,2024-T3,Stable,43.4,17.2,39.4,43.4
z_40.5_7.5,2024,4,2024-T4,Diminution,42.5,21.8,42.5,35.7
z_40.5_7.5,2025,1,2025-T1,Diminution,47.2,15.9,47.2,36.9
z_40.5_7.5,2025,2,2025-T2,Stable,47.0,22.2,30.8,47.0
z_40.5_7.5,2025,3,2025-T3,Stable,48.0,17.6,34.4,48.0
z_40.5_7.5,2025,4,2025-T4,Stable,43.5,25.5,31.0,43.5
z_40.5_7.5,2026,1,2026-T1,Stable,44.9,21.7,33.3,44.9
z_40.5_7.5,2026,2,2026-T2,Diminution,47.8,19.0,47.8,33.2
z_40.5_7.5,2026,3,2026-T3,Stable,47.3,9.6,43.1,47.3
z_40.5_7.5,2026,4,2026-T4,Diminution,55.8,15.2,55.8,29.0
z_40.5_7.5,2027,1,2027-T1,Diminution,58.4,11.5,58.4,30.1
z_40.5_7.5,2027,2,2027-T2,Diminution,49.6,10.9,49.6,39.5
z_40.5_7.5,2027,3,2027-T3,Diminution,48.8,14.9,48.8,36.3
z_40.5_7.5,2027,4,2027-T4,Diminution,49.3,11.8,49.3,38.9
z_40.5_7.5,2028,1,2028-T1,Diminution,53.0,9.8,53.0,37.2
z_40.5_7.5,2028,2,2028-T2,Diminution,58.1,14.3,58.1,27.6
z_40.5_7.5,2028,3,2028-T3,Stable,41.5,21.0,37.6,41.5
z_40.5_7.5,2028,4,2028-T4,Diminution,58.9,16.1,58.9,25.0
z_40.5_7.5,2029,1,2029-T1,Diminution,62.2,13.0,62.2,24.8
z_40.5_7.5,2029,2,2029-T2,Diminution,54.2,21.0,54.2,24.8
z_40.5_7.5,2029,3,2029-T3,Diminution,53.8,14.9,53.8,31.3
z_40.5_7.5,2029,4,2029-T4,Diminution,53.4,23.2,53.4,23.4
z_40.5_7.5,2030,1,2030-T1,Diminution,57.9,18.5,57.9,23.6
z_40.5_7.5,2030,2,2030-T2,Diminution,66.7,12.5,66.7,20.8
z_40.5_7.5,2030,3,2030-T3,Diminution,49.5,21.9,49.5,28.6
z_40.5_7.5,2030,4,2030-T4,Diminution,62.4,13.0,62.4,24.6
z_40.5_9.0,2023,1,2023-T1,Stable,39.5,33.1,27.4,39.5
z_40.5_9.0,2023,2,2023-T2,Diminution,38.2,25.4,38.2,36.4
z_40.5_9.0,2023,3,2023-T3,Stable,37.3,33.4,29.3,37.3
z_40.5_9.0,2023,4,2023-T4,Augmentation,38.1,38.1,26.3,35.6
z_40.5_9.0,2024,1,2024-T1,Stable,45.5,27.0,27.5,45.5
z_40.5_9.0,2024,2,2024-T2,Stable,42.3,23.8,34.0,42.3
z_40.5_9.0,2024,3,2024-T3,Stable,37.0,31.6,31.4,37.0
z_40.5_9.0,2024,4,2024-T4,Stable,40.0,30.8,29.2,40.0
z_40.5_9.0,2025,1,2025-T1,Stable,43.1,28.7,28.1,43.1
z_40.5_9.0,2025,2,2025-T2,Stable,37.8,36.2,25.9,37.8
z_40.5_9.0,2025,3,2025-T3,Augmentation,35.9,35.9,30.8,33.3
z_40.5_9.0,2025,4,2025-T4,Stable,39.8,37.0,23.2,39.8
z_40.5_9.0,2026,1,2026-T1,Stable,42.1,31.1,26.8,42.1
z_40.5_9.0,2026,2,2026-T2,Stable,39.2,31.0,29.8,39.2
z_40.5_9.0,2026,3,2026-T3,Stable,38.3,23.5,38.2,38.3
z_40.5_9.0,2026,4,2026-T4,Stable,37.7,26.9,35.4,37.7
z_40.5_9.0,2027,1,2027-T1,Stable,41.3,25.8,32.9,41.3
z_40.5_9.0,2027,2,2027-T2,Stable,39.4,25.5,35.0,39.4
z_40.5_9.0,2027,3,2027-T3,Stable,36.9,27.9,35.1,36.9
z_40.5_9.0,2027,4,2027-T4,Stable,40.0,26.4,33.6,40.0
z_40.5_9.0,2028,1,2028-T1,Stable,41.7,24.6,33.7,41.7
z_40.5_9.0,2028,2,2028-T2,Stable,38.8,25.9,35.4,38.8
z_40.5_9.0,2028,3,2028-T3,Diminution,38.8,25.5,38.8,35.7
z_40.5_9.0,2028,4,2028-T4,Stable,41.1,26.1,32.8,41.1
z_40.5_9.0,2029,1,2029-T1,Stable,41.9,24.5,33.6,41.9
z_40.5_9.0,2029,2,2029-T2,Stable,40.7,25.4,33.8,40.7
z_40.5_9.0,2029,3,2029-T3,Stable,39.7,24.7,35.5,39.7
z_40.5_9.0,2029,4,2029-T4,Stable,40.2,26.8,33.1,40.2
z_40.5_9.0,2030,1,2030-T1,Stable,42.4,25.2,32.4,42.4
z_40.5_9.0,2030,2,2030-T2,Stable,41.2,25.0,33.8,41.2
z_40.5_9.0,2030,3,2030-T3,Stable,37.7,25.4,36.9,37.7
z_40.5_9.0,2030,4,2030-T4,Stable,41.7,24.8,33.5,41.7
z_42.0_-10.5,2023,1,2023-T1,Augmentation,39.6,39.6,22.9,37.5
z_42.0_-10.5,2023,2,2023-T2,Augmentation,39.2,39.2,21.8,39.1
z_42.0_-10.5,2023,3,2023-T3,Stable,45.2,40.3,14.5,45.2
z_42.0_-10.5,2023,4,2023-T4,Augmentation,45.0,45.0,18.8,36.2
z_42.0_-10.5,2024,1,2024-T1,Augmentation,43.4,43.4,21.2,35.4
z_42.0_-10.5,2024,2,2024-T2,Augmentation,42.7,42.7,18.3,39.1
z_42.0_-10.5,2024,3,2024-T3,Augmentation,49.9,49.9,11.2,38.9
z_42.0_-10.5,2024,4,2024-T4,Augmentation,48.0,48.0,18.8,33.2
z_42.0_-10.5,2025,1,2025-T1,Augmentation,50.8,50.8,17.6,31.5
z_42.0_-10.5,2025,2,2025-T2,Augmentation,45.9,45.9,17.2,36.9
z_42.0_-10.5,2025,3,2025-T3,Augmentation,51.0,51.0,11.2,37.8
z_42.0_-10.5,2025,4,2025-T4,Augmentation,44.3,44.3,21.5,34.2
z_42.0_-10.5,2026,1,2026-T1,Augmentation,42.5,42.5,19.9,37.7
z_42.0_-10.5,2026,2,2026-T2,Augmentation,51.6,51.6,17.7,30.8
z_42.0_-10.5,2026,3,2026-T3,Augmentation,49.3,49.3,14.5,36.2
z_42.0_-10.5,2026,4,2026-T4,Augmentation,50.2,50.2,19.1,30.8
z_42.0_-10.5,2027,1,2027-T1,Augmentation,44.5,44.5,19.0,36.5
z_42.0_-10.5,2027,2,2027-T2,Augmentation,55.7,55.7,17.5,26.8
z_42.0_-10.5,2027,3,2027-T3,Augmentation,52.3,52.3,11.3,36.3
z_42.0_-10.5,2027,4,2027-T4,Augmentation,41.9,41.9,20.1,38.0
z_42.0_-10.5,2028,1,2028-T1,Augmentation,50.4,50.4,16.4,33.1
z_42.0_-10.5,2028,2,2028-T2,Augmentation,55.4,55.4,15.0,29.6
z_42.0_-10.5,2028,3,2028-T3,Augmentation,52.0,52.0,10.8,37.3
z_42.0_-10.5,2028,4,2028-T4,Augmentation,44.2,44.2,19.3,36.5
z_42.0_-10.5,2029,1,2029-T1,Augmentation,52.7,52.7,15.8,31.5
z_42.0_-10.5,2029,2,2029-T2,Augmentation,58.4,58.4,13.9,27.7
z_42.0_-10.5,2029,3,2029-T3,Augmentation,54.0,54.0,11.4,34.7
z_42.0_-10.5,2029,4,2029-T4,Augmentation,46.8,46.8,19.0,34.3
z_42.0_-10.5,2030,1,2030-T1,Augmentation,52.7,52.7,15.8,31.6
z_42.0_-10.5,2030,2,2030-T2,Augmentation,57.0,57.0,15.0,28.0
z_42.0_-10.5,2030,3,2030-T3,Augmentation,55.9,55.9,10.9,33.2
z_42.0_-10.5,2030,4,2030-T4,Augmentation,50.9,50.9,17.0,32.1
z_42.0_-24.0,2023,1,2023-T1,Diminution,70.1,4.7,70.1,25.2
z_42.0_-24.0,2023,2,2023-T2,Diminution,67.6,4.6,67.6,27.8
z_42.0_-24.0,2023,3,2023-T3,Diminution,70.2,4.8,70.2,25.0
z_42.0_-24.0,2023,4,2023-T4,Diminution,70.6,5.2,70.6,24.2
z_42.0_-24.0,2024,1,2024-T1,Diminution,70.1,4.7,70.1,25.2
z_42.0_-24.0,2024,2,2024-T2,Diminution,67.6,4.6,67.6,27.8
z_42.0_-24.0,2024,3,2024-T3,Diminution,70.2,4.8,70.2,25.0
z_42.0_-24.0,2024,4,2024-T4,Diminution,70.6,5.2,70.6,24.2
z_42.0_-24.0,2025,1,2025-T1,Diminution,70.1,4.7,70.1,25.2
z_42.0_-24.0,2025,2,2025-T2,Diminution,67.6,4.6,67.6,27.8
z_42.0_-24.0,2025,3,2025-T3,Diminution,59.9,5.2,59.9,35.0
z_42.0_-24.0,2025,4,2025-T4,Diminution,61.2,5.9,61.2,32.9
z_42.0_-24.0,2026,1,2026-T1,Diminution,71.5,4.8,71.5,23.7
z_42.0_-24.0,2026,2,2026-T2,Diminution,60.8,5.7,60.8,33.5
z_42.0_-24.0,2026,3,2026-T3,Diminution,70.2,4.8,70.2,25.0
z_42.0_-24.0,2026,4,2026-T4,Diminution,70.6,5.2,70.6,24.2
z_42.0_-24.0,2027,1,2027-T1,Diminution,70.1,4.7,70.1,25.2
z_42.0_-24.0,2027,2,2027-T2,Diminution,64.6,5.7,64.6,29.7
z_42.0_-24.0,2027,3,2027-T3,Diminution,70.2,4.8,70.2,25.0
z_42.0_-24.0,2027,4,2027-T4,Diminution,70.6,5.2,70.6,24.2
z_42.0_-24.0,2028,1,2028-T1,Diminution,70.1,4.7,70.1,25.2
z_42.0_-24.0,2028,2,2028-T2,Diminution,66.8,4.7,66.8,28.4
z_42.0_-24.0,2028,3,2028-T3,Diminution,70.2,4.8,70.2,25.0
z_42.0_-24.0,2028,4,2028-T4,Diminution,70.6,5.2,70.6,24.2
z_42.0_-24.0,2029,1,2029-T1,Diminution,70.1,4.7,70.1,25.2
z_42.0_-24.0,2029,2,2029-T2,Diminution,66.6,6.1,66.6,27.2
z_42.0_-24.0,2029,3,2029-T3,Diminution,70.2,4.8,70.2,25.0
z_42.0_-24.0,2029,4,2029-T4,Diminution,70.6,5.2,70.6,24.2
z_42.0_-24.0,2030,1,2030-T1,Diminution,70.1,4.7,70.1,25.2
z_42.0_-24.0,2030,2,2030-T2,Diminution,59.2,6.1,59.2,34.7
z_42.0_-24.0,2030,3,2030-T3,Diminution,70.2,4.8,70.2,25.0
z_42.0_-24.0,2030,4,2030-T4,Diminution,70.6,5.2,70.6,24.2
z_42.0_-3.0,2023,1,2023-T1,Stable,51.2,29.0,19.8,51.2
z_42.0_-3.0,2023,2,2023-T2,Stable,39.7,30.5,29.8,39.7
z_42.0_-3.0,2023,3,2023-T3,Stable,48.6,37.5,13.8,48.6
z_42.0_-3.0,2023,4,2023-T4,Stable,54.7,31.3,14.0,54.7
z_42.0_-3.0,2024,1,2024-T1,Stable,55.5,30.7,13.8,55.5
z_42.0_-3.0,2024,2,2024-T2,Stable,42.2,30.2,27.6,42.2
z_42.0_-3.0,2024,3,2024-T3,Stable,43.0,41.6,15.3,43.0
z_42.0_-3.0,2024,4,2024-T4,Augmentation,46.5,46.5,12.6,41.0
z_42.0_-3.0,2025,1,2025-T1,Stable,52.3,33.3,14.3,52.3
z_42.0_-3.0,2025,2,2025-T2,Stable,42.5,31.3,26.2,42.5
z_42.0_-3.0,2025,3,2025-T3,Stable,54.1,30.7,15.2,54.1
z_42.0_-3.0,2025,4,2025-T4,Stable,48.4,32.7,19.0,48.4
z_42.0_-3.0,2026,1,2026-T1,Stable,59.4,20.6,19.9,59.4
z_42.0_-3.0,2026,2,2026-T2,Stable,37.3,29.2,33.5,37.3
z_42.0_-3.0,2026,3,2026-T3,Stable,51.1,28.7,20.3,51.1
z_42.0_-3.0,2026,4,2026-T4,Stable,54.6,30.6,14.8,54.6
z_42.0_-3.0,2027,1,2027-T1,Stable,54.1,32.8,13.1,54.1
z_42.0_-3.0,2027,2,2027-T2,Stable,39.8,32.6,27.6,39.8
z_42.0_-3.0,2027,3,2027-T3,Stable,55.1,28.6,16.3,55.1
z_42.0_-3.0,2027,4,2027-T4,Stable,54.6,29.6,15.9,54.6
z_42.0_-3.0,2028,1,2028-T1,Stable,54.9,31.1,14.1,54.9
z_42.0_-3.0,2028,2,2028-T2,Stable,41.6,33.9,24.4,41.6
z_42.0_-3.0,2028,3,2028-T3,Stable,54.3,30.9,14.8,54.3
z_42.0_-3.0,2028,4,2028-T4,Stable,54.8,29.7,15.5,54.8
z_42.0_-3.0,2029,1,2029-T1,Stable,55.2,29.9,14.9,55.2
z_42.0_-3.0,2029,2,2029-T2,Stable,43.3,32.1,24.7,43.3
z_42.0_-3.0,2029,3,2029-T3,Stable,54.4,30.2,15.5,54.4
z_42.0_-3.0,2029,4,2029-T4,Stable,54.8,29.8,15.3,54.8
z_42.0_-3.0,2030,1,2030-T1,Stable,55.3,29.4,15.3,55.3
z_42.0_-3.0,2030,2,2030-T2,Stable,43.5,31.0,25.5,43.5
z_42.0_-3.0,2030,3,2030-T3,Stable,55.0,29.2,15.7,55.0
z_42.0_-3.0,2030,4,2030-T4,Stable,55.2,29.2,15.6,55.2
z_42.0_-36.0,2023,1,2023-T1,Diminution,89.9,3.0,89.9,7.0
z_42.0_-36.0,2023,2,2023-T2,Diminution,87.6,3.5,87.6,8.9
z_42.0_-36.0,2023,3,2023-T3,Diminution,73.6,3.5,73.6,22.9
z_42.0_-36.0,2023,4,2023-T4,Diminution,77.0,4.2,77.0,18.8
z_42.0_-36.0,2024,1,2024-T1,Diminution,87.1,3.2,87.1,9.7
z_42.0_-36.0,2024,2,2024-T2,Diminution,81.6,3.0,81.6,15.4
z_42.0_-36.0,2024,3,2024-T3,Diminution,89.0,4.2,89.0,6.9
z_42.0_-36.0,2024,4,2024-T4,Diminution,89.8,3.4,89.8,6.8
z_42.0_-36.0,2025,1,2025-T1,Diminution,89.9,3.0,89.9,7.0
z_42.0_-36.0,2025,2,2025-T2,Diminution,82.1,6.8,82.1,11.1
z_42.0_-36.0,2025,3,2025-T3,Diminution,89.0,4.2,89.0,6.9
z_42.0_-36.0,2025,4,2025-T4,Diminution,89.8,3.4,89.8,6.8
z_42.0_-36.0,2026,1,2026-T1,Diminution,89.9,3.0,89.9,7.0
z_42.0_-36.0,2026,2,2026-T2,Diminution,76.2,3.4,76.2,20.3
z_42.0_-36.0,2026,3,2026-T3,Diminution,89.0,4.2,89.0,6.9
z_42.0_-36.0,2026,4,2026-T4,Diminution,89.8,3.4,89.8,6.8
z_42.0_-36.0,2027,1,2027-T1,Diminution,89.9,3.0,89.9,7.0
z_42.0_-36.0,2027,2,2027-T2,Diminution,82.6,3.7,82.6,13.6
z_42.0_-36.0,2027,3,2027-T3,Diminution,89.0,4.2,89.0,6.9
z_42.0_-36.0,2027,4,2027-T4,Diminution,89.8,3.4,89.8,6.8
z_42.0_-36.0,2028,1,2028-T1,Diminution,89.9,3.0,89.9,7.0
z_42.0_-36.0,2028,2,2028-T2,Diminution,64.5,7.4,64.5,28.2
z_42.0_-36.0,2028,3,2028-T3,Diminution,89.0,4.2,89.0,6.9
z_42.0_-36.0,2028,4,2028-T4,Diminution,89.8,3.4,89.8,6.8
z_42.0_-36.0,2029,1,2029-T1,Diminution,89.9,3.0,89.9,7.0
z_42.0_-36.0,2029,2,2029-T2,Diminution,87.6,3.5,87.6,8.9
z_42.0_-36.0,2029,3,2029-T3,Diminution,89.0,4.2,89.0,6.9
z_42.0_-36.0,2029,4,2029-T4,Diminution,89.8,3.4,89.8,6.8
z_42.0_-36.0,2030,1,2030-T1,Diminution,89.9,3.0,89.9,7.0
z_42.0_-36.0,2030,2,2030-T2,Diminution,87.6,3.5,87.6,8.9
z_42.0_-36.0,2030,3,2030-T3,Diminution,89.0,4.2,89.0,6.9
z_42.0_-36.0,2030,4,2030-T4,Diminution,89.8,3.4,89.8,6.8
z_42.0_-4.5,2023,1,2023-T1,Stable,54.4,13.7,32.0,54.4
z_42.0_-4.5,2023,2,2023-T2,Stable,46.9,28.4,24.7,46.9
z_42.0_-4.5,2023,3,2023-T3,Stable,41.8,32.6,25.6,41.8
z_42.0_-4.5,2023,4,2023-T4,Stable,44.1,28.8,27.1,44.1
z_42.0_-4.5,2024,1,2024-T1,Stable,47.8,27.5,24.6,47.8
z_42.0_-4.5,2024,2,2024-T2,Stable,47.5,21.4,31.1,47.5
z_42.0_-4.5,2024,3,2024-T3,Diminution,53.9,10.8,53.9,35.3
z_42.0_-4.5,2024,4,2024-T4,Stable,42.8,24.6,32.6,42.8
z_42.0_-4.5,2025,1,2025-T1,Stable,48.7,29.8,21.5,48.7
z_42.0_-4.5,2025,2,2025-T2,Stable,51.0,26.9,22.0,51.0
z_42.0_-4.5,2025,3,2025-T3,Stable,51.0,21.9,27.1,51.0
z_42.0_-4.5,2025,4,2025-T4,Stable,51.1,22.7,26.2,51.1
z_42.0_-4.5,2026,1,2026-T1,Stable,50.6,11.9,37.5,50.6
z_42.0_-4.5,2026,2,2026-T2,Stable,46.4,15.9,37.7,46.4
z_42.0_-4.5,2026,3,2026-T3,Stable,43.8,12.4,43.8,43.8
z_42.0_-4.5,2026,4,2026-T4,Stable,49.7,18.9,31.4,49.7
z_42.0_-4.5,2027,1,2027-T1,Stable,47.7,16.6,35.8,47.7
z_42.0_-4.5,2027,2,2027-T2,Stable,47.9,13.8,38.2,47.9
z_42.0_-4.5,2027,3,2027-T3,Diminution,51.2,9.5,51.2,39.3
z_42.0_-4.5,2027,4,2027-T4,Stable,50.8,15.4,33.8,50.8
z_42.0_-4.5,2028,1,2028-T1,Stable,43.7,19.9,36.4,43.7
z_42.0_-4.5,2028,2,2028-T2,Stable,47.9,13.8,38.2,47.9
z_42.0_-4.5,2028,3,2028-T3,Diminution,46.7,10.6,46.7,42.7
z_42.0_-4.5,2028,4,2028-T4,Stable,42.7,18.2,39.1,42.7
z_42.0_-4.5,2029,1,2029-T1,Stable,48.8,13.2,38.0,48.8
z_42.0_-4.5,2029,2,2029-T2,Stable,47.9,13.8,38.2,47.9
z_42.0_-4.5,2029,3,2029-T3,Diminution,48.9,10.2,48.9,41.0
z_42.0_-4.5,2029,4,2029-T4,Stable,42.8,18.3,38.9,42.8
z_42.0_-4.5,2030,1,2030-T1,Stable,45.4,15.3,39.3,45.4
z_42.0_-4.5,2030,2,2030-T2,Stable,47.9,13.8,38.2,47.9
z_42.0_-4.5,2030,3,2030-T3,Diminution,50.4,9.9,50.4,39.7
z_42.0_-4.5,2030,4,2030-T4,Stable,45.4,15.5,39.1,45.4
z_42.0_-6.0,2023,1,2023-T1,Diminution,78.3,3.2,78.3,18.5
z_42.0_-6.0,2023,2,2023-T2,Diminution,74.7,3.0,74.7,22.3
z_42.0_-6.0,2023,3,2023-T3,Diminution,58.9,4.8,58.9,36.3
z_42.0_-6.0,2023,4,2023-T4,Diminution,64.5,6.4,64.5,29.1
z_42.0_-6.0,2024,1,2024-T1,Diminution,78.1,3.7,78.1,18.3
z_42.0_-6.0,2024,2,2024-T2,Diminution,68.7,4.1,68.7,27.2
z_42.0_-6.0,2024,3,2024-T3,Diminution,78.1,3.2,78.1,18.7
z_42.0_-6.0,2024,4,2024-T4,Diminution,78.5,3.6,78.5,18.0
z_42.0_-6.0,2025,1,2025-T1,Diminution,78.3,3.2,78.3,18.5
z_42.0_-6.0,2025,2,2025-T2,Diminution,71.7,3.6,71.7,24.7
z_42.0_-6.0,2025,3,2025-T3,Diminution,64.3,3.7,64.3,32.0
z_42.0_-6.0,2025,4,2025-T4,Diminution,69.0,4.6,69.0,26.4
z_42.0_-6.0,2026,1,2026-T1,Diminution,78.1,3.7,78.1,18.3
z_42.0_-6.0,2026,2,2026-T2,Diminution,64.3,4.2,64.3,31.5
z_42.0_-6.0,2026,3,2026-T3,Diminution,78.1,3.2,78.1,18.7
z_42.0_-6.0,2026,4,2026-T4,Diminution,78.5,3.6,78.5,18.0
z_42.0_-6.0,2027,1,2027-T1,Diminution,78.3,3.2,78.3,18.5
z_42.0_-6.0,2027,2,2027-T2,Diminution,70.6,4.2,70.6,25.1
z_42.0_-6.0,2027,3,2027-T3,Diminution,78.1,3.2,78.1,18.7
z_42.0_-6.0,2027,4,2027-T4,Diminution,78.5,3.6,78.5,18.0
z_42.0_-6.0,2028,1,2028-T1,Diminution,78.3,3.2,78.3,18.5
z_42.0_-6.0,2028,2,2028-T2,Diminution,61.3,4.5,61.3,34.3
z_42.0_-6.0,2028,3,2028-T3,Diminution,78.1,3.2,78.1,18.7
z_42.0_-6.0,2028,4,2028-T4,Diminution,78.5,3.6,78.5,18.0
z_42.0_-6.0,2029,1,2029-T1,Diminution,78.3,3.2,78.3,18.5
z_42.0_-6.0,2029,2,2029-T2,Diminution,73.7,4.1,73.7,22.2
z_42.0_-6.0,2029,3,2029-T3,Diminution,78.1,3.2,78.1,18.7
z_42.0_-6.0,2029,4,2029-T4,Diminution,78.5,3.6,78.5,18.0
z_42.0_-6.0,2030,1,2030-T1,Diminution,78.3,3.2,78.3,18.5
z_42.0_-6.0,2030,2,2030-T2,Diminution,64.6,3.6,64.6,31.8
z_42.0_-6.0,2030,3,2030-T3,Diminution,78.1,3.2,78.1,18.7
z_42.0_-6.0,2030,4,2030-T4,Diminution,78.5,3.6,78.5,18.0
z_42.0_-9.0,2023,1,2023-T1,Augmentation,44.1,44.1,23.6,32.3
z_42.0_-9.0,2023,2,2023-T2,Augmentation,40.8,40.8,26.5,32.7
z_42.0_-9.0,2023,3,2023-T3,Augmentation,63.1,63.1,14.7,22.1
z_42.0_-9.0,2023,4,2023-T4,Augmentation,64.8,64.8,13.6,21.6
z_42.0_-9.0,2024,1,2024-T1,Augmentation,63.1,63.1,12.0,24.9
z_42.0_-9.0,2024,2,2024-T2,Augmentation,45.1,45.1,18.2,36.7
z_42.0_-9.0,2024,3,2024-T3,Augmentation,62.8,62.8,13.5,23.7
z_42.0_-9.0,2024,4,2024-T4,Augmentation,63.8,63.8,14.3,21.9
z_42.0_-9.0,2025,1,2025-T1,Augmentation,69.1,69.1,11.3,19.6
z_42.0_-9.0,2025,2,2025-T2,Augmentation,56.6,56.6,17.8,25.6
z_42.0_-9.0,2025,3,2025-T3,Augmentation,46.9,46.9,19.6,33.5
z_42.0_-9.0,2025,4,2025-T4,Diminution,39.2,27.2,39.2,33.6
z_42.0_-9.0,2026,1,2026-T1,Diminution,38.4,28.4,38.4,33.1
z_42.0_-9.0,2026,2,2026-T2,Diminution,39.4,24.0,39.4,36.7
z_42.0_-9.0,2026,3,2026-T3,Augmentation,55.4,55.4,19.1,25.5
z_42.0_-9.0,2026,4,2026-T4,Augmentation,57.5,57.5,16.7,25.8
z_42.0_-9.0,2027,1,2027-T1,Augmentation,59.3,59.3,15.1,25.6
z_42.0_-9.0,2027,2,2027-T2,Augmentation,54.2,54.2,17.2,28.5
z_42.0_-9.0,2027,3,2027-T3,Augmentation,65.8,65.8,12.6,21.6
z_42.0_-9.0,2027,4,2027-T4,Augmentation,59.9,59.9,14.3,25.8
z_42.0_-9.0,2028,1,2028-T1,Augmentation,63.1,63.1,13.4,23.4
z_42.0_-9.0,2028,2,2028-T2,Augmentation,55.1,55.1,17.5,27.4
z_42.0_-9.0,2028,3,2028-T3,Augmentation,66.7,66.7,12.9,20.4
z_42.0_-9.0,2028,4,2028-T4,Augmentation,62.2,62.2,14.6,23.2
z_42.0_-9.0,2029,1,2029-T1,Augmentation,62.2,62.2,13.1,24.6
z_42.0_-9.0,2029,2,2029-T2,Augmentation,52.3,52.3,16.9,30.7
z_42.0_-9.0,2029,3,2029-T3,Augmentation,66.2,66.2,12.1,21.7
z_42.0_-9.0,2029,4,2029-T4,Augmentation,61.3,61.3,14.5,24.2
z_42.0_-9.0,2030,1,2030-T1,Augmentation,63.9,63.9,13.6,22.5
z_42.0_-9.0,2030,2,2030-T2,Augmentation,55.2,55.2,16.9,28.0
z_42.0_-9.0,2030,3,2030-T3,Augmentation,66.9,66.9,12.7,20.3
z_42.0_-9.0,2030,4,2030-T4,Augmentation,62.6,62.6,14.7,22.7
z_42.0_10.5,2023,1,2023-T1,Diminution,53.2,20.2,53.2,26.6
z_42.0_10.5,2023,2,2023-T2,Stable,49.5,20.6,29.9,49.5
z_42.0_10.5,2023,3,2023-T3,Diminution,49.6,22.7,49.6,27.7
z_42.0_10.5,2023,4,2023-T4,Stable,47.4,31.6,21.0,47.4
z_42.0_10.5,2024,1,2024-T1,Augmentation,39.5,39.5,24.7,35.7
z_42.0_10.5,2024,2,2024-T2,Stable,51.0,33.6,15.4,51.0
z_42.0_10.5,2024,3,2024-T3,Diminution,36.4,28.2,36.4,35.4
z_42.0_10.5,2024,4,2024-T4,Stable,47.2,31.5,21.3,47.2
z_42.0_10.5,2025,1,2025-T1,Stable,39.4,24.1,36.5,39.4
z_42.0_10.5,2025,2,2025-T2,Stable,51.5,21.6,26.9,51.5
z_42.0_10.5,2025,3,2025-T3,Stable,36.8,31.2,32.0,36.8
z_42.0_10.5,2025,4,2025-T4,Augmentation,43.7,43.7,15.8,40.5
z_42.0_10.5,2026,1,2026-T1,Stable,45.1,28.6,26.3,45.1
z_42.0_10.5,2026,2,2026-T2,Stable,51.0,22.9,26.1,51.0
z_42.0_10.5,2026,3,2026-T3,Diminution,47.4,20.7,47.4,31.9
z_42.0_10.5,2026,4,2026-T4,Stable,50.5,16.4,33.1,50.5
z_42.0_10.5,2027,1,2027-T1,Diminution,56.9,15.5,56.9,27.6
z_42.0_10.5,2027,2,2027-T2,Stable,52.6,13.7,33.7,52.6
z_42.0_10.5,2027,3,2027-T3,Diminution,55.6,18.7,55.6,25.7
z_42.0_10.5,2027,4,2027-T4,Stable,53.5,13.0,33.5,53.5
z_42.0_10.5,2028,1,2028-T1,Diminution,57.7,12.7,57.7,29.6
z_42.0_10.5,2028,2,2028-T2,Stable,50.0,14.9,35.2,50.0
z_42.0_10.5,2028,3,2028-T3,Diminution,59.7,15.8,59.7,24.6
z_42.0_10.5,2028,4,2028-T4,Stable,45.5,17.3,37.2,45.5
z_42.0_10.5,2029,1,2029-T1,Diminution,58.2,13.1,58.2,28.6
z_42.0_10.5,2029,2,2029-T2,Stable,54.5,12.4,33.1,54.5
z_42.0_10.5,2029,3,2029-T3,Diminution,60.1,13.3,60.1,26.5
z_42.0_10.5,2029,4,2029-T4,Stable,48.6,14.8,36.6,48.6
z_42.0_10.5,2030,1,2030-T1,Diminution,57.0,14.4,57.0,28.6
z_42.0_10.5,2030,2,2030-T2,Stable,48.7,14.8,36.5,48.7
z_42.0_10.5,2030,3,2030-T3,Diminution,58.0,14.9,58.0,27.2
z_42.0_10.5,2030,4,2030-T4,Stable,48.6,14.8,36.6,48.6
z_42.0_13.5,2023,1,2023-T1,Stable,36.8,34.2,28.9,36.8
z_42.0_13.5,2023,2,2023-T2,Stable,37.0,33.1,29.9,37.0
z_42.0_13.5,2023,3,2023-T3,Augmentation,40.9,40.9,23.5,35.5
z_42.0_13.5,2023,4,2023-T4,Augmentation,48.2,48.2,10.6,41.2
z_42.0_13.5,2024,1,2024-T1,Stable,45.5,35.7,18.8,45.5
z_42.0_13.5,2024,2,2024-T2,Stable,45.6,30.5,23.8,45.6
z_42.0_13.5,2024,3,2024-T3,Augmentation,39.7,39.7,20.6,39.7
z_42.0_13.5,2024,4,2024-T4,Augmentation,53.2,53.2,11.0,35.9
z_42.0_13.5,2025,1,2025-T1,Stable,42.6,41.2,16.2,42.6
z_42.0_13.5,2025,2,2025-T2,Stable,46.6,34.7,18.6,46.6
z_42.0_13.5,2025,3,2025-T3,Stable,44.0,32.9,23.0,44.0
z_42.0_13.5,2025,4,2025-T4,Stable,54.2,30.6,15.2,54.2
z_42.0_13.5,2026,1,2026-T1,Stable,40.4,32.6,27.0,40.4
z_42.0_13.5,2026,2,2026-T2,Stable,37.4,33.7,29.0,37.4
z_42.0_13.5,2026,3,2026-T3,Stable,38.8,32.4,28.7,38.8
z_42.0_13.5,2026,4,2026-T4,Stable,51.4,33.3,15.3,51.4
z_42.0_13.5,2027,1,2027-T1,Stable,40.7,34.5,24.8,40.7
z_42.0_13.5,2027,2,2027-T2,Stable,40.1,35.3,24.5,40.1
z_42.0_13.5,2027,3,2027-T3,Stable,38.3,36.6,25.1,38.3
z_42.0_13.5,2027,4,2027-T4,Stable,52.8,31.7,15.5,52.8
z_42.0_13.5,2028,1,2028-T1,Stable,40.7,34.5,24.8,40.7
z_42.0_13.5,2028,2,2028-T2,Stable,40.0,36.7,23.3,40.0
z_42.0_13.5,2028,3,2028-T3,Augmentation,39.1,39.1,23.6,37.3
z_42.0_13.5,2028,4,2028-T4,Stable,52.4,34.3,13.3,52.4
z_42.0_13.5,2029,1,2029-T1,Stable,40.7,34.5,24.8,40.7
z_42.0_13.5,2029,2,2029-T2,Stable,41.3,33.7,25.0,41.3
z_42.0_13.5,2029,3,2029-T3,Stable,39.2,34.2,26.6,39.2
z_42.0_13.5,2029,4,2029-T4,Stable,53.2,32.0,14.9,53.2
z_42.0_13.5,2030,1,2030-T1,Stable,40.8,34.4,24.7,40.8
z_42.0_13.5,2030,2,2030-T2,Stable,41.7,33.3,25.0,41.7
z_42.0_13.5,2030,3,2030-T3,Stable,39.9,33.7,26.4,39.9
z_42.0_13.5,2030,4,2030-T4,Stable,53.0,31.9,15.1,53.0
z_42.0_15.0,2023,1,2023-T1,Stable,49.2,33.6,17.2,49.2
z_42.0_15.0,2023,2,2023-T2,Augmentation,41.1,41.1,25.2,33.7
z_42.0_15.0,2023,3,2023-T3,Augmentation,51.0,51.0,12.8,36.2
z_42.0_15.0,2023,4,2023-T4,Augmentation,47.4,47.4,12.7,39.9
z_42.0_15.0,2024,1,2024-T1,Stable,47.3,39.6,13.1,47.3
z_42.0_15.0,2024,2,2024-T2,Augmentation,51.9,51.9,14.7,33.4
z_42.0_15.0,2024,3,2024-T3,Augmentation,53.8,53.8,11.6,34.6
z_42.0_15.0,2024,4,2024-T4,Augmentation,49.0,49.0,12.3,38.7
z_42.0_15.0,2025,1,2025-T1,Augmentation,54.0,54.0,11.7,34.3
z_42.0_15.0,2025,2,2025-T2,Augmentation,65.1,65.1,11.9,23.1
z_42.0_15.0,2025,3,2025-T3,Augmentation,58.0,58.0,9.9,32.1
z_42.0_15.0,2025,4,2025-T4,Augmentation,50.2,50.2,10.3,39.4
z_42.0_15.0,2026,1,2026-T1,Augmentation,44.6,44.6,14.2,41.2
z_42.0_15.0,2026,2,2026-T2,Augmentation,46.6,46.6,18.4,35.0
z_42.0_15.0,2026,3,2026-T3,Augmentation,55.1,55.1,12.8,32.1
z_42.0_15.0,2026,4,2026-T4,Augmentation,46.5,46.5,14.3,39.3
z_42.0_15.0,2027,1,2027-T1,Augmentation,45.5,45.5,12.5,41.9
z_42.0_15.0,2027,2,2027-T2,Augmentation,57.2,57.2,14.9,27.9
z_42.0_15.0,2027,3,2027-T3,Augmentation,52.7,52.7,10.9,36.4
z_42.0_15.0,2027,4,2027-T4,Augmentation,49.4,49.4,11.9,38.6
z_42.0_15.0,2028,1,2028-T1,Augmentation,45.3,45.3,11.9,42.8
z_42.0_15.0,2028,2,2028-T2,Augmentation,53.7,53.7,14.5,31.8
z_42.0_15.0,2028,3,2028-T3,Augmentation,60.4,60.4,9.5,30.1
z_42.0_15.0,2028,4,2028-T4,Augmentation,54.6,54.6,11.3,34.1
z_42.0_15.0,2029,1,2029-T1,Augmentation,50.5,50.5,12.3,37.2
z_42.0_15.0,2029,2,2029-T2,Augmentation,58.5,58.5,13.3,28.2
z_42.0_15.0,2029,3,2029-T3,Augmentation,61.5,61.5,9.3,29.3
z_42.0_15.0,2029,4,2029-T4,Augmentation,51.1,51.1,12.5,36.4
z_42.0_15.0,2030,1,2030-T1,Augmentation,50.5,50.5,12.4,37.1
z_42.0_15.0,2030,2,2030-T2,Augmentation,58.4,58.4,13.6,28.0
z_42.0_15.0,2030,3,2030-T3,Augmentation,61.3,61.3,9.4,29.3
z_42.0_15.0,2030,4,2030-T4,Augmentation,53.9,53.9,11.9,34.2
z_42.0_16.5,2023,1,2023-T1,Stable,46.5,7.3,46.1,46.5
z_42.0_16.5,2023,2,2023-T2,Diminution,56.8,14.2,56.8,29.0
z_42.0_16.5,2023,3,2023-T3,Stable,36.1,30.1,33.8,36.1
z_42.0_16.5,2023,4,2023-T4,Stable,56.0,18.0,26.0,56.0
z_42.0_16.5,2024,1,2024-T1,Stable,48.9,19.1,32.0,48.9
z_42.0_16.5,2024,2,2024-T2,Diminution,50.9,20.9,50.9,28.2
z_42.0_16.5,2024,3,2024-T3,Stable,43.1,23.4,33.5,43.1
z_42.0_16.5,2024,4,2024-T4,Diminution,45.1,14.7,45.1,40.2
z_42.0_16.5,2025,1,2025-T1,Stable,49.4,18.8,31.8,49.4
z_42.0_16.5,2025,2,2025-T2,Diminution,45.4,21.2,45.4,33.4
z_42.0_16.5,2025,3,2025-T3,Stable,47.8,15.3,36.9,47.8
z_42.0_16.5,2025,4,2025-T4,Stable,47.1,9.2,43.7,47.1
z_42.0_16.5,2026,1,2026-T1,Diminution,47.5,7.0,47.5,45.4
z_42.0_16.5,2026,2,2026-T2,Diminution,52.6,19.1,52.6,28.4
z_42.0_16.5,2026,3,2026-T3,Stable,43.0,14.1,42.8,43.0
z_42.0_16.5,2026,4,2026-T4,Stable,45.2,11.4,43.5,45.2
z_42.0_16.5,2027,1,2027-T1,Diminution,47.5,7.0,47.5,45.4
z_42.0_16.5,2027,2,2027-T2,Diminution,56.4,17.4,56.4,26.2
z_42.0_16.5,2027,3,2027-T3,Stable,48.8,13.7,37.6,48.8
z_42.0_16.5,2027,4,2027-T4,Diminution,49.5,9.8,49.5,40.7
z_42.0_16.5,2028,1,2028-T1,Diminution,47.5,7.0,47.5,45.4
z_42.0_16.5,2028,2,2028-T2,Diminution,58.5,15.3,58.5,26.1
z_42.0_16.5,2028,3,2028-T3,Diminution,42.1,17.6,42.1,40.3
z_42.0_16.5,2028,4,2028-T4,Diminution,45.7,9.9,45.7,44.3
z_42.0_16.5,2029,1,2029-T1,Diminution,47.5,7.0,47.5,45.4
z_42.0_16.5,2029,2,2029-T2,Diminution,56.9,14.7,56.9,28.3
z_42.0_16.5,2029,3,2029-T3,Diminution,43.2,13.8,43.2,43.0
z_42.0_16.5,2029,4,2029-T4,Diminution,48.9,9.5,48.9,41.5
z_42.0_16.5,2030,1,2030-T1,Diminution,47.5,7.0,47.5,45.4
z_42.0_16.5,2030,2,2030-T2,Diminution,56.4,15.3,56.4,28.3
z_42.0_16.5,2030,3,2030-T3,Diminution,43.2,13.8,43.2,43.0
z_42.0_16.5,2030,4,2030-T4,Diminution,50.1,8.6,50.1,41.3
z_42.0_18.0,2023,1,2023-T1,Diminution,54.5,8.6,54.5,36.9
z_42.0_18.0,2023,2,2023-T2,Diminution,59.8,12.1,59.8,28.1
z_42.0_18.0,2023,3,2023-T3,Stable,47.3,11.9,40.8,47.3
z_42.0_18.0,2023,4,2023-T4,Diminution,69.7,5.8,69.7,24.6
z_42.0_18.0,2024,1,2024-T1,Diminution,69.3,5.1,69.3,25.6
z_42.0_18.0,2024,2,2024-T2,Diminution,62.1,9.2,62.1,28.7
z_42.0_18.0,2024,3,2024-T3,Stable,47.0,11.4,41.6,47.0
z_42.0_18.0,2024,4,2024-T4,Diminution,60.9,6.1,60.9,33.0
z_42.0_18.0,2025,1,2025-T1,Diminution,60.9,6.1,60.9,33.1
z_42.0_18.0,2025,2,2025-T2,Diminution,63.4,9.7,63.4,26.8
z_42.0_18.0,2025,3,2025-T3,Stable,49.6,12.0,38.4,49.6
z_42.0_18.0,2025,4,2025-T4,Diminution,69.7,5.8,69.7,24.6
z_42.0_18.0,2026,1,2026-T1,Diminution,69.3,5.1,69.3,25.6
z_42.0_18.0,2026,2,2026-T2,Diminution,62.1,9.2,62.1,28.7
z_42.0_18.0,2026,3,2026-T3,Stable,47.5,11.3,41.2,47.5
z_42.0_18.0,2026,4,2026-T4,Diminution,69.7,5.8,69.7,24.6
z_42.0_18.0,2027,1,2027-T1,Diminution,69.3,5.1,69.3,25.6
z_42.0_18.0,2027,2,2027-T2,Diminution,62.1,9.2,62.1,28.7
z_42.0_18.0,2027,3,2027-T3,Stable,45.0,16.4,38.6,45.0
z_42.0_18.0,2027,4,2027-T4,Diminution,69.7,5.8,69.7,24.6
z_42.0_18.0,2028,1,2028-T1,Diminution,69.3,5.1,69.3,25.6
z_42.0_18.0,2028,2,2028-T2,Diminution,62.1,9.2,62.1,28.7
z_42.0_18.0,2028,3,2028-T3,Diminution,44.1,12.2,44.1,43.7
z_42.0_18.0,2028,4,2028-T4,Diminution,69.7,5.8,69.7,24.6
z_42.0_18.0,2029,1,2029-T1,Diminution,69.3,5.1,69.3,25.6
z_42.0_18.0,2029,2,2029-T2,Diminution,62.1,9.2,62.1,28.7
z_42.0_18.0,2029,3,2029-T3,Stable,44.4,14.0,41.7,44.4
z_42.0_18.0,2029,4,2029-T4,Diminution,69.7,5.8,69.7,24.6
z_42.0_18.0,2030,1,2030-T1,Diminution,69.3,5.1,69.3,25.6
z_42.0_18.0,2030,2,2030-T2,Diminution,62.1,9.2,62.1,28.7
z_42.0_18.0,2030,3,2030-T3,Diminution,43.9,12.6,43.9,43.6
z_42.0_18.0,2030,4,2030-T4,Diminution,69.7,5.8,69.7,24.6
z_42.0_27.0,2023,1,2023-T1,Stable,52.0,35.2,12.7,52.0
z_42.0_27.0,2023,2,2023-T2,Augmentation,46.4,46.4,13.9,39.7
z_42.0_27.0,2023,3,2023-T3,Stable,47.1,36.4,16.5,47.1
z_42.0_27.0,2023,4,2023-T4,Stable,45.0,39.8,15.2,45.0
z_42.0_27.0,2024,1,2024-T1,Stable,62.4,22.2,15.4,62.4
z_42.0_27.0,2024,2,2024-T2,Stable,44.3,42.9,12.8,44.3
z_42.0_27.0,2024,3,2024-T3,Stable,50.4,30.9,18.8,50.4
z_42.0_27.0,2024,4,2024-T4,Stable,53.6,27.4,19.0,53.6
z_42.0_27.0,2025,1,2025-T1,Stable,53.7,19.0,27.2,53.7
z_42.0_27.0,2025,2,2025-T2,Stable,49.8,20.7,29.5,49.8
z_42.0_27.0,2025,3,2025-T3,Stable,54.3,19.6,26.1,54.3
z_42.0_27.0,2025,4,2025-T4,Stable,43.3,30.1,26.6,43.3
z_42.0_27.0,2026,1,2026-T1,Stable,53.6,17.8,28.6,53.6
z_42.0_27.0,2026,2,2026-T2,Stable,52.0,20.2,27.8,52.0
z_42.0_27.0,2026,3,2026-T3,Stable,47.6,23.5,28.9,47.6
z_42.0_27.0,2026,4,2026-T4,Stable,46.6,27.1,26.3,46.6
z_42.0_27.0,2027,1,2027-T1,Stable,56.3,22.9,20.8,56.3
z_42.0_27.0,2027,2,2027-T2,Stable,49.4,29.3,21.3,49.4
z_42.0_27.0,2027,3,2027-T3,Stable,49.8,27.8,22.4,49.8
z_42.0_27.0,2027,4,2027-T4,Stable,49.9,30.3,19.8,49.9
z_42.0_27.0,2028,1,2028-T1,Stable,62.6,19.6,17.8,62.6
z_42.0_27.0,2028,2,2028-T2,Stable,50.3,27.8,21.8,50.3
z_42.0_27.0,2028,3,2028-T3,Stable,50.3,28.2,21.5,50.3
z_42.0_27.0,2028,4,2028-T4,Stable,50.2,29.5,20.3,50.2
z_42.0_27.0,2029,1,2029-T1,Stable,59.8,22.6,17.6,59.8
z_42.0_27.0,2029,2,2029-T2,Stable,50.6,28.0,21.4,50.6
z_42.0_27.0,2029,3,2029-T3,Stable,50.6,27.7,21.7,50.6
z_42.0_27.0,2029,4,2029-T4,Stable,49.7,28.9,21.4,49.7
z_42.0_27.0,2030,1,2030-T1,Stable,58.6,22.3,19.2,58.6
z_42.0_27.0,2030,2,2030-T2,Stable,51.0,26.9,22.0,51.0
z_42.0_27.0,2030,3,2030-T3,Stable,52.3,26.4,21.2,52.3
z_42.0_27.0,2030,4,2030-T4,Stable,51.7,27.4,21.0,51.7
z_42.0_28.5,2023,1,2023-T1,Diminution,69.6,6.3,69.6,24.2
z_42.0_28.5,2023,2,2023-T2,Diminution,77.0,1.9,77.0,21.0
z_42.0_28.5,2023,3,2023-T3,Diminution,79.3,3.6,79.3,17.1
z_42.0_28.5,2023,4,2023-T4,Diminution,72.6,4.8,72.6,22.6
z_42.0_28.5,2024,1,2024-T1,Diminution,67.7,8.6,67.7,23.7
z_42.0_28.5,2024,2,2024-T2,Diminution,90.1,2.6,90.1,7.3
z_42.0_28.5,2024,3,2024-T3,Diminution,87.4,1.7,87.4,10.9
z_42.0_28.5,2024,4,2024-T4,Diminution,93.1,1.7,93.1,5.2
z_42.0_28.5,2025,1,2025-T1,Diminution,85.1,4.3,85.1,10.6
z_42.0_28.5,2025,2,2025-T2,Diminution,91.9,1.8,91.9,6.3
z_42.0_28.5,2025,3,2025-T3,Diminution,86.4,4.9,86.4,8.7
z_42.0_28.5,2025,4,2025-T4,Diminution,93.1,1.7,93.1,5.2
z_42.0_28.5,2026,1,2026-T1,Diminution,80.9,2.6,80.9,16.5
z_42.0_28.5,2026,2,2026-T2,Diminution,91.9,1.8,91.9,6.3
z_42.0_28.5,2026,3,2026-T3,Diminution,79.9,3.2,79.9,16.9
z_42.0_28.5,2026,4,2026-T4,Diminution,93.1,1.7,93.1,5.2
z_42.0_28.5,2027,1,2027-T1,Diminution,87.5,2.5,87.5,10.0
z_42.0_28.5,2027,2,2027-T2,Diminution,91.9,1.8,91.9,6.3
z_42.0_28.5,2027,3,2027-T3,Diminution,86.2,2.8,86.2,10.9
z_42.0_28.5,2027,4,2027-T4,Diminution,93.1,1.7,93.1,5.2
z_42.0_28.5,2028,1,2028-T1,Diminution,69.6,6.3,69.6,24.2
z_42.0_28.5,2028,2,2028-T2,Diminution,91.9,1.8,91.9,6.3
z_42.0_28.5,2028,3,2028-T3,Diminution,64.5,7.1,64.5,28.4
z_42.0_28.5,2028,4,2028-T4,Diminution,93.1,1.7,93.1,5.2
z_42.0_28.5,2029,1,2029-T1,Diminution,93.2,1.5,93.2,5.3
z_42.0_28.5,2029,2,2029-T2,Diminution,91.9,1.8,91.9,6.3
z_42.0_28.5,2029,3,2029-T3,Diminution,92.5,2.0,92.5,5.5
z_42.0_28.5,2029,4,2029-T4,Diminution,93.1,1.7,93.1,5.2
z_42.0_28.5,2030,1,2030-T1,Diminution,93.2,1.5,93.2,5.3
z_42.0_28.5,2030,2,2030-T2,Diminution,91.9,1.8,91.9,6.3
z_42.0_28.5,2030,3,2030-T3,Diminution,92.5,2.0,92.5,5.5
z_42.0_28.5,2030,4,2030-T4,Diminution,93.1,1.7,93.1,5.2
z_42.0_3.0,2023,1,2023-T1,Augmentation,47.1,47.1,25.2,27.8
z_42.0_3.0,2023,2,2023-T2,Augmentation,51.5,51.5,17.8,30.7
z_42.0_3.0,2023,3,2023-T3,Augmentation,57.5,57.5,15.8,26.7
z_42.0_3.0,2023,4,2023-T4,Augmentation,61.7,61.7,13.2,25.1
z_42.0_3.0,2024,1,2024-T1,Augmentation,62.2,62.2,16.2,21.5
z_42.0_3.0,2024,2,2024-T2,Augmentation,64.6,64.6,13.5,21.9
z_42.0_3.0,2024,3,2024-T3,Augmentation,50.0,50.0,13.6,36.3
z_42.0_3.0,2024,4,2024-T4,Augmentation,58.7,58.7,12.4,28.9
z_42.0_3.0,2025,1,2025-T1,Augmentation,58.3,58.3,18.2,23.5
z_42.0_3.0,2025,2,2025-T2,Augmentation,51.6,51.6,11.3,37.1
z_42.0_3.0,2025,3,2025-T3,Augmentation,67.6,67.6,13.1,19.3
z_42.0_3.0,2025,4,2025-T4,Augmentation,40.7,40.7,25.9,33.4
z_42.0_3.0,2026,1,2026-T1,Stable,40.3,26.6,33.1,40.3
z_42.0_3.0,2026,2,2026-T2,Stable,38.0,29.6,32.5,38.0
z_42.0_3.0,2026,3,2026-T3,Augmentation,52.1,52.1,22.7,25.2
z_42.0_3.0,2026,4,2026-T4,Augmentation,54.7,54.7,18.1,27.1
z_42.0_3.0,2027,1,2027-T1,Augmentation,56.0,56.0,17.1,26.8
z_42.0_3.0,2027,2,2027-T2,Augmentation,58.5,58.5,15.0,26.5
z_42.0_3.0,2027,3,2027-T3,Augmentation,55.8,55.8,17.5,26.7
z_42.0_3.0,2027,4,2027-T4,Augmentation,59.4,59.4,14.9,25.7
z_42.0_3.0,2028,1,2028-T1,Augmentation,51.7,51.7,17.4,30.9
z_42.0_3.0,2028,2,2028-T2,Augmentation,58.5,58.5,14.1,27.4
z_42.0_3.0,2028,3,2028-T3,Augmentation,57.5,57.5,15.5,27.1
z_42.0_3.0,2028,4,2028-T4,Augmentation,57.1,57.1,15.8,27.1
z_42.0_3.0,2029,1,2029-T1,Augmentation,54.1,54.1,16.9,28.9
z_42.0_3.0,2029,2,2029-T2,Augmentation,57.8,57.8,15.0,27.2
z_42.0_3.0,2029,3,2029-T3,Augmentation,57.5,57.5,16.3,26.2
z_42.0_3.0,2029,4,2029-T4,Augmentation,57.3,57.3,15.3,27.4
z_42.0_3.0,2030,1,2030-T1,Augmentation,55.8,55.8,16.1,28.0
z_42.0_3.0,2030,2,2030-T2,Augmentation,59.1,59.1,14.1,26.8
z_42.0_3.0,2030,3,2030-T3,Augmentation,60.0,60.0,14.1,25.8
z_42.0_3.0,2030,4,2030-T4,Augmentation,62.3,62.3,13.7,23.9
z_42.0_4.5,2023,1,2023-T1,Augmentation,46.8,46.8,21.5,31.7
z_42.0_4.5,2023,2,2023-T2,Stable,42.5,36.8,20.7,42.5
z_42.0_4.5,2023,3,2023-T3,Stable,44.8,35.9,19.3,44.8
z_42.0_4.5,2023,4,2023-T4,Augmentation,51.2,51.2,21.0,27.8
z_42.0_4.5,2024,1,2024-T1,Augmentation,67.5,67.5,14.0,18.5
z_42.0_4.5,2024,2,2024-T2,Augmentation,63.2,63.2,9.2,27.7
z_42.0_4.5,2024,3,2024-T3,Augmentation,52.6,52.6,12.2,35.1
z_42.0_4.5,2024,4,2024-T4,Augmentation,55.3,55.3,22.2,22.6
z_42.0_4.5,2025,1,2025-T1,Augmentation,40.5,40.5,30.7,28.9
z_42.0_4.5,2025,2,2025-T2,Stable,41.9,38.8,19.2,41.9
z_42.0_4.5,2025,3,2025-T3,Stable,56.1,22.4,21.5,56.1
z_42.0_4.5,2025,4,2025-T4,Diminution,58.6,14.5,58.6,26.9
z_42.0_4.5,2026,1,2026-T1,Diminution,50.0,21.3,50.0,28.7
z_42.0_4.5,2026,2,2026-T2,Augmentation,42.9,42.9,18.1,39.0
z_42.0_4.5,2026,3,2026-T3,Stable,45.0,37.2,17.8,45.0
z_42.0_4.5,2026,4,2026-T4,Augmentation,37.0,37.0,28.5,34.5
z_42.0_4.5,2027,1,2027-T1,Augmentation,37.8,37.8,28.3,33.9
z_42.0_4.5,2027,2,2027-T2,Stable,45.1,41.8,13.1,45.1
z_42.0_4.5,2027,3,2027-T3,Augmentation,43.2,43.2,15.2,41.6
z_42.0_4.5,2027,4,2027-T4,Augmentation,41.3,41.3,29.1,29.6
z_42.0_4.5,2028,1,2028-T1,Augmentation,38.7,38.7,28.9,32.4
z_42.0_4.5,2028,2,2028-T2,Stable,44.6,42.8,12.7,44.6
z_42.0_4.5,2028,3,2028-T3,Stable,44.3,41.6,14.1,44.3
z_42.0_4.5,2028,4,2028-T4,Augmentation,51.4,51.4,22.9,25.6
z_42.0_4.5,2029,1,2029-T1,Augmentation,48.3,48.3,22.3,29.4
z_42.0_4.5,2029,2,2029-T2,Augmentation,47.4,47.4,11.5,41.1
z_42.0_4.5,2029,3,2029-T3,Augmentation,47.7,47.7,12.4,39.9
z_42.0_4.5,2029,4,2029-T4,Augmentation,52.1,52.1,21.1,26.8
z_42.0_4.5,2030,1,2030-T1,Augmentation,48.3,48.3,22.2,29.5
z_42.0_4.5,2030,2,2030-T2,Augmentation,49.5,49.5,12.0,38.4
z_42.0_4.5,2030,3,2030-T3,Augmentation,49.9,49.9,12.3,37.7
z_42.0_4.5,2030,4,2030-T4,Augmentation,48.1,48.1,22.8,29.2
z_42.0_6.0,2023,1,2023-T1,Stable,52.5,26.8,20.6,52.5
z_42.0_6.0,2023,2,2023-T2,Stable,44.5,27.8,27.7,44.5
z_42.0_6.0,2023,3,2023-T3,Stable,43.9,40.3,15.8,43.9
z_42.0_6.0,2023,4,2023-T4,Stable,53.7,29.3,17.1,53.7
z_42.0_6.0,2024,1,2024-T1,Stable,52.9,32.3,14.8,52.9
z_42.0_6.0,2024,2,2024-T2,Stable,41.8,23.8,34.5,41.8
z_42.0_6.0,2024,3,2024-T3,Stable,51.1,30.5,18.4,51.1
z_42.0_6.0,2024,4,2024-T4,Stable,49.9,30.8,19.3,49.9
z_42.0_6.0,2025,1,2025-T1,Stable,47.6,35.1,17.3,47.6
z_42.0_6.0,2025,2,2025-T2,Stable,43.6,18.8,37.6,43.6
z_42.0_6.0,2025,3,2025-T3,Stable,52.0,18.3,29.7,52.0
z_42.0_6.0,2025,4,2025-T4,Stable,51.7,19.5,28.8,51.7
z_42.0_6.0,2026,1,2026-T1,Stable,47.1,29.9,23.0,47.1
z_42.0_6.0,2026,2,2026-T2,Stable,42.1,22.9,35.0,42.1
z_42.0_6.0,2026,3,2026-T3,Stable,45.5,36.3,18.2,45.5
z_42.0_6.0,2026,4,2026-T4,Stable,53.8,27.4,18.8,53.8
z_42.0_6.0,2027,1,2027-T1,Stable,53.3,28.6,18.1,53.3
z_42.0_6.0,2027,2,2027-T2,Stable,44.7,22.5,32.9,44.7
z_42.0_6.0,2027,3,2027-T3,Stable,52.5,28.9,18.6,52.5
z_42.0_6.0,2027,4,2027-T4,Stable,52.7,27.8,19.5,52.7
z_42.0_6.0,2028,1,2028-T1,Stable,51.2,30.4,18.4,51.2
z_42.0_6.0,2028,2,2028-T2,Stable,44.9,21.1,33.9,44.9
z_42.0_6.0,2028,3,2028-T3,Stable,52.7,29.0,18.3,52.7
z_42.0_6.0,2028,4,2028-T4,Stable,53.1,28.0,18.9,53.1
z_42.0_6.0,2029,1,2029-T1,Stable,52.5,29.5,18.0,52.5
z_42.0_6.0,2029,2,2029-T2,Stable,45.0,21.5,33.6,45.0
z_42.0_6.0,2029,3,2029-T3,Stable,52.1,29.7,18.2,52.1
z_42.0_6.0,2029,4,2029-T4,Stable,54.7,26.3,19.0,54.7
z_42.0_6.0,2030,1,2030-T1,Stable,53.6,27.8,18.6,53.6
z_42.0_6.0,2030,2,2030-T2,Stable,45.0,20.9,34.1,45.0
z_42.0_6.0,2030,3,2030-T3,Stable,54.1,28.2,17.7,54.1
z_42.0_6.0,2030,4,2030-T4,Stable,53.8,27.1,19.1,53.8
z_42.0_7.5,2023,1,2023-T1,Diminution,70.4,7.3,70.4,22.3
z_42.0_7.5,2023,2,2023-T2,Diminution,43.2,18.6,43.2,38.2
z_42.0_7.5,2023,3,2023-T3,Diminution,49.4,12.6,49.4,38.0
z_42.0_7.5,2023,4,2023-T4,Diminution,44.5,21.0,44.5,34.5
z_42.0_7.5,2024,1,2024-T1,Diminution,91.1,2.3,91.1,6.6
z_42.0_7.5,2024,2,2024-T2,Stable,49.8,11.9,38.3,49.8
z_42.0_7.5,2024,3,2024-T3,Diminution,46.5,10.8,46.5,42.7
z_42.0_7.5,2024,4,2024-T4,Diminution,47.6,18.2,47.6,34.3
z_42.0_7.5,2025,1,2025-T1,Diminution,91.1,2.3,91.1,6.6
z_42.0_7.5,2025,2,2025-T2,Stable,51.0,11.7,37.3,51.0
z_42.0_7.5,2025,3,2025-T3,Diminution,54.8,11.7,54.8,33.5
z_42.0_7.5,2025,4,2025-T4,Diminution,66.4,10.8,66.4,22.8
z_42.0_7.5,2026,1,2026-T1,Diminution,93.3,1.5,93.3,5.3
z_42.0_7.5,2026,2,2026-T2,Stable,43.3,19.7,37.0,43.3
z_42.0_7.5,2026,3,2026-T3,Diminution,50.6,16.5,50.6,32.8
z_42.0_7.5,2026,4,2026-T4,Diminution,66.4,10.8,66.4,22.8
z_42.0_7.5,2027,1,2027-T1,Diminution,93.3,1.5,93.3,5.3
z_42.0_7.5,2027,2,2027-T2,Stable,41.3,19.7,39.0,41.3
z_42.0_7.5,2027,3,2027-T3,Diminution,63.5,9.8,63.5,26.7
z_42.0_7.5,2027,4,2027-T4,Diminution,66.4,10.8,66.4,22.8
z_42.0_7.5,2028,1,2028-T1,Diminution,93.3,1.5,93.3,5.3
z_42.0_7.5,2028,2,2028-T2,Diminution,45.7,21.0,45.7,33.3
z_42.0_7.5,2028,3,2028-T3,Diminution,63.5,9.8,63.5,26.7
z_42.0_7.5,2028,4,2028-T4,Diminution,66.4,10.8,66.4,22.8
z_42.0_7.5,2029,1,2029-T1,Diminution,93.3,1.5,93.3,5.3
z_42.0_7.5,2029,2,2029-T2,Diminution,47.8,19.5,47.8,32.7
z_42.0_7.5,2029,3,2029-T3,Diminution,63.5,9.8,63.5,26.7
z_42.0_7.5,2029,4,2029-T4,Diminution,66.4,10.8,66.4,22.8
z_42.0_7.5,2030,1,2030-T1,Diminution,93.3,1.5,93.3,5.3
z_42.0_7.5,2030,2,2030-T2,Diminution,53.6,11.8,53.6,34.6
z_42.0_7.5,2030,3,2030-T3,Diminution,63.5,9.8,63.5,26.7
z_42.0_7.5,2030,4,2030-T4,Diminution,66.4,10.8,66.4,22.8
z_42.0_9.0,2023,1,2023-T1,Stable,38.2,33.9,28.0,38.2
z_42.0_9.0,2023,2,2023-T2,Augmentation,48.0,48.0,13.4,38.6
z_42.0_9.0,2023,3,2023-T3,Augmentation,57.0,57.0,15.1,27.8
z_42.0_9.0,2023,4,2023-T4,Augmentation,39.4,39.4,22.8,37.7
z_42.0_9.0,2024,1,2024-T1,Stable,40.8,33.8,25.3,40.8
z_42.0_9.0,2024,2,2024-T2,Stable,47.4,38.0,14.5,47.4
z_42.0_9.0,2024,3,2024-T3,Augmentation,37.7,37.7,25.5,36.7
z_42.0_9.0,2024,4,2024-T4,Stable,42.8,24.8,32.4,42.8
z_42.0_9.0,2025,1,2025-T1,Stable,38.5,29.3,32.2,38.5
z_42.0_9.0,2025,2,2025-T2,Stable,49.9,33.6,16.5,49.9
z_42.0_9.0,2025,3,2025-T3,Stable,36.6,29.6,33.8,36.6
z_42.0_9.0,2025,4,2025-T4,Stable,44.8,28.5,26.7,44.8
z_42.0_9.0,2026,1,2026-T1,Augmentation,41.9,41.9,24.9,33.1
z_42.0_9.0,2026,2,2026-T2,Stable,42.9,40.9,16.2,42.9
z_42.0_9.0,2026,3,2026-T3,Stable,43.4,25.3,31.3,43.4
z_42.0_9.0,2026,4,2026-T4,Stable,43.7,24.9,31.5,43.7
z_42.0_9.0,2027,1,2027-T1,Stable,40.6,25.9,33.5,40.6
z_42.0_9.0,2027,2,2027-T2,Stable,54.0,29.5,16.6,54.0
z_42.0_9.0,2027,3,2027-T3,Stable,41.8,24.6,33.6,41.8
z_42.0_9.0,2027,4,2027-T4,Stable,39.5,27.9,32.6,39.5
z_42.0_9.0,2028,1,2028-T1,Stable,41.5,27.9,30.5,41.5
z_42.0_9.0,2028,2,2028-T2,Stable,51.5,31.2,17.3,51.5
z_42.0_9.0,2028,3,2028-T3,Stable,43.7,23.3,33.0,43.7
z_42.0_9.0,2028,4,2028-T4,Stable,39.4,25.3,35.3,39.4
z_42.0_9.0,2029,1,2029-T1,Stable,41.9,26.3,31.8,41.9
z_42.0_9.0,2029,2,2029-T2,Stable,57.0,26.6,16.5,57.0
z_42.0_9.0,2029,3,2029-T3,Stable,42.9,23.7,33.4,42.9
z_42.0_9.0,2029,4,2029-T4,Stable,43.2,23.3,33.5,43.2
z_42.0_9.0,2030,1,2030-T1,Stable,44.0,25.5,30.5,44.0
z_42.0_9.0,2030,2,2030-T2,Stable,55.2,27.7,17.2,55.2
z_42.0_9.0,2030,3,2030-T3,Stable,42.9,24.0,33.2,42.9
z_42.0_9.0,2030,4,2030-T4,Stable,42.7,24.1,33.2,42.7
z_43.5_-1.5,2023,1,2023-T1,Stable,57.4,22.9,19.7,57.4
z_43.5_-1.5,2023,2,2023-T2,Stable,62.8,20.1,17.1,62.8
z_43.5_-1.5,2023,3,2023-T3,Stable,53.9,26.2,20.0,53.9
z_43.5_-1.5,2023,4,2023-T4,Stable,36.1,30.9,33.0,36.1
z_43.5_-1.5,2024,1,2024-T1,Stable,54.1,28.9,17.0,54.1
z_43.5_-1.5,2024,2,2024-T2,Stable,50.8,34.3,14.9,50.8
z_43.5_-1.5,2024,3,2024-T3,Stable,48.5,39.1,12.4,48.5
z_43.5_-1.5,2024,4,2024-T4,Stable,43.3,34.1,22.7,43.3
z_43.5_-1.5,2025,1,2025-T1,Stable,51.2,33.9,14.9,51.2
z_43.5_-1.5,2025,2,2025-T2,Stable,45.7,39.9,14.4,45.7
z_43.5_-1.5,2025,3,2025-T3,Stable,50.9,35.3,13.8,50.9
z_43.5_-1.5,2025,4,2025-T4,Stable,44.3,36.4,19.3,44.3
z_43.5_-1.5,2026,1,2026-T1,Stable,53.2,31.7,15.1,53.2
z_43.5_-1.5,2026,2,2026-T2,Stable,50.8,35.3,13.8,50.8
z_43.5_-1.5,2026,3,2026-T3,Stable,55.5,29.3,15.2,55.5
z_43.5_-1.5,2026,4,2026-T4,Stable,43.5,31.4,25.1,43.5
z_43.5_-1.5,2027,1,2027-T1,Stable,53.8,30.0,16.2,53.8
z_43.5_-1.5,2027,2,2027-T2,Stable,51.8,32.7,15.5,51.8
z_43.5_-1.5,2027,3,2027-T3,Stable,54.8,30.7,14.6,54.8
z_43.5_-1.5,2027,4,2027-T4,Stable,43.7,30.9,25.4,43.7
z_43.5_-1.5,2028,1,2028-T1,Stable,54.9,29.3,15.8,54.9
z_43.5_-1.5,2028,2,2028-T2,Stable,50.7,35.2,14.0,50.7
z_43.5_-1.5,2028,3,2028-T3,Stable,53.5,31.0,15.5,53.5
z_43.5_-1.5,2028,4,2028-T4,Stable,43.2,31.9,24.9,43.2
z_43.5_-1.5,2029,1,2029-T1,Stable,54.1,30.6,15.3,54.1
z_43.5_-1.5,2029,2,2029-T2,Stable,51.3,35.4,13.3,51.3
z_43.5_-1.5,2029,3,2029-T3,Stable,54.6,30.1,15.2,54.6
z_43.5_-1.5,2029,4,2029-T4,Stable,43.3,31.9,24.8,43.3
z_43.5_-1.5,2030,1,2030-T1,Stable,54.0,30.7,15.2,54.0
z_43.5_-1.5,2030,2,2030-T2,Stable,54.0,31.2,14.8,54.0
z_43.5_-1.5,2030,3,2030-T3,Stable,55.4,30.0,14.6,55.4
z_43.5_-1.5,2030,4,2030-T4,Stable,43.3,31.9,24.9,43.3
z_43.5_-10.5,2023,1,2023-T1,Diminution,66.0,10.9,66.0,23.1
z_43.5_-10.5,2023,2,2023-T2,Diminution,49.2,20.8,49.2,30.0
z_43.5_-10.5,2023,3,2023-T3,Diminution,73.4,7.7,73.4,18.9
z_43.5_-10.5,2023,4,2023-T4,Diminution,54.3,9.8,54.3,35.9
z_43.5_-10.5,2024,1,2024-T1,Diminution,64.1,5.6,64.1,30.3
z_43.5_-10.5,2024,2,2024-T2,Diminution,50.3,20.1,50.3,29.6
z_43.5_-10.5,2024,3,2024-T3,Diminution,60.8,7.5,60.8,31.7
z_43.5_-10.5,2024,4,2024-T4,Diminution,58.7,12.4,58.7,28.9
z_43.5_-10.5,2025,1,2025-T1,Diminution,52.4,8.2,52.4,39.4
z_43.5_-10.5,2025,2,2025-T2,Diminution,46.8,9.3,46.8,43.9
z_43.5_-10.5,2025,3,2025-T3,Diminution,61.3,16.7,61.3,22.0
z_43.5_-10.5,2025,4,2025-T4,Diminution,50.1,17.6,50.1,32.4
z_43.5_-10.5,2026,1,2026-T1,Diminution,54.7,19.0,54.7,26.3
z_43.5_-10.5,2026,2,2026-T2,Diminution,60.0,11.0,60.0,29.0
z_43.5_-10.5,2026,3,2026-T3,Diminution,73.4,7.7,73.4,18.9
z_43.5_-10.5,2026,4,2026-T4,Diminution,55.1,13.6,55.1,31.3
z_43.5_-10.5,2027,1,2027-T1,Diminution,64.1,5.6,64.1,30.3
z_43.5_-10.5,2027,2,2027-T2,Diminution,60.0,11.0,60.0,29.0
z_43.5_-10.5,2027,3,2027-T3,Diminution,73.4,7.7,73.4,18.9
z_43.5_-10.5,2027,4,2027-T4,Diminution,48.6,11.1,48.6,40.3
z_43.5_-10.5,2028,1,2028-T1,Diminution,73.2,7.8,73.2,18.9
z_43.5_-10.5,2028,2,2028-T2,Diminution,60.0,11.0,60.0,29.0
z_43.5_-10.5,2028,3,2028-T3,Diminution,73.4,7.7,73.4,18.9
z_43.5_-10.5,2028,4,2028-T4,Diminution,58.0,13.7,58.0,28.3
z_43.5_-10.5,2029,1,2029-T1,Diminution,63.0,15.2,63.0,21.7
z_43.5_-10.5,2029,2,2029-T2,Diminution,60.0,11.0,60.0,29.0
z_43.5_-10.5,2029,3,2029-T3,Diminution,73.4,7.7,73.4,18.9
z_43.5_-10.5,2029,4,2029-T4,Diminution,54.8,18.9,54.8,26.2
z_43.5_-10.5,2030,1,2030-T1,Diminution,77.5,6.7,77.5,15.8
z_43.5_-10.5,2030,2,2030-T2,Diminution,60.0,11.0,60.0,29.0
z_43.5_-10.5,2030,3,2030-T3,Diminution,73.4,7.7,73.4,18.9
z_43.5_-10.5,2030,4,2030-T4,Diminution,67.6,10.3,67.6,22.1
z_43.5_-3.0,2023,1,2023-T1,Stable,44.9,28.0,27.1,44.9
z_43.5_-3.0,2023,2,2023-T2,Stable,48.2,33.4,18.5,48.2
z_43.5_-3.0,2023,3,2023-T3,Stable,38.5,31.5,30.0,38.5
z_43.5_-3.0,2023,4,2023-T4,Stable,54.8,25.2,20.1,54.8
z_43.5_-3.0,2024,1,2024-T1,Stable,49.3,32.6,18.1,49.3
z_43.5_-3.0,2024,2,2024-T2,Stable,49.9,32.2,17.9,49.9
z_43.5_-3.0,2024,3,2024-T3,Augmentation,43.7,43.7,20.3,36.0
z_43.5_-3.0,2024,4,2024-T4,Stable,51.6,35.7,12.7,51.6
z_43.5_-3.0,2025,1,2025-T1,Stable,51.8,30.4,17.8,51.8
z_43.5_-3.0,2025,2,2025-T2,Stable,44.3,38.4,17.3,44.3
z_43.5_-3.0,2025,3,2025-T3,Stable,34.9,34.0,31.1,34.9
z_43.5_-3.0,2025,4,2025-T4,Stable,59.8,18.5,21.6,59.8
z_43.5_-3.0,2026,1,2026-T1,Stable,57.3,18.2,24.5,57.3
z_43.5_-3.0,2026,2,2026-T2,Stable,51.9,22.2,25.9,51.9
z_43.5_-3.0,2026,3,2026-T3,Diminution,39.7,27.2,39.7,33.0
z_43.5_-3.0,2026,4,2026-T4,Stable,52.1,29.0,18.8,52.1
z_43.5_-3.0,2027,1,2027-T1,Stable,45.6,38.4,16.0,45.6
z_43.5_-3.0,2027,2,2027-T2,Stable,51.9,30.4,17.7,51.9
z_43.5_-3.0,2027,3,2027-T3,Stable,41.3,32.2,26.5,41.3
z_43.5_-3.0,2027,4,2027-T4,Stable,52.0,31.7,16.3,52.0
z_43.5_-3.0,2028,1,2028-T1,Stable,47.5,37.1,15.4,47.5
z_43.5_-3.0,2028,2,2028-T2,Stable,50.0,34.2,15.8,50.0
z_43.5_-3.0,2028,3,2028-T3,Stable,41.9,31.6,26.5,41.9
z_43.5_-3.0,2028,4,2028-T4,Stable,51.4,32.5,16.1,51.4
z_43.5_-3.0,2029,1,2029-T1,Stable,47.3,38.5,14.2,47.3
z_43.5_-3.0,2029,2,2029-T2,Stable,51.4,32.2,16.4,51.4
z_43.5_-3.0,2029,3,2029-T3,Stable,42.5,30.2,27.3,42.5
z_43.5_-3.0,2029,4,2029-T4,Stable,52.2,31.6,16.3,52.2
z_43.5_-3.0,2030,1,2030-T1,Stable,51.1,33.7,15.2,51.1
z_43.5_-3.0,2030,2,2030-T2,Stable,52.2,30.9,16.9,52.2
z_43.5_-3.0,2030,3,2030-T3,Stable,41.8,31.1,27.1,41.8
z_43.5_-3.0,2030,4,2030-T4,Stable,53.1,31.1,15.8,53.1
z_43.5_-33.0,2023,1,2023-T1,Diminution,91.2,1.7,91.2,7.1
z_43.5_-33.0,2023,2,2023-T2,Diminution,89.4,1.9,89.4,8.7
z_43.5_-33.0,2023,3,2023-T3,Diminution,90.4,2.3,90.4,7.4
z_43.5_-33.0,2023,4,2023-T4,Diminution,91.0,2.0,91.0,6.9
z_43.5_-33.0,2024,1,2024-T1,Diminution,91.2,1.7,91.2,7.1
z_43.5_-33.0,2024,2,2024-T2,Diminution,89.4,1.9,89.4,8.7
z_43.5_-33.0,2024,3,2024-T3,Diminution,90.4,2.3,90.4,7.4
z_43.5_-33.0,2024,4,2024-T4,Diminution,77.5,2.4,77.5,20.1
z_43.5_-33.0,2025,1,2025-T1,Diminution,71.0,3.2,71.0,25.8
z_43.5_-33.0,2025,2,2025-T2,Diminution,82.1,6.9,82.1,10.9
z_43.5_-33.0,2025,3,2025-T3,Diminution,80.5,2.5,80.5,17.0
z_43.5_-33.0,2025,4,2025-T4,Diminution,91.0,2.0,91.0,6.9
z_43.5_-33.0,2026,1,2026-T1,Diminution,91.2,1.7,91.2,7.1
z_43.5_-33.0,2026,2,2026-T2,Diminution,89.4,1.9,89.4,8.7
z_43.5_-33.0,2026,3,2026-T3,Diminution,84.4,3.8,84.4,11.8
z_43.5_-33.0,2026,4,2026-T4,Diminution,91.0,2.0,91.0,6.9
z_43.5_-33.0,2027,1,2027-T1,Diminution,91.2,1.7,91.2,7.1
z_43.5_-33.0,2027,2,2027-T2,Diminution,89.4,1.9,89.4,8.7
z_43.5_-33.0,2027,3,2027-T3,Diminution,69.0,4.5,69.0,26.5
z_43.5_-33.0,2027,4,2027-T4,Diminution,91.0,2.0,91.0,6.9
z_43.5_-33.0,2028,1,2028-T1,Diminution,91.2,1.7,91.2,7.1
z_43.5_-33.0,2028,2,2028-T2,Diminution,89.4,1.9,89.4,8.7
z_43.5_-33.0,2028,3,2028-T3,Diminution,78.7,4.3,78.7,17.0
z_43.5_-33.0,2028,4,2028-T4,Diminution,91.0,2.0,91.0,6.9
z_43.5_-33.0,2029,1,2029-T1,Diminution,91.2,1.7,91.2,7.1
z_43.5_-33.0,2029,2,2029-T2,Diminution,89.4,1.9,89.4,8.7
z_43.5_-33.0,2029,3,2029-T3,Diminution,61.2,6.9,61.2,32.0
z_43.5_-33.0,2029,4,2029-T4,Diminution,91.0,2.0,91.0,6.9
z_43.5_-33.0,2030,1,2030-T1,Diminution,91.2,1.7,91.2,7.1
z_43.5_-33.0,2030,2,2030-T2,Diminution,89.4,1.9,89.4,8.7
z_43.5_-33.0,2030,3,2030-T3,Diminution,90.4,2.3,90.4,7.4
z_43.5_-33.0,2030,4,2030-T4,Diminution,91.0,2.0,91.0,6.9
z_43.5_-4.5,2023,1,2023-T1,Stable,52.5,19.0,28.5,52.5
z_43.5_-4.5,2023,2,2023-T2,Diminution,56.6,12.6,56.6,30.9
z_43.5_-4.5,2023,3,2023-T3,Stable,54.0,14.0,32.0,54.0
z_43.5_-4.5,2023,4,2023-T4,Stable,44.3,18.5,37.1,44.3
z_43.5_-4.5,2024,1,2024-T1,Stable,46.8,26.5,26.7,46.8
z_43.5_-4.5,2024,2,2024-T2,Diminution,43.6,21.4,43.6,35.1
z_43.5_-4.5,2024,3,2024-T3,Stable,47.7,28.1,24.2,47.7
z_43.5_-4.5,2024,4,2024-T4,Stable,38.3,34.2,27.5,38.3
z_43.5_-4.5,2025,1,2025-T1,Stable,43.1,18.7,38.2,43.1
z_43.5_-4.5,2025,2,2025-T2,Diminution,46.5,17.9,46.5,35.6
z_43.5_-4.5,2025,3,2025-T3,Stable,43.8,33.5,22.6,43.8
z_43.5_-4.5,2025,4,2025-T4,Stable,44.3,32.9,22.7,44.3
z_43.5_-4.5,2026,1,2026-T1,Stable,46.3,28.5,25.2,46.3
z_43.5_-4.5,2026,2,2026-T2,Diminution,40.7,18.8,40.7,40.5
z_43.5_-4.5,2026,3,2026-T3,Stable,44.1,21.0,34.9,44.1
z_43.5_-4.5,2026,4,2026-T4,Stable,47.1,11.2,41.7,47.1
z_43.5_-4.5,2027,1,2027-T1,Stable,44.8,13.0,42.2,44.8
z_43.5_-4.5,2027,2,2027-T2,Diminution,66.2,7.6,66.2,26.2
z_43.5_-4.5,2027,3,2027-T3,Stable,43.9,13.0,43.1,43.9
z_43.5_-4.5,2027,4,2027-T4,Diminution,43.8,13.0,43.8,43.2
z_43.5_-4.5,2028,1,2028-T1,Stable,46.0,13.9,40.2,46.0
z_43.5_-4.5,2028,2,2028-T2,Diminution,70.0,6.9,70.0,23.1
z_43.5_-4.5,2028,3,2028-T3,Stable,43.6,15.0,41.4,43.6
z_43.5_-4.5,2028,4,2028-T4,Stable,41.7,17.6,40.7,41.7
z_43.5_-4.5,2029,1,2029-T1,Diminution,45.2,12.9,45.2,41.9
z_43.5_-4.5,2029,2,2029-T2,Diminution,65.7,10.0,65.7,24.3
z_43.5_-4.5,2029,3,2029-T3,Diminution,43.9,13.4,43.9,42.7
z_43.5_-4.5,2029,4,2029-T4,Diminution,46.9,14.1,46.9,39.0
z_43.5_-4.5,2030,1,2030-T1,Stable,43.0,15.0,42.0,43.0
z_43.5_-4.5,2030,2,2030-T2,Diminution,63.4,11.7,63.4,24.8
z_43.5_-4.5,2030,3,2030-T3,Diminution,43.9,13.4,43.9,42.7
z_43.5_-4.5,2030,4,2030-T4,Diminution,44.7,15.7,44.7,39.7
z_43.5_-6.0,2023,1,2023-T1,Stable,57.6,28.6,13.8,57.6
z_43.5_-6.0,2023,2,2023-T2,Diminution,37.2,28.0,37.2,34.7
z_43.5_-6.0,2023,3,2023-T3,Stable,38.2,33.4,28.4,38.2
z_43.5_-6.0,2023,4,2023-T4,Stable,35.4,35.3,29.3,35.4
z_43.5_-6.0,2024,1,2024-T1,Stable,59.2,23.2,17.6,59.2
z_43.5_-6.0,2024,2,2024-T2,Augmentation,37.2,37.2,28.2,34.6
z_43.5_-6.0,2024,3,2024-T3,Augmentation,38.8,38.8,27.4,33.8
z_43.5_-6.0,2024,4,2024-T4,Stable,37.9,33.1,29.0,37.9
z_43.5_-6.0,2025,1,2025-T1,Stable,43.0,42.9,14.1,43.0
z_43.5_-6.0,2025,2,2025-T2,Augmentation,47.5,47.5,18.0,34.5
z_43.5_-6.0,2025,3,2025-T3,Augmentation,49.0,49.0,15.6,35.4
z_43.5_-6.0,2025,4,2025-T4,Stable,42.4,35.4,22.2,42.4
z_43.5_-6.0,2026,1,2026-T1,Stable,52.5,34.0,13.5,52.5
z_43.5_-6.0,2026,2,2026-T2,Stable,40.1,35.4,24.5,40.1
z_43.5_-6.0,2026,3,2026-T3,Augmentation,38.8,38.8,23.7,37.6
z_43.5_-6.0,2026,4,2026-T4,Stable,38.9,35.3,25.8,38.9
z_43.5_-6.0,2027,1,2027-T1,Stable,53.8,31.2,15.0,53.8
z_43.5_-6.0,2027,2,2027-T2,Stable,38.0,34.6,27.4,38.0
z_43.5_-6.0,2027,3,2027-T3,Stable,37.7,37.2,25.0,37.7
z_43.5_-6.0,2027,4,2027-T4,Stable,39.0,34.0,26.9,39.0
z_43.5_-6.0,2028,1,2028-T1,Stable,55.6,29.1,15.3,55.6
z_43.5_-6.0,2028,2,2028-T2,Stable,37.1,34.1,28.7,37.1
z_43.5_-6.0,2028,3,2028-T3,Augmentation,41.8,41.8,21.0,37.2
z_43.5_-6.0,2028,4,2028-T4,Augmentation,38.8,38.8,22.8,38.5
z_43.5_-6.0,2029,1,2029-T1,Stable,56.8,30.1,13.1,56.8
z_43.5_-6.0,2029,2,2029-T2,Stable,37.4,33.9,28.6,37.4
z_43.5_-6.0,2029,3,2029-T3,Augmentation,38.4,38.4,23.7,38.0
z_43.5_-6.0,2029,4,2029-T4,Stable,40.4,35.7,23.8,40.4
z_43.5_-6.0,2030,1,2030-T1,Stable,59.0,27.3,13.6,59.0
z_43.5_-6.0,2030,2,2030-T2,Stable,37.8,33.9,28.3,37.8
z_43.5_-6.0,2030,3,2030-T3,Stable,38.3,38.0,23.7,38.3
z_43.5_-6.0,2030,4,2030-T4,Stable,40.2,35.5,24.3,40.2
z_43.5_-7.5,2023,1,2023-T1,Stable,49.4,27.7,22.8,49.4
z_43.5_-7.5,2023,2,2023-T2,Stable,46.9,37.3,15.8,46.9
z_43.5_-7.5,2023,3,2023-T3,Augmentation,42.1,42.1,25.1,32.8
z_43.5_-7.5,2023,4,2023-T4,Stable,49.7,35.4,14.9,49.7
z_43.5_-7.5,2024,1,2024-T1,Stable,50.7,34.8,14.6,50.7
z_43.5_-7.5,2024,2,2024-T2,Stable,56.5,27.8,15.7,56.5
z_43.5_-7.5,2024,3,2024-T3,Augmentation,42.5,42.5,19.5,38.0
z_43.5_-7.5,2024,4,2024-T4,Augmentation,54.9,54.9,10.0,35.1
z_43.5_-7.5,2025,1,2025-T1,Augmentation,47.8,47.8,10.8,41.5
z_43.5_-7.5,2025,2,2025-T2,Stable,56.6,29.9,13.5,56.6
z_43.5_-7.5,2025,3,2025-T3,Stable,38.3,32.3,29.4,38.3
z_43.5_-7.5,2025,4,2025-T4,Stable,48.3,30.2,21.5,48.3
z_43.5_-7.5,2026,1,2026-T1,Stable,49.7,26.7,23.6,49.7
z_43.5_-7.5,2026,2,2026-T2,Stable,59.0,23.4,17.6,59.0
z_43.5_-7.5,2026,3,2026-T3,Stable,37.6,32.6,29.8,37.6
z_43.5_-7.5,2026,4,2026-T4,Stable,52.9,31.6,15.5,52.9
z_43.5_-7.5,2027,1,2027-T1,Stable,50.2,35.1,14.8,50.2
z_43.5_-7.5,2027,2,2027-T2,Stable,57.8,25.8,16.3,57.8
z_43.5_-7.5,2027,3,2027-T3,Stable,39.9,32.3,27.9,39.9
z_43.5_-7.5,2027,4,2027-T4,Stable,53.1,30.8,16.1,53.1
z_43.5_-7.5,2028,1,2028-T1,Stable,50.6,36.9,12.5,50.6
z_43.5_-7.5,2028,2,2028-T2,Stable,57.9,28.5,13.6,57.9
z_43.5_-7.5,2028,3,2028-T3,Stable,40.2,37.1,22.7,40.2
z_43.5_-7.5,2028,4,2028-T4,Stable,52.8,31.9,15.3,52.8
z_43.5_-7.5,2029,1,2029-T1,Stable,52.3,32.0,15.7,52.3
z_43.5_-7.5,2029,2,2029-T2,Stable,57.3,27.6,15.2,57.3
z_43.5_-7.5,2029,3,2029-T3,Stable,41.6,33.2,25.2,41.6
z_43.5_-7.5,2029,4,2029-T4,Stable,52.5,31.5,16.0,52.5
z_43.5_-7.5,2030,1,2030-T1,Stable,53.5,30.5,16.0,53.5
z_43.5_-7.5,2030,2,2030-T2,Stable,59.1,25.4,15.6,59.1
z_43.5_-7.5,2030,3,2030-T3,Stable,41.6,32.7,25.8,41.6
z_43.5_-7.5,2030,4,2030-T4,Stable,53.6,31.0,15.4,53.6
z_43.5_-9.0,2023,1,2023-T1,Augmentation,55.6,55.6,16.8,27.6
z_43.5_-9.0,2023,2,2023-T2,Augmentation,55.5,55.5,15.4,29.1
z_43.5_-9.0,2023,3,2023-T3,Augmentation,56.2,56.2,11.9,31.9
z_43.5_-9.0,2023,4,2023-T4,Augmentation,52.2,52.2,17.6,30.1
z_43.5_-9.0,2024,1,2024-T1,Augmentation,45.4,45.4,22.3,32.4
z_43.5_-9.0,2024,2,2024-T2,Augmentation,49.0,49.0,15.9,35.1
z_43.5_-9.0,2024,3,2024-T3,Augmentation,54.6,54.6,16.8,28.6
z_43.5_-9.0,2024,4,2024-T4,Augmentation,61.7,61.7,16.3,22.0
z_43.5_-9.0,2025,1,2025-T1,Stable,43.9,37.6,18.5,43.9
z_43.5_-9.0,2025,2,2025-T2,Augmentation,63.4,63.4,8.9,27.8
z_43.5_-9.0,2025,3,2025-T3,Augmentation,77.4,77.4,8.5,14.1
z_43.5_-9.0,2025,4,2025-T4,Augmentation,68.5,68.5,10.6,20.9
z_43.5_-9.0,2026,1,2026-T1,Augmentation,46.6,46.6,17.3,36.1
z_43.5_-9.0,2026,2,2026-T2,Augmentation,56.7,56.7,14.2,29.0
z_43.5_-9.0,2026,3,2026-T3,Augmentation,62.8,62.8,13.7,23.6
z_43.5_-9.0,2026,4,2026-T4,Augmentation,58.6,58.6,15.3,26.1
z_43.5_-9.0,2027,1,2027-T1,Augmentation,50.5,50.5,17.7,31.8
z_43.5_-9.0,2027,2,2027-T2,Augmentation,56.3,56.3,12.8,31.0
z_43.5_-9.0,2027,3,2027-T3,Augmentation,60.3,60.3,14.1,25.6
z_43.5_-9.0,2027,4,2027-T4,Augmentation,60.0,60.0,14.3,25.6
z_43.5_-9.0,2028,1,2028-T1,Augmentation,52.3,52.3,16.0,31.7
z_43.5_-9.0,2028,2,2028-T2,Augmentation,62.8,62.8,11.9,25.3
z_43.5_-9.0,2028,3,2028-T3,Augmentation,62.4,62.4,11.7,25.9
z_43.5_-9.0,2028,4,2028-T4,Augmentation,63.8,63.8,13.0,23.2
z_43.5_-9.0,2029,1,2029-T1,Augmentation,54.1,54.1,16.0,29.9
z_43.5_-9.0,2029,2,2029-T2,Augmentation,62.4,62.4,12.1,25.5
z_43.5_-9.0,2029,3,2029-T3,Augmentation,68.4,68.4,10.7,20.9
z_43.5_-9.0,2029,4,2029-T4,Augmentation,65.0,65.0,12.5,22.5
z_43.5_-9.0,2030,1,2030-T1,Augmentation,55.6,55.6,14.9,29.5
z_43.5_-9.0,2030,2,2030-T2,Augmentation,63.4,63.4,11.7,24.9
z_43.5_-9.0,2030,3,2030-T3,Augmentation,69.8,69.8,10.5,19.7
z_43.5_-9.0,2030,4,2030-T4,Augmentation,66.3,66.3,11.9,21.8
z_43.5_12.0,2023,1,2023-T1,Augmentation,46.7,46.7,22.5,30.8
z_43.5_12.0,2023,2,2023-T2,Augmentation,50.3,50.3,14.4,35.3
z_43.5_12.0,2023,3,2023-T3,Augmentation,55.2,55.2,16.1,28.7
z_43.5_12.0,2023,4,2023-T4,Augmentation,66.3,66.3,10.6,23.1
z_43.5_12.0,2024,1,2024-T1,Augmentation,69.0,69.0,12.5,18.5
z_43.5_12.0,2024,2,2024-T2,Augmentation,66.1,66.1,12.6,21.3
z_43.5_12.0,2024,3,2024-T3,Augmentation,58.5,58.5,12.9,28.6
z_43.5_12.0,2024,4,2024-T4,Augmentation,68.3,68.3,12.9,18.7
z_43.5_12.0,2025,1,2025-T1,Augmentation,68.3,68.3,10.8,20.9
z_43.5_12.0,2025,2,2025-T2,Augmentation,73.8,73.8,8.0,18.3
z_43.5_12.0,2025,3,2025-T3,Augmentation,68.6,68.6,10.7,20.7
z_43.5_12.0,2025,4,2025-T4,Augmentation,77.2,77.2,8.5,14.3
z_43.5_12.0,2026,1,2026-T1,Augmentation,47.9,47.9,16.1,36.0
z_43.5_12.0,2026,2,2026-T2,Augmentation,57.3,57.3,15.1,27.6
z_43.5_12.0,2026,3,2026-T3,Augmentation,58.0,58.0,16.3,25.7
z_43.5_12.0,2026,4,2026-T4,Augmentation,73.7,73.7,10.0,16.3
z_43.5_12.0,2027,1,2027-T1,Augmentation,69.2,69.2,12.4,18.4
z_43.5_12.0,2027,2,2027-T2,Augmentation,70.0,70.0,9.9,20.1
z_43.5_12.0,2027,3,2027-T3,Augmentation,65.4,65.4,12.1,22.5
z_43.5_12.0,2027,4,2027-T4,Augmentation,74.8,74.8,8.6,16.7
z_43.5_12.0,2028,1,2028-T1,Augmentation,69.1,69.1,12.4,18.5
z_43.5_12.0,2028,2,2028-T2,Augmentation,68.5,68.5,9.4,22.1
z_43.5_12.0,2028,3,2028-T3,Augmentation,67.6,67.6,10.5,21.9
z_43.5_12.0,2028,4,2028-T4,Augmentation,75.8,75.8,8.3,15.9
z_43.5_12.0,2029,1,2029-T1,Augmentation,69.7,69.7,11.4,18.9
z_43.5_12.0,2029,2,2029-T2,Augmentation,70.6,70.6,9.7,19.7
z_43.5_12.0,2029,3,2029-T3,Augmentation,67.4,67.4,10.3,22.2
z_43.5_12.0,2029,4,2029-T4,Augmentation,75.3,75.3,9.0,15.8
z_43.5_12.0,2030,1,2030-T1,Augmentation,69.8,69.8,11.5,18.7
z_43.5_12.0,2030,2,2030-T2,Augmentation,71.5,71.5,8.7,19.8
z_43.5_12.0,2030,3,2030-T3,Augmentation,68.1,68.1,10.1,21.8
z_43.5_12.0,2030,4,2030-T4,Augmentation,75.4,75.4,8.0,16.6
z_43.5_13.5,2023,1,2023-T1,Stable,50.6,37.1,12.3,50.6
z_43.5_13.5,2023,2,2023-T2,Augmentation,48.1,48.1,12.8,39.1
z_43.5_13.5,2023,3,2023-T3,Stable,55.4,30.5,14.1,55.4
z_43.5_13.5,2023,4,2023-T4,Stable,39.9,38.0,22.1,39.9
z_43.5_13.5,2024,1,2024-T1,Stable,62.1,25.1,12.7,62.1
z_43.5_13.5,2024,2,2024-T2,Stable,51.5,30.9,17.6,51.5
z_43.5_13.5,2024,3,2024-T3,Stable,49.4,31.2,19.4,49.4
z_43.5_13.5,2024,4,2024-T4,Augmentation,42.3,42.3,20.8,36.9
z_43.5_13.5,2025,1,2025-T1,Stable,62.2,23.9,13.8,62.2
z_43.5_13.5,2025,2,2025-T2,Augmentation,48.2,48.2,11.5,40.3
z_43.5_13.5,2025,3,2025-T3,Stable,48.9,38.2,12.9,48.9
z_43.5_13.5,2025,4,2025-T4,Stable,34.8,32.3,32.9,34.8
z_43.5_13.5,2026,1,2026-T1,Stable,54.7,19.8,25.5,54.7
z_43.5_13.5,2026,2,2026-T2,Stable,56.8,22.2,21.0,56.8
z_43.5_13.5,2026,3,2026-T3,Stable,50.9,29.4,19.7,50.9
z_43.5_13.5,2026,4,2026-T4,Augmentation,41.0,41.0,20.4,38.6
z_43.5_13.5,2027,1,2027-T1,Stable,60.6,26.1,13.3,60.6
z_43.5_13.5,2027,2,2027-T2,Stable,53.2,30.8,16.0,53.2
z_43.5_13.5,2027,3,2027-T3,Stable,55.4,29.0,15.6,55.4
z_43.5_13.5,2027,4,2027-T4,Stable,41.8,34.9,23.3,41.8
z_43.5_13.5,2028,1,2028-T1,Stable,60.5,24.8,14.7,60.5
z_43.5_13.5,2028,2,2028-T2,Stable,48.3,38.2,13.6,48.3
z_43.5_13.5,2028,3,2028-T3,Stable,54.2,31.4,14.4,54.2
z_43.5_13.5,2028,4,2028-T4,Stable,41.3,35.4,23.3,41.3
z_43.5_13.5,2029,1,2029-T1,Stable,60.6,26.4,13.0,60.6
z_43.5_13.5,2029,2,2029-T2,Stable,52.1,33.4,14.4,52.1
z_43.5_13.5,2029,3,2029-T3,Stable,54.0,31.0,15.0,54.0
z_43.5_13.5,2029,4,2029-T4,Stable,41.2,35.1,23.7,41.2
z_43.5_13.5,2030,1,2030-T1,Stable,62.6,23.9,13.4,62.6
z_43.5_13.5,2030,2,2030-T2,Stable,53.7,30.5,15.7,53.7
z_43.5_13.5,2030,3,2030-T3,Stable,55.2,29.7,15.0,55.2
z_43.5_13.5,2030,4,2030-T4,Stable,41.1,35.1,23.8,41.1
z_43.5_15.0,2023,1,2023-T1,Diminution,54.0,14.5,54.0,31.5
z_43.5_15.0,2023,2,2023-T2,Diminution,61.0,10.9,61.0,28.2
z_43.5_15.0,2023,3,2023-T3,Diminution,43.9,28.0,43.9,28.2
z_43.5_15.0,2023,4,2023-T4,Stable,43.8,17.9,38.3,43.8
z_43.5_15.0,2024,1,2024-T1,Diminution,42.0,26.4,42.0,31.6
z_43.5_15.0,2024,2,2024-T2,Diminution,48.1,17.1,48.1,34.8
z_43.5_15.0,2024,3,2024-T3,Diminution,42.3,26.4,42.3,31.2
z_43.5_15.0,2024,4,2024-T4,Diminution,52.1,6.1,52.1,41.8
z_43.5_15.0,2025,1,2025-T1,Diminution,61.0,11.4,61.0,27.5
z_43.5_15.0,2025,2,2025-T2,Diminution,58.9,12.1,58.9,29.0
z_43.5_15.0,2025,3,2025-T3,Diminution,42.2,21.1,42.2,36.7
z_43.5_15.0,2025,4,2025-T4,Stable,37.4,26.3,36.3,37.4
z_43.5_15.0,2026,1,2026-T1,Diminution,49.0,16.5,49.0,34.5
z_43.5_15.0,2026,2,2026-T2,Diminution,57.9,13.4,57.9,28.6
z_43.5_15.0,2026,3,2026-T3,Diminution,54.8,17.5,54.8,27.8
z_43.5_15.0,2026,4,2026-T4,Diminution,52.6,5.8,52.6,41.5
z_43.5_15.0,2027,1,2027-T1,Diminution,61.6,11.6,61.6,26.8
z_43.5_15.0,2027,2,2027-T2,Diminution,58.2,11.1,58.2,30.7
z_43.5_15.0,2027,3,2027-T3,Diminution,55.9,16.2,55.9,27.9
z_43.5_15.0,2027,4,2027-T4,Diminution,52.6,5.8,52.6,41.5
z_43.5_15.0,2028,1,2028-T1,Diminution,61.1,11.0,61.1,27.9
z_43.5_15.0,2028,2,2028-T2,Diminution,57.5,11.4,57.5,31.1
z_43.5_15.0,2028,3,2028-T3,Diminution,53.7,20.5,53.7,25.8
z_43.5_15.0,2028,4,2028-T4,Diminution,52.6,5.8,52.6,41.5
z_43.5_15.0,2029,1,2029-T1,Diminution,59.2,10.2,59.2,30.7
z_43.5_15.0,2029,2,2029-T2,Diminution,59.4,10.4,59.4,30.2
z_43.5_15.0,2029,3,2029-T3,Diminution,55.3,16.3,55.3,28.4
z_43.5_15.0,2029,4,2029-T4,Diminution,52.6,5.8,52.6,41.5
z_43.5_15.0,2030,1,2030-T1,Diminution,61.2,11.3,61.2,27.5
z_43.5_15.0,2030,2,2030-T2,Diminution,58.8,11.9,58.8,29.2
z_43.5_15.0,2030,3,2030-T3,Diminution,55.9,15.7,55.9,28.3
z_43.5_15.0,2030,4,2030-T4,Diminution,52.6,5.8,52.6,41.5
z_43.5_28.5,2023,1,2023-T1,Diminution,52.4,16.5,52.4,31.1
z_43.5_28.5,2023,2,2023-T2,Diminution,72.3,10.8,72.3,16.9
z_43.5_28.5,2023,3,2023-T3,Stable,51.5,19.1,29.4,51.5
z_43.5_28.5,2023,4,2023-T4,Diminution,71.6,8.0,71.6,20.5
z_43.5_28.5,2024,1,2024-T1,Diminution,51.7,14.1,51.7,34.2
z_43.5_28.5,2024,2,2024-T2,Diminution,60.0,14.7,60.0,25.3
z_43.5_28.5,2024,3,2024-T3,Stable,48.0,11.9,40.2,48.0
z_43.5_28.5,2024,4,2024-T4,Diminution,72.7,8.2,72.7,19.0
z_43.5_28.5,2025,1,2025-T1,Diminution,55.7,13.9,55.7,30.4
z_43.5_28.5,2025,2,2025-T2,Diminution,69.7,8.1,69.7,22.1
z_43.5_28.5,2025,3,2025-T3,Stable,56.1,14.2,29.7,56.1
z_43.5_28.5,2025,4,2025-T4,Diminution,59.5,12.4,59.5,28.1
z_43.5_28.5,2026,1,2026-T1,Diminution,61.4,14.2,61.4,24.4
z_43.5_28.5,2026,2,2026-T2,Diminution,67.8,8.3,67.8,23.9
z_43.5_28.5,2026,3,2026-T3,Diminution,45.5,16.0,45.5,38.5
z_43.5_28.5,2026,4,2026-T4,Diminution,69.9,5.4,69.9,24.7
z_43.5_28.5,2027,1,2027-T1,Diminution,61.7,13.4,61.7,24.9
z_43.5_28.5,2027,2,2027-T2,Diminution,74.8,8.1,74.8,17.2
z_43.5_28.5,2027,3,2027-T3,Diminution,43.8,15.2,43.8,41.0
z_43.5_28.5,2027,4,2027-T4,Diminution,74.2,5.9,74.2,19.9
z_43.5_28.5,2028,1,2028-T1,Diminution,62.8,14.5,62.8,22.7
z_43.5_28.5,2028,2,2028-T2,Diminution,67.6,8.8,67.6,23.6
z_43.5_28.5,2028,3,2028-T3,Diminution,46.3,13.8,46.3,39.9
z_43.5_28.5,2028,4,2028-T4,Diminution,73.0,6.9,73.0,20.1
z_43.5_28.5,2029,1,2029-T1,Diminution,62.8,14.5,62.8,22.7
z_43.5_28.5,2029,2,2029-T2,Diminution,76.3,8.9,76.3,14.8
z_43.5_28.5,2029,3,2029-T3,Diminution,46.3,13.8,46.3,39.9
z_43.5_28.5,2029,4,2029-T4,Diminution,71.9,7.4,71.9,20.7
z_43.5_28.5,2030,1,2030-T1,Diminution,62.8,14.5,62.8,22.7
z_43.5_28.5,2030,2,2030-T2,Diminution,70.1,10.2,70.1,19.7
z_43.5_28.5,2030,3,2030-T3,Diminution,46.3,13.8,46.3,39.9
z_43.5_28.5,2030,4,2030-T4,Diminution,77.1,7.6,77.1,15.3
z_43.5_30.0,2023,1,2023-T1,Diminution,80.1,2.3,80.1,17.6
z_43.5_30.0,2023,2,2023-T2,Diminution,65.9,2.6,65.9,31.6
z_43.5_30.0,2023,3,2023-T3,Diminution,69.2,3.9,69.2,26.9
z_43.5_30.0,2023,4,2023-T4,Diminution,78.8,2.9,78.8,18.4
z_43.5_30.0,2024,1,2024-T1,Diminution,76.3,3.0,76.3,20.8
z_43.5_30.0,2024,2,2024-T2,Diminution,79.3,2.8,79.3,17.9
z_43.5_30.0,2024,3,2024-T3,Diminution,80.1,3.4,80.1,16.6
z_43.5_30.0,2024,4,2024-T4,Diminution,79.6,2.6,79.6,17.8
z_43.5_30.0,2025,1,2025-T1,Diminution,74.1,4.4,74.1,21.5
z_43.5_30.0,2025,2,2025-T2,Diminution,79.3,2.8,79.3,17.9
z_43.5_30.0,2025,3,2025-T3,Diminution,80.1,3.4,80.1,16.6
z_43.5_30.0,2025,4,2025-T4,Diminution,79.6,2.6,79.6,17.8
z_43.5_30.0,2026,1,2026-T1,Diminution,69.6,2.7,69.6,27.7
z_43.5_30.0,2026,2,2026-T2,Diminution,79.3,2.8,79.3,17.9
z_43.5_30.0,2026,3,2026-T3,Diminution,80.1,3.4,80.1,16.6
z_43.5_30.0,2026,4,2026-T4,Diminution,79.6,2.6,79.6,17.8
z_43.5_30.0,2027,1,2027-T1,Diminution,77.5,2.8,77.5,19.7
z_43.5_30.0,2027,2,2027-T2,Diminution,79.3,2.8,79.3,17.9
z_43.5_30.0,2027,3,2027-T3,Diminution,80.1,3.4,80.1,16.6
z_43.5_30.0,2027,4,2027-T4,Diminution,79.6,2.6,79.6,17.8
z_43.5_30.0,2028,1,2028-T1,Diminution,61.3,6.2,61.3,32.5
z_43.5_30.0,2028,2,2028-T2,Diminution,79.3,2.8,79.3,17.9
z_43.5_30.0,2028,3,2028-T3,Diminution,80.1,3.4,80.1,16.6
z_43.5_30.0,2028,4,2028-T4,Diminution,79.6,2.6,79.6,17.8
z_43.5_30.0,2029,1,2029-T1,Diminution,80.1,2.3,80.1,17.6
z_43.5_30.0,2029,2,2029-T2,Diminution,79.3,2.8,79.3,17.9
z_43.5_30.0,2029,3,2029-T3,Diminution,80.1,3.4,80.1,16.6
z_43.5_30.0,2029,4,2029-T4,Diminution,79.6,2.6,79.6,17.8
z_43.5_30.0,2030,1,2030-T1,Diminution,80.1,2.3,80.1,17.6
z_43.5_30.0,2030,2,2030-T2,Diminution,79.3,2.8,79.3,17.9
z_43.5_30.0,2030,3,2030-T3,Diminution,80.1,3.4,80.1,16.6
z_43.5_30.0,2030,4,2030-T4,Diminution,79.6,2.6,79.6,17.8
z_43.5_36.0,2023,1,2023-T1,Diminution,52.6,9.1,52.6,38.3
z_43.5_36.0,2023,2,2023-T2,Diminution,59.7,7.7,59.7,32.6
z_43.5_36.0,2023,3,2023-T3,Diminution,61.4,7.9,61.4,30.7
z_43.5_36.0,2023,4,2023-T4,Diminution,61.1,8.7,61.1,30.2
z_43.5_36.0,2024,1,2024-T1,Diminution,52.1,8.9,52.1,39.0
z_43.5_36.0,2024,2,2024-T2,Diminution,53.1,9.5,53.1,37.4
z_43.5_36.0,2024,3,2024-T3,Diminution,53.7,8.1,53.7,38.2
z_43.5_36.0,2024,4,2024-T4,Diminution,63.8,8.5,63.8,27.7
z_43.5_36.0,2025,1,2025-T1,Diminution,48.1,9.7,48.1,42.2
z_43.5_36.0,2025,2,2025-T2,Diminution,59.7,7.7,59.7,32.6
z_43.5_36.0,2025,3,2025-T3,Diminution,61.4,7.9,61.4,30.7
z_43.5_36.0,2025,4,2025-T4,Diminution,61.1,8.7,61.1,30.2
z_43.5_36.0,2026,1,2026-T1,Diminution,47.6,10.5,47.6,42.0
z_43.5_36.0,2026,2,2026-T2,Diminution,59.7,7.7,59.7,32.6
z_43.5_36.0,2026,3,2026-T3,Diminution,61.4,7.9,61.4,30.7
z_43.5_36.0,2026,4,2026-T4,Diminution,61.1,8.7,61.1,30.2
z_43.5_36.0,2027,1,2027-T1,Diminution,52.6,9.1,52.6,38.3
z_43.5_36.0,2027,2,2027-T2,Diminution,59.7,7.7,59.7,32.6
z_43.5_36.0,2027,3,2027-T3,Diminution,61.4,7.9,61.4,30.7
z_43.5_36.0,2027,4,2027-T4,Diminution,61.1,8.7,61.1,30.2
z_43.5_36.0,2028,1,2028-T1,Diminution,52.1,8.9,52.1,39.0
z_43.5_36.0,2028,2,2028-T2,Diminution,59.7,7.7,59.7,32.6
z_43.5_36.0,2028,3,2028-T3,Diminution,61.4,7.9,61.4,30.7
z_43.5_36.0,2028,4,2028-T4,Diminution,61.1,8.7,61.1,30.2
z_43.5_36.0,2029,1,2029-T1,Diminution,50.6,9.0,50.6,40.5
z_43.5_36.0,2029,2,2029-T2,Diminution,59.7,7.7,59.7,32.6
z_43.5_36.0,2029,3,2029-T3,Diminution,61.4,7.9,61.4,30.7
z_43.5_36.0,2029,4,2029-T4,Diminution,61.1,8.7,61.1,30.2
z_43.5_36.0,2030,1,2030-T1,Diminution,54.2,8.7,54.2,37.1
z_43.5_36.0,2030,2,2030-T2,Diminution,59.7,7.7,59.7,32.6
z_43.5_36.0,2030,3,2030-T3,Diminution,61.4,7.9,61.4,30.7
z_43.5_36.0,2030,4,2030-T4,Diminution,61.1,8.7,61.1,30.2
z_43.5_37.5,2023,1,2023-T1,Diminution,55.1,13.5,55.1,31.4
z_43.5_37.5,2023,2,2023-T2,Stable,45.6,21.3,33.1,45.6
z_43.5_37.5,2023,3,2023-T3,Stable,47.2,6.9,45.8,47.2
z_43.5_37.5,2023,4,2023-T4,Diminution,42.6,16.3,42.6,41.0
z_43.5_37.5,2024,1,2024-T1,Diminution,53.1,13.3,53.1,33.6
z_43.5_37.5,2024,2,2024-T2,Stable,45.9,12.9,41.3,45.9
z_43.5_37.5,2024,3,2024-T3,Diminution,51.7,7.4,51.7,40.8
z_43.5_37.5,2024,4,2024-T4,Diminution,44.4,16.2,44.4,39.5
z_43.5_37.5,2025,1,2025-T1,Diminution,53.6,15.7,53.6,30.7
z_43.5_37.5,2025,2,2025-T2,Stable,45.9,12.9,41.3,45.9
z_43.5_37.5,2025,3,2025-T3,Diminution,47.9,7.3,47.9,44.8
z_43.5_37.5,2025,4,2025-T4,Diminution,44.7,14.8,44.7,40.5
z_43.5_37.5,2026,1,2026-T1,Diminution,59.7,13.0,59.7,27.3
z_43.5_37.5,2026,2,2026-T2,Stable,45.9,12.9,41.3,45.9
z_43.5_37.5,2026,3,2026-T3,Diminution,54.6,7.4,54.6,38.0
z_43.5_37.5,2026,4,2026-T4,Diminution,44.7,14.8,44.7,40.5
z_43.5_37.5,2027,1,2027-T1,Diminution,60.3,13.7,60.3,26.0
z_43.5_37.5,2027,2,2027-T2,Stable,45.9,12.9,41.3,45.9
z_43.5_37.5,2027,3,2027-T3,Diminution,54.6,7.4,54.6,38.0
z_43.5_37.5,2027,4,2027-T4,Diminution,44.7,14.8,44.7,40.5
z_43.5_37.5,2028,1,2028-T1,Diminution,58.7,13.1,58.7,28.2
z_43.5_37.5,2028,2,2028-T2,Stable,45.9,12.9,41.3,45.9
z_43.5_37.5,2028,3,2028-T3,Diminution,54.6,7.4,54.6,38.0
z_43.5_37.5,2028,4,2028-T4,Diminution,44.7,14.8,44.7,40.5
z_43.5_37.5,2029,1,2029-T1,Diminution,57.9,14.4,57.9,27.7
z_43.5_37.5,2029,2,2029-T2,Stable,45.9,12.9,41.3,45.9
z_43.5_37.5,2029,3,2029-T3,Diminution,54.6,7.4,54.6,38.0
z_43.5_37.5,2029,4,2029-T4,Diminution,44.7,14.8,44.7,40.5
z_43.5_37.5,2030,1,2030-T1,Diminution,57.9,14.4,57.9,27.7
z_43.5_37.5,2030,2,2030-T2,Stable,45.9,12.9,41.3,45.9
z_43.5_37.5,2030,3,2030-T3,Diminution,54.6,7.4,54.6,38.0
z_43.5_37.5,2030,4,2030-T4,Diminution,44.7,14.8,44.7,40.5
z_43.5_6.0,2023,1,2023-T1,Diminution,81.6,4.1,81.6,14.3
z_43.5_6.0,2023,2,2023-T2,Diminution,55.5,10.6,55.5,34.0
z_43.5_6.0,2023,3,2023-T3,Diminution,45.3,13.3,45.3,41.5
z_43.5_6.0,2023,4,2023-T4,Diminution,47.7,20.7,47.7,31.6
z_43.5_6.0,2024,1,2024-T1,Diminution,64.4,8.3,64.4,27.3
z_43.5_6.0,2024,2,2024-T2,Diminution,47.6,23.6,47.6,28.8
z_43.5_6.0,2024,3,2024-T3,Stable,44.7,15.7,39.6,44.7
z_43.5_6.0,2024,4,2024-T4,Diminution,54.7,12.4,54.7,32.8
z_43.5_6.0,2025,1,2025-T1,Diminution,77.9,1.9,77.9,20.1
z_43.5_6.0,2025,2,2025-T2,Stable,49.0,8.8,42.2,49.0
z_43.5_6.0,2025,3,2025-T3,Diminution,46.2,12.6,46.2,41.1
z_43.5_6.0,2025,4,2025-T4,Diminution,53.6,10.2,53.6,36.2
z_43.5_6.0,2026,1,2026-T1,Diminution,89.5,1.7,89.5,8.8
z_43.5_6.0,2026,2,2026-T2,Diminution,59.4,13.9,59.4,26.7
z_43.5_6.0,2026,3,2026-T3,Stable,43.4,18.2,38.4,43.4
z_43.5_6.0,2026,4,2026-T4,Diminution,51.0,13.7,51.0,35.3
z_43.5_6.0,2027,1,2027-T1,Diminution,89.5,1.7,89.5,8.8
z_43.5_6.0,2027,2,2027-T2,Diminution,51.9,23.4,51.9,24.8
z_43.5_6.0,2027,3,2027-T3,Diminution,50.1,13.0,50.1,36.8
z_43.5_6.0,2027,4,2027-T4,Stable,45.6,10.4,44.0,45.6
z_43.5_6.0,2028,1,2028-T1,Diminution,89.5,1.7,89.5,8.8
z_43.5_6.0,2028,2,2028-T2,Diminution,62.3,13.2,62.3,24.5
z_43.5_6.0,2028,3,2028-T3,Diminution,45.8,20.4,45.8,33.9
z_43.5_6.0,2028,4,2028-T4,Diminution,52.0,14.9,52.0,33.1
z_43.5_6.0,2029,1,2029-T1,Diminution,89.5,1.7,89.5,8.8
z_43.5_6.0,2029,2,2029-T2,Diminution,62.3,13.2,62.3,24.5
z_43.5_6.0,2029,3,2029-T3,Diminution,52.7,11.6,52.7,35.8
z_43.5_6.0,2029,4,2029-T4,Diminution,48.9,20.3,48.9,30.8
z_43.5_6.0,2030,1,2030-T1,Diminution,89.5,1.7,89.5,8.8
z_43.5_6.0,2030,2,2030-T2,Diminution,62.3,13.2,62.3,24.5
z_43.5_6.0,2030,3,2030-T3,Diminution,52.7,11.6,52.7,35.8
z_43.5_6.0,2030,4,2030-T4,Diminution,54.7,12.4,54.7,32.8
z_43.5_7.5,2023,1,2023-T1,Augmentation,55.5,55.5,18.8,25.7
z_43.5_7.5,2023,2,2023-T2,Augmentation,58.7,58.7,14.8,26.5
z_43.5_7.5,2023,3,2023-T3,Augmentation,66.3,66.3,11.9,21.8
z_43.5_7.5,2023,4,2023-T4,Augmentation,56.3,56.3,16.7,27.1
z_43.5_7.5,2024,1,2024-T1,Augmentation,52.3,52.3,16.7,31.0
z_43.5_7.5,2024,2,2024-T2,Augmentation,62.6,62.6,14.3,23.1
z_43.5_7.5,2024,3,2024-T3,Augmentation,63.3,63.3,14.9,21.8
z_43.5_7.5,2024,4,2024-T4,Augmentation,46.5,46.5,19.5,34.0
z_43.5_7.5,2025,1,2025-T1,Augmentation,50.0,50.0,15.7,34.2
z_43.5_7.5,2025,2,2025-T2,Augmentation,64.2,64.2,15.3,20.5
z_43.5_7.5,2025,3,2025-T3,Augmentation,62.0,62.0,14.2,23.8
z_43.5_7.5,2025,4,2025-T4,Augmentation,62.0,62.0,12.2,25.8
z_43.5_7.5,2026,1,2026-T1,Augmentation,55.6,55.6,16.9,27.5
z_43.5_7.5,2026,2,2026-T2,Augmentation,47.5,47.5,19.0,33.6
z_43.5_7.5,2026,3,2026-T3,Augmentation,57.2,57.2,14.8,28.0
z_43.5_7.5,2026,4,2026-T4,Augmentation,61.9,61.9,13.8,24.3
z_43.5_7.5,2027,1,2027-T1,Augmentation,55.5,55.5,16.4,28.1
z_43.5_7.5,2027,2,2027-T2,Augmentation,60.1,60.1,16.3,23.7
z_43.5_7.5,2027,3,2027-T3,Augmentation,64.6,64.6,13.3,22.0
z_43.5_7.5,2027,4,2027-T4,Augmentation,61.2,61.2,13.8,25.0
z_43.5_7.5,2028,1,2028-T1,Augmentation,57.8,57.8,14.8,27.4
z_43.5_7.5,2028,2,2028-T2,Augmentation,58.3,58.3,15.4,26.4
z_43.5_7.5,2028,3,2028-T3,Augmentation,65.0,65.0,12.6,22.4
z_43.5_7.5,2028,4,2028-T4,Augmentation,62.3,62.3,13.6,24.2
z_43.5_7.5,2029,1,2029-T1,Augmentation,59.0,59.0,15.1,26.0
z_43.5_7.5,2029,2,2029-T2,Augmentation,60.1,60.1,15.4,24.5
z_43.5_7.5,2029,3,2029-T3,Augmentation,66.1,66.1,12.3,21.5
z_43.5_7.5,2029,4,2029-T4,Augmentation,60.8,60.8,13.4,25.8
z_43.5_7.5,2030,1,2030-T1,Augmentation,63.2,63.2,13.5,23.3
z_43.5_7.5,2030,2,2030-T2,Augmentation,66.2,66.2,13.6,20.2
z_43.5_7.5,2030,3,2030-T3,Augmentation,71.0,71.0,10.7,18.3
z_43.5_7.5,2030,4,2030-T4,Augmentation,68.2,68.2,11.0,20.8
z_43.5_9.0,2023,1,2023-T1,Stable,35.8,32.0,32.3,35.8
z_43.5_9.0,2023,2,2023-T2,Stable,39.1,37.2,23.7,39.1
z_43.5_9.0,2023,3,2023-T3,Augmentation,45.4,45.4,18.3,36.3
z_43.5_9.0,2023,4,2023-T4,Stable,51.5,36.1,12.4,51.5
z_43.5_9.0,2024,1,2024-T1,Augmentation,39.0,39.0,26.1,34.9
z_43.5_9.0,2024,2,2024-T2,Stable,47.5,35.5,17.1,47.5
z_43.5_9.0,2024,3,2024-T3,Augmentation,55.4,55.4,13.8,30.7
z_43.5_9.0,2024,4,2024-T4,Augmentation,52.8,52.8,9.1,38.1
z_43.5_9.0,2025,1,2025-T1,Augmentation,48.9,48.9,16.0,35.2
z_43.5_9.0,2025,2,2025-T2,Stable,49.2,29.3,21.5,49.2
z_43.5_9.0,2025,3,2025-T3,Augmentation,41.3,41.3,18.0,40.7
z_43.5_9.0,2025,4,2025-T4,Augmentation,46.0,46.0,12.9,41.2
z_43.5_9.0,2026,1,2026-T1,Augmentation,47.7,47.7,19.5,32.8
z_43.5_9.0,2026,2,2026-T2,Stable,45.6,36.5,17.9,45.6
z_43.5_9.0,2026,3,2026-T3,Augmentation,38.6,38.6,23.8,37.6
z_43.5_9.0,2026,4,2026-T4,Stable,51.6,33.4,14.9,51.6
z_43.5_9.0,2027,1,2027-T1,Stable,38.5,34.1,27.5,38.5
z_43.5_9.0,2027,2,2027-T2,Stable,41.8,31.6,26.7,41.8
z_43.5_9.0,2027,3,2027-T3,Stable,40.1,35.4,24.5,40.1
z_43.5_9.0,2027,4,2027-T4,Stable,53.6,33.2,13.1,53.6
z_43.5_9.0,2028,1,2028-T1,Stable,39.2,35.4,25.3,39.2
z_43.5_9.0,2028,2,2028-T2,Stable,42.7,33.1,24.2,42.7
z_43.5_9.0,2028,3,2028-T3,Stable,39.9,39.3,20.9,39.9
z_43.5_9.0,2028,4,2028-T4,Stable,56.0,29.4,14.6,56.0
z_43.5_9.0,2029,1,2029-T1,Stable,40.0,32.5,27.5,40.0
z_43.5_9.0,2029,2,2029-T2,Stable,43.0,34.4,22.6,43.0
z_43.5_9.0,2029,3,2029-T3,Stable,41.0,35.6,23.4,41.0
z_43.5_9.0,2029,4,2029-T4,Stable,55.2,31.8,12.9,55.2
z_43.5_9.0,2030,1,2030-T1,Stable,40.4,32.4,27.2,40.4
z_43.5_9.0,2030,2,2030-T2,Stable,44.2,30.8,25.0,44.2
z_43.5_9.0,2030,3,2030-T3,Stable,41.3,35.5,23.2,41.3
z_43.5_9.0,2030,4,2030-T4,Stable,56.6,29.3,14.1,56.6
z_45.0_-1.5,2023,1,2023-T1,Stable,47.6,39.3,13.2,47.6
z_45.0_-1.5,2023,2,2023-T2,Stable,47.1,35.1,17.8,47.1
z_45.0_-1.5,2023,3,2023-T3,Augmentation,62.4,62.4,15.8,21.8
z_45.0_-1.5,2023,4,2023-T4,Augmentation,53.3,53.3,13.8,33.0
z_45.0_-1.5,2024,1,2024-T1,Augmentation,49.1,49.1,11.5,39.4
z_45.0_-1.5,2024,2,2024-T2,Augmentation,44.2,44.2,25.2,30.6
z_45.0_-1.5,2024,3,2024-T3,Stable,38.8,32.4,28.8,38.8
z_45.0_-1.5,2024,4,2024-T4,Stable,47.1,32.1,20.8,47.1
z_45.0_-1.5,2025,1,2025-T1,Stable,45.5,34.8,19.7,45.5
z_45.0_-1.5,2025,2,2025-T2,Augmentation,45.8,45.8,22.4,31.9
z_45.0_-1.5,2025,3,2025-T3,Augmentation,42.6,42.6,19.0,38.4
z_45.0_-1.5,2025,4,2025-T4,Stable,48.4,37.0,14.6,48.4
z_45.0_-1.5,2026,1,2026-T1,Augmentation,50.5,50.5,13.7,35.7
z_45.0_-1.5,2026,2,2026-T2,Augmentation,45.0,45.0,21.6,33.4
z_45.0_-1.5,2026,3,2026-T3,Augmentation,50.1,50.1,16.7,33.2
z_45.0_-1.5,2026,4,2026-T4,Augmentation,52.2,52.2,10.2,37.6
z_45.0_-1.5,2027,1,2027-T1,Augmentation,52.6,52.6,11.3,36.1
z_45.0_-1.5,2027,2,2027-T2,Augmentation,49.5,49.5,18.9,31.6
z_45.0_-1.5,2027,3,2027-T3,Augmentation,53.8,53.8,15.6,30.5
z_45.0_-1.5,2027,4,2027-T4,Augmentation,59.6,59.6,10.0,30.4
z_45.0_-1.5,2028,1,2028-T1,Augmentation,52.9,52.9,11.0,36.1
z_45.0_-1.5,2028,2,2028-T2,Augmentation,44.7,44.7,19.4,35.8
z_45.0_-1.5,2028,3,2028-T3,Augmentation,53.9,53.9,15.4,30.8
z_45.0_-1.5,2028,4,2028-T4,Augmentation,59.1,59.1,10.3,30.6
z_45.0_-1.5,2029,1,2029-T1,Augmentation,57.2,57.2,10.5,32.4
z_45.0_-1.5,2029,2,2029-T2,Augmentation,44.1,44.1,19.6,36.3
z_45.0_-1.5,2029,3,2029-T3,Augmentation,53.8,53.8,15.7,30.5
z_45.0_-1.5,2029,4,2029-T4,Augmentation,60.2,60.2,9.8,30.0
z_45.0_-1.5,2030,1,2030-T1,Augmentation,58.3,58.3,9.8,31.9
z_45.0_-1.5,2030,2,2030-T2,Augmentation,50.1,50.1,18.1,31.8
z_45.0_-1.5,2030,3,2030-T3,Augmentation,57.9,57.9,14.4,27.7
z_45.0_-1.5,2030,4,2030-T4,Augmentation,59.9,59.9,10.0,30.1
z_45.0_-19.5,2023,1,2023-T1,Diminution,72.6,3.9,72.6,23.5
z_45.0_-19.5,2023,2,2023-T2,Diminution,70.1,3.6,70.1,26.3
z_45.0_-19.5,2023,3,2023-T3,Diminution,73.1,3.8,73.1,23.2
z_45.0_-19.5,2023,4,2023-T4,Diminution,73.1,4.3,73.1,22.7
z_45.0_-19.5,2024,1,2024-T1,Diminution,72.6,3.9,72.6,23.5
z_45.0_-19.5,2024,2,2024-T2,Diminution,70.1,3.6,70.1,26.3
z_45.0_-19.5,2024,3,2024-T3,Diminution,63.2,4.2,63.2,32.6
z_45.0_-19.5,2024,4,2024-T4,Diminution,63.4,4.3,63.4,32.2
z_45.0_-19.5,2025,1,2025-T1,Diminution,73.9,3.9,73.9,22.2
z_45.0_-19.5,2025,2,2025-T2,Diminution,63.5,5.0,63.5,31.6
z_45.0_-19.5,2025,3,2025-T3,Diminution,73.1,3.8,73.1,23.2
z_45.0_-19.5,2025,4,2025-T4,Diminution,73.1,4.3,73.1,22.7
z_45.0_-19.5,2026,1,2026-T1,Diminution,72.6,3.9,72.6,23.5
z_45.0_-19.5,2026,2,2026-T2,Diminution,67.6,4.8,67.6,27.5
z_45.0_-19.5,2026,3,2026-T3,Diminution,73.1,3.8,73.1,23.2
z_45.0_-19.5,2026,4,2026-T4,Diminution,73.1,4.3,73.1,22.7
z_45.0_-19.5,2027,1,2027-T1,Diminution,72.6,3.9,72.6,23.5
z_45.0_-19.5,2027,2,2027-T2,Diminution,67.4,3.9,67.4,28.7
z_45.0_-19.5,2027,3,2027-T3,Diminution,73.1,3.8,73.1,23.2
z_45.0_-19.5,2027,4,2027-T4,Diminution,73.1,4.3,73.1,22.7
z_45.0_-19.5,2028,1,2028-T1,Diminution,72.6,3.9,72.6,23.5
z_45.0_-19.5,2028,2,2028-T2,Diminution,69.2,5.0,69.2,25.8
z_45.0_-19.5,2028,3,2028-T3,Diminution,73.1,3.8,73.1,23.2
z_45.0_-19.5,2028,4,2028-T4,Diminution,73.1,4.3,73.1,22.7
z_45.0_-19.5,2029,1,2029-T1,Diminution,72.6,3.9,72.6,23.5
z_45.0_-19.5,2029,2,2029-T2,Diminution,60.5,4.3,60.5,35.2
z_45.0_-19.5,2029,3,2029-T3,Diminution,73.1,3.8,73.1,23.2
z_45.0_-19.5,2029,4,2029-T4,Diminution,73.1,4.3,73.1,22.7
z_45.0_-19.5,2030,1,2030-T1,Diminution,72.6,3.9,72.6,23.5
z_45.0_-19.5,2030,2,2030-T2,Diminution,70.1,3.6,70.1,26.3
z_45.0_-19.5,2030,3,2030-T3,Diminution,73.1,3.8,73.1,23.2
z_45.0_-19.5,2030,4,2030-T4,Diminution,73.1,4.3,73.1,22.7
z_45.0_-3.0,2023,1,2023-T1,Augmentation,71.0,71.0,11.1,17.8
z_45.0_-3.0,2023,2,2023-T2,Augmentation,62.3,62.3,12.4,25.3
z_45.0_-3.0,2023,3,2023-T3,Augmentation,64.4,64.4,10.3,25.3
z_45.0_-3.0,2023,4,2023-T4,Augmentation,58.2,58.2,13.0,28.8
z_45.0_-3.0,2024,1,2024-T1,Augmentation,66.9,66.9,12.3,20.8
z_45.0_-3.0,2024,2,2024-T2,Augmentation,58.8,58.8,14.4,26.9
z_45.0_-3.0,2024,3,2024-T3,Augmentation,64.0,64.0,10.2,25.9
z_45.0_-3.0,2024,4,2024-T4,Augmentation,63.7,63.7,13.5,22.8
z_45.0_-3.0,2025,1,2025-T1,Augmentation,61.3,61.3,12.8,25.8
z_45.0_-3.0,2025,2,2025-T2,Augmentation,51.2,51.2,16.0,32.8
z_45.0_-3.0,2025,3,2025-T3,Augmentation,55.9,55.9,11.7,32.4
z_45.0_-3.0,2025,4,2025-T4,Augmentation,56.3,56.3,19.1,24.6
z_45.0_-3.0,2026,1,2026-T1,Augmentation,54.6,54.6,17.2,28.2
z_45.0_-3.0,2026,2,2026-T2,Augmentation,59.3,59.3,14.5,26.2
z_45.0_-3.0,2026,3,2026-T3,Augmentation,64.0,64.0,9.9,26.0
z_45.0_-3.0,2026,4,2026-T4,Augmentation,65.7,65.7,13.1,21.1
z_45.0_-3.0,2027,1,2027-T1,Augmentation,68.9,68.9,10.7,20.3
z_45.0_-3.0,2027,2,2027-T2,Augmentation,62.7,62.7,12.8,24.5
z_45.0_-3.0,2027,3,2027-T3,Augmentation,66.3,66.3,8.9,24.9
z_45.0_-3.0,2027,4,2027-T4,Augmentation,68.6,68.6,11.6,19.8
z_45.0_-3.0,2028,1,2028-T1,Augmentation,69.8,69.8,10.3,19.9
z_45.0_-3.0,2028,2,2028-T2,Augmentation,63.0,63.0,12.4,24.7
z_45.0_-3.0,2028,3,2028-T3,Augmentation,66.8,66.8,9.0,24.2
z_45.0_-3.0,2028,4,2028-T4,Augmentation,69.0,69.0,11.1,19.9
z_45.0_-3.0,2029,1,2029-T1,Augmentation,69.3,69.3,10.6,20.0
z_45.0_-3.0,2029,2,2029-T2,Augmentation,61.8,61.8,11.9,26.2
z_45.0_-3.0,2029,3,2029-T3,Augmentation,67.7,67.7,8.9,23.4
z_45.0_-3.0,2029,4,2029-T4,Augmentation,67.4,67.4,11.9,20.7
z_45.0_-3.0,2030,1,2030-T1,Augmentation,68.0,68.0,10.4,21.6
z_45.0_-3.0,2030,2,2030-T2,Augmentation,62.0,62.0,11.9,26.1
z_45.0_-3.0,2030,3,2030-T3,Augmentation,67.6,67.6,8.6,23.8
z_45.0_-3.0,2030,4,2030-T4,Augmentation,67.5,67.5,11.8,20.7
z_45.0_-4.5,2023,1,2023-T1,Stable,48.9,36.3,14.8,48.9
z_45.0_-4.5,2023,2,2023-T2,Stable,58.9,22.0,19.1,58.9
z_45.0_-4.5,2023,3,2023-T3,Diminution,46.4,17.4,46.4,36.2
z_45.0_-4.5,2023,4,2023-T4,Stable,61.4,14.9,23.8,61.4
z_45.0_-4.5,2024,1,2024-T1,Stable,53.7,19.9,26.4,53.7
z_45.0_-4.5,2024,2,2024-T2,Stable,49.4,13.0,37.6,49.4
z_45.0_-4.5,2024,3,2024-T3,Diminution,69.6,8.0,69.6,22.5
z_45.0_-4.5,2024,4,2024-T4,Diminution,46.9,10.3,46.9,42.8
z_45.0_-4.5,2025,1,2025-T1,Stable,46.3,17.4,36.3,46.3
z_45.0_-4.5,2025,2,2025-T2,Stable,52.9,15.9,31.2,52.9
z_45.0_-4.5,2025,3,2025-T3,Diminution,59.1,9.8,59.1,31.1
z_45.0_-4.5,2025,4,2025-T4,Stable,51.0,17.4,31.6,51.0
z_45.0_-4.5,2026,1,2026-T1,Stable,41.8,25.1,33.1,41.8
z_45.0_-4.5,2026,2,2026-T2,Diminution,43.3,15.1,43.3,41.6
z_45.0_-4.5,2026,3,2026-T3,Diminution,66.9,7.5,66.9,25.6
z_45.0_-4.5,2026,4,2026-T4,Stable,45.3,9.5,45.3,45.3
z_45.0_-4.5,2027,1,2027-T1,Stable,45.2,11.4,43.4,45.2
z_45.0_-4.5,2027,2,2027-T2,Diminution,44.2,13.9,44.2,41.9
z_45.0_-4.5,2027,3,2027-T3,Diminution,71.6,7.2,71.6,21.2
z_45.0_-4.5,2027,4,2027-T4,Stable,46.8,9.5,43.7,46.8
z_45.0_-4.5,2028,1,2028-T1,Stable,45.0,12.2,42.8,45.0
z_45.0_-4.5,2028,2,2028-T2,Diminution,46.4,12.6,46.4,41.0
z_45.0_-4.5,2028,3,2028-T3,Diminution,68.7,7.1,68.7,24.2
z_45.0_-4.5,2028,4,2028-T4,Diminution,48.6,10.4,48.6,41.0
z_45.0_-4.5,2029,1,2029-T1,Diminution,49.0,12.1,49.0,38.8
z_45.0_-4.5,2029,2,2029-T2,Diminution,46.4,12.6,46.4,41.0
z_45.0_-4.5,2029,3,2029-T3,Diminution,75.2,8.6,75.2,16.3
z_45.0_-4.5,2029,4,2029-T4,Diminution,46.1,11.2,46.1,42.7
z_45.0_-4.5,2030,1,2030-T1,Diminution,46.1,14.3,46.1,39.7
z_45.0_-4.5,2030,2,2030-T2,Diminution,46.4,12.6,46.4,41.0
z_45.0_-4.5,2030,3,2030-T3,Diminution,69.3,9.7,69.3,21.0
z_45.0_-4.5,2030,4,2030-T4,Diminution,48.9,10.1,48.9,41.0
z_45.0_-6.0,2023,1,2023-T1,Stable,50.2,6.5,43.3,50.2
z_45.0_-6.0,2023,2,2023-T2,Diminution,61.5,5.3,61.5,33.2
z_45.0_-6.0,2023,3,2023-T3,Diminution,59.8,8.7,59.8,31.5
z_45.0_-6.0,2023,4,2023-T4,Diminution,78.8,2.8,78.8,18.4
z_45.0_-6.0,2024,1,2024-T1,Diminution,47.7,14.3,47.7,38.0
z_45.0_-6.0,2024,2,2024-T2,Diminution,79.5,2.9,79.5,17.7
z_45.0_-6.0,2024,3,2024-T3,Diminution,76.4,5.5,76.4,18.1
z_45.0_-6.0,2024,4,2024-T4,Diminution,68.0,2.4,68.0,29.6
z_45.0_-6.0,2025,1,2025-T1,Stable,42.2,16.7,41.1,42.2
z_45.0_-6.0,2025,2,2025-T2,Diminution,78.9,3.1,78.9,18.0
z_45.0_-6.0,2025,3,2025-T3,Diminution,67.8,3.4,67.8,28.7
z_45.0_-6.0,2025,4,2025-T4,Diminution,79.5,2.7,79.5,17.8
z_45.0_-6.0,2026,1,2026-T1,Diminution,51.8,5.6,51.8,42.6
z_45.0_-6.0,2026,2,2026-T2,Diminution,79.5,2.9,79.5,17.7
z_45.0_-6.0,2026,3,2026-T3,Diminution,73.4,5.1,73.4,21.5
z_45.0_-6.0,2026,4,2026-T4,Diminution,79.5,2.7,79.5,17.8
z_45.0_-6.0,2027,1,2027-T1,Diminution,59.7,7.4,59.7,32.9
z_45.0_-6.0,2027,2,2027-T2,Diminution,79.5,2.9,79.5,17.7
z_45.0_-6.0,2027,3,2027-T3,Diminution,52.2,9.1,52.2,38.8
z_45.0_-6.0,2027,4,2027-T4,Diminution,79.5,2.7,79.5,17.8
z_45.0_-6.0,2028,1,2028-T1,Diminution,51.2,15.7,51.2,33.1
z_45.0_-6.0,2028,2,2028-T2,Diminution,79.5,2.9,79.5,17.7
z_45.0_-6.0,2028,3,2028-T3,Diminution,77.5,3.6,77.5,18.9
z_45.0_-6.0,2028,4,2028-T4,Diminution,79.5,2.7,79.5,17.8
z_45.0_-6.0,2029,1,2029-T1,Diminution,60.6,7.2,60.6,32.2
z_45.0_-6.0,2029,2,2029-T2,Diminution,79.5,2.9,79.5,17.7
z_45.0_-6.0,2029,3,2029-T3,Diminution,56.4,7.1,56.4,36.4
z_45.0_-6.0,2029,4,2029-T4,Diminution,79.5,2.7,79.5,17.8
z_45.0_-6.0,2030,1,2030-T1,Diminution,60.6,7.2,60.6,32.2
z_45.0_-6.0,2030,2,2030-T2,Diminution,79.5,2.9,79.5,17.7
z_45.0_-6.0,2030,3,2030-T3,Diminution,80.2,3.4,80.2,16.3
z_45.0_-6.0,2030,4,2030-T4,Diminution,79.5,2.7,79.5,17.8
z_45.0_-7.5,2023,1,2023-T1,Diminution,92.2,1.8,92.2,6.0
z_45.0_-7.5,2023,2,2023-T2,Diminution,90.3,2.1,90.3,7.6
z_45.0_-7.5,2023,3,2023-T3,Diminution,81.7,3.6,81.7,14.8
z_45.0_-7.5,2023,4,2023-T4,Diminution,71.1,9.9,71.1,19.1
z_45.0_-7.5,2024,1,2024-T1,Diminution,92.2,1.8,92.2,6.0
z_45.0_-7.5,2024,2,2024-T2,Diminution,90.3,2.1,90.3,7.6
z_45.0_-7.5,2024,3,2024-T3,Diminution,66.7,5.3,66.7,28.1
z_45.0_-7.5,2024,4,2024-T4,Diminution,71.1,9.9,71.1,19.1
z_45.0_-7.5,2025,1,2025-T1,Diminution,92.2,1.8,92.2,6.0
z_45.0_-7.5,2025,2,2025-T2,Diminution,90.3,2.1,90.3,7.6
z_45.0_-7.5,2025,3,2025-T3,Diminution,81.1,2.9,81.1,16.0
z_45.0_-7.5,2025,4,2025-T4,Diminution,60.7,9.1,60.7,30.2
z_45.0_-7.5,2026,1,2026-T1,Diminution,89.9,2.5,89.9,7.6
z_45.0_-7.5,2026,2,2026-T2,Diminution,84.2,1.8,84.2,14.0
z_45.0_-7.5,2026,3,2026-T3,Diminution,92.4,2.5,92.4,5.1
z_45.0_-7.5,2026,4,2026-T4,Diminution,71.1,9.9,71.1,19.1
z_45.0_-7.5,2027,1,2027-T1,Diminution,92.2,1.8,92.2,6.0
z_45.0_-7.5,2027,2,2027-T2,Diminution,85.0,5.4,85.0,9.6
z_45.0_-7.5,2027,3,2027-T3,Diminution,92.4,2.5,92.4,5.1
z_45.0_-7.5,2027,4,2027-T4,Diminution,71.1,9.9,71.1,19.1
z_45.0_-7.5,2028,1,2028-T1,Diminution,92.2,1.8,92.2,6.0
z_45.0_-7.5,2028,2,2028-T2,Diminution,78.7,2.6,78.7,18.7
z_45.0_-7.5,2028,3,2028-T3,Diminution,92.4,2.5,92.4,5.1
z_45.0_-7.5,2028,4,2028-T4,Diminution,71.1,9.9,71.1,19.1
z_45.0_-7.5,2029,1,2029-T1,Diminution,92.2,1.8,92.2,6.0
z_45.0_-7.5,2029,2,2029-T2,Diminution,84.2,2.8,84.2,13.0
z_45.0_-7.5,2029,3,2029-T3,Diminution,92.4,2.5,92.4,5.1
z_45.0_-7.5,2029,4,2029-T4,Diminution,71.1,9.9,71.1,19.1
z_45.0_-7.5,2030,1,2030-T1,Diminution,92.2,1.8,92.2,6.0
z_45.0_-7.5,2030,2,2030-T2,Diminution,65.6,6.2,65.6,28.2
z_45.0_-7.5,2030,3,2030-T3,Diminution,92.4,2.5,92.4,5.1
z_45.0_-7.5,2030,4,2030-T4,Diminution,71.1,9.9,71.1,19.1
z_45.0_-9.0,2023,1,2023-T1,Diminution,59.0,11.0,59.0,30.1
z_45.0_-9.0,2023,2,2023-T2,Stable,50.3,16.6,33.0,50.3
z_45.0_-9.0,2023,3,2023-T3,Stable,46.4,14.2,39.3,46.4
z_45.0_-9.0,2023,4,2023-T4,Stable,48.1,11.1,40.8,48.1
z_45.0_-9.0,2024,1,2024-T1,Stable,43.1,14.3,42.6,43.1
z_45.0_-9.0,2024,2,2024-T2,Stable,41.3,18.4,40.2,41.3
z_45.0_-9.0,2024,3,2024-T3,Diminution,53.5,14.3,53.5,32.2
z_45.0_-9.0,2024,4,2024-T4,Stable,39.2,23.2,37.6,39.2
z_45.0_-9.0,2025,1,2025-T1,Diminution,54.5,18.2,54.5,27.3
z_45.0_-9.0,2025,2,2025-T2,Diminution,45.4,22.9,45.4,31.7
z_45.0_-9.0,2025,3,2025-T3,Stable,41.6,19.3,39.1,41.6
z_45.0_-9.0,2025,4,2025-T4,Stable,45.0,29.6,25.4,45.0
z_45.0_-9.0,2026,1,2026-T1,Stable,50.4,12.5,37.1,50.4
z_45.0_-9.0,2026,2,2026-T2,Stable,47.0,11.4,41.6,47.0
z_45.0_-9.0,2026,3,2026-T3,Diminution,47.5,12.0,47.5,40.5
z_45.0_-9.0,2026,4,2026-T4,Diminution,47.1,12.7,47.1,40.2
z_45.0_-9.0,2027,1,2027-T1,Diminution,53.5,15.8,53.5,30.7
z_45.0_-9.0,2027,2,2027-T2,Diminution,45.6,19.5,45.6,34.8
z_45.0_-9.0,2027,3,2027-T3,Diminution,47.6,19.3,47.6,33.1
z_45.0_-9.0,2027,4,2027-T4,Diminution,47.4,24.8,47.4,27.8
z_45.0_-9.0,2028,1,2028-T1,Diminution,47.5,18.6,47.5,33.9
z_45.0_-9.0,2028,2,2028-T2,Stable,45.6,10.4,44.0,45.6
z_45.0_-9.0,2028,3,2028-T3,Diminution,45.6,12.9,45.6,41.5
z_45.0_-9.0,2028,4,2028-T4,Diminution,47.5,25.0,47.5,27.5
z_45.0_-9.0,2029,1,2029-T1,Diminution,62.6,11.9,62.6,25.5
z_45.0_-9.0,2029,2,2029-T2,Diminution,50.5,13.5,50.5,35.9
z_45.0_-9.0,2029,3,2029-T3,Diminution,50.5,16.2,50.5,33.3
z_45.0_-9.0,2029,4,2029-T4,Diminution,58.1,15.0,58.1,26.8
z_45.0_-9.0,2030,1,2030-T1,Diminution,52.2,22.0,52.2,25.8
z_45.0_-9.0,2030,2,2030-T2,Diminution,45.2,22.0,45.2,32.9
z_45.0_-9.0,2030,3,2030-T3,Diminution,45.6,23.9,45.6,30.5
z_45.0_-9.0,2030,4,2030-T4,Diminution,58.1,15.0,58.1,26.8
z_45.0_12.0,2023,1,2023-T1,Augmentation,56.7,56.7,12.9,30.4
z_45.0_12.0,2023,2,2023-T2,Augmentation,72.9,72.9,8.0,19.2
z_45.0_12.0,2023,3,2023-T3,Augmentation,72.3,72.3,8.9,18.7
z_45.0_12.0,2023,4,2023-T4,Augmentation,54.3,54.3,14.8,30.9
z_45.0_12.0,2024,1,2024-T1,Augmentation,48.2,48.2,19.7,32.1
z_45.0_12.0,2024,2,2024-T2,Augmentation,61.5,61.5,13.4,25.1
z_45.0_12.0,2024,3,2024-T3,Augmentation,69.2,69.2,11.6,19.3
z_45.0_12.0,2024,4,2024-T4,Augmentation,58.0,58.0,15.1,26.9
z_45.0_12.0,2025,1,2025-T1,Augmentation,46.3,46.3,13.3,40.5
z_45.0_12.0,2025,2,2025-T2,Augmentation,65.2,65.2,13.2,21.6
z_45.0_12.0,2025,3,2025-T3,Augmentation,67.3,67.3,12.6,20.2
z_45.0_12.0,2025,4,2025-T4,Augmentation,62.7,62.7,10.3,27.0
z_45.0_12.0,2026,1,2026-T1,Augmentation,63.8,63.8,13.4,22.8
z_45.0_12.0,2026,2,2026-T2,Augmentation,64.5,64.5,12.1,23.4
z_45.0_12.0,2026,3,2026-T3,Augmentation,64.9,64.9,12.8,22.2
z_45.0_12.0,2026,4,2026-T4,Augmentation,62.4,62.4,13.1,24.5
z_45.0_12.0,2027,1,2027-T1,Augmentation,59.5,59.5,15.5,25.0
z_45.0_12.0,2027,2,2027-T2,Augmentation,66.3,66.3,11.5,22.2
z_45.0_12.0,2027,3,2027-T3,Augmentation,63.1,63.1,13.7,23.3
z_45.0_12.0,2027,4,2027-T4,Augmentation,62.6,62.6,12.9,24.4
z_45.0_12.0,2028,1,2028-T1,Augmentation,61.8,61.8,14.0,24.2
z_45.0_12.0,2028,2,2028-T2,Augmentation,66.7,66.7,10.8,22.4
z_45.0_12.0,2028,3,2028-T3,Augmentation,64.3,64.3,12.9,22.8
z_45.0_12.0,2028,4,2028-T4,Augmentation,67.0,67.0,12.2,20.8
z_45.0_12.0,2029,1,2029-T1,Augmentation,62.2,62.2,14.4,23.3
z_45.0_12.0,2029,2,2029-T2,Augmentation,67.3,67.3,10.8,21.9
z_45.0_12.0,2029,3,2029-T3,Augmentation,70.8,70.8,10.9,18.2
z_45.0_12.0,2029,4,2029-T4,Augmentation,72.7,72.7,10.1,17.2
z_45.0_12.0,2030,1,2030-T1,Augmentation,67.1,67.1,11.6,21.3
z_45.0_12.0,2030,2,2030-T2,Augmentation,71.8,71.8,9.9,18.3
z_45.0_12.0,2030,3,2030-T3,Augmentation,72.9,72.9,10.1,16.9
z_45.0_12.0,2030,4,2030-T4,Augmentation,72.5,72.5,9.7,17.8
z_45.0_13.5,2023,1,2023-T1,Stable,48.0,38.6,13.4,48.0
z_45.0_13.5,2023,2,2023-T2,Stable,37.6,32.3,30.2,37.6
z_45.0_13.5,2023,3,2023-T3,Stable,55.9,29.4,14.7,55.9
z_45.0_13.5,2023,4,2023-T4,Augmentation,45.6,45.6,10.5,43.9
z_45.0_13.5,2024,1,2024-T1,Stable,44.3,42.8,12.9,44.3
z_45.0_13.5,2024,2,2024-T2,Stable,42.1,42.0,15.9,42.1
z_45.0_13.5,2024,3,2024-T3,Stable,46.2,42.2,11.6,46.2
z_45.0_13.5,2024,4,2024-T4,Stable,51.9,35.0,13.0,51.9
z_45.0_13.5,2025,1,2025-T1,Stable,43.8,43.0,13.2,43.8
z_45.0_13.5,2025,2,2025-T2,Augmentation,42.5,42.5,16.8,40.7
z_45.0_13.5,2025,3,2025-T3,Augmentation,58.9,58.9,9.2,31.9
z_45.0_13.5,2025,4,2025-T4,Augmentation,66.9,66.9,9.6,23.5
z_45.0_13.5,2026,1,2026-T1,Augmentation,49.3,49.3,12.4,38.3
z_45.0_13.5,2026,2,2026-T2,Augmentation,37.4,37.4,27.3,35.3
z_45.0_13.5,2026,3,2026-T3,Stable,52.0,32.5,15.5,52.0
z_45.0_13.5,2026,4,2026-T4,Stable,56.7,28.0,15.3,56.7
z_45.0_13.5,2027,1,2027-T1,Stable,44.5,40.8,14.7,44.5
z_45.0_13.5,2027,2,2027-T2,Augmentation,37.2,37.2,26.9,35.9
z_45.0_13.5,2027,3,2027-T3,Stable,55.4,31.4,13.1,55.4
z_45.0_13.5,2027,4,2027-T4,Stable,58.7,25.0,16.3,58.7
z_45.0_13.5,2028,1,2028-T1,Stable,48.0,37.3,14.7,48.0
z_45.0_13.5,2028,2,2028-T2,Augmentation,37.3,37.3,26.2,36.6
z_45.0_13.5,2028,3,2028-T3,Stable,59.1,26.9,14.0,59.1
z_45.0_13.5,2028,4,2028-T4,Stable,59.0,27.7,13.3,59.0
z_45.0_13.5,2029,1,2029-T1,Stable,50.0,37.4,12.7,50.0
z_45.0_13.5,2029,2,2029-T2,Stable,37.8,36.4,25.8,37.8
z_45.0_13.5,2029,3,2029-T3,Stable,61.0,24.5,14.5,61.0
z_45.0_13.5,2029,4,2029-T4,Stable,59.3,25.6,15.1,59.3
z_45.0_13.5,2030,1,2030-T1,Stable,52.5,33.7,13.8,52.5
z_45.0_13.5,2030,2,2030-T2,Stable,39.6,34.4,26.0,39.6
z_45.0_13.5,2030,3,2030-T3,Stable,60.8,25.0,14.3,60.8
z_45.0_13.5,2030,4,2030-T4,Stable,60.5,24.7,14.8,60.5
z_45.0_28.5,2023,1,2023-T1,Diminution,88.6,3.2,88.6,8.1
z_45.0_28.5,2023,2,2023-T2,Diminution,77.6,2.3,77.6,20.1
z_45.0_28.5,2023,3,2023-T3,Diminution,81.6,2.5,81.6,15.9
z_45.0_28.5,2023,4,2023-T4,Diminution,82.0,2.6,82.0,15.4
z_45.0_28.5,2024,1,2024-T1,Diminution,88.6,3.2,88.6,8.1
z_45.0_28.5,2024,2,2024-T2,Diminution,77.6,2.3,77.6,20.1
z_45.0_28.5,2024,3,2024-T3,Diminution,63.2,3.3,63.2,33.5
z_45.0_28.5,2024,4,2024-T4,Diminution,65.6,4.5,65.6,29.8
z_45.0_28.5,2025,1,2025-T1,Diminution,81.7,8.1,81.7,10.2
z_45.0_28.5,2025,2,2025-T2,Diminution,68.0,4.0,68.0,28.1
z_45.0_28.5,2025,3,2025-T3,Diminution,81.6,2.5,81.6,15.9
z_45.0_28.5,2025,4,2025-T4,Diminution,82.0,2.6,82.0,15.4
z_45.0_28.5,2026,1,2026-T1,Diminution,88.6,3.2,88.6,8.1
z_45.0_28.5,2026,2,2026-T2,Diminution,73.5,3.0,73.5,23.6
z_45.0_28.5,2026,3,2026-T3,Diminution,81.6,2.5,81.6,15.9
z_45.0_28.5,2026,4,2026-T4,Diminution,82.0,2.6,82.0,15.4
z_45.0_28.5,2027,1,2027-T1,Diminution,88.6,3.2,88.6,8.1
z_45.0_28.5,2027,2,2027-T2,Diminution,68.2,2.7,68.2,29.1
z_45.0_28.5,2027,3,2027-T3,Diminution,81.6,2.5,81.6,15.9
z_45.0_28.5,2027,4,2027-T4,Diminution,82.0,2.6,82.0,15.4
z_45.0_28.5,2028,1,2028-T1,Diminution,88.6,3.2,88.6,8.1
z_45.0_28.5,2028,2,2028-T2,Diminution,72.2,3.5,72.2,24.3
z_45.0_28.5,2028,3,2028-T3,Diminution,81.6,2.5,81.6,15.9
z_45.0_28.5,2028,4,2028-T4,Diminution,82.0,2.6,82.0,15.4
z_45.0_28.5,2029,1,2029-T1,Diminution,88.6,3.2,88.6,8.1
z_45.0_28.5,2029,2,2029-T2,Diminution,59.7,3.2,59.7,37.1
z_45.0_28.5,2029,3,2029-T3,Diminution,81.6,2.5,81.6,15.9
z_45.0_28.5,2029,4,2029-T4,Diminution,82.0,2.6,82.0,15.4
z_45.0_28.5,2030,1,2030-T1,Diminution,88.6,3.2,88.6,8.1
z_45.0_28.5,2030,2,2030-T2,Diminution,77.6,2.3,77.6,20.1
z_45.0_28.5,2030,3,2030-T3,Diminution,81.6,2.5,81.6,15.9
z_45.0_28.5,2030,4,2030-T4,Diminution,82.0,2.6,82.0,15.4
z_45.0_36.0,2023,1,2023-T1,Diminution,70.5,12.2,70.5,17.4
z_45.0_36.0,2023,2,2023-T2,Diminution,67.4,4.6,67.4,28.0
z_45.0_36.0,2023,3,2023-T3,Diminution,73.9,8.9,73.9,17.3
z_45.0_36.0,2023,4,2023-T4,Diminution,52.1,10.9,52.1,37.0
z_45.0_36.0,2024,1,2024-T1,Diminution,62.3,16.0,62.3,21.7
z_45.0_36.0,2024,2,2024-T2,Diminution,60.0,4.9,60.0,35.1
z_45.0_36.0,2024,3,2024-T3,Diminution,56.2,13.3,56.2,30.5
z_45.0_36.0,2024,4,2024-T4,Diminution,39.8,24.1,39.8,36.1
z_45.0_36.0,2025,1,2025-T1,Diminution,66.6,14.0,66.6,19.3
z_45.0_36.0,2025,2,2025-T2,Diminution,60.1,5.8,60.1,34.1
z_45.0_36.0,2025,3,2025-T3,Diminution,66.8,11.9,66.8,21.3
z_45.0_36.0,2025,4,2025-T4,Diminution,55.0,8.1,55.0,36.9
z_45.0_36.0,2026,1,2026-T1,Diminution,70.5,12.2,70.5,17.4
z_45.0_36.0,2026,2,2026-T2,Diminution,63.6,6.2,63.6,30.2
z_45.0_36.0,2026,3,2026-T3,Diminution,73.4,11.1,73.4,15.5
z_45.0_36.0,2026,4,2026-T4,Diminution,57.3,7.8,57.3,34.8
z_45.0_36.0,2027,1,2027-T1,Diminution,70.5,12.2,70.5,17.4
z_45.0_36.0,2027,2,2027-T2,Diminution,66.3,4.9,66.3,28.8
z_45.0_36.0,2027,3,2027-T3,Diminution,73.4,11.1,73.4,15.5
z_45.0_36.0,2027,4,2027-T4,Diminution,57.6,8.5,57.6,33.9
z_45.0_36.0,2028,1,2028-T1,Diminution,70.5,12.2,70.5,17.4
z_45.0_36.0,2028,2,2028-T2,Diminution,66.5,6.1,66.5,27.4
z_45.0_36.0,2028,3,2028-T3,Diminution,73.4,11.1,73.4,15.5
z_45.0_36.0,2028,4,2028-T4,Diminution,53.7,8.9,53.7,37.4
z_45.0_36.0,2029,1,2029-T1,Diminution,70.5,12.2,70.5,17.4
z_45.0_36.0,2029,2,2029-T2,Diminution,55.9,6.8,55.9,37.3
z_45.0_36.0,2029,3,2029-T3,Diminution,73.4,11.1,73.4,15.5
z_45.0_36.0,2029,4,2029-T4,Diminution,59.8,7.9,59.8,32.4
z_45.0_36.0,2030,1,2030-T1,Diminution,70.5,12.2,70.5,17.4
z_45.0_36.0,2030,2,2030-T2,Diminution,67.4,4.6,67.4,28.0
z_45.0_36.0,2030,3,2030-T3,Diminution,73.4,11.1,73.4,15.5
z_45.0_36.0,2030,4,2030-T4,Diminution,59.8,7.9,59.8,32.4
z_46.5_-10.5,2023,1,2023-T1,Diminution,90.5,1.6,90.5,7.8
z_46.5_-10.5,2023,2,2023-T2,Diminution,75.7,1.8,75.7,22.4
z_46.5_-10.5,2023,3,2023-T3,Diminution,50.4,16.9,50.4,32.7
z_46.5_-10.5,2023,4,2023-T4,Diminution,88.9,3.0,88.9,8.1
z_46.5_-10.5,2024,1,2024-T1,Diminution,67.7,4.6,67.7,27.6
z_46.5_-10.5,2024,2,2024-T2,Diminution,78.2,3.1,78.2,18.7
z_46.5_-10.5,2024,3,2024-T3,Diminution,71.6,9.9,71.6,18.5
z_46.5_-10.5,2024,4,2024-T4,Diminution,86.5,1.9,86.5,11.6
z_46.5_-10.5,2025,1,2025-T1,Diminution,84.1,3.7,84.1,12.3
z_46.5_-10.5,2025,2,2025-T2,Diminution,89.7,1.6,89.7,8.7
z_46.5_-10.5,2025,3,2025-T3,Diminution,73.9,8.3,73.9,17.7
z_46.5_-10.5,2025,4,2025-T4,Diminution,85.0,4.2,85.0,10.8
z_46.5_-10.5,2026,1,2026-T1,Diminution,78.6,2.8,78.6,18.6
z_46.5_-10.5,2026,2,2026-T2,Diminution,89.7,1.6,89.7,8.7
z_46.5_-10.5,2026,3,2026-T3,Diminution,73.9,8.3,73.9,17.7
z_46.5_-10.5,2026,4,2026-T4,Diminution,77.9,3.1,77.9,19.0
z_46.5_-10.5,2027,1,2027-T1,Diminution,84.8,2.7,84.8,12.5
z_46.5_-10.5,2027,2,2027-T2,Diminution,89.7,1.6,89.7,8.7
z_46.5_-10.5,2027,3,2027-T3,Diminution,73.9,8.3,73.9,17.7
z_46.5_-10.5,2027,4,2027-T4,Diminution,84.8,3.0,84.8,12.2
z_46.5_-10.5,2028,1,2028-T1,Diminution,68.2,6.3,68.2,25.5
z_46.5_-10.5,2028,2,2028-T2,Diminution,89.7,1.6,89.7,8.7
z_46.5_-10.5,2028,3,2028-T3,Diminution,73.9,8.3,73.9,17.7
z_46.5_-10.5,2028,4,2028-T4,Diminution,66.7,7.1,66.7,26.2
z_46.5_-10.5,2029,1,2029-T1,Diminution,90.5,1.6,90.5,7.8
z_46.5_-10.5,2029,2,2029-T2,Diminution,89.7,1.6,89.7,8.7
z_46.5_-10.5,2029,3,2029-T3,Diminution,73.9,8.3,73.9,17.7
z_46.5_-10.5,2029,4,2029-T4,Diminution,90.7,1.9,90.7,7.5
z_46.5_-10.5,2030,1,2030-T1,Diminution,90.5,1.6,90.5,7.8
z_46.5_-10.5,2030,2,2030-T2,Diminution,89.7,1.6,89.7,8.7
z_46.5_-10.5,2030,3,2030-T3,Diminution,73.9,8.3,73.9,17.7
z_46.5_-10.5,2030,4,2030-T4,Diminution,90.7,1.9,90.7,7.5
z_46.5_-3.0,2023,1,2023-T1,Augmentation,63.1,63.1,11.7,25.2
z_46.5_-3.0,2023,2,2023-T2,Augmentation,73.5,73.5,6.9,19.5
z_46.5_-3.0,2023,3,2023-T3,Augmentation,64.9,64.9,10.1,25.0
z_46.5_-3.0,2023,4,2023-T4,Augmentation,67.9,67.9,11.1,20.9
z_46.5_-3.0,2024,1,2024-T1,Augmentation,58.5,58.5,17.5,24.0
z_46.5_-3.0,2024,2,2024-T2,Augmentation,69.4,69.4,9.6,21.1
z_46.5_-3.0,2024,3,2024-T3,Augmentation,67.4,67.4,10.1,22.6
z_46.5_-3.0,2024,4,2024-T4,Augmentation,63.8,63.8,12.7,23.4
z_46.5_-3.0,2025,1,2025-T1,Augmentation,61.4,61.4,14.7,23.9
z_46.5_-3.0,2025,2,2025-T2,Augmentation,68.1,68.1,11.0,20.8
z_46.5_-3.0,2025,3,2025-T3,Augmentation,46.7,46.7,15.2,38.1
z_46.5_-3.0,2025,4,2025-T4,Augmentation,40.3,40.3,35.5,24.2
z_46.5_-3.0,2026,1,2026-T1,Diminution,36.6,31.9,36.6,31.6
z_46.5_-3.0,2026,2,2026-T2,Augmentation,60.6,60.6,13.4,26.0
z_46.5_-3.0,2026,3,2026-T3,Augmentation,68.6,68.6,14.1,17.3
z_46.5_-3.0,2026,4,2026-T4,Augmentation,62.1,62.1,16.2,21.7
z_46.5_-3.0,2027,1,2027-T1,Augmentation,62.0,62.0,15.2,22.9
z_46.5_-3.0,2027,2,2027-T2,Augmentation,71.3,71.3,8.2,20.5
z_46.5_-3.0,2027,3,2027-T3,Augmentation,69.9,69.9,11.7,18.3
z_46.5_-3.0,2027,4,2027-T4,Augmentation,64.2,64.2,12.4,23.4
z_46.5_-3.0,2028,1,2028-T1,Augmentation,60.8,60.8,11.5,27.8
z_46.5_-3.0,2028,2,2028-T2,Augmentation,65.5,65.5,8.6,25.9
z_46.5_-3.0,2028,3,2028-T3,Augmentation,70.4,70.4,9.6,19.9
z_46.5_-3.0,2028,4,2028-T4,Augmentation,65.8,65.8,10.2,24.0
z_46.5_-3.0,2029,1,2029-T1,Augmentation,62.8,62.8,11.6,25.6
z_46.5_-3.0,2029,2,2029-T2,Augmentation,63.7,63.7,7.5,28.8
z_46.5_-3.0,2029,3,2029-T3,Augmentation,71.4,71.4,9.5,19.2
z_46.5_-3.0,2029,4,2029-T4,Augmentation,65.6,65.6,10.3,24.0
z_46.5_-3.0,2030,1,2030-T1,Augmentation,61.3,61.3,11.3,27.5
z_46.5_-3.0,2030,2,2030-T2,Augmentation,64.5,64.5,7.4,28.1
z_46.5_-3.0,2030,3,2030-T3,Augmentation,69.0,69.0,8.9,22.1
z_46.5_-3.0,2030,4,2030-T4,Augmentation,64.7,64.7,10.2,25.1
z_46.5_-36.0,2023,1,2023-T1,Diminution,90.3,2.4,90.3,7.4
z_46.5_-36.0,2023,2,2023-T2,Diminution,87.9,3.0,87.9,9.1
z_46.5_-36.0,2023,3,2023-T3,Diminution,89.3,3.4,89.3,7.3
z_46.5_-36.0,2023,4,2023-T4,Diminution,90.1,2.7,90.1,7.2
z_46.5_-36.0,2024,1,2024-T1,Diminution,90.3,2.4,90.3,7.4
z_46.5_-36.0,2024,2,2024-T2,Diminution,71.9,2.5,71.9,25.6
z_46.5_-36.0,2024,3,2024-T3,Diminution,75.9,4.2,75.9,19.9
z_46.5_-36.0,2024,4,2024-T4,Diminution,88.1,3.0,88.1,8.9
z_46.5_-36.0,2025,1,2025-T1,Diminution,84.6,2.6,84.6,12.8
z_46.5_-36.0,2025,2,2025-T2,Diminution,87.9,3.0,87.9,9.1
z_46.5_-36.0,2025,3,2025-T3,Diminution,89.3,3.4,89.3,7.3
z_46.5_-36.0,2025,4,2025-T4,Diminution,90.1,2.7,90.1,7.2
z_46.5_-36.0,2026,1,2026-T1,Diminution,82.8,4.8,82.8,12.4
z_46.5_-36.0,2026,2,2026-T2,Diminution,87.9,3.0,87.9,9.1
z_46.5_-36.0,2026,3,2026-T3,Diminution,89.3,3.4,89.3,7.3
z_46.5_-36.0,2026,4,2026-T4,Diminution,90.1,2.7,90.1,7.2
z_46.5_-36.0,2027,1,2027-T1,Diminution,78.4,2.9,78.4,18.7
z_46.5_-36.0,2027,2,2027-T2,Diminution,87.9,3.0,87.9,9.1
z_46.5_-36.0,2027,3,2027-T3,Diminution,89.3,3.4,89.3,7.3
z_46.5_-36.0,2027,4,2027-T4,Diminution,90.1,2.7,90.1,7.2
z_46.5_-36.0,2028,1,2028-T1,Diminution,85.1,2.9,85.1,11.9
z_46.5_-36.0,2028,2,2028-T2,Diminution,87.9,3.0,87.9,9.1
z_46.5_-36.0,2028,3,2028-T3,Diminution,89.3,3.4,89.3,7.3
z_46.5_-36.0,2028,4,2028-T4,Diminution,90.1,2.7,90.1,7.2
z_46.5_-36.0,2029,1,2029-T1,Diminution,66.8,7.0,66.8,26.1
z_46.5_-36.0,2029,2,2029-T2,Diminution,87.9,3.0,87.9,9.1
z_46.5_-36.0,2029,3,2029-T3,Diminution,89.3,3.4,89.3,7.3
z_46.5_-36.0,2029,4,2029-T4,Diminution,90.1,2.7,90.1,7.2
z_46.5_-36.0,2030,1,2030-T1,Diminution,90.3,2.4,90.3,7.4
z_46.5_-36.0,2030,2,2030-T2,Diminution,87.9,3.0,87.9,9.1
z_46.5_-36.0,2030,3,2030-T3,Diminution,89.3,3.4,89.3,7.3
z_46.5_-36.0,2030,4,2030-T4,Diminution,90.1,2.7,90.1,7.2
z_46.5_-4.5,2023,1,2023-T1,Augmentation,59.9,59.9,14.4,25.7
z_46.5_-4.5,2023,2,2023-T2,Augmentation,63.8,63.8,13.6,22.7
z_46.5_-4.5,2023,3,2023-T3,Augmentation,62.8,62.8,9.4,27.8
z_46.5_-4.5,2023,4,2023-T4,Augmentation,67.3,67.3,13.9,18.8
z_46.5_-4.5,2024,1,2024-T1,Augmentation,67.0,67.0,13.8,19.2
z_46.5_-4.5,2024,2,2024-T2,Augmentation,64.6,64.6,9.4,26.1
z_46.5_-4.5,2024,3,2024-T3,Augmentation,76.5,76.5,8.3,15.2
z_46.5_-4.5,2024,4,2024-T4,Augmentation,71.9,71.9,12.7,15.5
z_46.5_-4.5,2025,1,2025-T1,Augmentation,44.7,44.7,20.7,34.6
z_46.5_-4.5,2025,2,2025-T2,Augmentation,47.5,47.5,15.3,37.2
z_46.5_-4.5,2025,3,2025-T3,Augmentation,60.0,60.0,13.4,26.6
z_46.5_-4.5,2025,4,2025-T4,Augmentation,73.1,73.1,10.7,16.2
z_46.5_-4.5,2026,1,2026-T1,Augmentation,74.9,74.9,8.3,16.8
z_46.5_-4.5,2026,2,2026-T2,Augmentation,52.2,52.2,12.6,35.2
z_46.5_-4.5,2026,3,2026-T3,Augmentation,75.2,75.2,9.2,15.6
z_46.5_-4.5,2026,4,2026-T4,Augmentation,70.3,70.3,13.0,16.8
z_46.5_-4.5,2027,1,2027-T1,Augmentation,70.3,70.3,11.7,17.9
z_46.5_-4.5,2027,2,2027-T2,Augmentation,67.7,67.7,9.4,22.9
z_46.5_-4.5,2027,3,2027-T3,Augmentation,76.2,76.2,8.1,15.7
z_46.5_-4.5,2027,4,2027-T4,Augmentation,71.1,71.1,12.5,16.4
z_46.5_-4.5,2028,1,2028-T1,Augmentation,69.0,69.0,11.6,19.5
z_46.5_-4.5,2028,2,2028-T2,Augmentation,71.2,71.2,8.8,20.1
z_46.5_-4.5,2028,3,2028-T3,Augmentation,77.3,77.3,7.8,14.9
z_46.5_-4.5,2028,4,2028-T4,Augmentation,73.4,73.4,10.5,16.1
z_46.5_-4.5,2029,1,2029-T1,Augmentation,69.6,69.6,11.8,18.7
z_46.5_-4.5,2029,2,2029-T2,Augmentation,69.1,69.1,9.8,21.1
z_46.5_-4.5,2029,3,2029-T3,Augmentation,74.4,74.4,8.1,17.5
z_46.5_-4.5,2029,4,2029-T4,Augmentation,72.0,72.0,10.0,18.0
z_46.5_-4.5,2030,1,2030-T1,Augmentation,66.6,66.6,11.3,22.1
z_46.5_-4.5,2030,2,2030-T2,Augmentation,68.3,68.3,8.1,23.6
z_46.5_-4.5,2030,3,2030-T3,Augmentation,73.0,73.0,8.0,18.9
z_46.5_-4.5,2030,4,2030-T4,Augmentation,70.2,70.2,9.5,20.3
z_46.5_-6.0,2023,1,2023-T1,Augmentation,47.0,47.0,18.5,34.5
z_46.5_-6.0,2023,2,2023-T2,Augmentation,56.4,56.4,18.3,25.3
z_46.5_-6.0,2023,3,2023-T3,Augmentation,54.5,54.5,12.9,32.7
z_46.5_-6.0,2023,4,2023-T4,Augmentation,61.6,61.6,11.4,27.0
z_46.5_-6.0,2024,1,2024-T1,Augmentation,59.3,59.3,14.5,26.2
z_46.5_-6.0,2024,2,2024-T2,Augmentation,51.7,51.7,16.5,31.8
z_46.5_-6.0,2024,3,2024-T3,Augmentation,46.2,46.2,10.0,43.8
z_46.5_-6.0,2024,4,2024-T4,Augmentation,59.9,59.9,14.5,25.6
z_46.5_-6.0,2025,1,2025-T1,Augmentation,60.2,60.2,13.7,26.0
z_46.5_-6.0,2025,2,2025-T2,Augmentation,50.7,50.7,17.1,32.2
z_46.5_-6.0,2025,3,2025-T3,Augmentation,43.6,43.6,15.2,41.2
z_46.5_-6.0,2025,4,2025-T4,Augmentation,41.4,41.4,20.4,38.2
z_46.5_-6.0,2026,1,2026-T1,Stable,37.2,33.5,29.3,37.2
z_46.5_-6.0,2026,2,2026-T2,Stable,38.8,38.5,22.7,38.8
z_46.5_-6.0,2026,3,2026-T3,Augmentation,47.4,47.4,13.1,39.5
z_46.5_-6.0,2026,4,2026-T4,Augmentation,58.3,58.3,16.7,25.0
z_46.5_-6.0,2027,1,2027-T1,Augmentation,56.4,56.4,14.8,28.8
z_46.5_-6.0,2027,2,2027-T2,Augmentation,50.5,50.5,16.4,33.1
z_46.5_-6.0,2027,3,2027-T3,Augmentation,52.8,52.8,11.4,35.8
z_46.5_-6.0,2027,4,2027-T4,Augmentation,56.3,56.3,14.5,29.2
z_46.5_-6.0,2028,1,2028-T1,Augmentation,53.0,53.0,16.2,30.8
z_46.5_-6.0,2028,2,2028-T2,Augmentation,51.2,51.2,15.6,33.2
z_46.5_-6.0,2028,3,2028-T3,Augmentation,52.2,52.2,11.4,36.3
z_46.5_-6.0,2028,4,2028-T4,Augmentation,56.0,56.0,15.4,28.6
z_46.5_-6.0,2029,1,2029-T1,Augmentation,52.6,52.6,16.2,31.2
z_46.5_-6.0,2029,2,2029-T2,Augmentation,50.2,50.2,16.2,33.6
z_46.5_-6.0,2029,3,2029-T3,Augmentation,55.7,55.7,11.1,33.1
z_46.5_-6.0,2029,4,2029-T4,Augmentation,54.7,54.7,16.1,29.1
z_46.5_-6.0,2030,1,2030-T1,Augmentation,57.0,57.0,15.5,27.4
z_46.5_-6.0,2030,2,2030-T2,Augmentation,55.1,55.1,15.2,29.6
z_46.5_-6.0,2030,3,2030-T3,Augmentation,57.0,57.0,11.4,31.7
z_46.5_-6.0,2030,4,2030-T4,Augmentation,57.9,57.9,15.4,26.7
z_46.5_-7.5,2023,1,2023-T1,Augmentation,42.5,42.5,22.8,34.8
z_46.5_-7.5,2023,2,2023-T2,Stable,56.1,24.6,19.3,56.1
z_46.5_-7.5,2023,3,2023-T3,Stable,54.6,29.5,15.9,54.6
z_46.5_-7.5,2023,4,2023-T4,Stable,51.2,29.3,19.5,51.2
z_46.5_-7.5,2024,1,2024-T1,Diminution,45.3,19.0,45.3,35.7
z_46.5_-7.5,2024,2,2024-T2,Stable,53.2,20.0,26.8,53.2
z_46.5_-7.5,2024,3,2024-T3,Stable,52.4,19.2,28.3,52.4
z_46.5_-7.5,2024,4,2024-T4,Stable,48.8,16.4,34.9,48.8
z_46.5_-7.5,2025,1,2025-T1,Diminution,58.0,11.7,58.0,30.3
z_46.5_-7.5,2025,2,2025-T2,Stable,51.1,17.7,31.1,51.1
z_46.5_-7.5,2025,3,2025-T3,Stable,51.3,17.4,31.3,51.3
z_46.5_-7.5,2025,4,2025-T4,Stable,49.7,18.5,31.9,49.7
z_46.5_-7.5,2026,1,2026-T1,Diminution,45.0,19.5,45.0,35.4
z_46.5_-7.5,2026,2,2026-T2,Stable,56.8,16.7,26.5,56.8
z_46.5_-7.5,2026,3,2026-T3,Stable,55.8,20.6,23.6,55.8
z_46.5_-7.5,2026,4,2026-T4,Stable,50.0,29.2,20.8,50.0
z_46.5_-7.5,2027,1,2027-T1,Stable,40.9,25.7,33.4,40.9
z_46.5_-7.5,2027,2,2027-T2,Stable,55.7,26.3,18.0,55.7
z_46.5_-7.5,2027,3,2027-T3,Stable,52.2,31.5,16.3,52.2
z_46.5_-7.5,2027,4,2027-T4,Stable,54.7,28.4,16.9,54.7
z_46.5_-7.5,2028,1,2028-T1,Stable,43.4,25.4,31.2,43.4
z_46.5_-7.5,2028,2,2028-T2,Stable,56.0,26.4,17.6,56.0
z_46.5_-7.5,2028,3,2028-T3,Stable,56.4,27.3,16.4,56.4
z_46.5_-7.5,2028,4,2028-T4,Stable,57.0,26.6,16.4,57.0
z_46.5_-7.5,2029,1,2029-T1,Stable,42.7,25.1,32.2,42.7
z_46.5_-7.5,2029,2,2029-T2,Stable,57.2,25.3,17.5,57.2
z_46.5_-7.5,2029,3,2029-T3,Stable,57.3,26.0,16.7,57.3
z_46.5_-7.5,2029,4,2029-T4,Stable,57.5,25.7,16.8,57.5
z_46.5_-7.5,2030,1,2030-T1,Stable,43.2,25.0,31.8,43.2
z_46.5_-7.5,2030,2,2030-T2,Stable,57.0,25.5,17.4,57.0
z_46.5_-7.5,2030,3,2030-T3,Stable,56.3,26.9,16.8,56.3
z_46.5_-7.5,2030,4,2030-T4,Stable,56.2,26.8,17.0,56.2
z_48.0_-1.5,2023,1,2023-T1,Augmentation,40.1,40.1,26.5,33.3
z_48.0_-1.5,2023,2,2023-T2,Augmentation,61.7,61.7,12.8,25.6
z_48.0_-1.5,2023,3,2023-T3,Augmentation,68.5,68.5,13.5,17.9
z_48.0_-1.5,2023,4,2023-T4,Augmentation,65.3,65.3,11.6,23.1
z_48.0_-1.5,2024,1,2024-T1,Augmentation,62.9,62.9,14.2,22.9
z_48.0_-1.5,2024,2,2024-T2,Augmentation,69.0,69.0,8.8,22.1
z_48.0_-1.5,2024,3,2024-T3,Augmentation,69.8,69.8,13.2,17.0
z_48.0_-1.5,2024,4,2024-T4,Augmentation,58.3,58.3,14.3,27.4
z_48.0_-1.5,2025,1,2025-T1,Augmentation,56.8,56.8,20.3,22.9
z_48.0_-1.5,2025,2,2025-T2,Augmentation,56.5,56.5,16.1,27.4
z_48.0_-1.5,2025,3,2025-T3,Augmentation,68.4,68.4,14.5,17.0
z_48.0_-1.5,2025,4,2025-T4,Augmentation,60.6,60.6,18.1,21.3
z_48.0_-1.5,2026,1,2026-T1,Augmentation,59.5,59.5,17.0,23.4
z_48.0_-1.5,2026,2,2026-T2,Augmentation,73.4,73.4,11.1,15.6
z_48.0_-1.5,2026,3,2026-T3,Augmentation,69.5,69.5,12.7,17.8
z_48.0_-1.5,2026,4,2026-T4,Augmentation,62.9,62.9,16.7,20.3
z_48.0_-1.5,2027,1,2027-T1,Augmentation,59.7,59.7,16.4,23.9
z_48.0_-1.5,2027,2,2027-T2,Augmentation,73.5,73.5,10.6,15.9
z_48.0_-1.5,2027,3,2027-T3,Augmentation,70.3,70.3,12.8,16.9
z_48.0_-1.5,2027,4,2027-T4,Augmentation,67.1,67.1,14.1,18.8
z_48.0_-1.5,2028,1,2028-T1,Augmentation,60.1,60.1,16.5,23.4
z_48.0_-1.5,2028,2,2028-T2,Augmentation,74.4,74.4,10.1,15.5
z_48.0_-1.5,2028,3,2028-T3,Augmentation,72.8,72.8,11.5,15.8
z_48.0_-1.5,2028,4,2028-T4,Augmentation,68.6,68.6,13.2,18.2
z_48.0_-1.5,2029,1,2029-T1,Augmentation,61.5,61.5,15.8,22.7
z_48.0_-1.5,2029,2,2029-T2,Augmentation,73.4,73.4,9.9,16.8
z_48.0_-1.5,2029,3,2029-T3,Augmentation,72.9,72.9,10.6,16.5
z_48.0_-1.5,2029,4,2029-T4,Augmentation,67.9,67.9,12.5,19.6
z_48.0_-1.5,2030,1,2030-T1,Augmentation,64.0,64.0,14.3,21.7
z_48.0_-1.5,2030,2,2030-T2,Augmentation,74.4,74.4,9.5,16.0
z_48.0_-1.5,2030,3,2030-T3,Augmentation,73.0,73.0,10.7,16.3
z_48.0_-1.5,2030,4,2030-T4,Augmentation,68.2,68.2,12.1,19.7
z_48.0_-10.5,2023,1,2023-T1,Diminution,50.1,10.9,50.1,39.0
z_48.0_-10.5,2023,2,2023-T2,Diminution,64.1,7.3,64.1,28.7
z_48.0_-10.5,2023,3,2023-T3,Stable,51.7,11.9,36.4,51.7
z_48.0_-10.5,2023,4,2023-T4,Diminution,65.1,6.3,65.1,28.6
z_48.0_-10.5,2024,1,2024-T1,Diminution,59.5,6.9,59.5,33.6
z_48.0_-10.5,2024,2,2024-T2,Diminution,54.1,6.1,54.1,39.8
z_48.0_-10.5,2024,3,2024-T3,Stable,55.8,16.7,27.5,55.8
z_48.0_-10.5,2024,4,2024-T4,Diminution,47.8,13.8,47.8,38.5
z_48.0_-10.5,2025,1,2025-T1,Diminution,67.3,5.9,67.3,26.8
z_48.0_-10.5,2025,2,2025-T2,Diminution,57.1,6.8,57.1,36.1
z_48.0_-10.5,2025,3,2025-T3,Stable,51.0,11.6,37.4,51.0
z_48.0_-10.5,2025,4,2025-T4,Diminution,59.7,7.5,59.7,32.8
z_48.0_-10.5,2026,1,2026-T1,Diminution,66.0,5.4,66.0,28.7
z_48.0_-10.5,2026,2,2026-T2,Diminution,57.1,8.1,57.1,34.8
z_48.0_-10.5,2026,3,2026-T3,Stable,46.7,15.1,38.2,46.7
z_48.0_-10.5,2026,4,2026-T4,Diminution,62.4,6.0,62.4,31.6
z_48.0_-10.5,2027,1,2027-T1,Diminution,66.0,5.4,66.0,28.7
z_48.0_-10.5,2027,2,2027-T2,Diminution,62.2,5.7,62.2,32.1
z_48.0_-10.5,2027,3,2027-T3,Stable,47.4,14.8,37.8,47.4
z_48.0_-10.5,2027,4,2027-T4,Diminution,62.3,6.8,62.3,30.9
z_48.0_-10.5,2028,1,2028-T1,Diminution,66.0,5.4,66.0,28.7
z_48.0_-10.5,2028,2,2028-T2,Diminution,60.3,7.3,60.3,32.4
z_48.0_-10.5,2028,3,2028-T3,Stable,46.0,13.0,41.0,46.0
z_48.0_-10.5,2028,4,2028-T4,Diminution,54.9,7.0,54.9,38.2
z_48.0_-10.5,2029,1,2029-T1,Diminution,66.0,5.4,66.0,28.7
z_48.0_-10.5,2029,2,2029-T2,Diminution,52.1,7.7,52.1,40.2
z_48.0_-10.5,2029,3,2029-T3,Stable,46.0,13.0,41.0,46.0
z_48.0_-10.5,2029,4,2029-T4,Diminution,65.1,6.3,65.1,28.6
z_48.0_-10.5,2030,1,2030-T1,Diminution,66.0,5.4,66.0,28.7
z_48.0_-10.5,2030,2,2030-T2,Diminution,62.4,5.8,62.4,31.8
z_48.0_-10.5,2030,3,2030-T3,Stable,46.0,13.0,41.0,46.0
z_48.0_-10.5,2030,4,2030-T4,Diminution,65.1,6.3,65.1,28.6
z_48.0_-12.0,2023,1,2023-T1,Diminution,57.8,6.7,57.8,35.5
z_48.0_-12.0,2023,2,2023-T2,Diminution,57.8,5.6,57.8,36.6
z_48.0_-12.0,2023,3,2023-T3,Diminution,70.9,5.2,70.9,24.0
z_48.0_-12.0,2023,4,2023-T4,Diminution,49.3,12.2,49.3,38.5
z_48.0_-12.0,2024,1,2024-T1,Diminution,68.3,5.1,68.3,26.6
z_48.0_-12.0,2024,2,2024-T2,Diminution,66.1,4.9,66.1,28.9
z_48.0_-12.0,2024,3,2024-T3,Diminution,68.7,4.9,68.7,26.4
z_48.0_-12.0,2024,4,2024-T4,Diminution,45.7,13.8,45.7,40.5
z_48.0_-12.0,2025,1,2025-T1,Diminution,57.8,5.6,57.8,36.6
z_48.0_-12.0,2025,2,2025-T2,Diminution,66.1,4.9,66.1,28.9
z_48.0_-12.0,2025,3,2025-T3,Diminution,68.7,4.9,68.7,26.4
z_48.0_-12.0,2025,4,2025-T4,Diminution,42.1,19.3,42.1,38.6
z_48.0_-12.0,2026,1,2026-T1,Diminution,60.1,6.2,60.1,33.6
z_48.0_-12.0,2026,2,2026-T2,Diminution,68.8,5.1,68.8,26.1
z_48.0_-12.0,2026,3,2026-T3,Diminution,63.0,6.1,63.0,30.9
z_48.0_-12.0,2026,4,2026-T4,Diminution,50.1,13.5,50.1,36.3
z_48.0_-12.0,2027,1,2027-T1,Diminution,69.6,4.6,69.6,25.8
z_48.0_-12.0,2027,2,2027-T2,Diminution,66.1,4.9,66.1,28.9
z_48.0_-12.0,2027,3,2027-T3,Diminution,64.5,6.1,64.5,29.5
z_48.0_-12.0,2027,4,2027-T4,Diminution,48.1,15.7,48.1,36.1
z_48.0_-12.0,2028,1,2028-T1,Diminution,69.6,4.6,69.6,25.8
z_48.0_-12.0,2028,2,2028-T2,Diminution,66.1,4.9,66.1,28.9
z_48.0_-12.0,2028,3,2028-T3,Diminution,66.2,4.6,66.2,29.2
z_48.0_-12.0,2028,4,2028-T4,Diminution,51.9,14.1,51.9,34.0
z_48.0_-12.0,2029,1,2029-T1,Diminution,69.6,4.6,69.6,25.8
z_48.0_-12.0,2029,2,2029-T2,Diminution,66.1,4.9,66.1,28.9
z_48.0_-12.0,2029,3,2029-T3,Diminution,67.0,5.8,67.0,27.3
z_48.0_-12.0,2029,4,2029-T4,Diminution,51.9,14.1,51.9,34.0
z_48.0_-12.0,2030,1,2030-T1,Diminution,69.6,4.6,69.6,25.8
z_48.0_-12.0,2030,2,2030-T2,Diminution,66.1,4.9,66.1,28.9
z_48.0_-12.0,2030,3,2030-T3,Diminution,56.5,6.4,56.5,37.1
z_48.0_-12.0,2030,4,2030-T4,Diminution,51.9,14.1,51.9,34.0
z_48.0_-15.0,2023,1,2023-T1,Diminution,91.1,2.7,91.1,6.3
z_48.0_-15.0,2023,2,2023-T2,Diminution,89.5,2.7,89.5,7.9
z_48.0_-15.0,2023,3,2023-T3,Diminution,90.2,3.4,90.2,6.4
z_48.0_-15.0,2023,4,2023-T4,Diminution,91.2,2.9,91.2,6.0
z_48.0_-15.0,2024,1,2024-T1,Diminution,78.4,2.2,78.4,19.4
z_48.0_-15.0,2024,2,2024-T2,Diminution,77.7,3.5,77.7,18.8
z_48.0_-15.0,2024,3,2024-T3,Diminution,88.7,3.7,88.7,7.6
z_48.0_-15.0,2024,4,2024-T4,Diminution,85.4,2.8,85.4,11.7
z_48.0_-15.0,2025,1,2025-T1,Diminution,91.1,2.7,91.1,6.3
z_48.0_-15.0,2025,2,2025-T2,Diminution,89.5,2.7,89.5,7.9
z_48.0_-15.0,2025,3,2025-T3,Diminution,90.2,3.4,90.2,6.4
z_48.0_-15.0,2025,4,2025-T4,Diminution,84.4,5.7,84.4,9.9
z_48.0_-15.0,2026,1,2026-T1,Diminution,91.1,2.7,91.1,6.3
z_48.0_-15.0,2026,2,2026-T2,Diminution,89.5,2.7,89.5,7.9
z_48.0_-15.0,2026,3,2026-T3,Diminution,90.2,3.4,90.2,6.4
z_48.0_-15.0,2026,4,2026-T4,Diminution,78.1,3.4,78.1,18.5
z_48.0_-15.0,2027,1,2027-T1,Diminution,91.1,2.7,91.1,6.3
z_48.0_-15.0,2027,2,2027-T2,Diminution,89.5,2.7,89.5,7.9
z_48.0_-15.0,2027,3,2027-T3,Diminution,90.2,3.4,90.2,6.4
z_48.0_-15.0,2027,4,2027-T4,Diminution,86.1,3.2,86.1,10.7
z_48.0_-15.0,2028,1,2028-T1,Diminution,91.1,2.7,91.1,6.3
z_48.0_-15.0,2028,2,2028-T2,Diminution,89.5,2.7,89.5,7.9
z_48.0_-15.0,2028,3,2028-T3,Diminution,90.2,3.4,90.2,6.4
z_48.0_-15.0,2028,4,2028-T4,Diminution,65.0,7.7,65.0,27.3
z_48.0_-15.0,2029,1,2029-T1,Diminution,91.1,2.7,91.1,6.3
z_48.0_-15.0,2029,2,2029-T2,Diminution,89.5,2.7,89.5,7.9
z_48.0_-15.0,2029,3,2029-T3,Diminution,90.2,3.4,90.2,6.4
z_48.0_-15.0,2029,4,2029-T4,Diminution,91.2,2.9,91.2,6.0
z_48.0_-15.0,2030,1,2030-T1,Diminution,91.1,2.7,91.1,6.3
z_48.0_-15.0,2030,2,2030-T2,Diminution,89.5,2.7,89.5,7.9
z_48.0_-15.0,2030,3,2030-T3,Diminution,90.2,3.4,90.2,6.4
z_48.0_-15.0,2030,4,2030-T4,Diminution,91.2,2.9,91.2,6.0
z_48.0_-24.0,2023,1,2023-T1,Diminution,91.0,2.2,91.0,6.8
z_48.0_-24.0,2023,2,2023-T2,Diminution,89.6,2.3,89.6,8.1
z_48.0_-24.0,2023,3,2023-T3,Diminution,90.2,2.8,90.2,7.1
z_48.0_-24.0,2023,4,2023-T4,Diminution,91.1,2.4,91.1,6.5
z_48.0_-24.0,2024,1,2024-T1,Diminution,91.0,2.2,91.0,6.8
z_48.0_-24.0,2024,2,2024-T2,Diminution,75.0,2.0,75.0,22.9
z_48.0_-24.0,2024,3,2024-T3,Diminution,75.8,4.0,75.8,20.3
z_48.0_-24.0,2024,4,2024-T4,Diminution,89.6,2.9,89.6,7.4
z_48.0_-24.0,2025,1,2025-T1,Diminution,85.5,2.4,85.5,12.1
z_48.0_-24.0,2025,2,2025-T2,Diminution,89.6,2.3,89.6,8.1
z_48.0_-24.0,2025,3,2025-T3,Diminution,90.2,2.8,90.2,7.1
z_48.0_-24.0,2025,4,2025-T4,Diminution,91.1,2.4,91.1,6.5
z_48.0_-24.0,2026,1,2026-T1,Diminution,83.9,4.3,83.9,11.7
z_48.0_-24.0,2026,2,2026-T2,Diminution,89.6,2.3,89.6,8.1
z_48.0_-24.0,2026,3,2026-T3,Diminution,90.2,2.8,90.2,7.1
z_48.0_-24.0,2026,4,2026-T4,Diminution,91.1,2.4,91.1,6.5
z_48.0_-24.0,2027,1,2027-T1,Diminution,78.7,2.6,78.7,18.6
z_48.0_-24.0,2027,2,2027-T2,Diminution,89.6,2.3,89.6,8.1
z_48.0_-24.0,2027,3,2027-T3,Diminution,90.2,2.8,90.2,7.1
z_48.0_-24.0,2027,4,2027-T4,Diminution,91.1,2.4,91.1,6.5
z_48.0_-24.0,2028,1,2028-T1,Diminution,85.7,2.7,85.7,11.6
z_48.0_-24.0,2028,2,2028-T2,Diminution,89.6,2.3,89.6,8.1
z_48.0_-24.0,2028,3,2028-T3,Diminution,90.2,2.8,90.2,7.1
z_48.0_-24.0,2028,4,2028-T4,Diminution,91.1,2.4,91.1,6.5
z_48.0_-24.0,2029,1,2029-T1,Diminution,66.7,6.3,66.7,26.9
z_48.0_-24.0,2029,2,2029-T2,Diminution,89.6,2.3,89.6,8.1
z_48.0_-24.0,2029,3,2029-T3,Diminution,90.2,2.8,90.2,7.1
z_48.0_-24.0,2029,4,2029-T4,Diminution,91.1,2.4,91.1,6.5
z_48.0_-24.0,2030,1,2030-T1,Diminution,91.0,2.2,91.0,6.8
z_48.0_-24.0,2030,2,2030-T2,Diminution,89.6,2.3,89.6,8.1
z_48.0_-24.0,2030,3,2030-T3,Diminution,90.2,2.8,90.2,7.1
z_48.0_-24.0,2030,4,2030-T4,Diminution,91.1,2.4,91.1,6.5
z_48.0_-3.0,2023,1,2023-T1,Augmentation,57.5,57.5,13.4,29.1
z_48.0_-3.0,2023,2,2023-T2,Augmentation,69.0,69.0,9.2,21.8
z_48.0_-3.0,2023,3,2023-T3,Augmentation,72.9,72.9,8.0,19.1
z_48.0_-3.0,2023,4,2023-T4,Augmentation,73.9,73.9,9.5,16.6
z_48.0_-3.0,2024,1,2024-T1,Augmentation,45.5,45.5,17.4,37.0
z_48.0_-3.0,2024,2,2024-T2,Augmentation,37.4,37.4,25.4,37.2
z_48.0_-3.0,2024,3,2024-T3,Stable,42.6,25.0,32.4,42.6
z_48.0_-3.0,2024,4,2024-T4,Diminution,46.7,22.0,46.7,31.3
z_48.0_-3.0,2025,1,2025-T1,Diminution,42.0,20.8,42.0,37.2
z_48.0_-3.0,2025,2,2025-T2,Diminution,42.5,18.1,42.5,39.5
z_48.0_-3.0,2025,3,2025-T3,Stable,36.6,28.4,34.9,36.6
z_48.0_-3.0,2025,4,2025-T4,Augmentation,36.9,36.9,30.1,33.0
z_48.0_-3.0,2026,1,2026-T1,Diminution,41.4,22.3,41.4,36.3
z_48.0_-3.0,2026,2,2026-T2,Stable,41.5,23.8,34.7,41.5
z_48.0_-3.0,2026,3,2026-T3,Stable,43.2,26.8,30.1,43.2
z_48.0_-3.0,2026,4,2026-T4,Stable,43.2,27.8,29.1,43.2
z_48.0_-3.0,2027,1,2027-T1,Stable,43.8,28.4,27.9,43.8
z_48.0_-3.0,2027,2,2027-T2,Stable,44.4,26.9,28.7,44.4
z_48.0_-3.0,2027,3,2027-T3,Stable,43.4,26.8,29.8,43.4
z_48.0_-3.0,2027,4,2027-T4,Stable,45.3,26.8,27.9,45.3
z_48.0_-3.0,2028,1,2028-T1,Stable,43.7,27.4,28.8,43.7
z_48.0_-3.0,2028,2,2028-T2,Stable,44.7,24.8,30.5,44.7
z_48.0_-3.0,2028,3,2028-T3,Stable,43.9,26.5,29.7,43.9
z_48.0_-3.0,2028,4,2028-T4,Stable,43.9,27.4,28.7,43.9
z_48.0_-3.0,2029,1,2029-T1,Stable,44.7,25.4,29.9,44.7
z_48.0_-3.0,2029,2,2029-T2,Stable,46.7,24.5,28.8,46.7
z_48.0_-3.0,2029,3,2029-T3,Stable,43.8,26.1,30.1,43.8
z_48.0_-3.0,2029,4,2029-T4,Stable,44.3,27.1,28.5,44.3
z_48.0_-3.0,2030,1,2030-T1,Stable,44.5,25.6,29.9,44.5
z_48.0_-3.0,2030,2,2030-T2,Stable,46.0,24.1,29.9,46.0
z_48.0_-3.0,2030,3,2030-T3,Stable,44.1,26.3,29.6,44.1
z_48.0_-3.0,2030,4,2030-T4,Stable,44.5,26.6,28.9,44.5
z_48.0_-30.0,2023,1,2023-T1,Diminution,91.8,1.2,91.8,7.0
z_48.0_-30.0,2023,2,2023-T2,Diminution,89.7,1.2,89.7,9.1
z_48.0_-30.0,2023,3,2023-T3,Diminution,90.9,1.4,90.9,7.6
z_48.0_-30.0,2023,4,2023-T4,Diminution,91.9,1.3,91.9,6.8
z_48.0_-30.0,2024,1,2024-T1,Diminution,91.8,1.2,91.8,7.0
z_48.0_-30.0,2024,2,2024-T2,Diminution,89.7,1.2,89.7,9.1
z_48.0_-30.0,2024,3,2024-T3,Diminution,90.9,1.4,90.9,7.6
z_48.0_-30.0,2024,4,2024-T4,Diminution,91.9,1.3,91.9,6.8
z_48.0_-30.0,2025,1,2025-T1,Diminution,91.8,1.2,91.8,7.0
z_48.0_-30.0,2025,2,2025-T2,Diminution,89.7,1.2,89.7,9.1
z_48.0_-30.0,2025,3,2025-T3,Diminution,90.9,1.4,90.9,7.6
z_48.0_-30.0,2025,4,2025-T4,Diminution,91.9,1.3,91.9,6.8
z_48.0_-30.0,2026,1,2026-T1,Diminution,78.8,1.3,78.8,19.9
z_48.0_-30.0,2026,2,2026-T2,Diminution,79.6,2.5,79.6,17.9
z_48.0_-30.0,2026,3,2026-T3,Diminution,90.0,1.9,90.0,8.1
z_48.0_-30.0,2026,4,2026-T4,Diminution,87.2,1.4,87.2,11.4
z_48.0_-30.0,2027,1,2027-T1,Diminution,91.8,1.2,91.8,7.0
z_48.0_-30.0,2027,2,2027-T2,Diminution,89.7,1.2,89.7,9.1
z_48.0_-30.0,2027,3,2027-T3,Diminution,90.9,1.4,90.9,7.6
z_48.0_-30.0,2027,4,2027-T4,Diminution,85.6,3.8,85.6,10.6
z_48.0_-30.0,2028,1,2028-T1,Diminution,91.8,1.2,91.8,7.0
z_48.0_-30.0,2028,2,2028-T2,Diminution,89.7,1.2,89.7,9.1
z_48.0_-30.0,2028,3,2028-T3,Diminution,90.9,1.4,90.9,7.6
z_48.0_-30.0,2028,4,2028-T4,Diminution,80.1,2.0,80.1,17.9
z_48.0_-30.0,2029,1,2029-T1,Diminution,91.8,1.2,91.8,7.0
z_48.0_-30.0,2029,2,2029-T2,Diminution,89.7,1.2,89.7,9.1
z_48.0_-30.0,2029,3,2029-T3,Diminution,90.9,1.4,90.9,7.6
z_48.0_-30.0,2029,4,2029-T4,Diminution,87.3,2.3,87.3,10.4
z_48.0_-30.0,2030,1,2030-T1,Diminution,91.8,1.2,91.8,7.0
z_48.0_-30.0,2030,2,2030-T2,Diminution,89.7,1.2,89.7,9.1
z_48.0_-30.0,2030,3,2030-T3,Diminution,90.9,1.4,90.9,7.6
z_48.0_-30.0,2030,4,2030-T4,Diminution,67.3,6.0,67.3,26.7
z_48.0_-4.5,2023,1,2023-T1,Augmentation,47.8,47.8,11.7,40.6
z_48.0_-4.5,2023,2,2023-T2,Augmentation,37.8,37.8,26.9,35.3
z_48.0_-4.5,2023,3,2023-T3,Augmentation,45.5,45.5,21.9,32.6
z_48.0_-4.5,2023,4,2023-T4,Augmentation,40.2,40.2,26.7,33.2
z_48.0_-4.5,2024,1,2024-T1,Augmentation,56.6,56.6,13.8,29.6
z_48.0_-4.5,2024,2,2024-T2,Augmentation,40.9,40.9,21.7,37.4
z_48.0_-4.5,2024,3,2024-T3,Augmentation,38.8,38.8,22.9,38.4
z_48.0_-4.5,2024,4,2024-T4,Stable,35.4,29.2,35.3,35.4
z_48.0_-4.5,2025,1,2025-T1,Stable,49.3,32.4,18.3,49.3
z_48.0_-4.5,2025,2,2025-T2,Stable,38.0,31.5,30.6,38.0
z_48.0_-4.5,2025,3,2025-T3,Stable,36.3,36.2,27.5,36.3
z_48.0_-4.5,2025,4,2025-T4,Augmentation,36.6,36.6,28.9,34.6
z_48.0_-4.5,2026,1,2026-T1,Stable,44.8,40.2,15.0,44.8
z_48.0_-4.5,2026,2,2026-T2,Stable,40.2,38.5,21.3,40.2
z_48.0_-4.5,2026,3,2026-T3,Augmentation,39.9,39.9,22.0,38.1
z_48.0_-4.5,2026,4,2026-T4,Augmentation,36.0,36.0,28.8,35.2
z_48.0_-4.5,2027,1,2027-T1,Augmentation,45.7,45.7,12.3,42.0
z_48.0_-4.5,2027,2,2027-T2,Augmentation,50.0,50.0,16.6,33.3
z_48.0_-4.5,2027,3,2027-T3,Augmentation,50.4,50.4,17.5,32.0
z_48.0_-4.5,2027,4,2027-T4,Stable,38.4,35.4,26.3,38.4
z_48.0_-4.5,2028,1,2028-T1,Augmentation,47.5,47.5,12.3,40.2
z_48.0_-4.5,2028,2,2028-T2,Augmentation,45.8,45.8,19.4,34.8
z_48.0_-4.5,2028,3,2028-T3,Augmentation,45.9,45.9,19.1,35.0
z_48.0_-4.5,2028,4,2028-T4,Augmentation,38.0,38.0,26.2,35.8
z_48.0_-4.5,2029,1,2029-T1,Augmentation,55.7,55.7,10.8,33.5
z_48.0_-4.5,2029,2,2029-T2,Augmentation,54.2,54.2,15.1,30.7
z_48.0_-4.5,2029,3,2029-T3,Augmentation,54.7,54.7,15.5,29.8
z_48.0_-4.5,2029,4,2029-T4,Augmentation,42.4,42.4,22.7,34.9
z_48.0_-4.5,2030,1,2030-T1,Augmentation,55.5,55.5,10.9,33.6
z_48.0_-4.5,2030,2,2030-T2,Augmentation,54.2,54.2,15.1,30.7
z_48.0_-4.5,2030,3,2030-T3,Augmentation,55.2,55.2,15.4,29.4
z_48.0_-4.5,2030,4,2030-T4,Augmentation,46.6,46.6,21.7,31.7
z_48.0_-6.0,2023,1,2023-T1,Augmentation,33.6,33.6,33.2,33.2
z_48.0_-6.0,2023,2,2023-T2,Augmentation,47.8,47.8,27.2,25.0
z_48.0_-6.0,2023,3,2023-T3,Augmentation,50.0,50.0,23.8,26.1
z_48.0_-6.0,2023,4,2023-T4,Augmentation,47.9,47.9,17.2,35.0
z_48.0_-6.0,2024,1,2024-T1,Augmentation,43.0,43.0,32.4,24.6
z_48.0_-6.0,2024,2,2024-T2,Augmentation,51.0,51.0,16.0,33.0
z_48.0_-6.0,2024,3,2024-T3,Augmentation,54.9,54.9,15.8,29.3
z_48.0_-6.0,2024,4,2024-T4,Augmentation,57.2,57.2,18.7,24.1
z_48.0_-6.0,2025,1,2025-T1,Augmentation,54.7,54.7,18.6,26.7
z_48.0_-6.0,2025,2,2025-T2,Augmentation,57.1,57.1,14.7,28.2
z_48.0_-6.0,2025,3,2025-T3,Augmentation,53.3,53.3,15.7,31.0
z_48.0_-6.0,2025,4,2025-T4,Augmentation,60.5,60.5,19.1,20.4
z_48.0_-6.0,2026,1,2026-T1,Augmentation,55.2,55.2,18.0,26.8
z_48.0_-6.0,2026,2,2026-T2,Augmentation,64.4,64.4,12.2,23.4
z_48.0_-6.0,2026,3,2026-T3,Augmentation,55.8,55.8,18.5,25.6
z_48.0_-6.0,2026,4,2026-T4,Augmentation,57.6,57.6,18.2,24.2
z_48.0_-6.0,2027,1,2027-T1,Augmentation,55.3,55.3,19.3,25.4
z_48.0_-6.0,2027,2,2027-T2,Augmentation,67.4,67.4,11.1,21.5
z_48.0_-6.0,2027,3,2027-T3,Augmentation,57.6,57.6,17.4,25.0
z_48.0_-6.0,2027,4,2027-T4,Augmentation,57.9,57.9,17.6,24.4
z_48.0_-6.0,2028,1,2028-T1,Augmentation,54.0,54.0,18.7,27.4
z_48.0_-6.0,2028,2,2028-T2,Augmentation,63.0,63.0,12.1,25.0
z_48.0_-6.0,2028,3,2028-T3,Augmentation,57.1,57.1,18.2,24.7
z_48.0_-6.0,2028,4,2028-T4,Augmentation,59.2,59.2,16.1,24.7
z_48.0_-6.0,2029,1,2029-T1,Augmentation,54.0,54.0,18.5,27.5
z_48.0_-6.0,2029,2,2029-T2,Augmentation,63.1,63.1,12.5,24.3
z_48.0_-6.0,2029,3,2029-T3,Augmentation,60.3,60.3,16.4,23.3
z_48.0_-6.0,2029,4,2029-T4,Augmentation,59.4,59.4,15.8,24.8
z_48.0_-6.0,2030,1,2030-T1,Augmentation,54.7,54.7,17.5,27.7
z_48.0_-6.0,2030,2,2030-T2,Augmentation,66.0,66.0,11.9,22.1
z_48.0_-6.0,2030,3,2030-T3,Augmentation,59.3,59.3,16.6,24.2
z_48.0_-6.0,2030,4,2030-T4,Augmentation,58.6,58.6,15.8,25.6
z_48.0_-7.5,2023,1,2023-T1,Augmentation,51.2,51.2,14.2,34.6
z_48.0_-7.5,2023,2,2023-T2,Augmentation,50.8,50.8,12.4,36.8
z_48.0_-7.5,2023,3,2023-T3,Augmentation,62.6,62.6,10.2,27.2
z_48.0_-7.5,2023,4,2023-T4,Augmentation,62.5,62.5,12.2,25.3
z_48.0_-7.5,2024,1,2024-T1,Augmentation,43.2,43.2,22.1,34.7
z_48.0_-7.5,2024,2,2024-T2,Stable,43.8,41.2,14.9,43.8
z_48.0_-7.5,2024,3,2024-T3,Augmentation,48.3,48.3,14.8,36.9
z_48.0_-7.5,2024,4,2024-T4,Augmentation,46.8,46.8,24.1,29.1
z_48.0_-7.5,2025,1,2025-T1,Augmentation,40.1,40.1,25.3,34.6
z_48.0_-7.5,2025,2,2025-T2,Stable,48.0,34.4,17.6,48.0
z_48.0_-7.5,2025,3,2025-T3,Stable,51.1,29.3,19.6,51.1
z_48.0_-7.5,2025,4,2025-T4,Augmentation,36.1,36.1,31.6,32.3
z_48.0_-7.5,2026,1,2026-T1,Diminution,38.4,27.0,38.4,34.5
z_48.0_-7.5,2026,2,2026-T2,Stable,55.6,26.3,18.0,55.6
z_48.0_-7.5,2026,3,2026-T3,Stable,52.0,30.1,17.8,52.0
z_48.0_-7.5,2026,4,2026-T4,Stable,38.2,27.7,34.1,38.2
z_48.0_-7.5,2027,1,2027-T1,Stable,39.1,28.4,32.6,39.1
z_48.0_-7.5,2027,2,2027-T2,Stable,52.4,29.9,17.7,52.4
z_48.0_-7.5,2027,3,2027-T3,Stable,52.1,30.8,17.1,52.1
z_48.0_-7.5,2027,4,2027-T4,Stable,42.2,28.3,29.6,42.2
z_48.0_-7.5,2028,1,2028-T1,Stable,40.2,29.8,30.0,40.2
z_48.0_-7.5,2028,2,2028-T2,Stable,53.1,29.7,17.2,53.1
z_48.0_-7.5,2028,3,2028-T3,Stable,52.8,30.7,16.4,52.8
z_48.0_-7.5,2028,4,2028-T4,Stable,41.7,27.3,31.0,41.7
z_48.0_-7.5,2029,1,2029-T1,Stable,40.6,27.5,32.0,40.6
z_48.0_-7.5,2029,2,2029-T2,Stable,51.3,32.0,16.8,51.3
z_48.0_-7.5,2029,3,2029-T3,Stable,54.4,29.1,16.6,54.4
z_48.0_-7.5,2029,4,2029-T4,Stable,41.7,27.6,30.7,41.7
z_48.0_-7.5,2030,1,2030-T1,Stable,41.8,27.1,31.1,41.8
z_48.0_-7.5,2030,2,2030-T2,Stable,54.3,28.3,17.4,54.3
z_48.0_-7.5,2030,3,2030-T3,Stable,54.6,29.0,16.4,54.6
z_48.0_-7.5,2030,4,2030-T4,Stable,41.9,27.2,30.9,41.9
z_48.0_-9.0,2023,1,2023-T1,Stable,46.3,15.2,38.5,46.3
z_48.0_-9.0,2023,2,2023-T2,Stable,51.3,11.6,37.2,51.3
z_48.0_-9.0,2023,3,2023-T3,Stable,52.5,16.8,30.6,52.5
z_48.0_-9.0,2023,4,2023-T4,Diminution,46.7,14.5,46.7,38.8
z_48.0_-9.0,2024,1,2024-T1,Stable,42.8,29.6,27.6,42.8
z_48.0_-9.0,2024,2,2024-T2,Stable,47.8,26.9,25.2,47.8
z_48.0_-9.0,2024,3,2024-T3,Stable,54.4,15.1,30.5,54.4
z_48.0_-9.0,2024,4,2024-T4,Stable,47.0,17.5,35.5,47.0
z_48.0_-9.0,2025,1,2025-T1,Stable,44.9,32.0,23.1,44.9
z_48.0_-9.0,2025,2,2025-T2,Stable,44.8,41.1,14.1,44.8
z_48.0_-9.0,2025,3,2025-T3,Stable,48.7,34.4,16.9,48.7
z_48.0_-9.0,2025,4,2025-T4,Stable,49.1,18.3,32.6,49.1
z_48.0_-9.0,2026,1,2026-T1,Stable,43.1,16.7,40.2,43.1
z_48.0_-9.0,2026,2,2026-T2,Stable,48.2,15.0,36.9,48.2
z_48.0_-9.0,2026,3,2026-T3,Stable,54.5,8.9,36.7,54.5
z_48.0_-9.0,2026,4,2026-T4,Diminution,62.8,2.7,62.8,34.5
z_48.0_-9.0,2027,1,2027-T1,Stable,48.3,8.4,43.3,48.3
z_48.0_-9.0,2027,2,2027-T2,Diminution,43.8,14.8,43.8,41.4
z_48.0_-9.0,2027,3,2027-T3,Stable,47.0,15.0,38.0,47.0
z_48.0_-9.0,2027,4,2027-T4,Diminution,65.7,4.0,65.7,30.3
z_48.0_-9.0,2028,1,2028-T1,Stable,47.1,10.5,42.3,47.1
z_48.0_-9.0,2028,2,2028-T2,Stable,44.9,13.5,41.6,44.9
z_48.0_-9.0,2028,3,2028-T3,Diminution,44.7,15.3,44.7,40.0
z_48.0_-9.0,2028,4,2028-T4,Diminution,64.9,5.2,64.9,29.9
z_48.0_-9.0,2029,1,2029-T1,Diminution,51.1,11.6,51.1,37.4
z_48.0_-9.0,2029,2,2029-T2,Diminution,45.2,11.6,45.2,43.2
z_48.0_-9.0,2029,3,2029-T3,Stable,43.5,13.7,42.8,43.5
z_48.0_-9.0,2029,4,2029-T4,Diminution,60.9,3.0,60.9,36.1
z_48.0_-9.0,2030,1,2030-T1,Diminution,43.1,14.2,43.1,42.7
z_48.0_-9.0,2030,2,2030-T2,Diminution,45.2,11.6,45.2,43.2
z_48.0_-9.0,2030,3,2030-T3,Diminution,48.0,11.0,48.0,41.0
z_48.0_-9.0,2030,4,2030-T4,Diminution,77.5,2.3,77.5,20.2
z_49.5_-1.5,2023,1,2023-T1,Diminution,42.7,36.2,42.7,21.2
z_49.5_-1.5,2023,2,2023-T2,Diminution,46.6,28.9,46.6,24.4
z_49.5_-1.5,2023,3,2023-T3,Augmentation,38.5,38.5,36.0,25.5
z_49.5_-1.5,2023,4,2023-T4,Augmentation,60.0,60.0,24.9,15.2
z_49.5_-1.5,2024,1,2024-T1,Augmentation,54.3,54.3,26.7,19.0
z_49.5_-1.5,2024,2,2024-T2,Augmentation,71.9,71.9,17.9,10.2
z_49.5_-1.5,2024,3,2024-T3,Augmentation,63.7,63.7,22.3,13.9
z_49.5_-1.5,2024,4,2024-T4,Augmentation,61.9,61.9,21.6,16.6
z_49.5_-1.5,2025,1,2025-T1,Augmentation,67.1,67.1,20.4,12.5
z_49.5_-1.5,2025,2,2025-T2,Augmentation,50.4,50.4,21.3,28.3
z_49.5_-1.5,2025,3,2025-T3,Augmentation,51.5,51.5,20.1,28.5
z_49.5_-1.5,2025,4,2025-T4,Augmentation,51.4,51.4,21.0,27.6
z_49.5_-1.5,2026,1,2026-T1,Augmentation,56.7,56.7,18.7,24.6
z_49.5_-1.5,2026,2,2026-T2,Augmentation,63.4,63.4,19.6,17.0
z_49.5_-1.5,2026,3,2026-T3,Augmentation,65.2,65.2,18.1,16.6
z_49.5_-1.5,2026,4,2026-T4,Augmentation,72.3,72.3,16.5,11.2
z_49.5_-1.5,2027,1,2027-T1,Augmentation,64.0,64.0,22.0,13.9
z_49.5_-1.5,2027,2,2027-T2,Augmentation,66.2,66.2,18.9,14.9
z_49.5_-1.5,2027,3,2027-T3,Augmentation,70.9,70.9,18.6,10.6
z_49.5_-1.5,2027,4,2027-T4,Augmentation,70.0,70.0,16.5,13.4
z_49.5_-1.5,2028,1,2028-T1,Augmentation,59.8,59.8,22.5,17.7
z_49.5_-1.5,2028,2,2028-T2,Augmentation,73.6,73.6,16.8,9.6
z_49.5_-1.5,2028,3,2028-T3,Augmentation,74.1,74.1,17.4,8.5
z_49.5_-1.5,2028,4,2028-T4,Augmentation,69.2,69.2,17.7,13.1
z_49.5_-1.5,2029,1,2029-T1,Augmentation,68.8,68.8,20.7,10.4
z_49.5_-1.5,2029,2,2029-T2,Augmentation,75.4,75.4,15.8,8.8
z_49.5_-1.5,2029,3,2029-T3,Augmentation,73.1,73.1,18.2,8.8
z_49.5_-1.5,2029,4,2029-T4,Augmentation,73.1,73.1,16.1,10.9
z_49.5_-1.5,2030,1,2030-T1,Augmentation,68.9,68.9,19.9,11.2
z_49.5_-1.5,2030,2,2030-T2,Augmentation,76.3,76.3,15.1,8.6
z_49.5_-1.5,2030,3,2030-T3,Augmentation,73.3,73.3,17.4,9.3
z_49.5_-1.5,2030,4,2030-T4,Augmentation,76.6,76.6,14.5,9.0
z_49.5_-12.0,2023,1,2023-T1,Stable,48.0,22.2,29.8,48.0
z_49.5_-12.0,2023,2,2023-T2,Stable,46.1,13.7,40.2,46.1
z_49.5_-12.0,2023,3,2023-T3,Stable,45.9,23.7,30.5,45.9
z_49.5_-12.0,2023,4,2023-T4,Diminution,46.2,11.9,46.2,41.9
z_49.5_-12.0,2024,1,2024-T1,Stable,44.2,29.8,26.0,44.2
z_49.5_-12.0,2024,2,2024-T2,Stable,44.2,18.8,37.0,44.2
z_49.5_-12.0,2024,3,2024-T3,Stable,44.9,14.3,40.8,44.9
z_49.5_-12.0,2024,4,2024-T4,Diminution,47.7,9.6,47.7,42.7
z_49.5_-12.0,2025,1,2025-T1,Stable,46.5,11.3,42.2,46.5
z_49.5_-12.0,2025,2,2025-T2,Diminution,46.7,9.9,46.7,43.4
z_49.5_-12.0,2025,3,2025-T3,Stable,45.4,12.4,42.2,45.4
z_49.5_-12.0,2025,4,2025-T4,Diminution,58.5,6.8,58.5,34.7
z_49.5_-12.0,2026,1,2026-T1,Diminution,44.6,17.1,44.6,38.3
z_49.5_-12.0,2026,2,2026-T2,Diminution,48.5,12.6,48.5,38.8
z_49.5_-12.0,2026,3,2026-T3,Stable,45.1,14.5,40.4,45.1
z_49.5_-12.0,2026,4,2026-T4,Diminution,60.5,5.2,60.5,34.2
z_49.5_-12.0,2027,1,2027-T1,Diminution,41.0,20.3,41.0,38.6
z_49.5_-12.0,2027,2,2027-T2,Diminution,48.4,12.4,48.4,39.2
z_49.5_-12.0,2027,3,2027-T3,Stable,44.7,12.4,43.0,44.7
z_49.5_-12.0,2027,4,2027-T4,Diminution,60.5,6.3,60.5,33.2
z_49.5_-12.0,2028,1,2028-T1,Diminution,47.8,13.1,47.8,39.0
z_49.5_-12.0,2028,2,2028-T2,Diminution,51.4,9.9,51.4,38.6
z_49.5_-12.0,2028,3,2028-T3,Stable,44.7,12.4,43.0,44.7
z_49.5_-12.0,2028,4,2028-T4,Diminution,53.4,6.7,53.4,40.0
z_49.5_-12.0,2029,1,2029-T1,Diminution,47.8,13.1,47.8,39.0
z_49.5_-12.0,2029,2,2029-T2,Diminution,56.6,8.6,56.6,34.8
z_49.5_-12.0,2029,3,2029-T3,Stable,44.7,12.4,43.0,44.7
z_49.5_-12.0,2029,4,2029-T4,Diminution,62.9,5.6,62.9,31.4
z_49.5_-12.0,2030,1,2030-T1,Diminution,47.8,13.1,47.8,39.0
z_49.5_-12.0,2030,2,2030-T2,Diminution,56.6,8.6,56.6,34.8
z_49.5_-12.0,2030,3,2030-T3,Stable,44.7,12.4,43.0,44.7
z_49.5_-12.0,2030,4,2030-T4,Diminution,62.9,5.6,62.9,31.4
z_49.5_-16.5,2023,1,2023-T1,Diminution,92.4,2.1,92.4,5.5
z_49.5_-16.5,2023,2,2023-T2,Diminution,90.6,2.7,90.6,6.6
z_49.5_-16.5,2023,3,2023-T3,Diminution,91.4,3.0,91.4,5.6
z_49.5_-16.5,2023,4,2023-T4,Diminution,92.1,2.4,92.1,5.5
z_49.5_-16.5,2024,1,2024-T1,Diminution,92.4,2.1,92.4,5.5
z_49.5_-16.5,2024,2,2024-T2,Diminution,90.6,2.7,90.6,6.6
z_49.5_-16.5,2024,3,2024-T3,Diminution,91.4,3.0,91.4,5.6
z_49.5_-16.5,2024,4,2024-T4,Diminution,92.1,2.4,92.1,5.5
z_49.5_-16.5,2025,1,2025-T1,Diminution,92.4,2.1,92.4,5.5
z_49.5_-16.5,2025,2,2025-T2,Diminution,90.6,2.7,90.6,6.6
z_49.5_-16.5,2025,3,2025-T3,Diminution,91.4,3.0,91.4,5.6
z_49.5_-16.5,2025,4,2025-T4,Diminution,79.6,2.2,79.6,18.2
z_49.5_-16.5,2026,1,2026-T1,Diminution,79.8,3.4,79.8,16.8
z_49.5_-16.5,2026,2,2026-T2,Diminution,89.0,3.3,89.0,7.7
z_49.5_-16.5,2026,3,2026-T3,Diminution,85.9,2.6,85.9,11.5
z_49.5_-16.5,2026,4,2026-T4,Diminution,92.1,2.4,92.1,5.5
z_49.5_-16.5,2027,1,2027-T1,Diminution,92.4,2.1,92.4,5.5
z_49.5_-16.5,2027,2,2027-T2,Diminution,90.6,2.7,90.6,6.6
z_49.5_-16.5,2027,3,2027-T3,Diminution,85.0,6.0,85.0,9.0
z_49.5_-16.5,2027,4,2027-T4,Diminution,92.1,2.4,92.1,5.5
z_49.5_-16.5,2028,1,2028-T1,Diminution,92.4,2.1,92.4,5.5
z_49.5_-16.5,2028,2,2028-T2,Diminution,90.6,2.7,90.6,6.6
z_49.5_-16.5,2028,3,2028-T3,Diminution,78.9,3.6,78.9,17.5
z_49.5_-16.5,2028,4,2028-T4,Diminution,92.1,2.4,92.1,5.5
z_49.5_-16.5,2029,1,2029-T1,Diminution,92.4,2.1,92.4,5.5
z_49.5_-16.5,2029,2,2029-T2,Diminution,90.6,2.7,90.6,6.6
z_49.5_-16.5,2029,3,2029-T3,Diminution,85.5,3.6,85.5,10.9
z_49.5_-16.5,2029,4,2029-T4,Diminution,92.1,2.4,92.1,5.5
z_49.5_-16.5,2030,1,2030-T1,Diminution,92.4,2.1,92.4,5.5
z_49.5_-16.5,2030,2,2030-T2,Diminution,90.6,2.7,90.6,6.6
z_49.5_-16.5,2030,3,2030-T3,Diminution,64.3,8.0,64.3,27.6
z_49.5_-16.5,2030,4,2030-T4,Diminution,92.1,2.4,92.1,5.5
z_49.5_-18.0,2023,1,2023-T1,Diminution,89.7,3.3,89.7,7.0
z_49.5_-18.0,2023,2,2023-T2,Diminution,72.0,3.1,72.0,24.9
z_49.5_-18.0,2023,3,2023-T3,Diminution,76.1,5.0,76.1,18.9
z_49.5_-18.0,2023,4,2023-T4,Diminution,87.6,3.8,87.6,8.7
z_49.5_-18.0,2024,1,2024-T1,Diminution,83.8,3.5,83.8,12.7
z_49.5_-18.0,2024,2,2024-T2,Diminution,87.7,3.6,87.7,8.7
z_49.5_-18.0,2024,3,2024-T3,Diminution,88.7,4.4,88.7,6.9
z_49.5_-18.0,2024,4,2024-T4,Diminution,89.6,3.6,89.6,6.8
z_49.5_-18.0,2025,1,2025-T1,Diminution,82.1,5.9,82.1,12.0
z_49.5_-18.0,2025,2,2025-T2,Diminution,87.7,3.6,87.7,8.7
z_49.5_-18.0,2025,3,2025-T3,Diminution,88.7,4.4,88.7,6.9
z_49.5_-18.0,2025,4,2025-T4,Diminution,89.6,3.6,89.6,6.8
z_49.5_-18.0,2026,1,2026-T1,Diminution,78.1,3.4,78.1,18.5
z_49.5_-18.0,2026,2,2026-T2,Diminution,87.7,3.6,87.7,8.7
z_49.5_-18.0,2026,3,2026-T3,Diminution,88.7,4.4,88.7,6.9
z_49.5_-18.0,2026,4,2026-T4,Diminution,89.6,3.6,89.6,6.8
z_49.5_-18.0,2027,1,2027-T1,Diminution,85.2,3.5,85.2,11.3
z_49.5_-18.0,2027,2,2027-T2,Diminution,87.7,3.6,87.7,8.7
z_49.5_-18.0,2027,3,2027-T3,Diminution,88.7,4.4,88.7,6.9
z_49.5_-18.0,2027,4,2027-T4,Diminution,89.6,3.6,89.6,6.8
z_49.5_-18.0,2028,1,2028-T1,Diminution,66.2,8.0,66.2,25.8
z_49.5_-18.0,2028,2,2028-T2,Diminution,87.7,3.6,87.7,8.7
z_49.5_-18.0,2028,3,2028-T3,Diminution,88.7,4.4,88.7,6.9
z_49.5_-18.0,2028,4,2028-T4,Diminution,89.6,3.6,89.6,6.8
z_49.5_-18.0,2029,1,2029-T1,Diminution,89.7,3.3,89.7,7.0
z_49.5_-18.0,2029,2,2029-T2,Diminution,87.7,3.6,87.7,8.7
z_49.5_-18.0,2029,3,2029-T3,Diminution,88.7,4.4,88.7,6.9
z_49.5_-18.0,2029,4,2029-T4,Diminution,89.6,3.6,89.6,6.8
z_49.5_-18.0,2030,1,2030-T1,Diminution,89.7,3.3,89.7,7.0
z_49.5_-18.0,2030,2,2030-T2,Diminution,87.7,3.6,87.7,8.7
z_49.5_-18.0,2030,3,2030-T3,Diminution,88.7,4.4,88.7,6.9
z_49.5_-18.0,2030,4,2030-T4,Diminution,89.6,3.6,89.6,6.8
z_49.5_-3.0,2023,1,2023-T1,Augmentation,47.9,47.9,22.7,29.4
z_49.5_-3.0,2023,2,2023-T2,Augmentation,47.1,47.1,22.7,30.2
z_49.5_-3.0,2023,3,2023-T3,Augmentation,40.1,40.1,28.6,31.3
z_49.5_-3.0,2023,4,2023-T4,Diminution,35.5,32.5,35.5,32.0
z_49.5_-3.0,2024,1,2024-T1,Diminution,48.5,28.9,48.5,22.6
z_49.5_-3.0,2024,2,2024-T2,Diminution,47.0,28.3,47.0,24.6
z_49.5_-3.0,2024,3,2024-T3,Augmentation,40.5,40.5,28.8,30.8
z_49.5_-3.0,2024,4,2024-T4,Diminution,46.1,31.3,46.1,22.6
z_49.5_-3.0,2025,1,2025-T1,Diminution,53.1,21.4,53.1,25.5
z_49.5_-3.0,2025,2,2025-T2,Diminution,55.1,15.3,55.1,29.6
z_49.5_-3.0,2025,3,2025-T3,Diminution,48.7,21.3,48.7,30.0
z_49.5_-3.0,2025,4,2025-T4,Augmentation,47.4,47.4,27.6,24.9
z_49.5_-3.0,2026,1,2026-T1,Augmentation,50.0,50.0,21.7,28.3
z_49.5_-3.0,2026,2,2026-T2,Augmentation,47.5,47.5,23.7,28.8
z_49.5_-3.0,2026,3,2026-T3,Augmentation,44.9,44.9,24.5,30.5
z_49.5_-3.0,2026,4,2026-T4,Augmentation,44.4,44.4,26.6,29.0
z_49.5_-3.0,2027,1,2027-T1,Augmentation,46.6,46.6,23.3,30.1
z_49.5_-3.0,2027,2,2027-T2,Augmentation,47.0,47.0,24.7,28.3
z_49.5_-3.0,2027,3,2027-T3,Augmentation,44.2,44.2,28.3,27.6
z_49.5_-3.0,2027,4,2027-T4,Augmentation,44.2,44.2,26.3,29.5
z_49.5_-3.0,2028,1,2028-T1,Augmentation,47.0,47.0,23.7,29.3
z_49.5_-3.0,2028,2,2028-T2,Augmentation,47.3,47.3,24.5,28.2
z_49.5_-3.0,2028,3,2028-T3,Augmentation,46.3,46.3,26.1,27.6
z_49.5_-3.0,2028,4,2028-T4,Augmentation,43.5,43.5,26.4,30.1
z_49.5_-3.0,2029,1,2029-T1,Augmentation,46.3,46.3,23.8,29.9
z_49.5_-3.0,2029,2,2029-T2,Augmentation,47.5,47.5,24.6,27.9
z_49.5_-3.0,2029,3,2029-T3,Augmentation,47.9,47.9,25.9,26.2
z_49.5_-3.0,2029,4,2029-T4,Augmentation,45.9,45.9,25.9,28.3
z_49.5_-3.0,2030,1,2030-T1,Augmentation,47.2,47.2,23.3,29.6
z_49.5_-3.0,2030,2,2030-T2,Augmentation,47.8,47.8,23.4,28.8
z_49.5_-3.0,2030,3,2030-T3,Augmentation,48.7,48.7,24.6,26.8
z_49.5_-3.0,2030,4,2030-T4,Augmentation,45.9,45.9,25.3,28.8
z_49.5_-4.5,2023,1,2023-T1,Diminution,40.4,25.3,40.4,34.4
z_49.5_-4.5,2023,2,2023-T2,Stable,39.5,21.7,38.8,39.5
z_49.5_-4.5,2023,3,2023-T3,Diminution,39.2,30.5,39.2,30.3
z_49.5_-4.5,2023,4,2023-T4,Augmentation,37.8,37.8,29.9,32.3
z_49.5_-4.5,2024,1,2024-T1,Augmentation,36.0,36.0,31.6,32.4
z_49.5_-4.5,2024,2,2024-T2,Stable,37.0,35.0,28.1,37.0
z_49.5_-4.5,2024,3,2024-T3,Stable,37.9,33.7,28.4,37.9
z_49.5_-4.5,2024,4,2024-T4,Stable,39.1,31.2,29.6,39.1
z_49.5_-4.5,2025,1,2025-T1,Stable,37.7,29.2,33.1,37.7
z_49.5_-4.5,2025,2,2025-T2,Stable,36.8,27.1,36.1,36.8
z_49.5_-4.5,2025,3,2025-T3,Diminution,47.6,19.4,47.6,33.0
z_49.5_-4.5,2025,4,2025-T4,Diminution,52.9,18.3,52.9,28.8
z_49.5_-4.5,2026,1,2026-T1,Diminution,53.4,18.7,53.4,27.9
z_49.5_-4.5,2026,2,2026-T2,Diminution,41.2,27.2,41.2,31.5
z_49.5_-4.5,2026,3,2026-T3,Stable,35.2,30.2,34.6,35.2
z_49.5_-4.5,2026,4,2026-T4,Stable,36.9,29.8,33.3,36.9
z_49.5_-4.5,2027,1,2027-T1,Stable,40.2,29.9,29.9,40.2
z_49.5_-4.5,2027,2,2027-T2,Stable,39.8,35.3,24.9,39.8
z_49.5_-4.5,2027,3,2027-T3,Stable,38.6,33.9,27.5,38.6
z_49.5_-4.5,2027,4,2027-T4,Stable,39.5,31.2,29.3,39.5
z_49.5_-4.5,2028,1,2028-T1,Stable,38.7,31.6,29.7,38.7
z_49.5_-4.5,2028,2,2028-T2,Stable,39.2,33.1,27.7,39.2
z_49.5_-4.5,2028,3,2028-T3,Stable,38.2,32.2,29.6,38.2
z_49.5_-4.5,2028,4,2028-T4,Stable,39.1,31.0,29.9,39.1
z_49.5_-4.5,2029,1,2029-T1,Stable,39.5,30.3,30.2,39.5
z_49.5_-4.5,2029,2,2029-T2,Stable,38.9,33.4,27.7,38.9
z_49.5_-4.5,2029,3,2029-T3,Stable,38.3,32.0,29.7,38.3
z_49.5_-4.5,2029,4,2029-T4,Stable,39.0,31.4,29.6,39.0
z_49.5_-4.5,2030,1,2030-T1,Stable,38.7,31.2,30.1,38.7
z_49.5_-4.5,2030,2,2030-T2,Stable,39.1,33.4,27.5,39.1
z_49.5_-4.5,2030,3,2030-T3,Stable,38.3,32.4,29.3,38.3
z_49.5_-4.5,2030,4,2030-T4,Stable,39.5,30.8,29.7,39.5
z_49.5_-6.0,2023,1,2023-T1,Stable,37.0,32.1,30.9,37.0
z_49.5_-6.0,2023,2,2023-T2,Diminution,47.4,24.6,47.4,27.9
z_49.5_-6.0,2023,3,2023-T3,Diminution,39.5,31.7,39.5,28.7
z_49.5_-6.0,2023,4,2023-T4,Augmentation,41.6,41.6,31.9,26.6
z_49.5_-6.0,2024,1,2024-T1,Augmentation,37.5,37.5,32.3,30.2
z_49.5_-6.0,2024,2,2024-T2,Diminution,34.3,33.4,34.3,32.3
z_49.5_-6.0,2024,3,2024-T3,Diminution,44.9,22.6,44.9,32.6
z_49.5_-6.0,2024,4,2024-T4,Diminution,46.6,21.9,46.6,31.5
z_49.5_-6.0,2025,1,2025-T1,Diminution,40.8,25.9,40.8,33.2
z_49.5_-6.0,2025,2,2025-T2,Stable,36.1,32.8,31.1,36.1
z_49.5_-6.0,2025,3,2025-T3,Augmentation,37.1,37.1,30.7,32.2
z_49.5_-6.0,2025,4,2025-T4,Stable,36.5,33.4,30.1,36.5
z_49.5_-6.0,2026,1,2026-T1,Stable,37.1,32.2,30.7,37.1
z_49.5_-6.0,2026,2,2026-T2,Stable,36.6,33.5,29.9,36.6
z_49.5_-6.0,2026,3,2026-T3,Stable,36.0,34.1,29.9,36.0
z_49.5_-6.0,2026,4,2026-T4,Stable,37.8,33.7,28.5,37.8
z_49.5_-6.0,2027,1,2027-T1,Stable,38.9,33.0,28.2,38.9
z_49.5_-6.0,2027,2,2027-T2,Stable,38.0,33.2,28.9,38.0
z_49.5_-6.0,2027,3,2027-T3,Stable,36.7,36.3,27.0,36.7
z_49.5_-6.0,2027,4,2027-T4,Stable,37.2,33.6,29.3,37.2
z_49.5_-6.0,2028,1,2028-T1,Stable,38.3,33.1,28.6,38.3
z_49.5_-6.0,2028,2,2028-T2,Stable,35.9,33.5,30.6,35.9
z_49.5_-6.0,2028,3,2028-T3,Stable,36.9,34.8,28.4,36.9
z_49.5_-6.0,2028,4,2028-T4,Stable,37.7,35.7,26.6,37.7
z_49.5_-6.0,2029,1,2029-T1,Stable,38.2,33.3,28.5,38.2
z_49.5_-6.0,2029,2,2029-T2,Stable,36.5,33.1,30.4,36.5
z_49.5_-6.0,2029,3,2029-T3,Stable,37.0,35.0,28.0,37.0
z_49.5_-6.0,2029,4,2029-T4,Stable,37.9,33.9,28.1,37.9
z_49.5_-6.0,2030,1,2030-T1,Stable,39.0,32.8,28.2,39.0
z_49.5_-6.0,2030,2,2030-T2,Stable,37.3,33.0,29.6,37.3
z_49.5_-6.0,2030,3,2030-T3,Stable,37.1,34.9,28.0,37.1
z_49.5_-6.0,2030,4,2030-T4,Stable,38.1,34.2,27.7,38.1
z_49.5_-7.5,2023,1,2023-T1,Stable,56.5,27.7,15.8,56.5
z_49.5_-7.5,2023,2,2023-T2,Diminution,43.3,19.8,43.3,36.9
z_49.5_-7.5,2023,3,2023-T3,Stable,50.8,31.0,18.3,50.8
z_49.5_-7.5,2023,4,2023-T4,Stable,43.1,32.3,24.5,43.1
z_49.5_-7.5,2024,1,2024-T1,Stable,53.4,19.9,26.7,53.4
z_49.5_-7.5,2024,2,2024-T2,Diminution,59.7,14.1,59.7,26.1
z_49.5_-7.5,2024,3,2024-T3,Stable,41.0,21.2,37.8,41.0
z_49.5_-7.5,2024,4,2024-T4,Stable,40.9,20.3,38.8,40.9
z_49.5_-7.5,2025,1,2025-T1,Stable,45.6,18.5,35.9,45.6
z_49.5_-7.5,2025,2,2025-T2,Diminution,62.2,12.7,62.2,25.2
z_49.5_-7.5,2025,3,2025-T3,Stable,47.2,24.8,28.0,47.2
z_49.5_-7.5,2025,4,2025-T4,Stable,38.1,28.2,33.7,38.1
z_49.5_-7.5,2026,1,2026-T1,Diminution,42.0,16.4,42.0,41.6
z_49.5_-7.5,2026,2,2026-T2,Diminution,67.5,9.6,67.5,22.9
z_49.5_-7.5,2026,3,2026-T3,Stable,42.4,15.7,41.9,42.4
z_49.5_-7.5,2026,4,2026-T4,Diminution,43.8,15.1,43.8,41.2
z_49.5_-7.5,2027,1,2027-T1,Stable,43.7,15.5,40.8,43.7
z_49.5_-7.5,2027,2,2027-T2,Diminution,68.7,9.6,68.7,21.6
z_49.5_-7.5,2027,3,2027-T3,Stable,43.8,15.1,41.1,43.8
z_49.5_-7.5,2027,4,2027-T4,Stable,42.7,16.4,40.9,42.7
z_49.5_-7.5,2028,1,2028-T1,Stable,43.2,14.3,42.4,43.2
z_49.5_-7.5,2028,2,2028-T2,Diminution,64.1,12.5,64.1,23.3
z_49.5_-7.5,2028,3,2028-T3,Diminution,43.7,13.5,43.7,42.9
z_49.5_-7.5,2028,4,2028-T4,Diminution,43.3,14.2,43.3,42.5
z_49.5_-7.5,2029,1,2029-T1,Stable,43.2,14.3,42.4,43.2
z_49.5_-7.5,2029,2,2029-T2,Diminution,69.3,9.9,69.3,20.8
z_49.5_-7.5,2029,3,2029-T3,Diminution,43.7,13.5,43.7,42.9
z_49.5_-7.5,2029,4,2029-T4,Diminution,42.7,16.1,42.7,41.2
z_49.5_-7.5,2030,1,2030-T1,Stable,43.2,14.3,42.4,43.2
z_49.5_-7.5,2030,2,2030-T2,Diminution,66.4,10.9,66.4,22.7
z_49.5_-7.5,2030,3,2030-T3,Diminution,43.7,13.5,43.7,42.9
z_49.5_-7.5,2030,4,2030-T4,Diminution,44.3,14.8,44.3,40.8
z_49.5_-9.0,2023,1,2023-T1,Diminution,59.8,11.5,59.8,28.6
z_49.5_-9.0,2023,2,2023-T2,Diminution,43.0,14.3,43.0,42.7
z_49.5_-9.0,2023,3,2023-T3,Stable,45.6,9.0,45.3,45.6
z_49.5_-9.0,2023,4,2023-T4,Diminution,41.2,19.8,41.2,39.1
z_49.5_-9.0,2024,1,2024-T1,Diminution,59.4,10.5,59.4,30.1
z_49.5_-9.0,2024,2,2024-T2,Stable,46.7,16.1,37.2,46.7
z_49.5_-9.0,2024,3,2024-T3,Stable,45.1,18.4,36.6,45.1
z_49.5_-9.0,2024,4,2024-T4,Stable,43.7,22.9,33.4,43.7
z_49.5_-9.0,2025,1,2025-T1,Stable,41.0,24.9,34.1,41.0
z_49.5_-9.0,2025,2,2025-T2,Stable,47.9,17.2,34.9,47.9
z_49.5_-9.0,2025,3,2025-T3,Stable,57.0,20.0,23.0,57.0
z_49.5_-9.0,2025,4,2025-T4,Stable,50.5,29.0,20.5,50.5
z_49.5_-9.0,2026,1,2026-T1,Stable,40.9,22.5,36.6,40.9
z_49.5_-9.0,2026,2,2026-T2,Stable,47.1,22.5,30.5,47.1
z_49.5_-9.0,2026,3,2026-T3,Stable,52.5,10.9,36.6,52.5
z_49.5_-9.0,2026,4,2026-T4,Diminution,51.7,10.7,51.7,37.6
z_49.5_-9.0,2027,1,2027-T1,Diminution,65.1,8.8,65.1,26.1
z_49.5_-9.0,2027,2,2027-T2,Diminution,52.2,10.7,52.2,37.1
z_49.5_-9.0,2027,3,2027-T3,Diminution,50.5,5.5,50.5,44.0
z_49.5_-9.0,2027,4,2027-T4,Diminution,52.3,11.1,52.3,36.6
z_49.5_-9.0,2028,1,2028-T1,Diminution,68.8,8.2,68.8,23.0
z_49.5_-9.0,2028,2,2028-T2,Diminution,51.2,10.7,51.2,38.1
z_49.5_-9.0,2028,3,2028-T3,Diminution,51.6,7.1,51.6,41.3
z_49.5_-9.0,2028,4,2028-T4,Diminution,56.9,12.4,56.9,30.7
z_49.5_-9.0,2029,1,2029-T1,Diminution,64.1,10.6,64.1,25.3
z_49.5_-9.0,2029,2,2029-T2,Diminution,56.6,12.0,56.6,31.3
z_49.5_-9.0,2029,3,2029-T3,Diminution,54.5,7.3,54.5,38.2
z_49.5_-9.0,2029,4,2029-T4,Diminution,53.6,13.6,53.6,32.8
z_49.5_-9.0,2030,1,2030-T1,Diminution,70.4,9.5,70.4,20.1
z_49.5_-9.0,2030,2,2030-T2,Diminution,51.9,13.5,51.9,34.6
z_49.5_-9.0,2030,3,2030-T3,Diminution,54.7,6.5,54.7,38.8
z_49.5_-9.0,2030,4,2030-T4,Diminution,57.2,12.6,57.2,30.2
z_49.5_0.0,2023,1,2023-T1,Augmentation,54.7,54.7,14.5,30.8
z_49.5_0.0,2023,2,2023-T2,Augmentation,53.8,53.8,16.6,29.6
z_49.5_0.0,2023,3,2023-T3,Augmentation,66.9,66.9,11.4,21.7
z_49.5_0.0,2023,4,2023-T4,Augmentation,62.9,62.9,13.7,23.4
z_49.5_0.0,2024,1,2024-T1,Augmentation,60.3,60.3,15.4,24.3
z_49.5_0.0,2024,2,2024-T2,Augmentation,54.2,54.2,15.4,30.4
z_49.5_0.0,2024,3,2024-T3,Augmentation,65.5,65.5,12.9,21.6
z_49.5_0.0,2024,4,2024-T4,Augmentation,54.7,54.7,16.0,29.3
z_49.5_0.0,2025,1,2025-T1,Augmentation,57.8,57.8,13.8,28.3
z_49.5_0.0,2025,2,2025-T2,Augmentation,62.4,62.4,16.4,21.2
z_49.5_0.0,2025,3,2025-T3,Augmentation,64.6,64.6,10.9,24.5
z_49.5_0.0,2025,4,2025-T4,Augmentation,58.9,58.9,17.0,24.2
z_49.5_0.0,2026,1,2026-T1,Augmentation,56.8,56.8,17.5,25.7
z_49.5_0.0,2026,2,2026-T2,Augmentation,61.5,61.5,18.1,20.3
z_49.5_0.0,2026,3,2026-T3,Augmentation,65.3,65.3,13.5,21.2
z_49.5_0.0,2026,4,2026-T4,Augmentation,59.6,59.6,14.7,25.7
z_49.5_0.0,2027,1,2027-T1,Augmentation,64.7,64.7,13.5,21.8
z_49.5_0.0,2027,2,2027-T2,Augmentation,66.0,66.0,11.1,22.9
z_49.5_0.0,2027,3,2027-T3,Augmentation,66.3,66.3,10.1,23.6
z_49.5_0.0,2027,4,2027-T4,Augmentation,63.4,63.4,12.7,23.9
z_49.5_0.0,2028,1,2028-T1,Augmentation,66.5,66.5,12.5,21.0
z_49.5_0.0,2028,2,2028-T2,Augmentation,74.0,74.0,10.9,15.0
z_49.5_0.0,2028,3,2028-T3,Augmentation,74.8,74.8,9.2,16.0
z_49.5_0.0,2028,4,2028-T4,Augmentation,73.2,73.2,13.0,13.8
z_49.5_0.0,2029,1,2029-T1,Augmentation,73.9,73.9,11.6,14.5
z_49.5_0.0,2029,2,2029-T2,Augmentation,76.6,76.6,10.0,13.4
z_49.5_0.0,2029,3,2029-T3,Augmentation,78.8,78.8,7.8,13.4
z_49.5_0.0,2029,4,2029-T4,Augmentation,76.0,76.0,11.2,12.8
z_49.5_0.0,2030,1,2030-T1,Augmentation,74.1,74.1,11.9,14.0
z_49.5_0.0,2030,2,2030-T2,Augmentation,75.4,75.4,10.2,14.5
z_49.5_0.0,2030,3,2030-T3,Augmentation,79.0,79.0,7.7,13.3
z_49.5_0.0,2030,4,2030-T4,Augmentation,75.7,75.7,10.6,13.7
z_51.0_-10.5,2023,1,2023-T1,Augmentation,54.3,54.3,11.0,34.7
z_51.0_-10.5,2023,2,2023-T2,Stable,41.8,39.6,18.6,41.8
z_51.0_-10.5,2023,3,2023-T3,Stable,42.4,37.3,20.3,42.4
z_51.0_-10.5,2023,4,2023-T4,Augmentation,38.5,38.5,24.1,37.4
z_51.0_-10.5,2024,1,2024-T1,Stable,51.8,33.1,15.1,51.8
z_51.0_-10.5,2024,2,2024-T2,Stable,38.6,37.7,23.7,38.6
z_51.0_-10.5,2024,3,2024-T3,Stable,38.8,32.3,29.0,38.8
z_51.0_-10.5,2024,4,2024-T4,Stable,35.4,32.9,31.7,35.4
z_51.0_-10.5,2025,1,2025-T1,Augmentation,43.3,43.3,13.9,42.8
z_51.0_-10.5,2025,2,2025-T2,Augmentation,42.2,42.2,21.3,36.4
z_51.0_-10.5,2025,3,2025-T3,Augmentation,41.4,41.4,22.0,36.7
z_51.0_-10.5,2025,4,2025-T4,Stable,35.1,31.8,33.1,35.1
z_51.0_-10.5,2026,1,2026-T1,Stable,47.7,22.6,29.7,47.7
z_51.0_-10.5,2026,2,2026-T2,Diminution,39.3,25.0,39.3,35.7
z_51.0_-10.5,2026,3,2026-T3,Stable,36.8,33.9,29.3,36.8
z_51.0_-10.5,2026,4,2026-T4,Augmentation,40.6,40.6,22.4,37.0
z_51.0_-10.5,2027,1,2027-T1,Stable,61.6,24.2,14.3,61.6
z_51.0_-10.5,2027,2,2027-T2,Stable,42.6,31.2,26.2,42.6
z_51.0_-10.5,2027,3,2027-T3,Stable,41.3,33.1,25.5,41.3
z_51.0_-10.5,2027,4,2027-T4,Stable,41.1,33.5,25.3,41.1
z_51.0_-10.5,2028,1,2028-T1,Stable,60.1,25.2,14.7,60.1
z_51.0_-10.5,2028,2,2028-T2,Stable,42.7,31.5,25.8,42.7
z_51.0_-10.5,2028,3,2028-T3,Stable,39.5,39.0,21.5,39.5
z_51.0_-10.5,2028,4,2028-T4,Augmentation,39.3,39.3,21.8,38.9
z_51.0_-10.5,2029,1,2029-T1,Stable,61.4,24.1,14.5,61.4
z_51.0_-10.5,2029,2,2029-T2,Stable,44.0,29.7,26.3,44.0
z_51.0_-10.5,2029,3,2029-T3,Stable,41.4,34.0,24.6,41.4
z_51.0_-10.5,2029,4,2029-T4,Stable,41.4,34.1,24.5,41.4
z_51.0_-10.5,2030,1,2030-T1,Stable,61.8,24.2,14.1,61.8
z_51.0_-10.5,2030,2,2030-T2,Stable,43.6,30.2,26.2,43.6
z_51.0_-10.5,2030,3,2030-T3,Stable,41.7,33.4,24.9,41.7
z_51.0_-10.5,2030,4,2030-T4,Stable,41.3,33.8,25.0,41.3
z_51.0_-12.0,2023,1,2023-T1,Stable,50.0,22.8,27.1,50.0
z_51.0_-12.0,2023,2,2023-T2,Stable,50.7,16.0,33.3,50.7
z_51.0_-12.0,2023,3,2023-T3,Diminution,46.6,13.8,46.6,39.6
z_51.0_-12.0,2023,4,2023-T4,Stable,48.4,12.3,39.2,48.4
z_51.0_-12.0,2024,1,2024-T1,Stable,48.1,19.4,32.5,48.1
z_51.0_-12.0,2024,2,2024-T2,Stable,43.7,15.9,40.5,43.7
z_51.0_-12.0,2024,3,2024-T3,Stable,46.2,18.8,34.9,46.2
z_51.0_-12.0,2024,4,2024-T4,Stable,53.6,24.8,21.6,53.6
z_51.0_-12.0,2025,1,2025-T1,Stable,42.6,31.5,25.9,42.6
z_51.0_-12.0,2025,2,2025-T2,Stable,49.4,30.9,19.6,49.4
z_51.0_-12.0,2025,3,2025-T3,Stable,50.0,33.9,16.1,50.0
z_51.0_-12.0,2025,4,2025-T4,Stable,54.2,31.3,14.5,54.2
z_51.0_-12.0,2026,1,2026-T1,Stable,49.5,27.0,23.5,49.5
z_51.0_-12.0,2026,2,2026-T2,Stable,50.8,27.1,22.1,50.8
z_51.0_-12.0,2026,3,2026-T3,Stable,49.5,21.0,29.5,49.5
z_51.0_-12.0,2026,4,2026-T4,Stable,50.5,19.2,30.3,50.5
z_51.0_-12.0,2027,1,2027-T1,Stable,46.7,15.6,37.7,46.7
z_51.0_-12.0,2027,2,2027-T2,Stable,42.4,18.5,39.2,42.4
z_51.0_-12.0,2027,3,2027-T3,Diminution,47.9,12.9,47.9,39.2
z_51.0_-12.0,2027,4,2027-T4,Stable,48.6,12.2,39.2,48.6
z_51.0_-12.0,2028,1,2028-T1,Stable,50.4,12.8,36.8,50.4
z_51.0_-12.0,2028,2,2028-T2,Diminution,45.4,11.5,45.4,43.1
z_51.0_-12.0,2028,3,2028-T3,Diminution,48.8,13.8,48.8,37.3
z_51.0_-12.0,2028,4,2028-T4,Stable,45.9,12.6,41.5,45.9
z_51.0_-12.0,2029,1,2029-T1,Stable,47.2,12.3,40.5,47.2
z_51.0_-12.0,2029,2,2029-T2,Diminution,44.7,16.1,44.7,39.2
z_51.0_-12.0,2029,3,2029-T3,Diminution,46.2,15.2,46.2,38.6
z_51.0_-12.0,2029,4,2029-T4,Stable,48.0,12.5,39.5,48.0
z_51.0_-12.0,2030,1,2030-T1,Stable,43.0,15.0,42.0,43.0
z_51.0_-12.0,2030,2,2030-T2,Diminution,44.6,15.3,44.6,40.1
z_51.0_-12.0,2030,3,2030-T3,Diminution,50.2,14.1,50.2,35.7
z_51.0_-12.0,2030,4,2030-T4,Stable,45.9,10.9,43.2,45.9
z_51.0_-13.5,2023,1,2023-T1,Diminution,51.6,8.3,51.6,40.1
z_51.0_-13.5,2023,2,2023-T2,Diminution,62.1,4.0,62.1,33.9
z_51.0_-13.5,2023,3,2023-T3,Diminution,75.1,4.1,75.1,20.8
z_51.0_-13.5,2023,4,2023-T4,Diminution,53.3,11.7,53.3,35.0
z_51.0_-13.5,2024,1,2024-T1,Diminution,51.6,8.3,51.6,40.1
z_51.0_-13.5,2024,2,2024-T2,Diminution,62.1,4.0,62.1,33.9
z_51.0_-13.5,2024,3,2024-T3,Diminution,75.1,4.1,75.1,20.8
z_51.0_-13.5,2024,4,2024-T4,Diminution,48.6,9.8,48.6,41.6
z_51.0_-13.5,2025,1,2025-T1,Diminution,51.6,8.3,51.6,40.1
z_51.0_-13.5,2025,2,2025-T2,Diminution,49.6,10.3,49.6,40.1
z_51.0_-13.5,2025,3,2025-T3,Diminution,58.0,9.4,58.0,32.6
z_51.0_-13.5,2025,4,2025-T4,Stable,47.8,11.4,40.8,47.8
z_51.0_-13.5,2026,1,2026-T1,Diminution,56.3,7.8,56.3,35.9
z_51.0_-13.5,2026,2,2026-T2,Diminution,69.7,3.9,69.7,26.4
z_51.0_-13.5,2026,3,2026-T3,Diminution,72.6,4.1,72.6,23.4
z_51.0_-13.5,2026,4,2026-T4,Diminution,47.5,9.7,47.5,42.8
z_51.0_-13.5,2027,1,2027-T1,Diminution,54.5,6.3,54.5,39.2
z_51.0_-13.5,2027,2,2027-T2,Diminution,69.7,3.9,69.7,26.4
z_51.0_-13.5,2027,3,2027-T3,Diminution,72.6,4.1,72.6,23.4
z_51.0_-13.5,2027,4,2027-T4,Diminution,49.6,13.7,49.6,36.7
z_51.0_-13.5,2028,1,2028-T1,Diminution,55.6,6.8,55.6,37.6
z_51.0_-13.5,2028,2,2028-T2,Diminution,69.7,3.9,69.7,26.4
z_51.0_-13.5,2028,3,2028-T3,Diminution,72.6,4.1,72.6,23.4
z_51.0_-13.5,2028,4,2028-T4,Diminution,53.5,14.4,53.5,32.1
z_51.0_-13.5,2029,1,2029-T1,Diminution,59.3,7.2,59.3,33.4
z_51.0_-13.5,2029,2,2029-T2,Diminution,69.7,3.9,69.7,26.4
z_51.0_-13.5,2029,3,2029-T3,Diminution,72.6,4.1,72.6,23.4
z_51.0_-13.5,2029,4,2029-T4,Diminution,52.9,13.5,52.9,33.6
z_51.0_-13.5,2030,1,2030-T1,Diminution,56.4,7.7,56.4,35.9
z_51.0_-13.5,2030,2,2030-T2,Diminution,69.7,3.9,69.7,26.4
z_51.0_-13.5,2030,3,2030-T3,Diminution,72.6,4.1,72.6,23.4
z_51.0_-13.5,2030,4,2030-T4,Diminution,56.6,12.6,56.6,30.8
z_51.0_-15.0,2023,1,2023-T1,Diminution,51.3,9.1,51.3,39.5
z_51.0_-15.0,2023,2,2023-T2,Stable,50.0,11.8,38.2,50.0
z_51.0_-15.0,2023,3,2023-T3,Diminution,75.1,4.0,75.1,20.9
z_51.0_-15.0,2023,4,2023-T4,Diminution,56.6,6.9,56.6,36.4
z_51.0_-15.0,2024,1,2024-T1,Diminution,55.2,7.9,55.2,36.9
z_51.0_-15.0,2024,2,2024-T2,Stable,45.2,14.9,39.9,45.2
z_51.0_-15.0,2024,3,2024-T3,Diminution,62.1,4.5,62.1,33.4
z_51.0_-15.0,2024,4,2024-T4,Diminution,55.3,8.1,55.3,36.6
z_51.0_-15.0,2025,1,2025-T1,Diminution,56.9,7.4,56.9,35.6
z_51.0_-15.0,2025,2,2025-T2,Stable,44.0,19.0,37.0,44.0
z_51.0_-15.0,2025,3,2025-T3,Diminution,54.9,7.0,54.9,38.1
z_51.0_-15.0,2025,4,2025-T4,Diminution,53.8,9.1,53.8,37.1
z_51.0_-15.0,2026,1,2026-T1,Diminution,49.2,6.5,49.2,44.3
z_51.0_-15.0,2026,2,2026-T2,Diminution,44.7,14.1,44.7,41.2
z_51.0_-15.0,2026,3,2026-T3,Diminution,72.8,4.0,72.8,23.3
z_51.0_-15.0,2026,4,2026-T4,Diminution,58.6,6.7,58.6,34.7
z_51.0_-15.0,2027,1,2027-T1,Diminution,49.9,6.4,49.9,43.7
z_51.0_-15.0,2027,2,2027-T2,Diminution,49.0,11.4,49.0,39.6
z_51.0_-15.0,2027,3,2027-T3,Diminution,72.8,4.0,72.8,23.3
z_51.0_-15.0,2027,4,2027-T4,Diminution,54.6,7.2,54.6,38.2
z_51.0_-15.0,2028,1,2028-T1,Diminution,55.0,6.3,55.0,38.7
z_51.0_-15.0,2028,2,2028-T2,Diminution,49.0,11.4,49.0,39.6
z_51.0_-15.0,2028,3,2028-T3,Diminution,72.8,4.0,72.8,23.3
z_51.0_-15.0,2028,4,2028-T4,Diminution,59.8,6.7,59.8,33.5
z_51.0_-15.0,2029,1,2029-T1,Diminution,53.9,9.0,53.9,37.2
z_51.0_-15.0,2029,2,2029-T2,Diminution,49.0,11.4,49.0,39.6
z_51.0_-15.0,2029,3,2029-T3,Diminution,72.8,4.0,72.8,23.3
z_51.0_-15.0,2029,4,2029-T4,Diminution,59.8,6.7,59.8,33.5
z_51.0_-15.0,2030,1,2030-T1,Diminution,51.6,8.7,51.6,39.7
z_51.0_-15.0,2030,2,2030-T2,Diminution,49.0,11.4,49.0,39.6
z_51.0_-15.0,2030,3,2030-T3,Diminution,72.8,4.0,72.8,23.3
z_51.0_-15.0,2030,4,2030-T4,Diminution,59.8,6.7,59.8,33.5
z_51.0_-16.5,2023,1,2023-T1,Diminution,64.6,4.4,64.6,30.9
z_51.0_-16.5,2023,2,2023-T2,Diminution,56.8,7.4,56.8,35.8
z_51.0_-16.5,2023,3,2023-T3,Diminution,54.1,10.7,54.1,35.2
z_51.0_-16.5,2023,4,2023-T4,Diminution,75.1,4.4,75.1,20.5
z_51.0_-16.5,2024,1,2024-T1,Diminution,68.3,6.4,68.3,25.3
z_51.0_-16.5,2024,2,2024-T2,Diminution,70.0,3.7,70.0,26.2
z_51.0_-16.5,2024,3,2024-T3,Diminution,69.9,4.2,69.9,25.9
z_51.0_-16.5,2024,4,2024-T4,Diminution,73.1,4.2,73.1,22.7
z_51.0_-16.5,2025,1,2025-T1,Diminution,68.0,4.1,68.0,27.9
z_51.0_-16.5,2025,2,2025-T2,Diminution,70.0,3.7,70.0,26.2
z_51.0_-16.5,2025,3,2025-T3,Diminution,66.7,4.3,66.7,29.0
z_51.0_-16.5,2025,4,2025-T4,Diminution,73.1,4.2,73.1,22.7
z_51.0_-16.5,2026,1,2026-T1,Diminution,66.0,4.4,66.0,29.5
z_51.0_-16.5,2026,2,2026-T2,Diminution,70.0,3.7,70.0,26.2
z_51.0_-16.5,2026,3,2026-T3,Diminution,71.1,5.0,71.1,23.9
z_51.0_-16.5,2026,4,2026-T4,Diminution,73.1,4.2,73.1,22.7
z_51.0_-16.5,2027,1,2027-T1,Diminution,71.2,4.8,71.2,24.0
z_51.0_-16.5,2027,2,2027-T2,Diminution,70.0,3.7,70.0,26.2
z_51.0_-16.5,2027,3,2027-T3,Diminution,64.8,4.1,64.8,31.1
z_51.0_-16.5,2027,4,2027-T4,Diminution,73.1,4.2,73.1,22.7
z_51.0_-16.5,2028,1,2028-T1,Diminution,65.6,4.1,65.6,30.4
z_51.0_-16.5,2028,2,2028-T2,Diminution,70.0,3.7,70.0,26.2
z_51.0_-16.5,2028,3,2028-T3,Diminution,72.8,3.9,72.8,23.3
z_51.0_-16.5,2028,4,2028-T4,Diminution,73.1,4.2,73.1,22.7
z_51.0_-16.5,2029,1,2029-T1,Diminution,72.4,4.1,72.4,23.5
z_51.0_-16.5,2029,2,2029-T2,Diminution,70.0,3.7,70.0,26.2
z_51.0_-16.5,2029,3,2029-T3,Diminution,72.8,3.9,72.8,23.3
z_51.0_-16.5,2029,4,2029-T4,Diminution,73.1,4.2,73.1,22.7
z_51.0_-16.5,2030,1,2030-T1,Diminution,72.4,4.1,72.4,23.5
z_51.0_-16.5,2030,2,2030-T2,Diminution,70.0,3.7,70.0,26.2
z_51.0_-16.5,2030,3,2030-T3,Diminution,72.8,3.9,72.8,23.3
z_51.0_-16.5,2030,4,2030-T4,Diminution,73.1,4.2,73.1,22.7
z_51.0_-18.0,2023,1,2023-T1,Diminution,82.7,2.9,82.7,14.3
z_51.0_-18.0,2023,2,2023-T2,Diminution,65.4,2.9,65.4,31.7
z_51.0_-18.0,2023,3,2023-T3,Diminution,70.5,4.6,70.5,24.9
z_51.0_-18.0,2023,4,2023-T4,Diminution,80.9,3.3,80.9,15.8
z_51.0_-18.0,2024,1,2024-T1,Diminution,79.0,3.4,79.0,17.7
z_51.0_-18.0,2024,2,2024-T2,Diminution,80.7,3.2,80.7,16.1
z_51.0_-18.0,2024,3,2024-T3,Diminution,82.0,4.0,82.0,14.0
z_51.0_-18.0,2024,4,2024-T4,Diminution,82.1,3.2,82.1,14.6
z_51.0_-18.0,2025,1,2025-T1,Diminution,76.7,5.0,76.7,18.3
z_51.0_-18.0,2025,2,2025-T2,Diminution,80.7,3.2,80.7,16.1
z_51.0_-18.0,2025,3,2025-T3,Diminution,82.0,4.0,82.0,14.0
z_51.0_-18.0,2025,4,2025-T4,Diminution,82.1,3.2,82.1,14.6
z_51.0_-18.0,2026,1,2026-T1,Diminution,72.0,3.2,72.0,24.8
z_51.0_-18.0,2026,2,2026-T2,Diminution,80.7,3.2,80.7,16.1
z_51.0_-18.0,2026,3,2026-T3,Diminution,82.0,4.0,82.0,14.0
z_51.0_-18.0,2026,4,2026-T4,Diminution,82.1,3.2,82.1,14.6
z_51.0_-18.0,2027,1,2027-T1,Diminution,79.5,3.3,79.5,17.2
z_51.0_-18.0,2027,2,2027-T2,Diminution,80.7,3.2,80.7,16.1
z_51.0_-18.0,2027,3,2027-T3,Diminution,82.0,4.0,82.0,14.0
z_51.0_-18.0,2027,4,2027-T4,Diminution,82.1,3.2,82.1,14.6
z_51.0_-18.0,2028,1,2028-T1,Diminution,62.0,6.7,62.0,31.3
z_51.0_-18.0,2028,2,2028-T2,Diminution,80.7,3.2,80.7,16.1
z_51.0_-18.0,2028,3,2028-T3,Diminution,82.0,4.0,82.0,14.0
z_51.0_-18.0,2028,4,2028-T4,Diminution,82.1,3.2,82.1,14.6
z_51.0_-18.0,2029,1,2029-T1,Diminution,82.7,2.9,82.7,14.3
z_51.0_-18.0,2029,2,2029-T2,Diminution,80.7,3.2,80.7,16.1
z_51.0_-18.0,2029,3,2029-T3,Diminution,82.0,4.0,82.0,14.0
z_51.0_-18.0,2029,4,2029-T4,Diminution,82.1,3.2,82.1,14.6
z_51.0_-18.0,2030,1,2030-T1,Diminution,82.7,2.9,82.7,14.3
z_51.0_-18.0,2030,2,2030-T2,Diminution,80.7,3.2,80.7,16.1
z_51.0_-18.0,2030,3,2030-T3,Diminution,82.0,4.0,82.0,14.0
z_51.0_-18.0,2030,4,2030-T4,Diminution,82.1,3.2,82.1,14.6
z_51.0_-4.5,2023,1,2023-T1,Diminution,58.9,16.2,58.9,25.0
z_51.0_-4.5,2023,2,2023-T2,Diminution,50.5,14.4,50.5,35.1
z_51.0_-4.5,2023,3,2023-T3,Diminution,60.8,13.7,60.8,25.5
z_51.0_-4.5,2023,4,2023-T4,Diminution,62.1,12.7,62.1,25.2
z_51.0_-4.5,2024,1,2024-T1,Diminution,63.2,11.5,63.2,25.3
z_51.0_-4.5,2024,2,2024-T2,Diminution,56.4,15.4,56.4,28.2
z_51.0_-4.5,2024,3,2024-T3,Diminution,57.3,15.8,57.3,26.9
z_51.0_-4.5,2024,4,2024-T4,Diminution,60.7,14.4,60.7,25.0
z_51.0_-4.5,2025,1,2025-T1,Diminution,50.1,15.0,50.1,34.9
z_51.0_-4.5,2025,2,2025-T2,Diminution,53.4,13.9,53.4,32.7
z_51.0_-4.5,2025,3,2025-T3,Diminution,43.4,20.0,43.4,36.5
z_51.0_-4.5,2025,4,2025-T4,Diminution,48.9,19.8,48.9,31.2
z_51.0_-4.5,2026,1,2026-T1,Diminution,52.7,11.9,52.7,35.4
z_51.0_-4.5,2026,2,2026-T2,Diminution,64.4,12.4,64.4,23.2
z_51.0_-4.5,2026,3,2026-T3,Diminution,66.7,11.6,66.7,21.7
z_51.0_-4.5,2026,4,2026-T4,Diminution,66.1,12.3,66.1,21.7
z_51.0_-4.5,2027,1,2027-T1,Diminution,62.4,10.8,62.4,26.8
z_51.0_-4.5,2027,2,2027-T2,Diminution,69.2,8.8,69.2,22.0
z_51.0_-4.5,2027,3,2027-T3,Diminution,66.7,11.6,66.7,21.7
z_51.0_-4.5,2027,4,2027-T4,Diminution,61.0,11.6,61.0,27.4
z_51.0_-4.5,2028,1,2028-T1,Diminution,60.4,14.3,60.4,25.2
z_51.0_-4.5,2028,2,2028-T2,Diminution,63.4,8.3,63.4,28.2
z_51.0_-4.5,2028,3,2028-T3,Diminution,66.7,11.6,66.7,21.7
z_51.0_-4.5,2028,4,2028-T4,Diminution,65.9,13.0,65.9,21.1
z_51.0_-4.5,2029,1,2029-T1,Diminution,63.7,15.1,63.7,21.2
z_51.0_-4.5,2029,2,2029-T2,Diminution,69.5,9.8,69.5,20.7
z_51.0_-4.5,2029,3,2029-T3,Diminution,66.7,11.6,66.7,21.7
z_51.0_-4.5,2029,4,2029-T4,Diminution,64.3,14.9,64.3,20.8
z_51.0_-4.5,2030,1,2030-T1,Diminution,62.4,14.6,62.4,23.0
z_51.0_-4.5,2030,2,2030-T2,Diminution,67.4,12.3,67.4,20.3
z_51.0_-4.5,2030,3,2030-T3,Diminution,66.7,11.6,66.7,21.7
z_51.0_-4.5,2030,4,2030-T4,Diminution,66.1,12.5,66.1,21.4
z_51.0_-6.0,2023,1,2023-T1,Diminution,38.5,35.7,38.5,25.8
z_51.0_-6.0,2023,2,2023-T2,Augmentation,36.3,36.3,35.8,27.9
z_51.0_-6.0,2023,3,2023-T3,Diminution,40.4,31.5,40.4,28.1
z_51.0_-6.0,2023,4,2023-T4,Diminution,44.9,24.4,44.9,30.7
z_51.0_-6.0,2024,1,2024-T1,Diminution,45.4,21.9,45.4,32.7
z_51.0_-6.0,2024,2,2024-T2,Diminution,43.7,22.1,43.7,34.2
z_51.0_-6.0,2024,3,2024-T3,Diminution,42.9,25.7,42.9,31.4
z_51.0_-6.0,2024,4,2024-T4,Diminution,41.1,23.5,41.1,35.4
z_51.0_-6.0,2025,1,2025-T1,Diminution,39.3,26.4,39.3,34.2
z_51.0_-6.0,2025,2,2025-T2,Stable,35.8,31.9,32.3,35.8
z_51.0_-6.0,2025,3,2025-T3,Diminution,40.3,23.2,40.3,36.6
z_51.0_-6.0,2025,4,2025-T4,Stable,36.5,31.0,32.5,36.5
z_51.0_-6.0,2026,1,2026-T1,Stable,37.5,30.3,32.2,37.5
z_51.0_-6.0,2026,2,2026-T2,Stable,41.8,20.0,38.3,41.8
z_51.0_-6.0,2026,3,2026-T3,Stable,39.9,24.0,36.1,39.9
z_51.0_-6.0,2026,4,2026-T4,Diminution,36.8,28.6,36.8,34.6
z_51.0_-6.0,2027,1,2027-T1,Diminution,39.0,22.8,39.0,38.2
z_51.0_-6.0,2027,2,2027-T2,Stable,40.4,21.0,38.6,40.4
z_51.0_-6.0,2027,3,2027-T3,Diminution,39.4,24.4,39.4,36.3
z_51.0_-6.0,2027,4,2027-T4,Diminution,40.2,24.9,40.2,34.9
z_51.0_-6.0,2028,1,2028-T1,Stable,39.8,22.1,38.1,39.8
z_51.0_-6.0,2028,2,2028-T2,Stable,40.5,20.8,38.7,40.5
z_51.0_-6.0,2028,3,2028-T3,Diminution,40.8,22.3,40.8,36.9
z_51.0_-6.0,2028,4,2028-T4,Stable,39.1,24.3,36.6,39.1
z_51.0_-6.0,2029,1,2029-T1,Stable,39.8,22.1,38.1,39.8
z_51.0_-6.0,2029,2,2029-T2,Stable,41.1,20.5,38.3,41.1
z_51.0_-6.0,2029,3,2029-T3,Stable,38.5,23.9,37.5,38.5
z_51.0_-6.0,2029,4,2029-T4,Stable,38.7,24.1,37.2,38.7
z_51.0_-6.0,2030,1,2030-T1,Stable,39.8,22.1,38.1,39.8
z_51.0_-6.0,2030,2,2030-T2,Stable,41.1,20.5,38.3,41.1
z_51.0_-6.0,2030,3,2030-T3,Diminution,39.6,22.6,39.6,37.7
z_51.0_-6.0,2030,4,2030-T4,Stable,40.3,23.1,36.6,40.3
z_51.0_-7.5,2023,1,2023-T1,Stable,38.0,25.4,36.6,38.0
z_51.0_-7.5,2023,2,2023-T2,Stable,39.1,33.2,27.7,39.1
z_51.0_-7.5,2023,3,2023-T3,Augmentation,43.0,43.0,14.0,43.0
z_51.0_-7.5,2023,4,2023-T4,Augmentation,42.6,42.6,14.9,42.5
z_51.0_-7.5,2024,1,2024-T1,Augmentation,64.7,64.7,10.1,25.2
z_51.0_-7.5,2024,2,2024-T2,Augmentation,61.3,61.3,14.8,23.9
z_51.0_-7.5,2024,3,2024-T3,Augmentation,52.9,52.9,9.3,37.7
z_51.0_-7.5,2024,4,2024-T4,Augmentation,60.2,60.2,12.7,27.1
z_51.0_-7.5,2025,1,2025-T1,Augmentation,51.4,51.4,19.2,29.4
z_51.0_-7.5,2025,2,2025-T2,Stable,41.7,41.2,17.1,41.7
z_51.0_-7.5,2025,3,2025-T3,Augmentation,58.1,58.1,11.5,30.5
z_51.0_-7.5,2025,4,2025-T4,Augmentation,45.5,45.5,22.4,32.1
z_51.0_-7.5,2026,1,2026-T1,Stable,36.4,31.3,32.3,36.4
z_51.0_-7.5,2026,2,2026-T2,Stable,45.8,22.4,31.8,45.8
z_51.0_-7.5,2026,3,2026-T3,Stable,46.3,35.0,18.7,46.3
z_51.0_-7.5,2026,4,2026-T4,Augmentation,42.3,42.3,22.7,35.0
z_51.0_-7.5,2027,1,2027-T1,Augmentation,47.9,47.9,17.9,34.1
z_51.0_-7.5,2027,2,2027-T2,Augmentation,45.9,45.9,18.2,35.9
z_51.0_-7.5,2027,3,2027-T3,Augmentation,53.5,53.5,11.7,34.8
z_51.0_-7.5,2027,4,2027-T4,Augmentation,49.5,49.5,16.8,33.6
z_51.0_-7.5,2028,1,2028-T1,Augmentation,47.0,47.0,17.8,35.2
z_51.0_-7.5,2028,2,2028-T2,Augmentation,49.7,49.7,15.7,34.6
z_51.0_-7.5,2028,3,2028-T3,Augmentation,53.2,53.2,11.0,35.8
z_51.0_-7.5,2028,4,2028-T4,Augmentation,48.0,48.0,17.2,34.8
z_51.0_-7.5,2029,1,2029-T1,Augmentation,50.3,50.3,16.4,33.3
z_51.0_-7.5,2029,2,2029-T2,Augmentation,48.0,48.0,17.0,35.0
z_51.0_-7.5,2029,3,2029-T3,Augmentation,51.3,51.3,12.5,36.2
z_51.0_-7.5,2029,4,2029-T4,Augmentation,46.6,46.6,18.5,35.0
z_51.0_-7.5,2030,1,2030-T1,Augmentation,47.7,47.7,17.9,34.4
z_51.0_-7.5,2030,2,2030-T2,Augmentation,50.4,50.4,16.3,33.3
z_51.0_-7.5,2030,3,2030-T3,Augmentation,53.8,53.8,11.9,34.3
z_51.0_-7.5,2030,4,2030-T4,Augmentation,51.8,51.8,16.4,31.8
z_51.0_-9.0,2023,1,2023-T1,Stable,51.9,29.8,18.2,51.9
z_51.0_-9.0,2023,2,2023-T2,Stable,46.8,30.2,23.0,46.8
z_51.0_-9.0,2023,3,2023-T3,Stable,55.1,26.4,18.5,55.1
z_51.0_-9.0,2023,4,2023-T4,Stable,44.6,29.7,25.7,44.6
z_51.0_-9.0,2024,1,2024-T1,Stable,48.0,36.1,15.9,48.0
z_51.0_-9.0,2024,2,2024-T2,Stable,41.7,25.6,32.7,41.7
z_51.0_-9.0,2024,3,2024-T3,Stable,53.5,30.3,16.2,53.5
z_51.0_-9.0,2024,4,2024-T4,Stable,41.0,26.2,32.9,41.0
z_51.0_-9.0,2025,1,2025-T1,Stable,52.0,29.7,18.3,52.0
z_51.0_-9.0,2025,2,2025-T2,Stable,39.7,29.3,31.0,39.7
z_51.0_-9.0,2025,3,2025-T3,Stable,56.2,26.6,17.2,56.2
z_51.0_-9.0,2025,4,2025-T4,Stable,41.8,22.1,36.1,41.8
z_51.0_-9.0,2026,1,2026-T1,Stable,50.5,28.8,20.7,50.5
z_51.0_-9.0,2026,2,2026-T2,Stable,45.3,24.9,29.8,45.3
z_51.0_-9.0,2026,3,2026-T3,Stable,54.0,29.3,16.7,54.0
z_51.0_-9.0,2026,4,2026-T4,Stable,43.8,29.0,27.3,43.8
z_51.0_-9.0,2027,1,2027-T1,Stable,55.9,27.5,16.6,55.9
z_51.0_-9.0,2027,2,2027-T2,Stable,47.1,23.1,29.8,47.1
z_51.0_-9.0,2027,3,2027-T3,Stable,55.3,29.8,14.9,55.3
z_51.0_-9.0,2027,4,2027-T4,Stable,44.6,24.5,30.9,44.6
z_51.0_-9.0,2028,1,2028-T1,Stable,54.8,29.6,15.6,54.8
z_51.0_-9.0,2028,2,2028-T2,Stable,47.2,22.3,30.5,47.2
z_51.0_-9.0,2028,3,2028-T3,Stable,53.9,30.9,15.1,53.9
z_51.0_-9.0,2028,4,2028-T4,Stable,45.3,26.8,27.9,45.3
z_51.0_-9.0,2029,1,2029-T1,Stable,56.0,28.0,16.0,56.0
z_51.0_-9.0,2029,2,2029-T2,Stable,47.1,23.1,29.8,47.1
z_51.0_-9.0,2029,3,2029-T3,Stable,55.3,29.6,15.2,55.3
z_51.0_-9.0,2029,4,2029-T4,Stable,46.4,24.3,29.3,46.4
z_51.0_-9.0,2030,1,2030-T1,Stable,56.5,27.5,16.0,56.5
z_51.0_-9.0,2030,2,2030-T2,Stable,47.1,23.1,29.8,47.1
z_51.0_-9.0,2030,3,2030-T3,Stable,56.6,28.5,14.9,56.6
z_51.0_-9.0,2030,4,2030-T4,Stable,46.9,23.9,29.3,46.9
z_51.0_0.0,2023,1,2023-T1,Diminution,54.6,23.7,54.6,21.7
z_51.0_0.0,2023,2,2023-T2,Diminution,47.9,28.8,47.9,23.3
z_51.0_0.0,2023,3,2023-T3,Diminution,44.5,29.9,44.5,25.6
z_51.0_0.0,2023,4,2023-T4,Augmentation,42.3,42.3,26.4,31.3
z_51.0_0.0,2024,1,2024-T1,Diminution,41.4,32.3,41.4,26.3
z_51.0_0.0,2024,2,2024-T2,Augmentation,38.0,38.0,30.5,31.5
z_51.0_0.0,2024,3,2024-T3,Augmentation,47.7,47.7,22.6,29.7
z_51.0_0.0,2024,4,2024-T4,Augmentation,47.1,47.1,27.6,25.2
z_51.0_0.0,2025,1,2025-T1,Augmentation,49.5,49.5,22.9,27.6
z_51.0_0.0,2025,2,2025-T2,Augmentation,53.1,53.1,23.9,23.1
z_51.0_0.0,2025,3,2025-T3,Diminution,36.0,34.0,36.0,30.0
z_51.0_0.0,2025,4,2025-T4,Diminution,35.0,34.6,35.0,30.3
z_51.0_0.0,2026,1,2026-T1,Diminution,47.2,27.5,47.2,25.4
z_51.0_0.0,2026,2,2026-T2,Augmentation,35.8,35.8,34.5,29.7
z_51.0_0.0,2026,3,2026-T3,Augmentation,45.6,45.6,28.1,26.3
z_51.0_0.0,2026,4,2026-T4,Augmentation,46.5,46.5,29.7,23.8
z_51.0_0.0,2027,1,2027-T1,Augmentation,44.3,44.3,28.0,27.7
z_51.0_0.0,2027,2,2027-T2,Augmentation,48.2,48.2,26.5,25.3
z_51.0_0.0,2027,3,2027-T3,Augmentation,48.3,48.3,28.3,23.5
z_51.0_0.0,2027,4,2027-T4,Augmentation,47.6,47.6,25.9,26.5
z_51.0_0.0,2028,1,2028-T1,Augmentation,43.6,43.6,28.2,28.1
z_51.0_0.0,2028,2,2028-T2,Augmentation,47.0,47.0,27.9,25.1
z_51.0_0.0,2028,3,2028-T3,Augmentation,49.9,49.9,27.0,23.1
z_51.0_0.0,2028,4,2028-T4,Augmentation,45.3,45.3,28.3,26.3
z_51.0_0.0,2029,1,2029-T1,Augmentation,44.2,44.2,27.9,27.9
z_51.0_0.0,2029,2,2029-T2,Augmentation,47.6,47.6,26.4,26.0
z_51.0_0.0,2029,3,2029-T3,Augmentation,49.5,49.5,26.7,23.8
z_51.0_0.0,2029,4,2029-T4,Augmentation,45.7,45.7,27.0,27.2
z_51.0_0.0,2030,1,2030-T1,Augmentation,45.0,45.0,28.1,26.9
z_51.0_0.0,2030,2,2030-T2,Augmentation,47.8,47.8,26.2,26.0
z_51.0_0.0,2030,3,2030-T3,Augmentation,49.1,49.1,26.9,24.0
z_51.0_0.0,2030,4,2030-T4,Augmentation,45.9,45.9,28.1,26.0
z_51.0_1.5,2023,1,2023-T1,Augmentation,63.9,63.9,25.0,11.1
z_51.0_1.5,2023,2,2023-T2,Augmentation,72.5,72.5,13.6,14.0
z_51.0_1.5,2023,3,2023-T3,Augmentation,60.8,60.8,25.8,13.4
z_51.0_1.5,2023,4,2023-T4,Augmentation,48.6,48.6,31.1,20.4
z_51.0_1.5,2024,1,2024-T1,Augmentation,68.1,68.1,20.0,11.9
z_51.0_1.5,2024,2,2024-T2,Augmentation,73.8,73.8,15.2,10.9
z_51.0_1.5,2024,3,2024-T3,Augmentation,61.6,61.6,21.5,17.0
z_51.0_1.5,2024,4,2024-T4,Augmentation,74.6,74.6,13.9,11.5
z_51.0_1.5,2025,1,2025-T1,Augmentation,66.1,66.1,19.0,14.9
z_51.0_1.5,2025,2,2025-T2,Augmentation,77.6,77.6,12.9,9.6
z_51.0_1.5,2025,3,2025-T3,Augmentation,70.7,70.7,19.6,9.7
z_51.0_1.5,2025,4,2025-T4,Augmentation,63.6,63.6,19.2,17.2
z_51.0_1.5,2026,1,2026-T1,Diminution,38.9,34.9,38.9,26.2
z_51.0_1.5,2026,2,2026-T2,Augmentation,39.0,39.0,32.2,28.7
z_51.0_1.5,2026,3,2026-T3,Augmentation,60.1,60.1,21.2,18.7
z_51.0_1.5,2026,4,2026-T4,Augmentation,66.2,66.2,15.8,18.0
z_51.0_1.5,2027,1,2027-T1,Augmentation,71.1,71.1,18.2,10.7
z_51.0_1.5,2027,2,2027-T2,Augmentation,79.9,79.9,11.7,8.4
z_51.0_1.5,2027,3,2027-T3,Augmentation,70.3,70.3,17.6,12.0
z_51.0_1.5,2027,4,2027-T4,Augmentation,72.1,72.1,13.0,14.9
z_51.0_1.5,2028,1,2028-T1,Augmentation,73.6,73.6,16.4,9.9
z_51.0_1.5,2028,2,2028-T2,Augmentation,81.6,81.6,10.5,7.9
z_51.0_1.5,2028,3,2028-T3,Augmentation,72.6,72.6,15.4,12.0
z_51.0_1.5,2028,4,2028-T4,Augmentation,80.9,80.9,11.6,7.5
z_51.0_1.5,2029,1,2029-T1,Augmentation,73.7,73.7,16.1,10.2
z_51.0_1.5,2029,2,2029-T2,Augmentation,81.9,81.9,10.1,8.0
z_51.0_1.5,2029,3,2029-T3,Augmentation,76.3,76.3,15.8,7.9
z_51.0_1.5,2029,4,2029-T4,Augmentation,79.0,79.0,11.8,9.3
z_51.0_1.5,2030,1,2030-T1,Augmentation,73.8,73.8,16.2,10.0
z_51.0_1.5,2030,2,2030-T2,Augmentation,82.2,82.2,10.5,7.3
z_51.0_1.5,2030,3,2030-T3,Augmentation,76.4,76.4,15.5,8.0
z_51.0_1.5,2030,4,2030-T4,Augmentation,79.4,79.4,11.7,8.9
z_51.0_3.0,2023,1,2023-T1,Augmentation,71.1,71.1,9.0,19.9
z_51.0_3.0,2023,2,2023-T2,Augmentation,76.1,76.1,6.2,17.7
z_51.0_3.0,2023,3,2023-T3,Augmentation,87.7,87.7,5.2,7.1
z_51.0_3.0,2023,4,2023-T4,Augmentation,85.9,85.9,6.2,8.0
z_51.0_3.0,2024,1,2024-T1,Augmentation,75.3,75.3,14.8,9.9
z_51.0_3.0,2024,2,2024-T2,Augmentation,85.4,85.4,10.7,4.0
z_51.0_3.0,2024,3,2024-T3,Augmentation,79.3,79.3,7.2,13.5
z_51.0_3.0,2024,4,2024-T4,Augmentation,89.9,89.9,5.2,4.9
z_51.0_3.0,2025,1,2025-T1,Augmentation,63.4,63.4,14.7,21.8
z_51.0_3.0,2025,2,2025-T2,Augmentation,74.7,74.7,6.8,18.5
z_51.0_3.0,2025,3,2025-T3,Augmentation,69.9,69.9,11.6,18.6
z_51.0_3.0,2025,4,2025-T4,Augmentation,77.8,77.8,11.6,10.6
z_51.0_3.0,2026,1,2026-T1,Augmentation,53.6,53.6,26.4,19.9
z_51.0_3.0,2026,2,2026-T2,Augmentation,58.1,58.1,21.5,20.4
z_51.0_3.0,2026,3,2026-T3,Augmentation,70.6,70.6,20.1,9.3
z_51.0_3.0,2026,4,2026-T4,Augmentation,77.7,77.7,11.7,10.6
z_51.0_3.0,2027,1,2027-T1,Augmentation,67.3,67.3,14.2,18.6
z_51.0_3.0,2027,2,2027-T2,Augmentation,81.1,81.1,10.6,8.3
z_51.0_3.0,2027,3,2027-T3,Augmentation,88.5,88.5,8.4,3.0
z_51.0_3.0,2027,4,2027-T4,Augmentation,79.9,79.9,8.4,11.7
z_51.0_3.0,2028,1,2028-T1,Augmentation,77.7,77.7,12.9,9.5
z_51.0_3.0,2028,2,2028-T2,Augmentation,73.5,73.5,9.3,17.2
z_51.0_3.0,2028,3,2028-T3,Augmentation,87.8,87.8,4.6,7.6
z_51.0_3.0,2028,4,2028-T4,Augmentation,86.6,86.6,8.7,4.7
z_51.0_3.0,2029,1,2029-T1,Augmentation,79.4,79.4,11.3,9.3
z_51.0_3.0,2029,2,2029-T2,Augmentation,83.1,83.1,9.8,7.1
z_51.0_3.0,2029,3,2029-T3,Augmentation,88.0,88.0,7.3,4.7
z_51.0_3.0,2029,4,2029-T4,Augmentation,91.8,91.8,4.2,4.0
z_51.0_3.0,2030,1,2030-T1,Augmentation,78.3,78.3,8.5,13.2
z_51.0_3.0,2030,2,2030-T2,Augmentation,74.7,74.7,8.7,16.6
z_51.0_3.0,2030,3,2030-T3,Augmentation,76.1,76.1,6.0,18.0
z_51.0_3.0,2030,4,2030-T4,Augmentation,74.5,74.5,6.5,19.0
z_52.5_-1.5,2023,1,2023-T1,Diminution,57.8,15.2,57.8,27.0
z_52.5_-1.5,2023,2,2023-T2,Diminution,57.2,17.1,57.2,25.7
z_52.5_-1.5,2023,3,2023-T3,Diminution,53.7,17.5,53.7,28.8
z_52.5_-1.5,2023,4,2023-T4,Diminution,49.1,19.8,49.1,31.2
z_52.5_-1.5,2024,1,2024-T1,Augmentation,36.3,36.3,33.8,29.9
z_52.5_-1.5,2024,2,2024-T2,Augmentation,37.9,37.9,28.5,33.6
z_52.5_-1.5,2024,3,2024-T3,Augmentation,43.7,43.7,28.1,28.2
z_52.5_-1.5,2024,4,2024-T4,Stable,34.1,33.6,32.2,34.1
z_52.5_-1.5,2025,1,2025-T1,Diminution,38.5,28.7,38.5,32.8
z_52.5_-1.5,2025,2,2025-T2,Augmentation,37.3,37.3,29.8,32.9
z_52.5_-1.5,2025,3,2025-T3,Augmentation,41.3,41.3,26.9,31.7
z_52.5_-1.5,2025,4,2025-T4,Stable,36.1,35.0,28.8,36.1
z_52.5_-1.5,2026,1,2026-T1,Stable,37.3,32.6,30.1,37.3
z_52.5_-1.5,2026,2,2026-T2,Stable,34.4,33.2,32.3,34.4
z_52.5_-1.5,2026,3,2026-T3,Stable,34.7,31.7,33.6,34.7
z_52.5_-1.5,2026,4,2026-T4,Stable,35.8,31.4,32.8,35.8
z_52.5_-1.5,2027,1,2027-T1,Stable,37.0,32.1,30.9,37.0
z_52.5_-1.5,2027,2,2027-T2,Stable,35.4,32.9,31.8,35.4
z_52.5_-1.5,2027,3,2027-T3,Augmentation,36.3,36.3,28.4,35.3
z_52.5_-1.5,2027,4,2027-T4,Stable,36.3,35.4,28.3,36.3
z_52.5_-1.5,2028,1,2028-T1,Stable,36.5,31.8,31.7,36.5
z_52.5_-1.5,2028,2,2028-T2,Stable,35.6,35.2,29.2,35.6
z_52.5_-1.5,2028,3,2028-T3,Stable,35.2,33.9,30.9,35.2
z_52.5_-1.5,2028,4,2028-T4,Stable,36.1,33.7,30.2,36.1
z_52.5_-1.5,2029,1,2029-T1,Stable,36.8,34.2,29.0,36.8
z_52.5_-1.5,2029,2,2029-T2,Stable,35.9,33.5,30.6,35.9
z_52.5_-1.5,2029,3,2029-T3,Stable,35.4,34.6,30.0,35.4
z_52.5_-1.5,2029,4,2029-T4,Stable,36.6,33.0,30.4,36.6
z_52.5_-1.5,2030,1,2030-T1,Stable,37.2,32.0,30.7,37.2
z_52.5_-1.5,2030,2,2030-T2,Stable,36.5,33.4,30.2,36.5
z_52.5_-1.5,2030,3,2030-T3,Stable,35.6,34.2,30.1,35.6
z_52.5_-1.5,2030,4,2030-T4,Stable,36.6,33.5,29.9,36.6
z_52.5_-10.5,2023,1,2023-T1,Stable,48.1,26.9,25.0,48.1
z_52.5_-10.5,2023,2,2023-T2,Stable,44.3,17.6,38.1,44.3
z_52.5_-10.5,2023,3,2023-T3,Stable,45.7,11.5,42.8,45.7
z_52.5_-10.5,2023,4,2023-T4,Stable,47.0,9.8,43.2,47.0
z_52.5_-10.5,2024,1,2024-T1,Diminution,51.2,10.9,51.2,37.9
z_52.5_-10.5,2024,2,2024-T2,Diminution,45.0,10.2,45.0,44.8
z_52.5_-10.5,2024,3,2024-T3,Diminution,45.3,12.9,45.3,41.8
z_52.5_-10.5,2024,4,2024-T4,Stable,53.6,16.3,30.1,53.6
z_52.5_-10.5,2025,1,2025-T1,Diminution,42.6,19.2,42.6,38.2
z_52.5_-10.5,2025,2,2025-T2,Stable,52.3,16.5,31.2,52.3
z_52.5_-10.5,2025,3,2025-T3,Stable,45.6,28.8,25.5,45.6
z_52.5_-10.5,2025,4,2025-T4,Stable,48.8,21.2,30.0,48.8
z_52.5_-10.5,2026,1,2026-T1,Stable,46.7,20.2,33.2,46.7
z_52.5_-10.5,2026,2,2026-T2,Stable,53.3,11.1,35.7,53.3
z_52.5_-10.5,2026,3,2026-T3,Diminution,45.5,9.1,45.5,45.4
z_52.5_-10.5,2026,4,2026-T4,Diminution,48.5,18.0,48.5,33.5
z_52.5_-10.5,2027,1,2027-T1,Diminution,46.7,8.1,46.7,45.2
z_52.5_-10.5,2027,2,2027-T2,Stable,52.7,12.1,35.2,52.7
z_52.5_-10.5,2027,3,2027-T3,Stable,46.4,10.4,43.2,46.4
z_52.5_-10.5,2027,4,2027-T4,Diminution,47.9,16.2,47.9,35.9
z_52.5_-10.5,2028,1,2028-T1,Diminution,48.9,9.5,48.9,41.5
z_52.5_-10.5,2028,2,2028-T2,Stable,50.3,9.4,40.4,50.3
z_52.5_-10.5,2028,3,2028-T3,Diminution,51.8,11.0,51.8,37.2
z_52.5_-10.5,2028,4,2028-T4,Diminution,51.0,12.0,51.0,37.0
z_52.5_-10.5,2029,1,2029-T1,Diminution,53.8,11.1,53.8,35.1
z_52.5_-10.5,2029,2,2029-T2,Diminution,46.0,15.7,46.0,38.3
z_52.5_-10.5,2029,3,2029-T3,Diminution,46.5,15.4,46.5,38.1
z_52.5_-10.5,2029,4,2029-T4,Diminution,51.0,12.0,51.0,37.0
z_52.5_-10.5,2030,1,2030-T1,Diminution,50.0,13.7,50.0,36.3
z_52.5_-10.5,2030,2,2030-T2,Diminution,43.7,14.4,43.7,41.9
z_52.5_-10.5,2030,3,2030-T3,Diminution,51.8,10.4,51.8,37.8
z_52.5_-10.5,2030,4,2030-T4,Diminution,51.0,12.0,51.0,37.0
z_52.5_-12.0,2023,1,2023-T1,Diminution,47.9,7.5,47.9,44.7
z_52.5_-12.0,2023,2,2023-T2,Diminution,64.8,7.6,64.8,27.6
z_52.5_-12.0,2023,3,2023-T3,Diminution,66.5,4.9,66.5,28.7
z_52.5_-12.0,2023,4,2023-T4,Diminution,64.2,4.1,64.2,31.7
z_52.5_-12.0,2024,1,2024-T1,Diminution,59.9,7.1,59.9,32.9
z_52.5_-12.0,2024,2,2024-T2,Diminution,55.4,7.5,55.4,37.1
z_52.5_-12.0,2024,3,2024-T3,Diminution,57.4,3.6,57.4,38.9
z_52.5_-12.0,2024,4,2024-T4,Diminution,71.2,5.0,71.2,23.8
z_52.5_-12.0,2025,1,2025-T1,Diminution,51.8,8.9,51.8,39.3
z_52.5_-12.0,2025,2,2025-T2,Diminution,64.7,6.8,64.7,28.6
z_52.5_-12.0,2025,3,2025-T3,Diminution,64.4,3.9,64.4,31.7
z_52.5_-12.0,2025,4,2025-T4,Diminution,63.7,4.2,63.7,32.1
z_52.5_-12.0,2026,1,2026-T1,Diminution,53.8,6.1,53.8,40.1
z_52.5_-12.0,2026,2,2026-T2,Diminution,64.7,6.8,64.7,28.6
z_52.5_-12.0,2026,3,2026-T3,Diminution,69.1,4.6,69.1,26.3
z_52.5_-12.0,2026,4,2026-T4,Diminution,70.9,3.8,70.9,25.3
z_52.5_-12.0,2027,1,2027-T1,Diminution,55.8,6.7,55.8,37.4
z_52.5_-12.0,2027,2,2027-T2,Diminution,64.7,6.8,64.7,28.6
z_52.5_-12.0,2027,3,2027-T3,Diminution,62.5,4.0,62.5,33.5
z_52.5_-12.0,2027,4,2027-T4,Diminution,70.9,3.8,70.9,25.3
z_52.5_-12.0,2028,1,2028-T1,Diminution,59.9,7.1,59.9,32.9
z_52.5_-12.0,2028,2,2028-T2,Diminution,64.7,6.8,64.7,28.6
z_52.5_-12.0,2028,3,2028-T3,Diminution,70.5,3.4,70.5,26.1
z_52.5_-12.0,2028,4,2028-T4,Diminution,70.9,3.8,70.9,25.3
z_52.5_-12.0,2029,1,2029-T1,Diminution,56.7,7.7,56.7,35.6
z_52.5_-12.0,2029,2,2029-T2,Diminution,64.7,6.8,64.7,28.6
z_52.5_-12.0,2029,3,2029-T3,Diminution,70.5,3.4,70.5,26.1
z_52.5_-12.0,2029,4,2029-T4,Diminution,70.9,3.8,70.9,25.3
z_52.5_-12.0,2030,1,2030-T1,Diminution,60.8,6.7,60.8,32.5
z_52.5_-12.0,2030,2,2030-T2,Diminution,64.7,6.8,64.7,28.6
z_52.5_-12.0,2030,3,2030-T3,Diminution,70.5,3.4,70.5,26.1
z_52.5_-12.0,2030,4,2030-T4,Diminution,70.9,3.8,70.9,25.3
z_52.5_-13.5,2023,1,2023-T1,Diminution,51.0,8.8,51.0,40.2
z_52.5_-13.5,2023,2,2023-T2,Diminution,69.3,4.0,69.3,26.7
z_52.5_-13.5,2023,3,2023-T3,Diminution,82.9,3.0,82.9,14.1
z_52.5_-13.5,2023,4,2023-T4,Diminution,54.4,12.7,54.4,32.9
z_52.5_-13.5,2024,1,2024-T1,Diminution,59.1,7.2,59.1,33.7
z_52.5_-13.5,2024,2,2024-T2,Diminution,69.3,4.0,69.3,26.7
z_52.5_-13.5,2024,3,2024-T3,Diminution,83.8,2.3,83.8,13.9
z_52.5_-13.5,2024,4,2024-T4,Diminution,50.0,14.4,50.0,35.7
z_52.5_-13.5,2025,1,2025-T1,Diminution,47.1,11.6,47.1,41.3
z_52.5_-13.5,2025,2,2025-T2,Diminution,61.6,4.2,61.6,34.2
z_52.5_-13.5,2025,3,2025-T3,Diminution,82.1,2.7,82.1,15.2
z_52.5_-13.5,2025,4,2025-T4,Diminution,41.8,18.5,41.8,39.7
z_52.5_-13.5,2026,1,2026-T1,Diminution,50.2,9.1,50.2,40.7
z_52.5_-13.5,2026,2,2026-T2,Diminution,71.8,4.0,71.8,24.2
z_52.5_-13.5,2026,3,2026-T3,Diminution,66.1,6.4,66.1,27.4
z_52.5_-13.5,2026,4,2026-T4,Diminution,50.6,11.8,50.6,37.6
z_52.5_-13.5,2027,1,2027-T1,Diminution,59.2,7.1,59.2,33.7
z_52.5_-13.5,2027,2,2027-T2,Diminution,69.3,4.0,69.3,26.7
z_52.5_-13.5,2027,3,2027-T3,Diminution,84.0,2.8,84.0,13.2
z_52.5_-13.5,2027,4,2027-T4,Diminution,50.9,12.3,50.9,36.7
z_52.5_-13.5,2028,1,2028-T1,Diminution,59.2,7.1,59.2,33.7
z_52.5_-13.5,2028,2,2028-T2,Diminution,69.3,4.0,69.3,26.7
z_52.5_-13.5,2028,3,2028-T3,Diminution,84.3,2.1,84.3,13.6
z_52.5_-13.5,2028,4,2028-T4,Diminution,54.4,12.7,54.4,32.9
z_52.5_-13.5,2029,1,2029-T1,Diminution,59.2,7.1,59.2,33.7
z_52.5_-13.5,2029,2,2029-T2,Diminution,69.3,4.0,69.3,26.7
z_52.5_-13.5,2029,3,2029-T3,Diminution,86.8,2.5,86.8,10.7
z_52.5_-13.5,2029,4,2029-T4,Diminution,50.0,14.4,50.0,35.7
z_52.5_-13.5,2030,1,2030-T1,Diminution,59.2,7.1,59.2,33.7
z_52.5_-13.5,2030,2,2030-T2,Diminution,69.3,4.0,69.3,26.7
z_52.5_-13.5,2030,3,2030-T3,Diminution,77.0,3.0,77.0,20.1
z_52.5_-13.5,2030,4,2030-T4,Diminution,54.3,13.2,54.3,32.4
z_52.5_-15.0,2023,1,2023-T1,Diminution,46.0,13.8,46.0,40.3
z_52.5_-15.0,2023,2,2023-T2,Diminution,74.6,2.7,74.6,22.7
z_52.5_-15.0,2023,3,2023-T3,Diminution,77.9,2.9,77.9,19.2
z_52.5_-15.0,2023,4,2023-T4,Diminution,57.9,7.0,57.9,35.1
z_52.5_-15.0,2024,1,2024-T1,Diminution,55.8,12.2,55.8,32.1
z_52.5_-15.0,2024,2,2024-T2,Diminution,74.6,2.7,74.6,22.7
z_52.5_-15.0,2024,3,2024-T3,Diminution,77.9,2.9,77.9,19.2
z_52.5_-15.0,2024,4,2024-T4,Diminution,63.6,8.1,63.6,28.2
z_52.5_-15.0,2025,1,2025-T1,Diminution,51.0,13.3,51.0,35.7
z_52.5_-15.0,2025,2,2025-T2,Diminution,60.1,2.7,60.1,37.3
z_52.5_-15.0,2025,3,2025-T3,Diminution,68.7,4.1,68.7,27.2
z_52.5_-15.0,2025,4,2025-T4,Diminution,47.3,13.2,47.3,39.5
z_52.5_-15.0,2026,1,2026-T1,Diminution,43.4,19.7,43.4,36.9
z_52.5_-15.0,2026,2,2026-T2,Diminution,75.6,3.3,75.6,21.1
z_52.5_-15.0,2026,3,2026-T3,Diminution,73.1,4.1,73.1,22.8
z_52.5_-15.0,2026,4,2026-T4,Diminution,65.3,7.6,65.3,27.1
z_52.5_-15.0,2027,1,2027-T1,Diminution,48.3,10.2,48.3,41.6
z_52.5_-15.0,2027,2,2027-T2,Diminution,74.6,2.7,74.6,22.7
z_52.5_-15.0,2027,3,2027-T3,Diminution,73.9,3.2,73.9,22.9
z_52.5_-15.0,2027,4,2027-T4,Diminution,65.3,7.6,65.3,27.1
z_52.5_-15.0,2028,1,2028-T1,Diminution,49.4,11.9,49.4,38.7
z_52.5_-15.0,2028,2,2028-T2,Diminution,74.6,2.7,74.6,22.7
z_52.5_-15.0,2028,3,2028-T3,Diminution,70.1,3.2,70.1,26.7
z_52.5_-15.0,2028,4,2028-T4,Diminution,65.3,7.6,65.3,27.1
z_52.5_-15.0,2029,1,2029-T1,Diminution,55.8,12.2,55.8,32.1
z_52.5_-15.0,2029,2,2029-T2,Diminution,74.6,2.7,74.6,22.7
z_52.5_-15.0,2029,3,2029-T3,Diminution,76.4,3.7,76.4,20.0
z_52.5_-15.0,2029,4,2029-T4,Diminution,65.3,7.6,65.3,27.1
z_52.5_-15.0,2030,1,2030-T1,Diminution,51.0,13.3,51.0,35.7
z_52.5_-15.0,2030,2,2030-T2,Diminution,74.6,2.7,74.6,22.7
z_52.5_-15.0,2030,3,2030-T3,Diminution,66.3,3.3,66.3,30.4
z_52.5_-15.0,2030,4,2030-T4,Diminution,65.3,7.6,65.3,27.1
z_52.5_-4.5,2023,1,2023-T1,Diminution,67.3,12.1,67.3,20.6
z_52.5_-4.5,2023,2,2023-T2,Diminution,60.6,14.3,60.6,25.1
z_52.5_-4.5,2023,3,2023-T3,Diminution,55.8,14.2,55.8,30.0
z_52.5_-4.5,2023,4,2023-T4,Diminution,47.2,22.3,47.2,30.5
z_52.5_-4.5,2024,1,2024-T1,Diminution,41.5,24.4,41.5,34.1
z_52.5_-4.5,2024,2,2024-T2,Diminution,39.9,26.1,39.9,34.0
z_52.5_-4.5,2024,3,2024-T3,Diminution,35.7,34.0,35.7,30.3
z_52.5_-4.5,2024,4,2024-T4,Diminution,38.1,25.0,38.1,36.8
z_52.5_-4.5,2025,1,2025-T1,Stable,40.0,27.1,32.9,40.0
z_52.5_-4.5,2025,2,2025-T2,Stable,35.5,29.7,34.8,35.5
z_52.5_-4.5,2025,3,2025-T3,Diminution,45.2,19.8,45.2,35.0
z_52.5_-4.5,2025,4,2025-T4,Diminution,38.7,24.1,38.7,37.2
z_52.5_-4.5,2026,1,2026-T1,Diminution,40.2,26.8,40.2,33.0
z_52.5_-4.5,2026,2,2026-T2,Diminution,38.1,24.9,38.1,37.0
z_52.5_-4.5,2026,3,2026-T3,Diminution,37.9,24.9,37.9,37.2
z_52.5_-4.5,2026,4,2026-T4,Diminution,38.3,26.0,38.3,35.7
z_52.5_-4.5,2027,1,2027-T1,Diminution,38.8,24.9,38.8,36.4
z_52.5_-4.5,2027,2,2027-T2,Stable,39.4,23.2,37.4,39.4
z_52.5_-4.5,2027,3,2027-T3,Diminution,38.6,24.0,38.6,37.5
z_52.5_-4.5,2027,4,2027-T4,Diminution,39.9,23.5,39.9,36.6
z_52.5_-4.5,2028,1,2028-T1,Stable,37.4,25.6,37.1,37.4
z_52.5_-4.5,2028,2,2028-T2,Stable,39.2,22.3,38.5,39.2
z_52.5_-4.5,2028,3,2028-T3,Diminution,38.5,24.4,38.5,37.1
z_52.5_-4.5,2028,4,2028-T4,Diminution,37.4,25.5,37.4,37.2
z_52.5_-4.5,2029,1,2029-T1,Stable,38.7,24.2,37.1,38.7
z_52.5_-4.5,2029,2,2029-T2,Stable,38.5,23.4,38.1,38.5
z_52.5_-4.5,2029,3,2029-T3,Diminution,38.1,24.3,38.1,37.6
z_52.5_-4.5,2029,4,2029-T4,Diminution,38.4,23.8,38.4,37.8
z_52.5_-4.5,2030,1,2030-T1,Stable,39.0,23.6,37.4,39.0
z_52.5_-4.5,2030,2,2030-T2,Stable,38.7,23.1,38.2,38.7
z_52.5_-4.5,2030,3,2030-T3,Diminution,38.3,24.0,38.3,37.7
z_52.5_-4.5,2030,4,2030-T4,Stable,38.4,23.4,38.3,38.4
z_52.5_-6.0,2023,1,2023-T1,Augmentation,50.3,50.3,17.2,32.6
z_52.5_-6.0,2023,2,2023-T2,Augmentation,49.3,49.3,19.8,30.9
z_52.5_-6.0,2023,3,2023-T3,Augmentation,36.0,36.0,30.5,33.5
z_52.5_-6.0,2023,4,2023-T4,Stable,39.0,32.8,28.2,39.0
z_52.5_-6.0,2024,1,2024-T1,Augmentation,42.0,42.0,22.8,35.3
z_52.5_-6.0,2024,2,2024-T2,Augmentation,40.3,40.3,24.4,35.3
z_52.5_-6.0,2024,3,2024-T3,Augmentation,53.0,53.0,23.3,23.6
z_52.5_-6.0,2024,4,2024-T4,Augmentation,54.7,54.7,17.2,28.1
z_52.5_-6.0,2025,1,2025-T1,Augmentation,62.3,62.3,11.4,26.3
z_52.5_-6.0,2025,2,2025-T2,Augmentation,64.8,64.8,12.9,22.3
z_52.5_-6.0,2025,3,2025-T3,Augmentation,48.5,48.5,16.8,34.7
z_52.5_-6.0,2025,4,2025-T4,Stable,40.0,39.4,20.6,40.0
z_52.5_-6.0,2026,1,2026-T1,Stable,39.2,31.0,29.8,39.2
z_52.5_-6.0,2026,2,2026-T2,Stable,40.6,27.9,31.5,40.6
z_52.5_-6.0,2026,3,2026-T3,Stable,38.0,24.1,37.9,38.0
z_52.5_-6.0,2026,4,2026-T4,Stable,37.8,34.8,27.5,37.8
z_52.5_-6.0,2027,1,2027-T1,Stable,42.1,30.1,27.8,42.1
z_52.5_-6.0,2027,2,2027-T2,Stable,40.1,31.1,28.8,40.1
z_52.5_-6.0,2027,3,2027-T3,Stable,36.3,30.3,33.4,36.3
z_52.5_-6.0,2027,4,2027-T4,Stable,38.7,32.2,29.1,38.7
z_52.5_-6.0,2028,1,2028-T1,Stable,42.7,33.4,23.9,42.7
z_52.5_-6.0,2028,2,2028-T2,Stable,41.5,30.7,27.9,41.5
z_52.5_-6.0,2028,3,2028-T3,Stable,38.8,30.8,30.4,38.8
z_52.5_-6.0,2028,4,2028-T4,Stable,41.9,30.0,28.1,41.9
z_52.5_-6.0,2029,1,2029-T1,Stable,43.7,30.0,26.4,43.7
z_52.5_-6.0,2029,2,2029-T2,Stable,43.0,31.1,25.9,43.0
z_52.5_-6.0,2029,3,2029-T3,Stable,38.5,30.4,31.1,38.5
z_52.5_-6.0,2029,4,2029-T4,Stable,43.8,29.3,26.9,43.8
z_52.5_-6.0,2030,1,2030-T1,Stable,44.1,29.5,26.4,44.1
z_52.5_-6.0,2030,2,2030-T2,Stable,43.5,29.0,27.6,43.5
z_52.5_-6.0,2030,3,2030-T3,Stable,38.4,29.6,32.0,38.4
z_52.5_-6.0,2030,4,2030-T4,Stable,42.4,29.1,28.5,42.4
z_52.5_-7.5,2023,1,2023-T1,Augmentation,47.9,47.9,17.8,34.3
z_52.5_-7.5,2023,2,2023-T2,Augmentation,41.7,41.7,19.4,39.0
z_52.5_-7.5,2023,3,2023-T3,Stable,51.5,30.3,18.2,51.5
z_52.5_-7.5,2023,4,2023-T4,Stable,48.9,37.0,14.1,48.9
z_52.5_-7.5,2024,1,2024-T1,Augmentation,45.0,45.0,19.4,35.6
z_52.5_-7.5,2024,2,2024-T2,Stable,42.8,34.0,23.2,42.8
z_52.5_-7.5,2024,3,2024-T3,Augmentation,40.8,40.8,22.3,37.0
z_52.5_-7.5,2024,4,2024-T4,Stable,44.0,43.3,12.7,44.0
z_52.5_-7.5,2025,1,2025-T1,Augmentation,59.1,59.1,14.7,26.2
z_52.5_-7.5,2025,2,2025-T2,Augmentation,60.3,60.3,11.4,28.2
z_52.5_-7.5,2025,3,2025-T3,Augmentation,60.6,60.6,13.9,25.5
z_52.5_-7.5,2025,4,2025-T4,Stable,45.3,42.5,12.2,45.3
z_52.5_-7.5,2026,1,2026-T1,Augmentation,41.6,41.6,25.7,32.7
z_52.5_-7.5,2026,2,2026-T2,Augmentation,45.7,45.7,20.3,34.0
z_52.5_-7.5,2026,3,2026-T3,Augmentation,48.7,48.7,16.5,34.8
z_52.5_-7.5,2026,4,2026-T4,Augmentation,52.4,52.4,12.0,35.6
z_52.5_-7.5,2027,1,2027-T1,Augmentation,59.1,59.1,14.7,26.1
z_52.5_-7.5,2027,2,2027-T2,Augmentation,48.1,48.1,16.8,35.0
z_52.5_-7.5,2027,3,2027-T3,Augmentation,56.2,56.2,14.9,28.9
z_52.5_-7.5,2027,4,2027-T4,Augmentation,50.9,50.9,12.7,36.4
z_52.5_-7.5,2028,1,2028-T1,Augmentation,55.6,55.6,15.9,28.5
z_52.5_-7.5,2028,2,2028-T2,Augmentation,51.8,51.8,15.6,32.6
z_52.5_-7.5,2028,3,2028-T3,Augmentation,56.0,56.0,14.8,29.1
z_52.5_-7.5,2028,4,2028-T4,Augmentation,53.3,53.3,11.5,35.2
z_52.5_-7.5,2029,1,2029-T1,Augmentation,58.4,58.4,14.5,27.1
z_52.5_-7.5,2029,2,2029-T2,Augmentation,50.8,50.8,16.3,32.8
z_52.5_-7.5,2029,3,2029-T3,Augmentation,57.6,57.6,14.2,28.2
z_52.5_-7.5,2029,4,2029-T4,Augmentation,54.2,54.2,12.5,33.3
z_52.5_-7.5,2030,1,2030-T1,Augmentation,60.0,60.0,14.4,25.6
z_52.5_-7.5,2030,2,2030-T2,Augmentation,55.4,55.4,14.7,29.9
z_52.5_-7.5,2030,3,2030-T3,Augmentation,58.7,58.7,14.2,27.1
z_52.5_-7.5,2030,4,2030-T4,Augmentation,54.3,54.3,12.0,33.7
z_52.5_0.0,2023,1,2023-T1,Diminution,48.9,22.6,48.9,28.5
z_52.5_0.0,2023,2,2023-T2,Diminution,47.6,24.2,47.6,28.2
z_52.5_0.0,2023,3,2023-T3,Diminution,41.3,28.0,41.3,30.7
z_52.5_0.0,2023,4,2023-T4,Augmentation,37.5,37.5,31.9,30.6
z_52.5_0.0,2024,1,2024-T1,Diminution,44.5,24.7,44.5,30.8
z_52.5_0.0,2024,2,2024-T2,Diminution,46.6,22.7,46.6,30.7
z_52.5_0.0,2024,3,2024-T3,Diminution,42.5,26.5,42.5,31.1
z_52.5_0.0,2024,4,2024-T4,Diminution,48.8,24.3,48.8,26.8
z_52.5_0.0,2025,1,2025-T1,Diminution,34.6,32.4,34.6,33.0
z_52.5_0.0,2025,2,2025-T2,Augmentation,39.9,39.9,22.6,37.6
z_52.5_0.0,2025,3,2025-T3,Augmentation,35.7,35.7,29.2,35.1
z_52.5_0.0,2025,4,2025-T4,Stable,39.8,39.3,20.9,39.8
z_52.5_0.0,2026,1,2026-T1,Augmentation,43.9,43.9,22.0,34.2
z_52.5_0.0,2026,2,2026-T2,Augmentation,36.5,36.5,29.7,33.9
z_52.5_0.0,2026,3,2026-T3,Stable,38.5,32.6,29.0,38.5
z_52.5_0.0,2026,4,2026-T4,Stable,34.9,34.5,30.7,34.9
z_52.5_0.0,2027,1,2027-T1,Augmentation,34.9,34.9,30.7,34.4
z_52.5_0.0,2027,2,2027-T2,Stable,35.9,35.0,29.1,35.9
z_52.5_0.0,2027,3,2027-T3,Augmentation,34.5,34.5,31.2,34.3
z_52.5_0.0,2027,4,2027-T4,Stable,35.1,33.2,31.7,35.1
z_52.5_0.0,2028,1,2028-T1,Stable,34.9,34.0,31.1,34.9
z_52.5_0.0,2028,2,2028-T2,Augmentation,37.4,37.4,26.5,36.1
z_52.5_0.0,2028,3,2028-T3,Augmentation,36.4,36.4,31.5,32.1
z_52.5_0.0,2028,4,2028-T4,Augmentation,36.3,36.3,27.8,35.9
z_52.5_0.0,2029,1,2029-T1,Augmentation,36.1,36.1,27.9,36.0
z_52.5_0.0,2029,2,2029-T2,Augmentation,35.7,35.7,28.8,35.6
z_52.5_0.0,2029,3,2029-T3,Augmentation,35.7,35.7,29.3,35.0
z_52.5_0.0,2029,4,2029-T4,Stable,36.2,34.1,29.7,36.2
z_52.5_0.0,2030,1,2030-T1,Stable,37.2,33.9,29.0,37.2
z_52.5_0.0,2030,2,2030-T2,Stable,36.1,35.2,28.7,36.1
z_52.5_0.0,2030,3,2030-T3,Stable,36.5,34.3,29.2,36.5
z_52.5_0.0,2030,4,2030-T4,Stable,36.0,34.1,29.9,36.0
z_52.5_1.5,2023,1,2023-T1,Diminution,39.0,22.7,39.0,38.3
z_52.5_1.5,2023,2,2023-T2,Stable,48.8,33.4,17.8,48.8
z_52.5_1.5,2023,3,2023-T3,Diminution,47.1,22.1,47.1,30.8
z_52.5_1.5,2023,4,2023-T4,Diminution,50.8,18.5,50.8,30.7
z_52.5_1.5,2024,1,2024-T1,Diminution,60.7,15.5,60.7,23.8
z_52.5_1.5,2024,2,2024-T2,Stable,53.7,16.9,29.4,53.7
z_52.5_1.5,2024,3,2024-T3,Diminution,61.3,14.7,61.3,24.0
z_52.5_1.5,2024,4,2024-T4,Diminution,51.5,14.9,51.5,33.6
z_52.5_1.5,2025,1,2025-T1,Diminution,53.3,18.5,53.3,28.2
z_52.5_1.5,2025,2,2025-T2,Stable,50.5,26.0,23.5,50.5
z_52.5_1.5,2025,3,2025-T3,Diminution,44.8,23.1,44.8,32.1
z_52.5_1.5,2025,4,2025-T4,Diminution,39.2,23.1,39.2,37.7
z_52.5_1.5,2026,1,2026-T1,Diminution,43.2,20.8,43.2,36.0
z_52.5_1.5,2026,2,2026-T2,Diminution,43.9,14.6,43.9,41.5
z_52.5_1.5,2026,3,2026-T3,Diminution,61.4,10.9,61.4,27.8
z_52.5_1.5,2026,4,2026-T4,Diminution,70.7,10.6,70.7,18.7
z_52.5_1.5,2027,1,2027-T1,Diminution,67.7,8.8,67.7,23.5
z_52.5_1.5,2027,2,2027-T2,Diminution,45.7,13.6,45.7,40.7
z_52.5_1.5,2027,3,2027-T3,Diminution,67.5,9.4,67.5,23.0
z_52.5_1.5,2027,4,2027-T4,Diminution,67.8,11.3,67.8,21.0
z_52.5_1.5,2028,1,2028-T1,Diminution,64.1,10.1,64.1,25.8
z_52.5_1.5,2028,2,2028-T2,Diminution,48.0,12.2,48.0,39.9
z_52.5_1.5,2028,3,2028-T3,Diminution,68.8,8.9,68.8,22.4
z_52.5_1.5,2028,4,2028-T4,Diminution,69.0,12.0,69.0,19.0
z_52.5_1.5,2029,1,2029-T1,Diminution,65.7,9.7,65.7,24.6
z_52.5_1.5,2029,2,2029-T2,Diminution,48.0,12.2,48.0,39.9
z_52.5_1.5,2029,3,2029-T3,Diminution,69.9,9.9,69.9,20.2
z_52.5_1.5,2029,4,2029-T4,Diminution,69.0,12.0,69.0,19.0
z_52.5_1.5,2030,1,2030-T1,Diminution,61.7,12.2,61.7,26.1
z_52.5_1.5,2030,2,2030-T2,Diminution,48.0,12.2,48.0,39.9
z_52.5_1.5,2030,3,2030-T3,Diminution,65.3,10.9,65.3,23.8
z_52.5_1.5,2030,4,2030-T4,Diminution,69.0,12.0,69.0,19.0
z_52.5_13.5,2023,1,2023-T1,Augmentation,45.3,45.3,21.2,33.5
z_52.5_13.5,2023,2,2023-T2,Augmentation,53.1,53.1,19.7,27.3
z_52.5_13.5,2023,3,2023-T3,Augmentation,60.4,60.4,14.5,25.0
z_52.5_13.5,2023,4,2023-T4,Augmentation,66.6,66.6,15.3,18.1
z_52.5_13.5,2024,1,2024-T1,Augmentation,56.1,56.1,15.2,28.8
z_52.5_13.5,2024,2,2024-T2,Augmentation,60.0,60.0,9.5,30.5
z_52.5_13.5,2024,3,2024-T3,Augmentation,67.5,67.5,13.9,18.6
z_52.5_13.5,2024,4,2024-T4,Augmentation,47.9,47.9,23.4,28.7
z_52.5_13.5,2025,1,2025-T1,Stable,42.3,37.1,20.6,42.3
z_52.5_13.5,2025,2,2025-T2,Augmentation,65.4,65.4,15.3,19.4
z_52.5_13.5,2025,3,2025-T3,Augmentation,63.4,63.4,16.5,20.1
z_52.5_13.5,2025,4,2025-T4,Augmentation,58.5,58.5,17.4,24.2
z_52.5_13.5,2026,1,2026-T1,Stable,34.6,33.5,31.9,34.6
z_52.5_13.5,2026,2,2026-T2,Augmentation,40.5,40.5,28.3,31.1
z_52.5_13.5,2026,3,2026-T3,Augmentation,48.3,48.3,25.9,25.8
z_52.5_13.5,2026,4,2026-T4,Augmentation,61.6,61.6,16.4,22.0
z_52.5_13.5,2027,1,2027-T1,Augmentation,47.5,47.5,20.9,31.7
z_52.5_13.5,2027,2,2027-T2,Augmentation,62.8,62.8,16.1,21.1
z_52.5_13.5,2027,3,2027-T3,Augmentation,64.7,64.7,15.9,19.4
z_52.5_13.5,2027,4,2027-T4,Augmentation,61.6,61.6,16.1,22.3
z_52.5_13.5,2028,1,2028-T1,Augmentation,43.8,43.8,21.0,35.2
z_52.5_13.5,2028,2,2028-T2,Augmentation,62.7,62.7,15.0,22.3
z_52.5_13.5,2028,3,2028-T3,Augmentation,62.3,62.3,16.1,21.6
z_52.5_13.5,2028,4,2028-T4,Augmentation,61.8,61.8,16.3,22.0
z_52.5_13.5,2029,1,2029-T1,Augmentation,42.9,42.9,21.5,35.6
z_52.5_13.5,2029,2,2029-T2,Augmentation,63.0,63.0,14.8,22.2
z_52.5_13.5,2029,3,2029-T3,Augmentation,62.8,62.8,14.7,22.5
z_52.5_13.5,2029,4,2029-T4,Augmentation,61.2,61.2,15.7,23.1
z_52.5_13.5,2030,1,2030-T1,Augmentation,47.8,47.8,19.7,32.4
z_52.5_13.5,2030,2,2030-T2,Augmentation,64.6,64.6,14.3,21.2
z_52.5_13.5,2030,3,2030-T3,Augmentation,63.8,63.8,15.4,20.8
z_52.5_13.5,2030,4,2030-T4,Augmentation,61.1,61.1,16.1,22.7
z_52.5_3.0,2023,1,2023-T1,Diminution,35.1,32.2,35.1,32.7
z_52.5_3.0,2023,2,2023-T2,Stable,47.4,38.7,13.9,47.4
z_52.5_3.0,2023,3,2023-T3,Augmentation,52.3,52.3,11.1,36.6
z_52.5_3.0,2023,4,2023-T4,Augmentation,55.3,55.3,20.1,24.6
z_52.5_3.0,2024,1,2024-T1,Stable,37.5,33.4,29.1,37.5
z_52.5_3.0,2024,2,2024-T2,Stable,52.1,31.4,16.5,52.1
z_52.5_3.0,2024,3,2024-T3,Stable,49.7,34.5,15.8,49.7
z_52.5_3.0,2024,4,2024-T4,Stable,41.2,28.6,30.3,41.2
z_52.5_3.0,2025,1,2025-T1,Stable,35.7,29.0,35.3,35.7
z_52.5_3.0,2025,2,2025-T2,Stable,51.3,30.1,18.6,51.3
z_52.5_3.0,2025,3,2025-T3,Stable,58.2,25.7,16.1,58.2
z_52.5_3.0,2025,4,2025-T4,Stable,43.1,23.3,33.7,43.1
z_52.5_3.0,2026,1,2026-T1,Diminution,38.7,28.7,38.7,32.6
z_52.5_3.0,2026,2,2026-T2,Stable,52.2,27.9,19.9,52.2
z_52.5_3.0,2026,3,2026-T3,Stable,55.4,27.3,17.3,55.4
z_52.5_3.0,2026,4,2026-T4,Stable,43.5,26.1,30.5,43.5
z_52.5_3.0,2027,1,2027-T1,Stable,36.7,27.2,36.1,36.7
z_52.5_3.0,2027,2,2027-T2,Stable,60.1,21.0,18.9,60.1
z_52.5_3.0,2027,3,2027-T3,Stable,56.6,26.0,17.5,56.6
z_52.5_3.0,2027,4,2027-T4,Stable,42.4,25.3,32.3,42.4
z_52.5_3.0,2028,1,2028-T1,Stable,38.9,26.0,35.1,38.9
z_52.5_3.0,2028,2,2028-T2,Stable,58.0,25.2,16.8,58.0
z_52.5_3.0,2028,3,2028-T3,Stable,56.8,26.4,16.7,56.8
z_52.5_3.0,2028,4,2028-T4,Stable,44.4,24.5,31.0,44.4
z_52.5_3.0,2029,1,2029-T1,Stable,38.9,25.0,36.1,38.9
z_52.5_3.0,2029,2,2029-T2,Stable,60.5,22.1,17.3,60.5
z_52.5_3.0,2029,3,2029-T3,Stable,56.1,27.2,16.7,56.1
z_52.5_3.0,2029,4,2029-T4,Stable,44.4,24.5,31.0,44.4
z_52.5_3.0,2030,1,2030-T1,Stable,39.9,24.0,36.1,39.9
z_52.5_3.0,2030,2,2030-T2,Stable,61.5,21.5,16.9,61.5
z_52.5_3.0,2030,3,2030-T3,Stable,57.3,26.0,16.7,57.3
z_52.5_3.0,2030,4,2030-T4,Stable,44.4,24.5,31.0,44.4
z_52.5_4.5,2023,1,2023-T1,Augmentation,51.5,51.5,19.5,29.0
z_52.5_4.5,2023,2,2023-T2,Augmentation,64.1,64.1,10.8,25.2
z_52.5_4.5,2023,3,2023-T3,Augmentation,77.5,77.5,8.6,13.9
z_52.5_4.5,2023,4,2023-T4,Augmentation,81.7,81.7,8.5,9.8
z_52.5_4.5,2024,1,2024-T1,Augmentation,67.2,67.2,13.1,19.7
z_52.5_4.5,2024,2,2024-T2,Augmentation,70.7,70.7,12.7,16.6
z_52.5_4.5,2024,3,2024-T3,Augmentation,52.8,52.8,15.7,31.5
z_52.5_4.5,2024,4,2024-T4,Augmentation,58.0,58.0,17.4,24.7
z_52.5_4.5,2025,1,2025-T1,Augmentation,51.3,51.3,21.4,27.3
z_52.5_4.5,2025,2,2025-T2,Augmentation,58.9,58.9,13.9,27.2
z_52.5_4.5,2025,3,2025-T3,Augmentation,59.4,59.4,13.8,26.8
z_52.5_4.5,2025,4,2025-T4,Augmentation,36.1,36.1,36.0,27.8
z_52.5_4.5,2026,1,2026-T1,Stable,33.9,33.8,32.3,33.9
z_52.5_4.5,2026,2,2026-T2,Stable,37.7,33.2,29.2,37.7
z_52.5_4.5,2026,3,2026-T3,Augmentation,52.5,52.5,21.9,25.6
z_52.5_4.5,2026,4,2026-T4,Augmentation,55.0,55.0,15.6,29.3
z_52.5_4.5,2027,1,2027-T1,Augmentation,65.6,65.6,9.9,24.5
z_52.5_4.5,2027,2,2027-T2,Augmentation,64.9,64.9,12.3,22.7
z_52.5_4.5,2027,3,2027-T3,Augmentation,65.1,65.1,13.1,21.8
z_52.5_4.5,2027,4,2027-T4,Augmentation,71.8,71.8,12.5,15.7
z_52.5_4.5,2028,1,2028-T1,Augmentation,76.8,76.8,9.4,13.8
z_52.5_4.5,2028,2,2028-T2,Augmentation,78.1,78.1,9.2,12.7
z_52.5_4.5,2028,3,2028-T3,Augmentation,75.2,75.2,9.7,15.2
z_52.5_4.5,2028,4,2028-T4,Augmentation,74.4,74.4,10.6,14.9
z_52.5_4.5,2029,1,2029-T1,Augmentation,75.6,75.6,9.4,15.1
z_52.5_4.5,2029,2,2029-T2,Augmentation,82.4,82.4,7.1,10.5
z_52.5_4.5,2029,3,2029-T3,Augmentation,81.6,81.6,7.4,11.0
z_52.5_4.5,2029,4,2029-T4,Augmentation,78.1,78.1,8.2,13.7
z_52.5_4.5,2030,1,2030-T1,Augmentation,78.1,78.1,9.4,12.5
z_52.5_4.5,2030,2,2030-T2,Augmentation,80.7,80.7,8.3,10.9
z_52.5_4.5,2030,3,2030-T3,Augmentation,81.1,81.1,7.8,11.1
z_52.5_4.5,2030,4,2030-T4,Augmentation,80.5,80.5,8.1,11.4
z_52.5_6.0,2023,1,2023-T1,Augmentation,62.4,62.4,15.8,21.8
z_52.5_6.0,2023,2,2023-T2,Augmentation,75.1,75.1,12.6,12.3
z_52.5_6.0,2023,3,2023-T3,Augmentation,77.4,77.4,9.3,13.3
z_52.5_6.0,2023,4,2023-T4,Augmentation,81.7,81.7,7.3,11.0
z_52.5_6.0,2024,1,2024-T1,Augmentation,79.1,79.1,9.5,11.4
z_52.5_6.0,2024,2,2024-T2,Augmentation,81.6,81.6,6.8,11.6
z_52.5_6.0,2024,3,2024-T3,Augmentation,85.6,85.6,6.4,8.0
z_52.5_6.0,2024,4,2024-T4,Augmentation,83.5,83.5,7.2,9.3
z_52.5_6.0,2025,1,2025-T1,Augmentation,81.0,81.0,10.0,9.0
z_52.5_6.0,2025,2,2025-T2,Augmentation,83.1,83.1,7.0,9.9
z_52.5_6.0,2025,3,2025-T3,Augmentation,83.7,83.7,7.2,9.1
z_52.5_6.0,2025,4,2025-T4,Augmentation,77.9,77.9,8.5,13.6
z_52.5_6.0,2026,1,2026-T1,Augmentation,64.4,64.4,20.4,15.3
z_52.5_6.0,2026,2,2026-T2,Augmentation,59.8,59.8,17.4,22.8
z_52.5_6.0,2026,3,2026-T3,Augmentation,68.6,68.6,13.4,18.0
z_52.5_6.0,2026,4,2026-T4,Augmentation,73.8,73.8,10.5,15.7
z_52.5_6.0,2027,1,2027-T1,Augmentation,77.9,77.9,9.6,12.5
z_52.5_6.0,2027,2,2027-T2,Augmentation,86.0,86.0,5.7,8.2
z_52.5_6.0,2027,3,2027-T3,Augmentation,80.3,80.3,7.6,12.1
z_52.5_6.0,2027,4,2027-T4,Augmentation,79.0,79.0,8.6,12.4
z_52.5_6.0,2028,1,2028-T1,Augmentation,79.1,79.1,9.0,11.9
z_52.5_6.0,2028,2,2028-T2,Augmentation,86.8,86.8,5.4,7.8
z_52.5_6.0,2028,3,2028-T3,Augmentation,84.5,84.5,5.8,9.7
z_52.5_6.0,2028,4,2028-T4,Augmentation,81.9,81.9,6.1,12.0
z_52.5_6.0,2029,1,2029-T1,Augmentation,82.6,82.6,7.9,9.5
z_52.5_6.0,2029,2,2029-T2,Augmentation,86.0,86.0,5.2,8.8
z_52.5_6.0,2029,3,2029-T3,Augmentation,84.9,84.9,5.7,9.4
z_52.5_6.0,2029,4,2029-T4,Augmentation,81.9,81.9,7.1,10.9
z_52.5_6.0,2030,1,2030-T1,Augmentation,82.3,82.3,8.3,9.4
z_52.5_6.0,2030,2,2030-T2,Augmentation,86.2,86.2,6.1,7.7
z_52.5_6.0,2030,3,2030-T3,Augmentation,82.4,82.4,7.1,10.5
z_52.5_6.0,2030,4,2030-T4,Augmentation,82.3,82.3,7.5,10.2
z_52.5_7.5,2023,1,2023-T1,Augmentation,82.9,82.9,10.9,6.1
z_52.5_7.5,2023,2,2023-T2,Augmentation,80.5,80.5,9.7,9.8
z_52.5_7.5,2023,3,2023-T3,Augmentation,83.0,83.0,8.7,8.3
z_52.5_7.5,2023,4,2023-T4,Augmentation,81.3,81.3,9.9,8.8
z_52.5_7.5,2024,1,2024-T1,Augmentation,76.1,76.1,12.1,11.8
z_52.5_7.5,2024,2,2024-T2,Augmentation,85.7,85.7,8.4,5.9
z_52.5_7.5,2024,3,2024-T3,Augmentation,80.9,80.9,9.1,10.0
z_52.5_7.5,2024,4,2024-T4,Augmentation,74.7,74.7,12.1,13.2
z_52.5_7.5,2025,1,2025-T1,Augmentation,70.5,70.5,15.0,14.5
z_52.5_7.5,2025,2,2025-T2,Augmentation,66.2,66.2,18.2,15.5
z_52.5_7.5,2025,3,2025-T3,Augmentation,75.8,75.8,9.7,14.5
z_52.5_7.5,2025,4,2025-T4,Augmentation,84.6,84.6,8.2,7.3
z_52.5_7.5,2026,1,2026-T1,Augmentation,67.6,67.6,20.3,12.1
z_52.5_7.5,2026,2,2026-T2,Augmentation,72.3,72.3,13.3,14.4
z_52.5_7.5,2026,3,2026-T3,Augmentation,78.5,78.5,13.8,7.7
z_52.5_7.5,2026,4,2026-T4,Augmentation,75.5,75.5,11.9,12.7
z_52.5_7.5,2027,1,2027-T1,Augmentation,83.3,83.3,9.0,7.6
z_52.5_7.5,2027,2,2027-T2,Augmentation,86.8,86.8,8.3,4.9
z_52.5_7.5,2027,3,2027-T3,Augmentation,87.6,87.6,7.0,5.4
z_52.5_7.5,2027,4,2027-T4,Augmentation,81.4,81.4,9.5,9.1
z_52.5_7.5,2028,1,2028-T1,Augmentation,85.2,85.2,8.4,6.4
z_52.5_7.5,2028,2,2028-T2,Augmentation,86.4,86.4,9.3,4.2
z_52.5_7.5,2028,3,2028-T3,Augmentation,87.7,87.7,7.8,4.5
z_52.5_7.5,2028,4,2028-T4,Augmentation,82.6,82.6,10.0,7.4
z_52.5_7.5,2029,1,2029-T1,Augmentation,83.4,83.4,10.2,6.4
z_52.5_7.5,2029,2,2029-T2,Augmentation,85.3,85.3,10.0,4.7
z_52.5_7.5,2029,3,2029-T3,Augmentation,83.4,83.4,10.3,6.3
z_52.5_7.5,2029,4,2029-T4,Augmentation,82.9,82.9,11.0,6.1
z_52.5_7.5,2030,1,2030-T1,Augmentation,81.4,81.4,11.5,7.2
z_52.5_7.5,2030,2,2030-T2,Augmentation,82.3,82.3,11.8,5.9
z_52.5_7.5,2030,3,2030-T3,Augmentation,86.0,86.0,9.5,4.5
z_52.5_7.5,2030,4,2030-T4,Augmentation,82.2,82.2,10.6,7.2
z_52.5_9.0,2023,1,2023-T1,Augmentation,57.6,57.6,11.4,30.9
z_52.5_9.0,2023,2,2023-T2,Augmentation,77.4,77.4,9.1,13.5
z_52.5_9.0,2023,3,2023-T3,Augmentation,78.7,78.7,6.6,14.7
z_52.5_9.0,2023,4,2023-T4,Augmentation,70.4,70.4,12.9,16.7
z_52.5_9.0,2024,1,2024-T1,Augmentation,50.0,50.0,18.6,31.5
z_52.5_9.0,2024,2,2024-T2,Augmentation,75.7,75.7,13.0,11.3
z_52.5_9.0,2024,3,2024-T3,Augmentation,77.9,77.9,9.5,12.6
z_52.5_9.0,2024,4,2024-T4,Augmentation,76.2,76.2,11.2,12.7
z_52.5_9.0,2025,1,2025-T1,Augmentation,60.9,60.9,17.4,21.7
z_52.5_9.0,2025,2,2025-T2,Augmentation,77.7,77.7,9.3,13.0
z_52.5_9.0,2025,3,2025-T3,Augmentation,76.8,76.8,8.2,15.0
z_52.5_9.0,2025,4,2025-T4,Augmentation,62.0,62.0,14.4,23.6
z_52.5_9.0,2026,1,2026-T1,Augmentation,55.8,55.8,19.8,24.4
z_52.5_9.0,2026,2,2026-T2,Augmentation,58.6,58.6,21.0,20.4
z_52.5_9.0,2026,3,2026-T3,Augmentation,56.9,56.9,14.4,28.7
z_52.5_9.0,2026,4,2026-T4,Augmentation,68.3,68.3,15.9,15.7
z_52.5_9.0,2027,1,2027-T1,Augmentation,70.4,70.4,12.0,17.6
z_52.5_9.0,2027,2,2027-T2,Augmentation,86.4,86.4,6.4,7.2
z_52.5_9.0,2027,3,2027-T3,Augmentation,82.3,82.3,9.9,7.8
z_52.5_9.0,2027,4,2027-T4,Augmentation,67.7,67.7,8.7,23.6
z_52.5_9.0,2028,1,2028-T1,Augmentation,75.7,75.7,11.9,12.4
z_52.5_9.0,2028,2,2028-T2,Augmentation,88.9,88.9,5.3,5.8
z_52.5_9.0,2028,3,2028-T3,Augmentation,85.4,85.4,6.0,8.6
z_52.5_9.0,2028,4,2028-T4,Augmentation,81.6,81.6,10.9,7.5
z_52.5_9.0,2029,1,2029-T1,Augmentation,72.5,72.5,9.0,18.5
z_52.5_9.0,2029,2,2029-T2,Augmentation,88.0,88.0,5.3,6.7
z_52.5_9.0,2029,3,2029-T3,Augmentation,88.0,88.0,4.2,7.8
z_52.5_9.0,2029,4,2029-T4,Augmentation,87.0,87.0,4.9,8.2
z_52.5_9.0,2030,1,2030-T1,Augmentation,74.6,74.6,11.8,13.6
z_52.5_9.0,2030,2,2030-T2,Augmentation,85.0,85.0,6.7,8.3
z_52.5_9.0,2030,3,2030-T3,Augmentation,81.7,81.7,5.6,12.7
z_52.5_9.0,2030,4,2030-T4,Augmentation,79.2,79.2,6.7,14.1
z_54.0_-1.5,2023,1,2023-T1,Diminution,61.1,14.9,61.1,24.0
z_54.0_-1.5,2023,2,2023-T2,Diminution,48.4,19.9,48.4,31.7
z_54.0_-1.5,2023,3,2023-T3,Diminution,37.4,27.6,37.4,35.0
z_54.0_-1.5,2023,4,2023-T4,Diminution,38.8,25.8,38.8,35.4
z_54.0_-1.5,2024,1,2024-T1,Diminution,42.0,24.2,42.0,33.7
z_54.0_-1.5,2024,2,2024-T2,Diminution,46.7,21.2,46.7,32.2
z_54.0_-1.5,2024,3,2024-T3,Diminution,38.7,26.8,38.7,34.5
z_54.0_-1.5,2024,4,2024-T4,Diminution,40.5,25.7,40.5,33.8
z_54.0_-1.5,2025,1,2025-T1,Diminution,34.1,32.6,34.1,33.3
z_54.0_-1.5,2025,2,2025-T2,Diminution,42.9,22.7,42.9,34.5
z_54.0_-1.5,2025,3,2025-T3,Diminution,56.4,14.9,56.4,28.8
z_54.0_-1.5,2025,4,2025-T4,Diminution,63.2,13.6,63.2,23.1
z_54.0_-1.5,2026,1,2026-T1,Diminution,61.7,14.7,61.7,23.6
z_54.0_-1.5,2026,2,2026-T2,Diminution,64.7,13.6,64.7,21.7
z_54.0_-1.5,2026,3,2026-T3,Diminution,66.6,12.1,66.6,21.3
z_54.0_-1.5,2026,4,2026-T4,Diminution,63.1,14.1,63.1,22.8
z_54.0_-1.5,2027,1,2027-T1,Diminution,61.9,12.2,61.9,25.8
z_54.0_-1.5,2027,2,2027-T2,Diminution,65.9,12.8,65.9,21.4
z_54.0_-1.5,2027,3,2027-T3,Diminution,65.2,12.4,65.2,22.4
z_54.0_-1.5,2027,4,2027-T4,Diminution,63.1,14.1,63.1,22.8
z_54.0_-1.5,2028,1,2028-T1,Diminution,60.9,13.1,60.9,26.0
z_54.0_-1.5,2028,2,2028-T2,Diminution,65.8,11.9,65.8,22.2
z_54.0_-1.5,2028,3,2028-T3,Diminution,64.7,11.8,64.7,23.5
z_54.0_-1.5,2028,4,2028-T4,Diminution,63.1,14.1,63.1,22.8
z_54.0_-1.5,2029,1,2029-T1,Diminution,60.8,14.0,60.8,25.2
z_54.0_-1.5,2029,2,2029-T2,Diminution,64.1,12.7,64.1,23.3
z_54.0_-1.5,2029,3,2029-T3,Diminution,61.1,13.5,61.1,25.4
z_54.0_-1.5,2029,4,2029-T4,Diminution,63.1,14.1,63.1,22.8
z_54.0_-1.5,2030,1,2030-T1,Diminution,60.8,14.0,60.8,25.2
z_54.0_-1.5,2030,2,2030-T2,Diminution,64.7,12.7,64.7,22.7
z_54.0_-1.5,2030,3,2030-T3,Diminution,63.5,13.1,63.5,23.4
z_54.0_-1.5,2030,4,2030-T4,Diminution,63.1,14.1,63.1,22.8
z_54.0_-10.5,2023,1,2023-T1,Diminution,90.2,1.2,90.2,8.6
z_54.0_-10.5,2023,2,2023-T2,Diminution,84.4,3.0,84.4,12.6
z_54.0_-10.5,2023,3,2023-T3,Diminution,89.5,1.5,89.5,9.0
z_54.0_-10.5,2023,4,2023-T4,Diminution,90.4,1.4,90.4,8.2
z_54.0_-10.5,2024,1,2024-T1,Diminution,77.8,1.5,77.8,20.7
z_54.0_-10.5,2024,2,2024-T2,Diminution,64.5,3.7,64.5,31.8
z_54.0_-10.5,2024,3,2024-T3,Diminution,87.5,2.2,87.5,10.2
z_54.0_-10.5,2024,4,2024-T4,Diminution,86.5,1.4,86.5,12.1
z_54.0_-10.5,2025,1,2025-T1,Diminution,77.8,1.5,77.8,20.7
z_54.0_-10.5,2025,2,2025-T2,Diminution,62.9,6.4,62.9,30.7
z_54.0_-10.5,2025,3,2025-T3,Diminution,70.5,8.2,70.5,21.2
z_54.0_-10.5,2025,4,2025-T4,Diminution,70.3,5.5,70.3,24.3
z_54.0_-10.5,2026,1,2026-T1,Diminution,86.6,1.5,86.6,11.9
z_54.0_-10.5,2026,2,2026-T2,Diminution,68.0,5.4,68.0,26.6
z_54.0_-10.5,2026,3,2026-T3,Diminution,89.5,1.5,89.5,9.0
z_54.0_-10.5,2026,4,2026-T4,Diminution,73.0,3.0,73.0,24.0
z_54.0_-10.5,2027,1,2027-T1,Diminution,84.3,2.4,84.3,13.3
z_54.0_-10.5,2027,2,2027-T2,Diminution,87.5,1.3,87.5,11.2
z_54.0_-10.5,2027,3,2027-T3,Diminution,89.5,1.5,89.5,9.0
z_54.0_-10.5,2027,4,2027-T4,Diminution,75.5,3.6,75.5,20.8
z_54.0_-10.5,2028,1,2028-T1,Diminution,78.1,2.2,78.1,19.7
z_54.0_-10.5,2028,2,2028-T2,Diminution,87.5,1.3,87.5,11.2
z_54.0_-10.5,2028,3,2028-T3,Diminution,89.5,1.5,89.5,9.0
z_54.0_-10.5,2028,4,2028-T4,Diminution,66.3,8.1,66.3,25.6
z_54.0_-10.5,2029,1,2029-T1,Diminution,86.7,2.4,86.7,10.9
z_54.0_-10.5,2029,2,2029-T2,Diminution,87.5,1.3,87.5,11.2
z_54.0_-10.5,2029,3,2029-T3,Diminution,89.5,1.5,89.5,9.0
z_54.0_-10.5,2029,4,2029-T4,Diminution,70.3,6.0,70.3,23.7
z_54.0_-10.5,2030,1,2030-T1,Diminution,71.7,5.2,71.7,23.0
z_54.0_-10.5,2030,2,2030-T2,Diminution,87.5,1.3,87.5,11.2
z_54.0_-10.5,2030,3,2030-T3,Diminution,89.5,1.5,89.5,9.0
z_54.0_-10.5,2030,4,2030-T4,Diminution,90.4,1.4,90.4,8.2
z_54.0_-12.0,2023,1,2023-T1,Diminution,72.3,4.3,72.3,23.4
z_54.0_-12.0,2023,2,2023-T2,Diminution,70.0,3.9,70.0,26.1
z_54.0_-12.0,2023,3,2023-T3,Diminution,60.6,4.3,60.6,35.1
z_54.0_-12.0,2023,4,2023-T4,Diminution,63.4,4.9,63.4,31.7
z_54.0_-12.0,2024,1,2024-T1,Diminution,73.6,4.3,73.6,22.1
z_54.0_-12.0,2024,2,2024-T2,Diminution,64.4,5.2,64.4,30.5
z_54.0_-12.0,2024,3,2024-T3,Diminution,72.9,4.1,72.9,23.0
z_54.0_-12.0,2024,4,2024-T4,Diminution,72.8,4.7,72.8,22.5
z_54.0_-12.0,2025,1,2025-T1,Diminution,72.3,4.3,72.3,23.4
z_54.0_-12.0,2025,2,2025-T2,Diminution,56.7,5.4,56.7,37.9
z_54.0_-12.0,2025,3,2025-T3,Diminution,62.6,4.4,62.6,33.0
z_54.0_-12.0,2025,4,2025-T4,Diminution,59.5,8.7,59.5,31.8
z_54.0_-12.0,2026,1,2026-T1,Diminution,55.7,11.4,55.7,33.0
z_54.0_-12.0,2026,2,2026-T2,Diminution,69.3,4.5,69.3,26.2
z_54.0_-12.0,2026,3,2026-T3,Diminution,67.8,5.4,67.8,26.8
z_54.0_-12.0,2026,4,2026-T4,Diminution,72.8,4.7,72.8,22.5
z_54.0_-12.0,2027,1,2027-T1,Diminution,67.1,4.3,67.1,28.5
z_54.0_-12.0,2027,2,2027-T2,Diminution,69.5,5.3,69.5,25.2
z_54.0_-12.0,2027,3,2027-T3,Diminution,69.1,4.4,69.1,26.4
z_54.0_-12.0,2027,4,2027-T4,Diminution,72.8,4.7,72.8,22.5
z_54.0_-12.0,2028,1,2028-T1,Diminution,67.2,4.3,67.2,28.5
z_54.0_-12.0,2028,2,2028-T2,Diminution,63.3,4.3,63.3,32.4
z_54.0_-12.0,2028,3,2028-T3,Diminution,68.4,4.1,68.4,27.6
z_54.0_-12.0,2028,4,2028-T4,Diminution,72.8,4.7,72.8,22.5
z_54.0_-12.0,2029,1,2029-T1,Diminution,71.6,4.7,71.6,23.7
z_54.0_-12.0,2029,2,2029-T2,Diminution,70.0,3.9,70.0,26.1
z_54.0_-12.0,2029,3,2029-T3,Diminution,71.7,4.8,71.7,23.5
z_54.0_-12.0,2029,4,2029-T4,Diminution,72.8,4.7,72.8,22.5
z_54.0_-12.0,2030,1,2030-T1,Diminution,65.9,4.4,65.9,29.7
z_54.0_-12.0,2030,2,2030-T2,Diminution,70.0,3.9,70.0,26.1
z_54.0_-12.0,2030,3,2030-T3,Diminution,65.0,4.4,65.0,30.6
z_54.0_-12.0,2030,4,2030-T4,Diminution,72.8,4.7,72.8,22.5
z_54.0_-16.5,2023,1,2023-T1,Diminution,66.2,8.0,66.2,25.9
z_54.0_-16.5,2023,2,2023-T2,Diminution,87.6,3.8,87.6,8.6
z_54.0_-16.5,2023,3,2023-T3,Diminution,88.6,4.5,88.6,6.8
z_54.0_-16.5,2023,4,2023-T4,Diminution,89.5,3.7,89.5,6.7
z_54.0_-16.5,2024,1,2024-T1,Diminution,89.6,3.4,89.6,7.0
z_54.0_-16.5,2024,2,2024-T2,Diminution,72.0,3.2,72.0,24.9
z_54.0_-16.5,2024,3,2024-T3,Diminution,76.0,5.1,76.0,18.9
z_54.0_-16.5,2024,4,2024-T4,Diminution,87.5,3.8,87.5,8.6
z_54.0_-16.5,2025,1,2025-T1,Diminution,83.8,3.5,83.8,12.7
z_54.0_-16.5,2025,2,2025-T2,Diminution,87.6,3.8,87.6,8.6
z_54.0_-16.5,2025,3,2025-T3,Diminution,88.6,4.5,88.6,6.8
z_54.0_-16.5,2025,4,2025-T4,Diminution,89.5,3.7,89.5,6.7
z_54.0_-16.5,2026,1,2026-T1,Diminution,82.3,5.7,82.3,12.0
z_54.0_-16.5,2026,2,2026-T2,Diminution,87.6,3.8,87.6,8.6
z_54.0_-16.5,2026,3,2026-T3,Diminution,88.6,4.5,88.6,6.8
z_54.0_-16.5,2026,4,2026-T4,Diminution,89.5,3.7,89.5,6.7
z_54.0_-16.5,2027,1,2027-T1,Diminution,78.1,3.5,78.1,18.4
z_54.0_-16.5,2027,2,2027-T2,Diminution,87.6,3.8,87.6,8.6
z_54.0_-16.5,2027,3,2027-T3,Diminution,88.6,4.5,88.6,6.8
z_54.0_-16.5,2027,4,2027-T4,Diminution,89.5,3.7,89.5,6.7
z_54.0_-16.5,2028,1,2028-T1,Diminution,85.2,3.5,85.2,11.3
z_54.0_-16.5,2028,2,2028-T2,Diminution,87.6,3.8,87.6,8.6
z_54.0_-16.5,2028,3,2028-T3,Diminution,88.6,4.5,88.6,6.8
z_54.0_-16.5,2028,4,2028-T4,Diminution,89.5,3.7,89.5,6.7
z_54.0_-16.5,2029,1,2029-T1,Diminution,66.2,8.0,66.2,25.9
z_54.0_-16.5,2029,2,2029-T2,Diminution,87.6,3.8,87.6,8.6
z_54.0_-16.5,2029,3,2029-T3,Diminution,88.6,4.5,88.6,6.8
z_54.0_-16.5,2029,4,2029-T4,Diminution,89.5,3.7,89.5,6.7
z_54.0_-16.5,2030,1,2030-T1,Diminution,89.6,3.4,89.6,7.0
z_54.0_-16.5,2030,2,2030-T2,Diminution,87.6,3.8,87.6,8.6
z_54.0_-16.5,2030,3,2030-T3,Diminution,88.6,4.5,88.6,6.8
z_54.0_-16.5,2030,4,2030-T4,Diminution,89.5,3.7,89.5,6.7
z_54.0_-4.5,2023,1,2023-T1,Diminution,43.3,26.2,43.3,30.5
z_54.0_-4.5,2023,2,2023-T2,Diminution,40.8,24.3,40.8,34.9
z_54.0_-4.5,2023,3,2023-T3,Stable,41.4,23.5,35.2,41.4
z_54.0_-4.5,2023,4,2023-T4,Diminution,42.9,19.7,42.9,37.4
z_54.0_-4.5,2024,1,2024-T1,Diminution,42.4,25.5,42.4,32.1
z_54.0_-4.5,2024,2,2024-T2,Diminution,40.0,22.1,40.0,37.9
z_54.0_-4.5,2024,3,2024-T3,Augmentation,43.0,43.0,23.0,34.0
z_54.0_-4.5,2024,4,2024-T4,Augmentation,39.9,39.9,24.9,35.2
z_54.0_-4.5,2025,1,2025-T1,Stable,42.5,26.9,30.6,42.5
z_54.0_-4.5,2025,2,2025-T2,Stable,38.9,23.6,37.5,38.9
z_54.0_-4.5,2025,3,2025-T3,Stable,41.6,25.4,33.0,41.6
z_54.0_-4.5,2025,4,2025-T4,Stable,43.4,23.9,32.7,43.4
z_54.0_-4.5,2026,1,2026-T1,Stable,37.9,26.1,36.1,37.9
z_54.0_-4.5,2026,2,2026-T2,Diminution,38.0,24.2,38.0,37.8
z_54.0_-4.5,2026,3,2026-T3,Stable,39.2,24.7,36.1,39.2
z_54.0_-4.5,2026,4,2026-T4,Stable,43.0,23.3,33.7,43.0
z_54.0_-4.5,2027,1,2027-T1,Diminution,37.0,26.0,37.0,37.0
z_54.0_-4.5,2027,2,2027-T2,Diminution,38.3,27.6,38.3,34.0
z_54.0_-4.5,2027,3,2027-T3,Stable,42.0,24.1,33.9,42.0
z_54.0_-4.5,2027,4,2027-T4,Stable,43.5,24.3,32.2,43.5
z_54.0_-4.5,2028,1,2028-T1,Stable,38.8,27.2,34.0,38.8
z_54.0_-4.5,2028,2,2028-T2,Stable,40.6,21.8,37.6,40.6
z_54.0_-4.5,2028,3,2028-T3,Stable,41.9,24.1,33.9,41.9
z_54.0_-4.5,2028,4,2028-T4,Stable,43.1,24.2,32.8,43.1
z_54.0_-4.5,2029,1,2029-T1,Stable,37.8,25.8,36.4,37.8
z_54.0_-4.5,2029,2,2029-T2,Stable,40.6,22.7,36.7,40.6
z_54.0_-4.5,2029,3,2029-T3,Stable,42.3,24.1,33.6,42.3
z_54.0_-4.5,2029,4,2029-T4,Stable,42.9,24.2,32.9,42.9
z_54.0_-4.5,2030,1,2030-T1,Stable,39.7,25.0,35.3,39.7
z_54.0_-4.5,2030,2,2030-T2,Stable,41.3,21.6,37.1,41.3
z_54.0_-4.5,2030,3,2030-T3,Stable,42.9,23.5,33.6,42.9
z_54.0_-4.5,2030,4,2030-T4,Stable,43.0,24.2,32.8,43.0
z_54.0_-6.0,2023,1,2023-T1,Diminution,69.2,9.5,69.2,21.3
z_54.0_-6.0,2023,2,2023-T2,Diminution,54.9,13.8,54.9,31.3
z_54.0_-6.0,2023,3,2023-T3,Diminution,65.6,10.9,65.6,23.5
z_54.0_-6.0,2023,4,2023-T4,Diminution,66.4,11.1,66.4,22.5
z_54.0_-6.0,2024,1,2024-T1,Diminution,63.7,12.2,63.7,24.1
z_54.0_-6.0,2024,2,2024-T2,Diminution,65.2,12.8,65.2,22.0
z_54.0_-6.0,2024,3,2024-T3,Diminution,64.2,12.6,64.2,23.3
z_54.0_-6.0,2024,4,2024-T4,Diminution,65.2,11.2,65.2,23.5
z_54.0_-6.0,2025,1,2025-T1,Diminution,64.9,9.3,64.9,25.8
z_54.0_-6.0,2025,2,2025-T2,Diminution,63.4,11.0,63.4,25.6
z_54.0_-6.0,2025,3,2025-T3,Diminution,62.9,11.1,62.9,26.0
z_54.0_-6.0,2025,4,2025-T4,Diminution,59.0,14.9,59.0,26.1
z_54.0_-6.0,2026,1,2026-T1,Diminution,51.4,19.5,51.4,29.0
z_54.0_-6.0,2026,2,2026-T2,Diminution,65.3,11.7,65.3,23.1
z_54.0_-6.0,2026,3,2026-T3,Diminution,63.8,10.8,63.8,25.5
z_54.0_-6.0,2026,4,2026-T4,Diminution,66.9,11.0,66.9,22.0
z_54.0_-6.0,2027,1,2027-T1,Diminution,66.4,10.7,66.4,22.9
z_54.0_-6.0,2027,2,2027-T2,Diminution,66.9,9.9,66.9,23.1
z_54.0_-6.0,2027,3,2027-T3,Diminution,69.3,9.5,69.3,21.2
z_54.0_-6.0,2027,4,2027-T4,Diminution,68.1,11.9,68.1,20.0
z_54.0_-6.0,2028,1,2028-T1,Diminution,63.1,11.3,63.1,25.6
z_54.0_-6.0,2028,2,2028-T2,Diminution,68.6,10.4,68.6,21.1
z_54.0_-6.0,2028,3,2028-T3,Diminution,67.2,10.0,67.2,22.8
z_54.0_-6.0,2028,4,2028-T4,Diminution,68.1,11.9,68.1,20.0
z_54.0_-6.0,2029,1,2029-T1,Diminution,64.5,12.6,64.5,22.9
z_54.0_-6.0,2029,2,2029-T2,Diminution,68.6,10.4,68.6,21.1
z_54.0_-6.0,2029,3,2029-T3,Diminution,68.9,8.8,68.9,22.3
z_54.0_-6.0,2029,4,2029-T4,Diminution,68.1,11.9,68.1,20.0
z_54.0_-6.0,2030,1,2030-T1,Diminution,64.5,12.6,64.5,22.9
z_54.0_-6.0,2030,2,2030-T2,Diminution,68.6,10.4,68.6,21.1
z_54.0_-6.0,2030,3,2030-T3,Diminution,63.8,10.5,63.8,25.7
z_54.0_-6.0,2030,4,2030-T4,Diminution,68.1,11.9,68.1,20.0
z_54.0_-7.5,2023,1,2023-T1,Stable,52.7,23.2,24.1,52.7
z_54.0_-7.5,2023,2,2023-T2,Stable,49.5,18.1,32.4,49.5
z_54.0_-7.5,2023,3,2023-T3,Diminution,54.2,13.4,54.2,32.4
z_54.0_-7.5,2023,4,2023-T4,Stable,53.3,22.6,24.1,53.3
z_54.0_-7.5,2024,1,2024-T1,Stable,46.8,15.5,37.7,46.8
z_54.0_-7.5,2024,2,2024-T2,Stable,48.1,16.7,35.2,48.1
z_54.0_-7.5,2024,3,2024-T3,Diminution,63.1,9.5,63.1,27.4
z_54.0_-7.5,2024,4,2024-T4,Stable,47.4,31.1,21.4,47.4
z_54.0_-7.5,2025,1,2025-T1,Stable,48.6,29.5,21.9,48.6
z_54.0_-7.5,2025,2,2025-T2,Stable,51.0,20.1,28.9,51.0
z_54.0_-7.5,2025,3,2025-T3,Diminution,50.2,16.9,50.2,33.0
z_54.0_-7.5,2025,4,2025-T4,Diminution,42.1,16.7,42.1,41.2
z_54.0_-7.5,2026,1,2026-T1,Diminution,46.3,13.6,46.3,40.1
z_54.0_-7.5,2026,2,2026-T2,Diminution,48.1,11.0,48.1,40.9
z_54.0_-7.5,2026,3,2026-T3,Diminution,68.7,8.2,68.7,23.1
z_54.0_-7.5,2026,4,2026-T4,Diminution,47.9,14.0,47.9,38.0
z_54.0_-7.5,2027,1,2027-T1,Stable,43.1,18.4,38.5,43.1
z_54.0_-7.5,2027,2,2027-T2,Diminution,48.1,11.0,48.1,40.9
z_54.0_-7.5,2027,3,2027-T3,Diminution,68.9,7.9,68.9,23.2
z_54.0_-7.5,2027,4,2027-T4,Diminution,41.6,17.2,41.6,41.2
z_54.0_-7.5,2028,1,2028-T1,Diminution,44.2,13.2,44.2,42.6
z_54.0_-7.5,2028,2,2028-T2,Diminution,48.1,11.0,48.1,40.9
z_54.0_-7.5,2028,3,2028-T3,Diminution,70.2,8.5,70.2,21.2
z_54.0_-7.5,2028,4,2028-T4,Diminution,46.7,13.5,46.7,39.8
z_54.0_-7.5,2029,1,2029-T1,Stable,42.3,15.9,41.8,42.3
z_54.0_-7.5,2029,2,2029-T2,Diminution,48.1,11.0,48.1,40.9
z_54.0_-7.5,2029,3,2029-T3,Diminution,65.4,9.8,65.4,24.8
z_54.0_-7.5,2029,4,2029-T4,Diminution,45.1,15.5,45.1,39.4
z_54.0_-7.5,2030,1,2030-T1,Diminution,43.4,14.1,43.4,42.4
z_54.0_-7.5,2030,2,2030-T2,Diminution,48.1,11.0,48.1,40.9
z_54.0_-7.5,2030,3,2030-T3,Diminution,71.9,8.9,71.9,19.2
z_54.0_-7.5,2030,4,2030-T4,Diminution,46.7,14.0,46.7,39.3
z_54.0_-9.0,2023,1,2023-T1,Diminution,65.2,5.1,65.2,29.7
z_54.0_-9.0,2023,2,2023-T2,Diminution,65.5,5.0,65.5,29.5
z_54.0_-9.0,2023,3,2023-T3,Stable,43.5,16.5,40.0,43.5
z_54.0_-9.0,2023,4,2023-T4,Diminution,56.5,9.6,56.5,33.9
z_54.0_-9.0,2024,1,2024-T1,Diminution,66.4,5.3,66.4,28.4
z_54.0_-9.0,2024,2,2024-T2,Diminution,63.9,6.2,63.9,29.9
z_54.0_-9.0,2024,3,2024-T3,Stable,44.7,12.5,42.8,44.7
z_54.0_-9.0,2024,4,2024-T4,Diminution,54.3,10.3,54.3,35.4
z_54.0_-9.0,2025,1,2025-T1,Diminution,72.8,4.3,72.8,22.9
z_54.0_-9.0,2025,2,2025-T2,Diminution,54.3,6.6,54.3,39.2
z_54.0_-9.0,2025,3,2025-T3,Diminution,48.9,11.9,48.9,39.2
z_54.0_-9.0,2025,4,2025-T4,Diminution,64.1,7.5,64.1,28.3
z_54.0_-9.0,2026,1,2026-T1,Diminution,72.0,3.8,72.0,24.2
z_54.0_-9.0,2026,2,2026-T2,Diminution,61.6,4.3,61.6,34.1
z_54.0_-9.0,2026,3,2026-T3,Diminution,55.3,12.9,55.3,31.9
z_54.0_-9.0,2026,4,2026-T4,Diminution,64.1,7.5,64.1,28.3
z_54.0_-9.0,2027,1,2027-T1,Diminution,72.0,3.8,72.0,24.2
z_54.0_-9.0,2027,2,2027-T2,Diminution,63.5,6.6,63.5,29.9
z_54.0_-9.0,2027,3,2027-T3,Diminution,50.0,14.5,50.0,35.5
z_54.0_-9.0,2027,4,2027-T4,Diminution,64.1,7.5,64.1,28.3
z_54.0_-9.0,2028,1,2028-T1,Diminution,72.0,3.8,72.0,24.2
z_54.0_-9.0,2028,2,2028-T2,Diminution,60.9,6.1,60.9,33.0
z_54.0_-9.0,2028,3,2028-T3,Diminution,55.0,13.3,55.0,31.7
z_54.0_-9.0,2028,4,2028-T4,Diminution,64.1,7.5,64.1,28.3
z_54.0_-9.0,2029,1,2029-T1,Diminution,72.0,3.8,72.0,24.2
z_54.0_-9.0,2029,2,2029-T2,Diminution,61.8,3.6,61.8,34.6
z_54.0_-9.0,2029,3,2029-T3,Diminution,55.0,13.3,55.0,31.7
z_54.0_-9.0,2029,4,2029-T4,Diminution,64.1,7.5,64.1,28.3
z_54.0_-9.0,2030,1,2030-T1,Diminution,72.0,3.8,72.0,24.2
z_54.0_-9.0,2030,2,2030-T2,Diminution,68.5,3.3,68.5,28.2
z_54.0_-9.0,2030,3,2030-T3,Diminution,55.0,13.3,55.0,31.7
z_54.0_-9.0,2030,4,2030-T4,Diminution,64.1,7.5,64.1,28.3
z_54.0_0.0,2023,1,2023-T1,Diminution,59.5,11.0,59.5,29.5
z_54.0_0.0,2023,2,2023-T2,Stable,52.0,17.5,30.6,52.0
z_54.0_0.0,2023,3,2023-T3,Stable,56.0,15.3,28.7,56.0
z_54.0_0.0,2023,4,2023-T4,Stable,42.0,18.8,39.2,42.0
z_54.0_0.0,2024,1,2024-T1,Diminution,56.5,12.5,56.5,31.0
z_54.0_0.0,2024,2,2024-T2,Stable,50.2,10.8,39.1,50.2
z_54.0_0.0,2024,3,2024-T3,Stable,48.7,9.0,42.3,48.7
z_54.0_0.0,2024,4,2024-T4,Diminution,44.4,12.5,44.4,43.1
z_54.0_0.0,2025,1,2025-T1,Diminution,61.3,10.3,61.3,28.5
z_54.0_0.0,2025,2,2025-T2,Stable,51.5,16.9,31.6,51.5
z_54.0_0.0,2025,3,2025-T3,Stable,50.5,19.4,30.1,50.5
z_54.0_0.0,2025,4,2025-T4,Diminution,42.8,14.9,42.8,42.3
z_54.0_0.0,2026,1,2026-T1,Diminution,62.6,10.3,62.6,27.1
z_54.0_0.0,2026,2,2026-T2,Stable,44.4,11.6,44.0,44.4
z_54.0_0.0,2026,3,2026-T3,Stable,47.0,9.1,43.9,47.0
z_54.0_0.0,2026,4,2026-T4,Stable,43.6,15.5,40.9,43.6
z_54.0_0.0,2027,1,2027-T1,Diminution,67.9,8.1,67.9,24.0
z_54.0_0.0,2027,2,2027-T2,Stable,44.4,11.6,44.0,44.4
z_54.0_0.0,2027,3,2027-T3,Stable,47.0,9.1,43.9,47.0
z_54.0_0.0,2027,4,2027-T4,Diminution,44.4,13.8,44.4,41.8
z_54.0_0.0,2028,1,2028-T1,Diminution,61.1,10.6,61.1,28.3
z_54.0_0.0,2028,2,2028-T2,Stable,44.4,11.6,44.0,44.4
z_54.0_0.0,2028,3,2028-T3,Stable,47.0,9.1,43.9,47.0
z_54.0_0.0,2028,4,2028-T4,Diminution,43.3,15.4,43.3,41.3
z_54.0_0.0,2029,1,2029-T1,Diminution,67.7,9.5,67.7,22.7
z_54.0_0.0,2029,2,2029-T2,Stable,44.4,11.6,44.0,44.4
z_54.0_0.0,2029,3,2029-T3,Stable,47.0,9.1,43.9,47.0
z_54.0_0.0,2029,4,2029-T4,Diminution,44.6,14.3,44.6,41.2
z_54.0_0.0,2030,1,2030-T1,Diminution,61.1,11.5,61.1,27.4
z_54.0_0.0,2030,2,2030-T2,Stable,44.4,11.6,44.0,44.4
z_54.0_0.0,2030,3,2030-T3,Stable,47.0,9.1,43.9,47.0
z_54.0_0.0,2030,4,2030-T4,Diminution,44.6,14.3,44.6,41.2
z_54.0_1.5,2023,1,2023-T1,Diminution,46.0,9.8,46.0,44.2
z_54.0_1.5,2023,2,2023-T2,Stable,46.5,14.1,39.5,46.5
z_54.0_1.5,2023,3,2023-T3,Diminution,48.4,11.1,48.4,40.5
z_54.0_1.5,2023,4,2023-T4,Diminution,50.1,14.5,50.1,35.4
z_54.0_1.5,2024,1,2024-T1,Stable,45.7,20.3,34.1,45.7
z_54.0_1.5,2024,2,2024-T2,Stable,49.0,17.2,33.8,49.0
z_54.0_1.5,2024,3,2024-T3,Stable,47.1,15.9,37.0,47.1
z_54.0_1.5,2024,4,2024-T4,Diminution,43.0,19.5,43.0,37.5
z_54.0_1.5,2025,1,2025-T1,Diminution,54.7,13.4,54.7,31.8
z_54.0_1.5,2025,2,2025-T2,Stable,45.4,13.6,41.0,45.4
z_54.0_1.5,2025,3,2025-T3,Diminution,46.3,10.6,46.3,43.1
z_54.0_1.5,2025,4,2025-T4,Diminution,50.1,10.2,50.1,39.8
z_54.0_1.5,2026,1,2026-T1,Diminution,44.3,15.9,44.3,39.8
z_54.0_1.5,2026,2,2026-T2,Stable,49.5,10.1,40.4,49.5
z_54.0_1.5,2026,3,2026-T3,Diminution,48.8,12.6,48.8,38.6
z_54.0_1.5,2026,4,2026-T4,Diminution,45.3,9.8,45.3,44.9
z_54.0_1.5,2027,1,2027-T1,Diminution,54.7,11.9,54.7,33.3
z_54.0_1.5,2027,2,2027-T2,Stable,50.3,10.8,38.9,50.3
z_54.0_1.5,2027,3,2027-T3,Diminution,56.5,11.9,56.5,31.6
z_54.0_1.5,2027,4,2027-T4,Diminution,51.5,10.4,51.5,38.1
z_54.0_1.5,2028,1,2028-T1,Diminution,54.7,11.9,54.7,33.3
z_54.0_1.5,2028,2,2028-T2,Diminution,48.7,12.1,48.7,39.2
z_54.0_1.5,2028,3,2028-T3,Diminution,49.6,13.7,49.6,36.6
z_54.0_1.5,2028,4,2028-T4,Diminution,44.9,13.0,44.9,42.1
z_54.0_1.5,2029,1,2029-T1,Diminution,54.7,11.9,54.7,33.3
z_54.0_1.5,2029,2,2029-T2,Diminution,43.6,13.8,43.6,42.6
z_54.0_1.5,2029,3,2029-T3,Diminution,55.9,12.3,55.9,31.8
z_54.0_1.5,2029,4,2029-T4,Diminution,56.9,12.3,56.9,30.8
z_54.0_1.5,2030,1,2030-T1,Diminution,54.7,11.9,54.7,33.3
z_54.0_1.5,2030,2,2030-T2,Diminution,47.5,12.1,47.5,40.4
z_54.0_1.5,2030,3,2030-T3,Diminution,55.9,12.3,55.9,31.8
z_54.0_1.5,2030,4,2030-T4,Diminution,51.3,13.7,51.3,35.0
z_54.0_10.5,2023,1,2023-T1,Augmentation,74.4,74.4,10.4,15.1
z_54.0_10.5,2023,2,2023-T2,Augmentation,74.2,74.2,7.8,18.0
z_54.0_10.5,2023,3,2023-T3,Augmentation,87.0,87.0,6.0,7.0
z_54.0_10.5,2023,4,2023-T4,Augmentation,82.9,82.9,7.5,9.6
z_54.0_10.5,2024,1,2024-T1,Augmentation,81.3,81.3,10.5,8.3
z_54.0_10.5,2024,2,2024-T2,Augmentation,83.4,83.4,7.0,9.6
z_54.0_10.5,2024,3,2024-T3,Augmentation,82.5,82.5,9.0,8.5
z_54.0_10.5,2024,4,2024-T4,Augmentation,65.2,65.2,17.5,17.3
z_54.0_10.5,2025,1,2025-T1,Augmentation,73.4,73.4,12.5,14.0
z_54.0_10.5,2025,2,2025-T2,Augmentation,78.6,78.6,11.9,9.5
z_54.0_10.5,2025,3,2025-T3,Augmentation,72.1,72.1,10.4,17.5
z_54.0_10.5,2025,4,2025-T4,Augmentation,83.6,83.6,7.4,8.9
z_54.0_10.5,2026,1,2026-T1,Augmentation,67.7,67.7,15.6,16.7
z_54.0_10.5,2026,2,2026-T2,Augmentation,81.8,81.8,8.5,9.6
z_54.0_10.5,2026,3,2026-T3,Augmentation,76.1,76.1,13.1,10.9
z_54.0_10.5,2026,4,2026-T4,Augmentation,76.1,76.1,9.3,14.6
z_54.0_10.5,2027,1,2027-T1,Augmentation,84.3,84.3,7.6,8.2
z_54.0_10.5,2027,2,2027-T2,Augmentation,84.8,84.8,6.2,9.1
z_54.0_10.5,2027,3,2027-T3,Augmentation,83.9,83.9,7.1,9.0
z_54.0_10.5,2027,4,2027-T4,Augmentation,83.6,83.6,7.8,8.7
z_54.0_10.5,2028,1,2028-T1,Augmentation,84.2,84.2,7.7,8.0
z_54.0_10.5,2028,2,2028-T2,Augmentation,87.8,87.8,5.8,6.3
z_54.0_10.5,2028,3,2028-T3,Augmentation,87.9,87.9,6.9,5.2
z_54.0_10.5,2028,4,2028-T4,Augmentation,86.2,86.2,7.1,6.7
z_54.0_10.5,2029,1,2029-T1,Augmentation,83.9,83.9,9.8,6.4
z_54.0_10.5,2029,2,2029-T2,Augmentation,86.6,86.6,7.5,5.9
z_54.0_10.5,2029,3,2029-T3,Augmentation,83.0,83.0,8.9,8.1
z_54.0_10.5,2029,4,2029-T4,Augmentation,83.7,83.7,9.6,6.8
z_54.0_10.5,2030,1,2030-T1,Augmentation,82.2,82.2,10.5,7.3
z_54.0_10.5,2030,2,2030-T2,Augmentation,84.8,84.8,8.2,7.0
z_54.0_10.5,2030,3,2030-T3,Augmentation,85.8,85.8,9.4,4.8
z_54.0_10.5,2030,4,2030-T4,Augmentation,80.7,80.7,10.2,9.1
z_54.0_12.0,2023,1,2023-T1,Augmentation,81.8,81.8,8.8,9.4
z_54.0_12.0,2023,2,2023-T2,Augmentation,82.3,82.3,8.2,9.5
z_54.0_12.0,2023,3,2023-T3,Augmentation,84.9,84.9,7.5,7.6
z_54.0_12.0,2023,4,2023-T4,Augmentation,87.4,87.4,6.9,5.7
z_54.0_12.0,2024,1,2024-T1,Augmentation,83.0,83.0,9.2,7.9
z_54.0_12.0,2024,2,2024-T2,Augmentation,86.6,86.6,6.3,7.1
z_54.0_12.0,2024,3,2024-T3,Augmentation,81.7,81.7,9.5,8.8
z_54.0_12.0,2024,4,2024-T4,Augmentation,82.9,82.9,10.1,7.0
z_54.0_12.0,2025,1,2025-T1,Augmentation,77.9,77.9,10.6,11.6
z_54.0_12.0,2025,2,2025-T2,Augmentation,74.4,74.4,13.5,12.1
z_54.0_12.0,2025,3,2025-T3,Augmentation,72.2,72.2,16.5,11.3
z_54.0_12.0,2025,4,2025-T4,Augmentation,79.6,79.6,9.1,11.3
z_54.0_12.0,2026,1,2026-T1,Augmentation,63.3,63.3,23.0,13.7
z_54.0_12.0,2026,2,2026-T2,Augmentation,61.9,61.9,19.8,18.3
z_54.0_12.0,2026,3,2026-T3,Augmentation,63.9,63.9,19.9,16.2
z_54.0_12.0,2026,4,2026-T4,Augmentation,74.1,74.1,13.0,12.9
z_54.0_12.0,2027,1,2027-T1,Augmentation,79.3,79.3,12.4,8.4
z_54.0_12.0,2027,2,2027-T2,Augmentation,73.2,73.2,14.2,12.6
z_54.0_12.0,2027,3,2027-T3,Augmentation,82.6,82.6,12.0,5.5
z_54.0_12.0,2027,4,2027-T4,Augmentation,78.2,78.2,12.3,9.5
z_54.0_12.0,2028,1,2028-T1,Augmentation,73.9,73.9,15.3,10.7
z_54.0_12.0,2028,2,2028-T2,Augmentation,81.4,81.4,10.7,8.0
z_54.0_12.0,2028,3,2028-T3,Augmentation,77.8,77.8,12.5,9.7
z_54.0_12.0,2028,4,2028-T4,Augmentation,79.7,79.7,10.5,9.7
z_54.0_12.0,2029,1,2029-T1,Augmentation,77.6,77.6,12.6,9.8
z_54.0_12.0,2029,2,2029-T2,Augmentation,83.6,83.6,8.1,8.3
z_54.0_12.0,2029,3,2029-T3,Augmentation,84.5,84.5,8.4,7.1
z_54.0_12.0,2029,4,2029-T4,Augmentation,82.2,82.2,8.6,9.2
z_54.0_12.0,2030,1,2030-T1,Augmentation,82.0,82.0,8.9,9.1
z_54.0_12.0,2030,2,2030-T2,Augmentation,85.4,85.4,6.7,7.9
z_54.0_12.0,2030,3,2030-T3,Augmentation,87.5,87.5,6.2,6.3
z_54.0_12.0,2030,4,2030-T4,Augmentation,84.7,84.7,7.1,8.2
z_54.0_13.5,2023,1,2023-T1,Augmentation,66.3,66.3,13.0,20.6
z_54.0_13.5,2023,2,2023-T2,Augmentation,78.8,78.8,8.8,12.4
z_54.0_13.5,2023,3,2023-T3,Augmentation,80.3,80.3,8.9,10.8
z_54.0_13.5,2023,4,2023-T4,Augmentation,76.5,76.5,9.2,14.3
z_54.0_13.5,2024,1,2024-T1,Augmentation,76.7,76.7,9.6,13.8
z_54.0_13.5,2024,2,2024-T2,Augmentation,82.3,82.3,8.1,9.6
z_54.0_13.5,2024,3,2024-T3,Augmentation,80.2,80.2,8.5,11.3
z_54.0_13.5,2024,4,2024-T4,Augmentation,79.8,79.8,9.4,10.8
z_54.0_13.5,2025,1,2025-T1,Augmentation,77.6,77.6,9.3,13.1
z_54.0_13.5,2025,2,2025-T2,Augmentation,65.0,65.0,17.1,17.9
z_54.0_13.5,2025,3,2025-T3,Augmentation,66.9,66.9,12.1,21.0
z_54.0_13.5,2025,4,2025-T4,Augmentation,74.5,74.5,12.1,13.5
z_54.0_13.5,2026,1,2026-T1,Augmentation,41.5,41.5,28.0,30.5
z_54.0_13.5,2026,2,2026-T2,Augmentation,60.2,60.2,14.5,25.3
z_54.0_13.5,2026,3,2026-T3,Augmentation,65.7,65.7,14.7,19.6
z_54.0_13.5,2026,4,2026-T4,Augmentation,71.1,71.1,11.4,17.4
z_54.0_13.5,2027,1,2027-T1,Augmentation,78.3,78.3,9.6,12.1
z_54.0_13.5,2027,2,2027-T2,Augmentation,80.4,80.4,9.0,10.5
z_54.0_13.5,2027,3,2027-T3,Augmentation,84.8,84.8,6.6,8.6
z_54.0_13.5,2027,4,2027-T4,Augmentation,77.5,77.5,8.2,14.3
z_54.0_13.5,2028,1,2028-T1,Augmentation,79.9,79.9,9.0,11.1
z_54.0_13.5,2028,2,2028-T2,Augmentation,78.1,78.1,10.3,11.5
z_54.0_13.5,2028,3,2028-T3,Augmentation,84.7,84.7,7.1,8.2
z_54.0_13.5,2028,4,2028-T4,Augmentation,80.2,80.2,8.4,11.4
z_54.0_13.5,2029,1,2029-T1,Augmentation,79.4,79.4,9.6,11.0
z_54.0_13.5,2029,2,2029-T2,Augmentation,84.9,84.9,6.7,8.4
z_54.0_13.5,2029,3,2029-T3,Augmentation,83.8,83.8,6.9,9.3
z_54.0_13.5,2029,4,2029-T4,Augmentation,82.1,82.1,7.3,10.6
z_54.0_13.5,2030,1,2030-T1,Augmentation,76.7,76.7,8.6,14.7
z_54.0_13.5,2030,2,2030-T2,Augmentation,83.6,83.6,7.0,9.4
z_54.0_13.5,2030,3,2030-T3,Augmentation,82.4,82.4,7.4,10.2
z_54.0_13.5,2030,4,2030-T4,Augmentation,80.1,80.1,7.5,12.4
z_54.0_15.0,2023,1,2023-T1,Stable,50.1,32.1,17.8,50.1
z_54.0_15.0,2023,2,2023-T2,Stable,52.6,26.9,20.5,52.6
z_54.0_15.0,2023,3,2023-T3,Stable,55.5,25.1,19.5,55.5
z_54.0_15.0,2023,4,2023-T4,Stable,41.2,28.7,30.1,41.2
z_54.0_15.0,2024,1,2024-T1,Stable,54.3,27.9,17.8,54.3
z_54.0_15.0,2024,2,2024-T2,Stable,47.6,35.1,17.2,47.6
z_54.0_15.0,2024,3,2024-T3,Stable,46.6,35.3,18.1,46.6
z_54.0_15.0,2024,4,2024-T4,Stable,44.3,18.9,36.8,44.3
z_54.0_15.0,2025,1,2025-T1,Stable,48.0,31.8,20.3,48.0
z_54.0_15.0,2025,2,2025-T2,Stable,51.7,28.8,19.5,51.7
z_54.0_15.0,2025,3,2025-T3,Stable,49.8,37.9,12.3,49.8
z_54.0_15.0,2025,4,2025-T4,Stable,41.9,33.2,24.8,41.9
z_54.0_15.0,2026,1,2026-T1,Stable,51.2,29.6,19.2,51.2
z_54.0_15.0,2026,2,2026-T2,Stable,51.4,27.2,21.4,51.4
z_54.0_15.0,2026,3,2026-T3,Stable,51.2,27.3,21.5,51.2
z_54.0_15.0,2026,4,2026-T4,Stable,44.0,25.7,30.3,44.0
z_54.0_15.0,2027,1,2027-T1,Stable,49.1,33.8,17.1,49.1
z_54.0_15.0,2027,2,2027-T2,Stable,47.2,37.2,15.7,47.2
z_54.0_15.0,2027,3,2027-T3,Stable,52.6,30.0,17.4,52.6
z_54.0_15.0,2027,4,2027-T4,Stable,47.4,24.6,28.0,47.4
z_54.0_15.0,2028,1,2028-T1,Stable,50.1,34.1,15.8,50.1
z_54.0_15.0,2028,2,2028-T2,Stable,50.7,32.1,17.2,50.7
z_54.0_15.0,2028,3,2028-T3,Stable,52.0,31.0,17.0,52.0
z_54.0_15.0,2028,4,2028-T4,Stable,45.5,24.4,30.1,45.5
z_54.0_15.0,2029,1,2029-T1,Stable,51.3,33.8,14.9,51.3
z_54.0_15.0,2029,2,2029-T2,Stable,51.9,32.6,15.5,51.9
z_54.0_15.0,2029,3,2029-T3,Stable,53.5,29.7,16.8,53.5
z_54.0_15.0,2029,4,2029-T4,Stable,46.3,24.8,28.9,46.3
z_54.0_15.0,2030,1,2030-T1,Stable,52.9,31.0,16.1,52.9
z_54.0_15.0,2030,2,2030-T2,Stable,51.4,33.3,15.3,51.4
z_54.0_15.0,2030,3,2030-T3,Stable,53.8,29.4,16.8,53.8
z_54.0_15.0,2030,4,2030-T4,Stable,46.1,24.1,29.8,46.1
z_54.0_16.5,2023,1,2023-T1,Diminution,43.8,16.4,43.8,39.8
z_54.0_16.5,2023,2,2023-T2,Stable,48.6,19.9,31.6,48.6
z_54.0_16.5,2023,3,2023-T3,Stable,48.5,20.8,30.7,48.5
z_54.0_16.5,2023,4,2023-T4,Stable,41.0,18.4,40.6,41.0
z_54.0_16.5,2024,1,2024-T1,Diminution,55.5,7.3,55.5,37.2
z_54.0_16.5,2024,2,2024-T2,Diminution,44.2,11.8,44.2,44.1
z_54.0_16.5,2024,3,2024-T3,Stable,44.1,12.1,43.8,44.1
z_54.0_16.5,2024,4,2024-T4,Diminution,40.8,18.5,40.8,40.7
z_54.0_16.5,2025,1,2025-T1,Diminution,46.3,8.5,46.3,45.2
z_54.0_16.5,2025,2,2025-T2,Stable,49.5,16.0,34.4,49.5
z_54.0_16.5,2025,3,2025-T3,Stable,47.0,21.4,31.7,47.0
z_54.0_16.5,2025,4,2025-T4,Diminution,52.4,14.6,52.4,32.9
z_54.0_16.5,2026,1,2026-T1,Diminution,53.1,7.2,53.1,39.8
z_54.0_16.5,2026,2,2026-T2,Diminution,46.3,11.3,46.3,42.5
z_54.0_16.5,2026,3,2026-T3,Stable,44.1,12.1,43.8,44.1
z_54.0_16.5,2026,4,2026-T4,Diminution,49.4,14.8,49.4,35.8
z_54.0_16.5,2027,1,2027-T1,Diminution,53.5,7.4,53.5,39.1
z_54.0_16.5,2027,2,2027-T2,Stable,44.6,13.1,42.3,44.6
z_54.0_16.5,2027,3,2027-T3,Stable,45.0,16.0,39.0,45.0
z_54.0_16.5,2027,4,2027-T4,Diminution,53.6,13.5,53.6,32.9
z_54.0_16.5,2028,1,2028-T1,Diminution,50.3,8.9,50.3,40.8
z_54.0_16.5,2028,2,2028-T2,Diminution,46.2,11.2,46.2,42.6
z_54.0_16.5,2028,3,2028-T3,Stable,44.9,12.6,42.6,44.9
z_54.0_16.5,2028,4,2028-T4,Diminution,53.6,13.5,53.6,32.9
z_54.0_16.5,2029,1,2029-T1,Diminution,57.4,7.7,57.4,34.9
z_54.0_16.5,2029,2,2029-T2,Diminution,46.2,11.2,46.2,42.6
z_54.0_16.5,2029,3,2029-T3,Stable,44.6,14.5,40.9,44.6
z_54.0_16.5,2029,4,2029-T4,Diminution,53.6,13.5,53.6,32.9
z_54.0_16.5,2030,1,2030-T1,Diminution,52.6,8.3,52.6,39.2
z_54.0_16.5,2030,2,2030-T2,Diminution,46.2,11.2,46.2,42.6
z_54.0_16.5,2030,3,2030-T3,Stable,44.1,13.0,42.9,44.1
z_54.0_16.5,2030,4,2030-T4,Diminution,53.6,13.5,53.6,32.9
z_54.0_18.0,2023,1,2023-T1,Augmentation,57.2,57.2,13.0,29.8
z_54.0_18.0,2023,2,2023-T2,Augmentation,67.0,67.0,10.0,23.0
z_54.0_18.0,2023,3,2023-T3,Augmentation,75.4,75.4,6.7,17.9
z_54.0_18.0,2023,4,2023-T4,Augmentation,70.8,70.8,9.6,19.6
z_54.0_18.0,2024,1,2024-T1,Augmentation,73.4,73.4,9.9,16.7
z_54.0_18.0,2024,2,2024-T2,Augmentation,67.4,67.4,13.8,18.7
z_54.0_18.0,2024,3,2024-T3,Augmentation,62.4,62.4,13.9,23.7
z_54.0_18.0,2024,4,2024-T4,Augmentation,62.5,62.5,15.5,22.0
z_54.0_18.0,2025,1,2025-T1,Diminution,38.4,34.7,38.4,26.9
z_54.0_18.0,2025,2,2025-T2,Stable,39.9,34.6,25.6,39.9
z_54.0_18.0,2025,3,2025-T3,Augmentation,48.7,48.7,22.9,28.4
z_54.0_18.0,2025,4,2025-T4,Augmentation,52.2,52.2,25.2,22.5
z_54.0_18.0,2026,1,2026-T1,Augmentation,34.5,34.5,33.8,31.8
z_54.0_18.0,2026,2,2026-T2,Augmentation,38.2,38.2,26.2,35.6
z_54.0_18.0,2026,3,2026-T3,Augmentation,53.7,53.7,23.8,22.5
z_54.0_18.0,2026,4,2026-T4,Augmentation,59.8,59.8,15.6,24.6
z_54.0_18.0,2027,1,2027-T1,Augmentation,51.6,51.6,19.5,28.9
z_54.0_18.0,2027,2,2027-T2,Augmentation,54.4,54.4,17.3,28.2
z_54.0_18.0,2027,3,2027-T3,Augmentation,61.1,61.1,15.9,23.0
z_54.0_18.0,2027,4,2027-T4,Augmentation,59.9,59.9,16.6,23.5
z_54.0_18.0,2028,1,2028-T1,Augmentation,50.2,50.2,17.1,32.7
z_54.0_18.0,2028,2,2028-T2,Augmentation,55.8,55.8,15.2,29.0
z_54.0_18.0,2028,3,2028-T3,Augmentation,59.0,59.0,15.2,25.9
z_54.0_18.0,2028,4,2028-T4,Augmentation,62.6,62.6,15.8,21.5
z_54.0_18.0,2029,1,2029-T1,Augmentation,55.0,55.0,17.4,27.6
z_54.0_18.0,2029,2,2029-T2,Augmentation,61.0,61.0,14.7,24.3
z_54.0_18.0,2029,3,2029-T3,Augmentation,59.9,59.9,15.5,24.6
z_54.0_18.0,2029,4,2029-T4,Augmentation,63.2,63.2,13.7,23.1
z_54.0_18.0,2030,1,2030-T1,Augmentation,55.9,55.9,16.8,27.3
z_54.0_18.0,2030,2,2030-T2,Augmentation,61.2,61.2,14.8,24.0
z_54.0_18.0,2030,3,2030-T3,Augmentation,61.9,61.9,13.6,24.5
z_54.0_18.0,2030,4,2030-T4,Augmentation,63.0,63.0,12.6,24.4
z_54.0_3.0,2023,1,2023-T1,Diminution,47.8,13.1,47.8,39.1
z_54.0_3.0,2023,2,2023-T2,Diminution,62.6,4.2,62.6,33.3
z_54.0_3.0,2023,3,2023-T3,Stable,47.0,12.8,40.2,47.0
z_54.0_3.0,2023,4,2023-T4,Diminution,51.4,13.6,51.4,35.0
z_54.0_3.0,2024,1,2024-T1,Diminution,53.8,13.7,53.8,32.6
z_54.0_3.0,2024,2,2024-T2,Diminution,63.9,5.1,63.9,31.0
z_54.0_3.0,2024,3,2024-T3,Diminution,47.1,15.0,47.1,37.8
z_54.0_3.0,2024,4,2024-T4,Diminution,53.6,14.0,53.6,32.4
z_54.0_3.0,2025,1,2025-T1,Diminution,52.0,13.0,52.0,35.0
z_54.0_3.0,2025,2,2025-T2,Diminution,67.0,4.7,67.0,28.3
z_54.0_3.0,2025,3,2025-T3,Diminution,46.4,13.8,46.4,39.8
z_54.0_3.0,2025,4,2025-T4,Diminution,56.9,13.2,56.9,29.8
z_54.0_3.0,2026,1,2026-T1,Diminution,54.9,12.2,54.9,33.0
z_54.0_3.0,2026,2,2026-T2,Diminution,66.8,4.0,66.8,29.2
z_54.0_3.0,2026,3,2026-T3,Diminution,50.4,11.7,50.4,37.8
z_54.0_3.0,2026,4,2026-T4,Diminution,56.9,13.2,56.9,29.8
z_54.0_3.0,2027,1,2027-T1,Diminution,54.9,12.2,54.9,33.0
z_54.0_3.0,2027,2,2027-T2,Diminution,68.8,5.1,68.8,26.1
z_54.0_3.0,2027,3,2027-T3,Diminution,50.4,11.7,50.4,37.8
z_54.0_3.0,2027,4,2027-T4,Diminution,56.9,13.2,56.9,29.8
z_54.0_3.0,2028,1,2028-T1,Diminution,54.9,12.2,54.9,33.0
z_54.0_3.0,2028,2,2028-T2,Diminution,62.6,4.2,62.6,33.3
z_54.0_3.0,2028,3,2028-T3,Diminution,50.4,11.7,50.4,37.8
z_54.0_3.0,2028,4,2028-T4,Diminution,56.9,13.2,56.9,29.8
z_54.0_3.0,2029,1,2029-T1,Diminution,54.9,12.2,54.9,33.0
z_54.0_3.0,2029,2,2029-T2,Diminution,69.3,3.8,69.3,27.0
z_54.0_3.0,2029,3,2029-T3,Diminution,50.4,11.7,50.4,37.8
z_54.0_3.0,2029,4,2029-T4,Diminution,56.9,13.2,56.9,29.8
z_54.0_3.0,2030,1,2030-T1,Diminution,54.9,12.2,54.9,33.0
z_54.0_3.0,2030,2,2030-T2,Diminution,69.3,3.8,69.3,27.0
z_54.0_3.0,2030,3,2030-T3,Diminution,50.4,11.7,50.4,37.8
z_54.0_3.0,2030,4,2030-T4,Diminution,56.9,13.2,56.9,29.8
z_54.0_4.5,2023,1,2023-T1,Stable,55.3,19.5,25.2,55.3
z_54.0_4.5,2023,2,2023-T2,Stable,47.2,20.2,32.7,47.2
z_54.0_4.5,2023,3,2023-T3,Stable,42.5,31.2,26.3,42.5
z_54.0_4.5,2023,4,2023-T4,Stable,46.9,28.5,24.5,46.9
z_54.0_4.5,2024,1,2024-T1,Stable,46.4,23.0,30.7,46.4
z_54.0_4.5,2024,2,2024-T2,Diminution,46.5,11.2,46.5,42.3
z_54.0_4.5,2024,3,2024-T3,Diminution,52.7,22.9,52.7,24.4
z_54.0_4.5,2024,4,2024-T4,Stable,49.9,11.2,38.9,49.9
z_54.0_4.5,2025,1,2025-T1,Diminution,46.1,19.9,46.1,34.1
z_54.0_4.5,2025,2,2025-T2,Stable,46.2,11.5,42.3,46.2
z_54.0_4.5,2025,3,2025-T3,Diminution,46.8,15.6,46.8,37.6
z_54.0_4.5,2025,4,2025-T4,Stable,50.2,25.3,24.4,50.2
z_54.0_4.5,2026,1,2026-T1,Stable,49.5,22.5,28.0,49.5
z_54.0_4.5,2026,2,2026-T2,Stable,55.2,7.9,36.9,55.2
z_54.0_4.5,2026,3,2026-T3,Diminution,57.1,9.1,57.1,33.8
z_54.0_4.5,2026,4,2026-T4,Diminution,46.5,25.9,46.5,27.6
z_54.0_4.5,2027,1,2027-T1,Diminution,47.3,12.8,47.3,39.9
z_54.0_4.5,2027,2,2027-T2,Diminution,48.4,20.2,48.4,31.4
z_54.0_4.5,2027,3,2027-T3,Diminution,56.5,11.9,56.5,31.6
z_54.0_4.5,2027,4,2027-T4,Diminution,47.8,23.0,47.8,29.1
z_54.0_4.5,2028,1,2028-T1,Diminution,40.0,20.1,40.0,39.9
z_54.0_4.5,2028,2,2028-T2,Diminution,42.7,17.5,42.7,39.9
z_54.0_4.5,2028,3,2028-T3,Diminution,53.2,9.0,53.2,37.9
z_54.0_4.5,2028,4,2028-T4,Diminution,51.6,13.4,51.6,35.0
z_54.0_4.5,2029,1,2029-T1,Diminution,51.4,14.2,51.4,34.4
z_54.0_4.5,2029,2,2029-T2,Diminution,55.4,12.6,55.4,32.0
z_54.0_4.5,2029,3,2029-T3,Diminution,62.0,12.0,62.0,25.9
z_54.0_4.5,2029,4,2029-T4,Diminution,51.6,13.4,51.6,35.0
z_54.0_4.5,2030,1,2030-T1,Diminution,48.5,21.1,48.5,30.5
z_54.0_4.5,2030,2,2030-T2,Diminution,52.6,20.3,52.6,27.0
z_54.0_4.5,2030,3,2030-T3,Diminution,52.7,22.9,52.7,24.4
z_54.0_4.5,2030,4,2030-T4,Diminution,51.6,13.4,51.6,35.0
z_54.0_6.0,2023,1,2023-T1,Diminution,44.6,17.7,44.6,37.7
z_54.0_6.0,2023,2,2023-T2,Stable,52.5,24.4,23.0,52.5
z_54.0_6.0,2023,3,2023-T3,Stable,51.0,22.1,26.9,51.0
z_54.0_6.0,2023,4,2023-T4,Stable,43.7,19.6,36.7,43.7
z_54.0_6.0,2024,1,2024-T1,Diminution,41.7,24.0,41.7,34.3
z_54.0_6.0,2024,2,2024-T2,Stable,51.1,24.8,24.1,51.1
z_54.0_6.0,2024,3,2024-T3,Stable,50.8,22.7,26.5,50.8
z_54.0_6.0,2024,4,2024-T4,Stable,54.5,26.3,19.2,54.5
z_54.0_6.0,2025,1,2025-T1,Diminution,38.9,24.1,38.9,37.1
z_54.0_6.0,2025,2,2025-T2,Stable,47.0,18.4,34.5,47.0
z_54.0_6.0,2025,3,2025-T3,Stable,50.8,25.1,24.1,50.8
z_54.0_6.0,2025,4,2025-T4,Stable,50.1,16.1,33.7,50.1
z_54.0_6.0,2026,1,2026-T1,Diminution,56.9,11.9,56.9,31.2
z_54.0_6.0,2026,2,2026-T2,Diminution,45.3,11.8,45.3,42.9
z_54.0_6.0,2026,3,2026-T3,Diminution,44.6,12.0,44.6,43.3
z_54.0_6.0,2026,4,2026-T4,Stable,49.1,12.2,38.6,49.1
z_54.0_6.0,2027,1,2027-T1,Diminution,63.6,10.9,63.6,25.5
z_54.0_6.0,2027,2,2027-T2,Stable,44.7,12.1,43.1,44.7
z_54.0_6.0,2027,3,2027-T3,Stable,45.7,15.3,39.0,45.7
z_54.0_6.0,2027,4,2027-T4,Diminution,45.7,13.7,45.7,40.6
z_54.0_6.0,2028,1,2028-T1,Diminution,64.0,11.8,64.0,24.1
z_54.0_6.0,2028,2,2028-T2,Stable,48.6,11.9,39.5,48.6
z_54.0_6.0,2028,3,2028-T3,Diminution,46.6,13.1,46.6,40.3
z_54.0_6.0,2028,4,2028-T4,Diminution,43.9,16.5,43.9,39.5
z_54.0_6.0,2029,1,2029-T1,Diminution,63.8,12.8,63.8,23.4
z_54.0_6.0,2029,2,2029-T2,Diminution,46.5,12.8,46.5,40.7
z_54.0_6.0,2029,3,2029-T3,Diminution,43.6,15.0,43.6,41.4
z_54.0_6.0,2029,4,2029-T4,Diminution,46.7,14.6,46.7,38.7
z_54.0_6.0,2030,1,2030-T1,Diminution,65.0,13.3,65.0,21.7
z_54.0_6.0,2030,2,2030-T2,Diminution,43.8,14.6,43.8,41.7
z_54.0_6.0,2030,3,2030-T3,Diminution,45.9,13.2,45.9,40.9
z_54.0_6.0,2030,4,2030-T4,Diminution,46.7,14.6,46.7,38.7
z_54.0_7.5,2023,1,2023-T1,Augmentation,85.2,85.2,10.7,4.1
z_54.0_7.5,2023,2,2023-T2,Augmentation,82.9,82.9,11.2,5.9
z_54.0_7.5,2023,3,2023-T3,Augmentation,85.4,85.4,9.6,5.0
z_54.0_7.5,2023,4,2023-T4,Augmentation,80.7,80.7,11.7,7.7
z_54.0_7.5,2024,1,2024-T1,Augmentation,79.5,79.5,12.1,8.4
z_54.0_7.5,2024,2,2024-T2,Augmentation,83.8,83.8,11.1,5.1
z_54.0_7.5,2024,3,2024-T3,Augmentation,88.3,88.3,8.2,3.5
z_54.0_7.5,2024,4,2024-T4,Augmentation,83.9,83.9,9.8,6.3
z_54.0_7.5,2025,1,2025-T1,Augmentation,76.5,76.5,14.0,9.6
z_54.0_7.5,2025,2,2025-T2,Augmentation,79.2,79.2,14.4,6.4
z_54.0_7.5,2025,3,2025-T3,Augmentation,86.8,86.8,8.4,4.8
z_54.0_7.5,2025,4,2025-T4,Augmentation,85.5,85.5,9.5,5.0
z_54.0_7.5,2026,1,2026-T1,Augmentation,84.3,84.3,10.4,5.3
z_54.0_7.5,2026,2,2026-T2,Augmentation,76.6,76.6,15.8,7.6
z_54.0_7.5,2026,3,2026-T3,Augmentation,86.7,86.7,9.9,3.4
z_54.0_7.5,2026,4,2026-T4,Augmentation,83.7,83.7,11.7,4.6
z_54.0_7.5,2027,1,2027-T1,Augmentation,84.6,84.6,10.4,5.0
z_54.0_7.5,2027,2,2027-T2,Augmentation,80.5,80.5,12.6,6.9
z_54.0_7.5,2027,3,2027-T3,Augmentation,87.8,87.8,8.5,3.7
z_54.0_7.5,2027,4,2027-T4,Augmentation,81.5,81.5,10.7,7.8
z_54.0_7.5,2028,1,2028-T1,Augmentation,85.7,85.7,8.4,6.0
z_54.0_7.5,2028,2,2028-T2,Augmentation,87.6,87.6,7.5,5.0
z_54.0_7.5,2028,3,2028-T3,Augmentation,88.1,88.1,6.9,5.0
z_54.0_7.5,2028,4,2028-T4,Augmentation,88.5,88.5,6.8,4.8
z_54.0_7.5,2029,1,2029-T1,Augmentation,86.6,86.6,7.8,5.6
z_54.0_7.5,2029,2,2029-T2,Augmentation,88.3,88.3,6.9,4.8
z_54.0_7.5,2029,3,2029-T3,Augmentation,90.2,90.2,5.6,4.3
z_54.0_7.5,2029,4,2029-T4,Augmentation,90.4,90.4,5.3,4.3
z_54.0_7.5,2030,1,2030-T1,Augmentation,90.2,90.2,6.0,3.8
z_54.0_7.5,2030,2,2030-T2,Augmentation,92.1,92.1,5.1,2.8
z_54.0_7.5,2030,3,2030-T3,Augmentation,93.0,93.0,4.1,2.9
z_54.0_7.5,2030,4,2030-T4,Augmentation,92.0,92.0,4.1,3.9
z_54.0_9.0,2023,1,2023-T1,Augmentation,86.3,86.3,6.7,6.9
z_54.0_9.0,2023,2,2023-T2,Augmentation,83.3,83.3,8.7,8.0
z_54.0_9.0,2023,3,2023-T3,Augmentation,85.7,85.7,7.6,6.7
z_54.0_9.0,2023,4,2023-T4,Augmentation,85.5,85.5,8.1,6.4
z_54.0_9.0,2024,1,2024-T1,Augmentation,75.3,75.3,11.9,12.8
z_54.0_9.0,2024,2,2024-T2,Augmentation,88.0,88.0,6.3,5.7
z_54.0_9.0,2024,3,2024-T3,Augmentation,82.2,82.2,10.5,7.3
z_54.0_9.0,2024,4,2024-T4,Augmentation,84.1,84.1,8.1,7.8
z_54.0_9.0,2025,1,2025-T1,Augmentation,72.9,72.9,15.7,11.3
z_54.0_9.0,2025,2,2025-T2,Augmentation,82.8,82.8,8.8,8.3
z_54.0_9.0,2025,3,2025-T3,Augmentation,78.1,78.1,13.2,8.7
z_54.0_9.0,2025,4,2025-T4,Augmentation,76.0,76.0,11.8,12.2
z_54.0_9.0,2026,1,2026-T1,Augmentation,49.7,49.7,31.2,19.1
z_54.0_9.0,2026,2,2026-T2,Augmentation,67.0,67.0,16.3,16.8
z_54.0_9.0,2026,3,2026-T3,Augmentation,69.5,69.5,18.5,12.1
z_54.0_9.0,2026,4,2026-T4,Augmentation,73.3,73.3,12.5,14.2
z_54.0_9.0,2027,1,2027-T1,Augmentation,77.9,77.9,12.9,9.3
z_54.0_9.0,2027,2,2027-T2,Augmentation,82.4,82.4,9.8,7.7
z_54.0_9.0,2027,3,2027-T3,Augmentation,87.3,87.3,9.0,3.7
z_54.0_9.0,2027,4,2027-T4,Augmentation,82.2,82.2,10.4,7.4
z_54.0_9.0,2028,1,2028-T1,Augmentation,83.4,83.4,9.9,6.7
z_54.0_9.0,2028,2,2028-T2,Augmentation,87.6,87.6,7.3,5.0
z_54.0_9.0,2028,3,2028-T3,Augmentation,81.8,81.8,10.5,7.6
z_54.0_9.0,2028,4,2028-T4,Augmentation,83.4,83.4,9.1,7.5
z_54.0_9.0,2029,1,2029-T1,Augmentation,86.1,86.1,8.0,5.9
z_54.0_9.0,2029,2,2029-T2,Augmentation,86.7,86.7,6.4,6.9
z_54.0_9.0,2029,3,2029-T3,Augmentation,88.8,88.8,5.6,5.6
z_54.0_9.0,2029,4,2029-T4,Augmentation,86.9,86.9,6.6,6.5
z_54.0_9.0,2030,1,2030-T1,Augmentation,85.7,85.7,7.4,7.0
z_54.0_9.0,2030,2,2030-T2,Augmentation,88.8,88.8,5.0,6.2
z_54.0_9.0,2030,3,2030-T3,Augmentation,90.7,90.7,4.9,4.4
z_54.0_9.0,2030,4,2030-T4,Augmentation,87.3,87.3,5.0,7.7
z_55.5_-10.5,2023,1,2023-T1,Diminution,87.9,1.4,87.9,10.7
z_55.5_-10.5,2023,2,2023-T2,Diminution,71.2,1.9,71.2,26.9
z_55.5_-10.5,2023,3,2023-T3,Diminution,49.9,12.8,49.9,37.3
z_55.5_-10.5,2023,4,2023-T4,Diminution,86.0,2.2,86.0,11.8
z_55.5_-10.5,2024,1,2024-T1,Diminution,83.3,2.2,83.3,14.5
z_55.5_-10.5,2024,2,2024-T2,Diminution,85.1,1.4,85.1,13.5
z_55.5_-10.5,2024,3,2024-T3,Diminution,59.2,5.6,59.2,35.2
z_55.5_-10.5,2024,4,2024-T4,Diminution,87.9,1.5,87.9,10.5
z_55.5_-10.5,2025,1,2025-T1,Diminution,81.7,1.7,81.7,16.6
z_55.5_-10.5,2025,2,2025-T2,Diminution,85.1,1.4,85.1,13.5
z_55.5_-10.5,2025,3,2025-T3,Diminution,67.3,7.4,67.3,25.2
z_55.5_-10.5,2025,4,2025-T4,Diminution,87.9,1.5,87.9,10.5
z_55.5_-10.5,2026,1,2026-T1,Diminution,78.2,2.4,78.2,19.4
z_55.5_-10.5,2026,2,2026-T2,Diminution,85.1,1.4,85.1,13.5
z_55.5_-10.5,2026,3,2026-T3,Diminution,58.0,14.8,58.0,27.1
z_55.5_-10.5,2026,4,2026-T4,Diminution,87.9,1.5,87.9,10.5
z_55.5_-10.5,2027,1,2027-T1,Diminution,84.6,2.5,84.6,12.9
z_55.5_-10.5,2027,2,2027-T2,Diminution,85.1,1.4,85.1,13.5
z_55.5_-10.5,2027,3,2027-T3,Diminution,69.0,6.4,69.0,24.6
z_55.5_-10.5,2027,4,2027-T4,Diminution,87.9,1.5,87.9,10.5
z_55.5_-10.5,2028,1,2028-T1,Diminution,74.1,4.4,74.1,21.5
z_55.5_-10.5,2028,2,2028-T2,Diminution,85.1,1.4,85.1,13.5
z_55.5_-10.5,2028,3,2028-T3,Diminution,69.0,6.4,69.0,24.6
z_55.5_-10.5,2028,4,2028-T4,Diminution,87.9,1.5,87.9,10.5
z_55.5_-10.5,2029,1,2029-T1,Diminution,87.9,1.4,87.9,10.7
z_55.5_-10.5,2029,2,2029-T2,Diminution,85.1,1.4,85.1,13.5
z_55.5_-10.5,2029,3,2029-T3,Diminution,69.0,6.4,69.0,24.6
z_55.5_-10.5,2029,4,2029-T4,Diminution,87.9,1.5,87.9,10.5
z_55.5_-10.5,2030,1,2030-T1,Diminution,87.9,1.4,87.9,10.7
z_55.5_-10.5,2030,2,2030-T2,Diminution,85.1,1.4,85.1,13.5
z_55.5_-10.5,2030,3,2030-T3,Diminution,69.0,6.4,69.0,24.6
z_55.5_-10.5,2030,4,2030-T4,Diminution,87.9,1.5,87.9,10.5
z_55.5_-15.0,2023,1,2023-T1,Diminution,66.6,4.5,66.6,28.9
z_55.5_-15.0,2023,2,2023-T2,Diminution,68.3,4.2,68.3,27.5
z_55.5_-15.0,2023,3,2023-T3,Diminution,71.3,4.5,71.3,24.2
z_55.5_-15.0,2023,4,2023-T4,Diminution,71.4,5.1,71.4,23.5
z_55.5_-15.0,2024,1,2024-T1,Diminution,56.2,5.4,56.2,38.4
z_55.5_-15.0,2024,2,2024-T2,Diminution,60.5,4.7,60.5,34.8
z_55.5_-15.0,2024,3,2024-T3,Diminution,73.2,4.6,73.2,22.2
z_55.5_-15.0,2024,4,2024-T4,Diminution,66.1,6.2,66.1,27.7
z_55.5_-15.0,2025,1,2025-T1,Diminution,71.0,4.9,71.0,24.1
z_55.5_-15.0,2025,2,2025-T2,Diminution,68.3,4.2,68.3,27.5
z_55.5_-15.0,2025,3,2025-T3,Diminution,71.3,4.5,71.3,24.2
z_55.5_-15.0,2025,4,2025-T4,Diminution,67.2,5.1,67.2,27.7
z_55.5_-15.0,2026,1,2026-T1,Diminution,64.1,4.8,64.1,31.1
z_55.5_-15.0,2026,2,2026-T2,Diminution,68.3,4.2,68.3,27.5
z_55.5_-15.0,2026,3,2026-T3,Diminution,71.3,4.5,71.3,24.2
z_55.5_-15.0,2026,4,2026-T4,Diminution,66.8,4.7,66.8,28.5
z_55.5_-15.0,2027,1,2027-T1,Diminution,71.1,4.6,71.1,24.3
z_55.5_-15.0,2027,2,2027-T2,Diminution,68.3,4.2,68.3,27.5
z_55.5_-15.0,2027,3,2027-T3,Diminution,71.3,4.5,71.3,24.2
z_55.5_-15.0,2027,4,2027-T4,Diminution,71.0,5.4,71.0,23.6
z_55.5_-15.0,2028,1,2028-T1,Diminution,71.1,4.6,71.1,24.3
z_55.5_-15.0,2028,2,2028-T2,Diminution,68.3,4.2,68.3,27.5
z_55.5_-15.0,2028,3,2028-T3,Diminution,71.3,4.5,71.3,24.2
z_55.5_-15.0,2028,4,2028-T4,Diminution,64.1,5.2,64.1,30.7
z_55.5_-15.0,2029,1,2029-T1,Diminution,71.1,4.6,71.1,24.3
z_55.5_-15.0,2029,2,2029-T2,Diminution,68.3,4.2,68.3,27.5
z_55.5_-15.0,2029,3,2029-T3,Diminution,71.3,4.5,71.3,24.2
z_55.5_-15.0,2029,4,2029-T4,Diminution,71.4,5.1,71.4,23.5
z_55.5_-15.0,2030,1,2030-T1,Diminution,71.1,4.6,71.1,24.3
z_55.5_-15.0,2030,2,2030-T2,Diminution,68.3,4.2,68.3,27.5
z_55.5_-15.0,2030,3,2030-T3,Diminution,71.3,4.5,71.3,24.2
z_55.5_-15.0,2030,4,2030-T4,Diminution,71.4,5.1,71.4,23.5
z_55.5_-3.0,2023,1,2023-T1,Stable,44.6,22.0,33.4,44.6
z_55.5_-3.0,2023,2,2023-T2,Diminution,56.3,17.9,56.3,25.8
z_55.5_-3.0,2023,3,2023-T3,Diminution,61.5,12.7,61.5,25.8
z_55.5_-3.0,2023,4,2023-T4,Diminution,59.2,14.0,59.2,26.9
z_55.5_-3.0,2024,1,2024-T1,Stable,42.4,17.0,40.6,42.4
z_55.5_-3.0,2024,2,2024-T2,Diminution,65.9,11.3,65.9,22.8
z_55.5_-3.0,2024,3,2024-T3,Diminution,64.6,11.2,64.6,24.2
z_55.5_-3.0,2024,4,2024-T4,Diminution,65.0,12.3,65.0,22.7
z_55.5_-3.0,2025,1,2025-T1,Stable,43.6,16.5,39.9,43.6
z_55.5_-3.0,2025,2,2025-T2,Diminution,58.6,15.4,58.6,26.0
z_55.5_-3.0,2025,3,2025-T3,Diminution,58.7,15.1,58.7,26.2
z_55.5_-3.0,2025,4,2025-T4,Diminution,59.4,16.2,59.4,24.4
z_55.5_-3.0,2026,1,2026-T1,Stable,44.5,23.3,32.2,44.5
z_55.5_-3.0,2026,2,2026-T2,Diminution,54.5,16.8,54.5,28.7
z_55.5_-3.0,2026,3,2026-T3,Diminution,60.7,13.8,60.7,25.5
z_55.5_-3.0,2026,4,2026-T4,Diminution,60.2,11.2,60.2,28.6
z_55.5_-3.0,2027,1,2027-T1,Stable,46.4,15.5,38.1,46.4
z_55.5_-3.0,2027,2,2027-T2,Diminution,65.9,11.3,65.9,22.8
z_55.5_-3.0,2027,3,2027-T3,Diminution,65.2,11.7,65.2,23.1
z_55.5_-3.0,2027,4,2027-T4,Diminution,64.9,12.2,64.9,22.9
z_55.5_-3.0,2028,1,2028-T1,Stable,46.1,17.5,36.4,46.1
z_55.5_-3.0,2028,2,2028-T2,Diminution,65.9,11.3,65.9,22.8
z_55.5_-3.0,2028,3,2028-T3,Diminution,65.2,11.7,65.2,23.1
z_55.5_-3.0,2028,4,2028-T4,Diminution,64.3,12.8,64.3,22.9
z_55.5_-3.0,2029,1,2029-T1,Stable,47.4,14.0,38.6,47.4
z_55.5_-3.0,2029,2,2029-T2,Diminution,65.9,11.3,65.9,22.8
z_55.5_-3.0,2029,3,2029-T3,Diminution,65.2,11.7,65.2,23.1
z_55.5_-3.0,2029,4,2029-T4,Diminution,64.1,10.4,64.1,25.6
z_55.5_-3.0,2030,1,2030-T1,Stable,43.6,16.5,39.9,43.6
z_55.5_-3.0,2030,2,2030-T2,Diminution,65.9,11.3,65.9,22.8
z_55.5_-3.0,2030,3,2030-T3,Diminution,65.2,11.7,65.2,23.1
z_55.5_-3.0,2030,4,2030-T4,Diminution,62.6,14.0,62.6,23.4
z_55.5_-4.5,2023,1,2023-T1,Diminution,59.0,16.1,59.0,24.8
z_55.5_-4.5,2023,2,2023-T2,Stable,46.9,13.0,40.2,46.9
z_55.5_-4.5,2023,3,2023-T3,Diminution,54.6,16.4,54.6,29.0
z_55.5_-4.5,2023,4,2023-T4,Diminution,55.1,12.7,55.1,32.1
z_55.5_-4.5,2024,1,2024-T1,Diminution,57.0,15.2,57.0,27.8
z_55.5_-4.5,2024,2,2024-T2,Diminution,58.0,11.3,58.0,30.7
z_55.5_-4.5,2024,3,2024-T3,Diminution,63.5,15.7,63.5,20.9
z_55.5_-4.5,2024,4,2024-T4,Diminution,60.0,11.2,60.0,28.7
z_55.5_-4.5,2025,1,2025-T1,Diminution,58.6,12.4,58.6,28.9
z_55.5_-4.5,2025,2,2025-T2,Diminution,47.5,20.7,47.5,31.8
z_55.5_-4.5,2025,3,2025-T3,Diminution,62.5,13.1,62.5,24.4
z_55.5_-4.5,2025,4,2025-T4,Diminution,64.7,15.3,64.7,20.0
z_55.5_-4.5,2026,1,2026-T1,Diminution,58.1,12.0,58.1,29.8
z_55.5_-4.5,2026,2,2026-T2,Diminution,59.8,10.5,59.8,29.7
z_55.5_-4.5,2026,3,2026-T3,Diminution,69.7,9.0,69.7,21.3
z_55.5_-4.5,2026,4,2026-T4,Diminution,65.2,15.1,65.2,19.7
z_55.5_-4.5,2027,1,2027-T1,Diminution,65.1,12.7,65.1,22.3
z_55.5_-4.5,2027,2,2027-T2,Diminution,59.8,10.5,59.8,29.7
z_55.5_-4.5,2027,3,2027-T3,Diminution,63.1,8.8,63.1,28.1
z_55.5_-4.5,2027,4,2027-T4,Diminution,69.6,10.3,69.6,20.1
z_55.5_-4.5,2028,1,2028-T1,Diminution,61.4,16.1,61.4,22.4
z_55.5_-4.5,2028,2,2028-T2,Diminution,59.8,10.5,59.8,29.7
z_55.5_-4.5,2028,3,2028-T3,Diminution,69.5,9.7,69.5,20.8
z_55.5_-4.5,2028,4,2028-T4,Diminution,69.6,10.3,69.6,20.1
z_55.5_-4.5,2029,1,2029-T1,Diminution,65.1,12.4,65.1,22.5
z_55.5_-4.5,2029,2,2029-T2,Diminution,59.8,10.5,59.8,29.7
z_55.5_-4.5,2029,3,2029-T3,Diminution,64.6,14.7,64.6,20.7
z_55.5_-4.5,2029,4,2029-T4,Diminution,69.6,10.3,69.6,20.1
z_55.5_-4.5,2030,1,2030-T1,Diminution,65.1,12.4,65.1,22.5
z_55.5_-4.5,2030,2,2030-T2,Diminution,59.8,10.5,59.8,29.7
z_55.5_-4.5,2030,3,2030-T3,Diminution,70.1,9.3,70.1,20.6
z_55.5_-4.5,2030,4,2030-T4,Diminution,69.6,10.3,69.6,20.1
z_55.5_-6.0,2023,1,2023-T1,Diminution,72.1,9.5,72.1,18.4
z_55.5_-6.0,2023,2,2023-T2,Diminution,65.2,13.2,65.2,21.6
z_55.5_-6.0,2023,3,2023-T3,Diminution,64.2,15.6,64.2,20.2
z_55.5_-6.0,2023,4,2023-T4,Diminution,62.3,15.9,62.3,21.8
z_55.5_-6.0,2024,1,2024-T1,Diminution,61.2,16.0,61.2,22.8
z_55.5_-6.0,2024,2,2024-T2,Diminution,59.9,16.5,59.9,23.6
z_55.5_-6.0,2024,3,2024-T3,Diminution,60.1,17.8,60.1,22.2
z_55.5_-6.0,2024,4,2024-T4,Diminution,58.4,15.5,58.4,26.1
z_55.5_-6.0,2025,1,2025-T1,Diminution,57.5,15.2,57.5,27.3
z_55.5_-6.0,2025,2,2025-T2,Diminution,53.2,18.6,53.2,28.2
z_55.5_-6.0,2025,3,2025-T3,Diminution,49.2,20.0,49.2,30.7
z_55.5_-6.0,2025,4,2025-T4,Diminution,51.9,22.6,51.9,25.5
z_55.5_-6.0,2026,1,2026-T1,Diminution,55.2,18.7,55.2,26.1
z_55.5_-6.0,2026,2,2026-T2,Diminution,64.7,13.4,64.7,21.8
z_55.5_-6.0,2026,3,2026-T3,Diminution,64.4,12.5,64.4,23.1
z_55.5_-6.0,2026,4,2026-T4,Diminution,64.4,14.0,64.4,21.6
z_55.5_-6.0,2027,1,2027-T1,Diminution,62.3,13.1,62.3,24.6
z_55.5_-6.0,2027,2,2027-T2,Diminution,66.8,12.7,66.8,20.4
z_55.5_-6.0,2027,3,2027-T3,Diminution,64.8,12.9,64.8,22.3
z_55.5_-6.0,2027,4,2027-T4,Diminution,64.4,14.0,64.4,21.6
z_55.5_-6.0,2028,1,2028-T1,Diminution,62.7,14.6,62.7,22.6
z_55.5_-6.0,2028,2,2028-T2,Diminution,66.8,12.9,66.8,20.3
z_55.5_-6.0,2028,3,2028-T3,Diminution,64.8,12.9,64.8,22.3
z_55.5_-6.0,2028,4,2028-T4,Diminution,64.4,14.0,64.4,21.6
z_55.5_-6.0,2029,1,2029-T1,Diminution,62.8,12.2,62.8,25.0
z_55.5_-6.0,2029,2,2029-T2,Diminution,66.7,11.5,66.7,21.7
z_55.5_-6.0,2029,3,2029-T3,Diminution,64.8,12.9,64.8,22.3
z_55.5_-6.0,2029,4,2029-T4,Diminution,64.4,14.0,64.4,21.6
z_55.5_-6.0,2030,1,2030-T1,Diminution,61.6,13.0,61.6,25.4
z_55.5_-6.0,2030,2,2030-T2,Diminution,65.4,12.2,65.4,22.4
z_55.5_-6.0,2030,3,2030-T3,Diminution,64.8,12.9,64.8,22.3
z_55.5_-6.0,2030,4,2030-T4,Diminution,64.4,14.0,64.4,21.6
z_55.5_-7.5,2023,1,2023-T1,Diminution,60.1,14.7,60.1,25.3
z_55.5_-7.5,2023,2,2023-T2,Diminution,59.6,13.9,59.6,26.6
z_55.5_-7.5,2023,3,2023-T3,Diminution,63.6,11.4,63.6,25.0
z_55.5_-7.5,2023,4,2023-T4,Diminution,63.3,9.3,63.3,27.4
z_55.5_-7.5,2024,1,2024-T1,Diminution,60.6,14.7,60.6,24.7
z_55.5_-7.5,2024,2,2024-T2,Diminution,58.9,15.3,58.9,25.8
z_55.5_-7.5,2024,3,2024-T3,Diminution,66.9,14.2,66.9,18.9
z_55.5_-7.5,2024,4,2024-T4,Diminution,62.8,15.1,62.8,22.0
z_55.5_-7.5,2025,1,2025-T1,Diminution,60.8,11.5,60.8,27.7
z_55.5_-7.5,2025,2,2025-T2,Diminution,60.1,13.8,60.1,26.0
z_55.5_-7.5,2025,3,2025-T3,Diminution,63.4,13.3,63.4,23.3
z_55.5_-7.5,2025,4,2025-T4,Diminution,66.4,13.7,66.4,19.8
z_55.5_-7.5,2026,1,2026-T1,Diminution,62.4,13.0,62.4,24.6
z_55.5_-7.5,2026,2,2026-T2,Diminution,64.8,11.7,64.8,23.5
z_55.5_-7.5,2026,3,2026-T3,Diminution,66.5,9.9,66.5,23.6
z_55.5_-7.5,2026,4,2026-T4,Diminution,67.1,11.1,67.1,21.8
z_55.5_-7.5,2027,1,2027-T1,Diminution,62.4,13.0,62.4,24.6
z_55.5_-7.5,2027,2,2027-T2,Diminution,64.8,11.7,64.8,23.5
z_55.5_-7.5,2027,3,2027-T3,Diminution,62.8,8.5,62.8,28.7
z_55.5_-7.5,2027,4,2027-T4,Diminution,67.1,11.1,67.1,21.8
z_55.5_-7.5,2028,1,2028-T1,Diminution,62.4,13.0,62.4,24.6
z_55.5_-7.5,2028,2,2028-T2,Diminution,64.8,11.7,64.8,23.5
z_55.5_-7.5,2028,3,2028-T3,Diminution,67.8,10.5,67.8,21.7
z_55.5_-7.5,2028,4,2028-T4,Diminution,67.1,11.1,67.1,21.8
z_55.5_-7.5,2029,1,2029-T1,Diminution,62.4,13.0,62.4,24.6
z_55.5_-7.5,2029,2,2029-T2,Diminution,64.8,11.7,64.8,23.5
z_55.5_-7.5,2029,3,2029-T3,Diminution,64.9,14.0,64.9,21.1
z_55.5_-7.5,2029,4,2029-T4,Diminution,67.1,11.1,67.1,21.8
z_55.5_-7.5,2030,1,2030-T1,Diminution,62.4,13.0,62.4,24.6
z_55.5_-7.5,2030,2,2030-T2,Diminution,64.8,11.7,64.8,23.5
z_55.5_-7.5,2030,3,2030-T3,Diminution,67.0,10.2,67.0,22.8
z_55.5_-7.5,2030,4,2030-T4,Diminution,67.1,11.1,67.1,21.8
z_55.5_0.0,2023,1,2023-T1,Diminution,52.1,11.6,52.1,36.3
z_55.5_0.0,2023,2,2023-T2,Diminution,88.6,1.3,88.6,10.2
z_55.5_0.0,2023,3,2023-T3,Diminution,70.5,14.0,70.5,15.5
z_55.5_0.0,2023,4,2023-T4,Diminution,78.8,9.8,78.8,11.4
z_55.5_0.0,2024,1,2024-T1,Diminution,53.2,22.9,53.2,23.9
z_55.5_0.0,2024,2,2024-T2,Diminution,88.6,1.3,88.6,10.2
z_55.5_0.0,2024,3,2024-T3,Diminution,80.5,8.9,80.5,10.6
z_55.5_0.0,2024,4,2024-T4,Diminution,67.5,13.9,67.5,18.5
z_55.5_0.0,2025,1,2025-T1,Diminution,46.1,15.7,46.1,38.3
z_55.5_0.0,2025,2,2025-T2,Diminution,82.1,5.8,82.1,12.0
z_55.5_0.0,2025,3,2025-T3,Diminution,72.4,7.7,72.4,19.9
z_55.5_0.0,2025,4,2025-T4,Diminution,81.1,9.1,81.1,9.8
z_55.5_0.0,2026,1,2026-T1,Diminution,67.1,9.6,67.1,23.2
z_55.5_0.0,2026,2,2026-T2,Diminution,88.6,1.3,88.6,10.2
z_55.5_0.0,2026,3,2026-T3,Diminution,73.7,9.4,73.7,17.0
z_55.5_0.0,2026,4,2026-T4,Diminution,81.1,9.1,81.1,9.8
z_55.5_0.0,2027,1,2027-T1,Diminution,67.1,9.6,67.1,23.2
z_55.5_0.0,2027,2,2027-T2,Diminution,88.6,1.3,88.6,10.2
z_55.5_0.0,2027,3,2027-T3,Diminution,67.4,8.4,67.4,24.3
z_55.5_0.0,2027,4,2027-T4,Diminution,81.1,9.1,81.1,9.8
z_55.5_0.0,2028,1,2028-T1,Diminution,67.1,9.6,67.1,23.2
z_55.5_0.0,2028,2,2028-T2,Diminution,88.6,1.3,88.6,10.2
z_55.5_0.0,2028,3,2028-T3,Diminution,73.6,10.6,73.6,15.7
z_55.5_0.0,2028,4,2028-T4,Diminution,81.1,9.1,81.1,9.8
z_55.5_0.0,2029,1,2029-T1,Diminution,67.1,9.6,67.1,23.2
z_55.5_0.0,2029,2,2029-T2,Diminution,88.6,1.3,88.6,10.2
z_55.5_0.0,2029,3,2029-T3,Diminution,69.3,13.2,69.3,17.5
z_55.5_0.0,2029,4,2029-T4,Diminution,81.1,9.1,81.1,9.8
z_55.5_0.0,2030,1,2030-T1,Diminution,67.1,9.6,67.1,23.2
z_55.5_0.0,2030,2,2030-T2,Diminution,88.6,1.3,88.6,10.2
z_55.5_0.0,2030,3,2030-T3,Diminution,80.5,8.9,80.5,10.6
z_55.5_0.0,2030,4,2030-T4,Diminution,81.1,9.1,81.1,9.8
z_55.5_1.5,2023,1,2023-T1,Diminution,54.5,17.5,54.5,28.0
z_55.5_1.5,2023,2,2023-T2,Diminution,63.9,6.9,63.9,29.2
z_55.5_1.5,2023,3,2023-T3,Diminution,40.6,20.6,40.6,38.8
z_55.5_1.5,2023,4,2023-T4,Diminution,76.3,4.3,76.3,19.5
z_55.5_1.5,2024,1,2024-T1,Diminution,64.0,7.3,64.0,28.7
z_55.5_1.5,2024,2,2024-T2,Diminution,86.5,1.2,86.5,12.3
z_55.5_1.5,2024,3,2024-T3,Diminution,64.4,10.3,64.4,25.3
z_55.5_1.5,2024,4,2024-T4,Diminution,83.7,3.2,83.7,13.1
z_55.5_1.5,2025,1,2025-T1,Diminution,58.6,11.4,58.6,30.0
z_55.5_1.5,2025,2,2025-T2,Diminution,86.5,1.2,86.5,12.3
z_55.5_1.5,2025,3,2025-T3,Diminution,64.4,10.3,64.4,25.3
z_55.5_1.5,2025,4,2025-T4,Diminution,77.1,2.3,77.1,20.6
z_55.5_1.5,2026,1,2026-T1,Diminution,51.8,9.3,51.8,38.9
z_55.5_1.5,2026,2,2026-T2,Diminution,70.6,2.8,70.6,26.6
z_55.5_1.5,2026,3,2026-T3,Diminution,56.6,14.4,56.6,29.0
z_55.5_1.5,2026,4,2026-T4,Diminution,76.4,3.0,76.4,20.6
z_55.5_1.5,2027,1,2027-T1,Diminution,65.7,10.9,65.7,23.4
z_55.5_1.5,2027,2,2027-T2,Diminution,86.5,1.2,86.5,12.3
z_55.5_1.5,2027,3,2027-T3,Diminution,64.4,10.3,64.4,25.3
z_55.5_1.5,2027,4,2027-T4,Diminution,66.2,6.5,66.2,27.4
z_55.5_1.5,2028,1,2028-T1,Diminution,58.9,16.2,58.9,24.9
z_55.5_1.5,2028,2,2028-T2,Diminution,86.5,1.2,86.5,12.3
z_55.5_1.5,2028,3,2028-T3,Diminution,64.4,10.3,64.4,25.3
z_55.5_1.5,2028,4,2028-T4,Diminution,68.9,3.3,68.9,27.8
z_55.5_1.5,2029,1,2029-T1,Diminution,68.3,8.9,68.3,22.7
z_55.5_1.5,2029,2,2029-T2,Diminution,86.5,1.2,86.5,12.3
z_55.5_1.5,2029,3,2029-T3,Diminution,64.4,10.3,64.4,25.3
z_55.5_1.5,2029,4,2029-T4,Diminution,79.7,3.6,79.7,16.7
z_55.5_1.5,2030,1,2030-T1,Diminution,68.3,8.9,68.3,22.7
z_55.5_1.5,2030,2,2030-T2,Diminution,86.5,1.2,86.5,12.3
z_55.5_1.5,2030,3,2030-T3,Diminution,64.4,10.3,64.4,25.3
z_55.5_1.5,2030,4,2030-T4,Diminution,65.7,4.6,65.7,29.6
z_55.5_10.5,2023,1,2023-T1,Augmentation,44.2,44.2,18.2,37.6
z_55.5_10.5,2023,2,2023-T2,Augmentation,61.7,61.7,13.2,25.1
z_55.5_10.5,2023,3,2023-T3,Augmentation,65.5,65.5,13.2,21.3
z_55.5_10.5,2023,4,2023-T4,Augmentation,63.0,63.0,12.7,24.3
z_55.5_10.5,2024,1,2024-T1,Augmentation,60.5,60.5,16.3,23.2
z_55.5_10.5,2024,2,2024-T2,Augmentation,61.1,61.1,13.8,25.1
z_55.5_10.5,2024,3,2024-T3,Augmentation,58.4,58.4,19.5,22.1
z_55.5_10.5,2024,4,2024-T4,Augmentation,43.6,43.6,21.6,34.8
z_55.5_10.5,2025,1,2025-T1,Augmentation,47.3,47.3,18.8,34.0
z_55.5_10.5,2025,2,2025-T2,Augmentation,45.0,45.0,28.5,26.5
z_55.5_10.5,2025,3,2025-T3,Augmentation,51.5,51.5,17.7,30.8
z_55.5_10.5,2025,4,2025-T4,Augmentation,52.0,52.0,22.1,25.9
z_55.5_10.5,2026,1,2026-T1,Augmentation,40.8,40.8,31.6,27.6
z_55.5_10.5,2026,2,2026-T2,Augmentation,45.9,45.9,21.0,33.2
z_55.5_10.5,2026,3,2026-T3,Augmentation,51.2,51.2,21.7,27.1
z_55.5_10.5,2026,4,2026-T4,Augmentation,57.5,57.5,18.6,23.9
z_55.5_10.5,2027,1,2027-T1,Augmentation,53.5,53.5,19.4,27.1
z_55.5_10.5,2027,2,2027-T2,Augmentation,60.2,60.2,16.4,23.4
z_55.5_10.5,2027,3,2027-T3,Augmentation,59.2,59.2,16.0,24.8
z_55.5_10.5,2027,4,2027-T4,Augmentation,59.3,59.3,16.9,23.7
z_55.5_10.5,2028,1,2028-T1,Augmentation,55.9,55.9,17.5,26.6
z_55.5_10.5,2028,2,2028-T2,Augmentation,59.1,59.1,16.1,24.8
z_55.5_10.5,2028,3,2028-T3,Augmentation,60.8,60.8,14.5,24.7
z_55.5_10.5,2028,4,2028-T4,Augmentation,55.0,55.0,15.6,29.4
z_55.5_10.5,2029,1,2029-T1,Augmentation,54.5,54.5,15.7,29.8
z_55.5_10.5,2029,2,2029-T2,Augmentation,59.1,59.1,13.8,27.1
z_55.5_10.5,2029,3,2029-T3,Augmentation,58.0,58.0,14.2,27.9
z_55.5_10.5,2029,4,2029-T4,Augmentation,57.8,57.8,15.5,26.7
z_55.5_10.5,2030,1,2030-T1,Augmentation,54.3,54.3,15.0,30.7
z_55.5_10.5,2030,2,2030-T2,Augmentation,59.8,59.8,13.7,26.5
z_55.5_10.5,2030,3,2030-T3,Augmentation,59.6,59.6,13.2,27.2
z_55.5_10.5,2030,4,2030-T4,Augmentation,57.6,57.6,13.8,28.6
z_55.5_12.0,2023,1,2023-T1,Augmentation,48.3,48.3,15.6,36.1
z_55.5_12.0,2023,2,2023-T2,Augmentation,57.4,57.4,13.4,29.2
z_55.5_12.0,2023,3,2023-T3,Augmentation,58.6,58.6,15.0,26.4
z_55.5_12.0,2023,4,2023-T4,Augmentation,58.1,58.1,12.7,29.1
z_55.5_12.0,2024,1,2024-T1,Augmentation,72.5,72.5,10.3,17.2
z_55.5_12.0,2024,2,2024-T2,Augmentation,70.8,70.8,12.2,16.9
z_55.5_12.0,2024,3,2024-T3,Augmentation,76.2,76.2,10.3,13.5
z_55.5_12.0,2024,4,2024-T4,Augmentation,85.5,85.5,5.7,8.7
z_55.5_12.0,2025,1,2025-T1,Augmentation,77.0,77.0,9.3,13.7
z_55.5_12.0,2025,2,2025-T2,Augmentation,74.5,74.5,8.2,17.3
z_55.5_12.0,2025,3,2025-T3,Augmentation,82.6,82.6,7.3,10.1
z_55.5_12.0,2025,4,2025-T4,Augmentation,75.1,75.1,7.4,17.5
z_55.5_12.0,2026,1,2026-T1,Augmentation,75.0,75.0,10.8,14.2
z_55.5_12.0,2026,2,2026-T2,Augmentation,78.9,78.9,8.5,12.6
z_55.5_12.0,2026,3,2026-T3,Augmentation,81.5,81.5,9.3,9.2
z_55.5_12.0,2026,4,2026-T4,Augmentation,71.5,71.5,10.3,18.2
z_55.5_12.0,2027,1,2027-T1,Augmentation,78.6,78.6,8.7,12.8
z_55.5_12.0,2027,2,2027-T2,Augmentation,82.0,82.0,6.7,11.3
z_55.5_12.0,2027,3,2027-T3,Augmentation,82.3,82.3,8.3,9.4
z_55.5_12.0,2027,4,2027-T4,Augmentation,79.7,79.7,7.2,13.1
z_55.5_12.0,2028,1,2028-T1,Augmentation,79.5,79.5,8.6,11.8
z_55.5_12.0,2028,2,2028-T2,Augmentation,81.3,81.3,7.3,11.5
z_55.5_12.0,2028,3,2028-T3,Augmentation,83.4,83.4,7.1,9.6
z_55.5_12.0,2028,4,2028-T4,Augmentation,83.4,83.4,7.4,9.2
z_55.5_12.0,2029,1,2029-T1,Augmentation,78.6,78.6,9.0,12.5
z_55.5_12.0,2029,2,2029-T2,Augmentation,84.2,84.2,6.7,9.2
z_55.5_12.0,2029,3,2029-T3,Augmentation,83.6,83.6,7.5,9.0
z_55.5_12.0,2029,4,2029-T4,Augmentation,82.5,82.5,7.1,10.4
z_55.5_12.0,2030,1,2030-T1,Augmentation,80.0,80.0,8.4,11.6
z_55.5_12.0,2030,2,2030-T2,Augmentation,85.2,85.2,6.4,8.4
z_55.5_12.0,2030,3,2030-T3,Augmentation,84.4,84.4,6.8,8.8
z_55.5_12.0,2030,4,2030-T4,Augmentation,81.7,81.7,7.1,11.3
z_55.5_13.5,2023,1,2023-T1,Stable,44.8,18.6,36.7,44.8
z_55.5_13.5,2023,2,2023-T2,Stable,45.4,12.2,42.4,45.4
z_55.5_13.5,2023,3,2023-T3,Stable,46.3,13.2,40.6,46.3
z_55.5_13.5,2023,4,2023-T4,Stable,50.4,12.3,37.3,50.4
z_55.5_13.5,2024,1,2024-T1,Stable,43.3,16.8,40.0,43.3
z_55.5_13.5,2024,2,2024-T2,Stable,46.0,11.0,43.0,46.0
z_55.5_13.5,2024,3,2024-T3,Stable,48.2,13.2,38.6,48.2
z_55.5_13.5,2024,4,2024-T4,Stable,43.4,22.9,33.7,43.4
z_55.5_13.5,2025,1,2025-T1,Stable,45.0,22.8,32.2,45.0
z_55.5_13.5,2025,2,2025-T2,Stable,53.8,24.6,21.6,53.8
z_55.5_13.5,2025,3,2025-T3,Stable,42.5,15.9,41.7,42.5
z_55.5_13.5,2025,4,2025-T4,Stable,43.8,13.8,42.4,43.8
z_55.5_13.5,2026,1,2026-T1,Stable,45.0,15.4,39.6,45.0
z_55.5_13.5,2026,2,2026-T2,Stable,48.4,13.6,38.0,48.4
z_55.5_13.5,2026,3,2026-T3,Diminution,51.8,10.0,51.8,38.1
z_55.5_13.5,2026,4,2026-T4,Stable,45.9,14.3,39.8,45.9
z_55.5_13.5,2027,1,2027-T1,Stable,46.3,14.4,39.3,46.3
z_55.5_13.5,2027,2,2027-T2,Stable,49.5,11.3,39.2,49.5
z_55.5_13.5,2027,3,2027-T3,Diminution,51.0,9.9,51.0,39.1
z_55.5_13.5,2027,4,2027-T4,Stable,46.4,13.5,40.1,46.4
z_55.5_13.5,2028,1,2028-T1,Stable,45.4,15.2,39.4,45.4
z_55.5_13.5,2028,2,2028-T2,Stable,47.4,14.4,38.2,47.4
z_55.5_13.5,2028,3,2028-T3,Diminution,55.3,9.2,55.3,35.5
z_55.5_13.5,2028,4,2028-T4,Stable,47.6,11.9,40.4,47.6
z_55.5_13.5,2029,1,2029-T1,Stable,44.4,13.2,42.4,44.4
z_55.5_13.5,2029,2,2029-T2,Stable,47.3,14.4,38.3,47.3
z_55.5_13.5,2029,3,2029-T3,Diminution,55.3,9.2,55.3,35.5
z_55.5_13.5,2029,4,2029-T4,Stable,45.5,13.7,40.8,45.5
z_55.5_13.5,2030,1,2030-T1,Stable,43.6,15.3,41.1,43.6
z_55.5_13.5,2030,2,2030-T2,Stable,46.0,11.4,42.6,46.0
z_55.5_13.5,2030,3,2030-T3,Diminution,55.3,9.2,55.3,35.5
z_55.5_13.5,2030,4,2030-T4,Stable,45.7,12.3,42.0,45.7
z_55.5_15.0,2023,1,2023-T1,Augmentation,54.6,54.6,13.4,32.0
z_55.5_15.0,2023,2,2023-T2,Augmentation,39.3,39.3,25.5,35.2
z_55.5_15.0,2023,3,2023-T3,Diminution,38.2,24.7,38.2,37.1
z_55.5_15.0,2023,4,2023-T4,Stable,35.9,32.9,31.2,35.9
z_55.5_15.0,2024,1,2024-T1,Augmentation,48.5,48.5,15.2,36.2
z_55.5_15.0,2024,2,2024-T2,Augmentation,47.5,47.5,26.0,26.5
z_55.5_15.0,2024,3,2024-T3,Augmentation,42.2,42.2,15.9,41.9
z_55.5_15.0,2024,4,2024-T4,Augmentation,43.1,43.1,24.0,32.9
z_55.5_15.0,2025,1,2025-T1,Stable,51.2,31.5,17.4,51.2
z_55.5_15.0,2025,2,2025-T2,Diminution,41.7,26.0,41.7,32.3
z_55.5_15.0,2025,3,2025-T3,Stable,35.6,29.3,35.1,35.6
z_55.5_15.0,2025,4,2025-T4,Augmentation,35.3,35.3,30.3,34.4
z_55.5_15.0,2026,1,2026-T1,Stable,47.3,38.1,14.6,47.3
z_55.5_15.0,2026,2,2026-T2,Stable,38.0,26.5,35.5,38.0
z_55.5_15.0,2026,3,2026-T3,Stable,38.5,28.8,32.6,38.5
z_55.5_15.0,2026,4,2026-T4,Stable,40.6,26.4,32.9,40.6
z_55.5_15.0,2027,1,2027-T1,Stable,53.3,29.2,17.4,53.3
z_55.5_15.0,2027,2,2027-T2,Diminution,38.8,25.9,38.8,35.3
z_55.5_15.0,2027,3,2027-T3,Stable,39.0,29.1,31.9,39.0
z_55.5_15.0,2027,4,2027-T4,Stable,43.0,25.2,31.8,43.0
z_55.5_15.0,2028,1,2028-T1,Stable,55.1,28.9,16.0,55.1
z_55.5_15.0,2028,2,2028-T2,Stable,39.7,24.2,36.1,39.7
z_55.5_15.0,2028,3,2028-T3,Stable,38.6,27.2,34.1,38.6
z_55.5_15.0,2028,4,2028-T4,Stable,42.9,25.8,31.3,42.9
z_55.5_15.0,2029,1,2029-T1,Stable,55.5,28.0,16.5,55.5
z_55.5_15.0,2029,2,2029-T2,Stable,39.1,24.3,36.6,39.1
z_55.5_15.0,2029,3,2029-T3,Stable,43.1,25.9,31.0,43.1
z_55.5_15.0,2029,4,2029-T4,Stable,44.6,24.9,30.5,44.6
z_55.5_15.0,2030,1,2030-T1,Stable,56.8,26.6,16.6,56.8
z_55.5_15.0,2030,2,2030-T2,Stable,40.6,22.9,36.5,40.6
z_55.5_15.0,2030,3,2030-T3,Stable,42.3,25.6,32.1,42.3
z_55.5_15.0,2030,4,2030-T4,Stable,44.6,24.9,30.5,44.6
z_55.5_16.5,2023,1,2023-T1,Stable,38.7,23.2,38.1,38.7
z_55.5_16.5,2023,2,2023-T2,Stable,54.3,15.6,30.1,54.3
z_55.5_16.5,2023,3,2023-T3,Stable,51.9,21.2,26.9,51.9
z_55.5_16.5,2023,4,2023-T4,Stable,48.9,21.0,30.1,48.9
z_55.5_16.5,2024,1,2024-T1,Diminution,55.6,13.5,55.6,31.0
z_55.5_16.5,2024,2,2024-T2,Stable,54.8,9.6,35.6,54.8
z_55.5_16.5,2024,3,2024-T3,Stable,43.4,13.9,42.7,43.4
z_55.5_16.5,2024,4,2024-T4,Stable,45.4,26.2,28.5,45.4
z_55.5_16.5,2025,1,2025-T1,Stable,40.8,28.7,30.5,40.8
z_55.5_16.5,2025,2,2025-T2,Stable,53.6,20.4,26.0,53.6
z_55.5_16.5,2025,3,2025-T3,Stable,46.7,12.6,40.7,46.7
z_55.5_16.5,2025,4,2025-T4,Diminution,48.1,12.1,48.1,39.7
z_55.5_16.5,2026,1,2026-T1,Diminution,65.1,10.9,65.1,23.9
z_55.5_16.5,2026,2,2026-T2,Stable,48.8,11.7,39.5,48.8
z_55.5_16.5,2026,3,2026-T3,Stable,46.7,10.2,43.0,46.7
z_55.5_16.5,2026,4,2026-T4,Stable,44.6,12.7,42.7,44.6
z_55.5_16.5,2027,1,2027-T1,Diminution,64.3,12.1,64.3,23.5
z_55.5_16.5,2027,2,2027-T2,Stable,44.4,14.2,41.4,44.4
z_55.5_16.5,2027,3,2027-T3,Stable,48.8,9.8,41.3,48.8
z_55.5_16.5,2027,4,2027-T4,Stable,44.3,12.4,43.3,44.3
z_55.5_16.5,2028,1,2028-T1,Diminution,65.7,12.5,65.7,21.9
z_55.5_16.5,2028,2,2028-T2,Diminution,45.9,14.7,45.9,39.4
z_55.5_16.5,2028,3,2028-T3,Diminution,47.9,11.8,47.9,40.3
z_55.5_16.5,2028,4,2028-T4,Diminution,50.1,13.4,50.1,36.6
z_55.5_16.5,2029,1,2029-T1,Diminution,65.7,12.5,65.7,21.9
z_55.5_16.5,2029,2,2029-T2,Diminution,45.2,13.9,45.2,40.9
z_55.5_16.5,2029,3,2029-T3,Diminution,44.2,14.0,44.2,41.8
z_55.5_16.5,2029,4,2029-T4,Diminution,47.5,15.3,47.5,37.2
z_55.5_16.5,2030,1,2030-T1,Diminution,65.7,12.5,65.7,21.9
z_55.5_16.5,2030,2,2030-T2,Diminution,48.7,12.0,48.7,39.3
z_55.5_16.5,2030,3,2030-T3,Diminution,49.4,12.2,49.4,38.4
z_55.5_16.5,2030,4,2030-T4,Diminution,50.2,13.1,50.2,36.8
z_55.5_18.0,2023,1,2023-T1,Diminution,40.4,20.0,40.4,39.5
z_55.5_18.0,2023,2,2023-T2,Diminution,43.5,18.5,43.5,38.0
z_55.5_18.0,2023,3,2023-T3,Diminution,87.8,5.0,87.8,7.2
z_55.5_18.0,2023,4,2023-T4,Diminution,41.3,21.0,41.3,37.8
z_55.5_18.0,2024,1,2024-T1,Diminution,47.6,22.6,47.6,29.8
z_55.5_18.0,2024,2,2024-T2,Diminution,47.1,19.1,47.1,33.8
z_55.5_18.0,2024,3,2024-T3,Diminution,63.0,7.5,63.0,29.5
z_55.5_18.0,2024,4,2024-T4,Stable,44.7,16.8,38.4,44.7
z_55.5_18.0,2025,1,2025-T1,Stable,46.7,19.9,33.4,46.7
z_55.5_18.0,2025,2,2025-T2,Stable,51.3,8.1,40.6,51.3
z_55.5_18.0,2025,3,2025-T3,Diminution,82.4,4.2,82.4,13.5
z_55.5_18.0,2025,4,2025-T4,Diminution,48.4,22.8,48.4,28.8
z_55.5_18.0,2026,1,2026-T1,Diminution,48.8,15.7,48.8,35.5
z_55.5_18.0,2026,2,2026-T2,Diminution,45.6,18.9,45.6,35.5
z_55.5_18.0,2026,3,2026-T3,Diminution,82.5,7.5,82.5,10.1
z_55.5_18.0,2026,4,2026-T4,Diminution,57.4,12.8,57.4,29.8
z_55.5_18.0,2027,1,2027-T1,Diminution,47.2,9.0,47.2,43.8
z_55.5_18.0,2027,2,2027-T2,Diminution,41.4,19.4,41.4,39.2
z_55.5_18.0,2027,3,2027-T3,Diminution,76.0,4.9,76.0,19.1
z_55.5_18.0,2027,4,2027-T4,Diminution,57.4,12.8,57.4,29.8
z_55.5_18.0,2028,1,2028-T1,Diminution,54.6,12.7,54.6,32.6
z_55.5_18.0,2028,2,2028-T2,Diminution,51.7,14.6,51.7,33.8
z_55.5_18.0,2028,3,2028-T3,Diminution,82.9,4.9,82.9,12.2
z_55.5_18.0,2028,4,2028-T4,Diminution,57.4,12.8,57.4,29.8
z_55.5_18.0,2029,1,2029-T1,Diminution,49.1,20.4,49.1,30.6
z_55.5_18.0,2029,2,2029-T2,Diminution,46.4,22.9,46.4,30.7
z_55.5_18.0,2029,3,2029-T3,Diminution,60.3,9.5,60.3,30.2
z_55.5_18.0,2029,4,2029-T4,Diminution,57.4,12.8,57.4,29.8
z_55.5_18.0,2030,1,2030-T1,Diminution,57.1,11.5,57.1,31.4
z_55.5_18.0,2030,2,2030-T2,Diminution,53.5,15.1,53.5,31.4
z_55.5_18.0,2030,3,2030-T3,Diminution,87.8,5.0,87.8,7.2
z_55.5_18.0,2030,4,2030-T4,Diminution,57.4,12.8,57.4,29.8
z_55.5_19.5,2023,1,2023-T1,Stable,53.3,27.1,19.6,53.3
z_55.5_19.5,2023,2,2023-T2,Stable,54.7,27.4,17.9,54.7
z_55.5_19.5,2023,3,2023-T3,Diminution,50.2,19.2,50.2,30.6
z_55.5_19.5,2023,4,2023-T4,Stable,44.1,20.0,35.9,44.1
z_55.5_19.5,2024,1,2024-T1,Stable,43.7,20.1,36.2,43.7
z_55.5_19.5,2024,2,2024-T2,Stable,45.5,22.2,32.2,45.5
z_55.5_19.5,2024,3,2024-T3,Diminution,64.1,11.5,64.1,24.5
z_55.5_19.5,2024,4,2024-T4,Stable,41.5,17.4,41.1,41.5
z_55.5_19.5,2025,1,2025-T1,Stable,45.5,25.2,29.4,45.5
z_55.5_19.5,2025,2,2025-T2,Stable,45.7,27.6,26.8,45.7
z_55.5_19.5,2025,3,2025-T3,Diminution,46.4,18.6,46.4,35.0
z_55.5_19.5,2025,4,2025-T4,Stable,47.7,22.6,29.7,47.7
z_55.5_19.5,2026,1,2026-T1,Stable,45.3,19.1,35.6,45.3
z_55.5_19.5,2026,2,2026-T2,Stable,42.9,19.6,37.4,42.9
z_55.5_19.5,2026,3,2026-T3,Diminution,62.9,15.2,62.9,21.8
z_55.5_19.5,2026,4,2026-T4,Diminution,43.7,15.4,43.7,40.9
z_55.5_19.5,2027,1,2027-T1,Stable,47.7,13.2,39.1,47.7
z_55.5_19.5,2027,2,2027-T2,Stable,42.9,15.1,41.9,42.9
z_55.5_19.5,2027,3,2027-T3,Diminution,69.9,13.8,69.9,16.3
z_55.5_19.5,2027,4,2027-T4,Stable,41.8,17.5,40.7,41.8
z_55.5_19.5,2028,1,2028-T1,Stable,43.9,13.9,42.2,43.9
z_55.5_19.5,2028,2,2028-T2,Diminution,42.0,16.0,42.0,42.0
z_55.5_19.5,2028,3,2028-T3,Diminution,69.9,13.8,69.9,16.3
z_55.5_19.5,2028,4,2028-T4,Stable,43.9,13.7,42.4,43.9
z_55.5_19.5,2029,1,2029-T1,Diminution,42.1,17.1,42.1,40.8
z_55.5_19.5,2029,2,2029-T2,Diminution,43.5,13.7,43.5,42.8
z_55.5_19.5,2029,3,2029-T3,Diminution,69.9,13.8,69.9,16.3
z_55.5_19.5,2029,4,2029-T4,Diminution,41.1,18.6,41.1,40.2
z_55.5_19.5,2030,1,2030-T1,Stable,43.1,15.5,41.4,43.1
z_55.5_19.5,2030,2,2030-T2,Diminution,42.1,16.1,42.1,41.8
z_55.5_19.5,2030,3,2030-T3,Diminution,69.9,13.8,69.9,16.3
z_55.5_19.5,2030,4,2030-T4,Diminution,44.8,15.1,44.8,40.0
z_55.5_21.0,2023,1,2023-T1,Augmentation,80.4,80.4,7.1,12.5
z_55.5_21.0,2023,2,2023-T2,Augmentation,87.1,87.1,4.8,8.1
z_55.5_21.0,2023,3,2023-T3,Augmentation,80.6,80.6,8.4,11.0
z_55.5_21.0,2023,4,2023-T4,Augmentation,74.1,74.1,12.0,13.9
z_55.5_21.0,2024,1,2024-T1,Augmentation,59.0,59.0,15.3,25.6
z_55.5_21.0,2024,2,2024-T2,Augmentation,63.5,63.5,13.6,22.9
z_55.5_21.0,2024,3,2024-T3,Augmentation,49.3,49.3,24.8,25.9
z_55.5_21.0,2024,4,2024-T4,Augmentation,47.5,47.5,19.1,33.4
z_55.5_21.0,2025,1,2025-T1,Augmentation,52.8,52.8,16.6,30.6
z_55.5_21.0,2025,2,2025-T2,Augmentation,52.7,52.7,20.0,27.2
z_55.5_21.0,2025,3,2025-T3,Augmentation,57.1,57.1,14.0,29.0
z_55.5_21.0,2025,4,2025-T4,Augmentation,53.3,53.3,25.4,21.3
z_55.5_21.0,2026,1,2026-T1,Diminution,54.7,24.3,54.7,21.0
z_55.5_21.0,2026,2,2026-T2,Augmentation,39.3,39.3,23.3,37.4
z_55.5_21.0,2026,3,2026-T3,Augmentation,47.6,47.6,18.7,33.7
z_55.5_21.0,2026,4,2026-T4,Augmentation,61.1,61.1,13.9,25.0
z_55.5_21.0,2027,1,2027-T1,Augmentation,50.7,50.7,14.9,34.3
z_55.5_21.0,2027,2,2027-T2,Augmentation,68.4,68.4,8.5,23.1
z_55.5_21.0,2027,3,2027-T3,Augmentation,67.2,67.2,8.6,24.2
z_55.5_21.0,2027,4,2027-T4,Augmentation,66.1,66.1,9.9,24.0
z_55.5_21.0,2028,1,2028-T1,Augmentation,59.4,59.4,10.6,30.0
z_55.5_21.0,2028,2,2028-T2,Augmentation,71.9,71.9,7.3,20.8
z_55.5_21.0,2028,3,2028-T3,Augmentation,68.5,68.5,8.0,23.5
z_55.5_21.0,2028,4,2028-T4,Augmentation,67.1,67.1,9.8,23.1
z_55.5_21.0,2029,1,2029-T1,Augmentation,74.4,74.4,10.1,15.5
z_55.5_21.0,2029,2,2029-T2,Augmentation,80.1,80.1,6.0,13.9
z_55.5_21.0,2029,3,2029-T3,Augmentation,79.4,79.4,7.9,12.7
z_55.5_21.0,2029,4,2029-T4,Augmentation,79.5,79.5,8.3,12.2
z_55.5_21.0,2030,1,2030-T1,Augmentation,75.4,75.4,8.8,15.8
z_55.5_21.0,2030,2,2030-T2,Augmentation,82.3,82.3,6.6,11.1
z_55.5_21.0,2030,3,2030-T3,Augmentation,83.9,83.9,5.3,10.8
z_55.5_21.0,2030,4,2030-T4,Augmentation,83.3,83.3,5.8,11.0
z_55.5_3.0,2023,1,2023-T1,Stable,50.2,11.3,38.5,50.2
z_55.5_3.0,2023,2,2023-T2,Stable,44.4,15.1,40.5,44.4
z_55.5_3.0,2023,3,2023-T3,Diminution,51.8,12.5,51.8,35.7
z_55.5_3.0,2023,4,2023-T4,Diminution,58.2,8.0,58.2,33.8
z_55.5_3.0,2024,1,2024-T1,Stable,48.0,11.4,40.6,48.0
z_55.5_3.0,2024,2,2024-T2,Stable,48.5,12.7,38.8,48.5
z_55.5_3.0,2024,3,2024-T3,Diminution,44.2,21.1,44.2,34.7
z_55.5_3.0,2024,4,2024-T4,Diminution,58.1,8.3,58.1,33.6
z_55.5_3.0,2025,1,2025-T1,Stable,52.8,8.2,38.9,52.8
z_55.5_3.0,2025,2,2025-T2,Stable,52.1,7.9,40.0,52.1
z_55.5_3.0,2025,3,2025-T3,Diminution,45.8,9.3,45.8,44.9
z_55.5_3.0,2025,4,2025-T4,Diminution,55.9,18.5,55.9,25.6
z_55.5_3.0,2026,1,2026-T1,Diminution,45.1,20.8,45.1,34.1
z_55.5_3.0,2026,2,2026-T2,Diminution,46.9,11.1,46.9,42.0
z_55.5_3.0,2026,3,2026-T3,Diminution,47.3,17.5,47.3,35.2
z_55.5_3.0,2026,4,2026-T4,Diminution,61.9,7.2,61.9,30.9
z_55.5_3.0,2027,1,2027-T1,Diminution,45.7,18.4,45.7,35.9
z_55.5_3.0,2027,2,2027-T2,Diminution,42.9,18.9,42.9,38.2
z_55.5_3.0,2027,3,2027-T3,Diminution,47.8,9.8,47.8,42.4
z_55.5_3.0,2027,4,2027-T4,Diminution,66.0,9.1,66.0,24.9
z_55.5_3.0,2028,1,2028-T1,Diminution,52.2,9.5,52.2,38.3
z_55.5_3.0,2028,2,2028-T2,Diminution,48.2,10.6,48.2,41.2
z_55.5_3.0,2028,3,2028-T3,Diminution,51.8,12.5,51.8,35.7
z_55.5_3.0,2028,4,2028-T4,Diminution,58.6,16.0,58.6,25.4
z_55.5_3.0,2029,1,2029-T1,Diminution,52.2,9.5,52.2,38.3
z_55.5_3.0,2029,2,2029-T2,Diminution,48.2,10.6,48.2,41.2
z_55.5_3.0,2029,3,2029-T3,Diminution,43.7,21.7,43.7,34.5
z_55.5_3.0,2029,4,2029-T4,Diminution,66.3,10.3,66.3,23.4
z_55.5_3.0,2030,1,2030-T1,Diminution,52.2,9.5,52.2,38.3
z_55.5_3.0,2030,2,2030-T2,Diminution,48.2,10.6,48.2,41.2
z_55.5_3.0,2030,3,2030-T3,Diminution,53.3,12.0,53.3,34.7
z_55.5_3.0,2030,4,2030-T4,Diminution,66.3,10.3,66.3,23.4
z_55.5_4.5,2023,1,2023-T1,Stable,45.3,13.0,41.6,45.3
z_55.5_4.5,2023,2,2023-T2,Diminution,64.9,10.0,64.9,25.0
z_55.5_4.5,2023,3,2023-T3,Diminution,53.8,8.5,53.8,37.7
z_55.5_4.5,2023,4,2023-T4,Diminution,44.7,10.7,44.7,44.7
z_55.5_4.5,2024,1,2024-T1,Stable,45.7,17.1,37.1,45.7
z_55.5_4.5,2024,2,2024-T2,Diminution,59.9,9.5,59.9,30.6
z_55.5_4.5,2024,3,2024-T3,Diminution,42.8,15.1,42.8,42.1
z_55.5_4.5,2024,4,2024-T4,Diminution,59.7,10.0,59.7,30.3
z_55.5_4.5,2025,1,2025-T1,Stable,46.0,12.2,41.8,46.0
z_55.5_4.5,2025,2,2025-T2,Diminution,71.0,7.9,71.0,21.1
z_55.5_4.5,2025,3,2025-T3,Diminution,49.7,8.8,49.7,41.6
z_55.5_4.5,2025,4,2025-T4,Diminution,53.8,9.3,53.8,36.9
z_55.5_4.5,2026,1,2026-T1,Stable,45.6,12.3,42.1,45.6
z_55.5_4.5,2026,2,2026-T2,Diminution,71.9,8.4,71.9,19.7
z_55.5_4.5,2026,3,2026-T3,Diminution,59.6,6.6,59.6,33.8
z_55.5_4.5,2026,4,2026-T4,Diminution,64.2,7.4,64.2,28.4
z_55.5_4.5,2027,1,2027-T1,Diminution,44.5,12.4,44.5,43.1
z_55.5_4.5,2027,2,2027-T2,Diminution,74.7,7.1,74.7,18.1
z_55.5_4.5,2027,3,2027-T3,Diminution,63.0,7.5,63.0,29.6
z_55.5_4.5,2027,4,2027-T4,Diminution,64.2,7.4,64.2,28.4
z_55.5_4.5,2028,1,2028-T1,Diminution,46.3,15.0,46.3,38.7
z_55.5_4.5,2028,2,2028-T2,Diminution,72.0,7.4,72.0,20.5
z_55.5_4.5,2028,3,2028-T3,Diminution,58.1,8.1,58.1,33.8
z_55.5_4.5,2028,4,2028-T4,Diminution,64.2,7.4,64.2,28.4
z_55.5_4.5,2029,1,2029-T1,Diminution,43.8,14.4,43.8,41.8
z_55.5_4.5,2029,2,2029-T2,Diminution,76.4,6.8,76.4,16.8
z_55.5_4.5,2029,3,2029-T3,Diminution,64.4,7.1,64.4,28.5
z_55.5_4.5,2029,4,2029-T4,Diminution,64.2,7.4,64.2,28.4
z_55.5_4.5,2030,1,2030-T1,Diminution,46.7,12.3,46.7,41.0
z_55.5_4.5,2030,2,2030-T2,Diminution,71.0,7.9,71.0,21.1
z_55.5_4.5,2030,3,2030-T3,Diminution,64.4,7.1,64.4,28.5
z_55.5_4.5,2030,4,2030-T4,Diminution,64.2,7.4,64.2,28.4
z_55.5_6.0,2023,1,2023-T1,Stable,55.7,25.2,19.1,55.7
z_55.5_6.0,2023,2,2023-T2,Stable,55.8,26.9,17.3,55.8
z_55.5_6.0,2023,3,2023-T3,Stable,48.7,32.7,18.6,48.7
z_55.5_6.0,2023,4,2023-T4,Stable,56.3,26.7,17.1,56.3
z_55.5_6.0,2024,1,2024-T1,Stable,51.0,29.7,19.3,51.0
z_55.5_6.0,2024,2,2024-T2,Stable,61.1,16.7,22.2,61.1
z_55.5_6.0,2024,3,2024-T3,Stable,50.6,17.0,32.3,50.6
z_55.5_6.0,2024,4,2024-T4,Stable,51.2,14.2,34.6,51.2
z_55.5_6.0,2025,1,2025-T1,Stable,44.8,32.6,22.6,44.8
z_55.5_6.0,2025,2,2025-T2,Stable,60.8,21.3,17.9,60.8
z_55.5_6.0,2025,3,2025-T3,Stable,52.3,31.8,15.8,52.3
z_55.5_6.0,2025,4,2025-T4,Stable,55.2,24.7,20.1,55.2
z_55.5_6.0,2026,1,2026-T1,Stable,50.8,25.9,23.4,50.8
z_55.5_6.0,2026,2,2026-T2,Stable,61.9,17.7,20.4,61.9
z_55.5_6.0,2026,3,2026-T3,Stable,53.6,27.3,19.1,53.6
z_55.5_6.0,2026,4,2026-T4,Stable,55.8,27.7,16.5,55.8
z_55.5_6.0,2027,1,2027-T1,Stable,54.7,28.7,16.5,54.7
z_55.5_6.0,2027,2,2027-T2,Stable,60.8,23.2,16.1,60.8
z_55.5_6.0,2027,3,2027-T3,Stable,56.1,28.1,15.8,56.1
z_55.5_6.0,2027,4,2027-T4,Stable,55.7,27.4,16.9,55.7
z_55.5_6.0,2028,1,2028-T1,Stable,53.3,30.8,15.9,53.3
z_55.5_6.0,2028,2,2028-T2,Stable,60.7,23.2,16.1,60.7
z_55.5_6.0,2028,3,2028-T3,Stable,53.7,29.8,16.5,53.7
z_55.5_6.0,2028,4,2028-T4,Stable,56.3,27.2,16.5,56.3
z_55.5_6.0,2029,1,2029-T1,Stable,56.2,26.9,17.0,56.2
z_55.5_6.0,2029,2,2029-T2,Stable,62.1,21.8,16.1,62.1
z_55.5_6.0,2029,3,2029-T3,Stable,55.2,29.1,15.7,55.2
z_55.5_6.0,2029,4,2029-T4,Stable,55.9,27.8,16.3,55.9
z_55.5_6.0,2030,1,2030-T1,Stable,55.3,27.8,16.9,55.3
z_55.5_6.0,2030,2,2030-T2,Stable,61.9,21.9,16.2,61.9
z_55.5_6.0,2030,3,2030-T3,Stable,56.4,27.7,15.9,56.4
z_55.5_6.0,2030,4,2030-T4,Stable,57.3,26.4,16.3,57.3
z_55.5_7.5,2023,1,2023-T1,Augmentation,70.2,70.2,10.4,19.3
z_55.5_7.5,2023,2,2023-T2,Augmentation,64.7,64.7,9.0,26.3
z_55.5_7.5,2023,3,2023-T3,Augmentation,59.6,59.6,14.6,25.8
z_55.5_7.5,2023,4,2023-T4,Augmentation,51.7,51.7,17.5,30.7
z_55.5_7.5,2024,1,2024-T1,Augmentation,49.4,49.4,17.8,32.8
z_55.5_7.5,2024,2,2024-T2,Augmentation,61.1,61.1,8.6,30.3
z_55.5_7.5,2024,3,2024-T3,Augmentation,68.9,68.9,11.4,19.7
z_55.5_7.5,2024,4,2024-T4,Augmentation,77.0,77.0,7.9,15.1
z_55.5_7.5,2025,1,2025-T1,Augmentation,69.3,69.3,9.9,20.8
z_55.5_7.5,2025,2,2025-T2,Augmentation,68.5,68.5,9.3,22.2
z_55.5_7.5,2025,3,2025-T3,Augmentation,48.9,48.9,20.4,30.7
z_55.5_7.5,2025,4,2025-T4,Augmentation,49.8,49.8,18.1,32.1
z_55.5_7.5,2026,1,2026-T1,Augmentation,49.7,49.7,23.0,27.3
z_55.5_7.5,2026,2,2026-T2,Augmentation,50.8,50.8,15.1,34.2
z_55.5_7.5,2026,3,2026-T3,Augmentation,49.5,49.5,20.1,30.4
z_55.5_7.5,2026,4,2026-T4,Augmentation,59.7,59.7,16.1,24.2
z_55.5_7.5,2027,1,2027-T1,Augmentation,56.5,56.5,14.9,28.6
z_55.5_7.5,2027,2,2027-T2,Augmentation,58.6,58.6,10.8,30.7
z_55.5_7.5,2027,3,2027-T3,Augmentation,61.3,61.3,15.8,22.8
z_55.5_7.5,2027,4,2027-T4,Augmentation,62.8,62.8,13.5,23.7
z_55.5_7.5,2028,1,2028-T1,Augmentation,60.1,60.1,13.3,26.7
z_55.5_7.5,2028,2,2028-T2,Augmentation,60.2,60.2,10.9,28.8
z_55.5_7.5,2028,3,2028-T3,Augmentation,60.9,60.9,15.6,23.4
z_55.5_7.5,2028,4,2028-T4,Augmentation,64.3,64.3,13.0,22.8
z_55.5_7.5,2029,1,2029-T1,Augmentation,63.3,63.3,13.2,23.4
z_55.5_7.5,2029,2,2029-T2,Augmentation,64.6,64.6,10.5,24.9
z_55.5_7.5,2029,3,2029-T3,Augmentation,65.1,65.1,13.9,21.1
z_55.5_7.5,2029,4,2029-T4,Augmentation,65.0,65.0,12.6,22.4
z_55.5_7.5,2030,1,2030-T1,Augmentation,64.3,64.3,12.2,23.6
z_55.5_7.5,2030,2,2030-T2,Augmentation,65.3,65.3,9.7,25.0
z_55.5_7.5,2030,3,2030-T3,Augmentation,64.8,64.8,13.9,21.3
z_55.5_7.5,2030,4,2030-T4,Augmentation,65.4,65.4,12.5,22.1
z_55.5_9.0,2023,1,2023-T1,Augmentation,63.3,63.3,15.3,21.4
z_55.5_9.0,2023,2,2023-T2,Augmentation,65.2,65.2,10.1,24.7
z_55.5_9.0,2023,3,2023-T3,Augmentation,69.1,69.1,8.0,22.9
z_55.5_9.0,2023,4,2023-T4,Augmentation,63.9,63.9,14.7,21.3
z_55.5_9.0,2024,1,2024-T1,Augmentation,39.9,39.9,28.2,31.9
z_55.5_9.0,2024,2,2024-T2,Stable,39.1,38.0,23.0,39.1
z_55.5_9.0,2024,3,2024-T3,Augmentation,46.2,46.2,22.5,31.3
z_55.5_9.0,2024,4,2024-T4,Augmentation,62.4,62.4,16.8,20.8
z_55.5_9.0,2025,1,2025-T1,Augmentation,50.8,50.8,21.0,28.2
z_55.5_9.0,2025,2,2025-T2,Augmentation,44.0,44.0,17.3,38.7
z_55.5_9.0,2025,3,2025-T3,Diminution,39.9,34.8,39.9,25.3
z_55.5_9.0,2025,4,2025-T4,Augmentation,39.9,39.9,25.5,34.6
z_55.5_9.0,2026,1,2026-T1,Augmentation,44.0,44.0,32.4,23.6
z_55.5_9.0,2026,2,2026-T2,Augmentation,40.7,40.7,28.7,30.7
z_55.5_9.0,2026,3,2026-T3,Augmentation,53.3,53.3,17.0,29.7
z_55.5_9.0,2026,4,2026-T4,Augmentation,63.0,63.0,14.2,22.8
z_55.5_9.0,2027,1,2027-T1,Augmentation,59.4,59.4,13.1,27.5
z_55.5_9.0,2027,2,2027-T2,Augmentation,66.5,66.5,10.4,23.1
z_55.5_9.0,2027,3,2027-T3,Augmentation,64.0,64.0,13.3,22.8
z_55.5_9.0,2027,4,2027-T4,Augmentation,61.6,61.6,13.2,25.2
z_55.5_9.0,2028,1,2028-T1,Augmentation,59.3,59.3,12.2,28.5
z_55.5_9.0,2028,2,2028-T2,Augmentation,61.2,61.2,11.1,27.7
z_55.5_9.0,2028,3,2028-T3,Augmentation,63.6,63.6,10.4,26.0
z_55.5_9.0,2028,4,2028-T4,Augmentation,58.5,58.5,12.4,29.1
z_55.5_9.0,2029,1,2029-T1,Augmentation,59.9,59.9,11.6,28.5
z_55.5_9.0,2029,2,2029-T2,Augmentation,66.9,66.9,10.8,22.4
z_55.5_9.0,2029,3,2029-T3,Augmentation,65.9,65.9,9.6,24.5
z_55.5_9.0,2029,4,2029-T4,Augmentation,63.6,63.6,11.1,25.3
z_55.5_9.0,2030,1,2030-T1,Augmentation,61.3,61.3,11.3,27.5
z_55.5_9.0,2030,2,2030-T2,Augmentation,67.0,67.0,8.8,24.3
z_55.5_9.0,2030,3,2030-T3,Augmentation,66.3,66.3,9.6,24.2
z_55.5_9.0,2030,4,2030-T4,Augmentation,64.5,64.5,9.6,25.9
z_57.0_-1.5,2023,1,2023-T1,Stable,42.2,19.0,38.9,42.2
z_57.0_-1.5,2023,2,2023-T2,Stable,55.6,11.7,32.8,55.6
z_57.0_-1.5,2023,3,2023-T3,Stable,51.6,10.8,37.6,51.6
z_57.0_-1.5,2023,4,2023-T4,Diminution,48.9,11.0,48.9,40.0
z_57.0_-1.5,2024,1,2024-T1,Stable,42.4,16.1,41.4,42.4
z_57.0_-1.5,2024,2,2024-T2,Diminution,43.1,14.9,43.1,42.0
z_57.0_-1.5,2024,3,2024-T3,Diminution,43.0,15.8,43.0,41.3
z_57.0_-1.5,2024,4,2024-T4,Stable,47.4,11.3,41.3,47.4
z_57.0_-1.5,2025,1,2025-T1,Diminution,43.6,14.0,43.6,42.4
z_57.0_-1.5,2025,2,2025-T2,Stable,46.3,13.3,40.4,46.3
z_57.0_-1.5,2025,3,2025-T3,Stable,45.1,14.3,40.7,45.1
z_57.0_-1.5,2025,4,2025-T4,Stable,49.1,13.3,37.6,49.1
z_57.0_-1.5,2026,1,2026-T1,Stable,44.9,13.6,41.6,44.9
z_57.0_-1.5,2026,2,2026-T2,Stable,44.3,12.3,43.3,44.3
z_57.0_-1.5,2026,3,2026-T3,Stable,45.2,11.3,43.5,45.2
z_57.0_-1.5,2026,4,2026-T4,Diminution,50.3,12.7,50.3,37.0
z_57.0_-1.5,2027,1,2027-T1,Diminution,43.6,14.0,43.6,42.4
z_57.0_-1.5,2027,2,2027-T2,Diminution,44.5,11.7,44.5,43.9
z_57.0_-1.5,2027,3,2027-T3,Stable,46.6,10.6,42.8,46.6
z_57.0_-1.5,2027,4,2027-T4,Diminution,45.3,14.6,45.3,40.1
z_57.0_-1.5,2028,1,2028-T1,Diminution,43.6,14.0,43.6,42.4
z_57.0_-1.5,2028,2,2028-T2,Diminution,44.5,11.7,44.5,43.9
z_57.0_-1.5,2028,3,2028-T3,Stable,51.0,11.9,37.2,51.0
z_57.0_-1.5,2028,4,2028-T4,Diminution,49.6,11.9,49.6,38.5
z_57.0_-1.5,2029,1,2029-T1,Diminution,43.6,14.0,43.6,42.4
z_57.0_-1.5,2029,2,2029-T2,Diminution,44.5,11.7,44.5,43.9
z_57.0_-1.5,2029,3,2029-T3,Diminution,45.6,12.4,45.6,42.0
z_57.0_-1.5,2029,4,2029-T4,Diminution,49.6,11.9,49.6,38.5
z_57.0_-1.5,2030,1,2030-T1,Diminution,43.6,14.0,43.6,42.4
z_57.0_-1.5,2030,2,2030-T2,Diminution,44.5,11.7,44.5,43.9
z_57.0_-1.5,2030,3,2030-T3,Stable,43.5,14.6,41.9,43.5
z_57.0_-1.5,2030,4,2030-T4,Diminution,49.6,11.9,49.6,38.5
z_57.0_-10.5,2023,1,2023-T1,Diminution,83.4,2.1,83.4,14.4
z_57.0_-10.5,2023,2,2023-T2,Stable,44.7,14.3,41.1,44.7
z_57.0_-10.5,2023,3,2023-T3,Diminution,69.9,5.7,69.9,24.4
z_57.0_-10.5,2023,4,2023-T4,Diminution,66.1,9.0,66.1,24.9
z_57.0_-10.5,2024,1,2024-T1,Diminution,88.1,3.8,88.1,8.0
z_57.0_-10.5,2024,2,2024-T2,Diminution,61.3,6.9,61.3,31.8
z_57.0_-10.5,2024,3,2024-T3,Diminution,90.2,2.3,90.2,7.5
z_57.0_-10.5,2024,4,2024-T4,Diminution,85.3,4.3,85.3,10.4
z_57.0_-10.5,2025,1,2025-T1,Diminution,92.6,1.8,92.6,5.6
z_57.0_-10.5,2025,2,2025-T2,Diminution,53.4,20.4,53.4,26.2
z_57.0_-10.5,2025,3,2025-T3,Diminution,90.2,2.3,90.2,7.5
z_57.0_-10.5,2025,4,2025-T4,Diminution,77.2,3.5,77.2,19.3
z_57.0_-10.5,2026,1,2026-T1,Diminution,92.6,1.8,92.6,5.6
z_57.0_-10.5,2026,2,2026-T2,Diminution,56.9,6.8,56.9,36.2
z_57.0_-10.5,2026,3,2026-T3,Diminution,90.2,2.3,90.2,7.5
z_57.0_-10.5,2026,4,2026-T4,Diminution,85.2,3.4,85.2,11.4
z_57.0_-10.5,2027,1,2027-T1,Diminution,92.6,1.8,92.6,5.6
z_57.0_-10.5,2027,2,2027-T2,Diminution,67.7,8.8,67.7,23.5
z_57.0_-10.5,2027,3,2027-T3,Diminution,90.2,2.3,90.2,7.5
z_57.0_-10.5,2027,4,2027-T4,Diminution,68.2,7.7,68.2,24.1
z_57.0_-10.5,2028,1,2028-T1,Diminution,92.6,1.8,92.6,5.6
z_57.0_-10.5,2028,2,2028-T2,Diminution,59.1,17.8,59.1,23.1
z_57.0_-10.5,2028,3,2028-T3,Diminution,90.2,2.3,90.2,7.5
z_57.0_-10.5,2028,4,2028-T4,Diminution,90.9,2.2,90.9,7.0
z_57.0_-10.5,2029,1,2029-T1,Diminution,92.6,1.8,92.6,5.6
z_57.0_-10.5,2029,2,2029-T2,Diminution,71.8,8.6,71.8,19.7
z_57.0_-10.5,2029,3,2029-T3,Diminution,90.2,2.3,90.2,7.5
z_57.0_-10.5,2029,4,2029-T4,Diminution,90.9,2.2,90.9,7.0
z_57.0_-10.5,2030,1,2030-T1,Diminution,92.6,1.8,92.6,5.6
z_57.0_-10.5,2030,2,2030-T2,Diminution,71.8,8.6,71.8,19.7
z_57.0_-10.5,2030,3,2030-T3,Diminution,90.2,2.3,90.2,7.5
z_57.0_-10.5,2030,4,2030-T4,Diminution,90.9,2.2,90.9,7.0
z_57.0_-3.0,2023,1,2023-T1,Diminution,66.3,11.4,66.3,22.3
z_57.0_-3.0,2023,2,2023-T2,Diminution,69.8,11.1,69.8,19.1
z_57.0_-3.0,2023,3,2023-T3,Diminution,69.1,11.4,69.1,19.5
z_57.0_-3.0,2023,4,2023-T4,Diminution,62.5,14.5,62.5,23.0
z_57.0_-3.0,2024,1,2024-T1,Diminution,59.9,16.2,59.9,23.9
z_57.0_-3.0,2024,2,2024-T2,Diminution,50.8,16.3,50.8,32.9
z_57.0_-3.0,2024,3,2024-T3,Diminution,47.0,19.6,47.0,33.4
z_57.0_-3.0,2024,4,2024-T4,Diminution,54.3,17.3,54.3,28.5
z_57.0_-3.0,2025,1,2025-T1,Diminution,45.7,18.5,45.7,35.7
z_57.0_-3.0,2025,2,2025-T2,Diminution,51.2,16.9,51.2,31.9
z_57.0_-3.0,2025,3,2025-T3,Diminution,60.4,12.2,60.4,27.4
z_57.0_-3.0,2025,4,2025-T4,Diminution,61.5,14.4,61.5,24.2
z_57.0_-3.0,2026,1,2026-T1,Diminution,57.6,14.0,57.6,28.4
z_57.0_-3.0,2026,2,2026-T2,Diminution,65.5,10.6,65.5,23.9
z_57.0_-3.0,2026,3,2026-T3,Diminution,62.6,11.8,62.6,25.6
z_57.0_-3.0,2026,4,2026-T4,Diminution,68.8,10.8,68.8,20.4
z_57.0_-3.0,2027,1,2027-T1,Diminution,64.0,13.4,64.0,22.6
z_57.0_-3.0,2027,2,2027-T2,Diminution,68.1,11.0,68.1,20.9
z_57.0_-3.0,2027,3,2027-T3,Diminution,68.7,10.1,68.7,21.3
z_57.0_-3.0,2027,4,2027-T4,Diminution,69.0,11.7,69.0,19.3
z_57.0_-3.0,2028,1,2028-T1,Diminution,65.9,11.3,65.9,22.9
z_57.0_-3.0,2028,2,2028-T2,Diminution,69.9,9.8,69.9,20.3
z_57.0_-3.0,2028,3,2028-T3,Diminution,65.6,10.7,65.6,23.8
z_57.0_-3.0,2028,4,2028-T4,Diminution,69.0,11.0,69.0,20.0
z_57.0_-3.0,2029,1,2029-T1,Diminution,62.4,11.8,62.4,25.9
z_57.0_-3.0,2029,2,2029-T2,Diminution,66.4,10.5,66.4,23.1
z_57.0_-3.0,2029,3,2029-T3,Diminution,67.4,11.3,67.4,21.3
z_57.0_-3.0,2029,4,2029-T4,Diminution,68.5,10.6,68.5,20.9
z_57.0_-3.0,2030,1,2030-T1,Diminution,63.9,13.1,63.9,23.1
z_57.0_-3.0,2030,2,2030-T2,Diminution,68.4,10.9,68.4,20.8
z_57.0_-3.0,2030,3,2030-T3,Diminution,67.4,11.3,67.4,21.3
z_57.0_-3.0,2030,4,2030-T4,Diminution,65.8,11.6,65.8,22.6
z_57.0_-4.5,2023,1,2023-T1,Stable,48.6,11.5,39.9,48.6
z_57.0_-4.5,2023,2,2023-T2,Stable,48.0,14.8,37.2,48.0
z_57.0_-4.5,2023,3,2023-T3,Diminution,71.2,8.2,71.2,20.6
z_57.0_-4.5,2023,4,2023-T4,Diminution,60.8,11.4,60.8,27.8
z_57.0_-4.5,2024,1,2024-T1,Stable,47.9,12.4,39.7,47.9
z_57.0_-4.5,2024,2,2024-T2,Diminution,45.0,14.1,45.0,40.9
z_57.0_-4.5,2024,3,2024-T3,Diminution,62.1,11.8,62.1,26.0
z_57.0_-4.5,2024,4,2024-T4,Diminution,74.2,8.5,74.2,17.3
z_57.0_-4.5,2025,1,2025-T1,Diminution,46.8,15.7,46.8,37.5
z_57.0_-4.5,2025,2,2025-T2,Diminution,43.4,13.3,43.4,43.3
z_57.0_-4.5,2025,3,2025-T3,Diminution,66.8,9.4,66.8,23.8
z_57.0_-4.5,2025,4,2025-T4,Diminution,68.1,10.7,68.1,21.2
z_57.0_-4.5,2026,1,2026-T1,Diminution,43.4,16.4,43.4,40.2
z_57.0_-4.5,2026,2,2026-T2,Diminution,44.8,11.4,44.8,43.7
z_57.0_-4.5,2026,3,2026-T3,Diminution,71.6,7.2,71.6,21.2
z_57.0_-4.5,2026,4,2026-T4,Diminution,72.6,9.3,72.6,18.1
z_57.0_-4.5,2027,1,2027-T1,Diminution,46.1,13.3,46.1,40.6
z_57.0_-4.5,2027,2,2027-T2,Diminution,46.3,11.2,46.3,42.6
z_57.0_-4.5,2027,3,2027-T3,Diminution,75.8,7.7,75.8,16.5
z_57.0_-4.5,2027,4,2027-T4,Diminution,72.6,9.3,72.6,18.1
z_57.0_-4.5,2028,1,2028-T1,Diminution,46.1,13.3,46.1,40.6
z_57.0_-4.5,2028,2,2028-T2,Stable,46.3,11.5,42.2,46.3
z_57.0_-4.5,2028,3,2028-T3,Diminution,70.7,8.4,70.7,20.9
z_57.0_-4.5,2028,4,2028-T4,Diminution,72.6,9.3,72.6,18.1
z_57.0_-4.5,2029,1,2029-T1,Diminution,46.1,13.3,46.1,40.6
z_57.0_-4.5,2029,2,2029-T2,Diminution,47.9,12.0,47.9,40.1
z_57.0_-4.5,2029,3,2029-T3,Diminution,74.0,8.4,74.0,17.6
z_57.0_-4.5,2029,4,2029-T4,Diminution,72.6,9.3,72.6,18.1
z_57.0_-4.5,2030,1,2030-T1,Diminution,46.1,13.3,46.1,40.6
z_57.0_-4.5,2030,2,2030-T2,Diminution,45.3,13.3,45.3,41.4
z_57.0_-4.5,2030,3,2030-T3,Diminution,74.0,8.4,74.0,17.6
z_57.0_-4.5,2030,4,2030-T4,Diminution,72.6,9.3,72.6,18.1
z_57.0_-6.0,2023,1,2023-T1,Diminution,57.3,19.8,57.3,22.8
z_57.0_-6.0,2023,2,2023-T2,Diminution,55.1,14.6,55.1,30.3
z_57.0_-6.0,2023,3,2023-T3,Diminution,54.7,20.1,54.7,25.2
z_57.0_-6.0,2023,4,2023-T4,Diminution,56.1,19.4,56.1,24.5
z_57.0_-6.0,2024,1,2024-T1,Diminution,54.1,17.9,54.1,28.0
z_57.0_-6.0,2024,2,2024-T2,Diminution,48.2,21.5,48.2,30.3
z_57.0_-6.0,2024,3,2024-T3,Diminution,54.2,17.0,54.2,28.8
z_57.0_-6.0,2024,4,2024-T4,Diminution,55.3,15.8,55.3,28.9
z_57.0_-6.0,2025,1,2025-T1,Diminution,45.1,25.8,45.1,29.1
z_57.0_-6.0,2025,2,2025-T2,Diminution,46.0,19.3,46.0,34.8
z_57.0_-6.0,2025,3,2025-T3,Diminution,48.9,20.1,48.9,31.1
z_57.0_-6.0,2025,4,2025-T4,Diminution,50.5,22.2,50.5,27.4
z_57.0_-6.0,2026,1,2026-T1,Diminution,51.0,16.6,51.0,32.4
z_57.0_-6.0,2026,2,2026-T2,Diminution,54.3,15.5,54.3,30.2
z_57.0_-6.0,2026,3,2026-T3,Diminution,52.9,17.3,52.9,29.8
z_57.0_-6.0,2026,4,2026-T4,Diminution,51.2,19.5,51.2,29.3
z_57.0_-6.0,2027,1,2027-T1,Diminution,50.1,20.8,50.1,29.0
z_57.0_-6.0,2027,2,2027-T2,Diminution,54.3,15.5,54.3,30.2
z_57.0_-6.0,2027,3,2027-T3,Diminution,52.9,17.3,52.9,29.8
z_57.0_-6.0,2027,4,2027-T4,Diminution,51.8,20.1,51.8,28.1
z_57.0_-6.0,2028,1,2028-T1,Diminution,53.7,18.3,53.7,28.0
z_57.0_-6.0,2028,2,2028-T2,Diminution,54.3,15.5,54.3,30.2
z_57.0_-6.0,2028,3,2028-T3,Diminution,52.9,17.3,52.9,29.8
z_57.0_-6.0,2028,4,2028-T4,Diminution,52.8,17.1,52.8,30.1
z_57.0_-6.0,2029,1,2029-T1,Diminution,56.0,15.7,56.0,28.4
z_57.0_-6.0,2029,2,2029-T2,Diminution,54.3,15.5,54.3,30.2
z_57.0_-6.0,2029,3,2029-T3,Diminution,52.9,17.3,52.9,29.8
z_57.0_-6.0,2029,4,2029-T4,Diminution,53.8,17.1,53.8,29.1
z_57.0_-6.0,2030,1,2030-T1,Diminution,53.0,16.0,53.0,31.0
z_57.0_-6.0,2030,2,2030-T2,Diminution,54.3,15.5,54.3,30.2
z_57.0_-6.0,2030,3,2030-T3,Diminution,52.9,17.3,52.9,29.8
z_57.0_-6.0,2030,4,2030-T4,Diminution,52.1,18.4,52.1,29.5
z_57.0_-7.5,2023,1,2023-T1,Diminution,62.8,14.4,62.8,22.8
z_57.0_-7.5,2023,2,2023-T2,Diminution,60.0,13.1,60.0,26.9
z_57.0_-7.5,2023,3,2023-T3,Diminution,60.0,14.9,60.0,25.1
z_57.0_-7.5,2023,4,2023-T4,Diminution,59.6,14.6,59.6,25.7
z_57.0_-7.5,2024,1,2024-T1,Diminution,62.1,12.6,62.1,25.3
z_57.0_-7.5,2024,2,2024-T2,Diminution,66.1,9.1,66.1,24.9
z_57.0_-7.5,2024,3,2024-T3,Diminution,64.4,9.9,64.4,25.6
z_57.0_-7.5,2024,4,2024-T4,Diminution,69.2,9.7,69.2,21.0
z_57.0_-7.5,2025,1,2025-T1,Diminution,66.1,10.1,66.1,23.8
z_57.0_-7.5,2025,2,2025-T2,Diminution,66.9,9.0,66.9,24.1
z_57.0_-7.5,2025,3,2025-T3,Diminution,65.8,10.3,65.8,23.8
z_57.0_-7.5,2025,4,2025-T4,Diminution,71.2,9.8,71.2,19.0
z_57.0_-7.5,2026,1,2026-T1,Diminution,63.3,13.1,63.3,23.6
z_57.0_-7.5,2026,2,2026-T2,Diminution,71.8,8.4,71.8,19.8
z_57.0_-7.5,2026,3,2026-T3,Diminution,65.8,11.0,65.8,23.2
z_57.0_-7.5,2026,4,2026-T4,Diminution,71.2,9.8,71.2,19.0
z_57.0_-7.5,2027,1,2027-T1,Diminution,66.3,11.2,66.3,22.5
z_57.0_-7.5,2027,2,2027-T2,Diminution,71.8,8.4,71.8,19.8
z_57.0_-7.5,2027,3,2027-T3,Diminution,67.9,11.1,67.9,21.0
z_57.0_-7.5,2027,4,2027-T4,Diminution,71.2,9.8,71.2,19.0
z_57.0_-7.5,2028,1,2028-T1,Diminution,62.7,12.4,62.7,25.0
z_57.0_-7.5,2028,2,2028-T2,Diminution,71.8,8.4,71.8,19.8
z_57.0_-7.5,2028,3,2028-T3,Diminution,67.9,11.1,67.9,21.0
z_57.0_-7.5,2028,4,2028-T4,Diminution,71.2,9.8,71.2,19.0
z_57.0_-7.5,2029,1,2029-T1,Diminution,64.3,13.0,64.3,22.7
z_57.0_-7.5,2029,2,2029-T2,Diminution,71.8,8.4,71.8,19.8
z_57.0_-7.5,2029,3,2029-T3,Diminution,67.9,11.1,67.9,21.0
z_57.0_-7.5,2029,4,2029-T4,Diminution,71.2,9.8,71.2,19.0
z_57.0_-7.5,2030,1,2030-T1,Diminution,64.3,13.0,64.3,22.7
z_57.0_-7.5,2030,2,2030-T2,Diminution,71.8,8.4,71.8,19.8
z_57.0_-7.5,2030,3,2030-T3,Diminution,67.9,11.1,67.9,21.0
z_57.0_-7.5,2030,4,2030-T4,Diminution,71.2,9.8,71.2,19.0
z_57.0_-9.0,2023,1,2023-T1,Diminution,61.6,7.6,61.6,30.9
z_57.0_-9.0,2023,2,2023-T2,Diminution,47.6,11.7,47.6,40.6
z_57.0_-9.0,2023,3,2023-T3,Diminution,61.9,6.7,61.9,31.3
z_57.0_-9.0,2023,4,2023-T4,Diminution,81.5,2.6,81.5,15.9
z_57.0_-9.0,2024,1,2024-T1,Diminution,57.7,8.4,57.7,33.8
z_57.0_-9.0,2024,2,2024-T2,Diminution,55.4,12.8,55.4,31.9
z_57.0_-9.0,2024,3,2024-T3,Diminution,54.0,6.6,54.0,39.4
z_57.0_-9.0,2024,4,2024-T4,Diminution,72.9,4.1,72.9,23.0
z_57.0_-9.0,2025,1,2025-T1,Diminution,61.2,8.7,61.2,30.1
z_57.0_-9.0,2025,2,2025-T2,Diminution,45.8,14.0,45.8,40.2
z_57.0_-9.0,2025,3,2025-T3,Diminution,61.9,6.7,61.9,31.3
z_57.0_-9.0,2025,4,2025-T4,Diminution,81.5,2.6,81.5,15.9
z_57.0_-9.0,2026,1,2026-T1,Diminution,62.5,7.0,62.5,30.6
z_57.0_-9.0,2026,2,2026-T2,Diminution,50.1,11.7,50.1,38.1
z_57.0_-9.0,2026,3,2026-T3,Diminution,61.9,6.7,61.9,31.3
z_57.0_-9.0,2026,4,2026-T4,Diminution,81.5,2.6,81.5,15.9
z_57.0_-9.0,2027,1,2027-T1,Diminution,62.5,7.0,62.5,30.6
z_57.0_-9.0,2027,2,2027-T2,Diminution,47.6,11.7,47.6,40.6
z_57.0_-9.0,2027,3,2027-T3,Diminution,61.9,6.7,61.9,31.3
z_57.0_-9.0,2027,4,2027-T4,Diminution,81.5,2.6,81.5,15.9
z_57.0_-9.0,2028,1,2028-T1,Diminution,62.5,7.0,62.5,30.6
z_57.0_-9.0,2028,2,2028-T2,Diminution,55.4,12.8,55.4,31.9
z_57.0_-9.0,2028,3,2028-T3,Diminution,61.9,6.7,61.9,31.3
z_57.0_-9.0,2028,4,2028-T4,Diminution,81.5,2.6,81.5,15.9
z_57.0_-9.0,2029,1,2029-T1,Diminution,62.5,7.0,62.5,30.6
z_57.0_-9.0,2029,2,2029-T2,Diminution,49.5,15.3,49.5,35.3
z_57.0_-9.0,2029,3,2029-T3,Diminution,61.9,6.7,61.9,31.3
z_57.0_-9.0,2029,4,2029-T4,Diminution,81.5,2.6,81.5,15.9
z_57.0_-9.0,2030,1,2030-T1,Diminution,62.5,7.0,62.5,30.6
z_57.0_-9.0,2030,2,2030-T2,Diminution,55.0,13.4,55.0,31.6
z_57.0_-9.0,2030,3,2030-T3,Diminution,61.9,6.7,61.9,31.3
z_57.0_-9.0,2030,4,2030-T4,Diminution,81.5,2.6,81.5,15.9
z_57.0_0.0,2023,1,2023-T1,Diminution,52.3,12.1,52.3,35.7
z_57.0_0.0,2023,2,2023-T2,Stable,45.5,12.3,42.2,45.5
z_57.0_0.0,2023,3,2023-T3,Diminution,46.9,10.9,46.9,42.2
z_57.0_0.0,2023,4,2023-T4,Stable,46.5,12.6,40.9,46.5
z_57.0_0.0,2024,1,2024-T1,Diminution,52.3,12.1,52.3,35.7
z_57.0_0.0,2024,2,2024-T2,Diminution,47.6,11.4,47.6,41.0
z_57.0_0.0,2024,3,2024-T3,Stable,44.8,14.5,40.6,44.8
z_57.0_0.0,2024,4,2024-T4,Stable,50.4,12.7,36.9,50.4
z_57.0_0.0,2025,1,2025-T1,Diminution,46.4,13.7,46.4,39.9
z_57.0_0.0,2025,2,2025-T2,Stable,44.1,14.0,42.0,44.1
z_57.0_0.0,2025,3,2025-T3,Diminution,44.5,11.2,44.5,44.3
z_57.0_0.0,2025,4,2025-T4,Stable,52.8,13.6,33.6,52.8
z_57.0_0.0,2026,1,2026-T1,Stable,43.5,15.6,40.9,43.5
z_57.0_0.0,2026,2,2026-T2,Diminution,44.4,13.3,44.4,42.2
z_57.0_0.0,2026,3,2026-T3,Stable,50.2,10.1,39.7,50.2
z_57.0_0.0,2026,4,2026-T4,Stable,44.9,11.3,43.8,44.9
z_57.0_0.0,2027,1,2027-T1,Diminution,52.3,12.1,52.3,35.7
z_57.0_0.0,2027,2,2027-T2,Diminution,46.6,11.5,46.6,41.9
z_57.0_0.0,2027,3,2027-T3,Stable,48.7,11.0,40.3,48.7
z_57.0_0.0,2027,4,2027-T4,Stable,44.9,11.3,43.8,44.9
z_57.0_0.0,2028,1,2028-T1,Diminution,52.3,12.1,52.3,35.7
z_57.0_0.0,2028,2,2028-T2,Diminution,46.6,11.5,46.6,41.9
z_57.0_0.0,2028,3,2028-T3,Stable,46.6,10.2,43.1,46.6
z_57.0_0.0,2028,4,2028-T4,Stable,44.9,11.3,43.8,44.9
z_57.0_0.0,2029,1,2029-T1,Diminution,52.3,12.1,52.3,35.7
z_57.0_0.0,2029,2,2029-T2,Diminution,46.6,11.5,46.6,41.9
z_57.0_0.0,2029,3,2029-T3,Diminution,44.2,15.0,44.2,40.8
z_57.0_0.0,2029,4,2029-T4,Stable,44.9,11.3,43.8,44.9
z_57.0_0.0,2030,1,2030-T1,Diminution,52.3,12.1,52.3,35.7
z_57.0_0.0,2030,2,2030-T2,Diminution,46.6,11.5,46.6,41.9
z_57.0_0.0,2030,3,2030-T3,Stable,44.8,14.5,40.6,44.8
z_57.0_0.0,2030,4,2030-T4,Stable,44.9,11.3,43.8,44.9
z_57.0_10.5,2023,1,2023-T1,Augmentation,75.8,75.8,14.0,10.2
z_57.0_10.5,2023,2,2023-T2,Augmentation,81.6,81.6,9.2,9.2
z_57.0_10.5,2023,3,2023-T3,Augmentation,84.7,84.7,10.2,5.1
z_57.0_10.5,2023,4,2023-T4,Augmentation,77.0,77.0,10.6,12.4
z_57.0_10.5,2024,1,2024-T1,Augmentation,80.7,80.7,11.3,8.1
z_57.0_10.5,2024,2,2024-T2,Augmentation,88.5,88.5,6.1,5.5
z_57.0_10.5,2024,3,2024-T3,Augmentation,87.1,87.1,7.8,5.1
z_57.0_10.5,2024,4,2024-T4,Augmentation,78.1,78.1,9.0,12.8
z_57.0_10.5,2025,1,2025-T1,Augmentation,82.9,82.9,10.8,6.3
z_57.0_10.5,2025,2,2025-T2,Augmentation,79.2,79.2,9.8,11.0
z_57.0_10.5,2025,3,2025-T3,Augmentation,80.9,80.9,9.4,9.7
z_57.0_10.5,2025,4,2025-T4,Augmentation,77.7,77.7,13.9,8.4
z_57.0_10.5,2026,1,2026-T1,Augmentation,39.7,39.7,36.4,23.9
z_57.0_10.5,2026,2,2026-T2,Augmentation,74.5,74.5,12.9,12.6
z_57.0_10.5,2026,3,2026-T3,Augmentation,73.4,73.4,16.9,9.7
z_57.0_10.5,2026,4,2026-T4,Augmentation,76.5,76.5,10.4,13.1
z_57.0_10.5,2027,1,2027-T1,Augmentation,80.6,80.6,10.6,8.8
z_57.0_10.5,2027,2,2027-T2,Augmentation,84.6,84.6,8.3,7.1
z_57.0_10.5,2027,3,2027-T3,Augmentation,87.3,87.3,7.8,4.8
z_57.0_10.5,2027,4,2027-T4,Augmentation,80.4,80.4,9.9,9.7
z_57.0_10.5,2028,1,2028-T1,Augmentation,78.4,78.4,13.7,7.9
z_57.0_10.5,2028,2,2028-T2,Augmentation,89.0,89.0,7.4,3.5
z_57.0_10.5,2028,3,2028-T3,Augmentation,87.5,87.5,9.0,3.5
z_57.0_10.5,2028,4,2028-T4,Augmentation,82.2,82.2,9.5,8.3
z_57.0_10.5,2029,1,2029-T1,Augmentation,81.4,81.4,12.2,6.4
z_57.0_10.5,2029,2,2029-T2,Augmentation,84.8,84.8,10.0,5.2
z_57.0_10.5,2029,3,2029-T3,Augmentation,86.1,86.1,9.7,4.2
z_57.0_10.5,2029,4,2029-T4,Augmentation,83.9,83.9,10.3,5.8
z_57.0_10.5,2030,1,2030-T1,Augmentation,80.4,80.4,12.1,7.5
z_57.0_10.5,2030,2,2030-T2,Augmentation,86.7,86.7,8.6,4.7
z_57.0_10.5,2030,3,2030-T3,Augmentation,85.4,85.4,10.0,4.7
z_57.0_10.5,2030,4,2030-T4,Augmentation,80.8,80.8,10.4,8.9
z_57.0_12.0,2023,1,2023-T1,Diminution,54.1,6.4,54.1,39.4
z_57.0_12.0,2023,2,2023-T2,Diminution,56.0,15.3,56.0,28.7
z_57.0_12.0,2023,3,2023-T3,Diminution,45.1,11.5,45.1,43.3
z_57.0_12.0,2023,4,2023-T4,Diminution,51.1,12.2,51.1,36.7
z_57.0_12.0,2024,1,2024-T1,Diminution,53.9,5.3,53.9,40.8
z_57.0_12.0,2024,2,2024-T2,Diminution,54.8,15.1,54.8,30.1
z_57.0_12.0,2024,3,2024-T3,Diminution,53.2,7.5,53.2,39.3
z_57.0_12.0,2024,4,2024-T4,Diminution,51.4,17.0,51.4,31.6
z_57.0_12.0,2025,1,2025-T1,Diminution,46.1,8.5,46.1,45.4
z_57.0_12.0,2025,2,2025-T2,Diminution,55.8,16.5,55.8,27.7
z_57.0_12.0,2025,3,2025-T3,Diminution,49.6,7.5,49.6,42.9
z_57.0_12.0,2025,4,2025-T4,Diminution,48.7,16.4,48.7,34.9
z_57.0_12.0,2026,1,2026-T1,Diminution,48.8,5.8,48.8,45.4
z_57.0_12.0,2026,2,2026-T2,Diminution,55.7,15.9,55.7,28.4
z_57.0_12.0,2026,3,2026-T3,Stable,47.6,9.1,43.3,47.6
z_57.0_12.0,2026,4,2026-T4,Diminution,54.7,12.1,54.7,33.2
z_57.0_12.0,2027,1,2027-T1,Diminution,54.6,5.0,54.6,40.4
z_57.0_12.0,2027,2,2027-T2,Diminution,57.6,17.7,57.6,24.7
z_57.0_12.0,2027,3,2027-T3,Diminution,46.7,10.6,46.7,42.7
z_57.0_12.0,2027,4,2027-T4,Diminution,57.9,11.9,57.9,30.2
z_57.0_12.0,2028,1,2028-T1,Diminution,54.6,5.0,54.6,40.4
z_57.0_12.0,2028,2,2028-T2,Diminution,57.7,15.8,57.7,26.5
z_57.0_12.0,2028,3,2028-T3,Diminution,47.1,10.1,47.1,42.8
z_57.0_12.0,2028,4,2028-T4,Diminution,57.9,11.9,57.9,30.2
z_57.0_12.0,2029,1,2029-T1,Diminution,54.6,5.0,54.6,40.4
z_57.0_12.0,2029,2,2029-T2,Diminution,58.1,16.5,58.1,25.4
z_57.0_12.0,2029,3,2029-T3,Diminution,46.8,11.8,46.8,41.3
z_57.0_12.0,2029,4,2029-T4,Diminution,57.9,11.9,57.9,30.2
z_57.0_12.0,2030,1,2030-T1,Diminution,54.6,5.0,54.6,40.4
z_57.0_12.0,2030,2,2030-T2,Diminution,58.1,16.5,58.1,25.4
z_57.0_12.0,2030,3,2030-T3,Diminution,51.2,8.9,51.2,39.9
z_57.0_12.0,2030,4,2030-T4,Diminution,57.9,11.9,57.9,30.2
z_57.0_16.5,2023,1,2023-T1,Diminution,59.5,14.7,59.5,25.8
z_57.0_16.5,2023,2,2023-T2,Diminution,40.0,20.9,40.0,39.0
z_57.0_16.5,2023,3,2023-T3,Diminution,56.7,10.8,56.7,32.5
z_57.0_16.5,2023,4,2023-T4,Stable,45.7,17.2,37.1,45.7
z_57.0_16.5,2024,1,2024-T1,Diminution,39.9,21.2,39.9,38.9
z_57.0_16.5,2024,2,2024-T2,Stable,45.9,16.9,37.2,45.9
z_57.0_16.5,2024,3,2024-T3,Diminution,40.6,20.9,40.6,38.5
z_57.0_16.5,2024,4,2024-T4,Stable,40.8,25.9,33.3,40.8
z_57.0_16.5,2025,1,2025-T1,Diminution,60.7,14.0,60.7,25.3
z_57.0_16.5,2025,2,2025-T2,Stable,42.6,18.3,39.1,42.6
z_57.0_16.5,2025,3,2025-T3,Diminution,36.5,28.8,36.5,34.7
z_57.0_16.5,2025,4,2025-T4,Stable,47.9,34.8,17.3,47.9
z_57.0_16.5,2026,1,2026-T1,Stable,42.4,26.6,31.0,42.4
z_57.0_16.5,2026,2,2026-T2,Stable,46.1,22.0,32.0,46.1
z_57.0_16.5,2026,3,2026-T3,Diminution,51.9,16.1,51.9,32.0
z_57.0_16.5,2026,4,2026-T4,Diminution,46.9,11.4,46.9,41.7
z_57.0_16.5,2027,1,2027-T1,Diminution,67.6,8.9,67.6,23.5
z_57.0_16.5,2027,2,2027-T2,Stable,45.1,11.9,43.0,45.1
z_57.0_16.5,2027,3,2027-T3,Diminution,63.4,11.0,63.4,25.6
z_57.0_16.5,2027,4,2027-T4,Diminution,56.8,14.5,56.8,28.8
z_57.0_16.5,2028,1,2028-T1,Diminution,57.8,9.6,57.8,32.5
z_57.0_16.5,2028,2,2028-T2,Diminution,44.6,12.3,44.6,43.1
z_57.0_16.5,2028,3,2028-T3,Diminution,54.2,13.2,54.2,32.6
z_57.0_16.5,2028,4,2028-T4,Diminution,51.3,20.6,51.3,28.1
z_57.0_16.5,2029,1,2029-T1,Diminution,67.1,10.2,67.1,22.7
z_57.0_16.5,2029,2,2029-T2,Diminution,48.3,22.9,48.3,28.8
z_57.0_16.5,2029,3,2029-T3,Diminution,65.0,10.6,65.0,24.4
z_57.0_16.5,2029,4,2029-T4,Diminution,59.9,11.8,59.9,28.4
z_57.0_16.5,2030,1,2030-T1,Diminution,65.6,11.9,65.6,22.5
z_57.0_16.5,2030,2,2030-T2,Diminution,52.8,18.5,52.8,28.7
z_57.0_16.5,2030,3,2030-T3,Diminution,64.0,12.4,64.0,23.6
z_57.0_16.5,2030,4,2030-T4,Diminution,59.9,11.8,59.9,28.4
z_57.0_18.0,2023,1,2023-T1,Stable,47.1,37.5,15.4,47.1
z_57.0_18.0,2023,2,2023-T2,Stable,56.1,29.1,14.8,56.1
z_57.0_18.0,2023,3,2023-T3,Stable,45.3,24.8,29.9,45.3
z_57.0_18.0,2023,4,2023-T4,Stable,51.9,33.1,15.0,51.9
z_57.0_18.0,2024,1,2024-T1,Stable,48.5,33.7,17.7,48.5
z_57.0_18.0,2024,2,2024-T2,Stable,54.9,23.3,21.8,54.9
z_57.0_18.0,2024,3,2024-T3,Stable,37.2,27.6,35.1,37.2
z_57.0_18.0,2024,4,2024-T4,Stable,46.2,34.2,19.6,46.2
z_57.0_18.0,2025,1,2025-T1,Stable,48.0,34.5,17.5,48.0
z_57.0_18.0,2025,2,2025-T2,Stable,51.4,29.2,19.4,51.4
z_57.0_18.0,2025,3,2025-T3,Stable,39.8,24.2,36.1,39.8
z_57.0_18.0,2025,4,2025-T4,Stable,50.4,30.7,18.9,50.4
z_57.0_18.0,2026,1,2026-T1,Stable,45.1,31.5,23.4,45.1
z_57.0_18.0,2026,2,2026-T2,Stable,51.2,28.0,20.7,51.2
z_57.0_18.0,2026,3,2026-T3,Stable,38.6,27.2,34.2,38.6
z_57.0_18.0,2026,4,2026-T4,Stable,53.3,27.7,19.1,53.3
z_57.0_18.0,2027,1,2027-T1,Stable,51.4,29.7,18.9,51.4
z_57.0_18.0,2027,2,2027-T2,Stable,50.4,30.2,19.4,50.4
z_57.0_18.0,2027,3,2027-T3,Stable,42.9,24.0,33.1,42.9
z_57.0_18.0,2027,4,2027-T4,Stable,50.1,31.4,18.5,50.1
z_57.0_18.0,2028,1,2028-T1,Stable,51.0,30.5,18.5,51.0
z_57.0_18.0,2028,2,2028-T2,Stable,51.0,29.4,19.7,51.0
z_57.0_18.0,2028,3,2028-T3,Stable,42.9,24.2,32.9,42.9
z_57.0_18.0,2028,4,2028-T4,Stable,51.6,30.6,17.7,51.6
z_57.0_18.0,2029,1,2029-T1,Stable,52.3,28.5,19.2,52.3
z_57.0_18.0,2029,2,2029-T2,Stable,51.2,29.5,19.3,51.2
z_57.0_18.0,2029,3,2029-T3,Stable,44.0,23.0,33.1,44.0
z_57.0_18.0,2029,4,2029-T4,Stable,51.4,30.5,18.2,51.4
z_57.0_18.0,2030,1,2030-T1,Stable,52.4,29.2,18.4,52.4
z_57.0_18.0,2030,2,2030-T2,Stable,52.5,28.0,19.5,52.5
z_57.0_18.0,2030,3,2030-T3,Stable,44.0,23.0,33.0,44.0
z_57.0_18.0,2030,4,2030-T4,Stable,53.1,28.4,18.6,53.1
z_57.0_19.5,2023,1,2023-T1,Stable,46.6,12.9,40.5,46.6
z_57.0_19.5,2023,2,2023-T2,Stable,48.2,13.4,38.4,48.2
z_57.0_19.5,2023,3,2023-T3,Diminution,62.2,7.0,62.2,30.8
z_57.0_19.5,2023,4,2023-T4,Diminution,77.4,6.3,77.4,16.3
z_57.0_19.5,2024,1,2024-T1,Stable,51.4,15.8,32.8,51.4
z_57.0_19.5,2024,2,2024-T2,Stable,52.8,17.3,30.0,52.8
z_57.0_19.5,2024,3,2024-T3,Diminution,48.1,12.9,48.1,39.0
z_57.0_19.5,2024,4,2024-T4,Diminution,62.1,10.6,62.1,27.3
z_57.0_19.5,2025,1,2025-T1,Stable,49.8,15.6,34.6,49.8
z_57.0_19.5,2025,2,2025-T2,Stable,47.1,10.5,42.4,47.1
z_57.0_19.5,2025,3,2025-T3,Diminution,55.8,7.6,55.8,36.5
z_57.0_19.5,2025,4,2025-T4,Diminution,75.0,5.3,75.0,19.8
z_57.0_19.5,2026,1,2026-T1,Diminution,44.5,13.1,44.5,42.4
z_57.0_19.5,2026,2,2026-T2,Diminution,47.5,10.6,47.5,41.9
z_57.0_19.5,2026,3,2026-T3,Diminution,56.2,7.1,56.2,36.7
z_57.0_19.5,2026,4,2026-T4,Diminution,74.9,5.5,74.9,19.6
z_57.0_19.5,2027,1,2027-T1,Stable,45.4,17.5,37.2,45.4
z_57.0_19.5,2027,2,2027-T2,Stable,45.2,12.6,42.2,45.2
z_57.0_19.5,2027,3,2027-T3,Diminution,56.6,6.5,56.6,36.9
z_57.0_19.5,2027,4,2027-T4,Diminution,77.1,5.6,77.1,17.3
z_57.0_19.5,2028,1,2028-T1,Stable,45.0,12.8,42.2,45.0
z_57.0_19.5,2028,2,2028-T2,Diminution,47.3,10.6,47.3,42.0
z_57.0_19.5,2028,3,2028-T3,Diminution,59.6,7.7,59.6,32.7
z_57.0_19.5,2028,4,2028-T4,Diminution,70.8,6.0,70.8,23.2
z_57.0_19.5,2029,1,2029-T1,Stable,44.4,15.1,40.5,44.4
z_57.0_19.5,2029,2,2029-T2,Diminution,47.3,10.6,47.3,42.0
z_57.0_19.5,2029,3,2029-T3,Diminution,55.0,7.8,55.0,37.2
z_57.0_19.5,2029,4,2029-T4,Diminution,77.4,6.3,77.4,16.3
z_57.0_19.5,2030,1,2030-T1,Stable,44.3,13.6,42.1,44.3
z_57.0_19.5,2030,2,2030-T2,Diminution,47.3,10.6,47.3,42.0
z_57.0_19.5,2030,3,2030-T3,Diminution,62.2,7.0,62.2,30.8
z_57.0_19.5,2030,4,2030-T4,Diminution,77.4,6.3,77.4,16.3
z_57.0_21.0,2023,1,2023-T1,Stable,46.2,18.6,35.2,46.2
z_57.0_21.0,2023,2,2023-T2,Stable,39.3,21.9,38.7,39.3
z_57.0_21.0,2023,3,2023-T3,Stable,41.1,26.0,32.9,41.1
z_57.0_21.0,2023,4,2023-T4,Diminution,38.4,26.4,38.4,35.2
z_57.0_21.0,2024,1,2024-T1,Stable,45.7,14.9,39.3,45.7
z_57.0_21.0,2024,2,2024-T2,Stable,43.7,16.5,39.8,43.7
z_57.0_21.0,2024,3,2024-T3,Diminution,47.8,13.7,47.8,38.5
z_57.0_21.0,2024,4,2024-T4,Diminution,53.9,14.8,53.9,31.3
z_57.0_21.0,2025,1,2025-T1,Stable,48.8,14.2,37.0,48.8
z_57.0_21.0,2025,2,2025-T2,Diminution,51.0,11.3,51.0,37.7
z_57.0_21.0,2025,3,2025-T3,Diminution,54.3,12.7,54.3,33.1
z_57.0_21.0,2025,4,2025-T4,Diminution,54.9,13.1,54.9,32.0
z_57.0_21.0,2026,1,2026-T1,Diminution,42.7,16.3,42.7,41.1
z_57.0_21.0,2026,2,2026-T2,Diminution,50.8,11.6,50.8,37.6
z_57.0_21.0,2026,3,2026-T3,Diminution,54.3,12.7,54.3,33.1
z_57.0_21.0,2026,4,2026-T4,Diminution,54.9,13.1,54.9,32.0
z_57.0_21.0,2027,1,2027-T1,Stable,40.3,20.2,39.5,40.3
z_57.0_21.0,2027,2,2027-T2,Diminution,54.6,11.9,54.6,33.5
z_57.0_21.0,2027,3,2027-T3,Diminution,54.3,12.7,54.3,33.1
z_57.0_21.0,2027,4,2027-T4,Diminution,54.9,13.1,54.9,32.0
z_57.0_21.0,2028,1,2028-T1,Diminution,43.7,16.3,43.7,40.0
z_57.0_21.0,2028,2,2028-T2,Diminution,48.5,14.2,48.5,37.3
z_57.0_21.0,2028,3,2028-T3,Diminution,54.3,12.7,54.3,33.1
z_57.0_21.0,2028,4,2028-T4,Diminution,54.9,13.1,54.9,32.0
z_57.0_21.0,2029,1,2029-T1,Stable,42.4,16.4,41.2,42.4
z_57.0_21.0,2029,2,2029-T2,Diminution,54.6,12.4,54.6,32.9
z_57.0_21.0,2029,3,2029-T3,Diminution,54.3,12.7,54.3,33.1
z_57.0_21.0,2029,4,2029-T4,Diminution,54.9,13.1,54.9,32.0
z_57.0_21.0,2030,1,2030-T1,Stable,42.5,15.1,42.4,42.5
z_57.0_21.0,2030,2,2030-T2,Diminution,54.6,12.4,54.6,32.9
z_57.0_21.0,2030,3,2030-T3,Diminution,54.3,12.7,54.3,33.1
z_57.0_21.0,2030,4,2030-T4,Diminution,54.9,13.1,54.9,32.0
z_57.0_22.5,2023,1,2023-T1,Stable,46.6,15.3,38.1,46.6
z_57.0_22.5,2023,2,2023-T2,Stable,45.6,14.2,40.2,45.6
z_57.0_22.5,2023,3,2023-T3,Diminution,56.0,13.0,56.0,31.0
z_57.0_22.5,2023,4,2023-T4,Stable,44.4,17.2,38.4,44.4
z_57.0_22.5,2024,1,2024-T1,Stable,48.2,22.3,29.5,48.2
z_57.0_22.5,2024,2,2024-T2,Stable,47.5,25.9,26.6,47.5
z_57.0_22.5,2024,3,2024-T3,Stable,43.3,24.5,32.2,43.3
z_57.0_22.5,2024,4,2024-T4,Stable,49.3,24.9,25.8,49.3
z_57.0_22.5,2025,1,2025-T1,Stable,50.1,28.7,21.3,50.1
z_57.0_22.5,2025,2,2025-T2,Stable,53.4,32.8,13.8,53.4
z_57.0_22.5,2025,3,2025-T3,Stable,42.1,36.3,21.6,42.1
z_57.0_22.5,2025,4,2025-T4,Stable,46.4,41.1,12.5,46.4
z_57.0_22.5,2026,1,2026-T1,Stable,55.9,26.6,17.5,55.9
z_57.0_22.5,2026,2,2026-T2,Stable,54.7,24.9,20.4,54.7
z_57.0_22.5,2026,3,2026-T3,Diminution,43.1,17.7,43.1,39.2
z_57.0_22.5,2026,4,2026-T4,Stable,51.3,27.4,21.3,51.3
z_57.0_22.5,2027,1,2027-T1,Stable,52.6,24.5,22.9,52.6
z_57.0_22.5,2027,2,2027-T2,Stable,52.6,23.1,24.3,52.6
z_57.0_22.5,2027,3,2027-T3,Diminution,41.4,20.1,41.4,38.5
z_57.0_22.5,2027,4,2027-T4,Stable,52.1,23.0,24.9,52.1
z_57.0_22.5,2028,1,2028-T1,Stable,54.3,21.8,23.9,54.3
z_57.0_22.5,2028,2,2028-T2,Stable,52.2,21.6,26.3,52.2
z_57.0_22.5,2028,3,2028-T3,Diminution,41.8,18.9,41.8,39.3
z_57.0_22.5,2028,4,2028-T4,Stable,49.2,27.2,23.5,49.2
z_57.0_22.5,2029,1,2029-T1,Stable,50.5,25.2,24.3,50.5
z_57.0_22.5,2029,2,2029-T2,Stable,51.2,23.9,24.9,51.2
z_57.0_22.5,2029,3,2029-T3,Diminution,41.8,18.9,41.8,39.3
z_57.0_22.5,2029,4,2029-T4,Stable,49.2,27.5,23.3,49.2
z_57.0_22.5,2030,1,2030-T1,Stable,50.6,25.3,24.1,50.6
z_57.0_22.5,2030,2,2030-T2,Stable,50.6,24.0,25.3,50.6
z_57.0_22.5,2030,3,2030-T3,Diminution,41.8,18.9,41.8,39.3
z_57.0_22.5,2030,4,2030-T4,Stable,51.3,23.9,24.7,51.3
z_57.0_24.0,2023,1,2023-T1,Stable,46.0,22.3,31.7,46.0
z_57.0_24.0,2023,2,2023-T2,Stable,45.4,12.6,42.0,45.4
z_57.0_24.0,2023,3,2023-T3,Diminution,54.9,10.2,54.9,34.8
z_57.0_24.0,2023,4,2023-T4,Diminution,69.6,5.6,69.6,24.8
z_57.0_24.0,2024,1,2024-T1,Diminution,44.5,12.3,44.5,43.2
z_57.0_24.0,2024,2,2024-T2,Stable,48.5,11.1,40.4,48.5
z_57.0_24.0,2024,3,2024-T3,Diminution,55.7,9.2,55.7,35.0
z_57.0_24.0,2024,4,2024-T4,Diminution,69.6,5.6,69.6,24.8
z_57.0_24.0,2025,1,2025-T1,Diminution,49.3,13.4,49.3,37.3
z_57.0_24.0,2025,2,2025-T2,Stable,48.8,12.8,38.4,48.8
z_57.0_24.0,2025,3,2025-T3,Diminution,48.4,9.6,48.4,42.0
z_57.0_24.0,2025,4,2025-T4,Diminution,71.8,5.6,71.8,22.5
z_57.0_24.0,2026,1,2026-T1,Diminution,46.0,16.5,46.0,37.5
z_57.0_24.0,2026,2,2026-T2,Stable,44.8,14.3,40.9,44.8
z_57.0_24.0,2026,3,2026-T3,Diminution,59.3,10.0,59.3,30.8
z_57.0_24.0,2026,4,2026-T4,Diminution,69.6,5.6,69.6,24.8
z_57.0_24.0,2027,1,2027-T1,Diminution,46.1,13.1,46.1,40.8
z_57.0_24.0,2027,2,2027-T2,Diminution,45.0,11.8,45.0,43.2
z_57.0_24.0,2027,3,2027-T3,Diminution,56.9,10.3,56.9,32.8
z_57.0_24.0,2027,4,2027-T4,Diminution,69.6,5.6,69.6,24.8
z_57.0_24.0,2028,1,2028-T1,Diminution,48.6,13.9,48.6,37.5
z_57.0_24.0,2028,2,2028-T2,Diminution,45.0,11.8,45.0,43.2
z_57.0_24.0,2028,3,2028-T3,Diminution,61.3,9.5,61.3,29.2
z_57.0_24.0,2028,4,2028-T4,Diminution,69.6,5.6,69.6,24.8
z_57.0_24.0,2029,1,2029-T1,Diminution,51.3,13.4,51.3,35.3
z_57.0_24.0,2029,2,2029-T2,Diminution,45.0,11.8,45.0,43.2
z_57.0_24.0,2029,3,2029-T3,Diminution,61.3,9.5,61.3,29.2
z_57.0_24.0,2029,4,2029-T4,Diminution,69.6,5.6,69.6,24.8
z_57.0_24.0,2030,1,2030-T1,Diminution,48.3,15.6,48.3,36.1
z_57.0_24.0,2030,2,2030-T2,Diminution,45.0,11.8,45.0,43.2
z_57.0_24.0,2030,3,2030-T3,Diminution,61.3,9.5,61.3,29.2
z_57.0_24.0,2030,4,2030-T4,Diminution,69.6,5.6,69.6,24.8
z_57.0_3.0,2023,1,2023-T1,Diminution,69.1,3.4,69.1,27.5
z_57.0_3.0,2023,2,2023-T2,Stable,47.5,6.0,46.6,47.5
z_57.0_3.0,2023,3,2023-T3,Diminution,54.6,12.0,54.6,33.4
z_57.0_3.0,2023,4,2023-T4,Diminution,58.4,8.1,58.4,33.5
z_57.0_3.0,2024,1,2024-T1,Diminution,68.0,3.2,68.0,28.8
z_57.0_3.0,2024,2,2024-T2,Diminution,56.3,7.1,56.3,36.6
z_57.0_3.0,2024,3,2024-T3,Diminution,49.9,13.5,49.9,36.5
z_57.0_3.0,2024,4,2024-T4,Diminution,55.1,7.8,55.1,37.1
z_57.0_3.0,2025,1,2025-T1,Diminution,51.7,10.2,51.7,38.0
z_57.0_3.0,2025,2,2025-T2,Stable,49.2,12.8,38.1,49.2
z_57.0_3.0,2025,3,2025-T3,Stable,45.4,15.7,38.8,45.4
z_57.0_3.0,2025,4,2025-T4,Diminution,45.2,15.8,45.2,39.0
z_57.0_3.0,2026,1,2026-T1,Diminution,69.1,3.4,69.1,27.5
z_57.0_3.0,2026,2,2026-T2,Diminution,53.3,7.6,53.3,39.2
z_57.0_3.0,2026,3,2026-T3,Diminution,48.7,9.8,48.7,41.5
z_57.0_3.0,2026,4,2026-T4,Diminution,55.9,6.4,55.9,37.8
z_57.0_3.0,2027,1,2027-T1,Diminution,68.0,3.2,68.0,28.8
z_57.0_3.0,2027,2,2027-T2,Diminution,52.3,7.7,52.3,40.0
z_57.0_3.0,2027,3,2027-T3,Diminution,48.7,10.5,48.7,40.8
z_57.0_3.0,2027,4,2027-T4,Diminution,56.7,6.4,56.7,37.0
z_57.0_3.0,2028,1,2028-T1,Diminution,68.0,3.2,68.0,28.8
z_57.0_3.0,2028,2,2028-T2,Diminution,55.0,5.9,55.0,39.1
z_57.0_3.0,2028,3,2028-T3,Diminution,54.6,12.0,54.6,33.4
z_57.0_3.0,2028,4,2028-T4,Diminution,61.4,7.4,61.4,31.2
z_57.0_3.0,2029,1,2029-T1,Diminution,68.0,3.2,68.0,28.8
z_57.0_3.0,2029,2,2029-T2,Diminution,60.9,7.2,60.9,31.9
z_57.0_3.0,2029,3,2029-T3,Diminution,49.9,13.5,49.9,36.5
z_57.0_3.0,2029,4,2029-T4,Diminution,58.4,8.1,58.4,33.5
z_57.0_3.0,2030,1,2030-T1,Diminution,68.0,3.2,68.0,28.8
z_57.0_3.0,2030,2,2030-T2,Diminution,56.6,7.9,56.6,35.5
z_57.0_3.0,2030,3,2030-T3,Diminution,54.8,12.3,54.8,33.0
z_57.0_3.0,2030,4,2030-T4,Diminution,63.0,6.9,63.0,30.1
z_57.0_4.5,2023,1,2023-T1,Stable,49.4,12.4,38.2,49.4
z_57.0_4.5,2023,2,2023-T2,Stable,45.1,22.4,32.4,45.1
z_57.0_4.5,2023,3,2023-T3,Stable,52.2,22.8,25.0,52.2
z_57.0_4.5,2023,4,2023-T4,Stable,48.5,21.3,30.1,48.5
z_57.0_4.5,2024,1,2024-T1,Stable,43.8,24.0,32.2,43.8
z_57.0_4.5,2024,2,2024-T2,Stable,51.1,22.9,26.0,51.1
z_57.0_4.5,2024,3,2024-T3,Stable,44.1,24.8,31.1,44.1
z_57.0_4.5,2024,4,2024-T4,Stable,46.6,28.8,24.5,46.6
z_57.0_4.5,2025,1,2025-T1,Stable,46.8,30.0,23.2,46.8
z_57.0_4.5,2025,2,2025-T2,Stable,47.0,27.9,25.1,47.0
z_57.0_4.5,2025,3,2025-T3,Stable,49.1,20.5,30.3,49.1
z_57.0_4.5,2025,4,2025-T4,Stable,50.9,27.4,21.7,50.9
z_57.0_4.5,2026,1,2026-T1,Stable,47.6,25.7,26.7,47.6
z_57.0_4.5,2026,2,2026-T2,Stable,43.1,17.1,39.8,43.1
z_57.0_4.5,2026,3,2026-T3,Stable,50.6,11.5,37.9,50.6
z_57.0_4.5,2026,4,2026-T4,Stable,42.3,17.8,40.0,42.3
z_57.0_4.5,2027,1,2027-T1,Stable,45.6,16.6,37.7,45.6
z_57.0_4.5,2027,2,2027-T2,Diminution,44.4,11.9,44.4,43.6
z_57.0_4.5,2027,3,2027-T3,Stable,51.0,11.5,37.5,51.0
z_57.0_4.5,2027,4,2027-T4,Stable,45.3,13.6,41.1,45.3
z_57.0_4.5,2028,1,2028-T1,Stable,42.6,18.8,38.5,42.6
z_57.0_4.5,2028,2,2028-T2,Stable,44.8,14.0,41.2,44.8
z_57.0_4.5,2028,3,2028-T3,Stable,46.6,12.0,41.4,46.6
z_57.0_4.5,2028,4,2028-T4,Stable,43.2,15.5,41.3,43.2
z_57.0_4.5,2029,1,2029-T1,Stable,42.8,15.1,42.0,42.8
z_57.0_4.5,2029,2,2029-T2,Diminution,44.9,11.8,44.9,43.3
z_57.0_4.5,2029,3,2029-T3,Stable,42.4,16.5,41.2,42.4
z_57.0_4.5,2029,4,2029-T4,Stable,43.7,14.2,42.1,43.7
z_57.0_4.5,2030,1,2030-T1,Stable,45.5,14.0,40.5,45.5
z_57.0_4.5,2030,2,2030-T2,Diminution,44.9,11.8,44.9,43.3
z_57.0_4.5,2030,3,2030-T3,Stable,44.2,14.3,41.5,44.2
z_57.0_4.5,2030,4,2030-T4,Stable,43.7,14.2,42.1,43.7
z_57.0_6.0,2023,1,2023-T1,Stable,52.4,21.7,25.9,52.4
z_57.0_6.0,2023,2,2023-T2,Stable,48.0,9.8,42.1,48.0
z_57.0_6.0,2023,3,2023-T3,Stable,46.5,24.0,29.4,46.5
z_57.0_6.0,2023,4,2023-T4,Stable,46.1,27.8,26.1,46.1
z_57.0_6.0,2024,1,2024-T1,Stable,49.9,25.1,25.0,49.9
z_57.0_6.0,2024,2,2024-T2,Stable,46.4,27.7,26.0,46.4
z_57.0_6.0,2024,3,2024-T3,Stable,49.6,20.3,30.1,49.6
z_57.0_6.0,2024,4,2024-T4,Stable,46.0,15.4,38.5,46.0
z_57.0_6.0,2025,1,2025-T1,Stable,50.8,24.0,25.2,50.8
z_57.0_6.0,2025,2,2025-T2,Stable,49.4,13.7,36.9,49.4
z_57.0_6.0,2025,3,2025-T3,Stable,44.1,12.1,43.9,44.1
z_57.0_6.0,2025,4,2025-T4,Stable,44.0,23.5,32.5,44.0
z_57.0_6.0,2026,1,2026-T1,Stable,43.3,15.3,41.4,43.3
z_57.0_6.0,2026,2,2026-T2,Stable,43.2,15.2,41.7,43.2
z_57.0_6.0,2026,3,2026-T3,Stable,48.3,12.3,39.5,48.3
z_57.0_6.0,2026,4,2026-T4,Diminution,48.7,11.7,48.7,39.6
z_57.0_6.0,2027,1,2027-T1,Stable,45.0,17.0,38.0,45.0
z_57.0_6.0,2027,2,2027-T2,Diminution,49.5,11.0,49.5,39.5
z_57.0_6.0,2027,3,2027-T3,Diminution,47.2,10.8,47.2,42.0
z_57.0_6.0,2027,4,2027-T4,Diminution,42.6,16.2,42.6,41.2
z_57.0_6.0,2028,1,2028-T1,Diminution,44.6,12.4,44.6,43.0
z_57.0_6.0,2028,2,2028-T2,Diminution,44.9,13.1,44.9,42.0
z_57.0_6.0,2028,3,2028-T3,Stable,43.9,15.3,40.8,43.9
z_57.0_6.0,2028,4,2028-T4,Diminution,50.6,12.5,50.6,36.8
z_57.0_6.0,2029,1,2029-T1,Stable,42.9,17.1,40.0,42.9
z_57.0_6.0,2029,2,2029-T2,Diminution,48.3,11.1,48.3,40.6
z_57.0_6.0,2029,3,2029-T3,Diminution,46.7,11.5,46.7,41.9
z_57.0_6.0,2029,4,2029-T4,Diminution,46.5,14.8,46.5,38.7
z_57.0_6.0,2030,1,2030-T1,Diminution,43.1,14.3,43.1,42.5
z_57.0_6.0,2030,2,2030-T2,Diminution,48.3,11.1,48.3,40.6
z_57.0_6.0,2030,3,2030-T3,Diminution,43.6,13.5,43.6,42.9
z_57.0_6.0,2030,4,2030-T4,Diminution,49.6,12.5,49.6,38.0
z_57.0_7.5,2023,1,2023-T1,Diminution,34.9,33.2,34.9,31.9
z_57.0_7.5,2023,2,2023-T2,Stable,41.1,29.1,29.8,41.1
z_57.0_7.5,2023,3,2023-T3,Augmentation,44.6,44.6,12.5,42.9
z_57.0_7.5,2023,4,2023-T4,Stable,46.6,37.9,15.5,46.6
z_57.0_7.5,2024,1,2024-T1,Augmentation,41.5,41.5,21.1,37.5
z_57.0_7.5,2024,2,2024-T2,Stable,41.8,35.0,23.2,41.8
z_57.0_7.5,2024,3,2024-T3,Stable,46.6,40.3,13.1,46.6
z_57.0_7.5,2024,4,2024-T4,Stable,44.9,38.9,16.2,44.9
z_57.0_7.5,2025,1,2025-T1,Augmentation,43.6,43.6,21.1,35.2
z_57.0_7.5,2025,2,2025-T2,Stable,48.3,29.9,21.9,48.3
z_57.0_7.5,2025,3,2025-T3,Augmentation,44.0,44.0,12.2,43.8
z_57.0_7.5,2025,4,2025-T4,Stable,51.2,37.7,11.1,51.2
z_57.0_7.5,2026,1,2026-T1,Stable,43.0,32.8,24.2,43.0
z_57.0_7.5,2026,2,2026-T2,Stable,41.9,28.4,29.7,41.9
z_57.0_7.5,2026,3,2026-T3,Stable,54.0,32.3,13.8,54.0
z_57.0_7.5,2026,4,2026-T4,Stable,51.2,33.8,15.1,51.2
z_57.0_7.5,2027,1,2027-T1,Stable,41.4,34.7,23.9,41.4
z_57.0_7.5,2027,2,2027-T2,Stable,42.1,32.5,25.4,42.1
z_57.0_7.5,2027,3,2027-T3,Stable,52.3,31.4,16.2,52.3
z_57.0_7.5,2027,4,2027-T4,Stable,50.4,36.4,13.2,50.4
z_57.0_7.5,2028,1,2028-T1,Stable,42.2,33.5,24.3,42.2
z_57.0_7.5,2028,2,2028-T2,Stable,43.2,32.2,24.6,43.2
z_57.0_7.5,2028,3,2028-T3,Stable,52.1,32.0,15.9,52.1
z_57.0_7.5,2028,4,2028-T4,Stable,51.8,36.0,12.2,51.8
z_57.0_7.5,2029,1,2029-T1,Stable,41.6,34.0,24.4,41.6
z_57.0_7.5,2029,2,2029-T2,Stable,44.2,33.1,22.7,44.2
z_57.0_7.5,2029,3,2029-T3,Stable,52.4,31.7,15.9,52.4
z_57.0_7.5,2029,4,2029-T4,Stable,54.5,31.0,14.5,54.5
z_57.0_7.5,2030,1,2030-T1,Stable,42.3,33.9,23.8,42.3
z_57.0_7.5,2030,2,2030-T2,Stable,45.6,29.6,24.8,45.6
z_57.0_7.5,2030,3,2030-T3,Stable,54.1,30.6,15.3,54.1
z_57.0_7.5,2030,4,2030-T4,Stable,54.6,30.5,14.9,54.6
z_57.0_9.0,2023,1,2023-T1,Augmentation,52.2,52.2,12.2,35.6
z_57.0_9.0,2023,2,2023-T2,Augmentation,55.2,55.2,13.1,31.7
z_57.0_9.0,2023,3,2023-T3,Augmentation,60.6,60.6,10.7,28.8
z_57.0_9.0,2023,4,2023-T4,Augmentation,58.1,58.1,12.8,29.1
z_57.0_9.0,2024,1,2024-T1,Augmentation,45.9,45.9,12.8,41.3
z_57.0_9.0,2024,2,2024-T2,Augmentation,45.8,45.8,20.8,33.3
z_57.0_9.0,2024,3,2024-T3,Stable,53.5,32.6,13.9,53.5
z_57.0_9.0,2024,4,2024-T4,Stable,39.7,33.2,27.0,39.7
z_57.0_9.0,2025,1,2025-T1,Augmentation,47.5,47.5,15.1,37.4
z_57.0_9.0,2025,2,2025-T2,Augmentation,57.3,57.3,14.4,28.3
z_57.0_9.0,2025,3,2025-T3,Augmentation,44.2,44.2,12.4,43.3
z_57.0_9.0,2025,4,2025-T4,Stable,42.0,36.0,22.0,42.0
z_57.0_9.0,2026,1,2026-T1,Stable,51.4,28.8,19.8,51.4
z_57.0_9.0,2026,2,2026-T2,Stable,37.6,31.7,30.7,37.6
z_57.0_9.0,2026,3,2026-T3,Stable,50.0,29.9,20.1,50.0
z_57.0_9.0,2026,4,2026-T4,Augmentation,39.6,39.6,21.7,38.7
z_57.0_9.0,2027,1,2027-T1,Stable,51.5,34.6,13.8,51.5
z_57.0_9.0,2027,2,2027-T2,Stable,40.7,37.4,21.9,40.7
z_57.0_9.0,2027,3,2027-T3,Stable,54.0,29.9,16.1,54.0
z_57.0_9.0,2027,4,2027-T4,Stable,40.9,34.1,25.0,40.9
z_57.0_9.0,2028,1,2028-T1,Stable,55.7,30.8,13.5,55.7
z_57.0_9.0,2028,2,2028-T2,Stable,41.8,34.2,24.1,41.8
z_57.0_9.0,2028,3,2028-T3,Stable,53.6,31.5,14.9,53.6
z_57.0_9.0,2028,4,2028-T4,Augmentation,39.6,39.6,21.1,39.3
z_57.0_9.0,2029,1,2029-T1,Stable,54.5,32.7,12.8,54.5
z_57.0_9.0,2029,2,2029-T2,Stable,42.7,33.6,23.7,42.7
z_57.0_9.0,2029,3,2029-T3,Stable,53.6,30.9,15.5,53.6
z_57.0_9.0,2029,4,2029-T4,Stable,42.1,34.0,24.0,42.1
z_57.0_9.0,2030,1,2030-T1,Stable,56.1,29.7,14.1,56.1
z_57.0_9.0,2030,2,2030-T2,Stable,43.1,33.6,23.3,43.1
z_57.0_9.0,2030,3,2030-T3,Stable,53.8,30.6,15.7,53.8
z_57.0_9.0,2030,4,2030-T4,Stable,41.6,34.1,24.3,41.6
z_58.5_-1.5,2023,1,2023-T1,Stable,47.1,16.8,36.1,47.1
z_58.5_-1.5,2023,2,2023-T2,Stable,44.6,16.1,39.3,44.6
z_58.5_-1.5,2023,3,2023-T3,Diminution,51.0,12.4,51.0,36.6
z_58.5_-1.5,2023,4,2023-T4,Stable,53.0,11.6,35.4,53.0
z_58.5_-1.5,2024,1,2024-T1,Stable,44.4,12.1,43.5,44.4
z_58.5_-1.5,2024,2,2024-T2,Stable,47.7,15.3,37.0,47.7
z_58.5_-1.5,2024,3,2024-T3,Stable,46.2,14.8,39.1,46.2
z_58.5_-1.5,2024,4,2024-T4,Diminution,48.1,11.5,48.1,40.3
z_58.5_-1.5,2025,1,2025-T1,Stable,43.2,15.0,41.8,43.2
z_58.5_-1.5,2025,2,2025-T2,Diminution,48.5,11.1,48.5,40.3
z_58.5_-1.5,2025,3,2025-T3,Diminution,47.5,11.1,47.5,41.5
z_58.5_-1.5,2025,4,2025-T4,Stable,44.2,14.2,41.7,44.2
z_58.5_-1.5,2026,1,2026-T1,Diminution,45.1,11.7,45.1,43.2
z_58.5_-1.5,2026,2,2026-T2,Diminution,48.5,11.1,48.5,40.3
z_58.5_-1.5,2026,3,2026-T3,Diminution,51.0,11.4,51.0,37.7
z_58.5_-1.5,2026,4,2026-T4,Diminution,46.0,10.6,46.0,43.4
z_58.5_-1.5,2027,1,2027-T1,Stable,45.3,14.0,40.8,45.3
z_58.5_-1.5,2027,2,2027-T2,Diminution,48.5,11.1,48.5,40.3
z_58.5_-1.5,2027,3,2027-T3,Diminution,55.5,11.9,55.5,32.5
z_58.5_-1.5,2027,4,2027-T4,Diminution,44.3,12.3,44.3,43.4
z_58.5_-1.5,2028,1,2028-T1,Diminution,48.0,12.3,48.0,39.7
z_58.5_-1.5,2028,2,2028-T2,Diminution,48.5,11.1,48.5,40.3
z_58.5_-1.5,2028,3,2028-T3,Diminution,49.7,13.9,49.7,36.4
z_58.5_-1.5,2028,4,2028-T4,Diminution,45.3,11.4,45.3,43.3
z_58.5_-1.5,2029,1,2029-T1,Diminution,43.8,14.8,43.8,41.4
z_58.5_-1.5,2029,2,2029-T2,Diminution,48.5,11.1,48.5,40.3
z_58.5_-1.5,2029,3,2029-T3,Diminution,55.0,12.5,55.0,32.5
z_58.5_-1.5,2029,4,2029-T4,Diminution,45.3,11.4,45.3,43.3
z_58.5_-1.5,2030,1,2030-T1,Diminution,45.9,12.9,45.9,41.2
z_58.5_-1.5,2030,2,2030-T2,Diminution,48.5,11.1,48.5,40.3
z_58.5_-1.5,2030,3,2030-T3,Diminution,55.0,12.5,55.0,32.5
z_58.5_-1.5,2030,4,2030-T4,Diminution,45.3,11.4,45.3,43.3
z_58.5_-10.5,2023,1,2023-T1,Diminution,89.2,2.7,89.2,8.1
z_58.5_-10.5,2023,2,2023-T2,Diminution,86.8,3.1,86.8,10.2
z_58.5_-10.5,2023,3,2023-T3,Diminution,88.2,3.8,88.2,8.1
z_58.5_-10.5,2023,4,2023-T4,Diminution,88.8,3.1,88.8,8.1
z_58.5_-10.5,2024,1,2024-T1,Diminution,89.2,2.7,89.2,8.1
z_58.5_-10.5,2024,2,2024-T2,Diminution,86.8,3.1,86.8,10.2
z_58.5_-10.5,2024,3,2024-T3,Diminution,88.2,3.8,88.2,8.1
z_58.5_-10.5,2024,4,2024-T4,Diminution,88.8,3.1,88.8,8.1
z_58.5_-10.5,2025,1,2025-T1,Diminution,89.2,2.7,89.2,8.1
z_58.5_-10.5,2025,2,2025-T2,Diminution,70.2,2.5,70.2,27.3
z_58.5_-10.5,2025,3,2025-T3,Diminution,75.0,4.5,75.0,20.5
z_58.5_-10.5,2025,4,2025-T4,Diminution,86.7,3.3,86.7,10.0
z_58.5_-10.5,2026,1,2026-T1,Diminution,83.7,3.2,83.7,13.1
z_58.5_-10.5,2026,2,2026-T2,Diminution,86.8,3.1,86.8,10.2
z_58.5_-10.5,2026,3,2026-T3,Diminution,88.2,3.8,88.2,8.1
z_58.5_-10.5,2026,4,2026-T4,Diminution,88.8,3.1,88.8,8.1
z_58.5_-10.5,2027,1,2027-T1,Diminution,81.9,5.3,81.9,12.9
z_58.5_-10.5,2027,2,2027-T2,Diminution,86.8,3.1,86.8,10.2
z_58.5_-10.5,2027,3,2027-T3,Diminution,88.2,3.8,88.2,8.1
z_58.5_-10.5,2027,4,2027-T4,Diminution,88.8,3.1,88.8,8.1
z_58.5_-10.5,2028,1,2028-T1,Diminution,77.2,3.0,77.2,19.8
z_58.5_-10.5,2028,2,2028-T2,Diminution,86.8,3.1,86.8,10.2
z_58.5_-10.5,2028,3,2028-T3,Diminution,88.2,3.8,88.2,8.1
z_58.5_-10.5,2028,4,2028-T4,Diminution,88.8,3.1,88.8,8.1
z_58.5_-10.5,2029,1,2029-T1,Diminution,84.6,3.0,84.6,12.3
z_58.5_-10.5,2029,2,2029-T2,Diminution,86.8,3.1,86.8,10.2
z_58.5_-10.5,2029,3,2029-T3,Diminution,88.2,3.8,88.2,8.1
z_58.5_-10.5,2029,4,2029-T4,Diminution,88.8,3.1,88.8,8.1
z_58.5_-10.5,2030,1,2030-T1,Diminution,65.9,7.3,65.9,26.8
z_58.5_-10.5,2030,2,2030-T2,Diminution,86.8,3.1,86.8,10.2
z_58.5_-10.5,2030,3,2030-T3,Diminution,88.2,3.8,88.2,8.1
z_58.5_-10.5,2030,4,2030-T4,Diminution,88.8,3.1,88.8,8.1
z_58.5_-3.0,2023,1,2023-T1,Stable,49.2,16.1,34.6,49.2
z_58.5_-3.0,2023,2,2023-T2,Stable,47.8,17.4,34.7,47.8
z_58.5_-3.0,2023,3,2023-T3,Diminution,64.6,9.5,64.6,25.9
z_58.5_-3.0,2023,4,2023-T4,Diminution,70.0,8.5,70.0,21.5
z_58.5_-3.0,2024,1,2024-T1,Stable,44.1,12.4,43.5,44.1
z_58.5_-3.0,2024,2,2024-T2,Stable,44.1,14.3,41.6,44.1
z_58.5_-3.0,2024,3,2024-T3,Diminution,66.0,8.0,66.0,26.0
z_58.5_-3.0,2024,4,2024-T4,Diminution,66.6,10.2,66.6,23.2
z_58.5_-3.0,2025,1,2025-T1,Stable,45.4,13.4,41.3,45.4
z_58.5_-3.0,2025,2,2025-T2,Stable,44.8,14.4,40.8,44.8
z_58.5_-3.0,2025,3,2025-T3,Diminution,65.1,10.0,65.1,24.9
z_58.5_-3.0,2025,4,2025-T4,Diminution,68.9,10.2,68.9,20.9
z_58.5_-3.0,2026,1,2026-T1,Stable,47.1,9.9,43.0,47.1
z_58.5_-3.0,2026,2,2026-T2,Diminution,46.6,12.0,46.6,41.4
z_58.5_-3.0,2026,3,2026-T3,Diminution,71.0,9.3,71.0,19.7
z_58.5_-3.0,2026,4,2026-T4,Diminution,70.6,10.2,70.6,19.2
z_58.5_-3.0,2027,1,2027-T1,Stable,48.5,12.3,39.2,48.5
z_58.5_-3.0,2027,2,2027-T2,Diminution,44.7,13.8,44.7,41.4
z_58.5_-3.0,2027,3,2027-T3,Diminution,71.0,9.3,71.0,19.7
z_58.5_-3.0,2027,4,2027-T4,Diminution,70.6,10.2,70.6,19.2
z_58.5_-3.0,2028,1,2028-T1,Stable,45.8,10.7,43.5,45.8
z_58.5_-3.0,2028,2,2028-T2,Diminution,46.9,12.1,46.9,41.0
z_58.5_-3.0,2028,3,2028-T3,Diminution,71.0,9.3,71.0,19.7
z_58.5_-3.0,2028,4,2028-T4,Diminution,70.6,10.2,70.6,19.2
z_58.5_-3.0,2029,1,2029-T1,Stable,45.3,12.5,42.2,45.3
z_58.5_-3.0,2029,2,2029-T2,Diminution,46.9,12.1,46.9,41.0
z_58.5_-3.0,2029,3,2029-T3,Diminution,71.0,9.3,71.0,19.7
z_58.5_-3.0,2029,4,2029-T4,Diminution,70.6,10.2,70.6,19.2
z_58.5_-3.0,2030,1,2030-T1,Stable,45.3,11.3,43.3,45.3
z_58.5_-3.0,2030,2,2030-T2,Diminution,46.9,12.1,46.9,41.0
z_58.5_-3.0,2030,3,2030-T3,Diminution,71.0,9.3,71.0,19.7
z_58.5_-3.0,2030,4,2030-T4,Diminution,70.6,10.2,70.6,19.2
z_58.5_-6.0,2023,1,2023-T1,Diminution,44.9,12.0,44.9,43.2
z_58.5_-6.0,2023,2,2023-T2,Stable,45.7,10.6,43.7,45.7
z_58.5_-6.0,2023,3,2023-T3,Diminution,51.8,11.0,51.8,37.2
z_58.5_-6.0,2023,4,2023-T4,Diminution,45.0,15.2,45.0,39.9
z_58.5_-6.0,2024,1,2024-T1,Stable,45.1,13.9,41.0,45.1
z_58.5_-6.0,2024,2,2024-T2,Stable,47.7,10.4,41.9,47.7
z_58.5_-6.0,2024,3,2024-T3,Diminution,46.9,13.1,46.9,40.0
z_58.5_-6.0,2024,4,2024-T4,Diminution,51.7,12.8,51.7,35.5
z_58.5_-6.0,2025,1,2025-T1,Diminution,46.4,12.6,46.4,41.0
z_58.5_-6.0,2025,2,2025-T2,Stable,49.8,10.1,40.1,49.8
z_58.5_-6.0,2025,3,2025-T3,Diminution,46.2,11.5,46.2,42.3
z_58.5_-6.0,2025,4,2025-T4,Diminution,48.0,15.5,48.0,36.5
z_58.5_-6.0,2026,1,2026-T1,Diminution,42.9,14.6,42.9,42.5
z_58.5_-6.0,2026,2,2026-T2,Diminution,46.2,9.3,46.2,44.5
z_58.5_-6.0,2026,3,2026-T3,Diminution,51.5,10.9,51.5,37.6
z_58.5_-6.0,2026,4,2026-T4,Diminution,51.6,12.5,51.6,35.9
z_58.5_-6.0,2027,1,2027-T1,Diminution,45.7,11.5,45.7,42.9
z_58.5_-6.0,2027,2,2027-T2,Diminution,46.2,9.3,46.2,44.5
z_58.5_-6.0,2027,3,2027-T3,Diminution,51.5,10.9,51.5,37.6
z_58.5_-6.0,2027,4,2027-T4,Diminution,51.6,12.5,51.6,35.9
z_58.5_-6.0,2028,1,2028-T1,Stable,45.1,13.9,41.0,45.1
z_58.5_-6.0,2028,2,2028-T2,Diminution,46.2,9.3,46.2,44.5
z_58.5_-6.0,2028,3,2028-T3,Diminution,51.5,10.9,51.5,37.6
z_58.5_-6.0,2028,4,2028-T4,Diminution,51.6,12.5,51.6,35.9
z_58.5_-6.0,2029,1,2029-T1,Diminution,46.4,12.6,46.4,41.0
z_58.5_-6.0,2029,2,2029-T2,Diminution,46.2,9.3,46.2,44.5
z_58.5_-6.0,2029,3,2029-T3,Diminution,51.5,10.9,51.5,37.6
z_58.5_-6.0,2029,4,2029-T4,Diminution,51.6,12.5,51.6,35.9
z_58.5_-6.0,2030,1,2030-T1,Diminution,44.1,14.6,44.1,41.3
z_58.5_-6.0,2030,2,2030-T2,Diminution,46.2,9.3,46.2,44.5
z_58.5_-6.0,2030,3,2030-T3,Diminution,51.5,10.9,51.5,37.6
z_58.5_-6.0,2030,4,2030-T4,Diminution,51.6,12.5,51.6,35.9
z_58.5_-9.0,2023,1,2023-T1,Diminution,74.3,4.4,74.3,21.3
z_58.5_-9.0,2023,2,2023-T2,Diminution,53.5,18.9,53.5,27.6
z_58.5_-9.0,2023,3,2023-T3,Diminution,87.4,1.6,87.4,11.1
z_58.5_-9.0,2023,4,2023-T4,Diminution,88.0,1.6,88.0,10.4
z_58.5_-9.0,2024,1,2024-T1,Diminution,88.1,1.4,88.1,10.6
z_58.5_-9.0,2024,2,2024-T2,Diminution,54.2,17.6,54.2,28.2
z_58.5_-9.0,2024,3,2024-T3,Diminution,87.4,1.6,87.4,11.1
z_58.5_-9.0,2024,4,2024-T4,Diminution,88.0,1.6,88.0,10.4
z_58.5_-9.0,2025,1,2025-T1,Diminution,88.1,1.4,88.1,10.6
z_58.5_-9.0,2025,2,2025-T2,Diminution,56.6,12.2,56.6,31.2
z_58.5_-9.0,2025,3,2025-T3,Diminution,78.7,2.8,78.7,18.5
z_58.5_-9.0,2025,4,2025-T4,Diminution,86.2,2.3,86.2,11.5
z_58.5_-9.0,2026,1,2026-T1,Diminution,83.2,2.2,83.2,14.5
z_58.5_-9.0,2026,2,2026-T2,Diminution,62.1,10.7,62.1,27.3
z_58.5_-9.0,2026,3,2026-T3,Diminution,87.4,1.6,87.4,11.1
z_58.5_-9.0,2026,4,2026-T4,Diminution,88.0,1.6,88.0,10.4
z_58.5_-9.0,2027,1,2027-T1,Diminution,81.9,1.8,81.9,16.3
z_58.5_-9.0,2027,2,2027-T2,Diminution,62.1,10.7,62.1,27.3
z_58.5_-9.0,2027,3,2027-T3,Diminution,87.4,1.6,87.4,11.1
z_58.5_-9.0,2027,4,2027-T4,Diminution,88.0,1.6,88.0,10.4
z_58.5_-9.0,2028,1,2028-T1,Diminution,78.1,2.5,78.1,19.3
z_58.5_-9.0,2028,2,2028-T2,Diminution,62.1,10.7,62.1,27.3
z_58.5_-9.0,2028,3,2028-T3,Diminution,87.4,1.6,87.4,11.1
z_58.5_-9.0,2028,4,2028-T4,Diminution,88.0,1.6,88.0,10.4
z_58.5_-9.0,2029,1,2029-T1,Diminution,84.8,2.3,84.8,13.0
z_58.5_-9.0,2029,2,2029-T2,Diminution,62.1,10.7,62.1,27.3
z_58.5_-9.0,2029,3,2029-T3,Diminution,87.4,1.6,87.4,11.1
z_58.5_-9.0,2029,4,2029-T4,Diminution,88.0,1.6,88.0,10.4
z_58.5_-9.0,2030,1,2030-T1,Diminution,74.3,4.4,74.3,21.3
z_58.5_-9.0,2030,2,2030-T2,Diminution,62.1,10.7,62.1,27.3
z_58.5_-9.0,2030,3,2030-T3,Diminution,87.4,1.6,87.4,11.1
z_58.5_-9.0,2030,4,2030-T4,Diminution,88.0,1.6,88.0,10.4
z_58.5_0.0,2023,1,2023-T1,Stable,43.9,16.7,39.3,43.9
z_58.5_0.0,2023,2,2023-T2,Stable,48.5,10.1,41.3,48.5
z_58.5_0.0,2023,3,2023-T3,Diminution,48.0,11.3,48.0,40.8
z_58.5_0.0,2023,4,2023-T4,Diminution,67.1,11.9,67.1,21.0
z_58.5_0.0,2024,1,2024-T1,Stable,48.4,18.4,33.2,48.4
z_58.5_0.0,2024,2,2024-T2,Stable,49.7,17.3,33.1,49.7
z_58.5_0.0,2024,3,2024-T3,Stable,47.5,14.6,37.9,47.5
z_58.5_0.0,2024,4,2024-T4,Diminution,71.5,9.8,71.5,18.6
z_58.5_0.0,2025,1,2025-T1,Stable,44.8,17.1,38.1,44.8
z_58.5_0.0,2025,2,2025-T2,Diminution,44.0,13.9,44.0,42.1
z_58.5_0.0,2025,3,2025-T3,Stable,49.1,9.9,41.0,49.1
z_58.5_0.0,2025,4,2025-T4,Diminution,69.7,8.7,69.7,21.6
z_58.5_0.0,2026,1,2026-T1,Diminution,46.1,13.6,46.1,40.3
z_58.5_0.0,2026,2,2026-T2,Diminution,46.5,13.0,46.5,40.5
z_58.5_0.0,2026,3,2026-T3,Diminution,45.2,11.1,45.2,43.8
z_58.5_0.0,2026,4,2026-T4,Diminution,68.9,7.6,68.9,23.5
z_58.5_0.0,2027,1,2027-T1,Diminution,46.1,13.6,46.1,40.3
z_58.5_0.0,2027,2,2027-T2,Diminution,49.5,11.8,49.5,38.7
z_58.5_0.0,2027,3,2027-T3,Diminution,47.8,14.9,47.8,37.3
z_58.5_0.0,2027,4,2027-T4,Diminution,72.2,7.8,72.2,20.0
z_58.5_0.0,2028,1,2028-T1,Diminution,46.1,13.6,46.1,40.3
z_58.5_0.0,2028,2,2028-T2,Diminution,49.5,11.8,49.5,38.7
z_58.5_0.0,2028,3,2028-T3,Diminution,46.8,13.6,46.8,39.5
z_58.5_0.0,2028,4,2028-T4,Diminution,72.6,9.0,72.6,18.4
z_58.5_0.0,2029,1,2029-T1,Diminution,46.1,13.6,46.1,40.3
z_58.5_0.0,2029,2,2029-T2,Diminution,49.5,11.8,49.5,38.7
z_58.5_0.0,2029,3,2029-T3,Diminution,50.7,11.8,50.7,37.5
z_58.5_0.0,2029,4,2029-T4,Diminution,70.1,9.4,70.1,20.5
z_58.5_0.0,2030,1,2030-T1,Diminution,46.1,13.6,46.1,40.3
z_58.5_0.0,2030,2,2030-T2,Diminution,49.5,11.8,49.5,38.7
z_58.5_0.0,2030,3,2030-T3,Diminution,50.7,11.8,50.7,37.5
z_58.5_0.0,2030,4,2030-T4,Diminution,73.3,9.7,73.3,17.0
z_58.5_1.5,2023,1,2023-T1,Stable,46.7,13.9,39.5,46.7
z_58.5_1.5,2023,2,2023-T2,Diminution,64.1,12.8,64.1,23.1
z_58.5_1.5,2023,3,2023-T3,Stable,47.4,7.7,44.9,47.4
z_58.5_1.5,2023,4,2023-T4,Diminution,55.1,20.9,55.1,24.0
z_58.5_1.5,2024,1,2024-T1,Stable,53.3,9.4,37.4,53.3
z_58.5_1.5,2024,2,2024-T2,Diminution,64.1,12.8,64.1,23.1
z_58.5_1.5,2024,3,2024-T3,Stable,50.8,11.2,38.0,50.8
z_58.5_1.5,2024,4,2024-T4,Diminution,62.4,10.1,62.4,27.5
z_58.5_1.5,2025,1,2025-T1,Stable,50.2,11.3,38.5,50.2
z_58.5_1.5,2025,2,2025-T2,Diminution,61.6,9.0,61.6,29.4
z_58.5_1.5,2025,3,2025-T3,Stable,43.8,14.4,41.7,43.8
z_58.5_1.5,2025,4,2025-T4,Diminution,64.9,11.8,64.9,23.3
z_58.5_1.5,2026,1,2026-T1,Diminution,45.2,20.0,45.2,34.8
z_58.5_1.5,2026,2,2026-T2,Diminution,58.9,14.7,58.9,26.4
z_58.5_1.5,2026,3,2026-T3,Diminution,47.7,8.9,47.7,43.4
z_58.5_1.5,2026,4,2026-T4,Diminution,68.9,10.9,68.9,20.2
z_58.5_1.5,2027,1,2027-T1,Diminution,51.0,19.2,51.0,29.7
z_58.5_1.5,2027,2,2027-T2,Diminution,53.8,9.2,53.8,37.0
z_58.5_1.5,2027,3,2027-T3,Diminution,48.9,19.6,48.9,31.5
z_58.5_1.5,2027,4,2027-T4,Diminution,68.9,10.9,68.9,20.2
z_58.5_1.5,2028,1,2028-T1,Diminution,54.8,11.6,54.8,33.6
z_58.5_1.5,2028,2,2028-T2,Diminution,64.2,12.5,64.2,23.3
z_58.5_1.5,2028,3,2028-T3,Diminution,43.0,17.3,43.0,39.7
z_58.5_1.5,2028,4,2028-T4,Diminution,68.9,10.9,68.9,20.2
z_58.5_1.5,2029,1,2029-T1,Diminution,54.8,11.6,54.8,33.6
z_58.5_1.5,2029,2,2029-T2,Diminution,57.0,20.2,57.0,22.7
z_58.5_1.5,2029,3,2029-T3,Diminution,60.9,11.9,60.9,27.2
z_58.5_1.5,2029,4,2029-T4,Diminution,68.9,10.9,68.9,20.2
z_58.5_1.5,2030,1,2030-T1,Diminution,54.8,11.6,54.8,33.6
z_58.5_1.5,2030,2,2030-T2,Diminution,66.9,11.7,66.9,21.5
z_58.5_1.5,2030,3,2030-T3,Diminution,53.6,18.0,53.6,28.4
z_58.5_1.5,2030,4,2030-T4,Diminution,68.9,10.9,68.9,20.2
z_58.5_10.5,2023,1,2023-T1,Augmentation,67.4,67.4,10.1,22.5
z_58.5_10.5,2023,2,2023-T2,Augmentation,58.5,58.5,16.1,25.4
z_58.5_10.5,2023,3,2023-T3,Augmentation,60.3,60.3,12.8,26.9
z_58.5_10.5,2023,4,2023-T4,Augmentation,75.7,75.7,6.6,17.7
z_58.5_10.5,2024,1,2024-T1,Augmentation,69.9,69.9,10.4,19.7
z_58.5_10.5,2024,2,2024-T2,Augmentation,62.5,62.5,15.4,22.1
z_58.5_10.5,2024,3,2024-T3,Augmentation,59.5,59.5,15.0,25.4
z_58.5_10.5,2024,4,2024-T4,Augmentation,66.2,66.2,10.8,23.0
z_58.5_10.5,2025,1,2025-T1,Augmentation,56.8,56.8,18.0,25.1
z_58.5_10.5,2025,2,2025-T2,Augmentation,48.7,48.7,24.5,26.8
z_58.5_10.5,2025,3,2025-T3,Augmentation,54.3,54.3,21.6,24.1
z_58.5_10.5,2025,4,2025-T4,Augmentation,68.5,68.5,11.9,19.5
z_58.5_10.5,2026,1,2026-T1,Augmentation,60.8,60.8,16.7,22.5
z_58.5_10.5,2026,2,2026-T2,Augmentation,47.1,47.1,22.2,30.7
z_58.5_10.5,2026,3,2026-T3,Augmentation,57.1,57.1,19.6,23.3
z_58.5_10.5,2026,4,2026-T4,Augmentation,66.5,66.5,12.7,20.7
z_58.5_10.5,2027,1,2027-T1,Augmentation,64.7,64.7,13.9,21.4
z_58.5_10.5,2027,2,2027-T2,Augmentation,57.9,57.9,19.2,22.9
z_58.5_10.5,2027,3,2027-T3,Augmentation,59.0,59.0,17.2,23.9
z_58.5_10.5,2027,4,2027-T4,Augmentation,70.6,70.6,10.6,18.9
z_58.5_10.5,2028,1,2028-T1,Augmentation,66.8,66.8,12.7,20.5
z_58.5_10.5,2028,2,2028-T2,Augmentation,59.6,59.6,18.2,22.2
z_58.5_10.5,2028,3,2028-T3,Augmentation,62.0,62.0,15.8,22.2
z_58.5_10.5,2028,4,2028-T4,Augmentation,73.6,73.6,9.1,17.4
z_58.5_10.5,2029,1,2029-T1,Augmentation,69.5,69.5,12.2,18.3
z_58.5_10.5,2029,2,2029-T2,Augmentation,60.8,60.8,17.2,22.0
z_58.5_10.5,2029,3,2029-T3,Augmentation,62.1,62.1,15.4,22.5
z_58.5_10.5,2029,4,2029-T4,Augmentation,71.9,71.9,9.5,18.6
z_58.5_10.5,2030,1,2030-T1,Augmentation,65.6,65.6,13.2,21.3
z_58.5_10.5,2030,2,2030-T2,Augmentation,61.1,61.1,17.4,21.4
z_58.5_10.5,2030,3,2030-T3,Augmentation,62.1,62.1,15.5,22.4
z_58.5_10.5,2030,4,2030-T4,Augmentation,71.1,71.1,9.7,19.2
z_58.5_15.0,2023,1,2023-T1,Stable,43.6,33.8,22.6,43.6
z_58.5_15.0,2023,2,2023-T2,Stable,48.0,20.2,31.9,48.0
z_58.5_15.0,2023,3,2023-T3,Stable,48.8,7.0,44.2,48.8
z_58.5_15.0,2023,4,2023-T4,Diminution,49.4,10.2,49.4,40.3
z_58.5_15.0,2024,1,2024-T1,Stable,54.3,17.0,28.7,54.3
z_58.5_15.0,2024,2,2024-T2,Stable,46.6,20.2,33.2,46.6
z_58.5_15.0,2024,3,2024-T3,Stable,60.9,13.6,25.4,60.9
z_58.5_15.0,2024,4,2024-T4,Diminution,52.9,8.2,52.9,38.9
z_58.5_15.0,2025,1,2025-T1,Stable,40.2,21.6,38.2,40.2
z_58.5_15.0,2025,2,2025-T2,Stable,48.8,21.6,29.6,48.8
z_58.5_15.0,2025,3,2025-T3,Stable,54.8,20.2,25.0,54.8
z_58.5_15.0,2025,4,2025-T4,Stable,41.0,24.6,34.5,41.0
z_58.5_15.0,2026,1,2026-T1,Stable,41.5,27.9,30.6,41.5
z_58.5_15.0,2026,2,2026-T2,Stable,46.9,22.0,31.1,46.9
z_58.5_15.0,2026,3,2026-T3,Stable,49.8,7.2,43.0,49.8
z_58.5_15.0,2026,4,2026-T4,Diminution,57.4,8.1,57.4,34.5
z_58.5_15.0,2027,1,2027-T1,Stable,49.7,15.0,35.3,49.7
z_58.5_15.0,2027,2,2027-T2,Stable,50.3,18.1,31.7,50.3
z_58.5_15.0,2027,3,2027-T3,Stable,48.0,10.9,41.1,48.0
z_58.5_15.0,2027,4,2027-T4,Diminution,57.4,8.1,57.4,34.5
z_58.5_15.0,2028,1,2028-T1,Stable,49.5,16.2,34.3,49.5
z_58.5_15.0,2028,2,2028-T2,Stable,47.7,17.8,34.5,47.7
z_58.5_15.0,2028,3,2028-T3,Diminution,46.1,9.2,46.1,44.6
z_58.5_15.0,2028,4,2028-T4,Diminution,57.4,8.1,57.4,34.5
z_58.5_15.0,2029,1,2029-T1,Stable,48.0,13.4,38.5,48.0
z_58.5_15.0,2029,2,2029-T2,Stable,45.0,17.3,37.7,45.0
z_58.5_15.0,2029,3,2029-T3,Stable,46.2,8.0,45.8,46.2
z_58.5_15.0,2029,4,2029-T4,Diminution,57.4,8.1,57.4,34.5
z_58.5_15.0,2030,1,2030-T1,Stable,46.7,15.3,38.0,46.7
z_58.5_15.0,2030,2,2030-T2,Stable,47.4,15.6,37.0,47.4
z_58.5_15.0,2030,3,2030-T3,Stable,47.1,7.6,45.3,47.1
z_58.5_15.0,2030,4,2030-T4,Diminution,57.4,8.1,57.4,34.5
z_58.5_16.5,2023,1,2023-T1,Augmentation,73.9,73.9,9.9,16.2
z_58.5_16.5,2023,2,2023-T2,Augmentation,70.3,70.3,15.1,14.6
z_58.5_16.5,2023,3,2023-T3,Augmentation,72.6,72.6,12.6,14.8
z_58.5_16.5,2023,4,2023-T4,Augmentation,75.7,75.7,11.8,12.5
z_58.5_16.5,2024,1,2024-T1,Augmentation,67.0,67.0,12.9,20.2
z_58.5_16.5,2024,2,2024-T2,Augmentation,69.9,69.9,14.5,15.6
z_58.5_16.5,2024,3,2024-T3,Augmentation,61.8,61.8,15.0,23.3
z_58.5_16.5,2024,4,2024-T4,Augmentation,61.9,61.9,12.2,25.9
z_58.5_16.5,2025,1,2025-T1,Augmentation,51.1,51.1,20.0,28.9
z_58.5_16.5,2025,2,2025-T2,Augmentation,68.0,68.0,11.3,20.7
z_58.5_16.5,2025,3,2025-T3,Augmentation,76.7,76.7,9.6,13.7
z_58.5_16.5,2025,4,2025-T4,Augmentation,79.6,79.6,8.5,11.9
z_58.5_16.5,2026,1,2026-T1,Augmentation,65.1,65.1,17.9,17.0
z_58.5_16.5,2026,2,2026-T2,Augmentation,64.6,64.6,15.0,20.5
z_58.5_16.5,2026,3,2026-T3,Augmentation,72.7,72.7,13.0,14.3
z_58.5_16.5,2026,4,2026-T4,Augmentation,75.1,75.1,9.2,15.7
z_58.5_16.5,2027,1,2027-T1,Augmentation,80.1,80.1,8.1,11.8
z_58.5_16.5,2027,2,2027-T2,Augmentation,85.0,85.0,7.5,7.6
z_58.5_16.5,2027,3,2027-T3,Augmentation,83.1,83.1,8.2,8.6
z_58.5_16.5,2027,4,2027-T4,Augmentation,82.4,82.4,7.0,10.6
z_58.5_16.5,2028,1,2028-T1,Augmentation,74.4,74.4,9.9,15.7
z_58.5_16.5,2028,2,2028-T2,Augmentation,78.5,78.5,9.4,12.1
z_58.5_16.5,2028,3,2028-T3,Augmentation,83.6,83.6,7.2,9.2
z_58.5_16.5,2028,4,2028-T4,Augmentation,81.0,81.0,7.2,11.8
z_58.5_16.5,2029,1,2029-T1,Augmentation,76.3,76.3,9.5,14.3
z_58.5_16.5,2029,2,2029-T2,Augmentation,79.2,79.2,7.9,12.9
z_58.5_16.5,2029,3,2029-T3,Augmentation,84.2,84.2,7.1,8.7
z_58.5_16.5,2029,4,2029-T4,Augmentation,81.3,81.3,7.9,10.7
z_58.5_16.5,2030,1,2030-T1,Augmentation,79.3,79.3,9.0,11.7
z_58.5_16.5,2030,2,2030-T2,Augmentation,84.8,84.8,6.9,8.3
z_58.5_16.5,2030,3,2030-T3,Augmentation,84.8,84.8,5.9,9.3
z_58.5_16.5,2030,4,2030-T4,Augmentation,82.0,82.0,6.4,11.7
z_58.5_18.0,2023,1,2023-T1,Augmentation,56.1,56.1,16.7,27.3
z_58.5_18.0,2023,2,2023-T2,Augmentation,46.3,46.3,18.9,34.8
z_58.5_18.0,2023,3,2023-T3,Augmentation,57.4,57.4,15.8,26.8
z_58.5_18.0,2023,4,2023-T4,Augmentation,64.2,64.2,13.5,22.3
z_58.5_18.0,2024,1,2024-T1,Augmentation,62.0,62.0,12.0,26.0
z_58.5_18.0,2024,2,2024-T2,Augmentation,63.1,63.1,17.0,19.9
z_58.5_18.0,2024,3,2024-T3,Diminution,38.7,34.4,38.7,26.9
z_58.5_18.0,2024,4,2024-T4,Stable,37.7,37.3,25.0,37.7
z_58.5_18.0,2025,1,2025-T1,Augmentation,49.0,49.0,16.8,34.2
z_58.5_18.0,2025,2,2025-T2,Augmentation,48.2,48.2,19.5,32.3
z_58.5_18.0,2025,3,2025-T3,Augmentation,61.9,61.9,16.2,22.0
z_58.5_18.0,2025,4,2025-T4,Augmentation,67.4,67.4,12.3,20.3
z_58.5_18.0,2026,1,2026-T1,Augmentation,55.4,55.4,17.5,27.0
z_58.5_18.0,2026,2,2026-T2,Augmentation,58.1,58.1,17.2,24.6
z_58.5_18.0,2026,3,2026-T3,Augmentation,60.7,60.7,18.6,20.7
z_58.5_18.0,2026,4,2026-T4,Augmentation,66.5,66.5,12.8,20.6
z_58.5_18.0,2027,1,2027-T1,Augmentation,64.8,64.8,10.9,24.3
z_58.5_18.0,2027,2,2027-T2,Augmentation,73.4,73.4,10.6,16.0
z_58.5_18.0,2027,3,2027-T3,Augmentation,71.7,71.7,11.5,16.8
z_58.5_18.0,2027,4,2027-T4,Augmentation,71.0,71.0,10.7,18.3
z_58.5_18.0,2028,1,2028-T1,Augmentation,67.2,67.2,11.1,21.7
z_58.5_18.0,2028,2,2028-T2,Augmentation,74.1,74.1,11.4,14.5
z_58.5_18.0,2028,3,2028-T3,Augmentation,73.0,73.0,12.9,14.1
z_58.5_18.0,2028,4,2028-T4,Augmentation,69.7,69.7,12.0,18.3
z_58.5_18.0,2029,1,2029-T1,Augmentation,66.7,66.7,10.7,22.6
z_58.5_18.0,2029,2,2029-T2,Augmentation,74.3,74.3,9.8,15.9
z_58.5_18.0,2029,3,2029-T3,Augmentation,74.5,74.5,11.6,13.9
z_58.5_18.0,2029,4,2029-T4,Augmentation,72.2,72.2,12.1,15.7
z_58.5_18.0,2030,1,2030-T1,Augmentation,68.2,68.2,10.1,21.6
z_58.5_18.0,2030,2,2030-T2,Augmentation,76.1,76.1,10.6,13.3
z_58.5_18.0,2030,3,2030-T3,Augmentation,74.4,74.4,11.9,13.7
z_58.5_18.0,2030,4,2030-T4,Augmentation,72.9,72.9,10.3,16.8
z_58.5_19.5,2023,1,2023-T1,Stable,42.5,28.8,28.7,42.5
z_58.5_19.5,2023,2,2023-T2,Stable,43.7,31.7,24.7,43.7
z_58.5_19.5,2023,3,2023-T3,Stable,43.7,31.6,24.7,43.7
z_58.5_19.5,2023,4,2023-T4,Stable,47.2,31.8,21.0,47.2
z_58.5_19.5,2024,1,2024-T1,Stable,45.7,29.1,25.2,45.7
z_58.5_19.5,2024,2,2024-T2,Stable,41.9,18.7,39.4,41.9
z_58.5_19.5,2024,3,2024-T3,Stable,50.1,28.1,21.7,50.1
z_58.5_19.5,2024,4,2024-T4,Stable,49.9,32.7,17.3,49.9
z_58.5_19.5,2025,1,2025-T1,Stable,50.0,32.5,17.5,50.0
z_58.5_19.5,2025,2,2025-T2,Stable,54.0,29.2,16.7,54.0
z_58.5_19.5,2025,3,2025-T3,Stable,56.6,23.1,20.2,56.6
z_58.5_19.5,2025,4,2025-T4,Stable,53.0,28.5,18.6,53.0
z_58.5_19.5,2026,1,2026-T1,Stable,44.2,30.7,25.1,44.2
z_58.5_19.5,2026,2,2026-T2,Stable,49.1,27.9,23.0,49.1
z_58.5_19.5,2026,3,2026-T3,Stable,49.3,29.6,21.1,49.3
z_58.5_19.5,2026,4,2026-T4,Stable,43.7,36.6,19.7,43.7
z_58.5_19.5,2027,1,2027-T1,Stable,51.2,30.2,18.6,51.2
z_58.5_19.5,2027,2,2027-T2,Stable,50.2,29.1,20.7,50.2
z_58.5_19.5,2027,3,2027-T3,Stable,53.2,27.5,19.4,53.2
z_58.5_19.5,2027,4,2027-T4,Stable,47.2,32.8,20.0,47.2
z_58.5_19.5,2028,1,2028-T1,Stable,50.9,30.1,19.0,50.9
z_58.5_19.5,2028,2,2028-T2,Stable,52.8,26.9,20.3,52.8
z_58.5_19.5,2028,3,2028-T3,Stable,53.3,27.5,19.3,53.3
z_58.5_19.5,2028,4,2028-T4,Stable,52.2,28.6,19.1,52.2
z_58.5_19.5,2029,1,2029-T1,Stable,52.3,28.3,19.5,52.3
z_58.5_19.5,2029,2,2029-T2,Stable,49.3,31.5,19.3,49.3
z_58.5_19.5,2029,3,2029-T3,Stable,53.2,27.5,19.4,53.2
z_58.5_19.5,2029,4,2029-T4,Stable,48.8,33.3,17.9,48.8
z_58.5_19.5,2030,1,2030-T1,Stable,52.2,28.9,19.0,52.2
z_58.5_19.5,2030,2,2030-T2,Stable,53.2,26.8,20.0,53.2
z_58.5_19.5,2030,3,2030-T3,Stable,53.2,27.5,19.4,53.2
z_58.5_19.5,2030,4,2030-T4,Stable,52.9,28.2,18.9,52.9
z_58.5_21.0,2023,1,2023-T1,Stable,50.2,12.8,36.9,50.2
z_58.5_21.0,2023,2,2023-T2,Diminution,52.9,10.7,52.9,36.5
z_58.5_21.0,2023,3,2023-T3,Stable,46.8,15.7,37.5,46.8
z_58.5_21.0,2023,4,2023-T4,Diminution,53.9,7.5,53.9,38.6
z_58.5_21.0,2024,1,2024-T1,Stable,42.3,17.0,40.7,42.3
z_58.5_21.0,2024,2,2024-T2,Diminution,54.2,9.5,54.2,36.3
z_58.5_21.0,2024,3,2024-T3,Stable,47.7,17.6,34.6,47.7
z_58.5_21.0,2024,4,2024-T4,Stable,48.3,16.9,34.8,48.3
z_58.5_21.0,2025,1,2025-T1,Augmentation,41.7,41.7,21.5,36.8
z_58.5_21.0,2025,2,2025-T2,Stable,46.2,32.2,21.6,46.2
z_58.5_21.0,2025,3,2025-T3,Stable,47.0,33.8,19.3,47.0
z_58.5_21.0,2025,4,2025-T4,Stable,52.6,23.1,24.4,52.6
z_58.5_21.0,2026,1,2026-T1,Stable,46.2,21.7,32.1,46.2
z_58.5_21.0,2026,2,2026-T2,Stable,47.3,15.0,37.7,47.3
z_58.5_21.0,2026,3,2026-T3,Stable,48.9,16.6,34.5,48.9
z_58.5_21.0,2026,4,2026-T4,Stable,46.3,7.7,46.0,46.3
z_58.5_21.0,2027,1,2027-T1,Stable,47.9,12.7,39.3,47.9
z_58.5_21.0,2027,2,2027-T2,Diminution,46.6,8.9,46.6,44.5
z_58.5_21.0,2027,3,2027-T3,Stable,45.7,15.0,39.2,45.7
z_58.5_21.0,2027,4,2027-T4,Diminution,50.2,6.1,50.2,43.6
z_58.5_21.0,2028,1,2028-T1,Stable,47.5,14.0,38.5,47.5
z_58.5_21.0,2028,2,2028-T2,Diminution,50.5,8.1,50.5,41.5
z_58.5_21.0,2028,3,2028-T3,Stable,45.1,12.0,43.0,45.1
z_58.5_21.0,2028,4,2028-T4,Diminution,48.0,7.6,48.0,44.3
z_58.5_21.0,2029,1,2029-T1,Stable,44.4,12.8,42.8,44.4
z_58.5_21.0,2029,2,2029-T2,Diminution,46.9,11.8,46.9,41.2
z_58.5_21.0,2029,3,2029-T3,Stable,44.5,15.9,39.5,44.5
z_58.5_21.0,2029,4,2029-T4,Diminution,47.2,8.6,47.2,44.3
z_58.5_21.0,2030,1,2030-T1,Stable,44.4,14.9,40.7,44.4
z_58.5_21.0,2030,2,2030-T2,Diminution,48.5,10.2,48.5,41.3
z_58.5_21.0,2030,3,2030-T3,Diminution,45.2,12.7,45.2,42.0
z_58.5_21.0,2030,4,2030-T4,Diminution,53.9,7.5,53.9,38.6
z_58.5_22.5,2023,1,2023-T1,Stable,50.4,28.6,21.1,50.4
z_58.5_22.5,2023,2,2023-T2,Diminution,42.8,19.2,42.8,38.0
z_58.5_22.5,2023,3,2023-T3,Stable,47.6,25.7,26.7,47.6
z_58.5_22.5,2023,4,2023-T4,Stable,40.9,31.0,28.1,40.9
z_58.5_22.5,2024,1,2024-T1,Stable,44.8,15.1,40.1,44.8
z_58.5_22.5,2024,2,2024-T2,Diminution,41.2,20.5,41.2,38.3
z_58.5_22.5,2024,3,2024-T3,Stable,45.2,26.6,28.2,45.2
z_58.5_22.5,2024,4,2024-T4,Stable,42.8,15.7,41.5,42.8
z_58.5_22.5,2025,1,2025-T1,Stable,53.4,19.7,26.9,53.4
z_58.5_22.5,2025,2,2025-T2,Diminution,45.3,18.9,45.3,35.8
z_58.5_22.5,2025,3,2025-T3,Stable,51.7,22.7,25.6,51.7
z_58.5_22.5,2025,4,2025-T4,Stable,52.5,29.3,18.3,52.5
z_58.5_22.5,2026,1,2026-T1,Stable,50.2,31.0,18.7,50.2
z_58.5_22.5,2026,2,2026-T2,Stable,45.6,23.9,30.5,45.6
z_58.5_22.5,2026,3,2026-T3,Stable,49.1,28.0,22.8,49.1
z_58.5_22.5,2026,4,2026-T4,Stable,51.7,27.8,20.5,51.7
z_58.5_22.5,2027,1,2027-T1,Stable,49.7,29.3,20.9,49.7
z_58.5_22.5,2027,2,2027-T2,Stable,41.9,20.9,37.1,41.9
z_58.5_22.5,2027,3,2027-T3,Stable,51.3,25.4,23.3,51.3
z_58.5_22.5,2027,4,2027-T4,Stable,51.3,25.3,23.4,51.3
z_58.5_22.5,2028,1,2028-T1,Stable,51.0,27.0,22.0,51.0
z_58.5_22.5,2028,2,2028-T2,Stable,41.2,20.2,38.6,41.2
z_58.5_22.5,2028,3,2028-T3,Stable,51.5,25.0,23.5,51.5
z_58.5_22.5,2028,4,2028-T4,Stable,53.4,24.9,21.7,53.4
z_58.5_22.5,2029,1,2029-T1,Stable,49.5,27.5,23.0,49.5
z_58.5_22.5,2029,2,2029-T2,Stable,41.9,18.6,39.5,41.9
z_58.5_22.5,2029,3,2029-T3,Stable,52.2,24.7,23.1,52.2
z_58.5_22.5,2029,4,2029-T4,Stable,52.0,26.0,22.0,52.0
z_58.5_22.5,2030,1,2030-T1,Stable,50.2,26.7,23.1,50.2
z_58.5_22.5,2030,2,2030-T2,Stable,42.0,19.4,38.6,42.0
z_58.5_22.5,2030,3,2030-T3,Stable,50.9,26.1,23.0,50.9
z_58.5_22.5,2030,4,2030-T4,Stable,53.6,24.3,22.2,53.6
z_58.5_24.0,2023,1,2023-T1,Augmentation,42.2,42.2,17.7,40.1
z_58.5_24.0,2023,2,2023-T2,Augmentation,50.0,50.0,13.1,36.9
z_58.5_24.0,2023,3,2023-T3,Augmentation,42.0,42.0,22.3,35.8
z_58.5_24.0,2023,4,2023-T4,Stable,42.6,35.5,21.9,42.6
z_58.5_24.0,2024,1,2024-T1,Augmentation,51.5,51.5,17.4,31.1
z_58.5_24.0,2024,2,2024-T2,Augmentation,64.5,64.5,9.2,26.4
z_58.5_24.0,2024,3,2024-T3,Augmentation,70.0,70.0,11.1,18.9
z_58.5_24.0,2024,4,2024-T4,Augmentation,45.5,45.5,18.7,35.8
z_58.5_24.0,2025,1,2025-T1,Augmentation,46.5,46.5,18.9,34.6
z_58.5_24.0,2025,2,2025-T2,Stable,46.9,37.0,16.1,46.9
z_58.5_24.0,2025,3,2025-T3,Augmentation,48.9,48.9,20.5,30.6
z_58.5_24.0,2025,4,2025-T4,Augmentation,41.4,41.4,26.9,31.7
z_58.5_24.0,2026,1,2026-T1,Stable,38.8,35.9,25.3,38.8
z_58.5_24.0,2026,2,2026-T2,Augmentation,46.7,46.7,13.1,40.2
z_58.5_24.0,2026,3,2026-T3,Augmentation,47.5,47.5,21.3,31.2
z_58.5_24.0,2026,4,2026-T4,Augmentation,46.3,46.3,20.0,33.7
z_58.5_24.0,2027,1,2027-T1,Augmentation,50.0,50.0,16.7,33.3
z_58.5_24.0,2027,2,2027-T2,Augmentation,57.7,57.7,10.1,32.2
z_58.5_24.0,2027,3,2027-T3,Augmentation,54.7,54.7,15.6,29.7
z_58.5_24.0,2027,4,2027-T4,Augmentation,50.3,50.3,17.7,32.0
z_58.5_24.0,2028,1,2028-T1,Augmentation,52.1,52.1,15.6,32.3
z_58.5_24.0,2028,2,2028-T2,Augmentation,57.1,57.1,10.7,32.2
z_58.5_24.0,2028,3,2028-T3,Augmentation,57.3,57.3,14.6,28.1
z_58.5_24.0,2028,4,2028-T4,Augmentation,48.5,48.5,18.4,33.1
z_58.5_24.0,2029,1,2029-T1,Augmentation,52.0,52.0,16.8,31.3
z_58.5_24.0,2029,2,2029-T2,Augmentation,59.0,59.0,10.4,30.5
z_58.5_24.0,2029,3,2029-T3,Augmentation,56.8,56.8,15.3,27.9
z_58.5_24.0,2029,4,2029-T4,Augmentation,50.1,50.1,18.1,31.8
z_58.5_24.0,2030,1,2030-T1,Augmentation,54.8,54.8,15.3,29.9
z_58.5_24.0,2030,2,2030-T2,Augmentation,57.9,57.9,10.5,31.6
z_58.5_24.0,2030,3,2030-T3,Augmentation,58.5,58.5,14.0,27.4
z_58.5_24.0,2030,4,2030-T4,Augmentation,52.5,52.5,17.1,30.4
z_58.5_25.5,2023,1,2023-T1,Stable,42.3,31.0,26.7,42.3
z_58.5_25.5,2023,2,2023-T2,Stable,44.7,14.5,40.8,44.7
z_58.5_25.5,2023,3,2023-T3,Stable,43.2,16.9,39.9,43.2
z_58.5_25.5,2023,4,2023-T4,Stable,48.9,12.9,38.2,48.9
z_58.5_25.5,2024,1,2024-T1,Stable,52.3,15.9,31.8,52.3
z_58.5_25.5,2024,2,2024-T2,Stable,43.7,22.4,33.9,43.7
z_58.5_25.5,2024,3,2024-T3,Stable,46.8,25.1,28.1,46.8
z_58.5_25.5,2024,4,2024-T4,Stable,44.2,25.2,30.6,44.2
z_58.5_25.5,2025,1,2025-T1,Stable,45.6,23.4,30.9,45.6
z_58.5_25.5,2025,2,2025-T2,Diminution,59.2,4.3,59.2,36.6
z_58.5_25.5,2025,3,2025-T3,Diminution,51.2,12.6,51.2,36.2
z_58.5_25.5,2025,4,2025-T4,Stable,53.3,18.4,28.2,53.3
z_58.5_25.5,2026,1,2026-T1,Stable,46.6,11.8,41.6,46.6
z_58.5_25.5,2026,2,2026-T2,Diminution,70.2,4.0,70.2,25.7
z_58.5_25.5,2026,3,2026-T3,Diminution,51.4,11.3,51.4,37.3
z_58.5_25.5,2026,4,2026-T4,Diminution,46.3,13.1,46.3,40.6
z_58.5_25.5,2027,1,2027-T1,Stable,43.3,16.5,40.2,43.3
z_58.5_25.5,2027,2,2027-T2,Diminution,67.1,3.9,67.1,29.0
z_58.5_25.5,2027,3,2027-T3,Diminution,47.7,11.4,47.7,40.9
z_58.5_25.5,2027,4,2027-T4,Diminution,46.0,17.1,46.0,36.8
z_58.5_25.5,2028,1,2028-T1,Diminution,48.5,12.0,48.5,39.4
z_58.5_25.5,2028,2,2028-T2,Diminution,67.1,3.9,67.1,29.0
z_58.5_25.5,2028,3,2028-T3,Diminution,50.9,11.5,50.9,37.6
z_58.5_25.5,2028,4,2028-T4,Diminution,49.8,16.1,49.8,34.1
z_58.5_25.5,2029,1,2029-T1,Diminution,44.0,14.6,44.0,41.3
z_58.5_25.5,2029,2,2029-T2,Diminution,67.1,3.9,67.1,29.0
z_58.5_25.5,2029,3,2029-T3,Diminution,55.7,12.2,55.7,32.2
z_58.5_25.5,2029,4,2029-T4,Diminution,47.9,15.1,47.9,37.0
z_58.5_25.5,2030,1,2030-T1,Diminution,46.5,12.5,46.5,41.0
z_58.5_25.5,2030,2,2030-T2,Diminution,67.1,3.9,67.1,29.0
z_58.5_25.5,2030,3,2030-T3,Diminution,50.9,14.0,50.9,35.1
z_58.5_25.5,2030,4,2030-T4,Diminution,49.7,13.2,49.7,37.0
z_58.5_27.0,2023,1,2023-T1,Diminution,44.7,17.0,44.7,38.3
z_58.5_27.0,2023,2,2023-T2,Diminution,69.7,3.9,69.7,26.3
z_58.5_27.0,2023,3,2023-T3,Diminution,60.1,7.0,60.1,32.9
z_58.5_27.0,2023,4,2023-T4,Diminution,68.7,4.4,68.7,26.9
z_58.5_27.0,2024,1,2024-T1,Diminution,43.7,15.4,43.7,40.9
z_58.5_27.0,2024,2,2024-T2,Diminution,58.8,4.6,58.8,36.6
z_58.5_27.0,2024,3,2024-T3,Diminution,53.1,8.8,53.1,38.1
z_58.5_27.0,2024,4,2024-T4,Diminution,73.7,4.9,73.7,21.4
z_58.5_27.0,2025,1,2025-T1,Diminution,45.2,12.8,45.2,42.1
z_58.5_27.0,2025,2,2025-T2,Diminution,69.7,3.9,69.7,26.3
z_58.5_27.0,2025,3,2025-T3,Diminution,57.2,8.6,57.2,34.2
z_58.5_27.0,2025,4,2025-T4,Diminution,62.1,5.6,62.1,32.3
z_58.5_27.0,2026,1,2026-T1,Diminution,44.4,12.2,44.4,43.4
z_58.5_27.0,2026,2,2026-T2,Diminution,69.7,3.9,69.7,26.3
z_58.5_27.0,2026,3,2026-T3,Diminution,63.8,7.3,63.8,28.9
z_58.5_27.0,2026,4,2026-T4,Diminution,72.7,4.5,72.7,22.8
z_58.5_27.0,2027,1,2027-T1,Stable,44.3,14.4,41.3,44.3
z_58.5_27.0,2027,2,2027-T2,Diminution,69.7,3.9,69.7,26.3
z_58.5_27.0,2027,3,2027-T3,Diminution,63.8,7.3,63.8,28.9
z_58.5_27.0,2027,4,2027-T4,Diminution,72.7,4.5,72.7,22.8
z_58.5_27.0,2028,1,2028-T1,Diminution,47.6,12.6,47.6,39.8
z_58.5_27.0,2028,2,2028-T2,Diminution,69.7,3.9,69.7,26.3
z_58.5_27.0,2028,3,2028-T3,Diminution,63.8,7.3,63.8,28.9
z_58.5_27.0,2028,4,2028-T4,Diminution,72.7,4.5,72.7,22.8
z_58.5_27.0,2029,1,2029-T1,Diminution,43.7,15.4,43.7,40.9
z_58.5_27.0,2029,2,2029-T2,Diminution,69.7,3.9,69.7,26.3
z_58.5_27.0,2029,3,2029-T3,Diminution,63.8,7.3,63.8,28.9
z_58.5_27.0,2029,4,2029-T4,Diminution,72.7,4.5,72.7,22.8
z_58.5_27.0,2030,1,2030-T1,Diminution,46.1,13.1,46.1,40.8
z_58.5_27.0,2030,2,2030-T2,Diminution,69.7,3.9,69.7,26.3
z_58.5_27.0,2030,3,2030-T3,Diminution,63.8,7.3,63.8,28.9
z_58.5_27.0,2030,4,2030-T4,Diminution,72.7,4.5,72.7,22.8
z_58.5_28.5,2023,1,2023-T1,Diminution,55.1,14.3,55.1,30.6
z_58.5_28.5,2023,2,2023-T2,Stable,44.6,19.8,35.6,44.6
z_58.5_28.5,2023,3,2023-T3,Stable,51.2,17.7,31.1,51.2
z_58.5_28.5,2023,4,2023-T4,Stable,45.5,19.8,34.7,45.5
z_58.5_28.5,2024,1,2024-T1,Diminution,55.0,10.0,55.0,35.0
z_58.5_28.5,2024,2,2024-T2,Stable,42.2,18.6,39.1,42.2
z_58.5_28.5,2024,3,2024-T3,Stable,53.4,9.7,36.9,53.4
z_58.5_28.5,2024,4,2024-T4,Diminution,40.7,22.0,40.7,37.4
z_58.5_28.5,2025,1,2025-T1,Diminution,59.0,11.4,59.0,29.6
z_58.5_28.5,2025,2,2025-T2,Stable,42.2,17.1,40.7,42.2
z_58.5_28.5,2025,3,2025-T3,Diminution,39.6,21.4,39.6,39.0
z_58.5_28.5,2025,4,2025-T4,Stable,45.7,16.1,38.2,45.7
z_58.5_28.5,2026,1,2026-T1,Diminution,53.3,15.3,53.3,31.4
z_58.5_28.5,2026,2,2026-T2,Stable,50.3,8.4,41.3,50.3
z_58.5_28.5,2026,3,2026-T3,Stable,42.8,18.0,39.2,42.8
z_58.5_28.5,2026,4,2026-T4,Diminution,47.4,10.7,47.4,41.9
z_58.5_28.5,2027,1,2027-T1,Diminution,61.4,11.1,61.4,27.5
z_58.5_28.5,2027,2,2027-T2,Stable,44.2,15.4,40.4,44.2
z_58.5_28.5,2027,3,2027-T3,Stable,46.0,9.6,44.4,46.0
z_58.5_28.5,2027,4,2027-T4,Diminution,47.4,10.7,47.4,41.9
z_58.5_28.5,2028,1,2028-T1,Diminution,61.4,11.1,61.4,27.5
z_58.5_28.5,2028,2,2028-T2,Stable,54.2,8.3,37.5,54.2
z_58.5_28.5,2028,3,2028-T3,Stable,46.0,9.6,44.4,46.0
z_58.5_28.5,2028,4,2028-T4,Diminution,47.4,10.7,47.4,41.9
z_58.5_28.5,2029,1,2029-T1,Diminution,61.4,11.1,61.4,27.5
z_58.5_28.5,2029,2,2029-T2,Stable,45.6,10.9,43.5,45.6
z_58.5_28.5,2029,3,2029-T3,Stable,46.0,9.6,44.4,46.0
z_58.5_28.5,2029,4,2029-T4,Diminution,47.4,10.7,47.4,41.9
z_58.5_28.5,2030,1,2030-T1,Diminution,61.4,11.1,61.4,27.5
z_58.5_28.5,2030,2,2030-T2,Stable,42.2,17.1,40.7,42.2
z_58.5_28.5,2030,3,2030-T3,Stable,46.0,9.6,44.4,46.0
z_58.5_28.5,2030,4,2030-T4,Diminution,47.4,10.7,47.4,41.9
z_58.5_3.0,2023,1,2023-T1,Diminution,47.6,13.4,47.6,38.9
z_58.5_3.0,2023,2,2023-T2,Diminution,73.8,3.4,73.8,22.8
z_58.5_3.0,2023,3,2023-T3,Diminution,66.0,5.6,66.0,28.4
z_58.5_3.0,2023,4,2023-T4,Diminution,64.3,8.4,64.3,27.3
z_58.5_3.0,2024,1,2024-T1,Stable,45.7,10.4,44.0,45.7
z_58.5_3.0,2024,2,2024-T2,Diminution,82.1,2.5,82.1,15.5
z_58.5_3.0,2024,3,2024-T3,Diminution,87.7,2.1,87.7,10.3
z_58.5_3.0,2024,4,2024-T4,Diminution,63.2,7.3,63.2,29.5
z_58.5_3.0,2025,1,2025-T1,Stable,50.1,12.3,37.6,50.1
z_58.5_3.0,2025,2,2025-T2,Diminution,65.6,5.4,65.6,29.0
z_58.5_3.0,2025,3,2025-T3,Diminution,71.3,7.2,71.3,21.6
z_58.5_3.0,2025,4,2025-T4,Stable,41.1,19.0,39.9,41.1
z_58.5_3.0,2026,1,2026-T1,Diminution,47.9,13.3,47.9,38.8
z_58.5_3.0,2026,2,2026-T2,Diminution,75.5,4.1,75.5,20.5
z_58.5_3.0,2026,3,2026-T3,Diminution,87.7,2.1,87.7,10.3
z_58.5_3.0,2026,4,2026-T4,Diminution,57.2,7.3,57.2,35.4
z_58.5_3.0,2027,1,2027-T1,Diminution,50.5,13.2,50.5,36.2
z_58.5_3.0,2027,2,2027-T2,Diminution,81.6,3.3,81.6,15.1
z_58.5_3.0,2027,3,2027-T3,Diminution,87.7,2.1,87.7,10.3
z_58.5_3.0,2027,4,2027-T4,Diminution,57.7,7.0,57.7,35.3
z_58.5_3.0,2028,1,2028-T1,Diminution,48.7,12.4,48.7,38.9
z_58.5_3.0,2028,2,2028-T2,Diminution,82.8,2.3,82.8,14.9
z_58.5_3.0,2028,3,2028-T3,Diminution,87.7,2.1,87.7,10.3
z_58.5_3.0,2028,4,2028-T4,Diminution,61.0,7.8,61.0,31.2
z_58.5_3.0,2029,1,2029-T1,Diminution,53.3,11.4,53.3,35.2
z_58.5_3.0,2029,2,2029-T2,Diminution,82.1,2.5,82.1,15.5
z_58.5_3.0,2029,3,2029-T3,Diminution,87.7,2.1,87.7,10.3
z_58.5_3.0,2029,4,2029-T4,Diminution,56.9,8.2,56.9,34.9
z_58.5_3.0,2030,1,2030-T1,Diminution,53.3,11.4,53.3,35.2
z_58.5_3.0,2030,2,2030-T2,Diminution,68.7,2.7,68.7,28.5
z_58.5_3.0,2030,3,2030-T3,Diminution,87.7,2.1,87.7,10.3
z_58.5_3.0,2030,4,2030-T4,Diminution,63.2,7.3,63.2,29.5
z_58.5_4.5,2023,1,2023-T1,Diminution,39.3,31.4,39.3,29.4
z_58.5_4.5,2023,2,2023-T2,Augmentation,45.8,45.8,23.0,31.3
z_58.5_4.5,2023,3,2023-T3,Augmentation,55.1,55.1,20.4,24.5
z_58.5_4.5,2023,4,2023-T4,Augmentation,55.5,55.5,18.6,25.8
z_58.5_4.5,2024,1,2024-T1,Augmentation,41.7,41.7,20.6,37.7
z_58.5_4.5,2024,2,2024-T2,Augmentation,53.1,53.1,17.6,29.3
z_58.5_4.5,2024,3,2024-T3,Augmentation,64.9,64.9,15.1,19.9
z_58.5_4.5,2024,4,2024-T4,Augmentation,76.0,76.0,8.2,15.8
z_58.5_4.5,2025,1,2025-T1,Augmentation,57.8,57.8,16.1,26.2
z_58.5_4.5,2025,2,2025-T2,Augmentation,59.6,59.6,17.8,22.7
z_58.5_4.5,2025,3,2025-T3,Augmentation,51.0,51.0,21.2,27.9
z_58.5_4.5,2025,4,2025-T4,Augmentation,40.8,40.8,29.2,30.0
z_58.5_4.5,2026,1,2026-T1,Diminution,40.0,31.4,40.0,28.5
z_58.5_4.5,2026,2,2026-T2,Augmentation,36.6,36.6,35.6,27.7
z_58.5_4.5,2026,3,2026-T3,Augmentation,50.7,50.7,24.3,25.0
z_58.5_4.5,2026,4,2026-T4,Augmentation,58.3,58.3,18.9,22.8
z_58.5_4.5,2027,1,2027-T1,Augmentation,45.8,45.8,25.7,28.5
z_58.5_4.5,2027,2,2027-T2,Augmentation,48.2,48.2,23.8,28.0
z_58.5_4.5,2027,3,2027-T3,Augmentation,51.4,51.4,20.2,28.4
z_58.5_4.5,2027,4,2027-T4,Augmentation,57.0,57.0,18.0,25.0
z_58.5_4.5,2028,1,2028-T1,Augmentation,42.2,42.2,26.8,31.0
z_58.5_4.5,2028,2,2028-T2,Augmentation,47.3,47.3,23.7,29.1
z_58.5_4.5,2028,3,2028-T3,Augmentation,52.8,52.8,18.6,28.6
z_58.5_4.5,2028,4,2028-T4,Augmentation,56.5,56.5,17.6,25.9
z_58.5_4.5,2029,1,2029-T1,Augmentation,40.9,40.9,27.6,31.5
z_58.5_4.5,2029,2,2029-T2,Augmentation,46.6,46.6,24.1,29.3
z_58.5_4.5,2029,3,2029-T3,Augmentation,51.6,51.6,20.1,28.3
z_58.5_4.5,2029,4,2029-T4,Augmentation,56.1,56.1,17.7,26.2
z_58.5_4.5,2030,1,2030-T1,Augmentation,45.4,45.4,25.7,28.9
z_58.5_4.5,2030,2,2030-T2,Augmentation,47.5,47.5,23.4,29.1
z_58.5_4.5,2030,3,2030-T3,Augmentation,52.3,52.3,19.3,28.4
z_58.5_4.5,2030,4,2030-T4,Augmentation,57.2,57.2,17.2,25.6
z_58.5_6.0,2023,1,2023-T1,Diminution,71.9,8.0,71.9,20.1
z_58.5_6.0,2023,2,2023-T2,Diminution,88.8,1.5,88.8,9.7
z_58.5_6.0,2023,3,2023-T3,Diminution,89.5,1.9,89.5,8.6
z_58.5_6.0,2023,4,2023-T4,Diminution,89.7,1.8,89.7,8.5
z_58.5_6.0,2024,1,2024-T1,Diminution,71.9,8.0,71.9,20.1
z_58.5_6.0,2024,2,2024-T2,Diminution,75.1,1.9,75.1,23.0
z_58.5_6.0,2024,3,2024-T3,Diminution,77.5,3.1,77.5,19.4
z_58.5_6.0,2024,4,2024-T4,Diminution,70.9,5.1,70.9,24.0
z_58.5_6.0,2025,1,2025-T1,Diminution,51.8,11.1,51.8,37.1
z_58.5_6.0,2025,2,2025-T2,Diminution,87.0,2.7,87.0,10.2
z_58.5_6.0,2025,3,2025-T3,Diminution,84.7,1.7,84.7,13.7
z_58.5_6.0,2025,4,2025-T4,Diminution,89.7,1.8,89.7,8.5
z_58.5_6.0,2026,1,2026-T1,Diminution,62.9,10.2,62.9,26.9
z_58.5_6.0,2026,2,2026-T2,Diminution,88.8,1.5,88.8,9.7
z_58.5_6.0,2026,3,2026-T3,Diminution,85.3,3.3,85.3,11.4
z_58.5_6.0,2026,4,2026-T4,Diminution,89.7,1.8,89.7,8.5
z_58.5_6.0,2027,1,2027-T1,Diminution,60.3,6.6,60.3,33.1
z_58.5_6.0,2027,2,2027-T2,Diminution,88.8,1.5,88.8,9.7
z_58.5_6.0,2027,3,2027-T3,Diminution,77.3,2.8,77.3,19.9
z_58.5_6.0,2027,4,2027-T4,Diminution,89.7,1.8,89.7,8.5
z_58.5_6.0,2028,1,2028-T1,Diminution,68.1,9.4,68.1,22.6
z_58.5_6.0,2028,2,2028-T2,Diminution,88.8,1.5,88.8,9.7
z_58.5_6.0,2028,3,2028-T3,Diminution,84.2,3.0,84.2,12.8
z_58.5_6.0,2028,4,2028-T4,Diminution,89.7,1.8,89.7,8.5
z_58.5_6.0,2029,1,2029-T1,Diminution,60.1,18.2,60.1,21.7
z_58.5_6.0,2029,2,2029-T2,Diminution,88.8,1.5,88.8,9.7
z_58.5_6.0,2029,3,2029-T3,Diminution,66.2,7.8,66.2,26.0
z_58.5_6.0,2029,4,2029-T4,Diminution,89.7,1.8,89.7,8.5
z_58.5_6.0,2030,1,2030-T1,Diminution,71.9,8.0,71.9,20.1
z_58.5_6.0,2030,2,2030-T2,Diminution,88.8,1.5,88.8,9.7
z_58.5_6.0,2030,3,2030-T3,Diminution,89.5,1.9,89.5,8.6
z_58.5_6.0,2030,4,2030-T4,Diminution,89.7,1.8,89.7,8.5
z_58.5_9.0,2023,1,2023-T1,Stable,49.9,36.0,14.1,49.9
z_58.5_9.0,2023,2,2023-T2,Stable,47.6,39.0,13.4,47.6
z_58.5_9.0,2023,3,2023-T3,Stable,57.9,28.5,13.6,57.9
z_58.5_9.0,2023,4,2023-T4,Stable,52.6,31.9,15.5,52.6
z_58.5_9.0,2024,1,2024-T1,Stable,53.9,32.4,13.7,53.9
z_58.5_9.0,2024,2,2024-T2,Stable,45.9,40.6,13.6,45.9
z_58.5_9.0,2024,3,2024-T3,Stable,51.4,35.3,13.2,51.4
z_58.5_9.0,2024,4,2024-T4,Stable,50.0,34.3,15.7,50.0
z_58.5_9.0,2025,1,2025-T1,Stable,55.5,30.3,14.2,55.5
z_58.5_9.0,2025,2,2025-T2,Stable,51.0,32.6,16.4,51.0
z_58.5_9.0,2025,3,2025-T3,Stable,63.3,20.1,16.7,63.3
z_58.5_9.0,2025,4,2025-T4,Stable,55.3,23.0,21.7,55.3
z_58.5_9.0,2026,1,2026-T1,Stable,56.2,20.3,23.5,56.2
z_58.5_9.0,2026,2,2026-T2,Stable,52.9,23.2,23.9,52.9
z_58.5_9.0,2026,3,2026-T3,Stable,59.5,21.1,19.4,59.5
z_58.5_9.0,2026,4,2026-T4,Stable,49.4,34.3,16.3,49.4
z_58.5_9.0,2027,1,2027-T1,Stable,54.4,27.9,17.7,54.4
z_58.5_9.0,2027,2,2027-T2,Stable,54.2,31.4,14.4,54.2
z_58.5_9.0,2027,3,2027-T3,Stable,62.6,22.4,14.9,62.6
z_58.5_9.0,2027,4,2027-T4,Stable,53.5,31.5,15.0,53.5
z_58.5_9.0,2028,1,2028-T1,Stable,52.9,34.0,13.0,52.9
z_58.5_9.0,2028,2,2028-T2,Stable,54.7,30.7,14.6,54.7
z_58.5_9.0,2028,3,2028-T3,Stable,62.1,23.7,14.2,62.1
z_58.5_9.0,2028,4,2028-T4,Stable,53.4,31.2,15.4,53.4
z_58.5_9.0,2029,1,2029-T1,Stable,54.6,30.6,14.8,54.6
z_58.5_9.0,2029,2,2029-T2,Stable,53.7,31.0,15.3,53.7
z_58.5_9.0,2029,3,2029-T3,Stable,60.0,24.6,15.4,60.0
z_58.5_9.0,2029,4,2029-T4,Stable,53.8,30.6,15.7,53.8
z_58.5_9.0,2030,1,2030-T1,Stable,55.9,29.0,15.1,55.9
z_58.5_9.0,2030,2,2030-T2,Stable,54.5,30.2,15.3,54.5
z_58.5_9.0,2030,3,2030-T3,Stable,61.5,24.0,14.5,61.5
z_58.5_9.0,2030,4,2030-T4,Stable,55.1,29.5,15.5,55.1
z_60.0_-1.5,2023,1,2023-T1,Diminution,62.8,13.0,62.8,24.1
z_60.0_-1.5,2023,2,2023-T2,Diminution,70.1,8.2,70.1,21.6
z_60.0_-1.5,2023,3,2023-T3,Diminution,62.7,11.4,62.7,26.0
z_60.0_-1.5,2023,4,2023-T4,Diminution,69.3,11.0,69.3,19.7
z_60.0_-1.5,2024,1,2024-T1,Diminution,69.4,8.1,69.4,22.5
z_60.0_-1.5,2024,2,2024-T2,Diminution,67.2,9.6,67.2,23.3
z_60.0_-1.5,2024,3,2024-T3,Diminution,62.8,11.5,62.8,25.7
z_60.0_-1.5,2024,4,2024-T4,Diminution,65.6,12.4,65.6,22.0
z_60.0_-1.5,2025,1,2025-T1,Diminution,61.8,13.5,61.8,24.6
z_60.0_-1.5,2025,2,2025-T2,Diminution,69.1,9.0,69.1,21.9
z_60.0_-1.5,2025,3,2025-T3,Diminution,60.5,13.9,60.5,25.7
z_60.0_-1.5,2025,4,2025-T4,Diminution,69.4,9.8,69.4,20.8
z_60.0_-1.5,2026,1,2026-T1,Diminution,67.8,10.7,67.8,21.5
z_60.0_-1.5,2026,2,2026-T2,Diminution,71.9,8.6,71.9,19.5
z_60.0_-1.5,2026,3,2026-T3,Diminution,69.7,10.2,69.7,20.1
z_60.0_-1.5,2026,4,2026-T4,Diminution,71.0,10.2,71.0,18.8
z_60.0_-1.5,2027,1,2027-T1,Diminution,67.8,10.7,67.8,21.5
z_60.0_-1.5,2027,2,2027-T2,Diminution,71.9,8.6,71.9,19.5
z_60.0_-1.5,2027,3,2027-T3,Diminution,67.0,12.0,67.0,21.0
z_60.0_-1.5,2027,4,2027-T4,Diminution,71.0,10.2,71.0,18.8
z_60.0_-1.5,2028,1,2028-T1,Diminution,67.8,10.7,67.8,21.5
z_60.0_-1.5,2028,2,2028-T2,Diminution,71.9,8.6,71.9,19.5
z_60.0_-1.5,2028,3,2028-T3,Diminution,69.3,9.9,69.3,20.8
z_60.0_-1.5,2028,4,2028-T4,Diminution,71.0,10.2,71.0,18.8
z_60.0_-1.5,2029,1,2029-T1,Diminution,67.8,10.7,67.8,21.5
z_60.0_-1.5,2029,2,2029-T2,Diminution,71.9,8.6,71.9,19.5
z_60.0_-1.5,2029,3,2029-T3,Diminution,66.3,10.6,66.3,23.1
z_60.0_-1.5,2029,4,2029-T4,Diminution,71.0,10.2,71.0,18.8
z_60.0_-1.5,2030,1,2030-T1,Diminution,67.8,10.7,67.8,21.5
z_60.0_-1.5,2030,2,2030-T2,Diminution,71.9,8.6,71.9,19.5
z_60.0_-1.5,2030,3,2030-T3,Diminution,67.8,11.2,67.8,21.1
z_60.0_-1.5,2030,4,2030-T4,Diminution,71.0,10.2,71.0,18.8
z_60.0_-31.5,2023,1,2023-T1,Diminution,67.3,5.1,67.3,27.6
z_60.0_-31.5,2023,2,2023-T2,Diminution,65.3,5.0,65.3,29.7
z_60.0_-31.5,2023,3,2023-T3,Diminution,59.8,6.0,59.8,34.3
z_60.0_-31.5,2023,4,2023-T4,Diminution,59.3,6.3,59.3,34.4
z_60.0_-31.5,2024,1,2024-T1,Diminution,68.9,5.2,68.9,25.9
z_60.0_-31.5,2024,2,2024-T2,Diminution,58.6,5.9,58.6,35.5
z_60.0_-31.5,2024,3,2024-T3,Diminution,67.7,5.2,67.7,27.0
z_60.0_-31.5,2024,4,2024-T4,Diminution,67.9,5.7,67.9,26.3
z_60.0_-31.5,2025,1,2025-T1,Diminution,67.3,5.1,67.3,27.6
z_60.0_-31.5,2025,2,2025-T2,Diminution,61.2,6.8,61.2,31.9
z_60.0_-31.5,2025,3,2025-T3,Diminution,67.7,5.2,67.7,27.0
z_60.0_-31.5,2025,4,2025-T4,Diminution,67.9,5.7,67.9,26.3
z_60.0_-31.5,2026,1,2026-T1,Diminution,67.3,5.1,67.3,27.6
z_60.0_-31.5,2026,2,2026-T2,Diminution,65.3,5.2,65.3,29.5
z_60.0_-31.5,2026,3,2026-T3,Diminution,67.7,5.2,67.7,27.0
z_60.0_-31.5,2026,4,2026-T4,Diminution,67.9,5.7,67.9,26.3
z_60.0_-31.5,2027,1,2027-T1,Diminution,67.3,5.1,67.3,27.6
z_60.0_-31.5,2027,2,2027-T2,Diminution,64.0,6.2,64.0,29.8
z_60.0_-31.5,2027,3,2027-T3,Diminution,67.7,5.2,67.7,27.0
z_60.0_-31.5,2027,4,2027-T4,Diminution,67.9,5.7,67.9,26.3
z_60.0_-31.5,2028,1,2028-T1,Diminution,67.3,5.1,67.3,27.6
z_60.0_-31.5,2028,2,2028-T2,Diminution,55.2,6.5,55.2,38.3
z_60.0_-31.5,2028,3,2028-T3,Diminution,67.7,5.2,67.7,27.0
z_60.0_-31.5,2028,4,2028-T4,Diminution,67.9,5.7,67.9,26.3
z_60.0_-31.5,2029,1,2029-T1,Diminution,67.3,5.1,67.3,27.6
z_60.0_-31.5,2029,2,2029-T2,Diminution,65.3,5.0,65.3,29.7
z_60.0_-31.5,2029,3,2029-T3,Diminution,67.7,5.2,67.7,27.0
z_60.0_-31.5,2029,4,2029-T4,Diminution,67.9,5.7,67.9,26.3
z_60.0_-31.5,2030,1,2030-T1,Diminution,67.3,5.1,67.3,27.6
z_60.0_-31.5,2030,2,2030-T2,Diminution,65.3,5.0,65.3,29.7
z_60.0_-31.5,2030,3,2030-T3,Diminution,67.7,5.2,67.7,27.0
z_60.0_-31.5,2030,4,2030-T4,Diminution,67.9,5.7,67.9,26.3
z_60.0_-4.5,2023,1,2023-T1,Diminution,44.9,13.4,44.9,41.7
z_60.0_-4.5,2023,2,2023-T2,Stable,46.6,15.1,38.3,46.6
z_60.0_-4.5,2023,3,2023-T3,Diminution,47.8,8.9,47.8,43.3
z_60.0_-4.5,2023,4,2023-T4,Diminution,50.2,10.2,50.2,39.6
z_60.0_-4.5,2024,1,2024-T1,Stable,41.3,19.0,39.7,41.3
z_60.0_-4.5,2024,2,2024-T2,Stable,45.0,17.5,37.5,45.0
z_60.0_-4.5,2024,3,2024-T3,Diminution,50.4,9.4,50.4,40.2
z_60.0_-4.5,2024,4,2024-T4,Diminution,47.1,10.6,47.1,42.3
z_60.0_-4.5,2025,1,2025-T1,Diminution,45.6,14.6,45.6,39.8
z_60.0_-4.5,2025,2,2025-T2,Stable,45.5,20.3,34.2,45.5
z_60.0_-4.5,2025,3,2025-T3,Stable,49.1,8.9,41.9,49.1
z_60.0_-4.5,2025,4,2025-T4,Diminution,50.7,11.7,50.7,37.7
z_60.0_-4.5,2026,1,2026-T1,Diminution,45.5,11.6,45.5,42.9
z_60.0_-4.5,2026,2,2026-T2,Stable,44.8,12.7,42.5,44.8
z_60.0_-4.5,2026,3,2026-T3,Diminution,50.8,7.8,50.8,41.5
z_60.0_-4.5,2026,4,2026-T4,Diminution,53.2,9.0,53.2,37.8
z_60.0_-4.5,2027,1,2027-T1,Stable,46.0,12.3,41.7,46.0
z_60.0_-4.5,2027,2,2027-T2,Stable,44.8,12.7,42.5,44.8
z_60.0_-4.5,2027,3,2027-T3,Diminution,50.8,7.8,50.8,41.5
z_60.0_-4.5,2027,4,2027-T4,Diminution,50.2,10.2,50.2,39.6
z_60.0_-4.5,2028,1,2028-T1,Diminution,44.9,13.4,44.9,41.7
z_60.0_-4.5,2028,2,2028-T2,Stable,44.8,12.7,42.5,44.8
z_60.0_-4.5,2028,3,2028-T3,Diminution,50.8,7.8,50.8,41.5
z_60.0_-4.5,2028,4,2028-T4,Diminution,52.1,9.7,52.1,38.2
z_60.0_-4.5,2029,1,2029-T1,Diminution,45.5,12.9,45.5,41.6
z_60.0_-4.5,2029,2,2029-T2,Stable,44.8,12.7,42.5,44.8
z_60.0_-4.5,2029,3,2029-T3,Diminution,50.8,7.8,50.8,41.5
z_60.0_-4.5,2029,4,2029-T4,Diminution,54.1,9.2,54.1,36.7
z_60.0_-4.5,2030,1,2030-T1,Diminution,45.6,14.6,45.6,39.8
z_60.0_-4.5,2030,2,2030-T2,Stable,44.8,12.7,42.5,44.8
z_60.0_-4.5,2030,3,2030-T3,Diminution,50.8,7.8,50.8,41.5
z_60.0_-4.5,2030,4,2030-T4,Diminution,54.1,9.2,54.1,36.7
z_60.0_-6.0,2023,1,2023-T1,Diminution,71.0,5.0,71.0,24.0
z_60.0_-6.0,2023,2,2023-T2,Diminution,65.4,7.1,65.4,27.5
z_60.0_-6.0,2023,3,2023-T3,Diminution,71.6,4.8,71.6,23.6
z_60.0_-6.0,2023,4,2023-T4,Diminution,71.3,5.6,71.3,23.1
z_60.0_-6.0,2024,1,2024-T1,Diminution,71.0,5.0,71.0,24.0
z_60.0_-6.0,2024,2,2024-T2,Diminution,65.4,7.1,65.4,27.5
z_60.0_-6.0,2024,3,2024-T3,Diminution,59.5,5.3,59.5,35.1
z_60.0_-6.0,2024,4,2024-T4,Diminution,62.1,5.8,62.1,32.1
z_60.0_-6.0,2025,1,2025-T1,Diminution,72.3,5.0,72.3,22.8
z_60.0_-6.0,2025,2,2025-T2,Diminution,56.9,7.7,56.9,35.4
z_60.0_-6.0,2025,3,2025-T3,Diminution,71.6,4.8,71.6,23.6
z_60.0_-6.0,2025,4,2025-T4,Diminution,71.3,5.6,71.3,23.1
z_60.0_-6.0,2026,1,2026-T1,Diminution,71.0,5.0,71.0,24.0
z_60.0_-6.0,2026,2,2026-T2,Diminution,59.2,7.0,59.2,33.8
z_60.0_-6.0,2026,3,2026-T3,Diminution,71.6,4.8,71.6,23.6
z_60.0_-6.0,2026,4,2026-T4,Diminution,71.3,5.6,71.3,23.1
z_60.0_-6.0,2027,1,2027-T1,Diminution,71.0,5.0,71.0,24.0
z_60.0_-6.0,2027,2,2027-T2,Diminution,58.6,6.4,58.6,35.1
z_60.0_-6.0,2027,3,2027-T3,Diminution,71.6,4.8,71.6,23.6
z_60.0_-6.0,2027,4,2027-T4,Diminution,71.3,5.6,71.3,23.1
z_60.0_-6.0,2028,1,2028-T1,Diminution,71.0,5.0,71.0,24.0
z_60.0_-6.0,2028,2,2028-T2,Diminution,63.5,7.5,63.5,28.9
z_60.0_-6.0,2028,3,2028-T3,Diminution,71.6,4.8,71.6,23.6
z_60.0_-6.0,2028,4,2028-T4,Diminution,71.3,5.6,71.3,23.1
z_60.0_-6.0,2029,1,2029-T1,Diminution,71.0,5.0,71.0,24.0
z_60.0_-6.0,2029,2,2029-T2,Diminution,59.4,8.2,59.4,32.4
z_60.0_-6.0,2029,3,2029-T3,Diminution,71.6,4.8,71.6,23.6
z_60.0_-6.0,2029,4,2029-T4,Diminution,71.3,5.6,71.3,23.1
z_60.0_-6.0,2030,1,2030-T1,Diminution,71.0,5.0,71.0,24.0
z_60.0_-6.0,2030,2,2030-T2,Diminution,65.4,7.1,65.4,27.5
z_60.0_-6.0,2030,3,2030-T3,Diminution,71.6,4.8,71.6,23.6
z_60.0_-6.0,2030,4,2030-T4,Diminution,71.3,5.6,71.3,23.1
z_60.0_-7.5,2023,1,2023-T1,Diminution,71.4,3.6,71.4,25.0
z_60.0_-7.5,2023,2,2023-T2,Diminution,55.7,6.3,55.7,38.0
z_60.0_-7.5,2023,3,2023-T3,Diminution,69.9,3.2,69.9,27.0
z_60.0_-7.5,2023,4,2023-T4,Diminution,57.1,6.9,57.1,36.0
z_60.0_-7.5,2024,1,2024-T1,Diminution,71.4,3.6,71.4,25.0
z_60.0_-7.5,2024,2,2024-T2,Diminution,62.1,7.5,62.1,30.4
z_60.0_-7.5,2024,3,2024-T3,Diminution,69.9,3.2,69.9,27.0
z_60.0_-7.5,2024,4,2024-T4,Diminution,62.5,7.9,62.5,29.6
z_60.0_-7.5,2025,1,2025-T1,Diminution,71.4,3.6,71.4,25.0
z_60.0_-7.5,2025,2,2025-T2,Diminution,57.2,8.1,57.2,34.6
z_60.0_-7.5,2025,3,2025-T3,Diminution,56.2,3.2,56.2,40.6
z_60.0_-7.5,2025,4,2025-T4,Diminution,53.6,10.1,53.6,36.2
z_60.0_-7.5,2026,1,2026-T1,Diminution,72.2,4.3,72.2,23.6
z_60.0_-7.5,2026,2,2026-T2,Diminution,55.0,7.2,55.0,37.8
z_60.0_-7.5,2026,3,2026-T3,Diminution,69.9,3.2,69.9,27.0
z_60.0_-7.5,2026,4,2026-T4,Diminution,64.2,7.3,64.2,28.4
z_60.0_-7.5,2027,1,2027-T1,Diminution,71.4,3.6,71.4,25.0
z_60.0_-7.5,2027,2,2027-T2,Diminution,57.7,6.7,57.7,35.5
z_60.0_-7.5,2027,3,2027-T3,Diminution,69.9,3.2,69.9,27.0
z_60.0_-7.5,2027,4,2027-T4,Diminution,64.2,7.3,64.2,28.4
z_60.0_-7.5,2028,1,2028-T1,Diminution,71.4,3.6,71.4,25.0
z_60.0_-7.5,2028,2,2028-T2,Diminution,55.7,6.3,55.7,38.0
z_60.0_-7.5,2028,3,2028-T3,Diminution,69.9,3.2,69.9,27.0
z_60.0_-7.5,2028,4,2028-T4,Diminution,64.2,7.3,64.2,28.4
z_60.0_-7.5,2029,1,2029-T1,Diminution,71.4,3.6,71.4,25.0
z_60.0_-7.5,2029,2,2029-T2,Diminution,62.1,7.5,62.1,30.4
z_60.0_-7.5,2029,3,2029-T3,Diminution,69.9,3.2,69.9,27.0
z_60.0_-7.5,2029,4,2029-T4,Diminution,64.2,7.3,64.2,28.4
z_60.0_-7.5,2030,1,2030-T1,Diminution,71.4,3.6,71.4,25.0
z_60.0_-7.5,2030,2,2030-T2,Diminution,57.2,8.1,57.2,34.6
z_60.0_-7.5,2030,3,2030-T3,Diminution,69.9,3.2,69.9,27.0
z_60.0_-7.5,2030,4,2030-T4,Diminution,64.2,7.3,64.2,28.4
z_60.0_-9.0,2023,1,2023-T1,Diminution,70.5,4.1,70.5,25.3
z_60.0_-9.0,2023,2,2023-T2,Diminution,55.6,4.2,55.6,40.3
z_60.0_-9.0,2023,3,2023-T3,Diminution,60.3,4.6,60.3,35.2
z_60.0_-9.0,2023,4,2023-T4,Diminution,73.2,4.7,73.2,22.1
z_60.0_-9.0,2024,1,2024-T1,Diminution,65.3,6.0,65.3,28.7
z_60.0_-9.0,2024,2,2024-T2,Diminution,67.5,3.9,67.5,28.5
z_60.0_-9.0,2024,3,2024-T3,Diminution,70.8,4.2,70.8,25.1
z_60.0_-9.0,2024,4,2024-T4,Diminution,71.0,4.6,71.0,24.3
z_60.0_-9.0,2025,1,2025-T1,Diminution,66.3,4.1,66.3,29.6
z_60.0_-9.0,2025,2,2025-T2,Diminution,67.5,3.9,67.5,28.5
z_60.0_-9.0,2025,3,2025-T3,Diminution,70.8,4.2,70.8,25.1
z_60.0_-9.0,2025,4,2025-T4,Diminution,71.0,4.6,71.0,24.3
z_60.0_-9.0,2026,1,2026-T1,Diminution,66.0,4.2,66.0,29.7
z_60.0_-9.0,2026,2,2026-T2,Diminution,67.5,3.9,67.5,28.5
z_60.0_-9.0,2026,3,2026-T3,Diminution,70.8,4.2,70.8,25.1
z_60.0_-9.0,2026,4,2026-T4,Diminution,71.0,4.6,71.0,24.3
z_60.0_-9.0,2027,1,2027-T1,Diminution,70.4,4.5,70.4,25.1
z_60.0_-9.0,2027,2,2027-T2,Diminution,67.5,3.9,67.5,28.5
z_60.0_-9.0,2027,3,2027-T3,Diminution,70.8,4.2,70.8,25.1
z_60.0_-9.0,2027,4,2027-T4,Diminution,71.0,4.6,71.0,24.3
z_60.0_-9.0,2028,1,2028-T1,Diminution,64.1,4.4,64.1,31.5
z_60.0_-9.0,2028,2,2028-T2,Diminution,67.5,3.9,67.5,28.5
z_60.0_-9.0,2028,3,2028-T3,Diminution,70.8,4.2,70.8,25.1
z_60.0_-9.0,2028,4,2028-T4,Diminution,71.0,4.6,71.0,24.3
z_60.0_-9.0,2029,1,2029-T1,Diminution,70.5,4.1,70.5,25.3
z_60.0_-9.0,2029,2,2029-T2,Diminution,67.5,3.9,67.5,28.5
z_60.0_-9.0,2029,3,2029-T3,Diminution,70.8,4.2,70.8,25.1
z_60.0_-9.0,2029,4,2029-T4,Diminution,71.0,4.6,71.0,24.3
z_60.0_-9.0,2030,1,2030-T1,Diminution,70.5,4.1,70.5,25.3
z_60.0_-9.0,2030,2,2030-T2,Diminution,67.5,3.9,67.5,28.5
z_60.0_-9.0,2030,3,2030-T3,Diminution,70.8,4.2,70.8,25.1
z_60.0_-9.0,2030,4,2030-T4,Diminution,71.0,4.6,71.0,24.3
z_60.0_0.0,2023,1,2023-T1,Diminution,44.9,11.9,44.9,43.2
z_60.0_0.0,2023,2,2023-T2,Stable,44.7,11.0,44.3,44.7
z_60.0_0.0,2023,3,2023-T3,Stable,48.9,9.6,41.5,48.9
z_60.0_0.0,2023,4,2023-T4,Diminution,46.9,15.0,46.9,38.1
z_60.0_0.0,2024,1,2024-T1,Stable,47.3,15.9,36.8,47.3
z_60.0_0.0,2024,2,2024-T2,Diminution,45.4,10.2,45.4,44.4
z_60.0_0.0,2024,3,2024-T3,Stable,47.5,11.1,41.3,47.5
z_60.0_0.0,2024,4,2024-T4,Diminution,49.1,11.8,49.1,39.1
z_60.0_0.0,2025,1,2025-T1,Stable,43.3,14.5,42.3,43.3
z_60.0_0.0,2025,2,2025-T2,Diminution,43.5,14.4,43.5,42.1
z_60.0_0.0,2025,3,2025-T3,Stable,46.4,11.5,42.1,46.4
z_60.0_0.0,2025,4,2025-T4,Diminution,47.0,11.2,47.0,41.9
z_60.0_0.0,2026,1,2026-T1,Diminution,45.2,14.5,45.2,40.4
z_60.0_0.0,2026,2,2026-T2,Diminution,49.9,10.9,49.9,39.2
z_60.0_0.0,2026,3,2026-T3,Stable,46.0,11.1,42.9,46.0
z_60.0_0.0,2026,4,2026-T4,Stable,44.5,11.5,44.0,44.5
z_60.0_0.0,2027,1,2027-T1,Diminution,47.2,12.6,47.2,40.3
z_60.0_0.0,2027,2,2027-T2,Diminution,49.9,10.9,49.9,39.2
z_60.0_0.0,2027,3,2027-T3,Stable,45.1,10.1,44.8,45.1
z_60.0_0.0,2027,4,2027-T4,Diminution,47.3,12.3,47.3,40.4
z_60.0_0.0,2028,1,2028-T1,Diminution,47.2,12.6,47.2,40.3
z_60.0_0.0,2028,2,2028-T2,Diminution,49.9,10.9,49.9,39.2
z_60.0_0.0,2028,3,2028-T3,Stable,45.1,10.1,44.8,45.1
z_60.0_0.0,2028,4,2028-T4,Diminution,50.2,15.5,50.2,34.3
z_60.0_0.0,2029,1,2029-T1,Diminution,47.2,12.6,47.2,40.3
z_60.0_0.0,2029,2,2029-T2,Diminution,49.9,10.9,49.9,39.2
z_60.0_0.0,2029,3,2029-T3,Stable,45.1,10.1,44.8,45.1
z_60.0_0.0,2029,4,2029-T4,Diminution,48.6,14.5,48.6,36.9
z_60.0_0.0,2030,1,2030-T1,Diminution,47.2,12.6,47.2,40.3
z_60.0_0.0,2030,2,2030-T2,Diminution,49.9,10.9,49.9,39.2
z_60.0_0.0,2030,3,2030-T3,Stable,45.1,10.1,44.8,45.1
z_60.0_0.0,2030,4,2030-T4,Diminution,50.8,12.6,50.8,36.6
z_60.0_1.5,2023,1,2023-T1,Stable,54.1,8.8,37.1,54.1
z_60.0_1.5,2023,2,2023-T2,Diminution,55.6,7.4,55.6,37.0
z_60.0_1.5,2023,3,2023-T3,Stable,47.7,20.5,31.9,47.7
z_60.0_1.5,2023,4,2023-T4,Stable,47.1,28.9,23.9,47.1
z_60.0_1.5,2024,1,2024-T1,Stable,52.7,14.5,32.9,52.7
z_60.0_1.5,2024,2,2024-T2,Diminution,45.0,10.7,45.0,44.3
z_60.0_1.5,2024,3,2024-T3,Stable,48.1,22.1,29.8,48.1
z_60.0_1.5,2024,4,2024-T4,Stable,45.0,35.1,19.9,45.0
z_60.0_1.5,2025,1,2025-T1,Stable,50.5,24.1,25.4,50.5
z_60.0_1.5,2025,2,2025-T2,Stable,54.1,14.5,31.4,54.1
z_60.0_1.5,2025,3,2025-T3,Stable,50.1,26.9,22.9,50.1
z_60.0_1.5,2025,4,2025-T4,Stable,45.1,28.3,26.5,45.1
z_60.0_1.5,2026,1,2026-T1,Stable,51.7,21.6,26.7,51.7
z_60.0_1.5,2026,2,2026-T2,Stable,49.5,19.5,31.0,49.5
z_60.0_1.5,2026,3,2026-T3,Stable,59.0,7.7,33.3,59.0
z_60.0_1.5,2026,4,2026-T4,Diminution,48.3,18.1,48.3,33.6
z_60.0_1.5,2027,1,2027-T1,Diminution,48.3,11.9,48.3,39.8
z_60.0_1.5,2027,2,2027-T2,Diminution,47.3,5.5,47.3,47.2
z_60.0_1.5,2027,3,2027-T3,Stable,52.5,9.3,38.2,52.5
z_60.0_1.5,2027,4,2027-T4,Diminution,51.9,13.1,51.9,35.1
z_60.0_1.5,2028,1,2028-T1,Diminution,45.0,14.5,45.0,40.6
z_60.0_1.5,2028,2,2028-T2,Diminution,48.5,10.4,48.5,41.1
z_60.0_1.5,2028,3,2028-T3,Stable,41.4,17.7,40.8,41.4
z_60.0_1.5,2028,4,2028-T4,Diminution,51.9,13.1,51.9,35.1
z_60.0_1.5,2029,1,2029-T1,Diminution,47.8,11.0,47.8,41.2
z_60.0_1.5,2029,2,2029-T2,Diminution,55.1,10.5,55.1,34.4
z_60.0_1.5,2029,3,2029-T3,Diminution,46.0,17.6,46.0,36.5
z_60.0_1.5,2029,4,2029-T4,Diminution,51.9,13.1,51.9,35.1
z_60.0_1.5,2030,1,2030-T1,Diminution,47.8,11.0,47.8,41.2
z_60.0_1.5,2030,2,2030-T2,Diminution,57.2,10.8,57.2,32.0
z_60.0_1.5,2030,3,2030-T3,Diminution,45.4,17.2,45.4,37.4
z_60.0_1.5,2030,4,2030-T4,Diminution,51.9,13.1,51.9,35.1
z_60.0_16.5,2023,1,2023-T1,Diminution,48.7,15.9,48.7,35.5
z_60.0_16.5,2023,2,2023-T2,Stable,43.9,21.0,35.1,43.9
z_60.0_16.5,2023,3,2023-T3,Stable,49.3,7.8,42.9,49.3
z_60.0_16.5,2023,4,2023-T4,Diminution,66.3,10.2,66.3,23.6
z_60.0_16.5,2024,1,2024-T1,Diminution,56.1,14.9,56.1,29.0
z_60.0_16.5,2024,2,2024-T2,Stable,46.1,16.1,37.8,46.1
z_60.0_16.5,2024,3,2024-T3,Stable,48.7,28.8,22.6,48.7
z_60.0_16.5,2024,4,2024-T4,Diminution,40.2,20.8,40.2,39.0
z_60.0_16.5,2025,1,2025-T1,Diminution,43.3,18.9,43.3,37.8
z_60.0_16.5,2025,2,2025-T2,Stable,39.7,23.6,36.7,39.7
z_60.0_16.5,2025,3,2025-T3,Stable,52.0,23.2,24.8,52.0
z_60.0_16.5,2025,4,2025-T4,Diminution,41.1,23.3,41.1,35.6
z_60.0_16.5,2026,1,2026-T1,Diminution,59.4,11.7,59.4,28.9
z_60.0_16.5,2026,2,2026-T2,Diminution,52.6,13.1,52.6,34.3
z_60.0_16.5,2026,3,2026-T3,Diminution,55.7,13.0,55.7,31.4
z_60.0_16.5,2026,4,2026-T4,Diminution,59.5,10.3,59.5,30.3
z_60.0_16.5,2027,1,2027-T1,Diminution,60.3,12.4,60.3,27.3
z_60.0_16.5,2027,2,2027-T2,Stable,44.1,12.4,43.5,44.1
z_60.0_16.5,2027,3,2027-T3,Diminution,51.5,18.5,51.5,30.0
z_60.0_16.5,2027,4,2027-T4,Diminution,60.0,14.4,60.0,25.6
z_60.0_16.5,2028,1,2028-T1,Diminution,71.3,10.5,71.3,18.2
z_60.0_16.5,2028,2,2028-T2,Diminution,45.4,11.7,45.4,42.9
z_60.0_16.5,2028,3,2028-T3,Diminution,64.7,10.3,64.7,25.0
z_60.0_16.5,2028,4,2028-T4,Diminution,65.5,15.4,65.5,19.1
z_60.0_16.5,2029,1,2029-T1,Diminution,68.4,12.9,68.4,18.6
z_60.0_16.5,2029,2,2029-T2,Diminution,48.6,24.3,48.6,27.1
z_60.0_16.5,2029,3,2029-T3,Diminution,64.7,10.3,64.7,25.0
z_60.0_16.5,2029,4,2029-T4,Diminution,67.8,14.4,67.8,17.7
z_60.0_16.5,2030,1,2030-T1,Diminution,73.1,9.2,73.1,17.7
z_60.0_16.5,2030,2,2030-T2,Diminution,51.4,21.8,51.4,26.9
z_60.0_16.5,2030,3,2030-T3,Diminution,64.7,10.3,64.7,25.0
z_60.0_16.5,2030,4,2030-T4,Diminution,71.7,10.0,71.7,18.3
z_60.0_18.0,2023,1,2023-T1,Stable,49.5,29.7,20.7,49.5
z_60.0_18.0,2023,2,2023-T2,Stable,43.5,30.0,26.5,43.5
z_60.0_18.0,2023,3,2023-T3,Stable,46.3,17.8,35.9,46.3
z_60.0_18.0,2023,4,2023-T4,Stable,56.3,14.9,28.8,56.3
z_60.0_18.0,2024,1,2024-T1,Stable,51.6,22.6,25.8,51.6
z_60.0_18.0,2024,2,2024-T2,Stable,45.8,20.8,33.4,45.8
z_60.0_18.0,2024,3,2024-T3,Stable,40.6,19.0,40.4,40.6
z_60.0_18.0,2024,4,2024-T4,Stable,55.3,13.8,30.9,55.3
z_60.0_18.0,2025,1,2025-T1,Stable,44.8,19.2,36.0,44.8
z_60.0_18.0,2025,2,2025-T2,Diminution,43.6,14.1,43.6,42.3
z_60.0_18.0,2025,3,2025-T3,Diminution,45.5,16.4,45.5,38.1
z_60.0_18.0,2025,4,2025-T4,Stable,52.4,14.6,33.0,52.4
z_60.0_18.0,2026,1,2026-T1,Stable,48.7,13.7,37.6,48.7
z_60.0_18.0,2026,2,2026-T2,Diminution,43.6,14.1,43.6,42.3
z_60.0_18.0,2026,3,2026-T3,Diminution,44.1,16.8,44.1,39.1
z_60.0_18.0,2026,4,2026-T4,Stable,45.9,19.3,34.8,45.9
z_60.0_18.0,2027,1,2027-T1,Stable,46.2,15.8,38.1,46.2
z_60.0_18.0,2027,2,2027-T2,Diminution,43.6,14.1,43.6,42.3
z_60.0_18.0,2027,3,2027-T3,Diminution,44.4,18.7,44.4,36.9
z_60.0_18.0,2027,4,2027-T4,Stable,41.8,20.7,37.5,41.8
z_60.0_18.0,2028,1,2028-T1,Stable,48.0,14.0,37.9,48.0
z_60.0_18.0,2028,2,2028-T2,Diminution,43.6,14.1,43.6,42.3
z_60.0_18.0,2028,3,2028-T3,Diminution,46.3,16.9,46.3,36.7
z_60.0_18.0,2028,4,2028-T4,Stable,42.2,20.7,37.2,42.2
z_60.0_18.0,2029,1,2029-T1,Stable,48.0,14.0,37.9,48.0
z_60.0_18.0,2029,2,2029-T2,Diminution,43.6,14.1,43.6,42.3
z_60.0_18.0,2029,3,2029-T3,Diminution,46.3,16.9,46.3,36.7
z_60.0_18.0,2029,4,2029-T4,Stable,44.9,15.9,39.2,44.9
z_60.0_18.0,2030,1,2030-T1,Stable,48.0,14.0,37.9,48.0
z_60.0_18.0,2030,2,2030-T2,Diminution,43.6,14.1,43.6,42.3
z_60.0_18.0,2030,3,2030-T3,Diminution,46.3,16.9,46.3,36.7
z_60.0_18.0,2030,4,2030-T4,Stable,44.9,15.9,39.2,44.9
z_60.0_19.5,2023,1,2023-T1,Stable,45.0,13.3,41.6,45.0
z_60.0_19.5,2023,2,2023-T2,Diminution,50.7,14.8,50.7,34.5
z_60.0_19.5,2023,3,2023-T3,Stable,51.8,9.4,38.9,51.8
z_60.0_19.5,2023,4,2023-T4,Diminution,48.7,10.6,48.7,40.7
z_60.0_19.5,2024,1,2024-T1,Stable,44.9,13.7,41.5,44.9
z_60.0_19.5,2024,2,2024-T2,Diminution,50.4,14.3,50.4,35.3
z_60.0_19.5,2024,3,2024-T3,Stable,47.3,12.9,39.9,47.3
z_60.0_19.5,2024,4,2024-T4,Diminution,45.0,10.5,45.0,44.5
z_60.0_19.5,2025,1,2025-T1,Stable,49.0,17.3,33.7,49.0
z_60.0_19.5,2025,2,2025-T2,Diminution,42.5,16.9,42.5,40.7
z_60.0_19.5,2025,3,2025-T3,Diminution,45.5,15.7,45.5,38.8
z_60.0_19.5,2025,4,2025-T4,Diminution,50.8,12.0,50.8,37.1
z_60.0_19.5,2026,1,2026-T1,Diminution,45.7,15.8,45.7,38.5
z_60.0_19.5,2026,2,2026-T2,Diminution,50.2,11.3,50.2,38.5
z_60.0_19.5,2026,3,2026-T3,Diminution,46.0,13.9,46.0,40.1
z_60.0_19.5,2026,4,2026-T4,Diminution,47.6,11.3,47.6,41.1
z_60.0_19.5,2027,1,2027-T1,Diminution,47.5,13.9,47.5,38.6
z_60.0_19.5,2027,2,2027-T2,Diminution,49.2,11.1,49.2,39.6
z_60.0_19.5,2027,3,2027-T3,Diminution,49.9,11.9,49.9,38.2
z_60.0_19.5,2027,4,2027-T4,Diminution,51.0,11.5,51.0,37.5
z_60.0_19.5,2028,1,2028-T1,Diminution,47.5,13.9,47.5,38.6
z_60.0_19.5,2028,2,2028-T2,Diminution,54.4,12.9,54.4,32.7
z_60.0_19.5,2028,3,2028-T3,Diminution,49.9,11.9,49.9,38.2
z_60.0_19.5,2028,4,2028-T4,Diminution,55.6,13.1,55.6,31.3
z_60.0_19.5,2029,1,2029-T1,Diminution,47.5,13.9,47.5,38.6
z_60.0_19.5,2029,2,2029-T2,Diminution,50.4,14.3,50.4,35.3
z_60.0_19.5,2029,3,2029-T3,Diminution,49.9,11.9,49.9,38.2
z_60.0_19.5,2029,4,2029-T4,Diminution,53.2,14.0,53.2,32.8
z_60.0_19.5,2030,1,2030-T1,Diminution,47.5,13.9,47.5,38.6
z_60.0_19.5,2030,2,2030-T2,Diminution,55.0,13.5,55.0,31.5
z_60.0_19.5,2030,3,2030-T3,Diminution,49.9,11.9,49.9,38.2
z_60.0_19.5,2030,4,2030-T4,Diminution,56.4,13.3,56.4,30.3
z_60.0_21.0,2023,1,2023-T1,Stable,49.9,28.1,22.0,49.9
z_60.0_21.0,2023,2,2023-T2,Stable,39.8,30.3,29.9,39.8
z_60.0_21.0,2023,3,2023-T3,Stable,47.2,40.1,12.7,47.2
z_60.0_21.0,2023,4,2023-T4,Stable,50.8,36.3,13.0,50.8
z_60.0_21.0,2024,1,2024-T1,Stable,49.0,25.9,25.1,49.0
z_60.0_21.0,2024,2,2024-T2,Stable,41.0,23.9,35.1,41.0
z_60.0_21.0,2024,3,2024-T3,Augmentation,45.8,45.8,13.8,40.4
z_60.0_21.0,2024,4,2024-T4,Stable,45.1,41.7,13.2,45.1
z_60.0_21.0,2025,1,2025-T1,Augmentation,45.8,45.8,12.1,42.1
z_60.0_21.0,2025,2,2025-T2,Stable,39.9,38.4,21.7,39.9
z_60.0_21.0,2025,3,2025-T3,Stable,50.3,35.1,14.6,50.3
z_60.0_21.0,2025,4,2025-T4,Stable,46.1,39.4,14.5,46.1
z_60.0_21.0,2026,1,2026-T1,Stable,46.3,33.5,20.2,46.3
z_60.0_21.0,2026,2,2026-T2,Stable,40.0,23.0,37.0,40.0
z_60.0_21.0,2026,3,2026-T3,Stable,50.6,28.9,20.5,50.6
z_60.0_21.0,2026,4,2026-T4,Stable,45.7,37.5,16.7,45.7
z_60.0_21.0,2027,1,2027-T1,Stable,53.3,28.3,18.3,53.3
z_60.0_21.0,2027,2,2027-T2,Stable,39.3,27.2,33.5,39.3
z_60.0_21.0,2027,3,2027-T3,Stable,54.1,29.1,16.9,54.1
z_60.0_21.0,2027,4,2027-T4,Stable,49.6,31.6,18.8,49.6
z_60.0_21.0,2028,1,2028-T1,Stable,51.5,32.4,16.1,51.5
z_60.0_21.0,2028,2,2028-T2,Stable,42.6,22.6,34.8,42.6
z_60.0_21.0,2028,3,2028-T3,Stable,54.9,28.7,16.5,54.9
z_60.0_21.0,2028,4,2028-T4,Stable,54.5,28.9,16.6,54.5
z_60.0_21.0,2029,1,2029-T1,Stable,52.1,31.0,16.9,52.1
z_60.0_21.0,2029,2,2029-T2,Stable,44.1,24.3,31.6,44.1
z_60.0_21.0,2029,3,2029-T3,Stable,53.5,30.0,16.5,53.5
z_60.0_21.0,2029,4,2029-T4,Stable,51.2,33.3,15.4,51.2
z_60.0_21.0,2030,1,2030-T1,Stable,53.9,28.3,17.7,53.9
z_60.0_21.0,2030,2,2030-T2,Stable,44.0,22.4,33.6,44.0
z_60.0_21.0,2030,3,2030-T3,Stable,55.5,28.0,16.5,55.5
z_60.0_21.0,2030,4,2030-T4,Stable,55.4,28.2,16.4,55.4
z_60.0_24.0,2023,1,2023-T1,Diminution,63.1,7.7,63.1,29.3
z_60.0_24.0,2023,2,2023-T2,Diminution,61.3,13.3,61.3,25.5
z_60.0_24.0,2023,3,2023-T3,Diminution,47.6,17.7,47.6,34.8
z_60.0_24.0,2023,4,2023-T4,Diminution,56.5,8.9,56.5,34.6
z_60.0_24.0,2024,1,2024-T1,Diminution,69.2,9.2,69.2,21.6
z_60.0_24.0,2024,2,2024-T2,Diminution,61.4,13.9,61.4,24.7
z_60.0_24.0,2024,3,2024-T3,Stable,45.0,12.4,42.6,45.0
z_60.0_24.0,2024,4,2024-T4,Stable,42.0,16.3,41.7,42.0
z_60.0_24.0,2025,1,2025-T1,Stable,40.2,19.7,40.1,40.2
z_60.0_24.0,2025,2,2025-T2,Stable,43.9,20.6,35.5,43.9
z_60.0_24.0,2025,3,2025-T3,Stable,50.6,15.1,34.3,50.6
z_60.0_24.0,2025,4,2025-T4,Stable,46.4,21.8,31.8,46.4
z_60.0_24.0,2026,1,2026-T1,Diminution,51.9,13.4,51.9,34.6
z_60.0_24.0,2026,2,2026-T2,Diminution,50.5,17.2,50.5,32.2
z_60.0_24.0,2026,3,2026-T3,Stable,43.2,19.9,37.0,43.2
z_60.0_24.0,2026,4,2026-T4,Diminution,54.5,17.1,54.5,28.4
z_60.0_24.0,2027,1,2027-T1,Diminution,73.9,9.7,73.9,16.4
z_60.0_24.0,2027,2,2027-T2,Diminution,54.2,9.2,54.2,36.6
z_60.0_24.0,2027,3,2027-T3,Stable,51.3,12.9,35.8,51.3
z_60.0_24.0,2027,4,2027-T4,Diminution,51.4,10.2,51.4,38.4
z_60.0_24.0,2028,1,2028-T1,Diminution,73.9,9.7,73.9,16.4
z_60.0_24.0,2028,2,2028-T2,Diminution,59.4,10.2,59.4,30.4
z_60.0_24.0,2028,3,2028-T3,Stable,49.2,12.7,38.1,49.2
z_60.0_24.0,2028,4,2028-T4,Diminution,59.9,12.1,59.9,27.9
z_60.0_24.0,2029,1,2029-T1,Diminution,73.9,9.7,73.9,16.4
z_60.0_24.0,2029,2,2029-T2,Diminution,57.8,14.1,57.8,28.1
z_60.0_24.0,2029,3,2029-T3,Diminution,43.7,22.5,43.7,33.9
z_60.0_24.0,2029,4,2029-T4,Diminution,53.6,20.6,53.6,25.8
z_60.0_24.0,2030,1,2030-T1,Diminution,73.9,9.7,73.9,16.4
z_60.0_24.0,2030,2,2030-T2,Diminution,63.3,10.4,63.3,26.3
z_60.0_24.0,2030,3,2030-T3,Diminution,45.2,20.7,45.2,34.1
z_60.0_24.0,2030,4,2030-T4,Diminution,67.2,11.9,67.2,20.8
z_60.0_25.5,2023,1,2023-T1,Stable,53.7,13.5,32.8,53.7
z_60.0_25.5,2023,2,2023-T2,Stable,48.7,12.6,38.6,48.7
z_60.0_25.5,2023,3,2023-T3,Diminution,48.3,13.3,48.3,38.4
z_60.0_25.5,2023,4,2023-T4,Stable,45.6,15.2,39.2,45.6
z_60.0_25.5,2024,1,2024-T1,Stable,50.4,21.1,28.4,50.4
z_60.0_25.5,2024,2,2024-T2,Stable,49.0,17.6,33.4,49.0
z_60.0_25.5,2024,3,2024-T3,Stable,39.2,24.0,36.9,39.2
z_60.0_25.5,2024,4,2024-T4,Stable,46.5,36.1,17.3,46.5
z_60.0_25.5,2025,1,2025-T1,Stable,48.9,31.2,19.9,48.9
z_60.0_25.5,2025,2,2025-T2,Stable,49.0,28.4,22.6,49.0
z_60.0_25.5,2025,3,2025-T3,Stable,43.0,25.2,31.8,43.0
z_60.0_25.5,2025,4,2025-T4,Stable,43.6,35.9,20.6,43.6
z_60.0_25.5,2026,1,2026-T1,Stable,48.7,30.3,21.0,48.7
z_60.0_25.5,2026,2,2026-T2,Stable,48.5,27.4,24.1,48.5
z_60.0_25.5,2026,3,2026-T3,Stable,36.5,30.5,33.0,36.5
z_60.0_25.5,2026,4,2026-T4,Stable,47.5,31.0,21.5,47.5
z_60.0_25.5,2027,1,2027-T1,Stable,48.3,30.7,21.1,48.3
z_60.0_25.5,2027,2,2027-T2,Stable,47.3,29.9,22.8,47.3
z_60.0_25.5,2027,3,2027-T3,Stable,37.6,28.6,33.9,37.6
z_60.0_25.5,2027,4,2027-T4,Stable,49.4,29.6,21.0,49.4
z_60.0_25.5,2028,1,2028-T1,Stable,48.2,30.7,21.1,48.2
z_60.0_25.5,2028,2,2028-T2,Stable,48.3,29.1,22.6,48.3
z_60.0_25.5,2028,3,2028-T3,Stable,40.8,24.0,35.2,40.8
z_60.0_25.5,2028,4,2028-T4,Stable,45.9,33.3,20.8,45.9
z_60.0_25.5,2029,1,2029-T1,Stable,48.3,30.7,21.1,48.3
z_60.0_25.5,2029,2,2029-T2,Stable,49.0,29.3,21.8,49.0
z_60.0_25.5,2029,3,2029-T3,Stable,41.7,25.5,32.7,41.7
z_60.0_25.5,2029,4,2029-T4,Stable,47.7,31.5,20.8,47.7
z_60.0_25.5,2030,1,2030-T1,Stable,48.3,30.7,21.1,48.3
z_60.0_25.5,2030,2,2030-T2,Stable,48.9,29.3,21.8,48.9
z_60.0_25.5,2030,3,2030-T3,Stable,41.9,24.6,33.5,41.9
z_60.0_25.5,2030,4,2030-T4,Stable,48.1,30.1,21.7,48.1
z_60.0_27.0,2023,1,2023-T1,Diminution,49.1,13.0,49.1,37.9
z_60.0_27.0,2023,2,2023-T2,Stable,42.8,21.5,35.7,42.8
z_60.0_27.0,2023,3,2023-T3,Diminution,45.0,16.3,45.0,38.8
z_60.0_27.0,2023,4,2023-T4,Diminution,44.5,16.9,44.5,38.6
z_60.0_27.0,2024,1,2024-T1,Diminution,45.5,15.3,45.5,39.2
z_60.0_27.0,2024,2,2024-T2,Diminution,45.7,13.6,45.7,40.7
z_60.0_27.0,2024,3,2024-T3,Diminution,49.9,15.2,49.9,34.9
z_60.0_27.0,2024,4,2024-T4,Diminution,45.1,15.5,45.1,39.4
z_60.0_27.0,2025,1,2025-T1,Diminution,44.0,13.5,44.0,42.6
z_60.0_27.0,2025,2,2025-T2,Diminution,45.7,13.6,45.7,40.7
z_60.0_27.0,2025,3,2025-T3,Diminution,49.9,15.2,49.9,34.9
z_60.0_27.0,2025,4,2025-T4,Diminution,45.1,15.5,45.1,39.4
z_60.0_27.0,2026,1,2026-T1,Diminution,47.6,13.8,47.6,38.6
z_60.0_27.0,2026,2,2026-T2,Diminution,45.7,13.6,45.7,40.7
z_60.0_27.0,2026,3,2026-T3,Diminution,49.9,15.2,49.9,34.9
z_60.0_27.0,2026,4,2026-T4,Diminution,45.1,15.5,45.1,39.4
z_60.0_27.0,2027,1,2027-T1,Diminution,49.1,13.0,49.1,37.9
z_60.0_27.0,2027,2,2027-T2,Diminution,45.7,13.6,45.7,40.7
z_60.0_27.0,2027,3,2027-T3,Diminution,49.9,15.2,49.9,34.9
z_60.0_27.0,2027,4,2027-T4,Diminution,45.1,15.5,45.1,39.4
z_60.0_27.0,2028,1,2028-T1,Diminution,47.2,15.2,47.2,37.6
z_60.0_27.0,2028,2,2028-T2,Diminution,45.7,13.6,45.7,40.7
z_60.0_27.0,2028,3,2028-T3,Diminution,49.9,15.2,49.9,34.9
z_60.0_27.0,2028,4,2028-T4,Diminution,45.1,15.5,45.1,39.4
z_60.0_27.0,2029,1,2029-T1,Diminution,49.5,13.6,49.5,36.9
z_60.0_27.0,2029,2,2029-T2,Diminution,45.7,13.6,45.7,40.7
z_60.0_27.0,2029,3,2029-T3,Diminution,49.9,15.2,49.9,34.9
z_60.0_27.0,2029,4,2029-T4,Diminution,45.1,15.5,45.1,39.4
z_60.0_27.0,2030,1,2030-T1,Diminution,49.5,13.6,49.5,36.9
z_60.0_27.0,2030,2,2030-T2,Diminution,45.7,13.6,45.7,40.7
z_60.0_27.0,2030,3,2030-T3,Diminution,49.9,15.2,49.9,34.9
z_60.0_27.0,2030,4,2030-T4,Diminution,45.1,15.5,45.1,39.4
z_60.0_28.5,2023,1,2023-T1,Diminution,42.5,17.2,42.5,40.3
z_60.0_28.5,2023,2,2023-T2,Diminution,48.8,9.2,48.8,42.0
z_60.0_28.5,2023,3,2023-T3,Diminution,47.3,7.9,47.3,44.7
z_60.0_28.5,2023,4,2023-T4,Stable,43.7,13.0,43.3,43.7
z_60.0_28.5,2024,1,2024-T1,Stable,44.7,11.2,44.1,44.7
z_60.0_28.5,2024,2,2024-T2,Diminution,48.4,6.4,48.4,45.2
z_60.0_28.5,2024,3,2024-T3,Stable,48.2,10.5,41.3,48.2
z_60.0_28.5,2024,4,2024-T4,Stable,43.7,13.0,43.3,43.7
z_60.0_28.5,2025,1,2025-T1,Stable,44.7,19.0,36.3,44.7
z_60.0_28.5,2025,2,2025-T2,Stable,49.1,7.6,43.3,49.1
z_60.0_28.5,2025,3,2025-T3,Diminution,52.9,11.1,52.9,36.0
z_60.0_28.5,2025,4,2025-T4,Stable,47.1,11.4,41.5,47.1
z_60.0_28.5,2026,1,2026-T1,Stable,44.7,11.2,44.1,44.7
z_60.0_28.5,2026,2,2026-T2,Diminution,48.4,6.4,48.4,45.2
z_60.0_28.5,2026,3,2026-T3,Diminution,46.3,8.8,46.3,44.9
z_60.0_28.5,2026,4,2026-T4,Stable,47.0,14.0,39.0,47.0
z_60.0_28.5,2027,1,2027-T1,Stable,44.7,11.2,44.1,44.7
z_60.0_28.5,2027,2,2027-T2,Diminution,48.4,6.4,48.4,45.2
z_60.0_28.5,2027,3,2027-T3,Diminution,50.1,8.5,50.1,41.4
z_60.0_28.5,2027,4,2027-T4,Stable,44.4,13.9,41.6,44.4
z_60.0_28.5,2028,1,2028-T1,Stable,44.7,11.2,44.1,44.7
z_60.0_28.5,2028,2,2028-T2,Diminution,48.4,6.4,48.4,45.2
z_60.0_28.5,2028,3,2028-T3,Diminution,50.7,7.7,50.7,41.6
z_60.0_28.5,2028,4,2028-T4,Stable,46.5,12.9,40.6,46.5
z_60.0_28.5,2029,1,2029-T1,Stable,44.7,11.2,44.1,44.7
z_60.0_28.5,2029,2,2029-T2,Diminution,48.4,6.4,48.4,45.2
z_60.0_28.5,2029,3,2029-T3,Diminution,50.7,7.7,50.7,41.6
z_60.0_28.5,2029,4,2029-T4,Diminution,44.0,14.8,44.0,41.3
z_60.0_28.5,2030,1,2030-T1,Stable,44.7,11.2,44.1,44.7
z_60.0_28.5,2030,2,2030-T2,Diminution,48.4,6.4,48.4,45.2
z_60.0_28.5,2030,3,2030-T3,Diminution,50.7,7.7,50.7,41.6
z_60.0_28.5,2030,4,2030-T4,Stable,43.7,13.0,43.3,43.7
z_60.0_3.0,2023,1,2023-T1,Diminution,45.7,13.3,45.7,41.0
z_60.0_3.0,2023,2,2023-T2,Stable,47.7,12.3,40.1,47.7
z_60.0_3.0,2023,3,2023-T3,Stable,48.0,13.2,38.9,48.0
z_60.0_3.0,2023,4,2023-T4,Diminution,50.0,12.8,50.0,37.1
z_60.0_3.0,2024,1,2024-T1,Diminution,46.4,10.8,46.4,42.8
z_60.0_3.0,2024,2,2024-T2,Stable,56.8,13.6,29.5,56.8
z_60.0_3.0,2024,3,2024-T3,Stable,46.7,18.8,34.4,46.7
z_60.0_3.0,2024,4,2024-T4,Diminution,44.2,17.7,44.2,38.1
z_60.0_3.0,2025,1,2025-T1,Stable,46.2,12.6,41.2,46.2
z_60.0_3.0,2025,2,2025-T2,Stable,59.7,16.8,23.4,59.7
z_60.0_3.0,2025,3,2025-T3,Stable,47.2,23.4,29.3,47.2
z_60.0_3.0,2025,4,2025-T4,Stable,45.2,32.5,22.4,45.2
z_60.0_3.0,2026,1,2026-T1,Stable,47.9,27.7,24.3,47.9
z_60.0_3.0,2026,2,2026-T2,Stable,53.4,22.1,24.5,53.4
z_60.0_3.0,2026,3,2026-T3,Stable,47.1,10.9,42.0,47.1
z_60.0_3.0,2026,4,2026-T4,Diminution,53.5,11.9,53.5,34.6
z_60.0_3.0,2027,1,2027-T1,Stable,50.6,9.9,39.6,50.6
z_60.0_3.0,2027,2,2027-T2,Stable,50.1,11.5,38.4,50.1
z_60.0_3.0,2027,3,2027-T3,Stable,48.4,10.3,41.3,48.4
z_60.0_3.0,2027,4,2027-T4,Diminution,53.5,11.9,53.5,34.6
z_60.0_3.0,2028,1,2028-T1,Diminution,47.9,10.9,47.9,41.2
z_60.0_3.0,2028,2,2028-T2,Stable,46.7,14.2,39.0,46.7
z_60.0_3.0,2028,3,2028-T3,Stable,51.2,10.9,37.9,51.2
z_60.0_3.0,2028,4,2028-T4,Diminution,53.5,11.9,53.5,34.6
z_60.0_3.0,2029,1,2029-T1,Diminution,50.2,13.4,50.2,36.4
z_60.0_3.0,2029,2,2029-T2,Diminution,43.0,14.9,43.0,42.1
z_60.0_3.0,2029,3,2029-T3,Diminution,44.5,11.9,44.5,43.5
z_60.0_3.0,2029,4,2029-T4,Diminution,53.5,11.9,53.5,34.6
z_60.0_3.0,2030,1,2030-T1,Diminution,48.9,12.5,48.9,38.6
z_60.0_3.0,2030,2,2030-T2,Stable,44.3,13.7,42.0,44.3
z_60.0_3.0,2030,3,2030-T3,Stable,43.8,14.0,42.1,43.8
z_60.0_3.0,2030,4,2030-T4,Diminution,53.5,11.9,53.5,34.6
z_60.0_4.5,2023,1,2023-T1,Augmentation,54.4,54.4,17.7,27.9
z_60.0_4.5,2023,2,2023-T2,Augmentation,66.1,66.1,11.9,21.9
z_60.0_4.5,2023,3,2023-T3,Augmentation,54.2,54.2,24.3,21.5
z_60.0_4.5,2023,4,2023-T4,Augmentation,49.5,49.5,23.6,26.9
z_60.0_4.5,2024,1,2024-T1,Augmentation,46.1,46.1,25.1,28.8
z_60.0_4.5,2024,2,2024-T2,Augmentation,52.5,52.5,17.9,29.6
z_60.0_4.5,2024,3,2024-T3,Augmentation,52.5,52.5,21.5,26.0
z_60.0_4.5,2024,4,2024-T4,Augmentation,63.2,63.2,15.4,21.4
z_60.0_4.5,2025,1,2025-T1,Augmentation,65.1,65.1,10.4,24.5
z_60.0_4.5,2025,2,2025-T2,Augmentation,76.8,76.8,7.3,15.9
z_60.0_4.5,2025,3,2025-T3,Augmentation,69.1,69.1,11.3,19.6
z_60.0_4.5,2025,4,2025-T4,Augmentation,78.0,78.0,10.6,11.4
z_60.0_4.5,2026,1,2026-T1,Augmentation,69.9,69.9,15.1,15.0
z_60.0_4.5,2026,2,2026-T2,Augmentation,49.2,49.2,13.8,37.1
z_60.0_4.5,2026,3,2026-T3,Augmentation,57.8,57.8,15.9,26.3
z_60.0_4.5,2026,4,2026-T4,Augmentation,56.5,56.5,17.0,26.5
z_60.0_4.5,2027,1,2027-T1,Augmentation,57.5,57.5,14.3,28.2
z_60.0_4.5,2027,2,2027-T2,Augmentation,65.9,65.9,10.8,23.3
z_60.0_4.5,2027,3,2027-T3,Augmentation,61.7,61.7,13.8,24.5
z_60.0_4.5,2027,4,2027-T4,Augmentation,61.6,61.6,16.9,21.5
z_60.0_4.5,2028,1,2028-T1,Augmentation,70.6,70.6,12.5,16.8
z_60.0_4.5,2028,2,2028-T2,Augmentation,75.9,75.9,8.9,15.2
z_60.0_4.5,2028,3,2028-T3,Augmentation,74.8,74.8,10.5,14.7
z_60.0_4.5,2028,4,2028-T4,Augmentation,67.6,67.6,13.5,18.9
z_60.0_4.5,2029,1,2029-T1,Augmentation,73.9,73.9,12.0,14.1
z_60.0_4.5,2029,2,2029-T2,Augmentation,79.9,79.9,8.3,11.8
z_60.0_4.5,2029,3,2029-T3,Augmentation,76.9,76.9,11.1,12.0
z_60.0_4.5,2029,4,2029-T4,Augmentation,77.1,77.1,10.6,12.3
z_60.0_4.5,2030,1,2030-T1,Augmentation,80.0,80.0,8.9,11.1
z_60.0_4.5,2030,2,2030-T2,Augmentation,84.4,84.4,6.9,8.7
z_60.0_4.5,2030,3,2030-T3,Augmentation,83.3,83.3,8.2,8.5
z_60.0_4.5,2030,4,2030-T4,Augmentation,80.6,80.6,8.7,10.8
z_60.0_6.0,2023,1,2023-T1,Diminution,45.8,11.8,45.8,42.4
z_60.0_6.0,2023,2,2023-T2,Diminution,56.6,13.5,56.6,29.9
z_60.0_6.0,2023,3,2023-T3,Diminution,45.6,12.1,45.6,42.2
z_60.0_6.0,2023,4,2023-T4,Diminution,91.7,1.9,91.7,6.4
z_60.0_6.0,2024,1,2024-T1,Diminution,60.9,10.4,60.9,28.7
z_60.0_6.0,2024,2,2024-T2,Diminution,68.6,10.4,68.6,21.0
z_60.0_6.0,2024,3,2024-T3,Stable,42.1,19.7,38.2,42.1
z_60.0_6.0,2024,4,2024-T4,Diminution,82.3,2.5,82.3,15.2
z_60.0_6.0,2025,1,2025-T1,Diminution,52.9,9.4,52.9,37.7
z_60.0_6.0,2025,2,2025-T2,Diminution,58.1,8.7,58.1,33.2
z_60.0_6.0,2025,3,2025-T3,Stable,48.0,10.8,41.1,48.0
z_60.0_6.0,2025,4,2025-T4,Diminution,79.7,2.8,79.7,17.4
z_60.0_6.0,2026,1,2026-T1,Diminution,46.6,10.2,46.6,43.2
z_60.0_6.0,2026,2,2026-T2,Diminution,59.2,15.1,59.2,25.7
z_60.0_6.0,2026,3,2026-T3,Stable,40.0,20.6,39.4,40.0
z_60.0_6.0,2026,4,2026-T4,Diminution,91.7,1.9,91.7,6.4
z_60.0_6.0,2027,1,2027-T1,Diminution,60.9,10.4,60.9,28.7
z_60.0_6.0,2027,2,2027-T2,Diminution,65.1,14.9,65.1,20.1
z_60.0_6.0,2027,3,2027-T3,Stable,44.6,18.1,37.3,44.6
z_60.0_6.0,2027,4,2027-T4,Diminution,91.7,1.9,91.7,6.4
z_60.0_6.0,2028,1,2028-T1,Diminution,60.9,10.4,60.9,28.7
z_60.0_6.0,2028,2,2028-T2,Diminution,70.8,9.3,70.8,20.0
z_60.0_6.0,2028,3,2028-T3,Stable,48.9,13.7,37.4,48.9
z_60.0_6.0,2028,4,2028-T4,Diminution,91.7,1.9,91.7,6.4
z_60.0_6.0,2029,1,2029-T1,Diminution,60.9,10.4,60.9,28.7
z_60.0_6.0,2029,2,2029-T2,Diminution,70.8,9.3,70.8,20.0
z_60.0_6.0,2029,3,2029-T3,Diminution,39.9,26.0,39.9,34.1
z_60.0_6.0,2029,4,2029-T4,Diminution,91.7,1.9,91.7,6.4
z_60.0_6.0,2030,1,2030-T1,Diminution,60.9,10.4,60.9,28.7
z_60.0_6.0,2030,2,2030-T2,Diminution,70.8,9.3,70.8,20.0
z_60.0_6.0,2030,3,2030-T3,Diminution,42.5,23.1,42.5,34.4
z_60.0_6.0,2030,4,2030-T4,Diminution,91.7,1.9,91.7,6.4
z_61.5_-1.5,2023,1,2023-T1,Diminution,65.2,4.5,65.2,30.4
z_61.5_-1.5,2023,2,2023-T2,Diminution,54.6,4.3,54.6,41.1
z_61.5_-1.5,2023,3,2023-T3,Diminution,60.7,4.5,60.7,34.8
z_61.5_-1.5,2023,4,2023-T4,Diminution,72.7,4.8,72.7,22.5
z_61.5_-1.5,2024,1,2024-T1,Diminution,62.9,5.5,62.9,31.6
z_61.5_-1.5,2024,2,2024-T2,Diminution,67.8,3.9,67.8,28.3
z_61.5_-1.5,2024,3,2024-T3,Diminution,70.3,4.2,70.3,25.4
z_61.5_-1.5,2024,4,2024-T4,Diminution,70.4,4.9,70.4,24.7
z_61.5_-1.5,2025,1,2025-T1,Diminution,65.2,4.7,65.2,30.1
z_61.5_-1.5,2025,2,2025-T2,Diminution,67.8,3.9,67.8,28.3
z_61.5_-1.5,2025,3,2025-T3,Diminution,70.3,4.2,70.3,25.4
z_61.5_-1.5,2025,4,2025-T4,Diminution,70.4,4.9,70.4,24.7
z_61.5_-1.5,2026,1,2026-T1,Diminution,60.3,5.7,60.3,34.0
z_61.5_-1.5,2026,2,2026-T2,Diminution,67.8,3.9,67.8,28.3
z_61.5_-1.5,2026,3,2026-T3,Diminution,70.3,4.2,70.3,25.4
z_61.5_-1.5,2026,4,2026-T4,Diminution,70.4,4.9,70.4,24.7
z_61.5_-1.5,2027,1,2027-T1,Diminution,69.7,4.7,69.7,25.6
z_61.5_-1.5,2027,2,2027-T2,Diminution,67.8,3.9,67.8,28.3
z_61.5_-1.5,2027,3,2027-T3,Diminution,70.3,4.2,70.3,25.4
z_61.5_-1.5,2027,4,2027-T4,Diminution,70.4,4.9,70.4,24.7
z_61.5_-1.5,2028,1,2028-T1,Diminution,63.7,4.6,63.7,31.8
z_61.5_-1.5,2028,2,2028-T2,Diminution,67.8,3.9,67.8,28.3
z_61.5_-1.5,2028,3,2028-T3,Diminution,70.3,4.2,70.3,25.4
z_61.5_-1.5,2028,4,2028-T4,Diminution,70.4,4.9,70.4,24.7
z_61.5_-1.5,2029,1,2029-T1,Diminution,70.3,4.4,70.3,25.3
z_61.5_-1.5,2029,2,2029-T2,Diminution,67.8,3.9,67.8,28.3
z_61.5_-1.5,2029,3,2029-T3,Diminution,70.3,4.2,70.3,25.4
z_61.5_-1.5,2029,4,2029-T4,Diminution,70.4,4.9,70.4,24.7
z_61.5_-1.5,2030,1,2030-T1,Diminution,70.3,4.4,70.3,25.3
z_61.5_-1.5,2030,2,2030-T2,Diminution,67.8,3.9,67.8,28.3
z_61.5_-1.5,2030,3,2030-T3,Diminution,70.3,4.2,70.3,25.4
z_61.5_-1.5,2030,4,2030-T4,Diminution,70.4,4.9,70.4,24.7
z_61.5_-7.5,2023,1,2023-T1,Diminution,50.0,7.1,50.0,42.9
z_61.5_-7.5,2023,2,2023-T2,Diminution,55.8,8.9,55.8,35.3
z_61.5_-7.5,2023,3,2023-T3,Stable,48.3,18.9,32.8,48.3
z_61.5_-7.5,2023,4,2023-T4,Stable,48.2,14.3,37.4,48.2
z_61.5_-7.5,2024,1,2024-T1,Diminution,49.7,10.3,49.7,40.0
z_61.5_-7.5,2024,2,2024-T2,Diminution,49.2,8.0,49.2,42.8
z_61.5_-7.5,2024,3,2024-T3,Stable,44.0,16.4,39.6,44.0
z_61.5_-7.5,2024,4,2024-T4,Diminution,50.4,10.2,50.4,39.4
z_61.5_-7.5,2025,1,2025-T1,Diminution,50.0,7.1,50.0,42.9
z_61.5_-7.5,2025,2,2025-T2,Diminution,46.4,9.8,46.4,43.8
z_61.5_-7.5,2025,3,2025-T3,Stable,44.5,12.9,42.6,44.5
z_61.5_-7.5,2025,4,2025-T4,Diminution,52.2,9.7,52.2,38.1
z_61.5_-7.5,2026,1,2026-T1,Stable,48.8,9.7,41.5,48.8
z_61.5_-7.5,2026,2,2026-T2,Stable,46.5,8.8,44.7,46.5
z_61.5_-7.5,2026,3,2026-T3,Diminution,43.2,14.1,43.2,42.7
z_61.5_-7.5,2026,4,2026-T4,Diminution,50.0,8.8,50.0,41.2
z_61.5_-7.5,2027,1,2027-T1,Diminution,50.0,7.1,50.0,42.9
z_61.5_-7.5,2027,2,2027-T2,Diminution,48.2,9.3,48.2,42.5
z_61.5_-7.5,2027,3,2027-T3,Stable,44.5,12.9,42.6,44.5
z_61.5_-7.5,2027,4,2027-T4,Diminution,48.5,10.2,48.5,41.3
z_61.5_-7.5,2028,1,2028-T1,Diminution,50.0,7.1,50.0,42.9
z_61.5_-7.5,2028,2,2028-T2,Diminution,49.9,10.7,49.9,39.4
z_61.5_-7.5,2028,3,2028-T3,Stable,44.5,12.9,42.6,44.5
z_61.5_-7.5,2028,4,2028-T4,Diminution,53.1,9.0,53.1,37.9
z_61.5_-7.5,2029,1,2029-T1,Diminution,50.0,7.1,50.0,42.9
z_61.5_-7.5,2029,2,2029-T2,Diminution,55.8,8.9,55.8,35.3
z_61.5_-7.5,2029,3,2029-T3,Stable,44.5,12.9,42.6,44.5
z_61.5_-7.5,2029,4,2029-T4,Diminution,50.4,10.2,50.4,39.4
z_61.5_-7.5,2030,1,2030-T1,Diminution,50.0,7.1,50.0,42.9
z_61.5_-7.5,2030,2,2030-T2,Diminution,55.8,8.9,55.8,35.3
z_61.5_-7.5,2030,3,2030-T3,Stable,44.5,12.9,42.6,44.5
z_61.5_-7.5,2030,4,2030-T4,Diminution,52.2,9.7,52.2,38.1
z_61.5_0.0,2023,1,2023-T1,Diminution,52.4,13.3,52.4,34.3
z_61.5_0.0,2023,2,2023-T2,Diminution,52.7,6.4,52.7,41.0
z_61.5_0.0,2023,3,2023-T3,Diminution,74.9,2.2,74.9,22.9
z_61.5_0.0,2023,4,2023-T4,Diminution,76.2,2.3,76.2,21.6
z_61.5_0.0,2024,1,2024-T1,Diminution,54.1,11.3,54.1,34.6
z_61.5_0.0,2024,2,2024-T2,Diminution,55.6,6.5,55.6,37.9
z_61.5_0.0,2024,3,2024-T3,Diminution,63.6,2.5,63.6,33.8
z_61.5_0.0,2024,4,2024-T4,Diminution,54.5,12.2,54.5,33.3
z_61.5_0.0,2025,1,2025-T1,Stable,43.1,18.2,38.7,43.1
z_61.5_0.0,2025,2,2025-T2,Stable,50.8,9.4,39.8,50.8
z_61.5_0.0,2025,3,2025-T3,Diminution,66.4,3.2,66.4,30.4
z_61.5_0.0,2025,4,2025-T4,Diminution,76.2,2.3,76.2,21.6
z_61.5_0.0,2026,1,2026-T1,Diminution,47.6,13.9,47.6,38.5
z_61.5_0.0,2026,2,2026-T2,Diminution,50.3,7.2,50.3,42.4
z_61.5_0.0,2026,3,2026-T3,Diminution,70.7,2.9,70.7,26.4
z_61.5_0.0,2026,4,2026-T4,Diminution,72.4,3.1,72.4,24.5
z_61.5_0.0,2027,1,2027-T1,Diminution,54.1,11.3,54.1,34.6
z_61.5_0.0,2027,2,2027-T2,Diminution,47.8,8.6,47.8,43.6
z_61.5_0.0,2027,3,2027-T3,Diminution,65.5,2.9,65.5,31.7
z_61.5_0.0,2027,4,2027-T4,Diminution,71.3,2.5,71.3,26.3
z_61.5_0.0,2028,1,2028-T1,Diminution,54.1,11.3,54.1,34.6
z_61.5_0.0,2028,2,2028-T2,Diminution,60.4,6.8,60.4,32.8
z_61.5_0.0,2028,3,2028-T3,Diminution,69.4,3.1,69.4,27.6
z_61.5_0.0,2028,4,2028-T4,Diminution,68.5,2.9,68.5,28.5
z_61.5_0.0,2029,1,2029-T1,Diminution,54.1,11.3,54.1,34.6
z_61.5_0.0,2029,2,2029-T2,Diminution,54.8,9.7,54.8,35.5
z_61.5_0.0,2029,3,2029-T3,Diminution,58.2,3.4,58.2,38.4
z_61.5_0.0,2029,4,2029-T4,Diminution,75.0,3.0,75.0,22.0
z_61.5_0.0,2030,1,2030-T1,Diminution,54.1,11.3,54.1,34.6
z_61.5_0.0,2030,2,2030-T2,Diminution,61.3,6.4,61.3,32.3
z_61.5_0.0,2030,3,2030-T3,Diminution,74.9,2.2,74.9,22.9
z_61.5_0.0,2030,4,2030-T4,Diminution,66.7,3.8,66.7,29.5
z_61.5_1.5,2023,1,2023-T1,Diminution,89.6,1.4,89.6,9.0
z_61.5_1.5,2023,2,2023-T2,Diminution,51.9,22.3,51.9,25.8
z_61.5_1.5,2023,3,2023-T3,Diminution,89.2,1.7,89.2,9.1
z_61.5_1.5,2023,4,2023-T4,Diminution,77.5,1.9,77.5,20.5
z_61.5_1.5,2024,1,2024-T1,Diminution,79.1,2.5,79.1,18.3
z_61.5_1.5,2024,2,2024-T2,Diminution,58.9,12.1,58.9,29.1
z_61.5_1.5,2024,3,2024-T3,Diminution,84.9,1.5,84.9,13.7
z_61.5_1.5,2024,4,2024-T4,Diminution,89.9,1.6,89.9,8.5
z_61.5_1.5,2025,1,2025-T1,Diminution,89.6,1.4,89.6,9.0
z_61.5_1.5,2025,2,2025-T2,Diminution,59.5,12.8,59.5,27.7
z_61.5_1.5,2025,3,2025-T3,Diminution,74.0,3.5,74.0,22.5
z_61.5_1.5,2025,4,2025-T4,Diminution,88.0,2.7,88.0,9.3
z_61.5_1.5,2026,1,2026-T1,Diminution,85.9,1.8,85.9,12.3
z_61.5_1.5,2026,2,2026-T2,Diminution,61.9,11.8,61.9,26.3
z_61.5_1.5,2026,3,2026-T3,Diminution,77.5,2.5,77.5,20.0
z_61.5_1.5,2026,4,2026-T4,Diminution,89.9,1.6,89.9,8.5
z_61.5_1.5,2027,1,2027-T1,Diminution,83.9,2.7,83.9,13.4
z_61.5_1.5,2027,2,2027-T2,Diminution,61.9,11.8,61.9,26.3
z_61.5_1.5,2027,3,2027-T3,Diminution,85.2,2.6,85.2,12.2
z_61.5_1.5,2027,4,2027-T4,Diminution,89.9,1.6,89.9,8.5
z_61.5_1.5,2028,1,2028-T1,Diminution,78.5,2.1,78.5,19.3
z_61.5_1.5,2028,2,2028-T2,Diminution,61.9,11.8,61.9,26.3
z_61.5_1.5,2028,3,2028-T3,Diminution,65.6,7.6,65.6,26.9
z_61.5_1.5,2028,4,2028-T4,Diminution,89.9,1.6,89.9,8.5
z_61.5_1.5,2029,1,2029-T1,Diminution,85.8,2.6,85.8,11.6
z_61.5_1.5,2029,2,2029-T2,Diminution,61.9,11.8,61.9,26.3
z_61.5_1.5,2029,3,2029-T3,Diminution,89.2,1.7,89.2,9.1
z_61.5_1.5,2029,4,2029-T4,Diminution,89.9,1.6,89.9,8.5
z_61.5_1.5,2030,1,2030-T1,Diminution,70.7,6.3,70.7,23.0
z_61.5_1.5,2030,2,2030-T2,Diminution,61.9,11.8,61.9,26.3
z_61.5_1.5,2030,3,2030-T3,Diminution,89.2,1.7,89.2,9.1
z_61.5_1.5,2030,4,2030-T4,Diminution,89.9,1.6,89.9,8.5
z_61.5_16.5,2023,1,2023-T1,Diminution,71.5,6.9,71.5,21.7
z_61.5_16.5,2023,2,2023-T2,Stable,46.5,11.3,42.3,46.5
z_61.5_16.5,2023,3,2023-T3,Diminution,51.8,13.6,51.8,34.6
z_61.5_16.5,2023,4,2023-T4,Diminution,64.3,9.3,64.3,26.4
z_61.5_16.5,2024,1,2024-T1,Diminution,91.2,2.2,91.2,6.7
z_61.5_16.5,2024,2,2024-T2,Diminution,56.4,18.7,56.4,24.9
z_61.5_16.5,2024,3,2024-T3,Diminution,58.3,12.3,58.3,29.4
z_61.5_16.5,2024,4,2024-T4,Diminution,52.2,11.3,52.2,36.6
z_61.5_16.5,2025,1,2025-T1,Diminution,66.0,9.0,66.0,25.0
z_61.5_16.5,2025,2,2025-T2,Stable,44.5,11.7,43.8,44.5
z_61.5_16.5,2025,3,2025-T3,Stable,52.5,9.9,37.6,52.5
z_61.5_16.5,2025,4,2025-T4,Diminution,56.8,12.9,56.8,30.2
z_61.5_16.5,2026,1,2026-T1,Diminution,88.6,2.4,88.6,9.1
z_61.5_16.5,2026,2,2026-T2,Diminution,61.5,13.1,61.5,25.4
z_61.5_16.5,2026,3,2026-T3,Diminution,56.7,11.6,56.7,31.7
z_61.5_16.5,2026,4,2026-T4,Diminution,64.0,18.0,64.0,18.0
z_61.5_16.5,2027,1,2027-T1,Diminution,85.9,2.9,85.9,11.2
z_61.5_16.5,2027,2,2027-T2,Diminution,54.7,7.0,54.7,38.3
z_61.5_16.5,2027,3,2027-T3,Diminution,43.4,18.6,43.4,37.9
z_61.5_16.5,2027,4,2027-T4,Diminution,67.9,15.6,67.9,16.4
z_61.5_16.5,2028,1,2028-T1,Diminution,81.5,2.7,81.5,15.8
z_61.5_16.5,2028,2,2028-T2,Diminution,65.0,9.7,65.0,25.2
z_61.5_16.5,2028,3,2028-T3,Diminution,59.9,11.8,59.9,28.4
z_61.5_16.5,2028,4,2028-T4,Diminution,77.4,11.5,77.4,11.1
z_61.5_16.5,2029,1,2029-T1,Diminution,87.2,2.6,87.2,10.2
z_61.5_16.5,2029,2,2029-T2,Diminution,56.4,18.7,56.4,24.9
z_61.5_16.5,2029,3,2029-T3,Diminution,54.1,19.3,54.1,26.5
z_61.5_16.5,2029,4,2029-T4,Diminution,77.4,11.5,77.4,11.1
z_61.5_16.5,2030,1,2030-T1,Diminution,76.1,5.2,76.1,18.8
z_61.5_16.5,2030,2,2030-T2,Diminution,68.7,9.5,68.7,21.8
z_61.5_16.5,2030,3,2030-T3,Diminution,69.7,10.1,69.7,20.2
z_61.5_16.5,2030,4,2030-T4,Diminution,77.4,11.5,77.4,11.1
z_61.5_18.0,2023,1,2023-T1,Diminution,51.7,10.2,51.7,38.0
z_61.5_18.0,2023,2,2023-T2,Stable,49.5,14.5,35.9,49.5
z_61.5_18.0,2023,3,2023-T3,Diminution,48.0,6.9,48.0,45.2
z_61.5_18.0,2023,4,2023-T4,Diminution,73.2,4.5,73.2,22.4
z_61.5_18.0,2024,1,2024-T1,Stable,44.9,10.5,44.6,44.9
z_61.5_18.0,2024,2,2024-T2,Diminution,45.3,11.4,45.3,43.4
z_61.5_18.0,2024,3,2024-T3,Diminution,53.0,8.6,53.0,38.3
z_61.5_18.0,2024,4,2024-T4,Diminution,61.2,4.8,61.2,34.0
z_61.5_18.0,2025,1,2025-T1,Diminution,47.6,11.3,47.6,41.1
z_61.5_18.0,2025,2,2025-T2,Stable,42.7,14.7,42.5,42.7
z_61.5_18.0,2025,3,2025-T3,Diminution,48.7,10.5,48.7,40.8
z_61.5_18.0,2025,4,2025-T4,Diminution,53.5,6.3,53.5,40.2
z_61.5_18.0,2026,1,2026-T1,Diminution,48.7,13.3,48.7,38.0
z_61.5_18.0,2026,2,2026-T2,Stable,51.2,11.7,37.1,51.2
z_61.5_18.0,2026,3,2026-T3,Diminution,63.3,6.8,63.3,29.9
z_61.5_18.0,2026,4,2026-T4,Diminution,70.7,4.4,70.7,24.9
z_61.5_18.0,2027,1,2027-T1,Diminution,51.3,13.5,51.3,35.2
z_61.5_18.0,2027,2,2027-T2,Stable,47.8,10.7,41.4,47.8
z_61.5_18.0,2027,3,2027-T3,Diminution,63.3,6.8,63.3,29.9
z_61.5_18.0,2027,4,2027-T4,Diminution,70.7,4.4,70.7,24.9
z_61.5_18.0,2028,1,2028-T1,Diminution,49.0,13.1,49.0,37.9
z_61.5_18.0,2028,2,2028-T2,Stable,46.8,9.6,43.5,46.8
z_61.5_18.0,2028,3,2028-T3,Diminution,63.3,6.8,63.3,29.9
z_61.5_18.0,2028,4,2028-T4,Diminution,70.7,4.4,70.7,24.9
z_61.5_18.0,2029,1,2029-T1,Diminution,53.0,11.6,53.0,35.4
z_61.5_18.0,2029,2,2029-T2,Diminution,46.4,13.5,46.4,40.1
z_61.5_18.0,2029,3,2029-T3,Diminution,63.3,6.8,63.3,29.9
z_61.5_18.0,2029,4,2029-T4,Diminution,70.7,4.4,70.7,24.9
z_61.5_18.0,2030,1,2030-T1,Diminution,53.0,11.6,53.0,35.4
z_61.5_18.0,2030,2,2030-T2,Stable,43.9,13.8,42.4,43.9
z_61.5_18.0,2030,3,2030-T3,Diminution,63.3,6.8,63.3,29.9
z_61.5_18.0,2030,4,2030-T4,Diminution,70.7,4.4,70.7,24.9
z_61.5_19.5,2023,1,2023-T1,Diminution,72.1,7.6,72.1,20.3
z_61.5_19.5,2023,2,2023-T2,Diminution,74.1,1.7,74.1,24.1
z_61.5_19.5,2023,3,2023-T3,Diminution,77.5,3.4,77.5,19.2
z_61.5_19.5,2023,4,2023-T4,Diminution,63.4,6.3,63.4,30.4
z_61.5_19.5,2024,1,2024-T1,Diminution,51.9,10.8,51.9,37.3
z_61.5_19.5,2024,2,2024-T2,Diminution,87.0,2.3,87.0,10.8
z_61.5_19.5,2024,3,2024-T3,Diminution,64.4,7.4,64.4,28.3
z_61.5_19.5,2024,4,2024-T4,Diminution,78.6,2.3,78.6,19.1
z_61.5_19.5,2025,1,2025-T1,Diminution,57.3,9.0,57.3,33.8
z_61.5_19.5,2025,2,2025-T2,Diminution,64.8,6.3,64.8,28.9
z_61.5_19.5,2025,3,2025-T3,Diminution,65.2,8.2,65.2,26.5
z_61.5_19.5,2025,4,2025-T4,Diminution,72.0,5.3,72.0,22.7
z_61.5_19.5,2026,1,2026-T1,Diminution,55.7,4.9,55.7,39.4
z_61.5_19.5,2026,2,2026-T2,Diminution,88.2,1.3,88.2,10.5
z_61.5_19.5,2026,3,2026-T3,Diminution,78.4,2.3,78.4,19.4
z_61.5_19.5,2026,4,2026-T4,Diminution,67.9,8.1,67.9,24.0
z_61.5_19.5,2027,1,2027-T1,Diminution,60.8,9.5,60.8,29.7
z_61.5_19.5,2027,2,2027-T2,Diminution,88.2,1.3,88.2,10.5
z_61.5_19.5,2027,3,2027-T3,Diminution,85.8,2.5,85.8,11.6
z_61.5_19.5,2027,4,2027-T4,Diminution,78.6,2.3,78.6,19.1
z_61.5_19.5,2028,1,2028-T1,Diminution,52.1,16.2,52.1,31.7
z_61.5_19.5,2028,2,2028-T2,Diminution,88.2,1.3,88.2,10.5
z_61.5_19.5,2028,3,2028-T3,Diminution,66.4,8.2,66.4,25.4
z_61.5_19.5,2028,4,2028-T4,Diminution,86.4,2.9,86.4,10.7
z_61.5_19.5,2029,1,2029-T1,Diminution,68.9,8.9,68.9,22.1
z_61.5_19.5,2029,2,2029-T2,Diminution,88.2,1.3,88.2,10.5
z_61.5_19.5,2029,3,2029-T3,Diminution,89.9,1.5,89.9,8.6
z_61.5_19.5,2029,4,2029-T4,Diminution,70.0,7.5,70.0,22.5
z_61.5_19.5,2030,1,2030-T1,Diminution,59.7,18.4,59.7,21.9
z_61.5_19.5,2030,2,2030-T2,Diminution,88.2,1.3,88.2,10.5
z_61.5_19.5,2030,3,2030-T3,Diminution,89.9,1.5,89.9,8.6
z_61.5_19.5,2030,4,2030-T4,Diminution,90.5,1.4,90.5,8.0
z_61.5_21.0,2023,1,2023-T1,Diminution,44.6,17.3,44.6,38.1
z_61.5_21.0,2023,2,2023-T2,Diminution,42.7,19.9,42.7,37.5
z_61.5_21.0,2023,3,2023-T3,Diminution,86.5,4.8,86.5,8.6
z_61.5_21.0,2023,4,2023-T4,Diminution,67.6,6.9,67.6,25.5
z_61.5_21.0,2024,1,2024-T1,Diminution,54.0,9.3,54.0,36.7
z_61.5_21.0,2024,2,2024-T2,Stable,42.1,20.0,37.9,42.1
z_61.5_21.0,2024,3,2024-T3,Diminution,80.0,3.0,80.0,17.0
z_61.5_21.0,2024,4,2024-T4,Diminution,93.2,1.7,93.2,5.1
z_61.5_21.0,2025,1,2025-T1,Diminution,57.8,12.6,57.8,29.6
z_61.5_21.0,2025,2,2025-T2,Stable,54.8,9.9,35.3,54.8
z_61.5_21.0,2025,3,2025-T3,Diminution,65.0,6.6,65.0,28.3
z_61.5_21.0,2025,4,2025-T4,Diminution,59.7,8.8,59.7,31.5
z_61.5_21.0,2026,1,2026-T1,Diminution,53.6,18.8,53.6,27.6
z_61.5_21.0,2026,2,2026-T2,Diminution,46.9,18.5,46.9,34.6
z_61.5_21.0,2026,3,2026-T3,Diminution,64.3,7.0,64.3,28.7
z_61.5_21.0,2026,4,2026-T4,Diminution,83.8,4.5,83.8,11.7
z_61.5_21.0,2027,1,2027-T1,Diminution,67.2,9.6,67.2,23.2
z_61.5_21.0,2027,2,2027-T2,Diminution,46.0,22.4,46.0,31.7
z_61.5_21.0,2027,3,2027-T3,Diminution,92.6,2.0,92.6,5.5
z_61.5_21.0,2027,4,2027-T4,Diminution,72.1,3.9,72.1,24.1
z_61.5_21.0,2028,1,2028-T1,Diminution,67.2,9.6,67.2,23.2
z_61.5_21.0,2028,2,2028-T2,Diminution,46.1,10.2,46.1,43.7
z_61.5_21.0,2028,3,2028-T3,Diminution,92.6,2.0,92.6,5.5
z_61.5_21.0,2028,4,2028-T4,Diminution,81.8,3.6,81.8,14.7
z_61.5_21.0,2029,1,2029-T1,Diminution,67.2,9.6,67.2,23.2
z_61.5_21.0,2029,2,2029-T2,Diminution,55.6,12.8,55.6,31.7
z_61.5_21.0,2029,3,2029-T3,Diminution,92.6,2.0,92.6,5.5
z_61.5_21.0,2029,4,2029-T4,Diminution,64.9,6.1,64.9,29.0
z_61.5_21.0,2030,1,2030-T1,Diminution,67.2,9.6,67.2,23.2
z_61.5_21.0,2030,2,2030-T2,Diminution,50.6,19.7,50.6,29.7
z_61.5_21.0,2030,3,2030-T3,Diminution,92.6,2.0,92.6,5.5
z_61.5_21.0,2030,4,2030-T4,Diminution,93.2,1.7,93.2,5.1
z_61.5_3.0,2023,1,2023-T1,Diminution,56.0,8.1,56.0,35.9
z_61.5_3.0,2023,2,2023-T2,Diminution,63.4,6.4,63.4,30.2
z_61.5_3.0,2023,3,2023-T3,Diminution,67.5,5.0,67.5,27.5
z_61.5_3.0,2023,4,2023-T4,Diminution,47.4,11.6,47.4,40.9
z_61.5_3.0,2024,1,2024-T1,Stable,47.3,13.2,39.5,47.3
z_61.5_3.0,2024,2,2024-T2,Diminution,56.1,7.4,56.1,36.5
z_61.5_3.0,2024,3,2024-T3,Diminution,56.9,5.9,56.9,37.2
z_61.5_3.0,2024,4,2024-T4,Diminution,49.6,11.7,49.6,38.7
z_61.5_3.0,2025,1,2025-T1,Diminution,47.0,11.0,47.0,42.1
z_61.5_3.0,2025,2,2025-T2,Diminution,67.8,5.0,67.8,27.2
z_61.5_3.0,2025,3,2025-T3,Diminution,56.1,6.9,56.1,36.9
z_61.5_3.0,2025,4,2025-T4,Diminution,49.6,11.7,49.6,38.7
z_61.5_3.0,2026,1,2026-T1,Diminution,47.0,11.0,47.0,42.1
z_61.5_3.0,2026,2,2026-T2,Diminution,67.8,5.0,67.8,27.2
z_61.5_3.0,2026,3,2026-T3,Diminution,54.7,5.9,54.7,39.4
z_61.5_3.0,2026,4,2026-T4,Diminution,57.6,8.8,57.6,33.6
z_61.5_3.0,2027,1,2027-T1,Diminution,56.0,8.1,56.0,35.9
z_61.5_3.0,2027,2,2027-T2,Diminution,64.9,4.9,64.9,30.2
z_61.5_3.0,2027,3,2027-T3,Diminution,54.8,6.1,54.8,39.0
z_61.5_3.0,2027,4,2027-T4,Diminution,57.6,8.8,57.6,33.6
z_61.5_3.0,2028,1,2028-T1,Diminution,56.0,8.1,56.0,35.9
z_61.5_3.0,2028,2,2028-T2,Diminution,64.9,4.9,64.9,30.2
z_61.5_3.0,2028,3,2028-T3,Diminution,49.1,10.2,49.1,40.7
z_61.5_3.0,2028,4,2028-T4,Diminution,57.6,8.8,57.6,33.6
z_61.5_3.0,2029,1,2029-T1,Diminution,56.0,8.1,56.0,35.9
z_61.5_3.0,2029,2,2029-T2,Diminution,64.9,4.9,64.9,30.2
z_61.5_3.0,2029,3,2029-T3,Diminution,54.7,8.8,54.7,36.6
z_61.5_3.0,2029,4,2029-T4,Diminution,57.6,8.8,57.6,33.6
z_61.5_3.0,2030,1,2030-T1,Diminution,56.0,8.1,56.0,35.9
z_61.5_3.0,2030,2,2030-T2,Diminution,64.9,4.9,64.9,30.2
z_61.5_3.0,2030,3,2030-T3,Diminution,56.4,6.0,56.4,37.6
z_61.5_3.0,2030,4,2030-T4,Diminution,57.6,8.8,57.6,33.6
z_61.5_4.5,2023,1,2023-T1,Augmentation,59.4,59.4,12.3,28.2
z_61.5_4.5,2023,2,2023-T2,Augmentation,62.4,62.4,9.4,28.2
z_61.5_4.5,2023,3,2023-T3,Augmentation,70.0,70.0,9.1,20.9
z_61.5_4.5,2023,4,2023-T4,Augmentation,61.3,61.3,13.0,25.7
z_61.5_4.5,2024,1,2024-T1,Augmentation,52.1,52.1,16.9,30.9
z_61.5_4.5,2024,2,2024-T2,Augmentation,47.8,47.8,11.3,40.9
z_61.5_4.5,2024,3,2024-T3,Augmentation,58.0,58.0,18.1,23.9
z_61.5_4.5,2024,4,2024-T4,Augmentation,42.8,42.8,25.7,31.5
z_61.5_4.5,2025,1,2025-T1,Augmentation,46.0,46.0,23.1,30.9
z_61.5_4.5,2025,2,2025-T2,Stable,43.2,42.6,14.2,43.2
z_61.5_4.5,2025,3,2025-T3,Augmentation,62.8,62.8,14.9,22.3
z_61.5_4.5,2025,4,2025-T4,Augmentation,55.7,55.7,16.7,27.6
z_61.5_4.5,2026,1,2026-T1,Augmentation,42.0,42.0,22.1,35.9
z_61.5_4.5,2026,2,2026-T2,Augmentation,43.6,43.6,13.0,43.4
z_61.5_4.5,2026,3,2026-T3,Augmentation,57.3,57.3,18.5,24.2
z_61.5_4.5,2026,4,2026-T4,Augmentation,61.2,61.2,14.3,24.5
z_61.5_4.5,2027,1,2027-T1,Augmentation,57.6,57.6,15.9,26.6
z_61.5_4.5,2027,2,2027-T2,Augmentation,54.4,54.4,10.4,35.2
z_61.5_4.5,2027,3,2027-T3,Augmentation,62.8,62.8,13.3,23.9
z_61.5_4.5,2027,4,2027-T4,Augmentation,59.0,59.0,14.9,26.1
z_61.5_4.5,2028,1,2028-T1,Augmentation,57.6,57.6,14.7,27.7
z_61.5_4.5,2028,2,2028-T2,Augmentation,54.1,54.1,11.4,34.5
z_61.5_4.5,2028,3,2028-T3,Augmentation,61.1,61.1,14.0,24.9
z_61.5_4.5,2028,4,2028-T4,Augmentation,58.0,58.0,14.8,27.1
z_61.5_4.5,2029,1,2029-T1,Augmentation,60.0,60.0,14.4,25.6
z_61.5_4.5,2029,2,2029-T2,Augmentation,57.0,57.0,11.2,31.8
z_61.5_4.5,2029,3,2029-T3,Augmentation,61.2,61.2,13.7,25.1
z_61.5_4.5,2029,4,2029-T4,Augmentation,57.8,57.8,14.2,28.0
z_61.5_4.5,2030,1,2030-T1,Augmentation,63.2,63.2,13.1,23.7
z_61.5_4.5,2030,2,2030-T2,Augmentation,59.7,59.7,11.2,29.1
z_61.5_4.5,2030,3,2030-T3,Augmentation,64.9,64.9,12.3,22.8
z_61.5_4.5,2030,4,2030-T4,Augmentation,63.7,63.7,12.6,23.6
z_61.5_6.0,2023,1,2023-T1,Augmentation,39.5,39.5,27.2,33.3
z_61.5_6.0,2023,2,2023-T2,Augmentation,50.1,50.1,18.8,31.1
z_61.5_6.0,2023,3,2023-T3,Augmentation,62.9,62.9,15.1,22.0
z_61.5_6.0,2023,4,2023-T4,Augmentation,64.7,64.7,12.9,22.4
z_61.5_6.0,2024,1,2024-T1,Augmentation,55.1,55.1,15.6,29.2
z_61.5_6.0,2024,2,2024-T2,Augmentation,46.5,46.5,19.3,34.2
z_61.5_6.0,2024,3,2024-T3,Augmentation,59.7,59.7,16.8,23.5
z_61.5_6.0,2024,4,2024-T4,Augmentation,58.8,58.8,14.9,26.3
z_61.5_6.0,2025,1,2025-T1,Augmentation,60.0,60.0,15.8,24.1
z_61.5_6.0,2025,2,2025-T2,Augmentation,48.3,48.3,15.0,36.8
z_61.5_6.0,2025,3,2025-T3,Augmentation,61.6,61.6,15.4,23.0
z_61.5_6.0,2025,4,2025-T4,Augmentation,51.6,51.6,13.6,34.8
z_61.5_6.0,2026,1,2026-T1,Augmentation,64.7,64.7,11.8,23.5
z_61.5_6.0,2026,2,2026-T2,Augmentation,57.4,57.4,18.1,24.5
z_61.5_6.0,2026,3,2026-T3,Augmentation,57.6,57.6,16.7,25.7
z_61.5_6.0,2026,4,2026-T4,Augmentation,58.5,58.5,14.5,26.9
z_61.5_6.0,2027,1,2027-T1,Augmentation,55.0,55.0,17.0,28.0
z_61.5_6.0,2027,2,2027-T2,Augmentation,58.5,58.5,15.9,25.6
z_61.5_6.0,2027,3,2027-T3,Augmentation,59.6,59.6,17.3,23.1
z_61.5_6.0,2027,4,2027-T4,Augmentation,56.7,56.7,15.0,28.4
z_61.5_6.0,2028,1,2028-T1,Augmentation,54.7,54.7,15.3,30.0
z_61.5_6.0,2028,2,2028-T2,Augmentation,57.8,57.8,15.9,26.3
z_61.5_6.0,2028,3,2028-T3,Augmentation,60.9,60.9,15.5,23.6
z_61.5_6.0,2028,4,2028-T4,Augmentation,58.6,58.6,14.8,26.6
z_61.5_6.0,2029,1,2029-T1,Augmentation,54.6,54.6,16.6,28.7
z_61.5_6.0,2029,2,2029-T2,Augmentation,57.1,57.1,16.6,26.2
z_61.5_6.0,2029,3,2029-T3,Augmentation,59.4,59.4,16.0,24.5
z_61.5_6.0,2029,4,2029-T4,Augmentation,62.9,62.9,13.2,23.9
z_61.5_6.0,2030,1,2030-T1,Augmentation,60.0,60.0,15.2,24.8
z_61.5_6.0,2030,2,2030-T2,Augmentation,60.7,60.7,15.4,23.9
z_61.5_6.0,2030,3,2030-T3,Augmentation,62.7,62.7,15.3,22.0
z_61.5_6.0,2030,4,2030-T4,Augmentation,63.9,63.9,13.1,23.0
z_63.0_-13.5,2023,1,2023-T1,Diminution,66.7,3.9,66.7,29.4
z_63.0_-13.5,2023,2,2023-T2,Diminution,60.1,5.9,60.1,34.0
z_63.0_-13.5,2023,3,2023-T3,Diminution,49.5,14.8,49.5,35.7
z_63.0_-13.5,2023,4,2023-T4,Diminution,51.0,14.8,51.0,34.2
z_63.0_-13.5,2024,1,2024-T1,Diminution,71.5,4.2,71.5,24.3
z_63.0_-13.5,2024,2,2024-T2,Diminution,50.0,6.7,50.0,43.3
z_63.0_-13.5,2024,3,2024-T3,Diminution,48.7,14.2,48.7,37.1
z_63.0_-13.5,2024,4,2024-T4,Diminution,54.6,14.8,54.6,30.7
z_63.0_-13.5,2025,1,2025-T1,Diminution,55.1,7.7,55.1,37.2
z_63.0_-13.5,2025,2,2025-T2,Diminution,60.1,5.9,60.1,34.0
z_63.0_-13.5,2025,3,2025-T3,Diminution,55.0,12.8,55.0,32.2
z_63.0_-13.5,2025,4,2025-T4,Diminution,55.4,12.9,55.4,31.7
z_63.0_-13.5,2026,1,2026-T1,Diminution,67.4,4.2,67.4,28.4
z_63.0_-13.5,2026,2,2026-T2,Diminution,60.1,5.9,60.1,34.0
z_63.0_-13.5,2026,3,2026-T3,Diminution,55.0,12.8,55.0,32.2
z_63.0_-13.5,2026,4,2026-T4,Diminution,55.4,12.9,55.4,31.7
z_63.0_-13.5,2027,1,2027-T1,Diminution,66.7,3.9,66.7,29.4
z_63.0_-13.5,2027,2,2027-T2,Diminution,60.1,5.9,60.1,34.0
z_63.0_-13.5,2027,3,2027-T3,Diminution,55.0,12.8,55.0,32.2
z_63.0_-13.5,2027,4,2027-T4,Diminution,55.4,12.9,55.4,31.7
z_63.0_-13.5,2028,1,2028-T1,Diminution,71.5,4.2,71.5,24.3
z_63.0_-13.5,2028,2,2028-T2,Diminution,60.1,5.9,60.1,34.0
z_63.0_-13.5,2028,3,2028-T3,Diminution,55.0,12.8,55.0,32.2
z_63.0_-13.5,2028,4,2028-T4,Diminution,55.4,12.9,55.4,31.7
z_63.0_-13.5,2029,1,2029-T1,Diminution,61.2,4.7,61.2,34.0
z_63.0_-13.5,2029,2,2029-T2,Diminution,60.1,5.9,60.1,34.0
z_63.0_-13.5,2029,3,2029-T3,Diminution,55.0,12.8,55.0,32.2
z_63.0_-13.5,2029,4,2029-T4,Diminution,55.4,12.9,55.4,31.7
z_63.0_-13.5,2030,1,2030-T1,Diminution,71.7,3.9,71.7,24.4
z_63.0_-13.5,2030,2,2030-T2,Diminution,60.1,5.9,60.1,34.0
z_63.0_-13.5,2030,3,2030-T3,Diminution,55.0,12.8,55.0,32.2
z_63.0_-13.5,2030,4,2030-T4,Diminution,55.4,12.9,55.4,31.7
z_63.0_-16.5,2023,1,2023-T1,Diminution,49.9,11.6,49.9,38.5
z_63.0_-16.5,2023,2,2023-T2,Diminution,47.6,9.6,47.6,42.7
z_63.0_-16.5,2023,3,2023-T3,Stable,45.1,11.6,43.4,45.1
z_63.0_-16.5,2023,4,2023-T4,Stable,45.0,14.6,40.4,45.0
z_63.0_-16.5,2024,1,2024-T1,Stable,44.8,11.8,43.3,44.8
z_63.0_-16.5,2024,2,2024-T2,Diminution,59.5,7.5,59.5,33.0
z_63.0_-16.5,2024,3,2024-T3,Diminution,47.3,10.7,47.3,42.1
z_63.0_-16.5,2024,4,2024-T4,Stable,45.4,12.3,42.3,45.4
z_63.0_-16.5,2025,1,2025-T1,Diminution,54.5,11.0,54.5,34.4
z_63.0_-16.5,2025,2,2025-T2,Diminution,58.2,6.3,58.2,35.4
z_63.0_-16.5,2025,3,2025-T3,Stable,44.7,11.2,44.1,44.7
z_63.0_-16.5,2025,4,2025-T4,Diminution,47.0,10.1,47.0,42.9
z_63.0_-16.5,2026,1,2026-T1,Diminution,49.1,13.1,49.1,37.8
z_63.0_-16.5,2026,2,2026-T2,Diminution,62.4,7.2,62.4,30.4
z_63.0_-16.5,2026,3,2026-T3,Stable,45.1,11.6,43.4,45.1
z_63.0_-16.5,2026,4,2026-T4,Diminution,47.0,10.1,47.0,42.9
z_63.0_-16.5,2027,1,2027-T1,Diminution,53.0,11.6,53.0,35.3
z_63.0_-16.5,2027,2,2027-T2,Diminution,56.2,7.8,56.2,36.0
z_63.0_-16.5,2027,3,2027-T3,Diminution,50.1,11.2,50.1,38.7
z_63.0_-16.5,2027,4,2027-T4,Diminution,47.0,10.1,47.0,42.9
z_63.0_-16.5,2028,1,2028-T1,Diminution,53.0,11.6,53.0,35.3
z_63.0_-16.5,2028,2,2028-T2,Diminution,63.9,6.7,63.9,29.4
z_63.0_-16.5,2028,3,2028-T3,Diminution,44.7,13.6,44.7,41.7
z_63.0_-16.5,2028,4,2028-T4,Diminution,47.0,10.1,47.0,42.9
z_63.0_-16.5,2029,1,2029-T1,Diminution,53.0,11.6,53.0,35.3
z_63.0_-16.5,2029,2,2029-T2,Diminution,63.9,6.7,63.9,29.4
z_63.0_-16.5,2029,3,2029-T3,Diminution,48.8,11.3,48.8,39.8
z_63.0_-16.5,2029,4,2029-T4,Diminution,47.0,10.1,47.0,42.9
z_63.0_-16.5,2030,1,2030-T1,Diminution,53.0,11.6,53.0,35.3
z_63.0_-16.5,2030,2,2030-T2,Diminution,63.9,6.7,63.9,29.4
z_63.0_-16.5,2030,3,2030-T3,Diminution,48.8,11.3,48.8,39.8
z_63.0_-16.5,2030,4,2030-T4,Diminution,47.0,10.1,47.0,42.9
z_63.0_-21.0,2023,1,2023-T1,Stable,48.5,30.8,20.7,48.5
z_63.0_-21.0,2023,2,2023-T2,Stable,48.5,25.5,26.0,48.5
z_63.0_-21.0,2023,3,2023-T3,Stable,54.5,24.4,21.1,54.5
z_63.0_-21.0,2023,4,2023-T4,Diminution,39.8,24.9,39.8,35.3
z_63.0_-21.0,2024,1,2024-T1,Stable,52.0,29.2,18.8,52.0
z_63.0_-21.0,2024,2,2024-T2,Stable,49.8,30.3,19.8,49.8
z_63.0_-21.0,2024,3,2024-T3,Stable,49.5,14.9,35.6,49.5
z_63.0_-21.0,2024,4,2024-T4,Diminution,49.2,15.8,49.2,35.0
z_63.0_-21.0,2025,1,2025-T1,Stable,41.8,20.7,37.5,41.8
z_63.0_-21.0,2025,2,2025-T2,Stable,44.1,13.1,42.7,44.1
z_63.0_-21.0,2025,3,2025-T3,Stable,47.8,9.7,42.5,47.8
z_63.0_-21.0,2025,4,2025-T4,Diminution,68.8,9.8,68.8,21.4
z_63.0_-21.0,2026,1,2026-T1,Stable,43.1,16.1,40.8,43.1
z_63.0_-21.0,2026,2,2026-T2,Stable,44.4,14.9,40.8,44.4
z_63.0_-21.0,2026,3,2026-T3,Stable,45.9,11.4,42.7,45.9
z_63.0_-21.0,2026,4,2026-T4,Diminution,70.2,8.6,70.2,21.3
z_63.0_-21.0,2027,1,2027-T1,Stable,42.7,14.6,42.7,42.7
z_63.0_-21.0,2027,2,2027-T2,Stable,43.0,15.2,41.8,43.0
z_63.0_-21.0,2027,3,2027-T3,Stable,47.8,12.2,40.0,47.8
z_63.0_-21.0,2027,4,2027-T4,Diminution,67.9,10.1,67.9,22.0
z_63.0_-21.0,2028,1,2028-T1,Stable,42.7,14.6,42.7,42.7
z_63.0_-21.0,2028,2,2028-T2,Stable,43.9,16.4,39.7,43.9
z_63.0_-21.0,2028,3,2028-T3,Stable,47.9,10.4,41.7,47.9
z_63.0_-21.0,2028,4,2028-T4,Diminution,65.5,11.7,65.5,22.8
z_63.0_-21.0,2029,1,2029-T1,Stable,42.7,14.6,42.7,42.7
z_63.0_-21.0,2029,2,2029-T2,Diminution,45.1,13.0,45.1,41.9
z_63.0_-21.0,2029,3,2029-T3,Stable,47.7,11.9,40.5,47.7
z_63.0_-21.0,2029,4,2029-T4,Diminution,69.9,10.8,69.9,19.3
z_63.0_-21.0,2030,1,2030-T1,Stable,42.7,14.6,42.7,42.7
z_63.0_-21.0,2030,2,2030-T2,Diminution,45.1,13.0,45.1,41.9
z_63.0_-21.0,2030,3,2030-T3,Stable,46.9,10.8,42.3,46.9
z_63.0_-21.0,2030,4,2030-T4,Diminution,69.9,10.8,69.9,19.3
z_63.0_-22.5,2023,1,2023-T1,Augmentation,39.1,39.1,26.6,34.3
z_63.0_-22.5,2023,2,2023-T2,Stable,44.6,22.4,33.0,44.6
z_63.0_-22.5,2023,3,2023-T3,Stable,50.8,34.2,14.9,50.8
z_63.0_-22.5,2023,4,2023-T4,Augmentation,44.7,44.7,20.1,35.2
z_63.0_-22.5,2024,1,2024-T1,Augmentation,48.5,48.5,24.6,26.9
z_63.0_-22.5,2024,2,2024-T2,Augmentation,50.2,50.2,16.0,33.8
z_63.0_-22.5,2024,3,2024-T3,Augmentation,51.2,51.2,12.9,35.9
z_63.0_-22.5,2024,4,2024-T4,Augmentation,37.7,37.7,24.9,37.5
z_63.0_-22.5,2025,1,2025-T1,Diminution,35.5,32.5,35.5,32.0
z_63.0_-22.5,2025,2,2025-T2,Stable,38.9,27.1,34.0,38.9
z_63.0_-22.5,2025,3,2025-T3,Stable,48.0,33.0,19.0,48.0
z_63.0_-22.5,2025,4,2025-T4,Stable,38.9,24.4,36.7,38.9
z_63.0_-22.5,2026,1,2026-T1,Diminution,56.3,13.8,56.3,29.9
z_63.0_-22.5,2026,2,2026-T2,Diminution,45.8,16.8,45.8,37.3
z_63.0_-22.5,2026,3,2026-T3,Stable,46.5,31.0,22.5,46.5
z_63.0_-22.5,2026,4,2026-T4,Stable,38.8,26.3,34.9,38.8
z_63.0_-22.5,2027,1,2027-T1,Diminution,38.9,26.5,38.9,34.6
z_63.0_-22.5,2027,2,2027-T2,Stable,42.7,24.8,32.5,42.7
z_63.0_-22.5,2027,3,2027-T3,Stable,51.8,29.2,19.0,51.8
z_63.0_-22.5,2027,4,2027-T4,Stable,40.9,29.1,30.0,40.9
z_63.0_-22.5,2028,1,2028-T1,Stable,37.1,27.0,35.9,37.1
z_63.0_-22.5,2028,2,2028-T2,Stable,40.4,24.7,34.9,40.4
z_63.0_-22.5,2028,3,2028-T3,Stable,50.8,31.5,17.7,50.8
z_63.0_-22.5,2028,4,2028-T4,Stable,39.9,27.8,32.3,39.9
z_63.0_-22.5,2029,1,2029-T1,Diminution,37.4,25.8,37.4,36.8
z_63.0_-22.5,2029,2,2029-T2,Stable,40.9,24.0,35.0,40.9
z_63.0_-22.5,2029,3,2029-T3,Stable,52.7,29.8,17.6,52.7
z_63.0_-22.5,2029,4,2029-T4,Stable,41.1,27.3,31.6,41.1
z_63.0_-22.5,2030,1,2030-T1,Stable,38.3,25.3,36.5,38.3
z_63.0_-22.5,2030,2,2030-T2,Stable,41.5,23.9,34.5,41.5
z_63.0_-22.5,2030,3,2030-T3,Stable,54.0,28.5,17.5,54.0
z_63.0_-22.5,2030,4,2030-T4,Stable,41.5,26.9,31.6,41.5
z_63.0_-24.0,2023,1,2023-T1,Diminution,37.0,26.8,37.0,36.2
z_63.0_-24.0,2023,2,2023-T2,Stable,37.6,29.6,32.8,37.6
z_63.0_-24.0,2023,3,2023-T3,Stable,46.3,40.3,13.4,46.3
z_63.0_-24.0,2023,4,2023-T4,Stable,58.8,24.8,16.4,58.8
z_63.0_-24.0,2024,1,2024-T1,Stable,39.6,23.6,36.8,39.6
z_63.0_-24.0,2024,2,2024-T2,Stable,40.5,22.4,37.2,40.5
z_63.0_-24.0,2024,3,2024-T3,Stable,50.9,27.5,21.6,50.9
z_63.0_-24.0,2024,4,2024-T4,Stable,53.0,28.7,18.3,53.0
z_63.0_-24.0,2025,1,2025-T1,Diminution,45.0,20.6,45.0,34.5
z_63.0_-24.0,2025,2,2025-T2,Stable,40.8,19.0,40.1,40.8
z_63.0_-24.0,2025,3,2025-T3,Stable,47.8,21.7,30.5,47.8
z_63.0_-24.0,2025,4,2025-T4,Stable,48.4,17.9,33.7,48.4
z_63.0_-24.0,2026,1,2026-T1,Diminution,66.1,12.4,66.1,21.5
z_63.0_-24.0,2026,2,2026-T2,Diminution,72.2,8.8,72.2,19.0
z_63.0_-24.0,2026,3,2026-T3,Stable,45.9,12.4,41.7,45.9
z_63.0_-24.0,2026,4,2026-T4,Diminution,46.1,10.5,46.1,43.4
z_63.0_-24.0,2027,1,2027-T1,Diminution,67.0,10.5,67.0,22.5
z_63.0_-24.0,2027,2,2027-T2,Diminution,71.1,7.5,71.1,21.4
z_63.0_-24.0,2027,3,2027-T3,Stable,44.2,13.0,42.8,44.2
z_63.0_-24.0,2027,4,2027-T4,Diminution,44.4,12.2,44.4,43.4
z_63.0_-24.0,2028,1,2028-T1,Diminution,62.0,12.8,62.0,25.3
z_63.0_-24.0,2028,2,2028-T2,Diminution,73.2,7.6,73.2,19.2
z_63.0_-24.0,2028,3,2028-T3,Diminution,45.0,15.0,45.0,40.0
z_63.0_-24.0,2028,4,2028-T4,Diminution,45.8,11.2,45.8,43.0
z_63.0_-24.0,2029,1,2029-T1,Diminution,65.5,12.7,65.5,21.8
z_63.0_-24.0,2029,2,2029-T2,Diminution,68.3,8.9,68.3,22.8
z_63.0_-24.0,2029,3,2029-T3,Diminution,43.2,14.4,43.2,42.4
z_63.0_-24.0,2029,4,2029-T4,Diminution,45.8,11.2,45.8,43.0
z_63.0_-24.0,2030,1,2030-T1,Diminution,65.5,12.7,65.5,21.8
z_63.0_-24.0,2030,2,2030-T2,Diminution,73.3,8.2,73.3,18.5
z_63.0_-24.0,2030,3,2030-T3,Diminution,45.4,12.7,45.4,41.9
z_63.0_-24.0,2030,4,2030-T4,Diminution,45.8,11.2,45.8,43.0
z_63.0_-36.0,2023,1,2023-T1,Diminution,90.1,1.2,90.1,8.7
z_63.0_-36.0,2023,2,2023-T2,Diminution,88.0,1.3,88.0,10.7
z_63.0_-36.0,2023,3,2023-T3,Diminution,89.7,1.5,89.7,8.8
z_63.0_-36.0,2023,4,2023-T4,Diminution,90.3,1.4,90.3,8.2
z_63.0_-36.0,2024,1,2024-T1,Diminution,90.1,1.2,90.1,8.7
z_63.0_-36.0,2024,2,2024-T2,Diminution,88.0,1.3,88.0,10.7
z_63.0_-36.0,2024,3,2024-T3,Diminution,76.0,2.0,76.0,22.0
z_63.0_-36.0,2024,4,2024-T4,Diminution,81.0,2.5,81.0,16.5
z_63.0_-36.0,2025,1,2025-T1,Diminution,87.7,2.2,87.7,10.1
z_63.0_-36.0,2025,2,2025-T2,Diminution,83.1,1.3,83.1,15.7
z_63.0_-36.0,2025,3,2025-T3,Diminution,89.7,1.5,89.7,8.8
z_63.0_-36.0,2025,4,2025-T4,Diminution,90.3,1.4,90.3,8.2
z_63.0_-36.0,2026,1,2026-T1,Diminution,90.1,1.2,90.1,8.7
z_63.0_-36.0,2026,2,2026-T2,Diminution,84.8,2.8,84.8,12.4
z_63.0_-36.0,2026,3,2026-T3,Diminution,89.7,1.5,89.7,8.8
z_63.0_-36.0,2026,4,2026-T4,Diminution,90.3,1.4,90.3,8.2
z_63.0_-36.0,2027,1,2027-T1,Diminution,90.1,1.2,90.1,8.7
z_63.0_-36.0,2027,2,2027-T2,Diminution,76.7,2.1,76.7,21.2
z_63.0_-36.0,2027,3,2027-T3,Diminution,89.7,1.5,89.7,8.8
z_63.0_-36.0,2027,4,2027-T4,Diminution,90.3,1.4,90.3,8.2
z_63.0_-36.0,2028,1,2028-T1,Diminution,90.1,1.2,90.1,8.7
z_63.0_-36.0,2028,2,2028-T2,Diminution,84.2,2.5,84.2,13.4
z_63.0_-36.0,2028,3,2028-T3,Diminution,89.7,1.5,89.7,8.8
z_63.0_-36.0,2028,4,2028-T4,Diminution,90.3,1.4,90.3,8.2
z_63.0_-36.0,2029,1,2029-T1,Diminution,90.1,1.2,90.1,8.7
z_63.0_-36.0,2029,2,2029-T2,Diminution,68.2,6.9,68.2,24.9
z_63.0_-36.0,2029,3,2029-T3,Diminution,89.7,1.5,89.7,8.8
z_63.0_-36.0,2029,4,2029-T4,Diminution,90.3,1.4,90.3,8.2
z_63.0_-36.0,2030,1,2030-T1,Diminution,90.1,1.2,90.1,8.7
z_63.0_-36.0,2030,2,2030-T2,Diminution,88.0,1.3,88.0,10.7
z_63.0_-36.0,2030,3,2030-T3,Diminution,89.7,1.5,89.7,8.8
z_63.0_-36.0,2030,4,2030-T4,Diminution,90.3,1.4,90.3,8.2
z_63.0_-7.5,2023,1,2023-T1,Diminution,86.4,1.5,86.4,12.1
z_63.0_-7.5,2023,2,2023-T2,Diminution,70.8,1.9,70.8,27.3
z_63.0_-7.5,2023,3,2023-T3,Diminution,78.1,2.9,78.1,18.9
z_63.0_-7.5,2023,4,2023-T4,Diminution,85.1,2.8,85.1,12.2
z_63.0_-7.5,2024,1,2024-T1,Diminution,82.3,1.9,82.3,15.8
z_63.0_-7.5,2024,2,2024-T2,Diminution,84.1,1.6,84.1,14.3
z_63.0_-7.5,2024,3,2024-T3,Diminution,86.3,1.8,86.3,11.9
z_63.0_-7.5,2024,4,2024-T4,Diminution,86.9,1.8,86.9,11.3
z_63.0_-7.5,2025,1,2025-T1,Diminution,79.7,2.5,79.7,17.8
z_63.0_-7.5,2025,2,2025-T2,Diminution,84.1,1.6,84.1,14.3
z_63.0_-7.5,2025,3,2025-T3,Diminution,86.3,1.8,86.3,11.9
z_63.0_-7.5,2025,4,2025-T4,Diminution,86.9,1.8,86.9,11.3
z_63.0_-7.5,2026,1,2026-T1,Diminution,77.1,2.3,77.1,20.7
z_63.0_-7.5,2026,2,2026-T2,Diminution,84.1,1.6,84.1,14.3
z_63.0_-7.5,2026,3,2026-T3,Diminution,86.3,1.8,86.3,11.9
z_63.0_-7.5,2026,4,2026-T4,Diminution,86.9,1.8,86.9,11.3
z_63.0_-7.5,2027,1,2027-T1,Diminution,83.8,2.7,83.8,13.5
z_63.0_-7.5,2027,2,2027-T2,Diminution,84.1,1.6,84.1,14.3
z_63.0_-7.5,2027,3,2027-T3,Diminution,86.3,1.8,86.3,11.9
z_63.0_-7.5,2027,4,2027-T4,Diminution,86.9,1.8,86.9,11.3
z_63.0_-7.5,2028,1,2028-T1,Diminution,72.9,5.1,72.9,22.0
z_63.0_-7.5,2028,2,2028-T2,Diminution,84.1,1.6,84.1,14.3
z_63.0_-7.5,2028,3,2028-T3,Diminution,86.3,1.8,86.3,11.9
z_63.0_-7.5,2028,4,2028-T4,Diminution,86.9,1.8,86.9,11.3
z_63.0_-7.5,2029,1,2029-T1,Diminution,86.4,1.5,86.4,12.1
z_63.0_-7.5,2029,2,2029-T2,Diminution,84.1,1.6,84.1,14.3
z_63.0_-7.5,2029,3,2029-T3,Diminution,86.3,1.8,86.3,11.9
z_63.0_-7.5,2029,4,2029-T4,Diminution,86.9,1.8,86.9,11.3
z_63.0_-7.5,2030,1,2030-T1,Diminution,86.4,1.5,86.4,12.1
z_63.0_-7.5,2030,2,2030-T2,Diminution,84.1,1.6,84.1,14.3
z_63.0_-7.5,2030,3,2030-T3,Diminution,86.3,1.8,86.3,11.9
z_63.0_-7.5,2030,4,2030-T4,Diminution,86.9,1.8,86.9,11.3
z_63.0_0.0,2023,1,2023-T1,Diminution,85.0,3.1,85.0,11.9
z_63.0_0.0,2023,2,2023-T2,Diminution,82.7,3.4,82.7,13.9
z_63.0_0.0,2023,3,2023-T3,Diminution,84.1,4.2,84.1,11.6
z_63.0_0.0,2023,4,2023-T4,Diminution,69.6,3.1,69.6,27.3
z_63.0_0.0,2024,1,2024-T1,Diminution,65.6,4.0,65.6,30.4
z_63.0_0.0,2024,2,2024-T2,Diminution,77.4,6.7,77.4,15.9
z_63.0_0.0,2024,3,2024-T3,Diminution,74.7,4.8,74.7,20.5
z_63.0_0.0,2024,4,2024-T4,Diminution,84.6,3.4,84.6,12.0
z_63.0_0.0,2025,1,2025-T1,Diminution,85.0,3.1,85.0,11.9
z_63.0_0.0,2025,2,2025-T2,Diminution,82.7,3.4,82.7,13.9
z_63.0_0.0,2025,3,2025-T3,Diminution,78.2,5.9,78.2,16.0
z_63.0_0.0,2025,4,2025-T4,Diminution,84.6,3.4,84.6,12.0
z_63.0_0.0,2026,1,2026-T1,Diminution,85.0,3.1,85.0,11.9
z_63.0_0.0,2026,2,2026-T2,Diminution,82.7,3.4,82.7,13.9
z_63.0_0.0,2026,3,2026-T3,Diminution,65.5,5.3,65.5,29.3
z_63.0_0.0,2026,4,2026-T4,Diminution,84.6,3.4,84.6,12.0
z_63.0_0.0,2027,1,2027-T1,Diminution,85.0,3.1,85.0,11.9
z_63.0_0.0,2027,2,2027-T2,Diminution,82.7,3.4,82.7,13.9
z_63.0_0.0,2027,3,2027-T3,Diminution,74.8,5.0,74.8,20.2
z_63.0_0.0,2027,4,2027-T4,Diminution,84.6,3.4,84.6,12.0
z_63.0_0.0,2028,1,2028-T1,Diminution,85.0,3.1,85.0,11.9
z_63.0_0.0,2028,2,2028-T2,Diminution,82.7,3.4,82.7,13.9
z_63.0_0.0,2028,3,2028-T3,Diminution,54.0,7.2,54.0,38.8
z_63.0_0.0,2028,4,2028-T4,Diminution,84.6,3.4,84.6,12.0
z_63.0_0.0,2029,1,2029-T1,Diminution,85.0,3.1,85.0,11.9
z_63.0_0.0,2029,2,2029-T2,Diminution,82.7,3.4,82.7,13.9
z_63.0_0.0,2029,3,2029-T3,Diminution,84.1,4.2,84.1,11.6
z_63.0_0.0,2029,4,2029-T4,Diminution,84.6,3.4,84.6,12.0
z_63.0_0.0,2030,1,2030-T1,Diminution,85.0,3.1,85.0,11.9
z_63.0_0.0,2030,2,2030-T2,Diminution,82.7,3.4,82.7,13.9
z_63.0_0.0,2030,3,2030-T3,Diminution,84.1,4.2,84.1,11.6
z_63.0_0.0,2030,4,2030-T4,Diminution,84.6,3.4,84.6,12.0
z_63.0_18.0,2023,1,2023-T1,Diminution,45.4,14.4,45.4,40.2
z_63.0_18.0,2023,2,2023-T2,Stable,53.2,19.7,27.1,53.2
z_63.0_18.0,2023,3,2023-T3,Diminution,46.6,9.1,46.6,44.4
z_63.0_18.0,2023,4,2023-T4,Diminution,77.1,5.4,77.1,17.5
z_63.0_18.0,2024,1,2024-T1,Stable,47.5,8.2,44.3,47.5
z_63.0_18.0,2024,2,2024-T2,Stable,48.0,12.6,39.4,48.0
z_63.0_18.0,2024,3,2024-T3,Diminution,59.9,4.7,59.9,35.4
z_63.0_18.0,2024,4,2024-T4,Diminution,80.3,3.0,80.3,16.7
z_63.0_18.0,2025,1,2025-T1,Stable,53.8,7.9,38.3,53.8
z_63.0_18.0,2025,2,2025-T2,Stable,48.2,14.1,37.7,48.2
z_63.0_18.0,2025,3,2025-T3,Diminution,77.2,3.2,77.2,19.6
z_63.0_18.0,2025,4,2025-T4,Diminution,67.2,2.8,67.2,30.0
z_63.0_18.0,2026,1,2026-T1,Stable,51.2,7.8,41.0,51.2
z_63.0_18.0,2026,2,2026-T2,Diminution,48.5,11.9,48.5,39.6
z_63.0_18.0,2026,3,2026-T3,Diminution,61.9,5.0,61.9,33.0
z_63.0_18.0,2026,4,2026-T4,Diminution,80.0,2.5,80.0,17.5
z_63.0_18.0,2027,1,2027-T1,Diminution,46.2,13.9,46.2,39.9
z_63.0_18.0,2027,2,2027-T2,Diminution,44.0,13.7,44.0,42.3
z_63.0_18.0,2027,3,2027-T3,Diminution,75.3,2.6,75.3,22.1
z_63.0_18.0,2027,4,2027-T4,Diminution,80.0,2.5,80.0,17.5
z_63.0_18.0,2028,1,2028-T1,Diminution,50.8,12.9,50.8,36.3
z_63.0_18.0,2028,2,2028-T2,Diminution,48.6,11.4,48.6,40.0
z_63.0_18.0,2028,3,2028-T3,Diminution,70.7,3.1,70.7,26.1
z_63.0_18.0,2028,4,2028-T4,Diminution,80.0,2.5,80.0,17.5
z_63.0_18.0,2029,1,2029-T1,Diminution,49.1,12.7,49.1,38.2
z_63.0_18.0,2029,2,2029-T2,Diminution,48.6,11.4,48.6,40.0
z_63.0_18.0,2029,3,2029-T3,Diminution,77.2,3.2,77.2,19.6
z_63.0_18.0,2029,4,2029-T4,Diminution,80.0,2.5,80.0,17.5
z_63.0_18.0,2030,1,2030-T1,Diminution,53.7,11.7,53.7,34.6
z_63.0_18.0,2030,2,2030-T2,Diminution,48.6,11.4,48.6,40.0
z_63.0_18.0,2030,3,2030-T3,Diminution,66.9,3.2,66.9,29.9
z_63.0_18.0,2030,4,2030-T4,Diminution,80.0,2.5,80.0,17.5
z_63.0_19.5,2023,1,2023-T1,Diminution,49.4,13.8,49.4,36.8
z_63.0_19.5,2023,2,2023-T2,Diminution,53.3,7.5,53.3,39.2
z_63.0_19.5,2023,3,2023-T3,Stable,44.6,15.4,40.0,44.6
z_63.0_19.5,2023,4,2023-T4,Diminution,44.8,13.3,44.8,41.9
z_63.0_19.5,2024,1,2024-T1,Diminution,42.2,18.5,42.2,39.2
z_63.0_19.5,2024,2,2024-T2,Stable,56.0,10.8,33.2,56.0
z_63.0_19.5,2024,3,2024-T3,Stable,49.6,18.8,31.5,49.6
z_63.0_19.5,2024,4,2024-T4,Stable,45.8,23.0,31.2,45.8
z_63.0_19.5,2025,1,2025-T1,Stable,39.8,21.3,38.9,39.8
z_63.0_19.5,2025,2,2025-T2,Diminution,54.7,7.5,54.7,37.7
z_63.0_19.5,2025,3,2025-T3,Stable,50.9,19.1,30.0,50.9
z_63.0_19.5,2025,4,2025-T4,Stable,45.0,30.9,24.0,45.0
z_63.0_19.5,2026,1,2026-T1,Stable,48.0,23.5,28.5,48.0
z_63.0_19.5,2026,2,2026-T2,Diminution,44.0,12.4,44.0,43.7
z_63.0_19.5,2026,3,2026-T3,Stable,48.7,11.3,40.0,48.7
z_63.0_19.5,2026,4,2026-T4,Stable,41.9,18.0,40.1,41.9
z_63.0_19.5,2027,1,2027-T1,Diminution,47.7,12.8,47.7,39.5
z_63.0_19.5,2027,2,2027-T2,Diminution,54.9,6.8,54.9,38.3
z_63.0_19.5,2027,3,2027-T3,Stable,50.4,12.5,37.1,50.4
z_63.0_19.5,2027,4,2027-T4,Diminution,47.9,15.0,47.9,37.1
z_63.0_19.5,2028,1,2028-T1,Diminution,53.6,12.5,53.6,33.9
z_63.0_19.5,2028,2,2028-T2,Diminution,55.3,5.7,55.3,39.0
z_63.0_19.5,2028,3,2028-T3,Stable,48.4,11.1,40.4,48.4
z_63.0_19.5,2028,4,2028-T4,Diminution,44.9,17.2,44.9,37.9
z_63.0_19.5,2029,1,2029-T1,Diminution,49.3,14.7,49.3,36.0
z_63.0_19.5,2029,2,2029-T2,Diminution,59.7,6.6,59.7,33.7
z_63.0_19.5,2029,3,2029-T3,Diminution,44.2,15.9,44.2,39.9
z_63.0_19.5,2029,4,2029-T4,Diminution,46.8,15.4,46.8,37.8
z_63.0_19.5,2030,1,2030-T1,Diminution,52.2,13.5,52.2,34.2
z_63.0_19.5,2030,2,2030-T2,Diminution,54.3,7.3,54.3,38.4
z_63.0_19.5,2030,3,2030-T3,Stable,42.4,16.2,41.4,42.4
z_63.0_19.5,2030,4,2030-T4,Diminution,46.8,15.4,46.8,37.8
z_63.0_21.0,2023,1,2023-T1,Diminution,45.3,14.3,45.3,40.3
z_63.0_21.0,2023,2,2023-T2,Diminution,69.0,4.4,69.0,26.6
z_63.0_21.0,2023,3,2023-T3,Diminution,71.5,4.5,71.5,24.0
z_63.0_21.0,2023,4,2023-T4,Diminution,46.9,8.6,46.9,44.5
z_63.0_21.0,2024,1,2024-T1,Stable,48.4,23.0,28.7,48.4
z_63.0_21.0,2024,2,2024-T2,Diminution,56.3,9.4,56.3,34.2
z_63.0_21.0,2024,3,2024-T3,Diminution,61.4,7.8,61.4,30.8
z_63.0_21.0,2024,4,2024-T4,Stable,47.8,10.2,42.0,47.8
z_63.0_21.0,2025,1,2025-T1,Diminution,44.4,13.3,44.4,42.3
z_63.0_21.0,2025,2,2025-T2,Diminution,71.3,4.5,71.3,24.1
z_63.0_21.0,2025,3,2025-T3,Diminution,61.1,6.5,61.1,32.4
z_63.0_21.0,2025,4,2025-T4,Stable,49.1,9.0,41.9,49.1
z_63.0_21.0,2026,1,2026-T1,Diminution,47.7,13.5,47.7,38.8
z_63.0_21.0,2026,2,2026-T2,Diminution,71.3,4.5,71.3,24.1
z_63.0_21.0,2026,3,2026-T3,Diminution,59.4,5.7,59.4,34.9
z_63.0_21.0,2026,4,2026-T4,Diminution,54.2,6.4,54.2,39.5
z_63.0_21.0,2027,1,2027-T1,Diminution,47.5,13.9,47.5,38.6
z_63.0_21.0,2027,2,2027-T2,Diminution,69.0,4.4,69.0,26.6
z_63.0_21.0,2027,3,2027-T3,Diminution,63.2,5.4,63.2,31.4
z_63.0_21.0,2027,4,2027-T4,Diminution,55.5,7.1,55.5,37.4
z_63.0_21.0,2028,1,2028-T1,Diminution,52.1,12.2,52.1,35.7
z_63.0_21.0,2028,2,2028-T2,Diminution,69.0,4.4,69.0,26.6
z_63.0_21.0,2028,3,2028-T3,Diminution,57.9,10.1,57.9,32.0
z_63.0_21.0,2028,4,2028-T4,Diminution,51.4,7.3,51.4,41.3
z_63.0_21.0,2029,1,2029-T1,Diminution,52.1,12.2,52.1,35.7
z_63.0_21.0,2029,2,2029-T2,Diminution,69.0,4.4,69.0,26.6
z_63.0_21.0,2029,3,2029-T3,Diminution,58.0,8.6,58.0,33.4
z_63.0_21.0,2029,4,2029-T4,Diminution,57.3,6.7,57.3,36.0
z_63.0_21.0,2030,1,2030-T1,Diminution,52.1,12.2,52.1,35.7
z_63.0_21.0,2030,2,2030-T2,Diminution,69.0,4.4,69.0,26.6
z_63.0_21.0,2030,3,2030-T3,Diminution,59.5,6.0,59.5,34.5
z_63.0_21.0,2030,4,2030-T4,Diminution,57.3,6.7,57.3,36.0
z_63.0_22.5,2023,1,2023-T1,Stable,50.6,19.7,29.7,50.6
z_63.0_22.5,2023,2,2023-T2,Diminution,60.5,10.2,60.5,29.3
z_63.0_22.5,2023,3,2023-T3,Diminution,83.2,3.2,83.2,13.6
z_63.0_22.5,2023,4,2023-T4,Stable,40.1,20.8,39.1,40.1
z_63.0_22.5,2024,1,2024-T1,Stable,54.3,14.4,31.3,54.3
z_63.0_22.5,2024,2,2024-T2,Diminution,60.5,10.2,60.5,29.3
z_63.0_22.5,2024,3,2024-T3,Diminution,56.0,8.0,56.0,36.0
z_63.0_22.5,2024,4,2024-T4,Stable,46.6,21.7,31.7,46.6
z_63.0_22.5,2025,1,2025-T1,Stable,59.4,11.6,29.0,59.4
z_63.0_22.5,2025,2,2025-T2,Diminution,56.0,7.2,56.0,36.8
z_63.0_22.5,2025,3,2025-T3,Diminution,68.5,4.6,68.5,26.9
z_63.0_22.5,2025,4,2025-T4,Diminution,47.4,12.6,47.4,40.0
z_63.0_22.5,2026,1,2026-T1,Diminution,42.0,20.7,42.0,37.3
z_63.0_22.5,2026,2,2026-T2,Diminution,57.2,10.0,57.2,32.8
z_63.0_22.5,2026,3,2026-T3,Diminution,66.3,5.9,66.3,27.9
z_63.0_22.5,2026,4,2026-T4,Diminution,42.3,17.6,42.3,40.1
z_63.0_22.5,2027,1,2027-T1,Diminution,42.7,17.3,42.7,40.0
z_63.0_22.5,2027,2,2027-T2,Diminution,59.6,7.0,59.6,33.4
z_63.0_22.5,2027,3,2027-T3,Diminution,54.3,10.6,54.3,35.1
z_63.0_22.5,2027,4,2027-T4,Diminution,43.0,15.9,43.0,41.1
z_63.0_22.5,2028,1,2028-T1,Diminution,45.5,9.4,45.5,45.1
z_63.0_22.5,2028,2,2028-T2,Diminution,62.6,9.0,62.6,28.3
z_63.0_22.5,2028,3,2028-T3,Diminution,58.2,8.5,58.2,33.2
z_63.0_22.5,2028,4,2028-T4,Stable,51.0,9.2,39.8,51.0
z_63.0_22.5,2029,1,2029-T1,Diminution,45.5,9.4,45.5,45.1
z_63.0_22.5,2029,2,2029-T2,Diminution,59.2,13.2,59.2,27.5
z_63.0_22.5,2029,3,2029-T3,Diminution,61.5,7.9,61.5,30.7
z_63.0_22.5,2029,4,2029-T4,Diminution,47.4,12.6,47.4,40.0
z_63.0_22.5,2030,1,2030-T1,Diminution,45.5,9.4,45.5,45.1
z_63.0_22.5,2030,2,2030-T2,Diminution,62.8,9.3,62.8,27.9
z_63.0_22.5,2030,3,2030-T3,Diminution,88.8,3.4,88.8,7.8
z_63.0_22.5,2030,4,2030-T4,Diminution,43.7,19.8,43.7,36.5
z_63.0_3.0,2023,1,2023-T1,Diminution,89.4,1.3,89.4,9.4
z_63.0_3.0,2023,2,2023-T2,Diminution,87.2,1.3,87.2,11.5
z_63.0_3.0,2023,3,2023-T3,Diminution,75.0,2.0,75.0,23.0
z_63.0_3.0,2023,4,2023-T4,Diminution,80.6,2.5,80.6,16.9
z_63.0_3.0,2024,1,2024-T1,Diminution,86.5,2.0,86.5,11.4
z_63.0_3.0,2024,2,2024-T2,Diminution,82.2,1.3,82.2,16.5
z_63.0_3.0,2024,3,2024-T3,Diminution,89.0,1.5,89.0,9.5
z_63.0_3.0,2024,4,2024-T4,Diminution,89.6,1.5,89.6,9.0
z_63.0_3.0,2025,1,2025-T1,Diminution,89.4,1.3,89.4,9.4
z_63.0_3.0,2025,2,2025-T2,Diminution,84.0,2.7,84.0,13.3
z_63.0_3.0,2025,3,2025-T3,Diminution,89.0,1.5,89.0,9.5
z_63.0_3.0,2025,4,2025-T4,Diminution,89.6,1.5,89.6,9.0
z_63.0_3.0,2026,1,2026-T1,Diminution,89.4,1.3,89.4,9.4
z_63.0_3.0,2026,2,2026-T2,Diminution,75.3,2.0,75.3,22.7
z_63.0_3.0,2026,3,2026-T3,Diminution,89.0,1.5,89.0,9.5
z_63.0_3.0,2026,4,2026-T4,Diminution,89.6,1.5,89.6,9.0
z_63.0_3.0,2027,1,2027-T1,Diminution,89.4,1.3,89.4,9.4
z_63.0_3.0,2027,2,2027-T2,Diminution,84.0,2.5,84.0,13.5
z_63.0_3.0,2027,3,2027-T3,Diminution,89.0,1.5,89.0,9.5
z_63.0_3.0,2027,4,2027-T4,Diminution,89.6,1.5,89.6,9.0
z_63.0_3.0,2028,1,2028-T1,Diminution,89.4,1.3,89.4,9.4
z_63.0_3.0,2028,2,2028-T2,Diminution,70.7,5.4,70.7,23.9
z_63.0_3.0,2028,3,2028-T3,Diminution,89.0,1.5,89.0,9.5
z_63.0_3.0,2028,4,2028-T4,Diminution,89.6,1.5,89.6,9.0
z_63.0_3.0,2029,1,2029-T1,Diminution,89.4,1.3,89.4,9.4
z_63.0_3.0,2029,2,2029-T2,Diminution,87.2,1.3,87.2,11.5
z_63.0_3.0,2029,3,2029-T3,Diminution,89.0,1.5,89.0,9.5
z_63.0_3.0,2029,4,2029-T4,Diminution,89.6,1.5,89.6,9.0
z_63.0_3.0,2030,1,2030-T1,Diminution,89.4,1.3,89.4,9.4
z_63.0_3.0,2030,2,2030-T2,Diminution,87.2,1.3,87.2,11.5
z_63.0_3.0,2030,3,2030-T3,Diminution,89.0,1.5,89.0,9.5
z_63.0_3.0,2030,4,2030-T4,Diminution,89.6,1.5,89.6,9.0
z_63.0_4.5,2023,1,2023-T1,Diminution,58.5,7.4,58.5,34.2
z_63.0_4.5,2023,2,2023-T2,Diminution,67.7,4.8,67.7,27.5
z_63.0_4.5,2023,3,2023-T3,Diminution,61.3,6.5,61.3,32.2
z_63.0_4.5,2023,4,2023-T4,Stable,48.2,14.8,36.9,48.2
z_63.0_4.5,2024,1,2024-T1,Diminution,43.1,18.0,43.1,38.9
z_63.0_4.5,2024,2,2024-T2,Diminution,60.3,7.2,60.3,32.5
z_63.0_4.5,2024,3,2024-T3,Diminution,64.3,5.9,64.3,29.7
z_63.0_4.5,2024,4,2024-T4,Diminution,49.0,13.0,49.0,38.0
z_63.0_4.5,2025,1,2025-T1,Diminution,49.0,10.0,49.0,41.0
z_63.0_4.5,2025,2,2025-T2,Diminution,41.0,20.6,41.0,38.4
z_63.0_4.5,2025,3,2025-T3,Stable,44.6,16.3,39.1,44.6
z_63.0_4.5,2025,4,2025-T4,Diminution,44.9,15.2,44.9,39.9
z_63.0_4.5,2026,1,2026-T1,Stable,43.9,16.4,39.7,43.9
z_63.0_4.5,2026,2,2026-T2,Diminution,67.6,5.0,67.6,27.4
z_63.0_4.5,2026,3,2026-T3,Diminution,58.3,5.9,58.3,35.8
z_63.0_4.5,2026,4,2026-T4,Diminution,60.7,8.1,60.7,31.2
z_63.0_4.5,2027,1,2027-T1,Diminution,50.2,7.8,50.2,42.0
z_63.0_4.5,2027,2,2027-T2,Diminution,66.1,6.3,66.1,27.6
z_63.0_4.5,2027,3,2027-T3,Diminution,61.2,5.8,61.2,33.1
z_63.0_4.5,2027,4,2027-T4,Diminution,60.7,8.1,60.7,31.2
z_63.0_4.5,2028,1,2028-T1,Diminution,53.5,6.5,53.5,40.0
z_63.0_4.5,2028,2,2028-T2,Diminution,55.7,6.4,55.7,38.0
z_63.0_4.5,2028,3,2028-T3,Diminution,55.6,9.7,55.6,34.7
z_63.0_4.5,2028,4,2028-T4,Diminution,60.7,8.1,60.7,31.2
z_63.0_4.5,2029,1,2029-T1,Diminution,54.5,7.1,54.5,38.4
z_63.0_4.5,2029,2,2029-T2,Diminution,67.7,4.8,67.7,27.5
z_63.0_4.5,2029,3,2029-T3,Diminution,56.3,8.3,56.3,35.4
z_63.0_4.5,2029,4,2029-T4,Diminution,60.7,8.1,60.7,31.2
z_63.0_4.5,2030,1,2030-T1,Diminution,49.3,8.9,49.3,41.8
z_63.0_4.5,2030,2,2030-T2,Diminution,67.7,4.8,67.7,27.5
z_63.0_4.5,2030,3,2030-T3,Diminution,58.0,5.9,58.0,36.1
z_63.0_4.5,2030,4,2030-T4,Diminution,60.7,8.1,60.7,31.2
z_63.0_6.0,2023,1,2023-T1,Diminution,70.3,4.3,70.3,25.4
z_63.0_6.0,2023,2,2023-T2,Diminution,65.8,6.6,65.8,27.5
z_63.0_6.0,2023,3,2023-T3,Diminution,64.3,8.1,64.3,27.7
z_63.0_6.0,2023,4,2023-T4,Diminution,80.2,2.5,80.2,17.4
z_63.0_6.0,2024,1,2024-T1,Diminution,79.5,2.5,79.5,18.0
z_63.0_6.0,2024,2,2024-T2,Diminution,65.8,6.6,65.8,27.5
z_63.0_6.0,2024,3,2024-T3,Diminution,59.5,11.8,59.5,28.7
z_63.0_6.0,2024,4,2024-T4,Diminution,80.2,2.5,80.2,17.4
z_63.0_6.0,2025,1,2025-T1,Diminution,66.4,2.6,66.4,31.0
z_63.0_6.0,2025,2,2025-T2,Diminution,59.3,6.7,59.3,34.0
z_63.0_6.0,2025,3,2025-T3,Diminution,64.4,8.5,64.4,27.1
z_63.0_6.0,2025,4,2025-T4,Diminution,76.0,3.0,76.0,21.0
z_63.0_6.0,2026,1,2026-T1,Diminution,79.5,2.5,79.5,18.0
z_63.0_6.0,2026,2,2026-T2,Diminution,65.8,6.6,65.8,27.5
z_63.0_6.0,2026,3,2026-T3,Diminution,65.6,6.9,65.6,27.5
z_63.0_6.0,2026,4,2026-T4,Diminution,74.8,3.5,74.8,21.7
z_63.0_6.0,2027,1,2027-T1,Diminution,79.5,2.5,79.5,18.0
z_63.0_6.0,2027,2,2027-T2,Diminution,65.8,6.6,65.8,27.5
z_63.0_6.0,2027,3,2027-T3,Diminution,65.6,6.9,65.6,27.5
z_63.0_6.0,2027,4,2027-T4,Diminution,71.3,3.2,71.3,25.5
z_63.0_6.0,2028,1,2028-T1,Diminution,79.5,2.5,79.5,18.0
z_63.0_6.0,2028,2,2028-T2,Diminution,65.8,6.6,65.8,27.5
z_63.0_6.0,2028,3,2028-T3,Diminution,65.6,6.9,65.6,27.5
z_63.0_6.0,2028,4,2028-T4,Diminution,78.6,3.7,78.6,17.7
z_63.0_6.0,2029,1,2029-T1,Diminution,79.5,2.5,79.5,18.0
z_63.0_6.0,2029,2,2029-T2,Diminution,65.8,6.6,65.8,27.5
z_63.0_6.0,2029,3,2029-T3,Diminution,65.6,6.9,65.6,27.5
z_63.0_6.0,2029,4,2029-T4,Diminution,70.3,4.4,70.3,25.3
z_63.0_6.0,2030,1,2030-T1,Diminution,79.5,2.5,79.5,18.0
z_63.0_6.0,2030,2,2030-T2,Diminution,65.8,6.6,65.8,27.5
z_63.0_6.0,2030,3,2030-T3,Diminution,65.6,6.9,65.6,27.5
z_63.0_6.0,2030,4,2030-T4,Diminution,80.2,2.5,80.2,17.4
z_63.0_7.5,2023,1,2023-T1,Augmentation,41.1,41.1,17.9,41.0
z_63.0_7.5,2023,2,2023-T2,Augmentation,50.4,50.4,16.5,33.1
z_63.0_7.5,2023,3,2023-T3,Augmentation,53.2,53.2,18.9,27.9
z_63.0_7.5,2023,4,2023-T4,Augmentation,48.9,48.9,18.8,32.4
z_63.0_7.5,2024,1,2024-T1,Augmentation,65.2,65.2,10.5,24.3
z_63.0_7.5,2024,2,2024-T2,Augmentation,59.6,59.6,16.9,23.5
z_63.0_7.5,2024,3,2024-T3,Augmentation,44.4,44.4,24.0,31.6
z_63.0_7.5,2024,4,2024-T4,Augmentation,46.0,46.0,18.7,35.3
z_63.0_7.5,2025,1,2025-T1,Augmentation,60.8,60.8,16.3,22.9
z_63.0_7.5,2025,2,2025-T2,Augmentation,61.4,61.4,14.1,24.5
z_63.0_7.5,2025,3,2025-T3,Augmentation,56.7,56.7,14.7,28.6
z_63.0_7.5,2025,4,2025-T4,Augmentation,56.9,56.9,13.1,30.0
z_63.0_7.5,2026,1,2026-T1,Augmentation,54.0,54.0,18.9,27.1
z_63.0_7.5,2026,2,2026-T2,Augmentation,44.1,44.1,19.7,36.2
z_63.0_7.5,2026,3,2026-T3,Augmentation,45.7,45.7,19.6,34.7
z_63.0_7.5,2026,4,2026-T4,Augmentation,52.8,52.8,17.9,29.4
z_63.0_7.5,2027,1,2027-T1,Augmentation,56.6,56.6,16.6,26.8
z_63.0_7.5,2027,2,2027-T2,Augmentation,58.9,58.9,14.7,26.4
z_63.0_7.5,2027,3,2027-T3,Augmentation,57.7,57.7,15.3,27.0
z_63.0_7.5,2027,4,2027-T4,Augmentation,52.0,52.0,16.1,31.9
z_63.0_7.5,2028,1,2028-T1,Augmentation,57.0,57.0,16.2,26.9
z_63.0_7.5,2028,2,2028-T2,Augmentation,58.7,58.7,15.3,26.0
z_63.0_7.5,2028,3,2028-T3,Augmentation,60.2,60.2,13.5,26.3
z_63.0_7.5,2028,4,2028-T4,Augmentation,53.3,53.3,15.9,30.8
z_63.0_7.5,2029,1,2029-T1,Augmentation,60.2,60.2,14.6,25.2
z_63.0_7.5,2029,2,2029-T2,Augmentation,61.7,61.7,13.5,24.9
z_63.0_7.5,2029,3,2029-T3,Augmentation,57.3,57.3,14.6,28.1
z_63.0_7.5,2029,4,2029-T4,Augmentation,51.8,51.8,17.4,30.8
z_63.0_7.5,2030,1,2030-T1,Augmentation,60.8,60.8,14.6,24.6
z_63.0_7.5,2030,2,2030-T2,Augmentation,62.0,62.0,13.6,24.4
z_63.0_7.5,2030,3,2030-T3,Augmentation,59.5,59.5,14.7,25.9
z_63.0_7.5,2030,4,2030-T4,Augmentation,56.8,56.8,15.3,27.9
z_63.0_9.0,2023,1,2023-T1,Augmentation,68.1,68.1,8.5,23.4
z_63.0_9.0,2023,2,2023-T2,Augmentation,56.6,56.6,13.8,29.6
z_63.0_9.0,2023,3,2023-T3,Augmentation,60.9,60.9,14.8,24.3
z_63.0_9.0,2023,4,2023-T4,Augmentation,38.7,38.7,29.6,31.7
z_63.0_9.0,2024,1,2024-T1,Stable,44.9,39.5,15.7,44.9
z_63.0_9.0,2024,2,2024-T2,Augmentation,35.1,35.1,35.0,29.9
z_63.0_9.0,2024,3,2024-T3,Augmentation,51.3,51.3,19.7,29.0
z_63.0_9.0,2024,4,2024-T4,Augmentation,61.0,61.0,12.8,26.2
z_63.0_9.0,2025,1,2025-T1,Augmentation,52.1,52.1,14.9,33.0
z_63.0_9.0,2025,2,2025-T2,Augmentation,42.2,42.2,16.3,41.5
z_63.0_9.0,2025,3,2025-T3,Augmentation,52.2,52.2,18.9,29.0
z_63.0_9.0,2025,4,2025-T4,Augmentation,51.7,51.7,20.8,27.6
z_63.0_9.0,2026,1,2026-T1,Augmentation,47.2,47.2,13.1,39.8
z_63.0_9.0,2026,2,2026-T2,Augmentation,47.7,47.7,21.2,31.1
z_63.0_9.0,2026,3,2026-T3,Augmentation,58.3,58.3,16.5,25.2
z_63.0_9.0,2026,4,2026-T4,Augmentation,54.3,54.3,19.3,26.5
z_63.0_9.0,2027,1,2027-T1,Augmentation,54.6,54.6,12.2,33.2
z_63.0_9.0,2027,2,2027-T2,Augmentation,47.8,47.8,18.9,33.3
z_63.0_9.0,2027,3,2027-T3,Augmentation,58.3,58.3,15.6,26.2
z_63.0_9.0,2027,4,2027-T4,Augmentation,53.5,53.5,20.3,26.2
z_63.0_9.0,2028,1,2028-T1,Augmentation,60.3,60.3,11.6,28.1
z_63.0_9.0,2028,2,2028-T2,Augmentation,51.9,51.9,16.8,31.3
z_63.0_9.0,2028,3,2028-T3,Augmentation,61.7,61.7,13.6,24.7
z_63.0_9.0,2028,4,2028-T4,Augmentation,59.9,59.9,15.7,24.3
z_63.0_9.0,2029,1,2029-T1,Augmentation,60.8,60.8,11.5,27.7
z_63.0_9.0,2029,2,2029-T2,Augmentation,53.3,53.3,16.2,30.5
z_63.0_9.0,2029,3,2029-T3,Augmentation,64.5,64.5,13.1,22.4
z_63.0_9.0,2029,4,2029-T4,Augmentation,59.1,59.1,15.8,25.1
z_63.0_9.0,2030,1,2030-T1,Augmentation,62.4,62.4,11.0,26.5
z_63.0_9.0,2030,2,2030-T2,Augmentation,55.6,55.6,16.1,28.3
z_63.0_9.0,2030,3,2030-T3,Augmentation,64.0,64.0,13.3,22.7
z_63.0_9.0,2030,4,2030-T4,Augmentation,64.1,64.1,14.2,21.7
z_64.5_-15.0,2023,1,2023-T1,Stable,50.8,21.5,27.7,50.8
z_64.5_-15.0,2023,2,2023-T2,Stable,45.3,11.9,42.8,45.3
z_64.5_-15.0,2023,3,2023-T3,Diminution,46.5,8.6,46.5,44.9
z_64.5_-15.0,2023,4,2023-T4,Diminution,44.5,11.2,44.5,44.3
z_64.5_-15.0,2024,1,2024-T1,Stable,47.2,9.9,42.9,47.2
z_64.5_-15.0,2024,2,2024-T2,Stable,43.4,16.9,39.7,43.4
z_64.5_-15.0,2024,3,2024-T3,Stable,48.8,12.4,38.8,48.8
z_64.5_-15.0,2024,4,2024-T4,Stable,52.6,15.1,32.3,52.6
z_64.5_-15.0,2025,1,2025-T1,Stable,49.6,23.9,26.6,49.6
z_64.5_-15.0,2025,2,2025-T2,Stable,47.9,16.2,35.9,47.9
z_64.5_-15.0,2025,3,2025-T3,Stable,52.3,10.0,37.7,52.3
z_64.5_-15.0,2025,4,2025-T4,Diminution,48.0,9.3,48.0,42.7
z_64.5_-15.0,2026,1,2026-T1,Stable,47.0,9.7,43.3,47.0
z_64.5_-15.0,2026,2,2026-T2,Diminution,56.2,11.7,56.2,32.1
z_64.5_-15.0,2026,3,2026-T3,Diminution,47.1,8.6,47.1,44.3
z_64.5_-15.0,2026,4,2026-T4,Diminution,45.9,10.3,45.9,43.8
z_64.5_-15.0,2027,1,2027-T1,Stable,49.0,10.8,40.2,49.0
z_64.5_-15.0,2027,2,2027-T2,Diminution,50.5,14.0,50.5,35.5
z_64.5_-15.0,2027,3,2027-T3,Stable,50.0,10.1,39.9,50.0
z_64.5_-15.0,2027,4,2027-T4,Stable,46.0,10.5,43.5,46.0
z_64.5_-15.0,2028,1,2028-T1,Diminution,45.9,9.5,45.9,44.6
z_64.5_-15.0,2028,2,2028-T2,Diminution,56.0,12.3,56.0,31.6
z_64.5_-15.0,2028,3,2028-T3,Diminution,46.1,8.5,46.1,45.4
z_64.5_-15.0,2028,4,2028-T4,Diminution,48.6,10.0,48.6,41.4
z_64.5_-15.0,2029,1,2029-T1,Stable,47.4,11.2,41.4,47.4
z_64.5_-15.0,2029,2,2029-T2,Diminution,56.0,12.3,56.0,31.6
z_64.5_-15.0,2029,3,2029-T3,Stable,47.8,11.0,41.2,47.8
z_64.5_-15.0,2029,4,2029-T4,Diminution,44.8,11.4,44.8,43.8
z_64.5_-15.0,2030,1,2030-T1,Stable,46.0,10.1,43.9,46.0
z_64.5_-15.0,2030,2,2030-T2,Diminution,56.0,12.3,56.0,31.6
z_64.5_-15.0,2030,3,2030-T3,Diminution,46.3,9.3,46.3,44.4
z_64.5_-15.0,2030,4,2030-T4,Diminution,47.6,10.2,47.6,42.2
z_64.5_-22.5,2023,1,2023-T1,Diminution,70.1,4.3,70.1,25.6
z_64.5_-22.5,2023,2,2023-T2,Diminution,62.9,7.7,62.9,29.4
z_64.5_-22.5,2023,3,2023-T3,Diminution,61.3,5.2,61.3,33.5
z_64.5_-22.5,2023,4,2023-T4,Diminution,50.3,13.4,50.3,36.4
z_64.5_-22.5,2024,1,2024-T1,Diminution,71.5,4.5,71.5,24.0
z_64.5_-22.5,2024,2,2024-T2,Diminution,56.0,8.7,56.0,35.4
z_64.5_-22.5,2024,3,2024-T3,Diminution,70.5,4.5,70.5,25.0
z_64.5_-22.5,2024,4,2024-T4,Diminution,61.9,7.9,61.9,30.2
z_64.5_-22.5,2025,1,2025-T1,Diminution,70.1,4.3,70.1,25.6
z_64.5_-22.5,2025,2,2025-T2,Diminution,57.4,8.2,57.4,34.4
z_64.5_-22.5,2025,3,2025-T3,Diminution,70.5,4.5,70.5,25.0
z_64.5_-22.5,2025,4,2025-T4,Diminution,61.9,7.9,61.9,30.2
z_64.5_-22.5,2026,1,2026-T1,Diminution,70.1,4.3,70.1,25.6
z_64.5_-22.5,2026,2,2026-T2,Diminution,60.0,7.6,60.0,32.4
z_64.5_-22.5,2026,3,2026-T3,Diminution,70.5,4.5,70.5,25.0
z_64.5_-22.5,2026,4,2026-T4,Diminution,61.9,7.9,61.9,30.2
z_64.5_-22.5,2027,1,2027-T1,Diminution,70.1,4.3,70.1,25.6
z_64.5_-22.5,2027,2,2027-T2,Diminution,60.4,8.4,60.4,31.2
z_64.5_-22.5,2027,3,2027-T3,Diminution,70.5,4.5,70.5,25.0
z_64.5_-22.5,2027,4,2027-T4,Diminution,61.9,7.9,61.9,30.2
z_64.5_-22.5,2028,1,2028-T1,Diminution,70.1,4.3,70.1,25.6
z_64.5_-22.5,2028,2,2028-T2,Diminution,55.3,9.5,55.3,35.1
z_64.5_-22.5,2028,3,2028-T3,Diminution,70.5,4.5,70.5,25.0
z_64.5_-22.5,2028,4,2028-T4,Diminution,61.9,7.9,61.9,30.2
z_64.5_-22.5,2029,1,2029-T1,Diminution,70.1,4.3,70.1,25.6
z_64.5_-22.5,2029,2,2029-T2,Diminution,62.9,7.7,62.9,29.4
z_64.5_-22.5,2029,3,2029-T3,Diminution,70.5,4.5,70.5,25.0
z_64.5_-22.5,2029,4,2029-T4,Diminution,61.9,7.9,61.9,30.2
z_64.5_-22.5,2030,1,2030-T1,Diminution,70.1,4.3,70.1,25.6
z_64.5_-22.5,2030,2,2030-T2,Diminution,62.9,7.7,62.9,29.4
z_64.5_-22.5,2030,3,2030-T3,Diminution,70.5,4.5,70.5,25.0
z_64.5_-22.5,2030,4,2030-T4,Diminution,61.9,7.9,61.9,30.2
z_64.5_-24.0,2023,1,2023-T1,Stable,60.1,19.4,20.5,60.1
z_64.5_-24.0,2023,2,2023-T2,Stable,37.5,26.9,35.6,37.5
z_64.5_-24.0,2023,3,2023-T3,Stable,42.3,40.8,16.8,42.3
z_64.5_-24.0,2023,4,2023-T4,Stable,37.6,30.1,32.3,37.6
z_64.5_-24.0,2024,1,2024-T1,Stable,56.0,27.8,16.2,56.0
z_64.5_-24.0,2024,2,2024-T2,Stable,38.3,26.8,34.8,38.3
z_64.5_-24.0,2024,3,2024-T3,Stable,49.6,22.8,27.6,49.6
z_64.5_-24.0,2024,4,2024-T4,Diminution,64.2,12.9,64.2,22.9
z_64.5_-24.0,2025,1,2025-T1,Stable,46.4,13.6,40.0,46.4
z_64.5_-24.0,2025,2,2025-T2,Diminution,65.4,12.6,65.4,22.1
z_64.5_-24.0,2025,3,2025-T3,Stable,47.8,12.7,39.6,47.8
z_64.5_-24.0,2025,4,2025-T4,Diminution,65.1,11.9,65.1,23.0
z_64.5_-24.0,2026,1,2026-T1,Stable,48.2,14.1,37.7,48.2
z_64.5_-24.0,2026,2,2026-T2,Diminution,68.6,10.9,68.6,20.5
z_64.5_-24.0,2026,3,2026-T3,Stable,44.5,17.0,38.4,44.5
z_64.5_-24.0,2026,4,2026-T4,Diminution,65.3,13.2,65.3,21.5
z_64.5_-24.0,2027,1,2027-T1,Stable,47.8,13.6,38.6,47.8
z_64.5_-24.0,2027,2,2027-T2,Diminution,67.6,10.8,67.6,21.6
z_64.5_-24.0,2027,3,2027-T3,Stable,44.3,14.1,41.6,44.3
z_64.5_-24.0,2027,4,2027-T4,Diminution,65.7,11.2,65.7,23.1
z_64.5_-24.0,2028,1,2028-T1,Stable,48.6,14.0,37.4,48.6
z_64.5_-24.0,2028,2,2028-T2,Diminution,65.9,11.3,65.9,22.8
z_64.5_-24.0,2028,3,2028-T3,Stable,44.3,14.1,41.6,44.3
z_64.5_-24.0,2028,4,2028-T4,Diminution,64.1,12.6,64.1,23.3
z_64.5_-24.0,2029,1,2029-T1,Stable,49.6,11.7,38.7,49.6
z_64.5_-24.0,2029,2,2029-T2,Diminution,67.5,10.8,67.5,21.7
z_64.5_-24.0,2029,3,2029-T3,Stable,44.3,14.1,41.6,44.3
z_64.5_-24.0,2029,4,2029-T4,Diminution,65.1,12.5,65.1,22.3
z_64.5_-24.0,2030,1,2030-T1,Stable,49.6,11.7,38.7,49.6
z_64.5_-24.0,2030,2,2030-T2,Diminution,67.5,10.8,67.5,21.7
z_64.5_-24.0,2030,3,2030-T3,Stable,44.3,14.1,41.6,44.3
z_64.5_-24.0,2030,4,2030-T4,Diminution,65.1,12.5,65.1,22.3
z_64.5_-25.5,2023,1,2023-T1,Stable,50.9,19.2,30.0,50.9
z_64.5_-25.5,2023,2,2023-T2,Stable,41.0,27.4,31.6,41.0
z_64.5_-25.5,2023,3,2023-T3,Stable,45.2,21.5,33.3,45.2
z_64.5_-25.5,2023,4,2023-T4,Stable,44.5,23.8,31.8,44.5
z_64.5_-25.5,2024,1,2024-T1,Stable,49.1,18.5,32.4,49.1
z_64.5_-25.5,2024,2,2024-T2,Stable,50.7,23.0,26.2,50.7
z_64.5_-25.5,2024,3,2024-T3,Stable,49.9,21.2,29.0,49.9
z_64.5_-25.5,2024,4,2024-T4,Stable,45.3,29.3,25.4,45.3
z_64.5_-25.5,2025,1,2025-T1,Stable,49.5,12.9,37.6,49.5
z_64.5_-25.5,2025,2,2025-T2,Stable,50.9,12.9,36.2,50.9
z_64.5_-25.5,2025,3,2025-T3,Stable,44.0,15.3,40.6,44.0
z_64.5_-25.5,2025,4,2025-T4,Diminution,46.9,14.9,46.9,38.3
z_64.5_-25.5,2026,1,2026-T1,Stable,50.7,10.9,38.4,50.7
z_64.5_-25.5,2026,2,2026-T2,Stable,51.2,12.5,36.3,51.2
z_64.5_-25.5,2026,3,2026-T3,Stable,43.8,13.2,43.0,43.8
z_64.5_-25.5,2026,4,2026-T4,Diminution,46.1,15.3,46.1,38.7
z_64.5_-25.5,2027,1,2027-T1,Stable,50.9,12.9,36.2,50.9
z_64.5_-25.5,2027,2,2027-T2,Stable,42.5,18.4,39.1,42.5
z_64.5_-25.5,2027,3,2027-T3,Stable,43.8,13.2,43.0,43.8
z_64.5_-25.5,2027,4,2027-T4,Diminution,46.1,16.8,46.1,37.0
z_64.5_-25.5,2028,1,2028-T1,Stable,51.5,10.4,38.1,51.5
z_64.5_-25.5,2028,2,2028-T2,Stable,43.0,17.2,39.7,43.0
z_64.5_-25.5,2028,3,2028-T3,Stable,43.8,13.2,43.0,43.8
z_64.5_-25.5,2028,4,2028-T4,Diminution,48.2,15.4,48.2,36.3
z_64.5_-25.5,2029,1,2029-T1,Stable,50.4,12.0,37.5,50.4
z_64.5_-25.5,2029,2,2029-T2,Stable,44.3,15.4,40.3,44.3
z_64.5_-25.5,2029,3,2029-T3,Stable,43.8,13.2,43.0,43.8
z_64.5_-25.5,2029,4,2029-T4,Diminution,48.2,15.4,48.2,36.3
z_64.5_-25.5,2030,1,2030-T1,Stable,51.1,11.0,37.9,51.1
z_64.5_-25.5,2030,2,2030-T2,Stable,43.6,12.8,43.5,43.6
z_64.5_-25.5,2030,3,2030-T3,Stable,43.8,13.2,43.0,43.8
z_64.5_-25.5,2030,4,2030-T4,Diminution,48.2,15.4,48.2,36.3
z_64.5_-37.5,2023,1,2023-T1,Diminution,67.7,5.3,67.7,27.0
z_64.5_-37.5,2023,2,2023-T2,Diminution,65.3,5.0,65.3,29.7
z_64.5_-37.5,2023,3,2023-T3,Diminution,67.8,5.3,67.8,26.9
z_64.5_-37.5,2023,4,2023-T4,Diminution,59.2,6.6,59.2,34.2
z_64.5_-37.5,2024,1,2024-T1,Diminution,59.6,6.0,59.6,34.3
z_64.5_-37.5,2024,2,2024-T2,Diminution,68.0,5.1,68.0,26.9
z_64.5_-37.5,2024,3,2024-T3,Diminution,61.9,5.8,61.9,32.3
z_64.5_-37.5,2024,4,2024-T4,Diminution,68.1,5.8,68.1,26.0
z_64.5_-37.5,2025,1,2025-T1,Diminution,67.7,5.3,67.7,27.0
z_64.5_-37.5,2025,2,2025-T2,Diminution,65.3,5.0,65.3,29.7
z_64.5_-37.5,2025,3,2025-T3,Diminution,63.8,6.3,63.8,29.8
z_64.5_-37.5,2025,4,2025-T4,Diminution,68.1,5.8,68.1,26.0
z_64.5_-37.5,2026,1,2026-T1,Diminution,67.7,5.3,67.7,27.0
z_64.5_-37.5,2026,2,2026-T2,Diminution,65.3,5.0,65.3,29.7
z_64.5_-37.5,2026,3,2026-T3,Diminution,65.4,5.1,65.4,29.5
z_64.5_-37.5,2026,4,2026-T4,Diminution,68.1,5.8,68.1,26.0
z_64.5_-37.5,2027,1,2027-T1,Diminution,67.7,5.3,67.7,27.0
z_64.5_-37.5,2027,2,2027-T2,Diminution,65.3,5.0,65.3,29.7
z_64.5_-37.5,2027,3,2027-T3,Diminution,66.5,5.8,66.5,27.7
z_64.5_-37.5,2027,4,2027-T4,Diminution,68.1,5.8,68.1,26.0
z_64.5_-37.5,2028,1,2028-T1,Diminution,67.7,5.3,67.7,27.0
z_64.5_-37.5,2028,2,2028-T2,Diminution,65.3,5.0,65.3,29.7
z_64.5_-37.5,2028,3,2028-T3,Diminution,60.0,6.0,60.0,34.0
z_64.5_-37.5,2028,4,2028-T4,Diminution,68.1,5.8,68.1,26.0
z_64.5_-37.5,2029,1,2029-T1,Diminution,67.7,5.3,67.7,27.0
z_64.5_-37.5,2029,2,2029-T2,Diminution,65.3,5.0,65.3,29.7
z_64.5_-37.5,2029,3,2029-T3,Diminution,67.8,5.3,67.8,26.9
z_64.5_-37.5,2029,4,2029-T4,Diminution,68.1,5.8,68.1,26.0
z_64.5_-37.5,2030,1,2030-T1,Diminution,67.7,5.3,67.7,27.0
z_64.5_-37.5,2030,2,2030-T2,Diminution,65.3,5.0,65.3,29.7
z_64.5_-37.5,2030,3,2030-T3,Diminution,67.8,5.3,67.8,26.9
z_64.5_-37.5,2030,4,2030-T4,Diminution,68.1,5.8,68.1,26.0
z_64.5_10.5,2023,1,2023-T1,Diminution,51.8,22.2,51.8,26.0
z_64.5_10.5,2023,2,2023-T2,Stable,46.2,31.9,22.0,46.2
z_64.5_10.5,2023,3,2023-T3,Augmentation,41.6,41.6,18.9,39.5
z_64.5_10.5,2023,4,2023-T4,Stable,43.5,42.4,14.1,43.5
z_64.5_10.5,2024,1,2024-T1,Stable,36.6,31.4,32.0,36.6
z_64.5_10.5,2024,2,2024-T2,Augmentation,47.7,47.7,12.0,40.3
z_64.5_10.5,2024,3,2024-T3,Augmentation,43.3,43.3,15.6,41.1
z_64.5_10.5,2024,4,2024-T4,Stable,53.2,32.4,14.4,53.2
z_64.5_10.5,2025,1,2025-T1,Augmentation,39.4,39.4,21.7,38.8
z_64.5_10.5,2025,2,2025-T2,Stable,45.8,40.9,13.3,45.8
z_64.5_10.5,2025,3,2025-T3,Stable,51.8,31.7,16.4,51.8
z_64.5_10.5,2025,4,2025-T4,Stable,49.4,33.4,17.2,49.4
z_64.5_10.5,2026,1,2026-T1,Augmentation,38.4,38.4,26.2,35.5
z_64.5_10.5,2026,2,2026-T2,Stable,52.3,32.2,15.5,52.3
z_64.5_10.5,2026,3,2026-T3,Stable,51.6,32.1,16.2,51.6
z_64.5_10.5,2026,4,2026-T4,Stable,49.8,34.5,15.8,49.8
z_64.5_10.5,2027,1,2027-T1,Augmentation,40.5,40.5,22.5,37.0
z_64.5_10.5,2027,2,2027-T2,Stable,51.4,34.9,13.6,51.4
z_64.5_10.5,2027,3,2027-T3,Stable,53.0,31.3,15.7,53.0
z_64.5_10.5,2027,4,2027-T4,Stable,51.6,32.3,16.0,51.6
z_64.5_10.5,2028,1,2028-T1,Augmentation,40.7,40.7,21.0,38.3
z_64.5_10.5,2028,2,2028-T2,Stable,52.8,32.1,15.1,52.8
z_64.5_10.5,2028,3,2028-T3,Stable,53.3,31.6,15.1,53.3
z_64.5_10.5,2028,4,2028-T4,Stable,51.7,34.4,13.9,51.7
z_64.5_10.5,2029,1,2029-T1,Stable,39.9,36.4,23.7,39.9
z_64.5_10.5,2029,2,2029-T2,Stable,52.9,31.8,15.4,52.9
z_64.5_10.5,2029,3,2029-T3,Stable,53.3,31.6,15.1,53.3
z_64.5_10.5,2029,4,2029-T4,Stable,53.3,32.1,14.7,53.3
z_64.5_10.5,2030,1,2030-T1,Stable,39.2,36.2,24.5,39.2
z_64.5_10.5,2030,2,2030-T2,Stable,52.9,31.7,15.4,52.9
z_64.5_10.5,2030,3,2030-T3,Stable,53.4,31.4,15.2,53.4
z_64.5_10.5,2030,4,2030-T4,Stable,53.4,31.6,15.1,53.4
z_64.5_12.0,2023,1,2023-T1,Stable,52.5,27.8,19.8,52.5
z_64.5_12.0,2023,2,2023-T2,Stable,54.0,27.6,18.4,54.0
z_64.5_12.0,2023,3,2023-T3,Stable,51.5,25.8,22.7,51.5
z_64.5_12.0,2023,4,2023-T4,Stable,56.3,26.4,17.3,56.3
z_64.5_12.0,2024,1,2024-T1,Stable,53.3,29.4,17.4,53.3
z_64.5_12.0,2024,2,2024-T2,Stable,53.5,28.3,18.2,53.5
z_64.5_12.0,2024,3,2024-T3,Stable,50.3,31.3,18.4,50.3
z_64.5_12.0,2024,4,2024-T4,Augmentation,42.3,42.3,17.4,40.3
z_64.5_12.0,2025,1,2025-T1,Stable,45.5,41.1,13.4,45.5
z_64.5_12.0,2025,2,2025-T2,Augmentation,50.4,50.4,12.7,36.9
z_64.5_12.0,2025,3,2025-T3,Stable,50.8,37.5,11.8,50.8
z_64.5_12.0,2025,4,2025-T4,Stable,54.2,33.0,12.8,54.2
z_64.5_12.0,2026,1,2026-T1,Stable,55.8,28.7,15.4,55.8
z_64.5_12.0,2026,2,2026-T2,Stable,52.2,33.4,14.4,52.2
z_64.5_12.0,2026,3,2026-T3,Stable,53.5,29.8,16.7,53.5
z_64.5_12.0,2026,4,2026-T4,Stable,50.7,34.6,14.7,50.7
z_64.5_12.0,2027,1,2027-T1,Stable,53.6,31.6,14.8,53.6
z_64.5_12.0,2027,2,2027-T2,Stable,53.3,31.1,15.6,53.3
z_64.5_12.0,2027,3,2027-T3,Stable,55.5,29.2,15.2,55.5
z_64.5_12.0,2027,4,2027-T4,Stable,52.5,31.8,15.7,52.5
z_64.5_12.0,2028,1,2028-T1,Stable,53.8,30.3,15.9,53.8
z_64.5_12.0,2028,2,2028-T2,Stable,53.9,32.4,13.8,53.9
z_64.5_12.0,2028,3,2028-T3,Stable,54.7,29.8,15.5,54.7
z_64.5_12.0,2028,4,2028-T4,Stable,52.7,33.1,14.2,52.7
z_64.5_12.0,2029,1,2029-T1,Stable,54.6,31.6,13.8,54.6
z_64.5_12.0,2029,2,2029-T2,Stable,55.1,30.4,14.5,55.1
z_64.5_12.0,2029,3,2029-T3,Stable,55.7,29.0,15.3,55.7
z_64.5_12.0,2029,4,2029-T4,Stable,55.1,31.6,13.3,55.1
z_64.5_12.0,2030,1,2030-T1,Stable,56.0,29.3,14.7,56.0
z_64.5_12.0,2030,2,2030-T2,Stable,55.9,29.5,14.6,55.9
z_64.5_12.0,2030,3,2030-T3,Stable,56.1,28.9,14.9,56.1
z_64.5_12.0,2030,4,2030-T4,Stable,56.4,28.9,14.7,56.4
z_64.5_21.0,2023,1,2023-T1,Stable,52.6,32.6,14.9,52.6
z_64.5_21.0,2023,2,2023-T2,Stable,49.7,28.1,22.2,49.7
z_64.5_21.0,2023,3,2023-T3,Stable,55.3,26.8,17.9,55.3
z_64.5_21.0,2023,4,2023-T4,Stable,51.2,27.3,21.5,51.2
z_64.5_21.0,2024,1,2024-T1,Stable,56.8,18.3,24.8,56.8
z_64.5_21.0,2024,2,2024-T2,Stable,50.8,17.3,31.8,50.8
z_64.5_21.0,2024,3,2024-T3,Stable,54.6,25.8,19.6,54.6
z_64.5_21.0,2024,4,2024-T4,Stable,45.9,38.6,15.5,45.9
z_64.5_21.0,2025,1,2025-T1,Stable,50.9,32.4,16.7,50.9
z_64.5_21.0,2025,2,2025-T2,Stable,53.3,29.9,16.8,53.3
z_64.5_21.0,2025,3,2025-T3,Stable,52.7,30.2,17.2,52.7
z_64.5_21.0,2025,4,2025-T4,Stable,52.6,29.2,18.1,52.6
z_64.5_21.0,2026,1,2026-T1,Stable,54.6,28.5,16.9,54.6
z_64.5_21.0,2026,2,2026-T2,Stable,52.6,30.2,17.3,52.6
z_64.5_21.0,2026,3,2026-T3,Stable,47.3,35.4,17.3,47.3
z_64.5_21.0,2026,4,2026-T4,Stable,53.4,28.1,18.4,53.4
z_64.5_21.0,2027,1,2027-T1,Stable,57.8,25.7,16.5,57.8
z_64.5_21.0,2027,2,2027-T2,Stable,50.2,31.1,18.7,50.2
z_64.5_21.0,2027,3,2027-T3,Stable,45.9,36.6,17.5,45.9
z_64.5_21.0,2027,4,2027-T4,Stable,54.6,27.7,17.7,54.6
z_64.5_21.0,2028,1,2028-T1,Stable,59.8,24.2,16.0,59.8
z_64.5_21.0,2028,2,2028-T2,Stable,57.8,24.3,17.9,57.8
z_64.5_21.0,2028,3,2028-T3,Stable,53.9,29.2,16.9,53.9
z_64.5_21.0,2028,4,2028-T4,Stable,54.7,26.8,18.5,54.7
z_64.5_21.0,2029,1,2029-T1,Stable,61.0,22.5,16.5,61.0
z_64.5_21.0,2029,2,2029-T2,Stable,52.6,29.9,17.5,52.6
z_64.5_21.0,2029,3,2029-T3,Stable,53.9,29.8,16.3,53.9
z_64.5_21.0,2029,4,2029-T4,Stable,54.5,27.9,17.6,54.5
z_64.5_21.0,2030,1,2030-T1,Stable,60.1,23.1,16.7,60.1
z_64.5_21.0,2030,2,2030-T2,Stable,55.8,26.3,17.9,55.8
z_64.5_21.0,2030,3,2030-T3,Stable,52.7,31.0,16.3,52.7
z_64.5_21.0,2030,4,2030-T4,Stable,56.3,25.9,17.8,56.3
z_64.5_22.5,2023,1,2023-T1,Diminution,51.3,15.4,51.3,33.3
z_64.5_22.5,2023,2,2023-T2,Diminution,52.5,7.2,52.5,40.3
z_64.5_22.5,2023,3,2023-T3,Diminution,43.4,16.3,43.4,40.3
z_64.5_22.5,2023,4,2023-T4,Diminution,71.3,4.0,71.3,24.7
z_64.5_22.5,2024,1,2024-T1,Diminution,56.7,10.0,56.7,33.2
z_64.5_22.5,2024,2,2024-T2,Diminution,65.3,3.0,65.3,31.7
z_64.5_22.5,2024,3,2024-T3,Diminution,55.6,6.7,55.6,37.7
z_64.5_22.5,2024,4,2024-T4,Diminution,69.4,3.6,69.4,27.1
z_64.5_22.5,2025,1,2025-T1,Diminution,58.5,11.1,58.5,30.4
z_64.5_22.5,2025,2,2025-T2,Diminution,65.3,3.0,65.3,31.7
z_64.5_22.5,2025,3,2025-T3,Diminution,55.4,6.8,55.4,37.8
z_64.5_22.5,2025,4,2025-T4,Diminution,69.4,3.6,69.4,27.1
z_64.5_22.5,2026,1,2026-T1,Diminution,57.1,13.5,57.1,29.3
z_64.5_22.5,2026,2,2026-T2,Diminution,65.3,3.0,65.3,31.7
z_64.5_22.5,2026,3,2026-T3,Diminution,61.5,7.7,61.5,30.8
z_64.5_22.5,2026,4,2026-T4,Diminution,69.4,3.6,69.4,27.1
z_64.5_22.5,2027,1,2027-T1,Diminution,55.6,15.0,55.6,29.4
z_64.5_22.5,2027,2,2027-T2,Diminution,65.3,3.0,65.3,31.7
z_64.5_22.5,2027,3,2027-T3,Diminution,56.9,8.5,56.9,34.6
z_64.5_22.5,2027,4,2027-T4,Diminution,69.4,3.6,69.4,27.1
z_64.5_22.5,2028,1,2028-T1,Diminution,58.1,15.5,58.1,26.5
z_64.5_22.5,2028,2,2028-T2,Diminution,65.3,3.0,65.3,31.7
z_64.5_22.5,2028,3,2028-T3,Diminution,62.7,7.2,62.7,30.1
z_64.5_22.5,2028,4,2028-T4,Diminution,69.4,3.6,69.4,27.1
z_64.5_22.5,2029,1,2029-T1,Diminution,60.4,16.7,60.4,23.0
z_64.5_22.5,2029,2,2029-T2,Diminution,65.3,3.0,65.3,31.7
z_64.5_22.5,2029,3,2029-T3,Diminution,62.7,7.2,62.7,30.1
z_64.5_22.5,2029,4,2029-T4,Diminution,69.4,3.6,69.4,27.1
z_64.5_22.5,2030,1,2030-T1,Diminution,60.4,16.7,60.4,23.0
z_64.5_22.5,2030,2,2030-T2,Diminution,65.3,3.0,65.3,31.7
z_64.5_22.5,2030,3,2030-T3,Diminution,62.7,7.2,62.7,30.1
z_64.5_22.5,2030,4,2030-T4,Diminution,69.4,3.6,69.4,27.1
z_64.5_24.0,2023,1,2023-T1,Augmentation,41.0,41.0,24.4,34.6
z_64.5_24.0,2023,2,2023-T2,Stable,54.3,27.7,18.1,54.3
z_64.5_24.0,2023,3,2023-T3,Stable,58.5,22.5,18.9,58.5
z_64.5_24.0,2023,4,2023-T4,Stable,53.1,23.3,23.5,53.1
z_64.5_24.0,2024,1,2024-T1,Diminution,60.1,16.9,60.1,22.9
z_64.5_24.0,2024,2,2024-T2,Stable,53.2,23.6,23.2,53.2
z_64.5_24.0,2024,3,2024-T3,Stable,47.6,37.5,15.0,47.6
z_64.5_24.0,2024,4,2024-T4,Stable,54.9,26.9,18.2,54.9
z_64.5_24.0,2025,1,2025-T1,Stable,39.5,26.1,34.4,39.5
z_64.5_24.0,2025,2,2025-T2,Stable,47.9,34.2,17.9,47.9
z_64.5_24.0,2025,3,2025-T3,Stable,49.3,31.8,18.8,49.3
z_64.5_24.0,2025,4,2025-T4,Stable,47.2,21.1,31.7,47.2
z_64.5_24.0,2026,1,2026-T1,Diminution,50.9,14.6,50.9,34.5
z_64.5_24.0,2026,2,2026-T2,Stable,49.0,15.3,35.7,49.0
z_64.5_24.0,2026,3,2026-T3,Stable,50.4,15.2,34.4,50.4
z_64.5_24.0,2026,4,2026-T4,Diminution,40.2,19.9,40.2,39.8
z_64.5_24.0,2027,1,2027-T1,Diminution,59.1,13.5,59.1,27.4
z_64.5_24.0,2027,2,2027-T2,Stable,41.2,22.2,36.6,41.2
z_64.5_24.0,2027,3,2027-T3,Stable,45.6,18.3,36.1,45.6
z_64.5_24.0,2027,4,2027-T4,Stable,41.6,16.9,41.4,41.6
z_64.5_24.0,2028,1,2028-T1,Diminution,61.2,13.0,61.2,25.8
z_64.5_24.0,2028,2,2028-T2,Stable,45.6,15.1,39.4,45.6
z_64.5_24.0,2028,3,2028-T3,Stable,49.6,11.7,38.7,49.6
z_64.5_24.0,2028,4,2028-T4,Stable,41.6,16.9,41.4,41.6
z_64.5_24.0,2029,1,2029-T1,Diminution,58.2,15.0,58.2,26.8
z_64.5_24.0,2029,2,2029-T2,Stable,42.6,17.3,40.1,42.6
z_64.5_24.0,2029,3,2029-T3,Stable,47.3,13.7,39.0,47.3
z_64.5_24.0,2029,4,2029-T4,Stable,41.6,16.9,41.4,41.6
z_64.5_24.0,2030,1,2030-T1,Diminution,57.7,16.5,57.7,25.7
z_64.5_24.0,2030,2,2030-T2,Stable,43.6,15.2,41.2,43.6
z_64.5_24.0,2030,3,2030-T3,Stable,47.6,12.1,40.3,47.6
z_64.5_24.0,2030,4,2030-T4,Stable,41.6,16.9,41.4,41.6
z_64.5_7.5,2023,1,2023-T1,Diminution,82.2,2.0,82.2,15.8
z_64.5_7.5,2023,2,2023-T2,Diminution,65.2,2.2,65.2,32.6
z_64.5_7.5,2023,3,2023-T3,Diminution,82.8,2.7,82.8,14.5
z_64.5_7.5,2023,4,2023-T4,Diminution,82.3,3.0,82.3,14.7
z_64.5_7.5,2024,1,2024-T1,Diminution,77.7,3.2,77.7,19.1
z_64.5_7.5,2024,2,2024-T2,Diminution,79.4,2.0,79.4,18.6
z_64.5_7.5,2024,3,2024-T3,Diminution,78.1,2.7,78.1,19.3
z_64.5_7.5,2024,4,2024-T4,Diminution,75.0,3.1,75.0,21.9
z_64.5_7.5,2025,1,2025-T1,Diminution,76.2,2.9,76.2,20.9
z_64.5_7.5,2025,2,2025-T2,Diminution,73.9,2.4,73.9,23.7
z_64.5_7.5,2025,3,2025-T3,Diminution,89.6,1.9,89.6,8.4
z_64.5_7.5,2025,4,2025-T4,Diminution,82.9,2.1,82.9,15.0
z_64.5_7.5,2026,1,2026-T1,Diminution,74.2,2.9,74.2,22.9
z_64.5_7.5,2026,2,2026-T2,Diminution,76.6,2.5,76.6,20.8
z_64.5_7.5,2026,3,2026-T3,Diminution,89.6,1.9,89.6,8.4
z_64.5_7.5,2026,4,2026-T4,Diminution,82.9,2.1,82.9,15.0
z_64.5_7.5,2027,1,2027-T1,Diminution,80.0,2.8,80.0,17.3
z_64.5_7.5,2027,2,2027-T2,Diminution,72.2,3.0,72.2,24.8
z_64.5_7.5,2027,3,2027-T3,Diminution,89.6,1.9,89.6,8.4
z_64.5_7.5,2027,4,2027-T4,Diminution,82.9,2.1,82.9,15.0
z_64.5_7.5,2028,1,2028-T1,Diminution,71.1,3.8,71.1,25.1
z_64.5_7.5,2028,2,2028-T2,Diminution,77.0,3.4,77.0,19.6
z_64.5_7.5,2028,3,2028-T3,Diminution,89.6,1.9,89.6,8.4
z_64.5_7.5,2028,4,2028-T4,Diminution,82.9,2.1,82.9,15.0
z_64.5_7.5,2029,1,2029-T1,Diminution,82.2,2.0,82.2,15.8
z_64.5_7.5,2029,2,2029-T2,Diminution,67.2,4.3,67.2,28.6
z_64.5_7.5,2029,3,2029-T3,Diminution,89.6,1.9,89.6,8.4
z_64.5_7.5,2029,4,2029-T4,Diminution,82.9,2.1,82.9,15.0
z_64.5_7.5,2030,1,2030-T1,Diminution,82.2,2.0,82.2,15.8
z_64.5_7.5,2030,2,2030-T2,Diminution,79.4,2.0,79.4,18.6
z_64.5_7.5,2030,3,2030-T3,Diminution,89.6,1.9,89.6,8.4
z_64.5_7.5,2030,4,2030-T4,Diminution,82.9,2.1,82.9,15.0
z_64.5_9.0,2023,1,2023-T1,Diminution,59.9,12.3,59.9,27.7
z_64.5_9.0,2023,2,2023-T2,Diminution,59.9,12.2,59.9,27.9
z_64.5_9.0,2023,3,2023-T3,Diminution,78.4,2.3,78.4,19.3
z_64.5_9.0,2023,4,2023-T4,Diminution,67.8,6.7,67.8,25.6
z_64.5_9.0,2024,1,2024-T1,Diminution,51.0,17.4,51.0,31.6
z_64.5_9.0,2024,2,2024-T2,Diminution,55.9,10.5,55.9,33.7
z_64.5_9.0,2024,3,2024-T3,Diminution,78.4,2.8,78.4,18.8
z_64.5_9.0,2024,4,2024-T4,Diminution,60.9,5.9,60.9,33.2
z_64.5_9.0,2025,1,2025-T1,Diminution,56.1,12.4,56.1,31.5
z_64.5_9.0,2025,2,2025-T2,Diminution,61.9,6.6,61.9,31.5
z_64.5_9.0,2025,3,2025-T3,Diminution,78.4,2.8,78.4,18.8
z_64.5_9.0,2025,4,2025-T4,Stable,49.7,8.6,41.7,49.7
z_64.5_9.0,2026,1,2026-T1,Diminution,57.6,10.7,57.6,31.7
z_64.5_9.0,2026,2,2026-T2,Diminution,66.9,7.8,66.9,25.4
z_64.5_9.0,2026,3,2026-T3,Diminution,74.3,2.5,74.3,23.2
z_64.5_9.0,2026,4,2026-T4,Diminution,51.3,6.3,51.3,42.4
z_64.5_9.0,2027,1,2027-T1,Diminution,61.4,11.0,61.4,27.6
z_64.5_9.0,2027,2,2027-T2,Diminution,68.8,6.1,68.8,25.0
z_64.5_9.0,2027,3,2027-T3,Diminution,74.5,3.6,74.5,21.9
z_64.5_9.0,2027,4,2027-T4,Diminution,57.4,6.9,57.4,35.7
z_64.5_9.0,2028,1,2028-T1,Diminution,61.4,11.0,61.4,27.6
z_64.5_9.0,2028,2,2028-T2,Diminution,68.8,6.1,68.8,25.0
z_64.5_9.0,2028,3,2028-T3,Diminution,69.6,3.4,69.6,27.1
z_64.5_9.0,2028,4,2028-T4,Diminution,59.6,10.9,59.6,29.4
z_64.5_9.0,2029,1,2029-T1,Diminution,61.4,11.0,61.4,27.6
z_64.5_9.0,2029,2,2029-T2,Diminution,68.8,6.1,68.8,25.0
z_64.5_9.0,2029,3,2029-T3,Diminution,76.5,3.7,76.5,19.9
z_64.5_9.0,2029,4,2029-T4,Diminution,61.2,9.5,61.2,29.3
z_64.5_9.0,2030,1,2030-T1,Diminution,61.4,11.0,61.4,27.6
z_64.5_9.0,2030,2,2030-T2,Diminution,68.8,6.1,68.8,25.0
z_64.5_9.0,2030,3,2030-T3,Diminution,65.8,4.8,65.8,29.4
z_64.5_9.0,2030,4,2030-T4,Diminution,67.8,6.7,67.8,25.6
z_66.0_-13.5,2023,1,2023-T1,Diminution,65.6,4.6,65.6,29.8
z_66.0_-13.5,2023,2,2023-T2,Diminution,66.4,6.2,66.4,27.3
z_66.0_-13.5,2023,3,2023-T3,Diminution,70.7,4.9,70.7,24.5
z_66.0_-13.5,2023,4,2023-T4,Diminution,62.2,7.0,62.2,30.8
z_66.0_-13.5,2024,1,2024-T1,Diminution,60.4,6.4,60.4,33.3
z_66.0_-13.5,2024,2,2024-T2,Diminution,59.4,6.6,59.4,34.0
z_66.0_-13.5,2024,3,2024-T3,Diminution,64.7,6.0,64.7,29.3
z_66.0_-13.5,2024,4,2024-T4,Diminution,59.8,6.0,59.8,34.1
z_66.0_-13.5,2025,1,2025-T1,Diminution,60.0,5.4,60.0,34.6
z_66.0_-13.5,2025,2,2025-T2,Diminution,68.0,4.7,68.0,27.3
z_66.0_-13.5,2025,3,2025-T3,Diminution,66.4,5.7,66.4,27.9
z_66.0_-13.5,2025,4,2025-T4,Diminution,71.0,5.3,71.0,23.7
z_66.0_-13.5,2026,1,2026-T1,Diminution,71.0,4.7,71.0,24.3
z_66.0_-13.5,2026,2,2026-T2,Diminution,68.0,4.7,68.0,27.3
z_66.0_-13.5,2026,3,2026-T3,Diminution,66.8,4.6,66.8,28.6
z_66.0_-13.5,2026,4,2026-T4,Diminution,71.0,5.3,71.0,23.7
z_66.0_-13.5,2027,1,2027-T1,Diminution,71.0,4.7,71.0,24.3
z_66.0_-13.5,2027,2,2027-T2,Diminution,68.0,4.7,68.0,27.3
z_66.0_-13.5,2027,3,2027-T3,Diminution,68.7,5.7,68.7,25.6
z_66.0_-13.5,2027,4,2027-T4,Diminution,71.0,5.3,71.0,23.7
z_66.0_-13.5,2028,1,2028-T1,Diminution,71.0,4.7,71.0,24.3
z_66.0_-13.5,2028,2,2028-T2,Diminution,68.0,4.7,68.0,27.3
z_66.0_-13.5,2028,3,2028-T3,Diminution,58.9,5.9,58.9,35.2
z_66.0_-13.5,2028,4,2028-T4,Diminution,71.0,5.3,71.0,23.7
z_66.0_-13.5,2029,1,2029-T1,Diminution,71.0,4.7,71.0,24.3
z_66.0_-13.5,2029,2,2029-T2,Diminution,68.0,4.7,68.0,27.3
z_66.0_-13.5,2029,3,2029-T3,Diminution,70.7,4.9,70.7,24.5
z_66.0_-13.5,2029,4,2029-T4,Diminution,71.0,5.3,71.0,23.7
z_66.0_-13.5,2030,1,2030-T1,Diminution,71.0,4.7,71.0,24.3
z_66.0_-13.5,2030,2,2030-T2,Diminution,68.0,4.7,68.0,27.3
z_66.0_-13.5,2030,3,2030-T3,Diminution,70.7,4.9,70.7,24.5
z_66.0_-13.5,2030,4,2030-T4,Diminution,71.0,5.3,71.0,23.7
z_66.0_-18.0,2023,1,2023-T1,Stable,50.1,8.1,41.8,50.1
z_66.0_-18.0,2023,2,2023-T2,Diminution,64.2,9.0,64.2,26.8
z_66.0_-18.0,2023,3,2023-T3,Stable,48.2,13.3,38.5,48.2
z_66.0_-18.0,2023,4,2023-T4,Diminution,51.6,14.7,51.6,33.7
z_66.0_-18.0,2024,1,2024-T1,Diminution,52.6,7.6,52.6,39.8
z_66.0_-18.0,2024,2,2024-T2,Diminution,66.0,9.6,66.0,24.4
z_66.0_-18.0,2024,3,2024-T3,Stable,48.5,18.0,33.5,48.5
z_66.0_-18.0,2024,4,2024-T4,Stable,38.6,26.4,35.0,38.6
z_66.0_-18.0,2025,1,2025-T1,Stable,45.4,19.8,34.8,45.4
z_66.0_-18.0,2025,2,2025-T2,Diminution,56.9,14.7,56.9,28.4
z_66.0_-18.0,2025,3,2025-T3,Stable,51.2,11.1,37.7,51.2
z_66.0_-18.0,2025,4,2025-T4,Diminution,51.6,14.7,51.6,33.7
z_66.0_-18.0,2026,1,2026-T1,Diminution,53.5,7.3,53.5,39.2
z_66.0_-18.0,2026,2,2026-T2,Diminution,68.6,9.6,68.6,21.7
z_66.0_-18.0,2026,3,2026-T3,Stable,45.8,13.4,40.8,45.8
z_66.0_-18.0,2026,4,2026-T4,Diminution,51.6,14.7,51.6,33.7
z_66.0_-18.0,2027,1,2027-T1,Diminution,53.5,7.3,53.5,39.2
z_66.0_-18.0,2027,2,2027-T2,Diminution,68.2,9.7,68.2,22.1
z_66.0_-18.0,2027,3,2027-T3,Stable,47.5,13.9,38.6,47.5
z_66.0_-18.0,2027,4,2027-T4,Diminution,51.6,14.7,51.6,33.7
z_66.0_-18.0,2028,1,2028-T1,Diminution,53.5,7.3,53.5,39.2
z_66.0_-18.0,2028,2,2028-T2,Diminution,70.6,8.6,70.6,20.7
z_66.0_-18.0,2028,3,2028-T3,Stable,46.6,11.8,41.6,46.6
z_66.0_-18.0,2028,4,2028-T4,Diminution,51.6,14.7,51.6,33.7
z_66.0_-18.0,2029,1,2029-T1,Diminution,53.5,7.3,53.5,39.2
z_66.0_-18.0,2029,2,2029-T2,Diminution,66.7,9.7,66.7,23.6
z_66.0_-18.0,2029,3,2029-T3,Stable,46.0,14.9,39.1,46.0
z_66.0_-18.0,2029,4,2029-T4,Diminution,51.6,14.7,51.6,33.7
z_66.0_-18.0,2030,1,2030-T1,Diminution,53.5,7.3,53.5,39.2
z_66.0_-18.0,2030,2,2030-T2,Diminution,69.2,9.6,69.2,21.1
z_66.0_-18.0,2030,3,2030-T3,Stable,43.9,13.1,43.0,43.9
z_66.0_-18.0,2030,4,2030-T4,Diminution,51.6,14.7,51.6,33.7
z_66.0_-21.0,2023,1,2023-T1,Diminution,56.4,7.1,56.4,36.5
z_66.0_-21.0,2023,2,2023-T2,Diminution,47.1,9.9,47.1,43.1
z_66.0_-21.0,2023,3,2023-T3,Diminution,43.5,14.3,43.5,42.3
z_66.0_-21.0,2023,4,2023-T4,Diminution,46.3,12.6,46.3,41.1
z_66.0_-21.0,2024,1,2024-T1,Diminution,60.6,7.1,60.6,32.3
z_66.0_-21.0,2024,2,2024-T2,Diminution,51.1,11.3,51.1,37.6
z_66.0_-21.0,2024,3,2024-T3,Diminution,49.5,11.4,49.5,39.1
z_66.0_-21.0,2024,4,2024-T4,Diminution,49.1,16.0,49.1,34.9
z_66.0_-21.0,2025,1,2025-T1,Diminution,50.2,10.5,50.2,39.3
z_66.0_-21.0,2025,2,2025-T2,Diminution,46.6,15.5,46.6,37.9
z_66.0_-21.0,2025,3,2025-T3,Diminution,48.8,12.3,48.8,38.9
z_66.0_-21.0,2025,4,2025-T4,Diminution,44.4,15.0,44.4,40.6
z_66.0_-21.0,2026,1,2026-T1,Diminution,60.3,7.0,60.3,32.7
z_66.0_-21.0,2026,2,2026-T2,Diminution,51.0,13.8,51.0,35.2
z_66.0_-21.0,2026,3,2026-T3,Diminution,49.5,11.4,49.5,39.1
z_66.0_-21.0,2026,4,2026-T4,Diminution,47.9,11.5,47.9,40.6
z_66.0_-21.0,2027,1,2027-T1,Diminution,60.3,7.0,60.3,32.7
z_66.0_-21.0,2027,2,2027-T2,Diminution,55.9,12.3,55.9,31.8
z_66.0_-21.0,2027,3,2027-T3,Diminution,49.5,11.4,49.5,39.1
z_66.0_-21.0,2027,4,2027-T4,Diminution,44.6,12.8,44.6,42.7
z_66.0_-21.0,2028,1,2028-T1,Diminution,60.3,7.0,60.3,32.7
z_66.0_-21.0,2028,2,2028-T2,Diminution,55.9,12.3,55.9,31.8
z_66.0_-21.0,2028,3,2028-T3,Diminution,49.5,11.4,49.5,39.1
z_66.0_-21.0,2028,4,2028-T4,Diminution,51.0,12.7,51.0,36.3
z_66.0_-21.0,2029,1,2029-T1,Diminution,60.3,7.0,60.3,32.7
z_66.0_-21.0,2029,2,2029-T2,Diminution,55.9,12.3,55.9,31.8
z_66.0_-21.0,2029,3,2029-T3,Diminution,49.5,11.4,49.5,39.1
z_66.0_-21.0,2029,4,2029-T4,Diminution,47.2,14.9,47.2,37.8
z_66.0_-21.0,2030,1,2030-T1,Diminution,60.3,7.0,60.3,32.7
z_66.0_-21.0,2030,2,2030-T2,Diminution,55.9,12.3,55.9,31.8
z_66.0_-21.0,2030,3,2030-T3,Diminution,49.5,11.4,49.5,39.1
z_66.0_-21.0,2030,4,2030-T4,Diminution,50.2,12.5,50.2,37.2
z_66.0_-24.0,2023,1,2023-T1,Diminution,64.4,10.5,64.4,25.1
z_66.0_-24.0,2023,2,2023-T2,Stable,55.0,14.1,31.0,55.0
z_66.0_-24.0,2023,3,2023-T3,Stable,51.7,16.5,31.7,51.7
z_66.0_-24.0,2023,4,2023-T4,Stable,47.2,23.5,29.3,47.2
z_66.0_-24.0,2024,1,2024-T1,Diminution,64.5,10.4,64.5,25.2
z_66.0_-24.0,2024,2,2024-T2,Stable,47.7,25.8,26.5,47.7
z_66.0_-24.0,2024,3,2024-T3,Stable,47.6,28.3,24.1,47.6
z_66.0_-24.0,2024,4,2024-T4,Stable,41.1,27.2,31.7,41.1
z_66.0_-24.0,2025,1,2025-T1,Diminution,59.5,11.2,59.5,29.4
z_66.0_-24.0,2025,2,2025-T2,Stable,45.8,23.5,30.7,45.8
z_66.0_-24.0,2025,3,2025-T3,Stable,51.4,21.7,26.9,51.4
z_66.0_-24.0,2025,4,2025-T4,Diminution,43.6,14.6,43.6,41.8
z_66.0_-24.0,2026,1,2026-T1,Diminution,71.4,5.2,71.4,23.4
z_66.0_-24.0,2026,2,2026-T2,Stable,44.7,14.7,40.6,44.7
z_66.0_-24.0,2026,3,2026-T3,Stable,48.3,14.7,37.0,48.3
z_66.0_-24.0,2026,4,2026-T4,Diminution,43.5,13.3,43.5,43.2
z_66.0_-24.0,2027,1,2027-T1,Diminution,72.6,4.4,72.6,23.0
z_66.0_-24.0,2027,2,2027-T2,Diminution,44.5,12.0,44.5,43.5
z_66.0_-24.0,2027,3,2027-T3,Stable,40.5,20.4,39.0,40.5
z_66.0_-24.0,2027,4,2027-T4,Diminution,43.5,13.3,43.5,43.2
z_66.0_-24.0,2028,1,2028-T1,Diminution,73.9,4.6,73.9,21.4
z_66.0_-24.0,2028,2,2028-T2,Diminution,44.5,12.0,44.5,43.5
z_66.0_-24.0,2028,3,2028-T3,Stable,43.7,17.8,38.5,43.7
z_66.0_-24.0,2028,4,2028-T4,Diminution,43.5,13.3,43.5,43.2
z_66.0_-24.0,2029,1,2029-T1,Diminution,64.1,6.9,64.1,29.0
z_66.0_-24.0,2029,2,2029-T2,Diminution,44.5,12.0,44.5,43.5
z_66.0_-24.0,2029,3,2029-T3,Stable,44.9,15.1,40.0,44.9
z_66.0_-24.0,2029,4,2029-T4,Diminution,43.5,13.3,43.5,43.2
z_66.0_-24.0,2030,1,2030-T1,Diminution,69.9,4.9,69.9,25.2
z_66.0_-24.0,2030,2,2030-T2,Diminution,44.5,12.0,44.5,43.5
z_66.0_-24.0,2030,3,2030-T3,Stable,45.0,13.1,41.9,45.0
z_66.0_-24.0,2030,4,2030-T4,Diminution,43.5,13.3,43.5,43.2
z_66.0_-3.0,2023,1,2023-T1,Diminution,81.0,2.0,81.0,17.0
z_66.0_-3.0,2023,2,2023-T2,Diminution,78.1,2.0,78.1,19.9
z_66.0_-3.0,2023,3,2023-T3,Diminution,80.9,2.1,80.9,17.0
z_66.0_-3.0,2023,4,2023-T4,Diminution,69.5,2.6,69.5,27.9
z_66.0_-3.0,2024,1,2024-T1,Diminution,73.9,3.0,73.9,23.1
z_66.0_-3.0,2024,2,2024-T2,Diminution,77.7,3.0,77.7,19.3
z_66.0_-3.0,2024,3,2024-T3,Diminution,75.6,2.6,75.6,21.8
z_66.0_-3.0,2024,4,2024-T4,Diminution,81.7,2.2,81.7,16.1
z_66.0_-3.0,2025,1,2025-T1,Diminution,81.0,2.0,81.0,17.0
z_66.0_-3.0,2025,2,2025-T2,Diminution,78.1,2.0,78.1,19.9
z_66.0_-3.0,2025,3,2025-T3,Diminution,76.8,2.4,76.8,20.8
z_66.0_-3.0,2025,4,2025-T4,Diminution,81.7,2.2,81.7,16.1
z_66.0_-3.0,2026,1,2026-T1,Diminution,81.0,2.0,81.0,17.0
z_66.0_-3.0,2026,2,2026-T2,Diminution,78.1,2.0,78.1,19.9
z_66.0_-3.0,2026,3,2026-T3,Diminution,72.8,3.3,72.8,23.9
z_66.0_-3.0,2026,4,2026-T4,Diminution,81.7,2.2,81.7,16.1
z_66.0_-3.0,2027,1,2027-T1,Diminution,81.0,2.0,81.0,17.0
z_66.0_-3.0,2027,2,2027-T2,Diminution,78.1,2.0,78.1,19.9
z_66.0_-3.0,2027,3,2027-T3,Diminution,78.4,3.0,78.4,18.6
z_66.0_-3.0,2027,4,2027-T4,Diminution,81.7,2.2,81.7,16.1
z_66.0_-3.0,2028,1,2028-T1,Diminution,81.0,2.0,81.0,17.0
z_66.0_-3.0,2028,2,2028-T2,Diminution,78.1,2.0,78.1,19.9
z_66.0_-3.0,2028,3,2028-T3,Diminution,67.1,4.6,67.1,28.3
z_66.0_-3.0,2028,4,2028-T4,Diminution,81.7,2.2,81.7,16.1
z_66.0_-3.0,2029,1,2029-T1,Diminution,81.0,2.0,81.0,17.0
z_66.0_-3.0,2029,2,2029-T2,Diminution,78.1,2.0,78.1,19.9
z_66.0_-3.0,2029,3,2029-T3,Diminution,80.9,2.1,80.9,17.0
z_66.0_-3.0,2029,4,2029-T4,Diminution,81.7,2.2,81.7,16.1
z_66.0_-3.0,2030,1,2030-T1,Diminution,81.0,2.0,81.0,17.0
z_66.0_-3.0,2030,2,2030-T2,Diminution,78.1,2.0,78.1,19.9
z_66.0_-3.0,2030,3,2030-T3,Diminution,80.9,2.1,80.9,17.0
z_66.0_-3.0,2030,4,2030-T4,Diminution,81.7,2.2,81.7,16.1
z_66.0_10.5,2023,1,2023-T1,Diminution,54.9,9.1,54.9,36.0
z_66.0_10.5,2023,2,2023-T2,Diminution,71.8,2.6,71.8,25.7
z_66.0_10.5,2023,3,2023-T3,Diminution,83.4,2.0,83.4,14.6
z_66.0_10.5,2023,4,2023-T4,Diminution,84.1,2.0,84.1,13.9
z_66.0_10.5,2024,1,2024-T1,Diminution,50.1,10.8,50.1,39.1
z_66.0_10.5,2024,2,2024-T2,Diminution,78.4,3.2,78.4,18.4
z_66.0_10.5,2024,3,2024-T3,Diminution,83.4,2.0,83.4,14.6
z_66.0_10.5,2024,4,2024-T4,Diminution,84.1,2.0,84.1,13.9
z_66.0_10.5,2025,1,2025-T1,Diminution,50.6,9.8,50.6,39.6
z_66.0_10.5,2025,2,2025-T2,Diminution,54.5,6.1,54.5,39.4
z_66.0_10.5,2025,3,2025-T3,Diminution,65.5,3.9,65.5,30.6
z_66.0_10.5,2025,4,2025-T4,Diminution,78.4,6.2,78.4,15.4
z_66.0_10.5,2026,1,2026-T1,Diminution,52.0,10.6,52.0,37.4
z_66.0_10.5,2026,2,2026-T2,Diminution,80.6,1.9,80.6,17.5
z_66.0_10.5,2026,3,2026-T3,Diminution,83.4,2.0,83.4,14.6
z_66.0_10.5,2026,4,2026-T4,Diminution,84.1,2.0,84.1,13.9
z_66.0_10.5,2027,1,2027-T1,Diminution,46.0,13.5,46.0,40.5
z_66.0_10.5,2027,2,2027-T2,Diminution,80.6,1.9,80.6,17.5
z_66.0_10.5,2027,3,2027-T3,Diminution,83.4,2.0,83.4,14.6
z_66.0_10.5,2027,4,2027-T4,Diminution,84.1,2.0,84.1,13.9
z_66.0_10.5,2028,1,2028-T1,Diminution,46.2,10.6,46.2,43.3
z_66.0_10.5,2028,2,2028-T2,Diminution,80.6,1.9,80.6,17.5
z_66.0_10.5,2028,3,2028-T3,Diminution,83.4,2.0,83.4,14.6
z_66.0_10.5,2028,4,2028-T4,Diminution,84.1,2.0,84.1,13.9
z_66.0_10.5,2029,1,2029-T1,Diminution,53.3,13.4,53.3,33.3
z_66.0_10.5,2029,2,2029-T2,Diminution,80.6,1.9,80.6,17.5
z_66.0_10.5,2029,3,2029-T3,Diminution,83.4,2.0,83.4,14.6
z_66.0_10.5,2029,4,2029-T4,Diminution,84.1,2.0,84.1,13.9
z_66.0_10.5,2030,1,2030-T1,Diminution,51.3,16.1,51.3,32.6
z_66.0_10.5,2030,2,2030-T2,Diminution,80.6,1.9,80.6,17.5
z_66.0_10.5,2030,3,2030-T3,Diminution,83.4,2.0,83.4,14.6
z_66.0_10.5,2030,4,2030-T4,Diminution,84.1,2.0,84.1,13.9
z_66.0_12.0,2023,1,2023-T1,Stable,37.2,36.2,26.6,37.2
z_66.0_12.0,2023,2,2023-T2,Augmentation,49.4,49.4,18.5,32.1
z_66.0_12.0,2023,3,2023-T3,Augmentation,46.9,46.9,13.4,39.8
z_66.0_12.0,2023,4,2023-T4,Augmentation,39.6,39.6,26.1,34.3
z_66.0_12.0,2024,1,2024-T1,Stable,37.5,30.3,32.2,37.5
z_66.0_12.0,2024,2,2024-T2,Augmentation,34.9,34.9,30.9,34.1
z_66.0_12.0,2024,3,2024-T3,Augmentation,49.8,49.8,14.8,35.4
z_66.0_12.0,2024,4,2024-T4,Augmentation,63.8,63.8,12.8,23.4
z_66.0_12.0,2025,1,2025-T1,Augmentation,53.6,53.6,13.6,32.8
z_66.0_12.0,2025,2,2025-T2,Augmentation,63.6,63.6,14.3,22.1
z_66.0_12.0,2025,3,2025-T3,Augmentation,63.2,63.2,11.2,25.7
z_66.0_12.0,2025,4,2025-T4,Augmentation,60.9,60.9,17.1,22.0
z_66.0_12.0,2026,1,2026-T1,Stable,40.2,36.0,23.8,40.2
z_66.0_12.0,2026,2,2026-T2,Augmentation,39.5,39.5,25.5,35.0
z_66.0_12.0,2026,3,2026-T3,Augmentation,54.9,54.9,13.5,31.7
z_66.0_12.0,2026,4,2026-T4,Augmentation,61.2,61.2,14.8,24.1
z_66.0_12.0,2027,1,2027-T1,Augmentation,55.8,55.8,14.6,29.6
z_66.0_12.0,2027,2,2027-T2,Augmentation,63.2,63.2,13.9,22.9
z_66.0_12.0,2027,3,2027-T3,Augmentation,65.7,65.7,10.2,24.1
z_66.0_12.0,2027,4,2027-T4,Augmentation,62.6,62.6,12.9,24.4
z_66.0_12.0,2028,1,2028-T1,Augmentation,59.5,59.5,13.2,27.3
z_66.0_12.0,2028,2,2028-T2,Augmentation,66.5,66.5,12.5,21.0
z_66.0_12.0,2028,3,2028-T3,Augmentation,66.7,66.7,9.1,24.2
z_66.0_12.0,2028,4,2028-T4,Augmentation,65.2,65.2,11.7,23.1
z_66.0_12.0,2029,1,2029-T1,Augmentation,59.7,59.7,12.3,28.0
z_66.0_12.0,2029,2,2029-T2,Augmentation,69.6,69.6,11.4,19.0
z_66.0_12.0,2029,3,2029-T3,Augmentation,69.0,69.0,10.2,20.8
z_66.0_12.0,2029,4,2029-T4,Augmentation,65.1,65.1,12.5,22.4
z_66.0_12.0,2030,1,2030-T1,Augmentation,57.6,57.6,12.8,29.6
z_66.0_12.0,2030,2,2030-T2,Augmentation,65.9,65.9,12.3,21.7
z_66.0_12.0,2030,3,2030-T3,Augmentation,67.7,67.7,9.9,22.4
z_66.0_12.0,2030,4,2030-T4,Augmentation,64.5,64.5,12.5,23.0
z_66.0_13.5,2023,1,2023-T1,Augmentation,44.1,44.1,26.6,29.3
z_66.0_13.5,2023,2,2023-T2,Augmentation,46.6,46.6,20.2,33.3
z_66.0_13.5,2023,3,2023-T3,Augmentation,46.2,46.2,14.3,39.5
z_66.0_13.5,2023,4,2023-T4,Augmentation,58.0,58.0,10.8,31.2
z_66.0_13.5,2024,1,2024-T1,Augmentation,39.2,39.2,22.4,38.5
z_66.0_13.5,2024,2,2024-T2,Augmentation,50.0,50.0,15.7,34.3
z_66.0_13.5,2024,3,2024-T3,Augmentation,44.9,44.9,13.6,41.5
z_66.0_13.5,2024,4,2024-T4,Augmentation,56.0,56.0,11.3,32.7
z_66.0_13.5,2025,1,2025-T1,Augmentation,42.2,42.2,19.1,38.8
z_66.0_13.5,2025,2,2025-T2,Augmentation,51.4,51.4,17.1,31.5
z_66.0_13.5,2025,3,2025-T3,Augmentation,45.8,45.8,15.1,39.1
z_66.0_13.5,2025,4,2025-T4,Augmentation,47.4,47.4,14.1,38.4
z_66.0_13.5,2026,1,2026-T1,Augmentation,41.4,41.4,24.8,33.8
z_66.0_13.5,2026,2,2026-T2,Augmentation,45.7,45.7,19.1,35.2
z_66.0_13.5,2026,3,2026-T3,Augmentation,45.6,45.6,13.2,41.3
z_66.0_13.5,2026,4,2026-T4,Augmentation,50.4,50.4,12.1,37.5
z_66.0_13.5,2027,1,2027-T1,Augmentation,40.1,40.1,28.1,31.8
z_66.0_13.5,2027,2,2027-T2,Augmentation,51.2,51.2,14.9,33.8
z_66.0_13.5,2027,3,2027-T3,Stable,43.8,43.1,13.1,43.8
z_66.0_13.5,2027,4,2027-T4,Augmentation,51.6,51.6,13.4,35.0
z_66.0_13.5,2028,1,2028-T1,Augmentation,44.3,44.3,24.1,31.6
z_66.0_13.5,2028,2,2028-T2,Augmentation,51.3,51.3,15.5,33.2
z_66.0_13.5,2028,3,2028-T3,Stable,44.5,43.0,12.5,44.5
z_66.0_13.5,2028,4,2028-T4,Augmentation,51.3,51.3,13.2,35.5
z_66.0_13.5,2029,1,2029-T1,Augmentation,41.7,41.7,26.9,31.3
z_66.0_13.5,2029,2,2029-T2,Augmentation,50.0,50.0,16.3,33.6
z_66.0_13.5,2029,3,2029-T3,Stable,44.1,41.7,14.2,44.1
z_66.0_13.5,2029,4,2029-T4,Augmentation,49.8,49.8,13.7,36.5
z_66.0_13.5,2030,1,2030-T1,Augmentation,41.8,41.8,26.4,31.8
z_66.0_13.5,2030,2,2030-T2,Augmentation,50.1,50.1,16.3,33.6
z_66.0_13.5,2030,3,2030-T3,Stable,44.3,41.6,14.1,44.3
z_66.0_13.5,2030,4,2030-T4,Augmentation,49.3,49.3,13.1,37.6
z_66.0_15.0,2023,1,2023-T1,Diminution,45.3,9.9,45.3,44.8
z_66.0_15.0,2023,2,2023-T2,Diminution,56.1,7.0,56.1,36.8
z_66.0_15.0,2023,3,2023-T3,Diminution,58.7,7.3,58.7,34.1
z_66.0_15.0,2023,4,2023-T4,Diminution,58.5,7.9,58.5,33.5
z_66.0_15.0,2024,1,2024-T1,Diminution,50.4,9.5,50.4,40.1
z_66.0_15.0,2024,2,2024-T2,Diminution,50.2,8.4,50.2,41.4
z_66.0_15.0,2024,3,2024-T3,Diminution,53.0,7.1,53.0,39.9
z_66.0_15.0,2024,4,2024-T4,Diminution,61.0,7.9,61.0,31.1
z_66.0_15.0,2025,1,2025-T1,Diminution,47.9,8.9,47.9,43.2
z_66.0_15.0,2025,2,2025-T2,Diminution,56.1,7.0,56.1,36.8
z_66.0_15.0,2025,3,2025-T3,Diminution,58.7,7.3,58.7,34.1
z_66.0_15.0,2025,4,2025-T4,Diminution,58.5,7.9,58.5,33.5
z_66.0_15.0,2026,1,2026-T1,Stable,45.3,10.6,44.1,45.3
z_66.0_15.0,2026,2,2026-T2,Diminution,56.1,7.0,56.1,36.8
z_66.0_15.0,2026,3,2026-T3,Diminution,58.7,7.3,58.7,34.1
z_66.0_15.0,2026,4,2026-T4,Diminution,58.5,7.9,58.5,33.5
z_66.0_15.0,2027,1,2027-T1,Diminution,50.4,9.5,50.4,40.1
z_66.0_15.0,2027,2,2027-T2,Diminution,56.1,7.0,56.1,36.8
z_66.0_15.0,2027,3,2027-T3,Diminution,58.7,7.3,58.7,34.1
z_66.0_15.0,2027,4,2027-T4,Diminution,58.5,7.9,58.5,33.5
z_66.0_15.0,2028,1,2028-T1,Diminution,50.1,9.1,50.1,40.8
z_66.0_15.0,2028,2,2028-T2,Diminution,56.1,7.0,56.1,36.8
z_66.0_15.0,2028,3,2028-T3,Diminution,58.7,7.3,58.7,34.1
z_66.0_15.0,2028,4,2028-T4,Diminution,58.5,7.9,58.5,33.5
z_66.0_15.0,2029,1,2029-T1,Diminution,48.7,8.8,48.7,42.4
z_66.0_15.0,2029,2,2029-T2,Diminution,56.1,7.0,56.1,36.8
z_66.0_15.0,2029,3,2029-T3,Diminution,58.7,7.3,58.7,34.1
z_66.0_15.0,2029,4,2029-T4,Diminution,58.5,7.9,58.5,33.5
z_66.0_15.0,2030,1,2030-T1,Diminution,51.5,8.6,51.5,39.9
z_66.0_15.0,2030,2,2030-T2,Diminution,56.1,7.0,56.1,36.8
z_66.0_15.0,2030,3,2030-T3,Diminution,58.7,7.3,58.7,34.1
z_66.0_15.0,2030,4,2030-T4,Diminution,58.5,7.9,58.5,33.5
z_66.0_6.0,2023,1,2023-T1,Diminution,64.7,5.3,64.7,30.0
z_66.0_6.0,2023,2,2023-T2,Diminution,90.3,1.3,90.3,8.4
z_66.0_6.0,2023,3,2023-T3,Diminution,91.2,1.5,91.2,7.3
z_66.0_6.0,2023,4,2023-T4,Diminution,92.2,1.4,92.2,6.4
z_66.0_6.0,2024,1,2024-T1,Diminution,74.6,7.3,74.6,18.1
z_66.0_6.0,2024,2,2024-T2,Diminution,90.3,1.3,90.3,8.4
z_66.0_6.0,2024,3,2024-T3,Diminution,77.1,1.8,77.1,21.2
z_66.0_6.0,2024,4,2024-T4,Diminution,80.7,2.7,80.7,16.6
z_66.0_6.0,2025,1,2025-T1,Diminution,62.5,15.5,62.5,22.0
z_66.0_6.0,2025,2,2025-T2,Diminution,85.4,1.2,85.4,13.5
z_66.0_6.0,2025,3,2025-T3,Diminution,91.2,1.5,91.2,7.3
z_66.0_6.0,2025,4,2025-T4,Diminution,92.2,1.4,92.2,6.4
z_66.0_6.0,2026,1,2026-T1,Diminution,78.0,6.3,78.0,15.7
z_66.0_6.0,2026,2,2026-T2,Diminution,85.8,4.0,85.8,10.2
z_66.0_6.0,2026,3,2026-T3,Diminution,91.2,1.5,91.2,7.3
z_66.0_6.0,2026,4,2026-T4,Diminution,92.2,1.4,92.2,6.4
z_66.0_6.0,2027,1,2027-T1,Diminution,78.0,6.3,78.0,15.7
z_66.0_6.0,2027,2,2027-T2,Diminution,79.2,1.8,79.2,19.0
z_66.0_6.0,2027,3,2027-T3,Diminution,91.2,1.5,91.2,7.3
z_66.0_6.0,2027,4,2027-T4,Diminution,92.2,1.4,92.2,6.4
z_66.0_6.0,2028,1,2028-T1,Diminution,78.0,6.3,78.0,15.7
z_66.0_6.0,2028,2,2028-T2,Diminution,85.5,2.0,85.5,12.5
z_66.0_6.0,2028,3,2028-T3,Diminution,91.2,1.5,91.2,7.3
z_66.0_6.0,2028,4,2028-T4,Diminution,92.2,1.4,92.2,6.4
z_66.0_6.0,2029,1,2029-T1,Diminution,78.0,6.3,78.0,15.7
z_66.0_6.0,2029,2,2029-T2,Diminution,66.3,5.1,66.3,28.6
z_66.0_6.0,2029,3,2029-T3,Diminution,91.2,1.5,91.2,7.3
z_66.0_6.0,2029,4,2029-T4,Diminution,92.2,1.4,92.2,6.4
z_66.0_6.0,2030,1,2030-T1,Diminution,78.0,6.3,78.0,15.7
z_66.0_6.0,2030,2,2030-T2,Diminution,90.3,1.3,90.3,8.4
z_66.0_6.0,2030,3,2030-T3,Diminution,91.2,1.5,91.2,7.3
z_66.0_6.0,2030,4,2030-T4,Diminution,92.2,1.4,92.2,6.4
z_66.0_7.5,2023,1,2023-T1,Diminution,80.9,2.1,80.9,16.9
z_66.0_7.5,2023,2,2023-T2,Diminution,91.1,1.5,91.1,7.4
z_66.0_7.5,2023,3,2023-T3,Diminution,91.6,1.8,91.6,6.6
z_66.0_7.5,2023,4,2023-T4,Diminution,92.2,1.7,92.2,6.1
z_66.0_7.5,2024,1,2024-T1,Diminution,87.3,2.5,87.3,10.2
z_66.0_7.5,2024,2,2024-T2,Diminution,91.1,1.5,91.1,7.4
z_66.0_7.5,2024,3,2024-T3,Diminution,91.6,1.8,91.6,6.6
z_66.0_7.5,2024,4,2024-T4,Diminution,92.2,1.7,92.2,6.1
z_66.0_7.5,2025,1,2025-T1,Diminution,68.7,5.4,68.7,25.9
z_66.0_7.5,2025,2,2025-T2,Diminution,91.1,1.5,91.1,7.4
z_66.0_7.5,2025,3,2025-T3,Diminution,77.6,1.9,77.6,20.5
z_66.0_7.5,2025,4,2025-T4,Diminution,80.1,2.9,80.1,17.0
z_66.0_7.5,2026,1,2026-T1,Diminution,91.0,2.1,91.0,6.8
z_66.0_7.5,2026,2,2026-T2,Diminution,85.9,1.4,85.9,12.8
z_66.0_7.5,2026,3,2026-T3,Diminution,91.6,1.8,91.6,6.6
z_66.0_7.5,2026,4,2026-T4,Diminution,92.2,1.7,92.2,6.1
z_66.0_7.5,2027,1,2027-T1,Diminution,92.7,1.4,92.7,5.9
z_66.0_7.5,2027,2,2027-T2,Diminution,86.2,4.4,86.2,9.4
z_66.0_7.5,2027,3,2027-T3,Diminution,91.6,1.8,91.6,6.6
z_66.0_7.5,2027,4,2027-T4,Diminution,92.2,1.7,92.2,6.1
z_66.0_7.5,2028,1,2028-T1,Diminution,92.7,1.4,92.7,5.9
z_66.0_7.5,2028,2,2028-T2,Diminution,79.5,2.0,79.5,18.5
z_66.0_7.5,2028,3,2028-T3,Diminution,91.6,1.8,91.6,6.6
z_66.0_7.5,2028,4,2028-T4,Diminution,92.2,1.7,92.2,6.1
z_66.0_7.5,2029,1,2029-T1,Diminution,92.7,1.4,92.7,5.9
z_66.0_7.5,2029,2,2029-T2,Diminution,85.4,2.4,85.4,12.2
z_66.0_7.5,2029,3,2029-T3,Diminution,91.6,1.8,91.6,6.6
z_66.0_7.5,2029,4,2029-T4,Diminution,92.2,1.7,92.2,6.1
z_66.0_7.5,2030,1,2030-T1,Diminution,92.7,1.4,92.7,5.9
z_66.0_7.5,2030,2,2030-T2,Diminution,66.4,5.1,66.4,28.5
z_66.0_7.5,2030,3,2030-T3,Diminution,91.6,1.8,91.6,6.6
z_66.0_7.5,2030,4,2030-T4,Diminution,92.2,1.7,92.2,6.1
z_66.0_9.0,2023,1,2023-T1,Diminution,56.5,19.6,56.5,23.9
z_66.0_9.0,2023,2,2023-T2,Diminution,67.2,6.9,67.2,25.9
z_66.0_9.0,2023,3,2023-T3,Diminution,79.9,2.9,79.9,17.2
z_66.0_9.0,2023,4,2023-T4,Diminution,73.5,8.5,73.5,18.0
z_66.0_9.0,2024,1,2024-T1,Diminution,56.8,13.9,56.8,29.3
z_66.0_9.0,2024,2,2024-T2,Diminution,73.1,6.8,73.1,20.1
z_66.0_9.0,2024,3,2024-T3,Diminution,90.7,1.4,90.7,7.9
z_66.0_9.0,2024,4,2024-T4,Diminution,76.8,6.9,76.8,16.3
z_66.0_9.0,2025,1,2025-T1,Diminution,59.4,12.3,59.4,28.3
z_66.0_9.0,2025,2,2025-T2,Diminution,73.1,6.8,73.1,20.1
z_66.0_9.0,2025,3,2025-T3,Diminution,90.7,1.4,90.7,7.9
z_66.0_9.0,2025,4,2025-T4,Diminution,76.8,6.9,76.8,16.3
z_66.0_9.0,2026,1,2026-T1,Diminution,57.8,8.3,57.8,33.9
z_66.0_9.0,2026,2,2026-T2,Diminution,73.1,6.8,73.1,20.1
z_66.0_9.0,2026,3,2026-T3,Diminution,90.7,1.4,90.7,7.9
z_66.0_9.0,2026,4,2026-T4,Diminution,76.8,6.9,76.8,16.3
z_66.0_9.0,2027,1,2027-T1,Diminution,67.1,11.1,67.1,21.8
z_66.0_9.0,2027,2,2027-T2,Diminution,73.1,6.8,73.1,20.1
z_66.0_9.0,2027,3,2027-T3,Diminution,90.7,1.4,90.7,7.9
z_66.0_9.0,2027,4,2027-T4,Diminution,76.8,6.9,76.8,16.3
z_66.0_9.0,2028,1,2028-T1,Diminution,58.8,16.6,58.8,24.6
z_66.0_9.0,2028,2,2028-T2,Diminution,73.1,6.8,73.1,20.1
z_66.0_9.0,2028,3,2028-T3,Diminution,90.7,1.4,90.7,7.9
z_66.0_9.0,2028,4,2028-T4,Diminution,76.8,6.9,76.8,16.3
z_66.0_9.0,2029,1,2029-T1,Diminution,69.9,9.3,69.9,20.8
z_66.0_9.0,2029,2,2029-T2,Diminution,73.1,6.8,73.1,20.1
z_66.0_9.0,2029,3,2029-T3,Diminution,90.7,1.4,90.7,7.9
z_66.0_9.0,2029,4,2029-T4,Diminution,76.8,6.9,76.8,16.3
z_66.0_9.0,2030,1,2030-T1,Diminution,69.9,9.3,69.9,20.8
z_66.0_9.0,2030,2,2030-T2,Diminution,73.1,6.8,73.1,20.1
z_66.0_9.0,2030,3,2030-T3,Diminution,90.7,1.4,90.7,7.9
z_66.0_9.0,2030,4,2030-T4,Diminution,76.8,6.9,76.8,16.3
z_67.5_10.5,2023,1,2023-T1,Diminution,68.6,8.3,68.6,23.1
z_67.5_10.5,2023,2,2023-T2,Diminution,63.8,4.2,63.8,32.0
z_67.5_10.5,2023,3,2023-T3,Diminution,79.0,2.9,79.0,18.1
z_67.5_10.5,2023,4,2023-T4,Diminution,82.9,3.6,82.9,13.6
z_67.5_10.5,2024,1,2024-T1,Diminution,66.9,5.4,66.9,27.7
z_67.5_10.5,2024,2,2024-T2,Diminution,70.6,3.8,70.6,25.6
z_67.5_10.5,2024,3,2024-T3,Diminution,79.0,2.9,79.0,18.1
z_67.5_10.5,2024,4,2024-T4,Diminution,75.0,4.0,75.0,21.1
z_67.5_10.5,2025,1,2025-T1,Diminution,58.4,7.0,58.4,34.6
z_67.5_10.5,2025,2,2025-T2,Diminution,62.3,3.0,62.3,34.8
z_67.5_10.5,2025,3,2025-T3,Diminution,70.7,3.0,70.7,26.2
z_67.5_10.5,2025,4,2025-T4,Diminution,78.8,6.9,78.8,14.3
z_67.5_10.5,2026,1,2026-T1,Stable,47.9,5.5,46.6,47.9
z_67.5_10.5,2026,2,2026-T2,Diminution,82.9,2.6,82.9,14.5
z_67.5_10.5,2026,3,2026-T3,Diminution,88.7,1.6,88.7,9.7
z_67.5_10.5,2026,4,2026-T4,Diminution,72.2,5.6,72.2,22.2
z_67.5_10.5,2027,1,2027-T1,Diminution,50.0,7.0,50.0,43.0
z_67.5_10.5,2027,2,2027-T2,Diminution,69.9,5.3,69.9,24.9
z_67.5_10.5,2027,3,2027-T3,Diminution,88.7,1.6,88.7,9.7
z_67.5_10.5,2027,4,2027-T4,Diminution,89.5,1.6,89.5,8.9
z_67.5_10.5,2028,1,2028-T1,Diminution,48.2,13.6,48.2,38.2
z_67.5_10.5,2028,2,2028-T2,Diminution,86.3,1.4,86.3,12.3
z_67.5_10.5,2028,3,2028-T3,Diminution,88.7,1.6,88.7,9.7
z_67.5_10.5,2028,4,2028-T4,Diminution,89.5,1.6,89.5,8.9
z_67.5_10.5,2029,1,2029-T1,Diminution,58.2,16.0,58.2,25.8
z_67.5_10.5,2029,2,2029-T2,Diminution,86.3,1.4,86.3,12.3
z_67.5_10.5,2029,3,2029-T3,Diminution,88.7,1.6,88.7,9.7
z_67.5_10.5,2029,4,2029-T4,Diminution,89.5,1.6,89.5,8.9
z_67.5_10.5,2030,1,2030-T1,Diminution,62.2,12.2,62.2,25.5
z_67.5_10.5,2030,2,2030-T2,Diminution,86.3,1.4,86.3,12.3
z_67.5_10.5,2030,3,2030-T3,Diminution,88.7,1.6,88.7,9.7
z_67.5_10.5,2030,4,2030-T4,Diminution,89.5,1.6,89.5,8.9
z_67.5_12.0,2023,1,2023-T1,Stable,45.7,13.0,41.3,45.7
z_67.5_12.0,2023,2,2023-T2,Diminution,55.5,6.5,55.5,38.0
z_67.5_12.0,2023,3,2023-T3,Stable,47.7,23.6,28.7,47.7
z_67.5_12.0,2023,4,2023-T4,Stable,46.2,23.0,30.8,46.2
z_67.5_12.0,2024,1,2024-T1,Stable,43.4,21.9,34.7,43.4
z_67.5_12.0,2024,2,2024-T2,Diminution,58.5,6.1,58.5,35.4
z_67.5_12.0,2024,3,2024-T3,Stable,41.2,19.5,39.3,41.2
z_67.5_12.0,2024,4,2024-T4,Diminution,46.1,12.9,46.1,41.0
z_67.5_12.0,2025,1,2025-T1,Diminution,44.3,13.8,44.3,41.9
z_67.5_12.0,2025,2,2025-T2,Diminution,58.3,7.3,58.3,34.4
z_67.5_12.0,2025,3,2025-T3,Diminution,44.3,13.3,44.3,42.4
z_67.5_12.0,2025,4,2025-T4,Diminution,47.0,17.5,47.0,35.5
z_67.5_12.0,2026,1,2026-T1,Stable,47.7,17.2,35.1,47.7
z_67.5_12.0,2026,2,2026-T2,Diminution,62.9,5.0,62.9,32.0
z_67.5_12.0,2026,3,2026-T3,Diminution,46.8,10.6,46.8,42.6
z_67.5_12.0,2026,4,2026-T4,Diminution,50.3,14.6,50.3,35.0
z_67.5_12.0,2027,1,2027-T1,Stable,44.5,12.4,43.1,44.5
z_67.5_12.0,2027,2,2027-T2,Diminution,62.4,6.0,62.4,31.6
z_67.5_12.0,2027,3,2027-T3,Diminution,44.9,11.6,44.9,43.5
z_67.5_12.0,2027,4,2027-T4,Diminution,55.4,13.2,55.4,31.4
z_67.5_12.0,2028,1,2028-T1,Stable,43.7,16.3,40.0,43.7
z_67.5_12.0,2028,2,2028-T2,Diminution,49.0,8.6,49.0,42.3
z_67.5_12.0,2028,3,2028-T3,Stable,44.9,11.1,44.0,44.9
z_67.5_12.0,2028,4,2028-T4,Diminution,55.4,13.2,55.4,31.4
z_67.5_12.0,2029,1,2029-T1,Diminution,44.0,14.0,44.0,42.0
z_67.5_12.0,2029,2,2029-T2,Diminution,58.4,5.8,58.4,35.9
z_67.5_12.0,2029,3,2029-T3,Diminution,48.1,11.6,48.1,40.3
z_67.5_12.0,2029,4,2029-T4,Diminution,55.4,13.2,55.4,31.4
z_67.5_12.0,2030,1,2030-T1,Diminution,44.0,14.0,44.0,42.0
z_67.5_12.0,2030,2,2030-T2,Diminution,69.3,4.4,69.3,26.3
z_67.5_12.0,2030,3,2030-T3,Diminution,44.3,13.3,44.3,42.4
z_67.5_12.0,2030,4,2030-T4,Diminution,55.4,13.2,55.4,31.4
z_67.5_13.5,2023,1,2023-T1,Diminution,60.2,10.2,60.2,29.6
z_67.5_13.5,2023,2,2023-T2,Diminution,56.8,15.4,56.8,27.8
z_67.5_13.5,2023,3,2023-T3,Diminution,49.8,21.6,49.8,28.6
z_67.5_13.5,2023,4,2023-T4,Diminution,50.7,19.4,50.7,29.9
z_67.5_13.5,2024,1,2024-T1,Diminution,37.9,26.7,37.9,35.4
z_67.5_13.5,2024,2,2024-T2,Stable,34.6,32.4,33.0,34.6
z_67.5_13.5,2024,3,2024-T3,Stable,35.0,32.2,32.8,35.0
z_67.5_13.5,2024,4,2024-T4,Stable,38.8,26.0,35.2,38.8
z_67.5_13.5,2025,1,2025-T1,Stable,37.7,33.8,28.6,37.7
z_67.5_13.5,2025,2,2025-T2,Stable,38.7,27.9,33.4,38.7
z_67.5_13.5,2025,3,2025-T3,Stable,38.9,26.6,34.5,38.9
z_67.5_13.5,2025,4,2025-T4,Diminution,44.4,18.3,44.4,37.3
z_67.5_13.5,2026,1,2026-T1,Diminution,53.3,16.0,53.3,30.6
z_67.5_13.5,2026,2,2026-T2,Diminution,64.6,12.4,64.6,23.0
z_67.5_13.5,2026,3,2026-T3,Diminution,62.5,13.7,62.5,23.9
z_67.5_13.5,2026,4,2026-T4,Diminution,60.4,12.3,60.4,27.3
z_67.5_13.5,2027,1,2027-T1,Diminution,61.9,10.2,61.9,28.0
z_67.5_13.5,2027,2,2027-T2,Diminution,64.6,12.4,64.6,23.0
z_67.5_13.5,2027,3,2027-T3,Diminution,62.9,13.0,62.9,24.1
z_67.5_13.5,2027,4,2027-T4,Diminution,64.1,10.0,64.1,25.8
z_67.5_13.5,2028,1,2028-T1,Diminution,60.6,11.9,60.6,27.5
z_67.5_13.5,2028,2,2028-T2,Diminution,64.6,12.4,64.6,23.0
z_67.5_13.5,2028,3,2028-T3,Diminution,64.0,12.0,64.0,24.0
z_67.5_13.5,2028,4,2028-T4,Diminution,63.2,12.7,63.2,24.1
z_67.5_13.5,2029,1,2029-T1,Diminution,58.3,12.9,58.3,28.8
z_67.5_13.5,2029,2,2029-T2,Diminution,64.6,12.4,64.6,23.0
z_67.5_13.5,2029,3,2029-T3,Diminution,62.6,12.3,62.6,25.1
z_67.5_13.5,2029,4,2029-T4,Diminution,61.5,13.7,61.5,24.8
z_67.5_13.5,2030,1,2030-T1,Diminution,59.6,12.2,59.6,28.2
z_67.5_13.5,2030,2,2030-T2,Diminution,64.6,12.4,64.6,23.0
z_67.5_13.5,2030,3,2030-T3,Diminution,62.8,12.3,62.8,24.9
z_67.5_13.5,2030,4,2030-T4,Diminution,63.6,12.6,63.6,23.8
z_67.5_15.0,2023,1,2023-T1,Diminution,65.4,11.3,65.4,23.3
z_67.5_15.0,2023,2,2023-T2,Stable,49.8,17.7,32.5,49.8
z_67.5_15.0,2023,3,2023-T3,Diminution,39.1,25.9,39.1,35.0
z_67.5_15.0,2023,4,2023-T4,Diminution,49.5,16.7,49.5,33.8
z_67.5_15.0,2024,1,2024-T1,Diminution,42.6,22.3,42.6,35.2
z_67.5_15.0,2024,2,2024-T2,Stable,53.6,14.1,32.3,53.6
z_67.5_15.0,2024,3,2024-T3,Diminution,39.1,23.5,39.1,37.4
z_67.5_15.0,2024,4,2024-T4,Stable,37.6,29.7,32.7,37.6
z_67.5_15.0,2025,1,2025-T1,Stable,37.5,32.6,29.9,37.5
z_67.5_15.0,2025,2,2025-T2,Stable,56.7,28.6,14.7,56.7
z_67.5_15.0,2025,3,2025-T3,Stable,38.6,38.2,23.2,38.6
z_67.5_15.0,2025,4,2025-T4,Stable,42.7,27.0,30.3,42.7
z_67.5_15.0,2026,1,2026-T1,Stable,41.5,25.4,33.1,41.5
z_67.5_15.0,2026,2,2026-T2,Stable,58.7,25.0,16.4,58.7
z_67.5_15.0,2026,3,2026-T3,Stable,39.0,30.9,30.1,39.0
z_67.5_15.0,2026,4,2026-T4,Stable,43.5,27.1,29.4,43.5
z_67.5_15.0,2027,1,2027-T1,Stable,37.6,27.5,35.0,37.6
z_67.5_15.0,2027,2,2027-T2,Stable,60.7,24.0,15.4,60.7
z_67.5_15.0,2027,3,2027-T3,Stable,39.4,28.5,32.1,39.4
z_67.5_15.0,2027,4,2027-T4,Stable,43.1,25.8,31.2,43.1
z_67.5_15.0,2028,1,2028-T1,Stable,38.3,25.3,36.4,38.3
z_67.5_15.0,2028,2,2028-T2,Stable,60.1,23.8,16.1,60.1
z_67.5_15.0,2028,3,2028-T3,Stable,40.3,30.8,28.8,40.3
z_67.5_15.0,2028,4,2028-T4,Stable,43.4,26.2,30.4,43.4
z_67.5_15.0,2029,1,2029-T1,Stable,38.3,28.9,32.8,38.3
z_67.5_15.0,2029,2,2029-T2,Stable,61.1,23.0,15.9,61.1
z_67.5_15.0,2029,3,2029-T3,Stable,40.7,29.0,30.3,40.7
z_67.5_15.0,2029,4,2029-T4,Stable,43.4,26.2,30.4,43.4
z_67.5_15.0,2030,1,2030-T1,Stable,39.7,25.6,34.7,39.7
z_67.5_15.0,2030,2,2030-T2,Stable,61.1,23.0,15.9,61.1
z_67.5_15.0,2030,3,2030-T3,Stable,41.7,28.3,30.0,41.7
z_67.5_15.0,2030,4,2030-T4,Stable,43.4,26.2,30.4,43.4
z_67.5_16.5,2023,1,2023-T1,Stable,52.6,17.0,30.4,52.6
z_67.5_16.5,2023,2,2023-T2,Stable,44.2,29.6,26.2,44.2
z_67.5_16.5,2023,3,2023-T3,Stable,38.8,34.0,27.1,38.8
z_67.5_16.5,2023,4,2023-T4,Stable,47.3,22.9,29.8,47.3
z_67.5_16.5,2024,1,2024-T1,Diminution,47.0,7.2,47.0,45.8
z_67.5_16.5,2024,2,2024-T2,Stable,42.0,17.1,40.9,42.0
z_67.5_16.5,2024,3,2024-T3,Stable,49.4,26.3,24.3,49.4
z_67.5_16.5,2024,4,2024-T4,Stable,57.1,25.1,17.8,57.1
z_67.5_16.5,2025,1,2025-T1,Stable,49.5,23.5,27.0,49.5
z_67.5_16.5,2025,2,2025-T2,Diminution,41.1,19.8,41.1,39.0
z_67.5_16.5,2025,3,2025-T3,Stable,42.9,29.8,27.3,42.9
z_67.5_16.5,2025,4,2025-T4,Stable,53.9,27.9,18.1,53.9
z_67.5_16.5,2026,1,2026-T1,Stable,53.6,20.4,26.0,53.6
z_67.5_16.5,2026,2,2026-T2,Stable,47.3,17.1,35.6,47.3
z_67.5_16.5,2026,3,2026-T3,Stable,49.2,13.3,37.5,49.2
z_67.5_16.5,2026,4,2026-T4,Stable,52.7,13.0,34.4,52.7
z_67.5_16.5,2027,1,2027-T1,Stable,46.1,8.8,45.1,46.1
z_67.5_16.5,2027,2,2027-T2,Diminution,44.5,11.4,44.5,44.2
z_67.5_16.5,2027,3,2027-T3,Stable,43.2,18.1,38.7,43.2
z_67.5_16.5,2027,4,2027-T4,Stable,46.5,16.5,37.0,46.5
z_67.5_16.5,2028,1,2028-T1,Stable,46.4,11.1,42.5,46.4
z_67.5_16.5,2028,2,2028-T2,Diminution,48.2,9.4,48.2,42.4
z_67.5_16.5,2028,3,2028-T3,Diminution,44.1,15.9,44.1,40.0
z_67.5_16.5,2028,4,2028-T4,Stable,49.2,13.5,37.3,49.2
z_67.5_16.5,2029,1,2029-T1,Stable,47.3,7.6,45.1,47.3
z_67.5_16.5,2029,2,2029-T2,Diminution,44.0,12.5,44.0,43.5
z_67.5_16.5,2029,3,2029-T3,Diminution,43.6,19.3,43.6,37.1
z_67.5_16.5,2029,4,2029-T4,Stable,49.2,13.5,37.3,49.2
z_67.5_16.5,2030,1,2030-T1,Diminution,47.9,7.9,47.9,44.3
z_67.5_16.5,2030,2,2030-T2,Diminution,48.1,11.3,48.1,40.6
z_67.5_16.5,2030,3,2030-T3,Diminution,45.2,17.5,45.2,37.3
z_67.5_16.5,2030,4,2030-T4,Stable,49.2,13.5,37.3,49.2
z_67.5_9.0,2023,1,2023-T1,Diminution,91.7,1.3,91.7,7.0
z_67.5_9.0,2023,2,2023-T2,Diminution,75.2,1.7,75.2,23.1
z_67.5_9.0,2023,3,2023-T3,Diminution,78.5,3.1,78.5,18.4
z_67.5_9.0,2023,4,2023-T4,Diminution,71.6,4.6,71.6,23.7
z_67.5_9.0,2024,1,2024-T1,Diminution,67.6,8.1,67.6,24.3
z_67.5_9.0,2024,2,2024-T2,Diminution,89.2,2.1,89.2,8.7
z_67.5_9.0,2024,3,2024-T3,Diminution,86.3,1.4,86.3,12.3
z_67.5_9.0,2024,4,2024-T4,Diminution,91.6,1.5,91.6,7.0
z_67.5_9.0,2025,1,2025-T1,Diminution,84.8,3.4,84.8,11.8
z_67.5_9.0,2025,2,2025-T2,Diminution,89.9,1.4,89.9,8.7
z_67.5_9.0,2025,3,2025-T3,Diminution,85.7,3.8,85.7,10.5
z_67.5_9.0,2025,4,2025-T4,Diminution,91.6,1.5,91.6,7.0
z_67.5_9.0,2026,1,2026-T1,Diminution,80.4,2.1,80.4,17.5
z_67.5_9.0,2026,2,2026-T2,Diminution,89.9,1.4,89.9,8.7
z_67.5_9.0,2026,3,2026-T3,Diminution,79.1,2.4,79.1,18.6
z_67.5_9.0,2026,4,2026-T4,Diminution,91.6,1.5,91.6,7.0
z_67.5_9.0,2027,1,2027-T1,Diminution,87.2,2.3,87.2,10.5
z_67.5_9.0,2027,2,2027-T2,Diminution,89.9,1.4,89.9,8.7
z_67.5_9.0,2027,3,2027-T3,Diminution,85.8,2.4,85.8,11.8
z_67.5_9.0,2027,4,2027-T4,Diminution,91.6,1.5,91.6,7.0
z_67.5_9.0,2028,1,2028-T1,Diminution,68.5,5.4,68.5,26.2
z_67.5_9.0,2028,2,2028-T2,Diminution,89.9,1.4,89.9,8.7
z_67.5_9.0,2028,3,2028-T3,Diminution,62.6,6.2,62.6,31.2
z_67.5_9.0,2028,4,2028-T4,Diminution,91.6,1.5,91.6,7.0
z_67.5_9.0,2029,1,2029-T1,Diminution,91.7,1.3,91.7,7.0
z_67.5_9.0,2029,2,2029-T2,Diminution,89.9,1.4,89.9,8.7
z_67.5_9.0,2029,3,2029-T3,Diminution,90.5,1.6,90.5,7.9
z_67.5_9.0,2029,4,2029-T4,Diminution,91.6,1.5,91.6,7.0
z_67.5_9.0,2030,1,2030-T1,Diminution,91.7,1.3,91.7,7.0
z_67.5_9.0,2030,2,2030-T2,Diminution,89.9,1.4,89.9,8.7
z_67.5_9.0,2030,3,2030-T3,Diminution,90.5,1.6,90.5,7.9
z_67.5_9.0,2030,4,2030-T4,Diminution,91.6,1.5,91.6,7.0
z_69.0_13.5,2023,1,2023-T1,Diminution,86.1,2.1,86.1,11.8
z_69.0_13.5,2023,2,2023-T2,Diminution,72.6,2.8,72.6,24.7
z_69.0_13.5,2023,3,2023-T3,Diminution,74.4,2.8,74.4,22.9
z_69.0_13.5,2023,4,2023-T4,Diminution,75.6,3.0,75.6,21.4
z_69.0_13.5,2024,1,2024-T1,Diminution,86.1,2.1,86.1,11.8
z_69.0_13.5,2024,2,2024-T2,Diminution,58.3,2.8,58.3,38.9
z_69.0_13.5,2024,3,2024-T3,Diminution,67.0,3.0,67.0,30.0
z_69.0_13.5,2024,4,2024-T4,Diminution,76.6,3.3,76.6,20.1
z_69.0_13.5,2025,1,2025-T1,Diminution,83.2,3.1,83.2,13.7
z_69.0_13.5,2025,2,2025-T2,Diminution,72.6,2.8,72.6,24.7
z_69.0_13.5,2025,3,2025-T3,Diminution,74.4,2.8,74.4,22.9
z_69.0_13.5,2025,4,2025-T4,Diminution,75.6,3.0,75.6,21.4
z_69.0_13.5,2026,1,2026-T1,Diminution,80.8,2.2,80.8,17.0
z_69.0_13.5,2026,2,2026-T2,Diminution,72.6,2.8,72.6,24.7
z_69.0_13.5,2026,3,2026-T3,Diminution,74.4,2.8,74.4,22.9
z_69.0_13.5,2026,4,2026-T4,Diminution,75.6,3.0,75.6,21.4
z_69.0_13.5,2027,1,2027-T1,Diminution,81.4,2.9,81.4,15.7
z_69.0_13.5,2027,2,2027-T2,Diminution,72.6,2.8,72.6,24.7
z_69.0_13.5,2027,3,2027-T3,Diminution,74.4,2.8,74.4,22.9
z_69.0_13.5,2027,4,2027-T4,Diminution,75.6,3.0,75.6,21.4
z_69.0_13.5,2028,1,2028-T1,Diminution,85.5,2.6,85.5,11.9
z_69.0_13.5,2028,2,2028-T2,Diminution,72.6,2.8,72.6,24.7
z_69.0_13.5,2028,3,2028-T3,Diminution,74.4,2.8,74.4,22.9
z_69.0_13.5,2028,4,2028-T4,Diminution,75.6,3.0,75.6,21.4
z_69.0_13.5,2029,1,2029-T1,Diminution,78.8,2.8,78.8,18.4
z_69.0_13.5,2029,2,2029-T2,Diminution,72.6,2.8,72.6,24.7
z_69.0_13.5,2029,3,2029-T3,Diminution,74.4,2.8,74.4,22.9
z_69.0_13.5,2029,4,2029-T4,Diminution,75.6,3.0,75.6,21.4
z_69.0_13.5,2030,1,2030-T1,Diminution,86.1,2.1,86.1,11.8
z_69.0_13.5,2030,2,2030-T2,Diminution,72.6,2.8,72.6,24.7
z_69.0_13.5,2030,3,2030-T3,Diminution,74.4,2.8,74.4,22.9
z_69.0_13.5,2030,4,2030-T4,Diminution,75.6,3.0,75.6,21.4
z_69.0_15.0,2023,1,2023-T1,Diminution,74.0,10.4,74.0,15.6
z_69.0_15.0,2023,2,2023-T2,Diminution,70.0,5.2,70.0,24.9
z_69.0_15.0,2023,3,2023-T3,Stable,49.9,20.9,29.2,49.9
z_69.0_15.0,2023,4,2023-T4,Stable,44.2,20.8,35.0,44.2
z_69.0_15.0,2024,1,2024-T1,Diminution,58.0,15.9,58.0,26.2
z_69.0_15.0,2024,2,2024-T2,Diminution,61.2,7.9,61.2,31.0
z_69.0_15.0,2024,3,2024-T3,Diminution,53.9,8.1,53.9,38.0
z_69.0_15.0,2024,4,2024-T4,Stable,42.8,23.4,33.8,42.8
z_69.0_15.0,2025,1,2025-T1,Stable,37.2,25.8,37.1,37.2
z_69.0_15.0,2025,2,2025-T2,Diminution,42.6,19.1,42.6,38.3
z_69.0_15.0,2025,3,2025-T3,Stable,52.5,25.3,22.2,52.5
z_69.0_15.0,2025,4,2025-T4,Stable,50.7,26.1,23.3,50.7
z_69.0_15.0,2026,1,2026-T1,Stable,44.9,20.4,34.8,44.9
z_69.0_15.0,2026,2,2026-T2,Diminution,47.5,15.7,47.5,36.8
z_69.0_15.0,2026,3,2026-T3,Stable,41.6,22.1,36.3,41.6
z_69.0_15.0,2026,4,2026-T4,Stable,46.5,18.5,35.0,46.5
z_69.0_15.0,2027,1,2027-T1,Diminution,61.3,12.0,61.3,26.7
z_69.0_15.0,2027,2,2027-T2,Diminution,80.2,3.2,80.2,16.5
z_69.0_15.0,2027,3,2027-T3,Diminution,58.3,5.9,58.3,35.9
z_69.0_15.0,2027,4,2027-T4,Diminution,48.0,9.7,48.0,42.3
z_69.0_15.0,2028,1,2028-T1,Diminution,69.6,9.0,69.6,21.4
z_69.0_15.0,2028,2,2028-T2,Diminution,71.0,3.9,71.0,25.1
z_69.0_15.0,2028,3,2028-T3,Diminution,59.7,7.2,59.7,33.2
z_69.0_15.0,2028,4,2028-T4,Diminution,52.9,11.2,52.9,35.8
z_69.0_15.0,2029,1,2029-T1,Diminution,72.8,8.3,72.8,18.9
z_69.0_15.0,2029,2,2029-T2,Diminution,84.0,3.5,84.0,12.6
z_69.0_15.0,2029,3,2029-T3,Diminution,55.3,8.1,55.3,36.6
z_69.0_15.0,2029,4,2029-T4,Diminution,54.2,14.4,54.2,31.4
z_69.0_15.0,2030,1,2030-T1,Diminution,70.3,9.5,70.3,20.2
z_69.0_15.0,2030,2,2030-T2,Diminution,76.0,3.6,76.0,20.5
z_69.0_15.0,2030,3,2030-T3,Diminution,65.0,7.2,65.0,27.9
z_69.0_15.0,2030,4,2030-T4,Diminution,53.2,13.6,53.2,33.1
z_69.0_16.5,2023,1,2023-T1,Stable,44.3,16.5,39.2,44.3
z_69.0_16.5,2023,2,2023-T2,Diminution,51.7,17.9,51.7,30.4
z_69.0_16.5,2023,3,2023-T3,Stable,41.4,35.0,23.6,41.4
z_69.0_16.5,2023,4,2023-T4,Stable,43.8,33.6,22.7,43.8
z_69.0_16.5,2024,1,2024-T1,Stable,52.9,31.3,15.8,52.9
z_69.0_16.5,2024,2,2024-T2,Stable,45.4,33.1,21.5,45.4
z_69.0_16.5,2024,3,2024-T3,Stable,44.5,40.3,15.2,44.5
z_69.0_16.5,2024,4,2024-T4,Stable,53.7,30.1,16.2,53.7
z_69.0_16.5,2025,1,2025-T1,Augmentation,47.7,47.7,10.9,41.4
z_69.0_16.5,2025,2,2025-T2,Augmentation,39.4,39.4,21.3,39.3
z_69.0_16.5,2025,3,2025-T3,Stable,54.6,30.5,15.0,54.6
z_69.0_16.5,2025,4,2025-T4,Stable,53.0,34.4,12.7,53.0
z_69.0_16.5,2026,1,2026-T1,Stable,47.9,37.7,14.3,47.9
z_69.0_16.5,2026,2,2026-T2,Stable,41.6,31.9,26.5,41.6
z_69.0_16.5,2026,3,2026-T3,Stable,55.8,28.8,15.4,55.8
z_69.0_16.5,2026,4,2026-T4,Stable,49.0,35.6,15.4,49.0
z_69.0_16.5,2027,1,2027-T1,Stable,49.8,34.7,15.5,49.8
z_69.0_16.5,2027,2,2027-T2,Stable,44.1,30.6,25.3,44.1
z_69.0_16.5,2027,3,2027-T3,Stable,54.9,28.8,16.3,54.9
z_69.0_16.5,2027,4,2027-T4,Stable,49.4,33.8,16.8,49.4
z_69.0_16.5,2028,1,2028-T1,Stable,51.4,35.5,13.1,51.4
z_69.0_16.5,2028,2,2028-T2,Stable,44.1,26.1,29.8,44.1
z_69.0_16.5,2028,3,2028-T3,Stable,53.5,31.1,15.4,53.5
z_69.0_16.5,2028,4,2028-T4,Stable,50.0,36.0,14.0,50.0
z_69.0_16.5,2029,1,2029-T1,Stable,53.7,32.4,14.0,53.7
z_69.0_16.5,2029,2,2029-T2,Stable,45.5,28.8,25.7,45.5
z_69.0_16.5,2029,3,2029-T3,Stable,53.7,30.5,15.7,53.7
z_69.0_16.5,2029,4,2029-T4,Stable,49.8,37.3,12.9,49.8
z_69.0_16.5,2030,1,2030-T1,Stable,54.9,30.1,15.1,54.9
z_69.0_16.5,2030,2,2030-T2,Stable,46.0,26.0,28.0,46.0
z_69.0_16.5,2030,3,2030-T3,Stable,55.0,29.4,15.6,55.0
z_69.0_16.5,2030,4,2030-T4,Stable,52.7,32.1,15.1,52.7
z_69.0_18.0,2023,1,2023-T1,Stable,37.9,24.5,37.6,37.9
z_69.0_18.0,2023,2,2023-T2,Stable,57.9,19.4,22.6,57.9
z_69.0_18.0,2023,3,2023-T3,Augmentation,42.9,42.9,16.1,41.0
z_69.0_18.0,2023,4,2023-T4,Stable,43.7,39.9,16.4,43.7
z_69.0_18.0,2024,1,2024-T1,Stable,37.3,36.6,26.1,37.3
z_69.0_18.0,2024,2,2024-T2,Stable,46.1,36.0,17.9,46.1
z_69.0_18.0,2024,3,2024-T3,Stable,50.7,30.5,18.8,50.7
z_69.0_18.0,2024,4,2024-T4,Stable,53.2,25.8,20.9,53.2
z_69.0_18.0,2025,1,2025-T1,Augmentation,39.2,39.2,28.6,32.2
z_69.0_18.0,2025,2,2025-T2,Stable,48.6,29.4,22.0,48.6
z_69.0_18.0,2025,3,2025-T3,Stable,44.9,24.4,30.7,44.9
z_69.0_18.0,2025,4,2025-T4,Stable,54.3,26.3,19.4,54.3
z_69.0_18.0,2026,1,2026-T1,Diminution,52.0,21.0,52.0,27.0
z_69.0_18.0,2026,2,2026-T2,Stable,46.8,29.6,23.6,46.8
z_69.0_18.0,2026,3,2026-T3,Stable,50.1,29.1,20.8,50.1
z_69.0_18.0,2026,4,2026-T4,Stable,50.7,34.5,14.8,50.7
z_69.0_18.0,2027,1,2027-T1,Stable,40.9,35.4,23.6,40.9
z_69.0_18.0,2027,2,2027-T2,Stable,50.5,34.9,14.6,50.5
z_69.0_18.0,2027,3,2027-T3,Stable,51.8,32.3,15.9,51.8
z_69.0_18.0,2027,4,2027-T4,Stable,52.6,32.9,14.6,52.6
z_69.0_18.0,2028,1,2028-T1,Stable,39.1,37.1,23.8,39.1
z_69.0_18.0,2028,2,2028-T2,Stable,50.4,35.2,14.4,50.4
z_69.0_18.0,2028,3,2028-T3,Stable,52.4,31.8,15.8,52.4
z_69.0_18.0,2028,4,2028-T4,Stable,48.7,38.8,12.5,48.7
z_69.0_18.0,2029,1,2029-T1,Stable,40.2,35.1,24.7,40.2
z_69.0_18.0,2029,2,2029-T2,Stable,51.3,32.3,16.3,51.3
z_69.0_18.0,2029,3,2029-T3,Stable,53.5,31.1,15.4,53.5
z_69.0_18.0,2029,4,2029-T4,Stable,53.8,32.0,14.2,53.8
z_69.0_18.0,2030,1,2030-T1,Stable,39.5,35.8,24.7,39.5
z_69.0_18.0,2030,2,2030-T2,Stable,52.8,31.4,15.8,52.8
z_69.0_18.0,2030,3,2030-T3,Stable,53.9,30.9,15.2,53.9
z_69.0_18.0,2030,4,2030-T4,Stable,55.6,29.3,15.0,55.6
z_69.0_19.5,2023,1,2023-T1,Stable,50.5,29.2,20.2,50.5
z_69.0_19.5,2023,2,2023-T2,Stable,42.4,34.9,22.7,42.4
z_69.0_19.5,2023,3,2023-T3,Diminution,39.2,26.9,39.2,33.9
z_69.0_19.5,2023,4,2023-T4,Diminution,47.0,20.7,47.0,32.3
z_69.0_19.5,2024,1,2024-T1,Stable,54.1,12.3,33.7,54.1
z_69.0_19.5,2024,2,2024-T2,Stable,56.7,14.0,29.3,56.7
z_69.0_19.5,2024,3,2024-T3,Diminution,57.1,20.4,57.1,22.5
z_69.0_19.5,2024,4,2024-T4,Diminution,51.0,19.3,51.0,29.8
z_69.0_19.5,2025,1,2025-T1,Stable,53.7,20.0,26.3,53.7
z_69.0_19.5,2025,2,2025-T2,Stable,43.8,28.9,27.2,43.8
z_69.0_19.5,2025,3,2025-T3,Diminution,50.4,19.9,50.4,29.7
z_69.0_19.5,2025,4,2025-T4,Diminution,49.0,21.2,49.0,29.8
z_69.0_19.5,2026,1,2026-T1,Stable,49.3,15.0,35.7,49.3
z_69.0_19.5,2026,2,2026-T2,Stable,54.1,12.5,33.4,54.1
z_69.0_19.5,2026,3,2026-T3,Diminution,57.1,20.4,57.1,22.5
z_69.0_19.5,2026,4,2026-T4,Diminution,49.8,18.9,49.8,31.2
z_69.0_19.5,2027,1,2027-T1,Stable,56.9,13.7,29.4,56.9
z_69.0_19.5,2027,2,2027-T2,Stable,50.1,14.5,35.4,50.1
z_69.0_19.5,2027,3,2027-T3,Diminution,57.1,20.4,57.1,22.5
z_69.0_19.5,2027,4,2027-T4,Diminution,52.4,21.6,52.4,26.0
z_69.0_19.5,2028,1,2028-T1,Stable,45.5,19.9,34.7,45.5
z_69.0_19.5,2028,2,2028-T2,Stable,51.9,12.4,35.7,51.9
z_69.0_19.5,2028,3,2028-T3,Diminution,57.1,20.4,57.1,22.5
z_69.0_19.5,2028,4,2028-T4,Diminution,53.0,17.7,53.0,29.3
z_69.0_19.5,2029,1,2029-T1,Stable,53.1,12.1,34.8,53.1
z_69.0_19.5,2029,2,2029-T2,Stable,51.9,12.4,35.7,51.9
z_69.0_19.5,2029,3,2029-T3,Diminution,57.1,20.4,57.1,22.5
z_69.0_19.5,2029,4,2029-T4,Diminution,53.7,17.6,53.7,28.7
z_69.0_19.5,2030,1,2030-T1,Stable,50.0,13.8,36.1,50.0
z_69.0_19.5,2030,2,2030-T2,Stable,51.9,12.4,35.7,51.9
z_69.0_19.5,2030,3,2030-T3,Diminution,57.1,20.4,57.1,22.5
z_69.0_19.5,2030,4,2030-T4,Diminution,52.3,19.3,52.3,28.4
z_69.0_21.0,2023,1,2023-T1,Stable,44.1,18.9,37.0,44.1
z_69.0_21.0,2023,2,2023-T2,Stable,47.0,16.1,36.9,47.0
z_69.0_21.0,2023,3,2023-T3,Diminution,57.7,5.5,57.7,36.8
z_69.0_21.0,2023,4,2023-T4,Diminution,48.5,8.1,48.5,43.4
z_69.0_21.0,2024,1,2024-T1,Diminution,44.5,11.6,44.5,43.9
z_69.0_21.0,2024,2,2024-T2,Diminution,41.7,20.0,41.7,38.3
z_69.0_21.0,2024,3,2024-T3,Diminution,49.4,8.2,49.4,42.4
z_69.0_21.0,2024,4,2024-T4,Stable,49.0,20.6,30.3,49.0
z_69.0_21.0,2025,1,2025-T1,Stable,41.7,31.0,27.4,41.7
z_69.0_21.0,2025,2,2025-T2,Stable,38.1,26.6,35.4,38.1
z_69.0_21.0,2025,3,2025-T3,Diminution,51.3,9.3,51.3,39.4
z_69.0_21.0,2025,4,2025-T4,Diminution,48.3,9.3,48.3,42.4
z_69.0_21.0,2026,1,2026-T1,Stable,45.2,23.3,31.5,45.2
z_69.0_21.0,2026,2,2026-T2,Stable,46.4,22.2,31.3,46.4
z_69.0_21.0,2026,3,2026-T3,Diminution,51.5,9.0,51.5,39.5
z_69.0_21.0,2026,4,2026-T4,Stable,49.1,10.6,40.3,49.1
z_69.0_21.0,2027,1,2027-T1,Diminution,44.5,11.6,44.5,43.9
z_69.0_21.0,2027,2,2027-T2,Diminution,43.2,15.4,43.2,41.4
z_69.0_21.0,2027,3,2027-T3,Diminution,53.1,5.8,53.1,41.1
z_69.0_21.0,2027,4,2027-T4,Diminution,46.5,13.7,46.5,39.8
z_69.0_21.0,2028,1,2028-T1,Diminution,44.5,11.6,44.5,43.9
z_69.0_21.0,2028,2,2028-T2,Stable,43.2,14.5,42.3,43.2
z_69.0_21.0,2028,3,2028-T3,Diminution,49.3,6.3,49.3,44.4
z_69.0_21.0,2028,4,2028-T4,Diminution,45.0,11.3,45.0,43.7
z_69.0_21.0,2029,1,2029-T1,Diminution,44.5,11.6,44.5,43.9
z_69.0_21.0,2029,2,2029-T2,Diminution,45.4,16.5,45.4,38.1
z_69.0_21.0,2029,3,2029-T3,Diminution,48.8,6.3,48.8,44.9
z_69.0_21.0,2029,4,2029-T4,Diminution,46.3,12.7,46.3,41.0
z_69.0_21.0,2030,1,2030-T1,Diminution,44.5,11.6,44.5,43.9
z_69.0_21.0,2030,2,2030-T2,Diminution,46.4,13.1,46.4,40.5
z_69.0_21.0,2030,3,2030-T3,Diminution,54.1,5.6,54.1,40.3
z_69.0_21.0,2030,4,2030-T4,Diminution,50.6,9.8,50.6,39.6
z_69.0_22.5,2023,1,2023-T1,Stable,41.2,31.9,26.9,41.2
z_69.0_22.5,2023,2,2023-T2,Stable,47.6,25.0,27.5,47.6
z_69.0_22.5,2023,3,2023-T3,Stable,39.5,31.5,29.0,39.5
z_69.0_22.5,2023,4,2023-T4,Stable,45.8,24.4,29.8,45.8
z_69.0_22.5,2024,1,2024-T1,Stable,48.5,13.5,38.0,48.5
z_69.0_22.5,2024,2,2024-T2,Stable,53.9,12.4,33.7,53.9
z_69.0_22.5,2024,3,2024-T3,Stable,56.7,13.6,29.7,56.7
z_69.0_22.5,2024,4,2024-T4,Stable,54.7,20.3,25.0,54.7
z_69.0_22.5,2025,1,2025-T1,Stable,51.7,13.8,34.5,51.7
z_69.0_22.5,2025,2,2025-T2,Stable,50.9,14.3,34.8,50.9
z_69.0_22.5,2025,3,2025-T3,Stable,48.6,18.2,33.1,48.6
z_69.0_22.5,2025,4,2025-T4,Stable,45.5,19.9,34.6,45.5
z_69.0_22.5,2026,1,2026-T1,Stable,54.0,19.1,26.9,54.0
z_69.0_22.5,2026,2,2026-T2,Stable,48.8,21.7,29.5,48.8
z_69.0_22.5,2026,3,2026-T3,Stable,52.8,15.7,31.5,52.8
z_69.0_22.5,2026,4,2026-T4,Stable,58.9,11.0,30.1,58.9
z_69.0_22.5,2027,1,2027-T1,Stable,52.1,11.6,36.4,52.1
z_69.0_22.5,2027,2,2027-T2,Stable,54.6,10.5,34.9,54.6
z_69.0_22.5,2027,3,2027-T3,Stable,45.4,18.9,35.6,45.4
z_69.0_22.5,2027,4,2027-T4,Stable,53.9,13.9,32.3,53.9
z_69.0_22.5,2028,1,2028-T1,Stable,52.1,11.6,36.4,52.1
z_69.0_22.5,2028,2,2028-T2,Stable,51.2,11.9,36.9,51.2
z_69.0_22.5,2028,3,2028-T3,Stable,52.0,12.3,35.6,52.0
z_69.0_22.5,2028,4,2028-T4,Stable,55.7,15.4,28.9,55.7
z_69.0_22.5,2029,1,2029-T1,Stable,52.1,11.6,36.4,52.1
z_69.0_22.5,2029,2,2029-T2,Stable,53.2,10.2,36.6,53.2
z_69.0_22.5,2029,3,2029-T3,Stable,47.8,13.9,38.3,47.8
z_69.0_22.5,2029,4,2029-T4,Stable,53.9,14.5,31.5,53.9
z_69.0_22.5,2030,1,2030-T1,Stable,52.1,11.6,36.4,52.1
z_69.0_22.5,2030,2,2030-T2,Stable,53.2,10.2,36.6,53.2
z_69.0_22.5,2030,3,2030-T3,Stable,50.5,11.7,37.8,50.5
z_69.0_22.5,2030,4,2030-T4,Stable,46.3,17.8,35.8,46.3
z_69.0_30.0,2023,1,2023-T1,Diminution,69.0,4.9,69.0,26.1
z_69.0_30.0,2023,2,2023-T2,Diminution,62.3,5.9,62.3,31.8
z_69.0_30.0,2023,3,2023-T3,Diminution,49.6,9.0,49.6,41.5
z_69.0_30.0,2023,4,2023-T4,Diminution,54.9,7.8,54.9,37.3
z_69.0_30.0,2024,1,2024-T1,Diminution,72.5,6.2,72.5,21.3
z_69.0_30.0,2024,2,2024-T2,Diminution,50.2,5.8,50.2,44.0
z_69.0_30.0,2024,3,2024-T3,Diminution,50.0,11.1,50.0,38.9
z_69.0_30.0,2024,4,2024-T4,Diminution,56.0,6.2,56.0,37.8
z_69.0_30.0,2025,1,2025-T1,Diminution,77.2,4.1,77.2,18.7
z_69.0_30.0,2025,2,2025-T2,Diminution,58.4,5.7,58.4,35.8
z_69.0_30.0,2025,3,2025-T3,Diminution,53.6,8.8,53.6,37.6
z_69.0_30.0,2025,4,2025-T4,Diminution,52.9,7.4,52.9,39.7
z_69.0_30.0,2026,1,2026-T1,Diminution,77.2,4.1,77.2,18.7
z_69.0_30.0,2026,2,2026-T2,Diminution,58.4,5.7,58.4,35.8
z_69.0_30.0,2026,3,2026-T3,Diminution,49.9,10.3,49.9,39.8
z_69.0_30.0,2026,4,2026-T4,Diminution,52.8,8.4,52.8,38.8
z_69.0_30.0,2027,1,2027-T1,Diminution,77.2,4.1,77.2,18.7
z_69.0_30.0,2027,2,2027-T2,Diminution,58.4,5.7,58.4,35.8
z_69.0_30.0,2027,3,2027-T3,Diminution,51.3,9.6,51.3,39.1
z_69.0_30.0,2027,4,2027-T4,Diminution,57.2,6.7,57.2,36.2
z_69.0_30.0,2028,1,2028-T1,Diminution,77.2,4.1,77.2,18.7
z_69.0_30.0,2028,2,2028-T2,Diminution,58.4,5.7,58.4,35.8
z_69.0_30.0,2028,3,2028-T3,Diminution,53.7,9.1,53.7,37.2
z_69.0_30.0,2028,4,2028-T4,Diminution,51.6,6.5,51.6,42.0
z_69.0_30.0,2029,1,2029-T1,Diminution,77.2,4.1,77.2,18.7
z_69.0_30.0,2029,2,2029-T2,Diminution,58.4,5.7,58.4,35.8
z_69.0_30.0,2029,3,2029-T3,Diminution,53.7,9.1,53.7,37.2
z_69.0_30.0,2029,4,2029-T4,Diminution,60.1,6.3,60.1,33.6
z_69.0_30.0,2030,1,2030-T1,Diminution,77.2,4.1,77.2,18.7
z_69.0_30.0,2030,2,2030-T2,Diminution,58.4,5.7,58.4,35.8
z_69.0_30.0,2030,3,2030-T3,Diminution,53.7,9.1,53.7,37.2
z_69.0_30.0,2030,4,2030-T4,Diminution,60.1,6.3,60.1,33.6
z_70.5_13.5,2023,1,2023-T1,Diminution,79.5,2.6,79.5,17.9
z_70.5_13.5,2023,2,2023-T2,Diminution,75.5,2.5,75.5,22.0
z_70.5_13.5,2023,3,2023-T3,Diminution,78.9,2.6,78.9,18.5
z_70.5_13.5,2023,4,2023-T4,Diminution,79.6,2.7,79.6,17.8
z_70.5_13.5,2024,1,2024-T1,Diminution,79.5,2.6,79.5,17.9
z_70.5_13.5,2024,2,2024-T2,Diminution,75.5,2.5,75.5,22.0
z_70.5_13.5,2024,3,2024-T3,Diminution,78.9,2.6,78.9,18.5
z_70.5_13.5,2024,4,2024-T4,Diminution,79.6,2.7,79.6,17.8
z_70.5_13.5,2025,1,2025-T1,Diminution,79.5,2.6,79.5,17.9
z_70.5_13.5,2025,2,2025-T2,Diminution,75.5,2.5,75.5,22.0
z_70.5_13.5,2025,3,2025-T3,Diminution,78.9,2.6,78.9,18.5
z_70.5_13.5,2025,4,2025-T4,Diminution,66.3,2.9,66.3,30.8
z_70.5_13.5,2026,1,2026-T1,Diminution,71.0,3.9,71.0,25.0
z_70.5_13.5,2026,2,2026-T2,Diminution,76.5,3.0,76.5,20.5
z_70.5_13.5,2026,3,2026-T3,Diminution,74.0,3.6,74.0,22.4
z_70.5_13.5,2026,4,2026-T4,Diminution,79.6,2.7,79.6,17.8
z_70.5_13.5,2027,1,2027-T1,Diminution,79.5,2.6,79.5,17.9
z_70.5_13.5,2027,2,2027-T2,Diminution,75.5,2.5,75.5,22.0
z_70.5_13.5,2027,3,2027-T3,Diminution,74.5,2.7,74.5,22.8
z_70.5_13.5,2027,4,2027-T4,Diminution,79.6,2.7,79.6,17.8
z_70.5_13.5,2028,1,2028-T1,Diminution,79.5,2.6,79.5,17.9
z_70.5_13.5,2028,2,2028-T2,Diminution,75.5,2.5,75.5,22.0
z_70.5_13.5,2028,3,2028-T3,Diminution,70.2,3.2,70.2,26.5
z_70.5_13.5,2028,4,2028-T4,Diminution,79.6,2.7,79.6,17.8
z_70.5_13.5,2029,1,2029-T1,Diminution,79.5,2.6,79.5,17.9
z_70.5_13.5,2029,2,2029-T2,Diminution,75.5,2.5,75.5,22.0
z_70.5_13.5,2029,3,2029-T3,Diminution,76.8,3.4,76.8,19.7
z_70.5_13.5,2029,4,2029-T4,Diminution,79.6,2.7,79.6,17.8
z_70.5_13.5,2030,1,2030-T1,Diminution,79.5,2.6,79.5,17.9
z_70.5_13.5,2030,2,2030-T2,Diminution,75.5,2.5,75.5,22.0
z_70.5_13.5,2030,3,2030-T3,Diminution,66.7,3.2,66.7,30.1
z_70.5_13.5,2030,4,2030-T4,Diminution,79.6,2.7,79.6,17.8
z_70.5_16.5,2023,1,2023-T1,Diminution,52.6,8.2,52.6,39.2
z_70.5_16.5,2023,2,2023-T2,Diminution,55.7,5.7,55.7,38.5
z_70.5_16.5,2023,3,2023-T3,Diminution,68.5,7.7,68.5,23.8
z_70.5_16.5,2023,4,2023-T4,Diminution,70.9,6.2,70.9,22.9
z_70.5_16.5,2024,1,2024-T1,Diminution,54.0,6.7,54.0,39.3
z_70.5_16.5,2024,2,2024-T2,Diminution,55.7,5.7,55.7,38.5
z_70.5_16.5,2024,3,2024-T3,Diminution,68.5,7.7,68.5,23.8
z_70.5_16.5,2024,4,2024-T4,Diminution,70.9,6.2,70.9,22.9
z_70.5_16.5,2025,1,2025-T1,Stable,47.3,6.7,46.0,47.3
z_70.5_16.5,2025,2,2025-T2,Diminution,69.2,4.4,69.2,26.4
z_70.5_16.5,2025,3,2025-T3,Diminution,85.8,3.3,85.8,10.9
z_70.5_16.5,2025,4,2025-T4,Diminution,72.1,5.0,72.1,22.9
z_70.5_16.5,2026,1,2026-T1,Diminution,46.8,6.5,46.8,46.7
z_70.5_16.5,2026,2,2026-T2,Diminution,69.2,4.4,69.2,26.4
z_70.5_16.5,2026,3,2026-T3,Diminution,85.8,3.3,85.8,10.9
z_70.5_16.5,2026,4,2026-T4,Diminution,72.1,5.0,72.1,22.9
z_70.5_16.5,2027,1,2027-T1,Diminution,51.3,6.2,51.3,42.5
z_70.5_16.5,2027,2,2027-T2,Diminution,69.2,4.4,69.2,26.4
z_70.5_16.5,2027,3,2027-T3,Diminution,85.8,3.3,85.8,10.9
z_70.5_16.5,2027,4,2027-T4,Diminution,72.1,5.0,72.1,22.9
z_70.5_16.5,2028,1,2028-T1,Diminution,49.6,10.1,49.6,40.3
z_70.5_16.5,2028,2,2028-T2,Diminution,69.2,4.4,69.2,26.4
z_70.5_16.5,2028,3,2028-T3,Diminution,85.8,3.3,85.8,10.9
z_70.5_16.5,2028,4,2028-T4,Diminution,72.1,5.0,72.1,22.9
z_70.5_16.5,2029,1,2029-T1,Diminution,49.6,9.0,49.6,41.4
z_70.5_16.5,2029,2,2029-T2,Diminution,69.2,4.4,69.2,26.4
z_70.5_16.5,2029,3,2029-T3,Diminution,85.8,3.3,85.8,10.9
z_70.5_16.5,2029,4,2029-T4,Diminution,72.1,5.0,72.1,22.9
z_70.5_16.5,2030,1,2030-T1,Diminution,58.8,7.3,58.8,33.9
z_70.5_16.5,2030,2,2030-T2,Diminution,69.2,4.4,69.2,26.4
z_70.5_16.5,2030,3,2030-T3,Diminution,85.8,3.3,85.8,10.9
z_70.5_16.5,2030,4,2030-T4,Diminution,72.1,5.0,72.1,22.9
z_70.5_18.0,2023,1,2023-T1,Diminution,72.3,3.5,72.3,24.2
z_70.5_18.0,2023,2,2023-T2,Diminution,69.3,3.2,69.3,27.4
z_70.5_18.0,2023,3,2023-T3,Diminution,72.1,3.3,72.1,24.6
z_70.5_18.0,2023,4,2023-T4,Diminution,72.5,3.8,72.5,23.7
z_70.5_18.0,2024,1,2024-T1,Diminution,62.7,4.1,62.7,33.3
z_70.5_18.0,2024,2,2024-T2,Diminution,61.9,3.2,61.9,34.8
z_70.5_18.0,2024,3,2024-T3,Diminution,74.7,3.4,74.7,21.9
z_70.5_18.0,2024,4,2024-T4,Diminution,68.0,5.3,68.0,26.7
z_70.5_18.0,2025,1,2025-T1,Diminution,72.3,3.5,72.3,24.2
z_70.5_18.0,2025,2,2025-T2,Diminution,69.3,3.2,69.3,27.4
z_70.5_18.0,2025,3,2025-T3,Diminution,72.1,3.3,72.1,24.6
z_70.5_18.0,2025,4,2025-T4,Diminution,68.7,3.9,68.7,27.3
z_70.5_18.0,2026,1,2026-T1,Diminution,62.7,4.1,62.7,33.3
z_70.5_18.0,2026,2,2026-T2,Diminution,61.9,3.2,61.9,34.8
z_70.5_18.0,2026,3,2026-T3,Diminution,74.7,3.4,74.7,21.9
z_70.5_18.0,2026,4,2026-T4,Diminution,63.3,5.0,63.3,31.7
z_70.5_18.0,2027,1,2027-T1,Diminution,72.3,3.5,72.3,24.2
z_70.5_18.0,2027,2,2027-T2,Diminution,69.3,3.2,69.3,27.4
z_70.5_18.0,2027,3,2027-T3,Diminution,72.1,3.3,72.1,24.6
z_70.5_18.0,2027,4,2027-T4,Diminution,68.2,4.7,68.2,27.1
z_70.5_18.0,2028,1,2028-T1,Diminution,72.3,3.5,72.3,24.2
z_70.5_18.0,2028,2,2028-T2,Diminution,69.3,3.2,69.3,27.4
z_70.5_18.0,2028,3,2028-T3,Diminution,72.1,3.3,72.1,24.6
z_70.5_18.0,2028,4,2028-T4,Diminution,60.6,5.7,60.6,33.7
z_70.5_18.0,2029,1,2029-T1,Diminution,72.3,3.5,72.3,24.2
z_70.5_18.0,2029,2,2029-T2,Diminution,69.3,3.2,69.3,27.4
z_70.5_18.0,2029,3,2029-T3,Diminution,72.1,3.3,72.1,24.6
z_70.5_18.0,2029,4,2029-T4,Diminution,71.3,4.6,71.3,24.1
z_70.5_18.0,2030,1,2030-T1,Diminution,72.3,3.5,72.3,24.2
z_70.5_18.0,2030,2,2030-T2,Diminution,69.3,3.2,69.3,27.4
z_70.5_18.0,2030,3,2030-T3,Diminution,72.1,3.3,72.1,24.6
z_70.5_18.0,2030,4,2030-T4,Diminution,64.3,4.4,64.3,31.3
z_70.5_19.5,2023,1,2023-T1,Diminution,58.8,5.1,58.8,36.1
z_70.5_19.5,2023,2,2023-T2,Diminution,66.0,4.7,66.0,29.3
z_70.5_19.5,2023,3,2023-T3,Diminution,68.3,5.0,68.3,26.7
z_70.5_19.5,2023,4,2023-T4,Diminution,68.4,5.5,68.4,26.2
z_70.5_19.5,2024,1,2024-T1,Diminution,68.8,4.7,68.8,26.5
z_70.5_19.5,2024,2,2024-T2,Diminution,66.0,4.7,66.0,29.3
z_70.5_19.5,2024,3,2024-T3,Diminution,68.3,5.0,68.3,26.7
z_70.5_19.5,2024,4,2024-T4,Diminution,68.4,5.5,68.4,26.2
z_70.5_19.5,2025,1,2025-T1,Diminution,57.7,7.6,57.7,34.6
z_70.5_19.5,2025,2,2025-T2,Diminution,49.1,7.3,49.1,43.6
z_70.5_19.5,2025,3,2025-T3,Diminution,56.9,10.5,56.9,32.6
z_70.5_19.5,2025,4,2025-T4,Diminution,46.7,12.2,46.7,41.1
z_70.5_19.5,2026,1,2026-T1,Diminution,70.1,4.9,70.1,25.0
z_70.5_19.5,2026,2,2026-T2,Diminution,60.6,5.9,60.6,33.4
z_70.5_19.5,2026,3,2026-T3,Diminution,68.3,5.0,68.3,26.7
z_70.5_19.5,2026,4,2026-T4,Diminution,60.9,6.4,60.9,32.7
z_70.5_19.5,2027,1,2027-T1,Diminution,68.8,4.7,68.8,26.5
z_70.5_19.5,2027,2,2027-T2,Diminution,60.8,6.2,60.8,33.0
z_70.5_19.5,2027,3,2027-T3,Diminution,68.3,5.0,68.3,26.7
z_70.5_19.5,2027,4,2027-T4,Diminution,64.0,4.8,64.0,31.2
z_70.5_19.5,2028,1,2028-T1,Diminution,68.8,4.7,68.8,26.5
z_70.5_19.5,2028,2,2028-T2,Diminution,64.2,4.6,64.2,31.2
z_70.5_19.5,2028,3,2028-T3,Diminution,68.3,5.0,68.3,26.7
z_70.5_19.5,2028,4,2028-T4,Diminution,61.3,5.3,61.3,33.5
z_70.5_19.5,2029,1,2029-T1,Diminution,68.8,4.7,68.8,26.5
z_70.5_19.5,2029,2,2029-T2,Diminution,64.3,6.1,64.3,29.6
z_70.5_19.5,2029,3,2029-T3,Diminution,68.3,5.0,68.3,26.7
z_70.5_19.5,2029,4,2029-T4,Diminution,51.4,5.8,51.4,42.8
z_70.5_19.5,2030,1,2030-T1,Diminution,68.8,4.7,68.8,26.5
z_70.5_19.5,2030,2,2030-T2,Diminution,56.2,6.0,56.2,37.9
z_70.5_19.5,2030,3,2030-T3,Diminution,68.3,5.0,68.3,26.7
z_70.5_19.5,2030,4,2030-T4,Diminution,68.4,5.5,68.4,26.2
z_70.5_21.0,2023,1,2023-T1,Diminution,51.1,12.2,51.1,36.7
z_70.5_21.0,2023,2,2023-T2,Diminution,55.2,4.6,55.2,40.2
z_70.5_21.0,2023,3,2023-T3,Diminution,56.6,5.2,56.6,38.2
z_70.5_21.0,2023,4,2023-T4,Diminution,73.5,5.6,73.5,20.9
z_70.5_21.0,2024,1,2024-T1,Diminution,50.7,9.9,50.7,39.4
z_70.5_21.0,2024,2,2024-T2,Diminution,70.8,3.4,70.8,25.8
z_70.5_21.0,2024,3,2024-T3,Diminution,73.7,3.6,73.7,22.8
z_70.5_21.0,2024,4,2024-T4,Diminution,73.8,4.0,73.8,22.2
z_70.5_21.0,2025,1,2025-T1,Stable,51.0,10.3,38.7,51.0
z_70.5_21.0,2025,2,2025-T2,Diminution,63.7,3.4,63.7,32.9
z_70.5_21.0,2025,3,2025-T3,Diminution,76.2,3.6,76.2,20.2
z_70.5_21.0,2025,4,2025-T4,Diminution,69.2,5.9,69.2,24.9
z_70.5_21.0,2026,1,2026-T1,Diminution,48.8,9.2,48.8,42.0
z_70.5_21.0,2026,2,2026-T2,Diminution,70.8,3.4,70.8,25.8
z_70.5_21.0,2026,3,2026-T3,Diminution,73.7,3.6,73.7,22.8
z_70.5_21.0,2026,4,2026-T4,Diminution,70.0,4.3,70.0,25.7
z_70.5_21.0,2027,1,2027-T1,Diminution,52.7,11.1,52.7,36.2
z_70.5_21.0,2027,2,2027-T2,Diminution,70.8,3.4,70.8,25.8
z_70.5_21.0,2027,3,2027-T3,Diminution,73.7,3.6,73.7,22.8
z_70.5_21.0,2027,4,2027-T4,Diminution,68.0,4.1,68.0,27.8
z_70.5_21.0,2028,1,2028-T1,Diminution,49.0,12.5,49.0,38.5
z_70.5_21.0,2028,2,2028-T2,Diminution,70.8,3.4,70.8,25.8
z_70.5_21.0,2028,3,2028-T3,Diminution,73.7,3.6,73.7,22.8
z_70.5_21.0,2028,4,2028-T4,Diminution,72.5,4.6,72.5,22.8
z_70.5_21.0,2029,1,2029-T1,Diminution,54.6,11.2,54.6,34.2
z_70.5_21.0,2029,2,2029-T2,Diminution,70.8,3.4,70.8,25.8
z_70.5_21.0,2029,3,2029-T3,Diminution,73.7,3.6,73.7,22.8
z_70.5_21.0,2029,4,2029-T4,Diminution,65.3,4.5,65.3,30.1
z_70.5_21.0,2030,1,2030-T1,Diminution,54.6,11.2,54.6,34.2
z_70.5_21.0,2030,2,2030-T2,Diminution,70.8,3.4,70.8,25.8
z_70.5_21.0,2030,3,2030-T3,Diminution,73.7,3.6,73.7,22.8
z_70.5_21.0,2030,4,2030-T4,Diminution,73.8,4.0,73.8,22.2
z_70.5_22.5,2023,1,2023-T1,Stable,45.2,12.0,42.7,45.2
z_70.5_22.5,2023,2,2023-T2,Diminution,62.1,8.0,62.1,29.9
z_70.5_22.5,2023,3,2023-T3,Diminution,48.6,6.8,48.6,44.6
z_70.5_22.5,2023,4,2023-T4,Diminution,50.0,12.7,50.0,37.3
z_70.5_22.5,2024,1,2024-T1,Stable,46.1,12.4,41.5,46.1
z_70.5_22.5,2024,2,2024-T2,Diminution,66.8,7.6,66.8,25.6
z_70.5_22.5,2024,3,2024-T3,Diminution,53.3,7.8,53.3,38.9
z_70.5_22.5,2024,4,2024-T4,Diminution,45.8,15.6,45.8,38.6
z_70.5_22.5,2025,1,2025-T1,Stable,52.5,14.2,33.4,52.5
z_70.5_22.5,2025,2,2025-T2,Diminution,52.5,15.6,52.5,31.9
z_70.5_22.5,2025,3,2025-T3,Stable,46.5,26.2,27.3,46.5
z_70.5_22.5,2025,4,2025-T4,Stable,49.1,30.0,20.9,49.1
z_70.5_22.5,2026,1,2026-T1,Stable,50.8,29.3,19.8,50.8
z_70.5_22.5,2026,2,2026-T2,Diminution,55.7,12.4,55.7,31.9
z_70.5_22.5,2026,3,2026-T3,Diminution,49.0,10.3,49.0,40.7
z_70.5_22.5,2026,4,2026-T4,Stable,46.7,13.4,39.9,46.7
z_70.5_22.5,2027,1,2027-T1,Stable,48.1,11.0,40.9,48.1
z_70.5_22.5,2027,2,2027-T2,Diminution,73.0,7.1,73.0,19.9
z_70.5_22.5,2027,3,2027-T3,Diminution,57.5,6.9,57.5,35.6
z_70.5_22.5,2027,4,2027-T4,Diminution,44.3,12.0,44.3,43.7
z_70.5_22.5,2028,1,2028-T1,Stable,45.7,14.5,39.7,45.7
z_70.5_22.5,2028,2,2028-T2,Diminution,71.5,6.8,71.5,21.7
z_70.5_22.5,2028,3,2028-T3,Diminution,58.4,6.5,58.4,35.2
z_70.5_22.5,2028,4,2028-T4,Diminution,50.4,12.4,50.4,37.3
z_70.5_22.5,2029,1,2029-T1,Diminution,46.3,15.6,46.3,38.0
z_70.5_22.5,2029,2,2029-T2,Diminution,76.6,6.5,76.6,16.9
z_70.5_22.5,2029,3,2029-T3,Diminution,61.7,7.6,61.7,30.7
z_70.5_22.5,2029,4,2029-T4,Diminution,46.3,14.2,46.3,39.4
z_70.5_22.5,2030,1,2030-T1,Stable,43.2,16.1,40.8,43.2
z_70.5_22.5,2030,2,2030-T2,Diminution,70.5,7.6,70.5,21.9
z_70.5_22.5,2030,3,2030-T3,Diminution,56.6,7.9,56.6,35.4
z_70.5_22.5,2030,4,2030-T4,Diminution,50.0,12.2,50.0,37.8
z_70.5_24.0,2023,1,2023-T1,Stable,37.7,31.3,31.0,37.7
z_70.5_24.0,2023,2,2023-T2,Stable,45.2,20.9,33.9,45.2
z_70.5_24.0,2023,3,2023-T3,Augmentation,40.7,40.7,21.4,37.9
z_70.5_24.0,2023,4,2023-T4,Stable,45.8,26.7,27.5,45.8
z_70.5_24.0,2024,1,2024-T1,Augmentation,40.5,40.5,21.8,37.7
z_70.5_24.0,2024,2,2024-T2,Stable,38.3,32.6,29.1,38.3
z_70.5_24.0,2024,3,2024-T3,Stable,41.0,35.6,23.4,41.0
z_70.5_24.0,2024,4,2024-T4,Stable,38.5,30.0,31.5,38.5
z_70.5_24.0,2025,1,2025-T1,Stable,43.2,28.7,28.2,43.2
z_70.5_24.0,2025,2,2025-T2,Stable,44.6,24.7,30.7,44.6
z_70.5_24.0,2025,3,2025-T3,Stable,42.4,26.9,30.7,42.4
z_70.5_24.0,2025,4,2025-T4,Stable,45.4,11.2,43.4,45.4
z_70.5_24.0,2026,1,2026-T1,Stable,50.9,14.8,34.3,50.9
z_70.5_24.0,2026,2,2026-T2,Stable,45.8,10.2,44.0,45.8
z_70.5_24.0,2026,3,2026-T3,Stable,51.9,13.9,34.2,51.9
z_70.5_24.0,2026,4,2026-T4,Diminution,48.8,10.9,48.8,40.3
z_70.5_24.0,2027,1,2027-T1,Stable,49.3,17.7,32.9,49.3
z_70.5_24.0,2027,2,2027-T2,Stable,47.6,8.5,43.9,47.6
z_70.5_24.0,2027,3,2027-T3,Stable,46.7,15.9,37.4,46.7
z_70.5_24.0,2027,4,2027-T4,Stable,50.9,8.1,41.1,50.9
z_70.5_24.0,2028,1,2028-T1,Stable,42.9,23.2,33.9,42.9
z_70.5_24.0,2028,2,2028-T2,Stable,46.6,10.2,43.2,46.6
z_70.5_24.0,2028,3,2028-T3,Stable,50.9,12.4,36.7,50.9
z_70.5_24.0,2028,4,2028-T4,Diminution,47.3,10.3,47.3,42.4
z_70.5_24.0,2029,1,2029-T1,Stable,53.7,13.2,33.1,53.7
z_70.5_24.0,2029,2,2029-T2,Diminution,47.2,7.6,47.2,45.3
z_70.5_24.0,2029,3,2029-T3,Stable,50.9,12.4,36.7,50.9
z_70.5_24.0,2029,4,2029-T4,Diminution,49.2,7.3,49.2,43.4
z_70.5_24.0,2030,1,2030-T1,Stable,49.4,15.0,35.6,49.4
z_70.5_24.0,2030,2,2030-T2,Diminution,49.2,6.0,49.2,44.8
z_70.5_24.0,2030,3,2030-T3,Stable,50.9,12.4,36.7,50.9
z_70.5_24.0,2030,4,2030-T4,Diminution,49.2,7.3,49.2,43.4
z_70.5_25.5,2023,1,2023-T1,Stable,40.5,22.5,37.0,40.5
z_70.5_25.5,2023,2,2023-T2,Stable,49.8,15.3,34.9,49.8
z_70.5_25.5,2023,3,2023-T3,Diminution,53.7,9.0,53.7,37.3
z_70.5_25.5,2023,4,2023-T4,Diminution,52.7,8.6,52.7,38.7
z_70.5_25.5,2024,1,2024-T1,Stable,42.8,20.3,36.9,42.8
z_70.5_25.5,2024,2,2024-T2,Stable,48.1,15.3,36.6,48.1
z_70.5_25.5,2024,3,2024-T3,Diminution,49.4,8.8,49.4,41.8
z_70.5_25.5,2024,4,2024-T4,Diminution,49.8,9.5,49.8,40.7
z_70.5_25.5,2025,1,2025-T1,Stable,44.5,17.7,37.8,44.5
z_70.5_25.5,2025,2,2025-T2,Stable,45.4,16.6,38.0,45.4
z_70.5_25.5,2025,3,2025-T3,Stable,47.7,9.3,42.9,47.7
z_70.5_25.5,2025,4,2025-T4,Diminution,58.6,6.3,58.6,35.1
z_70.5_25.5,2026,1,2026-T1,Stable,48.6,12.5,38.9,48.6
z_70.5_25.5,2026,2,2026-T2,Stable,49.8,12.4,37.8,49.8
z_70.5_25.5,2026,3,2026-T3,Diminution,46.8,9.8,46.8,43.4
z_70.5_25.5,2026,4,2026-T4,Diminution,58.6,6.3,58.6,35.1
z_70.5_25.5,2027,1,2027-T1,Stable,48.6,12.5,38.9,48.6
z_70.5_25.5,2027,2,2027-T2,Stable,46.6,14.8,38.5,46.6
z_70.5_25.5,2027,3,2027-T3,Diminution,48.9,9.8,48.9,41.3
z_70.5_25.5,2027,4,2027-T4,Diminution,58.6,6.3,58.6,35.1
z_70.5_25.5,2028,1,2028-T1,Stable,48.6,12.5,38.9,48.6
z_70.5_25.5,2028,2,2028-T2,Stable,47.7,12.3,40.0,47.7
z_70.5_25.5,2028,3,2028-T3,Diminution,48.3,12.1,48.3,39.6
z_70.5_25.5,2028,4,2028-T4,Diminution,58.6,6.3,58.6,35.1
z_70.5_25.5,2029,1,2029-T1,Stable,48.6,12.5,38.9,48.6
z_70.5_25.5,2029,2,2029-T2,Stable,47.7,12.3,40.0,47.7
z_70.5_25.5,2029,3,2029-T3,Diminution,51.6,9.5,51.6,39.0
z_70.5_25.5,2029,4,2029-T4,Diminution,58.6,6.3,58.6,35.1
z_70.5_25.5,2030,1,2030-T1,Stable,48.6,12.5,38.9,48.6
z_70.5_25.5,2030,2,2030-T2,Stable,47.7,12.3,40.0,47.7
z_70.5_25.5,2030,3,2030-T3,Diminution,53.7,9.0,53.7,37.3
z_70.5_25.5,2030,4,2030-T4,Diminution,58.6,6.3,58.6,35.1
z_70.5_27.0,2023,1,2023-T1,Diminution,54.6,6.7,54.6,38.7
z_70.5_27.0,2023,2,2023-T2,Diminution,54.2,6.5,54.2,39.3
z_70.5_27.0,2023,3,2023-T3,Diminution,87.0,2.3,87.0,10.7
z_70.5_27.0,2023,4,2023-T4,Diminution,72.3,4.7,72.3,23.0
z_70.5_27.0,2024,1,2024-T1,Diminution,55.5,7.3,55.5,37.2
z_70.5_27.0,2024,2,2024-T2,Diminution,54.0,5.7,54.0,40.3
z_70.5_27.0,2024,3,2024-T3,Diminution,87.0,2.3,87.0,10.7
z_70.5_27.0,2024,4,2024-T4,Diminution,63.5,6.1,63.5,30.5
z_70.5_27.0,2025,1,2025-T1,Diminution,51.5,8.3,51.5,40.3
z_70.5_27.0,2025,2,2025-T2,Diminution,58.3,7.1,58.3,34.6
z_70.5_27.0,2025,3,2025-T3,Diminution,82.4,3.5,82.4,14.1
z_70.5_27.0,2025,4,2025-T4,Diminution,63.5,6.1,63.5,30.5
z_70.5_27.0,2026,1,2026-T1,Diminution,48.3,11.0,48.3,40.6
z_70.5_27.0,2026,2,2026-T2,Diminution,52.8,7.6,52.8,39.6
z_70.5_27.0,2026,3,2026-T3,Diminution,79.8,4.0,79.8,16.2
z_70.5_27.0,2026,4,2026-T4,Diminution,72.3,4.7,72.3,23.0
z_70.5_27.0,2027,1,2027-T1,Diminution,59.1,7.1,59.1,33.8
z_70.5_27.0,2027,2,2027-T2,Diminution,58.9,5.9,58.9,35.2
z_70.5_27.0,2027,3,2027-T3,Diminution,81.1,2.5,81.1,16.4
z_70.5_27.0,2027,4,2027-T4,Diminution,72.3,4.7,72.3,23.0
z_70.5_27.0,2028,1,2028-T1,Diminution,59.1,7.1,59.1,33.8
z_70.5_27.0,2028,2,2028-T2,Diminution,58.9,5.9,58.9,35.2
z_70.5_27.0,2028,3,2028-T3,Diminution,84.1,2.9,84.1,12.9
z_70.5_27.0,2028,4,2028-T4,Diminution,72.3,4.7,72.3,23.0
z_70.5_27.0,2029,1,2029-T1,Diminution,59.1,7.1,59.1,33.8
z_70.5_27.0,2029,2,2029-T2,Diminution,58.9,5.9,58.9,35.2
z_70.5_27.0,2029,3,2029-T3,Diminution,76.9,3.9,76.9,19.2
z_70.5_27.0,2029,4,2029-T4,Diminution,72.3,4.7,72.3,23.0
z_70.5_27.0,2030,1,2030-T1,Diminution,59.1,7.1,59.1,33.8
z_70.5_27.0,2030,2,2030-T2,Diminution,58.9,5.9,58.9,35.2
z_70.5_27.0,2030,3,2030-T3,Diminution,77.1,2.9,77.1,20.0
z_70.5_27.0,2030,4,2030-T4,Diminution,72.3,4.7,72.3,23.0
z_70.5_28.5,2023,1,2023-T1,Diminution,68.8,4.8,68.8,26.4
z_70.5_28.5,2023,2,2023-T2,Diminution,47.3,13.2,47.3,39.5
z_70.5_28.5,2023,3,2023-T3,Diminution,58.2,8.6,58.2,33.2
z_70.5_28.5,2023,4,2023-T4,Diminution,57.8,7.8,57.8,34.3
z_70.5_28.5,2024,1,2024-T1,Diminution,52.9,10.3,52.9,36.8
z_70.5_28.5,2024,2,2024-T2,Diminution,42.7,19.2,42.7,38.1
z_70.5_28.5,2024,3,2024-T3,Diminution,51.7,8.0,51.7,40.3
z_70.5_28.5,2024,4,2024-T4,Diminution,60.9,7.6,60.9,31.5
z_70.5_28.5,2025,1,2025-T1,Diminution,59.6,6.4,59.6,34.0
z_70.5_28.5,2025,2,2025-T2,Diminution,51.6,15.8,51.6,32.6
z_70.5_28.5,2025,3,2025-T3,Diminution,45.8,8.6,45.8,45.7
z_70.5_28.5,2025,4,2025-T4,Diminution,68.2,5.7,68.2,26.1
z_70.5_28.5,2026,1,2026-T1,Diminution,68.8,4.8,68.8,26.4
z_70.5_28.5,2026,2,2026-T2,Diminution,52.3,14.3,52.3,33.4
z_70.5_28.5,2026,3,2026-T3,Diminution,50.2,7.9,50.2,41.9
z_70.5_28.5,2026,4,2026-T4,Diminution,68.2,5.7,68.2,26.1
z_70.5_28.5,2027,1,2027-T1,Diminution,68.8,4.8,68.8,26.4
z_70.5_28.5,2027,2,2027-T2,Diminution,52.3,14.3,52.3,33.4
z_70.5_28.5,2027,3,2027-T3,Diminution,52.0,8.8,52.0,39.2
z_70.5_28.5,2027,4,2027-T4,Diminution,68.2,5.7,68.2,26.1
z_70.5_28.5,2028,1,2028-T1,Diminution,68.8,4.8,68.8,26.4
z_70.5_28.5,2028,2,2028-T2,Diminution,52.3,14.3,52.3,33.4
z_70.5_28.5,2028,3,2028-T3,Diminution,47.9,12.1,47.9,40.0
z_70.5_28.5,2028,4,2028-T4,Diminution,68.2,5.7,68.2,26.1
z_70.5_28.5,2029,1,2029-T1,Diminution,68.8,4.8,68.8,26.4
z_70.5_28.5,2029,2,2029-T2,Diminution,52.3,14.3,52.3,33.4
z_70.5_28.5,2029,3,2029-T3,Diminution,52.6,9.6,52.6,37.8
z_70.5_28.5,2029,4,2029-T4,Diminution,68.2,5.7,68.2,26.1
z_70.5_28.5,2030,1,2030-T1,Diminution,68.8,4.8,68.8,26.4
z_70.5_28.5,2030,2,2030-T2,Diminution,52.3,14.3,52.3,33.4
z_70.5_28.5,2030,3,2030-T3,Diminution,58.2,8.6,58.2,33.2
z_70.5_28.5,2030,4,2030-T4,Diminution,68.2,5.7,68.2,26.1
z_70.5_30.0,2023,1,2023-T1,Stable,45.3,13.0,41.7,45.3
z_70.5_30.0,2023,2,2023-T2,Diminution,54.0,9.4,54.0,36.7
z_70.5_30.0,2023,3,2023-T3,Diminution,44.5,17.3,44.5,38.2
z_70.5_30.0,2023,4,2023-T4,Diminution,54.2,9.5,54.2,36.3
z_70.5_30.0,2024,1,2024-T1,Stable,42.2,20.7,37.1,42.2
z_70.5_30.0,2024,2,2024-T2,Diminution,45.0,10.6,45.0,44.5
z_70.5_30.0,2024,3,2024-T3,Diminution,46.7,17.4,46.7,35.8
z_70.5_30.0,2024,4,2024-T4,Diminution,50.7,9.2,50.7,40.1
z_70.5_30.0,2025,1,2025-T1,Diminution,45.4,13.3,45.4,41.4
z_70.5_30.0,2025,2,2025-T2,Diminution,52.3,10.0,52.3,37.6
z_70.5_30.0,2025,3,2025-T3,Stable,41.7,19.8,38.5,41.7
z_70.5_30.0,2025,4,2025-T4,Stable,53.2,21.6,25.2,53.2
z_70.5_30.0,2026,1,2026-T1,Stable,40.5,33.4,26.1,40.5
z_70.5_30.0,2026,2,2026-T2,Stable,46.5,15.8,37.7,46.5
z_70.5_30.0,2026,3,2026-T3,Diminution,43.8,16.1,43.8,40.1
z_70.5_30.0,2026,4,2026-T4,Diminution,50.7,9.3,50.7,40.1
z_70.5_30.0,2027,1,2027-T1,Diminution,46.2,13.5,46.2,40.3
z_70.5_30.0,2027,2,2027-T2,Diminution,47.1,10.2,47.1,42.8
z_70.5_30.0,2027,3,2027-T3,Stable,43.3,14.7,42.0,43.3
z_70.5_30.0,2027,4,2027-T4,Diminution,46.1,11.0,46.1,42.9
z_70.5_30.0,2028,1,2028-T1,Diminution,46.2,13.5,46.2,40.3
z_70.5_30.0,2028,2,2028-T2,Diminution,53.0,8.6,53.0,38.3
z_70.5_30.0,2028,3,2028-T3,Diminution,45.0,15.8,45.0,39.2
z_70.5_30.0,2028,4,2028-T4,Diminution,52.3,11.1,52.3,36.6
z_70.5_30.0,2029,1,2029-T1,Diminution,46.2,13.5,46.2,40.3
z_70.5_30.0,2029,2,2029-T2,Diminution,48.5,9.6,48.5,41.9
z_70.5_30.0,2029,3,2029-T3,Diminution,44.4,15.3,44.4,40.2
z_70.5_30.0,2029,4,2029-T4,Diminution,50.7,10.4,50.7,38.9
z_70.5_30.0,2030,1,2030-T1,Diminution,46.2,13.5,46.2,40.3
z_70.5_30.0,2030,2,2030-T2,Diminution,49.5,10.8,49.5,39.6
z_70.5_30.0,2030,3,2030-T3,Diminution,44.5,17.3,44.5,38.2
z_70.5_30.0,2030,4,2030-T4,Diminution,51.9,9.8,51.9,38.2
z_70.5_33.0,2023,1,2023-T1,Diminution,62.9,6.1,62.9,31.0
z_70.5_33.0,2023,2,2023-T2,Diminution,64.0,5.6,64.0,30.5
z_70.5_33.0,2023,3,2023-T3,Diminution,66.2,5.7,66.2,28.1
z_70.5_33.0,2023,4,2023-T4,Diminution,66.6,6.0,66.6,27.4
z_70.5_33.0,2024,1,2024-T1,Diminution,64.4,5.0,64.4,30.7
z_70.5_33.0,2024,2,2024-T2,Diminution,64.0,5.6,64.0,30.5
z_70.5_33.0,2024,3,2024-T3,Diminution,66.2,5.7,66.2,28.1
z_70.5_33.0,2024,4,2024-T4,Diminution,66.6,6.0,66.6,27.4
z_70.5_33.0,2025,1,2025-T1,Diminution,65.1,5.6,65.1,29.3
z_70.5_33.0,2025,2,2025-T2,Diminution,64.0,5.6,64.0,30.5
z_70.5_33.0,2025,3,2025-T3,Diminution,66.2,5.7,66.2,28.1
z_70.5_33.0,2025,4,2025-T4,Diminution,66.6,6.0,66.6,27.4
z_70.5_33.0,2026,1,2026-T1,Diminution,53.3,8.5,53.3,38.2
z_70.5_33.0,2026,2,2026-T2,Diminution,55.4,5.9,55.4,38.6
z_70.5_33.0,2026,3,2026-T3,Diminution,68.5,6.0,68.5,25.5
z_70.5_33.0,2026,4,2026-T4,Diminution,61.5,6.8,61.5,31.7
z_70.5_33.0,2027,1,2027-T1,Diminution,67.4,5.1,67.4,27.5
z_70.5_33.0,2027,2,2027-T2,Diminution,64.0,5.6,64.0,30.5
z_70.5_33.0,2027,3,2027-T3,Diminution,66.2,5.7,66.2,28.1
z_70.5_33.0,2027,4,2027-T4,Diminution,62.2,7.2,62.2,30.6
z_70.5_33.0,2028,1,2028-T1,Diminution,67.4,5.1,67.4,27.5
z_70.5_33.0,2028,2,2028-T2,Diminution,64.0,5.6,64.0,30.5
z_70.5_33.0,2028,3,2028-T3,Diminution,66.2,5.7,66.2,28.1
z_70.5_33.0,2028,4,2028-T4,Diminution,63.9,5.7,63.9,30.4
z_70.5_33.0,2029,1,2029-T1,Diminution,67.4,5.1,67.4,27.5
z_70.5_33.0,2029,2,2029-T2,Diminution,64.0,5.6,64.0,30.5
z_70.5_33.0,2029,3,2029-T3,Diminution,66.2,5.7,66.2,28.1
z_70.5_33.0,2029,4,2029-T4,Diminution,63.8,6.5,63.8,29.7
z_70.5_33.0,2030,1,2030-T1,Diminution,67.4,5.1,67.4,27.5
z_70.5_33.0,2030,2,2030-T2,Diminution,64.0,5.6,64.0,30.5
z_70.5_33.0,2030,3,2030-T3,Diminution,66.2,5.7,66.2,28.1
z_70.5_33.0,2030,4,2030-T4,Diminution,55.5,6.7,55.5,37.7
z_72.0_13.5,2023,1,2023-T1,Diminution,72.2,4.2,72.2,23.6
z_72.0_13.5,2023,2,2023-T2,Diminution,68.8,3.7,68.8,27.5
z_72.0_13.5,2023,3,2023-T3,Diminution,58.5,4.1,58.5,37.4
z_72.0_13.5,2023,4,2023-T4,Diminution,63.6,5.2,63.6,31.2
z_72.0_13.5,2024,1,2024-T1,Diminution,72.9,4.3,72.9,22.8
z_72.0_13.5,2024,2,2024-T2,Diminution,62.3,5.0,62.3,32.7
z_72.0_13.5,2024,3,2024-T3,Diminution,71.5,3.9,71.5,24.6
z_72.0_13.5,2024,4,2024-T4,Diminution,71.9,4.5,71.9,23.6
z_72.0_13.5,2025,1,2025-T1,Diminution,61.0,4.5,61.0,34.6
z_72.0_13.5,2025,2,2025-T2,Diminution,58.7,4.7,58.7,36.5
z_72.0_13.5,2025,3,2025-T3,Diminution,73.0,4.1,73.0,22.9
z_72.0_13.5,2025,4,2025-T4,Diminution,66.6,5.8,66.6,27.6
z_72.0_13.5,2026,1,2026-T1,Diminution,72.2,4.2,72.2,23.6
z_72.0_13.5,2026,2,2026-T2,Diminution,66.0,3.9,66.0,30.1
z_72.0_13.5,2026,3,2026-T3,Diminution,71.5,3.9,71.5,24.6
z_72.0_13.5,2026,4,2026-T4,Diminution,67.3,4.7,67.3,28.0
z_72.0_13.5,2027,1,2027-T1,Diminution,72.2,4.2,72.2,23.6
z_72.0_13.5,2027,2,2027-T2,Diminution,69.3,4.8,69.3,25.9
z_72.0_13.5,2027,3,2027-T3,Diminution,71.5,3.9,71.5,24.6
z_72.0_13.5,2027,4,2027-T4,Diminution,66.4,4.3,66.4,29.3
z_72.0_13.5,2028,1,2028-T1,Diminution,72.2,4.2,72.2,23.6
z_72.0_13.5,2028,2,2028-T2,Diminution,60.9,4.4,60.9,34.7
z_72.0_13.5,2028,3,2028-T3,Diminution,71.5,3.9,71.5,24.6
z_72.0_13.5,2028,4,2028-T4,Diminution,71.9,4.7,71.9,23.4
z_72.0_13.5,2029,1,2029-T1,Diminution,72.2,4.2,72.2,23.6
z_72.0_13.5,2029,2,2029-T2,Diminution,68.8,3.7,68.8,27.5
z_72.0_13.5,2029,3,2029-T3,Diminution,71.5,3.9,71.5,24.6
z_72.0_13.5,2029,4,2029-T4,Diminution,64.4,4.6,64.4,31.0
z_72.0_13.5,2030,1,2030-T1,Diminution,72.2,4.2,72.2,23.6
z_72.0_13.5,2030,2,2030-T2,Diminution,68.8,3.7,68.8,27.5
z_72.0_13.5,2030,3,2030-T3,Diminution,71.5,3.9,71.5,24.6
z_72.0_13.5,2030,4,2030-T4,Diminution,71.9,4.5,71.9,23.6
z_72.0_15.0,2023,1,2023-T1,Diminution,70.3,4.2,70.3,25.5
z_72.0_15.0,2023,2,2023-T2,Diminution,67.8,3.9,67.8,28.3
z_72.0_15.0,2023,3,2023-T3,Diminution,70.7,4.2,70.7,25.1
z_72.0_15.0,2023,4,2023-T4,Diminution,71.0,4.7,71.0,24.4
z_72.0_15.0,2024,1,2024-T1,Diminution,61.0,4.8,61.0,34.2
z_72.0_15.0,2024,2,2024-T2,Diminution,47.3,10.9,47.3,41.8
z_72.0_15.0,2024,3,2024-T3,Diminution,43.9,15.1,43.9,41.0
z_72.0_15.0,2024,4,2024-T4,Diminution,49.1,14.0,49.1,36.9
z_72.0_15.0,2025,1,2025-T1,Diminution,61.8,8.3,61.8,29.9
z_72.0_15.0,2025,2,2025-T2,Diminution,61.3,5.0,61.3,33.7
z_72.0_15.0,2025,3,2025-T3,Diminution,70.7,4.2,70.7,25.1
z_72.0_15.0,2025,4,2025-T4,Diminution,67.0,4.7,67.0,28.2
z_72.0_15.0,2026,1,2026-T1,Diminution,66.1,4.2,66.1,29.6
z_72.0_15.0,2026,2,2026-T2,Diminution,65.6,4.7,65.6,29.7
z_72.0_15.0,2026,3,2026-T3,Diminution,70.7,4.2,70.7,25.1
z_72.0_15.0,2026,4,2026-T4,Diminution,66.6,4.6,66.6,28.9
z_72.0_15.0,2027,1,2027-T1,Diminution,65.8,4.3,65.8,29.9
z_72.0_15.0,2027,2,2027-T2,Diminution,65.8,4.3,65.8,29.9
z_72.0_15.0,2027,3,2027-T3,Diminution,70.7,4.2,70.7,25.1
z_72.0_15.0,2027,4,2027-T4,Diminution,70.3,5.0,70.3,24.7
z_72.0_15.0,2028,1,2028-T1,Diminution,69.8,4.6,69.8,25.6
z_72.0_15.0,2028,2,2028-T2,Diminution,67.4,5.3,67.4,27.3
z_72.0_15.0,2028,3,2028-T3,Diminution,70.7,4.2,70.7,25.1
z_72.0_15.0,2028,4,2028-T4,Diminution,64.2,4.8,64.2,31.0
z_72.0_15.0,2029,1,2029-T1,Diminution,64.1,4.4,64.1,31.5
z_72.0_15.0,2029,2,2029-T2,Diminution,60.9,4.5,60.9,34.6
z_72.0_15.0,2029,3,2029-T3,Diminution,70.7,4.2,70.7,25.1
z_72.0_15.0,2029,4,2029-T4,Diminution,71.0,4.7,71.0,24.4
z_72.0_15.0,2030,1,2030-T1,Diminution,70.3,4.2,70.3,25.5
z_72.0_15.0,2030,2,2030-T2,Diminution,67.8,3.9,67.8,28.3
z_72.0_15.0,2030,3,2030-T3,Diminution,70.7,4.2,70.7,25.1
z_72.0_15.0,2030,4,2030-T4,Diminution,71.0,4.7,71.0,24.4
z_72.0_19.5,2023,1,2023-T1,Diminution,86.4,1.9,86.4,11.8
z_72.0_19.5,2023,2,2023-T2,Diminution,89.4,1.7,89.4,8.8
z_72.0_19.5,2023,3,2023-T3,Diminution,75.9,2.1,75.9,22.0
z_72.0_19.5,2023,4,2023-T4,Diminution,79.1,2.9,79.1,18.0
z_72.0_19.5,2024,1,2024-T1,Diminution,83.9,4.0,83.9,12.0
z_72.0_19.5,2024,2,2024-T2,Diminution,84.1,1.5,84.1,14.4
z_72.0_19.5,2024,3,2024-T3,Diminution,90.2,2.0,90.2,7.7
z_72.0_19.5,2024,4,2024-T4,Diminution,91.2,1.8,91.2,7.0
z_72.0_19.5,2025,1,2025-T1,Diminution,79.9,2.2,79.9,18.0
z_72.0_19.5,2025,2,2025-T2,Diminution,85.1,4.5,85.1,10.4
z_72.0_19.5,2025,3,2025-T3,Diminution,90.2,2.0,90.2,7.7
z_72.0_19.5,2025,4,2025-T4,Diminution,91.2,1.8,91.2,7.0
z_72.0_19.5,2026,1,2026-T1,Diminution,86.7,2.4,86.7,10.8
z_72.0_19.5,2026,2,2026-T2,Diminution,78.4,2.0,78.4,19.6
z_72.0_19.5,2026,3,2026-T3,Diminution,90.2,2.0,90.2,7.7
z_72.0_19.5,2026,4,2026-T4,Diminution,91.2,1.8,91.2,7.0
z_72.0_19.5,2027,1,2027-T1,Diminution,66.6,5.6,66.6,27.8
z_72.0_19.5,2027,2,2027-T2,Diminution,84.4,2.5,84.4,13.1
z_72.0_19.5,2027,3,2027-T3,Diminution,90.2,2.0,90.2,7.7
z_72.0_19.5,2027,4,2027-T4,Diminution,91.2,1.8,91.2,7.0
z_72.0_19.5,2028,1,2028-T1,Diminution,91.5,1.6,91.5,6.9
z_72.0_19.5,2028,2,2028-T2,Diminution,64.2,5.1,64.2,30.7
z_72.0_19.5,2028,3,2028-T3,Diminution,90.2,2.0,90.2,7.7
z_72.0_19.5,2028,4,2028-T4,Diminution,91.2,1.8,91.2,7.0
z_72.0_19.5,2029,1,2029-T1,Diminution,91.5,1.6,91.5,6.9
z_72.0_19.5,2029,2,2029-T2,Diminution,89.4,1.7,89.4,8.8
z_72.0_19.5,2029,3,2029-T3,Diminution,90.2,2.0,90.2,7.7
z_72.0_19.5,2029,4,2029-T4,Diminution,91.2,1.8,91.2,7.0
z_72.0_19.5,2030,1,2030-T1,Diminution,91.5,1.6,91.5,6.9
z_72.0_19.5,2030,2,2030-T2,Diminution,89.4,1.7,89.4,8.8
z_72.0_19.5,2030,3,2030-T3,Diminution,90.2,2.0,90.2,7.7
z_72.0_19.5,2030,4,2030-T4,Diminution,91.2,1.8,91.2,7.0
z_72.0_24.0,2023,1,2023-T1,Diminution,70.0,4.3,70.0,25.6
z_72.0_24.0,2023,2,2023-T2,Diminution,67.7,4.1,67.7,28.2
z_72.0_24.0,2023,3,2023-T3,Diminution,61.4,5.4,61.4,33.2
z_72.0_24.0,2023,4,2023-T4,Diminution,61.3,5.4,61.3,33.3
z_72.0_24.0,2024,1,2024-T1,Diminution,71.0,4.5,71.0,24.6
z_72.0_24.0,2024,2,2024-T2,Diminution,60.6,5.4,60.6,34.0
z_72.0_24.0,2024,3,2024-T3,Diminution,70.7,4.3,70.7,25.0
z_72.0_24.0,2024,4,2024-T4,Diminution,70.8,4.9,70.8,24.3
z_72.0_24.0,2025,1,2025-T1,Diminution,70.0,4.3,70.0,25.6
z_72.0_24.0,2025,2,2025-T2,Diminution,64.4,5.6,64.4,30.1
z_72.0_24.0,2025,3,2025-T3,Diminution,70.7,4.3,70.7,25.0
z_72.0_24.0,2025,4,2025-T4,Diminution,70.8,4.9,70.8,24.3
z_72.0_24.0,2026,1,2026-T1,Diminution,70.0,4.3,70.0,25.6
z_72.0_24.0,2026,2,2026-T2,Diminution,66.0,4.3,66.0,29.7
z_72.0_24.0,2026,3,2026-T3,Diminution,70.7,4.3,70.7,25.0
z_72.0_24.0,2026,4,2026-T4,Diminution,70.8,4.9,70.8,24.3
z_72.0_24.0,2027,1,2027-T1,Diminution,70.0,4.3,70.0,25.6
z_72.0_24.0,2027,2,2027-T2,Diminution,67.1,5.5,67.1,27.4
z_72.0_24.0,2027,3,2027-T3,Diminution,70.7,4.3,70.7,25.0
z_72.0_24.0,2027,4,2027-T4,Diminution,70.8,4.9,70.8,24.3
z_72.0_24.0,2028,1,2028-T1,Diminution,70.0,4.3,70.0,25.6
z_72.0_24.0,2028,2,2028-T2,Diminution,57.9,5.1,57.9,37.0
z_72.0_24.0,2028,3,2028-T3,Diminution,70.7,4.3,70.7,25.0
z_72.0_24.0,2028,4,2028-T4,Diminution,70.8,4.9,70.8,24.3
z_72.0_24.0,2029,1,2029-T1,Diminution,70.0,4.3,70.0,25.6
z_72.0_24.0,2029,2,2029-T2,Diminution,67.7,4.1,67.7,28.2
z_72.0_24.0,2029,3,2029-T3,Diminution,70.7,4.3,70.7,25.0
z_72.0_24.0,2029,4,2029-T4,Diminution,70.8,4.9,70.8,24.3
z_72.0_24.0,2030,1,2030-T1,Diminution,70.0,4.3,70.0,25.6
z_72.0_24.0,2030,2,2030-T2,Diminution,67.7,4.1,67.7,28.2
z_72.0_24.0,2030,3,2030-T3,Diminution,70.7,4.3,70.7,25.0
z_72.0_24.0,2030,4,2030-T4,Diminution,70.8,4.9,70.8,24.3
z_72.0_25.5,2023,1,2023-T1,Diminution,72.3,3.9,72.3,23.9
z_72.0_25.5,2023,2,2023-T2,Diminution,69.7,3.6,69.7,26.7
z_72.0_25.5,2023,3,2023-T3,Diminution,62.4,4.2,62.4,33.4
z_72.0_25.5,2023,4,2023-T4,Diminution,62.8,4.4,62.8,32.7
z_72.0_25.5,2024,1,2024-T1,Diminution,73.7,3.9,73.7,22.3
z_72.0_25.5,2024,2,2024-T2,Diminution,50.7,8.9,50.7,40.3
z_72.0_25.5,2024,3,2024-T3,Diminution,62.1,3.9,62.1,34.0
z_72.0_25.5,2024,4,2024-T4,Diminution,75.1,4.2,75.1,20.7
z_72.0_25.5,2025,1,2025-T1,Diminution,67.6,6.1,67.6,26.3
z_72.0_25.5,2025,2,2025-T2,Diminution,67.6,4.7,67.6,27.6
z_72.0_25.5,2025,3,2025-T3,Diminution,72.6,3.8,72.6,23.6
z_72.0_25.5,2025,4,2025-T4,Diminution,72.6,4.3,72.6,23.1
z_72.0_25.5,2026,1,2026-T1,Diminution,68.1,4.2,68.1,27.7
z_72.0_25.5,2026,2,2026-T2,Diminution,67.3,4.0,67.3,28.7
z_72.0_25.5,2026,3,2026-T3,Diminution,72.6,3.8,72.6,23.6
z_72.0_25.5,2026,4,2026-T4,Diminution,72.6,4.3,72.6,23.1
z_72.0_25.5,2027,1,2027-T1,Diminution,67.2,4.0,67.2,28.8
z_72.0_25.5,2027,2,2027-T2,Diminution,68.5,5.2,68.5,26.2
z_72.0_25.5,2027,3,2027-T3,Diminution,72.6,3.8,72.6,23.6
z_72.0_25.5,2027,4,2027-T4,Diminution,72.6,4.3,72.6,23.1
z_72.0_25.5,2028,1,2028-T1,Diminution,71.0,4.3,71.0,24.7
z_72.0_25.5,2028,2,2028-T2,Diminution,61.3,4.3,61.3,34.4
z_72.0_25.5,2028,3,2028-T3,Diminution,72.6,3.8,72.6,23.6
z_72.0_25.5,2028,4,2028-T4,Diminution,72.6,4.3,72.6,23.1
z_72.0_25.5,2029,1,2029-T1,Diminution,64.0,4.3,64.0,31.7
z_72.0_25.5,2029,2,2029-T2,Diminution,69.7,3.6,69.7,26.7
z_72.0_25.5,2029,3,2029-T3,Diminution,72.6,3.8,72.6,23.6
z_72.0_25.5,2029,4,2029-T4,Diminution,72.6,4.3,72.6,23.1
z_72.0_25.5,2030,1,2030-T1,Diminution,72.3,3.9,72.3,23.9
z_72.0_25.5,2030,2,2030-T2,Diminution,69.7,3.6,69.7,26.7
z_72.0_25.5,2030,3,2030-T3,Diminution,72.6,3.8,72.6,23.6
z_72.0_25.5,2030,4,2030-T4,Diminution,72.6,4.3,72.6,23.1
z_72.0_28.5,2023,1,2023-T1,Diminution,73.7,4.1,73.7,22.2
z_72.0_28.5,2023,2,2023-T2,Diminution,70.6,3.5,70.6,25.9
z_72.0_28.5,2023,3,2023-T3,Diminution,73.4,3.8,73.4,22.8
z_72.0_28.5,2023,4,2023-T4,Diminution,73.6,4.3,73.6,22.2
z_72.0_28.5,2024,1,2024-T1,Diminution,73.7,4.1,73.7,22.2
z_72.0_28.5,2024,2,2024-T2,Diminution,70.6,3.5,70.6,25.9
z_72.0_28.5,2024,3,2024-T3,Diminution,73.4,3.8,73.4,22.8
z_72.0_28.5,2024,4,2024-T4,Diminution,73.6,4.3,73.6,22.2
z_72.0_28.5,2025,1,2025-T1,Diminution,73.7,4.1,73.7,22.2
z_72.0_28.5,2025,2,2025-T2,Diminution,56.9,3.6,56.9,39.6
z_72.0_28.5,2025,3,2025-T3,Diminution,63.8,4.2,63.8,31.9
z_72.0_28.5,2025,4,2025-T4,Diminution,75.5,4.4,75.5,20.1
z_72.0_28.5,2026,1,2026-T1,Diminution,69.6,6.2,69.6,24.2
z_72.0_28.5,2026,2,2026-T2,Diminution,70.6,3.5,70.6,25.9
z_72.0_28.5,2026,3,2026-T3,Diminution,73.4,3.8,73.4,22.8
z_72.0_28.5,2026,4,2026-T4,Diminution,73.6,4.3,73.6,22.2
z_72.0_28.5,2027,1,2027-T1,Diminution,68.5,4.2,68.5,27.3
z_72.0_28.5,2027,2,2027-T2,Diminution,70.6,3.5,70.6,25.9
z_72.0_28.5,2027,3,2027-T3,Diminution,73.4,3.8,73.4,22.8
z_72.0_28.5,2027,4,2027-T4,Diminution,73.6,4.3,73.6,22.2
z_72.0_28.5,2028,1,2028-T1,Diminution,67.6,4.1,67.6,28.3
z_72.0_28.5,2028,2,2028-T2,Diminution,70.6,3.5,70.6,25.9
z_72.0_28.5,2028,3,2028-T3,Diminution,73.4,3.8,73.4,22.8
z_72.0_28.5,2028,4,2028-T4,Diminution,73.6,4.3,73.6,22.2
z_72.0_28.5,2029,1,2029-T1,Diminution,73.0,4.3,73.0,22.7
z_72.0_28.5,2029,2,2029-T2,Diminution,70.6,3.5,70.6,25.9
z_72.0_28.5,2029,3,2029-T3,Diminution,73.4,3.8,73.4,22.8
z_72.0_28.5,2029,4,2029-T4,Diminution,73.6,4.3,73.6,22.2
z_72.0_28.5,2030,1,2030-T1,Diminution,66.6,4.2,66.6,29.2
z_72.0_28.5,2030,2,2030-T2,Diminution,70.6,3.5,70.6,25.9
z_72.0_28.5,2030,3,2030-T3,Diminution,73.4,3.8,73.4,22.8
z_72.0_28.5,2030,4,2030-T4,Diminution,73.6,4.3,73.6,22.2
z_73.5_18.0,2023,1,2023-T1,Diminution,59.9,4.4,59.9,35.7
z_73.5_18.0,2023,2,2023-T2,Diminution,61.0,3.9,61.0,35.2
z_73.5_18.0,2023,3,2023-T3,Diminution,64.5,8.1,64.5,27.4
z_73.5_18.0,2023,4,2023-T4,Diminution,58.0,8.4,58.0,33.6
z_73.5_18.0,2024,1,2024-T1,Diminution,59.9,4.4,59.9,35.7
z_73.5_18.0,2024,2,2024-T2,Diminution,61.0,3.9,61.0,35.2
z_73.5_18.0,2024,3,2024-T3,Diminution,64.5,8.1,64.5,27.4
z_73.5_18.0,2024,4,2024-T4,Diminution,50.6,7.6,50.6,41.7
z_73.5_18.0,2025,1,2025-T1,Diminution,70.6,4.1,70.6,25.3
z_73.5_18.0,2025,2,2025-T2,Diminution,68.4,3.7,68.4,27.9
z_73.5_18.0,2025,3,2025-T3,Diminution,55.5,8.2,55.5,36.3
z_73.5_18.0,2025,4,2025-T4,Stable,49.5,6.9,43.6,49.5
z_73.5_18.0,2026,1,2026-T1,Diminution,72.0,4.1,72.0,23.9
z_73.5_18.0,2026,2,2026-T2,Diminution,63.2,5.2,63.2,31.6
z_73.5_18.0,2026,3,2026-T3,Diminution,64.0,7.4,64.0,28.7
z_73.5_18.0,2026,4,2026-T4,Diminution,56.3,7.4,56.3,36.3
z_73.5_18.0,2027,1,2027-T1,Diminution,70.6,4.1,70.6,25.3
z_73.5_18.0,2027,2,2027-T2,Diminution,66.4,4.6,66.4,29.0
z_73.5_18.0,2027,3,2027-T3,Diminution,64.0,7.4,64.0,28.7
z_73.5_18.0,2027,4,2027-T4,Diminution,57.9,9.3,57.9,32.8
z_73.5_18.0,2028,1,2028-T1,Diminution,70.6,4.1,70.6,25.3
z_73.5_18.0,2028,2,2028-T2,Diminution,65.9,3.9,65.9,30.2
z_73.5_18.0,2028,3,2028-T3,Diminution,64.0,7.4,64.0,28.7
z_73.5_18.0,2028,4,2028-T4,Diminution,59.7,8.4,59.7,31.9
z_73.5_18.0,2029,1,2029-T1,Diminution,70.6,4.1,70.6,25.3
z_73.5_18.0,2029,2,2029-T2,Diminution,67.9,5.2,67.9,26.9
z_73.5_18.0,2029,3,2029-T3,Diminution,64.0,7.4,64.0,28.7
z_73.5_18.0,2029,4,2029-T4,Diminution,64.2,7.5,64.2,28.3
z_73.5_18.0,2030,1,2030-T1,Diminution,70.6,4.1,70.6,25.3
z_73.5_18.0,2030,2,2030-T2,Diminution,61.9,4.1,61.9,34.0
z_73.5_18.0,2030,3,2030-T3,Diminution,64.0,7.4,64.0,28.7
z_73.5_18.0,2030,4,2030-T4,Diminution,64.2,7.5,64.2,28.3
z_73.5_21.0,2023,1,2023-T1,Diminution,59.2,5.7,59.2,35.1
z_73.5_21.0,2023,2,2023-T2,Diminution,68.9,4.4,68.9,26.6
z_73.5_21.0,2023,3,2023-T3,Diminution,60.9,7.5,60.9,31.5
z_73.5_21.0,2023,4,2023-T4,Diminution,48.0,13.3,48.0,38.8
z_73.5_21.0,2024,1,2024-T1,Diminution,62.8,5.5,62.8,31.7
z_73.5_21.0,2024,2,2024-T2,Diminution,61.1,4.8,61.1,34.1
z_73.5_21.0,2024,3,2024-T3,Diminution,62.3,8.6,62.3,29.1
z_73.5_21.0,2024,4,2024-T4,Diminution,46.6,12.4,46.6,41.0
z_73.5_21.0,2025,1,2025-T1,Diminution,71.0,4.4,71.0,24.6
z_73.5_21.0,2025,2,2025-T2,Diminution,68.9,4.4,68.9,26.6
z_73.5_21.0,2025,3,2025-T3,Diminution,60.9,7.5,60.9,31.5
z_73.5_21.0,2025,4,2025-T4,Diminution,45.3,13.0,45.3,41.7
z_73.5_21.0,2026,1,2026-T1,Diminution,71.0,4.4,71.0,24.6
z_73.5_21.0,2026,2,2026-T2,Diminution,68.9,4.4,68.9,26.6
z_73.5_21.0,2026,3,2026-T3,Diminution,60.9,7.5,60.9,31.5
z_73.5_21.0,2026,4,2026-T4,Diminution,43.6,14.3,43.6,42.2
z_73.5_21.0,2027,1,2027-T1,Diminution,71.0,4.4,71.0,24.6
z_73.5_21.0,2027,2,2027-T2,Diminution,68.9,4.4,68.9,26.6
z_73.5_21.0,2027,3,2027-T3,Diminution,60.9,7.5,60.9,31.5
z_73.5_21.0,2027,4,2027-T4,Diminution,47.6,13.6,47.6,38.7
z_73.5_21.0,2028,1,2028-T1,Diminution,71.0,4.4,71.0,24.6
z_73.5_21.0,2028,2,2028-T2,Diminution,68.9,4.4,68.9,26.6
z_73.5_21.0,2028,3,2028-T3,Diminution,60.9,7.5,60.9,31.5
z_73.5_21.0,2028,4,2028-T4,Diminution,43.9,16.0,43.9,40.1
z_73.5_21.0,2029,1,2029-T1,Diminution,71.0,4.4,71.0,24.6
z_73.5_21.0,2029,2,2029-T2,Diminution,68.9,4.4,68.9,26.6
z_73.5_21.0,2029,3,2029-T3,Diminution,60.9,7.5,60.9,31.5
z_73.5_21.0,2029,4,2029-T4,Diminution,48.0,13.3,48.0,38.8
z_73.5_21.0,2030,1,2030-T1,Diminution,71.0,4.4,71.0,24.6
z_73.5_21.0,2030,2,2030-T2,Diminution,68.9,4.4,68.9,26.6
z_73.5_21.0,2030,3,2030-T3,Diminution,60.9,7.5,60.9,31.5
z_73.5_21.0,2030,4,2030-T4,Diminution,48.0,13.3,48.0,38.8
z_73.5_25.5,2023,1,2023-T1,Diminution,90.4,1.2,90.4,8.4
z_73.5_25.5,2023,2,2023-T2,Diminution,87.7,1.2,87.7,11.0
z_73.5_25.5,2023,3,2023-T3,Diminution,89.8,1.5,89.8,8.7
z_73.5_25.5,2023,4,2023-T4,Diminution,90.6,1.4,90.6,8.0
z_73.5_25.5,2024,1,2024-T1,Diminution,78.0,1.5,78.0,20.5
z_73.5_25.5,2024,2,2024-T2,Diminution,78.9,2.3,78.9,18.7
z_73.5_25.5,2024,3,2024-T3,Diminution,88.0,2.3,88.0,9.6
z_73.5_25.5,2024,4,2024-T4,Diminution,87.2,1.4,87.2,11.4
z_73.5_25.5,2025,1,2025-T1,Diminution,90.4,1.2,90.4,8.4
z_73.5_25.5,2025,2,2025-T2,Diminution,87.7,1.2,87.7,11.0
z_73.5_25.5,2025,3,2025-T3,Diminution,89.8,1.5,89.8,8.7
z_73.5_25.5,2025,4,2025-T4,Diminution,85.8,3.1,85.8,11.1
z_73.5_25.5,2026,1,2026-T1,Diminution,90.4,1.2,90.4,8.4
z_73.5_25.5,2026,2,2026-T2,Diminution,87.7,1.2,87.7,11.0
z_73.5_25.5,2026,3,2026-T3,Diminution,89.8,1.5,89.8,8.7
z_73.5_25.5,2026,4,2026-T4,Diminution,78.5,2.4,78.5,19.1
z_73.5_25.5,2027,1,2027-T1,Diminution,90.4,1.2,90.4,8.4
z_73.5_25.5,2027,2,2027-T2,Diminution,87.7,1.2,87.7,11.0
z_73.5_25.5,2027,3,2027-T3,Diminution,89.8,1.5,89.8,8.7
z_73.5_25.5,2027,4,2027-T4,Diminution,86.5,2.7,86.5,10.8
z_73.5_25.5,2028,1,2028-T1,Diminution,90.4,1.2,90.4,8.4
z_73.5_25.5,2028,2,2028-T2,Diminution,87.7,1.2,87.7,11.0
z_73.5_25.5,2028,3,2028-T3,Diminution,89.8,1.5,89.8,8.7
z_73.5_25.5,2028,4,2028-T4,Diminution,69.2,7.0,69.2,23.8
z_73.5_25.5,2029,1,2029-T1,Diminution,90.4,1.2,90.4,8.4
z_73.5_25.5,2029,2,2029-T2,Diminution,87.7,1.2,87.7,11.0
z_73.5_25.5,2029,3,2029-T3,Diminution,89.8,1.5,89.8,8.7
z_73.5_25.5,2029,4,2029-T4,Diminution,90.6,1.4,90.6,8.0
z_73.5_25.5,2030,1,2030-T1,Diminution,90.4,1.2,90.4,8.4
z_73.5_25.5,2030,2,2030-T2,Diminution,87.7,1.2,87.7,11.0
z_73.5_25.5,2030,3,2030-T3,Diminution,89.8,1.5,89.8,8.7
z_73.5_25.5,2030,4,2030-T4,Diminution,90.6,1.4,90.6,8.0
z_73.5_33.0,2023,1,2023-T1,Diminution,72.8,4.2,72.8,23.1
z_73.5_33.0,2023,2,2023-T2,Diminution,70.4,3.8,70.4,25.8
z_73.5_33.0,2023,3,2023-T3,Diminution,73.2,4.0,73.2,22.8
z_73.5_33.0,2023,4,2023-T4,Diminution,73.4,4.4,73.4,22.2
z_73.5_33.0,2024,1,2024-T1,Diminution,72.8,4.2,72.8,23.1
z_73.5_33.0,2024,2,2024-T2,Diminution,70.4,3.8,70.4,25.8
z_73.5_33.0,2024,3,2024-T3,Diminution,73.2,4.0,73.2,22.8
z_73.5_33.0,2024,4,2024-T4,Diminution,63.2,4.5,63.2,32.2
z_73.5_33.0,2025,1,2025-T1,Diminution,65.1,4.3,65.1,30.5
z_73.5_33.0,2025,2,2025-T2,Diminution,73.2,3.9,73.2,23.0
z_73.5_33.0,2025,3,2025-T3,Diminution,67.8,5.8,67.8,26.4
z_73.5_33.0,2025,4,2025-T4,Diminution,63.2,4.5,63.2,32.2
z_73.5_33.0,2026,1,2026-T1,Diminution,65.1,4.3,65.1,30.5
z_73.5_33.0,2026,2,2026-T2,Diminution,73.2,3.9,73.2,23.0
z_73.5_33.0,2026,3,2026-T3,Diminution,64.8,6.1,64.8,29.2
z_73.5_33.0,2026,4,2026-T4,Diminution,73.4,4.4,73.4,22.2
z_73.5_33.0,2027,1,2027-T1,Diminution,72.8,4.2,72.8,23.1
z_73.5_33.0,2027,2,2027-T2,Diminution,70.4,3.8,70.4,25.8
z_73.5_33.0,2027,3,2027-T3,Diminution,64.2,4.2,64.2,31.6
z_73.5_33.0,2027,4,2027-T4,Diminution,73.4,4.4,73.4,22.2
z_73.5_33.0,2028,1,2028-T1,Diminution,72.8,4.2,72.8,23.1
z_73.5_33.0,2028,2,2028-T2,Diminution,70.4,3.8,70.4,25.8
z_73.5_33.0,2028,3,2028-T3,Diminution,66.0,6.4,66.0,27.7
z_73.5_33.0,2028,4,2028-T4,Diminution,73.4,4.4,73.4,22.2
z_73.5_33.0,2029,1,2029-T1,Diminution,72.8,4.2,72.8,23.1
z_73.5_33.0,2029,2,2029-T2,Diminution,70.4,3.8,70.4,25.8
z_73.5_33.0,2029,3,2029-T3,Diminution,62.6,6.2,62.6,31.2
z_73.5_33.0,2029,4,2029-T4,Diminution,73.4,4.4,73.4,22.2
z_73.5_33.0,2030,1,2030-T1,Diminution,72.8,4.2,72.8,23.1
z_73.5_33.0,2030,2,2030-T2,Diminution,70.4,3.8,70.4,25.8
z_73.5_33.0,2030,3,2030-T3,Diminution,64.9,4.3,64.9,30.8
z_73.5_33.0,2030,4,2030-T4,Diminution,73.4,4.4,73.4,22.2
z_73.5_34.5,2023,1,2023-T1,Diminution,69.4,4.3,69.4,26.3
z_73.5_34.5,2023,2,2023-T2,Diminution,49.3,6.9,49.3,43.9
z_73.5_34.5,2023,3,2023-T3,Diminution,67.7,4.1,67.7,28.3
z_73.5_34.5,2023,4,2023-T4,Diminution,68.2,4.6,68.2,27.2
z_73.5_34.5,2024,1,2024-T1,Diminution,67.9,4.2,67.9,28.0
z_73.5_34.5,2024,2,2024-T2,Diminution,56.8,7.6,56.8,35.6
z_73.5_34.5,2024,3,2024-T3,Diminution,67.7,4.1,67.7,28.3
z_73.5_34.5,2024,4,2024-T4,Diminution,58.3,4.8,58.3,36.9
z_73.5_34.5,2025,1,2025-T1,Diminution,59.8,4.9,59.8,35.4
z_73.5_34.5,2025,2,2025-T2,Diminution,54.6,8.7,54.6,36.7
z_73.5_34.5,2025,3,2025-T3,Diminution,62.3,5.0,62.3,32.6
z_73.5_34.5,2025,4,2025-T4,Diminution,68.2,4.6,68.2,27.2
z_73.5_34.5,2026,1,2026-T1,Diminution,67.9,4.2,67.9,28.0
z_73.5_34.5,2026,2,2026-T2,Diminution,61.6,7.7,61.6,30.7
z_73.5_34.5,2026,3,2026-T3,Diminution,64.3,4.5,64.3,31.3
z_73.5_34.5,2026,4,2026-T4,Diminution,68.2,4.6,68.2,27.2
z_73.5_34.5,2027,1,2027-T1,Diminution,67.9,4.2,67.9,28.0
z_73.5_34.5,2027,2,2027-T2,Diminution,57.1,8.3,57.1,34.6
z_73.5_34.5,2027,3,2027-T3,Diminution,64.1,3.9,64.1,32.0
z_73.5_34.5,2027,4,2027-T4,Diminution,68.2,4.6,68.2,27.2
z_73.5_34.5,2028,1,2028-T1,Diminution,67.9,4.2,67.9,28.0
z_73.5_34.5,2028,2,2028-T2,Diminution,62.8,7.3,62.8,30.0
z_73.5_34.5,2028,3,2028-T3,Diminution,67.7,4.7,67.7,27.6
z_73.5_34.5,2028,4,2028-T4,Diminution,68.2,4.6,68.2,27.2
z_73.5_34.5,2029,1,2029-T1,Diminution,67.9,4.2,67.9,28.0
z_73.5_34.5,2029,2,2029-T2,Diminution,62.8,7.3,62.8,30.0
z_73.5_34.5,2029,3,2029-T3,Diminution,60.8,4.5,60.8,34.8
z_73.5_34.5,2029,4,2029-T4,Diminution,68.2,4.6,68.2,27.2
z_73.5_34.5,2030,1,2030-T1,Diminution,67.9,4.2,67.9,28.0
z_73.5_34.5,2030,2,2030-T2,Diminution,62.8,7.3,62.8,30.0
z_73.5_34.5,2030,3,2030-T3,Diminution,67.7,4.1,67.7,28.3
z_73.5_34.5,2030,4,2030-T4,Diminution,68.2,4.6,68.2,27.2
z_75.0_18.0,2023,1,2023-T1,Diminution,70.9,4.7,70.9,24.4
z_75.0_18.0,2023,2,2023-T2,Diminution,67.9,4.7,67.9,27.4
z_75.0_18.0,2023,3,2023-T3,Diminution,61.3,7.6,61.3,31.1
z_75.0_18.0,2023,4,2023-T4,Diminution,70.9,5.4,70.9,23.8
z_75.0_18.0,2024,1,2024-T1,Diminution,63.0,6.2,63.0,30.8
z_75.0_18.0,2024,2,2024-T2,Diminution,59.6,5.1,59.6,35.3
z_75.0_18.0,2024,3,2024-T3,Diminution,62.8,8.5,62.8,28.7
z_75.0_18.0,2024,4,2024-T4,Diminution,65.5,6.4,65.5,28.1
z_75.0_18.0,2025,1,2025-T1,Diminution,70.9,4.7,70.9,24.4
z_75.0_18.0,2025,2,2025-T2,Diminution,67.9,4.7,67.9,27.4
z_75.0_18.0,2025,3,2025-T3,Diminution,61.3,7.6,61.3,31.1
z_75.0_18.0,2025,4,2025-T4,Diminution,66.3,5.8,66.3,27.8
z_75.0_18.0,2026,1,2026-T1,Diminution,70.9,4.7,70.9,24.4
z_75.0_18.0,2026,2,2026-T2,Diminution,67.9,4.7,67.9,27.4
z_75.0_18.0,2026,3,2026-T3,Diminution,61.3,7.6,61.3,31.1
z_75.0_18.0,2026,4,2026-T4,Diminution,66.2,5.0,66.2,28.8
z_75.0_18.0,2027,1,2027-T1,Diminution,70.9,4.7,70.9,24.4
z_75.0_18.0,2027,2,2027-T2,Diminution,67.9,4.7,67.9,27.4
z_75.0_18.0,2027,3,2027-T3,Diminution,61.3,7.6,61.3,31.1
z_75.0_18.0,2027,4,2027-T4,Diminution,69.0,5.8,69.0,25.2
z_75.0_18.0,2028,1,2028-T1,Diminution,70.9,4.7,70.9,24.4
z_75.0_18.0,2028,2,2028-T2,Diminution,67.9,4.7,67.9,27.4
z_75.0_18.0,2028,3,2028-T3,Diminution,61.3,7.6,61.3,31.1
z_75.0_18.0,2028,4,2028-T4,Diminution,59.8,6.0,59.8,34.2
z_75.0_18.0,2029,1,2029-T1,Diminution,70.9,4.7,70.9,24.4
z_75.0_18.0,2029,2,2029-T2,Diminution,67.9,4.7,67.9,27.4
z_75.0_18.0,2029,3,2029-T3,Diminution,61.3,7.6,61.3,31.1
z_75.0_18.0,2029,4,2029-T4,Diminution,70.9,5.4,70.9,23.8
z_75.0_18.0,2030,1,2030-T1,Diminution,70.9,4.7,70.9,24.4
z_75.0_18.0,2030,2,2030-T2,Diminution,67.9,4.7,67.9,27.4
z_75.0_18.0,2030,3,2030-T3,Diminution,61.3,7.6,61.3,31.1
z_75.0_18.0,2030,4,2030-T4,Diminution,70.9,5.4,70.9,23.8
z_75.0_30.0,2023,1,2023-T1,Diminution,89.3,1.3,89.3,9.5
z_75.0_30.0,2023,2,2023-T2,Diminution,86.6,1.4,86.6,12.0
z_75.0_30.0,2023,3,2023-T3,Diminution,88.6,1.5,88.6,9.9
z_75.0_30.0,2023,4,2023-T4,Diminution,89.4,1.5,89.4,9.1
z_75.0_30.0,2024,1,2024-T1,Diminution,89.3,1.3,89.3,9.5
z_75.0_30.0,2024,2,2024-T2,Diminution,86.6,1.4,86.6,12.0
z_75.0_30.0,2024,3,2024-T3,Diminution,75.0,2.0,75.0,23.1
z_75.0_30.0,2024,4,2024-T4,Diminution,81.3,2.6,81.3,16.1
z_75.0_30.0,2025,1,2025-T1,Diminution,86.4,2.1,86.4,11.5
z_75.0_30.0,2025,2,2025-T2,Diminution,81.3,1.3,81.3,17.4
z_75.0_30.0,2025,3,2025-T3,Diminution,88.6,1.5,88.6,9.9
z_75.0_30.0,2025,4,2025-T4,Diminution,89.4,1.5,89.4,9.1
z_75.0_30.0,2026,1,2026-T1,Diminution,89.3,1.3,89.3,9.5
z_75.0_30.0,2026,2,2026-T2,Diminution,83.1,2.8,83.1,14.2
z_75.0_30.0,2026,3,2026-T3,Diminution,88.6,1.5,88.6,9.9
z_75.0_30.0,2026,4,2026-T4,Diminution,89.4,1.5,89.4,9.1
z_75.0_30.0,2027,1,2027-T1,Diminution,89.3,1.3,89.3,9.5
z_75.0_30.0,2027,2,2027-T2,Diminution,76.0,2.0,76.0,21.9
z_75.0_30.0,2027,3,2027-T3,Diminution,88.6,1.5,88.6,9.9
z_75.0_30.0,2027,4,2027-T4,Diminution,89.4,1.5,89.4,9.1
z_75.0_30.0,2028,1,2028-T1,Diminution,89.3,1.3,89.3,9.5
z_75.0_30.0,2028,2,2028-T2,Diminution,83.3,2.6,83.3,14.2
z_75.0_30.0,2028,3,2028-T3,Diminution,88.6,1.5,88.6,9.9
z_75.0_30.0,2028,4,2028-T4,Diminution,89.4,1.5,89.4,9.1
z_75.0_30.0,2029,1,2029-T1,Diminution,89.3,1.3,89.3,9.5
z_75.0_30.0,2029,2,2029-T2,Diminution,70.8,5.9,70.8,23.3
z_75.0_30.0,2029,3,2029-T3,Diminution,88.6,1.5,88.6,9.9
z_75.0_30.0,2029,4,2029-T4,Diminution,89.4,1.5,89.4,9.1
z_75.0_30.0,2030,1,2030-T1,Diminution,89.3,1.3,89.3,9.5
z_75.0_30.0,2030,2,2030-T2,Diminution,86.6,1.4,86.6,12.0
z_75.0_30.0,2030,3,2030-T3,Diminution,88.6,1.5,88.6,9.9
z_75.0_30.0,2030,4,2030-T4,Diminution,89.4,1.5,89.4,9.1
z_75.0_31.5,2023,1,2023-T1,Diminution,91.0,2.1,91.0,7.0
z_75.0_31.5,2023,2,2023-T2,Diminution,51.8,17.2,51.8,31.1
z_75.0_31.5,2023,3,2023-T3,Diminution,76.2,3.8,76.2,20.0
z_75.0_31.5,2023,4,2023-T4,Diminution,89.5,2.8,89.5,7.7
z_75.0_31.5,2024,1,2024-T1,Diminution,85.9,2.3,85.9,11.9
z_75.0_31.5,2024,2,2024-T2,Diminution,62.4,8.7,62.4,28.9
z_75.0_31.5,2024,3,2024-T3,Diminution,76.2,3.8,76.2,20.0
z_75.0_31.5,2024,4,2024-T4,Diminution,89.5,2.8,89.5,7.7
z_75.0_31.5,2025,1,2025-T1,Diminution,79.0,4.1,79.0,16.9
z_75.0_31.5,2025,2,2025-T2,Diminution,65.1,9.5,65.1,25.4
z_75.0_31.5,2025,3,2025-T3,Diminution,90.0,2.7,90.0,7.3
z_75.0_31.5,2025,4,2025-T4,Diminution,91.0,2.3,91.0,6.7
z_75.0_31.5,2026,1,2026-T1,Diminution,73.0,3.7,73.0,23.3
z_75.0_31.5,2026,2,2026-T2,Diminution,65.1,9.5,65.1,25.4
z_75.0_31.5,2026,3,2026-T3,Diminution,90.0,2.7,90.0,7.3
z_75.0_31.5,2026,4,2026-T4,Diminution,91.0,2.3,91.0,6.7
z_75.0_31.5,2027,1,2027-T1,Diminution,75.2,3.7,75.2,21.2
z_75.0_31.5,2027,2,2027-T2,Diminution,65.1,9.5,65.1,25.4
z_75.0_31.5,2027,3,2027-T3,Diminution,90.0,2.7,90.0,7.3
z_75.0_31.5,2027,4,2027-T4,Diminution,91.0,2.3,91.0,6.7
z_75.0_31.5,2028,1,2028-T1,Diminution,63.5,7.4,63.5,29.1
z_75.0_31.5,2028,2,2028-T2,Diminution,65.1,9.5,65.1,25.4
z_75.0_31.5,2028,3,2028-T3,Diminution,90.0,2.7,90.0,7.3
z_75.0_31.5,2028,4,2028-T4,Diminution,91.0,2.3,91.0,6.7
z_75.0_31.5,2029,1,2029-T1,Diminution,67.2,6.0,67.2,26.8
z_75.0_31.5,2029,2,2029-T2,Diminution,65.1,9.5,65.1,25.4
z_75.0_31.5,2029,3,2029-T3,Diminution,90.0,2.7,90.0,7.3
z_75.0_31.5,2029,4,2029-T4,Diminution,91.0,2.3,91.0,6.7
z_75.0_31.5,2030,1,2030-T1,Diminution,91.0,2.1,91.0,7.0
z_75.0_31.5,2030,2,2030-T2,Diminution,65.1,9.5,65.1,25.4
z_75.0_31.5,2030,3,2030-T3,Diminution,90.0,2.7,90.0,7.3
z_75.0_31.5,2030,4,2030-T4,Diminution,91.0,2.3,91.0,6.7
z_75.0_33.0,2023,1,2023-T1,Diminution,93.3,1.5,93.3,5.2
z_75.0_33.0,2023,2,2023-T2,Diminution,75.0,2.2,75.0,22.8
z_75.0_33.0,2023,3,2023-T3,Diminution,70.5,3.6,70.5,25.9
z_75.0_33.0,2023,4,2023-T4,Diminution,85.8,6.3,85.8,8.0
z_75.0_33.0,2024,1,2024-T1,Diminution,82.6,2.7,82.6,14.7
z_75.0_33.0,2024,2,2024-T2,Diminution,77.4,1.8,77.4,20.9
z_75.0_33.0,2024,3,2024-T3,Diminution,78.7,3.5,78.7,17.7
z_75.0_33.0,2024,4,2024-T4,Diminution,72.5,4.7,72.5,22.8
z_75.0_33.0,2025,1,2025-T1,Diminution,58.0,9.4,58.0,32.5
z_75.0_33.0,2025,2,2025-T2,Diminution,90.6,2.4,90.6,7.0
z_75.0_33.0,2025,3,2025-T3,Diminution,87.4,1.6,87.4,11.0
z_75.0_33.0,2025,4,2025-T4,Diminution,93.1,1.7,93.1,5.2
z_75.0_33.0,2026,1,2026-T1,Diminution,67.1,5.0,67.1,27.9
z_75.0_33.0,2026,2,2026-T2,Diminution,91.9,1.6,91.9,6.4
z_75.0_33.0,2026,3,2026-T3,Diminution,86.7,4.8,86.7,8.6
z_75.0_33.0,2026,4,2026-T4,Diminution,93.1,1.7,93.1,5.2
z_75.0_33.0,2027,1,2027-T1,Diminution,73.8,4.1,73.8,22.1
z_75.0_33.0,2027,2,2027-T2,Diminution,91.9,1.6,91.9,6.4
z_75.0_33.0,2027,3,2027-T3,Diminution,79.9,2.9,79.9,17.1
z_75.0_33.0,2027,4,2027-T4,Diminution,93.1,1.7,93.1,5.2
z_75.0_33.0,2028,1,2028-T1,Diminution,61.1,6.9,61.1,32.0
z_75.0_33.0,2028,2,2028-T2,Diminution,91.9,1.6,91.9,6.4
z_75.0_33.0,2028,3,2028-T3,Diminution,86.1,2.7,86.1,11.1
z_75.0_33.0,2028,4,2028-T4,Diminution,93.1,1.7,93.1,5.2
z_75.0_33.0,2029,1,2029-T1,Diminution,69.9,6.2,69.9,23.9
z_75.0_33.0,2029,2,2029-T2,Diminution,91.9,1.6,91.9,6.4
z_75.0_33.0,2029,3,2029-T3,Diminution,64.8,7.0,64.8,28.2
z_75.0_33.0,2029,4,2029-T4,Diminution,93.1,1.7,93.1,5.2
z_75.0_33.0,2030,1,2030-T1,Diminution,93.3,1.5,93.3,5.2
z_75.0_33.0,2030,2,2030-T2,Diminution,91.9,1.6,91.9,6.4
z_75.0_33.0,2030,3,2030-T3,Diminution,92.5,1.9,92.5,5.6
z_75.0_33.0,2030,4,2030-T4,Diminution,93.1,1.7,93.1,5.2
z_75.0_34.5,2023,1,2023-T1,Diminution,65.5,6.0,65.5,28.5
z_75.0_34.5,2023,2,2023-T2,Diminution,51.2,10.2,51.2,38.6
z_75.0_34.5,2023,3,2023-T3,Diminution,81.1,4.0,81.1,14.9
z_75.0_34.5,2023,4,2023-T4,Diminution,65.6,6.8,65.6,27.6
z_75.0_34.5,2024,1,2024-T1,Diminution,65.5,6.0,65.5,28.5
z_75.0_34.5,2024,2,2024-T2,Diminution,46.5,11.3,46.5,42.2
z_75.0_34.5,2024,3,2024-T3,Diminution,53.8,14.2,53.8,32.0
z_75.0_34.5,2024,4,2024-T4,Diminution,51.8,13.0,51.8,35.2
z_75.0_34.5,2025,1,2025-T1,Diminution,53.5,8.9,53.5,37.6
z_75.0_34.5,2025,2,2025-T2,Diminution,49.4,9.7,49.4,40.9
z_75.0_34.5,2025,3,2025-T3,Diminution,81.1,4.0,81.1,14.9
z_75.0_34.5,2025,4,2025-T4,Diminution,65.6,6.8,65.6,27.6
z_75.0_34.5,2026,1,2026-T1,Diminution,60.4,6.8,60.4,32.9
z_75.0_34.5,2026,2,2026-T2,Diminution,47.6,11.9,47.6,40.5
z_75.0_34.5,2026,3,2026-T3,Diminution,81.1,4.0,81.1,14.9
z_75.0_34.5,2026,4,2026-T4,Diminution,65.6,6.8,65.6,27.6
z_75.0_34.5,2027,1,2027-T1,Diminution,62.3,5.5,62.3,32.3
z_75.0_34.5,2027,2,2027-T2,Diminution,56.6,8.6,56.6,34.8
z_75.0_34.5,2027,3,2027-T3,Diminution,81.1,4.0,81.1,14.9
z_75.0_34.5,2027,4,2027-T4,Diminution,65.6,6.8,65.6,27.6
z_75.0_34.5,2028,1,2028-T1,Diminution,58.9,5.5,58.9,35.6
z_75.0_34.5,2028,2,2028-T2,Diminution,54.1,9.7,54.1,36.2
z_75.0_34.5,2028,3,2028-T3,Diminution,81.1,4.0,81.1,14.9
z_75.0_34.5,2028,4,2028-T4,Diminution,65.6,6.8,65.6,27.6
z_75.0_34.5,2029,1,2029-T1,Diminution,48.7,6.9,48.7,44.4
z_75.0_34.5,2029,2,2029-T2,Diminution,52.5,10.4,52.5,37.2
z_75.0_34.5,2029,3,2029-T3,Diminution,81.1,4.0,81.1,14.9
z_75.0_34.5,2029,4,2029-T4,Diminution,65.6,6.8,65.6,27.6
z_75.0_34.5,2030,1,2030-T1,Diminution,65.5,6.0,65.5,28.5
z_75.0_34.5,2030,2,2030-T2,Diminution,58.1,8.7,58.1,33.1
z_75.0_34.5,2030,3,2030-T3,Diminution,81.1,4.0,81.1,14.9
z_75.0_34.5,2030,4,2030-T4,Diminution,65.6,6.8,65.6,27.6
z_75.0_36.0,2023,1,2023-T1,Diminution,70.2,4.7,70.2,25.1
z_75.0_36.0,2023,2,2023-T2,Diminution,56.2,5.0,56.2,38.8
z_75.0_36.0,2023,3,2023-T3,Diminution,52.2,9.5,52.2,38.2
z_75.0_36.0,2023,4,2023-T4,Diminution,72.4,5.3,72.4,22.4
z_75.0_36.0,2024,1,2024-T1,Diminution,65.1,6.5,65.1,28.4
z_75.0_36.0,2024,2,2024-T2,Diminution,67.5,4.5,67.5,28.0
z_75.0_36.0,2024,3,2024-T3,Diminution,57.8,9.0,57.8,33.3
z_75.0_36.0,2024,4,2024-T4,Diminution,70.5,5.2,70.5,24.4
z_75.0_36.0,2025,1,2025-T1,Diminution,66.3,4.8,66.3,29.0
z_75.0_36.0,2025,2,2025-T2,Diminution,67.5,4.5,67.5,28.0
z_75.0_36.0,2025,3,2025-T3,Diminution,62.3,8.0,62.3,29.6
z_75.0_36.0,2025,4,2025-T4,Diminution,70.5,5.2,70.5,24.4
z_75.0_36.0,2026,1,2026-T1,Diminution,66.7,4.6,66.7,28.7
z_75.0_36.0,2026,2,2026-T2,Diminution,67.5,4.5,67.5,28.0
z_75.0_36.0,2026,3,2026-T3,Diminution,62.3,8.0,62.3,29.6
z_75.0_36.0,2026,4,2026-T4,Diminution,70.5,5.2,70.5,24.4
z_75.0_36.0,2027,1,2027-T1,Diminution,69.3,5.1,69.3,25.5
z_75.0_36.0,2027,2,2027-T2,Diminution,67.5,4.5,67.5,28.0
z_75.0_36.0,2027,3,2027-T3,Diminution,62.3,8.0,62.3,29.6
z_75.0_36.0,2027,4,2027-T4,Diminution,70.5,5.2,70.5,24.4
z_75.0_36.0,2028,1,2028-T1,Diminution,62.2,5.5,62.2,32.3
z_75.0_36.0,2028,2,2028-T2,Diminution,67.5,4.5,67.5,28.0
z_75.0_36.0,2028,3,2028-T3,Diminution,62.3,8.0,62.3,29.6
z_75.0_36.0,2028,4,2028-T4,Diminution,70.5,5.2,70.5,24.4
z_75.0_36.0,2029,1,2029-T1,Diminution,70.2,4.7,70.2,25.1
z_75.0_36.0,2029,2,2029-T2,Diminution,67.5,4.5,67.5,28.0
z_75.0_36.0,2029,3,2029-T3,Diminution,62.3,8.0,62.3,29.6
z_75.0_36.0,2029,4,2029-T4,Diminution,70.5,5.2,70.5,24.4
z_75.0_36.0,2030,1,2030-T1,Diminution,70.2,4.7,70.2,25.1
z_75.0_36.0,2030,2,2030-T2,Diminution,67.5,4.5,67.5,28.0
z_75.0_36.0,2030,3,2030-T3,Diminution,62.3,8.0,62.3,29.6
z_75.0_36.0,2030,4,2030-T4,Diminution,70.5,5.2,70.5,24.4
z_75.0_40.5,2023,1,2023-T1,Diminution,53.2,5.9,53.2,40.9
z_75.0_40.5,2023,2,2023-T2,Diminution,51.2,6.2,51.2,42.6
z_75.0_40.5,2023,3,2023-T3,Diminution,53.1,6.2,53.1,40.7
z_75.0_40.5,2023,4,2023-T4,Diminution,51.8,6.7,51.8,41.5
z_75.0_40.5,2024,1,2024-T1,Diminution,53.2,5.9,53.2,40.9
z_75.0_40.5,2024,2,2024-T2,Diminution,51.2,6.2,51.2,42.6
z_75.0_40.5,2024,3,2024-T3,Diminution,53.1,6.2,53.1,40.7
z_75.0_40.5,2024,4,2024-T4,Diminution,51.8,6.7,51.8,41.5
z_75.0_40.5,2025,1,2025-T1,Diminution,53.2,5.9,53.2,40.9
z_75.0_40.5,2025,2,2025-T2,Diminution,51.2,6.2,51.2,42.6
z_75.0_40.5,2025,3,2025-T3,Diminution,53.1,6.2,53.1,40.7
z_75.0_40.5,2025,4,2025-T4,Diminution,48.4,9.5,48.4,42.1
z_75.0_40.5,2026,1,2026-T1,Diminution,47.9,6.7,47.9,45.5
z_75.0_40.5,2026,2,2026-T2,Diminution,55.5,6.2,55.5,38.2
z_75.0_40.5,2026,3,2026-T3,Diminution,50.1,6.5,50.1,43.5
z_75.0_40.5,2026,4,2026-T4,Diminution,51.8,6.7,51.8,41.5
z_75.0_40.5,2027,1,2027-T1,Diminution,53.2,5.9,53.2,40.9
z_75.0_40.5,2027,2,2027-T2,Diminution,51.2,6.2,51.2,42.6
z_75.0_40.5,2027,3,2027-T3,Diminution,46.0,9.7,46.0,44.3
z_75.0_40.5,2027,4,2027-T4,Diminution,51.8,6.7,51.8,41.5
z_75.0_40.5,2028,1,2028-T1,Diminution,53.2,5.9,53.2,40.9
z_75.0_40.5,2028,2,2028-T2,Diminution,51.2,6.2,51.2,42.6
z_75.0_40.5,2028,3,2028-T3,Diminution,53.3,5.8,53.3,40.9
z_75.0_40.5,2028,4,2028-T4,Diminution,51.8,6.7,51.8,41.5
z_75.0_40.5,2029,1,2029-T1,Diminution,53.2,5.9,53.2,40.9
z_75.0_40.5,2029,2,2029-T2,Diminution,51.2,6.2,51.2,42.6
z_75.0_40.5,2029,3,2029-T3,Diminution,50.2,6.5,50.2,43.3
z_75.0_40.5,2029,4,2029-T4,Diminution,51.8,6.7,51.8,41.5
z_75.0_40.5,2030,1,2030-T1,Diminution,53.2,5.9,53.2,40.9
z_75.0_40.5,2030,2,2030-T2,Diminution,51.2,6.2,51.2,42.6
z_75.0_40.5,2030,3,2030-T3,Diminution,48.3,6.3,48.3,45.4
z_75.0_40.5,2030,4,2030-T4,Diminution,51.8,6.7,51.8,41.5
z_76.5_13.5,2023,1,2023-T1,Diminution,48.0,9.0,48.0,43.1
z_76.5_13.5,2023,2,2023-T2,Diminution,53.7,6.3,53.7,40.0
z_76.5_13.5,2023,3,2023-T3,Diminution,55.7,6.8,55.7,37.5
z_76.5_13.5,2023,4,2023-T4,Diminution,53.3,6.3,53.3,40.4
z_76.5_13.5,2024,1,2024-T1,Diminution,50.0,8.7,50.0,41.4
z_76.5_13.5,2024,2,2024-T2,Diminution,53.7,6.3,53.7,40.0
z_76.5_13.5,2024,3,2024-T3,Diminution,60.5,10.0,60.5,29.5
z_76.5_13.5,2024,4,2024-T4,Diminution,48.1,6.5,48.1,45.4
z_76.5_13.5,2025,1,2025-T1,Diminution,53.6,9.1,53.6,37.2
z_76.5_13.5,2025,2,2025-T2,Diminution,50.6,6.7,50.6,42.7
z_76.5_13.5,2025,3,2025-T3,Diminution,66.1,6.7,66.1,27.1
z_76.5_13.5,2025,4,2025-T4,Diminution,53.3,6.3,53.3,40.4
z_76.5_13.5,2026,1,2026-T1,Diminution,51.0,7.7,51.0,41.3
z_76.5_13.5,2026,2,2026-T2,Diminution,45.4,11.0,45.4,43.6
z_76.5_13.5,2026,3,2026-T3,Diminution,66.1,6.7,66.1,27.1
z_76.5_13.5,2026,4,2026-T4,Diminution,53.3,6.3,53.3,40.4
z_76.5_13.5,2027,1,2027-T1,Diminution,51.0,7.7,51.0,41.3
z_76.5_13.5,2027,2,2027-T2,Diminution,53.6,6.5,53.6,39.9
z_76.5_13.5,2027,3,2027-T3,Diminution,66.1,6.7,66.1,27.1
z_76.5_13.5,2027,4,2027-T4,Diminution,53.3,6.3,53.3,40.4
z_76.5_13.5,2028,1,2028-T1,Diminution,51.0,7.7,51.0,41.3
z_76.5_13.5,2028,2,2028-T2,Diminution,49.9,7.5,49.9,42.6
z_76.5_13.5,2028,3,2028-T3,Diminution,66.1,6.7,66.1,27.1
z_76.5_13.5,2028,4,2028-T4,Diminution,53.3,6.3,53.3,40.4
z_76.5_13.5,2029,1,2029-T1,Diminution,51.0,7.7,51.0,41.3
z_76.5_13.5,2029,2,2029-T2,Diminution,48.6,7.2,48.6,44.1
z_76.5_13.5,2029,3,2029-T3,Diminution,66.1,6.7,66.1,27.1
z_76.5_13.5,2029,4,2029-T4,Diminution,53.3,6.3,53.3,40.4
z_76.5_13.5,2030,1,2030-T1,Diminution,51.0,7.7,51.0,41.3
z_76.5_13.5,2030,2,2030-T2,Diminution,53.7,6.3,53.7,40.0
z_76.5_13.5,2030,3,2030-T3,Diminution,66.1,6.7,66.1,27.1
z_76.5_13.5,2030,4,2030-T4,Diminution,53.3,6.3,53.3,40.4
z_76.5_33.0,2023,1,2023-T1,Diminution,85.3,5.3,85.3,9.3
z_76.5_33.0,2023,2,2023-T2,Diminution,80.7,4.6,80.7,14.7
z_76.5_33.0,2023,3,2023-T3,Diminution,59.0,10.7,59.0,30.4
z_76.5_33.0,2023,4,2023-T4,Diminution,87.5,5.8,87.5,6.7
z_76.5_33.0,2024,1,2024-T1,Diminution,87.6,5.3,87.6,7.1
z_76.5_33.0,2024,2,2024-T2,Diminution,81.3,8.4,81.3,10.3
z_76.5_33.0,2024,3,2024-T3,Diminution,86.5,6.7,86.5,6.8
z_76.5_33.0,2024,4,2024-T4,Diminution,87.5,5.8,87.5,6.7
z_76.5_33.0,2025,1,2025-T1,Diminution,87.6,5.3,87.6,7.1
z_76.5_33.0,2025,2,2025-T2,Diminution,75.3,4.9,75.3,19.8
z_76.5_33.0,2025,3,2025-T3,Diminution,86.5,6.7,86.5,6.8
z_76.5_33.0,2025,4,2025-T4,Diminution,75.5,4.4,75.5,20.1
z_76.5_33.0,2026,1,2026-T1,Diminution,75.6,5.7,75.6,18.7
z_76.5_33.0,2026,2,2026-T2,Diminution,79.1,5.6,79.1,15.3
z_76.5_33.0,2026,3,2026-T3,Diminution,81.3,5.7,81.3,13.0
z_76.5_33.0,2026,4,2026-T4,Diminution,87.5,5.8,87.5,6.7
z_76.5_33.0,2027,1,2027-T1,Diminution,87.6,5.3,87.6,7.1
z_76.5_33.0,2027,2,2027-T2,Diminution,62.7,8.8,62.7,28.5
z_76.5_33.0,2027,3,2027-T3,Diminution,81.6,8.9,81.6,9.5
z_76.5_33.0,2027,4,2027-T4,Diminution,87.5,5.8,87.5,6.7
z_76.5_33.0,2028,1,2028-T1,Diminution,87.6,5.3,87.6,7.1
z_76.5_33.0,2028,2,2028-T2,Diminution,85.9,5.5,85.9,8.6
z_76.5_33.0,2028,3,2028-T3,Diminution,75.3,6.1,75.3,18.7
z_76.5_33.0,2028,4,2028-T4,Diminution,87.5,5.8,87.5,6.7
z_76.5_33.0,2029,1,2029-T1,Diminution,87.6,5.3,87.6,7.1
z_76.5_33.0,2029,2,2029-T2,Diminution,85.9,5.5,85.9,8.6
z_76.5_33.0,2029,3,2029-T3,Diminution,82.2,6.3,82.2,11.5
z_76.5_33.0,2029,4,2029-T4,Diminution,87.5,5.8,87.5,6.7
z_76.5_33.0,2030,1,2030-T1,Diminution,87.6,5.3,87.6,7.1
z_76.5_33.0,2030,2,2030-T2,Diminution,85.9,5.5,85.9,8.6
z_76.5_33.0,2030,3,2030-T3,Diminution,59.0,10.7,59.0,30.4
z_76.5_33.0,2030,4,2030-T4,Diminution,87.5,5.8,87.5,6.7
z_76.5_9.0,2023,1,2023-T1,Diminution,64.3,6.3,64.3,29.5
z_76.5_9.0,2023,2,2023-T2,Diminution,62.9,6.0,62.9,31.1
z_76.5_9.0,2023,3,2023-T3,Diminution,64.7,6.3,64.7,29.0
z_76.5_9.0,2023,4,2023-T4,Diminution,64.8,7.0,64.8,28.2
z_76.5_9.0,2024,1,2024-T1,Diminution,64.3,6.3,64.3,29.5
z_76.5_9.0,2024,2,2024-T2,Diminution,62.9,6.0,62.9,31.1
z_76.5_9.0,2024,3,2024-T3,Diminution,64.7,6.3,64.7,29.0
z_76.5_9.0,2024,4,2024-T4,Diminution,64.8,7.0,64.8,28.2
z_76.5_9.0,2025,1,2025-T1,Diminution,64.3,6.3,64.3,29.5
z_76.5_9.0,2025,2,2025-T2,Diminution,62.9,6.0,62.9,31.1
z_76.5_9.0,2025,3,2025-T3,Diminution,64.7,6.3,64.7,29.0
z_76.5_9.0,2025,4,2025-T4,Diminution,58.4,8.4,58.4,33.2
z_76.5_9.0,2026,1,2026-T1,Diminution,57.1,7.1,57.1,35.8
z_76.5_9.0,2026,2,2026-T2,Diminution,65.7,6.1,65.7,28.3
z_76.5_9.0,2026,3,2026-T3,Diminution,59.0,6.5,59.0,34.4
z_76.5_9.0,2026,4,2026-T4,Diminution,64.8,7.0,64.8,28.2
z_76.5_9.0,2027,1,2027-T1,Diminution,64.3,6.3,64.3,29.5
z_76.5_9.0,2027,2,2027-T2,Diminution,62.9,6.0,62.9,31.1
z_76.5_9.0,2027,3,2027-T3,Diminution,60.4,8.0,60.4,31.6
z_76.5_9.0,2027,4,2027-T4,Diminution,64.8,7.0,64.8,28.2
z_76.5_9.0,2028,1,2028-T1,Diminution,64.3,6.3,64.3,29.5
z_76.5_9.0,2028,2,2028-T2,Diminution,62.9,6.0,62.9,31.1
z_76.5_9.0,2028,3,2028-T3,Diminution,63.6,5.7,63.6,30.7
z_76.5_9.0,2028,4,2028-T4,Diminution,64.8,7.0,64.8,28.2
z_76.5_9.0,2029,1,2029-T1,Diminution,64.3,6.3,64.3,29.5
z_76.5_9.0,2029,2,2029-T2,Diminution,62.9,6.0,62.9,31.1
z_76.5_9.0,2029,3,2029-T3,Diminution,62.3,6.7,62.3,31.0
z_76.5_9.0,2029,4,2029-T4,Diminution,64.8,7.0,64.8,28.2
z_76.5_9.0,2030,1,2030-T1,Diminution,64.3,6.3,64.3,29.5
z_76.5_9.0,2030,2,2030-T2,Diminution,62.9,6.0,62.9,31.1
z_76.5_9.0,2030,3,2030-T3,Diminution,54.7,7.1,54.7,38.1
z_76.5_9.0,2030,4,2030-T4,Diminution,64.8,7.0,64.8,28.2
z_78.0_10.5,2023,1,2023-T1,Diminution,89.9,1.4,89.9,8.7
z_78.0_10.5,2023,2,2023-T2,Diminution,88.0,1.4,88.0,10.5
z_78.0_10.5,2023,3,2023-T3,Diminution,89.2,1.6,89.2,9.2
z_78.0_10.5,2023,4,2023-T4,Diminution,89.7,1.6,89.7,8.7
z_78.0_10.5,2024,1,2024-T1,Diminution,89.9,1.4,89.9,8.7
z_78.0_10.5,2024,2,2024-T2,Diminution,88.0,1.4,88.0,10.5
z_78.0_10.5,2024,3,2024-T3,Diminution,89.2,1.6,89.2,9.2
z_78.0_10.5,2024,4,2024-T4,Diminution,89.7,1.6,89.7,8.7
z_78.0_10.5,2025,1,2025-T1,Diminution,89.9,1.4,89.9,8.7
z_78.0_10.5,2025,2,2025-T2,Diminution,88.0,1.4,88.0,10.5
z_78.0_10.5,2025,3,2025-T3,Diminution,75.1,2.2,75.1,22.7
z_78.0_10.5,2025,4,2025-T4,Diminution,79.7,2.8,79.7,17.5
z_78.0_10.5,2026,1,2026-T1,Diminution,87.7,2.4,87.7,9.9
z_78.0_10.5,2026,2,2026-T2,Diminution,82.8,1.5,82.8,15.8
z_78.0_10.5,2026,3,2026-T3,Diminution,89.2,1.6,89.2,9.2
z_78.0_10.5,2026,4,2026-T4,Diminution,89.7,1.6,89.7,8.7
z_78.0_10.5,2027,1,2027-T1,Diminution,89.9,1.4,89.9,8.7
z_78.0_10.5,2027,2,2027-T2,Diminution,84.6,2.6,84.6,12.8
z_78.0_10.5,2027,3,2027-T3,Diminution,89.2,1.6,89.2,9.2
z_78.0_10.5,2027,4,2027-T4,Diminution,89.7,1.6,89.7,8.7
z_78.0_10.5,2028,1,2028-T1,Diminution,89.9,1.4,89.9,8.7
z_78.0_10.5,2028,2,2028-T2,Diminution,77.5,2.3,77.5,20.1
z_78.0_10.5,2028,3,2028-T3,Diminution,89.2,1.6,89.2,9.2
z_78.0_10.5,2028,4,2028-T4,Diminution,89.7,1.6,89.7,8.7
z_78.0_10.5,2029,1,2029-T1,Diminution,89.9,1.4,89.9,8.7
z_78.0_10.5,2029,2,2029-T2,Diminution,83.7,2.7,83.7,13.6
z_78.0_10.5,2029,3,2029-T3,Diminution,89.2,1.6,89.2,9.2
z_78.0_10.5,2029,4,2029-T4,Diminution,89.7,1.6,89.7,8.7
z_78.0_10.5,2030,1,2030-T1,Diminution,89.9,1.4,89.9,8.7
z_78.0_10.5,2030,2,2030-T2,Diminution,67.8,6.1,67.8,26.2
z_78.0_10.5,2030,3,2030-T3,Diminution,89.2,1.6,89.2,9.2
z_78.0_10.5,2030,4,2030-T4,Diminution,89.7,1.6,89.7,8.7
z_78.0_13.5,2023,1,2023-T1,Diminution,86.8,2.0,86.8,11.2
z_78.0_13.5,2023,2,2023-T2,Diminution,82.8,1.9,82.8,15.3
z_78.0_13.5,2023,3,2023-T3,Diminution,65.3,15.3,65.3,19.4
z_78.0_13.5,2023,4,2023-T4,Diminution,76.9,3.9,76.9,19.2
z_78.0_13.5,2024,1,2024-T1,Diminution,85.0,2.5,85.0,12.5
z_78.0_13.5,2024,2,2024-T2,Diminution,77.7,2.5,77.7,19.8
z_78.0_13.5,2024,3,2024-T3,Diminution,68.2,11.8,68.2,20.0
z_78.0_13.5,2024,4,2024-T4,Diminution,74.9,2.6,74.9,22.5
z_78.0_13.5,2025,1,2025-T1,Diminution,77.4,3.6,77.4,18.9
z_78.0_13.5,2025,2,2025-T2,Diminution,80.7,3.3,80.7,16.1
z_78.0_13.5,2025,3,2025-T3,Diminution,62.3,10.7,62.3,27.1
z_78.0_13.5,2025,4,2025-T4,Diminution,61.8,9.8,61.8,28.4
z_78.0_13.5,2026,1,2026-T1,Diminution,67.6,9.1,67.6,23.3
z_78.0_13.5,2026,2,2026-T2,Diminution,62.9,6.6,62.9,30.5
z_78.0_13.5,2026,3,2026-T3,Diminution,71.2,8.0,71.2,20.7
z_78.0_13.5,2026,4,2026-T4,Diminution,86.5,2.2,86.5,11.3
z_78.0_13.5,2027,1,2027-T1,Diminution,86.8,2.0,86.8,11.2
z_78.0_13.5,2027,2,2027-T2,Diminution,78.0,3.4,78.0,18.5
z_78.0_13.5,2027,3,2027-T3,Diminution,68.8,7.2,68.8,24.0
z_78.0_13.5,2027,4,2027-T4,Diminution,86.5,2.2,86.5,11.3
z_78.0_13.5,2028,1,2028-T1,Diminution,86.8,2.0,86.8,11.2
z_78.0_13.5,2028,2,2028-T2,Diminution,62.8,5.4,62.8,31.8
z_78.0_13.5,2028,3,2028-T3,Diminution,72.0,7.9,72.0,20.1
z_78.0_13.5,2028,4,2028-T4,Diminution,86.5,2.2,86.5,11.3
z_78.0_13.5,2029,1,2029-T1,Diminution,86.8,2.0,86.8,11.2
z_78.0_13.5,2029,2,2029-T2,Diminution,80.1,3.1,80.1,16.8
z_78.0_13.5,2029,3,2029-T3,Diminution,70.7,12.4,70.7,16.9
z_78.0_13.5,2029,4,2029-T4,Diminution,86.5,2.2,86.5,11.3
z_78.0_13.5,2030,1,2030-T1,Diminution,86.8,2.0,86.8,11.2
z_78.0_13.5,2030,2,2030-T2,Diminution,67.4,4.4,67.4,28.2
z_78.0_13.5,2030,3,2030-T3,Diminution,69.9,12.3,69.9,17.9
z_78.0_13.5,2030,4,2030-T4,Diminution,86.5,2.2,86.5,11.3
z_78.0_15.0,2023,1,2023-T1,Diminution,84.9,2.2,84.9,12.9
z_78.0_15.0,2023,2,2023-T2,Diminution,78.6,1.8,78.6,19.6
z_78.0_15.0,2023,3,2023-T3,Diminution,69.0,6.5,69.0,24.5
z_78.0_15.0,2023,4,2023-T4,Diminution,87.1,1.7,87.1,11.2
z_78.0_15.0,2024,1,2024-T1,Diminution,87.0,1.5,87.0,11.4
z_78.0_15.0,2024,2,2024-T2,Diminution,80.6,2.4,80.6,17.0
z_78.0_15.0,2024,3,2024-T3,Diminution,62.2,7.3,62.2,30.5
z_78.0_15.0,2024,4,2024-T4,Diminution,78.8,2.8,78.8,18.4
z_78.0_15.0,2025,1,2025-T1,Diminution,84.9,2.2,84.9,12.9
z_78.0_15.0,2025,2,2025-T2,Diminution,70.3,2.8,70.3,26.9
z_78.0_15.0,2025,3,2025-T3,Diminution,69.0,6.5,69.0,24.5
z_78.0_15.0,2025,4,2025-T4,Diminution,87.1,1.7,87.1,11.2
z_78.0_15.0,2026,1,2026-T1,Diminution,87.0,1.5,87.0,11.4
z_78.0_15.0,2026,2,2026-T2,Diminution,77.5,3.2,77.5,19.3
z_78.0_15.0,2026,3,2026-T3,Diminution,69.0,6.5,69.0,24.5
z_78.0_15.0,2026,4,2026-T4,Diminution,87.1,1.7,87.1,11.2
z_78.0_15.0,2027,1,2027-T1,Diminution,87.0,1.5,87.0,11.4
z_78.0_15.0,2027,2,2027-T2,Diminution,63.6,5.8,63.6,30.6
z_78.0_15.0,2027,3,2027-T3,Diminution,69.0,6.5,69.0,24.5
z_78.0_15.0,2027,4,2027-T4,Diminution,87.1,1.7,87.1,11.2
z_78.0_15.0,2028,1,2028-T1,Diminution,87.0,1.5,87.0,11.4
z_78.0_15.0,2028,2,2028-T2,Diminution,80.8,3.0,80.8,16.2
z_78.0_15.0,2028,3,2028-T3,Diminution,69.0,6.5,69.0,24.5
z_78.0_15.0,2028,4,2028-T4,Diminution,87.1,1.7,87.1,11.2
z_78.0_15.0,2029,1,2029-T1,Diminution,87.0,1.5,87.0,11.4
z_78.0_15.0,2029,2,2029-T2,Diminution,69.8,4.5,69.8,25.7
z_78.0_15.0,2029,3,2029-T3,Diminution,69.0,6.5,69.0,24.5
z_78.0_15.0,2029,4,2029-T4,Diminution,87.1,1.7,87.1,11.2
z_78.0_15.0,2030,1,2030-T1,Diminution,87.0,1.5,87.0,11.4
z_78.0_15.0,2030,2,2030-T2,Diminution,84.0,1.6,84.0,14.5
z_78.0_15.0,2030,3,2030-T3,Diminution,69.0,6.5,69.0,24.5
z_78.0_15.0,2030,4,2030-T4,Diminution,87.1,1.7,87.1,11.2
z_79.5_10.5,2023,1,2023-T1,Diminution,84.3,6.2,84.3,9.5
z_79.5_10.5,2023,2,2023-T2,Diminution,81.9,2.8,81.9,15.2
z_79.5_10.5,2023,3,2023-T3,Diminution,91.5,2.9,91.5,5.6
z_79.5_10.5,2023,4,2023-T4,Diminution,92.1,2.4,92.1,5.5
z_79.5_10.5,2024,1,2024-T1,Diminution,92.4,2.1,92.4,5.5
z_79.5_10.5,2024,2,2024-T2,Diminution,85.0,4.3,85.0,10.6
z_79.5_10.5,2024,3,2024-T3,Diminution,91.5,2.9,91.5,5.6
z_79.5_10.5,2024,4,2024-T4,Diminution,92.1,2.4,92.1,5.5
z_79.5_10.5,2025,1,2025-T1,Diminution,92.4,2.1,92.4,5.5
z_79.5_10.5,2025,2,2025-T2,Diminution,74.9,3.5,74.9,21.7
z_79.5_10.5,2025,3,2025-T3,Diminution,91.5,2.9,91.5,5.6
z_79.5_10.5,2025,4,2025-T4,Diminution,79.6,2.2,79.6,18.2
z_79.5_10.5,2026,1,2026-T1,Diminution,79.7,3.4,79.7,16.9
z_79.5_10.5,2026,2,2026-T2,Diminution,79.2,4.2,79.2,16.6
z_79.5_10.5,2026,3,2026-T3,Diminution,86.0,2.5,86.0,11.5
z_79.5_10.5,2026,4,2026-T4,Diminution,92.1,2.4,92.1,5.5
z_79.5_10.5,2027,1,2027-T1,Diminution,92.4,2.1,92.4,5.5
z_79.5_10.5,2027,2,2027-T2,Diminution,71.0,4.8,71.0,24.2
z_79.5_10.5,2027,3,2027-T3,Diminution,85.1,5.9,85.1,9.0
z_79.5_10.5,2027,4,2027-T4,Diminution,92.1,2.4,92.1,5.5
z_79.5_10.5,2028,1,2028-T1,Diminution,92.4,2.1,92.4,5.5
z_79.5_10.5,2028,2,2028-T2,Diminution,92.2,2.2,92.2,5.7
z_79.5_10.5,2028,3,2028-T3,Diminution,79.2,3.5,79.2,17.3
z_79.5_10.5,2028,4,2028-T4,Diminution,92.1,2.4,92.1,5.5
z_79.5_10.5,2029,1,2029-T1,Diminution,92.4,2.1,92.4,5.5
z_79.5_10.5,2029,2,2029-T2,Diminution,92.2,2.2,92.2,5.7
z_79.5_10.5,2029,3,2029-T3,Diminution,85.6,3.5,85.6,10.9
z_79.5_10.5,2029,4,2029-T4,Diminution,92.1,2.4,92.1,5.5
z_79.5_10.5,2030,1,2030-T1,Diminution,92.4,2.1,92.4,5.5
z_79.5_10.5,2030,2,2030-T2,Diminution,92.2,2.2,92.2,5.7
z_79.5_10.5,2030,3,2030-T3,Diminution,64.3,8.0,64.3,27.7
z_79.5_10.5,2030,4,2030-T4,Diminution,92.1,2.4,92.1,5.5
z_79.5_16.5,2023,1,2023-T1,Diminution,90.3,2.3,90.3,7.4
z_79.5_16.5,2023,2,2023-T2,Diminution,88.0,2.9,88.0,9.1
z_79.5_16.5,2023,3,2023-T3,Diminution,89.4,3.3,89.4,7.3
z_79.5_16.5,2023,4,2023-T4,Diminution,64.8,7.7,64.8,27.5
z_79.5_16.5,2024,1,2024-T1,Diminution,90.3,2.3,90.3,7.4
z_79.5_16.5,2024,2,2024-T2,Diminution,88.0,2.9,88.0,9.1
z_79.5_16.5,2024,3,2024-T3,Diminution,89.4,3.3,89.4,7.3
z_79.5_16.5,2024,4,2024-T4,Diminution,90.2,2.6,90.2,7.2
z_79.5_16.5,2025,1,2025-T1,Diminution,90.3,2.3,90.3,7.4
z_79.5_16.5,2025,2,2025-T2,Diminution,88.0,2.9,88.0,9.1
z_79.5_16.5,2025,3,2025-T3,Diminution,89.4,3.3,89.4,7.3
z_79.5_16.5,2025,4,2025-T4,Diminution,76.4,2.2,76.4,21.4
z_79.5_16.5,2026,1,2026-T1,Diminution,77.1,3.4,77.1,19.5
z_79.5_16.5,2026,2,2026-T2,Diminution,86.5,3.3,86.5,10.2
z_79.5_16.5,2026,3,2026-T3,Diminution,83.6,2.9,83.6,13.5
z_79.5_16.5,2026,4,2026-T4,Diminution,90.2,2.6,90.2,7.2
z_79.5_16.5,2027,1,2027-T1,Diminution,90.3,2.3,90.3,7.4
z_79.5_16.5,2027,2,2027-T2,Diminution,88.0,2.9,88.0,9.1
z_79.5_16.5,2027,3,2027-T3,Diminution,83.7,5.9,83.7,10.4
z_79.5_16.5,2027,4,2027-T4,Diminution,90.2,2.6,90.2,7.2
z_79.5_16.5,2028,1,2028-T1,Diminution,90.3,2.3,90.3,7.4
z_79.5_16.5,2028,2,2028-T2,Diminution,88.0,2.9,88.0,9.1
z_79.5_16.5,2028,3,2028-T3,Diminution,77.1,3.7,77.1,19.2
z_79.5_16.5,2028,4,2028-T4,Diminution,90.2,2.6,90.2,7.2
z_79.5_16.5,2029,1,2029-T1,Diminution,90.3,2.3,90.3,7.4
z_79.5_16.5,2029,2,2029-T2,Diminution,88.0,2.9,88.0,9.1
z_79.5_16.5,2029,3,2029-T3,Diminution,84.0,3.7,84.0,12.4
z_79.5_16.5,2029,4,2029-T4,Diminution,90.2,2.6,90.2,7.2
z_79.5_16.5,2030,1,2030-T1,Diminution,90.3,2.3,90.3,7.4
z_79.5_16.5,2030,2,2030-T2,Diminution,88.0,2.9,88.0,9.1
z_79.5_16.5,2030,3,2030-T3,Diminution,61.6,7.9,61.6,30.4
z_79.5_16.5,2030,4,2030-T4,Diminution,90.2,2.6,90.2,7.2
