zone,annee,semestre,semestre_annee,tendance,confiance,proba_Augmentation,proba_Diminution,proba_Stable
z_24.0_-18.0,2023,1,2023-S1,Diminution,84.2,1.5,84.2,14.3
z_24.0_-18.0,2023,2,2023-S2,Diminution,84.7,0.8,84.7,14.5
z_24.0_-18.0,2024,1,2024-S1,Diminution,84.2,1.5,84.2,14.3
z_24.0_-18.0,2024,2,2024-S2,Diminution,84.7,0.8,84.7,14.5
z_24.0_-18.0,2025,1,2025-S1,Diminution,87.9,1.8,87.9,10.3
z_24.0_-18.0,2025,2,2025-S2,Diminution,79.0,1.4,79.0,19.6
z_24.0_-18.0,2026,1,2026-S1,Diminution,76.7,8.3,76.7,14.9
z_24.0_-18.0,2026,2,2026-S2,Diminution,79.9,4.0,79.9,16.2
z_24.0_-18.0,2027,1,2027-S1,Diminution,77.7,2.1,77.7,20.2
z_24.0_-18.0,2027,2,2027-S2,Diminution,81.7,3.6,81.7,14.7
z_24.0_-18.0,2028,1,2028-S1,Diminution,84.2,1.5,84.2,14.3
z_24.0_-18.0,2028,2,2028-S2,Diminution,84.7,0.8,84.7,14.5
z_24.0_-18.0,2029,1,2029-S1,Diminution,84.2,1.5,84.2,14.3
z_24.0_-18.0,2029,2,2029-S2,Diminution,84.7,0.8,84.7,14.5
z_24.0_-18.0,2030,1,2030-S1,Diminution,84.2,1.5,84.2,14.3
z_24.0_-18.0,2030,2,2030-S2,Diminution,84.7,0.8,84.7,14.5
z_24.0_-19.5,2023,1,2023-S1,Diminution,86.5,0.8,86.5,12.6
z_24.0_-19.5,2023,2,2023-S2,Diminution,88.4,1.4,88.4,10.2
z_24.0_-19.5,2024,1,2024-S1,Diminution,77.0,1.2,77.0,21.8
z_24.0_-19.5,2024,2,2024-S2,Diminution,85.3,3.5,85.3,11.2
z_24.0_-19.5,2025,1,2025-S1,Diminution,80.2,3.8,80.2,16.1
z_24.0_-19.5,2025,2,2025-S2,Diminution,82.1,2.3,82.1,15.5
z_24.0_-19.5,2026,1,2026-S1,Diminution,83.1,3.3,83.1,13.6
z_24.0_-19.5,2026,2,2026-S2,Diminution,85.1,0.8,85.1,14.0
z_24.0_-19.5,2027,1,2027-S1,Diminution,86.5,0.8,86.5,12.6
z_24.0_-19.5,2027,2,2027-S2,Diminution,85.1,0.8,85.1,14.0
z_24.0_-19.5,2028,1,2028-S1,Diminution,86.5,0.8,86.5,12.6
z_24.0_-19.5,2028,2,2028-S2,Diminution,85.1,0.8,85.1,14.0
z_24.0_-19.5,2029,1,2029-S1,Diminution,86.5,0.8,86.5,12.6
z_24.0_-19.5,2029,2,2029-S2,Diminution,85.1,0.8,85.1,14.0
z_24.0_-19.5,2030,1,2030-S1,Diminution,86.5,0.8,86.5,12.6
z_24.0_-19.5,2030,2,2030-S2,Diminution,85.1,0.8,85.1,14.0
z_25.5_-16.5,2023,1,2023-S1,Diminution,83.9,1.8,83.9,14.3
z_25.5_-16.5,2023,2,2023-S2,Diminution,83.0,2.3,83.0,14.7
z_25.5_-16.5,2024,1,2024-S1,Diminution,83.9,1.8,83.9,14.3
z_25.5_-16.5,2024,2,2024-S2,Diminution,83.0,2.3,83.0,14.7
z_25.5_-16.5,2025,1,2025-S1,Diminution,83.6,2.5,83.6,13.8
z_25.5_-16.5,2025,2,2025-S2,Diminution,75.0,2.8,75.0,22.1
z_25.5_-16.5,2026,1,2026-S1,Diminution,81.3,5.1,81.3,13.5
z_25.5_-16.5,2026,2,2026-S2,Diminution,76.3,6.0,76.3,17.7
z_25.5_-16.5,2027,1,2027-S1,Diminution,80.0,3.2,80.0,16.8
z_25.5_-16.5,2027,2,2027-S2,Diminution,78.9,3.5,78.9,17.6
z_25.5_-16.5,2028,1,2028-S1,Diminution,83.9,1.8,83.9,14.3
z_25.5_-16.5,2028,2,2028-S2,Diminution,83.0,2.3,83.0,14.7
z_25.5_-16.5,2029,1,2029-S1,Diminution,83.9,1.8,83.9,14.3
z_25.5_-16.5,2029,2,2029-S2,Diminution,83.0,2.3,83.0,14.7
z_25.5_-16.5,2030,1,2030-S1,Diminution,83.9,1.8,83.9,14.3
z_25.5_-16.5,2030,2,2030-S2,Diminution,83.0,2.3,83.0,14.7
z_27.0_-15.0,2023,1,2023-S1,Diminution,78.7,2.0,78.7,19.3
z_27.0_-15.0,2023,2,2023-S2,Diminution,64.3,10.3,64.3,25.3
z_27.0_-15.0,2024,1,2024-S1,Diminution,45.9,8.5,45.9,45.7
z_27.0_-15.0,2024,2,2024-S2,Diminution,68.4,2.9,68.4,28.8
z_27.0_-15.0,2025,1,2025-S1,Diminution,59.7,7.7,59.7,32.5
z_27.0_-15.0,2025,2,2025-S2,Diminution,72.0,3.5,72.0,24.4
z_27.0_-15.0,2026,1,2026-S1,Diminution,65.4,2.1,65.4,32.5
z_27.0_-15.0,2026,2,2026-S2,Diminution,78.0,2.2,78.0,19.8
z_27.0_-15.0,2027,1,2027-S1,Diminution,78.7,2.0,78.7,19.3
z_27.0_-15.0,2027,2,2027-S2,Diminution,78.0,2.2,78.0,19.8
z_27.0_-15.0,2028,1,2028-S1,Diminution,78.7,2.0,78.7,19.3
z_27.0_-15.0,2028,2,2028-S2,Diminution,78.0,2.2,78.0,19.8
z_27.0_-15.0,2029,1,2029-S1,Diminution,78.7,2.0,78.7,19.3
z_27.0_-15.0,2029,2,2029-S2,Diminution,78.0,2.2,78.0,19.8
z_27.0_-15.0,2030,1,2030-S1,Diminution,78.7,2.0,78.7,19.3
z_27.0_-15.0,2030,2,2030-S2,Diminution,78.0,2.2,78.0,19.8
z_27.0_-16.5,2023,1,2023-S1,Augmentation,74.3,74.3,10.0,15.7
z_27.0_-16.5,2023,2,2023-S2,Augmentation,59.4,59.4,20.8,19.8
z_27.0_-16.5,2024,1,2024-S1,Augmentation,54.2,54.2,28.8,17.0
z_27.0_-16.5,2024,2,2024-S2,Augmentation,58.6,58.6,21.9,19.5
z_27.0_-16.5,2025,1,2025-S1,Augmentation,63.2,63.2,15.0,21.8
z_27.0_-16.5,2025,2,2025-S2,Augmentation,66.7,66.7,15.6,17.8
z_27.0_-16.5,2026,1,2026-S1,Augmentation,58.2,58.2,17.2,24.6
z_27.0_-16.5,2026,2,2026-S2,Augmentation,59.2,59.2,22.8,18.0
z_27.0_-16.5,2027,1,2027-S1,Augmentation,63.4,63.4,16.7,19.9
z_27.0_-16.5,2027,2,2027-S2,Augmentation,68.4,68.4,14.4,17.2
z_27.0_-16.5,2028,1,2028-S1,Augmentation,69.2,69.2,11.3,19.5
z_27.0_-16.5,2028,2,2028-S2,Augmentation,69.5,69.5,14.5,16.1
z_27.0_-16.5,2029,1,2029-S1,Augmentation,69.9,69.9,12.5,17.6
z_27.0_-16.5,2029,2,2029-S2,Augmentation,69.2,69.2,15.2,15.6
z_27.0_-16.5,2030,1,2030-S1,Augmentation,69.8,69.8,13.4,16.8
z_27.0_-16.5,2030,2,2030-S2,Augmentation,70.6,70.6,14.8,14.6
z_28.5_-13.5,2023,1,2023-S1,Diminution,83.6,1.7,83.6,14.6
z_28.5_-13.5,2023,2,2023-S2,Diminution,78.4,2.4,78.4,19.2
z_28.5_-13.5,2024,1,2024-S1,Diminution,83.6,1.7,83.6,14.6
z_28.5_-13.5,2024,2,2024-S2,Diminution,78.1,4.8,78.1,17.1
z_28.5_-13.5,2025,1,2025-S1,Diminution,75.7,1.9,75.7,22.5
z_28.5_-13.5,2025,2,2025-S2,Diminution,73.3,8.0,73.3,18.7
z_28.5_-13.5,2026,1,2026-S1,Diminution,68.6,6.9,68.6,24.5
z_28.5_-13.5,2026,2,2026-S2,Diminution,79.1,4.9,79.1,16.0
z_28.5_-13.5,2027,1,2027-S1,Diminution,71.8,5.5,71.8,22.7
z_28.5_-13.5,2027,2,2027-S2,Diminution,79.1,4.0,79.1,17.0
z_28.5_-13.5,2028,1,2028-S1,Diminution,78.8,2.8,78.8,18.4
z_28.5_-13.5,2028,2,2028-S2,Diminution,78.4,2.4,78.4,19.2
z_28.5_-13.5,2029,1,2029-S1,Diminution,83.6,1.7,83.6,14.6
z_28.5_-13.5,2029,2,2029-S2,Diminution,78.4,2.4,78.4,19.2
z_28.5_-13.5,2030,1,2030-S1,Diminution,83.6,1.7,83.6,14.6
z_28.5_-13.5,2030,2,2030-S2,Diminution,78.4,2.4,78.4,19.2
z_28.5_-15.0,2023,1,2023-S1,Diminution,45.7,16.2,45.7,38.1
z_28.5_-15.0,2023,2,2023-S2,Stable,41.0,19.4,39.6,41.0
z_28.5_-15.0,2024,1,2024-S1,Stable,38.5,25.4,36.2,38.5
z_28.5_-15.0,2024,2,2024-S2,Stable,39.6,30.0,30.3,39.6
z_28.5_-15.0,2025,1,2025-S1,Stable,39.7,22.3,38.0,39.7
z_28.5_-15.0,2025,2,2025-S2,Stable,45.4,26.2,28.4,45.4
z_28.5_-15.0,2026,1,2026-S1,Diminution,40.9,23.4,40.9,35.7
z_28.5_-15.0,2026,2,2026-S2,Stable,48.4,23.1,28.5,48.4
z_28.5_-15.0,2027,1,2027-S1,Diminution,42.3,21.0,42.3,36.7
z_28.5_-15.0,2027,2,2027-S2,Stable,42.1,26.0,31.9,42.1
z_28.5_-15.0,2028,1,2028-S1,Diminution,39.4,23.6,39.4,37.0
z_28.5_-15.0,2028,2,2028-S2,Stable,46.0,22.4,31.6,46.0
z_28.5_-15.0,2029,1,2029-S1,Diminution,40.2,23.1,40.2,36.8
z_28.5_-15.0,2029,2,2029-S2,Stable,43.5,25.5,31.0,43.5
z_28.5_-15.0,2030,1,2030-S1,Diminution,40.2,23.1,40.2,36.8
z_28.5_-15.0,2030,2,2030-S2,Stable,43.5,25.5,31.0,43.5
z_28.5_-16.5,2023,1,2023-S1,Stable,44.7,27.5,27.8,44.7
z_28.5_-16.5,2023,2,2023-S2,Stable,41.9,18.3,39.8,41.9
z_28.5_-16.5,2024,1,2024-S1,Stable,49.5,18.7,31.8,49.5
z_28.5_-16.5,2024,2,2024-S2,Stable,41.5,22.5,35.9,41.5
z_28.5_-16.5,2025,1,2025-S1,Stable,49.9,32.6,17.5,49.9
z_28.5_-16.5,2025,2,2025-S2,Stable,40.3,38.5,21.3,40.3
z_28.5_-16.5,2026,1,2026-S1,Stable,47.8,28.3,23.9,47.8
z_28.5_-16.5,2026,2,2026-S2,Diminution,34.9,32.1,34.9,33.0
z_28.5_-16.5,2027,1,2027-S1,Stable,53.6,25.5,21.0,53.6
z_28.5_-16.5,2027,2,2027-S2,Augmentation,37.2,37.2,28.3,34.5
z_28.5_-16.5,2028,1,2028-S1,Stable,48.8,31.9,19.3,48.8
z_28.5_-16.5,2028,2,2028-S2,Stable,36.4,33.9,29.7,36.4
z_28.5_-16.5,2029,1,2029-S1,Stable,49.4,32.2,18.4,49.4
z_28.5_-16.5,2029,2,2029-S2,Stable,36.9,36.9,26.2,36.9
z_28.5_-16.5,2030,1,2030-S1,Stable,49.3,32.3,18.3,49.3
z_28.5_-16.5,2030,2,2030-S2,Stable,36.9,36.9,26.1,36.9
z_30.0_-10.5,2023,1,2023-S1,Diminution,62.9,5.3,62.9,31.8
z_30.0_-10.5,2023,2,2023-S2,Diminution,78.1,2.6,78.1,19.2
z_30.0_-10.5,2024,1,2024-S1,Diminution,62.9,5.3,62.9,31.8
z_30.0_-10.5,2024,2,2024-S2,Diminution,65.5,5.3,65.5,29.2
z_30.0_-10.5,2025,1,2025-S1,Diminution,53.3,13.4,53.3,33.3
z_30.0_-10.5,2025,2,2025-S2,Diminution,52.3,7.5,52.3,40.2
z_30.0_-10.5,2026,1,2026-S1,Diminution,57.9,6.0,57.9,36.1
z_30.0_-10.5,2026,2,2026-S2,Diminution,64.9,6.9,64.9,28.2
z_30.0_-10.5,2027,1,2027-S1,Diminution,63.1,5.2,63.1,31.7
z_30.0_-10.5,2027,2,2027-S2,Diminution,70.1,2.7,70.1,27.2
z_30.0_-10.5,2028,1,2028-S1,Diminution,62.9,5.3,62.9,31.8
z_30.0_-10.5,2028,2,2028-S2,Diminution,78.1,2.6,78.1,19.2
z_30.0_-10.5,2029,1,2029-S1,Diminution,62.9,5.3,62.9,31.8
z_30.0_-10.5,2029,2,2029-S2,Diminution,78.1,2.6,78.1,19.2
z_30.0_-10.5,2030,1,2030-S1,Diminution,62.9,5.3,62.9,31.8
z_30.0_-10.5,2030,2,2030-S2,Diminution,78.1,2.6,78.1,19.2
z_30.0_-13.5,2023,1,2023-S1,Diminution,73.4,2.7,73.4,23.9
z_30.0_-13.5,2023,2,2023-S2,Diminution,85.5,3.7,85.5,10.8
z_30.0_-13.5,2024,1,2024-S1,Diminution,73.2,3.6,73.2,23.2
z_30.0_-13.5,2024,2,2024-S2,Diminution,78.4,4.8,78.4,16.8
z_30.0_-13.5,2025,1,2025-S1,Diminution,69.1,4.9,69.1,25.9
z_30.0_-13.5,2025,2,2025-S2,Diminution,85.5,3.7,85.5,10.8
z_30.0_-13.5,2026,1,2026-S1,Diminution,73.2,3.6,73.2,23.2
z_30.0_-13.5,2026,2,2026-S2,Diminution,83.0,2.4,83.0,14.6
z_30.0_-13.5,2027,1,2027-S1,Diminution,73.1,4.4,73.1,22.5
z_30.0_-13.5,2027,2,2027-S2,Diminution,86.0,0.8,86.0,13.2
z_30.0_-13.5,2028,1,2028-S1,Diminution,75.3,1.8,75.3,22.9
z_30.0_-13.5,2028,2,2028-S2,Diminution,86.0,0.8,86.0,13.2
z_30.0_-13.5,2029,1,2029-S1,Diminution,75.3,1.8,75.3,22.9
z_30.0_-13.5,2029,2,2029-S2,Diminution,86.0,0.8,86.0,13.2
z_30.0_-13.5,2030,1,2030-S1,Diminution,75.3,1.8,75.3,22.9
z_30.0_-13.5,2030,2,2030-S2,Diminution,86.0,0.8,86.0,13.2
z_30.0_-15.0,2023,1,2023-S1,Diminution,58.0,9.0,58.0,33.0
z_30.0_-15.0,2023,2,2023-S2,Diminution,73.6,9.8,73.6,16.6
z_30.0_-15.0,2024,1,2024-S1,Diminution,58.7,6.7,58.7,34.6
z_30.0_-15.0,2024,2,2024-S2,Diminution,74.5,4.2,74.5,21.4
z_30.0_-15.0,2025,1,2025-S1,Diminution,66.6,7.2,66.6,26.3
z_30.0_-15.0,2025,2,2025-S2,Diminution,85.7,3.1,85.7,11.1
z_30.0_-15.0,2026,1,2026-S1,Diminution,69.6,4.2,69.6,26.2
z_30.0_-15.0,2026,2,2026-S2,Diminution,74.3,9.7,74.3,16.0
z_30.0_-15.0,2027,1,2027-S1,Diminution,68.8,5.1,68.8,26.1
z_30.0_-15.0,2027,2,2027-S2,Diminution,76.0,4.3,76.0,19.7
z_30.0_-15.0,2028,1,2028-S1,Diminution,68.6,6.8,68.6,24.6
z_30.0_-15.0,2028,2,2028-S2,Diminution,79.2,3.6,79.2,17.2
z_30.0_-15.0,2029,1,2029-S1,Diminution,69.1,3.9,69.1,27.0
z_30.0_-15.0,2029,2,2029-S2,Diminution,79.2,3.6,79.2,17.2
z_30.0_-15.0,2030,1,2030-S1,Diminution,69.1,3.9,69.1,27.0
z_30.0_-15.0,2030,2,2030-S2,Diminution,79.2,3.6,79.2,17.2
z_30.0_28.5,2023,1,2023-S1,Diminution,43.0,25.8,43.0,31.2
z_30.0_28.5,2023,2,2023-S2,Stable,38.5,31.4,30.0,38.5
z_30.0_28.5,2024,1,2024-S1,Stable,39.0,26.8,34.2,39.0
z_30.0_28.5,2024,2,2024-S2,Diminution,43.0,33.2,43.0,23.8
z_30.0_28.5,2025,1,2025-S1,Diminution,43.9,27.9,43.9,28.2
z_30.0_28.5,2025,2,2025-S2,Diminution,41.4,33.1,41.4,25.5
z_30.0_28.5,2026,1,2026-S1,Stable,39.5,24.1,36.3,39.5
z_30.0_28.5,2026,2,2026-S2,Diminution,47.5,22.4,47.5,30.1
z_30.0_28.5,2027,1,2027-S1,Diminution,46.5,19.6,46.5,33.9
z_30.0_28.5,2027,2,2027-S2,Diminution,45.3,21.8,45.3,32.8
z_30.0_28.5,2028,1,2028-S1,Diminution,43.9,21.8,43.9,34.3
z_30.0_28.5,2028,2,2028-S2,Diminution,43.6,19.5,43.6,36.9
z_30.0_28.5,2029,1,2029-S1,Diminution,46.5,20.1,46.5,33.3
z_30.0_28.5,2029,2,2029-S2,Diminution,45.7,19.2,45.7,35.1
z_30.0_28.5,2030,1,2030-S1,Diminution,46.5,20.2,46.5,33.3
z_30.0_28.5,2030,2,2030-S2,Diminution,45.7,19.3,45.7,35.1
z_30.0_30.0,2023,1,2023-S1,Diminution,79.4,5.2,79.4,15.4
z_30.0_30.0,2023,2,2023-S2,Diminution,87.4,3.5,87.4,9.2
z_30.0_30.0,2024,1,2024-S1,Diminution,84.0,3.7,84.0,12.3
z_30.0_30.0,2024,2,2024-S2,Diminution,89.0,2.7,89.0,8.3
z_30.0_30.0,2025,1,2025-S1,Diminution,85.1,2.6,85.1,12.3
z_30.0_30.0,2025,2,2025-S2,Diminution,90.7,1.4,90.7,7.9
z_30.0_30.0,2026,1,2026-S1,Diminution,79.0,3.1,79.0,17.9
z_30.0_30.0,2026,2,2026-S2,Diminution,90.3,3.0,90.3,6.7
z_30.0_30.0,2027,1,2027-S1,Diminution,82.9,4.1,82.9,13.0
z_30.0_30.0,2027,2,2027-S2,Diminution,88.9,2.0,88.9,9.0
z_30.0_30.0,2028,1,2028-S1,Diminution,81.3,6.6,81.3,12.2
z_30.0_30.0,2028,2,2028-S2,Diminution,93.7,0.4,93.7,5.9
z_30.0_30.0,2029,1,2029-S1,Diminution,85.1,2.6,85.1,12.3
z_30.0_30.0,2029,2,2029-S2,Diminution,93.7,0.4,93.7,5.9
z_30.0_30.0,2030,1,2030-S1,Diminution,85.1,2.6,85.1,12.3
z_30.0_30.0,2030,2,2030-S2,Diminution,93.7,0.4,93.7,5.9
z_30.0_31.5,2023,1,2023-S1,Stable,41.1,35.1,23.8,41.1
z_30.0_31.5,2023,2,2023-S2,Augmentation,49.2,49.2,19.2,31.6
z_30.0_31.5,2024,1,2024-S1,Augmentation,44.2,44.2,17.8,38.1
z_30.0_31.5,2024,2,2024-S2,Stable,43.3,20.8,35.9,43.3
z_30.0_31.5,2025,1,2025-S1,Augmentation,50.9,50.9,19.8,29.3
z_30.0_31.5,2025,2,2025-S2,Stable,46.3,29.7,24.0,46.3
z_30.0_31.5,2026,1,2026-S1,Stable,38.2,25.2,36.7,38.2
z_30.0_31.5,2026,2,2026-S2,Stable,42.4,20.5,37.1,42.4
z_30.0_31.5,2027,1,2027-S1,Diminution,42.2,25.1,42.2,32.7
z_30.0_31.5,2027,2,2027-S2,Diminution,41.7,20.2,41.7,38.0
z_30.0_31.5,2028,1,2028-S1,Diminution,50.1,14.2,50.1,35.6
z_30.0_31.5,2028,2,2028-S2,Diminution,49.1,15.8,49.1,35.1
z_30.0_31.5,2029,1,2029-S1,Diminution,44.0,15.9,44.0,40.1
z_30.0_31.5,2029,2,2029-S2,Diminution,49.4,14.2,49.4,36.4
z_30.0_31.5,2030,1,2030-S1,Diminution,48.5,15.4,48.5,36.1
z_30.0_31.5,2030,2,2030-S2,Diminution,48.9,15.2,48.9,35.8
z_31.5_-15.0,2023,1,2023-S1,Diminution,79.4,1.9,79.4,18.7
z_31.5_-15.0,2023,2,2023-S2,Diminution,79.7,3.5,79.7,16.8
z_31.5_-15.0,2024,1,2024-S1,Diminution,85.3,0.9,85.3,13.8
z_31.5_-15.0,2024,2,2024-S2,Diminution,83.6,0.8,83.6,15.6
z_31.5_-15.0,2025,1,2025-S1,Diminution,88.8,1.3,88.8,9.9
z_31.5_-15.0,2025,2,2025-S2,Diminution,78.7,1.4,78.7,19.9
z_31.5_-15.0,2026,1,2026-S1,Diminution,82.3,5.4,82.3,12.2
z_31.5_-15.0,2026,2,2026-S2,Diminution,77.8,4.3,77.8,17.9
z_31.5_-15.0,2027,1,2027-S1,Diminution,79.4,1.9,79.4,18.7
z_31.5_-15.0,2027,2,2027-S2,Diminution,79.7,3.5,79.7,16.8
z_31.5_-15.0,2028,1,2028-S1,Diminution,85.3,0.9,85.3,13.8
z_31.5_-15.0,2028,2,2028-S2,Diminution,83.6,0.8,83.6,15.6
z_31.5_-15.0,2029,1,2029-S1,Diminution,85.3,0.9,85.3,13.8
z_31.5_-15.0,2029,2,2029-S2,Diminution,83.6,0.8,83.6,15.6
z_31.5_-15.0,2030,1,2030-S1,Diminution,85.3,0.9,85.3,13.8
z_31.5_-15.0,2030,2,2030-S2,Diminution,83.6,0.8,83.6,15.6
z_31.5_-18.0,2023,1,2023-S1,Stable,45.2,26.6,28.2,45.2
z_31.5_-18.0,2023,2,2023-S2,Stable,41.1,27.1,31.8,41.1
z_31.5_-18.0,2024,1,2024-S1,Stable,50.6,30.7,18.7,50.6
z_31.5_-18.0,2024,2,2024-S2,Stable,45.2,19.4,35.4,45.2
z_31.5_-18.0,2025,1,2025-S1,Stable,37.2,26.1,36.7,37.2
z_31.5_-18.0,2025,2,2025-S2,Stable,45.4,18.4,36.3,45.4
z_31.5_-18.0,2026,1,2026-S1,Diminution,36.1,28.2,36.1,35.7
z_31.5_-18.0,2026,2,2026-S2,Stable,42.1,22.0,35.9,42.1
z_31.5_-18.0,2027,1,2027-S1,Stable,38.2,24.7,37.1,38.2
z_31.5_-18.0,2027,2,2027-S2,Diminution,39.6,23.0,39.6,37.4
z_31.5_-18.0,2028,1,2028-S1,Stable,38.2,24.7,37.1,38.2
z_31.5_-18.0,2028,2,2028-S2,Diminution,39.6,23.0,39.6,37.4
z_31.5_-18.0,2029,1,2029-S1,Stable,38.2,24.7,37.1,38.2
z_31.5_-18.0,2029,2,2029-S2,Diminution,39.6,23.0,39.6,37.4
z_31.5_-18.0,2030,1,2030-S1,Stable,38.2,24.7,37.1,38.2
z_31.5_-18.0,2030,2,2030-S2,Diminution,39.6,23.0,39.6,37.4
z_31.5_31.5,2023,1,2023-S1,Diminution,44.9,14.7,44.9,40.5
z_31.5_31.5,2023,2,2023-S2,Diminution,52.4,8.6,52.4,39.0
z_31.5_31.5,2024,1,2024-S1,Diminution,45.2,20.1,45.2,34.8
z_31.5_31.5,2024,2,2024-S2,Diminution,55.0,9.3,55.0,35.8
z_31.5_31.5,2025,1,2025-S1,Stable,42.5,16.0,41.5,42.5
z_31.5_31.5,2025,2,2025-S2,Diminution,52.7,17.7,52.7,29.6
z_31.5_31.5,2026,1,2026-S1,Diminution,45.2,18.0,45.2,36.9
z_31.5_31.5,2026,2,2026-S2,Diminution,52.9,10.1,52.9,37.0
z_31.5_31.5,2027,1,2027-S1,Diminution,43.1,16.0,43.1,40.9
z_31.5_31.5,2027,2,2027-S2,Diminution,57.0,10.9,57.0,32.1
z_31.5_31.5,2028,1,2028-S1,Stable,42.5,16.0,41.5,42.5
z_31.5_31.5,2028,2,2028-S2,Diminution,53.0,10.0,53.0,37.0
z_31.5_31.5,2029,1,2029-S1,Diminution,43.6,18.0,43.6,38.4
z_31.5_31.5,2029,2,2029-S2,Diminution,53.0,10.0,53.0,37.0
z_31.5_31.5,2030,1,2030-S1,Diminution,43.6,18.0,43.6,38.4
z_31.5_31.5,2030,2,2030-S2,Diminution,53.0,10.0,53.0,37.0
z_33.0_-13.5,2023,1,2023-S1,Diminution,73.8,10.2,73.8,16.0
z_33.0_-13.5,2023,2,2023-S2,Diminution,69.1,10.1,69.1,20.8
z_33.0_-13.5,2024,1,2024-S1,Diminution,68.6,3.5,68.6,27.8
z_33.0_-13.5,2024,2,2024-S2,Diminution,76.0,8.3,76.0,15.8
z_33.0_-13.5,2025,1,2025-S1,Diminution,77.4,4.8,77.4,17.8
z_33.0_-13.5,2025,2,2025-S2,Diminution,77.8,2.6,77.8,19.6
z_33.0_-13.5,2026,1,2026-S1,Diminution,80.3,4.7,80.3,15.0
z_33.0_-13.5,2026,2,2026-S2,Diminution,81.2,1.4,81.2,17.4
z_33.0_-13.5,2027,1,2027-S1,Diminution,81.8,2.4,81.8,15.9
z_33.0_-13.5,2027,2,2027-S2,Diminution,81.2,1.4,81.2,17.4
z_33.0_-13.5,2028,1,2028-S1,Diminution,81.8,2.4,81.8,15.9
z_33.0_-13.5,2028,2,2028-S2,Diminution,81.2,1.4,81.2,17.4
z_33.0_-13.5,2029,1,2029-S1,Diminution,81.8,2.4,81.8,15.9
z_33.0_-13.5,2029,2,2029-S2,Diminution,81.2,1.4,81.2,17.4
z_33.0_-13.5,2030,1,2030-S1,Diminution,81.8,2.4,81.8,15.9
z_33.0_-13.5,2030,2,2030-S2,Diminution,81.2,1.4,81.2,17.4
z_33.0_-9.0,2023,1,2023-S1,Stable,42.5,15.3,42.2,42.5
z_33.0_-9.0,2023,2,2023-S2,Stable,47.8,14.1,38.1,47.8
z_33.0_-9.0,2024,1,2024-S1,Stable,54.0,16.4,29.6,54.0
z_33.0_-9.0,2024,2,2024-S2,Stable,54.7,24.3,21.0,54.7
z_33.0_-9.0,2025,1,2025-S1,Stable,60.6,18.8,20.6,60.6
z_33.0_-9.0,2025,2,2025-S2,Stable,46.0,14.3,39.7,46.0
z_33.0_-9.0,2026,1,2026-S1,Stable,44.7,31.2,24.1,44.7
z_33.0_-9.0,2026,2,2026-S2,Stable,55.2,29.1,15.7,55.2
z_33.0_-9.0,2027,1,2027-S1,Stable,54.9,21.7,23.4,54.9
z_33.0_-9.0,2027,2,2027-S2,Stable,57.6,15.4,27.0,57.6
z_33.0_-9.0,2028,1,2028-S1,Stable,57.6,14.8,27.6,57.6
z_33.0_-9.0,2028,2,2028-S2,Stable,55.5,22.6,21.9,55.5
z_33.0_-9.0,2029,1,2029-S1,Stable,57.9,19.3,22.7,57.9
z_33.0_-9.0,2029,2,2029-S2,Stable,59.8,17.9,22.3,59.8
z_33.0_-9.0,2030,1,2030-S1,Stable,57.9,19.3,22.7,57.9
z_33.0_-9.0,2030,2,2030-S2,Stable,59.8,17.9,22.3,59.8
z_33.0_10.5,2023,1,2023-S1,Diminution,93.4,0.5,93.4,6.1
z_33.0_10.5,2023,2,2023-S2,Diminution,94.4,0.4,94.4,5.2
z_33.0_10.5,2024,1,2024-S1,Diminution,93.4,0.5,93.4,6.1
z_33.0_10.5,2024,2,2024-S2,Diminution,94.4,0.4,94.4,5.2
z_33.0_10.5,2025,1,2025-S1,Diminution,93.4,0.5,93.4,6.1
z_33.0_10.5,2025,2,2025-S2,Diminution,94.4,0.4,94.4,5.2
z_33.0_10.5,2026,1,2026-S1,Diminution,91.9,1.2,91.9,6.9
z_33.0_10.5,2026,2,2026-S2,Diminution,84.1,1.3,84.1,14.6
z_33.0_10.5,2027,1,2027-S1,Diminution,87.0,4.4,87.0,8.5
z_33.0_10.5,2027,2,2027-S2,Diminution,88.3,3.4,88.3,8.4
z_33.0_10.5,2028,1,2028-S1,Diminution,86.2,1.7,86.2,12.1
z_33.0_10.5,2028,2,2028-S2,Diminution,89.6,2.6,89.6,7.8
z_33.0_10.5,2029,1,2029-S1,Diminution,93.4,0.5,93.4,6.1
z_33.0_10.5,2029,2,2029-S2,Diminution,94.4,0.4,94.4,5.2
z_33.0_10.5,2030,1,2030-S1,Diminution,93.4,0.5,93.4,6.1
z_33.0_10.5,2030,2,2030-S2,Diminution,94.4,0.4,94.4,5.2
z_33.0_18.0,2023,1,2023-S1,Diminution,92.8,0.6,92.8,6.6
z_33.0_18.0,2023,2,2023-S2,Diminution,93.6,0.4,93.6,5.9
z_33.0_18.0,2024,1,2024-S1,Diminution,92.8,0.6,92.8,6.6
z_33.0_18.0,2024,2,2024-S2,Diminution,93.6,0.4,93.6,5.9
z_33.0_18.0,2025,1,2025-S1,Diminution,89.7,1.5,89.7,8.8
z_33.0_18.0,2025,2,2025-S2,Diminution,82.5,1.2,82.5,16.3
z_33.0_18.0,2026,1,2026-S1,Diminution,87.3,4.6,87.3,8.1
z_33.0_18.0,2026,2,2026-S2,Diminution,87.3,3.5,87.3,9.2
z_33.0_18.0,2027,1,2027-S1,Diminution,86.5,1.8,86.5,11.7
z_33.0_18.0,2027,2,2027-S2,Diminution,88.7,2.7,88.7,8.6
z_33.0_18.0,2028,1,2028-S1,Diminution,92.8,0.6,92.8,6.6
z_33.0_18.0,2028,2,2028-S2,Diminution,93.6,0.4,93.6,5.9
z_33.0_18.0,2029,1,2029-S1,Diminution,92.8,0.6,92.8,6.6
z_33.0_18.0,2029,2,2029-S2,Diminution,93.6,0.4,93.6,5.9
z_33.0_18.0,2030,1,2030-S1,Diminution,92.8,0.6,92.8,6.6
z_33.0_18.0,2030,2,2030-S2,Diminution,93.6,0.4,93.6,5.9
z_33.0_25.5,2023,1,2023-S1,Diminution,88.7,1.2,88.7,10.1
z_33.0_25.5,2023,2,2023-S2,Diminution,87.8,1.4,87.8,10.8
z_33.0_25.5,2024,1,2024-S1,Diminution,88.7,1.2,88.7,10.1
z_33.0_25.5,2024,2,2024-S2,Diminution,86.8,3.2,86.8,10.1
z_33.0_25.5,2025,1,2025-S1,Diminution,79.1,1.6,79.1,19.3
z_33.0_25.5,2025,2,2025-S2,Diminution,86.9,3.5,86.9,9.5
z_33.0_25.5,2026,1,2026-S1,Diminution,77.8,4.9,77.8,17.4
z_33.0_25.5,2026,2,2026-S2,Diminution,83.9,4.2,83.9,11.9
z_33.0_25.5,2027,1,2027-S1,Diminution,84.1,2.0,84.1,13.8
z_33.0_25.5,2027,2,2027-S2,Diminution,87.8,1.4,87.8,10.8
z_33.0_25.5,2028,1,2028-S1,Diminution,88.7,1.2,88.7,10.1
z_33.0_25.5,2028,2,2028-S2,Diminution,87.8,1.4,87.8,10.8
z_33.0_25.5,2029,1,2029-S1,Diminution,88.7,1.2,88.7,10.1
z_33.0_25.5,2029,2,2029-S2,Diminution,87.8,1.4,87.8,10.8
z_33.0_25.5,2030,1,2030-S1,Diminution,88.7,1.2,88.7,10.1
z_33.0_25.5,2030,2,2030-S2,Diminution,87.8,1.4,87.8,10.8
z_33.0_9.0,2023,1,2023-S1,Diminution,73.9,2.8,73.9,23.3
z_33.0_9.0,2023,2,2023-S2,Diminution,73.6,3.4,73.6,23.0
z_33.0_9.0,2024,1,2024-S1,Diminution,73.9,2.8,73.9,23.3
z_33.0_9.0,2024,2,2024-S2,Diminution,69.8,5.4,69.8,24.7
z_33.0_9.0,2025,1,2025-S1,Diminution,57.6,4.8,57.6,37.6
z_33.0_9.0,2025,2,2025-S2,Diminution,69.8,3.7,69.8,26.6
z_33.0_9.0,2026,1,2026-S1,Diminution,68.1,5.8,68.1,26.1
z_33.0_9.0,2026,2,2026-S2,Diminution,68.3,4.7,68.3,27.0
z_33.0_9.0,2027,1,2027-S1,Diminution,69.7,2.9,69.7,27.3
z_33.0_9.0,2027,2,2027-S2,Diminution,73.6,3.4,73.6,23.0
z_33.0_9.0,2028,1,2028-S1,Diminution,73.9,2.8,73.9,23.3
z_33.0_9.0,2028,2,2028-S2,Diminution,73.6,3.4,73.6,23.0
z_33.0_9.0,2029,1,2029-S1,Diminution,73.9,2.8,73.9,23.3
z_33.0_9.0,2029,2,2029-S2,Diminution,73.6,3.4,73.6,23.0
z_33.0_9.0,2030,1,2030-S1,Diminution,73.9,2.8,73.9,23.3
z_33.0_9.0,2030,2,2030-S2,Diminution,73.6,3.4,73.6,23.0
z_34.5_-1.5,2023,1,2023-S1,Diminution,52.2,16.7,52.2,31.1
z_34.5_-1.5,2023,2,2023-S2,Diminution,53.4,13.3,53.4,33.3
z_34.5_-1.5,2024,1,2024-S1,Stable,49.1,16.4,34.5,49.1
z_34.5_-1.5,2024,2,2024-S2,Diminution,59.9,3.3,59.9,36.8
z_34.5_-1.5,2025,1,2025-S1,Diminution,46.5,13.1,46.5,40.4
z_34.5_-1.5,2025,2,2025-S2,Diminution,68.2,3.8,68.2,28.0
z_34.5_-1.5,2026,1,2026-S1,Diminution,44.3,11.4,44.3,44.3
z_34.5_-1.5,2026,2,2026-S2,Diminution,67.4,3.5,67.4,29.1
z_34.5_-1.5,2027,1,2027-S1,Diminution,49.5,14.9,49.5,35.6
z_34.5_-1.5,2027,2,2027-S2,Diminution,67.4,3.5,67.4,29.1
z_34.5_-1.5,2028,1,2028-S1,Diminution,49.5,14.9,49.5,35.6
z_34.5_-1.5,2028,2,2028-S2,Diminution,67.4,3.5,67.4,29.1
z_34.5_-1.5,2029,1,2029-S1,Diminution,49.5,14.9,49.5,35.6
z_34.5_-1.5,2029,2,2029-S2,Diminution,67.4,3.5,67.4,29.1
z_34.5_-1.5,2030,1,2030-S1,Diminution,49.5,14.9,49.5,35.6
z_34.5_-1.5,2030,2,2030-S2,Diminution,67.4,3.5,67.4,29.1
z_34.5_-10.5,2023,1,2023-S1,Diminution,89.5,0.8,89.5,9.7
z_34.5_-10.5,2023,2,2023-S2,Diminution,90.4,0.6,90.4,9.0
z_34.5_-10.5,2024,1,2024-S1,Diminution,89.5,0.8,89.5,9.7
z_34.5_-10.5,2024,2,2024-S2,Diminution,90.1,1.4,90.1,8.5
z_34.5_-10.5,2025,1,2025-S1,Diminution,77.3,1.2,77.3,21.5
z_34.5_-10.5,2025,2,2025-S2,Diminution,88.5,3.1,88.5,8.4
z_34.5_-10.5,2026,1,2026-S1,Diminution,83.8,3.4,83.8,12.8
z_34.5_-10.5,2026,2,2026-S2,Diminution,84.1,2.4,84.1,13.5
z_34.5_-10.5,2027,1,2027-S1,Diminution,85.6,3.7,85.6,10.8
z_34.5_-10.5,2027,2,2027-S2,Diminution,90.4,0.6,90.4,9.0
z_34.5_-10.5,2028,1,2028-S1,Diminution,89.5,0.8,89.5,9.7
z_34.5_-10.5,2028,2,2028-S2,Diminution,90.4,0.6,90.4,9.0
z_34.5_-10.5,2029,1,2029-S1,Diminution,89.5,0.8,89.5,9.7
z_34.5_-10.5,2029,2,2029-S2,Diminution,90.4,0.6,90.4,9.0
z_34.5_-10.5,2030,1,2030-S1,Diminution,89.5,0.8,89.5,9.7
z_34.5_-10.5,2030,2,2030-S2,Diminution,90.4,0.6,90.4,9.0
z_34.5_-15.0,2023,1,2023-S1,Diminution,89.0,0.8,89.0,10.2
z_34.5_-15.0,2023,2,2023-S2,Diminution,89.2,1.6,89.2,9.3
z_34.5_-15.0,2024,1,2024-S1,Diminution,76.5,1.2,76.5,22.3
z_34.5_-15.0,2024,2,2024-S2,Diminution,87.3,3.7,87.3,9.0
z_34.5_-15.0,2025,1,2025-S1,Diminution,83.2,3.6,83.2,13.2
z_34.5_-15.0,2025,2,2025-S2,Diminution,84.4,2.1,84.4,13.5
z_34.5_-15.0,2026,1,2026-S1,Diminution,85.1,3.4,85.1,11.6
z_34.5_-15.0,2026,2,2026-S2,Diminution,89.2,0.7,89.2,10.1
z_34.5_-15.0,2027,1,2027-S1,Diminution,89.0,0.8,89.0,10.2
z_34.5_-15.0,2027,2,2027-S2,Diminution,89.2,0.7,89.2,10.1
z_34.5_-15.0,2028,1,2028-S1,Diminution,89.0,0.8,89.0,10.2
z_34.5_-15.0,2028,2,2028-S2,Diminution,89.2,0.7,89.2,10.1
z_34.5_-15.0,2029,1,2029-S1,Diminution,89.0,0.8,89.0,10.2
z_34.5_-15.0,2029,2,2029-S2,Diminution,89.2,0.7,89.2,10.1
z_34.5_-15.0,2030,1,2030-S1,Diminution,89.0,0.8,89.0,10.2
z_34.5_-15.0,2030,2,2030-S2,Diminution,89.2,0.7,89.2,10.1
z_34.5_-39.0,2023,1,2023-S1,Diminution,84.9,1.0,84.9,14.1
z_34.5_-39.0,2023,2,2023-S2,Diminution,84.2,1.1,84.2,14.7
z_34.5_-39.0,2024,1,2024-S1,Diminution,84.9,1.0,84.9,14.1
z_34.5_-39.0,2024,2,2024-S2,Diminution,84.2,1.1,84.2,14.7
z_34.5_-39.0,2025,1,2025-S1,Diminution,84.9,1.0,84.9,14.1
z_34.5_-39.0,2025,2,2025-S2,Diminution,85.4,2.4,85.4,12.2
z_34.5_-39.0,2026,1,2026-S1,Diminution,78.5,1.3,78.5,20.2
z_34.5_-39.0,2026,2,2026-S2,Diminution,85.2,3.1,85.2,11.8
z_34.5_-39.0,2027,1,2027-S1,Diminution,76.5,4.5,76.5,19.1
z_34.5_-39.0,2027,2,2027-S2,Diminution,80.1,3.4,80.1,16.5
z_34.5_-39.0,2028,1,2028-S1,Diminution,80.7,2.7,80.7,16.6
z_34.5_-39.0,2028,2,2028-S2,Diminution,84.2,1.1,84.2,14.7
z_34.5_-39.0,2029,1,2029-S1,Diminution,84.9,1.0,84.9,14.1
z_34.5_-39.0,2029,2,2029-S2,Diminution,84.2,1.1,84.2,14.7
z_34.5_-39.0,2030,1,2030-S1,Diminution,84.9,1.0,84.9,14.1
z_34.5_-39.0,2030,2,2030-S2,Diminution,84.2,1.1,84.2,14.7
z_34.5_-4.5,2023,1,2023-S1,Stable,47.6,23.0,29.5,47.6
z_34.5_-4.5,2023,2,2023-S2,Diminution,48.0,17.7,48.0,34.3
z_34.5_-4.5,2024,1,2024-S1,Stable,47.8,21.8,30.5,47.8
z_34.5_-4.5,2024,2,2024-S2,Diminution,50.9,16.5,50.9,32.6
z_34.5_-4.5,2025,1,2025-S1,Stable,51.2,24.9,23.9,51.2
z_34.5_-4.5,2025,2,2025-S2,Diminution,50.1,16.5,50.1,33.4
z_34.5_-4.5,2026,1,2026-S1,Stable,40.4,19.3,40.3,40.4
z_34.5_-4.5,2026,2,2026-S2,Diminution,48.7,13.8,48.7,37.6
z_34.5_-4.5,2027,1,2027-S1,Stable,48.1,23.5,28.4,48.1
z_34.5_-4.5,2027,2,2027-S2,Diminution,57.7,16.3,57.7,26.0
z_34.5_-4.5,2028,1,2028-S1,Stable,48.7,20.8,30.5,48.7
z_34.5_-4.5,2028,2,2028-S2,Diminution,57.2,13.2,57.2,29.5
z_34.5_-4.5,2029,1,2029-S1,Stable,40.4,19.3,40.3,40.4
z_34.5_-4.5,2029,2,2029-S2,Diminution,53.6,15.4,53.6,31.0
z_34.5_-4.5,2030,1,2030-S1,Stable,48.2,22.3,29.6,48.2
z_34.5_-4.5,2030,2,2030-S2,Diminution,59.0,14.5,59.0,26.5
z_34.5_-6.0,2023,1,2023-S1,Diminution,38.7,24.8,38.7,36.5
z_34.5_-6.0,2023,2,2023-S2,Stable,38.8,25.0,36.2,38.8
z_34.5_-6.0,2024,1,2024-S1,Diminution,46.2,20.6,46.2,33.3
z_34.5_-6.0,2024,2,2024-S2,Stable,39.5,30.8,29.7,39.5
z_34.5_-6.0,2025,1,2025-S1,Augmentation,47.1,47.1,19.5,33.4
z_34.5_-6.0,2025,2,2025-S2,Augmentation,38.6,38.6,27.7,33.7
z_34.5_-6.0,2026,1,2026-S1,Diminution,39.4,31.6,39.4,29.0
z_34.5_-6.0,2026,2,2026-S2,Diminution,41.4,22.4,41.4,36.2
z_34.5_-6.0,2027,1,2027-S1,Diminution,43.2,20.5,43.2,36.4
z_34.5_-6.0,2027,2,2027-S2,Diminution,46.4,20.5,46.4,33.2
z_34.5_-6.0,2028,1,2028-S1,Diminution,47.1,17.4,47.1,35.5
z_34.5_-6.0,2028,2,2028-S2,Diminution,48.0,17.7,48.0,34.3
z_34.5_-6.0,2029,1,2029-S1,Diminution,47.2,17.4,47.2,35.4
z_34.5_-6.0,2029,2,2029-S2,Diminution,48.0,17.7,48.0,34.3
z_34.5_-6.0,2030,1,2030-S1,Diminution,47.1,17.4,47.1,35.5
z_34.5_-6.0,2030,2,2030-S2,Diminution,47.9,17.8,47.9,34.3
z_34.5_-7.5,2023,1,2023-S1,Stable,41.2,19.4,39.4,41.2
z_34.5_-7.5,2023,2,2023-S2,Diminution,50.8,21.2,50.8,28.0
z_34.5_-7.5,2024,1,2024-S1,Stable,40.9,22.8,36.3,40.9
z_34.5_-7.5,2024,2,2024-S2,Diminution,45.6,17.4,45.6,37.0
z_34.5_-7.5,2025,1,2025-S1,Stable,44.6,14.2,41.2,44.6
z_34.5_-7.5,2025,2,2025-S2,Diminution,46.6,15.6,46.6,37.8
z_34.5_-7.5,2026,1,2026-S1,Stable,43.5,27.1,29.4,43.5
z_34.5_-7.5,2026,2,2026-S2,Diminution,41.1,18.4,41.1,40.5
z_34.5_-7.5,2027,1,2027-S1,Stable,42.6,18.4,39.0,42.6
z_34.5_-7.5,2027,2,2027-S2,Diminution,49.2,11.6,49.2,39.2
z_34.5_-7.5,2028,1,2028-S1,Diminution,44.2,24.0,44.2,31.8
z_34.5_-7.5,2028,2,2028-S2,Diminution,55.7,11.9,55.7,32.4
z_34.5_-7.5,2029,1,2029-S1,Diminution,45.4,20.1,45.4,34.6
z_34.5_-7.5,2029,2,2029-S2,Diminution,55.0,14.2,55.0,30.8
z_34.5_-7.5,2030,1,2030-S1,Diminution,45.4,20.1,45.4,34.6
z_34.5_-7.5,2030,2,2030-S2,Diminution,55.0,14.3,55.0,30.7
z_34.5_0.0,2023,1,2023-S1,Diminution,80.3,3.8,80.3,15.9
z_34.5_0.0,2023,2,2023-S2,Diminution,87.2,1.8,87.2,11.0
z_34.5_0.0,2024,1,2024-S1,Diminution,78.3,6.4,78.3,15.4
z_34.5_0.0,2024,2,2024-S2,Diminution,94.6,0.9,94.6,4.5
z_34.5_0.0,2025,1,2025-S1,Diminution,80.1,2.7,80.1,17.2
z_34.5_0.0,2025,2,2025-S2,Diminution,87.0,4.4,87.0,8.6
z_34.5_0.0,2026,1,2026-S1,Diminution,80.3,3.8,80.3,15.9
z_34.5_0.0,2026,2,2026-S2,Diminution,87.2,1.8,87.2,11.0
z_34.5_0.0,2027,1,2027-S1,Diminution,78.3,6.4,78.3,15.4
z_34.5_0.0,2027,2,2027-S2,Diminution,93.3,0.6,93.3,6.2
z_34.5_0.0,2028,1,2028-S1,Diminution,81.2,2.5,81.2,16.3
z_34.5_0.0,2028,2,2028-S2,Diminution,93.3,0.6,93.3,6.2
z_34.5_0.0,2029,1,2029-S1,Diminution,81.2,2.5,81.2,16.3
z_34.5_0.0,2029,2,2029-S2,Diminution,93.3,0.6,93.3,6.2
z_34.5_0.0,2030,1,2030-S1,Diminution,81.2,2.5,81.2,16.3
z_34.5_0.0,2030,2,2030-S2,Diminution,93.3,0.6,93.3,6.2
z_34.5_12.0,2023,1,2023-S1,Diminution,48.2,27.1,48.2,24.7
z_34.5_12.0,2023,2,2023-S2,Diminution,41.1,20.0,41.1,38.9
z_34.5_12.0,2024,1,2024-S1,Diminution,49.0,22.1,49.0,28.9
z_34.5_12.0,2024,2,2024-S2,Diminution,43.5,19.1,43.5,37.4
z_34.5_12.0,2025,1,2025-S1,Stable,36.5,29.3,34.2,36.5
z_34.5_12.0,2025,2,2025-S2,Diminution,38.4,26.5,38.4,35.1
z_34.5_12.0,2026,1,2026-S1,Diminution,39.5,24.2,39.5,36.2
z_34.5_12.0,2026,2,2026-S2,Diminution,47.3,15.6,47.3,37.1
z_34.5_12.0,2027,1,2027-S1,Diminution,46.2,27.1,46.2,26.7
z_34.5_12.0,2027,2,2027-S2,Diminution,48.7,14.2,48.7,37.1
z_34.5_12.0,2028,1,2028-S1,Diminution,51.4,22.1,51.4,26.5
z_34.5_12.0,2028,2,2028-S2,Diminution,51.0,19.7,51.0,29.3
z_34.5_12.0,2029,1,2029-S1,Diminution,51.2,22.1,51.2,26.7
z_34.5_12.0,2029,2,2029-S2,Diminution,51.0,19.7,51.0,29.3
z_34.5_12.0,2030,1,2030-S1,Diminution,51.4,22.1,51.4,26.5
z_34.5_12.0,2030,2,2030-S2,Diminution,51.0,19.8,51.0,29.3
z_34.5_13.5,2023,1,2023-S1,Augmentation,65.9,65.9,18.7,15.4
z_34.5_13.5,2023,2,2023-S2,Augmentation,73.3,73.3,15.6,11.1
z_34.5_13.5,2024,1,2024-S1,Augmentation,64.4,64.4,19.1,16.5
z_34.5_13.5,2024,2,2024-S2,Augmentation,75.9,75.9,12.5,11.6
z_34.5_13.5,2025,1,2025-S1,Augmentation,75.1,75.1,13.3,11.6
z_34.5_13.5,2025,2,2025-S2,Augmentation,80.4,80.4,10.2,9.4
z_34.5_13.5,2026,1,2026-S1,Augmentation,80.8,80.8,9.5,9.6
z_34.5_13.5,2026,2,2026-S2,Augmentation,79.8,79.8,9.8,10.4
z_34.5_13.5,2027,1,2027-S1,Augmentation,76.7,76.7,10.2,13.2
z_34.5_13.5,2027,2,2027-S2,Augmentation,72.9,72.9,10.5,16.6
z_34.5_13.5,2028,1,2028-S1,Augmentation,64.9,64.9,12.1,23.0
z_34.5_13.5,2028,2,2028-S2,Augmentation,64.5,64.5,12.6,23.0
z_34.5_13.5,2029,1,2029-S1,Augmentation,59.9,59.9,12.4,27.8
z_34.5_13.5,2029,2,2029-S2,Augmentation,58.4,58.4,14.1,27.5
z_34.5_13.5,2030,1,2030-S1,Augmentation,57.9,57.9,14.4,27.7
z_34.5_13.5,2030,2,2030-S2,Augmentation,57.3,57.3,15.3,27.4
z_34.5_16.5,2023,1,2023-S1,Diminution,60.4,6.1,60.4,33.5
z_34.5_16.5,2023,2,2023-S2,Diminution,69.3,3.3,69.3,27.4
z_34.5_16.5,2024,1,2024-S1,Diminution,60.4,5.3,60.4,34.3
z_34.5_16.5,2024,2,2024-S2,Diminution,68.6,4.8,68.6,26.6
z_34.5_16.5,2025,1,2025-S1,Diminution,63.4,3.1,63.4,33.5
z_34.5_16.5,2025,2,2025-S2,Diminution,75.1,2.9,75.1,22.0
z_34.5_16.5,2026,1,2026-S1,Diminution,65.3,6.7,65.3,28.0
z_34.5_16.5,2026,2,2026-S2,Diminution,60.1,5.2,60.1,34.7
z_34.5_16.5,2027,1,2027-S1,Diminution,60.0,4.1,60.0,35.9
z_34.5_16.5,2027,2,2027-S2,Diminution,66.0,6.8,66.0,27.3
z_34.5_16.5,2028,1,2028-S1,Diminution,63.3,5.4,63.3,31.3
z_34.5_16.5,2028,2,2028-S2,Diminution,65.3,2.5,65.3,32.2
z_34.5_16.5,2029,1,2029-S1,Diminution,62.0,3.8,62.0,34.2
z_34.5_16.5,2029,2,2029-S2,Diminution,75.1,2.9,75.1,22.0
z_34.5_16.5,2030,1,2030-S1,Diminution,62.0,3.8,62.0,34.2
z_34.5_16.5,2030,2,2030-S2,Diminution,75.1,2.9,75.1,22.0
z_34.5_18.0,2023,1,2023-S1,Diminution,92.5,0.7,92.5,6.8
z_34.5_18.0,2023,2,2023-S2,Diminution,93.3,0.5,93.3,6.2
z_34.5_18.0,2024,1,2024-S1,Diminution,92.5,0.7,92.5,6.8
z_34.5_18.0,2024,2,2024-S2,Diminution,90.9,1.4,90.9,7.7
z_34.5_18.0,2025,1,2025-S1,Diminution,78.9,1.2,78.9,19.9
z_34.5_18.0,2025,2,2025-S2,Diminution,90.3,3.0,90.3,6.8
z_34.5_18.0,2026,1,2026-S1,Diminution,86.8,3.2,86.8,10.0
z_34.5_18.0,2026,2,2026-S2,Diminution,88.6,2.1,88.6,9.3
z_34.5_18.0,2027,1,2027-S1,Diminution,88.5,2.8,88.5,8.7
z_34.5_18.0,2027,2,2027-S2,Diminution,93.3,0.5,93.3,6.2
z_34.5_18.0,2028,1,2028-S1,Diminution,92.5,0.7,92.5,6.8
z_34.5_18.0,2028,2,2028-S2,Diminution,93.3,0.5,93.3,6.2
z_34.5_18.0,2029,1,2029-S1,Diminution,92.5,0.7,92.5,6.8
z_34.5_18.0,2029,2,2029-S2,Diminution,93.3,0.5,93.3,6.2
z_34.5_18.0,2030,1,2030-S1,Diminution,92.5,0.7,92.5,6.8
z_34.5_18.0,2030,2,2030-S2,Diminution,93.3,0.5,93.3,6.2
z_34.5_19.5,2023,1,2023-S1,Diminution,84.2,2.2,84.2,13.6
z_34.5_19.5,2023,2,2023-S2,Diminution,93.3,0.3,93.3,6.3
z_34.5_19.5,2024,1,2024-S1,Diminution,84.2,2.2,84.2,13.6
z_34.5_19.5,2024,2,2024-S2,Diminution,93.0,1.0,93.0,6.0
z_34.5_19.5,2025,1,2025-S1,Diminution,79.5,2.7,79.5,17.7
z_34.5_19.5,2025,2,2025-S2,Diminution,89.3,2.9,89.3,7.8
z_34.5_19.5,2026,1,2026-S1,Diminution,82.6,3.7,82.6,13.7
z_34.5_19.5,2026,2,2026-S2,Diminution,89.0,1.6,89.0,9.4
z_34.5_19.5,2027,1,2027-S1,Diminution,80.8,6.2,80.8,13.0
z_34.5_19.5,2027,2,2027-S2,Diminution,93.3,0.3,93.3,6.3
z_34.5_19.5,2028,1,2028-S1,Diminution,84.2,2.2,84.2,13.6
z_34.5_19.5,2028,2,2028-S2,Diminution,93.3,0.3,93.3,6.3
z_34.5_19.5,2029,1,2029-S1,Diminution,84.2,2.2,84.2,13.6
z_34.5_19.5,2029,2,2029-S2,Diminution,93.3,0.3,93.3,6.3
z_34.5_19.5,2030,1,2030-S1,Diminution,84.2,2.2,84.2,13.6
z_34.5_19.5,2030,2,2030-S2,Diminution,93.3,0.3,93.3,6.3
z_34.5_22.5,2023,1,2023-S1,Stable,53.3,20.0,26.7,53.3
z_34.5_22.5,2023,2,2023-S2,Stable,40.0,24.8,35.2,40.0
z_34.5_22.5,2024,1,2024-S1,Stable,48.8,33.0,18.2,48.8
z_34.5_22.5,2024,2,2024-S2,Stable,37.7,25.5,36.8,37.7
z_34.5_22.5,2025,1,2025-S1,Stable,47.1,22.4,30.4,47.1
z_34.5_22.5,2025,2,2025-S2,Stable,42.9,15.2,41.9,42.9
z_34.5_22.5,2026,1,2026-S1,Stable,51.9,22.5,25.7,51.9
z_34.5_22.5,2026,2,2026-S2,Diminution,43.9,18.9,43.9,37.2
z_34.5_22.5,2027,1,2027-S1,Stable,54.5,21.3,24.2,54.5
z_34.5_22.5,2027,2,2027-S2,Diminution,45.9,15.3,45.9,38.8
z_34.5_22.5,2028,1,2028-S1,Stable,52.3,19.0,28.7,52.3
z_34.5_22.5,2028,2,2028-S2,Diminution,43.0,18.8,43.0,38.3
z_34.5_22.5,2029,1,2029-S1,Stable,53.3,21.6,25.1,53.3
z_34.5_22.5,2029,2,2029-S2,Diminution,43.0,18.8,43.0,38.3
z_34.5_22.5,2030,1,2030-S1,Stable,53.3,21.6,25.1,53.3
z_34.5_22.5,2030,2,2030-S2,Diminution,43.0,18.8,43.0,38.3
z_34.5_24.0,2023,1,2023-S1,Augmentation,58.3,58.3,21.7,20.0
z_34.5_24.0,2023,2,2023-S2,Augmentation,58.8,58.8,26.7,14.5
z_34.5_24.0,2024,1,2024-S1,Augmentation,58.9,58.9,21.8,19.3
z_34.5_24.0,2024,2,2024-S2,Augmentation,67.7,67.7,16.6,15.7
z_34.5_24.0,2025,1,2025-S1,Augmentation,54.6,54.6,24.5,20.9
z_34.5_24.0,2025,2,2025-S2,Augmentation,53.3,53.3,29.5,17.2
z_34.5_24.0,2026,1,2026-S1,Augmentation,53.8,53.8,25.5,20.6
z_34.5_24.0,2026,2,2026-S2,Augmentation,55.0,55.0,23.8,21.2
z_34.5_24.0,2027,1,2027-S1,Augmentation,59.1,59.1,20.2,20.7
z_34.5_24.0,2027,2,2027-S2,Augmentation,65.3,65.3,18.7,16.0
z_34.5_24.0,2028,1,2028-S1,Augmentation,61.4,61.4,19.5,19.1
z_34.5_24.0,2028,2,2028-S2,Augmentation,66.5,66.5,17.7,15.8
z_34.5_24.0,2029,1,2029-S1,Augmentation,62.7,62.7,19.2,18.1
z_34.5_24.0,2029,2,2029-S2,Augmentation,66.7,66.7,17.8,15.5
z_34.5_24.0,2030,1,2030-S1,Augmentation,64.9,64.9,17.3,17.8
z_34.5_24.0,2030,2,2030-S2,Augmentation,67.8,67.8,16.4,15.8
z_34.5_25.5,2023,1,2023-S1,Diminution,48.3,19.2,48.3,32.5
z_34.5_25.5,2023,2,2023-S2,Stable,60.3,14.4,25.3,60.3
z_34.5_25.5,2024,1,2024-S1,Stable,39.7,33.2,27.2,39.7
z_34.5_25.5,2024,2,2024-S2,Stable,54.0,24.5,21.5,54.0
z_34.5_25.5,2025,1,2025-S1,Diminution,49.8,16.5,49.8,33.7
z_34.5_25.5,2025,2,2025-S2,Stable,56.5,13.5,30.0,56.5
z_34.5_25.5,2026,1,2026-S1,Diminution,42.5,16.9,42.5,40.6
z_34.5_25.5,2026,2,2026-S2,Stable,53.0,18.3,28.7,53.0
z_34.5_25.5,2027,1,2027-S1,Diminution,46.8,16.2,46.8,37.0
z_34.5_25.5,2027,2,2027-S2,Stable,55.0,13.7,31.3,55.0
z_34.5_25.5,2028,1,2028-S1,Diminution,43.7,17.4,43.7,38.9
z_34.5_25.5,2028,2,2028-S2,Stable,54.4,16.0,29.6,54.4
z_34.5_25.5,2029,1,2029-S1,Diminution,43.7,17.4,43.7,38.9
z_34.5_25.5,2029,2,2029-S2,Stable,54.4,16.0,29.6,54.4
z_34.5_25.5,2030,1,2030-S1,Diminution,43.7,17.4,43.7,38.9
z_34.5_25.5,2030,2,2030-S2,Stable,54.4,16.0,29.6,54.4
z_34.5_27.0,2023,1,2023-S1,Stable,51.1,29.1,19.8,51.1
z_34.5_27.0,2023,2,2023-S2,Stable,46.3,18.8,34.9,46.3
z_34.5_27.0,2024,1,2024-S1,Stable,56.0,23.6,20.4,56.0
z_34.5_27.0,2024,2,2024-S2,Stable,43.4,13.8,42.8,43.4
z_34.5_27.0,2025,1,2025-S1,Stable,43.1,17.6,39.3,43.1
z_34.5_27.0,2025,2,2025-S2,Diminution,45.5,15.9,45.5,38.7
z_34.5_27.0,2026,1,2026-S1,Stable,55.7,16.0,28.3,55.7
z_34.5_27.0,2026,2,2026-S2,Diminution,46.4,22.5,46.4,31.1
z_34.5_27.0,2027,1,2027-S1,Stable,44.5,16.0,39.5,44.5
z_34.5_27.0,2027,2,2027-S2,Diminution,50.7,18.2,50.7,31.2
z_34.5_27.0,2028,1,2028-S1,Stable,44.9,18.4,36.7,44.9
z_34.5_27.0,2028,2,2028-S2,Diminution,50.8,17.0,50.8,32.2
z_34.5_27.0,2029,1,2029-S1,Stable,42.0,18.6,39.4,42.0
z_34.5_27.0,2029,2,2029-S2,Diminution,50.8,17.0,50.8,32.2
z_34.5_27.0,2030,1,2030-S1,Stable,42.0,18.6,39.4,42.0
z_34.5_27.0,2030,2,2030-S2,Diminution,50.8,17.0,50.8,32.1
z_34.5_31.5,2023,1,2023-S1,Stable,41.2,36.5,22.3,41.2
z_34.5_31.5,2023,2,2023-S2,Stable,43.1,41.2,15.6,43.1
z_34.5_31.5,2024,1,2024-S1,Augmentation,50.3,50.3,13.1,36.6
z_34.5_31.5,2024,2,2024-S2,Augmentation,43.9,43.9,16.1,40.0
z_34.5_31.5,2025,1,2025-S1,Stable,36.6,32.9,30.5,36.6
z_34.5_31.5,2025,2,2025-S2,Stable,45.1,25.3,29.6,45.1
z_34.5_31.5,2026,1,2026-S1,Diminution,40.8,27.3,40.8,31.9
z_34.5_31.5,2026,2,2026-S2,Diminution,39.2,31.4,39.2,29.4
z_34.5_31.5,2027,1,2027-S1,Diminution,45.9,25.1,45.9,29.0
z_34.5_31.5,2027,2,2027-S2,Diminution,43.9,32.3,43.9,23.8
z_34.5_31.5,2028,1,2028-S1,Diminution,47.7,27.6,47.7,24.7
z_34.5_31.5,2028,2,2028-S2,Diminution,48.6,26.0,48.6,25.4
z_34.5_31.5,2029,1,2029-S1,Diminution,46.2,27.5,46.2,26.4
z_34.5_31.5,2029,2,2029-S2,Diminution,48.6,26.0,48.6,25.4
z_34.5_31.5,2030,1,2030-S1,Diminution,46.2,27.5,46.2,26.4
z_34.5_31.5,2030,2,2030-S2,Diminution,48.5,25.9,48.5,25.6
z_34.5_33.0,2023,1,2023-S1,Augmentation,59.6,59.6,13.2,27.2
z_34.5_33.0,2023,2,2023-S2,Augmentation,52.4,52.4,22.7,24.8
z_34.5_33.0,2024,1,2024-S1,Augmentation,55.5,55.5,13.7,30.8
z_34.5_33.0,2024,2,2024-S2,Augmentation,62.1,62.1,17.0,20.9
z_34.5_33.0,2025,1,2025-S1,Augmentation,60.9,60.9,14.3,24.8
z_34.5_33.0,2025,2,2025-S2,Augmentation,61.1,61.1,16.3,22.6
z_34.5_33.0,2026,1,2026-S1,Augmentation,49.6,49.6,20.4,30.1
z_34.5_33.0,2026,2,2026-S2,Augmentation,46.6,46.6,26.3,27.0
z_34.5_33.0,2027,1,2027-S1,Augmentation,62.7,62.7,13.6,23.6
z_34.5_33.0,2027,2,2027-S2,Augmentation,58.6,58.6,17.6,23.9
z_34.5_33.0,2028,1,2028-S1,Augmentation,59.8,59.8,14.5,25.7
z_34.5_33.0,2028,2,2028-S2,Augmentation,55.6,55.6,20.0,24.3
z_34.5_33.0,2029,1,2029-S1,Augmentation,60.2,60.2,13.0,26.8
z_34.5_33.0,2029,2,2029-S2,Augmentation,58.3,58.3,17.4,24.3
z_34.5_33.0,2030,1,2030-S1,Augmentation,57.4,57.4,14.2,28.4
z_34.5_33.0,2030,2,2030-S2,Augmentation,56.4,56.4,17.9,25.6
z_36.0_-1.5,2023,1,2023-S1,Stable,50.1,25.2,24.7,50.1
z_36.0_-1.5,2023,2,2023-S2,Diminution,46.4,21.0,46.4,32.5
z_36.0_-1.5,2024,1,2024-S1,Diminution,44.8,22.7,44.8,32.5
z_36.0_-1.5,2024,2,2024-S2,Diminution,46.8,19.4,46.8,33.8
z_36.0_-1.5,2025,1,2025-S1,Diminution,46.1,20.5,46.1,33.4
z_36.0_-1.5,2025,2,2025-S2,Diminution,41.7,24.1,41.7,34.2
z_36.0_-1.5,2026,1,2026-S1,Diminution,42.8,19.3,42.8,37.9
z_36.0_-1.5,2026,2,2026-S2,Diminution,47.9,19.3,47.9,32.7
z_36.0_-1.5,2027,1,2027-S1,Diminution,45.9,17.9,45.9,36.2
z_36.0_-1.5,2027,2,2027-S2,Diminution,47.1,24.4,47.1,28.4
z_36.0_-1.5,2028,1,2028-S1,Diminution,45.7,18.9,45.7,35.4
z_36.0_-1.5,2028,2,2028-S2,Diminution,47.1,20.7,47.1,32.2
z_36.0_-1.5,2029,1,2029-S1,Diminution,46.1,20.5,46.1,33.4
z_36.0_-1.5,2029,2,2029-S2,Diminution,47.1,20.7,47.1,32.2
z_36.0_-1.5,2030,1,2030-S1,Diminution,46.1,20.5,46.1,33.4
z_36.0_-1.5,2030,2,2030-S2,Diminution,47.1,20.7,47.1,32.2
z_36.0_-10.5,2023,1,2023-S1,Stable,50.5,31.8,17.7,50.5
z_36.0_-10.5,2023,2,2023-S2,Stable,46.2,35.7,18.1,46.2
z_36.0_-10.5,2024,1,2024-S1,Stable,48.6,36.9,14.5,48.6
z_36.0_-10.5,2024,2,2024-S2,Diminution,39.2,24.2,39.2,36.6
z_36.0_-10.5,2025,1,2025-S1,Stable,42.7,38.4,19.0,42.7
z_36.0_-10.5,2025,2,2025-S2,Stable,41.9,35.6,22.5,41.9
z_36.0_-10.5,2026,1,2026-S1,Stable,44.4,41.7,13.9,44.4
z_36.0_-10.5,2026,2,2026-S2,Stable,44.3,28.8,26.9,44.3
z_36.0_-10.5,2027,1,2027-S1,Stable,46.7,35.7,17.5,46.7
z_36.0_-10.5,2027,2,2027-S2,Stable,42.4,27.7,29.9,42.4
z_36.0_-10.5,2028,1,2028-S1,Stable,45.9,36.4,17.7,45.9
z_36.0_-10.5,2028,2,2028-S2,Stable,44.9,25.8,29.3,44.9
z_36.0_-10.5,2029,1,2029-S1,Stable,46.6,37.0,16.4,46.6
z_36.0_-10.5,2029,2,2029-S2,Stable,46.5,25.5,27.9,46.5
z_36.0_-10.5,2030,1,2030-S1,Stable,47.1,36.9,16.1,47.1
z_36.0_-10.5,2030,2,2030-S2,Stable,46.7,26.3,27.0,46.7
z_36.0_-12.0,2023,1,2023-S1,Diminution,88.2,0.8,88.2,11.0
z_36.0_-12.0,2023,2,2023-S2,Diminution,87.2,0.9,87.2,12.0
z_36.0_-12.0,2024,1,2024-S1,Diminution,89.3,2.0,89.3,8.7
z_36.0_-12.0,2024,2,2024-S2,Diminution,82.1,1.6,82.1,16.4
z_36.0_-12.0,2025,1,2025-S1,Diminution,85.3,4.9,85.3,9.8
z_36.0_-12.0,2025,2,2025-S2,Diminution,79.2,4.7,79.2,16.1
z_36.0_-12.0,2026,1,2026-S1,Diminution,84.0,2.1,84.0,13.9
z_36.0_-12.0,2026,2,2026-S2,Diminution,83.2,2.5,83.2,14.3
z_36.0_-12.0,2027,1,2027-S1,Diminution,88.2,0.8,88.2,11.0
z_36.0_-12.0,2027,2,2027-S2,Diminution,87.2,0.9,87.2,12.0
z_36.0_-12.0,2028,1,2028-S1,Diminution,88.2,0.8,88.2,11.0
z_36.0_-12.0,2028,2,2028-S2,Diminution,87.2,0.9,87.2,12.0
z_36.0_-12.0,2029,1,2029-S1,Diminution,88.2,0.8,88.2,11.0
z_36.0_-12.0,2029,2,2029-S2,Diminution,87.2,0.9,87.2,12.0
z_36.0_-12.0,2030,1,2030-S1,Diminution,88.2,0.8,88.2,11.0
z_36.0_-12.0,2030,2,2030-S2,Diminution,87.2,0.9,87.2,12.0
z_36.0_-22.5,2023,1,2023-S1,Diminution,87.0,1.4,87.0,11.5
z_36.0_-22.5,2023,2,2023-S2,Diminution,85.9,1.6,85.9,12.5
z_36.0_-22.5,2024,1,2024-S1,Diminution,87.0,1.4,87.0,11.5
z_36.0_-22.5,2024,2,2024-S2,Diminution,85.9,1.6,85.9,12.5
z_36.0_-22.5,2025,1,2025-S1,Diminution,87.0,1.4,87.0,11.5
z_36.0_-22.5,2025,2,2025-S2,Diminution,84.6,3.4,84.6,12.0
z_36.0_-22.5,2026,1,2026-S1,Diminution,75.1,1.8,75.1,23.1
z_36.0_-22.5,2026,2,2026-S2,Diminution,84.9,3.9,84.9,11.3
z_36.0_-22.5,2027,1,2027-S1,Diminution,77.8,5.3,77.8,16.9
z_36.0_-22.5,2027,2,2027-S2,Diminution,81.2,4.4,81.2,14.4
z_36.0_-22.5,2028,1,2028-S1,Diminution,82.1,2.8,82.1,15.1
z_36.0_-22.5,2028,2,2028-S2,Diminution,85.9,1.6,85.9,12.5
z_36.0_-22.5,2029,1,2029-S1,Diminution,87.0,1.4,87.0,11.5
z_36.0_-22.5,2029,2,2029-S2,Diminution,85.9,1.6,85.9,12.5
z_36.0_-22.5,2030,1,2030-S1,Diminution,87.0,1.4,87.0,11.5
z_36.0_-22.5,2030,2,2030-S2,Diminution,85.9,1.6,85.9,12.5
z_36.0_-3.0,2023,1,2023-S1,Augmentation,63.3,63.3,16.2,20.5
z_36.0_-3.0,2023,2,2023-S2,Augmentation,76.9,76.9,9.6,13.5
z_36.0_-3.0,2024,1,2024-S1,Augmentation,64.9,64.9,15.9,19.2
z_36.0_-3.0,2024,2,2024-S2,Augmentation,66.7,66.7,18.3,15.1
z_36.0_-3.0,2025,1,2025-S1,Augmentation,59.2,59.2,18.8,22.0
z_36.0_-3.0,2025,2,2025-S2,Augmentation,59.6,59.6,17.4,23.0
z_36.0_-3.0,2026,1,2026-S1,Augmentation,66.5,66.5,13.7,19.8
z_36.0_-3.0,2026,2,2026-S2,Augmentation,67.4,67.4,11.6,21.0
z_36.0_-3.0,2027,1,2027-S1,Augmentation,68.3,68.3,14.1,17.5
z_36.0_-3.0,2027,2,2027-S2,Augmentation,72.9,72.9,12.7,14.4
z_36.0_-3.0,2028,1,2028-S1,Augmentation,70.6,70.6,12.9,16.5
z_36.0_-3.0,2028,2,2028-S2,Augmentation,74.9,74.9,11.1,14.0
z_36.0_-3.0,2029,1,2029-S1,Augmentation,70.5,70.5,12.8,16.7
z_36.0_-3.0,2029,2,2029-S2,Augmentation,75.3,75.3,11.6,13.2
z_36.0_-3.0,2030,1,2030-S1,Augmentation,70.5,70.5,13.2,16.3
z_36.0_-3.0,2030,2,2030-S2,Augmentation,73.6,73.6,12.3,14.2
z_36.0_-36.0,2023,1,2023-S1,Diminution,87.9,1.0,87.9,11.1
z_36.0_-36.0,2023,2,2023-S2,Diminution,88.7,0.7,88.7,10.5
z_36.0_-36.0,2024,1,2024-S1,Diminution,87.9,1.0,87.9,11.1
z_36.0_-36.0,2024,2,2024-S2,Diminution,89.8,1.4,89.8,8.8
z_36.0_-36.0,2025,1,2025-S1,Diminution,76.6,1.3,76.6,22.1
z_36.0_-36.0,2025,2,2025-S2,Diminution,86.7,3.7,86.7,9.6
z_36.0_-36.0,2026,1,2026-S1,Diminution,82.6,3.5,82.6,13.9
z_36.0_-36.0,2026,2,2026-S2,Diminution,82.7,2.0,82.7,15.3
z_36.0_-36.0,2027,1,2027-S1,Diminution,84.2,4.2,84.2,11.6
z_36.0_-36.0,2027,2,2027-S2,Diminution,88.7,0.7,88.7,10.5
z_36.0_-36.0,2028,1,2028-S1,Diminution,87.9,1.0,87.9,11.1
z_36.0_-36.0,2028,2,2028-S2,Diminution,88.7,0.7,88.7,10.5
z_36.0_-36.0,2029,1,2029-S1,Diminution,87.9,1.0,87.9,11.1
z_36.0_-36.0,2029,2,2029-S2,Diminution,88.7,0.7,88.7,10.5
z_36.0_-36.0,2030,1,2030-S1,Diminution,87.9,1.0,87.9,11.1
z_36.0_-36.0,2030,2,2030-S2,Diminution,88.7,0.7,88.7,10.5
z_36.0_-4.5,2023,1,2023-S1,Stable,43.6,29.4,26.9,43.6
z_36.0_-4.5,2023,2,2023-S2,Stable,43.2,24.2,32.6,43.2
z_36.0_-4.5,2024,1,2024-S1,Stable,44.4,35.7,19.9,44.4
z_36.0_-4.5,2024,2,2024-S2,Stable,41.9,39.9,18.2,41.9
z_36.0_-4.5,2025,1,2025-S1,Stable,39.4,24.2,36.4,39.4
z_36.0_-4.5,2025,2,2025-S2,Stable,41.8,34.7,23.5,41.8
z_36.0_-4.5,2026,1,2026-S1,Stable,42.6,23.0,34.4,42.6
z_36.0_-4.5,2026,2,2026-S2,Diminution,39.6,21.6,39.6,38.8
z_36.0_-4.5,2027,1,2027-S1,Stable,42.4,20.3,37.3,42.4
z_36.0_-4.5,2027,2,2027-S2,Stable,47.6,20.2,32.2,47.6
z_36.0_-4.5,2028,1,2028-S1,Stable,39.9,22.3,37.8,39.9
z_36.0_-4.5,2028,2,2028-S2,Stable,46.2,19.1,34.7,46.2
z_36.0_-4.5,2029,1,2029-S1,Stable,42.6,20.7,36.7,42.6
z_36.0_-4.5,2029,2,2029-S2,Stable,45.5,20.1,34.5,45.5
z_36.0_-4.5,2030,1,2030-S1,Stable,42.6,20.7,36.7,42.6
z_36.0_-4.5,2030,2,2030-S2,Stable,45.5,20.1,34.5,45.5
z_36.0_-6.0,2023,1,2023-S1,Augmentation,61.7,61.7,17.8,20.5
z_36.0_-6.0,2023,2,2023-S2,Augmentation,66.9,66.9,18.3,14.9
z_36.0_-6.0,2024,1,2024-S1,Augmentation,53.4,53.4,26.7,19.8
z_36.0_-6.0,2024,2,2024-S2,Augmentation,57.2,57.2,30.6,12.2
z_36.0_-6.0,2025,1,2025-S1,Augmentation,44.4,44.4,40.7,15.0
z_36.0_-6.0,2025,2,2025-S2,Augmentation,53.4,53.4,33.2,13.3
z_36.0_-6.0,2026,1,2026-S1,Diminution,40.7,39.4,40.7,19.9
z_36.0_-6.0,2026,2,2026-S2,Augmentation,48.0,48.0,39.3,12.8
z_36.0_-6.0,2027,1,2027-S1,Augmentation,49.4,49.4,31.8,18.8
z_36.0_-6.0,2027,2,2027-S2,Augmentation,49.5,49.5,31.7,18.7
z_36.0_-6.0,2028,1,2028-S1,Augmentation,49.4,49.4,31.5,19.1
z_36.0_-6.0,2028,2,2028-S2,Augmentation,53.8,53.8,30.3,15.9
z_36.0_-6.0,2029,1,2029-S1,Augmentation,51.5,51.5,29.8,18.7
z_36.0_-6.0,2029,2,2029-S2,Augmentation,57.0,57.0,28.3,14.7
z_36.0_-6.0,2030,1,2030-S1,Augmentation,52.5,52.5,29.5,18.0
z_36.0_-6.0,2030,2,2030-S2,Augmentation,57.9,57.9,27.5,14.5
z_36.0_-7.5,2023,1,2023-S1,Augmentation,76.5,76.5,7.1,16.4
z_36.0_-7.5,2023,2,2023-S2,Augmentation,70.7,70.7,16.9,12.3
z_36.0_-7.5,2024,1,2024-S1,Augmentation,71.9,71.9,15.6,12.5
z_36.0_-7.5,2024,2,2024-S2,Augmentation,69.8,69.8,17.9,12.3
z_36.0_-7.5,2025,1,2025-S1,Augmentation,56.9,56.9,17.6,25.5
z_36.0_-7.5,2025,2,2025-S2,Augmentation,74.8,74.8,10.6,14.6
z_36.0_-7.5,2026,1,2026-S1,Augmentation,60.5,60.5,11.2,28.2
z_36.0_-7.5,2026,2,2026-S2,Augmentation,62.4,62.4,16.4,21.2
z_36.0_-7.5,2027,1,2027-S1,Augmentation,68.1,68.1,14.3,17.6
z_36.0_-7.5,2027,2,2027-S2,Augmentation,61.3,61.3,15.3,23.4
z_36.0_-7.5,2028,1,2028-S1,Augmentation,63.8,63.8,15.0,21.2
z_36.0_-7.5,2028,2,2028-S2,Augmentation,65.5,65.5,13.6,20.8
z_36.0_-7.5,2029,1,2029-S1,Augmentation,67.3,67.3,12.3,20.4
z_36.0_-7.5,2029,2,2029-S2,Augmentation,72.1,72.1,13.6,14.4
z_36.0_-7.5,2030,1,2030-S1,Augmentation,72.7,72.7,11.8,15.4
z_36.0_-7.5,2030,2,2030-S2,Augmentation,74.0,74.0,11.9,14.1
z_36.0_-9.0,2023,1,2023-S1,Stable,38.4,37.7,23.9,38.4
z_36.0_-9.0,2023,2,2023-S2,Augmentation,41.8,41.8,17.8,40.4
z_36.0_-9.0,2024,1,2024-S1,Augmentation,60.7,60.7,10.0,29.3
z_36.0_-9.0,2024,2,2024-S2,Augmentation,63.4,63.4,16.2,20.4
z_36.0_-9.0,2025,1,2025-S1,Augmentation,64.6,64.6,14.8,20.6
z_36.0_-9.0,2025,2,2025-S2,Augmentation,52.3,52.3,17.7,30.0
z_36.0_-9.0,2026,1,2026-S1,Stable,41.5,37.0,21.5,41.5
z_36.0_-9.0,2026,2,2026-S2,Augmentation,56.3,56.3,16.5,27.2
z_36.0_-9.0,2027,1,2027-S1,Augmentation,48.8,48.8,17.6,33.6
z_36.0_-9.0,2027,2,2027-S2,Augmentation,58.2,58.2,17.7,24.1
z_36.0_-9.0,2028,1,2028-S1,Augmentation,62.3,62.3,16.3,21.4
z_36.0_-9.0,2028,2,2028-S2,Augmentation,64.8,64.8,15.4,19.8
z_36.0_-9.0,2029,1,2029-S1,Augmentation,65.4,65.4,15.0,19.6
z_36.0_-9.0,2029,2,2029-S2,Augmentation,69.1,69.1,13.7,17.2
z_36.0_-9.0,2030,1,2030-S1,Augmentation,66.4,66.4,14.2,19.5
z_36.0_-9.0,2030,2,2030-S2,Augmentation,69.9,69.9,14.1,16.0
z_36.0_0.0,2023,1,2023-S1,Diminution,44.8,19.6,44.8,35.5
z_36.0_0.0,2023,2,2023-S2,Diminution,46.8,14.8,46.8,38.4
z_36.0_0.0,2024,1,2024-S1,Diminution,50.2,10.4,50.2,39.4
z_36.0_0.0,2024,2,2024-S2,Diminution,51.2,13.5,51.2,35.3
z_36.0_0.0,2025,1,2025-S1,Stable,40.0,20.7,39.3,40.0
z_36.0_0.0,2025,2,2025-S2,Stable,45.2,15.4,39.4,45.2
z_36.0_0.0,2026,1,2026-S1,Diminution,50.2,12.5,50.2,37.3
z_36.0_0.0,2026,2,2026-S2,Diminution,46.9,12.7,46.9,40.4
z_36.0_0.0,2027,1,2027-S1,Diminution,53.7,12.2,53.7,34.1
z_36.0_0.0,2027,2,2027-S2,Diminution,49.3,10.5,49.3,40.2
z_36.0_0.0,2028,1,2028-S1,Diminution,47.0,12.5,47.0,40.5
z_36.0_0.0,2028,2,2028-S2,Diminution,47.5,12.9,47.5,39.6
z_36.0_0.0,2029,1,2029-S1,Diminution,47.0,12.5,47.0,40.5
z_36.0_0.0,2029,2,2029-S2,Diminution,47.5,12.9,47.5,39.6
z_36.0_0.0,2030,1,2030-S1,Diminution,47.0,12.5,47.0,40.5
z_36.0_0.0,2030,2,2030-S2,Diminution,47.5,12.9,47.5,39.6
z_36.0_10.5,2023,1,2023-S1,Augmentation,48.0,48.0,16.5,35.5
z_36.0_10.5,2023,2,2023-S2,Stable,39.4,36.0,24.6,39.4
z_36.0_10.5,2024,1,2024-S1,Stable,41.1,39.7,19.2,41.1
z_36.0_10.5,2024,2,2024-S2,Stable,41.2,36.3,22.4,41.2
z_36.0_10.5,2025,1,2025-S1,Stable,46.7,31.9,21.4,46.7
z_36.0_10.5,2025,2,2025-S2,Stable,36.5,27.2,36.2,36.5
z_36.0_10.5,2026,1,2026-S1,Augmentation,39.6,39.6,21.6,38.8
z_36.0_10.5,2026,2,2026-S2,Stable,39.4,29.8,30.8,39.4
z_36.0_10.5,2027,1,2027-S1,Stable,42.2,38.1,19.7,42.2
z_36.0_10.5,2027,2,2027-S2,Stable,38.8,30.5,30.7,38.8
z_36.0_10.5,2028,1,2028-S1,Stable,39.9,38.9,21.2,39.9
z_36.0_10.5,2028,2,2028-S2,Stable,37.8,30.6,31.6,37.8
z_36.0_10.5,2029,1,2029-S1,Stable,39.9,39.0,21.1,39.9
z_36.0_10.5,2029,2,2029-S2,Stable,37.9,30.5,31.5,37.9
z_36.0_10.5,2030,1,2030-S1,Stable,39.9,38.9,21.2,39.9
z_36.0_10.5,2030,2,2030-S2,Stable,38.0,30.6,31.4,38.0
z_36.0_12.0,2023,1,2023-S1,Stable,41.8,38.9,19.3,41.8
z_36.0_12.0,2023,2,2023-S2,Stable,43.9,33.9,22.3,43.9
z_36.0_12.0,2024,1,2024-S1,Stable,44.8,32.9,22.3,44.8
z_36.0_12.0,2024,2,2024-S2,Augmentation,43.9,43.9,17.3,38.8
z_36.0_12.0,2025,1,2025-S1,Stable,43.4,41.3,15.4,43.4
z_36.0_12.0,2025,2,2025-S2,Augmentation,45.0,45.0,15.8,39.2
z_36.0_12.0,2026,1,2026-S1,Augmentation,42.5,42.5,16.8,40.8
z_36.0_12.0,2026,2,2026-S2,Augmentation,49.2,49.2,16.0,34.8
z_36.0_12.0,2027,1,2027-S1,Stable,41.9,41.2,16.9,41.9
z_36.0_12.0,2027,2,2027-S2,Augmentation,46.1,46.1,18.8,35.1
z_36.0_12.0,2028,1,2028-S1,Stable,42.1,41.1,16.7,42.1
z_36.0_12.0,2028,2,2028-S2,Augmentation,46.2,46.2,16.5,37.3
z_36.0_12.0,2029,1,2029-S1,Augmentation,46.8,46.8,14.8,38.4
z_36.0_12.0,2029,2,2029-S2,Augmentation,52.7,52.7,14.6,32.7
z_36.0_12.0,2030,1,2030-S1,Augmentation,49.2,49.2,14.0,36.8
z_36.0_12.0,2030,2,2030-S2,Augmentation,56.9,56.9,13.0,30.1
z_36.0_13.5,2023,1,2023-S1,Augmentation,57.3,57.3,21.1,21.6
z_36.0_13.5,2023,2,2023-S2,Augmentation,71.5,71.5,11.2,17.3
z_36.0_13.5,2024,1,2024-S1,Augmentation,57.6,57.6,19.6,22.8
z_36.0_13.5,2024,2,2024-S2,Augmentation,61.1,61.1,20.3,18.6
z_36.0_13.5,2025,1,2025-S1,Augmentation,73.8,73.8,12.1,14.1
z_36.0_13.5,2025,2,2025-S2,Augmentation,62.9,62.9,15.6,21.5
z_36.0_13.5,2026,1,2026-S1,Augmentation,45.3,45.3,36.0,18.7
z_36.0_13.5,2026,2,2026-S2,Augmentation,60.5,60.5,20.3,19.2
z_36.0_13.5,2027,1,2027-S1,Augmentation,52.9,52.9,23.8,23.4
z_36.0_13.5,2027,2,2027-S2,Augmentation,57.0,57.0,20.4,22.6
z_36.0_13.5,2028,1,2028-S1,Augmentation,62.6,62.6,19.2,18.2
z_36.0_13.5,2028,2,2028-S2,Augmentation,66.4,66.4,16.2,17.4
z_36.0_13.5,2029,1,2029-S1,Augmentation,61.6,61.6,19.6,18.8
z_36.0_13.5,2029,2,2029-S2,Augmentation,68.9,68.9,14.9,16.2
z_36.0_13.5,2030,1,2030-S1,Augmentation,61.7,61.7,19.0,19.3
z_36.0_13.5,2030,2,2030-S2,Augmentation,71.2,71.2,13.2,15.6
z_36.0_15.0,2023,1,2023-S1,Augmentation,37.8,37.8,30.0,32.1
z_36.0_15.0,2023,2,2023-S2,Augmentation,41.7,41.7,34.0,24.3
z_36.0_15.0,2024,1,2024-S1,Augmentation,43.6,43.6,23.2,33.1
z_36.0_15.0,2024,2,2024-S2,Augmentation,56.0,56.0,16.7,27.2
z_36.0_15.0,2025,1,2025-S1,Augmentation,55.0,55.0,13.3,31.8
z_36.0_15.0,2025,2,2025-S2,Augmentation,68.1,68.1,14.6,17.3
z_36.0_15.0,2026,1,2026-S1,Augmentation,53.4,53.4,23.0,23.6
z_36.0_15.0,2026,2,2026-S2,Augmentation,51.9,51.9,24.1,24.0
z_36.0_15.0,2027,1,2027-S1,Augmentation,56.2,56.2,19.8,24.1
z_36.0_15.0,2027,2,2027-S2,Augmentation,54.2,54.2,16.5,29.3
z_36.0_15.0,2028,1,2028-S1,Augmentation,54.1,54.1,19.5,26.3
z_36.0_15.0,2028,2,2028-S2,Augmentation,60.2,60.2,18.0,21.7
z_36.0_15.0,2029,1,2029-S1,Augmentation,57.8,57.8,16.2,26.0
z_36.0_15.0,2029,2,2029-S2,Augmentation,61.0,61.0,16.4,22.6
z_36.0_15.0,2030,1,2030-S1,Augmentation,59.0,59.0,16.1,24.9
z_36.0_15.0,2030,2,2030-S2,Augmentation,62.3,62.3,16.1,21.6
z_36.0_16.5,2023,1,2023-S1,Stable,47.1,16.3,36.6,47.1
z_36.0_16.5,2023,2,2023-S2,Diminution,85.3,3.6,85.3,11.2
z_36.0_16.5,2024,1,2024-S1,Stable,43.8,16.4,39.8,43.8
z_36.0_16.5,2024,2,2024-S2,Diminution,75.0,5.5,75.0,19.5
z_36.0_16.5,2025,1,2025-S1,Stable,46.7,14.8,38.6,46.7
z_36.0_16.5,2025,2,2025-S2,Diminution,75.7,8.1,75.7,16.2
z_36.0_16.5,2026,1,2026-S1,Diminution,44.5,13.0,44.5,42.5
z_36.0_16.5,2026,2,2026-S2,Diminution,83.1,5.5,83.1,11.4
z_36.0_16.5,2027,1,2027-S1,Diminution,42.6,15.8,42.6,41.6
z_36.0_16.5,2027,2,2027-S2,Diminution,83.3,3.8,83.3,12.8
z_36.0_16.5,2028,1,2028-S1,Diminution,42.0,17.5,42.0,40.4
z_36.0_16.5,2028,2,2028-S2,Diminution,87.3,1.3,87.3,11.5
z_36.0_16.5,2029,1,2029-S1,Diminution,42.8,19.9,42.8,37.2
z_36.0_16.5,2029,2,2029-S2,Diminution,87.3,1.3,87.3,11.5
z_36.0_16.5,2030,1,2030-S1,Diminution,42.8,19.9,42.8,37.2
z_36.0_16.5,2030,2,2030-S2,Diminution,87.3,1.3,87.3,11.5
z_36.0_18.0,2023,1,2023-S1,Diminution,57.2,10.9,57.2,31.9
z_36.0_18.0,2023,2,2023-S2,Diminution,43.4,22.8,43.4,33.8
z_36.0_18.0,2024,1,2024-S1,Stable,48.4,15.9,35.7,48.4
z_36.0_18.0,2024,2,2024-S2,Diminution,51.2,10.2,51.2,38.6
z_36.0_18.0,2025,1,2025-S1,Diminution,49.1,11.0,49.1,39.8
z_36.0_18.0,2025,2,2025-S2,Diminution,57.9,9.9,57.9,32.2
z_36.0_18.0,2026,1,2026-S1,Diminution,51.1,8.0,51.1,41.0
z_36.0_18.0,2026,2,2026-S2,Diminution,53.7,10.8,53.7,35.5
z_36.0_18.0,2027,1,2027-S1,Diminution,53.7,10.6,53.7,35.7
z_36.0_18.0,2027,2,2027-S2,Diminution,53.7,10.8,53.7,35.5
z_36.0_18.0,2028,1,2028-S1,Diminution,53.7,10.6,53.7,35.7
z_36.0_18.0,2028,2,2028-S2,Diminution,53.7,10.8,53.7,35.5
z_36.0_18.0,2029,1,2029-S1,Diminution,53.7,10.6,53.7,35.7
z_36.0_18.0,2029,2,2029-S2,Diminution,53.7,10.8,53.7,35.5
z_36.0_18.0,2030,1,2030-S1,Diminution,53.7,10.6,53.7,35.7
z_36.0_18.0,2030,2,2030-S2,Diminution,53.7,10.8,53.7,35.5
z_36.0_19.5,2023,1,2023-S1,Diminution,56.5,12.3,56.5,31.2
z_36.0_19.5,2023,2,2023-S2,Diminution,54.2,8.0,54.2,37.9
z_36.0_19.5,2024,1,2024-S1,Diminution,64.0,5.4,64.0,30.6
z_36.0_19.5,2024,2,2024-S2,Diminution,54.0,7.3,54.0,38.6
z_36.0_19.5,2025,1,2025-S1,Diminution,65.1,5.5,65.1,29.4
z_36.0_19.5,2025,2,2025-S2,Diminution,66.5,4.4,66.5,29.1
z_36.0_19.5,2026,1,2026-S1,Diminution,69.1,6.0,69.1,24.9
z_36.0_19.5,2026,2,2026-S2,Diminution,65.9,5.6,65.9,28.5
z_36.0_19.5,2027,1,2027-S1,Diminution,66.9,5.5,66.9,27.6
z_36.0_19.5,2027,2,2027-S2,Diminution,65.8,6.7,65.8,27.5
z_36.0_19.5,2028,1,2028-S1,Diminution,67.3,6.0,67.3,26.7
z_36.0_19.5,2028,2,2028-S2,Diminution,68.9,4.1,68.9,27.0
z_36.0_19.5,2029,1,2029-S1,Diminution,67.0,3.7,67.0,29.4
z_36.0_19.5,2029,2,2029-S2,Diminution,69.2,3.7,69.2,27.1
z_36.0_19.5,2030,1,2030-S1,Diminution,67.0,3.7,67.0,29.4
z_36.0_19.5,2030,2,2030-S2,Diminution,69.2,3.7,69.2,27.1
z_36.0_21.0,2023,1,2023-S1,Stable,55.6,23.9,20.5,55.6
z_36.0_21.0,2023,2,2023-S2,Stable,45.3,18.4,36.3,45.3
z_36.0_21.0,2024,1,2024-S1,Stable,55.8,22.7,21.4,55.8
z_36.0_21.0,2024,2,2024-S2,Stable,39.6,39.3,21.1,39.6
z_36.0_21.0,2025,1,2025-S1,Stable,46.8,36.8,16.4,46.8
z_36.0_21.0,2025,2,2025-S2,Stable,42.5,19.1,38.5,42.5
z_36.0_21.0,2026,1,2026-S1,Stable,55.2,25.5,19.3,55.2
z_36.0_21.0,2026,2,2026-S2,Stable,53.5,11.6,34.9,53.5
z_36.0_21.0,2027,1,2027-S1,Stable,61.6,19.8,18.6,61.6
z_36.0_21.0,2027,2,2027-S2,Diminution,43.4,13.6,43.4,43.0
z_36.0_21.0,2028,1,2028-S1,Stable,61.1,15.6,23.2,61.1
z_36.0_21.0,2028,2,2028-S2,Stable,44.6,12.8,42.6,44.6
z_36.0_21.0,2029,1,2029-S1,Stable,60.3,19.0,20.8,60.3
z_36.0_21.0,2029,2,2029-S2,Stable,44.5,14.2,41.2,44.5
z_36.0_21.0,2030,1,2030-S1,Stable,60.3,19.0,20.8,60.3
z_36.0_21.0,2030,2,2030-S2,Stable,44.5,14.2,41.2,44.5
z_36.0_22.5,2023,1,2023-S1,Augmentation,48.5,48.5,22.6,28.9
z_36.0_22.5,2023,2,2023-S2,Augmentation,56.0,56.0,27.8,16.2
z_36.0_22.5,2024,1,2024-S1,Augmentation,69.1,69.1,12.3,18.7
z_36.0_22.5,2024,2,2024-S2,Augmentation,66.2,66.2,18.3,15.6
z_36.0_22.5,2025,1,2025-S1,Augmentation,66.5,66.5,15.0,18.4
z_36.0_22.5,2025,2,2025-S2,Augmentation,55.7,55.7,28.1,16.2
z_36.0_22.5,2026,1,2026-S1,Augmentation,59.9,59.9,21.3,18.8
z_36.0_22.5,2026,2,2026-S2,Augmentation,57.0,57.0,24.7,18.3
z_36.0_22.5,2027,1,2027-S1,Augmentation,66.5,66.5,13.8,19.7
z_36.0_22.5,2027,2,2027-S2,Augmentation,63.6,63.6,20.6,15.8
z_36.0_22.5,2028,1,2028-S1,Augmentation,66.5,66.5,16.1,17.4
z_36.0_22.5,2028,2,2028-S2,Augmentation,64.9,64.9,20.2,14.9
z_36.0_22.5,2029,1,2029-S1,Augmentation,68.2,68.2,14.8,17.0
z_36.0_22.5,2029,2,2029-S2,Augmentation,66.5,66.5,19.2,14.4
z_36.0_22.5,2030,1,2030-S1,Augmentation,69.0,69.0,15.4,15.6
z_36.0_22.5,2030,2,2030-S2,Augmentation,66.2,66.2,20.1,13.7
z_36.0_24.0,2023,1,2023-S1,Augmentation,78.9,78.9,9.3,11.8
z_36.0_24.0,2023,2,2023-S2,Augmentation,78.6,78.6,10.5,10.9
z_36.0_24.0,2024,1,2024-S1,Augmentation,75.5,75.5,11.8,12.8
z_36.0_24.0,2024,2,2024-S2,Augmentation,73.8,73.8,13.2,13.0
z_36.0_24.0,2025,1,2025-S1,Augmentation,77.4,77.4,11.3,11.4
z_36.0_24.0,2025,2,2025-S2,Augmentation,78.5,78.5,12.0,9.5
z_36.0_24.0,2026,1,2026-S1,Augmentation,66.4,66.4,18.3,15.3
z_36.0_24.0,2026,2,2026-S2,Augmentation,60.2,60.2,18.3,21.5
z_36.0_24.0,2027,1,2027-S1,Augmentation,74.3,74.3,12.9,12.8
z_36.0_24.0,2027,2,2027-S2,Augmentation,76.2,76.2,13.1,10.8
z_36.0_24.0,2028,1,2028-S1,Augmentation,81.7,81.7,9.8,8.5
z_36.0_24.0,2028,2,2028-S2,Augmentation,81.1,81.1,10.1,8.8
z_36.0_24.0,2029,1,2029-S1,Augmentation,81.4,81.4,9.6,9.0
z_36.0_24.0,2029,2,2029-S2,Augmentation,81.6,81.6,9.9,8.5
z_36.0_24.0,2030,1,2030-S1,Augmentation,81.7,81.7,9.8,8.5
z_36.0_24.0,2030,2,2030-S2,Augmentation,82.5,82.5,8.8,8.7
z_36.0_25.5,2023,1,2023-S1,Augmentation,53.4,53.4,29.5,17.1
z_36.0_25.5,2023,2,2023-S2,Augmentation,49.6,49.6,33.0,17.4
z_36.0_25.5,2024,1,2024-S1,Augmentation,51.9,51.9,26.1,22.0
z_36.0_25.5,2024,2,2024-S2,Augmentation,41.0,41.0,38.9,20.2
z_36.0_25.5,2025,1,2025-S1,Augmentation,52.8,52.8,23.3,23.9
z_36.0_25.5,2025,2,2025-S2,Augmentation,63.6,63.6,20.0,16.5
z_36.0_25.5,2026,1,2026-S1,Augmentation,63.0,63.0,15.9,21.1
z_36.0_25.5,2026,2,2026-S2,Augmentation,60.3,60.3,24.4,15.3
z_36.0_25.5,2027,1,2027-S1,Augmentation,65.3,65.3,17.7,17.0
z_36.0_25.5,2027,2,2027-S2,Augmentation,63.6,63.6,21.9,14.5
z_36.0_25.5,2028,1,2028-S1,Augmentation,65.1,65.1,17.6,17.2
z_36.0_25.5,2028,2,2028-S2,Augmentation,65.0,65.0,21.5,13.5
z_36.0_25.5,2029,1,2029-S1,Augmentation,66.8,66.8,17.0,16.1
z_36.0_25.5,2029,2,2029-S2,Augmentation,62.9,62.9,22.7,14.5
z_36.0_25.5,2030,1,2030-S1,Augmentation,65.2,65.2,18.0,16.8
z_36.0_25.5,2030,2,2030-S2,Augmentation,65.1,65.1,20.5,14.4
z_36.0_27.0,2023,1,2023-S1,Augmentation,70.4,70.4,15.5,14.1
z_36.0_27.0,2023,2,2023-S2,Augmentation,65.6,65.6,19.3,15.1
z_36.0_27.0,2024,1,2024-S1,Augmentation,52.4,52.4,28.1,19.4
z_36.0_27.0,2024,2,2024-S2,Augmentation,57.3,57.3,24.6,18.1
z_36.0_27.0,2025,1,2025-S1,Augmentation,60.0,60.0,21.3,18.8
z_36.0_27.0,2025,2,2025-S2,Augmentation,44.7,44.7,39.4,15.9
z_36.0_27.0,2026,1,2026-S1,Augmentation,49.8,49.8,31.2,18.9
z_36.0_27.0,2026,2,2026-S2,Augmentation,61.5,61.5,21.6,16.9
z_36.0_27.0,2027,1,2027-S1,Augmentation,52.4,52.4,25.5,22.1
z_36.0_27.0,2027,2,2027-S2,Augmentation,63.0,63.0,20.8,16.2
z_36.0_27.0,2028,1,2028-S1,Augmentation,62.4,62.4,19.6,18.0
z_36.0_27.0,2028,2,2028-S2,Augmentation,62.3,62.3,21.4,16.3
z_36.0_27.0,2029,1,2029-S1,Augmentation,63.6,63.6,19.2,17.2
z_36.0_27.0,2029,2,2029-S2,Augmentation,63.6,63.6,21.5,14.9
z_36.0_27.0,2030,1,2030-S1,Augmentation,62.5,62.5,20.0,17.5
z_36.0_27.0,2030,2,2030-S2,Augmentation,63.9,63.9,21.3,14.8
z_36.0_30.0,2023,1,2023-S1,Diminution,54.9,9.9,54.9,35.2
z_36.0_30.0,2023,2,2023-S2,Diminution,48.2,12.0,48.2,39.8
z_36.0_30.0,2024,1,2024-S1,Diminution,65.0,6.8,65.0,28.2
z_36.0_30.0,2024,2,2024-S2,Diminution,60.7,8.7,60.7,30.6
z_36.0_30.0,2025,1,2025-S1,Diminution,64.6,6.4,64.6,29.0
z_36.0_30.0,2025,2,2025-S2,Diminution,55.8,9.3,55.8,34.9
z_36.0_30.0,2026,1,2026-S1,Diminution,52.2,9.8,52.2,38.0
z_36.0_30.0,2026,2,2026-S2,Diminution,67.0,6.4,67.0,26.6
z_36.0_30.0,2027,1,2027-S1,Diminution,59.7,8.3,59.7,32.0
z_36.0_30.0,2027,2,2027-S2,Diminution,66.3,6.6,66.3,27.1
z_36.0_30.0,2028,1,2028-S1,Diminution,64.5,5.2,64.5,30.3
z_36.0_30.0,2028,2,2028-S2,Diminution,66.0,6.4,66.0,27.6
z_36.0_30.0,2029,1,2029-S1,Diminution,63.4,6.3,63.4,30.3
z_36.0_30.0,2029,2,2029-S2,Diminution,66.0,6.4,66.0,27.6
z_36.0_30.0,2030,1,2030-S1,Diminution,63.4,6.3,63.4,30.3
z_36.0_30.0,2030,2,2030-S2,Diminution,66.0,6.4,66.0,27.6
z_36.0_34.5,2023,1,2023-S1,Augmentation,42.8,42.8,18.4,38.8
z_36.0_34.5,2023,2,2023-S2,Stable,49.2,32.5,18.3,49.2
z_36.0_34.5,2024,1,2024-S1,Stable,52.8,26.9,20.3,52.8
z_36.0_34.5,2024,2,2024-S2,Stable,39.1,37.1,23.8,39.1
z_36.0_34.5,2025,1,2025-S1,Augmentation,43.0,43.0,17.8,39.1
z_36.0_34.5,2025,2,2025-S2,Stable,42.0,36.6,21.4,42.0
z_36.0_34.5,2026,1,2026-S1,Stable,44.7,22.6,32.7,44.7
z_36.0_34.5,2026,2,2026-S2,Stable,39.9,30.9,29.2,39.9
z_36.0_34.5,2027,1,2027-S1,Stable,41.4,19.7,38.9,41.4
z_36.0_34.5,2027,2,2027-S2,Stable,46.4,22.9,30.7,46.4
z_36.0_34.5,2028,1,2028-S1,Stable,42.6,20.8,36.6,42.6
z_36.0_34.5,2028,2,2028-S2,Stable,46.4,22.9,30.7,46.4
z_36.0_34.5,2029,1,2029-S1,Stable,42.6,20.8,36.6,42.6
z_36.0_34.5,2029,2,2029-S2,Stable,46.4,22.9,30.7,46.4
z_36.0_34.5,2030,1,2030-S1,Stable,42.6,20.8,36.6,42.6
z_36.0_34.5,2030,2,2030-S2,Stable,46.4,22.9,30.7,46.4
z_36.0_36.0,2023,1,2023-S1,Diminution,51.9,4.3,51.9,43.8
z_36.0_36.0,2023,2,2023-S2,Diminution,51.6,3.6,51.6,44.8
z_36.0_36.0,2024,1,2024-S1,Diminution,51.9,4.3,51.9,43.8
z_36.0_36.0,2024,2,2024-S2,Diminution,51.6,3.6,51.6,44.8
z_36.0_36.0,2025,1,2025-S1,Diminution,51.9,4.3,51.9,43.8
z_36.0_36.0,2025,2,2025-S2,Diminution,49.6,6.9,49.6,43.5
z_36.0_36.0,2026,1,2026-S1,Diminution,46.6,9.3,46.6,44.1
z_36.0_36.0,2026,2,2026-S2,Diminution,48.5,5.7,48.5,45.8
z_36.0_36.0,2027,1,2027-S1,Diminution,50.2,6.3,50.2,43.5
z_36.0_36.0,2027,2,2027-S2,Stable,50.2,4.1,45.6,50.2
z_36.0_36.0,2028,1,2028-S1,Stable,49.5,3.5,46.9,49.5
z_36.0_36.0,2028,2,2028-S2,Diminution,51.6,3.6,51.6,44.8
z_36.0_36.0,2029,1,2029-S1,Diminution,51.9,4.3,51.9,43.8
z_36.0_36.0,2029,2,2029-S2,Diminution,51.6,3.6,51.6,44.8
z_36.0_36.0,2030,1,2030-S1,Diminution,51.9,4.3,51.9,43.8
z_36.0_36.0,2030,2,2030-S2,Diminution,51.6,3.6,51.6,44.8
z_36.0_4.5,2023,1,2023-S1,Stable,48.2,9.6,42.2,48.2
z_36.0_4.5,2023,2,2023-S2,Diminution,43.5,15.7,43.5,40.9
z_36.0_4.5,2024,1,2024-S1,Diminution,48.9,10.7,48.9,40.4
z_36.0_4.5,2024,2,2024-S2,Diminution,48.5,13.2,48.5,38.3
z_36.0_4.5,2025,1,2025-S1,Diminution,47.9,11.5,47.9,40.6
z_36.0_4.5,2025,2,2025-S2,Diminution,49.1,9.8,49.1,41.2
z_36.0_4.5,2026,1,2026-S1,Diminution,45.8,18.0,45.8,36.2
z_36.0_4.5,2026,2,2026-S2,Diminution,48.3,10.5,48.3,41.3
z_36.0_4.5,2027,1,2027-S1,Diminution,48.1,13.7,48.1,38.2
z_36.0_4.5,2027,2,2027-S2,Diminution,49.4,11.4,49.4,39.2
z_36.0_4.5,2028,1,2028-S1,Diminution,49.0,12.5,49.0,38.5
z_36.0_4.5,2028,2,2028-S2,Diminution,48.9,11.8,48.9,39.3
z_36.0_4.5,2029,1,2029-S1,Diminution,49.0,12.5,49.0,38.5
z_36.0_4.5,2029,2,2029-S2,Diminution,48.9,11.8,48.9,39.3
z_36.0_4.5,2030,1,2030-S1,Diminution,49.0,12.5,49.0,38.5
z_36.0_4.5,2030,2,2030-S2,Diminution,48.9,11.8,48.9,39.3
z_36.0_9.0,2023,1,2023-S1,Diminution,43.7,20.8,43.7,35.5
z_36.0_9.0,2023,2,2023-S2,Stable,42.5,15.5,42.0,42.5
z_36.0_9.0,2024,1,2024-S1,Stable,43.7,16.9,39.4,43.7
z_36.0_9.0,2024,2,2024-S2,Stable,57.3,16.9,25.7,57.3
z_36.0_9.0,2025,1,2025-S1,Stable,44.7,12.9,42.5,44.7
z_36.0_9.0,2025,2,2025-S2,Stable,40.0,20.2,39.8,40.0
z_36.0_9.0,2026,1,2026-S1,Diminution,43.3,16.4,43.3,40.3
z_36.0_9.0,2026,2,2026-S2,Diminution,44.1,15.8,44.1,40.1
z_36.0_9.0,2027,1,2027-S1,Diminution,46.0,15.6,46.0,38.4
z_36.0_9.0,2027,2,2027-S2,Diminution,44.9,14.1,44.9,41.0
z_36.0_9.0,2028,1,2028-S1,Diminution,47.4,15.5,47.4,37.1
z_36.0_9.0,2028,2,2028-S2,Diminution,44.9,14.1,44.9,41.0
z_36.0_9.0,2029,1,2029-S1,Diminution,47.4,15.5,47.4,37.1
z_36.0_9.0,2029,2,2029-S2,Diminution,44.9,14.1,44.9,41.0
z_36.0_9.0,2030,1,2030-S1,Diminution,47.4,15.5,47.4,37.1
z_36.0_9.0,2030,2,2030-S2,Diminution,44.9,14.1,44.9,41.0
z_37.5_-1.5,2023,1,2023-S1,Stable,37.0,36.1,26.9,37.0
z_37.5_-1.5,2023,2,2023-S2,Augmentation,44.6,44.6,21.2,34.2
z_37.5_-1.5,2024,1,2024-S1,Augmentation,47.9,47.9,17.1,35.0
z_37.5_-1.5,2024,2,2024-S2,Augmentation,50.3,50.3,18.3,31.4
z_37.5_-1.5,2025,1,2025-S1,Augmentation,56.4,56.4,14.8,28.8
z_37.5_-1.5,2025,2,2025-S2,Augmentation,66.8,66.8,12.8,20.4
z_37.5_-1.5,2026,1,2026-S1,Augmentation,53.3,53.3,14.2,32.5
z_37.5_-1.5,2026,2,2026-S2,Augmentation,63.5,63.5,15.8,20.8
z_37.5_-1.5,2027,1,2027-S1,Augmentation,54.6,54.6,17.2,28.1
z_37.5_-1.5,2027,2,2027-S2,Augmentation,61.4,61.4,14.5,24.1
z_37.5_-1.5,2028,1,2028-S1,Augmentation,59.5,59.5,15.3,25.1
z_37.5_-1.5,2028,2,2028-S2,Augmentation,64.3,64.3,14.4,21.3
z_37.5_-1.5,2029,1,2029-S1,Augmentation,61.2,61.2,15.1,23.7
z_37.5_-1.5,2029,2,2029-S2,Augmentation,68.6,68.6,13.9,17.4
z_37.5_-1.5,2030,1,2030-S1,Augmentation,65.1,65.1,15.0,19.9
z_37.5_-1.5,2030,2,2030-S2,Augmentation,70.8,70.8,13.5,15.8
z_37.5_-10.5,2023,1,2023-S1,Augmentation,53.3,53.3,26.2,20.6
z_37.5_-10.5,2023,2,2023-S2,Augmentation,66.4,66.4,15.1,18.5
z_37.5_-10.5,2024,1,2024-S1,Augmentation,56.6,56.6,21.3,22.2
z_37.5_-10.5,2024,2,2024-S2,Augmentation,75.6,75.6,10.7,13.7
z_37.5_-10.5,2025,1,2025-S1,Augmentation,62.8,62.8,17.4,19.8
z_37.5_-10.5,2025,2,2025-S2,Augmentation,69.4,69.4,12.5,18.1
z_37.5_-10.5,2026,1,2026-S1,Augmentation,58.1,58.1,16.2,25.7
z_37.5_-10.5,2026,2,2026-S2,Augmentation,61.0,61.0,20.4,18.7
z_37.5_-10.5,2027,1,2027-S1,Augmentation,61.4,61.4,18.0,20.6
z_37.5_-10.5,2027,2,2027-S2,Augmentation,66.7,66.7,13.2,20.1
z_37.5_-10.5,2028,1,2028-S1,Augmentation,61.9,61.9,16.1,22.0
z_37.5_-10.5,2028,2,2028-S2,Augmentation,71.8,71.8,13.3,14.9
z_37.5_-10.5,2029,1,2029-S1,Augmentation,65.1,65.1,17.2,17.8
z_37.5_-10.5,2029,2,2029-S2,Augmentation,72.3,72.3,13.1,14.6
z_37.5_-10.5,2030,1,2030-S1,Augmentation,64.0,64.0,17.5,18.5
z_37.5_-10.5,2030,2,2030-S2,Augmentation,71.5,71.5,13.6,14.9
z_37.5_-13.5,2023,1,2023-S1,Diminution,88.2,1.3,88.2,10.5
z_37.5_-13.5,2023,2,2023-S2,Diminution,77.5,2.3,77.5,20.2
z_37.5_-13.5,2024,1,2024-S1,Diminution,88.2,1.3,88.2,10.5
z_37.5_-13.5,2024,2,2024-S2,Diminution,77.5,2.3,77.5,20.2
z_37.5_-13.5,2025,1,2025-S1,Diminution,87.4,3.0,87.4,9.6
z_37.5_-13.5,2025,2,2025-S2,Diminution,74.9,4.2,74.9,20.9
z_37.5_-13.5,2026,1,2026-S1,Diminution,85.4,4.9,85.4,9.7
z_37.5_-13.5,2026,2,2026-S2,Diminution,73.7,5.4,73.7,20.9
z_37.5_-13.5,2027,1,2027-S1,Diminution,83.4,3.6,83.4,13.0
z_37.5_-13.5,2027,2,2027-S2,Diminution,75.4,3.9,75.4,20.7
z_37.5_-13.5,2028,1,2028-S1,Diminution,88.2,1.3,88.2,10.5
z_37.5_-13.5,2028,2,2028-S2,Diminution,77.5,2.3,77.5,20.2
z_37.5_-13.5,2029,1,2029-S1,Diminution,88.2,1.3,88.2,10.5
z_37.5_-13.5,2029,2,2029-S2,Diminution,77.5,2.3,77.5,20.2
z_37.5_-13.5,2030,1,2030-S1,Diminution,88.2,1.3,88.2,10.5
z_37.5_-13.5,2030,2,2030-S2,Diminution,77.5,2.3,77.5,20.2
z_37.5_-22.5,2023,1,2023-S1,Diminution,87.3,1.0,87.3,11.8
z_37.5_-22.5,2023,2,2023-S2,Diminution,88.4,1.7,88.4,9.9
z_37.5_-22.5,2024,1,2024-S1,Diminution,76.4,1.4,76.4,22.2
z_37.5_-22.5,2024,2,2024-S2,Diminution,85.8,3.7,85.8,10.5
z_37.5_-22.5,2025,1,2025-S1,Diminution,81.0,3.9,81.0,15.1
z_37.5_-22.5,2025,2,2025-S2,Diminution,78.5,4.6,78.5,17.0
z_37.5_-22.5,2026,1,2026-S1,Diminution,73.0,3.9,73.0,23.1
z_37.5_-22.5,2026,2,2026-S2,Diminution,85.8,3.7,85.8,10.5
z_37.5_-22.5,2027,1,2027-S1,Diminution,81.0,3.9,81.0,15.1
z_37.5_-22.5,2027,2,2027-S2,Diminution,83.1,2.3,83.1,14.6
z_37.5_-22.5,2028,1,2028-S1,Diminution,84.1,3.4,84.1,12.5
z_37.5_-22.5,2028,2,2028-S2,Diminution,86.7,0.8,86.7,12.5
z_37.5_-22.5,2029,1,2029-S1,Diminution,87.3,1.0,87.3,11.8
z_37.5_-22.5,2029,2,2029-S2,Diminution,86.7,0.8,86.7,12.5
z_37.5_-22.5,2030,1,2030-S1,Diminution,87.3,1.0,87.3,11.8
z_37.5_-22.5,2030,2,2030-S2,Diminution,86.7,0.8,86.7,12.5
z_37.5_-24.0,2023,1,2023-S1,Diminution,87.2,1.0,87.2,11.8
z_37.5_-24.0,2023,2,2023-S2,Diminution,85.7,1.0,85.7,13.3
z_37.5_-24.0,2024,1,2024-S1,Diminution,87.2,1.0,87.2,11.8
z_37.5_-24.0,2024,2,2024-S2,Diminution,87.9,1.8,87.9,10.4
z_37.5_-24.0,2025,1,2025-S1,Diminution,77.9,1.3,77.9,20.9
z_37.5_-24.0,2025,2,2025-S2,Diminution,85.8,3.5,85.8,10.7
z_37.5_-24.0,2026,1,2026-S1,Diminution,80.0,4.0,80.0,16.0
z_37.5_-24.0,2026,2,2026-S2,Diminution,82.3,2.7,82.3,14.9
z_37.5_-24.0,2027,1,2027-S1,Diminution,83.6,3.2,83.6,13.2
z_37.5_-24.0,2027,2,2027-S2,Diminution,85.7,1.0,85.7,13.3
z_37.5_-24.0,2028,1,2028-S1,Diminution,87.2,1.0,87.2,11.8
z_37.5_-24.0,2028,2,2028-S2,Diminution,85.7,1.0,85.7,13.3
z_37.5_-24.0,2029,1,2029-S1,Diminution,87.2,1.0,87.2,11.8
z_37.5_-24.0,2029,2,2029-S2,Diminution,85.7,1.0,85.7,13.3
z_37.5_-24.0,2030,1,2030-S1,Diminution,87.2,1.0,87.2,11.8
z_37.5_-24.0,2030,2,2030-S2,Diminution,85.7,1.0,85.7,13.3
z_37.5_-25.5,2023,1,2023-S1,Diminution,81.7,5.5,81.7,12.8
z_37.5_-25.5,2023,2,2023-S2,Diminution,66.9,9.3,66.9,23.7
z_37.5_-25.5,2024,1,2024-S1,Diminution,78.3,2.4,78.3,19.3
z_37.5_-25.5,2024,2,2024-S2,Diminution,61.7,11.2,61.7,27.1
z_37.5_-25.5,2025,1,2025-S1,Diminution,84.7,1.1,84.7,14.3
z_37.5_-25.5,2025,2,2025-S2,Diminution,66.8,9.1,66.8,24.1
z_37.5_-25.5,2026,1,2026-S1,Diminution,86.2,2.2,86.2,11.6
z_37.5_-25.5,2026,2,2026-S2,Diminution,65.0,11.8,65.0,23.3
z_37.5_-25.5,2027,1,2027-S1,Diminution,81.7,5.5,81.7,12.8
z_37.5_-25.5,2027,2,2027-S2,Diminution,66.9,9.3,66.9,23.7
z_37.5_-25.5,2028,1,2028-S1,Diminution,78.3,2.4,78.3,19.3
z_37.5_-25.5,2028,2,2028-S2,Diminution,61.7,11.2,61.7,27.1
z_37.5_-25.5,2029,1,2029-S1,Diminution,84.7,1.1,84.7,14.3
z_37.5_-25.5,2029,2,2029-S2,Diminution,66.8,9.1,66.8,24.1
z_37.5_-25.5,2030,1,2030-S1,Diminution,84.7,1.1,84.7,14.3
z_37.5_-25.5,2030,2,2030-S2,Diminution,66.8,9.1,66.8,24.1
z_37.5_-27.0,2023,1,2023-S1,Diminution,60.3,11.9,60.3,27.8
z_37.5_-27.0,2023,2,2023-S2,Stable,60.2,15.0,24.8,60.2
z_37.5_-27.0,2024,1,2024-S1,Diminution,72.7,6.3,72.7,21.0
z_37.5_-27.0,2024,2,2024-S2,Stable,60.1,16.7,23.2,60.1
z_37.5_-27.0,2025,1,2025-S1,Diminution,63.4,8.6,63.4,28.0
z_37.5_-27.0,2025,2,2025-S2,Stable,57.0,22.0,21.0,57.0
z_37.5_-27.0,2026,1,2026-S1,Stable,42.7,24.0,33.3,42.7
z_37.5_-27.0,2026,2,2026-S2,Stable,55.9,20.5,23.6,55.9
z_37.5_-27.0,2027,1,2027-S1,Diminution,44.8,18.1,44.8,37.0
z_37.5_-27.0,2027,2,2027-S2,Stable,55.9,17.4,26.7,55.9
z_37.5_-27.0,2028,1,2028-S1,Diminution,49.6,16.2,49.6,34.2
z_37.5_-27.0,2028,2,2028-S2,Stable,60.1,18.7,21.1,60.1
z_37.5_-27.0,2029,1,2029-S1,Diminution,61.5,10.3,61.5,28.1
z_37.5_-27.0,2029,2,2029-S2,Stable,59.6,18.2,22.1,59.6
z_37.5_-27.0,2030,1,2030-S1,Diminution,56.1,12.4,56.1,31.5
z_37.5_-27.0,2030,2,2030-S2,Stable,59.6,18.2,22.1,59.6
z_37.5_-28.5,2023,1,2023-S1,Diminution,47.6,22.0,47.6,30.4
z_37.5_-28.5,2023,2,2023-S2,Diminution,50.8,13.1,50.8,36.2
z_37.5_-28.5,2024,1,2024-S1,Diminution,50.8,17.8,50.8,31.4
z_37.5_-28.5,2024,2,2024-S2,Stable,54.6,17.9,27.5,54.6
z_37.5_-28.5,2025,1,2025-S1,Stable,53.7,18.9,27.4,53.7
z_37.5_-28.5,2025,2,2025-S2,Stable,53.3,13.4,33.3,53.3
z_37.5_-28.5,2026,1,2026-S1,Stable,50.5,20.2,29.3,50.5
z_37.5_-28.5,2026,2,2026-S2,Stable,51.7,21.9,26.4,51.7
z_37.5_-28.5,2027,1,2027-S1,Stable,53.3,22.3,24.4,53.3
z_37.5_-28.5,2027,2,2027-S2,Stable,55.0,19.7,25.3,55.0
z_37.5_-28.5,2028,1,2028-S1,Stable,51.6,20.5,28.0,51.6
z_37.5_-28.5,2028,2,2028-S2,Stable,52.7,22.3,25.0,52.7
z_37.5_-28.5,2029,1,2029-S1,Stable,52.8,22.6,24.6,52.8
z_37.5_-28.5,2029,2,2029-S2,Stable,52.7,22.3,25.0,52.7
z_37.5_-28.5,2030,1,2030-S1,Stable,52.8,22.6,24.6,52.8
z_37.5_-28.5,2030,2,2030-S2,Stable,52.7,22.3,25.0,52.7
z_37.5_-30.0,2023,1,2023-S1,Diminution,64.0,5.0,64.0,31.0
z_37.5_-30.0,2023,2,2023-S2,Diminution,78.0,2.6,78.0,19.4
z_37.5_-30.0,2024,1,2024-S1,Diminution,64.0,5.0,64.0,31.0
z_37.5_-30.0,2024,2,2024-S2,Diminution,78.0,2.6,78.0,19.4
z_37.5_-30.0,2025,1,2025-S1,Diminution,64.0,5.0,64.0,31.0
z_37.5_-30.0,2025,2,2025-S2,Diminution,67.3,6.5,67.3,26.2
z_37.5_-30.0,2026,1,2026-S1,Diminution,55.7,9.3,55.7,35.0
z_37.5_-30.0,2026,2,2026-S2,Diminution,72.7,3.9,72.7,23.4
z_37.5_-30.0,2027,1,2027-S1,Diminution,59.4,7.7,59.4,32.9
z_37.5_-30.0,2027,2,2027-S2,Diminution,73.4,3.4,73.4,23.2
z_37.5_-30.0,2028,1,2028-S1,Diminution,63.9,4.2,63.9,31.8
z_37.5_-30.0,2028,2,2028-S2,Diminution,78.0,2.6,78.0,19.4
z_37.5_-30.0,2029,1,2029-S1,Diminution,64.0,5.0,64.0,31.0
z_37.5_-30.0,2029,2,2029-S2,Diminution,78.0,2.6,78.0,19.4
z_37.5_-30.0,2030,1,2030-S1,Diminution,64.0,5.0,64.0,31.0
z_37.5_-30.0,2030,2,2030-S2,Diminution,78.0,2.6,78.0,19.4
z_37.5_-9.0,2023,1,2023-S1,Augmentation,46.2,46.2,22.9,30.9
z_37.5_-9.0,2023,2,2023-S2,Stable,47.3,36.8,15.9,47.3
z_37.5_-9.0,2024,1,2024-S1,Augmentation,46.2,46.2,22.1,31.8
z_37.5_-9.0,2024,2,2024-S2,Augmentation,72.2,72.2,9.0,18.8
z_37.5_-9.0,2025,1,2025-S1,Augmentation,43.9,43.9,21.1,35.0
z_37.5_-9.0,2025,2,2025-S2,Augmentation,51.1,51.1,17.2,31.7
z_37.5_-9.0,2026,1,2026-S1,Augmentation,51.6,51.6,20.2,28.2
z_37.5_-9.0,2026,2,2026-S2,Augmentation,50.3,50.3,18.6,31.1
z_37.5_-9.0,2027,1,2027-S1,Augmentation,51.5,51.5,20.1,28.4
z_37.5_-9.0,2027,2,2027-S2,Augmentation,58.8,58.8,16.2,24.9
z_37.5_-9.0,2028,1,2028-S1,Augmentation,56.6,56.6,18.0,25.3
z_37.5_-9.0,2028,2,2028-S2,Augmentation,59.3,59.3,15.9,24.8
z_37.5_-9.0,2029,1,2029-S1,Augmentation,57.1,57.1,17.8,25.1
z_37.5_-9.0,2029,2,2029-S2,Augmentation,61.4,61.4,15.2,23.3
z_37.5_-9.0,2030,1,2030-S1,Augmentation,57.1,57.1,17.1,25.8
z_37.5_-9.0,2030,2,2030-S2,Augmentation,65.0,65.0,14.2,20.8
z_37.5_0.0,2023,1,2023-S1,Stable,44.6,36.9,18.5,44.6
z_37.5_0.0,2023,2,2023-S2,Augmentation,40.7,40.7,25.6,33.7
z_37.5_0.0,2024,1,2024-S1,Stable,43.8,40.1,16.1,43.8
z_37.5_0.0,2024,2,2024-S2,Augmentation,41.3,41.3,23.4,35.3
z_37.5_0.0,2025,1,2025-S1,Stable,46.6,34.5,18.9,46.6
z_37.5_0.0,2025,2,2025-S2,Stable,39.1,27.8,33.1,39.1
z_37.5_0.0,2026,1,2026-S1,Stable,45.2,33.4,21.4,45.2
z_37.5_0.0,2026,2,2026-S2,Augmentation,39.5,39.5,24.7,35.8
z_37.5_0.0,2027,1,2027-S1,Stable,50.2,33.6,16.2,50.2
z_37.5_0.0,2027,2,2027-S2,Stable,38.5,37.9,23.6,38.5
z_37.5_0.0,2028,1,2028-S1,Augmentation,42.2,42.2,15.8,42.0
z_37.5_0.0,2028,2,2028-S2,Augmentation,42.2,42.2,22.1,35.7
z_37.5_0.0,2029,1,2029-S1,Augmentation,44.5,44.5,14.0,41.5
z_37.5_0.0,2029,2,2029-S2,Augmentation,42.2,42.2,22.1,35.7
z_37.5_0.0,2030,1,2030-S1,Augmentation,44.5,44.5,14.0,41.5
z_37.5_0.0,2030,2,2030-S2,Augmentation,42.4,42.4,22.0,35.6
z_37.5_1.5,2023,1,2023-S1,Diminution,73.4,3.1,73.4,23.5
z_37.5_1.5,2023,2,2023-S2,Diminution,62.4,4.1,62.4,33.5
z_37.5_1.5,2024,1,2024-S1,Diminution,76.5,2.2,76.5,21.2
z_37.5_1.5,2024,2,2024-S2,Diminution,62.6,4.9,62.6,32.5
z_37.5_1.5,2025,1,2025-S1,Diminution,76.5,2.2,76.5,21.2
z_37.5_1.5,2025,2,2025-S2,Diminution,58.3,9.0,58.3,32.7
z_37.5_1.5,2026,1,2026-S1,Diminution,52.2,5.5,52.2,42.3
z_37.5_1.5,2026,2,2026-S2,Diminution,62.2,5.3,62.2,32.5
z_37.5_1.5,2027,1,2027-S1,Diminution,69.2,4.3,69.2,26.5
z_37.5_1.5,2027,2,2027-S2,Diminution,65.1,5.4,65.1,29.5
z_37.5_1.5,2028,1,2028-S1,Diminution,70.7,2.4,70.7,26.9
z_37.5_1.5,2028,2,2028-S2,Diminution,62.6,4.9,62.6,32.5
z_37.5_1.5,2029,1,2029-S1,Diminution,76.5,2.2,76.5,21.2
z_37.5_1.5,2029,2,2029-S2,Diminution,62.6,4.9,62.6,32.5
z_37.5_1.5,2030,1,2030-S1,Diminution,76.5,2.2,76.5,21.2
z_37.5_1.5,2030,2,2030-S2,Diminution,62.6,4.9,62.6,32.5
z_37.5_10.5,2023,1,2023-S1,Stable,38.9,23.8,37.3,38.9
z_37.5_10.5,2023,2,2023-S2,Stable,53.0,28.8,18.3,53.0
z_37.5_10.5,2024,1,2024-S1,Diminution,49.7,14.1,49.7,36.2
z_37.5_10.5,2024,2,2024-S2,Stable,46.5,15.9,37.6,46.5
z_37.5_10.5,2025,1,2025-S1,Diminution,52.3,12.3,52.3,35.4
z_37.5_10.5,2025,2,2025-S2,Stable,41.1,35.3,23.6,41.1
z_37.5_10.5,2026,1,2026-S1,Stable,43.2,16.6,40.2,43.2
z_37.5_10.5,2026,2,2026-S2,Diminution,42.8,20.8,42.8,36.4
z_37.5_10.5,2027,1,2027-S1,Diminution,47.0,12.8,47.0,40.2
z_37.5_10.5,2027,2,2027-S2,Diminution,43.1,26.1,43.1,30.8
z_37.5_10.5,2028,1,2028-S1,Diminution,49.8,9.3,49.8,40.9
z_37.5_10.5,2028,2,2028-S2,Diminution,43.9,21.4,43.9,34.7
z_37.5_10.5,2029,1,2029-S1,Diminution,53.3,11.4,53.3,35.3
z_37.5_10.5,2029,2,2029-S2,Diminution,43.9,21.4,43.9,34.7
z_37.5_10.5,2030,1,2030-S1,Diminution,53.3,11.4,53.3,35.3
z_37.5_10.5,2030,2,2030-S2,Diminution,43.9,21.4,43.9,34.7
z_37.5_12.0,2023,1,2023-S1,Diminution,37.3,27.8,37.3,34.9
z_37.5_12.0,2023,2,2023-S2,Augmentation,40.9,40.9,22.7,36.4
z_37.5_12.0,2024,1,2024-S1,Augmentation,49.7,49.7,15.3,35.0
z_37.5_12.0,2024,2,2024-S2,Augmentation,40.1,40.1,26.2,33.7
z_37.5_12.0,2025,1,2025-S1,Augmentation,41.8,41.8,21.2,37.0
z_37.5_12.0,2025,2,2025-S2,Augmentation,41.2,41.2,18.9,39.9
z_37.5_12.0,2026,1,2026-S1,Augmentation,51.3,51.3,16.7,31.9
z_37.5_12.0,2026,2,2026-S2,Augmentation,53.5,53.5,15.4,31.2
z_37.5_12.0,2027,1,2027-S1,Augmentation,53.4,53.4,16.2,30.4
z_37.5_12.0,2027,2,2027-S2,Augmentation,59.2,59.2,15.8,25.0
z_37.5_12.0,2028,1,2028-S1,Augmentation,49.7,49.7,17.4,32.9
z_37.5_12.0,2028,2,2028-S2,Augmentation,55.1,55.1,16.5,28.4
z_37.5_12.0,2029,1,2029-S1,Augmentation,53.1,53.1,16.2,30.7
z_37.5_12.0,2029,2,2029-S2,Augmentation,64.1,64.1,15.5,20.5
z_37.5_12.0,2030,1,2030-S1,Augmentation,58.2,58.2,16.5,25.4
z_37.5_12.0,2030,2,2030-S2,Augmentation,62.4,62.4,16.2,21.4
z_37.5_13.5,2023,1,2023-S1,Stable,48.5,31.0,20.5,48.5
z_37.5_13.5,2023,2,2023-S2,Stable,50.3,28.1,21.5,50.3
z_37.5_13.5,2024,1,2024-S1,Stable,48.0,29.9,22.1,48.0
z_37.5_13.5,2024,2,2024-S2,Stable,48.3,39.0,12.7,48.3
z_37.5_13.5,2025,1,2025-S1,Stable,45.6,40.9,13.5,45.6
z_37.5_13.5,2025,2,2025-S2,Stable,45.0,41.9,13.1,45.0
z_37.5_13.5,2026,1,2026-S1,Stable,46.1,38.7,15.3,46.1
z_37.5_13.5,2026,2,2026-S2,Stable,44.7,37.5,17.9,44.7
z_37.5_13.5,2027,1,2027-S1,Stable,44.7,41.8,13.5,44.7
z_37.5_13.5,2027,2,2027-S2,Stable,44.6,42.3,13.1,44.6
z_37.5_13.5,2028,1,2028-S1,Stable,45.3,41.6,13.1,45.3
z_37.5_13.5,2028,2,2028-S2,Stable,46.3,41.1,12.6,46.3
z_37.5_13.5,2029,1,2029-S1,Stable,45.1,43.0,11.9,45.1
z_37.5_13.5,2029,2,2029-S2,Augmentation,45.9,45.9,10.7,43.3
z_37.5_13.5,2030,1,2030-S1,Augmentation,44.4,44.4,12.2,43.4
z_37.5_13.5,2030,2,2030-S2,Augmentation,45.7,45.7,11.1,43.2
z_37.5_15.0,2023,1,2023-S1,Diminution,45.5,23.7,45.5,30.8
z_37.5_15.0,2023,2,2023-S2,Augmentation,34.8,34.8,31.3,33.8
z_37.5_15.0,2024,1,2024-S1,Augmentation,43.6,43.6,25.0,31.4
z_37.5_15.0,2024,2,2024-S2,Augmentation,51.5,51.5,19.9,28.5
z_37.5_15.0,2025,1,2025-S1,Augmentation,63.5,63.5,18.9,17.5
z_37.5_15.0,2025,2,2025-S2,Augmentation,58.7,58.7,18.2,23.1
z_37.5_15.0,2026,1,2026-S1,Augmentation,52.7,52.7,26.0,21.3
z_37.5_15.0,2026,2,2026-S2,Augmentation,61.5,61.5,18.0,20.6
z_37.5_15.0,2027,1,2027-S1,Augmentation,62.0,62.0,19.3,18.7
z_37.5_15.0,2027,2,2027-S2,Augmentation,66.0,66.0,15.9,18.1
z_37.5_15.0,2028,1,2028-S1,Augmentation,65.1,65.1,17.0,17.9
z_37.5_15.0,2028,2,2028-S2,Augmentation,70.4,70.4,14.4,15.3
z_37.5_15.0,2029,1,2029-S1,Augmentation,63.5,63.5,19.0,17.4
z_37.5_15.0,2029,2,2029-S2,Augmentation,73.6,73.6,12.6,13.8
z_37.5_15.0,2030,1,2030-S1,Augmentation,67.6,67.6,16.4,16.0
z_37.5_15.0,2030,2,2030-S2,Augmentation,74.5,74.5,12.3,13.1
z_37.5_16.5,2023,1,2023-S1,Diminution,45.9,20.1,45.9,34.0
z_37.5_16.5,2023,2,2023-S2,Stable,44.4,12.1,43.5,44.4
z_37.5_16.5,2024,1,2024-S1,Diminution,45.3,17.0,45.3,37.7
z_37.5_16.5,2024,2,2024-S2,Diminution,47.9,12.1,47.9,40.1
z_37.5_16.5,2025,1,2025-S1,Diminution,48.5,17.8,48.5,33.7
z_37.5_16.5,2025,2,2025-S2,Diminution,48.3,10.8,48.3,40.9
z_37.5_16.5,2026,1,2026-S1,Diminution,40.4,21.8,40.4,37.8
z_37.5_16.5,2026,2,2026-S2,Stable,35.7,29.2,35.1,35.7
z_37.5_16.5,2027,1,2027-S1,Diminution,46.7,20.0,46.7,33.3
z_37.5_16.5,2027,2,2027-S2,Diminution,43.4,17.5,43.4,39.1
z_37.5_16.5,2028,1,2028-S1,Diminution,48.9,19.4,48.9,31.7
z_37.5_16.5,2028,2,2028-S2,Diminution,46.3,8.4,46.3,45.3
z_37.5_16.5,2029,1,2029-S1,Diminution,50.1,18.8,50.1,31.2
z_37.5_16.5,2029,2,2029-S2,Diminution,50.5,11.0,50.5,38.5
z_37.5_16.5,2030,1,2030-S1,Diminution,50.1,18.8,50.1,31.2
z_37.5_16.5,2030,2,2030-S2,Diminution,50.5,11.0,50.5,38.5
z_37.5_19.5,2023,1,2023-S1,Augmentation,44.0,44.0,21.4,34.7
z_37.5_19.5,2023,2,2023-S2,Augmentation,55.2,55.2,24.3,20.5
z_37.5_19.5,2024,1,2024-S1,Augmentation,64.3,64.3,13.3,22.3
z_37.5_19.5,2024,2,2024-S2,Augmentation,51.7,51.7,23.5,24.8
z_37.5_19.5,2025,1,2025-S1,Augmentation,56.9,56.9,17.0,26.1
z_37.5_19.5,2025,2,2025-S2,Augmentation,65.2,65.2,19.5,15.2
z_37.5_19.5,2026,1,2026-S1,Augmentation,53.3,53.3,18.0,28.6
z_37.5_19.5,2026,2,2026-S2,Augmentation,52.6,52.6,31.4,16.0
z_37.5_19.5,2027,1,2027-S1,Augmentation,66.4,66.4,16.0,17.6
z_37.5_19.5,2027,2,2027-S2,Augmentation,60.5,60.5,21.9,17.6
z_37.5_19.5,2028,1,2028-S1,Augmentation,67.8,67.8,14.0,18.2
z_37.5_19.5,2028,2,2028-S2,Augmentation,67.3,67.3,19.1,13.6
z_37.5_19.5,2029,1,2029-S1,Augmentation,70.2,70.2,13.6,16.1
z_37.5_19.5,2029,2,2029-S2,Augmentation,67.5,67.5,18.4,14.1
z_37.5_19.5,2030,1,2030-S1,Augmentation,70.5,70.5,13.9,15.6
z_37.5_19.5,2030,2,2030-S2,Augmentation,68.1,68.1,19.1,12.8
z_37.5_21.0,2023,1,2023-S1,Augmentation,54.9,54.9,27.2,17.9
z_37.5_21.0,2023,2,2023-S2,Augmentation,61.9,61.9,24.7,13.4
z_37.5_21.0,2024,1,2024-S1,Augmentation,63.4,63.4,18.4,18.2
z_37.5_21.0,2024,2,2024-S2,Augmentation,61.1,61.1,20.1,18.8
z_37.5_21.0,2025,1,2025-S1,Augmentation,53.6,53.6,31.5,14.9
z_37.5_21.0,2025,2,2025-S2,Augmentation,67.0,67.0,17.7,15.3
z_37.5_21.0,2026,1,2026-S1,Augmentation,45.9,45.9,36.8,17.3
z_37.5_21.0,2026,2,2026-S2,Augmentation,60.3,60.3,24.2,15.4
z_37.5_21.0,2027,1,2027-S1,Augmentation,58.8,58.8,23.9,17.4
z_37.5_21.0,2027,2,2027-S2,Augmentation,61.5,61.5,21.0,17.5
z_37.5_21.0,2028,1,2028-S1,Augmentation,59.6,59.6,22.6,17.9
z_37.5_21.0,2028,2,2028-S2,Augmentation,68.2,68.2,17.0,14.8
z_37.5_21.0,2029,1,2029-S1,Augmentation,59.8,59.8,22.0,18.2
z_37.5_21.0,2029,2,2029-S2,Augmentation,67.4,67.4,17.2,15.5
z_37.5_21.0,2030,1,2030-S1,Augmentation,60.0,60.0,22.2,17.7
z_37.5_21.0,2030,2,2030-S2,Augmentation,66.1,66.1,18.2,15.8
z_37.5_22.5,2023,1,2023-S1,Augmentation,55.9,55.9,14.2,29.9
z_37.5_22.5,2023,2,2023-S2,Augmentation,55.5,55.5,19.1,25.4
z_37.5_22.5,2024,1,2024-S1,Augmentation,66.6,66.6,13.0,20.4
z_37.5_22.5,2024,2,2024-S2,Augmentation,56.4,56.4,15.1,28.5
z_37.5_22.5,2025,1,2025-S1,Augmentation,57.3,57.3,11.1,31.6
z_37.5_22.5,2025,2,2025-S2,Augmentation,54.6,54.6,14.4,31.1
z_37.5_22.5,2026,1,2026-S1,Augmentation,48.4,48.4,24.1,27.5
z_37.5_22.5,2026,2,2026-S2,Augmentation,54.9,54.9,25.0,20.1
z_37.5_22.5,2027,1,2027-S1,Augmentation,60.4,60.4,14.6,25.0
z_37.5_22.5,2027,2,2027-S2,Augmentation,56.9,56.9,12.6,30.6
z_37.5_22.5,2028,1,2028-S1,Augmentation,66.7,66.7,10.1,23.2
z_37.5_22.5,2028,2,2028-S2,Augmentation,69.2,69.2,8.7,22.1
z_37.5_22.5,2029,1,2029-S1,Augmentation,78.0,78.0,7.0,15.0
z_37.5_22.5,2029,2,2029-S2,Augmentation,82.1,82.1,6.8,11.1
z_37.5_22.5,2030,1,2030-S1,Augmentation,81.2,81.2,6.4,12.4
z_37.5_22.5,2030,2,2030-S2,Augmentation,81.2,81.2,6.7,12.1
z_37.5_24.0,2023,1,2023-S1,Augmentation,61.7,61.7,21.6,16.7
z_37.5_24.0,2023,2,2023-S2,Augmentation,63.1,63.1,21.0,15.9
z_37.5_24.0,2024,1,2024-S1,Augmentation,59.2,59.2,22.0,18.8
z_37.5_24.0,2024,2,2024-S2,Augmentation,44.4,44.4,38.1,17.5
z_37.5_24.0,2025,1,2025-S1,Augmentation,58.9,58.9,23.5,17.6
z_37.5_24.0,2025,2,2025-S2,Augmentation,61.7,61.7,20.8,17.5
z_37.5_24.0,2026,1,2026-S1,Augmentation,63.3,63.3,19.0,17.8
z_37.5_24.0,2026,2,2026-S2,Augmentation,62.1,62.1,21.0,16.9
z_37.5_24.0,2027,1,2027-S1,Augmentation,67.9,67.9,16.5,15.6
z_37.5_24.0,2027,2,2027-S2,Augmentation,64.8,64.8,18.8,16.4
z_37.5_24.0,2028,1,2028-S1,Augmentation,71.0,71.0,14.2,14.8
z_37.5_24.0,2028,2,2028-S2,Augmentation,66.9,66.9,18.6,14.5
z_37.5_24.0,2029,1,2029-S1,Augmentation,73.0,73.0,14.0,13.1
z_37.5_24.0,2029,2,2029-S2,Augmentation,69.7,69.7,17.4,12.8
z_37.5_24.0,2030,1,2030-S1,Augmentation,74.8,74.8,13.3,11.9
z_37.5_24.0,2030,2,2030-S2,Augmentation,69.0,69.0,18.5,12.5
z_37.5_25.5,2023,1,2023-S1,Augmentation,58.8,58.8,16.7,24.5
z_37.5_25.5,2023,2,2023-S2,Augmentation,52.1,52.1,21.7,26.2
z_37.5_25.5,2024,1,2024-S1,Augmentation,58.8,58.8,14.8,26.4
z_37.5_25.5,2024,2,2024-S2,Augmentation,52.8,52.8,18.1,29.2
z_37.5_25.5,2025,1,2025-S1,Augmentation,40.1,40.1,28.0,31.9
z_37.5_25.5,2025,2,2025-S2,Augmentation,57.4,57.4,20.7,21.9
z_37.5_25.5,2026,1,2026-S1,Augmentation,42.7,42.7,20.0,37.4
z_37.5_25.5,2026,2,2026-S2,Augmentation,36.7,36.7,30.8,32.5
z_37.5_25.5,2027,1,2027-S1,Augmentation,42.8,42.8,18.4,38.8
z_37.5_25.5,2027,2,2027-S2,Augmentation,37.5,37.5,28.0,34.6
z_37.5_25.5,2028,1,2028-S1,Stable,40.2,35.3,24.5,40.2
z_37.5_25.5,2028,2,2028-S2,Stable,37.8,35.2,27.0,37.8
z_37.5_25.5,2029,1,2029-S1,Stable,40.6,35.4,24.0,40.6
z_37.5_25.5,2029,2,2029-S2,Stable,35.9,35.2,28.8,35.9
z_37.5_25.5,2030,1,2030-S1,Stable,42.7,34.7,22.7,42.7
z_37.5_25.5,2030,2,2030-S2,Stable,36.0,35.8,28.3,36.0
z_37.5_27.0,2023,1,2023-S1,Stable,44.5,17.0,38.5,44.5
z_37.5_27.0,2023,2,2023-S2,Diminution,39.4,22.0,39.4,38.6
z_37.5_27.0,2024,1,2024-S1,Stable,46.2,26.2,27.5,46.2
z_37.5_27.0,2024,2,2024-S2,Stable,47.1,10.1,42.8,47.1
z_37.5_27.0,2025,1,2025-S1,Stable,43.5,16.9,39.6,43.5
z_37.5_27.0,2025,2,2025-S2,Stable,48.6,7.6,43.8,48.6
z_37.5_27.0,2026,1,2026-S1,Stable,40.5,20.4,39.0,40.5
z_37.5_27.0,2026,2,2026-S2,Stable,38.8,24.3,36.9,38.8
z_37.5_27.0,2027,1,2027-S1,Stable,41.0,18.4,40.6,41.0
z_37.5_27.0,2027,2,2027-S2,Diminution,42.7,15.0,42.7,42.3
z_37.5_27.0,2028,1,2028-S1,Diminution,42.3,16.8,42.3,40.9
z_37.5_27.0,2028,2,2028-S2,Stable,48.7,5.7,45.7,48.7
z_37.5_27.0,2029,1,2029-S1,Diminution,43.7,18.6,43.7,37.7
z_37.5_27.0,2029,2,2029-S2,Diminution,49.1,7.7,49.1,43.2
z_37.5_27.0,2030,1,2030-S1,Diminution,43.7,18.6,43.7,37.7
z_37.5_27.0,2030,2,2030-S2,Diminution,49.1,7.7,49.1,43.2
z_37.5_4.5,2023,1,2023-S1,Diminution,73.0,6.4,73.0,20.5
z_37.5_4.5,2023,2,2023-S2,Diminution,90.2,0.5,90.2,9.3
z_37.5_4.5,2024,1,2024-S1,Diminution,70.4,13.0,70.4,16.6
z_37.5_4.5,2024,2,2024-S2,Diminution,80.9,1.2,80.9,17.9
z_37.5_4.5,2025,1,2025-S1,Diminution,68.3,11.4,68.3,20.3
z_37.5_4.5,2025,2,2025-S2,Diminution,84.5,3.1,84.5,12.5
z_37.5_4.5,2026,1,2026-S1,Diminution,72.9,6.9,72.9,20.2
z_37.5_4.5,2026,2,2026-S2,Diminution,84.9,2.7,84.9,12.4
z_37.5_4.5,2027,1,2027-S1,Diminution,73.0,6.4,73.0,20.5
z_37.5_4.5,2027,2,2027-S2,Diminution,90.2,0.5,90.2,9.3
z_37.5_4.5,2028,1,2028-S1,Diminution,73.0,6.4,73.0,20.5
z_37.5_4.5,2028,2,2028-S2,Diminution,90.2,0.5,90.2,9.3
z_37.5_4.5,2029,1,2029-S1,Diminution,73.0,6.4,73.0,20.5
z_37.5_4.5,2029,2,2029-S2,Diminution,90.2,0.5,90.2,9.3
z_37.5_4.5,2030,1,2030-S1,Diminution,73.0,6.4,73.0,20.5
z_37.5_4.5,2030,2,2030-S2,Diminution,90.2,0.5,90.2,9.3
z_37.5_6.0,2023,1,2023-S1,Diminution,77.2,3.3,77.2,19.5
z_37.5_6.0,2023,2,2023-S2,Diminution,86.3,3.6,86.3,10.0
z_37.5_6.0,2024,1,2024-S1,Diminution,79.5,4.8,79.5,15.7
z_37.5_6.0,2024,2,2024-S2,Diminution,77.1,4.6,77.1,18.3
z_37.5_6.0,2025,1,2025-S1,Diminution,72.6,7.5,72.6,19.9
z_37.5_6.0,2025,2,2025-S2,Diminution,86.3,3.6,86.3,10.0
z_37.5_6.0,2026,1,2026-S1,Diminution,79.5,4.8,79.5,15.7
z_37.5_6.0,2026,2,2026-S2,Diminution,80.9,2.3,80.9,16.8
z_37.5_6.0,2027,1,2027-S1,Diminution,77.1,8.6,77.1,14.2
z_37.5_6.0,2027,2,2027-S2,Diminution,87.9,0.8,87.9,11.3
z_37.5_6.0,2028,1,2028-S1,Diminution,81.4,3.2,81.4,15.4
z_37.5_6.0,2028,2,2028-S2,Diminution,87.9,0.8,87.9,11.3
z_37.5_6.0,2029,1,2029-S1,Diminution,81.4,3.2,81.4,15.4
z_37.5_6.0,2029,2,2029-S2,Diminution,87.9,0.8,87.9,11.3
z_37.5_6.0,2030,1,2030-S1,Diminution,81.4,3.2,81.4,15.4
z_37.5_6.0,2030,2,2030-S2,Diminution,87.9,0.8,87.9,11.3
z_37.5_7.5,2023,1,2023-S1,Stable,45.3,25.9,28.8,45.3
z_37.5_7.5,2023,2,2023-S2,Stable,41.8,35.5,22.8,41.8
z_37.5_7.5,2024,1,2024-S1,Stable,53.5,15.8,30.7,53.5
z_37.5_7.5,2024,2,2024-S2,Diminution,40.2,22.5,40.2,37.3
z_37.5_7.5,2025,1,2025-S1,Diminution,42.5,17.8,42.5,39.7
z_37.5_7.5,2025,2,2025-S2,Diminution,44.8,17.2,44.8,38.0
z_37.5_7.5,2026,1,2026-S1,Diminution,45.6,15.8,45.6,38.6
z_37.5_7.5,2026,2,2026-S2,Stable,44.0,14.2,41.8,44.0
z_37.5_7.5,2027,1,2027-S1,Diminution,54.6,14.9,54.6,30.6
z_37.5_7.5,2027,2,2027-S2,Diminution,44.5,14.2,44.5,41.3
z_37.5_7.5,2028,1,2028-S1,Diminution,55.1,14.7,55.1,30.2
z_37.5_7.5,2028,2,2028-S2,Diminution,45.8,16.2,45.8,38.0
z_37.5_7.5,2029,1,2029-S1,Diminution,49.4,13.0,49.4,37.5
z_37.5_7.5,2029,2,2029-S2,Diminution,47.8,16.6,47.8,35.6
z_37.5_7.5,2030,1,2030-S1,Diminution,49.4,13.0,49.4,37.5
z_37.5_7.5,2030,2,2030-S2,Diminution,47.8,16.6,47.8,35.6
z_37.5_9.0,2023,1,2023-S1,Stable,49.1,18.2,32.7,49.1
z_37.5_9.0,2023,2,2023-S2,Diminution,40.0,21.9,40.0,38.1
z_37.5_9.0,2024,1,2024-S1,Stable,50.5,18.7,30.8,50.5
z_37.5_9.0,2024,2,2024-S2,Stable,39.8,25.2,34.9,39.8
z_37.5_9.0,2025,1,2025-S1,Stable,52.0,29.1,18.9,52.0
z_37.5_9.0,2025,2,2025-S2,Stable,44.5,33.6,21.9,44.5
z_37.5_9.0,2026,1,2026-S1,Stable,57.7,17.8,24.4,57.7
z_37.5_9.0,2026,2,2026-S2,Stable,39.2,30.7,30.1,39.2
z_37.5_9.0,2027,1,2027-S1,Stable,49.7,27.1,23.2,49.7
z_37.5_9.0,2027,2,2027-S2,Stable,42.7,34.1,23.2,42.7
z_37.5_9.0,2028,1,2028-S1,Stable,50.1,25.4,24.5,50.1
z_37.5_9.0,2028,2,2028-S2,Stable,46.7,29.2,24.0,46.7
z_37.5_9.0,2029,1,2029-S1,Stable,48.4,25.3,26.3,48.4
z_37.5_9.0,2029,2,2029-S2,Stable,41.3,34.7,24.0,41.3
z_37.5_9.0,2030,1,2030-S1,Stable,48.0,26.3,25.7,48.0
z_37.5_9.0,2030,2,2030-S2,Stable,41.3,34.7,24.1,41.3
z_39.0_-1.5,2023,1,2023-S1,Augmentation,48.8,48.8,15.5,35.7
z_39.0_-1.5,2023,2,2023-S2,Augmentation,43.4,43.4,16.1,40.6
z_39.0_-1.5,2024,1,2024-S1,Augmentation,42.1,42.1,15.9,41.9
z_39.0_-1.5,2024,2,2024-S2,Augmentation,48.9,48.9,17.8,33.3
z_39.0_-1.5,2025,1,2025-S1,Augmentation,42.0,42.0,18.3,39.7
z_39.0_-1.5,2025,2,2025-S2,Augmentation,49.2,49.2,16.4,34.4
z_39.0_-1.5,2026,1,2026-S1,Augmentation,48.5,48.5,15.2,36.3
z_39.0_-1.5,2026,2,2026-S2,Augmentation,54.3,54.3,12.7,33.0
z_39.0_-1.5,2027,1,2027-S1,Augmentation,49.9,49.9,14.9,35.2
z_39.0_-1.5,2027,2,2027-S2,Augmentation,50.2,50.2,14.8,34.9
z_39.0_-1.5,2028,1,2028-S1,Augmentation,46.4,46.4,15.7,37.9
z_39.0_-1.5,2028,2,2028-S2,Augmentation,50.0,50.0,14.7,35.3
z_39.0_-1.5,2029,1,2029-S1,Augmentation,46.8,46.8,14.2,39.0
z_39.0_-1.5,2029,2,2029-S2,Augmentation,53.5,53.5,14.1,32.4
z_39.0_-1.5,2030,1,2030-S1,Augmentation,52.3,52.3,15.0,32.8
z_39.0_-1.5,2030,2,2030-S2,Augmentation,58.1,58.1,15.8,26.2
z_39.0_-10.5,2023,1,2023-S1,Stable,44.3,30.1,25.6,44.3
z_39.0_-10.5,2023,2,2023-S2,Stable,43.3,23.4,33.3,43.3
z_39.0_-10.5,2024,1,2024-S1,Stable,44.8,33.7,21.4,44.8
z_39.0_-10.5,2024,2,2024-S2,Augmentation,38.6,38.6,23.4,38.1
z_39.0_-10.5,2025,1,2025-S1,Stable,40.2,22.5,37.3,40.2
z_39.0_-10.5,2025,2,2025-S2,Stable,38.9,35.4,25.7,38.9
z_39.0_-10.5,2026,1,2026-S1,Stable,43.7,37.2,19.1,43.7
z_39.0_-10.5,2026,2,2026-S2,Augmentation,44.2,44.2,20.8,35.0
z_39.0_-10.5,2027,1,2027-S1,Augmentation,51.0,51.0,16.0,32.9
z_39.0_-10.5,2027,2,2027-S2,Augmentation,48.3,48.3,16.9,34.8
z_39.0_-10.5,2028,1,2028-S1,Augmentation,49.3,49.3,14.4,36.2
z_39.0_-10.5,2028,2,2028-S2,Augmentation,48.6,48.6,16.3,35.1
z_39.0_-10.5,2029,1,2029-S1,Augmentation,51.0,51.0,14.4,34.7
z_39.0_-10.5,2029,2,2029-S2,Augmentation,48.6,48.6,16.6,34.8
z_39.0_-10.5,2030,1,2030-S1,Augmentation,51.7,51.7,13.7,34.5
z_39.0_-10.5,2030,2,2030-S2,Augmentation,48.4,48.4,16.8,34.8
z_39.0_-31.5,2023,1,2023-S1,Diminution,84.4,1.4,84.4,14.2
z_39.0_-31.5,2023,2,2023-S2,Diminution,74.8,3.2,74.8,22.0
z_39.0_-31.5,2024,1,2024-S1,Diminution,75.0,6.0,75.0,19.1
z_39.0_-31.5,2024,2,2024-S2,Diminution,75.4,4.5,75.4,20.1
z_39.0_-31.5,2025,1,2025-S1,Diminution,74.0,1.9,74.0,24.1
z_39.0_-31.5,2025,2,2025-S2,Diminution,75.9,8.2,75.9,15.9
z_39.0_-31.5,2026,1,2026-S1,Diminution,66.8,6.2,66.8,26.9
z_39.0_-31.5,2026,2,2026-S2,Diminution,71.5,5.9,71.5,22.6
z_39.0_-31.5,2027,1,2027-S1,Diminution,65.7,8.3,65.7,26.0
z_39.0_-31.5,2027,2,2027-S2,Diminution,74.4,6.7,74.4,18.9
z_39.0_-31.5,2028,1,2028-S1,Diminution,71.9,4.5,71.9,23.6
z_39.0_-31.5,2028,2,2028-S2,Diminution,72.3,7.2,72.3,20.4
z_39.0_-31.5,2029,1,2029-S1,Diminution,77.2,1.1,77.2,21.7
z_39.0_-31.5,2029,2,2029-S2,Diminution,75.8,2.5,75.8,21.8
z_39.0_-31.5,2030,1,2030-S1,Diminution,77.2,1.1,77.2,21.7
z_39.0_-31.5,2030,2,2030-S2,Diminution,75.8,2.5,75.8,21.8
z_39.0_-9.0,2023,1,2023-S1,Stable,40.9,39.9,19.2,40.9
z_39.0_-9.0,2023,2,2023-S2,Diminution,40.1,26.1,40.1,33.8
z_39.0_-9.0,2024,1,2024-S1,Stable,44.6,27.2,28.2,44.6
z_39.0_-9.0,2024,2,2024-S2,Diminution,50.5,19.2,50.5,30.3
z_39.0_-9.0,2025,1,2025-S1,Stable,39.4,32.1,28.5,39.4
z_39.0_-9.0,2025,2,2025-S2,Stable,35.3,30.2,34.4,35.3
z_39.0_-9.0,2026,1,2026-S1,Stable,43.4,39.6,17.1,43.4
z_39.0_-9.0,2026,2,2026-S2,Stable,49.5,25.8,24.7,49.5
z_39.0_-9.0,2027,1,2027-S1,Augmentation,41.2,41.2,18.9,39.9
z_39.0_-9.0,2027,2,2027-S2,Stable,45.4,28.7,25.8,45.4
z_39.0_-9.0,2028,1,2028-S1,Augmentation,48.4,48.4,15.7,35.9
z_39.0_-9.0,2028,2,2028-S2,Stable,45.3,33.4,21.3,45.3
z_39.0_-9.0,2029,1,2029-S1,Augmentation,46.2,46.2,15.1,38.7
z_39.0_-9.0,2029,2,2029-S2,Stable,44.4,33.8,21.8,44.4
z_39.0_-9.0,2030,1,2030-S1,Augmentation,46.3,46.3,15.1,38.7
z_39.0_-9.0,2030,2,2030-S2,Stable,44.4,33.8,21.8,44.4
z_39.0_0.0,2023,1,2023-S1,Stable,36.3,27.9,35.7,36.3
z_39.0_0.0,2023,2,2023-S2,Stable,38.8,37.8,23.4,38.8
z_39.0_0.0,2024,1,2024-S1,Stable,38.2,32.2,29.5,38.2
z_39.0_0.0,2024,2,2024-S2,Stable,47.1,34.2,18.8,47.1
z_39.0_0.0,2025,1,2025-S1,Augmentation,41.2,41.2,19.2,39.6
z_39.0_0.0,2025,2,2025-S2,Stable,49.8,27.7,22.5,49.8
z_39.0_0.0,2026,1,2026-S1,Stable,39.1,33.3,27.6,39.1
z_39.0_0.0,2026,2,2026-S2,Stable,45.8,32.9,21.4,45.8
z_39.0_0.0,2027,1,2027-S1,Stable,41.9,37.5,20.6,41.9
z_39.0_0.0,2027,2,2027-S2,Stable,43.2,39.4,17.3,43.2
z_39.0_0.0,2028,1,2028-S1,Augmentation,40.3,40.3,21.8,37.9
z_39.0_0.0,2028,2,2028-S2,Stable,45.0,35.2,19.8,45.0
z_39.0_0.0,2029,1,2029-S1,Stable,39.5,39.0,21.5,39.5
z_39.0_0.0,2029,2,2029-S2,Augmentation,45.2,45.2,17.0,37.8
z_39.0_0.0,2030,1,2030-S1,Augmentation,49.6,49.6,17.5,32.9
z_39.0_0.0,2030,2,2030-S2,Augmentation,46.3,46.3,16.2,37.5
z_39.0_1.5,2023,1,2023-S1,Augmentation,34.0,34.0,33.9,32.1
z_39.0_1.5,2023,2,2023-S2,Stable,35.9,29.0,35.0,35.9
z_39.0_1.5,2024,1,2024-S1,Stable,43.9,32.9,23.3,43.9
z_39.0_1.5,2024,2,2024-S2,Stable,42.9,35.5,21.5,42.9
z_39.0_1.5,2025,1,2025-S1,Diminution,38.6,25.2,38.6,36.2
z_39.0_1.5,2025,2,2025-S2,Augmentation,40.1,40.1,22.0,37.9
z_39.0_1.5,2026,1,2026-S1,Stable,43.2,35.2,21.7,43.2
z_39.0_1.5,2026,2,2026-S2,Augmentation,47.3,47.3,19.0,33.7
z_39.0_1.5,2027,1,2027-S1,Augmentation,46.0,46.0,18.1,35.9
z_39.0_1.5,2027,2,2027-S2,Augmentation,46.4,46.4,16.4,37.2
z_39.0_1.5,2028,1,2028-S1,Stable,40.2,39.2,20.6,40.2
z_39.0_1.5,2028,2,2028-S2,Augmentation,48.6,48.6,16.2,35.2
z_39.0_1.5,2029,1,2029-S1,Augmentation,43.1,43.1,19.5,37.4
z_39.0_1.5,2029,2,2029-S2,Augmentation,46.8,46.8,16.2,37.0
z_39.0_1.5,2030,1,2030-S1,Augmentation,42.5,42.5,19.1,38.4
z_39.0_1.5,2030,2,2030-S2,Augmentation,46.8,46.8,16.0,37.2
z_39.0_10.5,2023,1,2023-S1,Diminution,64.1,10.1,64.1,25.8
z_39.0_10.5,2023,2,2023-S2,Diminution,83.7,4.8,83.7,11.5
z_39.0_10.5,2024,1,2024-S1,Diminution,63.0,14.0,63.0,23.0
z_39.0_10.5,2024,2,2024-S2,Diminution,77.8,3.6,77.8,18.6
z_39.0_10.5,2025,1,2025-S1,Diminution,58.4,14.1,58.4,27.5
z_39.0_10.5,2025,2,2025-S2,Diminution,85.6,3.4,85.6,11.0
z_39.0_10.5,2026,1,2026-S1,Diminution,67.4,8.3,67.4,24.3
z_39.0_10.5,2026,2,2026-S2,Diminution,87.4,2.8,87.4,9.8
z_39.0_10.5,2027,1,2027-S1,Diminution,68.3,7.4,68.3,24.3
z_39.0_10.5,2027,2,2027-S2,Diminution,90.9,0.6,90.9,8.6
z_39.0_10.5,2028,1,2028-S1,Diminution,68.3,7.4,68.3,24.3
z_39.0_10.5,2028,2,2028-S2,Diminution,90.9,0.6,90.9,8.6
z_39.0_10.5,2029,1,2029-S1,Diminution,68.3,7.4,68.3,24.3
z_39.0_10.5,2029,2,2029-S2,Diminution,90.9,0.6,90.9,8.6
z_39.0_10.5,2030,1,2030-S1,Diminution,68.3,7.4,68.3,24.3
z_39.0_10.5,2030,2,2030-S2,Diminution,90.9,0.6,90.9,8.6
z_39.0_12.0,2023,1,2023-S1,Diminution,83.2,3.2,83.2,13.6
z_39.0_12.0,2023,2,2023-S2,Diminution,66.9,6.0,66.9,27.1
z_39.0_12.0,2024,1,2024-S1,Diminution,65.0,8.6,65.0,26.4
z_39.0_12.0,2024,2,2024-S2,Diminution,68.9,5.8,68.9,25.3
z_39.0_12.0,2025,1,2025-S1,Diminution,65.6,8.5,65.6,25.9
z_39.0_12.0,2025,2,2025-S2,Diminution,65.8,9.3,65.8,24.9
z_39.0_12.0,2026,1,2026-S1,Diminution,71.9,5.6,71.9,22.5
z_39.0_12.0,2026,2,2026-S2,Diminution,69.6,3.6,69.6,26.8
z_39.0_12.0,2027,1,2027-S1,Diminution,83.2,3.2,83.2,13.6
z_39.0_12.0,2027,2,2027-S2,Diminution,70.0,3.3,70.0,26.7
z_39.0_12.0,2028,1,2028-S1,Diminution,83.2,3.2,83.2,13.6
z_39.0_12.0,2028,2,2028-S2,Diminution,70.0,3.3,70.0,26.7
z_39.0_12.0,2029,1,2029-S1,Diminution,83.2,3.2,83.2,13.6
z_39.0_12.0,2029,2,2029-S2,Diminution,70.0,3.3,70.0,26.7
z_39.0_12.0,2030,1,2030-S1,Diminution,83.2,3.2,83.2,13.6
z_39.0_12.0,2030,2,2030-S2,Diminution,70.0,3.3,70.0,26.7
z_39.0_13.5,2023,1,2023-S1,Diminution,47.8,15.4,47.8,36.8
z_39.0_13.5,2023,2,2023-S2,Diminution,56.2,10.9,56.2,33.0
z_39.0_13.5,2024,1,2024-S1,Diminution,49.2,12.4,49.2,38.4
z_39.0_13.5,2024,2,2024-S2,Diminution,58.9,11.5,58.9,29.7
z_39.0_13.5,2025,1,2025-S1,Diminution,47.7,11.1,47.7,41.2
z_39.0_13.5,2025,2,2025-S2,Diminution,53.7,11.3,53.7,34.9
z_39.0_13.5,2026,1,2026-S1,Diminution,40.7,25.4,40.7,34.0
z_39.0_13.5,2026,2,2026-S2,Stable,43.2,18.6,38.2,43.2
z_39.0_13.5,2027,1,2027-S1,Diminution,51.5,13.8,51.5,34.6
z_39.0_13.5,2027,2,2027-S2,Diminution,48.0,11.6,48.0,40.4
z_39.0_13.5,2028,1,2028-S1,Diminution,55.0,13.5,55.0,31.5
z_39.0_13.5,2028,2,2028-S2,Diminution,48.9,9.0,48.9,42.1
z_39.0_13.5,2029,1,2029-S1,Diminution,50.4,13.1,50.4,36.4
z_39.0_13.5,2029,2,2029-S2,Diminution,53.7,11.3,53.7,34.9
z_39.0_13.5,2030,1,2030-S1,Diminution,50.4,13.1,50.4,36.4
z_39.0_13.5,2030,2,2030-S2,Diminution,53.7,11.3,53.7,34.9
z_39.0_15.0,2023,1,2023-S1,Diminution,44.2,18.0,44.2,37.9
z_39.0_15.0,2023,2,2023-S2,Stable,44.6,29.0,26.4,44.6
z_39.0_15.0,2024,1,2024-S1,Stable,46.1,10.5,43.4,46.1
z_39.0_15.0,2024,2,2024-S2,Stable,53.6,21.1,25.3,53.6
z_39.0_15.0,2025,1,2025-S1,Diminution,52.6,10.2,52.6,37.1
z_39.0_15.0,2025,2,2025-S2,Stable,44.8,24.0,31.3,44.8
z_39.0_15.0,2026,1,2026-S1,Diminution,46.1,12.4,46.1,41.4
z_39.0_15.0,2026,2,2026-S2,Stable,44.5,25.6,29.9,44.5
z_39.0_15.0,2027,1,2027-S1,Diminution,53.8,10.2,53.8,36.0
z_39.0_15.0,2027,2,2027-S2,Stable,42.8,24.1,33.1,42.8
z_39.0_15.0,2028,1,2028-S1,Diminution,55.1,10.8,55.1,34.1
z_39.0_15.0,2028,2,2028-S2,Diminution,35.4,29.8,35.4,34.8
z_39.0_15.0,2029,1,2029-S1,Diminution,56.3,10.1,56.3,33.5
z_39.0_15.0,2029,2,2029-S2,Stable,38.0,28.8,33.2,38.0
z_39.0_15.0,2030,1,2030-S1,Diminution,56.3,10.1,56.3,33.5
z_39.0_15.0,2030,2,2030-S2,Stable,38.0,28.8,33.2,38.0
z_39.0_16.5,2023,1,2023-S1,Stable,55.1,25.5,19.4,55.1
z_39.0_16.5,2023,2,2023-S2,Stable,38.9,31.5,29.6,38.9
z_39.0_16.5,2024,1,2024-S1,Stable,48.5,30.0,21.5,48.5
z_39.0_16.5,2024,2,2024-S2,Stable,43.6,34.8,21.6,43.6
z_39.0_16.5,2025,1,2025-S1,Stable,49.1,29.6,21.3,49.1
z_39.0_16.5,2025,2,2025-S2,Augmentation,46.4,46.4,19.7,33.9
z_39.0_16.5,2026,1,2026-S1,Augmentation,44.1,44.1,15.7,40.3
z_39.0_16.5,2026,2,2026-S2,Stable,40.2,36.0,23.8,40.2
z_39.0_16.5,2027,1,2027-S1,Stable,48.8,32.7,18.4,48.8
z_39.0_16.5,2027,2,2027-S2,Augmentation,44.6,44.6,19.3,36.2
z_39.0_16.5,2028,1,2028-S1,Augmentation,42.6,42.6,17.2,40.3
z_39.0_16.5,2028,2,2028-S2,Augmentation,46.2,46.2,18.3,35.5
z_39.0_16.5,2029,1,2029-S1,Stable,41.9,41.5,16.6,41.9
z_39.0_16.5,2029,2,2029-S2,Augmentation,46.2,46.2,18.1,35.7
z_39.0_16.5,2030,1,2030-S1,Stable,41.9,41.5,16.6,41.9
z_39.0_16.5,2030,2,2030-S2,Augmentation,46.3,46.3,18.0,35.7
z_39.0_18.0,2023,1,2023-S1,Augmentation,45.9,45.9,18.4,35.7
z_39.0_18.0,2023,2,2023-S2,Stable,42.1,30.5,27.4,42.1
z_39.0_18.0,2024,1,2024-S1,Stable,35.7,32.6,31.7,35.7
z_39.0_18.0,2024,2,2024-S2,Augmentation,44.5,44.5,19.5,36.0
z_39.0_18.0,2025,1,2025-S1,Augmentation,58.4,58.4,12.7,28.8
z_39.0_18.0,2025,2,2025-S2,Augmentation,53.6,53.6,16.7,29.7
z_39.0_18.0,2026,1,2026-S1,Augmentation,41.4,41.4,23.0,35.6
z_39.0_18.0,2026,2,2026-S2,Augmentation,39.0,39.0,23.3,37.7
z_39.0_18.0,2027,1,2027-S1,Stable,43.8,29.7,26.5,43.8
z_39.0_18.0,2027,2,2027-S2,Stable,40.8,30.5,28.7,40.8
z_39.0_18.0,2028,1,2028-S1,Stable,40.0,31.8,28.2,40.0
z_39.0_18.0,2028,2,2028-S2,Stable,40.2,31.6,28.1,40.2
z_39.0_18.0,2029,1,2029-S1,Stable,40.0,31.6,28.4,40.0
z_39.0_18.0,2029,2,2029-S2,Stable,40.0,31.7,28.2,40.0
z_39.0_18.0,2030,1,2030-S1,Stable,40.0,31.6,28.4,40.0
z_39.0_18.0,2030,2,2030-S2,Stable,40.2,31.6,28.2,40.2
z_39.0_19.5,2023,1,2023-S1,Augmentation,79.8,79.8,10.2,10.0
z_39.0_19.5,2023,2,2023-S2,Augmentation,72.9,72.9,16.5,10.6
z_39.0_19.5,2024,1,2024-S1,Augmentation,67.5,67.5,16.2,16.4
z_39.0_19.5,2024,2,2024-S2,Augmentation,49.9,49.9,28.4,21.7
z_39.0_19.5,2025,1,2025-S1,Augmentation,70.4,70.4,15.5,14.1
z_39.0_19.5,2025,2,2025-S2,Augmentation,62.2,62.2,21.5,16.3
z_39.0_19.5,2026,1,2026-S1,Augmentation,52.2,52.2,30.1,17.7
z_39.0_19.5,2026,2,2026-S2,Augmentation,45.9,45.9,38.1,16.0
z_39.0_19.5,2027,1,2027-S1,Augmentation,66.8,66.8,17.9,15.4
z_39.0_19.5,2027,2,2027-S2,Augmentation,58.8,58.8,24.8,16.4
z_39.0_19.5,2028,1,2028-S1,Augmentation,67.2,67.2,17.1,15.7
z_39.0_19.5,2028,2,2028-S2,Augmentation,62.3,62.3,24.3,13.5
z_39.0_19.5,2029,1,2029-S1,Augmentation,68.3,68.3,16.4,15.2
z_39.0_19.5,2029,2,2029-S2,Augmentation,63.5,63.5,22.6,13.9
z_39.0_19.5,2030,1,2030-S1,Augmentation,70.3,70.3,15.3,14.4
z_39.0_19.5,2030,2,2030-S2,Augmentation,64.5,64.5,21.3,14.1
z_39.0_22.5,2023,1,2023-S1,Augmentation,59.1,59.1,18.7,22.2
z_39.0_22.5,2023,2,2023-S2,Augmentation,56.0,56.0,28.3,15.6
z_39.0_22.5,2024,1,2024-S1,Augmentation,59.4,59.4,24.4,16.2
z_39.0_22.5,2024,2,2024-S2,Augmentation,52.8,52.8,28.4,18.8
z_39.0_22.5,2025,1,2025-S1,Diminution,42.0,34.0,42.0,24.0
z_39.0_22.5,2025,2,2025-S2,Augmentation,58.7,58.7,25.5,15.8
z_39.0_22.5,2026,1,2026-S1,Augmentation,57.9,57.9,20.4,21.6
z_39.0_22.5,2026,2,2026-S2,Augmentation,49.3,49.3,31.6,19.1
z_39.0_22.5,2027,1,2027-S1,Augmentation,55.8,55.8,26.8,17.3
z_39.0_22.5,2027,2,2027-S2,Augmentation,57.2,57.2,26.8,16.0
z_39.0_22.5,2028,1,2028-S1,Augmentation,52.0,52.0,29.5,18.5
z_39.0_22.5,2028,2,2028-S2,Augmentation,61.4,61.4,25.6,13.0
z_39.0_22.5,2029,1,2029-S1,Augmentation,56.4,56.4,27.5,16.0
z_39.0_22.5,2029,2,2029-S2,Augmentation,60.8,60.8,26.2,12.9
z_39.0_22.5,2030,1,2030-S1,Augmentation,58.5,58.5,25.8,15.7
z_39.0_22.5,2030,2,2030-S2,Augmentation,63.1,63.1,23.8,13.1
z_39.0_24.0,2023,1,2023-S1,Stable,37.8,37.1,25.1,37.8
z_39.0_24.0,2023,2,2023-S2,Augmentation,47.5,47.5,16.5,36.0
z_39.0_24.0,2024,1,2024-S1,Stable,41.3,33.8,24.9,41.3
z_39.0_24.0,2024,2,2024-S2,Augmentation,50.4,50.4,17.9,31.7
z_39.0_24.0,2025,1,2025-S1,Stable,41.0,39.9,19.1,41.0
z_39.0_24.0,2025,2,2025-S2,Stable,45.6,26.7,27.7,45.6
z_39.0_24.0,2026,1,2026-S1,Stable,40.3,24.3,35.4,40.3
z_39.0_24.0,2026,2,2026-S2,Stable,49.7,23.1,27.2,49.7
z_39.0_24.0,2027,1,2027-S1,Stable,46.0,24.0,29.9,46.0
z_39.0_24.0,2027,2,2027-S2,Stable,41.7,25.8,32.5,41.7
z_39.0_24.0,2028,1,2028-S1,Stable,47.7,22.4,29.9,47.7
z_39.0_24.0,2028,2,2028-S2,Stable,46.7,23.2,30.1,46.7
z_39.0_24.0,2029,1,2029-S1,Stable,44.9,25.6,29.6,44.9
z_39.0_24.0,2029,2,2029-S2,Stable,49.4,20.9,29.7,49.4
z_39.0_24.0,2030,1,2030-S1,Stable,47.7,21.8,30.5,47.7
z_39.0_24.0,2030,2,2030-S2,Stable,46.3,22.3,31.4,46.3
z_39.0_25.5,2023,1,2023-S1,Augmentation,54.7,54.7,15.1,30.2
z_39.0_25.5,2023,2,2023-S2,Stable,37.1,34.2,28.7,37.1
z_39.0_25.5,2024,1,2024-S1,Augmentation,40.4,40.4,25.9,33.7
z_39.0_25.5,2024,2,2024-S2,Augmentation,42.7,42.7,19.6,37.7
z_39.0_25.5,2025,1,2025-S1,Stable,42.1,36.2,21.7,42.1
z_39.0_25.5,2025,2,2025-S2,Diminution,37.5,26.9,37.5,35.6
z_39.0_25.5,2026,1,2026-S1,Stable,39.4,25.3,35.3,39.4
z_39.0_25.5,2026,2,2026-S2,Stable,41.7,21.3,37.0,41.7
z_39.0_25.5,2027,1,2027-S1,Stable,47.6,25.8,26.7,47.6
z_39.0_25.5,2027,2,2027-S2,Stable,40.6,30.6,28.9,40.6
z_39.0_25.5,2028,1,2028-S1,Stable,43.5,30.7,25.8,43.5
z_39.0_25.5,2028,2,2028-S2,Stable,41.8,32.2,26.0,41.8
z_39.0_25.5,2029,1,2029-S1,Stable,45.4,30.4,24.2,45.4
z_39.0_25.5,2029,2,2029-S2,Stable,41.4,32.7,26.0,41.4
z_39.0_25.5,2030,1,2030-S1,Stable,44.8,30.8,24.5,44.8
z_39.0_25.5,2030,2,2030-S2,Stable,41.4,32.7,25.9,41.4
z_39.0_3.0,2023,1,2023-S1,Augmentation,42.7,42.7,21.3,36.0
z_39.0_3.0,2023,2,2023-S2,Augmentation,42.0,42.0,17.9,40.1
z_39.0_3.0,2024,1,2024-S1,Augmentation,47.3,47.3,17.1,35.6
z_39.0_3.0,2024,2,2024-S2,Augmentation,51.1,51.1,15.9,33.1
z_39.0_3.0,2025,1,2025-S1,Augmentation,39.9,39.9,24.9,35.2
z_39.0_3.0,2025,2,2025-S2,Stable,39.2,31.7,29.0,39.2
z_39.0_3.0,2026,1,2026-S1,Stable,41.1,21.5,37.4,41.1
z_39.0_3.0,2026,2,2026-S2,Stable,47.9,24.2,27.9,47.9
z_39.0_3.0,2027,1,2027-S1,Stable,38.9,23.9,37.2,38.9
z_39.0_3.0,2027,2,2027-S2,Stable,49.1,23.7,27.2,49.1
z_39.0_3.0,2028,1,2028-S1,Diminution,43.2,18.4,43.2,38.4
z_39.0_3.0,2028,2,2028-S2,Stable,49.2,23.4,27.3,49.2
z_39.0_3.0,2029,1,2029-S1,Diminution,43.2,18.3,43.2,38.4
z_39.0_3.0,2029,2,2029-S2,Stable,49.2,23.4,27.3,49.2
z_39.0_3.0,2030,1,2030-S1,Diminution,43.2,18.3,43.2,38.4
z_39.0_3.0,2030,2,2030-S2,Stable,49.2,23.4,27.3,49.2
z_39.0_4.5,2023,1,2023-S1,Diminution,56.1,7.6,56.1,36.3
z_39.0_4.5,2023,2,2023-S2,Diminution,56.1,6.5,56.1,37.4
z_39.0_4.5,2024,1,2024-S1,Diminution,56.2,9.5,56.2,34.3
z_39.0_4.5,2024,2,2024-S2,Diminution,46.4,16.6,46.4,36.9
z_39.0_4.5,2025,1,2025-S1,Stable,46.5,7.9,45.7,46.5
z_39.0_4.5,2025,2,2025-S2,Diminution,61.4,6.3,61.4,32.3
z_39.0_4.5,2026,1,2026-S1,Diminution,54.3,8.8,54.3,36.9
z_39.0_4.5,2026,2,2026-S2,Diminution,62.1,6.7,62.1,31.2
z_39.0_4.5,2027,1,2027-S1,Diminution,58.3,5.4,58.3,36.3
z_39.0_4.5,2027,2,2027-S2,Diminution,59.2,6.5,59.2,34.2
z_39.0_4.5,2028,1,2028-S1,Diminution,57.0,6.3,57.0,36.7
z_39.0_4.5,2028,2,2028-S2,Diminution,59.2,6.5,59.2,34.2
z_39.0_4.5,2029,1,2029-S1,Diminution,57.0,6.3,57.0,36.7
z_39.0_4.5,2029,2,2029-S2,Diminution,59.2,6.5,59.2,34.2
z_39.0_4.5,2030,1,2030-S1,Diminution,57.0,6.3,57.0,36.7
z_39.0_4.5,2030,2,2030-S2,Diminution,59.2,6.5,59.2,34.2
z_39.0_6.0,2023,1,2023-S1,Diminution,81.0,2.4,81.0,16.7
z_39.0_6.0,2023,2,2023-S2,Diminution,74.7,5.1,74.7,20.2
z_39.0_6.0,2024,1,2024-S1,Diminution,64.3,5.3,64.3,30.4
z_39.0_6.0,2024,2,2024-S2,Diminution,74.1,3.6,74.1,22.3
z_39.0_6.0,2025,1,2025-S1,Diminution,60.8,8.4,60.8,30.8
z_39.0_6.0,2025,2,2025-S2,Diminution,55.7,10.5,55.7,33.9
z_39.0_6.0,2026,1,2026-S1,Diminution,68.4,4.4,68.4,27.2
z_39.0_6.0,2026,2,2026-S2,Diminution,70.3,7.0,70.3,22.7
z_39.0_6.0,2027,1,2027-S1,Diminution,74.8,4.5,74.8,20.7
z_39.0_6.0,2027,2,2027-S2,Diminution,70.9,2.9,70.9,26.3
z_39.0_6.0,2028,1,2028-S1,Diminution,81.0,2.4,81.0,16.7
z_39.0_6.0,2028,2,2028-S2,Diminution,79.8,3.2,79.8,17.0
z_39.0_6.0,2029,1,2029-S1,Diminution,81.0,2.4,81.0,16.7
z_39.0_6.0,2029,2,2029-S2,Diminution,79.8,3.2,79.8,17.0
z_39.0_6.0,2030,1,2030-S1,Diminution,81.0,2.4,81.0,16.7
z_39.0_6.0,2030,2,2030-S2,Diminution,79.8,3.2,79.8,17.0
z_39.0_7.5,2023,1,2023-S1,Diminution,59.0,18.1,59.0,23.0
z_39.0_7.5,2023,2,2023-S2,Stable,35.7,31.3,33.0,35.7
z_39.0_7.5,2024,1,2024-S1,Diminution,58.4,16.3,58.4,25.3
z_39.0_7.5,2024,2,2024-S2,Diminution,38.4,26.4,38.4,35.2
z_39.0_7.5,2025,1,2025-S1,Diminution,57.7,17.0,57.7,25.3
z_39.0_7.5,2025,2,2025-S2,Augmentation,35.8,35.8,34.3,30.0
z_39.0_7.5,2026,1,2026-S1,Diminution,54.4,19.5,54.4,26.1
z_39.0_7.5,2026,2,2026-S2,Stable,38.5,25.7,35.7,38.5
z_39.0_7.5,2027,1,2027-S1,Diminution,57.0,20.3,57.0,22.7
z_39.0_7.5,2027,2,2027-S2,Diminution,38.6,23.6,38.6,37.7
z_39.0_7.5,2028,1,2028-S1,Diminution,57.2,21.0,57.2,21.8
z_39.0_7.5,2028,2,2028-S2,Diminution,40.7,26.6,40.7,32.7
z_39.0_7.5,2029,1,2029-S1,Diminution,59.0,18.1,59.0,23.0
z_39.0_7.5,2029,2,2029-S2,Diminution,39.2,28.0,39.2,32.8
z_39.0_7.5,2030,1,2030-S1,Diminution,59.0,18.1,59.0,23.0
z_39.0_7.5,2030,2,2030-S2,Diminution,39.2,28.0,39.2,32.8
z_39.0_9.0,2023,1,2023-S1,Stable,37.5,26.0,36.6,37.5
z_39.0_9.0,2023,2,2023-S2,Stable,45.8,32.7,21.5,45.8
z_39.0_9.0,2024,1,2024-S1,Augmentation,40.1,40.1,20.7,39.2
z_39.0_9.0,2024,2,2024-S2,Stable,42.3,36.9,20.8,42.3
z_39.0_9.0,2025,1,2025-S1,Augmentation,44.0,44.0,22.3,33.7
z_39.0_9.0,2025,2,2025-S2,Stable,46.5,38.7,14.8,46.5
z_39.0_9.0,2026,1,2026-S1,Stable,40.5,23.8,35.7,40.5
z_39.0_9.0,2026,2,2026-S2,Stable,41.7,30.8,27.5,41.7
z_39.0_9.0,2027,1,2027-S1,Stable,41.5,34.5,23.9,41.5
z_39.0_9.0,2027,2,2027-S2,Stable,42.6,37.2,20.3,42.6
z_39.0_9.0,2028,1,2028-S1,Stable,40.0,36.4,23.6,40.0
z_39.0_9.0,2028,2,2028-S2,Stable,44.3,34.8,20.8,44.3
z_39.0_9.0,2029,1,2029-S1,Stable,40.4,38.8,20.8,40.4
z_39.0_9.0,2029,2,2029-S2,Stable,45.4,37.0,17.6,45.4
z_39.0_9.0,2030,1,2030-S1,Stable,40.4,38.8,20.8,40.4
z_39.0_9.0,2030,2,2030-S2,Stable,45.4,37.0,17.6,45.4
z_40.5_-10.5,2023,1,2023-S1,Diminution,44.5,18.5,44.5,37.0
z_40.5_-10.5,2023,2,2023-S2,Stable,54.7,22.9,22.4,54.7
z_40.5_-10.5,2024,1,2024-S1,Stable,42.6,25.6,31.9,42.6
z_40.5_-10.5,2024,2,2024-S2,Stable,53.1,17.3,29.6,53.1
z_40.5_-10.5,2025,1,2025-S1,Diminution,42.0,19.3,42.0,38.7
z_40.5_-10.5,2025,2,2025-S2,Stable,50.7,16.4,32.9,50.7
z_40.5_-10.5,2026,1,2026-S1,Stable,40.4,21.0,38.6,40.4
z_40.5_-10.5,2026,2,2026-S2,Stable,55.0,20.4,24.6,55.0
z_40.5_-10.5,2027,1,2027-S1,Stable,43.5,18.2,38.3,43.5
z_40.5_-10.5,2027,2,2027-S2,Stable,55.3,20.2,24.4,55.3
z_40.5_-10.5,2028,1,2028-S1,Stable,43.2,17.5,39.3,43.2
z_40.5_-10.5,2028,2,2028-S2,Stable,53.5,20.5,26.0,53.5
z_40.5_-10.5,2029,1,2029-S1,Stable,43.2,18.2,38.6,43.2
z_40.5_-10.5,2029,2,2029-S2,Stable,53.5,20.5,26.0,53.5
z_40.5_-10.5,2030,1,2030-S1,Stable,43.2,18.2,38.6,43.2
z_40.5_-10.5,2030,2,2030-S2,Stable,53.5,20.5,26.0,53.5
z_40.5_-22.5,2023,1,2023-S1,Diminution,87.3,0.8,87.3,11.9
z_40.5_-22.5,2023,2,2023-S2,Diminution,85.9,0.8,85.9,13.3
z_40.5_-22.5,2024,1,2024-S1,Diminution,87.3,0.8,87.3,11.9
z_40.5_-22.5,2024,2,2024-S2,Diminution,88.0,1.7,88.0,10.2
z_40.5_-22.5,2025,1,2025-S1,Diminution,77.2,1.3,77.2,21.6
z_40.5_-22.5,2025,2,2025-S2,Diminution,85.8,3.5,85.8,10.7
z_40.5_-22.5,2026,1,2026-S1,Diminution,80.3,4.0,80.3,15.7
z_40.5_-22.5,2026,2,2026-S2,Diminution,82.9,2.4,82.9,14.7
z_40.5_-22.5,2027,1,2027-S1,Diminution,83.4,3.2,83.4,13.4
z_40.5_-22.5,2027,2,2027-S2,Diminution,85.9,0.8,85.9,13.3
z_40.5_-22.5,2028,1,2028-S1,Diminution,87.3,0.8,87.3,11.9
z_40.5_-22.5,2028,2,2028-S2,Diminution,85.9,0.8,85.9,13.3
z_40.5_-22.5,2029,1,2029-S1,Diminution,87.3,0.8,87.3,11.9
z_40.5_-22.5,2029,2,2029-S2,Diminution,85.9,0.8,85.9,13.3
z_40.5_-22.5,2030,1,2030-S1,Diminution,87.3,0.8,87.3,11.9
z_40.5_-22.5,2030,2,2030-S2,Diminution,85.9,0.8,85.9,13.3
z_40.5_-36.0,2023,1,2023-S1,Diminution,87.9,1.2,87.9,10.9
z_40.5_-36.0,2023,2,2023-S2,Diminution,87.2,1.3,87.2,11.6
z_40.5_-36.0,2024,1,2024-S1,Diminution,87.9,1.2,87.9,10.9
z_40.5_-36.0,2024,2,2024-S2,Diminution,87.2,1.3,87.2,11.6
z_40.5_-36.0,2025,1,2025-S1,Diminution,87.7,2.9,87.7,9.4
z_40.5_-36.0,2025,2,2025-S2,Diminution,81.1,1.9,81.1,17.0
z_40.5_-36.0,2026,1,2026-S1,Diminution,85.1,5.1,85.1,9.8
z_40.5_-36.0,2026,2,2026-S2,Diminution,76.4,5.8,76.4,17.8
z_40.5_-36.0,2027,1,2027-S1,Diminution,83.2,3.1,83.2,13.7
z_40.5_-36.0,2027,2,2027-S2,Diminution,82.0,2.3,82.0,15.7
z_40.5_-36.0,2028,1,2028-S1,Diminution,87.9,1.2,87.9,10.9
z_40.5_-36.0,2028,2,2028-S2,Diminution,87.2,1.3,87.2,11.6
z_40.5_-36.0,2029,1,2029-S1,Diminution,87.9,1.2,87.9,10.9
z_40.5_-36.0,2029,2,2029-S2,Diminution,87.2,1.3,87.2,11.6
z_40.5_-36.0,2030,1,2030-S1,Diminution,87.9,1.2,87.9,10.9
z_40.5_-36.0,2030,2,2030-S2,Diminution,87.2,1.3,87.2,11.6
z_40.5_-9.0,2023,1,2023-S1,Augmentation,64.4,64.4,19.3,16.3
z_40.5_-9.0,2023,2,2023-S2,Augmentation,63.5,63.5,19.3,17.3
z_40.5_-9.0,2024,1,2024-S1,Augmentation,47.6,47.6,29.1,23.3
z_40.5_-9.0,2024,2,2024-S2,Augmentation,56.0,56.0,20.9,23.2
z_40.5_-9.0,2025,1,2025-S1,Augmentation,43.8,43.8,24.6,31.5
z_40.5_-9.0,2025,2,2025-S2,Augmentation,53.3,53.3,17.6,29.0
z_40.5_-9.0,2026,1,2026-S1,Augmentation,48.5,48.5,21.6,30.0
z_40.5_-9.0,2026,2,2026-S2,Augmentation,57.5,57.5,17.3,25.1
z_40.5_-9.0,2027,1,2027-S1,Augmentation,53.3,53.3,23.0,23.7
z_40.5_-9.0,2027,2,2027-S2,Augmentation,51.9,51.9,17.7,30.4
z_40.5_-9.0,2028,1,2028-S1,Augmentation,45.8,45.8,24.3,29.9
z_40.5_-9.0,2028,2,2028-S2,Augmentation,55.6,55.6,16.6,27.8
z_40.5_-9.0,2029,1,2029-S1,Augmentation,47.5,47.5,23.7,28.7
z_40.5_-9.0,2029,2,2029-S2,Augmentation,55.2,55.2,16.8,28.0
z_40.5_-9.0,2030,1,2030-S1,Augmentation,47.4,47.4,23.4,29.2
z_40.5_-9.0,2030,2,2030-S2,Augmentation,53.9,53.9,15.9,30.2
z_40.5_0.0,2023,1,2023-S1,Augmentation,49.3,49.3,18.7,31.9
z_40.5_0.0,2023,2,2023-S2,Augmentation,39.2,39.2,25.6,35.2
z_40.5_0.0,2024,1,2024-S1,Augmentation,47.6,47.6,17.8,34.6
z_40.5_0.0,2024,2,2024-S2,Augmentation,55.4,55.4,16.5,28.1
z_40.5_0.0,2025,1,2025-S1,Augmentation,56.0,56.0,14.9,29.1
z_40.5_0.0,2025,2,2025-S2,Augmentation,59.5,59.5,14.5,26.0
z_40.5_0.0,2026,1,2026-S1,Augmentation,39.5,39.5,25.7,34.7
z_40.5_0.0,2026,2,2026-S2,Augmentation,55.2,55.2,18.3,26.5
z_40.5_0.0,2027,1,2027-S1,Augmentation,54.6,54.6,16.8,28.5
z_40.5_0.0,2027,2,2027-S2,Augmentation,56.2,56.2,16.7,27.1
z_40.5_0.0,2028,1,2028-S1,Augmentation,58.9,58.9,16.6,24.5
z_40.5_0.0,2028,2,2028-S2,Augmentation,59.8,59.8,16.4,23.8
z_40.5_0.0,2029,1,2029-S1,Augmentation,61.7,61.7,14.1,24.2
z_40.5_0.0,2029,2,2029-S2,Augmentation,61.9,61.9,14.3,23.8
z_40.5_0.0,2030,1,2030-S1,Augmentation,61.8,61.8,14.6,23.7
z_40.5_0.0,2030,2,2030-S2,Augmentation,66.3,66.3,13.4,20.2
z_40.5_1.5,2023,1,2023-S1,Augmentation,61.1,61.1,13.1,25.9
z_40.5_1.5,2023,2,2023-S2,Augmentation,53.5,53.5,17.8,28.7
z_40.5_1.5,2024,1,2024-S1,Augmentation,63.3,63.3,16.7,20.0
z_40.5_1.5,2024,2,2024-S2,Augmentation,54.2,54.2,18.3,27.4
z_40.5_1.5,2025,1,2025-S1,Augmentation,35.5,35.5,30.3,34.2
z_40.5_1.5,2025,2,2025-S2,Augmentation,59.3,59.3,18.2,22.5
z_40.5_1.5,2026,1,2026-S1,Augmentation,51.2,51.2,16.1,32.7
z_40.5_1.5,2026,2,2026-S2,Augmentation,48.1,48.1,19.9,32.0
z_40.5_1.5,2027,1,2027-S1,Augmentation,59.4,59.4,15.8,24.8
z_40.5_1.5,2027,2,2027-S2,Augmentation,60.4,60.4,18.6,21.0
z_40.5_1.5,2028,1,2028-S1,Augmentation,57.5,57.5,16.9,25.6
z_40.5_1.5,2028,2,2028-S2,Augmentation,59.9,59.9,17.5,22.6
z_40.5_1.5,2029,1,2029-S1,Augmentation,59.7,59.7,15.9,24.4
z_40.5_1.5,2029,2,2029-S2,Augmentation,59.2,59.2,18.8,22.1
z_40.5_1.5,2030,1,2030-S1,Augmentation,59.8,59.8,16.8,23.4
z_40.5_1.5,2030,2,2030-S2,Augmentation,59.8,59.8,17.9,22.3
z_40.5_10.5,2023,1,2023-S1,Stable,52.4,17.4,30.2,52.4
z_40.5_10.5,2023,2,2023-S2,Stable,53.7,18.6,27.7,53.7
z_40.5_10.5,2024,1,2024-S1,Stable,41.5,31.5,26.9,41.5
z_40.5_10.5,2024,2,2024-S2,Stable,39.7,32.1,28.2,39.7
z_40.5_10.5,2025,1,2025-S1,Stable,49.7,29.1,21.2,49.7
z_40.5_10.5,2025,2,2025-S2,Stable,54.8,19.0,26.2,54.8
z_40.5_10.5,2026,1,2026-S1,Stable,39.2,25.5,35.3,39.2
z_40.5_10.5,2026,2,2026-S2,Stable,42.4,23.3,34.3,42.4
z_40.5_10.5,2027,1,2027-S1,Stable,35.7,29.0,35.3,35.7
z_40.5_10.5,2027,2,2027-S2,Diminution,36.4,27.7,36.4,35.9
z_40.5_10.5,2028,1,2028-S1,Diminution,38.3,23.5,38.3,38.2
z_40.5_10.5,2028,2,2028-S2,Stable,38.5,28.2,33.3,38.5
z_40.5_10.5,2029,1,2029-S1,Diminution,38.3,23.5,38.3,38.2
z_40.5_10.5,2029,2,2029-S2,Stable,38.5,28.2,33.3,38.5
z_40.5_10.5,2030,1,2030-S1,Diminution,38.3,23.5,38.3,38.2
z_40.5_10.5,2030,2,2030-S2,Stable,38.5,28.2,33.3,38.5
z_40.5_12.0,2023,1,2023-S1,Stable,42.0,25.0,33.1,42.0
z_40.5_12.0,2023,2,2023-S2,Stable,52.9,28.4,18.7,52.9
z_40.5_12.0,2024,1,2024-S1,Stable,43.9,37.3,18.8,43.9
z_40.5_12.0,2024,2,2024-S2,Stable,62.7,18.0,19.2,62.7
z_40.5_12.0,2025,1,2025-S1,Augmentation,40.8,40.8,22.3,36.9
z_40.5_12.0,2025,2,2025-S2,Stable,42.8,39.4,17.7,42.8
z_40.5_12.0,2026,1,2026-S1,Stable,42.4,38.0,19.6,42.4
z_40.5_12.0,2026,2,2026-S2,Stable,48.2,29.3,22.6,48.2
z_40.5_12.0,2027,1,2027-S1,Stable,39.5,38.3,22.1,39.5
z_40.5_12.0,2027,2,2027-S2,Stable,47.0,29.1,23.9,47.0
z_40.5_12.0,2028,1,2028-S1,Augmentation,40.0,40.0,21.2,38.8
z_40.5_12.0,2028,2,2028-S2,Stable,47.4,28.8,23.7,47.4
z_40.5_12.0,2029,1,2029-S1,Augmentation,40.0,40.0,21.2,38.8
z_40.5_12.0,2029,2,2029-S2,Stable,47.4,28.8,23.7,47.4
z_40.5_12.0,2030,1,2030-S1,Augmentation,40.0,40.0,21.2,38.8
z_40.5_12.0,2030,2,2030-S2,Stable,47.4,28.8,23.7,47.4
z_40.5_13.5,2023,1,2023-S1,Augmentation,50.1,50.1,23.3,26.5
z_40.5_13.5,2023,2,2023-S2,Augmentation,60.6,60.6,21.8,17.7
z_40.5_13.5,2024,1,2024-S1,Augmentation,43.8,43.8,21.4,34.8
z_40.5_13.5,2024,2,2024-S2,Augmentation,57.0,57.0,24.3,18.6
z_40.5_13.5,2025,1,2025-S1,Augmentation,76.1,76.1,10.2,13.7
z_40.5_13.5,2025,2,2025-S2,Augmentation,70.6,70.6,11.6,17.8
z_40.5_13.5,2026,1,2026-S1,Augmentation,69.7,69.7,14.2,16.1
z_40.5_13.5,2026,2,2026-S2,Augmentation,73.6,73.6,14.1,12.3
z_40.5_13.5,2027,1,2027-S1,Augmentation,72.0,72.0,13.9,14.1
z_40.5_13.5,2027,2,2027-S2,Augmentation,72.9,72.9,13.4,13.6
z_40.5_13.5,2028,1,2028-S1,Augmentation,70.2,70.2,14.5,15.3
z_40.5_13.5,2028,2,2028-S2,Augmentation,74.5,74.5,12.8,12.7
z_40.5_13.5,2029,1,2029-S1,Augmentation,72.3,72.3,12.9,14.7
z_40.5_13.5,2029,2,2029-S2,Augmentation,75.2,75.2,11.9,12.8
z_40.5_13.5,2030,1,2030-S1,Augmentation,72.9,72.9,12.1,14.9
z_40.5_13.5,2030,2,2030-S2,Augmentation,75.6,75.6,11.3,13.1
z_40.5_16.5,2023,1,2023-S1,Stable,40.2,31.0,28.8,40.2
z_40.5_16.5,2023,2,2023-S2,Stable,41.3,38.5,20.1,41.3
z_40.5_16.5,2024,1,2024-S1,Augmentation,43.4,43.4,21.8,34.8
z_40.5_16.5,2024,2,2024-S2,Augmentation,52.5,52.5,18.2,29.3
z_40.5_16.5,2025,1,2025-S1,Augmentation,42.7,42.7,23.2,34.1
z_40.5_16.5,2025,2,2025-S2,Augmentation,49.8,49.8,19.3,31.0
z_40.5_16.5,2026,1,2026-S1,Augmentation,46.6,46.6,24.3,29.1
z_40.5_16.5,2026,2,2026-S2,Augmentation,57.0,57.0,14.4,28.6
z_40.5_16.5,2027,1,2027-S1,Augmentation,45.5,45.5,25.0,29.5
z_40.5_16.5,2027,2,2027-S2,Augmentation,58.3,58.3,13.9,27.8
z_40.5_16.5,2028,1,2028-S1,Augmentation,43.5,43.5,24.3,32.2
z_40.5_16.5,2028,2,2028-S2,Augmentation,58.0,58.0,14.6,27.3
z_40.5_16.5,2029,1,2029-S1,Augmentation,45.5,45.5,24.2,30.3
z_40.5_16.5,2029,2,2029-S2,Augmentation,59.9,59.9,14.0,26.1
z_40.5_16.5,2030,1,2030-S1,Augmentation,45.4,45.4,24.3,30.3
z_40.5_16.5,2030,2,2030-S2,Augmentation,59.7,59.7,14.1,26.2
z_40.5_18.0,2023,1,2023-S1,Stable,56.9,21.9,21.2,56.9
z_40.5_18.0,2023,2,2023-S2,Diminution,47.0,27.5,47.0,25.5
z_40.5_18.0,2024,1,2024-S1,Stable,41.7,22.4,35.9,41.7
z_40.5_18.0,2024,2,2024-S2,Diminution,44.6,24.4,44.6,31.0
z_40.5_18.0,2025,1,2025-S1,Stable,45.5,29.6,24.9,45.5
z_40.5_18.0,2025,2,2025-S2,Diminution,40.7,21.3,40.7,38.0
z_40.5_18.0,2026,1,2026-S1,Stable,56.3,19.6,24.1,56.3
z_40.5_18.0,2026,2,2026-S2,Diminution,41.5,23.9,41.5,34.6
z_40.5_18.0,2027,1,2027-S1,Stable,48.6,29.7,21.7,48.6
z_40.5_18.0,2027,2,2027-S2,Stable,39.0,22.3,38.7,39.0
z_40.5_18.0,2028,1,2028-S1,Stable,48.7,25.0,26.4,48.7
z_40.5_18.0,2028,2,2028-S2,Stable,39.2,22.0,38.9,39.2
z_40.5_18.0,2029,1,2029-S1,Stable,51.1,21.9,27.0,51.1
z_40.5_18.0,2029,2,2029-S2,Diminution,37.8,24.7,37.8,37.6
z_40.5_18.0,2030,1,2030-S1,Stable,52.6,23.2,24.2,52.6
z_40.5_18.0,2030,2,2030-S2,Diminution,37.8,24.7,37.8,37.6
z_40.5_22.5,2023,1,2023-S1,Augmentation,51.8,51.8,16.2,32.1
z_40.5_22.5,2023,2,2023-S2,Augmentation,55.9,55.9,17.0,27.0
z_40.5_22.5,2024,1,2024-S1,Augmentation,55.8,55.8,18.1,26.1
z_40.5_22.5,2024,2,2024-S2,Augmentation,41.7,41.7,26.8,31.5
z_40.5_22.5,2025,1,2025-S1,Augmentation,56.9,56.9,19.9,23.1
z_40.5_22.5,2025,2,2025-S2,Augmentation,39.0,39.0,23.6,37.4
z_40.5_22.5,2026,1,2026-S1,Stable,39.6,23.9,36.6,39.6
z_40.5_22.5,2026,2,2026-S2,Stable,38.6,29.7,31.7,38.6
z_40.5_22.5,2027,1,2027-S1,Stable,42.4,23.8,33.8,42.4
z_40.5_22.5,2027,2,2027-S2,Stable,38.1,26.5,35.4,38.1
z_40.5_22.5,2028,1,2028-S1,Stable,40.7,24.6,34.7,40.7
z_40.5_22.5,2028,2,2028-S2,Stable,43.5,22.0,34.5,43.5
z_40.5_22.5,2029,1,2029-S1,Stable,42.0,19.3,38.7,42.0
z_40.5_22.5,2029,2,2029-S2,Diminution,42.8,17.4,42.8,39.8
z_40.5_22.5,2030,1,2030-S1,Diminution,42.8,17.6,42.8,39.5
z_40.5_22.5,2030,2,2030-S2,Diminution,42.8,17.4,42.8,39.8
z_40.5_24.0,2023,1,2023-S1,Augmentation,53.0,53.0,17.0,30.1
z_40.5_24.0,2023,2,2023-S2,Augmentation,43.0,43.0,27.8,29.2
z_40.5_24.0,2024,1,2024-S1,Augmentation,43.8,43.8,23.9,32.3
z_40.5_24.0,2024,2,2024-S2,Augmentation,56.0,56.0,17.4,26.5
z_40.5_24.0,2025,1,2025-S1,Augmentation,62.8,62.8,11.4,25.8
z_40.5_24.0,2025,2,2025-S2,Augmentation,73.4,73.4,12.3,14.2
z_40.5_24.0,2026,1,2026-S1,Augmentation,61.9,61.9,13.5,24.6
z_40.5_24.0,2026,2,2026-S2,Augmentation,65.3,65.3,17.7,17.0
z_40.5_24.0,2027,1,2027-S1,Augmentation,60.3,60.3,17.7,22.0
z_40.5_24.0,2027,2,2027-S2,Augmentation,58.2,58.2,18.1,23.7
z_40.5_24.0,2028,1,2028-S1,Augmentation,58.8,58.8,17.6,23.6
z_40.5_24.0,2028,2,2028-S2,Augmentation,61.8,61.8,16.8,21.4
z_40.5_24.0,2029,1,2029-S1,Augmentation,60.6,60.6,16.1,23.3
z_40.5_24.0,2029,2,2029-S2,Augmentation,64.5,64.5,17.6,17.8
z_40.5_24.0,2030,1,2030-S1,Augmentation,62.8,62.8,16.2,21.1
z_40.5_24.0,2030,2,2030-S2,Augmentation,68.1,68.1,15.8,16.1
z_40.5_25.5,2023,1,2023-S1,Augmentation,45.2,45.2,17.2,37.6
z_40.5_25.5,2023,2,2023-S2,Augmentation,41.9,41.9,23.6,34.5
z_40.5_25.5,2024,1,2024-S1,Augmentation,41.8,41.8,19.2,39.0
z_40.5_25.5,2024,2,2024-S2,Augmentation,38.5,38.5,23.2,38.3
z_40.5_25.5,2025,1,2025-S1,Stable,43.0,39.8,17.2,43.0
z_40.5_25.5,2025,2,2025-S2,Stable,36.3,27.9,35.8,36.3
z_40.5_25.5,2026,1,2026-S1,Stable,44.7,31.5,23.8,44.7
z_40.5_25.5,2026,2,2026-S2,Diminution,35.2,32.4,35.2,32.4
z_40.5_25.5,2027,1,2027-S1,Stable,46.6,34.3,19.1,46.6
z_40.5_25.5,2027,2,2027-S2,Stable,34.9,30.3,34.8,34.9
z_40.5_25.5,2028,1,2028-S1,Stable,47.7,33.5,18.7,47.7
z_40.5_25.5,2028,2,2028-S2,Stable,35.3,30.4,34.3,35.3
z_40.5_25.5,2029,1,2029-S1,Stable,43.0,36.8,20.2,43.0
z_40.5_25.5,2029,2,2029-S2,Diminution,35.2,31.1,35.2,33.8
z_40.5_25.5,2030,1,2030-S1,Stable,43.0,36.7,20.3,43.0
z_40.5_25.5,2030,2,2030-S2,Diminution,35.0,31.3,35.0,33.8
z_40.5_27.0,2023,1,2023-S1,Diminution,56.7,19.2,56.7,24.1
z_40.5_27.0,2023,2,2023-S2,Diminution,65.6,6.3,65.6,28.1
z_40.5_27.0,2024,1,2024-S1,Diminution,55.8,16.0,55.8,28.2
z_40.5_27.0,2024,2,2024-S2,Diminution,67.7,6.0,67.7,26.3
z_40.5_27.0,2025,1,2025-S1,Diminution,55.8,16.0,55.8,28.2
z_40.5_27.0,2025,2,2025-S2,Diminution,62.8,9.2,62.8,28.0
z_40.5_27.0,2026,1,2026-S1,Diminution,58.3,14.9,58.3,26.8
z_40.5_27.0,2026,2,2026-S2,Diminution,65.9,7.7,65.9,26.4
z_40.5_27.0,2027,1,2027-S1,Diminution,53.5,15.5,53.5,31.0
z_40.5_27.0,2027,2,2027-S2,Diminution,64.9,7.5,64.9,27.6
z_40.5_27.0,2028,1,2028-S1,Diminution,54.8,14.2,54.8,30.9
z_40.5_27.0,2028,2,2028-S2,Diminution,67.7,6.0,67.7,26.3
z_40.5_27.0,2029,1,2029-S1,Diminution,55.8,16.0,55.8,28.2
z_40.5_27.0,2029,2,2029-S2,Diminution,67.7,6.0,67.7,26.3
z_40.5_27.0,2030,1,2030-S1,Diminution,55.8,16.0,55.8,28.2
z_40.5_27.0,2030,2,2030-S2,Diminution,67.7,6.0,67.7,26.3
z_40.5_28.5,2023,1,2023-S1,Augmentation,57.1,57.1,20.7,22.3
z_40.5_28.5,2023,2,2023-S2,Augmentation,68.3,68.3,9.9,21.8
z_40.5_28.5,2024,1,2024-S1,Augmentation,60.2,60.2,16.1,23.6
z_40.5_28.5,2024,2,2024-S2,Augmentation,63.1,63.1,15.6,21.3
z_40.5_28.5,2025,1,2025-S1,Augmentation,44.9,44.9,29.6,25.5
z_40.5_28.5,2025,2,2025-S2,Augmentation,38.6,38.6,34.2,27.2
z_40.5_28.5,2026,1,2026-S1,Stable,38.9,23.9,37.2,38.9
z_40.5_28.5,2026,2,2026-S2,Stable,38.2,28.7,33.1,38.2
z_40.5_28.5,2027,1,2027-S1,Stable,35.5,30.1,34.3,35.5
z_40.5_28.5,2027,2,2027-S2,Stable,35.8,32.3,31.8,35.8
z_40.5_28.5,2028,1,2028-S1,Diminution,36.6,29.1,36.6,34.3
z_40.5_28.5,2028,2,2028-S2,Diminution,36.4,28.7,36.4,34.9
z_40.5_28.5,2029,1,2029-S1,Diminution,38.0,26.8,38.0,35.1
z_40.5_28.5,2029,2,2029-S2,Diminution,37.1,29.3,37.1,33.6
z_40.5_28.5,2030,1,2030-S1,Diminution,37.8,27.5,37.8,34.7
z_40.5_28.5,2030,2,2030-S2,Diminution,37.1,29.3,37.1,33.6
z_40.5_3.0,2023,1,2023-S1,Augmentation,56.3,56.3,16.1,27.6
z_40.5_3.0,2023,2,2023-S2,Augmentation,62.5,62.5,11.5,26.0
z_40.5_3.0,2024,1,2024-S1,Augmentation,46.6,46.6,14.1,39.2
z_40.5_3.0,2024,2,2024-S2,Stable,43.9,37.3,18.9,43.9
z_40.5_3.0,2025,1,2025-S1,Augmentation,42.7,42.7,15.9,41.4
z_40.5_3.0,2025,2,2025-S2,Augmentation,49.0,49.0,14.5,36.5
z_40.5_3.0,2026,1,2026-S1,Augmentation,57.3,57.3,11.4,31.4
z_40.5_3.0,2026,2,2026-S2,Augmentation,48.8,48.8,12.7,38.5
z_40.5_3.0,2027,1,2027-S1,Augmentation,51.7,51.7,12.8,35.5
z_40.5_3.0,2027,2,2027-S2,Augmentation,43.7,43.7,14.0,42.3
z_40.5_3.0,2028,1,2028-S1,Augmentation,47.1,47.1,13.8,39.2
z_40.5_3.0,2028,2,2028-S2,Augmentation,43.8,43.8,14.2,42.0
z_40.5_3.0,2029,1,2029-S1,Augmentation,46.6,46.6,13.9,39.5
z_40.5_3.0,2029,2,2029-S2,Augmentation,43.8,43.8,15.4,40.7
z_40.5_3.0,2030,1,2030-S1,Augmentation,48.2,48.2,14.3,37.5
z_40.5_3.0,2030,2,2030-S2,Augmentation,45.0,45.0,14.6,40.4
z_40.5_37.5,2023,1,2023-S1,Diminution,87.3,0.9,87.3,11.9
z_40.5_37.5,2023,2,2023-S2,Diminution,85.7,0.9,85.7,13.4
z_40.5_37.5,2024,1,2024-S1,Diminution,87.3,0.9,87.3,11.9
z_40.5_37.5,2024,2,2024-S2,Diminution,88.0,1.7,88.0,10.3
z_40.5_37.5,2025,1,2025-S1,Diminution,78.0,1.2,78.0,20.9
z_40.5_37.5,2025,2,2025-S2,Diminution,85.7,3.5,85.7,10.8
z_40.5_37.5,2026,1,2026-S1,Diminution,80.1,3.9,80.1,16.0
z_40.5_37.5,2026,2,2026-S2,Diminution,82.5,2.6,82.5,15.0
z_40.5_37.5,2027,1,2027-S1,Diminution,83.7,3.1,83.7,13.2
z_40.5_37.5,2027,2,2027-S2,Diminution,85.7,0.9,85.7,13.4
z_40.5_37.5,2028,1,2028-S1,Diminution,87.3,0.9,87.3,11.9
z_40.5_37.5,2028,2,2028-S2,Diminution,85.7,0.9,85.7,13.4
z_40.5_37.5,2029,1,2029-S1,Diminution,87.3,0.9,87.3,11.9
z_40.5_37.5,2029,2,2029-S2,Diminution,85.7,0.9,85.7,13.4
z_40.5_37.5,2030,1,2030-S1,Diminution,87.3,0.9,87.3,11.9
z_40.5_37.5,2030,2,2030-S2,Diminution,85.7,0.9,85.7,13.4
z_40.5_4.5,2023,1,2023-S1,Diminution,73.1,3.8,73.1,23.2
z_40.5_4.5,2023,2,2023-S2,Diminution,85.5,4.9,85.5,9.6
z_40.5_4.5,2024,1,2024-S1,Diminution,76.3,5.1,76.3,18.6
z_40.5_4.5,2024,2,2024-S2,Diminution,85.3,1.6,85.3,13.1
z_40.5_4.5,2025,1,2025-S1,Diminution,81.7,3.3,81.7,15.1
z_40.5_4.5,2025,2,2025-S2,Diminution,85.7,1.3,85.7,13.0
z_40.5_4.5,2026,1,2026-S1,Diminution,83.2,5.7,83.2,11.0
z_40.5_4.5,2026,2,2026-S2,Diminution,87.3,3.3,87.3,9.4
z_40.5_4.5,2027,1,2027-S1,Diminution,84.8,1.4,84.8,13.8
z_40.5_4.5,2027,2,2027-S2,Diminution,89.1,2.7,89.1,8.3
z_40.5_4.5,2028,1,2028-S1,Diminution,91.9,0.8,91.9,7.4
z_40.5_4.5,2028,2,2028-S2,Diminution,93.0,0.4,93.0,6.6
z_40.5_4.5,2029,1,2029-S1,Diminution,91.9,0.8,91.9,7.4
z_40.5_4.5,2029,2,2029-S2,Diminution,93.0,0.4,93.0,6.6
z_40.5_4.5,2030,1,2030-S1,Diminution,91.9,0.8,91.9,7.4
z_40.5_4.5,2030,2,2030-S2,Diminution,93.0,0.4,93.0,6.6
z_40.5_7.5,2023,1,2023-S1,Diminution,48.5,19.0,48.5,32.5
z_40.5_7.5,2023,2,2023-S2,Diminution,40.1,25.3,40.1,34.6
z_40.5_7.5,2024,1,2024-S1,Stable,40.8,26.1,33.1,40.8
z_40.5_7.5,2024,2,2024-S2,Stable,45.2,22.0,32.9,45.2
z_40.5_7.5,2025,1,2025-S1,Stable,47.0,31.7,21.3,47.0
z_40.5_7.5,2025,2,2025-S2,Stable,49.8,26.0,24.2,49.8
z_40.5_7.5,2026,1,2026-S1,Stable,43.7,35.7,20.6,43.7
z_40.5_7.5,2026,2,2026-S2,Stable,43.5,40.6,15.8,43.5
z_40.5_7.5,2027,1,2027-S1,Augmentation,42.1,42.1,16.1,41.8
z_40.5_7.5,2027,2,2027-S2,Stable,45.1,38.9,16.0,45.1
z_40.5_7.5,2028,1,2028-S1,Augmentation,42.4,42.4,16.0,41.6
z_40.5_7.5,2028,2,2028-S2,Stable,43.9,40.4,15.6,43.9
z_40.5_7.5,2029,1,2029-S1,Augmentation,42.4,42.4,16.1,41.6
z_40.5_7.5,2029,2,2029-S2,Stable,42.8,42.4,14.8,42.8
z_40.5_7.5,2030,1,2030-S1,Augmentation,44.2,44.2,14.8,41.0
z_40.5_7.5,2030,2,2030-S2,Augmentation,45.1,45.1,13.2,41.7
z_40.5_9.0,2023,1,2023-S1,Stable,44.0,31.4,24.6,44.0
z_40.5_9.0,2023,2,2023-S2,Augmentation,40.1,40.1,21.8,38.1
z_40.5_9.0,2024,1,2024-S1,Stable,39.6,39.1,21.3,39.6
z_40.5_9.0,2024,2,2024-S2,Augmentation,39.5,39.5,26.2,34.3
z_40.5_9.0,2025,1,2025-S1,Augmentation,47.3,47.3,20.3,32.4
z_40.5_9.0,2025,2,2025-S2,Augmentation,41.0,41.0,22.4,36.5
z_40.5_9.0,2026,1,2026-S1,Stable,41.9,36.9,21.2,41.9
z_40.5_9.0,2026,2,2026-S2,Augmentation,45.1,45.1,22.2,32.7
z_40.5_9.0,2027,1,2027-S1,Augmentation,42.0,42.0,19.9,38.1
z_40.5_9.0,2027,2,2027-S2,Stable,41.5,36.4,22.0,41.5
z_40.5_9.0,2028,1,2028-S1,Augmentation,42.9,42.9,18.9,38.3
z_40.5_9.0,2028,2,2028-S2,Augmentation,40.6,40.6,22.3,37.1
z_40.5_9.0,2029,1,2029-S1,Augmentation,40.6,40.6,19.6,39.8
z_40.5_9.0,2029,2,2029-S2,Augmentation,41.3,41.3,21.9,36.8
z_40.5_9.0,2030,1,2030-S1,Augmentation,42.7,42.7,19.6,37.7
z_40.5_9.0,2030,2,2030-S2,Augmentation,43.2,43.2,21.9,35.0
z_42.0_-10.5,2023,1,2023-S1,Augmentation,51.5,51.5,15.7,32.8
z_42.0_-10.5,2023,2,2023-S2,Augmentation,51.7,51.7,13.9,34.4
z_42.0_-10.5,2024,1,2024-S1,Augmentation,47.9,47.9,15.6,36.5
z_42.0_-10.5,2024,2,2024-S2,Augmentation,59.5,59.5,14.6,25.8
z_42.0_-10.5,2025,1,2025-S1,Augmentation,47.8,47.8,14.9,37.3
z_42.0_-10.5,2025,2,2025-S2,Augmentation,60.3,60.3,15.6,24.1
z_42.0_-10.5,2026,1,2026-S1,Augmentation,50.9,50.9,15.4,33.7
z_42.0_-10.5,2026,2,2026-S2,Augmentation,50.4,50.4,17.8,31.8
z_42.0_-10.5,2027,1,2027-S1,Augmentation,57.7,57.7,19.2,23.1
z_42.0_-10.5,2027,2,2027-S2,Augmentation,56.3,56.3,16.3,27.4
z_42.0_-10.5,2028,1,2028-S1,Augmentation,57.8,57.8,18.0,24.2
z_42.0_-10.5,2028,2,2028-S2,Augmentation,61.2,61.2,15.6,23.1
z_42.0_-10.5,2029,1,2029-S1,Augmentation,59.2,59.2,16.1,24.7
z_42.0_-10.5,2029,2,2029-S2,Augmentation,63.2,63.2,15.0,21.9
z_42.0_-10.5,2030,1,2030-S1,Augmentation,62.7,62.7,16.6,20.8
z_42.0_-10.5,2030,2,2030-S2,Augmentation,65.5,65.5,14.8,19.7
z_42.0_-24.0,2023,1,2023-S1,Diminution,75.4,2.6,75.4,22.0
z_42.0_-24.0,2023,2,2023-S2,Diminution,74.7,2.8,74.7,22.5
z_42.0_-24.0,2024,1,2024-S1,Diminution,75.4,2.6,75.4,22.0
z_42.0_-24.0,2024,2,2024-S2,Diminution,74.7,2.8,74.7,22.5
z_42.0_-24.0,2025,1,2025-S1,Diminution,75.4,2.6,75.4,22.0
z_42.0_-24.0,2025,2,2025-S2,Diminution,70.0,5.1,70.0,24.9
z_42.0_-24.0,2026,1,2026-S1,Diminution,57.2,4.8,57.2,38.0
z_42.0_-24.0,2026,2,2026-S2,Diminution,70.8,3.1,70.8,26.1
z_42.0_-24.0,2027,1,2027-S1,Diminution,67.6,5.7,67.6,26.7
z_42.0_-24.0,2027,2,2027-S2,Diminution,69.3,4.4,69.3,26.3
z_42.0_-24.0,2028,1,2028-S1,Diminution,62.8,2.2,62.8,35.0
z_42.0_-24.0,2028,2,2028-S2,Diminution,74.7,2.8,74.7,22.5
z_42.0_-24.0,2029,1,2029-S1,Diminution,75.4,2.6,75.4,22.0
z_42.0_-24.0,2029,2,2029-S2,Diminution,74.7,2.8,74.7,22.5
z_42.0_-24.0,2030,1,2030-S1,Diminution,75.4,2.6,75.4,22.0
z_42.0_-24.0,2030,2,2030-S2,Diminution,74.7,2.8,74.7,22.5
z_42.0_-3.0,2023,1,2023-S1,Stable,42.3,31.0,26.8,42.3
z_42.0_-3.0,2023,2,2023-S2,Augmentation,43.2,43.2,20.6,36.2
z_42.0_-3.0,2024,1,2024-S1,Augmentation,43.5,43.5,20.0,36.5
z_42.0_-3.0,2024,2,2024-S2,Augmentation,53.0,53.0,15.9,31.2
z_42.0_-3.0,2025,1,2025-S1,Augmentation,62.7,62.7,11.5,25.8
z_42.0_-3.0,2025,2,2025-S2,Augmentation,39.3,39.3,23.3,37.3
z_42.0_-3.0,2026,1,2026-S1,Stable,39.3,32.4,28.3,39.3
z_42.0_-3.0,2026,2,2026-S2,Stable,43.7,31.2,25.1,43.7
z_42.0_-3.0,2027,1,2027-S1,Stable,41.8,32.2,26.0,41.8
z_42.0_-3.0,2027,2,2027-S2,Stable,42.2,34.0,23.8,42.2
z_42.0_-3.0,2028,1,2028-S1,Stable,40.1,35.4,24.5,40.1
z_42.0_-3.0,2028,2,2028-S2,Stable,40.5,35.7,23.8,40.5
z_42.0_-3.0,2029,1,2029-S1,Stable,40.0,35.7,24.3,40.0
z_42.0_-3.0,2029,2,2029-S2,Stable,41.9,33.5,24.6,41.9
z_42.0_-3.0,2030,1,2030-S1,Stable,39.4,36.3,24.3,39.4
z_42.0_-3.0,2030,2,2030-S2,Stable,41.9,33.5,24.6,41.9
z_42.0_-36.0,2023,1,2023-S1,Diminution,87.4,0.7,87.4,11.8
z_42.0_-36.0,2023,2,2023-S2,Diminution,89.5,1.1,89.5,9.4
z_42.0_-36.0,2024,1,2024-S1,Diminution,76.3,1.1,76.3,22.6
z_42.0_-36.0,2024,2,2024-S2,Diminution,84.7,3.7,84.7,11.6
z_42.0_-36.0,2025,1,2025-S1,Diminution,83.1,3.1,83.1,13.8
z_42.0_-36.0,2025,2,2025-S2,Diminution,85.0,1.7,85.0,13.3
z_42.0_-36.0,2026,1,2026-S1,Diminution,85.3,2.8,85.3,11.9
z_42.0_-36.0,2026,2,2026-S2,Diminution,87.8,0.5,87.8,11.7
z_42.0_-36.0,2027,1,2027-S1,Diminution,87.4,0.7,87.4,11.8
z_42.0_-36.0,2027,2,2027-S2,Diminution,87.8,0.5,87.8,11.7
z_42.0_-36.0,2028,1,2028-S1,Diminution,87.4,0.7,87.4,11.8
z_42.0_-36.0,2028,2,2028-S2,Diminution,87.8,0.5,87.8,11.7
z_42.0_-36.0,2029,1,2029-S1,Diminution,87.4,0.7,87.4,11.8
z_42.0_-36.0,2029,2,2029-S2,Diminution,87.8,0.5,87.8,11.7
z_42.0_-36.0,2030,1,2030-S1,Diminution,87.4,0.7,87.4,11.8
z_42.0_-36.0,2030,2,2030-S2,Diminution,87.8,0.5,87.8,11.7
z_42.0_-4.5,2023,1,2023-S1,Stable,44.6,34.5,20.9,44.6
z_42.0_-4.5,2023,2,2023-S2,Stable,42.3,38.5,19.3,42.3
z_42.0_-4.5,2024,1,2024-S1,Stable,42.6,40.3,17.2,42.6
z_42.0_-4.5,2024,2,2024-S2,Stable,46.0,36.0,18.0,46.0
z_42.0_-4.5,2025,1,2025-S1,Stable,46.0,36.2,17.8,46.0
z_42.0_-4.5,2025,2,2025-S2,Augmentation,46.9,46.9,18.7,34.4
z_42.0_-4.5,2026,1,2026-S1,Stable,45.6,35.5,18.9,45.6
z_42.0_-4.5,2026,2,2026-S2,Stable,43.1,36.9,20.0,43.1
z_42.0_-4.5,2027,1,2027-S1,Stable,39.6,38.4,22.1,39.6
z_42.0_-4.5,2027,2,2027-S2,Stable,41.2,38.9,19.8,41.2
z_42.0_-4.5,2028,1,2028-S1,Stable,43.2,37.1,19.6,43.2
z_42.0_-4.5,2028,2,2028-S2,Stable,42.2,35.6,22.2,42.2
z_42.0_-4.5,2029,1,2029-S1,Stable,41.0,38.0,21.0,41.0
z_42.0_-4.5,2029,2,2029-S2,Augmentation,39.9,39.9,21.0,39.1
z_42.0_-4.5,2030,1,2030-S1,Stable,41.0,38.0,21.0,41.0
z_42.0_-4.5,2030,2,2030-S2,Augmentation,39.9,39.9,21.0,39.1
z_42.0_-6.0,2023,1,2023-S1,Diminution,73.0,2.6,73.0,24.4
z_42.0_-6.0,2023,2,2023-S2,Diminution,70.7,6.0,70.7,23.3
z_42.0_-6.0,2024,1,2024-S1,Diminution,51.9,8.7,51.9,39.5
z_42.0_-6.0,2024,2,2024-S2,Diminution,79.7,5.1,79.7,15.1
z_42.0_-6.0,2025,1,2025-S1,Diminution,68.6,4.7,68.6,26.7
z_42.0_-6.0,2025,2,2025-S2,Diminution,64.9,7.7,64.9,27.4
z_42.0_-6.0,2026,1,2026-S1,Stable,47.6,8.0,44.4,47.6
z_42.0_-6.0,2026,2,2026-S2,Diminution,79.7,5.1,79.7,15.1
z_42.0_-6.0,2027,1,2027-S1,Diminution,68.6,4.7,68.6,26.7
z_42.0_-6.0,2027,2,2027-S2,Diminution,78.8,4.1,78.8,17.2
z_42.0_-6.0,2028,1,2028-S1,Diminution,68.0,2.9,68.0,29.1
z_42.0_-6.0,2028,2,2028-S2,Diminution,84.6,2.8,84.6,12.6
z_42.0_-6.0,2029,1,2029-S1,Diminution,73.0,2.6,73.0,24.4
z_42.0_-6.0,2029,2,2029-S2,Diminution,84.6,2.8,84.6,12.6
z_42.0_-6.0,2030,1,2030-S1,Diminution,73.0,2.6,73.0,24.4
z_42.0_-6.0,2030,2,2030-S2,Diminution,84.6,2.8,84.6,12.6
z_42.0_-9.0,2023,1,2023-S1,Augmentation,60.4,60.4,16.5,23.0
z_42.0_-9.0,2023,2,2023-S2,Augmentation,67.8,67.8,16.0,16.2
z_42.0_-9.0,2024,1,2024-S1,Augmentation,55.8,55.8,14.4,29.9
z_42.0_-9.0,2024,2,2024-S2,Augmentation,59.8,59.8,16.5,23.7
z_42.0_-9.0,2025,1,2025-S1,Augmentation,73.2,73.2,9.9,16.9
z_42.0_-9.0,2025,2,2025-S2,Augmentation,53.0,53.0,20.3,26.7
z_42.0_-9.0,2026,1,2026-S1,Augmentation,36.1,36.1,32.5,31.4
z_42.0_-9.0,2026,2,2026-S2,Augmentation,52.7,52.7,23.4,23.9
z_42.0_-9.0,2027,1,2027-S1,Augmentation,50.9,50.9,19.0,30.2
z_42.0_-9.0,2027,2,2027-S2,Augmentation,52.4,52.4,20.1,27.5
z_42.0_-9.0,2028,1,2028-S1,Augmentation,57.4,57.4,19.1,23.5
z_42.0_-9.0,2028,2,2028-S2,Augmentation,61.1,61.1,17.8,21.1
z_42.0_-9.0,2029,1,2029-S1,Augmentation,63.6,63.6,13.9,22.4
z_42.0_-9.0,2029,2,2029-S2,Augmentation,66.1,66.1,14.2,19.7
z_42.0_-9.0,2030,1,2030-S1,Augmentation,65.6,65.6,13.8,20.6
z_42.0_-9.0,2030,2,2030-S2,Augmentation,69.5,69.5,14.7,15.8
z_42.0_10.5,2023,1,2023-S1,Diminution,39.0,27.6,39.0,33.5
z_42.0_10.5,2023,2,2023-S2,Stable,36.9,27.3,35.9,36.9
z_42.0_10.5,2024,1,2024-S1,Stable,41.8,36.5,21.7,41.8
z_42.0_10.5,2024,2,2024-S2,Augmentation,43.9,43.9,18.2,37.9
z_42.0_10.5,2025,1,2025-S1,Stable,35.3,33.5,31.2,35.3
z_42.0_10.5,2025,2,2025-S2,Augmentation,44.0,44.0,24.0,32.0
z_42.0_10.5,2026,1,2026-S1,Augmentation,46.3,46.3,19.1,34.6
z_42.0_10.5,2026,2,2026-S2,Augmentation,44.0,44.0,23.1,32.9
z_42.0_10.5,2027,1,2027-S1,Augmentation,40.9,40.9,20.4,38.7
z_42.0_10.5,2027,2,2027-S2,Augmentation,41.5,41.5,22.7,35.8
z_42.0_10.5,2028,1,2028-S1,Augmentation,40.7,40.7,22.0,37.3
z_42.0_10.5,2028,2,2028-S2,Augmentation,44.4,44.4,20.6,35.0
z_42.0_10.5,2029,1,2029-S1,Augmentation,45.7,45.7,18.7,35.6
z_42.0_10.5,2029,2,2029-S2,Augmentation,49.1,49.1,19.2,31.8
z_42.0_10.5,2030,1,2030-S1,Augmentation,46.6,46.6,18.6,34.8
z_42.0_10.5,2030,2,2030-S2,Augmentation,49.1,49.1,19.2,31.7
z_42.0_13.5,2023,1,2023-S1,Stable,37.1,35.3,27.6,37.1
z_42.0_13.5,2023,2,2023-S2,Augmentation,39.7,39.7,22.4,38.0
z_42.0_13.5,2024,1,2024-S1,Augmentation,47.0,47.0,18.1,34.9
z_42.0_13.5,2024,2,2024-S2,Augmentation,58.9,58.9,14.0,27.1
z_42.0_13.5,2025,1,2025-S1,Augmentation,59.7,59.7,14.4,26.0
z_42.0_13.5,2025,2,2025-S2,Augmentation,60.3,60.3,14.4,25.2
z_42.0_13.5,2026,1,2026-S1,Augmentation,47.2,47.2,23.7,29.1
z_42.0_13.5,2026,2,2026-S2,Augmentation,64.7,64.7,14.8,20.5
z_42.0_13.5,2027,1,2027-S1,Augmentation,57.1,57.1,15.1,27.8
z_42.0_13.5,2027,2,2027-S2,Augmentation,59.6,59.6,13.5,27.0
z_42.0_13.5,2028,1,2028-S1,Augmentation,52.3,52.3,15.7,32.0
z_42.0_13.5,2028,2,2028-S2,Augmentation,59.2,59.2,14.1,26.8
z_42.0_13.5,2029,1,2029-S1,Augmentation,60.1,60.1,14.9,25.0
z_42.0_13.5,2029,2,2029-S2,Augmentation,64.2,64.2,14.5,21.2
z_42.0_13.5,2030,1,2030-S1,Augmentation,61.4,61.4,15.5,23.1
z_42.0_13.5,2030,2,2030-S2,Augmentation,64.3,64.3,14.8,20.9
z_42.0_15.0,2023,1,2023-S1,Augmentation,42.1,42.1,26.9,31.0
z_42.0_15.0,2023,2,2023-S2,Augmentation,49.3,49.3,17.9,32.8
z_42.0_15.0,2024,1,2024-S1,Augmentation,56.9,56.9,12.9,30.1
z_42.0_15.0,2024,2,2024-S2,Augmentation,61.6,61.6,13.8,24.6
z_42.0_15.0,2025,1,2025-S1,Augmentation,68.3,68.3,12.5,19.2
z_42.0_15.0,2025,2,2025-S2,Augmentation,57.8,57.8,14.8,27.4
z_42.0_15.0,2026,1,2026-S1,Augmentation,64.6,64.6,12.7,22.8
z_42.0_15.0,2026,2,2026-S2,Augmentation,67.9,67.9,10.5,21.6
z_42.0_15.0,2027,1,2027-S1,Augmentation,54.6,54.6,13.4,32.0
z_42.0_15.0,2027,2,2027-S2,Augmentation,58.2,58.2,12.9,28.9
z_42.0_15.0,2028,1,2028-S1,Augmentation,58.5,58.5,12.9,28.6
z_42.0_15.0,2028,2,2028-S2,Augmentation,59.5,59.5,13.7,26.8
z_42.0_15.0,2029,1,2029-S1,Augmentation,65.7,65.7,13.8,20.5
z_42.0_15.0,2029,2,2029-S2,Augmentation,63.6,63.6,14.2,22.3
z_42.0_15.0,2030,1,2030-S1,Augmentation,64.0,64.0,13.7,22.2
z_42.0_15.0,2030,2,2030-S2,Augmentation,64.0,64.0,13.9,22.1
z_42.0_16.5,2023,1,2023-S1,Stable,48.1,21.0,31.0,48.1
z_42.0_16.5,2023,2,2023-S2,Stable,58.5,13.2,28.3,58.5
z_42.0_16.5,2024,1,2024-S1,Stable,42.4,33.9,23.8,42.4
z_42.0_16.5,2024,2,2024-S2,Stable,50.3,25.5,24.1,50.3
z_42.0_16.5,2025,1,2025-S1,Stable,52.1,26.7,21.1,52.1
z_42.0_16.5,2025,2,2025-S2,Stable,50.2,21.7,28.0,50.2
z_42.0_16.5,2026,1,2026-S1,Augmentation,39.8,39.8,23.2,37.0
z_42.0_16.5,2026,2,2026-S2,Stable,52.0,21.2,26.7,52.0
z_42.0_16.5,2027,1,2027-S1,Stable,46.2,30.5,23.4,46.2
z_42.0_16.5,2027,2,2027-S2,Stable,52.8,22.2,24.9,52.8
z_42.0_16.5,2028,1,2028-S1,Stable,51.9,27.0,21.1,51.9
z_42.0_16.5,2028,2,2028-S2,Stable,51.1,21.7,27.2,51.1
z_42.0_16.5,2029,1,2029-S1,Stable,45.6,30.0,24.4,45.6
z_42.0_16.5,2029,2,2029-S2,Stable,49.9,22.6,27.5,49.9
z_42.0_16.5,2030,1,2030-S1,Stable,45.6,30.0,24.4,45.6
z_42.0_16.5,2030,2,2030-S2,Stable,49.9,22.6,27.5,49.9
z_42.0_18.0,2023,1,2023-S1,Diminution,52.5,16.1,52.5,31.3
z_42.0_18.0,2023,2,2023-S2,Stable,46.0,15.6,38.4,46.0
z_42.0_18.0,2024,1,2024-S1,Diminution,56.7,7.0,56.7,36.2
z_42.0_18.0,2024,2,2024-S2,Stable,44.2,14.5,41.3,44.2
z_42.0_18.0,2025,1,2025-S1,Diminution,55.2,10.7,55.2,34.1
z_42.0_18.0,2025,2,2025-S2,Stable,48.2,12.8,39.0,48.2
z_42.0_18.0,2026,1,2026-S1,Diminution,60.0,7.6,60.0,32.4
z_42.0_18.0,2026,2,2026-S2,Diminution,44.6,15.3,44.6,40.1
z_42.0_18.0,2027,1,2027-S1,Diminution,61.5,7.9,61.5,30.6
z_42.0_18.0,2027,2,2027-S2,Diminution,43.8,13.7,43.8,42.5
z_42.0_18.0,2028,1,2028-S1,Diminution,58.3,8.7,58.3,33.0
z_42.0_18.0,2028,2,2028-S2,Diminution,45.7,16.7,45.7,37.6
z_42.0_18.0,2029,1,2029-S1,Diminution,58.3,8.7,58.3,33.0
z_42.0_18.0,2029,2,2029-S2,Diminution,45.7,16.7,45.7,37.6
z_42.0_18.0,2030,1,2030-S1,Diminution,58.3,8.7,58.3,33.0
z_42.0_18.0,2030,2,2030-S2,Diminution,45.7,16.7,45.7,37.6
z_42.0_27.0,2023,1,2023-S1,Augmentation,54.7,54.7,11.5,33.8
z_42.0_27.0,2023,2,2023-S2,Augmentation,64.9,64.9,11.9,23.3
z_42.0_27.0,2024,1,2024-S1,Augmentation,45.2,45.2,18.1,36.6
z_42.0_27.0,2024,2,2024-S2,Augmentation,38.7,38.7,27.9,33.4
z_42.0_27.0,2025,1,2025-S1,Stable,46.3,26.2,27.5,46.3
z_42.0_27.0,2025,2,2025-S2,Stable,41.5,31.0,27.5,41.5
z_42.0_27.0,2026,1,2026-S1,Stable,45.3,30.5,24.2,45.3
z_42.0_27.0,2026,2,2026-S2,Stable,37.5,30.3,32.3,37.5
z_42.0_27.0,2027,1,2027-S1,Stable,47.2,30.4,22.4,47.2
z_42.0_27.0,2027,2,2027-S2,Stable,38.8,31.5,29.7,38.8
z_42.0_27.0,2028,1,2028-S1,Stable,46.5,30.1,23.5,46.5
z_42.0_27.0,2028,2,2028-S2,Stable,37.8,31.7,30.4,37.8
z_42.0_27.0,2029,1,2029-S1,Stable,45.2,30.5,24.3,45.2
z_42.0_27.0,2029,2,2029-S2,Stable,37.6,31.1,31.3,37.6
z_42.0_27.0,2030,1,2030-S1,Stable,45.2,30.4,24.3,45.2
z_42.0_27.0,2030,2,2030-S2,Stable,37.5,31.1,31.5,37.5
z_42.0_28.5,2023,1,2023-S1,Diminution,58.3,7.7,58.3,33.9
z_42.0_28.5,2023,2,2023-S2,Diminution,57.3,7.1,57.3,35.6
z_42.0_28.5,2024,1,2024-S1,Diminution,47.5,19.6,47.5,32.9
z_42.0_28.5,2024,2,2024-S2,Diminution,48.0,12.3,48.0,39.8
z_42.0_28.5,2025,1,2025-S1,Diminution,52.1,9.2,52.1,38.7
z_42.0_28.5,2025,2,2025-S2,Diminution,60.8,7.1,60.8,32.1
z_42.0_28.5,2026,1,2026-S1,Diminution,57.4,7.9,57.4,34.7
z_42.0_28.5,2026,2,2026-S2,Diminution,64.0,3.1,64.0,32.9
z_42.0_28.5,2027,1,2027-S1,Diminution,58.3,7.7,58.3,33.9
z_42.0_28.5,2027,2,2027-S2,Diminution,70.2,3.6,70.2,26.1
z_42.0_28.5,2028,1,2028-S1,Diminution,58.3,7.7,58.3,33.9
z_42.0_28.5,2028,2,2028-S2,Diminution,70.2,3.6,70.2,26.1
z_42.0_28.5,2029,1,2029-S1,Diminution,58.3,7.7,58.3,33.9
z_42.0_28.5,2029,2,2029-S2,Diminution,70.2,3.6,70.2,26.1
z_42.0_28.5,2030,1,2030-S1,Diminution,58.3,7.7,58.3,33.9
z_42.0_28.5,2030,2,2030-S2,Diminution,70.2,3.6,70.2,26.1
z_42.0_3.0,2023,1,2023-S1,Augmentation,50.3,50.3,32.4,17.3
z_42.0_3.0,2023,2,2023-S2,Augmentation,60.4,60.4,21.1,18.5
z_42.0_3.0,2024,1,2024-S1,Augmentation,64.6,64.6,17.1,18.3
z_42.0_3.0,2024,2,2024-S2,Augmentation,64.7,64.7,11.5,23.8
z_42.0_3.0,2025,1,2025-S1,Augmentation,63.9,63.9,18.3,17.8
z_42.0_3.0,2025,2,2025-S2,Augmentation,70.2,70.2,14.2,15.6
z_42.0_3.0,2026,1,2026-S1,Augmentation,45.3,45.3,32.7,22.0
z_42.0_3.0,2026,2,2026-S2,Augmentation,59.4,59.4,24.9,15.7
z_42.0_3.0,2027,1,2027-S1,Augmentation,60.4,60.4,19.9,19.7
z_42.0_3.0,2027,2,2027-S2,Augmentation,60.6,60.6,19.0,20.4
z_42.0_3.0,2028,1,2028-S1,Augmentation,61.1,61.1,21.2,17.6
z_42.0_3.0,2028,2,2028-S2,Augmentation,68.9,68.9,16.2,14.9
z_42.0_3.0,2029,1,2029-S1,Augmentation,63.5,63.5,19.8,16.7
z_42.0_3.0,2029,2,2029-S2,Augmentation,70.7,70.7,15.7,13.6
z_42.0_3.0,2030,1,2030-S1,Augmentation,66.2,66.2,17.8,16.1
z_42.0_3.0,2030,2,2030-S2,Augmentation,72.7,72.7,13.8,13.5
z_42.0_4.5,2023,1,2023-S1,Augmentation,54.2,54.2,20.2,25.6
z_42.0_4.5,2023,2,2023-S2,Augmentation,63.9,63.9,19.9,16.2
z_42.0_4.5,2024,1,2024-S1,Augmentation,65.5,65.5,15.3,19.2
z_42.0_4.5,2024,2,2024-S2,Augmentation,63.8,63.8,14.5,21.7
z_42.0_4.5,2025,1,2025-S1,Augmentation,52.5,52.5,19.6,27.8
z_42.0_4.5,2025,2,2025-S2,Augmentation,42.4,42.4,31.1,26.5
z_42.0_4.5,2026,1,2026-S1,Augmentation,42.0,42.0,32.2,25.9
z_42.0_4.5,2026,2,2026-S2,Augmentation,46.1,46.1,24.0,29.9
z_42.0_4.5,2027,1,2027-S1,Augmentation,46.0,46.0,19.1,34.9
z_42.0_4.5,2027,2,2027-S2,Augmentation,45.4,45.4,21.0,33.6
z_42.0_4.5,2028,1,2028-S1,Augmentation,43.6,43.6,21.8,34.6
z_42.0_4.5,2028,2,2028-S2,Augmentation,51.9,51.9,19.5,28.5
z_42.0_4.5,2029,1,2029-S1,Augmentation,47.9,47.9,18.7,33.5
z_42.0_4.5,2029,2,2029-S2,Augmentation,49.3,49.3,18.4,32.3
z_42.0_4.5,2030,1,2030-S1,Augmentation,48.1,48.1,18.1,33.8
z_42.0_4.5,2030,2,2030-S2,Augmentation,53.5,53.5,18.2,28.3
z_42.0_6.0,2023,1,2023-S1,Augmentation,40.6,40.6,22.8,36.7
z_42.0_6.0,2023,2,2023-S2,Augmentation,51.5,51.5,16.3,32.1
z_42.0_6.0,2024,1,2024-S1,Stable,42.1,39.1,18.9,42.1
z_42.0_6.0,2024,2,2024-S2,Augmentation,46.4,46.4,16.1,37.4
z_42.0_6.0,2025,1,2025-S1,Augmentation,43.4,43.4,21.7,34.9
z_42.0_6.0,2025,2,2025-S2,Stable,48.2,28.1,23.7,48.2
z_42.0_6.0,2026,1,2026-S1,Stable,43.3,22.4,34.3,43.3
z_42.0_6.0,2026,2,2026-S2,Stable,43.8,37.7,18.5,43.8
z_42.0_6.0,2027,1,2027-S1,Stable,40.4,35.2,24.4,40.4
z_42.0_6.0,2027,2,2027-S2,Stable,43.8,37.9,18.3,43.8
z_42.0_6.0,2028,1,2028-S1,Stable,39.3,31.7,29.0,39.3
z_42.0_6.0,2028,2,2028-S2,Augmentation,42.0,42.0,16.8,41.1
z_42.0_6.0,2029,1,2029-S1,Stable,40.6,35.7,23.7,40.6
z_42.0_6.0,2029,2,2029-S2,Augmentation,42.0,42.0,17.0,41.0
z_42.0_6.0,2030,1,2030-S1,Stable,40.5,35.8,23.7,40.5
z_42.0_6.0,2030,2,2030-S2,Augmentation,42.0,42.0,17.0,41.0
z_42.0_7.5,2023,1,2023-S1,Stable,57.1,13.0,29.9,57.1
z_42.0_7.5,2023,2,2023-S2,Stable,53.2,17.3,29.4,53.2
z_42.0_7.5,2024,1,2024-S1,Stable,60.2,19.9,19.9,60.2
z_42.0_7.5,2024,2,2024-S2,Stable,57.3,23.2,19.4,57.3
z_42.0_7.5,2025,1,2025-S1,Stable,62.1,14.8,23.1,62.1
z_42.0_7.5,2025,2,2025-S2,Diminution,41.1,21.7,41.1,37.2
z_42.0_7.5,2026,1,2026-S1,Diminution,43.7,14.9,43.7,41.3
z_42.0_7.5,2026,2,2026-S2,Diminution,43.9,16.0,43.9,40.0
z_42.0_7.5,2027,1,2027-S1,Diminution,43.6,16.6,43.6,39.8
z_42.0_7.5,2027,2,2027-S2,Diminution,44.9,14.1,44.9,41.0
z_42.0_7.5,2028,1,2028-S1,Diminution,45.4,15.7,45.4,39.0
z_42.0_7.5,2028,2,2028-S2,Diminution,44.9,14.1,44.9,41.0
z_42.0_7.5,2029,1,2029-S1,Diminution,45.4,15.7,45.4,39.0
z_42.0_7.5,2029,2,2029-S2,Diminution,44.9,14.1,44.9,41.0
z_42.0_7.5,2030,1,2030-S1,Diminution,45.4,15.7,45.4,39.0
z_42.0_7.5,2030,2,2030-S2,Diminution,44.9,14.1,44.9,41.0
z_42.0_9.0,2023,1,2023-S1,Augmentation,39.3,39.3,29.0,31.6
z_42.0_9.0,2023,2,2023-S2,Augmentation,56.1,56.1,22.7,21.2
z_42.0_9.0,2024,1,2024-S1,Augmentation,38.7,38.7,23.0,38.3
z_42.0_9.0,2024,2,2024-S2,Augmentation,40.8,40.8,30.6,28.6
z_42.0_9.0,2025,1,2025-S1,Augmentation,44.0,44.0,28.4,27.6
z_42.0_9.0,2025,2,2025-S2,Augmentation,39.0,39.0,28.2,32.9
z_42.0_9.0,2026,1,2026-S1,Augmentation,43.1,43.1,22.9,34.0
z_42.0_9.0,2026,2,2026-S2,Augmentation,42.3,42.3,23.6,34.0
z_42.0_9.0,2027,1,2027-S1,Augmentation,43.4,43.4,22.1,34.5
z_42.0_9.0,2027,2,2027-S2,Augmentation,52.6,52.6,23.0,24.4
z_42.0_9.0,2028,1,2028-S1,Augmentation,43.3,43.3,21.8,34.9
z_42.0_9.0,2028,2,2028-S2,Augmentation,42.7,42.7,25.3,32.1
z_42.0_9.0,2029,1,2029-S1,Augmentation,45.2,45.2,20.0,34.8
z_42.0_9.0,2029,2,2029-S2,Augmentation,46.5,46.5,23.1,30.4
z_42.0_9.0,2030,1,2030-S1,Augmentation,44.1,44.1,20.0,35.9
z_42.0_9.0,2030,2,2030-S2,Augmentation,45.7,45.7,22.8,31.6
z_43.5_-1.5,2023,1,2023-S1,Augmentation,41.6,41.6,22.5,35.9
z_43.5_-1.5,2023,2,2023-S2,Stable,43.4,32.6,24.1,43.4
z_43.5_-1.5,2024,1,2024-S1,Stable,44.4,31.9,23.7,44.4
z_43.5_-1.5,2024,2,2024-S2,Augmentation,45.2,45.2,16.8,38.0
z_43.5_-1.5,2025,1,2025-S1,Augmentation,42.4,42.4,20.2,37.3
z_43.5_-1.5,2025,2,2025-S2,Augmentation,53.5,53.5,16.9,29.6
z_43.5_-1.5,2026,1,2026-S1,Augmentation,55.4,55.4,15.0,29.6
z_43.5_-1.5,2026,2,2026-S2,Augmentation,49.2,49.2,18.5,32.3
z_43.5_-1.5,2027,1,2027-S1,Augmentation,45.1,45.1,18.2,36.7
z_43.5_-1.5,2027,2,2027-S2,Augmentation,49.5,49.5,17.3,33.2
z_43.5_-1.5,2028,1,2028-S1,Augmentation,51.6,51.6,16.9,31.5
z_43.5_-1.5,2028,2,2028-S2,Augmentation,58.0,58.0,13.8,28.2
z_43.5_-1.5,2029,1,2029-S1,Augmentation,53.8,53.8,15.5,30.7
z_43.5_-1.5,2029,2,2029-S2,Augmentation,59.6,59.6,13.3,27.1
z_43.5_-1.5,2030,1,2030-S1,Augmentation,53.7,53.7,15.6,30.7
z_43.5_-1.5,2030,2,2030-S2,Augmentation,58.1,58.1,13.5,28.4
z_43.5_-10.5,2023,1,2023-S1,Stable,42.1,15.9,42.0,42.1
z_43.5_-10.5,2023,2,2023-S2,Diminution,59.7,11.4,59.7,28.9
z_43.5_-10.5,2024,1,2024-S1,Stable,43.3,15.3,41.4,43.3
z_43.5_-10.5,2024,2,2024-S2,Diminution,58.7,12.5,58.7,28.8
z_43.5_-10.5,2025,1,2025-S1,Stable,44.8,17.0,38.2,44.8
z_43.5_-10.5,2025,2,2025-S2,Diminution,54.7,10.7,54.7,34.6
z_43.5_-10.5,2026,1,2026-S1,Stable,43.5,15.5,41.0,43.5
z_43.5_-10.5,2026,2,2026-S2,Diminution,50.7,11.6,50.7,37.8
z_43.5_-10.5,2027,1,2027-S1,Stable,42.9,15.8,41.3,42.9
z_43.5_-10.5,2027,2,2027-S2,Diminution,54.4,10.8,54.4,34.8
z_43.5_-10.5,2028,1,2028-S1,Diminution,43.0,16.6,43.0,40.4
z_43.5_-10.5,2028,2,2028-S2,Diminution,57.9,11.2,57.9,30.9
z_43.5_-10.5,2029,1,2029-S1,Diminution,43.0,16.6,43.0,40.4
z_43.5_-10.5,2029,2,2029-S2,Diminution,57.9,11.2,57.9,30.9
z_43.5_-10.5,2030,1,2030-S1,Diminution,43.0,16.6,43.0,40.4
z_43.5_-10.5,2030,2,2030-S2,Diminution,57.9,11.2,57.9,30.9
z_43.5_-3.0,2023,1,2023-S1,Augmentation,41.8,41.8,20.9,37.3
z_43.5_-3.0,2023,2,2023-S2,Augmentation,40.4,40.4,21.1,38.5
z_43.5_-3.0,2024,1,2024-S1,Augmentation,44.6,44.6,15.7,39.7
z_43.5_-3.0,2024,2,2024-S2,Stable,45.4,37.7,16.9,45.4
z_43.5_-3.0,2025,1,2025-S1,Augmentation,42.3,42.3,17.4,40.3
z_43.5_-3.0,2025,2,2025-S2,Augmentation,42.1,42.1,22.3,35.6
z_43.5_-3.0,2026,1,2026-S1,Stable,45.9,33.9,20.3,45.9
z_43.5_-3.0,2026,2,2026-S2,Stable,36.2,30.6,33.2,36.2
z_43.5_-3.0,2027,1,2027-S1,Stable,46.1,37.9,16.0,46.1
z_43.5_-3.0,2027,2,2027-S2,Stable,39.8,38.1,22.1,39.8
z_43.5_-3.0,2028,1,2028-S1,Stable,44.4,40.5,15.1,44.4
z_43.5_-3.0,2028,2,2028-S2,Stable,39.9,39.0,21.1,39.9
z_43.5_-3.0,2029,1,2029-S1,Augmentation,44.2,44.2,14.1,41.8
z_43.5_-3.0,2029,2,2029-S2,Stable,41.4,39.9,18.7,41.4
z_43.5_-3.0,2030,1,2030-S1,Augmentation,46.9,46.9,13.1,39.9
z_43.5_-3.0,2030,2,2030-S2,Augmentation,47.2,47.2,15.3,37.5
z_43.5_-33.0,2023,1,2023-S1,Diminution,87.4,1.2,87.4,11.4
z_43.5_-33.0,2023,2,2023-S2,Diminution,86.2,1.3,86.2,12.5
z_43.5_-33.0,2024,1,2024-S1,Diminution,87.4,1.2,87.4,11.4
z_43.5_-33.0,2024,2,2024-S2,Diminution,86.2,1.3,86.2,12.5
z_43.5_-33.0,2025,1,2025-S1,Diminution,74.1,8.3,74.1,17.6
z_43.5_-33.0,2025,2,2025-S2,Diminution,67.6,5.2,67.6,27.2
z_43.5_-33.0,2026,1,2026-S1,Diminution,83.6,5.0,83.6,11.4
z_43.5_-33.0,2026,2,2026-S2,Diminution,65.4,7.8,65.4,26.8
z_43.5_-33.0,2027,1,2027-S1,Diminution,81.2,2.8,81.2,16.0
z_43.5_-33.0,2027,2,2027-S2,Diminution,79.2,2.7,79.2,18.1
z_43.5_-33.0,2028,1,2028-S1,Diminution,87.4,1.2,87.4,11.4
z_43.5_-33.0,2028,2,2028-S2,Diminution,86.2,1.3,86.2,12.5
z_43.5_-33.0,2029,1,2029-S1,Diminution,87.4,1.2,87.4,11.4
z_43.5_-33.0,2029,2,2029-S2,Diminution,86.2,1.3,86.2,12.5
z_43.5_-33.0,2030,1,2030-S1,Diminution,87.4,1.2,87.4,11.4
z_43.5_-33.0,2030,2,2030-S2,Diminution,86.2,1.3,86.2,12.5
z_43.5_-4.5,2023,1,2023-S1,Stable,49.3,24.3,26.4,49.3
z_43.5_-4.5,2023,2,2023-S2,Stable,45.2,30.8,24.0,45.2
z_43.5_-4.5,2024,1,2024-S1,Augmentation,36.2,36.2,29.6,34.3
z_43.5_-4.5,2024,2,2024-S2,Augmentation,52.7,52.7,13.6,33.7
z_43.5_-4.5,2025,1,2025-S1,Stable,41.8,39.6,18.7,41.8
z_43.5_-4.5,2025,2,2025-S2,Augmentation,49.3,49.3,19.8,30.9
z_43.5_-4.5,2026,1,2026-S1,Augmentation,47.1,47.1,16.9,36.0
z_43.5_-4.5,2026,2,2026-S2,Augmentation,40.7,40.7,20.0,39.3
z_43.5_-4.5,2027,1,2027-S1,Augmentation,57.7,57.7,14.4,27.9
z_43.5_-4.5,2027,2,2027-S2,Augmentation,52.1,52.1,14.4,33.5
z_43.5_-4.5,2028,1,2028-S1,Augmentation,50.9,50.9,14.3,34.8
z_43.5_-4.5,2028,2,2028-S2,Augmentation,55.6,55.6,11.5,32.9
z_43.5_-4.5,2029,1,2029-S1,Augmentation,49.8,49.8,14.6,35.6
z_43.5_-4.5,2029,2,2029-S2,Augmentation,56.0,56.0,12.1,32.0
z_43.5_-4.5,2030,1,2030-S1,Augmentation,49.7,49.7,14.5,35.7
z_43.5_-4.5,2030,2,2030-S2,Augmentation,55.7,55.7,12.2,32.1
z_43.5_-6.0,2023,1,2023-S1,Augmentation,50.0,50.0,18.6,31.4
z_43.5_-6.0,2023,2,2023-S2,Augmentation,40.1,40.1,29.5,30.4
z_43.5_-6.0,2024,1,2024-S1,Augmentation,35.0,35.0,32.4,32.6
z_43.5_-6.0,2024,2,2024-S2,Stable,39.0,33.8,27.2,39.0
z_43.5_-6.0,2025,1,2025-S1,Stable,42.7,37.2,20.1,42.7
z_43.5_-6.0,2025,2,2025-S2,Augmentation,59.7,59.7,12.3,28.0
z_43.5_-6.0,2026,1,2026-S1,Augmentation,50.1,50.1,16.4,33.5
z_43.5_-6.0,2026,2,2026-S2,Augmentation,55.9,55.9,16.2,27.9
z_43.5_-6.0,2027,1,2027-S1,Augmentation,43.8,43.8,20.7,35.5
z_43.5_-6.0,2027,2,2027-S2,Augmentation,51.2,51.2,17.5,31.3
z_43.5_-6.0,2028,1,2028-S1,Augmentation,49.4,49.4,16.7,33.9
z_43.5_-6.0,2028,2,2028-S2,Augmentation,57.0,57.0,14.2,28.8
z_43.5_-6.0,2029,1,2029-S1,Augmentation,49.6,49.6,15.8,34.7
z_43.5_-6.0,2029,2,2029-S2,Augmentation,57.6,57.6,14.6,27.8
z_43.5_-6.0,2030,1,2030-S1,Augmentation,51.4,51.4,16.5,32.1
z_43.5_-6.0,2030,2,2030-S2,Augmentation,56.7,56.7,14.7,28.5
z_43.5_-7.5,2023,1,2023-S1,Stable,42.1,29.4,28.5,42.1
z_43.5_-7.5,2023,2,2023-S2,Augmentation,41.5,41.5,19.7,38.8
z_43.5_-7.5,2024,1,2024-S1,Augmentation,47.4,47.4,15.3,37.3
z_43.5_-7.5,2024,2,2024-S2,Augmentation,53.0,53.0,18.1,29.0
z_43.5_-7.5,2025,1,2025-S1,Augmentation,68.6,68.6,14.0,17.4
z_43.5_-7.5,2025,2,2025-S2,Augmentation,42.5,42.5,21.6,35.8
z_43.5_-7.5,2026,1,2026-S1,Augmentation,40.4,40.4,28.4,31.2
z_43.5_-7.5,2026,2,2026-S2,Augmentation,49.4,49.4,18.0,32.6
z_43.5_-7.5,2027,1,2027-S1,Augmentation,48.5,48.5,18.2,33.4
z_43.5_-7.5,2027,2,2027-S2,Augmentation,53.1,53.1,17.0,29.9
z_43.5_-7.5,2028,1,2028-S1,Augmentation,55.1,55.1,15.5,29.4
z_43.5_-7.5,2028,2,2028-S2,Augmentation,56.8,56.8,14.2,29.1
z_43.5_-7.5,2029,1,2029-S1,Augmentation,53.4,53.4,14.8,31.8
z_43.5_-7.5,2029,2,2029-S2,Augmentation,54.7,54.7,14.6,30.7
z_43.5_-7.5,2030,1,2030-S1,Augmentation,53.2,53.2,14.8,32.0
z_43.5_-7.5,2030,2,2030-S2,Augmentation,53.4,53.4,14.9,31.7
z_43.5_-9.0,2023,1,2023-S1,Augmentation,52.0,52.0,19.9,28.1
z_43.5_-9.0,2023,2,2023-S2,Augmentation,62.8,62.8,11.6,25.6
z_43.5_-9.0,2024,1,2024-S1,Augmentation,57.6,57.6,23.4,19.0
z_43.5_-9.0,2024,2,2024-S2,Augmentation,67.0,67.0,16.0,17.0
z_43.5_-9.0,2025,1,2025-S1,Augmentation,62.5,62.5,19.6,17.9
z_43.5_-9.0,2025,2,2025-S2,Augmentation,70.6,70.6,11.4,18.0
z_43.5_-9.0,2026,1,2026-S1,Augmentation,59.6,59.6,20.1,20.3
z_43.5_-9.0,2026,2,2026-S2,Augmentation,64.5,64.5,18.0,17.5
z_43.5_-9.0,2027,1,2027-S1,Augmentation,64.8,64.8,18.0,17.1
z_43.5_-9.0,2027,2,2027-S2,Augmentation,65.3,65.3,14.5,20.2
z_43.5_-9.0,2028,1,2028-S1,Augmentation,63.6,63.6,16.0,20.4
z_43.5_-9.0,2028,2,2028-S2,Augmentation,70.9,70.9,13.4,15.7
z_43.5_-9.0,2029,1,2029-S1,Augmentation,66.6,66.6,15.7,17.7
z_43.5_-9.0,2029,2,2029-S2,Augmentation,73.3,73.3,11.6,15.1
z_43.5_-9.0,2030,1,2030-S1,Augmentation,66.1,66.1,15.2,18.7
z_43.5_-9.0,2030,2,2030-S2,Augmentation,73.6,73.6,12.1,14.2
z_43.5_12.0,2023,1,2023-S1,Augmentation,57.4,57.4,13.7,29.0
z_43.5_12.0,2023,2,2023-S2,Augmentation,78.0,78.0,7.6,14.4
z_43.5_12.0,2024,1,2024-S1,Augmentation,73.4,73.4,7.3,19.3
z_43.5_12.0,2024,2,2024-S2,Augmentation,77.1,77.1,8.6,14.3
z_43.5_12.0,2025,1,2025-S1,Augmentation,68.2,68.2,11.3,20.5
z_43.5_12.0,2025,2,2025-S2,Augmentation,76.9,76.9,10.8,12.3
z_43.5_12.0,2026,1,2026-S1,Augmentation,69.0,69.0,16.9,14.1
z_43.5_12.0,2026,2,2026-S2,Augmentation,70.0,70.0,16.5,13.5
z_43.5_12.0,2027,1,2027-S1,Augmentation,71.0,71.0,11.7,17.3
z_43.5_12.0,2027,2,2027-S2,Augmentation,67.9,67.9,10.7,21.4
z_43.5_12.0,2028,1,2028-S1,Augmentation,71.7,71.7,10.9,17.5
z_43.5_12.0,2028,2,2028-S2,Augmentation,76.3,76.3,10.9,12.8
z_43.5_12.0,2029,1,2029-S1,Augmentation,73.8,73.8,10.5,15.7
z_43.5_12.0,2029,2,2029-S2,Augmentation,74.8,74.8,10.1,15.1
z_43.5_12.0,2030,1,2030-S1,Augmentation,73.7,73.7,9.3,17.0
z_43.5_12.0,2030,2,2030-S2,Augmentation,76.1,76.1,9.9,14.0
z_43.5_13.5,2023,1,2023-S1,Augmentation,56.8,56.8,14.9,28.3
z_43.5_13.5,2023,2,2023-S2,Augmentation,48.3,48.3,16.9,34.8
z_43.5_13.5,2024,1,2024-S1,Stable,37.3,36.7,26.1,37.3
z_43.5_13.5,2024,2,2024-S2,Augmentation,48.1,48.1,17.0,35.0
z_43.5_13.5,2025,1,2025-S1,Augmentation,49.5,49.5,15.9,34.6
z_43.5_13.5,2025,2,2025-S2,Augmentation,47.2,47.2,17.6,35.2
z_43.5_13.5,2026,1,2026-S1,Stable,38.0,30.5,31.4,38.0
z_43.5_13.5,2026,2,2026-S2,Augmentation,36.4,36.4,27.7,35.9
z_43.5_13.5,2027,1,2027-S1,Augmentation,42.3,42.3,21.5,36.2
z_43.5_13.5,2027,2,2027-S2,Augmentation,45.1,45.1,17.0,37.9
z_43.5_13.5,2028,1,2028-S1,Augmentation,41.5,41.5,20.3,38.2
z_43.5_13.5,2028,2,2028-S2,Augmentation,45.1,45.1,18.3,36.6
z_43.5_13.5,2029,1,2029-S1,Augmentation,43.9,43.9,18.9,37.2
z_43.5_13.5,2029,2,2029-S2,Augmentation,45.6,45.6,16.7,37.7
z_43.5_13.5,2030,1,2030-S1,Augmentation,44.4,44.4,17.3,38.3
z_43.5_13.5,2030,2,2030-S2,Augmentation,52.6,52.6,14.1,33.4
z_43.5_15.0,2023,1,2023-S1,Diminution,50.3,22.9,50.3,26.8
z_43.5_15.0,2023,2,2023-S2,Stable,40.3,28.5,31.2,40.3
z_43.5_15.0,2024,1,2024-S1,Diminution,38.5,27.5,38.5,34.0
z_43.5_15.0,2024,2,2024-S2,Stable,42.0,30.7,27.3,42.0
z_43.5_15.0,2025,1,2025-S1,Diminution,45.1,22.1,45.1,32.8
z_43.5_15.0,2025,2,2025-S2,Augmentation,40.8,40.8,23.3,35.9
z_43.5_15.0,2026,1,2026-S1,Augmentation,34.4,34.4,33.9,31.7
z_43.5_15.0,2026,2,2026-S2,Stable,38.8,32.7,28.5,38.8
z_43.5_15.0,2027,1,2027-S1,Diminution,41.9,24.3,41.9,33.9
z_43.5_15.0,2027,2,2027-S2,Stable,37.1,35.7,27.2,37.1
z_43.5_15.0,2028,1,2028-S1,Diminution,44.2,22.3,44.2,33.5
z_43.5_15.0,2028,2,2028-S2,Stable,37.6,33.3,29.1,37.6
z_43.5_15.0,2029,1,2029-S1,Diminution,43.5,23.3,43.5,33.2
z_43.5_15.0,2029,2,2029-S2,Stable,37.5,33.4,29.2,37.5
z_43.5_15.0,2030,1,2030-S1,Diminution,43.4,23.3,43.4,33.3
z_43.5_15.0,2030,2,2030-S2,Stable,37.5,33.4,29.2,37.5
z_43.5_28.5,2023,1,2023-S1,Diminution,39.0,25.4,39.0,35.6
z_43.5_28.5,2023,2,2023-S2,Stable,51.3,25.0,23.7,51.3
z_43.5_28.5,2024,1,2024-S1,Diminution,38.0,24.7,38.0,37.3
z_43.5_28.5,2024,2,2024-S2,Stable,44.7,30.4,25.0,44.7
z_43.5_28.5,2025,1,2025-S1,Diminution,41.5,27.0,41.5,31.4
z_43.5_28.5,2025,2,2025-S2,Stable,47.7,28.8,23.5,47.7
z_43.5_28.5,2026,1,2026-S1,Diminution,41.3,25.5,41.3,33.2
z_43.5_28.5,2026,2,2026-S2,Stable,50.1,27.8,22.1,50.1
z_43.5_28.5,2027,1,2027-S1,Diminution,41.0,24.1,41.0,34.9
z_43.5_28.5,2027,2,2027-S2,Stable,48.8,28.7,22.5,48.8
z_43.5_28.5,2028,1,2028-S1,Diminution,38.9,24.8,38.9,36.3
z_43.5_28.5,2028,2,2028-S2,Stable,47.7,26.6,25.6,47.7
z_43.5_28.5,2029,1,2029-S1,Diminution,38.0,25.5,38.0,36.5
z_43.5_28.5,2029,2,2029-S2,Stable,47.6,28.8,23.6,47.6
z_43.5_28.5,2030,1,2030-S1,Diminution,38.0,25.5,38.0,36.5
z_43.5_28.5,2030,2,2030-S2,Stable,47.6,28.8,23.6,47.6
z_43.5_30.0,2023,1,2023-S1,Diminution,91.5,1.5,91.5,7.0
z_43.5_30.0,2023,2,2023-S2,Diminution,94.6,0.9,94.6,4.5
z_43.5_30.0,2024,1,2024-S1,Diminution,83.1,1.6,83.1,15.3
z_43.5_30.0,2024,2,2024-S2,Diminution,87.0,4.4,87.0,8.6
z_43.5_30.0,2025,1,2025-S1,Diminution,86.7,3.6,86.7,9.7
z_43.5_30.0,2025,2,2025-S2,Diminution,87.2,1.8,87.2,11.0
z_43.5_30.0,2026,1,2026-S1,Diminution,87.9,3.6,87.9,8.5
z_43.5_30.0,2026,2,2026-S2,Diminution,93.3,0.6,93.3,6.2
z_43.5_30.0,2027,1,2027-S1,Diminution,91.5,1.5,91.5,7.0
z_43.5_30.0,2027,2,2027-S2,Diminution,93.3,0.6,93.3,6.2
z_43.5_30.0,2028,1,2028-S1,Diminution,91.5,1.5,91.5,7.0
z_43.5_30.0,2028,2,2028-S2,Diminution,93.3,0.6,93.3,6.2
z_43.5_30.0,2029,1,2029-S1,Diminution,91.5,1.5,91.5,7.0
z_43.5_30.0,2029,2,2029-S2,Diminution,93.3,0.6,93.3,6.2
z_43.5_30.0,2030,1,2030-S1,Diminution,91.5,1.5,91.5,7.0
z_43.5_30.0,2030,2,2030-S2,Diminution,93.3,0.6,93.3,6.2
z_43.5_36.0,2023,1,2023-S1,Diminution,64.1,7.3,64.1,28.6
z_43.5_36.0,2023,2,2023-S2,Diminution,77.6,3.3,77.6,19.1
z_43.5_36.0,2024,1,2024-S1,Diminution,63.1,8.4,63.1,28.5
z_43.5_36.0,2024,2,2024-S2,Diminution,61.6,7.7,61.6,30.7
z_43.5_36.0,2025,1,2025-S1,Diminution,51.4,14.0,51.4,34.6
z_43.5_36.0,2025,2,2025-S2,Diminution,71.4,5.2,71.4,23.3
z_43.5_36.0,2026,1,2026-S1,Diminution,59.6,10.0,59.6,30.4
z_43.5_36.0,2026,2,2026-S2,Diminution,71.0,4.8,71.0,24.2
z_43.5_36.0,2027,1,2027-S1,Diminution,64.1,7.3,64.1,28.6
z_43.5_36.0,2027,2,2027-S2,Diminution,77.6,3.3,77.6,19.1
z_43.5_36.0,2028,1,2028-S1,Diminution,63.1,8.4,63.1,28.5
z_43.5_36.0,2028,2,2028-S2,Diminution,77.6,3.3,77.6,19.1
z_43.5_36.0,2029,1,2029-S1,Diminution,63.1,8.4,63.1,28.5
z_43.5_36.0,2029,2,2029-S2,Diminution,77.6,3.3,77.6,19.1
z_43.5_36.0,2030,1,2030-S1,Diminution,63.1,8.4,63.1,28.5
z_43.5_36.0,2030,2,2030-S2,Diminution,77.6,3.3,77.6,19.1
z_43.5_37.5,2023,1,2023-S1,Diminution,37.7,26.2,37.7,36.1
z_43.5_37.5,2023,2,2023-S2,Stable,51.8,23.5,24.7,51.8
z_43.5_37.5,2024,1,2024-S1,Diminution,38.5,26.9,38.5,34.6
z_43.5_37.5,2024,2,2024-S2,Diminution,41.4,18.4,41.4,40.2
z_43.5_37.5,2025,1,2025-S1,Diminution,41.9,28.0,41.9,30.1
z_43.5_37.5,2025,2,2025-S2,Diminution,42.4,20.8,42.4,36.8
z_43.5_37.5,2026,1,2026-S1,Diminution,45.9,27.8,45.9,26.2
z_43.5_37.5,2026,2,2026-S2,Diminution,42.6,16.8,42.6,40.6
z_43.5_37.5,2027,1,2027-S1,Diminution,43.7,26.6,43.7,29.6
z_43.5_37.5,2027,2,2027-S2,Diminution,42.6,16.8,42.6,40.6
z_43.5_37.5,2028,1,2028-S1,Diminution,43.7,26.6,43.7,29.6
z_43.5_37.5,2028,2,2028-S2,Diminution,42.6,16.8,42.6,40.6
z_43.5_37.5,2029,1,2029-S1,Diminution,43.7,26.6,43.7,29.6
z_43.5_37.5,2029,2,2029-S2,Diminution,42.6,16.8,42.6,40.6
z_43.5_37.5,2030,1,2030-S1,Diminution,43.7,26.6,43.7,29.6
z_43.5_37.5,2030,2,2030-S2,Diminution,42.6,16.8,42.6,40.6
z_43.5_6.0,2023,1,2023-S1,Diminution,62.6,12.2,62.6,25.2
z_43.5_6.0,2023,2,2023-S2,Diminution,54.6,12.3,54.6,33.1
z_43.5_6.0,2024,1,2024-S1,Diminution,48.7,18.7,48.7,32.6
z_43.5_6.0,2024,2,2024-S2,Diminution,43.6,16.0,43.6,40.3
z_43.5_6.0,2025,1,2025-S1,Diminution,45.6,16.7,45.6,37.7
z_43.5_6.0,2025,2,2025-S2,Diminution,57.2,9.2,57.2,33.6
z_43.5_6.0,2026,1,2026-S1,Diminution,63.4,13.1,63.4,23.5
z_43.5_6.0,2026,2,2026-S2,Diminution,54.0,14.1,54.0,32.0
z_43.5_6.0,2027,1,2027-S1,Diminution,70.3,7.2,70.3,22.5
z_43.5_6.0,2027,2,2027-S2,Diminution,52.9,15.5,52.9,31.6
z_43.5_6.0,2028,1,2028-S1,Diminution,70.7,6.4,70.7,22.9
z_43.5_6.0,2028,2,2028-S2,Diminution,53.5,14.0,53.5,32.5
z_43.5_6.0,2029,1,2029-S1,Diminution,70.7,6.4,70.7,22.9
z_43.5_6.0,2029,2,2029-S2,Diminution,53.5,14.0,53.5,32.5
z_43.5_6.0,2030,1,2030-S1,Diminution,70.7,6.4,70.7,22.9
z_43.5_6.0,2030,2,2030-S2,Diminution,53.5,14.0,53.5,32.5
z_43.5_7.5,2023,1,2023-S1,Augmentation,50.5,50.5,30.4,19.0
z_43.5_7.5,2023,2,2023-S2,Augmentation,71.8,71.8,10.5,17.7
z_43.5_7.5,2024,1,2024-S1,Augmentation,52.7,52.7,23.1,24.2
z_43.5_7.5,2024,2,2024-S2,Augmentation,64.2,64.2,15.8,20.0
z_43.5_7.5,2025,1,2025-S1,Augmentation,52.7,52.7,27.4,19.9
z_43.5_7.5,2025,2,2025-S2,Augmentation,59.6,59.6,18.1,22.2
z_43.5_7.5,2026,1,2026-S1,Augmentation,49.3,49.3,31.2,19.6
z_43.5_7.5,2026,2,2026-S2,Augmentation,61.2,61.2,16.8,22.1
z_43.5_7.5,2027,1,2027-S1,Augmentation,49.4,49.4,29.4,21.2
z_43.5_7.5,2027,2,2027-S2,Augmentation,58.6,58.6,17.5,23.8
z_43.5_7.5,2028,1,2028-S1,Augmentation,52.9,52.9,26.7,20.5
z_43.5_7.5,2028,2,2028-S2,Augmentation,62.2,62.2,16.7,21.2
z_43.5_7.5,2029,1,2029-S1,Augmentation,52.2,52.2,27.4,20.5
z_43.5_7.5,2029,2,2029-S2,Augmentation,63.2,63.2,16.6,20.2
z_43.5_7.5,2030,1,2030-S1,Augmentation,52.7,52.7,27.4,19.9
z_43.5_7.5,2030,2,2030-S2,Augmentation,66.2,66.2,16.3,17.4
z_43.5_9.0,2023,1,2023-S1,Augmentation,48.6,48.6,21.9,29.5
z_43.5_9.0,2023,2,2023-S2,Augmentation,60.6,60.6,12.2,27.2
z_43.5_9.0,2024,1,2024-S1,Augmentation,52.2,52.2,22.9,24.8
z_43.5_9.0,2024,2,2024-S2,Augmentation,52.2,52.2,14.0,33.8
z_43.5_9.0,2025,1,2025-S1,Augmentation,51.5,51.5,20.9,27.6
z_43.5_9.0,2025,2,2025-S2,Augmentation,61.0,61.0,14.8,24.2
z_43.5_9.0,2026,1,2026-S1,Augmentation,56.3,56.3,22.2,21.5
z_43.5_9.0,2026,2,2026-S2,Augmentation,62.8,62.8,13.3,23.9
z_43.5_9.0,2027,1,2027-S1,Augmentation,57.6,57.6,21.6,20.9
z_43.5_9.0,2027,2,2027-S2,Augmentation,60.5,60.5,14.8,24.7
z_43.5_9.0,2028,1,2028-S1,Augmentation,57.6,57.6,21.0,21.3
z_43.5_9.0,2028,2,2028-S2,Augmentation,63.8,63.8,14.1,22.1
z_43.5_9.0,2029,1,2029-S1,Augmentation,59.4,59.4,20.1,20.5
z_43.5_9.0,2029,2,2029-S2,Augmentation,65.2,65.2,13.7,21.1
z_43.5_9.0,2030,1,2030-S1,Augmentation,60.7,60.7,20.0,19.3
z_43.5_9.0,2030,2,2030-S2,Augmentation,69.1,69.1,13.5,17.3
z_45.0_-1.5,2023,1,2023-S1,Augmentation,59.4,59.4,17.1,23.5
z_45.0_-1.5,2023,2,2023-S2,Augmentation,67.2,67.2,16.0,16.7
z_45.0_-1.5,2024,1,2024-S1,Augmentation,64.4,64.4,14.1,21.6
z_45.0_-1.5,2024,2,2024-S2,Augmentation,41.4,41.4,28.6,29.9
z_45.0_-1.5,2025,1,2025-S1,Augmentation,55.9,55.9,18.7,25.4
z_45.0_-1.5,2025,2,2025-S2,Augmentation,53.6,53.6,20.0,26.4
z_45.0_-1.5,2026,1,2026-S1,Augmentation,56.3,56.3,14.5,29.2
z_45.0_-1.5,2026,2,2026-S2,Augmentation,53.1,53.1,17.2,29.7
z_45.0_-1.5,2027,1,2027-S1,Augmentation,54.9,54.9,15.0,30.1
z_45.0_-1.5,2027,2,2027-S2,Augmentation,60.3,60.3,14.9,24.8
z_45.0_-1.5,2028,1,2028-S1,Augmentation,52.8,52.8,14.0,33.2
z_45.0_-1.5,2028,2,2028-S2,Augmentation,56.8,56.8,14.7,28.5
z_45.0_-1.5,2029,1,2029-S1,Augmentation,56.3,56.3,14.6,29.1
z_45.0_-1.5,2029,2,2029-S2,Augmentation,63.6,63.6,15.0,21.4
z_45.0_-1.5,2030,1,2030-S1,Augmentation,62.4,62.4,14.5,23.1
z_45.0_-1.5,2030,2,2030-S2,Augmentation,62.6,62.6,15.6,21.9
z_45.0_-19.5,2023,1,2023-S1,Diminution,76.5,2.1,76.5,21.4
z_45.0_-19.5,2023,2,2023-S2,Diminution,75.2,2.3,75.2,22.5
z_45.0_-19.5,2024,1,2024-S1,Diminution,76.5,2.1,76.5,21.4
z_45.0_-19.5,2024,2,2024-S2,Diminution,65.9,5.6,65.9,28.4
z_45.0_-19.5,2025,1,2025-S1,Diminution,53.1,5.3,53.1,41.6
z_45.0_-19.5,2025,2,2025-S2,Diminution,71.3,2.9,71.3,25.7
z_45.0_-19.5,2026,1,2026-S1,Diminution,67.6,4.3,67.6,28.1
z_45.0_-19.5,2026,2,2026-S2,Diminution,70.9,3.3,70.9,25.8
z_45.0_-19.5,2027,1,2027-S1,Diminution,65.3,2.2,65.3,32.4
z_45.0_-19.5,2027,2,2027-S2,Diminution,75.2,2.3,75.2,22.5
z_45.0_-19.5,2028,1,2028-S1,Diminution,76.5,2.1,76.5,21.4
z_45.0_-19.5,2028,2,2028-S2,Diminution,75.2,2.3,75.2,22.5
z_45.0_-19.5,2029,1,2029-S1,Diminution,76.5,2.1,76.5,21.4
z_45.0_-19.5,2029,2,2029-S2,Diminution,75.2,2.3,75.2,22.5
z_45.0_-19.5,2030,1,2030-S1,Diminution,76.5,2.1,76.5,21.4
z_45.0_-19.5,2030,2,2030-S2,Diminution,75.2,2.3,75.2,22.5
z_45.0_-3.0,2023,1,2023-S1,Augmentation,65.0,65.0,19.4,15.6
z_45.0_-3.0,2023,2,2023-S2,Augmentation,65.2,65.2,18.7,16.0
z_45.0_-3.0,2024,1,2024-S1,Augmentation,59.5,59.5,19.6,21.0
z_45.0_-3.0,2024,2,2024-S2,Augmentation,68.3,68.3,14.1,17.6
z_45.0_-3.0,2025,1,2025-S1,Augmentation,64.1,64.1,18.0,17.9
z_45.0_-3.0,2025,2,2025-S2,Augmentation,65.5,65.5,17.5,17.0
z_45.0_-3.0,2026,1,2026-S1,Augmentation,61.3,61.3,19.4,19.3
z_45.0_-3.0,2026,2,2026-S2,Augmentation,68.1,68.1,15.0,16.8
z_45.0_-3.0,2027,1,2027-S1,Augmentation,63.4,63.4,17.2,19.4
z_45.0_-3.0,2027,2,2027-S2,Augmentation,71.0,71.0,12.8,16.2
z_45.0_-3.0,2028,1,2028-S1,Augmentation,64.1,64.1,17.9,18.0
z_45.0_-3.0,2028,2,2028-S2,Augmentation,71.3,71.3,14.2,14.5
z_45.0_-3.0,2029,1,2029-S1,Augmentation,65.4,65.4,16.1,18.5
z_45.0_-3.0,2029,2,2029-S2,Augmentation,73.1,73.1,12.0,14.9
z_45.0_-3.0,2030,1,2030-S1,Augmentation,65.5,65.5,15.8,18.7
z_45.0_-3.0,2030,2,2030-S2,Augmentation,73.4,73.4,12.5,14.1
z_45.0_-4.5,2023,1,2023-S1,Stable,45.1,36.6,18.3,45.1
z_45.0_-4.5,2023,2,2023-S2,Stable,41.2,24.2,34.6,41.2
z_45.0_-4.5,2024,1,2024-S1,Stable,39.7,23.8,36.5,39.7
z_45.0_-4.5,2024,2,2024-S2,Diminution,50.7,17.2,50.7,32.1
z_45.0_-4.5,2025,1,2025-S1,Stable,42.9,20.5,36.7,42.9
z_45.0_-4.5,2025,2,2025-S2,Diminution,45.0,19.8,45.0,35.2
z_45.0_-4.5,2026,1,2026-S1,Stable,43.9,23.8,32.3,43.9
z_45.0_-4.5,2026,2,2026-S2,Stable,41.9,23.9,34.2,41.9
z_45.0_-4.5,2027,1,2027-S1,Stable,41.5,18.3,40.1,41.5
z_45.0_-4.5,2027,2,2027-S2,Diminution,40.7,21.1,40.7,38.2
z_45.0_-4.5,2028,1,2028-S1,Stable,42.0,18.6,39.4,42.0
z_45.0_-4.5,2028,2,2028-S2,Diminution,41.1,21.6,41.1,37.3
z_45.0_-4.5,2029,1,2029-S1,Stable,40.7,19.0,40.3,40.7
z_45.0_-4.5,2029,2,2029-S2,Diminution,41.8,20.4,41.8,37.8
z_45.0_-4.5,2030,1,2030-S1,Stable,40.7,19.0,40.3,40.7
z_45.0_-4.5,2030,2,2030-S2,Diminution,41.8,20.4,41.8,37.8
z_45.0_-6.0,2023,1,2023-S1,Diminution,49.6,14.1,49.6,36.3
z_45.0_-6.0,2023,2,2023-S2,Diminution,52.8,11.7,52.8,35.6
z_45.0_-6.0,2024,1,2024-S1,Diminution,53.1,11.8,53.1,35.1
z_45.0_-6.0,2024,2,2024-S2,Diminution,53.1,4.6,53.1,42.4
z_45.0_-6.0,2025,1,2025-S1,Diminution,47.9,17.2,47.9,34.9
z_45.0_-6.0,2025,2,2025-S2,Stable,43.4,14.5,42.1,43.4
z_45.0_-6.0,2026,1,2026-S1,Diminution,52.8,10.0,52.8,37.2
z_45.0_-6.0,2026,2,2026-S2,Diminution,63.5,5.6,63.5,30.9
z_45.0_-6.0,2027,1,2027-S1,Diminution,55.8,10.7,55.8,33.5
z_45.0_-6.0,2027,2,2027-S2,Diminution,60.8,2.3,60.8,36.8
z_45.0_-6.0,2028,1,2028-S1,Diminution,50.5,10.5,50.5,39.0
z_45.0_-6.0,2028,2,2028-S2,Diminution,73.2,2.2,73.2,24.6
z_45.0_-6.0,2029,1,2029-S1,Diminution,50.5,10.5,50.5,39.0
z_45.0_-6.0,2029,2,2029-S2,Diminution,73.2,2.2,73.2,24.6
z_45.0_-6.0,2030,1,2030-S1,Diminution,50.5,10.5,50.5,39.0
z_45.0_-6.0,2030,2,2030-S2,Diminution,73.2,2.2,73.2,24.6
z_45.0_-7.5,2023,1,2023-S1,Diminution,76.9,2.6,76.9,20.5
z_45.0_-7.5,2023,2,2023-S2,Diminution,65.6,8.6,65.6,25.8
z_45.0_-7.5,2024,1,2024-S1,Diminution,76.9,2.6,76.9,20.5
z_45.0_-7.5,2024,2,2024-S2,Diminution,65.6,8.6,65.6,25.8
z_45.0_-7.5,2025,1,2025-S1,Diminution,76.9,2.6,76.9,20.5
z_45.0_-7.5,2025,2,2025-S2,Diminution,64.1,16.2,64.1,19.7
z_45.0_-7.5,2026,1,2026-S1,Diminution,72.6,3.7,72.6,23.7
z_45.0_-7.5,2026,2,2026-S2,Diminution,64.5,10.7,64.5,24.8
z_45.0_-7.5,2027,1,2027-S1,Diminution,74.2,5.0,74.2,20.7
z_45.0_-7.5,2027,2,2027-S2,Diminution,69.9,8.6,69.9,21.5
z_45.0_-7.5,2028,1,2028-S1,Diminution,75.7,4.0,75.7,20.3
z_45.0_-7.5,2028,2,2028-S2,Diminution,65.6,8.6,65.6,25.8
z_45.0_-7.5,2029,1,2029-S1,Diminution,76.9,2.6,76.9,20.5
z_45.0_-7.5,2029,2,2029-S2,Diminution,65.6,8.6,65.6,25.8
z_45.0_-7.5,2030,1,2030-S1,Diminution,76.9,2.6,76.9,20.5
z_45.0_-7.5,2030,2,2030-S2,Diminution,65.6,8.6,65.6,25.8
z_45.0_-9.0,2023,1,2023-S1,Stable,61.1,13.5,25.4,61.1
z_45.0_-9.0,2023,2,2023-S2,Stable,56.9,21.0,22.1,56.9
z_45.0_-9.0,2024,1,2024-S1,Stable,54.4,13.7,31.9,54.4
z_45.0_-9.0,2024,2,2024-S2,Stable,52.8,13.3,33.9,52.8
z_45.0_-9.0,2025,1,2025-S1,Stable,49.1,18.4,32.4,49.1
z_45.0_-9.0,2025,2,2025-S2,Stable,49.4,24.7,25.9,49.4
z_45.0_-9.0,2026,1,2026-S1,Stable,52.7,22.7,24.6,52.7
z_45.0_-9.0,2026,2,2026-S2,Stable,49.1,27.7,23.1,49.1
z_45.0_-9.0,2027,1,2027-S1,Stable,50.6,15.1,34.3,50.6
z_45.0_-9.0,2027,2,2027-S2,Stable,49.7,19.3,31.0,49.7
z_45.0_-9.0,2028,1,2028-S1,Stable,51.1,18.4,30.5,51.1
z_45.0_-9.0,2028,2,2028-S2,Stable,48.6,26.0,25.4,48.6
z_45.0_-9.0,2029,1,2029-S1,Stable,49.5,18.2,32.4,49.5
z_45.0_-9.0,2029,2,2029-S2,Stable,50.1,24.0,25.9,50.1
z_45.0_-9.0,2030,1,2030-S1,Stable,49.5,18.2,32.4,49.5
z_45.0_-9.0,2030,2,2030-S2,Stable,50.1,24.0,25.9,50.1
z_45.0_12.0,2023,1,2023-S1,Augmentation,66.2,66.2,12.0,21.8
z_45.0_12.0,2023,2,2023-S2,Augmentation,73.6,73.6,8.7,17.7
z_45.0_12.0,2024,1,2024-S1,Augmentation,60.3,60.3,16.5,23.2
z_45.0_12.0,2024,2,2024-S2,Augmentation,71.0,71.0,13.4,15.6
z_45.0_12.0,2025,1,2025-S1,Augmentation,62.5,62.5,14.5,22.9
z_45.0_12.0,2025,2,2025-S2,Augmentation,59.3,59.3,17.2,23.5
z_45.0_12.0,2026,1,2026-S1,Augmentation,66.1,66.1,14.1,19.8
z_45.0_12.0,2026,2,2026-S2,Augmentation,67.4,67.4,11.5,21.1
z_45.0_12.0,2027,1,2027-S1,Augmentation,64.9,64.9,15.6,19.5
z_45.0_12.0,2027,2,2027-S2,Augmentation,75.7,75.7,11.8,12.5
z_45.0_12.0,2028,1,2028-S1,Augmentation,72.6,72.6,11.0,16.4
z_45.0_12.0,2028,2,2028-S2,Augmentation,76.0,76.0,10.8,13.2
z_45.0_12.0,2029,1,2029-S1,Augmentation,73.6,73.6,11.0,15.4
z_45.0_12.0,2029,2,2029-S2,Augmentation,77.9,77.9,9.8,12.3
z_45.0_12.0,2030,1,2030-S1,Augmentation,73.8,73.8,11.3,14.9
z_45.0_12.0,2030,2,2030-S2,Augmentation,77.1,77.1,11.0,11.9
z_45.0_13.5,2023,1,2023-S1,Augmentation,40.8,40.8,22.6,36.6
z_45.0_13.5,2023,2,2023-S2,Augmentation,48.4,48.4,16.4,35.2
z_45.0_13.5,2024,1,2024-S1,Augmentation,44.9,44.9,17.9,37.2
z_45.0_13.5,2024,2,2024-S2,Augmentation,71.9,71.9,10.9,17.2
z_45.0_13.5,2025,1,2025-S1,Augmentation,58.9,58.9,15.0,26.1
z_45.0_13.5,2025,2,2025-S2,Augmentation,72.2,72.2,10.8,17.0
z_45.0_13.5,2026,1,2026-S1,Augmentation,59.4,59.4,14.3,26.3
z_45.0_13.5,2026,2,2026-S2,Augmentation,52.9,52.9,18.1,29.0
z_45.0_13.5,2027,1,2027-S1,Augmentation,58.6,58.6,20.2,21.1
z_45.0_13.5,2027,2,2027-S2,Augmentation,57.5,57.5,17.2,25.3
z_45.0_13.5,2028,1,2028-S1,Augmentation,55.6,55.6,19.0,25.4
z_45.0_13.5,2028,2,2028-S2,Augmentation,63.2,63.2,14.7,22.1
z_45.0_13.5,2029,1,2029-S1,Augmentation,60.6,60.6,15.6,23.7
z_45.0_13.5,2029,2,2029-S2,Augmentation,68.6,68.6,13.3,18.1
z_45.0_13.5,2030,1,2030-S1,Augmentation,64.5,64.5,16.2,19.2
z_45.0_13.5,2030,2,2030-S2,Augmentation,70.9,70.9,12.6,16.5
z_45.0_28.5,2023,1,2023-S1,Diminution,88.0,2.4,88.0,9.6
z_45.0_28.5,2023,2,2023-S2,Diminution,83.4,2.7,83.4,13.9
z_45.0_28.5,2024,1,2024-S1,Diminution,88.0,2.4,88.0,9.6
z_45.0_28.5,2024,2,2024-S2,Diminution,70.6,10.1,70.6,19.3
z_45.0_28.5,2025,1,2025-S1,Diminution,65.2,6.3,65.2,28.5
z_45.0_28.5,2025,2,2025-S2,Diminution,78.2,4.1,78.2,17.7
z_45.0_28.5,2026,1,2026-S1,Diminution,67.5,8.2,67.5,24.3
z_45.0_28.5,2026,2,2026-S2,Diminution,77.4,5.2,77.4,17.3
z_45.0_28.5,2027,1,2027-S1,Diminution,80.0,2.9,80.0,17.1
z_45.0_28.5,2027,2,2027-S2,Diminution,83.4,2.7,83.4,13.9
z_45.0_28.5,2028,1,2028-S1,Diminution,88.0,2.4,88.0,9.6
z_45.0_28.5,2028,2,2028-S2,Diminution,83.4,2.7,83.4,13.9
z_45.0_28.5,2029,1,2029-S1,Diminution,88.0,2.4,88.0,9.6
z_45.0_28.5,2029,2,2029-S2,Diminution,83.4,2.7,83.4,13.9
z_45.0_28.5,2030,1,2030-S1,Diminution,88.0,2.4,88.0,9.6
z_45.0_28.5,2030,2,2030-S2,Diminution,83.4,2.7,83.4,13.9
z_45.0_36.0,2023,1,2023-S1,Diminution,66.8,11.4,66.8,21.8
z_45.0_36.0,2023,2,2023-S2,Stable,41.8,17.9,40.3,41.8
z_45.0_36.0,2024,1,2024-S1,Diminution,62.9,17.6,62.9,19.4
z_45.0_36.0,2024,2,2024-S2,Stable,42.5,19.8,37.7,42.5
z_45.0_36.0,2025,1,2025-S1,Diminution,64.8,12.3,64.8,22.8
z_45.0_36.0,2025,2,2025-S2,Diminution,43.4,13.4,43.4,43.3
z_45.0_36.0,2026,1,2026-S1,Diminution,64.5,10.7,64.5,24.8
z_45.0_36.0,2026,2,2026-S2,Diminution,44.9,22.0,44.9,33.1
z_45.0_36.0,2027,1,2027-S1,Diminution,67.3,9.2,67.3,23.4
z_45.0_36.0,2027,2,2027-S2,Diminution,47.1,18.4,47.1,34.5
z_45.0_36.0,2028,1,2028-S1,Diminution,67.0,10.9,67.0,22.1
z_45.0_36.0,2028,2,2028-S2,Diminution,47.1,18.4,47.1,34.5
z_45.0_36.0,2029,1,2029-S1,Diminution,67.0,10.9,67.0,22.1
z_45.0_36.0,2029,2,2029-S2,Diminution,47.1,18.4,47.1,34.5
z_45.0_36.0,2030,1,2030-S1,Diminution,67.0,10.9,67.0,22.1
z_45.0_36.0,2030,2,2030-S2,Diminution,47.1,18.4,47.1,34.5
z_46.5_-10.5,2023,1,2023-S1,Diminution,86.7,0.8,86.7,12.5
z_46.5_-10.5,2023,2,2023-S2,Diminution,84.0,4.6,84.0,11.4
z_46.5_-10.5,2024,1,2024-S1,Diminution,68.3,6.4,68.3,25.3
z_46.5_-10.5,2024,2,2024-S2,Diminution,74.4,6.0,74.4,19.6
z_46.5_-10.5,2025,1,2025-S1,Diminution,70.2,8.2,70.2,21.6
z_46.5_-10.5,2025,2,2025-S2,Diminution,78.2,7.3,78.2,14.5
z_46.5_-10.5,2026,1,2026-S1,Diminution,77.9,4.4,77.9,17.7
z_46.5_-10.5,2026,2,2026-S2,Diminution,77.2,7.1,77.2,15.7
z_46.5_-10.5,2027,1,2027-S1,Diminution,86.7,0.8,86.7,12.5
z_46.5_-10.5,2027,2,2027-S2,Diminution,82.3,2.7,82.3,15.0
z_46.5_-10.5,2028,1,2028-S1,Diminution,86.7,0.8,86.7,12.5
z_46.5_-10.5,2028,2,2028-S2,Diminution,82.3,2.7,82.3,15.0
z_46.5_-10.5,2029,1,2029-S1,Diminution,86.7,0.8,86.7,12.5
z_46.5_-10.5,2029,2,2029-S2,Diminution,82.3,2.7,82.3,15.0
z_46.5_-10.5,2030,1,2030-S1,Diminution,86.7,0.8,86.7,12.5
z_46.5_-10.5,2030,2,2030-S2,Diminution,82.3,2.7,82.3,15.0
z_46.5_-3.0,2023,1,2023-S1,Augmentation,69.6,69.6,12.2,18.2
z_46.5_-3.0,2023,2,2023-S2,Augmentation,70.8,70.8,12.4,16.8
z_46.5_-3.0,2024,1,2024-S1,Augmentation,67.8,67.8,15.1,17.1
z_46.5_-3.0,2024,2,2024-S2,Augmentation,72.4,72.4,11.3,16.3
z_46.5_-3.0,2025,1,2025-S1,Augmentation,66.9,66.9,13.0,20.0
z_46.5_-3.0,2025,2,2025-S2,Augmentation,66.1,66.1,17.4,16.5
z_46.5_-3.0,2026,1,2026-S1,Augmentation,63.6,63.6,22.3,14.0
z_46.5_-3.0,2026,2,2026-S2,Augmentation,62.2,62.2,21.8,16.0
z_46.5_-3.0,2027,1,2027-S1,Augmentation,67.2,67.2,13.5,19.3
z_46.5_-3.0,2027,2,2027-S2,Augmentation,68.2,68.2,13.3,18.5
z_46.5_-3.0,2028,1,2028-S1,Augmentation,71.1,71.1,12.0,16.9
z_46.5_-3.0,2028,2,2028-S2,Augmentation,73.8,73.8,11.7,14.4
z_46.5_-3.0,2029,1,2029-S1,Augmentation,70.7,70.7,11.8,17.5
z_46.5_-3.0,2029,2,2029-S2,Augmentation,73.2,73.2,11.2,15.6
z_46.5_-3.0,2030,1,2030-S1,Augmentation,72.3,72.3,10.9,16.8
z_46.5_-3.0,2030,2,2030-S2,Augmentation,73.5,73.5,11.2,15.4
z_46.5_-36.0,2023,1,2023-S1,Diminution,90.4,0.6,90.4,9.0
z_46.5_-36.0,2023,2,2023-S2,Diminution,91.4,0.3,91.4,8.2
z_46.5_-36.0,2024,1,2024-S1,Diminution,90.4,0.6,90.4,9.0
z_46.5_-36.0,2024,2,2024-S2,Diminution,93.3,0.9,93.3,5.8
z_46.5_-36.0,2025,1,2025-S1,Diminution,81.6,1.1,81.6,17.3
z_46.5_-36.0,2025,2,2025-S2,Diminution,86.3,3.4,86.3,10.3
z_46.5_-36.0,2026,1,2026-S1,Diminution,85.9,2.9,85.9,11.2
z_46.5_-36.0,2026,2,2026-S2,Diminution,86.6,1.6,86.6,11.7
z_46.5_-36.0,2027,1,2027-S1,Diminution,87.6,2.7,87.6,9.6
z_46.5_-36.0,2027,2,2027-S2,Diminution,91.4,0.3,91.4,8.2
z_46.5_-36.0,2028,1,2028-S1,Diminution,90.4,0.6,90.4,9.0
z_46.5_-36.0,2028,2,2028-S2,Diminution,91.4,0.3,91.4,8.2
z_46.5_-36.0,2029,1,2029-S1,Diminution,90.4,0.6,90.4,9.0
z_46.5_-36.0,2029,2,2029-S2,Diminution,91.4,0.3,91.4,8.2
z_46.5_-36.0,2030,1,2030-S1,Diminution,90.4,0.6,90.4,9.0
z_46.5_-36.0,2030,2,2030-S2,Diminution,91.4,0.3,91.4,8.2
z_46.5_-4.5,2023,1,2023-S1,Augmentation,64.7,64.7,18.4,16.9
z_46.5_-4.5,2023,2,2023-S2,Augmentation,70.5,70.5,12.1,17.5
z_46.5_-4.5,2024,1,2024-S1,Augmentation,60.4,60.4,12.5,27.1
z_46.5_-4.5,2024,2,2024-S2,Augmentation,75.6,75.6,11.1,13.4
z_46.5_-4.5,2025,1,2025-S1,Augmentation,62.4,62.4,18.7,18.8
z_46.5_-4.5,2025,2,2025-S2,Augmentation,64.3,64.3,16.3,19.4
z_46.5_-4.5,2026,1,2026-S1,Augmentation,62.3,62.3,13.6,24.1
z_46.5_-4.5,2026,2,2026-S2,Augmentation,68.3,68.3,11.4,20.2
z_46.5_-4.5,2027,1,2027-S1,Augmentation,68.6,68.6,12.1,19.3
z_46.5_-4.5,2027,2,2027-S2,Augmentation,72.7,72.7,12.0,15.3
z_46.5_-4.5,2028,1,2028-S1,Augmentation,69.7,69.7,11.3,19.1
z_46.5_-4.5,2028,2,2028-S2,Augmentation,74.9,74.9,9.6,15.5
z_46.5_-4.5,2029,1,2029-S1,Augmentation,72.1,72.1,10.8,17.0
z_46.5_-4.5,2029,2,2029-S2,Augmentation,75.7,75.7,9.5,14.8
z_46.5_-4.5,2030,1,2030-S1,Augmentation,72.3,72.3,10.6,17.1
z_46.5_-4.5,2030,2,2030-S2,Augmentation,74.8,74.8,9.6,15.6
z_46.5_-6.0,2023,1,2023-S1,Augmentation,57.5,57.5,21.9,20.7
z_46.5_-6.0,2023,2,2023-S2,Augmentation,57.7,57.7,20.7,21.6
z_46.5_-6.0,2024,1,2024-S1,Augmentation,52.3,52.3,17.8,29.9
z_46.5_-6.0,2024,2,2024-S2,Augmentation,60.0,60.0,17.4,22.5
z_46.5_-6.0,2025,1,2025-S1,Augmentation,56.9,56.9,16.2,26.8
z_46.5_-6.0,2025,2,2025-S2,Augmentation,55.3,55.3,21.8,22.9
z_46.5_-6.0,2026,1,2026-S1,Augmentation,43.8,43.8,28.2,28.0
z_46.5_-6.0,2026,2,2026-S2,Augmentation,55.3,55.3,21.6,23.2
z_46.5_-6.0,2027,1,2027-S1,Augmentation,43.8,43.8,21.9,34.3
z_46.5_-6.0,2027,2,2027-S2,Augmentation,50.7,50.7,22.0,27.3
z_46.5_-6.0,2028,1,2028-S1,Augmentation,58.8,58.8,17.1,24.1
z_46.5_-6.0,2028,2,2028-S2,Augmentation,62.0,62.0,17.3,20.7
z_46.5_-6.0,2029,1,2029-S1,Augmentation,57.9,57.9,16.2,25.9
z_46.5_-6.0,2029,2,2029-S2,Augmentation,62.9,62.9,17.4,19.7
z_46.5_-6.0,2030,1,2030-S1,Augmentation,61.3,61.3,16.3,22.4
z_46.5_-6.0,2030,2,2030-S2,Augmentation,64.1,64.1,17.4,18.5
z_46.5_-7.5,2023,1,2023-S1,Augmentation,43.2,43.2,17.2,39.6
z_46.5_-7.5,2023,2,2023-S2,Stable,44.8,42.2,13.0,44.8
z_46.5_-7.5,2024,1,2024-S1,Augmentation,35.1,35.1,30.8,34.1
z_46.5_-7.5,2024,2,2024-S2,Stable,46.7,28.6,24.7,46.7
z_46.5_-7.5,2025,1,2025-S1,Diminution,44.0,21.4,44.0,34.6
z_46.5_-7.5,2025,2,2025-S2,Stable,44.6,31.5,23.9,44.6
z_46.5_-7.5,2026,1,2026-S1,Stable,45.9,26.2,27.9,45.9
z_46.5_-7.5,2026,2,2026-S2,Stable,46.8,19.2,34.1,46.8
z_46.5_-7.5,2027,1,2027-S1,Diminution,47.0,17.1,47.0,35.9
z_46.5_-7.5,2027,2,2027-S2,Stable,53.9,17.1,29.0,53.9
z_46.5_-7.5,2028,1,2028-S1,Diminution,41.9,21.1,41.9,37.1
z_46.5_-7.5,2028,2,2028-S2,Stable,59.5,18.9,21.5,59.5
z_46.5_-7.5,2029,1,2029-S1,Diminution,48.1,17.1,48.1,34.8
z_46.5_-7.5,2029,2,2029-S2,Stable,56.9,15.8,27.3,56.9
z_46.5_-7.5,2030,1,2030-S1,Diminution,48.2,17.1,48.2,34.7
z_46.5_-7.5,2030,2,2030-S2,Stable,56.9,15.8,27.2,56.9
z_48.0_-1.5,2023,1,2023-S1,Augmentation,54.8,54.8,32.0,13.2
z_48.0_-1.5,2023,2,2023-S2,Augmentation,73.3,73.3,14.7,12.1
z_48.0_-1.5,2024,1,2024-S1,Augmentation,63.7,63.7,15.9,20.4
z_48.0_-1.5,2024,2,2024-S2,Augmentation,70.8,70.8,14.0,15.2
z_48.0_-1.5,2025,1,2025-S1,Augmentation,66.8,66.8,18.2,15.0
z_48.0_-1.5,2025,2,2025-S2,Augmentation,65.6,65.6,25.0,9.4
z_48.0_-1.5,2026,1,2026-S1,Augmentation,58.9,58.9,25.1,16.0
z_48.0_-1.5,2026,2,2026-S2,Augmentation,67.0,67.0,16.8,16.2
z_48.0_-1.5,2027,1,2027-S1,Augmentation,63.5,63.5,19.0,17.5
z_48.0_-1.5,2027,2,2027-S2,Augmentation,73.0,73.0,15.2,11.8
z_48.0_-1.5,2028,1,2028-S1,Augmentation,68.1,68.1,16.7,15.2
z_48.0_-1.5,2028,2,2028-S2,Augmentation,73.6,73.6,13.7,12.7
z_48.0_-1.5,2029,1,2029-S1,Augmentation,68.7,68.7,16.1,15.2
z_48.0_-1.5,2029,2,2029-S2,Augmentation,74.2,74.2,13.1,12.6
z_48.0_-1.5,2030,1,2030-S1,Augmentation,70.9,70.9,14.5,14.6
z_48.0_-1.5,2030,2,2030-S2,Augmentation,75.3,75.3,12.2,12.6
z_48.0_-10.5,2023,1,2023-S1,Diminution,51.4,15.5,51.4,33.1
z_48.0_-10.5,2023,2,2023-S2,Stable,47.0,15.4,37.6,47.0
z_48.0_-10.5,2024,1,2024-S1,Diminution,43.7,17.4,43.7,38.8
z_48.0_-10.5,2024,2,2024-S2,Stable,53.3,19.6,27.0,53.3
z_48.0_-10.5,2025,1,2025-S1,Diminution,43.6,18.5,43.6,37.9
z_48.0_-10.5,2025,2,2025-S2,Stable,56.1,20.9,23.0,56.1
z_48.0_-10.5,2026,1,2026-S1,Diminution,61.5,8.6,61.5,29.9
z_48.0_-10.5,2026,2,2026-S2,Diminution,43.0,18.5,43.0,38.5
z_48.0_-10.5,2027,1,2027-S1,Diminution,67.8,3.9,67.8,28.3
z_48.0_-10.5,2027,2,2027-S2,Diminution,43.9,16.5,43.9,39.7
z_48.0_-10.5,2028,1,2028-S1,Diminution,71.7,4.1,71.7,24.2
z_48.0_-10.5,2028,2,2028-S2,Diminution,43.9,16.5,43.9,39.7
z_48.0_-10.5,2029,1,2029-S1,Diminution,71.7,4.1,71.7,24.2
z_48.0_-10.5,2029,2,2029-S2,Diminution,43.9,16.5,43.9,39.7
z_48.0_-10.5,2030,1,2030-S1,Diminution,71.7,4.1,71.7,24.2
z_48.0_-10.5,2030,2,2030-S2,Diminution,43.9,16.5,43.9,39.7
z_48.0_-12.0,2023,1,2023-S1,Diminution,61.0,5.9,61.0,33.1
z_48.0_-12.0,2023,2,2023-S2,Diminution,47.0,21.2,47.0,31.8
z_48.0_-12.0,2024,1,2024-S1,Diminution,70.5,3.9,70.5,25.6
z_48.0_-12.0,2024,2,2024-S2,Diminution,49.7,14.6,49.7,35.8
z_48.0_-12.0,2025,1,2025-S1,Diminution,71.0,3.6,71.0,25.4
z_48.0_-12.0,2025,2,2025-S2,Diminution,55.6,12.6,55.6,31.8
z_48.0_-12.0,2026,1,2026-S1,Diminution,67.6,6.0,67.6,26.4
z_48.0_-12.0,2026,2,2026-S2,Diminution,47.0,21.2,47.0,31.8
z_48.0_-12.0,2027,1,2027-S1,Diminution,70.5,3.9,70.5,25.6
z_48.0_-12.0,2027,2,2027-S2,Diminution,49.7,14.6,49.7,35.8
z_48.0_-12.0,2028,1,2028-S1,Diminution,71.0,3.6,71.0,25.4
z_48.0_-12.0,2028,2,2028-S2,Diminution,55.6,12.6,55.6,31.8
z_48.0_-12.0,2029,1,2029-S1,Diminution,76.2,2.5,76.2,21.3
z_48.0_-12.0,2029,2,2029-S2,Diminution,53.8,15.4,53.8,30.9
z_48.0_-12.0,2030,1,2030-S1,Diminution,76.2,2.5,76.2,21.3
z_48.0_-12.0,2030,2,2030-S2,Diminution,53.8,15.4,53.8,30.9
z_48.0_-15.0,2023,1,2023-S1,Diminution,86.1,2.3,86.1,11.6
z_48.0_-15.0,2023,2,2023-S2,Diminution,87.7,1.3,87.7,11.0
z_48.0_-15.0,2024,1,2024-S1,Diminution,89.1,2.3,89.1,8.6
z_48.0_-15.0,2024,2,2024-S2,Diminution,81.5,1.6,81.5,16.9
z_48.0_-15.0,2025,1,2025-S1,Diminution,77.1,9.5,77.1,13.4
z_48.0_-15.0,2025,2,2025-S2,Diminution,82.6,4.2,82.6,13.3
z_48.0_-15.0,2026,1,2026-S1,Diminution,78.4,3.1,78.4,18.5
z_48.0_-15.0,2026,2,2026-S2,Diminution,83.8,4.6,83.8,11.6
z_48.0_-15.0,2027,1,2027-S1,Diminution,86.1,2.3,86.1,11.6
z_48.0_-15.0,2027,2,2027-S2,Diminution,87.7,1.3,87.7,11.0
z_48.0_-15.0,2028,1,2028-S1,Diminution,86.1,2.3,86.1,11.6
z_48.0_-15.0,2028,2,2028-S2,Diminution,87.7,1.3,87.7,11.0
z_48.0_-15.0,2029,1,2029-S1,Diminution,86.1,2.3,86.1,11.6
z_48.0_-15.0,2029,2,2029-S2,Diminution,87.7,1.3,87.7,11.0
z_48.0_-15.0,2030,1,2030-S1,Diminution,86.1,2.3,86.1,11.6
z_48.0_-15.0,2030,2,2030-S2,Diminution,87.7,1.3,87.7,11.0
z_48.0_-24.0,2023,1,2023-S1,Diminution,78.8,1.7,78.8,19.5
z_48.0_-24.0,2023,2,2023-S2,Diminution,77.8,1.9,77.8,20.3
z_48.0_-24.0,2024,1,2024-S1,Diminution,78.8,1.7,78.8,19.5
z_48.0_-24.0,2024,2,2024-S2,Diminution,76.1,3.4,76.1,20.5
z_48.0_-24.0,2025,1,2025-S1,Diminution,68.3,3.7,68.3,28.0
z_48.0_-24.0,2025,2,2025-S2,Diminution,74.3,3.4,74.3,22.4
z_48.0_-24.0,2026,1,2026-S1,Diminution,73.4,4.0,73.4,22.6
z_48.0_-24.0,2026,2,2026-S2,Diminution,73.2,3.5,73.2,23.3
z_48.0_-24.0,2027,1,2027-S1,Diminution,74.0,2.7,74.0,23.2
z_48.0_-24.0,2027,2,2027-S2,Diminution,77.8,1.9,77.8,20.3
z_48.0_-24.0,2028,1,2028-S1,Diminution,78.8,1.7,78.8,19.5
z_48.0_-24.0,2028,2,2028-S2,Diminution,77.8,1.9,77.8,20.3
z_48.0_-24.0,2029,1,2029-S1,Diminution,78.8,1.7,78.8,19.5
z_48.0_-24.0,2029,2,2029-S2,Diminution,77.8,1.9,77.8,20.3
z_48.0_-24.0,2030,1,2030-S1,Diminution,78.8,1.7,78.8,19.5
z_48.0_-24.0,2030,2,2030-S2,Diminution,77.8,1.9,77.8,20.3
z_48.0_-3.0,2023,1,2023-S1,Augmentation,62.3,62.3,13.6,24.2
z_48.0_-3.0,2023,2,2023-S2,Augmentation,74.3,74.3,10.1,15.6
z_48.0_-3.0,2024,1,2024-S1,Augmentation,54.1,54.1,16.8,29.1
z_48.0_-3.0,2024,2,2024-S2,Augmentation,38.4,38.4,37.9,23.6
z_48.0_-3.0,2025,1,2025-S1,Stable,33.8,33.5,32.7,33.8
z_48.0_-3.0,2025,2,2025-S2,Augmentation,38.5,38.5,28.7,32.9
z_48.0_-3.0,2026,1,2026-S1,Augmentation,37.7,37.7,25.2,37.1
z_48.0_-3.0,2026,2,2026-S2,Augmentation,33.9,33.9,32.8,33.3
z_48.0_-3.0,2027,1,2027-S1,Stable,40.5,31.2,28.2,40.5
z_48.0_-3.0,2027,2,2027-S2,Diminution,41.2,26.1,41.2,32.7
z_48.0_-3.0,2028,1,2028-S1,Diminution,37.5,25.4,37.5,37.1
z_48.0_-3.0,2028,2,2028-S2,Diminution,41.7,24.6,41.7,33.7
z_48.0_-3.0,2029,1,2029-S1,Diminution,38.0,24.3,38.0,37.7
z_48.0_-3.0,2029,2,2029-S2,Diminution,42.3,24.9,42.3,32.9
z_48.0_-3.0,2030,1,2030-S1,Diminution,38.0,24.2,38.0,37.8
z_48.0_-3.0,2030,2,2030-S2,Diminution,42.3,24.9,42.3,32.9
z_48.0_-30.0,2023,1,2023-S1,Diminution,81.6,1.7,81.6,16.7
z_48.0_-30.0,2023,2,2023-S2,Diminution,80.3,2.1,80.3,17.5
z_48.0_-30.0,2024,1,2024-S1,Diminution,81.6,1.7,81.6,16.7
z_48.0_-30.0,2024,2,2024-S2,Diminution,80.3,2.1,80.3,17.5
z_48.0_-30.0,2025,1,2025-S1,Diminution,81.6,1.7,81.6,16.7
z_48.0_-30.0,2025,2,2025-S2,Diminution,80.3,2.1,80.3,17.5
z_48.0_-30.0,2026,1,2026-S1,Diminution,81.5,2.8,81.5,15.7
z_48.0_-30.0,2026,2,2026-S2,Diminution,73.1,3.2,73.1,23.7
z_48.0_-30.0,2027,1,2027-S1,Diminution,78.8,5.0,78.8,16.2
z_48.0_-30.0,2027,2,2027-S2,Diminution,74.8,5.5,74.8,19.7
z_48.0_-30.0,2028,1,2028-S1,Diminution,77.5,3.0,77.5,19.6
z_48.0_-30.0,2028,2,2028-S2,Diminution,76.1,3.6,76.1,20.3
z_48.0_-30.0,2029,1,2029-S1,Diminution,81.6,1.7,81.6,16.7
z_48.0_-30.0,2029,2,2029-S2,Diminution,80.3,2.1,80.3,17.5
z_48.0_-30.0,2030,1,2030-S1,Diminution,81.6,1.7,81.6,16.7
z_48.0_-30.0,2030,2,2030-S2,Diminution,80.3,2.1,80.3,17.5
z_48.0_-4.5,2023,1,2023-S1,Augmentation,56.8,56.8,15.3,27.9
z_48.0_-4.5,2023,2,2023-S2,Augmentation,62.0,62.0,12.9,25.1
z_48.0_-4.5,2024,1,2024-S1,Augmentation,55.5,55.5,15.9,28.5
z_48.0_-4.5,2024,2,2024-S2,Augmentation,46.1,46.1,15.7,38.3
z_48.0_-4.5,2025,1,2025-S1,Augmentation,52.6,52.6,16.7,30.8
z_48.0_-4.5,2025,2,2025-S2,Augmentation,53.9,53.9,12.9,33.2
z_48.0_-4.5,2026,1,2026-S1,Augmentation,55.9,55.9,14.3,29.7
z_48.0_-4.5,2026,2,2026-S2,Augmentation,49.2,49.2,13.2,37.6
z_48.0_-4.5,2027,1,2027-S1,Augmentation,52.7,52.7,14.5,32.8
z_48.0_-4.5,2027,2,2027-S2,Augmentation,48.1,48.1,14.0,37.9
z_48.0_-4.5,2028,1,2028-S1,Augmentation,54.3,54.3,15.1,30.6
z_48.0_-4.5,2028,2,2028-S2,Augmentation,47.2,47.2,14.3,38.5
z_48.0_-4.5,2029,1,2029-S1,Augmentation,53.6,53.6,14.8,31.6
z_48.0_-4.5,2029,2,2029-S2,Augmentation,47.9,47.9,14.2,37.9
z_48.0_-4.5,2030,1,2030-S1,Augmentation,57.3,57.3,14.2,28.5
z_48.0_-4.5,2030,2,2030-S2,Augmentation,52.0,52.0,15.2,32.7
z_48.0_-6.0,2023,1,2023-S1,Augmentation,54.2,54.2,27.1,18.7
z_48.0_-6.0,2023,2,2023-S2,Augmentation,53.5,53.5,31.8,14.6
z_48.0_-6.0,2024,1,2024-S1,Augmentation,68.5,68.5,16.6,14.9
z_48.0_-6.0,2024,2,2024-S2,Augmentation,76.1,76.1,12.8,11.1
z_48.0_-6.0,2025,1,2025-S1,Augmentation,72.5,72.5,12.6,15.0
z_48.0_-6.0,2025,2,2025-S2,Augmentation,72.9,72.9,14.6,12.4
z_48.0_-6.0,2026,1,2026-S1,Augmentation,67.8,67.8,16.4,15.8
z_48.0_-6.0,2026,2,2026-S2,Augmentation,60.5,60.5,24.3,15.2
z_48.0_-6.0,2027,1,2027-S1,Augmentation,68.1,68.1,15.7,16.1
z_48.0_-6.0,2027,2,2027-S2,Augmentation,70.3,70.3,16.9,12.8
z_48.0_-6.0,2028,1,2028-S1,Augmentation,71.4,71.4,13.2,15.4
z_48.0_-6.0,2028,2,2028-S2,Augmentation,74.6,74.6,12.9,12.5
z_48.0_-6.0,2029,1,2029-S1,Augmentation,74.3,74.3,11.7,14.0
z_48.0_-6.0,2029,2,2029-S2,Augmentation,76.0,76.0,12.0,12.1
z_48.0_-6.0,2030,1,2030-S1,Augmentation,75.9,75.9,11.2,12.9
z_48.0_-6.0,2030,2,2030-S2,Augmentation,78.6,78.6,10.9,10.5
z_48.0_-7.5,2023,1,2023-S1,Augmentation,62.9,62.9,12.5,24.6
z_48.0_-7.5,2023,2,2023-S2,Augmentation,67.6,67.6,9.1,23.4
z_48.0_-7.5,2024,1,2024-S1,Augmentation,53.3,53.3,18.7,28.0
z_48.0_-7.5,2024,2,2024-S2,Augmentation,60.9,60.9,21.3,17.8
z_48.0_-7.5,2025,1,2025-S1,Augmentation,43.8,43.8,21.8,34.4
z_48.0_-7.5,2025,2,2025-S2,Diminution,44.3,27.0,44.3,28.6
z_48.0_-7.5,2026,1,2026-S1,Stable,34.3,32.0,33.6,34.3
z_48.0_-7.5,2026,2,2026-S2,Diminution,41.0,22.3,41.0,36.7
z_48.0_-7.5,2027,1,2027-S1,Stable,37.9,24.9,37.1,37.9
z_48.0_-7.5,2027,2,2027-S2,Diminution,44.4,20.8,44.4,34.9
z_48.0_-7.5,2028,1,2028-S1,Stable,40.7,20.1,39.2,40.7
z_48.0_-7.5,2028,2,2028-S2,Diminution,44.4,20.8,44.4,34.9
z_48.0_-7.5,2029,1,2029-S1,Stable,40.7,20.1,39.2,40.7
z_48.0_-7.5,2029,2,2029-S2,Diminution,44.4,20.8,44.4,34.9
z_48.0_-7.5,2030,1,2030-S1,Stable,40.7,20.1,39.2,40.7
z_48.0_-7.5,2030,2,2030-S2,Diminution,44.4,20.8,44.4,34.9
z_48.0_-9.0,2023,1,2023-S1,Stable,57.0,23.2,19.9,57.0
z_48.0_-9.0,2023,2,2023-S2,Stable,54.5,22.5,22.9,54.5
z_48.0_-9.0,2024,1,2024-S1,Stable,54.3,24.3,21.3,54.3
z_48.0_-9.0,2024,2,2024-S2,Stable,51.3,22.9,25.8,51.3
z_48.0_-9.0,2025,1,2025-S1,Stable,52.1,30.4,17.5,52.1
z_48.0_-9.0,2025,2,2025-S2,Stable,45.6,41.3,13.1,45.6
z_48.0_-9.0,2026,1,2026-S1,Augmentation,43.2,43.2,15.4,41.4
z_48.0_-9.0,2026,2,2026-S2,Stable,43.9,36.0,20.1,43.9
z_48.0_-9.0,2027,1,2027-S1,Stable,49.6,31.3,19.1,49.6
z_48.0_-9.0,2027,2,2027-S2,Stable,42.8,40.2,17.0,42.8
z_48.0_-9.0,2028,1,2028-S1,Augmentation,42.4,42.4,17.8,39.8
z_48.0_-9.0,2028,2,2028-S2,Stable,43.5,36.4,20.1,43.5
z_48.0_-9.0,2029,1,2029-S1,Augmentation,43.0,43.0,14.8,42.2
z_48.0_-9.0,2029,2,2029-S2,Stable,42.5,41.5,16.0,42.5
z_48.0_-9.0,2030,1,2030-S1,Augmentation,43.0,43.0,14.8,42.2
z_48.0_-9.0,2030,2,2030-S2,Stable,42.4,41.6,16.0,42.4
z_49.5_-1.5,2023,1,2023-S1,Augmentation,53.9,53.9,25.6,20.5
z_49.5_-1.5,2023,2,2023-S2,Augmentation,59.8,59.8,21.6,18.6
z_49.5_-1.5,2024,1,2024-S1,Augmentation,64.5,64.5,19.4,16.1
z_49.5_-1.5,2024,2,2024-S2,Augmentation,66.1,66.1,19.2,14.7
z_49.5_-1.5,2025,1,2025-S1,Augmentation,68.0,68.0,17.2,14.8
z_49.5_-1.5,2025,2,2025-S2,Augmentation,61.7,61.7,22.4,15.9
z_49.5_-1.5,2026,1,2026-S1,Augmentation,57.6,57.6,22.4,20.0
z_49.5_-1.5,2026,2,2026-S2,Augmentation,65.2,65.2,18.9,15.9
z_49.5_-1.5,2027,1,2027-S1,Augmentation,65.9,65.9,17.3,16.7
z_49.5_-1.5,2027,2,2027-S2,Augmentation,70.6,70.6,16.0,13.4
z_49.5_-1.5,2028,1,2028-S1,Augmentation,71.0,71.0,14.3,14.7
z_49.5_-1.5,2028,2,2028-S2,Augmentation,72.5,72.5,14.1,13.3
z_49.5_-1.5,2029,1,2029-S1,Augmentation,72.3,72.3,13.4,14.3
z_49.5_-1.5,2029,2,2029-S2,Augmentation,74.1,74.1,12.8,13.2
z_49.5_-1.5,2030,1,2030-S1,Augmentation,73.0,73.0,11.9,15.0
z_49.5_-1.5,2030,2,2030-S2,Augmentation,73.5,73.5,12.4,14.1
z_49.5_-12.0,2023,1,2023-S1,Stable,42.2,31.3,26.6,42.2
z_49.5_-12.0,2023,2,2023-S2,Stable,40.7,35.7,23.7,40.7
z_49.5_-12.0,2024,1,2024-S1,Diminution,40.5,24.7,40.5,34.8
z_49.5_-12.0,2024,2,2024-S2,Stable,44.2,35.6,20.2,44.2
z_49.5_-12.0,2025,1,2025-S1,Diminution,41.8,19.7,41.8,38.5
z_49.5_-12.0,2025,2,2025-S2,Stable,39.2,27.3,33.6,39.2
z_49.5_-12.0,2026,1,2026-S1,Diminution,61.7,11.9,61.7,26.4
z_49.5_-12.0,2026,2,2026-S2,Diminution,38.7,24.8,38.7,36.5
z_49.5_-12.0,2027,1,2027-S1,Diminution,62.7,14.2,62.7,23.2
z_49.5_-12.0,2027,2,2027-S2,Diminution,38.1,25.8,38.1,36.2
z_49.5_-12.0,2028,1,2028-S1,Diminution,62.7,14.2,62.7,23.2
z_49.5_-12.0,2028,2,2028-S2,Diminution,38.1,25.8,38.1,36.2
z_49.5_-12.0,2029,1,2029-S1,Diminution,62.7,14.2,62.7,23.2
z_49.5_-12.0,2029,2,2029-S2,Diminution,38.1,25.8,38.1,36.2
z_49.5_-12.0,2030,1,2030-S1,Diminution,62.7,14.2,62.7,23.2
z_49.5_-12.0,2030,2,2030-S2,Diminution,38.1,25.8,38.1,36.2
z_49.5_-16.5,2023,1,2023-S1,Diminution,92.6,0.5,92.6,6.8
z_49.5_-16.5,2023,2,2023-S2,Diminution,93.7,0.4,93.7,5.9
z_49.5_-16.5,2024,1,2024-S1,Diminution,92.6,0.5,92.6,6.8
z_49.5_-16.5,2024,2,2024-S2,Diminution,93.7,0.4,93.7,5.9
z_49.5_-16.5,2025,1,2025-S1,Diminution,92.6,0.5,92.6,6.8
z_49.5_-16.5,2025,2,2025-S2,Diminution,93.7,0.4,93.7,5.9
z_49.5_-16.5,2026,1,2026-S1,Diminution,91.9,1.2,91.9,7.0
z_49.5_-16.5,2026,2,2026-S2,Diminution,84.0,1.3,84.0,14.7
z_49.5_-16.5,2027,1,2027-S1,Diminution,86.2,4.3,86.2,9.5
z_49.5_-16.5,2027,2,2027-S2,Diminution,87.8,3.3,87.8,8.8
z_49.5_-16.5,2028,1,2028-S1,Diminution,85.4,1.6,85.4,13.0
z_49.5_-16.5,2028,2,2028-S2,Diminution,89.1,2.6,89.1,8.3
z_49.5_-16.5,2029,1,2029-S1,Diminution,92.6,0.5,92.6,6.8
z_49.5_-16.5,2029,2,2029-S2,Diminution,93.7,0.4,93.7,5.9
z_49.5_-16.5,2030,1,2030-S1,Diminution,92.6,0.5,92.6,6.8
z_49.5_-16.5,2030,2,2030-S2,Diminution,93.7,0.4,93.7,5.9
z_49.5_-18.0,2023,1,2023-S1,Diminution,90.7,1.6,90.7,7.7
z_49.5_-18.0,2023,2,2023-S2,Diminution,93.6,1.1,93.6,5.3
z_49.5_-18.0,2024,1,2024-S1,Diminution,81.9,1.9,81.9,16.1
z_49.5_-18.0,2024,2,2024-S2,Diminution,85.8,4.9,85.8,9.4
z_49.5_-18.0,2025,1,2025-S1,Diminution,85.9,3.6,85.9,10.5
z_49.5_-18.0,2025,2,2025-S2,Diminution,86.7,1.9,86.7,11.4
z_49.5_-18.0,2026,1,2026-S1,Diminution,87.6,3.5,87.6,8.9
z_49.5_-18.0,2026,2,2026-S2,Diminution,92.5,0.7,92.5,6.8
z_49.5_-18.0,2027,1,2027-S1,Diminution,90.7,1.6,90.7,7.7
z_49.5_-18.0,2027,2,2027-S2,Diminution,92.5,0.7,92.5,6.8
z_49.5_-18.0,2028,1,2028-S1,Diminution,90.7,1.6,90.7,7.7
z_49.5_-18.0,2028,2,2028-S2,Diminution,92.5,0.7,92.5,6.8
z_49.5_-18.0,2029,1,2029-S1,Diminution,90.7,1.6,90.7,7.7
z_49.5_-18.0,2029,2,2029-S2,Diminution,92.5,0.7,92.5,6.8
z_49.5_-18.0,2030,1,2030-S1,Diminution,90.7,1.6,90.7,7.7
z_49.5_-18.0,2030,2,2030-S2,Diminution,92.5,0.7,92.5,6.8
z_49.5_-3.0,2023,1,2023-S1,Augmentation,53.1,53.1,26.6,20.3
z_49.5_-3.0,2023,2,2023-S2,Augmentation,46.0,46.0,34.5,19.5
z_49.5_-3.0,2024,1,2024-S1,Diminution,52.9,32.4,52.9,14.8
z_49.5_-3.0,2024,2,2024-S2,Augmentation,43.4,43.4,38.6,18.0
z_49.5_-3.0,2025,1,2025-S1,Diminution,40.9,28.8,40.9,30.3
z_49.5_-3.0,2025,2,2025-S2,Diminution,49.2,32.7,49.2,18.1
z_49.5_-3.0,2026,1,2026-S1,Augmentation,54.4,54.4,28.0,17.6
z_49.5_-3.0,2026,2,2026-S2,Augmentation,43.0,43.0,31.3,25.7
z_49.5_-3.0,2027,1,2027-S1,Diminution,41.0,35.3,41.0,23.7
z_49.5_-3.0,2027,2,2027-S2,Augmentation,41.7,41.7,38.9,19.3
z_49.5_-3.0,2028,1,2028-S1,Diminution,37.9,35.5,37.9,26.5
z_49.5_-3.0,2028,2,2028-S2,Augmentation,40.8,40.8,39.1,20.0
z_49.5_-3.0,2029,1,2029-S1,Augmentation,38.6,38.6,37.1,24.4
z_49.5_-3.0,2029,2,2029-S2,Augmentation,40.6,40.6,38.0,21.4
z_49.5_-3.0,2030,1,2030-S1,Augmentation,38.6,38.6,37.1,24.4
z_49.5_-3.0,2030,2,2030-S2,Augmentation,40.6,40.6,38.0,21.4
z_49.5_-4.5,2023,1,2023-S1,Diminution,39.9,35.5,39.9,24.5
z_49.5_-4.5,2023,2,2023-S2,Augmentation,37.8,37.8,34.8,27.4
z_49.5_-4.5,2024,1,2024-S1,Augmentation,34.2,34.2,33.9,31.9
z_49.5_-4.5,2024,2,2024-S2,Augmentation,38.9,38.9,33.8,27.3
z_49.5_-4.5,2025,1,2025-S1,Diminution,39.0,29.3,39.0,31.7
z_49.5_-4.5,2025,2,2025-S2,Diminution,43.9,27.5,43.9,28.6
z_49.5_-4.5,2026,1,2026-S1,Diminution,41.5,23.7,41.5,34.8
z_49.5_-4.5,2026,2,2026-S2,Diminution,41.5,28.2,41.5,30.2
z_49.5_-4.5,2027,1,2027-S1,Diminution,37.2,27.5,37.2,35.3
z_49.5_-4.5,2027,2,2027-S2,Diminution,42.3,26.9,42.3,30.7
z_49.5_-4.5,2028,1,2028-S1,Diminution,38.8,27.5,38.8,33.8
z_49.5_-4.5,2028,2,2028-S2,Diminution,41.1,28.9,41.1,30.0
z_49.5_-4.5,2029,1,2029-S1,Diminution,40.2,27.7,40.2,32.1
z_49.5_-4.5,2029,2,2029-S2,Diminution,41.1,29.0,41.1,29.9
z_49.5_-4.5,2030,1,2030-S1,Diminution,40.1,27.7,40.1,32.1
z_49.5_-4.5,2030,2,2030-S2,Diminution,41.1,28.9,41.1,30.0
z_49.5_-6.0,2023,1,2023-S1,Augmentation,42.7,42.7,35.4,21.9
z_49.5_-6.0,2023,2,2023-S2,Augmentation,50.3,50.3,34.2,15.5
z_49.5_-6.0,2024,1,2024-S1,Augmentation,49.1,49.1,31.9,19.0
z_49.5_-6.0,2024,2,2024-S2,Diminution,40.4,31.4,40.4,28.2
z_49.5_-6.0,2025,1,2025-S1,Augmentation,39.0,39.0,38.7,22.2
z_49.5_-6.0,2025,2,2025-S2,Augmentation,40.3,40.3,35.9,23.8
z_49.5_-6.0,2026,1,2026-S1,Diminution,35.9,34.5,35.9,29.6
z_49.5_-6.0,2026,2,2026-S2,Augmentation,39.1,39.1,33.8,27.1
z_49.5_-6.0,2027,1,2027-S1,Augmentation,37.2,37.2,33.0,29.8
z_49.5_-6.0,2027,2,2027-S2,Augmentation,40.1,40.1,34.8,25.1
z_49.5_-6.0,2028,1,2028-S1,Augmentation,40.6,40.6,32.8,26.7
z_49.5_-6.0,2028,2,2028-S2,Augmentation,39.9,39.9,34.1,26.0
z_49.5_-6.0,2029,1,2029-S1,Augmentation,39.4,39.4,32.7,27.9
z_49.5_-6.0,2029,2,2029-S2,Augmentation,45.8,45.8,32.6,21.6
z_49.5_-6.0,2030,1,2030-S1,Augmentation,42.6,42.6,32.3,25.1
z_49.5_-6.0,2030,2,2030-S2,Augmentation,45.8,45.8,32.6,21.6
z_49.5_-7.5,2023,1,2023-S1,Augmentation,44.8,44.8,22.7,32.5
z_49.5_-7.5,2023,2,2023-S2,Stable,37.9,36.0,26.1,37.9
z_49.5_-7.5,2024,1,2024-S1,Stable,37.2,28.8,34.0,37.2
z_49.5_-7.5,2024,2,2024-S2,Diminution,38.5,28.7,38.5,32.8
z_49.5_-7.5,2025,1,2025-S1,Diminution,43.6,23.3,43.6,33.1
z_49.5_-7.5,2025,2,2025-S2,Stable,40.2,24.4,35.4,40.2
z_49.5_-7.5,2026,1,2026-S1,Diminution,42.0,22.9,42.0,35.1
z_49.5_-7.5,2026,2,2026-S2,Diminution,45.4,22.9,45.4,31.7
z_49.5_-7.5,2027,1,2027-S1,Diminution,44.7,23.9,44.7,31.4
z_49.5_-7.5,2027,2,2027-S2,Diminution,40.5,22.9,40.5,36.6
z_49.5_-7.5,2028,1,2028-S1,Diminution,44.5,21.3,44.5,34.1
z_49.5_-7.5,2028,2,2028-S2,Diminution,41.2,20.7,41.2,38.0
z_49.5_-7.5,2029,1,2029-S1,Diminution,44.6,21.5,44.6,33.9
z_49.5_-7.5,2029,2,2029-S2,Diminution,41.3,20.7,41.3,38.0
z_49.5_-7.5,2030,1,2030-S1,Diminution,44.6,21.5,44.6,33.9
z_49.5_-7.5,2030,2,2030-S2,Diminution,41.3,20.7,41.3,38.0
z_49.5_-9.0,2023,1,2023-S1,Stable,48.2,30.5,21.3,48.2
z_49.5_-9.0,2023,2,2023-S2,Diminution,45.1,18.4,45.1,36.5
z_49.5_-9.0,2024,1,2024-S1,Stable,44.7,32.3,23.0,44.7
z_49.5_-9.0,2024,2,2024-S2,Stable,38.4,27.1,34.5,38.4
z_49.5_-9.0,2025,1,2025-S1,Stable,45.7,40.5,13.8,45.7
z_49.5_-9.0,2025,2,2025-S2,Stable,41.3,21.7,37.0,41.3
z_49.5_-9.0,2026,1,2026-S1,Stable,40.8,37.6,21.6,40.8
z_49.5_-9.0,2026,2,2026-S2,Diminution,43.5,22.2,43.5,34.4
z_49.5_-9.0,2027,1,2027-S1,Stable,42.7,34.6,22.7,42.7
z_49.5_-9.0,2027,2,2027-S2,Diminution,45.4,20.9,45.4,33.7
z_49.5_-9.0,2028,1,2028-S1,Stable,44.4,32.2,23.4,44.4
z_49.5_-9.0,2028,2,2028-S2,Diminution,45.6,20.4,45.6,34.1
z_49.5_-9.0,2029,1,2029-S1,Stable,44.5,32.2,23.3,44.5
z_49.5_-9.0,2029,2,2029-S2,Diminution,45.6,20.4,45.6,34.1
z_49.5_-9.0,2030,1,2030-S1,Stable,44.5,32.2,23.3,44.5
z_49.5_-9.0,2030,2,2030-S2,Diminution,45.6,20.4,45.6,34.1
z_49.5_0.0,2023,1,2023-S1,Augmentation,60.7,60.7,21.2,18.1
z_49.5_0.0,2023,2,2023-S2,Augmentation,66.4,66.4,17.4,16.2
z_49.5_0.0,2024,1,2024-S1,Augmentation,56.9,56.9,22.7,20.4
z_49.5_0.0,2024,2,2024-S2,Augmentation,62.5,62.5,21.4,16.1
z_49.5_0.0,2025,1,2025-S1,Augmentation,63.6,63.6,19.1,17.3
z_49.5_0.0,2025,2,2025-S2,Augmentation,63.8,63.8,19.6,16.6
z_49.5_0.0,2026,1,2026-S1,Augmentation,55.7,55.7,26.4,17.9
z_49.5_0.0,2026,2,2026-S2,Augmentation,61.2,61.2,22.4,16.3
z_49.5_0.0,2027,1,2027-S1,Augmentation,61.7,61.7,19.0,19.3
z_49.5_0.0,2027,2,2027-S2,Augmentation,63.8,63.8,18.7,17.6
z_49.5_0.0,2028,1,2028-S1,Augmentation,63.0,63.0,18.5,18.5
z_49.5_0.0,2028,2,2028-S2,Augmentation,67.2,67.2,17.9,14.9
z_49.5_0.0,2029,1,2029-S1,Augmentation,64.7,64.7,17.9,17.3
z_49.5_0.0,2029,2,2029-S2,Augmentation,68.9,68.9,17.0,14.1
z_49.5_0.0,2030,1,2030-S1,Augmentation,67.9,67.9,17.4,14.7
z_49.5_0.0,2030,2,2030-S2,Augmentation,69.1,69.1,17.2,13.6
z_51.0_-10.5,2023,1,2023-S1,Augmentation,64.1,64.1,13.6,22.3
z_51.0_-10.5,2023,2,2023-S2,Augmentation,50.4,50.4,14.4,35.3
z_51.0_-10.5,2024,1,2024-S1,Augmentation,48.4,48.4,18.6,33.0
z_51.0_-10.5,2024,2,2024-S2,Stable,42.3,32.6,25.2,42.3
z_51.0_-10.5,2025,1,2025-S1,Augmentation,42.5,42.5,18.7,38.8
z_51.0_-10.5,2025,2,2025-S2,Augmentation,49.8,49.8,16.6,33.6
z_51.0_-10.5,2026,1,2026-S1,Stable,44.2,27.3,28.5,44.2
z_51.0_-10.5,2026,2,2026-S2,Stable,37.0,29.7,33.3,37.0
z_51.0_-10.5,2027,1,2027-S1,Stable,39.8,31.4,28.8,39.8
z_51.0_-10.5,2027,2,2027-S2,Stable,42.7,27.6,29.8,42.7
z_51.0_-10.5,2028,1,2028-S1,Stable,39.2,29.1,31.8,39.2
z_51.0_-10.5,2028,2,2028-S2,Stable,40.5,28.8,30.7,40.5
z_51.0_-10.5,2029,1,2029-S1,Stable,39.2,29.4,31.4,39.2
z_51.0_-10.5,2029,2,2029-S2,Stable,39.6,28.9,31.4,39.6
z_51.0_-10.5,2030,1,2030-S1,Stable,39.2,29.4,31.4,39.2
z_51.0_-10.5,2030,2,2030-S2,Stable,39.6,28.9,31.4,39.6
z_51.0_-12.0,2023,1,2023-S1,Augmentation,39.5,39.5,22.1,38.4
z_51.0_-12.0,2023,2,2023-S2,Stable,43.5,34.5,22.0,43.5
z_51.0_-12.0,2024,1,2024-S1,Stable,41.7,38.2,20.1,41.7
z_51.0_-12.0,2024,2,2024-S2,Stable,45.8,30.5,23.8,45.8
z_51.0_-12.0,2025,1,2025-S1,Stable,41.1,36.0,22.9,41.1
z_51.0_-12.0,2025,2,2025-S2,Augmentation,43.4,43.4,13.5,43.1
z_51.0_-12.0,2026,1,2026-S1,Stable,43.8,33.5,22.7,43.8
z_51.0_-12.0,2026,2,2026-S2,Stable,40.6,37.7,21.7,40.6
z_51.0_-12.0,2027,1,2027-S1,Stable,42.0,34.4,23.6,42.0
z_51.0_-12.0,2027,2,2027-S2,Stable,44.4,34.4,21.2,44.4
z_51.0_-12.0,2028,1,2028-S1,Stable,42.3,36.5,21.2,42.3
z_51.0_-12.0,2028,2,2028-S2,Stable,44.9,29.0,26.1,44.9
z_51.0_-12.0,2029,1,2029-S1,Stable,42.7,33.2,24.1,42.7
z_51.0_-12.0,2029,2,2029-S2,Stable,44.2,31.9,23.9,44.2
z_51.0_-12.0,2030,1,2030-S1,Stable,42.7,33.2,24.1,42.7
z_51.0_-12.0,2030,2,2030-S2,Stable,44.2,31.8,24.0,44.2
z_51.0_-13.5,2023,1,2023-S1,Diminution,59.4,7.9,59.4,32.7
z_51.0_-13.5,2023,2,2023-S2,Diminution,43.3,17.8,43.3,38.9
z_51.0_-13.5,2024,1,2024-S1,Diminution,58.2,8.1,58.2,33.7
z_51.0_-13.5,2024,2,2024-S2,Diminution,46.9,14.4,46.9,38.7
z_51.0_-13.5,2025,1,2025-S1,Diminution,48.6,14.8,48.6,36.6
z_51.0_-13.5,2025,2,2025-S2,Stable,42.0,25.0,33.0,42.0
z_51.0_-13.5,2026,1,2026-S1,Diminution,46.8,15.6,46.8,37.5
z_51.0_-13.5,2026,2,2026-S2,Stable,47.1,20.5,32.4,47.1
z_51.0_-13.5,2027,1,2027-S1,Diminution,48.1,14.9,48.1,37.0
z_51.0_-13.5,2027,2,2027-S2,Stable,38.3,25.2,36.5,38.3
z_51.0_-13.5,2028,1,2028-S1,Stable,39.1,22.3,38.6,39.1
z_51.0_-13.5,2028,2,2028-S2,Diminution,42.2,18.8,42.2,39.0
z_51.0_-13.5,2029,1,2029-S1,Diminution,46.8,15.0,46.8,38.3
z_51.0_-13.5,2029,2,2029-S2,Stable,39.3,23.7,37.0,39.3
z_51.0_-13.5,2030,1,2030-S1,Stable,41.1,19.1,39.8,41.1
z_51.0_-13.5,2030,2,2030-S2,Stable,40.0,23.7,36.4,40.0
z_51.0_-15.0,2023,1,2023-S1,Stable,49.1,26.3,24.6,49.1
z_51.0_-15.0,2023,2,2023-S2,Diminution,47.2,18.1,47.2,34.7
z_51.0_-15.0,2024,1,2024-S1,Diminution,46.8,18.6,46.8,34.6
z_51.0_-15.0,2024,2,2024-S2,Diminution,50.1,14.1,50.1,35.8
z_51.0_-15.0,2025,1,2025-S1,Diminution,44.7,19.4,44.7,35.9
z_51.0_-15.0,2025,2,2025-S2,Stable,40.4,23.6,36.0,40.4
z_51.0_-15.0,2026,1,2026-S1,Stable,41.7,18.7,39.6,41.7
z_51.0_-15.0,2026,2,2026-S2,Diminution,58.1,11.5,58.1,30.4
z_51.0_-15.0,2027,1,2027-S1,Stable,42.6,15.2,42.1,42.6
z_51.0_-15.0,2027,2,2027-S2,Diminution,59.3,11.4,59.3,29.4
z_51.0_-15.0,2028,1,2028-S1,Stable,41.2,18.2,40.6,41.2
z_51.0_-15.0,2028,2,2028-S2,Diminution,54.1,12.9,54.1,33.0
z_51.0_-15.0,2029,1,2029-S1,Diminution,47.5,18.7,47.5,33.8
z_51.0_-15.0,2029,2,2029-S2,Diminution,54.1,12.9,54.1,33.0
z_51.0_-15.0,2030,1,2030-S1,Diminution,47.5,18.7,47.5,33.8
z_51.0_-15.0,2030,2,2030-S2,Diminution,54.1,12.9,54.1,33.0
z_51.0_-16.5,2023,1,2023-S1,Diminution,71.0,5.2,71.0,23.8
z_51.0_-16.5,2023,2,2023-S2,Diminution,53.8,11.5,53.8,34.7
z_51.0_-16.5,2024,1,2024-S1,Diminution,56.6,6.1,56.6,37.3
z_51.0_-16.5,2024,2,2024-S2,Diminution,52.6,4.7,52.6,42.7
z_51.0_-16.5,2025,1,2025-S1,Diminution,61.2,8.3,61.2,30.5
z_51.0_-16.5,2025,2,2025-S2,Diminution,56.7,3.4,56.7,40.0
z_51.0_-16.5,2026,1,2026-S1,Diminution,61.9,2.3,61.9,35.8
z_51.0_-16.5,2026,2,2026-S2,Diminution,73.6,2.8,73.6,23.6
z_51.0_-16.5,2027,1,2027-S1,Diminution,74.7,2.6,74.7,22.7
z_51.0_-16.5,2027,2,2027-S2,Diminution,73.6,2.8,73.6,23.6
z_51.0_-16.5,2028,1,2028-S1,Diminution,74.7,2.6,74.7,22.7
z_51.0_-16.5,2028,2,2028-S2,Diminution,73.6,2.8,73.6,23.6
z_51.0_-16.5,2029,1,2029-S1,Diminution,74.7,2.6,74.7,22.7
z_51.0_-16.5,2029,2,2029-S2,Diminution,73.6,2.8,73.6,23.6
z_51.0_-16.5,2030,1,2030-S1,Diminution,74.7,2.6,74.7,22.7
z_51.0_-16.5,2030,2,2030-S2,Diminution,73.6,2.8,73.6,23.6
z_51.0_-18.0,2023,1,2023-S1,Diminution,91.3,1.5,91.3,7.2
z_51.0_-18.0,2023,2,2023-S2,Diminution,94.6,0.9,94.6,4.5
z_51.0_-18.0,2024,1,2024-S1,Diminution,83.0,1.7,83.0,15.3
z_51.0_-18.0,2024,2,2024-S2,Diminution,86.7,4.5,86.7,8.7
z_51.0_-18.0,2025,1,2025-S1,Diminution,86.5,3.6,86.5,9.8
z_51.0_-18.0,2025,2,2025-S2,Diminution,87.1,1.8,87.1,11.1
z_51.0_-18.0,2026,1,2026-S1,Diminution,87.8,3.5,87.8,8.7
z_51.0_-18.0,2026,2,2026-S2,Diminution,93.1,0.6,93.1,6.3
z_51.0_-18.0,2027,1,2027-S1,Diminution,91.3,1.5,91.3,7.2
z_51.0_-18.0,2027,2,2027-S2,Diminution,93.1,0.6,93.1,6.3
z_51.0_-18.0,2028,1,2028-S1,Diminution,91.3,1.5,91.3,7.2
z_51.0_-18.0,2028,2,2028-S2,Diminution,93.1,0.6,93.1,6.3
z_51.0_-18.0,2029,1,2029-S1,Diminution,91.3,1.5,91.3,7.2
z_51.0_-18.0,2029,2,2029-S2,Diminution,93.1,0.6,93.1,6.3
z_51.0_-18.0,2030,1,2030-S1,Diminution,91.3,1.5,91.3,7.2
z_51.0_-18.0,2030,2,2030-S2,Diminution,93.1,0.6,93.1,6.3
z_51.0_-4.5,2023,1,2023-S1,Diminution,49.5,18.0,49.5,32.5
z_51.0_-4.5,2023,2,2023-S2,Diminution,57.5,18.2,57.5,24.3
z_51.0_-4.5,2024,1,2024-S1,Diminution,58.8,12.8,58.8,28.4
z_51.0_-4.5,2024,2,2024-S2,Diminution,52.6,15.3,52.6,32.1
z_51.0_-4.5,2025,1,2025-S1,Diminution,57.1,15.6,57.1,27.2
z_51.0_-4.5,2025,2,2025-S2,Diminution,47.8,19.0,47.8,33.2
z_51.0_-4.5,2026,1,2026-S1,Diminution,56.2,15.1,56.2,28.7
z_51.0_-4.5,2026,2,2026-S2,Diminution,57.9,13.5,57.9,28.6
z_51.0_-4.5,2027,1,2027-S1,Diminution,54.6,15.9,54.6,29.6
z_51.0_-4.5,2027,2,2027-S2,Diminution,54.9,16.3,54.9,28.8
z_51.0_-4.5,2028,1,2028-S1,Diminution,57.6,15.9,57.6,26.5
z_51.0_-4.5,2028,2,2028-S2,Diminution,56.3,13.7,56.3,30.0
z_51.0_-4.5,2029,1,2029-S1,Diminution,56.6,15.2,56.6,28.3
z_51.0_-4.5,2029,2,2029-S2,Diminution,55.4,15.7,55.4,28.9
z_51.0_-4.5,2030,1,2030-S1,Diminution,53.8,15.4,53.8,30.9
z_51.0_-4.5,2030,2,2030-S2,Diminution,54.8,15.4,54.8,29.8
z_51.0_-6.0,2023,1,2023-S1,Diminution,45.6,30.7,45.6,23.7
z_51.0_-6.0,2023,2,2023-S2,Diminution,46.8,30.4,46.8,22.8
z_51.0_-6.0,2024,1,2024-S1,Diminution,48.9,28.9,48.9,22.2
z_51.0_-6.0,2024,2,2024-S2,Diminution,41.6,35.6,41.6,22.8
z_51.0_-6.0,2025,1,2025-S1,Diminution,42.4,30.7,42.4,26.9
z_51.0_-6.0,2025,2,2025-S2,Diminution,42.4,33.0,42.4,24.6
z_51.0_-6.0,2026,1,2026-S1,Diminution,39.8,33.9,39.8,26.3
z_51.0_-6.0,2026,2,2026-S2,Diminution,40.2,36.6,40.2,23.2
z_51.0_-6.0,2027,1,2027-S1,Diminution,43.4,29.6,43.4,27.1
z_51.0_-6.0,2027,2,2027-S2,Diminution,43.6,32.6,43.6,23.8
z_51.0_-6.0,2028,1,2028-S1,Diminution,43.5,28.0,43.5,28.5
z_51.0_-6.0,2028,2,2028-S2,Diminution,43.6,30.9,43.6,25.5
z_51.0_-6.0,2029,1,2029-S1,Diminution,43.0,28.9,43.0,28.2
z_51.0_-6.0,2029,2,2029-S2,Diminution,43.4,30.2,43.4,26.5
z_51.0_-6.0,2030,1,2030-S1,Diminution,43.0,28.9,43.0,28.2
z_51.0_-6.0,2030,2,2030-S2,Diminution,43.4,30.2,43.4,26.5
z_51.0_-7.5,2023,1,2023-S1,Augmentation,41.0,41.0,23.4,35.6
z_51.0_-7.5,2023,2,2023-S2,Augmentation,54.9,54.9,17.3,27.7
z_51.0_-7.5,2024,1,2024-S1,Augmentation,67.8,67.8,13.8,18.4
z_51.0_-7.5,2024,2,2024-S2,Augmentation,64.0,64.0,11.0,25.1
z_51.0_-7.5,2025,1,2025-S1,Augmentation,60.1,60.1,17.4,22.5
z_51.0_-7.5,2025,2,2025-S2,Augmentation,58.9,58.9,17.7,23.4
z_51.0_-7.5,2026,1,2026-S1,Augmentation,42.8,42.8,29.2,28.0
z_51.0_-7.5,2026,2,2026-S2,Augmentation,52.0,52.0,25.4,22.6
z_51.0_-7.5,2027,1,2027-S1,Augmentation,55.4,55.4,18.8,25.8
z_51.0_-7.5,2027,2,2027-S2,Augmentation,49.9,49.9,17.6,32.5
z_51.0_-7.5,2028,1,2028-S1,Augmentation,54.0,54.0,21.2,24.8
z_51.0_-7.5,2028,2,2028-S2,Augmentation,58.3,58.3,16.9,24.7
z_51.0_-7.5,2029,1,2029-S1,Augmentation,57.2,57.2,17.6,25.2
z_51.0_-7.5,2029,2,2029-S2,Augmentation,59.2,59.2,15.1,25.7
z_51.0_-7.5,2030,1,2030-S1,Augmentation,59.9,59.9,16.9,23.2
z_51.0_-7.5,2030,2,2030-S2,Augmentation,63.4,63.4,14.8,21.8
z_51.0_-9.0,2023,1,2023-S1,Augmentation,46.7,46.7,15.0,38.3
z_51.0_-9.0,2023,2,2023-S2,Augmentation,40.9,40.9,18.3,40.9
z_51.0_-9.0,2024,1,2024-S1,Augmentation,42.2,42.2,16.6,41.2
z_51.0_-9.0,2024,2,2024-S2,Augmentation,41.1,41.1,18.1,40.8
z_51.0_-9.0,2025,1,2025-S1,Stable,41.8,39.6,18.6,41.8
z_51.0_-9.0,2025,2,2025-S2,Stable,48.2,32.5,19.3,48.2
z_51.0_-9.0,2026,1,2026-S1,Stable,49.2,28.7,22.1,49.2
z_51.0_-9.0,2026,2,2026-S2,Stable,47.5,27.2,25.3,47.5
z_51.0_-9.0,2027,1,2027-S1,Stable,49.0,28.3,22.7,49.0
z_51.0_-9.0,2027,2,2027-S2,Stable,48.4,26.3,25.3,48.4
z_51.0_-9.0,2028,1,2028-S1,Stable,48.3,29.1,22.6,48.3
z_51.0_-9.0,2028,2,2028-S2,Stable,49.9,24.8,25.3,49.9
z_51.0_-9.0,2029,1,2029-S1,Stable,48.2,29.1,22.7,48.2
z_51.0_-9.0,2029,2,2029-S2,Stable,49.9,24.8,25.3,49.9
z_51.0_-9.0,2030,1,2030-S1,Stable,48.2,29.1,22.7,48.2
z_51.0_-9.0,2030,2,2030-S2,Stable,49.8,24.9,25.3,49.8
z_51.0_0.0,2023,1,2023-S1,Diminution,46.0,38.7,46.0,15.4
z_51.0_0.0,2023,2,2023-S2,Augmentation,40.8,40.8,35.2,24.0
z_51.0_0.0,2024,1,2024-S1,Augmentation,50.7,50.7,28.5,20.8
z_51.0_0.0,2024,2,2024-S2,Augmentation,62.3,62.3,22.7,15.0
z_51.0_0.0,2025,1,2025-S1,Augmentation,53.0,53.0,26.9,20.1
z_51.0_0.0,2025,2,2025-S2,Diminution,46.1,36.7,46.1,17.3
z_51.0_0.0,2026,1,2026-S1,Diminution,51.9,34.5,51.9,13.5
z_51.0_0.0,2026,2,2026-S2,Diminution,43.9,41.6,43.9,14.5
z_51.0_0.0,2027,1,2027-S1,Augmentation,41.3,41.3,35.9,22.8
z_51.0_0.0,2027,2,2027-S2,Augmentation,50.9,50.9,29.4,19.7
z_51.0_0.0,2028,1,2028-S1,Augmentation,50.2,50.2,30.0,19.8
z_51.0_0.0,2028,2,2028-S2,Augmentation,51.9,51.9,31.6,16.5
z_51.0_0.0,2029,1,2029-S1,Augmentation,50.1,50.1,31.6,18.3
z_51.0_0.0,2029,2,2029-S2,Augmentation,52.5,52.5,31.7,15.9
z_51.0_0.0,2030,1,2030-S1,Augmentation,49.6,49.6,31.9,18.4
z_51.0_0.0,2030,2,2030-S2,Augmentation,52.4,52.4,31.7,15.9
z_51.0_1.5,2023,1,2023-S1,Augmentation,51.8,51.8,24.8,23.4
z_51.0_1.5,2023,2,2023-S2,Augmentation,50.3,50.3,24.8,24.9
z_51.0_1.5,2024,1,2024-S1,Augmentation,63.0,63.0,19.3,17.7
z_51.0_1.5,2024,2,2024-S2,Augmentation,62.0,62.0,20.7,17.3
z_51.0_1.5,2025,1,2025-S1,Augmentation,65.2,65.2,17.8,17.0
z_51.0_1.5,2025,2,2025-S2,Augmentation,65.7,65.7,19.2,15.1
z_51.0_1.5,2026,1,2026-S1,Augmentation,45.9,45.9,35.5,18.6
z_51.0_1.5,2026,2,2026-S2,Augmentation,54.0,54.0,24.8,21.1
z_51.0_1.5,2027,1,2027-S1,Augmentation,63.7,63.7,19.4,17.0
z_51.0_1.5,2027,2,2027-S2,Augmentation,66.9,66.9,18.3,14.8
z_51.0_1.5,2028,1,2028-S1,Augmentation,69.2,69.2,15.8,15.0
z_51.0_1.5,2028,2,2028-S2,Augmentation,69.9,69.9,15.7,14.4
z_51.0_1.5,2029,1,2029-S1,Augmentation,69.0,69.0,14.9,16.0
z_51.0_1.5,2029,2,2029-S2,Augmentation,70.1,70.1,14.9,15.0
z_51.0_1.5,2030,1,2030-S1,Augmentation,69.8,69.8,14.0,16.3
z_51.0_1.5,2030,2,2030-S2,Augmentation,69.3,69.3,14.2,16.5
z_51.0_3.0,2023,1,2023-S1,Augmentation,79.2,79.2,6.0,14.8
z_51.0_3.0,2023,2,2023-S2,Augmentation,73.2,73.2,7.1,19.7
z_51.0_3.0,2024,1,2024-S1,Augmentation,69.8,69.8,8.7,21.4
z_51.0_3.0,2024,2,2024-S2,Augmentation,79.6,79.6,5.5,14.8
z_51.0_3.0,2025,1,2025-S1,Augmentation,77.1,77.1,6.5,16.4
z_51.0_3.0,2025,2,2025-S2,Augmentation,72.9,72.9,6.8,20.3
z_51.0_3.0,2026,1,2026-S1,Augmentation,50.5,50.5,19.9,29.6
z_51.0_3.0,2026,2,2026-S2,Augmentation,55.0,55.0,17.4,27.6
z_51.0_3.0,2027,1,2027-S1,Augmentation,71.5,71.5,9.8,18.7
z_51.0_3.0,2027,2,2027-S2,Augmentation,79.3,79.3,7.2,13.6
z_51.0_3.0,2028,1,2028-S1,Augmentation,76.1,76.1,7.5,16.3
z_51.0_3.0,2028,2,2028-S2,Augmentation,80.3,80.3,5.0,14.7
z_51.0_3.0,2029,1,2029-S1,Augmentation,78.1,78.1,5.8,16.1
z_51.0_3.0,2029,2,2029-S2,Augmentation,81.7,81.7,4.7,13.6
z_51.0_3.0,2030,1,2030-S1,Augmentation,78.7,78.7,5.7,15.6
z_51.0_3.0,2030,2,2030-S2,Augmentation,80.9,80.9,4.9,14.2
z_52.5_-1.5,2023,1,2023-S1,Diminution,46.3,28.9,46.3,24.8
z_52.5_-1.5,2023,2,2023-S2,Diminution,43.3,33.7,43.3,23.0
z_52.5_-1.5,2024,1,2024-S1,Augmentation,38.9,38.9,31.9,29.2
z_52.5_-1.5,2024,2,2024-S2,Augmentation,49.9,49.9,27.3,22.8
z_52.5_-1.5,2025,1,2025-S1,Augmentation,43.4,43.4,28.1,28.5
z_52.5_-1.5,2025,2,2025-S2,Augmentation,46.3,46.3,33.2,20.6
z_52.5_-1.5,2026,1,2026-S1,Augmentation,40.7,40.7,33.5,25.8
z_52.5_-1.5,2026,2,2026-S2,Diminution,36.6,36.4,36.6,27.0
z_52.5_-1.5,2027,1,2027-S1,Augmentation,45.8,45.8,30.9,23.3
z_52.5_-1.5,2027,2,2027-S2,Augmentation,44.9,44.9,31.9,23.2
z_52.5_-1.5,2028,1,2028-S1,Augmentation,42.1,42.1,33.0,24.9
z_52.5_-1.5,2028,2,2028-S2,Augmentation,46.3,46.3,33.3,20.3
z_52.5_-1.5,2029,1,2029-S1,Augmentation,42.7,42.7,32.8,24.5
z_52.5_-1.5,2029,2,2029-S2,Augmentation,46.3,46.3,33.1,20.6
z_52.5_-1.5,2030,1,2030-S1,Augmentation,42.1,42.1,32.5,25.4
z_52.5_-1.5,2030,2,2030-S2,Augmentation,45.6,45.6,33.0,21.4
z_52.5_-10.5,2023,1,2023-S1,Stable,58.9,21.9,19.1,58.9
z_52.5_-10.5,2023,2,2023-S2,Stable,60.6,20.7,18.7,60.6
z_52.5_-10.5,2024,1,2024-S1,Stable,52.8,30.4,16.8,52.8
z_52.5_-10.5,2024,2,2024-S2,Stable,61.8,19.5,18.7,61.8
z_52.5_-10.5,2025,1,2025-S1,Stable,61.0,20.4,18.5,61.0
z_52.5_-10.5,2025,2,2025-S2,Stable,54.3,29.8,15.9,54.3
z_52.5_-10.5,2026,1,2026-S1,Stable,48.9,35.1,16.1,48.9
z_52.5_-10.5,2026,2,2026-S2,Stable,54.5,20.9,24.6,54.5
z_52.5_-10.5,2027,1,2027-S1,Stable,56.8,24.4,18.9,56.8
z_52.5_-10.5,2027,2,2027-S2,Stable,63.2,19.3,17.4,63.2
z_52.5_-10.5,2028,1,2028-S1,Stable,54.5,26.5,19.0,54.5
z_52.5_-10.5,2028,2,2028-S2,Stable,59.2,18.2,22.6,59.2
z_52.5_-10.5,2029,1,2029-S1,Stable,58.9,21.9,19.1,58.9
z_52.5_-10.5,2029,2,2029-S2,Stable,59.0,21.5,19.5,59.0
z_52.5_-10.5,2030,1,2030-S1,Stable,58.9,21.9,19.1,58.9
z_52.5_-10.5,2030,2,2030-S2,Stable,59.0,21.5,19.5,59.0
z_52.5_-12.0,2023,1,2023-S1,Stable,45.9,21.0,33.1,45.9
z_52.5_-12.0,2023,2,2023-S2,Diminution,52.9,7.0,52.9,40.1
z_52.5_-12.0,2024,1,2024-S1,Diminution,48.0,17.0,48.0,34.9
z_52.5_-12.0,2024,2,2024-S2,Diminution,62.3,6.6,62.3,31.1
z_52.5_-12.0,2025,1,2025-S1,Diminution,46.8,15.9,46.8,37.4
z_52.5_-12.0,2025,2,2025-S2,Diminution,63.1,3.9,63.1,33.0
z_52.5_-12.0,2026,1,2026-S1,Diminution,50.1,14.0,50.1,35.9
z_52.5_-12.0,2026,2,2026-S2,Diminution,69.2,4.3,69.2,26.5
z_52.5_-12.0,2027,1,2027-S1,Diminution,48.9,11.6,48.9,39.5
z_52.5_-12.0,2027,2,2027-S2,Diminution,67.6,3.5,67.6,28.9
z_52.5_-12.0,2028,1,2028-S1,Diminution,49.6,15.0,49.6,35.4
z_52.5_-12.0,2028,2,2028-S2,Diminution,67.6,3.5,67.6,28.9
z_52.5_-12.0,2029,1,2029-S1,Diminution,49.6,15.0,49.6,35.4
z_52.5_-12.0,2029,2,2029-S2,Diminution,67.6,3.5,67.6,28.9
z_52.5_-12.0,2030,1,2030-S1,Diminution,49.6,15.0,49.6,35.4
z_52.5_-12.0,2030,2,2030-S2,Diminution,67.6,3.5,67.6,28.9
z_52.5_-13.5,2023,1,2023-S1,Diminution,59.0,7.7,59.0,33.2
z_52.5_-13.5,2023,2,2023-S2,Diminution,44.8,15.6,44.8,39.6
z_52.5_-13.5,2024,1,2024-S1,Diminution,60.9,7.9,60.9,31.2
z_52.5_-13.5,2024,2,2024-S2,Diminution,43.2,13.7,43.2,43.1
z_52.5_-13.5,2025,1,2025-S1,Diminution,58.3,10.5,58.3,31.2
z_52.5_-13.5,2025,2,2025-S2,Diminution,45.9,16.4,45.9,37.7
z_52.5_-13.5,2026,1,2026-S1,Diminution,57.7,9.4,57.7,32.9
z_52.5_-13.5,2026,2,2026-S2,Diminution,43.5,13.0,43.5,43.5
z_52.5_-13.5,2027,1,2027-S1,Diminution,60.1,7.8,60.1,32.1
z_52.5_-13.5,2027,2,2027-S2,Diminution,45.1,12.7,45.1,42.2
z_52.5_-13.5,2028,1,2028-S1,Diminution,61.4,8.0,61.4,30.6
z_52.5_-13.5,2028,2,2028-S2,Diminution,48.2,14.4,48.2,37.4
z_52.5_-13.5,2029,1,2029-S1,Diminution,62.1,7.7,62.1,30.1
z_52.5_-13.5,2029,2,2029-S2,Diminution,49.7,16.6,49.7,33.7
z_52.5_-13.5,2030,1,2030-S1,Diminution,62.1,7.7,62.1,30.1
z_52.5_-13.5,2030,2,2030-S2,Diminution,49.7,16.6,49.7,33.7
z_52.5_-15.0,2023,1,2023-S1,Diminution,62.7,8.2,62.7,29.1
z_52.5_-15.0,2023,2,2023-S2,Diminution,70.2,3.5,70.2,26.3
z_52.5_-15.0,2024,1,2024-S1,Diminution,59.8,9.2,59.8,31.0
z_52.5_-15.0,2024,2,2024-S2,Diminution,71.1,3.4,71.1,25.4
z_52.5_-15.0,2025,1,2025-S1,Diminution,59.8,9.2,59.8,31.0
z_52.5_-15.0,2025,2,2025-S2,Diminution,72.1,5.7,72.1,22.2
z_52.5_-15.0,2026,1,2026-S1,Diminution,55.8,16.5,55.8,27.7
z_52.5_-15.0,2026,2,2026-S2,Diminution,67.8,6.7,67.8,25.5
z_52.5_-15.0,2027,1,2027-S1,Diminution,58.6,11.1,58.6,30.3
z_52.5_-15.0,2027,2,2027-S2,Diminution,68.8,8.9,68.8,22.2
z_52.5_-15.0,2028,1,2028-S1,Diminution,62.7,8.2,62.7,29.1
z_52.5_-15.0,2028,2,2028-S2,Diminution,70.2,3.5,70.2,26.3
z_52.5_-15.0,2029,1,2029-S1,Diminution,59.8,9.2,59.8,31.0
z_52.5_-15.0,2029,2,2029-S2,Diminution,71.1,3.4,71.1,25.4
z_52.5_-15.0,2030,1,2030-S1,Diminution,59.8,9.2,59.8,31.0
z_52.5_-15.0,2030,2,2030-S2,Diminution,71.1,3.4,71.1,25.4
z_52.5_-4.5,2023,1,2023-S1,Diminution,44.3,24.6,44.3,31.1
z_52.5_-4.5,2023,2,2023-S2,Diminution,44.7,29.4,44.7,26.0
z_52.5_-4.5,2024,1,2024-S1,Diminution,37.4,32.8,37.4,29.8
z_52.5_-4.5,2024,2,2024-S2,Augmentation,35.4,35.4,32.3,32.3
z_52.5_-4.5,2025,1,2025-S1,Augmentation,34.4,34.4,33.8,31.7
z_52.5_-4.5,2025,2,2025-S2,Diminution,38.1,33.5,38.1,28.4
z_52.5_-4.5,2026,1,2026-S1,Diminution,36.9,33.0,36.9,30.0
z_52.5_-4.5,2026,2,2026-S2,Augmentation,36.5,36.5,35.7,27.8
z_52.5_-4.5,2027,1,2027-S1,Diminution,36.5,34.9,36.5,28.6
z_52.5_-4.5,2027,2,2027-S2,Diminution,36.9,35.1,36.9,28.0
z_52.5_-4.5,2028,1,2028-S1,Diminution,36.0,33.1,36.0,30.9
z_52.5_-4.5,2028,2,2028-S2,Diminution,36.7,35.5,36.7,27.8
z_52.5_-4.5,2029,1,2029-S1,Diminution,35.7,33.2,35.7,31.1
z_52.5_-4.5,2029,2,2029-S2,Diminution,36.7,35.5,36.7,27.8
z_52.5_-4.5,2030,1,2030-S1,Diminution,35.7,33.2,35.7,31.1
z_52.5_-4.5,2030,2,2030-S2,Diminution,36.7,35.5,36.7,27.8
z_52.5_-6.0,2023,1,2023-S1,Augmentation,55.8,55.8,14.4,29.8
z_52.5_-6.0,2023,2,2023-S2,Augmentation,51.0,51.0,21.1,27.9
z_52.5_-6.0,2024,1,2024-S1,Augmentation,51.0,51.0,18.5,30.4
z_52.5_-6.0,2024,2,2024-S2,Augmentation,53.7,53.7,23.9,22.5
z_52.5_-6.0,2025,1,2025-S1,Augmentation,63.2,63.2,12.3,24.5
z_52.5_-6.0,2025,2,2025-S2,Augmentation,58.9,58.9,17.2,23.9
z_52.5_-6.0,2026,1,2026-S1,Augmentation,39.1,39.1,25.0,35.9
z_52.5_-6.0,2026,2,2026-S2,Augmentation,51.1,51.1,30.1,18.7
z_52.5_-6.0,2027,1,2027-S1,Augmentation,49.5,49.5,18.9,31.7
z_52.5_-6.0,2027,2,2027-S2,Augmentation,50.5,50.5,25.2,24.3
z_52.5_-6.0,2028,1,2028-S1,Augmentation,50.2,50.2,18.5,31.3
z_52.5_-6.0,2028,2,2028-S2,Augmentation,49.5,49.5,25.2,25.3
z_52.5_-6.0,2029,1,2029-S1,Augmentation,54.6,54.6,15.7,29.7
z_52.5_-6.0,2029,2,2029-S2,Augmentation,50.0,50.0,24.6,25.4
z_52.5_-6.0,2030,1,2030-S1,Augmentation,53.7,53.7,16.2,30.0
z_52.5_-6.0,2030,2,2030-S2,Augmentation,49.6,49.6,24.0,26.4
z_52.5_-7.5,2023,1,2023-S1,Augmentation,53.1,53.1,16.3,30.7
z_52.5_-7.5,2023,2,2023-S2,Augmentation,45.4,45.4,16.7,37.8
z_52.5_-7.5,2024,1,2024-S1,Augmentation,52.3,52.3,15.2,32.5
z_52.5_-7.5,2024,2,2024-S2,Augmentation,56.5,56.5,14.9,28.6
z_52.5_-7.5,2025,1,2025-S1,Augmentation,58.9,58.9,15.2,25.8
z_52.5_-7.5,2025,2,2025-S2,Augmentation,53.6,53.6,15.1,31.3
z_52.5_-7.5,2026,1,2026-S1,Augmentation,58.2,58.2,14.2,27.6
z_52.5_-7.5,2026,2,2026-S2,Augmentation,62.4,62.4,12.5,25.1
z_52.5_-7.5,2027,1,2027-S1,Augmentation,51.7,51.7,16.8,31.5
z_52.5_-7.5,2027,2,2027-S2,Augmentation,50.3,50.3,15.6,34.1
z_52.5_-7.5,2028,1,2028-S1,Augmentation,53.0,53.0,15.9,31.1
z_52.5_-7.5,2028,2,2028-S2,Augmentation,57.3,57.3,15.0,27.6
z_52.5_-7.5,2029,1,2029-S1,Augmentation,61.3,61.3,16.0,22.8
z_52.5_-7.5,2029,2,2029-S2,Augmentation,59.3,59.3,15.5,25.2
z_52.5_-7.5,2030,1,2030-S1,Augmentation,60.5,60.5,16.0,23.5
z_52.5_-7.5,2030,2,2030-S2,Augmentation,60.1,60.1,15.6,24.3
z_52.5_0.0,2023,1,2023-S1,Diminution,40.2,23.9,40.2,36.0
z_52.5_0.0,2023,2,2023-S2,Diminution,40.0,26.2,40.0,33.8
z_52.5_0.0,2024,1,2024-S1,Diminution,37.9,26.7,37.9,35.4
z_52.5_0.0,2024,2,2024-S2,Diminution,37.9,28.7,37.9,33.4
z_52.5_0.0,2025,1,2025-S1,Stable,35.2,31.4,33.5,35.2
z_52.5_0.0,2025,2,2025-S2,Augmentation,36.4,36.4,33.9,29.6
z_52.5_0.0,2026,1,2026-S1,Augmentation,41.1,41.1,30.5,28.4
z_52.5_0.0,2026,2,2026-S2,Augmentation,44.5,44.5,29.2,26.3
z_52.5_0.0,2027,1,2027-S1,Augmentation,37.3,37.3,36.2,26.6
z_52.5_0.0,2027,2,2027-S2,Diminution,37.4,36.8,37.4,25.8
z_52.5_0.0,2028,1,2028-S1,Diminution,36.2,31.9,36.2,31.9
z_52.5_0.0,2028,2,2028-S2,Diminution,38.2,34.3,38.2,27.5
z_52.5_0.0,2029,1,2029-S1,Diminution,36.0,31.1,36.0,32.9
z_52.5_0.0,2029,2,2029-S2,Diminution,36.8,33.8,36.8,29.4
z_52.5_0.0,2030,1,2030-S1,Diminution,36.0,31.1,36.0,32.9
z_52.5_0.0,2030,2,2030-S2,Diminution,36.8,33.8,36.8,29.4
z_52.5_1.5,2023,1,2023-S1,Diminution,39.2,25.4,39.2,35.4
z_52.5_1.5,2023,2,2023-S2,Diminution,44.5,23.6,44.5,31.9
z_52.5_1.5,2024,1,2024-S1,Diminution,50.3,16.5,50.3,33.2
z_52.5_1.5,2024,2,2024-S2,Diminution,52.2,19.6,52.2,28.2
z_52.5_1.5,2025,1,2025-S1,Diminution,46.3,18.1,46.3,35.6
z_52.5_1.5,2025,2,2025-S2,Stable,38.6,27.0,34.4,38.6
z_52.5_1.5,2026,1,2026-S1,Stable,42.9,31.7,25.4,42.9
z_52.5_1.5,2026,2,2026-S2,Diminution,37.3,26.9,37.3,35.8
z_52.5_1.5,2027,1,2027-S1,Diminution,41.6,25.9,41.6,32.5
z_52.5_1.5,2027,2,2027-S2,Diminution,47.3,18.8,47.3,33.9
z_52.5_1.5,2028,1,2028-S1,Diminution,44.3,20.2,44.3,35.5
z_52.5_1.5,2028,2,2028-S2,Diminution,49.3,18.9,49.3,31.7
z_52.5_1.5,2029,1,2029-S1,Diminution,45.7,19.1,45.7,35.2
z_52.5_1.5,2029,2,2029-S2,Diminution,49.2,18.5,49.2,32.3
z_52.5_1.5,2030,1,2030-S1,Diminution,45.7,19.1,45.7,35.2
z_52.5_1.5,2030,2,2030-S2,Diminution,49.2,18.5,49.2,32.3
z_52.5_13.5,2023,1,2023-S1,Augmentation,65.1,65.1,19.1,15.7
z_52.5_13.5,2023,2,2023-S2,Augmentation,72.0,72.0,15.5,12.5
z_52.5_13.5,2024,1,2024-S1,Augmentation,67.6,67.6,15.1,17.3
z_52.5_13.5,2024,2,2024-S2,Augmentation,66.9,66.9,16.6,16.6
z_52.5_13.5,2025,1,2025-S1,Augmentation,64.6,64.6,16.3,19.1
z_52.5_13.5,2025,2,2025-S2,Augmentation,69.8,69.8,19.0,11.2
z_52.5_13.5,2026,1,2026-S1,Augmentation,42.4,42.4,36.5,21.1
z_52.5_13.5,2026,2,2026-S2,Augmentation,56.0,56.0,30.1,13.8
z_52.5_13.5,2027,1,2027-S1,Augmentation,64.3,64.3,16.5,19.2
z_52.5_13.5,2027,2,2027-S2,Augmentation,62.4,62.4,15.8,21.7
z_52.5_13.5,2028,1,2028-S1,Augmentation,61.2,61.2,19.8,18.9
z_52.5_13.5,2028,2,2028-S2,Augmentation,65.4,65.4,18.9,15.7
z_52.5_13.5,2029,1,2029-S1,Augmentation,67.4,67.4,15.2,17.4
z_52.5_13.5,2029,2,2029-S2,Augmentation,70.1,70.1,15.0,14.9
z_52.5_13.5,2030,1,2030-S1,Augmentation,69.0,69.0,14.6,16.4
z_52.5_13.5,2030,2,2030-S2,Augmentation,71.5,71.5,14.2,14.3
z_52.5_3.0,2023,1,2023-S1,Augmentation,46.4,46.4,28.2,25.5
z_52.5_3.0,2023,2,2023-S2,Augmentation,56.6,56.6,18.7,24.7
z_52.5_3.0,2024,1,2024-S1,Augmentation,46.6,46.6,19.9,33.5
z_52.5_3.0,2024,2,2024-S2,Augmentation,48.7,48.7,19.9,31.4
z_52.5_3.0,2025,1,2025-S1,Augmentation,42.2,42.2,29.3,28.5
z_52.5_3.0,2025,2,2025-S2,Augmentation,40.3,40.3,27.2,32.5
z_52.5_3.0,2026,1,2026-S1,Diminution,40.6,31.2,40.6,28.3
z_52.5_3.0,2026,2,2026-S2,Diminution,34.3,32.5,34.3,33.3
z_52.5_3.0,2027,1,2027-S1,Stable,35.0,32.3,32.7,35.0
z_52.5_3.0,2027,2,2027-S2,Augmentation,35.7,35.7,29.1,35.1
z_52.5_3.0,2028,1,2028-S1,Stable,34.0,33.0,33.0,34.0
z_52.5_3.0,2028,2,2028-S2,Stable,35.6,35.2,29.2,35.6
z_52.5_3.0,2029,1,2029-S1,Stable,34.4,32.9,32.8,34.4
z_52.5_3.0,2029,2,2029-S2,Augmentation,35.8,35.8,28.3,35.8
z_52.5_3.0,2030,1,2030-S1,Stable,34.3,32.8,32.9,34.3
z_52.5_3.0,2030,2,2030-S2,Augmentation,35.9,35.9,28.3,35.8
z_52.5_4.5,2023,1,2023-S1,Augmentation,56.6,56.6,25.5,17.9
z_52.5_4.5,2023,2,2023-S2,Augmentation,58.5,58.5,20.9,20.6
z_52.5_4.5,2024,1,2024-S1,Augmentation,61.2,61.2,20.4,18.5
z_52.5_4.5,2024,2,2024-S2,Augmentation,61.9,61.9,22.6,15.5
z_52.5_4.5,2025,1,2025-S1,Augmentation,63.5,63.5,22.2,14.3
z_52.5_4.5,2025,2,2025-S2,Augmentation,66.2,66.2,20.0,13.9
z_52.5_4.5,2026,1,2026-S1,Augmentation,48.0,48.0,37.0,15.1
z_52.5_4.5,2026,2,2026-S2,Augmentation,58.3,58.3,30.0,11.7
z_52.5_4.5,2027,1,2027-S1,Augmentation,65.7,65.7,16.4,17.9
z_52.5_4.5,2027,2,2027-S2,Augmentation,63.2,63.2,18.4,18.4
z_52.5_4.5,2028,1,2028-S1,Augmentation,67.5,67.5,14.9,17.6
z_52.5_4.5,2028,2,2028-S2,Augmentation,71.3,71.3,13.9,14.8
z_52.5_4.5,2029,1,2029-S1,Augmentation,70.8,70.8,13.5,15.6
z_52.5_4.5,2029,2,2029-S2,Augmentation,72.0,72.0,14.1,13.9
z_52.5_4.5,2030,1,2030-S1,Augmentation,70.9,70.9,13.8,15.3
z_52.5_4.5,2030,2,2030-S2,Augmentation,72.8,72.8,13.6,13.6
z_52.5_6.0,2023,1,2023-S1,Augmentation,59.3,59.3,21.2,19.5
z_52.5_6.0,2023,2,2023-S2,Augmentation,66.2,66.2,16.7,17.1
z_52.5_6.0,2024,1,2024-S1,Augmentation,75.0,75.0,11.2,13.7
z_52.5_6.0,2024,2,2024-S2,Augmentation,80.0,80.0,8.3,11.7
z_52.5_6.0,2025,1,2025-S1,Augmentation,74.3,74.3,12.8,13.0
z_52.5_6.0,2025,2,2025-S2,Augmentation,68.0,68.0,15.4,16.5
z_52.5_6.0,2026,1,2026-S1,Augmentation,51.4,51.4,29.4,19.2
z_52.5_6.0,2026,2,2026-S2,Augmentation,57.5,57.5,23.2,19.3
z_52.5_6.0,2027,1,2027-S1,Augmentation,73.8,73.8,12.5,13.7
z_52.5_6.0,2027,2,2027-S2,Augmentation,76.0,76.0,11.0,13.0
z_52.5_6.0,2028,1,2028-S1,Augmentation,75.4,75.4,10.9,13.7
z_52.5_6.0,2028,2,2028-S2,Augmentation,76.4,76.4,10.6,13.0
z_52.5_6.0,2029,1,2029-S1,Augmentation,70.5,70.5,10.6,18.9
z_52.5_6.0,2029,2,2029-S2,Augmentation,67.3,67.3,12.0,20.7
z_52.5_6.0,2030,1,2030-S1,Augmentation,60.6,60.6,13.7,25.7
z_52.5_6.0,2030,2,2030-S2,Augmentation,60.2,60.2,14.0,25.8
z_52.5_7.5,2023,1,2023-S1,Augmentation,55.5,55.5,16.6,27.9
z_52.5_7.5,2023,2,2023-S2,Augmentation,56.3,56.3,20.7,23.0
z_52.5_7.5,2024,1,2024-S1,Augmentation,66.7,66.7,15.0,18.4
z_52.5_7.5,2024,2,2024-S2,Augmentation,72.9,72.9,13.3,13.8
z_52.5_7.5,2025,1,2025-S1,Augmentation,65.7,65.7,18.2,16.1
z_52.5_7.5,2025,2,2025-S2,Augmentation,80.9,80.9,9.6,9.5
z_52.5_7.5,2026,1,2026-S1,Augmentation,71.6,71.6,12.1,16.2
z_52.5_7.5,2026,2,2026-S2,Augmentation,71.6,71.6,15.2,13.2
z_52.5_7.5,2027,1,2027-S1,Augmentation,74.3,74.3,11.7,14.0
z_52.5_7.5,2027,2,2027-S2,Augmentation,77.3,77.3,10.3,12.4
z_52.5_7.5,2028,1,2028-S1,Augmentation,74.1,74.1,12.6,13.3
z_52.5_7.5,2028,2,2028-S2,Augmentation,77.8,77.8,10.3,11.9
z_52.5_7.5,2029,1,2029-S1,Augmentation,68.7,68.7,12.5,18.7
z_52.5_7.5,2029,2,2029-S2,Augmentation,67.4,67.4,14.0,18.6
z_52.5_7.5,2030,1,2030-S1,Augmentation,59.1,59.1,14.6,26.3
z_52.5_7.5,2030,2,2030-S2,Augmentation,63.3,63.3,13.7,23.0
z_52.5_9.0,2023,1,2023-S1,Augmentation,79.7,79.7,3.9,16.4
z_52.5_9.0,2023,2,2023-S2,Augmentation,77.9,77.9,4.2,17.9
z_52.5_9.0,2024,1,2024-S1,Augmentation,66.5,66.5,6.6,27.0
z_52.5_9.0,2024,2,2024-S2,Augmentation,64.1,64.1,7.6,28.3
z_52.5_9.0,2025,1,2025-S1,Augmentation,49.8,49.8,9.1,41.1
z_52.5_9.0,2025,2,2025-S2,Augmentation,62.3,62.3,8.1,29.7
z_52.5_9.0,2026,1,2026-S1,Augmentation,48.4,48.4,15.6,36.0
z_52.5_9.0,2026,2,2026-S2,Augmentation,54.2,54.2,12.5,33.3
z_52.5_9.0,2027,1,2027-S1,Augmentation,74.9,74.9,6.4,18.7
z_52.5_9.0,2027,2,2027-S2,Augmentation,80.2,80.2,5.4,14.3
z_52.5_9.0,2028,1,2028-S1,Augmentation,76.3,76.3,5.2,18.5
z_52.5_9.0,2028,2,2028-S2,Augmentation,79.4,79.4,4.2,16.4
z_52.5_9.0,2029,1,2029-S1,Augmentation,77.2,77.2,4.1,18.8
z_52.5_9.0,2029,2,2029-S2,Augmentation,81.5,81.5,3.6,14.9
z_52.5_9.0,2030,1,2030-S1,Augmentation,76.1,76.1,4.2,19.7
z_52.5_9.0,2030,2,2030-S2,Augmentation,81.2,81.2,3.7,15.1
z_54.0_-1.5,2023,1,2023-S1,Diminution,45.1,21.0,45.1,33.9
z_54.0_-1.5,2023,2,2023-S2,Diminution,45.2,23.5,45.2,31.3
z_54.0_-1.5,2024,1,2024-S1,Diminution,39.1,23.3,39.1,37.6
z_54.0_-1.5,2024,2,2024-S2,Diminution,49.3,19.7,49.3,31.0
z_54.0_-1.5,2025,1,2025-S1,Diminution,38.4,25.9,38.4,35.7
z_54.0_-1.5,2025,2,2025-S2,Diminution,46.6,21.0,46.6,32.5
z_54.0_-1.5,2026,1,2026-S1,Diminution,49.1,23.8,49.1,27.1
z_54.0_-1.5,2026,2,2026-S2,Diminution,48.3,18.3,48.3,33.4
z_54.0_-1.5,2027,1,2027-S1,Diminution,44.0,20.0,44.0,36.0
z_54.0_-1.5,2027,2,2027-S2,Diminution,48.7,19.9,48.7,31.3
z_54.0_-1.5,2028,1,2028-S1,Diminution,44.2,19.4,44.2,36.4
z_54.0_-1.5,2028,2,2028-S2,Diminution,46.2,19.7,46.2,34.1
z_54.0_-1.5,2029,1,2029-S1,Diminution,44.7,19.5,44.7,35.7
z_54.0_-1.5,2029,2,2029-S2,Diminution,47.5,20.1,47.5,32.4
z_54.0_-1.5,2030,1,2030-S1,Diminution,44.7,19.5,44.7,35.7
z_54.0_-1.5,2030,2,2030-S2,Diminution,48.4,20.4,48.4,31.2
z_54.0_-10.5,2023,1,2023-S1,Diminution,72.7,4.1,72.7,23.2
z_54.0_-10.5,2023,2,2023-S2,Diminution,74.6,4.0,74.6,21.4
z_54.0_-10.5,2024,1,2024-S1,Diminution,70.3,3.7,70.3,26.0
z_54.0_-10.5,2024,2,2024-S2,Diminution,66.8,4.9,66.8,28.3
z_54.0_-10.5,2025,1,2025-S1,Diminution,64.2,6.5,64.2,29.3
z_54.0_-10.5,2025,2,2025-S2,Diminution,52.4,15.0,52.4,32.6
z_54.0_-10.5,2026,1,2026-S1,Diminution,55.7,11.7,55.7,32.6
z_54.0_-10.5,2026,2,2026-S2,Diminution,41.9,17.3,41.9,40.8
z_54.0_-10.5,2027,1,2027-S1,Diminution,51.5,16.3,51.5,32.2
z_54.0_-10.5,2027,2,2027-S2,Diminution,49.9,16.7,49.9,33.4
z_54.0_-10.5,2028,1,2028-S1,Diminution,51.4,15.1,51.4,33.4
z_54.0_-10.5,2028,2,2028-S2,Diminution,55.9,11.7,55.9,32.4
z_54.0_-10.5,2029,1,2029-S1,Diminution,52.0,13.9,52.0,34.1
z_54.0_-10.5,2029,2,2029-S2,Diminution,46.1,18.3,46.1,35.6
z_54.0_-10.5,2030,1,2030-S1,Diminution,49.7,15.9,49.7,34.5
z_54.0_-10.5,2030,2,2030-S2,Diminution,53.1,14.4,53.1,32.5
z_54.0_-12.0,2023,1,2023-S1,Diminution,78.4,2.1,78.4,19.5
z_54.0_-12.0,2023,2,2023-S2,Diminution,67.7,6.1,67.7,26.1
z_54.0_-12.0,2024,1,2024-S1,Diminution,55.2,6.3,55.2,38.4
z_54.0_-12.0,2024,2,2024-S2,Diminution,73.9,3.4,73.9,22.8
z_54.0_-12.0,2025,1,2025-S1,Diminution,70.6,4.4,70.6,25.0
z_54.0_-12.0,2025,2,2025-S2,Diminution,60.7,9.0,60.7,30.3
z_54.0_-12.0,2026,1,2026-S1,Stable,40.4,26.4,33.2,40.4
z_54.0_-12.0,2026,2,2026-S2,Diminution,53.4,10.5,53.4,36.0
z_54.0_-12.0,2027,1,2027-S1,Diminution,44.1,15.5,44.1,40.4
z_54.0_-12.0,2027,2,2027-S2,Diminution,44.8,14.9,44.8,40.3
z_54.0_-12.0,2028,1,2028-S1,Stable,39.9,20.3,39.8,39.9
z_54.0_-12.0,2028,2,2028-S2,Diminution,39.7,21.3,39.7,39.0
z_54.0_-12.0,2029,1,2029-S1,Diminution,46.7,16.1,46.7,37.2
z_54.0_-12.0,2029,2,2029-S2,Diminution,47.7,15.8,47.7,36.5
z_54.0_-12.0,2030,1,2030-S1,Diminution,46.7,16.0,46.7,37.3
z_54.0_-12.0,2030,2,2030-S2,Diminution,47.8,15.7,47.8,36.4
z_54.0_-16.5,2023,1,2023-S1,Diminution,90.7,1.8,90.7,7.6
z_54.0_-16.5,2023,2,2023-S2,Diminution,92.5,0.9,92.5,6.6
z_54.0_-16.5,2024,1,2024-S1,Diminution,90.7,1.8,90.7,7.6
z_54.0_-16.5,2024,2,2024-S2,Diminution,93.7,1.2,93.7,5.1
z_54.0_-16.5,2025,1,2025-S1,Diminution,81.9,2.1,81.9,16.0
z_54.0_-16.5,2025,2,2025-S2,Diminution,85.7,5.1,85.7,9.2
z_54.0_-16.5,2026,1,2026-S1,Diminution,85.9,3.8,85.9,10.4
z_54.0_-16.5,2026,2,2026-S2,Diminution,87.1,2.0,87.1,10.9
z_54.0_-16.5,2027,1,2027-S1,Diminution,87.6,3.6,87.6,8.8
z_54.0_-16.5,2027,2,2027-S2,Diminution,92.5,0.9,92.5,6.6
z_54.0_-16.5,2028,1,2028-S1,Diminution,90.7,1.8,90.7,7.6
z_54.0_-16.5,2028,2,2028-S2,Diminution,92.5,0.9,92.5,6.6
z_54.0_-16.5,2029,1,2029-S1,Diminution,90.7,1.8,90.7,7.6
z_54.0_-16.5,2029,2,2029-S2,Diminution,92.5,0.9,92.5,6.6
z_54.0_-16.5,2030,1,2030-S1,Diminution,90.7,1.8,90.7,7.6
z_54.0_-16.5,2030,2,2030-S2,Diminution,92.5,0.9,92.5,6.6
z_54.0_-4.5,2023,1,2023-S1,Diminution,45.0,26.6,45.0,28.4
z_54.0_-4.5,2023,2,2023-S2,Diminution,39.6,27.8,39.6,32.6
z_54.0_-4.5,2024,1,2024-S1,Diminution,45.5,22.2,45.5,32.2
z_54.0_-4.5,2024,2,2024-S2,Augmentation,34.3,34.3,33.1,32.5
z_54.0_-4.5,2025,1,2025-S1,Augmentation,39.9,39.9,25.6,34.6
z_54.0_-4.5,2025,2,2025-S2,Diminution,41.9,30.0,41.9,28.1
z_54.0_-4.5,2026,1,2026-S1,Diminution,34.8,34.0,34.8,31.2
z_54.0_-4.5,2026,2,2026-S2,Diminution,47.8,21.3,47.8,30.8
z_54.0_-4.5,2027,1,2027-S1,Diminution,45.4,23.5,45.4,31.1
z_54.0_-4.5,2027,2,2027-S2,Diminution,49.9,19.3,49.9,30.8
z_54.0_-4.5,2028,1,2028-S1,Diminution,46.3,20.8,46.3,32.9
z_54.0_-4.5,2028,2,2028-S2,Diminution,50.1,19.5,50.1,30.4
z_54.0_-4.5,2029,1,2029-S1,Diminution,46.4,20.2,46.4,33.5
z_54.0_-4.5,2029,2,2029-S2,Diminution,50.2,19.4,50.2,30.4
z_54.0_-4.5,2030,1,2030-S1,Diminution,46.4,20.2,46.4,33.5
z_54.0_-4.5,2030,2,2030-S2,Diminution,50.1,19.5,50.1,30.4
z_54.0_-6.0,2023,1,2023-S1,Diminution,46.4,19.5,46.4,34.1
z_54.0_-6.0,2023,2,2023-S2,Diminution,49.4,22.2,49.4,28.4
z_54.0_-6.0,2024,1,2024-S1,Diminution,50.3,19.3,50.3,30.4
z_54.0_-6.0,2024,2,2024-S2,Diminution,48.0,25.4,48.0,26.6
z_54.0_-6.0,2025,1,2025-S1,Diminution,46.9,24.7,46.9,28.5
z_54.0_-6.0,2025,2,2025-S2,Diminution,43.5,33.2,43.5,23.3
z_54.0_-6.0,2026,1,2026-S1,Diminution,43.7,28.5,43.7,27.8
z_54.0_-6.0,2026,2,2026-S2,Diminution,45.8,24.7,45.8,29.5
z_54.0_-6.0,2027,1,2027-S1,Diminution,43.3,27.0,43.3,29.7
z_54.0_-6.0,2027,2,2027-S2,Diminution,44.9,25.3,44.9,29.8
z_54.0_-6.0,2028,1,2028-S1,Diminution,41.2,33.3,41.2,25.6
z_54.0_-6.0,2028,2,2028-S2,Diminution,46.1,28.9,46.1,25.0
z_54.0_-6.0,2029,1,2029-S1,Diminution,45.6,26.9,45.6,27.4
z_54.0_-6.0,2029,2,2029-S2,Diminution,47.8,27.2,47.8,25.0
z_54.0_-6.0,2030,1,2030-S1,Diminution,45.6,26.9,45.6,27.4
z_54.0_-6.0,2030,2,2030-S2,Diminution,47.8,27.2,47.8,25.0
z_54.0_-7.5,2023,1,2023-S1,Stable,44.1,16.7,39.2,44.1
z_54.0_-7.5,2023,2,2023-S2,Diminution,53.7,17.8,53.7,28.5
z_54.0_-7.5,2024,1,2024-S1,Diminution,43.5,18.0,43.5,38.5
z_54.0_-7.5,2024,2,2024-S2,Diminution,46.6,17.4,46.6,35.9
z_54.0_-7.5,2025,1,2025-S1,Stable,49.0,29.0,22.1,49.0
z_54.0_-7.5,2025,2,2025-S2,Stable,37.6,31.5,30.9,37.6
z_54.0_-7.5,2026,1,2026-S1,Diminution,49.3,19.3,49.3,31.5
z_54.0_-7.5,2026,2,2026-S2,Diminution,45.8,19.8,45.8,34.4
z_54.0_-7.5,2027,1,2027-S1,Stable,37.0,26.2,36.8,37.0
z_54.0_-7.5,2027,2,2027-S2,Diminution,45.9,21.0,45.9,33.1
z_54.0_-7.5,2028,1,2028-S1,Diminution,49.3,14.6,49.3,36.1
z_54.0_-7.5,2028,2,2028-S2,Diminution,55.3,14.3,55.3,30.4
z_54.0_-7.5,2029,1,2029-S1,Diminution,50.3,15.4,50.3,34.4
z_54.0_-7.5,2029,2,2029-S2,Diminution,51.0,17.8,51.0,31.2
z_54.0_-7.5,2030,1,2030-S1,Diminution,46.0,16.3,46.0,37.8
z_54.0_-7.5,2030,2,2030-S2,Diminution,53.8,15.7,53.8,30.5
z_54.0_-9.0,2023,1,2023-S1,Diminution,56.3,7.4,56.3,36.3
z_54.0_-9.0,2023,2,2023-S2,Diminution,42.5,17.9,42.5,39.6
z_54.0_-9.0,2024,1,2024-S1,Diminution,57.3,8.4,57.3,34.2
z_54.0_-9.0,2024,2,2024-S2,Stable,47.3,19.7,33.0,47.3
z_54.0_-9.0,2025,1,2025-S1,Diminution,46.6,13.5,46.6,39.8
z_54.0_-9.0,2025,2,2025-S2,Stable,51.2,19.8,29.0,51.2
z_54.0_-9.0,2026,1,2026-S1,Diminution,58.4,5.5,58.4,36.0
z_54.0_-9.0,2026,2,2026-S2,Diminution,56.1,14.0,56.1,30.0
z_54.0_-9.0,2027,1,2027-S1,Diminution,61.8,3.7,61.8,34.5
z_54.0_-9.0,2027,2,2027-S2,Diminution,51.1,12.0,51.1,36.9
z_54.0_-9.0,2028,1,2028-S1,Diminution,62.1,4.5,62.1,33.4
z_54.0_-9.0,2028,2,2028-S2,Diminution,51.1,12.0,51.1,36.9
z_54.0_-9.0,2029,1,2029-S1,Diminution,62.1,4.5,62.1,33.4
z_54.0_-9.0,2029,2,2029-S2,Diminution,51.1,12.0,51.1,36.9
z_54.0_-9.0,2030,1,2030-S1,Diminution,62.1,4.5,62.1,33.4
z_54.0_-9.0,2030,2,2030-S2,Diminution,51.1,12.0,51.1,36.9
z_54.0_0.0,2023,1,2023-S1,Diminution,42.7,29.8,42.7,27.5
z_54.0_0.0,2023,2,2023-S2,Stable,41.3,27.3,31.4,41.3
z_54.0_0.0,2024,1,2024-S1,Diminution,47.4,19.8,47.4,32.8
z_54.0_0.0,2024,2,2024-S2,Stable,49.3,13.9,36.8,49.3
z_54.0_0.0,2025,1,2025-S1,Diminution,49.6,20.4,49.6,30.1
z_54.0_0.0,2025,2,2025-S2,Stable,51.5,23.9,24.6,51.5
z_54.0_0.0,2026,1,2026-S1,Diminution,38.8,25.7,38.8,35.6
z_54.0_0.0,2026,2,2026-S2,Stable,40.4,20.3,39.3,40.4
z_54.0_0.0,2027,1,2027-S1,Diminution,47.4,22.8,47.4,29.8
z_54.0_0.0,2027,2,2027-S2,Diminution,39.3,25.9,39.3,34.8
z_54.0_0.0,2028,1,2028-S1,Diminution,46.7,28.1,46.7,25.3
z_54.0_0.0,2028,2,2028-S2,Diminution,40.7,20.4,40.7,38.9
z_54.0_0.0,2029,1,2029-S1,Diminution,50.7,24.4,50.7,24.9
z_54.0_0.0,2029,2,2029-S2,Diminution,40.7,20.4,40.7,38.9
z_54.0_0.0,2030,1,2030-S1,Diminution,50.7,24.4,50.7,24.9
z_54.0_0.0,2030,2,2030-S2,Diminution,40.6,20.4,40.6,39.0
z_54.0_1.5,2023,1,2023-S1,Stable,50.3,22.8,26.9,50.3
z_54.0_1.5,2023,2,2023-S2,Diminution,61.1,12.6,61.1,26.4
z_54.0_1.5,2024,1,2024-S1,Stable,39.7,30.7,29.5,39.7
z_54.0_1.5,2024,2,2024-S2,Diminution,53.3,15.5,53.3,31.2
z_54.0_1.5,2025,1,2025-S1,Stable,42.7,16.9,40.4,42.7
z_54.0_1.5,2025,2,2025-S2,Diminution,57.7,13.0,57.7,29.3
z_54.0_1.5,2026,1,2026-S1,Stable,43.3,23.2,33.4,43.3
z_54.0_1.5,2026,2,2026-S2,Diminution,56.0,16.8,56.0,27.2
z_54.0_1.5,2027,1,2027-S1,Stable,47.8,28.1,24.0,47.8
z_54.0_1.5,2027,2,2027-S2,Diminution,55.8,15.7,55.8,28.5
z_54.0_1.5,2028,1,2028-S1,Stable,43.0,22.0,35.0,43.0
z_54.0_1.5,2028,2,2028-S2,Diminution,50.0,16.3,50.0,33.7
z_54.0_1.5,2029,1,2029-S1,Stable,42.8,22.5,34.8,42.8
z_54.0_1.5,2029,2,2029-S2,Diminution,54.0,15.8,54.0,30.2
z_54.0_1.5,2030,1,2030-S1,Stable,48.9,25.7,25.4,48.9
z_54.0_1.5,2030,2,2030-S2,Diminution,54.0,17.3,54.0,28.7
z_54.0_10.5,2023,1,2023-S1,Augmentation,80.9,80.9,9.8,9.4
z_54.0_10.5,2023,2,2023-S2,Augmentation,82.1,82.1,9.7,8.1
z_54.0_10.5,2024,1,2024-S1,Augmentation,79.1,79.1,11.2,9.7
z_54.0_10.5,2024,2,2024-S2,Augmentation,81.5,81.5,10.0,8.5
z_54.0_10.5,2025,1,2025-S1,Augmentation,76.1,76.1,12.5,11.4
z_54.0_10.5,2025,2,2025-S2,Augmentation,64.4,64.4,17.0,18.6
z_54.0_10.5,2026,1,2026-S1,Augmentation,71.3,71.3,14.8,13.8
z_54.0_10.5,2026,2,2026-S2,Augmentation,75.0,75.0,12.5,12.5
z_54.0_10.5,2027,1,2027-S1,Augmentation,78.8,78.8,11.4,9.8
z_54.0_10.5,2027,2,2027-S2,Augmentation,82.4,82.4,9.3,8.3
z_54.0_10.5,2028,1,2028-S1,Augmentation,81.3,81.3,9.3,9.4
z_54.0_10.5,2028,2,2028-S2,Augmentation,79.7,79.7,10.0,10.4
z_54.0_10.5,2029,1,2029-S1,Augmentation,71.8,71.8,11.5,16.7
z_54.0_10.5,2029,2,2029-S2,Augmentation,69.2,69.2,13.1,17.8
z_54.0_10.5,2030,1,2030-S1,Augmentation,64.2,64.2,12.8,23.0
z_54.0_10.5,2030,2,2030-S2,Augmentation,63.4,63.4,13.6,23.0
z_54.0_12.0,2023,1,2023-S1,Augmentation,55.7,55.7,15.2,29.1
z_54.0_12.0,2023,2,2023-S2,Augmentation,60.7,60.7,15.9,23.4
z_54.0_12.0,2024,1,2024-S1,Augmentation,58.2,58.2,15.1,26.7
z_54.0_12.0,2024,2,2024-S2,Augmentation,44.9,44.9,21.3,33.8
z_54.0_12.0,2025,1,2025-S1,Augmentation,47.9,47.9,20.4,31.7
z_54.0_12.0,2025,2,2025-S2,Augmentation,56.6,56.6,21.6,21.8
z_54.0_12.0,2026,1,2026-S1,Augmentation,50.0,50.0,31.0,19.0
z_54.0_12.0,2026,2,2026-S2,Augmentation,60.2,60.2,20.9,19.0
z_54.0_12.0,2027,1,2027-S1,Augmentation,59.4,59.4,17.5,23.2
z_54.0_12.0,2027,2,2027-S2,Augmentation,62.2,62.2,17.4,20.3
z_54.0_12.0,2028,1,2028-S1,Augmentation,59.5,59.5,18.1,22.5
z_54.0_12.0,2028,2,2028-S2,Augmentation,59.2,59.2,16.5,24.3
z_54.0_12.0,2029,1,2029-S1,Augmentation,55.5,55.5,17.3,27.1
z_54.0_12.0,2029,2,2029-S2,Augmentation,54.3,54.3,17.5,28.2
z_54.0_12.0,2030,1,2030-S1,Augmentation,54.7,54.7,16.6,28.8
z_54.0_12.0,2030,2,2030-S2,Augmentation,53.9,53.9,16.4,29.6
z_54.0_13.5,2023,1,2023-S1,Augmentation,81.7,81.7,9.7,8.6
z_54.0_13.5,2023,2,2023-S2,Augmentation,85.8,85.8,6.9,7.3
z_54.0_13.5,2024,1,2024-S1,Augmentation,84.1,84.1,8.0,7.9
z_54.0_13.5,2024,2,2024-S2,Augmentation,64.0,64.0,14.1,21.9
z_54.0_13.5,2025,1,2025-S1,Augmentation,62.8,62.8,17.2,20.0
z_54.0_13.5,2025,2,2025-S2,Augmentation,59.0,59.0,21.9,19.0
z_54.0_13.5,2026,1,2026-S1,Augmentation,50.6,50.6,27.2,22.2
z_54.0_13.5,2026,2,2026-S2,Augmentation,67.7,67.7,17.0,15.3
z_54.0_13.5,2027,1,2027-S1,Augmentation,77.9,77.9,11.3,10.8
z_54.0_13.5,2027,2,2027-S2,Augmentation,80.1,80.1,10.4,9.4
z_54.0_13.5,2028,1,2028-S1,Augmentation,80.1,80.1,10.5,9.3
z_54.0_13.5,2028,2,2028-S2,Augmentation,81.0,81.0,10.8,8.2
z_54.0_13.5,2029,1,2029-S1,Augmentation,82.0,82.0,10.0,8.1
z_54.0_13.5,2029,2,2029-S2,Augmentation,84.0,84.0,9.3,6.7
z_54.0_13.5,2030,1,2030-S1,Augmentation,83.0,83.0,9.2,7.8
z_54.0_13.5,2030,2,2030-S2,Augmentation,84.5,84.5,8.7,6.8
z_54.0_15.0,2023,1,2023-S1,Stable,46.4,40.8,12.8,46.4
z_54.0_15.0,2023,2,2023-S2,Augmentation,45.6,45.6,13.8,40.6
z_54.0_15.0,2024,1,2024-S1,Stable,49.3,31.2,19.5,49.3
z_54.0_15.0,2024,2,2024-S2,Stable,40.9,36.1,23.0,40.9
z_54.0_15.0,2025,1,2025-S1,Stable,51.6,28.6,19.8,51.6
z_54.0_15.0,2025,2,2025-S2,Augmentation,41.1,41.1,18.0,40.9
z_54.0_15.0,2026,1,2026-S1,Stable,48.5,35.6,16.0,48.5
z_54.0_15.0,2026,2,2026-S2,Stable,38.5,34.5,27.1,38.5
z_54.0_15.0,2027,1,2027-S1,Stable,54.0,27.8,18.3,54.0
z_54.0_15.0,2027,2,2027-S2,Stable,43.1,31.4,25.5,43.1
z_54.0_15.0,2028,1,2028-S1,Stable,49.0,31.2,19.9,49.0
z_54.0_15.0,2028,2,2028-S2,Stable,42.6,31.6,25.8,42.6
z_54.0_15.0,2029,1,2029-S1,Stable,51.9,27.3,20.8,51.9
z_54.0_15.0,2029,2,2029-S2,Stable,43.5,29.6,27.0,43.5
z_54.0_15.0,2030,1,2030-S1,Stable,52.4,26.4,21.2,52.4
z_54.0_15.0,2030,2,2030-S2,Stable,43.5,29.6,26.9,43.5
z_54.0_16.5,2023,1,2023-S1,Diminution,41.8,19.8,41.8,38.3
z_54.0_16.5,2023,2,2023-S2,Stable,49.1,23.3,27.7,49.1
z_54.0_16.5,2024,1,2024-S1,Diminution,51.0,16.6,51.0,32.4
z_54.0_16.5,2024,2,2024-S2,Stable,41.4,34.0,24.5,41.4
z_54.0_16.5,2025,1,2025-S1,Diminution,44.0,19.7,44.0,36.3
z_54.0_16.5,2025,2,2025-S2,Stable,52.7,22.3,25.0,52.7
z_54.0_16.5,2026,1,2026-S1,Diminution,51.3,15.9,51.3,32.9
z_54.0_16.5,2026,2,2026-S2,Stable,46.0,14.3,39.7,46.0
z_54.0_16.5,2027,1,2027-S1,Diminution,55.1,15.9,55.1,29.0
z_54.0_16.5,2027,2,2027-S2,Stable,50.7,23.4,25.8,50.7
z_54.0_16.5,2028,1,2028-S1,Diminution,50.1,16.5,50.1,33.3
z_54.0_16.5,2028,2,2028-S2,Stable,50.9,19.4,29.7,50.9
z_54.0_16.5,2029,1,2029-S1,Diminution,53.9,15.2,53.9,30.9
z_54.0_16.5,2029,2,2029-S2,Stable,50.9,19.1,30.0,50.9
z_54.0_16.5,2030,1,2030-S1,Diminution,53.8,15.3,53.8,30.9
z_54.0_16.5,2030,2,2030-S2,Stable,50.9,19.1,30.0,50.9
z_54.0_18.0,2023,1,2023-S1,Augmentation,78.0,78.0,11.7,10.3
z_54.0_18.0,2023,2,2023-S2,Augmentation,85.0,85.0,8.0,7.0
z_54.0_18.0,2024,1,2024-S1,Augmentation,83.7,83.7,9.5,6.8
z_54.0_18.0,2024,2,2024-S2,Augmentation,65.5,65.5,18.9,15.6
z_54.0_18.0,2025,1,2025-S1,Diminution,51.7,32.5,51.7,15.9
z_54.0_18.0,2025,2,2025-S2,Augmentation,51.9,51.9,32.1,16.1
z_54.0_18.0,2026,1,2026-S1,Diminution,41.2,33.5,41.2,25.3
z_54.0_18.0,2026,2,2026-S2,Augmentation,48.2,48.2,33.1,18.7
z_54.0_18.0,2027,1,2027-S1,Augmentation,56.8,56.8,22.5,20.6
z_54.0_18.0,2027,2,2027-S2,Augmentation,64.9,64.9,17.6,17.5
z_54.0_18.0,2028,1,2028-S1,Augmentation,59.5,59.5,21.8,18.7
z_54.0_18.0,2028,2,2028-S2,Augmentation,70.4,70.4,17.5,12.1
z_54.0_18.0,2029,1,2029-S1,Augmentation,64.2,64.2,21.4,14.4
z_54.0_18.0,2029,2,2029-S2,Augmentation,72.4,72.4,15.3,12.3
z_54.0_18.0,2030,1,2030-S1,Augmentation,67.4,67.4,18.8,13.8
z_54.0_18.0,2030,2,2030-S2,Augmentation,74.9,74.9,13.3,11.9
z_54.0_3.0,2023,1,2023-S1,Diminution,59.2,8.8,59.2,32.1
z_54.0_3.0,2023,2,2023-S2,Diminution,54.4,16.2,54.4,29.4
z_54.0_3.0,2024,1,2024-S1,Diminution,50.6,13.6,50.6,35.7
z_54.0_3.0,2024,2,2024-S2,Diminution,55.9,16.9,55.9,27.1
z_54.0_3.0,2025,1,2025-S1,Diminution,56.5,9.7,56.5,33.7
z_54.0_3.0,2025,2,2025-S2,Diminution,59.0,17.6,59.0,23.4
z_54.0_3.0,2026,1,2026-S1,Diminution,57.9,8.2,57.9,33.9
z_54.0_3.0,2026,2,2026-S2,Diminution,59.7,14.9,59.7,25.3
z_54.0_3.0,2027,1,2027-S1,Diminution,56.1,10.0,56.1,33.9
z_54.0_3.0,2027,2,2027-S2,Diminution,59.7,14.9,59.7,25.3
z_54.0_3.0,2028,1,2028-S1,Diminution,56.1,10.0,56.1,33.9
z_54.0_3.0,2028,2,2028-S2,Diminution,59.7,14.9,59.7,25.3
z_54.0_3.0,2029,1,2029-S1,Diminution,56.1,10.0,56.1,33.9
z_54.0_3.0,2029,2,2029-S2,Diminution,59.7,14.9,59.7,25.3
z_54.0_3.0,2030,1,2030-S1,Diminution,56.1,10.0,56.1,33.9
z_54.0_3.0,2030,2,2030-S2,Diminution,59.7,14.9,59.7,25.3
z_54.0_4.5,2023,1,2023-S1,Stable,54.6,24.6,20.7,54.6
z_54.0_4.5,2023,2,2023-S2,Stable,58.9,19.5,21.7,58.9
z_54.0_4.5,2024,1,2024-S1,Stable,54.0,26.7,19.3,54.0
z_54.0_4.5,2024,2,2024-S2,Stable,46.9,32.7,20.5,46.9
z_54.0_4.5,2025,1,2025-S1,Stable,56.0,20.1,23.9,56.0
z_54.0_4.5,2025,2,2025-S2,Stable,52.1,24.9,23.0,52.1
z_54.0_4.5,2026,1,2026-S1,Stable,62.5,22.9,14.6,62.5
z_54.0_4.5,2026,2,2026-S2,Stable,56.3,18.2,25.4,56.3
z_54.0_4.5,2027,1,2027-S1,Stable,55.4,15.3,29.3,55.4
z_54.0_4.5,2027,2,2027-S2,Stable,55.8,15.9,28.4,55.8
z_54.0_4.5,2028,1,2028-S1,Stable,53.5,22.8,23.7,53.5
z_54.0_4.5,2028,2,2028-S2,Stable,54.9,17.8,27.3,54.9
z_54.0_4.5,2029,1,2029-S1,Stable,58.5,16.0,25.5,58.5
z_54.0_4.5,2029,2,2029-S2,Stable,54.1,13.8,32.1,54.1
z_54.0_4.5,2030,1,2030-S1,Stable,53.8,15.1,31.1,53.8
z_54.0_4.5,2030,2,2030-S2,Stable,54.1,13.8,32.1,54.1
z_54.0_6.0,2023,1,2023-S1,Stable,46.5,17.1,36.4,46.5
z_54.0_6.0,2023,2,2023-S2,Stable,51.3,29.3,19.4,51.3
z_54.0_6.0,2024,1,2024-S1,Stable,43.1,31.4,25.4,43.1
z_54.0_6.0,2024,2,2024-S2,Stable,51.0,27.4,21.5,51.0
z_54.0_6.0,2025,1,2025-S1,Diminution,40.9,24.1,40.9,35.0
z_54.0_6.0,2025,2,2025-S2,Stable,55.0,21.6,23.4,55.0
z_54.0_6.0,2026,1,2026-S1,Diminution,47.4,14.3,47.4,38.3
z_54.0_6.0,2026,2,2026-S2,Stable,53.9,22.7,23.4,53.9
z_54.0_6.0,2027,1,2027-S1,Diminution,44.8,15.2,44.8,40.0
z_54.0_6.0,2027,2,2027-S2,Stable,55.7,21.7,22.7,55.7
z_54.0_6.0,2028,1,2028-S1,Diminution,47.7,15.2,47.7,37.1
z_54.0_6.0,2028,2,2028-S2,Stable,53.8,18.8,27.4,53.8
z_54.0_6.0,2029,1,2029-S1,Diminution,44.6,16.0,44.6,39.3
z_54.0_6.0,2029,2,2029-S2,Stable,54.6,21.7,23.7,54.6
z_54.0_6.0,2030,1,2030-S1,Diminution,44.6,16.0,44.6,39.3
z_54.0_6.0,2030,2,2030-S2,Stable,54.6,21.7,23.7,54.6
z_54.0_7.5,2023,1,2023-S1,Augmentation,56.1,56.1,13.6,30.3
z_54.0_7.5,2023,2,2023-S2,Augmentation,58.2,58.2,15.5,26.3
z_54.0_7.5,2024,1,2024-S1,Augmentation,48.9,48.9,14.2,36.9
z_54.0_7.5,2024,2,2024-S2,Augmentation,49.4,49.4,17.9,32.7
z_54.0_7.5,2025,1,2025-S1,Augmentation,52.5,52.5,20.7,26.7
z_54.0_7.5,2025,2,2025-S2,Augmentation,48.3,48.3,19.9,31.8
z_54.0_7.5,2026,1,2026-S1,Augmentation,53.1,53.1,15.5,31.5
z_54.0_7.5,2026,2,2026-S2,Augmentation,51.9,51.9,17.6,30.6
z_54.0_7.5,2027,1,2027-S1,Augmentation,55.5,55.5,13.8,30.7
z_54.0_7.5,2027,2,2027-S2,Augmentation,52.7,52.7,15.9,31.3
z_54.0_7.5,2028,1,2028-S1,Augmentation,54.1,54.1,16.0,29.9
z_54.0_7.5,2028,2,2028-S2,Augmentation,52.9,52.9,15.2,32.0
z_54.0_7.5,2029,1,2029-S1,Augmentation,51.6,51.6,15.2,33.2
z_54.0_7.5,2029,2,2029-S2,Augmentation,51.8,51.8,14.3,33.9
z_54.0_7.5,2030,1,2030-S1,Augmentation,51.5,51.5,13.4,35.2
z_54.0_7.5,2030,2,2030-S2,Augmentation,49.9,49.9,13.3,36.9
z_54.0_9.0,2023,1,2023-S1,Augmentation,61.9,61.9,11.7,26.4
z_54.0_9.0,2023,2,2023-S2,Augmentation,53.8,53.8,17.4,28.9
z_54.0_9.0,2024,1,2024-S1,Augmentation,62.1,62.1,17.5,20.4
z_54.0_9.0,2024,2,2024-S2,Augmentation,58.4,58.4,16.9,24.7
z_54.0_9.0,2025,1,2025-S1,Augmentation,51.2,51.2,18.3,30.5
z_54.0_9.0,2025,2,2025-S2,Augmentation,57.3,57.3,20.1,22.6
z_54.0_9.0,2026,1,2026-S1,Augmentation,52.3,52.3,26.9,20.8
z_54.0_9.0,2026,2,2026-S2,Augmentation,59.0,59.0,18.3,22.8
z_54.0_9.0,2027,1,2027-S1,Augmentation,68.1,68.1,13.0,18.8
z_54.0_9.0,2027,2,2027-S2,Augmentation,68.8,68.8,14.4,16.8
z_54.0_9.0,2028,1,2028-S1,Augmentation,65.6,65.6,14.5,19.9
z_54.0_9.0,2028,2,2028-S2,Augmentation,65.6,65.6,13.5,20.9
z_54.0_9.0,2029,1,2029-S1,Augmentation,67.4,67.4,13.2,19.4
z_54.0_9.0,2029,2,2029-S2,Augmentation,67.9,67.9,12.9,19.2
z_54.0_9.0,2030,1,2030-S1,Augmentation,66.0,66.0,12.1,22.0
z_54.0_9.0,2030,2,2030-S2,Augmentation,67.2,67.2,11.1,21.6
z_55.5_-10.5,2023,1,2023-S1,Diminution,80.8,6.0,80.8,13.2
z_55.5_-10.5,2023,2,2023-S2,Diminution,69.6,8.6,69.6,21.9
z_55.5_-10.5,2024,1,2024-S1,Diminution,62.4,6.4,62.4,31.2
z_55.5_-10.5,2024,2,2024-S2,Diminution,73.1,4.6,73.1,22.3
z_55.5_-10.5,2025,1,2025-S1,Diminution,73.8,8.3,73.8,17.9
z_55.5_-10.5,2025,2,2025-S2,Diminution,74.8,5.6,74.8,19.6
z_55.5_-10.5,2026,1,2026-S1,Diminution,79.0,2.9,79.0,18.1
z_55.5_-10.5,2026,2,2026-S2,Diminution,73.6,3.2,73.6,23.2
z_55.5_-10.5,2027,1,2027-S1,Diminution,84.5,3.0,84.5,12.5
z_55.5_-10.5,2027,2,2027-S2,Diminution,73.6,3.2,73.6,23.2
z_55.5_-10.5,2028,1,2028-S1,Diminution,84.5,3.0,84.5,12.5
z_55.5_-10.5,2028,2,2028-S2,Diminution,73.6,3.2,73.6,23.2
z_55.5_-10.5,2029,1,2029-S1,Diminution,84.5,3.0,84.5,12.5
z_55.5_-10.5,2029,2,2029-S2,Diminution,73.6,3.2,73.6,23.2
z_55.5_-10.5,2030,1,2030-S1,Diminution,84.5,3.0,84.5,12.5
z_55.5_-10.5,2030,2,2030-S2,Diminution,73.6,3.2,73.6,23.2
z_55.5_-15.0,2023,1,2023-S1,Diminution,67.5,5.5,67.5,27.1
z_55.5_-15.0,2023,2,2023-S2,Diminution,69.7,4.3,69.7,26.1
z_55.5_-15.0,2024,1,2024-S1,Diminution,63.9,5.5,63.9,30.6
z_55.5_-15.0,2024,2,2024-S2,Diminution,53.3,6.3,53.3,40.4
z_55.5_-15.0,2025,1,2025-S1,Diminution,67.8,3.5,67.8,28.7
z_55.5_-15.0,2025,2,2025-S2,Diminution,67.5,6.2,67.5,26.3
z_55.5_-15.0,2026,1,2026-S1,Diminution,69.9,3.6,69.9,26.4
z_55.5_-15.0,2026,2,2026-S2,Diminution,65.8,3.2,65.8,31.0
z_55.5_-15.0,2027,1,2027-S1,Diminution,73.7,2.9,73.7,23.4
z_55.5_-15.0,2027,2,2027-S2,Diminution,74.4,3.3,74.4,22.3
z_55.5_-15.0,2028,1,2028-S1,Diminution,73.7,2.9,73.7,23.4
z_55.5_-15.0,2028,2,2028-S2,Diminution,74.4,3.3,74.4,22.3
z_55.5_-15.0,2029,1,2029-S1,Diminution,73.7,2.9,73.7,23.4
z_55.5_-15.0,2029,2,2029-S2,Diminution,74.4,3.3,74.4,22.3
z_55.5_-15.0,2030,1,2030-S1,Diminution,73.7,2.9,73.7,23.4
z_55.5_-15.0,2030,2,2030-S2,Diminution,74.4,3.3,74.4,22.3
z_55.5_-3.0,2023,1,2023-S1,Diminution,39.3,28.5,39.3,32.2
z_55.5_-3.0,2023,2,2023-S2,Diminution,43.5,29.2,43.5,27.3
z_55.5_-3.0,2024,1,2024-S1,Diminution,42.5,31.3,42.5,26.2
z_55.5_-3.0,2024,2,2024-S2,Diminution,46.9,27.6,46.9,25.4
z_55.5_-3.0,2025,1,2025-S1,Diminution,40.2,36.1,40.2,23.7
z_55.5_-3.0,2025,2,2025-S2,Diminution,46.7,29.3,46.7,24.0
z_55.5_-3.0,2026,1,2026-S1,Diminution,40.7,25.7,40.7,33.6
z_55.5_-3.0,2026,2,2026-S2,Diminution,39.5,25.6,39.5,34.9
z_55.5_-3.0,2027,1,2027-S1,Diminution,41.9,25.9,41.9,32.2
z_55.5_-3.0,2027,2,2027-S2,Diminution,41.2,31.3,41.2,27.5
z_55.5_-3.0,2028,1,2028-S1,Diminution,42.5,35.6,42.5,21.9
z_55.5_-3.0,2028,2,2028-S2,Diminution,46.7,31.4,46.7,21.9
z_55.5_-3.0,2029,1,2029-S1,Diminution,44.9,30.1,44.9,25.0
z_55.5_-3.0,2029,2,2029-S2,Diminution,47.2,30.1,47.2,22.7
z_55.5_-3.0,2030,1,2030-S1,Diminution,44.9,30.1,44.9,25.0
z_55.5_-3.0,2030,2,2030-S2,Diminution,47.2,30.1,47.2,22.7
z_55.5_-4.5,2023,1,2023-S1,Diminution,36.8,29.2,36.8,34.0
z_55.5_-4.5,2023,2,2023-S2,Diminution,43.0,18.7,43.0,38.3
z_55.5_-4.5,2024,1,2024-S1,Diminution,48.9,15.0,48.9,36.1
z_55.5_-4.5,2024,2,2024-S2,Diminution,50.7,21.6,50.7,27.7
z_55.5_-4.5,2025,1,2025-S1,Diminution,51.6,15.5,51.6,32.9
z_55.5_-4.5,2025,2,2025-S2,Diminution,50.2,15.4,50.2,34.4
z_55.5_-4.5,2026,1,2026-S1,Diminution,48.9,23.1,48.9,28.0
z_55.5_-4.5,2026,2,2026-S2,Diminution,53.3,16.3,53.3,30.4
z_55.5_-4.5,2027,1,2027-S1,Diminution,50.2,19.3,50.2,30.5
z_55.5_-4.5,2027,2,2027-S2,Diminution,52.6,17.4,52.6,30.0
z_55.5_-4.5,2028,1,2028-S1,Diminution,51.9,18.8,51.9,29.4
z_55.5_-4.5,2028,2,2028-S2,Diminution,53.2,17.5,53.2,29.3
z_55.5_-4.5,2029,1,2029-S1,Diminution,51.9,18.8,51.9,29.4
z_55.5_-4.5,2029,2,2029-S2,Diminution,53.2,17.5,53.2,29.3
z_55.5_-4.5,2030,1,2030-S1,Diminution,51.9,18.8,51.9,29.4
z_55.5_-4.5,2030,2,2030-S2,Diminution,53.2,17.5,53.2,29.3
z_55.5_-6.0,2023,1,2023-S1,Diminution,52.6,19.7,52.6,27.7
z_55.5_-6.0,2023,2,2023-S2,Diminution,50.8,19.4,50.8,29.8
z_55.5_-6.0,2024,1,2024-S1,Diminution,50.5,23.7,50.5,25.8
z_55.5_-6.0,2024,2,2024-S2,Diminution,45.9,19.8,45.9,34.3
z_55.5_-6.0,2025,1,2025-S1,Diminution,51.9,20.7,51.9,27.4
z_55.5_-6.0,2025,2,2025-S2,Diminution,42.6,22.9,42.6,34.5
z_55.5_-6.0,2026,1,2026-S1,Diminution,46.7,20.0,46.7,33.3
z_55.5_-6.0,2026,2,2026-S2,Diminution,40.8,36.8,40.8,22.4
z_55.5_-6.0,2027,1,2027-S1,Diminution,48.9,18.3,48.9,32.8
z_55.5_-6.0,2027,2,2027-S2,Diminution,48.7,21.1,48.7,30.2
z_55.5_-6.0,2028,1,2028-S1,Diminution,49.1,19.9,49.1,31.0
z_55.5_-6.0,2028,2,2028-S2,Diminution,49.7,18.2,49.7,32.0
z_55.5_-6.0,2029,1,2029-S1,Diminution,49.8,18.6,49.8,31.7
z_55.5_-6.0,2029,2,2029-S2,Diminution,48.9,30.9,48.9,20.2
z_55.5_-6.0,2030,1,2030-S1,Diminution,46.7,30.8,46.7,22.5
z_55.5_-6.0,2030,2,2030-S2,Diminution,48.9,30.9,48.9,20.2
z_55.5_-7.5,2023,1,2023-S1,Diminution,50.9,30.0,50.9,19.2
z_55.5_-7.5,2023,2,2023-S2,Diminution,50.5,26.7,50.5,22.8
z_55.5_-7.5,2024,1,2024-S1,Diminution,53.2,24.7,53.2,22.1
z_55.5_-7.5,2024,2,2024-S2,Diminution,55.3,23.2,55.3,21.5
z_55.5_-7.5,2025,1,2025-S1,Diminution,50.9,29.8,50.9,19.3
z_55.5_-7.5,2025,2,2025-S2,Diminution,58.1,21.3,58.1,20.6
z_55.5_-7.5,2026,1,2026-S1,Diminution,51.7,26.2,51.7,22.1
z_55.5_-7.5,2026,2,2026-S2,Diminution,54.8,21.6,54.8,23.5
z_55.5_-7.5,2027,1,2027-S1,Diminution,51.9,29.0,51.9,19.1
z_55.5_-7.5,2027,2,2027-S2,Diminution,55.2,23.8,55.2,21.0
z_55.5_-7.5,2028,1,2028-S1,Diminution,53.2,24.7,53.2,22.1
z_55.5_-7.5,2028,2,2028-S2,Diminution,55.3,23.2,55.3,21.5
z_55.5_-7.5,2029,1,2029-S1,Diminution,53.2,24.7,53.2,22.1
z_55.5_-7.5,2029,2,2029-S2,Diminution,55.3,23.2,55.3,21.5
z_55.5_-7.5,2030,1,2030-S1,Diminution,53.2,24.7,53.2,22.1
z_55.5_-7.5,2030,2,2030-S2,Diminution,55.3,23.2,55.3,21.5
z_55.5_0.0,2023,1,2023-S1,Diminution,43.8,14.6,43.8,41.6
z_55.5_0.0,2023,2,2023-S2,Diminution,53.1,13.9,53.1,32.9
z_55.5_0.0,2024,1,2024-S1,Diminution,44.5,15.9,44.5,39.6
z_55.5_0.0,2024,2,2024-S2,Diminution,53.1,13.9,53.1,32.9
z_55.5_0.0,2025,1,2025-S1,Diminution,40.1,21.3,40.1,38.6
z_55.5_0.0,2025,2,2025-S2,Diminution,51.0,12.6,51.0,36.3
z_55.5_0.0,2026,1,2026-S1,Diminution,43.6,22.6,43.6,33.8
z_55.5_0.0,2026,2,2026-S2,Diminution,47.8,12.4,47.8,39.8
z_55.5_0.0,2027,1,2027-S1,Diminution,45.7,14.2,45.7,40.1
z_55.5_0.0,2027,2,2027-S2,Diminution,49.4,16.0,49.4,34.6
z_55.5_0.0,2028,1,2028-S1,Diminution,44.5,15.9,44.5,39.6
z_55.5_0.0,2028,2,2028-S2,Diminution,53.1,13.9,53.1,32.9
z_55.5_0.0,2029,1,2029-S1,Diminution,44.5,15.9,44.5,39.6
z_55.5_0.0,2029,2,2029-S2,Diminution,53.1,13.9,53.1,32.9
z_55.5_0.0,2030,1,2030-S1,Diminution,44.5,15.9,44.5,39.6
z_55.5_0.0,2030,2,2030-S2,Diminution,53.1,13.9,53.1,32.9
z_55.5_1.5,2023,1,2023-S1,Diminution,66.9,14.6,66.9,18.5
z_55.5_1.5,2023,2,2023-S2,Diminution,44.6,14.9,44.6,40.6
z_55.5_1.5,2024,1,2024-S1,Diminution,63.6,12.5,63.6,23.9
z_55.5_1.5,2024,2,2024-S2,Diminution,42.7,15.7,42.7,41.6
z_55.5_1.5,2025,1,2025-S1,Diminution,65.9,8.8,65.9,25.3
z_55.5_1.5,2025,2,2025-S2,Diminution,45.1,15.0,45.1,39.8
z_55.5_1.5,2026,1,2026-S1,Diminution,49.2,23.4,49.2,27.4
z_55.5_1.5,2026,2,2026-S2,Stable,45.1,15.0,39.8,45.1
z_55.5_1.5,2027,1,2027-S1,Diminution,64.8,11.6,64.8,23.7
z_55.5_1.5,2027,2,2027-S2,Stable,47.3,13.3,39.4,47.3
z_55.5_1.5,2028,1,2028-S1,Diminution,67.7,5.9,67.7,26.4
z_55.5_1.5,2028,2,2028-S2,Stable,47.1,14.7,38.2,47.1
z_55.5_1.5,2029,1,2029-S1,Diminution,66.6,7.2,66.6,26.2
z_55.5_1.5,2029,2,2029-S2,Stable,43.4,14.9,41.7,43.4
z_55.5_1.5,2030,1,2030-S1,Diminution,66.6,7.2,66.6,26.2
z_55.5_1.5,2030,2,2030-S2,Stable,43.4,14.9,41.7,43.4
z_55.5_10.5,2023,1,2023-S1,Augmentation,52.3,52.3,29.3,18.4
z_55.5_10.5,2023,2,2023-S2,Augmentation,61.7,61.7,23.3,15.0
z_55.5_10.5,2024,1,2024-S1,Augmentation,68.5,68.5,17.3,14.2
z_55.5_10.5,2024,2,2024-S2,Augmentation,59.7,59.7,23.0,17.4
z_55.5_10.5,2025,1,2025-S1,Augmentation,56.7,56.7,25.6,17.8
z_55.5_10.5,2025,2,2025-S2,Augmentation,61.3,61.3,22.2,16.4
z_55.5_10.5,2026,1,2026-S1,Augmentation,43.6,43.6,41.1,15.3
z_55.5_10.5,2026,2,2026-S2,Augmentation,56.2,56.2,27.9,15.8
z_55.5_10.5,2027,1,2027-S1,Augmentation,56.7,56.7,24.5,18.8
z_55.5_10.5,2027,2,2027-S2,Augmentation,56.1,56.1,26.1,17.8
z_55.5_10.5,2028,1,2028-S1,Augmentation,58.8,58.8,23.5,17.7
z_55.5_10.5,2028,2,2028-S2,Augmentation,63.1,63.1,20.8,16.1
z_55.5_10.5,2029,1,2029-S1,Augmentation,56.9,56.9,24.4,18.7
z_55.5_10.5,2029,2,2029-S2,Augmentation,63.1,63.1,21.2,15.7
z_55.5_10.5,2030,1,2030-S1,Augmentation,58.3,58.3,24.4,17.3
z_55.5_10.5,2030,2,2030-S2,Augmentation,62.1,62.1,22.0,15.9
z_55.5_12.0,2023,1,2023-S1,Augmentation,60.9,60.9,20.9,18.1
z_55.5_12.0,2023,2,2023-S2,Augmentation,71.3,71.3,14.9,13.8
z_55.5_12.0,2024,1,2024-S1,Augmentation,71.5,71.5,11.8,16.7
z_55.5_12.0,2024,2,2024-S2,Augmentation,74.6,74.6,12.9,12.5
z_55.5_12.0,2025,1,2025-S1,Augmentation,72.5,72.5,14.5,12.9
z_55.5_12.0,2025,2,2025-S2,Augmentation,73.5,73.5,13.9,12.6
z_55.5_12.0,2026,1,2026-S1,Augmentation,72.8,72.8,15.7,11.5
z_55.5_12.0,2026,2,2026-S2,Augmentation,70.7,70.7,15.4,13.9
z_55.5_12.0,2027,1,2027-S1,Augmentation,74.6,74.6,13.0,12.4
z_55.5_12.0,2027,2,2027-S2,Augmentation,77.4,77.4,12.1,10.6
z_55.5_12.0,2028,1,2028-S1,Augmentation,76.3,76.3,11.8,11.9
z_55.5_12.0,2028,2,2028-S2,Augmentation,80.3,80.3,10.6,9.1
z_55.5_12.0,2029,1,2029-S1,Augmentation,80.0,80.0,10.4,9.6
z_55.5_12.0,2029,2,2029-S2,Augmentation,80.8,80.8,9.8,9.4
z_55.5_12.0,2030,1,2030-S1,Augmentation,80.2,80.2,9.9,9.9
z_55.5_12.0,2030,2,2030-S2,Augmentation,81.7,81.7,9.5,8.8
z_55.5_13.5,2023,1,2023-S1,Diminution,42.4,25.2,42.4,32.5
z_55.5_13.5,2023,2,2023-S2,Stable,40.8,36.0,23.2,40.8
z_55.5_13.5,2024,1,2024-S1,Stable,37.5,25.2,37.3,37.5
z_55.5_13.5,2024,2,2024-S2,Stable,46.8,33.4,19.9,46.8
z_55.5_13.5,2025,1,2025-S1,Stable,40.4,29.4,30.2,40.4
z_55.5_13.5,2025,2,2025-S2,Stable,44.4,34.4,21.1,44.4
z_55.5_13.5,2026,1,2026-S1,Diminution,37.0,28.4,37.0,34.6
z_55.5_13.5,2026,2,2026-S2,Stable,42.3,34.1,23.7,42.3
z_55.5_13.5,2027,1,2027-S1,Stable,37.8,27.6,34.5,37.8
z_55.5_13.5,2027,2,2027-S2,Stable,43.4,34.9,21.7,43.4
z_55.5_13.5,2028,1,2028-S1,Stable,38.4,28.6,32.9,38.4
z_55.5_13.5,2028,2,2028-S2,Stable,45.1,31.2,23.8,45.1
z_55.5_13.5,2029,1,2029-S1,Stable,38.4,28.3,33.3,38.4
z_55.5_13.5,2029,2,2029-S2,Stable,42.1,35.7,22.2,42.1
z_55.5_13.5,2030,1,2030-S1,Stable,38.4,28.3,33.3,38.4
z_55.5_13.5,2030,2,2030-S2,Stable,42.0,35.6,22.3,42.0
z_55.5_15.0,2023,1,2023-S1,Augmentation,54.1,54.1,19.2,26.8
z_55.5_15.0,2023,2,2023-S2,Diminution,35.9,33.9,35.9,30.2
z_55.5_15.0,2024,1,2024-S1,Augmentation,55.4,55.4,18.3,26.4
z_55.5_15.0,2024,2,2024-S2,Augmentation,47.9,47.9,16.5,35.5
z_55.5_15.0,2025,1,2025-S1,Stable,39.1,36.7,24.2,39.1
z_55.5_15.0,2025,2,2025-S2,Augmentation,44.1,44.1,31.1,24.8
z_55.5_15.0,2026,1,2026-S1,Augmentation,43.2,43.2,21.9,34.9
z_55.5_15.0,2026,2,2026-S2,Augmentation,41.6,41.6,18.8,39.7
z_55.5_15.0,2027,1,2027-S1,Stable,42.5,37.5,20.1,42.5
z_55.5_15.0,2027,2,2027-S2,Augmentation,50.9,50.9,18.0,31.1
z_55.5_15.0,2028,1,2028-S1,Augmentation,40.8,40.8,20.1,39.2
z_55.5_15.0,2028,2,2028-S2,Augmentation,44.9,44.9,18.7,36.4
z_55.5_15.0,2029,1,2029-S1,Augmentation,40.9,40.9,18.4,40.6
z_55.5_15.0,2029,2,2029-S2,Augmentation,43.7,43.7,17.7,38.6
z_55.5_15.0,2030,1,2030-S1,Augmentation,41.0,41.0,18.4,40.6
z_55.5_15.0,2030,2,2030-S2,Augmentation,41.9,41.9,18.2,39.9
z_55.5_16.5,2023,1,2023-S1,Stable,46.0,23.4,30.7,46.0
z_55.5_16.5,2023,2,2023-S2,Stable,58.2,17.5,24.3,58.2
z_55.5_16.5,2024,1,2024-S1,Stable,53.2,12.7,34.1,53.2
z_55.5_16.5,2024,2,2024-S2,Stable,65.0,17.4,17.6,65.0
z_55.5_16.5,2025,1,2025-S1,Stable,50.0,21.1,28.8,50.0
z_55.5_16.5,2025,2,2025-S2,Stable,48.6,25.8,25.6,48.6
z_55.5_16.5,2026,1,2026-S1,Stable,41.8,19.0,39.2,41.8
z_55.5_16.5,2026,2,2026-S2,Stable,43.9,18.9,37.2,43.9
z_55.5_16.5,2027,1,2027-S1,Diminution,41.0,18.3,41.0,40.7
z_55.5_16.5,2027,2,2027-S2,Stable,56.3,17.9,25.8,56.3
z_55.5_16.5,2028,1,2028-S1,Diminution,52.4,17.3,52.4,30.3
z_55.5_16.5,2028,2,2028-S2,Stable,53.9,12.5,33.6,53.9
z_55.5_16.5,2029,1,2029-S1,Diminution,49.2,13.9,49.2,36.9
z_55.5_16.5,2029,2,2029-S2,Diminution,43.7,19.0,43.7,37.3
z_55.5_16.5,2030,1,2030-S1,Diminution,52.6,22.5,52.6,24.9
z_55.5_16.5,2030,2,2030-S2,Diminution,43.7,19.0,43.7,37.3
z_55.5_18.0,2023,1,2023-S1,Stable,57.2,15.5,27.3,57.2
z_55.5_18.0,2023,2,2023-S2,Diminution,48.3,17.3,48.3,34.4
z_55.5_18.0,2024,1,2024-S1,Diminution,45.0,13.5,45.0,41.5
z_55.5_18.0,2024,2,2024-S2,Diminution,42.8,18.7,42.8,38.5
z_55.5_18.0,2025,1,2025-S1,Stable,60.3,20.4,19.3,60.3
z_55.5_18.0,2025,2,2025-S2,Diminution,47.9,11.8,47.9,40.3
z_55.5_18.0,2026,1,2026-S1,Stable,44.4,14.9,40.7,44.4
z_55.5_18.0,2026,2,2026-S2,Diminution,46.9,12.5,46.9,40.5
z_55.5_18.0,2027,1,2027-S1,Stable,40.9,18.8,40.3,40.9
z_55.5_18.0,2027,2,2027-S2,Diminution,49.3,13.5,49.3,37.2
z_55.5_18.0,2028,1,2028-S1,Diminution,44.9,15.6,44.9,39.6
z_55.5_18.0,2028,2,2028-S2,Diminution,49.7,12.9,49.7,37.5
z_55.5_18.0,2029,1,2029-S1,Diminution,44.9,15.6,44.9,39.6
z_55.5_18.0,2029,2,2029-S2,Diminution,49.7,12.9,49.7,37.5
z_55.5_18.0,2030,1,2030-S1,Diminution,44.9,15.6,44.9,39.6
z_55.5_18.0,2030,2,2030-S2,Diminution,49.7,12.9,49.7,37.5
z_55.5_19.5,2023,1,2023-S1,Stable,39.1,34.4,26.5,39.1
z_55.5_19.5,2023,2,2023-S2,Stable,47.1,28.2,24.7,47.1
z_55.5_19.5,2024,1,2024-S1,Stable,38.9,23.2,37.9,38.9
z_55.5_19.5,2024,2,2024-S2,Stable,50.4,26.8,22.8,50.4
z_55.5_19.5,2025,1,2025-S1,Stable,44.7,27.1,28.2,44.7
z_55.5_19.5,2025,2,2025-S2,Stable,56.0,26.9,17.2,56.0
z_55.5_19.5,2026,1,2026-S1,Stable,44.7,21.7,33.6,44.7
z_55.5_19.5,2026,2,2026-S2,Stable,47.3,21.9,30.8,47.3
z_55.5_19.5,2027,1,2027-S1,Stable,43.4,20.2,36.5,43.4
z_55.5_19.5,2027,2,2027-S2,Stable,53.9,25.8,20.3,53.9
z_55.5_19.5,2028,1,2028-S1,Stable,41.5,22.8,35.7,41.5
z_55.5_19.5,2028,2,2028-S2,Stable,55.6,21.0,23.4,55.6
z_55.5_19.5,2029,1,2029-S1,Stable,41.8,19.7,38.6,41.8
z_55.5_19.5,2029,2,2029-S2,Stable,53.7,24.6,21.7,53.7
z_55.5_19.5,2030,1,2030-S1,Stable,41.4,21.0,37.7,41.4
z_55.5_19.5,2030,2,2030-S2,Stable,53.7,24.6,21.7,53.7
z_55.5_21.0,2023,1,2023-S1,Augmentation,79.7,79.7,10.8,9.4
z_55.5_21.0,2023,2,2023-S2,Augmentation,80.3,80.3,9.9,9.8
z_55.5_21.0,2024,1,2024-S1,Augmentation,64.8,64.8,18.1,17.1
z_55.5_21.0,2024,2,2024-S2,Augmentation,58.7,58.7,29.0,12.2
z_55.5_21.0,2025,1,2025-S1,Augmentation,50.4,50.4,29.1,20.5
z_55.5_21.0,2025,2,2025-S2,Augmentation,66.5,66.5,16.3,17.2
z_55.5_21.0,2026,1,2026-S1,Diminution,45.0,38.4,45.0,16.5
z_55.5_21.0,2026,2,2026-S2,Augmentation,60.2,60.2,25.4,14.4
z_55.5_21.0,2027,1,2027-S1,Augmentation,63.1,63.1,19.7,17.3
z_55.5_21.0,2027,2,2027-S2,Augmentation,68.0,68.0,13.9,18.1
z_55.5_21.0,2028,1,2028-S1,Augmentation,64.7,64.7,18.5,16.8
z_55.5_21.0,2028,2,2028-S2,Augmentation,73.9,73.9,13.3,12.9
z_55.5_21.0,2029,1,2029-S1,Augmentation,66.9,66.9,18.8,14.4
z_55.5_21.0,2029,2,2029-S2,Augmentation,74.0,74.0,13.2,12.7
z_55.5_21.0,2030,1,2030-S1,Augmentation,67.5,67.5,17.9,14.6
z_55.5_21.0,2030,2,2030-S2,Augmentation,75.8,75.8,12.1,12.0
z_55.5_3.0,2023,1,2023-S1,Stable,45.6,25.5,28.9,45.6
z_55.5_3.0,2023,2,2023-S2,Diminution,39.4,23.4,39.4,37.2
z_55.5_3.0,2024,1,2024-S1,Stable,54.5,20.9,24.6,54.5
z_55.5_3.0,2024,2,2024-S2,Diminution,55.7,17.2,55.7,27.1
z_55.5_3.0,2025,1,2025-S1,Stable,51.9,24.3,23.8,51.9
z_55.5_3.0,2025,2,2025-S2,Diminution,62.3,14.4,62.3,23.2
z_55.5_3.0,2026,1,2026-S1,Diminution,39.7,25.5,39.7,34.8
z_55.5_3.0,2026,2,2026-S2,Diminution,59.3,14.1,59.3,26.6
z_55.5_3.0,2027,1,2027-S1,Diminution,40.0,26.9,40.0,33.1
z_55.5_3.0,2027,2,2027-S2,Diminution,58.2,15.7,58.2,26.1
z_55.5_3.0,2028,1,2028-S1,Diminution,40.7,21.9,40.7,37.4
z_55.5_3.0,2028,2,2028-S2,Diminution,59.2,16.1,59.2,24.8
z_55.5_3.0,2029,1,2029-S1,Diminution,40.7,21.9,40.7,37.4
z_55.5_3.0,2029,2,2029-S2,Diminution,59.2,16.1,59.2,24.8
z_55.5_3.0,2030,1,2030-S1,Diminution,40.7,21.9,40.7,37.4
z_55.5_3.0,2030,2,2030-S2,Diminution,59.2,16.1,59.2,24.8
z_55.5_4.5,2023,1,2023-S1,Diminution,46.8,29.4,46.8,23.7
z_55.5_4.5,2023,2,2023-S2,Diminution,47.8,18.2,47.8,34.0
z_55.5_4.5,2024,1,2024-S1,Diminution,49.9,21.4,49.9,28.6
z_55.5_4.5,2024,2,2024-S2,Stable,48.1,23.2,28.7,48.1
z_55.5_4.5,2025,1,2025-S1,Diminution,50.2,15.6,50.2,34.2
z_55.5_4.5,2025,2,2025-S2,Stable,48.3,21.0,30.8,48.3
z_55.5_4.5,2026,1,2026-S1,Diminution,49.5,17.0,49.5,33.4
z_55.5_4.5,2026,2,2026-S2,Stable,49.8,25.5,24.7,49.8
z_55.5_4.5,2027,1,2027-S1,Diminution,41.0,20.3,41.0,38.7
z_55.5_4.5,2027,2,2027-S2,Stable,48.6,21.1,30.2,48.6
z_55.5_4.5,2028,1,2028-S1,Diminution,39.8,21.7,39.8,38.5
z_55.5_4.5,2028,2,2028-S2,Stable,47.9,21.7,30.5,47.9
z_55.5_4.5,2029,1,2029-S1,Stable,40.3,21.0,38.7,40.3
z_55.5_4.5,2029,2,2029-S2,Stable,47.9,25.3,26.8,47.9
z_55.5_4.5,2030,1,2030-S1,Stable,40.3,21.0,38.7,40.3
z_55.5_4.5,2030,2,2030-S2,Stable,47.9,25.3,26.8,47.9
z_55.5_6.0,2023,1,2023-S1,Stable,46.3,30.3,23.4,46.3
z_55.5_6.0,2023,2,2023-S2,Stable,51.0,30.3,18.7,51.0
z_55.5_6.0,2024,1,2024-S1,Stable,49.1,37.4,13.5,49.1
z_55.5_6.0,2024,2,2024-S2,Stable,46.0,29.2,24.8,46.0
z_55.5_6.0,2025,1,2025-S1,Stable,43.8,35.7,20.5,43.8
z_55.5_6.0,2025,2,2025-S2,Stable,44.1,39.4,16.6,44.1
z_55.5_6.0,2026,1,2026-S1,Stable,48.5,27.5,24.0,48.5
z_55.5_6.0,2026,2,2026-S2,Stable,41.9,33.7,24.4,41.9
z_55.5_6.0,2027,1,2027-S1,Stable,44.8,37.6,17.6,44.8
z_55.5_6.0,2027,2,2027-S2,Augmentation,42.7,42.7,16.4,40.9
z_55.5_6.0,2028,1,2028-S1,Stable,46.7,39.0,14.3,46.7
z_55.5_6.0,2028,2,2028-S2,Stable,41.8,40.2,18.0,41.8
z_55.5_6.0,2029,1,2029-S1,Stable,43.5,42.6,13.9,43.5
z_55.5_6.0,2029,2,2029-S2,Augmentation,43.8,43.8,15.7,40.4
z_55.5_6.0,2030,1,2030-S1,Augmentation,43.3,43.3,13.5,43.2
z_55.5_6.0,2030,2,2030-S2,Augmentation,49.5,49.5,13.4,37.1
z_55.5_7.5,2023,1,2023-S1,Augmentation,70.7,70.7,9.4,20.0
z_55.5_7.5,2023,2,2023-S2,Augmentation,63.3,63.3,12.6,24.1
z_55.5_7.5,2024,1,2024-S1,Augmentation,61.8,61.8,17.1,21.1
z_55.5_7.5,2024,2,2024-S2,Augmentation,78.6,78.6,8.8,12.6
z_55.5_7.5,2025,1,2025-S1,Augmentation,72.6,72.6,8.4,19.0
z_55.5_7.5,2025,2,2025-S2,Augmentation,62.6,62.6,18.6,18.9
z_55.5_7.5,2026,1,2026-S1,Augmentation,63.6,63.6,18.7,17.7
z_55.5_7.5,2026,2,2026-S2,Augmentation,58.5,58.5,17.5,24.0
z_55.5_7.5,2027,1,2027-S1,Augmentation,51.3,51.3,21.2,27.5
z_55.5_7.5,2027,2,2027-S2,Augmentation,56.4,56.4,18.0,25.6
z_55.5_7.5,2028,1,2028-S1,Augmentation,61.3,61.3,15.9,22.8
z_55.5_7.5,2028,2,2028-S2,Augmentation,66.0,66.0,16.4,17.6
z_55.5_7.5,2029,1,2029-S1,Augmentation,62.1,62.1,17.4,20.6
z_55.5_7.5,2029,2,2029-S2,Augmentation,67.7,67.7,15.7,16.6
z_55.5_7.5,2030,1,2030-S1,Augmentation,65.4,65.4,15.8,18.8
z_55.5_7.5,2030,2,2030-S2,Augmentation,70.5,70.5,13.8,15.7
z_55.5_9.0,2023,1,2023-S1,Augmentation,59.5,59.5,16.8,23.8
z_55.5_9.0,2023,2,2023-S2,Augmentation,71.6,71.6,11.8,16.6
z_55.5_9.0,2024,1,2024-S1,Augmentation,47.4,47.4,29.0,23.6
z_55.5_9.0,2024,2,2024-S2,Augmentation,51.3,51.3,28.3,20.4
z_55.5_9.0,2025,1,2025-S1,Augmentation,50.2,50.2,22.0,27.9
z_55.5_9.0,2025,2,2025-S2,Augmentation,39.9,39.9,38.1,22.0
z_55.5_9.0,2026,1,2026-S1,Augmentation,49.8,49.8,24.3,25.9
z_55.5_9.0,2026,2,2026-S2,Augmentation,53.1,53.1,22.8,24.1
z_55.5_9.0,2027,1,2027-S1,Augmentation,55.5,55.5,19.8,24.7
z_55.5_9.0,2027,2,2027-S2,Augmentation,60.7,60.7,18.0,21.2
z_55.5_9.0,2028,1,2028-S1,Augmentation,59.7,59.7,16.8,23.5
z_55.5_9.0,2028,2,2028-S2,Augmentation,63.6,63.6,16.2,20.2
z_55.5_9.0,2029,1,2029-S1,Augmentation,62.0,62.0,16.5,21.4
z_55.5_9.0,2029,2,2029-S2,Augmentation,64.7,64.7,16.0,19.3
z_55.5_9.0,2030,1,2030-S1,Augmentation,63.5,63.5,14.9,21.6
z_55.5_9.0,2030,2,2030-S2,Augmentation,67.0,67.0,14.5,18.5
z_57.0_-1.5,2023,1,2023-S1,Stable,39.1,21.7,39.1,39.1
z_57.0_-1.5,2023,2,2023-S2,Stable,45.7,16.1,38.1,45.7
z_57.0_-1.5,2024,1,2024-S1,Diminution,53.2,23.3,53.2,23.5
z_57.0_-1.5,2024,2,2024-S2,Diminution,43.9,15.4,43.9,40.7
z_57.0_-1.5,2025,1,2025-S1,Diminution,53.5,24.8,53.5,21.7
z_57.0_-1.5,2025,2,2025-S2,Diminution,42.4,17.5,42.4,40.1
z_57.0_-1.5,2026,1,2026-S1,Diminution,50.5,24.3,50.5,25.1
z_57.0_-1.5,2026,2,2026-S2,Diminution,43.2,17.0,43.2,39.8
z_57.0_-1.5,2027,1,2027-S1,Diminution,53.2,23.3,53.2,23.5
z_57.0_-1.5,2027,2,2027-S2,Diminution,43.9,15.4,43.9,40.7
z_57.0_-1.5,2028,1,2028-S1,Diminution,53.5,24.8,53.5,21.7
z_57.0_-1.5,2028,2,2028-S2,Diminution,42.4,17.5,42.4,40.1
z_57.0_-1.5,2029,1,2029-S1,Diminution,54.9,21.4,54.9,23.7
z_57.0_-1.5,2029,2,2029-S2,Diminution,44.2,18.2,44.2,37.5
z_57.0_-1.5,2030,1,2030-S1,Diminution,54.9,21.4,54.9,23.7
z_57.0_-1.5,2030,2,2030-S2,Diminution,44.2,18.2,44.2,37.5
z_57.0_-10.5,2023,1,2023-S1,Diminution,61.7,16.7,61.7,21.6
z_57.0_-10.5,2023,2,2023-S2,Diminution,70.8,6.2,70.8,23.0
z_57.0_-10.5,2024,1,2024-S1,Diminution,64.0,12.4,64.0,23.5
z_57.0_-10.5,2024,2,2024-S2,Diminution,70.6,7.4,70.6,22.0
z_57.0_-10.5,2025,1,2025-S1,Diminution,66.5,9.5,66.5,24.0
z_57.0_-10.5,2025,2,2025-S2,Diminution,77.6,4.6,77.6,17.8
z_57.0_-10.5,2026,1,2026-S1,Diminution,64.5,9.2,64.5,26.3
z_57.0_-10.5,2026,2,2026-S2,Diminution,85.8,1.1,85.8,13.2
z_57.0_-10.5,2027,1,2027-S1,Diminution,67.4,8.3,67.4,24.4
z_57.0_-10.5,2027,2,2027-S2,Diminution,85.8,1.1,85.8,13.2
z_57.0_-10.5,2028,1,2028-S1,Diminution,67.4,8.3,67.4,24.4
z_57.0_-10.5,2028,2,2028-S2,Diminution,85.8,1.1,85.8,13.2
z_57.0_-10.5,2029,1,2029-S1,Diminution,67.4,8.3,67.4,24.4
z_57.0_-10.5,2029,2,2029-S2,Diminution,85.8,1.1,85.8,13.2
z_57.0_-10.5,2030,1,2030-S1,Diminution,67.4,8.3,67.4,24.4
z_57.0_-10.5,2030,2,2030-S2,Diminution,85.8,1.1,85.8,13.2
z_57.0_-3.0,2023,1,2023-S1,Diminution,49.5,22.6,49.5,28.0
z_57.0_-3.0,2023,2,2023-S2,Diminution,50.3,22.6,50.3,27.1
z_57.0_-3.0,2024,1,2024-S1,Diminution,46.4,27.0,46.4,26.6
z_57.0_-3.0,2024,2,2024-S2,Diminution,40.0,25.8,40.0,34.2
z_57.0_-3.0,2025,1,2025-S1,Diminution,36.9,27.3,36.9,35.9
z_57.0_-3.0,2025,2,2025-S2,Diminution,46.4,19.9,46.4,33.7
z_57.0_-3.0,2026,1,2026-S1,Diminution,47.5,23.2,47.5,29.3
z_57.0_-3.0,2026,2,2026-S2,Diminution,46.7,22.6,46.7,30.7
z_57.0_-3.0,2027,1,2027-S1,Diminution,45.0,23.0,45.0,32.1
z_57.0_-3.0,2027,2,2027-S2,Diminution,47.3,21.8,47.3,30.9
z_57.0_-3.0,2028,1,2028-S1,Diminution,44.5,22.1,44.5,33.4
z_57.0_-3.0,2028,2,2028-S2,Diminution,46.4,23.1,46.4,30.6
z_57.0_-3.0,2029,1,2029-S1,Diminution,45.7,22.2,45.7,32.1
z_57.0_-3.0,2029,2,2029-S2,Diminution,46.4,23.1,46.4,30.6
z_57.0_-3.0,2030,1,2030-S1,Diminution,45.7,22.2,45.7,32.1
z_57.0_-3.0,2030,2,2030-S2,Diminution,46.4,23.0,46.4,30.6
z_57.0_-4.5,2023,1,2023-S1,Stable,48.2,27.1,24.7,48.2
z_57.0_-4.5,2023,2,2023-S2,Diminution,51.6,23.6,51.6,24.8
z_57.0_-4.5,2024,1,2024-S1,Stable,38.9,25.2,35.9,38.9
z_57.0_-4.5,2024,2,2024-S2,Diminution,56.2,18.8,56.2,25.0
z_57.0_-4.5,2025,1,2025-S1,Diminution,39.2,24.4,39.2,36.4
z_57.0_-4.5,2025,2,2025-S2,Diminution,53.0,14.9,53.0,32.0
z_57.0_-4.5,2026,1,2026-S1,Stable,37.6,25.5,36.8,37.6
z_57.0_-4.5,2026,2,2026-S2,Diminution,50.7,23.5,50.7,25.8
z_57.0_-4.5,2027,1,2027-S1,Stable,39.7,20.6,39.7,39.7
z_57.0_-4.5,2027,2,2027-S2,Diminution,52.8,24.1,52.8,23.1
z_57.0_-4.5,2028,1,2028-S1,Stable,40.3,21.4,38.3,40.3
z_57.0_-4.5,2028,2,2028-S2,Diminution,54.1,20.6,54.1,25.3
z_57.0_-4.5,2029,1,2029-S1,Diminution,39.1,23.7,39.1,37.2
z_57.0_-4.5,2029,2,2029-S2,Diminution,54.1,20.6,54.1,25.3
z_57.0_-4.5,2030,1,2030-S1,Diminution,39.1,23.7,39.1,37.2
z_57.0_-4.5,2030,2,2030-S2,Diminution,54.1,20.6,54.1,25.3
z_57.0_-6.0,2023,1,2023-S1,Diminution,37.6,30.5,37.6,32.0
z_57.0_-6.0,2023,2,2023-S2,Diminution,40.9,27.5,40.9,31.7
z_57.0_-6.0,2024,1,2024-S1,Diminution,41.6,26.0,41.6,32.4
z_57.0_-6.0,2024,2,2024-S2,Diminution,43.6,26.3,43.6,30.1
z_57.0_-6.0,2025,1,2025-S1,Diminution,37.0,27.2,37.0,35.8
z_57.0_-6.0,2025,2,2025-S2,Stable,38.5,26.7,34.8,38.5
z_57.0_-6.0,2026,1,2026-S1,Stable,38.5,25.8,35.7,38.5
z_57.0_-6.0,2026,2,2026-S2,Diminution,42.4,29.6,42.4,28.0
z_57.0_-6.0,2027,1,2027-S1,Diminution,36.3,28.7,36.3,35.0
z_57.0_-6.0,2027,2,2027-S2,Diminution,37.3,30.9,37.3,31.8
z_57.0_-6.0,2028,1,2028-S1,Stable,38.5,28.3,33.2,38.5
z_57.0_-6.0,2028,2,2028-S2,Diminution,37.0,27.2,37.0,35.9
z_57.0_-6.0,2029,1,2029-S1,Stable,38.1,27.9,34.0,38.1
z_57.0_-6.0,2029,2,2029-S2,Diminution,40.3,28.0,40.3,31.7
z_57.0_-6.0,2030,1,2030-S1,Stable,35.9,28.5,35.6,35.9
z_57.0_-6.0,2030,2,2030-S2,Diminution,40.3,28.0,40.3,31.7
z_57.0_-7.5,2023,1,2023-S1,Diminution,48.6,24.5,48.6,26.9
z_57.0_-7.5,2023,2,2023-S2,Diminution,48.5,20.1,48.5,31.4
z_57.0_-7.5,2024,1,2024-S1,Diminution,50.4,26.7,50.4,22.9
z_57.0_-7.5,2024,2,2024-S2,Diminution,50.9,29.4,50.9,19.7
z_57.0_-7.5,2025,1,2025-S1,Diminution,49.2,25.5,49.2,25.3
z_57.0_-7.5,2025,2,2025-S2,Diminution,48.7,32.2,48.7,19.0
z_57.0_-7.5,2026,1,2026-S1,Diminution,50.6,27.5,50.6,21.9
z_57.0_-7.5,2026,2,2026-S2,Diminution,52.3,26.7,52.3,21.0
z_57.0_-7.5,2027,1,2027-S1,Diminution,49.2,27.9,49.2,22.9
z_57.0_-7.5,2027,2,2027-S2,Diminution,52.3,26.7,52.3,21.0
z_57.0_-7.5,2028,1,2028-S1,Diminution,49.2,27.9,49.2,22.9
z_57.0_-7.5,2028,2,2028-S2,Diminution,52.3,26.7,52.3,21.0
z_57.0_-7.5,2029,1,2029-S1,Diminution,49.2,27.9,49.2,22.9
z_57.0_-7.5,2029,2,2029-S2,Diminution,52.3,26.7,52.3,21.0
z_57.0_-7.5,2030,1,2030-S1,Diminution,49.2,27.9,49.2,22.9
z_57.0_-7.5,2030,2,2030-S2,Diminution,52.3,26.7,52.3,21.0
z_57.0_-9.0,2023,1,2023-S1,Diminution,48.1,11.3,48.1,40.6
z_57.0_-9.0,2023,2,2023-S2,Diminution,60.3,4.3,60.3,35.4
z_57.0_-9.0,2024,1,2024-S1,Diminution,50.8,13.4,50.8,35.8
z_57.0_-9.0,2024,2,2024-S2,Diminution,57.2,8.2,57.2,34.6
z_57.0_-9.0,2025,1,2025-S1,Diminution,47.0,13.8,47.0,39.2
z_57.0_-9.0,2025,2,2025-S2,Diminution,61.0,4.5,61.0,34.4
z_57.0_-9.0,2026,1,2026-S1,Diminution,49.5,12.7,49.5,37.8
z_57.0_-9.0,2026,2,2026-S2,Diminution,63.1,5.1,63.1,31.8
z_57.0_-9.0,2027,1,2027-S1,Diminution,48.1,11.3,48.1,40.6
z_57.0_-9.0,2027,2,2027-S2,Diminution,60.3,4.3,60.3,35.4
z_57.0_-9.0,2028,1,2028-S1,Diminution,50.8,13.4,50.8,35.8
z_57.0_-9.0,2028,2,2028-S2,Diminution,60.3,4.3,60.3,35.4
z_57.0_-9.0,2029,1,2029-S1,Diminution,50.8,13.4,50.8,35.8
z_57.0_-9.0,2029,2,2029-S2,Diminution,60.3,4.3,60.3,35.4
z_57.0_-9.0,2030,1,2030-S1,Diminution,50.8,13.4,50.8,35.8
z_57.0_-9.0,2030,2,2030-S2,Diminution,60.3,4.3,60.3,35.4
z_57.0_0.0,2023,1,2023-S1,Diminution,40.0,23.5,40.0,36.5
z_57.0_0.0,2023,2,2023-S2,Diminution,54.8,22.6,54.8,22.6
z_57.0_0.0,2024,1,2024-S1,Diminution,40.6,24.1,40.6,35.4
z_57.0_0.0,2024,2,2024-S2,Diminution,54.8,22.6,54.8,22.6
z_57.0_0.0,2025,1,2025-S1,Diminution,36.5,32.6,36.5,30.8
z_57.0_0.0,2025,2,2025-S2,Diminution,56.2,21.0,56.2,22.8
z_57.0_0.0,2026,1,2026-S1,Stable,42.5,24.1,33.4,42.5
z_57.0_0.0,2026,2,2026-S2,Diminution,52.3,16.6,52.3,31.2
z_57.0_0.0,2027,1,2027-S1,Diminution,41.0,25.9,41.0,33.1
z_57.0_0.0,2027,2,2027-S2,Diminution,49.8,21.3,49.8,28.9
z_57.0_0.0,2028,1,2028-S1,Diminution,41.1,26.8,41.1,32.2
z_57.0_0.0,2028,2,2028-S2,Diminution,48.6,27.2,48.6,24.2
z_57.0_0.0,2029,1,2029-S1,Diminution,40.6,24.1,40.6,35.4
z_57.0_0.0,2029,2,2029-S2,Diminution,54.8,22.6,54.8,22.6
z_57.0_0.0,2030,1,2030-S1,Diminution,40.6,24.1,40.6,35.4
z_57.0_0.0,2030,2,2030-S2,Diminution,54.8,22.6,54.8,22.6
z_57.0_10.5,2023,1,2023-S1,Augmentation,64.6,64.6,16.7,18.7
z_57.0_10.5,2023,2,2023-S2,Augmentation,68.9,68.9,13.3,17.8
z_57.0_10.5,2024,1,2024-S1,Augmentation,59.7,59.7,12.6,27.7
z_57.0_10.5,2024,2,2024-S2,Augmentation,57.4,57.4,14.8,27.9
z_57.0_10.5,2025,1,2025-S1,Augmentation,59.2,59.2,14.9,25.9
z_57.0_10.5,2025,2,2025-S2,Augmentation,66.1,66.1,16.8,17.1
z_57.0_10.5,2026,1,2026-S1,Augmentation,51.8,51.8,30.2,18.0
z_57.0_10.5,2026,2,2026-S2,Augmentation,65.1,65.1,18.0,16.9
z_57.0_10.5,2027,1,2027-S1,Augmentation,72.9,72.9,12.6,14.4
z_57.0_10.5,2027,2,2027-S2,Augmentation,75.2,75.2,10.0,14.7
z_57.0_10.5,2028,1,2028-S1,Augmentation,64.0,64.0,14.3,21.7
z_57.0_10.5,2028,2,2028-S2,Augmentation,66.1,66.1,13.7,20.2
z_57.0_10.5,2029,1,2029-S1,Augmentation,58.0,58.0,14.2,27.8
z_57.0_10.5,2029,2,2029-S2,Augmentation,61.0,61.0,13.5,25.6
z_57.0_10.5,2030,1,2030-S1,Augmentation,53.9,53.9,15.2,30.9
z_57.0_10.5,2030,2,2030-S2,Augmentation,57.1,57.1,14.8,28.1
z_57.0_12.0,2023,1,2023-S1,Stable,49.3,25.2,25.5,49.3
z_57.0_12.0,2023,2,2023-S2,Stable,57.5,20.9,21.6,57.5
z_57.0_12.0,2024,1,2024-S1,Stable,48.5,22.7,28.7,48.5
z_57.0_12.0,2024,2,2024-S2,Stable,43.8,22.8,33.4,43.8
z_57.0_12.0,2025,1,2025-S1,Stable,53.2,23.4,23.3,53.2
z_57.0_12.0,2025,2,2025-S2,Stable,43.9,22.6,33.5,43.9
z_57.0_12.0,2026,1,2026-S1,Stable,50.6,25.8,23.7,50.6
z_57.0_12.0,2026,2,2026-S2,Stable,49.4,26.6,24.0,49.4
z_57.0_12.0,2027,1,2027-S1,Stable,48.0,23.6,28.4,48.0
z_57.0_12.0,2027,2,2027-S2,Stable,52.5,24.6,22.9,52.5
z_57.0_12.0,2028,1,2028-S1,Stable,46.0,25.0,29.0,46.0
z_57.0_12.0,2028,2,2028-S2,Stable,45.7,26.1,28.2,45.7
z_57.0_12.0,2029,1,2029-S1,Stable,50.5,23.8,25.7,50.5
z_57.0_12.0,2029,2,2029-S2,Stable,51.9,22.6,25.5,51.9
z_57.0_12.0,2030,1,2030-S1,Stable,50.5,22.7,26.7,50.5
z_57.0_12.0,2030,2,2030-S2,Stable,52.0,22.4,25.5,52.0
z_57.0_16.5,2023,1,2023-S1,Stable,48.7,19.6,31.7,48.7
z_57.0_16.5,2023,2,2023-S2,Diminution,38.2,26.9,38.2,34.9
z_57.0_16.5,2024,1,2024-S1,Stable,49.5,24.7,25.8,49.5
z_57.0_16.5,2024,2,2024-S2,Stable,44.8,28.1,27.1,44.8
z_57.0_16.5,2025,1,2025-S1,Diminution,53.9,13.9,53.9,32.2
z_57.0_16.5,2025,2,2025-S2,Stable,35.0,35.0,30.0,35.0
z_57.0_16.5,2026,1,2026-S1,Stable,47.7,31.2,21.1,47.7
z_57.0_16.5,2026,2,2026-S2,Augmentation,38.6,38.6,24.3,37.2
z_57.0_16.5,2027,1,2027-S1,Augmentation,45.4,45.4,20.6,34.0
z_57.0_16.5,2027,2,2027-S2,Stable,39.0,33.4,27.6,39.0
z_57.0_16.5,2028,1,2028-S1,Augmentation,42.4,42.4,18.3,39.3
z_57.0_16.5,2028,2,2028-S2,Augmentation,40.3,40.3,20.3,39.4
z_57.0_16.5,2029,1,2029-S1,Stable,42.6,39.3,18.1,42.6
z_57.0_16.5,2029,2,2029-S2,Augmentation,41.0,41.0,20.2,38.8
z_57.0_16.5,2030,1,2030-S1,Stable,41.6,41.1,17.3,41.6
z_57.0_16.5,2030,2,2030-S2,Augmentation,40.4,40.4,19.7,39.9
z_57.0_18.0,2023,1,2023-S1,Augmentation,50.4,50.4,16.3,33.3
z_57.0_18.0,2023,2,2023-S2,Augmentation,49.6,49.6,12.6,37.8
z_57.0_18.0,2024,1,2024-S1,Augmentation,46.8,46.8,17.8,35.4
z_57.0_18.0,2024,2,2024-S2,Augmentation,53.7,53.7,15.4,30.9
z_57.0_18.0,2025,1,2025-S1,Stable,51.5,28.7,19.8,51.5
z_57.0_18.0,2025,2,2025-S2,Stable,43.3,36.9,19.8,43.3
z_57.0_18.0,2026,1,2026-S1,Stable,59.9,19.1,21.0,59.9
z_57.0_18.0,2026,2,2026-S2,Stable,53.5,24.4,22.2,53.5
z_57.0_18.0,2027,1,2027-S1,Stable,61.4,17.5,21.1,61.4
z_57.0_18.0,2027,2,2027-S2,Stable,57.9,20.4,21.7,57.9
z_57.0_18.0,2028,1,2028-S1,Stable,60.1,18.9,21.0,60.1
z_57.0_18.0,2028,2,2028-S2,Stable,59.8,18.7,21.5,59.8
z_57.0_18.0,2029,1,2029-S1,Stable,60.1,18.9,21.0,60.1
z_57.0_18.0,2029,2,2029-S2,Stable,59.8,18.7,21.5,59.8
z_57.0_18.0,2030,1,2030-S1,Stable,60.1,18.9,21.0,60.1
z_57.0_18.0,2030,2,2030-S2,Stable,59.8,18.7,21.5,59.8
z_57.0_19.5,2023,1,2023-S1,Stable,44.0,18.8,37.2,44.0
z_57.0_19.5,2023,2,2023-S2,Diminution,51.1,14.3,51.1,34.7
z_57.0_19.5,2024,1,2024-S1,Stable,53.5,22.0,24.5,53.5
z_57.0_19.5,2024,2,2024-S2,Stable,40.9,25.7,33.4,40.9
z_57.0_19.5,2025,1,2025-S1,Stable,47.8,24.7,27.6,47.8
z_57.0_19.5,2025,2,2025-S2,Stable,47.4,16.3,36.3,47.4
z_57.0_19.5,2026,1,2026-S1,Stable,46.5,21.2,32.3,46.5
z_57.0_19.5,2026,2,2026-S2,Stable,54.5,16.2,29.3,54.5
z_57.0_19.5,2027,1,2027-S1,Stable,44.4,29.9,25.7,44.4
z_57.0_19.5,2027,2,2027-S2,Stable,48.3,23.3,28.4,48.3
z_57.0_19.5,2028,1,2028-S1,Stable,50.1,18.4,31.5,50.1
z_57.0_19.5,2028,2,2028-S2,Stable,46.1,16.6,37.3,46.1
z_57.0_19.5,2029,1,2029-S1,Stable,46.9,18.3,34.8,46.9
z_57.0_19.5,2029,2,2029-S2,Stable,45.3,22.4,32.3,45.3
z_57.0_19.5,2030,1,2030-S1,Stable,51.6,23.4,24.9,51.6
z_57.0_19.5,2030,2,2030-S2,Stable,48.3,20.9,30.8,48.3
z_57.0_21.0,2023,1,2023-S1,Diminution,41.8,23.3,41.8,34.9
z_57.0_21.0,2023,2,2023-S2,Stable,45.2,18.7,36.1,45.2
z_57.0_21.0,2024,1,2024-S1,Diminution,43.8,22.4,43.8,33.9
z_57.0_21.0,2024,2,2024-S2,Stable,47.7,20.8,31.5,47.7
z_57.0_21.0,2025,1,2025-S1,Diminution,42.3,19.6,42.3,38.0
z_57.0_21.0,2025,2,2025-S2,Diminution,48.6,18.8,48.6,32.6
z_57.0_21.0,2026,1,2026-S1,Diminution,45.9,28.6,45.9,25.5
z_57.0_21.0,2026,2,2026-S2,Diminution,49.5,21.1,49.5,29.3
z_57.0_21.0,2027,1,2027-S1,Diminution,48.5,28.2,48.5,23.3
z_57.0_21.0,2027,2,2027-S2,Diminution,47.7,17.6,47.7,34.7
z_57.0_21.0,2028,1,2028-S1,Diminution,49.2,26.8,49.2,24.0
z_57.0_21.0,2028,2,2028-S2,Diminution,47.7,17.6,47.7,34.7
z_57.0_21.0,2029,1,2029-S1,Diminution,49.2,26.8,49.2,24.0
z_57.0_21.0,2029,2,2029-S2,Diminution,47.7,17.6,47.7,34.7
z_57.0_21.0,2030,1,2030-S1,Diminution,49.2,26.8,49.2,24.0
z_57.0_21.0,2030,2,2030-S2,Diminution,47.7,17.6,47.7,34.7
z_57.0_22.5,2023,1,2023-S1,Diminution,42.5,18.0,42.5,39.4
z_57.0_22.5,2023,2,2023-S2,Diminution,47.4,15.8,47.4,36.7
z_57.0_22.5,2024,1,2024-S1,Stable,46.5,26.9,26.6,46.5
z_57.0_22.5,2024,2,2024-S2,Stable,45.7,29.9,24.4,45.7
z_57.0_22.5,2025,1,2025-S1,Stable,40.6,38.3,21.1,40.6
z_57.0_22.5,2025,2,2025-S2,Augmentation,44.5,44.5,18.5,37.1
z_57.0_22.5,2026,1,2026-S1,Stable,44.2,35.0,20.7,44.2
z_57.0_22.5,2026,2,2026-S2,Augmentation,41.4,41.4,27.9,30.7
z_57.0_22.5,2027,1,2027-S1,Stable,43.1,40.4,16.5,43.1
z_57.0_22.5,2027,2,2027-S2,Stable,41.1,38.8,20.1,41.1
z_57.0_22.5,2028,1,2028-S1,Augmentation,41.4,41.4,17.9,40.8
z_57.0_22.5,2028,2,2028-S2,Augmentation,43.5,43.5,19.7,36.8
z_57.0_22.5,2029,1,2029-S1,Stable,45.3,39.6,15.0,45.3
z_57.0_22.5,2029,2,2029-S2,Augmentation,44.7,44.7,16.5,38.8
z_57.0_22.5,2030,1,2030-S1,Stable,45.4,39.6,15.0,45.4
z_57.0_22.5,2030,2,2030-S2,Augmentation,42.9,42.9,17.1,40.1
z_57.0_24.0,2023,1,2023-S1,Stable,47.9,24.6,27.6,47.9
z_57.0_24.0,2023,2,2023-S2,Diminution,45.6,15.6,45.6,38.8
z_57.0_24.0,2024,1,2024-S1,Stable,52.6,24.4,23.0,52.6
z_57.0_24.0,2024,2,2024-S2,Diminution,54.8,10.5,54.8,34.7
z_57.0_24.0,2025,1,2025-S1,Stable,37.7,26.3,36.0,37.7
z_57.0_24.0,2025,2,2025-S2,Diminution,54.9,9.5,54.9,35.6
z_57.0_24.0,2026,1,2026-S1,Stable,39.9,21.0,39.1,39.9
z_57.0_24.0,2026,2,2026-S2,Diminution,60.4,7.3,60.4,32.3
z_57.0_24.0,2027,1,2027-S1,Stable,41.0,20.4,38.7,41.0
z_57.0_24.0,2027,2,2027-S2,Diminution,60.7,7.6,60.7,31.7
z_57.0_24.0,2028,1,2028-S1,Stable,41.0,21.3,37.7,41.0
z_57.0_24.0,2028,2,2028-S2,Diminution,58.1,7.7,58.1,34.2
z_57.0_24.0,2029,1,2029-S1,Stable,38.6,23.7,37.8,38.6
z_57.0_24.0,2029,2,2029-S2,Diminution,58.1,7.7,58.1,34.2
z_57.0_24.0,2030,1,2030-S1,Stable,38.6,23.7,37.8,38.6
z_57.0_24.0,2030,2,2030-S2,Diminution,58.1,7.7,58.1,34.2
z_57.0_3.0,2023,1,2023-S1,Diminution,43.9,13.4,43.9,42.7
z_57.0_3.0,2023,2,2023-S2,Diminution,45.0,17.9,45.0,37.2
z_57.0_3.0,2024,1,2024-S1,Diminution,51.5,11.5,51.5,37.0
z_57.0_3.0,2024,2,2024-S2,Diminution,48.0,20.4,48.0,31.7
z_57.0_3.0,2025,1,2025-S1,Diminution,41.2,22.5,41.2,36.3
z_57.0_3.0,2025,2,2025-S2,Stable,43.6,20.3,36.1,43.6
z_57.0_3.0,2026,1,2026-S1,Diminution,51.1,13.4,51.1,35.5
z_57.0_3.0,2026,2,2026-S2,Stable,44.3,13.6,42.1,44.3
z_57.0_3.0,2027,1,2027-S1,Diminution,53.3,11.6,53.3,35.0
z_57.0_3.0,2027,2,2027-S2,Diminution,40.1,19.9,40.1,39.9
z_57.0_3.0,2028,1,2028-S1,Diminution,52.1,9.0,52.1,38.9
z_57.0_3.0,2028,2,2028-S2,Diminution,45.0,17.9,45.0,37.2
z_57.0_3.0,2029,1,2029-S1,Diminution,51.4,11.6,51.4,37.1
z_57.0_3.0,2029,2,2029-S2,Diminution,45.0,17.9,45.0,37.2
z_57.0_3.0,2030,1,2030-S1,Diminution,51.4,11.6,51.4,37.1
z_57.0_3.0,2030,2,2030-S2,Diminution,45.0,17.9,45.0,37.2
z_57.0_4.5,2023,1,2023-S1,Stable,37.3,34.3,28.3,37.3
z_57.0_4.5,2023,2,2023-S2,Stable,39.9,36.1,23.9,39.9
z_57.0_4.5,2024,1,2024-S1,Augmentation,44.4,44.4,15.1,40.5
z_57.0_4.5,2024,2,2024-S2,Stable,40.2,27.4,32.4,40.2
z_57.0_4.5,2025,1,2025-S1,Stable,44.9,37.1,17.9,44.9
z_57.0_4.5,2025,2,2025-S2,Stable,42.5,32.6,25.0,42.5
z_57.0_4.5,2026,1,2026-S1,Stable,42.0,35.6,22.3,42.0
z_57.0_4.5,2026,2,2026-S2,Stable,40.9,27.4,31.6,40.9
z_57.0_4.5,2027,1,2027-S1,Stable,41.2,36.2,22.6,41.2
z_57.0_4.5,2027,2,2027-S2,Stable,41.8,26.0,32.2,41.8
z_57.0_4.5,2028,1,2028-S1,Stable,40.9,35.9,23.2,40.9
z_57.0_4.5,2028,2,2028-S2,Stable,40.8,27.1,32.1,40.8
z_57.0_4.5,2029,1,2029-S1,Stable,40.9,36.0,23.1,40.9
z_57.0_4.5,2029,2,2029-S2,Stable,40.9,27.1,32.0,40.9
z_57.0_4.5,2030,1,2030-S1,Stable,40.9,35.9,23.2,40.9
z_57.0_4.5,2030,2,2030-S2,Stable,40.8,27.1,32.1,40.8
z_57.0_6.0,2023,1,2023-S1,Stable,44.4,29.6,26.0,44.4
z_57.0_6.0,2023,2,2023-S2,Stable,49.5,29.6,20.9,49.5
z_57.0_6.0,2024,1,2024-S1,Stable,46.1,32.6,21.3,46.1
z_57.0_6.0,2024,2,2024-S2,Stable,48.8,28.7,22.5,48.8
z_57.0_6.0,2025,1,2025-S1,Stable,48.0,33.3,18.7,48.0
z_57.0_6.0,2025,2,2025-S2,Stable,47.4,29.8,22.8,47.4
z_57.0_6.0,2026,1,2026-S1,Stable,45.7,29.2,25.1,45.7
z_57.0_6.0,2026,2,2026-S2,Stable,48.4,29.0,22.6,48.4
z_57.0_6.0,2027,1,2027-S1,Stable,47.5,30.9,21.7,47.5
z_57.0_6.0,2027,2,2027-S2,Stable,52.2,27.0,20.8,52.2
z_57.0_6.0,2028,1,2028-S1,Stable,47.4,27.0,25.6,47.4
z_57.0_6.0,2028,2,2028-S2,Stable,49.3,28.5,22.2,49.3
z_57.0_6.0,2029,1,2029-S1,Stable,46.8,29.8,23.3,46.8
z_57.0_6.0,2029,2,2029-S2,Stable,49.3,28.5,22.2,49.3
z_57.0_6.0,2030,1,2030-S1,Stable,46.8,29.8,23.3,46.8
z_57.0_6.0,2030,2,2030-S2,Stable,49.3,28.5,22.2,49.3
z_57.0_7.5,2023,1,2023-S1,Augmentation,43.4,43.4,27.6,29.0
z_57.0_7.5,2023,2,2023-S2,Augmentation,61.0,61.0,13.5,25.5
z_57.0_7.5,2024,1,2024-S1,Augmentation,49.2,49.2,16.8,33.9
z_57.0_7.5,2024,2,2024-S2,Augmentation,54.3,54.3,15.2,30.5
z_57.0_7.5,2025,1,2025-S1,Augmentation,44.8,44.8,20.8,34.4
z_57.0_7.5,2025,2,2025-S2,Augmentation,58.0,58.0,13.5,28.6
z_57.0_7.5,2026,1,2026-S1,Augmentation,45.6,45.6,22.0,32.4
z_57.0_7.5,2026,2,2026-S2,Augmentation,55.4,55.4,15.4,29.2
z_57.0_7.5,2027,1,2027-S1,Augmentation,52.8,52.8,16.1,31.1
z_57.0_7.5,2027,2,2027-S2,Augmentation,57.2,57.2,14.4,28.4
z_57.0_7.5,2028,1,2028-S1,Augmentation,50.3,50.3,16.0,33.6
z_57.0_7.5,2028,2,2028-S2,Augmentation,57.2,57.2,13.4,29.4
z_57.0_7.5,2029,1,2029-S1,Augmentation,50.7,50.7,15.8,33.5
z_57.0_7.5,2029,2,2029-S2,Augmentation,58.7,58.7,13.1,28.2
z_57.0_7.5,2030,1,2030-S1,Augmentation,51.0,51.0,17.3,31.7
z_57.0_7.5,2030,2,2030-S2,Augmentation,57.6,57.6,13.3,29.1
z_57.0_9.0,2023,1,2023-S1,Augmentation,62.7,62.7,13.0,24.3
z_57.0_9.0,2023,2,2023-S2,Augmentation,67.3,67.3,12.4,20.3
z_57.0_9.0,2024,1,2024-S1,Augmentation,54.0,54.0,15.1,30.9
z_57.0_9.0,2024,2,2024-S2,Augmentation,43.9,43.9,21.5,34.6
z_57.0_9.0,2025,1,2025-S1,Augmentation,63.1,63.1,13.5,23.4
z_57.0_9.0,2025,2,2025-S2,Augmentation,51.0,51.0,14.9,34.1
z_57.0_9.0,2026,1,2026-S1,Stable,35.9,34.8,29.3,35.9
z_57.0_9.0,2026,2,2026-S2,Augmentation,54.6,54.6,16.7,28.7
z_57.0_9.0,2027,1,2027-S1,Augmentation,54.4,54.4,18.6,27.0
z_57.0_9.0,2027,2,2027-S2,Augmentation,62.2,62.2,13.0,24.8
z_57.0_9.0,2028,1,2028-S1,Augmentation,55.4,55.4,15.9,28.7
z_57.0_9.0,2028,2,2028-S2,Augmentation,56.7,56.7,14.3,29.0
z_57.0_9.0,2029,1,2029-S1,Augmentation,59.6,59.6,13.0,27.5
z_57.0_9.0,2029,2,2029-S2,Augmentation,61.9,61.9,12.3,25.8
z_57.0_9.0,2030,1,2030-S1,Augmentation,58.6,58.6,12.9,28.6
z_57.0_9.0,2030,2,2030-S2,Augmentation,60.3,60.3,12.6,27.1
z_58.5_-1.5,2023,1,2023-S1,Diminution,37.9,30.4,37.9,31.8
z_58.5_-1.5,2023,2,2023-S2,Diminution,50.1,24.9,50.1,25.0
z_58.5_-1.5,2024,1,2024-S1,Diminution,50.5,22.1,50.5,27.3
z_58.5_-1.5,2024,2,2024-S2,Stable,41.9,17.5,40.6,41.9
z_58.5_-1.5,2025,1,2025-S1,Diminution,46.2,20.0,46.2,33.8
z_58.5_-1.5,2025,2,2025-S2,Diminution,45.7,17.4,45.7,36.9
z_58.5_-1.5,2026,1,2026-S1,Diminution,48.6,27.4,48.6,23.9
z_58.5_-1.5,2026,2,2026-S2,Diminution,50.0,29.3,50.0,20.7
z_58.5_-1.5,2027,1,2027-S1,Diminution,51.5,26.3,51.5,22.3
z_58.5_-1.5,2027,2,2027-S2,Diminution,54.2,23.1,54.2,22.7
z_58.5_-1.5,2028,1,2028-S1,Diminution,51.4,25.4,51.4,23.2
z_58.5_-1.5,2028,2,2028-S2,Diminution,54.2,23.1,54.2,22.7
z_58.5_-1.5,2029,1,2029-S1,Diminution,51.4,25.4,51.4,23.2
z_58.5_-1.5,2029,2,2029-S2,Diminution,54.2,23.1,54.2,22.7
z_58.5_-1.5,2030,1,2030-S1,Diminution,51.4,25.4,51.4,23.2
z_58.5_-1.5,2030,2,2030-S2,Diminution,54.2,23.1,54.2,22.7
z_58.5_-10.5,2023,1,2023-S1,Diminution,91.9,1.0,91.9,7.1
z_58.5_-10.5,2023,2,2023-S2,Diminution,93.3,0.4,93.3,6.3
z_58.5_-10.5,2024,1,2024-S1,Diminution,91.9,1.0,91.9,7.1
z_58.5_-10.5,2024,2,2024-S2,Diminution,93.3,0.4,93.3,6.3
z_58.5_-10.5,2025,1,2025-S1,Diminution,91.9,1.0,91.9,7.1
z_58.5_-10.5,2025,2,2025-S2,Diminution,94.6,0.9,94.6,4.4
z_58.5_-10.5,2026,1,2026-S1,Diminution,83.3,1.4,83.3,15.4
z_58.5_-10.5,2026,2,2026-S2,Diminution,87.2,4.2,87.2,8.6
z_58.5_-10.5,2027,1,2027-S1,Diminution,86.9,3.1,86.9,10.0
z_58.5_-10.5,2027,2,2027-S2,Diminution,87.2,1.7,87.2,11.1
z_58.5_-10.5,2028,1,2028-S1,Diminution,88.5,3.0,88.5,8.5
z_58.5_-10.5,2028,2,2028-S2,Diminution,93.3,0.4,93.3,6.3
z_58.5_-10.5,2029,1,2029-S1,Diminution,91.9,1.0,91.9,7.1
z_58.5_-10.5,2029,2,2029-S2,Diminution,93.3,0.4,93.3,6.3
z_58.5_-10.5,2030,1,2030-S1,Diminution,91.9,1.0,91.9,7.1
z_58.5_-10.5,2030,2,2030-S2,Diminution,93.3,0.4,93.3,6.3
z_58.5_-3.0,2023,1,2023-S1,Diminution,47.8,22.2,47.8,30.1
z_58.5_-3.0,2023,2,2023-S2,Diminution,44.1,27.6,44.1,28.3
z_58.5_-3.0,2024,1,2024-S1,Diminution,54.6,19.5,54.6,25.9
z_58.5_-3.0,2024,2,2024-S2,Diminution,46.8,30.9,46.8,22.3
z_58.5_-3.0,2025,1,2025-S1,Diminution,54.4,19.3,54.4,26.3
z_58.5_-3.0,2025,2,2025-S2,Diminution,53.0,23.5,53.0,23.5
z_58.5_-3.0,2026,1,2026-S1,Diminution,54.6,19.5,54.6,25.9
z_58.5_-3.0,2026,2,2026-S2,Diminution,54.0,25.5,54.0,20.5
z_58.5_-3.0,2027,1,2027-S1,Diminution,52.3,22.8,52.3,24.9
z_58.5_-3.0,2027,2,2027-S2,Diminution,54.3,22.2,54.3,23.4
z_58.5_-3.0,2028,1,2028-S1,Diminution,53.1,22.5,53.1,24.4
z_58.5_-3.0,2028,2,2028-S2,Diminution,54.3,22.2,54.3,23.4
z_58.5_-3.0,2029,1,2029-S1,Diminution,53.1,22.5,53.1,24.4
z_58.5_-3.0,2029,2,2029-S2,Diminution,54.3,22.2,54.3,23.4
z_58.5_-3.0,2030,1,2030-S1,Diminution,53.1,22.5,53.1,24.4
z_58.5_-3.0,2030,2,2030-S2,Diminution,54.3,22.2,54.3,23.4
z_58.5_-6.0,2023,1,2023-S1,Diminution,52.1,23.9,52.1,24.0
z_58.5_-6.0,2023,2,2023-S2,Diminution,40.8,27.3,40.8,31.9
z_58.5_-6.0,2024,1,2024-S1,Diminution,52.9,23.3,52.9,23.8
z_58.5_-6.0,2024,2,2024-S2,Diminution,42.6,21.1,42.6,36.3
z_58.5_-6.0,2025,1,2025-S1,Diminution,53.1,22.5,53.1,24.4
z_58.5_-6.0,2025,2,2025-S2,Diminution,37.9,28.6,37.9,33.5
z_58.5_-6.0,2026,1,2026-S1,Diminution,56.9,20.6,56.9,22.6
z_58.5_-6.0,2026,2,2026-S2,Diminution,41.8,21.2,41.8,37.1
z_58.5_-6.0,2027,1,2027-S1,Diminution,54.3,19.7,54.3,26.0
z_58.5_-6.0,2027,2,2027-S2,Diminution,43.1,26.7,43.1,30.2
z_58.5_-6.0,2028,1,2028-S1,Diminution,52.9,23.3,52.9,23.8
z_58.5_-6.0,2028,2,2028-S2,Diminution,42.6,21.1,42.6,36.3
z_58.5_-6.0,2029,1,2029-S1,Diminution,53.1,22.5,53.1,24.4
z_58.5_-6.0,2029,2,2029-S2,Diminution,42.6,21.1,42.6,36.3
z_58.5_-6.0,2030,1,2030-S1,Diminution,53.1,22.5,53.1,24.4
z_58.5_-6.0,2030,2,2030-S2,Diminution,42.6,21.1,42.6,36.3
z_58.5_-9.0,2023,1,2023-S1,Diminution,53.1,10.7,53.1,36.2
z_58.5_-9.0,2023,2,2023-S2,Diminution,63.4,4.3,63.4,32.3
z_58.5_-9.0,2024,1,2024-S1,Diminution,53.1,10.7,53.1,36.2
z_58.5_-9.0,2024,2,2024-S2,Diminution,63.4,4.3,63.4,32.3
z_58.5_-9.0,2025,1,2025-S1,Diminution,53.1,10.7,53.1,36.2
z_58.5_-9.0,2025,2,2025-S2,Diminution,61.5,7.7,61.5,30.7
z_58.5_-9.0,2026,1,2026-S1,Diminution,48.1,14.7,48.1,37.3
z_58.5_-9.0,2026,2,2026-S2,Diminution,64.8,4.6,64.8,30.6
z_58.5_-9.0,2027,1,2027-S1,Diminution,52.3,10.5,52.3,37.1
z_58.5_-9.0,2027,2,2027-S2,Diminution,66.7,4.6,66.7,28.6
z_58.5_-9.0,2028,1,2028-S1,Diminution,54.1,8.9,54.1,37.1
z_58.5_-9.0,2028,2,2028-S2,Diminution,63.4,4.3,63.4,32.3
z_58.5_-9.0,2029,1,2029-S1,Diminution,53.1,10.7,53.1,36.2
z_58.5_-9.0,2029,2,2029-S2,Diminution,63.4,4.3,63.4,32.3
z_58.5_-9.0,2030,1,2030-S1,Diminution,53.1,10.7,53.1,36.2
z_58.5_-9.0,2030,2,2030-S2,Diminution,63.4,4.3,63.4,32.3
z_58.5_0.0,2023,1,2023-S1,Stable,52.8,25.4,21.8,52.8
z_58.5_0.0,2023,2,2023-S2,Diminution,53.5,22.9,53.5,23.6
z_58.5_0.0,2024,1,2024-S1,Stable,51.3,24.7,24.0,51.3
z_58.5_0.0,2024,2,2024-S2,Diminution,55.5,16.7,55.5,27.8
z_58.5_0.0,2025,1,2025-S1,Stable,50.5,19.3,30.2,50.5
z_58.5_0.0,2025,2,2025-S2,Diminution,51.6,15.4,51.6,33.0
z_58.5_0.0,2026,1,2026-S1,Diminution,40.7,24.7,40.7,34.6
z_58.5_0.0,2026,2,2026-S2,Diminution,51.5,23.4,51.5,25.1
z_58.5_0.0,2027,1,2027-S1,Diminution,41.7,27.2,41.7,31.1
z_58.5_0.0,2027,2,2027-S2,Diminution,55.1,23.0,55.1,21.9
z_58.5_0.0,2028,1,2028-S1,Diminution,40.8,23.0,40.8,36.1
z_58.5_0.0,2028,2,2028-S2,Diminution,55.9,21.6,55.9,22.5
z_58.5_0.0,2029,1,2029-S1,Diminution,40.8,23.0,40.8,36.1
z_58.5_0.0,2029,2,2029-S2,Diminution,55.9,21.6,55.9,22.5
z_58.5_0.0,2030,1,2030-S1,Diminution,40.8,23.0,40.8,36.1
z_58.5_0.0,2030,2,2030-S2,Diminution,55.9,21.6,55.9,22.5
z_58.5_1.5,2023,1,2023-S1,Stable,56.7,17.0,26.3,56.7
z_58.5_1.5,2023,2,2023-S2,Stable,57.2,20.9,21.9,57.2
z_58.5_1.5,2024,1,2024-S1,Stable,58.7,19.2,22.1,58.7
z_58.5_1.5,2024,2,2024-S2,Stable,53.4,16.1,30.5,53.4
z_58.5_1.5,2025,1,2025-S1,Stable,60.7,19.7,19.6,60.7
z_58.5_1.5,2025,2,2025-S2,Stable,57.1,19.8,23.1,57.1
z_58.5_1.5,2026,1,2026-S1,Stable,55.3,15.8,28.9,55.3
z_58.5_1.5,2026,2,2026-S2,Stable,51.0,16.4,32.6,51.0
z_58.5_1.5,2027,1,2027-S1,Stable,60.0,17.0,23.1,60.0
z_58.5_1.5,2027,2,2027-S2,Stable,56.6,12.0,31.4,56.6
z_58.5_1.5,2028,1,2028-S1,Stable,56.2,14.6,29.1,56.2
z_58.5_1.5,2028,2,2028-S2,Stable,62.0,13.5,24.5,62.0
z_58.5_1.5,2029,1,2029-S1,Stable,57.4,14.1,28.5,57.4
z_58.5_1.5,2029,2,2029-S2,Stable,60.2,15.5,24.4,60.2
z_58.5_1.5,2030,1,2030-S1,Stable,59.8,17.6,22.6,59.8
z_58.5_1.5,2030,2,2030-S2,Stable,60.2,15.5,24.4,60.2
z_58.5_10.5,2023,1,2023-S1,Augmentation,73.4,73.4,12.6,14.0
z_58.5_10.5,2023,2,2023-S2,Augmentation,70.3,70.3,12.7,16.9
z_58.5_10.5,2024,1,2024-S1,Augmentation,66.2,66.2,18.3,15.4
z_58.5_10.5,2024,2,2024-S2,Augmentation,64.8,64.8,17.4,17.7
z_58.5_10.5,2025,1,2025-S1,Augmentation,55.9,55.9,30.0,14.0
z_58.5_10.5,2025,2,2025-S2,Augmentation,61.6,61.6,23.0,15.3
z_58.5_10.5,2026,1,2026-S1,Augmentation,52.5,52.5,29.0,18.5
z_58.5_10.5,2026,2,2026-S2,Augmentation,58.5,58.5,24.7,16.7
z_58.5_10.5,2027,1,2027-S1,Augmentation,62.5,62.5,19.7,17.8
z_58.5_10.5,2027,2,2027-S2,Augmentation,65.5,65.5,17.3,17.1
z_58.5_10.5,2028,1,2028-S1,Augmentation,63.2,63.2,18.0,18.8
z_58.5_10.5,2028,2,2028-S2,Augmentation,69.3,69.3,15.4,15.3
z_58.5_10.5,2029,1,2029-S1,Augmentation,64.2,64.2,17.5,18.3
z_58.5_10.5,2029,2,2029-S2,Augmentation,68.6,68.6,15.6,15.8
z_58.5_10.5,2030,1,2030-S1,Augmentation,65.1,65.1,17.6,17.3
z_58.5_10.5,2030,2,2030-S2,Augmentation,67.6,67.6,16.6,15.8
z_58.5_15.0,2023,1,2023-S1,Stable,48.5,34.0,17.5,48.5
z_58.5_15.0,2023,2,2023-S2,Stable,42.1,20.1,37.8,42.1
z_58.5_15.0,2024,1,2024-S1,Stable,46.0,33.5,20.5,46.0
z_58.5_15.0,2024,2,2024-S2,Stable,46.1,22.4,31.5,46.1
z_58.5_15.0,2025,1,2025-S1,Stable,50.9,28.6,20.5,50.9
z_58.5_15.0,2025,2,2025-S2,Stable,47.3,22.2,30.5,47.3
z_58.5_15.0,2026,1,2026-S1,Stable,47.6,31.0,21.4,47.6
z_58.5_15.0,2026,2,2026-S2,Stable,45.5,21.5,33.0,45.5
z_58.5_15.0,2027,1,2027-S1,Stable,49.3,31.1,19.6,49.3
z_58.5_15.0,2027,2,2027-S2,Stable,45.0,18.4,36.5,45.0
z_58.5_15.0,2028,1,2028-S1,Stable,47.2,31.7,21.0,47.2
z_58.5_15.0,2028,2,2028-S2,Stable,45.4,20.1,34.5,45.4
z_58.5_15.0,2029,1,2029-S1,Stable,47.7,30.8,21.5,47.7
z_58.5_15.0,2029,2,2029-S2,Stable,45.4,20.1,34.5,45.4
z_58.5_15.0,2030,1,2030-S1,Stable,47.7,30.8,21.5,47.7
z_58.5_15.0,2030,2,2030-S2,Stable,45.4,20.1,34.5,45.4
z_58.5_16.5,2023,1,2023-S1,Augmentation,84.9,84.9,7.5,7.6
z_58.5_16.5,2023,2,2023-S2,Augmentation,77.9,77.9,12.6,9.5
z_58.5_16.5,2024,1,2024-S1,Augmentation,55.0,55.0,21.2,23.8
z_58.5_16.5,2024,2,2024-S2,Augmentation,57.2,57.2,21.8,21.0
z_58.5_16.5,2025,1,2025-S1,Augmentation,57.4,57.4,21.0,21.5
z_58.5_16.5,2025,2,2025-S2,Augmentation,79.5,79.5,10.2,10.3
z_58.5_16.5,2026,1,2026-S1,Augmentation,78.1,78.1,11.0,10.9
z_58.5_16.5,2026,2,2026-S2,Augmentation,65.3,65.3,17.4,17.2
z_58.5_16.5,2027,1,2027-S1,Augmentation,70.0,70.0,16.1,13.9
z_58.5_16.5,2027,2,2027-S2,Augmentation,75.7,75.7,12.9,11.4
z_58.5_16.5,2028,1,2028-S1,Augmentation,73.4,73.4,12.3,14.2
z_58.5_16.5,2028,2,2028-S2,Augmentation,80.6,80.6,11.0,8.4
z_58.5_16.5,2029,1,2029-S1,Augmentation,80.2,80.2,11.1,8.7
z_58.5_16.5,2029,2,2029-S2,Augmentation,81.9,81.9,10.2,7.9
z_58.5_16.5,2030,1,2030-S1,Augmentation,81.7,81.7,9.8,8.5
z_58.5_16.5,2030,2,2030-S2,Augmentation,83.3,83.3,9.2,7.5
z_58.5_18.0,2023,1,2023-S1,Augmentation,52.7,52.7,22.2,25.2
z_58.5_18.0,2023,2,2023-S2,Augmentation,57.6,57.6,17.7,24.7
z_58.5_18.0,2024,1,2024-S1,Augmentation,74.3,74.3,11.3,14.4
z_58.5_18.0,2024,2,2024-S2,Augmentation,63.0,63.0,17.7,19.3
z_58.5_18.0,2025,1,2025-S1,Augmentation,60.4,60.4,17.3,22.3
z_58.5_18.0,2025,2,2025-S2,Augmentation,70.5,70.5,14.1,15.4
z_58.5_18.0,2026,1,2026-S1,Augmentation,60.6,60.6,17.2,22.1
z_58.5_18.0,2026,2,2026-S2,Augmentation,61.3,61.3,16.0,22.7
z_58.5_18.0,2027,1,2027-S1,Augmentation,73.3,73.3,12.3,14.4
z_58.5_18.0,2027,2,2027-S2,Augmentation,74.1,74.1,11.9,14.0
z_58.5_18.0,2028,1,2028-S1,Augmentation,76.5,76.5,10.8,12.7
z_58.5_18.0,2028,2,2028-S2,Augmentation,75.6,75.6,12.5,12.0
z_58.5_18.0,2029,1,2029-S1,Augmentation,76.1,76.1,11.1,12.9
z_58.5_18.0,2029,2,2029-S2,Augmentation,76.4,76.4,11.6,12.0
z_58.5_18.0,2030,1,2030-S1,Augmentation,77.2,77.2,11.2,11.7
z_58.5_18.0,2030,2,2030-S2,Augmentation,78.9,78.9,10.3,10.8
z_58.5_19.5,2023,1,2023-S1,Stable,50.6,22.9,26.5,50.6
z_58.5_19.5,2023,2,2023-S2,Stable,40.8,25.8,33.4,40.8
z_58.5_19.5,2024,1,2024-S1,Stable,54.1,19.3,26.6,54.1
z_58.5_19.5,2024,2,2024-S2,Stable,40.2,35.8,24.0,40.2
z_58.5_19.5,2025,1,2025-S1,Stable,44.0,39.8,16.1,44.0
z_58.5_19.5,2025,2,2025-S2,Augmentation,50.5,50.5,16.2,33.4
z_58.5_19.5,2026,1,2026-S1,Stable,40.6,36.5,23.0,40.6
z_58.5_19.5,2026,2,2026-S2,Stable,40.2,26.9,33.0,40.2
z_58.5_19.5,2027,1,2027-S1,Stable,54.2,22.4,23.4,54.2
z_58.5_19.5,2027,2,2027-S2,Stable,38.4,23.9,37.7,38.4
z_58.5_19.5,2028,1,2028-S1,Stable,54.3,21.5,24.2,54.3
z_58.5_19.5,2028,2,2028-S2,Stable,41.3,19.2,39.5,41.3
z_58.5_19.5,2029,1,2029-S1,Stable,54.4,21.5,24.0,54.4
z_58.5_19.5,2029,2,2029-S2,Stable,41.4,19.2,39.4,41.4
z_58.5_19.5,2030,1,2030-S1,Stable,54.4,21.5,24.0,54.4
z_58.5_19.5,2030,2,2030-S2,Stable,41.4,19.2,39.4,41.4
z_58.5_21.0,2023,1,2023-S1,Stable,42.2,27.1,30.7,42.2
z_58.5_21.0,2023,2,2023-S2,Stable,38.9,23.4,37.8,38.9
z_58.5_21.0,2024,1,2024-S1,Stable,42.6,22.3,35.2,42.6
z_58.5_21.0,2024,2,2024-S2,Stable,49.1,18.9,32.0,49.1
z_58.5_21.0,2025,1,2025-S1,Stable,47.8,29.0,23.2,47.8
z_58.5_21.0,2025,2,2025-S2,Stable,45.7,41.7,12.6,45.7
z_58.5_21.0,2026,1,2026-S1,Stable,48.9,30.6,20.5,48.9
z_58.5_21.0,2026,2,2026-S2,Stable,41.9,34.6,23.5,41.9
z_58.5_21.0,2027,1,2027-S1,Stable,54.1,21.7,24.2,54.1
z_58.5_21.0,2027,2,2027-S2,Stable,50.3,30.0,19.7,50.3
z_58.5_21.0,2028,1,2028-S1,Stable,49.5,27.2,23.2,49.5
z_58.5_21.0,2028,2,2028-S2,Stable,48.8,26.1,25.1,48.8
z_58.5_21.0,2029,1,2029-S1,Stable,51.9,22.0,26.1,51.9
z_58.5_21.0,2029,2,2029-S2,Stable,48.3,28.7,23.0,48.3
z_58.5_21.0,2030,1,2030-S1,Stable,51.9,22.0,26.1,51.9
z_58.5_21.0,2030,2,2030-S2,Stable,48.3,28.8,22.9,48.3
z_58.5_22.5,2023,1,2023-S1,Augmentation,36.8,36.8,26.9,36.2
z_58.5_22.5,2023,2,2023-S2,Stable,38.3,28.3,33.4,38.3
z_58.5_22.5,2024,1,2024-S1,Stable,39.2,23.4,37.4,39.2
z_58.5_22.5,2024,2,2024-S2,Stable,42.8,23.7,33.6,42.8
z_58.5_22.5,2025,1,2025-S1,Stable,37.7,28.6,33.7,37.7
z_58.5_22.5,2025,2,2025-S2,Stable,41.3,30.4,28.3,41.3
z_58.5_22.5,2026,1,2026-S1,Stable,39.2,28.6,32.2,39.2
z_58.5_22.5,2026,2,2026-S2,Stable,43.2,17.8,39.0,43.2
z_58.5_22.5,2027,1,2027-S1,Stable,39.0,29.0,32.0,39.0
z_58.5_22.5,2027,2,2027-S2,Stable,42.7,18.5,38.8,42.7
z_58.5_22.5,2028,1,2028-S1,Stable,38.9,28.6,32.5,38.9
z_58.5_22.5,2028,2,2028-S2,Stable,41.7,18.7,39.7,41.7
z_58.5_22.5,2029,1,2029-S1,Diminution,41.5,21.6,41.5,36.9
z_58.5_22.5,2029,2,2029-S2,Stable,41.6,18.7,39.7,41.6
z_58.5_22.5,2030,1,2030-S1,Diminution,41.5,21.6,41.5,36.9
z_58.5_22.5,2030,2,2030-S2,Stable,41.6,18.7,39.7,41.6
z_58.5_24.0,2023,1,2023-S1,Augmentation,56.7,56.7,19.1,24.3
z_58.5_24.0,2023,2,2023-S2,Augmentation,57.1,57.1,19.2,23.7
z_58.5_24.0,2024,1,2024-S1,Augmentation,54.8,54.8,20.3,24.8
z_58.5_24.0,2024,2,2024-S2,Augmentation,61.6,61.6,14.9,23.4
z_58.5_24.0,2025,1,2025-S1,Augmentation,51.4,51.4,21.4,27.2
z_58.5_24.0,2025,2,2025-S2,Augmentation,57.8,57.8,17.2,25.0
z_58.5_24.0,2026,1,2026-S1,Augmentation,48.1,48.1,23.9,28.0
z_58.5_24.0,2026,2,2026-S2,Augmentation,51.7,51.7,19.6,28.7
z_58.5_24.0,2027,1,2027-S1,Augmentation,42.8,42.8,23.7,33.5
z_58.5_24.0,2027,2,2027-S2,Augmentation,41.6,41.6,19.5,38.9
z_58.5_24.0,2028,1,2028-S1,Augmentation,43.5,43.5,21.6,34.9
z_58.5_24.0,2028,2,2028-S2,Augmentation,47.6,47.6,18.8,33.6
z_58.5_24.0,2029,1,2029-S1,Augmentation,44.3,44.3,21.9,33.8
z_58.5_24.0,2029,2,2029-S2,Augmentation,47.0,47.0,18.6,34.4
z_58.5_24.0,2030,1,2030-S1,Augmentation,45.2,45.2,22.4,32.4
z_58.5_24.0,2030,2,2030-S2,Augmentation,47.6,47.6,18.2,34.2
z_58.5_25.5,2023,1,2023-S1,Stable,44.8,25.0,30.2,44.8
z_58.5_25.5,2023,2,2023-S2,Stable,48.2,30.2,21.6,48.2
z_58.5_25.5,2024,1,2024-S1,Stable,44.5,20.9,34.5,44.5
z_58.5_25.5,2024,2,2024-S2,Stable,46.5,30.3,23.2,46.5
z_58.5_25.5,2025,1,2025-S1,Stable,48.9,20.2,30.9,48.9
z_58.5_25.5,2025,2,2025-S2,Stable,49.0,29.0,22.0,49.0
z_58.5_25.5,2026,1,2026-S1,Stable,46.8,18.2,35.0,46.8
z_58.5_25.5,2026,2,2026-S2,Stable,48.7,28.2,23.1,48.7
z_58.5_25.5,2027,1,2027-S1,Stable,48.1,21.1,30.8,48.1
z_58.5_25.5,2027,2,2027-S2,Stable,50.4,26.8,22.8,50.4
z_58.5_25.5,2028,1,2028-S1,Stable,46.8,19.2,34.0,46.8
z_58.5_25.5,2028,2,2028-S2,Stable,48.7,28.4,23.0,48.7
z_58.5_25.5,2029,1,2029-S1,Stable,47.6,20.9,31.5,47.6
z_58.5_25.5,2029,2,2029-S2,Stable,48.7,28.4,23.0,48.7
z_58.5_25.5,2030,1,2030-S1,Stable,47.6,21.0,31.4,47.6
z_58.5_25.5,2030,2,2030-S2,Stable,48.7,28.4,23.0,48.7
z_58.5_27.0,2023,1,2023-S1,Diminution,49.4,20.2,49.4,30.4
z_58.5_27.0,2023,2,2023-S2,Diminution,59.8,5.2,59.8,34.9
z_58.5_27.0,2024,1,2024-S1,Diminution,47.4,19.8,47.4,32.7
z_58.5_27.0,2024,2,2024-S2,Diminution,57.3,8.6,57.3,34.2
z_58.5_27.0,2025,1,2025-S1,Diminution,45.0,17.9,45.0,37.1
z_58.5_27.0,2025,2,2025-S2,Diminution,61.8,5.4,61.8,32.9
z_58.5_27.0,2026,1,2026-S1,Diminution,46.9,17.4,46.9,35.7
z_58.5_27.0,2026,2,2026-S2,Diminution,61.9,6.4,61.9,31.7
z_58.5_27.0,2027,1,2027-S1,Diminution,46.2,18.2,46.2,35.6
z_58.5_27.0,2027,2,2027-S2,Diminution,60.7,5.6,60.7,33.7
z_58.5_27.0,2028,1,2028-S1,Diminution,47.4,19.8,47.4,32.7
z_58.5_27.0,2028,2,2028-S2,Diminution,60.7,5.6,60.7,33.7
z_58.5_27.0,2029,1,2029-S1,Diminution,47.4,19.8,47.4,32.7
z_58.5_27.0,2029,2,2029-S2,Diminution,60.7,5.6,60.7,33.7
z_58.5_27.0,2030,1,2030-S1,Diminution,47.4,19.8,47.4,32.7
z_58.5_27.0,2030,2,2030-S2,Diminution,60.7,5.6,60.7,33.7
z_58.5_28.5,2023,1,2023-S1,Stable,43.5,24.7,31.8,43.5
z_58.5_28.5,2023,2,2023-S2,Stable,47.0,27.5,25.5,47.0
z_58.5_28.5,2024,1,2024-S1,Diminution,44.1,22.1,44.1,33.8
z_58.5_28.5,2024,2,2024-S2,Stable,42.8,15.0,42.2,42.8
z_58.5_28.5,2025,1,2025-S1,Diminution,52.0,16.8,52.0,31.3
z_58.5_28.5,2025,2,2025-S2,Diminution,44.9,13.5,44.9,41.6
z_58.5_28.5,2026,1,2026-S1,Diminution,54.7,13.2,54.7,32.1
z_58.5_28.5,2026,2,2026-S2,Stable,41.1,18.9,40.1,41.1
z_58.5_28.5,2027,1,2027-S1,Diminution,52.2,14.8,52.2,33.0
z_58.5_28.5,2027,2,2027-S2,Stable,44.0,16.4,39.6,44.0
z_58.5_28.5,2028,1,2028-S1,Diminution,50.7,18.0,50.7,31.3
z_58.5_28.5,2028,2,2028-S2,Stable,43.1,14.0,42.9,43.1
z_58.5_28.5,2029,1,2029-S1,Diminution,52.0,16.8,52.0,31.3
z_58.5_28.5,2029,2,2029-S2,Stable,43.1,14.0,42.9,43.1
z_58.5_28.5,2030,1,2030-S1,Diminution,52.0,16.8,52.0,31.3
z_58.5_28.5,2030,2,2030-S2,Stable,43.1,14.0,42.9,43.1
z_58.5_3.0,2023,1,2023-S1,Stable,48.1,13.4,38.5,48.1
z_58.5_3.0,2023,2,2023-S2,Diminution,47.0,15.3,47.0,37.6
z_58.5_3.0,2024,1,2024-S1,Stable,43.4,13.5,43.1,43.4
z_58.5_3.0,2024,2,2024-S2,Diminution,52.0,15.1,52.0,32.9
z_58.5_3.0,2025,1,2025-S1,Stable,49.3,25.6,25.1,49.3
z_58.5_3.0,2025,2,2025-S2,Diminution,38.9,26.0,38.9,35.1
z_58.5_3.0,2026,1,2026-S1,Stable,49.6,26.0,24.4,49.6
z_58.5_3.0,2026,2,2026-S2,Stable,48.6,18.2,33.2,48.6
z_58.5_3.0,2027,1,2027-S1,Stable,45.1,19.7,35.1,45.1
z_58.5_3.0,2027,2,2027-S2,Stable,44.2,22.5,33.2,44.2
z_58.5_3.0,2028,1,2028-S1,Stable,49.5,25.5,25.0,49.5
z_58.5_3.0,2028,2,2028-S2,Diminution,41.1,19.5,41.1,39.4
z_58.5_3.0,2029,1,2029-S1,Stable,49.4,23.7,26.9,49.4
z_58.5_3.0,2029,2,2029-S2,Stable,42.6,19.7,37.7,42.6
z_58.5_3.0,2030,1,2030-S1,Stable,46.9,20.6,32.4,46.9
z_58.5_3.0,2030,2,2030-S2,Stable,42.6,19.7,37.7,42.6
z_58.5_4.5,2023,1,2023-S1,Diminution,40.7,33.7,40.7,25.6
z_58.5_4.5,2023,2,2023-S2,Augmentation,53.0,53.0,30.4,16.6
z_58.5_4.5,2024,1,2024-S1,Augmentation,61.0,61.0,21.5,17.5
z_58.5_4.5,2024,2,2024-S2,Augmentation,73.4,73.4,15.3,11.3
z_58.5_4.5,2025,1,2025-S1,Augmentation,67.3,67.3,18.2,14.5
z_58.5_4.5,2025,2,2025-S2,Augmentation,53.3,53.3,31.5,15.2
z_58.5_4.5,2026,1,2026-S1,Diminution,52.8,35.5,52.8,11.7
z_58.5_4.5,2026,2,2026-S2,Augmentation,48.9,48.9,38.6,12.5
z_58.5_4.5,2027,1,2027-S1,Augmentation,47.8,47.8,29.9,22.3
z_58.5_4.5,2027,2,2027-S2,Augmentation,56.6,56.6,24.7,18.7
z_58.5_4.5,2028,1,2028-S1,Augmentation,56.4,56.4,24.4,19.2
z_58.5_4.5,2028,2,2028-S2,Augmentation,61.8,61.8,23.0,15.2
z_58.5_4.5,2029,1,2029-S1,Augmentation,55.0,55.0,26.0,19.0
z_58.5_4.5,2029,2,2029-S2,Augmentation,61.2,61.2,23.8,15.0
z_58.5_4.5,2030,1,2030-S1,Augmentation,54.1,54.1,26.8,19.2
z_58.5_4.5,2030,2,2030-S2,Augmentation,60.4,60.4,24.6,15.0
z_58.5_6.0,2023,1,2023-S1,Diminution,70.0,7.5,70.0,22.5
z_58.5_6.0,2023,2,2023-S2,Diminution,86.5,1.4,86.5,12.1
z_58.5_6.0,2024,1,2024-S1,Diminution,70.0,7.5,70.0,22.5
z_58.5_6.0,2024,2,2024-S2,Diminution,86.1,2.6,86.1,11.2
z_58.5_6.0,2025,1,2025-S1,Diminution,60.1,15.3,60.1,24.6
z_58.5_6.0,2025,2,2025-S2,Diminution,74.5,5.2,74.5,20.3
z_58.5_6.0,2026,1,2026-S1,Diminution,62.9,11.8,62.9,25.3
z_58.5_6.0,2026,2,2026-S2,Diminution,71.5,10.0,71.5,18.5
z_58.5_6.0,2027,1,2027-S1,Diminution,68.4,9.6,68.4,22.0
z_58.5_6.0,2027,2,2027-S2,Diminution,81.0,3.2,81.0,15.8
z_58.5_6.0,2028,1,2028-S1,Diminution,70.0,7.5,70.0,22.5
z_58.5_6.0,2028,2,2028-S2,Diminution,86.5,1.4,86.5,12.1
z_58.5_6.0,2029,1,2029-S1,Diminution,70.0,7.5,70.0,22.5
z_58.5_6.0,2029,2,2029-S2,Diminution,86.5,1.4,86.5,12.1
z_58.5_6.0,2030,1,2030-S1,Diminution,70.0,7.5,70.0,22.5
z_58.5_6.0,2030,2,2030-S2,Diminution,86.5,1.4,86.5,12.1
z_58.5_9.0,2023,1,2023-S1,Augmentation,49.4,49.4,15.5,35.2
z_58.5_9.0,2023,2,2023-S2,Augmentation,47.7,47.7,13.5,38.8
z_58.5_9.0,2024,1,2024-S1,Augmentation,46.0,46.0,15.0,39.0
z_58.5_9.0,2024,2,2024-S2,Augmentation,59.8,59.8,12.4,27.9
z_58.5_9.0,2025,1,2025-S1,Augmentation,43.0,43.0,17.4,39.6
z_58.5_9.0,2025,2,2025-S2,Stable,39.2,29.3,31.4,39.2
z_58.5_9.0,2026,1,2026-S1,Stable,39.1,27.9,33.0,39.1
z_58.5_9.0,2026,2,2026-S2,Stable,38.3,32.8,29.0,38.3
z_58.5_9.0,2027,1,2027-S1,Stable,39.9,38.3,21.8,39.9
z_58.5_9.0,2027,2,2027-S2,Stable,42.6,38.0,19.4,42.6
z_58.5_9.0,2028,1,2028-S1,Stable,46.2,34.6,19.2,46.2
z_58.5_9.0,2028,2,2028-S2,Augmentation,42.2,42.2,20.0,37.9
z_58.5_9.0,2029,1,2029-S1,Stable,43.7,38.2,18.0,43.7
z_58.5_9.0,2029,2,2029-S2,Augmentation,42.5,42.5,18.1,39.4
z_58.5_9.0,2030,1,2030-S1,Stable,43.7,38.2,18.0,43.7
z_58.5_9.0,2030,2,2030-S2,Augmentation,42.5,42.5,18.1,39.4
z_60.0_-1.5,2023,1,2023-S1,Diminution,45.7,30.2,45.7,24.2
z_60.0_-1.5,2023,2,2023-S2,Diminution,47.2,28.1,47.2,24.7
z_60.0_-1.5,2024,1,2024-S1,Diminution,51.0,26.3,51.0,22.7
z_60.0_-1.5,2024,2,2024-S2,Diminution,54.3,24.4,54.3,21.3
z_60.0_-1.5,2025,1,2025-S1,Diminution,48.6,31.0,48.6,20.4
z_60.0_-1.5,2025,2,2025-S2,Diminution,55.8,22.2,55.8,22.0
z_60.0_-1.5,2026,1,2026-S1,Diminution,49.7,28.2,49.7,22.1
z_60.0_-1.5,2026,2,2026-S2,Diminution,54.5,22.1,54.5,23.4
z_60.0_-1.5,2027,1,2027-S1,Diminution,50.4,29.4,50.4,20.2
z_60.0_-1.5,2027,2,2027-S2,Diminution,54.8,24.8,54.8,20.4
z_60.0_-1.5,2028,1,2028-S1,Diminution,51.0,26.3,51.0,22.7
z_60.0_-1.5,2028,2,2028-S2,Diminution,54.3,24.4,54.3,21.3
z_60.0_-1.5,2029,1,2029-S1,Diminution,51.0,26.3,51.0,22.7
z_60.0_-1.5,2029,2,2029-S2,Diminution,54.3,24.4,54.3,21.3
z_60.0_-1.5,2030,1,2030-S1,Diminution,51.0,26.3,51.0,22.7
z_60.0_-1.5,2030,2,2030-S2,Diminution,54.3,24.4,54.3,21.3
z_60.0_-31.5,2023,1,2023-S1,Diminution,74.6,2.8,74.6,22.7
z_60.0_-31.5,2023,2,2023-S2,Diminution,59.7,6.6,59.7,33.7
z_60.0_-31.5,2024,1,2024-S1,Diminution,48.9,7.9,48.9,43.2
z_60.0_-31.5,2024,2,2024-S2,Diminution,71.7,4.3,71.7,24.1
z_60.0_-31.5,2025,1,2025-S1,Diminution,69.3,4.7,69.3,26.0
z_60.0_-31.5,2025,2,2025-S2,Diminution,70.7,4.4,70.7,24.9
z_60.0_-31.5,2026,1,2026-S1,Diminution,69.1,2.9,69.1,28.0
z_60.0_-31.5,2026,2,2026-S2,Diminution,76.1,3.3,76.1,20.6
z_60.0_-31.5,2027,1,2027-S1,Diminution,74.6,2.8,74.6,22.7
z_60.0_-31.5,2027,2,2027-S2,Diminution,76.1,3.3,76.1,20.6
z_60.0_-31.5,2028,1,2028-S1,Diminution,74.6,2.8,74.6,22.7
z_60.0_-31.5,2028,2,2028-S2,Diminution,76.1,3.3,76.1,20.6
z_60.0_-31.5,2029,1,2029-S1,Diminution,74.6,2.8,74.6,22.7
z_60.0_-31.5,2029,2,2029-S2,Diminution,76.1,3.3,76.1,20.6
z_60.0_-31.5,2030,1,2030-S1,Diminution,74.6,2.8,74.6,22.7
z_60.0_-31.5,2030,2,2030-S2,Diminution,76.1,3.3,76.1,20.6
z_60.0_-4.5,2023,1,2023-S1,Stable,40.7,26.1,33.3,40.7
z_60.0_-4.5,2023,2,2023-S2,Diminution,64.9,15.6,64.9,19.5
z_60.0_-4.5,2024,1,2024-S1,Stable,39.5,30.2,30.3,39.5
z_60.0_-4.5,2024,2,2024-S2,Diminution,60.3,19.0,60.3,20.8
z_60.0_-4.5,2025,1,2025-S1,Stable,41.1,24.5,34.4,41.1
z_60.0_-4.5,2025,2,2025-S2,Diminution,53.5,19.0,53.5,27.5
z_60.0_-4.5,2026,1,2026-S1,Stable,44.7,27.3,28.0,44.7
z_60.0_-4.5,2026,2,2026-S2,Diminution,61.9,14.7,61.9,23.4
z_60.0_-4.5,2027,1,2027-S1,Stable,43.6,22.7,33.7,43.6
z_60.0_-4.5,2027,2,2027-S2,Diminution,61.4,17.2,61.4,21.4
z_60.0_-4.5,2028,1,2028-S1,Stable,37.7,26.3,36.0,37.7
z_60.0_-4.5,2028,2,2028-S2,Diminution,64.9,15.6,64.9,19.5
z_60.0_-4.5,2029,1,2029-S1,Stable,39.2,26.4,34.3,39.2
z_60.0_-4.5,2029,2,2029-S2,Diminution,64.9,15.6,64.9,19.5
z_60.0_-4.5,2030,1,2030-S1,Stable,39.2,26.4,34.3,39.2
z_60.0_-4.5,2030,2,2030-S2,Diminution,64.9,15.6,64.9,19.5
z_60.0_-6.0,2023,1,2023-S1,Diminution,61.2,4.8,61.2,34.0
z_60.0_-6.0,2023,2,2023-S2,Diminution,76.4,2.6,76.4,20.9
z_60.0_-6.0,2024,1,2024-S1,Diminution,61.2,4.8,61.2,34.0
z_60.0_-6.0,2024,2,2024-S2,Diminution,64.5,5.5,64.5,30.1
z_60.0_-6.0,2025,1,2025-S1,Diminution,51.3,8.1,51.3,40.7
z_60.0_-6.0,2025,2,2025-S2,Diminution,72.3,3.3,72.3,24.3
z_60.0_-6.0,2026,1,2026-S1,Diminution,57.2,7.1,57.2,35.7
z_60.0_-6.0,2026,2,2026-S2,Diminution,72.3,3.4,72.3,24.3
z_60.0_-6.0,2027,1,2027-S1,Diminution,61.8,4.0,61.8,34.2
z_60.0_-6.0,2027,2,2027-S2,Diminution,76.4,2.6,76.4,20.9
z_60.0_-6.0,2028,1,2028-S1,Diminution,61.2,4.8,61.2,34.0
z_60.0_-6.0,2028,2,2028-S2,Diminution,76.4,2.6,76.4,20.9
z_60.0_-6.0,2029,1,2029-S1,Diminution,61.2,4.8,61.2,34.0
z_60.0_-6.0,2029,2,2029-S2,Diminution,76.4,2.6,76.4,20.9
z_60.0_-6.0,2030,1,2030-S1,Diminution,61.2,4.8,61.2,34.0
z_60.0_-6.0,2030,2,2030-S2,Diminution,76.4,2.6,76.4,20.9
z_60.0_-7.5,2023,1,2023-S1,Diminution,58.5,4.5,58.5,37.0
z_60.0_-7.5,2023,2,2023-S2,Diminution,56.5,4.0,56.5,39.5
z_60.0_-7.5,2024,1,2024-S1,Diminution,58.4,4.7,58.4,36.8
z_60.0_-7.5,2024,2,2024-S2,Diminution,59.0,4.8,59.0,36.2
z_60.0_-7.5,2025,1,2025-S1,Diminution,58.4,4.7,58.4,36.8
z_60.0_-7.5,2025,2,2025-S2,Diminution,61.2,7.4,61.2,31.3
z_60.0_-7.5,2026,1,2026-S1,Diminution,52.6,8.1,52.6,39.3
z_60.0_-7.5,2026,2,2026-S2,Diminution,60.5,4.8,60.5,34.7
z_60.0_-7.5,2027,1,2027-S1,Diminution,56.4,7.2,56.4,36.4
z_60.0_-7.5,2027,2,2027-S2,Diminution,62.3,5.2,62.3,32.5
z_60.0_-7.5,2028,1,2028-S1,Diminution,57.0,3.8,57.0,39.2
z_60.0_-7.5,2028,2,2028-S2,Diminution,59.0,4.8,59.0,36.2
z_60.0_-7.5,2029,1,2029-S1,Diminution,58.4,4.7,58.4,36.8
z_60.0_-7.5,2029,2,2029-S2,Diminution,59.0,4.8,59.0,36.2
z_60.0_-7.5,2030,1,2030-S1,Diminution,58.4,4.7,58.4,36.8
z_60.0_-7.5,2030,2,2030-S2,Diminution,59.0,4.8,59.0,36.2
z_60.0_-9.0,2023,1,2023-S1,Diminution,56.0,6.1,56.0,37.9
z_60.0_-9.0,2023,2,2023-S2,Diminution,64.2,5.4,64.2,30.4
z_60.0_-9.0,2024,1,2024-S1,Diminution,49.8,8.5,49.8,41.7
z_60.0_-9.0,2024,2,2024-S2,Diminution,68.6,3.7,68.6,27.7
z_60.0_-9.0,2025,1,2025-S1,Diminution,53.7,8.9,53.7,37.4
z_60.0_-9.0,2025,2,2025-S2,Diminution,69.3,3.9,69.3,26.8
z_60.0_-9.0,2026,1,2026-S1,Diminution,57.5,5.1,57.5,37.4
z_60.0_-9.0,2026,2,2026-S2,Diminution,71.6,3.3,71.6,25.2
z_60.0_-9.0,2027,1,2027-S1,Diminution,56.0,6.1,56.0,37.9
z_60.0_-9.0,2027,2,2027-S2,Diminution,71.6,3.3,71.6,25.2
z_60.0_-9.0,2028,1,2028-S1,Diminution,56.0,6.1,56.0,37.9
z_60.0_-9.0,2028,2,2028-S2,Diminution,71.6,3.3,71.6,25.2
z_60.0_-9.0,2029,1,2029-S1,Diminution,56.0,6.1,56.0,37.9
z_60.0_-9.0,2029,2,2029-S2,Diminution,71.6,3.3,71.6,25.2
z_60.0_-9.0,2030,1,2030-S1,Diminution,56.0,6.1,56.0,37.9
z_60.0_-9.0,2030,2,2030-S2,Diminution,71.6,3.3,71.6,25.2
z_60.0_0.0,2023,1,2023-S1,Stable,44.0,30.7,25.3,44.0
z_60.0_0.0,2023,2,2023-S2,Stable,47.5,22.7,29.8,47.5
z_60.0_0.0,2024,1,2024-S1,Stable,44.6,30.4,25.1,44.6
z_60.0_0.0,2024,2,2024-S2,Stable,41.8,17.5,40.7,41.8
z_60.0_0.0,2025,1,2025-S1,Stable,42.6,20.0,37.3,42.6
z_60.0_0.0,2025,2,2025-S2,Stable,45.9,13.0,41.0,45.9
z_60.0_0.0,2026,1,2026-S1,Diminution,41.9,25.7,41.9,32.4
z_60.0_0.0,2026,2,2026-S2,Stable,42.3,16.9,40.8,42.3
z_60.0_0.0,2027,1,2027-S1,Diminution,42.0,26.9,42.0,31.0
z_60.0_0.0,2027,2,2027-S2,Diminution,41.3,19.4,41.3,39.4
z_60.0_0.0,2028,1,2028-S1,Diminution,40.6,23.3,40.6,36.1
z_60.0_0.0,2028,2,2028-S2,Diminution,42.6,19.5,42.6,38.0
z_60.0_0.0,2029,1,2029-S1,Diminution,40.6,23.3,40.6,36.1
z_60.0_0.0,2029,2,2029-S2,Diminution,42.6,19.5,42.6,38.0
z_60.0_0.0,2030,1,2030-S1,Diminution,40.6,23.3,40.6,36.1
z_60.0_0.0,2030,2,2030-S2,Diminution,42.6,19.5,42.6,38.0
z_60.0_1.5,2023,1,2023-S1,Stable,45.7,32.5,21.8,45.7
z_60.0_1.5,2023,2,2023-S2,Stable,43.2,18.0,38.8,43.2
z_60.0_1.5,2024,1,2024-S1,Stable,52.5,30.0,17.4,52.5
z_60.0_1.5,2024,2,2024-S2,Stable,38.8,23.5,37.6,38.8
z_60.0_1.5,2025,1,2025-S1,Stable,50.6,30.5,19.0,50.6
z_60.0_1.5,2025,2,2025-S2,Stable,44.7,23.4,31.9,44.7
z_60.0_1.5,2026,1,2026-S1,Stable,46.0,30.3,23.7,46.0
z_60.0_1.5,2026,2,2026-S2,Stable,45.0,24.1,30.9,45.0
z_60.0_1.5,2027,1,2027-S1,Stable,49.9,30.5,19.6,49.9
z_60.0_1.5,2027,2,2027-S2,Stable,39.8,26.1,34.1,39.8
z_60.0_1.5,2028,1,2028-S1,Stable,49.1,29.4,21.4,49.1
z_60.0_1.5,2028,2,2028-S2,Stable,44.2,22.8,33.0,44.2
z_60.0_1.5,2029,1,2029-S1,Stable,47.4,30.7,21.9,47.4
z_60.0_1.5,2029,2,2029-S2,Stable,42.9,23.3,33.8,42.9
z_60.0_1.5,2030,1,2030-S1,Stable,49.1,29.2,21.8,49.1
z_60.0_1.5,2030,2,2030-S2,Stable,42.9,23.3,33.8,42.9
z_60.0_16.5,2023,1,2023-S1,Stable,52.0,20.5,27.5,52.0
z_60.0_16.5,2023,2,2023-S2,Stable,48.4,18.5,33.1,48.4
z_60.0_16.5,2024,1,2024-S1,Stable,52.1,19.1,28.9,52.1
z_60.0_16.5,2024,2,2024-S2,Stable,41.8,30.1,28.1,41.8
z_60.0_16.5,2025,1,2025-S1,Stable,48.8,27.5,23.7,48.8
z_60.0_16.5,2025,2,2025-S2,Stable,42.3,22.0,35.6,42.3
z_60.0_16.5,2026,1,2026-S1,Stable,55.2,15.8,28.9,55.2
z_60.0_16.5,2026,2,2026-S2,Stable,45.3,19.0,35.7,45.3
z_60.0_16.5,2027,1,2027-S1,Stable,52.8,22.7,24.5,52.8
z_60.0_16.5,2027,2,2027-S2,Stable,43.3,19.0,37.8,43.3
z_60.0_16.5,2028,1,2028-S1,Stable,55.8,18.3,25.8,55.8
z_60.0_16.5,2028,2,2028-S2,Stable,43.4,16.1,40.6,43.4
z_60.0_16.5,2029,1,2029-S1,Stable,53.7,21.0,25.3,53.7
z_60.0_16.5,2029,2,2029-S2,Stable,43.1,18.3,38.6,43.1
z_60.0_16.5,2030,1,2030-S1,Stable,53.7,21.0,25.3,53.7
z_60.0_16.5,2030,2,2030-S2,Stable,43.1,18.3,38.6,43.1
z_60.0_18.0,2023,1,2023-S1,Stable,50.6,31.5,17.9,50.6
z_60.0_18.0,2023,2,2023-S2,Stable,53.0,26.3,20.7,53.0
z_60.0_18.0,2024,1,2024-S1,Stable,42.9,34.4,22.6,42.9
z_60.0_18.0,2024,2,2024-S2,Stable,51.0,28.0,21.0,51.0
z_60.0_18.0,2025,1,2025-S1,Stable,45.7,25.1,29.2,45.7
z_60.0_18.0,2025,2,2025-S2,Stable,50.8,21.0,28.2,50.8
z_60.0_18.0,2026,1,2026-S1,Stable,41.2,28.3,30.6,41.2
z_60.0_18.0,2026,2,2026-S2,Stable,43.8,25.3,30.9,43.8
z_60.0_18.0,2027,1,2027-S1,Stable,42.4,24.9,32.7,42.4
z_60.0_18.0,2027,2,2027-S2,Stable,41.1,24.4,34.5,41.1
z_60.0_18.0,2028,1,2028-S1,Stable,42.4,24.9,32.7,42.4
z_60.0_18.0,2028,2,2028-S2,Stable,41.1,24.4,34.5,41.1
z_60.0_18.0,2029,1,2029-S1,Stable,42.4,24.9,32.7,42.4
z_60.0_18.0,2029,2,2029-S2,Stable,41.1,24.4,34.5,41.1
z_60.0_18.0,2030,1,2030-S1,Stable,42.4,24.9,32.7,42.4
z_60.0_18.0,2030,2,2030-S2,Stable,41.1,24.4,34.5,41.1
z_60.0_19.5,2023,1,2023-S1,Stable,41.0,29.9,29.1,41.0
z_60.0_19.5,2023,2,2023-S2,Stable,54.9,20.6,24.6,54.9
z_60.0_19.5,2024,1,2024-S1,Stable,40.0,23.8,36.2,40.0
z_60.0_19.5,2024,2,2024-S2,Diminution,39.1,22.0,39.1,38.9
z_60.0_19.5,2025,1,2025-S1,Stable,39.6,22.5,37.9,39.6
z_60.0_19.5,2025,2,2025-S2,Diminution,43.5,15.1,43.5,41.4
z_60.0_19.5,2026,1,2026-S1,Stable,42.6,17.7,39.6,42.6
z_60.0_19.5,2026,2,2026-S2,Diminution,46.3,19.1,46.3,34.6
z_60.0_19.5,2027,1,2027-S1,Diminution,37.6,26.6,37.6,35.8
z_60.0_19.5,2027,2,2027-S2,Diminution,43.1,16.7,43.1,40.2
z_60.0_19.5,2028,1,2028-S1,Diminution,39.7,24.3,39.7,36.0
z_60.0_19.5,2028,2,2028-S2,Diminution,44.9,17.9,44.9,37.2
z_60.0_19.5,2029,1,2029-S1,Diminution,39.7,24.3,39.7,36.0
z_60.0_19.5,2029,2,2029-S2,Diminution,44.9,17.9,44.9,37.2
z_60.0_19.5,2030,1,2030-S1,Diminution,39.7,24.3,39.7,36.0
z_60.0_19.5,2030,2,2030-S2,Diminution,44.9,17.9,44.9,37.2
z_60.0_21.0,2023,1,2023-S1,Stable,47.8,23.4,28.8,47.8
z_60.0_21.0,2023,2,2023-S2,Augmentation,44.9,44.9,22.2,32.8
z_60.0_21.0,2024,1,2024-S1,Stable,43.9,38.9,17.2,43.9
z_60.0_21.0,2024,2,2024-S2,Augmentation,48.6,48.6,20.3,31.0
z_60.0_21.0,2025,1,2025-S1,Augmentation,66.3,66.3,11.1,22.6
z_60.0_21.0,2025,2,2025-S2,Augmentation,51.3,51.3,18.3,30.5
z_60.0_21.0,2026,1,2026-S1,Augmentation,39.1,39.1,31.6,29.3
z_60.0_21.0,2026,2,2026-S2,Augmentation,50.0,50.0,24.6,25.4
z_60.0_21.0,2027,1,2027-S1,Augmentation,49.3,49.3,19.1,31.5
z_60.0_21.0,2027,2,2027-S2,Augmentation,50.5,50.5,17.7,31.8
z_60.0_21.0,2028,1,2028-S1,Augmentation,55.4,55.4,18.1,26.5
z_60.0_21.0,2028,2,2028-S2,Augmentation,56.4,56.4,18.8,24.7
z_60.0_21.0,2029,1,2029-S1,Augmentation,59.0,59.0,15.8,25.2
z_60.0_21.0,2029,2,2029-S2,Augmentation,60.8,60.8,14.9,24.4
z_60.0_21.0,2030,1,2030-S1,Augmentation,60.2,60.2,15.1,24.6
z_60.0_21.0,2030,2,2030-S2,Augmentation,63.7,63.7,14.2,22.0
z_60.0_24.0,2023,1,2023-S1,Stable,34.5,33.0,32.5,34.5
z_60.0_24.0,2023,2,2023-S2,Stable,44.6,11.4,44.0,44.6
z_60.0_24.0,2024,1,2024-S1,Diminution,49.7,16.4,49.7,33.9
z_60.0_24.0,2024,2,2024-S2,Stable,44.1,17.5,38.4,44.1
z_60.0_24.0,2025,1,2025-S1,Diminution,37.9,24.9,37.9,37.2
z_60.0_24.0,2025,2,2025-S2,Stable,37.8,24.5,37.7,37.8
z_60.0_24.0,2026,1,2026-S1,Diminution,35.2,31.2,35.2,33.7
z_60.0_24.0,2026,2,2026-S2,Stable,46.1,25.9,28.0,46.1
z_60.0_24.0,2027,1,2027-S1,Stable,45.0,20.4,34.6,45.0
z_60.0_24.0,2027,2,2027-S2,Stable,44.8,25.2,30.0,44.8
z_60.0_24.0,2028,1,2028-S1,Stable,43.0,21.8,35.2,43.0
z_60.0_24.0,2028,2,2028-S2,Stable,46.2,25.6,28.2,46.2
z_60.0_24.0,2029,1,2029-S1,Stable,39.4,25.2,35.3,39.4
z_60.0_24.0,2029,2,2029-S2,Stable,50.3,22.9,26.9,50.3
z_60.0_24.0,2030,1,2030-S1,Stable,41.1,24.1,34.8,41.1
z_60.0_24.0,2030,2,2030-S2,Stable,48.2,23.2,28.6,48.2
z_60.0_25.5,2023,1,2023-S1,Stable,53.0,18.7,28.4,53.0
z_60.0_25.5,2023,2,2023-S2,Stable,55.2,22.5,22.3,55.2
z_60.0_25.5,2024,1,2024-S1,Stable,51.8,23.6,24.6,51.8
z_60.0_25.5,2024,2,2024-S2,Stable,48.5,28.7,22.8,48.5
z_60.0_25.5,2025,1,2025-S1,Stable,48.2,34.6,17.2,48.2
z_60.0_25.5,2025,2,2025-S2,Augmentation,44.3,44.3,15.1,40.6
z_60.0_25.5,2026,1,2026-S1,Augmentation,40.0,40.0,21.1,38.9
z_60.0_25.5,2026,2,2026-S2,Augmentation,44.3,44.3,19.9,35.8
z_60.0_25.5,2027,1,2027-S1,Stable,40.6,38.4,20.9,40.6
z_60.0_25.5,2027,2,2027-S2,Augmentation,41.2,41.2,21.1,37.7
z_60.0_25.5,2028,1,2028-S1,Stable,41.4,38.2,20.4,41.4
z_60.0_25.5,2028,2,2028-S2,Stable,39.8,39.7,20.5,39.8
z_60.0_25.5,2029,1,2029-S1,Stable,41.2,38.2,20.6,41.2
z_60.0_25.5,2029,2,2029-S2,Augmentation,39.7,39.7,20.6,39.6
z_60.0_25.5,2030,1,2030-S1,Stable,42.0,38.6,19.4,42.0
z_60.0_25.5,2030,2,2030-S2,Augmentation,42.8,42.8,17.5,39.7
z_60.0_27.0,2023,1,2023-S1,Diminution,39.0,26.6,39.0,34.4
z_60.0_27.0,2023,2,2023-S2,Diminution,50.7,23.9,50.7,25.4
z_60.0_27.0,2024,1,2024-S1,Stable,39.5,25.0,35.4,39.5
z_60.0_27.0,2024,2,2024-S2,Diminution,51.8,24.5,51.8,23.7
z_60.0_27.0,2025,1,2025-S1,Diminution,38.9,23.1,38.9,38.1
z_60.0_27.0,2025,2,2025-S2,Diminution,50.9,27.7,50.9,21.5
z_60.0_27.0,2026,1,2026-S1,Diminution,40.7,26.0,40.7,33.3
z_60.0_27.0,2026,2,2026-S2,Diminution,54.7,22.7,54.7,22.6
z_60.0_27.0,2027,1,2027-S1,Diminution,39.0,26.6,39.0,34.4
z_60.0_27.0,2027,2,2027-S2,Diminution,54.7,22.7,54.7,22.6
z_60.0_27.0,2028,1,2028-S1,Diminution,39.0,26.6,39.0,34.4
z_60.0_27.0,2028,2,2028-S2,Diminution,54.7,22.7,54.7,22.6
z_60.0_27.0,2029,1,2029-S1,Diminution,39.0,26.6,39.0,34.4
z_60.0_27.0,2029,2,2029-S2,Diminution,54.7,22.7,54.7,22.6
z_60.0_27.0,2030,1,2030-S1,Diminution,39.0,26.6,39.0,34.4
z_60.0_27.0,2030,2,2030-S2,Diminution,54.7,22.7,54.7,22.6
z_60.0_28.5,2023,1,2023-S1,Stable,40.8,18.6,40.6,40.8
z_60.0_28.5,2023,2,2023-S2,Stable,49.5,20.2,30.3,49.5
z_60.0_28.5,2024,1,2024-S1,Stable,48.1,14.8,37.0,48.1
z_60.0_28.5,2024,2,2024-S2,Stable,50.2,17.3,32.5,50.2
z_60.0_28.5,2025,1,2025-S1,Stable,40.8,18.6,40.6,40.8
z_60.0_28.5,2025,2,2025-S2,Stable,49.5,20.2,30.3,49.5
z_60.0_28.5,2026,1,2026-S1,Stable,48.1,14.8,37.0,48.1
z_60.0_28.5,2026,2,2026-S2,Stable,50.2,17.3,32.5,50.2
z_60.0_28.5,2027,1,2027-S1,Stable,43.7,17.2,39.1,43.7
z_60.0_28.5,2027,2,2027-S2,Stable,44.6,19.3,36.1,44.6
z_60.0_28.5,2028,1,2028-S1,Stable,47.1,14.4,38.5,47.1
z_60.0_28.5,2028,2,2028-S2,Stable,45.4,20.2,34.4,45.4
z_60.0_28.5,2029,1,2029-S1,Stable,47.1,14.4,38.5,47.1
z_60.0_28.5,2029,2,2029-S2,Stable,45.4,20.2,34.4,45.4
z_60.0_28.5,2030,1,2030-S1,Stable,47.1,14.4,38.5,47.1
z_60.0_28.5,2030,2,2030-S2,Stable,45.4,20.2,34.4,45.4
z_60.0_3.0,2023,1,2023-S1,Stable,43.1,19.4,37.5,43.1
z_60.0_3.0,2023,2,2023-S2,Diminution,48.6,15.6,48.6,35.7
z_60.0_3.0,2024,1,2024-S1,Stable,51.7,20.6,27.7,51.7
z_60.0_3.0,2024,2,2024-S2,Stable,41.0,19.5,39.5,41.0
z_60.0_3.0,2025,1,2025-S1,Stable,50.6,27.4,22.0,50.6
z_60.0_3.0,2025,2,2025-S2,Diminution,40.9,19.1,40.9,40.0
z_60.0_3.0,2026,1,2026-S1,Stable,48.7,31.8,19.5,48.7
z_60.0_3.0,2026,2,2026-S2,Diminution,42.4,17.4,42.4,40.2
z_60.0_3.0,2027,1,2027-S1,Stable,46.1,29.8,24.2,46.1
z_60.0_3.0,2027,2,2027-S2,Diminution,42.7,16.4,42.7,40.9
z_60.0_3.0,2028,1,2028-S1,Stable,47.7,28.5,23.7,47.7
z_60.0_3.0,2028,2,2028-S2,Diminution,44.2,18.2,44.2,37.7
z_60.0_3.0,2029,1,2029-S1,Stable,49.5,26.7,23.9,49.5
z_60.0_3.0,2029,2,2029-S2,Diminution,44.2,18.2,44.2,37.7
z_60.0_3.0,2030,1,2030-S1,Stable,49.5,26.7,23.9,49.5
z_60.0_3.0,2030,2,2030-S2,Diminution,44.2,18.2,44.2,37.7
z_60.0_4.5,2023,1,2023-S1,Augmentation,55.2,55.2,26.0,18.7
z_60.0_4.5,2023,2,2023-S2,Augmentation,55.3,55.3,26.1,18.6
z_60.0_4.5,2024,1,2024-S1,Augmentation,48.8,48.8,30.9,20.3
z_60.0_4.5,2024,2,2024-S2,Augmentation,61.6,61.6,23.3,15.1
z_60.0_4.5,2025,1,2025-S1,Augmentation,79.4,79.4,10.6,10.1
z_60.0_4.5,2025,2,2025-S2,Augmentation,76.8,76.8,11.8,11.5
z_60.0_4.5,2026,1,2026-S1,Augmentation,64.1,64.1,18.5,17.4
z_60.0_4.5,2026,2,2026-S2,Augmentation,63.2,63.2,20.1,16.7
z_60.0_4.5,2027,1,2027-S1,Augmentation,67.4,67.4,16.9,15.7
z_60.0_4.5,2027,2,2027-S2,Augmentation,72.5,72.5,14.7,12.8
z_60.0_4.5,2028,1,2028-S1,Augmentation,76.6,76.6,11.5,11.9
z_60.0_4.5,2028,2,2028-S2,Augmentation,76.3,76.3,13.4,10.3
z_60.0_4.5,2029,1,2029-S1,Augmentation,76.5,76.5,12.2,11.3
z_60.0_4.5,2029,2,2029-S2,Augmentation,78.6,78.6,12.1,9.3
z_60.0_4.5,2030,1,2030-S1,Augmentation,78.5,78.5,11.6,9.9
z_60.0_4.5,2030,2,2030-S2,Augmentation,80.8,80.8,10.6,8.6
z_60.0_6.0,2023,1,2023-S1,Diminution,42.9,14.7,42.9,42.4
z_60.0_6.0,2023,2,2023-S2,Stable,62.1,9.8,28.0,62.1
z_60.0_6.0,2024,1,2024-S1,Diminution,42.7,18.9,42.7,38.4
z_60.0_6.0,2024,2,2024-S2,Stable,55.2,21.3,23.5,55.2
z_60.0_6.0,2025,1,2025-S1,Stable,46.6,17.3,36.1,46.6
z_60.0_6.0,2025,2,2025-S2,Stable,48.7,11.7,39.6,48.7
z_60.0_6.0,2026,1,2026-S1,Diminution,50.3,17.9,50.3,31.8
z_60.0_6.0,2026,2,2026-S2,Stable,47.1,14.6,38.3,47.1
z_60.0_6.0,2027,1,2027-S1,Diminution,49.1,22.1,49.1,28.8
z_60.0_6.0,2027,2,2027-S2,Stable,51.2,11.9,36.9,51.2
z_60.0_6.0,2028,1,2028-S1,Diminution,49.0,17.6,49.0,33.4
z_60.0_6.0,2028,2,2028-S2,Stable,45.3,17.4,37.3,45.3
z_60.0_6.0,2029,1,2029-S1,Diminution,53.7,16.7,53.7,29.7
z_60.0_6.0,2029,2,2029-S2,Stable,43.1,14.6,42.3,43.1
z_60.0_6.0,2030,1,2030-S1,Diminution,53.7,16.7,53.7,29.7
z_60.0_6.0,2030,2,2030-S2,Stable,43.1,14.6,42.3,43.1
z_61.5_-1.5,2023,1,2023-S1,Diminution,66.6,5.0,66.6,28.4
z_61.5_-1.5,2023,2,2023-S2,Diminution,61.3,8.1,61.3,30.5
z_61.5_-1.5,2024,1,2024-S1,Stable,47.1,6.5,46.4,47.1
z_61.5_-1.5,2024,2,2024-S2,Diminution,65.8,3.0,65.8,31.1
z_61.5_-1.5,2025,1,2025-S1,Diminution,66.6,5.0,66.6,28.4
z_61.5_-1.5,2025,2,2025-S2,Diminution,68.5,3.8,68.5,27.6
z_61.5_-1.5,2026,1,2026-S1,Diminution,66.2,2.5,66.2,31.3
z_61.5_-1.5,2026,2,2026-S2,Diminution,73.2,2.8,73.2,24.0
z_61.5_-1.5,2027,1,2027-S1,Diminution,73.6,2.4,73.6,24.0
z_61.5_-1.5,2027,2,2027-S2,Diminution,73.2,2.8,73.2,24.0
z_61.5_-1.5,2028,1,2028-S1,Diminution,73.6,2.4,73.6,24.0
z_61.5_-1.5,2028,2,2028-S2,Diminution,73.2,2.8,73.2,24.0
z_61.5_-1.5,2029,1,2029-S1,Diminution,73.6,2.4,73.6,24.0
z_61.5_-1.5,2029,2,2029-S2,Diminution,73.2,2.8,73.2,24.0
z_61.5_-1.5,2030,1,2030-S1,Diminution,73.6,2.4,73.6,24.0
z_61.5_-1.5,2030,2,2030-S2,Diminution,73.2,2.8,73.2,24.0
z_61.5_-7.5,2023,1,2023-S1,Diminution,45.0,19.9,45.0,35.1
z_61.5_-7.5,2023,2,2023-S2,Stable,43.4,25.4,31.2,43.4
z_61.5_-7.5,2024,1,2024-S1,Stable,45.2,19.5,35.3,45.2
z_61.5_-7.5,2024,2,2024-S2,Stable,40.7,19.6,39.7,40.7
z_61.5_-7.5,2025,1,2025-S1,Stable,42.0,16.4,41.6,42.0
z_61.5_-7.5,2025,2,2025-S2,Diminution,37.7,25.8,37.7,36.5
z_61.5_-7.5,2026,1,2026-S1,Stable,46.7,16.9,36.3,46.7
z_61.5_-7.5,2026,2,2026-S2,Stable,44.5,21.1,34.5,44.5
z_61.5_-7.5,2027,1,2027-S1,Diminution,44.8,16.7,44.8,38.5
z_61.5_-7.5,2027,2,2027-S2,Stable,42.3,19.2,38.5,42.3
z_61.5_-7.5,2028,1,2028-S1,Diminution,45.0,19.9,45.0,35.1
z_61.5_-7.5,2028,2,2028-S2,Diminution,40.3,20.9,40.3,38.7
z_61.5_-7.5,2029,1,2029-S1,Diminution,44.9,17.1,44.9,38.0
z_61.5_-7.5,2029,2,2029-S2,Diminution,39.9,21.8,39.9,38.3
z_61.5_-7.5,2030,1,2030-S1,Diminution,44.9,17.1,44.9,38.0
z_61.5_-7.5,2030,2,2030-S2,Diminution,39.9,21.8,39.9,38.3
z_61.5_0.0,2023,1,2023-S1,Diminution,46.9,13.8,46.9,39.3
z_61.5_0.0,2023,2,2023-S2,Diminution,68.6,2.3,68.6,29.1
z_61.5_0.0,2024,1,2024-S1,Diminution,46.6,12.9,46.6,40.5
z_61.5_0.0,2024,2,2024-S2,Diminution,63.4,8.5,63.4,28.1
z_61.5_0.0,2025,1,2025-S1,Stable,51.1,20.6,28.3,51.1
z_61.5_0.0,2025,2,2025-S2,Diminution,50.2,11.0,50.2,38.8
z_61.5_0.0,2026,1,2026-S1,Stable,48.4,15.9,35.7,48.4
z_61.5_0.0,2026,2,2026-S2,Diminution,47.9,17.6,47.9,34.5
z_61.5_0.0,2027,1,2027-S1,Stable,54.5,19.6,25.9,54.5
z_61.5_0.0,2027,2,2027-S2,Diminution,41.5,22.5,41.5,36.0
z_61.5_0.0,2028,1,2028-S1,Stable,44.5,20.0,35.4,44.5
z_61.5_0.0,2028,2,2028-S2,Diminution,44.8,19.6,44.8,35.6
z_61.5_0.0,2029,1,2029-S1,Stable,45.2,16.7,38.1,45.2
z_61.5_0.0,2029,2,2029-S2,Diminution,43.5,20.4,43.5,36.1
z_61.5_0.0,2030,1,2030-S1,Stable,49.3,18.4,32.3,49.3
z_61.5_0.0,2030,2,2030-S2,Diminution,43.5,20.4,43.5,36.1
z_61.5_1.5,2023,1,2023-S1,Diminution,51.4,12.9,51.4,35.7
z_61.5_1.5,2023,2,2023-S2,Diminution,65.5,3.6,65.5,30.9
z_61.5_1.5,2024,1,2024-S1,Diminution,49.6,18.6,49.6,31.7
z_61.5_1.5,2024,2,2024-S2,Diminution,55.7,7.5,55.7,36.8
z_61.5_1.5,2025,1,2025-S1,Diminution,52.1,14.4,52.1,33.5
z_61.5_1.5,2025,2,2025-S2,Diminution,60.0,6.7,60.0,33.3
z_61.5_1.5,2026,1,2026-S1,Diminution,48.7,15.3,48.7,36.0
z_61.5_1.5,2026,2,2026-S2,Diminution,61.8,4.3,61.8,33.9
z_61.5_1.5,2027,1,2027-S1,Diminution,51.6,12.3,51.6,36.1
z_61.5_1.5,2027,2,2027-S2,Diminution,67.9,4.4,67.9,27.6
z_61.5_1.5,2028,1,2028-S1,Diminution,48.5,10.3,48.5,41.2
z_61.5_1.5,2028,2,2028-S2,Diminution,65.5,3.6,65.5,30.9
z_61.5_1.5,2029,1,2029-S1,Diminution,51.4,12.9,51.4,35.7
z_61.5_1.5,2029,2,2029-S2,Diminution,65.5,3.6,65.5,30.9
z_61.5_1.5,2030,1,2030-S1,Diminution,51.4,12.9,51.4,35.7
z_61.5_1.5,2030,2,2030-S2,Diminution,65.5,3.6,65.5,30.9
z_61.5_16.5,2023,1,2023-S1,Diminution,49.4,22.3,49.4,28.4
z_61.5_16.5,2023,2,2023-S2,Stable,42.5,20.4,37.1,42.5
z_61.5_16.5,2024,1,2024-S1,Diminution,63.7,11.4,63.7,24.9
z_61.5_16.5,2024,2,2024-S2,Stable,54.2,19.2,26.6,54.2
z_61.5_16.5,2025,1,2025-S1,Diminution,43.4,19.1,43.4,37.5
z_61.5_16.5,2025,2,2025-S2,Stable,45.2,25.4,29.3,45.2
z_61.5_16.5,2026,1,2026-S1,Diminution,50.0,12.7,50.0,37.3
z_61.5_16.5,2026,2,2026-S2,Stable,51.0,16.7,32.2,51.0
z_61.5_16.5,2027,1,2027-S1,Stable,40.9,23.6,35.5,40.9
z_61.5_16.5,2027,2,2027-S2,Stable,53.6,19.2,27.3,53.6
z_61.5_16.5,2028,1,2028-S1,Diminution,44.2,18.5,44.2,37.3
z_61.5_16.5,2028,2,2028-S2,Stable,54.7,11.6,33.7,54.7
z_61.5_16.5,2029,1,2029-S1,Diminution,50.1,17.3,50.1,32.7
z_61.5_16.5,2029,2,2029-S2,Stable,55.5,16.4,28.0,55.5
z_61.5_16.5,2030,1,2030-S1,Diminution,43.4,21.0,43.4,35.5
z_61.5_16.5,2030,2,2030-S2,Stable,55.5,16.4,28.1,55.5
z_61.5_18.0,2023,1,2023-S1,Stable,50.4,22.9,26.6,50.4
z_61.5_18.0,2023,2,2023-S2,Stable,41.5,21.0,37.5,41.5
z_61.5_18.0,2024,1,2024-S1,Stable,52.7,19.9,27.4,52.7
z_61.5_18.0,2024,2,2024-S2,Diminution,48.9,13.3,48.9,37.8
z_61.5_18.0,2025,1,2025-S1,Stable,52.7,19.9,27.4,52.7
z_61.5_18.0,2025,2,2025-S2,Diminution,45.4,17.9,45.4,36.7
z_61.5_18.0,2026,1,2026-S1,Stable,51.9,24.5,23.6,51.9
z_61.5_18.0,2026,2,2026-S2,Diminution,46.7,13.9,46.7,39.4
z_61.5_18.0,2027,1,2027-S1,Stable,52.8,20.5,26.7,52.8
z_61.5_18.0,2027,2,2027-S2,Diminution,49.2,11.8,49.2,39.0
z_61.5_18.0,2028,1,2028-S1,Stable,51.8,24.1,24.1,51.8
z_61.5_18.0,2028,2,2028-S2,Diminution,50.3,12.9,50.3,36.8
z_61.5_18.0,2029,1,2029-S1,Stable,52.8,21.6,25.6,52.8
z_61.5_18.0,2029,2,2029-S2,Diminution,49.7,13.5,49.7,36.8
z_61.5_18.0,2030,1,2030-S1,Stable,48.5,19.5,32.0,48.5
z_61.5_18.0,2030,2,2030-S2,Diminution,49.7,13.5,49.7,36.8
z_61.5_19.5,2023,1,2023-S1,Diminution,68.3,4.5,68.3,27.2
z_61.5_19.5,2023,2,2023-S2,Diminution,67.3,7.4,67.3,25.3
z_61.5_19.5,2024,1,2024-S1,Diminution,52.6,14.9,52.6,32.5
z_61.5_19.5,2024,2,2024-S2,Diminution,50.9,14.3,50.9,34.8
z_61.5_19.5,2025,1,2025-S1,Diminution,56.4,11.0,56.4,32.6
z_61.5_19.5,2025,2,2025-S2,Diminution,49.6,15.7,49.6,34.8
z_61.5_19.5,2026,1,2026-S1,Stable,42.2,17.2,40.6,42.2
z_61.5_19.5,2026,2,2026-S2,Diminution,45.5,16.5,45.5,38.1
z_61.5_19.5,2027,1,2027-S1,Diminution,49.4,15.1,49.4,35.5
z_61.5_19.5,2027,2,2027-S2,Diminution,44.5,19.3,44.5,36.2
z_61.5_19.5,2028,1,2028-S1,Diminution,46.2,18.5,46.2,35.3
z_61.5_19.5,2028,2,2028-S2,Diminution,47.4,16.2,47.4,36.4
z_61.5_19.5,2029,1,2029-S1,Diminution,44.4,19.6,44.4,36.1
z_61.5_19.5,2029,2,2029-S2,Diminution,44.8,19.6,44.8,35.6
z_61.5_19.5,2030,1,2030-S1,Diminution,44.4,19.6,44.4,36.1
z_61.5_19.5,2030,2,2030-S2,Diminution,44.8,19.6,44.8,35.6
z_61.5_21.0,2023,1,2023-S1,Stable,55.7,13.9,30.4,55.7
z_61.5_21.0,2023,2,2023-S2,Diminution,51.0,15.1,51.0,33.9
z_61.5_21.0,2024,1,2024-S1,Stable,48.8,28.3,22.9,48.8
z_61.5_21.0,2024,2,2024-S2,Diminution,76.5,8.4,76.5,15.1
z_61.5_21.0,2025,1,2025-S1,Stable,44.1,22.4,33.5,44.1
z_61.5_21.0,2025,2,2025-S2,Diminution,63.2,9.9,63.2,26.9
z_61.5_21.0,2026,1,2026-S1,Stable,43.5,13.9,42.7,43.5
z_61.5_21.0,2026,2,2026-S2,Diminution,65.2,10.4,65.2,24.5
z_61.5_21.0,2027,1,2027-S1,Stable,47.0,14.1,38.9,47.0
z_61.5_21.0,2027,2,2027-S2,Diminution,74.4,8.7,74.4,16.9
z_61.5_21.0,2028,1,2028-S1,Stable,42.4,16.7,40.9,42.4
z_61.5_21.0,2028,2,2028-S2,Diminution,82.2,2.9,82.2,14.9
z_61.5_21.0,2029,1,2029-S1,Diminution,42.3,16.2,42.3,41.5
z_61.5_21.0,2029,2,2029-S2,Diminution,82.2,2.9,82.2,14.9
z_61.5_21.0,2030,1,2030-S1,Diminution,42.3,16.2,42.3,41.5
z_61.5_21.0,2030,2,2030-S2,Diminution,82.2,2.9,82.2,14.9
z_61.5_3.0,2023,1,2023-S1,Diminution,53.9,13.1,53.9,33.0
z_61.5_3.0,2023,2,2023-S2,Diminution,62.9,5.8,62.9,31.2
z_61.5_3.0,2024,1,2024-S1,Diminution,46.5,25.4,46.5,28.1
z_61.5_3.0,2024,2,2024-S2,Diminution,43.3,17.9,43.3,38.8
z_61.5_3.0,2025,1,2025-S1,Diminution,48.0,16.3,48.0,35.7
z_61.5_3.0,2025,2,2025-S2,Diminution,46.7,15.6,46.7,37.7
z_61.5_3.0,2026,1,2026-S1,Stable,41.9,19.1,39.0,41.9
z_61.5_3.0,2026,2,2026-S2,Stable,40.6,24.1,35.3,40.6
z_61.5_3.0,2027,1,2027-S1,Stable,41.4,19.5,39.1,41.4
z_61.5_3.0,2027,2,2027-S2,Stable,40.4,23.9,35.6,40.4
z_61.5_3.0,2028,1,2028-S1,Stable,40.9,20.2,38.9,40.9
z_61.5_3.0,2028,2,2028-S2,Stable,40.5,23.8,35.7,40.5
z_61.5_3.0,2029,1,2029-S1,Stable,42.0,19.1,38.9,42.0
z_61.5_3.0,2029,2,2029-S2,Stable,41.0,22.9,36.1,41.0
z_61.5_3.0,2030,1,2030-S1,Stable,42.3,23.8,33.9,42.3
z_61.5_3.0,2030,2,2030-S2,Stable,41.0,22.9,36.1,41.0
z_61.5_4.5,2023,1,2023-S1,Augmentation,65.1,65.1,10.9,24.0
z_61.5_4.5,2023,2,2023-S2,Augmentation,72.6,72.6,10.2,17.2
z_61.5_4.5,2024,1,2024-S1,Augmentation,62.3,62.3,15.0,22.7
z_61.5_4.5,2024,2,2024-S2,Augmentation,64.5,64.5,16.0,19.5
z_61.5_4.5,2025,1,2025-S1,Augmentation,54.7,54.7,17.1,28.1
z_61.5_4.5,2025,2,2025-S2,Augmentation,58.1,58.1,18.2,23.7
z_61.5_4.5,2026,1,2026-S1,Augmentation,55.9,55.9,16.4,27.6
z_61.5_4.5,2026,2,2026-S2,Augmentation,61.8,61.8,15.7,22.5
z_61.5_4.5,2027,1,2027-S1,Augmentation,64.3,64.3,14.9,20.7
z_61.5_4.5,2027,2,2027-S2,Augmentation,59.6,59.6,17.1,23.3
z_61.5_4.5,2028,1,2028-S1,Augmentation,60.5,60.5,14.6,24.9
z_61.5_4.5,2028,2,2028-S2,Augmentation,62.9,62.9,15.7,21.4
z_61.5_4.5,2029,1,2029-S1,Augmentation,61.4,61.4,15.6,23.0
z_61.5_4.5,2029,2,2029-S2,Augmentation,61.9,61.9,17.2,20.9
z_61.5_4.5,2030,1,2030-S1,Augmentation,62.4,62.4,15.2,22.4
z_61.5_4.5,2030,2,2030-S2,Augmentation,63.4,63.4,17.1,19.5
z_61.5_6.0,2023,1,2023-S1,Augmentation,48.9,48.9,27.9,23.1
z_61.5_6.0,2023,2,2023-S2,Augmentation,63.0,63.0,19.7,17.3
z_61.5_6.0,2024,1,2024-S1,Augmentation,53.1,53.1,26.1,20.8
z_61.5_6.0,2024,2,2024-S2,Augmentation,51.7,51.7,28.8,19.6
z_61.5_6.0,2025,1,2025-S1,Augmentation,55.3,55.3,26.5,18.2
z_61.5_6.0,2025,2,2025-S2,Augmentation,60.4,60.4,18.2,21.5
z_61.5_6.0,2026,1,2026-S1,Augmentation,60.4,60.4,18.4,21.2
z_61.5_6.0,2026,2,2026-S2,Augmentation,66.5,66.5,16.4,17.1
z_61.5_6.0,2027,1,2027-S1,Augmentation,60.3,60.3,22.8,16.9
z_61.5_6.0,2027,2,2027-S2,Augmentation,70.4,70.4,15.5,14.1
z_61.5_6.0,2028,1,2028-S1,Augmentation,61.8,61.8,19.7,18.5
z_61.5_6.0,2028,2,2028-S2,Augmentation,68.0,68.0,16.3,15.7
z_61.5_6.0,2029,1,2029-S1,Augmentation,61.8,61.8,20.0,18.1
z_61.5_6.0,2029,2,2029-S2,Augmentation,69.3,69.3,15.7,15.0
z_61.5_6.0,2030,1,2030-S1,Augmentation,61.4,61.4,19.9,18.7
z_61.5_6.0,2030,2,2030-S2,Augmentation,69.1,69.1,14.7,16.1
z_63.0_-13.5,2023,1,2023-S1,Diminution,55.5,11.1,55.5,33.3
z_63.0_-13.5,2023,2,2023-S2,Diminution,69.7,10.7,69.7,19.6
z_63.0_-13.5,2024,1,2024-S1,Diminution,53.8,13.4,53.8,32.8
z_63.0_-13.5,2024,2,2024-S2,Diminution,64.6,17.1,64.6,18.4
z_63.0_-13.5,2025,1,2025-S1,Diminution,49.9,17.2,49.9,32.8
z_63.0_-13.5,2025,2,2025-S2,Diminution,67.9,12.7,67.9,19.4
z_63.0_-13.5,2026,1,2026-S1,Diminution,51.6,12.5,51.6,35.9
z_63.0_-13.5,2026,2,2026-S2,Diminution,68.6,11.5,68.6,20.0
z_63.0_-13.5,2027,1,2027-S1,Diminution,55.5,11.1,55.5,33.3
z_63.0_-13.5,2027,2,2027-S2,Diminution,69.7,10.7,69.7,19.6
z_63.0_-13.5,2028,1,2028-S1,Diminution,53.8,13.4,53.8,32.8
z_63.0_-13.5,2028,2,2028-S2,Diminution,69.7,10.7,69.7,19.6
z_63.0_-13.5,2029,1,2029-S1,Diminution,53.8,13.4,53.8,32.8
z_63.0_-13.5,2029,2,2029-S2,Diminution,69.7,10.7,69.7,19.6
z_63.0_-13.5,2030,1,2030-S1,Diminution,53.8,13.4,53.8,32.8
z_63.0_-13.5,2030,2,2030-S2,Diminution,69.7,10.7,69.7,19.6
z_63.0_-16.5,2023,1,2023-S1,Stable,42.5,19.5,38.0,42.5
z_63.0_-16.5,2023,2,2023-S2,Stable,45.4,29.1,25.5,45.4
z_63.0_-16.5,2024,1,2024-S1,Stable,49.5,26.5,24.0,49.5
z_63.0_-16.5,2024,2,2024-S2,Diminution,39.4,25.3,39.4,35.2
z_63.0_-16.5,2025,1,2025-S1,Diminution,45.2,18.1,45.2,36.7
z_63.0_-16.5,2025,2,2025-S2,Diminution,42.7,18.6,42.7,38.8
z_63.0_-16.5,2026,1,2026-S1,Diminution,49.7,20.1,49.7,30.2
z_63.0_-16.5,2026,2,2026-S2,Diminution,41.5,21.9,41.5,36.7
z_63.0_-16.5,2027,1,2027-S1,Diminution,46.2,17.7,46.2,36.1
z_63.0_-16.5,2027,2,2027-S2,Diminution,42.7,21.7,42.7,35.5
z_63.0_-16.5,2028,1,2028-S1,Diminution,46.2,17.7,46.2,36.1
z_63.0_-16.5,2028,2,2028-S2,Diminution,42.7,21.7,42.7,35.5
z_63.0_-16.5,2029,1,2029-S1,Diminution,46.2,17.7,46.2,36.1
z_63.0_-16.5,2029,2,2029-S2,Diminution,42.7,21.7,42.7,35.5
z_63.0_-16.5,2030,1,2030-S1,Diminution,46.2,17.7,46.2,36.1
z_63.0_-16.5,2030,2,2030-S2,Diminution,42.7,21.7,42.7,35.5
z_63.0_-21.0,2023,1,2023-S1,Stable,48.9,28.0,23.2,48.9
z_63.0_-21.0,2023,2,2023-S2,Stable,47.0,31.6,21.4,47.0
z_63.0_-21.0,2024,1,2024-S1,Stable,45.2,35.4,19.4,45.2
z_63.0_-21.0,2024,2,2024-S2,Stable,46.1,23.3,30.6,46.1
z_63.0_-21.0,2025,1,2025-S1,Stable,48.4,22.0,29.6,48.4
z_63.0_-21.0,2025,2,2025-S2,Stable,44.6,16.2,39.2,44.6
z_63.0_-21.0,2026,1,2026-S1,Stable,46.2,24.0,29.7,46.2
z_63.0_-21.0,2026,2,2026-S2,Diminution,46.9,25.6,46.9,27.5
z_63.0_-21.0,2027,1,2027-S1,Stable,34.5,32.0,33.5,34.5
z_63.0_-21.0,2027,2,2027-S2,Diminution,51.6,25.7,51.6,22.7
z_63.0_-21.0,2028,1,2028-S1,Stable,39.5,23.4,37.2,39.5
z_63.0_-21.0,2028,2,2028-S2,Diminution,52.0,24.9,52.0,23.1
z_63.0_-21.0,2029,1,2029-S1,Stable,39.4,23.4,37.2,39.4
z_63.0_-21.0,2029,2,2029-S2,Diminution,52.0,24.9,52.0,23.1
z_63.0_-21.0,2030,1,2030-S1,Stable,39.5,23.4,37.2,39.5
z_63.0_-21.0,2030,2,2030-S2,Diminution,52.0,24.9,52.0,23.1
z_63.0_-22.5,2023,1,2023-S1,Augmentation,46.6,46.6,27.9,25.5
z_63.0_-22.5,2023,2,2023-S2,Augmentation,42.2,42.2,20.6,37.2
z_63.0_-22.5,2024,1,2024-S1,Augmentation,57.2,57.2,23.9,18.9
z_63.0_-22.5,2024,2,2024-S2,Augmentation,49.5,49.5,16.1,34.3
z_63.0_-22.5,2025,1,2025-S1,Diminution,45.5,30.3,45.5,24.3
z_63.0_-22.5,2025,2,2025-S2,Augmentation,41.6,41.6,33.3,25.1
z_63.0_-22.5,2026,1,2026-S1,Diminution,50.1,14.5,50.1,35.5
z_63.0_-22.5,2026,2,2026-S2,Diminution,41.8,26.3,41.8,32.0
z_63.0_-22.5,2027,1,2027-S1,Diminution,41.5,26.0,41.5,32.5
z_63.0_-22.5,2027,2,2027-S2,Augmentation,37.2,37.2,28.4,34.3
z_63.0_-22.5,2028,1,2028-S1,Diminution,41.9,28.5,41.9,29.5
z_63.0_-22.5,2028,2,2028-S2,Stable,34.2,33.9,32.0,34.2
z_63.0_-22.5,2029,1,2029-S1,Diminution,40.3,30.5,40.3,29.2
z_63.0_-22.5,2029,2,2029-S2,Augmentation,37.7,37.7,26.8,35.4
z_63.0_-22.5,2030,1,2030-S1,Diminution,40.3,30.6,40.3,29.2
z_63.0_-22.5,2030,2,2030-S2,Augmentation,37.7,37.7,26.8,35.4
z_63.0_-24.0,2023,1,2023-S1,Stable,37.0,29.6,33.4,37.0
z_63.0_-24.0,2023,2,2023-S2,Augmentation,38.2,38.2,24.0,37.8
z_63.0_-24.0,2024,1,2024-S1,Stable,39.7,30.9,29.4,39.7
z_63.0_-24.0,2024,2,2024-S2,Stable,37.1,34.0,28.9,37.1
z_63.0_-24.0,2025,1,2025-S1,Stable,36.9,31.4,31.6,36.9
z_63.0_-24.0,2025,2,2025-S2,Diminution,43.9,22.9,43.9,33.2
z_63.0_-24.0,2026,1,2026-S1,Diminution,49.7,22.8,49.7,27.5
z_63.0_-24.0,2026,2,2026-S2,Diminution,42.3,19.7,42.3,38.0
z_63.0_-24.0,2027,1,2027-S1,Diminution,42.8,20.7,42.8,36.5
z_63.0_-24.0,2027,2,2027-S2,Diminution,41.6,21.3,41.6,37.1
z_63.0_-24.0,2028,1,2028-S1,Diminution,43.6,19.9,43.6,36.5
z_63.0_-24.0,2028,2,2028-S2,Stable,39.4,21.5,39.1,39.4
z_63.0_-24.0,2029,1,2029-S1,Diminution,43.1,20.4,43.1,36.5
z_63.0_-24.0,2029,2,2029-S2,Diminution,39.2,22.4,39.2,38.4
z_63.0_-24.0,2030,1,2030-S1,Diminution,43.2,20.4,43.2,36.4
z_63.0_-24.0,2030,2,2030-S2,Diminution,39.2,22.4,39.2,38.4
z_63.0_-36.0,2023,1,2023-S1,Diminution,69.8,3.2,69.8,27.0
z_63.0_-36.0,2023,2,2023-S2,Diminution,69.9,3.6,69.9,26.5
z_63.0_-36.0,2024,1,2024-S1,Diminution,69.8,3.2,69.8,27.0
z_63.0_-36.0,2024,2,2024-S2,Diminution,63.9,5.5,63.9,30.6
z_63.0_-36.0,2025,1,2025-S1,Diminution,47.9,6.0,47.9,46.1
z_63.0_-36.0,2025,2,2025-S2,Diminution,66.8,3.8,66.8,29.4
z_63.0_-36.0,2026,1,2026-S1,Diminution,63.6,5.8,63.6,30.6
z_63.0_-36.0,2026,2,2026-S2,Diminution,67.5,4.2,67.5,28.3
z_63.0_-36.0,2027,1,2027-S1,Diminution,63.0,2.9,63.0,34.1
z_63.0_-36.0,2027,2,2027-S2,Diminution,69.9,3.6,69.9,26.5
z_63.0_-36.0,2028,1,2028-S1,Diminution,69.8,3.2,69.8,27.0
z_63.0_-36.0,2028,2,2028-S2,Diminution,69.9,3.6,69.9,26.5
z_63.0_-36.0,2029,1,2029-S1,Diminution,69.8,3.2,69.8,27.0
z_63.0_-36.0,2029,2,2029-S2,Diminution,69.9,3.6,69.9,26.5
z_63.0_-36.0,2030,1,2030-S1,Diminution,69.8,3.2,69.8,27.0
z_63.0_-36.0,2030,2,2030-S2,Diminution,69.9,3.6,69.9,26.5
z_63.0_-7.5,2023,1,2023-S1,Diminution,87.6,1.4,87.6,11.0
z_63.0_-7.5,2023,2,2023-S2,Diminution,85.8,3.5,85.8,10.7
z_63.0_-7.5,2024,1,2024-S1,Diminution,78.8,1.6,78.8,19.5
z_63.0_-7.5,2024,2,2024-S2,Diminution,86.6,3.5,86.6,9.9
z_63.0_-7.5,2025,1,2025-S1,Diminution,74.7,5.2,74.7,20.2
z_63.0_-7.5,2025,2,2025-S2,Diminution,83.0,4.5,83.0,12.5
z_63.0_-7.5,2026,1,2026-S1,Diminution,83.0,2.2,83.0,14.8
z_63.0_-7.5,2026,2,2026-S2,Diminution,87.2,1.6,87.2,11.2
z_63.0_-7.5,2027,1,2027-S1,Diminution,87.6,1.4,87.6,11.0
z_63.0_-7.5,2027,2,2027-S2,Diminution,87.2,1.6,87.2,11.2
z_63.0_-7.5,2028,1,2028-S1,Diminution,87.6,1.4,87.6,11.0
z_63.0_-7.5,2028,2,2028-S2,Diminution,87.2,1.6,87.2,11.2
z_63.0_-7.5,2029,1,2029-S1,Diminution,87.6,1.4,87.6,11.0
z_63.0_-7.5,2029,2,2029-S2,Diminution,87.2,1.6,87.2,11.2
z_63.0_-7.5,2030,1,2030-S1,Diminution,87.6,1.4,87.6,11.0
z_63.0_-7.5,2030,2,2030-S2,Diminution,87.2,1.6,87.2,11.2
z_63.0_0.0,2023,1,2023-S1,Diminution,72.9,2.6,72.9,24.5
z_63.0_0.0,2023,2,2023-S2,Diminution,72.2,2.9,72.2,25.0
z_63.0_0.0,2024,1,2024-S1,Diminution,57.3,12.0,57.3,30.7
z_63.0_0.0,2024,2,2024-S2,Stable,53.4,12.7,33.8,53.4
z_63.0_0.0,2025,1,2025-S1,Diminution,66.3,3.1,66.3,30.7
z_63.0_0.0,2025,2,2025-S2,Diminution,56.2,9.2,56.2,34.6
z_63.0_0.0,2026,1,2026-S1,Diminution,69.6,2.9,69.6,27.5
z_63.0_0.0,2026,2,2026-S2,Diminution,60.7,3.3,60.7,36.0
z_63.0_0.0,2027,1,2027-S1,Diminution,72.9,2.6,72.9,24.5
z_63.0_0.0,2027,2,2027-S2,Diminution,72.2,2.9,72.2,25.0
z_63.0_0.0,2028,1,2028-S1,Diminution,72.9,2.6,72.9,24.5
z_63.0_0.0,2028,2,2028-S2,Diminution,72.2,2.9,72.2,25.0
z_63.0_0.0,2029,1,2029-S1,Diminution,72.9,2.6,72.9,24.5
z_63.0_0.0,2029,2,2029-S2,Diminution,72.2,2.9,72.2,25.0
z_63.0_0.0,2030,1,2030-S1,Diminution,72.9,2.6,72.9,24.5
z_63.0_0.0,2030,2,2030-S2,Diminution,72.2,2.9,72.2,25.0
z_63.0_18.0,2023,1,2023-S1,Stable,58.7,21.1,20.2,58.7
z_63.0_18.0,2023,2,2023-S2,Diminution,50.6,15.0,50.6,34.4
z_63.0_18.0,2024,1,2024-S1,Stable,48.3,23.8,27.9,48.3
z_63.0_18.0,2024,2,2024-S2,Diminution,42.5,17.4,42.5,40.1
z_63.0_18.0,2025,1,2025-S1,Stable,58.7,19.0,22.3,58.7
z_63.0_18.0,2025,2,2025-S2,Diminution,73.3,6.5,73.3,20.3
z_63.0_18.0,2026,1,2026-S1,Stable,56.3,21.3,22.4,56.3
z_63.0_18.0,2026,2,2026-S2,Diminution,58.7,8.0,58.7,33.3
z_63.0_18.0,2027,1,2027-S1,Stable,56.9,18.4,24.7,56.9
z_63.0_18.0,2027,2,2027-S2,Diminution,57.6,13.0,57.6,29.4
z_63.0_18.0,2028,1,2028-S1,Stable,48.2,18.0,33.8,48.2
z_63.0_18.0,2028,2,2028-S2,Diminution,53.1,14.8,53.1,32.1
z_63.0_18.0,2029,1,2029-S1,Stable,50.5,16.2,33.3,50.5
z_63.0_18.0,2029,2,2029-S2,Diminution,61.4,11.0,61.4,27.6
z_63.0_18.0,2030,1,2030-S1,Stable,50.5,16.4,33.2,50.5
z_63.0_18.0,2030,2,2030-S2,Diminution,61.4,11.0,61.4,27.6
z_63.0_19.5,2023,1,2023-S1,Stable,49.9,15.1,35.0,49.9
z_63.0_19.5,2023,2,2023-S2,Stable,47.3,18.7,34.1,47.3
z_63.0_19.5,2024,1,2024-S1,Stable,52.2,22.3,25.5,52.2
z_63.0_19.5,2024,2,2024-S2,Stable,54.7,21.7,23.7,54.7
z_63.0_19.5,2025,1,2025-S1,Stable,48.0,19.4,32.6,48.0
z_63.0_19.5,2025,2,2025-S2,Stable,54.9,21.7,23.4,54.9
z_63.0_19.5,2026,1,2026-S1,Stable,47.8,21.6,30.6,47.8
z_63.0_19.5,2026,2,2026-S2,Stable,53.6,28.7,17.8,53.6
z_63.0_19.5,2027,1,2027-S1,Stable,48.2,20.4,31.4,48.2
z_63.0_19.5,2027,2,2027-S2,Stable,52.3,23.6,24.1,52.3
z_63.0_19.5,2028,1,2028-S1,Stable,49.7,19.5,30.8,49.7
z_63.0_19.5,2028,2,2028-S2,Stable,52.2,24.3,23.5,52.2
z_63.0_19.5,2029,1,2029-S1,Stable,48.6,20.3,31.0,48.6
z_63.0_19.5,2029,2,2029-S2,Stable,53.4,22.8,23.7,53.4
z_63.0_19.5,2030,1,2030-S1,Stable,48.6,20.3,31.0,48.6
z_63.0_19.5,2030,2,2030-S2,Stable,53.4,22.8,23.7,53.4
z_63.0_21.0,2023,1,2023-S1,Diminution,49.6,17.5,49.6,33.0
z_63.0_21.0,2023,2,2023-S2,Diminution,70.9,6.9,70.9,22.2
z_63.0_21.0,2024,1,2024-S1,Diminution,46.2,21.3,46.2,32.4
z_63.0_21.0,2024,2,2024-S2,Diminution,52.3,14.9,52.3,32.9
z_63.0_21.0,2025,1,2025-S1,Stable,44.2,23.6,32.2,44.2
z_63.0_21.0,2025,2,2025-S2,Diminution,55.9,15.7,55.9,28.4
z_63.0_21.0,2026,1,2026-S1,Diminution,41.2,18.5,41.2,40.3
z_63.0_21.0,2026,2,2026-S2,Diminution,42.7,15.2,42.7,42.1
z_63.0_21.0,2027,1,2027-S1,Diminution,40.9,19.1,40.9,40.1
z_63.0_21.0,2027,2,2027-S2,Diminution,42.1,16.6,42.1,41.3
z_63.0_21.0,2028,1,2028-S1,Stable,40.3,19.7,40.0,40.3
z_63.0_21.0,2028,2,2028-S2,Diminution,42.1,16.1,42.1,41.7
z_63.0_21.0,2029,1,2029-S1,Stable,41.3,18.7,40.1,41.3
z_63.0_21.0,2029,2,2029-S2,Diminution,43.1,16.2,43.1,40.7
z_63.0_21.0,2030,1,2030-S1,Stable,42.9,23.1,33.9,42.9
z_63.0_21.0,2030,2,2030-S2,Diminution,43.1,16.2,43.1,40.7
z_63.0_22.5,2023,1,2023-S1,Stable,56.3,15.8,28.0,56.3
z_63.0_22.5,2023,2,2023-S2,Stable,54.5,18.7,26.8,54.5
z_63.0_22.5,2024,1,2024-S1,Stable,55.0,17.9,27.1,55.0
z_63.0_22.5,2024,2,2024-S2,Stable,53.6,23.8,22.6,53.6
z_63.0_22.5,2025,1,2025-S1,Stable,56.7,19.7,23.6,56.7
z_63.0_22.5,2025,2,2025-S2,Stable,57.1,20.0,22.9,57.1
z_63.0_22.5,2026,1,2026-S1,Stable,53.9,15.9,30.2,53.9
z_63.0_22.5,2026,2,2026-S2,Stable,53.6,23.8,22.6,53.6
z_63.0_22.5,2027,1,2027-S1,Stable,56.7,19.7,23.6,56.7
z_63.0_22.5,2027,2,2027-S2,Stable,56.1,20.4,23.4,56.1
z_63.0_22.5,2028,1,2028-S1,Stable,54.5,17.6,27.9,54.5
z_63.0_22.5,2028,2,2028-S2,Stable,54.2,23.0,22.7,54.2
z_63.0_22.5,2029,1,2029-S1,Stable,55.1,20.2,24.7,55.1
z_63.0_22.5,2029,2,2029-S2,Stable,54.3,23.0,22.6,54.3
z_63.0_22.5,2030,1,2030-S1,Stable,55.1,20.2,24.7,55.1
z_63.0_22.5,2030,2,2030-S2,Stable,54.2,23.0,22.7,54.2
z_63.0_3.0,2023,1,2023-S1,Diminution,76.4,2.0,76.4,21.6
z_63.0_3.0,2023,2,2023-S2,Diminution,74.5,4.6,74.5,21.0
z_63.0_3.0,2024,1,2024-S1,Diminution,59.8,4.6,59.8,35.6
z_63.0_3.0,2024,2,2024-S2,Diminution,67.0,2.7,67.0,30.3
z_63.0_3.0,2025,1,2025-S1,Diminution,68.2,4.8,68.2,26.9
z_63.0_3.0,2025,2,2025-S2,Diminution,69.3,3.9,69.3,26.7
z_63.0_3.0,2026,1,2026-S1,Diminution,65.5,1.8,65.5,32.7
z_63.0_3.0,2026,2,2026-S2,Diminution,75.1,2.3,75.1,22.6
z_63.0_3.0,2027,1,2027-S1,Diminution,76.4,2.0,76.4,21.6
z_63.0_3.0,2027,2,2027-S2,Diminution,75.1,2.3,75.1,22.6
z_63.0_3.0,2028,1,2028-S1,Diminution,76.4,2.0,76.4,21.6
z_63.0_3.0,2028,2,2028-S2,Diminution,75.1,2.3,75.1,22.6
z_63.0_3.0,2029,1,2029-S1,Diminution,76.4,2.0,76.4,21.6
z_63.0_3.0,2029,2,2029-S2,Diminution,75.1,2.3,75.1,22.6
z_63.0_3.0,2030,1,2030-S1,Diminution,76.4,2.0,76.4,21.6
z_63.0_3.0,2030,2,2030-S2,Diminution,75.1,2.3,75.1,22.6
z_63.0_4.5,2023,1,2023-S1,Diminution,60.4,4.7,60.4,34.9
z_63.0_4.5,2023,2,2023-S2,Diminution,52.4,19.4,52.4,28.2
z_63.0_4.5,2024,1,2024-S1,Diminution,54.6,13.7,54.6,31.7
z_63.0_4.5,2024,2,2024-S2,Diminution,51.4,15.1,51.4,33.5
z_63.0_4.5,2025,1,2025-S1,Stable,44.4,14.1,41.5,44.4
z_63.0_4.5,2025,2,2025-S2,Stable,43.0,22.2,34.8,43.0
z_63.0_4.5,2026,1,2026-S1,Stable,43.8,25.8,30.4,43.8
z_63.0_4.5,2026,2,2026-S2,Stable,41.2,27.0,31.8,41.2
z_63.0_4.5,2027,1,2027-S1,Stable,44.6,18.6,36.8,44.6
z_63.0_4.5,2027,2,2027-S2,Stable,41.4,24.4,34.3,41.4
z_63.0_4.5,2028,1,2028-S1,Stable,42.4,22.0,35.6,42.4
z_63.0_4.5,2028,2,2028-S2,Stable,40.7,25.6,33.8,40.7
z_63.0_4.5,2029,1,2029-S1,Stable,43.0,20.4,36.6,43.0
z_63.0_4.5,2029,2,2029-S2,Stable,40.7,25.6,33.8,40.7
z_63.0_4.5,2030,1,2030-S1,Stable,43.0,20.4,36.6,43.0
z_63.0_4.5,2030,2,2030-S2,Stable,40.7,25.6,33.8,40.7
z_63.0_6.0,2023,1,2023-S1,Diminution,57.2,9.1,57.2,33.8
z_63.0_6.0,2023,2,2023-S2,Diminution,57.3,8.9,57.3,33.9
z_63.0_6.0,2024,1,2024-S1,Diminution,57.2,9.1,57.2,33.8
z_63.0_6.0,2024,2,2024-S2,Diminution,57.3,8.9,57.3,33.9
z_63.0_6.0,2025,1,2025-S1,Diminution,54.6,15.9,54.6,29.5
z_63.0_6.0,2025,2,2025-S2,Diminution,50.2,14.1,50.2,35.7
z_63.0_6.0,2026,1,2026-S1,Diminution,57.4,9.8,57.4,32.8
z_63.0_6.0,2026,2,2026-S2,Diminution,56.9,9.2,56.9,33.9
z_63.0_6.0,2027,1,2027-S1,Diminution,61.7,9.3,61.7,29.0
z_63.0_6.0,2027,2,2027-S2,Diminution,57.3,7.6,57.3,35.1
z_63.0_6.0,2028,1,2028-S1,Diminution,57.2,9.1,57.2,33.8
z_63.0_6.0,2028,2,2028-S2,Diminution,57.3,8.9,57.3,33.9
z_63.0_6.0,2029,1,2029-S1,Diminution,57.2,9.1,57.2,33.8
z_63.0_6.0,2029,2,2029-S2,Diminution,57.3,8.9,57.3,33.9
z_63.0_6.0,2030,1,2030-S1,Diminution,57.2,9.1,57.2,33.8
z_63.0_6.0,2030,2,2030-S2,Diminution,57.3,8.9,57.3,33.9
z_63.0_7.5,2023,1,2023-S1,Augmentation,53.9,53.9,20.8,25.3
z_63.0_7.5,2023,2,2023-S2,Augmentation,58.4,58.4,26.5,15.1
z_63.0_7.5,2024,1,2024-S1,Augmentation,61.9,61.9,18.4,19.7
z_63.0_7.5,2024,2,2024-S2,Augmentation,52.4,52.4,26.6,21.1
z_63.0_7.5,2025,1,2025-S1,Augmentation,54.3,54.3,25.9,19.8
z_63.0_7.5,2025,2,2025-S2,Augmentation,59.5,59.5,23.2,17.3
z_63.0_7.5,2026,1,2026-S1,Augmentation,51.1,51.1,24.9,24.0
z_63.0_7.5,2026,2,2026-S2,Augmentation,64.3,64.3,20.1,15.6
z_63.0_7.5,2027,1,2027-S1,Augmentation,64.7,64.7,15.0,20.3
z_63.0_7.5,2027,2,2027-S2,Augmentation,65.8,65.8,17.9,16.3
z_63.0_7.5,2028,1,2028-S1,Augmentation,65.4,65.4,16.5,18.1
z_63.0_7.5,2028,2,2028-S2,Augmentation,69.1,69.1,15.9,15.0
z_63.0_7.5,2029,1,2029-S1,Augmentation,64.8,64.8,16.2,19.1
z_63.0_7.5,2029,2,2029-S2,Augmentation,67.7,67.7,16.6,15.7
z_63.0_7.5,2030,1,2030-S1,Augmentation,65.6,65.6,16.4,18.0
z_63.0_7.5,2030,2,2030-S2,Augmentation,67.0,67.0,17.7,15.3
z_63.0_9.0,2023,1,2023-S1,Augmentation,72.6,72.6,10.7,16.7
z_63.0_9.0,2023,2,2023-S2,Augmentation,60.3,60.3,12.9,26.8
z_63.0_9.0,2024,1,2024-S1,Augmentation,58.1,58.1,20.8,21.1
z_63.0_9.0,2024,2,2024-S2,Augmentation,57.5,57.5,24.0,18.5
z_63.0_9.0,2025,1,2025-S1,Augmentation,56.8,56.8,19.3,23.9
z_63.0_9.0,2025,2,2025-S2,Augmentation,57.2,57.2,22.2,20.7
z_63.0_9.0,2026,1,2026-S1,Augmentation,58.5,58.5,18.2,23.3
z_63.0_9.0,2026,2,2026-S2,Augmentation,58.7,58.7,20.4,20.9
z_63.0_9.0,2027,1,2027-S1,Augmentation,58.7,58.7,17.6,23.7
z_63.0_9.0,2027,2,2027-S2,Augmentation,58.7,58.7,20.6,20.7
z_63.0_9.0,2028,1,2028-S1,Augmentation,58.4,58.4,18.6,23.0
z_63.0_9.0,2028,2,2028-S2,Augmentation,59.9,59.9,20.1,20.0
z_63.0_9.0,2029,1,2029-S1,Augmentation,58.9,58.9,17.7,23.4
z_63.0_9.0,2029,2,2029-S2,Augmentation,61.6,61.6,20.7,17.7
z_63.0_9.0,2030,1,2030-S1,Augmentation,61.2,61.2,18.6,20.1
z_63.0_9.0,2030,2,2030-S2,Augmentation,66.0,66.0,18.5,15.6
z_64.5_-15.0,2023,1,2023-S1,Stable,48.4,31.8,19.8,48.4
z_64.5_-15.0,2023,2,2023-S2,Stable,53.2,19.7,27.1,53.2
z_64.5_-15.0,2024,1,2024-S1,Stable,41.3,37.6,21.1,41.3
z_64.5_-15.0,2024,2,2024-S2,Stable,59.8,18.9,21.3,59.8
z_64.5_-15.0,2025,1,2025-S1,Stable,49.8,32.8,17.4,49.8
z_64.5_-15.0,2025,2,2025-S2,Stable,61.2,19.7,19.1,61.2
z_64.5_-15.0,2026,1,2026-S1,Stable,47.3,16.6,36.0,47.3
z_64.5_-15.0,2026,2,2026-S2,Stable,45.0,24.5,30.5,45.0
z_64.5_-15.0,2027,1,2027-S1,Stable,36.1,29.8,34.2,36.1
z_64.5_-15.0,2027,2,2027-S2,Stable,42.0,25.1,32.9,42.0
z_64.5_-15.0,2028,1,2028-S1,Diminution,38.2,27.3,38.2,34.5
z_64.5_-15.0,2028,2,2028-S2,Stable,38.5,23.9,37.6,38.5
z_64.5_-15.0,2029,1,2029-S1,Diminution,38.2,27.3,38.2,34.5
z_64.5_-15.0,2029,2,2029-S2,Stable,38.5,23.9,37.6,38.5
z_64.5_-15.0,2030,1,2030-S1,Diminution,38.2,27.3,38.2,34.5
z_64.5_-15.0,2030,2,2030-S2,Stable,38.5,23.9,37.6,38.5
z_64.5_-22.5,2023,1,2023-S1,Diminution,47.2,13.4,47.2,39.3
z_64.5_-22.5,2023,2,2023-S2,Diminution,40.8,23.7,40.8,35.6
z_64.5_-22.5,2024,1,2024-S1,Diminution,44.6,17.3,44.6,38.1
z_64.5_-22.5,2024,2,2024-S2,Diminution,40.8,21.8,40.8,37.4
z_64.5_-22.5,2025,1,2025-S1,Diminution,44.7,14.4,44.7,40.9
z_64.5_-22.5,2025,2,2025-S2,Diminution,42.8,19.0,42.8,38.1
z_64.5_-22.5,2026,1,2026-S1,Diminution,46.5,10.1,46.5,43.4
z_64.5_-22.5,2026,2,2026-S2,Diminution,43.8,20.3,43.8,35.9
z_64.5_-22.5,2027,1,2027-S1,Diminution,47.2,13.4,47.2,39.3
z_64.5_-22.5,2027,2,2027-S2,Diminution,43.8,20.3,43.8,35.9
z_64.5_-22.5,2028,1,2028-S1,Diminution,47.2,13.4,47.2,39.3
z_64.5_-22.5,2028,2,2028-S2,Diminution,43.8,20.3,43.8,35.9
z_64.5_-22.5,2029,1,2029-S1,Diminution,47.2,13.4,47.2,39.3
z_64.5_-22.5,2029,2,2029-S2,Diminution,43.8,20.3,43.8,35.9
z_64.5_-22.5,2030,1,2030-S1,Diminution,47.2,13.4,47.2,39.3
z_64.5_-22.5,2030,2,2030-S2,Diminution,43.8,20.3,43.8,35.9
z_64.5_-24.0,2023,1,2023-S1,Augmentation,36.1,36.1,28.1,35.9
z_64.5_-24.0,2023,2,2023-S2,Augmentation,47.8,47.8,19.5,32.7
z_64.5_-24.0,2024,1,2024-S1,Augmentation,48.3,48.3,23.6,28.1
z_64.5_-24.0,2024,2,2024-S2,Stable,39.9,29.2,30.9,39.9
z_64.5_-24.0,2025,1,2025-S1,Diminution,38.8,29.6,38.8,31.6
z_64.5_-24.0,2025,2,2025-S2,Diminution,37.1,26.0,37.1,36.8
z_64.5_-24.0,2026,1,2026-S1,Diminution,39.3,30.2,39.3,30.5
z_64.5_-24.0,2026,2,2026-S2,Diminution,43.9,24.6,43.9,31.5
z_64.5_-24.0,2027,1,2027-S1,Diminution,41.1,26.6,41.1,32.3
z_64.5_-24.0,2027,2,2027-S2,Diminution,42.5,24.1,42.5,33.4
z_64.5_-24.0,2028,1,2028-S1,Diminution,41.1,26.6,41.1,32.3
z_64.5_-24.0,2028,2,2028-S2,Diminution,42.5,24.1,42.5,33.4
z_64.5_-24.0,2029,1,2029-S1,Diminution,41.1,26.6,41.1,32.3
z_64.5_-24.0,2029,2,2029-S2,Diminution,42.5,24.1,42.5,33.4
z_64.5_-24.0,2030,1,2030-S1,Diminution,41.1,26.6,41.1,32.3
z_64.5_-24.0,2030,2,2030-S2,Diminution,42.5,24.1,42.5,33.4
z_64.5_-25.5,2023,1,2023-S1,Stable,41.0,24.4,34.6,41.0
z_64.5_-25.5,2023,2,2023-S2,Stable,45.9,34.1,20.0,45.9
z_64.5_-25.5,2024,1,2024-S1,Stable,42.7,24.3,33.0,42.7
z_64.5_-25.5,2024,2,2024-S2,Stable,43.1,33.5,23.4,43.1
z_64.5_-25.5,2025,1,2025-S1,Stable,41.1,24.9,34.0,41.1
z_64.5_-25.5,2025,2,2025-S2,Stable,42.5,30.3,27.2,42.5
z_64.5_-25.5,2026,1,2026-S1,Diminution,40.6,27.5,40.6,31.9
z_64.5_-25.5,2026,2,2026-S2,Stable,37.7,32.9,29.4,37.7
z_64.5_-25.5,2027,1,2027-S1,Diminution,43.1,30.6,43.1,26.2
z_64.5_-25.5,2027,2,2027-S2,Stable,38.9,27.9,33.3,38.9
z_64.5_-25.5,2028,1,2028-S1,Diminution,44.1,27.5,44.1,28.3
z_64.5_-25.5,2028,2,2028-S2,Stable,38.9,27.9,33.3,38.9
z_64.5_-25.5,2029,1,2029-S1,Diminution,44.1,27.5,44.1,28.3
z_64.5_-25.5,2029,2,2029-S2,Stable,38.9,27.9,33.3,38.9
z_64.5_-25.5,2030,1,2030-S1,Diminution,44.1,27.5,44.1,28.3
z_64.5_-25.5,2030,2,2030-S2,Stable,38.9,27.9,33.3,38.9
z_64.5_-37.5,2023,1,2023-S1,Diminution,72.2,2.9,72.2,24.8
z_64.5_-37.5,2023,2,2023-S2,Diminution,73.3,3.5,73.3,23.2
z_64.5_-37.5,2024,1,2024-S1,Diminution,67.6,5.9,67.6,26.5
z_64.5_-37.5,2024,2,2024-S2,Diminution,52.1,8.6,52.1,39.3
z_64.5_-37.5,2025,1,2025-S1,Diminution,65.8,3.7,65.8,30.5
z_64.5_-37.5,2025,2,2025-S2,Diminution,68.1,6.2,68.1,25.8
z_64.5_-37.5,2026,1,2026-S1,Diminution,67.9,4.0,67.9,28.1
z_64.5_-37.5,2026,2,2026-S2,Diminution,66.2,3.6,66.2,30.2
z_64.5_-37.5,2027,1,2027-S1,Diminution,72.2,2.9,72.2,24.8
z_64.5_-37.5,2027,2,2027-S2,Diminution,73.3,3.5,73.3,23.2
z_64.5_-37.5,2028,1,2028-S1,Diminution,72.2,2.9,72.2,24.8
z_64.5_-37.5,2028,2,2028-S2,Diminution,73.3,3.5,73.3,23.2
z_64.5_-37.5,2029,1,2029-S1,Diminution,72.2,2.9,72.2,24.8
z_64.5_-37.5,2029,2,2029-S2,Diminution,73.3,3.5,73.3,23.2
z_64.5_-37.5,2030,1,2030-S1,Diminution,72.2,2.9,72.2,24.8
z_64.5_-37.5,2030,2,2030-S2,Diminution,73.3,3.5,73.3,23.2
z_64.5_10.5,2023,1,2023-S1,Diminution,42.2,23.6,42.2,34.2
z_64.5_10.5,2023,2,2023-S2,Stable,42.9,36.3,20.8,42.9
z_64.5_10.5,2024,1,2024-S1,Stable,40.5,39.2,20.3,40.5
z_64.5_10.5,2024,2,2024-S2,Augmentation,47.1,47.1,17.0,35.9
z_64.5_10.5,2025,1,2025-S1,Augmentation,62.3,62.3,13.4,24.4
z_64.5_10.5,2025,2,2025-S2,Augmentation,42.7,42.7,19.5,37.8
z_64.5_10.5,2026,1,2026-S1,Augmentation,46.6,46.6,20.7,32.7
z_64.5_10.5,2026,2,2026-S2,Augmentation,48.3,48.3,14.1,37.6
z_64.5_10.5,2027,1,2027-S1,Augmentation,55.1,55.1,16.0,29.0
z_64.5_10.5,2027,2,2027-S2,Augmentation,49.3,49.3,13.9,36.8
z_64.5_10.5,2028,1,2028-S1,Augmentation,52.3,52.3,15.2,32.5
z_64.5_10.5,2028,2,2028-S2,Augmentation,48.3,48.3,14.2,37.6
z_64.5_10.5,2029,1,2029-S1,Augmentation,54.4,54.4,15.5,30.1
z_64.5_10.5,2029,2,2029-S2,Augmentation,47.8,47.8,14.6,37.6
z_64.5_10.5,2030,1,2030-S1,Augmentation,54.1,54.1,15.6,30.3
z_64.5_10.5,2030,2,2030-S2,Augmentation,48.0,48.0,14.5,37.5
z_64.5_12.0,2023,1,2023-S1,Stable,43.8,26.1,30.2,43.8
z_64.5_12.0,2023,2,2023-S2,Stable,43.3,22.1,34.7,43.3
z_64.5_12.0,2024,1,2024-S1,Stable,46.0,29.6,24.4,46.0
z_64.5_12.0,2024,2,2024-S2,Stable,46.3,33.7,20.0,46.3
z_64.5_12.0,2025,1,2025-S1,Stable,49.0,34.6,16.4,49.0
z_64.5_12.0,2025,2,2025-S2,Augmentation,54.8,54.8,13.2,32.0
z_64.5_12.0,2026,1,2026-S1,Augmentation,47.9,47.9,14.1,38.0
z_64.5_12.0,2026,2,2026-S2,Augmentation,52.7,52.7,14.6,32.8
z_64.5_12.0,2027,1,2027-S1,Stable,42.0,40.9,17.2,42.0
z_64.5_12.0,2027,2,2027-S2,Augmentation,42.6,42.6,17.9,39.5
z_64.5_12.0,2028,1,2028-S1,Augmentation,45.1,45.1,14.3,40.6
z_64.5_12.0,2028,2,2028-S2,Augmentation,48.0,48.0,15.1,36.9
z_64.5_12.0,2029,1,2029-S1,Augmentation,45.0,45.0,13.9,41.0
z_64.5_12.0,2029,2,2029-S2,Augmentation,50.7,50.7,13.4,35.9
z_64.5_12.0,2030,1,2030-S1,Augmentation,47.7,47.7,13.6,38.7
z_64.5_12.0,2030,2,2030-S2,Augmentation,53.6,53.6,13.0,33.4
z_64.5_21.0,2023,1,2023-S1,Augmentation,43.3,43.3,16.3,40.4
z_64.5_21.0,2023,2,2023-S2,Stable,43.2,35.6,21.3,43.2
z_64.5_21.0,2024,1,2024-S1,Stable,45.1,33.3,21.5,45.1
z_64.5_21.0,2024,2,2024-S2,Stable,40.5,39.2,20.3,40.5
z_64.5_21.0,2025,1,2025-S1,Augmentation,52.1,52.1,12.2,35.7
z_64.5_21.0,2025,2,2025-S2,Augmentation,42.4,42.4,17.1,40.6
z_64.5_21.0,2026,1,2026-S1,Augmentation,51.3,51.3,18.0,30.7
z_64.5_21.0,2026,2,2026-S2,Augmentation,44.7,44.7,18.7,36.6
z_64.5_21.0,2027,1,2027-S1,Stable,43.5,41.2,15.3,43.5
z_64.5_21.0,2027,2,2027-S2,Augmentation,46.5,46.5,14.4,39.1
z_64.5_21.0,2028,1,2028-S1,Augmentation,45.4,45.4,13.5,41.1
z_64.5_21.0,2028,2,2028-S2,Stable,44.5,41.3,14.2,44.5
z_64.5_21.0,2029,1,2029-S1,Augmentation,45.0,45.0,14.1,40.9
z_64.5_21.0,2029,2,2029-S2,Stable,42.8,42.7,14.5,42.8
z_64.5_21.0,2030,1,2030-S1,Augmentation,44.5,44.5,14.2,41.3
z_64.5_21.0,2030,2,2030-S2,Augmentation,43.3,43.3,15.4,41.3
z_64.5_22.5,2023,1,2023-S1,Stable,39.3,34.0,26.7,39.3
z_64.5_22.5,2023,2,2023-S2,Stable,41.7,20.8,37.5,41.7
z_64.5_22.5,2024,1,2024-S1,Diminution,43.8,18.3,43.8,37.9
z_64.5_22.5,2024,2,2024-S2,Stable,41.7,18.4,39.9,41.7
z_64.5_22.5,2025,1,2025-S1,Diminution,44.0,17.3,44.0,38.7
z_64.5_22.5,2025,2,2025-S2,Diminution,58.1,9.5,58.1,32.4
z_64.5_22.5,2026,1,2026-S1,Diminution,59.3,14.4,59.3,26.3
z_64.5_22.5,2026,2,2026-S2,Diminution,54.5,10.7,54.5,34.8
z_64.5_22.5,2027,1,2027-S1,Diminution,58.0,18.2,58.0,23.8
z_64.5_22.5,2027,2,2027-S2,Diminution,54.5,10.7,54.5,34.8
z_64.5_22.5,2028,1,2028-S1,Diminution,58.0,18.2,58.0,23.8
z_64.5_22.5,2028,2,2028-S2,Diminution,54.5,10.7,54.5,34.8
z_64.5_22.5,2029,1,2029-S1,Diminution,58.0,18.2,58.0,23.8
z_64.5_22.5,2029,2,2029-S2,Diminution,54.5,10.7,54.5,34.8
z_64.5_22.5,2030,1,2030-S1,Diminution,58.0,18.2,58.0,23.8
z_64.5_22.5,2030,2,2030-S2,Diminution,54.5,10.7,54.5,34.8
z_64.5_24.0,2023,1,2023-S1,Augmentation,49.1,49.1,16.1,34.8
z_64.5_24.0,2023,2,2023-S2,Augmentation,42.9,42.9,19.1,38.1
z_64.5_24.0,2024,1,2024-S1,Diminution,38.8,24.4,38.8,36.8
z_64.5_24.0,2024,2,2024-S2,Augmentation,41.7,41.7,19.6,38.7
z_64.5_24.0,2025,1,2025-S1,Stable,42.0,38.0,20.0,42.0
z_64.5_24.0,2025,2,2025-S2,Augmentation,44.4,44.4,20.8,34.8
z_64.5_24.0,2026,1,2026-S1,Stable,38.2,33.0,28.8,38.2
z_64.5_24.0,2026,2,2026-S2,Stable,39.8,23.9,36.3,39.8
z_64.5_24.0,2027,1,2027-S1,Stable,36.6,27.6,35.8,36.6
z_64.5_24.0,2027,2,2027-S2,Stable,43.2,25.0,31.9,43.2
z_64.5_24.0,2028,1,2028-S1,Stable,37.7,25.9,36.3,37.7
z_64.5_24.0,2028,2,2028-S2,Stable,44.5,22.6,32.9,44.5
z_64.5_24.0,2029,1,2029-S1,Stable,39.9,24.2,35.9,39.9
z_64.5_24.0,2029,2,2029-S2,Stable,42.0,24.0,34.0,42.0
z_64.5_24.0,2030,1,2030-S1,Stable,40.0,24.2,35.8,40.0
z_64.5_24.0,2030,2,2030-S2,Stable,42.0,24.0,34.0,42.0
z_64.5_7.5,2023,1,2023-S1,Diminution,83.2,3.1,83.2,13.6
z_64.5_7.5,2023,2,2023-S2,Diminution,67.8,5.9,67.8,26.4
z_64.5_7.5,2024,1,2024-S1,Diminution,68.9,3.5,68.9,27.6
z_64.5_7.5,2024,2,2024-S2,Diminution,68.1,7.1,68.1,24.8
z_64.5_7.5,2025,1,2025-S1,Diminution,64.0,8.1,64.0,27.9
z_64.5_7.5,2025,2,2025-S2,Diminution,70.2,5.5,70.2,24.3
z_64.5_7.5,2026,1,2026-S1,Diminution,70.0,6.3,70.0,23.7
z_64.5_7.5,2026,2,2026-S2,Diminution,70.9,5.4,70.9,23.7
z_64.5_7.5,2027,1,2027-S1,Diminution,77.2,2.9,77.2,19.9
z_64.5_7.5,2027,2,2027-S2,Diminution,70.3,3.1,70.3,26.6
z_64.5_7.5,2028,1,2028-S1,Diminution,83.2,3.1,83.2,13.6
z_64.5_7.5,2028,2,2028-S2,Diminution,70.3,3.1,70.3,26.6
z_64.5_7.5,2029,1,2029-S1,Diminution,83.2,3.1,83.2,13.6
z_64.5_7.5,2029,2,2029-S2,Diminution,70.3,3.1,70.3,26.6
z_64.5_7.5,2030,1,2030-S1,Diminution,83.2,3.1,83.2,13.6
z_64.5_7.5,2030,2,2030-S2,Diminution,70.3,3.1,70.3,26.6
z_64.5_9.0,2023,1,2023-S1,Diminution,50.9,13.1,50.9,36.1
z_64.5_9.0,2023,2,2023-S2,Diminution,69.5,2.7,69.5,27.8
z_64.5_9.0,2024,1,2024-S1,Diminution,49.0,16.4,49.0,34.6
z_64.5_9.0,2024,2,2024-S2,Diminution,65.0,6.2,65.0,28.7
z_64.5_9.0,2025,1,2025-S1,Diminution,44.4,15.4,44.4,40.2
z_64.5_9.0,2025,2,2025-S2,Diminution,66.1,6.5,66.1,27.4
z_64.5_9.0,2026,1,2026-S1,Stable,48.0,17.8,34.2,48.0
z_64.5_9.0,2026,2,2026-S2,Diminution,50.0,11.5,50.0,38.5
z_64.5_9.0,2027,1,2027-S1,Stable,48.2,17.6,34.2,48.2
z_64.5_9.0,2027,2,2027-S2,Diminution,49.3,12.3,49.3,38.3
z_64.5_9.0,2028,1,2028-S1,Stable,48.9,16.6,34.5,48.9
z_64.5_9.0,2028,2,2028-S2,Diminution,49.0,12.2,49.0,38.7
z_64.5_9.0,2029,1,2029-S1,Stable,49.5,16.3,34.2,49.5
z_64.5_9.0,2029,2,2029-S2,Diminution,46.6,13.9,46.6,39.6
z_64.5_9.0,2030,1,2030-S1,Stable,53.8,17.8,28.5,53.8
z_64.5_9.0,2030,2,2030-S2,Diminution,45.7,13.6,45.7,40.7
z_66.0_-13.5,2023,1,2023-S1,Diminution,63.3,5.5,63.3,31.2
z_66.0_-13.5,2023,2,2023-S2,Diminution,79.3,2.7,79.3,17.9
z_66.0_-13.5,2024,1,2024-S1,Diminution,58.5,9.6,58.5,31.9
z_66.0_-13.5,2024,2,2024-S2,Diminution,55.5,8.0,55.5,36.5
z_66.0_-13.5,2025,1,2025-S1,Diminution,62.2,7.1,62.2,30.7
z_66.0_-13.5,2025,2,2025-S2,Diminution,71.6,5.0,71.6,23.4
z_66.0_-13.5,2026,1,2026-S1,Diminution,63.9,6.8,63.9,29.3
z_66.0_-13.5,2026,2,2026-S2,Diminution,71.7,2.9,71.7,25.4
z_66.0_-13.5,2027,1,2027-S1,Diminution,62.4,6.4,62.4,31.2
z_66.0_-13.5,2027,2,2027-S2,Diminution,79.3,2.7,79.3,17.9
z_66.0_-13.5,2028,1,2028-S1,Diminution,62.4,6.4,62.4,31.2
z_66.0_-13.5,2028,2,2028-S2,Diminution,79.3,2.7,79.3,17.9
z_66.0_-13.5,2029,1,2029-S1,Diminution,62.4,6.4,62.4,31.2
z_66.0_-13.5,2029,2,2029-S2,Diminution,79.3,2.7,79.3,17.9
z_66.0_-13.5,2030,1,2030-S1,Diminution,62.4,6.4,62.4,31.2
z_66.0_-13.5,2030,2,2030-S2,Diminution,79.3,2.7,79.3,17.9
z_66.0_-18.0,2023,1,2023-S1,Stable,39.2,24.5,36.3,39.2
z_66.0_-18.0,2023,2,2023-S2,Stable,48.9,16.3,34.8,48.9
z_66.0_-18.0,2024,1,2024-S1,Diminution,43.0,29.1,43.0,27.9
z_66.0_-18.0,2024,2,2024-S2,Stable,58.9,21.5,19.6,58.9
z_66.0_-18.0,2025,1,2025-S1,Stable,40.4,26.7,32.9,40.4
z_66.0_-18.0,2025,2,2025-S2,Stable,58.1,21.8,20.1,58.1
z_66.0_-18.0,2026,1,2026-S1,Diminution,48.9,19.4,48.9,31.7
z_66.0_-18.0,2026,2,2026-S2,Stable,41.7,24.7,33.6,41.7
z_66.0_-18.0,2027,1,2027-S1,Diminution,46.3,29.6,46.3,24.1
z_66.0_-18.0,2027,2,2027-S2,Stable,41.9,23.2,34.9,41.9
z_66.0_-18.0,2028,1,2028-S1,Diminution,48.2,24.1,48.2,27.7
z_66.0_-18.0,2028,2,2028-S2,Diminution,38.3,23.6,38.3,38.1
z_66.0_-18.0,2029,1,2029-S1,Diminution,48.2,24.1,48.2,27.7
z_66.0_-18.0,2029,2,2029-S2,Diminution,38.3,23.6,38.3,38.1
z_66.0_-18.0,2030,1,2030-S1,Diminution,48.2,24.1,48.2,27.7
z_66.0_-18.0,2030,2,2030-S2,Diminution,38.3,23.6,38.3,38.1
z_66.0_-21.0,2023,1,2023-S1,Diminution,51.1,10.7,51.1,38.2
z_66.0_-21.0,2023,2,2023-S2,Diminution,38.0,30.9,38.0,31.1
z_66.0_-21.0,2024,1,2024-S1,Diminution,67.2,8.9,67.2,23.8
z_66.0_-21.0,2024,2,2024-S2,Diminution,42.1,23.6,42.1,34.4
z_66.0_-21.0,2025,1,2025-S1,Diminution,63.9,17.5,63.9,18.6
z_66.0_-21.0,2025,2,2025-S2,Diminution,40.0,23.5,40.0,36.5
z_66.0_-21.0,2026,1,2026-S1,Diminution,64.5,13.0,64.5,22.6
z_66.0_-21.0,2026,2,2026-S2,Diminution,40.5,19.8,40.5,39.7
z_66.0_-21.0,2027,1,2027-S1,Diminution,64.4,12.5,64.4,23.1
z_66.0_-21.0,2027,2,2027-S2,Diminution,41.4,23.2,41.4,35.4
z_66.0_-21.0,2028,1,2028-S1,Diminution,66.1,11.3,66.1,22.6
z_66.0_-21.0,2028,2,2028-S2,Diminution,42.1,23.6,42.1,34.4
z_66.0_-21.0,2029,1,2029-S1,Diminution,66.1,11.3,66.1,22.6
z_66.0_-21.0,2029,2,2029-S2,Diminution,42.1,23.6,42.1,34.4
z_66.0_-21.0,2030,1,2030-S1,Diminution,66.1,11.3,66.1,22.6
z_66.0_-21.0,2030,2,2030-S2,Diminution,42.1,23.6,42.1,34.4
z_66.0_-24.0,2023,1,2023-S1,Stable,43.3,30.7,26.1,43.3
z_66.0_-24.0,2023,2,2023-S2,Stable,48.7,23.8,27.4,48.7
z_66.0_-24.0,2024,1,2024-S1,Stable,43.0,33.8,23.2,43.0
z_66.0_-24.0,2024,2,2024-S2,Stable,48.4,35.3,16.3,48.4
z_66.0_-24.0,2025,1,2025-S1,Stable,49.6,27.7,22.7,49.6
z_66.0_-24.0,2025,2,2025-S2,Stable,46.8,27.5,25.7,46.8
z_66.0_-24.0,2026,1,2026-S1,Stable,45.3,27.6,27.0,45.3
z_66.0_-24.0,2026,2,2026-S2,Stable,45.0,26.9,28.1,45.0
z_66.0_-24.0,2027,1,2027-S1,Stable,45.1,27.9,27.1,45.1
z_66.0_-24.0,2027,2,2027-S2,Stable,48.9,24.2,26.9,48.9
z_66.0_-24.0,2028,1,2028-S1,Stable,46.7,27.4,25.9,46.7
z_66.0_-24.0,2028,2,2028-S2,Stable,48.2,23.3,28.4,48.2
z_66.0_-24.0,2029,1,2029-S1,Stable,44.8,27.6,27.6,44.8
z_66.0_-24.0,2029,2,2029-S2,Stable,47.9,24.3,27.7,47.9
z_66.0_-24.0,2030,1,2030-S1,Stable,44.8,27.6,27.6,44.8
z_66.0_-24.0,2030,2,2030-S2,Stable,47.9,24.3,27.7,47.9
z_66.0_-3.0,2023,1,2023-S1,Diminution,79.3,2.0,79.3,18.6
z_66.0_-3.0,2023,2,2023-S2,Diminution,78.8,2.3,78.8,18.8
z_66.0_-3.0,2024,1,2024-S1,Diminution,75.3,4.3,75.3,20.4
z_66.0_-3.0,2024,2,2024-S2,Diminution,59.5,5.3,59.5,35.3
z_66.0_-3.0,2025,1,2025-S1,Diminution,73.1,3.2,73.1,23.7
z_66.0_-3.0,2025,2,2025-S2,Diminution,69.1,6.2,69.1,24.7
z_66.0_-3.0,2026,1,2026-S1,Diminution,73.5,3.6,73.5,22.9
z_66.0_-3.0,2026,2,2026-S2,Diminution,65.7,2.1,65.7,32.1
z_66.0_-3.0,2027,1,2027-S1,Diminution,79.3,2.0,79.3,18.6
z_66.0_-3.0,2027,2,2027-S2,Diminution,78.8,2.3,78.8,18.8
z_66.0_-3.0,2028,1,2028-S1,Diminution,79.3,2.0,79.3,18.6
z_66.0_-3.0,2028,2,2028-S2,Diminution,78.8,2.3,78.8,18.8
z_66.0_-3.0,2029,1,2029-S1,Diminution,79.3,2.0,79.3,18.6
z_66.0_-3.0,2029,2,2029-S2,Diminution,78.8,2.3,78.8,18.8
z_66.0_-3.0,2030,1,2030-S1,Diminution,79.3,2.0,79.3,18.6
z_66.0_-3.0,2030,2,2030-S2,Diminution,78.8,2.3,78.8,18.8
z_66.0_10.5,2023,1,2023-S1,Stable,46.9,11.3,41.7,46.9
z_66.0_10.5,2023,2,2023-S2,Diminution,72.7,4.0,72.7,23.3
z_66.0_10.5,2024,1,2024-S1,Diminution,47.6,13.9,47.6,38.6
z_66.0_10.5,2024,2,2024-S2,Diminution,70.8,6.6,70.8,22.7
z_66.0_10.5,2025,1,2025-S1,Diminution,46.9,12.0,46.9,41.1
z_66.0_10.5,2025,2,2025-S2,Diminution,62.1,10.8,62.1,27.1
z_66.0_10.5,2026,1,2026-S1,Stable,51.5,16.7,31.9,51.5
z_66.0_10.5,2026,2,2026-S2,Diminution,70.2,3.9,70.2,25.9
z_66.0_10.5,2027,1,2027-S1,Diminution,43.9,13.1,43.9,43.0
z_66.0_10.5,2027,2,2027-S2,Diminution,70.1,6.3,70.1,23.6
z_66.0_10.5,2028,1,2028-S1,Stable,45.9,12.9,41.2,45.9
z_66.0_10.5,2028,2,2028-S2,Diminution,77.6,3.6,77.6,18.9
z_66.0_10.5,2029,1,2029-S1,Diminution,46.6,15.5,46.6,37.9
z_66.0_10.5,2029,2,2029-S2,Diminution,77.6,3.6,77.6,18.9
z_66.0_10.5,2030,1,2030-S1,Diminution,46.6,15.5,46.6,37.9
z_66.0_10.5,2030,2,2030-S2,Diminution,77.6,3.6,77.6,18.9
z_66.0_12.0,2023,1,2023-S1,Augmentation,48.2,48.2,27.7,24.0
z_66.0_12.0,2023,2,2023-S2,Augmentation,61.6,61.6,17.5,20.9
z_66.0_12.0,2024,1,2024-S1,Augmentation,35.0,35.0,32.6,32.3
z_66.0_12.0,2024,2,2024-S2,Augmentation,50.1,50.1,23.1,26.8
z_66.0_12.0,2025,1,2025-S1,Augmentation,64.5,64.5,15.2,20.3
z_66.0_12.0,2025,2,2025-S2,Augmentation,61.3,61.3,16.7,22.0
z_66.0_12.0,2026,1,2026-S1,Augmentation,45.8,45.8,31.3,23.0
z_66.0_12.0,2026,2,2026-S2,Augmentation,56.7,56.7,26.8,16.5
z_66.0_12.0,2027,1,2027-S1,Augmentation,59.3,59.3,19.7,21.0
z_66.0_12.0,2027,2,2027-S2,Augmentation,64.5,64.5,14.9,20.6
z_66.0_12.0,2028,1,2028-S1,Augmentation,63.7,63.7,17.1,19.2
z_66.0_12.0,2028,2,2028-S2,Augmentation,69.3,69.3,15.1,15.6
z_66.0_12.0,2029,1,2029-S1,Augmentation,64.2,64.2,17.8,18.1
z_66.0_12.0,2029,2,2029-S2,Augmentation,70.7,70.7,14.5,14.7
z_66.0_12.0,2030,1,2030-S1,Augmentation,63.4,63.4,18.7,17.9
z_66.0_12.0,2030,2,2030-S2,Augmentation,69.7,69.7,14.9,15.4
z_66.0_13.5,2023,1,2023-S1,Augmentation,43.6,43.6,24.3,32.1
z_66.0_13.5,2023,2,2023-S2,Augmentation,52.5,52.5,17.1,30.4
z_66.0_13.5,2024,1,2024-S1,Augmentation,50.8,50.8,20.2,29.0
z_66.0_13.5,2024,2,2024-S2,Augmentation,60.2,60.2,15.3,24.5
z_66.0_13.5,2025,1,2025-S1,Augmentation,51.6,51.6,22.3,26.1
z_66.0_13.5,2025,2,2025-S2,Augmentation,53.0,53.0,20.5,26.6
z_66.0_13.5,2026,1,2026-S1,Augmentation,35.7,35.7,31.3,33.0
z_66.0_13.5,2026,2,2026-S2,Augmentation,44.9,44.9,24.1,31.0
z_66.0_13.5,2027,1,2027-S1,Augmentation,46.4,46.4,24.6,29.0
z_66.0_13.5,2027,2,2027-S2,Augmentation,52.3,52.3,19.8,27.9
z_66.0_13.5,2028,1,2028-S1,Augmentation,45.6,45.6,23.0,31.5
z_66.0_13.5,2028,2,2028-S2,Augmentation,52.1,52.1,19.7,28.2
z_66.0_13.5,2029,1,2029-S1,Augmentation,46.2,46.2,22.8,31.0
z_66.0_13.5,2029,2,2029-S2,Augmentation,54.3,54.3,18.8,26.9
z_66.0_13.5,2030,1,2030-S1,Augmentation,52.8,52.8,20.0,27.3
z_66.0_13.5,2030,2,2030-S2,Augmentation,61.2,61.2,16.4,22.4
z_66.0_15.0,2023,1,2023-S1,Diminution,47.3,13.9,47.3,38.8
z_66.0_15.0,2023,2,2023-S2,Diminution,59.6,4.8,59.6,35.6
z_66.0_15.0,2024,1,2024-S1,Diminution,50.5,12.2,50.5,37.3
z_66.0_15.0,2024,2,2024-S2,Diminution,57.1,7.1,57.1,35.8
z_66.0_15.0,2025,1,2025-S1,Diminution,42.5,21.6,42.5,35.9
z_66.0_15.0,2025,2,2025-S2,Diminution,60.4,5.9,60.4,33.7
z_66.0_15.0,2026,1,2026-S1,Diminution,47.3,13.9,47.3,38.8
z_66.0_15.0,2026,2,2026-S2,Diminution,59.6,4.8,59.6,35.6
z_66.0_15.0,2027,1,2027-S1,Diminution,50.5,12.2,50.5,37.3
z_66.0_15.0,2027,2,2027-S2,Diminution,65.2,4.2,65.2,30.7
z_66.0_15.0,2028,1,2028-S1,Diminution,48.3,15.3,48.3,36.4
z_66.0_15.0,2028,2,2028-S2,Diminution,65.2,4.2,65.2,30.7
z_66.0_15.0,2029,1,2029-S1,Diminution,48.3,15.3,48.3,36.4
z_66.0_15.0,2029,2,2029-S2,Diminution,65.2,4.2,65.2,30.7
z_66.0_15.0,2030,1,2030-S1,Diminution,48.3,15.3,48.3,36.4
z_66.0_15.0,2030,2,2030-S2,Diminution,65.2,4.2,65.2,30.7
z_66.0_6.0,2023,1,2023-S1,Diminution,78.0,6.2,78.0,15.8
z_66.0_6.0,2023,2,2023-S2,Diminution,84.7,0.8,84.7,14.5
z_66.0_6.0,2024,1,2024-S1,Diminution,81.4,2.3,81.4,16.3
z_66.0_6.0,2024,2,2024-S2,Diminution,88.6,1.3,88.6,10.1
z_66.0_6.0,2025,1,2025-S1,Diminution,78.0,2.8,78.0,19.2
z_66.0_6.0,2025,2,2025-S2,Diminution,84.1,4.0,84.1,11.8
z_66.0_6.0,2026,1,2026-S1,Diminution,79.1,4.4,79.1,16.5
z_66.0_6.0,2026,2,2026-S2,Diminution,81.3,2.2,81.3,16.4
z_66.0_6.0,2027,1,2027-S1,Diminution,78.0,6.2,78.0,15.8
z_66.0_6.0,2027,2,2027-S2,Diminution,84.7,0.8,84.7,14.5
z_66.0_6.0,2028,1,2028-S1,Diminution,81.4,2.3,81.4,16.3
z_66.0_6.0,2028,2,2028-S2,Diminution,84.7,0.8,84.7,14.5
z_66.0_6.0,2029,1,2029-S1,Diminution,81.4,2.3,81.4,16.3
z_66.0_6.0,2029,2,2029-S2,Diminution,84.7,0.8,84.7,14.5
z_66.0_6.0,2030,1,2030-S1,Diminution,81.4,2.3,81.4,16.3
z_66.0_6.0,2030,2,2030-S2,Diminution,84.7,0.8,84.7,14.5
z_66.0_7.5,2023,1,2023-S1,Diminution,83.2,3.6,83.2,13.3
z_66.0_7.5,2023,2,2023-S2,Diminution,85.6,0.8,85.6,13.6
z_66.0_7.5,2024,1,2024-S1,Diminution,86.4,1.0,86.4,12.7
z_66.0_7.5,2024,2,2024-S2,Diminution,85.6,0.8,85.6,13.6
z_66.0_7.5,2025,1,2025-S1,Diminution,86.4,1.0,86.4,12.7
z_66.0_7.5,2025,2,2025-S2,Diminution,89.0,1.3,89.0,9.7
z_66.0_7.5,2026,1,2026-S1,Diminution,76.6,1.2,76.6,22.2
z_66.0_7.5,2026,2,2026-S2,Diminution,84.7,3.9,84.7,11.4
z_66.0_7.5,2027,1,2027-S1,Diminution,80.8,3.7,80.8,15.5
z_66.0_7.5,2027,2,2027-S2,Diminution,82.0,2.1,82.0,15.9
z_66.0_7.5,2028,1,2028-S1,Diminution,83.2,3.6,83.2,13.3
z_66.0_7.5,2028,2,2028-S2,Diminution,85.6,0.8,85.6,13.6
z_66.0_7.5,2029,1,2029-S1,Diminution,86.4,1.0,86.4,12.7
z_66.0_7.5,2029,2,2029-S2,Diminution,85.6,0.8,85.6,13.6
z_66.0_7.5,2030,1,2030-S1,Diminution,86.4,1.0,86.4,12.7
z_66.0_7.5,2030,2,2030-S2,Diminution,85.6,0.8,85.6,13.6
z_66.0_9.0,2023,1,2023-S1,Diminution,46.1,16.0,46.1,37.8
z_66.0_9.0,2023,2,2023-S2,Diminution,68.1,14.6,68.1,17.3
z_66.0_9.0,2024,1,2024-S1,Diminution,46.6,13.3,46.6,40.1
z_66.0_9.0,2024,2,2024-S2,Diminution,66.6,10.3,66.6,23.1
z_66.0_9.0,2025,1,2025-S1,Diminution,45.6,14.5,45.6,39.9
z_66.0_9.0,2025,2,2025-S2,Diminution,70.6,8.5,70.6,20.9
z_66.0_9.0,2026,1,2026-S1,Diminution,44.8,14.2,44.8,41.0
z_66.0_9.0,2026,2,2026-S2,Diminution,67.3,8.3,67.3,24.4
z_66.0_9.0,2027,1,2027-S1,Diminution,46.1,16.0,46.1,37.8
z_66.0_9.0,2027,2,2027-S2,Diminution,67.3,8.3,67.3,24.4
z_66.0_9.0,2028,1,2028-S1,Diminution,46.1,16.0,46.1,37.8
z_66.0_9.0,2028,2,2028-S2,Diminution,67.3,8.3,67.3,24.4
z_66.0_9.0,2029,1,2029-S1,Diminution,46.1,16.0,46.1,37.8
z_66.0_9.0,2029,2,2029-S2,Diminution,67.3,8.3,67.3,24.4
z_66.0_9.0,2030,1,2030-S1,Diminution,46.1,16.0,46.1,37.8
z_66.0_9.0,2030,2,2030-S2,Diminution,67.3,8.3,67.3,24.4
z_67.5_10.5,2023,1,2023-S1,Diminution,53.0,12.6,53.0,34.3
z_67.5_10.5,2023,2,2023-S2,Diminution,53.4,13.1,53.4,33.4
z_67.5_10.5,2024,1,2024-S1,Diminution,49.2,14.2,49.2,36.6
z_67.5_10.5,2024,2,2024-S2,Diminution,43.3,17.3,43.3,39.4
z_67.5_10.5,2025,1,2025-S1,Diminution,42.2,16.6,42.2,41.2
z_67.5_10.5,2025,2,2025-S2,Diminution,51.8,16.2,51.8,32.0
z_67.5_10.5,2026,1,2026-S1,Stable,43.9,19.3,36.9,43.9
z_67.5_10.5,2026,2,2026-S2,Diminution,67.6,5.6,67.6,26.8
z_67.5_10.5,2027,1,2027-S1,Stable,42.5,18.6,38.9,42.5
z_67.5_10.5,2027,2,2027-S2,Diminution,56.0,12.9,56.0,31.1
z_67.5_10.5,2028,1,2028-S1,Stable,42.5,18.3,39.1,42.5
z_67.5_10.5,2028,2,2028-S2,Diminution,77.4,2.7,77.4,19.9
z_67.5_10.5,2029,1,2029-S1,Diminution,53.8,9.2,53.8,37.0
z_67.5_10.5,2029,2,2029-S2,Diminution,77.4,2.7,77.4,19.9
z_67.5_10.5,2030,1,2030-S1,Diminution,53.7,9.2,53.7,37.1
z_67.5_10.5,2030,2,2030-S2,Diminution,77.4,2.7,77.4,19.9
z_67.5_12.0,2023,1,2023-S1,Stable,43.5,34.6,22.0,43.5
z_67.5_12.0,2023,2,2023-S2,Stable,50.0,32.1,17.9,50.0
z_67.5_12.0,2024,1,2024-S1,Stable,46.9,35.3,17.8,46.9
z_67.5_12.0,2024,2,2024-S2,Stable,51.4,27.0,21.6,51.4
z_67.5_12.0,2025,1,2025-S1,Stable,46.9,20.0,33.2,46.9
z_67.5_12.0,2025,2,2025-S2,Stable,37.8,26.3,36.0,37.8
z_67.5_12.0,2026,1,2026-S1,Stable,50.0,29.9,20.1,50.0
z_67.5_12.0,2026,2,2026-S2,Stable,43.1,30.4,26.5,43.1
z_67.5_12.0,2027,1,2027-S1,Stable,55.6,23.0,21.4,55.6
z_67.5_12.0,2027,2,2027-S2,Stable,52.4,19.9,27.7,52.4
z_67.5_12.0,2028,1,2028-S1,Stable,47.9,22.3,29.8,47.9
z_67.5_12.0,2028,2,2028-S2,Stable,48.3,27.1,24.6,48.3
z_67.5_12.0,2029,1,2029-S1,Stable,54.9,23.1,22.0,54.9
z_67.5_12.0,2029,2,2029-S2,Stable,49.8,21.3,28.9,49.8
z_67.5_12.0,2030,1,2030-S1,Stable,51.3,21.5,27.2,51.3
z_67.5_12.0,2030,2,2030-S2,Stable,49.8,21.3,28.9,49.8
z_67.5_13.5,2023,1,2023-S1,Diminution,43.8,26.1,43.8,30.1
z_67.5_13.5,2023,2,2023-S2,Diminution,37.6,27.8,37.6,34.5
z_67.5_13.5,2024,1,2024-S1,Stable,40.2,39.0,20.8,40.2
z_67.5_13.5,2024,2,2024-S2,Stable,42.1,37.8,20.0,42.1
z_67.5_13.5,2025,1,2025-S1,Augmentation,40.9,40.9,19.5,39.6
z_67.5_13.5,2025,2,2025-S2,Augmentation,37.4,37.4,27.4,35.3
z_67.5_13.5,2026,1,2026-S1,Diminution,38.1,25.9,38.1,36.0
z_67.5_13.5,2026,2,2026-S2,Stable,34.8,31.1,34.1,34.8
z_67.5_13.5,2027,1,2027-S1,Augmentation,38.9,38.9,24.8,36.3
z_67.5_13.5,2027,2,2027-S2,Augmentation,41.4,41.4,24.8,33.8
z_67.5_13.5,2028,1,2028-S1,Stable,41.3,35.4,23.3,41.3
z_67.5_13.5,2028,2,2028-S2,Augmentation,43.2,43.2,22.9,33.9
z_67.5_13.5,2029,1,2029-S1,Augmentation,41.0,41.0,20.5,38.5
z_67.5_13.5,2029,2,2029-S2,Augmentation,45.4,45.4,21.0,33.6
z_67.5_13.5,2030,1,2030-S1,Augmentation,41.1,41.1,20.5,38.4
z_67.5_13.5,2030,2,2030-S2,Augmentation,45.4,45.4,21.0,33.6
z_67.5_15.0,2023,1,2023-S1,Diminution,40.6,27.8,40.6,31.6
z_67.5_15.0,2023,2,2023-S2,Augmentation,36.9,36.9,31.8,31.3
z_67.5_15.0,2024,1,2024-S1,Stable,44.2,31.5,24.3,44.2
z_67.5_15.0,2024,2,2024-S2,Diminution,48.1,26.3,48.1,25.5
z_67.5_15.0,2025,1,2025-S1,Stable,44.0,29.4,26.5,44.0
z_67.5_15.0,2025,2,2025-S2,Augmentation,36.5,36.5,27.7,35.8
z_67.5_15.0,2026,1,2026-S1,Augmentation,41.5,41.5,17.3,41.2
z_67.5_15.0,2026,2,2026-S2,Augmentation,51.8,51.8,20.6,27.6
z_67.5_15.0,2027,1,2027-S1,Stable,43.0,40.3,16.7,43.0
z_67.5_15.0,2027,2,2027-S2,Augmentation,44.6,44.6,21.3,34.1
z_67.5_15.0,2028,1,2028-S1,Augmentation,42.5,42.5,15.0,42.4
z_67.5_15.0,2028,2,2028-S2,Augmentation,48.2,48.2,20.0,31.8
z_67.5_15.0,2029,1,2029-S1,Stable,44.9,40.1,15.0,44.9
z_67.5_15.0,2029,2,2029-S2,Augmentation,47.4,47.4,19.5,33.1
z_67.5_15.0,2030,1,2030-S1,Stable,44.9,40.1,14.9,44.9
z_67.5_15.0,2030,2,2030-S2,Augmentation,47.4,47.4,19.4,33.2
z_67.5_16.5,2023,1,2023-S1,Diminution,46.8,26.1,46.8,27.2
z_67.5_16.5,2023,2,2023-S2,Stable,43.9,38.9,17.2,43.9
z_67.5_16.5,2024,1,2024-S1,Diminution,46.2,22.7,46.2,31.1
z_67.5_16.5,2024,2,2024-S2,Stable,41.2,35.1,23.8,41.2
z_67.5_16.5,2025,1,2025-S1,Stable,38.4,26.1,35.6,38.4
z_67.5_16.5,2025,2,2025-S2,Stable,43.1,33.4,23.5,43.1
z_67.5_16.5,2026,1,2026-S1,Stable,43.9,24.4,31.7,43.9
z_67.5_16.5,2026,2,2026-S2,Stable,45.6,23.8,30.7,45.6
z_67.5_16.5,2027,1,2027-S1,Stable,40.6,23.6,35.8,40.6
z_67.5_16.5,2027,2,2027-S2,Stable,45.7,29.6,24.7,45.7
z_67.5_16.5,2028,1,2028-S1,Stable,40.1,23.1,36.8,40.1
z_67.5_16.5,2028,2,2028-S2,Stable,44.8,29.6,25.7,44.8
z_67.5_16.5,2029,1,2029-S1,Stable,39.8,22.6,37.7,39.8
z_67.5_16.5,2029,2,2029-S2,Stable,44.4,27.3,28.2,44.4
z_67.5_16.5,2030,1,2030-S1,Stable,40.1,20.5,39.4,40.1
z_67.5_16.5,2030,2,2030-S2,Stable,45.3,25.0,29.7,45.3
z_67.5_9.0,2023,1,2023-S1,Diminution,87.0,1.5,87.0,11.4
z_67.5_9.0,2023,2,2023-S2,Diminution,85.3,3.0,85.3,11.8
z_67.5_9.0,2024,1,2024-S1,Diminution,70.2,6.6,70.2,23.2
z_67.5_9.0,2024,2,2024-S2,Diminution,76.4,4.9,76.4,18.7
z_67.5_9.0,2025,1,2025-S1,Diminution,67.9,8.1,67.9,24.0
z_67.5_9.0,2025,2,2025-S2,Diminution,67.6,13.0,67.6,19.4
z_67.5_9.0,2026,1,2026-S1,Diminution,77.6,4.5,77.6,17.9
z_67.5_9.0,2026,2,2026-S2,Diminution,81.8,2.4,81.8,15.8
z_67.5_9.0,2027,1,2027-S1,Diminution,87.0,1.5,87.0,11.4
z_67.5_9.0,2027,2,2027-S2,Diminution,86.7,1.8,86.7,11.5
z_67.5_9.0,2028,1,2028-S1,Diminution,87.0,1.5,87.0,11.4
z_67.5_9.0,2028,2,2028-S2,Diminution,86.7,1.8,86.7,11.5
z_67.5_9.0,2029,1,2029-S1,Diminution,87.0,1.5,87.0,11.4
z_67.5_9.0,2029,2,2029-S2,Diminution,86.7,1.8,86.7,11.5
z_67.5_9.0,2030,1,2030-S1,Diminution,87.0,1.5,87.0,11.4
z_67.5_9.0,2030,2,2030-S2,Diminution,86.7,1.8,86.7,11.5
z_69.0_13.5,2023,1,2023-S1,Diminution,64.8,3.4,64.8,31.8
z_69.0_13.5,2023,2,2023-S2,Diminution,77.6,2.4,77.6,20.0
z_69.0_13.5,2024,1,2024-S1,Diminution,64.8,3.4,64.8,31.8
z_69.0_13.5,2024,2,2024-S2,Diminution,74.0,4.5,74.0,21.5
z_69.0_13.5,2025,1,2025-S1,Diminution,62.8,5.6,62.8,31.6
z_69.0_13.5,2025,2,2025-S2,Diminution,70.7,3.1,70.7,26.2
z_69.0_13.5,2026,1,2026-S1,Diminution,62.8,5.0,62.8,32.2
z_69.0_13.5,2026,2,2026-S2,Diminution,71.4,4.7,71.4,23.9
z_69.0_13.5,2027,1,2027-S1,Diminution,65.1,3.0,65.1,31.9
z_69.0_13.5,2027,2,2027-S2,Diminution,77.6,2.4,77.6,20.0
z_69.0_13.5,2028,1,2028-S1,Diminution,64.8,3.4,64.8,31.8
z_69.0_13.5,2028,2,2028-S2,Diminution,77.6,2.4,77.6,20.0
z_69.0_13.5,2029,1,2029-S1,Diminution,64.8,3.4,64.8,31.8
z_69.0_13.5,2029,2,2029-S2,Diminution,77.6,2.4,77.6,20.0
z_69.0_13.5,2030,1,2030-S1,Diminution,64.8,3.4,64.8,31.8
z_69.0_13.5,2030,2,2030-S2,Diminution,77.6,2.4,77.6,20.0
z_69.0_15.0,2023,1,2023-S1,Diminution,69.8,8.8,69.8,21.4
z_69.0_15.0,2023,2,2023-S2,Stable,43.9,20.3,35.8,43.9
z_69.0_15.0,2024,1,2024-S1,Diminution,47.8,16.4,47.8,35.8
z_69.0_15.0,2024,2,2024-S2,Diminution,46.4,14.4,46.4,39.2
z_69.0_15.0,2025,1,2025-S1,Stable,42.1,24.0,33.8,42.1
z_69.0_15.0,2025,2,2025-S2,Stable,47.4,32.2,20.3,47.4
z_69.0_15.0,2026,1,2026-S1,Diminution,38.0,26.3,38.0,35.7
z_69.0_15.0,2026,2,2026-S2,Stable,44.1,26.8,29.1,44.1
z_69.0_15.0,2027,1,2027-S1,Stable,40.0,20.3,39.6,40.0
z_69.0_15.0,2027,2,2027-S2,Stable,44.4,29.0,26.5,44.4
z_69.0_15.0,2028,1,2028-S1,Diminution,40.9,20.5,40.9,38.5
z_69.0_15.0,2028,2,2028-S2,Stable,46.9,28.1,25.1,46.9
z_69.0_15.0,2029,1,2029-S1,Diminution,41.9,19.7,41.9,38.4
z_69.0_15.0,2029,2,2029-S2,Stable,44.7,28.1,27.2,44.7
z_69.0_15.0,2030,1,2030-S1,Diminution,44.6,17.9,44.6,37.6
z_69.0_15.0,2030,2,2030-S2,Stable,44.4,27.7,27.8,44.4
z_69.0_16.5,2023,1,2023-S1,Diminution,43.9,20.4,43.9,35.8
z_69.0_16.5,2023,2,2023-S2,Augmentation,41.3,41.3,26.1,32.6
z_69.0_16.5,2024,1,2024-S1,Stable,45.3,38.2,16.6,45.3
z_69.0_16.5,2024,2,2024-S2,Augmentation,48.6,48.6,18.1,33.3
z_69.0_16.5,2025,1,2025-S1,Augmentation,65.2,65.2,15.2,19.6
z_69.0_16.5,2025,2,2025-S2,Augmentation,55.4,55.4,18.7,25.9
z_69.0_16.5,2026,1,2026-S1,Augmentation,53.9,53.9,17.7,28.4
z_69.0_16.5,2026,2,2026-S2,Augmentation,53.6,53.6,15.4,31.0
z_69.0_16.5,2027,1,2027-S1,Augmentation,50.2,50.2,17.9,31.9
z_69.0_16.5,2027,2,2027-S2,Augmentation,55.9,55.9,17.7,26.4
z_69.0_16.5,2028,1,2028-S1,Augmentation,60.9,60.9,15.5,23.7
z_69.0_16.5,2028,2,2028-S2,Augmentation,61.6,61.6,16.0,22.4
z_69.0_16.5,2029,1,2029-S1,Augmentation,61.9,61.9,15.3,22.9
z_69.0_16.5,2029,2,2029-S2,Augmentation,64.0,64.0,15.0,21.0
z_69.0_16.5,2030,1,2030-S1,Augmentation,62.5,62.5,15.7,21.8
z_69.0_16.5,2030,2,2030-S2,Augmentation,66.5,66.5,14.9,18.5
z_69.0_18.0,2023,1,2023-S1,Stable,42.6,31.0,26.4,42.6
z_69.0_18.0,2023,2,2023-S2,Augmentation,45.5,45.5,16.8,37.7
z_69.0_18.0,2024,1,2024-S1,Augmentation,44.3,44.3,18.2,37.5
z_69.0_18.0,2024,2,2024-S2,Stable,44.6,33.4,22.0,44.6
z_69.0_18.0,2025,1,2025-S1,Augmentation,53.9,53.9,17.1,29.0
z_69.0_18.0,2025,2,2025-S2,Stable,47.4,31.1,21.5,47.4
z_69.0_18.0,2026,1,2026-S1,Stable,38.3,26.4,35.3,38.3
z_69.0_18.0,2026,2,2026-S2,Stable,41.1,28.1,30.7,41.1
z_69.0_18.0,2027,1,2027-S1,Stable,40.2,29.2,30.5,40.2
z_69.0_18.0,2027,2,2027-S2,Stable,40.2,26.9,33.0,40.2
z_69.0_18.0,2028,1,2028-S1,Stable,40.6,24.8,34.6,40.6
z_69.0_18.0,2028,2,2028-S2,Stable,41.6,26.1,32.3,41.6
z_69.0_18.0,2029,1,2029-S1,Stable,38.6,26.1,35.4,38.6
z_69.0_18.0,2029,2,2029-S2,Stable,41.5,26.1,32.4,41.5
z_69.0_18.0,2030,1,2030-S1,Stable,38.6,26.1,35.4,38.6
z_69.0_18.0,2030,2,2030-S2,Stable,41.5,26.1,32.4,41.5
z_69.0_19.5,2023,1,2023-S1,Stable,48.2,33.8,18.1,48.2
z_69.0_19.5,2023,2,2023-S2,Augmentation,46.5,46.5,16.9,36.6
z_69.0_19.5,2024,1,2024-S1,Stable,47.3,30.5,22.2,47.3
z_69.0_19.5,2024,2,2024-S2,Diminution,35.7,35.1,35.7,29.2
z_69.0_19.5,2025,1,2025-S1,Stable,45.9,30.8,23.3,45.9
z_69.0_19.5,2025,2,2025-S2,Stable,38.1,30.7,31.2,38.1
z_69.0_19.5,2026,1,2026-S1,Stable,57.2,22.5,20.2,57.2
z_69.0_19.5,2026,2,2026-S2,Stable,39.1,27.5,33.4,39.1
z_69.0_19.5,2027,1,2027-S1,Stable,53.3,24.1,22.5,53.3
z_69.0_19.5,2027,2,2027-S2,Diminution,35.3,32.1,35.3,32.6
z_69.0_19.5,2028,1,2028-S1,Stable,56.3,23.3,20.3,56.3
z_69.0_19.5,2028,2,2028-S2,Diminution,36.4,32.6,36.4,31.1
z_69.0_19.5,2029,1,2029-S1,Stable,55.6,22.7,21.7,55.6
z_69.0_19.5,2029,2,2029-S2,Diminution,36.5,27.8,36.5,35.6
z_69.0_19.5,2030,1,2030-S1,Stable,57.3,21.2,21.5,57.3
z_69.0_19.5,2030,2,2030-S2,Diminution,36.5,27.8,36.5,35.6
z_69.0_21.0,2023,1,2023-S1,Stable,45.6,21.4,33.0,45.6
z_69.0_21.0,2023,2,2023-S2,Diminution,42.2,17.6,42.2,40.2
z_69.0_21.0,2024,1,2024-S1,Stable,42.8,21.7,35.5,42.8
z_69.0_21.0,2024,2,2024-S2,Stable,46.4,12.9,40.7,46.4
z_69.0_21.0,2025,1,2025-S1,Augmentation,41.2,41.2,22.8,36.0
z_69.0_21.0,2025,2,2025-S2,Stable,39.7,28.3,32.1,39.7
z_69.0_21.0,2026,1,2026-S1,Stable,53.6,27.2,19.3,53.6
z_69.0_21.0,2026,2,2026-S2,Stable,42.7,24.8,32.5,42.7
z_69.0_21.0,2027,1,2027-S1,Augmentation,41.4,41.4,19.2,39.4
z_69.0_21.0,2027,2,2027-S2,Stable,42.8,27.4,29.8,42.8
z_69.0_21.0,2028,1,2028-S1,Stable,40.8,38.3,20.9,40.8
z_69.0_21.0,2028,2,2028-S2,Stable,42.1,25.7,32.2,42.1
z_69.0_21.0,2029,1,2029-S1,Augmentation,40.8,40.8,20.8,38.3
z_69.0_21.0,2029,2,2029-S2,Stable,42.0,25.8,32.2,42.0
z_69.0_21.0,2030,1,2030-S1,Augmentation,40.9,40.9,20.8,38.3
z_69.0_21.0,2030,2,2030-S2,Stable,42.0,25.8,32.2,42.0
z_69.0_22.5,2023,1,2023-S1,Stable,40.7,39.6,19.7,40.7
z_69.0_22.5,2023,2,2023-S2,Stable,39.1,32.3,28.5,39.1
z_69.0_22.5,2024,1,2024-S1,Stable,51.1,28.6,20.3,51.1
z_69.0_22.5,2024,2,2024-S2,Diminution,36.9,27.6,36.9,35.5
z_69.0_22.5,2025,1,2025-S1,Stable,41.8,35.7,22.5,41.8
z_69.0_22.5,2025,2,2025-S2,Diminution,41.2,29.8,41.2,29.0
z_69.0_22.5,2026,1,2026-S1,Stable,43.3,37.8,18.9,43.3
z_69.0_22.5,2026,2,2026-S2,Augmentation,38.3,38.3,24.1,37.5
z_69.0_22.5,2027,1,2027-S1,Stable,51.0,27.5,21.5,51.0
z_69.0_22.5,2027,2,2027-S2,Stable,39.0,28.6,32.4,39.0
z_69.0_22.5,2028,1,2028-S1,Stable,42.5,35.2,22.3,42.5
z_69.0_22.5,2028,2,2028-S2,Diminution,35.3,30.6,35.3,34.1
z_69.0_22.5,2029,1,2029-S1,Stable,46.5,31.7,21.8,46.5
z_69.0_22.5,2029,2,2029-S2,Stable,39.3,25.4,35.3,39.3
z_69.0_22.5,2030,1,2030-S1,Stable,49.9,27.2,23.0,49.9
z_69.0_22.5,2030,2,2030-S2,Stable,39.3,25.3,35.3,39.3
z_69.0_30.0,2023,1,2023-S1,Diminution,57.3,10.8,57.3,31.9
z_69.0_30.0,2023,2,2023-S2,Stable,44.1,18.8,37.1,44.1
z_69.0_30.0,2024,1,2024-S1,Diminution,50.0,17.4,50.0,32.6
z_69.0_30.0,2024,2,2024-S2,Stable,45.4,25.1,29.5,45.4
z_69.0_30.0,2025,1,2025-S1,Diminution,67.1,6.1,67.1,26.8
z_69.0_30.0,2025,2,2025-S2,Diminution,46.5,14.3,46.5,39.2
z_69.0_30.0,2026,1,2026-S1,Diminution,71.9,5.0,71.9,23.1
z_69.0_30.0,2026,2,2026-S2,Diminution,50.7,15.6,50.7,33.7
z_69.0_30.0,2027,1,2027-S1,Diminution,77.5,3.7,77.5,18.8
z_69.0_30.0,2027,2,2027-S2,Diminution,49.0,18.4,49.0,32.7
z_69.0_30.0,2028,1,2028-S1,Diminution,77.5,3.7,77.5,18.8
z_69.0_30.0,2028,2,2028-S2,Diminution,49.0,18.4,49.0,32.7
z_69.0_30.0,2029,1,2029-S1,Diminution,77.5,3.7,77.5,18.8
z_69.0_30.0,2029,2,2029-S2,Diminution,49.0,18.4,49.0,32.7
z_69.0_30.0,2030,1,2030-S1,Diminution,77.5,3.7,77.5,18.8
z_69.0_30.0,2030,2,2030-S2,Diminution,49.0,18.4,49.0,32.7
z_70.5_13.5,2023,1,2023-S1,Diminution,81.2,2.8,81.2,16.0
z_70.5_13.5,2023,2,2023-S2,Diminution,80.4,3.7,80.4,15.9
z_70.5_13.5,2024,1,2024-S1,Diminution,81.2,2.8,81.2,16.0
z_70.5_13.5,2024,2,2024-S2,Diminution,80.4,3.7,80.4,15.9
z_70.5_13.5,2025,1,2025-S1,Diminution,81.2,2.8,81.2,16.0
z_70.5_13.5,2025,2,2025-S2,Diminution,80.4,3.7,80.4,15.9
z_70.5_13.5,2026,1,2026-S1,Diminution,80.8,4.3,80.8,14.8
z_70.5_13.5,2026,2,2026-S2,Diminution,66.7,4.5,66.7,28.8
z_70.5_13.5,2027,1,2027-S1,Diminution,77.5,4.9,77.5,17.6
z_70.5_13.5,2027,2,2027-S2,Diminution,71.5,8.7,71.5,19.9
z_70.5_13.5,2028,1,2028-S1,Diminution,76.0,4.9,76.0,19.0
z_70.5_13.5,2028,2,2028-S2,Diminution,73.0,3.4,73.0,23.7
z_70.5_13.5,2029,1,2029-S1,Diminution,81.2,2.8,81.2,16.0
z_70.5_13.5,2029,2,2029-S2,Diminution,80.4,3.7,80.4,15.9
z_70.5_13.5,2030,1,2030-S1,Diminution,81.2,2.8,81.2,16.0
z_70.5_13.5,2030,2,2030-S2,Diminution,80.4,3.7,80.4,15.9
z_70.5_16.5,2023,1,2023-S1,Diminution,62.5,7.6,62.5,29.9
z_70.5_16.5,2023,2,2023-S2,Diminution,69.6,11.1,69.6,19.3
z_70.5_16.5,2024,1,2024-S1,Diminution,42.8,17.7,42.8,39.5
z_70.5_16.5,2024,2,2024-S2,Diminution,60.1,13.9,60.1,26.0
z_70.5_16.5,2025,1,2025-S1,Diminution,39.9,24.6,39.9,35.4
z_70.5_16.5,2025,2,2025-S2,Diminution,74.3,7.1,74.3,18.6
z_70.5_16.5,2026,1,2026-S1,Diminution,49.3,11.8,49.3,38.9
z_70.5_16.5,2026,2,2026-S2,Diminution,80.8,5.2,80.8,14.0
z_70.5_16.5,2027,1,2027-S1,Diminution,60.9,6.7,60.9,32.5
z_70.5_16.5,2027,2,2027-S2,Diminution,87.1,3.1,87.1,9.9
z_70.5_16.5,2028,1,2028-S1,Diminution,62.5,7.6,62.5,29.9
z_70.5_16.5,2028,2,2028-S2,Diminution,87.1,3.1,87.1,9.9
z_70.5_16.5,2029,1,2029-S1,Diminution,62.5,7.6,62.5,29.9
z_70.5_16.5,2029,2,2029-S2,Diminution,87.1,3.1,87.1,9.9
z_70.5_16.5,2030,1,2030-S1,Diminution,62.5,7.6,62.5,29.9
z_70.5_16.5,2030,2,2030-S2,Diminution,87.1,3.1,87.1,9.9
z_70.5_18.0,2023,1,2023-S1,Diminution,78.0,2.0,78.0,20.0
z_70.5_18.0,2023,2,2023-S2,Diminution,77.5,2.3,77.5,20.2
z_70.5_18.0,2024,1,2024-S1,Diminution,68.6,4.5,68.6,26.9
z_70.5_18.0,2024,2,2024-S2,Diminution,56.8,5.3,56.8,37.9
z_70.5_18.0,2025,1,2025-S1,Diminution,73.8,3.4,73.8,22.8
z_70.5_18.0,2025,2,2025-S2,Diminution,67.7,5.8,67.7,26.5
z_70.5_18.0,2026,1,2026-S1,Diminution,61.2,8.1,61.2,30.7
z_70.5_18.0,2026,2,2026-S2,Stable,49.0,4.6,46.4,49.0
z_70.5_18.0,2027,1,2027-S1,Diminution,73.8,3.4,73.8,22.8
z_70.5_18.0,2027,2,2027-S2,Diminution,67.7,5.8,67.7,26.5
z_70.5_18.0,2028,1,2028-S1,Diminution,73.3,3.5,73.3,23.1
z_70.5_18.0,2028,2,2028-S2,Diminution,66.6,2.2,66.6,31.1
z_70.5_18.0,2029,1,2029-S1,Diminution,78.0,2.0,78.0,20.0
z_70.5_18.0,2029,2,2029-S2,Diminution,77.5,2.3,77.5,20.2
z_70.5_18.0,2030,1,2030-S1,Diminution,78.0,2.0,78.0,20.0
z_70.5_18.0,2030,2,2030-S2,Diminution,77.5,2.3,77.5,20.2
z_70.5_19.5,2023,1,2023-S1,Diminution,76.2,2.9,76.2,20.9
z_70.5_19.5,2023,2,2023-S2,Diminution,76.3,2.9,76.3,20.8
z_70.5_19.5,2024,1,2024-S1,Diminution,76.2,2.9,76.2,20.9
z_70.5_19.5,2024,2,2024-S2,Diminution,76.3,2.9,76.3,20.8
z_70.5_19.5,2025,1,2025-S1,Diminution,60.1,12.6,60.1,27.3
z_70.5_19.5,2025,2,2025-S2,Diminution,44.9,17.6,44.9,37.5
z_70.5_19.5,2026,1,2026-S1,Diminution,54.7,9.4,54.7,36.0
z_70.5_19.5,2026,2,2026-S2,Diminution,49.4,10.5,49.4,40.2
z_70.5_19.5,2027,1,2027-S1,Diminution,62.4,8.0,62.4,29.6
z_70.5_19.5,2027,2,2027-S2,Diminution,62.4,4.2,62.4,33.4
z_70.5_19.5,2028,1,2028-S1,Diminution,67.8,3.0,67.8,29.2
z_70.5_19.5,2028,2,2028-S2,Diminution,76.3,2.9,76.3,20.8
z_70.5_19.5,2029,1,2029-S1,Diminution,76.2,2.9,76.2,20.9
z_70.5_19.5,2029,2,2029-S2,Diminution,76.3,2.9,76.3,20.8
z_70.5_19.5,2030,1,2030-S1,Diminution,76.2,2.9,76.2,20.9
z_70.5_19.5,2030,2,2030-S2,Diminution,76.3,2.9,76.3,20.8
z_70.5_21.0,2023,1,2023-S1,Diminution,54.4,12.1,54.4,33.6
z_70.5_21.0,2023,2,2023-S2,Diminution,60.1,12.4,60.1,27.4
z_70.5_21.0,2024,1,2024-S1,Diminution,41.5,20.1,41.5,38.4
z_70.5_21.0,2024,2,2024-S2,Diminution,70.5,4.3,70.5,25.3
z_70.5_21.0,2025,1,2025-S1,Diminution,47.1,18.1,47.1,34.8
z_70.5_21.0,2025,2,2025-S2,Diminution,50.7,9.9,50.7,39.4
z_70.5_21.0,2026,1,2026-S1,Diminution,50.1,12.2,50.1,37.7
z_70.5_21.0,2026,2,2026-S2,Diminution,69.6,5.5,69.6,25.0
z_70.5_21.0,2027,1,2027-S1,Diminution,55.6,13.4,55.6,31.0
z_70.5_21.0,2027,2,2027-S2,Diminution,68.6,3.1,68.6,28.4
z_70.5_21.0,2028,1,2028-S1,Diminution,54.4,12.1,54.4,33.6
z_70.5_21.0,2028,2,2028-S2,Diminution,78.1,2.7,78.1,19.2
z_70.5_21.0,2029,1,2029-S1,Diminution,54.4,12.1,54.4,33.6
z_70.5_21.0,2029,2,2029-S2,Diminution,78.1,2.7,78.1,19.2
z_70.5_21.0,2030,1,2030-S1,Diminution,54.4,12.1,54.4,33.6
z_70.5_21.0,2030,2,2030-S2,Diminution,78.1,2.7,78.1,19.2
z_70.5_22.5,2023,1,2023-S1,Diminution,45.9,18.7,45.9,35.4
z_70.5_22.5,2023,2,2023-S2,Stable,43.8,29.9,26.3,43.8
z_70.5_22.5,2024,1,2024-S1,Diminution,50.8,23.6,50.8,25.6
z_70.5_22.5,2024,2,2024-S2,Stable,45.8,17.9,36.3,45.8
z_70.5_22.5,2025,1,2025-S1,Diminution,44.9,20.0,44.9,35.1
z_70.5_22.5,2025,2,2025-S2,Stable,48.1,30.0,21.9,48.1
z_70.5_22.5,2026,1,2026-S1,Stable,44.9,32.2,23.0,44.9
z_70.5_22.5,2026,2,2026-S2,Stable,47.6,27.2,25.2,47.6
z_70.5_22.5,2027,1,2027-S1,Stable,36.4,27.5,36.1,36.4
z_70.5_22.5,2027,2,2027-S2,Stable,48.5,28.2,23.3,48.5
z_70.5_22.5,2028,1,2028-S1,Diminution,39.7,24.0,39.7,36.2
z_70.5_22.5,2028,2,2028-S2,Stable,47.0,28.7,24.3,47.0
z_70.5_22.5,2029,1,2029-S1,Diminution,41.9,19.9,41.9,38.2
z_70.5_22.5,2029,2,2029-S2,Stable,47.0,28.7,24.3,47.0
z_70.5_22.5,2030,1,2030-S1,Diminution,41.9,19.9,41.9,38.2
z_70.5_22.5,2030,2,2030-S2,Stable,47.0,28.7,24.3,47.0
z_70.5_24.0,2023,1,2023-S1,Augmentation,34.6,34.6,33.8,31.6
z_70.5_24.0,2023,2,2023-S2,Augmentation,46.3,46.3,19.9,33.8
z_70.5_24.0,2024,1,2024-S1,Augmentation,52.4,52.4,18.9,28.7
z_70.5_24.0,2024,2,2024-S2,Augmentation,46.5,46.5,19.8,33.7
z_70.5_24.0,2025,1,2025-S1,Augmentation,39.9,39.9,30.5,29.6
z_70.5_24.0,2025,2,2025-S2,Augmentation,47.7,47.7,21.8,30.6
z_70.5_24.0,2026,1,2026-S1,Diminution,37.9,31.2,37.9,30.9
z_70.5_24.0,2026,2,2026-S2,Augmentation,46.7,46.7,21.2,32.1
z_70.5_24.0,2027,1,2027-S1,Diminution,33.9,33.7,33.9,32.4
z_70.5_24.0,2027,2,2027-S2,Augmentation,43.8,43.8,22.9,33.4
z_70.5_24.0,2028,1,2028-S1,Augmentation,34.9,34.9,33.1,32.1
z_70.5_24.0,2028,2,2028-S2,Augmentation,43.9,43.9,22.3,33.8
z_70.5_24.0,2029,1,2029-S1,Augmentation,36.4,36.4,32.3,31.3
z_70.5_24.0,2029,2,2029-S2,Augmentation,44.6,44.6,23.0,32.4
z_70.5_24.0,2030,1,2030-S1,Augmentation,36.4,36.4,32.2,31.4
z_70.5_24.0,2030,2,2030-S2,Augmentation,44.7,44.7,23.0,32.3
z_70.5_25.5,2023,1,2023-S1,Diminution,46.3,24.6,46.3,29.1
z_70.5_25.5,2023,2,2023-S2,Diminution,48.9,18.3,48.9,32.9
z_70.5_25.5,2024,1,2024-S1,Diminution,42.5,25.0,42.5,32.5
z_70.5_25.5,2024,2,2024-S2,Stable,37.9,24.5,37.6,37.9
z_70.5_25.5,2025,1,2025-S1,Stable,36.7,27.2,36.2,36.7
z_70.5_25.5,2025,2,2025-S2,Stable,42.5,18.6,38.9,42.5
z_70.5_25.5,2026,1,2026-S1,Diminution,38.2,32.1,38.2,29.7
z_70.5_25.5,2026,2,2026-S2,Diminution,47.5,14.0,47.5,38.6
z_70.5_25.5,2027,1,2027-S1,Diminution,40.3,32.9,40.3,26.8
z_70.5_25.5,2027,2,2027-S2,Diminution,52.2,15.1,52.2,32.7
z_70.5_25.5,2028,1,2028-S1,Diminution,44.8,27.3,44.8,27.9
z_70.5_25.5,2028,2,2028-S2,Diminution,51.5,18.5,51.5,30.1
z_70.5_25.5,2029,1,2029-S1,Diminution,44.8,27.3,44.8,27.9
z_70.5_25.5,2029,2,2029-S2,Diminution,51.5,18.5,51.5,30.1
z_70.5_25.5,2030,1,2030-S1,Diminution,44.8,27.3,44.8,27.9
z_70.5_25.5,2030,2,2030-S2,Diminution,51.5,18.5,51.5,30.1
z_70.5_27.0,2023,1,2023-S1,Diminution,54.8,16.4,54.8,28.8
z_70.5_27.0,2023,2,2023-S2,Diminution,57.2,8.2,57.2,34.5
z_70.5_27.0,2024,1,2024-S1,Diminution,59.7,12.1,59.7,28.1
z_70.5_27.0,2024,2,2024-S2,Diminution,57.9,7.2,57.9,34.9
z_70.5_27.0,2025,1,2025-S1,Diminution,60.2,19.2,60.2,20.6
z_70.5_27.0,2025,2,2025-S2,Diminution,54.7,9.8,54.7,35.5
z_70.5_27.0,2026,1,2026-S1,Diminution,58.5,18.1,58.5,23.4
z_70.5_27.0,2026,2,2026-S2,Diminution,51.1,11.0,51.1,37.9
z_70.5_27.0,2027,1,2027-S1,Diminution,57.4,15.8,57.4,26.8
z_70.5_27.0,2027,2,2027-S2,Diminution,52.4,9.0,52.4,38.6
z_70.5_27.0,2028,1,2028-S1,Diminution,60.0,15.5,60.0,24.5
z_70.5_27.0,2028,2,2028-S2,Diminution,59.1,6.6,59.1,34.3
z_70.5_27.0,2029,1,2029-S1,Diminution,62.6,14.3,62.6,23.0
z_70.5_27.0,2029,2,2029-S2,Diminution,57.9,7.2,57.9,34.9
z_70.5_27.0,2030,1,2030-S1,Diminution,62.6,14.3,62.6,23.0
z_70.5_27.0,2030,2,2030-S2,Diminution,57.9,7.2,57.9,34.9
z_70.5_28.5,2023,1,2023-S1,Diminution,46.3,18.3,46.3,35.4
z_70.5_28.5,2023,2,2023-S2,Diminution,63.2,8.8,63.2,28.0
z_70.5_28.5,2024,1,2024-S1,Diminution,37.3,25.6,37.3,37.1
z_70.5_28.5,2024,2,2024-S2,Diminution,41.2,23.7,41.2,35.1
z_70.5_28.5,2025,1,2025-S1,Stable,47.8,15.6,36.5,47.8
z_70.5_28.5,2025,2,2025-S2,Diminution,45.1,18.2,45.1,36.7
z_70.5_28.5,2026,1,2026-S1,Diminution,46.1,18.7,46.1,35.2
z_70.5_28.5,2026,2,2026-S2,Diminution,56.3,8.9,56.3,34.8
z_70.5_28.5,2027,1,2027-S1,Diminution,47.3,21.6,47.3,31.1
z_70.5_28.5,2027,2,2027-S2,Diminution,64.0,7.5,64.0,28.6
z_70.5_28.5,2028,1,2028-S1,Diminution,46.3,18.3,46.3,35.4
z_70.5_28.5,2028,2,2028-S2,Diminution,63.2,8.8,63.2,28.0
z_70.5_28.5,2029,1,2029-S1,Diminution,46.3,18.3,46.3,35.4
z_70.5_28.5,2029,2,2029-S2,Diminution,63.2,8.8,63.2,28.0
z_70.5_28.5,2030,1,2030-S1,Diminution,46.3,18.3,46.3,35.4
z_70.5_28.5,2030,2,2030-S2,Diminution,63.2,8.8,63.2,28.0
z_70.5_30.0,2023,1,2023-S1,Stable,44.4,17.8,37.9,44.4
z_70.5_30.0,2023,2,2023-S2,Stable,37.3,27.4,35.3,37.3
z_70.5_30.0,2024,1,2024-S1,Stable,41.9,22.3,35.8,41.9
z_70.5_30.0,2024,2,2024-S2,Stable,43.5,20.8,35.7,43.5
z_70.5_30.0,2025,1,2025-S1,Stable,39.9,20.3,39.9,39.9
z_70.5_30.0,2025,2,2025-S2,Stable,47.8,20.8,31.4,47.8
z_70.5_30.0,2026,1,2026-S1,Augmentation,40.6,40.6,22.0,37.4
z_70.5_30.0,2026,2,2026-S2,Stable,48.0,32.3,19.7,48.0
z_70.5_30.0,2027,1,2027-S1,Stable,52.1,25.0,22.9,52.1
z_70.5_30.0,2027,2,2027-S2,Stable,45.5,28.5,26.0,45.5
z_70.5_30.0,2028,1,2028-S1,Stable,43.0,34.7,22.4,43.0
z_70.5_30.0,2028,2,2028-S2,Stable,42.1,34.7,23.2,42.1
z_70.5_30.0,2029,1,2029-S1,Stable,42.8,34.1,23.1,42.8
z_70.5_30.0,2029,2,2029-S2,Stable,42.0,34.3,23.7,42.0
z_70.5_30.0,2030,1,2030-S1,Stable,41.4,35.3,23.3,41.4
z_70.5_30.0,2030,2,2030-S2,Stable,41.9,34.3,23.8,41.9
z_70.5_33.0,2023,1,2023-S1,Diminution,69.7,4.9,69.7,25.4
z_70.5_33.0,2023,2,2023-S2,Diminution,71.5,4.7,71.5,23.8
z_70.5_33.0,2024,1,2024-S1,Diminution,70.0,3.1,70.0,26.9
z_70.5_33.0,2024,2,2024-S2,Diminution,77.3,3.3,77.3,19.4
z_70.5_33.0,2025,1,2025-S1,Diminution,75.0,2.9,75.0,22.1
z_70.5_33.0,2025,2,2025-S2,Diminution,77.3,3.3,77.3,19.4
z_70.5_33.0,2026,1,2026-S1,Diminution,65.3,7.3,65.3,27.3
z_70.5_33.0,2026,2,2026-S2,Diminution,54.7,9.2,54.7,36.1
z_70.5_33.0,2027,1,2027-S1,Diminution,68.5,4.4,68.5,27.1
z_70.5_33.0,2027,2,2027-S2,Diminution,71.4,5.2,71.4,23.4
z_70.5_33.0,2028,1,2028-S1,Diminution,70.3,4.2,70.3,25.6
z_70.5_33.0,2028,2,2028-S2,Diminution,70.8,3.3,70.8,25.9
z_70.5_33.0,2029,1,2029-S1,Diminution,75.0,2.9,75.0,22.1
z_70.5_33.0,2029,2,2029-S2,Diminution,77.3,3.3,77.3,19.4
z_70.5_33.0,2030,1,2030-S1,Diminution,75.0,2.9,75.0,22.1
z_70.5_33.0,2030,2,2030-S2,Diminution,77.3,3.3,77.3,19.4
z_72.0_13.5,2023,1,2023-S1,Diminution,73.6,2.6,73.6,23.8
z_72.0_13.5,2023,2,2023-S2,Diminution,70.4,5.3,70.4,24.3
z_72.0_13.5,2024,1,2024-S1,Diminution,55.8,5.1,55.8,39.1
z_72.0_13.5,2024,2,2024-S2,Diminution,68.7,3.3,68.7,28.0
z_72.0_13.5,2025,1,2025-S1,Diminution,57.9,8.5,57.9,33.5
z_72.0_13.5,2025,2,2025-S2,Diminution,47.4,8.3,47.4,44.3
z_72.0_13.5,2026,1,2026-S1,Diminution,64.7,4.1,64.7,31.2
z_72.0_13.5,2026,2,2026-S2,Diminution,66.4,6.5,66.4,27.1
z_72.0_13.5,2027,1,2027-S1,Diminution,68.7,3.7,68.7,27.5
z_72.0_13.5,2027,2,2027-S2,Diminution,67.1,3.2,67.1,29.7
z_72.0_13.5,2028,1,2028-S1,Diminution,73.6,2.6,73.6,23.8
z_72.0_13.5,2028,2,2028-S2,Diminution,73.4,3.3,73.4,23.3
z_72.0_13.5,2029,1,2029-S1,Diminution,73.6,2.6,73.6,23.8
z_72.0_13.5,2029,2,2029-S2,Diminution,73.4,3.3,73.4,23.3
z_72.0_13.5,2030,1,2030-S1,Diminution,73.6,2.6,73.6,23.8
z_72.0_13.5,2030,2,2030-S2,Diminution,73.4,3.3,73.4,23.3
z_72.0_15.0,2023,1,2023-S1,Diminution,71.4,3.1,71.4,25.5
z_72.0_15.0,2023,2,2023-S2,Diminution,71.3,3.6,71.3,25.1
z_72.0_15.0,2024,1,2024-S1,Diminution,66.0,5.1,66.0,28.9
z_72.0_15.0,2024,2,2024-S2,Diminution,43.7,15.1,43.7,41.2
z_72.0_15.0,2025,1,2025-S1,Diminution,45.7,12.3,45.7,42.0
z_72.0_15.0,2025,2,2025-S2,Diminution,53.1,5.1,53.1,41.9
z_72.0_15.0,2026,1,2026-S1,Diminution,54.3,10.0,54.3,35.8
z_72.0_15.0,2026,2,2026-S2,Diminution,61.3,4.0,61.3,34.7
z_72.0_15.0,2027,1,2027-S1,Diminution,63.5,3.2,63.5,33.3
z_72.0_15.0,2027,2,2027-S2,Diminution,71.3,3.6,71.3,25.1
z_72.0_15.0,2028,1,2028-S1,Diminution,71.4,3.1,71.4,25.5
z_72.0_15.0,2028,2,2028-S2,Diminution,71.3,3.6,71.3,25.1
z_72.0_15.0,2029,1,2029-S1,Diminution,71.4,3.1,71.4,25.5
z_72.0_15.0,2029,2,2029-S2,Diminution,71.3,3.6,71.3,25.1
z_72.0_15.0,2030,1,2030-S1,Diminution,71.4,3.1,71.4,25.5
z_72.0_15.0,2030,2,2030-S2,Diminution,71.3,3.6,71.3,25.1
z_72.0_19.5,2023,1,2023-S1,Diminution,72.6,3.8,72.6,23.6
z_72.0_19.5,2023,2,2023-S2,Diminution,73.7,7.7,73.7,18.6
z_72.0_19.5,2024,1,2024-S1,Diminution,70.8,6.7,70.8,22.5
z_72.0_19.5,2024,2,2024-S2,Diminution,78.1,5.9,78.1,16.0
z_72.0_19.5,2025,1,2025-S1,Diminution,69.9,7.1,69.9,23.0
z_72.0_19.5,2025,2,2025-S2,Diminution,77.1,4.6,77.1,18.4
z_72.0_19.5,2026,1,2026-S1,Diminution,73.0,5.1,73.0,21.9
z_72.0_19.5,2026,2,2026-S2,Diminution,81.2,1.8,81.2,17.1
z_72.0_19.5,2027,1,2027-S1,Diminution,75.8,2.8,75.8,21.4
z_72.0_19.5,2027,2,2027-S2,Diminution,81.2,1.8,81.2,17.1
z_72.0_19.5,2028,1,2028-S1,Diminution,75.8,2.8,75.8,21.4
z_72.0_19.5,2028,2,2028-S2,Diminution,81.2,1.8,81.2,17.1
z_72.0_19.5,2029,1,2029-S1,Diminution,75.8,2.8,75.8,21.4
z_72.0_19.5,2029,2,2029-S2,Diminution,81.2,1.8,81.2,17.1
z_72.0_19.5,2030,1,2030-S1,Diminution,75.8,2.8,75.8,21.4
z_72.0_19.5,2030,2,2030-S2,Diminution,81.2,1.8,81.2,17.1
z_72.0_24.0,2023,1,2023-S1,Diminution,77.8,2.0,77.8,20.2
z_72.0_24.0,2023,2,2023-S2,Diminution,67.9,5.6,67.9,26.5
z_72.0_24.0,2024,1,2024-S1,Diminution,57.8,5.1,57.8,37.0
z_72.0_24.0,2024,2,2024-S2,Diminution,72.6,3.1,72.6,24.3
z_72.0_24.0,2025,1,2025-S1,Diminution,69.1,4.3,69.1,26.7
z_72.0_24.0,2025,2,2025-S2,Diminution,72.2,3.4,72.2,24.5
z_72.0_24.0,2026,1,2026-S1,Diminution,66.9,2.1,66.9,31.0
z_72.0_24.0,2026,2,2026-S2,Diminution,77.6,2.2,77.6,20.1
z_72.0_24.0,2027,1,2027-S1,Diminution,77.8,2.0,77.8,20.2
z_72.0_24.0,2027,2,2027-S2,Diminution,77.6,2.2,77.6,20.1
z_72.0_24.0,2028,1,2028-S1,Diminution,77.8,2.0,77.8,20.2
z_72.0_24.0,2028,2,2028-S2,Diminution,77.6,2.2,77.6,20.1
z_72.0_24.0,2029,1,2029-S1,Diminution,77.8,2.0,77.8,20.2
z_72.0_24.0,2029,2,2029-S2,Diminution,77.6,2.2,77.6,20.1
z_72.0_24.0,2030,1,2030-S1,Diminution,77.8,2.0,77.8,20.2
z_72.0_24.0,2030,2,2030-S2,Diminution,77.6,2.2,77.6,20.1
z_72.0_25.5,2023,1,2023-S1,Diminution,74.9,2.0,74.9,23.2
z_72.0_25.5,2023,2,2023-S2,Diminution,66.3,5.2,66.3,28.5
z_72.0_25.5,2024,1,2024-S1,Diminution,53.5,4.8,53.5,41.7
z_72.0_25.5,2024,2,2024-S2,Diminution,58.8,6.3,58.8,34.9
z_72.0_25.5,2025,1,2025-S1,Diminution,50.5,8.3,50.5,41.2
z_72.0_25.5,2025,2,2025-S2,Diminution,67.0,3.4,67.0,29.6
z_72.0_25.5,2026,1,2026-S1,Diminution,58.8,3.9,58.8,37.4
z_72.0_25.5,2026,2,2026-S2,Diminution,69.9,3.2,69.9,26.9
z_72.0_25.5,2027,1,2027-S1,Diminution,63.5,2.0,63.5,34.5
z_72.0_25.5,2027,2,2027-S2,Diminution,73.4,2.2,73.4,24.3
z_72.0_25.5,2028,1,2028-S1,Diminution,74.9,2.0,74.9,23.2
z_72.0_25.5,2028,2,2028-S2,Diminution,73.4,2.2,73.4,24.3
z_72.0_25.5,2029,1,2029-S1,Diminution,74.9,2.0,74.9,23.2
z_72.0_25.5,2029,2,2029-S2,Diminution,73.4,2.2,73.4,24.3
z_72.0_25.5,2030,1,2030-S1,Diminution,74.9,2.0,74.9,23.2
z_72.0_25.5,2030,2,2030-S2,Diminution,73.4,2.2,73.4,24.3
z_72.0_28.5,2023,1,2023-S1,Diminution,78.1,2.1,78.1,19.8
z_72.0_28.5,2023,2,2023-S2,Diminution,67.0,3.7,67.0,29.3
z_72.0_28.5,2024,1,2024-S1,Diminution,78.1,2.1,78.1,19.8
z_72.0_28.5,2024,2,2024-S2,Diminution,67.0,3.7,67.0,29.3
z_72.0_28.5,2025,1,2025-S1,Diminution,78.1,2.1,78.1,19.8
z_72.0_28.5,2025,2,2025-S2,Diminution,67.3,6.7,67.3,26.0
z_72.0_28.5,2026,1,2026-S1,Diminution,60.3,5.2,60.3,34.6
z_72.0_28.5,2026,2,2026-S2,Diminution,65.7,3.6,65.7,30.7
z_72.0_28.5,2027,1,2027-S1,Diminution,69.5,5.1,69.5,25.4
z_72.0_28.5,2027,2,2027-S2,Diminution,68.0,4.7,68.0,27.3
z_72.0_28.5,2028,1,2028-S1,Diminution,68.5,1.9,68.5,29.6
z_72.0_28.5,2028,2,2028-S2,Diminution,67.0,3.7,67.0,29.3
z_72.0_28.5,2029,1,2029-S1,Diminution,78.1,2.1,78.1,19.8
z_72.0_28.5,2029,2,2029-S2,Diminution,67.0,3.7,67.0,29.3
z_72.0_28.5,2030,1,2030-S1,Diminution,78.1,2.1,78.1,19.8
z_72.0_28.5,2030,2,2030-S2,Diminution,67.0,3.7,67.0,29.3
z_73.5_18.0,2023,1,2023-S1,Diminution,69.0,5.1,69.0,25.9
z_73.5_18.0,2023,2,2023-S2,Diminution,46.1,14.3,46.1,39.6
z_73.5_18.0,2024,1,2024-S1,Diminution,58.6,6.7,58.6,34.7
z_73.5_18.0,2024,2,2024-S2,Diminution,46.3,13.0,46.3,40.6
z_73.5_18.0,2025,1,2025-S1,Diminution,67.7,2.9,67.7,29.4
z_73.5_18.0,2025,2,2025-S2,Stable,46.0,25.5,28.5,46.0
z_73.5_18.0,2026,1,2026-S1,Diminution,47.8,6.9,47.8,45.2
z_73.5_18.0,2026,2,2026-S2,Diminution,46.5,11.5,46.5,42.1
z_73.5_18.0,2027,1,2027-S1,Diminution,66.4,4.8,66.4,28.8
z_73.5_18.0,2027,2,2027-S2,Diminution,53.7,13.8,53.7,32.5
z_73.5_18.0,2028,1,2028-S1,Diminution,63.0,2.4,63.0,34.6
z_73.5_18.0,2028,2,2028-S2,Diminution,47.9,12.0,47.9,40.1
z_73.5_18.0,2029,1,2029-S1,Diminution,74.6,2.2,74.6,23.2
z_73.5_18.0,2029,2,2029-S2,Diminution,47.9,12.0,47.9,40.1
z_73.5_18.0,2030,1,2030-S1,Diminution,74.6,2.2,74.6,23.2
z_73.5_18.0,2030,2,2030-S2,Diminution,47.9,12.0,47.9,40.1
z_73.5_21.0,2023,1,2023-S1,Diminution,62.0,8.5,62.0,29.5
z_73.5_21.0,2023,2,2023-S2,Diminution,60.8,17.4,60.8,21.7
z_73.5_21.0,2024,1,2024-S1,Diminution,56.9,11.8,56.9,31.3
z_73.5_21.0,2024,2,2024-S2,Diminution,60.2,15.9,60.2,23.9
z_73.5_21.0,2025,1,2025-S1,Diminution,60.8,8.9,60.8,30.3
z_73.5_21.0,2025,2,2025-S2,Diminution,58.4,16.7,58.4,24.9
z_73.5_21.0,2026,1,2026-S1,Diminution,60.8,9.1,60.8,30.1
z_73.5_21.0,2026,2,2026-S2,Diminution,60.2,15.3,60.2,24.5
z_73.5_21.0,2027,1,2027-S1,Diminution,62.0,8.5,62.0,29.5
z_73.5_21.0,2027,2,2027-S2,Diminution,60.8,17.4,60.8,21.7
z_73.5_21.0,2028,1,2028-S1,Diminution,62.0,8.5,62.0,29.5
z_73.5_21.0,2028,2,2028-S2,Diminution,60.8,17.4,60.8,21.7
z_73.5_21.0,2029,1,2029-S1,Diminution,62.0,8.5,62.0,29.5
z_73.5_21.0,2029,2,2029-S2,Diminution,60.8,17.4,60.8,21.7
z_73.5_21.0,2030,1,2030-S1,Diminution,62.0,8.5,62.0,29.5
z_73.5_21.0,2030,2,2030-S2,Diminution,60.8,17.4,60.8,21.7
z_73.5_25.5,2023,1,2023-S1,Diminution,79.0,2.1,79.0,18.9
z_73.5_25.5,2023,2,2023-S2,Diminution,78.2,2.6,78.2,19.3
z_73.5_25.5,2024,1,2024-S1,Diminution,76.5,4.0,76.5,19.5
z_73.5_25.5,2024,2,2024-S2,Diminution,62.1,5.7,62.1,32.2
z_73.5_25.5,2025,1,2025-S1,Diminution,71.1,3.4,71.1,25.6
z_73.5_25.5,2025,2,2025-S2,Diminution,68.4,6.8,68.4,24.7
z_73.5_25.5,2026,1,2026-S1,Diminution,72.9,4.2,72.9,22.9
z_73.5_25.5,2026,2,2026-S2,Diminution,67.1,2.3,67.1,30.6
z_73.5_25.5,2027,1,2027-S1,Diminution,79.0,2.1,79.0,18.9
z_73.5_25.5,2027,2,2027-S2,Diminution,78.2,2.6,78.2,19.3
z_73.5_25.5,2028,1,2028-S1,Diminution,79.0,2.1,79.0,18.9
z_73.5_25.5,2028,2,2028-S2,Diminution,78.2,2.6,78.2,19.3
z_73.5_25.5,2029,1,2029-S1,Diminution,79.0,2.1,79.0,18.9
z_73.5_25.5,2029,2,2029-S2,Diminution,78.2,2.6,78.2,19.3
z_73.5_25.5,2030,1,2030-S1,Diminution,79.0,2.1,79.0,18.9
z_73.5_25.5,2030,2,2030-S2,Diminution,78.2,2.6,78.2,19.3
z_73.5_33.0,2023,1,2023-S1,Diminution,77.6,2.8,77.6,19.6
z_73.5_33.0,2023,2,2023-S2,Diminution,78.8,2.9,78.8,18.4
z_73.5_33.0,2024,1,2024-S1,Diminution,77.6,2.8,77.6,19.6
z_73.5_33.0,2024,2,2024-S2,Diminution,78.8,2.9,78.8,18.4
z_73.5_33.0,2025,1,2025-S1,Diminution,68.0,6.4,68.0,25.6
z_73.5_33.0,2025,2,2025-S2,Diminution,55.8,7.8,55.8,36.4
z_73.5_33.0,2026,1,2026-S1,Diminution,57.9,8.5,57.9,33.7
z_73.5_33.0,2026,2,2026-S2,Diminution,49.9,11.5,49.9,38.6
z_73.5_33.0,2027,1,2027-S1,Diminution,67.9,4.4,67.9,27.6
z_73.5_33.0,2027,2,2027-S2,Diminution,64.7,5.3,64.7,30.0
z_73.5_33.0,2028,1,2028-S1,Diminution,72.8,4.0,72.8,23.2
z_73.5_33.0,2028,2,2028-S2,Diminution,71.2,3.1,71.2,25.7
z_73.5_33.0,2029,1,2029-S1,Diminution,77.6,2.8,77.6,19.6
z_73.5_33.0,2029,2,2029-S2,Diminution,78.8,2.9,78.8,18.4
z_73.5_33.0,2030,1,2030-S1,Diminution,77.6,2.8,77.6,19.6
z_73.5_33.0,2030,2,2030-S2,Diminution,78.8,2.9,78.8,18.4
z_73.5_34.5,2023,1,2023-S1,Diminution,50.9,7.6,50.9,41.6
z_73.5_34.5,2023,2,2023-S2,Diminution,65.1,2.7,65.1,32.2
z_73.5_34.5,2024,1,2024-S1,Diminution,60.1,6.7,60.1,33.1
z_73.5_34.5,2024,2,2024-S2,Diminution,68.1,3.5,68.1,28.4
z_73.5_34.5,2025,1,2025-S1,Diminution,63.6,6.5,63.6,29.9
z_73.5_34.5,2025,2,2025-S2,Diminution,55.4,5.9,55.4,38.7
z_73.5_34.5,2026,1,2026-S1,Diminution,61.4,4.4,61.4,34.2
z_73.5_34.5,2026,2,2026-S2,Diminution,65.2,5.6,65.2,29.2
z_73.5_34.5,2027,1,2027-S1,Diminution,66.2,4.4,66.2,29.4
z_73.5_34.5,2027,2,2027-S2,Diminution,63.9,2.7,63.9,33.4
z_73.5_34.5,2028,1,2028-S1,Diminution,63.2,4.2,63.2,32.6
z_73.5_34.5,2028,2,2028-S2,Diminution,72.7,2.5,72.7,24.8
z_73.5_34.5,2029,1,2029-S1,Diminution,63.2,4.2,63.2,32.6
z_73.5_34.5,2029,2,2029-S2,Diminution,72.7,2.5,72.7,24.8
z_73.5_34.5,2030,1,2030-S1,Diminution,63.2,4.2,63.2,32.6
z_73.5_34.5,2030,2,2030-S2,Diminution,72.7,2.5,72.7,24.8
z_75.0_18.0,2023,1,2023-S1,Diminution,76.0,2.7,76.0,21.3
z_75.0_18.0,2023,2,2023-S2,Diminution,65.0,7.3,65.0,27.7
z_75.0_18.0,2024,1,2024-S1,Diminution,66.5,6.1,66.5,27.4
z_75.0_18.0,2024,2,2024-S2,Diminution,53.4,12.7,53.4,33.8
z_75.0_18.0,2025,1,2025-S1,Diminution,70.9,4.0,70.9,25.2
z_75.0_18.0,2025,2,2025-S2,Diminution,59.0,9.8,59.0,31.1
z_75.0_18.0,2026,1,2026-S1,Diminution,71.5,3.5,71.5,25.0
z_75.0_18.0,2026,2,2026-S2,Diminution,65.0,6.1,65.0,28.8
z_75.0_18.0,2027,1,2027-S1,Diminution,76.0,2.7,76.0,21.3
z_75.0_18.0,2027,2,2027-S2,Diminution,65.0,7.3,65.0,27.7
z_75.0_18.0,2028,1,2028-S1,Diminution,76.0,2.7,76.0,21.3
z_75.0_18.0,2028,2,2028-S2,Diminution,65.0,7.3,65.0,27.7
z_75.0_18.0,2029,1,2029-S1,Diminution,76.0,2.7,76.0,21.3
z_75.0_18.0,2029,2,2029-S2,Diminution,65.0,7.3,65.0,27.7
z_75.0_18.0,2030,1,2030-S1,Diminution,76.0,2.7,76.0,21.3
z_75.0_18.0,2030,2,2030-S2,Diminution,65.0,7.3,65.0,27.7
z_75.0_30.0,2023,1,2023-S1,Diminution,74.7,3.0,74.7,22.3
z_75.0_30.0,2023,2,2023-S2,Diminution,77.4,3.3,77.4,19.3
z_75.0_30.0,2024,1,2024-S1,Diminution,74.7,3.0,74.7,22.3
z_75.0_30.0,2024,2,2024-S2,Diminution,64.4,8.0,64.4,27.6
z_75.0_30.0,2025,1,2025-S1,Diminution,54.4,8.2,54.4,37.3
z_75.0_30.0,2025,2,2025-S2,Diminution,70.9,5.3,70.9,23.8
z_75.0_30.0,2026,1,2026-S1,Diminution,69.7,4.9,69.7,25.3
z_75.0_30.0,2026,2,2026-S2,Diminution,71.5,4.7,71.5,23.8
z_75.0_30.0,2027,1,2027-S1,Diminution,69.9,3.2,69.9,26.9
z_75.0_30.0,2027,2,2027-S2,Diminution,77.4,3.3,77.4,19.3
z_75.0_30.0,2028,1,2028-S1,Diminution,74.7,3.0,74.7,22.3
z_75.0_30.0,2028,2,2028-S2,Diminution,77.4,3.3,77.4,19.3
z_75.0_30.0,2029,1,2029-S1,Diminution,74.7,3.0,74.7,22.3
z_75.0_30.0,2029,2,2029-S2,Diminution,77.4,3.3,77.4,19.3
z_75.0_30.0,2030,1,2030-S1,Diminution,74.7,3.0,74.7,22.3
z_75.0_30.0,2030,2,2030-S2,Diminution,77.4,3.3,77.4,19.3
z_75.0_31.5,2023,1,2023-S1,Diminution,63.1,5.8,63.1,31.1
z_75.0_31.5,2023,2,2023-S2,Diminution,67.2,5.9,67.2,26.9
z_75.0_31.5,2024,1,2024-S1,Diminution,55.1,9.5,55.1,35.4
z_75.0_31.5,2024,2,2024-S2,Diminution,58.8,7.8,58.8,33.4
z_75.0_31.5,2025,1,2025-S1,Diminution,50.8,10.4,50.8,38.8
z_75.0_31.5,2025,2,2025-S2,Diminution,70.9,3.9,70.9,25.2
z_75.0_31.5,2026,1,2026-S1,Diminution,59.9,7.1,59.9,33.0
z_75.0_31.5,2026,2,2026-S2,Diminution,75.1,3.5,75.1,21.4
z_75.0_31.5,2027,1,2027-S1,Diminution,64.1,4.9,64.1,31.1
z_75.0_31.5,2027,2,2027-S2,Diminution,79.8,2.6,79.8,17.6
z_75.0_31.5,2028,1,2028-S1,Diminution,63.1,5.8,63.1,31.1
z_75.0_31.5,2028,2,2028-S2,Diminution,79.8,2.6,79.8,17.6
z_75.0_31.5,2029,1,2029-S1,Diminution,63.1,5.8,63.1,31.1
z_75.0_31.5,2029,2,2029-S2,Diminution,79.8,2.6,79.8,17.6
z_75.0_31.5,2030,1,2030-S1,Diminution,63.1,5.8,63.1,31.1
z_75.0_31.5,2030,2,2030-S2,Diminution,79.8,2.6,79.8,17.6
z_75.0_33.0,2023,1,2023-S1,Diminution,75.6,2.5,75.6,21.9
z_75.0_33.0,2023,2,2023-S2,Diminution,54.3,12.1,54.3,33.6
z_75.0_33.0,2024,1,2024-S1,Stable,50.7,13.5,35.8,50.7
z_75.0_33.0,2024,2,2024-S2,Diminution,56.1,6.7,56.1,37.2
z_75.0_33.0,2025,1,2025-S1,Stable,40.6,25.8,33.5,40.6
z_75.0_33.0,2025,2,2025-S2,Diminution,44.0,15.2,44.0,40.7
z_75.0_33.0,2026,1,2026-S1,Stable,50.2,16.3,33.5,50.2
z_75.0_33.0,2026,2,2026-S2,Diminution,63.0,7.2,63.0,29.9
z_75.0_33.0,2027,1,2027-S1,Diminution,46.8,13.1,46.8,40.1
z_75.0_33.0,2027,2,2027-S2,Stable,41.9,18.3,39.7,41.9
z_75.0_33.0,2028,1,2028-S1,Diminution,55.9,7.2,55.9,36.8
z_75.0_33.0,2028,2,2028-S2,Diminution,76.3,2.9,76.3,20.8
z_75.0_33.0,2029,1,2029-S1,Diminution,75.4,2.5,75.4,22.1
z_75.0_33.0,2029,2,2029-S2,Diminution,76.3,2.9,76.3,20.8
z_75.0_33.0,2030,1,2030-S1,Diminution,75.6,2.5,75.6,21.9
z_75.0_33.0,2030,2,2030-S2,Diminution,76.1,2.9,76.1,21.0
z_75.0_34.5,2023,1,2023-S1,Diminution,59.7,9.7,59.7,30.7
z_75.0_34.5,2023,2,2023-S2,Diminution,62.3,7.9,62.3,29.8
z_75.0_34.5,2024,1,2024-S1,Diminution,64.4,6.7,64.4,28.9
z_75.0_34.5,2024,2,2024-S2,Diminution,46.4,17.3,46.4,36.3
z_75.0_34.5,2025,1,2025-S1,Diminution,37.1,26.0,37.1,36.9
z_75.0_34.5,2025,2,2025-S2,Diminution,57.2,7.2,57.2,35.5
z_75.0_34.5,2026,1,2026-S1,Diminution,51.6,14.3,51.6,34.0
z_75.0_34.5,2026,2,2026-S2,Diminution,62.0,7.6,62.0,30.5
z_75.0_34.5,2027,1,2027-S1,Diminution,59.3,7.2,59.3,33.5
z_75.0_34.5,2027,2,2027-S2,Diminution,63.3,6.6,63.3,30.1
z_75.0_34.5,2028,1,2028-S1,Diminution,63.4,7.8,63.4,28.8
z_75.0_34.5,2028,2,2028-S2,Diminution,63.3,6.6,63.3,30.1
z_75.0_34.5,2029,1,2029-S1,Diminution,63.4,7.8,63.4,28.8
z_75.0_34.5,2029,2,2029-S2,Diminution,63.3,6.6,63.3,30.1
z_75.0_34.5,2030,1,2030-S1,Diminution,63.4,7.8,63.4,28.8
z_75.0_34.5,2030,2,2030-S2,Diminution,63.3,6.6,63.3,30.1
z_75.0_36.0,2023,1,2023-S1,Diminution,73.0,3.2,73.0,23.8
z_75.0_36.0,2023,2,2023-S2,Diminution,61.2,10.9,61.2,27.9
z_75.0_36.0,2024,1,2024-S1,Diminution,53.0,6.7,53.0,40.3
z_75.0_36.0,2024,2,2024-S2,Diminution,64.2,7.2,64.2,28.6
z_75.0_36.0,2025,1,2025-S1,Diminution,67.9,5.8,67.9,26.4
z_75.0_36.0,2025,2,2025-S2,Diminution,65.9,7.8,65.9,26.3
z_75.0_36.0,2026,1,2026-S1,Diminution,66.3,3.4,66.3,30.3
z_75.0_36.0,2026,2,2026-S2,Diminution,64.2,8.0,64.2,27.8
z_75.0_36.0,2027,1,2027-S1,Diminution,73.0,3.2,73.0,23.8
z_75.0_36.0,2027,2,2027-S2,Diminution,64.2,8.0,64.2,27.8
z_75.0_36.0,2028,1,2028-S1,Diminution,73.0,3.2,73.0,23.8
z_75.0_36.0,2028,2,2028-S2,Diminution,64.2,8.0,64.2,27.8
z_75.0_36.0,2029,1,2029-S1,Diminution,73.0,3.2,73.0,23.8
z_75.0_36.0,2029,2,2029-S2,Diminution,64.2,8.0,64.2,27.8
z_75.0_36.0,2030,1,2030-S1,Diminution,73.0,3.2,73.0,23.8
z_75.0_36.0,2030,2,2030-S2,Diminution,64.2,8.0,64.2,27.8
z_75.0_40.5,2023,1,2023-S1,Diminution,53.7,3.6,53.7,42.7
z_75.0_40.5,2023,2,2023-S2,Diminution,53.9,3.0,53.9,43.0
z_75.0_40.5,2024,1,2024-S1,Diminution,53.7,3.6,53.7,42.7
z_75.0_40.5,2024,2,2024-S2,Diminution,53.9,3.0,53.9,43.0
z_75.0_40.5,2025,1,2025-S1,Diminution,53.7,3.6,53.7,42.7
z_75.0_40.5,2025,2,2025-S2,Diminution,53.9,3.0,53.9,43.0
z_75.0_40.5,2026,1,2026-S1,Diminution,52.6,6.0,52.6,41.4
z_75.0_40.5,2026,2,2026-S2,Diminution,45.8,9.9,45.8,44.4
z_75.0_40.5,2027,1,2027-S1,Diminution,49.0,5.3,49.0,45.7
z_75.0_40.5,2027,2,2027-S2,Diminution,53.0,4.7,53.0,42.2
z_75.0_40.5,2028,1,2028-S1,Diminution,50.3,4.4,50.3,45.4
z_75.0_40.5,2028,2,2028-S2,Stable,49.9,2.8,47.3,49.9
z_75.0_40.5,2029,1,2029-S1,Diminution,53.7,3.6,53.7,42.7
z_75.0_40.5,2029,2,2029-S2,Diminution,53.9,3.0,53.9,43.0
z_75.0_40.5,2030,1,2030-S1,Diminution,53.7,3.6,53.7,42.7
z_75.0_40.5,2030,2,2030-S2,Diminution,53.9,3.0,53.9,43.0
z_76.5_13.5,2023,1,2023-S1,Diminution,43.5,21.0,43.5,35.5
z_76.5_13.5,2023,2,2023-S2,Diminution,68.5,4.0,68.5,27.5
z_76.5_13.5,2024,1,2024-S1,Diminution,43.5,21.0,43.5,35.5
z_76.5_13.5,2024,2,2024-S2,Diminution,64.6,7.2,64.6,28.2
z_76.5_13.5,2025,1,2025-S1,Diminution,39.5,24.8,39.5,35.7
z_76.5_13.5,2025,2,2025-S2,Diminution,64.5,6.2,64.5,29.3
z_76.5_13.5,2026,1,2026-S1,Diminution,41.1,18.8,41.1,40.1
z_76.5_13.5,2026,2,2026-S2,Diminution,63.6,4.6,63.6,31.8
z_76.5_13.5,2027,1,2027-S1,Diminution,44.8,16.5,44.8,38.6
z_76.5_13.5,2027,2,2027-S2,Diminution,68.5,4.0,68.5,27.5
z_76.5_13.5,2028,1,2028-S1,Diminution,43.5,21.0,43.5,35.5
z_76.5_13.5,2028,2,2028-S2,Diminution,68.5,4.0,68.5,27.5
z_76.5_13.5,2029,1,2029-S1,Diminution,43.5,21.0,43.5,35.5
z_76.5_13.5,2029,2,2029-S2,Diminution,68.5,4.0,68.5,27.5
z_76.5_13.5,2030,1,2030-S1,Diminution,43.5,21.0,43.5,35.5
z_76.5_13.5,2030,2,2030-S2,Diminution,68.5,4.0,68.5,27.5
z_76.5_33.0,2023,1,2023-S1,Diminution,81.3,2.1,81.3,16.6
z_76.5_33.0,2023,2,2023-S2,Diminution,85.9,5.3,85.9,8.8
z_76.5_33.0,2024,1,2024-S1,Diminution,85.8,3.7,85.8,10.5
z_76.5_33.0,2024,2,2024-S2,Diminution,87.0,2.0,87.0,11.1
z_76.5_33.0,2025,1,2025-S1,Diminution,87.6,3.6,87.6,8.9
z_76.5_33.0,2025,2,2025-S2,Diminution,92.5,0.8,92.5,6.7
z_76.5_33.0,2026,1,2026-S1,Diminution,91.5,1.8,91.5,6.7
z_76.5_33.0,2026,2,2026-S2,Diminution,84.8,1.7,84.8,13.5
z_76.5_33.0,2027,1,2027-S1,Diminution,80.6,8.1,80.6,11.4
z_76.5_33.0,2027,2,2027-S2,Diminution,86.8,3.6,86.8,9.6
z_76.5_33.0,2028,1,2028-S1,Diminution,83.6,2.3,83.6,14.1
z_76.5_33.0,2028,2,2028-S2,Diminution,88.4,3.1,88.4,8.5
z_76.5_33.0,2029,1,2029-S1,Diminution,90.6,1.7,90.6,7.7
z_76.5_33.0,2029,2,2029-S2,Diminution,92.5,0.8,92.5,6.7
z_76.5_33.0,2030,1,2030-S1,Diminution,90.6,1.7,90.6,7.7
z_76.5_33.0,2030,2,2030-S2,Diminution,92.5,0.8,92.5,6.7
z_76.5_9.0,2023,1,2023-S1,Diminution,76.3,2.7,76.3,21.1
z_76.5_9.0,2023,2,2023-S2,Diminution,78.6,3.1,78.6,18.3
z_76.5_9.0,2024,1,2024-S1,Diminution,76.3,2.7,76.3,21.1
z_76.5_9.0,2024,2,2024-S2,Diminution,78.6,3.1,78.6,18.3
z_76.5_9.0,2025,1,2025-S1,Diminution,76.3,2.7,76.3,21.1
z_76.5_9.0,2025,2,2025-S2,Diminution,78.6,3.1,78.6,18.3
z_76.5_9.0,2026,1,2026-S1,Diminution,63.9,6.6,63.9,29.5
z_76.5_9.0,2026,2,2026-S2,Diminution,54.8,8.9,54.8,36.3
z_76.5_9.0,2027,1,2027-S1,Diminution,70.6,3.9,70.6,25.5
z_76.5_9.0,2027,2,2027-S2,Diminution,72.5,5.1,72.5,22.3
z_76.5_9.0,2028,1,2028-S1,Diminution,71.6,3.9,71.6,24.6
z_76.5_9.0,2028,2,2028-S2,Diminution,72.1,3.0,72.1,24.9
z_76.5_9.0,2029,1,2029-S1,Diminution,76.3,2.7,76.3,21.1
z_76.5_9.0,2029,2,2029-S2,Diminution,78.6,3.1,78.6,18.3
z_76.5_9.0,2030,1,2030-S1,Diminution,76.3,2.7,76.3,21.1
z_76.5_9.0,2030,2,2030-S2,Diminution,78.6,3.1,78.6,18.3
z_78.0_10.5,2023,1,2023-S1,Diminution,82.4,2.6,82.4,15.0
z_78.0_10.5,2023,2,2023-S2,Diminution,82.4,2.7,82.4,14.9
z_78.0_10.5,2024,1,2024-S1,Diminution,82.4,2.6,82.4,15.0
z_78.0_10.5,2024,2,2024-S2,Diminution,82.4,2.7,82.4,14.9
z_78.0_10.5,2025,1,2025-S1,Diminution,82.4,2.6,82.4,15.0
z_78.0_10.5,2025,2,2025-S2,Diminution,81.3,5.8,81.3,12.9
z_78.0_10.5,2026,1,2026-S1,Diminution,70.8,3.1,70.8,26.1
z_78.0_10.5,2026,2,2026-S2,Diminution,79.6,4.0,79.6,16.4
z_78.0_10.5,2027,1,2027-S1,Diminution,73.6,6.7,73.6,19.7
z_78.0_10.5,2027,2,2027-S2,Diminution,77.6,5.3,77.6,17.0
z_78.0_10.5,2028,1,2028-S1,Diminution,77.5,2.4,77.5,20.1
z_78.0_10.5,2028,2,2028-S2,Diminution,82.4,2.7,82.4,14.9
z_78.0_10.5,2029,1,2029-S1,Diminution,82.4,2.6,82.4,15.0
z_78.0_10.5,2029,2,2029-S2,Diminution,82.4,2.7,82.4,14.9
z_78.0_10.5,2030,1,2030-S1,Diminution,82.4,2.6,82.4,15.0
z_78.0_10.5,2030,2,2030-S2,Diminution,82.4,2.7,82.4,14.9
z_78.0_13.5,2023,1,2023-S1,Diminution,87.8,1.2,87.8,11.0
z_78.0_13.5,2023,2,2023-S2,Diminution,64.4,16.4,64.4,19.2
z_78.0_13.5,2024,1,2024-S1,Diminution,78.7,1.6,78.7,19.7
z_78.0_13.5,2024,2,2024-S2,Diminution,69.1,11.0,69.1,19.9
z_78.0_13.5,2025,1,2025-S1,Diminution,67.4,10.8,67.4,21.8
z_78.0_13.5,2025,2,2025-S2,Diminution,54.6,15.6,54.6,29.8
z_78.0_13.5,2026,1,2026-S1,Diminution,51.6,16.8,51.6,31.6
z_78.0_13.5,2026,2,2026-S2,Diminution,55.0,13.2,55.0,31.8
z_78.0_13.5,2027,1,2027-S1,Diminution,50.5,18.2,50.5,31.3
z_78.0_13.5,2027,2,2027-S2,Diminution,51.3,18.0,51.3,30.7
z_78.0_13.5,2028,1,2028-S1,Diminution,47.8,21.3,47.8,30.9
z_78.0_13.5,2028,2,2028-S2,Diminution,51.3,18.0,51.3,30.7
z_78.0_13.5,2029,1,2029-S1,Diminution,47.8,21.3,47.8,30.9
z_78.0_13.5,2029,2,2029-S2,Diminution,51.3,18.0,51.3,30.7
z_78.0_13.5,2030,1,2030-S1,Diminution,47.8,21.3,47.8,30.9
z_78.0_13.5,2030,2,2030-S2,Diminution,51.3,18.0,51.3,30.7
z_78.0_15.0,2023,1,2023-S1,Diminution,73.2,3.4,73.2,23.4
z_78.0_15.0,2023,2,2023-S2,Diminution,73.8,4.6,73.8,21.6
z_78.0_15.0,2024,1,2024-S1,Diminution,73.6,8.5,73.6,17.9
z_78.0_15.0,2024,2,2024-S2,Diminution,68.0,10.8,68.0,21.2
z_78.0_15.0,2025,1,2025-S1,Diminution,68.7,3.8,68.7,27.5
z_78.0_15.0,2025,2,2025-S2,Diminution,73.8,4.6,73.8,21.6
z_78.0_15.0,2026,1,2026-S1,Diminution,73.6,8.5,73.6,17.9
z_78.0_15.0,2026,2,2026-S2,Diminution,75.3,6.2,75.3,18.5
z_78.0_15.0,2027,1,2027-S1,Diminution,80.4,3.5,80.4,16.1
z_78.0_15.0,2027,2,2027-S2,Diminution,73.2,4.0,73.2,22.9
z_78.0_15.0,2028,1,2028-S1,Diminution,84.7,3.7,84.7,11.6
z_78.0_15.0,2028,2,2028-S2,Diminution,73.2,4.0,73.2,22.9
z_78.0_15.0,2029,1,2029-S1,Diminution,84.7,3.7,84.7,11.6
z_78.0_15.0,2029,2,2029-S2,Diminution,73.2,4.0,73.2,22.9
z_78.0_15.0,2030,1,2030-S1,Diminution,84.7,3.7,84.7,11.6
z_78.0_15.0,2030,2,2030-S2,Diminution,73.2,4.0,73.2,22.9
z_79.5_10.5,2023,1,2023-S1,Diminution,69.7,3.2,69.7,27.1
z_79.5_10.5,2023,2,2023-S2,Diminution,86.9,3.2,86.9,9.8
z_79.5_10.5,2024,1,2024-S1,Diminution,75.0,4.9,75.0,20.1
z_79.5_10.5,2024,2,2024-S2,Diminution,85.2,1.7,85.2,13.1
z_79.5_10.5,2025,1,2025-S1,Diminution,84.7,2.6,84.7,12.7
z_79.5_10.5,2025,2,2025-S2,Diminution,90.7,0.4,90.7,8.9
z_79.5_10.5,2026,1,2026-S1,Diminution,86.2,1.2,86.2,12.5
z_79.5_10.5,2026,2,2026-S2,Diminution,80.2,1.2,80.2,18.6
z_79.5_10.5,2027,1,2027-S1,Diminution,85.5,4.1,85.5,10.3
z_79.5_10.5,2027,2,2027-S2,Diminution,85.2,3.4,85.2,11.4
z_79.5_10.5,2028,1,2028-S1,Diminution,84.8,1.1,84.8,14.1
z_79.5_10.5,2028,2,2028-S2,Diminution,86.8,2.9,86.8,10.3
z_79.5_10.5,2029,1,2029-S1,Diminution,90.6,0.4,90.6,9.1
z_79.5_10.5,2029,2,2029-S2,Diminution,90.7,0.4,90.7,8.9
z_79.5_10.5,2030,1,2030-S1,Diminution,90.6,0.4,90.6,9.1
z_79.5_10.5,2030,2,2030-S2,Diminution,90.7,0.4,90.7,8.9
z_79.5_16.5,2023,1,2023-S1,Diminution,90.5,0.6,90.5,8.9
z_79.5_16.5,2023,2,2023-S2,Diminution,91.6,0.3,91.6,8.1
z_79.5_16.5,2024,1,2024-S1,Diminution,90.5,0.6,90.5,8.9
z_79.5_16.5,2024,2,2024-S2,Diminution,91.6,0.3,91.6,8.1
z_79.5_16.5,2025,1,2025-S1,Diminution,90.5,0.6,90.5,8.9
z_79.5_16.5,2025,2,2025-S2,Diminution,91.6,0.3,91.6,8.1
z_79.5_16.5,2026,1,2026-S1,Diminution,92.3,1.0,92.3,6.7
z_79.5_16.5,2026,2,2026-S2,Diminution,84.7,1.1,84.7,14.2
z_79.5_16.5,2027,1,2027-S1,Diminution,81.7,5.3,81.7,13.0
z_79.5_16.5,2027,2,2027-S2,Diminution,86.3,3.2,86.3,10.4
z_79.5_16.5,2028,1,2028-S1,Diminution,84.3,1.5,84.3,14.2
z_79.5_16.5,2028,2,2028-S2,Diminution,88.2,2.6,88.2,9.1
z_79.5_16.5,2029,1,2029-S1,Diminution,90.5,0.6,90.5,8.9
z_79.5_16.5,2029,2,2029-S2,Diminution,91.6,0.3,91.6,8.1
z_79.5_16.5,2030,1,2030-S1,Diminution,90.5,0.6,90.5,8.9
z_79.5_16.5,2030,2,2030-S2,Diminution,91.6,0.3,91.6,8.1
