zone,annee,tendance,confiance,proba_Augmentation,proba_Diminution,proba_Stable
z_24.0_-18.0,2023,Diminution,73.2,5.4,73.2,21.4
z_24.0_-18.0,2024,Diminution,73.3,8.5,73.3,18.2
z_24.0_-18.0,2025,Diminution,58.2,17.5,58.2,24.3
z_24.0_-18.0,2026,Diminution,72.2,6.3,72.2,21.5
z_24.0_-18.0,2027,Diminution,75.6,5.0,75.6,19.4
z_24.0_-18.0,2028,Diminution,70.9,13.6,70.9,15.5
z_24.0_-18.0,2029,Diminution,73.2,5.4,73.2,21.4
z_24.0_-18.0,2030,Diminution,73.3,8.5,73.3,18.2
z_24.0_-19.5,2023,Diminution,81.1,1.7,81.1,17.1
z_24.0_-19.5,2024,Diminution,65.5,12.3,65.5,22.2
z_24.0_-19.5,2025,Diminution,78.9,3.0,78.9,18.1
z_24.0_-19.5,2026,Diminution,84.9,1.2,84.9,13.8
z_24.0_-19.5,2027,Diminution,80.9,6.8,80.9,12.3
z_24.0_-19.5,2028,Diminution,81.1,1.7,81.1,17.1
z_24.0_-19.5,2029,Diminution,84.4,2.3,84.4,13.3
z_24.0_-19.5,2030,Diminution,84.4,2.3,84.4,13.3
z_25.5_-16.5,2023,Diminution,78.9,2.0,78.9,19.2
z_25.5_-16.5,2024,Diminution,78.9,2.0,78.9,19.2
z_25.5_-16.5,2025,Diminution,60.6,10.7,60.6,28.7
z_25.5_-16.5,2026,Diminution,77.0,2.6,77.0,20.4
z_25.5_-16.5,2027,Diminution,78.5,1.0,78.5,20.5
z_25.5_-16.5,2028,Diminution,76.2,5.9,76.2,18.0
z_25.5_-16.5,2029,Diminution,75.2,1.8,75.2,23.0
z_25.5_-16.5,2030,Diminution,78.9,2.0,78.9,19.2
z_27.0_-15.0,2023,Diminution,61.1,5.5,61.1,33.4
z_27.0_-15.0,2024,Diminution,56.7,7.7,56.7,35.7
z_27.0_-15.0,2025,Diminution,62.5,7.5,62.5,30.0
z_27.0_-15.0,2026,Diminution,63.5,3.0,63.5,33.5
z_27.0_-15.0,2027,Diminution,55.8,9.7,55.8,34.5
z_27.0_-15.0,2028,Diminution,63.1,6.2,63.1,30.8
z_27.0_-15.0,2029,Diminution,65.6,3.6,65.6,30.8
z_27.0_-15.0,2030,Diminution,65.6,3.6,65.6,30.8
z_27.0_-16.5,2023,Augmentation,55.3,55.3,16.7,28.0
z_27.0_-16.5,2024,Augmentation,50.3,50.3,22.5,27.2
z_27.0_-16.5,2025,Augmentation,53.0,53.0,19.7,27.4
z_27.0_-16.5,2026,Augmentation,43.7,43.7,25.8,30.5
z_27.0_-16.5,2027,Augmentation,50.2,50.2,20.2,29.5
z_27.0_-16.5,2028,Augmentation,53.5,53.5,17.3,29.2
z_27.0_-16.5,2029,Augmentation,53.4,53.4,17.9,28.7
z_27.0_-16.5,2030,Augmentation,54.9,54.9,18.5,26.6
z_28.5_-13.5,2023,Diminution,78.1,2.3,78.1,19.6
z_28.5_-13.5,2024,Diminution,78.1,2.3,78.1,19.6
z_28.5_-13.5,2025,Diminution,69.7,8.7,69.7,21.6
z_28.5_-13.5,2026,Diminution,58.6,16.0,58.6,25.4
z_28.5_-13.5,2027,Diminution,67.3,10.8,67.3,21.9
z_28.5_-13.5,2028,Diminution,76.0,3.3,76.0,20.6
z_28.5_-13.5,2029,Diminution,69.7,6.2,69.7,24.0
z_28.5_-13.5,2030,Diminution,72.5,4.8,72.5,22.7
z_28.5_-15.0,2023,Augmentation,31.5,31.5,28.0,40.6
z_28.5_-15.0,2024,Augmentation,31.1,31.1,24.0,44.9
z_28.5_-15.0,2025,Augmentation,35.8,35.8,30.6,33.6
z_28.5_-15.0,2026,Augmentation,31.3,31.3,27.5,41.1
z_28.5_-15.0,2027,Augmentation,33.6,33.6,26.9,39.5
z_28.5_-15.0,2028,Augmentation,35.4,35.4,27.7,37.0
z_28.5_-15.0,2029,Augmentation,33.4,33.4,27.4,39.2
z_28.5_-15.0,2030,Augmentation,33.4,33.4,27.3,39.3
z_28.5_-16.5,2023,Augmentation,47.5,47.5,22.6,29.9
z_28.5_-16.5,2024,Augmentation,42.3,42.3,25.3,32.4
z_28.5_-16.5,2025,Augmentation,41.8,41.8,25.4,32.8
z_28.5_-16.5,2026,Augmentation,37.6,37.6,19.8,42.6
z_28.5_-16.5,2027,Augmentation,47.8,47.8,20.3,31.8
z_28.5_-16.5,2028,Augmentation,46.7,46.7,18.8,34.6
z_28.5_-16.5,2029,Augmentation,43.3,43.3,21.7,35.0
z_28.5_-16.5,2030,Augmentation,43.0,43.0,19.4,37.5
z_30.0_-10.5,2023,Diminution,36.0,14.6,36.0,49.4
z_30.0_-10.5,2024,Diminution,46.9,13.2,46.9,39.9
z_30.0_-10.5,2025,Diminution,36.1,14.4,36.1,49.5
z_30.0_-10.5,2026,Diminution,48.3,18.8,48.3,32.9
z_30.0_-10.5,2027,Diminution,45.7,10.7,45.7,43.6
z_30.0_-10.5,2028,Augmentation,20.6,20.6,38.3,41.0
z_30.0_-10.5,2029,Diminution,50.4,14.2,50.4,35.4
z_30.0_-10.5,2030,Diminution,44.0,14.2,44.0,41.7
z_30.0_-13.5,2023,Diminution,73.8,6.7,73.8,19.5
z_30.0_-13.5,2024,Diminution,73.2,7.0,73.2,19.8
z_30.0_-13.5,2025,Diminution,59.1,11.3,59.1,29.6
z_30.0_-13.5,2026,Diminution,68.3,7.4,68.3,24.3
z_30.0_-13.5,2027,Diminution,73.0,7.5,73.0,19.6
z_30.0_-13.5,2028,Diminution,70.9,5.2,70.9,23.9
z_30.0_-13.5,2029,Diminution,74.2,7.0,74.2,18.8
z_30.0_-13.5,2030,Diminution,78.7,4.1,78.7,17.2
z_30.0_-15.0,2023,Diminution,63.4,13.9,63.4,22.7
z_30.0_-15.0,2024,Diminution,71.0,7.8,71.0,21.2
z_30.0_-15.0,2025,Diminution,71.8,5.3,71.8,23.0
z_30.0_-15.0,2026,Diminution,64.6,15.2,64.6,20.2
z_30.0_-15.0,2027,Diminution,71.4,7.6,71.4,21.0
z_30.0_-15.0,2028,Diminution,82.3,3.9,82.3,13.8
z_30.0_-15.0,2029,Diminution,76.0,7.9,76.0,16.1
z_30.0_-15.0,2030,Diminution,73.9,6.0,73.9,20.1
z_30.0_28.5,2023,Augmentation,36.5,36.5,29.5,34.1
z_30.0_28.5,2024,Augmentation,42.4,42.4,18.8,38.7
z_30.0_28.5,2025,Augmentation,38.5,38.5,24.6,36.9
z_30.0_28.5,2026,Augmentation,43.3,43.3,20.0,36.7
z_30.0_28.5,2027,Augmentation,33.9,33.9,25.4,40.7
z_30.0_28.5,2028,Augmentation,43.7,43.7,22.8,33.5
z_30.0_28.5,2029,Augmentation,44.6,44.6,21.7,33.6
z_30.0_28.5,2030,Augmentation,42.9,42.9,20.6,36.6
z_30.0_30.0,2023,Diminution,51.6,14.1,51.6,34.3
z_30.0_30.0,2024,Diminution,58.4,8.2,58.4,33.4
z_30.0_30.0,2025,Diminution,43.7,11.3,43.7,45.0
z_30.0_30.0,2026,Diminution,47.0,18.0,47.0,35.0
z_30.0_30.0,2027,Diminution,47.2,15.2,47.2,37.6
z_30.0_30.0,2028,Diminution,58.4,8.2,58.4,33.4
z_30.0_30.0,2029,Diminution,43.7,11.3,43.7,45.0
z_30.0_30.0,2030,Diminution,53.5,11.8,53.5,34.7
z_30.0_31.5,2023,Augmentation,51.6,51.6,14.8,33.6
z_30.0_31.5,2024,Augmentation,64.1,64.1,12.3,23.6
z_30.0_31.5,2025,Augmentation,62.2,62.2,12.6,25.3
z_30.0_31.5,2026,Augmentation,53.6,53.6,17.5,28.9
z_30.0_31.5,2027,Augmentation,51.4,51.4,16.4,32.2
z_30.0_31.5,2028,Augmentation,41.2,41.2,20.6,38.2
z_30.0_31.5,2029,Augmentation,57.8,57.8,14.1,28.1
z_30.0_31.5,2030,Augmentation,69.1,69.1,13.2,17.7
z_31.5_-15.0,2023,Diminution,76.5,1.1,76.5,22.4
z_31.5_-15.0,2024,Diminution,68.2,4.6,68.2,27.3
z_31.5_-15.0,2025,Diminution,55.8,12.7,55.8,31.6
z_31.5_-15.0,2026,Diminution,62.9,3.5,62.9,33.5
z_31.5_-15.0,2027,Diminution,76.5,1.1,76.5,22.4
z_31.5_-15.0,2028,Diminution,68.2,4.6,68.2,27.3
z_31.5_-15.0,2029,Diminution,66.2,2.2,66.2,31.6
z_31.5_-15.0,2030,Diminution,74.7,1.7,74.7,23.6
z_31.5_-18.0,2023,Augmentation,37.3,37.3,14.2,48.5
z_31.5_-18.0,2024,Augmentation,39.4,39.4,15.2,45.4
z_31.5_-18.0,2025,Augmentation,39.5,39.5,16.6,43.9
z_31.5_-18.0,2026,Augmentation,34.0,34.0,20.5,45.5
z_31.5_-18.0,2027,Augmentation,43.6,43.6,22.0,34.5
z_31.5_-18.0,2028,Augmentation,29.7,29.7,20.1,50.2
z_31.5_-18.0,2029,Augmentation,35.7,35.7,17.6,46.8
z_31.5_-18.0,2030,Augmentation,38.6,38.6,16.6,44.7
z_31.5_31.5,2023,Augmentation,31.9,31.9,23.3,44.8
z_31.5_31.5,2024,Augmentation,38.0,38.0,24.7,37.3
z_31.5_31.5,2025,Augmentation,33.1,33.1,24.1,42.8
z_31.5_31.5,2026,Augmentation,45.4,45.4,23.3,31.4
z_31.5_31.5,2027,Augmentation,31.2,31.2,24.3,44.5
z_31.5_31.5,2028,Augmentation,33.9,33.9,22.6,43.5
z_31.5_31.5,2029,Augmentation,38.6,38.6,22.8,38.6
z_31.5_31.5,2030,Augmentation,39.4,39.4,21.0,39.5
z_33.0_-13.5,2023,Diminution,62.5,7.1,62.5,30.4
z_33.0_-13.5,2024,Diminution,52.8,15.8,52.8,31.4
z_33.0_-13.5,2025,Diminution,62.5,7.1,62.5,30.4
z_33.0_-13.5,2026,Diminution,68.8,3.5,68.8,27.7
z_33.0_-13.5,2027,Diminution,67.8,8.4,67.8,23.8
z_33.0_-13.5,2028,Diminution,67.6,3.9,67.6,28.4
z_33.0_-13.5,2029,Diminution,73.4,4.8,73.4,21.8
z_33.0_-13.5,2030,Diminution,73.4,4.8,73.4,21.8
z_33.0_-9.0,2023,Augmentation,39.5,39.5,28.2,32.3
z_33.0_-9.0,2024,Augmentation,42.0,42.0,26.3,31.7
z_33.0_-9.0,2025,Augmentation,38.3,38.3,26.7,34.9
z_33.0_-9.0,2026,Augmentation,44.1,44.1,18.8,37.0
z_33.0_-9.0,2027,Augmentation,47.8,47.8,18.9,33.3
z_33.0_-9.0,2028,Augmentation,49.2,49.2,17.5,33.3
z_33.0_-9.0,2029,Augmentation,48.5,48.5,19.8,31.7
z_33.0_-9.0,2030,Augmentation,51.1,51.1,19.4,29.5
z_33.0_10.5,2023,Diminution,82.9,6.5,82.9,10.5
z_33.0_10.5,2024,Diminution,82.9,6.5,82.9,10.5
z_33.0_10.5,2025,Diminution,82.9,6.5,82.9,10.5
z_33.0_10.5,2026,Diminution,65.8,13.5,65.8,20.6
z_33.0_10.5,2027,Diminution,79.2,5.7,79.2,15.1
z_33.0_10.5,2028,Diminution,81.9,4.1,81.9,13.9
z_33.0_10.5,2029,Diminution,77.5,12.8,77.5,9.7
z_33.0_10.5,2030,Diminution,79.6,4.5,79.6,15.9
z_33.0_18.0,2023,Diminution,81.1,6.0,81.1,12.9
z_33.0_18.0,2024,Diminution,81.1,6.0,81.1,12.9
z_33.0_18.0,2025,Diminution,65.3,13.4,65.3,21.3
z_33.0_18.0,2026,Diminution,77.1,5.4,77.1,17.5
z_33.0_18.0,2027,Diminution,80.3,3.7,80.3,16.0
z_33.0_18.0,2028,Diminution,74.8,12.8,74.8,12.4
z_33.0_18.0,2029,Diminution,78.2,4.4,78.2,17.3
z_33.0_18.0,2030,Diminution,81.1,6.0,81.1,12.9
z_33.0_25.5,2023,Diminution,84.4,1.4,84.4,14.2
z_33.0_25.5,2024,Diminution,84.4,1.4,84.4,14.2
z_33.0_25.5,2025,Diminution,68.3,8.6,68.3,23.1
z_33.0_25.5,2026,Diminution,81.3,3.2,81.3,15.5
z_33.0_25.5,2027,Diminution,83.0,0.8,83.0,16.1
z_33.0_25.5,2028,Diminution,79.8,5.0,79.8,15.2
z_33.0_25.5,2029,Diminution,83.0,2.0,83.0,15.1
z_33.0_25.5,2030,Diminution,84.4,1.4,84.4,14.2
z_33.0_9.0,2023,Diminution,49.6,6.1,49.6,44.3
z_33.0_9.0,2024,Diminution,49.6,6.1,49.6,44.3
z_33.0_9.0,2025,Diminution,39.4,8.4,39.4,52.2
z_33.0_9.0,2026,Diminution,45.5,6.7,45.5,47.9
z_33.0_9.0,2027,Diminution,57.1,6.6,57.1,36.3
z_33.0_9.0,2028,Diminution,50.3,8.2,50.3,41.5
z_33.0_9.0,2029,Diminution,50.5,8.3,50.5,41.1
z_33.0_9.0,2030,Diminution,49.6,6.1,49.6,44.3
z_34.5_-1.5,2023,Augmentation,19.9,19.9,31.7,48.4
z_34.5_-1.5,2024,Augmentation,33.6,33.6,30.5,35.9
z_34.5_-1.5,2025,Augmentation,31.1,31.1,37.3,31.6
z_34.5_-1.5,2026,Augmentation,16.8,16.8,30.3,52.9
z_34.5_-1.5,2027,Augmentation,28.5,28.5,27.6,43.9
z_34.5_-1.5,2028,Augmentation,35.7,35.7,31.7,32.5
z_34.5_-1.5,2029,Augmentation,31.2,31.2,29.9,38.9
z_34.5_-1.5,2030,Augmentation,31.2,31.2,29.9,38.9
z_34.5_-10.5,2023,Diminution,75.7,3.8,75.7,20.5
z_34.5_-10.5,2024,Diminution,75.7,3.8,75.7,20.5
z_34.5_-10.5,2025,Diminution,62.7,10.9,62.7,26.4
z_34.5_-10.5,2026,Diminution,64.4,5.2,64.4,30.4
z_34.5_-10.5,2027,Diminution,78.0,2.6,78.0,19.5
z_34.5_-10.5,2028,Diminution,67.7,8.5,67.7,23.8
z_34.5_-10.5,2029,Diminution,67.5,3.8,67.5,28.7
z_34.5_-10.5,2030,Diminution,75.7,3.8,75.7,20.5
z_34.5_-15.0,2023,Diminution,83.8,3.1,83.8,13.1
z_34.5_-15.0,2024,Diminution,65.7,13.4,65.7,20.9
z_34.5_-15.0,2025,Diminution,78.4,3.2,78.4,18.4
z_34.5_-15.0,2026,Diminution,84.1,1.8,84.1,14.1
z_34.5_-15.0,2027,Diminution,80.0,7.9,80.0,12.2
z_34.5_-15.0,2028,Diminution,80.8,2.2,80.8,17.0
z_34.5_-15.0,2029,Diminution,83.8,3.1,83.8,13.1
z_34.5_-15.0,2030,Diminution,83.8,3.1,83.8,13.1
z_34.5_-39.0,2023,Diminution,82.2,2.8,82.2,15.1
z_34.5_-39.0,2024,Diminution,82.2,2.8,82.2,15.1
z_34.5_-39.0,2025,Diminution,82.2,2.8,82.2,15.1
z_34.5_-39.0,2026,Diminution,62.1,11.8,62.1,26.1
z_34.5_-39.0,2027,Diminution,77.2,3.4,77.2,19.5
z_34.5_-39.0,2028,Diminution,83.4,1.7,83.4,14.9
z_34.5_-39.0,2029,Diminution,78.1,7.2,78.1,14.7
z_34.5_-39.0,2030,Diminution,78.7,2.1,78.7,19.2
z_34.5_-4.5,2023,Augmentation,27.4,27.4,29.3,43.3
z_34.5_-4.5,2024,Augmentation,27.8,27.8,26.6,45.6
z_34.5_-4.5,2025,Augmentation,26.9,26.9,33.2,39.9
z_34.5_-4.5,2026,Augmentation,25.2,25.2,32.7,42.0
z_34.5_-4.5,2027,Augmentation,25.5,25.5,35.1,39.4
z_34.5_-4.5,2028,Augmentation,25.7,25.7,33.1,41.2
z_34.5_-4.5,2029,Augmentation,25.6,25.6,33.1,41.2
z_34.5_-4.5,2030,Augmentation,25.6,25.6,33.1,41.2
z_34.5_-6.0,2023,Augmentation,45.6,45.6,29.1,25.4
z_34.5_-6.0,2024,Augmentation,37.7,37.7,31.7,30.5
z_34.5_-6.0,2025,Augmentation,46.3,46.3,22.9,30.8
z_34.5_-6.0,2026,Augmentation,46.2,46.2,23.5,30.3
z_34.5_-6.0,2027,Augmentation,45.2,45.2,23.2,31.7
z_34.5_-6.0,2028,Augmentation,41.6,41.6,24.9,33.5
z_34.5_-6.0,2029,Augmentation,38.8,38.8,26.9,34.3
z_34.5_-6.0,2030,Augmentation,40.6,40.6,23.7,35.8
z_34.5_-7.5,2023,Augmentation,31.7,31.7,22.2,46.1
z_34.5_-7.5,2024,Augmentation,49.0,49.0,20.4,30.6
z_34.5_-7.5,2025,Augmentation,43.1,43.1,27.5,29.5
z_34.5_-7.5,2026,Augmentation,36.8,36.8,19.7,43.5
z_34.5_-7.5,2027,Augmentation,41.1,41.1,27.6,31.2
z_34.5_-7.5,2028,Augmentation,48.6,48.6,25.9,25.6
z_34.5_-7.5,2029,Augmentation,43.3,43.3,25.6,31.1
z_34.5_-7.5,2030,Augmentation,49.9,49.9,23.2,26.9
z_34.5_0.0,2023,Diminution,59.4,10.2,59.4,30.4
z_34.5_0.0,2024,Diminution,65.7,7.0,65.7,27.3
z_34.5_0.0,2025,Diminution,49.5,15.0,49.5,35.4
z_34.5_0.0,2026,Diminution,59.4,10.2,59.4,30.4
z_34.5_0.0,2027,Diminution,65.7,7.0,65.7,27.3
z_34.5_0.0,2028,Diminution,59.2,11.8,59.2,29.0
z_34.5_0.0,2029,Diminution,61.1,8.9,61.1,30.0
z_34.5_0.0,2030,Diminution,61.3,10.2,61.3,28.5
z_34.5_12.0,2023,Augmentation,27.3,27.3,28.7,44.0
z_34.5_12.0,2024,Augmentation,37.3,37.3,30.3,32.4
z_34.5_12.0,2025,Augmentation,35.2,35.2,28.1,36.8
z_34.5_12.0,2026,Augmentation,34.8,34.8,33.6,31.6
z_34.5_12.0,2027,Augmentation,30.3,30.3,36.3,33.4
z_34.5_12.0,2028,Augmentation,45.6,45.6,29.5,24.8
z_34.5_12.0,2029,Augmentation,47.0,47.0,27.5,25.6
z_34.5_12.0,2030,Augmentation,43.6,43.6,28.2,28.2
z_34.5_13.5,2023,Augmentation,24.7,24.7,12.0,63.2
z_34.5_13.5,2024,Augmentation,29.9,29.9,14.6,55.5
z_34.5_13.5,2025,Augmentation,33.2,33.2,13.0,53.9
z_34.5_13.5,2026,Augmentation,27.3,27.3,7.4,65.3
z_34.5_13.5,2027,Augmentation,26.2,26.2,8.4,65.4
z_34.5_13.5,2028,Augmentation,27.4,27.4,7.8,64.8
z_34.5_13.5,2029,Augmentation,28.0,28.0,6.3,65.7
z_34.5_13.5,2030,Augmentation,31.6,31.6,6.4,62.0
z_34.5_16.5,2023,Diminution,72.6,6.2,72.6,21.1
z_34.5_16.5,2024,Diminution,73.0,7.5,73.0,19.4
z_34.5_16.5,2025,Diminution,79.5,4.5,79.5,16.0
z_34.5_16.5,2026,Diminution,67.8,8.5,67.8,23.7
z_34.5_16.5,2027,Diminution,71.1,9.7,71.1,19.1
z_34.5_16.5,2028,Diminution,79.5,4.5,79.5,16.0
z_34.5_16.5,2029,Diminution,70.1,5.6,70.1,24.3
z_34.5_16.5,2030,Diminution,72.8,8.5,72.8,18.6
z_34.5_18.0,2023,Diminution,85.1,1.6,85.1,13.3
z_34.5_18.0,2024,Diminution,85.1,1.6,85.1,13.3
z_34.5_18.0,2025,Diminution,67.9,9.1,67.9,23.0
z_34.5_18.0,2026,Diminution,81.9,3.1,81.9,15.1
z_34.5_18.0,2027,Diminution,84.2,0.8,84.2,15.0
z_34.5_18.0,2028,Diminution,80.4,5.3,80.4,14.3
z_34.5_18.0,2029,Diminution,83.4,1.8,83.4,14.8
z_34.5_18.0,2030,Diminution,85.1,1.6,85.1,13.3
z_34.5_19.5,2023,Diminution,58.5,9.6,58.5,31.9
z_34.5_19.5,2024,Diminution,61.8,7.7,61.8,30.5
z_34.5_19.5,2025,Diminution,51.2,13.9,51.2,34.9
z_34.5_19.5,2026,Diminution,58.1,11.4,58.1,30.5
z_34.5_19.5,2027,Diminution,69.0,6.3,69.0,24.8
z_34.5_19.5,2028,Diminution,59.8,11.4,59.8,28.9
z_34.5_19.5,2029,Diminution,61.8,7.7,61.8,30.5
z_34.5_19.5,2030,Diminution,64.0,8.8,64.0,27.2
z_34.5_22.5,2023,Augmentation,40.1,40.1,18.9,41.0
z_34.5_22.5,2024,Augmentation,54.3,54.3,18.6,27.1
z_34.5_22.5,2025,Augmentation,37.9,37.9,22.1,40.0
z_34.5_22.5,2026,Augmentation,48.7,48.7,19.1,32.1
z_34.5_22.5,2027,Augmentation,49.0,49.0,20.1,30.8
z_34.5_22.5,2028,Augmentation,46.1,46.1,15.9,38.1
z_34.5_22.5,2029,Augmentation,47.6,47.6,17.5,34.9
z_34.5_22.5,2030,Augmentation,48.1,48.1,17.2,34.7
z_34.5_24.0,2023,Augmentation,31.0,31.0,21.1,47.8
z_34.5_24.0,2024,Augmentation,36.2,36.2,19.0,44.8
z_34.5_24.0,2025,Augmentation,35.8,35.8,18.0,46.1
z_34.5_24.0,2026,Augmentation,34.3,34.3,16.4,49.4
z_34.5_24.0,2027,Augmentation,37.4,37.4,16.5,46.1
z_34.5_24.0,2028,Augmentation,38.7,38.7,13.4,47.9
z_34.5_24.0,2029,Augmentation,40.8,40.8,13.5,45.7
z_34.5_24.0,2030,Augmentation,37.8,37.8,13.1,49.1
z_34.5_25.5,2023,Augmentation,35.3,35.3,28.8,35.9
z_34.5_25.5,2024,Augmentation,48.6,48.6,25.1,26.4
z_34.5_25.5,2025,Augmentation,30.7,30.7,30.4,38.9
z_34.5_25.5,2026,Augmentation,44.4,44.4,25.2,30.4
z_34.5_25.5,2027,Augmentation,35.9,35.9,24.6,39.4
z_34.5_25.5,2028,Augmentation,43.3,43.3,24.0,32.7
z_34.5_25.5,2029,Augmentation,42.1,42.1,22.6,35.3
z_34.5_25.5,2030,Augmentation,41.5,41.5,24.1,34.3
z_34.5_27.0,2023,Augmentation,31.4,31.4,20.3,48.2
z_34.5_27.0,2024,Augmentation,32.4,32.4,26.1,41.5
z_34.5_27.0,2025,Augmentation,31.5,31.5,27.2,41.3
z_34.5_27.0,2026,Augmentation,25.9,25.9,33.8,40.3
z_34.5_27.0,2027,Augmentation,22.6,22.6,33.4,44.0
z_34.5_27.0,2028,Augmentation,23.8,23.8,34.8,41.4
z_34.5_27.0,2029,Augmentation,22.6,22.6,33.3,44.1
z_34.5_27.0,2030,Augmentation,21.7,21.7,30.4,48.0
z_34.5_31.5,2023,Augmentation,43.8,43.8,17.9,38.2
z_34.5_31.5,2024,Augmentation,59.9,59.9,11.8,28.3
z_34.5_31.5,2025,Augmentation,44.7,44.7,21.5,33.8
z_34.5_31.5,2026,Augmentation,45.9,45.9,23.7,30.4
z_34.5_31.5,2027,Augmentation,39.8,39.8,28.2,32.0
z_34.5_31.5,2028,Augmentation,33.5,33.5,20.0,46.4
z_34.5_31.5,2029,Augmentation,49.9,49.9,18.1,32.0
z_34.5_31.5,2030,Augmentation,49.8,49.8,15.4,34.8
z_34.5_33.0,2023,Augmentation,71.4,71.4,15.7,12.9
z_34.5_33.0,2024,Augmentation,68.0,68.0,16.8,15.2
z_34.5_33.0,2025,Augmentation,68.0,68.0,16.5,15.5
z_34.5_33.0,2026,Augmentation,62.3,62.3,16.5,21.2
z_34.5_33.0,2027,Augmentation,67.1,67.1,17.1,15.8
z_34.5_33.0,2028,Augmentation,71.6,71.6,14.0,14.4
z_34.5_33.0,2029,Augmentation,64.5,64.5,15.3,20.2
z_34.5_33.0,2030,Augmentation,69.0,69.0,14.1,17.0
z_36.0_-1.5,2023,Augmentation,43.8,43.8,23.7,32.5
z_36.0_-1.5,2024,Augmentation,28.2,28.2,27.8,44.0
z_36.0_-1.5,2025,Augmentation,43.7,43.7,28.5,27.8
z_36.0_-1.5,2026,Augmentation,45.6,45.6,27.5,26.9
z_36.0_-1.5,2027,Augmentation,40.9,40.9,25.4,33.7
z_36.0_-1.5,2028,Augmentation,41.1,41.1,32.4,26.4
z_36.0_-1.5,2029,Augmentation,41.9,41.9,29.4,28.7
z_36.0_-1.5,2030,Augmentation,46.0,46.0,25.4,28.6
z_36.0_-10.5,2023,Augmentation,49.8,49.8,16.4,33.8
z_36.0_-10.5,2024,Augmentation,46.6,46.6,15.8,37.6
z_36.0_-10.5,2025,Augmentation,53.5,53.5,15.6,30.9
z_36.0_-10.5,2026,Augmentation,67.2,67.2,11.2,21.6
z_36.0_-10.5,2027,Augmentation,64.3,64.3,13.5,22.2
z_36.0_-10.5,2028,Augmentation,67.4,67.4,12.8,19.8
z_36.0_-10.5,2029,Augmentation,67.6,67.6,12.1,20.3
z_36.0_-10.5,2030,Augmentation,62.8,62.8,13.3,23.9
z_36.0_-12.0,2023,Diminution,82.6,2.6,82.6,14.8
z_36.0_-12.0,2024,Diminution,62.4,12.2,62.4,25.4
z_36.0_-12.0,2025,Diminution,77.5,3.1,77.5,19.4
z_36.0_-12.0,2026,Diminution,83.4,1.6,83.4,15.0
z_36.0_-12.0,2027,Diminution,79.2,6.9,79.2,13.9
z_36.0_-12.0,2028,Diminution,77.8,1.9,77.8,20.3
z_36.0_-12.0,2029,Diminution,82.6,2.6,82.6,14.8
z_36.0_-12.0,2030,Diminution,82.6,2.6,82.6,14.8
z_36.0_-22.5,2023,Diminution,83.1,2.1,83.1,14.9
z_36.0_-22.5,2024,Diminution,83.9,2.8,83.9,13.3
z_36.0_-22.5,2025,Diminution,83.9,2.8,83.9,13.3
z_36.0_-22.5,2026,Diminution,65.5,11.7,65.5,22.8
z_36.0_-22.5,2027,Diminution,78.5,3.9,78.5,17.6
z_36.0_-22.5,2028,Diminution,85.8,1.6,85.8,12.6
z_36.0_-22.5,2029,Diminution,80.5,6.8,80.5,12.6
z_36.0_-22.5,2030,Diminution,83.1,2.1,83.1,14.9
z_36.0_-3.0,2023,Augmentation,66.3,66.3,7.5,26.1
z_36.0_-3.0,2024,Augmentation,67.9,67.9,10.8,21.3
z_36.0_-3.0,2025,Augmentation,56.0,56.0,10.6,33.4
z_36.0_-3.0,2026,Augmentation,66.2,66.2,9.8,24.0
z_36.0_-3.0,2027,Augmentation,66.1,66.1,8.8,25.1
z_36.0_-3.0,2028,Augmentation,66.9,66.9,9.6,23.5
z_36.0_-3.0,2029,Augmentation,61.7,61.7,8.8,29.5
z_36.0_-3.0,2030,Augmentation,58.4,58.4,9.0,32.6
z_36.0_-36.0,2023,Diminution,84.4,1.8,84.4,13.8
z_36.0_-36.0,2024,Diminution,84.4,1.8,84.4,13.8
z_36.0_-36.0,2025,Diminution,65.6,9.8,65.6,24.7
z_36.0_-36.0,2026,Diminution,79.2,3.3,79.2,17.5
z_36.0_-36.0,2027,Diminution,85.3,1.0,85.3,13.7
z_36.0_-36.0,2028,Diminution,79.8,5.5,79.8,14.7
z_36.0_-36.0,2029,Diminution,82.1,1.5,82.1,16.4
z_36.0_-36.0,2030,Diminution,84.4,1.8,84.4,13.8
z_36.0_-4.5,2023,Augmentation,45.0,45.0,15.8,39.1
z_36.0_-4.5,2024,Augmentation,57.9,57.9,12.9,29.3
z_36.0_-4.5,2025,Augmentation,44.2,44.2,17.1,38.6
z_36.0_-4.5,2026,Augmentation,48.1,48.1,15.9,36.0
z_36.0_-4.5,2027,Augmentation,44.7,44.7,17.5,37.8
z_36.0_-4.5,2028,Augmentation,43.8,43.8,16.1,40.0
z_36.0_-4.5,2029,Augmentation,45.2,45.2,15.6,39.1
z_36.0_-4.5,2030,Augmentation,46.0,46.0,15.4,38.6
z_36.0_-6.0,2023,Augmentation,39.1,39.1,12.9,48.0
z_36.0_-6.0,2024,Augmentation,32.7,32.7,12.3,55.0
z_36.0_-6.0,2025,Augmentation,31.3,31.3,19.8,48.9
z_36.0_-6.0,2026,Augmentation,36.4,36.4,16.5,47.1
z_36.0_-6.0,2027,Augmentation,36.9,36.9,16.3,46.9
z_36.0_-6.0,2028,Augmentation,39.5,39.5,14.0,46.5
z_36.0_-6.0,2029,Augmentation,37.3,37.3,16.6,46.1
z_36.0_-6.0,2030,Augmentation,33.5,33.5,16.9,49.6
z_36.0_-7.5,2023,Augmentation,59.6,59.6,8.7,31.7
z_36.0_-7.5,2024,Augmentation,66.1,66.1,9.2,24.7
z_36.0_-7.5,2025,Augmentation,58.5,58.5,11.7,29.9
z_36.0_-7.5,2026,Augmentation,53.6,53.6,12.0,34.4
z_36.0_-7.5,2027,Augmentation,62.8,62.8,9.9,27.3
z_36.0_-7.5,2028,Augmentation,62.2,62.2,9.5,28.3
z_36.0_-7.5,2029,Augmentation,57.3,57.3,9.0,33.7
z_36.0_-7.5,2030,Augmentation,56.2,56.2,8.9,34.9
z_36.0_-9.0,2023,Augmentation,47.7,47.7,14.7,37.5
z_36.0_-9.0,2024,Augmentation,48.8,48.8,19.0,32.2
z_36.0_-9.0,2025,Augmentation,55.9,55.9,13.4,30.7
z_36.0_-9.0,2026,Augmentation,56.1,56.1,18.4,25.6
z_36.0_-9.0,2027,Augmentation,55.7,55.7,10.3,34.0
z_36.0_-9.0,2028,Augmentation,52.3,52.3,15.2,32.4
z_36.0_-9.0,2029,Augmentation,57.3,57.3,15.2,27.4
z_36.0_-9.0,2030,Augmentation,67.7,67.7,10.8,21.5
z_36.0_0.0,2023,Augmentation,30.1,30.1,34.3,35.6
z_36.0_0.0,2024,Augmentation,29.8,29.8,43.4,26.8
z_36.0_0.0,2025,Augmentation,26.7,26.7,35.8,37.5
z_36.0_0.0,2026,Augmentation,32.2,32.2,38.7,29.1
z_36.0_0.0,2027,Augmentation,39.0,39.0,39.5,21.4
z_36.0_0.0,2028,Augmentation,31.7,31.7,33.3,35.0
z_36.0_0.0,2029,Augmentation,37.9,37.9,35.5,26.6
z_36.0_0.0,2030,Augmentation,33.9,33.9,36.5,29.6
z_36.0_10.5,2023,Augmentation,54.6,54.6,17.1,28.3
z_36.0_10.5,2024,Augmentation,47.3,47.3,18.2,34.5
z_36.0_10.5,2025,Augmentation,47.5,47.5,15.4,37.0
z_36.0_10.5,2026,Augmentation,51.1,51.1,16.8,32.1
z_36.0_10.5,2027,Augmentation,51.1,51.1,17.6,31.3
z_36.0_10.5,2028,Augmentation,53.2,53.2,15.5,31.4
z_36.0_10.5,2029,Augmentation,49.9,49.9,16.5,33.7
z_36.0_10.5,2030,Augmentation,49.4,49.4,16.2,34.4
z_36.0_12.0,2023,Augmentation,38.0,38.0,18.3,43.7
z_36.0_12.0,2024,Augmentation,45.9,45.9,17.4,36.7
z_36.0_12.0,2025,Augmentation,61.2,61.2,11.5,27.3
z_36.0_12.0,2026,Augmentation,57.0,57.0,13.1,29.9
z_36.0_12.0,2027,Augmentation,55.6,55.6,12.0,32.5
z_36.0_12.0,2028,Augmentation,54.7,54.7,12.3,33.0
z_36.0_12.0,2029,Augmentation,55.4,55.4,13.2,31.3
z_36.0_12.0,2030,Augmentation,62.2,62.2,11.9,25.9
z_36.0_13.5,2023,Augmentation,34.7,34.7,14.5,50.8
z_36.0_13.5,2024,Augmentation,40.0,40.0,15.6,44.4
z_36.0_13.5,2025,Augmentation,46.4,46.4,13.1,40.5
z_36.0_13.5,2026,Augmentation,38.2,38.2,16.5,45.3
z_36.0_13.5,2027,Augmentation,43.0,43.0,15.3,41.7
z_36.0_13.5,2028,Augmentation,32.6,32.6,13.9,53.5
z_36.0_13.5,2029,Augmentation,40.1,40.1,16.0,43.9
z_36.0_13.5,2030,Augmentation,42.9,42.9,13.1,44.0
z_36.0_15.0,2023,Augmentation,46.9,46.9,18.8,34.3
z_36.0_15.0,2024,Augmentation,44.2,44.2,23.1,32.8
z_36.0_15.0,2025,Augmentation,53.6,53.6,15.1,31.3
z_36.0_15.0,2026,Augmentation,48.4,48.4,18.8,32.8
z_36.0_15.0,2027,Augmentation,55.8,55.8,14.7,29.4
z_36.0_15.0,2028,Augmentation,52.7,52.7,16.2,31.1
z_36.0_15.0,2029,Augmentation,52.0,52.0,19.5,28.5
z_36.0_15.0,2030,Augmentation,53.0,53.0,19.0,27.9
z_36.0_16.5,2023,Augmentation,25.3,25.3,39.8,34.8
z_36.0_16.5,2024,Augmentation,31.1,31.1,33.1,35.8
z_36.0_16.5,2025,Augmentation,23.1,23.1,38.9,38.0
z_36.0_16.5,2026,Augmentation,25.8,25.8,39.3,34.9
z_36.0_16.5,2027,Augmentation,23.5,23.5,41.1,35.4
z_36.0_16.5,2028,Augmentation,24.7,24.7,40.1,35.2
z_36.0_16.5,2029,Augmentation,25.7,25.7,37.9,36.4
z_36.0_16.5,2030,Augmentation,25.8,25.8,37.8,36.5
z_36.0_18.0,2023,Augmentation,33.2,33.2,28.0,38.8
z_36.0_18.0,2024,Augmentation,41.9,41.9,28.0,30.1
z_36.0_18.0,2025,Augmentation,40.3,40.3,27.9,31.8
z_36.0_18.0,2026,Augmentation,30.6,30.6,25.3,44.1
z_36.0_18.0,2027,Augmentation,38.3,38.3,24.1,37.5
z_36.0_18.0,2028,Augmentation,44.9,44.9,26.8,28.3
z_36.0_18.0,2029,Augmentation,43.0,43.0,23.9,33.1
z_36.0_18.0,2030,Augmentation,43.0,43.0,23.9,33.1
z_36.0_19.5,2023,Diminution,50.7,19.8,50.7,29.5
z_36.0_19.5,2024,Diminution,47.2,22.9,47.2,29.9
z_36.0_19.5,2025,Diminution,49.9,15.6,49.9,34.5
z_36.0_19.5,2026,Augmentation,23.1,23.1,45.5,31.4
z_36.0_19.5,2027,Diminution,50.8,24.0,50.8,25.2
z_36.0_19.5,2028,Diminution,57.0,15.3,57.0,27.7
z_36.0_19.5,2029,Diminution,49.1,16.5,49.1,34.4
z_36.0_19.5,2030,Diminution,50.1,22.5,50.1,27.4
z_36.0_21.0,2023,Augmentation,40.0,40.0,24.2,35.8
z_36.0_21.0,2024,Augmentation,43.9,43.9,23.9,32.2
z_36.0_21.0,2025,Augmentation,48.7,48.7,20.4,30.9
z_36.0_21.0,2026,Augmentation,35.4,35.4,26.5,38.1
z_36.0_21.0,2027,Augmentation,40.7,40.7,27.0,32.2
z_36.0_21.0,2028,Augmentation,37.3,37.3,27.4,35.3
z_36.0_21.0,2029,Augmentation,43.8,43.8,23.8,32.4
z_36.0_21.0,2030,Augmentation,46.5,46.5,22.4,31.0
z_36.0_22.5,2023,Augmentation,45.1,45.1,28.6,26.3
z_36.0_22.5,2024,Augmentation,50.7,50.7,20.9,28.4
z_36.0_22.5,2025,Augmentation,52.2,52.2,17.4,30.3
z_36.0_22.5,2026,Augmentation,51.0,51.0,18.4,30.6
z_36.0_22.5,2027,Augmentation,53.2,53.2,18.0,28.8
z_36.0_22.5,2028,Augmentation,54.2,54.2,18.9,26.9
z_36.0_22.5,2029,Augmentation,54.1,54.1,18.3,27.7
z_36.0_22.5,2030,Augmentation,54.8,54.8,17.8,27.4
z_36.0_24.0,2023,Augmentation,53.0,53.0,20.0,27.0
z_36.0_24.0,2024,Augmentation,65.9,65.9,14.6,19.5
z_36.0_24.0,2025,Augmentation,69.5,69.5,11.8,18.7
z_36.0_24.0,2026,Augmentation,69.9,69.9,12.0,18.2
z_36.0_24.0,2027,Augmentation,65.4,65.4,15.2,19.5
z_36.0_24.0,2028,Augmentation,67.3,67.3,14.0,18.7
z_36.0_24.0,2029,Augmentation,64.5,64.5,13.9,21.6
z_36.0_24.0,2030,Augmentation,62.8,62.8,13.2,24.0
z_36.0_25.5,2023,Augmentation,50.8,50.8,16.7,32.5
z_36.0_25.5,2024,Augmentation,41.6,41.6,26.8,31.6
z_36.0_25.5,2025,Augmentation,44.6,44.6,22.4,33.0
z_36.0_25.5,2026,Augmentation,45.4,45.4,20.9,33.7
z_36.0_25.5,2027,Augmentation,46.3,46.3,21.3,32.4
z_36.0_25.5,2028,Augmentation,45.6,45.6,22.5,31.9
z_36.0_25.5,2029,Augmentation,45.9,45.9,22.9,31.2
z_36.0_25.5,2030,Augmentation,43.8,43.8,22.0,34.1
z_36.0_27.0,2023,Augmentation,35.8,35.8,20.0,44.2
z_36.0_27.0,2024,Augmentation,40.9,40.9,16.8,42.3
z_36.0_27.0,2025,Augmentation,37.8,37.8,16.7,45.6
z_36.0_27.0,2026,Augmentation,32.8,32.8,19.5,47.8
z_36.0_27.0,2027,Augmentation,39.9,39.9,16.3,43.8
z_36.0_27.0,2028,Augmentation,36.6,36.6,14.6,48.8
z_36.0_27.0,2029,Augmentation,41.4,41.4,15.8,42.9
z_36.0_27.0,2030,Augmentation,39.7,39.7,16.9,43.4
z_36.0_30.0,2023,Augmentation,26.2,26.2,31.2,42.7
z_36.0_30.0,2024,Augmentation,30.0,30.0,31.6,38.5
z_36.0_30.0,2025,Augmentation,23.9,23.9,36.8,39.3
z_36.0_30.0,2026,Augmentation,28.1,28.1,26.7,45.2
z_36.0_30.0,2027,Augmentation,23.4,23.4,24.6,52.0
z_36.0_30.0,2028,Augmentation,27.5,27.5,27.4,45.1
z_36.0_30.0,2029,Augmentation,29.4,29.4,29.5,41.1
z_36.0_30.0,2030,Augmentation,30.4,30.4,27.6,42.0
z_36.0_34.5,2023,Augmentation,63.1,63.1,15.4,21.5
z_36.0_34.5,2024,Augmentation,42.7,42.7,28.4,28.9
z_36.0_34.5,2025,Augmentation,46.4,46.4,21.2,32.4
z_36.0_34.5,2026,Augmentation,48.2,48.2,21.3,30.5
z_36.0_34.5,2027,Augmentation,54.8,54.8,19.0,26.2
z_36.0_34.5,2028,Augmentation,49.1,49.1,21.3,29.6
z_36.0_34.5,2029,Augmentation,43.2,43.2,23.2,33.6
z_36.0_34.5,2030,Augmentation,52.0,52.0,19.4,28.6
z_36.0_36.0,2023,Diminution,54.4,6.6,54.4,39.0
z_36.0_36.0,2024,Diminution,53.9,5.0,53.9,41.1
z_36.0_36.0,2025,Diminution,53.9,5.0,53.9,41.1
z_36.0_36.0,2026,Diminution,42.8,7.9,42.8,49.3
z_36.0_36.0,2027,Diminution,48.5,5.6,48.5,45.8
z_36.0_36.0,2028,Diminution,61.3,5.6,61.3,33.2
z_36.0_36.0,2029,Diminution,53.5,7.4,53.5,39.1
z_36.0_36.0,2030,Diminution,54.4,6.6,54.4,39.0
z_36.0_4.5,2023,Diminution,38.5,17.3,38.5,44.2
z_36.0_4.5,2024,Augmentation,27.7,27.7,29.7,42.5
z_36.0_4.5,2025,Diminution,40.3,19.8,40.3,39.9
z_36.0_4.5,2026,Augmentation,29.4,29.4,36.6,33.9
z_36.0_4.5,2027,Augmentation,30.3,30.3,35.2,34.4
z_36.0_4.5,2028,Augmentation,29.9,29.9,38.0,32.1
z_36.0_4.5,2029,Augmentation,35.6,35.6,34.3,30.1
z_36.0_4.5,2030,Augmentation,32.0,32.0,38.7,29.3
z_36.0_9.0,2023,Augmentation,20.7,20.7,27.4,52.0
z_36.0_9.0,2024,Augmentation,27.2,27.2,29.1,43.7
z_36.0_9.0,2025,Augmentation,20.0,20.0,25.9,54.2
z_36.0_9.0,2026,Augmentation,20.8,20.8,30.0,49.2
z_36.0_9.0,2027,Augmentation,21.9,21.9,28.5,49.6
z_36.0_9.0,2028,Augmentation,26.8,26.8,30.7,42.5
z_36.0_9.0,2029,Augmentation,21.4,21.4,30.3,48.3
z_36.0_9.0,2030,Augmentation,22.1,22.1,30.2,47.7
z_37.5_-1.5,2023,Augmentation,55.9,55.9,17.8,26.3
z_37.5_-1.5,2024,Augmentation,63.7,63.7,15.8,20.5
z_37.5_-1.5,2025,Augmentation,50.2,50.2,17.5,32.4
z_37.5_-1.5,2026,Augmentation,49.9,49.9,15.3,34.7
z_37.5_-1.5,2027,Augmentation,71.0,71.0,12.8,16.2
z_37.5_-1.5,2028,Augmentation,60.3,60.3,12.6,27.2
z_37.5_-1.5,2029,Augmentation,62.4,62.4,11.7,25.9
z_37.5_-1.5,2030,Augmentation,65.3,65.3,11.0,23.7
z_37.5_-10.5,2023,Augmentation,64.2,64.2,11.8,24.0
z_37.5_-10.5,2024,Augmentation,74.1,74.1,8.2,17.7
z_37.5_-10.5,2025,Augmentation,70.1,70.1,8.9,21.0
z_37.5_-10.5,2026,Augmentation,66.4,66.4,9.2,24.4
z_37.5_-10.5,2027,Augmentation,61.8,61.8,9.4,28.8
z_37.5_-10.5,2028,Augmentation,56.9,56.9,11.0,32.2
z_37.5_-10.5,2029,Augmentation,56.5,56.5,11.5,32.0
z_37.5_-10.5,2030,Augmentation,58.3,58.3,11.7,29.9
z_37.5_-13.5,2023,Diminution,61.8,8.3,61.8,29.9
z_37.5_-13.5,2024,Diminution,61.8,8.3,61.8,29.9
z_37.5_-13.5,2025,Diminution,51.6,14.1,51.6,34.3
z_37.5_-13.5,2026,Diminution,53.9,13.1,53.9,33.0
z_37.5_-13.5,2027,Diminution,68.2,5.9,68.2,25.9
z_37.5_-13.5,2028,Diminution,58.2,8.6,58.2,33.2
z_37.5_-13.5,2029,Diminution,61.9,7.9,61.9,30.2
z_37.5_-13.5,2030,Diminution,61.8,8.3,61.8,29.9
z_37.5_-22.5,2023,Diminution,86.5,1.7,86.5,11.8
z_37.5_-22.5,2024,Diminution,66.8,9.5,66.8,23.7
z_37.5_-22.5,2025,Diminution,80.7,3.0,80.7,16.3
z_37.5_-22.5,2026,Diminution,61.9,13.0,61.9,25.1
z_37.5_-22.5,2027,Diminution,76.9,5.5,76.9,17.6
z_37.5_-22.5,2028,Diminution,81.1,1.7,81.1,17.2
z_37.5_-22.5,2029,Diminution,81.2,5.5,81.2,13.3
z_37.5_-22.5,2030,Diminution,83.6,1.4,83.6,14.9
z_37.5_-24.0,2023,Diminution,84.0,1.5,84.0,14.5
z_37.5_-24.0,2024,Diminution,84.0,1.5,84.0,14.5
z_37.5_-24.0,2025,Diminution,67.3,9.0,67.3,23.7
z_37.5_-24.0,2026,Diminution,81.2,3.2,81.2,15.6
z_37.5_-24.0,2027,Diminution,83.0,0.7,83.0,16.2
z_37.5_-24.0,2028,Diminution,80.2,5.1,80.2,14.6
z_37.5_-24.0,2029,Diminution,82.7,1.9,82.7,15.4
z_37.5_-24.0,2030,Diminution,84.0,1.5,84.0,14.5
z_37.5_-25.5,2023,Diminution,57.8,12.7,57.8,29.5
z_37.5_-25.5,2024,Diminution,72.4,6.0,72.4,21.5
z_37.5_-25.5,2025,Diminution,62.2,8.3,62.2,29.5
z_37.5_-25.5,2026,Diminution,55.4,16.8,55.4,27.8
z_37.5_-25.5,2027,Diminution,57.8,12.7,57.8,29.5
z_37.5_-25.5,2028,Diminution,72.4,6.0,72.4,21.5
z_37.5_-25.5,2029,Diminution,62.2,8.3,62.2,29.5
z_37.5_-25.5,2030,Diminution,66.9,7.7,66.9,25.3
z_37.5_-27.0,2023,Augmentation,29.1,29.1,27.0,43.9
z_37.5_-27.0,2024,Augmentation,31.4,31.4,26.2,42.4
z_37.5_-27.0,2025,Augmentation,25.4,25.4,27.6,47.0
z_37.5_-27.0,2026,Augmentation,38.8,38.8,27.7,33.5
z_37.5_-27.0,2027,Augmentation,29.1,29.1,22.4,48.5
z_37.5_-27.0,2028,Augmentation,35.7,35.7,28.8,35.5
z_37.5_-27.0,2029,Augmentation,27.2,27.2,23.8,49.0
z_37.5_-27.0,2030,Augmentation,31.6,31.6,27.1,41.3
z_37.5_-28.5,2023,Augmentation,41.1,41.1,33.3,25.6
z_37.5_-28.5,2024,Augmentation,27.1,27.1,43.0,29.9
z_37.5_-28.5,2025,Augmentation,26.5,26.5,45.7,27.8
z_37.5_-28.5,2026,Augmentation,25.9,25.9,38.0,36.1
z_37.5_-28.5,2027,Augmentation,24.9,24.9,43.7,31.4
z_37.5_-28.5,2028,Augmentation,27.4,27.4,37.4,35.2
z_37.5_-28.5,2029,Augmentation,26.3,26.3,42.8,30.9
z_37.5_-28.5,2030,Augmentation,27.0,27.0,41.2,31.8
z_37.5_-30.0,2023,Diminution,44.7,13.8,44.7,41.5
z_37.5_-30.0,2024,Diminution,42.6,14.0,42.6,43.4
z_37.5_-30.0,2025,Diminution,42.6,14.0,42.6,43.4
z_37.5_-30.0,2026,Diminution,34.9,12.4,34.9,52.7
z_37.5_-30.0,2027,Augmentation,21.3,21.3,41.8,36.9
z_37.5_-30.0,2028,Diminution,49.9,11.6,49.9,38.5
z_37.5_-30.0,2029,Diminution,39.2,12.8,39.2,48.0
z_37.5_-30.0,2030,Diminution,44.7,13.8,44.7,41.5
z_37.5_-9.0,2023,Augmentation,45.5,45.5,20.7,33.8
z_37.5_-9.0,2024,Augmentation,50.0,50.0,18.6,31.4
z_37.5_-9.0,2025,Augmentation,47.4,47.4,18.2,34.4
z_37.5_-9.0,2026,Augmentation,49.4,49.4,16.9,33.7
z_37.5_-9.0,2027,Augmentation,49.6,49.6,15.6,34.8
z_37.5_-9.0,2028,Augmentation,46.4,46.4,19.5,34.1
z_37.5_-9.0,2029,Augmentation,45.9,45.9,17.7,36.3
z_37.5_-9.0,2030,Augmentation,48.6,48.6,16.0,35.4
z_37.5_0.0,2023,Augmentation,41.1,41.1,18.4,40.5
z_37.5_0.0,2024,Augmentation,44.5,44.5,17.4,38.1
z_37.5_0.0,2025,Augmentation,41.4,41.4,17.2,41.4
z_37.5_0.0,2026,Augmentation,41.0,41.0,17.7,41.3
z_37.5_0.0,2027,Augmentation,44.7,44.7,15.0,40.3
z_37.5_0.0,2028,Augmentation,43.8,43.8,16.5,39.8
z_37.5_0.0,2029,Augmentation,44.8,44.8,15.5,39.7
z_37.5_0.0,2030,Augmentation,43.2,43.2,16.2,40.6
z_37.5_1.5,2023,Diminution,62.7,6.6,62.7,30.7
z_37.5_1.5,2024,Diminution,54.7,6.9,54.7,38.5
z_37.5_1.5,2025,Diminution,63.3,6.0,63.3,30.7
z_37.5_1.5,2026,Diminution,58.0,6.7,58.0,35.4
z_37.5_1.5,2027,Diminution,60.9,8.8,60.9,30.2
z_37.5_1.5,2028,Diminution,71.2,5.7,71.2,23.1
z_37.5_1.5,2029,Diminution,57.8,6.2,57.8,36.0
z_37.5_1.5,2030,Diminution,63.3,6.0,63.3,30.7
z_37.5_10.5,2023,Augmentation,25.4,25.4,21.2,53.4
z_37.5_10.5,2024,Augmentation,35.0,35.0,30.8,34.2
z_37.5_10.5,2025,Augmentation,28.8,28.8,35.3,35.9
z_37.5_10.5,2026,Augmentation,29.3,29.3,26.2,44.5
z_37.5_10.5,2027,Augmentation,37.0,37.0,30.2,32.8
z_37.5_10.5,2028,Augmentation,27.4,27.4,31.1,41.5
z_37.5_10.5,2029,Augmentation,31.6,31.6,29.1,39.4
z_37.5_10.5,2030,Augmentation,30.5,30.5,28.2,41.3
z_37.5_12.0,2023,Augmentation,38.8,38.8,20.2,40.9
z_37.5_12.0,2024,Augmentation,49.8,49.8,15.3,34.8
z_37.5_12.0,2025,Augmentation,45.2,45.2,18.6,36.2
z_37.5_12.0,2026,Augmentation,45.4,45.4,13.7,40.9
z_37.5_12.0,2027,Augmentation,43.4,43.4,17.8,38.8
z_37.5_12.0,2028,Augmentation,41.7,41.7,19.0,39.3
z_37.5_12.0,2029,Augmentation,45.4,45.4,15.3,39.3
z_37.5_12.0,2030,Augmentation,42.9,42.9,17.6,39.4
z_37.5_13.5,2023,Augmentation,42.6,42.6,23.0,34.4
z_37.5_13.5,2024,Augmentation,50.5,50.5,17.3,32.3
z_37.5_13.5,2025,Augmentation,45.9,45.9,15.3,38.7
z_37.5_13.5,2026,Augmentation,51.4,51.4,15.7,32.9
z_37.5_13.5,2027,Augmentation,54.2,54.2,14.6,31.2
z_37.5_13.5,2028,Augmentation,53.2,53.2,15.0,31.8
z_37.5_13.5,2029,Augmentation,52.6,52.6,15.3,32.1
z_37.5_13.5,2030,Augmentation,59.1,59.1,13.4,27.5
z_37.5_15.0,2023,Augmentation,35.5,35.5,27.1,37.5
z_37.5_15.0,2024,Augmentation,41.0,41.0,24.5,34.6
z_37.5_15.0,2025,Augmentation,48.3,48.3,20.9,30.8
z_37.5_15.0,2026,Augmentation,51.2,51.2,20.2,28.7
z_37.5_15.0,2027,Augmentation,53.0,53.0,20.5,26.5
z_37.5_15.0,2028,Augmentation,49.7,49.7,23.8,26.5
z_37.5_15.0,2029,Augmentation,53.8,53.8,21.7,24.5
z_37.5_15.0,2030,Augmentation,53.8,53.8,19.8,26.3
z_37.5_16.5,2023,Augmentation,43.2,43.2,27.6,29.1
z_37.5_16.5,2024,Augmentation,35.6,35.6,28.4,36.0
z_37.5_16.5,2025,Augmentation,45.6,45.6,26.9,27.5
z_37.5_16.5,2026,Augmentation,42.3,42.3,27.7,30.0
z_37.5_16.5,2027,Augmentation,39.8,39.8,28.3,32.0
z_37.5_16.5,2028,Augmentation,36.1,36.1,26.7,37.2
z_37.5_16.5,2029,Augmentation,40.8,40.8,24.3,34.9
z_37.5_16.5,2030,Augmentation,43.3,43.3,22.8,34.0
z_37.5_19.5,2023,Augmentation,37.8,37.8,21.7,40.5
z_37.5_19.5,2024,Augmentation,51.2,51.2,19.3,29.5
z_37.5_19.5,2025,Augmentation,46.4,46.4,16.4,37.2
z_37.5_19.5,2026,Augmentation,48.5,48.5,20.9,30.6
z_37.5_19.5,2027,Augmentation,47.7,47.7,21.7,30.6
z_37.5_19.5,2028,Augmentation,48.0,48.0,23.1,28.9
z_37.5_19.5,2029,Augmentation,52.7,52.7,20.7,26.6
z_37.5_19.5,2030,Augmentation,52.5,52.5,19.5,28.0
z_37.5_21.0,2023,Augmentation,33.5,33.5,18.1,48.4
z_37.5_21.0,2024,Augmentation,42.1,42.1,15.1,42.8
z_37.5_21.0,2025,Augmentation,33.1,33.1,13.1,53.9
z_37.5_21.0,2026,Augmentation,32.8,32.8,16.9,50.3
z_37.5_21.0,2027,Augmentation,36.1,36.1,16.4,47.5
z_37.5_21.0,2028,Augmentation,40.7,40.7,13.6,45.7
z_37.5_21.0,2029,Augmentation,39.2,39.2,15.0,45.7
z_37.5_21.0,2030,Augmentation,35.3,35.3,15.4,49.3
z_37.5_22.5,2023,Augmentation,25.7,25.7,11.8,62.5
z_37.5_22.5,2024,Augmentation,24.4,24.4,9.7,65.9
z_37.5_22.5,2025,Augmentation,31.7,31.7,5.6,62.6
z_37.5_22.5,2026,Augmentation,25.3,25.3,7.0,67.8
z_37.5_22.5,2027,Augmentation,27.3,27.3,10.1,62.6
z_37.5_22.5,2028,Augmentation,20.7,20.7,13.5,65.8
z_37.5_22.5,2029,Augmentation,24.1,24.1,8.6,67.3
z_37.5_22.5,2030,Augmentation,23.4,23.4,6.8,69.8
z_37.5_24.0,2023,Augmentation,48.1,48.1,26.0,25.8
z_37.5_24.0,2024,Augmentation,56.2,56.2,17.6,26.2
z_37.5_24.0,2025,Augmentation,53.5,53.5,18.7,27.8
z_37.5_24.0,2026,Augmentation,54.5,54.5,20.7,24.8
z_37.5_24.0,2027,Augmentation,56.8,56.8,17.3,25.8
z_37.5_24.0,2028,Augmentation,61.9,61.9,15.2,22.9
z_37.5_24.0,2029,Augmentation,64.7,64.7,13.0,22.2
z_37.5_24.0,2030,Augmentation,63.7,63.7,14.2,22.1
z_37.5_25.5,2023,Augmentation,35.9,35.9,22.7,41.4
z_37.5_25.5,2024,Augmentation,37.7,37.7,20.7,41.6
z_37.5_25.5,2025,Augmentation,29.7,29.7,24.3,46.0
z_37.5_25.5,2026,Augmentation,31.8,31.8,22.8,45.4
z_37.5_25.5,2027,Augmentation,32.0,32.0,19.7,48.3
z_37.5_25.5,2028,Augmentation,33.4,33.4,21.2,45.4
z_37.5_25.5,2029,Augmentation,37.3,37.3,17.0,45.7
z_37.5_25.5,2030,Augmentation,33.9,33.9,16.8,49.3
z_37.5_27.0,2023,Augmentation,32.3,32.3,25.7,42.0
z_37.5_27.0,2024,Augmentation,29.5,29.5,23.2,47.3
z_37.5_27.0,2025,Augmentation,37.2,37.2,27.3,35.5
z_37.5_27.0,2026,Augmentation,37.7,37.7,23.6,38.7
z_37.5_27.0,2027,Augmentation,33.1,33.1,26.8,40.1
z_37.5_27.0,2028,Augmentation,29.6,29.6,24.1,46.2
z_37.5_27.0,2029,Augmentation,36.7,36.7,23.8,39.5
z_37.5_27.0,2030,Augmentation,35.8,35.8,22.6,41.6
z_37.5_4.5,2023,Diminution,47.2,19.6,47.2,33.1
z_37.5_4.5,2024,Augmentation,21.6,21.6,40.4,38.1
z_37.5_4.5,2025,Diminution,42.9,19.1,42.9,38.0
z_37.5_4.5,2026,Diminution,51.2,12.6,51.2,36.2
z_37.5_4.5,2027,Diminution,41.5,14.8,41.5,43.8
z_37.5_4.5,2028,Diminution,44.6,19.1,44.6,36.3
z_37.5_4.5,2029,Diminution,45.2,16.6,45.2,38.2
z_37.5_4.5,2030,Diminution,45.2,16.6,45.2,38.2
z_37.5_6.0,2023,Diminution,55.1,14.5,55.1,30.4
z_37.5_6.0,2024,Diminution,56.7,9.5,56.7,33.8
z_37.5_6.0,2025,Diminution,55.0,15.0,55.0,30.0
z_37.5_6.0,2026,Diminution,54.2,9.8,54.2,36.0
z_37.5_6.0,2027,Diminution,62.9,6.1,62.9,31.0
z_37.5_6.0,2028,Diminution,59.3,8.9,59.3,31.8
z_37.5_6.0,2029,Diminution,59.9,7.4,59.9,32.8
z_37.5_6.0,2030,Diminution,61.7,7.8,61.7,30.5
z_37.5_7.5,2023,Augmentation,32.1,32.1,16.9,51.0
z_37.5_7.5,2024,Augmentation,46.3,46.3,21.5,32.2
z_37.5_7.5,2025,Augmentation,37.5,37.5,18.1,44.4
z_37.5_7.5,2026,Augmentation,38.9,38.9,20.0,41.1
z_37.5_7.5,2027,Augmentation,31.6,31.6,20.8,47.6
z_37.5_7.5,2028,Augmentation,36.9,36.9,20.9,42.2
z_37.5_7.5,2029,Augmentation,36.8,36.8,19.3,43.8
z_37.5_7.5,2030,Augmentation,36.9,36.9,19.4,43.7
z_37.5_9.0,2023,Augmentation,43.6,43.6,25.0,31.4
z_37.5_9.0,2024,Augmentation,47.3,47.3,21.0,31.7
z_37.5_9.0,2025,Augmentation,48.4,48.4,17.2,34.4
z_37.5_9.0,2026,Augmentation,39.5,39.5,24.9,35.6
z_37.5_9.0,2027,Augmentation,44.4,44.4,21.0,34.6
z_37.5_9.0,2028,Augmentation,47.3,47.3,19.0,33.7
z_37.5_9.0,2029,Augmentation,54.7,54.7,16.0,29.4
z_37.5_9.0,2030,Augmentation,45.6,45.6,17.8,36.6
z_39.0_-1.5,2023,Augmentation,67.2,67.2,12.6,20.2
z_39.0_-1.5,2024,Augmentation,69.1,69.1,11.0,19.9
z_39.0_-1.5,2025,Augmentation,57.2,57.2,14.7,28.1
z_39.0_-1.5,2026,Augmentation,60.0,60.0,11.3,28.7
z_39.0_-1.5,2027,Augmentation,57.1,57.1,12.6,30.4
z_39.0_-1.5,2028,Augmentation,53.6,53.6,15.0,31.4
z_39.0_-1.5,2029,Augmentation,62.9,62.9,11.4,25.8
z_39.0_-1.5,2030,Augmentation,50.0,50.0,15.3,34.7
z_39.0_-10.5,2023,Augmentation,48.5,48.5,16.5,35.0
z_39.0_-10.5,2024,Augmentation,61.2,61.2,11.5,27.3
z_39.0_-10.5,2025,Augmentation,38.8,38.8,25.3,35.9
z_39.0_-10.5,2026,Augmentation,54.3,54.3,15.3,30.5
z_39.0_-10.5,2027,Augmentation,42.7,42.7,16.1,41.3
z_39.0_-10.5,2028,Augmentation,57.0,57.0,14.8,28.2
z_39.0_-10.5,2029,Augmentation,65.5,65.5,11.0,23.5
z_39.0_-10.5,2030,Augmentation,58.0,58.0,14.0,28.0
z_39.0_-31.5,2023,Diminution,70.0,11.4,70.0,18.6
z_39.0_-31.5,2024,Diminution,73.8,4.6,73.8,21.6
z_39.0_-31.5,2025,Diminution,84.2,2.7,84.2,13.1
z_39.0_-31.5,2026,Diminution,67.9,12.9,67.9,19.2
z_39.0_-31.5,2027,Diminution,72.3,6.3,72.3,21.3
z_39.0_-31.5,2028,Diminution,80.5,2.7,80.5,16.8
z_39.0_-31.5,2029,Diminution,75.2,7.6,75.2,17.2
z_39.0_-31.5,2030,Diminution,75.6,5.5,75.6,18.9
z_39.0_-9.0,2023,Augmentation,51.5,51.5,16.9,31.6
z_39.0_-9.0,2024,Augmentation,51.1,51.1,20.2,28.7
z_39.0_-9.0,2025,Augmentation,50.2,50.2,17.5,32.3
z_39.0_-9.0,2026,Augmentation,49.7,49.7,21.9,28.4
z_39.0_-9.0,2027,Augmentation,53.3,53.3,17.4,29.4
z_39.0_-9.0,2028,Augmentation,63.3,63.3,13.7,23.0
z_39.0_-9.0,2029,Augmentation,61.9,61.9,12.9,25.1
z_39.0_-9.0,2030,Augmentation,63.3,63.3,12.4,24.3
z_39.0_0.0,2023,Augmentation,44.0,44.0,20.3,35.7
z_39.0_0.0,2024,Augmentation,51.2,51.2,17.7,31.1
z_39.0_0.0,2025,Augmentation,54.7,54.7,16.7,28.7
z_39.0_0.0,2026,Augmentation,45.9,45.9,15.8,38.3
z_39.0_0.0,2027,Augmentation,54.4,54.4,15.8,29.8
z_39.0_0.0,2028,Augmentation,49.3,49.3,18.0,32.7
z_39.0_0.0,2029,Augmentation,56.0,56.0,15.3,28.7
z_39.0_0.0,2030,Augmentation,53.0,53.0,16.0,31.0
z_39.0_1.5,2023,Augmentation,48.6,48.6,16.8,34.6
z_39.0_1.5,2024,Augmentation,49.8,49.8,16.2,34.0
z_39.0_1.5,2025,Augmentation,40.2,40.2,24.7,35.2
z_39.0_1.5,2026,Augmentation,50.5,50.5,16.5,33.0
z_39.0_1.5,2027,Augmentation,56.3,56.3,15.0,28.7
z_39.0_1.5,2028,Augmentation,51.8,51.8,16.7,31.4
z_39.0_1.5,2029,Augmentation,54.9,54.9,15.2,29.9
z_39.0_1.5,2030,Augmentation,48.9,48.9,16.3,34.8
z_39.0_10.5,2023,Diminution,48.6,14.2,48.6,37.1
z_39.0_10.5,2024,Diminution,49.7,16.1,49.7,34.2
z_39.0_10.5,2025,Diminution,51.3,15.3,51.3,33.3
z_39.0_10.5,2026,Diminution,48.6,12.0,48.6,39.3
z_39.0_10.5,2027,Diminution,42.5,15.1,42.5,42.4
z_39.0_10.5,2028,Diminution,44.9,15.8,44.9,39.3
z_39.0_10.5,2029,Diminution,45.6,16.1,45.6,38.3
z_39.0_10.5,2030,Diminution,45.6,16.1,45.6,38.3
z_39.0_12.0,2023,Diminution,73.9,9.2,73.9,16.8
z_39.0_12.0,2024,Diminution,68.4,8.0,68.4,23.6
z_39.0_12.0,2025,Diminution,73.7,7.8,73.7,18.5
z_39.0_12.0,2026,Diminution,75.5,4.0,75.5,20.5
z_39.0_12.0,2027,Diminution,69.6,8.9,69.6,21.5
z_39.0_12.0,2028,Diminution,73.9,9.2,73.9,16.8
z_39.0_12.0,2029,Diminution,77.3,4.7,77.3,17.9
z_39.0_12.0,2030,Diminution,77.3,4.7,77.3,17.9
z_39.0_13.5,2023,Augmentation,31.2,31.2,22.0,46.7
z_39.0_13.5,2024,Augmentation,39.5,39.5,20.9,39.6
z_39.0_13.5,2025,Augmentation,47.1,47.1,22.7,30.2
z_39.0_13.5,2026,Augmentation,45.6,45.6,18.4,36.0
z_39.0_13.5,2027,Augmentation,41.4,41.4,19.9,38.7
z_39.0_13.5,2028,Augmentation,36.2,36.2,24.9,38.9
z_39.0_13.5,2029,Augmentation,43.1,43.1,23.2,33.7
z_39.0_13.5,2030,Augmentation,46.4,46.4,20.7,32.9
z_39.0_15.0,2023,Augmentation,47.4,47.4,21.8,30.8
z_39.0_15.0,2024,Augmentation,34.8,34.8,24.8,40.4
z_39.0_15.0,2025,Augmentation,42.7,42.7,24.2,33.1
z_39.0_15.0,2026,Augmentation,47.6,47.6,20.3,32.1
z_39.0_15.0,2027,Augmentation,38.9,38.9,23.4,37.7
z_39.0_15.0,2028,Augmentation,38.8,38.8,21.0,40.2
z_39.0_15.0,2029,Augmentation,46.6,46.6,19.0,34.4
z_39.0_15.0,2030,Augmentation,44.3,44.3,18.1,37.7
z_39.0_16.5,2023,Augmentation,43.5,43.5,18.9,37.6
z_39.0_16.5,2024,Augmentation,50.7,50.7,21.4,27.9
z_39.0_16.5,2025,Augmentation,49.6,49.6,17.3,33.1
z_39.0_16.5,2026,Augmentation,58.1,58.1,13.0,28.9
z_39.0_16.5,2027,Augmentation,54.0,54.0,13.9,32.1
z_39.0_16.5,2028,Augmentation,55.1,55.1,13.1,31.8
z_39.0_16.5,2029,Augmentation,58.6,58.6,12.3,29.2
z_39.0_16.5,2030,Augmentation,61.7,61.7,11.9,26.4
z_39.0_18.0,2023,Augmentation,62.9,62.9,14.6,22.5
z_39.0_18.0,2024,Augmentation,49.7,49.7,18.0,32.3
z_39.0_18.0,2025,Augmentation,63.9,63.9,14.9,21.2
z_39.0_18.0,2026,Augmentation,43.6,43.6,24.8,31.6
z_39.0_18.0,2027,Augmentation,54.4,54.4,18.2,27.5
z_39.0_18.0,2028,Augmentation,54.9,54.9,18.5,26.6
z_39.0_18.0,2029,Augmentation,52.3,52.3,18.3,29.5
z_39.0_18.0,2030,Augmentation,53.1,53.1,16.1,30.8
z_39.0_19.5,2023,Augmentation,45.8,45.8,18.5,35.7
z_39.0_19.5,2024,Augmentation,41.8,41.8,16.7,41.5
z_39.0_19.5,2025,Augmentation,36.6,36.6,18.8,44.6
z_39.0_19.5,2026,Augmentation,36.0,36.0,21.9,42.1
z_39.0_19.5,2027,Augmentation,43.2,43.2,18.9,37.9
z_39.0_19.5,2028,Augmentation,46.6,46.6,15.0,38.4
z_39.0_19.5,2029,Augmentation,46.6,46.6,14.7,38.7
z_39.0_19.5,2030,Augmentation,44.1,44.1,13.5,42.4
z_39.0_22.5,2023,Augmentation,43.7,43.7,15.8,40.5
z_39.0_22.5,2024,Augmentation,43.0,43.0,12.4,44.6
z_39.0_22.5,2025,Augmentation,33.2,33.2,13.7,53.1
z_39.0_22.5,2026,Augmentation,41.1,41.1,14.0,44.9
z_39.0_22.5,2027,Augmentation,35.7,35.7,12.4,51.9
z_39.0_22.5,2028,Augmentation,39.3,39.3,12.7,48.0
z_39.0_22.5,2029,Augmentation,48.2,48.2,10.7,41.1
z_39.0_22.5,2030,Augmentation,38.6,38.6,14.2,47.2
z_39.0_24.0,2023,Augmentation,59.1,59.1,18.6,22.4
z_39.0_24.0,2024,Augmentation,57.9,57.9,17.8,24.3
z_39.0_24.0,2025,Augmentation,64.5,64.5,15.0,20.5
z_39.0_24.0,2026,Augmentation,51.6,51.6,24.0,24.4
z_39.0_24.0,2027,Augmentation,56.8,56.8,18.8,24.4
z_39.0_24.0,2028,Augmentation,47.6,47.6,18.4,34.0
z_39.0_24.0,2029,Augmentation,62.5,62.5,17.1,20.3
z_39.0_24.0,2030,Augmentation,69.8,69.8,14.9,15.3
z_39.0_25.5,2023,Augmentation,54.5,54.5,15.1,30.5
z_39.0_25.5,2024,Augmentation,50.9,50.9,14.3,34.9
z_39.0_25.5,2025,Augmentation,50.3,50.3,11.7,38.0
z_39.0_25.5,2026,Augmentation,42.0,42.0,19.6,38.3
z_39.0_25.5,2027,Augmentation,43.6,43.6,16.8,39.7
z_39.0_25.5,2028,Augmentation,38.5,38.5,15.8,45.7
z_39.0_25.5,2029,Augmentation,49.9,49.9,14.3,35.8
z_39.0_25.5,2030,Augmentation,59.3,59.3,11.6,29.1
z_39.0_3.0,2023,Augmentation,60.1,60.1,13.7,26.2
z_39.0_3.0,2024,Augmentation,56.7,56.7,17.3,26.0
z_39.0_3.0,2025,Augmentation,53.0,53.0,16.8,30.2
z_39.0_3.0,2026,Augmentation,49.4,49.4,19.4,31.2
z_39.0_3.0,2027,Augmentation,51.2,51.2,19.9,28.9
z_39.0_3.0,2028,Augmentation,51.8,51.8,18.3,30.0
z_39.0_3.0,2029,Augmentation,66.2,66.2,13.2,20.6
z_39.0_3.0,2030,Augmentation,66.8,66.8,13.5,19.7
z_39.0_4.5,2023,Augmentation,17.7,17.7,24.9,57.4
z_39.0_4.5,2024,Augmentation,25.6,25.6,36.7,37.8
z_39.0_4.5,2025,Augmentation,24.8,24.8,33.3,41.9
z_39.0_4.5,2026,Augmentation,30.5,30.5,34.4,35.1
z_39.0_4.5,2027,Augmentation,24.2,24.2,31.9,43.9
z_39.0_4.5,2028,Augmentation,23.5,23.5,35.4,41.1
z_39.0_4.5,2029,Augmentation,23.3,23.3,31.6,45.1
z_39.0_4.5,2030,Augmentation,26.7,26.7,33.9,39.4
z_39.0_6.0,2023,Diminution,84.0,1.4,84.0,14.6
z_39.0_6.0,2024,Diminution,68.2,8.6,68.2,23.1
z_39.0_6.0,2025,Diminution,56.1,15.6,56.1,28.3
z_39.0_6.0,2026,Diminution,68.6,10.5,68.6,20.9
z_39.0_6.0,2027,Diminution,78.8,4.1,78.8,17.1
z_39.0_6.0,2028,Diminution,79.0,4.5,79.0,16.5
z_39.0_6.0,2029,Diminution,82.9,1.9,82.9,15.1
z_39.0_6.0,2030,Diminution,84.0,1.4,84.0,14.6
z_39.0_7.5,2023,Augmentation,47.2,47.2,27.6,25.2
z_39.0_7.5,2024,Augmentation,45.7,45.7,27.4,26.8
z_39.0_7.5,2025,Augmentation,42.7,42.7,30.3,27.0
z_39.0_7.5,2026,Augmentation,35.8,35.8,30.3,33.9
z_39.0_7.5,2027,Augmentation,39.9,39.9,33.4,26.7
z_39.0_7.5,2028,Augmentation,47.8,47.8,30.7,21.5
z_39.0_7.5,2029,Augmentation,41.4,41.4,33.7,25.0
z_39.0_7.5,2030,Augmentation,48.4,48.4,28.4,23.3
z_39.0_9.0,2023,Augmentation,42.0,42.0,20.2,37.8
z_39.0_9.0,2024,Augmentation,51.7,51.7,16.6,31.6
z_39.0_9.0,2025,Augmentation,48.8,48.8,15.0,36.2
z_39.0_9.0,2026,Augmentation,53.5,53.5,16.0,30.5
z_39.0_9.0,2027,Augmentation,53.3,53.3,12.8,33.9
z_39.0_9.0,2028,Augmentation,53.4,53.4,16.0,30.6
z_39.0_9.0,2029,Augmentation,57.0,57.0,15.1,28.0
z_39.0_9.0,2030,Augmentation,62.3,62.3,12.6,25.1
z_40.5_-10.5,2023,Augmentation,45.1,45.1,18.0,36.9
z_40.5_-10.5,2024,Augmentation,43.4,43.4,18.0,38.6
z_40.5_-10.5,2025,Augmentation,36.3,36.3,24.5,39.3
z_40.5_-10.5,2026,Augmentation,46.5,46.5,20.4,33.2
z_40.5_-10.5,2027,Augmentation,34.6,34.6,22.2,43.3
z_40.5_-10.5,2028,Augmentation,43.9,43.9,21.9,34.3
z_40.5_-10.5,2029,Augmentation,36.1,36.1,23.5,40.4
z_40.5_-10.5,2030,Augmentation,36.1,36.1,23.5,40.4
z_40.5_-22.5,2023,Diminution,77.0,1.9,77.0,21.0
z_40.5_-22.5,2024,Diminution,77.0,1.9,77.0,21.0
z_40.5_-22.5,2025,Diminution,65.3,6.5,65.3,28.2
z_40.5_-22.5,2026,Diminution,76.1,4.3,76.1,19.6
z_40.5_-22.5,2027,Diminution,77.0,1.8,77.0,21.2
z_40.5_-22.5,2028,Diminution,71.6,4.2,71.6,24.2
z_40.5_-22.5,2029,Diminution,76.7,2.8,76.7,20.4
z_40.5_-22.5,2030,Diminution,77.0,1.9,77.0,21.0
z_40.5_-36.0,2023,Diminution,80.4,2.5,80.4,17.1
z_40.5_-36.0,2024,Diminution,80.4,2.5,80.4,17.1
z_40.5_-36.0,2025,Diminution,62.1,11.5,62.1,26.4
z_40.5_-36.0,2026,Diminution,75.9,3.5,75.9,20.6
z_40.5_-36.0,2027,Diminution,83.1,1.4,83.1,15.4
z_40.5_-36.0,2028,Diminution,77.6,6.7,77.6,15.7
z_40.5_-36.0,2029,Diminution,79.3,1.8,79.3,18.9
z_40.5_-36.0,2030,Diminution,80.4,2.5,80.4,17.1
z_40.5_-9.0,2023,Augmentation,48.1,48.1,13.2,38.7
z_40.5_-9.0,2024,Augmentation,40.0,40.0,16.1,43.9
z_40.5_-9.0,2025,Augmentation,43.1,43.1,16.3,40.7
z_40.5_-9.0,2026,Augmentation,38.6,38.6,13.5,48.0
z_40.5_-9.0,2027,Augmentation,41.9,41.9,15.8,42.4
z_40.5_-9.0,2028,Augmentation,53.6,53.6,12.5,33.9
z_40.5_-9.0,2029,Augmentation,50.9,50.9,14.3,34.8
z_40.5_-9.0,2030,Augmentation,46.2,46.2,16.4,37.4
z_40.5_0.0,2023,Augmentation,66.5,66.5,12.1,21.4
z_40.5_0.0,2024,Augmentation,58.7,58.7,13.5,27.8
z_40.5_0.0,2025,Augmentation,73.2,73.2,9.7,17.1
z_40.5_0.0,2026,Augmentation,55.3,55.3,14.5,30.2
z_40.5_0.0,2027,Augmentation,71.2,71.2,10.6,18.2
z_40.5_0.0,2028,Augmentation,62.4,62.4,11.7,26.0
z_40.5_0.0,2029,Augmentation,56.0,56.0,14.0,30.0
z_40.5_0.0,2030,Augmentation,70.4,70.4,10.8,18.8
z_40.5_1.5,2023,Augmentation,70.0,70.0,11.0,19.0
z_40.5_1.5,2024,Augmentation,62.7,62.7,10.6,26.7
z_40.5_1.5,2025,Augmentation,54.0,54.0,16.7,29.3
z_40.5_1.5,2026,Augmentation,62.7,62.7,10.2,27.1
z_40.5_1.5,2027,Augmentation,58.1,58.1,12.4,29.5
z_40.5_1.5,2028,Augmentation,65.3,65.3,12.5,22.2
z_40.5_1.5,2029,Augmentation,72.9,72.9,9.4,17.7
z_40.5_1.5,2030,Augmentation,65.5,65.5,11.8,22.7
z_40.5_10.5,2023,Augmentation,44.3,44.3,29.0,26.7
z_40.5_10.5,2024,Augmentation,44.7,44.7,24.3,31.1
z_40.5_10.5,2025,Augmentation,49.4,49.4,22.1,28.5
z_40.5_10.5,2026,Augmentation,52.4,52.4,19.8,27.8
z_40.5_10.5,2027,Augmentation,48.2,48.2,22.2,29.7
z_40.5_10.5,2028,Augmentation,45.7,45.7,25.6,28.6
z_40.5_10.5,2029,Augmentation,43.1,43.1,25.3,31.6
z_40.5_10.5,2030,Augmentation,48.4,48.4,23.0,28.6
z_40.5_12.0,2023,Augmentation,47.6,47.6,25.8,26.6
z_40.5_12.0,2024,Augmentation,57.0,57.0,20.4,22.6
z_40.5_12.0,2025,Augmentation,57.5,57.5,15.0,27.5
z_40.5_12.0,2026,Augmentation,58.7,58.7,18.1,23.3
z_40.5_12.0,2027,Augmentation,60.8,60.8,16.1,23.1
z_40.5_12.0,2028,Augmentation,61.3,61.3,16.7,22.0
z_40.5_12.0,2029,Augmentation,63.0,63.0,15.9,21.1
z_40.5_12.0,2030,Augmentation,61.9,61.9,15.9,22.2
z_40.5_13.5,2023,Augmentation,32.5,32.5,18.0,49.5
z_40.5_13.5,2024,Augmentation,44.0,44.0,17.7,38.4
z_40.5_13.5,2025,Augmentation,41.5,41.5,15.5,42.9
z_40.5_13.5,2026,Augmentation,40.9,40.9,12.0,47.1
z_40.5_13.5,2027,Augmentation,42.2,42.2,12.7,45.1
z_40.5_13.5,2028,Augmentation,41.1,41.1,16.0,42.9
z_40.5_13.5,2029,Augmentation,37.6,37.6,15.4,47.0
z_40.5_13.5,2030,Augmentation,39.3,39.3,15.1,45.6
z_40.5_16.5,2023,Augmentation,49.1,49.1,15.5,35.4
z_40.5_16.5,2024,Augmentation,48.6,48.6,21.0,30.4
z_40.5_16.5,2025,Augmentation,50.2,50.2,17.7,32.1
z_40.5_16.5,2026,Augmentation,68.6,68.6,13.1,18.2
z_40.5_16.5,2027,Augmentation,71.0,71.0,10.3,18.7
z_40.5_16.5,2028,Augmentation,59.4,59.4,12.5,28.1
z_40.5_16.5,2029,Augmentation,58.6,58.6,11.9,29.4
z_40.5_16.5,2030,Augmentation,58.9,58.9,11.5,29.7
z_40.5_18.0,2023,Augmentation,33.9,33.9,22.1,44.0
z_40.5_18.0,2024,Augmentation,41.0,41.0,22.8,36.2
z_40.5_18.0,2025,Augmentation,38.4,38.4,20.6,41.0
z_40.5_18.0,2026,Augmentation,34.7,34.7,26.6,38.7
z_40.5_18.0,2027,Augmentation,35.9,35.9,26.0,38.1
z_40.5_18.0,2028,Augmentation,37.1,37.1,23.5,39.4
z_40.5_18.0,2029,Augmentation,44.1,44.1,21.8,34.1
z_40.5_18.0,2030,Augmentation,34.9,34.9,23.5,41.6
z_40.5_22.5,2023,Augmentation,62.2,62.2,16.2,21.6
z_40.5_22.5,2024,Augmentation,58.4,58.4,16.7,24.9
z_40.5_22.5,2025,Augmentation,54.7,54.7,17.8,27.5
z_40.5_22.5,2026,Augmentation,48.3,48.3,22.7,29.0
z_40.5_22.5,2027,Augmentation,49.1,49.1,23.1,27.8
z_40.5_22.5,2028,Augmentation,54.8,54.8,19.6,25.7
z_40.5_22.5,2029,Augmentation,64.6,64.6,14.1,21.2
z_40.5_22.5,2030,Augmentation,60.8,60.8,15.3,23.9
z_40.5_24.0,2023,Augmentation,39.7,39.7,16.4,43.9
z_40.5_24.0,2024,Augmentation,41.3,41.3,17.5,41.2
z_40.5_24.0,2025,Augmentation,50.0,50.0,14.1,35.8
z_40.5_24.0,2026,Augmentation,47.0,47.0,12.5,40.5
z_40.5_24.0,2027,Augmentation,49.2,49.2,14.5,36.3
z_40.5_24.0,2028,Augmentation,53.2,53.2,12.3,34.4
z_40.5_24.0,2029,Augmentation,48.1,48.1,17.2,34.7
z_40.5_24.0,2030,Augmentation,50.9,50.9,16.1,33.0
z_40.5_25.5,2023,Augmentation,58.5,58.5,14.3,27.2
z_40.5_25.5,2024,Augmentation,38.0,38.0,20.6,41.4
z_40.5_25.5,2025,Augmentation,56.0,56.0,16.4,27.7
z_40.5_25.5,2026,Augmentation,45.8,45.8,20.4,33.7
z_40.5_25.5,2027,Augmentation,46.6,46.6,21.3,32.0
z_40.5_25.5,2028,Augmentation,43.4,43.4,21.7,35.0
z_40.5_25.5,2029,Augmentation,47.9,47.9,19.9,32.2
z_40.5_25.5,2030,Augmentation,49.5,49.5,19.6,30.9
z_40.5_27.0,2023,Augmentation,26.0,26.0,31.3,42.7
z_40.5_27.0,2024,Augmentation,41.6,41.6,32.3,26.1
z_40.5_27.0,2025,Augmentation,43.7,43.7,30.3,26.0
z_40.5_27.0,2026,Augmentation,37.0,37.0,29.2,33.8
z_40.5_27.0,2027,Augmentation,37.0,37.0,30.9,32.1
z_40.5_27.0,2028,Augmentation,35.7,35.7,35.4,28.9
z_40.5_27.0,2029,Augmentation,34.7,34.7,33.5,31.8
z_40.5_27.0,2030,Augmentation,44.0,44.0,28.2,27.8
z_40.5_28.5,2023,Augmentation,41.7,41.7,20.5,37.9
z_40.5_28.5,2024,Augmentation,48.9,48.9,14.3,36.8
z_40.5_28.5,2025,Augmentation,36.2,36.2,23.1,40.7
z_40.5_28.5,2026,Augmentation,33.3,33.3,26.4,40.3
z_40.5_28.5,2027,Augmentation,34.4,34.4,20.8,44.9
z_40.5_28.5,2028,Augmentation,33.2,33.2,17.5,49.3
z_40.5_28.5,2029,Augmentation,44.5,44.5,15.9,39.5
z_40.5_28.5,2030,Augmentation,48.9,48.9,15.7,35.5
z_40.5_3.0,2023,Augmentation,52.1,52.1,12.4,35.5
z_40.5_3.0,2024,Augmentation,55.3,55.3,14.4,30.3
z_40.5_3.0,2025,Augmentation,56.0,56.0,12.4,31.6
z_40.5_3.0,2026,Augmentation,47.5,47.5,16.4,36.1
z_40.5_3.0,2027,Augmentation,54.0,54.0,14.5,31.5
z_40.5_3.0,2028,Augmentation,61.4,61.4,11.8,26.8
z_40.5_3.0,2029,Augmentation,62.0,62.0,12.5,25.6
z_40.5_3.0,2030,Augmentation,56.9,56.9,15.0,28.1
z_40.5_37.5,2023,Diminution,84.8,2.4,84.8,12.8
z_40.5_37.5,2024,Diminution,84.8,2.4,84.8,12.8
z_40.5_37.5,2025,Diminution,65.2,12.2,65.2,22.5
z_40.5_37.5,2026,Diminution,79.1,3.2,79.1,17.8
z_40.5_37.5,2027,Diminution,85.4,1.3,85.4,13.3
z_40.5_37.5,2028,Diminution,80.7,7.0,80.7,12.3
z_40.5_37.5,2029,Diminution,81.7,1.8,81.7,16.5
z_40.5_37.5,2030,Diminution,84.8,2.4,84.8,12.8
z_40.5_4.5,2023,Diminution,64.3,12.5,64.3,23.2
z_40.5_4.5,2024,Diminution,71.7,8.7,71.7,19.5
z_40.5_4.5,2025,Diminution,62.3,13.3,62.3,24.4
z_40.5_4.5,2026,Diminution,66.7,10.6,66.7,22.8
z_40.5_4.5,2027,Diminution,73.0,7.8,73.0,19.2
z_40.5_4.5,2028,Diminution,73.5,11.6,73.5,14.9
z_40.5_4.5,2029,Diminution,72.7,8.8,72.7,18.6
z_40.5_4.5,2030,Diminution,77.8,9.0,77.8,13.2
z_40.5_7.5,2023,Augmentation,45.1,45.1,17.8,37.1
z_40.5_7.5,2024,Augmentation,38.5,38.5,21.7,39.9
z_40.5_7.5,2025,Augmentation,46.6,46.6,20.5,32.9
z_40.5_7.5,2026,Augmentation,53.7,53.7,16.6,29.7
z_40.5_7.5,2027,Augmentation,50.2,50.2,19.2,30.5
z_40.5_7.5,2028,Augmentation,53.2,53.2,17.4,29.4
z_40.5_7.5,2029,Augmentation,56.9,56.9,17.2,25.9
z_40.5_7.5,2030,Augmentation,55.7,55.7,17.3,27.0
z_40.5_9.0,2023,Augmentation,48.1,48.1,22.3,29.6
z_40.5_9.0,2024,Augmentation,47.4,47.4,18.5,34.1
z_40.5_9.0,2025,Augmentation,59.9,59.9,19.2,20.9
z_40.5_9.0,2026,Augmentation,69.1,69.1,14.2,16.7
z_40.5_9.0,2027,Augmentation,61.2,61.2,18.8,20.0
z_40.5_9.0,2028,Augmentation,61.1,61.1,16.4,22.5
z_40.5_9.0,2029,Augmentation,60.4,60.4,15.6,24.0
z_40.5_9.0,2030,Augmentation,60.4,60.4,15.6,24.0
z_42.0_-10.5,2023,Augmentation,50.2,50.2,11.6,38.2
z_42.0_-10.5,2024,Augmentation,43.4,43.4,15.9,40.7
z_42.0_-10.5,2025,Augmentation,42.0,42.0,16.3,41.7
z_42.0_-10.5,2026,Augmentation,49.4,49.4,12.6,38.0
z_42.0_-10.5,2027,Augmentation,45.8,45.8,13.5,40.7
z_42.0_-10.5,2028,Augmentation,43.4,43.4,15.3,41.2
z_42.0_-10.5,2029,Augmentation,43.8,43.8,16.7,39.5
z_42.0_-10.5,2030,Augmentation,45.4,45.4,15.5,39.1
z_42.0_-24.0,2023,Diminution,77.7,1.6,77.7,20.6
z_42.0_-24.0,2024,Diminution,77.7,1.6,77.7,20.6
z_42.0_-24.0,2025,Diminution,77.7,1.6,77.7,20.6
z_42.0_-24.0,2026,Diminution,66.4,7.5,66.4,26.1
z_42.0_-24.0,2027,Diminution,76.6,3.8,76.6,19.6
z_42.0_-24.0,2028,Diminution,78.8,1.1,78.8,20.0
z_42.0_-24.0,2029,Diminution,74.1,4.9,74.1,21.0
z_42.0_-24.0,2030,Diminution,77.7,2.3,77.7,20.1
z_42.0_-3.0,2023,Augmentation,61.2,61.2,16.8,22.0
z_42.0_-3.0,2024,Augmentation,61.4,61.4,14.4,24.2
z_42.0_-3.0,2025,Augmentation,72.5,72.5,12.4,15.2
z_42.0_-3.0,2026,Augmentation,60.1,60.1,16.7,23.2
z_42.0_-3.0,2027,Augmentation,61.4,61.4,14.4,24.2
z_42.0_-3.0,2028,Augmentation,59.3,59.3,14.8,25.9
z_42.0_-3.0,2029,Augmentation,59.9,59.9,14.6,25.5
z_42.0_-3.0,2030,Augmentation,72.0,72.0,11.7,16.3
z_42.0_-36.0,2023,Diminution,74.6,7.0,74.6,18.4
z_42.0_-36.0,2024,Diminution,58.1,16.8,58.1,25.2
z_42.0_-36.0,2025,Diminution,72.9,5.4,72.9,21.7
z_42.0_-36.0,2026,Diminution,76.8,3.9,76.8,19.3
z_42.0_-36.0,2027,Diminution,73.1,11.3,73.1,15.6
z_42.0_-36.0,2028,Diminution,74.4,4.2,74.4,21.4
z_42.0_-36.0,2029,Diminution,74.6,7.0,74.6,18.4
z_42.0_-36.0,2030,Diminution,74.6,7.0,74.6,18.4
z_42.0_-4.5,2023,Augmentation,45.0,45.0,17.4,37.6
z_42.0_-4.5,2024,Augmentation,58.5,58.5,12.4,29.2
z_42.0_-4.5,2025,Augmentation,59.9,59.9,14.5,25.6
z_42.0_-4.5,2026,Augmentation,55.0,55.0,16.3,28.7
z_42.0_-4.5,2027,Augmentation,59.8,59.8,14.0,26.2
z_42.0_-4.5,2028,Augmentation,57.3,57.3,16.4,26.4
z_42.0_-4.5,2029,Augmentation,61.1,61.1,12.9,26.0
z_42.0_-4.5,2030,Augmentation,66.4,66.4,11.7,21.8
z_42.0_-6.0,2023,Diminution,63.3,8.0,63.3,28.7
z_42.0_-6.0,2024,Diminution,57.0,6.7,57.0,36.3
z_42.0_-6.0,2025,Diminution,60.6,5.5,60.6,34.0
z_42.0_-6.0,2026,Diminution,51.8,13.7,51.8,34.5
z_42.0_-6.0,2027,Diminution,60.6,7.2,60.6,32.2
z_42.0_-6.0,2028,Diminution,66.7,8.8,66.7,24.5
z_42.0_-6.0,2029,Diminution,64.6,6.7,64.6,28.6
z_42.0_-6.0,2030,Diminution,63.3,6.9,63.3,29.8
z_42.0_-9.0,2023,Augmentation,52.0,52.0,15.1,33.0
z_42.0_-9.0,2024,Augmentation,57.7,57.7,11.8,30.5
z_42.0_-9.0,2025,Augmentation,54.9,54.9,10.8,34.3
z_42.0_-9.0,2026,Augmentation,47.3,47.3,20.8,32.0
z_42.0_-9.0,2027,Augmentation,62.0,62.0,13.8,24.1
z_42.0_-9.0,2028,Augmentation,41.5,41.5,14.5,44.0
z_42.0_-9.0,2029,Augmentation,54.7,54.7,14.4,30.9
z_42.0_-9.0,2030,Augmentation,70.5,70.5,11.3,18.2
z_42.0_10.5,2023,Augmentation,39.2,39.2,26.8,34.0
z_42.0_10.5,2024,Augmentation,44.6,44.6,25.2,30.3
z_42.0_10.5,2025,Augmentation,39.1,39.1,22.6,38.3
z_42.0_10.5,2026,Augmentation,64.2,64.2,14.3,21.5
z_42.0_10.5,2027,Augmentation,48.2,48.2,19.1,32.6
z_42.0_10.5,2028,Augmentation,47.9,47.9,18.1,34.0
z_42.0_10.5,2029,Augmentation,49.1,49.1,17.7,33.2
z_42.0_10.5,2030,Augmentation,49.2,49.2,16.9,33.9
z_42.0_13.5,2023,Augmentation,49.0,49.0,20.8,30.2
z_42.0_13.5,2024,Augmentation,50.3,50.3,19.1,30.6
z_42.0_13.5,2025,Augmentation,71.1,71.1,12.5,16.4
z_42.0_13.5,2026,Augmentation,69.2,69.2,14.0,16.8
z_42.0_13.5,2027,Augmentation,61.4,61.4,14.9,23.8
z_42.0_13.5,2028,Augmentation,61.0,61.0,14.4,24.6
z_42.0_13.5,2029,Augmentation,59.2,59.2,14.8,26.0
z_42.0_13.5,2030,Augmentation,69.8,69.8,12.1,18.0
z_42.0_15.0,2023,Augmentation,56.6,56.6,12.6,30.8
z_42.0_15.0,2024,Augmentation,51.9,51.9,12.1,36.0
z_42.0_15.0,2025,Augmentation,55.7,55.7,13.0,31.3
z_42.0_15.0,2026,Augmentation,73.2,73.2,12.6,14.2
z_42.0_15.0,2027,Augmentation,70.6,70.6,11.9,17.5
z_42.0_15.0,2028,Augmentation,56.1,56.1,14.1,29.8
z_42.0_15.0,2029,Augmentation,60.5,60.5,12.6,26.9
z_42.0_15.0,2030,Augmentation,70.9,70.9,10.4,18.7
z_42.0_16.5,2023,Augmentation,39.4,39.4,29.2,31.4
z_42.0_16.5,2024,Augmentation,39.4,39.4,29.2,31.3
z_42.0_16.5,2025,Augmentation,46.0,46.0,24.9,29.1
z_42.0_16.5,2026,Augmentation,38.0,38.0,26.2,35.8
z_42.0_16.5,2027,Augmentation,38.0,38.0,27.0,35.1
z_42.0_16.5,2028,Augmentation,42.7,42.7,29.6,27.7
z_42.0_16.5,2029,Augmentation,32.2,32.2,30.5,37.3
z_42.0_16.5,2030,Augmentation,40.5,40.5,26.7,32.7
z_42.0_18.0,2023,Augmentation,38.7,38.7,29.4,31.9
z_42.0_18.0,2024,Augmentation,39.8,39.8,36.8,23.5
z_42.0_18.0,2025,Augmentation,27.0,27.0,33.5,39.5
z_42.0_18.0,2026,Augmentation,37.7,37.7,37.2,25.1
z_42.0_18.0,2027,Augmentation,45.7,45.7,33.1,21.2
z_42.0_18.0,2028,Augmentation,39.9,39.9,34.3,25.9
z_42.0_18.0,2029,Augmentation,48.7,48.7,28.8,22.5
z_42.0_18.0,2030,Augmentation,43.3,43.3,33.1,23.6
z_42.0_27.0,2023,Augmentation,70.9,70.9,10.4,18.7
z_42.0_27.0,2024,Augmentation,50.8,50.8,13.9,35.4
z_42.0_27.0,2025,Augmentation,53.9,53.9,18.4,27.7
z_42.0_27.0,2026,Augmentation,53.5,53.5,18.7,27.8
z_42.0_27.0,2027,Augmentation,47.3,47.3,19.9,32.9
z_42.0_27.0,2028,Augmentation,59.6,59.6,17.1,23.3
z_42.0_27.0,2029,Augmentation,60.5,60.5,15.9,23.6
z_42.0_27.0,2030,Augmentation,65.3,65.3,14.7,20.0
z_42.0_28.5,2023,Diminution,58.5,7.0,58.5,34.5
z_42.0_28.5,2024,Diminution,50.8,8.6,50.8,40.6
z_42.0_28.5,2025,Diminution,58.9,10.3,58.9,30.8
z_42.0_28.5,2026,Diminution,64.7,5.8,64.7,29.5
z_42.0_28.5,2027,Diminution,57.8,11.6,57.8,30.6
z_42.0_28.5,2028,Diminution,59.8,8.9,59.8,31.3
z_42.0_28.5,2029,Diminution,64.3,5.6,64.3,30.1
z_42.0_28.5,2030,Diminution,64.3,5.6,64.3,30.1
z_42.0_3.0,2023,Augmentation,46.4,46.4,17.4,36.2
z_42.0_3.0,2024,Augmentation,48.7,48.7,16.1,35.1
z_42.0_3.0,2025,Augmentation,40.9,40.9,17.4,41.7
z_42.0_3.0,2026,Augmentation,46.9,46.9,18.6,34.5
z_42.0_3.0,2027,Augmentation,46.8,46.8,15.0,38.2
z_42.0_3.0,2028,Augmentation,47.4,47.4,14.2,38.5
z_42.0_3.0,2029,Augmentation,51.5,51.5,15.2,33.3
z_42.0_3.0,2030,Augmentation,48.9,48.9,13.1,38.0
z_42.0_4.5,2023,Augmentation,36.3,36.3,19.3,44.4
z_42.0_4.5,2024,Augmentation,40.6,40.6,16.9,42.5
z_42.0_4.5,2025,Augmentation,33.3,33.3,21.5,45.2
z_42.0_4.5,2026,Augmentation,28.1,28.1,23.5,48.4
z_42.0_4.5,2027,Augmentation,29.9,29.9,17.7,52.4
z_42.0_4.5,2028,Augmentation,32.5,32.5,19.1,48.4
z_42.0_4.5,2029,Augmentation,35.8,35.8,20.9,43.3
z_42.0_4.5,2030,Augmentation,40.6,40.6,18.3,41.1
z_42.0_6.0,2023,Augmentation,51.3,51.3,22.0,26.8
z_42.0_6.0,2024,Augmentation,59.3,59.3,16.0,24.7
z_42.0_6.0,2025,Augmentation,57.6,57.6,17.5,25.0
z_42.0_6.0,2026,Augmentation,51.9,51.9,20.6,27.5
z_42.0_6.0,2027,Augmentation,53.8,53.8,18.0,28.2
z_42.0_6.0,2028,Augmentation,52.0,52.0,20.0,28.0
z_42.0_6.0,2029,Augmentation,62.1,62.1,16.0,21.9
z_42.0_6.0,2030,Augmentation,62.8,62.8,16.8,20.4
z_42.0_7.5,2023,Augmentation,30.0,30.0,28.1,41.9
z_42.0_7.5,2024,Augmentation,24.3,24.3,29.8,45.9
z_42.0_7.5,2025,Augmentation,25.2,25.2,28.1,46.7
z_42.0_7.5,2026,Augmentation,26.8,26.8,28.5,44.7
z_42.0_7.5,2027,Augmentation,22.3,22.3,31.1,46.6
z_42.0_7.5,2028,Augmentation,23.2,23.2,32.4,44.4
z_42.0_7.5,2029,Augmentation,23.6,23.6,32.4,44.0
z_42.0_7.5,2030,Augmentation,23.9,23.9,32.5,43.6
z_42.0_9.0,2023,Augmentation,47.9,47.9,24.1,28.0
z_42.0_9.0,2024,Augmentation,52.6,52.6,21.3,26.1
z_42.0_9.0,2025,Augmentation,46.3,46.3,24.3,29.4
z_42.0_9.0,2026,Augmentation,47.7,47.7,17.1,35.2
z_42.0_9.0,2027,Augmentation,60.0,60.0,16.0,24.0
z_42.0_9.0,2028,Augmentation,47.9,47.9,20.9,31.2
z_42.0_9.0,2029,Augmentation,54.1,54.1,17.0,28.9
z_42.0_9.0,2030,Augmentation,47.3,47.3,20.0,32.7
z_43.5_-1.5,2023,Augmentation,63.2,63.2,15.7,21.1
z_43.5_-1.5,2024,Augmentation,62.1,62.1,13.0,24.9
z_43.5_-1.5,2025,Augmentation,56.4,56.4,16.5,27.1
z_43.5_-1.5,2026,Augmentation,63.2,63.2,14.7,22.0
z_43.5_-1.5,2027,Augmentation,71.0,71.0,11.7,17.4
z_43.5_-1.5,2028,Augmentation,76.0,76.0,11.3,12.7
z_43.5_-1.5,2029,Augmentation,77.1,77.1,10.2,12.6
z_43.5_-1.5,2030,Augmentation,72.5,72.5,12.1,15.4
z_43.5_-10.5,2023,Augmentation,30.0,30.0,30.4,39.6
z_43.5_-10.5,2024,Augmentation,27.7,27.7,31.3,41.0
z_43.5_-10.5,2025,Augmentation,39.5,39.5,27.0,33.4
z_43.5_-10.5,2026,Augmentation,34.6,34.6,31.1,34.3
z_43.5_-10.5,2027,Augmentation,25.7,25.7,31.5,42.8
z_43.5_-10.5,2028,Augmentation,31.4,31.4,28.8,39.8
z_43.5_-10.5,2029,Augmentation,38.8,38.8,29.9,31.3
z_43.5_-10.5,2030,Augmentation,36.7,36.7,30.3,33.1
z_43.5_-3.0,2023,Augmentation,43.6,43.6,14.0,42.4
z_43.5_-3.0,2024,Augmentation,53.9,53.9,14.0,32.1
z_43.5_-3.0,2025,Augmentation,54.2,54.2,14.3,31.5
z_43.5_-3.0,2026,Augmentation,49.4,49.4,15.7,34.9
z_43.5_-3.0,2027,Augmentation,53.3,53.3,13.8,32.8
z_43.5_-3.0,2028,Augmentation,54.6,54.6,13.5,31.9
z_43.5_-3.0,2029,Augmentation,55.5,55.5,13.5,31.1
z_43.5_-3.0,2030,Augmentation,63.0,63.0,12.0,25.0
z_43.5_-33.0,2023,Diminution,83.3,2.3,83.3,14.4
z_43.5_-33.0,2024,Diminution,83.3,2.3,83.3,14.4
z_43.5_-33.0,2025,Diminution,63.1,11.5,63.1,25.5
z_43.5_-33.0,2026,Diminution,77.9,3.9,77.9,18.2
z_43.5_-33.0,2027,Diminution,79.8,1.3,79.8,18.9
z_43.5_-33.0,2028,Diminution,75.8,8.4,75.8,15.7
z_43.5_-33.0,2029,Diminution,80.5,2.7,80.5,16.9
z_43.5_-33.0,2030,Diminution,83.3,2.3,83.3,14.4
z_43.5_-4.5,2023,Augmentation,56.7,56.7,18.1,25.3
z_43.5_-4.5,2024,Augmentation,45.9,45.9,18.7,35.4
z_43.5_-4.5,2025,Augmentation,62.9,62.9,14.9,22.2
z_43.5_-4.5,2026,Augmentation,71.0,71.0,12.5,16.5
z_43.5_-4.5,2027,Augmentation,65.9,65.9,13.8,20.3
z_43.5_-4.5,2028,Augmentation,66.6,66.6,11.4,22.0
z_43.5_-4.5,2029,Augmentation,52.6,52.6,16.5,30.9
z_43.5_-4.5,2030,Augmentation,61.3,61.3,14.9,23.7
z_43.5_-6.0,2023,Augmentation,71.1,71.1,9.2,19.7
z_43.5_-6.0,2024,Augmentation,50.7,50.7,17.2,32.1
z_43.5_-6.0,2025,Augmentation,58.4,58.4,12.6,29.0
z_43.5_-6.0,2026,Augmentation,66.3,66.3,11.5,22.2
z_43.5_-6.0,2027,Augmentation,56.1,56.1,14.0,29.9
z_43.5_-6.0,2028,Augmentation,70.2,70.2,10.4,19.3
z_43.5_-6.0,2029,Augmentation,60.3,60.3,12.1,27.6
z_43.5_-6.0,2030,Augmentation,67.5,67.5,10.6,21.9
z_43.5_-7.5,2023,Augmentation,46.3,46.3,15.7,38.0
z_43.5_-7.5,2024,Augmentation,53.9,53.9,13.9,32.2
z_43.5_-7.5,2025,Augmentation,50.4,50.4,15.8,33.8
z_43.5_-7.5,2026,Augmentation,57.9,57.9,16.2,25.9
z_43.5_-7.5,2027,Augmentation,47.4,47.4,16.5,36.1
z_43.5_-7.5,2028,Augmentation,38.8,38.8,17.7,43.5
z_43.5_-7.5,2029,Augmentation,45.7,45.7,17.2,37.1
z_43.5_-7.5,2030,Augmentation,54.0,54.0,12.6,33.4
z_43.5_-9.0,2023,Augmentation,60.2,60.2,10.4,29.4
z_43.5_-9.0,2024,Augmentation,41.8,41.8,12.1,46.1
z_43.5_-9.0,2025,Augmentation,62.5,62.5,14.0,23.6
z_43.5_-9.0,2026,Augmentation,71.3,71.3,9.1,19.6
z_43.5_-9.0,2027,Augmentation,66.3,66.3,11.6,22.1
z_43.5_-9.0,2028,Augmentation,63.3,63.3,10.3,26.4
z_43.5_-9.0,2029,Augmentation,63.8,63.8,10.6,25.5
z_43.5_-9.0,2030,Augmentation,63.0,63.0,10.0,27.1
z_43.5_12.0,2023,Augmentation,57.7,57.7,10.9,31.4
z_43.5_12.0,2024,Augmentation,62.4,62.4,10.4,27.1
z_43.5_12.0,2025,Augmentation,64.6,64.6,10.1,25.3
z_43.5_12.0,2026,Augmentation,67.2,67.2,9.4,23.4
z_43.5_12.0,2027,Augmentation,56.6,56.6,11.8,31.6
z_43.5_12.0,2028,Augmentation,57.7,57.7,11.6,30.7
z_43.5_12.0,2029,Augmentation,61.2,61.2,10.0,28.8
z_43.5_12.0,2030,Augmentation,60.3,60.3,9.1,30.5
z_43.5_13.5,2023,Augmentation,72.9,72.9,9.4,17.7
z_43.5_13.5,2024,Augmentation,56.6,56.6,15.0,28.4
z_43.5_13.5,2025,Augmentation,70.7,70.7,12.2,17.1
z_43.5_13.5,2026,Augmentation,53.1,53.1,17.6,29.3
z_43.5_13.5,2027,Augmentation,70.8,70.8,12.2,16.9
z_43.5_13.5,2028,Augmentation,74.6,74.6,11.9,13.5
z_43.5_13.5,2029,Augmentation,67.8,67.8,12.5,19.7
z_43.5_13.5,2030,Augmentation,72.2,72.2,10.5,17.3
z_43.5_15.0,2023,Augmentation,29.4,29.4,34.2,36.4
z_43.5_15.0,2024,Augmentation,38.1,38.1,32.9,29.0
z_43.5_15.0,2025,Augmentation,28.8,28.8,31.1,40.0
z_43.5_15.0,2026,Augmentation,39.3,39.3,25.4,35.3
z_43.5_15.0,2027,Augmentation,32.1,32.1,26.3,41.5
z_43.5_15.0,2028,Augmentation,34.7,34.7,28.9,36.4
z_43.5_15.0,2029,Augmentation,31.3,31.3,26.3,42.4
z_43.5_15.0,2030,Augmentation,33.5,33.5,29.0,37.5
z_43.5_28.5,2023,Augmentation,39.8,39.8,21.5,38.6
z_43.5_28.5,2024,Augmentation,37.0,37.0,14.1,48.9
z_43.5_28.5,2025,Augmentation,39.2,39.2,16.6,44.2
z_43.5_28.5,2026,Augmentation,36.0,36.0,22.0,42.0
z_43.5_28.5,2027,Augmentation,34.0,34.0,21.3,44.7
z_43.5_28.5,2028,Augmentation,34.6,34.6,21.3,44.0
z_43.5_28.5,2029,Augmentation,34.3,34.3,21.5,44.2
z_43.5_28.5,2030,Augmentation,34.3,34.3,21.5,44.2
z_43.5_30.0,2023,Diminution,72.0,12.2,72.0,15.7
z_43.5_30.0,2024,Diminution,58.5,16.6,58.5,24.9
z_43.5_30.0,2025,Diminution,72.6,9.0,72.6,18.5
z_43.5_30.0,2026,Diminution,71.6,7.3,71.6,21.1
z_43.5_30.0,2027,Diminution,69.4,16.8,69.4,13.8
z_43.5_30.0,2028,Diminution,73.1,8.1,73.1,18.8
z_43.5_30.0,2029,Diminution,72.0,12.2,72.0,15.7
z_43.5_30.0,2030,Diminution,72.0,12.2,72.0,15.7
z_43.5_36.0,2023,Diminution,70.9,6.9,70.9,22.2
z_43.5_36.0,2024,Diminution,63.3,7.7,63.3,29.0
z_43.5_36.0,2025,Diminution,58.1,9.6,58.1,32.3
z_43.5_36.0,2026,Diminution,59.3,7.6,59.3,33.1
z_43.5_36.0,2027,Diminution,70.9,6.9,70.9,22.2
z_43.5_36.0,2028,Diminution,63.3,7.7,63.3,29.0
z_43.5_36.0,2029,Diminution,62.7,8.6,62.7,28.7
z_43.5_36.0,2030,Diminution,67.1,6.1,67.1,26.8
z_43.5_37.5,2023,Augmentation,51.4,51.4,18.8,29.8
z_43.5_37.5,2024,Augmentation,47.0,47.0,21.3,31.7
z_43.5_37.5,2025,Augmentation,39.8,39.8,25.1,35.1
z_43.5_37.5,2026,Augmentation,43.2,43.2,31.4,25.4
z_43.5_37.5,2027,Augmentation,50.5,50.5,24.7,24.8
z_43.5_37.5,2028,Augmentation,49.6,49.6,23.3,27.1
z_43.5_37.5,2029,Augmentation,46.0,46.0,25.3,28.7
z_43.5_37.5,2030,Augmentation,46.0,46.0,25.3,28.7
z_43.5_6.0,2023,Augmentation,22.7,22.7,29.8,47.4
z_43.5_6.0,2024,Augmentation,29.7,29.7,30.3,39.9
z_43.5_6.0,2025,Augmentation,23.7,23.7,32.4,43.8
z_43.5_6.0,2026,Augmentation,21.4,21.4,31.2,47.3
z_43.5_6.0,2027,Augmentation,21.6,21.6,31.8,46.6
z_43.5_6.0,2028,Augmentation,23.3,23.3,33.2,43.5
z_43.5_6.0,2029,Augmentation,23.4,23.4,32.3,44.3
z_43.5_6.0,2030,Augmentation,23.7,23.7,32.4,43.8
z_43.5_7.5,2023,Augmentation,33.1,33.1,19.1,47.8
z_43.5_7.5,2024,Augmentation,37.4,37.4,17.8,44.8
z_43.5_7.5,2025,Augmentation,36.9,36.9,17.7,45.4
z_43.5_7.5,2026,Augmentation,33.8,33.8,19.9,46.3
z_43.5_7.5,2027,Augmentation,34.5,34.5,17.0,48.5
z_43.5_7.5,2028,Augmentation,35.5,35.5,17.3,47.2
z_43.5_7.5,2029,Augmentation,36.1,36.1,18.6,45.3
z_43.5_7.5,2030,Augmentation,38.1,38.1,17.7,44.2
z_43.5_9.0,2023,Augmentation,59.7,59.7,11.0,29.3
z_43.5_9.0,2024,Augmentation,61.8,61.8,12.6,25.6
z_43.5_9.0,2025,Augmentation,69.3,69.3,9.4,21.3
z_43.5_9.0,2026,Augmentation,70.0,70.0,9.3,20.7
z_43.5_9.0,2027,Augmentation,66.0,66.0,10.4,23.6
z_43.5_9.0,2028,Augmentation,65.7,65.7,9.9,24.4
z_43.5_9.0,2029,Augmentation,59.4,59.4,12.1,28.5
z_43.5_9.0,2030,Augmentation,64.2,64.2,11.0,24.7
z_45.0_-1.5,2023,Augmentation,71.4,71.4,9.7,18.8
z_45.0_-1.5,2024,Augmentation,70.2,70.2,7.5,22.3
z_45.0_-1.5,2025,Augmentation,49.7,49.7,13.8,36.5
z_45.0_-1.5,2026,Augmentation,59.8,59.8,14.1,26.1
z_45.0_-1.5,2027,Augmentation,57.4,57.4,11.3,31.2
z_45.0_-1.5,2028,Augmentation,59.7,59.7,12.8,27.5
z_45.0_-1.5,2029,Augmentation,75.0,75.0,8.1,16.8
z_45.0_-1.5,2030,Augmentation,72.8,72.8,8.8,18.4
z_45.0_-19.5,2023,Diminution,77.1,1.9,77.1,21.0
z_45.0_-19.5,2024,Diminution,77.1,1.9,77.1,21.0
z_45.0_-19.5,2025,Diminution,64.1,5.2,64.1,30.6
z_45.0_-19.5,2026,Diminution,76.6,4.4,76.6,19.0
z_45.0_-19.5,2027,Diminution,77.4,1.9,77.4,20.7
z_45.0_-19.5,2028,Diminution,72.1,3.9,72.1,24.0
z_45.0_-19.5,2029,Diminution,76.8,2.9,76.8,20.3
z_45.0_-19.5,2030,Diminution,77.1,1.9,77.1,21.0
z_45.0_-3.0,2023,Augmentation,55.7,55.7,13.6,30.8
z_45.0_-3.0,2024,Augmentation,48.0,48.0,14.6,37.4
z_45.0_-3.0,2025,Augmentation,47.9,47.9,18.5,33.6
z_45.0_-3.0,2026,Augmentation,53.2,53.2,18.2,28.6
z_45.0_-3.0,2027,Augmentation,55.2,55.2,17.1,27.7
z_45.0_-3.0,2028,Augmentation,55.8,55.8,14.0,30.2
z_45.0_-3.0,2029,Augmentation,57.1,57.1,13.4,29.5
z_45.0_-3.0,2030,Augmentation,55.6,55.6,13.3,31.1
z_45.0_-4.5,2023,Augmentation,60.8,60.8,14.8,24.4
z_45.0_-4.5,2024,Augmentation,49.4,49.4,21.4,29.2
z_45.0_-4.5,2025,Augmentation,42.0,42.0,25.4,32.5
z_45.0_-4.5,2026,Augmentation,42.4,42.4,21.5,36.1
z_45.0_-4.5,2027,Augmentation,42.1,42.1,17.0,40.9
z_45.0_-4.5,2028,Augmentation,50.0,50.0,16.9,33.1
z_45.0_-4.5,2029,Augmentation,51.6,51.6,16.4,32.0
z_45.0_-4.5,2030,Augmentation,52.3,52.3,17.0,30.7
z_45.0_-6.0,2023,Augmentation,22.9,22.9,36.5,40.6
z_45.0_-6.0,2024,Augmentation,26.5,26.5,36.1,37.4
z_45.0_-6.0,2025,Augmentation,23.9,23.9,33.2,42.9
z_45.0_-6.0,2026,Augmentation,29.6,29.6,36.4,34.1
z_45.0_-6.0,2027,Augmentation,24.8,24.8,34.5,40.7
z_45.0_-6.0,2028,Augmentation,26.5,26.5,36.1,37.4
z_45.0_-6.0,2029,Augmentation,23.9,23.9,33.2,42.9
z_45.0_-6.0,2030,Augmentation,27.6,27.6,35.9,36.6
z_45.0_-7.5,2023,Augmentation,23.4,23.4,30.7,45.9
z_45.0_-7.5,2024,Augmentation,30.2,30.2,33.8,36.1
z_45.0_-7.5,2025,Augmentation,28.3,28.3,33.6,38.1
z_45.0_-7.5,2026,Augmentation,34.6,34.6,28.8,36.5
z_45.0_-7.5,2027,Augmentation,28.9,28.9,33.7,37.4
z_45.0_-7.5,2028,Augmentation,21.3,21.3,38.0,40.7
z_45.0_-7.5,2029,Augmentation,24.6,24.6,33.9,41.5
z_45.0_-7.5,2030,Augmentation,30.7,30.7,30.5,38.8
z_45.0_-9.0,2023,Augmentation,17.9,17.9,24.0,58.1
z_45.0_-9.0,2024,Augmentation,22.8,22.8,26.9,50.4
z_45.0_-9.0,2025,Augmentation,19.3,19.3,26.9,53.8
z_45.0_-9.0,2026,Augmentation,25.5,25.5,27.1,47.4
z_45.0_-9.0,2027,Augmentation,25.9,25.9,24.4,49.7
z_45.0_-9.0,2028,Augmentation,25.9,25.9,27.1,47.0
z_45.0_-9.0,2029,Augmentation,24.2,24.2,18.6,57.2
z_45.0_-9.0,2030,Augmentation,23.8,23.8,20.8,55.4
z_45.0_12.0,2023,Augmentation,45.0,45.0,14.4,40.6
z_45.0_12.0,2024,Augmentation,37.7,37.7,14.1,48.2
z_45.0_12.0,2025,Augmentation,44.9,44.9,16.0,39.0
z_45.0_12.0,2026,Augmentation,54.1,54.1,11.2,34.7
z_45.0_12.0,2027,Augmentation,46.7,46.7,15.6,37.7
z_45.0_12.0,2028,Augmentation,46.6,46.6,13.8,39.7
z_45.0_12.0,2029,Augmentation,46.0,46.0,14.6,39.4
z_45.0_12.0,2030,Augmentation,46.8,46.8,13.9,39.4
z_45.0_13.5,2023,Augmentation,50.6,50.6,13.8,35.6
z_45.0_13.5,2024,Augmentation,55.2,55.2,14.8,30.0
z_45.0_13.5,2025,Augmentation,66.1,66.1,10.2,23.7
z_45.0_13.5,2026,Augmentation,71.4,71.4,9.5,19.0
z_45.0_13.5,2027,Augmentation,67.1,67.1,11.1,21.8
z_45.0_13.5,2028,Augmentation,56.7,56.7,13.3,30.0
z_45.0_13.5,2029,Augmentation,54.6,54.6,12.8,32.6
z_45.0_13.5,2030,Augmentation,65.9,65.9,12.2,21.9
z_45.0_28.5,2023,Diminution,80.7,4.1,80.7,15.3
z_45.0_28.5,2024,Diminution,80.7,4.1,80.7,15.3
z_45.0_28.5,2025,Diminution,71.5,7.3,71.5,21.2
z_45.0_28.5,2026,Diminution,75.2,6.9,75.2,17.9
z_45.0_28.5,2027,Diminution,78.3,3.3,78.3,18.4
z_45.0_28.5,2028,Diminution,72.5,7.7,72.5,19.8
z_45.0_28.5,2029,Diminution,76.5,7.9,76.5,15.6
z_45.0_28.5,2030,Diminution,80.7,4.1,80.7,15.3
z_45.0_36.0,2023,Augmentation,28.1,28.1,25.5,46.4
z_45.0_36.0,2024,Augmentation,42.6,42.6,26.7,30.8
z_45.0_36.0,2025,Augmentation,32.8,32.8,29.1,38.1
z_45.0_36.0,2026,Augmentation,35.8,35.8,32.5,31.7
z_45.0_36.0,2027,Augmentation,33.9,33.9,32.9,33.2
z_45.0_36.0,2028,Augmentation,43.4,43.4,26.5,30.2
z_45.0_36.0,2029,Augmentation,48.2,48.2,27.8,23.9
z_45.0_36.0,2030,Augmentation,42.8,42.8,31.0,26.2
z_46.5_-10.5,2023,Diminution,69.7,2.7,69.7,27.6
z_46.5_-10.5,2024,Diminution,63.0,11.1,63.0,25.9
z_46.5_-10.5,2025,Diminution,65.0,4.9,65.0,30.1
z_46.5_-10.5,2026,Diminution,74.6,1.7,74.6,23.7
z_46.5_-10.5,2027,Diminution,66.8,7.9,66.8,25.4
z_46.5_-10.5,2028,Diminution,70.2,3.6,70.2,26.1
z_46.5_-10.5,2029,Diminution,76.9,2.5,76.9,20.7
z_46.5_-10.5,2030,Diminution,76.9,2.5,76.9,20.7
z_46.5_-3.0,2023,Augmentation,46.7,46.7,12.7,40.6
z_46.5_-3.0,2024,Augmentation,45.4,45.4,15.2,39.4
z_46.5_-3.0,2025,Augmentation,42.6,42.6,13.4,43.9
z_46.5_-3.0,2026,Augmentation,40.3,40.3,16.9,42.8
z_46.5_-3.0,2027,Augmentation,46.9,46.9,13.5,39.6
z_46.5_-3.0,2028,Augmentation,46.1,46.1,12.1,41.8
z_46.5_-3.0,2029,Augmentation,51.2,51.2,13.7,35.1
z_46.5_-3.0,2030,Augmentation,45.7,45.7,11.1,43.2
z_46.5_-36.0,2023,Diminution,73.6,14.7,73.6,11.7
z_46.5_-36.0,2024,Diminution,73.6,14.7,73.6,11.7
z_46.5_-36.0,2025,Diminution,59.7,19.1,59.7,21.2
z_46.5_-36.0,2026,Diminution,73.5,10.6,73.5,15.8
z_46.5_-36.0,2027,Diminution,74.8,9.4,74.8,15.8
z_46.5_-36.0,2028,Diminution,70.2,19.4,70.2,10.4
z_46.5_-36.0,2029,Diminution,73.9,9.9,73.9,16.3
z_46.5_-36.0,2030,Diminution,73.6,14.7,73.6,11.7
z_46.5_-4.5,2023,Augmentation,62.2,62.2,9.4,28.4
z_46.5_-4.5,2024,Augmentation,58.9,58.9,8.6,32.5
z_46.5_-4.5,2025,Augmentation,55.2,55.2,11.2,33.5
z_46.5_-4.5,2026,Augmentation,63.7,63.7,9.2,27.1
z_46.5_-4.5,2027,Augmentation,55.9,55.9,8.1,36.0
z_46.5_-4.5,2028,Augmentation,59.2,59.2,11.3,29.5
z_46.5_-4.5,2029,Augmentation,55.5,55.5,9.3,35.2
z_46.5_-4.5,2030,Augmentation,54.2,54.2,10.0,35.8
z_46.5_-6.0,2023,Augmentation,48.9,48.9,12.4,38.7
z_46.5_-6.0,2024,Augmentation,56.1,56.1,14.6,29.4
z_46.5_-6.0,2025,Augmentation,47.6,47.6,15.6,36.8
z_46.5_-6.0,2026,Augmentation,43.7,43.7,21.2,35.1
z_46.5_-6.0,2027,Augmentation,53.2,53.2,14.8,32.1
z_46.5_-6.0,2028,Augmentation,51.0,51.0,13.6,35.4
z_46.5_-6.0,2029,Augmentation,56.9,56.9,15.0,28.1
z_46.5_-6.0,2030,Augmentation,61.0,61.0,11.7,27.4
z_46.5_-7.5,2023,Augmentation,55.8,55.8,16.2,28.0
z_46.5_-7.5,2024,Augmentation,46.7,46.7,25.2,28.1
z_46.5_-7.5,2025,Augmentation,42.7,42.7,24.5,32.8
z_46.5_-7.5,2026,Augmentation,38.5,38.5,22.0,39.5
z_46.5_-7.5,2027,Augmentation,35.1,35.1,23.3,41.6
z_46.5_-7.5,2028,Augmentation,41.1,41.1,17.7,41.2
z_46.5_-7.5,2029,Augmentation,44.0,44.0,19.8,36.2
z_46.5_-7.5,2030,Augmentation,46.3,46.3,17.5,36.2
z_48.0_-1.5,2023,Augmentation,35.3,35.3,16.6,48.2
z_48.0_-1.5,2024,Augmentation,50.1,50.1,13.2,36.7
z_48.0_-1.5,2025,Augmentation,35.0,35.0,11.4,53.6
z_48.0_-1.5,2026,Augmentation,37.9,37.9,13.8,48.2
z_48.0_-1.5,2027,Augmentation,35.9,35.9,13.7,50.3
z_48.0_-1.5,2028,Augmentation,43.2,43.2,13.6,43.1
z_48.0_-1.5,2029,Augmentation,40.0,40.0,13.4,46.5
z_48.0_-1.5,2030,Augmentation,37.1,37.1,14.1,48.8
z_48.0_-10.5,2023,Augmentation,28.0,28.0,21.4,50.6
z_48.0_-10.5,2024,Augmentation,32.1,32.1,27.3,40.6
z_48.0_-10.5,2025,Augmentation,32.0,32.0,28.2,39.8
z_48.0_-10.5,2026,Augmentation,38.6,38.6,26.0,35.5
z_48.0_-10.5,2027,Augmentation,34.0,34.0,25.8,40.1
z_48.0_-10.5,2028,Augmentation,32.7,32.7,28.7,38.6
z_48.0_-10.5,2029,Augmentation,30.8,30.8,25.2,44.0
z_48.0_-10.5,2030,Augmentation,33.4,33.4,26.6,40.0
z_48.0_-12.0,2023,Augmentation,29.8,29.8,30.0,40.2
z_48.0_-12.0,2024,Augmentation,33.8,33.8,30.8,35.4
z_48.0_-12.0,2025,Augmentation,32.5,32.5,37.2,30.3
z_48.0_-12.0,2026,Augmentation,27.6,27.6,30.2,42.2
z_48.0_-12.0,2027,Augmentation,28.3,28.3,29.8,42.0
z_48.0_-12.0,2028,Augmentation,29.2,29.2,39.9,30.9
z_48.0_-12.0,2029,Augmentation,29.4,29.4,33.2,37.3
z_48.0_-12.0,2030,Augmentation,33.0,33.0,28.9,38.0
z_48.0_-15.0,2023,Diminution,73.2,7.5,73.2,19.4
z_48.0_-15.0,2024,Diminution,57.4,17.0,57.4,25.6
z_48.0_-15.0,2025,Diminution,71.6,5.6,71.6,22.8
z_48.0_-15.0,2026,Diminution,75.6,4.2,75.6,20.1
z_48.0_-15.0,2027,Diminution,71.7,11.7,71.7,16.6
z_48.0_-15.0,2028,Diminution,73.4,4.5,73.4,22.1
z_48.0_-15.0,2029,Diminution,73.2,7.5,73.2,19.4
z_48.0_-15.0,2030,Diminution,73.2,7.5,73.2,19.4
z_48.0_-24.0,2023,Diminution,67.7,5.4,67.7,26.8
z_48.0_-24.0,2024,Diminution,67.7,5.4,67.7,26.8
z_48.0_-24.0,2025,Diminution,53.7,14.1,53.7,32.2
z_48.0_-24.0,2026,Diminution,71.0,4.6,71.0,24.3
z_48.0_-24.0,2027,Diminution,70.0,3.3,70.0,26.7
z_48.0_-24.0,2028,Diminution,66.8,9.9,66.8,23.3
z_48.0_-24.0,2029,Diminution,68.0,3.9,68.0,28.1
z_48.0_-24.0,2030,Diminution,67.7,5.4,67.7,26.8
z_48.0_-3.0,2023,Augmentation,48.3,48.3,14.6,37.1
z_48.0_-3.0,2024,Augmentation,47.7,47.7,14.8,37.5
z_48.0_-3.0,2025,Augmentation,36.4,36.4,22.4,41.2
z_48.0_-3.0,2026,Augmentation,32.3,32.3,20.7,47.0
z_48.0_-3.0,2027,Augmentation,31.9,31.9,17.5,50.6
z_48.0_-3.0,2028,Augmentation,37.5,37.5,16.9,45.6
z_48.0_-3.0,2029,Augmentation,47.7,47.7,16.2,36.1
z_48.0_-3.0,2030,Augmentation,48.8,48.8,15.4,35.8
z_48.0_-30.0,2023,Diminution,68.1,5.2,68.1,26.6
z_48.0_-30.0,2024,Diminution,68.1,5.2,68.1,26.6
z_48.0_-30.0,2025,Diminution,68.1,5.2,68.1,26.6
z_48.0_-30.0,2026,Diminution,53.8,13.6,53.8,32.5
z_48.0_-30.0,2027,Diminution,70.6,4.5,70.6,24.9
z_48.0_-30.0,2028,Diminution,70.2,3.0,70.2,26.8
z_48.0_-30.0,2029,Diminution,67.5,9.4,67.5,23.1
z_48.0_-30.0,2030,Diminution,68.0,3.7,68.0,28.3
z_48.0_-4.5,2023,Augmentation,58.2,58.2,11.8,29.9
z_48.0_-4.5,2024,Augmentation,47.2,47.2,17.1,35.7
z_48.0_-4.5,2025,Augmentation,49.9,49.9,12.2,38.0
z_48.0_-4.5,2026,Augmentation,49.2,49.2,14.2,36.6
z_48.0_-4.5,2027,Augmentation,47.5,47.5,14.8,37.7
z_48.0_-4.5,2028,Augmentation,51.2,51.2,13.0,35.8
z_48.0_-4.5,2029,Augmentation,48.3,48.3,12.5,39.2
z_48.0_-4.5,2030,Augmentation,48.0,48.0,13.0,39.0
z_48.0_-6.0,2023,Augmentation,40.4,40.4,20.1,39.6
z_48.0_-6.0,2024,Augmentation,39.4,39.4,24.4,36.2
z_48.0_-6.0,2025,Augmentation,44.8,44.8,18.7,36.5
z_48.0_-6.0,2026,Augmentation,38.7,38.7,13.2,48.2
z_48.0_-6.0,2027,Augmentation,41.9,41.9,17.2,40.8
z_48.0_-6.0,2028,Augmentation,43.7,43.7,20.9,35.4
z_48.0_-6.0,2029,Augmentation,44.0,44.0,22.8,33.2
z_48.0_-6.0,2030,Augmentation,43.2,43.2,19.6,37.2
z_48.0_-7.5,2023,Augmentation,64.8,64.8,12.9,22.3
z_48.0_-7.5,2024,Augmentation,60.9,60.9,16.1,23.0
z_48.0_-7.5,2025,Augmentation,53.4,53.4,17.8,28.8
z_48.0_-7.5,2026,Augmentation,52.2,52.2,17.0,30.9
z_48.0_-7.5,2027,Augmentation,49.8,49.8,18.0,32.1
z_48.0_-7.5,2028,Augmentation,53.5,53.5,17.7,28.8
z_48.0_-7.5,2029,Augmentation,54.7,54.7,17.7,27.6
z_48.0_-7.5,2030,Augmentation,58.0,58.0,15.9,26.1
z_48.0_-9.0,2023,Augmentation,43.6,43.6,22.6,33.9
z_48.0_-9.0,2024,Augmentation,43.3,43.3,23.7,33.0
z_48.0_-9.0,2025,Augmentation,52.1,52.1,18.4,29.4
z_48.0_-9.0,2026,Augmentation,62.5,62.5,16.3,21.2
z_48.0_-9.0,2027,Augmentation,58.3,58.3,17.8,23.9
z_48.0_-9.0,2028,Augmentation,61.3,61.3,16.3,22.4
z_48.0_-9.0,2029,Augmentation,63.2,63.2,15.3,21.5
z_48.0_-9.0,2030,Augmentation,65.8,65.8,14.9,19.3
z_49.5_-1.5,2023,Augmentation,26.1,26.1,18.1,55.8
z_49.5_-1.5,2024,Augmentation,28.8,28.8,11.3,59.9
z_49.5_-1.5,2025,Augmentation,29.3,29.3,10.0,60.6
z_49.5_-1.5,2026,Augmentation,24.8,24.8,13.8,61.4
z_49.5_-1.5,2027,Augmentation,27.3,27.3,12.4,60.4
z_49.5_-1.5,2028,Augmentation,28.0,28.0,11.2,60.7
z_49.5_-1.5,2029,Augmentation,26.0,26.0,10.1,64.0
z_49.5_-1.5,2030,Augmentation,24.7,24.7,11.3,63.9
z_49.5_-12.0,2023,Augmentation,51.8,51.8,15.5,32.8
z_49.5_-12.0,2024,Augmentation,43.4,43.4,16.6,40.0
z_49.5_-12.0,2025,Augmentation,55.5,55.5,18.7,25.8
z_49.5_-12.0,2026,Augmentation,36.6,36.6,23.2,40.3
z_49.5_-12.0,2027,Augmentation,47.5,47.5,23.3,29.2
z_49.5_-12.0,2028,Augmentation,38.1,38.1,24.3,37.6
z_49.5_-12.0,2029,Augmentation,46.5,46.5,19.7,33.8
z_49.5_-12.0,2030,Augmentation,50.6,50.6,17.7,31.7
z_49.5_-16.5,2023,Diminution,75.7,2.9,75.7,21.4
z_49.5_-16.5,2024,Diminution,75.7,2.9,75.7,21.4
z_49.5_-16.5,2025,Diminution,75.7,2.9,75.7,21.4
z_49.5_-16.5,2026,Diminution,57.8,5.5,57.8,36.7
z_49.5_-16.5,2027,Diminution,72.4,5.9,72.4,21.7
z_49.5_-16.5,2028,Diminution,77.0,3.9,77.0,19.0
z_49.5_-16.5,2029,Diminution,71.4,4.8,71.4,23.8
z_49.5_-16.5,2030,Diminution,74.3,4.3,74.3,21.4
z_49.5_-18.0,2023,Diminution,82.2,3.5,82.2,14.3
z_49.5_-18.0,2024,Diminution,62.9,14.2,62.9,22.9
z_49.5_-18.0,2025,Diminution,78.6,3.5,78.6,17.9
z_49.5_-18.0,2026,Diminution,83.3,2.0,83.3,14.7
z_49.5_-18.0,2027,Diminution,79.5,8.2,79.5,12.4
z_49.5_-18.0,2028,Diminution,78.1,2.6,78.1,19.2
z_49.5_-18.0,2029,Diminution,82.2,3.5,82.2,14.3
z_49.5_-18.0,2030,Diminution,82.2,3.5,82.2,14.3
z_49.5_-3.0,2023,Augmentation,36.9,36.9,22.2,41.0
z_49.5_-3.0,2024,Augmentation,32.5,32.5,25.7,41.8
z_49.5_-3.0,2025,Augmentation,36.7,36.7,24.7,38.7
z_49.5_-3.0,2026,Augmentation,43.5,43.5,15.6,40.9
z_49.5_-3.0,2027,Augmentation,41.9,41.9,15.3,42.7
z_49.5_-3.0,2028,Augmentation,47.2,47.2,15.4,37.3
z_49.5_-3.0,2029,Augmentation,47.7,47.7,14.8,37.5
z_49.5_-3.0,2030,Augmentation,44.7,44.7,16.0,39.3
z_49.5_-4.5,2023,Augmentation,35.1,35.1,18.4,46.5
z_49.5_-4.5,2024,Augmentation,35.4,35.4,14.5,50.0
z_49.5_-4.5,2025,Augmentation,32.5,32.5,15.8,51.7
z_49.5_-4.5,2026,Augmentation,32.2,32.2,20.4,47.3
z_49.5_-4.5,2027,Augmentation,37.4,37.4,17.5,45.1
z_49.5_-4.5,2028,Augmentation,33.6,33.6,16.7,49.7
z_49.5_-4.5,2029,Augmentation,41.1,41.1,15.0,43.8
z_49.5_-4.5,2030,Augmentation,41.1,41.1,15.1,43.9
z_49.5_-6.0,2023,Augmentation,35.9,35.9,19.5,44.6
z_49.5_-6.0,2024,Augmentation,44.1,44.1,16.3,39.6
z_49.5_-6.0,2025,Augmentation,44.4,44.4,17.0,38.6
z_49.5_-6.0,2026,Augmentation,40.2,40.2,15.1,44.7
z_49.5_-6.0,2027,Augmentation,44.4,44.4,16.2,39.4
z_49.5_-6.0,2028,Augmentation,47.5,47.5,13.6,38.9
z_49.5_-6.0,2029,Augmentation,50.3,50.3,12.7,37.0
z_49.5_-6.0,2030,Augmentation,50.4,50.4,12.6,37.0
z_49.5_-7.5,2023,Augmentation,40.0,40.0,22.0,38.0
z_49.5_-7.5,2024,Augmentation,37.5,37.5,25.7,36.8
z_49.5_-7.5,2025,Augmentation,39.7,39.7,22.0,38.3
z_49.5_-7.5,2026,Augmentation,34.5,34.5,28.3,37.2
z_49.5_-7.5,2027,Augmentation,39.6,39.6,23.9,36.5
z_49.5_-7.5,2028,Augmentation,33.8,33.8,19.2,47.0
z_49.5_-7.5,2029,Augmentation,40.8,40.8,19.5,39.7
z_49.5_-7.5,2030,Augmentation,40.0,40.0,19.4,40.6
z_49.5_-9.0,2023,Augmentation,38.5,38.5,20.3,41.3
z_49.5_-9.0,2024,Augmentation,44.9,44.9,15.0,40.1
z_49.5_-9.0,2025,Augmentation,56.6,56.6,15.1,28.3
z_49.5_-9.0,2026,Augmentation,47.6,47.6,17.1,35.3
z_49.5_-9.0,2027,Augmentation,51.9,51.9,16.3,31.8
z_49.5_-9.0,2028,Augmentation,48.5,48.5,16.7,34.8
z_49.5_-9.0,2029,Augmentation,47.4,47.4,16.0,36.5
z_49.5_-9.0,2030,Augmentation,46.5,46.5,17.3,36.2
z_49.5_0.0,2023,Augmentation,42.3,42.3,14.3,43.4
z_49.5_0.0,2024,Augmentation,41.8,41.8,16.9,41.2
z_49.5_0.0,2025,Augmentation,38.8,38.8,15.4,45.8
z_49.5_0.0,2026,Augmentation,36.0,36.0,17.3,46.7
z_49.5_0.0,2027,Augmentation,38.7,38.7,12.0,49.3
z_49.5_0.0,2028,Augmentation,42.2,42.2,12.3,45.5
z_49.5_0.0,2029,Augmentation,39.3,39.3,11.5,49.2
z_49.5_0.0,2030,Augmentation,38.0,38.0,11.3,50.7
z_51.0_-10.5,2023,Augmentation,64.9,64.9,13.8,21.4
z_51.0_-10.5,2024,Augmentation,65.4,65.4,15.3,19.3
z_51.0_-10.5,2025,Augmentation,56.5,56.5,13.9,29.5
z_51.0_-10.5,2026,Augmentation,50.0,50.0,18.9,31.1
z_51.0_-10.5,2027,Augmentation,54.4,54.4,15.7,29.8
z_51.0_-10.5,2028,Augmentation,55.0,55.0,14.1,30.9
z_51.0_-10.5,2029,Augmentation,65.0,65.0,11.8,23.1
z_51.0_-10.5,2030,Augmentation,73.1,73.1,10.2,16.6
z_51.0_-12.0,2023,Augmentation,49.2,49.2,17.0,33.8
z_51.0_-12.0,2024,Augmentation,49.3,49.3,16.7,34.0
z_51.0_-12.0,2025,Augmentation,46.8,46.8,19.7,33.5
z_51.0_-12.0,2026,Augmentation,40.3,40.3,16.4,43.3
z_51.0_-12.0,2027,Augmentation,49.8,49.8,17.0,33.3
z_51.0_-12.0,2028,Augmentation,53.1,53.1,15.1,31.9
z_51.0_-12.0,2029,Augmentation,52.1,52.1,15.4,32.5
z_51.0_-12.0,2030,Augmentation,55.9,55.9,14.7,29.4
z_51.0_-13.5,2023,Augmentation,40.3,40.3,22.3,37.3
z_51.0_-13.5,2024,Augmentation,23.2,23.2,24.7,52.1
z_51.0_-13.5,2025,Augmentation,24.7,24.7,32.2,43.1
z_51.0_-13.5,2026,Augmentation,26.8,26.8,33.8,39.4
z_51.0_-13.5,2027,Augmentation,28.4,28.4,30.4,41.2
z_51.0_-13.5,2028,Augmentation,28.4,28.4,30.4,41.2
z_51.0_-13.5,2029,Augmentation,28.4,28.4,30.4,41.2
z_51.0_-13.5,2030,Augmentation,28.4,28.4,30.4,41.2
z_51.0_-15.0,2023,Augmentation,39.0,39.0,20.0,41.0
z_51.0_-15.0,2024,Augmentation,42.7,42.7,18.9,38.4
z_51.0_-15.0,2025,Augmentation,40.3,40.3,19.6,40.1
z_51.0_-15.0,2026,Augmentation,36.8,36.8,22.3,41.0
z_51.0_-15.0,2027,Augmentation,32.1,32.1,20.9,47.0
z_51.0_-15.0,2028,Augmentation,39.1,39.1,20.8,40.2
z_51.0_-15.0,2029,Augmentation,39.5,39.5,19.3,41.1
z_51.0_-15.0,2030,Augmentation,36.7,36.7,18.6,44.7
z_51.0_-16.5,2023,Diminution,57.8,6.8,57.8,35.5
z_51.0_-16.5,2024,Diminution,40.8,12.0,40.8,47.2
z_51.0_-16.5,2025,Diminution,51.2,13.9,51.2,34.9
z_51.0_-16.5,2026,Diminution,57.4,5.0,57.4,37.6
z_51.0_-16.5,2027,Diminution,50.1,6.5,50.1,43.4
z_51.0_-16.5,2028,Diminution,57.8,5.8,57.8,36.4
z_51.0_-16.5,2029,Diminution,61.8,3.9,61.8,34.2
z_51.0_-16.5,2030,Diminution,61.8,3.9,61.8,34.2
z_51.0_-18.0,2023,Diminution,74.8,8.2,74.8,17.0
z_51.0_-18.0,2024,Diminution,59.1,17.7,59.1,23.2
z_51.0_-18.0,2025,Diminution,73.5,6.1,73.5,20.4
z_51.0_-18.0,2026,Diminution,76.9,4.7,76.9,18.4
z_51.0_-18.0,2027,Diminution,72.1,13.2,72.1,14.6
z_51.0_-18.0,2028,Diminution,73.9,5.2,73.9,20.9
z_51.0_-18.0,2029,Diminution,74.8,8.2,74.8,17.0
z_51.0_-18.0,2030,Diminution,74.8,8.2,74.8,17.0
z_51.0_-4.5,2023,Augmentation,38.1,38.1,30.7,31.2
z_51.0_-4.5,2024,Augmentation,37.2,37.2,25.7,37.1
z_51.0_-4.5,2025,Augmentation,35.1,35.1,27.0,37.8
z_51.0_-4.5,2026,Augmentation,31.4,31.4,22.7,45.9
z_51.0_-4.5,2027,Augmentation,36.0,36.0,23.8,40.2
z_51.0_-4.5,2028,Augmentation,36.4,36.4,23.2,40.4
z_51.0_-4.5,2029,Augmentation,35.9,35.9,23.4,40.6
z_51.0_-4.5,2030,Augmentation,36.0,36.0,23.4,40.6
z_51.0_-6.0,2023,Augmentation,36.5,36.5,31.6,31.9
z_51.0_-6.0,2024,Augmentation,34.8,34.8,25.0,40.1
z_51.0_-6.0,2025,Augmentation,41.3,41.3,21.7,37.0
z_51.0_-6.0,2026,Augmentation,46.4,46.4,16.6,37.0
z_51.0_-6.0,2027,Augmentation,39.6,39.6,21.2,39.1
z_51.0_-6.0,2028,Augmentation,44.7,44.7,16.8,38.5
z_51.0_-6.0,2029,Augmentation,42.3,42.3,17.9,39.8
z_51.0_-6.0,2030,Augmentation,42.3,42.3,17.7,40.0
z_51.0_-7.5,2023,Augmentation,48.0,48.0,16.5,35.5
z_51.0_-7.5,2024,Augmentation,58.9,58.9,10.6,30.4
z_51.0_-7.5,2025,Augmentation,48.7,48.7,16.5,34.8
z_51.0_-7.5,2026,Augmentation,43.5,43.5,20.9,35.6
z_51.0_-7.5,2027,Augmentation,50.9,50.9,12.4,36.7
z_51.0_-7.5,2028,Augmentation,46.6,46.6,17.4,35.9
z_51.0_-7.5,2029,Augmentation,52.0,52.0,17.8,30.2
z_51.0_-7.5,2030,Augmentation,58.7,58.7,13.6,27.8
z_51.0_-9.0,2023,Augmentation,44.0,44.0,13.7,42.4
z_51.0_-9.0,2024,Augmentation,56.1,56.1,15.2,28.7
z_51.0_-9.0,2025,Augmentation,54.0,54.0,13.7,32.3
z_51.0_-9.0,2026,Augmentation,40.8,40.8,22.4,36.8
z_51.0_-9.0,2027,Augmentation,51.5,51.5,17.3,31.1
z_51.0_-9.0,2028,Augmentation,56.0,56.0,14.9,29.1
z_51.0_-9.0,2029,Augmentation,57.3,57.3,14.1,28.7
z_51.0_-9.0,2030,Augmentation,63.9,63.9,12.6,23.5
z_51.0_0.0,2023,Augmentation,37.3,37.3,27.2,35.5
z_51.0_0.0,2024,Augmentation,37.1,37.1,26.0,36.8
z_51.0_0.0,2025,Augmentation,45.5,45.5,21.1,33.4
z_51.0_0.0,2026,Augmentation,36.1,36.1,23.0,40.8
z_51.0_0.0,2027,Augmentation,40.5,40.5,22.1,37.4
z_51.0_0.0,2028,Augmentation,37.4,37.4,24.2,38.5
z_51.0_0.0,2029,Augmentation,40.4,40.4,24.6,35.0
z_51.0_0.0,2030,Augmentation,41.7,41.7,22.9,35.3
z_51.0_1.5,2023,Augmentation,31.5,31.5,12.6,55.9
z_51.0_1.5,2024,Augmentation,28.5,28.5,15.1,56.3
z_51.0_1.5,2025,Augmentation,34.0,34.0,13.6,52.4
z_51.0_1.5,2026,Augmentation,36.2,36.2,16.8,46.9
z_51.0_1.5,2027,Augmentation,39.3,39.3,14.4,46.3
z_51.0_1.5,2028,Augmentation,43.3,43.3,12.6,44.2
z_51.0_1.5,2029,Augmentation,36.4,36.4,12.2,51.4
z_51.0_1.5,2030,Augmentation,35.0,35.0,13.6,51.4
z_51.0_3.0,2023,Augmentation,47.0,47.0,9.7,43.4
z_51.0_3.0,2024,Augmentation,46.7,46.7,10.5,42.8
z_51.0_3.0,2025,Augmentation,46.9,46.9,11.1,42.1
z_51.0_3.0,2026,Augmentation,39.6,39.6,13.2,47.1
z_51.0_3.0,2027,Augmentation,41.6,41.6,11.8,46.6
z_51.0_3.0,2028,Augmentation,46.9,46.9,10.4,42.7
z_51.0_3.0,2029,Augmentation,47.6,47.6,9.2,43.2
z_51.0_3.0,2030,Augmentation,48.6,48.6,8.7,42.6
z_52.5_-1.5,2023,Augmentation,32.0,32.0,21.8,46.2
z_52.5_-1.5,2024,Augmentation,41.8,41.8,18.6,39.6
z_52.5_-1.5,2025,Augmentation,48.7,48.7,14.7,36.6
z_52.5_-1.5,2026,Augmentation,42.0,42.0,16.8,41.3
z_52.5_-1.5,2027,Augmentation,51.7,51.7,13.8,34.6
z_52.5_-1.5,2028,Augmentation,48.7,48.7,14.2,37.1
z_52.5_-1.5,2029,Augmentation,47.8,47.8,15.3,37.0
z_52.5_-1.5,2030,Augmentation,51.7,51.7,13.5,34.9
z_52.5_-10.5,2023,Augmentation,43.7,43.7,21.3,35.0
z_52.5_-10.5,2024,Augmentation,41.5,41.5,23.1,35.4
z_52.5_-10.5,2025,Augmentation,35.6,35.6,21.3,43.1
z_52.5_-10.5,2026,Augmentation,35.2,35.2,22.1,42.7
z_52.5_-10.5,2027,Augmentation,38.9,38.9,22.3,38.7
z_52.5_-10.5,2028,Augmentation,47.8,47.8,18.4,33.8
z_52.5_-10.5,2029,Augmentation,46.1,46.1,18.4,35.5
z_52.5_-10.5,2030,Augmentation,47.2,47.2,17.7,35.1
z_52.5_-12.0,2023,Augmentation,20.3,20.3,29.6,50.1
z_52.5_-12.0,2024,Augmentation,29.5,29.5,30.2,40.3
z_52.5_-12.0,2025,Augmentation,22.8,22.8,36.2,41.0
z_52.5_-12.0,2026,Augmentation,27.6,27.6,30.5,41.9
z_52.5_-12.0,2027,Augmentation,31.8,31.8,25.5,42.7
z_52.5_-12.0,2028,Augmentation,28.5,28.5,24.7,46.8
z_52.5_-12.0,2029,Augmentation,39.1,39.1,24.3,36.6
z_52.5_-12.0,2030,Augmentation,33.7,33.7,26.6,39.8
z_52.5_-13.5,2023,Augmentation,37.2,37.2,25.5,37.3
z_52.5_-13.5,2024,Augmentation,28.8,28.8,24.8,46.5
z_52.5_-13.5,2025,Augmentation,42.3,42.3,24.4,33.3
z_52.5_-13.5,2026,Augmentation,26.9,26.9,25.2,48.0
z_52.5_-13.5,2027,Augmentation,30.8,30.8,24.8,44.4
z_52.5_-13.5,2028,Augmentation,34.0,34.0,26.0,40.0
z_52.5_-13.5,2029,Augmentation,34.5,34.5,24.2,41.4
z_52.5_-13.5,2030,Augmentation,34.5,34.5,24.2,41.3
z_52.5_-15.0,2023,Diminution,42.8,19.6,42.8,37.6
z_52.5_-15.0,2024,Augmentation,22.2,22.2,39.0,38.8
z_52.5_-15.0,2025,Augmentation,28.9,28.9,44.9,26.2
z_52.5_-15.0,2026,Augmentation,20.9,20.9,38.7,40.5
z_52.5_-15.0,2027,Diminution,48.5,21.2,48.5,30.3
z_52.5_-15.0,2028,Diminution,46.2,14.6,46.2,39.1
z_52.5_-15.0,2029,Augmentation,22.2,22.2,39.0,38.8
z_52.5_-15.0,2030,Augmentation,28.9,28.9,44.9,26.2
z_52.5_-4.5,2023,Augmentation,30.7,30.7,23.1,46.2
z_52.5_-4.5,2024,Augmentation,30.1,30.1,16.9,53.1
z_52.5_-4.5,2025,Augmentation,38.7,38.7,16.5,44.8
z_52.5_-4.5,2026,Augmentation,37.2,37.2,15.7,47.1
z_52.5_-4.5,2027,Augmentation,35.3,35.3,15.6,49.2
z_52.5_-4.5,2028,Augmentation,35.9,35.9,14.8,49.3
z_52.5_-4.5,2029,Augmentation,34.5,34.5,15.7,49.8
z_52.5_-4.5,2030,Augmentation,35.9,35.9,15.2,48.9
z_52.5_-6.0,2023,Augmentation,41.0,41.0,11.1,47.9
z_52.5_-6.0,2024,Augmentation,37.9,37.9,16.6,45.6
z_52.5_-6.0,2025,Augmentation,45.8,45.8,13.0,41.3
z_52.5_-6.0,2026,Augmentation,41.6,41.6,14.4,44.1
z_52.5_-6.0,2027,Augmentation,40.0,40.0,15.8,44.2
z_52.5_-6.0,2028,Augmentation,49.9,49.9,10.3,39.8
z_52.5_-6.0,2029,Augmentation,44.4,44.4,13.8,41.8
z_52.5_-6.0,2030,Augmentation,50.8,50.8,12.3,36.9
z_52.5_-7.5,2023,Augmentation,68.9,68.9,10.7,20.4
z_52.5_-7.5,2024,Augmentation,68.1,68.1,10.3,21.6
z_52.5_-7.5,2025,Augmentation,63.4,63.4,9.7,26.9
z_52.5_-7.5,2026,Augmentation,63.1,63.1,12.3,24.6
z_52.5_-7.5,2027,Augmentation,56.6,56.6,12.3,31.1
z_52.5_-7.5,2028,Augmentation,58.8,58.8,10.9,30.2
z_52.5_-7.5,2029,Augmentation,52.6,52.6,13.7,33.6
z_52.5_-7.5,2030,Augmentation,57.1,57.1,11.1,31.8
z_52.5_0.0,2023,Augmentation,32.5,32.5,25.0,42.5
z_52.5_0.0,2024,Augmentation,28.7,28.7,21.3,50.1
z_52.5_0.0,2025,Augmentation,35.1,35.1,18.5,46.3
z_52.5_0.0,2026,Augmentation,39.5,39.5,14.6,45.9
z_52.5_0.0,2027,Augmentation,35.9,35.9,16.6,47.4
z_52.5_0.0,2028,Augmentation,32.6,32.6,17.5,49.9
z_52.5_0.0,2029,Augmentation,33.2,33.2,16.8,50.0
z_52.5_0.0,2030,Augmentation,31.0,31.0,18.2,50.8
z_52.5_1.5,2023,Augmentation,42.5,42.5,27.3,30.2
z_52.5_1.5,2024,Augmentation,35.0,35.0,28.1,36.9
z_52.5_1.5,2025,Augmentation,34.1,34.1,25.6,40.3
z_52.5_1.5,2026,Augmentation,34.6,34.6,17.3,48.2
z_52.5_1.5,2027,Augmentation,34.3,34.3,21.6,44.1
z_52.5_1.5,2028,Augmentation,37.5,37.5,19.0,43.5
z_52.5_1.5,2029,Augmentation,35.7,35.7,20.4,43.8
z_52.5_1.5,2030,Augmentation,36.1,36.1,19.8,44.1
z_52.5_13.5,2023,Augmentation,35.4,35.4,9.9,54.7
z_52.5_13.5,2024,Augmentation,38.5,38.5,11.9,49.5
z_52.5_13.5,2025,Augmentation,33.3,33.3,12.2,54.5
z_52.5_13.5,2026,Augmentation,35.8,35.8,12.4,51.8
z_52.5_13.5,2027,Augmentation,38.1,38.1,13.3,48.6
z_52.5_13.5,2028,Augmentation,34.1,34.1,11.3,54.6
z_52.5_13.5,2029,Augmentation,36.2,36.2,13.3,50.6
z_52.5_13.5,2030,Augmentation,32.2,32.2,13.5,54.3
z_52.5_3.0,2023,Augmentation,44.1,44.1,23.2,32.7
z_52.5_3.0,2024,Augmentation,55.4,55.4,15.2,29.5
z_52.5_3.0,2025,Augmentation,46.1,46.1,27.1,26.7
z_52.5_3.0,2026,Augmentation,47.9,47.9,21.3,30.8
z_52.5_3.0,2027,Augmentation,61.7,61.7,13.1,25.2
z_52.5_3.0,2028,Augmentation,54.0,54.0,19.5,26.5
z_52.5_3.0,2029,Augmentation,54.2,54.2,17.2,28.6
z_52.5_3.0,2030,Augmentation,55.6,55.6,16.1,28.4
z_52.5_4.5,2023,Augmentation,33.9,33.9,12.3,53.8
z_52.5_4.5,2024,Augmentation,32.5,32.5,12.8,54.7
z_52.5_4.5,2025,Augmentation,37.3,37.3,18.7,43.9
z_52.5_4.5,2026,Augmentation,31.1,31.1,19.0,49.9
z_52.5_4.5,2027,Augmentation,42.9,42.9,17.4,39.7
z_52.5_4.5,2028,Augmentation,45.4,45.4,10.9,43.7
z_52.5_4.5,2029,Augmentation,43.4,43.4,9.3,47.4
z_52.5_4.5,2030,Augmentation,38.8,38.8,9.4,51.8
z_52.5_6.0,2023,Augmentation,34.3,34.3,15.6,50.0
z_52.5_6.0,2024,Augmentation,39.7,39.7,13.3,47.0
z_52.5_6.0,2025,Augmentation,36.2,36.2,9.8,54.0
z_52.5_6.0,2026,Augmentation,26.7,26.7,11.4,62.0
z_52.5_6.0,2027,Augmentation,32.3,32.3,14.6,53.1
z_52.5_6.0,2028,Augmentation,37.1,37.1,12.6,50.3
z_52.5_6.0,2029,Augmentation,29.3,29.3,10.9,59.8
z_52.5_6.0,2030,Augmentation,25.7,25.7,11.6,62.7
z_52.5_7.5,2023,Augmentation,37.0,37.0,7.2,55.8
z_52.5_7.5,2024,Augmentation,32.9,32.9,5.0,62.1
z_52.5_7.5,2025,Augmentation,26.2,26.2,6.1,67.7
z_52.5_7.5,2026,Augmentation,22.2,22.2,5.8,72.1
z_52.5_7.5,2027,Augmentation,27.5,27.5,5.6,66.9
z_52.5_7.5,2028,Augmentation,30.0,30.0,5.4,64.6
z_52.5_7.5,2029,Augmentation,30.4,30.4,5.8,63.8
z_52.5_7.5,2030,Augmentation,29.0,29.0,5.1,65.9
z_52.5_9.0,2023,Augmentation,46.5,46.5,8.0,45.5
z_52.5_9.0,2024,Augmentation,47.9,47.9,8.8,43.4
z_52.5_9.0,2025,Augmentation,42.8,42.8,9.5,47.7
z_52.5_9.0,2026,Augmentation,33.1,33.1,16.8,50.1
z_52.5_9.0,2027,Augmentation,36.3,36.3,15.3,48.4
z_52.5_9.0,2028,Augmentation,46.5,46.5,8.1,45.5
z_52.5_9.0,2029,Augmentation,48.8,48.8,6.3,45.0
z_52.5_9.0,2030,Augmentation,49.7,49.7,7.1,43.2
z_54.0_-1.5,2023,Augmentation,33.4,33.4,24.5,42.1
z_54.0_-1.5,2024,Augmentation,38.9,38.9,20.4,40.7
z_54.0_-1.5,2025,Augmentation,35.0,35.0,17.8,47.2
z_54.0_-1.5,2026,Augmentation,39.9,39.9,17.7,42.4
z_54.0_-1.5,2027,Augmentation,36.2,36.2,19.6,44.2
z_54.0_-1.5,2028,Augmentation,36.1,36.1,23.2,40.7
z_54.0_-1.5,2029,Augmentation,36.1,36.1,24.6,39.3
z_54.0_-1.5,2030,Augmentation,35.5,35.5,22.0,42.5
z_54.0_-10.5,2023,Diminution,66.6,6.0,66.6,27.4
z_54.0_-10.5,2024,Diminution,55.2,11.9,55.2,32.9
z_54.0_-10.5,2025,Diminution,50.7,19.4,50.7,29.9
z_54.0_-10.5,2026,Diminution,48.0,19.6,48.0,32.4
z_54.0_-10.5,2027,Diminution,48.0,21.8,48.0,30.2
z_54.0_-10.5,2028,Diminution,46.2,22.5,46.2,31.2
z_54.0_-10.5,2029,Diminution,46.3,22.4,46.3,31.3
z_54.0_-10.5,2030,Diminution,46.3,22.4,46.3,31.3
z_54.0_-12.0,2023,Diminution,77.6,2.8,77.6,19.7
z_54.0_-12.0,2024,Diminution,60.8,5.3,60.8,33.9
z_54.0_-12.0,2025,Diminution,75.1,6.4,75.1,18.5
z_54.0_-12.0,2026,Diminution,44.4,13.3,44.4,42.3
z_54.0_-12.0,2027,Diminution,72.1,7.1,72.1,20.7
z_54.0_-12.0,2028,Diminution,69.0,5.1,69.0,25.9
z_54.0_-12.0,2029,Diminution,72.7,7.5,72.7,19.8
z_54.0_-12.0,2030,Diminution,78.0,4.5,78.0,17.5
z_54.0_-16.5,2023,Diminution,71.9,9.6,71.9,18.5
z_54.0_-16.5,2024,Diminution,70.5,14.4,70.5,15.1
z_54.0_-16.5,2025,Diminution,57.4,18.2,57.4,24.4
z_54.0_-16.5,2026,Diminution,71.3,10.6,71.3,18.2
z_54.0_-16.5,2027,Diminution,70.8,9.1,70.8,20.1
z_54.0_-16.5,2028,Diminution,67.6,18.7,67.6,13.7
z_54.0_-16.5,2029,Diminution,71.9,9.6,71.9,18.5
z_54.0_-16.5,2030,Diminution,70.5,14.4,70.5,15.1
z_54.0_-4.5,2023,Augmentation,33.8,33.8,21.6,44.5
z_54.0_-4.5,2024,Augmentation,30.6,30.6,22.3,47.1
z_54.0_-4.5,2025,Augmentation,33.5,33.5,20.7,45.8
z_54.0_-4.5,2026,Augmentation,34.3,34.3,18.0,47.7
z_54.0_-4.5,2027,Augmentation,32.6,32.6,17.8,49.6
z_54.0_-4.5,2028,Augmentation,32.3,32.3,17.1,50.7
z_54.0_-4.5,2029,Augmentation,29.1,29.1,18.2,52.7
z_54.0_-4.5,2030,Augmentation,33.0,33.0,15.9,51.1
z_54.0_-6.0,2023,Augmentation,32.3,32.3,24.8,42.8
z_54.0_-6.0,2024,Augmentation,35.8,35.8,23.8,40.5
z_54.0_-6.0,2025,Augmentation,35.8,35.8,19.8,44.4
z_54.0_-6.0,2026,Augmentation,41.1,41.1,21.1,37.8
z_54.0_-6.0,2027,Augmentation,33.1,33.1,23.8,43.1
z_54.0_-6.0,2028,Augmentation,31.5,31.5,23.2,45.2
z_54.0_-6.0,2029,Augmentation,35.6,35.6,21.7,42.7
z_54.0_-6.0,2030,Augmentation,32.6,32.6,20.0,47.4
z_54.0_-7.5,2023,Augmentation,42.1,42.1,21.2,36.7
z_54.0_-7.5,2024,Augmentation,36.4,36.4,22.6,41.0
z_54.0_-7.5,2025,Augmentation,44.4,44.4,21.9,33.7
z_54.0_-7.5,2026,Augmentation,32.9,32.9,26.0,41.1
z_54.0_-7.5,2027,Augmentation,37.5,37.5,23.0,39.5
z_54.0_-7.5,2028,Augmentation,31.1,31.1,25.7,43.3
z_54.0_-7.5,2029,Augmentation,38.0,38.0,21.5,40.5
z_54.0_-7.5,2030,Augmentation,38.9,38.9,23.0,38.0
z_54.0_-9.0,2023,Augmentation,27.3,27.3,28.9,43.8
z_54.0_-9.0,2024,Augmentation,29.4,29.4,30.1,40.5
z_54.0_-9.0,2025,Augmentation,23.3,23.3,26.7,50.0
z_54.0_-9.0,2026,Augmentation,29.7,29.7,31.9,38.5
z_54.0_-9.0,2027,Augmentation,26.7,26.7,25.7,47.6
z_54.0_-9.0,2028,Augmentation,28.5,28.5,30.6,40.9
z_54.0_-9.0,2029,Augmentation,23.3,23.3,26.7,50.0
z_54.0_-9.0,2030,Augmentation,26.7,26.7,30.2,43.1
z_54.0_0.0,2023,Augmentation,40.2,40.2,28.9,30.9
z_54.0_0.0,2024,Augmentation,37.0,37.0,27.7,35.3
z_54.0_0.0,2025,Augmentation,39.9,39.9,29.9,30.2
z_54.0_0.0,2026,Augmentation,31.9,31.9,26.1,41.9
z_54.0_0.0,2027,Augmentation,32.5,32.5,34.1,33.4
z_54.0_0.0,2028,Augmentation,38.3,38.3,30.9,30.8
z_54.0_0.0,2029,Augmentation,35.2,35.2,34.9,29.9
z_54.0_0.0,2030,Augmentation,43.8,43.8,31.5,24.7
z_54.0_1.5,2023,Augmentation,34.1,34.1,28.5,37.4
z_54.0_1.5,2024,Augmentation,31.5,31.5,24.7,43.8
z_54.0_1.5,2025,Augmentation,37.3,37.3,30.1,32.5
z_54.0_1.5,2026,Augmentation,34.5,34.5,28.6,37.0
z_54.0_1.5,2027,Augmentation,34.5,34.5,29.7,35.8
z_54.0_1.5,2028,Augmentation,34.7,34.7,26.6,38.6
z_54.0_1.5,2029,Augmentation,33.7,33.7,27.2,39.1
z_54.0_1.5,2030,Augmentation,33.8,33.8,27.2,39.1
z_54.0_10.5,2023,Augmentation,39.6,39.6,15.2,45.1
z_54.0_10.5,2024,Augmentation,37.9,37.9,12.7,49.4
z_54.0_10.5,2025,Augmentation,36.5,36.5,13.6,49.9
z_54.0_10.5,2026,Augmentation,38.9,38.9,13.7,47.4
z_54.0_10.5,2027,Augmentation,36.8,36.8,12.9,50.3
z_54.0_10.5,2028,Augmentation,39.3,39.3,12.5,48.2
z_54.0_10.5,2029,Augmentation,35.9,35.9,11.6,52.5
z_54.0_10.5,2030,Augmentation,37.1,37.1,13.1,49.8
z_54.0_12.0,2023,Augmentation,43.2,43.2,9.9,46.9
z_54.0_12.0,2024,Augmentation,48.1,48.1,11.2,40.7
z_54.0_12.0,2025,Augmentation,45.2,45.2,10.5,44.3
z_54.0_12.0,2026,Augmentation,41.5,41.5,16.1,42.5
z_54.0_12.0,2027,Augmentation,40.6,40.6,17.8,41.7
z_54.0_12.0,2028,Augmentation,40.6,40.6,13.6,45.7
z_54.0_12.0,2029,Augmentation,47.2,47.2,11.9,40.9
z_54.0_12.0,2030,Augmentation,43.8,43.8,11.0,45.2
z_54.0_13.5,2023,Augmentation,64.7,64.7,13.4,21.9
z_54.0_13.5,2024,Augmentation,56.8,56.8,13.6,29.6
z_54.0_13.5,2025,Augmentation,55.7,55.7,14.8,29.4
z_54.0_13.5,2026,Augmentation,56.3,56.3,18.2,25.5
z_54.0_13.5,2027,Augmentation,60.2,60.2,18.1,21.7
z_54.0_13.5,2028,Augmentation,60.5,60.5,13.1,26.4
z_54.0_13.5,2029,Augmentation,60.0,60.0,12.5,27.4
z_54.0_13.5,2030,Augmentation,61.7,61.7,11.8,26.6
z_54.0_15.0,2023,Augmentation,52.5,52.5,14.4,33.1
z_54.0_15.0,2024,Augmentation,51.6,51.6,16.5,31.9
z_54.0_15.0,2025,Augmentation,49.0,49.0,14.2,36.8
z_54.0_15.0,2026,Augmentation,53.1,53.1,15.1,31.7
z_54.0_15.0,2027,Augmentation,58.3,58.3,13.1,28.6
z_54.0_15.0,2028,Augmentation,64.3,64.3,11.5,24.2
z_54.0_15.0,2029,Augmentation,61.9,61.9,11.3,26.8
z_54.0_15.0,2030,Augmentation,52.6,52.6,13.1,34.3
z_54.0_16.5,2023,Augmentation,45.1,45.1,18.0,36.9
z_54.0_16.5,2024,Augmentation,41.7,41.7,20.2,38.1
z_54.0_16.5,2025,Augmentation,45.5,45.5,19.4,35.1
z_54.0_16.5,2026,Augmentation,43.9,43.9,18.9,37.3
z_54.0_16.5,2027,Augmentation,44.5,44.5,18.0,37.5
z_54.0_16.5,2028,Augmentation,43.4,43.4,19.0,37.7
z_54.0_16.5,2029,Augmentation,43.4,43.4,19.1,37.5
z_54.0_16.5,2030,Augmentation,43.4,43.4,19.1,37.5
z_54.0_18.0,2023,Augmentation,47.3,47.3,13.6,39.1
z_54.0_18.0,2024,Augmentation,49.6,49.6,13.3,37.0
z_54.0_18.0,2025,Augmentation,42.4,42.4,16.3,41.3
z_54.0_18.0,2026,Augmentation,35.6,35.6,25.3,39.1
z_54.0_18.0,2027,Augmentation,40.7,40.7,22.7,36.6
z_54.0_18.0,2028,Augmentation,48.0,48.0,19.4,32.6
z_54.0_18.0,2029,Augmentation,50.0,50.0,13.7,36.3
z_54.0_18.0,2030,Augmentation,50.9,50.9,12.3,36.8
z_54.0_3.0,2023,Augmentation,28.7,28.7,28.3,43.0
z_54.0_3.0,2024,Augmentation,41.3,41.3,30.9,27.8
z_54.0_3.0,2025,Augmentation,46.8,46.8,30.3,22.8
z_54.0_3.0,2026,Augmentation,37.7,37.7,31.1,31.3
z_54.0_3.0,2027,Augmentation,36.0,36.0,27.9,36.1
z_54.0_3.0,2028,Augmentation,50.2,50.2,24.2,25.5
z_54.0_3.0,2029,Augmentation,42.2,42.2,28.2,29.6
z_54.0_3.0,2030,Augmentation,42.2,42.2,28.2,29.6
z_54.0_4.5,2023,Augmentation,48.8,48.8,17.2,34.1
z_54.0_4.5,2024,Augmentation,56.5,56.5,16.6,26.8
z_54.0_4.5,2025,Augmentation,46.7,46.7,19.5,33.8
z_54.0_4.5,2026,Augmentation,51.6,51.6,20.1,28.3
z_54.0_4.5,2027,Augmentation,45.0,45.0,22.9,32.1
z_54.0_4.5,2028,Augmentation,52.8,52.8,18.0,29.2
z_54.0_4.5,2029,Augmentation,54.1,54.1,18.8,27.1
z_54.0_4.5,2030,Augmentation,57.4,57.4,16.7,25.9
z_54.0_6.0,2023,Augmentation,47.8,47.8,20.3,31.9
z_54.0_6.0,2024,Augmentation,52.2,52.2,20.3,27.5
z_54.0_6.0,2025,Augmentation,45.1,45.1,19.9,35.0
z_54.0_6.0,2026,Augmentation,45.6,45.6,21.1,33.3
z_54.0_6.0,2027,Augmentation,43.7,43.7,22.0,34.3
z_54.0_6.0,2028,Augmentation,38.2,38.2,17.6,44.2
z_54.0_6.0,2029,Augmentation,43.7,43.7,19.8,36.6
z_54.0_6.0,2030,Augmentation,43.6,43.6,19.1,37.3
z_54.0_7.5,2023,Augmentation,47.3,47.3,8.7,44.0
z_54.0_7.5,2024,Augmentation,39.3,39.3,8.5,52.3
z_54.0_7.5,2025,Augmentation,42.7,42.7,8.9,48.4
z_54.0_7.5,2026,Augmentation,45.7,45.7,8.0,46.3
z_54.0_7.5,2027,Augmentation,41.2,41.2,14.8,43.9
z_54.0_7.5,2028,Augmentation,48.9,48.9,8.2,42.9
z_54.0_7.5,2029,Augmentation,45.0,45.0,8.0,47.0
z_54.0_7.5,2030,Augmentation,43.7,43.7,7.7,48.6
z_54.0_9.0,2023,Augmentation,45.6,45.6,8.8,45.6
z_54.0_9.0,2024,Augmentation,39.1,39.1,7.3,53.6
z_54.0_9.0,2025,Augmentation,36.2,36.2,8.6,55.1
z_54.0_9.0,2026,Augmentation,41.4,41.4,16.8,41.8
z_54.0_9.0,2027,Augmentation,44.8,44.8,16.1,39.1
z_54.0_9.0,2028,Augmentation,45.1,45.1,8.7,46.3
z_54.0_9.0,2029,Augmentation,42.1,42.1,7.9,50.0
z_54.0_9.0,2030,Augmentation,41.8,41.8,7.6,50.6
z_55.5_-10.5,2023,Diminution,52.4,18.0,52.4,29.6
z_55.5_-10.5,2024,Diminution,38.6,14.9,38.6,46.5
z_55.5_-10.5,2025,Diminution,47.1,16.0,47.1,36.9
z_55.5_-10.5,2026,Diminution,55.8,13.9,55.8,30.3
z_55.5_-10.5,2027,Diminution,43.4,14.9,43.4,41.7
z_55.5_-10.5,2028,Diminution,52.2,16.1,52.2,31.7
z_55.5_-10.5,2029,Diminution,51.2,14.7,51.2,34.1
z_55.5_-10.5,2030,Diminution,51.2,14.7,51.2,34.1
z_55.5_-15.0,2023,Diminution,76.8,3.5,76.8,19.8
z_55.5_-15.0,2024,Diminution,51.2,10.0,51.2,38.9
z_55.5_-15.0,2025,Diminution,72.8,5.1,72.8,22.1
z_55.5_-15.0,2026,Diminution,74.8,4.3,74.8,20.9
z_55.5_-15.0,2027,Diminution,71.7,4.7,71.7,23.6
z_55.5_-15.0,2028,Diminution,78.7,3.1,78.7,18.1
z_55.5_-15.0,2029,Diminution,77.6,1.9,77.6,20.5
z_55.5_-15.0,2030,Diminution,77.6,1.9,77.6,20.5
z_55.5_-3.0,2023,Augmentation,36.7,36.7,26.1,37.2
z_55.5_-3.0,2024,Augmentation,36.8,36.8,27.4,35.8
z_55.5_-3.0,2025,Augmentation,43.2,43.2,28.5,28.4
z_55.5_-3.0,2026,Augmentation,41.5,41.5,26.6,31.9
z_55.5_-3.0,2027,Augmentation,38.8,38.8,28.1,33.2
z_55.5_-3.0,2028,Augmentation,35.1,35.1,33.7,31.2
z_55.5_-3.0,2029,Augmentation,35.2,35.2,33.3,31.5
z_55.5_-3.0,2030,Augmentation,43.2,43.2,28.3,28.4
z_55.5_-4.5,2023,Augmentation,33.4,33.4,30.1,36.5
z_55.5_-4.5,2024,Augmentation,26.9,26.9,29.1,44.1
z_55.5_-4.5,2025,Augmentation,30.5,30.5,33.4,36.1
z_55.5_-4.5,2026,Augmentation,25.4,25.4,33.0,41.6
z_55.5_-4.5,2027,Augmentation,23.8,23.8,35.3,40.9
z_55.5_-4.5,2028,Augmentation,25.7,25.7,33.7,40.7
z_55.5_-4.5,2029,Augmentation,26.3,26.3,32.0,41.7
z_55.5_-4.5,2030,Augmentation,25.7,25.7,32.9,41.5
z_55.5_-6.0,2023,Augmentation,33.2,33.2,29.4,37.4
z_55.5_-6.0,2024,Augmentation,34.6,34.6,26.7,38.7
z_55.5_-6.0,2025,Augmentation,34.7,34.7,26.5,38.8
z_55.5_-6.0,2026,Augmentation,29.8,29.8,28.4,41.8
z_55.5_-6.0,2027,Augmentation,34.2,34.2,24.8,41.0
z_55.5_-6.0,2028,Augmentation,31.7,31.7,24.1,44.2
z_55.5_-6.0,2029,Augmentation,30.8,30.8,23.9,45.3
z_55.5_-6.0,2030,Augmentation,31.7,31.7,23.8,44.5
z_55.5_-7.5,2023,Augmentation,28.9,28.9,28.0,43.1
z_55.5_-7.5,2024,Augmentation,38.8,38.8,29.4,31.8
z_55.5_-7.5,2025,Augmentation,38.2,38.2,31.6,30.2
z_55.5_-7.5,2026,Augmentation,35.6,35.6,33.3,31.1
z_55.5_-7.5,2027,Augmentation,34.7,34.7,35.3,30.1
z_55.5_-7.5,2028,Augmentation,31.2,31.2,34.5,34.3
z_55.5_-7.5,2029,Augmentation,40.9,40.9,30.2,29.0
z_55.5_-7.5,2030,Augmentation,36.1,36.1,33.2,30.7
z_55.5_0.0,2023,Augmentation,35.1,35.1,27.0,37.9
z_55.5_0.0,2024,Augmentation,45.6,45.6,30.0,24.4
z_55.5_0.0,2025,Augmentation,42.8,42.8,26.6,30.6
z_55.5_0.0,2026,Augmentation,41.5,41.5,32.3,26.1
z_55.5_0.0,2027,Augmentation,35.9,35.9,35.5,28.6
z_55.5_0.0,2028,Augmentation,39.1,39.1,35.7,25.2
z_55.5_0.0,2029,Augmentation,46.9,46.9,30.3,22.8
z_55.5_0.0,2030,Augmentation,43.6,43.6,31.7,24.7
z_55.5_1.5,2023,Augmentation,39.2,39.2,27.4,33.4
z_55.5_1.5,2024,Augmentation,25.6,25.6,33.1,41.3
z_55.5_1.5,2025,Augmentation,24.4,24.4,38.8,36.8
z_55.5_1.5,2026,Diminution,40.8,18.0,40.8,41.2
z_55.5_1.5,2027,Augmentation,20.0,20.0,35.1,44.9
z_55.5_1.5,2028,Augmentation,19.0,19.0,35.9,45.1
z_55.5_1.5,2029,Augmentation,20.6,20.6,34.0,45.3
z_55.5_1.5,2030,Augmentation,20.2,20.2,37.0,42.8
z_55.5_10.5,2023,Augmentation,39.4,39.4,18.7,42.0
z_55.5_10.5,2024,Augmentation,41.0,41.0,15.7,43.3
z_55.5_10.5,2025,Augmentation,39.8,39.8,14.9,45.3
z_55.5_10.5,2026,Augmentation,35.2,35.2,16.6,48.2
z_55.5_10.5,2027,Augmentation,36.7,36.7,19.0,44.3
z_55.5_10.5,2028,Augmentation,35.5,35.5,18.2,46.3
z_55.5_10.5,2029,Augmentation,36.6,36.6,18.1,45.3
z_55.5_10.5,2030,Augmentation,35.7,35.7,16.1,48.2
z_55.5_12.0,2023,Augmentation,34.5,34.5,16.0,49.5
z_55.5_12.0,2024,Augmentation,37.4,37.4,11.1,51.5
z_55.5_12.0,2025,Augmentation,36.5,36.5,14.9,48.5
z_55.5_12.0,2026,Augmentation,29.5,29.5,13.9,56.6
z_55.5_12.0,2027,Augmentation,29.9,29.9,13.0,57.1
z_55.5_12.0,2028,Augmentation,28.4,28.4,14.0,57.6
z_55.5_12.0,2029,Augmentation,29.3,29.3,14.9,55.8
z_55.5_12.0,2030,Augmentation,29.2,29.2,14.6,56.2
z_55.5_13.5,2023,Augmentation,38.4,38.4,27.5,34.1
z_55.5_13.5,2024,Augmentation,34.9,34.9,27.8,37.3
z_55.5_13.5,2025,Augmentation,47.5,47.5,20.0,32.5
z_55.5_13.5,2026,Augmentation,40.0,40.0,21.9,38.1
z_55.5_13.5,2027,Augmentation,42.6,42.6,22.0,35.4
z_55.5_13.5,2028,Augmentation,38.4,38.4,22.0,39.6
z_55.5_13.5,2029,Augmentation,46.9,46.9,22.0,31.1
z_55.5_13.5,2030,Augmentation,39.0,39.0,23.4,37.6
z_55.5_15.0,2023,Augmentation,53.4,53.4,18.2,28.4
z_55.5_15.0,2024,Augmentation,50.7,50.7,18.3,31.0
z_55.5_15.0,2025,Augmentation,46.5,46.5,24.4,29.1
z_55.5_15.0,2026,Augmentation,49.7,49.7,25.3,25.0
z_55.5_15.0,2027,Augmentation,52.1,52.1,22.2,25.7
z_55.5_15.0,2028,Augmentation,51.0,51.0,20.0,29.0
z_55.5_15.0,2029,Augmentation,55.5,55.5,19.0,25.5
z_55.5_15.0,2030,Augmentation,55.5,55.5,19.4,25.1
z_55.5_16.5,2023,Augmentation,40.8,40.8,17.8,41.4
z_55.5_16.5,2024,Augmentation,43.6,43.6,20.9,35.5
z_55.5_16.5,2025,Augmentation,45.8,45.8,21.6,32.6
z_55.5_16.5,2026,Augmentation,40.1,40.1,21.7,38.2
z_55.5_16.5,2027,Augmentation,38.0,38.0,23.2,38.9
z_55.5_16.5,2028,Augmentation,34.4,34.4,23.9,41.6
z_55.5_16.5,2029,Augmentation,43.9,43.9,20.7,35.4
z_55.5_16.5,2030,Augmentation,41.6,41.6,20.9,37.5
z_55.5_18.0,2023,Augmentation,49.9,49.9,20.3,29.7
z_55.5_18.0,2024,Augmentation,48.7,48.7,25.3,26.0
z_55.5_18.0,2025,Augmentation,44.7,44.7,24.2,31.1
z_55.5_18.0,2026,Augmentation,39.8,39.8,30.4,29.8
z_55.5_18.0,2027,Augmentation,45.7,45.7,26.7,27.6
z_55.5_18.0,2028,Augmentation,41.6,41.6,31.0,27.4
z_55.5_18.0,2029,Augmentation,51.7,51.7,26.4,21.9
z_55.5_18.0,2030,Augmentation,48.2,48.2,27.1,24.7
z_55.5_19.5,2023,Augmentation,44.0,44.0,20.1,35.9
z_55.5_19.5,2024,Augmentation,47.9,47.9,18.9,33.2
z_55.5_19.5,2025,Augmentation,38.3,38.3,20.9,40.8
z_55.5_19.5,2026,Augmentation,33.7,33.7,23.0,43.2
z_55.5_19.5,2027,Augmentation,39.0,39.0,20.6,40.4
z_55.5_19.5,2028,Augmentation,43.2,43.2,19.8,37.0
z_55.5_19.5,2029,Augmentation,45.1,45.1,17.7,37.2
z_55.5_19.5,2030,Augmentation,40.1,40.1,18.6,41.3
z_55.5_21.0,2023,Augmentation,54.4,54.4,11.4,34.3
z_55.5_21.0,2024,Augmentation,47.0,47.0,13.9,39.1
z_55.5_21.0,2025,Augmentation,46.8,46.8,15.6,37.6
z_55.5_21.0,2026,Augmentation,38.5,38.5,23.1,38.4
z_55.5_21.0,2027,Augmentation,47.7,47.7,17.7,34.6
z_55.5_21.0,2028,Augmentation,55.4,55.4,10.8,33.8
z_55.5_21.0,2029,Augmentation,57.2,57.2,13.2,29.6
z_55.5_21.0,2030,Augmentation,52.3,52.3,13.1,34.6
z_55.5_3.0,2023,Augmentation,48.8,48.8,21.6,29.6
z_55.5_3.0,2024,Augmentation,38.3,38.3,21.6,40.1
z_55.5_3.0,2025,Augmentation,40.1,40.1,24.2,35.7
z_55.5_3.0,2026,Augmentation,37.3,37.3,24.2,38.5
z_55.5_3.0,2027,Augmentation,35.1,35.1,26.1,38.8
z_55.5_3.0,2028,Augmentation,36.5,36.5,28.8,34.8
z_55.5_3.0,2029,Augmentation,35.1,35.1,27.1,37.8
z_55.5_3.0,2030,Augmentation,37.0,37.0,27.8,35.2
z_55.5_4.5,2023,Augmentation,29.6,29.6,32.4,38.0
z_55.5_4.5,2024,Augmentation,42.7,42.7,24.6,32.7
z_55.5_4.5,2025,Augmentation,33.8,33.8,29.7,36.5
z_55.5_4.5,2026,Augmentation,35.2,35.2,29.7,35.1
z_55.5_4.5,2027,Augmentation,38.4,38.4,25.5,36.1
z_55.5_4.5,2028,Augmentation,35.4,35.4,24.6,40.0
z_55.5_4.5,2029,Augmentation,34.8,34.8,25.0,40.2
z_55.5_4.5,2030,Augmentation,34.8,34.8,25.0,40.2
z_55.5_6.0,2023,Augmentation,38.9,38.9,17.2,43.9
z_55.5_6.0,2024,Augmentation,57.6,57.6,14.1,28.3
z_55.5_6.0,2025,Augmentation,44.5,44.5,19.7,35.7
z_55.5_6.0,2026,Augmentation,50.7,50.7,14.7,34.6
z_55.5_6.0,2027,Augmentation,43.9,43.9,16.0,40.1
z_55.5_6.0,2028,Augmentation,44.5,44.5,16.2,39.3
z_55.5_6.0,2029,Augmentation,40.7,40.7,16.5,42.8
z_55.5_6.0,2030,Augmentation,40.7,40.7,16.6,42.8
z_55.5_7.5,2023,Augmentation,47.9,47.9,16.2,35.9
z_55.5_7.5,2024,Augmentation,41.9,41.9,13.4,44.6
z_55.5_7.5,2025,Augmentation,50.6,50.6,13.9,35.5
z_55.5_7.5,2026,Augmentation,43.7,43.7,15.0,41.3
z_55.5_7.5,2027,Augmentation,43.4,43.4,17.9,38.7
z_55.5_7.5,2028,Augmentation,37.7,37.7,15.7,46.6
z_55.5_7.5,2029,Augmentation,43.6,43.6,17.3,39.1
z_55.5_7.5,2030,Augmentation,50.5,50.5,14.6,34.9
z_55.5_9.0,2023,Augmentation,57.7,57.7,17.3,25.0
z_55.5_9.0,2024,Augmentation,57.1,57.1,15.8,27.0
z_55.5_9.0,2025,Augmentation,57.8,57.8,17.9,24.4
z_55.5_9.0,2026,Augmentation,58.7,58.7,18.0,23.3
z_55.5_9.0,2027,Augmentation,60.1,60.1,17.5,22.5
z_55.5_9.0,2028,Augmentation,60.3,60.3,15.7,24.0
z_55.5_9.0,2029,Augmentation,59.5,59.5,15.1,25.4
z_55.5_9.0,2030,Augmentation,60.7,60.7,15.4,23.9
z_57.0_-1.5,2023,Augmentation,36.2,36.2,26.9,36.9
z_57.0_-1.5,2024,Augmentation,39.2,39.2,27.6,33.2
z_57.0_-1.5,2025,Augmentation,40.3,40.3,28.5,31.2
z_57.0_-1.5,2026,Augmentation,35.3,35.3,31.3,33.5
z_57.0_-1.5,2027,Augmentation,37.7,37.7,29.0,33.3
z_57.0_-1.5,2028,Augmentation,35.3,35.3,34.1,30.6
z_57.0_-1.5,2029,Augmentation,33.3,33.3,32.9,33.9
z_57.0_-1.5,2030,Augmentation,41.0,41.0,28.4,30.6
z_57.0_-10.5,2023,Augmentation,24.5,24.5,28.5,46.9
z_57.0_-10.5,2024,Augmentation,26.8,26.8,35.0,38.2
z_57.0_-10.5,2025,Augmentation,27.4,27.4,33.5,39.2
z_57.0_-10.5,2026,Diminution,38.9,16.6,38.9,44.5
z_57.0_-10.5,2027,Augmentation,22.7,22.7,30.7,46.6
z_57.0_-10.5,2028,Augmentation,24.5,24.5,35.7,39.7
z_57.0_-10.5,2029,Augmentation,23.1,23.1,35.7,41.2
z_57.0_-10.5,2030,Augmentation,23.1,23.1,35.7,41.2
z_57.0_-3.0,2023,Augmentation,30.3,30.3,29.5,40.2
z_57.0_-3.0,2024,Augmentation,36.3,36.3,26.5,37.2
z_57.0_-3.0,2025,Augmentation,33.7,33.7,25.5,40.8
z_57.0_-3.0,2026,Augmentation,30.9,30.9,27.1,42.0
z_57.0_-3.0,2027,Augmentation,34.8,34.8,25.8,39.4
z_57.0_-3.0,2028,Augmentation,30.1,30.1,23.3,46.6
z_57.0_-3.0,2029,Augmentation,36.8,36.8,23.2,40.0
z_57.0_-3.0,2030,Augmentation,31.9,31.9,24.2,43.9
z_57.0_-4.5,2023,Augmentation,33.9,33.9,28.1,38.0
z_57.0_-4.5,2024,Augmentation,36.7,36.7,20.7,42.6
z_57.0_-4.5,2025,Augmentation,46.5,46.5,25.8,27.8
z_57.0_-4.5,2026,Augmentation,30.5,30.5,26.3,43.2
z_57.0_-4.5,2027,Augmentation,33.1,33.1,28.8,38.2
z_57.0_-4.5,2028,Augmentation,29.1,29.1,27.1,43.7
z_57.0_-4.5,2029,Augmentation,33.4,33.4,26.2,40.4
z_57.0_-4.5,2030,Augmentation,32.4,32.4,24.2,43.4
z_57.0_-6.0,2023,Augmentation,33.1,33.1,26.2,40.6
z_57.0_-6.0,2024,Augmentation,41.5,41.5,25.9,32.5
z_57.0_-6.0,2025,Augmentation,43.5,43.5,24.5,31.9
z_57.0_-6.0,2026,Augmentation,34.1,34.1,26.4,39.5
z_57.0_-6.0,2027,Augmentation,35.4,35.4,30.3,34.3
z_57.0_-6.0,2028,Augmentation,38.6,38.6,33.2,28.2
z_57.0_-6.0,2029,Augmentation,45.4,45.4,26.8,27.8
z_57.0_-6.0,2030,Augmentation,45.0,45.0,25.0,30.0
z_57.0_-7.5,2023,Augmentation,32.6,32.6,28.9,38.4
z_57.0_-7.5,2024,Augmentation,33.2,33.2,23.9,42.9
z_57.0_-7.5,2025,Augmentation,41.0,41.0,27.9,31.0
z_57.0_-7.5,2026,Augmentation,44.9,44.9,30.2,24.9
z_57.0_-7.5,2027,Augmentation,37.5,37.5,34.7,27.8
z_57.0_-7.5,2028,Augmentation,45.0,45.0,28.8,26.2
z_57.0_-7.5,2029,Augmentation,41.1,41.1,31.7,27.2
z_57.0_-7.5,2030,Augmentation,41.1,41.1,31.7,27.2
z_57.0_-9.0,2023,Augmentation,25.0,25.0,37.9,37.1
z_57.0_-9.0,2024,Augmentation,36.9,36.9,30.5,32.7
z_57.0_-9.0,2025,Augmentation,39.4,39.4,32.3,28.3
z_57.0_-9.0,2026,Augmentation,34.2,34.2,37.9,27.9
z_57.0_-9.0,2027,Augmentation,30.3,30.3,38.7,30.9
z_57.0_-9.0,2028,Augmentation,30.0,30.0,34.6,35.4
z_57.0_-9.0,2029,Augmentation,41.9,41.9,31.3,26.8
z_57.0_-9.0,2030,Augmentation,35.6,35.6,35.2,29.2
z_57.0_0.0,2023,Augmentation,35.4,35.4,26.1,38.5
z_57.0_0.0,2024,Augmentation,42.3,42.3,27.9,29.8
z_57.0_0.0,2025,Augmentation,43.7,43.7,28.2,28.1
z_57.0_0.0,2026,Augmentation,29.0,29.0,28.0,43.0
z_57.0_0.0,2027,Augmentation,34.1,34.1,31.2,34.7
z_57.0_0.0,2028,Augmentation,26.8,26.8,31.3,41.9
z_57.0_0.0,2029,Augmentation,40.9,40.9,27.2,31.9
z_57.0_0.0,2030,Augmentation,45.1,45.1,29.7,25.2
z_57.0_10.5,2023,Augmentation,34.4,34.4,5.2,60.4
z_57.0_10.5,2024,Augmentation,31.7,31.7,5.6,62.7
z_57.0_10.5,2025,Augmentation,31.0,31.0,6.9,62.1
z_57.0_10.5,2026,Augmentation,34.4,34.4,8.0,57.5
z_57.0_10.5,2027,Augmentation,35.1,35.1,6.8,58.1
z_57.0_10.5,2028,Augmentation,36.5,36.5,8.3,55.2
z_57.0_10.5,2029,Augmentation,38.9,38.9,6.6,54.6
z_57.0_10.5,2030,Augmentation,35.8,35.8,6.7,57.5
z_57.0_12.0,2023,Augmentation,43.6,43.6,20.4,36.0
z_57.0_12.0,2024,Augmentation,45.2,45.2,19.5,35.3
z_57.0_12.0,2025,Augmentation,42.8,42.8,20.0,37.2
z_57.0_12.0,2026,Augmentation,42.0,42.0,19.8,38.2
z_57.0_12.0,2027,Augmentation,39.6,39.6,19.8,40.7
z_57.0_12.0,2028,Augmentation,41.5,41.5,19.3,39.2
z_57.0_12.0,2029,Augmentation,41.3,41.3,19.5,39.2
z_57.0_12.0,2030,Augmentation,41.3,41.3,19.5,39.2
z_57.0_16.5,2023,Augmentation,41.4,41.4,27.2,31.4
z_57.0_16.5,2024,Augmentation,38.0,38.0,29.5,32.5
z_57.0_16.5,2025,Augmentation,38.0,38.0,30.0,31.9
z_57.0_16.5,2026,Augmentation,50.5,50.5,22.9,26.6
z_57.0_16.5,2027,Augmentation,42.4,42.4,22.5,35.1
z_57.0_16.5,2028,Augmentation,53.4,53.4,21.2,25.3
z_57.0_16.5,2029,Augmentation,51.8,51.8,20.0,28.2
z_57.0_16.5,2030,Augmentation,51.9,51.9,22.1,26.0
z_57.0_18.0,2023,Augmentation,69.8,69.8,16.4,13.8
z_57.0_18.0,2024,Augmentation,70.3,70.3,15.4,14.3
z_57.0_18.0,2025,Augmentation,61.9,61.9,17.5,20.6
z_57.0_18.0,2026,Augmentation,54.9,54.9,22.2,22.9
z_57.0_18.0,2027,Augmentation,60.3,60.3,18.8,21.0
z_57.0_18.0,2028,Augmentation,63.8,63.8,16.4,19.8
z_57.0_18.0,2029,Augmentation,69.5,69.5,15.1,15.3
z_57.0_18.0,2030,Augmentation,66.7,66.7,15.2,18.1
z_57.0_19.5,2023,Augmentation,43.6,43.6,23.3,33.1
z_57.0_19.5,2024,Augmentation,38.2,38.2,24.4,37.4
z_57.0_19.5,2025,Augmentation,48.7,48.7,19.9,31.5
z_57.0_19.5,2026,Augmentation,44.2,44.2,21.5,34.3
z_57.0_19.5,2027,Augmentation,44.7,44.7,21.3,33.9
z_57.0_19.5,2028,Augmentation,44.2,44.2,24.4,31.4
z_57.0_19.5,2029,Augmentation,41.0,41.0,23.1,35.9
z_57.0_19.5,2030,Augmentation,43.8,43.8,23.4,32.8
z_57.0_21.0,2023,Augmentation,40.0,40.0,23.1,36.9
z_57.0_21.0,2024,Augmentation,36.1,36.1,21.4,42.6
z_57.0_21.0,2025,Augmentation,34.6,34.6,17.4,48.0
z_57.0_21.0,2026,Augmentation,40.7,40.7,26.0,33.3
z_57.0_21.0,2027,Augmentation,44.5,44.5,19.4,36.1
z_57.0_21.0,2028,Augmentation,37.3,37.3,25.8,36.9
z_57.0_21.0,2029,Augmentation,30.6,30.6,26.2,43.3
z_57.0_21.0,2030,Augmentation,37.0,37.0,25.0,38.1
z_57.0_22.5,2023,Augmentation,41.6,41.6,22.4,36.0
z_57.0_22.5,2024,Augmentation,41.1,41.1,22.0,36.9
z_57.0_22.5,2025,Augmentation,45.6,45.6,15.2,39.2
z_57.0_22.5,2026,Augmentation,57.4,57.4,17.3,25.4
z_57.0_22.5,2027,Augmentation,57.0,57.0,16.4,26.6
z_57.0_22.5,2028,Augmentation,57.8,57.8,15.0,27.2
z_57.0_22.5,2029,Augmentation,59.8,59.8,15.6,24.6
z_57.0_22.5,2030,Augmentation,65.6,65.6,14.9,19.5
z_57.0_24.0,2023,Augmentation,33.7,33.7,23.1,43.2
z_57.0_24.0,2024,Augmentation,38.1,38.1,32.6,29.3
z_57.0_24.0,2025,Augmentation,32.5,32.5,31.7,35.8
z_57.0_24.0,2026,Augmentation,43.3,43.3,31.1,25.6
z_57.0_24.0,2027,Augmentation,33.0,33.0,33.1,33.9
z_57.0_24.0,2028,Augmentation,32.4,32.4,32.8,34.8
z_57.0_24.0,2029,Augmentation,34.8,34.8,31.9,33.3
z_57.0_24.0,2030,Augmentation,32.5,32.5,30.3,37.3
z_57.0_3.0,2023,Augmentation,29.7,29.7,22.0,48.3
z_57.0_3.0,2024,Augmentation,44.7,44.7,22.8,32.5
z_57.0_3.0,2025,Augmentation,28.3,28.3,24.1,47.7
z_57.0_3.0,2026,Augmentation,29.7,29.7,30.2,40.1
z_57.0_3.0,2027,Augmentation,29.3,29.3,21.6,49.1
z_57.0_3.0,2028,Augmentation,33.1,33.1,23.8,43.1
z_57.0_3.0,2029,Augmentation,30.9,30.9,19.8,49.3
z_57.0_3.0,2030,Augmentation,31.3,31.3,21.2,47.4
z_57.0_4.5,2023,Augmentation,35.1,35.1,24.4,40.5
z_57.0_4.5,2024,Augmentation,52.0,52.0,18.6,29.4
z_57.0_4.5,2025,Augmentation,37.0,37.0,22.1,40.9
z_57.0_4.5,2026,Augmentation,44.2,44.2,19.4,36.4
z_57.0_4.5,2027,Augmentation,50.3,50.3,19.0,30.8
z_57.0_4.5,2028,Augmentation,47.8,47.8,17.6,34.6
z_57.0_4.5,2029,Augmentation,51.9,51.9,17.4,30.7
z_57.0_4.5,2030,Augmentation,48.4,48.4,18.1,33.5
z_57.0_6.0,2023,Augmentation,44.6,44.6,14.8,40.6
z_57.0_6.0,2024,Augmentation,46.6,46.6,14.4,39.0
z_57.0_6.0,2025,Augmentation,49.5,49.5,15.1,35.4
z_57.0_6.0,2026,Augmentation,47.5,47.5,16.1,36.4
z_57.0_6.0,2027,Augmentation,46.2,46.2,16.2,37.6
z_57.0_6.0,2028,Augmentation,40.9,40.9,17.0,42.1
z_57.0_6.0,2029,Augmentation,49.9,49.9,15.4,34.7
z_57.0_6.0,2030,Augmentation,46.0,46.0,15.9,38.1
z_57.0_7.5,2023,Augmentation,65.2,65.2,14.9,19.9
z_57.0_7.5,2024,Augmentation,67.7,67.7,11.5,20.8
z_57.0_7.5,2025,Augmentation,57.5,57.5,15.1,27.3
z_57.0_7.5,2026,Augmentation,57.8,57.8,15.9,26.3
z_57.0_7.5,2027,Augmentation,66.7,66.7,13.8,19.5
z_57.0_7.5,2028,Augmentation,69.5,69.5,13.2,17.3
z_57.0_7.5,2029,Augmentation,73.9,73.9,12.8,13.2
z_57.0_7.5,2030,Augmentation,75.5,75.5,12.0,12.5
z_57.0_9.0,2023,Augmentation,72.7,72.7,9.9,17.5
z_57.0_9.0,2024,Augmentation,65.1,65.1,10.3,24.7
z_57.0_9.0,2025,Augmentation,67.8,67.8,12.1,20.1
z_57.0_9.0,2026,Augmentation,55.4,55.4,15.6,29.1
z_57.0_9.0,2027,Augmentation,69.8,69.8,11.0,19.2
z_57.0_9.0,2028,Augmentation,61.1,61.1,13.7,25.2
z_57.0_9.0,2029,Augmentation,69.1,69.1,11.5,19.3
z_57.0_9.0,2030,Augmentation,72.1,72.1,9.8,18.1
z_58.5_-1.5,2023,Augmentation,36.3,36.3,22.8,40.9
z_58.5_-1.5,2024,Augmentation,33.2,33.2,26.5,40.4
z_58.5_-1.5,2025,Augmentation,37.0,37.0,24.5,38.5
z_58.5_-1.5,2026,Augmentation,35.6,35.6,26.0,38.4
z_58.5_-1.5,2027,Augmentation,32.3,32.3,22.3,45.4
z_58.5_-1.5,2028,Augmentation,33.5,33.5,26.5,40.0
z_58.5_-1.5,2029,Augmentation,29.8,29.8,25.7,44.4
z_58.5_-1.5,2030,Augmentation,34.3,34.3,24.6,41.2
z_58.5_-10.5,2023,Diminution,78.3,2.3,78.3,19.4
z_58.5_-10.5,2024,Diminution,78.3,2.3,78.3,19.4
z_58.5_-10.5,2025,Diminution,78.3,2.3,78.3,19.4
z_58.5_-10.5,2026,Diminution,64.0,7.0,64.0,29.0
z_58.5_-10.5,2027,Diminution,77.3,3.5,77.3,19.2
z_58.5_-10.5,2028,Diminution,77.9,1.7,77.9,20.3
z_58.5_-10.5,2029,Diminution,72.6,5.2,72.6,22.2
z_58.5_-10.5,2030,Diminution,79.2,3.1,79.2,17.7
z_58.5_-3.0,2023,Augmentation,43.2,43.2,26.8,30.0
z_58.5_-3.0,2024,Augmentation,42.6,42.6,27.9,29.5
z_58.5_-3.0,2025,Augmentation,34.3,34.3,29.4,36.3
z_58.5_-3.0,2026,Augmentation,33.3,33.3,34.1,32.6
z_58.5_-3.0,2027,Augmentation,42.6,42.6,28.0,29.4
z_58.5_-3.0,2028,Augmentation,32.4,32.4,32.3,35.3
z_58.5_-3.0,2029,Augmentation,45.2,45.2,28.1,26.7
z_58.5_-3.0,2030,Augmentation,38.7,38.7,32.2,29.1
z_58.5_-6.0,2023,Augmentation,37.7,37.7,18.0,44.3
z_58.5_-6.0,2024,Augmentation,38.4,38.4,24.7,36.9
z_58.5_-6.0,2025,Augmentation,39.7,39.7,27.2,33.0
z_58.5_-6.0,2026,Augmentation,43.0,43.0,28.2,28.8
z_58.5_-6.0,2027,Augmentation,39.6,39.6,32.3,28.0
z_58.5_-6.0,2028,Augmentation,36.8,36.8,33.4,29.8
z_58.5_-6.0,2029,Augmentation,34.4,34.4,31.5,34.2
z_58.5_-6.0,2030,Augmentation,44.9,44.9,27.9,27.2
z_58.5_-9.0,2023,Augmentation,44.2,44.2,27.5,28.3
z_58.5_-9.0,2024,Augmentation,46.0,46.0,25.7,28.3
z_58.5_-9.0,2025,Augmentation,43.0,43.0,27.4,29.6
z_58.5_-9.0,2026,Augmentation,42.0,42.0,20.8,37.2
z_58.5_-9.0,2027,Augmentation,41.7,41.7,29.0,29.3
z_58.5_-9.0,2028,Augmentation,38.5,38.5,33.0,28.5
z_58.5_-9.0,2029,Augmentation,38.0,38.0,28.4,33.6
z_58.5_-9.0,2030,Augmentation,46.0,46.0,25.7,28.3
z_58.5_0.0,2023,Augmentation,34.3,34.3,22.5,43.3
z_58.5_0.0,2024,Augmentation,41.5,41.5,20.2,38.2
z_58.5_0.0,2025,Augmentation,34.9,34.9,20.7,44.4
z_58.5_0.0,2026,Augmentation,33.4,33.4,25.4,41.3
z_58.5_0.0,2027,Augmentation,30.5,30.5,22.4,47.2
z_58.5_0.0,2028,Augmentation,33.7,33.7,27.1,39.2
z_58.5_0.0,2029,Augmentation,30.5,30.5,25.3,44.2
z_58.5_0.0,2030,Augmentation,33.7,33.7,24.9,41.4
z_58.5_1.5,2023,Augmentation,38.8,38.8,18.3,42.9
z_58.5_1.5,2024,Augmentation,33.7,33.7,22.5,43.8
z_58.5_1.5,2025,Augmentation,36.1,36.1,21.5,42.4
z_58.5_1.5,2026,Augmentation,31.9,31.9,20.4,47.7
z_58.5_1.5,2027,Augmentation,33.1,33.1,20.9,46.0
z_58.5_1.5,2028,Augmentation,32.5,32.5,21.2,46.3
z_58.5_1.5,2029,Augmentation,32.5,32.5,21.2,46.2
z_58.5_1.5,2030,Augmentation,32.5,32.5,21.2,46.3
z_58.5_10.5,2023,Augmentation,51.9,51.9,8.9,39.2
z_58.5_10.5,2024,Augmentation,43.1,43.1,10.2,46.8
z_58.5_10.5,2025,Augmentation,43.1,43.1,10.0,46.9
z_58.5_10.5,2026,Augmentation,39.6,39.6,16.4,44.0
z_58.5_10.5,2027,Augmentation,43.3,43.3,13.6,43.1
z_58.5_10.5,2028,Augmentation,44.5,44.5,12.0,43.5
z_58.5_10.5,2029,Augmentation,39.0,39.0,10.8,50.2
z_58.5_10.5,2030,Augmentation,39.1,39.1,10.8,50.0
z_58.5_15.0,2023,Augmentation,51.3,51.3,17.7,31.0
z_58.5_15.0,2024,Augmentation,53.7,53.7,16.8,29.6
z_58.5_15.0,2025,Augmentation,52.3,52.3,16.4,31.3
z_58.5_15.0,2026,Augmentation,57.0,57.0,16.5,26.5
z_58.5_15.0,2027,Augmentation,53.8,53.8,15.9,30.3
z_58.5_15.0,2028,Augmentation,56.6,56.6,14.9,28.6
z_58.5_15.0,2029,Augmentation,60.2,60.2,13.4,26.4
z_58.5_15.0,2030,Augmentation,63.2,63.2,12.6,24.2
z_58.5_16.5,2023,Augmentation,64.2,64.2,13.3,22.5
z_58.5_16.5,2024,Augmentation,61.2,61.2,16.7,22.1
z_58.5_16.5,2025,Augmentation,60.9,60.9,21.7,17.4
z_58.5_16.5,2026,Augmentation,59.4,59.4,20.9,19.7
z_58.5_16.5,2027,Augmentation,65.4,65.4,12.9,21.7
z_58.5_16.5,2028,Augmentation,62.3,62.3,13.7,24.0
z_58.5_16.5,2029,Augmentation,63.3,63.3,13.2,23.6
z_58.5_16.5,2030,Augmentation,60.9,60.9,13.6,25.5
z_58.5_18.0,2023,Augmentation,53.0,53.0,21.3,25.7
z_58.5_18.0,2024,Augmentation,62.3,62.3,18.1,19.6
z_58.5_18.0,2025,Augmentation,51.2,51.2,25.7,23.1
z_58.5_18.0,2026,Augmentation,61.9,61.9,17.7,20.4
z_58.5_18.0,2027,Augmentation,64.6,64.6,16.3,19.0
z_58.5_18.0,2028,Augmentation,66.1,66.1,17.4,16.5
z_58.5_18.0,2029,Augmentation,67.1,67.1,16.5,16.4
z_58.5_18.0,2030,Augmentation,65.2,65.2,17.6,17.2
z_58.5_19.5,2023,Augmentation,35.3,35.3,25.7,38.9
z_58.5_19.5,2024,Augmentation,36.3,36.3,23.8,39.9
z_58.5_19.5,2025,Augmentation,54.8,54.8,18.5,26.7
z_58.5_19.5,2026,Augmentation,46.7,46.7,20.5,32.8
z_58.5_19.5,2027,Augmentation,52.0,52.0,20.0,28.0
z_58.5_19.5,2028,Augmentation,43.1,43.1,22.1,34.8
z_58.5_19.5,2029,Augmentation,44.0,44.0,24.8,31.2
z_58.5_19.5,2030,Augmentation,44.7,44.7,22.4,33.0
z_58.5_21.0,2023,Augmentation,36.5,36.5,24.6,38.9
z_58.5_21.0,2024,Augmentation,43.1,43.1,27.6,29.3
z_58.5_21.0,2025,Augmentation,38.2,38.2,24.0,37.8
z_58.5_21.0,2026,Augmentation,41.9,41.9,19.0,39.1
z_58.5_21.0,2027,Augmentation,40.1,40.1,18.5,41.4
z_58.5_21.0,2028,Augmentation,39.1,39.1,23.9,37.0
z_58.5_21.0,2029,Augmentation,36.6,36.6,19.5,43.9
z_58.5_21.0,2030,Augmentation,39.9,39.9,20.7,39.4
z_58.5_22.5,2023,Augmentation,50.4,50.4,17.3,32.4
z_58.5_22.5,2024,Augmentation,42.2,42.2,17.4,40.5
z_58.5_22.5,2025,Augmentation,46.2,46.2,16.4,37.4
z_58.5_22.5,2026,Augmentation,45.5,45.5,16.6,37.9
z_58.5_22.5,2027,Augmentation,46.2,46.2,15.5,38.3
z_58.5_22.5,2028,Augmentation,44.2,44.2,16.6,39.2
z_58.5_22.5,2029,Augmentation,47.0,47.0,15.6,37.4
z_58.5_22.5,2030,Augmentation,47.0,47.0,15.6,37.4
z_58.5_24.0,2023,Augmentation,54.7,54.7,18.4,26.9
z_58.5_24.0,2024,Augmentation,61.1,61.1,15.4,23.5
z_58.5_24.0,2025,Augmentation,62.3,62.3,14.2,23.4
z_58.5_24.0,2026,Augmentation,53.7,53.7,20.0,26.3
z_58.5_24.0,2027,Augmentation,59.2,59.2,16.4,24.4
z_58.5_24.0,2028,Augmentation,58.6,58.6,17.0,24.4
z_58.5_24.0,2029,Augmentation,60.2,60.2,17.6,22.2
z_58.5_24.0,2030,Augmentation,62.9,62.9,15.6,21.6
z_58.5_25.5,2023,Augmentation,43.8,43.8,26.1,30.2
z_58.5_25.5,2024,Augmentation,42.6,42.6,24.9,32.5
z_58.5_25.5,2025,Augmentation,46.2,46.2,22.8,31.1
z_58.5_25.5,2026,Augmentation,36.4,36.4,23.7,39.9
z_58.5_25.5,2027,Augmentation,44.5,44.5,23.2,32.3
z_58.5_25.5,2028,Augmentation,36.3,36.3,25.5,38.2
z_58.5_25.5,2029,Augmentation,36.6,36.6,26.4,37.0
z_58.5_25.5,2030,Augmentation,35.4,35.4,26.8,37.8
z_58.5_27.0,2023,Augmentation,30.9,30.9,29.1,40.0
z_58.5_27.0,2024,Augmentation,52.1,52.1,26.2,21.6
z_58.5_27.0,2025,Augmentation,53.9,53.9,27.0,19.1
z_58.5_27.0,2026,Augmentation,48.0,48.0,29.7,22.3
z_58.5_27.0,2027,Augmentation,48.2,48.2,32.3,19.5
z_58.5_27.0,2028,Augmentation,46.4,46.4,29.4,24.2
z_58.5_27.0,2029,Augmentation,57.0,57.0,24.6,18.5
z_58.5_27.0,2030,Augmentation,51.3,51.3,28.7,20.0
z_58.5_28.5,2023,Augmentation,39.2,39.2,21.2,39.6
z_58.5_28.5,2024,Augmentation,25.3,25.3,30.8,43.9
z_58.5_28.5,2025,Augmentation,33.3,33.3,30.6,36.1
z_58.5_28.5,2026,Augmentation,39.2,39.2,30.7,30.1
z_58.5_28.5,2027,Augmentation,32.0,32.0,36.7,31.3
z_58.5_28.5,2028,Augmentation,27.9,27.9,39.8,32.3
z_58.5_28.5,2029,Augmentation,29.8,29.8,37.1,33.1
z_58.5_28.5,2030,Augmentation,35.1,35.1,34.2,30.7
z_58.5_3.0,2023,Augmentation,35.6,35.6,24.4,40.0
z_58.5_3.0,2024,Augmentation,35.6,35.6,26.9,37.5
z_58.5_3.0,2025,Augmentation,28.8,28.8,23.1,48.2
z_58.5_3.0,2026,Augmentation,36.2,36.2,23.2,40.7
z_58.5_3.0,2027,Augmentation,36.5,36.5,22.9,40.7
z_58.5_3.0,2028,Augmentation,35.4,35.4,22.7,41.9
z_58.5_3.0,2029,Augmentation,37.7,37.7,21.9,40.4
z_58.5_3.0,2030,Augmentation,34.9,34.9,21.9,43.2
z_58.5_4.5,2023,Augmentation,32.2,32.2,21.6,46.2
z_58.5_4.5,2024,Augmentation,35.3,35.3,17.8,46.9
z_58.5_4.5,2025,Augmentation,39.1,39.1,14.7,46.2
z_58.5_4.5,2026,Augmentation,32.8,32.8,16.7,50.6
z_58.5_4.5,2027,Augmentation,31.2,31.2,17.6,51.2
z_58.5_4.5,2028,Augmentation,28.8,28.8,17.4,53.8
z_58.5_4.5,2029,Augmentation,35.0,35.0,17.5,47.6
z_58.5_4.5,2030,Augmentation,34.6,34.6,16.9,48.5
z_58.5_6.0,2023,Diminution,64.9,8.7,64.9,26.4
z_58.5_6.0,2024,Diminution,64.9,8.7,64.9,26.4
z_58.5_6.0,2025,Diminution,53.5,13.4,53.5,33.1
z_58.5_6.0,2026,Diminution,57.7,13.5,57.7,28.7
z_58.5_6.0,2027,Diminution,64.6,5.5,64.6,29.8
z_58.5_6.0,2028,Diminution,56.3,12.2,56.3,31.5
z_58.5_6.0,2029,Diminution,67.0,9.2,67.0,23.8
z_58.5_6.0,2030,Diminution,64.9,8.7,64.9,26.4
z_58.5_9.0,2023,Augmentation,61.2,61.2,14.4,24.4
z_58.5_9.0,2024,Augmentation,60.3,60.3,13.5,26.2
z_58.5_9.0,2025,Augmentation,62.0,62.0,12.5,25.5
z_58.5_9.0,2026,Augmentation,49.2,49.2,17.5,33.3
z_58.5_9.0,2027,Augmentation,46.1,46.1,18.4,35.5
z_58.5_9.0,2028,Augmentation,51.8,51.8,17.9,30.3
z_58.5_9.0,2029,Augmentation,54.5,54.5,14.9,30.6
z_58.5_9.0,2030,Augmentation,69.0,69.0,13.0,18.0
z_60.0_-1.5,2023,Augmentation,30.7,30.7,29.2,40.1
z_60.0_-1.5,2024,Augmentation,38.6,38.6,27.1,34.4
z_60.0_-1.5,2025,Augmentation,42.1,42.1,28.8,29.1
z_60.0_-1.5,2026,Augmentation,38.2,38.2,32.9,28.9
z_60.0_-1.5,2027,Augmentation,37.1,37.1,34.3,28.5
z_60.0_-1.5,2028,Augmentation,34.1,34.1,31.7,34.2
z_60.0_-1.5,2029,Augmentation,43.9,43.9,29.1,27.0
z_60.0_-1.5,2030,Augmentation,39.1,39.1,32.1,28.8
z_60.0_-31.5,2023,Diminution,64.2,3.8,64.2,32.0
z_60.0_-31.5,2024,Diminution,53.3,6.3,53.3,40.4
z_60.0_-31.5,2025,Diminution,60.9,4.7,60.9,34.4
z_60.0_-31.5,2026,Diminution,66.8,4.9,66.8,28.3
z_60.0_-31.5,2027,Diminution,60.6,6.0,60.6,33.3
z_60.0_-31.5,2028,Diminution,65.0,4.7,65.0,30.3
z_60.0_-31.5,2029,Diminution,64.2,3.8,64.2,32.0
z_60.0_-31.5,2030,Diminution,64.2,3.8,64.2,32.0
z_60.0_-4.5,2023,Augmentation,31.0,31.0,33.8,35.2
z_60.0_-4.5,2024,Augmentation,39.8,39.8,31.6,28.6
z_60.0_-4.5,2025,Augmentation,40.7,40.7,27.4,31.9
z_60.0_-4.5,2026,Augmentation,34.4,34.4,30.5,35.1
z_60.0_-4.5,2027,Augmentation,37.8,37.8,30.3,31.9
z_60.0_-4.5,2028,Augmentation,44.5,44.5,29.3,26.2
z_60.0_-4.5,2029,Augmentation,40.2,40.2,30.7,29.1
z_60.0_-4.5,2030,Augmentation,45.1,45.1,26.2,28.8
z_60.0_-6.0,2023,Diminution,63.5,5.0,63.5,31.6
z_60.0_-6.0,2024,Diminution,63.5,5.0,63.5,31.6
z_60.0_-6.0,2025,Diminution,51.7,5.0,51.7,43.3
z_60.0_-6.0,2026,Diminution,57.1,8.1,57.1,34.7
z_60.0_-6.0,2027,Diminution,68.1,6.3,68.1,25.6
z_60.0_-6.0,2028,Diminution,57.9,5.5,57.9,36.6
z_60.0_-6.0,2029,Diminution,57.0,6.9,57.0,36.2
z_60.0_-6.0,2030,Diminution,63.5,5.0,63.5,31.6
z_60.0_-7.5,2023,Diminution,42.8,10.8,42.8,46.4
z_60.0_-7.5,2024,Diminution,39.5,19.3,39.5,41.2
z_60.0_-7.5,2025,Diminution,39.1,14.0,39.1,46.9
z_60.0_-7.5,2026,Stable,60.5,10.7,28.7,60.5
z_60.0_-7.5,2027,Diminution,32.7,16.1,32.7,51.2
z_60.0_-7.5,2028,Diminution,46.6,12.0,46.6,41.4
z_60.0_-7.5,2029,Diminution,37.6,13.7,37.6,48.7
z_60.0_-7.5,2030,Diminution,35.4,12.2,35.4,52.4
z_60.0_-9.0,2023,Diminution,65.7,4.0,65.7,30.3
z_60.0_-9.0,2024,Diminution,57.8,6.5,57.8,35.8
z_60.0_-9.0,2025,Diminution,60.3,7.2,60.3,32.6
z_60.0_-9.0,2026,Diminution,70.1,4.5,70.1,25.4
z_60.0_-9.0,2027,Diminution,53.8,4.9,53.8,41.4
z_60.0_-9.0,2028,Diminution,61.7,5.0,61.7,33.3
z_60.0_-9.0,2029,Diminution,65.7,4.0,65.7,30.3
z_60.0_-9.0,2030,Diminution,65.7,4.0,65.7,30.3
z_60.0_0.0,2023,Augmentation,38.6,38.6,21.8,39.6
z_60.0_0.0,2024,Augmentation,34.0,34.0,24.8,41.2
z_60.0_0.0,2025,Augmentation,39.6,39.6,23.1,37.3
z_60.0_0.0,2026,Augmentation,32.0,32.0,26.7,41.3
z_60.0_0.0,2027,Augmentation,33.6,33.6,25.3,41.1
z_60.0_0.0,2028,Augmentation,32.7,32.7,27.5,39.7
z_60.0_0.0,2029,Augmentation,30.2,30.2,26.3,43.6
z_60.0_0.0,2030,Augmentation,33.5,33.5,25.7,40.8
z_60.0_1.5,2023,Augmentation,37.4,37.4,20.1,42.5
z_60.0_1.5,2024,Augmentation,37.4,37.4,19.2,43.4
z_60.0_1.5,2025,Augmentation,34.6,34.6,21.2,44.2
z_60.0_1.5,2026,Augmentation,36.6,36.6,19.3,44.2
z_60.0_1.5,2027,Augmentation,47.0,47.0,17.5,35.5
z_60.0_1.5,2028,Augmentation,48.3,48.3,17.4,34.4
z_60.0_1.5,2029,Augmentation,46.3,46.3,16.7,36.9
z_60.0_1.5,2030,Augmentation,41.0,41.0,17.7,41.3
z_60.0_16.5,2023,Augmentation,30.0,30.0,29.0,41.1
z_60.0_16.5,2024,Augmentation,33.0,33.0,23.3,43.7
z_60.0_16.5,2025,Augmentation,37.4,37.4,20.4,42.1
z_60.0_16.5,2026,Augmentation,27.7,27.7,19.4,52.9
z_60.0_16.5,2027,Augmentation,32.1,32.1,23.4,44.5
z_60.0_16.5,2028,Augmentation,25.0,25.0,20.8,54.1
z_60.0_16.5,2029,Augmentation,31.5,31.5,20.7,47.8
z_60.0_16.5,2030,Augmentation,27.8,27.8,17.9,54.3
z_60.0_18.0,2023,Augmentation,38.8,38.8,14.9,46.3
z_60.0_18.0,2024,Augmentation,38.2,38.2,17.5,44.3
z_60.0_18.0,2025,Augmentation,39.8,39.8,19.3,40.9
z_60.0_18.0,2026,Augmentation,30.8,30.8,25.3,43.9
z_60.0_18.0,2027,Augmentation,42.1,42.1,25.5,32.5
z_60.0_18.0,2028,Augmentation,37.5,37.5,21.9,40.6
z_60.0_18.0,2029,Augmentation,38.7,38.7,21.1,40.2
z_60.0_18.0,2030,Augmentation,42.9,42.9,18.9,38.1
z_60.0_19.5,2023,Augmentation,41.4,41.4,23.6,35.0
z_60.0_19.5,2024,Augmentation,31.3,31.3,26.1,42.6
z_60.0_19.5,2025,Augmentation,38.5,38.5,26.7,34.8
z_60.0_19.5,2026,Augmentation,43.0,43.0,30.8,26.1
z_60.0_19.5,2027,Augmentation,32.1,32.1,33.4,34.5
z_60.0_19.5,2028,Augmentation,35.0,35.0,32.6,32.4
z_60.0_19.5,2029,Augmentation,45.7,45.7,31.1,23.2
z_60.0_19.5,2030,Augmentation,40.5,40.5,32.0,27.4
z_60.0_21.0,2023,Augmentation,41.6,41.6,17.1,41.3
z_60.0_21.0,2024,Augmentation,62.2,62.2,15.4,22.5
z_60.0_21.0,2025,Augmentation,61.4,61.4,14.5,24.0
z_60.0_21.0,2026,Augmentation,58.0,58.0,16.9,25.1
z_60.0_21.0,2027,Augmentation,54.7,54.7,15.9,29.4
z_60.0_21.0,2028,Augmentation,50.4,50.4,19.1,30.5
z_60.0_21.0,2029,Augmentation,59.1,59.1,18.5,22.4
z_60.0_21.0,2030,Augmentation,67.2,67.2,14.0,18.7
z_60.0_24.0,2023,Augmentation,18.9,18.9,30.9,50.2
z_60.0_24.0,2024,Augmentation,21.6,21.6,29.3,49.1
z_60.0_24.0,2025,Augmentation,37.1,37.1,29.4,33.4
z_60.0_24.0,2026,Augmentation,33.4,33.4,22.9,43.8
z_60.0_24.0,2027,Augmentation,29.4,29.4,23.1,47.5
z_60.0_24.0,2028,Augmentation,21.6,21.6,28.0,50.5
z_60.0_24.0,2029,Augmentation,24.8,24.8,28.4,46.8
z_60.0_24.0,2030,Augmentation,20.6,20.6,31.2,48.3
z_60.0_25.5,2023,Augmentation,30.9,30.9,23.6,45.5
z_60.0_25.5,2024,Augmentation,26.9,26.9,21.1,52.0
z_60.0_25.5,2025,Augmentation,45.3,45.3,15.8,38.9
z_60.0_25.5,2026,Augmentation,51.2,51.2,15.9,32.9
z_60.0_25.5,2027,Augmentation,49.6,49.6,17.7,32.6
z_60.0_25.5,2028,Augmentation,51.2,51.2,16.5,32.3
z_60.0_25.5,2029,Augmentation,50.4,50.4,18.7,30.9
z_60.0_25.5,2030,Augmentation,55.2,55.2,15.3,29.5
z_60.0_27.0,2023,Augmentation,46.0,46.0,28.2,25.8
z_60.0_27.0,2024,Augmentation,47.6,47.6,26.6,25.8
z_60.0_27.0,2025,Augmentation,40.3,40.3,27.8,31.9
z_60.0_27.0,2026,Augmentation,42.6,42.6,33.8,23.6
z_60.0_27.0,2027,Augmentation,41.8,41.8,31.3,27.0
z_60.0_27.0,2028,Augmentation,47.3,47.3,26.9,25.9
z_60.0_27.0,2029,Augmentation,43.8,43.8,29.2,27.0
z_60.0_27.0,2030,Augmentation,43.8,43.8,29.2,27.0
z_60.0_28.5,2023,Augmentation,49.8,49.8,23.3,26.9
z_60.0_28.5,2024,Augmentation,45.5,45.5,25.2,29.3
z_60.0_28.5,2025,Augmentation,46.5,46.5,23.9,29.6
z_60.0_28.5,2026,Augmentation,45.5,45.5,25.2,29.3
z_60.0_28.5,2027,Augmentation,54.7,54.7,25.1,20.3
z_60.0_28.5,2028,Augmentation,49.9,49.9,25.2,25.0
z_60.0_28.5,2029,Augmentation,54.7,54.7,21.6,23.7
z_60.0_28.5,2030,Augmentation,50.8,50.8,23.7,25.5
z_60.0_3.0,2023,Augmentation,33.5,33.5,25.4,41.1
z_60.0_3.0,2024,Augmentation,30.7,30.7,23.9,45.4
z_60.0_3.0,2025,Augmentation,39.4,39.4,21.8,38.8
z_60.0_3.0,2026,Augmentation,36.3,36.3,15.9,47.8
z_60.0_3.0,2027,Augmentation,41.8,41.8,19.1,39.2
z_60.0_3.0,2028,Augmentation,44.3,44.3,16.9,38.8
z_60.0_3.0,2029,Augmentation,44.0,44.0,18.3,37.7
z_60.0_3.0,2030,Augmentation,47.2,47.2,17.5,35.3
z_60.0_4.5,2023,Augmentation,46.0,46.0,22.7,31.3
z_60.0_4.5,2024,Augmentation,43.5,43.5,25.5,31.0
z_60.0_4.5,2025,Augmentation,51.0,51.0,18.4,30.6
z_60.0_4.5,2026,Augmentation,48.8,48.8,14.3,36.9
z_60.0_4.5,2027,Augmentation,47.0,47.0,17.8,35.2
z_60.0_4.5,2028,Augmentation,48.2,48.2,21.1,30.7
z_60.0_4.5,2029,Augmentation,46.0,46.0,25.9,28.1
z_60.0_4.5,2030,Augmentation,54.1,54.1,18.8,27.1
z_60.0_6.0,2023,Augmentation,23.1,23.1,34.0,42.9
z_60.0_6.0,2024,Augmentation,19.2,19.2,26.5,54.3
z_60.0_6.0,2025,Augmentation,18.1,18.1,33.0,48.8
z_60.0_6.0,2026,Augmentation,27.1,27.1,27.9,45.0
z_60.0_6.0,2027,Augmentation,23.7,23.7,25.6,50.7
z_60.0_6.0,2028,Augmentation,20.7,20.7,29.8,49.4
z_60.0_6.0,2029,Augmentation,18.3,18.3,22.4,59.2
z_60.0_6.0,2030,Augmentation,24.5,24.5,27.4,48.1
z_61.5_-1.5,2023,Diminution,73.6,4.4,73.6,22.0
z_61.5_-1.5,2024,Diminution,48.8,11.2,48.8,39.9
z_61.5_-1.5,2025,Diminution,68.1,6.0,68.1,25.9
z_61.5_-1.5,2026,Diminution,72.3,5.9,72.3,21.8
z_61.5_-1.5,2027,Diminution,66.0,5.4,66.0,28.6
z_61.5_-1.5,2028,Diminution,75.1,3.8,75.1,21.1
z_61.5_-1.5,2029,Diminution,73.1,2.8,73.1,24.1
z_61.5_-1.5,2030,Diminution,73.1,2.8,73.1,24.1
z_61.5_-7.5,2023,Augmentation,36.3,36.3,36.7,27.0
z_61.5_-7.5,2024,Augmentation,38.5,38.5,32.1,29.3
z_61.5_-7.5,2025,Augmentation,41.2,41.2,29.1,29.7
z_61.5_-7.5,2026,Augmentation,33.0,33.0,31.7,35.3
z_61.5_-7.5,2027,Augmentation,36.9,36.9,32.9,30.2
z_61.5_-7.5,2028,Augmentation,42.9,42.9,32.6,24.5
z_61.5_-7.5,2029,Augmentation,40.4,40.4,32.3,27.2
z_61.5_-7.5,2030,Augmentation,45.3,45.3,27.6,27.1
z_61.5_0.0,2023,Augmentation,22.7,22.7,41.2,36.1
z_61.5_0.0,2024,Augmentation,23.4,23.4,44.8,31.8
z_61.5_0.0,2025,Augmentation,22.9,22.9,40.5,36.6
z_61.5_0.0,2026,Augmentation,23.9,23.9,43.6,32.5
z_61.5_0.0,2027,Augmentation,24.7,24.7,39.1,36.2
z_61.5_0.0,2028,Augmentation,27.6,27.6,38.9,33.6
z_61.5_0.0,2029,Augmentation,31.1,31.1,38.0,30.9
z_61.5_0.0,2030,Augmentation,27.3,27.3,39.0,33.6
z_61.5_1.5,2023,Augmentation,28.7,28.7,41.4,29.9
z_61.5_1.5,2024,Diminution,41.3,20.6,41.3,38.1
z_61.5_1.5,2025,Augmentation,24.6,24.6,45.6,29.8
z_61.5_1.5,2026,Diminution,37.7,17.1,37.7,45.2
z_61.5_1.5,2027,Augmentation,22.1,22.1,44.1,33.8
z_61.5_1.5,2028,Augmentation,25.6,25.6,44.9,29.5
z_61.5_1.5,2029,Augmentation,20.6,20.6,40.6,38.8
z_61.5_1.5,2030,Augmentation,28.7,28.7,41.4,29.9
z_61.5_16.5,2023,Augmentation,35.4,35.4,28.8,35.8
z_61.5_16.5,2024,Augmentation,28.9,28.9,24.8,46.4
z_61.5_16.5,2025,Augmentation,35.2,35.2,26.8,38.0
z_61.5_16.5,2026,Augmentation,27.7,27.7,28.9,43.3
z_61.5_16.5,2027,Augmentation,30.3,30.3,30.4,39.3
z_61.5_16.5,2028,Augmentation,28.0,28.0,24.3,47.7
z_61.5_16.5,2029,Augmentation,29.5,29.5,27.4,43.1
z_61.5_16.5,2030,Augmentation,28.7,28.7,22.5,48.9
z_61.5_18.0,2023,Augmentation,36.0,36.0,20.0,43.9
z_61.5_18.0,2024,Augmentation,33.0,33.0,17.5,49.4
z_61.5_18.0,2025,Augmentation,31.9,31.9,16.5,51.6
z_61.5_18.0,2026,Augmentation,33.5,33.5,17.2,49.2
z_61.5_18.0,2027,Augmentation,31.8,31.8,18.2,50.0
z_61.5_18.0,2028,Augmentation,34.4,34.4,17.5,48.1
z_61.5_18.0,2029,Augmentation,33.0,33.0,17.5,49.4
z_61.5_18.0,2030,Augmentation,31.9,31.9,16.5,51.6
z_61.5_19.5,2023,Augmentation,18.5,18.5,36.2,45.3
z_61.5_19.5,2024,Augmentation,21.7,21.7,38.9,39.4
z_61.5_19.5,2025,Augmentation,23.8,23.8,41.4,34.8
z_61.5_19.5,2026,Augmentation,23.1,23.1,35.1,41.8
z_61.5_19.5,2027,Augmentation,28.7,28.7,38.0,33.2
z_61.5_19.5,2028,Augmentation,29.1,29.1,35.7,35.2
z_61.5_19.5,2029,Augmentation,28.3,28.3,35.7,36.0
z_61.5_19.5,2030,Augmentation,28.3,28.3,35.7,36.0
z_61.5_21.0,2023,Augmentation,30.7,30.7,29.3,40.0
z_61.5_21.0,2024,Augmentation,29.2,29.2,32.3,38.5
z_61.5_21.0,2025,Augmentation,25.4,25.4,29.2,45.4
z_61.5_21.0,2026,Augmentation,30.2,30.2,31.8,37.9
z_61.5_21.0,2027,Augmentation,26.6,26.6,29.9,43.5
z_61.5_21.0,2028,Augmentation,29.2,29.2,28.3,42.5
z_61.5_21.0,2029,Augmentation,28.1,28.1,29.5,42.4
z_61.5_21.0,2030,Augmentation,28.1,28.1,28.0,44.0
z_61.5_3.0,2023,Augmentation,31.1,31.1,29.0,39.9
z_61.5_3.0,2024,Augmentation,38.2,38.2,19.3,42.5
z_61.5_3.0,2025,Augmentation,22.2,22.2,25.5,52.4
z_61.5_3.0,2026,Augmentation,27.1,27.1,28.3,44.6
z_61.5_3.0,2027,Augmentation,32.4,32.4,29.4,38.2
z_61.5_3.0,2028,Augmentation,33.1,33.1,25.5,41.4
z_61.5_3.0,2029,Augmentation,33.9,33.9,26.1,40.0
z_61.5_3.0,2030,Augmentation,33.8,33.8,26.2,40.0
z_61.5_4.5,2023,Augmentation,59.7,59.7,10.5,29.8
z_61.5_4.5,2024,Augmentation,52.6,52.6,14.8,32.6
z_61.5_4.5,2025,Augmentation,61.7,61.7,13.2,25.1
z_61.5_4.5,2026,Augmentation,54.6,54.6,12.5,32.8
z_61.5_4.5,2027,Augmentation,54.9,54.9,13.8,31.2
z_61.5_4.5,2028,Augmentation,57.0,57.0,13.9,29.1
z_61.5_4.5,2029,Augmentation,61.0,61.0,12.7,26.4
z_61.5_4.5,2030,Augmentation,56.6,56.6,14.2,29.1
z_61.5_6.0,2023,Augmentation,35.7,35.7,16.6,47.7
z_61.5_6.0,2024,Augmentation,35.7,35.7,13.9,50.4
z_61.5_6.0,2025,Augmentation,37.6,37.6,15.0,47.4
z_61.5_6.0,2026,Augmentation,43.8,43.8,13.9,42.3
z_61.5_6.0,2027,Augmentation,32.3,32.3,12.7,55.0
z_61.5_6.0,2028,Augmentation,39.2,39.2,15.1,45.8
z_61.5_6.0,2029,Augmentation,37.0,37.0,13.9,49.1
z_61.5_6.0,2030,Augmentation,41.1,41.1,13.1,45.8
z_63.0_-13.5,2023,Augmentation,41.8,41.8,35.4,22.8
z_63.0_-13.5,2024,Augmentation,33.9,33.9,38.8,27.4
z_63.0_-13.5,2025,Augmentation,40.7,40.7,31.2,28.2
z_63.0_-13.5,2026,Augmentation,35.8,35.8,38.3,25.9
z_63.0_-13.5,2027,Augmentation,34.5,34.5,40.6,24.9
z_63.0_-13.5,2028,Augmentation,33.9,33.9,38.8,27.4
z_63.0_-13.5,2029,Augmentation,44.3,44.3,32.1,23.6
z_63.0_-13.5,2030,Augmentation,38.3,38.3,36.2,25.5
z_63.0_-16.5,2023,Augmentation,40.1,40.1,16.0,43.9
z_63.0_-16.5,2024,Augmentation,39.3,39.3,15.4,45.3
z_63.0_-16.5,2025,Augmentation,43.8,43.8,16.1,40.1
z_63.0_-16.5,2026,Augmentation,39.1,39.1,20.8,40.0
z_63.0_-16.5,2027,Augmentation,43.1,43.1,22.8,34.2
z_63.0_-16.5,2028,Augmentation,30.0,30.0,20.9,49.1
z_63.0_-16.5,2029,Augmentation,38.3,38.3,18.1,43.6
z_63.0_-16.5,2030,Augmentation,41.3,41.3,17.4,41.4
z_63.0_-21.0,2023,Augmentation,45.1,45.1,15.7,39.2
z_63.0_-21.0,2024,Augmentation,49.0,49.0,14.3,36.7
z_63.0_-21.0,2025,Augmentation,41.1,41.1,20.5,38.4
z_63.0_-21.0,2026,Augmentation,37.9,37.9,24.3,37.8
z_63.0_-21.0,2027,Augmentation,41.0,41.0,23.3,35.7
z_63.0_-21.0,2028,Augmentation,37.8,37.8,19.1,43.0
z_63.0_-21.0,2029,Augmentation,42.4,42.4,16.6,41.0
z_63.0_-21.0,2030,Augmentation,47.7,47.7,15.9,36.5
z_63.0_-22.5,2023,Augmentation,35.2,35.2,16.7,48.1
z_63.0_-22.5,2024,Augmentation,37.9,37.9,13.8,48.3
z_63.0_-22.5,2025,Augmentation,32.2,32.2,18.6,49.2
z_63.0_-22.5,2026,Augmentation,39.0,39.0,19.4,41.6
z_63.0_-22.5,2027,Augmentation,29.0,29.0,17.7,53.3
z_63.0_-22.5,2028,Augmentation,28.2,28.2,17.9,53.9
z_63.0_-22.5,2029,Augmentation,37.8,37.8,15.1,47.0
z_63.0_-22.5,2030,Augmentation,37.7,37.7,15.2,47.2
z_63.0_-24.0,2023,Augmentation,48.7,48.7,17.8,33.5
z_63.0_-24.0,2024,Augmentation,53.0,53.0,19.0,28.0
z_63.0_-24.0,2025,Augmentation,52.7,52.7,17.2,30.1
z_63.0_-24.0,2026,Augmentation,45.4,45.4,20.0,34.6
z_63.0_-24.0,2027,Augmentation,49.6,49.6,18.2,32.1
z_63.0_-24.0,2028,Augmentation,43.5,43.5,23.4,33.1
z_63.0_-24.0,2029,Augmentation,48.4,48.4,19.2,32.5
z_63.0_-24.0,2030,Augmentation,54.3,54.3,18.0,27.7
z_63.0_-36.0,2023,Diminution,73.5,3.1,73.5,23.5
z_63.0_-36.0,2024,Diminution,73.5,3.1,73.5,23.5
z_63.0_-36.0,2025,Diminution,61.1,6.5,61.1,32.4
z_63.0_-36.0,2026,Diminution,73.7,4.5,73.7,21.7
z_63.0_-36.0,2027,Diminution,76.0,3.3,76.0,20.6
z_63.0_-36.0,2028,Diminution,66.9,5.7,66.9,27.5
z_63.0_-36.0,2029,Diminution,75.3,4.0,75.3,20.7
z_63.0_-36.0,2030,Diminution,73.5,3.1,73.5,23.5
z_63.0_-7.5,2023,Diminution,85.4,1.8,85.4,12.8
z_63.0_-7.5,2024,Diminution,65.8,9.6,65.8,24.6
z_63.0_-7.5,2025,Diminution,79.9,3.1,79.9,17.0
z_63.0_-7.5,2026,Diminution,86.0,1.0,86.0,12.9
z_63.0_-7.5,2027,Diminution,80.4,5.4,80.4,14.2
z_63.0_-7.5,2028,Diminution,83.2,1.7,83.2,15.2
z_63.0_-7.5,2029,Diminution,85.4,1.8,85.4,12.8
z_63.0_-7.5,2030,Diminution,85.4,1.8,85.4,12.8
z_63.0_0.0,2023,Diminution,74.7,2.2,74.7,23.0
z_63.0_0.0,2024,Diminution,58.2,9.2,58.2,32.6
z_63.0_0.0,2025,Diminution,74.1,4.7,74.1,21.3
z_63.0_0.0,2026,Diminution,70.3,2.6,70.3,27.1
z_63.0_0.0,2027,Diminution,67.2,8.3,67.2,24.5
z_63.0_0.0,2028,Diminution,74.7,4.4,74.7,20.9
z_63.0_0.0,2029,Diminution,74.7,2.2,74.7,23.0
z_63.0_0.0,2030,Diminution,74.7,2.2,74.7,23.0
z_63.0_18.0,2023,Augmentation,29.8,29.8,31.7,38.5
z_63.0_18.0,2024,Augmentation,34.3,34.3,22.7,43.0
z_63.0_18.0,2025,Augmentation,33.1,33.1,20.1,46.8
z_63.0_18.0,2026,Augmentation,32.6,32.6,24.3,43.1
z_63.0_18.0,2027,Augmentation,34.4,34.4,25.0,40.6
z_63.0_18.0,2028,Augmentation,32.8,32.8,26.5,40.7
z_63.0_18.0,2029,Augmentation,32.5,32.5,25.6,41.8
z_63.0_18.0,2030,Augmentation,32.7,32.7,25.6,41.7
z_63.0_19.5,2023,Augmentation,29.4,29.4,23.5,47.1
z_63.0_19.5,2024,Augmentation,39.0,39.0,19.7,41.3
z_63.0_19.5,2025,Augmentation,36.6,36.6,22.5,40.9
z_63.0_19.5,2026,Augmentation,42.3,42.3,16.6,41.1
z_63.0_19.5,2027,Augmentation,39.8,39.8,17.4,42.8
z_63.0_19.5,2028,Augmentation,43.3,43.3,16.6,40.1
z_63.0_19.5,2029,Augmentation,42.3,42.3,18.3,39.4
z_63.0_19.5,2030,Augmentation,45.1,45.1,17.0,38.0
z_63.0_21.0,2023,Augmentation,45.1,45.1,30.1,24.9
z_63.0_21.0,2024,Augmentation,27.3,27.3,32.3,40.4
z_63.0_21.0,2025,Augmentation,26.9,26.9,32.2,40.9
z_63.0_21.0,2026,Augmentation,28.3,28.3,33.8,37.9
z_63.0_21.0,2027,Augmentation,29.7,29.7,29.1,41.1
z_63.0_21.0,2028,Augmentation,29.6,29.6,30.1,40.3
z_63.0_21.0,2029,Augmentation,29.2,29.2,30.1,40.7
z_63.0_21.0,2030,Augmentation,29.1,29.1,30.1,40.7
z_63.0_22.5,2023,Augmentation,22.7,22.7,26.1,51.2
z_63.0_22.5,2024,Augmentation,23.2,23.2,23.0,53.8
z_63.0_22.5,2025,Augmentation,25.6,25.6,25.2,49.3
z_63.0_22.5,2026,Augmentation,23.5,23.5,23.3,53.1
z_63.0_22.5,2027,Augmentation,25.4,25.4,27.0,47.6
z_63.0_22.5,2028,Augmentation,22.0,22.0,18.3,59.7
z_63.0_22.5,2029,Augmentation,26.2,26.2,21.6,52.2
z_63.0_22.5,2030,Augmentation,25.9,25.9,17.6,56.5
z_63.0_3.0,2023,Diminution,76.5,2.2,76.5,21.2
z_63.0_3.0,2024,Diminution,63.4,7.8,63.4,28.8
z_63.0_3.0,2025,Diminution,75.9,3.8,75.9,20.3
z_63.0_3.0,2026,Diminution,76.7,1.7,76.7,21.6
z_63.0_3.0,2027,Diminution,70.9,5.0,70.9,24.1
z_63.0_3.0,2028,Diminution,77.3,3.5,77.3,19.2
z_63.0_3.0,2029,Diminution,76.5,2.2,76.5,21.2
z_63.0_3.0,2030,Diminution,76.5,2.2,76.5,21.2
z_63.0_4.5,2023,Augmentation,32.0,32.0,28.2,39.9
z_63.0_4.5,2024,Augmentation,39.4,39.4,19.9,40.7
z_63.0_4.5,2025,Augmentation,23.4,23.4,24.6,52.0
z_63.0_4.5,2026,Augmentation,32.3,32.3,18.0,49.7
z_63.0_4.5,2027,Augmentation,32.7,32.7,28.5,38.8
z_63.0_4.5,2028,Augmentation,33.2,33.2,26.0,40.7
z_63.0_4.5,2029,Augmentation,35.1,35.1,24.3,40.6
z_63.0_4.5,2030,Augmentation,35.5,35.5,24.4,40.1
z_63.0_6.0,2023,Augmentation,39.3,39.3,24.6,36.1
z_63.0_6.0,2024,Augmentation,44.0,44.0,23.8,32.3
z_63.0_6.0,2025,Augmentation,41.0,41.0,20.4,38.6
z_63.0_6.0,2026,Augmentation,42.1,42.1,25.7,32.3
z_63.0_6.0,2027,Augmentation,36.1,36.1,29.1,34.8
z_63.0_6.0,2028,Augmentation,35.3,35.3,27.0,37.7
z_63.0_6.0,2029,Augmentation,44.0,44.0,23.8,32.3
z_63.0_6.0,2030,Augmentation,40.8,40.8,25.0,34.2
z_63.0_7.5,2023,Augmentation,30.3,30.3,24.5,45.2
z_63.0_7.5,2024,Augmentation,38.3,38.3,21.9,39.8
z_63.0_7.5,2025,Augmentation,30.2,30.2,21.4,48.4
z_63.0_7.5,2026,Augmentation,35.4,35.4,22.4,42.2
z_63.0_7.5,2027,Augmentation,32.5,32.5,22.8,44.7
z_63.0_7.5,2028,Augmentation,33.7,33.7,23.0,43.4
z_63.0_7.5,2029,Augmentation,33.5,33.5,23.2,43.3
z_63.0_7.5,2030,Augmentation,34.0,34.0,23.0,43.0
z_63.0_9.0,2023,Augmentation,55.0,55.0,11.5,33.5
z_63.0_9.0,2024,Augmentation,46.9,46.9,13.4,39.7
z_63.0_9.0,2025,Augmentation,45.2,45.2,16.8,38.0
z_63.0_9.0,2026,Augmentation,39.5,39.5,13.7,46.8
z_63.0_9.0,2027,Augmentation,51.0,51.0,14.9,34.1
z_63.0_9.0,2028,Augmentation,50.7,50.7,15.3,34.0
z_63.0_9.0,2029,Augmentation,50.6,50.6,16.0,33.4
z_63.0_9.0,2030,Augmentation,50.7,50.7,15.9,33.4
z_64.5_-15.0,2023,Augmentation,46.6,46.6,15.1,38.3
z_64.5_-15.0,2024,Augmentation,43.4,43.4,17.5,39.1
z_64.5_-15.0,2025,Augmentation,36.9,36.9,19.2,43.9
z_64.5_-15.0,2026,Augmentation,39.3,39.3,26.9,33.8
z_64.5_-15.0,2027,Augmentation,34.6,34.6,19.0,46.4
z_64.5_-15.0,2028,Augmentation,34.6,34.6,22.3,43.1
z_64.5_-15.0,2029,Augmentation,42.1,42.1,17.2,40.8
z_64.5_-15.0,2030,Augmentation,41.8,41.8,18.4,39.8
z_64.5_-22.5,2023,Augmentation,33.6,33.6,22.7,43.7
z_64.5_-22.5,2024,Augmentation,29.7,29.7,21.1,49.3
z_64.5_-22.5,2025,Augmentation,26.5,26.5,20.6,52.9
z_64.5_-22.5,2026,Augmentation,28.0,28.0,35.0,37.0
z_64.5_-22.5,2027,Augmentation,31.4,31.4,26.4,42.2
z_64.5_-22.5,2028,Augmentation,33.6,33.6,22.7,43.7
z_64.5_-22.5,2029,Augmentation,31.2,31.2,23.1,45.7
z_64.5_-22.5,2030,Augmentation,31.2,31.2,23.1,45.7
z_64.5_-24.0,2023,Augmentation,59.1,59.1,15.8,25.1
z_64.5_-24.0,2024,Augmentation,59.7,59.7,16.2,24.1
z_64.5_-24.0,2025,Augmentation,47.8,47.8,22.1,30.1
z_64.5_-24.0,2026,Augmentation,37.9,37.9,26.3,35.8
z_64.5_-24.0,2027,Augmentation,46.2,46.2,27.8,26.0
z_64.5_-24.0,2028,Augmentation,44.5,44.5,24.1,31.4
z_64.5_-24.0,2029,Augmentation,51.6,51.6,21.7,26.7
z_64.5_-24.0,2030,Augmentation,59.1,59.1,19.6,21.3
z_64.5_-25.5,2023,Augmentation,50.1,50.1,24.1,25.8
z_64.5_-25.5,2024,Augmentation,50.9,50.9,19.7,29.4
z_64.5_-25.5,2025,Augmentation,52.4,52.4,17.9,29.8
z_64.5_-25.5,2026,Augmentation,46.2,46.2,19.9,33.9
z_64.5_-25.5,2027,Augmentation,50.1,50.1,20.4,29.6
z_64.5_-25.5,2028,Augmentation,45.4,45.4,26.9,27.6
z_64.5_-25.5,2029,Augmentation,48.1,48.1,21.5,30.4
z_64.5_-25.5,2030,Augmentation,53.1,53.1,21.1,25.8
z_64.5_-37.5,2023,Diminution,70.2,4.0,70.2,25.9
z_64.5_-37.5,2024,Diminution,57.6,7.3,57.6,35.1
z_64.5_-37.5,2025,Diminution,68.9,4.9,68.9,26.2
z_64.5_-37.5,2026,Diminution,73.3,4.4,73.3,22.3
z_64.5_-37.5,2027,Diminution,66.4,6.9,66.4,26.7
z_64.5_-37.5,2028,Diminution,71.5,5.0,71.5,23.5
z_64.5_-37.5,2029,Diminution,70.2,4.0,70.2,25.9
z_64.5_-37.5,2030,Diminution,70.2,4.0,70.2,25.9
z_64.5_10.5,2023,Augmentation,39.1,39.1,27.1,33.7
z_64.5_10.5,2024,Augmentation,44.4,44.4,22.6,33.0
z_64.5_10.5,2025,Augmentation,51.6,51.6,14.3,34.1
z_64.5_10.5,2026,Augmentation,59.7,59.7,13.9,26.4
z_64.5_10.5,2027,Augmentation,51.6,51.6,14.7,33.7
z_64.5_10.5,2028,Augmentation,50.5,50.5,14.9,34.6
z_64.5_10.5,2029,Augmentation,51.2,51.2,14.7,34.1
z_64.5_10.5,2030,Augmentation,59.9,59.9,12.4,27.6
z_64.5_12.0,2023,Augmentation,51.4,51.4,15.9,32.7
z_64.5_12.0,2024,Augmentation,52.8,52.8,13.4,33.8
z_64.5_12.0,2025,Augmentation,58.9,58.9,15.1,26.0
z_64.5_12.0,2026,Augmentation,65.8,65.8,13.6,20.6
z_64.5_12.0,2027,Augmentation,68.7,68.7,11.2,20.1
z_64.5_12.0,2028,Augmentation,70.4,70.4,10.0,19.7
z_64.5_12.0,2029,Augmentation,58.9,58.9,13.7,27.4
z_64.5_12.0,2030,Augmentation,61.0,61.0,11.3,27.7
z_64.5_21.0,2023,Augmentation,55.2,55.2,18.0,26.8
z_64.5_21.0,2024,Augmentation,56.0,56.0,19.7,24.3
z_64.5_21.0,2025,Augmentation,61.4,61.4,16.5,22.0
z_64.5_21.0,2026,Augmentation,51.9,51.9,17.2,30.9
z_64.5_21.0,2027,Augmentation,67.2,67.2,15.9,16.9
z_64.5_21.0,2028,Augmentation,73.4,73.4,12.0,14.6
z_64.5_21.0,2029,Augmentation,61.1,61.1,17.5,21.4
z_64.5_21.0,2030,Augmentation,62.8,62.8,14.3,23.0
z_64.5_22.5,2023,Augmentation,37.4,37.4,27.2,35.4
z_64.5_22.5,2024,Augmentation,26.2,26.2,23.4,50.4
z_64.5_22.5,2025,Augmentation,36.0,36.0,33.3,30.7
z_64.5_22.5,2026,Augmentation,27.1,27.1,28.4,44.5
z_64.5_22.5,2027,Augmentation,41.2,41.2,31.8,27.0
z_64.5_22.5,2028,Augmentation,29.0,29.0,37.1,33.9
z_64.5_22.5,2029,Augmentation,26.5,26.5,36.6,36.9
z_64.5_22.5,2030,Augmentation,29.3,29.3,34.8,35.8
z_64.5_24.0,2023,Augmentation,65.7,65.7,11.6,22.8
z_64.5_24.0,2024,Augmentation,55.9,55.9,16.9,27.2
z_64.5_24.0,2025,Augmentation,61.0,61.0,11.7,27.4
z_64.5_24.0,2026,Augmentation,40.6,40.6,19.0,40.4
z_64.5_24.0,2027,Augmentation,60.1,60.1,13.4,26.5
z_64.5_24.0,2028,Augmentation,68.9,68.9,10.6,20.5
z_64.5_24.0,2029,Augmentation,58.4,58.4,11.6,30.0
z_64.5_24.0,2030,Augmentation,63.5,63.5,10.1,26.4
z_64.5_7.5,2023,Diminution,70.5,4.7,70.5,24.8
z_64.5_7.5,2024,Diminution,62.4,5.4,62.4,32.1
z_64.5_7.5,2025,Diminution,47.7,12.1,47.7,40.2
z_64.5_7.5,2026,Diminution,58.5,15.8,58.5,25.8
z_64.5_7.5,2027,Diminution,71.6,6.1,71.6,22.3
z_64.5_7.5,2028,Diminution,61.8,8.7,61.8,29.5
z_64.5_7.5,2029,Diminution,64.9,7.7,64.9,27.4
z_64.5_7.5,2030,Diminution,70.5,4.7,70.5,24.8
z_64.5_9.0,2023,Augmentation,39.1,39.1,27.4,33.6
z_64.5_9.0,2024,Augmentation,43.9,43.9,26.5,29.6
z_64.5_9.0,2025,Augmentation,24.8,24.8,26.0,49.2
z_64.5_9.0,2026,Augmentation,25.8,25.8,32.3,41.9
z_64.5_9.0,2027,Augmentation,29.6,29.6,30.5,39.9
z_64.5_9.0,2028,Augmentation,31.6,31.6,28.8,39.6
z_64.5_9.0,2029,Augmentation,31.5,31.5,28.8,39.7
z_64.5_9.0,2030,Augmentation,31.5,31.5,28.8,39.7
z_66.0_-13.5,2023,Diminution,73.5,7.8,73.5,18.6
z_66.0_-13.5,2024,Diminution,51.1,22.9,51.1,26.0
z_66.0_-13.5,2025,Diminution,67.9,9.8,67.9,22.4
z_66.0_-13.5,2026,Diminution,77.6,5.5,77.6,16.9
z_66.0_-13.5,2027,Diminution,68.5,4.9,68.5,26.7
z_66.0_-13.5,2028,Diminution,70.7,7.7,70.7,21.5
z_66.0_-13.5,2029,Diminution,75.1,4.4,75.1,20.5
z_66.0_-13.5,2030,Diminution,75.1,4.4,75.1,20.5
z_66.0_-18.0,2023,Augmentation,40.0,40.0,22.6,37.4
z_66.0_-18.0,2024,Augmentation,40.2,40.2,19.0,40.8
z_66.0_-18.0,2025,Augmentation,45.3,45.3,17.3,37.4
z_66.0_-18.0,2026,Augmentation,39.7,39.7,26.6,33.7
z_66.0_-18.0,2027,Augmentation,35.3,35.3,23.4,41.3
z_66.0_-18.0,2028,Augmentation,35.8,35.8,26.6,37.5
z_66.0_-18.0,2029,Augmentation,39.2,39.2,23.3,37.5
z_66.0_-18.0,2030,Augmentation,38.2,38.2,22.6,39.1
z_66.0_-21.0,2023,Augmentation,43.5,43.5,15.2,41.2
z_66.0_-21.0,2024,Augmentation,38.2,38.2,19.6,42.1
z_66.0_-21.0,2025,Augmentation,44.7,44.7,23.8,31.5
z_66.0_-21.0,2026,Augmentation,46.7,46.7,17.6,35.7
z_66.0_-21.0,2027,Augmentation,48.7,48.7,23.1,28.2
z_66.0_-21.0,2028,Augmentation,47.8,47.8,22.0,30.2
z_66.0_-21.0,2029,Augmentation,51.8,51.8,17.0,31.2
z_66.0_-21.0,2030,Augmentation,50.6,50.6,18.1,31.3
z_66.0_-24.0,2023,Augmentation,42.1,42.1,19.6,38.3
z_66.0_-24.0,2024,Augmentation,47.4,47.4,17.7,34.9
z_66.0_-24.0,2025,Augmentation,39.3,39.3,16.5,44.2
z_66.0_-24.0,2026,Augmentation,47.0,47.0,17.9,35.1
z_66.0_-24.0,2027,Augmentation,46.4,46.4,17.9,35.7
z_66.0_-24.0,2028,Augmentation,39.3,39.3,16.3,44.4
z_66.0_-24.0,2029,Augmentation,47.9,47.9,15.7,36.4
z_66.0_-24.0,2030,Augmentation,47.6,47.6,15.2,37.2
z_66.0_-3.0,2023,Diminution,76.3,1.8,76.3,21.9
z_66.0_-3.0,2024,Diminution,64.2,7.5,64.2,28.3
z_66.0_-3.0,2025,Diminution,75.6,3.6,75.6,20.7
z_66.0_-3.0,2026,Diminution,77.1,1.2,77.1,21.7
z_66.0_-3.0,2027,Diminution,70.5,4.7,70.5,24.8
z_66.0_-3.0,2028,Diminution,77.4,3.1,77.4,19.5
z_66.0_-3.0,2029,Diminution,76.3,1.8,76.3,21.9
z_66.0_-3.0,2030,Diminution,76.3,1.8,76.3,21.9
z_66.0_10.5,2023,Augmentation,24.2,24.2,24.5,51.3
z_66.0_10.5,2024,Augmentation,25.0,25.0,29.4,45.7
z_66.0_10.5,2025,Augmentation,30.5,30.5,30.8,38.8
z_66.0_10.5,2026,Augmentation,30.1,30.1,23.9,46.0
z_66.0_10.5,2027,Augmentation,25.4,25.4,28.9,45.7
z_66.0_10.5,2028,Augmentation,22.1,22.1,30.7,47.2
z_66.0_10.5,2029,Augmentation,27.1,27.1,28.6,44.3
z_66.0_10.5,2030,Augmentation,31.3,31.3,26.6,42.1
z_66.0_12.0,2023,Augmentation,30.4,30.4,20.6,48.9
z_66.0_12.0,2024,Augmentation,36.1,36.1,16.4,47.5
z_66.0_12.0,2025,Augmentation,34.0,34.0,18.7,47.4
z_66.0_12.0,2026,Augmentation,30.9,30.9,19.1,50.0
z_66.0_12.0,2027,Augmentation,30.9,30.9,18.8,50.3
z_66.0_12.0,2028,Augmentation,30.6,30.6,17.3,52.2
z_66.0_12.0,2029,Augmentation,29.4,29.4,19.7,50.9
z_66.0_12.0,2030,Augmentation,29.0,29.0,20.3,50.7
z_66.0_13.5,2023,Augmentation,65.2,65.2,17.2,17.5
z_66.0_13.5,2024,Augmentation,67.6,67.6,18.0,14.4
z_66.0_13.5,2025,Augmentation,65.9,65.9,17.5,16.6
z_66.0_13.5,2026,Augmentation,62.8,62.8,19.3,17.9
z_66.0_13.5,2027,Augmentation,66.3,66.3,16.0,17.7
z_66.0_13.5,2028,Augmentation,65.7,65.7,16.6,17.7
z_66.0_13.5,2029,Augmentation,67.8,67.8,16.5,15.7
z_66.0_13.5,2030,Augmentation,71.1,71.1,14.9,14.0
z_66.0_15.0,2023,Diminution,29.3,13.5,29.3,57.2
z_66.0_15.0,2024,Diminution,44.2,12.7,44.2,43.1
z_66.0_15.0,2025,Augmentation,16.9,16.9,31.5,51.5
z_66.0_15.0,2026,Diminution,33.3,12.6,33.3,54.1
z_66.0_15.0,2027,Diminution,44.2,12.7,44.2,43.1
z_66.0_15.0,2028,Diminution,32.4,15.0,32.4,52.7
z_66.0_15.0,2029,Diminution,36.3,12.7,36.3,50.9
z_66.0_15.0,2030,Diminution,33.5,12.8,33.5,53.7
z_66.0_6.0,2023,Diminution,69.7,3.5,69.7,26.8
z_66.0_6.0,2024,Diminution,56.2,4.9,56.2,38.9
z_66.0_6.0,2025,Diminution,58.3,8.6,58.3,33.1
z_66.0_6.0,2026,Diminution,60.8,7.9,60.8,31.3
z_66.0_6.0,2027,Diminution,69.7,3.5,69.7,26.8
z_66.0_6.0,2028,Diminution,56.2,4.9,56.2,38.9
z_66.0_6.0,2029,Diminution,61.5,5.2,61.5,33.4
z_66.0_6.0,2030,Diminution,66.3,3.7,66.3,29.9
z_66.0_7.5,2023,Diminution,79.4,1.3,79.4,19.3
z_66.0_7.5,2024,Diminution,75.0,4.9,75.0,20.1
z_66.0_7.5,2025,Diminution,78.7,2.4,78.7,18.9
z_66.0_7.5,2026,Diminution,67.6,7.4,67.6,25.1
z_66.0_7.5,2027,Diminution,77.3,4.0,77.3,18.8
z_66.0_7.5,2028,Diminution,79.4,1.3,79.4,19.3
z_66.0_7.5,2029,Diminution,75.0,4.9,75.0,20.1
z_66.0_7.5,2030,Diminution,78.7,2.4,78.7,18.9
z_66.0_9.0,2023,Augmentation,33.1,33.1,29.0,37.9
z_66.0_9.0,2024,Augmentation,44.9,44.9,22.2,32.9
z_66.0_9.0,2025,Augmentation,36.6,36.6,28.4,35.0
z_66.0_9.0,2026,Augmentation,28.7,28.7,33.9,37.4
z_66.0_9.0,2027,Augmentation,31.1,31.1,30.4,38.6
z_66.0_9.0,2028,Augmentation,37.4,37.4,26.6,36.0
z_66.0_9.0,2029,Augmentation,35.2,35.2,29.7,35.1
z_66.0_9.0,2030,Augmentation,35.2,35.2,29.7,35.1
z_67.5_10.5,2023,Augmentation,20.2,20.2,19.5,60.3
z_67.5_10.5,2024,Augmentation,28.2,28.2,24.1,47.7
z_67.5_10.5,2025,Augmentation,32.1,32.1,26.2,41.6
z_67.5_10.5,2026,Augmentation,35.2,35.2,24.7,40.1
z_67.5_10.5,2027,Augmentation,33.6,33.6,26.2,40.2
z_67.5_10.5,2028,Augmentation,33.2,33.2,25.4,41.4
z_67.5_10.5,2029,Augmentation,35.1,35.1,24.8,40.1
z_67.5_10.5,2030,Augmentation,34.7,34.7,23.7,41.5
z_67.5_12.0,2023,Augmentation,46.9,46.9,21.4,31.7
z_67.5_12.0,2024,Augmentation,47.4,47.4,19.4,33.3
z_67.5_12.0,2025,Augmentation,38.4,38.4,27.7,33.9
z_67.5_12.0,2026,Augmentation,37.9,37.9,23.7,38.3
z_67.5_12.0,2027,Augmentation,40.3,40.3,21.1,38.6
z_67.5_12.0,2028,Augmentation,45.3,45.3,18.5,36.3
z_67.5_12.0,2029,Augmentation,37.9,37.9,19.9,42.2
z_67.5_12.0,2030,Augmentation,37.9,37.9,19.9,42.2
z_67.5_13.5,2023,Augmentation,34.3,34.3,29.1,36.6
z_67.5_13.5,2024,Augmentation,60.5,60.5,17.2,22.3
z_67.5_13.5,2025,Augmentation,56.6,56.6,21.9,21.6
z_67.5_13.5,2026,Augmentation,50.7,50.7,21.2,28.1
z_67.5_13.5,2027,Augmentation,57.4,57.4,19.3,23.3
z_67.5_13.5,2028,Augmentation,49.3,49.3,23.5,27.3
z_67.5_13.5,2029,Augmentation,58.8,58.8,16.6,24.6
z_67.5_13.5,2030,Augmentation,73.6,73.6,14.9,11.5
z_67.5_15.0,2023,Augmentation,39.5,39.5,24.7,35.8
z_67.5_15.0,2024,Augmentation,43.6,43.6,21.7,34.6
z_67.5_15.0,2025,Augmentation,38.0,38.0,21.1,40.8
z_67.5_15.0,2026,Augmentation,44.3,44.3,20.3,35.4
z_67.5_15.0,2027,Augmentation,52.4,52.4,18.3,29.3
z_67.5_15.0,2028,Augmentation,50.4,50.4,17.1,32.5
z_67.5_15.0,2029,Augmentation,56.6,56.6,15.4,28.0
z_67.5_15.0,2030,Augmentation,54.8,54.8,16.9,28.3
z_67.5_16.5,2023,Augmentation,37.1,37.1,21.1,41.8
z_67.5_16.5,2024,Augmentation,34.6,34.6,21.7,43.7
z_67.5_16.5,2025,Augmentation,42.5,42.5,20.5,37.1
z_67.5_16.5,2026,Augmentation,50.3,50.3,17.0,32.7
z_67.5_16.5,2027,Augmentation,46.6,46.6,16.8,36.6
z_67.5_16.5,2028,Augmentation,47.3,47.3,17.1,35.7
z_67.5_16.5,2029,Augmentation,47.8,47.8,17.1,35.1
z_67.5_16.5,2030,Augmentation,47.8,47.8,17.1,35.1
z_67.5_9.0,2023,Diminution,78.4,1.7,78.4,19.9
z_67.5_9.0,2024,Diminution,62.7,8.1,62.7,29.1
z_67.5_9.0,2025,Diminution,78.0,3.9,78.0,18.1
z_67.5_9.0,2026,Diminution,73.9,1.4,73.9,24.7
z_67.5_9.0,2027,Diminution,71.7,7.6,71.7,20.7
z_67.5_9.0,2028,Diminution,79.2,3.7,79.2,17.1
z_67.5_9.0,2029,Diminution,78.4,1.7,78.4,19.9
z_67.5_9.0,2030,Diminution,78.4,1.7,78.4,19.9
z_69.0_13.5,2023,Diminution,64.2,7.5,64.2,28.3
z_69.0_13.5,2024,Diminution,64.2,7.5,64.2,28.3
z_69.0_13.5,2025,Diminution,56.8,8.0,56.8,35.2
z_69.0_13.5,2026,Diminution,57.3,9.9,57.3,32.8
z_69.0_13.5,2027,Diminution,70.8,7.6,70.8,21.6
z_69.0_13.5,2028,Diminution,62.4,8.9,62.4,28.8
z_69.0_13.5,2029,Diminution,58.9,9.9,58.9,31.2
z_69.0_13.5,2030,Diminution,64.2,7.5,64.2,28.3
z_69.0_15.0,2023,Augmentation,40.4,40.4,35.1,24.6
z_69.0_15.0,2024,Augmentation,48.0,48.0,24.3,27.7
z_69.0_15.0,2025,Augmentation,36.8,36.8,17.8,45.4
z_69.0_15.0,2026,Augmentation,35.4,35.4,20.0,44.6
z_69.0_15.0,2027,Augmentation,43.0,43.0,19.2,37.7
z_69.0_15.0,2028,Augmentation,37.4,37.4,20.8,41.9
z_69.0_15.0,2029,Augmentation,39.9,39.9,20.2,39.9
z_69.0_15.0,2030,Augmentation,40.6,40.6,20.5,38.9
z_69.0_16.5,2023,Augmentation,45.6,45.6,19.4,34.9
z_69.0_16.5,2024,Augmentation,53.6,53.6,16.8,29.6
z_69.0_16.5,2025,Augmentation,63.4,63.4,13.3,23.3
z_69.0_16.5,2026,Augmentation,72.0,72.0,12.7,15.3
z_69.0_16.5,2027,Augmentation,71.5,71.5,11.0,17.5
z_69.0_16.5,2028,Augmentation,57.5,57.5,13.8,28.7
z_69.0_16.5,2029,Augmentation,57.7,57.7,15.1,27.2
z_69.0_16.5,2030,Augmentation,64.3,64.3,12.5,23.2
z_69.0_18.0,2023,Augmentation,52.6,52.6,17.7,29.7
z_69.0_18.0,2024,Augmentation,55.6,55.6,15.3,29.0
z_69.0_18.0,2025,Augmentation,60.5,60.5,13.7,25.8
z_69.0_18.0,2026,Augmentation,54.5,54.5,16.2,29.3
z_69.0_18.0,2027,Augmentation,55.6,55.6,13.1,31.4
z_69.0_18.0,2028,Augmentation,40.8,40.8,17.8,41.4
z_69.0_18.0,2029,Augmentation,65.0,65.0,12.3,22.7
z_69.0_18.0,2030,Augmentation,70.3,70.3,11.3,18.5
z_69.0_19.5,2023,Augmentation,55.4,55.4,14.6,30.1
z_69.0_19.5,2024,Augmentation,49.4,49.4,19.3,31.2
z_69.0_19.5,2025,Augmentation,54.1,54.1,15.8,30.2
z_69.0_19.5,2026,Augmentation,44.4,44.4,20.4,35.2
z_69.0_19.5,2027,Augmentation,50.5,50.5,20.3,29.2
z_69.0_19.5,2028,Augmentation,43.3,43.3,21.1,35.6
z_69.0_19.5,2029,Augmentation,43.5,43.5,21.0,35.4
z_69.0_19.5,2030,Augmentation,43.5,43.5,20.9,35.6
z_69.0_21.0,2023,Augmentation,42.1,42.1,21.4,36.5
z_69.0_21.0,2024,Augmentation,43.7,43.7,20.8,35.5
z_69.0_21.0,2025,Augmentation,43.4,43.4,22.0,34.6
z_69.0_21.0,2026,Augmentation,39.0,39.0,24.2,36.7
z_69.0_21.0,2027,Augmentation,35.9,35.9,21.6,42.5
z_69.0_21.0,2028,Augmentation,42.5,42.5,19.4,38.1
z_69.0_21.0,2029,Augmentation,41.1,41.1,19.0,39.9
z_69.0_21.0,2030,Augmentation,39.4,39.4,18.3,42.3
z_69.0_22.5,2023,Augmentation,45.6,45.6,16.5,37.9
z_69.0_22.5,2024,Augmentation,45.9,45.9,20.2,33.9
z_69.0_22.5,2025,Augmentation,47.6,47.6,18.8,33.6
z_69.0_22.5,2026,Augmentation,50.1,50.1,17.4,32.5
z_69.0_22.5,2027,Augmentation,44.3,44.3,18.8,36.9
z_69.0_22.5,2028,Augmentation,45.6,45.6,18.9,35.5
z_69.0_22.5,2029,Augmentation,42.8,42.8,19.5,37.7
z_69.0_22.5,2030,Augmentation,48.3,48.3,20.0,31.7
z_69.0_30.0,2023,Augmentation,21.4,21.4,19.8,58.7
z_69.0_30.0,2024,Augmentation,26.6,26.6,24.9,48.5
z_69.0_30.0,2025,Augmentation,31.1,31.1,28.3,40.6
z_69.0_30.0,2026,Augmentation,21.6,21.6,25.6,52.9
z_69.0_30.0,2027,Augmentation,28.7,28.7,24.1,47.2
z_69.0_30.0,2028,Augmentation,24.9,24.9,20.1,55.0
z_69.0_30.0,2029,Augmentation,26.5,26.5,24.9,48.6
z_69.0_30.0,2030,Augmentation,29.7,29.7,25.8,44.5
z_70.5_13.5,2023,Diminution,80.7,2.0,80.7,17.3
z_70.5_13.5,2024,Diminution,80.7,2.0,80.7,17.3
z_70.5_13.5,2025,Diminution,80.7,2.0,80.7,17.3
z_70.5_13.5,2026,Diminution,65.2,9.1,65.2,25.8
z_70.5_13.5,2027,Diminution,79.1,3.3,79.1,17.6
z_70.5_13.5,2028,Diminution,80.5,1.1,80.5,18.3
z_70.5_13.5,2029,Diminution,75.0,5.2,75.0,19.7
z_70.5_13.5,2030,Diminution,80.5,2.6,80.5,16.9
z_70.5_16.5,2023,Diminution,36.6,13.4,36.6,50.0
z_70.5_16.5,2024,Augmentation,14.7,14.7,27.7,57.7
z_70.5_16.5,2025,Augmentation,21.2,21.2,25.2,53.7
z_70.5_16.5,2026,Augmentation,24.3,24.3,39.2,36.5
z_70.5_16.5,2027,Diminution,45.2,15.0,45.2,39.8
z_70.5_16.5,2028,Augmentation,22.5,22.5,41.1,36.4
z_70.5_16.5,2029,Diminution,40.1,15.1,40.1,44.8
z_70.5_16.5,2030,Diminution,35.1,14.8,35.1,50.0
z_70.5_18.0,2023,Diminution,80.4,1.7,80.4,17.9
z_70.5_18.0,2024,Diminution,68.3,7.2,68.3,24.6
z_70.5_18.0,2025,Diminution,78.4,4.0,78.4,17.6
z_70.5_18.0,2026,Diminution,56.5,11.0,56.5,32.4
z_70.5_18.0,2027,Diminution,74.2,6.0,74.2,19.8
z_70.5_18.0,2028,Diminution,76.0,3.0,76.0,21.0
z_70.5_18.0,2029,Diminution,75.8,4.7,75.8,19.5
z_70.5_18.0,2030,Diminution,79.4,2.1,79.4,18.5
z_70.5_19.5,2023,Diminution,69.7,4.3,69.7,26.0
z_70.5_19.5,2024,Diminution,70.1,3.0,70.1,26.8
z_70.5_19.5,2025,Diminution,51.2,6.9,51.2,41.8
z_70.5_19.5,2026,Diminution,45.1,11.3,45.1,43.6
z_70.5_19.5,2027,Diminution,56.3,13.4,56.3,30.4
z_70.5_19.5,2028,Diminution,69.7,6.6,69.7,23.7
z_70.5_19.5,2029,Diminution,67.6,6.7,67.6,25.7
z_70.5_19.5,2030,Diminution,69.7,4.3,69.7,26.0
z_70.5_21.0,2023,Augmentation,30.1,30.1,33.6,36.2
z_70.5_21.0,2024,Augmentation,25.0,25.0,25.9,49.2
z_70.5_21.0,2025,Augmentation,20.0,20.0,27.9,52.1
z_70.5_21.0,2026,Augmentation,28.7,28.7,37.3,34.1
z_70.5_21.0,2027,Augmentation,26.9,26.9,42.5,30.6
z_70.5_21.0,2028,Augmentation,32.4,32.4,33.4,34.1
z_70.5_21.0,2029,Augmentation,30.1,30.1,33.6,36.2
z_70.5_21.0,2030,Augmentation,29.3,29.3,33.7,37.1
z_70.5_22.5,2023,Augmentation,38.4,38.4,20.9,40.7
z_70.5_22.5,2024,Augmentation,38.6,38.6,21.6,39.8
z_70.5_22.5,2025,Augmentation,41.8,41.8,25.3,32.9
z_70.5_22.5,2026,Augmentation,43.9,43.9,18.6,37.6
z_70.5_22.5,2027,Augmentation,41.7,41.7,19.7,38.6
z_70.5_22.5,2028,Augmentation,46.9,46.9,15.9,37.2
z_70.5_22.5,2029,Augmentation,44.8,44.8,16.8,38.4
z_70.5_22.5,2030,Augmentation,45.6,45.6,16.9,37.5
z_70.5_24.0,2023,Augmentation,40.9,40.9,31.1,28.0
z_70.5_24.0,2024,Augmentation,61.4,61.4,18.5,20.1
z_70.5_24.0,2025,Augmentation,48.0,48.0,21.4,30.5
z_70.5_24.0,2026,Augmentation,49.8,49.8,23.2,27.0
z_70.5_24.0,2027,Augmentation,39.9,39.9,25.0,35.1
z_70.5_24.0,2028,Augmentation,42.0,42.0,25.9,32.1
z_70.5_24.0,2029,Augmentation,39.2,39.2,25.0,35.7
z_70.5_24.0,2030,Augmentation,39.3,39.3,25.0,35.7
z_70.5_25.5,2023,Augmentation,33.9,33.9,26.2,39.9
z_70.5_25.5,2024,Augmentation,37.7,37.7,30.0,32.3
z_70.5_25.5,2025,Augmentation,31.7,31.7,30.0,38.3
z_70.5_25.5,2026,Augmentation,41.9,41.9,27.8,30.3
z_70.5_25.5,2027,Augmentation,34.1,34.1,27.3,38.6
z_70.5_25.5,2028,Augmentation,37.0,37.0,30.7,32.3
z_70.5_25.5,2029,Augmentation,31.7,31.7,30.1,38.3
z_70.5_25.5,2030,Augmentation,39.3,39.3,27.0,33.7
z_70.5_27.0,2023,Augmentation,37.1,37.1,31.5,31.4
z_70.5_27.0,2024,Augmentation,29.2,29.2,38.1,32.7
z_70.5_27.0,2025,Augmentation,38.0,38.0,32.1,29.8
z_70.5_27.0,2026,Augmentation,33.2,33.2,28.8,38.1
z_70.5_27.0,2027,Augmentation,29.9,29.9,28.7,41.4
z_70.5_27.0,2028,Augmentation,32.5,32.5,26.6,40.9
z_70.5_27.0,2029,Augmentation,32.4,32.4,25.0,42.7
z_70.5_27.0,2030,Augmentation,32.4,32.4,25.0,42.7
z_70.5_28.5,2023,Augmentation,38.4,38.4,29.1,32.5
z_70.5_28.5,2024,Augmentation,39.3,39.3,22.7,38.1
z_70.5_28.5,2025,Augmentation,26.6,26.6,23.7,49.7
z_70.5_28.5,2026,Augmentation,30.4,30.4,31.2,38.3
z_70.5_28.5,2027,Augmentation,33.9,33.9,34.0,32.1
z_70.5_28.5,2028,Augmentation,41.9,41.9,27.2,30.9
z_70.5_28.5,2029,Augmentation,41.1,41.1,22.3,36.5
z_70.5_28.5,2030,Augmentation,40.1,40.1,23.4,36.5
z_70.5_30.0,2023,Augmentation,41.9,41.9,21.3,36.8
z_70.5_30.0,2024,Augmentation,44.4,44.4,20.5,35.1
z_70.5_30.0,2025,Augmentation,44.6,44.6,21.8,33.5
z_70.5_30.0,2026,Augmentation,45.7,45.7,20.6,33.7
z_70.5_30.0,2027,Augmentation,38.9,38.9,24.3,36.8
z_70.5_30.0,2028,Augmentation,41.2,41.2,19.4,39.5
z_70.5_30.0,2029,Augmentation,44.3,44.3,18.7,37.0
z_70.5_30.0,2030,Augmentation,47.6,47.6,14.5,37.9
z_70.5_33.0,2023,Diminution,70.0,5.5,70.0,24.5
z_70.5_33.0,2024,Diminution,74.8,4.1,74.8,21.1
z_70.5_33.0,2025,Diminution,70.6,4.2,70.6,25.2
z_70.5_33.0,2026,Diminution,55.0,6.6,55.0,38.4
z_70.5_33.0,2027,Diminution,70.0,5.5,70.0,24.5
z_70.5_33.0,2028,Diminution,74.8,4.1,74.8,21.1
z_70.5_33.0,2029,Diminution,70.6,4.2,70.6,25.2
z_70.5_33.0,2030,Diminution,71.5,4.6,71.5,23.9
z_72.0_13.5,2023,Diminution,77.9,2.6,77.9,19.5
z_72.0_13.5,2024,Diminution,63.3,7.5,63.3,29.2
z_72.0_13.5,2025,Diminution,50.7,11.2,50.7,38.0
z_72.0_13.5,2026,Diminution,62.7,10.9,62.7,26.4
z_72.0_13.5,2027,Diminution,71.3,4.9,71.3,23.8
z_72.0_13.5,2028,Diminution,72.4,4.9,72.4,22.7
z_72.0_13.5,2029,Diminution,79.6,3.3,79.6,17.1
z_72.0_13.5,2030,Diminution,77.9,2.6,77.9,19.5
z_72.0_15.0,2023,Diminution,58.5,3.3,58.5,38.2
z_72.0_15.0,2024,Diminution,45.8,4.9,45.8,49.3
z_72.0_15.0,2025,Diminution,38.6,12.1,38.6,49.2
z_72.0_15.0,2026,Diminution,52.4,16.8,52.4,30.7
z_72.0_15.0,2027,Diminution,60.1,5.1,60.1,34.8
z_72.0_15.0,2028,Diminution,56.5,9.0,56.5,34.5
z_72.0_15.0,2029,Diminution,59.6,5.1,59.6,35.3
z_72.0_15.0,2030,Diminution,58.5,3.3,58.5,38.2
z_72.0_19.5,2023,Diminution,48.7,14.6,48.7,36.6
z_72.0_19.5,2024,Augmentation,23.0,23.0,42.5,34.6
z_72.0_19.5,2025,Diminution,56.9,16.4,56.9,26.7
z_72.0_19.5,2026,Diminution,61.1,6.7,61.1,32.1
z_72.0_19.5,2027,Diminution,54.0,8.6,54.0,37.5
z_72.0_19.5,2028,Diminution,54.7,8.6,54.7,36.6
z_72.0_19.5,2029,Diminution,56.8,8.2,56.8,34.9
z_72.0_19.5,2030,Diminution,56.8,8.2,56.8,34.9
z_72.0_24.0,2023,Diminution,77.1,2.5,77.1,20.5
z_72.0_24.0,2024,Diminution,62.4,5.3,62.4,32.3
z_72.0_24.0,2025,Diminution,75.0,6.1,75.0,18.9
z_72.0_24.0,2026,Diminution,76.4,2.7,76.4,20.8
z_72.0_24.0,2027,Diminution,73.1,3.9,73.1,23.0
z_72.0_24.0,2028,Diminution,76.8,3.2,76.8,20.0
z_72.0_24.0,2029,Diminution,77.1,2.5,77.1,20.5
z_72.0_24.0,2030,Diminution,77.1,2.5,77.1,20.5
z_72.0_25.5,2023,Diminution,75.2,2.2,75.2,22.7
z_72.0_25.5,2024,Diminution,63.0,5.5,63.0,31.5
z_72.0_25.5,2025,Diminution,47.6,9.9,47.6,42.4
z_72.0_25.5,2026,Diminution,59.6,11.8,59.6,28.6
z_72.0_25.5,2027,Diminution,71.1,4.2,71.1,24.7
z_72.0_25.5,2028,Diminution,69.4,4.3,69.4,26.3
z_72.0_25.5,2029,Diminution,75.3,3.1,75.3,21.6
z_72.0_25.5,2030,Diminution,75.2,2.2,75.2,22.7
z_72.0_28.5,2023,Diminution,71.6,5.5,71.6,22.8
z_72.0_28.5,2024,Diminution,71.6,5.5,71.6,22.8
z_72.0_28.5,2025,Diminution,71.6,5.5,71.6,22.8
z_72.0_28.5,2026,Diminution,63.2,5.5,63.2,31.2
z_72.0_28.5,2027,Diminution,64.4,8.0,64.4,27.6
z_72.0_28.5,2028,Diminution,76.6,6.4,76.6,17.0
z_72.0_28.5,2029,Diminution,68.9,7.0,68.9,24.1
z_72.0_28.5,2030,Diminution,65.0,8.4,65.0,26.6
z_73.5_18.0,2023,Augmentation,22.0,22.0,25.0,53.1
z_73.5_18.0,2024,Augmentation,18.8,18.8,21.2,60.0
z_73.5_18.0,2025,Augmentation,29.0,29.0,34.7,36.3
z_73.5_18.0,2026,Augmentation,30.2,30.2,26.9,43.0
z_73.5_18.0,2027,Augmentation,30.1,30.1,28.8,41.1
z_73.5_18.0,2028,Augmentation,28.1,28.1,25.2,46.6
z_73.5_18.0,2029,Augmentation,30.8,30.8,27.9,41.3
z_73.5_18.0,2030,Augmentation,32.6,32.6,26.3,41.0
z_73.5_21.0,2023,Augmentation,45.3,45.3,30.5,24.3
z_73.5_21.0,2024,Augmentation,37.2,37.2,31.1,31.7
z_73.5_21.0,2025,Augmentation,37.2,37.2,35.8,27.0
z_73.5_21.0,2026,Augmentation,35.9,35.9,40.2,23.9
z_73.5_21.0,2027,Augmentation,36.1,36.1,37.5,26.4
z_73.5_21.0,2028,Augmentation,45.3,45.3,30.5,24.3
z_73.5_21.0,2029,Augmentation,40.3,40.3,34.1,25.6
z_73.5_21.0,2030,Augmentation,40.3,40.3,34.1,25.6
z_73.5_25.5,2023,Diminution,72.2,2.0,72.2,25.8
z_73.5_25.5,2024,Diminution,62.3,5.9,62.3,31.8
z_73.5_25.5,2025,Diminution,72.5,4.3,72.5,23.1
z_73.5_25.5,2026,Diminution,74.0,1.9,74.0,24.2
z_73.5_25.5,2027,Diminution,68.1,4.6,68.1,27.3
z_73.5_25.5,2028,Diminution,73.9,3.6,73.9,22.5
z_73.5_25.5,2029,Diminution,72.2,2.0,72.2,25.8
z_73.5_25.5,2030,Diminution,72.2,2.0,72.2,25.8
z_73.5_33.0,2023,Diminution,62.2,4.9,62.2,32.9
z_73.5_33.0,2024,Diminution,62.2,4.9,62.2,32.9
z_73.5_33.0,2025,Diminution,50.4,4.9,50.4,44.7
z_73.5_33.0,2026,Diminution,36.3,10.4,36.3,53.2
z_73.5_33.0,2027,Diminution,50.1,18.0,50.1,31.9
z_73.5_33.0,2028,Diminution,62.2,6.5,62.2,31.3
z_73.5_33.0,2029,Diminution,51.4,7.1,51.4,41.6
z_73.5_33.0,2030,Diminution,55.3,6.7,55.3,38.0
z_73.5_34.5,2023,Diminution,38.4,13.3,38.4,48.3
z_73.5_34.5,2024,Diminution,48.8,8.5,48.8,42.6
z_73.5_34.5,2025,Augmentation,20.9,20.9,35.3,43.8
z_73.5_34.5,2026,Diminution,48.8,8.5,48.8,42.6
z_73.5_34.5,2027,Diminution,55.3,11.2,55.3,33.5
z_73.5_34.5,2028,Diminution,51.8,6.5,51.8,41.7
z_73.5_34.5,2029,Diminution,52.7,6.8,52.7,40.5
z_73.5_34.5,2030,Diminution,56.4,6.0,56.4,37.7
z_75.0_18.0,2023,Diminution,64.9,4.7,64.9,30.5
z_75.0_18.0,2024,Diminution,52.4,5.0,52.4,42.6
z_75.0_18.0,2025,Diminution,58.1,8.6,58.1,33.3
z_75.0_18.0,2026,Diminution,69.0,5.8,69.0,25.2
z_75.0_18.0,2027,Diminution,57.6,5.3,57.6,37.1
z_75.0_18.0,2028,Diminution,60.3,6.3,60.3,33.5
z_75.0_18.0,2029,Diminution,64.9,4.7,64.9,30.5
z_75.0_18.0,2030,Diminution,64.9,4.7,64.9,30.5
z_75.0_30.0,2023,Diminution,63.8,3.2,63.8,33.0
z_75.0_30.0,2024,Diminution,63.8,3.2,63.8,33.0
z_75.0_30.0,2025,Diminution,46.9,4.5,46.9,48.6
z_75.0_30.0,2026,Diminution,59.2,4.7,59.2,36.0
z_75.0_30.0,2027,Diminution,66.9,4.3,66.9,28.7
z_75.0_30.0,2028,Diminution,62.3,4.8,62.3,32.9
z_75.0_30.0,2029,Diminution,64.8,3.9,64.8,31.3
z_75.0_30.0,2030,Diminution,63.8,3.2,63.8,33.0
z_75.0_31.5,2023,Diminution,59.2,6.6,59.2,34.2
z_75.0_31.5,2024,Diminution,53.1,5.6,53.1,41.3
z_75.0_31.5,2025,Diminution,36.2,11.6,36.2,52.3
z_75.0_31.5,2026,Diminution,49.9,18.0,49.9,32.1
z_75.0_31.5,2027,Diminution,62.3,6.3,62.3,31.4
z_75.0_31.5,2028,Diminution,52.0,7.3,52.0,40.7
z_75.0_31.5,2029,Diminution,59.2,6.6,59.2,34.2
z_75.0_31.5,2030,Diminution,65.0,5.1,65.0,29.9
z_75.0_33.0,2023,Diminution,77.6,2.7,77.6,19.7
z_75.0_33.0,2024,Diminution,58.2,8.9,58.2,32.9
z_75.0_33.0,2025,Diminution,45.2,13.1,45.2,41.7
z_75.0_33.0,2026,Diminution,57.8,15.4,57.8,26.7
z_75.0_33.0,2027,Diminution,67.6,7.8,67.6,24.6
z_75.0_33.0,2028,Diminution,67.8,11.7,67.8,20.5
z_75.0_33.0,2029,Diminution,77.0,5.3,77.0,17.7
z_75.0_33.0,2030,Diminution,77.6,2.7,77.6,19.7
z_75.0_34.5,2023,Diminution,43.8,15.4,43.8,40.8
z_75.0_34.5,2024,Diminution,54.4,12.8,54.4,32.8
z_75.0_34.5,2025,Diminution,41.0,20.2,41.0,38.7
z_75.0_34.5,2026,Diminution,46.6,16.4,46.6,37.0
z_75.0_34.5,2027,Diminution,53.0,11.5,53.0,35.6
z_75.0_34.5,2028,Diminution,46.6,19.6,46.6,33.8
z_75.0_34.5,2029,Diminution,46.1,16.5,46.1,37.4
z_75.0_34.5,2030,Diminution,46.4,14.0,46.4,39.6
z_75.0_36.0,2023,Augmentation,20.1,20.1,35.4,44.4
z_75.0_36.0,2024,Diminution,40.8,17.9,40.8,41.3
z_75.0_36.0,2025,Diminution,44.0,20.2,44.0,35.8
z_75.0_36.0,2026,Diminution,50.8,16.1,50.8,33.1
z_75.0_36.0,2027,Augmentation,20.1,20.1,35.4,44.4
z_75.0_36.0,2028,Diminution,45.6,16.3,45.6,38.1
z_75.0_36.0,2029,Diminution,42.6,18.2,42.6,39.2
z_75.0_36.0,2030,Diminution,42.6,18.2,42.6,39.2
z_75.0_40.5,2023,Diminution,57.3,3.3,57.3,39.4
z_75.0_40.5,2024,Diminution,57.3,3.3,57.3,39.4
z_75.0_40.5,2025,Diminution,57.3,3.3,57.3,39.4
z_75.0_40.5,2026,Diminution,45.3,5.2,45.3,49.5
z_75.0_40.5,2027,Diminution,51.1,4.2,51.1,44.7
z_75.0_40.5,2028,Diminution,64.1,4.2,64.1,31.7
z_75.0_40.5,2029,Diminution,56.8,5.1,56.8,38.1
z_75.0_40.5,2030,Diminution,57.8,3.8,57.8,38.4
z_76.5_13.5,2023,Augmentation,39.9,39.9,24.1,36.0
z_76.5_13.5,2024,Augmentation,35.0,35.0,20.9,44.0
z_76.5_13.5,2025,Augmentation,30.4,30.4,19.7,50.0
z_76.5_13.5,2026,Augmentation,27.0,27.0,19.0,54.0
z_76.5_13.5,2027,Augmentation,29.1,29.1,33.7,37.2
z_76.5_13.5,2028,Augmentation,32.3,32.3,25.2,42.5
z_76.5_13.5,2029,Augmentation,35.0,35.0,20.9,44.0
z_76.5_13.5,2030,Augmentation,32.3,32.3,21.6,46.2
z_76.5_33.0,2023,Diminution,51.5,13.3,51.5,35.2
z_76.5_33.0,2024,Diminution,62.8,5.9,62.8,31.3
z_76.5_33.0,2025,Diminution,70.8,3.5,70.8,25.7
z_76.5_33.0,2026,Diminution,55.2,14.4,55.2,30.5
z_76.5_33.0,2027,Diminution,63.6,5.0,63.6,31.4
z_76.5_33.0,2028,Diminution,70.8,3.5,70.8,25.7
z_76.5_33.0,2029,Diminution,64.1,10.3,64.1,25.6
z_76.5_33.0,2030,Diminution,65.1,4.6,65.1,30.3
z_76.5_9.0,2023,Diminution,75.5,3.2,75.5,21.3
z_76.5_9.0,2024,Diminution,75.5,3.2,75.5,21.3
z_76.5_9.0,2025,Diminution,75.5,3.2,75.5,21.3
z_76.5_9.0,2026,Diminution,56.6,5.2,56.6,38.3
z_76.5_9.0,2027,Diminution,71.9,6.5,71.9,21.6
z_76.5_9.0,2028,Diminution,76.9,3.9,76.9,19.3
z_76.5_9.0,2029,Diminution,71.3,4.9,71.3,23.8
z_76.5_9.0,2030,Diminution,74.1,4.6,74.1,21.2
z_78.0_10.5,2023,Diminution,68.5,3.3,68.5,28.2
z_78.0_10.5,2024,Diminution,68.5,3.3,68.5,28.2
z_78.0_10.5,2025,Diminution,68.5,3.3,68.5,28.2
z_78.0_10.5,2026,Diminution,59.5,9.5,59.5,31.0
z_78.0_10.5,2027,Diminution,58.8,5.6,58.8,35.6
z_78.0_10.5,2028,Diminution,73.0,2.5,73.0,24.5
z_78.0_10.5,2029,Diminution,56.5,5.5,56.5,38.0
z_78.0_10.5,2030,Diminution,65.2,4.6,65.2,30.2
z_78.0_13.5,2023,Diminution,44.9,20.6,44.9,34.6
z_78.0_13.5,2024,Augmentation,26.7,26.7,49.2,24.1
z_78.0_13.5,2025,Diminution,47.6,23.5,47.6,28.9
z_78.0_13.5,2026,Diminution,51.1,22.8,51.1,26.0
z_78.0_13.5,2027,Diminution,46.7,23.1,46.7,30.2
z_78.0_13.5,2028,Diminution,48.2,22.4,48.2,29.4
z_78.0_13.5,2029,Augmentation,23.3,23.3,44.9,31.8
z_78.0_13.5,2030,Diminution,50.2,23.1,50.2,26.7
z_78.0_15.0,2023,Diminution,36.4,15.7,36.4,47.9
z_78.0_15.0,2024,Diminution,42.6,20.0,42.6,37.4
z_78.0_15.0,2025,Augmentation,17.8,17.8,29.1,53.1
z_78.0_15.0,2026,Diminution,40.6,19.1,40.6,40.3
z_78.0_15.0,2027,Diminution,48.8,17.1,48.8,34.1
z_78.0_15.0,2028,Augmentation,18.6,18.6,35.4,46.0
z_78.0_15.0,2029,Diminution,43.9,15.6,43.9,40.5
z_78.0_15.0,2030,Diminution,42.2,17.3,42.2,40.5
z_79.5_10.5,2023,Diminution,65.2,12.8,65.2,22.0
z_79.5_10.5,2024,Diminution,72.0,7.6,72.0,20.4
z_79.5_10.5,2025,Diminution,76.4,5.1,76.4,18.6
z_79.5_10.5,2026,Diminution,62.8,16.3,62.8,20.8
z_79.5_10.5,2027,Diminution,70.2,8.3,70.2,21.5
z_79.5_10.5,2028,Diminution,79.5,5.1,79.5,15.3
z_79.5_10.5,2029,Diminution,72.3,11.4,72.3,16.3
z_79.5_10.5,2030,Diminution,72.1,7.4,72.1,20.5
z_79.5_16.5,2023,Diminution,73.7,10.1,73.7,16.3
z_79.5_16.5,2024,Diminution,73.3,15.1,73.3,11.7
z_79.5_16.5,2025,Diminution,73.3,15.1,73.3,11.7
z_79.5_16.5,2026,Diminution,59.7,19.1,59.7,21.2
z_79.5_16.5,2027,Diminution,73.3,10.9,73.3,15.9
z_79.5_16.5,2028,Diminution,74.6,9.5,74.6,15.9
z_79.5_16.5,2029,Diminution,70.0,19.6,70.0,10.4
z_79.5_16.5,2030,Diminution,73.7,10.1,73.7,16.3
