zone,annee,trimestre,trimestre_annee,tendance,confiance,proba_Augmentation,proba_Diminution,proba_Stable
z_24.0_-18.0,2023,1,2023-T1,Stable,97.8,0.2,2.0,97.8
z_24.0_-18.0,2023,2,2023-T2,Stable,97.0,0.4,2.6,97.0
z_24.0_-18.0,2023,3,2023-T3,Stable,97.8,0.2,2.0,97.8
z_24.0_-18.0,2023,4,2023-T4,Stable,97.9,0.2,1.9,97.9
z_24.0_-18.0,2024,1,2024-T1,Stable,97.8,0.2,2.0,97.8
z_24.0_-18.0,2024,2,2024-T2,Stable,98.0,0.1,1.9,98.0
z_24.0_-18.0,2024,3,2024-T3,Stable,97.8,0.2,2.0,97.8
z_24.0_-18.0,2024,4,2024-T4,Stable,97.9,0.2,1.9,97.9
z_24.0_-18.0,2025,1,2025-T1,Stable,95.3,0.7,4.1,95.3
z_24.0_-18.0,2025,2,2025-T2,Stable,97.2,0.6,2.2,97.2
z_24.0_-18.0,2025,3,2025-T3,Stable,98.3,0.1,1.6,98.3
z_24.0_-18.0,2025,4,2025-T4,Stable,95.5,1.5,2.9,95.5
z_24.0_-18.0,2026,1,2026-T1,Stable,97.8,0.2,2.0,97.8
z_24.0_-18.0,2026,2,2026-T2,Stable,98.0,0.1,1.9,98.0
z_24.0_-18.0,2026,3,2026-T3,Stable,97.8,0.2,2.0,97.8
z_24.0_-18.0,2026,4,2026-T4,Stable,96.3,0.6,3.1,96.3
z_24.0_-18.0,2027,1,2027-T1,Stable,97.8,0.2,2.0,97.8
z_24.0_-18.0,2027,2,2027-T2,Stable,98.0,0.1,1.9,98.0
z_24.0_-18.0,2027,3,2027-T3,Stable,97.8,0.2,2.0,97.8
z_24.0_-18.0,2027,4,2027-T4,Stable,95.5,0.3,4.2,95.5
z_24.0_-18.0,2028,1,2028-T1,Stable,97.8,0.2,2.0,97.8
z_24.0_-18.0,2028,2,2028-T2,Stable,98.0,0.1,1.9,98.0
z_24.0_-18.0,2028,3,2028-T3,Stable,97.8,0.2,2.0,97.8
z_24.0_-18.0,2028,4,2028-T4,Stable,97.8,0.2,2.0,97.8
z_24.0_-18.0,2029,1,2029-T1,Stable,97.8,0.2,2.0,97.8
z_24.0_-18.0,2029,2,2029-T2,Stable,98.0,0.1,1.9,98.0
z_24.0_-18.0,2029,3,2029-T3,Stable,97.8,0.2,2.0,97.8
z_24.0_-18.0,2029,4,2029-T4,Stable,96.6,0.4,3.0,96.6
z_24.0_-18.0,2030,1,2030-T1,Stable,97.8,0.2,2.0,97.8
z_24.0_-18.0,2030,2,2030-T2,Stable,98.0,0.1,1.9,98.0
z_24.0_-18.0,2030,3,2030-T3,Stable,97.8,0.2,2.0,97.8
z_24.0_-18.0,2030,4,2030-T4,Stable,97.9,0.2,1.9,97.9
z_24.0_-19.5,2023,1,2023-T1,Stable,97.6,0.2,2.2,97.6
z_24.0_-19.5,2023,2,2023-T2,Stable,96.4,0.5,3.0,96.4
z_24.0_-19.5,2023,3,2023-T3,Stable,96.8,0.5,2.7,96.8
z_24.0_-19.5,2023,4,2023-T4,Stable,98.2,0.2,1.6,98.2
z_24.0_-19.5,2024,1,2024-T1,Stable,94.4,2.4,3.2,94.4
z_24.0_-19.5,2024,2,2024-T2,Stable,98.4,0.1,1.5,98.4
z_24.0_-19.5,2024,3,2024-T3,Stable,97.5,0.2,2.3,97.5
z_24.0_-19.5,2024,4,2024-T4,Stable,97.6,0.2,2.2,97.6
z_24.0_-19.5,2025,1,2025-T1,Stable,96.2,0.7,3.2,96.2
z_24.0_-19.5,2025,2,2025-T2,Stable,98.4,0.1,1.5,98.4
z_24.0_-19.5,2025,3,2025-T3,Stable,97.5,0.2,2.3,97.5
z_24.0_-19.5,2025,4,2025-T4,Stable,97.6,0.2,2.2,97.6
z_24.0_-19.5,2026,1,2026-T1,Stable,96.3,0.8,2.9,96.3
z_24.0_-19.5,2026,2,2026-T2,Stable,98.4,0.1,1.5,98.4
z_24.0_-19.5,2026,3,2026-T3,Stable,97.5,0.2,2.3,97.5
z_24.0_-19.5,2026,4,2026-T4,Stable,97.6,0.2,2.2,97.6
z_24.0_-19.5,2027,1,2027-T1,Stable,97.4,0.2,2.4,97.4
z_24.0_-19.5,2027,2,2027-T2,Stable,98.4,0.1,1.5,98.4
z_24.0_-19.5,2027,3,2027-T3,Stable,97.5,0.2,2.3,97.5
z_24.0_-19.5,2027,4,2027-T4,Stable,97.6,0.2,2.2,97.6
z_24.0_-19.5,2028,1,2028-T1,Stable,95.6,0.9,3.5,95.6
z_24.0_-19.5,2028,2,2028-T2,Stable,98.4,0.1,1.5,98.4
z_24.0_-19.5,2028,3,2028-T3,Stable,97.5,0.2,2.3,97.5
z_24.0_-19.5,2028,4,2028-T4,Stable,97.6,0.2,2.2,97.6
z_24.0_-19.5,2029,1,2029-T1,Stable,97.6,0.2,2.2,97.6
z_24.0_-19.5,2029,2,2029-T2,Stable,98.4,0.1,1.5,98.4
z_24.0_-19.5,2029,3,2029-T3,Stable,97.5,0.2,2.3,97.5
z_24.0_-19.5,2029,4,2029-T4,Stable,97.6,0.2,2.2,97.6
z_24.0_-19.5,2030,1,2030-T1,Stable,97.6,0.2,2.2,97.6
z_24.0_-19.5,2030,2,2030-T2,Stable,98.4,0.1,1.5,98.4
z_24.0_-19.5,2030,3,2030-T3,Stable,97.5,0.2,2.3,97.5
z_24.0_-19.5,2030,4,2030-T4,Stable,97.6,0.2,2.2,97.6
z_25.5_-16.5,2023,1,2023-T1,Stable,96.7,0.5,2.8,96.7
z_25.5_-16.5,2023,2,2023-T2,Stable,97.9,0.2,2.0,97.9
z_25.5_-16.5,2023,3,2023-T3,Stable,97.0,0.3,2.7,97.0
z_25.5_-16.5,2023,4,2023-T4,Stable,96.9,0.4,2.8,96.9
z_25.5_-16.5,2024,1,2024-T1,Stable,96.7,0.5,2.8,96.7
z_25.5_-16.5,2024,2,2024-T2,Stable,97.9,0.2,2.0,97.9
z_25.5_-16.5,2024,3,2024-T3,Stable,97.0,0.3,2.7,97.0
z_25.5_-16.5,2024,4,2024-T4,Stable,96.9,0.4,2.8,96.9
z_25.5_-16.5,2025,1,2025-T1,Stable,94.9,0.9,4.2,94.9
z_25.5_-16.5,2025,2,2025-T2,Stable,97.3,0.4,2.3,97.3
z_25.5_-16.5,2025,3,2025-T3,Stable,97.8,0.3,1.8,97.8
z_25.5_-16.5,2025,4,2025-T4,Stable,94.1,2.4,3.5,94.1
z_25.5_-16.5,2026,1,2026-T1,Stable,96.7,0.5,2.8,96.7
z_25.5_-16.5,2026,2,2026-T2,Stable,97.9,0.2,2.0,97.9
z_25.5_-16.5,2026,3,2026-T3,Stable,97.0,0.3,2.7,97.0
z_25.5_-16.5,2026,4,2026-T4,Stable,96.2,0.8,3.0,96.2
z_25.5_-16.5,2027,1,2027-T1,Stable,96.7,0.5,2.8,96.7
z_25.5_-16.5,2027,2,2027-T2,Stable,97.9,0.2,2.0,97.9
z_25.5_-16.5,2027,3,2027-T3,Stable,97.0,0.3,2.7,97.0
z_25.5_-16.5,2027,4,2027-T4,Stable,96.0,0.7,3.4,96.0
z_25.5_-16.5,2028,1,2028-T1,Stable,96.7,0.5,2.8,96.7
z_25.5_-16.5,2028,2,2028-T2,Stable,97.9,0.2,2.0,97.9
z_25.5_-16.5,2028,3,2028-T3,Stable,97.0,0.3,2.7,97.0
z_25.5_-16.5,2028,4,2028-T4,Stable,96.7,0.4,2.9,96.7
z_25.5_-16.5,2029,1,2029-T1,Stable,96.7,0.5,2.8,96.7
z_25.5_-16.5,2029,2,2029-T2,Stable,97.9,0.2,2.0,97.9
z_25.5_-16.5,2029,3,2029-T3,Stable,97.0,0.3,2.7,97.0
z_25.5_-16.5,2029,4,2029-T4,Stable,96.1,0.6,3.3,96.1
z_25.5_-16.5,2030,1,2030-T1,Stable,96.7,0.5,2.8,96.7
z_25.5_-16.5,2030,2,2030-T2,Stable,97.9,0.2,2.0,97.9
z_25.5_-16.5,2030,3,2030-T3,Stable,97.0,0.3,2.7,97.0
z_25.5_-16.5,2030,4,2030-T4,Stable,96.9,0.4,2.8,96.9
z_27.0_-15.0,2023,1,2023-T1,Stable,97.6,0.2,2.2,97.6
z_27.0_-15.0,2023,2,2023-T2,Stable,97.1,0.4,2.5,97.1
z_27.0_-15.0,2023,3,2023-T3,Stable,93.7,1.5,4.8,93.7
z_27.0_-15.0,2023,4,2023-T4,Stable,94.6,1.1,4.4,94.6
z_27.0_-15.0,2024,1,2024-T1,Stable,84.9,3.3,11.8,84.9
z_27.0_-15.0,2024,2,2024-T2,Stable,95.7,1.5,2.8,95.7
z_27.0_-15.0,2024,3,2024-T3,Stable,97.5,0.2,2.3,97.5
z_27.0_-15.0,2024,4,2024-T4,Stable,97.6,0.2,2.1,97.6
z_27.0_-15.0,2025,1,2025-T1,Stable,97.6,0.2,2.2,97.6
z_27.0_-15.0,2025,2,2025-T2,Stable,93.9,1.1,5.0,93.9
z_27.0_-15.0,2025,3,2025-T3,Stable,97.5,0.2,2.3,97.5
z_27.0_-15.0,2025,4,2025-T4,Stable,97.6,0.2,2.1,97.6
z_27.0_-15.0,2026,1,2026-T1,Stable,97.6,0.2,2.2,97.6
z_27.0_-15.0,2026,2,2026-T2,Stable,94.9,0.3,4.8,94.9
z_27.0_-15.0,2026,3,2026-T3,Stable,97.5,0.2,2.3,97.5
z_27.0_-15.0,2026,4,2026-T4,Stable,97.6,0.2,2.1,97.6
z_27.0_-15.0,2027,1,2027-T1,Stable,97.6,0.2,2.2,97.6
z_27.0_-15.0,2027,2,2027-T2,Stable,95.9,0.2,3.9,95.9
z_27.0_-15.0,2027,3,2027-T3,Stable,97.5,0.2,2.3,97.5
z_27.0_-15.0,2027,4,2027-T4,Stable,97.6,0.2,2.1,97.6
z_27.0_-15.0,2028,1,2028-T1,Stable,97.6,0.2,2.2,97.6
z_27.0_-15.0,2028,2,2028-T2,Stable,96.0,0.5,3.6,96.0
z_27.0_-15.0,2028,3,2028-T3,Stable,97.5,0.2,2.3,97.5
z_27.0_-15.0,2028,4,2028-T4,Stable,97.6,0.2,2.1,97.6
z_27.0_-15.0,2029,1,2029-T1,Stable,97.6,0.2,2.2,97.6
z_27.0_-15.0,2029,2,2029-T2,Stable,98.3,0.1,1.6,98.3
z_27.0_-15.0,2029,3,2029-T3,Stable,97.5,0.2,2.3,97.5
z_27.0_-15.0,2029,4,2029-T4,Stable,97.6,0.2,2.1,97.6
z_27.0_-15.0,2030,1,2030-T1,Stable,97.6,0.2,2.2,97.6
z_27.0_-15.0,2030,2,2030-T2,Stable,98.3,0.1,1.6,98.3
z_27.0_-15.0,2030,3,2030-T3,Stable,97.5,0.2,2.3,97.5
z_27.0_-15.0,2030,4,2030-T4,Stable,97.6,0.2,2.1,97.6
z_27.0_-16.5,2023,1,2023-T1,Augmentation,69.8,69.8,17.2,13.1
z_27.0_-16.5,2023,2,2023-T2,Augmentation,63.0,63.0,24.8,12.2
z_27.0_-16.5,2023,3,2023-T3,Augmentation,45.6,45.6,43.3,11.2
z_27.0_-16.5,2023,4,2023-T4,Diminution,72.8,15.5,72.8,11.7
z_27.0_-16.5,2024,1,2024-T1,Diminution,69.9,18.4,69.9,11.6
z_27.0_-16.5,2024,2,2024-T2,Diminution,64.1,22.9,64.1,12.9
z_27.0_-16.5,2024,3,2024-T3,Augmentation,47.9,47.9,41.0,11.1
z_27.0_-16.5,2024,4,2024-T4,Augmentation,57.1,57.1,30.1,12.8
z_27.0_-16.5,2025,1,2025-T1,Augmentation,55.3,55.3,29.8,14.9
z_27.0_-16.5,2025,2,2025-T2,Augmentation,71.3,71.3,16.8,12.0
z_27.0_-16.5,2025,3,2025-T3,Augmentation,45.2,45.2,44.7,10.1
z_27.0_-16.5,2025,4,2025-T4,Augmentation,56.6,56.6,30.2,13.3
z_27.0_-16.5,2026,1,2026-T1,Diminution,59.4,24.8,59.4,15.8
z_27.0_-16.5,2026,2,2026-T2,Diminution,62.3,23.8,62.3,13.8
z_27.0_-16.5,2026,3,2026-T3,Augmentation,38.0,38.0,49.6,12.4
z_27.0_-16.5,2026,4,2026-T4,Augmentation,51.8,51.8,34.2,14.0
z_27.0_-16.5,2027,1,2027-T1,Augmentation,53.5,53.5,33.2,13.3
z_27.0_-16.5,2027,2,2027-T2,Augmentation,50.8,50.8,35.8,13.4
z_27.0_-16.5,2027,3,2027-T3,Augmentation,44.2,44.2,44.0,11.8
z_27.0_-16.5,2027,4,2027-T4,Augmentation,55.2,55.2,33.3,11.5
z_27.0_-16.5,2028,1,2028-T1,Augmentation,57.2,57.2,30.1,12.6
z_27.0_-16.5,2028,2,2028-T2,Augmentation,51.9,51.9,33.1,15.1
z_27.0_-16.5,2028,3,2028-T3,Augmentation,48.3,48.3,40.2,11.5
z_27.0_-16.5,2028,4,2028-T4,Augmentation,56.3,56.3,30.6,13.1
z_27.0_-16.5,2029,1,2029-T1,Augmentation,54.7,54.7,32.3,13.0
z_27.0_-16.5,2029,2,2029-T2,Augmentation,52.1,52.1,34.6,13.2
z_27.0_-16.5,2029,3,2029-T3,Augmentation,49.9,49.9,39.6,10.5
z_27.0_-16.5,2029,4,2029-T4,Augmentation,55.8,55.8,32.1,12.1
z_27.0_-16.5,2030,1,2030-T1,Augmentation,53.5,53.5,34.6,12.0
z_27.0_-16.5,2030,2,2030-T2,Augmentation,53.7,53.7,33.1,13.2
z_27.0_-16.5,2030,3,2030-T3,Augmentation,49.0,49.0,40.7,10.2
z_27.0_-16.5,2030,4,2030-T4,Augmentation,58.0,58.0,29.9,12.0
z_28.5_-13.5,2023,1,2023-T1,Stable,97.5,0.2,2.3,97.5
z_28.5_-13.5,2023,2,2023-T2,Stable,98.5,0.1,1.4,98.5
z_28.5_-13.5,2023,3,2023-T3,Stable,97.5,0.4,2.1,97.5
z_28.5_-13.5,2023,4,2023-T4,Stable,97.6,0.2,2.2,97.6
z_28.5_-13.5,2024,1,2024-T1,Stable,97.5,0.2,2.3,97.5
z_28.5_-13.5,2024,2,2024-T2,Stable,98.5,0.1,1.4,98.5
z_28.5_-13.5,2024,3,2024-T3,Stable,96.3,0.6,3.1,96.3
z_28.5_-13.5,2024,4,2024-T4,Stable,96.8,0.5,2.7,96.8
z_28.5_-13.5,2025,1,2025-T1,Stable,97.7,0.8,1.5,97.7
z_28.5_-13.5,2025,2,2025-T2,Stable,93.2,1.6,5.2,93.2
z_28.5_-13.5,2025,3,2025-T3,Stable,96.5,0.9,2.6,96.5
z_28.5_-13.5,2025,4,2025-T4,Stable,98.3,0.2,1.5,98.3
z_28.5_-13.5,2026,1,2026-T1,Stable,94.1,2.6,3.3,94.1
z_28.5_-13.5,2026,2,2026-T2,Stable,97.8,0.3,1.9,97.8
z_28.5_-13.5,2026,3,2026-T3,Stable,97.5,0.4,2.1,97.5
z_28.5_-13.5,2026,4,2026-T4,Stable,97.6,0.2,2.2,97.6
z_28.5_-13.5,2027,1,2027-T1,Stable,96.5,0.7,2.8,96.5
z_28.5_-13.5,2027,2,2027-T2,Stable,97.8,0.2,2.0,97.8
z_28.5_-13.5,2027,3,2027-T3,Stable,97.5,0.4,2.1,97.5
z_28.5_-13.5,2027,4,2027-T4,Stable,97.6,0.2,2.2,97.6
z_28.5_-13.5,2028,1,2028-T1,Stable,96.3,0.8,2.9,96.3
z_28.5_-13.5,2028,2,2028-T2,Stable,98.2,0.2,1.6,98.2
z_28.5_-13.5,2028,3,2028-T3,Stable,97.5,0.4,2.1,97.5
z_28.5_-13.5,2028,4,2028-T4,Stable,97.6,0.2,2.2,97.6
z_28.5_-13.5,2029,1,2029-T1,Stable,97.3,0.3,2.4,97.3
z_28.5_-13.5,2029,2,2029-T2,Stable,97.6,0.3,2.1,97.6
z_28.5_-13.5,2029,3,2029-T3,Stable,97.5,0.4,2.1,97.5
z_28.5_-13.5,2029,4,2029-T4,Stable,97.6,0.2,2.2,97.6
z_28.5_-13.5,2030,1,2030-T1,Stable,95.9,0.9,3.2,95.9
z_28.5_-13.5,2030,2,2030-T2,Stable,98.5,0.1,1.4,98.5
z_28.5_-13.5,2030,3,2030-T3,Stable,97.5,0.4,2.1,97.5
z_28.5_-13.5,2030,4,2030-T4,Stable,97.6,0.2,2.2,97.6
z_28.5_-15.0,2023,1,2023-T1,Stable,91.2,1.7,7.0,91.2
z_28.5_-15.0,2023,2,2023-T2,Stable,97.4,0.3,2.2,97.4
z_28.5_-15.0,2023,3,2023-T3,Diminution,87.3,0.7,87.3,11.9
z_28.5_-15.0,2023,4,2023-T4,Stable,88.3,6.0,5.6,88.3
z_28.5_-15.0,2024,1,2024-T1,Stable,81.2,11.9,6.9,81.2
z_28.5_-15.0,2024,2,2024-T2,Stable,90.2,6.9,2.9,90.2
z_28.5_-15.0,2024,3,2024-T3,Diminution,77.6,4.2,77.6,18.2
z_28.5_-15.0,2024,4,2024-T4,Stable,69.7,24.9,5.4,69.7
z_28.5_-15.0,2025,1,2025-T1,Stable,78.7,16.0,5.3,78.7
z_28.5_-15.0,2025,2,2025-T2,Stable,85.1,10.8,4.1,85.1
z_28.5_-15.0,2025,3,2025-T3,Diminution,65.1,13.9,65.1,21.0
z_28.5_-15.0,2025,4,2025-T4,Stable,81.1,14.2,4.7,81.1
z_28.5_-15.0,2026,1,2026-T1,Stable,76.8,15.9,7.3,76.8
z_28.5_-15.0,2026,2,2026-T2,Stable,88.9,7.4,3.7,88.9
z_28.5_-15.0,2026,3,2026-T3,Diminution,88.3,0.3,88.3,11.4
z_28.5_-15.0,2026,4,2026-T4,Stable,96.7,0.7,2.6,96.7
z_28.5_-15.0,2027,1,2027-T1,Stable,96.1,1.0,2.9,96.1
z_28.5_-15.0,2027,2,2027-T2,Stable,94.2,0.9,4.8,94.2
z_28.5_-15.0,2027,3,2027-T3,Diminution,88.7,0.3,88.7,11.0
z_28.5_-15.0,2027,4,2027-T4,Stable,97.3,0.5,2.2,97.3
z_28.5_-15.0,2028,1,2028-T1,Stable,96.1,1.0,2.9,96.1
z_28.5_-15.0,2028,2,2028-T2,Stable,92.8,1.6,5.6,92.8
z_28.5_-15.0,2028,3,2028-T3,Diminution,88.9,0.3,88.9,10.8
z_28.5_-15.0,2028,4,2028-T4,Stable,96.7,0.6,2.6,96.7
z_28.5_-15.0,2029,1,2029-T1,Stable,96.1,1.0,2.9,96.1
z_28.5_-15.0,2029,2,2029-T2,Stable,93.5,1.3,5.3,93.5
z_28.5_-15.0,2029,3,2029-T3,Diminution,89.2,0.3,89.2,10.5
z_28.5_-15.0,2029,4,2029-T4,Stable,97.2,0.5,2.2,97.2
z_28.5_-15.0,2030,1,2030-T1,Stable,96.1,1.0,2.9,96.1
z_28.5_-15.0,2030,2,2030-T2,Stable,96.2,0.5,3.3,96.2
z_28.5_-15.0,2030,3,2030-T3,Diminution,89.7,0.3,89.7,10.0
z_28.5_-15.0,2030,4,2030-T4,Stable,97.2,0.5,2.2,97.2
z_28.5_-16.5,2023,1,2023-T1,Stable,69.0,19.4,11.6,69.0
z_28.5_-16.5,2023,2,2023-T2,Stable,76.6,14.0,9.4,76.6
z_28.5_-16.5,2023,3,2023-T3,Diminution,84.1,3.3,84.1,12.7
z_28.5_-16.5,2023,4,2023-T4,Stable,60.4,24.1,15.4,60.4
z_28.5_-16.5,2024,1,2024-T1,Stable,74.7,14.2,11.1,74.7
z_28.5_-16.5,2024,2,2024-T2,Stable,81.8,8.8,9.4,81.8
z_28.5_-16.5,2024,3,2024-T3,Diminution,72.4,11.1,72.4,16.5
z_28.5_-16.5,2024,4,2024-T4,Stable,60.0,31.1,8.9,60.0
z_28.5_-16.5,2025,1,2025-T1,Stable,54.7,37.9,7.3,54.7
z_28.5_-16.5,2025,2,2025-T2,Stable,61.9,32.4,5.7,61.9
z_28.5_-16.5,2025,3,2025-T3,Diminution,66.5,13.9,66.5,19.6
z_28.5_-16.5,2025,4,2025-T4,Stable,55.2,39.0,5.8,55.2
z_28.5_-16.5,2026,1,2026-T1,Stable,64.2,30.7,5.1,64.2
z_28.5_-16.5,2026,2,2026-T2,Stable,72.7,20.6,6.7,72.7
z_28.5_-16.5,2026,3,2026-T3,Diminution,76.5,6.2,76.5,17.3
z_28.5_-16.5,2026,4,2026-T4,Stable,60.9,30.6,8.6,60.9
z_28.5_-16.5,2027,1,2027-T1,Stable,75.2,19.7,5.1,75.2
z_28.5_-16.5,2027,2,2027-T2,Stable,82.2,12.4,5.4,82.2
z_28.5_-16.5,2027,3,2027-T3,Diminution,75.7,6.4,75.7,17.9
z_28.5_-16.5,2027,4,2027-T4,Stable,71.2,20.6,8.1,71.2
z_28.5_-16.5,2028,1,2028-T1,Stable,70.4,24.5,5.1,70.4
z_28.5_-16.5,2028,2,2028-T2,Stable,82.3,12.0,5.7,82.3
z_28.5_-16.5,2028,3,2028-T3,Diminution,76.5,6.3,76.5,17.1
z_28.5_-16.5,2028,4,2028-T4,Stable,68.5,22.4,9.0,68.5
z_28.5_-16.5,2029,1,2029-T1,Stable,71.1,23.7,5.2,71.1
z_28.5_-16.5,2029,2,2029-T2,Stable,78.5,16.4,5.1,78.5
z_28.5_-16.5,2029,3,2029-T3,Diminution,75.6,8.1,75.6,16.3
z_28.5_-16.5,2029,4,2029-T4,Stable,62.9,29.4,7.7,62.9
z_28.5_-16.5,2030,1,2030-T1,Stable,68.8,25.7,5.5,68.8
z_28.5_-16.5,2030,2,2030-T2,Stable,77.8,17.9,4.3,77.8
z_28.5_-16.5,2030,3,2030-T3,Diminution,75.9,6.9,75.9,17.2
z_28.5_-16.5,2030,4,2030-T4,Stable,69.6,22.9,7.5,69.6
z_30.0_-10.5,2023,1,2023-T1,Stable,92.9,3.5,3.6,92.9
z_30.0_-10.5,2023,2,2023-T2,Stable,94.8,3.0,2.2,94.8
z_30.0_-10.5,2023,3,2023-T3,Stable,93.3,3.3,3.4,93.3
z_30.0_-10.5,2023,4,2023-T4,Stable,93.7,3.0,3.2,93.7
z_30.0_-10.5,2024,1,2024-T1,Stable,92.9,3.5,3.6,92.9
z_30.0_-10.5,2024,2,2024-T2,Stable,93.5,3.5,3.0,93.5
z_30.0_-10.5,2024,3,2024-T3,Stable,90.4,5.7,3.8,90.4
z_30.0_-10.5,2024,4,2024-T4,Stable,90.8,5.9,3.2,90.8
z_30.0_-10.5,2025,1,2025-T1,Stable,83.2,11.6,5.2,83.2
z_30.0_-10.5,2025,2,2025-T2,Stable,96.0,2.2,1.8,96.0
z_30.0_-10.5,2025,3,2025-T3,Stable,90.2,6.3,3.5,90.2
z_30.0_-10.5,2025,4,2025-T4,Stable,93.7,3.0,3.2,93.7
z_30.0_-10.5,2026,1,2026-T1,Stable,92.5,3.8,3.7,92.5
z_30.0_-10.5,2026,2,2026-T2,Stable,94.8,3.0,2.2,94.8
z_30.0_-10.5,2026,3,2026-T3,Stable,94.1,2.7,3.3,94.1
z_30.0_-10.5,2026,4,2026-T4,Stable,93.7,3.0,3.2,93.7
z_30.0_-10.5,2027,1,2027-T1,Stable,91.1,4.9,3.9,91.1
z_30.0_-10.5,2027,2,2027-T2,Stable,94.8,3.0,2.2,94.8
z_30.0_-10.5,2027,3,2027-T3,Stable,93.2,3.3,3.5,93.2
z_30.0_-10.5,2027,4,2027-T4,Stable,93.7,3.0,3.2,93.7
z_30.0_-10.5,2028,1,2028-T1,Stable,92.8,3.5,3.7,92.8
z_30.0_-10.5,2028,2,2028-T2,Stable,94.8,3.0,2.2,94.8
z_30.0_-10.5,2028,3,2028-T3,Stable,93.3,3.3,3.4,93.3
z_30.0_-10.5,2028,4,2028-T4,Stable,93.7,3.0,3.2,93.7
z_30.0_-10.5,2029,1,2029-T1,Stable,92.0,4.0,4.0,92.0
z_30.0_-10.5,2029,2,2029-T2,Stable,94.8,3.0,2.2,94.8
z_30.0_-10.5,2029,3,2029-T3,Stable,93.2,3.1,3.7,93.2
z_30.0_-10.5,2029,4,2029-T4,Stable,93.7,3.0,3.2,93.7
z_30.0_-10.5,2030,1,2030-T1,Stable,92.9,3.5,3.6,92.9
z_30.0_-10.5,2030,2,2030-T2,Stable,94.8,3.0,2.2,94.8
z_30.0_-10.5,2030,3,2030-T3,Stable,94.2,2.5,3.3,94.2
z_30.0_-10.5,2030,4,2030-T4,Stable,93.7,3.0,3.2,93.7
z_30.0_-13.5,2023,1,2023-T1,Stable,95.2,1.8,3.0,95.2
z_30.0_-13.5,2023,2,2023-T2,Stable,98.5,0.2,1.3,98.5
z_30.0_-13.5,2023,3,2023-T3,Stable,97.6,0.2,2.2,97.6
z_30.0_-13.5,2023,4,2023-T4,Stable,97.6,0.3,2.1,97.6
z_30.0_-13.5,2024,1,2024-T1,Stable,96.4,0.9,2.8,96.4
z_30.0_-13.5,2024,2,2024-T2,Stable,97.3,0.3,2.4,97.3
z_30.0_-13.5,2024,3,2024-T3,Stable,96.9,0.6,2.5,96.9
z_30.0_-13.5,2024,4,2024-T4,Stable,98.2,0.2,1.6,98.2
z_30.0_-13.5,2025,1,2025-T1,Stable,94.6,2.0,3.4,94.6
z_30.0_-13.5,2025,2,2025-T2,Stable,98.5,0.2,1.3,98.5
z_30.0_-13.5,2025,3,2025-T3,Stable,97.6,0.2,2.2,97.6
z_30.0_-13.5,2025,4,2025-T4,Stable,97.6,0.3,2.1,97.6
z_30.0_-13.5,2026,1,2026-T1,Stable,96.4,0.8,2.8,96.4
z_30.0_-13.5,2026,2,2026-T2,Stable,98.5,0.2,1.3,98.5
z_30.0_-13.5,2026,3,2026-T3,Stable,97.6,0.2,2.2,97.6
z_30.0_-13.5,2026,4,2026-T4,Stable,97.6,0.3,2.1,97.6
z_30.0_-13.5,2027,1,2027-T1,Stable,94.2,2.7,3.1,94.2
z_30.0_-13.5,2027,2,2027-T2,Stable,98.5,0.2,1.3,98.5
z_30.0_-13.5,2027,3,2027-T3,Stable,97.6,0.2,2.2,97.6
z_30.0_-13.5,2027,4,2027-T4,Stable,97.6,0.3,2.1,97.6
z_30.0_-13.5,2028,1,2028-T1,Stable,97.4,0.5,2.1,97.4
z_30.0_-13.5,2028,2,2028-T2,Stable,98.5,0.2,1.3,98.5
z_30.0_-13.5,2028,3,2028-T3,Stable,97.6,0.2,2.2,97.6
z_30.0_-13.5,2028,4,2028-T4,Stable,97.6,0.3,2.1,97.6
z_30.0_-13.5,2029,1,2029-T1,Stable,96.1,1.2,2.7,96.1
z_30.0_-13.5,2029,2,2029-T2,Stable,98.5,0.2,1.3,98.5
z_30.0_-13.5,2029,3,2029-T3,Stable,97.6,0.2,2.2,97.6
z_30.0_-13.5,2029,4,2029-T4,Stable,97.6,0.3,2.1,97.6
z_30.0_-13.5,2030,1,2030-T1,Stable,97.5,0.5,2.0,97.5
z_30.0_-13.5,2030,2,2030-T2,Stable,98.5,0.2,1.3,98.5
z_30.0_-13.5,2030,3,2030-T3,Stable,97.6,0.2,2.2,97.6
z_30.0_-13.5,2030,4,2030-T4,Stable,97.6,0.3,2.1,97.6
z_30.0_-15.0,2023,1,2023-T1,Diminution,89.2,0.3,89.2,10.4
z_30.0_-15.0,2023,2,2023-T2,Stable,96.9,0.2,2.9,96.9
z_30.0_-15.0,2023,3,2023-T3,Stable,97.7,0.2,2.1,97.7
z_30.0_-15.0,2023,4,2023-T4,Stable,97.7,0.2,2.1,97.7
z_30.0_-15.0,2024,1,2024-T1,Diminution,89.4,0.5,89.4,10.1
z_30.0_-15.0,2024,2,2024-T2,Stable,98.2,0.2,1.6,98.2
z_30.0_-15.0,2024,3,2024-T3,Stable,97.7,0.2,2.1,97.7
z_30.0_-15.0,2024,4,2024-T4,Stable,97.7,0.2,2.1,97.7
z_30.0_-15.0,2025,1,2025-T1,Diminution,89.8,0.3,89.8,9.9
z_30.0_-15.0,2025,2,2025-T2,Stable,95.9,0.6,3.5,95.9
z_30.0_-15.0,2025,3,2025-T3,Stable,97.0,0.6,2.5,97.0
z_30.0_-15.0,2025,4,2025-T4,Stable,98.3,0.1,1.6,98.3
z_30.0_-15.0,2026,1,2026-T1,Diminution,89.1,0.5,89.1,10.4
z_30.0_-15.0,2026,2,2026-T2,Stable,98.3,0.1,1.6,98.3
z_30.0_-15.0,2026,3,2026-T3,Stable,97.7,0.2,2.1,97.7
z_30.0_-15.0,2026,4,2026-T4,Stable,97.7,0.2,2.1,97.7
z_30.0_-15.0,2027,1,2027-T1,Diminution,91.2,0.3,91.2,8.5
z_30.0_-15.0,2027,2,2027-T2,Stable,98.3,0.1,1.6,98.3
z_30.0_-15.0,2027,3,2027-T3,Stable,97.7,0.2,2.1,97.7
z_30.0_-15.0,2027,4,2027-T4,Stable,97.7,0.2,2.1,97.7
z_30.0_-15.0,2028,1,2028-T1,Diminution,89.9,0.3,89.9,9.8
z_30.0_-15.0,2028,2,2028-T2,Stable,98.3,0.1,1.6,98.3
z_30.0_-15.0,2028,3,2028-T3,Stable,97.7,0.2,2.1,97.7
z_30.0_-15.0,2028,4,2028-T4,Stable,97.7,0.2,2.1,97.7
z_30.0_-15.0,2029,1,2029-T1,Diminution,90.0,0.3,90.0,9.7
z_30.0_-15.0,2029,2,2029-T2,Stable,98.3,0.1,1.6,98.3
z_30.0_-15.0,2029,3,2029-T3,Stable,97.7,0.2,2.1,97.7
z_30.0_-15.0,2029,4,2029-T4,Stable,97.7,0.2,2.1,97.7
z_30.0_-15.0,2030,1,2030-T1,Diminution,90.6,0.3,90.6,9.2
z_30.0_-15.0,2030,2,2030-T2,Stable,98.3,0.1,1.6,98.3
z_30.0_-15.0,2030,3,2030-T3,Stable,97.7,0.2,2.1,97.7
z_30.0_-15.0,2030,4,2030-T4,Stable,97.7,0.2,2.1,97.7
z_30.0_28.5,2023,1,2023-T1,Diminution,81.0,3.6,81.0,15.5
z_30.0_28.5,2023,2,2023-T2,Diminution,85.5,1.4,85.5,13.1
z_30.0_28.5,2023,3,2023-T3,Stable,91.5,3.1,5.4,91.5
z_30.0_28.5,2023,4,2023-T4,Diminution,81.9,4.6,81.9,13.5
z_30.0_28.5,2024,1,2024-T1,Diminution,71.7,10.9,71.7,17.4
z_30.0_28.5,2024,2,2024-T2,Diminution,84.2,2.1,84.2,13.7
z_30.0_28.5,2024,3,2024-T3,Stable,95.6,1.3,3.0,95.6
z_30.0_28.5,2024,4,2024-T4,Diminution,86.2,1.6,86.2,12.3
z_30.0_28.5,2025,1,2025-T1,Diminution,83.9,2.4,83.9,13.7
z_30.0_28.5,2025,2,2025-T2,Diminution,84.2,1.3,84.2,14.5
z_30.0_28.5,2025,3,2025-T3,Stable,94.7,1.8,3.5,94.7
z_30.0_28.5,2025,4,2025-T4,Diminution,82.1,2.6,82.1,15.3
z_30.0_28.5,2026,1,2026-T1,Diminution,82.1,3.4,82.1,14.5
z_30.0_28.5,2026,2,2026-T2,Diminution,83.8,2.7,83.8,13.5
z_30.0_28.5,2026,3,2026-T3,Stable,97.1,1.1,1.9,97.1
z_30.0_28.5,2026,4,2026-T4,Diminution,86.3,1.8,86.3,11.9
z_30.0_28.5,2027,1,2027-T1,Diminution,80.9,3.2,80.9,15.9
z_30.0_28.5,2027,2,2027-T2,Diminution,86.5,0.9,86.5,12.6
z_30.0_28.5,2027,3,2027-T3,Stable,95.6,1.3,3.0,95.6
z_30.0_28.5,2027,4,2027-T4,Diminution,84.7,1.6,84.7,13.8
z_30.0_28.5,2028,1,2028-T1,Diminution,82.2,3.2,82.2,14.6
z_30.0_28.5,2028,2,2028-T2,Diminution,85.6,1.4,85.6,12.9
z_30.0_28.5,2028,3,2028-T3,Stable,95.6,1.3,3.0,95.6
z_30.0_28.5,2028,4,2028-T4,Diminution,85.8,1.7,85.8,12.4
z_30.0_28.5,2029,1,2029-T1,Diminution,83.0,2.9,83.0,14.1
z_30.0_28.5,2029,2,2029-T2,Diminution,86.5,1.2,86.5,12.4
z_30.0_28.5,2029,3,2029-T3,Stable,95.6,1.3,3.0,95.6
z_30.0_28.5,2029,4,2029-T4,Diminution,86.8,1.3,86.8,11.8
z_30.0_28.5,2030,1,2030-T1,Diminution,82.7,3.4,82.7,14.0
z_30.0_28.5,2030,2,2030-T2,Diminution,86.5,1.2,86.5,12.4
z_30.0_28.5,2030,3,2030-T3,Stable,95.6,1.3,3.0,95.6
z_30.0_28.5,2030,4,2030-T4,Diminution,86.1,1.7,86.1,12.2
z_30.0_30.0,2023,1,2023-T1,Stable,95.6,1.2,3.2,95.6
z_30.0_30.0,2023,2,2023-T2,Stable,97.8,0.1,2.1,97.8
z_30.0_30.0,2023,3,2023-T3,Stable,96.3,0.4,3.3,96.3
z_30.0_30.0,2023,4,2023-T4,Stable,97.5,0.2,2.2,97.5
z_30.0_30.0,2024,1,2024-T1,Stable,97.6,0.4,2.0,97.6
z_30.0_30.0,2024,2,2024-T2,Stable,97.8,0.1,2.1,97.8
z_30.0_30.0,2024,3,2024-T3,Stable,96.1,0.3,3.6,96.1
z_30.0_30.0,2024,4,2024-T4,Stable,97.5,0.2,2.2,97.5
z_30.0_30.0,2025,1,2025-T1,Stable,97.6,0.4,2.0,97.6
z_30.0_30.0,2025,2,2025-T2,Stable,97.8,0.1,2.1,97.8
z_30.0_30.0,2025,3,2025-T3,Stable,96.3,0.3,3.4,96.3
z_30.0_30.0,2025,4,2025-T4,Stable,96.8,0.5,2.8,96.8
z_30.0_30.0,2026,1,2026-T1,Stable,97.7,0.9,1.4,97.7
z_30.0_30.0,2026,2,2026-T2,Stable,95.2,1.5,3.3,95.2
z_30.0_30.0,2026,3,2026-T3,Stable,96.1,0.3,3.6,96.1
z_30.0_30.0,2026,4,2026-T4,Stable,97.5,0.2,2.2,97.5
z_30.0_30.0,2027,1,2027-T1,Stable,97.6,0.4,2.0,97.6
z_30.0_30.0,2027,2,2027-T2,Stable,96.9,0.3,2.8,96.9
z_30.0_30.0,2027,3,2027-T3,Stable,97.4,0.2,2.4,97.4
z_30.0_30.0,2027,4,2027-T4,Stable,97.5,0.2,2.2,97.5
z_30.0_30.0,2028,1,2028-T1,Stable,97.6,0.4,2.0,97.6
z_30.0_30.0,2028,2,2028-T2,Stable,97.0,0.2,2.8,97.0
z_30.0_30.0,2028,3,2028-T3,Stable,97.4,0.2,2.4,97.4
z_30.0_30.0,2028,4,2028-T4,Stable,97.5,0.2,2.2,97.5
z_30.0_30.0,2029,1,2029-T1,Stable,97.6,0.4,2.0,97.6
z_30.0_30.0,2029,2,2029-T2,Stable,97.6,0.2,2.2,97.6
z_30.0_30.0,2029,3,2029-T3,Stable,97.4,0.2,2.4,97.4
z_30.0_30.0,2029,4,2029-T4,Stable,97.5,0.2,2.2,97.5
z_30.0_30.0,2030,1,2030-T1,Stable,97.6,0.4,2.0,97.6
z_30.0_30.0,2030,2,2030-T2,Stable,96.7,0.4,2.9,96.7
z_30.0_30.0,2030,3,2030-T3,Stable,97.4,0.2,2.4,97.4
z_30.0_30.0,2030,4,2030-T4,Stable,97.5,0.2,2.2,97.5
z_30.0_31.5,2023,1,2023-T1,Stable,57.1,36.7,6.1,57.1
z_30.0_31.5,2023,2,2023-T2,Stable,57.4,37.0,5.7,57.4
z_30.0_31.5,2023,3,2023-T3,Stable,56.2,39.1,4.6,56.2
z_30.0_31.5,2023,4,2023-T4,Diminution,63.8,19.7,63.8,16.5
z_30.0_31.5,2024,1,2024-T1,Stable,54.9,37.6,7.5,54.9
z_30.0_31.5,2024,2,2024-T2,Stable,49.7,45.4,4.9,49.7
z_30.0_31.5,2024,3,2024-T3,Stable,66.4,26.8,6.7,66.4
z_30.0_31.5,2024,4,2024-T4,Diminution,71.7,10.2,71.7,18.1
z_30.0_31.5,2025,1,2025-T1,Stable,53.3,39.3,7.4,53.3
z_30.0_31.5,2025,2,2025-T2,Stable,64.7,23.6,11.7,64.7
z_30.0_31.5,2025,3,2025-T3,Stable,68.5,23.8,7.6,68.5
z_30.0_31.5,2025,4,2025-T4,Diminution,91.0,2.8,91.0,6.1
z_30.0_31.5,2026,1,2026-T1,Stable,66.3,21.5,12.1,66.3
z_30.0_31.5,2026,2,2026-T2,Stable,70.3,15.6,14.0,70.3
z_30.0_31.5,2026,3,2026-T3,Stable,66.8,26.5,6.8,66.8
z_30.0_31.5,2026,4,2026-T4,Diminution,72.4,10.5,72.4,17.2
z_30.0_31.5,2027,1,2027-T1,Stable,59.1,33.6,7.3,59.1
z_30.0_31.5,2027,2,2027-T2,Stable,61.1,33.1,5.8,61.1
z_30.0_31.5,2027,3,2027-T3,Stable,63.6,31.5,4.9,63.6
z_30.0_31.5,2027,4,2027-T4,Diminution,69.3,13.6,69.3,17.0
z_30.0_31.5,2028,1,2028-T1,Stable,51.8,43.0,5.2,51.8
z_30.0_31.5,2028,2,2028-T2,Stable,56.7,37.7,5.6,56.7
z_30.0_31.5,2028,3,2028-T3,Stable,58.6,35.8,5.7,58.6
z_30.0_31.5,2028,4,2028-T4,Diminution,70.4,11.8,70.4,17.8
z_30.0_31.5,2029,1,2029-T1,Stable,51.5,43.4,5.0,51.5
z_30.0_31.5,2029,2,2029-T2,Stable,56.7,38.1,5.2,56.7
z_30.0_31.5,2029,3,2029-T3,Stable,57.2,38.2,4.6,57.2
z_30.0_31.5,2029,4,2029-T4,Diminution,69.7,12.3,69.7,18.0
z_30.0_31.5,2030,1,2030-T1,Stable,54.3,40.4,5.4,54.3
z_30.0_31.5,2030,2,2030-T2,Stable,58.8,35.8,5.4,58.8
z_30.0_31.5,2030,3,2030-T3,Stable,61.8,33.2,5.0,61.8
z_30.0_31.5,2030,4,2030-T4,Diminution,70.6,12.1,70.6,17.3
z_31.5_-15.0,2023,1,2023-T1,Stable,97.4,0.2,2.4,97.4
z_31.5_-15.0,2023,2,2023-T2,Stable,98.3,0.1,1.6,98.3
z_31.5_-15.0,2023,3,2023-T3,Stable,97.3,0.2,2.6,97.3
z_31.5_-15.0,2023,4,2023-T4,Stable,96.3,0.3,3.3,96.3
z_31.5_-15.0,2024,1,2024-T1,Stable,97.4,0.2,2.4,97.4
z_31.5_-15.0,2024,2,2024-T2,Stable,98.3,0.1,1.6,98.3
z_31.5_-15.0,2024,3,2024-T3,Stable,97.3,0.2,2.6,97.3
z_31.5_-15.0,2024,4,2024-T4,Stable,96.3,0.5,3.2,96.3
z_31.5_-15.0,2025,1,2025-T1,Stable,96.0,0.7,3.3,96.0
z_31.5_-15.0,2025,2,2025-T2,Stable,98.9,0.1,1.1,98.9
z_31.5_-15.0,2025,3,2025-T3,Stable,94.7,1.8,3.5,94.7
z_31.5_-15.0,2025,4,2025-T4,Stable,96.2,0.3,3.5,96.2
z_31.5_-15.0,2026,1,2026-T1,Stable,97.4,0.2,2.4,97.4
z_31.5_-15.0,2026,2,2026-T2,Stable,98.3,0.1,1.6,98.3
z_31.5_-15.0,2026,3,2026-T3,Stable,96.4,0.4,3.2,96.4
z_31.5_-15.0,2026,4,2026-T4,Stable,97.4,0.2,2.4,97.4
z_31.5_-15.0,2027,1,2027-T1,Stable,97.4,0.2,2.4,97.4
z_31.5_-15.0,2027,2,2027-T2,Stable,98.3,0.1,1.6,98.3
z_31.5_-15.0,2027,3,2027-T3,Stable,96.2,0.3,3.5,96.2
z_31.5_-15.0,2027,4,2027-T4,Stable,97.4,0.2,2.4,97.4
z_31.5_-15.0,2028,1,2028-T1,Stable,97.4,0.2,2.4,97.4
z_31.5_-15.0,2028,2,2028-T2,Stable,98.3,0.1,1.6,98.3
z_31.5_-15.0,2028,3,2028-T3,Stable,97.3,0.2,2.5,97.3
z_31.5_-15.0,2028,4,2028-T4,Stable,97.4,0.2,2.4,97.4
z_31.5_-15.0,2029,1,2029-T1,Stable,97.4,0.2,2.4,97.4
z_31.5_-15.0,2029,2,2029-T2,Stable,98.3,0.1,1.6,98.3
z_31.5_-15.0,2029,3,2029-T3,Stable,96.1,0.3,3.6,96.1
z_31.5_-15.0,2029,4,2029-T4,Stable,97.4,0.2,2.4,97.4
z_31.5_-15.0,2030,1,2030-T1,Stable,97.4,0.2,2.4,97.4
z_31.5_-15.0,2030,2,2030-T2,Stable,98.3,0.1,1.6,98.3
z_31.5_-15.0,2030,3,2030-T3,Stable,97.3,0.2,2.6,97.3
z_31.5_-15.0,2030,4,2030-T4,Stable,97.4,0.2,2.4,97.4
z_31.5_-18.0,2023,1,2023-T1,Stable,91.3,3.3,5.4,91.3
z_31.5_-18.0,2023,2,2023-T2,Stable,96.4,0.9,2.7,96.4
z_31.5_-18.0,2023,3,2023-T3,Stable,95.6,1.7,2.7,95.6
z_31.5_-18.0,2023,4,2023-T4,Stable,91.1,3.4,5.5,91.1
z_31.5_-18.0,2024,1,2024-T1,Stable,80.2,11.8,7.9,80.2
z_31.5_-18.0,2024,2,2024-T2,Stable,94.3,3.5,2.2,94.3
z_31.5_-18.0,2024,3,2024-T3,Stable,95.2,1.8,3.1,95.2
z_31.5_-18.0,2024,4,2024-T4,Stable,95.0,1.6,3.4,95.0
z_31.5_-18.0,2025,1,2025-T1,Stable,93.5,3.2,3.3,93.5
z_31.5_-18.0,2025,2,2025-T2,Stable,97.2,0.3,2.5,97.2
z_31.5_-18.0,2025,3,2025-T3,Stable,96.1,0.6,3.2,96.1
z_31.5_-18.0,2025,4,2025-T4,Stable,93.4,2.0,4.6,93.4
z_31.5_-18.0,2026,1,2026-T1,Stable,90.7,4.5,4.7,90.7
z_31.5_-18.0,2026,2,2026-T2,Stable,97.2,0.3,2.5,97.2
z_31.5_-18.0,2026,3,2026-T3,Stable,96.8,0.6,2.5,96.8
z_31.5_-18.0,2026,4,2026-T4,Stable,94.9,1.6,3.5,94.9
z_31.5_-18.0,2027,1,2027-T1,Stable,93.2,3.6,3.2,93.2
z_31.5_-18.0,2027,2,2027-T2,Stable,97.2,0.3,2.5,97.2
z_31.5_-18.0,2027,3,2027-T3,Stable,96.2,1.2,2.6,96.2
z_31.5_-18.0,2027,4,2027-T4,Stable,95.9,1.2,2.8,95.9
z_31.5_-18.0,2028,1,2028-T1,Stable,93.2,3.6,3.2,93.2
z_31.5_-18.0,2028,2,2028-T2,Stable,97.2,0.3,2.5,97.2
z_31.5_-18.0,2028,3,2028-T3,Stable,96.9,0.5,2.6,96.9
z_31.5_-18.0,2028,4,2028-T4,Stable,94.4,1.6,4.0,94.4
z_31.5_-18.0,2029,1,2029-T1,Stable,93.2,3.6,3.2,93.2
z_31.5_-18.0,2029,2,2029-T2,Stable,97.2,0.3,2.5,97.2
z_31.5_-18.0,2029,3,2029-T3,Stable,97.7,0.4,1.9,97.7
z_31.5_-18.0,2029,4,2029-T4,Stable,95.8,1.5,2.7,95.8
z_31.5_-18.0,2030,1,2030-T1,Stable,93.2,3.6,3.2,93.2
z_31.5_-18.0,2030,2,2030-T2,Stable,97.2,0.3,2.5,97.2
z_31.5_-18.0,2030,3,2030-T3,Stable,97.7,0.4,1.9,97.7
z_31.5_-18.0,2030,4,2030-T4,Stable,95.8,1.5,2.7,95.8
z_31.5_31.5,2023,1,2023-T1,Stable,80.1,16.3,3.6,80.1
z_31.5_31.5,2023,2,2023-T2,Stable,96.3,1.0,2.7,96.3
z_31.5_31.5,2023,3,2023-T3,Stable,94.7,2.5,2.9,94.7
z_31.5_31.5,2023,4,2023-T4,Stable,94.8,2.0,3.2,94.8
z_31.5_31.5,2024,1,2024-T1,Stable,81.5,15.5,3.0,81.5
z_31.5_31.5,2024,2,2024-T2,Stable,96.3,1.0,2.7,96.3
z_31.5_31.5,2024,3,2024-T3,Stable,95.0,2.5,2.5,95.0
z_31.5_31.5,2024,4,2024-T4,Stable,94.5,1.9,3.6,94.5
z_31.5_31.5,2025,1,2025-T1,Stable,78.7,18.1,3.2,78.7
z_31.5_31.5,2025,2,2025-T2,Stable,96.3,1.0,2.7,96.3
z_31.5_31.5,2025,3,2025-T3,Stable,93.9,3.0,3.2,93.9
z_31.5_31.5,2025,4,2025-T4,Stable,94.0,1.9,4.1,94.0
z_31.5_31.5,2026,1,2026-T1,Stable,85.0,12.8,2.2,85.0
z_31.5_31.5,2026,2,2026-T2,Stable,91.8,5.1,3.2,91.8
z_31.5_31.5,2026,3,2026-T3,Stable,95.0,2.5,2.5,95.0
z_31.5_31.5,2026,4,2026-T4,Stable,94.2,1.9,3.9,94.2
z_31.5_31.5,2027,1,2027-T1,Stable,79.8,16.8,3.5,79.8
z_31.5_31.5,2027,2,2027-T2,Stable,96.1,1.2,2.7,96.1
z_31.5_31.5,2027,3,2027-T3,Stable,95.0,2.5,2.5,95.0
z_31.5_31.5,2027,4,2027-T4,Stable,95.0,1.7,3.3,95.0
z_31.5_31.5,2028,1,2028-T1,Stable,81.5,15.6,2.9,81.5
z_31.5_31.5,2028,2,2028-T2,Stable,95.6,1.2,3.2,95.6
z_31.5_31.5,2028,3,2028-T3,Stable,95.0,2.5,2.5,95.0
z_31.5_31.5,2028,4,2028-T4,Stable,95.0,1.7,3.3,95.0
z_31.5_31.5,2029,1,2029-T1,Stable,81.5,15.6,2.9,81.5
z_31.5_31.5,2029,2,2029-T2,Stable,95.3,1.5,3.1,95.3
z_31.5_31.5,2029,3,2029-T3,Stable,95.0,2.5,2.5,95.0
z_31.5_31.5,2029,4,2029-T4,Stable,95.0,1.7,3.3,95.0
z_31.5_31.5,2030,1,2030-T1,Stable,81.5,15.6,2.9,81.5
z_31.5_31.5,2030,2,2030-T2,Stable,95.1,1.6,3.3,95.1
z_31.5_31.5,2030,3,2030-T3,Stable,95.0,2.5,2.5,95.0
z_31.5_31.5,2030,4,2030-T4,Stable,95.0,1.7,3.3,95.0
z_33.0_-13.5,2023,1,2023-T1,Stable,97.6,0.2,2.2,97.6
z_33.0_-13.5,2023,2,2023-T2,Stable,97.0,0.4,2.6,97.0
z_33.0_-13.5,2023,3,2023-T3,Stable,96.8,0.5,2.7,96.8
z_33.0_-13.5,2023,4,2023-T4,Stable,96.6,0.6,2.8,96.6
z_33.0_-13.5,2024,1,2024-T1,Stable,94.5,2.3,3.1,94.5
z_33.0_-13.5,2024,2,2024-T2,Stable,97.2,0.3,2.4,97.2
z_33.0_-13.5,2024,3,2024-T3,Stable,97.4,0.2,2.4,97.4
z_33.0_-13.5,2024,4,2024-T4,Stable,96.5,0.3,3.2,96.5
z_33.0_-13.5,2025,1,2025-T1,Stable,96.1,0.6,3.2,96.1
z_33.0_-13.5,2025,2,2025-T2,Stable,98.3,0.1,1.6,98.3
z_33.0_-13.5,2025,3,2025-T3,Stable,97.4,0.2,2.4,97.4
z_33.0_-13.5,2025,4,2025-T4,Stable,97.5,0.2,2.3,97.5
z_33.0_-13.5,2026,1,2026-T1,Stable,96.3,0.7,3.0,96.3
z_33.0_-13.5,2026,2,2026-T2,Stable,98.3,0.1,1.6,98.3
z_33.0_-13.5,2026,3,2026-T3,Stable,97.4,0.2,2.4,97.4
z_33.0_-13.5,2026,4,2026-T4,Stable,96.3,0.3,3.4,96.3
z_33.0_-13.5,2027,1,2027-T1,Stable,97.4,0.2,2.4,97.4
z_33.0_-13.5,2027,2,2027-T2,Stable,98.3,0.1,1.6,98.3
z_33.0_-13.5,2027,3,2027-T3,Stable,97.4,0.2,2.4,97.4
z_33.0_-13.5,2027,4,2027-T4,Stable,97.6,0.2,2.2,97.6
z_33.0_-13.5,2028,1,2028-T1,Stable,95.7,0.9,3.4,95.7
z_33.0_-13.5,2028,2,2028-T2,Stable,98.3,0.1,1.6,98.3
z_33.0_-13.5,2028,3,2028-T3,Stable,97.4,0.2,2.4,97.4
z_33.0_-13.5,2028,4,2028-T4,Stable,97.6,0.2,2.2,97.6
z_33.0_-13.5,2029,1,2029-T1,Stable,97.6,0.2,2.2,97.6
z_33.0_-13.5,2029,2,2029-T2,Stable,98.3,0.1,1.6,98.3
z_33.0_-13.5,2029,3,2029-T3,Stable,97.4,0.2,2.4,97.4
z_33.0_-13.5,2029,4,2029-T4,Stable,97.6,0.2,2.2,97.6
z_33.0_-13.5,2030,1,2030-T1,Stable,97.6,0.2,2.2,97.6
z_33.0_-13.5,2030,2,2030-T2,Stable,98.3,0.1,1.6,98.3
z_33.0_-13.5,2030,3,2030-T3,Stable,97.4,0.2,2.4,97.4
z_33.0_-13.5,2030,4,2030-T4,Stable,97.6,0.2,2.2,97.6
z_33.0_-9.0,2023,1,2023-T1,Stable,90.4,6.0,3.6,90.4
z_33.0_-9.0,2023,2,2023-T2,Stable,96.2,1.4,2.4,96.2
z_33.0_-9.0,2023,3,2023-T3,Stable,97.6,0.5,1.9,97.6
z_33.0_-9.0,2023,4,2023-T4,Stable,84.5,7.1,8.4,84.5
z_33.0_-9.0,2024,1,2024-T1,Stable,85.5,9.8,4.7,85.5
z_33.0_-9.0,2024,2,2024-T2,Stable,88.9,7.6,3.5,88.9
z_33.0_-9.0,2024,3,2024-T3,Stable,85.6,10.0,4.4,85.6
z_33.0_-9.0,2024,4,2024-T4,Stable,80.7,13.3,6.0,80.7
z_33.0_-9.0,2025,1,2025-T1,Stable,87.4,9.4,3.2,87.4
z_33.0_-9.0,2025,2,2025-T2,Stable,96.5,1.3,2.2,96.5
z_33.0_-9.0,2025,3,2025-T3,Stable,97.6,0.5,1.9,97.6
z_33.0_-9.0,2025,4,2025-T4,Stable,85.6,7.9,6.5,85.6
z_33.0_-9.0,2026,1,2026-T1,Stable,86.7,7.6,5.8,86.7
z_33.0_-9.0,2026,2,2026-T2,Stable,87.3,3.6,9.1,87.3
z_33.0_-9.0,2026,3,2026-T3,Stable,94.8,2.5,2.7,94.8
z_33.0_-9.0,2026,4,2026-T4,Stable,86.3,8.5,5.2,86.3
z_33.0_-9.0,2027,1,2027-T1,Stable,81.8,14.1,4.1,81.8
z_33.0_-9.0,2027,2,2027-T2,Stable,97.2,0.5,2.2,97.2
z_33.0_-9.0,2027,3,2027-T3,Stable,94.2,1.6,4.1,94.2
z_33.0_-9.0,2027,4,2027-T4,Stable,92.4,3.7,3.8,92.4
z_33.0_-9.0,2028,1,2028-T1,Stable,90.2,6.5,3.3,90.2
z_33.0_-9.0,2028,2,2028-T2,Stable,97.7,0.5,1.8,97.7
z_33.0_-9.0,2028,3,2028-T3,Stable,94.1,0.9,4.9,94.1
z_33.0_-9.0,2028,4,2028-T4,Stable,89.6,6.2,4.2,89.6
z_33.0_-9.0,2029,1,2029-T1,Stable,86.0,10.3,3.7,86.0
z_33.0_-9.0,2029,2,2029-T2,Stable,97.3,0.8,2.0,97.3
z_33.0_-9.0,2029,3,2029-T3,Stable,93.2,0.7,6.0,93.2
z_33.0_-9.0,2029,4,2029-T4,Stable,91.3,5.2,3.5,91.3
z_33.0_-9.0,2030,1,2030-T1,Stable,88.9,8.2,2.9,88.9
z_33.0_-9.0,2030,2,2030-T2,Stable,97.8,0.5,1.8,97.8
z_33.0_-9.0,2030,3,2030-T3,Stable,94.1,2.0,3.9,94.1
z_33.0_-9.0,2030,4,2030-T4,Stable,91.3,5.2,3.5,91.3
z_33.0_10.5,2023,1,2023-T1,Stable,97.7,0.2,2.1,97.7
z_33.0_10.5,2023,2,2023-T2,Stable,97.8,0.1,2.1,97.8
z_33.0_10.5,2023,3,2023-T3,Stable,97.4,0.2,2.4,97.4
z_33.0_10.5,2023,4,2023-T4,Stable,97.6,0.2,2.1,97.6
z_33.0_10.5,2024,1,2024-T1,Stable,97.7,0.2,2.1,97.7
z_33.0_10.5,2024,2,2024-T2,Stable,97.8,0.1,2.1,97.8
z_33.0_10.5,2024,3,2024-T3,Stable,97.4,0.2,2.4,97.4
z_33.0_10.5,2024,4,2024-T4,Stable,97.6,0.2,2.1,97.6
z_33.0_10.5,2025,1,2025-T1,Stable,97.7,0.2,2.1,97.7
z_33.0_10.5,2025,2,2025-T2,Stable,97.8,0.1,2.1,97.8
z_33.0_10.5,2025,3,2025-T3,Stable,97.4,0.2,2.4,97.4
z_33.0_10.5,2025,4,2025-T4,Stable,95.8,0.7,3.5,95.8
z_33.0_10.5,2026,1,2026-T1,Stable,96.2,0.7,3.1,96.2
z_33.0_10.5,2026,2,2026-T2,Stable,98.2,0.1,1.7,98.2
z_33.0_10.5,2026,3,2026-T3,Stable,94.4,1.8,3.8,94.4
z_33.0_10.5,2026,4,2026-T4,Stable,97.6,0.2,2.1,97.6
z_33.0_10.5,2027,1,2027-T1,Stable,97.7,0.2,2.1,97.7
z_33.0_10.5,2027,2,2027-T2,Stable,97.8,0.1,2.1,97.8
z_33.0_10.5,2027,3,2027-T3,Stable,96.0,0.4,3.6,96.0
z_33.0_10.5,2027,4,2027-T4,Stable,97.6,0.2,2.1,97.6
z_33.0_10.5,2028,1,2028-T1,Stable,97.7,0.2,2.1,97.7
z_33.0_10.5,2028,2,2028-T2,Stable,97.8,0.1,2.1,97.8
z_33.0_10.5,2028,3,2028-T3,Stable,96.2,0.3,3.5,96.2
z_33.0_10.5,2028,4,2028-T4,Stable,97.6,0.2,2.1,97.6
z_33.0_10.5,2029,1,2029-T1,Stable,97.7,0.2,2.1,97.7
z_33.0_10.5,2029,2,2029-T2,Stable,97.8,0.1,2.1,97.8
z_33.0_10.5,2029,3,2029-T3,Stable,97.4,0.2,2.4,97.4
z_33.0_10.5,2029,4,2029-T4,Stable,97.6,0.2,2.1,97.6
z_33.0_10.5,2030,1,2030-T1,Stable,97.7,0.2,2.1,97.7
z_33.0_10.5,2030,2,2030-T2,Stable,97.8,0.1,2.1,97.8
z_33.0_10.5,2030,3,2030-T3,Stable,96.1,0.3,3.6,96.1
z_33.0_10.5,2030,4,2030-T4,Stable,97.6,0.2,2.1,97.6
z_33.0_18.0,2023,1,2023-T1,Stable,97.7,0.2,2.1,97.7
z_33.0_18.0,2023,2,2023-T2,Stable,98.0,0.1,1.9,98.0
z_33.0_18.0,2023,3,2023-T3,Stable,97.6,0.2,2.3,97.6
z_33.0_18.0,2023,4,2023-T4,Stable,97.7,0.2,2.1,97.7
z_33.0_18.0,2024,1,2024-T1,Stable,97.7,0.2,2.1,97.7
z_33.0_18.0,2024,2,2024-T2,Stable,98.0,0.1,1.9,98.0
z_33.0_18.0,2024,3,2024-T3,Stable,97.6,0.2,2.3,97.6
z_33.0_18.0,2024,4,2024-T4,Stable,96.0,0.7,3.4,96.0
z_33.0_18.0,2025,1,2025-T1,Stable,96.0,0.7,3.3,96.0
z_33.0_18.0,2025,2,2025-T2,Stable,98.6,0.1,1.4,98.6
z_33.0_18.0,2025,3,2025-T3,Stable,94.6,1.8,3.6,94.6
z_33.0_18.0,2025,4,2025-T4,Stable,97.7,0.2,2.1,97.7
z_33.0_18.0,2026,1,2026-T1,Stable,97.7,0.2,2.1,97.7
z_33.0_18.0,2026,2,2026-T2,Stable,98.0,0.1,1.9,98.0
z_33.0_18.0,2026,3,2026-T3,Stable,96.5,0.4,3.2,96.5
z_33.0_18.0,2026,4,2026-T4,Stable,97.7,0.2,2.1,97.7
z_33.0_18.0,2027,1,2027-T1,Stable,97.7,0.2,2.1,97.7
z_33.0_18.0,2027,2,2027-T2,Stable,98.0,0.1,1.9,98.0
z_33.0_18.0,2027,3,2027-T3,Stable,96.2,0.3,3.5,96.2
z_33.0_18.0,2027,4,2027-T4,Stable,97.7,0.2,2.1,97.7
z_33.0_18.0,2028,1,2028-T1,Stable,97.7,0.2,2.1,97.7
z_33.0_18.0,2028,2,2028-T2,Stable,98.0,0.1,1.9,98.0
z_33.0_18.0,2028,3,2028-T3,Stable,97.6,0.2,2.2,97.6
z_33.0_18.0,2028,4,2028-T4,Stable,97.7,0.2,2.1,97.7
z_33.0_18.0,2029,1,2029-T1,Stable,97.7,0.2,2.1,97.7
z_33.0_18.0,2029,2,2029-T2,Stable,98.0,0.1,1.9,98.0
z_33.0_18.0,2029,3,2029-T3,Stable,96.6,0.3,3.1,96.6
z_33.0_18.0,2029,4,2029-T4,Stable,97.7,0.2,2.1,97.7
z_33.0_18.0,2030,1,2030-T1,Stable,97.7,0.2,2.1,97.7
z_33.0_18.0,2030,2,2030-T2,Stable,98.0,0.1,1.9,98.0
z_33.0_18.0,2030,3,2030-T3,Stable,97.6,0.2,2.3,97.6
z_33.0_18.0,2030,4,2030-T4,Stable,97.7,0.2,2.1,97.7
z_33.0_25.5,2023,1,2023-T1,Stable,97.6,0.2,2.2,97.6
z_33.0_25.5,2023,2,2023-T2,Stable,97.8,0.1,2.1,97.8
z_33.0_25.5,2023,3,2023-T3,Stable,97.3,0.2,2.5,97.3
z_33.0_25.5,2023,4,2023-T4,Stable,97.6,0.2,2.2,97.6
z_33.0_25.5,2024,1,2024-T1,Stable,97.6,0.2,2.2,97.6
z_33.0_25.5,2024,2,2024-T2,Stable,97.8,0.1,2.1,97.8
z_33.0_25.5,2024,3,2024-T3,Stable,95.7,0.4,3.9,95.7
z_33.0_25.5,2024,4,2024-T4,Stable,96.9,0.5,2.6,96.9
z_33.0_25.5,2025,1,2025-T1,Stable,97.8,0.7,1.5,97.8
z_33.0_25.5,2025,2,2025-T2,Stable,95.3,1.5,3.2,95.3
z_33.0_25.5,2025,3,2025-T3,Stable,97.3,0.2,2.5,97.3
z_33.0_25.5,2025,4,2025-T4,Stable,97.6,0.2,2.2,97.6
z_33.0_25.5,2026,1,2026-T1,Stable,97.6,0.2,2.2,97.6
z_33.0_25.5,2026,2,2026-T2,Stable,96.5,0.4,3.2,96.5
z_33.0_25.5,2026,3,2026-T3,Stable,97.3,0.2,2.5,97.3
z_33.0_25.5,2026,4,2026-T4,Stable,97.6,0.2,2.2,97.6
z_33.0_25.5,2027,1,2027-T1,Stable,97.6,0.2,2.2,97.6
z_33.0_25.5,2027,2,2027-T2,Stable,96.8,0.2,3.0,96.8
z_33.0_25.5,2027,3,2027-T3,Stable,97.3,0.2,2.5,97.3
z_33.0_25.5,2027,4,2027-T4,Stable,97.6,0.2,2.2,97.6
z_33.0_25.5,2028,1,2028-T1,Stable,97.6,0.2,2.2,97.6
z_33.0_25.5,2028,2,2028-T2,Stable,97.6,0.2,2.2,97.6
z_33.0_25.5,2028,3,2028-T3,Stable,97.3,0.2,2.5,97.3
z_33.0_25.5,2028,4,2028-T4,Stable,97.6,0.2,2.2,97.6
z_33.0_25.5,2029,1,2029-T1,Stable,97.6,0.2,2.2,97.6
z_33.0_25.5,2029,2,2029-T2,Stable,96.6,0.3,3.0,96.6
z_33.0_25.5,2029,3,2029-T3,Stable,97.3,0.2,2.5,97.3
z_33.0_25.5,2029,4,2029-T4,Stable,97.6,0.2,2.2,97.6
z_33.0_25.5,2030,1,2030-T1,Stable,97.6,0.2,2.2,97.6
z_33.0_25.5,2030,2,2030-T2,Stable,97.8,0.1,2.1,97.8
z_33.0_25.5,2030,3,2030-T3,Stable,97.3,0.2,2.5,97.3
z_33.0_25.5,2030,4,2030-T4,Stable,97.6,0.2,2.2,97.6
z_33.0_9.0,2023,1,2023-T1,Stable,92.7,3.7,3.5,92.7
z_33.0_9.0,2023,2,2023-T2,Stable,95.3,2.1,2.6,95.3
z_33.0_9.0,2023,3,2023-T3,Stable,93.8,3.0,3.2,93.8
z_33.0_9.0,2023,4,2023-T4,Stable,93.7,3.3,3.0,93.7
z_33.0_9.0,2024,1,2024-T1,Stable,92.7,3.7,3.5,92.7
z_33.0_9.0,2024,2,2024-T2,Stable,95.3,2.1,2.6,95.3
z_33.0_9.0,2024,3,2024-T3,Stable,92.4,3.5,4.1,92.4
z_33.0_9.0,2024,4,2024-T4,Stable,92.3,4.4,3.2,92.3
z_33.0_9.0,2025,1,2025-T1,Stable,93.3,4.3,2.4,93.3
z_33.0_9.0,2025,2,2025-T2,Stable,90.8,6.3,2.9,90.8
z_33.0_9.0,2025,3,2025-T3,Stable,93.8,3.0,3.2,93.8
z_33.0_9.0,2025,4,2025-T4,Stable,93.7,3.3,3.0,93.7
z_33.0_9.0,2026,1,2026-T1,Stable,92.7,3.7,3.5,92.7
z_33.0_9.0,2026,2,2026-T2,Stable,95.3,2.2,2.6,95.3
z_33.0_9.0,2026,3,2026-T3,Stable,93.8,3.0,3.2,93.8
z_33.0_9.0,2026,4,2026-T4,Stable,93.7,3.3,3.0,93.7
z_33.0_9.0,2027,1,2027-T1,Stable,92.7,3.7,3.5,92.7
z_33.0_9.0,2027,2,2027-T2,Stable,94.6,2.4,3.0,94.6
z_33.0_9.0,2027,3,2027-T3,Stable,93.8,3.0,3.2,93.8
z_33.0_9.0,2027,4,2027-T4,Stable,93.7,3.3,3.0,93.7
z_33.0_9.0,2028,1,2028-T1,Stable,92.7,3.7,3.5,92.7
z_33.0_9.0,2028,2,2028-T2,Stable,94.2,2.7,3.1,94.2
z_33.0_9.0,2028,3,2028-T3,Stable,93.8,3.0,3.2,93.8
z_33.0_9.0,2028,4,2028-T4,Stable,93.7,3.3,3.0,93.7
z_33.0_9.0,2029,1,2029-T1,Stable,92.7,3.7,3.5,92.7
z_33.0_9.0,2029,2,2029-T2,Stable,93.8,3.0,3.2,93.8
z_33.0_9.0,2029,3,2029-T3,Stable,93.8,3.0,3.2,93.8
z_33.0_9.0,2029,4,2029-T4,Stable,93.7,3.3,3.0,93.7
z_33.0_9.0,2030,1,2030-T1,Stable,92.7,3.7,3.5,92.7
z_33.0_9.0,2030,2,2030-T2,Stable,95.3,2.1,2.6,95.3
z_33.0_9.0,2030,3,2030-T3,Stable,93.8,3.0,3.2,93.8
z_33.0_9.0,2030,4,2030-T4,Stable,93.7,3.3,3.0,93.7
z_34.5_-1.5,2023,1,2023-T1,Stable,97.4,0.4,2.2,97.4
z_34.5_-1.5,2023,2,2023-T2,Stable,97.9,0.2,1.9,97.9
z_34.5_-1.5,2023,3,2023-T3,Stable,91.5,2.3,6.1,91.5
z_34.5_-1.5,2023,4,2023-T4,Stable,94.4,1.1,4.6,94.4
z_34.5_-1.5,2024,1,2024-T1,Stable,85.2,4.9,9.9,85.2
z_34.5_-1.5,2024,2,2024-T2,Stable,95.6,1.2,3.2,95.6
z_34.5_-1.5,2024,3,2024-T3,Stable,97.3,0.5,2.2,97.3
z_34.5_-1.5,2024,4,2024-T4,Stable,97.5,0.2,2.2,97.5
z_34.5_-1.5,2025,1,2025-T1,Stable,97.6,0.4,2.0,97.6
z_34.5_-1.5,2025,2,2025-T2,Stable,94.2,1.1,4.7,94.2
z_34.5_-1.5,2025,3,2025-T3,Stable,96.1,0.5,3.4,96.1
z_34.5_-1.5,2025,4,2025-T4,Stable,97.5,0.2,2.2,97.5
z_34.5_-1.5,2026,1,2026-T1,Stable,97.6,0.4,2.0,97.6
z_34.5_-1.5,2026,2,2026-T2,Stable,94.6,0.3,5.0,94.6
z_34.5_-1.5,2026,3,2026-T3,Stable,97.3,0.4,2.3,97.3
z_34.5_-1.5,2026,4,2026-T4,Stable,97.5,0.2,2.2,97.5
z_34.5_-1.5,2027,1,2027-T1,Stable,97.6,0.4,2.0,97.6
z_34.5_-1.5,2027,2,2027-T2,Stable,95.7,0.4,3.9,95.7
z_34.5_-1.5,2027,3,2027-T3,Stable,97.3,0.4,2.3,97.3
z_34.5_-1.5,2027,4,2027-T4,Stable,97.5,0.2,2.2,97.5
z_34.5_-1.5,2028,1,2028-T1,Stable,97.6,0.4,2.0,97.6
z_34.5_-1.5,2028,2,2028-T2,Stable,95.8,0.4,3.9,95.8
z_34.5_-1.5,2028,3,2028-T3,Stable,97.3,0.4,2.3,97.3
z_34.5_-1.5,2028,4,2028-T4,Stable,97.5,0.2,2.2,97.5
z_34.5_-1.5,2029,1,2029-T1,Stable,97.6,0.4,2.0,97.6
z_34.5_-1.5,2029,2,2029-T2,Stable,97.9,0.2,1.9,97.9
z_34.5_-1.5,2029,3,2029-T3,Stable,97.3,0.4,2.3,97.3
z_34.5_-1.5,2029,4,2029-T4,Stable,97.5,0.2,2.2,97.5
z_34.5_-1.5,2030,1,2030-T1,Stable,97.6,0.4,2.0,97.6
z_34.5_-1.5,2030,2,2030-T2,Stable,97.9,0.2,1.9,97.9
z_34.5_-1.5,2030,3,2030-T3,Stable,97.3,0.4,2.3,97.3
z_34.5_-1.5,2030,4,2030-T4,Stable,97.5,0.2,2.2,97.5
z_34.5_-10.5,2023,1,2023-T1,Stable,97.6,0.2,2.2,97.6
z_34.5_-10.5,2023,2,2023-T2,Stable,97.9,0.1,2.0,97.9
z_34.5_-10.5,2023,3,2023-T3,Stable,97.5,0.2,2.3,97.5
z_34.5_-10.5,2023,4,2023-T4,Stable,97.6,0.2,2.2,97.6
z_34.5_-10.5,2024,1,2024-T1,Stable,97.6,0.2,2.2,97.6
z_34.5_-10.5,2024,2,2024-T2,Stable,95.7,0.3,4.1,95.7
z_34.5_-10.5,2024,3,2024-T3,Stable,96.7,0.6,2.7,96.7
z_34.5_-10.5,2024,4,2024-T4,Stable,98.1,0.3,1.6,98.1
z_34.5_-10.5,2025,1,2025-T1,Stable,94.2,2.3,3.5,94.2
z_34.5_-10.5,2025,2,2025-T2,Stable,97.9,0.1,2.0,97.9
z_34.5_-10.5,2025,3,2025-T3,Stable,97.5,0.2,2.3,97.5
z_34.5_-10.5,2025,4,2025-T4,Stable,97.6,0.2,2.2,97.6
z_34.5_-10.5,2026,1,2026-T1,Stable,95.8,0.7,3.5,95.8
z_34.5_-10.5,2026,2,2026-T2,Stable,97.9,0.1,2.0,97.9
z_34.5_-10.5,2026,3,2026-T3,Stable,97.5,0.2,2.3,97.5
z_34.5_-10.5,2026,4,2026-T4,Stable,97.6,0.2,2.2,97.6
z_34.5_-10.5,2027,1,2027-T1,Stable,95.4,0.7,3.9,95.4
z_34.5_-10.5,2027,2,2027-T2,Stable,97.9,0.1,2.0,97.9
z_34.5_-10.5,2027,3,2027-T3,Stable,97.5,0.2,2.3,97.5
z_34.5_-10.5,2027,4,2027-T4,Stable,97.6,0.2,2.2,97.6
z_34.5_-10.5,2028,1,2028-T1,Stable,97.4,0.2,2.4,97.4
z_34.5_-10.5,2028,2,2028-T2,Stable,97.9,0.1,2.0,97.9
z_34.5_-10.5,2028,3,2028-T3,Stable,97.5,0.2,2.3,97.5
z_34.5_-10.5,2028,4,2028-T4,Stable,97.6,0.2,2.2,97.6
z_34.5_-10.5,2029,1,2029-T1,Stable,95.6,0.9,3.5,95.6
z_34.5_-10.5,2029,2,2029-T2,Stable,97.9,0.1,2.0,97.9
z_34.5_-10.5,2029,3,2029-T3,Stable,97.5,0.2,2.3,97.5
z_34.5_-10.5,2029,4,2029-T4,Stable,97.6,0.2,2.2,97.6
z_34.5_-10.5,2030,1,2030-T1,Stable,97.6,0.2,2.2,97.6
z_34.5_-10.5,2030,2,2030-T2,Stable,97.9,0.1,2.0,97.9
z_34.5_-10.5,2030,3,2030-T3,Stable,97.5,0.2,2.3,97.5
z_34.5_-10.5,2030,4,2030-T4,Stable,97.6,0.2,2.2,97.6
z_34.5_-15.0,2023,1,2023-T1,Stable,97.3,0.2,2.4,97.3
z_34.5_-15.0,2023,2,2023-T2,Stable,97.3,0.3,2.4,97.3
z_34.5_-15.0,2023,3,2023-T3,Stable,96.7,0.5,2.8,96.7
z_34.5_-15.0,2023,4,2023-T4,Stable,98.1,0.2,1.7,98.1
z_34.5_-15.0,2024,1,2024-T1,Stable,93.9,2.4,3.6,93.9
z_34.5_-15.0,2024,2,2024-T2,Stable,98.3,0.1,1.5,98.3
z_34.5_-15.0,2024,3,2024-T3,Stable,97.6,0.2,2.2,97.6
z_34.5_-15.0,2024,4,2024-T4,Stable,97.5,0.2,2.2,97.5
z_34.5_-15.0,2025,1,2025-T1,Stable,96.1,0.6,3.3,96.1
z_34.5_-15.0,2025,2,2025-T2,Stable,98.3,0.1,1.5,98.3
z_34.5_-15.0,2025,3,2025-T3,Stable,97.6,0.2,2.2,97.6
z_34.5_-15.0,2025,4,2025-T4,Stable,97.5,0.2,2.2,97.5
z_34.5_-15.0,2026,1,2026-T1,Stable,96.0,0.8,3.2,96.0
z_34.5_-15.0,2026,2,2026-T2,Stable,98.3,0.1,1.5,98.3
z_34.5_-15.0,2026,3,2026-T3,Stable,97.6,0.2,2.2,97.6
z_34.5_-15.0,2026,4,2026-T4,Stable,97.5,0.2,2.2,97.5
z_34.5_-15.0,2027,1,2027-T1,Stable,97.1,0.2,2.7,97.1
z_34.5_-15.0,2027,2,2027-T2,Stable,98.3,0.1,1.5,98.3
z_34.5_-15.0,2027,3,2027-T3,Stable,97.6,0.2,2.2,97.6
z_34.5_-15.0,2027,4,2027-T4,Stable,97.5,0.2,2.2,97.5
z_34.5_-15.0,2028,1,2028-T1,Stable,95.6,1.0,3.5,95.6
z_34.5_-15.0,2028,2,2028-T2,Stable,98.3,0.1,1.5,98.3
z_34.5_-15.0,2028,3,2028-T3,Stable,97.6,0.2,2.2,97.6
z_34.5_-15.0,2028,4,2028-T4,Stable,97.5,0.2,2.2,97.5
z_34.5_-15.0,2029,1,2029-T1,Stable,97.3,0.2,2.4,97.3
z_34.5_-15.0,2029,2,2029-T2,Stable,98.3,0.1,1.5,98.3
z_34.5_-15.0,2029,3,2029-T3,Stable,97.6,0.2,2.2,97.6
z_34.5_-15.0,2029,4,2029-T4,Stable,97.5,0.2,2.2,97.5
z_34.5_-15.0,2030,1,2030-T1,Stable,97.3,0.2,2.4,97.3
z_34.5_-15.0,2030,2,2030-T2,Stable,98.3,0.1,1.5,98.3
z_34.5_-15.0,2030,3,2030-T3,Stable,97.6,0.2,2.2,97.6
z_34.5_-15.0,2030,4,2030-T4,Stable,97.5,0.2,2.2,97.5
z_34.5_-39.0,2023,1,2023-T1,Stable,97.5,0.3,2.3,97.5
z_34.5_-39.0,2023,2,2023-T2,Stable,98.5,0.1,1.4,98.5
z_34.5_-39.0,2023,3,2023-T3,Stable,97.8,0.2,2.0,97.8
z_34.5_-39.0,2023,4,2023-T4,Stable,97.9,0.2,1.9,97.9
z_34.5_-39.0,2024,1,2024-T1,Stable,97.5,0.3,2.3,97.5
z_34.5_-39.0,2024,2,2024-T2,Stable,98.5,0.1,1.4,98.5
z_34.5_-39.0,2024,3,2024-T3,Stable,97.8,0.2,2.0,97.8
z_34.5_-39.0,2024,4,2024-T4,Stable,97.9,0.2,1.9,97.9
z_34.5_-39.0,2025,1,2025-T1,Stable,97.5,0.3,2.3,97.5
z_34.5_-39.0,2025,2,2025-T2,Stable,97.6,0.2,2.2,97.6
z_34.5_-39.0,2025,3,2025-T3,Stable,97.0,0.5,2.5,97.0
z_34.5_-39.0,2025,4,2025-T4,Stable,98.5,0.2,1.4,98.5
z_34.5_-39.0,2026,1,2026-T1,Stable,94.0,2.6,3.4,94.0
z_34.5_-39.0,2026,2,2026-T2,Stable,98.5,0.1,1.4,98.5
z_34.5_-39.0,2026,3,2026-T3,Stable,97.8,0.2,2.0,97.8
z_34.5_-39.0,2026,4,2026-T4,Stable,97.9,0.2,1.9,97.9
z_34.5_-39.0,2027,1,2027-T1,Stable,96.5,0.7,2.9,96.5
z_34.5_-39.0,2027,2,2027-T2,Stable,98.5,0.1,1.4,98.5
z_34.5_-39.0,2027,3,2027-T3,Stable,97.8,0.2,2.0,97.8
z_34.5_-39.0,2027,4,2027-T4,Stable,97.9,0.2,1.9,97.9
z_34.5_-39.0,2028,1,2028-T1,Stable,96.4,0.8,2.8,96.4
z_34.5_-39.0,2028,2,2028-T2,Stable,98.5,0.1,1.4,98.5
z_34.5_-39.0,2028,3,2028-T3,Stable,97.8,0.2,2.0,97.8
z_34.5_-39.0,2028,4,2028-T4,Stable,97.9,0.2,1.9,97.9
z_34.5_-39.0,2029,1,2029-T1,Stable,97.3,0.3,2.5,97.3
z_34.5_-39.0,2029,2,2029-T2,Stable,98.5,0.1,1.4,98.5
z_34.5_-39.0,2029,3,2029-T3,Stable,97.8,0.2,2.0,97.8
z_34.5_-39.0,2029,4,2029-T4,Stable,97.9,0.2,1.9,97.9
z_34.5_-39.0,2030,1,2030-T1,Stable,96.1,0.9,3.0,96.1
z_34.5_-39.0,2030,2,2030-T2,Stable,98.5,0.1,1.4,98.5
z_34.5_-39.0,2030,3,2030-T3,Stable,97.8,0.2,2.0,97.8
z_34.5_-39.0,2030,4,2030-T4,Stable,97.9,0.2,1.9,97.9
z_34.5_-4.5,2023,1,2023-T1,Diminution,83.1,3.8,83.1,13.2
z_34.5_-4.5,2023,2,2023-T2,Stable,91.8,4.9,3.3,91.8
z_34.5_-4.5,2023,3,2023-T3,Stable,94.0,1.9,4.2,94.0
z_34.5_-4.5,2023,4,2023-T4,Stable,90.6,2.1,7.3,90.6
z_34.5_-4.5,2024,1,2024-T1,Diminution,88.5,2.0,88.5,9.5
z_34.5_-4.5,2024,2,2024-T2,Stable,97.1,0.5,2.4,97.1
z_34.5_-4.5,2024,3,2024-T3,Stable,90.8,1.3,7.9,90.8
z_34.5_-4.5,2024,4,2024-T4,Stable,95.5,0.9,3.6,95.5
z_34.5_-4.5,2025,1,2025-T1,Diminution,82.2,5.0,82.2,12.8
z_34.5_-4.5,2025,2,2025-T2,Stable,96.0,0.9,3.0,96.0
z_34.5_-4.5,2025,3,2025-T3,Stable,93.4,1.3,5.3,93.4
z_34.5_-4.5,2025,4,2025-T4,Stable,94.8,1.9,3.3,94.8
z_34.5_-4.5,2026,1,2026-T1,Diminution,82.2,5.0,82.2,12.8
z_34.5_-4.5,2026,2,2026-T2,Stable,95.6,1.4,3.0,95.6
z_34.5_-4.5,2026,3,2026-T3,Stable,94.6,1.1,4.2,94.6
z_34.5_-4.5,2026,4,2026-T4,Stable,97.6,0.5,1.9,97.6
z_34.5_-4.5,2027,1,2027-T1,Diminution,88.8,2.2,88.8,9.0
z_34.5_-4.5,2027,2,2027-T2,Stable,95.0,1.4,3.6,95.0
z_34.5_-4.5,2027,3,2027-T3,Stable,97.5,0.6,1.9,97.5
z_34.5_-4.5,2027,4,2027-T4,Stable,97.1,0.6,2.3,97.1
z_34.5_-4.5,2028,1,2028-T1,Diminution,88.8,2.2,88.8,9.0
z_34.5_-4.5,2028,2,2028-T2,Stable,96.9,0.6,2.5,96.9
z_34.5_-4.5,2028,3,2028-T3,Stable,97.0,0.5,2.5,97.0
z_34.5_-4.5,2028,4,2028-T4,Stable,97.8,0.5,1.7,97.8
z_34.5_-4.5,2029,1,2029-T1,Diminution,88.8,2.2,88.8,9.0
z_34.5_-4.5,2029,2,2029-T2,Stable,96.0,1.3,2.7,96.0
z_34.5_-4.5,2029,3,2029-T3,Stable,97.6,0.5,1.9,97.6
z_34.5_-4.5,2029,4,2029-T4,Stable,97.8,0.5,1.7,97.8
z_34.5_-4.5,2030,1,2030-T1,Diminution,88.8,2.2,88.8,9.0
z_34.5_-4.5,2030,2,2030-T2,Stable,97.0,0.7,2.4,97.0
z_34.5_-4.5,2030,3,2030-T3,Stable,97.6,0.5,1.9,97.6
z_34.5_-4.5,2030,4,2030-T4,Stable,97.8,0.5,1.7,97.8
z_34.5_-6.0,2023,1,2023-T1,Diminution,83.4,7.3,83.4,9.3
z_34.5_-6.0,2023,2,2023-T2,Stable,68.7,20.6,10.8,68.7
z_34.5_-6.0,2023,3,2023-T3,Diminution,82.4,7.1,82.4,10.5
z_34.5_-6.0,2023,4,2023-T4,Diminution,85.4,4.0,85.4,10.6
z_34.5_-6.0,2024,1,2024-T1,Diminution,79.7,8.3,79.7,12.0
z_34.5_-6.0,2024,2,2024-T2,Stable,67.5,21.9,10.6,67.5
z_34.5_-6.0,2024,3,2024-T3,Diminution,56.0,23.6,56.0,20.4
z_34.5_-6.0,2024,4,2024-T4,Diminution,56.1,26.5,56.1,17.4
z_34.5_-6.0,2025,1,2025-T1,Diminution,51.9,27.9,51.9,20.2
z_34.5_-6.0,2025,2,2025-T2,Stable,57.8,33.3,8.9,57.8
z_34.5_-6.0,2025,3,2025-T3,Diminution,80.3,5.5,80.3,14.2
z_34.5_-6.0,2025,4,2025-T4,Diminution,81.4,4.2,81.4,14.4
z_34.5_-6.0,2026,1,2026-T1,Diminution,79.8,5.8,79.8,14.4
z_34.5_-6.0,2026,2,2026-T2,Stable,62.7,27.1,10.2,62.7
z_34.5_-6.0,2026,3,2026-T3,Diminution,71.7,12.7,71.7,15.6
z_34.5_-6.0,2026,4,2026-T4,Diminution,75.0,10.5,75.0,14.5
z_34.5_-6.0,2027,1,2027-T1,Diminution,71.9,11.9,71.9,16.2
z_34.5_-6.0,2027,2,2027-T2,Stable,58.7,34.6,6.6,58.7
z_34.5_-6.0,2027,3,2027-T3,Diminution,74.0,10.6,74.0,15.5
z_34.5_-6.0,2027,4,2027-T4,Diminution,76.8,8.4,76.8,14.8
z_34.5_-6.0,2028,1,2028-T1,Diminution,74.3,9.0,74.3,16.7
z_34.5_-6.0,2028,2,2028-T2,Stable,63.0,27.8,9.2,63.0
z_34.5_-6.0,2028,3,2028-T3,Diminution,77.1,8.3,77.1,14.7
z_34.5_-6.0,2028,4,2028-T4,Diminution,77.1,8.0,77.1,14.8
z_34.5_-6.0,2029,1,2029-T1,Diminution,74.3,8.8,74.3,16.9
z_34.5_-6.0,2029,2,2029-T2,Stable,67.3,24.9,7.8,67.3
z_34.5_-6.0,2029,3,2029-T3,Diminution,74.4,8.1,74.4,17.5
z_34.5_-6.0,2029,4,2029-T4,Diminution,76.2,7.0,76.2,16.8
z_34.5_-6.0,2030,1,2030-T1,Diminution,72.8,8.9,72.8,18.3
z_34.5_-6.0,2030,2,2030-T2,Stable,73.9,18.9,7.2,73.9
z_34.5_-6.0,2030,3,2030-T3,Diminution,74.9,8.0,74.9,17.1
z_34.5_-6.0,2030,4,2030-T4,Diminution,76.5,6.9,76.5,16.6
z_34.5_-7.5,2023,1,2023-T1,Stable,89.7,4.5,5.7,89.7
z_34.5_-7.5,2023,2,2023-T2,Stable,95.9,2.0,2.1,95.9
z_34.5_-7.5,2023,3,2023-T3,Stable,93.9,2.6,3.5,93.9
z_34.5_-7.5,2023,4,2023-T4,Stable,92.8,4.1,3.1,92.8
z_34.5_-7.5,2024,1,2024-T1,Stable,84.8,9.3,5.9,84.8
z_34.5_-7.5,2024,2,2024-T2,Stable,87.8,8.8,3.4,87.8
z_34.5_-7.5,2024,3,2024-T3,Stable,82.8,3.5,13.7,82.8
z_34.5_-7.5,2024,4,2024-T4,Stable,89.5,7.9,2.6,89.5
z_34.5_-7.5,2025,1,2025-T1,Stable,90.6,5.2,4.2,90.6
z_34.5_-7.5,2025,2,2025-T2,Stable,96.4,1.9,1.6,96.4
z_34.5_-7.5,2025,3,2025-T3,Stable,95.3,1.9,2.8,95.3
z_34.5_-7.5,2025,4,2025-T4,Stable,92.7,3.8,3.5,92.7
z_34.5_-7.5,2026,1,2026-T1,Stable,90.0,6.1,3.9,90.0
z_34.5_-7.5,2026,2,2026-T2,Stable,94.1,2.7,3.2,94.1
z_34.5_-7.5,2026,3,2026-T3,Stable,96.7,1.5,1.7,96.7
z_34.5_-7.5,2026,4,2026-T4,Stable,89.4,6.1,4.4,89.4
z_34.5_-7.5,2027,1,2027-T1,Stable,91.9,5.2,2.9,91.9
z_34.5_-7.5,2027,2,2027-T2,Stable,95.8,2.1,2.0,95.8
z_34.5_-7.5,2027,3,2027-T3,Stable,95.3,1.9,2.8,95.3
z_34.5_-7.5,2027,4,2027-T4,Stable,93.0,3.1,3.9,93.0
z_34.5_-7.5,2028,1,2028-T1,Stable,91.9,5.2,2.9,91.9
z_34.5_-7.5,2028,2,2028-T2,Stable,95.9,2.0,2.1,95.9
z_34.5_-7.5,2028,3,2028-T3,Stable,95.3,1.9,2.8,95.3
z_34.5_-7.5,2028,4,2028-T4,Stable,92.4,3.7,4.0,92.4
z_34.5_-7.5,2029,1,2029-T1,Stable,91.9,5.2,2.9,91.9
z_34.5_-7.5,2029,2,2029-T2,Stable,96.4,2.0,1.6,96.4
z_34.5_-7.5,2029,3,2029-T3,Stable,95.3,1.9,2.8,95.3
z_34.5_-7.5,2029,4,2029-T4,Stable,94.4,3.4,2.2,94.4
z_34.5_-7.5,2030,1,2030-T1,Stable,91.9,5.2,2.9,91.9
z_34.5_-7.5,2030,2,2030-T2,Stable,96.4,2.0,1.6,96.4
z_34.5_-7.5,2030,3,2030-T3,Stable,95.3,1.9,2.8,95.3
z_34.5_-7.5,2030,4,2030-T4,Stable,94.2,3.3,2.5,94.2
z_34.5_0.0,2023,1,2023-T1,Stable,95.9,0.9,3.1,95.9
z_34.5_0.0,2023,2,2023-T2,Stable,96.3,0.5,3.1,96.3
z_34.5_0.0,2023,3,2023-T3,Stable,98.0,0.1,1.8,98.0
z_34.5_0.0,2023,4,2023-T4,Stable,98.1,0.2,1.8,98.1
z_34.5_0.0,2024,1,2024-T1,Stable,98.0,0.2,1.8,98.0
z_34.5_0.0,2024,2,2024-T2,Stable,96.2,0.2,3.6,96.2
z_34.5_0.0,2024,3,2024-T3,Stable,95.5,0.4,4.2,95.5
z_34.5_0.0,2024,4,2024-T4,Stable,97.1,0.7,2.2,97.1
z_34.5_0.0,2025,1,2025-T1,Stable,97.8,0.9,1.4,97.8
z_34.5_0.0,2025,2,2025-T2,Stable,95.2,2.1,2.7,95.2
z_34.5_0.0,2025,3,2025-T3,Stable,98.0,0.1,1.8,98.0
z_34.5_0.0,2025,4,2025-T4,Stable,98.1,0.2,1.8,98.1
z_34.5_0.0,2026,1,2026-T1,Stable,98.0,0.2,1.8,98.0
z_34.5_0.0,2026,2,2026-T2,Stable,95.4,0.6,4.0,95.4
z_34.5_0.0,2026,3,2026-T3,Stable,98.0,0.1,1.8,98.0
z_34.5_0.0,2026,4,2026-T4,Stable,98.1,0.2,1.8,98.1
z_34.5_0.0,2027,1,2027-T1,Stable,98.0,0.2,1.8,98.0
z_34.5_0.0,2027,2,2027-T2,Stable,96.2,0.2,3.6,96.2
z_34.5_0.0,2027,3,2027-T3,Stable,98.0,0.1,1.8,98.0
z_34.5_0.0,2027,4,2027-T4,Stable,98.1,0.2,1.8,98.1
z_34.5_0.0,2028,1,2028-T1,Stable,98.0,0.2,1.8,98.0
z_34.5_0.0,2028,2,2028-T2,Stable,98.0,0.3,1.7,98.0
z_34.5_0.0,2028,3,2028-T3,Stable,98.0,0.1,1.8,98.0
z_34.5_0.0,2028,4,2028-T4,Stable,98.1,0.2,1.8,98.1
z_34.5_0.0,2029,1,2029-T1,Stable,98.0,0.2,1.8,98.0
z_34.5_0.0,2029,2,2029-T2,Stable,97.0,0.4,2.6,97.0
z_34.5_0.0,2029,3,2029-T3,Stable,98.0,0.1,1.8,98.0
z_34.5_0.0,2029,4,2029-T4,Stable,98.1,0.2,1.8,98.1
z_34.5_0.0,2030,1,2030-T1,Stable,98.0,0.2,1.8,98.0
z_34.5_0.0,2030,2,2030-T2,Stable,98.1,0.1,1.7,98.1
z_34.5_0.0,2030,3,2030-T3,Stable,98.0,0.1,1.8,98.0
z_34.5_0.0,2030,4,2030-T4,Stable,98.1,0.2,1.8,98.1
z_34.5_12.0,2023,1,2023-T1,Stable,80.7,15.5,3.8,80.7
z_34.5_12.0,2023,2,2023-T2,Diminution,89.6,0.5,89.6,9.9
z_34.5_12.0,2023,3,2023-T3,Diminution,89.6,0.7,89.6,9.7
z_34.5_12.0,2023,4,2023-T4,Stable,77.4,17.2,5.4,77.4
z_34.5_12.0,2024,1,2024-T1,Stable,69.4,27.1,3.5,69.4
z_34.5_12.0,2024,2,2024-T2,Diminution,85.1,1.3,85.1,13.7
z_34.5_12.0,2024,3,2024-T3,Diminution,88.8,0.9,88.8,10.3
z_34.5_12.0,2024,4,2024-T4,Stable,91.2,5.3,3.5,91.2
z_34.5_12.0,2025,1,2025-T1,Stable,71.7,22.8,5.5,71.7
z_34.5_12.0,2025,2,2025-T2,Diminution,81.1,3.0,81.1,16.0
z_34.5_12.0,2025,3,2025-T3,Diminution,85.2,2.1,85.2,12.7
z_34.5_12.0,2025,4,2025-T4,Stable,91.0,6.1,2.9,91.0
z_34.5_12.0,2026,1,2026-T1,Stable,78.6,18.1,3.3,78.6
z_34.5_12.0,2026,2,2026-T2,Diminution,88.3,0.6,88.3,11.1
z_34.5_12.0,2026,3,2026-T3,Diminution,89.1,0.5,89.1,10.4
z_34.5_12.0,2026,4,2026-T4,Stable,91.7,5.5,2.8,91.7
z_34.5_12.0,2027,1,2027-T1,Stable,78.6,18.1,3.3,78.6
z_34.5_12.0,2027,2,2027-T2,Diminution,88.3,0.6,88.3,11.1
z_34.5_12.0,2027,3,2027-T3,Diminution,88.4,0.6,88.4,11.0
z_34.5_12.0,2027,4,2027-T4,Stable,91.3,5.6,3.2,91.3
z_34.5_12.0,2028,1,2028-T1,Stable,78.6,18.1,3.3,78.6
z_34.5_12.0,2028,2,2028-T2,Diminution,88.4,0.6,88.4,11.0
z_34.5_12.0,2028,3,2028-T3,Diminution,89.3,0.6,89.3,10.1
z_34.5_12.0,2028,4,2028-T4,Stable,91.5,5.5,3.0,91.5
z_34.5_12.0,2029,1,2029-T1,Stable,78.6,18.1,3.3,78.6
z_34.5_12.0,2029,2,2029-T2,Diminution,88.7,0.5,88.7,10.8
z_34.5_12.0,2029,3,2029-T3,Diminution,90.0,0.4,90.0,9.5
z_34.5_12.0,2029,4,2029-T4,Stable,92.3,4.9,2.9,92.3
z_34.5_12.0,2030,1,2030-T1,Stable,78.6,18.1,3.3,78.6
z_34.5_12.0,2030,2,2030-T2,Diminution,88.7,0.5,88.7,10.8
z_34.5_12.0,2030,3,2030-T3,Diminution,89.8,0.4,89.8,9.8
z_34.5_12.0,2030,4,2030-T4,Stable,92.2,4.9,2.9,92.2
z_34.5_13.5,2023,1,2023-T1,Augmentation,66.6,66.6,26.2,7.2
z_34.5_13.5,2023,2,2023-T2,Augmentation,74.3,74.3,20.3,5.3
z_34.5_13.5,2023,3,2023-T3,Augmentation,77.5,77.5,18.4,4.1
z_34.5_13.5,2023,4,2023-T4,Augmentation,80.5,80.5,16.0,3.5
z_34.5_13.5,2024,1,2024-T1,Augmentation,65.6,65.6,29.1,5.3
z_34.5_13.5,2024,2,2024-T2,Augmentation,72.2,72.2,22.5,5.4
z_34.5_13.5,2024,3,2024-T3,Augmentation,80.8,80.8,15.9,3.3
z_34.5_13.5,2024,4,2024-T4,Augmentation,73.1,73.1,22.1,4.8
z_34.5_13.5,2025,1,2025-T1,Augmentation,78.6,78.6,17.8,3.6
z_34.5_13.5,2025,2,2025-T2,Augmentation,80.4,80.4,16.4,3.2
z_34.5_13.5,2025,3,2025-T3,Augmentation,82.8,82.8,14.1,3.1
z_34.5_13.5,2025,4,2025-T4,Augmentation,76.6,76.6,18.7,4.8
z_34.5_13.5,2026,1,2026-T1,Augmentation,77.9,77.9,17.7,4.4
z_34.5_13.5,2026,2,2026-T2,Augmentation,78.8,78.8,18.1,3.1
z_34.5_13.5,2026,3,2026-T3,Augmentation,79.8,79.8,17.0,3.2
z_34.5_13.5,2026,4,2026-T4,Augmentation,79.3,79.3,17.6,3.1
z_34.5_13.5,2027,1,2027-T1,Augmentation,67.1,67.1,27.6,5.2
z_34.5_13.5,2027,2,2027-T2,Augmentation,72.8,72.8,22.4,4.7
z_34.5_13.5,2027,3,2027-T3,Augmentation,77.6,77.6,19.0,3.4
z_34.5_13.5,2027,4,2027-T4,Augmentation,79.2,79.2,17.5,3.3
z_34.5_13.5,2028,1,2028-T1,Augmentation,71.9,71.9,22.8,5.3
z_34.5_13.5,2028,2,2028-T2,Augmentation,80.3,80.3,16.7,3.0
z_34.5_13.5,2028,3,2028-T3,Augmentation,75.2,75.2,20.7,4.0
z_34.5_13.5,2028,4,2028-T4,Augmentation,80.3,80.3,16.5,3.2
z_34.5_13.5,2029,1,2029-T1,Augmentation,77.4,77.4,18.6,4.0
z_34.5_13.5,2029,2,2029-T2,Augmentation,77.7,77.7,18.7,3.6
z_34.5_13.5,2029,3,2029-T3,Augmentation,79.1,79.1,17.5,3.4
z_34.5_13.5,2029,4,2029-T4,Augmentation,78.0,78.0,18.1,3.9
z_34.5_13.5,2030,1,2030-T1,Augmentation,75.2,75.2,20.1,4.6
z_34.5_13.5,2030,2,2030-T2,Augmentation,79.2,79.2,17.4,3.4
z_34.5_13.5,2030,3,2030-T3,Augmentation,80.0,80.0,16.6,3.4
z_34.5_13.5,2030,4,2030-T4,Augmentation,78.1,78.1,17.9,4.0
z_34.5_16.5,2023,1,2023-T1,Stable,97.9,0.7,1.4,97.9
z_34.5_16.5,2023,2,2023-T2,Stable,96.0,1.3,2.7,96.0
z_34.5_16.5,2023,3,2023-T3,Stable,97.5,0.2,2.4,97.5
z_34.5_16.5,2023,4,2023-T4,Stable,97.7,0.2,2.1,97.7
z_34.5_16.5,2024,1,2024-T1,Stable,97.7,0.2,2.1,97.7
z_34.5_16.5,2024,2,2024-T2,Stable,96.6,0.5,2.9,96.6
z_34.5_16.5,2024,3,2024-T3,Stable,97.5,0.2,2.4,97.5
z_34.5_16.5,2024,4,2024-T4,Stable,97.7,0.2,2.1,97.7
z_34.5_16.5,2025,1,2025-T1,Stable,97.7,0.2,2.1,97.7
z_34.5_16.5,2025,2,2025-T2,Stable,97.1,0.3,2.6,97.1
z_34.5_16.5,2025,3,2025-T3,Stable,97.5,0.2,2.4,97.5
z_34.5_16.5,2025,4,2025-T4,Stable,95.8,0.7,3.5,95.8
z_34.5_16.5,2026,1,2026-T1,Stable,96.3,0.7,3.1,96.3
z_34.5_16.5,2026,2,2026-T2,Stable,98.1,0.3,1.6,98.1
z_34.5_16.5,2026,3,2026-T3,Stable,94.5,1.8,3.7,94.5
z_34.5_16.5,2026,4,2026-T4,Stable,97.7,0.2,2.1,97.7
z_34.5_16.5,2027,1,2027-T1,Stable,97.7,0.2,2.1,97.7
z_34.5_16.5,2027,2,2027-T2,Stable,96.8,0.3,2.9,96.8
z_34.5_16.5,2027,3,2027-T3,Stable,96.1,0.4,3.5,96.1
z_34.5_16.5,2027,4,2027-T4,Stable,97.7,0.2,2.1,97.7
z_34.5_16.5,2028,1,2028-T1,Stable,97.7,0.2,2.1,97.7
z_34.5_16.5,2028,2,2028-T2,Stable,97.9,0.2,1.9,97.9
z_34.5_16.5,2028,3,2028-T3,Stable,96.2,0.3,3.5,96.2
z_34.5_16.5,2028,4,2028-T4,Stable,97.7,0.2,2.1,97.7
z_34.5_16.5,2029,1,2029-T1,Stable,97.7,0.2,2.1,97.7
z_34.5_16.5,2029,2,2029-T2,Stable,97.9,0.2,1.9,97.9
z_34.5_16.5,2029,3,2029-T3,Stable,97.5,0.2,2.3,97.5
z_34.5_16.5,2029,4,2029-T4,Stable,97.7,0.2,2.1,97.7
z_34.5_16.5,2030,1,2030-T1,Stable,97.7,0.2,2.1,97.7
z_34.5_16.5,2030,2,2030-T2,Stable,97.9,0.2,1.9,97.9
z_34.5_16.5,2030,3,2030-T3,Stable,96.1,0.3,3.6,96.1
z_34.5_16.5,2030,4,2030-T4,Stable,97.7,0.2,2.1,97.7
z_34.5_18.0,2023,1,2023-T1,Stable,97.6,0.2,2.2,97.6
z_34.5_18.0,2023,2,2023-T2,Stable,97.9,0.1,2.0,97.9
z_34.5_18.0,2023,3,2023-T3,Stable,97.4,0.2,2.4,97.4
z_34.5_18.0,2023,4,2023-T4,Stable,97.5,0.2,2.3,97.5
z_34.5_18.0,2024,1,2024-T1,Stable,97.6,0.2,2.2,97.6
z_34.5_18.0,2024,2,2024-T2,Stable,97.9,0.1,2.0,97.9
z_34.5_18.0,2024,3,2024-T3,Stable,95.9,0.4,3.7,95.9
z_34.5_18.0,2024,4,2024-T4,Stable,96.8,0.5,2.8,96.8
z_34.5_18.0,2025,1,2025-T1,Stable,97.8,0.7,1.5,97.8
z_34.5_18.0,2025,2,2025-T2,Stable,95.3,1.5,3.1,95.3
z_34.5_18.0,2025,3,2025-T3,Stable,97.4,0.2,2.4,97.4
z_34.5_18.0,2025,4,2025-T4,Stable,97.5,0.2,2.3,97.5
z_34.5_18.0,2026,1,2026-T1,Stable,97.6,0.2,2.2,97.6
z_34.5_18.0,2026,2,2026-T2,Stable,96.9,0.3,2.8,96.9
z_34.5_18.0,2026,3,2026-T3,Stable,97.4,0.2,2.4,97.4
z_34.5_18.0,2026,4,2026-T4,Stable,97.5,0.2,2.3,97.5
z_34.5_18.0,2027,1,2027-T1,Stable,97.6,0.2,2.2,97.6
z_34.5_18.0,2027,2,2027-T2,Stable,97.1,0.2,2.7,97.1
z_34.5_18.0,2027,3,2027-T3,Stable,97.4,0.2,2.4,97.4
z_34.5_18.0,2027,4,2027-T4,Stable,97.5,0.2,2.3,97.5
z_34.5_18.0,2028,1,2028-T1,Stable,97.6,0.2,2.2,97.6
z_34.5_18.0,2028,2,2028-T2,Stable,97.7,0.2,2.1,97.7
z_34.5_18.0,2028,3,2028-T3,Stable,97.4,0.2,2.4,97.4
z_34.5_18.0,2028,4,2028-T4,Stable,97.5,0.2,2.3,97.5
z_34.5_18.0,2029,1,2029-T1,Stable,97.6,0.2,2.2,97.6
z_34.5_18.0,2029,2,2029-T2,Stable,96.8,0.4,2.9,96.8
z_34.5_18.0,2029,3,2029-T3,Stable,97.4,0.2,2.4,97.4
z_34.5_18.0,2029,4,2029-T4,Stable,97.5,0.2,2.3,97.5
z_34.5_18.0,2030,1,2030-T1,Stable,97.6,0.2,2.2,97.6
z_34.5_18.0,2030,2,2030-T2,Stable,97.9,0.1,2.0,97.9
z_34.5_18.0,2030,3,2030-T3,Stable,97.4,0.2,2.4,97.4
z_34.5_18.0,2030,4,2030-T4,Stable,97.5,0.2,2.3,97.5
z_34.5_19.5,2023,1,2023-T1,Stable,95.5,0.9,3.6,95.5
z_34.5_19.5,2023,2,2023-T2,Stable,97.5,0.2,2.3,97.5
z_34.5_19.5,2023,3,2023-T3,Stable,97.3,0.2,2.6,97.3
z_34.5_19.5,2023,4,2023-T4,Stable,97.5,0.2,2.3,97.5
z_34.5_19.5,2024,1,2024-T1,Stable,97.5,0.2,2.3,97.5
z_34.5_19.5,2024,2,2024-T2,Stable,95.1,0.5,4.4,95.1
z_34.5_19.5,2024,3,2024-T3,Stable,96.5,0.6,2.9,96.5
z_34.5_19.5,2024,4,2024-T4,Stable,98.1,0.2,1.7,98.1
z_34.5_19.5,2025,1,2025-T1,Stable,94.1,2.3,3.6,94.1
z_34.5_19.5,2025,2,2025-T2,Stable,97.7,0.1,2.2,97.7
z_34.5_19.5,2025,3,2025-T3,Stable,97.3,0.2,2.6,97.3
z_34.5_19.5,2025,4,2025-T4,Stable,97.5,0.2,2.3,97.5
z_34.5_19.5,2026,1,2026-T1,Stable,95.8,0.7,3.5,95.8
z_34.5_19.5,2026,2,2026-T2,Stable,97.7,0.1,2.2,97.7
z_34.5_19.5,2026,3,2026-T3,Stable,97.3,0.2,2.6,97.3
z_34.5_19.5,2026,4,2026-T4,Stable,97.5,0.2,2.3,97.5
z_34.5_19.5,2027,1,2027-T1,Stable,95.9,0.7,3.4,95.9
z_34.5_19.5,2027,2,2027-T2,Stable,97.7,0.1,2.2,97.7
z_34.5_19.5,2027,3,2027-T3,Stable,97.3,0.2,2.6,97.3
z_34.5_19.5,2027,4,2027-T4,Stable,97.5,0.2,2.3,97.5
z_34.5_19.5,2028,1,2028-T1,Stable,97.3,0.2,2.5,97.3
z_34.5_19.5,2028,2,2028-T2,Stable,97.7,0.1,2.2,97.7
z_34.5_19.5,2028,3,2028-T3,Stable,97.3,0.2,2.6,97.3
z_34.5_19.5,2028,4,2028-T4,Stable,97.5,0.2,2.3,97.5
z_34.5_19.5,2029,1,2029-T1,Stable,95.5,0.9,3.6,95.5
z_34.5_19.5,2029,2,2029-T2,Stable,97.7,0.1,2.2,97.7
z_34.5_19.5,2029,3,2029-T3,Stable,97.3,0.2,2.6,97.3
z_34.5_19.5,2029,4,2029-T4,Stable,97.5,0.2,2.3,97.5
z_34.5_19.5,2030,1,2030-T1,Stable,97.5,0.2,2.3,97.5
z_34.5_19.5,2030,2,2030-T2,Stable,97.7,0.1,2.2,97.7
z_34.5_19.5,2030,3,2030-T3,Stable,97.3,0.2,2.6,97.3
z_34.5_19.5,2030,4,2030-T4,Stable,97.5,0.2,2.3,97.5
z_34.5_22.5,2023,1,2023-T1,Stable,95.3,1.3,3.4,95.3
z_34.5_22.5,2023,2,2023-T2,Stable,84.0,8.1,7.9,84.0
z_34.5_22.5,2023,3,2023-T3,Stable,82.8,9.3,7.9,82.8
z_34.5_22.5,2023,4,2023-T4,Stable,78.6,14.9,6.5,78.6
z_34.5_22.5,2024,1,2024-T1,Stable,75.2,16.7,8.1,75.2
z_34.5_22.5,2024,2,2024-T2,Stable,74.5,15.3,10.2,74.5
z_34.5_22.5,2024,3,2024-T3,Stable,88.0,4.3,7.7,88.0
z_34.5_22.5,2024,4,2024-T4,Stable,76.9,17.9,5.2,76.9
z_34.5_22.5,2025,1,2025-T1,Stable,81.5,13.6,4.9,81.5
z_34.5_22.5,2025,2,2025-T2,Stable,79.8,12.3,7.9,79.8
z_34.5_22.5,2025,3,2025-T3,Stable,89.8,3.7,6.5,89.8
z_34.5_22.5,2025,4,2025-T4,Stable,89.3,7.1,3.5,89.3
z_34.5_22.5,2026,1,2026-T1,Stable,84.1,11.1,4.7,84.1
z_34.5_22.5,2026,2,2026-T2,Stable,81.4,10.2,8.4,81.4
z_34.5_22.5,2026,3,2026-T3,Stable,90.8,2.2,6.9,90.8
z_34.5_22.5,2026,4,2026-T4,Stable,97.2,0.8,2.0,97.2
z_34.5_22.5,2027,1,2027-T1,Stable,96.5,1.0,2.5,96.5
z_34.5_22.5,2027,2,2027-T2,Stable,83.4,8.9,7.7,83.4
z_34.5_22.5,2027,3,2027-T3,Stable,93.8,1.1,5.2,93.8
z_34.5_22.5,2027,4,2027-T4,Stable,97.2,0.8,2.0,97.2
z_34.5_22.5,2028,1,2028-T1,Stable,94.9,1.9,3.2,94.9
z_34.5_22.5,2028,2,2028-T2,Stable,83.3,8.7,8.0,83.3
z_34.5_22.5,2028,3,2028-T3,Stable,92.3,2.7,5.0,92.3
z_34.5_22.5,2028,4,2028-T4,Stable,97.2,0.8,2.0,97.2
z_34.5_22.5,2029,1,2029-T1,Stable,96.5,1.0,2.5,96.5
z_34.5_22.5,2029,2,2029-T2,Stable,83.9,9.4,6.7,83.9
z_34.5_22.5,2029,3,2029-T3,Stable,95.2,1.9,3.0,95.2
z_34.5_22.5,2029,4,2029-T4,Stable,97.2,0.8,2.0,97.2
z_34.5_22.5,2030,1,2030-T1,Stable,96.5,1.0,2.5,96.5
z_34.5_22.5,2030,2,2030-T2,Stable,84.6,9.0,6.4,84.6
z_34.5_22.5,2030,3,2030-T3,Stable,95.7,1.6,2.6,95.7
z_34.5_22.5,2030,4,2030-T4,Stable,97.2,0.8,2.0,97.2
z_34.5_24.0,2023,1,2023-T1,Augmentation,63.6,63.6,24.7,11.8
z_34.5_24.0,2023,2,2023-T2,Diminution,59.2,24.7,59.2,16.1
z_34.5_24.0,2023,3,2023-T3,Diminution,66.0,23.8,66.0,10.2
z_34.5_24.0,2023,4,2023-T4,Diminution,55.1,34.1,55.1,10.8
z_34.5_24.0,2024,1,2024-T1,Augmentation,39.6,39.6,45.6,14.7
z_34.5_24.0,2024,2,2024-T2,Diminution,56.6,32.2,56.6,11.1
z_34.5_24.0,2024,3,2024-T3,Diminution,61.7,28.6,61.7,9.7
z_34.5_24.0,2024,4,2024-T4,Augmentation,43.4,43.4,43.8,12.8
z_34.5_24.0,2025,1,2025-T1,Augmentation,39.3,39.3,45.0,15.7
z_34.5_24.0,2025,2,2025-T2,Diminution,47.7,35.4,47.7,17.0
z_34.5_24.0,2025,3,2025-T3,Augmentation,38.4,38.4,50.1,11.5
z_34.5_24.0,2025,4,2025-T4,Augmentation,42.0,42.0,41.1,16.9
z_34.5_24.0,2026,1,2026-T1,Augmentation,44.2,44.2,41.6,14.1
z_34.5_24.0,2026,2,2026-T2,Augmentation,40.3,40.3,44.5,15.2
z_34.5_24.0,2026,3,2026-T3,Diminution,51.4,36.2,51.4,12.4
z_34.5_24.0,2026,4,2026-T4,Augmentation,36.3,36.3,47.2,16.5
z_34.5_24.0,2027,1,2027-T1,Augmentation,43.1,43.1,41.4,15.5
z_34.5_24.0,2027,2,2027-T2,Augmentation,43.7,43.7,42.4,13.9
z_34.5_24.0,2027,3,2027-T3,Diminution,50.9,37.7,50.9,11.3
z_34.5_24.0,2027,4,2027-T4,Augmentation,44.5,44.5,41.2,14.3
z_34.5_24.0,2028,1,2028-T1,Augmentation,43.1,43.1,41.2,15.7
z_34.5_24.0,2028,2,2028-T2,Augmentation,44.7,44.7,41.7,13.6
z_34.5_24.0,2028,3,2028-T3,Diminution,50.9,37.0,50.9,12.1
z_34.5_24.0,2028,4,2028-T4,Augmentation,39.9,39.9,44.4,15.6
z_34.5_24.0,2029,1,2029-T1,Augmentation,43.1,43.1,41.2,15.7
z_34.5_24.0,2029,2,2029-T2,Augmentation,40.2,40.2,45.9,13.9
z_34.5_24.0,2029,3,2029-T3,Augmentation,39.7,39.7,48.7,11.5
z_34.5_24.0,2029,4,2029-T4,Augmentation,40.2,40.2,44.1,15.7
z_34.5_24.0,2030,1,2030-T1,Augmentation,43.1,43.1,41.2,15.7
z_34.5_24.0,2030,2,2030-T2,Augmentation,40.5,40.5,45.5,14.1
z_34.5_24.0,2030,3,2030-T3,Diminution,51.0,37.4,51.0,11.6
z_34.5_24.0,2030,4,2030-T4,Augmentation,42.0,42.0,43.2,14.8
z_34.5_25.5,2023,1,2023-T1,Stable,79.9,16.8,3.3,79.9
z_34.5_25.5,2023,2,2023-T2,Diminution,83.8,1.3,83.8,15.0
z_34.5_25.5,2023,3,2023-T3,Stable,72.9,15.0,12.1,72.9
z_34.5_25.5,2023,4,2023-T4,Stable,71.8,20.2,8.0,71.8
z_34.5_25.5,2024,1,2024-T1,Stable,69.6,22.3,8.1,69.6
z_34.5_25.5,2024,2,2024-T2,Diminution,63.7,16.8,63.7,19.6
z_34.5_25.5,2024,3,2024-T3,Stable,73.3,15.9,10.8,73.3
z_34.5_25.5,2024,4,2024-T4,Stable,86.3,10.2,3.4,86.3
z_34.5_25.5,2025,1,2025-T1,Stable,83.7,13.4,2.8,83.7
z_34.5_25.5,2025,2,2025-T2,Diminution,83.4,1.2,83.4,15.3
z_34.5_25.5,2025,3,2025-T3,Stable,76.1,13.3,10.6,76.1
z_34.5_25.5,2025,4,2025-T4,Stable,82.1,13.9,4.0,82.1
z_34.5_25.5,2026,1,2026-T1,Stable,75.6,21.3,3.1,75.6
z_34.5_25.5,2026,2,2026-T2,Diminution,80.7,3.2,80.7,16.1
z_34.5_25.5,2026,3,2026-T3,Stable,73.8,15.8,10.4,73.8
z_34.5_25.5,2026,4,2026-T4,Stable,86.1,11.2,2.7,86.1
z_34.5_25.5,2027,1,2027-T1,Stable,77.9,19.0,3.0,77.9
z_34.5_25.5,2027,2,2027-T2,Diminution,84.7,0.9,84.7,14.4
z_34.5_25.5,2027,3,2027-T3,Stable,76.5,13.5,10.0,76.5
z_34.5_25.5,2027,4,2027-T4,Stable,86.1,11.2,2.7,86.1
z_34.5_25.5,2028,1,2028-T1,Stable,83.2,13.8,3.0,83.2
z_34.5_25.5,2028,2,2028-T2,Diminution,85.1,1.2,85.1,13.7
z_34.5_25.5,2028,3,2028-T3,Stable,72.2,18.5,9.4,72.2
z_34.5_25.5,2028,4,2028-T4,Stable,86.1,11.2,2.7,86.1
z_34.5_25.5,2029,1,2029-T1,Stable,79.3,17.5,3.2,79.3
z_34.5_25.5,2029,2,2029-T2,Diminution,85.9,0.9,85.9,13.1
z_34.5_25.5,2029,3,2029-T3,Stable,78.4,13.5,8.2,78.4
z_34.5_25.5,2029,4,2029-T4,Stable,86.1,11.2,2.7,86.1
z_34.5_25.5,2030,1,2030-T1,Stable,80.7,16.7,2.7,80.7
z_34.5_25.5,2030,2,2030-T2,Diminution,85.4,1.2,85.4,13.4
z_34.5_25.5,2030,3,2030-T3,Stable,77.0,14.8,8.2,77.0
z_34.5_25.5,2030,4,2030-T4,Stable,86.1,11.2,2.7,86.1
z_34.5_27.0,2023,1,2023-T1,Stable,76.0,13.9,10.1,76.0
z_34.5_27.0,2023,2,2023-T2,Stable,78.3,13.2,8.5,78.3
z_34.5_27.0,2023,3,2023-T3,Stable,72.0,18.6,9.5,72.0
z_34.5_27.0,2023,4,2023-T4,Stable,57.1,35.5,7.4,57.1
z_34.5_27.0,2024,1,2024-T1,Stable,77.9,14.9,7.2,77.9
z_34.5_27.0,2024,2,2024-T2,Stable,94.8,3.0,2.2,94.8
z_34.5_27.0,2024,3,2024-T3,Stable,91.1,4.8,4.1,91.1
z_34.5_27.0,2024,4,2024-T4,Stable,89.4,4.9,5.7,89.4
z_34.5_27.0,2025,1,2025-T1,Stable,86.0,8.4,5.6,86.0
z_34.5_27.0,2025,2,2025-T2,Stable,96.4,0.9,2.7,96.4
z_34.5_27.0,2025,3,2025-T3,Stable,91.8,4.7,3.5,91.8
z_34.5_27.0,2025,4,2025-T4,Stable,90.4,5.1,4.5,90.4
z_34.5_27.0,2026,1,2026-T1,Stable,81.9,12.2,5.9,81.9
z_34.5_27.0,2026,2,2026-T2,Stable,96.2,1.3,2.5,96.2
z_34.5_27.0,2026,3,2026-T3,Stable,92.0,5.0,3.0,92.0
z_34.5_27.0,2026,4,2026-T4,Stable,90.5,6.0,3.5,90.5
z_34.5_27.0,2027,1,2027-T1,Stable,89.0,6.4,4.5,89.0
z_34.5_27.0,2027,2,2027-T2,Stable,97.0,0.9,2.1,97.0
z_34.5_27.0,2027,3,2027-T3,Stable,94.5,2.7,2.9,94.5
z_34.5_27.0,2027,4,2027-T4,Stable,92.4,4.9,2.6,92.4
z_34.5_27.0,2028,1,2028-T1,Stable,81.1,13.8,5.1,81.1
z_34.5_27.0,2028,2,2028-T2,Stable,97.0,0.9,2.1,97.0
z_34.5_27.0,2028,3,2028-T3,Stable,91.7,4.8,3.5,91.7
z_34.5_27.0,2028,4,2028-T4,Stable,92.4,4.9,2.6,92.4
z_34.5_27.0,2029,1,2029-T1,Stable,89.5,6.4,4.2,89.5
z_34.5_27.0,2029,2,2029-T2,Stable,97.0,0.9,2.1,97.0
z_34.5_27.0,2029,3,2029-T3,Stable,93.7,3.6,2.7,93.7
z_34.5_27.0,2029,4,2029-T4,Stable,92.4,4.9,2.6,92.4
z_34.5_27.0,2030,1,2030-T1,Stable,85.0,10.1,4.9,85.0
z_34.5_27.0,2030,2,2030-T2,Stable,97.0,0.9,2.1,97.0
z_34.5_27.0,2030,3,2030-T3,Stable,93.7,3.6,2.7,93.7
z_34.5_27.0,2030,4,2030-T4,Stable,92.4,4.9,2.6,92.4
z_34.5_31.5,2023,1,2023-T1,Stable,57.3,38.9,3.8,57.3
z_34.5_31.5,2023,2,2023-T2,Diminution,62.2,16.6,62.2,21.1
z_34.5_31.5,2023,3,2023-T3,Augmentation,50.0,50.0,3.5,46.5
z_34.5_31.5,2023,4,2023-T4,Augmentation,67.9,67.9,3.9,28.1
z_34.5_31.5,2024,1,2024-T1,Augmentation,49.9,49.9,7.6,42.5
z_34.5_31.5,2024,2,2024-T2,Diminution,59.0,19.8,59.0,21.2
z_34.5_31.5,2024,3,2024-T3,Stable,63.7,24.8,11.5,63.7
z_34.5_31.5,2024,4,2024-T4,Stable,70.5,20.5,9.0,70.5
z_34.5_31.5,2025,1,2025-T1,Stable,64.3,29.4,6.3,64.3
z_34.5_31.5,2025,2,2025-T2,Diminution,88.6,2.5,88.6,8.8
z_34.5_31.5,2025,3,2025-T3,Stable,67.5,21.0,11.5,67.5
z_34.5_31.5,2025,4,2025-T4,Stable,69.1,20.6,10.3,69.1
z_34.5_31.5,2026,1,2026-T1,Stable,76.7,15.8,7.5,76.7
z_34.5_31.5,2026,2,2026-T2,Diminution,77.5,6.9,77.5,15.6
z_34.5_31.5,2026,3,2026-T3,Stable,65.4,23.8,10.8,65.4
z_34.5_31.5,2026,4,2026-T4,Stable,71.5,24.5,4.0,71.5
z_34.5_31.5,2027,1,2027-T1,Stable,70.9,23.7,5.4,70.9
z_34.5_31.5,2027,2,2027-T2,Diminution,66.4,12.0,66.4,21.6
z_34.5_31.5,2027,3,2027-T3,Stable,57.4,34.4,8.2,57.4
z_34.5_31.5,2027,4,2027-T4,Stable,68.0,28.3,3.7,68.0
z_34.5_31.5,2028,1,2028-T1,Stable,62.0,33.5,4.5,62.0
z_34.5_31.5,2028,2,2028-T2,Diminution,67.6,10.3,67.6,22.1
z_34.5_31.5,2028,3,2028-T3,Stable,58.4,35.3,6.4,58.4
z_34.5_31.5,2028,4,2028-T4,Stable,73.5,22.5,4.0,73.5
z_34.5_31.5,2029,1,2029-T1,Stable,71.9,22.8,5.3,71.9
z_34.5_31.5,2029,2,2029-T2,Diminution,67.6,9.5,67.6,22.9
z_34.5_31.5,2029,3,2029-T3,Stable,68.0,26.1,5.9,68.0
z_34.5_31.5,2029,4,2029-T4,Stable,76.0,20.4,3.7,76.0
z_34.5_31.5,2030,1,2030-T1,Stable,73.4,21.6,5.0,73.4
z_34.5_31.5,2030,2,2030-T2,Diminution,67.7,10.2,67.7,22.0
z_34.5_31.5,2030,3,2030-T3,Stable,68.5,25.4,6.1,68.5
z_34.5_31.5,2030,4,2030-T4,Stable,76.2,20.2,3.6,76.2
z_34.5_33.0,2023,1,2023-T1,Augmentation,49.4,49.4,4.7,45.9
z_34.5_33.0,2023,2,2023-T2,Stable,50.1,46.0,3.9,50.1
z_34.5_33.0,2023,3,2023-T3,Stable,54.8,37.8,7.4,54.8
z_34.5_33.0,2023,4,2023-T4,Diminution,64.1,15.1,64.1,20.8
z_34.5_33.0,2024,1,2024-T1,Augmentation,57.0,57.0,4.3,38.7
z_34.5_33.0,2024,2,2024-T2,Stable,60.9,32.6,6.5,60.9
z_34.5_33.0,2024,3,2024-T3,Stable,56.2,38.0,5.8,56.2
z_34.5_33.0,2024,4,2024-T4,Diminution,63.4,19.4,63.4,17.2
z_34.5_33.0,2025,1,2025-T1,Stable,54.8,38.5,6.6,54.8
z_34.5_33.0,2025,2,2025-T2,Stable,58.1,37.1,4.8,58.1
z_34.5_33.0,2025,3,2025-T3,Stable,51.9,43.0,5.1,51.9
z_34.5_33.0,2025,4,2025-T4,Diminution,59.0,23.5,59.0,17.5
z_34.5_33.0,2026,1,2026-T1,Stable,63.4,25.8,10.8,63.4
z_34.5_33.0,2026,2,2026-T2,Stable,69.3,22.5,8.2,69.3
z_34.5_33.0,2026,3,2026-T3,Stable,71.0,22.3,6.7,71.0
z_34.5_33.0,2026,4,2026-T4,Diminution,70.0,11.8,70.0,18.1
z_34.5_33.0,2027,1,2027-T1,Stable,50.0,45.1,4.9,50.0
z_34.5_33.0,2027,2,2027-T2,Stable,51.4,43.2,5.4,51.4
z_34.5_33.0,2027,3,2027-T3,Stable,63.9,32.4,3.7,63.9
z_34.5_33.0,2027,4,2027-T4,Diminution,70.5,12.1,70.5,17.5
z_34.5_33.0,2028,1,2028-T1,Stable,51.8,43.1,5.1,51.8
z_34.5_33.0,2028,2,2028-T2,Stable,61.4,33.1,5.5,61.4
z_34.5_33.0,2028,3,2028-T3,Stable,61.1,33.9,4.9,61.1
z_34.5_33.0,2028,4,2028-T4,Diminution,71.0,10.5,71.0,18.5
z_34.5_33.0,2029,1,2029-T1,Stable,53.2,41.6,5.2,53.2
z_34.5_33.0,2029,2,2029-T2,Stable,57.1,37.3,5.6,57.1
z_34.5_33.0,2029,3,2029-T3,Stable,62.0,33.4,4.7,62.0
z_34.5_33.0,2029,4,2029-T4,Diminution,70.8,10.7,70.8,18.5
z_34.5_33.0,2030,1,2030-T1,Stable,53.2,41.6,5.3,53.2
z_34.5_33.0,2030,2,2030-T2,Stable,57.8,37.2,4.9,57.8
z_34.5_33.0,2030,3,2030-T3,Stable,63.2,31.8,5.0,63.2
z_34.5_33.0,2030,4,2030-T4,Diminution,70.8,11.2,70.8,18.0
z_36.0_-1.5,2023,1,2023-T1,Diminution,87.9,0.9,87.9,11.3
z_36.0_-1.5,2023,2,2023-T2,Stable,94.0,3.2,2.7,94.0
z_36.0_-1.5,2023,3,2023-T3,Stable,86.0,9.5,4.5,86.0
z_36.0_-1.5,2023,4,2023-T4,Stable,94.1,3.1,2.8,94.1
z_36.0_-1.5,2024,1,2024-T1,Diminution,87.9,0.9,87.9,11.3
z_36.0_-1.5,2024,2,2024-T2,Stable,92.6,3.9,3.5,92.6
z_36.0_-1.5,2024,3,2024-T3,Stable,84.5,11.0,4.4,84.5
z_36.0_-1.5,2024,4,2024-T4,Stable,94.1,3.1,2.8,94.1
z_36.0_-1.5,2025,1,2025-T1,Diminution,87.9,0.9,87.9,11.3
z_36.0_-1.5,2025,2,2025-T2,Stable,90.6,5.6,3.7,90.6
z_36.0_-1.5,2025,3,2025-T3,Stable,85.9,10.2,3.9,85.9
z_36.0_-1.5,2025,4,2025-T4,Stable,95.6,2.5,1.9,95.6
z_36.0_-1.5,2026,1,2026-T1,Diminution,88.2,1.0,88.2,10.9
z_36.0_-1.5,2026,2,2026-T2,Stable,93.1,4.3,2.6,93.1
z_36.0_-1.5,2026,3,2026-T3,Stable,86.2,10.4,3.4,86.2
z_36.0_-1.5,2026,4,2026-T4,Stable,94.1,3.1,2.8,94.1
z_36.0_-1.5,2027,1,2027-T1,Diminution,87.9,0.7,87.9,11.4
z_36.0_-1.5,2027,2,2027-T2,Stable,94.2,3.6,2.2,94.2
z_36.0_-1.5,2027,3,2027-T3,Stable,85.9,10.9,3.2,85.9
z_36.0_-1.5,2027,4,2027-T4,Stable,94.1,3.1,2.8,94.1
z_36.0_-1.5,2028,1,2028-T1,Diminution,87.3,0.9,87.3,11.8
z_36.0_-1.5,2028,2,2028-T2,Stable,94.2,3.6,2.2,94.2
z_36.0_-1.5,2028,3,2028-T3,Stable,85.9,10.9,3.2,85.9
z_36.0_-1.5,2028,4,2028-T4,Stable,94.1,3.1,2.8,94.1
z_36.0_-1.5,2029,1,2029-T1,Diminution,87.9,0.8,87.9,11.3
z_36.0_-1.5,2029,2,2029-T2,Stable,94.2,3.6,2.2,94.2
z_36.0_-1.5,2029,3,2029-T3,Stable,85.9,10.9,3.2,85.9
z_36.0_-1.5,2029,4,2029-T4,Stable,94.1,3.1,2.8,94.1
z_36.0_-1.5,2030,1,2030-T1,Diminution,88.0,0.8,88.0,11.2
z_36.0_-1.5,2030,2,2030-T2,Stable,94.2,3.6,2.2,94.2
z_36.0_-1.5,2030,3,2030-T3,Stable,85.9,10.9,3.2,85.9
z_36.0_-1.5,2030,4,2030-T4,Stable,94.1,3.1,2.8,94.1
z_36.0_-10.5,2023,1,2023-T1,Stable,73.7,20.4,5.9,73.7
z_36.0_-10.5,2023,2,2023-T2,Stable,51.0,45.8,3.2,51.0
z_36.0_-10.5,2023,3,2023-T3,Stable,66.1,27.2,6.7,66.1
z_36.0_-10.5,2023,4,2023-T4,Stable,75.6,16.8,7.5,75.6
z_36.0_-10.5,2024,1,2024-T1,Stable,69.8,24.0,6.2,69.8
z_36.0_-10.5,2024,2,2024-T2,Stable,88.9,7.5,3.6,88.9
z_36.0_-10.5,2024,3,2024-T3,Stable,91.7,5.9,2.4,91.7
z_36.0_-10.5,2024,4,2024-T4,Stable,87.6,8.7,3.7,87.6
z_36.0_-10.5,2025,1,2025-T1,Stable,78.5,13.8,7.6,78.5
z_36.0_-10.5,2025,2,2025-T2,Stable,70.1,24.4,5.5,70.1
z_36.0_-10.5,2025,3,2025-T3,Stable,69.7,20.6,9.6,69.7
z_36.0_-10.5,2025,4,2025-T4,Stable,70.1,21.1,8.8,70.1
z_36.0_-10.5,2026,1,2026-T1,Stable,83.6,9.8,6.6,83.6
z_36.0_-10.5,2026,2,2026-T2,Stable,90.3,6.5,3.2,90.3
z_36.0_-10.5,2026,3,2026-T3,Stable,92.2,5.6,2.2,92.2
z_36.0_-10.5,2026,4,2026-T4,Stable,88.4,6.6,5.0,88.4
z_36.0_-10.5,2027,1,2027-T1,Stable,83.2,10.4,6.5,83.2
z_36.0_-10.5,2027,2,2027-T2,Stable,94.1,3.6,2.3,94.1
z_36.0_-10.5,2027,3,2027-T3,Stable,92.0,5.2,2.8,92.0
z_36.0_-10.5,2027,4,2027-T4,Stable,85.8,8.3,6.0,85.8
z_36.0_-10.5,2028,1,2028-T1,Stable,82.1,10.2,7.7,82.1
z_36.0_-10.5,2028,2,2028-T2,Stable,94.1,3.6,2.3,94.1
z_36.0_-10.5,2028,3,2028-T3,Stable,92.5,4.7,2.7,92.5
z_36.0_-10.5,2028,4,2028-T4,Stable,84.5,9.8,5.7,84.5
z_36.0_-10.5,2029,1,2029-T1,Stable,86.5,7.4,6.1,86.5
z_36.0_-10.5,2029,2,2029-T2,Stable,94.1,3.6,2.3,94.1
z_36.0_-10.5,2029,3,2029-T3,Stable,92.5,4.7,2.7,92.5
z_36.0_-10.5,2029,4,2029-T4,Stable,88.2,8.1,3.7,88.2
z_36.0_-10.5,2030,1,2030-T1,Stable,86.0,9.1,4.8,86.0
z_36.0_-10.5,2030,2,2030-T2,Stable,94.1,3.6,2.3,94.1
z_36.0_-10.5,2030,3,2030-T3,Stable,92.5,4.7,2.7,92.5
z_36.0_-10.5,2030,4,2030-T4,Stable,90.3,6.9,2.8,90.3
z_36.0_-12.0,2023,1,2023-T1,Stable,97.5,0.2,2.3,97.5
z_36.0_-12.0,2023,2,2023-T2,Stable,97.7,0.1,2.2,97.7
z_36.0_-12.0,2023,3,2023-T3,Stable,97.3,0.2,2.5,97.3
z_36.0_-12.0,2023,4,2023-T4,Stable,96.0,0.7,3.4,96.0
z_36.0_-12.0,2024,1,2024-T1,Stable,96.1,0.7,3.2,96.1
z_36.0_-12.0,2024,2,2024-T2,Stable,98.3,0.1,1.6,98.3
z_36.0_-12.0,2024,3,2024-T3,Stable,94.7,1.8,3.5,94.7
z_36.0_-12.0,2024,4,2024-T4,Stable,97.5,0.2,2.3,97.5
z_36.0_-12.0,2025,1,2025-T1,Stable,97.5,0.2,2.3,97.5
z_36.0_-12.0,2025,2,2025-T2,Stable,97.7,0.1,2.2,97.7
z_36.0_-12.0,2025,3,2025-T3,Stable,96.1,0.4,3.5,96.1
z_36.0_-12.0,2025,4,2025-T4,Stable,97.5,0.2,2.3,97.5
z_36.0_-12.0,2026,1,2026-T1,Stable,97.5,0.2,2.3,97.5
z_36.0_-12.0,2026,2,2026-T2,Stable,97.7,0.1,2.2,97.7
z_36.0_-12.0,2026,3,2026-T3,Stable,96.1,0.3,3.6,96.1
z_36.0_-12.0,2026,4,2026-T4,Stable,97.5,0.2,2.3,97.5
z_36.0_-12.0,2027,1,2027-T1,Stable,97.5,0.2,2.3,97.5
z_36.0_-12.0,2027,2,2027-T2,Stable,97.7,0.1,2.2,97.7
z_36.0_-12.0,2027,3,2027-T3,Stable,97.4,0.2,2.4,97.4
z_36.0_-12.0,2027,4,2027-T4,Stable,97.5,0.2,2.3,97.5
z_36.0_-12.0,2028,1,2028-T1,Stable,97.5,0.2,2.3,97.5
z_36.0_-12.0,2028,2,2028-T2,Stable,97.7,0.1,2.2,97.7
z_36.0_-12.0,2028,3,2028-T3,Stable,96.0,0.4,3.6,96.0
z_36.0_-12.0,2028,4,2028-T4,Stable,97.5,0.2,2.3,97.5
z_36.0_-12.0,2029,1,2029-T1,Stable,97.5,0.2,2.3,97.5
z_36.0_-12.0,2029,2,2029-T2,Stable,97.7,0.1,2.2,97.7
z_36.0_-12.0,2029,3,2029-T3,Stable,97.3,0.2,2.5,97.3
z_36.0_-12.0,2029,4,2029-T4,Stable,97.5,0.2,2.3,97.5
z_36.0_-12.0,2030,1,2030-T1,Stable,97.5,0.2,2.3,97.5
z_36.0_-12.0,2030,2,2030-T2,Stable,97.7,0.1,2.2,97.7
z_36.0_-12.0,2030,3,2030-T3,Stable,97.3,0.2,2.5,97.3
z_36.0_-12.0,2030,4,2030-T4,Stable,97.5,0.2,2.3,97.5
z_36.0_-22.5,2023,1,2023-T1,Stable,96.7,0.5,2.8,96.7
z_36.0_-22.5,2023,2,2023-T2,Stable,97.6,0.5,2.0,97.6
z_36.0_-22.5,2023,3,2023-T3,Stable,97.2,0.3,2.5,97.2
z_36.0_-22.5,2023,4,2023-T4,Stable,97.3,0.4,2.4,97.3
z_36.0_-22.5,2024,1,2024-T1,Stable,96.7,0.5,2.8,96.7
z_36.0_-22.5,2024,2,2024-T2,Stable,98.1,0.2,1.6,98.1
z_36.0_-22.5,2024,3,2024-T3,Stable,97.2,0.3,2.5,97.2
z_36.0_-22.5,2024,4,2024-T4,Stable,97.3,0.4,2.4,97.3
z_36.0_-22.5,2025,1,2025-T1,Stable,96.7,0.5,2.8,96.7
z_36.0_-22.5,2025,2,2025-T2,Stable,98.1,0.2,1.6,98.1
z_36.0_-22.5,2025,3,2025-T3,Stable,96.3,0.6,3.1,96.3
z_36.0_-22.5,2025,4,2025-T4,Stable,96.3,0.6,3.0,96.3
z_36.0_-22.5,2026,1,2026-T1,Stable,96.9,1.1,2.0,96.9
z_36.0_-22.5,2026,2,2026-T2,Stable,95.3,1.8,2.8,95.3
z_36.0_-22.5,2026,3,2026-T3,Stable,97.2,0.3,2.5,97.2
z_36.0_-22.5,2026,4,2026-T4,Stable,97.3,0.4,2.4,97.3
z_36.0_-22.5,2027,1,2027-T1,Stable,96.7,0.5,2.8,96.7
z_36.0_-22.5,2027,2,2027-T2,Stable,97.5,0.4,2.1,97.5
z_36.0_-22.5,2027,3,2027-T3,Stable,97.2,0.3,2.5,97.2
z_36.0_-22.5,2027,4,2027-T4,Stable,97.3,0.4,2.4,97.3
z_36.0_-22.5,2028,1,2028-T1,Stable,96.7,0.5,2.8,96.7
z_36.0_-22.5,2028,2,2028-T2,Stable,97.5,0.3,2.2,97.5
z_36.0_-22.5,2028,3,2028-T3,Stable,97.2,0.3,2.5,97.2
z_36.0_-22.5,2028,4,2028-T4,Stable,97.3,0.4,2.4,97.3
z_36.0_-22.5,2029,1,2029-T1,Stable,96.7,0.5,2.8,96.7
z_36.0_-22.5,2029,2,2029-T2,Stable,97.8,0.3,1.9,97.8
z_36.0_-22.5,2029,3,2029-T3,Stable,97.2,0.3,2.5,97.2
z_36.0_-22.5,2029,4,2029-T4,Stable,97.3,0.4,2.4,97.3
z_36.0_-22.5,2030,1,2030-T1,Stable,96.7,0.5,2.8,96.7
z_36.0_-22.5,2030,2,2030-T2,Stable,97.6,0.5,2.0,97.6
z_36.0_-22.5,2030,3,2030-T3,Stable,97.2,0.3,2.5,97.2
z_36.0_-22.5,2030,4,2030-T4,Stable,97.3,0.4,2.4,97.3
z_36.0_-3.0,2023,1,2023-T1,Augmentation,71.1,71.1,9.6,19.3
z_36.0_-3.0,2023,2,2023-T2,Augmentation,59.9,59.9,22.9,17.2
z_36.0_-3.0,2023,3,2023-T3,Augmentation,78.1,78.1,12.7,9.2
z_36.0_-3.0,2023,4,2023-T4,Augmentation,71.9,71.9,8.3,19.8
z_36.0_-3.0,2024,1,2024-T1,Augmentation,64.9,64.9,11.2,24.0
z_36.0_-3.0,2024,2,2024-T2,Augmentation,43.7,43.7,37.7,18.5
z_36.0_-3.0,2024,3,2024-T3,Augmentation,43.6,43.6,42.3,14.1
z_36.0_-3.0,2024,4,2024-T4,Augmentation,67.5,67.5,10.5,22.0
z_36.0_-3.0,2025,1,2025-T1,Augmentation,66.1,66.1,9.0,24.8
z_36.0_-3.0,2025,2,2025-T2,Diminution,47.1,34.8,47.1,18.1
z_36.0_-3.0,2025,3,2025-T3,Augmentation,50.0,50.0,36.0,14.0
z_36.0_-3.0,2025,4,2025-T4,Augmentation,68.0,68.0,9.9,22.1
z_36.0_-3.0,2026,1,2026-T1,Augmentation,68.8,68.8,11.4,19.8
z_36.0_-3.0,2026,2,2026-T2,Augmentation,72.2,72.2,17.0,10.8
z_36.0_-3.0,2026,3,2026-T3,Augmentation,53.3,53.3,33.9,12.9
z_36.0_-3.0,2026,4,2026-T4,Augmentation,67.9,67.9,10.3,21.8
z_36.0_-3.0,2027,1,2027-T1,Augmentation,69.9,69.9,10.3,19.8
z_36.0_-3.0,2027,2,2027-T2,Augmentation,54.9,54.9,31.2,13.9
z_36.0_-3.0,2027,3,2027-T3,Augmentation,54.9,54.9,31.7,13.4
z_36.0_-3.0,2027,4,2027-T4,Augmentation,68.3,68.3,10.0,21.7
z_36.0_-3.0,2028,1,2028-T1,Augmentation,67.2,67.2,12.2,20.5
z_36.0_-3.0,2028,2,2028-T2,Augmentation,52.2,52.2,34.0,13.8
z_36.0_-3.0,2028,3,2028-T3,Augmentation,54.7,54.7,31.0,14.3
z_36.0_-3.0,2028,4,2028-T4,Augmentation,67.4,67.4,11.0,21.6
z_36.0_-3.0,2029,1,2029-T1,Augmentation,67.9,67.9,11.3,20.8
z_36.0_-3.0,2029,2,2029-T2,Augmentation,54.3,54.3,31.8,13.9
z_36.0_-3.0,2029,3,2029-T3,Augmentation,54.9,54.9,31.4,13.8
z_36.0_-3.0,2029,4,2029-T4,Augmentation,69.8,69.8,10.3,20.0
z_36.0_-3.0,2030,1,2030-T1,Augmentation,68.3,68.3,12.1,19.6
z_36.0_-3.0,2030,2,2030-T2,Augmentation,57.9,57.9,29.1,13.0
z_36.0_-3.0,2030,3,2030-T3,Augmentation,61.8,61.8,25.9,12.3
z_36.0_-3.0,2030,4,2030-T4,Augmentation,71.4,71.4,10.8,17.8
z_36.0_-36.0,2023,1,2023-T1,Stable,97.4,0.2,2.4,97.4
z_36.0_-36.0,2023,2,2023-T2,Stable,98.0,0.1,1.9,98.0
z_36.0_-36.0,2023,3,2023-T3,Stable,97.2,0.2,2.6,97.2
z_36.0_-36.0,2023,4,2023-T4,Stable,97.3,0.2,2.4,97.3
z_36.0_-36.0,2024,1,2024-T1,Stable,97.4,0.2,2.4,97.4
z_36.0_-36.0,2024,2,2024-T2,Stable,98.0,0.1,1.9,98.0
z_36.0_-36.0,2024,3,2024-T3,Stable,96.0,0.4,3.6,96.0
z_36.0_-36.0,2024,4,2024-T4,Stable,96.7,0.5,2.9,96.7
z_36.0_-36.0,2025,1,2025-T1,Stable,97.5,0.7,1.7,97.5
z_36.0_-36.0,2025,2,2025-T2,Stable,95.8,1.5,2.7,95.8
z_36.0_-36.0,2025,3,2025-T3,Stable,97.2,0.2,2.6,97.2
z_36.0_-36.0,2025,4,2025-T4,Stable,97.3,0.2,2.4,97.3
z_36.0_-36.0,2026,1,2026-T1,Stable,97.4,0.2,2.4,97.4
z_36.0_-36.0,2026,2,2026-T2,Stable,97.0,0.4,2.7,97.0
z_36.0_-36.0,2026,3,2026-T3,Stable,97.2,0.2,2.6,97.2
z_36.0_-36.0,2026,4,2026-T4,Stable,97.3,0.2,2.4,97.3
z_36.0_-36.0,2027,1,2027-T1,Stable,97.4,0.2,2.4,97.4
z_36.0_-36.0,2027,2,2027-T2,Stable,97.2,0.2,2.6,97.2
z_36.0_-36.0,2027,3,2027-T3,Stable,97.2,0.2,2.6,97.2
z_36.0_-36.0,2027,4,2027-T4,Stable,97.3,0.2,2.4,97.3
z_36.0_-36.0,2028,1,2028-T1,Stable,97.4,0.2,2.4,97.4
z_36.0_-36.0,2028,2,2028-T2,Stable,97.8,0.2,2.0,97.8
z_36.0_-36.0,2028,3,2028-T3,Stable,97.2,0.2,2.6,97.2
z_36.0_-36.0,2028,4,2028-T4,Stable,97.3,0.2,2.4,97.3
z_36.0_-36.0,2029,1,2029-T1,Stable,97.4,0.2,2.4,97.4
z_36.0_-36.0,2029,2,2029-T2,Stable,96.9,0.4,2.8,96.9
z_36.0_-36.0,2029,3,2029-T3,Stable,97.2,0.2,2.6,97.2
z_36.0_-36.0,2029,4,2029-T4,Stable,97.3,0.2,2.4,97.3
z_36.0_-36.0,2030,1,2030-T1,Stable,97.4,0.2,2.4,97.4
z_36.0_-36.0,2030,2,2030-T2,Stable,98.0,0.1,1.9,98.0
z_36.0_-36.0,2030,3,2030-T3,Stable,97.2,0.2,2.6,97.2
z_36.0_-36.0,2030,4,2030-T4,Stable,97.3,0.2,2.4,97.3
z_36.0_-4.5,2023,1,2023-T1,Diminution,71.4,8.6,71.4,20.0
z_36.0_-4.5,2023,2,2023-T2,Stable,71.3,18.5,10.2,71.3
z_36.0_-4.5,2023,3,2023-T3,Stable,66.0,24.7,9.2,66.0
z_36.0_-4.5,2023,4,2023-T4,Stable,58.5,33.7,7.8,58.5
z_36.0_-4.5,2024,1,2024-T1,Diminution,57.7,25.9,57.7,16.4
z_36.0_-4.5,2024,2,2024-T2,Stable,59.6,35.2,5.2,59.6
z_36.0_-4.5,2024,3,2024-T3,Augmentation,48.9,48.9,3.6,47.6
z_36.0_-4.5,2024,4,2024-T4,Stable,79.9,14.7,5.4,79.9
z_36.0_-4.5,2025,1,2025-T1,Diminution,76.1,6.3,76.1,17.6
z_36.0_-4.5,2025,2,2025-T2,Stable,58.0,33.4,8.6,58.0
z_36.0_-4.5,2025,3,2025-T3,Stable,57.8,34.0,8.2,57.8
z_36.0_-4.5,2025,4,2025-T4,Stable,63.4,32.2,4.4,63.4
z_36.0_-4.5,2026,1,2026-T1,Diminution,83.0,5.3,83.0,11.7
z_36.0_-4.5,2026,2,2026-T2,Stable,84.0,12.3,3.8,84.0
z_36.0_-4.5,2026,3,2026-T3,Stable,68.2,21.5,10.3,68.2
z_36.0_-4.5,2026,4,2026-T4,Stable,73.0,21.0,5.9,73.0
z_36.0_-4.5,2027,1,2027-T1,Diminution,74.7,7.9,74.7,17.4
z_36.0_-4.5,2027,2,2027-T2,Stable,68.3,27.6,4.1,68.3
z_36.0_-4.5,2027,3,2027-T3,Stable,61.8,31.4,6.8,61.8
z_36.0_-4.5,2027,4,2027-T4,Stable,79.5,16.5,4.0,79.5
z_36.0_-4.5,2028,1,2028-T1,Diminution,73.9,7.5,73.9,18.5
z_36.0_-4.5,2028,2,2028-T2,Stable,74.7,20.0,5.3,74.7
z_36.0_-4.5,2028,3,2028-T3,Stable,61.5,32.1,6.4,61.5
z_36.0_-4.5,2028,4,2028-T4,Stable,72.8,23.2,4.0,72.8
z_36.0_-4.5,2029,1,2029-T1,Diminution,73.6,8.5,73.6,17.9
z_36.0_-4.5,2029,2,2029-T2,Stable,73.9,21.7,4.5,73.9
z_36.0_-4.5,2029,3,2029-T3,Stable,66.6,27.1,6.3,66.6
z_36.0_-4.5,2029,4,2029-T4,Stable,73.0,23.2,3.8,73.0
z_36.0_-4.5,2030,1,2030-T1,Diminution,73.6,8.0,73.6,18.4
z_36.0_-4.5,2030,2,2030-T2,Stable,71.4,23.7,4.9,71.4
z_36.0_-4.5,2030,3,2030-T3,Stable,66.6,27.1,6.3,66.6
z_36.0_-4.5,2030,4,2030-T4,Stable,76.8,19.5,3.8,76.8
z_36.0_-6.0,2023,1,2023-T1,Augmentation,53.4,53.4,37.0,9.6
z_36.0_-6.0,2023,2,2023-T2,Augmentation,48.0,48.0,40.1,11.9
z_36.0_-6.0,2023,3,2023-T3,Augmentation,47.2,47.2,39.7,13.1
z_36.0_-6.0,2023,4,2023-T4,Augmentation,50.5,50.5,39.2,10.3
z_36.0_-6.0,2024,1,2024-T1,Augmentation,43.3,43.3,46.6,10.2
z_36.0_-6.0,2024,2,2024-T2,Diminution,53.8,36.2,53.8,10.1
z_36.0_-6.0,2024,3,2024-T3,Diminution,58.5,29.4,58.5,12.2
z_36.0_-6.0,2024,4,2024-T4,Diminution,60.0,29.9,60.0,10.2
z_36.0_-6.0,2025,1,2025-T1,Diminution,64.6,24.5,64.6,10.9
z_36.0_-6.0,2025,2,2025-T2,Diminution,56.4,32.6,56.4,11.0
z_36.0_-6.0,2025,3,2025-T3,Augmentation,38.0,38.0,46.7,15.2
z_36.0_-6.0,2025,4,2025-T4,Augmentation,39.0,39.0,49.2,11.8
z_36.0_-6.0,2026,1,2026-T1,Diminution,72.9,19.3,72.9,7.8
z_36.0_-6.0,2026,2,2026-T2,Diminution,59.7,26.2,59.7,14.1
z_36.0_-6.0,2026,3,2026-T3,Diminution,52.8,35.6,52.8,11.7
z_36.0_-6.0,2026,4,2026-T4,Augmentation,39.2,39.2,48.5,12.3
z_36.0_-6.0,2027,1,2027-T1,Diminution,57.2,30.7,57.2,12.1
z_36.0_-6.0,2027,2,2027-T2,Diminution,50.9,37.4,50.9,11.8
z_36.0_-6.0,2027,3,2027-T3,Augmentation,41.2,41.2,45.3,13.5
z_36.0_-6.0,2027,4,2027-T4,Augmentation,39.2,39.2,47.4,13.4
z_36.0_-6.0,2028,1,2028-T1,Diminution,55.3,33.3,55.3,11.4
z_36.0_-6.0,2028,2,2028-T2,Diminution,53.5,33.8,53.5,12.6
z_36.0_-6.0,2028,3,2028-T3,Augmentation,38.5,38.5,46.6,14.8
z_36.0_-6.0,2028,4,2028-T4,Augmentation,40.4,40.4,46.6,13.0
z_36.0_-6.0,2029,1,2029-T1,Diminution,58.4,28.9,58.4,12.7
z_36.0_-6.0,2029,2,2029-T2,Diminution,51.9,36.5,51.9,11.7
z_36.0_-6.0,2029,3,2029-T3,Augmentation,42.0,42.0,44.5,13.5
z_36.0_-6.0,2029,4,2029-T4,Diminution,49.9,36.1,49.9,14.0
z_36.0_-6.0,2030,1,2030-T1,Diminution,55.3,33.1,55.3,11.6
z_36.0_-6.0,2030,2,2030-T2,Diminution,55.6,32.8,55.6,11.6
z_36.0_-6.0,2030,3,2030-T3,Augmentation,41.0,41.0,45.5,13.5
z_36.0_-6.0,2030,4,2030-T4,Augmentation,41.3,41.3,46.0,12.8
z_36.0_-7.5,2023,1,2023-T1,Augmentation,80.2,80.2,5.5,14.4
z_36.0_-7.5,2023,2,2023-T2,Augmentation,54.9,54.9,31.5,13.5
z_36.0_-7.5,2023,3,2023-T3,Augmentation,50.6,50.6,27.4,22.0
z_36.0_-7.5,2023,4,2023-T4,Augmentation,52.7,52.7,33.0,14.3
z_36.0_-7.5,2024,1,2024-T1,Augmentation,71.1,71.1,10.0,18.9
z_36.0_-7.5,2024,2,2024-T2,Augmentation,56.8,56.8,29.1,14.1
z_36.0_-7.5,2024,3,2024-T3,Augmentation,59.5,59.5,26.7,13.8
z_36.0_-7.5,2024,4,2024-T4,Diminution,49.6,35.0,49.6,15.5
z_36.0_-7.5,2025,1,2025-T1,Augmentation,52.0,52.0,13.7,34.3
z_36.0_-7.5,2025,2,2025-T2,Diminution,50.1,36.0,50.1,13.9
z_36.0_-7.5,2025,3,2025-T3,Augmentation,50.9,50.9,35.9,13.2
z_36.0_-7.5,2025,4,2025-T4,Augmentation,47.3,47.3,36.9,15.8
z_36.0_-7.5,2026,1,2026-T1,Augmentation,48.8,48.8,14.7,36.5
z_36.0_-7.5,2026,2,2026-T2,Diminution,62.3,25.0,62.3,12.6
z_36.0_-7.5,2026,3,2026-T3,Augmentation,45.2,45.2,41.8,12.9
z_36.0_-7.5,2026,4,2026-T4,Augmentation,52.7,52.7,33.7,13.6
z_36.0_-7.5,2027,1,2027-T1,Augmentation,64.3,64.3,11.2,24.5
z_36.0_-7.5,2027,2,2027-T2,Augmentation,42.1,42.1,45.1,12.8
z_36.0_-7.5,2027,3,2027-T3,Augmentation,56.0,56.0,30.6,13.4
z_36.0_-7.5,2027,4,2027-T4,Augmentation,52.0,52.0,33.8,14.2
z_36.0_-7.5,2028,1,2028-T1,Augmentation,65.4,65.4,11.2,23.4
z_36.0_-7.5,2028,2,2028-T2,Augmentation,41.3,41.3,45.2,13.5
z_36.0_-7.5,2028,3,2028-T3,Augmentation,52.7,52.7,32.1,15.2
z_36.0_-7.5,2028,4,2028-T4,Augmentation,53.5,53.5,31.5,15.0
z_36.0_-7.5,2029,1,2029-T1,Augmentation,67.3,67.3,13.0,19.8
z_36.0_-7.5,2029,2,2029-T2,Augmentation,43.5,43.5,43.9,12.5
z_36.0_-7.5,2029,3,2029-T3,Augmentation,52.8,52.8,32.0,15.2
z_36.0_-7.5,2029,4,2029-T4,Augmentation,51.5,51.5,32.8,15.7
z_36.0_-7.5,2030,1,2030-T1,Augmentation,66.0,66.0,14.1,19.9
z_36.0_-7.5,2030,2,2030-T2,Augmentation,43.0,43.0,45.1,11.9
z_36.0_-7.5,2030,3,2030-T3,Augmentation,53.1,53.1,32.3,14.6
z_36.0_-7.5,2030,4,2030-T4,Augmentation,53.1,53.1,32.2,14.7
z_36.0_-9.0,2023,1,2023-T1,Stable,63.8,29.6,6.6,63.8
z_36.0_-9.0,2023,2,2023-T2,Augmentation,49.4,49.4,7.6,43.0
z_36.0_-9.0,2023,3,2023-T3,Stable,46.6,42.7,10.7,46.6
z_36.0_-9.0,2023,4,2023-T4,Augmentation,36.1,36.1,41.9,22.0
z_36.0_-9.0,2024,1,2024-T1,Augmentation,49.0,49.0,6.0,44.9
z_36.0_-9.0,2024,2,2024-T2,Augmentation,57.3,57.3,5.8,36.9
z_36.0_-9.0,2024,3,2024-T3,Augmentation,57.8,57.8,5.1,37.1
z_36.0_-9.0,2024,4,2024-T4,Augmentation,38.7,38.7,41.5,19.8
z_36.0_-9.0,2025,1,2025-T1,Augmentation,56.4,56.4,8.5,35.1
z_36.0_-9.0,2025,2,2025-T2,Augmentation,50.0,50.0,7.6,42.4
z_36.0_-9.0,2025,3,2025-T3,Augmentation,56.0,56.0,5.2,38.8
z_36.0_-9.0,2025,4,2025-T4,Diminution,56.5,22.8,56.5,20.8
z_36.0_-9.0,2026,1,2026-T1,Stable,57.5,33.4,9.1,57.5
z_36.0_-9.0,2026,2,2026-T2,Stable,63.7,29.4,6.9,63.7
z_36.0_-9.0,2026,3,2026-T3,Augmentation,50.9,50.9,6.0,43.1
z_36.0_-9.0,2026,4,2026-T4,Diminution,50.9,31.6,50.9,17.5
z_36.0_-9.0,2027,1,2027-T1,Stable,49.4,45.9,4.7,49.4
z_36.0_-9.0,2027,2,2027-T2,Stable,59.9,36.2,3.9,59.9
z_36.0_-9.0,2027,3,2027-T3,Stable,48.5,47.1,4.4,48.5
z_36.0_-9.0,2027,4,2027-T4,Diminution,51.1,31.4,51.1,17.5
z_36.0_-9.0,2028,1,2028-T1,Augmentation,50.3,50.3,5.6,44.2
z_36.0_-9.0,2028,2,2028-T2,Stable,54.4,42.0,3.6,54.4
z_36.0_-9.0,2028,3,2028-T3,Augmentation,47.9,47.9,4.5,47.6
z_36.0_-9.0,2028,4,2028-T4,Diminution,54.8,25.1,54.8,20.2
z_36.0_-9.0,2029,1,2029-T1,Stable,49.3,47.1,3.5,49.3
z_36.0_-9.0,2029,2,2029-T2,Stable,54.6,41.2,4.1,54.6
z_36.0_-9.0,2029,3,2029-T3,Stable,52.0,43.7,4.3,52.0
z_36.0_-9.0,2029,4,2029-T4,Diminution,56.2,23.6,56.2,20.2
z_36.0_-9.0,2030,1,2030-T1,Stable,53.3,43.3,3.5,53.3
z_36.0_-9.0,2030,2,2030-T2,Stable,57.9,38.2,3.9,57.9
z_36.0_-9.0,2030,3,2030-T3,Stable,55.0,41.2,3.8,55.0
z_36.0_-9.0,2030,4,2030-T4,Diminution,53.7,26.5,53.7,19.8
z_36.0_0.0,2023,1,2023-T1,Stable,90.1,3.9,5.9,90.1
z_36.0_0.0,2023,2,2023-T2,Stable,98.2,0.4,1.4,98.2
z_36.0_0.0,2023,3,2023-T3,Stable,95.6,1.7,2.7,95.6
z_36.0_0.0,2023,4,2023-T4,Stable,98.1,0.2,1.7,98.1
z_36.0_0.0,2024,1,2024-T1,Stable,96.0,0.7,3.3,96.0
z_36.0_0.0,2024,2,2024-T2,Stable,98.2,0.3,1.5,98.2
z_36.0_0.0,2024,3,2024-T3,Stable,96.1,0.7,3.2,96.1
z_36.0_0.0,2024,4,2024-T4,Stable,98.1,0.2,1.7,98.1
z_36.0_0.0,2025,1,2025-T1,Stable,91.0,2.0,7.1,91.0
z_36.0_0.0,2025,2,2025-T2,Stable,97.0,0.9,2.1,97.0
z_36.0_0.0,2025,3,2025-T3,Stable,95.4,0.9,3.7,95.4
z_36.0_0.0,2025,4,2025-T4,Stable,95.5,1.5,3.0,95.5
z_36.0_0.0,2026,1,2026-T1,Stable,97.8,0.2,2.0,97.8
z_36.0_0.0,2026,2,2026-T2,Stable,98.2,0.3,1.5,98.2
z_36.0_0.0,2026,3,2026-T3,Stable,97.8,0.5,1.7,97.8
z_36.0_0.0,2026,4,2026-T4,Stable,96.1,0.7,3.2,96.1
z_36.0_0.0,2027,1,2027-T1,Stable,96.1,0.9,2.9,96.1
z_36.0_0.0,2027,2,2027-T2,Stable,98.2,0.3,1.5,98.2
z_36.0_0.0,2027,3,2027-T3,Stable,96.6,0.6,2.8,96.6
z_36.0_0.0,2027,4,2027-T4,Stable,95.2,0.3,4.5,95.2
z_36.0_0.0,2028,1,2028-T1,Stable,98.0,0.2,1.8,98.0
z_36.0_0.0,2028,2,2028-T2,Stable,98.2,0.3,1.5,98.2
z_36.0_0.0,2028,3,2028-T3,Stable,97.8,0.4,1.8,97.8
z_36.0_0.0,2028,4,2028-T4,Stable,98.0,0.2,1.9,98.0
z_36.0_0.0,2029,1,2029-T1,Stable,98.0,0.2,1.8,98.0
z_36.0_0.0,2029,2,2029-T2,Stable,98.2,0.3,1.5,98.2
z_36.0_0.0,2029,3,2029-T3,Stable,97.8,0.4,1.8,97.8
z_36.0_0.0,2029,4,2029-T4,Stable,96.8,0.4,2.8,96.8
z_36.0_0.0,2030,1,2030-T1,Stable,98.0,0.2,1.8,98.0
z_36.0_0.0,2030,2,2030-T2,Stable,98.2,0.3,1.5,98.2
z_36.0_0.0,2030,3,2030-T3,Stable,97.8,0.4,1.8,97.8
z_36.0_0.0,2030,4,2030-T4,Stable,98.1,0.2,1.7,98.1
z_36.0_10.5,2023,1,2023-T1,Stable,58.5,33.8,7.7,58.5
z_36.0_10.5,2023,2,2023-T2,Stable,65.5,29.6,4.9,65.5
z_36.0_10.5,2023,3,2023-T3,Stable,58.4,36.0,5.6,58.4
z_36.0_10.5,2023,4,2023-T4,Stable,48.8,46.5,4.7,48.8
z_36.0_10.5,2024,1,2024-T1,Stable,50.2,45.7,4.1,50.2
z_36.0_10.5,2024,2,2024-T2,Stable,51.5,42.7,5.8,51.5
z_36.0_10.5,2024,3,2024-T3,Stable,51.2,43.9,4.9,51.2
z_36.0_10.5,2024,4,2024-T4,Stable,62.9,31.1,6.0,62.9
z_36.0_10.5,2025,1,2025-T1,Stable,71.2,23.6,5.2,71.2
z_36.0_10.5,2025,2,2025-T2,Stable,70.3,20.0,9.7,70.3
z_36.0_10.5,2025,3,2025-T3,Stable,60.8,28.7,10.5,60.8
z_36.0_10.5,2025,4,2025-T4,Stable,68.5,25.1,6.4,68.5
z_36.0_10.5,2026,1,2026-T1,Stable,63.2,30.4,6.4,63.2
z_36.0_10.5,2026,2,2026-T2,Stable,62.4,28.4,9.1,62.4
z_36.0_10.5,2026,3,2026-T3,Stable,59.9,31.1,9.0,59.9
z_36.0_10.5,2026,4,2026-T4,Stable,59.8,32.6,7.6,59.8
z_36.0_10.5,2027,1,2027-T1,Stable,52.7,42.5,4.9,52.7
z_36.0_10.5,2027,2,2027-T2,Stable,55.4,40.0,4.6,55.4
z_36.0_10.5,2027,3,2027-T3,Stable,49.6,46.3,4.1,49.6
z_36.0_10.5,2027,4,2027-T4,Stable,49.9,46.5,3.6,49.9
z_36.0_10.5,2028,1,2028-T1,Stable,53.1,42.7,4.2,53.1
z_36.0_10.5,2028,2,2028-T2,Stable,51.7,43.2,5.2,51.7
z_36.0_10.5,2028,3,2028-T3,Stable,50.0,45.7,4.4,50.0
z_36.0_10.5,2028,4,2028-T4,Augmentation,49.3,49.3,4.1,46.6
z_36.0_10.5,2029,1,2029-T1,Stable,53.9,42.1,4.0,53.9
z_36.0_10.5,2029,2,2029-T2,Stable,54.6,40.1,5.3,54.6
z_36.0_10.5,2029,3,2029-T3,Stable,50.1,45.7,4.2,50.1
z_36.0_10.5,2029,4,2029-T4,Augmentation,48.3,48.3,4.1,47.5
z_36.0_10.5,2030,1,2030-T1,Stable,54.2,42.0,3.9,54.2
z_36.0_10.5,2030,2,2030-T2,Stable,56.7,38.2,5.1,56.7
z_36.0_10.5,2030,3,2030-T3,Stable,52.4,43.3,4.3,52.4
z_36.0_10.5,2030,4,2030-T4,Stable,49.9,45.8,4.3,49.9
z_36.0_12.0,2023,1,2023-T1,Stable,49.4,46.3,4.4,49.4
z_36.0_12.0,2023,2,2023-T2,Diminution,62.4,16.9,62.4,20.7
z_36.0_12.0,2023,3,2023-T3,Stable,63.4,27.8,8.8,63.4
z_36.0_12.0,2023,4,2023-T4,Diminution,69.2,8.5,69.2,22.3
z_36.0_12.0,2024,1,2024-T1,Stable,50.1,44.2,5.7,50.1
z_36.0_12.0,2024,2,2024-T2,Diminution,64.8,15.6,64.8,19.6
z_36.0_12.0,2024,3,2024-T3,Augmentation,50.1,50.1,4.6,45.3
z_36.0_12.0,2024,4,2024-T4,Diminution,58.1,19.6,58.1,22.2
z_36.0_12.0,2025,1,2025-T1,Augmentation,50.8,50.8,3.3,45.9
z_36.0_12.0,2025,2,2025-T2,Diminution,63.1,16.9,63.1,20.0
z_36.0_12.0,2025,3,2025-T3,Augmentation,58.3,58.3,3.8,37.9
z_36.0_12.0,2025,4,2025-T4,Diminution,60.8,18.4,60.8,20.8
z_36.0_12.0,2026,1,2026-T1,Augmentation,53.9,53.9,3.2,42.9
z_36.0_12.0,2026,2,2026-T2,Diminution,63.0,19.0,63.0,18.0
z_36.0_12.0,2026,3,2026-T3,Augmentation,48.9,48.9,4.9,46.2
z_36.0_12.0,2026,4,2026-T4,Diminution,63.1,16.1,63.1,20.8
z_36.0_12.0,2027,1,2027-T1,Stable,54.7,41.6,3.7,54.7
z_36.0_12.0,2027,2,2027-T2,Diminution,65.8,14.7,65.8,19.5
z_36.0_12.0,2027,3,2027-T3,Augmentation,55.4,55.4,4.2,40.4
z_36.0_12.0,2027,4,2027-T4,Diminution,62.0,17.1,62.0,20.9
z_36.0_12.0,2028,1,2028-T1,Stable,57.4,38.9,3.7,57.4
z_36.0_12.0,2028,2,2028-T2,Diminution,64.1,15.8,64.1,20.1
z_36.0_12.0,2028,3,2028-T3,Augmentation,52.1,52.1,4.8,43.1
z_36.0_12.0,2028,4,2028-T4,Diminution,63.0,16.1,63.0,20.9
z_36.0_12.0,2029,1,2029-T1,Stable,56.8,39.5,3.7,56.8
z_36.0_12.0,2029,2,2029-T2,Diminution,64.1,15.8,64.1,20.1
z_36.0_12.0,2029,3,2029-T3,Augmentation,49.7,49.7,3.7,46.5
z_36.0_12.0,2029,4,2029-T4,Diminution,64.5,14.8,64.5,20.7
z_36.0_12.0,2030,1,2030-T1,Stable,56.8,39.5,3.7,56.8
z_36.0_12.0,2030,2,2030-T2,Diminution,64.0,15.9,64.0,20.1
z_36.0_12.0,2030,3,2030-T3,Stable,48.8,47.0,4.2,48.8
z_36.0_12.0,2030,4,2030-T4,Diminution,63.3,16.4,63.3,20.4
z_36.0_13.5,2023,1,2023-T1,Diminution,53.5,31.5,53.5,15.1
z_36.0_13.5,2023,2,2023-T2,Augmentation,43.6,43.6,39.9,16.6
z_36.0_13.5,2023,3,2023-T3,Augmentation,41.6,41.6,41.8,16.7
z_36.0_13.5,2023,4,2023-T4,Augmentation,75.5,75.5,10.1,14.5
z_36.0_13.5,2024,1,2024-T1,Diminution,50.8,37.2,50.8,12.0
z_36.0_13.5,2024,2,2024-T2,Diminution,45.2,33.3,45.2,21.5
z_36.0_13.5,2024,3,2024-T3,Augmentation,38.0,38.0,46.1,15.9
z_36.0_13.5,2024,4,2024-T4,Augmentation,78.7,78.7,10.4,10.9
z_36.0_13.5,2025,1,2025-T1,Augmentation,55.4,55.4,33.8,10.9
z_36.0_13.5,2025,2,2025-T2,Augmentation,66.0,66.0,23.7,10.3
z_36.0_13.5,2025,3,2025-T3,Augmentation,61.7,61.7,27.5,10.8
z_36.0_13.5,2025,4,2025-T4,Augmentation,51.3,51.3,15.7,33.0
z_36.0_13.5,2026,1,2026-T1,Diminution,84.8,6.6,84.8,8.6
z_36.0_13.5,2026,2,2026-T2,Diminution,74.3,15.0,74.3,10.6
z_36.0_13.5,2026,3,2026-T3,Diminution,64.7,24.5,64.7,10.8
z_36.0_13.5,2026,4,2026-T4,Augmentation,70.0,70.0,10.9,19.0
z_36.0_13.5,2027,1,2027-T1,Diminution,62.1,26.0,62.1,11.9
z_36.0_13.5,2027,2,2027-T2,Augmentation,43.7,43.7,42.3,14.0
z_36.0_13.5,2027,3,2027-T3,Augmentation,37.4,37.4,48.5,14.1
z_36.0_13.5,2027,4,2027-T4,Augmentation,67.7,67.7,8.9,23.4
z_36.0_13.5,2028,1,2028-T1,Diminution,63.0,25.0,63.0,12.0
z_36.0_13.5,2028,2,2028-T2,Augmentation,40.8,40.8,46.0,13.2
z_36.0_13.5,2028,3,2028-T3,Augmentation,40.4,40.4,46.3,13.3
z_36.0_13.5,2028,4,2028-T4,Augmentation,69.5,69.5,8.6,21.8
z_36.0_13.5,2029,1,2029-T1,Diminution,63.4,25.2,63.4,11.4
z_36.0_13.5,2029,2,2029-T2,Diminution,51.4,35.0,51.4,13.6
z_36.0_13.5,2029,3,2029-T3,Augmentation,37.9,37.9,47.3,14.8
z_36.0_13.5,2029,4,2029-T4,Augmentation,70.7,70.7,10.8,18.5
z_36.0_13.5,2030,1,2030-T1,Diminution,60.8,27.0,60.8,12.2
z_36.0_13.5,2030,2,2030-T2,Augmentation,39.5,39.5,46.8,13.6
z_36.0_13.5,2030,3,2030-T3,Augmentation,39.9,39.9,46.2,13.9
z_36.0_13.5,2030,4,2030-T4,Augmentation,71.8,71.8,9.0,19.2
z_36.0_15.0,2023,1,2023-T1,Diminution,82.6,8.0,82.6,9.5
z_36.0_15.0,2023,2,2023-T2,Stable,62.7,21.8,15.4,62.7
z_36.0_15.0,2023,3,2023-T3,Diminution,82.8,2.7,82.8,14.5
z_36.0_15.0,2023,4,2023-T4,Diminution,69.4,16.0,69.4,14.6
z_36.0_15.0,2024,1,2024-T1,Diminution,66.2,19.6,66.2,14.2
z_36.0_15.0,2024,2,2024-T2,Stable,51.9,39.4,8.8,51.9
z_36.0_15.0,2024,3,2024-T3,Augmentation,36.7,36.7,40.9,22.4
z_36.0_15.0,2024,4,2024-T4,Diminution,52.8,31.7,52.8,15.5
z_36.0_15.0,2025,1,2025-T1,Augmentation,39.8,39.8,42.6,17.6
z_36.0_15.0,2025,2,2025-T2,Augmentation,66.4,66.4,7.5,26.0
z_36.0_15.0,2025,3,2025-T3,Augmentation,45.1,45.1,38.9,16.0
z_36.0_15.0,2025,4,2025-T4,Augmentation,39.7,39.7,44.0,16.4
z_36.0_15.0,2026,1,2026-T1,Diminution,52.4,28.9,52.4,18.8
z_36.0_15.0,2026,2,2026-T2,Stable,55.3,32.7,12.0,55.3
z_36.0_15.0,2026,3,2026-T3,Diminution,74.9,10.2,74.9,15.0
z_36.0_15.0,2026,4,2026-T4,Diminution,59.1,22.8,59.1,18.1
z_36.0_15.0,2027,1,2027-T1,Diminution,63.8,18.2,63.8,18.0
z_36.0_15.0,2027,2,2027-T2,Augmentation,52.0,52.0,5.8,42.2
z_36.0_15.0,2027,3,2027-T3,Diminution,63.2,19.1,63.2,17.8
z_36.0_15.0,2027,4,2027-T4,Diminution,67.9,14.3,67.9,17.8
z_36.0_15.0,2028,1,2028-T1,Diminution,63.9,17.6,63.9,18.5
z_36.0_15.0,2028,2,2028-T2,Stable,48.1,45.5,6.4,48.1
z_36.0_15.0,2028,3,2028-T3,Diminution,66.2,15.2,66.2,18.6
z_36.0_15.0,2028,4,2028-T4,Diminution,64.3,17.8,64.3,17.9
z_36.0_15.0,2029,1,2029-T1,Diminution,67.5,15.4,67.5,17.1
z_36.0_15.0,2029,2,2029-T2,Augmentation,47.4,47.4,6.8,45.8
z_36.0_15.0,2029,3,2029-T3,Diminution,67.6,13.8,67.6,18.6
z_36.0_15.0,2029,4,2029-T4,Diminution,69.1,12.7,69.1,18.2
z_36.0_15.0,2030,1,2030-T1,Diminution,66.2,15.2,66.2,18.6
z_36.0_15.0,2030,2,2030-T2,Stable,50.1,44.9,5.0,50.1
z_36.0_15.0,2030,3,2030-T3,Diminution,66.4,15.2,66.4,18.4
z_36.0_15.0,2030,4,2030-T4,Diminution,67.4,14.8,67.4,17.7
z_36.0_16.5,2023,1,2023-T1,Stable,83.9,3.9,12.2,83.9
z_36.0_16.5,2023,2,2023-T2,Stable,94.4,1.3,4.2,94.4
z_36.0_16.5,2023,3,2023-T3,Stable,97.4,0.2,2.4,97.4
z_36.0_16.5,2023,4,2023-T4,Stable,97.5,0.2,2.2,97.5
z_36.0_16.5,2024,1,2024-T1,Stable,97.4,0.2,2.4,97.4
z_36.0_16.5,2024,2,2024-T2,Stable,92.0,2.0,6.1,92.0
z_36.0_16.5,2024,3,2024-T3,Stable,95.9,0.4,3.7,95.9
z_36.0_16.5,2024,4,2024-T4,Stable,96.8,0.5,2.8,96.8
z_36.0_16.5,2025,1,2025-T1,Stable,95.2,2.1,2.8,95.2
z_36.0_16.5,2025,2,2025-T2,Stable,91.7,1.0,7.3,91.7
z_36.0_16.5,2025,3,2025-T3,Stable,95.9,0.4,3.7,95.9
z_36.0_16.5,2025,4,2025-T4,Stable,96.8,0.5,2.8,96.8
z_36.0_16.5,2026,1,2026-T1,Stable,97.8,0.7,1.5,97.8
z_36.0_16.5,2026,2,2026-T2,Stable,92.8,1.5,5.8,92.8
z_36.0_16.5,2026,3,2026-T3,Stable,97.4,0.2,2.4,97.4
z_36.0_16.5,2026,4,2026-T4,Stable,97.5,0.2,2.2,97.5
z_36.0_16.5,2027,1,2027-T1,Stable,97.6,0.2,2.2,97.6
z_36.0_16.5,2027,2,2027-T2,Stable,92.3,1.8,5.9,92.3
z_36.0_16.5,2027,3,2027-T3,Stable,97.4,0.2,2.4,97.4
z_36.0_16.5,2027,4,2027-T4,Stable,97.5,0.2,2.2,97.5
z_36.0_16.5,2028,1,2028-T1,Stable,97.6,0.2,2.2,97.6
z_36.0_16.5,2028,2,2028-T2,Stable,95.0,0.8,4.2,95.0
z_36.0_16.5,2028,3,2028-T3,Stable,97.4,0.2,2.4,97.4
z_36.0_16.5,2028,4,2028-T4,Stable,97.5,0.2,2.2,97.5
z_36.0_16.5,2029,1,2029-T1,Stable,97.6,0.2,2.2,97.6
z_36.0_16.5,2029,2,2029-T2,Stable,93.7,1.5,4.8,93.7
z_36.0_16.5,2029,3,2029-T3,Stable,97.4,0.2,2.4,97.4
z_36.0_16.5,2029,4,2029-T4,Stable,97.5,0.2,2.2,97.5
z_36.0_16.5,2030,1,2030-T1,Stable,97.6,0.2,2.2,97.6
z_36.0_16.5,2030,2,2030-T2,Stable,94.4,1.1,4.5,94.4
z_36.0_16.5,2030,3,2030-T3,Stable,97.4,0.2,2.4,97.4
z_36.0_16.5,2030,4,2030-T4,Stable,97.5,0.2,2.2,97.5
z_36.0_18.0,2023,1,2023-T1,Stable,90.6,4.2,5.2,90.6
z_36.0_18.0,2023,2,2023-T2,Stable,96.8,1.1,2.2,96.8
z_36.0_18.0,2023,3,2023-T3,Stable,92.2,2.6,5.2,92.2
z_36.0_18.0,2023,4,2023-T4,Stable,92.1,3.4,4.4,92.1
z_36.0_18.0,2024,1,2024-T1,Stable,83.8,8.8,7.4,83.8
z_36.0_18.0,2024,2,2024-T2,Stable,92.0,5.2,2.9,92.0
z_36.0_18.0,2024,3,2024-T3,Stable,95.6,1.5,2.9,95.6
z_36.0_18.0,2024,4,2024-T4,Stable,94.7,3.0,2.3,94.7
z_36.0_18.0,2025,1,2025-T1,Stable,92.1,5.0,2.9,92.1
z_36.0_18.0,2025,2,2025-T2,Stable,94.3,1.5,4.1,94.3
z_36.0_18.0,2025,3,2025-T3,Stable,95.6,1.5,2.9,95.6
z_36.0_18.0,2025,4,2025-T4,Stable,94.4,3.0,2.6,94.4
z_36.0_18.0,2026,1,2026-T1,Stable,92.1,5.0,2.9,92.1
z_36.0_18.0,2026,2,2026-T2,Stable,94.2,0.9,4.9,94.2
z_36.0_18.0,2026,3,2026-T3,Stable,95.6,1.5,2.9,95.6
z_36.0_18.0,2026,4,2026-T4,Stable,94.6,3.1,2.2,94.6
z_36.0_18.0,2027,1,2027-T1,Stable,92.1,5.0,2.9,92.1
z_36.0_18.0,2027,2,2027-T2,Stable,93.2,1.2,5.6,93.2
z_36.0_18.0,2027,3,2027-T3,Stable,95.6,1.5,2.9,95.6
z_36.0_18.0,2027,4,2027-T4,Stable,94.6,3.1,2.2,94.6
z_36.0_18.0,2028,1,2028-T1,Stable,92.1,5.0,2.9,92.1
z_36.0_18.0,2028,2,2028-T2,Stable,94.6,1.6,3.8,94.6
z_36.0_18.0,2028,3,2028-T3,Stable,95.6,1.5,2.9,95.6
z_36.0_18.0,2028,4,2028-T4,Stable,94.6,3.1,2.2,94.6
z_36.0_18.0,2029,1,2029-T1,Stable,92.1,5.0,2.9,92.1
z_36.0_18.0,2029,2,2029-T2,Stable,96.8,1.1,2.2,96.8
z_36.0_18.0,2029,3,2029-T3,Stable,95.6,1.5,2.9,95.6
z_36.0_18.0,2029,4,2029-T4,Stable,94.6,3.1,2.2,94.6
z_36.0_18.0,2030,1,2030-T1,Stable,92.1,5.0,2.9,92.1
z_36.0_18.0,2030,2,2030-T2,Stable,96.8,1.1,2.2,96.8
z_36.0_18.0,2030,3,2030-T3,Stable,95.6,1.5,2.9,95.6
z_36.0_18.0,2030,4,2030-T4,Stable,94.6,3.1,2.2,94.6
z_36.0_19.5,2023,1,2023-T1,Stable,91.8,2.0,6.3,91.8
z_36.0_19.5,2023,2,2023-T2,Diminution,85.1,5.1,85.1,9.8
z_36.0_19.5,2023,3,2023-T3,Stable,95.6,1.6,2.9,95.6
z_36.0_19.5,2023,4,2023-T4,Stable,97.9,0.2,1.9,97.9
z_36.0_19.5,2024,1,2024-T1,Stable,97.7,0.2,2.1,97.7
z_36.0_19.5,2024,2,2024-T2,Diminution,87.4,0.0,87.4,12.5
z_36.0_19.5,2024,3,2024-T3,Stable,92.6,1.5,5.9,92.6
z_36.0_19.5,2024,4,2024-T4,Stable,97.9,0.2,1.9,97.9
z_36.0_19.5,2025,1,2025-T1,Stable,96.0,1.0,3.0,96.0
z_36.0_19.5,2025,2,2025-T2,Diminution,87.4,0.0,87.4,12.5
z_36.0_19.5,2025,3,2025-T3,Stable,93.6,0.5,5.9,93.6
z_36.0_19.5,2025,4,2025-T4,Stable,95.6,0.6,3.8,95.6
z_36.0_19.5,2026,1,2026-T1,Stable,96.2,0.8,3.0,96.2
z_36.0_19.5,2026,2,2026-T2,Diminution,84.3,0.7,84.3,15.1
z_36.0_19.5,2026,3,2026-T3,Stable,94.4,1.5,4.1,94.4
z_36.0_19.5,2026,4,2026-T4,Stable,97.9,0.2,1.9,97.9
z_36.0_19.5,2027,1,2027-T1,Stable,97.9,0.2,1.9,97.9
z_36.0_19.5,2027,2,2027-T2,Diminution,87.4,0.0,87.4,12.5
z_36.0_19.5,2027,3,2027-T3,Stable,94.0,0.8,5.2,94.0
z_36.0_19.5,2027,4,2027-T4,Stable,97.9,0.2,1.9,97.9
z_36.0_19.5,2028,1,2028-T1,Stable,97.9,0.2,1.9,97.9
z_36.0_19.5,2028,2,2028-T2,Diminution,87.4,0.0,87.4,12.5
z_36.0_19.5,2028,3,2028-T3,Stable,95.7,0.5,3.8,95.7
z_36.0_19.5,2028,4,2028-T4,Stable,97.9,0.2,1.9,97.9
z_36.0_19.5,2029,1,2029-T1,Stable,97.9,0.2,1.9,97.9
z_36.0_19.5,2029,2,2029-T2,Diminution,87.4,0.0,87.4,12.5
z_36.0_19.5,2029,3,2029-T3,Stable,97.7,0.5,1.8,97.7
z_36.0_19.5,2029,4,2029-T4,Stable,97.9,0.2,1.9,97.9
z_36.0_19.5,2030,1,2030-T1,Stable,97.9,0.2,1.9,97.9
z_36.0_19.5,2030,2,2030-T2,Diminution,87.4,0.0,87.4,12.5
z_36.0_19.5,2030,3,2030-T3,Stable,96.6,0.5,2.9,96.6
z_36.0_19.5,2030,4,2030-T4,Stable,97.9,0.2,1.9,97.9
z_36.0_21.0,2023,1,2023-T1,Stable,67.4,27.3,5.3,67.4
z_36.0_21.0,2023,2,2023-T2,Stable,74.8,17.7,7.5,74.8
z_36.0_21.0,2023,3,2023-T3,Stable,70.6,24.2,5.2,70.6
z_36.0_21.0,2023,4,2023-T4,Stable,51.7,39.7,8.5,51.7
z_36.0_21.0,2024,1,2024-T1,Stable,59.5,36.9,3.6,59.5
z_36.0_21.0,2024,2,2024-T2,Stable,56.6,37.5,6.0,56.6
z_36.0_21.0,2024,3,2024-T3,Stable,56.0,40.5,3.6,56.0
z_36.0_21.0,2024,4,2024-T4,Stable,53.7,37.3,9.0,53.7
z_36.0_21.0,2025,1,2025-T1,Stable,59.3,37.0,3.7,59.3
z_36.0_21.0,2025,2,2025-T2,Stable,67.7,22.7,9.6,67.7
z_36.0_21.0,2025,3,2025-T3,Stable,79.5,11.8,8.6,79.5
z_36.0_21.0,2025,4,2025-T4,Stable,65.8,17.8,16.4,65.8
z_36.0_21.0,2026,1,2026-T1,Stable,65.8,24.3,9.9,65.8
z_36.0_21.0,2026,2,2026-T2,Stable,74.8,12.4,12.8,74.8
z_36.0_21.0,2026,3,2026-T3,Stable,70.1,23.3,6.6,70.1
z_36.0_21.0,2026,4,2026-T4,Stable,57.6,30.2,12.1,57.6
z_36.0_21.0,2027,1,2027-T1,Stable,62.5,32.0,5.5,62.5
z_36.0_21.0,2027,2,2027-T2,Stable,66.5,26.0,7.5,66.5
z_36.0_21.0,2027,3,2027-T3,Stable,68.7,27.6,3.7,68.7
z_36.0_21.0,2027,4,2027-T4,Stable,57.5,36.5,6.0,57.5
z_36.0_21.0,2028,1,2028-T1,Stable,60.7,34.3,5.0,60.7
z_36.0_21.0,2028,2,2028-T2,Stable,61.0,33.0,6.1,61.0
z_36.0_21.0,2028,3,2028-T3,Stable,65.6,29.8,4.5,65.6
z_36.0_21.0,2028,4,2028-T4,Stable,56.7,36.1,7.3,56.7
z_36.0_21.0,2029,1,2029-T1,Stable,58.2,37.6,4.2,58.2
z_36.0_21.0,2029,2,2029-T2,Stable,58.7,35.6,5.7,58.7
z_36.0_21.0,2029,3,2029-T3,Stable,67.2,28.4,4.4,67.2
z_36.0_21.0,2029,4,2029-T4,Stable,53.4,39.8,6.8,53.4
z_36.0_21.0,2030,1,2030-T1,Stable,61.6,34.1,4.3,61.6
z_36.0_21.0,2030,2,2030-T2,Stable,59.7,34.8,5.5,59.7
z_36.0_21.0,2030,3,2030-T3,Stable,68.5,26.8,4.6,68.5
z_36.0_21.0,2030,4,2030-T4,Stable,55.0,38.2,6.9,55.0
z_36.0_22.5,2023,1,2023-T1,Diminution,66.4,20.6,66.4,13.0
z_36.0_22.5,2023,2,2023-T2,Diminution,60.4,22.3,60.4,17.3
z_36.0_22.5,2023,3,2023-T3,Diminution,61.5,26.6,61.5,11.9
z_36.0_22.5,2023,4,2023-T4,Augmentation,39.0,39.0,49.6,11.5
z_36.0_22.5,2024,1,2024-T1,Augmentation,58.9,58.9,29.2,12.0
z_36.0_22.5,2024,2,2024-T2,Augmentation,72.9,72.9,14.9,12.2
z_36.0_22.5,2024,3,2024-T3,Augmentation,39.5,39.5,51.3,9.2
z_36.0_22.5,2024,4,2024-T4,Augmentation,64.0,64.0,26.9,9.1
z_36.0_22.5,2025,1,2025-T1,Augmentation,55.5,55.5,31.9,12.6
z_36.0_22.5,2025,2,2025-T2,Augmentation,43.4,43.4,41.5,15.1
z_36.0_22.5,2025,3,2025-T3,Diminution,51.7,36.6,51.7,11.7
z_36.0_22.5,2025,4,2025-T4,Augmentation,44.0,44.0,42.6,13.4
z_36.0_22.5,2026,1,2026-T1,Augmentation,45.3,45.3,39.4,15.3
z_36.0_22.5,2026,2,2026-T2,Augmentation,46.0,46.0,36.0,18.0
z_36.0_22.5,2026,3,2026-T3,Diminution,55.9,33.7,55.9,10.4
z_36.0_22.5,2026,4,2026-T4,Augmentation,38.2,38.2,48.7,13.1
z_36.0_22.5,2027,1,2027-T1,Augmentation,41.7,41.7,42.7,15.6
z_36.0_22.5,2027,2,2027-T2,Augmentation,43.6,43.6,41.2,15.2
z_36.0_22.5,2027,3,2027-T3,Diminution,52.6,37.1,52.6,10.3
z_36.0_22.5,2027,4,2027-T4,Augmentation,43.1,43.1,44.5,12.5
z_36.0_22.5,2028,1,2028-T1,Augmentation,41.6,41.6,44.4,14.0
z_36.0_22.5,2028,2,2028-T2,Augmentation,40.7,40.7,44.0,15.3
z_36.0_22.5,2028,3,2028-T3,Diminution,51.3,37.9,51.3,10.8
z_36.0_22.5,2028,4,2028-T4,Augmentation,37.1,37.1,48.3,14.6
z_36.0_22.5,2029,1,2029-T1,Diminution,49.8,36.0,49.8,14.2
z_36.0_22.5,2029,2,2029-T2,Augmentation,40.4,40.4,44.9,14.7
z_36.0_22.5,2029,3,2029-T3,Diminution,52.0,37.2,52.0,10.8
z_36.0_22.5,2029,4,2029-T4,Augmentation,39.3,39.3,48.0,12.7
z_36.0_22.5,2030,1,2030-T1,Diminution,50.3,35.9,50.3,13.7
z_36.0_22.5,2030,2,2030-T2,Augmentation,39.8,39.8,45.3,14.9
z_36.0_22.5,2030,3,2030-T3,Diminution,52.2,36.5,52.2,11.3
z_36.0_22.5,2030,4,2030-T4,Augmentation,40.9,40.9,47.0,12.1
z_36.0_24.0,2023,1,2023-T1,Augmentation,57.8,57.8,30.1,12.1
z_36.0_24.0,2023,2,2023-T2,Augmentation,47.6,47.6,43.9,8.5
z_36.0_24.0,2023,3,2023-T3,Augmentation,49.3,49.3,39.5,11.2
z_36.0_24.0,2023,4,2023-T4,Augmentation,64.3,64.3,22.7,13.0
z_36.0_24.0,2024,1,2024-T1,Augmentation,74.6,74.6,16.8,8.7
z_36.0_24.0,2024,2,2024-T2,Augmentation,57.2,57.2,35.0,7.8
z_36.0_24.0,2024,3,2024-T3,Augmentation,50.1,50.1,40.0,9.8
z_36.0_24.0,2024,4,2024-T4,Augmentation,78.1,78.1,13.8,8.1
z_36.0_24.0,2025,1,2025-T1,Augmentation,72.9,72.9,17.7,9.4
z_36.0_24.0,2025,2,2025-T2,Augmentation,71.5,71.5,21.1,7.3
z_36.0_24.0,2025,3,2025-T3,Augmentation,63.7,63.7,29.5,6.7
z_36.0_24.0,2025,4,2025-T4,Augmentation,75.2,75.2,17.1,7.7
z_36.0_24.0,2026,1,2026-T1,Augmentation,73.5,73.5,17.4,9.1
z_36.0_24.0,2026,2,2026-T2,Augmentation,60.8,60.8,31.6,7.6
z_36.0_24.0,2026,3,2026-T3,Augmentation,51.2,51.2,39.7,9.1
z_36.0_24.0,2026,4,2026-T4,Augmentation,66.2,66.2,23.9,9.8
z_36.0_24.0,2027,1,2027-T1,Augmentation,71.4,71.4,18.7,9.9
z_36.0_24.0,2027,2,2027-T2,Augmentation,69.4,69.4,24.8,5.8
z_36.0_24.0,2027,3,2027-T3,Augmentation,57.8,57.8,34.2,8.0
z_36.0_24.0,2027,4,2027-T4,Augmentation,77.4,77.4,15.2,7.4
z_36.0_24.0,2028,1,2028-T1,Augmentation,79.5,79.5,13.7,6.8
z_36.0_24.0,2028,2,2028-T2,Augmentation,70.5,70.5,23.6,5.9
z_36.0_24.0,2028,3,2028-T3,Augmentation,72.6,72.6,23.0,4.4
z_36.0_24.0,2028,4,2028-T4,Augmentation,80.0,80.0,13.2,6.8
z_36.0_24.0,2029,1,2029-T1,Augmentation,82.1,82.1,11.5,6.4
z_36.0_24.0,2029,2,2029-T2,Augmentation,76.3,76.3,20.0,3.8
z_36.0_24.0,2029,3,2029-T3,Augmentation,76.0,76.0,20.1,3.9
z_36.0_24.0,2029,4,2029-T4,Augmentation,82.0,82.0,12.3,5.7
z_36.0_24.0,2030,1,2030-T1,Augmentation,81.2,81.2,12.7,6.1
z_36.0_24.0,2030,2,2030-T2,Augmentation,78.8,78.8,17.8,3.5
z_36.0_24.0,2030,3,2030-T3,Augmentation,79.3,79.3,17.1,3.5
z_36.0_24.0,2030,4,2030-T4,Augmentation,84.5,84.5,10.2,5.3
z_36.0_25.5,2023,1,2023-T1,Augmentation,44.6,44.6,41.2,14.3
z_36.0_25.5,2023,2,2023-T2,Diminution,55.3,34.8,55.3,9.9
z_36.0_25.5,2023,3,2023-T3,Augmentation,42.9,42.9,44.4,12.7
z_36.0_25.5,2023,4,2023-T4,Diminution,55.5,29.7,55.5,14.8
z_36.0_25.5,2024,1,2024-T1,Augmentation,36.2,36.2,46.5,17.3
z_36.0_25.5,2024,2,2024-T2,Diminution,72.2,20.7,72.2,7.0
z_36.0_25.5,2024,3,2024-T3,Diminution,85.9,7.8,85.9,6.4
z_36.0_25.5,2024,4,2024-T4,Diminution,58.4,26.4,58.4,15.2
z_36.0_25.5,2025,1,2025-T1,Diminution,49.7,35.9,49.7,14.4
z_36.0_25.5,2025,2,2025-T2,Diminution,64.9,24.8,64.9,10.3
z_36.0_25.5,2025,3,2025-T3,Augmentation,40.8,40.8,45.0,14.1
z_36.0_25.5,2025,4,2025-T4,Augmentation,73.8,73.8,15.2,11.1
z_36.0_25.5,2026,1,2026-T1,Augmentation,53.9,53.9,30.8,15.3
z_36.0_25.5,2026,2,2026-T2,Augmentation,42.7,42.7,41.6,15.7
z_36.0_25.5,2026,3,2026-T3,Augmentation,38.3,38.3,50.5,11.2
z_36.0_25.5,2026,4,2026-T4,Augmentation,42.4,42.4,43.7,13.8
z_36.0_25.5,2027,1,2027-T1,Augmentation,43.5,43.5,41.9,14.6
z_36.0_25.5,2027,2,2027-T2,Augmentation,38.7,38.7,49.4,12.0
z_36.0_25.5,2027,3,2027-T3,Augmentation,39.7,39.7,48.6,11.8
z_36.0_25.5,2027,4,2027-T4,Augmentation,39.9,39.9,47.0,13.1
z_36.0_25.5,2028,1,2028-T1,Augmentation,40.2,40.2,45.2,14.6
z_36.0_25.5,2028,2,2028-T2,Augmentation,41.2,41.2,47.0,11.9
z_36.0_25.5,2028,3,2028-T3,Augmentation,42.0,42.0,46.8,11.2
z_36.0_25.5,2028,4,2028-T4,Augmentation,41.4,41.4,44.1,14.5
z_36.0_25.5,2029,1,2029-T1,Augmentation,39.1,39.1,46.9,13.9
z_36.0_25.5,2029,2,2029-T2,Augmentation,38.3,38.3,50.4,11.3
z_36.0_25.5,2029,3,2029-T3,Augmentation,39.9,39.9,50.1,10.0
z_36.0_25.5,2029,4,2029-T4,Augmentation,39.8,39.8,46.0,14.2
z_36.0_25.5,2030,1,2030-T1,Augmentation,40.1,40.1,46.6,13.3
z_36.0_25.5,2030,2,2030-T2,Diminution,53.5,36.3,53.5,10.3
z_36.0_25.5,2030,3,2030-T3,Augmentation,38.4,38.4,50.9,10.7
z_36.0_25.5,2030,4,2030-T4,Augmentation,43.1,43.1,43.8,13.1
z_36.0_27.0,2023,1,2023-T1,Augmentation,55.2,55.2,31.3,13.5
z_36.0_27.0,2023,2,2023-T2,Diminution,49.9,36.5,49.9,13.6
z_36.0_27.0,2023,3,2023-T3,Augmentation,41.2,41.2,41.4,17.4
z_36.0_27.0,2023,4,2023-T4,Augmentation,40.2,40.2,45.2,14.6
z_36.0_27.0,2024,1,2024-T1,Augmentation,48.5,48.5,37.1,14.4
z_36.0_27.0,2024,2,2024-T2,Augmentation,47.0,47.0,38.1,14.9
z_36.0_27.0,2024,3,2024-T3,Augmentation,46.5,46.5,43.0,10.5
z_36.0_27.0,2024,4,2024-T4,Augmentation,66.0,66.0,23.4,10.6
z_36.0_27.0,2025,1,2025-T1,Augmentation,62.9,62.9,23.9,13.2
z_36.0_27.0,2025,2,2025-T2,Augmentation,42.2,42.2,44.8,13.0
z_36.0_27.0,2025,3,2025-T3,Diminution,51.0,35.8,51.0,13.2
z_36.0_27.0,2025,4,2025-T4,Augmentation,44.3,44.3,39.2,16.5
z_36.0_27.0,2026,1,2026-T1,Augmentation,44.8,44.8,41.7,13.5
z_36.0_27.0,2026,2,2026-T2,Augmentation,41.6,41.6,47.4,10.9
z_36.0_27.0,2026,3,2026-T3,Augmentation,40.9,40.9,46.3,12.8
z_36.0_27.0,2026,4,2026-T4,Augmentation,43.0,43.0,40.9,16.1
z_36.0_27.0,2027,1,2027-T1,Augmentation,37.9,37.9,45.9,16.3
z_36.0_27.0,2027,2,2027-T2,Augmentation,43.2,43.2,45.8,11.0
z_36.0_27.0,2027,3,2027-T3,Diminution,51.6,38.0,51.6,10.4
z_36.0_27.0,2027,4,2027-T4,Augmentation,45.2,45.2,39.4,15.3
z_36.0_27.0,2028,1,2028-T1,Augmentation,43.7,43.7,40.1,16.1
z_36.0_27.0,2028,2,2028-T2,Augmentation,40.4,40.4,48.2,11.4
z_36.0_27.0,2028,3,2028-T3,Augmentation,42.6,42.6,46.3,11.1
z_36.0_27.0,2028,4,2028-T4,Augmentation,44.2,44.2,40.8,14.9
z_36.0_27.0,2029,1,2029-T1,Augmentation,38.2,38.2,45.8,16.0
z_36.0_27.0,2029,2,2029-T2,Augmentation,39.3,39.3,49.1,11.7
z_36.0_27.0,2029,3,2029-T3,Augmentation,42.2,42.2,47.1,10.7
z_36.0_27.0,2029,4,2029-T4,Augmentation,44.0,44.0,40.4,15.6
z_36.0_27.0,2030,1,2030-T1,Augmentation,43.8,43.8,41.0,15.2
z_36.0_27.0,2030,2,2030-T2,Augmentation,38.6,38.6,49.7,11.7
z_36.0_27.0,2030,3,2030-T3,Augmentation,39.8,39.8,49.1,11.1
z_36.0_27.0,2030,4,2030-T4,Augmentation,44.0,44.0,40.5,15.5
z_36.0_30.0,2023,1,2023-T1,Stable,90.8,5.1,4.1,90.8
z_36.0_30.0,2023,2,2023-T2,Stable,95.4,3.1,1.6,95.4
z_36.0_30.0,2023,3,2023-T3,Stable,90.4,6.4,3.2,90.4
z_36.0_30.0,2023,4,2023-T4,Stable,92.5,4.3,3.2,92.5
z_36.0_30.0,2024,1,2024-T1,Stable,93.4,3.2,3.4,93.4
z_36.0_30.0,2024,2,2024-T2,Stable,94.3,3.3,2.5,94.3
z_36.0_30.0,2024,3,2024-T3,Stable,94.1,2.9,3.0,94.1
z_36.0_30.0,2024,4,2024-T4,Stable,92.5,4.2,3.3,92.5
z_36.0_30.0,2025,1,2025-T1,Stable,93.4,3.2,3.4,93.4
z_36.0_30.0,2025,2,2025-T2,Stable,92.4,5.2,2.4,92.4
z_36.0_30.0,2025,3,2025-T3,Stable,91.0,5.3,3.8,91.0
z_36.0_30.0,2025,4,2025-T4,Stable,92.6,4.2,3.2,92.6
z_36.0_30.0,2026,1,2026-T1,Stable,94.1,3.4,2.5,94.1
z_36.0_30.0,2026,2,2026-T2,Stable,90.2,7.7,2.1,90.2
z_36.0_30.0,2026,3,2026-T3,Stable,92.1,4.8,3.1,92.1
z_36.0_30.0,2026,4,2026-T4,Stable,94.0,3.0,3.0,94.0
z_36.0_30.0,2027,1,2027-T1,Stable,93.4,3.2,3.4,93.4
z_36.0_30.0,2027,2,2027-T2,Stable,94.6,3.3,2.0,94.6
z_36.0_30.0,2027,3,2027-T3,Stable,92.7,4.0,3.3,92.7
z_36.0_30.0,2027,4,2027-T4,Stable,94.0,3.0,3.0,94.0
z_36.0_30.0,2028,1,2028-T1,Stable,93.4,3.2,3.4,93.4
z_36.0_30.0,2028,2,2028-T2,Stable,94.3,3.3,2.5,94.3
z_36.0_30.0,2028,3,2028-T3,Stable,94.5,2.5,3.0,94.5
z_36.0_30.0,2028,4,2028-T4,Stable,94.0,3.0,3.0,94.0
z_36.0_30.0,2029,1,2029-T1,Stable,93.4,3.2,3.4,93.4
z_36.0_30.0,2029,2,2029-T2,Stable,92.4,5.2,2.4,92.4
z_36.0_30.0,2029,3,2029-T3,Stable,94.5,2.5,3.0,94.5
z_36.0_30.0,2029,4,2029-T4,Stable,94.0,3.0,3.0,94.0
z_36.0_30.0,2030,1,2030-T1,Stable,93.4,3.2,3.4,93.4
z_36.0_30.0,2030,2,2030-T2,Stable,93.6,4.1,2.3,93.6
z_36.0_30.0,2030,3,2030-T3,Stable,94.5,2.5,3.0,94.5
z_36.0_30.0,2030,4,2030-T4,Stable,94.0,3.0,3.0,94.0
z_36.0_34.5,2023,1,2023-T1,Stable,65.7,27.8,6.5,65.7
z_36.0_34.5,2023,2,2023-T2,Stable,74.6,21.6,3.8,74.6
z_36.0_34.5,2023,3,2023-T3,Stable,79.7,10.9,9.5,79.7
z_36.0_34.5,2023,4,2023-T4,Stable,74.9,18.3,6.8,74.9
z_36.0_34.5,2024,1,2024-T1,Stable,81.7,13.8,4.4,81.7
z_36.0_34.5,2024,2,2024-T2,Stable,88.3,9.3,2.4,88.3
z_36.0_34.5,2024,3,2024-T3,Stable,78.7,17.1,4.2,78.7
z_36.0_34.5,2024,4,2024-T4,Stable,74.3,18.2,7.5,74.3
z_36.0_34.5,2025,1,2025-T1,Stable,91.0,6.2,2.9,91.0
z_36.0_34.5,2025,2,2025-T2,Stable,92.1,5.2,2.7,92.1
z_36.0_34.5,2025,3,2025-T3,Stable,78.9,17.4,3.7,78.9
z_36.0_34.5,2025,4,2025-T4,Stable,75.6,16.9,7.5,75.6
z_36.0_34.5,2026,1,2026-T1,Stable,90.8,5.6,3.7,90.8
z_36.0_34.5,2026,2,2026-T2,Stable,89.6,7.6,2.8,89.6
z_36.0_34.5,2026,3,2026-T3,Stable,81.4,14.4,4.2,81.4
z_36.0_34.5,2026,4,2026-T4,Stable,81.1,14.2,4.7,81.1
z_36.0_34.5,2027,1,2027-T1,Stable,90.8,5.6,3.7,90.8
z_36.0_34.5,2027,2,2027-T2,Stable,90.8,6.3,2.8,90.8
z_36.0_34.5,2027,3,2027-T3,Stable,80.4,15.9,3.7,80.4
z_36.0_34.5,2027,4,2027-T4,Stable,80.3,15.6,4.0,80.3
z_36.0_34.5,2028,1,2028-T1,Stable,90.8,5.6,3.7,90.8
z_36.0_34.5,2028,2,2028-T2,Stable,90.6,6.8,2.6,90.6
z_36.0_34.5,2028,3,2028-T3,Stable,82.4,14.2,3.5,82.4
z_36.0_34.5,2028,4,2028-T4,Stable,79.5,17.2,3.3,79.5
z_36.0_34.5,2029,1,2029-T1,Stable,90.8,5.6,3.7,90.8
z_36.0_34.5,2029,2,2029-T2,Stable,93.3,4.6,2.1,93.3
z_36.0_34.5,2029,3,2029-T3,Stable,82.1,14.4,3.5,82.1
z_36.0_34.5,2029,4,2029-T4,Stable,79.5,17.2,3.3,79.5
z_36.0_34.5,2030,1,2030-T1,Stable,90.8,5.6,3.7,90.8
z_36.0_34.5,2030,2,2030-T2,Stable,94.3,3.6,2.1,94.3
z_36.0_34.5,2030,3,2030-T3,Stable,82.1,14.4,3.5,82.1
z_36.0_34.5,2030,4,2030-T4,Stable,79.5,17.2,3.3,79.5
z_36.0_36.0,2023,1,2023-T1,Stable,92.4,3.2,4.4,92.4
z_36.0_36.0,2023,2,2023-T2,Stable,92.2,4.8,3.1,92.2
z_36.0_36.0,2023,3,2023-T3,Stable,93.1,2.9,3.9,93.1
z_36.0_36.0,2023,4,2023-T4,Stable,93.2,3.2,3.6,93.2
z_36.0_36.0,2024,1,2024-T1,Stable,92.4,3.2,4.4,92.4
z_36.0_36.0,2024,2,2024-T2,Stable,94.6,2.4,3.0,94.6
z_36.0_36.0,2024,3,2024-T3,Stable,93.1,2.9,3.9,93.1
z_36.0_36.0,2024,4,2024-T4,Stable,93.2,3.2,3.6,93.2
z_36.0_36.0,2025,1,2025-T1,Stable,92.4,3.2,4.4,92.4
z_36.0_36.0,2025,2,2025-T2,Stable,93.8,2.7,3.5,93.8
z_36.0_36.0,2025,3,2025-T3,Stable,91.5,4.6,4.0,91.5
z_36.0_36.0,2025,4,2025-T4,Stable,95.0,2.5,2.4,95.0
z_36.0_36.0,2026,1,2026-T1,Stable,87.9,7.7,4.4,87.9
z_36.0_36.0,2026,2,2026-T2,Stable,94.6,2.4,3.0,94.6
z_36.0_36.0,2026,3,2026-T3,Stable,93.1,2.9,3.9,93.1
z_36.0_36.0,2026,4,2026-T4,Stable,93.2,3.2,3.6,93.2
z_36.0_36.0,2027,1,2027-T1,Stable,90.5,5.3,4.2,90.5
z_36.0_36.0,2027,2,2027-T2,Stable,94.6,2.4,3.0,94.6
z_36.0_36.0,2027,3,2027-T3,Stable,93.1,2.9,3.9,93.1
z_36.0_36.0,2027,4,2027-T4,Stable,93.2,3.2,3.6,93.2
z_36.0_36.0,2028,1,2028-T1,Stable,91.0,4.1,5.0,91.0
z_36.0_36.0,2028,2,2028-T2,Stable,94.6,2.4,3.0,94.6
z_36.0_36.0,2028,3,2028-T3,Stable,93.1,2.9,3.9,93.1
z_36.0_36.0,2028,4,2028-T4,Stable,93.2,3.2,3.6,93.2
z_36.0_36.0,2029,1,2029-T1,Stable,90.6,5.1,4.3,90.6
z_36.0_36.0,2029,2,2029-T2,Stable,94.6,2.4,3.0,94.6
z_36.0_36.0,2029,3,2029-T3,Stable,93.1,2.9,3.9,93.1
z_36.0_36.0,2029,4,2029-T4,Stable,93.2,3.2,3.6,93.2
z_36.0_36.0,2030,1,2030-T1,Stable,91.2,4.6,4.2,91.2
z_36.0_36.0,2030,2,2030-T2,Stable,94.6,2.4,3.0,94.6
z_36.0_36.0,2030,3,2030-T3,Stable,93.1,2.9,3.9,93.1
z_36.0_36.0,2030,4,2030-T4,Stable,93.2,3.2,3.6,93.2
z_36.0_4.5,2023,1,2023-T1,Stable,96.6,1.0,2.4,96.6
z_36.0_4.5,2023,2,2023-T2,Stable,94.6,1.1,4.3,94.6
z_36.0_4.5,2023,3,2023-T3,Diminution,91.4,0.1,91.4,8.5
z_36.0_4.5,2023,4,2023-T4,Stable,91.4,1.2,7.4,91.4
z_36.0_4.5,2024,1,2024-T1,Stable,93.0,1.6,5.4,93.0
z_36.0_4.5,2024,2,2024-T2,Stable,95.1,0.6,4.3,95.1
z_36.0_4.5,2024,3,2024-T3,Diminution,91.4,0.1,91.4,8.5
z_36.0_4.5,2024,4,2024-T4,Stable,91.6,1.0,7.4,91.6
z_36.0_4.5,2025,1,2025-T1,Stable,94.0,1.6,4.4,94.0
z_36.0_4.5,2025,2,2025-T2,Stable,96.2,0.5,3.2,96.2
z_36.0_4.5,2025,3,2025-T3,Diminution,91.4,0.2,91.4,8.4
z_36.0_4.5,2025,4,2025-T4,Stable,91.0,2.2,6.8,91.0
z_36.0_4.5,2026,1,2026-T1,Stable,95.6,0.7,3.7,95.6
z_36.0_4.5,2026,2,2026-T2,Stable,96.3,0.4,3.4,96.3
z_36.0_4.5,2026,3,2026-T3,Diminution,90.7,0.1,90.7,9.1
z_36.0_4.5,2026,4,2026-T4,Stable,95.7,0.6,3.7,95.7
z_36.0_4.5,2027,1,2027-T1,Stable,95.6,0.7,3.7,95.6
z_36.0_4.5,2027,2,2027-T2,Stable,94.8,0.6,4.6,94.8
z_36.0_4.5,2027,3,2027-T3,Diminution,90.9,0.1,90.9,8.9
z_36.0_4.5,2027,4,2027-T4,Stable,95.7,0.6,3.7,95.7
z_36.0_4.5,2028,1,2028-T1,Stable,95.6,0.7,3.7,95.6
z_36.0_4.5,2028,2,2028-T2,Stable,96.2,0.3,3.4,96.2
z_36.0_4.5,2028,3,2028-T3,Diminution,90.7,0.1,90.7,9.2
z_36.0_4.5,2028,4,2028-T4,Stable,95.7,0.6,3.7,95.7
z_36.0_4.5,2029,1,2029-T1,Stable,95.6,0.7,3.7,95.6
z_36.0_4.5,2029,2,2029-T2,Stable,96.2,0.3,3.4,96.2
z_36.0_4.5,2029,3,2029-T3,Diminution,91.8,0.1,91.8,8.1
z_36.0_4.5,2029,4,2029-T4,Stable,95.7,0.6,3.7,95.7
z_36.0_4.5,2030,1,2030-T1,Stable,95.6,0.7,3.7,95.6
z_36.0_4.5,2030,2,2030-T2,Stable,96.2,0.3,3.4,96.2
z_36.0_4.5,2030,3,2030-T3,Diminution,91.4,0.1,91.4,8.5
z_36.0_4.5,2030,4,2030-T4,Stable,95.7,0.6,3.7,95.7
z_36.0_9.0,2023,1,2023-T1,Stable,97.6,0.3,2.1,97.6
z_36.0_9.0,2023,2,2023-T2,Stable,89.5,2.9,7.6,89.5
z_36.0_9.0,2023,3,2023-T3,Stable,90.9,3.0,6.1,90.9
z_36.0_9.0,2023,4,2023-T4,Diminution,80.1,8.3,80.1,11.6
z_36.0_9.0,2024,1,2024-T1,Stable,94.6,1.6,3.7,94.6
z_36.0_9.0,2024,2,2024-T2,Stable,96.4,0.4,3.2,96.4
z_36.0_9.0,2024,3,2024-T3,Stable,89.6,2.3,8.1,89.6
z_36.0_9.0,2024,4,2024-T4,Diminution,90.0,0.5,90.0,9.5
z_36.0_9.0,2025,1,2025-T1,Stable,92.5,2.9,4.6,92.5
z_36.0_9.0,2025,2,2025-T2,Stable,93.3,1.6,5.0,93.3
z_36.0_9.0,2025,3,2025-T3,Stable,95.8,0.5,3.6,95.8
z_36.0_9.0,2025,4,2025-T4,Diminution,91.3,0.5,91.3,8.2
z_36.0_9.0,2026,1,2026-T1,Stable,92.6,1.1,6.2,92.6
z_36.0_9.0,2026,2,2026-T2,Stable,95.0,0.6,4.4,95.0
z_36.0_9.0,2026,3,2026-T3,Stable,94.0,0.9,5.1,94.0
z_36.0_9.0,2026,4,2026-T4,Diminution,91.3,0.5,91.3,8.2
z_36.0_9.0,2027,1,2027-T1,Stable,93.4,0.7,5.9,93.4
z_36.0_9.0,2027,2,2027-T2,Stable,95.0,0.4,4.6,95.0
z_36.0_9.0,2027,3,2027-T3,Stable,95.7,0.5,3.8,95.7
z_36.0_9.0,2027,4,2027-T4,Diminution,91.3,0.5,91.3,8.2
z_36.0_9.0,2028,1,2028-T1,Stable,93.3,2.3,4.4,93.3
z_36.0_9.0,2028,2,2028-T2,Stable,96.4,0.4,3.2,96.4
z_36.0_9.0,2028,3,2028-T3,Stable,95.7,0.5,3.8,95.7
z_36.0_9.0,2028,4,2028-T4,Diminution,91.3,0.5,91.3,8.2
z_36.0_9.0,2029,1,2029-T1,Stable,97.6,0.3,2.1,97.6
z_36.0_9.0,2029,2,2029-T2,Stable,95.0,0.6,4.4,95.0
z_36.0_9.0,2029,3,2029-T3,Stable,95.7,0.5,3.8,95.7
z_36.0_9.0,2029,4,2029-T4,Diminution,91.3,0.5,91.3,8.2
z_36.0_9.0,2030,1,2030-T1,Stable,97.6,0.3,2.1,97.6
z_36.0_9.0,2030,2,2030-T2,Stable,96.3,0.3,3.3,96.3
z_36.0_9.0,2030,3,2030-T3,Stable,95.7,0.5,3.8,95.7
z_36.0_9.0,2030,4,2030-T4,Diminution,91.3,0.5,91.3,8.2
z_37.5_-1.5,2023,1,2023-T1,Diminution,78.0,5.7,78.0,16.3
z_37.5_-1.5,2023,2,2023-T2,Stable,70.3,19.5,10.3,70.3
z_37.5_-1.5,2023,3,2023-T3,Stable,50.5,42.4,7.1,50.5
z_37.5_-1.5,2023,4,2023-T4,Diminution,52.6,29.8,52.6,17.6
z_37.5_-1.5,2024,1,2024-T1,Diminution,51.5,28.5,51.5,20.0
z_37.5_-1.5,2024,2,2024-T2,Stable,51.8,41.2,7.0,51.8
z_37.5_-1.5,2024,3,2024-T3,Stable,47.1,46.8,6.2,47.1
z_37.5_-1.5,2024,4,2024-T4,Diminution,53.1,29.6,53.1,17.2
z_37.5_-1.5,2025,1,2025-T1,Augmentation,42.1,42.1,38.3,19.5
z_37.5_-1.5,2025,2,2025-T2,Augmentation,60.3,60.3,7.3,32.4
z_37.5_-1.5,2025,3,2025-T3,Augmentation,54.8,54.8,6.9,38.3
z_37.5_-1.5,2025,4,2025-T4,Augmentation,42.9,42.9,36.7,20.4
z_37.5_-1.5,2026,1,2026-T1,Augmentation,35.1,35.1,46.3,18.6
z_37.5_-1.5,2026,2,2026-T2,Stable,51.8,40.8,7.3,51.8
z_37.5_-1.5,2026,3,2026-T3,Augmentation,52.2,52.2,6.4,41.3
z_37.5_-1.5,2026,4,2026-T4,Diminution,56.3,24.7,56.3,19.1
z_37.5_-1.5,2027,1,2027-T1,Diminution,53.2,29.2,53.2,17.6
z_37.5_-1.5,2027,2,2027-T2,Stable,58.4,36.5,5.1,58.4
z_37.5_-1.5,2027,3,2027-T3,Stable,50.5,44.2,5.3,50.5
z_37.5_-1.5,2027,4,2027-T4,Diminution,50.8,31.7,50.8,17.5
z_37.5_-1.5,2028,1,2028-T1,Diminution,62.1,19.4,62.1,18.5
z_37.5_-1.5,2028,2,2028-T2,Stable,59.2,35.9,4.9,59.2
z_37.5_-1.5,2028,3,2028-T3,Stable,49.3,45.8,4.9,49.3
z_37.5_-1.5,2028,4,2028-T4,Diminution,52.4,30.7,52.4,16.9
z_37.5_-1.5,2029,1,2029-T1,Diminution,53.7,29.0,53.7,17.3
z_37.5_-1.5,2029,2,2029-T2,Stable,59.4,35.6,5.0,59.4
z_37.5_-1.5,2029,3,2029-T3,Stable,49.5,45.9,4.5,49.5
z_37.5_-1.5,2029,4,2029-T4,Diminution,54.7,26.4,54.7,18.8
z_37.5_-1.5,2030,1,2030-T1,Diminution,58.8,22.5,58.8,18.7
z_37.5_-1.5,2030,2,2030-T2,Stable,59.5,35.5,5.0,59.5
z_37.5_-1.5,2030,3,2030-T3,Stable,54.7,40.9,4.4,54.7
z_37.5_-1.5,2030,4,2030-T4,Diminution,55.2,26.2,55.2,18.6
z_37.5_-10.5,2023,1,2023-T1,Diminution,52.9,29.8,52.9,17.3
z_37.5_-10.5,2023,2,2023-T2,Augmentation,75.0,75.0,6.1,18.8
z_37.5_-10.5,2023,3,2023-T3,Augmentation,69.2,69.2,7.1,23.7
z_37.5_-10.5,2023,4,2023-T4,Augmentation,48.9,48.9,31.8,19.3
z_37.5_-10.5,2024,1,2024-T1,Augmentation,40.1,40.1,43.3,16.6
z_37.5_-10.5,2024,2,2024-T2,Augmentation,84.6,84.6,5.0,10.4
z_37.5_-10.5,2024,3,2024-T3,Augmentation,75.9,75.9,8.1,15.9
z_37.5_-10.5,2024,4,2024-T4,Augmentation,71.1,71.1,17.5,11.4
z_37.5_-10.5,2025,1,2025-T1,Augmentation,43.6,43.6,44.9,11.4
z_37.5_-10.5,2025,2,2025-T2,Augmentation,66.5,66.5,7.3,26.3
z_37.5_-10.5,2025,3,2025-T3,Augmentation,76.0,76.0,7.6,16.4
z_37.5_-10.5,2025,4,2025-T4,Augmentation,71.2,71.2,18.6,10.3
z_37.5_-10.5,2026,1,2026-T1,Augmentation,43.8,43.8,40.7,15.5
z_37.5_-10.5,2026,2,2026-T2,Augmentation,63.9,63.9,10.7,25.5
z_37.5_-10.5,2026,3,2026-T3,Augmentation,60.0,60.0,11.1,28.9
z_37.5_-10.5,2026,4,2026-T4,Augmentation,38.4,38.4,45.3,16.3
z_37.5_-10.5,2027,1,2027-T1,Diminution,59.9,27.7,59.9,12.4
z_37.5_-10.5,2027,2,2027-T2,Augmentation,64.4,64.4,10.0,25.6
z_37.5_-10.5,2027,3,2027-T3,Augmentation,65.7,65.7,9.6,24.7
z_37.5_-10.5,2027,4,2027-T4,Augmentation,43.0,43.0,40.4,16.6
z_37.5_-10.5,2028,1,2028-T1,Diminution,58.8,29.8,58.8,11.4
z_37.5_-10.5,2028,2,2028-T2,Augmentation,70.4,70.4,9.1,20.4
z_37.5_-10.5,2028,3,2028-T3,Augmentation,68.8,68.8,9.6,21.6
z_37.5_-10.5,2028,4,2028-T4,Augmentation,46.2,46.2,38.2,15.5
z_37.5_-10.5,2029,1,2029-T1,Diminution,63.0,25.6,63.0,11.4
z_37.5_-10.5,2029,2,2029-T2,Augmentation,71.1,71.1,11.0,17.9
z_37.5_-10.5,2029,3,2029-T3,Augmentation,69.9,69.9,10.9,19.3
z_37.5_-10.5,2029,4,2029-T4,Augmentation,48.7,48.7,35.8,15.5
z_37.5_-10.5,2030,1,2030-T1,Diminution,67.4,22.1,67.4,10.5
z_37.5_-10.5,2030,2,2030-T2,Augmentation,69.5,69.5,13.3,17.3
z_37.5_-10.5,2030,3,2030-T3,Augmentation,69.4,69.4,10.7,20.0
z_37.5_-10.5,2030,4,2030-T4,Augmentation,49.1,49.1,36.3,14.7
z_37.5_-13.5,2023,1,2023-T1,Stable,97.2,0.3,2.5,97.2
z_37.5_-13.5,2023,2,2023-T2,Stable,98.4,0.1,1.5,98.4
z_37.5_-13.5,2023,3,2023-T3,Stable,97.5,0.2,2.3,97.5
z_37.5_-13.5,2023,4,2023-T4,Stable,97.7,0.5,1.7,97.7
z_37.5_-13.5,2024,1,2024-T1,Stable,97.2,0.3,2.5,97.2
z_37.5_-13.5,2024,2,2024-T2,Stable,98.4,0.1,1.5,98.4
z_37.5_-13.5,2024,3,2024-T3,Stable,97.5,0.2,2.3,97.5
z_37.5_-13.5,2024,4,2024-T4,Stable,97.7,0.5,1.7,97.7
z_37.5_-13.5,2025,1,2025-T1,Stable,95.4,0.7,3.9,95.4
z_37.5_-13.5,2025,2,2025-T2,Stable,97.8,0.3,1.8,97.8
z_37.5_-13.5,2025,3,2025-T3,Stable,98.3,0.1,1.6,98.3
z_37.5_-13.5,2025,4,2025-T4,Stable,95.8,1.7,2.5,95.8
z_37.5_-13.5,2026,1,2026-T1,Stable,97.2,0.3,2.5,97.2
z_37.5_-13.5,2026,2,2026-T2,Stable,98.4,0.1,1.5,98.4
z_37.5_-13.5,2026,3,2026-T3,Stable,97.5,0.2,2.3,97.5
z_37.5_-13.5,2026,4,2026-T4,Stable,97.0,0.9,2.1,97.0
z_37.5_-13.5,2027,1,2027-T1,Stable,97.2,0.3,2.5,97.2
z_37.5_-13.5,2027,2,2027-T2,Stable,98.4,0.1,1.5,98.4
z_37.5_-13.5,2027,3,2027-T3,Stable,97.5,0.2,2.3,97.5
z_37.5_-13.5,2027,4,2027-T4,Stable,97.1,0.7,2.2,97.1
z_37.5_-13.5,2028,1,2028-T1,Stable,97.2,0.3,2.5,97.2
z_37.5_-13.5,2028,2,2028-T2,Stable,98.4,0.1,1.5,98.4
z_37.5_-13.5,2028,3,2028-T3,Stable,97.5,0.2,2.3,97.5
z_37.5_-13.5,2028,4,2028-T4,Stable,97.7,0.5,1.8,97.7
z_37.5_-13.5,2029,1,2029-T1,Stable,97.2,0.3,2.5,97.2
z_37.5_-13.5,2029,2,2029-T2,Stable,98.4,0.1,1.5,98.4
z_37.5_-13.5,2029,3,2029-T3,Stable,97.5,0.2,2.3,97.5
z_37.5_-13.5,2029,4,2029-T4,Stable,97.4,0.6,2.1,97.4
z_37.5_-13.5,2030,1,2030-T1,Stable,97.2,0.3,2.5,97.2
z_37.5_-13.5,2030,2,2030-T2,Stable,98.4,0.1,1.5,98.4
z_37.5_-13.5,2030,3,2030-T3,Stable,97.5,0.2,2.3,97.5
z_37.5_-13.5,2030,4,2030-T4,Stable,97.7,0.5,1.7,97.7
z_37.5_-22.5,2023,1,2023-T1,Stable,96.9,0.3,2.8,96.9
z_37.5_-22.5,2023,2,2023-T2,Stable,97.1,0.3,2.6,97.1
z_37.5_-22.5,2023,3,2023-T3,Stable,96.3,0.6,3.1,96.3
z_37.5_-22.5,2023,4,2023-T4,Stable,98.1,0.2,1.8,98.1
z_37.5_-22.5,2024,1,2024-T1,Stable,93.6,2.5,3.9,93.6
z_37.5_-22.5,2024,2,2024-T2,Stable,98.1,0.1,1.8,98.1
z_37.5_-22.5,2024,3,2024-T3,Stable,97.1,0.2,2.7,97.1
z_37.5_-22.5,2024,4,2024-T4,Stable,97.2,0.3,2.5,97.2
z_37.5_-22.5,2025,1,2025-T1,Stable,96.1,0.7,3.3,96.1
z_37.5_-22.5,2025,2,2025-T2,Stable,98.1,0.1,1.8,98.1
z_37.5_-22.5,2025,3,2025-T3,Stable,96.3,0.5,3.2,96.3
z_37.5_-22.5,2025,4,2025-T4,Stable,96.3,0.5,3.1,96.3
z_37.5_-22.5,2026,1,2026-T1,Stable,95.8,1.8,2.4,95.8
z_37.5_-22.5,2026,2,2026-T2,Stable,95.5,1.6,2.9,95.5
z_37.5_-22.5,2026,3,2026-T3,Stable,97.1,0.2,2.7,97.1
z_37.5_-22.5,2026,4,2026-T4,Stable,97.2,0.3,2.5,97.2
z_37.5_-22.5,2027,1,2027-T1,Stable,96.6,0.3,3.1,96.6
z_37.5_-22.5,2027,2,2027-T2,Stable,97.5,0.3,2.2,97.5
z_37.5_-22.5,2027,3,2027-T3,Stable,97.1,0.2,2.7,97.1
z_37.5_-22.5,2027,4,2027-T4,Stable,97.2,0.3,2.5,97.2
z_37.5_-22.5,2028,1,2028-T1,Stable,95.5,1.0,3.6,95.5
z_37.5_-22.5,2028,2,2028-T2,Stable,97.4,0.2,2.4,97.4
z_37.5_-22.5,2028,3,2028-T3,Stable,97.1,0.2,2.7,97.1
z_37.5_-22.5,2028,4,2028-T4,Stable,97.2,0.3,2.5,97.2
z_37.5_-22.5,2029,1,2029-T1,Stable,96.9,0.3,2.8,96.9
z_37.5_-22.5,2029,2,2029-T2,Stable,97.7,0.3,2.0,97.7
z_37.5_-22.5,2029,3,2029-T3,Stable,97.1,0.2,2.7,97.1
z_37.5_-22.5,2029,4,2029-T4,Stable,97.2,0.3,2.5,97.2
z_37.5_-22.5,2030,1,2030-T1,Stable,96.9,0.3,2.8,96.9
z_37.5_-22.5,2030,2,2030-T2,Stable,97.5,0.4,2.2,97.5
z_37.5_-22.5,2030,3,2030-T3,Stable,97.1,0.2,2.7,97.1
z_37.5_-22.5,2030,4,2030-T4,Stable,97.2,0.3,2.5,97.2
z_37.5_-24.0,2023,1,2023-T1,Stable,97.4,0.2,2.4,97.4
z_37.5_-24.0,2023,2,2023-T2,Stable,97.8,0.1,2.1,97.8
z_37.5_-24.0,2023,3,2023-T3,Stable,97.2,0.2,2.7,97.2
z_37.5_-24.0,2023,4,2023-T4,Stable,97.3,0.2,2.5,97.3
z_37.5_-24.0,2024,1,2024-T1,Stable,97.4,0.2,2.4,97.4
z_37.5_-24.0,2024,2,2024-T2,Stable,97.8,0.1,2.1,97.8
z_37.5_-24.0,2024,3,2024-T3,Stable,95.9,0.4,3.7,95.9
z_37.5_-24.0,2024,4,2024-T4,Stable,96.7,0.5,2.8,96.7
z_37.5_-24.0,2025,1,2025-T1,Stable,97.5,0.7,1.7,97.5
z_37.5_-24.0,2025,2,2025-T2,Stable,95.5,1.5,2.9,95.5
z_37.5_-24.0,2025,3,2025-T3,Stable,97.2,0.2,2.7,97.2
z_37.5_-24.0,2025,4,2025-T4,Stable,97.3,0.2,2.5,97.3
z_37.5_-24.0,2026,1,2026-T1,Stable,97.4,0.2,2.4,97.4
z_37.5_-24.0,2026,2,2026-T2,Stable,96.8,0.4,2.9,96.8
z_37.5_-24.0,2026,3,2026-T3,Stable,97.2,0.2,2.7,97.2
z_37.5_-24.0,2026,4,2026-T4,Stable,97.3,0.2,2.5,97.3
z_37.5_-24.0,2027,1,2027-T1,Stable,97.4,0.2,2.4,97.4
z_37.5_-24.0,2027,2,2027-T2,Stable,97.1,0.2,2.7,97.1
z_37.5_-24.0,2027,3,2027-T3,Stable,97.2,0.2,2.7,97.2
z_37.5_-24.0,2027,4,2027-T4,Stable,97.3,0.2,2.5,97.3
z_37.5_-24.0,2028,1,2028-T1,Stable,97.4,0.2,2.4,97.4
z_37.5_-24.0,2028,2,2028-T2,Stable,97.6,0.2,2.2,97.6
z_37.5_-24.0,2028,3,2028-T3,Stable,97.2,0.2,2.7,97.2
z_37.5_-24.0,2028,4,2028-T4,Stable,97.3,0.2,2.5,97.3
z_37.5_-24.0,2029,1,2029-T1,Stable,97.4,0.2,2.4,97.4
z_37.5_-24.0,2029,2,2029-T2,Stable,96.7,0.4,3.0,96.7
z_37.5_-24.0,2029,3,2029-T3,Stable,97.2,0.2,2.7,97.2
z_37.5_-24.0,2029,4,2029-T4,Stable,97.3,0.2,2.5,97.3
z_37.5_-24.0,2030,1,2030-T1,Stable,97.4,0.2,2.4,97.4
z_37.5_-24.0,2030,2,2030-T2,Stable,97.8,0.1,2.1,97.8
z_37.5_-24.0,2030,3,2030-T3,Stable,97.2,0.2,2.7,97.2
z_37.5_-24.0,2030,4,2030-T4,Stable,97.3,0.2,2.5,97.3
z_37.5_-25.5,2023,1,2023-T1,Stable,97.8,0.2,2.0,97.8
z_37.5_-25.5,2023,2,2023-T2,Stable,98.5,0.1,1.3,98.5
z_37.5_-25.5,2023,3,2023-T3,Stable,97.7,0.2,2.1,97.7
z_37.5_-25.5,2023,4,2023-T4,Stable,96.8,0.8,2.4,96.8
z_37.5_-25.5,2024,1,2024-T1,Stable,97.8,0.2,2.0,97.8
z_37.5_-25.5,2024,2,2024-T2,Stable,98.5,0.1,1.3,98.5
z_37.5_-25.5,2024,3,2024-T3,Stable,97.7,0.2,2.1,97.7
z_37.5_-25.5,2024,4,2024-T4,Stable,97.0,0.7,2.3,97.0
z_37.5_-25.5,2025,1,2025-T1,Stable,97.8,0.2,2.0,97.8
z_37.5_-25.5,2025,2,2025-T2,Stable,98.5,0.1,1.3,98.5
z_37.5_-25.5,2025,3,2025-T3,Stable,97.7,0.2,2.1,97.7
z_37.5_-25.5,2025,4,2025-T4,Stable,96.6,0.8,2.5,96.6
z_37.5_-25.5,2026,1,2026-T1,Stable,96.0,0.6,3.3,96.0
z_37.5_-25.5,2026,2,2026-T2,Stable,99.0,0.1,1.0,99.0
z_37.5_-25.5,2026,3,2026-T3,Stable,95.1,1.8,3.1,95.1
z_37.5_-25.5,2026,4,2026-T4,Stable,97.0,0.6,2.4,97.0
z_37.5_-25.5,2027,1,2027-T1,Stable,97.8,0.2,2.0,97.8
z_37.5_-25.5,2027,2,2027-T2,Stable,98.5,0.1,1.3,98.5
z_37.5_-25.5,2027,3,2027-T3,Stable,96.7,0.4,2.9,96.7
z_37.5_-25.5,2027,4,2027-T4,Stable,97.8,0.5,1.7,97.8
z_37.5_-25.5,2028,1,2028-T1,Stable,97.8,0.2,2.0,97.8
z_37.5_-25.5,2028,2,2028-T2,Stable,98.5,0.1,1.3,98.5
z_37.5_-25.5,2028,3,2028-T3,Stable,96.8,0.3,2.9,96.8
z_37.5_-25.5,2028,4,2028-T4,Stable,97.8,0.5,1.7,97.8
z_37.5_-25.5,2029,1,2029-T1,Stable,97.8,0.2,2.0,97.8
z_37.5_-25.5,2029,2,2029-T2,Stable,98.5,0.1,1.3,98.5
z_37.5_-25.5,2029,3,2029-T3,Stable,97.7,0.2,2.0,97.7
z_37.5_-25.5,2029,4,2029-T4,Stable,97.8,0.5,1.7,97.8
z_37.5_-25.5,2030,1,2030-T1,Stable,97.8,0.2,2.0,97.8
z_37.5_-25.5,2030,2,2030-T2,Stable,98.5,0.1,1.3,98.5
z_37.5_-25.5,2030,3,2030-T3,Stable,96.9,0.4,2.8,96.9
z_37.5_-25.5,2030,4,2030-T4,Stable,97.8,0.5,1.7,97.8
z_37.5_-27.0,2023,1,2023-T1,Diminution,89.7,0.4,89.7,9.9
z_37.5_-27.0,2023,2,2023-T2,Stable,97.5,0.5,2.0,97.5
z_37.5_-27.0,2023,3,2023-T3,Stable,96.4,1.3,2.3,96.4
z_37.5_-27.0,2023,4,2023-T4,Stable,95.0,1.7,3.2,95.0
z_37.5_-27.0,2024,1,2024-T1,Diminution,90.0,0.5,90.0,9.5
z_37.5_-27.0,2024,2,2024-T2,Stable,97.6,0.6,1.8,97.6
z_37.5_-27.0,2024,3,2024-T3,Stable,93.1,3.2,3.6,93.1
z_37.5_-27.0,2024,4,2024-T4,Stable,94.1,2.9,3.0,94.1
z_37.5_-27.0,2025,1,2025-T1,Diminution,90.5,0.6,90.5,8.9
z_37.5_-27.0,2025,2,2025-T2,Stable,95.2,1.9,2.9,95.2
z_37.5_-27.0,2025,3,2025-T3,Stable,92.4,3.3,4.2,92.4
z_37.5_-27.0,2025,4,2025-T4,Stable,83.7,8.0,8.3,83.7
z_37.5_-27.0,2026,1,2026-T1,Diminution,79.0,5.2,79.0,15.9
z_37.5_-27.0,2026,2,2026-T2,Stable,96.3,1.7,1.9,96.3
z_37.5_-27.0,2026,3,2026-T3,Stable,93.0,3.9,3.1,93.0
z_37.5_-27.0,2026,4,2026-T4,Stable,95.4,2.0,2.6,95.4
z_37.5_-27.0,2027,1,2027-T1,Diminution,87.0,0.6,87.0,12.5
z_37.5_-27.0,2027,2,2027-T2,Stable,98.6,0.3,1.1,98.6
z_37.5_-27.0,2027,3,2027-T3,Stable,95.9,1.5,2.6,95.9
z_37.5_-27.0,2027,4,2027-T4,Stable,94.6,2.5,2.9,94.6
z_37.5_-27.0,2028,1,2028-T1,Diminution,88.9,1.5,88.9,9.6
z_37.5_-27.0,2028,2,2028-T2,Stable,98.6,0.3,1.1,98.6
z_37.5_-27.0,2028,3,2028-T3,Stable,95.8,1.5,2.7,95.8
z_37.5_-27.0,2028,4,2028-T4,Stable,95.3,2.0,2.7,95.3
z_37.5_-27.0,2029,1,2029-T1,Diminution,90.2,0.4,90.2,9.4
z_37.5_-27.0,2029,2,2029-T2,Stable,98.6,0.3,1.1,98.6
z_37.5_-27.0,2029,3,2029-T3,Stable,96.6,1.1,2.3,96.6
z_37.5_-27.0,2029,4,2029-T4,Stable,96.0,1.6,2.4,96.0
z_37.5_-27.0,2030,1,2030-T1,Diminution,89.4,0.7,89.4,9.9
z_37.5_-27.0,2030,2,2030-T2,Stable,98.6,0.3,1.1,98.6
z_37.5_-27.0,2030,3,2030-T3,Stable,95.6,1.8,2.6,95.6
z_37.5_-27.0,2030,4,2030-T4,Stable,95.3,2.1,2.6,95.3
z_37.5_-28.5,2023,1,2023-T1,Stable,97.5,0.5,2.0,97.5
z_37.5_-28.5,2023,2,2023-T2,Stable,97.2,0.7,2.2,97.2
z_37.5_-28.5,2023,3,2023-T3,Stable,97.0,0.4,2.6,97.0
z_37.5_-28.5,2023,4,2023-T4,Stable,95.5,1.4,3.1,95.5
z_37.5_-28.5,2024,1,2024-T1,Stable,95.5,0.9,3.6,95.5
z_37.5_-28.5,2024,2,2024-T2,Stable,98.2,0.3,1.4,98.2
z_37.5_-28.5,2024,3,2024-T3,Stable,91.1,1.9,6.9,91.1
z_37.5_-28.5,2024,4,2024-T4,Stable,95.8,1.3,2.9,95.8
z_37.5_-28.5,2025,1,2025-T1,Stable,92.5,2.5,5.0,92.5
z_37.5_-28.5,2025,2,2025-T2,Stable,93.4,4.0,2.7,93.4
z_37.5_-28.5,2025,3,2025-T3,Stable,97.2,0.5,2.4,97.2
z_37.5_-28.5,2025,4,2025-T4,Stable,90.7,2.8,6.5,90.7
z_37.5_-28.5,2026,1,2026-T1,Stable,95.5,0.9,3.6,95.5
z_37.5_-28.5,2026,2,2026-T2,Stable,97.3,0.6,2.1,97.3
z_37.5_-28.5,2026,3,2026-T3,Stable,93.3,2.5,4.2,93.3
z_37.5_-28.5,2026,4,2026-T4,Stable,96.0,1.1,2.8,96.0
z_37.5_-28.5,2027,1,2027-T1,Stable,97.5,0.5,2.0,97.5
z_37.5_-28.5,2027,2,2027-T2,Stable,97.4,0.4,2.2,97.4
z_37.5_-28.5,2027,3,2027-T3,Stable,97.1,0.4,2.6,97.1
z_37.5_-28.5,2027,4,2027-T4,Stable,96.4,0.9,2.8,96.4
z_37.5_-28.5,2028,1,2028-T1,Stable,97.5,0.5,2.0,97.5
z_37.5_-28.5,2028,2,2028-T2,Stable,97.8,0.4,1.7,97.8
z_37.5_-28.5,2028,3,2028-T3,Stable,95.6,1.1,3.3,95.6
z_37.5_-28.5,2028,4,2028-T4,Stable,97.1,0.7,2.2,97.1
z_37.5_-28.5,2029,1,2029-T1,Stable,97.5,0.5,2.0,97.5
z_37.5_-28.5,2029,2,2029-T2,Stable,97.2,0.7,2.2,97.2
z_37.5_-28.5,2029,3,2029-T3,Stable,97.7,0.2,2.0,97.7
z_37.5_-28.5,2029,4,2029-T4,Stable,96.1,1.0,2.9,96.1
z_37.5_-28.5,2030,1,2030-T1,Stable,97.5,0.5,2.0,97.5
z_37.5_-28.5,2030,2,2030-T2,Stable,97.9,0.4,1.7,97.9
z_37.5_-28.5,2030,3,2030-T3,Stable,97.1,0.3,2.5,97.1
z_37.5_-28.5,2030,4,2030-T4,Stable,97.1,0.7,2.2,97.1
z_37.5_-30.0,2023,1,2023-T1,Stable,92.8,3.5,3.7,92.8
z_37.5_-30.0,2023,2,2023-T2,Stable,96.8,1.2,2.0,96.8
z_37.5_-30.0,2023,3,2023-T3,Stable,95.5,1.7,2.8,95.5
z_37.5_-30.0,2023,4,2023-T4,Stable,95.3,2.0,2.7,95.3
z_37.5_-30.0,2024,1,2024-T1,Stable,93.6,3.2,3.2,93.6
z_37.5_-30.0,2024,2,2024-T2,Stable,96.8,1.2,2.0,96.8
z_37.5_-30.0,2024,3,2024-T3,Stable,95.5,1.7,2.8,95.5
z_37.5_-30.0,2024,4,2024-T4,Stable,95.3,2.0,2.7,95.3
z_37.5_-30.0,2025,1,2025-T1,Stable,93.6,3.2,3.2,93.6
z_37.5_-30.0,2025,2,2025-T2,Stable,96.8,1.2,2.0,96.8
z_37.5_-30.0,2025,3,2025-T3,Stable,94.1,2.4,3.5,94.1
z_37.5_-30.0,2025,4,2025-T4,Stable,94.4,2.6,3.0,94.4
z_37.5_-30.0,2026,1,2026-T1,Stable,94.1,3.9,2.0,94.1
z_37.5_-30.0,2026,2,2026-T2,Stable,90.9,6.7,2.4,90.9
z_37.5_-30.0,2026,3,2026-T3,Stable,95.5,1.7,2.8,95.5
z_37.5_-30.0,2026,4,2026-T4,Stable,95.3,2.0,2.7,95.3
z_37.5_-30.0,2027,1,2027-T1,Stable,93.6,3.2,3.2,93.6
z_37.5_-30.0,2027,2,2027-T2,Stable,96.8,1.3,2.0,96.8
z_37.5_-30.0,2027,3,2027-T3,Stable,95.5,1.7,2.8,95.5
z_37.5_-30.0,2027,4,2027-T4,Stable,95.3,2.0,2.7,95.3
z_37.5_-30.0,2028,1,2028-T1,Stable,93.6,3.2,3.2,93.6
z_37.5_-30.0,2028,2,2028-T2,Stable,96.3,1.2,2.5,96.3
z_37.5_-30.0,2028,3,2028-T3,Stable,95.5,1.7,2.8,95.5
z_37.5_-30.0,2028,4,2028-T4,Stable,95.3,2.0,2.7,95.3
z_37.5_-30.0,2029,1,2029-T1,Stable,93.6,3.2,3.2,93.6
z_37.5_-30.0,2029,2,2029-T2,Stable,95.9,1.6,2.5,95.9
z_37.5_-30.0,2029,3,2029-T3,Stable,95.5,1.7,2.8,95.5
z_37.5_-30.0,2029,4,2029-T4,Stable,95.3,2.0,2.7,95.3
z_37.5_-30.0,2030,1,2030-T1,Stable,93.6,3.2,3.2,93.6
z_37.5_-30.0,2030,2,2030-T2,Stable,95.6,1.8,2.7,95.6
z_37.5_-30.0,2030,3,2030-T3,Stable,95.5,1.7,2.8,95.5
z_37.5_-30.0,2030,4,2030-T4,Stable,95.3,2.0,2.7,95.3
z_37.5_-9.0,2023,1,2023-T1,Diminution,51.7,32.9,51.7,15.5
z_37.5_-9.0,2023,2,2023-T2,Diminution,64.3,20.0,64.3,15.7
z_37.5_-9.0,2023,3,2023-T3,Stable,52.3,42.6,5.1,52.3
z_37.5_-9.0,2023,4,2023-T4,Diminution,53.1,29.4,53.1,17.5
z_37.5_-9.0,2024,1,2024-T1,Augmentation,38.5,38.5,46.1,15.4
z_37.5_-9.0,2024,2,2024-T2,Augmentation,40.2,40.2,43.2,16.6
z_37.5_-9.0,2024,3,2024-T3,Augmentation,56.0,56.0,8.8,35.3
z_37.5_-9.0,2024,4,2024-T4,Augmentation,49.1,49.1,33.9,17.1
z_37.5_-9.0,2025,1,2025-T1,Diminution,58.2,27.1,58.2,14.7
z_37.5_-9.0,2025,2,2025-T2,Diminution,68.8,14.0,68.8,17.2
z_37.5_-9.0,2025,3,2025-T3,Augmentation,47.8,47.8,6.0,46.3
z_37.5_-9.0,2025,4,2025-T4,Diminution,57.8,27.2,57.8,14.9
z_37.5_-9.0,2026,1,2026-T1,Diminution,63.6,21.4,63.6,15.1
z_37.5_-9.0,2026,2,2026-T2,Diminution,71.8,11.2,71.8,17.0
z_37.5_-9.0,2026,3,2026-T3,Augmentation,51.2,51.2,4.5,44.3
z_37.5_-9.0,2026,4,2026-T4,Diminution,68.3,17.4,68.3,14.3
z_37.5_-9.0,2027,1,2027-T1,Diminution,72.6,13.2,72.6,14.2
z_37.5_-9.0,2027,2,2027-T2,Diminution,74.4,9.4,74.4,16.1
z_37.5_-9.0,2027,3,2027-T3,Stable,48.5,46.3,5.2,48.5
z_37.5_-9.0,2027,4,2027-T4,Diminution,71.1,13.6,71.1,15.3
z_37.5_-9.0,2028,1,2028-T1,Diminution,74.1,11.6,74.1,14.3
z_37.5_-9.0,2028,2,2028-T2,Diminution,74.1,9.3,74.1,16.6
z_37.5_-9.0,2028,3,2028-T3,Stable,56.8,37.4,5.7,56.8
z_37.5_-9.0,2028,4,2028-T4,Diminution,70.0,13.3,70.0,16.7
z_37.5_-9.0,2029,1,2029-T1,Diminution,75.4,9.9,75.4,14.7
z_37.5_-9.0,2029,2,2029-T2,Diminution,74.1,9.3,74.1,16.6
z_37.5_-9.0,2029,3,2029-T3,Stable,54.1,40.4,5.6,54.1
z_37.5_-9.0,2029,4,2029-T4,Diminution,71.7,12.4,71.7,15.9
z_37.5_-9.0,2030,1,2030-T1,Diminution,75.4,10.1,75.4,14.5
z_37.5_-9.0,2030,2,2030-T2,Diminution,74.4,9.3,74.4,16.3
z_37.5_-9.0,2030,3,2030-T3,Stable,56.3,38.4,5.3,56.3
z_37.5_-9.0,2030,4,2030-T4,Diminution,71.9,12.4,71.9,15.7
z_37.5_0.0,2023,1,2023-T1,Diminution,68.9,8.7,68.9,22.4
z_37.5_0.0,2023,2,2023-T2,Diminution,76.5,9.7,76.5,13.8
z_37.5_0.0,2023,3,2023-T3,Diminution,75.9,7.5,75.9,16.6
z_37.5_0.0,2023,4,2023-T4,Diminution,57.7,23.3,57.7,18.9
z_37.5_0.0,2024,1,2024-T1,Diminution,65.1,17.9,65.1,17.0
z_37.5_0.0,2024,2,2024-T2,Diminution,65.9,16.1,65.9,18.1
z_37.5_0.0,2024,3,2024-T3,Diminution,77.8,9.3,77.8,12.9
z_37.5_0.0,2024,4,2024-T4,Diminution,74.7,9.7,74.7,15.6
z_37.5_0.0,2025,1,2025-T1,Diminution,67.1,16.2,67.1,16.7
z_37.5_0.0,2025,2,2025-T2,Diminution,80.3,4.1,80.3,15.7
z_37.5_0.0,2025,3,2025-T3,Diminution,87.8,2.7,87.8,9.6
z_37.5_0.0,2025,4,2025-T4,Diminution,88.2,2.7,88.2,9.1
z_37.5_0.0,2026,1,2026-T1,Diminution,77.3,5.9,77.3,16.7
z_37.5_0.0,2026,2,2026-T2,Diminution,82.1,5.1,82.1,12.7
z_37.5_0.0,2026,3,2026-T3,Diminution,71.3,9.9,71.3,18.9
z_37.5_0.0,2026,4,2026-T4,Diminution,78.9,5.0,78.9,16.1
z_37.5_0.0,2027,1,2027-T1,Diminution,71.1,9.6,71.1,19.3
z_37.5_0.0,2027,2,2027-T2,Diminution,75.3,6.5,75.3,18.2
z_37.5_0.0,2027,3,2027-T3,Diminution,75.3,7.5,75.3,17.2
z_37.5_0.0,2027,4,2027-T4,Diminution,76.4,7.2,76.4,16.5
z_37.5_0.0,2028,1,2028-T1,Diminution,73.8,6.8,73.8,19.4
z_37.5_0.0,2028,2,2028-T2,Diminution,74.9,7.3,74.9,17.7
z_37.5_0.0,2028,3,2028-T3,Diminution,76.8,7.1,76.8,16.1
z_37.5_0.0,2028,4,2028-T4,Diminution,76.0,6.7,76.0,17.2
z_37.5_0.0,2029,1,2029-T1,Diminution,73.8,8.3,73.8,17.9
z_37.5_0.0,2029,2,2029-T2,Diminution,76.2,6.5,76.2,17.3
z_37.5_0.0,2029,3,2029-T3,Diminution,77.0,6.9,77.0,16.1
z_37.5_0.0,2029,4,2029-T4,Diminution,76.0,6.7,76.0,17.2
z_37.5_0.0,2030,1,2030-T1,Diminution,73.9,7.2,73.9,18.9
z_37.5_0.0,2030,2,2030-T2,Diminution,75.9,5.9,75.9,18.2
z_37.5_0.0,2030,3,2030-T3,Diminution,79.3,6.5,79.3,14.2
z_37.5_0.0,2030,4,2030-T4,Diminution,78.7,6.0,78.7,15.4
z_37.5_1.5,2023,1,2023-T1,Stable,94.6,1.7,3.7,94.6
z_37.5_1.5,2023,2,2023-T2,Stable,97.0,0.7,2.4,97.0
z_37.5_1.5,2023,3,2023-T3,Stable,95.2,1.1,3.7,95.2
z_37.5_1.5,2023,4,2023-T4,Stable,95.5,1.1,3.4,95.5
z_37.5_1.5,2024,1,2024-T1,Stable,94.6,1.7,3.7,94.6
z_37.5_1.5,2024,2,2024-T2,Stable,97.0,0.7,2.4,97.0
z_37.5_1.5,2024,3,2024-T3,Stable,95.5,1.0,3.4,95.5
z_37.5_1.5,2024,4,2024-T4,Stable,94.8,1.5,3.7,94.8
z_37.5_1.5,2025,1,2025-T1,Stable,94.6,1.7,3.7,94.6
z_37.5_1.5,2025,2,2025-T2,Stable,97.0,0.7,2.4,97.0
z_37.5_1.5,2025,3,2025-T3,Stable,94.5,1.6,3.9,94.5
z_37.5_1.5,2025,4,2025-T4,Stable,95.0,1.5,3.5,95.0
z_37.5_1.5,2026,1,2026-T1,Stable,94.9,2.6,2.5,94.9
z_37.5_1.5,2026,2,2026-T2,Stable,92.6,4.5,2.9,92.6
z_37.5_1.5,2026,3,2026-T3,Stable,95.7,1.0,3.3,95.7
z_37.5_1.5,2026,4,2026-T4,Stable,95.7,1.1,3.2,95.7
z_37.5_1.5,2027,1,2027-T1,Stable,94.6,1.7,3.7,94.6
z_37.5_1.5,2027,2,2027-T2,Stable,96.9,0.8,2.3,96.9
z_37.5_1.5,2027,3,2027-T3,Stable,95.7,1.0,3.3,95.7
z_37.5_1.5,2027,4,2027-T4,Stable,95.7,1.1,3.2,95.7
z_37.5_1.5,2028,1,2028-T1,Stable,94.6,1.7,3.7,94.6
z_37.5_1.5,2028,2,2028-T2,Stable,96.5,0.7,2.8,96.5
z_37.5_1.5,2028,3,2028-T3,Stable,95.7,1.0,3.3,95.7
z_37.5_1.5,2028,4,2028-T4,Stable,95.7,1.1,3.2,95.7
z_37.5_1.5,2029,1,2029-T1,Stable,94.6,1.7,3.7,94.6
z_37.5_1.5,2029,2,2029-T2,Stable,96.3,0.9,2.8,96.3
z_37.5_1.5,2029,3,2029-T3,Stable,95.7,1.0,3.3,95.7
z_37.5_1.5,2029,4,2029-T4,Stable,95.7,1.1,3.2,95.7
z_37.5_1.5,2030,1,2030-T1,Stable,94.6,1.7,3.7,94.6
z_37.5_1.5,2030,2,2030-T2,Stable,95.9,1.3,2.9,95.9
z_37.5_1.5,2030,3,2030-T3,Stable,95.7,1.0,3.3,95.7
z_37.5_1.5,2030,4,2030-T4,Stable,95.7,1.1,3.2,95.7
z_37.5_10.5,2023,1,2023-T1,Stable,86.6,7.4,6.1,86.6
z_37.5_10.5,2023,2,2023-T2,Stable,86.6,10.2,3.2,86.6
z_37.5_10.5,2023,3,2023-T3,Stable,86.2,10.7,3.1,86.2
z_37.5_10.5,2023,4,2023-T4,Stable,93.1,3.9,3.1,93.1
z_37.5_10.5,2024,1,2024-T1,Stable,91.9,4.9,3.3,91.9
z_37.5_10.5,2024,2,2024-T2,Stable,96.8,0.8,2.5,96.8
z_37.5_10.5,2024,3,2024-T3,Stable,89.4,6.8,3.8,89.4
z_37.5_10.5,2024,4,2024-T4,Stable,95.6,2.1,2.2,95.6
z_37.5_10.5,2025,1,2025-T1,Stable,94.5,2.7,2.8,94.5
z_37.5_10.5,2025,2,2025-T2,Stable,93.9,1.9,4.2,93.9
z_37.5_10.5,2025,3,2025-T3,Stable,86.3,9.7,4.0,86.3
z_37.5_10.5,2025,4,2025-T4,Stable,84.6,4.9,10.4,84.6
z_37.5_10.5,2026,1,2026-T1,Stable,92.6,4.1,3.4,92.6
z_37.5_10.5,2026,2,2026-T2,Stable,97.5,0.5,2.0,97.5
z_37.5_10.5,2026,3,2026-T3,Stable,91.7,5.3,3.0,91.7
z_37.5_10.5,2026,4,2026-T4,Stable,95.9,1.8,2.3,95.9
z_37.5_10.5,2027,1,2027-T1,Stable,92.9,2.7,4.4,92.9
z_37.5_10.5,2027,2,2027-T2,Stable,97.5,0.5,2.0,97.5
z_37.5_10.5,2027,3,2027-T3,Stable,89.2,7.7,3.1,89.2
z_37.5_10.5,2027,4,2027-T4,Stable,95.6,1.8,2.6,95.6
z_37.5_10.5,2028,1,2028-T1,Stable,91.0,3.6,5.4,91.0
z_37.5_10.5,2028,2,2028-T2,Stable,97.5,0.5,2.0,97.5
z_37.5_10.5,2028,3,2028-T3,Stable,90.3,7.0,2.7,90.3
z_37.5_10.5,2028,4,2028-T4,Stable,95.9,1.9,2.2,95.9
z_37.5_10.5,2029,1,2029-T1,Stable,92.3,2.1,5.6,92.3
z_37.5_10.5,2029,2,2029-T2,Stable,97.5,0.5,2.0,97.5
z_37.5_10.5,2029,3,2029-T3,Stable,90.3,7.0,2.7,90.3
z_37.5_10.5,2029,4,2029-T4,Stable,95.9,1.9,2.2,95.9
z_37.5_10.5,2030,1,2030-T1,Stable,93.2,2.7,4.1,93.2
z_37.5_10.5,2030,2,2030-T2,Stable,97.5,0.5,2.0,97.5
z_37.5_10.5,2030,3,2030-T3,Stable,90.3,7.0,2.7,90.3
z_37.5_10.5,2030,4,2030-T4,Stable,95.9,1.9,2.2,95.9
z_37.5_12.0,2023,1,2023-T1,Diminution,77.7,8.1,77.7,14.1
z_37.5_12.0,2023,2,2023-T2,Diminution,59.9,17.5,59.9,22.6
z_37.5_12.0,2023,3,2023-T3,Diminution,46.5,34.3,46.5,19.2
z_37.5_12.0,2023,4,2023-T4,Diminution,45.6,33.1,45.6,21.3
z_37.5_12.0,2024,1,2024-T1,Diminution,46.5,32.8,46.5,20.7
z_37.5_12.0,2024,2,2024-T2,Diminution,57.2,19.8,57.2,23.0
z_37.5_12.0,2024,3,2024-T3,Diminution,76.1,7.2,76.1,16.7
z_37.5_12.0,2024,4,2024-T4,Diminution,73.7,9.8,73.7,16.5
z_37.5_12.0,2025,1,2025-T1,Diminution,70.7,11.8,70.7,17.6
z_37.5_12.0,2025,2,2025-T2,Diminution,54.9,23.7,54.9,21.4
z_37.5_12.0,2025,3,2025-T3,Diminution,54.4,26.4,54.4,19.2
z_37.5_12.0,2025,4,2025-T4,Diminution,54.9,25.6,54.9,19.6
z_37.5_12.0,2026,1,2026-T1,Diminution,53.6,26.1,53.6,20.4
z_37.5_12.0,2026,2,2026-T2,Diminution,59.8,21.4,59.8,18.8
z_37.5_12.0,2026,3,2026-T3,Diminution,62.3,18.6,62.3,19.1
z_37.5_12.0,2026,4,2026-T4,Diminution,66.3,12.6,66.3,21.1
z_37.5_12.0,2027,1,2027-T1,Diminution,63.9,18.4,63.9,17.7
z_37.5_12.0,2027,2,2027-T2,Diminution,65.4,15.1,65.4,19.5
z_37.5_12.0,2027,3,2027-T3,Diminution,65.5,17.7,65.5,16.8
z_37.5_12.0,2027,4,2027-T4,Diminution,66.5,14.0,66.5,19.5
z_37.5_12.0,2028,1,2028-T1,Diminution,68.4,12.8,68.4,18.8
z_37.5_12.0,2028,2,2028-T2,Diminution,67.4,11.7,67.4,20.9
z_37.5_12.0,2028,3,2028-T3,Diminution,72.0,11.4,72.0,16.6
z_37.5_12.0,2028,4,2028-T4,Diminution,68.8,12.7,68.8,18.5
z_37.5_12.0,2029,1,2029-T1,Diminution,66.2,15.7,66.2,18.1
z_37.5_12.0,2029,2,2029-T2,Diminution,67.6,12.4,67.6,20.0
z_37.5_12.0,2029,3,2029-T3,Diminution,66.8,16.4,66.8,16.8
z_37.5_12.0,2029,4,2029-T4,Diminution,66.3,15.9,66.3,17.8
z_37.5_12.0,2030,1,2030-T1,Diminution,66.5,13.8,66.5,19.7
z_37.5_12.0,2030,2,2030-T2,Diminution,68.1,12.4,68.1,19.4
z_37.5_12.0,2030,3,2030-T3,Diminution,70.2,12.4,70.2,17.4
z_37.5_12.0,2030,4,2030-T4,Diminution,69.2,12.5,69.2,18.3
z_37.5_13.5,2023,1,2023-T1,Stable,72.7,22.2,5.1,72.7
z_37.5_13.5,2023,2,2023-T2,Stable,93.2,4.5,2.3,93.2
z_37.5_13.5,2023,3,2023-T3,Stable,82.2,14.6,3.1,82.2
z_37.5_13.5,2023,4,2023-T4,Stable,86.3,10.3,3.4,86.3
z_37.5_13.5,2024,1,2024-T1,Stable,71.1,23.5,5.4,71.1
z_37.5_13.5,2024,2,2024-T2,Stable,64.9,31.3,3.8,64.9
z_37.5_13.5,2024,3,2024-T3,Stable,60.0,36.5,3.5,60.0
z_37.5_13.5,2024,4,2024-T4,Stable,59.1,37.4,3.6,59.1
z_37.5_13.5,2025,1,2025-T1,Stable,52.2,42.9,4.9,52.2
z_37.5_13.5,2025,2,2025-T2,Stable,60.0,36.1,3.9,60.0
z_37.5_13.5,2025,3,2025-T3,Stable,59.7,36.4,4.0,59.7
z_37.5_13.5,2025,4,2025-T4,Stable,57.6,38.2,4.2,57.6
z_37.5_13.5,2026,1,2026-T1,Stable,55.5,40.5,4.0,55.5
z_37.5_13.5,2026,2,2026-T2,Stable,55.3,40.0,4.7,55.3
z_37.5_13.5,2026,3,2026-T3,Stable,61.7,33.5,4.8,61.7
z_37.5_13.5,2026,4,2026-T4,Stable,58.8,36.3,4.9,58.8
z_37.5_13.5,2027,1,2027-T1,Stable,54.5,41.1,4.4,54.5
z_37.5_13.5,2027,2,2027-T2,Stable,62.1,32.5,5.3,62.1
z_37.5_13.5,2027,3,2027-T3,Stable,60.8,35.3,4.0,60.8
z_37.5_13.5,2027,4,2027-T4,Stable,62.0,34.0,4.1,62.0
z_37.5_13.5,2028,1,2028-T1,Stable,55.7,40.1,4.2,55.7
z_37.5_13.5,2028,2,2028-T2,Stable,62.5,33.1,4.5,62.5
z_37.5_13.5,2028,3,2028-T3,Stable,60.7,35.4,3.9,60.7
z_37.5_13.5,2028,4,2028-T4,Stable,59.7,36.1,4.2,59.7
z_37.5_13.5,2029,1,2029-T1,Stable,55.8,40.1,4.1,55.8
z_37.5_13.5,2029,2,2029-T2,Stable,62.0,33.1,4.9,62.0
z_37.5_13.5,2029,3,2029-T3,Stable,60.8,35.3,4.0,60.8
z_37.5_13.5,2029,4,2029-T4,Stable,59.6,36.0,4.4,59.6
z_37.5_13.5,2030,1,2030-T1,Stable,55.7,40.1,4.2,55.7
z_37.5_13.5,2030,2,2030-T2,Stable,64.2,31.1,4.7,64.2
z_37.5_13.5,2030,3,2030-T3,Stable,60.7,35.3,4.0,60.7
z_37.5_13.5,2030,4,2030-T4,Stable,61.1,34.2,4.7,61.1
z_37.5_15.0,2023,1,2023-T1,Diminution,83.4,7.0,83.4,9.6
z_37.5_15.0,2023,2,2023-T2,Diminution,68.6,13.7,68.6,17.7
z_37.5_15.0,2023,3,2023-T3,Diminution,56.6,25.9,56.6,17.5
z_37.5_15.0,2023,4,2023-T4,Augmentation,54.6,54.6,9.1,36.3
z_37.5_15.0,2024,1,2024-T1,Diminution,58.1,24.1,58.1,17.8
z_37.5_15.0,2024,2,2024-T2,Diminution,45.3,33.8,45.3,20.9
z_37.5_15.0,2024,3,2024-T3,Diminution,48.9,35.5,48.9,15.6
z_37.5_15.0,2024,4,2024-T4,Augmentation,56.8,56.8,7.0,36.2
z_37.5_15.0,2025,1,2025-T1,Augmentation,40.7,40.7,44.0,15.3
z_37.5_15.0,2025,2,2025-T2,Augmentation,52.7,52.7,33.3,13.9
z_37.5_15.0,2025,3,2025-T3,Augmentation,39.8,39.8,45.8,14.4
z_37.5_15.0,2025,4,2025-T4,Augmentation,77.9,77.9,6.1,16.0
z_37.5_15.0,2026,1,2026-T1,Augmentation,40.3,40.3,46.9,12.8
z_37.5_15.0,2026,2,2026-T2,Augmentation,48.9,48.9,33.9,17.1
z_37.5_15.0,2026,3,2026-T3,Augmentation,39.9,39.9,44.7,15.4
z_37.5_15.0,2026,4,2026-T4,Augmentation,71.4,71.4,9.6,19.0
z_37.5_15.0,2027,1,2027-T1,Augmentation,37.7,37.7,49.1,13.3
z_37.5_15.0,2027,2,2027-T2,Augmentation,44.4,44.4,39.7,15.9
z_37.5_15.0,2027,3,2027-T3,Augmentation,42.1,42.1,44.0,13.9
z_37.5_15.0,2027,4,2027-T4,Augmentation,67.1,67.1,9.9,23.0
z_37.5_15.0,2028,1,2028-T1,Diminution,51.6,35.9,51.6,12.5
z_37.5_15.0,2028,2,2028-T2,Augmentation,41.9,41.9,42.0,16.2
z_37.5_15.0,2028,3,2028-T3,Augmentation,44.4,44.4,42.4,13.1
z_37.5_15.0,2028,4,2028-T4,Augmentation,74.5,74.5,8.7,16.8
z_37.5_15.0,2029,1,2029-T1,Diminution,51.0,35.8,51.0,13.1
z_37.5_15.0,2029,2,2029-T2,Augmentation,42.4,42.4,42.3,15.3
z_37.5_15.0,2029,3,2029-T3,Augmentation,42.5,42.5,44.8,12.6
z_37.5_15.0,2029,4,2029-T4,Augmentation,74.4,74.4,8.9,16.7
z_37.5_15.0,2030,1,2030-T1,Diminution,51.1,35.9,51.1,13.0
z_37.5_15.0,2030,2,2030-T2,Augmentation,42.3,42.3,41.9,15.8
z_37.5_15.0,2030,3,2030-T3,Augmentation,42.6,42.6,44.4,13.0
z_37.5_15.0,2030,4,2030-T4,Augmentation,72.6,72.6,9.1,18.3
z_37.5_16.5,2023,1,2023-T1,Diminution,90.7,0.5,90.7,8.9
z_37.5_16.5,2023,2,2023-T2,Diminution,88.3,0.7,88.3,11.1
z_37.5_16.5,2023,3,2023-T3,Stable,92.4,3.5,4.1,92.4
z_37.5_16.5,2023,4,2023-T4,Stable,94.1,3.5,2.4,94.1
z_37.5_16.5,2024,1,2024-T1,Diminution,91.7,0.9,91.7,7.3
z_37.5_16.5,2024,2,2024-T2,Diminution,90.0,0.5,90.0,9.5
z_37.5_16.5,2024,3,2024-T3,Stable,93.6,2.4,4.0,93.6
z_37.5_16.5,2024,4,2024-T4,Stable,92.3,4.7,3.1,92.3
z_37.5_16.5,2025,1,2025-T1,Diminution,90.8,0.5,90.8,8.6
z_37.5_16.5,2025,2,2025-T2,Diminution,89.5,0.4,89.5,10.2
z_37.5_16.5,2025,3,2025-T3,Stable,93.6,2.4,4.0,93.6
z_37.5_16.5,2025,4,2025-T4,Stable,89.5,6.6,3.9,89.5
z_37.5_16.5,2026,1,2026-T1,Diminution,86.0,2.4,86.0,11.6
z_37.5_16.5,2026,2,2026-T2,Diminution,75.9,8.1,75.9,16.0
z_37.5_16.5,2026,3,2026-T3,Stable,78.7,7.4,13.9,78.7
z_37.5_16.5,2026,4,2026-T4,Stable,89.3,7.2,3.5,89.3
z_37.5_16.5,2027,1,2027-T1,Diminution,90.4,0.6,90.4,9.1
z_37.5_16.5,2027,2,2027-T2,Diminution,89.3,0.5,89.3,10.2
z_37.5_16.5,2027,3,2027-T3,Stable,93.5,2.5,4.0,93.5
z_37.5_16.5,2027,4,2027-T4,Stable,90.3,5.2,4.5,90.3
z_37.5_16.5,2028,1,2028-T1,Diminution,91.0,0.6,91.0,8.4
z_37.5_16.5,2028,2,2028-T2,Diminution,89.3,0.5,89.3,10.2
z_37.5_16.5,2028,3,2028-T3,Stable,92.4,3.1,4.5,92.4
z_37.5_16.5,2028,4,2028-T4,Stable,88.8,5.1,6.1,88.8
z_37.5_16.5,2029,1,2029-T1,Diminution,90.8,0.6,90.8,8.6
z_37.5_16.5,2029,2,2029-T2,Diminution,89.3,0.5,89.3,10.2
z_37.5_16.5,2029,3,2029-T3,Stable,92.9,3.0,4.1,92.9
z_37.5_16.5,2029,4,2029-T4,Stable,90.1,4.1,5.7,90.1
z_37.5_16.5,2030,1,2030-T1,Diminution,90.8,0.6,90.8,8.6
z_37.5_16.5,2030,2,2030-T2,Diminution,89.3,0.5,89.3,10.2
z_37.5_16.5,2030,3,2030-T3,Stable,92.8,3.0,4.2,92.8
z_37.5_16.5,2030,4,2030-T4,Stable,90.1,5.2,4.7,90.1
z_37.5_19.5,2023,1,2023-T1,Augmentation,62.7,62.7,6.4,30.9
z_37.5_19.5,2023,2,2023-T2,Diminution,57.1,22.8,57.1,20.1
z_37.5_19.5,2023,3,2023-T3,Diminution,57.8,26.7,57.8,15.5
z_37.5_19.5,2023,4,2023-T4,Augmentation,45.3,45.3,36.6,18.1
z_37.5_19.5,2024,1,2024-T1,Augmentation,57.8,57.8,9.3,32.9
z_37.5_19.5,2024,2,2024-T2,Augmentation,35.0,35.0,46.5,18.4
z_37.5_19.5,2024,3,2024-T3,Diminution,59.0,23.6,59.0,17.5
z_37.5_19.5,2024,4,2024-T4,Augmentation,37.1,37.1,42.5,20.4
z_37.5_19.5,2025,1,2025-T1,Augmentation,72.8,72.8,9.3,18.0
z_37.5_19.5,2025,2,2025-T2,Augmentation,50.3,50.3,34.4,15.3
z_37.5_19.5,2025,3,2025-T3,Augmentation,46.6,46.6,38.1,15.3
z_37.5_19.5,2025,4,2025-T4,Augmentation,45.1,45.1,40.3,14.5
z_37.5_19.5,2026,1,2026-T1,Augmentation,64.4,64.4,8.8,26.8
z_37.5_19.5,2026,2,2026-T2,Augmentation,41.8,41.8,38.3,19.9
z_37.5_19.5,2026,3,2026-T3,Diminution,58.8,29.0,58.8,12.2
z_37.5_19.5,2026,4,2026-T4,Augmentation,43.4,43.4,41.0,15.5
z_37.5_19.5,2027,1,2027-T1,Augmentation,71.5,71.5,8.0,20.5
z_37.5_19.5,2027,2,2027-T2,Augmentation,42.0,42.0,41.1,16.9
z_37.5_19.5,2027,3,2027-T3,Diminution,51.7,36.5,51.7,11.8
z_37.5_19.5,2027,4,2027-T4,Augmentation,36.5,36.5,46.5,17.0
z_37.5_19.5,2028,1,2028-T1,Augmentation,69.2,69.2,9.9,20.9
z_37.5_19.5,2028,2,2028-T2,Augmentation,37.8,37.8,45.1,17.1
z_37.5_19.5,2028,3,2028-T3,Diminution,56.4,32.7,56.4,10.9
z_37.5_19.5,2028,4,2028-T4,Augmentation,41.4,41.4,41.5,17.0
z_37.5_19.5,2029,1,2029-T1,Augmentation,71.3,71.3,8.6,20.2
z_37.5_19.5,2029,2,2029-T2,Augmentation,41.1,41.1,42.8,16.0
z_37.5_19.5,2029,3,2029-T3,Diminution,57.1,31.4,57.1,11.5
z_37.5_19.5,2029,4,2029-T4,Diminution,48.6,34.2,48.6,17.2
z_37.5_19.5,2030,1,2030-T1,Augmentation,71.6,71.6,9.4,19.0
z_37.5_19.5,2030,2,2030-T2,Augmentation,40.2,40.2,43.4,16.3
z_37.5_19.5,2030,3,2030-T3,Diminution,56.7,31.2,56.7,12.1
z_37.5_19.5,2030,4,2030-T4,Augmentation,41.8,41.8,42.1,16.1
z_37.5_21.0,2023,1,2023-T1,Diminution,54.5,33.7,54.5,11.9
z_37.5_21.0,2023,2,2023-T2,Augmentation,38.2,38.2,49.9,11.9
z_37.5_21.0,2023,3,2023-T3,Diminution,52.2,38.2,52.2,9.6
z_37.5_21.0,2023,4,2023-T4,Augmentation,49.2,49.2,39.6,11.2
z_37.5_21.0,2024,1,2024-T1,Augmentation,45.0,45.0,45.2,9.8
z_37.5_21.0,2024,2,2024-T2,Augmentation,60.3,60.3,30.8,9.0
z_37.5_21.0,2024,3,2024-T3,Augmentation,43.3,43.3,45.3,11.4
z_37.5_21.0,2024,4,2024-T4,Augmentation,43.0,43.0,40.4,16.6
z_37.5_21.0,2025,1,2025-T1,Diminution,54.4,34.8,54.4,10.8
z_37.5_21.0,2025,2,2025-T2,Diminution,60.0,29.2,60.0,10.8
z_37.5_21.0,2025,3,2025-T3,Augmentation,45.5,45.5,41.1,13.4
z_37.5_21.0,2025,4,2025-T4,Diminution,53.8,36.2,53.8,10.0
z_37.5_21.0,2026,1,2026-T1,Diminution,53.7,33.3,53.7,13.0
z_37.5_21.0,2026,2,2026-T2,Augmentation,42.7,42.7,42.0,15.3
z_37.5_21.0,2026,3,2026-T3,Augmentation,39.5,39.5,50.3,10.2
z_37.5_21.0,2026,4,2026-T4,Augmentation,41.7,41.7,47.1,11.2
z_37.5_21.0,2027,1,2027-T1,Augmentation,39.4,39.4,48.2,12.4
z_37.5_21.0,2027,2,2027-T2,Augmentation,44.9,44.9,42.1,13.0
z_37.5_21.0,2027,3,2027-T3,Augmentation,42.2,42.2,46.3,11.5
z_37.5_21.0,2027,4,2027-T4,Augmentation,42.8,42.8,45.8,11.5
z_37.5_21.0,2028,1,2028-T1,Augmentation,40.1,40.1,47.4,12.4
z_37.5_21.0,2028,2,2028-T2,Augmentation,42.1,42.1,45.3,12.6
z_37.5_21.0,2028,3,2028-T3,Augmentation,38.4,38.4,50.4,11.3
z_37.5_21.0,2028,4,2028-T4,Augmentation,41.9,41.9,46.5,11.6
z_37.5_21.0,2029,1,2029-T1,Augmentation,38.3,38.3,48.7,13.0
z_37.5_21.0,2029,2,2029-T2,Augmentation,45.5,45.5,42.3,12.2
z_37.5_21.0,2029,3,2029-T3,Diminution,53.5,35.4,53.5,11.1
z_37.5_21.0,2029,4,2029-T4,Augmentation,41.6,41.6,46.0,12.3
z_37.5_21.0,2030,1,2030-T1,Augmentation,40.2,40.2,47.6,12.2
z_37.5_21.0,2030,2,2030-T2,Augmentation,42.7,42.7,45.6,11.7
z_37.5_21.0,2030,3,2030-T3,Diminution,52.9,36.1,52.9,10.9
z_37.5_21.0,2030,4,2030-T4,Augmentation,42.9,42.9,45.6,11.5
z_37.5_22.5,2023,1,2023-T1,Augmentation,58.4,58.4,34.7,6.9
z_37.5_22.5,2023,2,2023-T2,Augmentation,62.3,62.3,29.7,7.9
z_37.5_22.5,2023,3,2023-T3,Augmentation,54.5,54.5,38.0,7.5
z_37.5_22.5,2023,4,2023-T4,Augmentation,68.3,68.3,25.6,6.1
z_37.5_22.5,2024,1,2024-T1,Augmentation,62.2,62.2,30.5,7.3
z_37.5_22.5,2024,2,2024-T2,Augmentation,55.1,55.1,37.9,7.0
z_37.5_22.5,2024,3,2024-T3,Augmentation,65.5,65.5,28.0,6.5
z_37.5_22.5,2024,4,2024-T4,Augmentation,79.2,79.2,15.5,5.3
z_37.5_22.5,2025,1,2025-T1,Augmentation,84.2,84.2,10.2,5.7
z_37.5_22.5,2025,2,2025-T2,Augmentation,82.0,82.0,13.7,4.2
z_37.5_22.5,2025,3,2025-T3,Augmentation,75.0,75.0,18.2,6.8
z_37.5_22.5,2025,4,2025-T4,Augmentation,65.5,65.5,27.1,7.4
z_37.5_22.5,2026,1,2026-T1,Augmentation,46.6,46.6,44.8,8.6
z_37.5_22.5,2026,2,2026-T2,Augmentation,60.4,60.4,31.6,8.0
z_37.5_22.5,2026,3,2026-T3,Augmentation,60.5,60.5,31.8,7.7
z_37.5_22.5,2026,4,2026-T4,Augmentation,70.6,70.6,22.5,6.9
z_37.5_22.5,2027,1,2027-T1,Augmentation,72.8,72.8,20.7,6.5
z_37.5_22.5,2027,2,2027-T2,Augmentation,78.0,78.0,16.9,5.2
z_37.5_22.5,2027,3,2027-T3,Augmentation,74.9,74.9,19.8,5.2
z_37.5_22.5,2027,4,2027-T4,Augmentation,76.9,76.9,17.1,6.1
z_37.5_22.5,2028,1,2028-T1,Augmentation,76.7,76.7,15.8,7.5
z_37.5_22.5,2028,2,2028-T2,Augmentation,85.5,85.5,9.7,4.7
z_37.5_22.5,2028,3,2028-T3,Augmentation,69.3,69.3,25.2,5.5
z_37.5_22.5,2028,4,2028-T4,Augmentation,82.9,82.9,11.2,5.9
z_37.5_22.5,2029,1,2029-T1,Augmentation,85.6,85.6,9.3,5.0
z_37.5_22.5,2029,2,2029-T2,Augmentation,90.2,90.2,6.6,3.1
z_37.5_22.5,2029,3,2029-T3,Augmentation,90.8,90.8,6.4,2.9
z_37.5_22.5,2029,4,2029-T4,Augmentation,87.6,87.6,8.2,4.1
z_37.5_22.5,2030,1,2030-T1,Augmentation,89.4,89.4,6.4,4.1
z_37.5_22.5,2030,2,2030-T2,Augmentation,91.2,91.2,6.1,2.7
z_37.5_22.5,2030,3,2030-T3,Augmentation,92.8,92.8,4.8,2.5
z_37.5_22.5,2030,4,2030-T4,Augmentation,91.1,91.1,6.0,3.0
z_37.5_24.0,2023,1,2023-T1,Diminution,62.7,25.2,62.7,12.1
z_37.5_24.0,2023,2,2023-T2,Diminution,80.6,14.1,80.6,5.2
z_37.5_24.0,2023,3,2023-T3,Augmentation,55.6,55.6,36.3,8.1
z_37.5_24.0,2023,4,2023-T4,Diminution,60.8,29.0,60.8,10.2
z_37.5_24.0,2024,1,2024-T1,Augmentation,46.2,46.2,43.3,10.6
z_37.5_24.0,2024,2,2024-T2,Diminution,53.3,37.7,53.3,9.0
z_37.5_24.0,2024,3,2024-T3,Diminution,59.4,31.0,59.4,9.6
z_37.5_24.0,2024,4,2024-T4,Diminution,53.8,34.2,53.8,12.0
z_37.5_24.0,2025,1,2025-T1,Augmentation,42.8,42.8,44.4,12.8
z_37.5_24.0,2025,2,2025-T2,Diminution,58.9,31.6,58.9,9.5
z_37.5_24.0,2025,3,2025-T3,Augmentation,53.3,53.3,37.9,8.8
z_37.5_24.0,2025,4,2025-T4,Augmentation,65.5,65.5,26.1,8.4
z_37.5_24.0,2026,1,2026-T1,Augmentation,44.3,44.3,46.3,9.4
z_37.5_24.0,2026,2,2026-T2,Augmentation,55.0,55.0,34.9,10.2
z_37.5_24.0,2026,3,2026-T3,Augmentation,41.3,41.3,49.2,9.5
z_37.5_24.0,2026,4,2026-T4,Augmentation,42.5,42.5,48.6,8.9
z_37.5_24.0,2027,1,2027-T1,Augmentation,44.6,44.6,45.2,10.2
z_37.5_24.0,2027,2,2027-T2,Augmentation,44.3,44.3,47.1,8.6
z_37.5_24.0,2027,3,2027-T3,Augmentation,44.5,44.5,46.8,8.7
z_37.5_24.0,2027,4,2027-T4,Augmentation,43.8,43.8,45.9,10.3
z_37.5_24.0,2028,1,2028-T1,Augmentation,46.7,46.7,43.2,10.1
z_37.5_24.0,2028,2,2028-T2,Augmentation,42.8,42.8,48.5,8.7
z_37.5_24.0,2028,3,2028-T3,Augmentation,46.4,46.4,45.3,8.3
z_37.5_24.0,2028,4,2028-T4,Augmentation,40.1,40.1,50.2,9.7
z_37.5_24.0,2029,1,2029-T1,Augmentation,46.7,46.7,43.1,10.2
z_37.5_24.0,2029,2,2029-T2,Augmentation,43.5,43.5,47.7,8.8
z_37.5_24.0,2029,3,2029-T3,Augmentation,43.5,43.5,47.8,8.7
z_37.5_24.0,2029,4,2029-T4,Augmentation,39.3,39.3,50.7,9.9
z_37.5_24.0,2030,1,2030-T1,Augmentation,46.7,46.7,43.1,10.2
z_37.5_24.0,2030,2,2030-T2,Augmentation,41.4,41.4,49.6,9.0
z_37.5_24.0,2030,3,2030-T3,Augmentation,42.0,42.0,49.2,8.8
z_37.5_24.0,2030,4,2030-T4,Augmentation,42.4,42.4,47.8,9.8
z_37.5_25.5,2023,1,2023-T1,Augmentation,39.5,39.5,44.8,15.6
z_37.5_25.5,2023,2,2023-T2,Diminution,62.9,15.8,62.9,21.4
z_37.5_25.5,2023,3,2023-T3,Diminution,60.5,23.8,60.5,15.7
z_37.5_25.5,2023,4,2023-T4,Augmentation,41.4,41.4,42.7,15.9
z_37.5_25.5,2024,1,2024-T1,Augmentation,42.4,42.4,42.6,14.9
z_37.5_25.5,2024,2,2024-T2,Augmentation,41.4,41.4,39.6,19.0
z_37.5_25.5,2024,3,2024-T3,Diminution,61.4,23.5,61.4,15.1
z_37.5_25.5,2024,4,2024-T4,Diminution,80.1,10.1,80.1,9.8
z_37.5_25.5,2025,1,2025-T1,Diminution,74.4,11.8,74.4,13.8
z_37.5_25.5,2025,2,2025-T2,Diminution,67.9,15.9,67.9,16.2
z_37.5_25.5,2025,3,2025-T3,Diminution,58.5,25.2,58.5,16.3
z_37.5_25.5,2025,4,2025-T4,Diminution,57.6,23.7,57.6,18.7
z_37.5_25.5,2026,1,2026-T1,Diminution,58.5,19.4,58.5,22.1
z_37.5_25.5,2026,2,2026-T2,Diminution,60.6,19.2,60.6,20.2
z_37.5_25.5,2026,3,2026-T3,Diminution,69.4,15.7,69.4,14.8
z_37.5_25.5,2026,4,2026-T4,Diminution,60.0,19.8,60.0,20.2
z_37.5_25.5,2027,1,2027-T1,Diminution,58.3,20.1,58.3,21.5
z_37.5_25.5,2027,2,2027-T2,Diminution,60.8,19.3,60.8,20.0
z_37.5_25.5,2027,3,2027-T3,Diminution,63.6,18.3,63.6,18.1
z_37.5_25.5,2027,4,2027-T4,Diminution,53.7,27.5,53.7,18.8
z_37.5_25.5,2028,1,2028-T1,Diminution,60.4,18.7,60.4,20.9
z_37.5_25.5,2028,2,2028-T2,Diminution,61.2,17.2,61.2,21.7
z_37.5_25.5,2028,3,2028-T3,Diminution,65.4,16.0,65.4,18.6
z_37.5_25.5,2028,4,2028-T4,Diminution,59.0,20.1,59.0,20.9
z_37.5_25.5,2029,1,2029-T1,Diminution,56.1,24.6,56.1,19.3
z_37.5_25.5,2029,2,2029-T2,Diminution,59.8,18.5,59.8,21.7
z_37.5_25.5,2029,3,2029-T3,Diminution,64.5,17.7,64.5,17.8
z_37.5_25.5,2029,4,2029-T4,Diminution,59.4,19.8,59.4,20.8
z_37.5_25.5,2030,1,2030-T1,Diminution,60.0,18.9,60.0,21.1
z_37.5_25.5,2030,2,2030-T2,Diminution,59.9,18.4,59.9,21.7
z_37.5_25.5,2030,3,2030-T3,Diminution,64.6,17.0,64.6,18.4
z_37.5_25.5,2030,4,2030-T4,Diminution,57.6,22.0,57.6,20.4
z_37.5_27.0,2023,1,2023-T1,Stable,89.3,5.9,4.8,89.3
z_37.5_27.0,2023,2,2023-T2,Stable,94.3,4.1,1.6,94.3
z_37.5_27.0,2023,3,2023-T3,Stable,89.9,7.0,3.1,89.9
z_37.5_27.0,2023,4,2023-T4,Stable,91.5,4.8,3.7,91.5
z_37.5_27.0,2024,1,2024-T1,Stable,91.7,5.4,2.9,91.7
z_37.5_27.0,2024,2,2024-T2,Stable,91.8,5.5,2.7,91.8
z_37.5_27.0,2024,3,2024-T3,Stable,91.0,6.6,2.4,91.0
z_37.5_27.0,2024,4,2024-T4,Stable,93.1,3.7,3.2,93.1
z_37.5_27.0,2025,1,2025-T1,Stable,92.4,3.9,3.7,92.4
z_37.5_27.0,2025,2,2025-T2,Stable,90.9,6.8,2.4,90.9
z_37.5_27.0,2025,3,2025-T3,Stable,90.3,6.9,2.8,90.3
z_37.5_27.0,2025,4,2025-T4,Stable,90.6,4.5,4.9,90.6
z_37.5_27.0,2026,1,2026-T1,Stable,87.8,6.3,5.9,87.8
z_37.5_27.0,2026,2,2026-T2,Stable,81.1,7.6,11.3,81.1
z_37.5_27.0,2026,3,2026-T3,Stable,86.5,10.3,3.2,86.5
z_37.5_27.0,2026,4,2026-T4,Stable,93.1,3.7,3.2,93.1
z_37.5_27.0,2027,1,2027-T1,Stable,92.4,3.9,3.7,92.4
z_37.5_27.0,2027,2,2027-T2,Stable,91.0,6.6,2.4,91.0
z_37.5_27.0,2027,3,2027-T3,Stable,89.5,6.7,3.8,89.5
z_37.5_27.0,2027,4,2027-T4,Stable,93.1,3.7,3.2,93.1
z_37.5_27.0,2028,1,2028-T1,Stable,92.4,3.9,3.7,92.4
z_37.5_27.0,2028,2,2028-T2,Stable,92.4,5.3,2.3,92.4
z_37.5_27.0,2028,3,2028-T3,Stable,88.7,5.9,5.4,88.7
z_37.5_27.0,2028,4,2028-T4,Stable,93.1,3.7,3.2,93.1
z_37.5_27.0,2029,1,2029-T1,Stable,92.4,3.9,3.7,92.4
z_37.5_27.0,2029,2,2029-T2,Stable,93.9,4.1,2.0,93.9
z_37.5_27.0,2029,3,2029-T3,Stable,88.1,8.0,3.9,88.1
z_37.5_27.0,2029,4,2029-T4,Stable,93.1,3.7,3.2,93.1
z_37.5_27.0,2030,1,2030-T1,Stable,92.4,3.9,3.7,92.4
z_37.5_27.0,2030,2,2030-T2,Stable,93.9,4.1,2.0,93.9
z_37.5_27.0,2030,3,2030-T3,Stable,90.7,5.9,3.5,90.7
z_37.5_27.0,2030,4,2030-T4,Stable,93.1,3.7,3.2,93.1
z_37.5_4.5,2023,1,2023-T1,Stable,97.5,0.2,2.3,97.5
z_37.5_4.5,2023,2,2023-T2,Stable,98.4,0.2,1.4,98.4
z_37.5_4.5,2023,3,2023-T3,Diminution,92.3,0.1,92.3,7.6
z_37.5_4.5,2023,4,2023-T4,Stable,97.5,0.2,2.3,97.5
z_37.5_4.5,2024,1,2024-T1,Stable,95.6,0.7,3.7,95.6
z_37.5_4.5,2024,2,2024-T2,Stable,97.4,0.5,2.0,97.4
z_37.5_4.5,2024,3,2024-T3,Diminution,86.9,0.8,86.9,12.4
z_37.5_4.5,2024,4,2024-T4,Stable,95.1,1.5,3.4,95.1
z_37.5_4.5,2025,1,2025-T1,Stable,97.5,0.2,2.3,97.5
z_37.5_4.5,2025,2,2025-T2,Stable,98.4,0.2,1.4,98.4
z_37.5_4.5,2025,3,2025-T3,Diminution,90.9,0.1,90.9,9.0
z_37.5_4.5,2025,4,2025-T4,Stable,96.3,0.6,3.0,96.3
z_37.5_4.5,2026,1,2026-T1,Stable,97.5,0.2,2.3,97.5
z_37.5_4.5,2026,2,2026-T2,Stable,98.4,0.2,1.4,98.4
z_37.5_4.5,2026,3,2026-T3,Diminution,90.9,0.1,90.9,9.0
z_37.5_4.5,2026,4,2026-T4,Stable,96.2,0.3,3.4,96.2
z_37.5_4.5,2027,1,2027-T1,Stable,97.5,0.2,2.3,97.5
z_37.5_4.5,2027,2,2027-T2,Stable,98.4,0.2,1.4,98.4
z_37.5_4.5,2027,3,2027-T3,Diminution,90.9,0.1,90.9,9.0
z_37.5_4.5,2027,4,2027-T4,Stable,97.4,0.2,2.4,97.4
z_37.5_4.5,2028,1,2028-T1,Stable,97.5,0.2,2.3,97.5
z_37.5_4.5,2028,2,2028-T2,Stable,98.4,0.2,1.4,98.4
z_37.5_4.5,2028,3,2028-T3,Diminution,90.9,0.1,90.9,9.0
z_37.5_4.5,2028,4,2028-T4,Stable,96.1,0.4,3.5,96.1
z_37.5_4.5,2029,1,2029-T1,Stable,97.5,0.2,2.3,97.5
z_37.5_4.5,2029,2,2029-T2,Stable,98.4,0.2,1.4,98.4
z_37.5_4.5,2029,3,2029-T3,Diminution,90.9,0.1,90.9,9.0
z_37.5_4.5,2029,4,2029-T4,Stable,97.5,0.2,2.3,97.5
z_37.5_4.5,2030,1,2030-T1,Stable,97.5,0.2,2.3,97.5
z_37.5_4.5,2030,2,2030-T2,Stable,98.4,0.2,1.4,98.4
z_37.5_4.5,2030,3,2030-T3,Diminution,90.9,0.1,90.9,9.0
z_37.5_4.5,2030,4,2030-T4,Stable,97.5,0.2,2.3,97.5
z_37.5_6.0,2023,1,2023-T1,Stable,97.7,0.7,1.6,97.7
z_37.5_6.0,2023,2,2023-T2,Stable,95.6,1.5,2.8,95.6
z_37.5_6.0,2023,3,2023-T3,Stable,97.5,0.2,2.4,97.5
z_37.5_6.0,2023,4,2023-T4,Stable,97.6,0.2,2.2,97.6
z_37.5_6.0,2024,1,2024-T1,Stable,95.6,0.9,3.5,95.6
z_37.5_6.0,2024,2,2024-T2,Stable,97.0,0.4,2.7,97.0
z_37.5_6.0,2024,3,2024-T3,Stable,96.3,0.4,3.3,96.3
z_37.5_6.0,2024,4,2024-T4,Stable,96.9,0.5,2.6,96.9
z_37.5_6.0,2025,1,2025-T1,Stable,97.7,0.7,1.5,97.7
z_37.5_6.0,2025,2,2025-T2,Stable,95.4,1.3,3.3,95.4
z_37.5_6.0,2025,3,2025-T3,Stable,97.5,0.2,2.4,97.5
z_37.5_6.0,2025,4,2025-T4,Stable,97.6,0.2,2.2,97.6
z_37.5_6.0,2026,1,2026-T1,Stable,97.6,0.2,2.2,97.6
z_37.5_6.0,2026,2,2026-T2,Stable,96.8,0.4,2.8,96.8
z_37.5_6.0,2026,3,2026-T3,Stable,97.5,0.2,2.4,97.5
z_37.5_6.0,2026,4,2026-T4,Stable,97.6,0.2,2.2,97.6
z_37.5_6.0,2027,1,2027-T1,Stable,97.6,0.2,2.2,97.6
z_37.5_6.0,2027,2,2027-T2,Stable,95.6,0.9,3.6,95.6
z_37.5_6.0,2027,3,2027-T3,Stable,97.5,0.2,2.4,97.5
z_37.5_6.0,2027,4,2027-T4,Stable,97.6,0.2,2.2,97.6
z_37.5_6.0,2028,1,2028-T1,Stable,97.6,0.2,2.2,97.6
z_37.5_6.0,2028,2,2028-T2,Stable,97.8,0.2,2.0,97.8
z_37.5_6.0,2028,3,2028-T3,Stable,97.5,0.2,2.4,97.5
z_37.5_6.0,2028,4,2028-T4,Stable,97.6,0.2,2.2,97.6
z_37.5_6.0,2029,1,2029-T1,Stable,97.6,0.2,2.2,97.6
z_37.5_6.0,2029,2,2029-T2,Stable,96.8,0.4,2.8,96.8
z_37.5_6.0,2029,3,2029-T3,Stable,97.5,0.2,2.4,97.5
z_37.5_6.0,2029,4,2029-T4,Stable,97.6,0.2,2.2,97.6
z_37.5_6.0,2030,1,2030-T1,Stable,97.6,0.2,2.2,97.6
z_37.5_6.0,2030,2,2030-T2,Stable,98.0,0.1,1.9,98.0
z_37.5_6.0,2030,3,2030-T3,Stable,97.5,0.2,2.4,97.5
z_37.5_6.0,2030,4,2030-T4,Stable,97.6,0.2,2.2,97.6
z_37.5_7.5,2023,1,2023-T1,Stable,94.2,2.7,3.0,94.2
z_37.5_7.5,2023,2,2023-T2,Stable,95.6,1.8,2.6,95.6
z_37.5_7.5,2023,3,2023-T3,Stable,92.1,3.4,4.5,92.1
z_37.5_7.5,2023,4,2023-T4,Stable,96.4,0.5,3.1,96.4
z_37.5_7.5,2024,1,2024-T1,Stable,95.1,1.6,3.2,95.1
z_37.5_7.5,2024,2,2024-T2,Stable,97.6,0.3,2.0,97.6
z_37.5_7.5,2024,3,2024-T3,Stable,92.4,1.8,5.8,92.4
z_37.5_7.5,2024,4,2024-T4,Stable,96.9,0.3,2.7,96.9
z_37.5_7.5,2025,1,2025-T1,Stable,93.0,2.4,4.6,93.0
z_37.5_7.5,2025,2,2025-T2,Stable,96.8,0.8,2.4,96.8
z_37.5_7.5,2025,3,2025-T3,Stable,93.4,1.4,5.2,93.4
z_37.5_7.5,2025,4,2025-T4,Stable,89.9,2.7,7.4,89.9
z_37.5_7.5,2026,1,2026-T1,Stable,93.0,2.8,4.2,93.0
z_37.5_7.5,2026,2,2026-T2,Stable,98.3,0.2,1.5,98.3
z_37.5_7.5,2026,3,2026-T3,Stable,91.4,4.2,4.4,91.4
z_37.5_7.5,2026,4,2026-T4,Stable,96.4,0.7,2.9,96.4
z_37.5_7.5,2027,1,2027-T1,Stable,96.1,1.1,2.8,96.1
z_37.5_7.5,2027,2,2027-T2,Stable,97.6,0.5,1.9,97.6
z_37.5_7.5,2027,3,2027-T3,Stable,95.8,1.5,2.7,95.8
z_37.5_7.5,2027,4,2027-T4,Stable,96.4,0.5,3.1,96.4
z_37.5_7.5,2028,1,2028-T1,Stable,96.1,1.1,2.8,96.1
z_37.5_7.5,2028,2,2028-T2,Stable,98.2,0.2,1.7,98.2
z_37.5_7.5,2028,3,2028-T3,Stable,95.8,1.4,2.8,95.8
z_37.5_7.5,2028,4,2028-T4,Stable,96.9,0.3,2.7,96.9
z_37.5_7.5,2029,1,2029-T1,Stable,96.1,1.1,2.8,96.1
z_37.5_7.5,2029,2,2029-T2,Stable,98.2,0.2,1.7,98.2
z_37.5_7.5,2029,3,2029-T3,Stable,96.5,1.2,2.4,96.5
z_37.5_7.5,2029,4,2029-T4,Stable,96.6,0.5,2.9,96.6
z_37.5_7.5,2030,1,2030-T1,Stable,96.1,1.1,2.8,96.1
z_37.5_7.5,2030,2,2030-T2,Stable,98.2,0.2,1.7,98.2
z_37.5_7.5,2030,3,2030-T3,Stable,95.5,1.8,2.7,95.5
z_37.5_7.5,2030,4,2030-T4,Stable,97.2,0.3,2.5,97.2
z_37.5_9.0,2023,1,2023-T1,Stable,77.4,14.1,8.5,77.4
z_37.5_9.0,2023,2,2023-T2,Stable,84.1,11.8,4.1,84.1
z_37.5_9.0,2023,3,2023-T3,Stable,92.4,4.7,2.9,92.4
z_37.5_9.0,2023,4,2023-T4,Diminution,89.1,0.5,89.1,10.4
z_37.5_9.0,2024,1,2024-T1,Stable,75.4,20.7,3.9,75.4
z_37.5_9.0,2024,2,2024-T2,Stable,83.8,10.7,5.5,83.8
z_37.5_9.0,2024,3,2024-T3,Stable,91.2,5.4,3.4,91.2
z_37.5_9.0,2024,4,2024-T4,Diminution,85.7,1.2,85.7,13.1
z_37.5_9.0,2025,1,2025-T1,Stable,81.0,13.1,5.9,81.0
z_37.5_9.0,2025,2,2025-T2,Stable,83.3,10.9,5.8,83.3
z_37.5_9.0,2025,3,2025-T3,Stable,81.8,6.4,11.7,81.8
z_37.5_9.0,2025,4,2025-T4,Diminution,85.2,1.6,85.2,13.2
z_37.5_9.0,2026,1,2026-T1,Stable,79.6,17.7,2.6,79.6
z_37.5_9.0,2026,2,2026-T2,Stable,86.9,8.2,4.9,86.9
z_37.5_9.0,2026,3,2026-T3,Stable,92.8,4.4,2.8,92.8
z_37.5_9.0,2026,4,2026-T4,Diminution,88.3,0.8,88.3,10.9
z_37.5_9.0,2027,1,2027-T1,Stable,75.5,20.8,3.7,75.5
z_37.5_9.0,2027,2,2027-T2,Stable,85.6,9.5,4.8,85.6
z_37.5_9.0,2027,3,2027-T3,Stable,92.8,4.4,2.8,92.8
z_37.5_9.0,2027,4,2027-T4,Diminution,88.6,0.8,88.6,10.5
z_37.5_9.0,2028,1,2028-T1,Stable,81.6,15.1,3.3,81.6
z_37.5_9.0,2028,2,2028-T2,Stable,86.2,10.3,3.5,86.2
z_37.5_9.0,2028,3,2028-T3,Stable,92.8,4.4,2.8,92.8
z_37.5_9.0,2028,4,2028-T4,Diminution,89.1,0.5,89.1,10.4
z_37.5_9.0,2029,1,2029-T1,Stable,79.0,17.5,3.5,79.0
z_37.5_9.0,2029,2,2029-T2,Stable,88.6,8.0,3.4,88.6
z_37.5_9.0,2029,3,2029-T3,Stable,92.8,4.4,2.8,92.8
z_37.5_9.0,2029,4,2029-T4,Diminution,89.4,0.7,89.4,9.9
z_37.5_9.0,2030,1,2030-T1,Stable,78.6,18.1,3.3,78.6
z_37.5_9.0,2030,2,2030-T2,Stable,87.4,9.2,3.4,87.4
z_37.5_9.0,2030,3,2030-T3,Stable,92.8,4.4,2.8,92.8
z_37.5_9.0,2030,4,2030-T4,Diminution,88.6,0.7,88.6,10.6
z_39.0_-1.5,2023,1,2023-T1,Diminution,59.8,22.7,59.8,17.5
z_39.0_-1.5,2023,2,2023-T2,Augmentation,35.3,35.3,46.0,18.7
z_39.0_-1.5,2023,3,2023-T3,Augmentation,35.7,35.7,47.0,17.3
z_39.0_-1.5,2023,4,2023-T4,Augmentation,60.8,60.8,6.0,33.2
z_39.0_-1.5,2024,1,2024-T1,Diminution,47.6,34.6,47.6,17.8
z_39.0_-1.5,2024,2,2024-T2,Diminution,50.3,32.8,50.3,16.9
z_39.0_-1.5,2024,3,2024-T3,Diminution,59.6,21.2,59.6,19.3
z_39.0_-1.5,2024,4,2024-T4,Stable,51.3,45.1,3.6,51.3
z_39.0_-1.5,2025,1,2025-T1,Diminution,65.3,18.0,65.3,16.8
z_39.0_-1.5,2025,2,2025-T2,Diminution,58.4,24.3,58.4,17.3
z_39.0_-1.5,2025,3,2025-T3,Diminution,53.0,31.1,53.0,15.9
z_39.0_-1.5,2025,4,2025-T4,Augmentation,64.0,64.0,7.7,28.4
z_39.0_-1.5,2026,1,2026-T1,Diminution,47.8,33.1,47.8,19.1
z_39.0_-1.5,2026,2,2026-T2,Diminution,55.6,24.0,55.6,20.5
z_39.0_-1.5,2026,3,2026-T3,Diminution,55.7,27.5,55.7,16.8
z_39.0_-1.5,2026,4,2026-T4,Stable,47.7,47.4,4.9,47.7
z_39.0_-1.5,2027,1,2027-T1,Diminution,58.7,23.5,58.7,17.9
z_39.0_-1.5,2027,2,2027-T2,Diminution,61.6,19.2,61.6,19.3
z_39.0_-1.5,2027,3,2027-T3,Diminution,63.4,18.2,63.4,18.4
z_39.0_-1.5,2027,4,2027-T4,Stable,54.7,41.5,3.7,54.7
z_39.0_-1.5,2028,1,2028-T1,Diminution,65.9,15.8,65.9,18.4
z_39.0_-1.5,2028,2,2028-T2,Diminution,65.4,14.3,65.4,20.3
z_39.0_-1.5,2028,3,2028-T3,Diminution,64.5,16.9,64.5,18.6
z_39.0_-1.5,2028,4,2028-T4,Stable,52.8,43.0,4.1,52.8
z_39.0_-1.5,2029,1,2029-T1,Diminution,62.6,19.8,62.6,17.6
z_39.0_-1.5,2029,2,2029-T2,Diminution,59.4,21.6,59.4,19.1
z_39.0_-1.5,2029,3,2029-T3,Diminution,61.4,21.0,61.4,17.6
z_39.0_-1.5,2029,4,2029-T4,Stable,51.4,44.0,4.6,51.4
z_39.0_-1.5,2030,1,2030-T1,Diminution,64.5,16.2,64.5,19.2
z_39.0_-1.5,2030,2,2030-T2,Diminution,64.2,16.2,64.2,19.6
z_39.0_-1.5,2030,3,2030-T3,Diminution,64.3,16.5,64.3,19.3
z_39.0_-1.5,2030,4,2030-T4,Stable,51.9,43.9,4.2,51.9
z_39.0_-10.5,2023,1,2023-T1,Stable,52.4,39.0,8.7,52.4
z_39.0_-10.5,2023,2,2023-T2,Stable,67.9,19.6,12.5,67.9
z_39.0_-10.5,2023,3,2023-T3,Diminution,85.7,4.3,85.7,10.0
z_39.0_-10.5,2023,4,2023-T4,Diminution,84.4,4.5,84.4,11.1
z_39.0_-10.5,2024,1,2024-T1,Stable,53.4,38.4,8.1,53.4
z_39.0_-10.5,2024,2,2024-T2,Stable,63.3,28.2,8.5,63.3
z_39.0_-10.5,2024,3,2024-T3,Diminution,72.5,9.1,72.5,18.5
z_39.0_-10.5,2024,4,2024-T4,Diminution,74.9,5.9,74.9,19.2
z_39.0_-10.5,2025,1,2025-T1,Stable,67.7,22.3,10.0,67.7
z_39.0_-10.5,2025,2,2025-T2,Stable,74.9,17.7,7.4,74.9
z_39.0_-10.5,2025,3,2025-T3,Diminution,61.2,20.7,61.2,18.2
z_39.0_-10.5,2025,4,2025-T4,Diminution,57.6,19.9,57.6,22.5
z_39.0_-10.5,2026,1,2026-T1,Stable,57.5,37.0,5.4,57.5
z_39.0_-10.5,2026,2,2026-T2,Stable,61.4,31.6,7.0,61.4
z_39.0_-10.5,2026,3,2026-T3,Diminution,60.7,15.5,60.7,23.7
z_39.0_-10.5,2026,4,2026-T4,Diminution,76.9,5.4,76.9,17.8
z_39.0_-10.5,2027,1,2027-T1,Stable,74.7,21.0,4.3,74.7
z_39.0_-10.5,2027,2,2027-T2,Stable,82.9,13.3,3.8,82.9
z_39.0_-10.5,2027,3,2027-T3,Diminution,83.7,1.9,83.7,14.4
z_39.0_-10.5,2027,4,2027-T4,Diminution,83.4,2.3,83.4,14.3
z_39.0_-10.5,2028,1,2028-T1,Stable,73.5,20.6,6.0,73.5
z_39.0_-10.5,2028,2,2028-T2,Stable,83.8,11.9,4.3,83.8
z_39.0_-10.5,2028,3,2028-T3,Diminution,82.8,3.3,82.8,13.9
z_39.0_-10.5,2028,4,2028-T4,Diminution,84.4,2.7,84.4,12.9
z_39.0_-10.5,2029,1,2029-T1,Stable,77.0,17.7,5.4,77.0
z_39.0_-10.5,2029,2,2029-T2,Stable,85.7,10.2,4.1,85.7
z_39.0_-10.5,2029,3,2029-T3,Diminution,86.0,1.2,86.0,12.9
z_39.0_-10.5,2029,4,2029-T4,Diminution,82.8,2.7,82.8,14.4
z_39.0_-10.5,2030,1,2030-T1,Stable,79.1,16.7,4.2,79.1
z_39.0_-10.5,2030,2,2030-T2,Stable,84.6,11.3,4.1,84.6
z_39.0_-10.5,2030,3,2030-T3,Diminution,85.7,1.6,85.7,12.7
z_39.0_-10.5,2030,4,2030-T4,Diminution,83.0,2.7,83.0,14.4
z_39.0_-31.5,2023,1,2023-T1,Stable,96.1,0.7,3.2,96.1
z_39.0_-31.5,2023,2,2023-T2,Stable,98.8,0.1,1.1,98.8
z_39.0_-31.5,2023,3,2023-T3,Stable,95.4,1.7,2.9,95.4
z_39.0_-31.5,2023,4,2023-T4,Stable,97.5,0.2,2.3,97.5
z_39.0_-31.5,2024,1,2024-T1,Stable,97.5,0.2,2.3,97.5
z_39.0_-31.5,2024,2,2024-T2,Stable,98.3,0.1,1.6,98.3
z_39.0_-31.5,2024,3,2024-T3,Stable,96.3,0.6,3.1,96.3
z_39.0_-31.5,2024,4,2024-T4,Stable,97.5,0.2,2.3,97.5
z_39.0_-31.5,2025,1,2025-T1,Stable,97.5,0.2,2.3,97.5
z_39.0_-31.5,2025,2,2025-T2,Stable,98.3,0.1,1.6,98.3
z_39.0_-31.5,2025,3,2025-T3,Stable,94.5,1.2,4.2,94.5
z_39.0_-31.5,2025,4,2025-T4,Stable,97.0,0.5,2.6,97.0
z_39.0_-31.5,2026,1,2026-T1,Stable,91.6,2.6,5.8,91.6
z_39.0_-31.5,2026,2,2026-T2,Stable,94.2,2.8,3.0,94.2
z_39.0_-31.5,2026,3,2026-T3,Stable,98.2,0.4,1.5,98.2
z_39.0_-31.5,2026,4,2026-T4,Stable,95.2,1.5,3.3,95.2
z_39.0_-31.5,2027,1,2027-T1,Stable,97.5,0.2,2.3,97.5
z_39.0_-31.5,2027,2,2027-T2,Stable,97.1,0.4,2.4,97.1
z_39.0_-31.5,2027,3,2027-T3,Stable,96.2,0.5,3.3,96.2
z_39.0_-31.5,2027,4,2027-T4,Stable,96.3,0.6,3.1,96.3
z_39.0_-31.5,2028,1,2028-T1,Stable,97.5,0.2,2.3,97.5
z_39.0_-31.5,2028,2,2028-T2,Stable,97.4,0.2,2.5,97.4
z_39.0_-31.5,2028,3,2028-T3,Stable,97.4,0.4,2.2,97.4
z_39.0_-31.5,2028,4,2028-T4,Stable,96.4,0.3,3.2,96.4
z_39.0_-31.5,2029,1,2029-T1,Stable,97.5,0.2,2.3,97.5
z_39.0_-31.5,2029,2,2029-T2,Stable,98.1,0.2,1.7,98.1
z_39.0_-31.5,2029,3,2029-T3,Stable,97.4,0.4,2.2,97.4
z_39.0_-31.5,2029,4,2029-T4,Stable,97.4,0.2,2.3,97.4
z_39.0_-31.5,2030,1,2030-T1,Stable,97.5,0.2,2.3,97.5
z_39.0_-31.5,2030,2,2030-T2,Stable,97.3,0.3,2.4,97.3
z_39.0_-31.5,2030,3,2030-T3,Stable,97.4,0.4,2.2,97.4
z_39.0_-31.5,2030,4,2030-T4,Stable,96.2,0.3,3.4,96.2
z_39.0_-9.0,2023,1,2023-T1,Stable,73.7,22.4,3.9,73.7
z_39.0_-9.0,2023,2,2023-T2,Diminution,84.9,1.1,84.9,14.0
z_39.0_-9.0,2023,3,2023-T3,Stable,88.3,8.2,3.5,88.3
z_39.0_-9.0,2023,4,2023-T4,Stable,89.2,8.2,2.6,89.2
z_39.0_-9.0,2024,1,2024-T1,Stable,68.6,26.5,4.9,68.6
z_39.0_-9.0,2024,2,2024-T2,Diminution,85.5,1.3,85.5,13.2
z_39.0_-9.0,2024,3,2024-T3,Stable,89.8,7.4,2.7,89.8
z_39.0_-9.0,2024,4,2024-T4,Stable,88.3,6.9,4.7,88.3
z_39.0_-9.0,2025,1,2025-T1,Stable,70.7,22.3,7.0,70.7
z_39.0_-9.0,2025,2,2025-T2,Diminution,67.3,16.3,67.3,16.4
z_39.0_-9.0,2025,3,2025-T3,Stable,67.4,28.3,4.3,67.4
z_39.0_-9.0,2025,4,2025-T4,Stable,68.0,23.1,8.9,68.0
z_39.0_-9.0,2026,1,2026-T1,Stable,59.4,34.0,6.5,59.4
z_39.0_-9.0,2026,2,2026-T2,Diminution,82.9,4.2,82.9,12.9
z_39.0_-9.0,2026,3,2026-T3,Stable,82.5,12.9,4.6,82.5
z_39.0_-9.0,2026,4,2026-T4,Stable,88.3,9.2,2.5,88.3
z_39.0_-9.0,2027,1,2027-T1,Stable,69.2,25.3,5.6,69.2
z_39.0_-9.0,2027,2,2027-T2,Diminution,85.4,0.9,85.4,13.8
z_39.0_-9.0,2027,3,2027-T3,Stable,86.1,7.4,6.5,86.1
z_39.0_-9.0,2027,4,2027-T4,Stable,89.2,7.9,2.9,89.2
z_39.0_-9.0,2028,1,2028-T1,Stable,69.9,24.0,6.1,69.9
z_39.0_-9.0,2028,2,2028-T2,Diminution,85.4,0.9,85.4,13.8
z_39.0_-9.0,2028,3,2028-T3,Stable,84.8,8.2,7.0,84.8
z_39.0_-9.0,2028,4,2028-T4,Stable,88.7,8.9,2.5,88.7
z_39.0_-9.0,2029,1,2029-T1,Stable,75.6,20.1,4.3,75.6
z_39.0_-9.0,2029,2,2029-T2,Diminution,85.4,0.9,85.4,13.8
z_39.0_-9.0,2029,3,2029-T3,Stable,84.4,10.6,4.9,84.4
z_39.0_-9.0,2029,4,2029-T4,Stable,89.2,8.2,2.6,89.2
z_39.0_-9.0,2030,1,2030-T1,Stable,73.9,22.2,3.9,73.9
z_39.0_-9.0,2030,2,2030-T2,Diminution,85.4,0.9,85.4,13.8
z_39.0_-9.0,2030,3,2030-T3,Stable,89.4,7.3,3.3,89.4
z_39.0_-9.0,2030,4,2030-T4,Stable,90.4,7.2,2.4,90.4
z_39.0_0.0,2023,1,2023-T1,Stable,62.5,27.3,10.2,62.5
z_39.0_0.0,2023,2,2023-T2,Diminution,77.0,7.0,77.0,16.0
z_39.0_0.0,2023,3,2023-T3,Stable,69.3,18.4,12.3,69.3
z_39.0_0.0,2023,4,2023-T4,Stable,61.3,23.9,14.8,61.3
z_39.0_0.0,2024,1,2024-T1,Stable,59.3,30.0,10.7,59.3
z_39.0_0.0,2024,2,2024-T2,Diminution,71.6,12.1,71.6,16.4
z_39.0_0.0,2024,3,2024-T3,Stable,62.1,30.6,7.3,62.1
z_39.0_0.0,2024,4,2024-T4,Augmentation,47.0,47.0,7.3,45.7
z_39.0_0.0,2025,1,2025-T1,Stable,55.3,37.3,7.4,55.3
z_39.0_0.0,2025,2,2025-T2,Diminution,70.2,11.3,70.2,18.6
z_39.0_0.0,2025,3,2025-T3,Stable,69.8,22.1,8.1,69.8
z_39.0_0.0,2025,4,2025-T4,Stable,68.7,23.6,7.7,68.7
z_39.0_0.0,2026,1,2026-T1,Stable,76.5,17.4,6.1,76.5
z_39.0_0.0,2026,2,2026-T2,Diminution,80.8,3.4,80.8,15.7
z_39.0_0.0,2026,3,2026-T3,Stable,73.2,19.1,7.8,73.2
z_39.0_0.0,2026,4,2026-T4,Stable,70.2,21.7,8.1,70.2
z_39.0_0.0,2027,1,2027-T1,Stable,76.3,18.2,5.5,76.3
z_39.0_0.0,2027,2,2027-T2,Diminution,83.1,2.7,83.1,14.2
z_39.0_0.0,2027,3,2027-T3,Stable,70.9,18.6,10.5,70.9
z_39.0_0.0,2027,4,2027-T4,Stable,69.0,22.9,8.1,69.0
z_39.0_0.0,2028,1,2028-T1,Stable,76.3,18.2,5.5,76.3
z_39.0_0.0,2028,2,2028-T2,Diminution,84.1,2.1,84.1,13.8
z_39.0_0.0,2028,3,2028-T3,Stable,72.4,18.5,9.1,72.4
z_39.0_0.0,2028,4,2028-T4,Stable,69.4,23.0,7.6,69.4
z_39.0_0.0,2029,1,2029-T1,Stable,76.3,18.2,5.5,76.3
z_39.0_0.0,2029,2,2029-T2,Diminution,85.3,2.1,85.3,12.6
z_39.0_0.0,2029,3,2029-T3,Stable,72.6,18.6,8.8,72.6
z_39.0_0.0,2029,4,2029-T4,Stable,71.9,20.1,8.0,71.9
z_39.0_0.0,2030,1,2030-T1,Stable,76.3,18.2,5.5,76.3
z_39.0_0.0,2030,2,2030-T2,Diminution,84.6,2.0,84.6,13.4
z_39.0_0.0,2030,3,2030-T3,Stable,71.6,20.2,8.2,71.6
z_39.0_0.0,2030,4,2030-T4,Stable,71.1,21.1,7.8,71.1
z_39.0_1.5,2023,1,2023-T1,Diminution,71.1,11.8,71.1,17.1
z_39.0_1.5,2023,2,2023-T2,Stable,62.4,26.4,11.2,62.4
z_39.0_1.5,2023,3,2023-T3,Diminution,82.8,4.2,82.8,13.0
z_39.0_1.5,2023,4,2023-T4,Stable,50.7,44.0,5.2,50.7
z_39.0_1.5,2024,1,2024-T1,Diminution,58.3,24.3,58.3,17.4
z_39.0_1.5,2024,2,2024-T2,Augmentation,47.4,47.4,7.4,45.3
z_39.0_1.5,2024,3,2024-T3,Diminution,62.5,20.1,62.5,17.4
z_39.0_1.5,2024,4,2024-T4,Stable,76.1,17.7,6.2,76.1
z_39.0_1.5,2025,1,2025-T1,Diminution,76.4,5.9,76.4,17.7
z_39.0_1.5,2025,2,2025-T2,Stable,53.5,40.5,6.0,53.5
z_39.0_1.5,2025,3,2025-T3,Diminution,65.9,17.5,65.9,16.6
z_39.0_1.5,2025,4,2025-T4,Stable,52.4,41.9,5.7,52.4
z_39.0_1.5,2026,1,2026-T1,Diminution,60.7,18.5,60.7,20.8
z_39.0_1.5,2026,2,2026-T2,Stable,54.2,39.0,6.8,54.2
z_39.0_1.5,2026,3,2026-T3,Diminution,68.2,14.0,68.2,17.8
z_39.0_1.5,2026,4,2026-T4,Stable,61.3,33.8,4.9,61.3
z_39.0_1.5,2027,1,2027-T1,Diminution,69.4,11.7,69.4,18.9
z_39.0_1.5,2027,2,2027-T2,Stable,55.9,38.5,5.6,55.9
z_39.0_1.5,2027,3,2027-T3,Diminution,68.5,15.2,68.5,16.3
z_39.0_1.5,2027,4,2027-T4,Stable,62.7,33.2,4.2,62.7
z_39.0_1.5,2028,1,2028-T1,Diminution,70.7,10.8,70.7,18.6
z_39.0_1.5,2028,2,2028-T2,Stable,55.9,38.6,5.6,55.9
z_39.0_1.5,2028,3,2028-T3,Diminution,72.7,10.4,72.7,16.8
z_39.0_1.5,2028,4,2028-T4,Stable,61.1,34.6,4.4,61.1
z_39.0_1.5,2029,1,2029-T1,Diminution,68.0,14.0,68.0,17.9
z_39.0_1.5,2029,2,2029-T2,Stable,55.9,38.6,5.6,55.9
z_39.0_1.5,2029,3,2029-T3,Diminution,70.3,14.3,70.3,15.5
z_39.0_1.5,2029,4,2029-T4,Stable,63.3,32.4,4.3,63.3
z_39.0_1.5,2030,1,2030-T1,Diminution,70.7,11.1,70.7,18.2
z_39.0_1.5,2030,2,2030-T2,Stable,55.9,38.6,5.6,55.9
z_39.0_1.5,2030,3,2030-T3,Diminution,73.1,11.0,73.1,15.9
z_39.0_1.5,2030,4,2030-T4,Stable,63.2,32.5,4.3,63.2
z_39.0_10.5,2023,1,2023-T1,Stable,97.8,0.8,1.4,97.8
z_39.0_10.5,2023,2,2023-T2,Stable,93.9,0.9,5.2,93.9
z_39.0_10.5,2023,3,2023-T3,Stable,97.9,0.2,2.0,97.9
z_39.0_10.5,2023,4,2023-T4,Stable,95.5,0.6,3.9,95.5
z_39.0_10.5,2024,1,2024-T1,Stable,96.2,0.9,2.9,96.2
z_39.0_10.5,2024,2,2024-T2,Stable,95.4,0.9,3.8,95.4
z_39.0_10.5,2024,3,2024-T3,Stable,95.1,1.7,3.1,95.1
z_39.0_10.5,2024,4,2024-T4,Stable,98.0,0.2,1.8,98.0
z_39.0_10.5,2025,1,2025-T1,Stable,98.0,0.2,1.8,98.0
z_39.0_10.5,2025,2,2025-T2,Stable,92.8,1.5,5.6,92.8
z_39.0_10.5,2025,3,2025-T3,Stable,96.2,0.4,3.4,96.2
z_39.0_10.5,2025,4,2025-T4,Stable,98.0,0.2,1.8,98.0
z_39.0_10.5,2026,1,2026-T1,Stable,98.0,0.2,1.8,98.0
z_39.0_10.5,2026,2,2026-T2,Stable,96.6,0.4,3.0,96.6
z_39.0_10.5,2026,3,2026-T3,Stable,95.4,0.3,4.4,95.4
z_39.0_10.5,2026,4,2026-T4,Stable,98.0,0.2,1.8,98.0
z_39.0_10.5,2027,1,2027-T1,Stable,98.0,0.2,1.8,98.0
z_39.0_10.5,2027,2,2027-T2,Stable,95.2,0.6,4.2,95.2
z_39.0_10.5,2027,3,2027-T3,Stable,97.9,0.2,1.9,97.9
z_39.0_10.5,2027,4,2027-T4,Stable,98.0,0.2,1.8,98.0
z_39.0_10.5,2028,1,2028-T1,Stable,98.0,0.2,1.8,98.0
z_39.0_10.5,2028,2,2028-T2,Stable,96.6,0.4,3.1,96.6
z_39.0_10.5,2028,3,2028-T3,Stable,96.6,0.4,3.0,96.6
z_39.0_10.5,2028,4,2028-T4,Stable,98.0,0.2,1.8,98.0
z_39.0_10.5,2029,1,2029-T1,Stable,98.0,0.2,1.8,98.0
z_39.0_10.5,2029,2,2029-T2,Stable,96.6,0.4,3.1,96.6
z_39.0_10.5,2029,3,2029-T3,Stable,97.9,0.2,2.0,97.9
z_39.0_10.5,2029,4,2029-T4,Stable,98.0,0.2,1.8,98.0
z_39.0_10.5,2030,1,2030-T1,Stable,98.0,0.2,1.8,98.0
z_39.0_10.5,2030,2,2030-T2,Stable,96.6,0.4,3.1,96.6
z_39.0_10.5,2030,3,2030-T3,Stable,97.9,0.2,2.0,97.9
z_39.0_10.5,2030,4,2030-T4,Stable,98.0,0.2,1.8,98.0
z_39.0_12.0,2023,1,2023-T1,Stable,95.7,1.0,3.3,95.7
z_39.0_12.0,2023,2,2023-T2,Stable,97.6,0.3,2.1,97.6
z_39.0_12.0,2023,3,2023-T3,Stable,95.1,1.1,3.8,95.1
z_39.0_12.0,2023,4,2023-T4,Stable,95.0,1.7,3.3,95.0
z_39.0_12.0,2024,1,2024-T1,Stable,91.6,4.1,4.3,91.6
z_39.0_12.0,2024,2,2024-T2,Stable,94.0,3.1,2.9,94.0
z_39.0_12.0,2024,3,2024-T3,Stable,97.7,0.5,1.8,97.7
z_39.0_12.0,2024,4,2024-T4,Stable,94.9,2.7,2.5,94.9
z_39.0_12.0,2025,1,2025-T1,Stable,95.7,1.0,3.3,95.7
z_39.0_12.0,2025,2,2025-T2,Stable,97.4,0.5,2.1,97.4
z_39.0_12.0,2025,3,2025-T3,Stable,96.6,0.5,2.9,96.6
z_39.0_12.0,2025,4,2025-T4,Stable,96.3,1.5,2.2,96.3
z_39.0_12.0,2026,1,2026-T1,Stable,95.7,1.0,3.3,95.7
z_39.0_12.0,2026,2,2026-T2,Stable,96.8,0.5,2.7,96.8
z_39.0_12.0,2026,3,2026-T3,Stable,96.6,0.5,2.9,96.6
z_39.0_12.0,2026,4,2026-T4,Stable,95.9,1.5,2.7,95.9
z_39.0_12.0,2027,1,2027-T1,Stable,95.7,1.0,3.3,95.7
z_39.0_12.0,2027,2,2027-T2,Stable,97.0,0.5,2.5,97.0
z_39.0_12.0,2027,3,2027-T3,Stable,96.6,0.5,2.9,96.6
z_39.0_12.0,2027,4,2027-T4,Stable,96.7,1.0,2.2,96.7
z_39.0_12.0,2028,1,2028-T1,Stable,95.7,1.0,3.3,95.7
z_39.0_12.0,2028,2,2028-T2,Stable,96.6,0.8,2.6,96.6
z_39.0_12.0,2028,3,2028-T3,Stable,96.6,0.5,2.9,96.6
z_39.0_12.0,2028,4,2028-T4,Stable,96.0,1.4,2.6,96.0
z_39.0_12.0,2029,1,2029-T1,Stable,95.7,1.0,3.3,95.7
z_39.0_12.0,2029,2,2029-T2,Stable,97.6,0.3,2.1,97.6
z_39.0_12.0,2029,3,2029-T3,Stable,96.6,0.5,2.9,96.6
z_39.0_12.0,2029,4,2029-T4,Stable,96.6,1.1,2.2,96.6
z_39.0_12.0,2030,1,2030-T1,Stable,95.7,1.0,3.3,95.7
z_39.0_12.0,2030,2,2030-T2,Stable,97.6,0.3,2.1,97.6
z_39.0_12.0,2030,3,2030-T3,Stable,96.6,0.5,2.9,96.6
z_39.0_12.0,2030,4,2030-T4,Stable,96.6,1.1,2.2,96.6
z_39.0_13.5,2023,1,2023-T1,Stable,93.1,4.4,2.5,93.1
z_39.0_13.5,2023,2,2023-T2,Stable,93.1,4.9,2.0,93.1
z_39.0_13.5,2023,3,2023-T3,Stable,94.2,2.6,3.3,94.2
z_39.0_13.5,2023,4,2023-T4,Stable,90.6,6.3,3.1,90.6
z_39.0_13.5,2024,1,2024-T1,Stable,92.2,4.7,3.2,92.2
z_39.0_13.5,2024,2,2024-T2,Stable,94.6,3.2,2.2,94.6
z_39.0_13.5,2024,3,2024-T3,Stable,94.2,2.6,3.3,94.2
z_39.0_13.5,2024,4,2024-T4,Stable,91.6,5.5,2.9,91.6
z_39.0_13.5,2025,1,2025-T1,Stable,92.2,4.7,3.2,92.2
z_39.0_13.5,2025,2,2025-T2,Stable,93.9,3.4,2.7,93.9
z_39.0_13.5,2025,3,2025-T3,Stable,94.2,2.6,3.3,94.2
z_39.0_13.5,2025,4,2025-T4,Stable,89.7,5.1,5.2,89.7
z_39.0_13.5,2026,1,2026-T1,Stable,87.8,6.8,5.4,87.8
z_39.0_13.5,2026,2,2026-T2,Stable,83.4,4.6,12.1,83.4
z_39.0_13.5,2026,3,2026-T3,Stable,89.7,6.4,3.9,89.7
z_39.0_13.5,2026,4,2026-T4,Stable,92.3,5.0,2.8,92.3
z_39.0_13.5,2027,1,2027-T1,Stable,92.2,4.7,3.2,92.2
z_39.0_13.5,2027,2,2027-T2,Stable,93.9,3.8,2.4,93.9
z_39.0_13.5,2027,3,2027-T3,Stable,91.9,2.9,5.2,91.9
z_39.0_13.5,2027,4,2027-T4,Stable,92.3,5.0,2.8,92.3
z_39.0_13.5,2028,1,2028-T1,Stable,92.2,4.7,3.2,92.2
z_39.0_13.5,2028,2,2028-T2,Stable,94.9,3.0,2.1,94.9
z_39.0_13.5,2028,3,2028-T3,Stable,91.3,2.7,6.0,91.3
z_39.0_13.5,2028,4,2028-T4,Stable,92.3,5.0,2.8,92.3
z_39.0_13.5,2029,1,2029-T1,Stable,92.2,4.7,3.2,92.2
z_39.0_13.5,2029,2,2029-T2,Stable,94.9,3.0,2.1,94.9
z_39.0_13.5,2029,3,2029-T3,Stable,91.5,3.4,5.1,91.5
z_39.0_13.5,2029,4,2029-T4,Stable,92.3,5.0,2.8,92.3
z_39.0_13.5,2030,1,2030-T1,Stable,92.2,4.7,3.2,92.2
z_39.0_13.5,2030,2,2030-T2,Stable,94.9,3.0,2.1,94.9
z_39.0_13.5,2030,3,2030-T3,Stable,92.0,3.4,4.6,92.0
z_39.0_13.5,2030,4,2030-T4,Stable,92.3,5.0,2.8,92.3
z_39.0_15.0,2023,1,2023-T1,Stable,77.0,17.2,5.8,77.0
z_39.0_15.0,2023,2,2023-T2,Stable,90.0,6.9,3.1,90.0
z_39.0_15.0,2023,3,2023-T3,Stable,85.7,10.8,3.5,85.7
z_39.0_15.0,2023,4,2023-T4,Stable,88.1,7.6,4.2,88.1
z_39.0_15.0,2024,1,2024-T1,Stable,90.4,5.3,4.3,90.4
z_39.0_15.0,2024,2,2024-T2,Stable,94.5,3.0,2.4,94.5
z_39.0_15.0,2024,3,2024-T3,Stable,84.5,11.9,3.6,84.5
z_39.0_15.0,2024,4,2024-T4,Stable,91.5,5.6,2.9,91.5
z_39.0_15.0,2025,1,2025-T1,Stable,92.7,3.6,3.7,92.7
z_39.0_15.0,2025,2,2025-T2,Stable,95.5,2.0,2.6,95.5
z_39.0_15.0,2025,3,2025-T3,Stable,82.6,14.0,3.4,82.6
z_39.0_15.0,2025,4,2025-T4,Stable,87.0,8.9,4.1,87.0
z_39.0_15.0,2026,1,2026-T1,Stable,90.4,5.3,4.3,90.4
z_39.0_15.0,2026,2,2026-T2,Stable,96.6,1.5,2.0,96.6
z_39.0_15.0,2026,3,2026-T3,Stable,85.2,11.1,3.7,85.2
z_39.0_15.0,2026,4,2026-T4,Stable,91.7,5.3,3.0,91.7
z_39.0_15.0,2027,1,2027-T1,Stable,92.7,3.6,3.7,92.7
z_39.0_15.0,2027,2,2027-T2,Stable,95.5,2.0,2.6,95.5
z_39.0_15.0,2027,3,2027-T3,Stable,85.0,11.3,3.8,85.0
z_39.0_15.0,2027,4,2027-T4,Stable,92.0,5.0,3.0,92.0
z_39.0_15.0,2028,1,2028-T1,Stable,92.7,3.6,3.7,92.7
z_39.0_15.0,2028,2,2028-T2,Stable,95.5,2.0,2.6,95.5
z_39.0_15.0,2028,3,2028-T3,Stable,83.0,13.2,3.8,83.0
z_39.0_15.0,2028,4,2028-T4,Stable,92.0,5.1,2.9,92.0
z_39.0_15.0,2029,1,2029-T1,Stable,92.7,3.6,3.7,92.7
z_39.0_15.0,2029,2,2029-T2,Stable,95.5,2.0,2.6,95.5
z_39.0_15.0,2029,3,2029-T3,Stable,86.6,10.0,3.4,86.6
z_39.0_15.0,2029,4,2029-T4,Stable,92.0,5.1,2.9,92.0
z_39.0_15.0,2030,1,2030-T1,Stable,92.7,3.6,3.7,92.7
z_39.0_15.0,2030,2,2030-T2,Stable,95.5,2.0,2.6,95.5
z_39.0_15.0,2030,3,2030-T3,Stable,85.6,10.9,3.5,85.6
z_39.0_15.0,2030,4,2030-T4,Stable,92.0,5.1,2.9,92.0
z_39.0_16.5,2023,1,2023-T1,Diminution,79.4,3.4,79.4,17.2
z_39.0_16.5,2023,2,2023-T2,Stable,83.9,11.6,4.5,83.9
z_39.0_16.5,2023,3,2023-T3,Stable,76.4,16.4,7.2,76.4
z_39.0_16.5,2023,4,2023-T4,Stable,70.7,20.8,8.4,70.7
z_39.0_16.5,2024,1,2024-T1,Diminution,70.4,8.3,70.4,21.3
z_39.0_16.5,2024,2,2024-T2,Stable,77.9,11.9,10.2,77.9
z_39.0_16.5,2024,3,2024-T3,Stable,67.9,25.7,6.3,67.9
z_39.0_16.5,2024,4,2024-T4,Stable,70.6,22.2,7.2,70.6
z_39.0_16.5,2025,1,2025-T1,Diminution,71.3,7.0,71.3,21.6
z_39.0_16.5,2025,2,2025-T2,Stable,58.9,36.4,4.7,58.9
z_39.0_16.5,2025,3,2025-T3,Augmentation,48.3,48.3,5.5,46.2
z_39.0_16.5,2025,4,2025-T4,Stable,61.5,32.8,5.7,61.5
z_39.0_16.5,2026,1,2026-T1,Diminution,61.9,17.0,61.9,21.1
z_39.0_16.5,2026,2,2026-T2,Stable,56.7,36.1,7.1,56.7
z_39.0_16.5,2026,3,2026-T3,Stable,74.1,18.1,7.8,74.1
z_39.0_16.5,2026,4,2026-T4,Stable,68.8,24.5,6.7,68.8
z_39.0_16.5,2027,1,2027-T1,Diminution,84.3,1.8,84.3,13.9
z_39.0_16.5,2027,2,2027-T2,Stable,77.6,12.8,9.5,77.6
z_39.0_16.5,2027,3,2027-T3,Stable,73.3,18.8,7.9,73.3
z_39.0_16.5,2027,4,2027-T4,Stable,67.2,26.4,6.4,67.2
z_39.0_16.5,2028,1,2028-T1,Diminution,83.6,1.8,83.6,14.6
z_39.0_16.5,2028,2,2028-T2,Stable,77.6,12.7,9.7,77.6
z_39.0_16.5,2028,3,2028-T3,Stable,73.7,18.8,7.5,73.7
z_39.0_16.5,2028,4,2028-T4,Stable,71.3,22.1,6.6,71.3
z_39.0_16.5,2029,1,2029-T1,Diminution,83.1,1.9,83.1,15.0
z_39.0_16.5,2029,2,2029-T2,Stable,80.0,12.4,7.6,80.0
z_39.0_16.5,2029,3,2029-T3,Stable,72.6,20.5,6.9,72.6
z_39.0_16.5,2029,4,2029-T4,Stable,72.8,20.4,6.7,72.8
z_39.0_16.5,2030,1,2030-T1,Diminution,83.9,1.5,83.9,14.6
z_39.0_16.5,2030,2,2030-T2,Stable,81.7,11.9,6.4,81.7
z_39.0_16.5,2030,3,2030-T3,Stable,72.6,20.5,6.9,72.6
z_39.0_16.5,2030,4,2030-T4,Stable,72.1,21.3,6.5,72.1
z_39.0_18.0,2023,1,2023-T1,Stable,55.5,36.7,7.8,55.5
z_39.0_18.0,2023,2,2023-T2,Stable,67.7,23.8,8.6,67.7
z_39.0_18.0,2023,3,2023-T3,Diminution,79.0,5.6,79.0,15.4
z_39.0_18.0,2023,4,2023-T4,Stable,70.8,24.8,4.4,70.8
z_39.0_18.0,2024,1,2024-T1,Stable,67.1,25.0,7.9,67.1
z_39.0_18.0,2024,2,2024-T2,Stable,87.8,8.1,4.1,87.8
z_39.0_18.0,2024,3,2024-T3,Diminution,65.1,14.9,65.1,20.0
z_39.0_18.0,2024,4,2024-T4,Stable,49.0,42.0,9.0,49.0
z_39.0_18.0,2025,1,2025-T1,Augmentation,52.1,52.1,8.0,39.9
z_39.0_18.0,2025,2,2025-T2,Augmentation,48.1,48.1,6.9,45.1
z_39.0_18.0,2025,3,2025-T3,Diminution,48.5,27.1,48.5,24.4
z_39.0_18.0,2025,4,2025-T4,Stable,57.8,37.0,5.2,57.8
z_39.0_18.0,2026,1,2026-T1,Stable,50.7,43.0,6.3,50.7
z_39.0_18.0,2026,2,2026-T2,Stable,64.2,27.8,8.0,64.2
z_39.0_18.0,2026,3,2026-T3,Diminution,66.6,15.4,66.6,18.0
z_39.0_18.0,2026,4,2026-T4,Stable,50.1,44.3,5.6,50.1
z_39.0_18.0,2027,1,2027-T1,Stable,47.5,47.1,5.4,47.5
z_39.0_18.0,2027,2,2027-T2,Stable,58.1,38.0,3.9,58.1
z_39.0_18.0,2027,3,2027-T3,Diminution,62.8,17.5,62.8,19.7
z_39.0_18.0,2027,4,2027-T4,Stable,51.2,44.8,4.1,51.2
z_39.0_18.0,2028,1,2028-T1,Augmentation,49.9,49.9,4.6,45.5
z_39.0_18.0,2028,2,2028-T2,Stable,53.9,42.7,3.4,53.9
z_39.0_18.0,2028,3,2028-T3,Diminution,55.9,26.1,55.9,18.0
z_39.0_18.0,2028,4,2028-T4,Stable,49.6,47.3,3.1,49.6
z_39.0_18.0,2029,1,2029-T1,Stable,50.6,45.0,4.3,50.6
z_39.0_18.0,2029,2,2029-T2,Stable,54.3,41.9,3.8,54.3
z_39.0_18.0,2029,3,2029-T3,Diminution,59.2,19.7,59.2,21.1
z_39.0_18.0,2029,4,2029-T4,Stable,49.8,46.2,4.0,49.8
z_39.0_18.0,2030,1,2030-T1,Stable,53.3,41.9,4.8,53.3
z_39.0_18.0,2030,2,2030-T2,Stable,58.1,37.7,4.1,58.1
z_39.0_18.0,2030,3,2030-T3,Diminution,60.2,19.8,60.2,20.0
z_39.0_18.0,2030,4,2030-T4,Stable,53.3,42.6,4.1,53.3
z_39.0_19.5,2023,1,2023-T1,Diminution,50.9,37.0,50.9,12.0
z_39.0_19.5,2023,2,2023-T2,Diminution,62.4,26.9,62.4,10.7
z_39.0_19.5,2023,3,2023-T3,Augmentation,41.7,41.7,46.2,12.1
z_39.0_19.5,2023,4,2023-T4,Augmentation,51.6,51.6,37.1,11.3
z_39.0_19.5,2024,1,2024-T1,Augmentation,39.2,39.2,50.6,10.2
z_39.0_19.5,2024,2,2024-T2,Augmentation,41.2,41.2,48.4,10.4
z_39.0_19.5,2024,3,2024-T3,Augmentation,38.6,38.6,50.2,11.2
z_39.0_19.5,2024,4,2024-T4,Augmentation,44.9,44.9,43.0,12.1
z_39.0_19.5,2025,1,2025-T1,Augmentation,39.1,39.1,50.2,10.7
z_39.0_19.5,2025,2,2025-T2,Augmentation,40.2,40.2,49.5,10.3
z_39.0_19.5,2025,3,2025-T3,Augmentation,40.3,40.3,48.1,11.7
z_39.0_19.5,2025,4,2025-T4,Augmentation,37.7,37.7,49.9,12.4
z_39.0_19.5,2026,1,2026-T1,Diminution,60.1,27.1,60.1,12.8
z_39.0_19.5,2026,2,2026-T2,Diminution,59.9,29.9,59.9,10.2
z_39.0_19.5,2026,3,2026-T3,Diminution,56.5,32.1,56.5,11.3
z_39.0_19.5,2026,4,2026-T4,Diminution,53.3,35.2,53.3,11.5
z_39.0_19.5,2027,1,2027-T1,Diminution,54.8,33.1,54.8,12.1
z_39.0_19.5,2027,2,2027-T2,Diminution,54.8,33.6,54.8,11.6
z_39.0_19.5,2027,3,2027-T3,Diminution,54.8,34.9,54.8,10.3
z_39.0_19.5,2027,4,2027-T4,Diminution,52.5,35.8,52.5,11.7
z_39.0_19.5,2028,1,2028-T1,Diminution,53.5,34.1,53.5,12.4
z_39.0_19.5,2028,2,2028-T2,Diminution,54.7,34.0,54.7,11.3
z_39.0_19.5,2028,3,2028-T3,Diminution,59.2,29.0,59.2,11.8
z_39.0_19.5,2028,4,2028-T4,Diminution,53.1,34.6,53.1,12.4
z_39.0_19.5,2029,1,2029-T1,Diminution,55.6,31.5,55.6,12.9
z_39.0_19.5,2029,2,2029-T2,Diminution,55.6,32.7,55.6,11.8
z_39.0_19.5,2029,3,2029-T3,Diminution,61.5,28.3,61.5,10.2
z_39.0_19.5,2029,4,2029-T4,Diminution,52.1,35.5,52.1,12.4
z_39.0_19.5,2030,1,2030-T1,Diminution,53.7,33.4,53.7,12.9
z_39.0_19.5,2030,2,2030-T2,Diminution,57.5,31.2,57.5,11.3
z_39.0_19.5,2030,3,2030-T3,Diminution,55.0,34.0,55.0,10.9
z_39.0_19.5,2030,4,2030-T4,Diminution,52.1,35.5,52.1,12.4
z_39.0_22.5,2023,1,2023-T1,Diminution,58.5,29.4,58.5,12.1
z_39.0_22.5,2023,2,2023-T2,Diminution,66.4,21.6,66.4,12.0
z_39.0_22.5,2023,3,2023-T3,Diminution,67.1,23.4,67.1,9.5
z_39.0_22.5,2023,4,2023-T4,Diminution,60.7,26.6,60.7,12.7
z_39.0_22.5,2024,1,2024-T1,Diminution,62.5,28.0,62.5,9.5
z_39.0_22.5,2024,2,2024-T2,Diminution,52.0,34.8,52.0,13.2
z_39.0_22.5,2024,3,2024-T3,Diminution,45.3,33.9,45.3,20.7
z_39.0_22.5,2024,4,2024-T4,Diminution,62.7,23.2,62.7,14.2
z_39.0_22.5,2025,1,2025-T1,Diminution,69.6,18.8,69.6,11.6
z_39.0_22.5,2025,2,2025-T2,Diminution,61.9,23.4,61.9,14.7
z_39.0_22.5,2025,3,2025-T3,Augmentation,47.7,47.7,38.7,13.7
z_39.0_22.5,2025,4,2025-T4,Augmentation,56.6,56.6,32.0,11.4
z_39.0_22.5,2026,1,2026-T1,Augmentation,42.6,42.6,41.6,15.8
z_39.0_22.5,2026,2,2026-T2,Augmentation,40.5,40.5,42.4,17.1
z_39.0_22.5,2026,3,2026-T3,Augmentation,45.8,45.8,40.3,13.9
z_39.0_22.5,2026,4,2026-T4,Augmentation,38.1,38.1,46.2,15.8
z_39.0_22.5,2027,1,2027-T1,Diminution,55.5,30.0,55.5,14.5
z_39.0_22.5,2027,2,2027-T2,Diminution,51.8,34.4,51.8,13.8
z_39.0_22.5,2027,3,2027-T3,Augmentation,49.4,49.4,38.9,11.7
z_39.0_22.5,2027,4,2027-T4,Augmentation,42.4,42.4,43.7,13.9
z_39.0_22.5,2028,1,2028-T1,Diminution,55.8,29.2,55.8,15.0
z_39.0_22.5,2028,2,2028-T2,Diminution,49.6,36.6,49.6,13.9
z_39.0_22.5,2028,3,2028-T3,Augmentation,41.1,41.1,44.5,14.5
z_39.0_22.5,2028,4,2028-T4,Augmentation,39.5,39.5,45.5,14.9
z_39.0_22.5,2029,1,2029-T1,Diminution,53.8,32.4,53.8,13.8
z_39.0_22.5,2029,2,2029-T2,Augmentation,38.1,38.1,48.5,13.4
z_39.0_22.5,2029,3,2029-T3,Augmentation,47.8,47.8,39.0,13.3
z_39.0_22.5,2029,4,2029-T4,Augmentation,39.5,39.5,45.4,15.1
z_39.0_22.5,2030,1,2030-T1,Diminution,56.3,30.1,56.3,13.7
z_39.0_22.5,2030,2,2030-T2,Diminution,52.8,33.8,52.8,13.4
z_39.0_22.5,2030,3,2030-T3,Augmentation,44.3,44.3,42.4,13.3
z_39.0_22.5,2030,4,2030-T4,Augmentation,40.5,40.5,45.3,14.2
z_39.0_24.0,2023,1,2023-T1,Stable,49.6,44.0,6.5,49.6
z_39.0_24.0,2023,2,2023-T2,Stable,61.7,33.1,5.2,61.7
z_39.0_24.0,2023,3,2023-T3,Augmentation,48.4,48.4,3.7,47.9
z_39.0_24.0,2023,4,2023-T4,Stable,58.1,33.3,8.6,58.1
z_39.0_24.0,2024,1,2024-T1,Stable,63.6,24.4,12.0,63.6
z_39.0_24.0,2024,2,2024-T2,Stable,76.4,16.8,6.8,76.4
z_39.0_24.0,2024,3,2024-T3,Stable,63.9,30.5,5.6,63.9
z_39.0_24.0,2024,4,2024-T4,Augmentation,56.6,56.6,4.9,38.5
z_39.0_24.0,2025,1,2025-T1,Augmentation,47.5,47.5,7.3,45.1
z_39.0_24.0,2025,2,2025-T2,Stable,69.9,21.1,9.1,69.9
z_39.0_24.0,2025,3,2025-T3,Stable,73.1,15.4,11.5,73.1
z_39.0_24.0,2025,4,2025-T4,Stable,71.5,16.8,11.7,71.5
z_39.0_24.0,2026,1,2026-T1,Stable,54.0,31.3,14.8,54.0
z_39.0_24.0,2026,2,2026-T2,Stable,69.8,23.2,7.0,69.8
z_39.0_24.0,2026,3,2026-T3,Stable,57.8,35.7,6.5,57.8
z_39.0_24.0,2026,4,2026-T4,Stable,60.9,31.5,7.6,60.9
z_39.0_24.0,2027,1,2027-T1,Stable,57.2,37.1,5.7,57.2
z_39.0_24.0,2027,2,2027-T2,Stable,66.6,28.3,5.0,66.6
z_39.0_24.0,2027,3,2027-T3,Stable,65.5,28.8,5.8,65.5
z_39.0_24.0,2027,4,2027-T4,Stable,55.5,39.5,4.9,55.5
z_39.0_24.0,2028,1,2028-T1,Stable,55.6,38.8,5.6,55.6
z_39.0_24.0,2028,2,2028-T2,Stable,66.3,28.3,5.4,66.3
z_39.0_24.0,2028,3,2028-T3,Stable,63.7,30.7,5.6,63.7
z_39.0_24.0,2028,4,2028-T4,Stable,53.1,41.5,5.4,53.1
z_39.0_24.0,2029,1,2029-T1,Stable,55.0,39.5,5.5,55.0
z_39.0_24.0,2029,2,2029-T2,Stable,65.0,30.0,5.0,65.0
z_39.0_24.0,2029,3,2029-T3,Stable,63.5,31.5,5.1,63.5
z_39.0_24.0,2029,4,2029-T4,Stable,53.2,41.5,5.3,53.2
z_39.0_24.0,2030,1,2030-T1,Stable,57.0,37.6,5.5,57.0
z_39.0_24.0,2030,2,2030-T2,Stable,67.5,27.5,5.0,67.5
z_39.0_24.0,2030,3,2030-T3,Stable,67.3,27.7,5.1,67.3
z_39.0_24.0,2030,4,2030-T4,Stable,55.7,38.9,5.4,55.7
z_39.0_25.5,2023,1,2023-T1,Augmentation,54.3,54.3,8.4,37.3
z_39.0_25.5,2023,2,2023-T2,Diminution,68.6,15.4,68.6,16.0
z_39.0_25.5,2023,3,2023-T3,Diminution,77.4,6.9,77.4,15.7
z_39.0_25.5,2023,4,2023-T4,Diminution,86.2,3.9,86.2,10.0
z_39.0_25.5,2024,1,2024-T1,Stable,52.2,28.4,19.4,52.2
z_39.0_25.5,2024,2,2024-T2,Diminution,70.7,15.5,70.7,13.8
z_39.0_25.5,2024,3,2024-T3,Diminution,63.2,18.3,63.2,18.5
z_39.0_25.5,2024,4,2024-T4,Diminution,63.8,17.4,63.8,18.8
z_39.0_25.5,2025,1,2025-T1,Stable,50.8,40.2,9.0,50.8
z_39.0_25.5,2025,2,2025-T2,Diminution,72.3,13.1,72.3,14.6
z_39.0_25.5,2025,3,2025-T3,Diminution,85.6,4.4,85.6,10.0
z_39.0_25.5,2025,4,2025-T4,Diminution,75.1,7.5,75.1,17.4
z_39.0_25.5,2026,1,2026-T1,Stable,48.4,29.4,22.2,48.4
z_39.0_25.5,2026,2,2026-T2,Diminution,74.6,7.9,74.6,17.4
z_39.0_25.5,2026,3,2026-T3,Diminution,72.9,10.5,72.9,16.5
z_39.0_25.5,2026,4,2026-T4,Diminution,62.1,20.2,62.1,17.7
z_39.0_25.5,2027,1,2027-T1,Stable,48.1,45.6,6.3,48.1
z_39.0_25.5,2027,2,2027-T2,Diminution,62.2,17.4,62.2,20.4
z_39.0_25.5,2027,3,2027-T3,Diminution,64.1,15.3,64.1,20.6
z_39.0_25.5,2027,4,2027-T4,Diminution,66.6,17.0,66.6,16.4
z_39.0_25.5,2028,1,2028-T1,Stable,49.2,44.8,5.9,49.2
z_39.0_25.5,2028,2,2028-T2,Diminution,62.8,16.3,62.8,20.9
z_39.0_25.5,2028,3,2028-T3,Diminution,63.6,16.1,63.6,20.3
z_39.0_25.5,2028,4,2028-T4,Diminution,62.1,18.4,62.1,19.5
z_39.0_25.5,2029,1,2029-T1,Stable,47.9,45.8,6.4,47.9
z_39.0_25.5,2029,2,2029-T2,Diminution,64.3,15.3,64.3,20.4
z_39.0_25.5,2029,3,2029-T3,Diminution,63.3,16.9,63.3,19.8
z_39.0_25.5,2029,4,2029-T4,Diminution,67.3,14.1,67.3,18.6
z_39.0_25.5,2030,1,2030-T1,Stable,54.7,36.9,8.5,54.7
z_39.0_25.5,2030,2,2030-T2,Diminution,67.5,12.2,67.5,20.3
z_39.0_25.5,2030,3,2030-T3,Diminution,68.9,12.2,68.9,18.9
z_39.0_25.5,2030,4,2030-T4,Diminution,72.0,9.9,72.0,18.2
z_39.0_3.0,2023,1,2023-T1,Diminution,71.2,14.6,71.2,14.2
z_39.0_3.0,2023,2,2023-T2,Diminution,66.3,15.5,66.3,18.2
z_39.0_3.0,2023,3,2023-T3,Augmentation,52.2,52.2,5.4,42.4
z_39.0_3.0,2023,4,2023-T4,Diminution,53.6,27.4,53.6,19.1
z_39.0_3.0,2024,1,2024-T1,Diminution,58.9,21.5,58.9,19.6
z_39.0_3.0,2024,2,2024-T2,Diminution,68.6,13.1,68.6,18.3
z_39.0_3.0,2024,3,2024-T3,Augmentation,55.9,55.9,6.4,37.7
z_39.0_3.0,2024,4,2024-T4,Diminution,69.9,12.0,69.9,18.2
z_39.0_3.0,2025,1,2025-T1,Diminution,77.3,8.1,77.3,14.6
z_39.0_3.0,2025,2,2025-T2,Diminution,76.7,7.0,76.7,16.3
z_39.0_3.0,2025,3,2025-T3,Stable,64.6,24.1,11.3,64.6
z_39.0_3.0,2025,4,2025-T4,Diminution,85.2,4.7,85.2,10.0
z_39.0_3.0,2026,1,2026-T1,Diminution,76.0,8.0,76.0,16.0
z_39.0_3.0,2026,2,2026-T2,Diminution,73.4,9.2,73.4,17.5
z_39.0_3.0,2026,3,2026-T3,Augmentation,47.1,47.1,6.2,46.7
z_39.0_3.0,2026,4,2026-T4,Diminution,68.3,12.4,68.3,19.3
z_39.0_3.0,2027,1,2027-T1,Diminution,65.6,15.3,65.6,19.1
z_39.0_3.0,2027,2,2027-T2,Diminution,69.5,12.6,69.5,17.9
z_39.0_3.0,2027,3,2027-T3,Stable,48.9,46.5,4.7,48.9
z_39.0_3.0,2027,4,2027-T4,Diminution,70.8,10.6,70.8,18.6
z_39.0_3.0,2028,1,2028-T1,Diminution,69.9,10.8,69.9,19.3
z_39.0_3.0,2028,2,2028-T2,Diminution,70.1,11.9,70.1,17.9
z_39.0_3.0,2028,3,2028-T3,Stable,49.0,45.5,5.5,49.0
z_39.0_3.0,2028,4,2028-T4,Diminution,70.8,10.9,70.8,18.2
z_39.0_3.0,2029,1,2029-T1,Diminution,69.4,11.8,69.4,18.9
z_39.0_3.0,2029,2,2029-T2,Diminution,73.1,8.4,73.1,18.5
z_39.0_3.0,2029,3,2029-T3,Stable,55.1,38.7,6.3,55.1
z_39.0_3.0,2029,4,2029-T4,Diminution,72.8,8.6,72.8,18.5
z_39.0_3.0,2030,1,2030-T1,Diminution,72.7,9.0,72.7,18.3
z_39.0_3.0,2030,2,2030-T2,Diminution,74.6,8.2,74.6,17.3
z_39.0_3.0,2030,3,2030-T3,Stable,58.8,32.9,8.2,58.8
z_39.0_3.0,2030,4,2030-T4,Diminution,73.3,10.4,73.3,16.3
z_39.0_4.5,2023,1,2023-T1,Stable,93.7,4.1,2.2,93.7
z_39.0_4.5,2023,2,2023-T2,Stable,92.0,6.2,1.9,92.0
z_39.0_4.5,2023,3,2023-T3,Stable,94.1,2.9,2.9,94.1
z_39.0_4.5,2023,4,2023-T4,Stable,93.7,3.7,2.6,93.7
z_39.0_4.5,2024,1,2024-T1,Stable,92.9,4.0,3.1,92.9
z_39.0_4.5,2024,2,2024-T2,Stable,94.6,3.4,2.0,94.6
z_39.0_4.5,2024,3,2024-T3,Stable,92.3,3.8,3.9,92.3
z_39.0_4.5,2024,4,2024-T4,Stable,91.2,5.5,3.4,91.2
z_39.0_4.5,2025,1,2025-T1,Stable,93.7,4.1,2.2,93.7
z_39.0_4.5,2025,2,2025-T2,Stable,92.5,5.2,2.3,92.5
z_39.0_4.5,2025,3,2025-T3,Stable,94.1,2.9,2.9,94.1
z_39.0_4.5,2025,4,2025-T4,Stable,93.6,3.6,2.8,93.6
z_39.0_4.5,2026,1,2026-T1,Stable,92.9,4.0,3.1,92.9
z_39.0_4.5,2026,2,2026-T2,Stable,93.7,3.9,2.4,93.7
z_39.0_4.5,2026,3,2026-T3,Stable,94.1,2.9,2.9,94.1
z_39.0_4.5,2026,4,2026-T4,Stable,93.2,3.6,3.2,93.2
z_39.0_4.5,2027,1,2027-T1,Stable,92.9,4.0,3.1,92.9
z_39.0_4.5,2027,2,2027-T2,Stable,92.9,4.1,3.0,92.9
z_39.0_4.5,2027,3,2027-T3,Stable,94.1,2.9,2.9,94.1
z_39.0_4.5,2027,4,2027-T4,Stable,93.8,3.5,2.7,93.8
z_39.0_4.5,2028,1,2028-T1,Stable,92.9,4.0,3.1,92.9
z_39.0_4.5,2028,2,2028-T2,Stable,93.4,4.1,2.4,93.4
z_39.0_4.5,2028,3,2028-T3,Stable,94.1,2.9,2.9,94.1
z_39.0_4.5,2028,4,2028-T4,Stable,93.8,3.5,2.7,93.8
z_39.0_4.5,2029,1,2029-T1,Stable,92.9,4.0,3.1,92.9
z_39.0_4.5,2029,2,2029-T2,Stable,94.2,3.4,2.4,94.2
z_39.0_4.5,2029,3,2029-T3,Stable,94.1,2.9,2.9,94.1
z_39.0_4.5,2029,4,2029-T4,Stable,93.8,3.5,2.7,93.8
z_39.0_4.5,2030,1,2030-T1,Stable,92.9,4.0,3.1,92.9
z_39.0_4.5,2030,2,2030-T2,Stable,94.4,3.6,1.9,94.4
z_39.0_4.5,2030,3,2030-T3,Stable,94.1,2.9,2.9,94.1
z_39.0_4.5,2030,4,2030-T4,Stable,93.8,3.5,2.7,93.8
z_39.0_6.0,2023,1,2023-T1,Stable,92.4,4.0,3.6,92.4
z_39.0_6.0,2023,2,2023-T2,Stable,95.1,2.4,2.5,95.1
z_39.0_6.0,2023,3,2023-T3,Stable,93.1,3.1,3.8,93.1
z_39.0_6.0,2023,4,2023-T4,Stable,93.4,3.0,3.6,93.4
z_39.0_6.0,2024,1,2024-T1,Stable,92.6,5.1,2.3,92.6
z_39.0_6.0,2024,2,2024-T2,Stable,91.1,6.0,2.9,91.1
z_39.0_6.0,2024,3,2024-T3,Stable,94.0,2.8,3.2,94.0
z_39.0_6.0,2024,4,2024-T4,Stable,93.8,3.0,3.2,93.8
z_39.0_6.0,2025,1,2025-T1,Stable,91.0,4.3,4.7,91.0
z_39.0_6.0,2025,2,2025-T2,Stable,94.2,2.5,3.3,94.2
z_39.0_6.0,2025,3,2025-T3,Stable,95.5,2.5,2.1,95.5
z_39.0_6.0,2025,4,2025-T4,Stable,89.7,6.5,3.8,89.7
z_39.0_6.0,2026,1,2026-T1,Stable,92.4,4.0,3.6,92.4
z_39.0_6.0,2026,2,2026-T2,Stable,94.5,2.5,3.0,94.5
z_39.0_6.0,2026,3,2026-T3,Stable,94.0,2.8,3.2,94.0
z_39.0_6.0,2026,4,2026-T4,Stable,93.6,3.2,3.2,93.6
z_39.0_6.0,2027,1,2027-T1,Stable,92.4,4.0,3.6,92.4
z_39.0_6.0,2027,2,2027-T2,Stable,94.5,2.6,2.9,94.5
z_39.0_6.0,2027,3,2027-T3,Stable,94.0,2.8,3.2,94.0
z_39.0_6.0,2027,4,2027-T4,Stable,93.2,3.1,3.7,93.2
z_39.0_6.0,2028,1,2028-T1,Stable,92.4,4.0,3.6,92.4
z_39.0_6.0,2028,2,2028-T2,Stable,94.1,2.9,2.9,94.1
z_39.0_6.0,2028,3,2028-T3,Stable,94.0,2.8,3.2,94.0
z_39.0_6.0,2028,4,2028-T4,Stable,93.8,2.8,3.4,93.8
z_39.0_6.0,2029,1,2029-T1,Stable,92.4,4.0,3.6,92.4
z_39.0_6.0,2029,2,2029-T2,Stable,95.1,2.4,2.5,95.1
z_39.0_6.0,2029,3,2029-T3,Stable,94.0,2.8,3.2,94.0
z_39.0_6.0,2029,4,2029-T4,Stable,92.7,3.5,3.8,92.7
z_39.0_6.0,2030,1,2030-T1,Stable,92.4,4.0,3.6,92.4
z_39.0_6.0,2030,2,2030-T2,Stable,95.1,2.4,2.5,95.1
z_39.0_6.0,2030,3,2030-T3,Stable,94.0,2.8,3.2,94.0
z_39.0_6.0,2030,4,2030-T4,Stable,93.8,3.0,3.2,93.8
z_39.0_7.5,2023,1,2023-T1,Diminution,86.8,1.1,86.8,12.0
z_39.0_7.5,2023,2,2023-T2,Stable,91.3,5.7,3.1,91.3
z_39.0_7.5,2023,3,2023-T3,Stable,90.9,6.2,3.0,90.9
z_39.0_7.5,2023,4,2023-T4,Stable,91.6,6.4,2.1,91.6
z_39.0_7.5,2024,1,2024-T1,Diminution,86.8,1.5,86.8,11.7
z_39.0_7.5,2024,2,2024-T2,Stable,94.1,3.8,2.1,94.1
z_39.0_7.5,2024,3,2024-T3,Stable,92.3,5.1,2.6,92.3
z_39.0_7.5,2024,4,2024-T4,Stable,91.5,6.1,2.5,91.5
z_39.0_7.5,2025,1,2025-T1,Diminution,87.4,1.0,87.4,11.7
z_39.0_7.5,2025,2,2025-T2,Stable,94.1,3.8,2.1,94.1
z_39.0_7.5,2025,3,2025-T3,Stable,92.3,5.1,2.6,92.3
z_39.0_7.5,2025,4,2025-T4,Stable,90.6,6.2,3.1,90.6
z_39.0_7.5,2026,1,2026-T1,Diminution,85.3,1.1,85.3,13.6
z_39.0_7.5,2026,2,2026-T2,Stable,95.4,2.9,1.7,95.4
z_39.0_7.5,2026,3,2026-T3,Stable,90.8,6.7,2.5,90.8
z_39.0_7.5,2026,4,2026-T4,Stable,91.5,6.1,2.5,91.5
z_39.0_7.5,2027,1,2027-T1,Diminution,86.9,0.9,86.9,12.2
z_39.0_7.5,2027,2,2027-T2,Stable,94.1,3.8,2.1,94.1
z_39.0_7.5,2027,3,2027-T3,Stable,91.2,6.1,2.7,91.2
z_39.0_7.5,2027,4,2027-T4,Stable,91.5,6.1,2.5,91.5
z_39.0_7.5,2028,1,2028-T1,Diminution,87.9,0.8,87.9,11.3
z_39.0_7.5,2028,2,2028-T2,Stable,94.1,3.8,2.1,94.1
z_39.0_7.5,2028,3,2028-T3,Stable,91.2,5.8,3.1,91.2
z_39.0_7.5,2028,4,2028-T4,Stable,91.5,6.1,2.5,91.5
z_39.0_7.5,2029,1,2029-T1,Diminution,87.5,0.8,87.5,11.7
z_39.0_7.5,2029,2,2029-T2,Stable,94.1,3.8,2.1,94.1
z_39.0_7.5,2029,3,2029-T3,Stable,89.1,8.3,2.6,89.1
z_39.0_7.5,2029,4,2029-T4,Stable,91.5,6.1,2.5,91.5
z_39.0_7.5,2030,1,2030-T1,Diminution,87.5,0.8,87.5,11.7
z_39.0_7.5,2030,2,2030-T2,Stable,94.1,3.8,2.1,94.1
z_39.0_7.5,2030,3,2030-T3,Stable,90.6,6.8,2.6,90.6
z_39.0_7.5,2030,4,2030-T4,Stable,91.5,6.1,2.5,91.5
z_39.0_9.0,2023,1,2023-T1,Stable,57.2,28.6,14.2,57.2
z_39.0_9.0,2023,2,2023-T2,Diminution,77.4,4.2,77.4,18.3
z_39.0_9.0,2023,3,2023-T3,Stable,51.3,43.6,5.1,51.3
z_39.0_9.0,2023,4,2023-T4,Diminution,66.9,16.3,66.9,16.8
z_39.0_9.0,2024,1,2024-T1,Augmentation,47.8,47.8,5.2,47.1
z_39.0_9.0,2024,2,2024-T2,Diminution,64.8,13.1,64.8,22.0
z_39.0_9.0,2024,3,2024-T3,Stable,57.0,38.0,5.0,57.0
z_39.0_9.0,2024,4,2024-T4,Diminution,61.4,19.1,61.4,19.5
z_39.0_9.0,2025,1,2025-T1,Augmentation,51.1,51.1,5.0,43.9
z_39.0_9.0,2025,2,2025-T2,Diminution,64.9,15.2,64.9,19.9
z_39.0_9.0,2025,3,2025-T3,Stable,54.0,41.5,4.5,54.0
z_39.0_9.0,2025,4,2025-T4,Diminution,77.8,9.6,77.8,12.6
z_39.0_9.0,2026,1,2026-T1,Stable,62.2,27.1,10.7,62.2
z_39.0_9.0,2026,2,2026-T2,Diminution,75.5,5.7,75.5,18.7
z_39.0_9.0,2026,3,2026-T3,Stable,65.9,23.0,11.2,65.9
z_39.0_9.0,2026,4,2026-T4,Diminution,77.0,5.3,77.0,17.6
z_39.0_9.0,2027,1,2027-T1,Stable,70.4,22.7,6.9,70.4
z_39.0_9.0,2027,2,2027-T2,Diminution,77.6,5.4,77.6,17.1
z_39.0_9.0,2027,3,2027-T3,Stable,75.2,19.1,5.7,75.2
z_39.0_9.0,2027,4,2027-T4,Diminution,75.6,6.5,75.6,17.8
z_39.0_9.0,2028,1,2028-T1,Stable,60.2,34.0,5.9,60.2
z_39.0_9.0,2028,2,2028-T2,Diminution,78.4,4.7,78.4,17.0
z_39.0_9.0,2028,3,2028-T3,Stable,69.0,26.3,4.7,69.0
z_39.0_9.0,2028,4,2028-T4,Diminution,74.8,8.2,74.8,17.0
z_39.0_9.0,2029,1,2029-T1,Stable,65.2,28.5,6.3,65.2
z_39.0_9.0,2029,2,2029-T2,Diminution,76.8,5.4,76.8,17.8
z_39.0_9.0,2029,3,2029-T3,Stable,68.8,27.1,4.1,68.8
z_39.0_9.0,2029,4,2029-T4,Diminution,75.0,7.0,75.0,18.0
z_39.0_9.0,2030,1,2030-T1,Stable,65.6,28.1,6.4,65.6
z_39.0_9.0,2030,2,2030-T2,Diminution,76.4,6.5,76.4,17.1
z_39.0_9.0,2030,3,2030-T3,Stable,75.8,20.7,3.5,75.8
z_39.0_9.0,2030,4,2030-T4,Diminution,74.9,7.1,74.9,18.0
z_40.5_-10.5,2023,1,2023-T1,Stable,66.7,21.8,11.5,66.7
z_40.5_-10.5,2023,2,2023-T2,Diminution,82.5,6.1,82.5,11.4
z_40.5_-10.5,2023,3,2023-T3,Stable,58.3,34.7,7.0,58.3
z_40.5_-10.5,2023,4,2023-T4,Stable,59.8,34.5,5.7,59.8
z_40.5_-10.5,2024,1,2024-T1,Stable,63.7,29.9,6.4,63.7
z_40.5_-10.5,2024,2,2024-T2,Diminution,76.2,5.4,76.2,18.4
z_40.5_-10.5,2024,3,2024-T3,Stable,74.8,17.6,7.6,74.8
z_40.5_-10.5,2024,4,2024-T4,Stable,76.2,15.4,8.5,76.2
z_40.5_-10.5,2025,1,2025-T1,Stable,65.1,24.2,10.7,65.1
z_40.5_-10.5,2025,2,2025-T2,Diminution,81.8,2.9,81.8,15.4
z_40.5_-10.5,2025,3,2025-T3,Stable,92.0,5.4,2.6,92.0
z_40.5_-10.5,2025,4,2025-T4,Stable,80.9,15.0,4.0,80.9
z_40.5_-10.5,2026,1,2026-T1,Stable,74.9,19.5,5.6,74.9
z_40.5_-10.5,2026,2,2026-T2,Diminution,83.2,2.5,83.2,14.3
z_40.5_-10.5,2026,3,2026-T3,Stable,93.5,4.2,2.3,93.5
z_40.5_-10.5,2026,4,2026-T4,Stable,80.7,15.5,3.8,80.7
z_40.5_-10.5,2027,1,2027-T1,Stable,80.4,16.0,3.6,80.4
z_40.5_-10.5,2027,2,2027-T2,Diminution,85.8,2.2,85.8,12.0
z_40.5_-10.5,2027,3,2027-T3,Stable,90.4,6.4,3.2,90.4
z_40.5_-10.5,2027,4,2027-T4,Stable,77.9,18.4,3.7,77.9
z_40.5_-10.5,2028,1,2028-T1,Stable,77.9,18.3,3.8,77.9
z_40.5_-10.5,2028,2,2028-T2,Diminution,86.2,2.2,86.2,11.6
z_40.5_-10.5,2028,3,2028-T3,Stable,90.2,6.6,3.1,90.2
z_40.5_-10.5,2028,4,2028-T4,Stable,76.9,19.0,4.1,76.9
z_40.5_-10.5,2029,1,2029-T1,Stable,76.9,19.6,3.5,76.9
z_40.5_-10.5,2029,2,2029-T2,Diminution,86.6,2.1,86.6,11.3
z_40.5_-10.5,2029,3,2029-T3,Stable,92.8,4.4,2.8,92.8
z_40.5_-10.5,2029,4,2029-T4,Stable,82.4,13.6,3.9,82.4
z_40.5_-10.5,2030,1,2030-T1,Stable,76.9,19.6,3.5,76.9
z_40.5_-10.5,2030,2,2030-T2,Diminution,86.6,2.1,86.6,11.3
z_40.5_-10.5,2030,3,2030-T3,Stable,92.6,4.7,2.7,92.6
z_40.5_-10.5,2030,4,2030-T4,Stable,80.9,15.0,4.0,80.9
z_40.5_-22.5,2023,1,2023-T1,Stable,97.4,0.2,2.3,97.4
z_40.5_-22.5,2023,2,2023-T2,Stable,98.4,0.1,1.5,98.4
z_40.5_-22.5,2023,3,2023-T3,Stable,97.4,0.2,2.5,97.4
z_40.5_-22.5,2023,4,2023-T4,Stable,97.5,0.2,2.3,97.5
z_40.5_-22.5,2024,1,2024-T1,Stable,97.4,0.2,2.3,97.4
z_40.5_-22.5,2024,2,2024-T2,Stable,98.4,0.1,1.5,98.4
z_40.5_-22.5,2024,3,2024-T3,Stable,96.3,0.3,3.4,96.3
z_40.5_-22.5,2024,4,2024-T4,Stable,96.9,0.5,2.6,96.9
z_40.5_-22.5,2025,1,2025-T1,Stable,97.6,0.7,1.6,97.6
z_40.5_-22.5,2025,2,2025-T2,Stable,96.0,1.5,2.4,96.0
z_40.5_-22.5,2025,3,2025-T3,Stable,97.4,0.2,2.5,97.4
z_40.5_-22.5,2025,4,2025-T4,Stable,97.5,0.2,2.3,97.5
z_40.5_-22.5,2026,1,2026-T1,Stable,97.4,0.2,2.3,97.4
z_40.5_-22.5,2026,2,2026-T2,Stable,97.5,0.4,2.2,97.5
z_40.5_-22.5,2026,3,2026-T3,Stable,97.4,0.2,2.5,97.4
z_40.5_-22.5,2026,4,2026-T4,Stable,97.5,0.2,2.3,97.5
z_40.5_-22.5,2027,1,2027-T1,Stable,97.4,0.2,2.3,97.4
z_40.5_-22.5,2027,2,2027-T2,Stable,97.6,0.2,2.2,97.6
z_40.5_-22.5,2027,3,2027-T3,Stable,97.4,0.2,2.5,97.4
z_40.5_-22.5,2027,4,2027-T4,Stable,97.5,0.2,2.3,97.5
z_40.5_-22.5,2028,1,2028-T1,Stable,97.4,0.2,2.3,97.4
z_40.5_-22.5,2028,2,2028-T2,Stable,98.1,0.2,1.7,98.1
z_40.5_-22.5,2028,3,2028-T3,Stable,97.4,0.2,2.5,97.4
z_40.5_-22.5,2028,4,2028-T4,Stable,97.5,0.2,2.3,97.5
z_40.5_-22.5,2029,1,2029-T1,Stable,97.4,0.2,2.3,97.4
z_40.5_-22.5,2029,2,2029-T2,Stable,97.2,0.3,2.5,97.2
z_40.5_-22.5,2029,3,2029-T3,Stable,97.4,0.2,2.5,97.4
z_40.5_-22.5,2029,4,2029-T4,Stable,97.5,0.2,2.3,97.5
z_40.5_-22.5,2030,1,2030-T1,Stable,97.4,0.2,2.3,97.4
z_40.5_-22.5,2030,2,2030-T2,Stable,98.4,0.1,1.5,98.4
z_40.5_-22.5,2030,3,2030-T3,Stable,97.4,0.2,2.5,97.4
z_40.5_-22.5,2030,4,2030-T4,Stable,97.5,0.2,2.3,97.5
z_40.5_-36.0,2023,1,2023-T1,Stable,97.0,0.3,2.6,97.0
z_40.5_-36.0,2023,2,2023-T2,Stable,98.3,0.1,1.6,98.3
z_40.5_-36.0,2023,3,2023-T3,Stable,97.4,0.2,2.4,97.4
z_40.5_-36.0,2023,4,2023-T4,Stable,97.4,0.3,2.3,97.4
z_40.5_-36.0,2024,1,2024-T1,Stable,97.0,0.3,2.6,97.0
z_40.5_-36.0,2024,2,2024-T2,Stable,98.3,0.1,1.6,98.3
z_40.5_-36.0,2024,3,2024-T3,Stable,97.4,0.2,2.4,97.4
z_40.5_-36.0,2024,4,2024-T4,Stable,97.4,0.3,2.3,97.4
z_40.5_-36.0,2025,1,2025-T1,Stable,95.3,0.8,3.9,95.3
z_40.5_-36.0,2025,2,2025-T2,Stable,97.7,0.3,2.0,97.7
z_40.5_-36.0,2025,3,2025-T3,Stable,98.3,0.1,1.6,98.3
z_40.5_-36.0,2025,4,2025-T4,Stable,94.7,1.8,3.5,94.7
z_40.5_-36.0,2026,1,2026-T1,Stable,97.0,0.3,2.6,97.0
z_40.5_-36.0,2026,2,2026-T2,Stable,98.3,0.1,1.6,98.3
z_40.5_-36.0,2026,3,2026-T3,Stable,97.4,0.2,2.4,97.4
z_40.5_-36.0,2026,4,2026-T4,Stable,96.6,0.7,2.8,96.6
z_40.5_-36.0,2027,1,2027-T1,Stable,97.0,0.3,2.6,97.0
z_40.5_-36.0,2027,2,2027-T2,Stable,98.3,0.1,1.6,98.3
z_40.5_-36.0,2027,3,2027-T3,Stable,97.4,0.2,2.4,97.4
z_40.5_-36.0,2027,4,2027-T4,Stable,96.6,0.4,3.0,96.6
z_40.5_-36.0,2028,1,2028-T1,Stable,97.0,0.3,2.6,97.0
z_40.5_-36.0,2028,2,2028-T2,Stable,98.3,0.1,1.6,98.3
z_40.5_-36.0,2028,3,2028-T3,Stable,97.4,0.2,2.4,97.4
z_40.5_-36.0,2028,4,2028-T4,Stable,97.2,0.3,2.6,97.2
z_40.5_-36.0,2029,1,2029-T1,Stable,97.0,0.3,2.6,97.0
z_40.5_-36.0,2029,2,2029-T2,Stable,98.3,0.1,1.6,98.3
z_40.5_-36.0,2029,3,2029-T3,Stable,97.4,0.2,2.4,97.4
z_40.5_-36.0,2029,4,2029-T4,Stable,96.7,0.4,2.9,96.7
z_40.5_-36.0,2030,1,2030-T1,Stable,97.0,0.3,2.6,97.0
z_40.5_-36.0,2030,2,2030-T2,Stable,98.3,0.1,1.6,98.3
z_40.5_-36.0,2030,3,2030-T3,Stable,97.4,0.2,2.4,97.4
z_40.5_-36.0,2030,4,2030-T4,Stable,97.4,0.3,2.3,97.4
z_40.5_-9.0,2023,1,2023-T1,Diminution,51.1,31.7,51.1,17.2
z_40.5_-9.0,2023,2,2023-T2,Augmentation,52.5,52.5,35.4,12.1
z_40.5_-9.0,2023,3,2023-T3,Augmentation,44.5,44.5,37.2,18.3
z_40.5_-9.0,2023,4,2023-T4,Diminution,52.6,32.9,52.6,14.5
z_40.5_-9.0,2024,1,2024-T1,Diminution,74.9,15.9,74.9,9.2
z_40.5_-9.0,2024,2,2024-T2,Diminution,67.0,19.6,67.0,13.4
z_40.5_-9.0,2024,3,2024-T3,Augmentation,50.5,50.5,34.9,14.5
z_40.5_-9.0,2024,4,2024-T4,Augmentation,44.2,44.2,38.6,17.2
z_40.5_-9.0,2025,1,2025-T1,Diminution,60.3,26.5,60.3,13.1
z_40.5_-9.0,2025,2,2025-T2,Augmentation,47.7,47.7,34.7,17.5
z_40.5_-9.0,2025,3,2025-T3,Augmentation,47.5,47.5,38.3,14.3
z_40.5_-9.0,2025,4,2025-T4,Augmentation,50.7,50.7,33.5,15.7
z_40.5_-9.0,2026,1,2026-T1,Diminution,64.0,21.5,64.0,14.5
z_40.5_-9.0,2026,2,2026-T2,Diminution,49.6,36.1,49.6,14.3
z_40.5_-9.0,2026,3,2026-T3,Augmentation,44.5,44.5,39.0,16.5
z_40.5_-9.0,2026,4,2026-T4,Augmentation,49.3,49.3,36.6,14.2
z_40.5_-9.0,2027,1,2027-T1,Diminution,54.9,32.6,54.9,12.5
z_40.5_-9.0,2027,2,2027-T2,Augmentation,38.8,38.8,43.7,17.5
z_40.5_-9.0,2027,3,2027-T3,Augmentation,42.9,42.9,40.1,16.9
z_40.5_-9.0,2027,4,2027-T4,Augmentation,47.6,47.6,37.4,15.0
z_40.5_-9.0,2028,1,2028-T1,Diminution,55.1,30.4,55.1,14.5
z_40.5_-9.0,2028,2,2028-T2,Augmentation,45.6,45.6,38.5,15.9
z_40.5_-9.0,2028,3,2028-T3,Augmentation,47.0,47.0,36.2,16.8
z_40.5_-9.0,2028,4,2028-T4,Augmentation,48.7,48.7,36.5,14.8
z_40.5_-9.0,2029,1,2029-T1,Diminution,52.8,34.4,52.8,12.8
z_40.5_-9.0,2029,2,2029-T2,Augmentation,43.8,43.8,40.0,16.2
z_40.5_-9.0,2029,3,2029-T3,Augmentation,41.6,41.6,41.1,17.4
z_40.5_-9.0,2029,4,2029-T4,Augmentation,44.6,44.6,39.2,16.2
z_40.5_-9.0,2030,1,2030-T1,Diminution,57.9,29.4,57.9,12.7
z_40.5_-9.0,2030,2,2030-T2,Augmentation,43.7,43.7,40.0,16.3
z_40.5_-9.0,2030,3,2030-T3,Augmentation,48.4,48.4,36.4,15.3
z_40.5_-9.0,2030,4,2030-T4,Augmentation,48.1,48.1,36.5,15.4
z_40.5_0.0,2023,1,2023-T1,Diminution,50.8,30.7,50.8,18.5
z_40.5_0.0,2023,2,2023-T2,Stable,48.5,47.2,4.3,48.5
z_40.5_0.0,2023,3,2023-T3,Stable,58.1,28.8,13.1,58.1
z_40.5_0.0,2023,4,2023-T4,Stable,66.2,25.9,7.9,66.2
z_40.5_0.0,2024,1,2024-T1,Diminution,47.3,33.2,47.3,19.4
z_40.5_0.0,2024,2,2024-T2,Augmentation,57.2,57.2,5.4,37.4
z_40.5_0.0,2024,3,2024-T3,Stable,47.9,46.9,5.2,47.9
z_40.5_0.0,2024,4,2024-T4,Augmentation,49.3,49.3,5.3,45.5
z_40.5_0.0,2025,1,2025-T1,Augmentation,40.8,40.8,40.6,18.5
z_40.5_0.0,2025,2,2025-T2,Augmentation,69.6,69.6,4.9,25.5
z_40.5_0.0,2025,3,2025-T3,Augmentation,64.3,64.3,6.4,29.3
z_40.5_0.0,2025,4,2025-T4,Augmentation,47.1,47.1,8.2,44.7
z_40.5_0.0,2026,1,2026-T1,Diminution,79.0,9.9,79.0,11.1
z_40.5_0.0,2026,2,2026-T2,Stable,59.4,29.0,11.6,59.4
z_40.5_0.0,2026,3,2026-T3,Stable,55.3,31.1,13.6,55.3
z_40.5_0.0,2026,4,2026-T4,Stable,48.3,46.1,5.5,48.3
z_40.5_0.0,2027,1,2027-T1,Diminution,55.3,25.4,55.3,19.3
z_40.5_0.0,2027,2,2027-T2,Stable,55.2,40.3,4.5,55.2
z_40.5_0.0,2027,3,2027-T3,Stable,54.9,39.1,6.0,54.9
z_40.5_0.0,2027,4,2027-T4,Stable,53.0,43.1,4.0,53.0
z_40.5_0.0,2028,1,2028-T1,Diminution,54.2,26.6,54.2,19.2
z_40.5_0.0,2028,2,2028-T2,Stable,49.3,46.9,3.8,49.3
z_40.5_0.0,2028,3,2028-T3,Stable,49.0,45.2,5.8,49.0
z_40.5_0.0,2028,4,2028-T4,Augmentation,49.4,49.4,4.9,45.7
z_40.5_0.0,2029,1,2029-T1,Diminution,47.8,35.7,47.8,16.5
z_40.5_0.0,2029,2,2029-T2,Augmentation,47.3,47.3,5.4,47.3
z_40.5_0.0,2029,3,2029-T3,Augmentation,47.7,47.7,6.6,45.7
z_40.5_0.0,2029,4,2029-T4,Stable,47.3,46.4,6.3,47.3
z_40.5_0.0,2030,1,2030-T1,Diminution,50.2,30.5,50.2,19.3
z_40.5_0.0,2030,2,2030-T2,Augmentation,47.8,47.8,5.9,46.3
z_40.5_0.0,2030,3,2030-T3,Augmentation,48.1,48.1,6.9,44.9
z_40.5_0.0,2030,4,2030-T4,Augmentation,48.3,48.3,6.6,45.1
z_40.5_1.5,2023,1,2023-T1,Augmentation,49.9,49.9,37.2,12.9
z_40.5_1.5,2023,2,2023-T2,Augmentation,36.8,36.8,44.3,18.9
z_40.5_1.5,2023,3,2023-T3,Diminution,71.6,17.8,71.6,10.6
z_40.5_1.5,2023,4,2023-T4,Diminution,55.5,28.7,55.5,15.8
z_40.5_1.5,2024,1,2024-T1,Diminution,49.5,36.8,49.5,13.8
z_40.5_1.5,2024,2,2024-T2,Diminution,50.5,32.5,50.5,17.0
z_40.5_1.5,2024,3,2024-T3,Diminution,51.1,34.2,51.1,14.7
z_40.5_1.5,2024,4,2024-T4,Diminution,59.3,25.3,59.3,15.4
z_40.5_1.5,2025,1,2025-T1,Diminution,81.7,8.4,81.7,9.9
z_40.5_1.5,2025,2,2025-T2,Diminution,51.1,31.5,51.1,17.4
z_40.5_1.5,2025,3,2025-T3,Diminution,56.8,29.9,56.8,13.3
z_40.5_1.5,2025,4,2025-T4,Augmentation,40.8,40.8,41.0,18.3
z_40.5_1.5,2026,1,2026-T1,Diminution,47.8,35.1,47.8,17.0
z_40.5_1.5,2026,2,2026-T2,Diminution,54.9,27.0,54.9,18.0
z_40.5_1.5,2026,3,2026-T3,Diminution,61.5,24.2,61.5,14.3
z_40.5_1.5,2026,4,2026-T4,Diminution,47.4,33.8,47.4,18.8
z_40.5_1.5,2027,1,2027-T1,Diminution,50.0,33.4,50.0,16.7
z_40.5_1.5,2027,2,2027-T2,Diminution,50.6,30.3,50.6,19.1
z_40.5_1.5,2027,3,2027-T3,Diminution,48.3,34.8,48.3,16.9
z_40.5_1.5,2027,4,2027-T4,Augmentation,46.0,46.0,38.4,15.6
z_40.5_1.5,2028,1,2028-T1,Diminution,54.4,28.0,54.4,17.6
z_40.5_1.5,2028,2,2028-T2,Augmentation,40.3,40.3,42.2,17.5
z_40.5_1.5,2028,3,2028-T3,Diminution,53.6,29.3,53.6,17.1
z_40.5_1.5,2028,4,2028-T4,Augmentation,36.4,36.4,44.2,19.4
z_40.5_1.5,2029,1,2029-T1,Diminution,49.5,35.4,49.5,15.1
z_40.5_1.5,2029,2,2029-T2,Diminution,48.9,32.3,48.9,18.8
z_40.5_1.5,2029,3,2029-T3,Diminution,48.2,36.1,48.2,15.7
z_40.5_1.5,2029,4,2029-T4,Diminution,46.9,34.1,46.9,19.0
z_40.5_1.5,2030,1,2030-T1,Diminution,54.4,29.2,54.4,16.5
z_40.5_1.5,2030,2,2030-T2,Augmentation,35.2,35.2,46.8,18.0
z_40.5_1.5,2030,3,2030-T3,Diminution,52.9,31.8,52.9,15.3
z_40.5_1.5,2030,4,2030-T4,Augmentation,37.6,37.6,45.2,17.2
z_40.5_10.5,2023,1,2023-T1,Stable,82.2,14.8,3.0,82.2
z_40.5_10.5,2023,2,2023-T2,Stable,94.2,3.8,2.1,94.2
z_40.5_10.5,2023,3,2023-T3,Stable,86.5,9.9,3.6,86.5
z_40.5_10.5,2023,4,2023-T4,Stable,84.9,11.6,3.5,84.9
z_40.5_10.5,2024,1,2024-T1,Stable,79.8,15.6,4.5,79.8
z_40.5_10.5,2024,2,2024-T2,Stable,95.5,3.0,1.5,95.5
z_40.5_10.5,2024,3,2024-T3,Stable,87.8,7.0,5.2,87.8
z_40.5_10.5,2024,4,2024-T4,Stable,88.7,8.0,3.3,88.7
z_40.5_10.5,2025,1,2025-T1,Stable,84.5,11.5,4.0,84.5
z_40.5_10.5,2025,2,2025-T2,Stable,95.5,3.0,1.5,95.5
z_40.5_10.5,2025,3,2025-T3,Stable,84.0,11.9,4.1,84.0
z_40.5_10.5,2025,4,2025-T4,Stable,90.0,7.6,2.5,90.0
z_40.5_10.5,2026,1,2026-T1,Stable,85.9,11.6,2.5,85.9
z_40.5_10.5,2026,2,2026-T2,Stable,94.2,3.8,2.1,94.2
z_40.5_10.5,2026,3,2026-T3,Stable,84.9,10.9,4.3,84.9
z_40.5_10.5,2026,4,2026-T4,Stable,90.0,7.6,2.5,90.0
z_40.5_10.5,2027,1,2027-T1,Stable,85.8,11.5,2.7,85.8
z_40.5_10.5,2027,2,2027-T2,Stable,94.2,3.8,2.1,94.2
z_40.5_10.5,2027,3,2027-T3,Stable,86.0,11.3,2.7,86.0
z_40.5_10.5,2027,4,2027-T4,Stable,90.0,7.6,2.5,90.0
z_40.5_10.5,2028,1,2028-T1,Stable,86.5,10.9,2.6,86.5
z_40.5_10.5,2028,2,2028-T2,Stable,94.2,3.8,2.1,94.2
z_40.5_10.5,2028,3,2028-T3,Stable,82.9,14.5,2.6,82.9
z_40.5_10.5,2028,4,2028-T4,Stable,90.0,7.6,2.5,90.0
z_40.5_10.5,2029,1,2029-T1,Stable,86.5,10.9,2.6,86.5
z_40.5_10.5,2029,2,2029-T2,Stable,94.2,3.8,2.1,94.2
z_40.5_10.5,2029,3,2029-T3,Stable,88.9,8.6,2.5,88.9
z_40.5_10.5,2029,4,2029-T4,Stable,90.0,7.6,2.5,90.0
z_40.5_10.5,2030,1,2030-T1,Stable,86.5,10.9,2.6,86.5
z_40.5_10.5,2030,2,2030-T2,Stable,94.2,3.8,2.1,94.2
z_40.5_10.5,2030,3,2030-T3,Stable,90.3,7.2,2.5,90.3
z_40.5_10.5,2030,4,2030-T4,Stable,90.0,7.6,2.5,90.0
z_40.5_12.0,2023,1,2023-T1,Stable,88.9,6.3,4.8,88.9
z_40.5_12.0,2023,2,2023-T2,Stable,80.9,13.4,5.7,80.9
z_40.5_12.0,2023,3,2023-T3,Stable,76.9,19.9,3.1,76.9
z_40.5_12.0,2023,4,2023-T4,Stable,72.3,17.4,10.3,72.3
z_40.5_12.0,2024,1,2024-T1,Stable,86.2,8.3,5.5,86.2
z_40.5_12.0,2024,2,2024-T2,Stable,91.6,5.4,3.0,91.6
z_40.5_12.0,2024,3,2024-T3,Stable,92.4,5.2,2.4,92.4
z_40.5_12.0,2024,4,2024-T4,Stable,70.1,23.3,6.7,70.1
z_40.5_12.0,2025,1,2025-T1,Stable,84.3,8.7,7.0,84.3
z_40.5_12.0,2025,2,2025-T2,Stable,81.7,14.1,4.2,81.7
z_40.5_12.0,2025,3,2025-T3,Stable,79.5,12.2,8.4,79.5
z_40.5_12.0,2025,4,2025-T4,Stable,62.6,32.3,5.2,62.6
z_40.5_12.0,2026,1,2026-T1,Stable,83.2,11.0,5.8,83.2
z_40.5_12.0,2026,2,2026-T2,Stable,94.7,3.3,2.0,94.7
z_40.5_12.0,2026,3,2026-T3,Stable,89.9,7.3,2.9,89.9
z_40.5_12.0,2026,4,2026-T4,Stable,68.7,23.9,7.4,68.7
z_40.5_12.0,2027,1,2027-T1,Stable,86.7,8.8,4.5,86.7
z_40.5_12.0,2027,2,2027-T2,Stable,93.5,4.1,2.3,93.5
z_40.5_12.0,2027,3,2027-T3,Stable,88.2,8.7,3.1,88.2
z_40.5_12.0,2027,4,2027-T4,Stable,69.8,21.4,8.8,69.8
z_40.5_12.0,2028,1,2028-T1,Stable,87.2,8.3,4.5,87.2
z_40.5_12.0,2028,2,2028-T2,Stable,93.5,4.1,2.3,93.5
z_40.5_12.0,2028,3,2028-T3,Stable,89.5,7.1,3.4,89.5
z_40.5_12.0,2028,4,2028-T4,Stable,71.4,20.6,8.0,71.4
z_40.5_12.0,2029,1,2029-T1,Stable,88.6,7.9,3.5,88.6
z_40.5_12.0,2029,2,2029-T2,Stable,93.5,4.1,2.3,93.5
z_40.5_12.0,2029,3,2029-T3,Stable,87.8,9.2,3.0,87.8
z_40.5_12.0,2029,4,2029-T4,Stable,70.2,22.5,7.3,70.2
z_40.5_12.0,2030,1,2030-T1,Stable,89.8,6.7,3.5,89.8
z_40.5_12.0,2030,2,2030-T2,Stable,93.5,4.1,2.3,93.5
z_40.5_12.0,2030,3,2030-T3,Stable,89.6,7.6,2.8,89.6
z_40.5_12.0,2030,4,2030-T4,Stable,70.1,23.7,6.2,70.1
z_40.5_13.5,2023,1,2023-T1,Diminution,57.1,29.3,57.1,13.6
z_40.5_13.5,2023,2,2023-T2,Diminution,49.8,33.2,49.8,17.1
z_40.5_13.5,2023,3,2023-T3,Augmentation,48.4,48.4,35.9,15.7
z_40.5_13.5,2023,4,2023-T4,Augmentation,47.7,47.7,37.1,15.1
z_40.5_13.5,2024,1,2024-T1,Diminution,64.1,21.4,64.1,14.5
z_40.5_13.5,2024,2,2024-T2,Augmentation,42.5,42.5,37.3,20.2
z_40.5_13.5,2024,3,2024-T3,Augmentation,49.4,49.4,36.1,14.5
z_40.5_13.5,2024,4,2024-T4,Augmentation,52.0,52.0,26.9,21.1
z_40.5_13.5,2025,1,2025-T1,Augmentation,37.9,37.9,46.2,15.9
z_40.5_13.5,2025,2,2025-T2,Augmentation,43.0,43.0,37.3,19.6
z_40.5_13.5,2025,3,2025-T3,Augmentation,56.2,56.2,24.0,19.8
z_40.5_13.5,2025,4,2025-T4,Augmentation,65.3,65.3,19.9,14.8
z_40.5_13.5,2026,1,2026-T1,Augmentation,54.6,54.6,34.5,10.9
z_40.5_13.5,2026,2,2026-T2,Augmentation,68.1,68.1,18.2,13.6
z_40.5_13.5,2026,3,2026-T3,Augmentation,60.3,60.3,22.7,16.9
z_40.5_13.5,2026,4,2026-T4,Augmentation,45.0,45.0,37.3,17.7
z_40.5_13.5,2027,1,2027-T1,Diminution,52.7,33.3,52.7,14.0
z_40.5_13.5,2027,2,2027-T2,Augmentation,48.6,48.6,35.5,15.8
z_40.5_13.5,2027,3,2027-T3,Augmentation,46.3,46.3,35.9,17.8
z_40.5_13.5,2027,4,2027-T4,Augmentation,50.1,50.1,33.5,16.4
z_40.5_13.5,2028,1,2028-T1,Diminution,52.1,34.2,52.1,13.7
z_40.5_13.5,2028,2,2028-T2,Augmentation,47.8,47.8,36.3,15.9
z_40.5_13.5,2028,3,2028-T3,Augmentation,54.3,54.3,31.0,14.7
z_40.5_13.5,2028,4,2028-T4,Augmentation,46.4,46.4,36.4,17.2
z_40.5_13.5,2029,1,2029-T1,Diminution,56.0,30.8,56.0,13.2
z_40.5_13.5,2029,2,2029-T2,Augmentation,48.3,48.3,35.8,15.9
z_40.5_13.5,2029,3,2029-T3,Augmentation,51.3,51.3,34.2,14.5
z_40.5_13.5,2029,4,2029-T4,Augmentation,50.6,50.6,34.2,15.2
z_40.5_13.5,2030,1,2030-T1,Diminution,58.3,28.5,58.3,13.2
z_40.5_13.5,2030,2,2030-T2,Augmentation,44.0,44.0,39.6,16.3
z_40.5_13.5,2030,3,2030-T3,Augmentation,49.1,49.1,36.0,14.9
z_40.5_13.5,2030,4,2030-T4,Augmentation,47.1,47.1,37.5,15.4
z_40.5_16.5,2023,1,2023-T1,Diminution,67.1,17.1,67.1,15.8
z_40.5_16.5,2023,2,2023-T2,Stable,51.4,41.4,7.2,51.4
z_40.5_16.5,2023,3,2023-T3,Augmentation,51.8,51.8,8.0,40.1
z_40.5_16.5,2023,4,2023-T4,Augmentation,35.1,35.1,46.2,18.8
z_40.5_16.5,2024,1,2024-T1,Diminution,59.1,23.4,59.1,17.6
z_40.5_16.5,2024,2,2024-T2,Stable,48.7,47.3,4.0,48.7
z_40.5_16.5,2024,3,2024-T3,Augmentation,51.9,51.9,6.4,41.7
z_40.5_16.5,2024,4,2024-T4,Diminution,59.5,22.1,59.5,18.4
z_40.5_16.5,2025,1,2025-T1,Diminution,65.3,17.6,65.3,17.1
z_40.5_16.5,2025,2,2025-T2,Stable,49.4,45.8,4.9,49.4
z_40.5_16.5,2025,3,2025-T3,Augmentation,53.0,53.0,7.2,39.8
z_40.5_16.5,2025,4,2025-T4,Diminution,46.6,34.6,46.6,18.8
z_40.5_16.5,2026,1,2026-T1,Diminution,66.9,18.5,66.9,14.6
z_40.5_16.5,2026,2,2026-T2,Stable,62.7,28.4,8.8,62.7
z_40.5_16.5,2026,3,2026-T3,Stable,54.3,41.0,4.7,54.3
z_40.5_16.5,2026,4,2026-T4,Diminution,49.7,32.3,49.7,18.0
z_40.5_16.5,2027,1,2027-T1,Diminution,62.1,23.0,62.1,14.9
z_40.5_16.5,2027,2,2027-T2,Stable,57.8,38.6,3.6,57.8
z_40.5_16.5,2027,3,2027-T3,Augmentation,48.8,48.8,4.3,46.9
z_40.5_16.5,2027,4,2027-T4,Diminution,54.4,27.9,54.4,17.7
z_40.5_16.5,2028,1,2028-T1,Diminution,62.7,22.0,62.7,15.3
z_40.5_16.5,2028,2,2028-T2,Stable,53.6,42.7,3.7,53.6
z_40.5_16.5,2028,3,2028-T3,Stable,53.2,42.1,4.7,53.2
z_40.5_16.5,2028,4,2028-T4,Diminution,52.3,29.2,52.3,18.5
z_40.5_16.5,2029,1,2029-T1,Diminution,61.3,23.5,61.3,15.2
z_40.5_16.5,2029,2,2029-T2,Stable,54.6,41.4,4.0,54.6
z_40.5_16.5,2029,3,2029-T3,Stable,52.6,43.7,3.7,52.6
z_40.5_16.5,2029,4,2029-T4,Diminution,56.4,25.7,56.4,17.9
z_40.5_16.5,2030,1,2030-T1,Diminution,63.7,20.2,63.7,16.1
z_40.5_16.5,2030,2,2030-T2,Stable,54.5,41.3,4.2,54.5
z_40.5_16.5,2030,3,2030-T3,Stable,55.1,40.9,4.0,55.1
z_40.5_16.5,2030,4,2030-T4,Diminution,53.3,28.8,53.3,17.9
z_40.5_18.0,2023,1,2023-T1,Stable,86.1,9.1,4.8,86.1
z_40.5_18.0,2023,2,2023-T2,Stable,88.9,7.6,3.5,88.9
z_40.5_18.0,2023,3,2023-T3,Stable,88.6,7.6,3.8,88.6
z_40.5_18.0,2023,4,2023-T4,Stable,80.3,16.5,3.3,80.3
z_40.5_18.0,2024,1,2024-T1,Stable,85.8,10.2,4.0,85.8
z_40.5_18.0,2024,2,2024-T2,Stable,85.2,11.1,3.7,85.2
z_40.5_18.0,2024,3,2024-T3,Stable,79.1,15.8,5.1,79.1
z_40.5_18.0,2024,4,2024-T4,Stable,76.7,20.2,3.0,76.7
z_40.5_18.0,2025,1,2025-T1,Stable,79.9,16.7,3.4,79.9
z_40.5_18.0,2025,2,2025-T2,Stable,82.4,14.6,3.0,82.4
z_40.5_18.0,2025,3,2025-T3,Stable,92.8,4.8,2.4,92.8
z_40.5_18.0,2025,4,2025-T4,Stable,83.8,11.8,4.3,83.8
z_40.5_18.0,2026,1,2026-T1,Stable,78.7,16.5,4.8,78.7
z_40.5_18.0,2026,2,2026-T2,Stable,93.2,5.1,1.8,93.2
z_40.5_18.0,2026,3,2026-T3,Stable,90.9,6.3,2.8,90.9
z_40.5_18.0,2026,4,2026-T4,Stable,80.2,16.3,3.4,80.2
z_40.5_18.0,2027,1,2027-T1,Stable,88.2,7.7,4.0,88.2
z_40.5_18.0,2027,2,2027-T2,Stable,91.6,5.5,2.8,91.6
z_40.5_18.0,2027,3,2027-T3,Stable,89.7,7.3,3.0,89.7
z_40.5_18.0,2027,4,2027-T4,Stable,79.9,16.5,3.6,79.9
z_40.5_18.0,2028,1,2028-T1,Stable,87.3,9.1,3.6,87.3
z_40.5_18.0,2028,2,2028-T2,Stable,89.5,7.9,2.6,89.5
z_40.5_18.0,2028,3,2028-T3,Stable,90.1,6.5,3.3,90.1
z_40.5_18.0,2028,4,2028-T4,Stable,82.8,13.8,3.4,82.8
z_40.5_18.0,2029,1,2029-T1,Stable,88.4,7.9,3.7,88.4
z_40.5_18.0,2029,2,2029-T2,Stable,90.3,7.1,2.5,90.3
z_40.5_18.0,2029,3,2029-T3,Stable,87.4,9.6,3.0,87.4
z_40.5_18.0,2029,4,2029-T4,Stable,81.9,14.9,3.2,81.9
z_40.5_18.0,2030,1,2030-T1,Stable,89.7,6.7,3.6,89.7
z_40.5_18.0,2030,2,2030-T2,Stable,92.6,5.1,2.2,92.6
z_40.5_18.0,2030,3,2030-T3,Stable,89.3,7.7,2.9,89.3
z_40.5_18.0,2030,4,2030-T4,Stable,81.8,14.9,3.2,81.8
z_40.5_22.5,2023,1,2023-T1,Stable,49.2,41.4,9.4,49.2
z_40.5_22.5,2023,2,2023-T2,Augmentation,42.6,42.6,39.6,17.8
z_40.5_22.5,2023,3,2023-T3,Augmentation,71.3,71.3,8.3,20.4
z_40.5_22.5,2023,4,2023-T4,Augmentation,40.0,40.0,42.2,17.8
z_40.5_22.5,2024,1,2024-T1,Augmentation,62.0,62.0,10.9,27.1
z_40.5_22.5,2024,2,2024-T2,Augmentation,36.6,36.6,45.2,18.2
z_40.5_22.5,2024,3,2024-T3,Augmentation,45.6,45.6,11.3,43.1
z_40.5_22.5,2024,4,2024-T4,Diminution,64.6,15.6,64.6,19.9
z_40.5_22.5,2025,1,2025-T1,Augmentation,58.4,58.4,7.9,33.7
z_40.5_22.5,2025,2,2025-T2,Diminution,56.8,26.2,56.8,17.0
z_40.5_22.5,2025,3,2025-T3,Stable,52.2,37.2,10.6,52.2
z_40.5_22.5,2025,4,2025-T4,Diminution,69.1,11.1,69.1,19.8
z_40.5_22.5,2026,1,2026-T1,Stable,54.5,35.3,10.1,54.5
z_40.5_22.5,2026,2,2026-T2,Diminution,71.3,11.3,71.3,17.4
z_40.5_22.5,2026,3,2026-T3,Stable,50.0,41.2,8.8,50.0
z_40.5_22.5,2026,4,2026-T4,Diminution,68.0,12.8,68.0,19.2
z_40.5_22.5,2027,1,2027-T1,Stable,49.2,45.5,5.3,49.2
z_40.5_22.5,2027,2,2027-T2,Diminution,70.2,11.8,70.2,18.0
z_40.5_22.5,2027,3,2027-T3,Stable,52.5,40.3,7.2,52.5
z_40.5_22.5,2027,4,2027-T4,Diminution,66.8,13.1,66.8,20.1
z_40.5_22.5,2028,1,2028-T1,Augmentation,48.6,48.6,4.7,46.7
z_40.5_22.5,2028,2,2028-T2,Diminution,70.5,11.6,70.5,17.9
z_40.5_22.5,2028,3,2028-T3,Stable,52.3,40.4,7.2,52.3
z_40.5_22.5,2028,4,2028-T4,Diminution,67.3,11.8,67.3,21.0
z_40.5_22.5,2029,1,2029-T1,Augmentation,48.8,48.8,4.8,46.4
z_40.5_22.5,2029,2,2029-T2,Diminution,70.2,12.0,70.2,17.8
z_40.5_22.5,2029,3,2029-T3,Stable,52.3,40.4,7.2,52.3
z_40.5_22.5,2029,4,2029-T4,Diminution,67.7,11.3,67.7,21.0
z_40.5_22.5,2030,1,2030-T1,Stable,49.0,45.8,5.2,49.0
z_40.5_22.5,2030,2,2030-T2,Diminution,70.2,11.9,70.2,17.9
z_40.5_22.5,2030,3,2030-T3,Stable,52.2,40.5,7.2,52.2
z_40.5_22.5,2030,4,2030-T4,Diminution,68.4,11.3,68.4,20.3
z_40.5_24.0,2023,1,2023-T1,Augmentation,57.7,57.7,9.5,32.8
z_40.5_24.0,2023,2,2023-T2,Diminution,54.3,26.8,54.3,18.9
z_40.5_24.0,2023,3,2023-T3,Diminution,91.4,3.1,91.4,5.6
z_40.5_24.0,2023,4,2023-T4,Stable,44.0,34.8,21.3,44.0
z_40.5_24.0,2024,1,2024-T1,Stable,48.5,36.1,15.5,48.5
z_40.5_24.0,2024,2,2024-T2,Diminution,56.6,25.8,56.6,17.7
z_40.5_24.0,2024,3,2024-T3,Augmentation,46.5,46.5,40.8,12.8
z_40.5_24.0,2024,4,2024-T4,Augmentation,62.0,62.0,9.9,28.2
z_40.5_24.0,2025,1,2025-T1,Augmentation,57.2,57.2,8.9,33.9
z_40.5_24.0,2025,2,2025-T2,Augmentation,50.9,50.9,31.4,17.7
z_40.5_24.0,2025,3,2025-T3,Augmentation,59.5,59.5,29.7,10.8
z_40.5_24.0,2025,4,2025-T4,Augmentation,69.1,69.1,8.4,22.5
z_40.5_24.0,2026,1,2026-T1,Augmentation,58.4,58.4,8.3,33.3
z_40.5_24.0,2026,2,2026-T2,Diminution,57.0,25.2,57.0,17.8
z_40.5_24.0,2026,3,2026-T3,Diminution,56.4,29.0,56.4,14.5
z_40.5_24.0,2026,4,2026-T4,Augmentation,73.4,73.4,7.8,18.8
z_40.5_24.0,2027,1,2027-T1,Augmentation,68.2,68.2,8.1,23.8
z_40.5_24.0,2027,2,2027-T2,Diminution,49.9,31.9,49.9,18.1
z_40.5_24.0,2027,3,2027-T3,Augmentation,37.5,37.5,47.0,15.5
z_40.5_24.0,2027,4,2027-T4,Augmentation,68.3,68.3,7.9,23.7
z_40.5_24.0,2028,1,2028-T1,Augmentation,67.1,67.1,9.9,23.0
z_40.5_24.0,2028,2,2028-T2,Augmentation,42.0,42.0,42.1,15.9
z_40.5_24.0,2028,3,2028-T3,Augmentation,42.2,42.2,42.6,15.2
z_40.5_24.0,2028,4,2028-T4,Augmentation,74.2,74.2,8.8,17.0
z_40.5_24.0,2029,1,2029-T1,Augmentation,72.9,72.9,8.7,18.4
z_40.5_24.0,2029,2,2029-T2,Augmentation,41.0,41.0,43.5,15.5
z_40.5_24.0,2029,3,2029-T3,Augmentation,41.4,41.4,44.6,14.0
z_40.5_24.0,2029,4,2029-T4,Augmentation,75.4,75.4,8.6,16.1
z_40.5_24.0,2030,1,2030-T1,Augmentation,72.6,72.6,9.2,18.3
z_40.5_24.0,2030,2,2030-T2,Augmentation,36.0,36.0,48.0,16.1
z_40.5_24.0,2030,3,2030-T3,Augmentation,44.5,44.5,42.4,13.1
z_40.5_24.0,2030,4,2030-T4,Augmentation,74.0,74.0,8.5,17.5
z_40.5_25.5,2023,1,2023-T1,Augmentation,48.0,48.0,5.9,46.2
z_40.5_25.5,2023,2,2023-T2,Stable,67.4,25.4,7.2,67.4
z_40.5_25.5,2023,3,2023-T3,Diminution,70.5,10.9,70.5,18.7
z_40.5_25.5,2023,4,2023-T4,Stable,76.3,18.0,5.6,76.3
z_40.5_25.5,2024,1,2024-T1,Stable,80.0,13.7,6.3,80.0
z_40.5_25.5,2024,2,2024-T2,Stable,76.8,14.5,8.8,76.8
z_40.5_25.5,2024,3,2024-T3,Diminution,59.9,19.0,59.9,21.1
z_40.5_25.5,2024,4,2024-T4,Stable,82.3,13.3,4.4,82.3
z_40.5_25.5,2025,1,2025-T1,Stable,79.7,7.4,13.0,79.7
z_40.5_25.5,2025,2,2025-T2,Stable,79.9,13.8,6.3,79.9
z_40.5_25.5,2025,3,2025-T3,Diminution,78.2,4.8,78.2,17.0
z_40.5_25.5,2025,4,2025-T4,Stable,91.9,5.1,2.9,91.9
z_40.5_25.5,2026,1,2026-T1,Stable,89.5,7.1,3.4,89.5
z_40.5_25.5,2026,2,2026-T2,Stable,79.9,14.6,5.5,79.9
z_40.5_25.5,2026,3,2026-T3,Diminution,80.6,3.0,80.6,16.4
z_40.5_25.5,2026,4,2026-T4,Stable,89.1,7.6,3.3,89.1
z_40.5_25.5,2027,1,2027-T1,Stable,89.4,6.9,3.7,89.4
z_40.5_25.5,2027,2,2027-T2,Stable,82.5,11.4,6.1,82.5
z_40.5_25.5,2027,3,2027-T3,Diminution,82.0,3.2,82.0,14.7
z_40.5_25.5,2027,4,2027-T4,Stable,90.0,7.0,3.0,90.0
z_40.5_25.5,2028,1,2028-T1,Stable,90.2,5.5,4.3,90.2
z_40.5_25.5,2028,2,2028-T2,Stable,84.6,10.0,5.4,84.6
z_40.5_25.5,2028,3,2028-T3,Diminution,83.2,3.1,83.2,13.7
z_40.5_25.5,2028,4,2028-T4,Stable,90.4,6.5,3.1,90.4
z_40.5_25.5,2029,1,2029-T1,Stable,89.7,6.8,3.5,89.7
z_40.5_25.5,2029,2,2029-T2,Stable,84.2,10.8,5.0,84.2
z_40.5_25.5,2029,3,2029-T3,Diminution,82.5,2.9,82.5,14.7
z_40.5_25.5,2029,4,2029-T4,Stable,90.4,6.5,3.1,90.4
z_40.5_25.5,2030,1,2030-T1,Stable,91.7,5.0,3.3,91.7
z_40.5_25.5,2030,2,2030-T2,Stable,85.0,11.2,3.8,85.0
z_40.5_25.5,2030,3,2030-T3,Diminution,82.5,2.9,82.5,14.7
z_40.5_25.5,2030,4,2030-T4,Stable,90.4,6.5,3.1,90.4
z_40.5_27.0,2023,1,2023-T1,Diminution,89.2,2.1,89.2,8.7
z_40.5_27.0,2023,2,2023-T2,Diminution,91.2,0.2,91.2,8.6
z_40.5_27.0,2023,3,2023-T3,Diminution,91.3,0.3,91.3,8.4
z_40.5_27.0,2023,4,2023-T4,Diminution,91.3,0.4,91.3,8.3
z_40.5_27.0,2024,1,2024-T1,Diminution,89.0,2.5,89.0,8.6
z_40.5_27.0,2024,2,2024-T2,Diminution,91.1,0.2,91.1,8.7
z_40.5_27.0,2024,3,2024-T3,Diminution,91.3,0.3,91.3,8.4
z_40.5_27.0,2024,4,2024-T4,Diminution,92.0,0.3,92.0,7.7
z_40.5_27.0,2025,1,2025-T1,Diminution,89.0,2.5,89.0,8.6
z_40.5_27.0,2025,2,2025-T2,Diminution,89.8,0.3,89.8,9.9
z_40.5_27.0,2025,3,2025-T3,Diminution,91.5,0.3,91.5,8.2
z_40.5_27.0,2025,4,2025-T4,Diminution,87.8,1.2,87.8,11.1
z_40.5_27.0,2026,1,2026-T1,Diminution,89.5,2.1,89.5,8.4
z_40.5_27.0,2026,2,2026-T2,Diminution,90.4,0.2,90.4,9.4
z_40.5_27.0,2026,3,2026-T3,Diminution,91.3,0.3,91.3,8.4
z_40.5_27.0,2026,4,2026-T4,Diminution,91.1,0.3,91.1,8.6
z_40.5_27.0,2027,1,2027-T1,Diminution,88.7,2.0,88.7,9.3
z_40.5_27.0,2027,2,2027-T2,Diminution,90.4,0.2,90.4,9.4
z_40.5_27.0,2027,3,2027-T3,Diminution,91.3,0.3,91.3,8.4
z_40.5_27.0,2027,4,2027-T4,Diminution,91.1,0.3,91.1,8.6
z_40.5_27.0,2028,1,2028-T1,Diminution,88.4,2.3,88.4,9.3
z_40.5_27.0,2028,2,2028-T2,Diminution,90.4,0.2,90.4,9.4
z_40.5_27.0,2028,3,2028-T3,Diminution,91.3,0.3,91.3,8.4
z_40.5_27.0,2028,4,2028-T4,Diminution,91.1,0.3,91.1,8.6
z_40.5_27.0,2029,1,2029-T1,Diminution,89.3,2.3,89.3,8.4
z_40.5_27.0,2029,2,2029-T2,Diminution,90.4,0.2,90.4,9.4
z_40.5_27.0,2029,3,2029-T3,Diminution,91.3,0.3,91.3,8.4
z_40.5_27.0,2029,4,2029-T4,Diminution,91.1,0.3,91.1,8.6
z_40.5_27.0,2030,1,2030-T1,Diminution,88.7,2.2,88.7,9.1
z_40.5_27.0,2030,2,2030-T2,Diminution,90.4,0.2,90.4,9.4
z_40.5_27.0,2030,3,2030-T3,Diminution,91.3,0.3,91.3,8.4
z_40.5_27.0,2030,4,2030-T4,Diminution,91.1,0.3,91.1,8.6
z_40.5_28.5,2023,1,2023-T1,Augmentation,37.7,37.7,43.9,18.4
z_40.5_28.5,2023,2,2023-T2,Diminution,52.5,31.1,52.5,16.4
z_40.5_28.5,2023,3,2023-T3,Augmentation,41.7,41.7,40.6,17.7
z_40.5_28.5,2023,4,2023-T4,Augmentation,54.9,54.9,25.2,19.9
z_40.5_28.5,2024,1,2024-T1,Augmentation,47.8,47.8,36.2,15.9
z_40.5_28.5,2024,2,2024-T2,Diminution,49.4,31.5,49.4,19.1
z_40.5_28.5,2024,3,2024-T3,Diminution,48.3,29.5,48.3,22.2
z_40.5_28.5,2024,4,2024-T4,Diminution,65.2,18.9,65.2,15.9
z_40.5_28.5,2025,1,2025-T1,Diminution,77.5,10.3,77.5,12.1
z_40.5_28.5,2025,2,2025-T2,Diminution,84.5,5.5,84.5,10.0
z_40.5_28.5,2025,3,2025-T3,Diminution,79.5,5.4,79.5,15.0
z_40.5_28.5,2025,4,2025-T4,Diminution,79.9,6.3,79.9,13.8
z_40.5_28.5,2026,1,2026-T1,Diminution,82.4,5.4,82.4,12.2
z_40.5_28.5,2026,2,2026-T2,Diminution,70.7,13.4,70.7,15.8
z_40.5_28.5,2026,3,2026-T3,Diminution,67.3,13.2,67.3,19.5
z_40.5_28.5,2026,4,2026-T4,Diminution,56.4,25.5,56.4,18.0
z_40.5_28.5,2027,1,2027-T1,Diminution,47.7,33.0,47.7,19.4
z_40.5_28.5,2027,2,2027-T2,Diminution,54.2,27.0,54.2,18.8
z_40.5_28.5,2027,3,2027-T3,Diminution,47.5,32.1,47.5,20.4
z_40.5_28.5,2027,4,2027-T4,Diminution,54.5,25.1,54.5,20.4
z_40.5_28.5,2028,1,2028-T1,Diminution,56.8,19.0,56.8,24.3
z_40.5_28.5,2028,2,2028-T2,Diminution,64.8,15.6,64.8,19.6
z_40.5_28.5,2028,3,2028-T3,Diminution,60.3,16.4,60.3,23.3
z_40.5_28.5,2028,4,2028-T4,Diminution,64.3,13.6,64.3,22.1
z_40.5_28.5,2029,1,2029-T1,Diminution,62.5,14.5,62.5,22.9
z_40.5_28.5,2029,2,2029-T2,Diminution,64.9,14.7,64.9,20.4
z_40.5_28.5,2029,3,2029-T3,Diminution,62.0,14.3,62.0,23.7
z_40.5_28.5,2029,4,2029-T4,Diminution,64.9,13.2,64.9,21.9
z_40.5_28.5,2030,1,2030-T1,Diminution,62.5,15.0,62.5,22.5
z_40.5_28.5,2030,2,2030-T2,Diminution,63.4,15.3,63.4,21.3
z_40.5_28.5,2030,3,2030-T3,Diminution,61.9,14.3,61.9,23.8
z_40.5_28.5,2030,4,2030-T4,Diminution,64.5,13.6,64.5,21.9
z_40.5_3.0,2023,1,2023-T1,Augmentation,52.9,52.9,9.0,38.1
z_40.5_3.0,2023,2,2023-T2,Augmentation,52.9,52.9,10.3,36.9
z_40.5_3.0,2023,3,2023-T3,Augmentation,51.0,51.0,8.1,40.9
z_40.5_3.0,2023,4,2023-T4,Augmentation,52.6,52.6,5.0,42.4
z_40.5_3.0,2024,1,2024-T1,Stable,55.2,40.8,4.0,55.2
z_40.5_3.0,2024,2,2024-T2,Stable,50.1,44.7,5.1,50.1
z_40.5_3.0,2024,3,2024-T3,Augmentation,47.3,47.3,6.6,46.1
z_40.5_3.0,2024,4,2024-T4,Augmentation,48.5,48.5,6.3,45.2
z_40.5_3.0,2025,1,2025-T1,Stable,49.3,46.0,4.6,49.3
z_40.5_3.0,2025,2,2025-T2,Augmentation,54.2,54.2,4.4,41.5
z_40.5_3.0,2025,3,2025-T3,Augmentation,51.1,51.1,8.2,40.7
z_40.5_3.0,2025,4,2025-T4,Augmentation,54.3,54.3,7.2,38.5
z_40.5_3.0,2026,1,2026-T1,Stable,53.2,39.5,7.3,53.2
z_40.5_3.0,2026,2,2026-T2,Stable,54.5,37.2,8.3,54.5
z_40.5_3.0,2026,3,2026-T3,Stable,49.4,43.8,6.9,49.4
z_40.5_3.0,2026,4,2026-T4,Augmentation,48.4,48.4,5.1,46.5
z_40.5_3.0,2027,1,2027-T1,Stable,54.6,40.7,4.7,54.6
z_40.5_3.0,2027,2,2027-T2,Stable,47.2,47.2,5.6,47.2
z_40.5_3.0,2027,3,2027-T3,Augmentation,48.7,48.7,4.8,46.5
z_40.5_3.0,2027,4,2027-T4,Stable,55.6,39.3,5.0,55.6
z_40.5_3.0,2028,1,2028-T1,Stable,53.8,41.3,4.9,53.8
z_40.5_3.0,2028,2,2028-T2,Stable,60.2,34.0,5.8,60.2
z_40.5_3.0,2028,3,2028-T3,Stable,58.2,36.8,5.0,58.2
z_40.5_3.0,2028,4,2028-T4,Stable,56.4,39.6,4.1,56.4
z_40.5_3.0,2029,1,2029-T1,Stable,56.5,38.8,4.7,56.5
z_40.5_3.0,2029,2,2029-T2,Stable,55.6,39.3,5.1,55.6
z_40.5_3.0,2029,3,2029-T3,Stable,52.9,42.5,4.6,52.9
z_40.5_3.0,2029,4,2029-T4,Stable,53.2,42.4,4.3,53.2
z_40.5_3.0,2030,1,2030-T1,Stable,56.0,39.2,4.8,56.0
z_40.5_3.0,2030,2,2030-T2,Stable,56.1,39.1,4.8,56.1
z_40.5_3.0,2030,3,2030-T3,Stable,54.8,40.7,4.4,54.8
z_40.5_3.0,2030,4,2030-T4,Stable,54.3,40.8,5.0,54.3
z_40.5_37.5,2023,1,2023-T1,Stable,97.2,0.3,2.5,97.2
z_40.5_37.5,2023,2,2023-T2,Stable,98.3,0.2,1.5,98.3
z_40.5_37.5,2023,3,2023-T3,Stable,97.3,0.2,2.4,97.3
z_40.5_37.5,2023,4,2023-T4,Stable,97.4,0.3,2.3,97.4
z_40.5_37.5,2024,1,2024-T1,Stable,97.2,0.3,2.5,97.2
z_40.5_37.5,2024,2,2024-T2,Stable,98.3,0.2,1.5,98.3
z_40.5_37.5,2024,3,2024-T3,Stable,96.5,0.4,3.1,96.5
z_40.5_37.5,2024,4,2024-T4,Stable,96.7,0.5,2.9,96.7
z_40.5_37.5,2025,1,2025-T1,Stable,97.4,0.9,1.8,97.4
z_40.5_37.5,2025,2,2025-T2,Stable,95.6,1.8,2.5,95.6
z_40.5_37.5,2025,3,2025-T3,Stable,97.3,0.2,2.4,97.3
z_40.5_37.5,2025,4,2025-T4,Stable,97.4,0.3,2.3,97.4
z_40.5_37.5,2026,1,2026-T1,Stable,97.2,0.3,2.5,97.2
z_40.5_37.5,2026,2,2026-T2,Stable,97.6,0.4,2.1,97.6
z_40.5_37.5,2026,3,2026-T3,Stable,97.3,0.2,2.4,97.3
z_40.5_37.5,2026,4,2026-T4,Stable,97.4,0.3,2.3,97.4
z_40.5_37.5,2027,1,2027-T1,Stable,97.2,0.3,2.5,97.2
z_40.5_37.5,2027,2,2027-T2,Stable,97.8,0.2,1.9,97.8
z_40.5_37.5,2027,3,2027-T3,Stable,97.3,0.2,2.4,97.3
z_40.5_37.5,2027,4,2027-T4,Stable,97.4,0.3,2.3,97.4
z_40.5_37.5,2028,1,2028-T1,Stable,97.2,0.3,2.5,97.2
z_40.5_37.5,2028,2,2028-T2,Stable,98.0,0.3,1.7,98.0
z_40.5_37.5,2028,3,2028-T3,Stable,97.3,0.2,2.4,97.3
z_40.5_37.5,2028,4,2028-T4,Stable,97.4,0.3,2.3,97.4
z_40.5_37.5,2029,1,2029-T1,Stable,97.2,0.3,2.5,97.2
z_40.5_37.5,2029,2,2029-T2,Stable,97.7,0.4,1.9,97.7
z_40.5_37.5,2029,3,2029-T3,Stable,97.3,0.2,2.4,97.3
z_40.5_37.5,2029,4,2029-T4,Stable,97.4,0.3,2.3,97.4
z_40.5_37.5,2030,1,2030-T1,Stable,97.2,0.3,2.5,97.2
z_40.5_37.5,2030,2,2030-T2,Stable,98.3,0.2,1.5,98.3
z_40.5_37.5,2030,3,2030-T3,Stable,97.3,0.2,2.4,97.3
z_40.5_37.5,2030,4,2030-T4,Stable,97.4,0.3,2.3,97.4
z_40.5_4.5,2023,1,2023-T1,Stable,92.5,2.6,4.9,92.5
z_40.5_4.5,2023,2,2023-T2,Stable,95.5,1.5,3.0,95.5
z_40.5_4.5,2023,3,2023-T3,Stable,97.6,0.2,2.2,97.6
z_40.5_4.5,2023,4,2023-T4,Stable,97.7,0.2,2.1,97.7
z_40.5_4.5,2024,1,2024-T1,Stable,95.9,0.6,3.5,95.9
z_40.5_4.5,2024,2,2024-T2,Stable,96.2,0.4,3.4,96.2
z_40.5_4.5,2024,3,2024-T3,Stable,97.6,0.2,2.2,97.6
z_40.5_4.5,2024,4,2024-T4,Stable,95.5,0.6,3.9,95.5
z_40.5_4.5,2025,1,2025-T1,Stable,93.7,1.5,4.8,93.7
z_40.5_4.5,2025,2,2025-T2,Stable,96.5,0.4,3.2,96.5
z_40.5_4.5,2025,3,2025-T3,Stable,94.9,1.8,3.3,94.9
z_40.5_4.5,2025,4,2025-T4,Stable,97.7,0.2,2.1,97.7
z_40.5_4.5,2026,1,2026-T1,Stable,97.5,0.2,2.3,97.5
z_40.5_4.5,2026,2,2026-T2,Stable,97.7,0.2,2.1,97.7
z_40.5_4.5,2026,3,2026-T3,Stable,96.0,0.4,3.5,96.0
z_40.5_4.5,2026,4,2026-T4,Stable,97.7,0.2,2.1,97.7
z_40.5_4.5,2027,1,2027-T1,Stable,95.6,1.0,3.4,95.6
z_40.5_4.5,2027,2,2027-T2,Stable,96.6,0.4,3.0,96.6
z_40.5_4.5,2027,3,2027-T3,Stable,95.4,0.3,4.3,95.4
z_40.5_4.5,2027,4,2027-T4,Stable,97.7,0.2,2.1,97.7
z_40.5_4.5,2028,1,2028-T1,Stable,97.7,0.2,2.1,97.7
z_40.5_4.5,2028,2,2028-T2,Stable,97.8,0.1,2.1,97.8
z_40.5_4.5,2028,3,2028-T3,Stable,97.6,0.2,2.2,97.6
z_40.5_4.5,2028,4,2028-T4,Stable,97.7,0.2,2.1,97.7
z_40.5_4.5,2029,1,2029-T1,Stable,97.7,0.2,2.1,97.7
z_40.5_4.5,2029,2,2029-T2,Stable,97.8,0.1,2.1,97.8
z_40.5_4.5,2029,3,2029-T3,Stable,96.1,0.4,3.5,96.1
z_40.5_4.5,2029,4,2029-T4,Stable,97.7,0.2,2.1,97.7
z_40.5_4.5,2030,1,2030-T1,Stable,97.7,0.2,2.1,97.7
z_40.5_4.5,2030,2,2030-T2,Stable,97.8,0.1,2.1,97.8
z_40.5_4.5,2030,3,2030-T3,Stable,97.6,0.2,2.2,97.6
z_40.5_4.5,2030,4,2030-T4,Stable,97.7,0.2,2.1,97.7
z_40.5_7.5,2023,1,2023-T1,Stable,92.2,1.8,5.9,92.2
z_40.5_7.5,2023,2,2023-T2,Stable,96.6,0.7,2.7,96.6
z_40.5_7.5,2023,3,2023-T3,Stable,91.2,4.7,4.1,91.2
z_40.5_7.5,2023,4,2023-T4,Stable,85.2,8.6,6.2,85.2
z_40.5_7.5,2024,1,2024-T1,Stable,92.6,2.2,5.2,92.6
z_40.5_7.5,2024,2,2024-T2,Stable,89.1,2.8,8.1,89.1
z_40.5_7.5,2024,3,2024-T3,Stable,82.2,11.2,6.6,82.2
z_40.5_7.5,2024,4,2024-T4,Stable,88.8,6.0,5.2,88.8
z_40.5_7.5,2025,1,2025-T1,Stable,86.8,4.6,8.6,86.8
z_40.5_7.5,2025,2,2025-T2,Stable,78.0,16.2,5.8,78.0
z_40.5_7.5,2025,3,2025-T3,Stable,78.7,15.4,5.9,78.7
z_40.5_7.5,2025,4,2025-T4,Stable,72.8,19.4,7.8,72.8
z_40.5_7.5,2026,1,2026-T1,Stable,76.1,17.1,6.8,76.1
z_40.5_7.5,2026,2,2026-T2,Stable,84.4,5.4,10.2,84.4
z_40.5_7.5,2026,3,2026-T3,Stable,90.3,4.2,5.6,90.3
z_40.5_7.5,2026,4,2026-T4,Stable,90.5,6.2,3.3,90.5
z_40.5_7.5,2027,1,2027-T1,Stable,92.0,1.9,6.1,92.0
z_40.5_7.5,2027,2,2027-T2,Stable,94.5,0.5,5.0,94.5
z_40.5_7.5,2027,3,2027-T3,Stable,87.9,4.1,8.0,87.9
z_40.5_7.5,2027,4,2027-T4,Stable,90.6,6.4,3.0,90.6
z_40.5_7.5,2028,1,2028-T1,Stable,93.6,1.1,5.2,93.6
z_40.5_7.5,2028,2,2028-T2,Stable,95.7,0.4,3.9,95.7
z_40.5_7.5,2028,3,2028-T3,Stable,87.4,5.9,6.7,87.4
z_40.5_7.5,2028,4,2028-T4,Stable,93.4,3.6,2.9,93.4
z_40.5_7.5,2029,1,2029-T1,Stable,94.0,0.9,5.1,94.0
z_40.5_7.5,2029,2,2029-T2,Stable,95.5,0.6,3.8,95.5
z_40.5_7.5,2029,3,2029-T3,Stable,92.6,2.4,5.0,92.6
z_40.5_7.5,2029,4,2029-T4,Stable,90.0,5.9,4.1,90.0
z_40.5_7.5,2030,1,2030-T1,Stable,93.1,1.7,5.2,93.1
z_40.5_7.5,2030,2,2030-T2,Stable,97.7,0.4,1.8,97.7
z_40.5_7.5,2030,3,2030-T3,Stable,90.2,4.5,5.3,90.2
z_40.5_7.5,2030,4,2030-T4,Stable,92.5,4.9,2.6,92.5
z_40.5_9.0,2023,1,2023-T1,Diminution,54.2,23.0,54.2,22.8
z_40.5_9.0,2023,2,2023-T2,Diminution,73.0,11.7,73.0,15.3
z_40.5_9.0,2023,3,2023-T3,Diminution,58.5,22.8,58.5,18.7
z_40.5_9.0,2023,4,2023-T4,Diminution,53.4,28.6,53.4,18.0
z_40.5_9.0,2024,1,2024-T1,Diminution,58.3,18.8,58.3,22.9
z_40.5_9.0,2024,2,2024-T2,Diminution,61.0,17.5,61.0,21.5
z_40.5_9.0,2024,3,2024-T3,Diminution,61.3,20.3,61.3,18.4
z_40.5_9.0,2024,4,2024-T4,Diminution,61.4,20.1,61.4,18.5
z_40.5_9.0,2025,1,2025-T1,Diminution,58.3,18.9,58.3,22.8
z_40.5_9.0,2025,2,2025-T2,Diminution,51.2,28.5,51.2,20.3
z_40.5_9.0,2025,3,2025-T3,Diminution,59.0,22.2,59.0,18.8
z_40.5_9.0,2025,4,2025-T4,Diminution,49.2,31.7,49.2,19.1
z_40.5_9.0,2026,1,2026-T1,Diminution,52.8,26.3,52.8,20.9
z_40.5_9.0,2026,2,2026-T2,Diminution,55.8,24.2,55.8,19.9
z_40.5_9.0,2026,3,2026-T3,Diminution,74.6,10.1,74.6,15.2
z_40.5_9.0,2026,4,2026-T4,Diminution,69.1,13.2,69.1,17.7
z_40.5_9.0,2027,1,2027-T1,Diminution,66.7,11.6,66.7,21.7
z_40.5_9.0,2027,2,2027-T2,Diminution,69.7,12.6,69.7,17.7
z_40.5_9.0,2027,3,2027-T3,Diminution,72.2,12.6,72.2,15.3
z_40.5_9.0,2027,4,2027-T4,Diminution,69.2,13.2,69.2,17.6
z_40.5_9.0,2028,1,2028-T1,Diminution,66.7,11.0,66.7,22.3
z_40.5_9.0,2028,2,2028-T2,Diminution,69.9,11.8,69.9,18.3
z_40.5_9.0,2028,3,2028-T3,Diminution,74.8,9.8,74.8,15.4
z_40.5_9.0,2028,4,2028-T4,Diminution,68.5,13.2,68.5,18.3
z_40.5_9.0,2029,1,2029-T1,Diminution,67.1,11.6,67.1,21.4
z_40.5_9.0,2029,2,2029-T2,Diminution,69.7,12.4,69.7,17.9
z_40.5_9.0,2029,3,2029-T3,Diminution,71.3,12.9,71.3,15.7
z_40.5_9.0,2029,4,2029-T4,Diminution,69.8,11.7,69.8,18.5
z_40.5_9.0,2030,1,2030-T1,Diminution,66.7,12.3,66.7,21.1
z_40.5_9.0,2030,2,2030-T2,Diminution,70.6,11.6,70.6,17.8
z_40.5_9.0,2030,3,2030-T3,Diminution,73.4,10.7,73.4,15.9
z_40.5_9.0,2030,4,2030-T4,Diminution,69.5,12.0,69.5,18.4
z_42.0_-10.5,2023,1,2023-T1,Diminution,57.0,23.5,57.0,19.5
z_42.0_-10.5,2023,2,2023-T2,Diminution,55.7,24.4,55.7,19.9
z_42.0_-10.5,2023,3,2023-T3,Augmentation,55.7,55.7,6.9,37.4
z_42.0_-10.5,2023,4,2023-T4,Augmentation,36.3,36.3,46.8,16.8
z_42.0_-10.5,2024,1,2024-T1,Diminution,52.7,31.0,52.7,16.3
z_42.0_-10.5,2024,2,2024-T2,Diminution,46.9,34.1,46.9,19.0
z_42.0_-10.5,2024,3,2024-T3,Augmentation,63.9,63.9,7.8,28.3
z_42.0_-10.5,2024,4,2024-T4,Diminution,48.9,35.6,48.9,15.5
z_42.0_-10.5,2025,1,2025-T1,Augmentation,38.5,38.5,44.8,16.7
z_42.0_-10.5,2025,2,2025-T2,Augmentation,34.3,34.3,45.4,20.2
z_42.0_-10.5,2025,3,2025-T3,Augmentation,73.4,73.4,8.0,18.6
z_42.0_-10.5,2025,4,2025-T4,Diminution,50.2,32.5,50.2,17.4
z_42.0_-10.5,2026,1,2026-T1,Diminution,47.8,33.5,47.8,18.7
z_42.0_-10.5,2026,2,2026-T2,Diminution,48.1,30.6,48.1,21.3
z_42.0_-10.5,2026,3,2026-T3,Augmentation,53.8,53.8,8.2,38.0
z_42.0_-10.5,2026,4,2026-T4,Diminution,48.9,34.5,48.9,16.6
z_42.0_-10.5,2027,1,2027-T1,Diminution,54.1,27.2,54.1,18.8
z_42.0_-10.5,2027,2,2027-T2,Diminution,54.7,27.3,54.7,18.0
z_42.0_-10.5,2027,3,2027-T3,Augmentation,56.9,56.9,6.7,36.4
z_42.0_-10.5,2027,4,2027-T4,Diminution,56.9,24.2,56.9,18.9
z_42.0_-10.5,2028,1,2028-T1,Diminution,49.4,33.5,49.4,17.1
z_42.0_-10.5,2028,2,2028-T2,Diminution,55.3,27.1,55.3,17.6
z_42.0_-10.5,2028,3,2028-T3,Augmentation,57.2,57.2,5.8,37.0
z_42.0_-10.5,2028,4,2028-T4,Diminution,53.9,28.1,53.9,17.9
z_42.0_-10.5,2029,1,2029-T1,Diminution,50.6,32.1,50.6,17.3
z_42.0_-10.5,2029,2,2029-T2,Diminution,53.4,29.4,53.4,17.2
z_42.0_-10.5,2029,3,2029-T3,Augmentation,60.2,60.2,6.0,33.8
z_42.0_-10.5,2029,4,2029-T4,Diminution,53.2,29.9,53.2,17.0
z_42.0_-10.5,2030,1,2030-T1,Diminution,53.0,28.8,53.0,18.2
z_42.0_-10.5,2030,2,2030-T2,Diminution,54.4,26.9,54.4,18.7
z_42.0_-10.5,2030,3,2030-T3,Augmentation,59.8,59.8,6.3,33.9
z_42.0_-10.5,2030,4,2030-T4,Diminution,53.9,28.3,53.9,17.8
z_42.0_-24.0,2023,1,2023-T1,Stable,93.0,3.9,3.1,93.0
z_42.0_-24.0,2023,2,2023-T2,Stable,95.5,2.3,2.2,95.5
z_42.0_-24.0,2023,3,2023-T3,Stable,94.4,2.8,2.7,94.4
z_42.0_-24.0,2023,4,2023-T4,Stable,94.0,3.4,2.7,94.0
z_42.0_-24.0,2024,1,2024-T1,Stable,93.0,3.9,3.1,93.0
z_42.0_-24.0,2024,2,2024-T2,Stable,95.5,2.3,2.2,95.5
z_42.0_-24.0,2024,3,2024-T3,Stable,94.4,2.8,2.7,94.4
z_42.0_-24.0,2024,4,2024-T4,Stable,94.0,3.4,2.7,94.0
z_42.0_-24.0,2025,1,2025-T1,Stable,93.0,3.9,3.1,93.0
z_42.0_-24.0,2025,2,2025-T2,Stable,95.5,2.3,2.2,95.5
z_42.0_-24.0,2025,3,2025-T3,Stable,93.0,3.5,3.5,93.0
z_42.0_-24.0,2025,4,2025-T4,Stable,92.5,4.6,2.9,92.5
z_42.0_-24.0,2026,1,2026-T1,Stable,93.6,4.1,2.2,93.6
z_42.0_-24.0,2026,2,2026-T2,Stable,89.4,8.3,2.4,89.4
z_42.0_-24.0,2026,3,2026-T3,Stable,94.4,2.8,2.7,94.4
z_42.0_-24.0,2026,4,2026-T4,Stable,94.0,3.4,2.7,94.0
z_42.0_-24.0,2027,1,2027-T1,Stable,93.0,3.9,3.1,93.0
z_42.0_-24.0,2027,2,2027-T2,Stable,95.2,2.6,2.2,95.2
z_42.0_-24.0,2027,3,2027-T3,Stable,94.4,2.8,2.7,94.4
z_42.0_-24.0,2027,4,2027-T4,Stable,94.0,3.4,2.7,94.0
z_42.0_-24.0,2028,1,2028-T1,Stable,93.0,3.9,3.1,93.0
z_42.0_-24.0,2028,2,2028-T2,Stable,94.7,2.7,2.7,94.7
z_42.0_-24.0,2028,3,2028-T3,Stable,94.4,2.8,2.7,94.4
z_42.0_-24.0,2028,4,2028-T4,Stable,94.0,3.4,2.7,94.0
z_42.0_-24.0,2029,1,2029-T1,Stable,93.0,3.9,3.1,93.0
z_42.0_-24.0,2029,2,2029-T2,Stable,93.0,4.2,2.8,93.0
z_42.0_-24.0,2029,3,2029-T3,Stable,94.4,2.8,2.7,94.4
z_42.0_-24.0,2029,4,2029-T4,Stable,94.0,3.4,2.7,94.0
z_42.0_-24.0,2030,1,2030-T1,Stable,93.0,3.9,3.1,93.0
z_42.0_-24.0,2030,2,2030-T2,Stable,93.1,4.2,2.7,93.1
z_42.0_-24.0,2030,3,2030-T3,Stable,94.4,2.8,2.7,94.4
z_42.0_-24.0,2030,4,2030-T4,Stable,94.0,3.4,2.7,94.0
z_42.0_-3.0,2023,1,2023-T1,Stable,59.8,30.7,9.5,59.8
z_42.0_-3.0,2023,2,2023-T2,Diminution,65.5,14.1,65.5,20.4
z_42.0_-3.0,2023,3,2023-T3,Augmentation,56.4,56.4,3.4,40.2
z_42.0_-3.0,2023,4,2023-T4,Augmentation,47.7,47.7,5.1,47.2
z_42.0_-3.0,2024,1,2024-T1,Stable,51.1,45.4,3.4,51.1
z_42.0_-3.0,2024,2,2024-T2,Diminution,60.3,18.7,60.3,21.0
z_42.0_-3.0,2024,3,2024-T3,Stable,47.1,46.8,6.0,47.1
z_42.0_-3.0,2024,4,2024-T4,Augmentation,62.2,62.2,5.9,32.0
z_42.0_-3.0,2025,1,2025-T1,Stable,46.2,46.2,7.6,46.2
z_42.0_-3.0,2025,2,2025-T2,Diminution,55.6,23.9,55.6,20.5
z_42.0_-3.0,2025,3,2025-T3,Stable,55.3,40.3,4.4,55.3
z_42.0_-3.0,2025,4,2025-T4,Stable,53.3,37.1,9.7,53.3
z_42.0_-3.0,2026,1,2026-T1,Stable,60.7,27.9,11.4,60.7
z_42.0_-3.0,2026,2,2026-T2,Diminution,68.9,14.3,68.9,16.8
z_42.0_-3.0,2026,3,2026-T3,Stable,58.6,32.9,8.5,58.6
z_42.0_-3.0,2026,4,2026-T4,Augmentation,48.4,48.4,4.3,47.3
z_42.0_-3.0,2027,1,2027-T1,Stable,50.7,45.5,3.8,50.7
z_42.0_-3.0,2027,2,2027-T2,Diminution,56.1,24.9,56.1,19.0
z_42.0_-3.0,2027,3,2027-T3,Stable,55.8,40.2,4.0,55.8
z_42.0_-3.0,2027,4,2027-T4,Stable,49.8,45.5,4.7,49.8
z_42.0_-3.0,2028,1,2028-T1,Augmentation,47.9,47.9,4.4,47.6
z_42.0_-3.0,2028,2,2028-T2,Diminution,55.0,27.8,55.0,17.2
z_42.0_-3.0,2028,3,2028-T3,Stable,52.6,43.0,4.5,52.6
z_42.0_-3.0,2028,4,2028-T4,Augmentation,48.5,48.5,4.8,46.7
z_42.0_-3.0,2029,1,2029-T1,Stable,49.8,45.3,4.8,49.8
z_42.0_-3.0,2029,2,2029-T2,Diminution,56.8,23.7,56.8,19.5
z_42.0_-3.0,2029,3,2029-T3,Stable,54.5,40.8,4.7,54.5
z_42.0_-3.0,2029,4,2029-T4,Stable,49.5,45.7,4.9,49.5
z_42.0_-3.0,2030,1,2030-T1,Stable,50.9,44.5,4.6,50.9
z_42.0_-3.0,2030,2,2030-T2,Diminution,59.5,21.9,59.5,18.6
z_42.0_-3.0,2030,3,2030-T3,Stable,55.2,40.4,4.4,55.2
z_42.0_-3.0,2030,4,2030-T4,Stable,49.7,45.4,4.8,49.7
z_42.0_-36.0,2023,1,2023-T1,Stable,97.8,0.2,2.1,97.8
z_42.0_-36.0,2023,2,2023-T2,Stable,97.8,0.1,2.1,97.8
z_42.0_-36.0,2023,3,2023-T3,Stable,95.5,0.4,4.1,95.5
z_42.0_-36.0,2023,4,2023-T4,Stable,96.9,0.5,2.5,96.9
z_42.0_-36.0,2024,1,2024-T1,Stable,97.7,0.8,1.5,97.7
z_42.0_-36.0,2024,2,2024-T2,Stable,95.5,1.5,3.1,95.5
z_42.0_-36.0,2024,3,2024-T3,Stable,97.6,0.2,2.2,97.6
z_42.0_-36.0,2024,4,2024-T4,Stable,97.8,0.2,2.1,97.8
z_42.0_-36.0,2025,1,2025-T1,Stable,97.8,0.2,2.1,97.8
z_42.0_-36.0,2025,2,2025-T2,Stable,96.2,0.4,3.4,96.2
z_42.0_-36.0,2025,3,2025-T3,Stable,97.6,0.2,2.2,97.6
z_42.0_-36.0,2025,4,2025-T4,Stable,97.8,0.2,2.1,97.8
z_42.0_-36.0,2026,1,2026-T1,Stable,97.8,0.2,2.1,97.8
z_42.0_-36.0,2026,2,2026-T2,Stable,96.1,0.2,3.7,96.1
z_42.0_-36.0,2026,3,2026-T3,Stable,97.6,0.2,2.2,97.6
z_42.0_-36.0,2026,4,2026-T4,Stable,97.8,0.2,2.1,97.8
z_42.0_-36.0,2027,1,2027-T1,Stable,97.8,0.2,2.1,97.8
z_42.0_-36.0,2027,2,2027-T2,Stable,97.7,0.2,2.1,97.7
z_42.0_-36.0,2027,3,2027-T3,Stable,97.6,0.2,2.2,97.6
z_42.0_-36.0,2027,4,2027-T4,Stable,97.8,0.2,2.1,97.8
z_42.0_-36.0,2028,1,2028-T1,Stable,97.8,0.2,2.1,97.8
z_42.0_-36.0,2028,2,2028-T2,Stable,96.6,0.4,3.0,96.6
z_42.0_-36.0,2028,3,2028-T3,Stable,97.6,0.2,2.2,97.6
z_42.0_-36.0,2028,4,2028-T4,Stable,97.8,0.2,2.1,97.8
z_42.0_-36.0,2029,1,2029-T1,Stable,97.8,0.2,2.1,97.8
z_42.0_-36.0,2029,2,2029-T2,Stable,97.8,0.1,2.1,97.8
z_42.0_-36.0,2029,3,2029-T3,Stable,97.6,0.2,2.2,97.6
z_42.0_-36.0,2029,4,2029-T4,Stable,97.8,0.2,2.1,97.8
z_42.0_-36.0,2030,1,2030-T1,Stable,97.8,0.2,2.1,97.8
z_42.0_-36.0,2030,2,2030-T2,Stable,97.8,0.1,2.1,97.8
z_42.0_-36.0,2030,3,2030-T3,Stable,97.6,0.2,2.2,97.6
z_42.0_-36.0,2030,4,2030-T4,Stable,97.8,0.2,2.1,97.8
z_42.0_-4.5,2023,1,2023-T1,Stable,85.6,11.3,3.1,85.6
z_42.0_-4.5,2023,2,2023-T2,Stable,66.3,28.2,5.4,66.3
z_42.0_-4.5,2023,3,2023-T3,Stable,66.2,29.7,4.1,66.2
z_42.0_-4.5,2023,4,2023-T4,Stable,70.1,21.7,8.2,70.1
z_42.0_-4.5,2024,1,2024-T1,Stable,74.7,19.6,5.7,74.7
z_42.0_-4.5,2024,2,2024-T2,Stable,78.1,17.0,4.9,78.1
z_42.0_-4.5,2024,3,2024-T3,Stable,91.8,5.9,2.4,91.8
z_42.0_-4.5,2024,4,2024-T4,Stable,79.8,14.4,5.8,79.8
z_42.0_-4.5,2025,1,2025-T1,Stable,69.9,21.9,8.2,69.9
z_42.0_-4.5,2025,2,2025-T2,Stable,63.7,30.6,5.7,63.7
z_42.0_-4.5,2025,3,2025-T3,Stable,64.2,27.3,8.5,64.2
z_42.0_-4.5,2025,4,2025-T4,Stable,70.1,25.6,4.3,70.1
z_42.0_-4.5,2026,1,2026-T1,Stable,83.4,9.3,7.2,83.4
z_42.0_-4.5,2026,2,2026-T2,Stable,81.0,15.1,3.9,81.0
z_42.0_-4.5,2026,3,2026-T3,Stable,88.5,8.9,2.5,88.5
z_42.0_-4.5,2026,4,2026-T4,Stable,73.6,21.7,4.7,73.6
z_42.0_-4.5,2027,1,2027-T1,Stable,82.1,13.2,4.7,82.1
z_42.0_-4.5,2027,2,2027-T2,Stable,81.3,15.1,3.6,81.3
z_42.0_-4.5,2027,3,2027-T3,Stable,90.0,7.3,2.7,90.0
z_42.0_-4.5,2027,4,2027-T4,Stable,78.2,16.4,5.5,78.2
z_42.0_-4.5,2028,1,2028-T1,Stable,84.2,11.9,3.8,84.2
z_42.0_-4.5,2028,2,2028-T2,Stable,81.3,15.1,3.6,81.3
z_42.0_-4.5,2028,3,2028-T3,Stable,86.8,10.8,2.4,86.8
z_42.0_-4.5,2028,4,2028-T4,Stable,77.1,18.4,4.5,77.1
z_42.0_-4.5,2029,1,2029-T1,Stable,85.9,11.5,2.6,85.9
z_42.0_-4.5,2029,2,2029-T2,Stable,81.3,15.1,3.6,81.3
z_42.0_-4.5,2029,3,2029-T3,Stable,89.8,7.7,2.5,89.8
z_42.0_-4.5,2029,4,2029-T4,Stable,78.4,18.5,3.1,78.4
z_42.0_-4.5,2030,1,2030-T1,Stable,86.0,11.1,2.8,86.0
z_42.0_-4.5,2030,2,2030-T2,Stable,81.3,15.1,3.6,81.3
z_42.0_-4.5,2030,3,2030-T3,Stable,90.9,6.7,2.4,90.9
z_42.0_-4.5,2030,4,2030-T4,Stable,77.2,20.2,2.6,77.2
z_42.0_-6.0,2023,1,2023-T1,Stable,94.1,2.2,3.7,94.1
z_42.0_-6.0,2023,2,2023-T2,Stable,96.1,1.2,2.7,96.1
z_42.0_-6.0,2023,3,2023-T3,Stable,92.6,3.0,4.4,92.6
z_42.0_-6.0,2023,4,2023-T4,Stable,90.4,5.8,3.8,90.4
z_42.0_-6.0,2024,1,2024-T1,Stable,94.6,2.8,2.6,94.6
z_42.0_-6.0,2024,2,2024-T2,Stable,92.1,5.0,2.9,92.1
z_42.0_-6.0,2024,3,2024-T3,Stable,95.0,1.8,3.3,95.0
z_42.0_-6.0,2024,4,2024-T4,Stable,94.9,2.0,3.1,94.9
z_42.0_-6.0,2025,1,2025-T1,Stable,94.1,2.2,3.7,94.1
z_42.0_-6.0,2025,2,2025-T2,Stable,96.0,1.3,2.7,96.0
z_42.0_-6.0,2025,3,2025-T3,Stable,93.2,2.7,4.2,93.2
z_42.0_-6.0,2025,4,2025-T4,Stable,92.8,3.9,3.3,92.8
z_42.0_-6.0,2026,1,2026-T1,Stable,94.6,2.8,2.6,94.6
z_42.0_-6.0,2026,2,2026-T2,Stable,92.7,4.3,3.0,92.7
z_42.0_-6.0,2026,3,2026-T3,Stable,95.0,1.8,3.3,95.0
z_42.0_-6.0,2026,4,2026-T4,Stable,94.9,2.0,3.1,94.9
z_42.0_-6.0,2027,1,2027-T1,Stable,94.1,2.2,3.7,94.1
z_42.0_-6.0,2027,2,2027-T2,Stable,95.2,1.8,3.0,95.2
z_42.0_-6.0,2027,3,2027-T3,Stable,95.0,1.8,3.3,95.0
z_42.0_-6.0,2027,4,2027-T4,Stable,94.9,2.0,3.1,94.9
z_42.0_-6.0,2028,1,2028-T1,Stable,94.1,2.2,3.7,94.1
z_42.0_-6.0,2028,2,2028-T2,Stable,93.2,2.9,3.9,93.2
z_42.0_-6.0,2028,3,2028-T3,Stable,95.0,1.8,3.3,95.0
z_42.0_-6.0,2028,4,2028-T4,Stable,94.9,2.0,3.1,94.9
z_42.0_-6.0,2029,1,2029-T1,Stable,94.1,2.2,3.7,94.1
z_42.0_-6.0,2029,2,2029-T2,Stable,95.2,1.7,3.0,95.2
z_42.0_-6.0,2029,3,2029-T3,Stable,95.0,1.8,3.3,95.0
z_42.0_-6.0,2029,4,2029-T4,Stable,94.9,2.0,3.1,94.9
z_42.0_-6.0,2030,1,2030-T1,Stable,94.1,2.2,3.7,94.1
z_42.0_-6.0,2030,2,2030-T2,Stable,94.6,2.1,3.3,94.6
z_42.0_-6.0,2030,3,2030-T3,Stable,95.0,1.8,3.3,95.0
z_42.0_-6.0,2030,4,2030-T4,Stable,94.9,2.0,3.1,94.9
z_42.0_-9.0,2023,1,2023-T1,Diminution,55.7,31.1,55.7,13.2
z_42.0_-9.0,2023,2,2023-T2,Diminution,65.1,23.0,65.1,12.0
z_42.0_-9.0,2023,3,2023-T3,Augmentation,49.8,49.8,33.6,16.6
z_42.0_-9.0,2023,4,2023-T4,Augmentation,50.7,50.7,34.9,14.4
z_42.0_-9.0,2024,1,2024-T1,Augmentation,48.7,48.7,34.8,16.5
z_42.0_-9.0,2024,2,2024-T2,Augmentation,35.8,35.8,44.8,19.3
z_42.0_-9.0,2024,3,2024-T3,Augmentation,41.5,41.5,40.6,17.8
z_42.0_-9.0,2024,4,2024-T4,Augmentation,49.9,49.9,35.2,14.9
z_42.0_-9.0,2025,1,2025-T1,Augmentation,51.9,51.9,35.2,12.9
z_42.0_-9.0,2025,2,2025-T2,Augmentation,42.9,42.9,44.0,13.1
z_42.0_-9.0,2025,3,2025-T3,Augmentation,38.9,38.9,41.3,19.8
z_42.0_-9.0,2025,4,2025-T4,Diminution,75.4,13.2,75.4,11.4
z_42.0_-9.0,2026,1,2026-T1,Diminution,77.7,11.9,77.7,10.4
z_42.0_-9.0,2026,2,2026-T2,Diminution,81.7,8.3,81.7,10.0
z_42.0_-9.0,2026,3,2026-T3,Diminution,48.8,35.7,48.8,15.5
z_42.0_-9.0,2026,4,2026-T4,Augmentation,37.7,37.7,44.6,17.7
z_42.0_-9.0,2027,1,2027-T1,Augmentation,39.8,39.8,42.8,17.4
z_42.0_-9.0,2027,2,2027-T2,Diminution,49.5,35.5,49.5,14.9
z_42.0_-9.0,2027,3,2027-T3,Augmentation,46.0,46.0,38.9,15.1
z_42.0_-9.0,2027,4,2027-T4,Augmentation,38.0,38.0,45.1,16.9
z_42.0_-9.0,2028,1,2028-T1,Augmentation,40.8,40.8,41.0,18.2
z_42.0_-9.0,2028,2,2028-T2,Diminution,51.6,32.5,51.6,15.8
z_42.0_-9.0,2028,3,2028-T3,Augmentation,44.7,44.7,38.0,17.3
z_42.0_-9.0,2028,4,2028-T4,Augmentation,38.8,38.8,43.8,17.4
z_42.0_-9.0,2029,1,2029-T1,Augmentation,34.8,34.8,46.2,19.0
z_42.0_-9.0,2029,2,2029-T2,Diminution,55.4,27.5,55.4,17.1
z_42.0_-9.0,2029,3,2029-T3,Augmentation,36.8,36.8,44.3,18.8
z_42.0_-9.0,2029,4,2029-T4,Diminution,49.0,32.5,49.0,18.4
z_42.0_-9.0,2030,1,2030-T1,Augmentation,42.3,42.3,39.7,18.1
z_42.0_-9.0,2030,2,2030-T2,Diminution,51.7,32.4,51.7,15.9
z_42.0_-9.0,2030,3,2030-T3,Augmentation,43.6,43.6,39.0,17.4
z_42.0_-9.0,2030,4,2030-T4,Augmentation,38.7,38.7,43.5,17.8
z_42.0_10.5,2023,1,2023-T1,Diminution,80.6,5.9,80.6,13.5
z_42.0_10.5,2023,2,2023-T2,Stable,64.5,20.9,14.6,64.5
z_42.0_10.5,2023,3,2023-T3,Diminution,81.0,4.7,81.0,14.2
z_42.0_10.5,2023,4,2023-T4,Stable,54.8,35.4,9.8,54.8
z_42.0_10.5,2024,1,2024-T1,Diminution,46.3,33.2,46.3,20.5
z_42.0_10.5,2024,2,2024-T2,Stable,47.6,46.3,6.2,47.6
z_42.0_10.5,2024,3,2024-T3,Diminution,54.8,23.9,54.8,21.3
z_42.0_10.5,2024,4,2024-T4,Stable,54.5,41.0,4.5,54.5
z_42.0_10.5,2025,1,2025-T1,Diminution,57.9,17.6,57.9,24.5
z_42.0_10.5,2025,2,2025-T2,Stable,64.4,29.1,6.6,64.4
z_42.0_10.5,2025,3,2025-T3,Diminution,54.6,19.7,54.6,25.7
z_42.0_10.5,2025,4,2025-T4,Augmentation,54.5,54.5,5.4,40.1
z_42.0_10.5,2026,1,2026-T1,Diminution,58.0,21.1,58.0,20.9
z_42.0_10.5,2026,2,2026-T2,Stable,64.7,25.8,9.5,64.7
z_42.0_10.5,2026,3,2026-T3,Diminution,74.4,6.9,74.4,18.6
z_42.0_10.5,2026,4,2026-T4,Stable,67.9,22.8,9.3,67.9
z_42.0_10.5,2027,1,2027-T1,Diminution,81.6,2.9,81.6,15.5
z_42.0_10.5,2027,2,2027-T2,Stable,69.8,19.9,10.3,69.8
z_42.0_10.5,2027,3,2027-T3,Diminution,78.5,3.4,78.5,18.1
z_42.0_10.5,2027,4,2027-T4,Stable,71.0,20.7,8.3,71.0
z_42.0_10.5,2028,1,2028-T1,Diminution,81.5,2.5,81.5,16.0
z_42.0_10.5,2028,2,2028-T2,Stable,72.2,16.8,11.0,72.2
z_42.0_10.5,2028,3,2028-T3,Diminution,80.1,3.8,80.1,16.1
z_42.0_10.5,2028,4,2028-T4,Stable,69.9,21.8,8.3,69.9
z_42.0_10.5,2029,1,2029-T1,Diminution,83.1,2.7,83.1,14.1
z_42.0_10.5,2029,2,2029-T2,Stable,74.2,16.6,9.2,74.2
z_42.0_10.5,2029,3,2029-T3,Diminution,82.5,2.9,82.5,14.6
z_42.0_10.5,2029,4,2029-T4,Stable,68.2,24.2,7.6,68.2
z_42.0_10.5,2030,1,2030-T1,Diminution,82.5,2.7,82.5,14.7
z_42.0_10.5,2030,2,2030-T2,Stable,72.4,17.9,9.7,72.4
z_42.0_10.5,2030,3,2030-T3,Diminution,82.7,3.3,82.7,14.0
z_42.0_10.5,2030,4,2030-T4,Stable,68.2,24.2,7.6,68.2
z_42.0_13.5,2023,1,2023-T1,Diminution,58.4,24.1,58.4,17.6
z_42.0_13.5,2023,2,2023-T2,Diminution,66.4,17.0,66.4,16.7
z_42.0_13.5,2023,3,2023-T3,Diminution,51.5,30.3,51.5,18.2
z_42.0_13.5,2023,4,2023-T4,Augmentation,60.3,60.3,3.8,36.0
z_42.0_13.5,2024,1,2024-T1,Diminution,50.4,28.9,50.4,20.7
z_42.0_13.5,2024,2,2024-T2,Diminution,56.5,22.6,56.5,20.9
z_42.0_13.5,2024,3,2024-T3,Diminution,47.3,31.2,47.3,21.4
z_42.0_13.5,2024,4,2024-T4,Augmentation,66.8,66.8,5.1,28.1
z_42.0_13.5,2025,1,2025-T1,Augmentation,34.3,34.3,44.4,21.3
z_42.0_13.5,2025,2,2025-T2,Diminution,48.7,31.4,48.7,19.9
z_42.0_13.5,2025,3,2025-T3,Diminution,56.4,24.2,56.4,19.4
z_42.0_13.5,2025,4,2025-T4,Stable,52.0,42.2,5.8,52.0
z_42.0_13.5,2026,1,2026-T1,Diminution,56.1,24.1,56.1,19.8
z_42.0_13.5,2026,2,2026-T2,Diminution,63.9,18.7,63.9,17.3
z_42.0_13.5,2026,3,2026-T3,Diminution,59.6,21.9,59.6,18.5
z_42.0_13.5,2026,4,2026-T4,Augmentation,48.3,48.3,6.6,45.1
z_42.0_13.5,2027,1,2027-T1,Diminution,55.3,26.1,55.3,18.6
z_42.0_13.5,2027,2,2027-T2,Diminution,55.9,26.4,55.9,17.8
z_42.0_13.5,2027,3,2027-T3,Diminution,55.0,28.0,55.0,17.0
z_42.0_13.5,2027,4,2027-T4,Stable,49.9,43.4,6.7,49.9
z_42.0_13.5,2028,1,2028-T1,Diminution,55.1,25.9,55.1,19.0
z_42.0_13.5,2028,2,2028-T2,Diminution,55.9,26.2,55.9,17.9
z_42.0_13.5,2028,3,2028-T3,Diminution,54.9,26.9,54.9,18.2
z_42.0_13.5,2028,4,2028-T4,Stable,49.3,45.0,5.7,49.3
z_42.0_13.5,2029,1,2029-T1,Diminution,55.2,25.7,55.2,19.1
z_42.0_13.5,2029,2,2029-T2,Diminution,58.2,22.1,58.2,19.8
z_42.0_13.5,2029,3,2029-T3,Diminution,61.0,20.5,61.0,18.5
z_42.0_13.5,2029,4,2029-T4,Stable,49.5,44.4,6.1,49.5
z_42.0_13.5,2030,1,2030-T1,Diminution,55.1,25.8,55.1,19.1
z_42.0_13.5,2030,2,2030-T2,Diminution,59.2,22.5,59.2,18.3
z_42.0_13.5,2030,3,2030-T3,Diminution,58.0,23.6,58.0,18.4
z_42.0_13.5,2030,4,2030-T4,Stable,50.6,43.1,6.3,50.6
z_42.0_15.0,2023,1,2023-T1,Augmentation,48.2,48.2,7.4,44.5
z_42.0_15.0,2023,2,2023-T2,Diminution,56.5,26.0,56.5,17.5
z_42.0_15.0,2023,3,2023-T3,Augmentation,59.7,59.7,8.1,32.2
z_42.0_15.0,2023,4,2023-T4,Augmentation,58.6,58.6,5.3,36.1
z_42.0_15.0,2024,1,2024-T1,Augmentation,52.1,52.1,6.8,41.1
z_42.0_15.0,2024,2,2024-T2,Augmentation,37.1,37.1,44.8,18.1
z_42.0_15.0,2024,3,2024-T3,Augmentation,67.0,67.0,7.8,25.2
z_42.0_15.0,2024,4,2024-T4,Augmentation,65.4,65.4,6.8,27.7
z_42.0_15.0,2025,1,2025-T1,Augmentation,71.3,71.3,7.9,20.8
z_42.0_15.0,2025,2,2025-T2,Augmentation,49.0,49.0,36.2,14.8
z_42.0_15.0,2025,3,2025-T3,Augmentation,69.2,69.2,7.5,23.3
z_42.0_15.0,2025,4,2025-T4,Augmentation,69.6,69.6,6.8,23.6
z_42.0_15.0,2026,1,2026-T1,Augmentation,63.1,63.1,8.4,28.4
z_42.0_15.0,2026,2,2026-T2,Augmentation,34.9,34.9,45.9,19.2
z_42.0_15.0,2026,3,2026-T3,Augmentation,65.7,65.7,8.2,26.1
z_42.0_15.0,2026,4,2026-T4,Augmentation,62.2,62.2,8.2,29.5
z_42.0_15.0,2027,1,2027-T1,Augmentation,65.9,65.9,7.0,27.1
z_42.0_15.0,2027,2,2027-T2,Augmentation,40.5,40.5,43.4,16.1
z_42.0_15.0,2027,3,2027-T3,Augmentation,74.4,74.4,7.7,17.9
z_42.0_15.0,2027,4,2027-T4,Augmentation,65.4,65.4,8.4,26.2
z_42.0_15.0,2028,1,2028-T1,Augmentation,67.8,67.8,8.6,23.6
z_42.0_15.0,2028,2,2028-T2,Augmentation,41.6,41.6,41.2,17.3
z_42.0_15.0,2028,3,2028-T3,Augmentation,74.6,74.6,7.9,17.5
z_42.0_15.0,2028,4,2028-T4,Augmentation,70.5,70.5,8.2,21.3
z_42.0_15.0,2029,1,2029-T1,Augmentation,68.0,68.0,8.4,23.6
z_42.0_15.0,2029,2,2029-T2,Augmentation,44.0,44.0,38.8,17.2
z_42.0_15.0,2029,3,2029-T3,Augmentation,76.8,76.8,7.7,15.5
z_42.0_15.0,2029,4,2029-T4,Augmentation,68.2,68.2,10.2,21.6
z_42.0_15.0,2030,1,2030-T1,Augmentation,68.0,68.0,8.4,23.6
z_42.0_15.0,2030,2,2030-T2,Augmentation,42.1,42.1,40.3,17.6
z_42.0_15.0,2030,3,2030-T3,Augmentation,76.0,76.0,8.0,16.0
z_42.0_15.0,2030,4,2030-T4,Augmentation,69.8,69.8,8.3,21.9
z_42.0_16.5,2023,1,2023-T1,Stable,90.2,4.9,4.9,90.2
z_42.0_16.5,2023,2,2023-T2,Diminution,86.1,1.0,86.1,12.9
z_42.0_16.5,2023,3,2023-T3,Stable,83.2,10.2,6.7,83.2
z_42.0_16.5,2023,4,2023-T4,Stable,77.5,15.2,7.3,77.5
z_42.0_16.5,2024,1,2024-T1,Stable,80.3,13.6,6.1,80.3
z_42.0_16.5,2024,2,2024-T2,Diminution,77.9,7.2,77.9,14.9
z_42.0_16.5,2024,3,2024-T3,Stable,83.6,10.3,6.1,83.6
z_42.0_16.5,2024,4,2024-T4,Stable,84.3,9.9,5.8,84.3
z_42.0_16.5,2025,1,2025-T1,Stable,82.1,12.6,5.3,82.1
z_42.0_16.5,2025,2,2025-T2,Diminution,74.9,7.9,74.9,17.3
z_42.0_16.5,2025,3,2025-T3,Stable,88.2,6.3,5.5,88.2
z_42.0_16.5,2025,4,2025-T4,Stable,86.9,8.7,4.4,86.9
z_42.0_16.5,2026,1,2026-T1,Stable,90.5,4.5,5.0,90.5
z_42.0_16.5,2026,2,2026-T2,Diminution,85.4,1.5,85.4,13.1
z_42.0_16.5,2026,3,2026-T3,Stable,87.5,5.3,7.3,87.5
z_42.0_16.5,2026,4,2026-T4,Stable,88.5,7.1,4.3,88.5
z_42.0_16.5,2027,1,2027-T1,Stable,90.5,4.5,5.0,90.5
z_42.0_16.5,2027,2,2027-T2,Diminution,85.5,1.3,85.5,13.1
z_42.0_16.5,2027,3,2027-T3,Stable,86.1,7.6,6.3,86.1
z_42.0_16.5,2027,4,2027-T4,Stable,89.3,5.7,5.0,89.3
z_42.0_16.5,2028,1,2028-T1,Stable,90.5,4.5,5.0,90.5
z_42.0_16.5,2028,2,2028-T2,Diminution,85.4,1.5,85.4,13.1
z_42.0_16.5,2028,3,2028-T3,Stable,87.9,6.1,5.9,87.9
z_42.0_16.5,2028,4,2028-T4,Stable,87.9,7.4,4.7,87.9
z_42.0_16.5,2029,1,2029-T1,Stable,90.5,4.5,5.0,90.5
z_42.0_16.5,2029,2,2029-T2,Diminution,86.2,1.1,86.2,12.7
z_42.0_16.5,2029,3,2029-T3,Stable,89.5,5.1,5.3,89.5
z_42.0_16.5,2029,4,2029-T4,Stable,90.1,5.6,4.2,90.1
z_42.0_16.5,2030,1,2030-T1,Stable,90.5,4.5,5.0,90.5
z_42.0_16.5,2030,2,2030-T2,Diminution,86.5,1.1,86.5,12.4
z_42.0_16.5,2030,3,2030-T3,Stable,89.5,5.1,5.3,89.5
z_42.0_16.5,2030,4,2030-T4,Stable,90.4,5.2,4.4,90.4
z_42.0_18.0,2023,1,2023-T1,Stable,89.3,5.9,4.9,89.3
z_42.0_18.0,2023,2,2023-T2,Stable,84.6,4.3,11.2,84.6
z_42.0_18.0,2023,3,2023-T3,Stable,89.6,7.4,2.9,89.6
z_42.0_18.0,2023,4,2023-T4,Stable,94.0,3.4,2.6,94.0
z_42.0_18.0,2024,1,2024-T1,Stable,93.0,3.9,3.1,93.0
z_42.0_18.0,2024,2,2024-T2,Stable,94.9,3.3,1.8,94.9
z_42.0_18.0,2024,3,2024-T3,Stable,90.8,5.6,3.6,90.8
z_42.0_18.0,2024,4,2024-T4,Stable,92.2,4.5,3.3,92.2
z_42.0_18.0,2025,1,2025-T1,Stable,90.5,5.6,3.9,90.5
z_42.0_18.0,2025,2,2025-T2,Stable,96.0,2.6,1.3,96.0
z_42.0_18.0,2025,3,2025-T3,Stable,89.6,5.6,4.7,89.6
z_42.0_18.0,2025,4,2025-T4,Stable,94.0,3.4,2.6,94.0
z_42.0_18.0,2026,1,2026-T1,Stable,93.0,3.9,3.1,93.0
z_42.0_18.0,2026,2,2026-T2,Stable,94.9,3.3,1.8,94.9
z_42.0_18.0,2026,3,2026-T3,Stable,90.9,5.5,3.6,90.9
z_42.0_18.0,2026,4,2026-T4,Stable,94.0,3.4,2.6,94.0
z_42.0_18.0,2027,1,2027-T1,Stable,93.0,3.9,3.1,93.0
z_42.0_18.0,2027,2,2027-T2,Stable,94.9,3.3,1.8,94.9
z_42.0_18.0,2027,3,2027-T3,Stable,90.6,5.4,4.0,90.6
z_42.0_18.0,2027,4,2027-T4,Stable,94.0,3.4,2.6,94.0
z_42.0_18.0,2028,1,2028-T1,Stable,93.0,3.9,3.1,93.0
z_42.0_18.0,2028,2,2028-T2,Stable,94.9,3.3,1.8,94.9
z_42.0_18.0,2028,3,2028-T3,Stable,91.3,6.1,2.6,91.3
z_42.0_18.0,2028,4,2028-T4,Stable,94.0,3.4,2.6,94.0
z_42.0_18.0,2029,1,2029-T1,Stable,93.0,3.9,3.1,93.0
z_42.0_18.0,2029,2,2029-T2,Stable,94.9,3.3,1.8,94.9
z_42.0_18.0,2029,3,2029-T3,Stable,92.0,5.5,2.5,92.0
z_42.0_18.0,2029,4,2029-T4,Stable,94.0,3.4,2.6,94.0
z_42.0_18.0,2030,1,2030-T1,Stable,93.0,3.9,3.1,93.0
z_42.0_18.0,2030,2,2030-T2,Stable,94.9,3.3,1.8,94.9
z_42.0_18.0,2030,3,2030-T3,Stable,92.8,4.8,2.3,92.8
z_42.0_18.0,2030,4,2030-T4,Stable,94.0,3.4,2.6,94.0
z_42.0_27.0,2023,1,2023-T1,Stable,48.1,45.9,6.0,48.1
z_42.0_27.0,2023,2,2023-T2,Augmentation,55.5,55.5,6.0,38.5
z_42.0_27.0,2023,3,2023-T3,Stable,48.2,46.8,4.9,48.2
z_42.0_27.0,2023,4,2023-T4,Augmentation,54.6,54.6,5.9,39.5
z_42.0_27.0,2024,1,2024-T1,Stable,57.7,33.4,8.9,57.7
z_42.0_27.0,2024,2,2024-T2,Stable,47.6,47.1,5.3,47.6
z_42.0_27.0,2024,3,2024-T3,Stable,61.8,31.2,7.0,61.8
z_42.0_27.0,2024,4,2024-T4,Stable,53.8,33.5,12.6,53.8
z_42.0_27.0,2025,1,2025-T1,Stable,69.7,20.2,10.1,69.7
z_42.0_27.0,2025,2,2025-T2,Stable,64.8,18.2,17.0,64.8
z_42.0_27.0,2025,3,2025-T3,Stable,70.2,20.1,9.7,70.2
z_42.0_27.0,2025,4,2025-T4,Stable,48.6,33.7,17.7,48.6
z_42.0_27.0,2026,1,2026-T1,Stable,70.9,18.7,10.4,70.9
z_42.0_27.0,2026,2,2026-T2,Stable,67.1,19.8,13.2,67.1
z_42.0_27.0,2026,3,2026-T3,Stable,65.3,26.6,8.1,65.3
z_42.0_27.0,2026,4,2026-T4,Stable,55.7,36.1,8.1,55.7
z_42.0_27.0,2027,1,2027-T1,Stable,68.4,27.5,4.1,68.4
z_42.0_27.0,2027,2,2027-T2,Stable,52.4,40.8,6.8,52.4
z_42.0_27.0,2027,3,2027-T3,Stable,67.4,28.6,3.9,67.4
z_42.0_27.0,2027,4,2027-T4,Stable,59.8,32.6,7.6,59.8
z_42.0_27.0,2028,1,2028-T1,Stable,66.0,30.3,3.7,66.0
z_42.0_27.0,2028,2,2028-T2,Stable,64.9,28.4,6.8,64.9
z_42.0_27.0,2028,3,2028-T3,Stable,64.7,31.6,3.7,64.7
z_42.0_27.0,2028,4,2028-T4,Stable,58.3,34.9,6.8,58.3
z_42.0_27.0,2029,1,2029-T1,Stable,65.5,30.6,3.9,65.5
z_42.0_27.0,2029,2,2029-T2,Stable,63.6,29.5,6.9,63.6
z_42.0_27.0,2029,3,2029-T3,Stable,68.4,27.8,3.8,68.4
z_42.0_27.0,2029,4,2029-T4,Stable,63.3,29.3,7.4,63.3
z_42.0_27.0,2030,1,2030-T1,Stable,68.6,27.6,3.9,68.6
z_42.0_27.0,2030,2,2030-T2,Stable,65.0,28.5,6.6,65.0
z_42.0_27.0,2030,3,2030-T3,Stable,68.7,27.4,3.9,68.7
z_42.0_27.0,2030,4,2030-T4,Stable,63.8,28.5,7.7,63.8
z_42.0_28.5,2023,1,2023-T1,Stable,96.1,0.9,3.0,96.1
z_42.0_28.5,2023,2,2023-T2,Stable,96.5,0.3,3.2,96.5
z_42.0_28.5,2023,3,2023-T3,Stable,96.8,0.5,2.7,96.8
z_42.0_28.5,2023,4,2023-T4,Stable,93.0,1.9,5.1,93.0
z_42.0_28.5,2024,1,2024-T1,Stable,90.0,3.6,6.4,90.0
z_42.0_28.5,2024,2,2024-T2,Stable,98.5,0.1,1.4,98.5
z_42.0_28.5,2024,3,2024-T3,Stable,94.6,1.8,3.7,94.6
z_42.0_28.5,2024,4,2024-T4,Stable,97.7,0.2,2.1,97.7
z_42.0_28.5,2025,1,2025-T1,Stable,96.4,0.6,3.0,96.4
z_42.0_28.5,2025,2,2025-T2,Stable,98.0,0.1,1.9,98.0
z_42.0_28.5,2025,3,2025-T3,Stable,96.5,0.4,3.1,96.5
z_42.0_28.5,2025,4,2025-T4,Stable,97.7,0.2,2.1,97.7
z_42.0_28.5,2026,1,2026-T1,Stable,96.1,0.7,3.2,96.1
z_42.0_28.5,2026,2,2026-T2,Stable,98.0,0.1,1.9,98.0
z_42.0_28.5,2026,3,2026-T3,Stable,96.2,0.3,3.5,96.2
z_42.0_28.5,2026,4,2026-T4,Stable,97.7,0.2,2.1,97.7
z_42.0_28.5,2027,1,2027-T1,Stable,97.6,0.2,2.2,97.6
z_42.0_28.5,2027,2,2027-T2,Stable,98.0,0.1,1.9,98.0
z_42.0_28.5,2027,3,2027-T3,Stable,97.6,0.2,2.2,97.6
z_42.0_28.5,2027,4,2027-T4,Stable,97.7,0.2,2.1,97.7
z_42.0_28.5,2028,1,2028-T1,Stable,96.1,0.9,3.0,96.1
z_42.0_28.5,2028,2,2028-T2,Stable,98.0,0.1,1.9,98.0
z_42.0_28.5,2028,3,2028-T3,Stable,96.6,0.3,3.1,96.6
z_42.0_28.5,2028,4,2028-T4,Stable,97.7,0.2,2.1,97.7
z_42.0_28.5,2029,1,2029-T1,Stable,97.8,0.2,2.0,97.8
z_42.0_28.5,2029,2,2029-T2,Stable,98.0,0.1,1.9,98.0
z_42.0_28.5,2029,3,2029-T3,Stable,97.6,0.2,2.2,97.6
z_42.0_28.5,2029,4,2029-T4,Stable,97.7,0.2,2.1,97.7
z_42.0_28.5,2030,1,2030-T1,Stable,97.8,0.2,2.0,97.8
z_42.0_28.5,2030,2,2030-T2,Stable,98.0,0.1,1.9,98.0
z_42.0_28.5,2030,3,2030-T3,Stable,97.6,0.2,2.2,97.6
z_42.0_28.5,2030,4,2030-T4,Stable,97.7,0.2,2.1,97.7
z_42.0_3.0,2023,1,2023-T1,Diminution,62.0,26.2,62.0,11.7
z_42.0_3.0,2023,2,2023-T2,Augmentation,37.0,37.0,44.3,18.8
z_42.0_3.0,2023,3,2023-T3,Augmentation,40.0,40.0,44.1,15.9
z_42.0_3.0,2023,4,2023-T4,Augmentation,48.7,48.7,35.5,15.8
z_42.0_3.0,2024,1,2024-T1,Augmentation,42.8,42.8,44.2,13.0
z_42.0_3.0,2024,2,2024-T2,Augmentation,56.2,56.2,29.6,14.2
z_42.0_3.0,2024,3,2024-T3,Augmentation,49.0,49.0,31.0,20.0
z_42.0_3.0,2024,4,2024-T4,Augmentation,60.5,60.5,26.6,12.9
z_42.0_3.0,2025,1,2025-T1,Augmentation,37.7,37.7,47.7,14.6
z_42.0_3.0,2025,2,2025-T2,Augmentation,60.9,60.9,22.3,16.8
z_42.0_3.0,2025,3,2025-T3,Augmentation,56.4,56.4,32.0,11.6
z_42.0_3.0,2025,4,2025-T4,Diminution,63.0,23.1,63.0,13.9
z_42.0_3.0,2026,1,2026-T1,Diminution,80.9,7.4,80.9,11.7
z_42.0_3.0,2026,2,2026-T2,Diminution,79.8,8.8,79.8,11.3
z_42.0_3.0,2026,3,2026-T3,Diminution,57.3,27.7,57.3,14.9
z_42.0_3.0,2026,4,2026-T4,Diminution,52.8,29.8,52.8,17.4
z_42.0_3.0,2027,1,2027-T1,Augmentation,36.3,36.3,45.7,17.9
z_42.0_3.0,2027,2,2027-T2,Augmentation,37.6,37.6,45.1,17.2
z_42.0_3.0,2027,3,2027-T3,Augmentation,47.3,47.3,38.2,14.5
z_42.0_3.0,2027,4,2027-T4,Augmentation,46.2,46.2,39.0,14.8
z_42.0_3.0,2028,1,2028-T1,Diminution,49.1,34.7,49.1,16.3
z_42.0_3.0,2028,2,2028-T2,Augmentation,42.7,42.7,40.2,17.1
z_42.0_3.0,2028,3,2028-T3,Augmentation,45.9,45.9,40.2,13.9
z_42.0_3.0,2028,4,2028-T4,Augmentation,40.4,40.4,41.5,18.1
z_42.0_3.0,2029,1,2029-T1,Augmentation,41.4,41.4,43.8,14.8
z_42.0_3.0,2029,2,2029-T2,Augmentation,39.3,39.3,44.2,16.5
z_42.0_3.0,2029,3,2029-T3,Augmentation,39.6,39.6,44.7,15.6
z_42.0_3.0,2029,4,2029-T4,Augmentation,40.4,40.4,43.0,16.7
z_42.0_3.0,2030,1,2030-T1,Diminution,48.7,36.3,48.7,15.0
z_42.0_3.0,2030,2,2030-T2,Augmentation,44.2,44.2,39.7,16.1
z_42.0_3.0,2030,3,2030-T3,Augmentation,43.7,43.7,41.6,14.7
z_42.0_3.0,2030,4,2030-T4,Augmentation,44.7,44.7,39.3,16.0
z_42.0_4.5,2023,1,2023-T1,Augmentation,42.3,42.3,42.5,15.1
z_42.0_4.5,2023,2,2023-T2,Stable,43.1,36.2,20.7,43.1
z_42.0_4.5,2023,3,2023-T3,Stable,43.6,37.0,19.4,43.6
z_42.0_4.5,2023,4,2023-T4,Diminution,51.2,37.4,51.2,11.3
z_42.0_4.5,2024,1,2024-T1,Augmentation,52.3,52.3,37.5,10.2
z_42.0_4.5,2024,2,2024-T2,Augmentation,73.8,73.8,6.5,19.6
z_42.0_4.5,2024,3,2024-T3,Augmentation,66.4,66.4,10.7,22.9
z_42.0_4.5,2024,4,2024-T4,Augmentation,40.4,40.4,46.6,13.0
z_42.0_4.5,2025,1,2025-T1,Diminution,71.4,18.2,71.4,10.5
z_42.0_4.5,2025,2,2025-T2,Augmentation,50.5,50.5,18.7,30.8
z_42.0_4.5,2025,3,2025-T3,Stable,46.6,33.4,20.0,46.6
z_42.0_4.5,2025,4,2025-T4,Diminution,92.2,2.9,92.2,4.9
z_42.0_4.5,2026,1,2026-T1,Diminution,85.8,4.7,85.8,9.5
z_42.0_4.5,2026,2,2026-T2,Stable,42.5,42.3,15.2,42.5
z_42.0_4.5,2026,3,2026-T3,Stable,55.3,35.4,9.3,55.3
z_42.0_4.5,2026,4,2026-T4,Diminution,66.6,16.3,66.6,17.1
z_42.0_4.5,2027,1,2027-T1,Diminution,69.1,13.8,69.1,17.1
z_42.0_4.5,2027,2,2027-T2,Stable,46.9,45.6,7.5,46.9
z_42.0_4.5,2027,3,2027-T3,Stable,47.0,46.8,6.2,47.0
z_42.0_4.5,2027,4,2027-T4,Diminution,66.4,18.6,66.4,15.0
z_42.0_4.5,2028,1,2028-T1,Diminution,68.2,14.4,68.2,17.4
z_42.0_4.5,2028,2,2028-T2,Augmentation,47.3,47.3,6.6,46.2
z_42.0_4.5,2028,3,2028-T3,Augmentation,47.8,47.8,6.7,45.5
z_42.0_4.5,2028,4,2028-T4,Diminution,68.9,15.6,68.9,15.5
z_42.0_4.5,2029,1,2029-T1,Diminution,69.3,13.5,69.3,17.1
z_42.0_4.5,2029,2,2029-T2,Stable,47.3,46.6,6.1,47.3
z_42.0_4.5,2029,3,2029-T3,Augmentation,48.2,48.2,6.0,45.8
z_42.0_4.5,2029,4,2029-T4,Diminution,70.0,14.6,70.0,15.4
z_42.0_4.5,2030,1,2030-T1,Diminution,68.6,14.7,68.6,16.6
z_42.0_4.5,2030,2,2030-T2,Stable,50.0,44.6,5.4,50.0
z_42.0_4.5,2030,3,2030-T3,Stable,47.9,46.0,6.1,47.9
z_42.0_4.5,2030,4,2030-T4,Diminution,71.3,14.1,71.3,14.7
z_42.0_6.0,2023,1,2023-T1,Stable,58.0,36.0,6.0,58.0
z_42.0_6.0,2023,2,2023-T2,Diminution,59.3,17.9,59.3,22.8
z_42.0_6.0,2023,3,2023-T3,Augmentation,59.1,59.1,2.9,38.0
z_42.0_6.0,2023,4,2023-T4,Stable,51.7,42.1,6.2,51.7
z_42.0_6.0,2024,1,2024-T1,Stable,49.8,45.5,4.7,49.8
z_42.0_6.0,2024,2,2024-T2,Diminution,69.1,11.0,69.1,19.9
z_42.0_6.0,2024,3,2024-T3,Stable,56.3,38.2,5.5,56.3
z_42.0_6.0,2024,4,2024-T4,Stable,55.9,40.7,3.4,55.9
z_42.0_6.0,2025,1,2025-T1,Augmentation,58.4,58.4,3.0,38.5
z_42.0_6.0,2025,2,2025-T2,Diminution,77.8,6.8,77.8,15.3
z_42.0_6.0,2025,3,2025-T3,Stable,69.2,18.1,12.7,69.2
z_42.0_6.0,2025,4,2025-T4,Stable,73.0,19.9,7.2,73.0
z_42.0_6.0,2026,1,2026-T1,Stable,68.5,24.4,7.1,68.5
z_42.0_6.0,2026,2,2026-T2,Diminution,69.4,11.2,69.4,19.4
z_42.0_6.0,2026,3,2026-T3,Stable,49.4,45.8,4.8,49.4
z_42.0_6.0,2026,4,2026-T4,Stable,62.1,34.2,3.7,62.1
z_42.0_6.0,2027,1,2027-T1,Stable,58.1,37.2,4.6,58.1
z_42.0_6.0,2027,2,2027-T2,Diminution,68.8,12.0,68.8,19.2
z_42.0_6.0,2027,3,2027-T3,Stable,60.5,34.1,5.4,60.5
z_42.0_6.0,2027,4,2027-T4,Stable,61.7,33.1,5.2,61.7
z_42.0_6.0,2028,1,2028-T1,Stable,56.5,38.7,4.7,56.5
z_42.0_6.0,2028,2,2028-T2,Diminution,68.8,11.2,68.8,20.0
z_42.0_6.0,2028,3,2028-T3,Stable,59.4,35.6,5.1,59.4
z_42.0_6.0,2028,4,2028-T4,Stable,62.1,33.1,4.8,62.1
z_42.0_6.0,2029,1,2029-T1,Stable,54.2,41.5,4.3,54.2
z_42.0_6.0,2029,2,2029-T2,Diminution,68.2,11.6,68.2,20.2
z_42.0_6.0,2029,3,2029-T3,Stable,59.2,36.1,4.7,59.2
z_42.0_6.0,2029,4,2029-T4,Stable,63.6,31.3,5.1,63.6
z_42.0_6.0,2030,1,2030-T1,Stable,56.5,38.9,4.6,56.5
z_42.0_6.0,2030,2,2030-T2,Diminution,68.9,11.4,68.9,19.8
z_42.0_6.0,2030,3,2030-T3,Stable,60.5,34.7,4.8,60.5
z_42.0_6.0,2030,4,2030-T4,Stable,64.2,30.9,4.9,64.2
z_42.0_7.5,2023,1,2023-T1,Stable,94.9,2.1,3.0,94.9
z_42.0_7.5,2023,2,2023-T2,Stable,78.0,12.1,10.0,78.0
z_42.0_7.5,2023,3,2023-T3,Stable,89.8,2.6,7.6,89.8
z_42.0_7.5,2023,4,2023-T4,Stable,92.2,2.4,5.4,92.2
z_42.0_7.5,2024,1,2024-T1,Stable,97.6,0.7,1.7,97.6
z_42.0_7.5,2024,2,2024-T2,Stable,81.1,10.1,8.8,81.1
z_42.0_7.5,2024,3,2024-T3,Stable,90.0,1.9,8.1,90.0
z_42.0_7.5,2024,4,2024-T4,Stable,92.5,2.3,5.2,92.5
z_42.0_7.5,2025,1,2025-T1,Stable,97.6,0.7,1.7,97.6
z_42.0_7.5,2025,2,2025-T2,Stable,82.1,9.0,8.8,82.1
z_42.0_7.5,2025,3,2025-T3,Stable,93.9,0.9,5.2,93.9
z_42.0_7.5,2025,4,2025-T4,Stable,94.9,1.5,3.5,94.9
z_42.0_7.5,2026,1,2026-T1,Stable,97.3,0.2,2.4,97.3
z_42.0_7.5,2026,2,2026-T2,Stable,80.1,9.9,10.0,80.1
z_42.0_7.5,2026,3,2026-T3,Stable,92.3,1.3,6.4,92.3
z_42.0_7.5,2026,4,2026-T4,Stable,94.9,1.5,3.5,94.9
z_42.0_7.5,2027,1,2027-T1,Stable,97.3,0.2,2.4,97.3
z_42.0_7.5,2027,2,2027-T2,Stable,80.5,10.3,9.2,80.5
z_42.0_7.5,2027,3,2027-T3,Stable,95.2,1.1,3.8,95.2
z_42.0_7.5,2027,4,2027-T4,Stable,94.9,1.5,3.5,94.9
z_42.0_7.5,2028,1,2028-T1,Stable,97.3,0.2,2.4,97.3
z_42.0_7.5,2028,2,2028-T2,Stable,82.6,8.2,9.2,82.6
z_42.0_7.5,2028,3,2028-T3,Stable,95.2,1.1,3.8,95.2
z_42.0_7.5,2028,4,2028-T4,Stable,94.9,1.5,3.5,94.9
z_42.0_7.5,2029,1,2029-T1,Stable,97.3,0.2,2.4,97.3
z_42.0_7.5,2029,2,2029-T2,Stable,82.1,9.2,8.7,82.1
z_42.0_7.5,2029,3,2029-T3,Stable,95.2,1.1,3.8,95.2
z_42.0_7.5,2029,4,2029-T4,Stable,94.9,1.5,3.5,94.9
z_42.0_7.5,2030,1,2030-T1,Stable,97.3,0.2,2.4,97.3
z_42.0_7.5,2030,2,2030-T2,Stable,83.3,8.9,7.8,83.3
z_42.0_7.5,2030,3,2030-T3,Stable,95.2,1.1,3.8,95.2
z_42.0_7.5,2030,4,2030-T4,Stable,94.9,1.5,3.5,94.9
z_42.0_9.0,2023,1,2023-T1,Diminution,67.3,16.2,67.3,16.5
z_42.0_9.0,2023,2,2023-T2,Augmentation,50.6,50.6,10.5,38.9
z_42.0_9.0,2023,3,2023-T3,Augmentation,43.8,43.8,43.8,12.4
z_42.0_9.0,2023,4,2023-T4,Diminution,50.0,33.4,50.0,16.6
z_42.0_9.0,2024,1,2024-T1,Diminution,55.3,25.9,55.3,18.8
z_42.0_9.0,2024,2,2024-T2,Augmentation,51.8,51.8,8.9,39.3
z_42.0_9.0,2024,3,2024-T3,Diminution,61.0,25.4,61.0,13.6
z_42.0_9.0,2024,4,2024-T4,Diminution,74.5,11.7,74.5,13.8
z_42.0_9.0,2025,1,2025-T1,Diminution,71.9,11.9,71.9,16.1
z_42.0_9.0,2025,2,2025-T2,Augmentation,50.5,50.5,6.4,43.0
z_42.0_9.0,2025,3,2025-T3,Diminution,73.2,12.2,73.2,14.6
z_42.0_9.0,2025,4,2025-T4,Diminution,67.3,15.8,67.3,16.9
z_42.0_9.0,2026,1,2026-T1,Diminution,52.4,28.4,52.4,19.2
z_42.0_9.0,2026,2,2026-T2,Stable,45.9,44.7,9.4,45.9
z_42.0_9.0,2026,3,2026-T3,Diminution,70.9,13.2,70.9,15.9
z_42.0_9.0,2026,4,2026-T4,Diminution,68.9,13.1,68.9,18.0
z_42.0_9.0,2027,1,2027-T1,Diminution,72.6,11.8,72.6,15.6
z_42.0_9.0,2027,2,2027-T2,Stable,48.8,43.0,8.2,48.8
z_42.0_9.0,2027,3,2027-T3,Diminution,73.1,11.8,73.1,15.1
z_42.0_9.0,2027,4,2027-T4,Diminution,71.8,13.6,71.8,14.6
z_42.0_9.0,2028,1,2028-T1,Diminution,70.8,13.0,70.8,16.2
z_42.0_9.0,2028,2,2028-T2,Stable,51.1,40.6,8.4,51.1
z_42.0_9.0,2028,3,2028-T3,Diminution,72.9,10.8,72.9,16.3
z_42.0_9.0,2028,4,2028-T4,Diminution,75.0,10.8,75.0,14.2
z_42.0_9.0,2029,1,2029-T1,Diminution,73.0,10.9,73.0,16.1
z_42.0_9.0,2029,2,2029-T2,Stable,56.6,36.4,7.0,56.6
z_42.0_9.0,2029,3,2029-T3,Diminution,72.8,10.8,72.8,16.4
z_42.0_9.0,2029,4,2029-T4,Diminution,72.2,12.1,72.2,15.7
z_42.0_9.0,2030,1,2030-T1,Diminution,72.1,11.9,72.1,16.0
z_42.0_9.0,2030,2,2030-T2,Stable,56.8,35.3,7.9,56.8
z_42.0_9.0,2030,3,2030-T3,Diminution,72.8,11.4,72.8,15.8
z_42.0_9.0,2030,4,2030-T4,Diminution,72.8,11.5,72.8,15.7
z_43.5_-1.5,2023,1,2023-T1,Stable,63.1,28.2,8.7,63.1
z_43.5_-1.5,2023,2,2023-T2,Stable,65.4,25.4,9.2,65.4
z_43.5_-1.5,2023,3,2023-T3,Stable,64.4,22.6,13.0,64.4
z_43.5_-1.5,2023,4,2023-T4,Diminution,71.1,10.4,71.1,18.5
z_43.5_-1.5,2024,1,2024-T1,Stable,58.2,37.1,4.8,58.2
z_43.5_-1.5,2024,2,2024-T2,Stable,59.7,36.2,4.1,59.7
z_43.5_-1.5,2024,3,2024-T3,Stable,49.7,46.2,4.1,49.7
z_43.5_-1.5,2024,4,2024-T4,Diminution,57.5,24.3,57.5,18.2
z_43.5_-1.5,2025,1,2025-T1,Stable,53.1,41.6,5.3,53.1
z_43.5_-1.5,2025,2,2025-T2,Stable,51.8,42.3,6.0,51.8
z_43.5_-1.5,2025,3,2025-T3,Stable,49.1,46.6,4.3,49.1
z_43.5_-1.5,2025,4,2025-T4,Diminution,53.4,28.7,53.4,17.9
z_43.5_-1.5,2026,1,2026-T1,Augmentation,48.1,48.1,4.3,47.6
z_43.5_-1.5,2026,2,2026-T2,Stable,50.0,46.1,3.9,50.0
z_43.5_-1.5,2026,3,2026-T3,Stable,55.6,39.9,4.5,55.6
z_43.5_-1.5,2026,4,2026-T4,Diminution,60.8,19.5,60.8,19.7
z_43.5_-1.5,2027,1,2027-T1,Stable,53.0,43.0,4.0,53.0
z_43.5_-1.5,2027,2,2027-T2,Stable,54.1,41.6,4.3,54.1
z_43.5_-1.5,2027,3,2027-T3,Stable,52.5,42.4,5.2,52.5
z_43.5_-1.5,2027,4,2027-T4,Diminution,59.1,21.9,59.1,19.0
z_43.5_-1.5,2028,1,2028-T1,Stable,55.0,41.1,3.9,55.0
z_43.5_-1.5,2028,2,2028-T2,Stable,58.3,37.6,4.1,58.3
z_43.5_-1.5,2028,3,2028-T3,Stable,51.8,43.3,4.8,51.8
z_43.5_-1.5,2028,4,2028-T4,Diminution,59.7,21.0,59.7,19.3
z_43.5_-1.5,2029,1,2029-T1,Stable,55.9,40.5,3.6,55.9
z_43.5_-1.5,2029,2,2029-T2,Stable,56.8,39.6,3.7,56.8
z_43.5_-1.5,2029,3,2029-T3,Stable,51.3,43.6,5.1,51.3
z_43.5_-1.5,2029,4,2029-T4,Diminution,59.6,21.3,59.6,19.1
z_43.5_-1.5,2030,1,2030-T1,Stable,55.8,40.4,3.8,55.8
z_43.5_-1.5,2030,2,2030-T2,Stable,58.2,38.1,3.7,58.2
z_43.5_-1.5,2030,3,2030-T3,Stable,54.2,40.6,5.2,54.2
z_43.5_-1.5,2030,4,2030-T4,Diminution,59.6,21.3,59.6,19.1
z_43.5_-10.5,2023,1,2023-T1,Stable,95.9,0.8,3.3,95.9
z_43.5_-10.5,2023,2,2023-T2,Stable,91.5,3.6,4.9,91.5
z_43.5_-10.5,2023,3,2023-T3,Stable,97.3,0.4,2.3,97.3
z_43.5_-10.5,2023,4,2023-T4,Stable,94.1,1.7,4.2,94.1
z_43.5_-10.5,2024,1,2024-T1,Stable,96.2,1.0,2.8,96.2
z_43.5_-10.5,2024,2,2024-T2,Stable,90.7,4.1,5.2,90.7
z_43.5_-10.5,2024,3,2024-T3,Stable,96.3,0.8,2.9,96.3
z_43.5_-10.5,2024,4,2024-T4,Stable,96.3,0.9,2.7,96.3
z_43.5_-10.5,2025,1,2025-T1,Stable,88.6,2.5,8.9,88.6
z_43.5_-10.5,2025,2,2025-T2,Stable,90.4,4.5,5.1,90.4
z_43.5_-10.5,2025,3,2025-T3,Stable,86.2,2.6,11.1,86.2
z_43.5_-10.5,2025,4,2025-T4,Stable,91.9,2.5,5.6,91.9
z_43.5_-10.5,2026,1,2026-T1,Stable,94.4,1.4,4.2,94.4
z_43.5_-10.5,2026,2,2026-T2,Stable,93.5,3.1,3.4,93.5
z_43.5_-10.5,2026,3,2026-T3,Stable,97.3,0.4,2.3,97.3
z_43.5_-10.5,2026,4,2026-T4,Stable,91.0,3.0,6.1,91.0
z_43.5_-10.5,2027,1,2027-T1,Stable,96.2,1.0,2.8,96.2
z_43.5_-10.5,2027,2,2027-T2,Stable,93.5,3.1,3.4,93.5
z_43.5_-10.5,2027,3,2027-T3,Stable,97.3,0.4,2.3,97.3
z_43.5_-10.5,2027,4,2027-T4,Stable,92.1,1.7,6.3,92.1
z_43.5_-10.5,2028,1,2028-T1,Stable,97.3,0.4,2.3,97.3
z_43.5_-10.5,2028,2,2028-T2,Stable,93.5,3.1,3.4,93.5
z_43.5_-10.5,2028,3,2028-T3,Stable,97.3,0.4,2.3,97.3
z_43.5_-10.5,2028,4,2028-T4,Stable,93.7,1.0,5.2,93.7
z_43.5_-10.5,2029,1,2029-T1,Stable,95.4,1.2,3.4,95.4
z_43.5_-10.5,2029,2,2029-T2,Stable,93.5,3.1,3.4,93.5
z_43.5_-10.5,2029,3,2029-T3,Stable,97.3,0.4,2.3,97.3
z_43.5_-10.5,2029,4,2029-T4,Stable,92.4,1.5,6.1,92.4
z_43.5_-10.5,2030,1,2030-T1,Stable,97.4,0.4,2.2,97.4
z_43.5_-10.5,2030,2,2030-T2,Stable,93.5,3.1,3.4,93.5
z_43.5_-10.5,2030,3,2030-T3,Stable,97.3,0.4,2.3,97.3
z_43.5_-10.5,2030,4,2030-T4,Stable,95.0,1.5,3.4,95.0
z_43.5_-3.0,2023,1,2023-T1,Stable,72.2,23.7,4.1,72.2
z_43.5_-3.0,2023,2,2023-T2,Stable,54.4,40.4,5.2,54.4
z_43.5_-3.0,2023,3,2023-T3,Diminution,61.3,16.5,61.3,22.1
z_43.5_-3.0,2023,4,2023-T4,Stable,61.5,30.0,8.5,61.5
z_43.5_-3.0,2024,1,2024-T1,Stable,52.8,42.7,4.4,52.8
z_43.5_-3.0,2024,2,2024-T2,Stable,55.9,40.1,3.9,55.9
z_43.5_-3.0,2024,3,2024-T3,Diminution,55.0,26.6,55.0,18.4
z_43.5_-3.0,2024,4,2024-T4,Augmentation,56.9,56.9,5.1,38.1
z_43.5_-3.0,2025,1,2025-T1,Stable,48.8,46.6,4.6,48.8
z_43.5_-3.0,2025,2,2025-T2,Stable,55.8,39.9,4.3,55.8
z_43.5_-3.0,2025,3,2025-T3,Diminution,69.4,13.6,69.4,17.0
z_43.5_-3.0,2025,4,2025-T4,Stable,68.0,21.4,10.6,68.0
z_43.5_-3.0,2026,1,2026-T1,Stable,68.8,20.6,10.6,68.8
z_43.5_-3.0,2026,2,2026-T2,Stable,68.0,22.6,9.4,68.0
z_43.5_-3.0,2026,3,2026-T3,Diminution,79.7,5.9,79.7,14.5
z_43.5_-3.0,2026,4,2026-T4,Stable,53.8,40.8,5.3,53.8
z_43.5_-3.0,2027,1,2027-T1,Augmentation,48.8,48.8,4.4,46.8
z_43.5_-3.0,2027,2,2027-T2,Stable,57.6,38.7,3.7,57.6
z_43.5_-3.0,2027,3,2027-T3,Diminution,60.2,18.7,60.2,21.1
z_43.5_-3.0,2027,4,2027-T4,Stable,51.4,45.1,3.5,51.4
z_43.5_-3.0,2028,1,2028-T1,Stable,49.4,46.4,4.3,49.4
z_43.5_-3.0,2028,2,2028-T2,Stable,54.5,41.8,3.7,54.5
z_43.5_-3.0,2028,3,2028-T3,Diminution,62.5,16.0,62.5,21.5
z_43.5_-3.0,2028,4,2028-T4,Augmentation,50.3,50.3,3.7,46.0
z_43.5_-3.0,2029,1,2029-T1,Augmentation,50.0,50.0,4.3,45.7
z_43.5_-3.0,2029,2,2029-T2,Stable,53.7,42.4,3.9,53.7
z_43.5_-3.0,2029,3,2029-T3,Diminution,62.1,16.3,62.1,21.6
z_43.5_-3.0,2029,4,2029-T4,Augmentation,51.0,51.0,3.7,45.3
z_43.5_-3.0,2030,1,2030-T1,Stable,49.5,46.8,3.7,49.5
z_43.5_-3.0,2030,2,2030-T2,Stable,58.4,38.0,3.7,58.4
z_43.5_-3.0,2030,3,2030-T3,Diminution,61.3,17.6,61.3,21.1
z_43.5_-3.0,2030,4,2030-T4,Augmentation,48.3,48.3,3.6,48.1
z_43.5_-33.0,2023,1,2023-T1,Stable,97.4,0.2,2.4,97.4
z_43.5_-33.0,2023,2,2023-T2,Stable,98.0,0.1,1.8,98.0
z_43.5_-33.0,2023,3,2023-T3,Stable,97.5,0.2,2.3,97.5
z_43.5_-33.0,2023,4,2023-T4,Stable,97.5,0.2,2.2,97.5
z_43.5_-33.0,2024,1,2024-T1,Stable,97.4,0.2,2.4,97.4
z_43.5_-33.0,2024,2,2024-T2,Stable,98.0,0.1,1.8,98.0
z_43.5_-33.0,2024,3,2024-T3,Stable,97.5,0.2,2.3,97.5
z_43.5_-33.0,2024,4,2024-T4,Stable,94.0,1.6,4.4,94.0
z_43.5_-33.0,2025,1,2025-T1,Stable,93.6,1.1,5.3,93.6
z_43.5_-33.0,2025,2,2025-T2,Stable,86.1,2.0,11.9,86.1
z_43.5_-33.0,2025,3,2025-T3,Stable,94.5,1.8,3.7,94.5
z_43.5_-33.0,2025,4,2025-T4,Stable,97.5,0.2,2.2,97.5
z_43.5_-33.0,2026,1,2026-T1,Stable,97.4,0.2,2.4,97.4
z_43.5_-33.0,2026,2,2026-T2,Stable,98.0,0.1,1.8,98.0
z_43.5_-33.0,2026,3,2026-T3,Stable,93.5,0.9,5.7,93.5
z_43.5_-33.0,2026,4,2026-T4,Stable,97.5,0.2,2.2,97.5
z_43.5_-33.0,2027,1,2027-T1,Stable,97.4,0.2,2.4,97.4
z_43.5_-33.0,2027,2,2027-T2,Stable,98.0,0.1,1.8,98.0
z_43.5_-33.0,2027,3,2027-T3,Stable,94.6,0.4,4.9,94.6
z_43.5_-33.0,2027,4,2027-T4,Stable,97.5,0.2,2.2,97.5
z_43.5_-33.0,2028,1,2028-T1,Stable,97.4,0.2,2.4,97.4
z_43.5_-33.0,2028,2,2028-T2,Stable,98.0,0.1,1.8,98.0
z_43.5_-33.0,2028,3,2028-T3,Stable,95.4,0.2,4.3,95.4
z_43.5_-33.0,2028,4,2028-T4,Stable,97.5,0.2,2.2,97.5
z_43.5_-33.0,2029,1,2029-T1,Stable,97.4,0.2,2.4,97.4
z_43.5_-33.0,2029,2,2029-T2,Stable,98.0,0.1,1.8,98.0
z_43.5_-33.0,2029,3,2029-T3,Stable,94.9,0.4,4.7,94.9
z_43.5_-33.0,2029,4,2029-T4,Stable,97.5,0.2,2.2,97.5
z_43.5_-33.0,2030,1,2030-T1,Stable,97.4,0.2,2.4,97.4
z_43.5_-33.0,2030,2,2030-T2,Stable,98.0,0.1,1.8,98.0
z_43.5_-33.0,2030,3,2030-T3,Stable,97.5,0.2,2.3,97.5
z_43.5_-33.0,2030,4,2030-T4,Stable,97.5,0.2,2.2,97.5
z_43.5_-4.5,2023,1,2023-T1,Stable,67.7,23.5,8.9,67.7
z_43.5_-4.5,2023,2,2023-T2,Diminution,84.9,4.2,84.9,10.9
z_43.5_-4.5,2023,3,2023-T3,Stable,68.2,18.5,13.2,68.2
z_43.5_-4.5,2023,4,2023-T4,Stable,71.2,17.2,11.6,71.2
z_43.5_-4.5,2024,1,2024-T1,Stable,64.2,26.7,9.1,64.2
z_43.5_-4.5,2024,2,2024-T2,Diminution,68.6,11.0,68.6,20.4
z_43.5_-4.5,2024,3,2024-T3,Stable,57.6,33.0,9.4,57.6
z_43.5_-4.5,2024,4,2024-T4,Stable,62.0,30.1,7.8,62.0
z_43.5_-4.5,2025,1,2025-T1,Stable,72.8,19.3,7.8,72.8
z_43.5_-4.5,2025,2,2025-T2,Diminution,73.9,5.7,73.9,20.5
z_43.5_-4.5,2025,3,2025-T3,Stable,64.6,29.3,6.0,64.6
z_43.5_-4.5,2025,4,2025-T4,Stable,66.1,29.6,4.3,66.1
z_43.5_-4.5,2026,1,2026-T1,Stable,66.7,25.7,7.6,66.7
z_43.5_-4.5,2026,2,2026-T2,Diminution,69.6,9.5,69.6,20.9
z_43.5_-4.5,2026,3,2026-T3,Stable,74.1,20.9,5.0,74.1
z_43.5_-4.5,2026,4,2026-T4,Stable,81.3,13.6,5.1,81.3
z_43.5_-4.5,2027,1,2027-T1,Stable,76.5,20.5,3.1,76.5
z_43.5_-4.5,2027,2,2027-T2,Diminution,84.6,2.5,84.6,12.9
z_43.5_-4.5,2027,3,2027-T3,Stable,74.6,20.0,5.5,74.6
z_43.5_-4.5,2027,4,2027-T4,Stable,81.2,14.8,4.0,81.2
z_43.5_-4.5,2028,1,2028-T1,Stable,75.2,21.3,3.5,75.2
z_43.5_-4.5,2028,2,2028-T2,Diminution,86.9,1.7,86.9,11.4
z_43.5_-4.5,2028,3,2028-T3,Stable,74.5,20.0,5.4,74.5
z_43.5_-4.5,2028,4,2028-T4,Stable,80.4,15.7,3.9,80.4
z_43.5_-4.5,2029,1,2029-T1,Stable,80.8,16.2,3.0,80.8
z_43.5_-4.5,2029,2,2029-T2,Diminution,84.3,1.8,84.3,13.9
z_43.5_-4.5,2029,3,2029-T3,Stable,72.8,21.7,5.5,72.8
z_43.5_-4.5,2029,4,2029-T4,Stable,83.3,13.9,2.8,83.3
z_43.5_-4.5,2030,1,2030-T1,Stable,78.6,18.4,3.0,78.6
z_43.5_-4.5,2030,2,2030-T2,Diminution,83.7,2.1,83.7,14.2
z_43.5_-4.5,2030,3,2030-T3,Stable,72.8,21.7,5.5,72.8
z_43.5_-4.5,2030,4,2030-T4,Stable,81.9,15.2,2.9,81.9
z_43.5_-6.0,2023,1,2023-T1,Stable,51.7,40.2,8.2,51.7
z_43.5_-6.0,2023,2,2023-T2,Diminution,81.5,7.1,81.5,11.4
z_43.5_-6.0,2023,3,2023-T3,Diminution,72.8,10.0,72.8,17.2
z_43.5_-6.0,2023,4,2023-T4,Diminution,66.0,12.6,66.0,21.4
z_43.5_-6.0,2024,1,2024-T1,Stable,48.6,38.3,13.1,48.6
z_43.5_-6.0,2024,2,2024-T2,Diminution,66.1,17.1,66.1,16.8
z_43.5_-6.0,2024,3,2024-T3,Diminution,69.2,16.7,69.2,14.2
z_43.5_-6.0,2024,4,2024-T4,Diminution,59.0,20.8,59.0,20.1
z_43.5_-6.0,2025,1,2025-T1,Augmentation,55.2,55.2,5.1,39.7
z_43.5_-6.0,2025,2,2025-T2,Diminution,52.3,30.8,52.3,16.9
z_43.5_-6.0,2025,3,2025-T3,Augmentation,35.6,35.6,47.1,17.3
z_43.5_-6.0,2025,4,2025-T4,Diminution,48.1,32.7,48.1,19.2
z_43.5_-6.0,2026,1,2026-T1,Augmentation,57.2,57.2,6.1,36.7
z_43.5_-6.0,2026,2,2026-T2,Diminution,63.4,20.0,63.4,16.6
z_43.5_-6.0,2026,3,2026-T3,Diminution,56.0,23.7,56.0,20.2
z_43.5_-6.0,2026,4,2026-T4,Diminution,56.9,22.3,56.9,20.8
z_43.5_-6.0,2027,1,2027-T1,Augmentation,54.8,54.8,7.3,37.9
z_43.5_-6.0,2027,2,2027-T2,Diminution,62.9,18.2,62.9,19.0
z_43.5_-6.0,2027,3,2027-T3,Diminution,58.3,21.9,58.3,19.8
z_43.5_-6.0,2027,4,2027-T4,Diminution,58.6,20.7,58.6,20.7
z_43.5_-6.0,2028,1,2028-T1,Augmentation,46.9,46.9,6.8,46.3
z_43.5_-6.0,2028,2,2028-T2,Diminution,64.1,17.9,64.1,18.0
z_43.5_-6.0,2028,3,2028-T3,Diminution,52.0,29.0,52.0,19.1
z_43.5_-6.0,2028,4,2028-T4,Diminution,52.5,28.1,52.5,19.3
z_43.5_-6.0,2029,1,2029-T1,Augmentation,49.3,49.3,6.3,44.4
z_43.5_-6.0,2029,2,2029-T2,Diminution,63.5,18.7,63.5,17.7
z_43.5_-6.0,2029,3,2029-T3,Diminution,57.8,22.2,57.8,20.0
z_43.5_-6.0,2029,4,2029-T4,Diminution,56.0,22.0,56.0,22.0
z_43.5_-6.0,2030,1,2030-T1,Stable,48.2,46.3,5.6,48.2
z_43.5_-6.0,2030,2,2030-T2,Diminution,63.7,18.3,63.7,18.0
z_43.5_-6.0,2030,3,2030-T3,Diminution,56.4,23.4,56.4,20.2
z_43.5_-6.0,2030,4,2030-T4,Diminution,55.9,22.9,55.9,21.2
z_43.5_-7.5,2023,1,2023-T1,Stable,62.1,28.9,9.0,62.1
z_43.5_-7.5,2023,2,2023-T2,Stable,55.2,35.1,9.7,55.2
z_43.5_-7.5,2023,3,2023-T3,Diminution,56.6,24.6,56.6,18.8
z_43.5_-7.5,2023,4,2023-T4,Augmentation,46.3,46.3,8.1,45.7
z_43.5_-7.5,2024,1,2024-T1,Augmentation,53.2,53.2,4.2,42.6
z_43.5_-7.5,2024,2,2024-T2,Stable,53.3,42.5,4.3,53.3
z_43.5_-7.5,2024,3,2024-T3,Diminution,49.2,31.3,49.2,19.5
z_43.5_-7.5,2024,4,2024-T4,Augmentation,62.9,62.9,6.1,31.0
z_43.5_-7.5,2025,1,2025-T1,Augmentation,53.3,53.3,7.3,39.3
z_43.5_-7.5,2025,2,2025-T2,Stable,53.5,40.1,6.4,53.5
z_43.5_-7.5,2025,3,2025-T3,Diminution,70.9,9.7,70.9,19.4
z_43.5_-7.5,2025,4,2025-T4,Stable,55.1,33.6,11.3,55.1
z_43.5_-7.5,2026,1,2026-T1,Stable,53.7,34.1,12.2,53.7
z_43.5_-7.5,2026,2,2026-T2,Stable,55.8,35.7,8.6,55.8
z_43.5_-7.5,2026,3,2026-T3,Diminution,67.4,14.1,67.4,18.5
z_43.5_-7.5,2026,4,2026-T4,Augmentation,49.0,49.0,4.4,46.7
z_43.5_-7.5,2027,1,2027-T1,Augmentation,48.3,48.3,4.9,46.9
z_43.5_-7.5,2027,2,2027-T2,Stable,54.2,41.4,4.4,54.2
z_43.5_-7.5,2027,3,2027-T3,Diminution,61.2,18.0,61.2,20.8
z_43.5_-7.5,2027,4,2027-T4,Stable,51.4,44.1,4.5,51.4
z_43.5_-7.5,2028,1,2028-T1,Augmentation,50.9,50.9,4.5,44.7
z_43.5_-7.5,2028,2,2028-T2,Augmentation,48.1,48.1,4.4,47.5
z_43.5_-7.5,2028,3,2028-T3,Diminution,58.7,22.3,58.7,19.1
z_43.5_-7.5,2028,4,2028-T4,Stable,49.2,46.3,4.5,49.2
z_43.5_-7.5,2029,1,2029-T1,Augmentation,52.7,52.7,3.6,43.7
z_43.5_-7.5,2029,2,2029-T2,Stable,49.9,45.8,4.3,49.9
z_43.5_-7.5,2029,3,2029-T3,Diminution,60.5,17.7,60.5,21.8
z_43.5_-7.5,2029,4,2029-T4,Augmentation,48.5,48.5,4.7,46.7
z_43.5_-7.5,2030,1,2030-T1,Augmentation,49.3,49.3,3.7,47.0
z_43.5_-7.5,2030,2,2030-T2,Stable,53.6,42.3,4.1,53.6
z_43.5_-7.5,2030,3,2030-T3,Diminution,60.4,18.6,60.4,20.9
z_43.5_-7.5,2030,4,2030-T4,Augmentation,47.8,47.8,4.7,47.5
z_43.5_-9.0,2023,1,2023-T1,Augmentation,40.6,40.6,46.0,13.4
z_43.5_-9.0,2023,2,2023-T2,Augmentation,46.3,46.3,36.6,17.0
z_43.5_-9.0,2023,3,2023-T3,Augmentation,54.5,54.5,26.4,19.1
z_43.5_-9.0,2023,4,2023-T4,Augmentation,40.6,40.6,46.1,13.3
z_43.5_-9.0,2024,1,2024-T1,Diminution,55.4,32.3,55.4,12.3
z_43.5_-9.0,2024,2,2024-T2,Augmentation,41.4,41.4,41.2,17.3
z_43.5_-9.0,2024,3,2024-T3,Augmentation,49.4,49.4,37.9,12.7
z_43.5_-9.0,2024,4,2024-T4,Augmentation,45.6,45.6,41.6,12.8
z_43.5_-9.0,2025,1,2025-T1,Diminution,51.1,32.1,51.1,16.8
z_43.5_-9.0,2025,2,2025-T2,Augmentation,66.0,66.0,22.0,12.0
z_43.5_-9.0,2025,3,2025-T3,Augmentation,70.1,70.1,19.7,10.2
z_43.5_-9.0,2025,4,2025-T4,Augmentation,57.8,57.8,27.8,14.4
z_43.5_-9.0,2026,1,2026-T1,Augmentation,38.9,38.9,45.4,15.8
z_43.5_-9.0,2026,2,2026-T2,Augmentation,44.6,44.6,40.1,15.3
z_43.5_-9.0,2026,3,2026-T3,Augmentation,52.8,52.8,32.5,14.7
z_43.5_-9.0,2026,4,2026-T4,Augmentation,44.6,44.6,40.8,14.6
z_43.5_-9.0,2027,1,2027-T1,Augmentation,39.3,39.3,46.3,14.4
z_43.5_-9.0,2027,2,2027-T2,Augmentation,45.6,45.6,39.0,15.4
z_43.5_-9.0,2027,3,2027-T3,Augmentation,45.8,45.8,37.5,16.8
z_43.5_-9.0,2027,4,2027-T4,Augmentation,42.3,42.3,42.6,15.1
z_43.5_-9.0,2028,1,2028-T1,Augmentation,36.8,36.8,47.4,15.8
z_43.5_-9.0,2028,2,2028-T2,Augmentation,47.4,47.4,37.7,14.9
z_43.5_-9.0,2028,3,2028-T3,Augmentation,44.4,44.4,39.1,16.5
z_43.5_-9.0,2028,4,2028-T4,Augmentation,44.6,44.6,41.0,14.5
z_43.5_-9.0,2029,1,2029-T1,Augmentation,41.0,41.0,45.7,13.3
z_43.5_-9.0,2029,2,2029-T2,Augmentation,45.0,45.0,39.7,15.3
z_43.5_-9.0,2029,3,2029-T3,Augmentation,47.1,47.1,37.0,15.9
z_43.5_-9.0,2029,4,2029-T4,Augmentation,39.8,39.8,44.9,15.3
z_43.5_-9.0,2030,1,2030-T1,Diminution,49.8,36.2,49.8,13.9
z_43.5_-9.0,2030,2,2030-T2,Augmentation,43.8,43.8,40.2,15.9
z_43.5_-9.0,2030,3,2030-T3,Augmentation,48.3,48.3,36.5,15.2
z_43.5_-9.0,2030,4,2030-T4,Augmentation,40.7,40.7,44.1,15.2
z_43.5_12.0,2023,1,2023-T1,Augmentation,37.3,37.3,48.7,14.0
z_43.5_12.0,2023,2,2023-T2,Augmentation,49.6,49.6,33.3,17.0
z_43.5_12.0,2023,3,2023-T3,Augmentation,40.3,40.3,46.3,13.4
z_43.5_12.0,2023,4,2023-T4,Augmentation,63.4,63.4,23.6,13.0
z_43.5_12.0,2024,1,2024-T1,Augmentation,37.8,37.8,48.9,13.3
z_43.5_12.0,2024,2,2024-T2,Augmentation,48.9,48.9,36.0,15.1
z_43.5_12.0,2024,3,2024-T3,Augmentation,45.2,45.2,39.3,15.5
z_43.5_12.0,2024,4,2024-T4,Augmentation,55.1,55.1,32.7,12.2
z_43.5_12.0,2025,1,2025-T1,Augmentation,52.4,52.4,35.8,11.8
z_43.5_12.0,2025,2,2025-T2,Augmentation,67.7,67.7,17.2,15.0
z_43.5_12.0,2025,3,2025-T3,Augmentation,55.0,55.0,34.9,10.1
z_43.5_12.0,2025,4,2025-T4,Augmentation,57.7,57.7,26.8,15.5
z_43.5_12.0,2026,1,2026-T1,Diminution,52.5,31.1,52.5,16.3
z_43.5_12.0,2026,2,2026-T2,Augmentation,44.8,44.8,39.8,15.4
z_43.5_12.0,2026,3,2026-T3,Diminution,54.0,33.4,54.0,12.6
z_43.5_12.0,2026,4,2026-T4,Augmentation,52.4,52.4,33.1,14.5
z_43.5_12.0,2027,1,2027-T1,Augmentation,40.2,40.2,46.8,13.1
z_43.5_12.0,2027,2,2027-T2,Augmentation,53.1,53.1,31.4,15.5
z_43.5_12.0,2027,3,2027-T3,Augmentation,41.4,41.4,45.9,12.7
z_43.5_12.0,2027,4,2027-T4,Augmentation,50.9,50.9,35.8,13.4
z_43.5_12.0,2028,1,2028-T1,Diminution,52.5,34.8,52.5,12.6
z_43.5_12.0,2028,2,2028-T2,Augmentation,53.3,53.3,32.2,14.6
z_43.5_12.0,2028,3,2028-T3,Augmentation,42.5,42.5,45.1,12.5
z_43.5_12.0,2028,4,2028-T4,Augmentation,54.1,54.1,31.8,14.1
z_43.5_12.0,2029,1,2029-T1,Augmentation,38.2,38.2,49.0,12.8
z_43.5_12.0,2029,2,2029-T2,Augmentation,50.3,50.3,36.0,13.7
z_43.5_12.0,2029,3,2029-T3,Augmentation,42.7,42.7,44.5,12.8
z_43.5_12.0,2029,4,2029-T4,Augmentation,50.6,50.6,35.9,13.5
z_43.5_12.0,2030,1,2030-T1,Diminution,52.5,35.0,52.5,12.4
z_43.5_12.0,2030,2,2030-T2,Augmentation,51.3,51.3,34.4,14.3
z_43.5_12.0,2030,3,2030-T3,Augmentation,43.4,43.4,44.4,12.2
z_43.5_12.0,2030,4,2030-T4,Augmentation,53.1,53.1,32.9,14.0
z_43.5_13.5,2023,1,2023-T1,Augmentation,55.5,55.5,4.8,39.7
z_43.5_13.5,2023,2,2023-T2,Augmentation,56.2,56.2,4.8,39.0
z_43.5_13.5,2023,3,2023-T3,Stable,49.7,45.8,4.5,49.7
z_43.5_13.5,2023,4,2023-T4,Diminution,53.5,29.4,53.5,17.1
z_43.5_13.5,2024,1,2024-T1,Augmentation,49.4,49.4,4.2,46.5
z_43.5_13.5,2024,2,2024-T2,Stable,57.5,34.1,8.4,57.5
z_43.5_13.5,2024,3,2024-T3,Stable,61.5,31.1,7.3,61.5
z_43.5_13.5,2024,4,2024-T4,Diminution,57.2,25.6,57.2,17.2
z_43.5_13.5,2025,1,2025-T1,Stable,52.0,42.3,5.6,52.0
z_43.5_13.5,2025,2,2025-T2,Augmentation,52.6,52.6,4.8,42.5
z_43.5_13.5,2025,3,2025-T3,Augmentation,59.5,59.5,2.8,37.8
z_43.5_13.5,2025,4,2025-T4,Diminution,71.4,14.3,71.4,14.3
z_43.5_13.5,2026,1,2026-T1,Stable,62.8,24.4,12.9,62.8
z_43.5_13.5,2026,2,2026-T2,Stable,60.4,29.7,9.9,60.4
z_43.5_13.5,2026,3,2026-T3,Stable,56.6,35.7,7.7,56.6
z_43.5_13.5,2026,4,2026-T4,Augmentation,35.8,35.8,46.9,17.3
z_43.5_13.5,2027,1,2027-T1,Augmentation,52.1,52.1,4.3,43.6
z_43.5_13.5,2027,2,2027-T2,Stable,58.7,37.4,3.9,58.7
z_43.5_13.5,2027,3,2027-T3,Stable,54.2,42.8,3.1,54.2
z_43.5_13.5,2027,4,2027-T4,Diminution,56.1,25.6,56.1,18.4
z_43.5_13.5,2028,1,2028-T1,Stable,48.0,47.2,4.8,48.0
z_43.5_13.5,2028,2,2028-T2,Augmentation,50.3,50.3,3.9,45.8
z_43.5_13.5,2028,3,2028-T3,Stable,51.6,44.5,3.9,51.6
z_43.5_13.5,2028,4,2028-T4,Diminution,52.8,28.0,52.8,19.2
z_43.5_13.5,2029,1,2029-T1,Augmentation,48.8,48.8,3.8,47.4
z_43.5_13.5,2029,2,2029-T2,Stable,51.8,44.2,4.0,51.8
z_43.5_13.5,2029,3,2029-T3,Stable,51.9,44.2,3.9,51.9
z_43.5_13.5,2029,4,2029-T4,Diminution,56.4,25.0,56.4,18.6
z_43.5_13.5,2030,1,2030-T1,Stable,49.9,45.7,4.3,49.9
z_43.5_13.5,2030,2,2030-T2,Stable,56.4,39.6,4.0,56.4
z_43.5_13.5,2030,3,2030-T3,Stable,52.7,43.5,3.7,52.7
z_43.5_13.5,2030,4,2030-T4,Diminution,53.7,27.8,53.7,18.5
z_43.5_15.0,2023,1,2023-T1,Diminution,84.8,1.3,84.8,13.9
z_43.5_15.0,2023,2,2023-T2,Diminution,82.0,1.7,82.0,16.2
z_43.5_15.0,2023,3,2023-T3,Diminution,77.1,5.5,77.1,17.4
z_43.5_15.0,2023,4,2023-T4,Stable,76.2,16.1,7.7,76.2
z_43.5_15.0,2024,1,2024-T1,Diminution,73.0,8.8,73.0,18.3
z_43.5_15.0,2024,2,2024-T2,Diminution,76.5,8.6,76.5,15.0
z_43.5_15.0,2024,3,2024-T3,Diminution,70.3,10.4,70.3,19.2
z_43.5_15.0,2024,4,2024-T4,Stable,91.5,4.2,4.4,91.5
z_43.5_15.0,2025,1,2025-T1,Diminution,85.7,1.3,85.7,13.1
z_43.5_15.0,2025,2,2025-T2,Diminution,85.2,1.3,85.2,13.5
z_43.5_15.0,2025,3,2025-T3,Diminution,77.7,3.5,77.7,18.8
z_43.5_15.0,2025,4,2025-T4,Stable,72.8,20.8,6.3,72.8
z_43.5_15.0,2026,1,2026-T1,Diminution,77.6,6.2,77.6,16.2
z_43.5_15.0,2026,2,2026-T2,Diminution,80.3,4.0,80.3,15.7
z_43.5_15.0,2026,3,2026-T3,Diminution,81.1,2.2,81.1,16.7
z_43.5_15.0,2026,4,2026-T4,Stable,91.5,3.2,5.2,91.5
z_43.5_15.0,2027,1,2027-T1,Diminution,86.1,0.9,86.1,13.1
z_43.5_15.0,2027,2,2027-T2,Diminution,83.7,1.6,83.7,14.7
z_43.5_15.0,2027,3,2027-T3,Diminution,83.7,1.6,83.7,14.7
z_43.5_15.0,2027,4,2027-T4,Stable,91.5,3.2,5.2,91.5
z_43.5_15.0,2028,1,2028-T1,Diminution,85.7,0.7,85.7,13.5
z_43.5_15.0,2028,2,2028-T2,Diminution,82.3,3.0,82.3,14.8
z_43.5_15.0,2028,3,2028-T3,Diminution,83.8,1.4,83.8,14.8
z_43.5_15.0,2028,4,2028-T4,Stable,91.5,3.2,5.2,91.5
z_43.5_15.0,2029,1,2029-T1,Diminution,86.1,0.6,86.1,13.2
z_43.5_15.0,2029,2,2029-T2,Diminution,85.1,1.2,85.1,13.7
z_43.5_15.0,2029,3,2029-T3,Diminution,83.7,1.2,83.7,15.1
z_43.5_15.0,2029,4,2029-T4,Stable,91.5,3.2,5.2,91.5
z_43.5_15.0,2030,1,2030-T1,Diminution,86.5,0.6,86.5,12.8
z_43.5_15.0,2030,2,2030-T2,Diminution,84.4,1.4,84.4,14.2
z_43.5_15.0,2030,3,2030-T3,Diminution,84.2,1.2,84.2,14.6
z_43.5_15.0,2030,4,2030-T4,Stable,91.5,3.2,5.2,91.5
z_43.5_28.5,2023,1,2023-T1,Diminution,77.0,6.7,77.0,16.4
z_43.5_28.5,2023,2,2023-T2,Diminution,84.9,1.6,84.9,13.5
z_43.5_28.5,2023,3,2023-T3,Stable,76.5,14.3,9.2,76.5
z_43.5_28.5,2023,4,2023-T4,Diminution,89.5,0.5,89.5,9.9
z_43.5_28.5,2024,1,2024-T1,Diminution,73.8,6.1,73.8,20.1
z_43.5_28.5,2024,2,2024-T2,Diminution,85.0,2.2,85.0,12.9
z_43.5_28.5,2024,3,2024-T3,Stable,77.6,14.5,7.9,77.6
z_43.5_28.5,2024,4,2024-T4,Diminution,89.2,1.0,89.2,9.9
z_43.5_28.5,2025,1,2025-T1,Diminution,81.0,5.0,81.0,14.0
z_43.5_28.5,2025,2,2025-T2,Diminution,87.4,0.8,87.4,11.8
z_43.5_28.5,2025,3,2025-T3,Stable,80.4,12.1,7.5,80.4
z_43.5_28.5,2025,4,2025-T4,Diminution,87.5,1.2,87.5,11.2
z_43.5_28.5,2026,1,2026-T1,Diminution,76.3,7.6,76.3,16.1
z_43.5_28.5,2026,2,2026-T2,Diminution,87.3,1.1,87.3,11.6
z_43.5_28.5,2026,3,2026-T3,Stable,77.9,12.5,9.6,77.9
z_43.5_28.5,2026,4,2026-T4,Diminution,88.4,0.7,88.4,10.9
z_43.5_28.5,2027,1,2027-T1,Diminution,81.6,5.5,81.6,12.9
z_43.5_28.5,2027,2,2027-T2,Diminution,87.9,0.9,87.9,11.2
z_43.5_28.5,2027,3,2027-T3,Stable,77.0,14.0,9.0,77.0
z_43.5_28.5,2027,4,2027-T4,Diminution,88.9,0.8,88.9,10.4
z_43.5_28.5,2028,1,2028-T1,Diminution,81.3,5.7,81.3,13.0
z_43.5_28.5,2028,2,2028-T2,Diminution,86.6,1.1,86.6,12.3
z_43.5_28.5,2028,3,2028-T3,Stable,76.6,14.6,8.8,76.6
z_43.5_28.5,2028,4,2028-T4,Diminution,88.9,0.6,88.9,10.5
z_43.5_28.5,2029,1,2029-T1,Diminution,81.3,5.7,81.3,13.0
z_43.5_28.5,2029,2,2029-T2,Diminution,88.1,1.0,88.1,11.0
z_43.5_28.5,2029,3,2029-T3,Stable,76.6,14.6,8.8,76.6
z_43.5_28.5,2029,4,2029-T4,Diminution,88.7,0.7,88.7,10.7
z_43.5_28.5,2030,1,2030-T1,Diminution,81.3,5.7,81.3,13.0
z_43.5_28.5,2030,2,2030-T2,Diminution,87.2,1.1,87.2,11.8
z_43.5_28.5,2030,3,2030-T3,Stable,76.6,14.6,8.8,76.6
z_43.5_28.5,2030,4,2030-T4,Diminution,88.9,0.7,88.9,10.4
z_43.5_30.0,2023,1,2023-T1,Stable,97.8,0.2,2.0,97.8
z_43.5_30.0,2023,2,2023-T2,Stable,95.5,0.3,4.2,95.5
z_43.5_30.0,2023,3,2023-T3,Stable,96.8,0.8,2.4,96.8
z_43.5_30.0,2023,4,2023-T4,Stable,98.0,0.3,1.6,98.0
z_43.5_30.0,2024,1,2024-T1,Stable,94.6,2.3,3.1,94.6
z_43.5_30.0,2024,2,2024-T2,Stable,98.0,0.1,1.9,98.0
z_43.5_30.0,2024,3,2024-T3,Stable,97.9,0.1,2.0,97.9
z_43.5_30.0,2024,4,2024-T4,Stable,97.9,0.2,1.9,97.9
z_43.5_30.0,2025,1,2025-T1,Stable,95.9,0.7,3.4,95.9
z_43.5_30.0,2025,2,2025-T2,Stable,98.0,0.1,1.9,98.0
z_43.5_30.0,2025,3,2025-T3,Stable,97.9,0.1,2.0,97.9
z_43.5_30.0,2025,4,2025-T4,Stable,97.9,0.2,1.9,97.9
z_43.5_30.0,2026,1,2026-T1,Stable,95.0,0.7,4.3,95.0
z_43.5_30.0,2026,2,2026-T2,Stable,98.0,0.1,1.9,98.0
z_43.5_30.0,2026,3,2026-T3,Stable,97.9,0.1,2.0,97.9
z_43.5_30.0,2026,4,2026-T4,Stable,97.9,0.2,1.9,97.9
z_43.5_30.0,2027,1,2027-T1,Stable,97.6,0.2,2.2,97.6
z_43.5_30.0,2027,2,2027-T2,Stable,98.0,0.1,1.9,98.0
z_43.5_30.0,2027,3,2027-T3,Stable,97.9,0.1,2.0,97.9
z_43.5_30.0,2027,4,2027-T4,Stable,97.9,0.2,1.9,97.9
z_43.5_30.0,2028,1,2028-T1,Stable,95.8,0.9,3.3,95.8
z_43.5_30.0,2028,2,2028-T2,Stable,98.0,0.1,1.9,98.0
z_43.5_30.0,2028,3,2028-T3,Stable,97.9,0.1,2.0,97.9
z_43.5_30.0,2028,4,2028-T4,Stable,97.9,0.2,1.9,97.9
z_43.5_30.0,2029,1,2029-T1,Stable,97.8,0.2,2.0,97.8
z_43.5_30.0,2029,2,2029-T2,Stable,98.0,0.1,1.9,98.0
z_43.5_30.0,2029,3,2029-T3,Stable,97.9,0.1,2.0,97.9
z_43.5_30.0,2029,4,2029-T4,Stable,97.9,0.2,1.9,97.9
z_43.5_30.0,2030,1,2030-T1,Stable,97.8,0.2,2.0,97.8
z_43.5_30.0,2030,2,2030-T2,Stable,98.0,0.1,1.9,98.0
z_43.5_30.0,2030,3,2030-T3,Stable,97.9,0.1,2.0,97.9
z_43.5_30.0,2030,4,2030-T4,Stable,97.9,0.2,1.9,97.9
z_43.5_36.0,2023,1,2023-T1,Stable,89.2,7.6,3.2,89.2
z_43.5_36.0,2023,2,2023-T2,Stable,94.8,3.1,2.1,94.8
z_43.5_36.0,2023,3,2023-T3,Stable,93.4,3.7,2.9,93.4
z_43.5_36.0,2023,4,2023-T4,Stable,93.1,4.0,2.9,93.1
z_43.5_36.0,2024,1,2024-T1,Stable,89.1,8.2,2.7,89.1
z_43.5_36.0,2024,2,2024-T2,Stable,94.1,3.3,2.6,94.1
z_43.5_36.0,2024,3,2024-T3,Stable,92.4,4.3,3.4,92.4
z_43.5_36.0,2024,4,2024-T4,Stable,94.9,3.1,2.0,94.9
z_43.5_36.0,2025,1,2025-T1,Stable,88.3,8.9,2.9,88.3
z_43.5_36.0,2025,2,2025-T2,Stable,94.8,3.1,2.1,94.8
z_43.5_36.0,2025,3,2025-T3,Stable,93.4,3.7,2.9,93.4
z_43.5_36.0,2025,4,2025-T4,Stable,93.1,4.0,2.9,93.1
z_43.5_36.0,2026,1,2026-T1,Stable,88.8,8.3,2.9,88.8
z_43.5_36.0,2026,2,2026-T2,Stable,94.8,3.1,2.1,94.8
z_43.5_36.0,2026,3,2026-T3,Stable,93.4,3.7,2.9,93.4
z_43.5_36.0,2026,4,2026-T4,Stable,93.1,4.0,2.9,93.1
z_43.5_36.0,2027,1,2027-T1,Stable,89.2,7.6,3.2,89.2
z_43.5_36.0,2027,2,2027-T2,Stable,94.8,3.1,2.1,94.8
z_43.5_36.0,2027,3,2027-T3,Stable,93.4,3.7,2.9,93.4
z_43.5_36.0,2027,4,2027-T4,Stable,93.1,4.0,2.9,93.1
z_43.5_36.0,2028,1,2028-T1,Stable,89.1,8.2,2.7,89.1
z_43.5_36.0,2028,2,2028-T2,Stable,94.8,3.1,2.1,94.8
z_43.5_36.0,2028,3,2028-T3,Stable,93.4,3.7,2.9,93.4
z_43.5_36.0,2028,4,2028-T4,Stable,93.1,4.0,2.9,93.1
z_43.5_36.0,2029,1,2029-T1,Stable,90.5,6.7,2.8,90.5
z_43.5_36.0,2029,2,2029-T2,Stable,94.8,3.1,2.1,94.8
z_43.5_36.0,2029,3,2029-T3,Stable,93.4,3.7,2.9,93.4
z_43.5_36.0,2029,4,2029-T4,Stable,93.1,4.0,2.9,93.1
z_43.5_36.0,2030,1,2030-T1,Stable,90.9,6.3,2.9,90.9
z_43.5_36.0,2030,2,2030-T2,Stable,94.8,3.1,2.1,94.8
z_43.5_36.0,2030,3,2030-T3,Stable,93.4,3.7,2.9,93.4
z_43.5_36.0,2030,4,2030-T4,Stable,93.1,4.0,2.9,93.1
z_43.5_37.5,2023,1,2023-T1,Diminution,81.0,2.9,81.0,16.1
z_43.5_37.5,2023,2,2023-T2,Stable,91.1,5.9,3.0,91.1
z_43.5_37.5,2023,3,2023-T3,Stable,91.1,5.3,3.6,91.1
z_43.5_37.5,2023,4,2023-T4,Stable,91.0,7.0,2.0,91.0
z_43.5_37.5,2024,1,2024-T1,Diminution,80.8,3.4,80.8,15.8
z_43.5_37.5,2024,2,2024-T2,Stable,92.6,5.4,2.0,92.6
z_43.5_37.5,2024,3,2024-T3,Stable,89.4,7.0,3.5,89.4
z_43.5_37.5,2024,4,2024-T4,Stable,89.6,7.7,2.7,89.6
z_43.5_37.5,2025,1,2025-T1,Diminution,83.3,2.1,83.3,14.6
z_43.5_37.5,2025,2,2025-T2,Stable,92.6,5.4,2.0,92.6
z_43.5_37.5,2025,3,2025-T3,Stable,91.0,5.6,3.4,91.0
z_43.5_37.5,2025,4,2025-T4,Stable,91.0,6.4,2.6,91.0
z_43.5_37.5,2026,1,2026-T1,Diminution,83.0,1.7,83.0,15.3
z_43.5_37.5,2026,2,2026-T2,Stable,92.6,5.4,2.0,92.6
z_43.5_37.5,2026,3,2026-T3,Stable,93.0,3.6,3.4,93.0
z_43.5_37.5,2026,4,2026-T4,Stable,91.0,6.4,2.6,91.0
z_43.5_37.5,2027,1,2027-T1,Diminution,83.4,2.0,83.4,14.6
z_43.5_37.5,2027,2,2027-T2,Stable,92.6,5.4,2.0,92.6
z_43.5_37.5,2027,3,2027-T3,Stable,93.0,3.6,3.4,93.0
z_43.5_37.5,2027,4,2027-T4,Stable,91.0,6.4,2.6,91.0
z_43.5_37.5,2028,1,2028-T1,Diminution,83.8,2.2,83.8,14.0
z_43.5_37.5,2028,2,2028-T2,Stable,92.6,5.4,2.0,92.6
z_43.5_37.5,2028,3,2028-T3,Stable,93.0,3.6,3.4,93.0
z_43.5_37.5,2028,4,2028-T4,Stable,91.0,6.4,2.6,91.0
z_43.5_37.5,2029,1,2029-T1,Diminution,83.8,2.1,83.8,14.2
z_43.5_37.5,2029,2,2029-T2,Stable,92.6,5.4,2.0,92.6
z_43.5_37.5,2029,3,2029-T3,Stable,93.0,3.6,3.4,93.0
z_43.5_37.5,2029,4,2029-T4,Stable,91.0,6.4,2.6,91.0
z_43.5_37.5,2030,1,2030-T1,Diminution,83.8,2.1,83.8,14.2
z_43.5_37.5,2030,2,2030-T2,Stable,92.6,5.4,2.0,92.6
z_43.5_37.5,2030,3,2030-T3,Stable,93.0,3.6,3.4,93.0
z_43.5_37.5,2030,4,2030-T4,Stable,91.0,6.4,2.6,91.0
z_43.5_6.0,2023,1,2023-T1,Stable,97.4,0.7,1.9,97.4
z_43.5_6.0,2023,2,2023-T2,Stable,96.1,1.3,2.6,96.1
z_43.5_6.0,2023,3,2023-T3,Stable,81.8,8.4,9.7,81.8
z_43.5_6.0,2023,4,2023-T4,Stable,89.3,5.7,5.0,89.3
z_43.5_6.0,2024,1,2024-T1,Stable,94.1,1.7,4.1,94.1
z_43.5_6.0,2024,2,2024-T2,Stable,95.8,1.0,3.2,95.8
z_43.5_6.0,2024,3,2024-T3,Stable,78.9,11.5,9.7,78.9
z_43.5_6.0,2024,4,2024-T4,Stable,91.7,4.8,3.5,91.7
z_43.5_6.0,2025,1,2025-T1,Stable,95.7,0.8,3.6,95.7
z_43.5_6.0,2025,2,2025-T2,Stable,96.4,1.0,2.6,96.4
z_43.5_6.0,2025,3,2025-T3,Stable,83.8,8.0,8.2,83.8
z_43.5_6.0,2025,4,2025-T4,Stable,91.2,4.5,4.3,91.2
z_43.5_6.0,2026,1,2026-T1,Stable,97.5,0.3,2.2,97.5
z_43.5_6.0,2026,2,2026-T2,Stable,97.7,0.5,1.8,97.7
z_43.5_6.0,2026,3,2026-T3,Stable,79.4,12.0,8.6,79.4
z_43.5_6.0,2026,4,2026-T4,Stable,89.7,6.2,4.1,89.7
z_43.5_6.0,2027,1,2027-T1,Stable,97.5,0.3,2.2,97.5
z_43.5_6.0,2027,2,2027-T2,Stable,96.8,0.7,2.5,96.8
z_43.5_6.0,2027,3,2027-T3,Stable,84.2,7.9,7.9,84.2
z_43.5_6.0,2027,4,2027-T4,Stable,89.8,6.5,3.7,89.8
z_43.5_6.0,2028,1,2028-T1,Stable,97.5,0.3,2.2,97.5
z_43.5_6.0,2028,2,2028-T2,Stable,97.7,0.5,1.9,97.7
z_43.5_6.0,2028,3,2028-T3,Stable,81.7,9.4,8.9,81.7
z_43.5_6.0,2028,4,2028-T4,Stable,92.7,3.5,3.8,92.7
z_43.5_6.0,2029,1,2029-T1,Stable,97.5,0.3,2.2,97.5
z_43.5_6.0,2029,2,2029-T2,Stable,97.7,0.5,1.9,97.7
z_43.5_6.0,2029,3,2029-T3,Stable,83.0,9.2,7.8,83.0
z_43.5_6.0,2029,4,2029-T4,Stable,89.5,5.7,4.8,89.5
z_43.5_6.0,2030,1,2030-T1,Stable,97.5,0.3,2.2,97.5
z_43.5_6.0,2030,2,2030-T2,Stable,97.7,0.5,1.9,97.7
z_43.5_6.0,2030,3,2030-T3,Stable,83.0,9.2,7.8,83.0
z_43.5_6.0,2030,4,2030-T4,Stable,91.7,4.8,3.5,91.7
z_43.5_7.5,2023,1,2023-T1,Augmentation,38.5,38.5,47.5,14.0
z_43.5_7.5,2023,2,2023-T2,Augmentation,43.7,43.7,41.7,14.6
z_43.5_7.5,2023,3,2023-T3,Augmentation,54.7,54.7,32.5,12.8
z_43.5_7.5,2023,4,2023-T4,Augmentation,47.8,47.8,36.9,15.3
z_43.5_7.5,2024,1,2024-T1,Augmentation,37.0,37.0,47.2,15.9
z_43.5_7.5,2024,2,2024-T2,Augmentation,46.9,46.9,39.2,13.9
z_43.5_7.5,2024,3,2024-T3,Augmentation,53.9,53.9,33.5,12.6
z_43.5_7.5,2024,4,2024-T4,Augmentation,37.8,37.8,45.3,17.0
z_43.5_7.5,2025,1,2025-T1,Augmentation,37.8,37.8,47.0,15.2
z_43.5_7.5,2025,2,2025-T2,Augmentation,45.9,45.9,41.3,12.8
z_43.5_7.5,2025,3,2025-T3,Augmentation,45.4,45.4,38.0,16.6
z_43.5_7.5,2025,4,2025-T4,Augmentation,49.4,49.4,35.1,15.5
z_43.5_7.5,2026,1,2026-T1,Augmentation,41.1,41.1,42.9,16.0
z_43.5_7.5,2026,2,2026-T2,Augmentation,36.5,36.5,47.2,16.3
z_43.5_7.5,2026,3,2026-T3,Augmentation,43.9,43.9,40.9,15.2
z_43.5_7.5,2026,4,2026-T4,Augmentation,45.4,45.4,39.0,15.6
z_43.5_7.5,2027,1,2027-T1,Augmentation,43.5,43.5,41.4,15.1
z_43.5_7.5,2027,2,2027-T2,Augmentation,41.1,41.1,44.1,14.8
z_43.5_7.5,2027,3,2027-T3,Augmentation,48.8,48.8,36.4,14.8
z_43.5_7.5,2027,4,2027-T4,Augmentation,45.2,45.2,39.6,15.3
z_43.5_7.5,2028,1,2028-T1,Augmentation,41.2,41.2,43.9,14.9
z_43.5_7.5,2028,2,2028-T2,Augmentation,38.9,38.9,45.7,15.3
z_43.5_7.5,2028,3,2028-T3,Augmentation,47.7,47.7,37.1,15.2
z_43.5_7.5,2028,4,2028-T4,Augmentation,47.1,47.1,37.3,15.6
z_43.5_7.5,2029,1,2029-T1,Augmentation,39.1,39.1,45.7,15.3
z_43.5_7.5,2029,2,2029-T2,Augmentation,42.6,42.6,42.8,14.5
z_43.5_7.5,2029,3,2029-T3,Augmentation,49.3,49.3,35.9,14.8
z_43.5_7.5,2029,4,2029-T4,Augmentation,40.4,40.4,42.6,17.0
z_43.5_7.5,2030,1,2030-T1,Augmentation,39.0,39.0,45.6,15.4
z_43.5_7.5,2030,2,2030-T2,Augmentation,41.3,41.3,44.5,14.3
z_43.5_7.5,2030,3,2030-T3,Augmentation,48.5,48.5,36.4,15.1
z_43.5_7.5,2030,4,2030-T4,Augmentation,47.5,47.5,36.8,15.8
z_43.5_9.0,2023,1,2023-T1,Diminution,73.1,17.2,73.1,9.7
z_43.5_9.0,2023,2,2023-T2,Diminution,52.2,32.4,52.2,15.4
z_43.5_9.0,2023,3,2023-T3,Augmentation,37.1,37.1,45.7,17.2
z_43.5_9.0,2023,4,2023-T4,Augmentation,50.1,50.1,8.8,41.1
z_43.5_9.0,2024,1,2024-T1,Diminution,56.0,25.0,56.0,19.1
z_43.5_9.0,2024,2,2024-T2,Diminution,53.1,27.0,53.1,19.9
z_43.5_9.0,2024,3,2024-T3,Augmentation,43.7,43.7,38.0,18.3
z_43.5_9.0,2024,4,2024-T4,Augmentation,71.2,71.2,5.8,23.0
z_43.5_9.0,2025,1,2025-T1,Diminution,47.4,35.5,47.4,17.1
z_43.5_9.0,2025,2,2025-T2,Diminution,49.7,30.2,49.7,20.0
z_43.5_9.0,2025,3,2025-T3,Diminution,45.7,33.4,45.7,20.8
z_43.5_9.0,2025,4,2025-T4,Augmentation,64.9,64.9,5.7,29.4
z_43.5_9.0,2026,1,2026-T1,Diminution,50.7,32.2,50.7,17.1
z_43.5_9.0,2026,2,2026-T2,Diminution,46.3,33.2,46.3,20.5
z_43.5_9.0,2026,3,2026-T3,Diminution,50.1,31.0,50.1,18.8
z_43.5_9.0,2026,4,2026-T4,Stable,48.0,45.3,6.6,48.0
z_43.5_9.0,2027,1,2027-T1,Diminution,63.7,20.8,63.7,15.5
z_43.5_9.0,2027,2,2027-T2,Diminution,57.7,22.9,57.7,19.4
z_43.5_9.0,2027,3,2027-T3,Diminution,55.8,25.1,55.8,19.1
z_43.5_9.0,2027,4,2027-T4,Augmentation,48.1,48.1,6.4,45.4
z_43.5_9.0,2028,1,2028-T1,Diminution,61.3,23.1,61.3,15.6
z_43.5_9.0,2028,2,2028-T2,Diminution,54.3,27.5,54.3,18.3
z_43.5_9.0,2028,3,2028-T3,Diminution,50.1,32.6,50.1,17.3
z_43.5_9.0,2028,4,2028-T4,Stable,49.4,44.1,6.5,49.4
z_43.5_9.0,2029,1,2029-T1,Diminution,63.7,19.9,63.7,16.4
z_43.5_9.0,2029,2,2029-T2,Diminution,55.2,27.4,55.2,17.4
z_43.5_9.0,2029,3,2029-T3,Diminution,55.8,25.1,55.8,19.1
z_43.5_9.0,2029,4,2029-T4,Stable,50.5,43.6,5.9,50.5
z_43.5_9.0,2030,1,2030-T1,Diminution,62.8,20.2,62.8,17.0
z_43.5_9.0,2030,2,2030-T2,Diminution,58.7,22.4,58.7,18.9
z_43.5_9.0,2030,3,2030-T3,Diminution,54.4,26.4,54.4,19.2
z_43.5_9.0,2030,4,2030-T4,Stable,50.8,43.3,5.9,50.8
z_45.0_-1.5,2023,1,2023-T1,Augmentation,51.7,51.7,7.6,40.7
z_45.0_-1.5,2023,2,2023-T2,Augmentation,37.3,37.3,41.6,21.1
z_45.0_-1.5,2023,3,2023-T3,Augmentation,50.9,50.9,34.8,14.2
z_45.0_-1.5,2023,4,2023-T4,Augmentation,65.3,65.3,11.0,23.7
z_45.0_-1.5,2024,1,2024-T1,Augmentation,60.4,60.4,9.1,30.5
z_45.0_-1.5,2024,2,2024-T2,Diminution,57.1,28.0,57.1,14.9
z_45.0_-1.5,2024,3,2024-T3,Diminution,73.7,15.8,73.7,10.5
z_45.0_-1.5,2024,4,2024-T4,Stable,50.4,33.7,15.9,50.4
z_45.0_-1.5,2025,1,2025-T1,Stable,41.9,40.4,17.7,41.9
z_45.0_-1.5,2025,2,2025-T2,Diminution,58.3,27.1,58.3,14.7
z_45.0_-1.5,2025,3,2025-T3,Augmentation,39.0,39.0,44.2,16.8
z_45.0_-1.5,2025,4,2025-T4,Augmentation,53.2,53.2,8.4,38.4
z_45.0_-1.5,2026,1,2026-T1,Augmentation,57.5,57.5,6.9,35.6
z_45.0_-1.5,2026,2,2026-T2,Diminution,58.6,27.6,58.6,13.8
z_45.0_-1.5,2026,3,2026-T3,Augmentation,42.2,42.2,40.5,17.3
z_45.0_-1.5,2026,4,2026-T4,Augmentation,65.6,65.6,6.6,27.8
z_45.0_-1.5,2027,1,2027-T1,Augmentation,66.1,66.1,6.6,27.3
z_45.0_-1.5,2027,2,2027-T2,Diminution,52.7,30.9,52.7,16.4
z_45.0_-1.5,2027,3,2027-T3,Augmentation,43.5,43.5,39.3,17.2
z_45.0_-1.5,2027,4,2027-T4,Augmentation,66.9,66.9,6.5,26.6
z_45.0_-1.5,2028,1,2028-T1,Augmentation,64.1,64.1,7.8,28.2
z_45.0_-1.5,2028,2,2028-T2,Diminution,53.7,28.9,53.7,17.4
z_45.0_-1.5,2028,3,2028-T3,Augmentation,43.8,43.8,38.3,17.8
z_45.0_-1.5,2028,4,2028-T4,Augmentation,67.6,67.6,7.3,25.1
z_45.0_-1.5,2029,1,2029-T1,Augmentation,66.1,66.1,6.0,27.9
z_45.0_-1.5,2029,2,2029-T2,Diminution,52.2,31.5,52.2,16.3
z_45.0_-1.5,2029,3,2029-T3,Augmentation,44.7,44.7,38.2,17.2
z_45.0_-1.5,2029,4,2029-T4,Augmentation,72.3,72.3,7.9,19.9
z_45.0_-1.5,2030,1,2030-T1,Augmentation,70.3,70.3,7.5,22.2
z_45.0_-1.5,2030,2,2030-T2,Diminution,49.7,35.1,49.7,15.3
z_45.0_-1.5,2030,3,2030-T3,Augmentation,47.4,47.4,36.6,16.0
z_45.0_-1.5,2030,4,2030-T4,Augmentation,72.6,72.6,7.8,19.6
z_45.0_-19.5,2023,1,2023-T1,Stable,92.6,3.4,4.0,92.6
z_45.0_-19.5,2023,2,2023-T2,Stable,95.5,1.5,3.0,95.5
z_45.0_-19.5,2023,3,2023-T3,Stable,94.0,2.3,3.7,94.0
z_45.0_-19.5,2023,4,2023-T4,Stable,93.7,2.7,3.6,93.7
z_45.0_-19.5,2024,1,2024-T1,Stable,92.6,3.4,4.0,92.6
z_45.0_-19.5,2024,2,2024-T2,Stable,95.5,1.5,3.0,95.5
z_45.0_-19.5,2024,3,2024-T3,Stable,91.8,3.6,4.6,91.8
z_45.0_-19.5,2024,4,2024-T4,Stable,92.6,3.6,3.9,92.6
z_45.0_-19.5,2025,1,2025-T1,Stable,93.7,3.4,2.9,93.7
z_45.0_-19.5,2025,2,2025-T2,Stable,90.3,6.5,3.1,90.3
z_45.0_-19.5,2025,3,2025-T3,Stable,94.0,2.3,3.7,94.0
z_45.0_-19.5,2025,4,2025-T4,Stable,93.7,2.7,3.6,93.7
z_45.0_-19.5,2026,1,2026-T1,Stable,92.6,3.4,4.0,92.6
z_45.0_-19.5,2026,2,2026-T2,Stable,95.3,1.6,3.1,95.3
z_45.0_-19.5,2026,3,2026-T3,Stable,94.0,2.3,3.7,94.0
z_45.0_-19.5,2026,4,2026-T4,Stable,93.7,2.7,3.6,93.7
z_45.0_-19.5,2027,1,2027-T1,Stable,92.6,3.4,4.0,92.6
z_45.0_-19.5,2027,2,2027-T2,Stable,94.5,1.8,3.7,94.5
z_45.0_-19.5,2027,3,2027-T3,Stable,94.0,2.3,3.7,94.0
z_45.0_-19.5,2027,4,2027-T4,Stable,93.7,2.7,3.6,93.7
z_45.0_-19.5,2028,1,2028-T1,Stable,92.6,3.4,4.0,92.6
z_45.0_-19.5,2028,2,2028-T2,Stable,94.2,2.5,3.3,94.2
z_45.0_-19.5,2028,3,2028-T3,Stable,94.0,2.3,3.7,94.0
z_45.0_-19.5,2028,4,2028-T4,Stable,93.7,2.7,3.6,93.7
z_45.0_-19.5,2029,1,2029-T1,Stable,92.6,3.4,4.0,92.6
z_45.0_-19.5,2029,2,2029-T2,Stable,94.1,2.5,3.5,94.1
z_45.0_-19.5,2029,3,2029-T3,Stable,94.0,2.3,3.7,94.0
z_45.0_-19.5,2029,4,2029-T4,Stable,93.7,2.7,3.6,93.7
z_45.0_-19.5,2030,1,2030-T1,Stable,92.6,3.4,4.0,92.6
z_45.0_-19.5,2030,2,2030-T2,Stable,95.5,1.5,3.0,95.5
z_45.0_-19.5,2030,3,2030-T3,Stable,94.0,2.3,3.7,94.0
z_45.0_-19.5,2030,4,2030-T4,Stable,93.7,2.7,3.6,93.7
z_45.0_-3.0,2023,1,2023-T1,Augmentation,65.2,65.2,23.8,11.0
z_45.0_-3.0,2023,2,2023-T2,Augmentation,50.5,50.5,37.7,11.8
z_45.0_-3.0,2023,3,2023-T3,Augmentation,69.5,69.5,8.7,21.8
z_45.0_-3.0,2023,4,2023-T4,Augmentation,45.6,45.6,40.9,13.6
z_45.0_-3.0,2024,1,2024-T1,Augmentation,56.0,56.0,31.7,12.2
z_45.0_-3.0,2024,2,2024-T2,Diminution,51.3,35.6,51.3,13.1
z_45.0_-3.0,2024,3,2024-T3,Augmentation,68.6,68.6,9.4,22.0
z_45.0_-3.0,2024,4,2024-T4,Augmentation,42.3,42.3,44.9,12.8
z_45.0_-3.0,2025,1,2025-T1,Augmentation,48.5,48.5,35.0,16.6
z_45.0_-3.0,2025,2,2025-T2,Diminution,54.0,31.5,54.0,14.6
z_45.0_-3.0,2025,3,2025-T3,Augmentation,67.5,67.5,12.3,20.2
z_45.0_-3.0,2025,4,2025-T4,Diminution,53.5,34.8,53.5,11.6
z_45.0_-3.0,2026,1,2026-T1,Diminution,48.6,35.4,48.6,16.0
z_45.0_-3.0,2026,2,2026-T2,Diminution,50.3,36.7,50.3,13.0
z_45.0_-3.0,2026,3,2026-T3,Augmentation,71.8,71.8,9.7,18.5
z_45.0_-3.0,2026,4,2026-T4,Diminution,53.2,34.9,53.2,11.9
z_45.0_-3.0,2027,1,2027-T1,Augmentation,46.8,46.8,37.4,15.7
z_45.0_-3.0,2027,2,2027-T2,Diminution,51.3,35.9,51.3,12.9
z_45.0_-3.0,2027,3,2027-T3,Augmentation,72.6,72.6,10.1,17.4
z_45.0_-3.0,2027,4,2027-T4,Diminution,51.7,35.9,51.7,12.5
z_45.0_-3.0,2028,1,2028-T1,Augmentation,45.8,45.8,38.3,15.9
z_45.0_-3.0,2028,2,2028-T2,Diminution,50.3,36.8,50.3,12.9
z_45.0_-3.0,2028,3,2028-T3,Augmentation,71.5,71.5,10.8,17.7
z_45.0_-3.0,2028,4,2028-T4,Diminution,51.8,35.8,51.8,12.3
z_45.0_-3.0,2029,1,2029-T1,Augmentation,45.5,45.5,39.1,15.4
z_45.0_-3.0,2029,2,2029-T2,Diminution,50.8,36.4,50.8,12.8
z_45.0_-3.0,2029,3,2029-T3,Augmentation,72.3,72.3,10.7,17.0
z_45.0_-3.0,2029,4,2029-T4,Diminution,50.9,36.8,50.9,12.3
z_45.0_-3.0,2030,1,2030-T1,Augmentation,46.1,46.1,38.1,15.8
z_45.0_-3.0,2030,2,2030-T2,Diminution,50.8,36.4,50.8,12.8
z_45.0_-3.0,2030,3,2030-T3,Augmentation,71.9,71.9,10.2,18.0
z_45.0_-3.0,2030,4,2030-T4,Diminution,51.4,36.3,51.4,12.2
z_45.0_-4.5,2023,1,2023-T1,Augmentation,58.1,58.1,3.0,38.9
z_45.0_-4.5,2023,2,2023-T2,Stable,67.1,21.1,11.9,67.1
z_45.0_-4.5,2023,3,2023-T3,Diminution,81.8,5.9,81.8,12.4
z_45.0_-4.5,2023,4,2023-T4,Stable,78.1,13.9,8.0,78.1
z_45.0_-4.5,2024,1,2024-T1,Stable,70.6,21.2,8.2,70.6
z_45.0_-4.5,2024,2,2024-T2,Stable,71.3,14.4,14.4,71.3
z_45.0_-4.5,2024,3,2024-T3,Diminution,88.4,1.0,88.4,10.5
z_45.0_-4.5,2024,4,2024-T4,Stable,90.6,4.7,4.7,90.6
z_45.0_-4.5,2025,1,2025-T1,Stable,72.8,15.5,11.7,72.8
z_45.0_-4.5,2025,2,2025-T2,Stable,73.2,18.3,8.5,73.2
z_45.0_-4.5,2025,3,2025-T3,Diminution,83.0,2.1,83.0,14.8
z_45.0_-4.5,2025,4,2025-T4,Stable,75.5,16.6,7.9,75.5
z_45.0_-4.5,2026,1,2026-T1,Stable,74.8,18.3,6.9,74.8
z_45.0_-4.5,2026,2,2026-T2,Stable,76.6,12.5,10.9,76.6
z_45.0_-4.5,2026,3,2026-T3,Diminution,87.1,1.3,87.1,11.6
z_45.0_-4.5,2026,4,2026-T4,Stable,91.0,6.1,2.8,91.0
z_45.0_-4.5,2027,1,2027-T1,Stable,86.8,9.5,3.7,86.8
z_45.0_-4.5,2027,2,2027-T2,Stable,77.4,14.8,7.8,77.4
z_45.0_-4.5,2027,3,2027-T3,Diminution,88.7,0.6,88.7,10.7
z_45.0_-4.5,2027,4,2027-T4,Stable,91.1,5.4,3.5,91.1
z_45.0_-4.5,2028,1,2028-T1,Stable,85.1,11.1,3.7,85.1
z_45.0_-4.5,2028,2,2028-T2,Stable,76.9,15.8,7.3,76.9
z_45.0_-4.5,2028,3,2028-T3,Diminution,88.4,1.0,88.4,10.6
z_45.0_-4.5,2028,4,2028-T4,Stable,91.7,5.2,3.1,91.7
z_45.0_-4.5,2029,1,2029-T1,Stable,87.3,9.4,3.3,87.3
z_45.0_-4.5,2029,2,2029-T2,Stable,76.9,15.8,7.3,76.9
z_45.0_-4.5,2029,3,2029-T3,Diminution,89.6,0.6,89.6,9.8
z_45.0_-4.5,2029,4,2029-T4,Stable,91.2,5.5,3.3,91.2
z_45.0_-4.5,2030,1,2030-T1,Stable,85.8,10.7,3.5,85.8
z_45.0_-4.5,2030,2,2030-T2,Stable,76.9,15.8,7.3,76.9
z_45.0_-4.5,2030,3,2030-T3,Diminution,89.6,0.7,89.6,9.7
z_45.0_-4.5,2030,4,2030-T4,Stable,91.3,5.8,2.9,91.3
z_45.0_-6.0,2023,1,2023-T1,Stable,93.5,1.5,5.0,93.5
z_45.0_-6.0,2023,2,2023-T2,Stable,92.7,2.3,5.1,92.7
z_45.0_-6.0,2023,3,2023-T3,Stable,92.1,3.7,4.3,92.1
z_45.0_-6.0,2023,4,2023-T4,Stable,98.2,0.3,1.4,98.2
z_45.0_-6.0,2024,1,2024-T1,Stable,93.0,2.7,4.4,93.0
z_45.0_-6.0,2024,2,2024-T2,Stable,98.1,0.1,1.8,98.1
z_45.0_-6.0,2024,3,2024-T3,Stable,96.2,0.5,3.4,96.2
z_45.0_-6.0,2024,4,2024-T4,Stable,95.3,0.6,4.1,95.3
z_45.0_-6.0,2025,1,2025-T1,Stable,92.2,2.7,5.1,92.2
z_45.0_-6.0,2025,2,2025-T2,Stable,98.1,0.3,1.5,98.1
z_45.0_-6.0,2025,3,2025-T3,Stable,93.0,1.5,5.5,93.0
z_45.0_-6.0,2025,4,2025-T4,Stable,98.0,0.2,1.8,98.0
z_45.0_-6.0,2026,1,2026-T1,Stable,94.8,1.0,4.3,94.8
z_45.0_-6.0,2026,2,2026-T2,Stable,98.1,0.1,1.8,98.1
z_45.0_-6.0,2026,3,2026-T3,Stable,96.2,0.5,3.3,96.2
z_45.0_-6.0,2026,4,2026-T4,Stable,98.0,0.2,1.8,98.0
z_45.0_-6.0,2027,1,2027-T1,Stable,97.7,0.4,1.9,97.7
z_45.0_-6.0,2027,2,2027-T2,Stable,98.1,0.1,1.8,98.1
z_45.0_-6.0,2027,3,2027-T3,Stable,93.4,1.1,5.5,93.4
z_45.0_-6.0,2027,4,2027-T4,Stable,98.0,0.2,1.8,98.0
z_45.0_-6.0,2028,1,2028-T1,Stable,95.8,1.2,3.0,95.8
z_45.0_-6.0,2028,2,2028-T2,Stable,98.1,0.1,1.8,98.1
z_45.0_-6.0,2028,3,2028-T3,Stable,97.9,0.2,1.9,97.9
z_45.0_-6.0,2028,4,2028-T4,Stable,98.0,0.2,1.8,98.0
z_45.0_-6.0,2029,1,2029-T1,Stable,97.8,0.4,1.8,97.8
z_45.0_-6.0,2029,2,2029-T2,Stable,98.1,0.1,1.8,98.1
z_45.0_-6.0,2029,3,2029-T3,Stable,96.6,0.4,3.1,96.6
z_45.0_-6.0,2029,4,2029-T4,Stable,98.0,0.2,1.8,98.0
z_45.0_-6.0,2030,1,2030-T1,Stable,97.8,0.4,1.8,97.8
z_45.0_-6.0,2030,2,2030-T2,Stable,98.1,0.1,1.8,98.1
z_45.0_-6.0,2030,3,2030-T3,Stable,97.9,0.1,1.9,97.9
z_45.0_-6.0,2030,4,2030-T4,Stable,98.0,0.2,1.8,98.0
z_45.0_-7.5,2023,1,2023-T1,Stable,97.6,0.2,2.2,97.6
z_45.0_-7.5,2023,2,2023-T2,Stable,97.7,0.1,2.2,97.7
z_45.0_-7.5,2023,3,2023-T3,Diminution,88.6,1.1,88.6,10.3
z_45.0_-7.5,2023,4,2023-T4,Stable,97.5,0.4,2.0,97.5
z_45.0_-7.5,2024,1,2024-T1,Stable,97.6,0.2,2.2,97.6
z_45.0_-7.5,2024,2,2024-T2,Stable,97.7,0.1,2.2,97.7
z_45.0_-7.5,2024,3,2024-T3,Diminution,90.0,1.4,90.0,8.6
z_45.0_-7.5,2024,4,2024-T4,Stable,97.5,0.4,2.0,97.5
z_45.0_-7.5,2025,1,2025-T1,Stable,97.6,0.2,2.2,97.6
z_45.0_-7.5,2025,2,2025-T2,Stable,97.7,0.1,2.2,97.7
z_45.0_-7.5,2025,3,2025-T3,Diminution,89.4,1.2,89.4,9.4
z_45.0_-7.5,2025,4,2025-T4,Stable,96.6,0.7,2.7,96.6
z_45.0_-7.5,2026,1,2026-T1,Stable,97.8,0.7,1.5,97.8
z_45.0_-7.5,2026,2,2026-T2,Stable,95.3,1.5,3.2,95.3
z_45.0_-7.5,2026,3,2026-T3,Diminution,90.1,1.2,90.1,8.7
z_45.0_-7.5,2026,4,2026-T4,Stable,97.5,0.4,2.0,97.5
z_45.0_-7.5,2027,1,2027-T1,Stable,97.6,0.2,2.2,97.6
z_45.0_-7.5,2027,2,2027-T2,Stable,96.3,0.4,3.2,96.3
z_45.0_-7.5,2027,3,2027-T3,Diminution,90.1,1.2,90.1,8.7
z_45.0_-7.5,2027,4,2027-T4,Stable,97.5,0.4,2.0,97.5
z_45.0_-7.5,2028,1,2028-T1,Stable,97.6,0.2,2.2,97.6
z_45.0_-7.5,2028,2,2028-T2,Stable,96.9,0.2,3.0,96.9
z_45.0_-7.5,2028,3,2028-T3,Diminution,90.1,1.2,90.1,8.7
z_45.0_-7.5,2028,4,2028-T4,Stable,97.5,0.4,2.0,97.5
z_45.0_-7.5,2029,1,2029-T1,Stable,97.6,0.2,2.2,97.6
z_45.0_-7.5,2029,2,2029-T2,Stable,97.7,0.2,2.1,97.7
z_45.0_-7.5,2029,3,2029-T3,Diminution,90.1,1.2,90.1,8.7
z_45.0_-7.5,2029,4,2029-T4,Stable,97.5,0.4,2.0,97.5
z_45.0_-7.5,2030,1,2030-T1,Stable,97.6,0.2,2.2,97.6
z_45.0_-7.5,2030,2,2030-T2,Stable,96.6,0.4,3.0,96.6
z_45.0_-7.5,2030,3,2030-T3,Diminution,90.1,1.2,90.1,8.7
z_45.0_-7.5,2030,4,2030-T4,Stable,97.5,0.4,2.0,97.5
z_45.0_-9.0,2023,1,2023-T1,Stable,92.7,1.7,5.6,92.7
z_45.0_-9.0,2023,2,2023-T2,Stable,84.6,8.2,7.3,84.6
z_45.0_-9.0,2023,3,2023-T3,Stable,84.6,5.3,10.1,84.6
z_45.0_-9.0,2023,4,2023-T4,Stable,94.3,1.7,4.0,94.3
z_45.0_-9.0,2024,1,2024-T1,Stable,87.5,2.9,9.5,87.5
z_45.0_-9.0,2024,2,2024-T2,Stable,93.4,2.0,4.6,93.4
z_45.0_-9.0,2024,3,2024-T3,Stable,97.1,0.4,2.5,97.1
z_45.0_-9.0,2024,4,2024-T4,Stable,89.2,2.6,8.3,89.2
z_45.0_-9.0,2025,1,2025-T1,Stable,95.9,0.8,3.4,95.9
z_45.0_-9.0,2025,2,2025-T2,Stable,93.1,1.4,5.6,93.1
z_45.0_-9.0,2025,3,2025-T3,Stable,83.9,8.9,7.2,83.9
z_45.0_-9.0,2025,4,2025-T4,Stable,64.6,28.1,7.4,64.6
z_45.0_-9.0,2026,1,2026-T1,Stable,82.6,10.9,6.6,82.6
z_45.0_-9.0,2026,2,2026-T2,Stable,87.2,3.7,9.1,87.2
z_45.0_-9.0,2026,3,2026-T3,Stable,94.0,1.4,4.6,94.0
z_45.0_-9.0,2026,4,2026-T4,Stable,92.1,0.7,7.2,92.1
z_45.0_-9.0,2027,1,2027-T1,Stable,95.9,0.7,3.3,95.9
z_45.0_-9.0,2027,2,2027-T2,Stable,94.8,1.2,4.0,94.8
z_45.0_-9.0,2027,3,2027-T3,Stable,91.7,1.4,6.9,91.7
z_45.0_-9.0,2027,4,2027-T4,Stable,92.2,1.2,6.6,92.2
z_45.0_-9.0,2028,1,2028-T1,Stable,92.7,2.7,4.6,92.7
z_45.0_-9.0,2028,2,2028-T2,Stable,94.7,0.9,4.4,94.7
z_45.0_-9.0,2028,3,2028-T3,Stable,91.8,0.7,7.5,91.8
z_45.0_-9.0,2028,4,2028-T4,Stable,94.0,0.9,5.1,94.0
z_45.0_-9.0,2029,1,2029-T1,Stable,97.5,0.4,2.2,97.5
z_45.0_-9.0,2029,2,2029-T2,Stable,96.2,0.7,3.1,96.2
z_45.0_-9.0,2029,3,2029-T3,Stable,94.5,0.4,5.1,94.5
z_45.0_-9.0,2029,4,2029-T4,Stable,95.9,0.6,3.5,95.9
z_45.0_-9.0,2030,1,2030-T1,Stable,95.7,1.2,3.1,95.7
z_45.0_-9.0,2030,2,2030-T2,Stable,94.5,1.2,4.3,94.5
z_45.0_-9.0,2030,3,2030-T3,Stable,93.0,0.8,6.2,93.0
z_45.0_-9.0,2030,4,2030-T4,Stable,95.9,0.6,3.5,95.9
z_45.0_12.0,2023,1,2023-T1,Augmentation,51.3,51.3,29.4,19.3
z_45.0_12.0,2023,2,2023-T2,Augmentation,70.3,70.3,17.1,12.6
z_45.0_12.0,2023,3,2023-T3,Augmentation,55.8,55.8,29.6,14.5
z_45.0_12.0,2023,4,2023-T4,Augmentation,42.4,42.4,38.4,19.2
z_45.0_12.0,2024,1,2024-T1,Augmentation,38.7,38.7,43.4,17.9
z_45.0_12.0,2024,2,2024-T2,Augmentation,48.0,48.0,36.0,16.0
z_45.0_12.0,2024,3,2024-T3,Augmentation,49.8,49.8,36.7,13.5
z_45.0_12.0,2024,4,2024-T4,Augmentation,44.2,44.2,36.8,19.0
z_45.0_12.0,2025,1,2025-T1,Augmentation,42.5,42.5,32.1,25.4
z_45.0_12.0,2025,2,2025-T2,Augmentation,41.3,41.3,45.3,13.4
z_45.0_12.0,2025,3,2025-T3,Augmentation,47.9,47.9,37.0,15.1
z_45.0_12.0,2025,4,2025-T4,Augmentation,56.4,56.4,25.4,18.1
z_45.0_12.0,2026,1,2026-T1,Augmentation,44.0,44.0,42.0,14.0
z_45.0_12.0,2026,2,2026-T2,Augmentation,49.3,49.3,35.3,15.4
z_45.0_12.0,2026,3,2026-T3,Augmentation,47.0,47.0,36.1,16.9
z_45.0_12.0,2026,4,2026-T4,Augmentation,52.9,52.9,32.5,14.6
z_45.0_12.0,2027,1,2027-T1,Augmentation,43.9,43.9,40.3,15.8
z_45.0_12.0,2027,2,2027-T2,Augmentation,46.8,46.8,37.8,15.4
z_45.0_12.0,2027,3,2027-T3,Augmentation,44.6,44.6,37.4,18.0
z_45.0_12.0,2027,4,2027-T4,Augmentation,44.7,44.7,39.9,15.4
z_45.0_12.0,2028,1,2028-T1,Augmentation,43.7,43.7,41.4,14.9
z_45.0_12.0,2028,2,2028-T2,Augmentation,45.5,45.5,38.6,15.9
z_45.0_12.0,2028,3,2028-T3,Augmentation,44.1,44.1,38.8,17.1
z_45.0_12.0,2028,4,2028-T4,Augmentation,49.5,49.5,35.6,14.9
z_45.0_12.0,2029,1,2029-T1,Augmentation,41.3,41.3,43.2,15.4
z_45.0_12.0,2029,2,2029-T2,Augmentation,45.4,45.4,38.7,15.9
z_45.0_12.0,2029,3,2029-T3,Augmentation,52.5,52.5,32.8,14.7
z_45.0_12.0,2029,4,2029-T4,Augmentation,47.3,47.3,37.5,15.2
z_45.0_12.0,2030,1,2030-T1,Augmentation,41.4,41.4,42.8,15.8
z_45.0_12.0,2030,2,2030-T2,Augmentation,45.4,45.4,38.5,16.1
z_45.0_12.0,2030,3,2030-T3,Augmentation,49.1,49.1,36.2,14.7
z_45.0_12.0,2030,4,2030-T4,Augmentation,46.5,46.5,37.7,15.8
z_45.0_13.5,2023,1,2023-T1,Augmentation,61.4,61.4,3.7,34.9
z_45.0_13.5,2023,2,2023-T2,Diminution,65.9,18.9,65.9,15.2
z_45.0_13.5,2023,3,2023-T3,Stable,48.4,46.2,5.4,48.4
z_45.0_13.5,2023,4,2023-T4,Augmentation,63.3,63.3,5.4,31.3
z_45.0_13.5,2024,1,2024-T1,Augmentation,54.7,54.7,5.5,39.8
z_45.0_13.5,2024,2,2024-T2,Augmentation,37.2,37.2,40.3,22.5
z_45.0_13.5,2024,3,2024-T3,Augmentation,56.5,56.5,8.0,35.4
z_45.0_13.5,2024,4,2024-T4,Augmentation,51.6,51.6,6.5,41.9
z_45.0_13.5,2025,1,2025-T1,Augmentation,47.0,47.0,8.0,44.9
z_45.0_13.5,2025,2,2025-T2,Augmentation,37.9,37.9,40.5,21.5
z_45.0_13.5,2025,3,2025-T3,Augmentation,68.4,68.4,7.2,24.5
z_45.0_13.5,2025,4,2025-T4,Augmentation,70.6,70.6,7.2,22.2
z_45.0_13.5,2026,1,2026-T1,Augmentation,52.5,52.5,8.9,38.6
z_45.0_13.5,2026,2,2026-T2,Diminution,56.8,22.7,56.8,20.5
z_45.0_13.5,2026,3,2026-T3,Stable,56.9,36.1,7.0,56.9
z_45.0_13.5,2026,4,2026-T4,Augmentation,53.5,53.5,4.6,41.9
z_45.0_13.5,2027,1,2027-T1,Augmentation,52.7,52.7,6.2,41.1
z_45.0_13.5,2027,2,2027-T2,Diminution,61.0,23.1,61.0,15.9
z_45.0_13.5,2027,3,2027-T3,Stable,48.8,47.1,4.1,48.8
z_45.0_13.5,2027,4,2027-T4,Stable,50.2,44.9,4.9,50.2
z_45.0_13.5,2028,1,2028-T1,Augmentation,49.4,49.4,5.0,45.5
z_45.0_13.5,2028,2,2028-T2,Diminution,62.0,22.4,62.0,15.6
z_45.0_13.5,2028,3,2028-T3,Stable,54.5,40.9,4.6,54.5
z_45.0_13.5,2028,4,2028-T4,Stable,48.1,47.9,4.1,48.1
z_45.0_13.5,2029,1,2029-T1,Augmentation,48.8,48.8,5.9,45.3
z_45.0_13.5,2029,2,2029-T2,Diminution,62.0,23.2,62.0,14.8
z_45.0_13.5,2029,3,2029-T3,Stable,58.0,37.4,4.6,58.0
z_45.0_13.5,2029,4,2029-T4,Stable,50.0,45.2,4.8,50.0
z_45.0_13.5,2030,1,2030-T1,Augmentation,47.0,47.0,6.6,46.5
z_45.0_13.5,2030,2,2030-T2,Diminution,60.4,22.0,60.4,17.6
z_45.0_13.5,2030,3,2030-T3,Stable,56.9,38.3,4.8,56.9
z_45.0_13.5,2030,4,2030-T4,Stable,49.7,45.3,5.0,49.7
z_45.0_28.5,2023,1,2023-T1,Diminution,88.4,2.6,88.4,9.0
z_45.0_28.5,2023,2,2023-T2,Stable,95.6,1.7,2.8,95.6
z_45.0_28.5,2023,3,2023-T3,Stable,94.2,2.1,3.6,94.2
z_45.0_28.5,2023,4,2023-T4,Stable,94.2,2.3,3.5,94.2
z_45.0_28.5,2024,1,2024-T1,Diminution,88.4,2.6,88.4,9.0
z_45.0_28.5,2024,2,2024-T2,Stable,95.6,1.7,2.8,95.6
z_45.0_28.5,2024,3,2024-T3,Stable,91.7,2.9,5.4,91.7
z_45.0_28.5,2024,4,2024-T4,Stable,91.9,3.3,4.8,91.9
z_45.0_28.5,2025,1,2025-T1,Diminution,77.1,15.7,77.1,7.2
z_45.0_28.5,2025,2,2025-T2,Stable,89.9,6.6,3.6,89.9
z_45.0_28.5,2025,3,2025-T3,Stable,94.2,2.1,3.6,94.2
z_45.0_28.5,2025,4,2025-T4,Stable,94.2,2.3,3.5,94.2
z_45.0_28.5,2026,1,2026-T1,Diminution,88.4,2.6,88.4,9.0
z_45.0_28.5,2026,2,2026-T2,Stable,93.2,1.9,4.9,93.2
z_45.0_28.5,2026,3,2026-T3,Stable,94.2,2.1,3.6,94.2
z_45.0_28.5,2026,4,2026-T4,Stable,94.2,2.3,3.5,94.2
z_45.0_28.5,2027,1,2027-T1,Diminution,88.4,2.6,88.4,9.0
z_45.0_28.5,2027,2,2027-T2,Stable,92.7,1.6,5.7,92.7
z_45.0_28.5,2027,3,2027-T3,Stable,94.2,2.1,3.6,94.2
z_45.0_28.5,2027,4,2027-T4,Stable,94.2,2.3,3.5,94.2
z_45.0_28.5,2028,1,2028-T1,Diminution,88.4,2.6,88.4,9.0
z_45.0_28.5,2028,2,2028-T2,Stable,92.7,1.6,5.8,92.7
z_45.0_28.5,2028,3,2028-T3,Stable,94.2,2.1,3.6,94.2
z_45.0_28.5,2028,4,2028-T4,Stable,94.2,2.3,3.5,94.2
z_45.0_28.5,2029,1,2029-T1,Diminution,88.4,2.6,88.4,9.0
z_45.0_28.5,2029,2,2029-T2,Stable,93.6,1.9,4.4,93.6
z_45.0_28.5,2029,3,2029-T3,Stable,94.2,2.1,3.6,94.2
z_45.0_28.5,2029,4,2029-T4,Stable,94.2,2.3,3.5,94.2
z_45.0_28.5,2030,1,2030-T1,Diminution,88.4,2.6,88.4,9.0
z_45.0_28.5,2030,2,2030-T2,Stable,95.6,1.7,2.8,95.6
z_45.0_28.5,2030,3,2030-T3,Stable,94.2,2.1,3.6,94.2
z_45.0_28.5,2030,4,2030-T4,Stable,94.2,2.3,3.5,94.2
z_45.0_36.0,2023,1,2023-T1,Diminution,88.9,1.3,88.9,9.8
z_45.0_36.0,2023,2,2023-T2,Stable,94.9,2.4,2.6,94.9
z_45.0_36.0,2023,3,2023-T3,Diminution,89.6,0.9,89.6,9.6
z_45.0_36.0,2023,4,2023-T4,Stable,88.2,8.7,3.0,88.2
z_45.0_36.0,2024,1,2024-T1,Diminution,88.7,1.3,88.7,10.0
z_45.0_36.0,2024,2,2024-T2,Stable,93.6,3.6,2.8,93.6
z_45.0_36.0,2024,3,2024-T3,Diminution,83.2,1.2,83.2,15.6
z_45.0_36.0,2024,4,2024-T4,Stable,81.3,14.7,3.9,81.3
z_45.0_36.0,2025,1,2025-T1,Diminution,84.0,2.7,84.0,13.3
z_45.0_36.0,2025,2,2025-T2,Stable,90.3,6.9,2.8,90.3
z_45.0_36.0,2025,3,2025-T3,Diminution,89.4,0.8,89.4,9.8
z_45.0_36.0,2025,4,2025-T4,Stable,91.6,5.8,2.7,91.6
z_45.0_36.0,2026,1,2026-T1,Diminution,88.9,1.3,88.9,9.8
z_45.0_36.0,2026,2,2026-T2,Stable,94.6,2.8,2.6,94.6
z_45.0_36.0,2026,3,2026-T3,Diminution,89.4,0.7,89.4,9.8
z_45.0_36.0,2026,4,2026-T4,Stable,90.6,6.1,3.3,90.6
z_45.0_36.0,2027,1,2027-T1,Diminution,88.9,1.3,88.9,9.8
z_45.0_36.0,2027,2,2027-T2,Stable,93.7,3.1,3.2,93.7
z_45.0_36.0,2027,3,2027-T3,Diminution,89.4,0.7,89.4,9.8
z_45.0_36.0,2027,4,2027-T4,Stable,90.7,6.5,2.8,90.7
z_45.0_36.0,2028,1,2028-T1,Diminution,88.9,1.3,88.9,9.8
z_45.0_36.0,2028,2,2028-T2,Stable,92.0,4.8,3.2,92.0
z_45.0_36.0,2028,3,2028-T3,Diminution,89.4,0.7,89.4,9.8
z_45.0_36.0,2028,4,2028-T4,Stable,91.5,5.7,2.8,91.5
z_45.0_36.0,2029,1,2029-T1,Diminution,88.9,1.3,88.9,9.8
z_45.0_36.0,2029,2,2029-T2,Stable,91.8,5.1,3.1,91.8
z_45.0_36.0,2029,3,2029-T3,Diminution,89.4,0.7,89.4,9.8
z_45.0_36.0,2029,4,2029-T4,Stable,92.2,5.1,2.7,92.2
z_45.0_36.0,2030,1,2030-T1,Diminution,88.9,1.3,88.9,9.8
z_45.0_36.0,2030,2,2030-T2,Stable,94.9,2.4,2.6,94.9
z_45.0_36.0,2030,3,2030-T3,Diminution,89.4,0.7,89.4,9.8
z_45.0_36.0,2030,4,2030-T4,Stable,92.2,5.1,2.7,92.2
z_46.5_-10.5,2023,1,2023-T1,Stable,97.7,0.2,2.1,97.7
z_46.5_-10.5,2023,2,2023-T2,Stable,96.9,0.3,2.7,96.9
z_46.5_-10.5,2023,3,2023-T3,Stable,95.8,1.1,3.1,95.8
z_46.5_-10.5,2023,4,2023-T4,Stable,98.2,0.2,1.7,98.2
z_46.5_-10.5,2024,1,2024-T1,Stable,88.9,2.4,8.8,88.9
z_46.5_-10.5,2024,2,2024-T2,Stable,97.4,0.4,2.2,97.4
z_46.5_-10.5,2024,3,2024-T3,Stable,98.2,0.3,1.5,98.2
z_46.5_-10.5,2024,4,2024-T4,Stable,95.1,1.6,3.3,95.1
z_46.5_-10.5,2025,1,2025-T1,Stable,96.4,0.7,3.0,96.4
z_46.5_-10.5,2025,2,2025-T2,Stable,98.0,0.1,1.8,98.0
z_46.5_-10.5,2025,3,2025-T3,Stable,97.6,0.4,2.0,97.6
z_46.5_-10.5,2025,4,2025-T4,Stable,96.5,0.7,2.9,96.5
z_46.5_-10.5,2026,1,2026-T1,Stable,96.3,0.8,3.0,96.3
z_46.5_-10.5,2026,2,2026-T2,Stable,98.0,0.1,1.8,98.0
z_46.5_-10.5,2026,3,2026-T3,Stable,97.6,0.4,2.0,97.6
z_46.5_-10.5,2026,4,2026-T4,Stable,96.4,0.4,3.2,96.4
z_46.5_-10.5,2027,1,2027-T1,Stable,97.5,0.2,2.3,97.5
z_46.5_-10.5,2027,2,2027-T2,Stable,98.0,0.1,1.8,98.0
z_46.5_-10.5,2027,3,2027-T3,Stable,97.6,0.4,2.0,97.6
z_46.5_-10.5,2027,4,2027-T4,Stable,97.5,0.3,2.2,97.5
z_46.5_-10.5,2028,1,2028-T1,Stable,96.0,0.9,3.1,96.0
z_46.5_-10.5,2028,2,2028-T2,Stable,98.0,0.1,1.8,98.0
z_46.5_-10.5,2028,3,2028-T3,Stable,97.6,0.4,2.0,97.6
z_46.5_-10.5,2028,4,2028-T4,Stable,96.8,0.4,2.9,96.8
z_46.5_-10.5,2029,1,2029-T1,Stable,97.7,0.2,2.1,97.7
z_46.5_-10.5,2029,2,2029-T2,Stable,98.0,0.1,1.8,98.0
z_46.5_-10.5,2029,3,2029-T3,Stable,97.6,0.4,2.0,97.6
z_46.5_-10.5,2029,4,2029-T4,Stable,97.6,0.2,2.1,97.6
z_46.5_-10.5,2030,1,2030-T1,Stable,97.7,0.2,2.1,97.7
z_46.5_-10.5,2030,2,2030-T2,Stable,98.0,0.1,1.8,98.0
z_46.5_-10.5,2030,3,2030-T3,Stable,97.6,0.4,2.0,97.6
z_46.5_-10.5,2030,4,2030-T4,Stable,97.6,0.2,2.1,97.6
z_46.5_-3.0,2023,1,2023-T1,Augmentation,61.1,61.1,30.1,8.7
z_46.5_-3.0,2023,2,2023-T2,Augmentation,79.3,79.3,12.2,8.5
z_46.5_-3.0,2023,3,2023-T3,Augmentation,64.8,64.8,22.6,12.5
z_46.5_-3.0,2023,4,2023-T4,Augmentation,62.4,62.4,28.3,9.3
z_46.5_-3.0,2024,1,2024-T1,Augmentation,39.7,39.7,51.1,9.2
z_46.5_-3.0,2024,2,2024-T2,Augmentation,63.4,63.4,24.3,12.3
z_46.5_-3.0,2024,3,2024-T3,Augmentation,64.7,64.7,25.0,10.3
z_46.5_-3.0,2024,4,2024-T4,Augmentation,65.8,65.8,26.5,7.6
z_46.5_-3.0,2025,1,2025-T1,Augmentation,54.1,54.1,36.8,9.1
z_46.5_-3.0,2025,2,2025-T2,Augmentation,64.0,64.0,23.2,12.8
z_46.5_-3.0,2025,3,2025-T3,Augmentation,48.4,48.4,37.1,14.5
z_46.5_-3.0,2025,4,2025-T4,Diminution,72.4,20.3,72.4,7.4
z_46.5_-3.0,2026,1,2026-T1,Diminution,75.7,15.8,75.7,8.5
z_46.5_-3.0,2026,2,2026-T2,Augmentation,56.2,56.2,29.6,14.2
z_46.5_-3.0,2026,3,2026-T3,Augmentation,52.2,52.2,37.6,10.2
z_46.5_-3.0,2026,4,2026-T4,Augmentation,39.4,39.4,51.5,9.1
z_46.5_-3.0,2027,1,2027-T1,Augmentation,40.6,40.6,49.7,9.7
z_46.5_-3.0,2027,2,2027-T2,Augmentation,73.0,73.0,18.8,8.2
z_46.5_-3.0,2027,3,2027-T3,Augmentation,61.6,61.6,29.8,8.6
z_46.5_-3.0,2027,4,2027-T4,Augmentation,50.0,50.0,40.6,9.4
z_46.5_-3.0,2028,1,2028-T1,Augmentation,51.9,51.9,38.8,9.3
z_46.5_-3.0,2028,2,2028-T2,Augmentation,70.4,70.4,20.6,9.0
z_46.5_-3.0,2028,3,2028-T3,Augmentation,63.6,63.6,28.8,7.6
z_46.5_-3.0,2028,4,2028-T4,Augmentation,54.9,54.9,36.5,8.6
z_46.5_-3.0,2029,1,2029-T1,Augmentation,49.0,49.0,41.5,9.4
z_46.5_-3.0,2029,2,2029-T2,Augmentation,69.8,69.8,20.9,9.4
z_46.5_-3.0,2029,3,2029-T3,Augmentation,60.4,60.4,31.2,8.4
z_46.5_-3.0,2029,4,2029-T4,Augmentation,56.9,56.9,34.4,8.7
z_46.5_-3.0,2030,1,2030-T1,Augmentation,55.2,55.2,35.4,9.4
z_46.5_-3.0,2030,2,2030-T2,Augmentation,72.3,72.3,18.3,9.4
z_46.5_-3.0,2030,3,2030-T3,Augmentation,63.9,63.9,27.3,8.7
z_46.5_-3.0,2030,4,2030-T4,Augmentation,58.4,58.4,33.6,8.1
z_46.5_-36.0,2023,1,2023-T1,Stable,97.6,0.2,2.2,97.6
z_46.5_-36.0,2023,2,2023-T2,Stable,97.7,0.1,2.2,97.7
z_46.5_-36.0,2023,3,2023-T3,Stable,97.3,0.2,2.5,97.3
z_46.5_-36.0,2023,4,2023-T4,Stable,97.6,0.2,2.2,97.6
z_46.5_-36.0,2024,1,2024-T1,Stable,97.6,0.2,2.2,97.6
z_46.5_-36.0,2024,2,2024-T2,Stable,95.5,0.3,4.2,95.5
z_46.5_-36.0,2024,3,2024-T3,Stable,96.6,0.6,2.8,96.6
z_46.5_-36.0,2024,4,2024-T4,Stable,98.0,0.3,1.7,98.0
z_46.5_-36.0,2025,1,2025-T1,Stable,94.2,2.3,3.5,94.2
z_46.5_-36.0,2025,2,2025-T2,Stable,97.7,0.1,2.2,97.7
z_46.5_-36.0,2025,3,2025-T3,Stable,97.3,0.2,2.5,97.3
z_46.5_-36.0,2025,4,2025-T4,Stable,97.6,0.2,2.2,97.6
z_46.5_-36.0,2026,1,2026-T1,Stable,95.8,0.7,3.6,95.8
z_46.5_-36.0,2026,2,2026-T2,Stable,97.7,0.1,2.2,97.7
z_46.5_-36.0,2026,3,2026-T3,Stable,97.3,0.2,2.5,97.3
z_46.5_-36.0,2026,4,2026-T4,Stable,97.6,0.2,2.2,97.6
z_46.5_-36.0,2027,1,2027-T1,Stable,95.4,0.7,3.9,95.4
z_46.5_-36.0,2027,2,2027-T2,Stable,97.7,0.1,2.2,97.7
z_46.5_-36.0,2027,3,2027-T3,Stable,97.3,0.2,2.5,97.3
z_46.5_-36.0,2027,4,2027-T4,Stable,97.6,0.2,2.2,97.6
z_46.5_-36.0,2028,1,2028-T1,Stable,97.4,0.2,2.4,97.4
z_46.5_-36.0,2028,2,2028-T2,Stable,97.7,0.1,2.2,97.7
z_46.5_-36.0,2028,3,2028-T3,Stable,97.3,0.2,2.5,97.3
z_46.5_-36.0,2028,4,2028-T4,Stable,97.6,0.2,2.2,97.6
z_46.5_-36.0,2029,1,2029-T1,Stable,95.5,0.9,3.5,95.5
z_46.5_-36.0,2029,2,2029-T2,Stable,97.7,0.1,2.2,97.7
z_46.5_-36.0,2029,3,2029-T3,Stable,97.3,0.2,2.5,97.3
z_46.5_-36.0,2029,4,2029-T4,Stable,97.6,0.2,2.2,97.6
z_46.5_-36.0,2030,1,2030-T1,Stable,97.6,0.2,2.2,97.6
z_46.5_-36.0,2030,2,2030-T2,Stable,97.7,0.1,2.2,97.7
z_46.5_-36.0,2030,3,2030-T3,Stable,97.3,0.2,2.5,97.3
z_46.5_-36.0,2030,4,2030-T4,Stable,97.6,0.2,2.2,97.6
z_46.5_-4.5,2023,1,2023-T1,Diminution,54.5,33.6,54.5,11.8
z_46.5_-4.5,2023,2,2023-T2,Augmentation,43.9,43.9,41.2,14.8
z_46.5_-4.5,2023,3,2023-T3,Augmentation,56.4,56.4,24.7,18.9
z_46.5_-4.5,2023,4,2023-T4,Augmentation,52.9,52.9,36.6,10.5
z_46.5_-4.5,2024,1,2024-T1,Diminution,51.2,35.2,51.2,13.6
z_46.5_-4.5,2024,2,2024-T2,Augmentation,59.2,59.2,22.9,18.0
z_46.5_-4.5,2024,3,2024-T3,Augmentation,69.2,69.2,20.4,10.4
z_46.5_-4.5,2024,4,2024-T4,Augmentation,45.5,45.5,42.6,11.9
z_46.5_-4.5,2025,1,2025-T1,Diminution,57.1,26.6,57.1,16.3
z_46.5_-4.5,2025,2,2025-T2,Augmentation,45.2,45.2,37.5,17.3
z_46.5_-4.5,2025,3,2025-T3,Augmentation,51.4,51.4,35.1,13.6
z_46.5_-4.5,2025,4,2025-T4,Augmentation,63.0,63.0,28.5,8.5
z_46.5_-4.5,2026,1,2026-T1,Augmentation,64.8,64.8,25.6,9.6
z_46.5_-4.5,2026,2,2026-T2,Augmentation,53.2,53.2,24.8,22.0
z_46.5_-4.5,2026,3,2026-T3,Augmentation,52.3,52.3,34.1,13.6
z_46.5_-4.5,2026,4,2026-T4,Augmentation,40.4,40.4,47.7,11.9
z_46.5_-4.5,2027,1,2027-T1,Augmentation,38.9,38.9,47.4,13.7
z_46.5_-4.5,2027,2,2027-T2,Augmentation,51.4,51.4,32.9,15.7
z_46.5_-4.5,2027,3,2027-T3,Augmentation,53.4,53.4,31.9,14.7
z_46.5_-4.5,2027,4,2027-T4,Augmentation,39.5,39.5,48.1,12.4
z_46.5_-4.5,2028,1,2028-T1,Augmentation,39.3,39.3,47.3,13.4
z_46.5_-4.5,2028,2,2028-T2,Augmentation,53.4,53.4,32.8,13.8
z_46.5_-4.5,2028,3,2028-T3,Augmentation,53.1,53.1,31.7,15.2
z_46.5_-4.5,2028,4,2028-T4,Augmentation,41.1,41.1,45.6,13.2
z_46.5_-4.5,2029,1,2029-T1,Augmentation,38.9,38.9,48.5,12.5
z_46.5_-4.5,2029,2,2029-T2,Augmentation,57.3,57.3,30.0,12.7
z_46.5_-4.5,2029,3,2029-T3,Augmentation,60.5,60.5,26.1,13.4
z_46.5_-4.5,2029,4,2029-T4,Augmentation,47.6,47.6,40.4,12.1
z_46.5_-4.5,2030,1,2030-T1,Augmentation,43.8,43.8,44.4,11.8
z_46.5_-4.5,2030,2,2030-T2,Augmentation,57.4,57.4,30.9,11.7
z_46.5_-4.5,2030,3,2030-T3,Augmentation,60.8,60.8,27.3,11.9
z_46.5_-4.5,2030,4,2030-T4,Augmentation,49.5,49.5,39.1,11.4
z_46.5_-6.0,2023,1,2023-T1,Augmentation,36.2,36.2,46.4,17.4
z_46.5_-6.0,2023,2,2023-T2,Augmentation,36.5,36.5,47.7,15.8
z_46.5_-6.0,2023,3,2023-T3,Augmentation,68.6,68.6,8.9,22.5
z_46.5_-6.0,2023,4,2023-T4,Augmentation,56.5,56.5,28.0,15.6
z_46.5_-6.0,2024,1,2024-T1,Augmentation,37.6,37.6,47.6,14.8
z_46.5_-6.0,2024,2,2024-T2,Augmentation,42.1,42.1,41.4,16.5
z_46.5_-6.0,2024,3,2024-T3,Augmentation,70.4,70.4,7.4,22.1
z_46.5_-6.0,2024,4,2024-T4,Augmentation,44.1,44.1,40.9,15.0
z_46.5_-6.0,2025,1,2025-T1,Augmentation,44.7,44.7,39.5,15.8
z_46.5_-6.0,2025,2,2025-T2,Augmentation,46.9,46.9,36.9,16.2
z_46.5_-6.0,2025,3,2025-T3,Augmentation,62.1,62.1,10.8,27.1
z_46.5_-6.0,2025,4,2025-T4,Diminution,56.0,25.8,56.0,18.2
z_46.5_-6.0,2026,1,2026-T1,Diminution,72.2,15.1,72.2,12.7
z_46.5_-6.0,2026,2,2026-T2,Diminution,54.6,26.7,54.6,18.7
z_46.5_-6.0,2026,3,2026-T3,Augmentation,64.9,64.9,9.2,25.8
z_46.5_-6.0,2026,4,2026-T4,Augmentation,38.8,38.8,44.7,16.4
z_46.5_-6.0,2027,1,2027-T1,Augmentation,37.5,37.5,46.3,16.2
z_46.5_-6.0,2027,2,2027-T2,Augmentation,38.8,38.8,44.7,16.5
z_46.5_-6.0,2027,3,2027-T3,Augmentation,73.6,73.6,7.2,19.2
z_46.5_-6.0,2027,4,2027-T4,Augmentation,37.3,37.3,46.3,16.5
z_46.5_-6.0,2028,1,2028-T1,Augmentation,35.2,35.2,46.7,18.1
z_46.5_-6.0,2028,2,2028-T2,Augmentation,39.0,39.0,44.9,16.1
z_46.5_-6.0,2028,3,2028-T3,Augmentation,74.7,74.7,7.6,17.7
z_46.5_-6.0,2028,4,2028-T4,Augmentation,39.5,39.5,43.6,17.0
z_46.5_-6.0,2029,1,2029-T1,Diminution,48.2,35.2,48.2,16.5
z_46.5_-6.0,2029,2,2029-T2,Augmentation,37.0,37.0,46.4,16.6
z_46.5_-6.0,2029,3,2029-T3,Augmentation,73.6,73.6,7.9,18.5
z_46.5_-6.0,2029,4,2029-T4,Augmentation,35.9,35.9,47.3,16.7
z_46.5_-6.0,2030,1,2030-T1,Augmentation,39.6,39.6,44.2,16.2
z_46.5_-6.0,2030,2,2030-T2,Augmentation,40.0,40.0,43.8,16.2
z_46.5_-6.0,2030,3,2030-T3,Augmentation,73.6,73.6,7.9,18.5
z_46.5_-6.0,2030,4,2030-T4,Augmentation,41.0,41.0,42.8,16.1
z_46.5_-7.5,2023,1,2023-T1,Augmentation,35.6,35.6,46.4,18.0
z_46.5_-7.5,2023,2,2023-T2,Stable,68.9,23.8,7.2,68.9
z_46.5_-7.5,2023,3,2023-T3,Stable,56.5,39.3,4.2,56.5
z_46.5_-7.5,2023,4,2023-T4,Stable,68.1,24.1,7.8,68.1
z_46.5_-7.5,2024,1,2024-T1,Diminution,84.6,4.7,84.6,10.7
z_46.5_-7.5,2024,2,2024-T2,Stable,64.8,25.1,10.1,64.8
z_46.5_-7.5,2024,3,2024-T3,Stable,63.9,25.8,10.3,63.9
z_46.5_-7.5,2024,4,2024-T4,Stable,82.8,12.3,4.8,82.8
z_46.5_-7.5,2025,1,2025-T1,Diminution,81.1,5.2,81.1,13.7
z_46.5_-7.5,2025,2,2025-T2,Stable,87.4,6.8,5.8,87.4
z_46.5_-7.5,2025,3,2025-T3,Stable,80.1,13.3,6.5,80.1
z_46.5_-7.5,2025,4,2025-T4,Stable,74.8,18.2,7.0,74.8
z_46.5_-7.5,2026,1,2026-T1,Diminution,67.9,12.4,67.9,19.8
z_46.5_-7.5,2026,2,2026-T2,Stable,79.3,15.7,4.9,79.3
z_46.5_-7.5,2026,3,2026-T3,Stable,68.1,26.9,5.0,68.1
z_46.5_-7.5,2026,4,2026-T4,Stable,62.8,31.6,5.6,62.8
z_46.5_-7.5,2027,1,2027-T1,Diminution,71.1,12.7,71.1,16.3
z_46.5_-7.5,2027,2,2027-T2,Stable,66.3,29.2,4.5,66.3
z_46.5_-7.5,2027,3,2027-T3,Stable,59.6,35.5,4.9,59.6
z_46.5_-7.5,2027,4,2027-T4,Stable,61.4,34.2,4.3,61.4
z_46.5_-7.5,2028,1,2028-T1,Diminution,68.4,14.1,68.4,17.5
z_46.5_-7.5,2028,2,2028-T2,Stable,66.2,29.5,4.3,66.2
z_46.5_-7.5,2028,3,2028-T3,Stable,62.8,32.9,4.3,62.8
z_46.5_-7.5,2028,4,2028-T4,Stable,61.6,34.4,4.0,61.6
z_46.5_-7.5,2029,1,2029-T1,Diminution,70.7,11.9,70.7,17.4
z_46.5_-7.5,2029,2,2029-T2,Stable,66.6,29.0,4.4,66.6
z_46.5_-7.5,2029,3,2029-T3,Stable,64.5,31.1,4.4,64.5
z_46.5_-7.5,2029,4,2029-T4,Stable,63.6,32.2,4.3,63.6
z_46.5_-7.5,2030,1,2030-T1,Diminution,70.2,12.6,70.2,17.2
z_46.5_-7.5,2030,2,2030-T2,Stable,67.8,27.8,4.4,67.8
z_46.5_-7.5,2030,3,2030-T3,Stable,65.7,29.9,4.4,65.7
z_46.5_-7.5,2030,4,2030-T4,Stable,64.7,31.0,4.3,64.7
z_48.0_-1.5,2023,1,2023-T1,Diminution,57.2,29.7,57.2,13.1
z_48.0_-1.5,2023,2,2023-T2,Augmentation,49.4,49.4,35.3,15.3
z_48.0_-1.5,2023,3,2023-T3,Augmentation,52.0,52.0,37.9,10.1
z_48.0_-1.5,2023,4,2023-T4,Augmentation,63.3,63.3,26.6,10.0
z_48.0_-1.5,2024,1,2024-T1,Augmentation,55.6,55.6,33.7,10.6
z_48.0_-1.5,2024,2,2024-T2,Augmentation,74.2,74.2,15.7,10.1
z_48.0_-1.5,2024,3,2024-T3,Augmentation,63.2,63.2,27.2,9.6
z_48.0_-1.5,2024,4,2024-T4,Augmentation,50.2,50.2,36.6,13.2
z_48.0_-1.5,2025,1,2025-T1,Augmentation,38.0,38.0,49.0,13.0
z_48.0_-1.5,2025,2,2025-T2,Augmentation,42.1,42.1,41.6,16.3
z_48.0_-1.5,2025,3,2025-T3,Augmentation,42.9,42.9,44.5,12.6
z_48.0_-1.5,2025,4,2025-T4,Augmentation,41.2,41.2,45.6,13.1
z_48.0_-1.5,2026,1,2026-T1,Diminution,52.2,34.7,52.2,13.1
z_48.0_-1.5,2026,2,2026-T2,Augmentation,47.8,47.8,36.0,16.2
z_48.0_-1.5,2026,3,2026-T3,Augmentation,42.5,42.5,43.2,14.2
z_48.0_-1.5,2026,4,2026-T4,Augmentation,38.8,38.8,49.0,12.2
z_48.0_-1.5,2027,1,2027-T1,Diminution,51.1,35.2,51.1,13.7
z_48.0_-1.5,2027,2,2027-T2,Augmentation,51.0,51.0,33.2,15.8
z_48.0_-1.5,2027,3,2027-T3,Augmentation,44.6,44.6,42.6,12.7
z_48.0_-1.5,2027,4,2027-T4,Augmentation,39.9,39.9,47.0,13.1
z_48.0_-1.5,2028,1,2028-T1,Diminution,57.3,30.2,57.3,12.5
z_48.0_-1.5,2028,2,2028-T2,Augmentation,48.3,48.3,36.7,15.0
z_48.0_-1.5,2028,3,2028-T3,Augmentation,40.6,40.6,47.4,12.0
z_48.0_-1.5,2028,4,2028-T4,Diminution,51.1,35.6,51.1,13.3
z_48.0_-1.5,2029,1,2029-T1,Diminution,59.4,28.5,59.4,12.1
z_48.0_-1.5,2029,2,2029-T2,Augmentation,49.2,49.2,35.6,15.2
z_48.0_-1.5,2029,3,2029-T3,Augmentation,41.2,41.2,46.7,12.1
z_48.0_-1.5,2029,4,2029-T4,Augmentation,37.8,37.8,49.4,12.7
z_48.0_-1.5,2030,1,2030-T1,Diminution,56.3,30.9,56.3,12.8
z_48.0_-1.5,2030,2,2030-T2,Augmentation,49.0,49.0,35.9,15.0
z_48.0_-1.5,2030,3,2030-T3,Augmentation,41.2,41.2,46.7,12.2
z_48.0_-1.5,2030,4,2030-T4,Diminution,50.7,36.7,50.7,12.6
z_48.0_-10.5,2023,1,2023-T1,Stable,88.5,5.9,5.6,88.5
z_48.0_-10.5,2023,2,2023-T2,Stable,82.4,4.1,13.6,82.4
z_48.0_-10.5,2023,3,2023-T3,Stable,89.9,6.9,3.3,89.9
z_48.0_-10.5,2023,4,2023-T4,Stable,93.1,3.5,3.5,93.1
z_48.0_-10.5,2024,1,2024-T1,Stable,90.6,4.5,4.9,90.6
z_48.0_-10.5,2024,2,2024-T2,Stable,93.9,3.4,2.7,93.9
z_48.0_-10.5,2024,3,2024-T3,Stable,89.1,7.1,3.8,89.1
z_48.0_-10.5,2024,4,2024-T4,Stable,87.8,8.7,3.5,87.8
z_48.0_-10.5,2025,1,2025-T1,Stable,93.7,3.5,2.9,93.7
z_48.0_-10.5,2025,2,2025-T2,Stable,90.2,7.3,2.5,90.2
z_48.0_-10.5,2025,3,2025-T3,Stable,87.2,7.3,5.5,87.2
z_48.0_-10.5,2025,4,2025-T4,Stable,91.8,4.9,3.3,91.8
z_48.0_-10.5,2026,1,2026-T1,Stable,92.4,3.6,4.0,92.4
z_48.0_-10.5,2026,2,2026-T2,Stable,93.9,3.7,2.4,93.9
z_48.0_-10.5,2026,3,2026-T3,Stable,84.7,10.6,4.7,84.7
z_48.0_-10.5,2026,4,2026-T4,Stable,92.1,4.1,3.7,92.1
z_48.0_-10.5,2027,1,2027-T1,Stable,92.4,3.6,4.0,92.4
z_48.0_-10.5,2027,2,2027-T2,Stable,93.9,3.3,2.8,93.9
z_48.0_-10.5,2027,3,2027-T3,Stable,90.9,5.7,3.4,90.9
z_48.0_-10.5,2027,4,2027-T4,Stable,90.6,5.9,3.6,90.6
z_48.0_-10.5,2028,1,2028-T1,Stable,92.4,3.6,4.0,92.4
z_48.0_-10.5,2028,2,2028-T2,Stable,90.1,7.0,2.9,90.1
z_48.0_-10.5,2028,3,2028-T3,Stable,92.5,4.7,2.8,92.5
z_48.0_-10.5,2028,4,2028-T4,Stable,90.9,5.5,3.6,90.9
z_48.0_-10.5,2029,1,2029-T1,Stable,92.4,3.6,4.0,92.4
z_48.0_-10.5,2029,2,2029-T2,Stable,91.5,5.7,2.9,91.5
z_48.0_-10.5,2029,3,2029-T3,Stable,92.5,4.7,2.8,92.5
z_48.0_-10.5,2029,4,2029-T4,Stable,93.1,3.5,3.5,93.1
z_48.0_-10.5,2030,1,2030-T1,Stable,92.4,3.6,4.0,92.4
z_48.0_-10.5,2030,2,2030-T2,Stable,94.6,2.9,2.5,94.6
z_48.0_-10.5,2030,3,2030-T3,Stable,92.5,4.7,2.8,92.5
z_48.0_-10.5,2030,4,2030-T4,Stable,93.1,3.5,3.5,93.1
z_48.0_-12.0,2023,1,2023-T1,Stable,87.7,7.4,5.0,87.7
z_48.0_-12.0,2023,2,2023-T2,Stable,94.0,3.4,2.5,94.0
z_48.0_-12.0,2023,3,2023-T3,Stable,95.4,2.4,2.3,95.4
z_48.0_-12.0,2023,4,2023-T4,Stable,89.4,8.1,2.5,89.4
z_48.0_-12.0,2024,1,2024-T1,Stable,91.3,5.0,3.7,91.3
z_48.0_-12.0,2024,2,2024-T2,Stable,94.8,2.8,2.4,94.8
z_48.0_-12.0,2024,3,2024-T3,Stable,93.6,3.2,3.2,93.6
z_48.0_-12.0,2024,4,2024-T4,Stable,90.0,7.1,2.9,90.0
z_48.0_-12.0,2025,1,2025-T1,Stable,91.2,5.0,3.8,91.2
z_48.0_-12.0,2025,2,2025-T2,Stable,94.8,2.8,2.4,94.8
z_48.0_-12.0,2025,3,2025-T3,Stable,93.6,3.2,3.2,93.6
z_48.0_-12.0,2025,4,2025-T4,Stable,88.1,7.9,4.0,88.1
z_48.0_-12.0,2026,1,2026-T1,Stable,90.6,5.1,4.3,90.6
z_48.0_-12.0,2026,2,2026-T2,Stable,96.1,2.2,1.7,96.1
z_48.0_-12.0,2026,3,2026-T3,Stable,89.3,7.5,3.3,89.3
z_48.0_-12.0,2026,4,2026-T4,Stable,91.0,6.4,2.6,91.0
z_48.0_-12.0,2027,1,2027-T1,Stable,92.6,3.6,3.8,92.6
z_48.0_-12.0,2027,2,2027-T2,Stable,94.8,2.8,2.4,94.8
z_48.0_-12.0,2027,3,2027-T3,Stable,92.7,4.2,3.1,92.7
z_48.0_-12.0,2027,4,2027-T4,Stable,91.1,6.0,2.8,91.1
z_48.0_-12.0,2028,1,2028-T1,Stable,92.6,3.6,3.8,92.6
z_48.0_-12.0,2028,2,2028-T2,Stable,94.8,2.8,2.4,94.8
z_48.0_-12.0,2028,3,2028-T3,Stable,92.7,3.9,3.5,92.7
z_48.0_-12.0,2028,4,2028-T4,Stable,92.3,5.0,2.7,92.3
z_48.0_-12.0,2029,1,2029-T1,Stable,92.6,3.6,3.8,92.6
z_48.0_-12.0,2029,2,2029-T2,Stable,94.8,2.8,2.4,94.8
z_48.0_-12.0,2029,3,2029-T3,Stable,90.8,6.1,3.2,90.8
z_48.0_-12.0,2029,4,2029-T4,Stable,92.3,5.0,2.7,92.3
z_48.0_-12.0,2030,1,2030-T1,Stable,92.6,3.6,3.8,92.6
z_48.0_-12.0,2030,2,2030-T2,Stable,94.8,2.8,2.4,94.8
z_48.0_-12.0,2030,3,2030-T3,Stable,91.5,5.2,3.3,91.5
z_48.0_-12.0,2030,4,2030-T4,Stable,92.3,5.0,2.7,92.3
z_48.0_-15.0,2023,1,2023-T1,Stable,97.6,0.2,2.2,97.6
z_48.0_-15.0,2023,2,2023-T2,Stable,97.9,0.1,2.0,97.9
z_48.0_-15.0,2023,3,2023-T3,Stable,97.7,0.2,2.2,97.7
z_48.0_-15.0,2023,4,2023-T4,Stable,97.6,0.2,2.2,97.6
z_48.0_-15.0,2024,1,2024-T1,Stable,95.2,0.7,4.2,95.2
z_48.0_-15.0,2024,2,2024-T2,Stable,97.3,0.4,2.3,97.3
z_48.0_-15.0,2024,3,2024-T3,Stable,98.3,0.1,1.6,98.3
z_48.0_-15.0,2024,4,2024-T4,Stable,95.3,1.5,3.2,95.3
z_48.0_-15.0,2025,1,2025-T1,Stable,97.6,0.2,2.2,97.6
z_48.0_-15.0,2025,2,2025-T2,Stable,97.9,0.1,2.0,97.9
z_48.0_-15.0,2025,3,2025-T3,Stable,97.7,0.2,2.2,97.7
z_48.0_-15.0,2025,4,2025-T4,Stable,96.1,0.6,3.2,96.1
z_48.0_-15.0,2026,1,2026-T1,Stable,97.6,0.2,2.2,97.6
z_48.0_-15.0,2026,2,2026-T2,Stable,97.9,0.1,2.0,97.9
z_48.0_-15.0,2026,3,2026-T3,Stable,97.7,0.2,2.2,97.7
z_48.0_-15.0,2026,4,2026-T4,Stable,95.4,0.3,4.2,95.4
z_48.0_-15.0,2027,1,2027-T1,Stable,97.6,0.2,2.2,97.6
z_48.0_-15.0,2027,2,2027-T2,Stable,97.9,0.1,2.0,97.9
z_48.0_-15.0,2027,3,2027-T3,Stable,97.7,0.2,2.2,97.7
z_48.0_-15.0,2027,4,2027-T4,Stable,97.5,0.2,2.2,97.5
z_48.0_-15.0,2028,1,2028-T1,Stable,97.6,0.2,2.2,97.6
z_48.0_-15.0,2028,2,2028-T2,Stable,97.9,0.1,2.0,97.9
z_48.0_-15.0,2028,3,2028-T3,Stable,97.7,0.2,2.2,97.7
z_48.0_-15.0,2028,4,2028-T4,Stable,96.3,0.4,3.4,96.3
z_48.0_-15.0,2029,1,2029-T1,Stable,97.6,0.2,2.2,97.6
z_48.0_-15.0,2029,2,2029-T2,Stable,97.9,0.1,2.0,97.9
z_48.0_-15.0,2029,3,2029-T3,Stable,97.7,0.2,2.2,97.7
z_48.0_-15.0,2029,4,2029-T4,Stable,97.6,0.2,2.2,97.6
z_48.0_-15.0,2030,1,2030-T1,Stable,97.6,0.2,2.2,97.6
z_48.0_-15.0,2030,2,2030-T2,Stable,97.9,0.1,2.0,97.9
z_48.0_-15.0,2030,3,2030-T3,Stable,97.7,0.2,2.2,97.7
z_48.0_-15.0,2030,4,2030-T4,Stable,97.6,0.2,2.2,97.6
z_48.0_-24.0,2023,1,2023-T1,Stable,97.5,0.2,2.3,97.5
z_48.0_-24.0,2023,2,2023-T2,Stable,98.1,0.1,1.8,98.1
z_48.0_-24.0,2023,3,2023-T3,Stable,97.5,0.2,2.3,97.5
z_48.0_-24.0,2023,4,2023-T4,Stable,97.6,0.2,2.2,97.6
z_48.0_-24.0,2024,1,2024-T1,Stable,97.5,0.2,2.3,97.5
z_48.0_-24.0,2024,2,2024-T2,Stable,96.5,0.3,3.2,96.5
z_48.0_-24.0,2024,3,2024-T3,Stable,96.8,0.5,2.7,96.8
z_48.0_-24.0,2024,4,2024-T4,Stable,98.2,0.1,1.6,98.2
z_48.0_-24.0,2025,1,2025-T1,Stable,94.4,2.3,3.2,94.4
z_48.0_-24.0,2025,2,2025-T2,Stable,98.1,0.1,1.8,98.1
z_48.0_-24.0,2025,3,2025-T3,Stable,97.5,0.2,2.3,97.5
z_48.0_-24.0,2025,4,2025-T4,Stable,97.6,0.2,2.2,97.6
z_48.0_-24.0,2026,1,2026-T1,Stable,95.8,0.6,3.5,95.8
z_48.0_-24.0,2026,2,2026-T2,Stable,98.1,0.1,1.8,98.1
z_48.0_-24.0,2026,3,2026-T3,Stable,97.5,0.2,2.3,97.5
z_48.0_-24.0,2026,4,2026-T4,Stable,97.6,0.2,2.2,97.6
z_48.0_-24.0,2027,1,2027-T1,Stable,95.6,0.7,3.7,95.6
z_48.0_-24.0,2027,2,2027-T2,Stable,98.1,0.1,1.8,98.1
z_48.0_-24.0,2027,3,2027-T3,Stable,97.5,0.2,2.3,97.5
z_48.0_-24.0,2027,4,2027-T4,Stable,97.6,0.2,2.2,97.6
z_48.0_-24.0,2028,1,2028-T1,Stable,97.3,0.2,2.5,97.3
z_48.0_-24.0,2028,2,2028-T2,Stable,98.1,0.1,1.8,98.1
z_48.0_-24.0,2028,3,2028-T3,Stable,97.5,0.2,2.3,97.5
z_48.0_-24.0,2028,4,2028-T4,Stable,97.6,0.2,2.2,97.6
z_48.0_-24.0,2029,1,2029-T1,Stable,95.5,1.0,3.5,95.5
z_48.0_-24.0,2029,2,2029-T2,Stable,98.1,0.1,1.8,98.1
z_48.0_-24.0,2029,3,2029-T3,Stable,97.5,0.2,2.3,97.5
z_48.0_-24.0,2029,4,2029-T4,Stable,97.6,0.2,2.2,97.6
z_48.0_-24.0,2030,1,2030-T1,Stable,97.5,0.2,2.3,97.5
z_48.0_-24.0,2030,2,2030-T2,Stable,98.1,0.1,1.8,98.1
z_48.0_-24.0,2030,3,2030-T3,Stable,97.5,0.2,2.3,97.5
z_48.0_-24.0,2030,4,2030-T4,Stable,97.6,0.2,2.2,97.6
z_48.0_-3.0,2023,1,2023-T1,Augmentation,51.0,51.0,32.5,16.5
z_48.0_-3.0,2023,2,2023-T2,Augmentation,65.2,65.2,22.3,12.4
z_48.0_-3.0,2023,3,2023-T3,Augmentation,77.5,77.5,12.9,9.7
z_48.0_-3.0,2023,4,2023-T4,Augmentation,71.3,71.3,17.0,11.7
z_48.0_-3.0,2024,1,2024-T1,Augmentation,47.8,47.8,37.2,15.0
z_48.0_-3.0,2024,2,2024-T2,Diminution,63.4,19.6,63.4,17.0
z_48.0_-3.0,2024,3,2024-T3,Diminution,80.6,8.3,80.6,11.0
z_48.0_-3.0,2024,4,2024-T4,Diminution,90.3,3.0,90.3,6.7
z_48.0_-3.0,2025,1,2025-T1,Diminution,83.9,3.5,83.9,12.5
z_48.0_-3.0,2025,2,2025-T2,Diminution,87.2,3.1,87.2,9.7
z_48.0_-3.0,2025,3,2025-T3,Diminution,74.9,9.6,74.9,15.5
z_48.0_-3.0,2025,4,2025-T4,Diminution,63.7,24.0,63.7,12.4
z_48.0_-3.0,2026,1,2026-T1,Diminution,76.8,11.0,76.8,12.2
z_48.0_-3.0,2026,2,2026-T2,Diminution,68.2,14.3,68.2,17.5
z_48.0_-3.0,2026,3,2026-T3,Diminution,70.1,14.2,70.1,15.8
z_48.0_-3.0,2026,4,2026-T4,Diminution,65.4,18.1,65.4,16.5
z_48.0_-3.0,2027,1,2027-T1,Diminution,63.5,18.3,63.5,18.2
z_48.0_-3.0,2027,2,2027-T2,Diminution,63.8,18.2,63.8,18.1
z_48.0_-3.0,2027,3,2027-T3,Diminution,68.2,13.2,68.2,18.6
z_48.0_-3.0,2027,4,2027-T4,Diminution,66.6,16.6,66.6,16.7
z_48.0_-3.0,2028,1,2028-T1,Diminution,68.4,12.9,68.4,18.6
z_48.0_-3.0,2028,2,2028-T2,Diminution,67.6,13.4,67.6,18.9
z_48.0_-3.0,2028,3,2028-T3,Diminution,68.5,13.6,68.5,17.9
z_48.0_-3.0,2028,4,2028-T4,Diminution,67.8,14.0,67.8,18.1
z_48.0_-3.0,2029,1,2029-T1,Diminution,68.3,13.6,68.3,18.1
z_48.0_-3.0,2029,2,2029-T2,Diminution,65.8,16.5,65.8,17.6
z_48.0_-3.0,2029,3,2029-T3,Diminution,71.4,10.7,71.4,17.8
z_48.0_-3.0,2029,4,2029-T4,Diminution,71.1,11.2,71.1,17.7
z_48.0_-3.0,2030,1,2030-T1,Diminution,73.5,9.1,73.5,17.4
z_48.0_-3.0,2030,2,2030-T2,Diminution,75.4,8.6,75.4,16.0
z_48.0_-3.0,2030,3,2030-T3,Diminution,74.4,9.5,74.4,16.1
z_48.0_-3.0,2030,4,2030-T4,Diminution,73.8,9.2,73.8,17.0
z_48.0_-30.0,2023,1,2023-T1,Stable,97.5,0.2,2.2,97.5
z_48.0_-30.0,2023,2,2023-T2,Stable,98.5,0.1,1.4,98.5
z_48.0_-30.0,2023,3,2023-T3,Stable,97.6,0.2,2.2,97.6
z_48.0_-30.0,2023,4,2023-T4,Stable,97.6,0.2,2.2,97.6
z_48.0_-30.0,2024,1,2024-T1,Stable,97.5,0.2,2.2,97.5
z_48.0_-30.0,2024,2,2024-T2,Stable,98.5,0.1,1.4,98.5
z_48.0_-30.0,2024,3,2024-T3,Stable,97.6,0.2,2.2,97.6
z_48.0_-30.0,2024,4,2024-T4,Stable,97.6,0.2,2.2,97.6
z_48.0_-30.0,2025,1,2025-T1,Stable,97.5,0.2,2.2,97.5
z_48.0_-30.0,2025,2,2025-T2,Stable,98.5,0.1,1.4,98.5
z_48.0_-30.0,2025,3,2025-T3,Stable,97.6,0.2,2.2,97.6
z_48.0_-30.0,2025,4,2025-T4,Stable,97.6,0.2,2.2,97.6
z_48.0_-30.0,2026,1,2026-T1,Stable,95.5,0.7,3.8,95.5
z_48.0_-30.0,2026,2,2026-T2,Stable,98.0,0.4,1.6,98.0
z_48.0_-30.0,2026,3,2026-T3,Stable,98.3,0.1,1.5,98.3
z_48.0_-30.0,2026,4,2026-T4,Stable,95.2,1.7,3.1,95.2
z_48.0_-30.0,2027,1,2027-T1,Stable,97.5,0.2,2.2,97.5
z_48.0_-30.0,2027,2,2027-T2,Stable,98.5,0.1,1.4,98.5
z_48.0_-30.0,2027,3,2027-T3,Stable,97.6,0.2,2.2,97.6
z_48.0_-30.0,2027,4,2027-T4,Stable,96.5,0.6,2.9,96.5
z_48.0_-30.0,2028,1,2028-T1,Stable,97.5,0.2,2.2,97.5
z_48.0_-30.0,2028,2,2028-T2,Stable,98.5,0.1,1.4,98.5
z_48.0_-30.0,2028,3,2028-T3,Stable,97.6,0.2,2.2,97.6
z_48.0_-30.0,2028,4,2028-T4,Stable,96.7,0.4,2.9,96.7
z_48.0_-30.0,2029,1,2029-T1,Stable,97.5,0.2,2.2,97.5
z_48.0_-30.0,2029,2,2029-T2,Stable,98.5,0.1,1.4,98.5
z_48.0_-30.0,2029,3,2029-T3,Stable,97.6,0.2,2.2,97.6
z_48.0_-30.0,2029,4,2029-T4,Stable,97.5,0.2,2.3,97.5
z_48.0_-30.0,2030,1,2030-T1,Stable,97.5,0.2,2.2,97.5
z_48.0_-30.0,2030,2,2030-T2,Stable,98.5,0.1,1.4,98.5
z_48.0_-30.0,2030,3,2030-T3,Stable,97.6,0.2,2.2,97.6
z_48.0_-30.0,2030,4,2030-T4,Stable,96.5,0.3,3.2,96.5
z_48.0_-4.5,2023,1,2023-T1,Augmentation,61.9,61.9,8.2,29.8
z_48.0_-4.5,2023,2,2023-T2,Diminution,53.1,30.2,53.1,16.7
z_48.0_-4.5,2023,3,2023-T3,Diminution,61.4,25.7,61.4,12.9
z_48.0_-4.5,2023,4,2023-T4,Diminution,59.1,28.2,59.1,12.7
z_48.0_-4.5,2024,1,2024-T1,Augmentation,64.6,64.6,11.7,23.6
z_48.0_-4.5,2024,2,2024-T2,Diminution,47.1,34.4,47.1,18.5
z_48.0_-4.5,2024,3,2024-T3,Diminution,62.3,21.6,62.3,16.1
z_48.0_-4.5,2024,4,2024-T4,Diminution,74.2,12.3,74.2,13.5
z_48.0_-4.5,2025,1,2025-T1,Stable,44.9,43.4,11.7,44.9
z_48.0_-4.5,2025,2,2025-T2,Diminution,70.8,15.1,70.8,14.1
z_48.0_-4.5,2025,3,2025-T3,Diminution,67.6,17.7,67.6,14.6
z_48.0_-4.5,2025,4,2025-T4,Diminution,63.6,20.9,63.6,15.5
z_48.0_-4.5,2026,1,2026-T1,Augmentation,53.0,53.0,9.5,37.5
z_48.0_-4.5,2026,2,2026-T2,Diminution,55.9,27.5,55.9,16.6
z_48.0_-4.5,2026,3,2026-T3,Diminution,57.3,26.0,57.3,16.7
z_48.0_-4.5,2026,4,2026-T4,Diminution,64.3,19.7,64.3,16.0
z_48.0_-4.5,2027,1,2027-T1,Augmentation,60.4,60.4,8.1,31.5
z_48.0_-4.5,2027,2,2027-T2,Diminution,56.6,27.0,56.6,16.4
z_48.0_-4.5,2027,3,2027-T3,Diminution,49.5,35.5,49.5,14.9
z_48.0_-4.5,2027,4,2027-T4,Diminution,62.4,21.2,62.4,16.4
z_48.0_-4.5,2028,1,2028-T1,Augmentation,60.4,60.4,7.8,31.9
z_48.0_-4.5,2028,2,2028-T2,Diminution,57.3,25.8,57.3,16.9
z_48.0_-4.5,2028,3,2028-T3,Diminution,56.0,27.6,56.0,16.4
z_48.0_-4.5,2028,4,2028-T4,Diminution,65.2,18.5,65.2,16.3
z_48.0_-4.5,2029,1,2029-T1,Augmentation,58.2,58.2,8.7,33.1
z_48.0_-4.5,2029,2,2029-T2,Diminution,58.4,25.1,58.4,16.5
z_48.0_-4.5,2029,3,2029-T3,Diminution,54.0,31.7,54.0,14.3
z_48.0_-4.5,2029,4,2029-T4,Diminution,64.6,19.1,64.6,16.2
z_48.0_-4.5,2030,1,2030-T1,Augmentation,57.7,57.7,8.7,33.6
z_48.0_-4.5,2030,2,2030-T2,Diminution,57.2,26.4,57.2,16.4
z_48.0_-4.5,2030,3,2030-T3,Diminution,53.1,30.7,53.1,16.3
z_48.0_-4.5,2030,4,2030-T4,Diminution,64.8,19.7,64.8,15.5
z_48.0_-6.0,2023,1,2023-T1,Diminution,72.0,17.6,72.0,10.4
z_48.0_-6.0,2023,2,2023-T2,Diminution,54.4,33.5,54.4,12.1
z_48.0_-6.0,2023,3,2023-T3,Diminution,62.8,28.3,62.8,8.9
z_48.0_-6.0,2023,4,2023-T4,Augmentation,42.3,42.3,44.2,13.5
z_48.0_-6.0,2024,1,2024-T1,Diminution,69.0,21.7,69.0,9.3
z_48.0_-6.0,2024,2,2024-T2,Augmentation,53.3,53.3,30.9,15.8
z_48.0_-6.0,2024,3,2024-T3,Augmentation,55.2,55.2,32.7,12.1
z_48.0_-6.0,2024,4,2024-T4,Augmentation,45.2,45.2,44.2,10.6
z_48.0_-6.0,2025,1,2025-T1,Augmentation,42.0,42.0,48.9,9.1
z_48.0_-6.0,2025,2,2025-T2,Augmentation,54.1,54.1,31.2,14.8
z_48.0_-6.0,2025,3,2025-T3,Augmentation,51.1,51.1,37.8,11.1
z_48.0_-6.0,2025,4,2025-T4,Augmentation,47.6,47.6,42.3,10.2
z_48.0_-6.0,2026,1,2026-T1,Augmentation,48.6,48.6,42.1,9.4
z_48.0_-6.0,2026,2,2026-T2,Augmentation,61.6,61.6,22.9,15.5
z_48.0_-6.0,2026,3,2026-T3,Augmentation,43.1,43.1,47.4,9.5
z_48.0_-6.0,2026,4,2026-T4,Diminution,51.9,37.8,51.9,10.3
z_48.0_-6.0,2027,1,2027-T1,Diminution,62.1,29.0,62.1,8.8
z_48.0_-6.0,2027,2,2027-T2,Augmentation,56.3,56.3,28.7,15.0
z_48.0_-6.0,2027,3,2027-T3,Augmentation,40.4,40.4,48.9,10.8
z_48.0_-6.0,2027,4,2027-T4,Diminution,51.7,37.2,51.7,11.0
z_48.0_-6.0,2028,1,2028-T1,Diminution,60.2,30.4,60.2,9.4
z_48.0_-6.0,2028,2,2028-T2,Augmentation,53.4,53.4,31.8,14.8
z_48.0_-6.0,2028,3,2028-T3,Diminution,54.4,36.1,54.4,9.5
z_48.0_-6.0,2028,4,2028-T4,Augmentation,38.8,38.8,50.2,11.0
z_48.0_-6.0,2029,1,2029-T1,Diminution,62.5,28.6,62.5,8.9
z_48.0_-6.0,2029,2,2029-T2,Augmentation,48.4,48.4,37.7,13.9
z_48.0_-6.0,2029,3,2029-T3,Diminution,52.5,37.7,52.5,9.8
z_48.0_-6.0,2029,4,2029-T4,Augmentation,38.4,38.4,50.8,10.8
z_48.0_-6.0,2030,1,2030-T1,Diminution,61.7,29.1,61.7,9.2
z_48.0_-6.0,2030,2,2030-T2,Augmentation,48.9,48.9,37.8,13.3
z_48.0_-6.0,2030,3,2030-T3,Diminution,53.9,36.6,53.9,9.5
z_48.0_-6.0,2030,4,2030-T4,Augmentation,39.0,39.0,50.3,10.7
z_48.0_-7.5,2023,1,2023-T1,Augmentation,43.8,43.8,37.3,18.8
z_48.0_-7.5,2023,2,2023-T2,Augmentation,56.6,56.6,8.9,34.5
z_48.0_-7.5,2023,3,2023-T3,Augmentation,67.0,67.0,6.9,26.1
z_48.0_-7.5,2023,4,2023-T4,Augmentation,55.8,55.8,31.1,13.1
z_48.0_-7.5,2024,1,2024-T1,Augmentation,38.1,38.1,47.3,14.6
z_48.0_-7.5,2024,2,2024-T2,Augmentation,45.1,45.1,10.9,44.0
z_48.0_-7.5,2024,3,2024-T3,Augmentation,64.9,64.9,10.7,24.4
z_48.0_-7.5,2024,4,2024-T4,Diminution,60.9,25.4,60.9,13.8
z_48.0_-7.5,2025,1,2025-T1,Diminution,60.4,23.3,60.4,16.3
z_48.0_-7.5,2025,2,2025-T2,Stable,48.4,42.4,9.2,48.4
z_48.0_-7.5,2025,3,2025-T3,Stable,54.3,31.8,13.9,54.3
z_48.0_-7.5,2025,4,2025-T4,Diminution,70.5,15.0,70.5,14.5
z_48.0_-7.5,2026,1,2026-T1,Diminution,81.4,5.7,81.4,12.9
z_48.0_-7.5,2026,2,2026-T2,Stable,71.7,20.3,8.0,71.7
z_48.0_-7.5,2026,3,2026-T3,Stable,57.2,37.0,5.8,57.2
z_48.0_-7.5,2026,4,2026-T4,Diminution,70.6,12.7,70.6,16.7
z_48.0_-7.5,2027,1,2027-T1,Diminution,71.5,12.5,71.5,16.0
z_48.0_-7.5,2027,2,2027-T2,Stable,65.6,29.5,4.9,65.6
z_48.0_-7.5,2027,3,2027-T3,Stable,54.4,40.3,5.4,54.4
z_48.0_-7.5,2027,4,2027-T4,Diminution,67.7,14.5,67.7,17.8
z_48.0_-7.5,2028,1,2028-T1,Diminution,69.0,13.8,69.0,17.2
z_48.0_-7.5,2028,2,2028-T2,Stable,58.6,36.1,5.3,58.6
z_48.0_-7.5,2028,3,2028-T3,Stable,52.1,42.5,5.3,52.1
z_48.0_-7.5,2028,4,2028-T4,Diminution,70.2,12.1,70.2,17.8
z_48.0_-7.5,2029,1,2029-T1,Diminution,71.1,11.9,71.1,16.9
z_48.0_-7.5,2029,2,2029-T2,Stable,59.0,36.7,4.3,59.0
z_48.0_-7.5,2029,3,2029-T3,Stable,52.9,41.8,5.3,52.9
z_48.0_-7.5,2029,4,2029-T4,Diminution,70.3,12.4,70.3,17.3
z_48.0_-7.5,2030,1,2030-T1,Diminution,69.9,12.8,69.9,17.2
z_48.0_-7.5,2030,2,2030-T2,Stable,63.6,32.0,4.4,63.6
z_48.0_-7.5,2030,3,2030-T3,Stable,55.1,39.4,5.5,55.1
z_48.0_-7.5,2030,4,2030-T4,Diminution,70.3,12.9,70.3,16.8
z_48.0_-9.0,2023,1,2023-T1,Stable,90.9,5.6,3.5,90.9
z_48.0_-9.0,2023,2,2023-T2,Stable,94.2,3.3,2.5,94.2
z_48.0_-9.0,2023,3,2023-T3,Stable,87.2,5.6,7.2,87.2
z_48.0_-9.0,2023,4,2023-T4,Stable,85.8,8.2,6.0,85.8
z_48.0_-9.0,2024,1,2024-T1,Stable,69.5,25.8,4.7,69.5
z_48.0_-9.0,2024,2,2024-T2,Stable,69.4,26.6,4.0,69.4
z_48.0_-9.0,2024,3,2024-T3,Stable,92.7,4.6,2.7,92.7
z_48.0_-9.0,2024,4,2024-T4,Stable,85.4,9.8,4.8,85.4
z_48.0_-9.0,2025,1,2025-T1,Stable,65.1,29.8,5.1,65.1
z_48.0_-9.0,2025,2,2025-T2,Stable,48.6,46.1,5.3,48.6
z_48.0_-9.0,2025,3,2025-T3,Stable,54.5,40.0,5.4,54.5
z_48.0_-9.0,2025,4,2025-T4,Stable,71.5,17.1,11.5,71.5
z_48.0_-9.0,2026,1,2026-T1,Stable,84.9,11.1,4.0,84.9
z_48.0_-9.0,2026,2,2026-T2,Stable,89.4,7.0,3.6,89.4
z_48.0_-9.0,2026,3,2026-T3,Stable,94.9,2.1,3.0,94.9
z_48.0_-9.0,2026,4,2026-T4,Stable,93.6,1.3,5.1,93.6
z_48.0_-9.0,2027,1,2027-T1,Stable,91.0,3.6,5.4,91.0
z_48.0_-9.0,2027,2,2027-T2,Stable,91.8,4.7,3.4,91.8
z_48.0_-9.0,2027,3,2027-T3,Stable,92.2,4.0,3.8,92.2
z_48.0_-9.0,2027,4,2027-T4,Stable,93.1,0.7,6.2,93.1
z_48.0_-9.0,2028,1,2028-T1,Stable,90.4,2.5,7.2,90.4
z_48.0_-9.0,2028,2,2028-T2,Stable,91.3,5.8,2.9,91.3
z_48.0_-9.0,2028,3,2028-T3,Stable,93.9,2.8,3.3,93.9
z_48.0_-9.0,2028,4,2028-T4,Stable,91.7,1.4,6.9,91.7
z_48.0_-9.0,2029,1,2029-T1,Stable,89.9,2.0,8.1,89.9
z_48.0_-9.0,2029,2,2029-T2,Stable,92.8,4.8,2.5,92.8
z_48.0_-9.0,2029,3,2029-T3,Stable,94.4,2.6,2.9,94.4
z_48.0_-9.0,2029,4,2029-T4,Stable,94.0,0.8,5.1,94.0
z_48.0_-9.0,2030,1,2030-T1,Stable,90.1,4.3,5.6,90.1
z_48.0_-9.0,2030,2,2030-T2,Stable,92.8,4.8,2.5,92.8
z_48.0_-9.0,2030,3,2030-T3,Stable,94.8,2.3,2.8,94.8
z_48.0_-9.0,2030,4,2030-T4,Stable,96.3,0.6,3.1,96.3
z_49.5_-1.5,2023,1,2023-T1,Diminution,82.4,12.0,82.4,5.6
z_49.5_-1.5,2023,2,2023-T2,Diminution,85.1,10.3,85.1,4.6
z_49.5_-1.5,2023,3,2023-T3,Diminution,75.9,17.2,75.9,6.9
z_49.5_-1.5,2023,4,2023-T4,Diminution,59.7,32.7,59.7,7.6
z_49.5_-1.5,2024,1,2024-T1,Augmentation,39.8,39.8,51.1,9.2
z_49.5_-1.5,2024,2,2024-T2,Augmentation,60.2,60.2,33.1,6.7
z_49.5_-1.5,2024,3,2024-T3,Augmentation,44.4,44.4,47.8,7.8
z_49.5_-1.5,2024,4,2024-T4,Diminution,52.1,38.6,52.1,9.3
z_49.5_-1.5,2025,1,2025-T1,Augmentation,48.5,48.5,43.8,7.8
z_49.5_-1.5,2025,2,2025-T2,Augmentation,42.6,42.6,48.9,8.5
z_49.5_-1.5,2025,3,2025-T3,Augmentation,42.1,42.1,49.5,8.4
z_49.5_-1.5,2025,4,2025-T4,Augmentation,41.6,41.6,49.7,8.7
z_49.5_-1.5,2026,1,2026-T1,Augmentation,40.4,40.4,49.8,9.8
z_49.5_-1.5,2026,2,2026-T2,Augmentation,43.2,43.2,48.0,8.8
z_49.5_-1.5,2026,3,2026-T3,Augmentation,46.4,46.4,45.5,8.1
z_49.5_-1.5,2026,4,2026-T4,Augmentation,49.3,49.3,43.5,7.2
z_49.5_-1.5,2027,1,2027-T1,Augmentation,40.9,40.9,50.0,9.1
z_49.5_-1.5,2027,2,2027-T2,Augmentation,47.3,47.3,45.4,7.3
z_49.5_-1.5,2027,3,2027-T3,Augmentation,46.1,46.1,46.0,7.9
z_49.5_-1.5,2027,4,2027-T4,Augmentation,46.8,46.8,45.6,7.7
z_49.5_-1.5,2028,1,2028-T1,Augmentation,43.3,43.3,49.1,7.6
z_49.5_-1.5,2028,2,2028-T2,Augmentation,49.5,49.5,42.9,7.6
z_49.5_-1.5,2028,3,2028-T3,Augmentation,47.6,47.6,45.1,7.3
z_49.5_-1.5,2028,4,2028-T4,Augmentation,45.5,45.5,46.5,8.0
z_49.5_-1.5,2029,1,2029-T1,Augmentation,45.1,45.1,46.7,8.2
z_49.5_-1.5,2029,2,2029-T2,Augmentation,49.4,49.4,43.0,7.6
z_49.5_-1.5,2029,3,2029-T3,Augmentation,48.3,48.3,44.3,7.4
z_49.5_-1.5,2029,4,2029-T4,Augmentation,49.4,49.4,43.4,7.2
z_49.5_-1.5,2030,1,2030-T1,Augmentation,44.9,44.9,47.1,8.0
z_49.5_-1.5,2030,2,2030-T2,Augmentation,49.8,49.8,42.6,7.5
z_49.5_-1.5,2030,3,2030-T3,Augmentation,47.9,47.9,44.6,7.5
z_49.5_-1.5,2030,4,2030-T4,Augmentation,51.2,51.2,41.5,7.3
z_49.5_-12.0,2023,1,2023-T1,Stable,72.9,22.9,4.3,72.9
z_49.5_-12.0,2023,2,2023-T2,Stable,90.4,7.5,2.1,90.4
z_49.5_-12.0,2023,3,2023-T3,Stable,78.2,17.5,4.3,78.2
z_49.5_-12.0,2023,4,2023-T4,Stable,86.1,8.8,5.1,86.1
z_49.5_-12.0,2024,1,2024-T1,Stable,73.4,20.8,5.7,73.4
z_49.5_-12.0,2024,2,2024-T2,Stable,86.5,9.8,3.7,86.5
z_49.5_-12.0,2024,3,2024-T3,Stable,87.1,9.8,3.1,87.1
z_49.5_-12.0,2024,4,2024-T4,Stable,85.2,10.8,4.0,85.2
z_49.5_-12.0,2025,1,2025-T1,Stable,83.9,8.3,7.8,83.9
z_49.5_-12.0,2025,2,2025-T2,Stable,89.4,7.3,3.3,89.4
z_49.5_-12.0,2025,3,2025-T3,Stable,84.4,11.9,3.6,84.4
z_49.5_-12.0,2025,4,2025-T4,Stable,91.0,5.0,4.0,91.0
z_49.5_-12.0,2026,1,2026-T1,Stable,81.8,10.7,7.5,81.8
z_49.5_-12.0,2026,2,2026-T2,Stable,83.0,13.4,3.7,83.0
z_49.5_-12.0,2026,3,2026-T3,Stable,84.2,12.2,3.6,84.2
z_49.5_-12.0,2026,4,2026-T4,Stable,91.2,4.2,4.6,91.2
z_49.5_-12.0,2027,1,2027-T1,Stable,86.4,8.2,5.4,86.4
z_49.5_-12.0,2027,2,2027-T2,Stable,84.8,12.2,3.0,84.8
z_49.5_-12.0,2027,3,2027-T3,Stable,84.8,11.6,3.6,84.8
z_49.5_-12.0,2027,4,2027-T4,Stable,89.8,5.8,4.4,89.8
z_49.5_-12.0,2028,1,2028-T1,Stable,90.4,5.8,3.7,90.4
z_49.5_-12.0,2028,2,2028-T2,Stable,91.8,5.8,2.4,91.8
z_49.5_-12.0,2028,3,2028-T3,Stable,84.8,11.6,3.6,84.8
z_49.5_-12.0,2028,4,2028-T4,Stable,90.1,5.7,4.2,90.1
z_49.5_-12.0,2029,1,2029-T1,Stable,90.4,5.8,3.7,90.4
z_49.5_-12.0,2029,2,2029-T2,Stable,93.8,3.9,2.2,93.8
z_49.5_-12.0,2029,3,2029-T3,Stable,84.8,11.6,3.6,84.8
z_49.5_-12.0,2029,4,2029-T4,Stable,92.2,3.5,4.2,92.2
z_49.5_-12.0,2030,1,2030-T1,Stable,90.4,5.8,3.7,90.4
z_49.5_-12.0,2030,2,2030-T2,Stable,93.8,3.9,2.2,93.8
z_49.5_-12.0,2030,3,2030-T3,Stable,84.8,11.6,3.6,84.8
z_49.5_-12.0,2030,4,2030-T4,Stable,92.2,3.5,4.2,92.2
z_49.5_-16.5,2023,1,2023-T1,Stable,97.7,0.2,2.1,97.7
z_49.5_-16.5,2023,2,2023-T2,Stable,97.7,0.1,2.2,97.7
z_49.5_-16.5,2023,3,2023-T3,Stable,97.5,0.2,2.3,97.5
z_49.5_-16.5,2023,4,2023-T4,Stable,97.7,0.2,2.1,97.7
z_49.5_-16.5,2024,1,2024-T1,Stable,97.7,0.2,2.1,97.7
z_49.5_-16.5,2024,2,2024-T2,Stable,97.7,0.1,2.2,97.7
z_49.5_-16.5,2024,3,2024-T3,Stable,97.5,0.2,2.3,97.5
z_49.5_-16.5,2024,4,2024-T4,Stable,97.7,0.2,2.1,97.7
z_49.5_-16.5,2025,1,2025-T1,Stable,97.7,0.2,2.1,97.7
z_49.5_-16.5,2025,2,2025-T2,Stable,97.7,0.1,2.2,97.7
z_49.5_-16.5,2025,3,2025-T3,Stable,97.5,0.2,2.3,97.5
z_49.5_-16.5,2025,4,2025-T4,Stable,95.8,0.7,3.5,95.8
z_49.5_-16.5,2026,1,2026-T1,Stable,96.3,0.7,3.1,96.3
z_49.5_-16.5,2026,2,2026-T2,Stable,98.1,0.1,1.7,98.1
z_49.5_-16.5,2026,3,2026-T3,Stable,94.4,1.8,3.8,94.4
z_49.5_-16.5,2026,4,2026-T4,Stable,97.7,0.2,2.1,97.7
z_49.5_-16.5,2027,1,2027-T1,Stable,97.7,0.2,2.1,97.7
z_49.5_-16.5,2027,2,2027-T2,Stable,97.7,0.1,2.2,97.7
z_49.5_-16.5,2027,3,2027-T3,Stable,96.1,0.4,3.5,96.1
z_49.5_-16.5,2027,4,2027-T4,Stable,97.7,0.2,2.1,97.7
z_49.5_-16.5,2028,1,2028-T1,Stable,97.7,0.2,2.1,97.7
z_49.5_-16.5,2028,2,2028-T2,Stable,97.7,0.1,2.2,97.7
z_49.5_-16.5,2028,3,2028-T3,Stable,96.2,0.3,3.5,96.2
z_49.5_-16.5,2028,4,2028-T4,Stable,97.7,0.2,2.1,97.7
z_49.5_-16.5,2029,1,2029-T1,Stable,97.7,0.2,2.1,97.7
z_49.5_-16.5,2029,2,2029-T2,Stable,97.7,0.1,2.2,97.7
z_49.5_-16.5,2029,3,2029-T3,Stable,97.5,0.2,2.3,97.5
z_49.5_-16.5,2029,4,2029-T4,Stable,97.7,0.2,2.1,97.7
z_49.5_-16.5,2030,1,2030-T1,Stable,97.7,0.2,2.1,97.7
z_49.5_-16.5,2030,2,2030-T2,Stable,97.7,0.1,2.2,97.7
z_49.5_-16.5,2030,3,2030-T3,Stable,96.1,0.3,3.5,96.1
z_49.5_-16.5,2030,4,2030-T4,Stable,97.7,0.2,2.1,97.7
z_49.5_-18.0,2023,1,2023-T1,Stable,97.7,0.2,2.1,97.7
z_49.5_-18.0,2023,2,2023-T2,Stable,95.6,0.3,4.1,95.6
z_49.5_-18.0,2023,3,2023-T3,Stable,96.8,0.5,2.7,96.8
z_49.5_-18.0,2023,4,2023-T4,Stable,98.2,0.2,1.5,98.2
z_49.5_-18.0,2024,1,2024-T1,Stable,94.4,2.3,3.2,94.4
z_49.5_-18.0,2024,2,2024-T2,Stable,97.8,0.1,2.1,97.8
z_49.5_-18.0,2024,3,2024-T3,Stable,97.6,0.2,2.2,97.6
z_49.5_-18.0,2024,4,2024-T4,Stable,97.7,0.2,2.1,97.7
z_49.5_-18.0,2025,1,2025-T1,Stable,95.9,0.6,3.5,95.9
z_49.5_-18.0,2025,2,2025-T2,Stable,97.8,0.1,2.1,97.8
z_49.5_-18.0,2025,3,2025-T3,Stable,97.6,0.2,2.2,97.6
z_49.5_-18.0,2025,4,2025-T4,Stable,97.7,0.2,2.1,97.7
z_49.5_-18.0,2026,1,2026-T1,Stable,95.1,0.7,4.2,95.1
z_49.5_-18.0,2026,2,2026-T2,Stable,97.8,0.1,2.1,97.8
z_49.5_-18.0,2026,3,2026-T3,Stable,97.6,0.2,2.2,97.6
z_49.5_-18.0,2026,4,2026-T4,Stable,97.7,0.2,2.1,97.7
z_49.5_-18.0,2027,1,2027-T1,Stable,97.5,0.2,2.3,97.5
z_49.5_-18.0,2027,2,2027-T2,Stable,97.8,0.1,2.1,97.8
z_49.5_-18.0,2027,3,2027-T3,Stable,97.6,0.2,2.2,97.6
z_49.5_-18.0,2027,4,2027-T4,Stable,97.7,0.2,2.1,97.7
z_49.5_-18.0,2028,1,2028-T1,Stable,95.6,1.0,3.4,95.6
z_49.5_-18.0,2028,2,2028-T2,Stable,97.8,0.1,2.1,97.8
z_49.5_-18.0,2028,3,2028-T3,Stable,97.6,0.2,2.2,97.6
z_49.5_-18.0,2028,4,2028-T4,Stable,97.7,0.2,2.1,97.7
z_49.5_-18.0,2029,1,2029-T1,Stable,97.7,0.2,2.1,97.7
z_49.5_-18.0,2029,2,2029-T2,Stable,97.8,0.1,2.1,97.8
z_49.5_-18.0,2029,3,2029-T3,Stable,97.6,0.2,2.2,97.6
z_49.5_-18.0,2029,4,2029-T4,Stable,97.7,0.2,2.1,97.7
z_49.5_-18.0,2030,1,2030-T1,Stable,97.7,0.2,2.1,97.7
z_49.5_-18.0,2030,2,2030-T2,Stable,97.8,0.1,2.1,97.8
z_49.5_-18.0,2030,3,2030-T3,Stable,97.6,0.2,2.2,97.6
z_49.5_-18.0,2030,4,2030-T4,Stable,97.7,0.2,2.1,97.7
z_49.5_-3.0,2023,1,2023-T1,Diminution,60.6,29.6,60.6,9.8
z_49.5_-3.0,2023,2,2023-T2,Diminution,59.8,33.1,59.8,7.1
z_49.5_-3.0,2023,3,2023-T3,Diminution,56.3,33.8,56.3,9.9
z_49.5_-3.0,2023,4,2023-T4,Diminution,77.7,12.1,77.7,10.1
z_49.5_-3.0,2024,1,2024-T1,Diminution,77.6,14.2,77.6,8.1
z_49.5_-3.0,2024,2,2024-T2,Diminution,83.9,10.1,83.9,6.0
z_49.5_-3.0,2024,3,2024-T3,Diminution,62.6,26.9,62.6,10.5
z_49.5_-3.0,2024,4,2024-T4,Diminution,79.0,14.3,79.0,6.7
z_49.5_-3.0,2025,1,2025-T1,Diminution,87.7,6.4,87.7,5.9
z_49.5_-3.0,2025,2,2025-T2,Diminution,91.5,3.0,91.5,5.6
z_49.5_-3.0,2025,3,2025-T3,Diminution,89.3,4.8,89.3,5.9
z_49.5_-3.0,2025,4,2025-T4,Diminution,53.6,33.2,53.6,13.2
z_49.5_-3.0,2026,1,2026-T1,Diminution,55.1,33.0,55.1,11.9
z_49.5_-3.0,2026,2,2026-T2,Diminution,55.1,33.7,55.1,11.2
z_49.5_-3.0,2026,3,2026-T3,Diminution,49.9,36.2,49.9,13.9
z_49.5_-3.0,2026,4,2026-T4,Diminution,53.2,32.6,53.2,14.3
z_49.5_-3.0,2027,1,2027-T1,Diminution,57.3,29.4,57.3,13.2
z_49.5_-3.0,2027,2,2027-T2,Diminution,55.6,30.9,55.6,13.5
z_49.5_-3.0,2027,3,2027-T3,Diminution,56.4,31.7,56.4,11.8
z_49.5_-3.0,2027,4,2027-T4,Diminution,58.3,28.5,58.3,13.2
z_49.5_-3.0,2028,1,2028-T1,Diminution,58.5,29.7,58.5,11.8
z_49.5_-3.0,2028,2,2028-T2,Diminution,55.2,31.9,55.2,13.0
z_49.5_-3.0,2028,3,2028-T3,Diminution,56.3,30.6,56.3,13.2
z_49.5_-3.0,2028,4,2028-T4,Diminution,56.9,29.6,56.9,13.5
z_49.5_-3.0,2029,1,2029-T1,Diminution,58.8,28.1,58.8,13.1
z_49.5_-3.0,2029,2,2029-T2,Diminution,56.4,30.9,56.4,12.7
z_49.5_-3.0,2029,3,2029-T3,Diminution,51.6,35.9,51.6,12.5
z_49.5_-3.0,2029,4,2029-T4,Diminution,56.4,31.3,56.4,12.3
z_49.5_-3.0,2030,1,2030-T1,Diminution,57.1,30.2,57.1,12.7
z_49.5_-3.0,2030,2,2030-T2,Diminution,58.8,28.6,58.8,12.6
z_49.5_-3.0,2030,3,2030-T3,Diminution,56.5,31.1,56.5,12.4
z_49.5_-3.0,2030,4,2030-T4,Diminution,61.1,26.1,61.1,12.8
z_49.5_-4.5,2023,1,2023-T1,Diminution,76.7,13.4,76.7,9.9
z_49.5_-4.5,2023,2,2023-T2,Diminution,82.5,9.7,82.5,7.7
z_49.5_-4.5,2023,3,2023-T3,Diminution,74.2,15.7,74.2,10.2
z_49.5_-4.5,2023,4,2023-T4,Diminution,65.9,22.6,65.9,11.5
z_49.5_-4.5,2024,1,2024-T1,Diminution,59.4,26.4,59.4,14.2
z_49.5_-4.5,2024,2,2024-T2,Diminution,59.2,24.3,59.2,16.6
z_49.5_-4.5,2024,3,2024-T3,Diminution,60.6,23.6,60.6,15.9
z_49.5_-4.5,2024,4,2024-T4,Diminution,65.0,20.1,65.0,14.9
z_49.5_-4.5,2025,1,2025-T1,Diminution,62.9,22.5,62.9,14.5
z_49.5_-4.5,2025,2,2025-T2,Diminution,76.1,10.7,76.1,13.2
z_49.5_-4.5,2025,3,2025-T3,Diminution,88.5,3.1,88.5,8.4
z_49.5_-4.5,2025,4,2025-T4,Diminution,89.1,3.6,89.1,7.3
z_49.5_-4.5,2026,1,2026-T1,Diminution,85.3,5.2,85.3,9.5
z_49.5_-4.5,2026,2,2026-T2,Diminution,80.8,8.6,80.8,10.6
z_49.5_-4.5,2026,3,2026-T3,Diminution,66.9,19.6,66.9,13.5
z_49.5_-4.5,2026,4,2026-T4,Diminution,65.7,20.6,65.7,13.7
z_49.5_-4.5,2027,1,2027-T1,Diminution,65.3,20.6,65.3,14.1
z_49.5_-4.5,2027,2,2027-T2,Diminution,58.7,26.7,58.7,14.5
z_49.5_-4.5,2027,3,2027-T3,Diminution,59.0,26.8,59.0,14.1
z_49.5_-4.5,2027,4,2027-T4,Diminution,63.7,20.9,63.7,15.4
z_49.5_-4.5,2028,1,2028-T1,Diminution,62.8,21.7,62.8,15.5
z_49.5_-4.5,2028,2,2028-T2,Diminution,63.3,20.7,63.3,15.9
z_49.5_-4.5,2028,3,2028-T3,Diminution,63.8,21.0,63.8,15.2
z_49.5_-4.5,2028,4,2028-T4,Diminution,65.9,19.0,65.9,15.0
z_49.5_-4.5,2029,1,2029-T1,Diminution,65.1,19.3,65.1,15.6
z_49.5_-4.5,2029,2,2029-T2,Diminution,63.8,20.0,63.8,16.2
z_49.5_-4.5,2029,3,2029-T3,Diminution,68.2,16.5,68.2,15.3
z_49.5_-4.5,2029,4,2029-T4,Diminution,69.5,15.8,69.5,14.6
z_49.5_-4.5,2030,1,2030-T1,Diminution,70.4,14.8,70.4,14.8
z_49.5_-4.5,2030,2,2030-T2,Diminution,69.5,16.4,69.5,14.1
z_49.5_-4.5,2030,3,2030-T3,Diminution,69.1,15.2,69.1,15.7
z_49.5_-4.5,2030,4,2030-T4,Diminution,70.5,14.5,70.5,15.0
z_49.5_-6.0,2023,1,2023-T1,Diminution,72.2,15.2,72.2,12.7
z_49.5_-6.0,2023,2,2023-T2,Diminution,77.4,14.7,77.4,7.9
z_49.5_-6.0,2023,3,2023-T3,Diminution,74.7,17.2,74.7,8.1
z_49.5_-6.0,2023,4,2023-T4,Diminution,72.4,19.1,72.4,8.5
z_49.5_-6.0,2024,1,2024-T1,Diminution,66.6,22.7,66.6,10.7
z_49.5_-6.0,2024,2,2024-T2,Diminution,62.2,25.4,62.2,12.5
z_49.5_-6.0,2024,3,2024-T3,Diminution,85.1,8.8,85.1,6.1
z_49.5_-6.0,2024,4,2024-T4,Diminution,88.0,6.1,88.0,5.9
z_49.5_-6.0,2025,1,2025-T1,Diminution,82.5,9.1,82.5,8.4
z_49.5_-6.0,2025,2,2025-T2,Diminution,71.0,17.6,71.0,11.4
z_49.5_-6.0,2025,3,2025-T3,Diminution,63.9,23.4,63.9,12.7
z_49.5_-6.0,2025,4,2025-T4,Diminution,61.4,21.7,61.4,16.9
z_49.5_-6.0,2026,1,2026-T1,Diminution,65.8,20.0,65.8,14.2
z_49.5_-6.0,2026,2,2026-T2,Diminution,63.6,22.2,63.6,14.2
z_49.5_-6.0,2026,3,2026-T3,Diminution,66.1,18.2,66.1,15.7
z_49.5_-6.0,2026,4,2026-T4,Diminution,64.1,20.0,64.1,15.9
z_49.5_-6.0,2027,1,2027-T1,Diminution,61.7,21.2,61.7,17.0
z_49.5_-6.0,2027,2,2027-T2,Diminution,62.6,22.1,62.6,15.3
z_49.5_-6.0,2027,3,2027-T3,Diminution,60.3,24.2,60.3,15.5
z_49.5_-6.0,2027,4,2027-T4,Diminution,65.4,18.6,65.4,16.0
z_49.5_-6.0,2028,1,2028-T1,Diminution,64.3,18.7,64.3,17.0
z_49.5_-6.0,2028,2,2028-T2,Diminution,65.4,18.5,65.4,16.1
z_49.5_-6.0,2028,3,2028-T3,Diminution,64.0,19.9,64.0,16.1
z_49.5_-6.0,2028,4,2028-T4,Diminution,60.5,24.2,60.5,15.3
z_49.5_-6.0,2029,1,2029-T1,Diminution,63.7,20.0,63.7,16.3
z_49.5_-6.0,2029,2,2029-T2,Diminution,66.6,17.9,66.6,15.5
z_49.5_-6.0,2029,3,2029-T3,Diminution,63.0,20.7,63.0,16.3
z_49.5_-6.0,2029,4,2029-T4,Diminution,64.0,20.1,64.0,15.9
z_49.5_-6.0,2030,1,2030-T1,Diminution,63.5,19.6,63.5,16.8
z_49.5_-6.0,2030,2,2030-T2,Diminution,65.3,18.6,65.3,16.1
z_49.5_-6.0,2030,3,2030-T3,Diminution,62.5,20.6,62.5,17.0
z_49.5_-6.0,2030,4,2030-T4,Diminution,62.6,20.7,62.6,16.7
z_49.5_-7.5,2023,1,2023-T1,Stable,48.7,43.7,7.5,48.7
z_49.5_-7.5,2023,2,2023-T2,Diminution,81.6,5.8,81.6,12.5
z_49.5_-7.5,2023,3,2023-T3,Stable,62.6,24.0,13.4,62.6
z_49.5_-7.5,2023,4,2023-T4,Stable,53.2,34.5,12.3,53.2
z_49.5_-7.5,2024,1,2024-T1,Stable,58.7,23.5,17.7,58.7
z_49.5_-7.5,2024,2,2024-T2,Diminution,89.2,3.1,89.2,7.7
z_49.5_-7.5,2024,3,2024-T3,Stable,62.1,17.3,20.6,62.1
z_49.5_-7.5,2024,4,2024-T4,Stable,66.1,18.6,15.3,66.1
z_49.5_-7.5,2025,1,2025-T1,Stable,62.6,20.2,17.2,62.6
z_49.5_-7.5,2025,2,2025-T2,Diminution,87.5,2.1,87.5,10.4
z_49.5_-7.5,2025,3,2025-T3,Stable,68.1,21.6,10.2,68.1
z_49.5_-7.5,2025,4,2025-T4,Stable,71.1,21.3,7.6,71.1
z_49.5_-7.5,2026,1,2026-T1,Stable,71.6,21.2,7.2,71.6
z_49.5_-7.5,2026,2,2026-T2,Diminution,82.9,3.1,82.9,14.1
z_49.5_-7.5,2026,3,2026-T3,Stable,72.4,19.4,8.2,72.4
z_49.5_-7.5,2026,4,2026-T4,Stable,67.0,25.7,7.3,67.0
z_49.5_-7.5,2027,1,2027-T1,Stable,66.6,26.1,7.3,66.6
z_49.5_-7.5,2027,2,2027-T2,Diminution,86.0,2.3,86.0,11.7
z_49.5_-7.5,2027,3,2027-T3,Stable,72.7,19.4,7.9,72.7
z_49.5_-7.5,2027,4,2027-T4,Stable,67.7,25.2,7.1,67.7
z_49.5_-7.5,2028,1,2028-T1,Stable,64.9,27.7,7.4,64.9
z_49.5_-7.5,2028,2,2028-T2,Diminution,84.2,3.0,84.2,12.8
z_49.5_-7.5,2028,3,2028-T3,Stable,71.2,20.8,8.0,71.2
z_49.5_-7.5,2028,4,2028-T4,Stable,72.2,20.5,7.4,72.2
z_49.5_-7.5,2029,1,2029-T1,Stable,64.9,27.7,7.4,64.9
z_49.5_-7.5,2029,2,2029-T2,Diminution,83.8,2.8,83.8,13.4
z_49.5_-7.5,2029,3,2029-T3,Stable,71.2,20.8,8.0,71.2
z_49.5_-7.5,2029,4,2029-T4,Stable,71.0,21.7,7.3,71.0
z_49.5_-7.5,2030,1,2030-T1,Stable,64.9,27.7,7.4,64.9
z_49.5_-7.5,2030,2,2030-T2,Diminution,84.8,2.9,84.8,12.4
z_49.5_-7.5,2030,3,2030-T3,Stable,71.2,20.8,8.0,71.2
z_49.5_-7.5,2030,4,2030-T4,Stable,69.2,23.5,7.3,69.2
z_49.5_-9.0,2023,1,2023-T1,Diminution,82.5,3.7,82.5,13.7
z_49.5_-9.0,2023,2,2023-T2,Stable,92.7,3.9,3.5,92.7
z_49.5_-9.0,2023,3,2023-T3,Stable,89.4,6.2,4.4,89.4
z_49.5_-9.0,2023,4,2023-T4,Stable,87.7,9.1,3.1,87.7
z_49.5_-9.0,2024,1,2024-T1,Diminution,82.6,3.1,82.6,14.4
z_49.5_-9.0,2024,2,2024-T2,Stable,88.2,8.0,3.8,88.2
z_49.5_-9.0,2024,3,2024-T3,Stable,83.8,12.3,3.9,83.8
z_49.5_-9.0,2024,4,2024-T4,Stable,80.0,9.4,10.6,80.0
z_49.5_-9.0,2025,1,2025-T1,Diminution,60.1,18.2,60.1,21.7
z_49.5_-9.0,2025,2,2025-T2,Stable,86.7,9.7,3.7,86.7
z_49.5_-9.0,2025,3,2025-T3,Stable,71.0,24.8,4.2,71.0
z_49.5_-9.0,2025,4,2025-T4,Stable,62.6,34.3,3.1,62.6
z_49.5_-9.0,2026,1,2026-T1,Diminution,68.0,10.1,68.0,21.9
z_49.5_-9.0,2026,2,2026-T2,Stable,80.8,16.5,2.7,80.8
z_49.5_-9.0,2026,3,2026-T3,Stable,90.6,6.9,2.5,90.6
z_49.5_-9.0,2026,4,2026-T4,Stable,91.9,5.3,2.7,91.9
z_49.5_-9.0,2027,1,2027-T1,Diminution,85.7,2.7,85.7,11.6
z_49.5_-9.0,2027,2,2027-T2,Stable,94.7,3.0,2.3,94.7
z_49.5_-9.0,2027,3,2027-T3,Stable,92.8,4.3,2.9,92.8
z_49.5_-9.0,2027,4,2027-T4,Stable,91.5,5.3,3.2,91.5
z_49.5_-9.0,2028,1,2028-T1,Diminution,86.5,1.7,86.5,11.8
z_49.5_-9.0,2028,2,2028-T2,Stable,93.9,3.1,3.0,93.9
z_49.5_-9.0,2028,3,2028-T3,Stable,90.1,6.4,3.6,90.1
z_49.5_-9.0,2028,4,2028-T4,Stable,92.3,5.0,2.8,92.3
z_49.5_-9.0,2029,1,2029-T1,Diminution,85.9,2.4,85.9,11.8
z_49.5_-9.0,2029,2,2029-T2,Stable,94.1,3.4,2.5,94.1
z_49.5_-9.0,2029,3,2029-T3,Stable,91.6,5.3,3.1,91.6
z_49.5_-9.0,2029,4,2029-T4,Stable,92.2,4.7,3.0,92.2
z_49.5_-9.0,2030,1,2030-T1,Diminution,86.5,2.1,86.5,11.4
z_49.5_-9.0,2030,2,2030-T2,Stable,94.2,3.1,2.6,94.2
z_49.5_-9.0,2030,3,2030-T3,Stable,93.6,3.7,2.8,93.6
z_49.5_-9.0,2030,4,2030-T4,Stable,92.3,5.1,2.7,92.3
z_49.5_0.0,2023,1,2023-T1,Augmentation,49.3,49.3,40.5,10.2
z_49.5_0.0,2023,2,2023-T2,Augmentation,54.5,54.5,37.8,7.7
z_49.5_0.0,2023,3,2023-T3,Augmentation,53.0,53.0,38.8,8.3
z_49.5_0.0,2023,4,2023-T4,Augmentation,51.9,51.9,40.7,7.4
z_49.5_0.0,2024,1,2024-T1,Augmentation,43.2,43.2,47.4,9.4
z_49.5_0.0,2024,2,2024-T2,Augmentation,44.5,44.5,45.8,9.7
z_49.5_0.0,2024,3,2024-T3,Augmentation,52.2,52.2,39.1,8.7
z_49.5_0.0,2024,4,2024-T4,Augmentation,44.0,44.0,47.6,8.4
z_49.5_0.0,2025,1,2025-T1,Augmentation,46.9,46.9,43.2,9.9
z_49.5_0.0,2025,2,2025-T2,Augmentation,47.5,47.5,44.3,8.1
z_49.5_0.0,2025,3,2025-T3,Augmentation,54.7,54.7,36.5,8.9
z_49.5_0.0,2025,4,2025-T4,Augmentation,44.2,44.2,46.6,9.2
z_49.5_0.0,2026,1,2026-T1,Diminution,51.0,37.9,51.0,11.1
z_49.5_0.0,2026,2,2026-T2,Augmentation,40.3,40.3,51.1,8.6
z_49.5_0.0,2026,3,2026-T3,Augmentation,49.0,49.0,41.9,9.1
z_49.5_0.0,2026,4,2026-T4,Augmentation,50.2,50.2,42.0,7.8
z_49.5_0.0,2027,1,2027-T1,Augmentation,50.4,50.4,41.0,8.6
z_49.5_0.0,2027,2,2027-T2,Augmentation,52.1,52.1,39.4,8.5
z_49.5_0.0,2027,3,2027-T3,Augmentation,53.9,53.9,37.4,8.7
z_49.5_0.0,2027,4,2027-T4,Augmentation,50.4,50.4,40.6,9.0
z_49.5_0.0,2028,1,2028-T1,Augmentation,50.9,50.9,40.7,8.4
z_49.5_0.0,2028,2,2028-T2,Augmentation,55.8,55.8,36.4,7.8
z_49.5_0.0,2028,3,2028-T3,Augmentation,58.4,58.4,33.7,7.9
z_49.5_0.0,2028,4,2028-T4,Augmentation,51.3,51.3,40.6,8.1
z_49.5_0.0,2029,1,2029-T1,Augmentation,51.6,51.6,40.0,8.4
z_49.5_0.0,2029,2,2029-T2,Augmentation,56.5,56.5,35.9,7.6
z_49.5_0.0,2029,3,2029-T3,Augmentation,59.3,59.3,33.1,7.7
z_49.5_0.0,2029,4,2029-T4,Augmentation,53.0,53.0,39.0,8.0
z_49.5_0.0,2030,1,2030-T1,Augmentation,51.4,51.4,40.5,8.2
z_49.5_0.0,2030,2,2030-T2,Augmentation,55.6,55.6,36.9,7.5
z_49.5_0.0,2030,3,2030-T3,Augmentation,58.5,58.5,33.7,7.8
z_49.5_0.0,2030,4,2030-T4,Augmentation,52.9,52.9,39.1,7.9
z_51.0_-10.5,2023,1,2023-T1,Augmentation,75.2,75.2,6.4,18.4
z_51.0_-10.5,2023,2,2023-T2,Diminution,47.6,32.7,47.6,19.7
z_51.0_-10.5,2023,3,2023-T3,Diminution,49.0,30.5,49.0,20.5
z_51.0_-10.5,2023,4,2023-T4,Diminution,52.6,27.7,52.6,19.7
z_51.0_-10.5,2024,1,2024-T1,Augmentation,48.9,48.9,5.1,46.0
z_51.0_-10.5,2024,2,2024-T2,Diminution,53.3,27.0,53.3,19.7
z_51.0_-10.5,2024,3,2024-T3,Diminution,69.7,13.2,69.7,17.0
z_51.0_-10.5,2024,4,2024-T4,Diminution,72.8,11.3,72.8,15.9
z_51.0_-10.5,2025,1,2025-T1,Augmentation,58.3,58.3,8.2,33.5
z_51.0_-10.5,2025,2,2025-T2,Diminution,51.4,30.9,51.4,17.7
z_51.0_-10.5,2025,3,2025-T3,Diminution,51.4,30.7,51.4,17.9
z_51.0_-10.5,2025,4,2025-T4,Diminution,67.7,17.3,67.7,15.1
z_51.0_-10.5,2026,1,2026-T1,Stable,63.6,24.6,11.8,63.6
z_51.0_-10.5,2026,2,2026-T2,Diminution,74.5,8.4,74.5,17.2
z_51.0_-10.5,2026,3,2026-T3,Diminution,74.5,11.2,74.5,14.3
z_51.0_-10.5,2026,4,2026-T4,Diminution,52.6,30.5,52.6,16.9
z_51.0_-10.5,2027,1,2027-T1,Stable,48.9,47.1,4.1,48.9
z_51.0_-10.5,2027,2,2027-T2,Diminution,58.7,21.1,58.7,20.3
z_51.0_-10.5,2027,3,2027-T3,Diminution,57.0,23.6,57.0,19.4
z_51.0_-10.5,2027,4,2027-T4,Diminution,56.5,23.9,56.5,19.7
z_51.0_-10.5,2028,1,2028-T1,Stable,49.0,47.1,3.8,49.0
z_51.0_-10.5,2028,2,2028-T2,Diminution,59.8,20.3,59.8,19.9
z_51.0_-10.5,2028,3,2028-T3,Diminution,51.3,29.8,51.3,18.8
z_51.0_-10.5,2028,4,2028-T4,Diminution,51.2,30.7,51.2,18.2
z_51.0_-10.5,2029,1,2029-T1,Stable,49.9,46.4,3.7,49.9
z_51.0_-10.5,2029,2,2029-T2,Diminution,60.4,20.1,60.4,19.6
z_51.0_-10.5,2029,3,2029-T3,Diminution,57.9,22.4,57.9,19.7
z_51.0_-10.5,2029,4,2029-T4,Diminution,57.1,23.2,57.1,19.7
z_51.0_-10.5,2030,1,2030-T1,Stable,51.8,44.4,3.8,51.8
z_51.0_-10.5,2030,2,2030-T2,Diminution,59.3,21.2,59.3,19.5
z_51.0_-10.5,2030,3,2030-T3,Diminution,54.8,25.3,54.8,19.9
z_51.0_-10.5,2030,4,2030-T4,Diminution,54.7,25.9,54.7,19.4
z_51.0_-12.0,2023,1,2023-T1,Stable,80.8,13.0,6.2,80.8
z_51.0_-12.0,2023,2,2023-T2,Stable,87.3,9.2,3.5,87.3
z_51.0_-12.0,2023,3,2023-T3,Stable,81.9,5.1,12.9,81.9
z_51.0_-12.0,2023,4,2023-T4,Stable,87.0,7.6,5.3,87.0
z_51.0_-12.0,2024,1,2024-T1,Stable,82.8,10.7,6.5,82.8
z_51.0_-12.0,2024,2,2024-T2,Stable,87.0,9.0,4.0,87.0
z_51.0_-12.0,2024,3,2024-T3,Stable,89.3,7.0,3.7,89.3
z_51.0_-12.0,2024,4,2024-T4,Stable,68.3,26.3,5.4,68.3
z_51.0_-12.0,2025,1,2025-T1,Stable,66.9,28.3,4.8,66.9
z_51.0_-12.0,2025,2,2025-T2,Stable,58.8,37.5,3.7,58.8
z_51.0_-12.0,2025,3,2025-T3,Augmentation,48.1,48.1,4.9,47.1
z_51.0_-12.0,2025,4,2025-T4,Stable,54.1,41.8,4.0,54.1
z_51.0_-12.0,2026,1,2026-T1,Stable,66.0,28.4,5.6,66.0
z_51.0_-12.0,2026,2,2026-T2,Stable,71.7,23.1,5.3,71.7
z_51.0_-12.0,2026,3,2026-T3,Stable,76.9,17.8,5.2,76.9
z_51.0_-12.0,2026,4,2026-T4,Stable,77.7,16.4,5.8,77.7
z_51.0_-12.0,2027,1,2027-T1,Stable,83.1,12.9,4.0,83.1
z_51.0_-12.0,2027,2,2027-T2,Stable,87.7,7.3,5.0,87.7
z_51.0_-12.0,2027,3,2027-T3,Stable,90.3,6.1,3.6,90.3
z_51.0_-12.0,2027,4,2027-T4,Stable,84.0,9.1,7.0,84.0
z_51.0_-12.0,2028,1,2028-T1,Stable,86.3,9.8,3.9,86.3
z_51.0_-12.0,2028,2,2028-T2,Stable,87.5,6.2,6.2,87.5
z_51.0_-12.0,2028,3,2028-T3,Stable,89.0,7.9,3.1,89.0
z_51.0_-12.0,2028,4,2028-T4,Stable,86.3,8.4,5.3,86.3
z_51.0_-12.0,2029,1,2029-T1,Stable,84.9,11.0,4.1,84.9
z_51.0_-12.0,2029,2,2029-T2,Stable,85.7,9.0,5.2,85.7
z_51.0_-12.0,2029,3,2029-T3,Stable,90.8,6.1,3.1,90.8
z_51.0_-12.0,2029,4,2029-T4,Stable,90.0,6.1,3.9,90.0
z_51.0_-12.0,2030,1,2030-T1,Stable,84.8,11.5,3.7,84.8
z_51.0_-12.0,2030,2,2030-T2,Stable,91.6,4.6,3.8,91.6
z_51.0_-12.0,2030,3,2030-T3,Stable,91.9,5.0,3.1,91.9
z_51.0_-12.0,2030,4,2030-T4,Stable,91.1,5.7,3.2,91.1
z_51.0_-13.5,2023,1,2023-T1,Stable,89.8,6.5,3.7,89.8
z_51.0_-13.5,2023,2,2023-T2,Stable,94.6,2.6,2.8,94.6
z_51.0_-13.5,2023,3,2023-T3,Stable,96.0,2.1,1.9,96.0
z_51.0_-13.5,2023,4,2023-T4,Stable,88.7,8.6,2.7,88.7
z_51.0_-13.5,2024,1,2024-T1,Stable,89.8,6.5,3.7,89.8
z_51.0_-13.5,2024,2,2024-T2,Stable,94.6,2.6,2.8,94.6
z_51.0_-13.5,2024,3,2024-T3,Stable,96.0,2.1,1.9,96.0
z_51.0_-13.5,2024,4,2024-T4,Stable,89.2,8.0,2.8,89.2
z_51.0_-13.5,2025,1,2025-T1,Stable,89.8,6.5,3.7,89.8
z_51.0_-13.5,2025,2,2025-T2,Stable,84.3,12.1,3.6,84.3
z_51.0_-13.5,2025,3,2025-T3,Stable,90.5,6.9,2.6,90.5
z_51.0_-13.5,2025,4,2025-T4,Stable,92.0,5.4,2.7,92.0
z_51.0_-13.5,2026,1,2026-T1,Stable,86.8,10.3,2.8,86.8
z_51.0_-13.5,2026,2,2026-T2,Stable,95.9,1.9,2.2,95.9
z_51.0_-13.5,2026,3,2026-T3,Stable,94.4,2.6,3.0,94.4
z_51.0_-13.5,2026,4,2026-T4,Stable,92.4,4.3,3.2,92.4
z_51.0_-13.5,2027,1,2027-T1,Stable,91.9,5.2,2.9,91.9
z_51.0_-13.5,2027,2,2027-T2,Stable,95.9,1.9,2.2,95.9
z_51.0_-13.5,2027,3,2027-T3,Stable,94.4,2.6,3.0,94.4
z_51.0_-13.5,2027,4,2027-T4,Stable,89.3,6.5,4.2,89.3
z_51.0_-13.5,2028,1,2028-T1,Stable,90.8,5.9,3.3,90.8
z_51.0_-13.5,2028,2,2028-T2,Stable,95.9,1.9,2.2,95.9
z_51.0_-13.5,2028,3,2028-T3,Stable,94.4,2.6,3.0,94.4
z_51.0_-13.5,2028,4,2028-T4,Stable,91.6,4.9,3.5,91.6
z_51.0_-13.5,2029,1,2029-T1,Stable,92.4,4.8,2.8,92.4
z_51.0_-13.5,2029,2,2029-T2,Stable,95.9,1.9,2.2,95.9
z_51.0_-13.5,2029,3,2029-T3,Stable,94.4,2.6,3.0,94.4
z_51.0_-13.5,2029,4,2029-T4,Stable,92.7,4.2,3.1,92.7
z_51.0_-13.5,2030,1,2030-T1,Stable,91.9,5.0,3.1,91.9
z_51.0_-13.5,2030,2,2030-T2,Stable,95.9,1.9,2.2,95.9
z_51.0_-13.5,2030,3,2030-T3,Stable,94.4,2.6,3.0,94.4
z_51.0_-13.5,2030,4,2030-T4,Stable,92.8,4.6,2.6,92.8
z_51.0_-15.0,2023,1,2023-T1,Stable,89.9,5.9,4.3,89.9
z_51.0_-15.0,2023,2,2023-T2,Stable,91.5,4.8,3.7,91.5
z_51.0_-15.0,2023,3,2023-T3,Stable,96.0,2.0,2.0,96.0
z_51.0_-15.0,2023,4,2023-T4,Stable,91.5,6.0,2.5,91.5
z_51.0_-15.0,2024,1,2024-T1,Stable,91.8,5.2,3.1,91.8
z_51.0_-15.0,2024,2,2024-T2,Stable,91.0,5.0,4.0,91.0
z_51.0_-15.0,2024,3,2024-T3,Stable,92.7,4.2,3.1,92.7
z_51.0_-15.0,2024,4,2024-T4,Stable,93.8,4.5,1.6,93.8
z_51.0_-15.0,2025,1,2025-T1,Stable,89.9,7.1,3.0,89.9
z_51.0_-15.0,2025,2,2025-T2,Stable,89.8,5.3,4.9,89.8
z_51.0_-15.0,2025,3,2025-T3,Stable,90.9,4.9,4.2,90.9
z_51.0_-15.0,2025,4,2025-T4,Stable,81.8,5.6,12.6,81.8
z_51.0_-15.0,2026,1,2026-T1,Stable,89.7,6.8,3.4,89.7
z_51.0_-15.0,2026,2,2026-T2,Stable,93.1,4.2,2.7,93.1
z_51.0_-15.0,2026,3,2026-T3,Stable,94.4,2.8,2.8,94.4
z_51.0_-15.0,2026,4,2026-T4,Stable,92.3,5.2,2.6,92.3
z_51.0_-15.0,2027,1,2027-T1,Stable,89.2,6.0,4.7,89.2
z_51.0_-15.0,2027,2,2027-T2,Stable,94.0,3.8,2.2,94.0
z_51.0_-15.0,2027,3,2027-T3,Stable,94.4,2.8,2.8,94.4
z_51.0_-15.0,2027,4,2027-T4,Stable,93.0,4.4,2.7,93.0
z_51.0_-15.0,2028,1,2028-T1,Stable,88.9,5.6,5.5,88.9
z_51.0_-15.0,2028,2,2028-T2,Stable,94.0,3.8,2.2,94.0
z_51.0_-15.0,2028,3,2028-T3,Stable,94.4,2.8,2.8,94.4
z_51.0_-15.0,2028,4,2028-T4,Stable,92.6,5.0,2.4,92.6
z_51.0_-15.0,2029,1,2029-T1,Stable,89.0,5.5,5.5,89.0
z_51.0_-15.0,2029,2,2029-T2,Stable,94.0,3.8,2.2,94.0
z_51.0_-15.0,2029,3,2029-T3,Stable,94.4,2.8,2.8,94.4
z_51.0_-15.0,2029,4,2029-T4,Stable,92.6,5.0,2.4,92.6
z_51.0_-15.0,2030,1,2030-T1,Stable,91.1,5.0,3.9,91.1
z_51.0_-15.0,2030,2,2030-T2,Stable,94.0,3.8,2.2,94.0
z_51.0_-15.0,2030,3,2030-T3,Stable,94.4,2.8,2.8,94.4
z_51.0_-15.0,2030,4,2030-T4,Stable,92.6,5.0,2.4,92.6
z_51.0_-16.5,2023,1,2023-T1,Stable,91.6,4.2,4.2,91.6
z_51.0_-16.5,2023,2,2023-T2,Stable,94.5,3.2,2.3,94.5
z_51.0_-16.5,2023,3,2023-T3,Stable,89.3,7.4,3.3,89.3
z_51.0_-16.5,2023,4,2023-T4,Stable,96.4,1.8,1.8,96.4
z_51.0_-16.5,2024,1,2024-T1,Stable,86.8,9.6,3.5,86.8
z_51.0_-16.5,2024,2,2024-T2,Stable,96.4,1.5,2.1,96.4
z_51.0_-16.5,2024,3,2024-T3,Stable,95.2,2.0,2.8,95.2
z_51.0_-16.5,2024,4,2024-T4,Stable,94.9,2.3,2.9,94.9
z_51.0_-16.5,2025,1,2025-T1,Stable,92.9,3.8,3.4,92.9
z_51.0_-16.5,2025,2,2025-T2,Stable,96.4,1.5,2.1,96.4
z_51.0_-16.5,2025,3,2025-T3,Stable,94.7,2.1,3.2,94.7
z_51.0_-16.5,2025,4,2025-T4,Stable,94.9,2.3,2.9,94.9
z_51.0_-16.5,2026,1,2026-T1,Stable,92.5,4.0,3.5,92.5
z_51.0_-16.5,2026,2,2026-T2,Stable,96.4,1.5,2.1,96.4
z_51.0_-16.5,2026,3,2026-T3,Stable,94.8,2.1,3.1,94.8
z_51.0_-16.5,2026,4,2026-T4,Stable,94.9,2.3,2.9,94.9
z_51.0_-16.5,2027,1,2027-T1,Stable,93.3,3.2,3.5,93.3
z_51.0_-16.5,2027,2,2027-T2,Stable,96.4,1.5,2.1,96.4
z_51.0_-16.5,2027,3,2027-T3,Stable,94.3,2.3,3.4,94.3
z_51.0_-16.5,2027,4,2027-T4,Stable,94.9,2.3,2.9,94.9
z_51.0_-16.5,2028,1,2028-T1,Stable,92.4,3.8,3.7,92.4
z_51.0_-16.5,2028,2,2028-T2,Stable,96.4,1.5,2.1,96.4
z_51.0_-16.5,2028,3,2028-T3,Stable,95.1,2.0,2.9,95.1
z_51.0_-16.5,2028,4,2028-T4,Stable,94.9,2.3,2.9,94.9
z_51.0_-16.5,2029,1,2029-T1,Stable,93.1,3.6,3.3,93.1
z_51.0_-16.5,2029,2,2029-T2,Stable,96.4,1.5,2.1,96.4
z_51.0_-16.5,2029,3,2029-T3,Stable,95.1,2.0,2.9,95.1
z_51.0_-16.5,2029,4,2029-T4,Stable,94.9,2.3,2.9,94.9
z_51.0_-16.5,2030,1,2030-T1,Stable,93.1,3.6,3.3,93.1
z_51.0_-16.5,2030,2,2030-T2,Stable,96.4,1.5,2.1,96.4
z_51.0_-16.5,2030,3,2030-T3,Stable,95.1,2.0,2.9,95.1
z_51.0_-16.5,2030,4,2030-T4,Stable,94.9,2.3,2.9,94.9
z_51.0_-18.0,2023,1,2023-T1,Stable,98.0,0.2,1.8,98.0
z_51.0_-18.0,2023,2,2023-T2,Stable,95.6,0.3,4.1,95.6
z_51.0_-18.0,2023,3,2023-T3,Stable,96.9,0.8,2.3,96.9
z_51.0_-18.0,2023,4,2023-T4,Stable,98.3,0.3,1.3,98.3
z_51.0_-18.0,2024,1,2024-T1,Stable,94.7,2.3,3.0,94.7
z_51.0_-18.0,2024,2,2024-T2,Stable,98.1,0.1,1.8,98.1
z_51.0_-18.0,2024,3,2024-T3,Stable,98.0,0.1,1.9,98.0
z_51.0_-18.0,2024,4,2024-T4,Stable,98.1,0.2,1.7,98.1
z_51.0_-18.0,2025,1,2025-T1,Stable,96.0,0.7,3.3,96.0
z_51.0_-18.0,2025,2,2025-T2,Stable,98.1,0.1,1.8,98.1
z_51.0_-18.0,2025,3,2025-T3,Stable,98.0,0.1,1.9,98.0
z_51.0_-18.0,2025,4,2025-T4,Stable,98.1,0.2,1.7,98.1
z_51.0_-18.0,2026,1,2026-T1,Stable,94.9,0.7,4.3,94.9
z_51.0_-18.0,2026,2,2026-T2,Stable,98.1,0.1,1.8,98.1
z_51.0_-18.0,2026,3,2026-T3,Stable,98.0,0.1,1.9,98.0
z_51.0_-18.0,2026,4,2026-T4,Stable,98.1,0.2,1.7,98.1
z_51.0_-18.0,2027,1,2027-T1,Stable,97.8,0.2,2.0,97.8
z_51.0_-18.0,2027,2,2027-T2,Stable,98.1,0.1,1.8,98.1
z_51.0_-18.0,2027,3,2027-T3,Stable,98.0,0.1,1.9,98.0
z_51.0_-18.0,2027,4,2027-T4,Stable,98.1,0.2,1.7,98.1
z_51.0_-18.0,2028,1,2028-T1,Stable,96.1,0.9,2.9,96.1
z_51.0_-18.0,2028,2,2028-T2,Stable,98.1,0.1,1.8,98.1
z_51.0_-18.0,2028,3,2028-T3,Stable,98.0,0.1,1.9,98.0
z_51.0_-18.0,2028,4,2028-T4,Stable,98.1,0.2,1.7,98.1
z_51.0_-18.0,2029,1,2029-T1,Stable,98.0,0.2,1.8,98.0
z_51.0_-18.0,2029,2,2029-T2,Stable,98.1,0.1,1.8,98.1
z_51.0_-18.0,2029,3,2029-T3,Stable,98.0,0.1,1.9,98.0
z_51.0_-18.0,2029,4,2029-T4,Stable,98.1,0.2,1.7,98.1
z_51.0_-18.0,2030,1,2030-T1,Stable,98.0,0.2,1.8,98.0
z_51.0_-18.0,2030,2,2030-T2,Stable,98.1,0.1,1.8,98.1
z_51.0_-18.0,2030,3,2030-T3,Stable,98.0,0.1,1.9,98.0
z_51.0_-18.0,2030,4,2030-T4,Stable,98.1,0.2,1.7,98.1
z_51.0_-4.5,2023,1,2023-T1,Diminution,91.4,2.8,91.4,5.9
z_51.0_-4.5,2023,2,2023-T2,Diminution,87.6,2.4,87.6,10.0
z_51.0_-4.5,2023,3,2023-T3,Diminution,92.1,2.9,92.1,5.0
z_51.0_-4.5,2023,4,2023-T4,Diminution,89.4,2.4,89.4,8.2
z_51.0_-4.5,2024,1,2024-T1,Diminution,89.1,2.8,89.1,8.1
z_51.0_-4.5,2024,2,2024-T2,Diminution,85.4,3.8,85.4,10.8
z_51.0_-4.5,2024,3,2024-T3,Diminution,87.8,3.0,87.8,9.1
z_51.0_-4.5,2024,4,2024-T4,Diminution,85.3,4.1,85.3,10.7
z_51.0_-4.5,2025,1,2025-T1,Diminution,76.5,7.7,76.5,15.8
z_51.0_-4.5,2025,2,2025-T2,Diminution,79.7,3.7,79.7,16.6
z_51.0_-4.5,2025,3,2025-T3,Diminution,70.2,11.0,70.2,18.8
z_51.0_-4.5,2025,4,2025-T4,Diminution,74.9,7.0,74.9,18.1
z_51.0_-4.5,2026,1,2026-T1,Diminution,75.9,5.8,75.9,18.3
z_51.0_-4.5,2026,2,2026-T2,Diminution,83.5,2.1,83.5,14.4
z_51.0_-4.5,2026,3,2026-T3,Diminution,83.3,3.6,83.3,13.1
z_51.0_-4.5,2026,4,2026-T4,Diminution,80.5,3.5,80.5,16.0
z_51.0_-4.5,2027,1,2027-T1,Diminution,79.7,5.0,79.7,15.4
z_51.0_-4.5,2027,2,2027-T2,Diminution,83.5,1.1,83.5,15.4
z_51.0_-4.5,2027,3,2027-T3,Diminution,83.3,3.6,83.3,13.1
z_51.0_-4.5,2027,4,2027-T4,Diminution,81.1,4.3,81.1,14.6
z_51.0_-4.5,2028,1,2028-T1,Diminution,80.4,5.9,80.4,13.7
z_51.0_-4.5,2028,2,2028-T2,Diminution,83.7,1.8,83.7,14.5
z_51.0_-4.5,2028,3,2028-T3,Diminution,83.3,3.6,83.3,13.1
z_51.0_-4.5,2028,4,2028-T4,Diminution,82.8,3.6,82.8,13.7
z_51.0_-4.5,2029,1,2029-T1,Diminution,81.2,5.6,81.2,13.3
z_51.0_-4.5,2029,2,2029-T2,Diminution,84.9,1.3,84.9,13.8
z_51.0_-4.5,2029,3,2029-T3,Diminution,83.3,3.6,83.3,13.1
z_51.0_-4.5,2029,4,2029-T4,Diminution,82.3,3.9,82.3,13.8
z_51.0_-4.5,2030,1,2030-T1,Diminution,80.4,6.1,80.4,13.5
z_51.0_-4.5,2030,2,2030-T2,Diminution,84.1,1.6,84.1,14.3
z_51.0_-4.5,2030,3,2030-T3,Diminution,83.3,3.6,83.3,13.1
z_51.0_-4.5,2030,4,2030-T4,Diminution,82.2,3.9,82.2,13.9
z_51.0_-6.0,2023,1,2023-T1,Diminution,71.4,19.0,71.4,9.6
z_51.0_-6.0,2023,2,2023-T2,Diminution,68.6,21.4,68.6,10.0
z_51.0_-6.0,2023,3,2023-T3,Diminution,66.9,21.6,66.9,11.5
z_51.0_-6.0,2023,4,2023-T4,Diminution,84.9,6.9,84.9,8.2
z_51.0_-6.0,2024,1,2024-T1,Diminution,84.9,5.4,84.9,9.6
z_51.0_-6.0,2024,2,2024-T2,Diminution,82.9,6.7,82.9,10.4
z_51.0_-6.0,2024,3,2024-T3,Diminution,77.8,11.8,77.8,10.4
z_51.0_-6.0,2024,4,2024-T4,Diminution,74.7,11.8,74.7,13.5
z_51.0_-6.0,2025,1,2025-T1,Diminution,73.2,11.0,73.2,15.8
z_51.0_-6.0,2025,2,2025-T2,Diminution,66.7,20.1,66.7,13.2
z_51.0_-6.0,2025,3,2025-T3,Diminution,75.8,11.4,75.8,12.8
z_51.0_-6.0,2025,4,2025-T4,Diminution,64.4,18.6,64.4,17.0
z_51.0_-6.0,2026,1,2026-T1,Diminution,70.9,14.8,70.9,14.3
z_51.0_-6.0,2026,2,2026-T2,Diminution,77.7,8.2,77.7,14.1
z_51.0_-6.0,2026,3,2026-T3,Diminution,72.7,12.9,72.7,14.4
z_51.0_-6.0,2026,4,2026-T4,Diminution,75.9,11.3,75.9,12.8
z_51.0_-6.0,2027,1,2027-T1,Diminution,77.9,8.6,77.9,13.6
z_51.0_-6.0,2027,2,2027-T2,Diminution,78.0,8.5,78.0,13.5
z_51.0_-6.0,2027,3,2027-T3,Diminution,78.0,9.5,78.0,12.5
z_51.0_-6.0,2027,4,2027-T4,Diminution,79.5,8.8,79.5,11.7
z_51.0_-6.0,2028,1,2028-T1,Diminution,76.8,9.1,76.8,14.1
z_51.0_-6.0,2028,2,2028-T2,Diminution,76.9,9.0,76.9,14.1
z_51.0_-6.0,2028,3,2028-T3,Diminution,77.3,8.9,77.3,13.8
z_51.0_-6.0,2028,4,2028-T4,Diminution,74.9,11.1,74.9,14.0
z_51.0_-6.0,2029,1,2029-T1,Diminution,77.0,9.0,77.0,14.0
z_51.0_-6.0,2029,2,2029-T2,Diminution,77.2,8.8,77.2,14.0
z_51.0_-6.0,2029,3,2029-T3,Diminution,76.0,11.0,76.0,13.0
z_51.0_-6.0,2029,4,2029-T4,Diminution,78.8,8.1,78.8,13.0
z_51.0_-6.0,2030,1,2030-T1,Diminution,79.8,7.1,79.8,13.1
z_51.0_-6.0,2030,2,2030-T2,Diminution,82.1,5.7,82.1,12.2
z_51.0_-6.0,2030,3,2030-T3,Diminution,82.1,5.9,82.1,11.9
z_51.0_-6.0,2030,4,2030-T4,Diminution,78.8,7.8,78.8,13.4
z_51.0_-7.5,2023,1,2023-T1,Diminution,77.1,7.3,77.1,15.6
z_51.0_-7.5,2023,2,2023-T2,Diminution,66.8,12.6,66.8,20.6
z_51.0_-7.5,2023,3,2023-T3,Augmentation,63.9,63.9,5.5,30.5
z_51.0_-7.5,2023,4,2023-T4,Augmentation,40.5,40.5,39.1,20.4
z_51.0_-7.5,2024,1,2024-T1,Augmentation,57.7,57.7,22.8,19.5
z_51.0_-7.5,2024,2,2024-T2,Augmentation,51.0,51.0,32.0,17.0
z_51.0_-7.5,2024,3,2024-T3,Augmentation,65.5,65.5,7.2,27.2
z_51.0_-7.5,2024,4,2024-T4,Augmentation,56.7,56.7,28.1,15.2
z_51.0_-7.5,2025,1,2025-T1,Diminution,48.6,34.5,48.6,16.9
z_51.0_-7.5,2025,2,2025-T2,Augmentation,37.5,37.5,39.2,23.3
z_51.0_-7.5,2025,3,2025-T3,Augmentation,74.0,74.0,5.7,20.3
z_51.0_-7.5,2025,4,2025-T4,Augmentation,37.2,37.2,48.7,14.1
z_51.0_-7.5,2026,1,2026-T1,Diminution,73.8,11.3,73.8,14.9
z_51.0_-7.5,2026,2,2026-T2,Diminution,76.5,6.9,76.5,16.6
z_51.0_-7.5,2026,3,2026-T3,Stable,44.4,40.2,15.5,44.4
z_51.0_-7.5,2026,4,2026-T4,Diminution,58.6,24.2,58.6,17.2
z_51.0_-7.5,2027,1,2027-T1,Diminution,54.3,28.7,54.3,17.0
z_51.0_-7.5,2027,2,2027-T2,Diminution,54.4,28.5,54.4,17.0
z_51.0_-7.5,2027,3,2027-T3,Augmentation,55.3,55.3,7.6,37.1
z_51.0_-7.5,2027,4,2027-T4,Augmentation,36.0,36.0,47.2,16.9
z_51.0_-7.5,2028,1,2028-T1,Diminution,56.3,25.8,56.3,17.9
z_51.0_-7.5,2028,2,2028-T2,Diminution,58.0,23.2,58.0,18.8
z_51.0_-7.5,2028,3,2028-T3,Augmentation,62.2,62.2,6.2,31.6
z_51.0_-7.5,2028,4,2028-T4,Diminution,53.4,28.3,53.4,18.2
z_51.0_-7.5,2029,1,2029-T1,Diminution,53.9,29.9,53.9,16.2
z_51.0_-7.5,2029,2,2029-T2,Diminution,57.2,22.1,57.2,20.7
z_51.0_-7.5,2029,3,2029-T3,Augmentation,63.8,63.8,6.5,29.7
z_51.0_-7.5,2029,4,2029-T4,Diminution,55.8,26.6,55.8,17.6
z_51.0_-7.5,2030,1,2030-T1,Diminution,55.1,26.6,55.1,18.3
z_51.0_-7.5,2030,2,2030-T2,Diminution,55.7,24.5,55.7,19.8
z_51.0_-7.5,2030,3,2030-T3,Augmentation,62.2,62.2,5.6,32.2
z_51.0_-7.5,2030,4,2030-T4,Diminution,50.4,32.6,50.4,17.0
z_51.0_-9.0,2023,1,2023-T1,Stable,52.0,40.5,7.5,52.0
z_51.0_-9.0,2023,2,2023-T2,Diminution,57.2,22.6,57.2,20.2
z_51.0_-9.0,2023,3,2023-T3,Stable,62.9,30.2,6.8,62.9
z_51.0_-9.0,2023,4,2023-T4,Diminution,54.4,20.6,54.4,25.0
z_51.0_-9.0,2024,1,2024-T1,Augmentation,53.8,53.8,3.4,42.8
z_51.0_-9.0,2024,2,2024-T2,Diminution,70.1,12.4,70.1,17.5
z_51.0_-9.0,2024,3,2024-T3,Augmentation,48.2,48.2,3.8,48.0
z_51.0_-9.0,2024,4,2024-T4,Diminution,72.9,9.3,72.9,17.9
z_51.0_-9.0,2025,1,2025-T1,Stable,65.1,28.1,6.8,65.1
z_51.0_-9.0,2025,2,2025-T2,Diminution,72.6,11.6,72.6,15.8
z_51.0_-9.0,2025,3,2025-T3,Stable,61.9,28.9,9.3,61.9
z_51.0_-9.0,2025,4,2025-T4,Diminution,77.6,5.8,77.6,16.6
z_51.0_-9.0,2026,1,2026-T1,Stable,62.0,31.7,6.2,62.0
z_51.0_-9.0,2026,2,2026-T2,Diminution,70.6,10.9,70.6,18.4
z_51.0_-9.0,2026,3,2026-T3,Stable,51.5,43.5,4.9,51.5
z_51.0_-9.0,2026,4,2026-T4,Diminution,65.5,14.6,65.5,19.9
z_51.0_-9.0,2027,1,2027-T1,Stable,54.9,42.2,2.9,54.9
z_51.0_-9.0,2027,2,2027-T2,Diminution,68.1,11.9,68.1,20.0
z_51.0_-9.0,2027,3,2027-T3,Stable,50.8,45.8,3.4,50.8
z_51.0_-9.0,2027,4,2027-T4,Diminution,70.1,11.1,70.1,18.9
z_51.0_-9.0,2028,1,2028-T1,Stable,52.0,44.7,3.3,52.0
z_51.0_-9.0,2028,2,2028-T2,Diminution,68.2,12.4,68.2,19.5
z_51.0_-9.0,2028,3,2028-T3,Stable,48.1,47.7,4.2,48.1
z_51.0_-9.0,2028,4,2028-T4,Diminution,66.6,14.6,66.6,18.8
z_51.0_-9.0,2029,1,2029-T1,Stable,51.9,44.4,3.6,51.9
z_51.0_-9.0,2029,2,2029-T2,Diminution,68.0,12.4,68.0,19.6
z_51.0_-9.0,2029,3,2029-T3,Stable,48.1,47.8,4.1,48.1
z_51.0_-9.0,2029,4,2029-T4,Diminution,68.8,12.0,68.8,19.2
z_51.0_-9.0,2030,1,2030-T1,Stable,54.2,42.1,3.7,54.2
z_51.0_-9.0,2030,2,2030-T2,Diminution,68.0,12.4,68.0,19.6
z_51.0_-9.0,2030,3,2030-T3,Stable,50.3,45.5,4.2,50.3
z_51.0_-9.0,2030,4,2030-T4,Diminution,68.4,12.4,68.4,19.3
z_51.0_0.0,2023,1,2023-T1,Diminution,82.4,10.6,82.4,7.0
z_51.0_0.0,2023,2,2023-T2,Diminution,76.7,15.5,76.7,7.8
z_51.0_0.0,2023,3,2023-T3,Diminution,76.7,14.0,76.7,9.4
z_51.0_0.0,2023,4,2023-T4,Diminution,55.8,30.5,55.8,13.7
z_51.0_0.0,2024,1,2024-T1,Diminution,72.9,17.8,72.9,9.3
z_51.0_0.0,2024,2,2024-T2,Diminution,55.8,32.8,55.8,11.4
z_51.0_0.0,2024,3,2024-T3,Augmentation,38.2,38.2,50.3,11.5
z_51.0_0.0,2024,4,2024-T4,Diminution,61.0,29.9,61.0,9.2
z_51.0_0.0,2025,1,2025-T1,Augmentation,38.7,38.7,51.2,10.0
z_51.0_0.0,2025,2,2025-T2,Diminution,50.7,37.8,50.7,11.5
z_51.0_0.0,2025,3,2025-T3,Diminution,65.7,24.4,65.7,9.8
z_51.0_0.0,2025,4,2025-T4,Diminution,68.5,19.9,68.5,11.7
z_51.0_0.0,2026,1,2026-T1,Diminution,82.1,9.3,82.1,8.6
z_51.0_0.0,2026,2,2026-T2,Diminution,64.2,23.6,64.2,12.3
z_51.0_0.0,2026,3,2026-T3,Diminution,61.8,26.6,61.8,11.6
z_51.0_0.0,2026,4,2026-T4,Diminution,64.3,24.1,64.3,11.6
z_51.0_0.0,2027,1,2027-T1,Diminution,60.3,25.6,60.3,14.1
z_51.0_0.0,2027,2,2027-T2,Diminution,59.0,27.9,59.0,13.0
z_51.0_0.0,2027,3,2027-T3,Diminution,61.4,26.9,61.4,11.7
z_51.0_0.0,2027,4,2027-T4,Diminution,59.7,26.8,59.7,13.5
z_51.0_0.0,2028,1,2028-T1,Diminution,64.8,22.0,64.8,13.2
z_51.0_0.0,2028,2,2028-T2,Diminution,63.4,23.6,63.4,13.0
z_51.0_0.0,2028,3,2028-T3,Diminution,61.8,26.3,61.8,11.9
z_51.0_0.0,2028,4,2028-T4,Diminution,61.4,25.7,61.4,12.9
z_51.0_0.0,2029,1,2029-T1,Diminution,65.3,20.3,65.3,14.4
z_51.0_0.0,2029,2,2029-T2,Diminution,69.5,17.3,69.5,13.1
z_51.0_0.0,2029,3,2029-T3,Diminution,68.7,18.2,68.7,13.1
z_51.0_0.0,2029,4,2029-T4,Diminution,69.2,16.9,69.2,13.8
z_51.0_0.0,2030,1,2030-T1,Diminution,69.2,18.0,69.2,12.8
z_51.0_0.0,2030,2,2030-T2,Diminution,68.9,18.5,68.9,12.6
z_51.0_0.0,2030,3,2030-T3,Diminution,70.4,17.5,70.4,12.1
z_51.0_0.0,2030,4,2030-T4,Diminution,68.3,18.8,68.3,12.8
z_51.0_1.5,2023,1,2023-T1,Augmentation,46.4,46.4,47.6,6.0
z_51.0_1.5,2023,2,2023-T2,Augmentation,62.4,62.4,31.5,6.2
z_51.0_1.5,2023,3,2023-T3,Diminution,56.6,37.5,56.6,6.0
z_51.0_1.5,2023,4,2023-T4,Diminution,66.0,27.6,66.0,6.4
z_51.0_1.5,2024,1,2024-T1,Augmentation,52.3,52.3,40.7,7.1
z_51.0_1.5,2024,2,2024-T2,Augmentation,63.4,63.4,31.3,5.3
z_51.0_1.5,2024,3,2024-T3,Augmentation,54.0,54.0,39.0,6.9
z_51.0_1.5,2024,4,2024-T4,Augmentation,61.2,61.2,32.2,6.6
z_51.0_1.5,2025,1,2025-T1,Augmentation,49.1,49.1,43.9,7.0
z_51.0_1.5,2025,2,2025-T2,Augmentation,63.4,63.4,30.1,6.5
z_51.0_1.5,2025,3,2025-T3,Augmentation,55.1,55.1,38.2,6.6
z_51.0_1.5,2025,4,2025-T4,Augmentation,56.6,56.6,37.0,6.5
z_51.0_1.5,2026,1,2026-T1,Diminution,76.4,17.5,76.4,6.1
z_51.0_1.5,2026,2,2026-T2,Diminution,66.0,27.0,66.0,6.9
z_51.0_1.5,2026,3,2026-T3,Augmentation,52.6,52.6,40.2,7.2
z_51.0_1.5,2026,4,2026-T4,Augmentation,57.3,57.3,35.2,7.5
z_51.0_1.5,2027,1,2027-T1,Augmentation,57.5,57.5,35.7,6.8
z_51.0_1.5,2027,2,2027-T2,Augmentation,68.8,68.8,26.1,5.2
z_51.0_1.5,2027,3,2027-T3,Augmentation,55.8,55.8,37.5,6.7
z_51.0_1.5,2027,4,2027-T4,Augmentation,64.4,64.4,30.0,5.6
z_51.0_1.5,2028,1,2028-T1,Augmentation,63.5,63.5,30.4,6.0
z_51.0_1.5,2028,2,2028-T2,Augmentation,72.3,72.3,22.9,4.8
z_51.0_1.5,2028,3,2028-T3,Augmentation,63.1,63.1,31.6,5.4
z_51.0_1.5,2028,4,2028-T4,Augmentation,68.2,68.2,26.6,5.2
z_51.0_1.5,2029,1,2029-T1,Augmentation,62.9,62.9,31.1,6.0
z_51.0_1.5,2029,2,2029-T2,Augmentation,71.5,71.5,23.6,4.8
z_51.0_1.5,2029,3,2029-T3,Augmentation,63.7,63.7,31.0,5.3
z_51.0_1.5,2029,4,2029-T4,Augmentation,69.5,69.5,25.4,5.1
z_51.0_1.5,2030,1,2030-T1,Augmentation,62.6,62.6,31.3,6.1
z_51.0_1.5,2030,2,2030-T2,Augmentation,71.9,71.9,23.3,4.8
z_51.0_1.5,2030,3,2030-T3,Augmentation,62.7,62.7,31.8,5.5
z_51.0_1.5,2030,4,2030-T4,Augmentation,68.3,68.3,26.5,5.2
z_51.0_3.0,2023,1,2023-T1,Augmentation,82.9,82.9,11.2,5.9
z_51.0_3.0,2023,2,2023-T2,Augmentation,83.8,83.8,11.4,4.8
z_51.0_3.0,2023,3,2023-T3,Augmentation,88.1,88.1,7.9,4.1
z_51.0_3.0,2023,4,2023-T4,Augmentation,82.7,82.7,11.9,5.4
z_51.0_3.0,2024,1,2024-T1,Augmentation,70.7,70.7,22.3,7.0
z_51.0_3.0,2024,2,2024-T2,Augmentation,76.0,76.0,18.8,5.2
z_51.0_3.0,2024,3,2024-T3,Augmentation,77.5,77.5,17.3,5.2
z_51.0_3.0,2024,4,2024-T4,Augmentation,79.1,79.1,15.7,5.2
z_51.0_3.0,2025,1,2025-T1,Augmentation,62.7,62.7,28.5,8.8
z_51.0_3.0,2025,2,2025-T2,Augmentation,80.9,80.9,14.3,4.8
z_51.0_3.0,2025,3,2025-T3,Augmentation,67.2,67.2,26.6,6.2
z_51.0_3.0,2025,4,2025-T4,Augmentation,70.8,70.8,23.7,5.5
z_51.0_3.0,2026,1,2026-T1,Augmentation,43.6,43.6,47.5,8.9
z_51.0_3.0,2026,2,2026-T2,Augmentation,54.6,54.6,38.1,7.3
z_51.0_3.0,2026,3,2026-T3,Augmentation,54.5,54.5,39.3,6.2
z_51.0_3.0,2026,4,2026-T4,Augmentation,76.6,76.6,17.8,5.6
z_51.0_3.0,2027,1,2027-T1,Augmentation,71.4,71.4,22.2,6.5
z_51.0_3.0,2027,2,2027-T2,Augmentation,77.4,77.4,18.4,4.3
z_51.0_3.0,2027,3,2027-T3,Augmentation,76.4,76.4,19.6,4.0
z_51.0_3.0,2027,4,2027-T4,Augmentation,84.0,84.0,12.2,3.8
z_51.0_3.0,2028,1,2028-T1,Augmentation,75.1,75.1,19.5,5.4
z_51.0_3.0,2028,2,2028-T2,Augmentation,74.7,74.7,20.4,5.0
z_51.0_3.0,2028,3,2028-T3,Augmentation,90.2,90.2,6.2,3.6
z_51.0_3.0,2028,4,2028-T4,Augmentation,77.2,77.2,17.7,5.2
z_51.0_3.0,2029,1,2029-T1,Augmentation,75.5,75.5,19.1,5.4
z_51.0_3.0,2029,2,2029-T2,Augmentation,76.9,76.9,18.6,4.5
z_51.0_3.0,2029,3,2029-T3,Augmentation,78.7,78.7,17.0,4.3
z_51.0_3.0,2029,4,2029-T4,Augmentation,92.0,92.0,4.4,3.6
z_51.0_3.0,2030,1,2030-T1,Augmentation,84.1,84.1,10.4,5.4
z_51.0_3.0,2030,2,2030-T2,Augmentation,77.2,77.2,18.0,4.8
z_51.0_3.0,2030,3,2030-T3,Augmentation,90.3,90.3,5.7,4.0
z_51.0_3.0,2030,4,2030-T4,Augmentation,87.0,87.0,8.3,4.7
z_52.5_-1.5,2023,1,2023-T1,Diminution,85.7,7.7,85.7,6.6
z_52.5_-1.5,2023,2,2023-T2,Diminution,84.4,8.8,84.4,6.8
z_52.5_-1.5,2023,3,2023-T3,Diminution,86.1,7.7,86.1,6.2
z_52.5_-1.5,2023,4,2023-T4,Diminution,83.5,9.5,83.5,6.9
z_52.5_-1.5,2024,1,2024-T1,Diminution,64.8,23.4,64.8,11.8
z_52.5_-1.5,2024,2,2024-T2,Diminution,57.7,29.2,57.7,13.2
z_52.5_-1.5,2024,3,2024-T3,Diminution,52.5,33.2,52.5,14.2
z_52.5_-1.5,2024,4,2024-T4,Diminution,56.7,30.2,56.7,13.1
z_52.5_-1.5,2025,1,2025-T1,Diminution,71.0,17.7,71.0,11.4
z_52.5_-1.5,2025,2,2025-T2,Diminution,63.4,23.7,63.4,12.9
z_52.5_-1.5,2025,3,2025-T3,Diminution,57.4,30.3,57.4,12.3
z_52.5_-1.5,2025,4,2025-T4,Diminution,61.0,24.0,61.0,15.0
z_52.5_-1.5,2026,1,2026-T1,Diminution,60.1,22.7,60.1,17.3
z_52.5_-1.5,2026,2,2026-T2,Diminution,66.6,18.0,66.6,15.4
z_52.5_-1.5,2026,3,2026-T3,Diminution,69.6,17.4,69.6,13.0
z_52.5_-1.5,2026,4,2026-T4,Diminution,66.3,19.5,66.3,14.2
z_52.5_-1.5,2027,1,2027-T1,Diminution,65.6,19.2,65.6,15.1
z_52.5_-1.5,2027,2,2027-T2,Diminution,66.1,18.7,66.1,15.2
z_52.5_-1.5,2027,3,2027-T3,Diminution,59.5,25.2,59.5,15.2
z_52.5_-1.5,2027,4,2027-T4,Diminution,58.6,27.2,58.6,14.2
z_52.5_-1.5,2028,1,2028-T1,Diminution,64.2,20.4,64.2,15.4
z_52.5_-1.5,2028,2,2028-T2,Diminution,63.1,22.1,63.1,14.8
z_52.5_-1.5,2028,3,2028-T3,Diminution,65.8,19.3,65.8,15.0
z_52.5_-1.5,2028,4,2028-T4,Diminution,63.1,21.4,63.1,15.4
z_52.5_-1.5,2029,1,2029-T1,Diminution,60.0,24.2,60.0,15.8
z_52.5_-1.5,2029,2,2029-T2,Diminution,66.7,18.4,66.7,14.9
z_52.5_-1.5,2029,3,2029-T3,Diminution,63.2,21.5,63.2,15.3
z_52.5_-1.5,2029,4,2029-T4,Diminution,64.7,19.8,64.7,15.5
z_52.5_-1.5,2030,1,2030-T1,Diminution,63.9,20.3,63.9,15.8
z_52.5_-1.5,2030,2,2030-T2,Diminution,65.1,19.4,65.1,15.6
z_52.5_-1.5,2030,3,2030-T3,Diminution,63.1,20.7,63.1,16.1
z_52.5_-1.5,2030,4,2030-T4,Diminution,63.0,21.8,63.0,15.3
z_52.5_-10.5,2023,1,2023-T1,Stable,77.1,18.9,4.0,77.1
z_52.5_-10.5,2023,2,2023-T2,Stable,86.9,9.0,4.1,86.9
z_52.5_-10.5,2023,3,2023-T3,Stable,92.7,5.1,2.2,92.7
z_52.5_-10.5,2023,4,2023-T4,Stable,85.0,12.2,2.8,85.0
z_52.5_-10.5,2024,1,2024-T1,Stable,91.9,4.6,3.5,91.9
z_52.5_-10.5,2024,2,2024-T2,Stable,89.2,8.1,2.8,89.2
z_52.5_-10.5,2024,3,2024-T3,Stable,92.5,4.3,3.2,92.5
z_52.5_-10.5,2024,4,2024-T4,Stable,81.2,13.7,5.1,81.2
z_52.5_-10.5,2025,1,2025-T1,Stable,84.1,12.0,3.9,84.1
z_52.5_-10.5,2025,2,2025-T2,Stable,81.5,13.7,4.8,81.5
z_52.5_-10.5,2025,3,2025-T3,Stable,69.5,24.4,6.1,69.5
z_52.5_-10.5,2025,4,2025-T4,Stable,73.9,18.0,8.0,73.9
z_52.5_-10.5,2026,1,2026-T1,Stable,74.7,16.8,8.5,74.7
z_52.5_-10.5,2026,2,2026-T2,Stable,89.4,7.6,3.0,89.4
z_52.5_-10.5,2026,3,2026-T3,Stable,92.9,4.5,2.6,92.9
z_52.5_-10.5,2026,4,2026-T4,Stable,86.3,9.8,3.8,86.3
z_52.5_-10.5,2027,1,2027-T1,Stable,90.4,4.7,4.8,90.4
z_52.5_-10.5,2027,2,2027-T2,Stable,83.2,11.5,5.3,83.2
z_52.5_-10.5,2027,3,2027-T3,Stable,92.0,4.9,3.1,92.0
z_52.5_-10.5,2027,4,2027-T4,Stable,84.9,11.9,3.2,84.9
z_52.5_-10.5,2028,1,2028-T1,Stable,89.7,4.3,6.0,89.7
z_52.5_-10.5,2028,2,2028-T2,Stable,87.4,6.4,6.2,87.4
z_52.5_-10.5,2028,3,2028-T3,Stable,93.0,4.3,2.7,93.0
z_52.5_-10.5,2028,4,2028-T4,Stable,86.4,10.8,2.7,86.4
z_52.5_-10.5,2029,1,2029-T1,Stable,90.7,4.0,5.3,90.7
z_52.5_-10.5,2029,2,2029-T2,Stable,87.0,6.8,6.2,87.0
z_52.5_-10.5,2029,3,2029-T3,Stable,91.6,5.4,2.9,91.6
z_52.5_-10.5,2029,4,2029-T4,Stable,86.4,10.8,2.7,86.4
z_52.5_-10.5,2030,1,2030-T1,Stable,90.1,5.3,4.6,90.1
z_52.5_-10.5,2030,2,2030-T2,Stable,87.7,8.3,4.0,87.7
z_52.5_-10.5,2030,3,2030-T3,Stable,92.5,4.8,2.6,92.5
z_52.5_-10.5,2030,4,2030-T4,Stable,86.4,10.8,2.7,86.4
z_52.5_-12.0,2023,1,2023-T1,Stable,90.6,4.9,4.5,90.6
z_52.5_-12.0,2023,2,2023-T2,Stable,97.3,1.4,1.3,97.3
z_52.5_-12.0,2023,3,2023-T3,Stable,90.7,6.1,3.2,90.7
z_52.5_-12.0,2023,4,2023-T4,Stable,94.9,1.8,3.3,94.9
z_52.5_-12.0,2024,1,2024-T1,Stable,93.4,3.8,2.8,93.4
z_52.5_-12.0,2024,2,2024-T2,Stable,95.3,2.3,2.4,95.3
z_52.5_-12.0,2024,3,2024-T3,Stable,94.3,2.2,3.5,94.3
z_52.5_-12.0,2024,4,2024-T4,Stable,96.7,1.4,2.0,96.7
z_52.5_-12.0,2025,1,2025-T1,Stable,89.1,7.6,3.3,89.1
z_52.5_-12.0,2025,2,2025-T2,Stable,96.4,1.9,1.7,96.4
z_52.5_-12.0,2025,3,2025-T3,Stable,95.1,1.6,3.3,95.1
z_52.5_-12.0,2025,4,2025-T4,Stable,94.3,2.2,3.5,94.3
z_52.5_-12.0,2026,1,2026-T1,Stable,93.0,4.2,2.8,93.0
z_52.5_-12.0,2026,2,2026-T2,Stable,96.4,1.9,1.7,96.4
z_52.5_-12.0,2026,3,2026-T3,Stable,95.1,1.7,3.2,95.1
z_52.5_-12.0,2026,4,2026-T4,Stable,95.2,1.8,3.0,95.2
z_52.5_-12.0,2027,1,2027-T1,Stable,92.4,4.7,3.0,92.4
z_52.5_-12.0,2027,2,2027-T2,Stable,96.4,1.9,1.7,96.4
z_52.5_-12.0,2027,3,2027-T3,Stable,94.6,1.9,3.5,94.6
z_52.5_-12.0,2027,4,2027-T4,Stable,95.2,1.8,3.0,95.2
z_52.5_-12.0,2028,1,2028-T1,Stable,93.4,3.8,2.8,93.4
z_52.5_-12.0,2028,2,2028-T2,Stable,96.4,1.9,1.7,96.4
z_52.5_-12.0,2028,3,2028-T3,Stable,95.5,1.5,3.0,95.5
z_52.5_-12.0,2028,4,2028-T4,Stable,95.2,1.8,3.0,95.2
z_52.5_-12.0,2029,1,2029-T1,Stable,92.5,4.5,3.0,92.5
z_52.5_-12.0,2029,2,2029-T2,Stable,96.4,1.9,1.7,96.4
z_52.5_-12.0,2029,3,2029-T3,Stable,95.5,1.5,3.0,95.5
z_52.5_-12.0,2029,4,2029-T4,Stable,95.2,1.8,3.0,95.2
z_52.5_-12.0,2030,1,2030-T1,Stable,93.1,4.3,2.7,93.1
z_52.5_-12.0,2030,2,2030-T2,Stable,96.4,1.9,1.7,96.4
z_52.5_-12.0,2030,3,2030-T3,Stable,95.5,1.5,3.0,95.5
z_52.5_-12.0,2030,4,2030-T4,Stable,95.2,1.8,3.0,95.2
z_52.5_-13.5,2023,1,2023-T1,Stable,88.4,8.0,3.6,88.4
z_52.5_-13.5,2023,2,2023-T2,Stable,95.0,2.3,2.7,95.0
z_52.5_-13.5,2023,3,2023-T3,Diminution,90.8,0.4,90.8,8.8
z_52.5_-13.5,2023,4,2023-T4,Stable,91.5,5.6,2.9,91.5
z_52.5_-13.5,2024,1,2024-T1,Stable,91.1,5.8,3.1,91.1
z_52.5_-13.5,2024,2,2024-T2,Stable,95.0,2.3,2.7,95.0
z_52.5_-13.5,2024,3,2024-T3,Diminution,91.1,0.6,91.1,8.3
z_52.5_-13.5,2024,4,2024-T4,Stable,91.7,5.2,3.1,91.7
z_52.5_-13.5,2025,1,2025-T1,Stable,89.8,6.2,4.0,89.8
z_52.5_-13.5,2025,2,2025-T2,Stable,93.8,3.3,2.9,93.8
z_52.5_-13.5,2025,3,2025-T3,Diminution,86.6,0.6,86.6,12.8
z_52.5_-13.5,2025,4,2025-T4,Stable,88.3,7.5,4.1,88.3
z_52.5_-13.5,2026,1,2026-T1,Stable,89.0,6.9,4.0,89.0
z_52.5_-13.5,2026,2,2026-T2,Stable,96.2,1.7,2.1,96.2
z_52.5_-13.5,2026,3,2026-T3,Diminution,90.6,0.9,90.6,8.4
z_52.5_-13.5,2026,4,2026-T4,Stable,91.4,5.7,2.9,91.4
z_52.5_-13.5,2027,1,2027-T1,Stable,91.1,5.9,3.0,91.1
z_52.5_-13.5,2027,2,2027-T2,Stable,95.0,2.3,2.7,95.0
z_52.5_-13.5,2027,3,2027-T3,Diminution,90.5,0.4,90.5,9.1
z_52.5_-13.5,2027,4,2027-T4,Stable,89.7,6.8,3.5,89.7
z_52.5_-13.5,2028,1,2028-T1,Stable,91.1,5.9,3.0,91.1
z_52.5_-13.5,2028,2,2028-T2,Stable,95.0,2.3,2.7,95.0
z_52.5_-13.5,2028,3,2028-T3,Diminution,89.6,0.5,89.6,9.8
z_52.5_-13.5,2028,4,2028-T4,Stable,91.5,5.6,2.9,91.5
z_52.5_-13.5,2029,1,2029-T1,Stable,91.1,5.9,3.0,91.1
z_52.5_-13.5,2029,2,2029-T2,Stable,95.0,2.3,2.7,95.0
z_52.5_-13.5,2029,3,2029-T3,Diminution,89.6,0.5,89.6,9.9
z_52.5_-13.5,2029,4,2029-T4,Stable,91.7,5.2,3.1,91.7
z_52.5_-13.5,2030,1,2030-T1,Stable,91.1,5.9,3.0,91.1
z_52.5_-13.5,2030,2,2030-T2,Stable,95.0,2.3,2.7,95.0
z_52.5_-13.5,2030,3,2030-T3,Diminution,90.1,0.5,90.1,9.4
z_52.5_-13.5,2030,4,2030-T4,Stable,91.7,5.4,2.9,91.7
z_52.5_-15.0,2023,1,2023-T1,Stable,90.2,5.9,3.9,90.2
z_52.5_-15.0,2023,2,2023-T2,Stable,97.3,0.7,2.0,97.3
z_52.5_-15.0,2023,3,2023-T3,Stable,96.1,1.0,2.9,96.1
z_52.5_-15.0,2023,4,2023-T4,Stable,95.2,2.2,2.6,95.2
z_52.5_-15.0,2024,1,2024-T1,Stable,93.8,3.2,3.0,93.8
z_52.5_-15.0,2024,2,2024-T2,Stable,97.3,0.7,2.0,97.3
z_52.5_-15.0,2024,3,2024-T3,Stable,96.1,1.0,2.9,96.1
z_52.5_-15.0,2024,4,2024-T4,Stable,95.6,2.0,2.4,95.6
z_52.5_-15.0,2025,1,2025-T1,Stable,92.5,4.1,3.4,92.5
z_52.5_-15.0,2025,2,2025-T2,Stable,96.4,0.8,2.7,96.4
z_52.5_-15.0,2025,3,2025-T3,Stable,95.3,1.5,3.2,95.3
z_52.5_-15.0,2025,4,2025-T4,Stable,92.5,4.4,3.1,92.5
z_52.5_-15.0,2026,1,2026-T1,Stable,87.8,7.6,4.7,87.8
z_52.5_-15.0,2026,2,2026-T2,Stable,98.1,0.6,1.3,98.1
z_52.5_-15.0,2026,3,2026-T3,Stable,91.8,4.8,3.4,91.8
z_52.5_-15.0,2026,4,2026-T4,Stable,95.6,2.1,2.3,95.6
z_52.5_-15.0,2027,1,2027-T1,Stable,93.1,3.5,3.4,93.1
z_52.5_-15.0,2027,2,2027-T2,Stable,97.3,0.7,2.0,97.3
z_52.5_-15.0,2027,3,2027-T3,Stable,96.0,1.1,2.9,96.0
z_52.5_-15.0,2027,4,2027-T4,Stable,95.6,2.1,2.3,95.6
z_52.5_-15.0,2028,1,2028-T1,Stable,92.6,3.9,3.4,92.6
z_52.5_-15.0,2028,2,2028-T2,Stable,97.3,0.7,2.0,97.3
z_52.5_-15.0,2028,3,2028-T3,Stable,95.5,1.1,3.4,95.5
z_52.5_-15.0,2028,4,2028-T4,Stable,95.6,2.1,2.3,95.6
z_52.5_-15.0,2029,1,2029-T1,Stable,93.8,3.2,3.0,93.8
z_52.5_-15.0,2029,2,2029-T2,Stable,97.3,0.7,2.0,97.3
z_52.5_-15.0,2029,3,2029-T3,Stable,95.8,1.1,3.1,95.8
z_52.5_-15.0,2029,4,2029-T4,Stable,95.6,2.1,2.3,95.6
z_52.5_-15.0,2030,1,2030-T1,Stable,92.5,4.1,3.4,92.5
z_52.5_-15.0,2030,2,2030-T2,Stable,97.3,0.7,2.0,97.3
z_52.5_-15.0,2030,3,2030-T3,Stable,95.1,1.3,3.6,95.1
z_52.5_-15.0,2030,4,2030-T4,Stable,95.6,2.1,2.3,95.6
z_52.5_-4.5,2023,1,2023-T1,Diminution,89.0,5.3,89.0,5.8
z_52.5_-4.5,2023,2,2023-T2,Diminution,91.4,3.3,91.4,5.3
z_52.5_-4.5,2023,3,2023-T3,Diminution,92.9,2.3,92.9,4.8
z_52.5_-4.5,2023,4,2023-T4,Diminution,85.1,6.2,85.1,8.6
z_52.5_-4.5,2024,1,2024-T1,Diminution,79.8,9.2,79.8,11.0
z_52.5_-4.5,2024,2,2024-T2,Diminution,79.6,9.3,79.6,11.1
z_52.5_-4.5,2024,3,2024-T3,Diminution,66.4,22.2,66.4,11.3
z_52.5_-4.5,2024,4,2024-T4,Diminution,75.6,12.8,75.6,11.6
z_52.5_-4.5,2025,1,2025-T1,Diminution,66.9,14.3,66.9,18.8
z_52.5_-4.5,2025,2,2025-T2,Diminution,74.1,13.0,74.1,12.9
z_52.5_-4.5,2025,3,2025-T3,Diminution,82.4,5.3,82.4,12.3
z_52.5_-4.5,2025,4,2025-T4,Diminution,73.7,11.1,73.7,15.2
z_52.5_-4.5,2026,1,2026-T1,Diminution,77.3,10.5,77.3,12.2
z_52.5_-4.5,2026,2,2026-T2,Diminution,73.8,12.8,73.8,13.4
z_52.5_-4.5,2026,3,2026-T3,Diminution,74.7,11.1,74.7,14.2
z_52.5_-4.5,2026,4,2026-T4,Diminution,75.7,11.2,75.7,13.1
z_52.5_-4.5,2027,1,2027-T1,Diminution,77.8,10.1,77.8,12.1
z_52.5_-4.5,2027,2,2027-T2,Diminution,77.5,10.1,77.5,12.4
z_52.5_-4.5,2027,3,2027-T3,Diminution,74.4,11.6,74.4,13.9
z_52.5_-4.5,2027,4,2027-T4,Diminution,76.6,10.7,76.6,12.7
z_52.5_-4.5,2028,1,2028-T1,Diminution,75.1,11.6,75.1,13.3
z_52.5_-4.5,2028,2,2028-T2,Diminution,74.5,10.5,74.5,15.0
z_52.5_-4.5,2028,3,2028-T3,Diminution,74.7,10.9,74.7,14.4
z_52.5_-4.5,2028,4,2028-T4,Diminution,73.8,12.7,73.8,13.5
z_52.5_-4.5,2029,1,2029-T1,Diminution,76.7,9.8,76.7,13.5
z_52.5_-4.5,2029,2,2029-T2,Diminution,75.1,10.5,75.1,14.4
z_52.5_-4.5,2029,3,2029-T3,Diminution,74.7,11.7,74.7,13.5
z_52.5_-4.5,2029,4,2029-T4,Diminution,75.9,10.6,75.9,13.5
z_52.5_-4.5,2030,1,2030-T1,Diminution,77.9,8.1,77.9,14.0
z_52.5_-4.5,2030,2,2030-T2,Diminution,77.5,8.2,77.5,14.3
z_52.5_-4.5,2030,3,2030-T3,Diminution,80.0,7.6,80.0,12.4
z_52.5_-4.5,2030,4,2030-T4,Diminution,79.9,7.5,79.9,12.6
z_52.5_-6.0,2023,1,2023-T1,Augmentation,39.0,39.0,44.7,16.4
z_52.5_-6.0,2023,2,2023-T2,Augmentation,36.4,36.4,45.5,18.1
z_52.5_-6.0,2023,3,2023-T3,Diminution,59.3,24.3,59.3,16.5
z_52.5_-6.0,2023,4,2023-T4,Diminution,71.2,13.7,71.2,15.1
z_52.5_-6.0,2024,1,2024-T1,Diminution,56.4,27.3,56.4,16.3
z_52.5_-6.0,2024,2,2024-T2,Diminution,65.0,18.0,65.0,17.0
z_52.5_-6.0,2024,3,2024-T3,Diminution,56.3,29.0,56.3,14.6
z_52.5_-6.0,2024,4,2024-T4,Augmentation,41.2,41.2,41.9,17.0
z_52.5_-6.0,2025,1,2025-T1,Augmentation,56.2,56.2,29.9,13.9
z_52.5_-6.0,2025,2,2025-T2,Augmentation,58.0,58.0,28.7,13.3
z_52.5_-6.0,2025,3,2025-T3,Augmentation,46.7,46.7,36.7,16.6
z_52.5_-6.0,2025,4,2025-T4,Diminution,47.4,33.5,47.4,19.1
z_52.5_-6.0,2026,1,2026-T1,Diminution,72.6,13.1,72.6,14.4
z_52.5_-6.0,2026,2,2026-T2,Diminution,77.3,7.5,77.3,15.2
z_52.5_-6.0,2026,3,2026-T3,Diminution,82.4,4.3,82.4,13.3
z_52.5_-6.0,2026,4,2026-T4,Diminution,63.8,19.6,63.8,16.6
z_52.5_-6.0,2027,1,2027-T1,Diminution,68.6,13.5,68.6,17.9
z_52.5_-6.0,2027,2,2027-T2,Diminution,66.2,14.5,66.2,19.3
z_52.5_-6.0,2027,3,2027-T3,Diminution,70.7,13.6,70.7,15.7
z_52.5_-6.0,2027,4,2027-T4,Diminution,67.0,16.3,67.0,16.7
z_52.5_-6.0,2028,1,2028-T1,Diminution,62.5,19.3,62.5,18.2
z_52.5_-6.0,2028,2,2028-T2,Diminution,63.8,16.8,63.8,19.4
z_52.5_-6.0,2028,3,2028-T3,Diminution,68.2,15.3,68.2,16.5
z_52.5_-6.0,2028,4,2028-T4,Diminution,64.3,16.9,64.3,18.8
z_52.5_-6.0,2029,1,2029-T1,Diminution,66.4,14.7,66.4,18.9
z_52.5_-6.0,2029,2,2029-T2,Diminution,64.2,16.7,64.2,19.1
z_52.5_-6.0,2029,3,2029-T3,Diminution,69.0,13.6,69.0,17.4
z_52.5_-6.0,2029,4,2029-T4,Diminution,65.4,15.3,65.4,19.3
z_52.5_-6.0,2030,1,2030-T1,Diminution,65.4,15.5,65.4,19.1
z_52.5_-6.0,2030,2,2030-T2,Diminution,65.7,14.7,65.7,19.6
z_52.5_-6.0,2030,3,2030-T3,Diminution,69.1,14.1,69.1,16.9
z_52.5_-6.0,2030,4,2030-T4,Diminution,65.6,15.6,65.6,18.8
z_52.5_-7.5,2023,1,2023-T1,Diminution,49.4,33.9,49.4,16.7
z_52.5_-7.5,2023,2,2023-T2,Augmentation,37.0,37.0,44.3,18.7
z_52.5_-7.5,2023,3,2023-T3,Diminution,51.3,26.9,51.3,21.8
z_52.5_-7.5,2023,4,2023-T4,Augmentation,55.9,55.9,6.9,37.2
z_52.5_-7.5,2024,1,2024-T1,Diminution,55.9,27.8,55.9,16.3
z_52.5_-7.5,2024,2,2024-T2,Diminution,56.8,25.7,56.8,17.5
z_52.5_-7.5,2024,3,2024-T3,Augmentation,35.8,35.8,45.9,18.3
z_52.5_-7.5,2024,4,2024-T4,Augmentation,63.3,63.3,6.5,30.2
z_52.5_-7.5,2025,1,2025-T1,Augmentation,42.5,42.5,39.5,18.0
z_52.5_-7.5,2025,2,2025-T2,Augmentation,57.7,57.7,27.9,14.4
z_52.5_-7.5,2025,3,2025-T3,Augmentation,53.0,53.0,32.0,15.0
z_52.5_-7.5,2025,4,2025-T4,Augmentation,64.0,64.0,8.9,27.1
z_52.5_-7.5,2026,1,2026-T1,Diminution,62.6,21.7,62.6,15.7
z_52.5_-7.5,2026,2,2026-T2,Diminution,52.8,31.3,52.8,15.9
z_52.5_-7.5,2026,3,2026-T3,Augmentation,38.7,38.7,47.0,14.3
z_52.5_-7.5,2026,4,2026-T4,Augmentation,73.7,73.7,7.3,19.1
z_52.5_-7.5,2027,1,2027-T1,Augmentation,45.2,45.2,39.4,15.4
z_52.5_-7.5,2027,2,2027-T2,Augmentation,37.3,37.3,45.4,17.3
z_52.5_-7.5,2027,3,2027-T3,Augmentation,44.6,44.6,40.2,15.2
z_52.5_-7.5,2027,4,2027-T4,Augmentation,67.5,67.5,7.9,24.6
z_52.5_-7.5,2028,1,2028-T1,Augmentation,37.9,37.9,45.0,17.1
z_52.5_-7.5,2028,2,2028-T2,Augmentation,44.1,44.1,39.3,16.6
z_52.5_-7.5,2028,3,2028-T3,Augmentation,44.5,44.5,40.2,15.4
z_52.5_-7.5,2028,4,2028-T4,Augmentation,72.3,72.3,7.6,20.0
z_52.5_-7.5,2029,1,2029-T1,Augmentation,42.2,42.2,42.2,15.6
z_52.5_-7.5,2029,2,2029-T2,Augmentation,38.2,38.2,45.1,16.7
z_52.5_-7.5,2029,3,2029-T3,Augmentation,44.5,44.5,40.2,15.4
z_52.5_-7.5,2029,4,2029-T4,Augmentation,71.6,71.6,9.2,19.1
z_52.5_-7.5,2030,1,2030-T1,Augmentation,40.1,40.1,43.9,16.0
z_52.5_-7.5,2030,2,2030-T2,Augmentation,44.9,44.9,39.5,15.6
z_52.5_-7.5,2030,3,2030-T3,Augmentation,44.5,44.5,40.2,15.4
z_52.5_-7.5,2030,4,2030-T4,Augmentation,72.4,72.4,7.4,20.1
z_52.5_0.0,2023,1,2023-T1,Diminution,85.2,8.3,85.2,6.5
z_52.5_0.0,2023,2,2023-T2,Diminution,82.3,7.6,82.3,10.0
z_52.5_0.0,2023,3,2023-T3,Diminution,80.3,7.3,80.3,12.4
z_52.5_0.0,2023,4,2023-T4,Diminution,71.3,14.7,71.3,14.0
z_52.5_0.0,2024,1,2024-T1,Diminution,73.9,10.4,73.9,15.6
z_52.5_0.0,2024,2,2024-T2,Diminution,76.2,9.1,76.2,14.7
z_52.5_0.0,2024,3,2024-T3,Diminution,76.8,8.2,76.8,15.0
z_52.5_0.0,2024,4,2024-T4,Diminution,80.1,5.7,80.1,14.2
z_52.5_0.0,2025,1,2025-T1,Diminution,65.3,17.2,65.3,17.6
z_52.5_0.0,2025,2,2025-T2,Diminution,56.8,24.9,56.8,18.3
z_52.5_0.0,2025,3,2025-T3,Diminution,60.5,21.6,60.5,17.8
z_52.5_0.0,2025,4,2025-T4,Diminution,43.6,32.1,43.6,24.3
z_52.5_0.0,2026,1,2026-T1,Diminution,49.1,32.6,49.1,18.4
z_52.5_0.0,2026,2,2026-T2,Diminution,64.4,17.1,64.4,18.4
z_52.5_0.0,2026,3,2026-T3,Diminution,61.7,20.0,61.7,18.3
z_52.5_0.0,2026,4,2026-T4,Diminution,71.9,12.0,71.9,16.1
z_52.5_0.0,2027,1,2027-T1,Diminution,68.7,13.8,68.7,17.4
z_52.5_0.0,2027,2,2027-T2,Diminution,72.6,12.7,72.6,14.7
z_52.5_0.0,2027,3,2027-T3,Diminution,68.9,11.8,68.9,19.3
z_52.5_0.0,2027,4,2027-T4,Diminution,71.6,8.6,71.6,19.8
z_52.5_0.0,2028,1,2028-T1,Diminution,70.2,10.9,70.2,18.9
z_52.5_0.0,2028,2,2028-T2,Diminution,71.4,11.0,71.4,17.6
z_52.5_0.0,2028,3,2028-T3,Diminution,70.0,11.6,70.0,18.3
z_52.5_0.0,2028,4,2028-T4,Diminution,70.9,10.4,70.9,18.7
z_52.5_0.0,2029,1,2029-T1,Diminution,69.6,11.4,69.6,19.0
z_52.5_0.0,2029,2,2029-T2,Diminution,71.4,10.3,71.4,18.3
z_52.5_0.0,2029,3,2029-T3,Diminution,70.4,10.8,70.4,18.8
z_52.5_0.0,2029,4,2029-T4,Diminution,71.2,10.3,71.2,18.5
z_52.5_0.0,2030,1,2030-T1,Diminution,70.1,10.7,70.1,19.2
z_52.5_0.0,2030,2,2030-T2,Diminution,70.1,10.2,70.1,19.8
z_52.5_0.0,2030,3,2030-T3,Diminution,69.4,11.2,69.4,19.4
z_52.5_0.0,2030,4,2030-T4,Diminution,70.7,10.6,70.7,18.8
z_52.5_1.5,2023,1,2023-T1,Diminution,81.1,5.4,81.1,13.5
z_52.5_1.5,2023,2,2023-T2,Stable,45.4,45.0,9.6,45.4
z_52.5_1.5,2023,3,2023-T3,Diminution,85.0,5.8,85.0,9.3
z_52.5_1.5,2023,4,2023-T4,Diminution,85.1,5.2,85.1,9.8
z_52.5_1.5,2024,1,2024-T1,Diminution,88.6,3.3,88.6,8.0
z_52.5_1.5,2024,2,2024-T2,Stable,60.1,21.9,18.1,60.1
z_52.5_1.5,2024,3,2024-T3,Diminution,91.3,1.6,91.3,7.1
z_52.5_1.5,2024,4,2024-T4,Diminution,78.0,5.9,78.0,16.1
z_52.5_1.5,2025,1,2025-T1,Diminution,79.2,7.3,79.2,13.5
z_52.5_1.5,2025,2,2025-T2,Stable,60.8,25.2,13.9,60.8
z_52.5_1.5,2025,3,2025-T3,Diminution,72.1,12.4,72.1,15.5
z_52.5_1.5,2025,4,2025-T4,Diminution,71.2,11.2,71.2,17.6
z_52.5_1.5,2026,1,2026-T1,Diminution,70.6,10.7,70.6,18.6
z_52.5_1.5,2026,2,2026-T2,Stable,75.8,12.1,12.0,75.8
z_52.5_1.5,2026,3,2026-T3,Diminution,82.0,4.0,82.0,14.0
z_52.5_1.5,2026,4,2026-T4,Diminution,83.4,3.4,83.4,13.1
z_52.5_1.5,2027,1,2027-T1,Diminution,81.1,3.6,81.1,15.3
z_52.5_1.5,2027,2,2027-T2,Stable,76.4,15.0,8.6,76.4
z_52.5_1.5,2027,3,2027-T3,Diminution,82.9,3.5,82.9,13.5
z_52.5_1.5,2027,4,2027-T4,Diminution,83.5,3.7,83.5,12.8
z_52.5_1.5,2028,1,2028-T1,Diminution,83.4,4.2,83.4,12.4
z_52.5_1.5,2028,2,2028-T2,Stable,75.4,16.4,8.2,75.4
z_52.5_1.5,2028,3,2028-T3,Diminution,84.8,3.3,84.8,11.8
z_52.5_1.5,2028,4,2028-T4,Diminution,83.2,3.7,83.2,13.1
z_52.5_1.5,2029,1,2029-T1,Diminution,83.7,3.2,83.7,13.0
z_52.5_1.5,2029,2,2029-T2,Stable,75.4,16.4,8.2,75.4
z_52.5_1.5,2029,3,2029-T3,Diminution,85.1,2.9,85.1,12.0
z_52.5_1.5,2029,4,2029-T4,Diminution,83.2,3.7,83.2,13.1
z_52.5_1.5,2030,1,2030-T1,Diminution,83.2,4.2,83.2,12.7
z_52.5_1.5,2030,2,2030-T2,Stable,75.4,16.4,8.2,75.4
z_52.5_1.5,2030,3,2030-T3,Diminution,84.6,3.4,84.6,12.0
z_52.5_1.5,2030,4,2030-T4,Diminution,83.2,3.7,83.2,13.1
z_52.5_13.5,2023,1,2023-T1,Diminution,49.9,36.0,49.9,14.1
z_52.5_13.5,2023,2,2023-T2,Augmentation,38.0,38.0,46.9,15.1
z_52.5_13.5,2023,3,2023-T3,Augmentation,47.0,47.0,38.1,14.9
z_52.5_13.5,2023,4,2023-T4,Augmentation,44.2,44.2,44.6,11.3
z_52.5_13.5,2024,1,2024-T1,Augmentation,41.1,41.1,46.2,12.7
z_52.5_13.5,2024,2,2024-T2,Augmentation,55.6,55.6,26.0,18.4
z_52.5_13.5,2024,3,2024-T3,Augmentation,58.8,58.8,29.0,12.2
z_52.5_13.5,2024,4,2024-T4,Diminution,52.2,32.7,52.2,15.1
z_52.5_13.5,2025,1,2025-T1,Diminution,54.5,27.7,54.5,17.8
z_52.5_13.5,2025,2,2025-T2,Augmentation,52.6,52.6,36.2,11.3
z_52.5_13.5,2025,3,2025-T3,Augmentation,49.4,49.4,39.3,11.3
z_52.5_13.5,2025,4,2025-T4,Augmentation,37.8,37.8,47.5,14.7
z_52.5_13.5,2026,1,2026-T1,Diminution,63.5,24.2,63.5,12.4
z_52.5_13.5,2026,2,2026-T2,Diminution,65.1,22.3,65.1,12.6
z_52.5_13.5,2026,3,2026-T3,Diminution,62.1,27.0,62.1,10.9
z_52.5_13.5,2026,4,2026-T4,Augmentation,41.6,41.6,44.0,14.4
z_52.5_13.5,2027,1,2027-T1,Diminution,51.9,35.0,51.9,13.2
z_52.5_13.5,2027,2,2027-T2,Augmentation,48.2,48.2,37.4,14.4
z_52.5_13.5,2027,3,2027-T3,Augmentation,51.8,51.8,35.6,12.5
z_52.5_13.5,2027,4,2027-T4,Augmentation,42.7,42.7,43.3,14.0
z_52.5_13.5,2028,1,2028-T1,Augmentation,37.6,37.6,47.9,14.5
z_52.5_13.5,2028,2,2028-T2,Augmentation,42.0,42.0,42.8,15.1
z_52.5_13.5,2028,3,2028-T3,Augmentation,45.6,45.6,39.6,14.8
z_52.5_13.5,2028,4,2028-T4,Augmentation,42.5,42.5,43.7,13.8
z_52.5_13.5,2029,1,2029-T1,Diminution,54.4,33.3,54.4,12.3
z_52.5_13.5,2029,2,2029-T2,Augmentation,45.8,45.8,40.7,13.5
z_52.5_13.5,2029,3,2029-T3,Augmentation,43.8,43.8,41.2,15.1
z_52.5_13.5,2029,4,2029-T4,Augmentation,37.9,37.9,46.7,15.4
z_52.5_13.5,2030,1,2030-T1,Diminution,55.8,31.0,55.8,13.2
z_52.5_13.5,2030,2,2030-T2,Augmentation,44.1,44.1,42.1,13.8
z_52.5_13.5,2030,3,2030-T3,Augmentation,48.1,48.1,39.0,13.0
z_52.5_13.5,2030,4,2030-T4,Augmentation,43.4,43.4,43.0,13.7
z_52.5_3.0,2023,1,2023-T1,Diminution,72.9,12.9,72.9,14.1
z_52.5_3.0,2023,2,2023-T2,Augmentation,52.9,52.9,6.1,41.1
z_52.5_3.0,2023,3,2023-T3,Augmentation,62.2,62.2,6.7,31.1
z_52.5_3.0,2023,4,2023-T4,Augmentation,37.2,37.2,45.7,17.1
z_52.5_3.0,2024,1,2024-T1,Diminution,56.8,27.3,56.8,16.0
z_52.5_3.0,2024,2,2024-T2,Stable,46.5,45.8,7.7,46.5
z_52.5_3.0,2024,3,2024-T3,Augmentation,50.5,50.5,6.3,43.3
z_52.5_3.0,2024,4,2024-T4,Diminution,67.3,18.4,67.3,14.3
z_52.5_3.0,2025,1,2025-T1,Diminution,72.9,12.9,72.9,14.2
z_52.5_3.0,2025,2,2025-T2,Stable,48.3,42.7,9.0,48.3
z_52.5_3.0,2025,3,2025-T3,Stable,56.9,35.0,8.1,56.9
z_52.5_3.0,2025,4,2025-T4,Diminution,73.1,10.8,73.1,16.1
z_52.5_3.0,2026,1,2026-T1,Diminution,76.3,10.9,76.3,12.8
z_52.5_3.0,2026,2,2026-T2,Stable,57.6,32.1,10.3,57.6
z_52.5_3.0,2026,3,2026-T3,Stable,55.2,36.5,8.3,55.2
z_52.5_3.0,2026,4,2026-T4,Diminution,69.5,13.9,69.5,16.6
z_52.5_3.0,2027,1,2027-T1,Diminution,75.7,10.9,75.7,13.3
z_52.5_3.0,2027,2,2027-T2,Stable,55.1,36.0,9.0,55.1
z_52.5_3.0,2027,3,2027-T3,Stable,58.7,34.6,6.8,58.7
z_52.5_3.0,2027,4,2027-T4,Diminution,71.6,12.0,71.6,16.4
z_52.5_3.0,2028,1,2028-T1,Diminution,74.7,10.7,74.7,14.5
z_52.5_3.0,2028,2,2028-T2,Stable,54.9,36.5,8.6,54.9
z_52.5_3.0,2028,3,2028-T3,Stable,57.1,35.4,7.5,57.1
z_52.5_3.0,2028,4,2028-T4,Diminution,70.3,12.9,70.3,16.7
z_52.5_3.0,2029,1,2029-T1,Diminution,75.0,10.4,75.0,14.7
z_52.5_3.0,2029,2,2029-T2,Stable,59.7,32.7,7.6,59.7
z_52.5_3.0,2029,3,2029-T3,Stable,54.3,38.4,7.3,54.3
z_52.5_3.0,2029,4,2029-T4,Diminution,70.3,12.9,70.3,16.7
z_52.5_3.0,2030,1,2030-T1,Diminution,74.7,10.8,74.7,14.4
z_52.5_3.0,2030,2,2030-T2,Stable,61.3,31.0,7.7,61.3
z_52.5_3.0,2030,3,2030-T3,Stable,55.1,37.4,7.5,55.1
z_52.5_3.0,2030,4,2030-T4,Diminution,70.5,12.9,70.5,16.6
z_52.5_4.5,2023,1,2023-T1,Diminution,53.1,37.2,53.1,9.7
z_52.5_4.5,2023,2,2023-T2,Augmentation,59.5,59.5,31.5,9.0
z_52.5_4.5,2023,3,2023-T3,Augmentation,68.7,68.7,22.7,8.5
z_52.5_4.5,2023,4,2023-T4,Augmentation,70.4,70.4,23.2,6.4
z_52.5_4.5,2024,1,2024-T1,Augmentation,57.5,57.5,33.5,8.9
z_52.5_4.5,2024,2,2024-T2,Augmentation,51.5,51.5,38.7,9.7
z_52.5_4.5,2024,3,2024-T3,Augmentation,47.3,47.3,41.9,10.9
z_52.5_4.5,2024,4,2024-T4,Augmentation,40.5,40.5,49.0,10.5
z_52.5_4.5,2025,1,2025-T1,Diminution,56.9,33.5,56.9,9.6
z_52.5_4.5,2025,2,2025-T2,Augmentation,57.0,57.0,33.3,9.7
z_52.5_4.5,2025,3,2025-T3,Augmentation,50.2,50.2,39.9,9.8
z_52.5_4.5,2025,4,2025-T4,Diminution,80.6,13.0,80.6,6.4
z_52.5_4.5,2026,1,2026-T1,Diminution,70.4,18.2,70.4,11.4
z_52.5_4.5,2026,2,2026-T2,Diminution,71.3,19.7,71.3,9.1
z_52.5_4.5,2026,3,2026-T3,Diminution,69.0,24.2,69.0,6.8
z_52.5_4.5,2026,4,2026-T4,Augmentation,40.2,40.2,48.7,11.1
z_52.5_4.5,2027,1,2027-T1,Augmentation,55.9,55.9,33.7,10.5
z_52.5_4.5,2027,2,2027-T2,Augmentation,54.6,54.6,35.9,9.5
z_52.5_4.5,2027,3,2027-T3,Augmentation,51.9,51.9,38.0,10.2
z_52.5_4.5,2027,4,2027-T4,Augmentation,48.2,48.2,42.2,9.6
z_52.5_4.5,2028,1,2028-T1,Augmentation,58.8,58.8,31.6,9.6
z_52.5_4.5,2028,2,2028-T2,Augmentation,55.9,55.9,34.1,10.0
z_52.5_4.5,2028,3,2028-T3,Augmentation,57.1,57.1,33.7,9.2
z_52.5_4.5,2028,4,2028-T4,Augmentation,55.8,55.8,35.6,8.6
z_52.5_4.5,2029,1,2029-T1,Augmentation,58.5,58.5,31.9,9.6
z_52.5_4.5,2029,2,2029-T2,Augmentation,58.2,58.2,32.5,9.3
z_52.5_4.5,2029,3,2029-T3,Augmentation,59.6,59.6,31.6,8.8
z_52.5_4.5,2029,4,2029-T4,Augmentation,57.6,57.6,33.4,9.0
z_52.5_4.5,2030,1,2030-T1,Augmentation,58.5,58.5,31.8,9.7
z_52.5_4.5,2030,2,2030-T2,Augmentation,58.3,58.3,32.6,9.1
z_52.5_4.5,2030,3,2030-T3,Augmentation,60.1,60.1,30.8,9.1
z_52.5_4.5,2030,4,2030-T4,Augmentation,56.6,56.6,34.0,9.4
z_52.5_6.0,2023,1,2023-T1,Augmentation,46.3,46.3,43.4,10.3
z_52.5_6.0,2023,2,2023-T2,Augmentation,60.5,60.5,31.3,8.2
z_52.5_6.0,2023,3,2023-T3,Augmentation,66.8,66.8,24.8,8.4
z_52.5_6.0,2023,4,2023-T4,Augmentation,73.0,73.0,20.2,6.8
z_52.5_6.0,2024,1,2024-T1,Augmentation,72.7,72.7,20.5,6.7
z_52.5_6.0,2024,2,2024-T2,Augmentation,81.2,81.2,13.2,5.6
z_52.5_6.0,2024,3,2024-T3,Augmentation,79.5,79.5,14.4,6.1
z_52.5_6.0,2024,4,2024-T4,Augmentation,76.7,76.7,17.6,5.6
z_52.5_6.0,2025,1,2025-T1,Augmentation,66.1,66.1,26.8,7.1
z_52.5_6.0,2025,2,2025-T2,Augmentation,72.7,72.7,20.8,6.5
z_52.5_6.0,2025,3,2025-T3,Augmentation,75.2,75.2,18.6,6.1
z_52.5_6.0,2025,4,2025-T4,Augmentation,64.3,64.3,27.3,8.4
z_52.5_6.0,2026,1,2026-T1,Augmentation,40.6,40.6,50.1,9.3
z_52.5_6.0,2026,2,2026-T2,Augmentation,47.0,47.0,41.6,11.4
z_52.5_6.0,2026,3,2026-T3,Augmentation,51.5,51.5,37.9,10.6
z_52.5_6.0,2026,4,2026-T4,Augmentation,61.2,61.2,30.1,8.7
z_52.5_6.0,2027,1,2027-T1,Augmentation,61.4,61.4,29.8,8.8
z_52.5_6.0,2027,2,2027-T2,Augmentation,76.1,76.1,17.5,6.4
z_52.5_6.0,2027,3,2027-T3,Augmentation,75.6,75.6,17.9,6.4
z_52.5_6.0,2027,4,2027-T4,Augmentation,71.4,71.4,22.0,6.6
z_52.5_6.0,2028,1,2028-T1,Augmentation,71.4,71.4,22.0,6.6
z_52.5_6.0,2028,2,2028-T2,Augmentation,75.4,75.4,18.5,6.1
z_52.5_6.0,2028,3,2028-T3,Augmentation,79.4,79.4,15.3,5.3
z_52.5_6.0,2028,4,2028-T4,Augmentation,77.6,77.6,16.7,5.7
z_52.5_6.0,2029,1,2029-T1,Augmentation,73.4,73.4,19.8,6.7
z_52.5_6.0,2029,2,2029-T2,Augmentation,78.7,78.7,16.0,5.3
z_52.5_6.0,2029,3,2029-T3,Augmentation,79.0,79.0,15.2,5.8
z_52.5_6.0,2029,4,2029-T4,Augmentation,76.1,76.1,17.8,6.1
z_52.5_6.0,2030,1,2030-T1,Augmentation,72.5,72.5,20.7,6.8
z_52.5_6.0,2030,2,2030-T2,Augmentation,75.9,75.9,17.8,6.3
z_52.5_6.0,2030,3,2030-T3,Augmentation,76.1,76.1,17.9,6.1
z_52.5_6.0,2030,4,2030-T4,Augmentation,75.9,75.9,18.5,5.6
z_52.5_7.5,2023,1,2023-T1,Augmentation,65.4,65.4,29.0,5.6
z_52.5_7.5,2023,2,2023-T2,Augmentation,68.8,68.8,25.5,5.7
z_52.5_7.5,2023,3,2023-T3,Augmentation,70.2,70.2,24.3,5.5
z_52.5_7.5,2023,4,2023-T4,Augmentation,72.8,72.8,21.3,5.9
z_52.5_7.5,2024,1,2024-T1,Augmentation,66.9,66.9,26.7,6.4
z_52.5_7.5,2024,2,2024-T2,Augmentation,73.8,73.8,21.4,4.8
z_52.5_7.5,2024,3,2024-T3,Augmentation,68.9,68.9,25.4,5.6
z_52.5_7.5,2024,4,2024-T4,Augmentation,62.1,62.1,30.6,7.2
z_52.5_7.5,2025,1,2025-T1,Augmentation,57.5,57.5,35.7,6.8
z_52.5_7.5,2025,2,2025-T2,Augmentation,46.3,46.3,47.9,5.8
z_52.5_7.5,2025,3,2025-T3,Augmentation,73.5,73.5,20.5,6.0
z_52.5_7.5,2025,4,2025-T4,Augmentation,73.8,73.8,21.8,4.4
z_52.5_7.5,2026,1,2026-T1,Augmentation,47.1,47.1,45.4,7.5
z_52.5_7.5,2026,2,2026-T2,Augmentation,65.2,65.2,29.2,5.6
z_52.5_7.5,2026,3,2026-T3,Augmentation,64.0,64.0,29.6,6.5
z_52.5_7.5,2026,4,2026-T4,Augmentation,66.5,66.5,27.9,5.6
z_52.5_7.5,2027,1,2027-T1,Augmentation,71.0,71.0,23.3,5.6
z_52.5_7.5,2027,2,2027-T2,Augmentation,75.8,75.8,20.3,3.9
z_52.5_7.5,2027,3,2027-T3,Augmentation,77.4,77.4,18.8,3.9
z_52.5_7.5,2027,4,2027-T4,Augmentation,70.8,70.8,23.3,6.0
z_52.5_7.5,2028,1,2028-T1,Augmentation,75.0,75.0,19.8,5.1
z_52.5_7.5,2028,2,2028-T2,Augmentation,74.3,74.3,20.9,4.8
z_52.5_7.5,2028,3,2028-T3,Augmentation,74.0,74.0,21.6,4.3
z_52.5_7.5,2028,4,2028-T4,Augmentation,72.7,72.7,22.8,4.5
z_52.5_7.5,2029,1,2029-T1,Augmentation,67.4,67.4,27.0,5.6
z_52.5_7.5,2029,2,2029-T2,Augmentation,72.6,72.6,22.7,4.7
z_52.5_7.5,2029,3,2029-T3,Augmentation,72.4,72.4,22.7,4.9
z_52.5_7.5,2029,4,2029-T4,Augmentation,67.7,67.7,27.0,5.3
z_52.5_7.5,2030,1,2030-T1,Augmentation,66.7,66.7,27.6,5.7
z_52.5_7.5,2030,2,2030-T2,Augmentation,64.9,64.9,29.6,5.6
z_52.5_7.5,2030,3,2030-T3,Augmentation,68.2,68.2,26.8,4.9
z_52.5_7.5,2030,4,2030-T4,Augmentation,63.0,63.0,31.7,5.3
z_52.5_9.0,2023,1,2023-T1,Augmentation,72.5,72.5,16.2,11.3
z_52.5_9.0,2023,2,2023-T2,Augmentation,79.7,79.7,11.3,9.0
z_52.5_9.0,2023,3,2023-T3,Augmentation,82.4,82.4,11.0,6.6
z_52.5_9.0,2023,4,2023-T4,Augmentation,68.8,68.8,22.3,9.0
z_52.5_9.0,2024,1,2024-T1,Augmentation,58.3,58.3,31.9,9.8
z_52.5_9.0,2024,2,2024-T2,Augmentation,67.4,67.4,25.9,6.6
z_52.5_9.0,2024,3,2024-T3,Augmentation,78.4,78.4,15.0,6.6
z_52.5_9.0,2024,4,2024-T4,Augmentation,75.4,75.4,16.1,8.4
z_52.5_9.0,2025,1,2025-T1,Augmentation,62.3,62.3,28.3,9.4
z_52.5_9.0,2025,2,2025-T2,Augmentation,84.7,84.7,9.5,5.9
z_52.5_9.0,2025,3,2025-T3,Augmentation,80.5,80.5,12.5,7.0
z_52.5_9.0,2025,4,2025-T4,Augmentation,63.2,63.2,27.2,9.6
z_52.5_9.0,2026,1,2026-T1,Augmentation,52.8,52.8,36.7,10.5
z_52.5_9.0,2026,2,2026-T2,Augmentation,58.8,58.8,33.3,7.9
z_52.5_9.0,2026,3,2026-T3,Augmentation,63.2,63.2,28.8,7.9
z_52.5_9.0,2026,4,2026-T4,Augmentation,70.6,70.6,22.7,6.7
z_52.5_9.0,2027,1,2027-T1,Augmentation,74.4,74.4,18.2,7.4
z_52.5_9.0,2027,2,2027-T2,Augmentation,80.3,80.3,13.6,6.1
z_52.5_9.0,2027,3,2027-T3,Augmentation,78.1,78.1,16.1,5.8
z_52.5_9.0,2027,4,2027-T4,Augmentation,82.3,82.3,9.8,8.0
z_52.5_9.0,2028,1,2028-T1,Augmentation,73.7,73.7,17.6,8.7
z_52.5_9.0,2028,2,2028-T2,Augmentation,88.4,88.4,5.3,6.3
z_52.5_9.0,2028,3,2028-T3,Augmentation,89.2,89.2,4.7,6.0
z_52.5_9.0,2028,4,2028-T4,Augmentation,76.0,76.0,16.8,7.2
z_52.5_9.0,2029,1,2029-T1,Augmentation,81.7,81.7,9.1,9.2
z_52.5_9.0,2029,2,2029-T2,Augmentation,88.3,88.3,5.3,6.5
z_52.5_9.0,2029,3,2029-T3,Augmentation,88.5,88.5,5.5,6.1
z_52.5_9.0,2029,4,2029-T4,Augmentation,88.0,88.0,4.7,7.2
z_52.5_9.0,2030,1,2030-T1,Augmentation,73.2,73.2,17.9,9.0
z_52.5_9.0,2030,2,2030-T2,Augmentation,86.7,86.7,6.0,7.3
z_52.5_9.0,2030,3,2030-T3,Augmentation,86.7,86.7,6.2,7.1
z_52.5_9.0,2030,4,2030-T4,Augmentation,85.1,85.1,6.6,8.3
z_54.0_-1.5,2023,1,2023-T1,Diminution,90.8,3.4,90.8,5.7
z_54.0_-1.5,2023,2,2023-T2,Diminution,85.1,4.9,85.1,10.0
z_54.0_-1.5,2023,3,2023-T3,Diminution,73.8,12.2,73.8,13.9
z_54.0_-1.5,2023,4,2023-T4,Diminution,71.0,14.8,71.0,14.2
z_54.0_-1.5,2024,1,2024-T1,Diminution,70.6,12.8,70.6,16.6
z_54.0_-1.5,2024,2,2024-T2,Diminution,76.3,8.8,76.3,14.9
z_54.0_-1.5,2024,3,2024-T3,Diminution,77.9,8.5,77.9,13.5
z_54.0_-1.5,2024,4,2024-T4,Diminution,72.5,9.7,72.5,17.7
z_54.0_-1.5,2025,1,2025-T1,Diminution,69.7,14.7,69.7,15.6
z_54.0_-1.5,2025,2,2025-T2,Diminution,73.3,9.9,73.3,16.8
z_54.0_-1.5,2025,3,2025-T3,Diminution,78.3,5.5,78.3,16.2
z_54.0_-1.5,2025,4,2025-T4,Diminution,82.9,3.7,82.9,13.4
z_54.0_-1.5,2026,1,2026-T1,Diminution,80.1,5.7,80.1,14.3
z_54.0_-1.5,2026,2,2026-T2,Diminution,81.6,3.3,81.6,15.0
z_54.0_-1.5,2026,3,2026-T3,Diminution,81.2,3.6,81.2,15.2
z_54.0_-1.5,2026,4,2026-T4,Diminution,82.1,3.7,82.1,14.1
z_54.0_-1.5,2027,1,2027-T1,Diminution,80.5,4.5,80.5,15.0
z_54.0_-1.5,2027,2,2027-T2,Diminution,81.3,3.5,81.3,15.2
z_54.0_-1.5,2027,3,2027-T3,Diminution,82.3,3.7,82.3,14.0
z_54.0_-1.5,2027,4,2027-T4,Diminution,82.1,3.7,82.1,14.1
z_54.0_-1.5,2028,1,2028-T1,Diminution,82.2,5.1,82.2,12.6
z_54.0_-1.5,2028,2,2028-T2,Diminution,83.1,3.3,83.1,13.7
z_54.0_-1.5,2028,3,2028-T3,Diminution,84.6,2.9,84.6,12.6
z_54.0_-1.5,2028,4,2028-T4,Diminution,82.1,3.7,82.1,14.1
z_54.0_-1.5,2029,1,2029-T1,Diminution,81.4,5.2,81.4,13.4
z_54.0_-1.5,2029,2,2029-T2,Diminution,83.7,3.3,83.7,13.0
z_54.0_-1.5,2029,3,2029-T3,Diminution,84.2,3.6,84.2,12.2
z_54.0_-1.5,2029,4,2029-T4,Diminution,82.1,3.7,82.1,14.1
z_54.0_-1.5,2030,1,2030-T1,Diminution,81.4,5.2,81.4,13.4
z_54.0_-1.5,2030,2,2030-T2,Diminution,83.8,3.2,83.8,13.0
z_54.0_-1.5,2030,3,2030-T3,Diminution,83.0,3.8,83.0,13.1
z_54.0_-1.5,2030,4,2030-T4,Diminution,82.1,3.7,82.1,14.1
z_54.0_-10.5,2023,1,2023-T1,Stable,97.3,0.3,2.4,97.3
z_54.0_-10.5,2023,2,2023-T2,Stable,97.9,0.3,1.9,97.9
z_54.0_-10.5,2023,3,2023-T3,Stable,97.7,0.2,2.1,97.7
z_54.0_-10.5,2023,4,2023-T4,Stable,97.7,0.2,2.1,97.7
z_54.0_-10.5,2024,1,2024-T1,Stable,95.4,0.7,3.9,95.4
z_54.0_-10.5,2024,2,2024-T2,Stable,97.4,0.7,2.0,97.4
z_54.0_-10.5,2024,3,2024-T3,Stable,98.4,0.1,1.4,98.4
z_54.0_-10.5,2024,4,2024-T4,Stable,95.1,1.8,3.1,95.1
z_54.0_-10.5,2025,1,2025-T1,Stable,95.4,0.7,3.9,95.4
z_54.0_-10.5,2025,2,2025-T2,Stable,91.9,4.2,3.8,91.9
z_54.0_-10.5,2025,3,2025-T3,Stable,95.3,2.2,2.5,95.3
z_54.0_-10.5,2025,4,2025-T4,Stable,94.3,1.7,4.0,94.3
z_54.0_-10.5,2026,1,2026-T1,Stable,93.8,2.6,3.5,93.8
z_54.0_-10.5,2026,2,2026-T2,Stable,97.9,0.3,1.7,97.9
z_54.0_-10.5,2026,3,2026-T3,Stable,97.7,0.2,2.1,97.7
z_54.0_-10.5,2026,4,2026-T4,Stable,96.1,0.7,3.2,96.1
z_54.0_-10.5,2027,1,2027-T1,Stable,96.3,0.7,3.0,96.3
z_54.0_-10.5,2027,2,2027-T2,Stable,98.5,0.1,1.4,98.5
z_54.0_-10.5,2027,3,2027-T3,Stable,97.7,0.2,2.1,97.7
z_54.0_-10.5,2027,4,2027-T4,Stable,96.7,0.4,2.9,96.7
z_54.0_-10.5,2028,1,2028-T1,Stable,96.2,0.8,3.0,96.2
z_54.0_-10.5,2028,2,2028-T2,Stable,98.5,0.1,1.4,98.5
z_54.0_-10.5,2028,3,2028-T3,Stable,97.7,0.2,2.1,97.7
z_54.0_-10.5,2028,4,2028-T4,Stable,96.1,0.9,3.0,96.1
z_54.0_-10.5,2029,1,2029-T1,Stable,97.1,0.3,2.6,97.1
z_54.0_-10.5,2029,2,2029-T2,Stable,98.5,0.1,1.4,98.5
z_54.0_-10.5,2029,3,2029-T3,Stable,97.7,0.2,2.1,97.7
z_54.0_-10.5,2029,4,2029-T4,Stable,97.0,0.3,2.6,97.0
z_54.0_-10.5,2030,1,2030-T1,Stable,95.9,0.9,3.2,95.9
z_54.0_-10.5,2030,2,2030-T2,Stable,98.5,0.1,1.4,98.5
z_54.0_-10.5,2030,3,2030-T3,Stable,97.7,0.2,2.1,97.7
z_54.0_-10.5,2030,4,2030-T4,Stable,97.7,0.2,2.1,97.7
z_54.0_-12.0,2023,1,2023-T1,Stable,93.1,3.1,3.8,93.1
z_54.0_-12.0,2023,2,2023-T2,Stable,95.8,1.4,2.8,95.8
z_54.0_-12.0,2023,3,2023-T3,Stable,92.2,3.6,4.3,92.2
z_54.0_-12.0,2023,4,2023-T4,Stable,93.0,3.2,3.8,93.0
z_54.0_-12.0,2024,1,2024-T1,Stable,94.2,3.3,2.5,94.2
z_54.0_-12.0,2024,2,2024-T2,Stable,89.7,7.4,2.9,89.7
z_54.0_-12.0,2024,3,2024-T3,Stable,94.4,2.1,3.5,94.4
z_54.0_-12.0,2024,4,2024-T4,Stable,94.3,2.4,3.4,94.3
z_54.0_-12.0,2025,1,2025-T1,Stable,93.1,3.1,3.8,93.1
z_54.0_-12.0,2025,2,2025-T2,Stable,93.9,2.5,3.6,93.9
z_54.0_-12.0,2025,3,2025-T3,Stable,92.9,3.1,4.0,92.9
z_54.0_-12.0,2025,4,2025-T4,Stable,91.2,5.3,3.4,91.2
z_54.0_-12.0,2026,1,2026-T1,Stable,84.1,10.2,5.7,84.1
z_54.0_-12.0,2026,2,2026-T2,Stable,96.1,1.3,2.6,96.1
z_54.0_-12.0,2026,3,2026-T3,Stable,88.1,8.3,3.6,88.1
z_54.0_-12.0,2026,4,2026-T4,Stable,94.3,2.4,3.4,94.3
z_54.0_-12.0,2027,1,2027-T1,Stable,92.8,3.3,3.9,92.8
z_54.0_-12.0,2027,2,2027-T2,Stable,94.8,2.1,3.2,94.8
z_54.0_-12.0,2027,3,2027-T3,Stable,94.4,2.1,3.5,94.4
z_54.0_-12.0,2027,4,2027-T4,Stable,94.3,2.4,3.4,94.3
z_54.0_-12.0,2028,1,2028-T1,Stable,91.9,3.9,4.2,91.9
z_54.0_-12.0,2028,2,2028-T2,Stable,94.4,2.3,3.3,94.4
z_54.0_-12.0,2028,3,2028-T3,Stable,93.4,2.6,4.0,93.4
z_54.0_-12.0,2028,4,2028-T4,Stable,94.3,2.4,3.4,94.3
z_54.0_-12.0,2029,1,2029-T1,Stable,93.4,2.8,3.7,93.4
z_54.0_-12.0,2029,2,2029-T2,Stable,95.8,1.4,2.8,95.8
z_54.0_-12.0,2029,3,2029-T3,Stable,93.9,2.6,3.5,93.9
z_54.0_-12.0,2029,4,2029-T4,Stable,94.3,2.4,3.4,94.3
z_54.0_-12.0,2030,1,2030-T1,Stable,92.2,3.7,4.1,92.2
z_54.0_-12.0,2030,2,2030-T2,Stable,95.8,1.4,2.8,95.8
z_54.0_-12.0,2030,3,2030-T3,Stable,93.5,2.5,3.9,93.5
z_54.0_-12.0,2030,4,2030-T4,Stable,94.3,2.4,3.4,94.3
z_54.0_-16.5,2023,1,2023-T1,Stable,95.7,1.0,3.3,95.7
z_54.0_-16.5,2023,2,2023-T2,Stable,97.8,0.1,2.1,97.8
z_54.0_-16.5,2023,3,2023-T3,Stable,97.7,0.2,2.2,97.7
z_54.0_-16.5,2023,4,2023-T4,Stable,97.8,0.2,2.0,97.8
z_54.0_-16.5,2024,1,2024-T1,Stable,97.8,0.2,2.0,97.8
z_54.0_-16.5,2024,2,2024-T2,Stable,95.6,0.3,4.1,95.6
z_54.0_-16.5,2024,3,2024-T3,Stable,96.8,0.7,2.6,96.8
z_54.0_-16.5,2024,4,2024-T4,Stable,98.2,0.2,1.6,98.2
z_54.0_-16.5,2025,1,2025-T1,Stable,94.5,2.3,3.1,94.5
z_54.0_-16.5,2025,2,2025-T2,Stable,97.8,0.1,2.1,97.8
z_54.0_-16.5,2025,3,2025-T3,Stable,97.7,0.2,2.2,97.7
z_54.0_-16.5,2025,4,2025-T4,Stable,97.8,0.2,2.0,97.8
z_54.0_-16.5,2026,1,2026-T1,Stable,95.8,0.6,3.5,95.8
z_54.0_-16.5,2026,2,2026-T2,Stable,97.8,0.1,2.1,97.8
z_54.0_-16.5,2026,3,2026-T3,Stable,97.7,0.2,2.2,97.7
z_54.0_-16.5,2026,4,2026-T4,Stable,97.8,0.2,2.0,97.8
z_54.0_-16.5,2027,1,2027-T1,Stable,95.1,0.7,4.2,95.1
z_54.0_-16.5,2027,2,2027-T2,Stable,97.8,0.1,2.1,97.8
z_54.0_-16.5,2027,3,2027-T3,Stable,97.7,0.2,2.2,97.7
z_54.0_-16.5,2027,4,2027-T4,Stable,97.8,0.2,2.0,97.8
z_54.0_-16.5,2028,1,2028-T1,Stable,97.5,0.2,2.3,97.5
z_54.0_-16.5,2028,2,2028-T2,Stable,97.8,0.1,2.1,97.8
z_54.0_-16.5,2028,3,2028-T3,Stable,97.7,0.2,2.2,97.7
z_54.0_-16.5,2028,4,2028-T4,Stable,97.8,0.2,2.0,97.8
z_54.0_-16.5,2029,1,2029-T1,Stable,95.7,1.0,3.3,95.7
z_54.0_-16.5,2029,2,2029-T2,Stable,97.8,0.1,2.1,97.8
z_54.0_-16.5,2029,3,2029-T3,Stable,97.7,0.2,2.2,97.7
z_54.0_-16.5,2029,4,2029-T4,Stable,97.8,0.2,2.0,97.8
z_54.0_-16.5,2030,1,2030-T1,Stable,97.8,0.2,2.0,97.8
z_54.0_-16.5,2030,2,2030-T2,Stable,97.8,0.1,2.1,97.8
z_54.0_-16.5,2030,3,2030-T3,Stable,97.7,0.2,2.2,97.7
z_54.0_-16.5,2030,4,2030-T4,Stable,97.8,0.2,2.0,97.8
z_54.0_-4.5,2023,1,2023-T1,Diminution,84.3,5.3,84.3,10.5
z_54.0_-4.5,2023,2,2023-T2,Diminution,76.3,8.9,76.3,14.8
z_54.0_-4.5,2023,3,2023-T3,Diminution,72.8,11.7,72.8,15.5
z_54.0_-4.5,2023,4,2023-T4,Diminution,84.5,4.2,84.5,11.3
z_54.0_-4.5,2024,1,2024-T1,Diminution,82.3,5.2,82.3,12.5
z_54.0_-4.5,2024,2,2024-T2,Diminution,80.6,5.7,80.6,13.8
z_54.0_-4.5,2024,3,2024-T3,Diminution,48.0,33.4,48.0,18.6
z_54.0_-4.5,2024,4,2024-T4,Diminution,53.8,29.0,53.8,17.2
z_54.0_-4.5,2025,1,2025-T1,Diminution,65.9,16.3,65.9,17.8
z_54.0_-4.5,2025,2,2025-T2,Diminution,72.3,10.8,72.3,16.9
z_54.0_-4.5,2025,3,2025-T3,Diminution,69.5,14.8,69.5,15.8
z_54.0_-4.5,2025,4,2025-T4,Diminution,70.8,12.4,70.8,16.7
z_54.0_-4.5,2026,1,2026-T1,Diminution,74.9,10.7,74.9,14.4
z_54.0_-4.5,2026,2,2026-T2,Diminution,74.2,11.4,74.2,14.4
z_54.0_-4.5,2026,3,2026-T3,Diminution,74.1,11.0,74.1,14.9
z_54.0_-4.5,2026,4,2026-T4,Diminution,71.8,12.6,71.8,15.6
z_54.0_-4.5,2027,1,2027-T1,Diminution,76.3,10.1,76.3,13.6
z_54.0_-4.5,2027,2,2027-T2,Diminution,73.1,11.1,73.1,15.8
z_54.0_-4.5,2027,3,2027-T3,Diminution,71.2,11.6,71.2,17.3
z_54.0_-4.5,2027,4,2027-T4,Diminution,69.2,14.2,69.2,16.5
z_54.0_-4.5,2028,1,2028-T1,Diminution,74.0,11.9,74.0,14.1
z_54.0_-4.5,2028,2,2028-T2,Diminution,74.3,10.9,74.3,14.9
z_54.0_-4.5,2028,3,2028-T3,Diminution,71.6,11.7,71.6,16.7
z_54.0_-4.5,2028,4,2028-T4,Diminution,71.0,12.0,71.0,17.0
z_54.0_-4.5,2029,1,2029-T1,Diminution,75.7,10.2,75.7,14.1
z_54.0_-4.5,2029,2,2029-T2,Diminution,74.6,10.1,74.6,15.2
z_54.0_-4.5,2029,3,2029-T3,Diminution,71.7,12.0,71.7,16.3
z_54.0_-4.5,2029,4,2029-T4,Diminution,74.5,9.7,74.5,15.8
z_54.0_-4.5,2030,1,2030-T1,Diminution,77.6,8.3,77.6,14.1
z_54.0_-4.5,2030,2,2030-T2,Diminution,79.9,6.8,79.9,13.3
z_54.0_-4.5,2030,3,2030-T3,Diminution,77.0,8.4,77.0,14.5
z_54.0_-4.5,2030,4,2030-T4,Diminution,75.4,8.8,75.4,15.8
z_54.0_-6.0,2023,1,2023-T1,Diminution,95.2,1.6,95.2,3.2
z_54.0_-6.0,2023,2,2023-T2,Diminution,92.5,2.1,92.5,5.4
z_54.0_-6.0,2023,3,2023-T3,Diminution,94.5,1.8,94.5,3.8
z_54.0_-6.0,2023,4,2023-T4,Diminution,91.0,2.1,91.0,6.9
z_54.0_-6.0,2024,1,2024-T1,Diminution,90.7,2.9,90.7,6.4
z_54.0_-6.0,2024,2,2024-T2,Diminution,89.3,1.6,89.3,9.1
z_54.0_-6.0,2024,3,2024-T3,Diminution,86.7,2.6,86.7,10.7
z_54.0_-6.0,2024,4,2024-T4,Diminution,82.0,3.9,82.0,14.2
z_54.0_-6.0,2025,1,2025-T1,Diminution,81.4,4.1,81.4,14.5
z_54.0_-6.0,2025,2,2025-T2,Diminution,84.1,3.2,84.1,12.6
z_54.0_-6.0,2025,3,2025-T3,Diminution,84.6,3.4,84.6,12.0
z_54.0_-6.0,2025,4,2025-T4,Diminution,82.9,4.1,82.9,13.0
z_54.0_-6.0,2026,1,2026-T1,Diminution,78.3,6.1,78.3,15.6
z_54.0_-6.0,2026,2,2026-T2,Diminution,82.3,6.0,82.3,11.7
z_54.0_-6.0,2026,3,2026-T3,Diminution,83.7,3.4,83.7,12.8
z_54.0_-6.0,2026,4,2026-T4,Diminution,84.2,3.5,84.2,12.4
z_54.0_-6.0,2027,1,2027-T1,Diminution,82.6,4.6,82.6,12.7
z_54.0_-6.0,2027,2,2027-T2,Diminution,85.1,2.9,85.1,12.0
z_54.0_-6.0,2027,3,2027-T3,Diminution,84.6,3.1,84.6,12.3
z_54.0_-6.0,2027,4,2027-T4,Diminution,83.9,3.4,83.9,12.6
z_54.0_-6.0,2028,1,2028-T1,Diminution,83.4,5.0,83.4,11.6
z_54.0_-6.0,2028,2,2028-T2,Diminution,85.7,2.9,85.7,11.4
z_54.0_-6.0,2028,3,2028-T3,Diminution,85.4,3.3,85.4,11.3
z_54.0_-6.0,2028,4,2028-T4,Diminution,83.9,3.4,83.9,12.6
z_54.0_-6.0,2029,1,2029-T1,Diminution,82.9,5.2,82.9,11.9
z_54.0_-6.0,2029,2,2029-T2,Diminution,85.7,2.9,85.7,11.4
z_54.0_-6.0,2029,3,2029-T3,Diminution,85.0,2.7,85.0,12.3
z_54.0_-6.0,2029,4,2029-T4,Diminution,83.9,3.4,83.9,12.6
z_54.0_-6.0,2030,1,2030-T1,Diminution,82.9,5.2,82.9,11.9
z_54.0_-6.0,2030,2,2030-T2,Diminution,85.7,2.9,85.7,11.4
z_54.0_-6.0,2030,3,2030-T3,Diminution,85.3,3.2,85.3,11.5
z_54.0_-6.0,2030,4,2030-T4,Diminution,83.9,3.4,83.9,12.6
z_54.0_-7.5,2023,1,2023-T1,Stable,66.3,27.4,6.2,66.3
z_54.0_-7.5,2023,2,2023-T2,Stable,73.3,19.7,7.0,73.3
z_54.0_-7.5,2023,3,2023-T3,Diminution,87.3,2.8,87.3,9.9
z_54.0_-7.5,2023,4,2023-T4,Stable,68.2,23.6,8.2,68.2
z_54.0_-7.5,2024,1,2024-T1,Stable,68.0,25.1,6.8,68.0
z_54.0_-7.5,2024,2,2024-T2,Stable,86.5,9.3,4.2,86.5
z_54.0_-7.5,2024,3,2024-T3,Diminution,82.7,2.7,82.7,14.5
z_54.0_-7.5,2024,4,2024-T4,Stable,70.3,22.4,7.3,70.3
z_54.0_-7.5,2025,1,2025-T1,Stable,61.6,31.6,6.8,61.6
z_54.0_-7.5,2025,2,2025-T2,Stable,77.1,13.7,9.2,77.1
z_54.0_-7.5,2025,3,2025-T3,Diminution,74.3,7.2,74.3,18.5
z_54.0_-7.5,2025,4,2025-T4,Stable,72.2,19.0,8.8,72.2
z_54.0_-7.5,2026,1,2026-T1,Stable,72.7,20.9,6.3,72.7
z_54.0_-7.5,2026,2,2026-T2,Stable,89.2,7.8,3.0,89.2
z_54.0_-7.5,2026,3,2026-T3,Diminution,83.5,2.4,83.5,14.1
z_54.0_-7.5,2026,4,2026-T4,Stable,74.0,17.0,9.1,74.0
z_54.0_-7.5,2027,1,2027-T1,Stable,64.6,29.7,5.7,64.6
z_54.0_-7.5,2027,2,2027-T2,Stable,89.2,7.8,3.0,89.2
z_54.0_-7.5,2027,3,2027-T3,Diminution,85.9,2.7,85.9,11.4
z_54.0_-7.5,2027,4,2027-T4,Stable,69.6,22.2,8.1,69.6
z_54.0_-7.5,2028,1,2028-T1,Stable,71.5,22.8,5.8,71.5
z_54.0_-7.5,2028,2,2028-T2,Stable,89.2,7.8,3.0,89.2
z_54.0_-7.5,2028,3,2028-T3,Diminution,85.4,2.2,85.4,12.4
z_54.0_-7.5,2028,4,2028-T4,Stable,73.8,17.7,8.5,73.8
z_54.0_-7.5,2029,1,2029-T1,Stable,68.8,25.9,5.3,68.8
z_54.0_-7.5,2029,2,2029-T2,Stable,89.2,7.8,3.0,89.2
z_54.0_-7.5,2029,3,2029-T3,Diminution,85.8,2.5,85.8,11.7
z_54.0_-7.5,2029,4,2029-T4,Stable,72.3,19.5,8.2,72.3
z_54.0_-7.5,2030,1,2030-T1,Stable,67.9,26.9,5.2,67.9
z_54.0_-7.5,2030,2,2030-T2,Stable,89.2,7.8,3.0,89.2
z_54.0_-7.5,2030,3,2030-T3,Diminution,85.8,2.1,85.8,12.1
z_54.0_-7.5,2030,4,2030-T4,Stable,70.8,21.1,8.1,70.8
z_54.0_-9.0,2023,1,2023-T1,Stable,93.0,2.5,4.5,93.0
z_54.0_-9.0,2023,2,2023-T2,Stable,97.0,1.3,1.7,97.0
z_54.0_-9.0,2023,3,2023-T3,Stable,90.1,5.9,4.0,90.1
z_54.0_-9.0,2023,4,2023-T4,Stable,94.2,2.3,3.5,94.2
z_54.0_-9.0,2024,1,2024-T1,Stable,91.7,5.6,2.7,91.7
z_54.0_-9.0,2024,2,2024-T2,Stable,91.6,5.6,2.9,91.6
z_54.0_-9.0,2024,3,2024-T3,Stable,93.0,3.5,3.5,93.0
z_54.0_-9.0,2024,4,2024-T4,Stable,93.8,3.0,3.2,93.8
z_54.0_-9.0,2025,1,2025-T1,Stable,94.3,3.7,2.0,94.3
z_54.0_-9.0,2025,2,2025-T2,Stable,92.0,5.1,2.9,92.0
z_54.0_-9.0,2025,3,2025-T3,Stable,94.3,3.0,2.8,94.3
z_54.0_-9.0,2025,4,2025-T4,Stable,95.0,2.9,2.1,95.0
z_54.0_-9.0,2026,1,2026-T1,Stable,94.2,2.6,3.2,94.2
z_54.0_-9.0,2026,2,2026-T2,Stable,96.6,1.0,2.4,96.6
z_54.0_-9.0,2026,3,2026-T3,Stable,94.6,3.1,2.3,94.6
z_54.0_-9.0,2026,4,2026-T4,Stable,95.0,2.9,2.1,95.0
z_54.0_-9.0,2027,1,2027-T1,Stable,94.2,2.6,3.2,94.2
z_54.0_-9.0,2027,2,2027-T2,Stable,95.8,1.2,3.0,95.8
z_54.0_-9.0,2027,3,2027-T3,Stable,94.2,3.2,2.6,94.2
z_54.0_-9.0,2027,4,2027-T4,Stable,95.0,2.9,2.1,95.0
z_54.0_-9.0,2028,1,2028-T1,Stable,94.2,2.6,3.2,94.2
z_54.0_-9.0,2028,2,2028-T2,Stable,93.6,2.8,3.6,93.6
z_54.0_-9.0,2028,3,2028-T3,Stable,94.6,3.0,2.4,94.6
z_54.0_-9.0,2028,4,2028-T4,Stable,95.0,2.9,2.1,95.0
z_54.0_-9.0,2029,1,2029-T1,Stable,94.2,2.6,3.2,94.2
z_54.0_-9.0,2029,2,2029-T2,Stable,95.8,1.5,2.7,95.8
z_54.0_-9.0,2029,3,2029-T3,Stable,94.6,3.0,2.4,94.6
z_54.0_-9.0,2029,4,2029-T4,Stable,95.0,2.9,2.1,95.0
z_54.0_-9.0,2030,1,2030-T1,Stable,94.2,2.6,3.2,94.2
z_54.0_-9.0,2030,2,2030-T2,Stable,97.2,0.8,2.0,97.2
z_54.0_-9.0,2030,3,2030-T3,Stable,94.6,3.0,2.4,94.6
z_54.0_-9.0,2030,4,2030-T4,Stable,95.0,2.9,2.1,95.0
z_54.0_0.0,2023,1,2023-T1,Diminution,84.5,4.4,84.5,11.2
z_54.0_0.0,2023,2,2023-T2,Stable,81.5,12.4,6.1,81.5
z_54.0_0.0,2023,3,2023-T3,Stable,84.2,11.1,4.7,84.2
z_54.0_0.0,2023,4,2023-T4,Stable,69.9,20.7,9.4,69.9
z_54.0_0.0,2024,1,2024-T1,Diminution,80.6,3.7,80.6,15.8
z_54.0_0.0,2024,2,2024-T2,Stable,87.1,8.5,4.4,87.1
z_54.0_0.0,2024,3,2024-T3,Stable,92.7,4.1,3.2,92.7
z_54.0_0.0,2024,4,2024-T4,Stable,75.0,19.0,6.0,75.0
z_54.0_0.0,2025,1,2025-T1,Diminution,82.2,4.7,82.2,13.2
z_54.0_0.0,2025,2,2025-T2,Stable,84.0,10.6,5.4,84.0
z_54.0_0.0,2025,3,2025-T3,Stable,85.5,10.3,4.3,85.5
z_54.0_0.0,2025,4,2025-T4,Stable,72.6,18.0,9.4,72.6
z_54.0_0.0,2026,1,2026-T1,Diminution,85.0,3.6,85.0,11.3
z_54.0_0.0,2026,2,2026-T2,Stable,85.4,10.6,4.0,85.4
z_54.0_0.0,2026,3,2026-T3,Stable,92.5,4.8,2.7,92.5
z_54.0_0.0,2026,4,2026-T4,Stable,68.8,25.7,5.5,68.8
z_54.0_0.0,2027,1,2027-T1,Diminution,85.8,3.0,85.8,11.2
z_54.0_0.0,2027,2,2027-T2,Stable,85.4,10.6,4.0,85.4
z_54.0_0.0,2027,3,2027-T3,Stable,92.5,4.8,2.7,92.5
z_54.0_0.0,2027,4,2027-T4,Stable,74.7,19.6,5.7,74.7
z_54.0_0.0,2028,1,2028-T1,Diminution,86.2,3.1,86.2,10.7
z_54.0_0.0,2028,2,2028-T2,Stable,85.4,10.6,4.0,85.4
z_54.0_0.0,2028,3,2028-T3,Stable,92.5,4.8,2.7,92.5
z_54.0_0.0,2028,4,2028-T4,Stable,73.3,21.2,5.5,73.3
z_54.0_0.0,2029,1,2029-T1,Diminution,86.2,3.1,86.2,10.7
z_54.0_0.0,2029,2,2029-T2,Stable,85.4,10.6,4.0,85.4
z_54.0_0.0,2029,3,2029-T3,Stable,92.5,4.8,2.7,92.5
z_54.0_0.0,2029,4,2029-T4,Stable,71.4,23.0,5.6,71.4
z_54.0_0.0,2030,1,2030-T1,Diminution,86.0,3.5,86.0,10.5
z_54.0_0.0,2030,2,2030-T2,Stable,85.4,10.6,4.0,85.4
z_54.0_0.0,2030,3,2030-T3,Stable,92.5,4.8,2.7,92.5
z_54.0_0.0,2030,4,2030-T4,Stable,71.4,23.0,5.6,71.4
z_54.0_1.5,2023,1,2023-T1,Stable,93.5,2.7,3.7,93.5
z_54.0_1.5,2023,2,2023-T2,Stable,89.5,6.3,4.2,89.5
z_54.0_1.5,2023,3,2023-T3,Stable,95.6,1.5,2.9,95.6
z_54.0_1.5,2023,4,2023-T4,Stable,94.8,1.9,3.3,94.8
z_54.0_1.5,2024,1,2024-T1,Stable,83.3,10.5,6.2,83.3
z_54.0_1.5,2024,2,2024-T2,Stable,89.1,7.0,3.9,89.1
z_54.0_1.5,2024,3,2024-T3,Stable,90.9,5.9,3.2,90.9
z_54.0_1.5,2024,4,2024-T4,Stable,91.4,4.8,3.8,91.4
z_54.0_1.5,2025,1,2025-T1,Stable,95.3,2.8,1.9,95.3
z_54.0_1.5,2025,2,2025-T2,Stable,91.2,5.9,2.9,91.2
z_54.0_1.5,2025,3,2025-T3,Stable,95.8,1.4,2.8,95.8
z_54.0_1.5,2025,4,2025-T4,Stable,95.6,1.8,2.6,95.6
z_54.0_1.5,2026,1,2026-T1,Stable,92.8,2.9,4.3,92.8
z_54.0_1.5,2026,2,2026-T2,Stable,91.5,5.3,3.1,91.5
z_54.0_1.5,2026,3,2026-T3,Stable,96.5,1.8,1.8,96.5
z_54.0_1.5,2026,4,2026-T4,Stable,94.7,2.2,3.1,94.7
z_54.0_1.5,2027,1,2027-T1,Stable,94.9,2.0,3.1,94.9
z_54.0_1.5,2027,2,2027-T2,Stable,91.4,5.8,2.8,91.4
z_54.0_1.5,2027,3,2027-T3,Stable,96.2,1.3,2.5,96.2
z_54.0_1.5,2027,4,2027-T4,Stable,95.8,1.6,2.5,95.8
z_54.0_1.5,2028,1,2028-T1,Stable,94.9,2.0,3.1,94.9
z_54.0_1.5,2028,2,2028-T2,Stable,93.8,3.3,2.9,93.8
z_54.0_1.5,2028,3,2028-T3,Stable,95.8,1.4,2.8,95.8
z_54.0_1.5,2028,4,2028-T4,Stable,93.6,3.1,3.3,93.6
z_54.0_1.5,2029,1,2029-T1,Stable,94.9,2.0,3.1,94.9
z_54.0_1.5,2029,2,2029-T2,Stable,91.5,5.6,2.9,91.5
z_54.0_1.5,2029,3,2029-T3,Stable,96.2,1.3,2.6,96.2
z_54.0_1.5,2029,4,2029-T4,Stable,96.1,1.3,2.6,96.1
z_54.0_1.5,2030,1,2030-T1,Stable,94.9,2.0,3.1,94.9
z_54.0_1.5,2030,2,2030-T2,Stable,92.8,4.8,2.5,92.8
z_54.0_1.5,2030,3,2030-T3,Stable,96.2,1.3,2.6,96.2
z_54.0_1.5,2030,4,2030-T4,Stable,95.4,1.7,2.9,95.4
z_54.0_10.5,2023,1,2023-T1,Augmentation,74.4,74.4,20.1,5.4
z_54.0_10.5,2023,2,2023-T2,Augmentation,78.8,78.8,15.9,5.3
z_54.0_10.5,2023,3,2023-T3,Augmentation,81.9,81.9,14.0,4.1
z_54.0_10.5,2023,4,2023-T4,Augmentation,77.8,77.8,16.8,5.4
z_54.0_10.5,2024,1,2024-T1,Augmentation,72.8,72.8,22.0,5.2
z_54.0_10.5,2024,2,2024-T2,Augmentation,79.6,79.6,15.2,5.3
z_54.0_10.5,2024,3,2024-T3,Augmentation,75.4,75.4,19.9,4.7
z_54.0_10.5,2024,4,2024-T4,Augmentation,55.8,55.8,35.8,8.5
z_54.0_10.5,2025,1,2025-T1,Augmentation,63.9,63.9,29.4,6.7
z_54.0_10.5,2025,2,2025-T2,Augmentation,70.6,70.6,23.7,5.7
z_54.0_10.5,2025,3,2025-T3,Augmentation,69.5,69.5,23.9,6.6
z_54.0_10.5,2025,4,2025-T4,Augmentation,76.4,76.4,17.9,5.7
z_54.0_10.5,2026,1,2026-T1,Augmentation,52.1,52.1,40.5,7.4
z_54.0_10.5,2026,2,2026-T2,Augmentation,71.7,71.7,23.1,5.2
z_54.0_10.5,2026,3,2026-T3,Augmentation,67.3,67.3,26.7,6.0
z_54.0_10.5,2026,4,2026-T4,Augmentation,76.9,76.9,17.3,5.8
z_54.0_10.5,2027,1,2027-T1,Augmentation,76.7,76.7,17.9,5.4
z_54.0_10.5,2027,2,2027-T2,Augmentation,81.3,81.3,13.6,5.0
z_54.0_10.5,2027,3,2027-T3,Augmentation,81.4,81.4,14.5,4.1
z_54.0_10.5,2027,4,2027-T4,Augmentation,76.0,76.0,18.9,5.1
z_54.0_10.5,2028,1,2028-T1,Augmentation,77.8,77.8,17.3,4.9
z_54.0_10.5,2028,2,2028-T2,Augmentation,81.5,81.5,14.2,4.3
z_54.0_10.5,2028,3,2028-T3,Augmentation,79.8,79.8,15.6,4.5
z_54.0_10.5,2028,4,2028-T4,Augmentation,79.1,79.1,16.3,4.6
z_54.0_10.5,2029,1,2029-T1,Augmentation,73.7,73.7,21.1,5.2
z_54.0_10.5,2029,2,2029-T2,Augmentation,78.4,78.4,17.0,4.7
z_54.0_10.5,2029,3,2029-T3,Augmentation,76.5,76.5,19.1,4.4
z_54.0_10.5,2029,4,2029-T4,Augmentation,74.4,74.4,20.7,4.9
z_54.0_10.5,2030,1,2030-T1,Augmentation,70.9,70.9,23.6,5.6
z_54.0_10.5,2030,2,2030-T2,Augmentation,76.1,76.1,19.0,4.9
z_54.0_10.5,2030,3,2030-T3,Augmentation,71.5,71.5,23.7,4.8
z_54.0_10.5,2030,4,2030-T4,Augmentation,68.5,68.5,26.4,5.2
z_54.0_12.0,2023,1,2023-T1,Augmentation,76.3,76.3,18.1,5.6
z_54.0_12.0,2023,2,2023-T2,Augmentation,77.9,77.9,17.0,5.1
z_54.0_12.0,2023,3,2023-T3,Augmentation,72.0,72.0,22.8,5.2
z_54.0_12.0,2023,4,2023-T4,Augmentation,79.1,79.1,16.2,4.7
z_54.0_12.0,2024,1,2024-T1,Augmentation,70.4,70.4,22.6,7.1
z_54.0_12.0,2024,2,2024-T2,Augmentation,75.8,75.8,18.3,5.9
z_54.0_12.0,2024,3,2024-T3,Augmentation,58.9,58.9,34.0,7.1
z_54.0_12.0,2024,4,2024-T4,Augmentation,61.8,61.8,31.9,6.3
z_54.0_12.0,2025,1,2025-T1,Augmentation,60.7,60.7,31.7,7.6
z_54.0_12.0,2025,2,2025-T2,Augmentation,57.4,57.4,35.9,6.7
z_54.0_12.0,2025,3,2025-T3,Augmentation,52.8,52.8,40.2,7.0
z_54.0_12.0,2025,4,2025-T4,Augmentation,65.5,65.5,28.5,6.0
z_54.0_12.0,2026,1,2026-T1,Augmentation,39.4,39.4,52.5,8.2
z_54.0_12.0,2026,2,2026-T2,Augmentation,50.5,50.5,40.8,8.7
z_54.0_12.0,2026,3,2026-T3,Augmentation,50.0,50.0,42.5,7.5
z_54.0_12.0,2026,4,2026-T4,Augmentation,63.4,63.4,29.4,7.1
z_54.0_12.0,2027,1,2027-T1,Augmentation,64.5,64.5,29.3,6.2
z_54.0_12.0,2027,2,2027-T2,Augmentation,62.0,62.0,30.2,7.8
z_54.0_12.0,2027,3,2027-T3,Augmentation,64.7,64.7,28.7,6.6
z_54.0_12.0,2027,4,2027-T4,Augmentation,62.7,62.7,30.6,6.7
z_54.0_12.0,2028,1,2028-T1,Augmentation,52.1,52.1,41.1,6.8
z_54.0_12.0,2028,2,2028-T2,Augmentation,62.2,62.2,31.8,6.0
z_54.0_12.0,2028,3,2028-T3,Augmentation,57.6,57.6,35.9,6.4
z_54.0_12.0,2028,4,2028-T4,Augmentation,63.2,63.2,30.9,5.8
z_54.0_12.0,2029,1,2029-T1,Augmentation,52.5,52.5,40.4,7.1
z_54.0_12.0,2029,2,2029-T2,Augmentation,61.8,61.8,32.2,6.0
z_54.0_12.0,2029,3,2029-T3,Augmentation,60.3,60.3,34.1,5.5
z_54.0_12.0,2029,4,2029-T4,Augmentation,59.8,59.8,34.3,6.0
z_54.0_12.0,2030,1,2030-T1,Augmentation,55.2,55.2,38.8,6.0
z_54.0_12.0,2030,2,2030-T2,Augmentation,61.4,61.4,33.2,5.4
z_54.0_12.0,2030,3,2030-T3,Augmentation,60.3,60.3,34.4,5.3
z_54.0_12.0,2030,4,2030-T4,Augmentation,59.2,59.2,35.5,5.3
z_54.0_13.5,2023,1,2023-T1,Augmentation,59.9,59.9,32.7,7.4
z_54.0_13.5,2023,2,2023-T2,Augmentation,78.6,78.6,16.1,5.2
z_54.0_13.5,2023,3,2023-T3,Augmentation,80.1,80.1,15.5,4.4
z_54.0_13.5,2023,4,2023-T4,Augmentation,79.0,79.0,17.0,4.0
z_54.0_13.5,2024,1,2024-T1,Augmentation,77.6,77.6,18.1,4.3
z_54.0_13.5,2024,2,2024-T2,Augmentation,78.7,78.7,17.4,3.9
z_54.0_13.5,2024,3,2024-T3,Augmentation,74.8,74.8,20.7,4.5
z_54.0_13.5,2024,4,2024-T4,Augmentation,71.9,71.9,23.4,4.7
z_54.0_13.5,2025,1,2025-T1,Augmentation,73.7,73.7,21.1,5.1
z_54.0_13.5,2025,2,2025-T2,Augmentation,55.0,55.0,36.9,8.1
z_54.0_13.5,2025,3,2025-T3,Augmentation,60.9,60.9,31.9,7.2
z_54.0_13.5,2025,4,2025-T4,Augmentation,63.2,63.2,30.0,6.8
z_54.0_13.5,2026,1,2026-T1,Diminution,70.9,21.5,70.9,7.6
z_54.0_13.5,2026,2,2026-T2,Augmentation,53.7,53.7,35.0,11.3
z_54.0_13.5,2026,3,2026-T3,Augmentation,59.8,59.8,32.9,7.3
z_54.0_13.5,2026,4,2026-T4,Augmentation,67.1,67.1,26.3,6.6
z_54.0_13.5,2027,1,2027-T1,Augmentation,71.4,71.4,23.4,5.1
z_54.0_13.5,2027,2,2027-T2,Augmentation,79.7,79.7,15.9,4.3
z_54.0_13.5,2027,3,2027-T3,Augmentation,80.2,80.2,16.6,3.2
z_54.0_13.5,2027,4,2027-T4,Augmentation,76.3,76.3,19.6,4.1
z_54.0_13.5,2028,1,2028-T1,Augmentation,78.1,78.1,18.0,3.9
z_54.0_13.5,2028,2,2028-T2,Augmentation,77.8,77.8,18.2,4.0
z_54.0_13.5,2028,3,2028-T3,Augmentation,82.2,82.2,14.7,3.2
z_54.0_13.5,2028,4,2028-T4,Augmentation,80.1,80.1,16.2,3.7
z_54.0_13.5,2029,1,2029-T1,Augmentation,77.6,77.6,18.2,4.2
z_54.0_13.5,2029,2,2029-T2,Augmentation,84.1,84.1,12.6,3.3
z_54.0_13.5,2029,3,2029-T3,Augmentation,80.8,80.8,15.7,3.5
z_54.0_13.5,2029,4,2029-T4,Augmentation,80.2,80.2,16.3,3.5
z_54.0_13.5,2030,1,2030-T1,Augmentation,74.4,74.4,21.1,4.5
z_54.0_13.5,2030,2,2030-T2,Augmentation,81.9,81.9,14.8,3.3
z_54.0_13.5,2030,3,2030-T3,Augmentation,79.2,79.2,17.4,3.5
z_54.0_13.5,2030,4,2030-T4,Augmentation,78.3,78.3,18.0,3.7
z_54.0_15.0,2023,1,2023-T1,Stable,48.9,46.0,5.1,48.9
z_54.0_15.0,2023,2,2023-T2,Stable,62.6,34.4,3.0,62.6
z_54.0_15.0,2023,3,2023-T3,Stable,63.4,33.5,3.1,63.4
z_54.0_15.0,2023,4,2023-T4,Diminution,65.1,14.8,65.1,20.1
z_54.0_15.0,2024,1,2024-T1,Stable,55.3,40.6,4.1,55.3
z_54.0_15.0,2024,2,2024-T2,Stable,48.4,47.7,3.9,48.4
z_54.0_15.0,2024,3,2024-T3,Stable,48.0,47.0,5.1,48.0
z_54.0_15.0,2024,4,2024-T4,Diminution,78.8,7.0,78.8,14.2
z_54.0_15.0,2025,1,2025-T1,Stable,65.1,26.3,8.6,65.1
z_54.0_15.0,2025,2,2025-T2,Stable,67.7,24.0,8.2,67.7
z_54.0_15.0,2025,3,2025-T3,Augmentation,56.6,56.6,3.7,39.7
z_54.0_15.0,2025,4,2025-T4,Diminution,58.6,26.1,58.6,15.3
z_54.0_15.0,2026,1,2026-T1,Stable,51.9,41.5,6.5,51.9
z_54.0_15.0,2026,2,2026-T2,Stable,68.1,24.4,7.5,68.1
z_54.0_15.0,2026,3,2026-T3,Stable,69.4,25.0,5.6,69.4
z_54.0_15.0,2026,4,2026-T4,Diminution,64.9,13.1,64.9,21.9
z_54.0_15.0,2027,1,2027-T1,Augmentation,50.0,50.0,4.3,45.7
z_54.0_15.0,2027,2,2027-T2,Augmentation,49.1,49.1,4.5,46.4
z_54.0_15.0,2027,3,2027-T3,Stable,55.0,41.8,3.2,55.0
z_54.0_15.0,2027,4,2027-T4,Diminution,64.8,14.6,64.8,20.6
z_54.0_15.0,2028,1,2028-T1,Stable,51.6,44.1,4.3,51.6
z_54.0_15.0,2028,2,2028-T2,Stable,55.0,40.7,4.3,55.0
z_54.0_15.0,2028,3,2028-T3,Stable,51.3,45.1,3.5,51.3
z_54.0_15.0,2028,4,2028-T4,Diminution,66.0,13.5,66.0,20.5
z_54.0_15.0,2029,1,2029-T1,Stable,48.5,47.9,3.5,48.5
z_54.0_15.0,2029,2,2029-T2,Stable,50.1,45.9,3.9,50.1
z_54.0_15.0,2029,3,2029-T3,Stable,54.0,42.4,3.6,54.0
z_54.0_15.0,2029,4,2029-T4,Diminution,66.9,12.6,66.9,20.5
z_54.0_15.0,2030,1,2030-T1,Stable,49.6,46.8,3.6,49.6
z_54.0_15.0,2030,2,2030-T2,Stable,53.1,42.9,4.0,53.1
z_54.0_15.0,2030,3,2030-T3,Stable,55.3,40.8,3.9,55.3
z_54.0_15.0,2030,4,2030-T4,Diminution,66.2,13.7,66.2,20.0
z_54.0_16.5,2023,1,2023-T1,Stable,85.2,11.4,3.4,85.2
z_54.0_16.5,2023,2,2023-T2,Stable,81.4,14.7,4.0,81.4
z_54.0_16.5,2023,3,2023-T3,Stable,75.1,19.0,5.9,75.1
z_54.0_16.5,2023,4,2023-T4,Stable,92.8,5.2,2.0,92.8
z_54.0_16.5,2024,1,2024-T1,Stable,90.8,6.2,3.0,90.8
z_54.0_16.5,2024,2,2024-T2,Stable,86.6,10.7,2.6,86.6
z_54.0_16.5,2024,3,2024-T3,Stable,76.0,18.2,5.8,76.0
z_54.0_16.5,2024,4,2024-T4,Stable,86.7,9.3,4.0,86.7
z_54.0_16.5,2025,1,2025-T1,Stable,89.0,6.8,4.2,89.0
z_54.0_16.5,2025,2,2025-T2,Stable,88.9,7.9,3.2,88.9
z_54.0_16.5,2025,3,2025-T3,Stable,74.5,19.7,5.7,74.5
z_54.0_16.5,2025,4,2025-T4,Stable,94.2,3.9,1.8,94.2
z_54.0_16.5,2026,1,2026-T1,Stable,90.2,6.7,3.1,90.2
z_54.0_16.5,2026,2,2026-T2,Stable,89.1,7.9,3.0,89.1
z_54.0_16.5,2026,3,2026-T3,Stable,76.0,18.2,5.8,76.0
z_54.0_16.5,2026,4,2026-T4,Stable,92.0,5.1,2.8,92.0
z_54.0_16.5,2027,1,2027-T1,Stable,91.3,5.8,2.9,91.3
z_54.0_16.5,2027,2,2027-T2,Stable,88.1,8.9,3.0,88.1
z_54.0_16.5,2027,3,2027-T3,Stable,73.1,21.2,5.8,73.1
z_54.0_16.5,2027,4,2027-T4,Stable,92.2,5.0,2.7,92.2
z_54.0_16.5,2028,1,2028-T1,Stable,89.2,7.6,3.3,89.2
z_54.0_16.5,2028,2,2028-T2,Stable,88.0,9.4,2.7,88.0
z_54.0_16.5,2028,3,2028-T3,Stable,76.4,17.8,5.8,76.4
z_54.0_16.5,2028,4,2028-T4,Stable,92.2,5.0,2.7,92.2
z_54.0_16.5,2029,1,2029-T1,Stable,91.5,5.6,2.9,91.5
z_54.0_16.5,2029,2,2029-T2,Stable,88.0,9.4,2.7,88.0
z_54.0_16.5,2029,3,2029-T3,Stable,76.0,18.3,5.7,76.0
z_54.0_16.5,2029,4,2029-T4,Stable,92.2,5.0,2.7,92.2
z_54.0_16.5,2030,1,2030-T1,Stable,92.0,5.1,3.0,92.0
z_54.0_16.5,2030,2,2030-T2,Stable,88.0,9.4,2.7,88.0
z_54.0_16.5,2030,3,2030-T3,Stable,74.1,20.2,5.8,74.1
z_54.0_16.5,2030,4,2030-T4,Stable,92.2,5.0,2.7,92.2
z_54.0_18.0,2023,1,2023-T1,Augmentation,69.4,69.4,22.7,7.9
z_54.0_18.0,2023,2,2023-T2,Augmentation,75.9,75.9,17.4,6.8
z_54.0_18.0,2023,3,2023-T3,Augmentation,83.7,83.7,11.8,4.5
z_54.0_18.0,2023,4,2023-T4,Augmentation,72.6,72.6,19.4,8.0
z_54.0_18.0,2024,1,2024-T1,Augmentation,71.7,71.7,21.2,7.1
z_54.0_18.0,2024,2,2024-T2,Augmentation,63.4,63.4,28.5,8.2
z_54.0_18.0,2024,3,2024-T3,Augmentation,59.3,59.3,31.4,9.3
z_54.0_18.0,2024,4,2024-T4,Augmentation,53.0,53.0,34.9,12.2
z_54.0_18.0,2025,1,2025-T1,Diminution,62.5,25.3,62.5,12.3
z_54.0_18.0,2025,2,2025-T2,Diminution,61.7,27.7,61.7,10.6
z_54.0_18.0,2025,3,2025-T3,Diminution,52.1,36.9,52.1,11.0
z_54.0_18.0,2025,4,2025-T4,Diminution,52.6,36.8,52.6,10.6
z_54.0_18.0,2026,1,2026-T1,Diminution,66.9,20.8,66.9,12.3
z_54.0_18.0,2026,2,2026-T2,Diminution,62.9,26.0,62.9,11.1
z_54.0_18.0,2026,3,2026-T3,Diminution,59.2,30.7,59.2,10.1
z_54.0_18.0,2026,4,2026-T4,Augmentation,46.7,46.7,41.6,11.7
z_54.0_18.0,2027,1,2027-T1,Diminution,56.1,32.3,56.1,11.6
z_54.0_18.0,2027,2,2027-T2,Diminution,54.7,34.2,54.7,11.1
z_54.0_18.0,2027,3,2027-T3,Augmentation,41.1,41.1,48.4,10.5
z_54.0_18.0,2027,4,2027-T4,Augmentation,40.3,40.3,47.5,12.3
z_54.0_18.0,2028,1,2028-T1,Diminution,57.9,32.4,57.9,9.6
z_54.0_18.0,2028,2,2028-T2,Diminution,57.6,33.2,57.6,9.2
z_54.0_18.0,2028,3,2028-T3,Augmentation,40.1,40.1,46.1,13.7
z_54.0_18.0,2028,4,2028-T4,Augmentation,39.7,39.7,49.6,10.7
z_54.0_18.0,2029,1,2029-T1,Diminution,55.0,34.4,55.0,10.7
z_54.0_18.0,2029,2,2029-T2,Diminution,52.9,36.8,52.9,10.4
z_54.0_18.0,2029,3,2029-T3,Augmentation,42.7,42.7,45.5,11.9
z_54.0_18.0,2029,4,2029-T4,Augmentation,45.1,45.1,43.8,11.1
z_54.0_18.0,2030,1,2030-T1,Diminution,58.6,31.7,58.6,9.7
z_54.0_18.0,2030,2,2030-T2,Diminution,54.5,35.7,54.5,9.8
z_54.0_18.0,2030,3,2030-T3,Augmentation,45.7,45.7,43.3,11.0
z_54.0_18.0,2030,4,2030-T4,Augmentation,46.2,46.2,43.3,10.5
z_54.0_3.0,2023,1,2023-T1,Stable,88.4,7.2,4.4,88.4
z_54.0_3.0,2023,2,2023-T2,Stable,94.3,2.2,3.5,94.3
z_54.0_3.0,2023,3,2023-T3,Stable,88.6,6.8,4.6,88.6
z_54.0_3.0,2023,4,2023-T4,Stable,90.8,4.8,4.4,90.8
z_54.0_3.0,2024,1,2024-T1,Stable,93.4,4.4,2.2,93.4
z_54.0_3.0,2024,2,2024-T2,Stable,89.4,7.5,3.1,89.4
z_54.0_3.0,2024,3,2024-T3,Stable,90.3,5.9,3.8,90.3
z_54.0_3.0,2024,4,2024-T4,Stable,92.5,4.1,3.4,92.5
z_54.0_3.0,2025,1,2025-T1,Stable,90.9,5.4,3.7,90.9
z_54.0_3.0,2025,2,2025-T2,Stable,95.5,1.5,3.0,95.5
z_54.0_3.0,2025,3,2025-T3,Stable,91.4,5.4,3.3,91.4
z_54.0_3.0,2025,4,2025-T4,Stable,92.5,4.4,3.1,92.5
z_54.0_3.0,2026,1,2026-T1,Stable,91.3,5.3,3.5,91.3
z_54.0_3.0,2026,2,2026-T2,Stable,94.7,1.6,3.7,94.7
z_54.0_3.0,2026,3,2026-T3,Stable,91.2,5.7,3.1,91.2
z_54.0_3.0,2026,4,2026-T4,Stable,92.5,4.4,3.1,92.5
z_54.0_3.0,2027,1,2027-T1,Stable,91.3,5.3,3.5,91.3
z_54.0_3.0,2027,2,2027-T2,Stable,94.6,2.1,3.4,94.6
z_54.0_3.0,2027,3,2027-T3,Stable,91.2,5.7,3.1,91.2
z_54.0_3.0,2027,4,2027-T4,Stable,92.5,4.4,3.1,92.5
z_54.0_3.0,2028,1,2028-T1,Stable,91.3,5.3,3.5,91.3
z_54.0_3.0,2028,2,2028-T2,Stable,94.3,2.2,3.5,94.3
z_54.0_3.0,2028,3,2028-T3,Stable,91.2,5.7,3.1,91.2
z_54.0_3.0,2028,4,2028-T4,Stable,92.5,4.4,3.1,92.5
z_54.0_3.0,2029,1,2029-T1,Stable,91.3,5.3,3.5,91.3
z_54.0_3.0,2029,2,2029-T2,Stable,95.6,1.4,3.0,95.6
z_54.0_3.0,2029,3,2029-T3,Stable,91.2,5.7,3.1,91.2
z_54.0_3.0,2029,4,2029-T4,Stable,92.5,4.4,3.1,92.5
z_54.0_3.0,2030,1,2030-T1,Stable,91.3,5.3,3.5,91.3
z_54.0_3.0,2030,2,2030-T2,Stable,95.6,1.4,3.0,95.6
z_54.0_3.0,2030,3,2030-T3,Stable,91.2,5.7,3.1,91.2
z_54.0_3.0,2030,4,2030-T4,Stable,92.5,4.4,3.1,92.5
z_54.0_4.5,2023,1,2023-T1,Stable,80.6,13.4,6.0,80.6
z_54.0_4.5,2023,2,2023-T2,Stable,83.7,11.7,4.7,83.7
z_54.0_4.5,2023,3,2023-T3,Stable,69.9,26.2,3.9,69.9
z_54.0_4.5,2023,4,2023-T4,Stable,60.1,34.2,5.7,60.1
z_54.0_4.5,2024,1,2024-T1,Stable,73.8,20.7,5.5,73.8
z_54.0_4.5,2024,2,2024-T2,Stable,95.2,2.1,2.7,95.2
z_54.0_4.5,2024,3,2024-T3,Stable,96.5,1.0,2.5,96.5
z_54.0_4.5,2024,4,2024-T4,Stable,80.4,13.3,6.3,80.4
z_54.0_4.5,2025,1,2025-T1,Stable,83.2,8.6,8.2,83.2
z_54.0_4.5,2025,2,2025-T2,Stable,94.8,1.3,3.9,94.8
z_54.0_4.5,2025,3,2025-T3,Stable,83.8,10.2,6.0,83.8
z_54.0_4.5,2025,4,2025-T4,Stable,69.8,23.0,7.3,69.8
z_54.0_4.5,2026,1,2026-T1,Stable,73.7,18.6,7.7,73.7
z_54.0_4.5,2026,2,2026-T2,Stable,95.9,1.4,2.7,95.9
z_54.0_4.5,2026,3,2026-T3,Stable,95.7,1.6,2.7,95.7
z_54.0_4.5,2026,4,2026-T4,Stable,82.9,9.7,7.3,82.9
z_54.0_4.5,2027,1,2027-T1,Stable,89.3,6.4,4.3,89.3
z_54.0_4.5,2027,2,2027-T2,Stable,93.5,2.0,4.5,93.5
z_54.0_4.5,2027,3,2027-T3,Stable,96.6,0.8,2.6,96.6
z_54.0_4.5,2027,4,2027-T4,Stable,82.1,11.3,6.6,82.1
z_54.0_4.5,2028,1,2028-T1,Stable,81.3,13.9,4.8,81.3
z_54.0_4.5,2028,2,2028-T2,Stable,93.2,1.4,5.4,93.2
z_54.0_4.5,2028,3,2028-T3,Stable,96.6,0.8,2.6,96.6
z_54.0_4.5,2028,4,2028-T4,Stable,83.2,10.9,5.9,83.2
z_54.0_4.5,2029,1,2029-T1,Stable,89.8,6.3,3.9,89.8
z_54.0_4.5,2029,2,2029-T2,Stable,95.8,0.4,3.8,95.8
z_54.0_4.5,2029,3,2029-T3,Stable,97.4,0.6,2.0,97.4
z_54.0_4.5,2029,4,2029-T4,Stable,83.2,10.9,5.9,83.2
z_54.0_4.5,2030,1,2030-T1,Stable,85.4,10.1,4.5,85.4
z_54.0_4.5,2030,2,2030-T2,Stable,96.3,0.7,3.0,96.3
z_54.0_4.5,2030,3,2030-T3,Stable,96.5,1.0,2.5,96.5
z_54.0_4.5,2030,4,2030-T4,Stable,83.2,10.9,5.9,83.2
z_54.0_6.0,2023,1,2023-T1,Diminution,81.6,6.0,81.6,12.4
z_54.0_6.0,2023,2,2023-T2,Stable,65.8,28.2,5.9,65.8
z_54.0_6.0,2023,3,2023-T3,Stable,67.1,23.2,9.7,67.1
z_54.0_6.0,2023,4,2023-T4,Stable,72.8,15.0,12.2,72.8
z_54.0_6.0,2024,1,2024-T1,Diminution,70.0,11.3,70.0,18.7
z_54.0_6.0,2024,2,2024-T2,Stable,63.2,29.4,7.3,63.2
z_54.0_6.0,2024,3,2024-T3,Stable,66.7,22.6,10.7,66.7
z_54.0_6.0,2024,4,2024-T4,Stable,66.1,28.5,5.4,66.1
z_54.0_6.0,2025,1,2025-T1,Diminution,73.2,10.3,73.2,16.5
z_54.0_6.0,2025,2,2025-T2,Stable,83.1,12.3,4.7,83.1
z_54.0_6.0,2025,3,2025-T3,Stable,77.8,17.0,5.2,77.8
z_54.0_6.0,2025,4,2025-T4,Stable,81.0,13.1,5.9,81.0
z_54.0_6.0,2026,1,2026-T1,Diminution,76.6,6.8,76.6,16.6
z_54.0_6.0,2026,2,2026-T2,Stable,88.6,7.1,4.3,88.6
z_54.0_6.0,2026,3,2026-T3,Stable,88.1,7.6,4.4,88.1
z_54.0_6.0,2026,4,2026-T4,Stable,82.5,10.8,6.6,82.5
z_54.0_6.0,2027,1,2027-T1,Diminution,81.2,4.5,81.2,14.4
z_54.0_6.0,2027,2,2027-T2,Stable,86.6,8.4,5.0,86.6
z_54.0_6.0,2027,3,2027-T3,Stable,84.0,11.1,5.0,84.0
z_54.0_6.0,2027,4,2027-T4,Stable,86.5,7.7,5.7,86.5
z_54.0_6.0,2028,1,2028-T1,Diminution,80.5,5.0,80.5,14.5
z_54.0_6.0,2028,2,2028-T2,Stable,87.1,8.1,4.8,87.1
z_54.0_6.0,2028,3,2028-T3,Stable,88.8,7.0,4.2,88.8
z_54.0_6.0,2028,4,2028-T4,Stable,84.1,10.9,5.0,84.1
z_54.0_6.0,2029,1,2029-T1,Diminution,80.2,5.4,80.2,14.4
z_54.0_6.0,2029,2,2029-T2,Stable,89.7,5.7,4.6,89.7
z_54.0_6.0,2029,3,2029-T3,Stable,86.3,9.2,4.4,86.3
z_54.0_6.0,2029,4,2029-T4,Stable,85.1,11.1,3.8,85.1
z_54.0_6.0,2030,1,2030-T1,Diminution,79.6,5.2,79.6,15.1
z_54.0_6.0,2030,2,2030-T2,Stable,87.3,8.0,4.7,87.3
z_54.0_6.0,2030,3,2030-T3,Stable,87.0,9.1,3.9,87.0
z_54.0_6.0,2030,4,2030-T4,Stable,85.1,11.1,3.8,85.1
z_54.0_7.5,2023,1,2023-T1,Augmentation,74.5,74.5,19.6,5.9
z_54.0_7.5,2023,2,2023-T2,Augmentation,67.6,67.6,26.8,5.6
z_54.0_7.5,2023,3,2023-T3,Augmentation,59.1,59.1,35.9,5.0
z_54.0_7.5,2023,4,2023-T4,Augmentation,65.7,65.7,28.8,5.5
z_54.0_7.5,2024,1,2024-T1,Augmentation,61.5,61.5,32.0,6.5
z_54.0_7.5,2024,2,2024-T2,Augmentation,61.2,61.2,33.6,5.2
z_54.0_7.5,2024,3,2024-T3,Augmentation,62.4,62.4,32.9,4.7
z_54.0_7.5,2024,4,2024-T4,Augmentation,70.0,70.0,24.5,5.5
z_54.0_7.5,2025,1,2025-T1,Augmentation,64.7,64.7,28.9,6.5
z_54.0_7.5,2025,2,2025-T2,Augmentation,63.1,63.1,32.3,4.6
z_54.0_7.5,2025,3,2025-T3,Augmentation,66.2,66.2,29.2,4.6
z_54.0_7.5,2025,4,2025-T4,Augmentation,66.8,66.8,28.6,4.7
z_54.0_7.5,2026,1,2026-T1,Augmentation,66.2,66.2,28.2,5.6
z_54.0_7.5,2026,2,2026-T2,Augmentation,58.5,58.5,35.4,6.1
z_54.0_7.5,2026,3,2026-T3,Augmentation,62.3,62.3,33.0,4.7
z_54.0_7.5,2026,4,2026-T4,Augmentation,65.5,65.5,29.2,5.3
z_54.0_7.5,2027,1,2027-T1,Augmentation,63.4,63.4,31.6,5.1
z_54.0_7.5,2027,2,2027-T2,Augmentation,57.0,57.0,37.2,5.8
z_54.0_7.5,2027,3,2027-T3,Augmentation,58.4,58.4,36.3,5.3
z_54.0_7.5,2027,4,2027-T4,Augmentation,62.1,62.1,31.4,6.5
z_54.0_7.5,2028,1,2028-T1,Augmentation,59.4,59.4,34.8,5.8
z_54.0_7.5,2028,2,2028-T2,Augmentation,58.2,58.2,36.7,5.1
z_54.0_7.5,2028,3,2028-T3,Augmentation,58.3,58.3,36.8,4.9
z_54.0_7.5,2028,4,2028-T4,Augmentation,64.5,64.5,30.5,5.0
z_54.0_7.5,2029,1,2029-T1,Augmentation,59.9,59.9,34.2,5.8
z_54.0_7.5,2029,2,2029-T2,Augmentation,57.2,57.2,37.8,5.0
z_54.0_7.5,2029,3,2029-T3,Augmentation,60.3,60.3,35.1,4.6
z_54.0_7.5,2029,4,2029-T4,Augmentation,62.3,62.3,32.3,5.4
z_54.0_7.5,2030,1,2030-T1,Augmentation,60.9,60.9,33.3,5.8
z_54.0_7.5,2030,2,2030-T2,Augmentation,58.2,58.2,36.5,5.3
z_54.0_7.5,2030,3,2030-T3,Augmentation,60.6,60.6,34.5,4.9
z_54.0_7.5,2030,4,2030-T4,Augmentation,63.3,63.3,31.4,5.3
z_54.0_9.0,2023,1,2023-T1,Augmentation,74.6,74.6,19.7,5.7
z_54.0_9.0,2023,2,2023-T2,Augmentation,74.3,74.3,21.3,4.4
z_54.0_9.0,2023,3,2023-T3,Augmentation,76.3,76.3,19.4,4.3
z_54.0_9.0,2023,4,2023-T4,Augmentation,75.6,75.6,20.1,4.4
z_54.0_9.0,2024,1,2024-T1,Augmentation,68.1,68.1,25.7,6.2
z_54.0_9.0,2024,2,2024-T2,Augmentation,79.7,79.7,16.6,3.7
z_54.0_9.0,2024,3,2024-T3,Augmentation,67.5,67.5,27.8,4.7
z_54.0_9.0,2024,4,2024-T4,Augmentation,74.5,74.5,21.1,4.4
z_54.0_9.0,2025,1,2025-T1,Augmentation,63.1,63.1,31.4,5.5
z_54.0_9.0,2025,2,2025-T2,Augmentation,71.5,71.5,24.3,4.3
z_54.0_9.0,2025,3,2025-T3,Augmentation,70.5,70.5,24.6,4.9
z_54.0_9.0,2025,4,2025-T4,Augmentation,67.3,67.3,27.8,4.9
z_54.0_9.0,2026,1,2026-T1,Diminution,62.1,30.9,62.1,7.0
z_54.0_9.0,2026,2,2026-T2,Augmentation,62.2,62.2,31.1,6.7
z_54.0_9.0,2026,3,2026-T3,Augmentation,53.9,53.9,40.3,5.8
z_54.0_9.0,2026,4,2026-T4,Augmentation,73.9,73.9,20.4,5.7
z_54.0_9.0,2027,1,2027-T1,Augmentation,68.7,68.7,25.4,5.9
z_54.0_9.0,2027,2,2027-T2,Augmentation,74.9,74.9,21.4,3.7
z_54.0_9.0,2027,3,2027-T3,Augmentation,73.3,73.3,23.1,3.6
z_54.0_9.0,2027,4,2027-T4,Augmentation,73.3,73.3,22.2,4.5
z_54.0_9.0,2028,1,2028-T1,Augmentation,67.8,67.8,27.6,4.6
z_54.0_9.0,2028,2,2028-T2,Augmentation,78.7,78.7,18.0,3.3
z_54.0_9.0,2028,3,2028-T3,Augmentation,71.9,71.9,24.2,3.9
z_54.0_9.0,2028,4,2028-T4,Augmentation,74.1,74.1,21.7,4.3
z_54.0_9.0,2029,1,2029-T1,Augmentation,66.3,66.3,29.1,4.6
z_54.0_9.0,2029,2,2029-T2,Augmentation,71.7,71.7,24.4,4.0
z_54.0_9.0,2029,3,2029-T3,Augmentation,76.3,76.3,20.2,3.5
z_54.0_9.0,2029,4,2029-T4,Augmentation,72.4,72.4,23.2,4.4
z_54.0_9.0,2030,1,2030-T1,Augmentation,68.7,68.7,26.6,4.7
z_54.0_9.0,2030,2,2030-T2,Augmentation,74.9,74.9,20.9,4.2
z_54.0_9.0,2030,3,2030-T3,Augmentation,75.0,75.0,21.0,4.0
z_54.0_9.0,2030,4,2030-T4,Augmentation,73.6,73.6,21.8,4.6
z_55.5_-10.5,2023,1,2023-T1,Stable,96.4,0.6,3.0,96.4
z_55.5_-10.5,2023,2,2023-T2,Stable,97.1,0.4,2.5,97.1
z_55.5_-10.5,2023,3,2023-T3,Stable,95.5,1.5,3.1,95.5
z_55.5_-10.5,2023,4,2023-T4,Stable,97.9,0.3,1.8,97.9
z_55.5_-10.5,2024,1,2024-T1,Stable,93.0,3.1,3.9,93.0
z_55.5_-10.5,2024,2,2024-T2,Stable,97.9,0.2,1.8,97.9
z_55.5_-10.5,2024,3,2024-T3,Stable,96.6,0.9,2.5,96.6
z_55.5_-10.5,2024,4,2024-T4,Stable,97.0,0.4,2.6,97.0
z_55.5_-10.5,2025,1,2025-T1,Stable,95.7,1.0,3.3,95.7
z_55.5_-10.5,2025,2,2025-T2,Stable,97.9,0.2,1.8,97.9
z_55.5_-10.5,2025,3,2025-T3,Stable,97.2,0.8,2.0,97.2
z_55.5_-10.5,2025,4,2025-T4,Stable,97.0,0.4,2.6,97.0
z_55.5_-10.5,2026,1,2026-T1,Stable,95.4,1.2,3.4,95.4
z_55.5_-10.5,2026,2,2026-T2,Stable,97.9,0.2,1.8,97.9
z_55.5_-10.5,2026,3,2026-T3,Stable,97.1,0.8,2.1,97.1
z_55.5_-10.5,2026,4,2026-T4,Stable,97.0,0.4,2.6,97.0
z_55.5_-10.5,2027,1,2027-T1,Stable,96.2,0.5,3.3,96.2
z_55.5_-10.5,2027,2,2027-T2,Stable,97.9,0.2,1.8,97.9
z_55.5_-10.5,2027,3,2027-T3,Stable,97.2,0.7,2.1,97.2
z_55.5_-10.5,2027,4,2027-T4,Stable,97.0,0.4,2.6,97.0
z_55.5_-10.5,2028,1,2028-T1,Stable,95.1,1.4,3.5,95.1
z_55.5_-10.5,2028,2,2028-T2,Stable,97.9,0.2,1.8,97.9
z_55.5_-10.5,2028,3,2028-T3,Stable,97.2,0.7,2.1,97.2
z_55.5_-10.5,2028,4,2028-T4,Stable,97.0,0.4,2.6,97.0
z_55.5_-10.5,2029,1,2029-T1,Stable,96.4,0.6,3.0,96.4
z_55.5_-10.5,2029,2,2029-T2,Stable,97.9,0.2,1.8,97.9
z_55.5_-10.5,2029,3,2029-T3,Stable,97.2,0.7,2.1,97.2
z_55.5_-10.5,2029,4,2029-T4,Stable,97.0,0.4,2.6,97.0
z_55.5_-10.5,2030,1,2030-T1,Stable,96.4,0.6,3.0,96.4
z_55.5_-10.5,2030,2,2030-T2,Stable,97.9,0.2,1.8,97.9
z_55.5_-10.5,2030,3,2030-T3,Stable,97.2,0.7,2.1,97.2
z_55.5_-10.5,2030,4,2030-T4,Stable,97.0,0.4,2.6,97.0
z_55.5_-15.0,2023,1,2023-T1,Stable,92.8,3.9,3.3,92.8
z_55.5_-15.0,2023,2,2023-T2,Stable,95.4,2.1,2.5,95.4
z_55.5_-15.0,2023,3,2023-T3,Stable,94.1,2.8,3.1,94.1
z_55.5_-15.0,2023,4,2023-T4,Stable,93.8,3.3,2.9,93.8
z_55.5_-15.0,2024,1,2024-T1,Stable,88.3,7.1,4.6,88.3
z_55.5_-15.0,2024,2,2024-T2,Stable,93.3,3.6,3.1,93.3
z_55.5_-15.0,2024,3,2024-T3,Stable,95.8,2.1,2.2,95.8
z_55.5_-15.0,2024,4,2024-T4,Stable,88.9,7.9,3.1,88.9
z_55.5_-15.0,2025,1,2025-T1,Stable,93.2,3.4,3.3,93.2
z_55.5_-15.0,2025,2,2025-T2,Stable,95.4,2.1,2.5,95.4
z_55.5_-15.0,2025,3,2025-T3,Stable,94.1,2.8,3.1,94.1
z_55.5_-15.0,2025,4,2025-T4,Stable,93.5,3.7,2.8,93.5
z_55.5_-15.0,2026,1,2026-T1,Stable,92.4,3.9,3.7,92.4
z_55.5_-15.0,2026,2,2026-T2,Stable,95.4,2.1,2.5,95.4
z_55.5_-15.0,2026,3,2026-T3,Stable,94.1,2.8,3.1,94.1
z_55.5_-15.0,2026,4,2026-T4,Stable,93.0,3.8,3.3,93.0
z_55.5_-15.0,2027,1,2027-T1,Stable,93.2,3.6,3.3,93.2
z_55.5_-15.0,2027,2,2027-T2,Stable,95.4,2.1,2.5,95.4
z_55.5_-15.0,2027,3,2027-T3,Stable,94.1,2.8,3.1,94.1
z_55.5_-15.0,2027,4,2027-T4,Stable,93.7,3.3,3.0,93.7
z_55.5_-15.0,2028,1,2028-T1,Stable,93.2,3.6,3.3,93.2
z_55.5_-15.0,2028,2,2028-T2,Stable,95.4,2.1,2.5,95.4
z_55.5_-15.0,2028,3,2028-T3,Stable,94.1,2.8,3.1,94.1
z_55.5_-15.0,2028,4,2028-T4,Stable,93.2,3.5,3.4,93.2
z_55.5_-15.0,2029,1,2029-T1,Stable,93.2,3.6,3.3,93.2
z_55.5_-15.0,2029,2,2029-T2,Stable,95.4,2.1,2.5,95.4
z_55.5_-15.0,2029,3,2029-T3,Stable,94.1,2.8,3.1,94.1
z_55.5_-15.0,2029,4,2029-T4,Stable,93.8,3.3,2.9,93.8
z_55.5_-15.0,2030,1,2030-T1,Stable,93.2,3.6,3.3,93.2
z_55.5_-15.0,2030,2,2030-T2,Stable,95.4,2.1,2.5,95.4
z_55.5_-15.0,2030,3,2030-T3,Stable,94.1,2.8,3.1,94.1
z_55.5_-15.0,2030,4,2030-T4,Stable,93.8,3.3,2.9,93.8
z_55.5_-3.0,2023,1,2023-T1,Stable,63.1,21.4,15.5,63.1
z_55.5_-3.0,2023,2,2023-T2,Diminution,84.6,3.1,84.6,12.3
z_55.5_-3.0,2023,3,2023-T3,Diminution,77.1,5.0,77.1,17.9
z_55.5_-3.0,2023,4,2023-T4,Diminution,78.1,6.2,78.1,15.7
z_55.5_-3.0,2024,1,2024-T1,Stable,67.3,25.1,7.6,67.3
z_55.5_-3.0,2024,2,2024-T2,Diminution,83.0,2.2,83.0,14.8
z_55.5_-3.0,2024,3,2024-T3,Diminution,83.1,2.8,83.1,14.2
z_55.5_-3.0,2024,4,2024-T4,Diminution,82.6,3.0,82.6,14.4
z_55.5_-3.0,2025,1,2025-T1,Stable,66.2,26.5,7.3,66.2
z_55.5_-3.0,2025,2,2025-T2,Diminution,81.7,2.2,81.7,16.1
z_55.5_-3.0,2025,3,2025-T3,Diminution,81.3,3.1,81.3,15.5
z_55.5_-3.0,2025,4,2025-T4,Diminution,78.7,3.7,78.7,17.6
z_55.5_-3.0,2026,1,2026-T1,Stable,70.7,20.9,8.4,70.7
z_55.5_-3.0,2026,2,2026-T2,Diminution,78.5,4.6,78.5,16.9
z_55.5_-3.0,2026,3,2026-T3,Diminution,80.6,4.6,80.6,14.8
z_55.5_-3.0,2026,4,2026-T4,Diminution,78.5,3.6,78.5,17.9
z_55.5_-3.0,2027,1,2027-T1,Stable,62.5,30.1,7.4,62.5
z_55.5_-3.0,2027,2,2027-T2,Diminution,83.0,2.2,83.0,14.8
z_55.5_-3.0,2027,3,2027-T3,Diminution,83.2,3.0,83.2,13.9
z_55.5_-3.0,2027,4,2027-T4,Diminution,80.7,3.4,80.7,15.9
z_55.5_-3.0,2028,1,2028-T1,Stable,62.1,30.9,7.0,62.1
z_55.5_-3.0,2028,2,2028-T2,Diminution,83.0,2.2,83.0,14.8
z_55.5_-3.0,2028,3,2028-T3,Diminution,83.2,3.0,83.2,13.9
z_55.5_-3.0,2028,4,2028-T4,Diminution,81.3,2.9,81.3,15.8
z_55.5_-3.0,2029,1,2029-T1,Stable,67.4,25.2,7.3,67.4
z_55.5_-3.0,2029,2,2029-T2,Diminution,83.0,2.2,83.0,14.8
z_55.5_-3.0,2029,3,2029-T3,Diminution,83.2,3.0,83.2,13.9
z_55.5_-3.0,2029,4,2029-T4,Diminution,82.7,2.6,82.7,14.7
z_55.5_-3.0,2030,1,2030-T1,Stable,66.2,26.5,7.3,66.2
z_55.5_-3.0,2030,2,2030-T2,Diminution,83.0,2.2,83.0,14.8
z_55.5_-3.0,2030,3,2030-T3,Diminution,83.2,3.0,83.2,13.9
z_55.5_-3.0,2030,4,2030-T4,Diminution,83.4,3.0,83.4,13.7
z_55.5_-4.5,2023,1,2023-T1,Diminution,87.1,4.2,87.1,8.8
z_55.5_-4.5,2023,2,2023-T2,Stable,84.9,7.2,7.9,84.9
z_55.5_-4.5,2023,3,2023-T3,Diminution,85.0,2.4,85.0,12.6
z_55.5_-4.5,2023,4,2023-T4,Diminution,76.4,4.1,76.4,19.5
z_55.5_-4.5,2024,1,2024-T1,Diminution,81.0,5.7,81.0,13.3
z_55.5_-4.5,2024,2,2024-T2,Stable,96.9,0.9,2.2,96.9
z_55.5_-4.5,2024,3,2024-T3,Diminution,85.4,1.3,85.4,13.3
z_55.5_-4.5,2024,4,2024-T4,Diminution,82.7,1.7,82.7,15.6
z_55.5_-4.5,2025,1,2025-T1,Diminution,78.3,4.6,78.3,17.2
z_55.5_-4.5,2025,2,2025-T2,Stable,95.6,2.0,2.4,95.6
z_55.5_-4.5,2025,3,2025-T3,Diminution,85.1,2.1,85.1,12.8
z_55.5_-4.5,2025,4,2025-T4,Diminution,84.5,1.5,84.5,13.9
z_55.5_-4.5,2026,1,2026-T1,Diminution,78.9,6.1,78.9,15.0
z_55.5_-4.5,2026,2,2026-T2,Stable,96.8,1.1,2.1,96.8
z_55.5_-4.5,2026,3,2026-T3,Diminution,82.7,1.1,82.7,16.2
z_55.5_-4.5,2026,4,2026-T4,Diminution,83.8,1.7,83.8,14.5
z_55.5_-4.5,2027,1,2027-T1,Diminution,80.6,5.3,80.6,14.0
z_55.5_-4.5,2027,2,2027-T2,Stable,96.8,1.1,2.1,96.8
z_55.5_-4.5,2027,3,2027-T3,Diminution,83.9,1.7,83.9,14.4
z_55.5_-4.5,2027,4,2027-T4,Diminution,83.4,1.5,83.4,15.1
z_55.5_-4.5,2028,1,2028-T1,Diminution,80.7,5.8,80.7,13.5
z_55.5_-4.5,2028,2,2028-T2,Stable,96.8,1.1,2.1,96.8
z_55.5_-4.5,2028,3,2028-T3,Diminution,85.1,1.1,85.1,13.8
z_55.5_-4.5,2028,4,2028-T4,Diminution,83.4,1.5,83.4,15.1
z_55.5_-4.5,2029,1,2029-T1,Diminution,79.9,5.9,79.9,14.2
z_55.5_-4.5,2029,2,2029-T2,Stable,96.8,1.1,2.1,96.8
z_55.5_-4.5,2029,3,2029-T3,Diminution,84.9,1.5,84.9,13.6
z_55.5_-4.5,2029,4,2029-T4,Diminution,83.4,1.5,83.4,15.1
z_55.5_-4.5,2030,1,2030-T1,Diminution,79.9,5.9,79.9,14.2
z_55.5_-4.5,2030,2,2030-T2,Stable,96.8,1.1,2.1,96.8
z_55.5_-4.5,2030,3,2030-T3,Diminution,85.1,1.2,85.1,13.7
z_55.5_-4.5,2030,4,2030-T4,Diminution,83.4,1.5,83.4,15.1
z_55.5_-6.0,2023,1,2023-T1,Diminution,92.9,2.6,92.9,4.5
z_55.5_-6.0,2023,2,2023-T2,Diminution,92.3,2.1,92.3,5.6
z_55.5_-6.0,2023,3,2023-T3,Diminution,89.4,2.9,89.4,7.7
z_55.5_-6.0,2023,4,2023-T4,Diminution,91.0,2.6,91.0,6.5
z_55.5_-6.0,2024,1,2024-T1,Diminution,87.8,3.7,87.8,8.5
z_55.5_-6.0,2024,2,2024-T2,Diminution,85.2,4.1,85.2,10.6
z_55.5_-6.0,2024,3,2024-T3,Diminution,86.1,3.4,86.1,10.6
z_55.5_-6.0,2024,4,2024-T4,Diminution,81.3,3.8,81.3,14.9
z_55.5_-6.0,2025,1,2025-T1,Diminution,75.9,6.3,75.9,17.8
z_55.5_-6.0,2025,2,2025-T2,Diminution,78.8,4.7,78.8,16.5
z_55.5_-6.0,2025,3,2025-T3,Diminution,77.2,5.7,77.2,17.1
z_55.5_-6.0,2025,4,2025-T4,Diminution,75.2,5.6,75.2,19.1
z_55.5_-6.0,2026,1,2026-T1,Diminution,76.9,6.4,76.9,16.7
z_55.5_-6.0,2026,2,2026-T2,Diminution,80.2,3.7,80.2,16.1
z_55.5_-6.0,2026,3,2026-T3,Diminution,83.4,4.0,83.4,12.7
z_55.5_-6.0,2026,4,2026-T4,Diminution,82.2,3.9,82.2,13.9
z_55.5_-6.0,2027,1,2027-T1,Diminution,80.6,5.3,80.6,14.1
z_55.5_-6.0,2027,2,2027-T2,Diminution,81.1,3.5,81.1,15.4
z_55.5_-6.0,2027,3,2027-T3,Diminution,83.1,3.9,83.1,13.0
z_55.5_-6.0,2027,4,2027-T4,Diminution,82.2,3.9,82.2,13.9
z_55.5_-6.0,2028,1,2028-T1,Diminution,80.1,5.8,80.1,14.1
z_55.5_-6.0,2028,2,2028-T2,Diminution,81.9,4.1,81.9,13.9
z_55.5_-6.0,2028,3,2028-T3,Diminution,83.1,3.9,83.1,13.0
z_55.5_-6.0,2028,4,2028-T4,Diminution,82.2,3.9,82.2,13.9
z_55.5_-6.0,2029,1,2029-T1,Diminution,80.7,4.8,80.7,14.5
z_55.5_-6.0,2029,2,2029-T2,Diminution,83.2,3.6,83.2,13.2
z_55.5_-6.0,2029,3,2029-T3,Diminution,83.1,3.9,83.1,13.0
z_55.5_-6.0,2029,4,2029-T4,Diminution,82.2,3.9,82.2,13.9
z_55.5_-6.0,2030,1,2030-T1,Diminution,82.2,5.3,82.2,12.5
z_55.5_-6.0,2030,2,2030-T2,Diminution,83.7,3.5,83.7,12.8
z_55.5_-6.0,2030,3,2030-T3,Diminution,83.1,3.9,83.1,13.0
z_55.5_-6.0,2030,4,2030-T4,Diminution,82.2,3.9,82.2,13.9
z_55.5_-7.5,2023,1,2023-T1,Diminution,80.0,5.8,80.0,14.1
z_55.5_-7.5,2023,2,2023-T2,Diminution,83.7,3.1,83.7,13.2
z_55.5_-7.5,2023,3,2023-T3,Diminution,84.6,2.0,84.6,13.4
z_55.5_-7.5,2023,4,2023-T4,Diminution,84.7,1.6,84.7,13.7
z_55.5_-7.5,2024,1,2024-T1,Diminution,80.6,6.2,80.6,13.2
z_55.5_-7.5,2024,2,2024-T2,Diminution,81.1,3.8,81.1,15.1
z_55.5_-7.5,2024,3,2024-T3,Diminution,85.1,1.5,85.1,13.4
z_55.5_-7.5,2024,4,2024-T4,Diminution,84.1,1.7,84.1,14.2
z_55.5_-7.5,2025,1,2025-T1,Diminution,79.2,5.6,79.2,15.2
z_55.5_-7.5,2025,2,2025-T2,Diminution,80.6,4.3,80.6,15.1
z_55.5_-7.5,2025,3,2025-T3,Diminution,84.9,2.1,84.9,13.0
z_55.5_-7.5,2025,4,2025-T4,Diminution,84.0,1.7,84.0,14.3
z_55.5_-7.5,2026,1,2026-T1,Diminution,79.4,6.2,79.4,14.4
z_55.5_-7.5,2026,2,2026-T2,Diminution,84.0,3.0,84.0,12.9
z_55.5_-7.5,2026,3,2026-T3,Diminution,83.2,1.1,83.2,15.6
z_55.5_-7.5,2026,4,2026-T4,Diminution,83.9,1.5,83.9,14.6
z_55.5_-7.5,2027,1,2027-T1,Diminution,79.4,6.2,79.4,14.4
z_55.5_-7.5,2027,2,2027-T2,Diminution,84.0,3.0,84.0,12.9
z_55.5_-7.5,2027,3,2027-T3,Diminution,84.3,1.8,84.3,13.9
z_55.5_-7.5,2027,4,2027-T4,Diminution,83.9,1.5,83.9,14.6
z_55.5_-7.5,2028,1,2028-T1,Diminution,79.4,6.2,79.4,14.4
z_55.5_-7.5,2028,2,2028-T2,Diminution,84.0,3.0,84.0,12.9
z_55.5_-7.5,2028,3,2028-T3,Diminution,85.6,1.2,85.6,13.2
z_55.5_-7.5,2028,4,2028-T4,Diminution,83.9,1.5,83.9,14.6
z_55.5_-7.5,2029,1,2029-T1,Diminution,79.4,6.2,79.4,14.4
z_55.5_-7.5,2029,2,2029-T2,Diminution,84.0,3.0,84.0,12.9
z_55.5_-7.5,2029,3,2029-T3,Diminution,84.9,1.6,84.9,13.5
z_55.5_-7.5,2029,4,2029-T4,Diminution,83.9,1.5,83.9,14.6
z_55.5_-7.5,2030,1,2030-T1,Diminution,79.4,6.2,79.4,14.4
z_55.5_-7.5,2030,2,2030-T2,Diminution,84.0,3.0,84.0,12.9
z_55.5_-7.5,2030,3,2030-T3,Diminution,85.5,1.3,85.5,13.2
z_55.5_-7.5,2030,4,2030-T4,Diminution,83.9,1.5,83.9,14.6
z_55.5_0.0,2023,1,2023-T1,Stable,91.5,3.9,4.7,91.5
z_55.5_0.0,2023,2,2023-T2,Stable,98.5,0.1,1.4,98.5
z_55.5_0.0,2023,3,2023-T3,Diminution,90.3,0.4,90.3,9.2
z_55.5_0.0,2023,4,2023-T4,Diminution,91.0,0.5,91.0,8.5
z_55.5_0.0,2024,1,2024-T1,Stable,90.0,4.4,5.7,90.0
z_55.5_0.0,2024,2,2024-T2,Stable,98.5,0.1,1.4,98.5
z_55.5_0.0,2024,3,2024-T3,Diminution,91.1,0.4,91.1,8.5
z_55.5_0.0,2024,4,2024-T4,Diminution,88.5,0.8,88.5,10.7
z_55.5_0.0,2025,1,2025-T1,Stable,87.9,6.1,6.0,87.9
z_55.5_0.0,2025,2,2025-T2,Stable,86.2,2.0,11.8,86.2
z_55.5_0.0,2025,3,2025-T3,Diminution,89.9,0.6,89.9,9.6
z_55.5_0.0,2025,4,2025-T4,Diminution,90.9,0.5,90.9,8.6
z_55.5_0.0,2026,1,2026-T1,Stable,92.5,3.6,3.9,92.5
z_55.5_0.0,2026,2,2026-T2,Stable,98.5,0.1,1.4,98.5
z_55.5_0.0,2026,3,2026-T3,Diminution,90.0,0.5,90.0,9.5
z_55.5_0.0,2026,4,2026-T4,Diminution,90.9,0.5,90.9,8.6
z_55.5_0.0,2027,1,2027-T1,Stable,92.5,3.6,3.9,92.5
z_55.5_0.0,2027,2,2027-T2,Stable,98.5,0.1,1.4,98.5
z_55.5_0.0,2027,3,2027-T3,Diminution,89.8,0.5,89.8,9.7
z_55.5_0.0,2027,4,2027-T4,Diminution,90.9,0.5,90.9,8.6
z_55.5_0.0,2028,1,2028-T1,Stable,92.5,3.6,3.9,92.5
z_55.5_0.0,2028,2,2028-T2,Stable,98.5,0.1,1.4,98.5
z_55.5_0.0,2028,3,2028-T3,Diminution,90.2,0.3,90.2,9.4
z_55.5_0.0,2028,4,2028-T4,Diminution,90.9,0.5,90.9,8.6
z_55.5_0.0,2029,1,2029-T1,Stable,92.5,3.6,3.9,92.5
z_55.5_0.0,2029,2,2029-T2,Stable,98.5,0.1,1.4,98.5
z_55.5_0.0,2029,3,2029-T3,Diminution,90.9,0.4,90.9,8.7
z_55.5_0.0,2029,4,2029-T4,Diminution,90.9,0.5,90.9,8.6
z_55.5_0.0,2030,1,2030-T1,Stable,92.5,3.6,3.9,92.5
z_55.5_0.0,2030,2,2030-T2,Stable,98.5,0.1,1.4,98.5
z_55.5_0.0,2030,3,2030-T3,Diminution,91.1,0.4,91.1,8.5
z_55.5_0.0,2030,4,2030-T4,Diminution,90.9,0.5,90.9,8.6
z_55.5_1.5,2023,1,2023-T1,Stable,93.0,1.9,5.1,93.0
z_55.5_1.5,2023,2,2023-T2,Stable,90.6,5.6,3.7,90.6
z_55.5_1.5,2023,3,2023-T3,Stable,90.7,6.5,2.9,90.7
z_55.5_1.5,2023,4,2023-T4,Stable,95.4,1.2,3.4,95.4
z_55.5_1.5,2024,1,2024-T1,Stable,94.8,1.8,3.5,94.8
z_55.5_1.5,2024,2,2024-T2,Stable,98.6,0.1,1.2,98.6
z_55.5_1.5,2024,3,2024-T3,Stable,96.5,1.1,2.4,96.5
z_55.5_1.5,2024,4,2024-T4,Stable,96.8,0.6,2.6,96.8
z_55.5_1.5,2025,1,2025-T1,Stable,94.9,1.2,3.9,94.9
z_55.5_1.5,2025,2,2025-T2,Stable,98.6,0.1,1.2,98.6
z_55.5_1.5,2025,3,2025-T3,Stable,96.5,1.1,2.4,96.5
z_55.5_1.5,2025,4,2025-T4,Stable,96.8,0.4,2.8,96.8
z_55.5_1.5,2026,1,2026-T1,Stable,90.2,3.3,6.5,90.2
z_55.5_1.5,2026,2,2026-T2,Stable,95.6,1.1,3.3,95.6
z_55.5_1.5,2026,3,2026-T3,Stable,89.5,3.6,6.9,89.5
z_55.5_1.5,2026,4,2026-T4,Stable,95.1,1.8,3.1,95.1
z_55.5_1.5,2027,1,2027-T1,Stable,96.3,0.9,2.8,96.3
z_55.5_1.5,2027,2,2027-T2,Stable,98.6,0.1,1.2,98.6
z_55.5_1.5,2027,3,2027-T3,Stable,96.5,1.1,2.4,96.5
z_55.5_1.5,2027,4,2027-T4,Stable,93.7,1.3,5.0,93.7
z_55.5_1.5,2028,1,2028-T1,Stable,94.2,1.8,4.0,94.2
z_55.5_1.5,2028,2,2028-T2,Stable,98.6,0.1,1.2,98.6
z_55.5_1.5,2028,3,2028-T3,Stable,96.5,1.1,2.4,96.5
z_55.5_1.5,2028,4,2028-T4,Stable,94.7,0.4,4.8,94.7
z_55.5_1.5,2029,1,2029-T1,Stable,96.3,0.9,2.8,96.3
z_55.5_1.5,2029,2,2029-T2,Stable,98.6,0.1,1.2,98.6
z_55.5_1.5,2029,3,2029-T3,Stable,96.5,1.1,2.4,96.5
z_55.5_1.5,2029,4,2029-T4,Stable,95.2,0.2,4.6,95.2
z_55.5_1.5,2030,1,2030-T1,Stable,96.3,0.9,2.8,96.3
z_55.5_1.5,2030,2,2030-T2,Stable,98.6,0.1,1.2,98.6
z_55.5_1.5,2030,3,2030-T3,Stable,96.5,1.1,2.4,96.5
z_55.5_1.5,2030,4,2030-T4,Stable,95.5,0.4,4.2,95.5
z_55.5_10.5,2023,1,2023-T1,Diminution,55.1,32.6,55.1,12.3
z_55.5_10.5,2023,2,2023-T2,Augmentation,50.8,50.8,37.4,11.8
z_55.5_10.5,2023,3,2023-T3,Augmentation,56.4,56.4,33.8,9.8
z_55.5_10.5,2023,4,2023-T4,Augmentation,54.8,54.8,34.6,10.6
z_55.5_10.5,2024,1,2024-T1,Augmentation,50.4,50.4,38.8,10.8
z_55.5_10.5,2024,2,2024-T2,Augmentation,51.4,51.4,38.7,9.9
z_55.5_10.5,2024,3,2024-T3,Augmentation,41.9,41.9,47.8,10.2
z_55.5_10.5,2024,4,2024-T4,Diminution,54.8,32.4,54.8,12.8
z_55.5_10.5,2025,1,2025-T1,Diminution,52.5,36.2,52.5,11.3
z_55.5_10.5,2025,2,2025-T2,Diminution,67.1,23.5,67.1,9.4
z_55.5_10.5,2025,3,2025-T3,Augmentation,43.8,43.8,45.8,10.4
z_55.5_10.5,2025,4,2025-T4,Diminution,63.3,27.6,63.3,9.1
z_55.5_10.5,2026,1,2026-T1,Diminution,69.5,19.7,69.5,10.8
z_55.5_10.5,2026,2,2026-T2,Diminution,59.1,27.1,59.1,13.7
z_55.5_10.5,2026,3,2026-T3,Diminution,60.1,29.6,60.1,10.3
z_55.5_10.5,2026,4,2026-T4,Diminution,58.8,30.4,58.8,10.8
z_55.5_10.5,2027,1,2027-T1,Diminution,58.3,29.9,58.3,11.8
z_55.5_10.5,2027,2,2027-T2,Diminution,56.7,31.3,56.7,11.9
z_55.5_10.5,2027,3,2027-T3,Diminution,54.0,34.6,54.0,11.4
z_55.5_10.5,2027,4,2027-T4,Diminution,58.2,31.5,58.2,10.3
z_55.5_10.5,2028,1,2028-T1,Diminution,61.1,28.1,61.1,10.8
z_55.5_10.5,2028,2,2028-T2,Diminution,59.2,29.6,59.2,11.1
z_55.5_10.5,2028,3,2028-T3,Diminution,58.4,31.0,58.4,10.5
z_55.5_10.5,2028,4,2028-T4,Diminution,57.1,31.2,57.1,11.8
z_55.5_10.5,2029,1,2029-T1,Diminution,63.6,25.3,63.6,11.1
z_55.5_10.5,2029,2,2029-T2,Diminution,55.3,33.0,55.3,11.7
z_55.5_10.5,2029,3,2029-T3,Diminution,57.8,31.6,57.8,10.6
z_55.5_10.5,2029,4,2029-T4,Diminution,62.2,26.9,62.2,10.9
z_55.5_10.5,2030,1,2030-T1,Diminution,61.6,26.8,61.6,11.6
z_55.5_10.5,2030,2,2030-T2,Diminution,59.3,29.3,59.3,11.4
z_55.5_10.5,2030,3,2030-T3,Diminution,57.8,30.5,57.8,11.7
z_55.5_10.5,2030,4,2030-T4,Diminution,59.3,29.0,59.3,11.7
z_55.5_12.0,2023,1,2023-T1,Augmentation,58.1,58.1,32.4,9.5
z_55.5_12.0,2023,2,2023-T2,Augmentation,70.6,70.6,22.0,7.4
z_55.5_12.0,2023,3,2023-T3,Augmentation,60.1,60.1,32.5,7.4
z_55.5_12.0,2023,4,2023-T4,Augmentation,68.7,68.7,23.1,8.3
z_55.5_12.0,2024,1,2024-T1,Augmentation,70.8,70.8,22.0,7.3
z_55.5_12.0,2024,2,2024-T2,Augmentation,71.3,71.3,22.7,6.0
z_55.5_12.0,2024,3,2024-T3,Augmentation,78.9,78.9,16.1,5.0
z_55.5_12.0,2024,4,2024-T4,Augmentation,82.1,82.1,14.2,3.7
z_55.5_12.0,2025,1,2025-T1,Augmentation,77.8,77.8,16.9,5.4
z_55.5_12.0,2025,2,2025-T2,Augmentation,76.6,76.6,17.1,6.3
z_55.5_12.0,2025,3,2025-T3,Augmentation,80.9,80.9,15.4,3.7
z_55.5_12.0,2025,4,2025-T4,Augmentation,79.8,79.8,15.9,4.3
z_55.5_12.0,2026,1,2026-T1,Augmentation,78.3,78.3,16.9,4.9
z_55.5_12.0,2026,2,2026-T2,Augmentation,78.3,78.3,16.8,4.9
z_55.5_12.0,2026,3,2026-T3,Augmentation,77.4,77.4,18.5,4.0
z_55.5_12.0,2026,4,2026-T4,Augmentation,68.4,68.4,24.6,7.0
z_55.5_12.0,2027,1,2027-T1,Augmentation,79.7,79.7,16.4,3.9
z_55.5_12.0,2027,2,2027-T2,Augmentation,84.0,84.0,12.8,3.3
z_55.5_12.0,2027,3,2027-T3,Augmentation,81.1,81.1,15.5,3.3
z_55.5_12.0,2027,4,2027-T4,Augmentation,78.0,78.0,18.4,3.6
z_55.5_12.0,2028,1,2028-T1,Augmentation,80.4,80.4,15.8,3.8
z_55.5_12.0,2028,2,2028-T2,Augmentation,78.4,78.4,17.3,4.3
z_55.5_12.0,2028,3,2028-T3,Augmentation,81.3,81.3,15.6,3.1
z_55.5_12.0,2028,4,2028-T4,Augmentation,81.8,81.8,15.1,3.2
z_55.5_12.0,2029,1,2029-T1,Augmentation,78.5,78.5,17.8,3.7
z_55.5_12.0,2029,2,2029-T2,Augmentation,81.3,81.3,15.8,2.9
z_55.5_12.0,2029,3,2029-T3,Augmentation,80.7,80.7,16.4,3.0
z_55.5_12.0,2029,4,2029-T4,Augmentation,80.1,80.1,16.6,3.2
z_55.5_12.0,2030,1,2030-T1,Augmentation,77.2,77.2,19.0,3.8
z_55.5_12.0,2030,2,2030-T2,Augmentation,81.4,81.4,15.7,2.9
z_55.5_12.0,2030,3,2030-T3,Augmentation,80.4,80.4,16.6,2.9
z_55.5_12.0,2030,4,2030-T4,Augmentation,78.4,78.4,18.3,3.4
z_55.5_13.5,2023,1,2023-T1,Stable,80.9,14.6,4.5,80.9
z_55.5_13.5,2023,2,2023-T2,Stable,94.8,3.5,1.7,94.8
z_55.5_13.5,2023,3,2023-T3,Stable,90.4,6.5,3.1,90.4
z_55.5_13.5,2023,4,2023-T4,Stable,89.0,7.7,3.3,89.0
z_55.5_13.5,2024,1,2024-T1,Stable,88.7,8.9,2.4,88.7
z_55.5_13.5,2024,2,2024-T2,Stable,92.5,5.5,2.0,92.5
z_55.5_13.5,2024,3,2024-T3,Stable,88.6,6.8,4.6,88.6
z_55.5_13.5,2024,4,2024-T4,Stable,83.1,13.2,3.7,83.1
z_55.5_13.5,2025,1,2025-T1,Stable,81.3,10.5,8.2,81.3
z_55.5_13.5,2025,2,2025-T2,Stable,72.8,23.2,4.1,72.8
z_55.5_13.5,2025,3,2025-T3,Stable,87.7,8.8,3.5,87.7
z_55.5_13.5,2025,4,2025-T4,Stable,91.8,5.6,2.6,91.8
z_55.5_13.5,2026,1,2026-T1,Stable,86.0,11.1,2.9,86.0
z_55.5_13.5,2026,2,2026-T2,Stable,89.8,6.3,3.9,89.8
z_55.5_13.5,2026,3,2026-T3,Stable,87.8,9.9,2.3,87.8
z_55.5_13.5,2026,4,2026-T4,Stable,88.1,9.6,2.3,88.1
z_55.5_13.5,2027,1,2027-T1,Stable,86.0,11.2,2.7,86.0
z_55.5_13.5,2027,2,2027-T2,Stable,88.1,6.3,5.6,88.1
z_55.5_13.5,2027,3,2027-T3,Stable,90.7,7.0,2.3,90.7
z_55.5_13.5,2027,4,2027-T4,Stable,89.9,7.3,2.7,89.9
z_55.5_13.5,2028,1,2028-T1,Stable,86.2,10.6,3.1,86.2
z_55.5_13.5,2028,2,2028-T2,Stable,85.1,10.6,4.3,85.1
z_55.5_13.5,2028,3,2028-T3,Stable,91.6,6.1,2.4,91.6
z_55.5_13.5,2028,4,2028-T4,Stable,89.4,8.3,2.3,89.4
z_55.5_13.5,2029,1,2029-T1,Stable,87.0,10.4,2.5,87.0
z_55.5_13.5,2029,2,2029-T2,Stable,90.7,6.0,3.3,90.7
z_55.5_13.5,2029,3,2029-T3,Stable,91.6,6.1,2.4,91.6
z_55.5_13.5,2029,4,2029-T4,Stable,89.5,8.1,2.4,89.5
z_55.5_13.5,2030,1,2030-T1,Stable,86.9,10.3,2.7,86.9
z_55.5_13.5,2030,2,2030-T2,Stable,93.6,4.5,1.9,93.6
z_55.5_13.5,2030,3,2030-T3,Stable,91.6,6.1,2.4,91.6
z_55.5_13.5,2030,4,2030-T4,Stable,90.8,6.9,2.3,90.8
z_55.5_15.0,2023,1,2023-T1,Augmentation,60.0,60.0,9.3,30.6
z_55.5_15.0,2023,2,2023-T2,Diminution,56.2,28.8,56.2,15.0
z_55.5_15.0,2023,3,2023-T3,Diminution,86.3,4.7,86.3,9.0
z_55.5_15.0,2023,4,2023-T4,Diminution,72.9,13.0,72.9,14.1
z_55.5_15.0,2024,1,2024-T1,Augmentation,61.1,61.1,13.5,25.4
z_55.5_15.0,2024,2,2024-T2,Diminution,57.9,29.9,57.9,12.2
z_55.5_15.0,2024,3,2024-T3,Augmentation,42.5,42.5,38.2,19.3
z_55.5_15.0,2024,4,2024-T4,Augmentation,35.9,35.9,47.8,16.3
z_55.5_15.0,2025,1,2025-T1,Stable,52.2,32.2,15.5,52.2
z_55.5_15.0,2025,2,2025-T2,Diminution,81.2,7.3,81.2,11.6
z_55.5_15.0,2025,3,2025-T3,Diminution,76.2,10.0,76.2,13.7
z_55.5_15.0,2025,4,2025-T4,Diminution,67.8,16.2,67.8,16.0
z_55.5_15.0,2026,1,2026-T1,Augmentation,50.4,50.4,5.3,44.3
z_55.5_15.0,2026,2,2026-T2,Diminution,74.7,12.3,74.7,12.9
z_55.5_15.0,2026,3,2026-T3,Diminution,69.9,13.5,69.9,16.6
z_55.5_15.0,2026,4,2026-T4,Diminution,72.9,10.8,72.9,16.3
z_55.5_15.0,2027,1,2027-T1,Stable,55.7,38.5,5.8,55.7
z_55.5_15.0,2027,2,2027-T2,Diminution,77.9,8.3,77.9,13.8
z_55.5_15.0,2027,3,2027-T3,Diminution,71.8,12.5,71.8,15.7
z_55.5_15.0,2027,4,2027-T4,Diminution,71.2,12.6,71.2,16.1
z_55.5_15.0,2028,1,2028-T1,Stable,52.0,42.1,5.9,52.0
z_55.5_15.0,2028,2,2028-T2,Diminution,75.8,10.7,75.8,13.5
z_55.5_15.0,2028,3,2028-T3,Diminution,73.6,10.7,73.6,15.7
z_55.5_15.0,2028,4,2028-T4,Diminution,72.4,11.1,72.4,16.5
z_55.5_15.0,2029,1,2029-T1,Stable,51.4,43.7,4.9,51.4
z_55.5_15.0,2029,2,2029-T2,Diminution,76.7,8.7,76.7,14.6
z_55.5_15.0,2029,3,2029-T3,Diminution,71.8,11.9,71.8,16.3
z_55.5_15.0,2029,4,2029-T4,Diminution,72.1,11.5,72.1,16.4
z_55.5_15.0,2030,1,2030-T1,Stable,53.8,40.2,6.0,53.8
z_55.5_15.0,2030,2,2030-T2,Diminution,76.0,9.5,76.0,14.5
z_55.5_15.0,2030,3,2030-T3,Diminution,72.8,10.5,72.8,16.7
z_55.5_15.0,2030,4,2030-T4,Diminution,72.1,11.5,72.1,16.3
z_55.5_16.5,2023,1,2023-T1,Diminution,68.2,11.2,68.2,20.6
z_55.5_16.5,2023,2,2023-T2,Stable,76.2,16.4,7.3,76.2
z_55.5_16.5,2023,3,2023-T3,Stable,70.9,23.2,5.9,70.9
z_55.5_16.5,2023,4,2023-T4,Stable,74.7,20.0,5.3,74.7
z_55.5_16.5,2024,1,2024-T1,Diminution,76.8,6.1,76.8,17.1
z_55.5_16.5,2024,2,2024-T2,Stable,91.9,5.7,2.4,91.9
z_55.5_16.5,2024,3,2024-T3,Stable,90.4,6.3,3.3,90.4
z_55.5_16.5,2024,4,2024-T4,Stable,77.4,15.6,7.0,77.4
z_55.5_16.5,2025,1,2025-T1,Diminution,63.9,17.2,63.9,18.8
z_55.5_16.5,2025,2,2025-T2,Stable,80.2,11.7,8.1,80.2
z_55.5_16.5,2025,3,2025-T3,Stable,90.2,7.1,2.7,90.2
z_55.5_16.5,2025,4,2025-T4,Stable,87.6,7.8,4.6,87.6
z_55.5_16.5,2026,1,2026-T1,Diminution,82.0,3.9,82.0,14.2
z_55.5_16.5,2026,2,2026-T2,Stable,91.4,5.0,3.6,91.4
z_55.5_16.5,2026,3,2026-T3,Stable,89.8,5.9,4.3,89.8
z_55.5_16.5,2026,4,2026-T4,Stable,89.8,6.3,3.8,89.8
z_55.5_16.5,2027,1,2027-T1,Diminution,81.1,4.6,81.1,14.3
z_55.5_16.5,2027,2,2027-T2,Stable,90.6,5.6,3.8,90.6
z_55.5_16.5,2027,3,2027-T3,Stable,89.8,4.9,5.3,89.8
z_55.5_16.5,2027,4,2027-T4,Stable,90.9,6.2,2.9,90.9
z_55.5_16.5,2028,1,2028-T1,Diminution,80.4,4.3,80.4,15.3
z_55.5_16.5,2028,2,2028-T2,Stable,91.6,5.2,3.2,91.6
z_55.5_16.5,2028,3,2028-T3,Stable,90.4,4.8,4.8,90.4
z_55.5_16.5,2028,4,2028-T4,Stable,91.3,6.0,2.8,91.3
z_55.5_16.5,2029,1,2029-T1,Diminution,80.4,4.3,80.4,15.3
z_55.5_16.5,2029,2,2029-T2,Stable,92.7,4.9,2.4,92.7
z_55.5_16.5,2029,3,2029-T3,Stable,90.5,5.6,3.9,90.5
z_55.5_16.5,2029,4,2029-T4,Stable,90.2,6.8,3.0,90.2
z_55.5_16.5,2030,1,2030-T1,Diminution,80.4,4.3,80.4,15.3
z_55.5_16.5,2030,2,2030-T2,Stable,93.1,4.8,2.0,93.1
z_55.5_16.5,2030,3,2030-T3,Stable,91.4,6.0,2.6,91.4
z_55.5_16.5,2030,4,2030-T4,Stable,90.5,6.9,2.6,90.5
z_55.5_18.0,2023,1,2023-T1,Stable,87.1,7.6,5.3,87.1
z_55.5_18.0,2023,2,2023-T2,Stable,93.3,1.6,5.1,93.3
z_55.5_18.0,2023,3,2023-T3,Stable,97.5,0.2,2.4,97.5
z_55.5_18.0,2023,4,2023-T4,Stable,91.1,3.0,6.0,91.1
z_55.5_18.0,2024,1,2024-T1,Stable,90.1,4.4,5.5,90.1
z_55.5_18.0,2024,2,2024-T2,Stable,92.4,1.2,6.4,92.4
z_55.5_18.0,2024,3,2024-T3,Stable,87.3,6.5,6.2,87.3
z_55.5_18.0,2024,4,2024-T4,Stable,84.7,9.7,5.6,84.7
z_55.5_18.0,2025,1,2025-T1,Stable,80.4,13.7,6.0,80.4
z_55.5_18.0,2025,2,2025-T2,Stable,94.4,1.6,4.0,94.4
z_55.5_18.0,2025,3,2025-T3,Stable,94.5,1.8,3.7,94.5
z_55.5_18.0,2025,4,2025-T4,Stable,93.5,1.7,4.8,93.5
z_55.5_18.0,2026,1,2026-T1,Stable,91.9,3.4,4.7,91.9
z_55.5_18.0,2026,2,2026-T2,Stable,95.1,0.6,4.3,95.1
z_55.5_18.0,2026,3,2026-T3,Stable,95.8,0.5,3.7,95.8
z_55.5_18.0,2026,4,2026-T4,Stable,95.2,1.5,3.3,95.2
z_55.5_18.0,2027,1,2027-T1,Stable,90.8,4.3,5.0,90.8
z_55.5_18.0,2027,2,2027-T2,Stable,93.1,1.6,5.3,93.1
z_55.5_18.0,2027,3,2027-T3,Stable,95.7,0.3,4.0,95.7
z_55.5_18.0,2027,4,2027-T4,Stable,95.2,1.5,3.3,95.2
z_55.5_18.0,2028,1,2028-T1,Stable,93.2,3.1,3.7,93.2
z_55.5_18.0,2028,2,2028-T2,Stable,96.4,0.4,3.2,96.4
z_55.5_18.0,2028,3,2028-T3,Stable,97.5,0.2,2.3,97.5
z_55.5_18.0,2028,4,2028-T4,Stable,95.2,1.5,3.3,95.2
z_55.5_18.0,2029,1,2029-T1,Stable,90.3,4.5,5.2,90.3
z_55.5_18.0,2029,2,2029-T2,Stable,94.9,0.6,4.5,94.9
z_55.5_18.0,2029,3,2029-T3,Stable,96.1,0.4,3.5,96.1
z_55.5_18.0,2029,4,2029-T4,Stable,95.2,1.5,3.3,95.2
z_55.5_18.0,2030,1,2030-T1,Stable,92.9,3.5,3.6,92.9
z_55.5_18.0,2030,2,2030-T2,Stable,96.3,0.3,3.3,96.3
z_55.5_18.0,2030,3,2030-T3,Stable,97.5,0.2,2.4,97.5
z_55.5_18.0,2030,4,2030-T4,Stable,95.2,1.5,3.3,95.2
z_55.5_19.5,2023,1,2023-T1,Stable,63.4,30.9,5.7,63.4
z_55.5_19.5,2023,2,2023-T2,Stable,55.8,34.2,10.0,55.8
z_55.5_19.5,2023,3,2023-T3,Diminution,79.4,6.5,79.4,14.1
z_55.5_19.5,2023,4,2023-T4,Stable,61.9,19.8,18.2,61.9
z_55.5_19.5,2024,1,2024-T1,Stable,72.5,19.3,8.3,72.5
z_55.5_19.5,2024,2,2024-T2,Stable,66.4,19.4,14.2,66.4
z_55.5_19.5,2024,3,2024-T3,Diminution,80.7,3.9,80.7,15.4
z_55.5_19.5,2024,4,2024-T4,Stable,71.8,21.4,6.8,71.8
z_55.5_19.5,2025,1,2025-T1,Stable,83.9,10.5,5.6,83.9
z_55.5_19.5,2025,2,2025-T2,Stable,68.6,21.3,10.1,68.6
z_55.5_19.5,2025,3,2025-T3,Diminution,74.7,9.7,74.7,15.6
z_55.5_19.5,2025,4,2025-T4,Stable,70.3,23.0,6.7,70.3
z_55.5_19.5,2026,1,2026-T1,Stable,84.9,12.2,2.9,84.9
z_55.5_19.5,2026,2,2026-T2,Stable,67.9,22.7,9.4,67.9
z_55.5_19.5,2026,3,2026-T3,Diminution,85.1,2.5,85.1,12.3
z_55.5_19.5,2026,4,2026-T4,Stable,68.6,21.9,9.5,68.6
z_55.5_19.5,2027,1,2027-T1,Stable,86.9,9.9,3.3,86.9
z_55.5_19.5,2027,2,2027-T2,Stable,73.6,18.9,7.5,73.6
z_55.5_19.5,2027,3,2027-T3,Diminution,85.7,2.6,85.7,11.7
z_55.5_19.5,2027,4,2027-T4,Stable,68.5,22.1,9.3,68.5
z_55.5_19.5,2028,1,2028-T1,Stable,85.9,10.7,3.4,85.9
z_55.5_19.5,2028,2,2028-T2,Stable,72.5,20.4,7.1,72.5
z_55.5_19.5,2028,3,2028-T3,Diminution,85.7,2.6,85.7,11.7
z_55.5_19.5,2028,4,2028-T4,Stable,71.4,20.0,8.7,71.4
z_55.5_19.5,2029,1,2029-T1,Stable,84.9,12.1,3.0,84.9
z_55.5_19.5,2029,2,2029-T2,Stable,74.5,18.0,7.5,74.5
z_55.5_19.5,2029,3,2029-T3,Diminution,85.7,2.6,85.7,11.7
z_55.5_19.5,2029,4,2029-T4,Stable,69.9,21.9,8.2,69.9
z_55.5_19.5,2030,1,2030-T1,Stable,87.4,9.8,2.9,87.4
z_55.5_19.5,2030,2,2030-T2,Stable,74.4,18.2,7.4,74.4
z_55.5_19.5,2030,3,2030-T3,Diminution,85.7,2.6,85.7,11.7
z_55.5_19.5,2030,4,2030-T4,Stable,68.4,24.1,7.5,68.4
z_55.5_21.0,2023,1,2023-T1,Augmentation,84.0,84.0,12.0,4.0
z_55.5_21.0,2023,2,2023-T2,Augmentation,88.9,88.9,7.2,3.9
z_55.5_21.0,2023,3,2023-T3,Augmentation,83.9,83.9,10.5,5.6
z_55.5_21.0,2023,4,2023-T4,Augmentation,64.1,64.1,28.3,7.6
z_55.5_21.0,2024,1,2024-T1,Augmentation,53.7,53.7,35.5,10.8
z_55.5_21.0,2024,2,2024-T2,Augmentation,67.2,67.2,23.7,9.1
z_55.5_21.0,2024,3,2024-T3,Diminution,54.0,35.4,54.0,10.6
z_55.5_21.0,2024,4,2024-T4,Augmentation,43.6,43.6,42.9,13.5
z_55.5_21.0,2025,1,2025-T1,Augmentation,44.5,44.5,42.7,12.7
z_55.5_21.0,2025,2,2025-T2,Augmentation,47.1,47.1,42.0,10.9
z_55.5_21.0,2025,3,2025-T3,Augmentation,60.0,60.0,27.3,12.7
z_55.5_21.0,2025,4,2025-T4,Diminution,57.4,32.5,57.4,10.1
z_55.5_21.0,2026,1,2026-T1,Diminution,80.5,10.8,80.5,8.7
z_55.5_21.0,2026,2,2026-T2,Augmentation,36.9,36.9,47.9,15.2
z_55.5_21.0,2026,3,2026-T3,Augmentation,41.1,41.1,46.8,12.1
z_55.5_21.0,2026,4,2026-T4,Augmentation,57.7,57.7,32.4,10.0
z_55.5_21.0,2027,1,2027-T1,Augmentation,49.5,49.5,37.9,12.6
z_55.5_21.0,2027,2,2027-T2,Augmentation,75.0,75.0,16.8,8.2
z_55.5_21.0,2027,3,2027-T3,Augmentation,73.5,73.5,18.4,8.0
z_55.5_21.0,2027,4,2027-T4,Augmentation,66.9,66.9,24.8,8.3
z_55.5_21.0,2028,1,2028-T1,Augmentation,64.8,64.8,26.0,9.2
z_55.5_21.0,2028,2,2028-T2,Augmentation,79.1,79.1,13.5,7.4
z_55.5_21.0,2028,3,2028-T3,Augmentation,77.3,77.3,15.3,7.4
z_55.5_21.0,2028,4,2028-T4,Augmentation,67.8,67.8,24.2,8.0
z_55.5_21.0,2029,1,2029-T1,Augmentation,67.1,67.1,25.1,7.8
z_55.5_21.0,2029,2,2029-T2,Augmentation,78.0,78.0,13.8,8.2
z_55.5_21.0,2029,3,2029-T3,Augmentation,76.3,76.3,16.4,7.3
z_55.5_21.0,2029,4,2029-T4,Augmentation,71.4,71.4,22.0,6.6
z_55.5_21.0,2030,1,2030-T1,Augmentation,75.0,75.0,18.9,6.1
z_55.5_21.0,2030,2,2030-T2,Augmentation,83.8,83.8,11.4,4.8
z_55.5_21.0,2030,3,2030-T3,Augmentation,83.0,83.0,12.0,5.0
z_55.5_21.0,2030,4,2030-T4,Augmentation,81.5,81.5,13.9,4.6
z_55.5_3.0,2023,1,2023-T1,Stable,90.2,4.5,5.4,90.2
z_55.5_3.0,2023,2,2023-T2,Stable,92.4,1.8,5.8,92.4
z_55.5_3.0,2023,3,2023-T3,Stable,96.0,0.5,3.5,96.0
z_55.5_3.0,2023,4,2023-T4,Diminution,86.8,2.2,86.8,11.0
z_55.5_3.0,2024,1,2024-T1,Stable,86.5,4.7,8.8,86.5
z_55.5_3.0,2024,2,2024-T2,Stable,93.3,2.0,4.7,93.3
z_55.5_3.0,2024,3,2024-T3,Stable,94.3,1.4,4.3,94.3
z_55.5_3.0,2024,4,2024-T4,Diminution,88.1,1.4,88.1,10.5
z_55.5_3.0,2025,1,2025-T1,Stable,90.4,3.8,5.8,90.4
z_55.5_3.0,2025,2,2025-T2,Stable,94.9,1.1,4.0,94.9
z_55.5_3.0,2025,3,2025-T3,Stable,94.3,1.4,4.3,94.3
z_55.5_3.0,2025,4,2025-T4,Diminution,88.6,1.7,88.6,9.7
z_55.5_3.0,2026,1,2026-T1,Stable,90.1,4.4,5.6,90.1
z_55.5_3.0,2026,2,2026-T2,Stable,96.0,0.7,3.4,96.0
z_55.5_3.0,2026,3,2026-T3,Stable,94.5,0.8,4.7,94.5
z_55.5_3.0,2026,4,2026-T4,Diminution,87.0,2.2,87.0,10.8
z_55.5_3.0,2027,1,2027-T1,Stable,90.2,4.5,5.3,90.2
z_55.5_3.0,2027,2,2027-T2,Stable,94.2,1.2,4.6,94.2
z_55.5_3.0,2027,3,2027-T3,Stable,93.8,0.6,5.6,93.8
z_55.5_3.0,2027,4,2027-T4,Diminution,86.7,2.2,86.7,11.1
z_55.5_3.0,2028,1,2028-T1,Stable,93.0,3.5,3.5,93.0
z_55.5_3.0,2028,2,2028-T2,Stable,95.8,0.8,3.4,95.8
z_55.5_3.0,2028,3,2028-T3,Stable,96.0,0.5,3.5,96.0
z_55.5_3.0,2028,4,2028-T4,Diminution,87.6,2.0,87.6,10.4
z_55.5_3.0,2029,1,2029-T1,Stable,93.0,3.5,3.5,93.0
z_55.5_3.0,2029,2,2029-T2,Stable,95.8,0.8,3.4,95.8
z_55.5_3.0,2029,3,2029-T3,Stable,93.9,0.9,5.2,93.9
z_55.5_3.0,2029,4,2029-T4,Diminution,86.8,2.3,86.8,10.9
z_55.5_3.0,2030,1,2030-T1,Stable,93.0,3.5,3.5,93.0
z_55.5_3.0,2030,2,2030-T2,Stable,95.8,0.8,3.4,95.8
z_55.5_3.0,2030,3,2030-T3,Stable,95.9,0.5,3.6,95.9
z_55.5_3.0,2030,4,2030-T4,Diminution,86.8,2.3,86.8,10.9
z_55.5_4.5,2023,1,2023-T1,Stable,85.5,11.1,3.4,85.5
z_55.5_4.5,2023,2,2023-T2,Diminution,86.5,1.0,86.5,12.5
z_55.5_4.5,2023,3,2023-T3,Stable,90.6,6.2,3.2,90.6
z_55.5_4.5,2023,4,2023-T4,Stable,91.3,5.7,2.9,91.3
z_55.5_4.5,2024,1,2024-T1,Stable,82.7,13.2,4.1,82.7
z_55.5_4.5,2024,2,2024-T2,Diminution,82.4,1.5,82.4,16.1
z_55.5_4.5,2024,3,2024-T3,Stable,87.2,9.9,3.0,87.2
z_55.5_4.5,2024,4,2024-T4,Stable,93.9,4.1,2.0,93.9
z_55.5_4.5,2025,1,2025-T1,Stable,86.4,9.9,3.8,86.4
z_55.5_4.5,2025,2,2025-T2,Diminution,87.8,0.7,87.8,11.5
z_55.5_4.5,2025,3,2025-T3,Stable,91.5,5.0,3.6,91.5
z_55.5_4.5,2025,4,2025-T4,Stable,90.7,6.2,3.1,90.7
z_55.5_4.5,2026,1,2026-T1,Stable,88.8,8.9,2.3,88.8
z_55.5_4.5,2026,2,2026-T2,Diminution,87.7,1.0,87.7,11.3
z_55.5_4.5,2026,3,2026-T3,Stable,92.0,5.3,2.7,92.0
z_55.5_4.5,2026,4,2026-T4,Stable,91.9,5.8,2.3,91.9
z_55.5_4.5,2027,1,2027-T1,Stable,86.6,9.9,3.5,86.6
z_55.5_4.5,2027,2,2027-T2,Diminution,88.6,0.5,88.6,10.9
z_55.5_4.5,2027,3,2027-T3,Stable,91.9,5.6,2.6,91.9
z_55.5_4.5,2027,4,2027-T4,Stable,91.9,5.8,2.3,91.9
z_55.5_4.5,2028,1,2028-T1,Stable,87.0,9.6,3.4,87.0
z_55.5_4.5,2028,2,2028-T2,Diminution,87.9,0.7,87.9,11.4
z_55.5_4.5,2028,3,2028-T3,Stable,92.8,4.4,2.8,92.8
z_55.5_4.5,2028,4,2028-T4,Stable,91.9,5.8,2.3,91.9
z_55.5_4.5,2029,1,2029-T1,Stable,87.1,9.8,3.1,87.1
z_55.5_4.5,2029,2,2029-T2,Diminution,88.0,0.7,88.0,11.4
z_55.5_4.5,2029,3,2029-T3,Stable,92.5,5.1,2.5,92.5
z_55.5_4.5,2029,4,2029-T4,Stable,91.9,5.8,2.3,91.9
z_55.5_4.5,2030,1,2030-T1,Stable,87.1,10.1,2.8,87.1
z_55.5_4.5,2030,2,2030-T2,Diminution,87.8,0.7,87.8,11.5
z_55.5_4.5,2030,3,2030-T3,Stable,92.5,5.1,2.5,92.5
z_55.5_4.5,2030,4,2030-T4,Stable,91.9,5.8,2.3,91.9
z_55.5_6.0,2023,1,2023-T1,Stable,69.5,23.7,6.8,69.5
z_55.5_6.0,2023,2,2023-T2,Stable,55.1,39.3,5.6,55.1
z_55.5_6.0,2023,3,2023-T3,Stable,55.6,34.4,10.0,55.6
z_55.5_6.0,2023,4,2023-T4,Stable,61.2,31.2,7.6,61.2
z_55.5_6.0,2024,1,2024-T1,Stable,55.5,39.1,5.3,55.5
z_55.5_6.0,2024,2,2024-T2,Stable,73.1,16.7,10.1,73.1
z_55.5_6.0,2024,3,2024-T3,Stable,69.1,19.9,11.0,69.1
z_55.5_6.0,2024,4,2024-T4,Stable,79.9,13.4,6.8,79.9
z_55.5_6.0,2025,1,2025-T1,Stable,58.4,33.6,8.0,58.4
z_55.5_6.0,2025,2,2025-T2,Stable,68.9,26.1,5.0,68.9
z_55.5_6.0,2025,3,2025-T3,Augmentation,47.7,47.7,5.3,47.1
z_55.5_6.0,2025,4,2025-T4,Stable,67.7,27.6,4.6,67.7
z_55.5_6.0,2026,1,2026-T1,Stable,62.2,31.2,6.5,62.2
z_55.5_6.0,2026,2,2026-T2,Stable,74.9,19.3,5.8,74.9
z_55.5_6.0,2026,3,2026-T3,Stable,68.2,22.7,9.1,68.2
z_55.5_6.0,2026,4,2026-T4,Stable,59.9,35.6,4.5,59.9
z_55.5_6.0,2027,1,2027-T1,Stable,54.1,41.2,4.7,54.1
z_55.5_6.0,2027,2,2027-T2,Stable,64.8,30.8,4.3,64.8
z_55.5_6.0,2027,3,2027-T3,Stable,57.2,37.8,5.0,57.2
z_55.5_6.0,2027,4,2027-T4,Stable,62.5,34.1,3.4,62.5
z_55.5_6.0,2028,1,2028-T1,Stable,53.5,42.3,4.1,53.5
z_55.5_6.0,2028,2,2028-T2,Stable,66.5,29.2,4.3,66.5
z_55.5_6.0,2028,3,2028-T3,Stable,56.6,37.8,5.6,56.6
z_55.5_6.0,2028,4,2028-T4,Stable,60.9,34.7,4.4,60.9
z_55.5_6.0,2029,1,2029-T1,Stable,58.7,37.0,4.2,58.7
z_55.5_6.0,2029,2,2029-T2,Stable,67.9,27.6,4.6,67.9
z_55.5_6.0,2029,3,2029-T3,Stable,55.3,39.3,5.5,55.3
z_55.5_6.0,2029,4,2029-T4,Stable,61.9,34.0,4.1,61.9
z_55.5_6.0,2030,1,2030-T1,Stable,60.0,35.8,4.2,60.0
z_55.5_6.0,2030,2,2030-T2,Stable,68.8,26.7,4.5,68.8
z_55.5_6.0,2030,3,2030-T3,Stable,56.0,38.5,5.6,56.0
z_55.5_6.0,2030,4,2030-T4,Stable,62.8,32.7,4.5,62.8
z_55.5_7.5,2023,1,2023-T1,Augmentation,58.7,58.7,28.1,13.3
z_55.5_7.5,2023,2,2023-T2,Augmentation,75.7,75.7,6.4,17.9
z_55.5_7.5,2023,3,2023-T3,Augmentation,47.6,47.6,39.5,12.9
z_55.5_7.5,2023,4,2023-T4,Augmentation,43.1,43.1,41.3,15.5
z_55.5_7.5,2024,1,2024-T1,Augmentation,40.8,40.8,41.3,17.9
z_55.5_7.5,2024,2,2024-T2,Augmentation,75.0,75.0,8.1,16.9
z_55.5_7.5,2024,3,2024-T3,Augmentation,63.3,63.3,27.1,9.6
z_55.5_7.5,2024,4,2024-T4,Augmentation,77.4,77.4,13.8,8.7
z_55.5_7.5,2025,1,2025-T1,Augmentation,67.5,67.5,19.4,13.1
z_55.5_7.5,2025,2,2025-T2,Augmentation,72.2,72.2,7.6,20.2
z_55.5_7.5,2025,3,2025-T3,Augmentation,39.4,39.4,46.5,14.1
z_55.5_7.5,2025,4,2025-T4,Augmentation,42.4,42.4,40.5,17.1
z_55.5_7.5,2026,1,2026-T1,Diminution,56.3,28.7,56.3,15.0
z_55.5_7.5,2026,2,2026-T2,Augmentation,59.3,59.3,14.2,26.5
z_55.5_7.5,2026,3,2026-T3,Augmentation,38.1,38.1,48.2,13.7
z_55.5_7.5,2026,4,2026-T4,Augmentation,40.8,40.8,44.0,15.3
z_55.5_7.5,2027,1,2027-T1,Augmentation,42.2,42.2,42.1,15.7
z_55.5_7.5,2027,2,2027-T2,Augmentation,71.5,71.5,7.9,20.6
z_55.5_7.5,2027,3,2027-T3,Augmentation,45.5,45.5,42.0,12.6
z_55.5_7.5,2027,4,2027-T4,Augmentation,44.1,44.1,41.4,14.6
z_55.5_7.5,2028,1,2028-T1,Augmentation,44.4,44.4,40.7,14.8
z_55.5_7.5,2028,2,2028-T2,Augmentation,75.3,75.3,6.8,17.9
z_55.5_7.5,2028,3,2028-T3,Augmentation,48.5,48.5,39.1,12.4
z_55.5_7.5,2028,4,2028-T4,Augmentation,43.7,43.7,40.1,16.2
z_55.5_7.5,2029,1,2029-T1,Augmentation,40.1,40.1,44.8,15.1
z_55.5_7.5,2029,2,2029-T2,Augmentation,75.0,75.0,7.9,17.1
z_55.5_7.5,2029,3,2029-T3,Augmentation,47.0,47.0,41.2,11.7
z_55.5_7.5,2029,4,2029-T4,Augmentation,41.5,41.5,43.0,15.4
z_55.5_7.5,2030,1,2030-T1,Augmentation,43.2,43.2,41.8,15.0
z_55.5_7.5,2030,2,2030-T2,Augmentation,74.1,74.1,7.4,18.5
z_55.5_7.5,2030,3,2030-T3,Augmentation,46.9,46.9,40.8,12.3
z_55.5_7.5,2030,4,2030-T4,Augmentation,47.0,47.0,38.1,14.9
z_55.5_9.0,2023,1,2023-T1,Augmentation,52.9,52.9,36.4,10.7
z_55.5_9.0,2023,2,2023-T2,Augmentation,64.8,64.8,21.5,13.6
z_55.5_9.0,2023,3,2023-T3,Augmentation,70.3,70.3,20.2,9.5
z_55.5_9.0,2023,4,2023-T4,Augmentation,60.3,60.3,26.6,13.1
z_55.5_9.0,2024,1,2024-T1,Diminution,53.8,31.9,53.8,14.2
z_55.5_9.0,2024,2,2024-T2,Augmentation,35.2,35.2,45.6,19.2
z_55.5_9.0,2024,3,2024-T3,Diminution,55.2,33.4,55.2,11.4
z_55.5_9.0,2024,4,2024-T4,Augmentation,46.8,46.8,41.0,12.3
z_55.5_9.0,2025,1,2025-T1,Augmentation,44.5,44.5,43.5,12.0
z_55.5_9.0,2025,2,2025-T2,Augmentation,40.3,40.3,41.5,18.2
z_55.5_9.0,2025,3,2025-T3,Diminution,68.1,22.4,68.1,9.5
z_55.5_9.0,2025,4,2025-T4,Diminution,52.8,32.0,52.8,15.2
z_55.5_9.0,2026,1,2026-T1,Diminution,64.0,25.2,64.0,10.7
z_55.5_9.0,2026,2,2026-T2,Diminution,57.5,31.5,57.5,11.0
z_55.5_9.0,2026,3,2026-T3,Augmentation,40.4,40.4,46.0,13.6
z_55.5_9.0,2026,4,2026-T4,Augmentation,52.3,52.3,34.4,13.3
z_55.5_9.0,2027,1,2027-T1,Augmentation,54.7,54.7,33.9,11.4
z_55.5_9.0,2027,2,2027-T2,Augmentation,65.0,65.0,23.4,11.7
z_55.5_9.0,2027,3,2027-T3,Augmentation,57.6,57.6,32.6,9.7
z_55.5_9.0,2027,4,2027-T4,Augmentation,61.2,61.2,26.0,12.8
z_55.5_9.0,2028,1,2028-T1,Augmentation,55.1,55.1,34.3,10.6
z_55.5_9.0,2028,2,2028-T2,Augmentation,64.7,64.7,22.9,12.4
z_55.5_9.0,2028,3,2028-T3,Augmentation,63.6,63.6,26.3,10.1
z_55.5_9.0,2028,4,2028-T4,Augmentation,62.7,62.7,23.7,13.6
z_55.5_9.0,2029,1,2029-T1,Augmentation,54.9,54.9,34.0,11.1
z_55.5_9.0,2029,2,2029-T2,Augmentation,66.0,66.0,22.5,11.5
z_55.5_9.0,2029,3,2029-T3,Augmentation,61.5,61.5,28.9,9.6
z_55.5_9.0,2029,4,2029-T4,Augmentation,66.1,66.1,21.4,12.5
z_55.5_9.0,2030,1,2030-T1,Augmentation,55.5,55.5,33.4,11.1
z_55.5_9.0,2030,2,2030-T2,Augmentation,70.0,70.0,17.8,12.2
z_55.5_9.0,2030,3,2030-T3,Augmentation,61.6,61.6,28.0,10.4
z_55.5_9.0,2030,4,2030-T4,Augmentation,69.7,69.7,18.4,11.8
z_57.0_-1.5,2023,1,2023-T1,Stable,76.8,16.1,7.1,76.8
z_57.0_-1.5,2023,2,2023-T2,Stable,86.2,6.0,7.8,86.2
z_57.0_-1.5,2023,3,2023-T3,Stable,80.1,11.3,8.6,80.1
z_57.0_-1.5,2023,4,2023-T4,Stable,94.3,3.0,2.7,94.3
z_57.0_-1.5,2024,1,2024-T1,Stable,74.5,19.2,6.3,74.5
z_57.0_-1.5,2024,2,2024-T2,Stable,88.7,4.6,6.7,88.7
z_57.0_-1.5,2024,3,2024-T3,Stable,80.4,9.7,9.9,80.4
z_57.0_-1.5,2024,4,2024-T4,Stable,93.8,3.5,2.8,93.8
z_57.0_-1.5,2025,1,2025-T1,Stable,76.3,17.9,5.8,76.3
z_57.0_-1.5,2025,2,2025-T2,Stable,88.8,6.1,5.1,88.8
z_57.0_-1.5,2025,3,2025-T3,Stable,79.6,11.8,8.7,79.6
z_57.0_-1.5,2025,4,2025-T4,Stable,92.0,4.2,3.9,92.0
z_57.0_-1.5,2026,1,2026-T1,Stable,77.4,16.2,6.5,77.4
z_57.0_-1.5,2026,2,2026-T2,Stable,91.7,5.1,3.2,91.7
z_57.0_-1.5,2026,3,2026-T3,Stable,80.7,11.6,7.7,80.7
z_57.0_-1.5,2026,4,2026-T4,Stable,94.7,2.6,2.8,94.7
z_57.0_-1.5,2027,1,2027-T1,Stable,76.3,17.9,5.8,76.3
z_57.0_-1.5,2027,2,2027-T2,Stable,90.9,5.2,4.0,90.9
z_57.0_-1.5,2027,3,2027-T3,Stable,80.1,12.0,8.0,80.1
z_57.0_-1.5,2027,4,2027-T4,Stable,93.9,3.2,2.9,93.9
z_57.0_-1.5,2028,1,2028-T1,Stable,76.3,17.9,5.8,76.3
z_57.0_-1.5,2028,2,2028-T2,Stable,90.9,5.2,4.0,90.9
z_57.0_-1.5,2028,3,2028-T3,Stable,78.8,13.7,7.5,78.8
z_57.0_-1.5,2028,4,2028-T4,Stable,94.3,3.0,2.7,94.3
z_57.0_-1.5,2029,1,2029-T1,Stable,76.3,17.9,5.8,76.3
z_57.0_-1.5,2029,2,2029-T2,Stable,90.9,5.2,4.0,90.9
z_57.0_-1.5,2029,3,2029-T3,Stable,82.4,9.8,7.8,82.4
z_57.0_-1.5,2029,4,2029-T4,Stable,94.3,3.0,2.7,94.3
z_57.0_-1.5,2030,1,2030-T1,Stable,76.3,17.9,5.8,76.3
z_57.0_-1.5,2030,2,2030-T2,Stable,90.9,5.2,4.0,90.9
z_57.0_-1.5,2030,3,2030-T3,Stable,80.2,11.6,8.1,80.2
z_57.0_-1.5,2030,4,2030-T4,Stable,94.3,3.0,2.7,94.3
z_57.0_-10.5,2023,1,2023-T1,Diminution,89.8,0.3,89.8,9.9
z_57.0_-10.5,2023,2,2023-T2,Stable,96.2,1.3,2.5,96.2
z_57.0_-10.5,2023,3,2023-T3,Stable,94.4,1.7,3.9,94.4
z_57.0_-10.5,2023,4,2023-T4,Stable,92.1,2.7,5.2,92.1
z_57.0_-10.5,2024,1,2024-T1,Diminution,84.3,2.5,84.3,13.2
z_57.0_-10.5,2024,2,2024-T2,Stable,96.1,1.6,2.3,96.1
z_57.0_-10.5,2024,3,2024-T3,Stable,97.5,0.2,2.3,97.5
z_57.0_-10.5,2024,4,2024-T4,Stable,96.4,0.6,3.0,96.4
z_57.0_-10.5,2025,1,2025-T1,Diminution,90.4,0.3,90.4,9.3
z_57.0_-10.5,2025,2,2025-T2,Stable,97.1,0.4,2.5,97.1
z_57.0_-10.5,2025,3,2025-T3,Stable,97.5,0.2,2.3,97.5
z_57.0_-10.5,2025,4,2025-T4,Stable,96.4,0.4,3.2,96.4
z_57.0_-10.5,2026,1,2026-T1,Diminution,90.4,0.3,90.4,9.3
z_57.0_-10.5,2026,2,2026-T2,Stable,98.0,0.3,1.7,98.0
z_57.0_-10.5,2026,3,2026-T3,Stable,97.5,0.2,2.3,97.5
z_57.0_-10.5,2026,4,2026-T4,Stable,97.4,0.3,2.4,97.4
z_57.0_-10.5,2027,1,2027-T1,Diminution,90.4,0.3,90.4,9.3
z_57.0_-10.5,2027,2,2027-T2,Stable,98.1,0.3,1.6,98.1
z_57.0_-10.5,2027,3,2027-T3,Stable,97.5,0.2,2.3,97.5
z_57.0_-10.5,2027,4,2027-T4,Stable,96.5,0.4,3.1,96.5
z_57.0_-10.5,2028,1,2028-T1,Diminution,90.4,0.3,90.4,9.3
z_57.0_-10.5,2028,2,2028-T2,Stable,97.6,0.4,2.0,97.6
z_57.0_-10.5,2028,3,2028-T3,Stable,97.5,0.2,2.3,97.5
z_57.0_-10.5,2028,4,2028-T4,Stable,97.5,0.2,2.3,97.5
z_57.0_-10.5,2029,1,2029-T1,Diminution,90.4,0.3,90.4,9.3
z_57.0_-10.5,2029,2,2029-T2,Stable,98.2,0.3,1.6,98.2
z_57.0_-10.5,2029,3,2029-T3,Stable,97.5,0.2,2.3,97.5
z_57.0_-10.5,2029,4,2029-T4,Stable,97.5,0.2,2.3,97.5
z_57.0_-10.5,2030,1,2030-T1,Diminution,90.4,0.3,90.4,9.3
z_57.0_-10.5,2030,2,2030-T2,Stable,98.2,0.3,1.6,98.2
z_57.0_-10.5,2030,3,2030-T3,Stable,97.5,0.2,2.3,97.5
z_57.0_-10.5,2030,4,2030-T4,Stable,97.5,0.2,2.3,97.5
z_57.0_-3.0,2023,1,2023-T1,Diminution,93.2,1.7,93.2,5.1
z_57.0_-3.0,2023,2,2023-T2,Diminution,93.2,1.7,93.2,5.2
z_57.0_-3.0,2023,3,2023-T3,Diminution,93.0,1.9,93.0,5.1
z_57.0_-3.0,2023,4,2023-T4,Diminution,89.6,2.6,89.6,7.8
z_57.0_-3.0,2024,1,2024-T1,Diminution,89.4,2.6,89.4,8.0
z_57.0_-3.0,2024,2,2024-T2,Diminution,80.5,7.0,80.5,12.5
z_57.0_-3.0,2024,3,2024-T3,Diminution,74.3,11.2,74.3,14.5
z_57.0_-3.0,2024,4,2024-T4,Diminution,78.0,6.4,78.0,15.5
z_57.0_-3.0,2025,1,2025-T1,Diminution,72.4,9.6,72.4,17.9
z_57.0_-3.0,2025,2,2025-T2,Diminution,76.1,5.8,76.1,18.1
z_57.0_-3.0,2025,3,2025-T3,Diminution,79.2,4.2,79.2,16.6
z_57.0_-3.0,2025,4,2025-T4,Diminution,83.7,3.9,83.7,12.4
z_57.0_-3.0,2026,1,2026-T1,Diminution,81.7,4.6,81.7,13.7
z_57.0_-3.0,2026,2,2026-T2,Diminution,82.4,2.7,82.4,14.9
z_57.0_-3.0,2026,3,2026-T3,Diminution,80.5,4.6,80.5,14.9
z_57.0_-3.0,2026,4,2026-T4,Diminution,83.0,3.4,83.0,13.6
z_57.0_-3.0,2027,1,2027-T1,Diminution,81.6,5.8,81.6,12.7
z_57.0_-3.0,2027,2,2027-T2,Diminution,84.3,3.2,84.3,12.5
z_57.0_-3.0,2027,3,2027-T3,Diminution,83.7,3.2,83.7,13.1
z_57.0_-3.0,2027,4,2027-T4,Diminution,81.7,3.8,81.7,14.5
z_57.0_-3.0,2028,1,2028-T1,Diminution,82.4,4.6,82.4,13.1
z_57.0_-3.0,2028,2,2028-T2,Diminution,84.8,2.8,84.8,12.4
z_57.0_-3.0,2028,3,2028-T3,Diminution,84.7,3.5,84.7,11.8
z_57.0_-3.0,2028,4,2028-T4,Diminution,81.9,3.8,81.9,14.3
z_57.0_-3.0,2029,1,2029-T1,Diminution,83.5,5.1,83.5,11.4
z_57.0_-3.0,2029,2,2029-T2,Diminution,85.1,2.9,85.1,11.9
z_57.0_-3.0,2029,3,2029-T3,Diminution,84.6,3.5,84.6,12.0
z_57.0_-3.0,2029,4,2029-T4,Diminution,84.0,3.3,84.0,12.8
z_57.0_-3.0,2030,1,2030-T1,Diminution,82.8,5.2,82.8,12.0
z_57.0_-3.0,2030,2,2030-T2,Diminution,85.5,2.9,85.5,11.6
z_57.0_-3.0,2030,3,2030-T3,Diminution,84.6,3.5,84.6,12.0
z_57.0_-3.0,2030,4,2030-T4,Diminution,84.2,3.6,84.2,12.2
z_57.0_-4.5,2023,1,2023-T1,Stable,77.0,18.8,4.2,77.0
z_57.0_-4.5,2023,2,2023-T2,Stable,80.2,8.4,11.4,80.2
z_57.0_-4.5,2023,3,2023-T3,Diminution,88.3,0.9,88.3,10.9
z_57.0_-4.5,2023,4,2023-T4,Diminution,85.2,1.8,85.2,13.0
z_57.0_-4.5,2024,1,2024-T1,Stable,80.5,14.0,5.5,80.5
z_57.0_-4.5,2024,2,2024-T2,Stable,88.0,5.9,6.2,88.0
z_57.0_-4.5,2024,3,2024-T3,Diminution,84.6,3.5,84.6,12.0
z_57.0_-4.5,2024,4,2024-T4,Diminution,86.8,1.0,86.8,12.2
z_57.0_-4.5,2025,1,2025-T1,Stable,81.2,14.0,4.9,81.2
z_57.0_-4.5,2025,2,2025-T2,Stable,86.7,7.7,5.7,86.7
z_57.0_-4.5,2025,3,2025-T3,Diminution,86.6,1.4,86.6,12.0
z_57.0_-4.5,2025,4,2025-T4,Diminution,85.5,1.5,85.5,13.1
z_57.0_-4.5,2026,1,2026-T1,Stable,79.3,17.3,3.4,79.3
z_57.0_-4.5,2026,2,2026-T2,Stable,85.8,10.2,4.1,85.8
z_57.0_-4.5,2026,3,2026-T3,Diminution,87.5,1.3,87.5,11.2
z_57.0_-4.5,2026,4,2026-T4,Diminution,86.3,1.2,86.3,12.5
z_57.0_-4.5,2027,1,2027-T1,Stable,79.5,16.8,3.7,79.5
z_57.0_-4.5,2027,2,2027-T2,Stable,86.6,9.0,4.3,86.6
z_57.0_-4.5,2027,3,2027-T3,Diminution,88.0,0.9,88.0,11.1
z_57.0_-4.5,2027,4,2027-T4,Diminution,86.3,1.2,86.3,12.5
z_57.0_-4.5,2028,1,2028-T1,Stable,79.5,16.8,3.7,79.5
z_57.0_-4.5,2028,2,2028-T2,Stable,86.1,8.9,5.0,86.1
z_57.0_-4.5,2028,3,2028-T3,Diminution,87.6,1.2,87.6,11.1
z_57.0_-4.5,2028,4,2028-T4,Diminution,86.3,1.2,86.3,12.5
z_57.0_-4.5,2029,1,2029-T1,Stable,79.5,16.8,3.7,79.5
z_57.0_-4.5,2029,2,2029-T2,Stable,89.3,6.1,4.6,89.3
z_57.0_-4.5,2029,3,2029-T3,Diminution,88.0,1.1,88.0,10.9
z_57.0_-4.5,2029,4,2029-T4,Diminution,86.3,1.2,86.3,12.5
z_57.0_-4.5,2030,1,2030-T1,Stable,79.5,16.8,3.7,79.5
z_57.0_-4.5,2030,2,2030-T2,Stable,87.3,8.0,4.7,87.3
z_57.0_-4.5,2030,3,2030-T3,Diminution,88.0,1.1,88.0,10.9
z_57.0_-4.5,2030,4,2030-T4,Diminution,86.3,1.2,86.3,12.5
z_57.0_-6.0,2023,1,2023-T1,Diminution,86.6,3.6,86.6,9.8
z_57.0_-6.0,2023,2,2023-T2,Diminution,84.3,1.5,84.3,14.3
z_57.0_-6.0,2023,3,2023-T3,Diminution,79.0,5.4,79.0,15.6
z_57.0_-6.0,2023,4,2023-T4,Diminution,81.1,3.5,81.1,15.3
z_57.0_-6.0,2024,1,2024-T1,Diminution,80.2,5.3,80.2,14.5
z_57.0_-6.0,2024,2,2024-T2,Diminution,82.9,1.1,82.9,16.0
z_57.0_-6.0,2024,3,2024-T3,Diminution,80.8,4.4,80.8,14.8
z_57.0_-6.0,2024,4,2024-T4,Diminution,79.2,3.8,79.2,16.9
z_57.0_-6.0,2025,1,2025-T1,Diminution,76.5,6.6,76.5,16.9
z_57.0_-6.0,2025,2,2025-T2,Diminution,79.5,2.7,79.5,17.8
z_57.0_-6.0,2025,3,2025-T3,Diminution,75.5,6.8,75.5,17.7
z_57.0_-6.0,2025,4,2025-T4,Diminution,78.3,5.0,78.3,16.7
z_57.0_-6.0,2026,1,2026-T1,Diminution,79.9,5.4,79.9,14.7
z_57.0_-6.0,2026,2,2026-T2,Diminution,84.4,1.2,84.4,14.3
z_57.0_-6.0,2026,3,2026-T3,Diminution,82.7,3.6,82.7,13.7
z_57.0_-6.0,2026,4,2026-T4,Diminution,80.5,3.7,80.5,15.8
z_57.0_-6.0,2027,1,2027-T1,Diminution,79.3,5.4,79.3,15.3
z_57.0_-6.0,2027,2,2027-T2,Diminution,84.4,1.2,84.4,14.3
z_57.0_-6.0,2027,3,2027-T3,Diminution,82.7,3.6,82.7,13.7
z_57.0_-6.0,2027,4,2027-T4,Diminution,80.7,3.7,80.7,15.6
z_57.0_-6.0,2028,1,2028-T1,Diminution,79.5,4.9,79.5,15.7
z_57.0_-6.0,2028,2,2028-T2,Diminution,84.4,1.2,84.4,14.3
z_57.0_-6.0,2028,3,2028-T3,Diminution,82.7,3.6,82.7,13.7
z_57.0_-6.0,2028,4,2028-T4,Diminution,81.4,3.0,81.4,15.6
z_57.0_-6.0,2029,1,2029-T1,Diminution,81.6,4.4,81.6,13.9
z_57.0_-6.0,2029,2,2029-T2,Diminution,84.4,1.2,84.4,14.3
z_57.0_-6.0,2029,3,2029-T3,Diminution,82.7,3.6,82.7,13.7
z_57.0_-6.0,2029,4,2029-T4,Diminution,82.5,3.3,82.5,14.1
z_57.0_-6.0,2030,1,2030-T1,Diminution,82.1,4.9,82.1,13.0
z_57.0_-6.0,2030,2,2030-T2,Diminution,84.4,1.2,84.4,14.3
z_57.0_-6.0,2030,3,2030-T3,Diminution,82.7,3.6,82.7,13.7
z_57.0_-6.0,2030,4,2030-T4,Diminution,82.0,3.2,82.0,14.8
z_57.0_-7.5,2023,1,2023-T1,Diminution,89.8,2.6,89.8,7.6
z_57.0_-7.5,2023,2,2023-T2,Diminution,89.9,1.8,89.9,8.4
z_57.0_-7.5,2023,3,2023-T3,Diminution,90.1,3.0,90.1,6.9
z_57.0_-7.5,2023,4,2023-T4,Diminution,84.3,3.8,84.3,11.9
z_57.0_-7.5,2024,1,2024-T1,Diminution,82.1,5.6,82.1,12.3
z_57.0_-7.5,2024,2,2024-T2,Diminution,83.7,2.6,83.7,13.7
z_57.0_-7.5,2024,3,2024-T3,Diminution,83.9,3.5,83.9,12.6
z_57.0_-7.5,2024,4,2024-T4,Diminution,84.1,2.5,84.1,13.4
z_57.0_-7.5,2025,1,2025-T1,Diminution,80.8,5.6,80.8,13.6
z_57.0_-7.5,2025,2,2025-T2,Diminution,85.9,1.9,85.9,12.2
z_57.0_-7.5,2025,3,2025-T3,Diminution,83.9,3.8,83.9,12.3
z_57.0_-7.5,2025,4,2025-T4,Diminution,83.7,2.3,83.7,14.0
z_57.0_-7.5,2026,1,2026-T1,Diminution,79.9,6.9,79.9,13.2
z_57.0_-7.5,2026,2,2026-T2,Diminution,85.7,1.8,85.7,12.5
z_57.0_-7.5,2026,3,2026-T3,Diminution,83.5,4.1,83.5,12.3
z_57.0_-7.5,2026,4,2026-T4,Diminution,83.7,2.3,83.7,14.0
z_57.0_-7.5,2027,1,2027-T1,Diminution,81.0,5.8,81.0,13.2
z_57.0_-7.5,2027,2,2027-T2,Diminution,85.7,1.8,85.7,12.5
z_57.0_-7.5,2027,3,2027-T3,Diminution,83.5,4.0,83.5,12.5
z_57.0_-7.5,2027,4,2027-T4,Diminution,83.7,2.3,83.7,14.0
z_57.0_-7.5,2028,1,2028-T1,Diminution,81.6,6.3,81.6,12.2
z_57.0_-7.5,2028,2,2028-T2,Diminution,85.7,1.8,85.7,12.5
z_57.0_-7.5,2028,3,2028-T3,Diminution,83.5,4.0,83.5,12.5
z_57.0_-7.5,2028,4,2028-T4,Diminution,83.7,2.3,83.7,14.0
z_57.0_-7.5,2029,1,2029-T1,Diminution,80.7,6.4,80.7,13.0
z_57.0_-7.5,2029,2,2029-T2,Diminution,85.7,1.8,85.7,12.5
z_57.0_-7.5,2029,3,2029-T3,Diminution,83.5,4.0,83.5,12.5
z_57.0_-7.5,2029,4,2029-T4,Diminution,83.7,2.3,83.7,14.0
z_57.0_-7.5,2030,1,2030-T1,Diminution,80.7,6.4,80.7,13.0
z_57.0_-7.5,2030,2,2030-T2,Diminution,85.7,1.8,85.7,12.5
z_57.0_-7.5,2030,3,2030-T3,Diminution,83.5,4.0,83.5,12.5
z_57.0_-7.5,2030,4,2030-T4,Diminution,83.7,2.3,83.7,14.0
z_57.0_-9.0,2023,1,2023-T1,Stable,95.1,2.0,2.9,95.1
z_57.0_-9.0,2023,2,2023-T2,Stable,96.4,1.1,2.5,96.4
z_57.0_-9.0,2023,3,2023-T3,Stable,96.2,1.4,2.4,96.2
z_57.0_-9.0,2023,4,2023-T4,Stable,96.2,0.9,2.9,96.2
z_57.0_-9.0,2024,1,2024-T1,Stable,94.2,2.6,3.2,94.2
z_57.0_-9.0,2024,2,2024-T2,Stable,96.5,1.3,2.2,96.5
z_57.0_-9.0,2024,3,2024-T3,Stable,95.3,1.6,3.1,95.3
z_57.0_-9.0,2024,4,2024-T4,Stable,95.5,1.3,3.2,95.5
z_57.0_-9.0,2025,1,2025-T1,Stable,95.1,3.0,1.9,95.1
z_57.0_-9.0,2025,2,2025-T2,Stable,94.3,3.3,2.4,94.3
z_57.0_-9.0,2025,3,2025-T3,Stable,96.2,1.4,2.4,96.2
z_57.0_-9.0,2025,4,2025-T4,Stable,96.2,0.9,2.9,96.2
z_57.0_-9.0,2026,1,2026-T1,Stable,95.0,2.2,2.8,95.0
z_57.0_-9.0,2026,2,2026-T2,Stable,96.7,1.3,2.0,96.7
z_57.0_-9.0,2026,3,2026-T3,Stable,96.2,1.4,2.4,96.2
z_57.0_-9.0,2026,4,2026-T4,Stable,96.2,0.9,2.9,96.2
z_57.0_-9.0,2027,1,2027-T1,Stable,95.0,2.2,2.8,95.0
z_57.0_-9.0,2027,2,2027-T2,Stable,96.4,1.1,2.5,96.4
z_57.0_-9.0,2027,3,2027-T3,Stable,96.2,1.4,2.4,96.2
z_57.0_-9.0,2027,4,2027-T4,Stable,96.2,0.9,2.9,96.2
z_57.0_-9.0,2028,1,2028-T1,Stable,95.0,2.2,2.8,95.0
z_57.0_-9.0,2028,2,2028-T2,Stable,96.5,1.3,2.2,96.5
z_57.0_-9.0,2028,3,2028-T3,Stable,96.2,1.4,2.4,96.2
z_57.0_-9.0,2028,4,2028-T4,Stable,96.2,0.9,2.9,96.2
z_57.0_-9.0,2029,1,2029-T1,Stable,95.0,2.2,2.8,95.0
z_57.0_-9.0,2029,2,2029-T2,Stable,96.6,1.2,2.2,96.6
z_57.0_-9.0,2029,3,2029-T3,Stable,96.2,1.4,2.4,96.2
z_57.0_-9.0,2029,4,2029-T4,Stable,96.2,0.9,2.9,96.2
z_57.0_-9.0,2030,1,2030-T1,Stable,95.0,2.2,2.8,95.0
z_57.0_-9.0,2030,2,2030-T2,Stable,96.9,1.2,2.0,96.9
z_57.0_-9.0,2030,3,2030-T3,Stable,96.2,1.4,2.4,96.2
z_57.0_-9.0,2030,4,2030-T4,Stable,96.2,0.9,2.9,96.2
z_57.0_0.0,2023,1,2023-T1,Stable,89.7,6.8,3.5,89.7
z_57.0_0.0,2023,2,2023-T2,Stable,84.5,11.9,3.5,84.5
z_57.0_0.0,2023,3,2023-T3,Stable,90.3,5.6,4.1,90.3
z_57.0_0.0,2023,4,2023-T4,Stable,81.8,13.8,4.4,81.8
z_57.0_0.0,2024,1,2024-T1,Stable,89.7,6.8,3.5,89.7
z_57.0_0.0,2024,2,2024-T2,Stable,87.6,9.1,3.3,87.6
z_57.0_0.0,2024,3,2024-T3,Stable,90.6,5.5,3.9,90.6
z_57.0_0.0,2024,4,2024-T4,Stable,80.4,15.6,4.0,80.4
z_57.0_0.0,2025,1,2025-T1,Stable,87.6,8.2,4.2,87.6
z_57.0_0.0,2025,2,2025-T2,Stable,88.6,8.7,2.7,88.6
z_57.0_0.0,2025,3,2025-T3,Stable,90.5,6.7,2.8,90.5
z_57.0_0.0,2025,4,2025-T4,Stable,79.2,15.7,5.0,79.2
z_57.0_0.0,2026,1,2026-T1,Stable,86.0,8.7,5.3,86.0
z_57.0_0.0,2026,2,2026-T2,Stable,82.2,8.6,9.2,82.2
z_57.0_0.0,2026,3,2026-T3,Stable,90.2,6.6,3.2,90.2
z_57.0_0.0,2026,4,2026-T4,Stable,80.2,16.3,3.6,80.2
z_57.0_0.0,2027,1,2027-T1,Stable,89.7,6.8,3.5,89.7
z_57.0_0.0,2027,2,2027-T2,Stable,86.4,10.6,3.0,86.4
z_57.0_0.0,2027,3,2027-T3,Stable,89.2,6.1,4.6,89.2
z_57.0_0.0,2027,4,2027-T4,Stable,80.2,16.3,3.6,80.2
z_57.0_0.0,2028,1,2028-T1,Stable,89.7,6.8,3.5,89.7
z_57.0_0.0,2028,2,2028-T2,Stable,86.4,10.6,3.0,86.4
z_57.0_0.0,2028,3,2028-T3,Stable,87.1,6.6,6.3,87.1
z_57.0_0.0,2028,4,2028-T4,Stable,80.2,16.3,3.6,80.2
z_57.0_0.0,2029,1,2029-T1,Stable,89.7,6.8,3.5,89.7
z_57.0_0.0,2029,2,2029-T2,Stable,86.4,10.6,3.0,86.4
z_57.0_0.0,2029,3,2029-T3,Stable,88.0,7.0,5.1,88.0
z_57.0_0.0,2029,4,2029-T4,Stable,80.2,16.3,3.6,80.2
z_57.0_0.0,2030,1,2030-T1,Stable,89.7,6.8,3.5,89.7
z_57.0_0.0,2030,2,2030-T2,Stable,86.4,10.6,3.0,86.4
z_57.0_0.0,2030,3,2030-T3,Stable,90.6,5.5,3.9,90.6
z_57.0_0.0,2030,4,2030-T4,Stable,80.2,16.3,3.6,80.2
z_57.0_10.5,2023,1,2023-T1,Augmentation,66.8,66.8,26.1,7.0
z_57.0_10.5,2023,2,2023-T2,Augmentation,72.7,72.7,22.5,4.8
z_57.0_10.5,2023,3,2023-T3,Augmentation,69.4,69.4,25.8,4.8
z_57.0_10.5,2023,4,2023-T4,Augmentation,69.9,69.9,24.0,6.2
z_57.0_10.5,2024,1,2024-T1,Augmentation,67.1,67.1,26.6,6.4
z_57.0_10.5,2024,2,2024-T2,Augmentation,77.2,77.2,18.5,4.2
z_57.0_10.5,2024,3,2024-T3,Augmentation,75.3,75.3,20.3,4.4
z_57.0_10.5,2024,4,2024-T4,Augmentation,72.9,72.9,21.1,6.0
z_57.0_10.5,2025,1,2025-T1,Augmentation,74.6,74.6,19.9,5.5
z_57.0_10.5,2025,2,2025-T2,Augmentation,67.5,67.5,27.4,5.1
z_57.0_10.5,2025,3,2025-T3,Augmentation,72.1,72.1,22.7,5.2
z_57.0_10.5,2025,4,2025-T4,Augmentation,67.9,67.9,26.4,5.7
z_57.0_10.5,2026,1,2026-T1,Diminution,75.5,19.7,75.5,4.8
z_57.0_10.5,2026,2,2026-T2,Augmentation,65.5,65.5,28.2,6.3
z_57.0_10.5,2026,3,2026-T3,Augmentation,59.4,59.4,33.7,7.0
z_57.0_10.5,2026,4,2026-T4,Augmentation,70.2,70.2,23.8,6.0
z_57.0_10.5,2027,1,2027-T1,Augmentation,70.3,70.3,23.3,6.4
z_57.0_10.5,2027,2,2027-T2,Augmentation,74.9,74.9,20.3,4.8
z_57.0_10.5,2027,3,2027-T3,Augmentation,79.5,79.5,16.4,4.1
z_57.0_10.5,2027,4,2027-T4,Augmentation,69.6,69.6,24.3,6.0
z_57.0_10.5,2028,1,2028-T1,Augmentation,67.8,67.8,25.4,6.9
z_57.0_10.5,2028,2,2028-T2,Augmentation,76.3,76.3,19.4,4.3
z_57.0_10.5,2028,3,2028-T3,Augmentation,74.2,74.2,21.7,4.1
z_57.0_10.5,2028,4,2028-T4,Augmentation,71.7,71.7,23.5,4.8
z_57.0_10.5,2029,1,2029-T1,Augmentation,65.4,65.4,29.2,5.4
z_57.0_10.5,2029,2,2029-T2,Augmentation,70.0,70.0,24.9,5.1
z_57.0_10.5,2029,3,2029-T3,Augmentation,68.9,68.9,26.0,5.0
z_57.0_10.5,2029,4,2029-T4,Augmentation,66.7,66.7,28.1,5.3
z_57.0_10.5,2030,1,2030-T1,Augmentation,61.7,61.7,32.6,5.7
z_57.0_10.5,2030,2,2030-T2,Augmentation,69.6,69.6,25.9,4.5
z_57.0_10.5,2030,3,2030-T3,Augmentation,66.6,66.6,28.8,4.6
z_57.0_10.5,2030,4,2030-T4,Augmentation,64.1,64.1,31.0,4.9
z_57.0_12.0,2023,1,2023-T1,Stable,78.8,5.3,16.0,78.8
z_57.0_12.0,2023,2,2023-T2,Diminution,82.4,1.9,82.4,15.6
z_57.0_12.0,2023,3,2023-T3,Stable,89.2,5.1,5.7,89.2
z_57.0_12.0,2023,4,2023-T4,Diminution,82.7,1.5,82.7,15.8
z_57.0_12.0,2024,1,2024-T1,Stable,90.6,4.8,4.7,90.6
z_57.0_12.0,2024,2,2024-T2,Diminution,81.9,2.3,81.9,15.8
z_57.0_12.0,2024,3,2024-T3,Stable,90.0,5.0,5.0,90.0
z_57.0_12.0,2024,4,2024-T4,Diminution,82.6,1.2,82.6,16.2
z_57.0_12.0,2025,1,2025-T1,Stable,84.1,9.5,6.4,84.1
z_57.0_12.0,2025,2,2025-T2,Diminution,81.2,1.4,81.2,17.4
z_57.0_12.0,2025,3,2025-T3,Stable,88.1,7.0,4.9,88.1
z_57.0_12.0,2025,4,2025-T4,Diminution,84.4,0.6,84.4,15.0
z_57.0_12.0,2026,1,2026-T1,Stable,87.8,5.8,6.4,87.8
z_57.0_12.0,2026,2,2026-T2,Diminution,81.7,1.2,81.7,17.2
z_57.0_12.0,2026,3,2026-T3,Stable,87.2,7.7,5.1,87.2
z_57.0_12.0,2026,4,2026-T4,Diminution,84.8,0.7,84.8,14.4
z_57.0_12.0,2027,1,2027-T1,Stable,90.9,3.3,5.8,90.9
z_57.0_12.0,2027,2,2027-T2,Diminution,83.3,1.4,83.3,15.3
z_57.0_12.0,2027,3,2027-T3,Stable,88.4,6.3,5.3,88.4
z_57.0_12.0,2027,4,2027-T4,Diminution,84.7,0.6,84.7,14.7
z_57.0_12.0,2028,1,2028-T1,Stable,90.9,3.3,5.8,90.9
z_57.0_12.0,2028,2,2028-T2,Diminution,83.3,1.0,83.3,15.6
z_57.0_12.0,2028,3,2028-T3,Stable,85.3,9.2,5.6,85.3
z_57.0_12.0,2028,4,2028-T4,Diminution,84.7,0.6,84.7,14.7
z_57.0_12.0,2029,1,2029-T1,Stable,90.9,3.3,5.8,90.9
z_57.0_12.0,2029,2,2029-T2,Diminution,84.0,0.8,84.0,15.3
z_57.0_12.0,2029,3,2029-T3,Stable,83.5,11.9,4.7,83.5
z_57.0_12.0,2029,4,2029-T4,Diminution,84.7,0.6,84.7,14.7
z_57.0_12.0,2030,1,2030-T1,Stable,90.9,3.3,5.8,90.9
z_57.0_12.0,2030,2,2030-T2,Diminution,84.0,0.8,84.0,15.3
z_57.0_12.0,2030,3,2030-T3,Stable,88.9,6.3,4.8,88.9
z_57.0_12.0,2030,4,2030-T4,Diminution,84.7,0.6,84.7,14.7
z_57.0_16.5,2023,1,2023-T1,Diminution,88.9,3.4,88.9,7.7
z_57.0_16.5,2023,2,2023-T2,Stable,82.4,8.9,8.7,82.4
z_57.0_16.5,2023,3,2023-T3,Diminution,84.3,1.1,84.3,14.7
z_57.0_16.5,2023,4,2023-T4,Stable,76.1,13.0,10.9,76.1
z_57.0_16.5,2024,1,2024-T1,Diminution,67.7,14.4,67.7,17.9
z_57.0_16.5,2024,2,2024-T2,Stable,82.1,9.7,8.2,82.1
z_57.0_16.5,2024,3,2024-T3,Diminution,68.8,12.2,68.8,19.0
z_57.0_16.5,2024,4,2024-T4,Stable,78.4,13.5,8.0,78.4
z_57.0_16.5,2025,1,2025-T1,Diminution,80.2,3.8,80.2,16.1
z_57.0_16.5,2025,2,2025-T2,Stable,87.7,5.3,6.9,87.7
z_57.0_16.5,2025,3,2025-T3,Diminution,61.5,18.1,61.5,20.4
z_57.0_16.5,2025,4,2025-T4,Stable,47.3,46.6,6.1,47.3
z_57.0_16.5,2026,1,2026-T1,Diminution,54.0,24.0,54.0,22.0
z_57.0_16.5,2026,2,2026-T2,Stable,74.9,17.0,8.1,74.9
z_57.0_16.5,2026,3,2026-T3,Diminution,79.9,5.8,79.9,14.2
z_57.0_16.5,2026,4,2026-T4,Stable,88.0,6.7,5.3,88.0
z_57.0_16.5,2027,1,2027-T1,Diminution,81.8,2.5,81.8,15.7
z_57.0_16.5,2027,2,2027-T2,Stable,92.1,1.7,6.2,92.1
z_57.0_16.5,2027,3,2027-T3,Diminution,82.6,1.5,82.6,15.9
z_57.0_16.5,2027,4,2027-T4,Stable,91.4,3.6,5.0,91.4
z_57.0_16.5,2028,1,2028-T1,Diminution,83.1,2.5,83.1,14.4
z_57.0_16.5,2028,2,2028-T2,Stable,92.5,0.8,6.7,92.5
z_57.0_16.5,2028,3,2028-T3,Diminution,82.8,3.1,82.8,14.1
z_57.0_16.5,2028,4,2028-T4,Stable,87.7,6.1,6.2,87.7
z_57.0_16.5,2029,1,2029-T1,Diminution,84.0,2.3,84.0,13.7
z_57.0_16.5,2029,2,2029-T2,Stable,92.4,1.2,6.4,92.4
z_57.0_16.5,2029,3,2029-T3,Diminution,85.4,1.1,85.4,13.4
z_57.0_16.5,2029,4,2029-T4,Stable,90.1,5.1,4.7,90.1
z_57.0_16.5,2030,1,2030-T1,Diminution,84.7,2.8,84.7,12.5
z_57.0_16.5,2030,2,2030-T2,Stable,93.8,1.0,5.2,93.8
z_57.0_16.5,2030,3,2030-T3,Diminution,85.2,1.7,85.2,13.1
z_57.0_16.5,2030,4,2030-T4,Stable,90.1,5.1,4.7,90.1
z_57.0_18.0,2023,1,2023-T1,Stable,48.5,47.5,4.0,48.5
z_57.0_18.0,2023,2,2023-T2,Stable,54.3,40.7,5.0,54.3
z_57.0_18.0,2023,3,2023-T3,Diminution,61.7,16.8,61.7,21.5
z_57.0_18.0,2023,4,2023-T4,Augmentation,49.2,49.2,4.6,46.2
z_57.0_18.0,2024,1,2024-T1,Stable,52.8,42.6,4.6,52.8
z_57.0_18.0,2024,2,2024-T2,Stable,72.0,19.3,8.7,72.0
z_57.0_18.0,2024,3,2024-T3,Diminution,66.6,13.9,66.6,19.5
z_57.0_18.0,2024,4,2024-T4,Stable,54.2,40.5,5.3,54.2
z_57.0_18.0,2025,1,2025-T1,Stable,55.6,40.2,4.3,55.6
z_57.0_18.0,2025,2,2025-T2,Stable,68.0,28.1,3.9,68.0
z_57.0_18.0,2025,3,2025-T3,Diminution,68.0,13.1,68.0,18.9
z_57.0_18.0,2025,4,2025-T4,Stable,59.9,34.8,5.3,59.9
z_57.0_18.0,2026,1,2026-T1,Stable,66.4,26.9,6.7,66.4
z_57.0_18.0,2026,2,2026-T2,Stable,72.6,20.7,6.7,72.6
z_57.0_18.0,2026,3,2026-T3,Diminution,67.3,12.4,67.3,20.3
z_57.0_18.0,2026,4,2026-T4,Stable,60.3,34.5,5.2,60.3
z_57.0_18.0,2027,1,2027-T1,Stable,59.2,36.2,4.6,59.2
z_57.0_18.0,2027,2,2027-T2,Stable,65.4,30.7,3.9,65.4
z_57.0_18.0,2027,3,2027-T3,Diminution,68.3,11.7,68.3,20.0
z_57.0_18.0,2027,4,2027-T4,Stable,61.4,34.6,4.0,61.4
z_57.0_18.0,2028,1,2028-T1,Stable,56.5,39.2,4.2,56.5
z_57.0_18.0,2028,2,2028-T2,Stable,65.8,29.9,4.4,65.8
z_57.0_18.0,2028,3,2028-T3,Diminution,67.5,11.2,67.5,21.3
z_57.0_18.0,2028,4,2028-T4,Stable,61.4,33.7,4.9,61.4
z_57.0_18.0,2029,1,2029-T1,Stable,58.9,36.5,4.6,58.9
z_57.0_18.0,2029,2,2029-T2,Stable,64.9,30.9,4.2,64.9
z_57.0_18.0,2029,3,2029-T3,Diminution,67.7,11.7,67.7,20.6
z_57.0_18.0,2029,4,2029-T4,Stable,58.9,36.8,4.3,58.9
z_57.0_18.0,2030,1,2030-T1,Stable,59.7,35.9,4.3,59.7
z_57.0_18.0,2030,2,2030-T2,Stable,66.4,29.3,4.3,66.4
z_57.0_18.0,2030,3,2030-T3,Diminution,67.7,11.7,67.7,20.5
z_57.0_18.0,2030,4,2030-T4,Stable,60.8,34.6,4.6,60.8
z_57.0_19.5,2023,1,2023-T1,Stable,76.0,19.0,5.0,76.0
z_57.0_19.5,2023,2,2023-T2,Stable,89.3,8.4,2.4,89.3
z_57.0_19.5,2023,3,2023-T3,Stable,92.4,5.1,2.5,92.4
z_57.0_19.5,2023,4,2023-T4,Diminution,88.7,0.7,88.7,10.6
z_57.0_19.5,2024,1,2024-T1,Stable,67.2,27.1,5.8,67.2
z_57.0_19.5,2024,2,2024-T2,Stable,81.6,14.8,3.6,81.6
z_57.0_19.5,2024,3,2024-T3,Stable,88.0,9.4,2.7,88.0
z_57.0_19.5,2024,4,2024-T4,Diminution,80.6,3.8,80.6,15.6
z_57.0_19.5,2025,1,2025-T1,Stable,72.8,20.9,6.3,72.8
z_57.0_19.5,2025,2,2025-T2,Stable,93.1,4.7,2.3,93.1
z_57.0_19.5,2025,3,2025-T3,Stable,88.6,8.9,2.5,88.6
z_57.0_19.5,2025,4,2025-T4,Diminution,88.6,0.7,88.6,10.7
z_57.0_19.5,2026,1,2026-T1,Stable,72.8,21.4,5.8,72.8
z_57.0_19.5,2026,2,2026-T2,Stable,92.9,4.7,2.4,92.9
z_57.0_19.5,2026,3,2026-T3,Stable,92.3,5.2,2.5,92.3
z_57.0_19.5,2026,4,2026-T4,Diminution,88.3,1.0,88.3,10.8
z_57.0_19.5,2027,1,2027-T1,Stable,64.6,30.0,5.5,64.6
z_57.0_19.5,2027,2,2027-T2,Stable,92.2,5.3,2.4,92.2
z_57.0_19.5,2027,3,2027-T3,Stable,90.7,6.2,3.1,90.7
z_57.0_19.5,2027,4,2027-T4,Diminution,88.4,0.8,88.4,10.9
z_57.0_19.5,2028,1,2028-T1,Stable,71.3,23.3,5.3,71.3
z_57.0_19.5,2028,2,2028-T2,Stable,93.2,4.8,2.0,93.2
z_57.0_19.5,2028,3,2028-T3,Stable,91.7,5.6,2.6,91.7
z_57.0_19.5,2028,4,2028-T4,Diminution,88.7,0.7,88.7,10.6
z_57.0_19.5,2029,1,2029-T1,Stable,68.9,26.0,5.1,68.9
z_57.0_19.5,2029,2,2029-T2,Stable,93.2,4.8,2.0,93.2
z_57.0_19.5,2029,3,2029-T3,Stable,92.2,5.1,2.7,92.2
z_57.0_19.5,2029,4,2029-T4,Diminution,88.7,0.7,88.7,10.6
z_57.0_19.5,2030,1,2030-T1,Stable,67.8,27.3,4.9,67.8
z_57.0_19.5,2030,2,2030-T2,Stable,93.2,4.8,2.0,93.2
z_57.0_19.5,2030,3,2030-T3,Stable,92.4,5.1,2.5,92.4
z_57.0_19.5,2030,4,2030-T4,Diminution,88.7,0.7,88.7,10.6
z_57.0_21.0,2023,1,2023-T1,Stable,62.7,30.4,6.9,62.7
z_57.0_21.0,2023,2,2023-T2,Stable,89.4,5.3,5.4,89.4
z_57.0_21.0,2023,3,2023-T3,Stable,75.7,20.0,4.3,75.7
z_57.0_21.0,2023,4,2023-T4,Stable,80.6,16.4,3.0,80.6
z_57.0_21.0,2024,1,2024-T1,Stable,69.6,22.8,7.6,69.6
z_57.0_21.0,2024,2,2024-T2,Stable,90.3,6.4,3.4,90.3
z_57.0_21.0,2024,3,2024-T3,Stable,89.9,6.8,3.3,89.9
z_57.0_21.0,2024,4,2024-T4,Stable,93.0,4.8,2.2,93.0
z_57.0_21.0,2025,1,2025-T1,Stable,63.5,26.9,9.6,63.5
z_57.0_21.0,2025,2,2025-T2,Stable,93.6,3.9,2.5,93.6
z_57.0_21.0,2025,3,2025-T3,Stable,91.6,5.5,2.9,91.6
z_57.0_21.0,2025,4,2025-T4,Stable,90.8,6.2,3.0,90.8
z_57.0_21.0,2026,1,2026-T1,Stable,62.4,29.1,8.5,62.4
z_57.0_21.0,2026,2,2026-T2,Stable,91.5,5.2,3.3,91.5
z_57.0_21.0,2026,3,2026-T3,Stable,91.6,5.5,2.9,91.6
z_57.0_21.0,2026,4,2026-T4,Stable,90.8,6.2,3.0,90.8
z_57.0_21.0,2027,1,2027-T1,Stable,61.5,29.8,8.7,61.5
z_57.0_21.0,2027,2,2027-T2,Stable,92.6,4.6,2.8,92.6
z_57.0_21.0,2027,3,2027-T3,Stable,91.6,5.5,2.9,91.6
z_57.0_21.0,2027,4,2027-T4,Stable,90.8,6.2,3.0,90.8
z_57.0_21.0,2028,1,2028-T1,Stable,66.9,25.7,7.4,66.9
z_57.0_21.0,2028,2,2028-T2,Stable,93.0,4.2,2.8,93.0
z_57.0_21.0,2028,3,2028-T3,Stable,91.6,5.5,2.9,91.6
z_57.0_21.0,2028,4,2028-T4,Stable,90.8,6.2,3.0,90.8
z_57.0_21.0,2029,1,2029-T1,Stable,64.0,29.2,6.9,64.0
z_57.0_21.0,2029,2,2029-T2,Stable,93.7,3.9,2.4,93.7
z_57.0_21.0,2029,3,2029-T3,Stable,91.6,5.5,2.9,91.6
z_57.0_21.0,2029,4,2029-T4,Stable,90.8,6.2,3.0,90.8
z_57.0_21.0,2030,1,2030-T1,Stable,61.5,31.8,6.7,61.5
z_57.0_21.0,2030,2,2030-T2,Stable,93.7,3.9,2.4,93.7
z_57.0_21.0,2030,3,2030-T3,Stable,91.6,5.5,2.9,91.6
z_57.0_21.0,2030,4,2030-T4,Stable,90.8,6.2,3.0,90.8
z_57.0_22.5,2023,1,2023-T1,Stable,76.6,18.3,5.1,76.6
z_57.0_22.5,2023,2,2023-T2,Stable,87.6,8.4,4.0,87.6
z_57.0_22.5,2023,3,2023-T3,Diminution,79.5,3.9,79.5,16.6
z_57.0_22.5,2023,4,2023-T4,Stable,71.6,21.1,7.4,71.6
z_57.0_22.5,2024,1,2024-T1,Stable,77.5,18.7,3.8,77.5
z_57.0_22.5,2024,2,2024-T2,Stable,72.9,21.6,5.5,72.9
z_57.0_22.5,2024,3,2024-T3,Diminution,65.1,13.7,65.1,21.2
z_57.0_22.5,2024,4,2024-T4,Stable,68.1,26.7,5.2,68.1
z_57.0_22.5,2025,1,2025-T1,Stable,60.8,35.4,3.7,60.8
z_57.0_22.5,2025,2,2025-T2,Stable,54.5,41.4,4.1,54.5
z_57.0_22.5,2025,3,2025-T3,Diminution,54.4,28.0,54.4,17.6
z_57.0_22.5,2025,4,2025-T4,Augmentation,49.9,49.9,5.2,44.9
z_57.0_22.5,2026,1,2026-T1,Stable,60.3,33.2,6.5,60.3
z_57.0_22.5,2026,2,2026-T2,Stable,76.5,18.7,4.8,76.5
z_57.0_22.5,2026,3,2026-T3,Diminution,80.8,3.9,80.8,15.3
z_57.0_22.5,2026,4,2026-T4,Stable,64.3,27.3,8.4,64.3
z_57.0_22.5,2027,1,2027-T1,Stable,66.8,29.0,4.2,66.8
z_57.0_22.5,2027,2,2027-T2,Stable,76.1,19.6,4.3,76.1
z_57.0_22.5,2027,3,2027-T3,Diminution,75.6,7.4,75.6,17.0
z_57.0_22.5,2027,4,2027-T4,Stable,67.6,24.1,8.3,67.6
z_57.0_22.5,2028,1,2028-T1,Stable,72.3,22.5,5.2,72.3
z_57.0_22.5,2028,2,2028-T2,Stable,79.7,15.2,5.1,79.7
z_57.0_22.5,2028,3,2028-T3,Diminution,76.2,6.6,76.2,17.2
z_57.0_22.5,2028,4,2028-T4,Stable,61.8,31.1,7.2,61.8
z_57.0_22.5,2029,1,2029-T1,Stable,66.8,28.7,4.5,66.8
z_57.0_22.5,2029,2,2029-T2,Stable,74.7,20.9,4.4,74.7
z_57.0_22.5,2029,3,2029-T3,Diminution,76.2,6.7,76.2,17.1
z_57.0_22.5,2029,4,2029-T4,Stable,62.6,31.5,5.9,62.6
z_57.0_22.5,2030,1,2030-T1,Stable,67.8,27.7,4.6,67.8
z_57.0_22.5,2030,2,2030-T2,Stable,75.6,19.8,4.6,75.6
z_57.0_22.5,2030,3,2030-T3,Diminution,76.2,6.7,76.2,17.1
z_57.0_22.5,2030,4,2030-T4,Stable,68.8,25.1,6.1,68.8
z_57.0_24.0,2023,1,2023-T1,Stable,79.3,16.2,4.5,79.3
z_57.0_24.0,2023,2,2023-T2,Stable,91.5,5.3,3.2,91.5
z_57.0_24.0,2023,3,2023-T3,Stable,89.9,7.9,2.2,89.9
z_57.0_24.0,2023,4,2023-T4,Stable,94.2,3.2,2.6,94.2
z_57.0_24.0,2024,1,2024-T1,Stable,90.6,6.1,3.3,90.6
z_57.0_24.0,2024,2,2024-T2,Stable,92.1,2.9,5.0,92.1
z_57.0_24.0,2024,3,2024-T3,Stable,92.9,4.8,2.2,92.9
z_57.0_24.0,2024,4,2024-T4,Stable,94.2,3.2,2.6,94.2
z_57.0_24.0,2025,1,2025-T1,Stable,89.5,7.0,3.5,89.5
z_57.0_24.0,2025,2,2025-T2,Stable,91.8,4.0,4.2,91.8
z_57.0_24.0,2025,3,2025-T3,Stable,90.8,6.0,3.3,90.8
z_57.0_24.0,2025,4,2025-T4,Stable,95.6,2.6,1.8,95.6
z_57.0_24.0,2026,1,2026-T1,Stable,85.5,10.9,3.6,85.5
z_57.0_24.0,2026,2,2026-T2,Stable,92.5,4.1,3.5,92.5
z_57.0_24.0,2026,3,2026-T3,Stable,90.9,6.6,2.4,90.9
z_57.0_24.0,2026,4,2026-T4,Stable,94.2,3.2,2.6,94.2
z_57.0_24.0,2027,1,2027-T1,Stable,90.9,5.9,3.2,90.9
z_57.0_24.0,2027,2,2027-T2,Stable,94.7,3.4,1.9,94.7
z_57.0_24.0,2027,3,2027-T3,Stable,92.5,5.0,2.5,92.5
z_57.0_24.0,2027,4,2027-T4,Stable,94.2,3.2,2.6,94.2
z_57.0_24.0,2028,1,2028-T1,Stable,90.1,6.5,3.3,90.1
z_57.0_24.0,2028,2,2028-T2,Stable,94.7,3.4,1.9,94.7
z_57.0_24.0,2028,3,2028-T3,Stable,93.1,4.7,2.2,93.1
z_57.0_24.0,2028,4,2028-T4,Stable,94.2,3.2,2.6,94.2
z_57.0_24.0,2029,1,2029-T1,Stable,91.1,6.1,2.8,91.1
z_57.0_24.0,2029,2,2029-T2,Stable,94.7,3.4,1.9,94.7
z_57.0_24.0,2029,3,2029-T3,Stable,93.1,4.7,2.2,93.1
z_57.0_24.0,2029,4,2029-T4,Stable,94.2,3.2,2.6,94.2
z_57.0_24.0,2030,1,2030-T1,Stable,91.1,6.0,3.0,91.1
z_57.0_24.0,2030,2,2030-T2,Stable,94.7,3.4,1.9,94.7
z_57.0_24.0,2030,3,2030-T3,Stable,93.1,4.7,2.2,93.1
z_57.0_24.0,2030,4,2030-T4,Stable,94.2,3.2,2.6,94.2
z_57.0_3.0,2023,1,2023-T1,Stable,94.3,3.4,2.3,94.3
z_57.0_3.0,2023,2,2023-T2,Stable,93.6,3.8,2.5,93.6
z_57.0_3.0,2023,3,2023-T3,Stable,94.8,2.7,2.5,94.8
z_57.0_3.0,2023,4,2023-T4,Stable,94.5,2.7,2.8,94.5
z_57.0_3.0,2024,1,2024-T1,Stable,93.9,2.5,3.7,93.9
z_57.0_3.0,2024,2,2024-T2,Stable,96.1,1.6,2.3,96.1
z_57.0_3.0,2024,3,2024-T3,Stable,94.3,2.9,2.8,94.3
z_57.0_3.0,2024,4,2024-T4,Stable,93.9,3.1,3.0,93.9
z_57.0_3.0,2025,1,2025-T1,Stable,84.0,9.8,6.1,84.0
z_57.0_3.0,2025,2,2025-T2,Stable,90.5,6.1,3.4,90.5
z_57.0_3.0,2025,3,2025-T3,Stable,88.6,8.3,3.1,88.6
z_57.0_3.0,2025,4,2025-T4,Stable,90.9,5.0,4.1,90.9
z_57.0_3.0,2026,1,2026-T1,Stable,94.3,3.4,2.3,94.3
z_57.0_3.0,2026,2,2026-T2,Stable,92.8,4.8,2.4,92.8
z_57.0_3.0,2026,3,2026-T3,Stable,95.0,2.6,2.4,95.0
z_57.0_3.0,2026,4,2026-T4,Stable,95.0,2.7,2.3,95.0
z_57.0_3.0,2027,1,2027-T1,Stable,93.9,2.5,3.7,93.9
z_57.0_3.0,2027,2,2027-T2,Stable,96.2,1.4,2.4,96.2
z_57.0_3.0,2027,3,2027-T3,Stable,94.3,2.8,2.9,94.3
z_57.0_3.0,2027,4,2027-T4,Stable,94.6,2.7,2.7,94.6
z_57.0_3.0,2028,1,2028-T1,Stable,93.9,2.5,3.7,93.9
z_57.0_3.0,2028,2,2028-T2,Stable,95.7,1.7,2.6,95.7
z_57.0_3.0,2028,3,2028-T3,Stable,94.8,2.7,2.5,94.8
z_57.0_3.0,2028,4,2028-T4,Stable,95.1,2.4,2.5,95.1
z_57.0_3.0,2029,1,2029-T1,Stable,93.9,2.5,3.7,93.9
z_57.0_3.0,2029,2,2029-T2,Stable,95.9,1.7,2.4,95.9
z_57.0_3.0,2029,3,2029-T3,Stable,94.3,2.9,2.8,94.3
z_57.0_3.0,2029,4,2029-T4,Stable,94.5,2.7,2.8,94.5
z_57.0_3.0,2030,1,2030-T1,Stable,93.9,2.5,3.7,93.9
z_57.0_3.0,2030,2,2030-T2,Stable,95.9,1.6,2.5,95.9
z_57.0_3.0,2030,3,2030-T3,Stable,94.8,2.7,2.5,94.8
z_57.0_3.0,2030,4,2030-T4,Stable,95.0,2.6,2.4,95.0
z_57.0_4.5,2023,1,2023-T1,Stable,79.0,17.6,3.5,79.0
z_57.0_4.5,2023,2,2023-T2,Stable,84.4,10.5,5.0,84.4
z_57.0_4.5,2023,3,2023-T3,Stable,80.5,15.7,3.9,80.5
z_57.0_4.5,2023,4,2023-T4,Stable,73.2,16.8,9.9,73.2
z_57.0_4.5,2024,1,2024-T1,Stable,75.1,21.1,3.7,75.1
z_57.0_4.5,2024,2,2024-T2,Stable,71.6,23.3,5.1,71.6
z_57.0_4.5,2024,3,2024-T3,Stable,79.0,17.7,3.3,79.0
z_57.0_4.5,2024,4,2024-T4,Stable,57.1,39.0,3.9,57.1
z_57.0_4.5,2025,1,2025-T1,Stable,60.9,35.3,3.8,60.9
z_57.0_4.5,2025,2,2025-T2,Stable,73.8,19.8,6.4,73.8
z_57.0_4.5,2025,3,2025-T3,Stable,81.8,14.8,3.4,81.8
z_57.0_4.5,2025,4,2025-T4,Stable,63.4,31.4,5.3,63.4
z_57.0_4.5,2026,1,2026-T1,Stable,70.2,23.8,6.1,70.2
z_57.0_4.5,2026,2,2026-T2,Stable,88.5,8.7,2.9,88.5
z_57.0_4.5,2026,3,2026-T3,Stable,88.9,7.2,3.9,88.9
z_57.0_4.5,2026,4,2026-T4,Stable,69.7,22.8,7.5,69.7
z_57.0_4.5,2027,1,2027-T1,Stable,77.4,16.4,6.2,77.4
z_57.0_4.5,2027,2,2027-T2,Stable,87.9,9.1,3.0,87.9
z_57.0_4.5,2027,3,2027-T3,Stable,89.0,5.4,5.6,89.0
z_57.0_4.5,2027,4,2027-T4,Stable,72.5,19.7,7.8,72.5
z_57.0_4.5,2028,1,2028-T1,Stable,75.7,19.0,5.4,75.7
z_57.0_4.5,2028,2,2028-T2,Stable,87.8,9.3,2.9,87.8
z_57.0_4.5,2028,3,2028-T3,Stable,87.1,7.8,5.1,87.1
z_57.0_4.5,2028,4,2028-T4,Stable,71.8,20.5,7.7,71.8
z_57.0_4.5,2029,1,2029-T1,Stable,80.7,15.8,3.5,80.7
z_57.0_4.5,2029,2,2029-T2,Stable,88.2,9.1,2.7,88.2
z_57.0_4.5,2029,3,2029-T3,Stable,86.3,9.7,4.0,86.3
z_57.0_4.5,2029,4,2029-T4,Stable,70.1,22.2,7.7,70.1
z_57.0_4.5,2030,1,2030-T1,Stable,80.4,16.3,3.3,80.4
z_57.0_4.5,2030,2,2030-T2,Stable,88.2,9.1,2.7,88.2
z_57.0_4.5,2030,3,2030-T3,Stable,90.6,6.5,2.9,90.6
z_57.0_4.5,2030,4,2030-T4,Stable,70.1,22.2,7.7,70.1
z_57.0_6.0,2023,1,2023-T1,Stable,67.9,25.5,6.5,67.9
z_57.0_6.0,2023,2,2023-T2,Stable,88.1,8.3,3.6,88.1
z_57.0_6.0,2023,3,2023-T3,Stable,81.8,14.4,3.8,81.8
z_57.0_6.0,2023,4,2023-T4,Stable,72.9,23.6,3.5,72.9
z_57.0_6.0,2024,1,2024-T1,Stable,66.8,26.8,6.4,66.8
z_57.0_6.0,2024,2,2024-T2,Stable,74.6,21.2,4.2,74.6
z_57.0_6.0,2024,3,2024-T3,Stable,78.6,16.8,4.6,78.6
z_57.0_6.0,2024,4,2024-T4,Stable,84.6,6.9,8.5,84.6
z_57.0_6.0,2025,1,2025-T1,Stable,69.2,24.2,6.6,69.2
z_57.0_6.0,2025,2,2025-T2,Stable,87.7,8.9,3.4,87.7
z_57.0_6.0,2025,3,2025-T3,Stable,86.0,10.6,3.4,86.0
z_57.0_6.0,2025,4,2025-T4,Stable,85.2,10.5,4.3,85.2
z_57.0_6.0,2026,1,2026-T1,Stable,69.0,21.9,9.0,69.0
z_57.0_6.0,2026,2,2026-T2,Stable,87.8,9.1,3.1,87.8
z_57.0_6.0,2026,3,2026-T3,Stable,83.8,12.3,3.9,83.8
z_57.0_6.0,2026,4,2026-T4,Stable,90.8,6.3,2.9,90.8
z_57.0_6.0,2027,1,2027-T1,Stable,65.0,27.6,7.4,65.0
z_57.0_6.0,2027,2,2027-T2,Stable,90.1,6.8,3.1,90.1
z_57.0_6.0,2027,3,2027-T3,Stable,85.9,10.3,3.8,85.9
z_57.0_6.0,2027,4,2027-T4,Stable,88.7,7.9,3.5,88.7
z_57.0_6.0,2028,1,2028-T1,Stable,71.2,22.3,6.5,71.2
z_57.0_6.0,2028,2,2028-T2,Stable,88.6,8.1,3.3,88.6
z_57.0_6.0,2028,3,2028-T3,Stable,82.1,13.4,4.5,82.1
z_57.0_6.0,2028,4,2028-T4,Stable,90.9,6.1,3.0,90.9
z_57.0_6.0,2029,1,2029-T1,Stable,68.4,25.9,5.7,68.4
z_57.0_6.0,2029,2,2029-T2,Stable,88.7,8.5,2.8,88.7
z_57.0_6.0,2029,3,2029-T3,Stable,86.6,9.5,3.9,86.6
z_57.0_6.0,2029,4,2029-T4,Stable,90.3,6.7,3.0,90.3
z_57.0_6.0,2030,1,2030-T1,Stable,66.9,27.9,5.2,66.9
z_57.0_6.0,2030,2,2030-T2,Stable,88.7,8.5,2.8,88.7
z_57.0_6.0,2030,3,2030-T3,Stable,84.9,11.0,4.1,84.9
z_57.0_6.0,2030,4,2030-T4,Stable,90.5,6.7,2.8,90.5
z_57.0_7.5,2023,1,2023-T1,Diminution,72.4,11.5,72.4,16.1
z_57.0_7.5,2023,2,2023-T2,Diminution,59.8,20.0,59.8,20.2
z_57.0_7.5,2023,3,2023-T3,Augmentation,52.9,52.9,6.0,41.1
z_57.0_7.5,2023,4,2023-T4,Stable,48.3,45.6,6.1,48.3
z_57.0_7.5,2024,1,2024-T1,Diminution,47.4,33.7,47.4,18.9
z_57.0_7.5,2024,2,2024-T2,Diminution,57.4,26.1,57.4,16.5
z_57.0_7.5,2024,3,2024-T3,Stable,50.3,42.8,6.9,50.3
z_57.0_7.5,2024,4,2024-T4,Augmentation,51.4,51.4,5.0,43.6
z_57.0_7.5,2025,1,2025-T1,Diminution,53.7,28.3,53.7,17.9
z_57.0_7.5,2025,2,2025-T2,Diminution,65.2,18.6,65.2,16.1
z_57.0_7.5,2025,3,2025-T3,Augmentation,55.1,55.1,6.3,38.6
z_57.0_7.5,2025,4,2025-T4,Augmentation,58.9,58.9,4.4,36.7
z_57.0_7.5,2026,1,2026-T1,Diminution,60.9,18.9,60.9,20.2
z_57.0_7.5,2026,2,2026-T2,Diminution,68.7,13.5,68.7,17.8
z_57.0_7.5,2026,3,2026-T3,Stable,51.9,42.5,5.6,51.9
z_57.0_7.5,2026,4,2026-T4,Augmentation,54.0,54.0,4.3,41.7
z_57.0_7.5,2027,1,2027-T1,Diminution,56.5,22.9,56.5,20.6
z_57.0_7.5,2027,2,2027-T2,Diminution,56.2,24.0,56.2,19.8
z_57.0_7.5,2027,3,2027-T3,Stable,52.4,43.5,4.2,52.4
z_57.0_7.5,2027,4,2027-T4,Augmentation,50.4,50.4,4.1,45.5
z_57.0_7.5,2028,1,2028-T1,Diminution,60.4,19.8,60.4,19.8
z_57.0_7.5,2028,2,2028-T2,Diminution,58.8,21.6,58.8,19.5
z_57.0_7.5,2028,3,2028-T3,Stable,47.7,47.5,4.8,47.7
z_57.0_7.5,2028,4,2028-T4,Stable,48.4,48.2,3.4,48.4
z_57.0_7.5,2029,1,2029-T1,Diminution,57.6,22.7,57.6,19.7
z_57.0_7.5,2029,2,2029-T2,Diminution,57.4,23.4,57.4,19.2
z_57.0_7.5,2029,3,2029-T3,Stable,48.6,46.4,5.0,48.6
z_57.0_7.5,2029,4,2029-T4,Stable,50.3,46.1,3.7,50.3
z_57.0_7.5,2030,1,2030-T1,Diminution,58.6,21.5,58.6,19.9
z_57.0_7.5,2030,2,2030-T2,Diminution,59.7,20.0,59.7,20.4
z_57.0_7.5,2030,3,2030-T3,Stable,51.0,43.7,5.3,51.0
z_57.0_7.5,2030,4,2030-T4,Stable,52.3,44.0,3.7,52.3
z_57.0_9.0,2023,1,2023-T1,Augmentation,62.2,62.2,8.4,29.4
z_57.0_9.0,2023,2,2023-T2,Augmentation,47.2,47.2,36.3,16.5
z_57.0_9.0,2023,3,2023-T3,Augmentation,73.2,73.2,8.4,18.4
z_57.0_9.0,2023,4,2023-T4,Augmentation,49.2,49.2,33.9,16.9
z_57.0_9.0,2024,1,2024-T1,Augmentation,53.8,53.8,11.3,34.9
z_57.0_9.0,2024,2,2024-T2,Diminution,48.5,34.8,48.5,16.7
z_57.0_9.0,2024,3,2024-T3,Stable,52.8,43.6,3.6,52.8
z_57.0_9.0,2024,4,2024-T4,Diminution,58.8,22.5,58.8,18.7
z_57.0_9.0,2025,1,2025-T1,Augmentation,52.3,52.3,8.7,39.0
z_57.0_9.0,2025,2,2025-T2,Augmentation,38.9,38.9,44.6,16.4
z_57.0_9.0,2025,3,2025-T3,Augmentation,55.2,55.2,5.7,39.2
z_57.0_9.0,2025,4,2025-T4,Diminution,49.5,31.6,49.5,18.9
z_57.0_9.0,2026,1,2026-T1,Stable,51.7,33.8,14.5,51.7
z_57.0_9.0,2026,2,2026-T2,Diminution,72.5,13.9,72.5,13.6
z_57.0_9.0,2026,3,2026-T3,Stable,57.6,34.0,8.4,57.6
z_57.0_9.0,2026,4,2026-T4,Diminution,47.9,33.9,47.9,18.3
z_57.0_9.0,2027,1,2027-T1,Augmentation,51.8,51.8,6.6,41.6
z_57.0_9.0,2027,2,2027-T2,Diminution,53.9,28.3,53.9,17.8
z_57.0_9.0,2027,3,2027-T3,Stable,53.5,42.5,4.0,53.5
z_57.0_9.0,2027,4,2027-T4,Diminution,56.8,26.2,56.8,17.0
z_57.0_9.0,2028,1,2028-T1,Stable,47.2,46.0,6.9,47.2
z_57.0_9.0,2028,2,2028-T2,Diminution,59.9,22.1,59.9,18.0
z_57.0_9.0,2028,3,2028-T3,Stable,51.1,44.8,4.2,51.1
z_57.0_9.0,2028,4,2028-T4,Diminution,50.1,33.0,50.1,16.9
z_57.0_9.0,2029,1,2029-T1,Stable,49.0,45.0,6.0,49.0
z_57.0_9.0,2029,2,2029-T2,Diminution,56.2,25.1,56.2,18.7
z_57.0_9.0,2029,3,2029-T3,Stable,52.8,42.5,4.6,52.8
z_57.0_9.0,2029,4,2029-T4,Diminution,58.4,23.4,58.4,18.2
z_57.0_9.0,2030,1,2030-T1,Stable,49.1,44.5,6.4,49.1
z_57.0_9.0,2030,2,2030-T2,Diminution,57.0,24.2,57.0,18.8
z_57.0_9.0,2030,3,2030-T3,Stable,53.0,42.4,4.7,53.0
z_57.0_9.0,2030,4,2030-T4,Diminution,55.3,26.7,55.3,18.1
z_58.5_-1.5,2023,1,2023-T1,Stable,75.3,20.4,4.3,75.3
z_58.5_-1.5,2023,2,2023-T2,Stable,86.6,8.8,4.7,86.6
z_58.5_-1.5,2023,3,2023-T3,Stable,93.9,3.9,2.2,93.9
z_58.5_-1.5,2023,4,2023-T4,Stable,74.9,17.5,7.6,74.9
z_58.5_-1.5,2024,1,2024-T1,Stable,82.3,13.6,4.1,82.3
z_58.5_-1.5,2024,2,2024-T2,Stable,88.9,7.9,3.2,88.9
z_58.5_-1.5,2024,3,2024-T3,Stable,85.5,11.4,3.1,85.5
z_58.5_-1.5,2024,4,2024-T4,Stable,77.4,15.3,7.3,77.4
z_58.5_-1.5,2025,1,2025-T1,Stable,81.0,15.7,3.3,81.0
z_58.5_-1.5,2025,2,2025-T2,Stable,88.7,8.5,2.8,88.7
z_58.5_-1.5,2025,3,2025-T3,Stable,92.8,4.3,2.9,92.8
z_58.5_-1.5,2025,4,2025-T4,Stable,70.4,22.0,7.6,70.4
z_58.5_-1.5,2026,1,2026-T1,Stable,79.5,17.3,3.2,79.5
z_58.5_-1.5,2026,2,2026-T2,Stable,88.7,8.5,2.8,88.7
z_58.5_-1.5,2026,3,2026-T3,Stable,92.0,5.1,2.9,92.0
z_58.5_-1.5,2026,4,2026-T4,Stable,74.3,18.0,7.8,74.3
z_58.5_-1.5,2027,1,2027-T1,Stable,76.6,19.9,3.5,76.6
z_58.5_-1.5,2027,2,2027-T2,Stable,88.7,8.5,2.8,88.7
z_58.5_-1.5,2027,3,2027-T3,Stable,92.2,5.2,2.6,92.2
z_58.5_-1.5,2027,4,2027-T4,Stable,72.9,19.4,7.7,72.9
z_58.5_-1.5,2028,1,2028-T1,Stable,83.0,13.8,3.2,83.0
z_58.5_-1.5,2028,2,2028-T2,Stable,88.7,8.5,2.8,88.7
z_58.5_-1.5,2028,3,2028-T3,Stable,92.7,4.6,2.8,92.7
z_58.5_-1.5,2028,4,2028-T4,Stable,71.1,21.3,7.6,71.1
z_58.5_-1.5,2029,1,2029-T1,Stable,79.7,17.0,3.3,79.7
z_58.5_-1.5,2029,2,2029-T2,Stable,88.7,8.5,2.8,88.7
z_58.5_-1.5,2029,3,2029-T3,Stable,92.8,4.6,2.6,92.8
z_58.5_-1.5,2029,4,2029-T4,Stable,71.1,21.3,7.6,71.1
z_58.5_-1.5,2030,1,2030-T1,Stable,79.8,17.1,3.1,79.8
z_58.5_-1.5,2030,2,2030-T2,Stable,88.7,8.5,2.8,88.7
z_58.5_-1.5,2030,3,2030-T3,Stable,92.8,4.6,2.6,92.8
z_58.5_-1.5,2030,4,2030-T4,Stable,71.1,21.3,7.6,71.1
z_58.5_-10.5,2023,1,2023-T1,Stable,97.7,0.2,2.1,97.7
z_58.5_-10.5,2023,2,2023-T2,Stable,98.0,0.1,1.9,98.0
z_58.5_-10.5,2023,3,2023-T3,Stable,97.6,0.2,2.2,97.6
z_58.5_-10.5,2023,4,2023-T4,Stable,97.8,0.2,2.0,97.8
z_58.5_-10.5,2024,1,2024-T1,Stable,97.7,0.2,2.1,97.7
z_58.5_-10.5,2024,2,2024-T2,Stable,98.0,0.1,1.9,98.0
z_58.5_-10.5,2024,3,2024-T3,Stable,97.6,0.2,2.2,97.6
z_58.5_-10.5,2024,4,2024-T4,Stable,97.8,0.2,2.0,97.8
z_58.5_-10.5,2025,1,2025-T1,Stable,97.7,0.2,2.1,97.7
z_58.5_-10.5,2025,2,2025-T2,Stable,95.6,0.3,4.1,95.6
z_58.5_-10.5,2025,3,2025-T3,Stable,96.8,0.6,2.6,96.8
z_58.5_-10.5,2025,4,2025-T4,Stable,98.2,0.3,1.5,98.2
z_58.5_-10.5,2026,1,2026-T1,Stable,94.4,2.3,3.3,94.4
z_58.5_-10.5,2026,2,2026-T2,Stable,98.0,0.1,1.9,98.0
z_58.5_-10.5,2026,3,2026-T3,Stable,97.6,0.2,2.2,97.6
z_58.5_-10.5,2026,4,2026-T4,Stable,97.8,0.2,2.0,97.8
z_58.5_-10.5,2027,1,2027-T1,Stable,95.9,0.7,3.4,95.9
z_58.5_-10.5,2027,2,2027-T2,Stable,98.0,0.1,1.9,98.0
z_58.5_-10.5,2027,3,2027-T3,Stable,97.6,0.2,2.2,97.6
z_58.5_-10.5,2027,4,2027-T4,Stable,97.8,0.2,2.0,97.8
z_58.5_-10.5,2028,1,2028-T1,Stable,95.2,0.7,4.1,95.2
z_58.5_-10.5,2028,2,2028-T2,Stable,98.0,0.1,1.9,98.0
z_58.5_-10.5,2028,3,2028-T3,Stable,97.6,0.2,2.2,97.6
z_58.5_-10.5,2028,4,2028-T4,Stable,97.8,0.2,2.0,97.8
z_58.5_-10.5,2029,1,2029-T1,Stable,97.5,0.2,2.3,97.5
z_58.5_-10.5,2029,2,2029-T2,Stable,98.0,0.1,1.9,98.0
z_58.5_-10.5,2029,3,2029-T3,Stable,97.6,0.2,2.2,97.6
z_58.5_-10.5,2029,4,2029-T4,Stable,97.8,0.2,2.0,97.8
z_58.5_-10.5,2030,1,2030-T1,Stable,95.7,0.9,3.4,95.7
z_58.5_-10.5,2030,2,2030-T2,Stable,98.0,0.1,1.9,98.0
z_58.5_-10.5,2030,3,2030-T3,Stable,97.6,0.2,2.2,97.6
z_58.5_-10.5,2030,4,2030-T4,Stable,97.8,0.2,2.0,97.8
z_58.5_-3.0,2023,1,2023-T1,Stable,65.7,19.7,14.6,65.7
z_58.5_-3.0,2023,2,2023-T2,Stable,69.1,16.5,14.4,69.1
z_58.5_-3.0,2023,3,2023-T3,Diminution,83.2,3.4,83.2,13.4
z_58.5_-3.0,2023,4,2023-T4,Diminution,83.3,2.3,83.3,14.4
z_58.5_-3.0,2024,1,2024-T1,Stable,71.6,19.4,9.0,71.6
z_58.5_-3.0,2024,2,2024-T2,Stable,78.9,12.0,9.2,78.9
z_58.5_-3.0,2024,3,2024-T3,Diminution,82.2,2.0,82.2,15.8
z_58.5_-3.0,2024,4,2024-T4,Diminution,81.2,2.6,81.2,16.2
z_58.5_-3.0,2025,1,2025-T1,Stable,68.7,23.6,7.6,68.7
z_58.5_-3.0,2025,2,2025-T2,Stable,75.9,15.9,8.2,75.9
z_58.5_-3.0,2025,3,2025-T3,Diminution,82.9,2.9,82.9,14.2
z_58.5_-3.0,2025,4,2025-T4,Diminution,82.9,2.7,82.9,14.4
z_58.5_-3.0,2026,1,2026-T1,Stable,70.6,23.0,6.5,70.6
z_58.5_-3.0,2026,2,2026-T2,Stable,79.0,12.8,8.1,79.0
z_58.5_-3.0,2026,3,2026-T3,Diminution,83.2,2.3,83.2,14.5
z_58.5_-3.0,2026,4,2026-T4,Diminution,82.5,2.4,82.5,15.1
z_58.5_-3.0,2027,1,2027-T1,Stable,67.2,26.3,6.4,67.2
z_58.5_-3.0,2027,2,2027-T2,Stable,77.7,14.3,8.1,77.7
z_58.5_-3.0,2027,3,2027-T3,Diminution,83.2,2.3,83.2,14.5
z_58.5_-3.0,2027,4,2027-T4,Diminution,82.5,2.4,82.5,15.1
z_58.5_-3.0,2028,1,2028-T1,Stable,73.1,20.1,6.9,73.1
z_58.5_-3.0,2028,2,2028-T2,Stable,77.2,15.1,7.6,77.2
z_58.5_-3.0,2028,3,2028-T3,Diminution,83.2,2.3,83.2,14.5
z_58.5_-3.0,2028,4,2028-T4,Diminution,82.5,2.4,82.5,15.1
z_58.5_-3.0,2029,1,2029-T1,Stable,69.6,23.3,7.1,69.6
z_58.5_-3.0,2029,2,2029-T2,Stable,77.2,15.1,7.6,77.2
z_58.5_-3.0,2029,3,2029-T3,Diminution,83.2,2.3,83.2,14.5
z_58.5_-3.0,2029,4,2029-T4,Diminution,82.5,2.4,82.5,15.1
z_58.5_-3.0,2030,1,2030-T1,Stable,69.9,23.6,6.5,69.9
z_58.5_-3.0,2030,2,2030-T2,Stable,77.2,15.1,7.6,77.2
z_58.5_-3.0,2030,3,2030-T3,Diminution,83.2,2.3,83.2,14.5
z_58.5_-3.0,2030,4,2030-T4,Diminution,82.5,2.4,82.5,15.1
z_58.5_-6.0,2023,1,2023-T1,Stable,79.4,16.6,4.0,79.4
z_58.5_-6.0,2023,2,2023-T2,Stable,87.2,5.7,7.1,87.2
z_58.5_-6.0,2023,3,2023-T3,Stable,92.1,5.1,2.8,92.1
z_58.5_-6.0,2023,4,2023-T4,Stable,83.0,13.0,4.0,83.0
z_58.5_-6.0,2024,1,2024-T1,Stable,76.3,19.5,4.1,76.3
z_58.5_-6.0,2024,2,2024-T2,Stable,87.2,7.4,5.4,87.2
z_58.5_-6.0,2024,3,2024-T3,Stable,92.0,5.1,2.9,92.0
z_58.5_-6.0,2024,4,2024-T4,Stable,87.7,9.0,3.3,87.7
z_58.5_-6.0,2025,1,2025-T1,Stable,83.0,13.3,3.7,83.0
z_58.5_-6.0,2025,2,2025-T2,Stable,87.5,8.2,4.3,87.5
z_58.5_-6.0,2025,3,2025-T3,Stable,90.6,6.1,3.3,90.6
z_58.5_-6.0,2025,4,2025-T4,Stable,87.0,10.3,2.7,87.0
z_58.5_-6.0,2026,1,2026-T1,Stable,79.1,16.9,4.0,79.1
z_58.5_-6.0,2026,2,2026-T2,Stable,88.2,7.9,3.9,88.2
z_58.5_-6.0,2026,3,2026-T3,Stable,92.1,5.2,2.7,92.1
z_58.5_-6.0,2026,4,2026-T4,Stable,85.5,11.6,2.9,85.5
z_58.5_-6.0,2027,1,2027-T1,Stable,79.7,16.8,3.5,79.7
z_58.5_-6.0,2027,2,2027-T2,Stable,88.2,7.9,3.9,88.2
z_58.5_-6.0,2027,3,2027-T3,Stable,92.1,5.2,2.7,92.1
z_58.5_-6.0,2027,4,2027-T4,Stable,85.5,11.6,2.9,85.5
z_58.5_-6.0,2028,1,2028-T1,Stable,76.3,19.5,4.1,76.3
z_58.5_-6.0,2028,2,2028-T2,Stable,88.2,7.9,3.9,88.2
z_58.5_-6.0,2028,3,2028-T3,Stable,92.1,5.2,2.7,92.1
z_58.5_-6.0,2028,4,2028-T4,Stable,85.5,11.6,2.9,85.5
z_58.5_-6.0,2029,1,2029-T1,Stable,83.0,13.3,3.7,83.0
z_58.5_-6.0,2029,2,2029-T2,Stable,88.2,7.9,3.9,88.2
z_58.5_-6.0,2029,3,2029-T3,Stable,92.1,5.2,2.7,92.1
z_58.5_-6.0,2029,4,2029-T4,Stable,85.5,11.6,2.9,85.5
z_58.5_-6.0,2030,1,2030-T1,Stable,79.2,17.0,3.9,79.2
z_58.5_-6.0,2030,2,2030-T2,Stable,88.2,7.9,3.9,88.2
z_58.5_-6.0,2030,3,2030-T3,Stable,92.1,5.2,2.7,92.1
z_58.5_-6.0,2030,4,2030-T4,Stable,85.5,11.6,2.9,85.5
z_58.5_-9.0,2023,1,2023-T1,Stable,94.9,1.5,3.6,94.9
z_58.5_-9.0,2023,2,2023-T2,Stable,96.2,1.6,2.3,96.2
z_58.5_-9.0,2023,3,2023-T3,Stable,97.1,0.4,2.5,97.1
z_58.5_-9.0,2023,4,2023-T4,Stable,97.1,0.4,2.4,97.1
z_58.5_-9.0,2024,1,2024-T1,Stable,96.4,0.6,3.0,96.4
z_58.5_-9.0,2024,2,2024-T2,Stable,97.3,0.9,1.8,97.3
z_58.5_-9.0,2024,3,2024-T3,Stable,97.1,0.4,2.5,97.1
z_58.5_-9.0,2024,4,2024-T4,Stable,97.1,0.4,2.4,97.1
z_58.5_-9.0,2025,1,2025-T1,Stable,96.4,0.6,3.0,96.4
z_58.5_-9.0,2025,2,2025-T2,Stable,96.4,1.1,2.5,96.4
z_58.5_-9.0,2025,3,2025-T3,Stable,96.3,0.8,3.0,96.3
z_58.5_-9.0,2025,4,2025-T4,Stable,97.9,0.4,1.7,97.9
z_58.5_-9.0,2026,1,2026-T1,Stable,92.9,3.1,4.0,92.9
z_58.5_-9.0,2026,2,2026-T2,Stable,97.7,0.6,1.8,97.7
z_58.5_-9.0,2026,3,2026-T3,Stable,97.1,0.4,2.5,97.1
z_58.5_-9.0,2026,4,2026-T4,Stable,97.1,0.4,2.4,97.1
z_58.5_-9.0,2027,1,2027-T1,Stable,95.7,1.0,3.3,95.7
z_58.5_-9.0,2027,2,2027-T2,Stable,97.7,0.6,1.8,97.7
z_58.5_-9.0,2027,3,2027-T3,Stable,97.1,0.4,2.5,97.1
z_58.5_-9.0,2027,4,2027-T4,Stable,97.1,0.4,2.4,97.1
z_58.5_-9.0,2028,1,2028-T1,Stable,95.3,1.4,3.4,95.3
z_58.5_-9.0,2028,2,2028-T2,Stable,97.7,0.6,1.8,97.7
z_58.5_-9.0,2028,3,2028-T3,Stable,97.1,0.4,2.5,97.1
z_58.5_-9.0,2028,4,2028-T4,Stable,97.1,0.4,2.4,97.1
z_58.5_-9.0,2029,1,2029-T1,Stable,96.2,0.6,3.2,96.2
z_58.5_-9.0,2029,2,2029-T2,Stable,97.7,0.6,1.8,97.7
z_58.5_-9.0,2029,3,2029-T3,Stable,97.1,0.4,2.5,97.1
z_58.5_-9.0,2029,4,2029-T4,Stable,97.1,0.4,2.4,97.1
z_58.5_-9.0,2030,1,2030-T1,Stable,94.9,1.5,3.6,94.9
z_58.5_-9.0,2030,2,2030-T2,Stable,97.7,0.6,1.8,97.7
z_58.5_-9.0,2030,3,2030-T3,Stable,97.1,0.4,2.5,97.1
z_58.5_-9.0,2030,4,2030-T4,Stable,97.1,0.4,2.4,97.1
z_58.5_0.0,2023,1,2023-T1,Stable,75.7,18.8,5.5,75.7
z_58.5_0.0,2023,2,2023-T2,Stable,89.8,5.6,4.6,89.8
z_58.5_0.0,2023,3,2023-T3,Stable,89.1,8.1,2.8,89.1
z_58.5_0.0,2023,4,2023-T4,Diminution,88.5,1.2,88.5,10.3
z_58.5_0.0,2024,1,2024-T1,Stable,76.7,17.7,5.6,76.7
z_58.5_0.0,2024,2,2024-T2,Stable,84.4,9.9,5.7,84.4
z_58.5_0.0,2024,3,2024-T3,Stable,88.3,8.6,3.1,88.3
z_58.5_0.0,2024,4,2024-T4,Diminution,89.5,1.0,89.5,9.5
z_58.5_0.0,2025,1,2025-T1,Stable,79.2,16.5,4.3,79.2
z_58.5_0.0,2025,2,2025-T2,Stable,88.5,6.7,4.8,88.5
z_58.5_0.0,2025,3,2025-T3,Stable,93.8,3.9,2.3,93.8
z_58.5_0.0,2025,4,2025-T4,Diminution,88.5,1.0,88.5,10.5
z_58.5_0.0,2026,1,2026-T1,Stable,79.7,16.7,3.6,79.7
z_58.5_0.0,2026,2,2026-T2,Stable,89.9,7.0,3.1,89.9
z_58.5_0.0,2026,3,2026-T3,Stable,91.0,5.3,3.7,91.0
z_58.5_0.0,2026,4,2026-T4,Diminution,88.8,0.8,88.8,10.4
z_58.5_0.0,2027,1,2027-T1,Stable,79.7,16.7,3.6,79.7
z_58.5_0.0,2027,2,2027-T2,Stable,90.0,7.2,2.8,90.0
z_58.5_0.0,2027,3,2027-T3,Stable,90.7,5.9,3.5,90.7
z_58.5_0.0,2027,4,2027-T4,Diminution,89.3,0.9,89.3,9.8
z_58.5_0.0,2028,1,2028-T1,Stable,79.7,16.7,3.6,79.7
z_58.5_0.0,2028,2,2028-T2,Stable,90.0,7.2,2.8,90.0
z_58.5_0.0,2028,3,2028-T3,Stable,91.8,5.1,3.0,91.8
z_58.5_0.0,2028,4,2028-T4,Diminution,88.7,0.8,88.7,10.5
z_58.5_0.0,2029,1,2029-T1,Stable,79.7,16.7,3.6,79.7
z_58.5_0.0,2029,2,2029-T2,Stable,90.0,7.2,2.8,90.0
z_58.5_0.0,2029,3,2029-T3,Stable,91.6,5.5,2.9,91.6
z_58.5_0.0,2029,4,2029-T4,Diminution,88.7,0.8,88.7,10.5
z_58.5_0.0,2030,1,2030-T1,Stable,79.7,16.7,3.6,79.7
z_58.5_0.0,2030,2,2030-T2,Stable,90.0,7.2,2.8,90.0
z_58.5_0.0,2030,3,2030-T3,Stable,91.6,5.5,2.9,91.6
z_58.5_0.0,2030,4,2030-T4,Diminution,89.3,0.8,89.3,9.9
z_58.5_1.5,2023,1,2023-T1,Stable,78.4,12.4,9.3,78.4
z_58.5_1.5,2023,2,2023-T2,Stable,98.2,0.3,1.5,98.2
z_58.5_1.5,2023,3,2023-T3,Stable,93.2,1.4,5.4,93.2
z_58.5_1.5,2023,4,2023-T4,Stable,95.1,1.2,3.7,95.1
z_58.5_1.5,2024,1,2024-T1,Stable,76.5,14.6,8.9,76.5
z_58.5_1.5,2024,2,2024-T2,Stable,98.2,0.3,1.5,98.2
z_58.5_1.5,2024,3,2024-T3,Stable,90.5,3.0,6.5,90.5
z_58.5_1.5,2024,4,2024-T4,Stable,95.8,1.3,2.9,95.8
z_58.5_1.5,2025,1,2025-T1,Stable,78.6,14.8,6.7,78.6
z_58.5_1.5,2025,2,2025-T2,Stable,96.4,1.3,2.3,96.4
z_58.5_1.5,2025,3,2025-T3,Stable,92.9,2.2,4.8,92.9
z_58.5_1.5,2025,4,2025-T4,Stable,95.6,1.3,3.1,95.6
z_58.5_1.5,2026,1,2026-T1,Stable,78.3,12.1,9.6,78.3
z_58.5_1.5,2026,2,2026-T2,Stable,97.4,0.5,2.1,97.4
z_58.5_1.5,2026,3,2026-T3,Stable,95.3,1.4,3.3,95.3
z_58.5_1.5,2026,4,2026-T4,Stable,97.1,0.7,2.2,97.1
z_58.5_1.5,2027,1,2027-T1,Stable,76.3,15.0,8.6,76.3
z_58.5_1.5,2027,2,2027-T2,Stable,97.3,0.4,2.3,97.3
z_58.5_1.5,2027,3,2027-T3,Stable,94.3,2.0,3.8,94.3
z_58.5_1.5,2027,4,2027-T4,Stable,97.1,0.7,2.2,97.1
z_58.5_1.5,2028,1,2028-T1,Stable,78.6,13.9,7.6,78.6
z_58.5_1.5,2028,2,2028-T2,Stable,97.7,0.4,1.8,97.7
z_58.5_1.5,2028,3,2028-T3,Stable,93.8,2.4,3.7,93.8
z_58.5_1.5,2028,4,2028-T4,Stable,97.1,0.7,2.2,97.1
z_58.5_1.5,2029,1,2029-T1,Stable,78.6,13.9,7.6,78.6
z_58.5_1.5,2029,2,2029-T2,Stable,96.9,0.6,2.5,96.9
z_58.5_1.5,2029,3,2029-T3,Stable,96.6,1.0,2.4,96.6
z_58.5_1.5,2029,4,2029-T4,Stable,97.1,0.7,2.2,97.1
z_58.5_1.5,2030,1,2030-T1,Stable,78.6,13.9,7.6,78.6
z_58.5_1.5,2030,2,2030-T2,Stable,97.8,0.4,1.8,97.8
z_58.5_1.5,2030,3,2030-T3,Stable,95.4,1.4,3.2,95.4
z_58.5_1.5,2030,4,2030-T4,Stable,97.1,0.7,2.2,97.1
z_58.5_10.5,2023,1,2023-T1,Augmentation,56.7,56.7,30.7,12.7
z_58.5_10.5,2023,2,2023-T2,Augmentation,50.5,50.5,38.9,10.6
z_58.5_10.5,2023,3,2023-T3,Augmentation,60.1,60.1,28.5,11.4
z_58.5_10.5,2023,4,2023-T4,Augmentation,73.4,73.4,15.2,11.4
z_58.5_10.5,2024,1,2024-T1,Augmentation,63.4,63.4,26.9,9.7
z_58.5_10.5,2024,2,2024-T2,Augmentation,56.5,56.5,35.3,8.2
z_58.5_10.5,2024,3,2024-T3,Augmentation,52.6,52.6,36.1,11.3
z_58.5_10.5,2024,4,2024-T4,Augmentation,56.0,56.0,29.2,14.9
z_58.5_10.5,2025,1,2025-T1,Diminution,51.1,34.4,51.1,14.4
z_58.5_10.5,2025,2,2025-T2,Diminution,55.0,32.8,55.0,12.2
z_58.5_10.5,2025,3,2025-T3,Augmentation,43.0,43.0,45.8,11.1
z_58.5_10.5,2025,4,2025-T4,Augmentation,51.4,51.4,35.3,13.3
z_58.5_10.5,2026,1,2026-T1,Diminution,50.3,36.3,50.3,13.4
z_58.5_10.5,2026,2,2026-T2,Diminution,57.1,28.0,57.1,14.9
z_58.5_10.5,2026,3,2026-T3,Diminution,53.3,35.1,53.3,11.6
z_58.5_10.5,2026,4,2026-T4,Augmentation,46.5,46.5,39.0,14.5
z_58.5_10.5,2027,1,2027-T1,Diminution,54.7,32.5,54.7,12.8
z_58.5_10.5,2027,2,2027-T2,Diminution,57.7,30.9,57.7,11.4
z_58.5_10.5,2027,3,2027-T3,Diminution,51.5,36.4,51.5,12.1
z_58.5_10.5,2027,4,2027-T4,Augmentation,44.1,44.1,40.4,15.5
z_58.5_10.5,2028,1,2028-T1,Diminution,52.6,34.0,52.6,13.4
z_58.5_10.5,2028,2,2028-T2,Diminution,60.9,28.5,60.9,10.6
z_58.5_10.5,2028,3,2028-T3,Diminution,55.2,32.1,55.2,12.6
z_58.5_10.5,2028,4,2028-T4,Augmentation,44.7,44.7,39.3,16.0
z_58.5_10.5,2029,1,2029-T1,Diminution,53.5,33.2,53.5,13.3
z_58.5_10.5,2029,2,2029-T2,Diminution,59.5,29.7,59.5,10.8
z_58.5_10.5,2029,3,2029-T3,Diminution,55.5,33.2,55.5,11.3
z_58.5_10.5,2029,4,2029-T4,Augmentation,42.0,42.0,41.0,17.0
z_58.5_10.5,2030,1,2030-T1,Diminution,52.5,33.5,52.5,14.0
z_58.5_10.5,2030,2,2030-T2,Diminution,61.2,27.6,61.2,11.2
z_58.5_10.5,2030,3,2030-T3,Diminution,55.6,32.8,55.6,11.6
z_58.5_10.5,2030,4,2030-T4,Augmentation,44.8,44.8,39.9,15.3
z_58.5_15.0,2023,1,2023-T1,Stable,65.0,30.2,4.9,65.0
z_58.5_15.0,2023,2,2023-T2,Stable,75.6,14.8,9.6,75.6
z_58.5_15.0,2023,3,2023-T3,Stable,90.3,6.6,3.0,90.3
z_58.5_15.0,2023,4,2023-T4,Stable,90.3,4.9,4.8,90.3
z_58.5_15.0,2024,1,2024-T1,Stable,80.8,12.9,6.2,80.8
z_58.5_15.0,2024,2,2024-T2,Stable,78.3,11.6,10.1,78.3
z_58.5_15.0,2024,3,2024-T3,Stable,86.9,8.1,5.1,86.9
z_58.5_15.0,2024,4,2024-T4,Stable,91.2,5.3,3.5,91.2
z_58.5_15.0,2025,1,2025-T1,Stable,82.0,13.6,4.5,82.0
z_58.5_15.0,2025,2,2025-T2,Stable,81.1,13.5,5.4,81.1
z_58.5_15.0,2025,3,2025-T3,Stable,75.7,17.5,6.8,75.7
z_58.5_15.0,2025,4,2025-T4,Stable,68.5,27.5,4.0,68.5
z_58.5_15.0,2026,1,2026-T1,Stable,66.5,29.0,4.5,66.5
z_58.5_15.0,2026,2,2026-T2,Stable,78.1,17.2,4.7,78.1
z_58.5_15.0,2026,3,2026-T3,Stable,84.7,8.0,7.3,84.7
z_58.5_15.0,2026,4,2026-T4,Stable,92.8,4.3,2.9,92.8
z_58.5_15.0,2027,1,2027-T1,Stable,84.8,12.2,3.0,84.8
z_58.5_15.0,2027,2,2027-T2,Stable,77.5,18.3,4.3,77.5
z_58.5_15.0,2027,3,2027-T3,Stable,85.5,9.6,4.9,85.5
z_58.5_15.0,2027,4,2027-T4,Stable,92.8,4.3,2.9,92.8
z_58.5_15.0,2028,1,2028-T1,Stable,84.4,12.2,3.4,84.4
z_58.5_15.0,2028,2,2028-T2,Stable,80.5,14.6,4.9,80.5
z_58.5_15.0,2028,3,2028-T3,Stable,89.2,7.1,3.7,89.2
z_58.5_15.0,2028,4,2028-T4,Stable,92.8,4.3,2.9,92.8
z_58.5_15.0,2029,1,2029-T1,Stable,85.9,11.5,2.6,85.9
z_58.5_15.0,2029,2,2029-T2,Stable,79.9,15.2,4.9,79.9
z_58.5_15.0,2029,3,2029-T3,Stable,89.1,8.5,2.4,89.1
z_58.5_15.0,2029,4,2029-T4,Stable,92.8,4.3,2.9,92.8
z_58.5_15.0,2030,1,2030-T1,Stable,85.6,11.5,2.9,85.6
z_58.5_15.0,2030,2,2030-T2,Stable,80.5,15.2,4.3,80.5
z_58.5_15.0,2030,3,2030-T3,Stable,91.2,6.4,2.4,91.2
z_58.5_15.0,2030,4,2030-T4,Stable,92.8,4.3,2.9,92.8
z_58.5_16.5,2023,1,2023-T1,Augmentation,78.2,78.2,17.9,3.9
z_58.5_16.5,2023,2,2023-T2,Augmentation,55.0,55.0,38.3,6.6
z_58.5_16.5,2023,3,2023-T3,Augmentation,70.4,70.4,24.3,5.3
z_58.5_16.5,2023,4,2023-T4,Augmentation,68.5,68.5,25.6,5.9
z_58.5_16.5,2024,1,2024-T1,Augmentation,70.6,70.6,23.6,5.9
z_58.5_16.5,2024,2,2024-T2,Augmentation,56.1,56.1,37.1,6.8
z_58.5_16.5,2024,3,2024-T3,Augmentation,66.9,66.9,26.5,6.6
z_58.5_16.5,2024,4,2024-T4,Augmentation,64.8,64.8,28.1,7.0
z_58.5_16.5,2025,1,2025-T1,Augmentation,53.6,53.6,38.6,7.9
z_58.5_16.5,2025,2,2025-T2,Augmentation,66.5,66.5,26.6,6.9
z_58.5_16.5,2025,3,2025-T3,Augmentation,77.4,77.4,17.0,5.5
z_58.5_16.5,2025,4,2025-T4,Augmentation,82.0,82.0,14.4,3.7
z_58.5_16.5,2026,1,2026-T1,Augmentation,48.9,48.9,43.5,7.7
z_58.5_16.5,2026,2,2026-T2,Augmentation,60.3,60.3,32.9,6.8
z_58.5_16.5,2026,3,2026-T3,Augmentation,64.4,64.4,29.5,6.1
z_58.5_16.5,2026,4,2026-T4,Augmentation,77.0,77.0,18.3,4.7
z_58.5_16.5,2027,1,2027-T1,Augmentation,81.4,81.4,15.1,3.5
z_58.5_16.5,2027,2,2027-T2,Augmentation,81.9,81.9,15.4,2.8
z_58.5_16.5,2027,3,2027-T3,Augmentation,80.5,80.5,16.1,3.4
z_58.5_16.5,2027,4,2027-T4,Augmentation,80.7,80.7,15.9,3.4
z_58.5_16.5,2028,1,2028-T1,Augmentation,76.0,76.0,19.2,4.9
z_58.5_16.5,2028,2,2028-T2,Augmentation,75.0,75.0,19.9,5.0
z_58.5_16.5,2028,3,2028-T3,Augmentation,83.8,83.8,13.4,2.9
z_58.5_16.5,2028,4,2028-T4,Augmentation,83.0,83.0,13.7,3.3
z_58.5_16.5,2029,1,2029-T1,Augmentation,78.6,78.6,17.7,3.8
z_58.5_16.5,2029,2,2029-T2,Augmentation,81.4,81.4,15.4,3.2
z_58.5_16.5,2029,3,2029-T3,Augmentation,82.5,82.5,14.6,2.9
z_58.5_16.5,2029,4,2029-T4,Augmentation,80.7,80.7,16.1,3.2
z_58.5_16.5,2030,1,2030-T1,Augmentation,79.0,79.0,17.2,3.8
z_58.5_16.5,2030,2,2030-T2,Augmentation,81.8,81.8,15.1,3.1
z_58.5_16.5,2030,3,2030-T3,Augmentation,82.3,82.3,14.6,3.1
z_58.5_16.5,2030,4,2030-T4,Augmentation,82.9,82.9,14.1,2.9
z_58.5_18.0,2023,1,2023-T1,Augmentation,53.8,53.8,36.4,9.9
z_58.5_18.0,2023,2,2023-T2,Augmentation,51.1,51.1,39.4,9.4
z_58.5_18.0,2023,3,2023-T3,Augmentation,51.7,51.7,38.1,10.2
z_58.5_18.0,2023,4,2023-T4,Augmentation,63.8,63.8,28.8,7.4
z_58.5_18.0,2024,1,2024-T1,Augmentation,64.2,64.2,26.7,9.1
z_58.5_18.0,2024,2,2024-T2,Augmentation,48.7,48.7,42.3,9.0
z_58.5_18.0,2024,3,2024-T3,Diminution,79.0,12.2,79.0,8.7
z_58.5_18.0,2024,4,2024-T4,Diminution,63.0,22.7,63.0,14.2
z_58.5_18.0,2025,1,2025-T1,Augmentation,44.6,44.6,40.8,14.6
z_58.5_18.0,2025,2,2025-T2,Augmentation,44.6,44.6,46.0,9.4
z_58.5_18.0,2025,3,2025-T3,Augmentation,60.6,60.6,31.4,8.0
z_58.5_18.0,2025,4,2025-T4,Augmentation,68.6,68.6,24.2,7.1
z_58.5_18.0,2026,1,2026-T1,Augmentation,54.4,54.4,35.2,10.4
z_58.5_18.0,2026,2,2026-T2,Augmentation,55.6,55.6,34.8,9.6
z_58.5_18.0,2026,3,2026-T3,Augmentation,52.4,52.4,39.5,8.2
z_58.5_18.0,2026,4,2026-T4,Augmentation,65.9,65.9,27.6,6.5
z_58.5_18.0,2027,1,2027-T1,Augmentation,67.7,67.7,24.3,8.1
z_58.5_18.0,2027,2,2027-T2,Augmentation,71.3,71.3,23.8,5.0
z_58.5_18.0,2027,3,2027-T3,Augmentation,68.2,68.2,27.2,4.6
z_58.5_18.0,2027,4,2027-T4,Augmentation,67.4,67.4,26.6,6.0
z_58.5_18.0,2028,1,2028-T1,Augmentation,71.2,71.2,21.5,7.3
z_58.5_18.0,2028,2,2028-T2,Augmentation,71.5,71.5,24.0,4.5
z_58.5_18.0,2028,3,2028-T3,Augmentation,69.9,69.9,25.5,4.6
z_58.5_18.0,2028,4,2028-T4,Augmentation,71.6,71.6,22.5,5.9
z_58.5_18.0,2029,1,2029-T1,Augmentation,72.2,72.2,21.2,6.7
z_58.5_18.0,2029,2,2029-T2,Augmentation,72.9,72.9,22.7,4.5
z_58.5_18.0,2029,3,2029-T3,Augmentation,72.8,72.8,23.1,4.1
z_58.5_18.0,2029,4,2029-T4,Augmentation,71.9,71.9,23.4,4.7
z_58.5_18.0,2030,1,2030-T1,Augmentation,72.6,72.6,21.0,6.4
z_58.5_18.0,2030,2,2030-T2,Augmentation,75.4,75.4,20.7,3.9
z_58.5_18.0,2030,3,2030-T3,Augmentation,74.5,74.5,21.6,3.9
z_58.5_18.0,2030,4,2030-T4,Augmentation,74.4,74.4,20.7,4.8
z_58.5_19.5,2023,1,2023-T1,Stable,67.1,26.8,6.1,67.1
z_58.5_19.5,2023,2,2023-T2,Stable,66.1,30.2,3.6,66.1
z_58.5_19.5,2023,3,2023-T3,Stable,59.9,35.7,4.4,59.9
z_58.5_19.5,2023,4,2023-T4,Stable,59.2,34.9,5.9,59.2
z_58.5_19.5,2024,1,2024-T1,Stable,66.9,28.7,4.4,66.9
z_58.5_19.5,2024,2,2024-T2,Stable,87.1,9.6,3.3,87.1
z_58.5_19.5,2024,3,2024-T3,Stable,74.5,18.9,6.6,74.5
z_58.5_19.5,2024,4,2024-T4,Stable,60.3,35.1,4.5,60.3
z_58.5_19.5,2025,1,2025-T1,Stable,51.9,40.7,7.4,51.9
z_58.5_19.5,2025,2,2025-T2,Stable,54.6,39.9,5.5,54.6
z_58.5_19.5,2025,3,2025-T3,Stable,66.1,27.2,6.7,66.1
z_58.5_19.5,2025,4,2025-T4,Stable,53.7,41.3,5.0,53.7
z_58.5_19.5,2026,1,2026-T1,Stable,68.4,24.9,6.7,68.4
z_58.5_19.5,2026,2,2026-T2,Stable,67.9,25.0,7.1,67.9
z_58.5_19.5,2026,3,2026-T3,Stable,63.3,32.1,4.6,63.3
z_58.5_19.5,2026,4,2026-T4,Stable,49.0,45.3,5.7,49.0
z_58.5_19.5,2027,1,2027-T1,Stable,58.2,37.1,4.6,58.2
z_58.5_19.5,2027,2,2027-T2,Stable,63.3,32.7,3.9,63.3
z_58.5_19.5,2027,3,2027-T3,Stable,64.4,31.5,4.2,64.4
z_58.5_19.5,2027,4,2027-T4,Stable,57.1,38.5,4.4,57.1
z_58.5_19.5,2028,1,2028-T1,Stable,55.1,40.8,4.1,55.1
z_58.5_19.5,2028,2,2028-T2,Stable,60.7,34.4,4.9,60.7
z_58.5_19.5,2028,3,2028-T3,Stable,64.3,31.5,4.2,64.3
z_58.5_19.5,2028,4,2028-T4,Stable,55.4,39.2,5.4,55.4
z_58.5_19.5,2029,1,2029-T1,Stable,57.3,38.1,4.6,57.3
z_58.5_19.5,2029,2,2029-T2,Stable,60.7,35.1,4.2,60.7
z_58.5_19.5,2029,3,2029-T3,Stable,64.4,31.5,4.2,64.4
z_58.5_19.5,2029,4,2029-T4,Stable,54.1,41.5,4.4,54.1
z_58.5_19.5,2030,1,2030-T1,Stable,57.9,37.6,4.5,57.9
z_58.5_19.5,2030,2,2030-T2,Stable,65.2,30.3,4.5,65.2
z_58.5_19.5,2030,3,2030-T3,Stable,64.4,31.5,4.2,64.4
z_58.5_19.5,2030,4,2030-T4,Stable,59.0,36.4,4.7,59.0
z_58.5_21.0,2023,1,2023-T1,Stable,80.8,13.5,5.7,80.8
z_58.5_21.0,2023,2,2023-T2,Stable,92.5,5.1,2.4,92.5
z_58.5_21.0,2023,3,2023-T3,Stable,88.3,8.9,2.8,88.3
z_58.5_21.0,2023,4,2023-T4,Stable,92.7,4.5,2.8,92.7
z_58.5_21.0,2024,1,2024-T1,Stable,80.9,15.2,3.9,80.9
z_58.5_21.0,2024,2,2024-T2,Stable,90.7,6.7,2.5,90.7
z_58.5_21.0,2024,3,2024-T3,Stable,90.1,6.2,3.7,90.1
z_58.5_21.0,2024,4,2024-T4,Stable,80.3,12.8,6.8,80.3
z_58.5_21.0,2025,1,2025-T1,Stable,61.1,32.9,6.0,61.1
z_58.5_21.0,2025,2,2025-T2,Stable,58.8,35.4,5.8,58.8
z_58.5_21.0,2025,3,2025-T3,Stable,54.8,41.1,4.1,54.8
z_58.5_21.0,2025,4,2025-T4,Stable,60.1,35.5,4.4,60.1
z_58.5_21.0,2026,1,2026-T1,Stable,71.2,21.6,7.2,71.2
z_58.5_21.0,2026,2,2026-T2,Stable,79.7,17.2,3.1,79.7
z_58.5_21.0,2026,3,2026-T3,Stable,86.4,9.4,4.2,86.4
z_58.5_21.0,2026,4,2026-T4,Stable,90.0,6.0,4.1,90.0
z_58.5_21.0,2027,1,2027-T1,Stable,77.7,19.1,3.2,77.7
z_58.5_21.0,2027,2,2027-T2,Stable,91.6,4.4,4.0,91.6
z_58.5_21.0,2027,3,2027-T3,Stable,88.0,7.1,4.9,88.0
z_58.5_21.0,2027,4,2027-T4,Stable,90.5,4.5,4.9,90.5
z_58.5_21.0,2028,1,2028-T1,Stable,77.7,18.7,3.6,77.7
z_58.5_21.0,2028,2,2028-T2,Stable,88.7,6.1,5.2,88.7
z_58.5_21.0,2028,3,2028-T3,Stable,88.9,6.9,4.2,88.9
z_58.5_21.0,2028,4,2028-T4,Stable,89.6,5.9,4.6,89.6
z_58.5_21.0,2029,1,2029-T1,Stable,82.3,14.6,3.2,82.3
z_58.5_21.0,2029,2,2029-T2,Stable,84.7,10.3,5.1,84.7
z_58.5_21.0,2029,3,2029-T3,Stable,90.4,6.1,3.5,90.4
z_58.5_21.0,2029,4,2029-T4,Stable,91.6,4.9,3.5,91.6
z_58.5_21.0,2030,1,2030-T1,Stable,79.9,16.9,3.2,79.9
z_58.5_21.0,2030,2,2030-T2,Stable,92.1,4.7,3.2,92.1
z_58.5_21.0,2030,3,2030-T3,Stable,92.0,5.2,2.9,92.0
z_58.5_21.0,2030,4,2030-T4,Stable,92.7,4.5,2.8,92.7
z_58.5_22.5,2023,1,2023-T1,Stable,62.0,30.3,7.6,62.0
z_58.5_22.5,2023,2,2023-T2,Diminution,81.7,6.0,81.7,12.3
z_58.5_22.5,2023,3,2023-T3,Stable,66.6,24.6,8.8,66.6
z_58.5_22.5,2023,4,2023-T4,Stable,57.0,31.4,11.6,57.0
z_58.5_22.5,2024,1,2024-T1,Stable,75.8,15.1,9.1,75.8
z_58.5_22.5,2024,2,2024-T2,Diminution,71.3,8.4,71.3,20.3
z_58.5_22.5,2024,3,2024-T3,Stable,67.9,22.3,9.9,67.9
z_58.5_22.5,2024,4,2024-T4,Stable,73.3,15.4,11.3,73.3
z_58.5_22.5,2025,1,2025-T1,Stable,76.4,16.8,6.8,76.4
z_58.5_22.5,2025,2,2025-T2,Diminution,75.3,6.4,75.3,18.3
z_58.5_22.5,2025,3,2025-T3,Stable,71.2,24.6,4.2,71.2
z_58.5_22.5,2025,4,2025-T4,Stable,49.5,46.3,4.2,49.5
z_58.5_22.5,2026,1,2026-T1,Stable,54.8,40.2,4.9,54.8
z_58.5_22.5,2026,2,2026-T2,Diminution,66.5,12.5,66.5,21.0
z_58.5_22.5,2026,3,2026-T3,Stable,61.9,35.0,3.1,61.9
z_58.5_22.5,2026,4,2026-T4,Stable,59.5,35.2,5.3,59.5
z_58.5_22.5,2027,1,2027-T1,Stable,63.3,31.7,5.0,63.3
z_58.5_22.5,2027,2,2027-T2,Diminution,69.3,9.2,69.3,21.5
z_58.5_22.5,2027,3,2027-T3,Stable,69.5,27.1,3.3,69.5
z_58.5_22.5,2027,4,2027-T4,Stable,69.2,25.1,5.7,69.2
z_58.5_22.5,2028,1,2028-T1,Stable,66.6,29.2,4.2,66.6
z_58.5_22.5,2028,2,2028-T2,Diminution,69.4,8.3,69.4,22.3
z_58.5_22.5,2028,3,2028-T3,Stable,74.0,22.8,3.3,74.0
z_58.5_22.5,2028,4,2028-T4,Stable,66.0,27.9,6.1,66.0
z_58.5_22.5,2029,1,2029-T1,Stable,65.7,30.0,4.3,65.7
z_58.5_22.5,2029,2,2029-T2,Diminution,68.5,7.9,68.5,23.6
z_58.5_22.5,2029,3,2029-T3,Stable,74.2,22.5,3.3,74.2
z_58.5_22.5,2029,4,2029-T4,Stable,65.8,28.9,5.3,65.8
z_58.5_22.5,2030,1,2030-T1,Stable,65.9,30.5,3.6,65.9
z_58.5_22.5,2030,2,2030-T2,Diminution,69.0,8.8,69.0,22.2
z_58.5_22.5,2030,3,2030-T3,Stable,69.3,27.1,3.6,69.3
z_58.5_22.5,2030,4,2030-T4,Stable,68.4,25.5,6.1,68.4
z_58.5_24.0,2023,1,2023-T1,Augmentation,37.3,37.3,41.6,21.1
z_58.5_24.0,2023,2,2023-T2,Augmentation,53.2,53.2,9.1,37.7
z_58.5_24.0,2023,3,2023-T3,Augmentation,36.8,36.8,48.8,14.3
z_58.5_24.0,2023,4,2023-T4,Diminution,48.9,32.3,48.9,18.8
z_58.5_24.0,2024,1,2024-T1,Augmentation,39.3,39.3,43.9,16.8
z_58.5_24.0,2024,2,2024-T2,Augmentation,71.5,71.5,8.9,19.6
z_58.5_24.0,2024,3,2024-T3,Augmentation,60.4,60.4,25.2,14.4
z_58.5_24.0,2024,4,2024-T4,Augmentation,43.4,43.4,41.8,14.8
z_58.5_24.0,2025,1,2025-T1,Augmentation,36.2,36.2,47.8,16.0
z_58.5_24.0,2025,2,2025-T2,Augmentation,47.9,47.9,9.3,42.8
z_58.5_24.0,2025,3,2025-T3,Augmentation,38.6,38.6,46.2,15.3
z_58.5_24.0,2025,4,2025-T4,Diminution,69.8,16.7,69.8,13.6
z_58.5_24.0,2026,1,2026-T1,Diminution,68.0,15.5,68.0,16.4
z_58.5_24.0,2026,2,2026-T2,Augmentation,55.7,55.7,9.5,34.8
z_58.5_24.0,2026,3,2026-T3,Diminution,55.5,27.6,55.5,16.9
z_58.5_24.0,2026,4,2026-T4,Diminution,53.9,30.4,53.9,15.7
z_58.5_24.0,2027,1,2027-T1,Augmentation,36.5,36.5,47.8,15.6
z_58.5_24.0,2027,2,2027-T2,Augmentation,73.0,73.0,7.6,19.4
z_58.5_24.0,2027,3,2027-T3,Augmentation,45.2,45.2,41.0,13.9
z_58.5_24.0,2027,4,2027-T4,Diminution,50.4,35.2,50.4,14.4
z_58.5_24.0,2028,1,2028-T1,Augmentation,42.3,42.3,42.3,15.3
z_58.5_24.0,2028,2,2028-T2,Augmentation,70.3,70.3,8.3,21.4
z_58.5_24.0,2028,3,2028-T3,Augmentation,44.9,44.9,40.5,14.5
z_58.5_24.0,2028,4,2028-T4,Diminution,50.1,34.8,50.1,15.1
z_58.5_24.0,2029,1,2029-T1,Augmentation,37.0,37.0,47.6,15.4
z_58.5_24.0,2029,2,2029-T2,Augmentation,70.5,70.5,8.7,20.9
z_58.5_24.0,2029,3,2029-T3,Augmentation,42.3,42.3,42.7,15.0
z_58.5_24.0,2029,4,2029-T4,Diminution,50.0,35.9,50.0,14.2
z_58.5_24.0,2030,1,2030-T1,Augmentation,42.4,42.4,43.3,14.4
z_58.5_24.0,2030,2,2030-T2,Augmentation,71.9,71.9,8.2,19.9
z_58.5_24.0,2030,3,2030-T3,Augmentation,46.1,46.1,39.8,14.1
z_58.5_24.0,2030,4,2030-T4,Diminution,49.6,36.5,49.6,13.9
z_58.5_25.5,2023,1,2023-T1,Stable,69.9,23.0,7.1,69.9
z_58.5_25.5,2023,2,2023-T2,Stable,85.4,10.4,4.2,85.4
z_58.5_25.5,2023,3,2023-T3,Stable,84.1,7.0,8.9,84.1
z_58.5_25.5,2023,4,2023-T4,Stable,85.5,11.4,3.1,85.5
z_58.5_25.5,2024,1,2024-T1,Stable,85.9,9.4,4.6,85.9
z_58.5_25.5,2024,2,2024-T2,Stable,78.6,17.8,3.6,78.6
z_58.5_25.5,2024,3,2024-T3,Stable,79.2,18.1,2.7,79.2
z_58.5_25.5,2024,4,2024-T4,Stable,72.1,24.0,3.9,72.1
z_58.5_25.5,2025,1,2025-T1,Stable,80.6,14.5,4.9,80.6
z_58.5_25.5,2025,2,2025-T2,Stable,94.0,3.1,2.9,94.0
z_58.5_25.5,2025,3,2025-T3,Stable,94.4,3.7,2.0,94.4
z_58.5_25.5,2025,4,2025-T4,Stable,83.4,11.3,5.3,83.4
z_58.5_25.5,2026,1,2026-T1,Stable,87.0,8.8,4.2,87.0
z_58.5_25.5,2026,2,2026-T2,Stable,97.1,1.2,1.8,97.1
z_58.5_25.5,2026,3,2026-T3,Stable,90.8,6.8,2.4,90.8
z_58.5_25.5,2026,4,2026-T4,Stable,82.4,12.1,5.5,82.4
z_58.5_25.5,2027,1,2027-T1,Stable,84.8,11.6,3.6,84.8
z_58.5_25.5,2027,2,2027-T2,Stable,96.0,1.6,2.4,96.0
z_58.5_25.5,2027,3,2027-T3,Stable,93.2,3.9,2.9,93.2
z_58.5_25.5,2027,4,2027-T4,Stable,83.5,11.4,5.1,83.5
z_58.5_25.5,2028,1,2028-T1,Stable,88.4,8.7,2.9,88.4
z_58.5_25.5,2028,2,2028-T2,Stable,96.0,1.6,2.4,96.0
z_58.5_25.5,2028,3,2028-T3,Stable,92.3,4.8,2.9,92.3
z_58.5_25.5,2028,4,2028-T4,Stable,85.8,10.4,3.8,85.8
z_58.5_25.5,2029,1,2029-T1,Stable,87.2,9.7,3.1,87.2
z_58.5_25.5,2029,2,2029-T2,Stable,96.0,1.6,2.4,96.0
z_58.5_25.5,2029,3,2029-T3,Stable,92.5,4.9,2.6,92.5
z_58.5_25.5,2029,4,2029-T4,Stable,84.4,12.3,3.4,84.4
z_58.5_25.5,2030,1,2030-T1,Stable,87.5,9.7,2.8,87.5
z_58.5_25.5,2030,2,2030-T2,Stable,96.0,1.6,2.4,96.0
z_58.5_25.5,2030,3,2030-T3,Stable,93.0,4.2,2.8,93.0
z_58.5_25.5,2030,4,2030-T4,Stable,83.7,13.3,3.0,83.7
z_58.5_27.0,2023,1,2023-T1,Stable,81.0,14.4,4.6,81.0
z_58.5_27.0,2023,2,2023-T2,Stable,95.6,2.1,2.3,95.6
z_58.5_27.0,2023,3,2023-T3,Stable,92.2,5.1,2.7,92.2
z_58.5_27.0,2023,4,2023-T4,Stable,92.8,4.0,3.2,92.8
z_58.5_27.0,2024,1,2024-T1,Stable,79.2,17.4,3.3,79.2
z_58.5_27.0,2024,2,2024-T2,Stable,94.4,2.5,3.1,94.4
z_58.5_27.0,2024,3,2024-T3,Stable,89.7,6.9,3.4,89.7
z_58.5_27.0,2024,4,2024-T4,Stable,95.0,3.0,1.9,95.0
z_58.5_27.0,2025,1,2025-T1,Stable,80.9,16.1,3.0,80.9
z_58.5_27.0,2025,2,2025-T2,Stable,95.6,2.1,2.3,95.6
z_58.5_27.0,2025,3,2025-T3,Stable,92.1,5.3,2.6,92.1
z_58.5_27.0,2025,4,2025-T4,Stable,92.5,4.3,3.2,92.5
z_58.5_27.0,2026,1,2026-T1,Stable,78.3,18.5,3.1,78.3
z_58.5_27.0,2026,2,2026-T2,Stable,95.6,2.1,2.3,95.6
z_58.5_27.0,2026,3,2026-T3,Stable,92.6,4.9,2.4,92.6
z_58.5_27.0,2026,4,2026-T4,Stable,93.8,3.4,2.8,93.8
z_58.5_27.0,2027,1,2027-T1,Stable,76.3,20.1,3.5,76.3
z_58.5_27.0,2027,2,2027-T2,Stable,95.6,2.1,2.3,95.6
z_58.5_27.0,2027,3,2027-T3,Stable,92.6,4.9,2.4,92.6
z_58.5_27.0,2027,4,2027-T4,Stable,93.8,3.4,2.8,93.8
z_58.5_27.0,2028,1,2028-T1,Stable,82.2,14.6,3.1,82.2
z_58.5_27.0,2028,2,2028-T2,Stable,95.6,2.1,2.3,95.6
z_58.5_27.0,2028,3,2028-T3,Stable,92.6,4.9,2.4,92.6
z_58.5_27.0,2028,4,2028-T4,Stable,93.8,3.4,2.8,93.8
z_58.5_27.0,2029,1,2029-T1,Stable,79.2,17.4,3.3,79.2
z_58.5_27.0,2029,2,2029-T2,Stable,95.6,2.1,2.3,95.6
z_58.5_27.0,2029,3,2029-T3,Stable,92.6,4.9,2.4,92.6
z_58.5_27.0,2029,4,2029-T4,Stable,93.8,3.4,2.8,93.8
z_58.5_27.0,2030,1,2030-T1,Stable,79.2,17.7,3.1,79.2
z_58.5_27.0,2030,2,2030-T2,Stable,95.6,2.1,2.3,95.6
z_58.5_27.0,2030,3,2030-T3,Stable,92.6,4.9,2.4,92.6
z_58.5_27.0,2030,4,2030-T4,Stable,93.8,3.4,2.8,93.8
z_58.5_28.5,2023,1,2023-T1,Diminution,82.5,4.8,82.5,12.7
z_58.5_28.5,2023,2,2023-T2,Stable,75.0,10.8,14.3,75.0
z_58.5_28.5,2023,3,2023-T3,Stable,83.5,6.6,9.9,83.5
z_58.5_28.5,2023,4,2023-T4,Stable,84.4,6.3,9.3,84.4
z_58.5_28.5,2024,1,2024-T1,Diminution,83.0,5.5,83.0,11.5
z_58.5_28.5,2024,2,2024-T2,Stable,87.2,5.1,7.6,87.2
z_58.5_28.5,2024,3,2024-T3,Stable,88.9,3.8,7.2,88.9
z_58.5_28.5,2024,4,2024-T4,Stable,88.5,4.6,6.9,88.5
z_58.5_28.5,2025,1,2025-T1,Diminution,82.9,4.3,82.9,12.8
z_58.5_28.5,2025,2,2025-T2,Stable,91.1,4.2,4.7,91.1
z_58.5_28.5,2025,3,2025-T3,Stable,88.0,4.1,7.9,88.0
z_58.5_28.5,2025,4,2025-T4,Stable,89.4,5.1,5.6,89.4
z_58.5_28.5,2026,1,2026-T1,Diminution,77.5,7.3,77.5,15.2
z_58.5_28.5,2026,2,2026-T2,Stable,92.8,3.1,4.0,92.8
z_58.5_28.5,2026,3,2026-T3,Stable,89.2,4.8,5.9,89.2
z_58.5_28.5,2026,4,2026-T4,Stable,92.0,4.8,3.2,92.0
z_58.5_28.5,2027,1,2027-T1,Diminution,82.9,5.0,82.9,12.0
z_58.5_28.5,2027,2,2027-T2,Stable,91.2,4.2,4.6,91.2
z_58.5_28.5,2027,3,2027-T3,Stable,91.8,3.8,4.4,91.8
z_58.5_28.5,2027,4,2027-T4,Stable,92.0,4.8,3.2,92.0
z_58.5_28.5,2028,1,2028-T1,Diminution,82.9,5.0,82.9,12.0
z_58.5_28.5,2028,2,2028-T2,Stable,91.1,4.0,4.9,91.1
z_58.5_28.5,2028,3,2028-T3,Stable,91.8,3.8,4.4,91.8
z_58.5_28.5,2028,4,2028-T4,Stable,92.0,4.8,3.2,92.0
z_58.5_28.5,2029,1,2029-T1,Diminution,82.9,5.0,82.9,12.0
z_58.5_28.5,2029,2,2029-T2,Stable,94.3,2.3,3.5,94.3
z_58.5_28.5,2029,3,2029-T3,Stable,91.8,3.8,4.4,91.8
z_58.5_28.5,2029,4,2029-T4,Stable,92.0,4.8,3.2,92.0
z_58.5_28.5,2030,1,2030-T1,Diminution,82.9,5.0,82.9,12.0
z_58.5_28.5,2030,2,2030-T2,Stable,91.1,4.2,4.7,91.1
z_58.5_28.5,2030,3,2030-T3,Stable,91.8,3.8,4.4,91.8
z_58.5_28.5,2030,4,2030-T4,Stable,92.0,4.8,3.2,92.0
z_58.5_3.0,2023,1,2023-T1,Stable,87.2,8.8,4.0,87.2
z_58.5_3.0,2023,2,2023-T2,Diminution,90.2,0.7,90.2,9.1
z_58.5_3.0,2023,3,2023-T3,Diminution,90.7,0.6,90.7,8.7
z_58.5_3.0,2023,4,2023-T4,Stable,94.1,3.5,2.3,94.1
z_58.5_3.0,2024,1,2024-T1,Stable,88.5,7.5,4.0,88.5
z_58.5_3.0,2024,2,2024-T2,Diminution,89.8,0.3,89.8,9.9
z_58.5_3.0,2024,3,2024-T3,Diminution,90.8,0.4,90.8,8.8
z_58.5_3.0,2024,4,2024-T4,Stable,92.2,4.7,3.0,92.2
z_58.5_3.0,2025,1,2025-T1,Stable,85.5,9.0,5.5,85.5
z_58.5_3.0,2025,2,2025-T2,Diminution,89.5,0.6,89.5,9.9
z_58.5_3.0,2025,3,2025-T3,Diminution,85.6,1.3,85.6,13.1
z_58.5_3.0,2025,4,2025-T4,Stable,83.7,11.3,5.0,83.7
z_58.5_3.0,2026,1,2026-T1,Stable,81.5,7.7,10.8,81.5
z_58.5_3.0,2026,2,2026-T2,Diminution,87.5,0.8,87.5,11.7
z_58.5_3.0,2026,3,2026-T3,Diminution,90.8,0.4,90.8,8.8
z_58.5_3.0,2026,4,2026-T4,Stable,91.9,5.0,3.1,91.9
z_58.5_3.0,2027,1,2027-T1,Stable,89.8,6.2,4.0,89.8
z_58.5_3.0,2027,2,2027-T2,Diminution,90.0,0.4,90.0,9.6
z_58.5_3.0,2027,3,2027-T3,Diminution,90.8,0.4,90.8,8.8
z_58.5_3.0,2027,4,2027-T4,Stable,90.8,5.6,3.6,90.8
z_58.5_3.0,2028,1,2028-T1,Stable,90.7,5.7,3.6,90.7
z_58.5_3.0,2028,2,2028-T2,Diminution,90.7,0.5,90.7,8.8
z_58.5_3.0,2028,3,2028-T3,Diminution,90.8,0.4,90.8,8.8
z_58.5_3.0,2028,4,2028-T4,Stable,92.1,4.8,3.2,92.1
z_58.5_3.0,2029,1,2029-T1,Stable,90.7,5.7,3.6,90.7
z_58.5_3.0,2029,2,2029-T2,Diminution,89.8,0.3,89.8,9.9
z_58.5_3.0,2029,3,2029-T3,Diminution,90.8,0.4,90.8,8.8
z_58.5_3.0,2029,4,2029-T4,Stable,92.5,4.5,3.0,92.5
z_58.5_3.0,2030,1,2030-T1,Stable,90.7,5.7,3.6,90.7
z_58.5_3.0,2030,2,2030-T2,Diminution,90.5,0.4,90.5,9.0
z_58.5_3.0,2030,3,2030-T3,Diminution,90.8,0.4,90.8,8.8
z_58.5_3.0,2030,4,2030-T4,Stable,92.2,4.7,3.0,92.2
z_58.5_4.5,2023,1,2023-T1,Diminution,78.5,12.5,78.5,8.9
z_58.5_4.5,2023,2,2023-T2,Diminution,56.8,30.3,56.8,12.8
z_58.5_4.5,2023,3,2023-T3,Diminution,61.9,27.5,61.9,10.5
z_58.5_4.5,2023,4,2023-T4,Diminution,51.5,34.4,51.5,14.1
z_58.5_4.5,2024,1,2024-T1,Diminution,54.4,33.9,54.4,11.7
z_58.5_4.5,2024,2,2024-T2,Augmentation,47.6,47.6,41.4,11.0
z_58.5_4.5,2024,3,2024-T3,Augmentation,54.4,54.4,37.9,7.7
z_58.5_4.5,2024,4,2024-T4,Augmentation,66.6,66.6,24.8,8.6
z_58.5_4.5,2025,1,2025-T1,Augmentation,49.4,49.4,40.1,10.5
z_58.5_4.5,2025,2,2025-T2,Augmentation,49.3,49.3,42.4,8.3
z_58.5_4.5,2025,3,2025-T3,Diminution,57.8,29.7,57.8,12.5
z_58.5_4.5,2025,4,2025-T4,Diminution,63.9,23.6,63.9,12.5
z_58.5_4.5,2026,1,2026-T1,Diminution,77.3,13.6,77.3,9.1
z_58.5_4.5,2026,2,2026-T2,Diminution,77.3,14.0,77.3,8.7
z_58.5_4.5,2026,3,2026-T3,Diminution,62.0,24.5,62.0,13.5
z_58.5_4.5,2026,4,2026-T4,Diminution,51.4,32.8,51.4,15.8
z_58.5_4.5,2027,1,2027-T1,Diminution,56.5,29.3,56.5,14.2
z_58.5_4.5,2027,2,2027-T2,Diminution,57.2,28.8,57.2,14.0
z_58.5_4.5,2027,3,2027-T3,Diminution,52.9,32.5,52.9,14.6
z_58.5_4.5,2027,4,2027-T4,Augmentation,42.4,42.4,43.4,14.2
z_58.5_4.5,2028,1,2028-T1,Diminution,60.3,28.5,60.3,11.2
z_58.5_4.5,2028,2,2028-T2,Diminution,56.3,31.5,56.3,12.2
z_58.5_4.5,2028,3,2028-T3,Diminution,53.7,33.7,53.7,12.6
z_58.5_4.5,2028,4,2028-T4,Augmentation,38.2,38.2,48.3,13.5
z_58.5_4.5,2029,1,2029-T1,Diminution,65.6,22.5,65.6,11.9
z_58.5_4.5,2029,2,2029-T2,Diminution,60.2,26.4,60.2,13.4
z_58.5_4.5,2029,3,2029-T3,Diminution,59.1,26.5,59.1,14.5
z_58.5_4.5,2029,4,2029-T4,Diminution,52.8,30.6,52.8,16.5
z_58.5_4.5,2030,1,2030-T1,Diminution,63.5,21.9,63.5,14.5
z_58.5_4.5,2030,2,2030-T2,Diminution,60.8,24.5,60.8,14.7
z_58.5_4.5,2030,3,2030-T3,Diminution,57.9,27.2,57.9,15.0
z_58.5_4.5,2030,4,2030-T4,Diminution,52.2,31.4,52.2,16.4
z_58.5_6.0,2023,1,2023-T1,Stable,97.6,0.5,1.9,97.6
z_58.5_6.0,2023,2,2023-T2,Stable,98.4,0.1,1.5,98.4
z_58.5_6.0,2023,3,2023-T3,Stable,97.5,0.2,2.3,97.5
z_58.5_6.0,2023,4,2023-T4,Stable,97.6,0.3,2.1,97.6
z_58.5_6.0,2024,1,2024-T1,Stable,97.6,0.5,1.9,97.6
z_58.5_6.0,2024,2,2024-T2,Stable,97.3,0.3,2.3,97.3
z_58.5_6.0,2024,3,2024-T3,Stable,96.7,0.5,2.8,96.7
z_58.5_6.0,2024,4,2024-T4,Stable,93.6,1.8,4.6,93.6
z_58.5_6.0,2025,1,2025-T1,Stable,90.9,2.7,6.4,90.9
z_58.5_6.0,2025,2,2025-T2,Stable,98.8,0.1,1.1,98.8
z_58.5_6.0,2025,3,2025-T3,Stable,94.7,1.9,3.5,94.7
z_58.5_6.0,2025,4,2025-T4,Stable,97.6,0.3,2.1,97.6
z_58.5_6.0,2026,1,2026-T1,Stable,96.5,0.8,2.7,96.5
z_58.5_6.0,2026,2,2026-T2,Stable,98.4,0.1,1.5,98.4
z_58.5_6.0,2026,3,2026-T3,Stable,96.6,0.4,3.0,96.6
z_58.5_6.0,2026,4,2026-T4,Stable,97.6,0.3,2.1,97.6
z_58.5_6.0,2027,1,2027-T1,Stable,96.5,1.1,2.4,96.5
z_58.5_6.0,2027,2,2027-T2,Stable,98.4,0.1,1.5,98.4
z_58.5_6.0,2027,3,2027-T3,Stable,96.6,0.4,3.1,96.6
z_58.5_6.0,2027,4,2027-T4,Stable,97.6,0.3,2.1,97.6
z_58.5_6.0,2028,1,2028-T1,Stable,97.4,0.5,2.1,97.4
z_58.5_6.0,2028,2,2028-T2,Stable,98.4,0.1,1.5,98.4
z_58.5_6.0,2028,3,2028-T3,Stable,97.5,0.3,2.3,97.5
z_58.5_6.0,2028,4,2028-T4,Stable,97.6,0.3,2.1,97.6
z_58.5_6.0,2029,1,2029-T1,Stable,96.0,1.2,2.7,96.0
z_58.5_6.0,2029,2,2029-T2,Stable,98.4,0.1,1.5,98.4
z_58.5_6.0,2029,3,2029-T3,Stable,96.6,0.4,3.0,96.6
z_58.5_6.0,2029,4,2029-T4,Stable,97.6,0.3,2.1,97.6
z_58.5_6.0,2030,1,2030-T1,Stable,97.6,0.5,1.9,97.6
z_58.5_6.0,2030,2,2030-T2,Stable,98.4,0.1,1.5,98.4
z_58.5_6.0,2030,3,2030-T3,Stable,97.5,0.2,2.3,97.5
z_58.5_6.0,2030,4,2030-T4,Stable,97.6,0.3,2.1,97.6
z_58.5_9.0,2023,1,2023-T1,Augmentation,49.8,49.8,6.9,43.3
z_58.5_9.0,2023,2,2023-T2,Augmentation,54.3,54.3,6.0,39.7
z_58.5_9.0,2023,3,2023-T3,Augmentation,46.5,46.5,8.4,45.2
z_58.5_9.0,2023,4,2023-T4,Augmentation,50.9,50.9,3.1,45.9
z_58.5_9.0,2024,1,2024-T1,Augmentation,50.7,50.7,3.4,45.9
z_58.5_9.0,2024,2,2024-T2,Augmentation,57.1,57.1,3.7,39.2
z_58.5_9.0,2024,3,2024-T3,Augmentation,60.4,60.4,6.1,33.5
z_58.5_9.0,2024,4,2024-T4,Augmentation,53.6,53.6,4.3,42.1
z_58.5_9.0,2025,1,2025-T1,Augmentation,49.2,49.2,3.6,47.2
z_58.5_9.0,2025,2,2025-T2,Stable,48.1,47.8,4.1,48.1
z_58.5_9.0,2025,3,2025-T3,Stable,55.8,30.3,13.8,55.8
z_58.5_9.0,2025,4,2025-T4,Stable,62.9,27.5,9.6,62.9
z_58.5_9.0,2026,1,2026-T1,Stable,61.8,27.0,11.3,61.8
z_58.5_9.0,2026,2,2026-T2,Stable,66.4,22.2,11.4,66.4
z_58.5_9.0,2026,3,2026-T3,Stable,60.0,26.1,13.9,60.0
z_58.5_9.0,2026,4,2026-T4,Stable,49.9,46.0,4.1,49.9
z_58.5_9.0,2027,1,2027-T1,Stable,56.0,37.1,6.9,56.0
z_58.5_9.0,2027,2,2027-T2,Stable,52.0,43.5,4.4,52.0
z_58.5_9.0,2027,3,2027-T3,Stable,55.2,38.5,6.3,55.2
z_58.5_9.0,2027,4,2027-T4,Stable,50.4,46.4,3.2,50.4
z_58.5_9.0,2028,1,2028-T1,Augmentation,49.6,49.6,3.8,46.6
z_58.5_9.0,2028,2,2028-T2,Stable,51.2,44.3,4.5,51.2
z_58.5_9.0,2028,3,2028-T3,Stable,51.8,41.7,6.5,51.8
z_58.5_9.0,2028,4,2028-T4,Stable,51.4,45.1,3.4,51.4
z_58.5_9.0,2029,1,2029-T1,Augmentation,51.9,51.9,4.0,44.1
z_58.5_9.0,2029,2,2029-T2,Stable,50.6,45.1,4.3,50.6
z_58.5_9.0,2029,3,2029-T3,Stable,50.4,43.2,6.4,50.4
z_58.5_9.0,2029,4,2029-T4,Stable,52.2,44.3,3.5,52.2
z_58.5_9.0,2030,1,2030-T1,Augmentation,48.0,48.0,4.1,47.8
z_58.5_9.0,2030,2,2030-T2,Stable,50.7,44.9,4.4,50.7
z_58.5_9.0,2030,3,2030-T3,Stable,50.5,43.0,6.5,50.5
z_58.5_9.0,2030,4,2030-T4,Stable,53.4,42.9,3.7,53.4
z_60.0_-1.5,2023,1,2023-T1,Diminution,87.9,3.2,87.9,8.9
z_60.0_-1.5,2023,2,2023-T2,Diminution,87.7,1.7,87.7,10.6
z_60.0_-1.5,2023,3,2023-T3,Diminution,86.1,4.0,86.1,9.9
z_60.0_-1.5,2023,4,2023-T4,Diminution,84.3,3.1,84.3,12.6
z_60.0_-1.5,2024,1,2024-T1,Diminution,84.1,3.4,84.1,12.5
z_60.0_-1.5,2024,2,2024-T2,Diminution,87.4,2.0,87.4,10.6
z_60.0_-1.5,2024,3,2024-T3,Diminution,83.0,3.6,83.0,13.4
z_60.0_-1.5,2024,4,2024-T4,Diminution,84.0,2.9,84.0,13.2
z_60.0_-1.5,2025,1,2025-T1,Diminution,83.3,3.7,83.3,12.9
z_60.0_-1.5,2025,2,2025-T2,Diminution,84.5,1.8,84.5,13.7
z_60.0_-1.5,2025,3,2025-T3,Diminution,84.6,4.0,84.6,11.4
z_60.0_-1.5,2025,4,2025-T4,Diminution,85.0,2.9,85.0,12.2
z_60.0_-1.5,2026,1,2026-T1,Diminution,83.5,4.3,83.5,12.3
z_60.0_-1.5,2026,2,2026-T2,Diminution,86.9,1.9,86.9,11.2
z_60.0_-1.5,2026,3,2026-T3,Diminution,84.2,3.3,84.2,12.5
z_60.0_-1.5,2026,4,2026-T4,Diminution,84.4,2.8,84.4,12.8
z_60.0_-1.5,2027,1,2027-T1,Diminution,83.5,4.3,83.5,12.3
z_60.0_-1.5,2027,2,2027-T2,Diminution,86.9,1.9,86.9,11.2
z_60.0_-1.5,2027,3,2027-T3,Diminution,84.2,4.2,84.2,11.7
z_60.0_-1.5,2027,4,2027-T4,Diminution,84.4,2.8,84.4,12.8
z_60.0_-1.5,2028,1,2028-T1,Diminution,83.5,4.3,83.5,12.3
z_60.0_-1.5,2028,2,2028-T2,Diminution,86.9,1.9,86.9,11.2
z_60.0_-1.5,2028,3,2028-T3,Diminution,84.5,3.3,84.5,12.2
z_60.0_-1.5,2028,4,2028-T4,Diminution,84.4,2.8,84.4,12.8
z_60.0_-1.5,2029,1,2029-T1,Diminution,83.5,4.3,83.5,12.3
z_60.0_-1.5,2029,2,2029-T2,Diminution,86.9,1.9,86.9,11.2
z_60.0_-1.5,2029,3,2029-T3,Diminution,85.2,3.6,85.2,11.2
z_60.0_-1.5,2029,4,2029-T4,Diminution,84.4,2.8,84.4,12.8
z_60.0_-1.5,2030,1,2030-T1,Diminution,83.5,4.3,83.5,12.3
z_60.0_-1.5,2030,2,2030-T2,Diminution,86.9,1.9,86.9,11.2
z_60.0_-1.5,2030,3,2030-T3,Diminution,84.9,3.7,84.9,11.4
z_60.0_-1.5,2030,4,2030-T4,Diminution,84.4,2.8,84.4,12.8
z_60.0_-31.5,2023,1,2023-T1,Stable,92.7,4.0,3.3,92.7
z_60.0_-31.5,2023,2,2023-T2,Stable,95.0,2.7,2.3,95.0
z_60.0_-31.5,2023,3,2023-T3,Stable,92.6,3.9,3.5,92.6
z_60.0_-31.5,2023,4,2023-T4,Stable,91.9,4.7,3.4,91.9
z_60.0_-31.5,2024,1,2024-T1,Stable,93.5,4.0,2.5,93.5
z_60.0_-31.5,2024,2,2024-T2,Stable,90.9,6.5,2.6,90.9
z_60.0_-31.5,2024,3,2024-T3,Stable,93.6,3.5,2.9,93.6
z_60.0_-31.5,2024,4,2024-T4,Stable,93.2,3.8,3.0,93.2
z_60.0_-31.5,2025,1,2025-T1,Stable,92.7,4.0,3.3,92.7
z_60.0_-31.5,2025,2,2025-T2,Stable,94.5,3.2,2.3,94.5
z_60.0_-31.5,2025,3,2025-T3,Stable,93.6,3.5,2.9,93.6
z_60.0_-31.5,2025,4,2025-T4,Stable,93.2,3.8,3.0,93.2
z_60.0_-31.5,2026,1,2026-T1,Stable,92.7,4.0,3.3,92.7
z_60.0_-31.5,2026,2,2026-T2,Stable,93.9,3.3,2.8,93.9
z_60.0_-31.5,2026,3,2026-T3,Stable,93.6,3.5,2.9,93.6
z_60.0_-31.5,2026,4,2026-T4,Stable,93.2,3.8,3.0,93.2
z_60.0_-31.5,2027,1,2027-T1,Stable,92.7,4.0,3.3,92.7
z_60.0_-31.5,2027,2,2027-T2,Stable,92.3,5.1,2.6,92.3
z_60.0_-31.5,2027,3,2027-T3,Stable,93.6,3.5,2.9,93.6
z_60.0_-31.5,2027,4,2027-T4,Stable,93.2,3.8,3.0,93.2
z_60.0_-31.5,2028,1,2028-T1,Stable,92.7,4.0,3.3,92.7
z_60.0_-31.5,2028,2,2028-T2,Stable,92.3,4.9,2.8,92.3
z_60.0_-31.5,2028,3,2028-T3,Stable,93.6,3.5,2.9,93.6
z_60.0_-31.5,2028,4,2028-T4,Stable,93.2,3.8,3.0,93.2
z_60.0_-31.5,2029,1,2029-T1,Stable,92.7,4.0,3.3,92.7
z_60.0_-31.5,2029,2,2029-T2,Stable,95.0,2.7,2.3,95.0
z_60.0_-31.5,2029,3,2029-T3,Stable,93.6,3.5,2.9,93.6
z_60.0_-31.5,2029,4,2029-T4,Stable,93.2,3.8,3.0,93.2
z_60.0_-31.5,2030,1,2030-T1,Stable,92.7,4.0,3.3,92.7
z_60.0_-31.5,2030,2,2030-T2,Stable,95.0,2.7,2.3,95.0
z_60.0_-31.5,2030,3,2030-T3,Stable,93.6,3.5,2.9,93.6
z_60.0_-31.5,2030,4,2030-T4,Stable,93.2,3.8,3.0,93.2
z_60.0_-4.5,2023,1,2023-T1,Stable,88.1,8.1,3.9,88.1
z_60.0_-4.5,2023,2,2023-T2,Stable,84.6,11.7,3.7,84.6
z_60.0_-4.5,2023,3,2023-T3,Stable,85.7,11.4,2.9,85.7
z_60.0_-4.5,2023,4,2023-T4,Stable,87.1,10.1,2.8,87.1
z_60.0_-4.5,2024,1,2024-T1,Stable,86.5,9.0,4.5,86.5
z_60.0_-4.5,2024,2,2024-T2,Stable,81.4,14.7,3.9,81.4
z_60.0_-4.5,2024,3,2024-T3,Stable,91.3,6.3,2.4,91.3
z_60.0_-4.5,2024,4,2024-T4,Stable,87.8,9.8,2.4,87.8
z_60.0_-4.5,2025,1,2025-T1,Stable,88.4,8.1,3.5,88.4
z_60.0_-4.5,2025,2,2025-T2,Stable,86.3,10.2,3.6,86.3
z_60.0_-4.5,2025,3,2025-T3,Stable,89.9,6.9,3.2,89.9
z_60.0_-4.5,2025,4,2025-T4,Stable,91.0,7.1,1.9,91.0
z_60.0_-4.5,2026,1,2026-T1,Stable,89.5,7.5,3.1,89.5
z_60.0_-4.5,2026,2,2026-T2,Stable,86.6,10.8,2.6,86.6
z_60.0_-4.5,2026,3,2026-T3,Stable,90.9,6.3,2.8,90.9
z_60.0_-4.5,2026,4,2026-T4,Stable,89.6,7.4,3.0,89.6
z_60.0_-4.5,2027,1,2027-T1,Stable,88.2,8.3,3.5,88.2
z_60.0_-4.5,2027,2,2027-T2,Stable,86.6,10.8,2.6,86.6
z_60.0_-4.5,2027,3,2027-T3,Stable,90.9,6.3,2.8,90.9
z_60.0_-4.5,2027,4,2027-T4,Stable,87.1,10.1,2.8,87.1
z_60.0_-4.5,2028,1,2028-T1,Stable,88.1,8.1,3.9,88.1
z_60.0_-4.5,2028,2,2028-T2,Stable,86.6,10.8,2.6,86.6
z_60.0_-4.5,2028,3,2028-T3,Stable,90.9,6.3,2.8,90.9
z_60.0_-4.5,2028,4,2028-T4,Stable,89.8,7.6,2.6,89.8
z_60.0_-4.5,2029,1,2029-T1,Stable,86.9,9.7,3.3,86.9
z_60.0_-4.5,2029,2,2029-T2,Stable,86.6,10.8,2.6,86.6
z_60.0_-4.5,2029,3,2029-T3,Stable,90.9,6.3,2.8,90.9
z_60.0_-4.5,2029,4,2029-T4,Stable,90.5,6.8,2.6,90.5
z_60.0_-4.5,2030,1,2030-T1,Stable,88.4,8.1,3.5,88.4
z_60.0_-4.5,2030,2,2030-T2,Stable,86.6,10.8,2.6,86.6
z_60.0_-4.5,2030,3,2030-T3,Stable,90.9,6.3,2.8,90.9
z_60.0_-4.5,2030,4,2030-T4,Stable,90.5,6.8,2.6,90.5
z_60.0_-6.0,2023,1,2023-T1,Stable,92.3,3.9,3.8,92.3
z_60.0_-6.0,2023,2,2023-T2,Stable,93.9,3.9,2.2,93.9
z_60.0_-6.0,2023,3,2023-T3,Stable,93.3,3.2,3.5,93.3
z_60.0_-6.0,2023,4,2023-T4,Stable,93.0,3.6,3.4,93.0
z_60.0_-6.0,2024,1,2024-T1,Stable,92.3,3.9,3.8,92.3
z_60.0_-6.0,2024,2,2024-T2,Stable,93.9,3.9,2.2,93.9
z_60.0_-6.0,2024,3,2024-T3,Stable,90.6,5.1,4.4,90.6
z_60.0_-6.0,2024,4,2024-T4,Stable,90.6,5.7,3.7,90.6
z_60.0_-6.0,2025,1,2025-T1,Stable,93.3,4.1,2.6,93.3
z_60.0_-6.0,2025,2,2025-T2,Stable,90.7,7.3,2.0,90.7
z_60.0_-6.0,2025,3,2025-T3,Stable,93.3,3.2,3.5,93.3
z_60.0_-6.0,2025,4,2025-T4,Stable,93.0,3.6,3.4,93.0
z_60.0_-6.0,2026,1,2026-T1,Stable,92.3,3.9,3.8,92.3
z_60.0_-6.0,2026,2,2026-T2,Stable,94.0,3.8,2.2,94.0
z_60.0_-6.0,2026,3,2026-T3,Stable,93.3,3.2,3.5,93.3
z_60.0_-6.0,2026,4,2026-T4,Stable,93.0,3.6,3.4,93.0
z_60.0_-6.0,2027,1,2027-T1,Stable,92.3,3.9,3.8,92.3
z_60.0_-6.0,2027,2,2027-T2,Stable,93.1,4.1,2.8,93.1
z_60.0_-6.0,2027,3,2027-T3,Stable,93.3,3.2,3.5,93.3
z_60.0_-6.0,2027,4,2027-T4,Stable,93.0,3.6,3.4,93.0
z_60.0_-6.0,2028,1,2028-T1,Stable,92.3,3.9,3.8,92.3
z_60.0_-6.0,2028,2,2028-T2,Stable,93.3,4.2,2.6,93.3
z_60.0_-6.0,2028,3,2028-T3,Stable,93.3,3.2,3.5,93.3
z_60.0_-6.0,2028,4,2028-T4,Stable,93.0,3.6,3.4,93.0
z_60.0_-6.0,2029,1,2029-T1,Stable,92.3,3.9,3.8,92.3
z_60.0_-6.0,2029,2,2029-T2,Stable,93.7,3.7,2.6,93.7
z_60.0_-6.0,2029,3,2029-T3,Stable,93.3,3.2,3.5,93.3
z_60.0_-6.0,2029,4,2029-T4,Stable,93.0,3.6,3.4,93.0
z_60.0_-6.0,2030,1,2030-T1,Stable,92.3,3.9,3.8,92.3
z_60.0_-6.0,2030,2,2030-T2,Stable,93.9,3.9,2.2,93.9
z_60.0_-6.0,2030,3,2030-T3,Stable,93.3,3.2,3.5,93.3
z_60.0_-6.0,2030,4,2030-T4,Stable,93.0,3.6,3.4,93.0
z_60.0_-7.5,2023,1,2023-T1,Stable,93.6,3.3,3.2,93.6
z_60.0_-7.5,2023,2,2023-T2,Stable,95.3,2.4,2.3,95.3
z_60.0_-7.5,2023,3,2023-T3,Stable,95.4,1.7,2.9,95.4
z_60.0_-7.5,2023,4,2023-T4,Stable,93.7,3.8,2.4,93.7
z_60.0_-7.5,2024,1,2024-T1,Stable,93.6,3.3,3.2,93.6
z_60.0_-7.5,2024,2,2024-T2,Stable,95.4,2.5,2.1,95.4
z_60.0_-7.5,2024,3,2024-T3,Stable,95.4,1.7,2.9,95.4
z_60.0_-7.5,2024,4,2024-T4,Stable,94.2,3.6,2.2,94.2
z_60.0_-7.5,2025,1,2025-T1,Stable,93.6,3.3,3.2,93.6
z_60.0_-7.5,2025,2,2025-T2,Stable,95.4,2.3,2.2,95.4
z_60.0_-7.5,2025,3,2025-T3,Stable,94.6,1.8,3.6,94.6
z_60.0_-7.5,2025,4,2025-T4,Stable,93.4,3.4,3.2,93.4
z_60.0_-7.5,2026,1,2026-T1,Stable,93.5,4.5,2.0,93.5
z_60.0_-7.5,2026,2,2026-T2,Stable,93.7,4.5,1.9,93.7
z_60.0_-7.5,2026,3,2026-T3,Stable,95.4,1.7,2.9,95.4
z_60.0_-7.5,2026,4,2026-T4,Stable,94.1,3.8,2.1,94.1
z_60.0_-7.5,2027,1,2027-T1,Stable,93.6,3.3,3.2,93.6
z_60.0_-7.5,2027,2,2027-T2,Stable,95.8,2.4,1.8,95.8
z_60.0_-7.5,2027,3,2027-T3,Stable,95.4,1.7,2.9,95.4
z_60.0_-7.5,2027,4,2027-T4,Stable,94.1,3.8,2.1,94.1
z_60.0_-7.5,2028,1,2028-T1,Stable,93.6,3.3,3.2,93.6
z_60.0_-7.5,2028,2,2028-T2,Stable,95.3,2.4,2.3,95.3
z_60.0_-7.5,2028,3,2028-T3,Stable,95.4,1.7,2.9,95.4
z_60.0_-7.5,2028,4,2028-T4,Stable,94.1,3.8,2.1,94.1
z_60.0_-7.5,2029,1,2029-T1,Stable,93.6,3.3,3.2,93.6
z_60.0_-7.5,2029,2,2029-T2,Stable,95.4,2.5,2.1,95.4
z_60.0_-7.5,2029,3,2029-T3,Stable,95.4,1.7,2.9,95.4
z_60.0_-7.5,2029,4,2029-T4,Stable,94.1,3.8,2.1,94.1
z_60.0_-7.5,2030,1,2030-T1,Stable,93.6,3.3,3.2,93.6
z_60.0_-7.5,2030,2,2030-T2,Stable,95.4,2.3,2.2,95.4
z_60.0_-7.5,2030,3,2030-T3,Stable,95.4,1.7,2.9,95.4
z_60.0_-7.5,2030,4,2030-T4,Stable,94.1,3.8,2.1,94.1
z_60.0_-9.0,2023,1,2023-T1,Stable,93.4,3.4,3.2,93.4
z_60.0_-9.0,2023,2,2023-T2,Stable,94.4,2.3,3.3,94.4
z_60.0_-9.0,2023,3,2023-T3,Stable,92.7,4.1,3.2,92.7
z_60.0_-9.0,2023,4,2023-T4,Stable,95.9,2.1,1.9,95.9
z_60.0_-9.0,2024,1,2024-T1,Stable,87.6,9.0,3.4,87.6
z_60.0_-9.0,2024,2,2024-T2,Stable,96.0,1.6,2.4,96.0
z_60.0_-9.0,2024,3,2024-T3,Stable,94.8,2.3,2.9,94.8
z_60.0_-9.0,2024,4,2024-T4,Stable,94.5,2.8,2.8,94.5
z_60.0_-9.0,2025,1,2025-T1,Stable,93.1,3.6,3.2,93.1
z_60.0_-9.0,2025,2,2025-T2,Stable,96.0,1.6,2.4,96.0
z_60.0_-9.0,2025,3,2025-T3,Stable,94.8,2.3,2.9,94.8
z_60.0_-9.0,2025,4,2025-T4,Stable,94.5,2.8,2.8,94.5
z_60.0_-9.0,2026,1,2026-T1,Stable,92.1,4.5,3.5,92.1
z_60.0_-9.0,2026,2,2026-T2,Stable,96.0,1.6,2.4,96.0
z_60.0_-9.0,2026,3,2026-T3,Stable,94.8,2.3,2.9,94.8
z_60.0_-9.0,2026,4,2026-T4,Stable,94.5,2.8,2.8,94.5
z_60.0_-9.0,2027,1,2027-T1,Stable,93.4,3.4,3.2,93.4
z_60.0_-9.0,2027,2,2027-T2,Stable,96.0,1.6,2.4,96.0
z_60.0_-9.0,2027,3,2027-T3,Stable,94.8,2.3,2.9,94.8
z_60.0_-9.0,2027,4,2027-T4,Stable,94.5,2.8,2.8,94.5
z_60.0_-9.0,2028,1,2028-T1,Stable,92.7,3.8,3.6,92.7
z_60.0_-9.0,2028,2,2028-T2,Stable,96.0,1.6,2.4,96.0
z_60.0_-9.0,2028,3,2028-T3,Stable,94.8,2.3,2.9,94.8
z_60.0_-9.0,2028,4,2028-T4,Stable,94.5,2.8,2.8,94.5
z_60.0_-9.0,2029,1,2029-T1,Stable,93.4,3.4,3.2,93.4
z_60.0_-9.0,2029,2,2029-T2,Stable,96.0,1.6,2.4,96.0
z_60.0_-9.0,2029,3,2029-T3,Stable,94.8,2.3,2.9,94.8
z_60.0_-9.0,2029,4,2029-T4,Stable,94.5,2.8,2.8,94.5
z_60.0_-9.0,2030,1,2030-T1,Stable,93.4,3.4,3.2,93.4
z_60.0_-9.0,2030,2,2030-T2,Stable,96.0,1.6,2.4,96.0
z_60.0_-9.0,2030,3,2030-T3,Stable,94.8,2.3,2.9,94.8
z_60.0_-9.0,2030,4,2030-T4,Stable,94.5,2.8,2.8,94.5
z_60.0_0.0,2023,1,2023-T1,Stable,80.1,16.4,3.5,80.1
z_60.0_0.0,2023,2,2023-T2,Stable,87.9,8.8,3.2,87.9
z_60.0_0.0,2023,3,2023-T3,Stable,72.7,16.5,10.9,72.7
z_60.0_0.0,2023,4,2023-T4,Stable,84.1,11.7,4.1,84.1
z_60.0_0.0,2024,1,2024-T1,Stable,75.7,20.0,4.3,75.7
z_60.0_0.0,2024,2,2024-T2,Stable,88.5,8.0,3.5,88.5
z_60.0_0.0,2024,3,2024-T3,Stable,77.0,14.9,8.1,77.0
z_60.0_0.0,2024,4,2024-T4,Stable,85.1,11.9,3.0,85.1
z_60.0_0.0,2025,1,2025-T1,Stable,82.9,13.1,4.1,82.9
z_60.0_0.0,2025,2,2025-T2,Stable,86.2,10.0,3.8,86.2
z_60.0_0.0,2025,3,2025-T3,Stable,76.8,14.0,9.2,76.8
z_60.0_0.0,2025,4,2025-T4,Stable,83.8,13.3,2.9,83.8
z_60.0_0.0,2026,1,2026-T1,Stable,79.9,16.7,3.4,79.9
z_60.0_0.0,2026,2,2026-T2,Stable,89.2,8.1,2.7,89.2
z_60.0_0.0,2026,3,2026-T3,Stable,75.8,16.3,7.9,75.8
z_60.0_0.0,2026,4,2026-T4,Stable,82.3,14.7,3.0,82.3
z_60.0_0.0,2027,1,2027-T1,Stable,80.5,16.5,3.0,80.5
z_60.0_0.0,2027,2,2027-T2,Stable,89.2,8.1,2.7,89.2
z_60.0_0.0,2027,3,2027-T3,Stable,74.6,17.8,7.6,74.6
z_60.0_0.0,2027,4,2027-T4,Stable,85.2,11.2,3.7,85.2
z_60.0_0.0,2028,1,2028-T1,Stable,80.5,16.5,3.0,80.5
z_60.0_0.0,2028,2,2028-T2,Stable,89.2,8.1,2.7,89.2
z_60.0_0.0,2028,3,2028-T3,Stable,74.6,17.8,7.6,74.6
z_60.0_0.0,2028,4,2028-T4,Stable,85.9,10.3,3.8,85.9
z_60.0_0.0,2029,1,2029-T1,Stable,80.5,16.5,3.0,80.5
z_60.0_0.0,2029,2,2029-T2,Stable,89.2,8.1,2.7,89.2
z_60.0_0.0,2029,3,2029-T3,Stable,74.6,17.8,7.6,74.6
z_60.0_0.0,2029,4,2029-T4,Stable,84.3,12.4,3.3,84.3
z_60.0_0.0,2030,1,2030-T1,Stable,80.5,16.5,3.0,80.5
z_60.0_0.0,2030,2,2030-T2,Stable,89.2,8.1,2.7,89.2
z_60.0_0.0,2030,3,2030-T3,Stable,74.6,17.8,7.6,74.6
z_60.0_0.0,2030,4,2030-T4,Stable,84.1,12.9,2.9,84.1
z_60.0_1.5,2023,1,2023-T1,Stable,84.2,11.7,4.2,84.2
z_60.0_1.5,2023,2,2023-T2,Stable,97.2,0.7,2.1,97.2
z_60.0_1.5,2023,3,2023-T3,Stable,84.1,10.5,5.5,84.1
z_60.0_1.5,2023,4,2023-T4,Stable,77.9,17.5,4.6,77.9
z_60.0_1.5,2024,1,2024-T1,Stable,82.1,13.6,4.3,82.1
z_60.0_1.5,2024,2,2024-T2,Stable,95.3,2.3,2.5,95.3
z_60.0_1.5,2024,3,2024-T3,Stable,86.9,7.2,5.9,86.9
z_60.0_1.5,2024,4,2024-T4,Stable,57.8,37.4,4.9,57.8
z_60.0_1.5,2025,1,2025-T1,Stable,63.9,30.4,5.7,63.9
z_60.0_1.5,2025,2,2025-T2,Stable,79.7,10.4,9.9,79.7
z_60.0_1.5,2025,3,2025-T3,Stable,79.2,16.3,4.5,79.2
z_60.0_1.5,2025,4,2025-T4,Stable,81.3,14.4,4.3,81.3
z_60.0_1.5,2026,1,2026-T1,Stable,74.4,21.4,4.2,74.4
z_60.0_1.5,2026,2,2026-T2,Stable,83.5,13.3,3.3,83.5
z_60.0_1.5,2026,3,2026-T3,Stable,86.7,7.7,5.6,86.7
z_60.0_1.5,2026,4,2026-T4,Stable,89.6,7.2,3.2,89.6
z_60.0_1.5,2027,1,2027-T1,Stable,88.8,7.2,3.9,88.8
z_60.0_1.5,2027,2,2027-T2,Stable,94.5,0.6,5.0,94.5
z_60.0_1.5,2027,3,2027-T3,Stable,88.2,4.8,7.0,88.2
z_60.0_1.5,2027,4,2027-T4,Stable,91.3,6.0,2.7,91.3
z_60.0_1.5,2028,1,2028-T1,Stable,84.3,11.3,4.3,84.3
z_60.0_1.5,2028,2,2028-T2,Stable,92.3,1.8,5.9,92.3
z_60.0_1.5,2028,3,2028-T3,Stable,86.1,7.0,6.9,86.1
z_60.0_1.5,2028,4,2028-T4,Stable,91.3,6.0,2.7,91.3
z_60.0_1.5,2029,1,2029-T1,Stable,87.1,9.2,3.7,87.1
z_60.0_1.5,2029,2,2029-T2,Stable,95.3,1.2,3.5,95.3
z_60.0_1.5,2029,3,2029-T3,Stable,89.8,4.7,5.5,89.8
z_60.0_1.5,2029,4,2029-T4,Stable,91.3,6.0,2.7,91.3
z_60.0_1.5,2030,1,2030-T1,Stable,87.1,9.2,3.7,87.1
z_60.0_1.5,2030,2,2030-T2,Stable,97.8,0.6,1.6,97.8
z_60.0_1.5,2030,3,2030-T3,Stable,89.9,5.9,4.1,89.9
z_60.0_1.5,2030,4,2030-T4,Stable,91.3,6.0,2.7,91.3
z_60.0_16.5,2023,1,2023-T1,Diminution,72.7,8.4,72.7,18.8
z_60.0_16.5,2023,2,2023-T2,Stable,85.8,6.4,7.8,85.8
z_60.0_16.5,2023,3,2023-T3,Stable,94.8,2.0,3.2,94.8
z_60.0_16.5,2023,4,2023-T4,Diminution,83.7,1.7,83.7,14.7
z_60.0_16.5,2024,1,2024-T1,Diminution,79.2,3.7,79.2,17.1
z_60.0_16.5,2024,2,2024-T2,Stable,84.4,9.4,6.2,84.4
z_60.0_16.5,2024,3,2024-T3,Stable,63.1,30.0,7.0,63.1
z_60.0_16.5,2024,4,2024-T4,Diminution,71.6,7.8,71.6,20.5
z_60.0_16.5,2025,1,2025-T1,Diminution,68.9,9.1,68.9,22.0
z_60.0_16.5,2025,2,2025-T2,Stable,81.8,14.6,3.6,81.8
z_60.0_16.5,2025,3,2025-T3,Stable,77.8,17.1,5.1,77.8
z_60.0_16.5,2025,4,2025-T4,Diminution,64.2,14.1,64.2,21.7
z_60.0_16.5,2026,1,2026-T1,Diminution,76.6,4.2,76.6,19.2
z_60.0_16.5,2026,2,2026-T2,Stable,92.4,4.0,3.6,92.4
z_60.0_16.5,2026,3,2026-T3,Stable,94.9,0.9,4.2,94.9
z_60.0_16.5,2026,4,2026-T4,Diminution,80.1,1.5,80.1,18.4
z_60.0_16.5,2027,1,2027-T1,Diminution,84.6,2.1,84.6,13.3
z_60.0_16.5,2027,2,2027-T2,Stable,91.8,4.7,3.5,91.8
z_60.0_16.5,2027,3,2027-T3,Stable,93.7,1.2,5.0,93.7
z_60.0_16.5,2027,4,2027-T4,Diminution,83.4,1.8,83.4,14.8
z_60.0_16.5,2028,1,2028-T1,Diminution,84.9,1.6,84.9,13.5
z_60.0_16.5,2028,2,2028-T2,Stable,93.8,3.2,3.0,93.8
z_60.0_16.5,2028,3,2028-T3,Stable,96.4,1.1,2.5,96.4
z_60.0_16.5,2028,4,2028-T4,Diminution,84.6,1.3,84.6,14.1
z_60.0_16.5,2029,1,2029-T1,Diminution,85.3,2.0,85.3,12.8
z_60.0_16.5,2029,2,2029-T2,Stable,92.5,3.6,3.9,92.5
z_60.0_16.5,2029,3,2029-T3,Stable,96.4,1.1,2.5,96.4
z_60.0_16.5,2029,4,2029-T4,Diminution,83.6,1.5,83.6,14.8
z_60.0_16.5,2030,1,2030-T1,Diminution,84.4,1.8,84.4,13.8
z_60.0_16.5,2030,2,2030-T2,Stable,92.2,4.2,3.6,92.2
z_60.0_16.5,2030,3,2030-T3,Stable,96.4,1.1,2.5,96.4
z_60.0_16.5,2030,4,2030-T4,Diminution,82.8,1.3,82.8,15.9
z_60.0_18.0,2023,1,2023-T1,Stable,63.9,30.2,6.0,63.9
z_60.0_18.0,2023,2,2023-T2,Stable,75.4,21.4,3.3,75.4
z_60.0_18.0,2023,3,2023-T3,Stable,79.0,11.7,9.3,79.0
z_60.0_18.0,2023,4,2023-T4,Stable,69.3,24.1,6.6,69.3
z_60.0_18.0,2024,1,2024-T1,Stable,75.7,19.6,4.7,75.7
z_60.0_18.0,2024,2,2024-T2,Stable,88.8,8.0,3.2,88.8
z_60.0_18.0,2024,3,2024-T3,Stable,80.2,10.4,9.4,80.2
z_60.0_18.0,2024,4,2024-T4,Stable,70.3,21.3,8.4,70.3
z_60.0_18.0,2025,1,2025-T1,Stable,73.4,22.5,4.1,73.4
z_60.0_18.0,2025,2,2025-T2,Stable,92.3,5.6,2.1,92.3
z_60.0_18.0,2025,3,2025-T3,Stable,89.0,7.9,3.1,89.0
z_60.0_18.0,2025,4,2025-T4,Stable,68.0,21.3,10.7,68.0
z_60.0_18.0,2026,1,2026-T1,Stable,78.2,18.2,3.6,78.2
z_60.0_18.0,2026,2,2026-T2,Stable,92.3,5.6,2.1,92.3
z_60.0_18.0,2026,3,2026-T3,Stable,84.9,12.3,2.8,84.9
z_60.0_18.0,2026,4,2026-T4,Stable,69.0,20.4,10.7,69.0
z_60.0_18.0,2027,1,2027-T1,Stable,76.7,19.6,3.7,76.7
z_60.0_18.0,2027,2,2027-T2,Stable,92.3,5.6,2.1,92.3
z_60.0_18.0,2027,3,2027-T3,Stable,88.2,8.9,2.9,88.2
z_60.0_18.0,2027,4,2027-T4,Stable,70.7,20.6,8.8,70.7
z_60.0_18.0,2028,1,2028-T1,Stable,76.4,20.0,3.6,76.4
z_60.0_18.0,2028,2,2028-T2,Stable,92.3,5.6,2.1,92.3
z_60.0_18.0,2028,3,2028-T3,Stable,89.9,7.2,2.9,89.9
z_60.0_18.0,2028,4,2028-T4,Stable,69.8,23.3,6.9,69.8
z_60.0_18.0,2029,1,2029-T1,Stable,76.4,20.0,3.6,76.4
z_60.0_18.0,2029,2,2029-T2,Stable,92.3,5.6,2.1,92.3
z_60.0_18.0,2029,3,2029-T3,Stable,89.9,7.2,2.9,89.9
z_60.0_18.0,2029,4,2029-T4,Stable,70.2,24.0,5.8,70.2
z_60.0_18.0,2030,1,2030-T1,Stable,76.4,20.0,3.6,76.4
z_60.0_18.0,2030,2,2030-T2,Stable,92.3,5.6,2.1,92.3
z_60.0_18.0,2030,3,2030-T3,Stable,89.9,7.2,2.9,89.9
z_60.0_18.0,2030,4,2030-T4,Stable,70.2,24.0,5.8,70.2
z_60.0_19.5,2023,1,2023-T1,Stable,79.7,15.7,4.7,79.7
z_60.0_19.5,2023,2,2023-T2,Stable,92.9,3.9,3.2,92.9
z_60.0_19.5,2023,3,2023-T3,Stable,91.9,4.8,3.3,91.9
z_60.0_19.5,2023,4,2023-T4,Stable,90.9,4.9,4.3,90.9
z_60.0_19.5,2024,1,2024-T1,Stable,78.2,18.2,3.6,78.2
z_60.0_19.5,2024,2,2024-T2,Stable,94.8,2.7,2.5,94.8
z_60.0_19.5,2024,3,2024-T3,Stable,89.3,6.5,4.2,89.3
z_60.0_19.5,2024,4,2024-T4,Stable,89.6,4.7,5.7,89.6
z_60.0_19.5,2025,1,2025-T1,Stable,85.7,11.7,2.7,85.7
z_60.0_19.5,2025,2,2025-T2,Stable,87.2,9.5,3.2,87.2
z_60.0_19.5,2025,3,2025-T3,Stable,91.3,5.8,2.9,91.3
z_60.0_19.5,2025,4,2025-T4,Stable,87.6,7.7,4.7,87.6
z_60.0_19.5,2026,1,2026-T1,Stable,79.4,16.9,3.6,79.4
z_60.0_19.5,2026,2,2026-T2,Stable,95.1,2.8,2.1,95.1
z_60.0_19.5,2026,3,2026-T3,Stable,91.3,5.5,3.1,91.3
z_60.0_19.5,2026,4,2026-T4,Stable,91.7,4.0,4.3,91.7
z_60.0_19.5,2027,1,2027-T1,Stable,80.9,16.1,3.1,80.9
z_60.0_19.5,2027,2,2027-T2,Stable,94.3,2.6,3.1,94.3
z_60.0_19.5,2027,3,2027-T3,Stable,91.3,5.8,2.9,91.3
z_60.0_19.5,2027,4,2027-T4,Stable,92.2,4.3,3.5,92.2
z_60.0_19.5,2028,1,2028-T1,Stable,80.9,16.1,3.1,80.9
z_60.0_19.5,2028,2,2028-T2,Stable,94.7,2.9,2.4,94.7
z_60.0_19.5,2028,3,2028-T3,Stable,91.3,5.8,2.9,91.3
z_60.0_19.5,2028,4,2028-T4,Stable,93.0,4.1,2.9,93.0
z_60.0_19.5,2029,1,2029-T1,Stable,80.9,16.1,3.1,80.9
z_60.0_19.5,2029,2,2029-T2,Stable,94.8,2.7,2.5,94.8
z_60.0_19.5,2029,3,2029-T3,Stable,91.3,5.8,2.9,91.3
z_60.0_19.5,2029,4,2029-T4,Stable,92.6,4.2,3.2,92.6
z_60.0_19.5,2030,1,2030-T1,Stable,80.9,16.1,3.1,80.9
z_60.0_19.5,2030,2,2030-T2,Stable,95.2,2.7,2.1,95.2
z_60.0_19.5,2030,3,2030-T3,Stable,91.3,5.8,2.9,91.3
z_60.0_19.5,2030,4,2030-T4,Stable,92.7,4.4,2.8,92.7
z_60.0_21.0,2023,1,2023-T1,Stable,73.8,21.2,5.0,73.8
z_60.0_21.0,2023,2,2023-T2,Diminution,53.8,22.8,53.8,23.4
z_60.0_21.0,2023,3,2023-T3,Stable,49.5,43.8,6.7,49.5
z_60.0_21.0,2023,4,2023-T4,Stable,47.9,44.7,7.4,47.9
z_60.0_21.0,2024,1,2024-T1,Stable,67.5,25.1,7.4,67.5
z_60.0_21.0,2024,2,2024-T2,Diminution,62.8,14.7,62.8,22.5
z_60.0_21.0,2024,3,2024-T3,Augmentation,58.5,58.5,5.5,36.0
z_60.0_21.0,2024,4,2024-T4,Augmentation,45.2,45.2,9.9,45.0
z_60.0_21.0,2025,1,2025-T1,Augmentation,55.1,55.1,10.0,34.9
z_60.0_21.0,2025,2,2025-T2,Diminution,46.5,34.3,46.5,19.2
z_60.0_21.0,2025,3,2025-T3,Stable,50.1,42.5,7.3,50.1
z_60.0_21.0,2025,4,2025-T4,Augmentation,49.6,49.6,5.9,44.4
z_60.0_21.0,2026,1,2026-T1,Stable,57.9,31.0,11.1,57.9
z_60.0_21.0,2026,2,2026-T2,Diminution,79.6,5.0,79.6,15.5
z_60.0_21.0,2026,3,2026-T3,Stable,66.5,25.5,8.0,66.5
z_60.0_21.0,2026,4,2026-T4,Augmentation,53.1,53.1,6.4,40.5
z_60.0_21.0,2027,1,2027-T1,Stable,56.3,37.8,5.9,56.3
z_60.0_21.0,2027,2,2027-T2,Diminution,70.3,13.1,70.3,16.5
z_60.0_21.0,2027,3,2027-T3,Stable,56.9,39.1,4.0,56.9
z_60.0_21.0,2027,4,2027-T4,Stable,51.4,42.7,5.9,51.4
z_60.0_21.0,2028,1,2028-T1,Stable,51.5,43.6,4.9,51.5
z_60.0_21.0,2028,2,2028-T2,Diminution,73.2,10.8,73.2,16.0
z_60.0_21.0,2028,3,2028-T3,Stable,56.7,38.1,5.2,56.7
z_60.0_21.0,2028,4,2028-T4,Stable,46.9,46.8,6.3,46.9
z_60.0_21.0,2029,1,2029-T1,Stable,54.2,41.5,4.3,54.2
z_60.0_21.0,2029,2,2029-T2,Diminution,70.3,12.2,70.3,17.5
z_60.0_21.0,2029,3,2029-T3,Stable,56.7,38.6,4.8,56.7
z_60.0_21.0,2029,4,2029-T4,Augmentation,48.8,48.8,5.3,46.0
z_60.0_21.0,2030,1,2030-T1,Stable,58.2,37.5,4.3,58.2
z_60.0_21.0,2030,2,2030-T2,Diminution,73.5,10.2,73.5,16.3
z_60.0_21.0,2030,3,2030-T3,Stable,57.6,37.4,5.1,57.6
z_60.0_21.0,2030,4,2030-T4,Stable,51.9,42.7,5.4,51.9
z_60.0_24.0,2023,1,2023-T1,Diminution,89.0,0.5,89.0,10.5
z_60.0_24.0,2023,2,2023-T2,Diminution,85.7,1.0,85.7,13.4
z_60.0_24.0,2023,3,2023-T3,Stable,90.8,4.5,4.8,90.8
z_60.0_24.0,2023,4,2023-T4,Stable,95.4,0.6,4.0,95.4
z_60.0_24.0,2024,1,2024-T1,Diminution,88.8,0.5,88.8,10.7
z_60.0_24.0,2024,2,2024-T2,Diminution,85.8,1.1,85.8,13.1
z_60.0_24.0,2024,3,2024-T3,Stable,85.0,7.3,7.8,85.0
z_60.0_24.0,2024,4,2024-T4,Stable,78.0,12.6,9.5,78.0
z_60.0_24.0,2025,1,2025-T1,Diminution,58.1,21.8,58.1,20.0
z_60.0_24.0,2025,2,2025-T2,Diminution,56.4,23.0,56.4,20.6
z_60.0_24.0,2025,3,2025-T3,Stable,81.3,9.7,9.0,81.3
z_60.0_24.0,2025,4,2025-T4,Stable,67.4,25.2,7.4,67.4
z_60.0_24.0,2026,1,2026-T1,Diminution,72.7,11.2,72.7,16.1
z_60.0_24.0,2026,2,2026-T2,Diminution,70.7,10.6,70.7,18.8
z_60.0_24.0,2026,3,2026-T3,Stable,85.0,6.8,8.2,85.0
z_60.0_24.0,2026,4,2026-T4,Stable,93.4,1.3,5.3,93.4
z_60.0_24.0,2027,1,2027-T1,Diminution,89.4,0.5,89.4,10.1
z_60.0_24.0,2027,2,2027-T2,Diminution,85.0,2.0,85.0,13.0
z_60.0_24.0,2027,3,2027-T3,Stable,84.3,5.6,10.1,84.3
z_60.0_24.0,2027,4,2027-T4,Stable,93.6,0.6,5.9,93.6
z_60.0_24.0,2028,1,2028-T1,Diminution,89.4,0.5,89.4,10.1
z_60.0_24.0,2028,2,2028-T2,Diminution,84.6,1.0,84.6,14.4
z_60.0_24.0,2028,3,2028-T3,Stable,87.1,3.6,9.3,87.1
z_60.0_24.0,2028,4,2028-T4,Stable,95.4,0.4,4.1,95.4
z_60.0_24.0,2029,1,2029-T1,Diminution,89.4,0.5,89.4,10.1
z_60.0_24.0,2029,2,2029-T2,Diminution,84.1,2.0,84.1,13.9
z_60.0_24.0,2029,3,2029-T3,Stable,88.5,3.5,8.0,88.5
z_60.0_24.0,2029,4,2029-T4,Stable,94.8,0.6,4.5,94.8
z_60.0_24.0,2030,1,2030-T1,Diminution,89.4,0.5,89.4,10.1
z_60.0_24.0,2030,2,2030-T2,Diminution,85.9,0.9,85.9,13.2
z_60.0_24.0,2030,3,2030-T3,Stable,89.3,4.4,6.2,89.3
z_60.0_24.0,2030,4,2030-T4,Stable,97.4,0.4,2.1,97.4
z_60.0_25.5,2023,1,2023-T1,Stable,84.6,6.1,9.3,84.6
z_60.0_25.5,2023,2,2023-T2,Stable,86.9,7.5,5.6,86.9
z_60.0_25.5,2023,3,2023-T3,Diminution,80.6,2.0,80.6,17.3
z_60.0_25.5,2023,4,2023-T4,Stable,88.1,6.1,5.7,88.1
z_60.0_25.5,2024,1,2024-T1,Stable,75.6,14.2,10.3,75.6
z_60.0_25.5,2024,2,2024-T2,Stable,81.8,10.9,7.3,81.8
z_60.0_25.5,2024,3,2024-T3,Diminution,65.8,13.8,65.8,20.4
z_60.0_25.5,2024,4,2024-T4,Stable,50.2,45.0,4.8,50.2
z_60.0_25.5,2025,1,2025-T1,Stable,59.7,36.4,3.9,59.7
z_60.0_25.5,2025,2,2025-T2,Stable,62.6,30.8,6.7,62.6
z_60.0_25.5,2025,3,2025-T3,Diminution,63.0,13.7,63.0,23.2
z_60.0_25.5,2025,4,2025-T4,Stable,49.7,45.3,5.0,49.7
z_60.0_25.5,2026,1,2026-T1,Stable,52.1,44.3,3.6,52.1
z_60.0_25.5,2026,2,2026-T2,Stable,61.5,31.9,6.6,61.5
z_60.0_25.5,2026,3,2026-T3,Diminution,66.7,12.4,66.7,20.9
z_60.0_25.5,2026,4,2026-T4,Stable,60.8,33.5,5.7,60.8
z_60.0_25.5,2027,1,2027-T1,Stable,58.8,35.9,5.3,58.8
z_60.0_25.5,2027,2,2027-T2,Stable,62.5,32.5,4.9,62.5
z_60.0_25.5,2027,3,2027-T3,Diminution,66.0,11.3,66.0,22.7
z_60.0_25.5,2027,4,2027-T4,Stable,62.7,32.4,4.9,62.7
z_60.0_25.5,2028,1,2028-T1,Stable,58.6,36.1,5.3,58.6
z_60.0_25.5,2028,2,2028-T2,Stable,64.1,30.6,5.3,64.1
z_60.0_25.5,2028,3,2028-T3,Diminution,66.9,10.9,66.9,22.1
z_60.0_25.5,2028,4,2028-T4,Stable,61.3,33.8,4.9,61.3
z_60.0_25.5,2029,1,2029-T1,Stable,58.7,36.1,5.2,58.7
z_60.0_25.5,2029,2,2029-T2,Stable,64.8,30.2,5.0,64.8
z_60.0_25.5,2029,3,2029-T3,Diminution,64.6,11.9,64.6,23.5
z_60.0_25.5,2029,4,2029-T4,Stable,60.1,35.2,4.6,60.1
z_60.0_25.5,2030,1,2030-T1,Stable,58.6,36.1,5.3,58.6
z_60.0_25.5,2030,2,2030-T2,Stable,64.8,30.2,5.1,64.8
z_60.0_25.5,2030,3,2030-T3,Diminution,67.7,10.5,67.7,21.8
z_60.0_25.5,2030,4,2030-T4,Stable,61.6,33.2,5.2,61.6
z_60.0_27.0,2023,1,2023-T1,Stable,89.0,8.1,2.9,89.0
z_60.0_27.0,2023,2,2023-T2,Stable,91.4,5.7,3.0,91.4
z_60.0_27.0,2023,3,2023-T3,Stable,89.8,7.1,3.1,89.8
z_60.0_27.0,2023,4,2023-T4,Stable,83.2,14.9,1.9,83.2
z_60.0_27.0,2024,1,2024-T1,Stable,87.8,9.0,3.1,87.8
z_60.0_27.0,2024,2,2024-T2,Stable,93.5,4.7,1.9,93.5
z_60.0_27.0,2024,3,2024-T3,Stable,91.3,6.2,2.4,91.3
z_60.0_27.0,2024,4,2024-T4,Stable,78.8,18.8,2.4,78.8
z_60.0_27.0,2025,1,2025-T1,Stable,88.9,7.9,3.2,88.9
z_60.0_27.0,2025,2,2025-T2,Stable,93.5,4.7,1.9,93.5
z_60.0_27.0,2025,3,2025-T3,Stable,91.3,6.2,2.4,91.3
z_60.0_27.0,2025,4,2025-T4,Stable,78.8,18.8,2.4,78.8
z_60.0_27.0,2026,1,2026-T1,Stable,88.5,8.0,3.5,88.5
z_60.0_27.0,2026,2,2026-T2,Stable,93.5,4.7,1.9,93.5
z_60.0_27.0,2026,3,2026-T3,Stable,91.3,6.2,2.4,91.3
z_60.0_27.0,2026,4,2026-T4,Stable,78.8,18.8,2.4,78.8
z_60.0_27.0,2027,1,2027-T1,Stable,89.0,8.1,2.9,89.0
z_60.0_27.0,2027,2,2027-T2,Stable,93.5,4.7,1.9,93.5
z_60.0_27.0,2027,3,2027-T3,Stable,91.3,6.2,2.4,91.3
z_60.0_27.0,2027,4,2027-T4,Stable,78.8,18.8,2.4,78.8
z_60.0_27.0,2028,1,2028-T1,Stable,89.7,7.2,3.1,89.7
z_60.0_27.0,2028,2,2028-T2,Stable,93.5,4.7,1.9,93.5
z_60.0_27.0,2028,3,2028-T3,Stable,91.3,6.2,2.4,91.3
z_60.0_27.0,2028,4,2028-T4,Stable,78.8,18.8,2.4,78.8
z_60.0_27.0,2029,1,2029-T1,Stable,90.4,6.6,3.0,90.4
z_60.0_27.0,2029,2,2029-T2,Stable,93.5,4.7,1.9,93.5
z_60.0_27.0,2029,3,2029-T3,Stable,91.3,6.2,2.4,91.3
z_60.0_27.0,2029,4,2029-T4,Stable,78.8,18.8,2.4,78.8
z_60.0_27.0,2030,1,2030-T1,Stable,90.4,6.6,3.0,90.4
z_60.0_27.0,2030,2,2030-T2,Stable,93.5,4.7,1.9,93.5
z_60.0_27.0,2030,3,2030-T3,Stable,91.3,6.2,2.4,91.3
z_60.0_27.0,2030,4,2030-T4,Stable,78.8,18.8,2.4,78.8
z_60.0_28.5,2023,1,2023-T1,Stable,84.8,10.2,5.0,84.8
z_60.0_28.5,2023,2,2023-T2,Stable,93.2,3.6,3.2,93.2
z_60.0_28.5,2023,3,2023-T3,Stable,90.3,6.4,3.3,90.3
z_60.0_28.5,2023,4,2023-T4,Stable,91.5,5.4,3.1,91.5
z_60.0_28.5,2024,1,2024-T1,Stable,90.6,5.4,3.9,90.6
z_60.0_28.5,2024,2,2024-T2,Stable,94.1,3.3,2.6,94.1
z_60.0_28.5,2024,3,2024-T3,Stable,87.2,9.6,3.2,87.2
z_60.0_28.5,2024,4,2024-T4,Stable,91.5,5.4,3.1,91.5
z_60.0_28.5,2025,1,2025-T1,Stable,89.1,6.0,4.9,89.1
z_60.0_28.5,2025,2,2025-T2,Stable,91.8,4.9,3.3,91.8
z_60.0_28.5,2025,3,2025-T3,Stable,90.9,6.4,2.7,90.9
z_60.0_28.5,2025,4,2025-T4,Stable,90.3,6.5,3.2,90.3
z_60.0_28.5,2026,1,2026-T1,Stable,90.6,5.4,3.9,90.6
z_60.0_28.5,2026,2,2026-T2,Stable,94.1,3.3,2.6,94.1
z_60.0_28.5,2026,3,2026-T3,Stable,88.1,8.9,3.1,88.1
z_60.0_28.5,2026,4,2026-T4,Stable,88.9,8.0,3.2,88.9
z_60.0_28.5,2027,1,2027-T1,Stable,90.6,5.4,3.9,90.6
z_60.0_28.5,2027,2,2027-T2,Stable,94.1,3.3,2.6,94.1
z_60.0_28.5,2027,3,2027-T3,Stable,91.4,5.7,2.8,91.4
z_60.0_28.5,2027,4,2027-T4,Stable,90.4,6.1,3.5,90.4
z_60.0_28.5,2028,1,2028-T1,Stable,90.6,5.4,3.9,90.6
z_60.0_28.5,2028,2,2028-T2,Stable,94.1,3.3,2.6,94.1
z_60.0_28.5,2028,3,2028-T3,Stable,91.9,5.0,3.1,91.9
z_60.0_28.5,2028,4,2028-T4,Stable,89.2,7.6,3.2,89.2
z_60.0_28.5,2029,1,2029-T1,Stable,90.6,5.4,3.9,90.6
z_60.0_28.5,2029,2,2029-T2,Stable,94.1,3.3,2.6,94.1
z_60.0_28.5,2029,3,2029-T3,Stable,91.9,5.0,3.1,91.9
z_60.0_28.5,2029,4,2029-T4,Stable,90.3,6.7,3.0,90.3
z_60.0_28.5,2030,1,2030-T1,Stable,90.6,5.4,3.9,90.6
z_60.0_28.5,2030,2,2030-T2,Stable,94.1,3.3,2.6,94.1
z_60.0_28.5,2030,3,2030-T3,Stable,91.9,5.0,3.1,91.9
z_60.0_28.5,2030,4,2030-T4,Stable,91.5,5.4,3.1,91.5
z_60.0_3.0,2023,1,2023-T1,Stable,91.3,5.7,3.0,91.3
z_60.0_3.0,2023,2,2023-T2,Stable,86.6,8.7,4.7,86.6
z_60.0_3.0,2023,3,2023-T3,Stable,87.7,8.6,3.7,87.7
z_60.0_3.0,2023,4,2023-T4,Stable,93.5,3.3,3.2,93.5
z_60.0_3.0,2024,1,2024-T1,Stable,92.7,5.1,2.3,92.7
z_60.0_3.0,2024,2,2024-T2,Stable,84.8,9.6,5.5,84.8
z_60.0_3.0,2024,3,2024-T3,Stable,83.6,12.6,3.8,83.6
z_60.0_3.0,2024,4,2024-T4,Stable,91.8,5.6,2.6,91.8
z_60.0_3.0,2025,1,2025-T1,Stable,91.1,5.7,3.2,91.1
z_60.0_3.0,2025,2,2025-T2,Stable,87.4,7.6,5.0,87.4
z_60.0_3.0,2025,3,2025-T3,Stable,83.2,12.5,4.3,83.2
z_60.0_3.0,2025,4,2025-T4,Stable,64.4,32.2,3.4,64.4
z_60.0_3.0,2026,1,2026-T1,Stable,68.0,27.7,4.3,68.0
z_60.0_3.0,2026,2,2026-T2,Stable,78.1,17.7,4.2,78.1
z_60.0_3.0,2026,3,2026-T3,Stable,87.1,9.6,3.3,87.1
z_60.0_3.0,2026,4,2026-T4,Stable,94.5,2.9,2.6,94.5
z_60.0_3.0,2027,1,2027-T1,Stable,89.5,6.3,4.2,89.5
z_60.0_3.0,2027,2,2027-T2,Stable,86.0,8.6,5.4,86.0
z_60.0_3.0,2027,3,2027-T3,Stable,87.3,9.2,3.5,87.3
z_60.0_3.0,2027,4,2027-T4,Stable,94.5,2.9,2.6,94.5
z_60.0_3.0,2028,1,2028-T1,Stable,92.2,4.4,3.4,92.2
z_60.0_3.0,2028,2,2028-T2,Stable,85.7,8.9,5.4,85.7
z_60.0_3.0,2028,3,2028-T3,Stable,86.1,10.4,3.5,86.1
z_60.0_3.0,2028,4,2028-T4,Stable,94.5,2.9,2.6,94.5
z_60.0_3.0,2029,1,2029-T1,Stable,90.8,5.3,3.9,90.8
z_60.0_3.0,2029,2,2029-T2,Stable,87.9,7.2,4.9,87.9
z_60.0_3.0,2029,3,2029-T3,Stable,89.9,6.7,3.4,89.9
z_60.0_3.0,2029,4,2029-T4,Stable,94.5,2.9,2.6,94.5
z_60.0_3.0,2030,1,2030-T1,Stable,91.3,5.1,3.6,91.3
z_60.0_3.0,2030,2,2030-T2,Stable,87.1,8.6,4.2,87.1
z_60.0_3.0,2030,3,2030-T3,Stable,86.6,9.6,3.8,86.6
z_60.0_3.0,2030,4,2030-T4,Stable,94.5,2.9,2.6,94.5
z_60.0_4.5,2023,1,2023-T1,Diminution,53.0,35.9,53.0,11.1
z_60.0_4.5,2023,2,2023-T2,Augmentation,53.7,53.7,34.9,11.4
z_60.0_4.5,2023,3,2023-T3,Diminution,59.6,31.4,59.6,9.0
z_60.0_4.5,2023,4,2023-T4,Diminution,53.0,36.5,53.0,10.5
z_60.0_4.5,2024,1,2024-T1,Diminution,62.0,24.6,62.0,13.4
z_60.0_4.5,2024,2,2024-T2,Augmentation,38.3,38.3,47.3,14.4
z_60.0_4.5,2024,3,2024-T3,Augmentation,42.6,42.6,47.5,9.9
z_60.0_4.5,2024,4,2024-T4,Augmentation,60.1,60.1,32.2,7.8
z_60.0_4.5,2025,1,2025-T1,Augmentation,70.4,70.4,21.2,8.4
z_60.0_4.5,2025,2,2025-T2,Augmentation,76.8,76.8,16.4,6.8
z_60.0_4.5,2025,3,2025-T3,Augmentation,70.1,70.1,23.4,6.5
z_60.0_4.5,2025,4,2025-T4,Augmentation,71.2,71.2,23.0,5.8
z_60.0_4.5,2026,1,2026-T1,Augmentation,58.6,58.6,33.8,7.6
z_60.0_4.5,2026,2,2026-T2,Augmentation,61.7,61.7,27.0,11.3
z_60.0_4.5,2026,3,2026-T3,Augmentation,54.4,54.4,37.7,7.9
z_60.0_4.5,2026,4,2026-T4,Augmentation,54.1,54.1,37.7,8.3
z_60.0_4.5,2027,1,2027-T1,Augmentation,56.5,56.5,35.1,8.5
z_60.0_4.5,2027,2,2027-T2,Augmentation,65.7,65.7,26.3,7.9
z_60.0_4.5,2027,3,2027-T3,Augmentation,60.0,60.0,32.3,7.7
z_60.0_4.5,2027,4,2027-T4,Augmentation,56.3,56.3,35.9,7.8
z_60.0_4.5,2028,1,2028-T1,Augmentation,57.7,57.7,33.8,8.4
z_60.0_4.5,2028,2,2028-T2,Augmentation,68.8,68.8,23.8,7.4
z_60.0_4.5,2028,3,2028-T3,Augmentation,63.7,63.7,29.6,6.6
z_60.0_4.5,2028,4,2028-T4,Augmentation,59.8,59.8,32.5,7.7
z_60.0_4.5,2029,1,2029-T1,Augmentation,64.8,64.8,28.0,7.2
z_60.0_4.5,2029,2,2029-T2,Augmentation,74.7,74.7,19.7,5.6
z_60.0_4.5,2029,3,2029-T3,Augmentation,68.3,68.3,26.3,5.4
z_60.0_4.5,2029,4,2029-T4,Augmentation,66.7,66.7,27.6,5.7
z_60.0_4.5,2030,1,2030-T1,Augmentation,67.2,67.2,26.7,6.1
z_60.0_4.5,2030,2,2030-T2,Augmentation,75.5,75.5,19.3,5.1
z_60.0_4.5,2030,3,2030-T3,Augmentation,70.9,70.9,24.0,5.1
z_60.0_4.5,2030,4,2030-T4,Augmentation,71.1,71.1,23.7,5.2
z_60.0_6.0,2023,1,2023-T1,Stable,90.0,6.1,3.9,90.0
z_60.0_6.0,2023,2,2023-T2,Diminution,81.8,1.6,81.8,16.6
z_60.0_6.0,2023,3,2023-T3,Stable,82.0,8.7,9.3,82.0
z_60.0_6.0,2023,4,2023-T4,Diminution,90.7,0.1,90.7,9.2
z_60.0_6.0,2024,1,2024-T1,Stable,93.4,3.6,3.0,93.4
z_60.0_6.0,2024,2,2024-T2,Diminution,84.2,0.5,84.2,15.3
z_60.0_6.0,2024,3,2024-T3,Stable,78.3,12.1,9.5,78.3
z_60.0_6.0,2024,4,2024-T4,Diminution,89.8,0.2,89.8,10.1
z_60.0_6.0,2025,1,2025-T1,Stable,92.5,3.6,3.9,92.5
z_60.0_6.0,2025,2,2025-T2,Diminution,81.3,1.3,81.3,17.3
z_60.0_6.0,2025,3,2025-T3,Stable,81.8,9.4,8.8,81.8
z_60.0_6.0,2025,4,2025-T4,Diminution,87.8,0.7,87.8,11.5
z_60.0_6.0,2026,1,2026-T1,Stable,90.2,4.3,5.5,90.2
z_60.0_6.0,2026,2,2026-T2,Diminution,78.0,6.2,78.0,15.8
z_60.0_6.0,2026,3,2026-T3,Stable,80.0,9.5,10.5,80.0
z_60.0_6.0,2026,4,2026-T4,Diminution,90.7,0.1,90.7,9.2
z_60.0_6.0,2027,1,2027-T1,Stable,93.4,3.6,3.0,93.4
z_60.0_6.0,2027,2,2027-T2,Diminution,85.1,0.6,85.1,14.4
z_60.0_6.0,2027,3,2027-T3,Stable,75.6,13.1,11.3,75.6
z_60.0_6.0,2027,4,2027-T4,Diminution,90.7,0.1,90.7,9.2
z_60.0_6.0,2028,1,2028-T1,Stable,93.4,3.6,3.0,93.4
z_60.0_6.0,2028,2,2028-T2,Diminution,85.0,0.4,85.0,14.5
z_60.0_6.0,2028,3,2028-T3,Stable,79.4,10.0,10.6,79.4
z_60.0_6.0,2028,4,2028-T4,Diminution,90.7,0.1,90.7,9.2
z_60.0_6.0,2029,1,2029-T1,Stable,93.4,3.6,3.0,93.4
z_60.0_6.0,2029,2,2029-T2,Diminution,85.0,0.4,85.0,14.5
z_60.0_6.0,2029,3,2029-T3,Stable,79.4,9.0,11.6,79.4
z_60.0_6.0,2029,4,2029-T4,Diminution,90.7,0.1,90.7,9.2
z_60.0_6.0,2030,1,2030-T1,Stable,93.4,3.6,3.0,93.4
z_60.0_6.0,2030,2,2030-T2,Diminution,85.0,0.4,85.0,14.5
z_60.0_6.0,2030,3,2030-T3,Stable,77.8,12.0,10.1,77.8
z_60.0_6.0,2030,4,2030-T4,Diminution,90.7,0.1,90.7,9.2
z_61.5_-1.5,2023,1,2023-T1,Stable,92.0,3.9,4.1,92.0
z_61.5_-1.5,2023,2,2023-T2,Stable,93.0,3.4,3.6,93.0
z_61.5_-1.5,2023,3,2023-T3,Stable,91.6,4.6,3.8,91.6
z_61.5_-1.5,2023,4,2023-T4,Stable,95.4,2.3,2.3,95.4
z_61.5_-1.5,2024,1,2024-T1,Stable,87.1,8.9,4.0,87.1
z_61.5_-1.5,2024,2,2024-T2,Stable,95.2,1.9,2.9,95.2
z_61.5_-1.5,2024,3,2024-T3,Stable,93.7,2.7,3.5,93.7
z_61.5_-1.5,2024,4,2024-T4,Stable,93.6,3.0,3.4,93.6
z_61.5_-1.5,2025,1,2025-T1,Stable,92.5,3.6,3.9,92.5
z_61.5_-1.5,2025,2,2025-T2,Stable,95.2,1.9,2.9,95.2
z_61.5_-1.5,2025,3,2025-T3,Stable,93.7,2.7,3.5,93.7
z_61.5_-1.5,2025,4,2025-T4,Stable,93.6,3.0,3.4,93.6
z_61.5_-1.5,2026,1,2026-T1,Stable,88.9,6.4,4.7,88.9
z_61.5_-1.5,2026,2,2026-T2,Stable,95.2,1.9,2.9,95.2
z_61.5_-1.5,2026,3,2026-T3,Stable,93.7,2.7,3.5,93.7
z_61.5_-1.5,2026,4,2026-T4,Stable,93.6,3.0,3.4,93.6
z_61.5_-1.5,2027,1,2027-T1,Stable,92.7,3.4,3.9,92.7
z_61.5_-1.5,2027,2,2027-T2,Stable,95.2,1.9,2.9,95.2
z_61.5_-1.5,2027,3,2027-T3,Stable,93.7,2.7,3.5,93.7
z_61.5_-1.5,2027,4,2027-T4,Stable,93.6,3.0,3.4,93.6
z_61.5_-1.5,2028,1,2028-T1,Stable,91.3,4.3,4.4,91.3
z_61.5_-1.5,2028,2,2028-T2,Stable,95.2,1.9,2.9,95.2
z_61.5_-1.5,2028,3,2028-T3,Stable,93.7,2.7,3.5,93.7
z_61.5_-1.5,2028,4,2028-T4,Stable,93.6,3.0,3.4,93.6
z_61.5_-1.5,2029,1,2029-T1,Stable,92.4,3.7,3.9,92.4
z_61.5_-1.5,2029,2,2029-T2,Stable,95.2,1.9,2.9,95.2
z_61.5_-1.5,2029,3,2029-T3,Stable,93.7,2.7,3.5,93.7
z_61.5_-1.5,2029,4,2029-T4,Stable,93.6,3.0,3.4,93.6
z_61.5_-1.5,2030,1,2030-T1,Stable,92.4,3.7,3.9,92.4
z_61.5_-1.5,2030,2,2030-T2,Stable,95.2,1.9,2.9,95.2
z_61.5_-1.5,2030,3,2030-T3,Stable,93.7,2.7,3.5,93.7
z_61.5_-1.5,2030,4,2030-T4,Stable,93.6,3.0,3.4,93.6
z_61.5_-7.5,2023,1,2023-T1,Stable,91.0,5.7,3.2,91.0
z_61.5_-7.5,2023,2,2023-T2,Stable,93.4,4.7,1.9,93.4
z_61.5_-7.5,2023,3,2023-T3,Stable,85.5,8.7,5.8,85.5
z_61.5_-7.5,2023,4,2023-T4,Stable,87.8,8.2,4.0,87.8
z_61.5_-7.5,2024,1,2024-T1,Stable,81.2,6.4,12.5,81.2
z_61.5_-7.5,2024,2,2024-T2,Stable,91.3,6.1,2.7,91.3
z_61.5_-7.5,2024,3,2024-T3,Stable,88.6,8.0,3.4,88.6
z_61.5_-7.5,2024,4,2024-T4,Stable,87.3,10.0,2.7,87.3
z_61.5_-7.5,2025,1,2025-T1,Stable,91.0,5.7,3.2,91.0
z_61.5_-7.5,2025,2,2025-T2,Stable,90.9,6.0,3.1,90.9
z_61.5_-7.5,2025,3,2025-T3,Stable,90.2,7.1,2.7,90.2
z_61.5_-7.5,2025,4,2025-T4,Stable,90.0,7.5,2.5,90.0
z_61.5_-7.5,2026,1,2026-T1,Stable,89.5,6.1,4.4,89.5
z_61.5_-7.5,2026,2,2026-T2,Stable,90.5,5.1,4.5,90.5
z_61.5_-7.5,2026,3,2026-T3,Stable,92.5,5.4,2.1,92.5
z_61.5_-7.5,2026,4,2026-T4,Stable,90.5,7.2,2.4,90.5
z_61.5_-7.5,2027,1,2027-T1,Stable,91.0,5.7,3.2,91.0
z_61.5_-7.5,2027,2,2027-T2,Stable,87.9,7.9,4.1,87.9
z_61.5_-7.5,2027,3,2027-T3,Stable,90.2,7.1,2.7,90.2
z_61.5_-7.5,2027,4,2027-T4,Stable,89.2,8.2,2.6,89.2
z_61.5_-7.5,2028,1,2028-T1,Stable,91.0,5.7,3.2,91.0
z_61.5_-7.5,2028,2,2028-T2,Stable,90.8,6.1,3.1,90.8
z_61.5_-7.5,2028,3,2028-T3,Stable,90.2,7.1,2.7,90.2
z_61.5_-7.5,2028,4,2028-T4,Stable,89.9,7.2,2.9,89.9
z_61.5_-7.5,2029,1,2029-T1,Stable,91.0,5.7,3.2,91.0
z_61.5_-7.5,2029,2,2029-T2,Stable,93.4,4.7,1.9,93.4
z_61.5_-7.5,2029,3,2029-T3,Stable,90.2,7.1,2.7,90.2
z_61.5_-7.5,2029,4,2029-T4,Stable,87.3,10.0,2.7,87.3
z_61.5_-7.5,2030,1,2030-T1,Stable,91.0,5.7,3.2,91.0
z_61.5_-7.5,2030,2,2030-T2,Stable,93.4,4.7,1.9,93.4
z_61.5_-7.5,2030,3,2030-T3,Stable,90.2,7.1,2.7,90.2
z_61.5_-7.5,2030,4,2030-T4,Stable,90.0,7.5,2.5,90.0
z_61.5_0.0,2023,1,2023-T1,Stable,95.2,2.7,2.1,95.2
z_61.5_0.0,2023,2,2023-T2,Stable,96.0,1.8,2.2,96.0
z_61.5_0.0,2023,3,2023-T3,Stable,96.2,0.5,3.3,96.2
z_61.5_0.0,2023,4,2023-T4,Stable,96.2,0.5,3.2,96.2
z_61.5_0.0,2024,1,2024-T1,Stable,95.1,1.6,3.3,95.1
z_61.5_0.0,2024,2,2024-T2,Stable,97.4,0.6,2.0,97.4
z_61.5_0.0,2024,3,2024-T3,Stable,95.5,0.7,3.8,95.5
z_61.5_0.0,2024,4,2024-T4,Stable,85.1,7.6,7.3,85.1
z_61.5_0.0,2025,1,2025-T1,Stable,88.7,7.2,4.1,88.7
z_61.5_0.0,2025,2,2025-T2,Stable,85.6,3.5,10.8,85.6
z_61.5_0.0,2025,3,2025-T3,Stable,93.4,2.4,4.2,93.4
z_61.5_0.0,2025,4,2025-T4,Stable,96.2,0.5,3.2,96.2
z_61.5_0.0,2026,1,2026-T1,Stable,93.7,1.9,4.4,93.7
z_61.5_0.0,2026,2,2026-T2,Stable,95.8,0.9,3.3,95.8
z_61.5_0.0,2026,3,2026-T3,Stable,94.4,1.6,4.1,94.4
z_61.5_0.0,2026,4,2026-T4,Stable,93.8,2.2,4.0,93.8
z_61.5_0.0,2027,1,2027-T1,Stable,95.1,1.6,3.3,95.1
z_61.5_0.0,2027,2,2027-T2,Stable,96.2,1.1,2.7,96.2
z_61.5_0.0,2027,3,2027-T3,Stable,93.5,0.6,5.8,93.5
z_61.5_0.0,2027,4,2027-T4,Stable,95.9,0.9,3.2,95.9
z_61.5_0.0,2028,1,2028-T1,Stable,95.1,1.6,3.3,95.1
z_61.5_0.0,2028,2,2028-T2,Stable,97.3,0.6,2.1,97.3
z_61.5_0.0,2028,3,2028-T3,Stable,93.6,0.4,6.0,93.6
z_61.5_0.0,2028,4,2028-T4,Stable,95.7,0.8,3.5,95.7
z_61.5_0.0,2029,1,2029-T1,Stable,95.1,1.6,3.3,95.1
z_61.5_0.0,2029,2,2029-T2,Stable,97.3,0.6,2.1,97.3
z_61.5_0.0,2029,3,2029-T3,Stable,94.4,0.6,4.9,94.4
z_61.5_0.0,2029,4,2029-T4,Stable,96.2,0.5,3.3,96.2
z_61.5_0.0,2030,1,2030-T1,Stable,95.1,1.6,3.3,95.1
z_61.5_0.0,2030,2,2030-T2,Stable,97.5,0.5,2.0,97.5
z_61.5_0.0,2030,3,2030-T3,Stable,96.2,0.5,3.3,96.2
z_61.5_0.0,2030,4,2030-T4,Stable,95.5,0.8,3.6,95.5
z_61.5_1.5,2023,1,2023-T1,Stable,97.3,0.3,2.5,97.3
z_61.5_1.5,2023,2,2023-T2,Stable,96.2,1.2,2.6,96.2
z_61.5_1.5,2023,3,2023-T3,Stable,97.6,0.2,2.2,97.6
z_61.5_1.5,2023,4,2023-T4,Stable,96.5,0.6,2.9,96.5
z_61.5_1.5,2024,1,2024-T1,Stable,95.6,0.6,3.8,95.6
z_61.5_1.5,2024,2,2024-T2,Stable,97.7,0.7,1.6,97.7
z_61.5_1.5,2024,3,2024-T3,Stable,94.7,2.0,3.3,94.7
z_61.5_1.5,2024,4,2024-T4,Stable,97.6,0.2,2.2,97.6
z_61.5_1.5,2025,1,2025-T1,Stable,97.3,0.3,2.5,97.3
z_61.5_1.5,2025,2,2025-T2,Stable,96.3,1.0,2.7,96.3
z_61.5_1.5,2025,3,2025-T3,Stable,95.7,0.7,3.6,95.7
z_61.5_1.5,2025,4,2025-T4,Stable,98.2,0.2,1.7,98.2
z_61.5_1.5,2026,1,2026-T1,Stable,93.7,2.6,3.7,93.7
z_61.5_1.5,2026,2,2026-T2,Stable,97.2,0.8,1.9,97.2
z_61.5_1.5,2026,3,2026-T3,Stable,96.7,0.3,3.0,96.7
z_61.5_1.5,2026,4,2026-T4,Stable,97.6,0.2,2.2,97.6
z_61.5_1.5,2027,1,2027-T1,Stable,96.2,0.7,3.2,96.2
z_61.5_1.5,2027,2,2027-T2,Stable,97.2,0.8,1.9,97.2
z_61.5_1.5,2027,3,2027-T3,Stable,97.5,0.2,2.3,97.5
z_61.5_1.5,2027,4,2027-T4,Stable,97.6,0.2,2.2,97.6
z_61.5_1.5,2028,1,2028-T1,Stable,96.0,0.8,3.2,96.0
z_61.5_1.5,2028,2,2028-T2,Stable,97.2,0.8,1.9,97.2
z_61.5_1.5,2028,3,2028-T3,Stable,96.8,0.3,2.8,96.8
z_61.5_1.5,2028,4,2028-T4,Stable,97.6,0.2,2.2,97.6
z_61.5_1.5,2029,1,2029-T1,Stable,96.9,0.3,2.8,96.9
z_61.5_1.5,2029,2,2029-T2,Stable,97.2,0.8,1.9,97.2
z_61.5_1.5,2029,3,2029-T3,Stable,97.6,0.2,2.2,97.6
z_61.5_1.5,2029,4,2029-T4,Stable,97.6,0.2,2.2,97.6
z_61.5_1.5,2030,1,2030-T1,Stable,95.7,0.9,3.3,95.7
z_61.5_1.5,2030,2,2030-T2,Stable,97.2,0.8,1.9,97.2
z_61.5_1.5,2030,3,2030-T3,Stable,97.6,0.2,2.2,97.6
z_61.5_1.5,2030,4,2030-T4,Stable,97.6,0.2,2.2,97.6
z_61.5_16.5,2023,1,2023-T1,Diminution,86.9,1.3,86.9,11.7
z_61.5_16.5,2023,2,2023-T2,Stable,92.6,3.7,3.7,92.6
z_61.5_16.5,2023,3,2023-T3,Stable,85.0,3.7,11.3,85.0
z_61.5_16.5,2023,4,2023-T4,Diminution,87.6,1.1,87.6,11.4
z_61.5_16.5,2024,1,2024-T1,Diminution,90.5,0.3,90.5,9.2
z_61.5_16.5,2024,2,2024-T2,Stable,97.8,0.4,1.8,97.8
z_61.5_16.5,2024,3,2024-T3,Stable,95.5,0.8,3.7,95.5
z_61.5_16.5,2024,4,2024-T4,Diminution,83.8,2.2,83.8,14.0
z_61.5_16.5,2025,1,2025-T1,Diminution,79.5,4.4,79.5,16.1
z_61.5_16.5,2025,2,2025-T2,Stable,83.1,6.5,10.4,83.1
z_61.5_16.5,2025,3,2025-T3,Stable,92.9,2.9,4.2,92.9
z_61.5_16.5,2025,4,2025-T4,Diminution,83.9,2.5,83.9,13.6
z_61.5_16.5,2026,1,2026-T1,Diminution,90.9,0.4,90.9,8.7
z_61.5_16.5,2026,2,2026-T2,Stable,97.6,0.4,2.0,97.6
z_61.5_16.5,2026,3,2026-T3,Stable,94.2,1.0,4.8,94.2
z_61.5_16.5,2026,4,2026-T4,Diminution,89.7,0.4,89.7,9.9
z_61.5_16.5,2027,1,2027-T1,Diminution,90.2,0.2,90.2,9.7
z_61.5_16.5,2027,2,2027-T2,Stable,97.9,0.3,1.7,97.9
z_61.5_16.5,2027,3,2027-T3,Stable,93.7,1.2,5.1,93.7
z_61.5_16.5,2027,4,2027-T4,Diminution,88.9,0.9,88.9,10.2
z_61.5_16.5,2028,1,2028-T1,Diminution,89.9,0.3,89.9,9.8
z_61.5_16.5,2028,2,2028-T2,Stable,98.3,0.3,1.4,98.3
z_61.5_16.5,2028,3,2028-T3,Stable,95.6,0.5,3.9,95.6
z_61.5_16.5,2028,4,2028-T4,Diminution,90.0,0.5,90.0,9.5
z_61.5_16.5,2029,1,2029-T1,Diminution,90.6,0.3,90.6,9.1
z_61.5_16.5,2029,2,2029-T2,Stable,97.8,0.4,1.8,97.8
z_61.5_16.5,2029,3,2029-T3,Stable,95.4,0.6,4.0,95.4
z_61.5_16.5,2029,4,2029-T4,Diminution,90.0,0.5,90.0,9.5
z_61.5_16.5,2030,1,2030-T1,Diminution,91.1,0.3,91.1,8.7
z_61.5_16.5,2030,2,2030-T2,Stable,98.4,0.3,1.4,98.4
z_61.5_16.5,2030,3,2030-T3,Stable,97.7,0.5,1.8,97.7
z_61.5_16.5,2030,4,2030-T4,Diminution,90.0,0.5,90.0,9.5
z_61.5_18.0,2023,1,2023-T1,Stable,90.0,6.6,3.4,90.0
z_61.5_18.0,2023,2,2023-T2,Stable,85.4,10.5,4.1,85.4
z_61.5_18.0,2023,3,2023-T3,Stable,90.1,6.4,3.5,90.1
z_61.5_18.0,2023,4,2023-T4,Stable,95.1,2.6,2.3,95.1
z_61.5_18.0,2024,1,2024-T1,Stable,88.8,7.1,4.1,88.8
z_61.5_18.0,2024,2,2024-T2,Stable,88.1,8.0,3.9,88.1
z_61.5_18.0,2024,3,2024-T3,Stable,91.0,5.5,3.5,91.0
z_61.5_18.0,2024,4,2024-T4,Stable,92.0,4.8,3.2,92.0
z_61.5_18.0,2025,1,2025-T1,Stable,91.4,5.8,2.8,91.4
z_61.5_18.0,2025,2,2025-T2,Stable,86.7,9.5,3.8,86.7
z_61.5_18.0,2025,3,2025-T3,Stable,90.1,4.7,5.2,90.1
z_61.5_18.0,2025,4,2025-T4,Stable,90.2,5.4,4.5,90.2
z_61.5_18.0,2026,1,2026-T1,Stable,82.0,7.9,10.0,82.0
z_61.5_18.0,2026,2,2026-T2,Stable,86.6,9.6,3.8,86.6
z_61.5_18.0,2026,3,2026-T3,Stable,92.8,4.6,2.7,92.8
z_61.5_18.0,2026,4,2026-T4,Stable,93.7,3.2,3.1,93.7
z_61.5_18.0,2027,1,2027-T1,Stable,89.4,6.7,3.9,89.4
z_61.5_18.0,2027,2,2027-T2,Stable,84.3,10.4,5.3,84.3
z_61.5_18.0,2027,3,2027-T3,Stable,92.8,4.6,2.7,92.8
z_61.5_18.0,2027,4,2027-T4,Stable,93.7,3.2,3.1,93.7
z_61.5_18.0,2028,1,2028-T1,Stable,90.4,6.0,3.7,90.4
z_61.5_18.0,2028,2,2028-T2,Stable,86.8,7.1,6.1,86.8
z_61.5_18.0,2028,3,2028-T3,Stable,92.8,4.6,2.7,92.8
z_61.5_18.0,2028,4,2028-T4,Stable,93.7,3.2,3.1,93.7
z_61.5_18.0,2029,1,2029-T1,Stable,90.8,5.8,3.4,90.8
z_61.5_18.0,2029,2,2029-T2,Stable,87.3,7.0,5.7,87.3
z_61.5_18.0,2029,3,2029-T3,Stable,92.8,4.6,2.7,92.8
z_61.5_18.0,2029,4,2029-T4,Stable,93.7,3.2,3.1,93.7
z_61.5_18.0,2030,1,2030-T1,Stable,90.8,5.8,3.4,90.8
z_61.5_18.0,2030,2,2030-T2,Stable,87.7,7.5,4.7,87.7
z_61.5_18.0,2030,3,2030-T3,Stable,92.8,4.6,2.7,92.8
z_61.5_18.0,2030,4,2030-T4,Stable,93.7,3.2,3.1,93.7
z_61.5_19.5,2023,1,2023-T1,Stable,97.3,0.5,2.2,97.3
z_61.5_19.5,2023,2,2023-T2,Stable,97.4,0.2,2.4,97.4
z_61.5_19.5,2023,3,2023-T3,Stable,96.5,0.4,3.1,96.5
z_61.5_19.5,2023,4,2023-T4,Stable,92.7,2.4,4.9,92.7
z_61.5_19.5,2024,1,2024-T1,Stable,90.9,2.9,6.2,90.9
z_61.5_19.5,2024,2,2024-T2,Stable,99.0,0.1,0.9,99.0
z_61.5_19.5,2024,3,2024-T3,Stable,93.8,2.2,4.0,93.8
z_61.5_19.5,2024,4,2024-T4,Stable,96.6,0.4,3.0,96.6
z_61.5_19.5,2025,1,2025-T1,Stable,94.5,1.2,4.3,94.5
z_61.5_19.5,2025,2,2025-T2,Stable,90.8,5.4,3.8,90.8
z_61.5_19.5,2025,3,2025-T3,Stable,93.4,3.1,3.5,93.4
z_61.5_19.5,2025,4,2025-T4,Stable,94.9,1.4,3.7,94.9
z_61.5_19.5,2026,1,2026-T1,Stable,94.3,2.0,3.7,94.3
z_61.5_19.5,2026,2,2026-T2,Stable,98.4,0.1,1.5,98.4
z_61.5_19.5,2026,3,2026-T3,Stable,96.7,0.3,3.0,96.7
z_61.5_19.5,2026,4,2026-T4,Stable,96.2,0.6,3.2,96.2
z_61.5_19.5,2027,1,2027-T1,Stable,96.4,0.8,2.8,96.4
z_61.5_19.5,2027,2,2027-T2,Stable,98.4,0.1,1.5,98.4
z_61.5_19.5,2027,3,2027-T3,Stable,97.4,0.2,2.3,97.4
z_61.5_19.5,2027,4,2027-T4,Stable,96.6,0.4,3.0,96.6
z_61.5_19.5,2028,1,2028-T1,Stable,94.0,2.8,3.3,94.0
z_61.5_19.5,2028,2,2028-T2,Stable,98.4,0.1,1.5,98.4
z_61.5_19.5,2028,3,2028-T3,Stable,96.8,0.3,2.8,96.8
z_61.5_19.5,2028,4,2028-T4,Stable,97.2,0.3,2.5,97.2
z_61.5_19.5,2029,1,2029-T1,Stable,97.1,0.5,2.4,97.1
z_61.5_19.5,2029,2,2029-T2,Stable,98.4,0.1,1.5,98.4
z_61.5_19.5,2029,3,2029-T3,Stable,97.5,0.2,2.3,97.5
z_61.5_19.5,2029,4,2029-T4,Stable,96.8,0.4,2.8,96.8
z_61.5_19.5,2030,1,2030-T1,Stable,96.0,1.2,2.8,96.0
z_61.5_19.5,2030,2,2030-T2,Stable,98.4,0.1,1.5,98.4
z_61.5_19.5,2030,3,2030-T3,Stable,97.5,0.2,2.3,97.5
z_61.5_19.5,2030,4,2030-T4,Stable,97.5,0.2,2.3,97.5
z_61.5_21.0,2023,1,2023-T1,Stable,87.5,6.6,5.9,87.5
z_61.5_21.0,2023,2,2023-T2,Stable,89.7,4.5,5.8,89.7
z_61.5_21.0,2023,3,2023-T3,Stable,96.2,0.4,3.4,96.2
z_61.5_21.0,2023,4,2023-T4,Stable,96.3,0.3,3.4,96.3
z_61.5_21.0,2024,1,2024-T1,Stable,91.3,4.3,4.4,91.3
z_61.5_21.0,2024,2,2024-T2,Stable,88.1,6.1,5.8,88.1
z_61.5_21.0,2024,3,2024-T3,Stable,96.2,0.3,3.5,96.2
z_61.5_21.0,2024,4,2024-T4,Stable,97.6,0.2,2.2,97.6
z_61.5_21.0,2025,1,2025-T1,Stable,90.3,3.9,5.9,90.3
z_61.5_21.0,2025,2,2025-T2,Stable,90.2,4.5,5.3,90.2
z_61.5_21.0,2025,3,2025-T3,Stable,83.7,2.9,13.4,83.7
z_61.5_21.0,2025,4,2025-T4,Stable,92.2,2.9,4.9,92.2
z_61.5_21.0,2026,1,2026-T1,Stable,90.1,5.7,4.2,90.1
z_61.5_21.0,2026,2,2026-T2,Stable,90.5,4.1,5.4,90.5
z_61.5_21.0,2026,3,2026-T3,Stable,96.1,0.3,3.5,96.1
z_61.5_21.0,2026,4,2026-T4,Stable,93.1,1.2,5.7,93.1
z_61.5_21.0,2027,1,2027-T1,Stable,92.9,3.5,3.6,92.9
z_61.5_21.0,2027,2,2027-T2,Stable,89.7,4.7,5.6,89.7
z_61.5_21.0,2027,3,2027-T3,Stable,97.4,0.2,2.4,97.4
z_61.5_21.0,2027,4,2027-T4,Stable,94.1,0.4,5.5,94.1
z_61.5_21.0,2028,1,2028-T1,Stable,92.9,3.5,3.6,92.9
z_61.5_21.0,2028,2,2028-T2,Stable,92.0,3.9,4.1,92.0
z_61.5_21.0,2028,3,2028-T3,Stable,97.4,0.2,2.4,97.4
z_61.5_21.0,2028,4,2028-T4,Stable,95.5,0.2,4.3,95.5
z_61.5_21.0,2029,1,2029-T1,Stable,92.9,3.5,3.6,92.9
z_61.5_21.0,2029,2,2029-T2,Stable,94.1,2.1,3.8,94.1
z_61.5_21.0,2029,3,2029-T3,Stable,97.4,0.2,2.4,97.4
z_61.5_21.0,2029,4,2029-T4,Stable,94.6,0.4,5.0,94.6
z_61.5_21.0,2030,1,2030-T1,Stable,92.9,3.5,3.6,92.9
z_61.5_21.0,2030,2,2030-T2,Stable,91.0,4.1,4.9,91.0
z_61.5_21.0,2030,3,2030-T3,Stable,97.4,0.2,2.4,97.4
z_61.5_21.0,2030,4,2030-T4,Stable,97.6,0.2,2.2,97.6
z_61.5_3.0,2023,1,2023-T1,Stable,91.6,5.4,3.0,91.6
z_61.5_3.0,2023,2,2023-T2,Stable,91.4,5.7,2.8,91.4
z_61.5_3.0,2023,3,2023-T3,Stable,93.6,3.1,3.2,93.6
z_61.5_3.0,2023,4,2023-T4,Stable,89.5,5.6,5.0,89.5
z_61.5_3.0,2024,1,2024-T1,Stable,88.6,6.5,4.9,88.6
z_61.5_3.0,2024,2,2024-T2,Stable,81.7,5.7,12.6,81.7
z_61.5_3.0,2024,3,2024-T3,Stable,89.3,6.8,3.9,89.3
z_61.5_3.0,2024,4,2024-T4,Stable,90.5,6.1,3.4,90.5
z_61.5_3.0,2025,1,2025-T1,Stable,89.9,6.1,4.0,89.9
z_61.5_3.0,2025,2,2025-T2,Stable,96.2,2.1,1.7,96.2
z_61.5_3.0,2025,3,2025-T3,Stable,88.0,6.9,5.1,88.0
z_61.5_3.0,2025,4,2025-T4,Stable,90.5,6.1,3.4,90.5
z_61.5_3.0,2026,1,2026-T1,Stable,89.9,6.1,4.0,89.9
z_61.5_3.0,2026,2,2026-T2,Stable,96.2,2.1,1.7,96.2
z_61.5_3.0,2026,3,2026-T3,Stable,89.2,5.4,5.4,89.2
z_61.5_3.0,2026,4,2026-T4,Stable,92.2,5.3,2.5,92.2
z_61.5_3.0,2027,1,2027-T1,Stable,91.6,5.4,3.0,91.6
z_61.5_3.0,2027,2,2027-T2,Stable,94.8,2.7,2.4,94.8
z_61.5_3.0,2027,3,2027-T3,Stable,89.4,5.7,4.9,89.4
z_61.5_3.0,2027,4,2027-T4,Stable,92.2,5.3,2.5,92.2
z_61.5_3.0,2028,1,2028-T1,Stable,91.6,5.4,3.0,91.6
z_61.5_3.0,2028,2,2028-T2,Stable,94.8,2.7,2.4,94.8
z_61.5_3.0,2028,3,2028-T3,Stable,84.6,10.3,5.0,84.6
z_61.5_3.0,2028,4,2028-T4,Stable,92.2,5.3,2.5,92.2
z_61.5_3.0,2029,1,2029-T1,Stable,91.6,5.4,3.0,91.6
z_61.5_3.0,2029,2,2029-T2,Stable,94.8,2.7,2.4,94.8
z_61.5_3.0,2029,3,2029-T3,Stable,86.7,9.7,3.6,86.7
z_61.5_3.0,2029,4,2029-T4,Stable,92.2,5.3,2.5,92.2
z_61.5_3.0,2030,1,2030-T1,Stable,91.6,5.4,3.0,91.6
z_61.5_3.0,2030,2,2030-T2,Stable,94.8,2.7,2.4,94.8
z_61.5_3.0,2030,3,2030-T3,Stable,92.0,4.6,3.5,92.0
z_61.5_3.0,2030,4,2030-T4,Stable,92.2,5.3,2.5,92.2
z_61.5_4.5,2023,1,2023-T1,Augmentation,41.7,41.7,41.1,17.2
z_61.5_4.5,2023,2,2023-T2,Augmentation,76.1,76.1,5.8,18.2
z_61.5_4.5,2023,3,2023-T3,Augmentation,59.9,59.9,26.6,13.5
z_61.5_4.5,2023,4,2023-T4,Augmentation,46.0,46.0,35.9,18.1
z_61.5_4.5,2024,1,2024-T1,Augmentation,36.9,36.9,44.2,18.9
z_61.5_4.5,2024,2,2024-T2,Augmentation,72.4,72.4,7.7,19.9
z_61.5_4.5,2024,3,2024-T3,Augmentation,39.3,39.3,44.0,16.7
z_61.5_4.5,2024,4,2024-T4,Diminution,67.0,17.5,67.0,15.5
z_61.5_4.5,2025,1,2025-T1,Diminution,53.8,29.5,53.8,16.7
z_61.5_4.5,2025,2,2025-T2,Augmentation,50.4,50.4,12.2,37.4
z_61.5_4.5,2025,3,2025-T3,Augmentation,39.9,39.9,41.9,18.2
z_61.5_4.5,2025,4,2025-T4,Augmentation,40.1,40.1,42.8,17.1
z_61.5_4.5,2026,1,2026-T1,Diminution,48.7,29.9,48.7,21.4
z_61.5_4.5,2026,2,2026-T2,Augmentation,53.5,53.5,8.5,38.0
z_61.5_4.5,2026,3,2026-T3,Diminution,53.8,29.9,53.8,16.2
z_61.5_4.5,2026,4,2026-T4,Augmentation,39.4,39.4,43.7,16.9
z_61.5_4.5,2027,1,2027-T1,Augmentation,37.0,37.0,46.5,16.6
z_61.5_4.5,2027,2,2027-T2,Augmentation,72.2,72.2,7.8,20.0
z_61.5_4.5,2027,3,2027-T3,Augmentation,43.1,43.1,40.5,16.5
z_61.5_4.5,2027,4,2027-T4,Augmentation,37.8,37.8,45.2,17.0
z_61.5_4.5,2028,1,2028-T1,Diminution,47.7,35.6,47.7,16.7
z_61.5_4.5,2028,2,2028-T2,Augmentation,71.6,71.6,8.3,20.0
z_61.5_4.5,2028,3,2028-T3,Augmentation,41.4,41.4,41.5,17.1
z_61.5_4.5,2028,4,2028-T4,Augmentation,39.2,39.2,42.5,18.3
z_61.5_4.5,2029,1,2029-T1,Augmentation,38.4,38.4,45.3,16.4
z_61.5_4.5,2029,2,2029-T2,Augmentation,72.3,72.3,8.1,19.6
z_61.5_4.5,2029,3,2029-T3,Augmentation,42.2,42.2,40.6,17.1
z_61.5_4.5,2029,4,2029-T4,Augmentation,35.6,35.6,46.9,17.5
z_61.5_4.5,2030,1,2030-T1,Augmentation,37.0,37.0,46.3,16.6
z_61.5_4.5,2030,2,2030-T2,Augmentation,72.8,72.8,8.3,18.9
z_61.5_4.5,2030,3,2030-T3,Augmentation,43.8,43.8,39.6,16.6
z_61.5_4.5,2030,4,2030-T4,Augmentation,40.8,40.8,42.2,17.0
z_61.5_6.0,2023,1,2023-T1,Diminution,59.7,26.6,59.7,13.7
z_61.5_6.0,2023,2,2023-T2,Diminution,48.5,36.2,48.5,15.2
z_61.5_6.0,2023,3,2023-T3,Augmentation,51.7,51.7,36.2,12.1
z_61.5_6.0,2023,4,2023-T4,Augmentation,53.8,53.8,33.2,13.0
z_61.5_6.0,2024,1,2024-T1,Augmentation,44.9,44.9,40.3,14.8
z_61.5_6.0,2024,2,2024-T2,Augmentation,40.6,40.6,43.9,15.5
z_61.5_6.0,2024,3,2024-T3,Augmentation,45.2,45.2,42.7,12.1
z_61.5_6.0,2024,4,2024-T4,Augmentation,43.8,43.8,40.3,15.9
z_61.5_6.0,2025,1,2025-T1,Augmentation,43.9,43.9,42.4,13.8
z_61.5_6.0,2025,2,2025-T2,Augmentation,50.7,50.7,33.4,15.8
z_61.5_6.0,2025,3,2025-T3,Augmentation,53.2,53.2,35.5,11.3
z_61.5_6.0,2025,4,2025-T4,Augmentation,53.6,53.6,30.4,16.0
z_61.5_6.0,2026,1,2026-T1,Augmentation,63.2,63.2,24.9,11.9
z_61.5_6.0,2026,2,2026-T2,Augmentation,46.0,46.0,41.9,12.2
z_61.5_6.0,2026,3,2026-T3,Augmentation,46.3,46.3,39.9,13.8
z_61.5_6.0,2026,4,2026-T4,Augmentation,45.9,45.9,39.3,14.7
z_61.5_6.0,2027,1,2027-T1,Augmentation,42.7,42.7,43.1,14.2
z_61.5_6.0,2027,2,2027-T2,Augmentation,44.4,44.4,42.9,12.6
z_61.5_6.0,2027,3,2027-T3,Augmentation,48.8,48.8,38.6,12.5
z_61.5_6.0,2027,4,2027-T4,Augmentation,42.4,42.4,42.0,15.6
z_61.5_6.0,2028,1,2028-T1,Augmentation,40.1,40.1,45.1,14.8
z_61.5_6.0,2028,2,2028-T2,Augmentation,44.0,44.0,42.7,13.3
z_61.5_6.0,2028,3,2028-T3,Augmentation,50.7,50.7,37.3,12.1
z_61.5_6.0,2028,4,2028-T4,Augmentation,44.3,44.3,40.6,15.0
z_61.5_6.0,2029,1,2029-T1,Augmentation,41.4,41.4,44.3,14.2
z_61.5_6.0,2029,2,2029-T2,Augmentation,43.2,43.2,43.2,13.6
z_61.5_6.0,2029,3,2029-T3,Augmentation,50.3,50.3,38.0,11.7
z_61.5_6.0,2029,4,2029-T4,Augmentation,45.2,45.2,40.2,14.6
z_61.5_6.0,2030,1,2030-T1,Augmentation,38.9,38.9,47.0,14.1
z_61.5_6.0,2030,2,2030-T2,Augmentation,44.9,44.9,42.1,13.0
z_61.5_6.0,2030,3,2030-T3,Augmentation,47.2,47.2,40.7,12.1
z_61.5_6.0,2030,4,2030-T4,Augmentation,42.3,42.3,42.6,15.2
z_63.0_-13.5,2023,1,2023-T1,Stable,91.8,4.6,3.6,91.8
z_63.0_-13.5,2023,2,2023-T2,Stable,95.5,2.6,2.0,95.5
z_63.0_-13.5,2023,3,2023-T3,Stable,92.7,4.5,2.7,92.7
z_63.0_-13.5,2023,4,2023-T4,Stable,92.2,4.8,2.9,92.2
z_63.0_-13.5,2024,1,2024-T1,Stable,93.1,3.6,3.3,93.1
z_63.0_-13.5,2024,2,2024-T2,Stable,94.5,2.8,2.7,94.5
z_63.0_-13.5,2024,3,2024-T3,Stable,90.5,6.5,3.0,90.5
z_63.0_-13.5,2024,4,2024-T4,Stable,94.2,3.8,2.0,94.2
z_63.0_-13.5,2025,1,2025-T1,Stable,87.1,8.9,4.0,87.1
z_63.0_-13.5,2025,2,2025-T2,Stable,95.5,2.6,2.0,95.5
z_63.0_-13.5,2025,3,2025-T3,Stable,93.1,4.3,2.6,93.1
z_63.0_-13.5,2025,4,2025-T4,Stable,92.4,4.9,2.7,92.4
z_63.0_-13.5,2026,1,2026-T1,Stable,92.8,3.8,3.4,92.8
z_63.0_-13.5,2026,2,2026-T2,Stable,95.5,2.6,2.0,95.5
z_63.0_-13.5,2026,3,2026-T3,Stable,93.1,4.3,2.6,93.1
z_63.0_-13.5,2026,4,2026-T4,Stable,92.4,4.9,2.7,92.4
z_63.0_-13.5,2027,1,2027-T1,Stable,91.8,4.6,3.6,91.8
z_63.0_-13.5,2027,2,2027-T2,Stable,95.5,2.6,2.0,95.5
z_63.0_-13.5,2027,3,2027-T3,Stable,93.1,4.3,2.6,93.1
z_63.0_-13.5,2027,4,2027-T4,Stable,92.4,4.9,2.7,92.4
z_63.0_-13.5,2028,1,2028-T1,Stable,93.1,3.6,3.3,93.1
z_63.0_-13.5,2028,2,2028-T2,Stable,95.5,2.6,2.0,95.5
z_63.0_-13.5,2028,3,2028-T3,Stable,93.1,4.3,2.6,93.1
z_63.0_-13.5,2028,4,2028-T4,Stable,92.4,4.9,2.7,92.4
z_63.0_-13.5,2029,1,2029-T1,Stable,92.4,3.9,3.6,92.4
z_63.0_-13.5,2029,2,2029-T2,Stable,95.5,2.6,2.0,95.5
z_63.0_-13.5,2029,3,2029-T3,Stable,93.1,4.3,2.6,93.1
z_63.0_-13.5,2029,4,2029-T4,Stable,92.4,4.9,2.7,92.4
z_63.0_-13.5,2030,1,2030-T1,Stable,93.2,3.4,3.3,93.2
z_63.0_-13.5,2030,2,2030-T2,Stable,95.5,2.6,2.0,95.5
z_63.0_-13.5,2030,3,2030-T3,Stable,93.1,4.3,2.6,93.1
z_63.0_-13.5,2030,4,2030-T4,Stable,92.4,4.9,2.7,92.4
z_63.0_-16.5,2023,1,2023-T1,Stable,92.2,5.4,2.3,92.2
z_63.0_-16.5,2023,2,2023-T2,Stable,91.9,6.0,2.1,91.9
z_63.0_-16.5,2023,3,2023-T3,Stable,91.2,5.7,3.1,91.2
z_63.0_-16.5,2023,4,2023-T4,Stable,89.3,5.6,5.1,89.3
z_63.0_-16.5,2024,1,2024-T1,Stable,87.0,8.3,4.7,87.0
z_63.0_-16.5,2024,2,2024-T2,Stable,95.8,2.6,1.6,95.8
z_63.0_-16.5,2024,3,2024-T3,Stable,90.7,6.7,2.7,90.7
z_63.0_-16.5,2024,4,2024-T4,Stable,90.8,5.4,3.8,90.8
z_63.0_-16.5,2025,1,2025-T1,Stable,91.2,5.6,3.2,91.2
z_63.0_-16.5,2025,2,2025-T2,Stable,94.0,3.4,2.6,94.0
z_63.0_-16.5,2025,3,2025-T3,Stable,91.7,5.3,2.9,91.7
z_63.0_-16.5,2025,4,2025-T4,Stable,91.3,5.9,2.8,91.3
z_63.0_-16.5,2026,1,2026-T1,Stable,90.7,5.8,3.5,90.7
z_63.0_-16.5,2026,2,2026-T2,Stable,93.8,3.7,2.5,93.8
z_63.0_-16.5,2026,3,2026-T3,Stable,91.2,5.7,3.1,91.2
z_63.0_-16.5,2026,4,2026-T4,Stable,91.3,5.9,2.8,91.3
z_63.0_-16.5,2027,1,2027-T1,Stable,91.0,5.8,3.3,91.0
z_63.0_-16.5,2027,2,2027-T2,Stable,94.5,3.1,2.4,94.5
z_63.0_-16.5,2027,3,2027-T3,Stable,91.6,5.5,2.9,91.6
z_63.0_-16.5,2027,4,2027-T4,Stable,91.3,5.9,2.8,91.3
z_63.0_-16.5,2028,1,2028-T1,Stable,91.0,5.8,3.3,91.0
z_63.0_-16.5,2028,2,2028-T2,Stable,94.9,3.0,2.0,94.9
z_63.0_-16.5,2028,3,2028-T3,Stable,91.5,5.6,2.9,91.5
z_63.0_-16.5,2028,4,2028-T4,Stable,91.3,5.9,2.8,91.3
z_63.0_-16.5,2029,1,2029-T1,Stable,91.0,5.8,3.3,91.0
z_63.0_-16.5,2029,2,2029-T2,Stable,94.9,3.0,2.0,94.9
z_63.0_-16.5,2029,3,2029-T3,Stable,91.8,5.4,2.8,91.8
z_63.0_-16.5,2029,4,2029-T4,Stable,91.3,5.9,2.8,91.3
z_63.0_-16.5,2030,1,2030-T1,Stable,91.0,5.8,3.3,91.0
z_63.0_-16.5,2030,2,2030-T2,Stable,94.9,3.0,2.0,94.9
z_63.0_-16.5,2030,3,2030-T3,Stable,91.8,5.4,2.8,91.8
z_63.0_-16.5,2030,4,2030-T4,Stable,91.3,5.9,2.8,91.3
z_63.0_-21.0,2023,1,2023-T1,Stable,59.5,34.9,5.6,59.5
z_63.0_-21.0,2023,2,2023-T2,Stable,69.5,23.2,7.4,69.5
z_63.0_-21.0,2023,3,2023-T3,Stable,65.9,25.9,8.1,65.9
z_63.0_-21.0,2023,4,2023-T4,Diminution,69.5,10.5,69.5,20.0
z_63.0_-21.0,2024,1,2024-T1,Stable,54.5,36.3,9.2,54.5
z_63.0_-21.0,2024,2,2024-T2,Stable,55.9,37.3,6.9,55.9
z_63.0_-21.0,2024,3,2024-T3,Stable,72.7,16.3,11.0,72.7
z_63.0_-21.0,2024,4,2024-T4,Diminution,74.8,5.5,74.8,19.7
z_63.0_-21.0,2025,1,2025-T1,Stable,69.5,21.9,8.6,69.5
z_63.0_-21.0,2025,2,2025-T2,Stable,74.8,16.7,8.4,74.8
z_63.0_-21.0,2025,3,2025-T3,Stable,73.7,18.8,7.5,73.7
z_63.0_-21.0,2025,4,2025-T4,Diminution,83.0,2.9,83.0,14.1
z_63.0_-21.0,2026,1,2026-T1,Stable,66.5,26.6,6.9,66.5
z_63.0_-21.0,2026,2,2026-T2,Stable,71.7,17.9,10.4,71.7
z_63.0_-21.0,2026,3,2026-T3,Stable,72.6,19.9,7.5,72.6
z_63.0_-21.0,2026,4,2026-T4,Diminution,84.8,2.4,84.8,12.8
z_63.0_-21.0,2027,1,2027-T1,Stable,64.8,28.4,6.8,64.8
z_63.0_-21.0,2027,2,2027-T2,Stable,73.7,16.9,9.4,73.7
z_63.0_-21.0,2027,3,2027-T3,Stable,70.7,22.0,7.2,70.7
z_63.0_-21.0,2027,4,2027-T4,Diminution,85.5,2.3,85.5,12.1
z_63.0_-21.0,2028,1,2028-T1,Stable,64.8,28.4,6.8,64.8
z_63.0_-21.0,2028,2,2028-T2,Stable,74.0,17.5,8.4,74.0
z_63.0_-21.0,2028,3,2028-T3,Stable,74.1,18.6,7.3,74.1
z_63.0_-21.0,2028,4,2028-T4,Diminution,84.7,2.7,84.7,12.6
z_63.0_-21.0,2029,1,2029-T1,Stable,64.8,28.4,6.8,64.8
z_63.0_-21.0,2029,2,2029-T2,Stable,73.6,19.0,7.4,73.6
z_63.0_-21.0,2029,3,2029-T3,Stable,73.8,18.8,7.4,73.8
z_63.0_-21.0,2029,4,2029-T4,Diminution,83.3,2.7,83.3,14.0
z_63.0_-21.0,2030,1,2030-T1,Stable,64.8,28.4,6.8,64.8
z_63.0_-21.0,2030,2,2030-T2,Stable,73.6,19.0,7.4,73.6
z_63.0_-21.0,2030,3,2030-T3,Stable,72.4,20.2,7.4,72.4
z_63.0_-21.0,2030,4,2030-T4,Diminution,83.3,2.7,83.3,14.0
z_63.0_-22.5,2023,1,2023-T1,Diminution,55.6,28.0,55.6,16.5
z_63.0_-22.5,2023,2,2023-T2,Diminution,74.0,11.9,74.0,14.1
z_63.0_-22.5,2023,3,2023-T3,Augmentation,48.4,48.4,6.5,45.1
z_63.0_-22.5,2023,4,2023-T4,Augmentation,38.9,38.9,41.4,19.8
z_63.0_-22.5,2024,1,2024-T1,Diminution,49.3,34.9,49.3,15.8
z_63.0_-22.5,2024,2,2024-T2,Augmentation,44.6,44.6,37.2,18.2
z_63.0_-22.5,2024,3,2024-T3,Augmentation,56.9,56.9,7.3,35.8
z_63.0_-22.5,2024,4,2024-T4,Diminution,53.8,28.8,53.8,17.4
z_63.0_-22.5,2025,1,2025-T1,Diminution,69.1,15.6,69.1,15.4
z_63.0_-22.5,2025,2,2025-T2,Diminution,67.5,15.3,67.5,17.2
z_63.0_-22.5,2025,3,2025-T3,Augmentation,47.5,47.5,9.1,43.3
z_63.0_-22.5,2025,4,2025-T4,Diminution,82.5,4.7,82.5,12.8
z_63.0_-22.5,2026,1,2026-T1,Diminution,90.5,2.3,90.5,7.2
z_63.0_-22.5,2026,2,2026-T2,Diminution,87.8,2.6,87.8,9.6
z_63.0_-22.5,2026,3,2026-T3,Stable,57.2,25.9,16.9,57.2
z_63.0_-22.5,2026,4,2026-T4,Diminution,74.3,11.1,74.3,14.6
z_63.0_-22.5,2027,1,2027-T1,Diminution,76.7,9.6,76.7,13.8
z_63.0_-22.5,2027,2,2027-T2,Diminution,70.8,12.5,70.8,16.6
z_63.0_-22.5,2027,3,2027-T3,Stable,48.9,41.9,9.3,48.9
z_63.0_-22.5,2027,4,2027-T4,Diminution,68.3,16.0,68.3,15.7
z_63.0_-22.5,2028,1,2028-T1,Diminution,74.1,11.7,74.1,14.2
z_63.0_-22.5,2028,2,2028-T2,Diminution,72.2,9.8,72.2,18.0
z_63.0_-22.5,2028,3,2028-T3,Stable,49.5,40.4,10.1,49.5
z_63.0_-22.5,2028,4,2028-T4,Diminution,72.0,11.0,72.0,17.0
z_63.0_-22.5,2029,1,2029-T1,Diminution,76.1,9.9,76.1,14.0
z_63.0_-22.5,2029,2,2029-T2,Diminution,71.8,11.0,71.8,17.3
z_63.0_-22.5,2029,3,2029-T3,Stable,50.6,41.0,8.4,50.6
z_63.0_-22.5,2029,4,2029-T4,Diminution,70.8,12.6,70.8,16.5
z_63.0_-22.5,2030,1,2030-T1,Diminution,77.9,8.0,77.9,14.1
z_63.0_-22.5,2030,2,2030-T2,Diminution,74.9,8.7,74.9,16.4
z_63.0_-22.5,2030,3,2030-T3,Stable,60.2,29.3,10.5,60.2
z_63.0_-22.5,2030,4,2030-T4,Diminution,76.1,8.3,76.1,15.6
z_63.0_-24.0,2023,1,2023-T1,Diminution,73.3,11.9,73.3,14.8
z_63.0_-24.0,2023,2,2023-T2,Diminution,71.8,11.5,71.8,16.7
z_63.0_-24.0,2023,3,2023-T3,Augmentation,52.5,52.5,4.7,42.8
z_63.0_-24.0,2023,4,2023-T4,Stable,50.8,42.7,6.5,50.8
z_63.0_-24.0,2024,1,2024-T1,Diminution,74.6,10.5,74.6,14.9
z_63.0_-24.0,2024,2,2024-T2,Diminution,82.1,4.4,82.1,13.5
z_63.0_-24.0,2024,3,2024-T3,Stable,68.1,23.9,8.1,68.1
z_63.0_-24.0,2024,4,2024-T4,Stable,54.2,36.7,9.1,54.2
z_63.0_-24.0,2025,1,2025-T1,Diminution,85.8,4.1,85.8,10.2
z_63.0_-24.0,2025,2,2025-T2,Diminution,82.0,4.9,82.0,13.2
z_63.0_-24.0,2025,3,2025-T3,Stable,63.6,22.8,13.6,63.6
z_63.0_-24.0,2025,4,2025-T4,Stable,67.4,19.6,13.0,67.4
z_63.0_-24.0,2026,1,2026-T1,Diminution,88.0,3.4,88.0,8.5
z_63.0_-24.0,2026,2,2026-T2,Diminution,87.4,1.6,87.4,11.0
z_63.0_-24.0,2026,3,2026-T3,Stable,72.2,21.5,6.3,72.2
z_63.0_-24.0,2026,4,2026-T4,Stable,73.9,17.9,8.2,73.9
z_63.0_-24.0,2027,1,2027-T1,Diminution,84.5,4.2,84.5,11.2
z_63.0_-24.0,2027,2,2027-T2,Diminution,86.5,2.2,86.5,11.3
z_63.0_-24.0,2027,3,2027-T3,Stable,74.3,19.2,6.5,74.3
z_63.0_-24.0,2027,4,2027-T4,Stable,72.3,19.6,8.1,72.3
z_63.0_-24.0,2028,1,2028-T1,Diminution,84.0,5.4,84.0,10.6
z_63.0_-24.0,2028,2,2028-T2,Diminution,86.6,1.8,86.6,11.6
z_63.0_-24.0,2028,3,2028-T3,Stable,77.0,16.3,6.7,77.0
z_63.0_-24.0,2028,4,2028-T4,Stable,70.8,21.2,8.0,70.8
z_63.0_-24.0,2029,1,2029-T1,Diminution,82.7,5.8,82.7,11.5
z_63.0_-24.0,2029,2,2029-T2,Diminution,87.1,2.0,87.1,10.9
z_63.0_-24.0,2029,3,2029-T3,Stable,75.7,18.0,6.3,75.7
z_63.0_-24.0,2029,4,2029-T4,Stable,70.7,21.3,8.0,70.7
z_63.0_-24.0,2030,1,2030-T1,Diminution,82.6,5.7,82.6,11.6
z_63.0_-24.0,2030,2,2030-T2,Diminution,86.8,1.9,86.8,11.4
z_63.0_-24.0,2030,3,2030-T3,Stable,74.0,19.7,6.4,74.0
z_63.0_-24.0,2030,4,2030-T4,Stable,70.6,21.4,8.0,70.6
z_63.0_-36.0,2023,1,2023-T1,Stable,97.3,0.3,2.4,97.3
z_63.0_-36.0,2023,2,2023-T2,Stable,98.6,0.1,1.3,98.6
z_63.0_-36.0,2023,3,2023-T3,Stable,97.7,0.2,2.1,97.7
z_63.0_-36.0,2023,4,2023-T4,Stable,97.7,0.2,2.1,97.7
z_63.0_-36.0,2024,1,2024-T1,Stable,97.3,0.3,2.4,97.3
z_63.0_-36.0,2024,2,2024-T2,Stable,98.6,0.1,1.3,98.6
z_63.0_-36.0,2024,3,2024-T3,Stable,96.8,0.4,2.8,96.8
z_63.0_-36.0,2024,4,2024-T4,Stable,96.8,0.4,2.8,96.8
z_63.0_-36.0,2025,1,2025-T1,Stable,97.4,0.9,1.7,97.4
z_63.0_-36.0,2025,2,2025-T2,Stable,95.9,1.7,2.4,95.9
z_63.0_-36.0,2025,3,2025-T3,Stable,97.7,0.2,2.1,97.7
z_63.0_-36.0,2025,4,2025-T4,Stable,97.7,0.2,2.1,97.7
z_63.0_-36.0,2026,1,2026-T1,Stable,97.3,0.3,2.4,97.3
z_63.0_-36.0,2026,2,2026-T2,Stable,98.0,0.3,1.7,98.0
z_63.0_-36.0,2026,3,2026-T3,Stable,97.7,0.2,2.1,97.7
z_63.0_-36.0,2026,4,2026-T4,Stable,97.7,0.2,2.1,97.7
z_63.0_-36.0,2027,1,2027-T1,Stable,97.3,0.3,2.4,97.3
z_63.0_-36.0,2027,2,2027-T2,Stable,98.0,0.2,1.9,98.0
z_63.0_-36.0,2027,3,2027-T3,Stable,97.7,0.2,2.1,97.7
z_63.0_-36.0,2027,4,2027-T4,Stable,97.7,0.2,2.1,97.7
z_63.0_-36.0,2028,1,2028-T1,Stable,97.3,0.3,2.4,97.3
z_63.0_-36.0,2028,2,2028-T2,Stable,98.2,0.2,1.5,98.2
z_63.0_-36.0,2028,3,2028-T3,Stable,97.7,0.2,2.1,97.7
z_63.0_-36.0,2028,4,2028-T4,Stable,97.7,0.2,2.1,97.7
z_63.0_-36.0,2029,1,2029-T1,Stable,97.3,0.3,2.4,97.3
z_63.0_-36.0,2029,2,2029-T2,Stable,97.9,0.3,1.7,97.9
z_63.0_-36.0,2029,3,2029-T3,Stable,97.7,0.2,2.1,97.7
z_63.0_-36.0,2029,4,2029-T4,Stable,97.7,0.2,2.1,97.7
z_63.0_-36.0,2030,1,2030-T1,Stable,97.3,0.3,2.4,97.3
z_63.0_-36.0,2030,2,2030-T2,Stable,98.6,0.1,1.3,98.6
z_63.0_-36.0,2030,3,2030-T3,Stable,97.7,0.2,2.1,97.7
z_63.0_-36.0,2030,4,2030-T4,Stable,97.7,0.2,2.1,97.7
z_63.0_-7.5,2023,1,2023-T1,Stable,96.4,0.4,3.2,96.4
z_63.0_-7.5,2023,2,2023-T2,Stable,96.9,0.3,2.8,96.9
z_63.0_-7.5,2023,3,2023-T3,Stable,95.9,0.6,3.5,95.9
z_63.0_-7.5,2023,4,2023-T4,Stable,97.7,0.2,2.1,97.7
z_63.0_-7.5,2024,1,2024-T1,Stable,92.9,2.9,4.2,92.9
z_63.0_-7.5,2024,2,2024-T2,Stable,97.7,0.2,2.1,97.7
z_63.0_-7.5,2024,3,2024-T3,Stable,96.6,0.3,3.1,96.6
z_63.0_-7.5,2024,4,2024-T4,Stable,96.6,0.3,3.1,96.6
z_63.0_-7.5,2025,1,2025-T1,Stable,95.5,0.8,3.7,95.5
z_63.0_-7.5,2025,2,2025-T2,Stable,97.7,0.2,2.1,97.7
z_63.0_-7.5,2025,3,2025-T3,Stable,96.6,0.3,3.1,96.6
z_63.0_-7.5,2025,4,2025-T4,Stable,96.6,0.3,3.1,96.6
z_63.0_-7.5,2026,1,2026-T1,Stable,95.4,0.9,3.6,95.4
z_63.0_-7.5,2026,2,2026-T2,Stable,97.7,0.2,2.1,97.7
z_63.0_-7.5,2026,3,2026-T3,Stable,96.6,0.3,3.1,96.6
z_63.0_-7.5,2026,4,2026-T4,Stable,96.6,0.3,3.1,96.6
z_63.0_-7.5,2027,1,2027-T1,Stable,96.1,0.4,3.5,96.1
z_63.0_-7.5,2027,2,2027-T2,Stable,97.7,0.2,2.1,97.7
z_63.0_-7.5,2027,3,2027-T3,Stable,96.6,0.3,3.1,96.6
z_63.0_-7.5,2027,4,2027-T4,Stable,96.6,0.3,3.1,96.6
z_63.0_-7.5,2028,1,2028-T1,Stable,95.1,1.1,3.8,95.1
z_63.0_-7.5,2028,2,2028-T2,Stable,97.7,0.2,2.1,97.7
z_63.0_-7.5,2028,3,2028-T3,Stable,96.6,0.3,3.1,96.6
z_63.0_-7.5,2028,4,2028-T4,Stable,96.6,0.3,3.1,96.6
z_63.0_-7.5,2029,1,2029-T1,Stable,96.4,0.4,3.2,96.4
z_63.0_-7.5,2029,2,2029-T2,Stable,97.7,0.2,2.1,97.7
z_63.0_-7.5,2029,3,2029-T3,Stable,96.6,0.3,3.1,96.6
z_63.0_-7.5,2029,4,2029-T4,Stable,96.6,0.3,3.1,96.6
z_63.0_-7.5,2030,1,2030-T1,Stable,96.4,0.4,3.2,96.4
z_63.0_-7.5,2030,2,2030-T2,Stable,97.7,0.2,2.1,97.7
z_63.0_-7.5,2030,3,2030-T3,Stable,96.6,0.3,3.1,96.6
z_63.0_-7.5,2030,4,2030-T4,Stable,96.6,0.3,3.1,96.6
z_63.0_0.0,2023,1,2023-T1,Stable,98.0,0.2,1.8,98.0
z_63.0_0.0,2023,2,2023-T2,Stable,98.1,0.1,1.8,98.1
z_63.0_0.0,2023,3,2023-T3,Stable,98.0,0.1,1.9,98.0
z_63.0_0.0,2023,4,2023-T4,Stable,93.0,2.1,4.9,93.0
z_63.0_0.0,2024,1,2024-T1,Stable,93.3,1.5,5.2,93.3
z_63.0_0.0,2024,2,2024-T2,Stable,84.6,2.6,12.8,84.6
z_63.0_0.0,2024,3,2024-T3,Stable,94.5,2.2,3.4,94.5
z_63.0_0.0,2024,4,2024-T4,Stable,98.1,0.2,1.8,98.1
z_63.0_0.0,2025,1,2025-T1,Stable,98.0,0.2,1.8,98.0
z_63.0_0.0,2025,2,2025-T2,Stable,98.1,0.1,1.8,98.1
z_63.0_0.0,2025,3,2025-T3,Stable,92.9,1.6,5.6,92.9
z_63.0_0.0,2025,4,2025-T4,Stable,98.1,0.2,1.8,98.1
z_63.0_0.0,2026,1,2026-T1,Stable,98.0,0.2,1.8,98.0
z_63.0_0.0,2026,2,2026-T2,Stable,98.1,0.1,1.8,98.1
z_63.0_0.0,2026,3,2026-T3,Stable,92.6,0.7,6.7,92.6
z_63.0_0.0,2026,4,2026-T4,Stable,98.1,0.2,1.8,98.1
z_63.0_0.0,2027,1,2027-T1,Stable,98.0,0.2,1.8,98.0
z_63.0_0.0,2027,2,2027-T2,Stable,98.1,0.1,1.8,98.1
z_63.0_0.0,2027,3,2027-T3,Stable,94.4,0.3,5.3,94.4
z_63.0_0.0,2027,4,2027-T4,Stable,98.1,0.2,1.8,98.1
z_63.0_0.0,2028,1,2028-T1,Stable,98.0,0.2,1.8,98.0
z_63.0_0.0,2028,2,2028-T2,Stable,98.1,0.1,1.8,98.1
z_63.0_0.0,2028,3,2028-T3,Stable,93.6,1.7,4.7,93.6
z_63.0_0.0,2028,4,2028-T4,Stable,98.1,0.2,1.8,98.1
z_63.0_0.0,2029,1,2029-T1,Stable,98.0,0.2,1.8,98.0
z_63.0_0.0,2029,2,2029-T2,Stable,98.1,0.1,1.8,98.1
z_63.0_0.0,2029,3,2029-T3,Stable,98.0,0.1,1.9,98.0
z_63.0_0.0,2029,4,2029-T4,Stable,98.1,0.2,1.8,98.1
z_63.0_0.0,2030,1,2030-T1,Stable,98.0,0.2,1.8,98.0
z_63.0_0.0,2030,2,2030-T2,Stable,98.1,0.1,1.8,98.1
z_63.0_0.0,2030,3,2030-T3,Stable,98.0,0.1,1.9,98.0
z_63.0_0.0,2030,4,2030-T4,Stable,98.1,0.2,1.8,98.1
z_63.0_18.0,2023,1,2023-T1,Stable,92.0,4.8,3.2,92.0
z_63.0_18.0,2023,2,2023-T2,Stable,89.7,4.9,5.4,89.7
z_63.0_18.0,2023,3,2023-T3,Stable,89.6,5.4,4.9,89.6
z_63.0_18.0,2023,4,2023-T4,Stable,83.8,3.9,12.2,83.8
z_63.0_18.0,2024,1,2024-T1,Stable,92.2,3.9,3.9,92.2
z_63.0_18.0,2024,2,2024-T2,Stable,94.7,2.5,2.8,94.7
z_63.0_18.0,2024,3,2024-T3,Stable,94.8,1.7,3.5,94.8
z_63.0_18.0,2024,4,2024-T4,Stable,97.4,0.8,1.8,97.4
z_63.0_18.0,2025,1,2025-T1,Stable,90.8,4.0,5.2,90.8
z_63.0_18.0,2025,2,2025-T2,Stable,93.5,3.5,3.0,93.5
z_63.0_18.0,2025,3,2025-T3,Stable,96.1,0.9,3.0,96.1
z_63.0_18.0,2025,4,2025-T4,Stable,95.0,1.4,3.6,95.0
z_63.0_18.0,2026,1,2026-T1,Stable,90.0,3.2,6.8,90.0
z_63.0_18.0,2026,2,2026-T2,Stable,95.6,2.3,2.1,95.6
z_63.0_18.0,2026,3,2026-T3,Stable,92.7,3.4,3.9,92.7
z_63.0_18.0,2026,4,2026-T4,Stable,96.2,1.0,2.8,96.2
z_63.0_18.0,2027,1,2027-T1,Stable,87.9,5.0,7.1,87.9
z_63.0_18.0,2027,2,2027-T2,Stable,94.7,2.9,2.4,94.7
z_63.0_18.0,2027,3,2027-T3,Stable,96.2,1.0,2.8,96.2
z_63.0_18.0,2027,4,2027-T4,Stable,96.2,1.0,2.8,96.2
z_63.0_18.0,2028,1,2028-T1,Stable,91.9,3.2,4.9,91.9
z_63.0_18.0,2028,2,2028-T2,Stable,94.9,3.0,2.2,94.9
z_63.0_18.0,2028,3,2028-T3,Stable,95.9,0.9,3.2,95.9
z_63.0_18.0,2028,4,2028-T4,Stable,96.2,1.0,2.8,96.2
z_63.0_18.0,2029,1,2029-T1,Stable,93.3,3.3,3.4,93.3
z_63.0_18.0,2029,2,2029-T2,Stable,94.9,3.0,2.2,94.9
z_63.0_18.0,2029,3,2029-T3,Stable,96.1,0.9,3.0,96.1
z_63.0_18.0,2029,4,2029-T4,Stable,96.2,1.0,2.8,96.2
z_63.0_18.0,2030,1,2030-T1,Stable,94.0,2.9,3.1,94.0
z_63.0_18.0,2030,2,2030-T2,Stable,94.9,3.0,2.2,94.9
z_63.0_18.0,2030,3,2030-T3,Stable,95.5,1.0,3.4,95.5
z_63.0_18.0,2030,4,2030-T4,Stable,96.2,1.0,2.8,96.2
z_63.0_19.5,2023,1,2023-T1,Stable,89.2,6.4,4.4,89.2
z_63.0_19.5,2023,2,2023-T2,Stable,94.0,3.0,3.0,94.0
z_63.0_19.5,2023,3,2023-T3,Stable,84.5,12.2,3.3,84.5
z_63.0_19.5,2023,4,2023-T4,Stable,83.6,11.3,5.1,83.6
z_63.0_19.5,2024,1,2024-T1,Stable,89.6,6.1,4.3,89.6
z_63.0_19.5,2024,2,2024-T2,Stable,83.2,10.7,6.1,83.2
z_63.0_19.5,2024,3,2024-T3,Stable,84.1,13.4,2.5,84.1
z_63.0_19.5,2024,4,2024-T4,Stable,77.8,17.4,4.7,77.8
z_63.0_19.5,2025,1,2025-T1,Stable,83.4,11.6,5.0,83.4
z_63.0_19.5,2025,2,2025-T2,Stable,93.3,2.3,4.3,93.3
z_63.0_19.5,2025,3,2025-T3,Stable,85.0,10.6,4.4,85.0
z_63.0_19.5,2025,4,2025-T4,Stable,72.0,22.5,5.4,72.0
z_63.0_19.5,2026,1,2026-T1,Stable,79.1,17.1,3.8,79.1
z_63.0_19.5,2026,2,2026-T2,Stable,81.9,7.8,10.2,81.9
z_63.0_19.5,2026,3,2026-T3,Stable,85.8,10.9,3.3,85.8
z_63.0_19.5,2026,4,2026-T4,Stable,81.0,15.6,3.4,81.0
z_63.0_19.5,2027,1,2027-T1,Stable,89.9,6.7,3.4,89.9
z_63.0_19.5,2027,2,2027-T2,Stable,95.0,2.9,2.1,95.0
z_63.0_19.5,2027,3,2027-T3,Stable,80.7,14.1,5.2,80.7
z_63.0_19.5,2027,4,2027-T4,Stable,86.0,11.1,2.9,86.0
z_63.0_19.5,2028,1,2028-T1,Stable,91.5,5.3,3.2,91.5
z_63.0_19.5,2028,2,2028-T2,Stable,94.8,2.7,2.5,94.8
z_63.0_19.5,2028,3,2028-T3,Stable,84.8,9.4,5.8,84.8
z_63.0_19.5,2028,4,2028-T4,Stable,83.6,13.3,3.1,83.6
z_63.0_19.5,2029,1,2029-T1,Stable,90.7,5.9,3.4,90.7
z_63.0_19.5,2029,2,2029-T2,Stable,94.3,3.2,2.5,94.3
z_63.0_19.5,2029,3,2029-T3,Stable,85.0,9.1,5.9,85.0
z_63.0_19.5,2029,4,2029-T4,Stable,83.6,13.7,2.8,83.6
z_63.0_19.5,2030,1,2030-T1,Stable,91.2,5.7,3.1,91.2
z_63.0_19.5,2030,2,2030-T2,Stable,94.5,3.1,2.5,94.5
z_63.0_19.5,2030,3,2030-T3,Stable,85.5,10.5,4.0,85.5
z_63.0_19.5,2030,4,2030-T4,Stable,83.6,13.7,2.8,83.6
z_63.0_21.0,2023,1,2023-T1,Stable,88.3,8.2,3.5,88.3
z_63.0_21.0,2023,2,2023-T2,Stable,95.2,2.3,2.6,95.2
z_63.0_21.0,2023,3,2023-T3,Stable,94.0,2.7,3.3,94.0
z_63.0_21.0,2023,4,2023-T4,Stable,91.3,5.3,3.4,91.3
z_63.0_21.0,2024,1,2024-T1,Stable,75.3,19.1,5.6,75.3
z_63.0_21.0,2024,2,2024-T2,Stable,91.2,6.4,2.4,91.2
z_63.0_21.0,2024,3,2024-T3,Stable,92.1,5.3,2.7,92.1
z_63.0_21.0,2024,4,2024-T4,Stable,89.9,6.2,3.9,89.9
z_63.0_21.0,2025,1,2025-T1,Stable,87.7,7.7,4.6,87.7
z_63.0_21.0,2025,2,2025-T2,Stable,96.5,1.7,1.9,96.5
z_63.0_21.0,2025,3,2025-T3,Stable,90.3,6.2,3.5,90.3
z_63.0_21.0,2025,4,2025-T4,Stable,90.5,5.9,3.5,90.5
z_63.0_21.0,2026,1,2026-T1,Stable,89.2,6.7,4.1,89.2
z_63.0_21.0,2026,2,2026-T2,Stable,96.5,1.7,1.9,96.5
z_63.0_21.0,2026,3,2026-T3,Stable,90.7,5.9,3.4,90.7
z_63.0_21.0,2026,4,2026-T4,Stable,91.6,5.4,2.9,91.6
z_63.0_21.0,2027,1,2027-T1,Stable,90.9,5.8,3.4,90.9
z_63.0_21.0,2027,2,2027-T2,Stable,95.2,2.3,2.6,95.2
z_63.0_21.0,2027,3,2027-T3,Stable,91.2,5.3,3.4,91.2
z_63.0_21.0,2027,4,2027-T4,Stable,91.8,5.6,2.6,91.8
z_63.0_21.0,2028,1,2028-T1,Stable,91.5,5.3,3.2,91.5
z_63.0_21.0,2028,2,2028-T2,Stable,95.2,2.3,2.6,95.2
z_63.0_21.0,2028,3,2028-T3,Stable,85.6,10.3,4.1,85.6
z_63.0_21.0,2028,4,2028-T4,Stable,92.6,4.7,2.6,92.6
z_63.0_21.0,2029,1,2029-T1,Stable,91.5,5.3,3.2,91.5
z_63.0_21.0,2029,2,2029-T2,Stable,95.2,2.3,2.6,95.2
z_63.0_21.0,2029,3,2029-T3,Stable,88.0,8.3,3.7,88.0
z_63.0_21.0,2029,4,2029-T4,Stable,93.0,4.4,2.6,93.0
z_63.0_21.0,2030,1,2030-T1,Stable,91.5,5.3,3.2,91.5
z_63.0_21.0,2030,2,2030-T2,Stable,95.2,2.3,2.6,95.2
z_63.0_21.0,2030,3,2030-T3,Stable,92.1,4.4,3.6,92.1
z_63.0_21.0,2030,4,2030-T4,Stable,93.0,4.4,2.6,93.0
z_63.0_22.5,2023,1,2023-T1,Stable,82.6,9.6,7.8,82.6
z_63.0_22.5,2023,2,2023-T2,Diminution,84.5,1.1,84.5,14.4
z_63.0_22.5,2023,3,2023-T3,Stable,94.7,1.7,3.6,94.7
z_63.0_22.5,2023,4,2023-T4,Stable,84.5,7.6,7.9,84.5
z_63.0_22.5,2024,1,2024-T1,Stable,80.0,11.9,8.1,80.0
z_63.0_22.5,2024,2,2024-T2,Diminution,84.5,1.1,84.5,14.4
z_63.0_22.5,2024,3,2024-T3,Stable,89.4,2.0,8.5,89.4
z_63.0_22.5,2024,4,2024-T4,Stable,80.1,12.5,7.4,80.1
z_63.0_22.5,2025,1,2025-T1,Stable,86.3,8.7,5.0,86.3
z_63.0_22.5,2025,2,2025-T2,Diminution,84.0,1.1,84.0,14.9
z_63.0_22.5,2025,3,2025-T3,Stable,92.6,1.3,6.1,92.6
z_63.0_22.5,2025,4,2025-T4,Stable,92.8,3.5,3.7,92.8
z_63.0_22.5,2026,1,2026-T1,Stable,83.7,8.1,8.3,83.7
z_63.0_22.5,2026,2,2026-T2,Diminution,85.8,0.4,85.8,13.8
z_63.0_22.5,2026,3,2026-T3,Stable,93.6,1.1,5.3,93.6
z_63.0_22.5,2026,4,2026-T4,Stable,88.3,5.4,6.3,88.3
z_63.0_22.5,2027,1,2027-T1,Stable,83.7,9.7,6.6,83.7
z_63.0_22.5,2027,2,2027-T2,Diminution,87.8,0.3,87.8,11.9
z_63.0_22.5,2027,3,2027-T3,Stable,92.7,1.9,5.4,92.7
z_63.0_22.5,2027,4,2027-T4,Stable,89.4,6.2,4.4,89.4
z_63.0_22.5,2028,1,2028-T1,Stable,87.5,7.7,4.8,87.5
z_63.0_22.5,2028,2,2028-T2,Diminution,87.2,0.2,87.2,12.6
z_63.0_22.5,2028,3,2028-T3,Stable,95.4,1.0,3.6,95.4
z_63.0_22.5,2028,4,2028-T4,Stable,88.5,6.2,5.3,88.5
z_63.0_22.5,2029,1,2029-T1,Stable,87.5,7.7,4.8,87.5
z_63.0_22.5,2029,2,2029-T2,Diminution,88.0,0.3,88.0,11.8
z_63.0_22.5,2029,3,2029-T3,Stable,96.1,0.4,3.5,96.1
z_63.0_22.5,2029,4,2029-T4,Stable,92.8,3.5,3.7,92.8
z_63.0_22.5,2030,1,2030-T1,Stable,87.5,7.7,4.8,87.5
z_63.0_22.5,2030,2,2030-T2,Diminution,87.8,0.3,87.8,11.9
z_63.0_22.5,2030,3,2030-T3,Stable,97.5,0.2,2.3,97.5
z_63.0_22.5,2030,4,2030-T4,Stable,89.0,5.8,5.3,89.0
z_63.0_3.0,2023,1,2023-T1,Stable,97.4,0.3,2.3,97.4
z_63.0_3.0,2023,2,2023-T2,Stable,98.7,0.1,1.2,98.7
z_63.0_3.0,2023,3,2023-T3,Stable,96.7,0.4,2.9,96.7
z_63.0_3.0,2023,4,2023-T4,Stable,96.8,0.4,2.7,96.8
z_63.0_3.0,2024,1,2024-T1,Stable,97.4,1.0,1.6,97.4
z_63.0_3.0,2024,2,2024-T2,Stable,96.1,1.7,2.2,96.1
z_63.0_3.0,2024,3,2024-T3,Stable,97.8,0.2,2.0,97.8
z_63.0_3.0,2024,4,2024-T4,Stable,97.8,0.2,2.0,97.8
z_63.0_3.0,2025,1,2025-T1,Stable,97.4,0.3,2.3,97.4
z_63.0_3.0,2025,2,2025-T2,Stable,98.0,0.3,1.7,98.0
z_63.0_3.0,2025,3,2025-T3,Stable,97.8,0.2,2.0,97.8
z_63.0_3.0,2025,4,2025-T4,Stable,97.8,0.2,2.0,97.8
z_63.0_3.0,2026,1,2026-T1,Stable,97.4,0.3,2.3,97.4
z_63.0_3.0,2026,2,2026-T2,Stable,98.0,0.2,1.8,98.0
z_63.0_3.0,2026,3,2026-T3,Stable,97.8,0.2,2.0,97.8
z_63.0_3.0,2026,4,2026-T4,Stable,97.8,0.2,2.0,97.8
z_63.0_3.0,2027,1,2027-T1,Stable,97.4,0.3,2.3,97.4
z_63.0_3.0,2027,2,2027-T2,Stable,98.3,0.2,1.4,98.3
z_63.0_3.0,2027,3,2027-T3,Stable,97.8,0.2,2.0,97.8
z_63.0_3.0,2027,4,2027-T4,Stable,97.8,0.2,2.0,97.8
z_63.0_3.0,2028,1,2028-T1,Stable,97.4,0.3,2.3,97.4
z_63.0_3.0,2028,2,2028-T2,Stable,98.1,0.3,1.5,98.1
z_63.0_3.0,2028,3,2028-T3,Stable,97.8,0.2,2.0,97.8
z_63.0_3.0,2028,4,2028-T4,Stable,97.8,0.2,2.0,97.8
z_63.0_3.0,2029,1,2029-T1,Stable,97.4,0.3,2.3,97.4
z_63.0_3.0,2029,2,2029-T2,Stable,98.7,0.1,1.2,98.7
z_63.0_3.0,2029,3,2029-T3,Stable,97.8,0.2,2.0,97.8
z_63.0_3.0,2029,4,2029-T4,Stable,97.8,0.2,2.0,97.8
z_63.0_3.0,2030,1,2030-T1,Stable,97.4,0.3,2.3,97.4
z_63.0_3.0,2030,2,2030-T2,Stable,98.7,0.1,1.2,98.7
z_63.0_3.0,2030,3,2030-T3,Stable,97.8,0.2,2.0,97.8
z_63.0_3.0,2030,4,2030-T4,Stable,97.8,0.2,2.0,97.8
z_63.0_4.5,2023,1,2023-T1,Stable,91.4,5.7,2.9,91.4
z_63.0_4.5,2023,2,2023-T2,Stable,94.6,3.0,2.4,94.6
z_63.0_4.5,2023,3,2023-T3,Stable,92.0,3.9,4.1,92.0
z_63.0_4.5,2023,4,2023-T4,Stable,82.9,12.6,4.5,82.9
z_63.0_4.5,2024,1,2024-T1,Stable,85.4,11.0,3.6,85.4
z_63.0_4.5,2024,2,2024-T2,Stable,93.0,4.9,2.1,93.0
z_63.0_4.5,2024,3,2024-T3,Stable,89.4,7.3,3.3,89.4
z_63.0_4.5,2024,4,2024-T4,Stable,90.6,6.2,3.2,90.6
z_63.0_4.5,2025,1,2025-T1,Stable,89.8,6.4,3.8,89.8
z_63.0_4.5,2025,2,2025-T2,Stable,90.0,6.8,3.2,90.0
z_63.0_4.5,2025,3,2025-T3,Stable,83.4,12.5,4.1,83.4
z_63.0_4.5,2025,4,2025-T4,Stable,81.4,6.4,12.2,81.4
z_63.0_4.5,2026,1,2026-T1,Stable,86.0,9.4,4.6,86.0
z_63.0_4.5,2026,2,2026-T2,Stable,95.4,2.4,2.2,95.4
z_63.0_4.5,2026,3,2026-T3,Stable,90.5,6.2,3.2,90.5
z_63.0_4.5,2026,4,2026-T4,Stable,91.8,5.7,2.5,91.8
z_63.0_4.5,2027,1,2027-T1,Stable,89.1,6.7,4.2,89.1
z_63.0_4.5,2027,2,2027-T2,Stable,91.5,5.8,2.7,91.5
z_63.0_4.5,2027,3,2027-T3,Stable,90.7,6.0,3.2,90.7
z_63.0_4.5,2027,4,2027-T4,Stable,91.8,5.7,2.5,91.8
z_63.0_4.5,2028,1,2028-T1,Stable,88.5,6.2,5.3,88.5
z_63.0_4.5,2028,2,2028-T2,Stable,92.3,5.0,2.7,92.3
z_63.0_4.5,2028,3,2028-T3,Stable,85.1,11.1,3.8,85.1
z_63.0_4.5,2028,4,2028-T4,Stable,91.8,5.7,2.5,91.8
z_63.0_4.5,2029,1,2029-T1,Stable,89.3,6.0,4.7,89.3
z_63.0_4.5,2029,2,2029-T2,Stable,94.6,3.0,2.4,94.6
z_63.0_4.5,2029,3,2029-T3,Stable,87.3,9.3,3.4,87.3
z_63.0_4.5,2029,4,2029-T4,Stable,91.8,5.7,2.5,91.8
z_63.0_4.5,2030,1,2030-T1,Stable,91.0,5.5,3.5,91.0
z_63.0_4.5,2030,2,2030-T2,Stable,94.6,3.0,2.4,94.6
z_63.0_4.5,2030,3,2030-T3,Stable,91.9,4.8,3.3,91.9
z_63.0_4.5,2030,4,2030-T4,Stable,91.8,5.7,2.5,91.8
z_63.0_6.0,2023,1,2023-T1,Stable,93.0,3.2,3.8,93.0
z_63.0_6.0,2023,2,2023-T2,Stable,96.9,1.5,1.6,96.9
z_63.0_6.0,2023,3,2023-T3,Stable,96.1,1.9,2.1,96.1
z_63.0_6.0,2023,4,2023-T4,Stable,95.9,1.3,2.8,95.9
z_63.0_6.0,2024,1,2024-T1,Stable,94.7,2.1,3.2,94.7
z_63.0_6.0,2024,2,2024-T2,Stable,96.9,1.5,1.6,96.9
z_63.0_6.0,2024,3,2024-T3,Stable,95.2,2.4,2.5,95.2
z_63.0_6.0,2024,4,2024-T4,Stable,95.9,1.3,2.8,95.9
z_63.0_6.0,2025,1,2025-T1,Stable,93.2,2.4,4.4,93.2
z_63.0_6.0,2025,2,2025-T2,Stable,96.2,1.3,2.4,96.2
z_63.0_6.0,2025,3,2025-T3,Stable,96.3,2.1,1.5,96.3
z_63.0_6.0,2025,4,2025-T4,Stable,91.9,4.5,3.6,91.9
z_63.0_6.0,2026,1,2026-T1,Stable,94.7,2.1,3.2,94.7
z_63.0_6.0,2026,2,2026-T2,Stable,96.9,1.5,1.6,96.9
z_63.0_6.0,2026,3,2026-T3,Stable,95.9,2.0,2.1,95.9
z_63.0_6.0,2026,4,2026-T4,Stable,95.2,1.7,3.2,95.2
z_63.0_6.0,2027,1,2027-T1,Stable,94.7,2.1,3.2,94.7
z_63.0_6.0,2027,2,2027-T2,Stable,96.9,1.5,1.6,96.9
z_63.0_6.0,2027,3,2027-T3,Stable,95.9,2.0,2.1,95.9
z_63.0_6.0,2027,4,2027-T4,Stable,94.8,1.6,3.6,94.8
z_63.0_6.0,2028,1,2028-T1,Stable,94.7,2.1,3.2,94.7
z_63.0_6.0,2028,2,2028-T2,Stable,96.9,1.5,1.6,96.9
z_63.0_6.0,2028,3,2028-T3,Stable,95.9,2.0,2.1,95.9
z_63.0_6.0,2028,4,2028-T4,Stable,95.9,1.1,3.1,95.9
z_63.0_6.0,2029,1,2029-T1,Stable,94.7,2.1,3.2,94.7
z_63.0_6.0,2029,2,2029-T2,Stable,96.9,1.5,1.6,96.9
z_63.0_6.0,2029,3,2029-T3,Stable,95.9,2.0,2.1,95.9
z_63.0_6.0,2029,4,2029-T4,Stable,94.8,1.8,3.4,94.8
z_63.0_6.0,2030,1,2030-T1,Stable,94.7,2.1,3.2,94.7
z_63.0_6.0,2030,2,2030-T2,Stable,96.9,1.5,1.6,96.9
z_63.0_6.0,2030,3,2030-T3,Stable,95.9,2.0,2.1,95.9
z_63.0_6.0,2030,4,2030-T4,Stable,95.9,1.3,2.8,95.9
z_63.0_7.5,2023,1,2023-T1,Augmentation,39.6,39.6,42.5,17.9
z_63.0_7.5,2023,2,2023-T2,Augmentation,43.6,43.6,39.1,17.3
z_63.0_7.5,2023,3,2023-T3,Augmentation,41.3,41.3,43.5,15.2
z_63.0_7.5,2023,4,2023-T4,Augmentation,40.4,40.4,46.2,13.4
z_63.0_7.5,2024,1,2024-T1,Augmentation,57.4,57.4,27.3,15.3
z_63.0_7.5,2024,2,2024-T2,Augmentation,46.6,46.6,38.7,14.7
z_63.0_7.5,2024,3,2024-T3,Diminution,50.5,35.2,50.5,14.4
z_63.0_7.5,2024,4,2024-T4,Augmentation,39.5,39.5,45.8,14.7
z_63.0_7.5,2025,1,2025-T1,Augmentation,43.7,43.7,42.0,14.3
z_63.0_7.5,2025,2,2025-T2,Augmentation,49.5,49.5,36.9,13.6
z_63.0_7.5,2025,3,2025-T3,Augmentation,48.8,48.8,35.6,15.5
z_63.0_7.5,2025,4,2025-T4,Augmentation,48.8,48.8,35.3,15.9
z_63.0_7.5,2026,1,2026-T1,Augmentation,42.2,42.2,43.8,14.0
z_63.0_7.5,2026,2,2026-T2,Augmentation,39.3,39.3,46.3,14.4
z_63.0_7.5,2026,3,2026-T3,Augmentation,37.0,37.0,47.8,15.2
z_63.0_7.5,2026,4,2026-T4,Augmentation,37.8,37.8,48.8,13.4
z_63.0_7.5,2027,1,2027-T1,Augmentation,42.9,42.9,43.5,13.6
z_63.0_7.5,2027,2,2027-T2,Augmentation,42.9,42.9,42.9,14.2
z_63.0_7.5,2027,3,2027-T3,Augmentation,47.2,47.2,39.0,13.9
z_63.0_7.5,2027,4,2027-T4,Augmentation,38.6,38.6,48.9,12.5
z_63.0_7.5,2028,1,2028-T1,Augmentation,39.8,39.8,45.9,14.3
z_63.0_7.5,2028,2,2028-T2,Augmentation,42.0,42.0,43.9,14.1
z_63.0_7.5,2028,3,2028-T3,Augmentation,44.1,44.1,42.6,13.3
z_63.0_7.5,2028,4,2028-T4,Augmentation,37.7,37.7,47.9,14.4
z_63.0_7.5,2029,1,2029-T1,Augmentation,41.4,41.4,44.9,13.7
z_63.0_7.5,2029,2,2029-T2,Augmentation,44.5,44.5,42.0,13.4
z_63.0_7.5,2029,3,2029-T3,Augmentation,45.1,45.1,41.7,13.1
z_63.0_7.5,2029,4,2029-T4,Augmentation,37.1,37.1,49.2,13.7
z_63.0_7.5,2030,1,2030-T1,Augmentation,38.8,38.8,47.0,14.2
z_63.0_7.5,2030,2,2030-T2,Augmentation,41.8,41.8,44.3,13.9
z_63.0_7.5,2030,3,2030-T3,Augmentation,43.8,43.8,42.5,13.8
z_63.0_7.5,2030,4,2030-T4,Augmentation,41.9,41.9,45.3,12.8
z_63.0_9.0,2023,1,2023-T1,Augmentation,76.1,76.1,7.8,16.1
z_63.0_9.0,2023,2,2023-T2,Augmentation,49.5,49.5,37.4,13.1
z_63.0_9.0,2023,3,2023-T3,Augmentation,47.2,47.2,38.5,14.3
z_63.0_9.0,2023,4,2023-T4,Diminution,72.5,15.6,72.5,12.0
z_63.0_9.0,2024,1,2024-T1,Augmentation,43.8,43.8,16.5,39.7
z_63.0_9.0,2024,2,2024-T2,Diminution,69.1,16.7,69.1,14.2
z_63.0_9.0,2024,3,2024-T3,Augmentation,42.1,42.1,42.5,15.5
z_63.0_9.0,2024,4,2024-T4,Augmentation,48.4,48.4,37.1,14.5
z_63.0_9.0,2025,1,2025-T1,Augmentation,61.1,61.1,11.5,27.4
z_63.0_9.0,2025,2,2025-T2,Augmentation,41.5,41.5,39.3,19.2
z_63.0_9.0,2025,3,2025-T3,Diminution,52.5,32.0,52.5,15.5
z_63.0_9.0,2025,4,2025-T4,Augmentation,38.8,38.8,47.2,13.9
z_63.0_9.0,2026,1,2026-T1,Augmentation,59.6,59.6,8.4,32.0
z_63.0_9.0,2026,2,2026-T2,Diminution,51.5,35.5,51.5,13.1
z_63.0_9.0,2026,3,2026-T3,Augmentation,40.7,40.7,42.6,16.7
z_63.0_9.0,2026,4,2026-T4,Augmentation,41.3,41.3,44.5,14.2
z_63.0_9.0,2027,1,2027-T1,Augmentation,68.0,68.0,8.8,23.2
z_63.0_9.0,2027,2,2027-T2,Diminution,52.5,31.9,52.5,15.7
z_63.0_9.0,2027,3,2027-T3,Augmentation,37.1,37.1,47.1,15.8
z_63.0_9.0,2027,4,2027-T4,Diminution,49.8,36.5,49.8,13.6
z_63.0_9.0,2028,1,2028-T1,Augmentation,66.7,66.7,11.1,22.2
z_63.0_9.0,2028,2,2028-T2,Augmentation,39.2,39.2,46.4,14.4
z_63.0_9.0,2028,3,2028-T3,Augmentation,44.1,44.1,41.1,14.9
z_63.0_9.0,2028,4,2028-T4,Diminution,51.4,34.3,51.4,14.4
z_63.0_9.0,2029,1,2029-T1,Augmentation,68.0,68.0,9.8,22.2
z_63.0_9.0,2029,2,2029-T2,Diminution,49.6,35.1,49.6,15.3
z_63.0_9.0,2029,3,2029-T3,Augmentation,41.4,41.4,44.3,14.4
z_63.0_9.0,2029,4,2029-T4,Augmentation,37.0,37.0,48.4,14.6
z_63.0_9.0,2030,1,2030-T1,Augmentation,68.9,68.9,10.4,20.7
z_63.0_9.0,2030,2,2030-T2,Diminution,49.1,36.3,49.1,14.6
z_63.0_9.0,2030,3,2030-T3,Augmentation,40.4,40.4,44.6,15.1
z_63.0_9.0,2030,4,2030-T4,Diminution,49.3,36.9,49.3,13.8
z_64.5_-15.0,2023,1,2023-T1,Stable,77.8,17.2,5.0,77.8
z_64.5_-15.0,2023,2,2023-T2,Stable,92.9,3.8,3.4,92.9
z_64.5_-15.0,2023,3,2023-T3,Stable,91.2,6.2,2.6,91.2
z_64.5_-15.0,2023,4,2023-T4,Stable,90.9,5.3,3.8,90.9
z_64.5_-15.0,2024,1,2024-T1,Stable,86.8,8.0,5.3,86.8
z_64.5_-15.0,2024,2,2024-T2,Stable,92.1,3.1,4.9,92.1
z_64.5_-15.0,2024,3,2024-T3,Stable,88.2,7.9,3.9,88.2
z_64.5_-15.0,2024,4,2024-T4,Stable,87.8,8.1,4.1,87.8
z_64.5_-15.0,2025,1,2025-T1,Stable,68.9,23.7,7.3,68.9
z_64.5_-15.0,2025,2,2025-T2,Stable,81.3,9.0,9.7,81.3
z_64.5_-15.0,2025,3,2025-T3,Stable,91.4,5.5,3.1,91.4
z_64.5_-15.0,2025,4,2025-T4,Stable,90.9,6.3,2.8,90.9
z_64.5_-15.0,2026,1,2026-T1,Stable,88.8,7.9,3.3,88.8
z_64.5_-15.0,2026,2,2026-T2,Stable,94.0,3.6,2.5,94.0
z_64.5_-15.0,2026,3,2026-T3,Stable,90.3,5.2,4.4,90.3
z_64.5_-15.0,2026,4,2026-T4,Stable,91.4,5.7,2.9,91.4
z_64.5_-15.0,2027,1,2027-T1,Stable,86.9,9.8,3.4,86.9
z_64.5_-15.0,2027,2,2027-T2,Stable,94.1,3.2,2.7,94.1
z_64.5_-15.0,2027,3,2027-T3,Stable,89.9,4.7,5.4,89.9
z_64.5_-15.0,2027,4,2027-T4,Stable,90.7,6.2,3.2,90.7
z_64.5_-15.0,2028,1,2028-T1,Stable,89.4,7.7,2.9,89.4
z_64.5_-15.0,2028,2,2028-T2,Stable,94.7,3.1,2.1,94.7
z_64.5_-15.0,2028,3,2028-T3,Stable,91.5,4.5,4.0,91.5
z_64.5_-15.0,2028,4,2028-T4,Stable,91.6,5.5,2.9,91.6
z_64.5_-15.0,2029,1,2029-T1,Stable,88.2,8.7,3.1,88.2
z_64.5_-15.0,2029,2,2029-T2,Stable,94.7,3.1,2.1,94.7
z_64.5_-15.0,2029,3,2029-T3,Stable,91.8,4.4,3.8,91.8
z_64.5_-15.0,2029,4,2029-T4,Stable,91.5,5.6,2.9,91.5
z_64.5_-15.0,2030,1,2030-T1,Stable,88.5,8.7,2.8,88.5
z_64.5_-15.0,2030,2,2030-T2,Stable,94.7,3.1,2.1,94.7
z_64.5_-15.0,2030,3,2030-T3,Stable,92.4,4.9,2.7,92.4
z_64.5_-15.0,2030,4,2030-T4,Stable,91.3,6.0,2.7,91.3
z_64.5_-22.5,2023,1,2023-T1,Stable,93.3,3.4,3.3,93.3
z_64.5_-22.5,2023,2,2023-T2,Stable,95.0,3.1,1.9,95.0
z_64.5_-22.5,2023,3,2023-T3,Stable,93.0,3.3,3.7,93.0
z_64.5_-22.5,2023,4,2023-T4,Stable,89.1,7.6,3.3,89.1
z_64.5_-22.5,2024,1,2024-T1,Stable,94.0,3.5,2.5,94.0
z_64.5_-22.5,2024,2,2024-T2,Stable,92.8,5.3,1.9,92.8
z_64.5_-22.5,2024,3,2024-T3,Stable,94.5,2.6,2.9,94.5
z_64.5_-22.5,2024,4,2024-T4,Stable,92.5,5.1,2.4,92.5
z_64.5_-22.5,2025,1,2025-T1,Stable,93.3,3.4,3.3,93.3
z_64.5_-22.5,2025,2,2025-T2,Stable,94.6,3.4,2.1,94.6
z_64.5_-22.5,2025,3,2025-T3,Stable,94.5,2.6,2.9,94.5
z_64.5_-22.5,2025,4,2025-T4,Stable,92.5,5.1,2.4,92.5
z_64.5_-22.5,2026,1,2026-T1,Stable,93.3,3.4,3.3,93.3
z_64.5_-22.5,2026,2,2026-T2,Stable,94.2,3.3,2.5,94.2
z_64.5_-22.5,2026,3,2026-T3,Stable,94.5,2.6,2.9,94.5
z_64.5_-22.5,2026,4,2026-T4,Stable,92.5,5.1,2.4,92.5
z_64.5_-22.5,2027,1,2027-T1,Stable,93.3,3.4,3.3,93.3
z_64.5_-22.5,2027,2,2027-T2,Stable,92.6,5.0,2.4,92.6
z_64.5_-22.5,2027,3,2027-T3,Stable,94.5,2.6,2.9,94.5
z_64.5_-22.5,2027,4,2027-T4,Stable,92.5,5.1,2.4,92.5
z_64.5_-22.5,2028,1,2028-T1,Stable,93.3,3.4,3.3,93.3
z_64.5_-22.5,2028,2,2028-T2,Stable,93.5,4.3,2.2,93.5
z_64.5_-22.5,2028,3,2028-T3,Stable,94.5,2.6,2.9,94.5
z_64.5_-22.5,2028,4,2028-T4,Stable,92.5,5.1,2.4,92.5
z_64.5_-22.5,2029,1,2029-T1,Stable,93.3,3.4,3.3,93.3
z_64.5_-22.5,2029,2,2029-T2,Stable,95.0,3.1,1.9,95.0
z_64.5_-22.5,2029,3,2029-T3,Stable,94.5,2.6,2.9,94.5
z_64.5_-22.5,2029,4,2029-T4,Stable,92.5,5.1,2.4,92.5
z_64.5_-22.5,2030,1,2030-T1,Stable,93.3,3.4,3.3,93.3
z_64.5_-22.5,2030,2,2030-T2,Stable,95.0,3.1,1.9,95.0
z_64.5_-22.5,2030,3,2030-T3,Stable,94.5,2.6,2.9,94.5
z_64.5_-22.5,2030,4,2030-T4,Stable,92.5,5.1,2.4,92.5
z_64.5_-24.0,2023,1,2023-T1,Stable,55.9,29.2,14.9,55.9
z_64.5_-24.0,2023,2,2023-T2,Diminution,76.8,7.4,76.8,15.8
z_64.5_-24.0,2023,3,2023-T3,Augmentation,50.1,50.1,7.2,42.7
z_64.5_-24.0,2023,4,2023-T4,Diminution,72.9,10.7,72.9,16.3
z_64.5_-24.0,2024,1,2024-T1,Augmentation,51.0,51.0,7.0,42.0
z_64.5_-24.0,2024,2,2024-T2,Diminution,75.2,8.8,75.2,16.1
z_64.5_-24.0,2024,3,2024-T3,Stable,66.7,21.2,12.0,66.7
z_64.5_-24.0,2024,4,2024-T4,Diminution,81.7,2.8,81.7,15.5
z_64.5_-24.0,2025,1,2025-T1,Stable,65.6,21.2,13.1,65.6
z_64.5_-24.0,2025,2,2025-T2,Diminution,82.7,2.5,82.7,14.8
z_64.5_-24.0,2025,3,2025-T3,Stable,73.8,17.8,8.4,73.8
z_64.5_-24.0,2025,4,2025-T4,Diminution,80.2,2.8,80.2,17.0
z_64.5_-24.0,2026,1,2026-T1,Stable,65.0,21.9,13.1,65.0
z_64.5_-24.0,2026,2,2026-T2,Diminution,81.5,2.6,81.5,15.9
z_64.5_-24.0,2026,3,2026-T3,Stable,73.3,18.5,8.2,73.3
z_64.5_-24.0,2026,4,2026-T4,Diminution,81.0,3.2,81.0,15.7
z_64.5_-24.0,2027,1,2027-T1,Stable,69.3,20.2,10.5,69.3
z_64.5_-24.0,2027,2,2027-T2,Diminution,82.7,2.6,82.7,14.7
z_64.5_-24.0,2027,3,2027-T3,Stable,72.2,20.2,7.6,72.2
z_64.5_-24.0,2027,4,2027-T4,Diminution,80.7,2.5,80.7,16.8
z_64.5_-24.0,2028,1,2028-T1,Stable,68.5,23.2,8.3,68.5
z_64.5_-24.0,2028,2,2028-T2,Diminution,83.6,2.5,83.6,14.0
z_64.5_-24.0,2028,3,2028-T3,Stable,72.2,20.2,7.6,72.2
z_64.5_-24.0,2028,4,2028-T4,Diminution,82.6,2.8,82.6,14.5
z_64.5_-24.0,2029,1,2029-T1,Stable,67.2,25.3,7.6,67.2
z_64.5_-24.0,2029,2,2029-T2,Diminution,83.9,2.2,83.9,14.0
z_64.5_-24.0,2029,3,2029-T3,Stable,72.2,20.2,7.6,72.2
z_64.5_-24.0,2029,4,2029-T4,Diminution,81.9,2.7,81.9,15.4
z_64.5_-24.0,2030,1,2030-T1,Stable,67.2,25.3,7.6,67.2
z_64.5_-24.0,2030,2,2030-T2,Diminution,83.9,2.2,83.9,14.0
z_64.5_-24.0,2030,3,2030-T3,Stable,72.2,20.2,7.6,72.2
z_64.5_-24.0,2030,4,2030-T4,Diminution,81.9,2.7,81.9,15.4
z_64.5_-25.5,2023,1,2023-T1,Stable,80.5,15.2,4.3,80.5
z_64.5_-25.5,2023,2,2023-T2,Stable,81.0,14.4,4.7,81.0
z_64.5_-25.5,2023,3,2023-T3,Stable,86.7,9.3,4.1,86.7
z_64.5_-25.5,2023,4,2023-T4,Stable,83.2,12.0,4.8,83.2
z_64.5_-25.5,2024,1,2024-T1,Stable,75.2,16.5,8.3,75.2
z_64.5_-25.5,2024,2,2024-T2,Stable,85.6,10.6,3.8,85.6
z_64.5_-25.5,2024,3,2024-T3,Stable,79.4,16.3,4.3,79.4
z_64.5_-25.5,2024,4,2024-T4,Stable,77.0,19.5,3.5,77.0
z_64.5_-25.5,2025,1,2025-T1,Stable,85.7,11.3,3.0,85.7
z_64.5_-25.5,2025,2,2025-T2,Stable,84.2,11.7,4.1,84.2
z_64.5_-25.5,2025,3,2025-T3,Stable,84.1,12.8,3.2,84.1
z_64.5_-25.5,2025,4,2025-T4,Stable,90.3,6.5,3.2,90.3
z_64.5_-25.5,2026,1,2026-T1,Stable,77.3,19.0,3.7,77.3
z_64.5_-25.5,2026,2,2026-T2,Stable,84.0,10.2,5.8,84.0
z_64.5_-25.5,2026,3,2026-T3,Stable,84.3,12.5,3.2,84.3
z_64.5_-25.5,2026,4,2026-T4,Stable,88.9,8.1,3.0,88.9
z_64.5_-25.5,2027,1,2027-T1,Stable,75.9,20.1,3.9,75.9
z_64.5_-25.5,2027,2,2027-T2,Stable,80.7,13.1,6.2,80.7
z_64.5_-25.5,2027,3,2027-T3,Stable,84.3,12.5,3.2,84.3
z_64.5_-25.5,2027,4,2027-T4,Stable,89.8,7.2,3.0,89.8
z_64.5_-25.5,2028,1,2028-T1,Stable,81.0,15.4,3.6,81.0
z_64.5_-25.5,2028,2,2028-T2,Stable,83.2,12.5,4.3,83.2
z_64.5_-25.5,2028,3,2028-T3,Stable,84.3,12.5,3.2,84.3
z_64.5_-25.5,2028,4,2028-T4,Stable,91.2,5.9,2.9,91.2
z_64.5_-25.5,2029,1,2029-T1,Stable,78.8,17.6,3.7,78.8
z_64.5_-25.5,2029,2,2029-T2,Stable,86.4,10.7,2.9,86.4
z_64.5_-25.5,2029,3,2029-T3,Stable,84.3,12.5,3.2,84.3
z_64.5_-25.5,2029,4,2029-T4,Stable,91.2,5.9,2.9,91.2
z_64.5_-25.5,2030,1,2030-T1,Stable,78.7,17.8,3.5,78.7
z_64.5_-25.5,2030,2,2030-T2,Stable,87.1,10.3,2.7,87.1
z_64.5_-25.5,2030,3,2030-T3,Stable,84.3,12.5,3.2,84.3
z_64.5_-25.5,2030,4,2030-T4,Stable,91.2,5.9,2.9,91.2
z_64.5_-37.5,2023,1,2023-T1,Stable,92.8,4.1,3.1,92.8
z_64.5_-37.5,2023,2,2023-T2,Stable,94.7,3.0,2.2,94.7
z_64.5_-37.5,2023,3,2023-T3,Stable,93.3,3.9,2.8,93.3
z_64.5_-37.5,2023,4,2023-T4,Stable,91.6,5.1,3.3,91.6
z_64.5_-37.5,2024,1,2024-T1,Stable,90.4,5.4,4.2,90.4
z_64.5_-37.5,2024,2,2024-T2,Stable,96.0,2.4,1.6,96.0
z_64.5_-37.5,2024,3,2024-T3,Stable,88.1,8.9,3.0,88.1
z_64.5_-37.5,2024,4,2024-T4,Stable,93.1,4.2,2.8,93.1
z_64.5_-37.5,2025,1,2025-T1,Stable,92.8,4.1,3.1,92.8
z_64.5_-37.5,2025,2,2025-T2,Stable,94.7,3.0,2.2,94.7
z_64.5_-37.5,2025,3,2025-T3,Stable,93.0,4.2,2.8,93.0
z_64.5_-37.5,2025,4,2025-T4,Stable,93.1,4.2,2.8,93.1
z_64.5_-37.5,2026,1,2026-T1,Stable,92.8,4.1,3.1,92.8
z_64.5_-37.5,2026,2,2026-T2,Stable,94.7,3.0,2.2,94.7
z_64.5_-37.5,2026,3,2026-T3,Stable,92.5,4.4,3.1,92.5
z_64.5_-37.5,2026,4,2026-T4,Stable,93.1,4.2,2.8,93.1
z_64.5_-37.5,2027,1,2027-T1,Stable,92.8,4.1,3.1,92.8
z_64.5_-37.5,2027,2,2027-T2,Stable,94.7,3.0,2.2,94.7
z_64.5_-37.5,2027,3,2027-T3,Stable,90.7,6.3,3.0,90.7
z_64.5_-37.5,2027,4,2027-T4,Stable,93.1,4.2,2.8,93.1
z_64.5_-37.5,2028,1,2028-T1,Stable,92.8,4.1,3.1,92.8
z_64.5_-37.5,2028,2,2028-T2,Stable,94.7,3.0,2.2,94.7
z_64.5_-37.5,2028,3,2028-T3,Stable,92.0,4.8,3.2,92.0
z_64.5_-37.5,2028,4,2028-T4,Stable,93.1,4.2,2.8,93.1
z_64.5_-37.5,2029,1,2029-T1,Stable,92.8,4.1,3.1,92.8
z_64.5_-37.5,2029,2,2029-T2,Stable,94.7,3.0,2.2,94.7
z_64.5_-37.5,2029,3,2029-T3,Stable,93.3,3.9,2.8,93.3
z_64.5_-37.5,2029,4,2029-T4,Stable,93.1,4.2,2.8,93.1
z_64.5_-37.5,2030,1,2030-T1,Stable,92.8,4.1,3.1,92.8
z_64.5_-37.5,2030,2,2030-T2,Stable,94.7,3.0,2.2,94.7
z_64.5_-37.5,2030,3,2030-T3,Stable,93.3,3.9,2.8,93.3
z_64.5_-37.5,2030,4,2030-T4,Stable,93.1,4.2,2.8,93.1
z_64.5_10.5,2023,1,2023-T1,Diminution,82.8,5.6,82.8,11.6
z_64.5_10.5,2023,2,2023-T2,Stable,64.9,24.9,10.2,64.9
z_64.5_10.5,2023,3,2023-T3,Stable,49.3,42.1,8.6,49.3
z_64.5_10.5,2023,4,2023-T4,Augmentation,45.9,45.9,8.3,45.8
z_64.5_10.5,2024,1,2024-T1,Diminution,57.2,23.8,57.2,19.1
z_64.5_10.5,2024,2,2024-T2,Augmentation,57.0,57.0,4.3,38.7
z_64.5_10.5,2024,3,2024-T3,Augmentation,51.4,51.4,6.5,42.1
z_64.5_10.5,2024,4,2024-T4,Stable,50.4,44.9,4.8,50.4
z_64.5_10.5,2025,1,2025-T1,Diminution,45.6,32.6,45.6,21.8
z_64.5_10.5,2025,2,2025-T2,Augmentation,64.2,64.2,3.1,32.8
z_64.5_10.5,2025,3,2025-T3,Stable,49.2,46.2,4.5,49.2
z_64.5_10.5,2025,4,2025-T4,Stable,48.6,46.9,4.5,48.6
z_64.5_10.5,2026,1,2026-T1,Diminution,54.7,26.2,54.7,19.0
z_64.5_10.5,2026,2,2026-T2,Stable,53.0,43.0,4.0,53.0
z_64.5_10.5,2026,3,2026-T3,Augmentation,49.6,49.6,3.4,47.0
z_64.5_10.5,2026,4,2026-T4,Augmentation,57.7,57.7,3.6,38.7
z_64.5_10.5,2027,1,2027-T1,Diminution,51.4,31.8,51.4,16.8
z_64.5_10.5,2027,2,2027-T2,Stable,52.1,44.2,3.7,52.1
z_64.5_10.5,2027,3,2027-T3,Stable,49.4,46.8,3.8,49.4
z_64.5_10.5,2027,4,2027-T4,Augmentation,51.4,51.4,4.1,44.4
z_64.5_10.5,2028,1,2028-T1,Diminution,53.7,27.8,53.7,18.4
z_64.5_10.5,2028,2,2028-T2,Stable,51.7,44.2,4.1,51.7
z_64.5_10.5,2028,3,2028-T3,Stable,52.4,43.7,3.9,52.4
z_64.5_10.5,2028,4,2028-T4,Augmentation,51.1,51.1,3.3,45.6
z_64.5_10.5,2029,1,2029-T1,Diminution,57.3,22.9,57.3,19.8
z_64.5_10.5,2029,2,2029-T2,Stable,54.0,42.1,3.8,54.0
z_64.5_10.5,2029,3,2029-T3,Stable,52.7,43.8,3.5,52.7
z_64.5_10.5,2029,4,2029-T4,Stable,48.4,47.8,3.8,48.4
z_64.5_10.5,2030,1,2030-T1,Diminution,55.0,26.0,55.0,19.0
z_64.5_10.5,2030,2,2030-T2,Stable,54.0,42.1,3.9,54.0
z_64.5_10.5,2030,3,2030-T3,Stable,52.5,43.6,3.9,52.5
z_64.5_10.5,2030,4,2030-T4,Stable,50.5,45.7,3.8,50.5
z_64.5_12.0,2023,1,2023-T1,Stable,54.7,37.1,8.3,54.7
z_64.5_12.0,2023,2,2023-T2,Stable,63.4,28.1,8.4,63.4
z_64.5_12.0,2023,3,2023-T3,Stable,58.1,29.7,12.2,58.1
z_64.5_12.0,2023,4,2023-T4,Stable,61.9,31.1,7.0,61.9
z_64.5_12.0,2024,1,2024-T1,Stable,49.6,45.6,4.8,49.6
z_64.5_12.0,2024,2,2024-T2,Stable,60.0,31.1,8.9,60.0
z_64.5_12.0,2024,3,2024-T3,Stable,55.1,39.3,5.7,55.1
z_64.5_12.0,2024,4,2024-T4,Stable,46.4,44.7,8.9,46.4
z_64.5_12.0,2025,1,2025-T1,Augmentation,50.0,50.0,6.5,43.5
z_64.5_12.0,2025,2,2025-T2,Augmentation,56.6,56.6,8.1,35.3
z_64.5_12.0,2025,3,2025-T3,Augmentation,54.9,54.9,6.6,38.5
z_64.5_12.0,2025,4,2025-T4,Augmentation,49.6,49.6,5.8,44.5
z_64.5_12.0,2026,1,2026-T1,Stable,50.3,46.3,3.4,50.3
z_64.5_12.0,2026,2,2026-T2,Augmentation,50.4,50.4,4.0,45.7
z_64.5_12.0,2026,3,2026-T3,Stable,48.7,47.5,3.8,48.7
z_64.5_12.0,2026,4,2026-T4,Augmentation,52.4,52.4,5.0,42.6
z_64.5_12.0,2027,1,2027-T1,Augmentation,53.8,53.8,4.2,42.0
z_64.5_12.0,2027,2,2027-T2,Stable,50.7,44.5,4.7,50.7
z_64.5_12.0,2027,3,2027-T3,Augmentation,48.0,48.0,4.4,47.7
z_64.5_12.0,2027,4,2027-T4,Stable,51.1,44.1,4.8,51.1
z_64.5_12.0,2028,1,2028-T1,Augmentation,49.3,49.3,4.3,46.4
z_64.5_12.0,2028,2,2028-T2,Stable,49.5,46.8,3.7,49.5
z_64.5_12.0,2028,3,2028-T3,Stable,49.3,46.4,4.3,49.3
z_64.5_12.0,2028,4,2028-T4,Augmentation,47.9,47.9,4.5,47.6
z_64.5_12.0,2029,1,2029-T1,Augmentation,50.9,50.9,3.7,45.4
z_64.5_12.0,2029,2,2029-T2,Stable,52.0,43.5,4.5,52.0
z_64.5_12.0,2029,3,2029-T3,Stable,49.1,46.5,4.5,49.1
z_64.5_12.0,2029,4,2029-T4,Stable,49.6,46.3,4.1,49.6
z_64.5_12.0,2030,1,2030-T1,Stable,47.9,47.8,4.3,47.9
z_64.5_12.0,2030,2,2030-T2,Stable,54.1,41.4,4.6,54.1
z_64.5_12.0,2030,3,2030-T3,Stable,52.0,43.7,4.3,52.0
z_64.5_12.0,2030,4,2030-T4,Stable,53.7,42.7,3.6,53.7
z_64.5_21.0,2023,1,2023-T1,Stable,51.5,43.9,4.6,51.5
z_64.5_21.0,2023,2,2023-T2,Stable,66.7,27.6,5.7,66.7
z_64.5_21.0,2023,3,2023-T3,Stable,62.3,30.8,6.9,62.3
z_64.5_21.0,2023,4,2023-T4,Stable,72.2,22.5,5.3,72.2
z_64.5_21.0,2024,1,2024-T1,Stable,65.4,23.2,11.4,65.4
z_64.5_21.0,2024,2,2024-T2,Stable,83.6,13.3,3.1,83.6
z_64.5_21.0,2024,3,2024-T3,Stable,63.3,25.1,11.6,63.3
z_64.5_21.0,2024,4,2024-T4,Stable,51.5,41.1,7.4,51.5
z_64.5_21.0,2025,1,2025-T1,Stable,56.3,33.2,10.5,56.3
z_64.5_21.0,2025,2,2025-T2,Stable,61.0,30.1,9.0,61.0
z_64.5_21.0,2025,3,2025-T3,Stable,52.3,42.3,5.4,52.3
z_64.5_21.0,2025,4,2025-T4,Stable,58.5,37.5,4.0,58.5
z_64.5_21.0,2026,1,2026-T1,Stable,58.2,36.7,5.1,58.2
z_64.5_21.0,2026,2,2026-T2,Stable,56.9,33.2,9.9,56.9
z_64.5_21.0,2026,3,2026-T3,Stable,47.9,45.6,6.5,47.9
z_64.5_21.0,2026,4,2026-T4,Stable,63.8,30.9,5.4,63.8
z_64.5_21.0,2027,1,2027-T1,Stable,59.6,35.7,4.7,59.6
z_64.5_21.0,2027,2,2027-T2,Stable,66.4,28.3,5.3,66.4
z_64.5_21.0,2027,3,2027-T3,Augmentation,50.4,50.4,6.1,43.5
z_64.5_21.0,2027,4,2027-T4,Stable,64.8,31.2,3.9,64.8
z_64.5_21.0,2028,1,2028-T1,Stable,60.0,35.3,4.7,60.0
z_64.5_21.0,2028,2,2028-T2,Stable,65.0,29.4,5.6,65.0
z_64.5_21.0,2028,3,2028-T3,Stable,53.4,39.6,6.9,53.4
z_64.5_21.0,2028,4,2028-T4,Stable,63.4,31.3,5.3,63.4
z_64.5_21.0,2029,1,2029-T1,Stable,62.7,32.4,4.9,62.7
z_64.5_21.0,2029,2,2029-T2,Stable,63.6,31.1,5.3,63.6
z_64.5_21.0,2029,3,2029-T3,Stable,53.2,40.3,6.5,53.2
z_64.5_21.0,2029,4,2029-T4,Stable,64.4,30.5,5.0,64.4
z_64.5_21.0,2030,1,2030-T1,Stable,63.7,31.4,4.9,63.7
z_64.5_21.0,2030,2,2030-T2,Stable,68.6,26.7,4.7,68.6
z_64.5_21.0,2030,3,2030-T3,Stable,55.0,39.4,5.6,55.0
z_64.5_21.0,2030,4,2030-T4,Stable,65.4,29.3,5.3,65.4
z_64.5_22.5,2023,1,2023-T1,Diminution,74.7,8.7,74.7,16.6
z_64.5_22.5,2023,2,2023-T2,Stable,95.5,2.1,2.4,95.5
z_64.5_22.5,2023,3,2023-T3,Stable,92.4,4.4,3.2,92.4
z_64.5_22.5,2023,4,2023-T4,Stable,97.1,1.1,1.8,97.1
z_64.5_22.5,2024,1,2024-T1,Diminution,78.7,6.9,78.7,14.4
z_64.5_22.5,2024,2,2024-T2,Stable,97.2,0.7,2.1,97.2
z_64.5_22.5,2024,3,2024-T3,Stable,95.6,2.3,2.2,95.6
z_64.5_22.5,2024,4,2024-T4,Stable,95.9,1.2,2.9,95.9
z_64.5_22.5,2025,1,2025-T1,Diminution,80.9,7.3,80.9,11.7
z_64.5_22.5,2025,2,2025-T2,Stable,97.2,0.7,2.1,97.2
z_64.5_22.5,2025,3,2025-T3,Stable,95.0,2.4,2.6,95.0
z_64.5_22.5,2025,4,2025-T4,Stable,95.9,1.2,2.9,95.9
z_64.5_22.5,2026,1,2026-T1,Diminution,81.2,7.1,81.2,11.7
z_64.5_22.5,2026,2,2026-T2,Stable,97.2,0.7,2.1,97.2
z_64.5_22.5,2026,3,2026-T3,Stable,95.5,2.3,2.2,95.5
z_64.5_22.5,2026,4,2026-T4,Stable,95.9,1.2,2.9,95.9
z_64.5_22.5,2027,1,2027-T1,Diminution,75.4,9.5,75.4,15.1
z_64.5_22.5,2027,2,2027-T2,Stable,97.2,0.7,2.1,97.2
z_64.5_22.5,2027,3,2027-T3,Stable,95.0,2.4,2.6,95.0
z_64.5_22.5,2027,4,2027-T4,Stable,95.9,1.2,2.9,95.9
z_64.5_22.5,2028,1,2028-T1,Diminution,77.4,9.8,77.4,12.9
z_64.5_22.5,2028,2,2028-T2,Stable,97.2,0.7,2.1,97.2
z_64.5_22.5,2028,3,2028-T3,Stable,95.6,2.3,2.2,95.6
z_64.5_22.5,2028,4,2028-T4,Stable,95.9,1.2,2.9,95.9
z_64.5_22.5,2029,1,2029-T1,Diminution,76.8,10.7,76.8,12.5
z_64.5_22.5,2029,2,2029-T2,Stable,97.2,0.7,2.1,97.2
z_64.5_22.5,2029,3,2029-T3,Stable,95.6,2.3,2.2,95.6
z_64.5_22.5,2029,4,2029-T4,Stable,95.9,1.2,2.9,95.9
z_64.5_22.5,2030,1,2030-T1,Diminution,76.8,10.7,76.8,12.5
z_64.5_22.5,2030,2,2030-T2,Stable,97.2,0.7,2.1,97.2
z_64.5_22.5,2030,3,2030-T3,Stable,95.6,2.3,2.2,95.6
z_64.5_22.5,2030,4,2030-T4,Stable,95.9,1.2,2.9,95.9
z_64.5_24.0,2023,1,2023-T1,Diminution,60.3,23.3,60.3,16.4
z_64.5_24.0,2023,2,2023-T2,Stable,53.5,39.1,7.4,53.5
z_64.5_24.0,2023,3,2023-T3,Stable,57.6,36.4,5.9,57.6
z_64.5_24.0,2023,4,2023-T4,Stable,57.2,26.7,16.2,57.2
z_64.5_24.0,2024,1,2024-T1,Diminution,86.4,4.0,86.4,9.6
z_64.5_24.0,2024,2,2024-T2,Stable,65.2,23.2,11.7,65.2
z_64.5_24.0,2024,3,2024-T3,Augmentation,48.5,48.5,6.0,45.5
z_64.5_24.0,2024,4,2024-T4,Stable,57.3,34.4,8.4,57.3
z_64.5_24.0,2025,1,2025-T1,Diminution,67.6,16.9,67.6,15.5
z_64.5_24.0,2025,2,2025-T2,Stable,55.1,38.6,6.3,55.1
z_64.5_24.0,2025,3,2025-T3,Stable,64.8,29.5,5.7,64.8
z_64.5_24.0,2025,4,2025-T4,Stable,60.7,22.3,17.0,60.7
z_64.5_24.0,2026,1,2026-T1,Diminution,75.0,7.1,75.0,17.8
z_64.5_24.0,2026,2,2026-T2,Stable,73.2,20.5,6.2,73.2
z_64.5_24.0,2026,3,2026-T3,Stable,85.4,10.7,3.9,85.4
z_64.5_24.0,2026,4,2026-T4,Stable,67.8,24.1,8.1,67.8
z_64.5_24.0,2027,1,2027-T1,Diminution,79.1,5.1,79.1,15.8
z_64.5_24.0,2027,2,2027-T2,Stable,72.8,20.9,6.3,72.8
z_64.5_24.0,2027,3,2027-T3,Stable,85.7,10.1,4.2,85.7
z_64.5_24.0,2027,4,2027-T4,Stable,66.0,26.7,7.4,66.0
z_64.5_24.0,2028,1,2028-T1,Diminution,81.5,4.7,81.5,13.8
z_64.5_24.0,2028,2,2028-T2,Stable,74.7,19.7,5.6,74.7
z_64.5_24.0,2028,3,2028-T3,Stable,88.3,9.4,2.3,88.3
z_64.5_24.0,2028,4,2028-T4,Stable,66.0,26.7,7.4,66.0
z_64.5_24.0,2029,1,2029-T1,Diminution,80.7,5.1,80.7,14.2
z_64.5_24.0,2029,2,2029-T2,Stable,74.3,20.3,5.4,74.3
z_64.5_24.0,2029,3,2029-T3,Stable,89.2,8.4,2.4,89.2
z_64.5_24.0,2029,4,2029-T4,Stable,66.0,26.7,7.4,66.0
z_64.5_24.0,2030,1,2030-T1,Diminution,81.2,5.5,81.2,13.3
z_64.5_24.0,2030,2,2030-T2,Stable,73.6,21.1,5.3,73.6
z_64.5_24.0,2030,3,2030-T3,Stable,90.8,6.9,2.3,90.8
z_64.5_24.0,2030,4,2030-T4,Stable,66.0,26.7,7.4,66.0
z_64.5_7.5,2023,1,2023-T1,Stable,95.7,0.8,3.6,95.7
z_64.5_7.5,2023,2,2023-T2,Stable,96.6,0.4,3.0,96.6
z_64.5_7.5,2023,3,2023-T3,Diminution,91.0,0.2,91.0,8.8
z_64.5_7.5,2023,4,2023-T4,Stable,97.5,0.5,2.0,97.5
z_64.5_7.5,2024,1,2024-T1,Stable,92.4,3.4,4.2,92.4
z_64.5_7.5,2024,2,2024-T2,Stable,97.3,0.3,2.4,97.3
z_64.5_7.5,2024,3,2024-T3,Diminution,90.1,0.3,90.1,9.6
z_64.5_7.5,2024,4,2024-T4,Stable,95.9,0.8,3.3,95.9
z_64.5_7.5,2025,1,2025-T1,Stable,94.6,2.6,2.8,94.6
z_64.5_7.5,2025,2,2025-T2,Stable,95.0,2.1,3.0,95.0
z_64.5_7.5,2025,3,2025-T3,Diminution,91.0,0.2,91.0,8.7
z_64.5_7.5,2025,4,2025-T4,Stable,96.4,0.5,3.0,96.4
z_64.5_7.5,2026,1,2026-T1,Stable,94.7,1.5,3.9,94.7
z_64.5_7.5,2026,2,2026-T2,Stable,97.1,0.5,2.4,97.1
z_64.5_7.5,2026,3,2026-T3,Diminution,91.0,0.2,91.0,8.7
z_64.5_7.5,2026,4,2026-T4,Stable,96.4,0.5,3.0,96.4
z_64.5_7.5,2027,1,2027-T1,Stable,95.7,0.7,3.6,95.7
z_64.5_7.5,2027,2,2027-T2,Stable,96.7,0.4,2.9,96.7
z_64.5_7.5,2027,3,2027-T3,Diminution,91.0,0.2,91.0,8.7
z_64.5_7.5,2027,4,2027-T4,Stable,96.4,0.5,3.0,96.4
z_64.5_7.5,2028,1,2028-T1,Stable,94.3,1.5,4.2,94.3
z_64.5_7.5,2028,2,2028-T2,Stable,96.9,0.4,2.7,96.9
z_64.5_7.5,2028,3,2028-T3,Diminution,91.0,0.2,91.0,8.7
z_64.5_7.5,2028,4,2028-T4,Stable,96.4,0.5,3.0,96.4
z_64.5_7.5,2029,1,2029-T1,Stable,95.7,0.8,3.6,95.7
z_64.5_7.5,2029,2,2029-T2,Stable,96.6,0.7,2.7,96.6
z_64.5_7.5,2029,3,2029-T3,Diminution,91.0,0.2,91.0,8.7
z_64.5_7.5,2029,4,2029-T4,Stable,96.4,0.5,3.0,96.4
z_64.5_7.5,2030,1,2030-T1,Stable,95.7,0.8,3.6,95.7
z_64.5_7.5,2030,2,2030-T2,Stable,97.3,0.3,2.4,97.3
z_64.5_7.5,2030,3,2030-T3,Diminution,91.0,0.2,91.0,8.7
z_64.5_7.5,2030,4,2030-T4,Stable,96.4,0.5,3.0,96.4
z_64.5_9.0,2023,1,2023-T1,Stable,93.9,3.4,2.7,93.9
z_64.5_9.0,2023,2,2023-T2,Stable,94.8,2.5,2.7,94.8
z_64.5_9.0,2023,3,2023-T3,Stable,96.3,1.0,2.7,96.3
z_64.5_9.0,2023,4,2023-T4,Stable,95.8,2.0,2.2,95.8
z_64.5_9.0,2024,1,2024-T1,Stable,90.7,4.9,4.4,90.7
z_64.5_9.0,2024,2,2024-T2,Stable,95.2,1.9,3.0,95.2
z_64.5_9.0,2024,3,2024-T3,Stable,97.0,1.3,1.7,97.0
z_64.5_9.0,2024,4,2024-T4,Stable,93.2,4.1,2.7,93.2
z_64.5_9.0,2025,1,2025-T1,Stable,92.3,3.9,3.8,92.3
z_64.5_9.0,2025,2,2025-T2,Stable,96.1,1.4,2.5,96.1
z_64.5_9.0,2025,3,2025-T3,Stable,97.0,1.3,1.7,97.0
z_64.5_9.0,2025,4,2025-T4,Stable,90.8,3.3,5.8,90.8
z_64.5_9.0,2026,1,2026-T1,Stable,92.4,3.8,3.8,92.4
z_64.5_9.0,2026,2,2026-T2,Stable,97.0,1.7,1.3,97.0
z_64.5_9.0,2026,3,2026-T3,Stable,92.6,4.0,3.4,92.6
z_64.5_9.0,2026,4,2026-T4,Stable,94.7,2.6,2.7,94.7
z_64.5_9.0,2027,1,2027-T1,Stable,93.6,3.7,2.7,93.6
z_64.5_9.0,2027,2,2027-T2,Stable,96.9,1.4,1.7,96.9
z_64.5_9.0,2027,3,2027-T3,Stable,95.8,1.2,3.1,95.8
z_64.5_9.0,2027,4,2027-T4,Stable,95.4,2.1,2.5,95.4
z_64.5_9.0,2028,1,2028-T1,Stable,93.6,3.7,2.7,93.6
z_64.5_9.0,2028,2,2028-T2,Stable,96.9,1.4,1.7,96.9
z_64.5_9.0,2028,3,2028-T3,Stable,95.5,1.4,3.1,95.5
z_64.5_9.0,2028,4,2028-T4,Stable,94.0,2.8,3.1,94.0
z_64.5_9.0,2029,1,2029-T1,Stable,93.6,3.7,2.7,93.6
z_64.5_9.0,2029,2,2029-T2,Stable,96.9,1.4,1.7,96.9
z_64.5_9.0,2029,3,2029-T3,Stable,96.4,0.9,2.7,96.4
z_64.5_9.0,2029,4,2029-T4,Stable,94.8,2.4,2.8,94.8
z_64.5_9.0,2030,1,2030-T1,Stable,93.6,3.7,2.7,93.6
z_64.5_9.0,2030,2,2030-T2,Stable,96.9,1.4,1.7,96.9
z_64.5_9.0,2030,3,2030-T3,Stable,95.2,1.5,3.3,95.2
z_64.5_9.0,2030,4,2030-T4,Stable,95.8,2.0,2.2,95.8
z_66.0_-13.5,2023,1,2023-T1,Stable,90.7,5.4,3.8,90.7
z_66.0_-13.5,2023,2,2023-T2,Stable,91.3,6.0,2.7,91.3
z_66.0_-13.5,2023,3,2023-T3,Stable,93.3,3.5,3.2,93.3
z_66.0_-13.5,2023,4,2023-T4,Stable,90.5,5.5,4.0,90.5
z_66.0_-13.5,2024,1,2024-T1,Stable,89.9,5.6,4.5,89.9
z_66.0_-13.5,2024,2,2024-T2,Stable,93.4,4.4,2.2,93.4
z_66.0_-13.5,2024,3,2024-T3,Stable,88.9,7.7,3.3,88.9
z_66.0_-13.5,2024,4,2024-T4,Stable,91.7,5.1,3.1,91.7
z_66.0_-13.5,2025,1,2025-T1,Stable,91.2,5.1,3.7,91.2
z_66.0_-13.5,2025,2,2025-T2,Stable,94.4,3.2,2.4,94.4
z_66.0_-13.5,2025,3,2025-T3,Stable,92.7,4.2,3.1,92.7
z_66.0_-13.5,2025,4,2025-T4,Stable,93.1,3.8,3.1,93.1
z_66.0_-13.5,2026,1,2026-T1,Stable,92.4,4.0,3.6,92.4
z_66.0_-13.5,2026,2,2026-T2,Stable,94.4,3.2,2.4,94.4
z_66.0_-13.5,2026,3,2026-T3,Stable,92.3,4.3,3.4,92.3
z_66.0_-13.5,2026,4,2026-T4,Stable,93.1,3.8,3.1,93.1
z_66.0_-13.5,2027,1,2027-T1,Stable,92.4,4.0,3.6,92.4
z_66.0_-13.5,2027,2,2027-T2,Stable,94.4,3.2,2.4,94.4
z_66.0_-13.5,2027,3,2027-T3,Stable,91.0,5.9,3.1,91.0
z_66.0_-13.5,2027,4,2027-T4,Stable,93.1,3.8,3.1,93.1
z_66.0_-13.5,2028,1,2028-T1,Stable,92.4,4.0,3.6,92.4
z_66.0_-13.5,2028,2,2028-T2,Stable,94.4,3.2,2.4,94.4
z_66.0_-13.5,2028,3,2028-T3,Stable,91.8,4.9,3.3,91.8
z_66.0_-13.5,2028,4,2028-T4,Stable,93.1,3.8,3.1,93.1
z_66.0_-13.5,2029,1,2029-T1,Stable,92.4,4.0,3.6,92.4
z_66.0_-13.5,2029,2,2029-T2,Stable,94.4,3.2,2.4,94.4
z_66.0_-13.5,2029,3,2029-T3,Stable,93.3,3.5,3.2,93.3
z_66.0_-13.5,2029,4,2029-T4,Stable,93.1,3.8,3.1,93.1
z_66.0_-13.5,2030,1,2030-T1,Stable,92.4,4.0,3.6,92.4
z_66.0_-13.5,2030,2,2030-T2,Stable,94.4,3.2,2.4,94.4
z_66.0_-13.5,2030,3,2030-T3,Stable,93.3,3.5,3.2,93.3
z_66.0_-13.5,2030,4,2030-T4,Stable,93.1,3.8,3.1,93.1
z_66.0_-18.0,2023,1,2023-T1,Stable,87.0,8.5,4.5,87.0
z_66.0_-18.0,2023,2,2023-T2,Diminution,80.3,3.9,80.3,15.8
z_66.0_-18.0,2023,3,2023-T3,Stable,72.9,18.5,8.6,72.9
z_66.0_-18.0,2023,4,2023-T4,Stable,90.6,6.3,3.1,90.6
z_66.0_-18.0,2024,1,2024-T1,Stable,89.7,6.9,3.4,89.7
z_66.0_-18.0,2024,2,2024-T2,Diminution,84.2,1.9,84.2,14.0
z_66.0_-18.0,2024,3,2024-T3,Stable,72.1,19.6,8.4,72.1
z_66.0_-18.0,2024,4,2024-T4,Stable,73.3,19.9,6.8,73.3
z_66.0_-18.0,2025,1,2025-T1,Stable,76.7,18.9,4.4,76.7
z_66.0_-18.0,2025,2,2025-T2,Diminution,80.2,4.7,80.2,15.2
z_66.0_-18.0,2025,3,2025-T3,Stable,73.1,18.5,8.4,73.1
z_66.0_-18.0,2025,4,2025-T4,Stable,90.6,6.3,3.1,90.6
z_66.0_-18.0,2026,1,2026-T1,Stable,90.6,6.0,3.4,90.6
z_66.0_-18.0,2026,2,2026-T2,Diminution,83.1,2.0,83.1,14.9
z_66.0_-18.0,2026,3,2026-T3,Stable,71.2,18.9,9.9,71.2
z_66.0_-18.0,2026,4,2026-T4,Stable,90.6,6.3,3.1,90.6
z_66.0_-18.0,2027,1,2027-T1,Stable,90.6,6.0,3.4,90.6
z_66.0_-18.0,2027,2,2027-T2,Diminution,83.1,2.3,83.1,14.7
z_66.0_-18.0,2027,3,2027-T3,Stable,71.7,18.4,9.8,71.7
z_66.0_-18.0,2027,4,2027-T4,Stable,90.6,6.3,3.1,90.6
z_66.0_-18.0,2028,1,2028-T1,Stable,90.6,6.0,3.4,90.6
z_66.0_-18.0,2028,2,2028-T2,Diminution,83.0,1.8,83.0,15.2
z_66.0_-18.0,2028,3,2028-T3,Stable,73.9,16.9,9.2,73.9
z_66.0_-18.0,2028,4,2028-T4,Stable,90.6,6.3,3.1,90.6
z_66.0_-18.0,2029,1,2029-T1,Stable,90.6,6.0,3.4,90.6
z_66.0_-18.0,2029,2,2029-T2,Diminution,83.8,2.1,83.8,14.0
z_66.0_-18.0,2029,3,2029-T3,Stable,73.4,17.8,8.8,73.4
z_66.0_-18.0,2029,4,2029-T4,Stable,90.6,6.3,3.1,90.6
z_66.0_-18.0,2030,1,2030-T1,Stable,90.6,6.0,3.4,90.6
z_66.0_-18.0,2030,2,2030-T2,Diminution,84.2,1.9,84.2,13.9
z_66.0_-18.0,2030,3,2030-T3,Stable,72.5,19.4,8.2,72.5
z_66.0_-18.0,2030,4,2030-T4,Stable,90.6,6.3,3.1,90.6
z_66.0_-21.0,2023,1,2023-T1,Stable,90.6,6.3,3.1,90.6
z_66.0_-21.0,2023,2,2023-T2,Stable,94.4,2.8,2.8,94.4
z_66.0_-21.0,2023,3,2023-T3,Stable,91.5,4.7,3.8,91.5
z_66.0_-21.0,2023,4,2023-T4,Stable,90.6,6.0,3.4,90.6
z_66.0_-21.0,2024,1,2024-T1,Stable,92.2,5.0,2.8,92.2
z_66.0_-21.0,2024,2,2024-T2,Stable,92.8,3.8,3.5,92.8
z_66.0_-21.0,2024,3,2024-T3,Stable,92.0,5.4,2.7,92.0
z_66.0_-21.0,2024,4,2024-T4,Stable,90.0,6.7,3.4,90.0
z_66.0_-21.0,2025,1,2025-T1,Stable,90.7,5.4,3.9,90.7
z_66.0_-21.0,2025,2,2025-T2,Stable,89.3,6.8,3.9,89.3
z_66.0_-21.0,2025,3,2025-T3,Stable,93.8,4.3,1.9,93.8
z_66.0_-21.0,2025,4,2025-T4,Stable,89.0,7.8,3.1,89.0
z_66.0_-21.0,2026,1,2026-T1,Stable,92.0,5.3,2.7,92.0
z_66.0_-21.0,2026,2,2026-T2,Stable,94.2,3.1,2.7,94.2
z_66.0_-21.0,2026,3,2026-T3,Stable,92.0,5.4,2.7,92.0
z_66.0_-21.0,2026,4,2026-T4,Stable,90.7,6.7,2.6,90.7
z_66.0_-21.0,2027,1,2027-T1,Stable,92.0,5.3,2.7,92.0
z_66.0_-21.0,2027,2,2027-T2,Stable,94.8,3.0,2.2,94.8
z_66.0_-21.0,2027,3,2027-T3,Stable,92.0,5.4,2.7,92.0
z_66.0_-21.0,2027,4,2027-T4,Stable,90.2,6.6,3.2,90.2
z_66.0_-21.0,2028,1,2028-T1,Stable,92.0,5.3,2.7,92.0
z_66.0_-21.0,2028,2,2028-T2,Stable,94.8,3.0,2.2,94.8
z_66.0_-21.0,2028,3,2028-T3,Stable,92.0,5.4,2.7,92.0
z_66.0_-21.0,2028,4,2028-T4,Stable,91.2,6.0,2.8,91.2
z_66.0_-21.0,2029,1,2029-T1,Stable,92.0,5.3,2.7,92.0
z_66.0_-21.0,2029,2,2029-T2,Stable,94.8,3.0,2.2,94.8
z_66.0_-21.0,2029,3,2029-T3,Stable,92.0,5.4,2.7,92.0
z_66.0_-21.0,2029,4,2029-T4,Stable,90.9,6.2,2.9,90.9
z_66.0_-21.0,2030,1,2030-T1,Stable,92.0,5.3,2.7,92.0
z_66.0_-21.0,2030,2,2030-T2,Stable,94.8,3.0,2.2,94.8
z_66.0_-21.0,2030,3,2030-T3,Stable,92.0,5.4,2.7,92.0
z_66.0_-21.0,2030,4,2030-T4,Stable,90.7,6.6,2.7,90.7
z_66.0_-24.0,2023,1,2023-T1,Diminution,83.5,5.7,83.5,10.8
z_66.0_-24.0,2023,2,2023-T2,Stable,75.1,12.2,12.7,75.1
z_66.0_-24.0,2023,3,2023-T3,Stable,65.4,20.2,14.4,65.4
z_66.0_-24.0,2023,4,2023-T4,Stable,73.4,17.7,8.9,73.4
z_66.0_-24.0,2024,1,2024-T1,Diminution,82.1,5.1,82.1,12.8
z_66.0_-24.0,2024,2,2024-T2,Stable,70.1,19.3,10.6,70.1
z_66.0_-24.0,2024,3,2024-T3,Stable,60.9,31.7,7.4,60.9
z_66.0_-24.0,2024,4,2024-T4,Stable,79.9,12.2,7.9,79.9
z_66.0_-24.0,2025,1,2025-T1,Diminution,82.6,2.7,82.6,14.7
z_66.0_-24.0,2025,2,2025-T2,Stable,85.3,10.3,4.5,85.3
z_66.0_-24.0,2025,3,2025-T3,Stable,66.6,24.5,8.9,66.6
z_66.0_-24.0,2025,4,2025-T4,Stable,86.2,11.2,2.6,86.2
z_66.0_-24.0,2026,1,2026-T1,Diminution,86.1,2.1,86.1,11.8
z_66.0_-24.0,2026,2,2026-T2,Stable,86.4,10.6,3.1,86.4
z_66.0_-24.0,2026,3,2026-T3,Stable,69.1,19.5,11.4,69.1
z_66.0_-24.0,2026,4,2026-T4,Stable,82.3,14.3,3.4,82.3
z_66.0_-24.0,2027,1,2027-T1,Diminution,88.7,1.5,88.7,9.8
z_66.0_-24.0,2027,2,2027-T2,Stable,87.6,9.6,2.8,87.6
z_66.0_-24.0,2027,3,2027-T3,Stable,68.4,21.5,10.1,68.4
z_66.0_-24.0,2027,4,2027-T4,Stable,82.3,14.3,3.4,82.3
z_66.0_-24.0,2028,1,2028-T1,Diminution,87.0,1.5,87.0,11.5
z_66.0_-24.0,2028,2,2028-T2,Stable,87.6,9.6,2.8,87.6
z_66.0_-24.0,2028,3,2028-T3,Stable,68.8,21.5,9.6,68.8
z_66.0_-24.0,2028,4,2028-T4,Stable,82.3,14.3,3.4,82.3
z_66.0_-24.0,2029,1,2029-T1,Diminution,89.0,1.5,89.0,9.5
z_66.0_-24.0,2029,2,2029-T2,Stable,87.6,9.6,2.8,87.6
z_66.0_-24.0,2029,3,2029-T3,Stable,73.1,19.0,7.9,73.1
z_66.0_-24.0,2029,4,2029-T4,Stable,82.3,14.3,3.4,82.3
z_66.0_-24.0,2030,1,2030-T1,Diminution,89.6,1.3,89.6,9.0
z_66.0_-24.0,2030,2,2030-T2,Stable,87.6,9.6,2.8,87.6
z_66.0_-24.0,2030,3,2030-T3,Stable,72.2,19.8,7.9,72.2
z_66.0_-24.0,2030,4,2030-T4,Stable,82.3,14.3,3.4,82.3
z_66.0_-3.0,2023,1,2023-T1,Stable,95.8,0.7,3.4,95.8
z_66.0_-3.0,2023,2,2023-T2,Stable,97.7,0.3,2.0,97.7
z_66.0_-3.0,2023,3,2023-T3,Stable,96.7,0.5,2.9,96.7
z_66.0_-3.0,2023,4,2023-T4,Stable,95.5,0.9,3.5,95.5
z_66.0_-3.0,2024,1,2024-T1,Stable,94.5,1.2,4.3,94.5
z_66.0_-3.0,2024,2,2024-T2,Stable,98.3,0.3,1.3,98.3
z_66.0_-3.0,2024,3,2024-T3,Stable,93.9,2.4,3.7,93.9
z_66.0_-3.0,2024,4,2024-T4,Stable,96.7,0.5,2.8,96.7
z_66.0_-3.0,2025,1,2025-T1,Stable,95.8,0.7,3.4,95.8
z_66.0_-3.0,2025,2,2025-T2,Stable,97.7,0.3,2.0,97.7
z_66.0_-3.0,2025,3,2025-T3,Stable,96.4,0.6,3.0,96.4
z_66.0_-3.0,2025,4,2025-T4,Stable,96.7,0.5,2.8,96.7
z_66.0_-3.0,2026,1,2026-T1,Stable,95.8,0.7,3.4,95.8
z_66.0_-3.0,2026,2,2026-T2,Stable,97.7,0.3,2.0,97.7
z_66.0_-3.0,2026,3,2026-T3,Stable,96.0,0.6,3.3,96.0
z_66.0_-3.0,2026,4,2026-T4,Stable,96.7,0.5,2.8,96.7
z_66.0_-3.0,2027,1,2027-T1,Stable,95.8,0.7,3.4,95.8
z_66.0_-3.0,2027,2,2027-T2,Stable,97.7,0.3,2.0,97.7
z_66.0_-3.0,2027,3,2027-T3,Stable,96.7,0.5,2.9,96.7
z_66.0_-3.0,2027,4,2027-T4,Stable,96.7,0.5,2.8,96.7
z_66.0_-3.0,2028,1,2028-T1,Stable,95.8,0.7,3.4,95.8
z_66.0_-3.0,2028,2,2028-T2,Stable,97.7,0.3,2.0,97.7
z_66.0_-3.0,2028,3,2028-T3,Stable,95.8,0.9,3.3,95.8
z_66.0_-3.0,2028,4,2028-T4,Stable,96.7,0.5,2.8,96.7
z_66.0_-3.0,2029,1,2029-T1,Stable,95.8,0.7,3.4,95.8
z_66.0_-3.0,2029,2,2029-T2,Stable,97.7,0.3,2.0,97.7
z_66.0_-3.0,2029,3,2029-T3,Stable,96.7,0.5,2.9,96.7
z_66.0_-3.0,2029,4,2029-T4,Stable,96.7,0.5,2.8,96.7
z_66.0_-3.0,2030,1,2030-T1,Stable,95.8,0.7,3.4,95.8
z_66.0_-3.0,2030,2,2030-T2,Stable,97.7,0.3,2.0,97.7
z_66.0_-3.0,2030,3,2030-T3,Stable,96.7,0.5,2.9,96.7
z_66.0_-3.0,2030,4,2030-T4,Stable,96.7,0.5,2.8,96.7
z_66.0_10.5,2023,1,2023-T1,Stable,94.4,2.1,3.5,94.4
z_66.0_10.5,2023,2,2023-T2,Stable,97.4,0.2,2.3,97.4
z_66.0_10.5,2023,3,2023-T3,Stable,97.1,0.3,2.7,97.1
z_66.0_10.5,2023,4,2023-T4,Stable,97.0,0.3,2.7,97.0
z_66.0_10.5,2024,1,2024-T1,Stable,94.8,1.3,3.8,94.8
z_66.0_10.5,2024,2,2024-T2,Stable,97.6,0.3,2.1,97.6
z_66.0_10.5,2024,3,2024-T3,Stable,97.1,0.3,2.7,97.1
z_66.0_10.5,2024,4,2024-T4,Stable,97.0,0.3,2.7,97.0
z_66.0_10.5,2025,1,2025-T1,Stable,95.0,1.5,3.5,95.0
z_66.0_10.5,2025,2,2025-T2,Stable,94.2,2.0,3.8,94.2
z_66.0_10.5,2025,3,2025-T3,Stable,93.3,1.5,5.2,93.3
z_66.0_10.5,2025,4,2025-T4,Stable,84.0,3.3,12.7,84.0
z_66.0_10.5,2026,1,2026-T1,Stable,94.3,2.2,3.5,94.3
z_66.0_10.5,2026,2,2026-T2,Stable,98.0,0.2,1.9,98.0
z_66.0_10.5,2026,3,2026-T3,Stable,97.1,0.3,2.7,97.1
z_66.0_10.5,2026,4,2026-T4,Stable,97.0,0.3,2.7,97.0
z_66.0_10.5,2027,1,2027-T1,Stable,90.6,3.3,6.0,90.6
z_66.0_10.5,2027,2,2027-T2,Stable,98.0,0.2,1.9,98.0
z_66.0_10.5,2027,3,2027-T3,Stable,97.1,0.3,2.7,97.1
z_66.0_10.5,2027,4,2027-T4,Stable,97.0,0.3,2.7,97.0
z_66.0_10.5,2028,1,2028-T1,Stable,92.2,1.6,6.2,92.2
z_66.0_10.5,2028,2,2028-T2,Stable,98.0,0.2,1.9,98.0
z_66.0_10.5,2028,3,2028-T3,Stable,97.1,0.3,2.7,97.1
z_66.0_10.5,2028,4,2028-T4,Stable,97.0,0.3,2.7,97.0
z_66.0_10.5,2029,1,2029-T1,Stable,92.0,1.2,6.8,92.0
z_66.0_10.5,2029,2,2029-T2,Stable,98.0,0.2,1.9,98.0
z_66.0_10.5,2029,3,2029-T3,Stable,97.1,0.3,2.7,97.1
z_66.0_10.5,2029,4,2029-T4,Stable,97.0,0.3,2.7,97.0
z_66.0_10.5,2030,1,2030-T1,Stable,91.9,3.3,4.9,91.9
z_66.0_10.5,2030,2,2030-T2,Stable,98.0,0.2,1.9,98.0
z_66.0_10.5,2030,3,2030-T3,Stable,97.1,0.3,2.7,97.1
z_66.0_10.5,2030,4,2030-T4,Stable,97.0,0.3,2.7,97.0
z_66.0_12.0,2023,1,2023-T1,Diminution,65.7,19.4,65.7,14.9
z_66.0_12.0,2023,2,2023-T2,Augmentation,36.5,36.5,47.5,15.9
z_66.0_12.0,2023,3,2023-T3,Augmentation,53.9,53.9,12.5,33.6
z_66.0_12.0,2023,4,2023-T4,Diminution,64.4,21.2,64.4,14.4
z_66.0_12.0,2024,1,2024-T1,Diminution,74.8,11.2,74.8,14.0
z_66.0_12.0,2024,2,2024-T2,Diminution,72.9,14.5,72.9,12.6
z_66.0_12.0,2024,3,2024-T3,Augmentation,59.9,59.9,10.3,29.8
z_66.0_12.0,2024,4,2024-T4,Augmentation,45.7,45.7,40.1,14.2
z_66.0_12.0,2025,1,2025-T1,Augmentation,43.1,43.1,41.3,15.6
z_66.0_12.0,2025,2,2025-T2,Diminution,52.3,35.7,52.3,12.0
z_66.0_12.0,2025,3,2025-T3,Augmentation,64.9,64.9,11.3,23.8
z_66.0_12.0,2025,4,2025-T4,Augmentation,39.9,39.9,44.9,15.2
z_66.0_12.0,2026,1,2026-T1,Diminution,56.9,26.2,56.9,16.9
z_66.0_12.0,2026,2,2026-T2,Diminution,66.1,22.4,66.1,11.5
z_66.0_12.0,2026,3,2026-T3,Augmentation,62.7,62.7,11.9,25.4
z_66.0_12.0,2026,4,2026-T4,Diminution,50.4,33.7,50.4,15.9
z_66.0_12.0,2027,1,2027-T1,Augmentation,40.1,40.1,44.2,15.7
z_66.0_12.0,2027,2,2027-T2,Diminution,51.8,35.4,51.8,12.8
z_66.0_12.0,2027,3,2027-T3,Augmentation,66.1,66.1,11.4,22.5
z_66.0_12.0,2027,4,2027-T4,Augmentation,40.3,40.3,43.9,15.8
z_66.0_12.0,2028,1,2028-T1,Augmentation,39.4,39.4,45.3,15.2
z_66.0_12.0,2028,2,2028-T2,Diminution,50.5,37.0,50.5,12.5
z_66.0_12.0,2028,3,2028-T3,Augmentation,67.6,67.6,11.4,21.0
z_66.0_12.0,2028,4,2028-T4,Augmentation,42.7,42.7,41.8,15.5
z_66.0_12.0,2029,1,2029-T1,Augmentation,37.8,37.8,47.0,15.1
z_66.0_12.0,2029,2,2029-T2,Diminution,51.6,36.3,51.6,12.1
z_66.0_12.0,2029,3,2029-T3,Augmentation,69.8,69.8,11.8,18.4
z_66.0_12.0,2029,4,2029-T4,Augmentation,40.0,40.0,44.7,15.3
z_66.0_12.0,2030,1,2030-T1,Augmentation,38.2,38.2,46.6,15.2
z_66.0_12.0,2030,2,2030-T2,Diminution,51.6,36.3,51.6,12.1
z_66.0_12.0,2030,3,2030-T3,Augmentation,69.0,69.0,11.5,19.5
z_66.0_12.0,2030,4,2030-T4,Augmentation,41.8,41.8,43.1,15.0
z_66.0_13.5,2023,1,2023-T1,Diminution,63.8,19.8,63.8,16.4
z_66.0_13.5,2023,2,2023-T2,Stable,55.1,37.3,7.6,55.1
z_66.0_13.5,2023,3,2023-T3,Augmentation,53.7,53.7,6.6,39.7
z_66.0_13.5,2023,4,2023-T4,Augmentation,61.7,61.7,7.4,30.9
z_66.0_13.5,2024,1,2024-T1,Diminution,46.6,32.7,46.6,20.7
z_66.0_13.5,2024,2,2024-T2,Augmentation,51.5,51.5,8.1,40.4
z_66.0_13.5,2024,3,2024-T3,Augmentation,52.1,52.1,7.0,41.0
z_66.0_13.5,2024,4,2024-T4,Augmentation,61.4,61.4,6.7,31.9
z_66.0_13.5,2025,1,2025-T1,Diminution,52.3,27.9,52.3,19.8
z_66.0_13.5,2025,2,2025-T2,Augmentation,50.2,50.2,7.3,42.5
z_66.0_13.5,2025,3,2025-T3,Augmentation,48.4,48.4,6.3,45.3
z_66.0_13.5,2025,4,2025-T4,Augmentation,49.6,49.6,5.2,45.2
z_66.0_13.5,2026,1,2026-T1,Diminution,56.2,23.7,56.2,20.0
z_66.0_13.5,2026,2,2026-T2,Stable,52.1,41.1,6.8,52.1
z_66.0_13.5,2026,3,2026-T3,Augmentation,48.0,48.0,5.7,46.4
z_66.0_13.5,2026,4,2026-T4,Augmentation,55.0,55.0,4.1,40.9
z_66.0_13.5,2027,1,2027-T1,Diminution,58.3,22.6,58.3,19.1
z_66.0_13.5,2027,2,2027-T2,Augmentation,47.2,47.2,6.0,46.8
z_66.0_13.5,2027,3,2027-T3,Stable,47.6,47.4,5.0,47.6
z_66.0_13.5,2027,4,2027-T4,Augmentation,52.8,52.8,5.0,42.2
z_66.0_13.5,2028,1,2028-T1,Diminution,50.2,31.2,50.2,18.6
z_66.0_13.5,2028,2,2028-T2,Stable,50.4,43.4,6.2,50.4
z_66.0_13.5,2028,3,2028-T3,Stable,48.6,46.4,5.0,48.6
z_66.0_13.5,2028,4,2028-T4,Augmentation,54.0,54.0,5.2,40.8
z_66.0_13.5,2029,1,2029-T1,Diminution,56.1,24.2,56.1,19.7
z_66.0_13.5,2029,2,2029-T2,Stable,53.8,40.4,5.8,53.8
z_66.0_13.5,2029,3,2029-T3,Stable,49.5,45.4,5.1,49.5
z_66.0_13.5,2029,4,2029-T4,Augmentation,51.3,51.3,5.3,43.5
z_66.0_13.5,2030,1,2030-T1,Diminution,55.3,24.8,55.3,19.9
z_66.0_13.5,2030,2,2030-T2,Stable,54.0,40.3,5.7,54.0
z_66.0_13.5,2030,3,2030-T3,Stable,50.4,44.3,5.2,50.4
z_66.0_13.5,2030,4,2030-T4,Augmentation,49.4,49.4,5.3,45.3
z_66.0_15.0,2023,1,2023-T1,Stable,89.0,8.1,3.0,89.0
z_66.0_15.0,2023,2,2023-T2,Stable,94.4,3.1,2.4,94.4
z_66.0_15.0,2023,3,2023-T3,Stable,93.1,3.7,3.2,93.1
z_66.0_15.0,2023,4,2023-T4,Stable,92.7,4.2,3.0,92.7
z_66.0_15.0,2024,1,2024-T1,Stable,88.8,7.7,3.5,88.8
z_66.0_15.0,2024,2,2024-T2,Stable,93.8,3.3,2.8,93.8
z_66.0_15.0,2024,3,2024-T3,Stable,92.1,4.4,3.5,92.1
z_66.0_15.0,2024,4,2024-T4,Stable,94.6,3.3,2.1,94.6
z_66.0_15.0,2025,1,2025-T1,Stable,87.6,9.3,3.1,87.6
z_66.0_15.0,2025,2,2025-T2,Stable,94.4,3.1,2.4,94.4
z_66.0_15.0,2025,3,2025-T3,Stable,93.1,3.7,3.2,93.1
z_66.0_15.0,2025,4,2025-T4,Stable,92.7,4.2,3.0,92.7
z_66.0_15.0,2026,1,2026-T1,Stable,89.5,7.5,3.0,89.5
z_66.0_15.0,2026,2,2026-T2,Stable,94.4,3.1,2.4,94.4
z_66.0_15.0,2026,3,2026-T3,Stable,93.1,3.7,3.2,93.1
z_66.0_15.0,2026,4,2026-T4,Stable,92.7,4.2,3.0,92.7
z_66.0_15.0,2027,1,2027-T1,Stable,88.8,7.7,3.5,88.8
z_66.0_15.0,2027,2,2027-T2,Stable,94.4,3.1,2.4,94.4
z_66.0_15.0,2027,3,2027-T3,Stable,93.1,3.7,3.2,93.1
z_66.0_15.0,2027,4,2027-T4,Stable,92.7,4.2,3.0,92.7
z_66.0_15.0,2028,1,2028-T1,Stable,89.2,7.9,2.9,89.2
z_66.0_15.0,2028,2,2028-T2,Stable,94.4,3.1,2.4,94.4
z_66.0_15.0,2028,3,2028-T3,Stable,93.1,3.7,3.2,93.1
z_66.0_15.0,2028,4,2028-T4,Stable,92.7,4.2,3.0,92.7
z_66.0_15.0,2029,1,2029-T1,Stable,90.5,6.6,2.9,90.5
z_66.0_15.0,2029,2,2029-T2,Stable,94.4,3.1,2.4,94.4
z_66.0_15.0,2029,3,2029-T3,Stable,93.1,3.7,3.2,93.1
z_66.0_15.0,2029,4,2029-T4,Stable,92.7,4.2,3.0,92.7
z_66.0_15.0,2030,1,2030-T1,Stable,90.5,6.4,3.0,90.5
z_66.0_15.0,2030,2,2030-T2,Stable,94.4,3.1,2.4,94.4
z_66.0_15.0,2030,3,2030-T3,Stable,93.1,3.7,3.2,93.1
z_66.0_15.0,2030,4,2030-T4,Stable,92.7,4.2,3.0,92.7
z_66.0_6.0,2023,1,2023-T1,Stable,96.1,1.1,2.9,96.1
z_66.0_6.0,2023,2,2023-T2,Stable,98.2,0.2,1.7,98.2
z_66.0_6.0,2023,3,2023-T3,Stable,97.2,0.2,2.6,97.2
z_66.0_6.0,2023,4,2023-T4,Stable,97.3,0.3,2.5,97.3
z_66.0_6.0,2024,1,2024-T1,Stable,97.1,0.5,2.4,97.1
z_66.0_6.0,2024,2,2024-T2,Stable,98.2,0.2,1.7,98.2
z_66.0_6.0,2024,3,2024-T3,Stable,96.1,0.4,3.5,96.1
z_66.0_6.0,2024,4,2024-T4,Stable,96.7,0.5,2.8,96.7
z_66.0_6.0,2025,1,2025-T1,Stable,95.0,2.4,2.7,95.0
z_66.0_6.0,2025,2,2025-T2,Stable,95.5,1.8,2.7,95.5
z_66.0_6.0,2025,3,2025-T3,Stable,97.2,0.2,2.6,97.2
z_66.0_6.0,2025,4,2025-T4,Stable,97.3,0.3,2.5,97.3
z_66.0_6.0,2026,1,2026-T1,Stable,97.2,0.5,2.3,97.2
z_66.0_6.0,2026,2,2026-T2,Stable,97.2,0.4,2.4,97.2
z_66.0_6.0,2026,3,2026-T3,Stable,97.2,0.2,2.6,97.2
z_66.0_6.0,2026,4,2026-T4,Stable,97.3,0.3,2.5,97.3
z_66.0_6.0,2027,1,2027-T1,Stable,97.2,0.5,2.3,97.2
z_66.0_6.0,2027,2,2027-T2,Stable,97.4,0.2,2.4,97.4
z_66.0_6.0,2027,3,2027-T3,Stable,97.2,0.2,2.6,97.2
z_66.0_6.0,2027,4,2027-T4,Stable,97.3,0.3,2.5,97.3
z_66.0_6.0,2028,1,2028-T1,Stable,97.2,0.5,2.3,97.2
z_66.0_6.0,2028,2,2028-T2,Stable,97.9,0.3,1.8,97.9
z_66.0_6.0,2028,3,2028-T3,Stable,97.2,0.2,2.6,97.2
z_66.0_6.0,2028,4,2028-T4,Stable,97.3,0.3,2.5,97.3
z_66.0_6.0,2029,1,2029-T1,Stable,97.2,0.5,2.3,97.2
z_66.0_6.0,2029,2,2029-T2,Stable,97.2,0.4,2.4,97.2
z_66.0_6.0,2029,3,2029-T3,Stable,97.2,0.2,2.6,97.2
z_66.0_6.0,2029,4,2029-T4,Stable,97.3,0.3,2.5,97.3
z_66.0_6.0,2030,1,2030-T1,Stable,97.2,0.5,2.3,97.2
z_66.0_6.0,2030,2,2030-T2,Stable,98.2,0.2,1.7,98.2
z_66.0_6.0,2030,3,2030-T3,Stable,97.2,0.2,2.6,97.2
z_66.0_6.0,2030,4,2030-T4,Stable,97.3,0.3,2.5,97.3
z_66.0_7.5,2023,1,2023-T1,Stable,96.2,0.8,3.0,96.2
z_66.0_7.5,2023,2,2023-T2,Stable,98.4,0.1,1.5,98.4
z_66.0_7.5,2023,3,2023-T3,Stable,97.3,0.2,2.5,97.3
z_66.0_7.5,2023,4,2023-T4,Stable,97.4,0.2,2.3,97.4
z_66.0_7.5,2024,1,2024-T1,Stable,97.2,0.2,2.5,97.2
z_66.0_7.5,2024,2,2024-T2,Stable,98.4,0.1,1.5,98.4
z_66.0_7.5,2024,3,2024-T3,Stable,97.3,0.2,2.5,97.3
z_66.0_7.5,2024,4,2024-T4,Stable,97.4,0.2,2.3,97.4
z_66.0_7.5,2025,1,2025-T1,Stable,95.6,0.9,3.5,95.6
z_66.0_7.5,2025,2,2025-T2,Stable,98.4,0.1,1.5,98.4
z_66.0_7.5,2025,3,2025-T3,Stable,96.2,0.4,3.4,96.2
z_66.0_7.5,2025,4,2025-T4,Stable,96.8,0.5,2.7,96.8
z_66.0_7.5,2026,1,2026-T1,Stable,97.6,0.7,1.6,97.6
z_66.0_7.5,2026,2,2026-T2,Stable,96.0,1.5,2.5,96.0
z_66.0_7.5,2026,3,2026-T3,Stable,97.3,0.2,2.5,97.3
z_66.0_7.5,2026,4,2026-T4,Stable,97.4,0.2,2.3,97.4
z_66.0_7.5,2027,1,2027-T1,Stable,97.4,0.2,2.4,97.4
z_66.0_7.5,2027,2,2027-T2,Stable,97.4,0.4,2.3,97.4
z_66.0_7.5,2027,3,2027-T3,Stable,97.3,0.2,2.5,97.3
z_66.0_7.5,2027,4,2027-T4,Stable,97.4,0.2,2.3,97.4
z_66.0_7.5,2028,1,2028-T1,Stable,97.4,0.2,2.4,97.4
z_66.0_7.5,2028,2,2028-T2,Stable,97.6,0.2,2.2,97.6
z_66.0_7.5,2028,3,2028-T3,Stable,97.3,0.2,2.5,97.3
z_66.0_7.5,2028,4,2028-T4,Stable,97.4,0.2,2.3,97.4
z_66.0_7.5,2029,1,2029-T1,Stable,97.4,0.2,2.4,97.4
z_66.0_7.5,2029,2,2029-T2,Stable,98.1,0.2,1.6,98.1
z_66.0_7.5,2029,3,2029-T3,Stable,97.3,0.2,2.5,97.3
z_66.0_7.5,2029,4,2029-T4,Stable,97.4,0.2,2.3,97.4
z_66.0_7.5,2030,1,2030-T1,Stable,97.4,0.2,2.4,97.4
z_66.0_7.5,2030,2,2030-T2,Stable,97.4,0.3,2.3,97.4
z_66.0_7.5,2030,3,2030-T3,Stable,97.3,0.2,2.5,97.3
z_66.0_7.5,2030,4,2030-T4,Stable,97.4,0.2,2.3,97.4
z_66.0_9.0,2023,1,2023-T1,Stable,93.0,2.0,5.0,93.0
z_66.0_9.0,2023,2,2023-T2,Stable,97.3,0.3,2.4,97.3
z_66.0_9.0,2023,3,2023-T3,Stable,97.0,0.5,2.5,97.0
z_66.0_9.0,2023,4,2023-T4,Stable,98.3,0.4,1.4,98.3
z_66.0_9.0,2024,1,2024-T1,Stable,92.0,2.7,5.3,92.0
z_66.0_9.0,2024,2,2024-T2,Stable,98.6,0.2,1.2,98.6
z_66.0_9.0,2024,3,2024-T3,Stable,97.6,0.2,2.2,97.6
z_66.0_9.0,2024,4,2024-T4,Stable,97.6,0.5,2.0,97.6
z_66.0_9.0,2025,1,2025-T1,Stable,94.3,1.1,4.6,94.3
z_66.0_9.0,2025,2,2025-T2,Stable,98.6,0.2,1.2,98.6
z_66.0_9.0,2025,3,2025-T3,Stable,97.6,0.2,2.2,97.6
z_66.0_9.0,2025,4,2025-T4,Stable,97.6,0.5,2.0,97.6
z_66.0_9.0,2026,1,2026-T1,Stable,94.5,1.3,4.2,94.5
z_66.0_9.0,2026,2,2026-T2,Stable,98.6,0.2,1.2,98.6
z_66.0_9.0,2026,3,2026-T3,Stable,97.6,0.2,2.2,97.6
z_66.0_9.0,2026,4,2026-T4,Stable,97.6,0.5,2.0,97.6
z_66.0_9.0,2027,1,2027-T1,Stable,95.8,0.8,3.4,95.8
z_66.0_9.0,2027,2,2027-T2,Stable,98.6,0.2,1.2,98.6
z_66.0_9.0,2027,3,2027-T3,Stable,97.6,0.2,2.2,97.6
z_66.0_9.0,2027,4,2027-T4,Stable,97.6,0.5,2.0,97.6
z_66.0_9.0,2028,1,2028-T1,Stable,93.7,1.7,4.7,93.7
z_66.0_9.0,2028,2,2028-T2,Stable,98.6,0.2,1.2,98.6
z_66.0_9.0,2028,3,2028-T3,Stable,97.6,0.2,2.2,97.6
z_66.0_9.0,2028,4,2028-T4,Stable,97.6,0.5,2.0,97.6
z_66.0_9.0,2029,1,2029-T1,Stable,95.8,0.8,3.4,95.8
z_66.0_9.0,2029,2,2029-T2,Stable,98.6,0.2,1.2,98.6
z_66.0_9.0,2029,3,2029-T3,Stable,97.6,0.2,2.2,97.6
z_66.0_9.0,2029,4,2029-T4,Stable,97.6,0.5,2.0,97.6
z_66.0_9.0,2030,1,2030-T1,Stable,95.8,0.8,3.4,95.8
z_66.0_9.0,2030,2,2030-T2,Stable,98.6,0.2,1.2,98.6
z_66.0_9.0,2030,3,2030-T3,Stable,97.6,0.2,2.2,97.6
z_66.0_9.0,2030,4,2030-T4,Stable,97.6,0.5,2.0,97.6
z_67.5_10.5,2023,1,2023-T1,Stable,97.2,1.2,1.6,97.2
z_67.5_10.5,2023,2,2023-T2,Stable,93.5,1.5,5.0,93.5
z_67.5_10.5,2023,3,2023-T3,Stable,96.8,0.5,2.7,96.8
z_67.5_10.5,2023,4,2023-T4,Stable,97.2,0.6,2.2,97.2
z_67.5_10.5,2024,1,2024-T1,Stable,95.3,1.8,2.9,95.3
z_67.5_10.5,2024,2,2024-T2,Stable,96.6,0.4,3.0,96.6
z_67.5_10.5,2024,3,2024-T3,Stable,96.8,0.5,2.7,96.8
z_67.5_10.5,2024,4,2024-T4,Stable,97.3,0.6,2.1,97.3
z_67.5_10.5,2025,1,2025-T1,Stable,94.8,1.9,3.3,94.8
z_67.5_10.5,2025,2,2025-T2,Stable,94.3,1.6,4.1,94.3
z_67.5_10.5,2025,3,2025-T3,Stable,94.2,1.3,4.5,94.2
z_67.5_10.5,2025,4,2025-T4,Stable,85.4,2.6,11.9,85.4
z_67.5_10.5,2026,1,2026-T1,Stable,94.3,1.9,3.8,94.3
z_67.5_10.5,2026,2,2026-T2,Stable,98.0,0.3,1.7,98.0
z_67.5_10.5,2026,3,2026-T3,Stable,97.5,0.2,2.3,97.5
z_67.5_10.5,2026,4,2026-T4,Stable,96.9,0.4,2.7,96.9
z_67.5_10.5,2027,1,2027-T1,Stable,93.8,1.5,4.7,93.8
z_67.5_10.5,2027,2,2027-T2,Stable,97.7,0.4,1.9,97.7
z_67.5_10.5,2027,3,2027-T3,Stable,97.5,0.2,2.3,97.5
z_67.5_10.5,2027,4,2027-T4,Stable,97.5,0.2,2.2,97.5
z_67.5_10.5,2028,1,2028-T1,Stable,91.7,2.6,5.7,91.7
z_67.5_10.5,2028,2,2028-T2,Stable,98.3,0.1,1.5,98.3
z_67.5_10.5,2028,3,2028-T3,Stable,97.5,0.2,2.3,97.5
z_67.5_10.5,2028,4,2028-T4,Stable,97.5,0.2,2.2,97.5
z_67.5_10.5,2029,1,2029-T1,Stable,92.6,1.6,5.8,92.6
z_67.5_10.5,2029,2,2029-T2,Stable,98.3,0.1,1.5,98.3
z_67.5_10.5,2029,3,2029-T3,Stable,97.5,0.2,2.3,97.5
z_67.5_10.5,2029,4,2029-T4,Stable,97.5,0.2,2.2,97.5
z_67.5_10.5,2030,1,2030-T1,Stable,94.7,1.3,4.0,94.7
z_67.5_10.5,2030,2,2030-T2,Stable,98.3,0.1,1.5,98.3
z_67.5_10.5,2030,3,2030-T3,Stable,97.5,0.2,2.3,97.5
z_67.5_10.5,2030,4,2030-T4,Stable,97.5,0.2,2.2,97.5
z_67.5_12.0,2023,1,2023-T1,Stable,69.6,24.8,5.6,69.6
z_67.5_12.0,2023,2,2023-T2,Stable,91.2,4.0,4.8,91.2
z_67.5_12.0,2023,3,2023-T3,Stable,71.9,21.3,6.8,71.9
z_67.5_12.0,2023,4,2023-T4,Stable,69.1,21.8,9.2,69.1
z_67.5_12.0,2024,1,2024-T1,Stable,65.0,26.2,8.8,65.0
z_67.5_12.0,2024,2,2024-T2,Stable,89.2,7.3,3.5,89.2
z_67.5_12.0,2024,3,2024-T3,Stable,85.8,10.3,3.9,85.8
z_67.5_12.0,2024,4,2024-T4,Stable,90.0,6.0,4.1,90.0
z_67.5_12.0,2025,1,2025-T1,Stable,73.9,20.2,5.9,73.9
z_67.5_12.0,2025,2,2025-T2,Stable,88.3,6.8,4.9,88.3
z_67.5_12.0,2025,3,2025-T3,Stable,86.6,10.4,3.0,86.6
z_67.5_12.0,2025,4,2025-T4,Stable,89.5,7.1,3.4,89.5
z_67.5_12.0,2026,1,2026-T1,Stable,68.1,24.2,7.7,68.1
z_67.5_12.0,2026,2,2026-T2,Stable,92.6,2.3,5.2,92.6
z_67.5_12.0,2026,3,2026-T3,Stable,86.6,10.4,3.1,86.6
z_67.5_12.0,2026,4,2026-T4,Stable,91.7,5.4,2.8,91.7
z_67.5_12.0,2027,1,2027-T1,Stable,72.3,21.5,6.3,72.3
z_67.5_12.0,2027,2,2027-T2,Stable,90.2,4.3,5.5,90.2
z_67.5_12.0,2027,3,2027-T3,Stable,85.1,12.0,2.8,85.1
z_67.5_12.0,2027,4,2027-T4,Stable,92.6,4.7,2.8,92.6
z_67.5_12.0,2028,1,2028-T1,Stable,69.8,25.0,5.2,69.8
z_67.5_12.0,2028,2,2028-T2,Stable,87.6,7.6,4.7,87.6
z_67.5_12.0,2028,3,2028-T3,Stable,85.3,11.2,3.6,85.3
z_67.5_12.0,2028,4,2028-T4,Stable,92.6,4.7,2.8,92.6
z_67.5_12.0,2029,1,2029-T1,Stable,68.8,26.3,5.0,68.8
z_67.5_12.0,2029,2,2029-T2,Stable,92.5,4.5,3.1,92.5
z_67.5_12.0,2029,3,2029-T3,Stable,88.0,8.9,3.2,88.0
z_67.5_12.0,2029,4,2029-T4,Stable,92.6,4.7,2.8,92.6
z_67.5_12.0,2030,1,2030-T1,Stable,68.8,26.3,5.0,68.8
z_67.5_12.0,2030,2,2030-T2,Stable,94.7,2.4,2.9,94.7
z_67.5_12.0,2030,3,2030-T3,Stable,86.6,10.4,3.0,86.6
z_67.5_12.0,2030,4,2030-T4,Stable,92.6,4.7,2.8,92.6
z_67.5_13.5,2023,1,2023-T1,Diminution,81.5,2.9,81.5,15.6
z_67.5_13.5,2023,2,2023-T2,Diminution,82.5,1.8,82.5,15.7
z_67.5_13.5,2023,3,2023-T3,Diminution,75.7,5.9,75.7,18.4
z_67.5_13.5,2023,4,2023-T4,Diminution,77.3,4.5,77.3,18.2
z_67.5_13.5,2024,1,2024-T1,Diminution,64.0,15.9,64.0,20.1
z_67.5_13.5,2024,2,2024-T2,Diminution,61.8,19.9,61.8,18.3
z_67.5_13.5,2024,3,2024-T3,Diminution,52.0,28.2,52.0,19.8
z_67.5_13.5,2024,4,2024-T4,Diminution,53.8,21.9,53.8,24.3
z_67.5_13.5,2025,1,2025-T1,Diminution,55.7,21.2,55.7,23.2
z_67.5_13.5,2025,2,2025-T2,Diminution,63.4,16.6,63.4,20.0
z_67.5_13.5,2025,3,2025-T3,Diminution,61.1,13.8,61.1,25.1
z_67.5_13.5,2025,4,2025-T4,Diminution,73.7,6.9,73.7,19.4
z_67.5_13.5,2026,1,2026-T1,Diminution,80.2,4.4,80.2,15.4
z_67.5_13.5,2026,2,2026-T2,Diminution,83.6,2.1,83.6,14.3
z_67.5_13.5,2026,3,2026-T3,Diminution,81.3,3.1,81.3,15.6
z_67.5_13.5,2026,4,2026-T4,Diminution,84.1,1.8,84.1,14.1
z_67.5_13.5,2027,1,2027-T1,Diminution,84.8,1.8,84.8,13.4
z_67.5_13.5,2027,2,2027-T2,Diminution,83.6,2.1,83.6,14.3
z_67.5_13.5,2027,3,2027-T3,Diminution,80.5,3.0,80.5,16.4
z_67.5_13.5,2027,4,2027-T4,Diminution,86.1,1.0,86.1,12.9
z_67.5_13.5,2028,1,2028-T1,Diminution,85.4,1.8,85.4,12.8
z_67.5_13.5,2028,2,2028-T2,Diminution,83.6,2.1,83.6,14.3
z_67.5_13.5,2028,3,2028-T3,Diminution,82.4,2.7,82.4,14.9
z_67.5_13.5,2028,4,2028-T4,Diminution,86.3,1.2,86.3,12.5
z_67.5_13.5,2029,1,2029-T1,Diminution,84.4,2.3,84.4,13.3
z_67.5_13.5,2029,2,2029-T2,Diminution,83.6,2.1,83.6,14.3
z_67.5_13.5,2029,3,2029-T3,Diminution,83.6,2.7,83.6,13.8
z_67.5_13.5,2029,4,2029-T4,Diminution,84.7,1.5,84.7,13.8
z_67.5_13.5,2030,1,2030-T1,Diminution,83.7,2.4,83.7,13.9
z_67.5_13.5,2030,2,2030-T2,Diminution,83.6,2.1,83.6,14.3
z_67.5_13.5,2030,3,2030-T3,Diminution,83.2,2.6,83.2,14.2
z_67.5_13.5,2030,4,2030-T4,Diminution,84.3,1.4,84.3,14.3
z_67.5_15.0,2023,1,2023-T1,Diminution,81.4,5.1,81.4,13.5
z_67.5_15.0,2023,2,2023-T2,Stable,77.8,13.5,8.6,77.8
z_67.5_15.0,2023,3,2023-T3,Diminution,72.6,9.4,72.6,18.0
z_67.5_15.0,2023,4,2023-T4,Diminution,71.8,7.1,71.8,21.1
z_67.5_15.0,2024,1,2024-T1,Diminution,75.8,10.0,75.8,14.1
z_67.5_15.0,2024,2,2024-T2,Stable,78.8,16.1,5.1,78.8
z_67.5_15.0,2024,3,2024-T3,Diminution,80.9,6.4,80.9,12.7
z_67.5_15.0,2024,4,2024-T4,Diminution,69.2,14.7,69.2,16.1
z_67.5_15.0,2025,1,2025-T1,Diminution,69.6,15.1,69.6,15.3
z_67.5_15.0,2025,2,2025-T2,Stable,48.6,45.8,5.5,48.6
z_67.5_15.0,2025,3,2025-T3,Diminution,58.1,24.7,58.1,17.2
z_67.5_15.0,2025,4,2025-T4,Diminution,69.8,14.6,69.8,15.6
z_67.5_15.0,2026,1,2026-T1,Diminution,73.0,11.0,73.0,16.0
z_67.5_15.0,2026,2,2026-T2,Stable,61.6,33.7,4.8,61.6
z_67.5_15.0,2026,3,2026-T3,Diminution,69.9,12.6,69.9,17.6
z_67.5_15.0,2026,4,2026-T4,Diminution,70.2,12.5,70.2,17.4
z_67.5_15.0,2027,1,2027-T1,Diminution,72.8,12.2,72.8,15.0
z_67.5_15.0,2027,2,2027-T2,Stable,62.5,32.3,5.2,62.5
z_67.5_15.0,2027,3,2027-T3,Diminution,70.9,12.1,70.9,17.0
z_67.5_15.0,2027,4,2027-T4,Diminution,70.6,13.2,70.6,16.2
z_67.5_15.0,2028,1,2028-T1,Diminution,75.8,9.6,75.8,14.6
z_67.5_15.0,2028,2,2028-T2,Stable,61.9,32.6,5.4,61.9
z_67.5_15.0,2028,3,2028-T3,Diminution,68.7,15.6,68.7,15.7
z_67.5_15.0,2028,4,2028-T4,Diminution,71.2,12.7,71.2,16.2
z_67.5_15.0,2029,1,2029-T1,Diminution,72.2,13.7,72.2,14.1
z_67.5_15.0,2029,2,2029-T2,Stable,64.1,31.2,4.6,64.1
z_67.5_15.0,2029,3,2029-T3,Diminution,71.7,11.8,71.7,16.5
z_67.5_15.0,2029,4,2029-T4,Diminution,70.9,12.7,70.9,16.4
z_67.5_15.0,2030,1,2030-T1,Diminution,74.8,10.3,74.8,14.9
z_67.5_15.0,2030,2,2030-T2,Stable,63.9,31.2,5.0,63.9
z_67.5_15.0,2030,3,2030-T3,Diminution,70.4,13.0,70.4,16.5
z_67.5_15.0,2030,4,2030-T4,Diminution,71.2,12.7,71.2,16.2
z_67.5_16.5,2023,1,2023-T1,Stable,77.2,15.4,7.4,77.2
z_67.5_16.5,2023,2,2023-T2,Stable,68.7,25.0,6.4,68.7
z_67.5_16.5,2023,3,2023-T3,Stable,58.9,33.2,8.0,58.9
z_67.5_16.5,2023,4,2023-T4,Stable,64.9,26.8,8.2,64.9
z_67.5_16.5,2024,1,2024-T1,Stable,88.3,8.4,3.3,88.3
z_67.5_16.5,2024,2,2024-T2,Stable,90.0,7.3,2.7,90.0
z_67.5_16.5,2024,3,2024-T3,Stable,69.2,26.5,4.3,69.2
z_67.5_16.5,2024,4,2024-T4,Stable,53.2,42.3,4.5,53.2
z_67.5_16.5,2025,1,2025-T1,Stable,62.2,33.2,4.6,62.2
z_67.5_16.5,2025,2,2025-T2,Stable,85.7,11.5,2.8,85.7
z_67.5_16.5,2025,3,2025-T3,Stable,77.3,16.9,5.8,77.3
z_67.5_16.5,2025,4,2025-T4,Stable,54.3,40.0,5.8,54.3
z_67.5_16.5,2026,1,2026-T1,Stable,66.8,24.1,9.1,66.8
z_67.5_16.5,2026,2,2026-T2,Stable,86.6,10.1,3.3,86.6
z_67.5_16.5,2026,3,2026-T3,Stable,83.9,13.6,2.5,83.9
z_67.5_16.5,2026,4,2026-T4,Stable,76.3,18.7,5.0,76.3
z_67.5_16.5,2027,1,2027-T1,Stable,84.7,9.4,5.9,84.7
z_67.5_16.5,2027,2,2027-T2,Stable,88.6,7.6,3.7,88.6
z_67.5_16.5,2027,3,2027-T3,Stable,84.8,12.3,3.0,84.8
z_67.5_16.5,2027,4,2027-T4,Stable,75.0,20.7,4.3,75.0
z_67.5_16.5,2028,1,2028-T1,Stable,84.8,11.1,4.1,84.8
z_67.5_16.5,2028,2,2028-T2,Stable,86.6,8.4,4.9,86.6
z_67.5_16.5,2028,3,2028-T3,Stable,85.0,12.2,2.8,85.0
z_67.5_16.5,2028,4,2028-T4,Stable,74.8,22.2,3.0,74.8
z_67.5_16.5,2029,1,2029-T1,Stable,89.5,7.7,2.8,89.5
z_67.5_16.5,2029,2,2029-T2,Stable,83.5,12.3,4.2,83.5
z_67.5_16.5,2029,3,2029-T3,Stable,82.0,15.5,2.5,82.0
z_67.5_16.5,2029,4,2029-T4,Stable,74.8,22.2,3.0,74.8
z_67.5_16.5,2030,1,2030-T1,Stable,89.9,7.2,2.9,89.9
z_67.5_16.5,2030,2,2030-T2,Stable,90.2,7.0,2.8,90.2
z_67.5_16.5,2030,3,2030-T3,Stable,87.9,9.7,2.4,87.9
z_67.5_16.5,2030,4,2030-T4,Stable,74.8,22.2,3.0,74.8
z_67.5_9.0,2023,1,2023-T1,Stable,97.6,0.2,2.2,97.6
z_67.5_9.0,2023,2,2023-T2,Stable,97.3,0.2,2.5,97.3
z_67.5_9.0,2023,3,2023-T3,Stable,96.7,0.6,2.7,96.7
z_67.5_9.0,2023,4,2023-T4,Stable,93.5,1.8,4.7,93.5
z_67.5_9.0,2024,1,2024-T1,Stable,90.8,3.5,5.7,90.8
z_67.5_9.0,2024,2,2024-T2,Stable,99.0,0.1,0.9,99.0
z_67.5_9.0,2024,3,2024-T3,Stable,94.8,1.8,3.4,94.8
z_67.5_9.0,2024,4,2024-T4,Stable,97.6,0.2,2.2,97.6
z_67.5_9.0,2025,1,2025-T1,Stable,96.4,0.7,2.9,96.4
z_67.5_9.0,2025,2,2025-T2,Stable,98.5,0.1,1.4,98.5
z_67.5_9.0,2025,3,2025-T3,Stable,96.6,0.4,3.0,96.6
z_67.5_9.0,2025,4,2025-T4,Stable,97.6,0.2,2.2,97.6
z_67.5_9.0,2026,1,2026-T1,Stable,96.2,0.8,3.0,96.2
z_67.5_9.0,2026,2,2026-T2,Stable,98.5,0.1,1.4,98.5
z_67.5_9.0,2026,3,2026-T3,Stable,96.6,0.3,3.1,96.6
z_67.5_9.0,2026,4,2026-T4,Stable,97.6,0.2,2.2,97.6
z_67.5_9.0,2027,1,2027-T1,Stable,97.4,0.2,2.4,97.4
z_67.5_9.0,2027,2,2027-T2,Stable,98.5,0.1,1.4,98.5
z_67.5_9.0,2027,3,2027-T3,Stable,97.5,0.2,2.3,97.5
z_67.5_9.0,2027,4,2027-T4,Stable,97.6,0.2,2.2,97.6
z_67.5_9.0,2028,1,2028-T1,Stable,95.8,0.9,3.3,95.8
z_67.5_9.0,2028,2,2028-T2,Stable,98.5,0.1,1.4,98.5
z_67.5_9.0,2028,3,2028-T3,Stable,96.5,0.3,3.3,96.5
z_67.5_9.0,2028,4,2028-T4,Stable,97.6,0.2,2.2,97.6
z_67.5_9.0,2029,1,2029-T1,Stable,97.6,0.2,2.2,97.6
z_67.5_9.0,2029,2,2029-T2,Stable,98.5,0.1,1.4,98.5
z_67.5_9.0,2029,3,2029-T3,Stable,97.5,0.2,2.3,97.5
z_67.5_9.0,2029,4,2029-T4,Stable,97.6,0.2,2.2,97.6
z_67.5_9.0,2030,1,2030-T1,Stable,97.6,0.2,2.2,97.6
z_67.5_9.0,2030,2,2030-T2,Stable,98.5,0.1,1.4,98.5
z_67.5_9.0,2030,3,2030-T3,Stable,97.5,0.2,2.3,97.5
z_67.5_9.0,2030,4,2030-T4,Stable,97.6,0.2,2.2,97.6
z_69.0_13.5,2023,1,2023-T1,Diminution,91.0,0.7,91.0,8.3
z_69.0_13.5,2023,2,2023-T2,Stable,96.2,1.1,2.6,96.2
z_69.0_13.5,2023,3,2023-T3,Stable,95.3,1.5,3.2,95.3
z_69.0_13.5,2023,4,2023-T4,Stable,95.1,1.6,3.3,95.1
z_69.0_13.5,2024,1,2024-T1,Diminution,91.0,0.7,91.0,8.3
z_69.0_13.5,2024,2,2024-T2,Stable,95.2,1.4,3.4,95.2
z_69.0_13.5,2024,3,2024-T3,Stable,94.5,1.9,3.6,94.5
z_69.0_13.5,2024,4,2024-T4,Stable,96.6,1.3,2.1,96.6
z_69.0_13.5,2025,1,2025-T1,Diminution,91.6,0.9,91.6,7.5
z_69.0_13.5,2025,2,2025-T2,Stable,96.2,1.1,2.6,96.2
z_69.0_13.5,2025,3,2025-T3,Stable,95.3,1.5,3.2,95.3
z_69.0_13.5,2025,4,2025-T4,Stable,95.1,1.6,3.3,95.1
z_69.0_13.5,2026,1,2026-T1,Diminution,90.8,0.6,90.8,8.6
z_69.0_13.5,2026,2,2026-T2,Stable,96.2,1.1,2.6,96.2
z_69.0_13.5,2026,3,2026-T3,Stable,95.3,1.5,3.2,95.3
z_69.0_13.5,2026,4,2026-T4,Stable,95.1,1.6,3.3,95.1
z_69.0_13.5,2027,1,2027-T1,Diminution,90.3,0.8,90.3,8.9
z_69.0_13.5,2027,2,2027-T2,Stable,96.2,1.1,2.6,96.2
z_69.0_13.5,2027,3,2027-T3,Stable,95.3,1.5,3.2,95.3
z_69.0_13.5,2027,4,2027-T4,Stable,95.1,1.6,3.3,95.1
z_69.0_13.5,2028,1,2028-T1,Diminution,91.2,0.7,91.2,8.1
z_69.0_13.5,2028,2,2028-T2,Stable,96.2,1.1,2.6,96.2
z_69.0_13.5,2028,3,2028-T3,Stable,95.3,1.5,3.2,95.3
z_69.0_13.5,2028,4,2028-T4,Stable,95.1,1.6,3.3,95.1
z_69.0_13.5,2029,1,2029-T1,Diminution,91.3,0.7,91.3,8.0
z_69.0_13.5,2029,2,2029-T2,Stable,96.2,1.1,2.6,96.2
z_69.0_13.5,2029,3,2029-T3,Stable,95.3,1.5,3.2,95.3
z_69.0_13.5,2029,4,2029-T4,Stable,95.1,1.6,3.3,95.1
z_69.0_13.5,2030,1,2030-T1,Diminution,91.0,0.7,91.0,8.3
z_69.0_13.5,2030,2,2030-T2,Stable,96.2,1.1,2.6,96.2
z_69.0_13.5,2030,3,2030-T3,Stable,95.3,1.5,3.2,95.3
z_69.0_13.5,2030,4,2030-T4,Stable,95.1,1.6,3.3,95.1
z_69.0_15.0,2023,1,2023-T1,Diminution,89.5,1.5,89.5,9.0
z_69.0_15.0,2023,2,2023-T2,Diminution,86.1,1.3,86.1,12.6
z_69.0_15.0,2023,3,2023-T3,Stable,69.5,23.7,6.8,69.5
z_69.0_15.0,2023,4,2023-T4,Stable,68.5,21.8,9.7,68.5
z_69.0_15.0,2024,1,2024-T1,Diminution,77.5,9.0,77.5,13.5
z_69.0_15.0,2024,2,2024-T2,Diminution,83.7,1.6,83.7,14.7
z_69.0_15.0,2024,3,2024-T3,Stable,89.1,7.3,3.5,89.1
z_69.0_15.0,2024,4,2024-T4,Stable,84.2,11.1,4.8,84.2
z_69.0_15.0,2025,1,2025-T1,Diminution,62.0,18.9,62.0,19.0
z_69.0_15.0,2025,2,2025-T2,Diminution,69.2,12.2,69.2,18.7
z_69.0_15.0,2025,3,2025-T3,Stable,64.2,32.6,3.1,64.2
z_69.0_15.0,2025,4,2025-T4,Stable,66.7,30.5,2.9,66.7
z_69.0_15.0,2026,1,2026-T1,Diminution,65.5,12.8,65.5,21.7
z_69.0_15.0,2026,2,2026-T2,Diminution,70.3,10.7,70.3,19.0
z_69.0_15.0,2026,3,2026-T3,Stable,75.9,18.8,5.3,75.9
z_69.0_15.0,2026,4,2026-T4,Stable,85.7,11.6,2.7,85.7
z_69.0_15.0,2027,1,2027-T1,Diminution,85.1,2.5,85.1,12.4
z_69.0_15.0,2027,2,2027-T2,Diminution,88.8,0.7,88.8,10.6
z_69.0_15.0,2027,3,2027-T3,Stable,90.0,4.9,5.1,90.0
z_69.0_15.0,2027,4,2027-T4,Stable,90.4,6.2,3.4,90.4
z_69.0_15.0,2028,1,2028-T1,Diminution,88.0,1.6,88.0,10.4
z_69.0_15.0,2028,2,2028-T2,Diminution,89.0,0.7,89.0,10.3
z_69.0_15.0,2028,3,2028-T3,Stable,90.8,5.0,4.2,90.8
z_69.0_15.0,2028,4,2028-T4,Stable,90.3,6.1,3.6,90.3
z_69.0_15.0,2029,1,2029-T1,Diminution,88.9,1.3,88.9,9.8
z_69.0_15.0,2029,2,2029-T2,Diminution,88.2,0.9,88.2,10.9
z_69.0_15.0,2029,3,2029-T3,Stable,91.6,4.6,3.8,91.6
z_69.0_15.0,2029,4,2029-T4,Stable,90.0,6.4,3.7,90.0
z_69.0_15.0,2030,1,2030-T1,Diminution,89.0,1.3,89.0,9.7
z_69.0_15.0,2030,2,2030-T2,Diminution,88.5,0.8,88.5,10.7
z_69.0_15.0,2030,3,2030-T3,Stable,91.9,5.5,2.6,91.9
z_69.0_15.0,2030,4,2030-T4,Stable,90.8,5.8,3.4,90.8
z_69.0_16.5,2023,1,2023-T1,Stable,69.8,25.8,4.4,69.8
z_69.0_16.5,2023,2,2023-T2,Diminution,75.5,4.5,75.5,20.0
z_69.0_16.5,2023,3,2023-T3,Stable,66.1,27.0,6.9,66.1
z_69.0_16.5,2023,4,2023-T4,Stable,62.3,30.2,7.5,62.3
z_69.0_16.5,2024,1,2024-T1,Stable,54.2,39.7,6.1,54.2
z_69.0_16.5,2024,2,2024-T2,Diminution,49.1,26.2,49.1,24.7
z_69.0_16.5,2024,3,2024-T3,Augmentation,52.9,52.9,5.4,41.7
z_69.0_16.5,2024,4,2024-T4,Stable,53.9,41.7,4.5,53.9
z_69.0_16.5,2025,1,2025-T1,Augmentation,61.4,61.4,4.9,33.7
z_69.0_16.5,2025,2,2025-T2,Diminution,56.9,26.0,56.9,17.1
z_69.0_16.5,2025,3,2025-T3,Stable,48.2,46.4,5.5,48.2
z_69.0_16.5,2025,4,2025-T4,Augmentation,55.3,55.3,3.9,40.8
z_69.0_16.5,2026,1,2026-T1,Augmentation,60.0,60.0,6.5,33.5
z_69.0_16.5,2026,2,2026-T2,Diminution,63.3,18.6,63.3,18.1
z_69.0_16.5,2026,3,2026-T3,Stable,50.8,44.9,4.3,50.8
z_69.0_16.5,2026,4,2026-T4,Augmentation,56.3,56.3,4.4,39.3
z_69.0_16.5,2027,1,2027-T1,Augmentation,52.3,52.3,5.6,42.1
z_69.0_16.5,2027,2,2027-T2,Diminution,63.9,18.0,63.9,18.2
z_69.0_16.5,2027,3,2027-T3,Stable,54.2,42.5,3.3,54.2
z_69.0_16.5,2027,4,2027-T4,Stable,48.1,46.8,5.0,48.1
z_69.0_16.5,2028,1,2028-T1,Augmentation,55.0,55.0,4.6,40.4
z_69.0_16.5,2028,2,2028-T2,Diminution,69.2,12.3,69.2,18.4
z_69.0_16.5,2028,3,2028-T3,Stable,52.4,43.6,3.9,52.4
z_69.0_16.5,2028,4,2028-T4,Stable,49.1,45.9,5.0,49.1
z_69.0_16.5,2029,1,2029-T1,Augmentation,52.2,52.2,4.5,43.3
z_69.0_16.5,2029,2,2029-T2,Diminution,65.1,16.8,65.1,18.1
z_69.0_16.5,2029,3,2029-T3,Stable,51.1,44.9,4.0,51.1
z_69.0_16.5,2029,4,2029-T4,Stable,48.2,47.8,4.0,48.2
z_69.0_16.5,2030,1,2030-T1,Augmentation,48.0,48.0,4.4,47.6
z_69.0_16.5,2030,2,2030-T2,Diminution,68.7,13.1,68.7,18.2
z_69.0_16.5,2030,3,2030-T3,Stable,52.1,43.7,4.1,52.1
z_69.0_16.5,2030,4,2030-T4,Stable,51.2,45.2,3.6,51.2
z_69.0_18.0,2023,1,2023-T1,Diminution,82.4,4.6,82.4,13.1
z_69.0_18.0,2023,2,2023-T2,Stable,68.3,23.3,8.4,68.3
z_69.0_18.0,2023,3,2023-T3,Stable,53.3,39.4,7.3,53.3
z_69.0_18.0,2023,4,2023-T4,Augmentation,49.0,49.0,6.8,44.2
z_69.0_18.0,2024,1,2024-T1,Diminution,56.0,25.7,56.0,18.3
z_69.0_18.0,2024,2,2024-T2,Stable,50.3,40.8,9.0,50.3
z_69.0_18.0,2024,3,2024-T3,Stable,61.9,28.0,10.1,61.9
z_69.0_18.0,2024,4,2024-T4,Stable,65.3,27.0,7.7,65.3
z_69.0_18.0,2025,1,2025-T1,Diminution,66.8,13.6,66.8,19.6
z_69.0_18.0,2025,2,2025-T2,Stable,51.3,36.6,12.2,51.3
z_69.0_18.0,2025,3,2025-T3,Stable,68.8,18.2,13.0,68.8
z_69.0_18.0,2025,4,2025-T4,Stable,65.7,27.0,7.3,65.7
z_69.0_18.0,2026,1,2026-T1,Diminution,86.5,3.1,86.5,10.4
z_69.0_18.0,2026,2,2026-T2,Stable,64.8,25.2,10.0,64.8
z_69.0_18.0,2026,3,2026-T3,Stable,59.6,33.6,6.8,59.6
z_69.0_18.0,2026,4,2026-T4,Augmentation,52.1,52.1,4.1,43.9
z_69.0_18.0,2027,1,2027-T1,Diminution,58.4,22.2,58.4,19.4
z_69.0_18.0,2027,2,2027-T2,Augmentation,49.0,49.0,4.7,46.4
z_69.0_18.0,2027,3,2027-T3,Augmentation,49.5,49.5,3.5,47.0
z_69.0_18.0,2027,4,2027-T4,Stable,51.3,45.4,3.2,51.3
z_69.0_18.0,2028,1,2028-T1,Diminution,57.4,21.8,57.4,20.9
z_69.0_18.0,2028,2,2028-T2,Augmentation,48.6,48.6,3.9,47.5
z_69.0_18.0,2028,3,2028-T3,Augmentation,48.2,48.2,3.8,48.1
z_69.0_18.0,2028,4,2028-T4,Augmentation,52.0,52.0,3.7,44.3
z_69.0_18.0,2029,1,2029-T1,Diminution,59.5,20.1,59.5,20.4
z_69.0_18.0,2029,2,2029-T2,Stable,49.5,46.5,4.0,49.5
z_69.0_18.0,2029,3,2029-T3,Stable,50.6,45.7,3.8,50.6
z_69.0_18.0,2029,4,2029-T4,Augmentation,48.4,48.4,3.8,47.8
z_69.0_18.0,2030,1,2030-T1,Diminution,57.1,22.8,57.1,20.0
z_69.0_18.0,2030,2,2030-T2,Stable,51.8,44.1,4.1,51.8
z_69.0_18.0,2030,3,2030-T3,Stable,53.2,42.8,4.0,53.2
z_69.0_18.0,2030,4,2030-T4,Stable,52.2,44.1,3.6,52.2
z_69.0_19.5,2023,1,2023-T1,Stable,77.5,17.7,4.8,77.5
z_69.0_19.5,2023,2,2023-T2,Stable,63.5,28.4,8.1,63.5
z_69.0_19.5,2023,3,2023-T3,Diminution,68.4,14.9,68.4,16.7
z_69.0_19.5,2023,4,2023-T4,Diminution,73.9,8.7,73.9,17.3
z_69.0_19.5,2024,1,2024-T1,Stable,80.3,15.3,4.4,80.3
z_69.0_19.5,2024,2,2024-T2,Stable,80.4,13.8,5.8,80.4
z_69.0_19.5,2024,3,2024-T3,Diminution,84.3,1.1,84.3,14.5
z_69.0_19.5,2024,4,2024-T4,Diminution,81.5,2.1,81.5,16.4
z_69.0_19.5,2025,1,2025-T1,Stable,74.7,19.6,5.7,74.7
z_69.0_19.5,2025,2,2025-T2,Stable,76.6,16.1,7.3,76.6
z_69.0_19.5,2025,3,2025-T3,Diminution,78.6,3.7,78.6,17.7
z_69.0_19.5,2025,4,2025-T4,Diminution,74.8,5.4,74.8,19.8
z_69.0_19.5,2026,1,2026-T1,Stable,77.7,16.4,5.8,77.7
z_69.0_19.5,2026,2,2026-T2,Stable,82.6,12.2,5.2,82.6
z_69.0_19.5,2026,3,2026-T3,Diminution,84.3,1.1,84.3,14.5
z_69.0_19.5,2026,4,2026-T4,Diminution,82.5,1.7,82.5,15.9
z_69.0_19.5,2027,1,2027-T1,Stable,76.5,18.7,4.8,76.5
z_69.0_19.5,2027,2,2027-T2,Stable,82.4,12.8,4.8,82.4
z_69.0_19.5,2027,3,2027-T3,Diminution,84.3,1.1,84.3,14.5
z_69.0_19.5,2027,4,2027-T4,Diminution,81.2,2.6,81.2,16.2
z_69.0_19.5,2028,1,2028-T1,Stable,76.0,19.3,4.7,76.0
z_69.0_19.5,2028,2,2028-T2,Stable,82.5,12.8,4.6,82.5
z_69.0_19.5,2028,3,2028-T3,Diminution,84.3,1.1,84.3,14.5
z_69.0_19.5,2028,4,2028-T4,Diminution,81.8,1.7,81.8,16.4
z_69.0_19.5,2029,1,2029-T1,Stable,79.3,17.0,3.7,79.3
z_69.0_19.5,2029,2,2029-T2,Stable,82.5,12.8,4.6,82.5
z_69.0_19.5,2029,3,2029-T3,Diminution,84.3,1.1,84.3,14.5
z_69.0_19.5,2029,4,2029-T4,Diminution,82.5,1.7,82.5,15.8
z_69.0_19.5,2030,1,2030-T1,Stable,77.9,18.5,3.6,77.9
z_69.0_19.5,2030,2,2030-T2,Stable,82.5,12.8,4.6,82.5
z_69.0_19.5,2030,3,2030-T3,Diminution,84.3,1.1,84.3,14.5
z_69.0_19.5,2030,4,2030-T4,Diminution,82.8,1.5,82.8,15.7
z_69.0_21.0,2023,1,2023-T1,Stable,87.4,6.2,6.4,87.4
z_69.0_21.0,2023,2,2023-T2,Stable,83.9,8.5,7.6,83.9
z_69.0_21.0,2023,3,2023-T3,Stable,93.1,2.2,4.7,93.1
z_69.0_21.0,2023,4,2023-T4,Stable,88.0,7.5,4.5,88.0
z_69.0_21.0,2024,1,2024-T1,Stable,89.0,5.6,5.4,89.0
z_69.0_21.0,2024,2,2024-T2,Stable,83.1,10.7,6.2,83.1
z_69.0_21.0,2024,3,2024-T3,Stable,90.5,3.3,6.3,90.5
z_69.0_21.0,2024,4,2024-T4,Stable,74.4,19.8,5.8,74.4
z_69.0_21.0,2025,1,2025-T1,Stable,62.4,31.3,6.2,62.4
z_69.0_21.0,2025,2,2025-T2,Stable,67.9,26.2,5.8,67.9
z_69.0_21.0,2025,3,2025-T3,Stable,87.5,8.1,4.3,87.5
z_69.0_21.0,2025,4,2025-T4,Stable,87.8,7.2,5.0,87.8
z_69.0_21.0,2026,1,2026-T1,Stable,81.8,12.1,6.1,81.8
z_69.0_21.0,2026,2,2026-T2,Stable,77.6,16.3,6.1,77.6
z_69.0_21.0,2026,3,2026-T3,Stable,91.1,4.1,4.8,91.1
z_69.0_21.0,2026,4,2026-T4,Stable,84.3,10.8,4.9,84.3
z_69.0_21.0,2027,1,2027-T1,Stable,89.0,5.6,5.4,89.0
z_69.0_21.0,2027,2,2027-T2,Stable,88.2,4.9,6.9,88.2
z_69.0_21.0,2027,3,2027-T3,Stable,90.2,3.6,6.2,90.2
z_69.0_21.0,2027,4,2027-T4,Stable,87.3,8.4,4.4,87.3
z_69.0_21.0,2028,1,2028-T1,Stable,89.0,5.6,5.4,89.0
z_69.0_21.0,2028,2,2028-T2,Stable,86.7,6.8,6.6,86.7
z_69.0_21.0,2028,3,2028-T3,Stable,88.1,5.9,6.0,88.1
z_69.0_21.0,2028,4,2028-T4,Stable,86.7,8.1,5.2,86.7
z_69.0_21.0,2029,1,2029-T1,Stable,89.0,5.6,5.4,89.0
z_69.0_21.0,2029,2,2029-T2,Stable,88.1,5.9,6.0,88.1
z_69.0_21.0,2029,3,2029-T3,Stable,89.5,4.9,5.6,89.5
z_69.0_21.0,2029,4,2029-T4,Stable,86.2,9.7,4.1,86.2
z_69.0_21.0,2030,1,2030-T1,Stable,89.0,5.6,5.4,89.0
z_69.0_21.0,2030,2,2030-T2,Stable,89.6,4.2,6.2,89.6
z_69.0_21.0,2030,3,2030-T3,Stable,91.2,2.9,5.9,91.2
z_69.0_21.0,2030,4,2030-T4,Stable,90.0,6.1,4.0,90.0
z_69.0_22.5,2023,1,2023-T1,Stable,73.3,20.8,5.9,73.3
z_69.0_22.5,2023,2,2023-T2,Stable,82.6,11.1,6.3,82.6
z_69.0_22.5,2023,3,2023-T3,Stable,78.6,17.0,4.4,78.6
z_69.0_22.5,2023,4,2023-T4,Stable,79.5,16.0,4.5,79.5
z_69.0_22.5,2024,1,2024-T1,Stable,89.8,7.4,2.8,89.8
z_69.0_22.5,2024,2,2024-T2,Stable,87.7,6.8,5.5,87.7
z_69.0_22.5,2024,3,2024-T3,Stable,86.6,10.1,3.4,86.6
z_69.0_22.5,2024,4,2024-T4,Stable,76.5,18.5,5.1,76.5
z_69.0_22.5,2025,1,2025-T1,Stable,86.0,9.6,4.4,86.0
z_69.0_22.5,2025,2,2025-T2,Stable,86.7,8.9,4.4,86.7
z_69.0_22.5,2025,3,2025-T3,Stable,86.3,10.4,3.3,86.3
z_69.0_22.5,2025,4,2025-T4,Stable,76.3,18.9,4.8,76.3
z_69.0_22.5,2026,1,2026-T1,Stable,85.3,9.0,5.7,85.3
z_69.0_22.5,2026,2,2026-T2,Stable,83.2,12.4,4.4,83.2
z_69.0_22.5,2026,3,2026-T3,Stable,79.9,10.0,10.1,79.9
z_69.0_22.5,2026,4,2026-T4,Stable,79.6,15.6,4.8,79.6
z_69.0_22.5,2027,1,2027-T1,Stable,87.7,8.8,3.5,87.7
z_69.0_22.5,2027,2,2027-T2,Stable,90.1,6.5,3.4,90.1
z_69.0_22.5,2027,3,2027-T3,Stable,87.0,9.7,3.3,87.0
z_69.0_22.5,2027,4,2027-T4,Stable,73.7,21.0,5.3,73.7
z_69.0_22.5,2028,1,2028-T1,Stable,87.7,8.8,3.5,87.7
z_69.0_22.5,2028,2,2028-T2,Stable,90.9,6.1,3.0,90.9
z_69.0_22.5,2028,3,2028-T3,Stable,87.9,8.8,3.3,87.9
z_69.0_22.5,2028,4,2028-T4,Stable,76.0,16.7,7.3,76.0
z_69.0_22.5,2029,1,2029-T1,Stable,87.7,8.8,3.5,87.7
z_69.0_22.5,2029,2,2029-T2,Stable,92.6,4.5,2.9,92.6
z_69.0_22.5,2029,3,2029-T3,Stable,89.4,7.6,3.0,89.4
z_69.0_22.5,2029,4,2029-T4,Stable,78.5,15.3,6.2,78.5
z_69.0_22.5,2030,1,2030-T1,Stable,87.7,8.8,3.5,87.7
z_69.0_22.5,2030,2,2030-T2,Stable,92.6,4.5,2.9,92.6
z_69.0_22.5,2030,3,2030-T3,Stable,90.4,6.4,3.2,90.4
z_69.0_22.5,2030,4,2030-T4,Stable,76.5,17.6,5.9,76.5
z_69.0_30.0,2023,1,2023-T1,Diminution,87.8,0.7,87.8,11.5
z_69.0_30.0,2023,2,2023-T2,Stable,95.6,2.6,1.8,95.6
z_69.0_30.0,2023,3,2023-T3,Stable,90.6,7.0,2.4,90.6
z_69.0_30.0,2023,4,2023-T4,Stable,91.0,5.6,3.4,91.0
z_69.0_30.0,2024,1,2024-T1,Diminution,88.9,0.5,88.9,10.6
z_69.0_30.0,2024,2,2024-T2,Stable,94.0,3.3,2.7,94.0
z_69.0_30.0,2024,3,2024-T3,Stable,91.6,6.4,2.0,91.6
z_69.0_30.0,2024,4,2024-T4,Stable,89.9,6.6,3.5,89.9
z_69.0_30.0,2025,1,2025-T1,Diminution,89.2,0.5,89.2,10.3
z_69.0_30.0,2025,2,2025-T2,Stable,94.3,3.2,2.5,94.3
z_69.0_30.0,2025,3,2025-T3,Stable,89.9,7.1,3.0,89.9
z_69.0_30.0,2025,4,2025-T4,Stable,88.7,7.6,3.7,88.7
z_69.0_30.0,2026,1,2026-T1,Diminution,89.2,0.5,89.2,10.3
z_69.0_30.0,2026,2,2026-T2,Stable,94.3,3.2,2.5,94.3
z_69.0_30.0,2026,3,2026-T3,Stable,86.1,11.1,2.7,86.1
z_69.0_30.0,2026,4,2026-T4,Stable,88.0,8.4,3.6,88.0
z_69.0_30.0,2027,1,2027-T1,Diminution,89.2,0.5,89.2,10.3
z_69.0_30.0,2027,2,2027-T2,Stable,94.3,3.2,2.5,94.3
z_69.0_30.0,2027,3,2027-T3,Stable,89.7,7.6,2.7,89.7
z_69.0_30.0,2027,4,2027-T4,Stable,89.9,6.4,3.7,89.9
z_69.0_30.0,2028,1,2028-T1,Diminution,89.2,0.5,89.2,10.3
z_69.0_30.0,2028,2,2028-T2,Stable,94.3,3.2,2.5,94.3
z_69.0_30.0,2028,3,2028-T3,Stable,91.0,6.3,2.7,91.0
z_69.0_30.0,2028,4,2028-T4,Stable,90.5,6.1,3.4,90.5
z_69.0_30.0,2029,1,2029-T1,Diminution,89.2,0.5,89.2,10.3
z_69.0_30.0,2029,2,2029-T2,Stable,94.3,3.2,2.5,94.3
z_69.0_30.0,2029,3,2029-T3,Stable,91.0,6.3,2.7,91.0
z_69.0_30.0,2029,4,2029-T4,Stable,92.6,4.0,3.5,92.6
z_69.0_30.0,2030,1,2030-T1,Diminution,89.2,0.5,89.2,10.3
z_69.0_30.0,2030,2,2030-T2,Stable,94.3,3.2,2.5,94.3
z_69.0_30.0,2030,3,2030-T3,Stable,91.0,6.3,2.7,91.0
z_69.0_30.0,2030,4,2030-T4,Stable,92.6,4.0,3.5,92.6
z_70.5_13.5,2023,1,2023-T1,Stable,95.0,1.6,3.4,95.0
z_70.5_13.5,2023,2,2023-T2,Stable,97.2,0.5,2.2,97.2
z_70.5_13.5,2023,3,2023-T3,Stable,96.1,0.8,3.1,96.1
z_70.5_13.5,2023,4,2023-T4,Stable,96.0,1.0,3.0,96.0
z_70.5_13.5,2024,1,2024-T1,Stable,95.0,1.6,3.4,95.0
z_70.5_13.5,2024,2,2024-T2,Stable,97.2,0.5,2.2,97.2
z_70.5_13.5,2024,3,2024-T3,Stable,96.1,0.8,3.1,96.1
z_70.5_13.5,2024,4,2024-T4,Stable,96.0,1.0,3.0,96.0
z_70.5_13.5,2025,1,2025-T1,Stable,95.0,1.6,3.4,95.0
z_70.5_13.5,2025,2,2025-T2,Stable,97.2,0.5,2.2,97.2
z_70.5_13.5,2025,3,2025-T3,Stable,96.1,0.8,3.1,96.1
z_70.5_13.5,2025,4,2025-T4,Stable,94.7,1.4,3.9,94.7
z_70.5_13.5,2026,1,2026-T1,Stable,93.7,2.1,4.2,93.7
z_70.5_13.5,2026,2,2026-T2,Stable,98.0,0.4,1.6,98.0
z_70.5_13.5,2026,3,2026-T3,Stable,92.9,3.6,3.5,92.9
z_70.5_13.5,2026,4,2026-T4,Stable,96.0,1.0,3.0,96.0
z_70.5_13.5,2027,1,2027-T1,Stable,95.0,1.6,3.4,95.0
z_70.5_13.5,2027,2,2027-T2,Stable,97.2,0.5,2.2,97.2
z_70.5_13.5,2027,3,2027-T3,Stable,96.0,1.0,3.0,96.0
z_70.5_13.5,2027,4,2027-T4,Stable,96.0,1.0,3.0,96.0
z_70.5_13.5,2028,1,2028-T1,Stable,95.0,1.6,3.4,95.0
z_70.5_13.5,2028,2,2028-T2,Stable,97.2,0.5,2.2,97.2
z_70.5_13.5,2028,3,2028-T3,Stable,95.7,0.9,3.4,95.7
z_70.5_13.5,2028,4,2028-T4,Stable,96.0,1.0,3.0,96.0
z_70.5_13.5,2029,1,2029-T1,Stable,95.0,1.6,3.4,95.0
z_70.5_13.5,2029,2,2029-T2,Stable,97.2,0.5,2.2,97.2
z_70.5_13.5,2029,3,2029-T3,Stable,95.9,0.9,3.2,95.9
z_70.5_13.5,2029,4,2029-T4,Stable,96.0,1.0,3.0,96.0
z_70.5_13.5,2030,1,2030-T1,Stable,95.0,1.6,3.4,95.0
z_70.5_13.5,2030,2,2030-T2,Stable,97.2,0.5,2.2,97.2
z_70.5_13.5,2030,3,2030-T3,Stable,95.2,1.1,3.7,95.2
z_70.5_13.5,2030,4,2030-T4,Stable,96.0,1.0,3.0,96.0
z_70.5_16.5,2023,1,2023-T1,Stable,91.9,5.1,3.0,91.9
z_70.5_16.5,2023,2,2023-T2,Stable,92.7,2.8,4.5,92.7
z_70.5_16.5,2023,3,2023-T3,Diminution,85.7,2.8,85.7,11.5
z_70.5_16.5,2023,4,2023-T4,Stable,81.3,3.8,14.9,81.3
z_70.5_16.5,2024,1,2024-T1,Stable,90.0,6.5,3.5,90.0
z_70.5_16.5,2024,2,2024-T2,Stable,92.7,2.8,4.5,92.7
z_70.5_16.5,2024,3,2024-T3,Diminution,85.7,2.8,85.7,11.5
z_70.5_16.5,2024,4,2024-T4,Stable,81.3,3.8,14.9,81.3
z_70.5_16.5,2025,1,2025-T1,Stable,88.5,6.7,4.8,88.5
z_70.5_16.5,2025,2,2025-T2,Stable,95.0,2.3,2.7,95.0
z_70.5_16.5,2025,3,2025-T3,Diminution,90.0,0.9,90.0,9.1
z_70.5_16.5,2025,4,2025-T4,Stable,93.4,3.3,3.3,93.4
z_70.5_16.5,2026,1,2026-T1,Stable,87.2,6.0,6.8,87.2
z_70.5_16.5,2026,2,2026-T2,Stable,95.0,2.3,2.7,95.0
z_70.5_16.5,2026,3,2026-T3,Diminution,90.0,0.9,90.0,9.1
z_70.5_16.5,2026,4,2026-T4,Stable,93.4,3.3,3.3,93.4
z_70.5_16.5,2027,1,2027-T1,Stable,86.2,5.9,7.9,86.2
z_70.5_16.5,2027,2,2027-T2,Stable,95.0,2.3,2.7,95.0
z_70.5_16.5,2027,3,2027-T3,Diminution,90.0,0.9,90.0,9.1
z_70.5_16.5,2027,4,2027-T4,Stable,93.4,3.3,3.3,93.4
z_70.5_16.5,2028,1,2028-T1,Stable,88.4,5.3,6.3,88.4
z_70.5_16.5,2028,2,2028-T2,Stable,95.0,2.3,2.7,95.0
z_70.5_16.5,2028,3,2028-T3,Diminution,90.0,0.9,90.0,9.1
z_70.5_16.5,2028,4,2028-T4,Stable,93.4,3.3,3.3,93.4
z_70.5_16.5,2029,1,2029-T1,Stable,91.5,4.7,3.7,91.5
z_70.5_16.5,2029,2,2029-T2,Stable,95.0,2.3,2.7,95.0
z_70.5_16.5,2029,3,2029-T3,Diminution,90.0,0.9,90.0,9.1
z_70.5_16.5,2029,4,2029-T4,Stable,93.4,3.3,3.3,93.4
z_70.5_16.5,2030,1,2030-T1,Stable,91.6,5.5,3.0,91.6
z_70.5_16.5,2030,2,2030-T2,Stable,95.0,2.3,2.7,95.0
z_70.5_16.5,2030,3,2030-T3,Diminution,90.0,0.9,90.0,9.1
z_70.5_16.5,2030,4,2030-T4,Stable,93.4,3.3,3.3,93.4
z_70.5_18.0,2023,1,2023-T1,Stable,93.3,3.5,3.2,93.3
z_70.5_18.0,2023,2,2023-T2,Stable,96.3,1.3,2.4,96.3
z_70.5_18.0,2023,3,2023-T3,Stable,95.4,1.8,2.8,95.4
z_70.5_18.0,2023,4,2023-T4,Stable,94.9,2.3,2.8,94.9
z_70.5_18.0,2024,1,2024-T1,Stable,91.3,4.3,4.4,91.3
z_70.5_18.0,2024,2,2024-T2,Stable,95.5,1.6,2.9,95.5
z_70.5_18.0,2024,3,2024-T3,Stable,96.8,1.4,1.8,96.8
z_70.5_18.0,2024,4,2024-T4,Stable,91.3,5.6,3.1,91.3
z_70.5_18.0,2025,1,2025-T1,Stable,93.3,3.5,3.2,93.3
z_70.5_18.0,2025,2,2025-T2,Stable,96.3,1.3,2.4,96.3
z_70.5_18.0,2025,3,2025-T3,Stable,95.4,1.8,2.8,95.4
z_70.5_18.0,2025,4,2025-T4,Stable,94.7,2.5,2.7,94.7
z_70.5_18.0,2026,1,2026-T1,Stable,91.3,4.3,4.4,91.3
z_70.5_18.0,2026,2,2026-T2,Stable,95.5,1.6,2.9,95.5
z_70.5_18.0,2026,3,2026-T3,Stable,96.8,1.4,1.8,96.8
z_70.5_18.0,2026,4,2026-T4,Stable,91.6,5.2,3.2,91.6
z_70.5_18.0,2027,1,2027-T1,Stable,93.3,3.5,3.2,93.3
z_70.5_18.0,2027,2,2027-T2,Stable,96.3,1.3,2.4,96.3
z_70.5_18.0,2027,3,2027-T3,Stable,95.4,1.8,2.8,95.4
z_70.5_18.0,2027,4,2027-T4,Stable,94.4,2.5,3.1,94.4
z_70.5_18.0,2028,1,2028-T1,Stable,93.3,3.5,3.2,93.3
z_70.5_18.0,2028,2,2028-T2,Stable,96.3,1.3,2.4,96.3
z_70.5_18.0,2028,3,2028-T3,Stable,95.4,1.8,2.8,95.4
z_70.5_18.0,2028,4,2028-T4,Stable,92.8,3.5,3.7,92.8
z_70.5_18.0,2029,1,2029-T1,Stable,93.3,3.5,3.2,93.3
z_70.5_18.0,2029,2,2029-T2,Stable,96.3,1.3,2.4,96.3
z_70.5_18.0,2029,3,2029-T3,Stable,95.4,1.8,2.8,95.4
z_70.5_18.0,2029,4,2029-T4,Stable,94.5,2.3,3.1,94.5
z_70.5_18.0,2030,1,2030-T1,Stable,93.3,3.5,3.2,93.3
z_70.5_18.0,2030,2,2030-T2,Stable,96.3,1.3,2.4,96.3
z_70.5_18.0,2030,3,2030-T3,Stable,95.4,1.8,2.8,95.4
z_70.5_18.0,2030,4,2030-T4,Stable,94.1,2.5,3.4,94.1
z_70.5_19.5,2023,1,2023-T1,Stable,90.8,5.2,4.0,90.8
z_70.5_19.5,2023,2,2023-T2,Stable,94.5,2.9,2.6,94.5
z_70.5_19.5,2023,3,2023-T3,Stable,93.2,3.4,3.4,93.2
z_70.5_19.5,2023,4,2023-T4,Stable,92.9,3.7,3.4,92.9
z_70.5_19.5,2024,1,2024-T1,Stable,92.0,4.1,3.9,92.0
z_70.5_19.5,2024,2,2024-T2,Stable,94.5,2.9,2.6,94.5
z_70.5_19.5,2024,3,2024-T3,Stable,93.2,3.4,3.4,93.2
z_70.5_19.5,2024,4,2024-T4,Stable,92.9,3.7,3.4,92.9
z_70.5_19.5,2025,1,2025-T1,Stable,87.7,6.1,6.2,87.7
z_70.5_19.5,2025,2,2025-T2,Stable,91.2,4.8,4.0,91.2
z_70.5_19.5,2025,3,2025-T3,Stable,78.9,6.7,14.3,78.9
z_70.5_19.5,2025,4,2025-T4,Stable,85.8,10.0,4.2,85.8
z_70.5_19.5,2026,1,2026-T1,Stable,93.5,3.8,2.7,93.5
z_70.5_19.5,2026,2,2026-T2,Stable,90.2,7.1,2.7,90.2
z_70.5_19.5,2026,3,2026-T3,Stable,93.2,3.4,3.4,93.2
z_70.5_19.5,2026,4,2026-T4,Stable,90.3,4.8,4.9,90.3
z_70.5_19.5,2027,1,2027-T1,Stable,92.0,4.1,3.9,92.0
z_70.5_19.5,2027,2,2027-T2,Stable,93.8,3.6,2.6,93.8
z_70.5_19.5,2027,3,2027-T3,Stable,93.2,3.4,3.4,93.2
z_70.5_19.5,2027,4,2027-T4,Stable,89.6,4.7,5.7,89.6
z_70.5_19.5,2028,1,2028-T1,Stable,92.0,4.1,3.9,92.0
z_70.5_19.5,2028,2,2028-T2,Stable,93.3,3.8,2.9,93.3
z_70.5_19.5,2028,3,2028-T3,Stable,93.2,3.4,3.4,93.2
z_70.5_19.5,2028,4,2028-T4,Stable,90.6,4.4,5.0,90.6
z_70.5_19.5,2029,1,2029-T1,Stable,92.0,4.1,3.9,92.0
z_70.5_19.5,2029,2,2029-T2,Stable,91.6,5.6,2.8,91.6
z_70.5_19.5,2029,3,2029-T3,Stable,93.2,3.4,3.4,93.2
z_70.5_19.5,2029,4,2029-T4,Stable,90.8,4.9,4.3,90.8
z_70.5_19.5,2030,1,2030-T1,Stable,92.0,4.1,3.9,92.0
z_70.5_19.5,2030,2,2030-T2,Stable,92.1,5.0,2.9,92.1
z_70.5_19.5,2030,3,2030-T3,Stable,93.2,3.4,3.4,93.2
z_70.5_19.5,2030,4,2030-T4,Stable,92.9,3.7,3.4,92.9
z_70.5_21.0,2023,1,2023-T1,Stable,90.8,5.6,3.6,90.8
z_70.5_21.0,2023,2,2023-T2,Stable,93.4,2.5,4.1,93.4
z_70.5_21.0,2023,3,2023-T3,Stable,91.7,3.5,4.8,91.7
z_70.5_21.0,2023,4,2023-T4,Stable,82.4,3.8,13.7,82.4
z_70.5_21.0,2024,1,2024-T1,Stable,88.1,8.3,3.6,88.1
z_70.5_21.0,2024,2,2024-T2,Stable,96.3,1.6,2.2,96.3
z_70.5_21.0,2024,3,2024-T3,Stable,94.8,2.2,3.0,94.8
z_70.5_21.0,2024,4,2024-T4,Stable,94.5,2.5,3.0,94.5
z_70.5_21.0,2025,1,2025-T1,Stable,88.0,5.9,6.1,88.0
z_70.5_21.0,2025,2,2025-T2,Stable,95.3,2.0,2.7,95.3
z_70.5_21.0,2025,3,2025-T3,Stable,96.4,1.7,1.9,96.4
z_70.5_21.0,2025,4,2025-T4,Stable,88.9,7.9,3.2,88.9
z_70.5_21.0,2026,1,2026-T1,Stable,89.0,5.2,5.8,89.0
z_70.5_21.0,2026,2,2026-T2,Stable,96.3,1.6,2.2,96.3
z_70.5_21.0,2026,3,2026-T3,Stable,94.8,2.2,3.0,94.8
z_70.5_21.0,2026,4,2026-T4,Stable,94.4,2.7,2.9,94.4
z_70.5_21.0,2027,1,2027-T1,Stable,90.7,4.8,4.5,90.7
z_70.5_21.0,2027,2,2027-T2,Stable,96.3,1.6,2.2,96.3
z_70.5_21.0,2027,3,2027-T3,Stable,94.8,2.2,3.0,94.8
z_70.5_21.0,2027,4,2027-T4,Stable,94.1,2.5,3.3,94.1
z_70.5_21.0,2028,1,2028-T1,Stable,90.1,5.4,4.5,90.1
z_70.5_21.0,2028,2,2028-T2,Stable,96.3,1.6,2.2,96.3
z_70.5_21.0,2028,3,2028-T3,Stable,94.8,2.2,3.0,94.8
z_70.5_21.0,2028,4,2028-T4,Stable,94.3,2.5,3.2,94.3
z_70.5_21.0,2029,1,2029-T1,Stable,91.3,5.6,3.1,91.3
z_70.5_21.0,2029,2,2029-T2,Stable,96.3,1.6,2.2,96.3
z_70.5_21.0,2029,3,2029-T3,Stable,94.8,2.2,3.0,94.8
z_70.5_21.0,2029,4,2029-T4,Stable,93.7,2.7,3.6,93.7
z_70.5_21.0,2030,1,2030-T1,Stable,91.3,5.6,3.1,91.3
z_70.5_21.0,2030,2,2030-T2,Stable,96.3,1.6,2.2,96.3
z_70.5_21.0,2030,3,2030-T3,Stable,94.8,2.2,3.0,94.8
z_70.5_21.0,2030,4,2030-T4,Stable,94.5,2.5,3.0,94.5
z_70.5_22.5,2023,1,2023-T1,Stable,80.1,16.2,3.6,80.1
z_70.5_22.5,2023,2,2023-T2,Diminution,86.4,1.6,86.4,12.1
z_70.5_22.5,2023,3,2023-T3,Stable,90.5,5.5,4.0,90.5
z_70.5_22.5,2023,4,2023-T4,Stable,93.0,4.7,2.3,93.0
z_70.5_22.5,2024,1,2024-T1,Stable,79.2,17.1,3.7,79.2
z_70.5_22.5,2024,2,2024-T2,Diminution,87.9,1.0,87.9,11.1
z_70.5_22.5,2024,3,2024-T3,Stable,91.0,5.3,3.8,91.0
z_70.5_22.5,2024,4,2024-T4,Stable,91.3,6.2,2.5,91.3
z_70.5_22.5,2025,1,2025-T1,Stable,82.7,12.7,4.7,82.7
z_70.5_22.5,2025,2,2025-T2,Diminution,82.9,2.1,82.9,15.0
z_70.5_22.5,2025,3,2025-T3,Stable,69.6,25.6,4.8,69.6
z_70.5_22.5,2025,4,2025-T4,Stable,63.7,30.2,6.1,63.7
z_70.5_22.5,2026,1,2026-T1,Stable,56.1,40.1,3.8,56.1
z_70.5_22.5,2026,2,2026-T2,Diminution,81.6,3.5,81.6,14.9
z_70.5_22.5,2026,3,2026-T3,Stable,90.2,6.7,3.1,90.2
z_70.5_22.5,2026,4,2026-T4,Stable,89.6,6.8,3.6,89.6
z_70.5_22.5,2027,1,2027-T1,Stable,79.3,15.1,5.6,79.3
z_70.5_22.5,2027,2,2027-T2,Diminution,87.7,0.9,87.7,11.4
z_70.5_22.5,2027,3,2027-T3,Stable,93.0,4.2,2.8,93.0
z_70.5_22.5,2027,4,2027-T4,Stable,89.6,6.8,3.6,89.6
z_70.5_22.5,2028,1,2028-T1,Stable,76.8,15.7,7.6,76.8
z_70.5_22.5,2028,2,2028-T2,Diminution,87.4,1.1,87.4,11.6
z_70.5_22.5,2028,3,2028-T3,Stable,92.1,4.6,3.3,92.1
z_70.5_22.5,2028,4,2028-T4,Stable,90.9,6.0,3.1,90.9
z_70.5_22.5,2029,1,2029-T1,Stable,80.2,13.3,6.5,80.2
z_70.5_22.5,2029,2,2029-T2,Diminution,87.4,0.8,87.4,11.8
z_70.5_22.5,2029,3,2029-T3,Stable,92.3,4.8,2.8,92.3
z_70.5_22.5,2029,4,2029-T4,Stable,90.2,6.8,3.0,90.2
z_70.5_22.5,2030,1,2030-T1,Stable,78.1,17.2,4.7,78.1
z_70.5_22.5,2030,2,2030-T2,Diminution,87.5,1.0,87.5,11.5
z_70.5_22.5,2030,3,2030-T3,Stable,93.0,4.2,2.8,93.0
z_70.5_22.5,2030,4,2030-T4,Stable,90.5,6.7,2.9,90.5
z_70.5_24.0,2023,1,2023-T1,Stable,61.2,32.1,6.7,61.2
z_70.5_24.0,2023,2,2023-T2,Stable,77.0,15.3,7.7,77.0
z_70.5_24.0,2023,3,2023-T3,Augmentation,55.2,55.2,4.8,40.0
z_70.5_24.0,2023,4,2023-T4,Stable,56.0,34.2,9.7,56.0
z_70.5_24.0,2024,1,2024-T1,Stable,49.2,44.6,6.2,49.2
z_70.5_24.0,2024,2,2024-T2,Stable,60.8,32.5,6.6,60.8
z_70.5_24.0,2024,3,2024-T3,Stable,65.3,26.5,8.2,65.3
z_70.5_24.0,2024,4,2024-T4,Stable,66.3,27.2,6.6,66.3
z_70.5_24.0,2025,1,2025-T1,Stable,62.9,30.9,6.2,62.9
z_70.5_24.0,2025,2,2025-T2,Stable,74.1,19.2,6.6,74.1
z_70.5_24.0,2025,3,2025-T3,Stable,78.6,14.3,7.2,78.6
z_70.5_24.0,2025,4,2025-T4,Stable,85.2,9.9,5.0,85.2
z_70.5_24.0,2026,1,2026-T1,Stable,73.1,18.0,8.9,73.1
z_70.5_24.0,2026,2,2026-T2,Stable,86.2,7.5,6.4,86.2
z_70.5_24.0,2026,3,2026-T3,Stable,83.3,11.1,5.6,83.3
z_70.5_24.0,2026,4,2026-T4,Stable,84.2,9.7,6.0,84.2
z_70.5_24.0,2027,1,2027-T1,Stable,72.8,20.1,7.1,72.8
z_70.5_24.0,2027,2,2027-T2,Stable,83.9,9.0,7.1,83.9
z_70.5_24.0,2027,3,2027-T3,Stable,84.4,10.4,5.2,84.4
z_70.5_24.0,2027,4,2027-T4,Stable,85.3,8.8,5.9,85.3
z_70.5_24.0,2028,1,2028-T1,Stable,71.8,21.1,7.1,71.8
z_70.5_24.0,2028,2,2028-T2,Stable,82.3,11.9,5.8,82.3
z_70.5_24.0,2028,3,2028-T3,Stable,85.5,9.1,5.4,85.5
z_70.5_24.0,2028,4,2028-T4,Stable,86.5,8.6,5.0,86.5
z_70.5_24.0,2029,1,2029-T1,Stable,75.2,18.6,6.3,75.2
z_70.5_24.0,2029,2,2029-T2,Stable,87.1,7.3,5.6,87.1
z_70.5_24.0,2029,3,2029-T3,Stable,85.5,9.1,5.4,85.5
z_70.5_24.0,2029,4,2029-T4,Stable,87.6,8.1,4.3,87.6
z_70.5_24.0,2030,1,2030-T1,Stable,73.5,20.5,5.9,73.5
z_70.5_24.0,2030,2,2030-T2,Stable,88.2,6.1,5.6,88.2
z_70.5_24.0,2030,3,2030-T3,Stable,85.5,9.1,5.4,85.5
z_70.5_24.0,2030,4,2030-T4,Stable,87.6,8.1,4.3,87.6
z_70.5_25.5,2023,1,2023-T1,Stable,76.2,17.3,6.5,76.2
z_70.5_25.5,2023,2,2023-T2,Stable,79.2,16.2,4.6,79.2
z_70.5_25.5,2023,3,2023-T3,Stable,91.6,5.7,2.7,91.6
z_70.5_25.5,2023,4,2023-T4,Stable,90.1,5.9,4.0,90.1
z_70.5_25.5,2024,1,2024-T1,Stable,75.9,17.9,6.3,75.9
z_70.5_25.5,2024,2,2024-T2,Stable,84.8,11.7,3.5,84.8
z_70.5_25.5,2024,3,2024-T3,Stable,91.1,6.5,2.4,91.1
z_70.5_25.5,2024,4,2024-T4,Stable,90.6,5.7,3.7,90.6
z_70.5_25.5,2025,1,2025-T1,Stable,77.4,18.3,4.4,77.4
z_70.5_25.5,2025,2,2025-T2,Stable,87.1,9.5,3.4,87.1
z_70.5_25.5,2025,3,2025-T3,Stable,90.5,7.1,2.5,90.5
z_70.5_25.5,2025,4,2025-T4,Stable,92.9,3.7,3.4,92.9
z_70.5_25.5,2026,1,2026-T1,Stable,78.9,17.7,3.4,78.9
z_70.5_25.5,2026,2,2026-T2,Stable,84.0,11.6,4.4,84.0
z_70.5_25.5,2026,3,2026-T3,Stable,90.3,6.9,2.7,90.3
z_70.5_25.5,2026,4,2026-T4,Stable,92.9,3.7,3.4,92.9
z_70.5_25.5,2027,1,2027-T1,Stable,78.9,17.7,3.4,78.9
z_70.5_25.5,2027,2,2027-T2,Stable,83.7,12.0,4.2,83.7
z_70.5_25.5,2027,3,2027-T3,Stable,86.1,10.9,3.0,86.1
z_70.5_25.5,2027,4,2027-T4,Stable,92.9,3.7,3.4,92.9
z_70.5_25.5,2028,1,2028-T1,Stable,78.9,17.7,3.4,78.9
z_70.5_25.5,2028,2,2028-T2,Stable,84.5,11.6,4.0,84.5
z_70.5_25.5,2028,3,2028-T3,Stable,83.2,14.0,2.9,83.2
z_70.5_25.5,2028,4,2028-T4,Stable,92.9,3.7,3.4,92.9
z_70.5_25.5,2029,1,2029-T1,Stable,78.9,17.7,3.4,78.9
z_70.5_25.5,2029,2,2029-T2,Stable,84.5,11.6,4.0,84.5
z_70.5_25.5,2029,3,2029-T3,Stable,90.5,6.9,2.7,90.5
z_70.5_25.5,2029,4,2029-T4,Stable,92.9,3.7,3.4,92.9
z_70.5_25.5,2030,1,2030-T1,Stable,78.9,17.7,3.4,78.9
z_70.5_25.5,2030,2,2030-T2,Stable,84.5,11.6,4.0,84.5
z_70.5_25.5,2030,3,2030-T3,Stable,91.6,5.7,2.7,91.6
z_70.5_25.5,2030,4,2030-T4,Stable,92.9,3.7,3.4,92.9
z_70.5_27.0,2023,1,2023-T1,Stable,91.3,5.6,3.1,91.3
z_70.5_27.0,2023,2,2023-T2,Stable,94.8,3.0,2.2,94.8
z_70.5_27.0,2023,3,2023-T3,Diminution,90.6,0.4,90.6,9.0
z_70.5_27.0,2023,4,2023-T4,Stable,93.7,3.0,3.3,93.7
z_70.5_27.0,2024,1,2024-T1,Stable,88.8,7.6,3.5,88.8
z_70.5_27.0,2024,2,2024-T2,Stable,93.2,3.9,2.8,93.2
z_70.5_27.0,2024,3,2024-T3,Diminution,90.6,0.4,90.6,9.0
z_70.5_27.0,2024,4,2024-T4,Stable,91.2,4.9,3.9,91.2
z_70.5_27.0,2025,1,2025-T1,Stable,89.2,6.4,4.4,89.2
z_70.5_27.0,2025,2,2025-T2,Stable,95.0,2.8,2.3,95.0
z_70.5_27.0,2025,3,2025-T3,Diminution,90.7,0.6,90.7,8.7
z_70.5_27.0,2025,4,2025-T4,Stable,91.2,4.9,3.9,91.2
z_70.5_27.0,2026,1,2026-T1,Stable,87.0,8.7,4.2,87.0
z_70.5_27.0,2026,2,2026-T2,Stable,95.3,2.6,2.1,95.3
z_70.5_27.0,2026,3,2026-T3,Diminution,89.9,0.7,89.9,9.4
z_70.5_27.0,2026,4,2026-T4,Stable,93.7,3.0,3.3,93.7
z_70.5_27.0,2027,1,2027-T1,Stable,91.5,5.4,3.1,91.5
z_70.5_27.0,2027,2,2027-T2,Stable,95.1,2.7,2.2,95.1
z_70.5_27.0,2027,3,2027-T3,Diminution,89.7,0.6,89.7,9.7
z_70.5_27.0,2027,4,2027-T4,Stable,93.7,3.0,3.3,93.7
z_70.5_27.0,2028,1,2028-T1,Stable,91.5,5.4,3.1,91.5
z_70.5_27.0,2028,2,2028-T2,Stable,95.1,2.7,2.2,95.1
z_70.5_27.0,2028,3,2028-T3,Diminution,89.2,0.6,89.2,10.2
z_70.5_27.0,2028,4,2028-T4,Stable,93.7,3.0,3.3,93.7
z_70.5_27.0,2029,1,2029-T1,Stable,91.5,5.4,3.1,91.5
z_70.5_27.0,2029,2,2029-T2,Stable,95.1,2.7,2.2,95.1
z_70.5_27.0,2029,3,2029-T3,Diminution,89.4,0.6,89.4,10.0
z_70.5_27.0,2029,4,2029-T4,Stable,93.7,3.0,3.3,93.7
z_70.5_27.0,2030,1,2030-T1,Stable,91.5,5.4,3.1,91.5
z_70.5_27.0,2030,2,2030-T2,Stable,95.1,2.7,2.2,95.1
z_70.5_27.0,2030,3,2030-T3,Diminution,90.2,0.5,90.2,9.3
z_70.5_27.0,2030,4,2030-T4,Stable,93.7,3.0,3.3,93.7
z_70.5_28.5,2023,1,2023-T1,Stable,92.7,3.7,3.6,92.7
z_70.5_28.5,2023,2,2023-T2,Stable,90.6,5.6,3.8,90.6
z_70.5_28.5,2023,3,2023-T3,Stable,92.5,5.0,2.5,92.5
z_70.5_28.5,2023,4,2023-T4,Stable,90.7,4.1,5.3,90.7
z_70.5_28.5,2024,1,2024-T1,Stable,88.7,6.0,5.4,88.7
z_70.5_28.5,2024,2,2024-T2,Stable,84.0,6.5,9.6,84.0
z_70.5_28.5,2024,3,2024-T3,Stable,90.2,6.6,3.2,90.2
z_70.5_28.5,2024,4,2024-T4,Stable,91.9,4.3,3.8,91.9
z_70.5_28.5,2025,1,2025-T1,Stable,90.6,5.2,4.2,90.6
z_70.5_28.5,2025,2,2025-T2,Stable,95.9,2.5,1.6,95.9
z_70.5_28.5,2025,3,2025-T3,Stable,89.0,6.9,4.0,89.0
z_70.5_28.5,2025,4,2025-T4,Stable,93.4,3.5,3.1,93.4
z_70.5_28.5,2026,1,2026-T1,Stable,92.7,3.7,3.6,92.7
z_70.5_28.5,2026,2,2026-T2,Stable,94.5,3.4,2.1,94.5
z_70.5_28.5,2026,3,2026-T3,Stable,89.8,5.2,5.1,89.8
z_70.5_28.5,2026,4,2026-T4,Stable,93.4,3.5,3.1,93.4
z_70.5_28.5,2027,1,2027-T1,Stable,92.7,3.7,3.6,92.7
z_70.5_28.5,2027,2,2027-T2,Stable,94.5,3.4,2.1,94.5
z_70.5_28.5,2027,3,2027-T3,Stable,87.3,8.1,4.7,87.3
z_70.5_28.5,2027,4,2027-T4,Stable,93.4,3.5,3.1,93.4
z_70.5_28.5,2028,1,2028-T1,Stable,92.7,3.7,3.6,92.7
z_70.5_28.5,2028,2,2028-T2,Stable,94.5,3.4,2.1,94.5
z_70.5_28.5,2028,3,2028-T3,Stable,85.1,11.4,3.5,85.1
z_70.5_28.5,2028,4,2028-T4,Stable,93.4,3.5,3.1,93.4
z_70.5_28.5,2029,1,2029-T1,Stable,92.7,3.7,3.6,92.7
z_70.5_28.5,2029,2,2029-T2,Stable,94.5,3.4,2.1,94.5
z_70.5_28.5,2029,3,2029-T3,Stable,91.4,6.2,2.4,91.4
z_70.5_28.5,2029,4,2029-T4,Stable,93.4,3.5,3.1,93.4
z_70.5_28.5,2030,1,2030-T1,Stable,92.7,3.7,3.6,92.7
z_70.5_28.5,2030,2,2030-T2,Stable,94.5,3.4,2.1,94.5
z_70.5_28.5,2030,3,2030-T3,Stable,92.5,5.0,2.5,92.5
z_70.5_28.5,2030,4,2030-T4,Stable,93.4,3.5,3.1,93.4
z_70.5_30.0,2023,1,2023-T1,Stable,89.5,6.8,3.7,89.5
z_70.5_30.0,2023,2,2023-T2,Stable,93.2,4.2,2.6,93.2
z_70.5_30.0,2023,3,2023-T3,Stable,90.5,6.7,2.8,90.5
z_70.5_30.0,2023,4,2023-T4,Stable,91.8,5.4,2.7,91.8
z_70.5_30.0,2024,1,2024-T1,Stable,86.4,8.5,5.0,86.4
z_70.5_30.0,2024,2,2024-T2,Stable,90.0,7.2,2.8,90.0
z_70.5_30.0,2024,3,2024-T3,Stable,94.2,3.7,2.0,94.2
z_70.5_30.0,2024,4,2024-T4,Stable,91.2,6.3,2.5,91.2
z_70.5_30.0,2025,1,2025-T1,Stable,88.7,8.0,3.3,88.7
z_70.5_30.0,2025,2,2025-T2,Stable,92.6,5.2,2.2,92.6
z_70.5_30.0,2025,3,2025-T3,Stable,89.7,5.0,5.3,89.7
z_70.5_30.0,2025,4,2025-T4,Stable,78.0,17.8,4.2,78.0
z_70.5_30.0,2026,1,2026-T1,Stable,62.0,29.5,8.5,62.0
z_70.5_30.0,2026,2,2026-T2,Stable,79.3,17.1,3.5,79.3
z_70.5_30.0,2026,3,2026-T3,Stable,93.1,4.5,2.3,93.1
z_70.5_30.0,2026,4,2026-T4,Stable,91.0,6.1,2.9,91.0
z_70.5_30.0,2027,1,2027-T1,Stable,91.0,5.5,3.5,91.0
z_70.5_30.0,2027,2,2027-T2,Stable,92.1,4.7,3.2,92.1
z_70.5_30.0,2027,3,2027-T3,Stable,90.9,6.2,3.0,90.9
z_70.5_30.0,2027,4,2027-T4,Stable,87.6,9.4,3.0,87.6
z_70.5_30.0,2028,1,2028-T1,Stable,91.0,5.5,3.5,91.0
z_70.5_30.0,2028,2,2028-T2,Stable,91.5,3.6,4.9,91.5
z_70.5_30.0,2028,3,2028-T3,Stable,90.8,6.0,3.2,90.8
z_70.5_30.0,2028,4,2028-T4,Stable,88.7,8.3,3.0,88.7
z_70.5_30.0,2029,1,2029-T1,Stable,91.0,5.5,3.5,91.0
z_70.5_30.0,2029,2,2029-T2,Stable,89.2,6.6,4.2,89.2
z_70.5_30.0,2029,3,2029-T3,Stable,87.8,9.3,2.9,87.8
z_70.5_30.0,2029,4,2029-T4,Stable,88.7,8.5,2.8,88.7
z_70.5_30.0,2030,1,2030-T1,Stable,91.0,5.5,3.5,91.0
z_70.5_30.0,2030,2,2030-T2,Stable,91.9,5.0,3.2,91.9
z_70.5_30.0,2030,3,2030-T3,Stable,90.5,6.7,2.8,90.5
z_70.5_30.0,2030,4,2030-T4,Stable,91.1,6.3,2.6,91.1
z_70.5_33.0,2023,1,2023-T1,Stable,91.2,5.2,3.6,91.2
z_70.5_33.0,2023,2,2023-T2,Stable,94.8,3.0,2.2,94.8
z_70.5_33.0,2023,3,2023-T3,Stable,93.4,3.5,3.1,93.4
z_70.5_33.0,2023,4,2023-T4,Stable,93.1,3.7,3.2,93.1
z_70.5_33.0,2024,1,2024-T1,Stable,90.9,5.0,4.1,90.9
z_70.5_33.0,2024,2,2024-T2,Stable,94.8,3.0,2.2,94.8
z_70.5_33.0,2024,3,2024-T3,Stable,93.4,3.5,3.1,93.4
z_70.5_33.0,2024,4,2024-T4,Stable,93.1,3.7,3.2,93.1
z_70.5_33.0,2025,1,2025-T1,Stable,90.5,5.9,3.6,90.5
z_70.5_33.0,2025,2,2025-T2,Stable,94.8,3.0,2.2,94.8
z_70.5_33.0,2025,3,2025-T3,Stable,93.4,3.5,3.1,93.4
z_70.5_33.0,2025,4,2025-T4,Stable,93.1,3.7,3.2,93.1
z_70.5_33.0,2026,1,2026-T1,Stable,89.7,5.8,4.4,89.7
z_70.5_33.0,2026,2,2026-T2,Stable,94.1,3.5,2.4,94.1
z_70.5_33.0,2026,3,2026-T3,Stable,95.2,2.7,2.2,95.2
z_70.5_33.0,2026,4,2026-T4,Stable,89.3,7.5,3.2,89.3
z_70.5_33.0,2027,1,2027-T1,Stable,92.4,3.8,3.7,92.4
z_70.5_33.0,2027,2,2027-T2,Stable,94.8,3.0,2.2,94.8
z_70.5_33.0,2027,3,2027-T3,Stable,93.4,3.5,3.1,93.4
z_70.5_33.0,2027,4,2027-T4,Stable,91.6,5.3,3.1,91.6
z_70.5_33.0,2028,1,2028-T1,Stable,92.4,3.8,3.7,92.4
z_70.5_33.0,2028,2,2028-T2,Stable,94.8,3.0,2.2,94.8
z_70.5_33.0,2028,3,2028-T3,Stable,93.4,3.5,3.1,93.4
z_70.5_33.0,2028,4,2028-T4,Stable,92.1,4.4,3.5,92.1
z_70.5_33.0,2029,1,2029-T1,Stable,92.4,3.8,3.7,92.4
z_70.5_33.0,2029,2,2029-T2,Stable,94.8,3.0,2.2,94.8
z_70.5_33.0,2029,3,2029-T3,Stable,93.4,3.5,3.1,93.4
z_70.5_33.0,2029,4,2029-T4,Stable,90.7,6.1,3.2,90.7
z_70.5_33.0,2030,1,2030-T1,Stable,92.4,3.8,3.7,92.4
z_70.5_33.0,2030,2,2030-T2,Stable,94.8,3.0,2.2,94.8
z_70.5_33.0,2030,3,2030-T3,Stable,93.4,3.5,3.1,93.4
z_70.5_33.0,2030,4,2030-T4,Stable,91.2,5.6,3.2,91.2
z_72.0_13.5,2023,1,2023-T1,Stable,93.3,3.2,3.5,93.3
z_72.0_13.5,2023,2,2023-T2,Stable,95.8,1.7,2.6,95.8
z_72.0_13.5,2023,3,2023-T3,Stable,92.7,3.1,4.1,92.7
z_72.0_13.5,2023,4,2023-T4,Stable,92.9,3.9,3.2,92.9
z_72.0_13.5,2024,1,2024-T1,Stable,93.8,3.8,2.4,93.8
z_72.0_13.5,2024,2,2024-T2,Stable,90.9,6.2,2.9,90.9
z_72.0_13.5,2024,3,2024-T3,Stable,94.4,2.4,3.2,94.4
z_72.0_13.5,2024,4,2024-T4,Stable,94.3,2.7,3.0,94.3
z_72.0_13.5,2025,1,2025-T1,Stable,91.1,4.2,4.7,91.1
z_72.0_13.5,2025,2,2025-T2,Stable,93.5,3.1,3.4,93.5
z_72.0_13.5,2025,3,2025-T3,Stable,95.8,1.9,2.3,95.8
z_72.0_13.5,2025,4,2025-T4,Stable,89.6,7.0,3.4,89.6
z_72.0_13.5,2026,1,2026-T1,Stable,93.3,3.2,3.5,93.3
z_72.0_13.5,2026,2,2026-T2,Stable,95.0,2.1,3.0,95.0
z_72.0_13.5,2026,3,2026-T3,Stable,94.4,2.4,3.2,94.4
z_72.0_13.5,2026,4,2026-T4,Stable,94.0,3.1,2.9,94.0
z_72.0_13.5,2027,1,2027-T1,Stable,93.3,3.2,3.5,93.3
z_72.0_13.5,2027,2,2027-T2,Stable,94.7,2.2,3.1,94.7
z_72.0_13.5,2027,3,2027-T3,Stable,94.4,2.4,3.2,94.4
z_72.0_13.5,2027,4,2027-T4,Stable,93.2,3.5,3.3,93.2
z_72.0_13.5,2028,1,2028-T1,Stable,93.3,3.2,3.5,93.3
z_72.0_13.5,2028,2,2028-T2,Stable,94.2,2.6,3.2,94.2
z_72.0_13.5,2028,3,2028-T3,Stable,94.4,2.4,3.2,94.4
z_72.0_13.5,2028,4,2028-T4,Stable,94.2,2.6,3.2,94.2
z_72.0_13.5,2029,1,2029-T1,Stable,93.3,3.2,3.5,93.3
z_72.0_13.5,2029,2,2029-T2,Stable,95.8,1.7,2.6,95.8
z_72.0_13.5,2029,3,2029-T3,Stable,94.4,2.4,3.2,94.4
z_72.0_13.5,2029,4,2029-T4,Stable,93.4,3.2,3.5,93.4
z_72.0_13.5,2030,1,2030-T1,Stable,93.3,3.2,3.5,93.3
z_72.0_13.5,2030,2,2030-T2,Stable,95.8,1.7,2.6,95.8
z_72.0_13.5,2030,3,2030-T3,Stable,94.4,2.4,3.2,94.4
z_72.0_13.5,2030,4,2030-T4,Stable,94.3,2.7,3.0,94.3
z_72.0_15.0,2023,1,2023-T1,Stable,93.4,3.3,3.3,93.4
z_72.0_15.0,2023,2,2023-T2,Stable,95.9,1.6,2.5,95.9
z_72.0_15.0,2023,3,2023-T3,Stable,94.7,2.3,3.0,94.7
z_72.0_15.0,2023,4,2023-T4,Stable,94.4,2.8,2.9,94.4
z_72.0_15.0,2024,1,2024-T1,Stable,90.9,4.7,4.5,90.9
z_72.0_15.0,2024,2,2024-T2,Stable,82.4,13.8,3.8,82.4
z_72.0_15.0,2024,3,2024-T3,Stable,77.1,19.7,3.2,77.1
z_72.0_15.0,2024,4,2024-T4,Stable,81.9,14.9,3.1,81.9
z_72.0_15.0,2025,1,2025-T1,Stable,88.7,8.0,3.3,88.7
z_72.0_15.0,2025,2,2025-T2,Stable,90.7,6.6,2.6,90.7
z_72.0_15.0,2025,3,2025-T3,Stable,94.7,2.3,3.0,94.7
z_72.0_15.0,2025,4,2025-T4,Stable,94.1,3.1,2.8,94.1
z_72.0_15.0,2026,1,2026-T1,Stable,93.1,3.5,3.3,93.1
z_72.0_15.0,2026,2,2026-T2,Stable,95.9,1.7,2.5,95.9
z_72.0_15.0,2026,3,2026-T3,Stable,94.7,2.3,3.0,94.7
z_72.0_15.0,2026,4,2026-T4,Stable,93.3,3.5,3.2,93.3
z_72.0_15.0,2027,1,2027-T1,Stable,92.0,4.4,3.6,92.0
z_72.0_15.0,2027,2,2027-T2,Stable,95.0,2.0,3.0,95.0
z_72.0_15.0,2027,3,2027-T3,Stable,94.7,2.3,3.0,94.7
z_72.0_15.0,2027,4,2027-T4,Stable,94.1,3.0,3.0,94.1
z_72.0_15.0,2028,1,2028-T1,Stable,93.4,3.3,3.4,93.4
z_72.0_15.0,2028,2,2028-T2,Stable,94.5,2.6,2.9,94.5
z_72.0_15.0,2028,3,2028-T3,Stable,94.7,2.3,3.0,94.7
z_72.0_15.0,2028,4,2028-T4,Stable,93.6,3.1,3.3,93.6
z_72.0_15.0,2029,1,2029-T1,Stable,92.7,3.7,3.7,92.7
z_72.0_15.0,2029,2,2029-T2,Stable,94.4,2.5,3.1,94.4
z_72.0_15.0,2029,3,2029-T3,Stable,94.7,2.3,3.0,94.7
z_72.0_15.0,2029,4,2029-T4,Stable,94.4,2.8,2.9,94.4
z_72.0_15.0,2030,1,2030-T1,Stable,93.4,3.3,3.3,93.4
z_72.0_15.0,2030,2,2030-T2,Stable,95.9,1.6,2.5,95.9
z_72.0_15.0,2030,3,2030-T3,Stable,94.7,2.3,3.0,94.7
z_72.0_15.0,2030,4,2030-T4,Stable,94.4,2.8,2.9,94.4
z_72.0_19.5,2023,1,2023-T1,Stable,94.4,2.3,3.2,94.4
z_72.0_19.5,2023,2,2023-T2,Stable,98.3,0.1,1.6,98.3
z_72.0_19.5,2023,3,2023-T3,Stable,96.2,0.3,3.5,96.2
z_72.0_19.5,2023,4,2023-T4,Stable,97.0,0.5,2.6,97.0
z_72.0_19.5,2024,1,2024-T1,Stable,96.0,1.3,2.7,96.0
z_72.0_19.5,2024,2,2024-T2,Stable,95.9,1.5,2.5,95.9
z_72.0_19.5,2024,3,2024-T3,Stable,97.4,0.2,2.4,97.4
z_72.0_19.5,2024,4,2024-T4,Stable,97.6,0.2,2.2,97.6
z_72.0_19.5,2025,1,2025-T1,Stable,96.1,0.8,3.2,96.1
z_72.0_19.5,2025,2,2025-T2,Stable,97.2,0.4,2.3,97.2
z_72.0_19.5,2025,3,2025-T3,Stable,97.4,0.2,2.4,97.4
z_72.0_19.5,2025,4,2025-T4,Stable,97.6,0.2,2.2,97.6
z_72.0_19.5,2026,1,2026-T1,Stable,97.3,0.2,2.5,97.3
z_72.0_19.5,2026,2,2026-T2,Stable,97.4,0.2,2.4,97.4
z_72.0_19.5,2026,3,2026-T3,Stable,97.4,0.2,2.4,97.4
z_72.0_19.5,2026,4,2026-T4,Stable,97.6,0.2,2.2,97.6
z_72.0_19.5,2027,1,2027-T1,Stable,95.6,0.9,3.5,95.6
z_72.0_19.5,2027,2,2027-T2,Stable,98.1,0.2,1.6,98.1
z_72.0_19.5,2027,3,2027-T3,Stable,97.4,0.2,2.4,97.4
z_72.0_19.5,2027,4,2027-T4,Stable,97.6,0.2,2.2,97.6
z_72.0_19.5,2028,1,2028-T1,Stable,97.5,0.2,2.3,97.5
z_72.0_19.5,2028,2,2028-T2,Stable,97.3,0.3,2.4,97.3
z_72.0_19.5,2028,3,2028-T3,Stable,97.4,0.2,2.4,97.4
z_72.0_19.5,2028,4,2028-T4,Stable,97.6,0.2,2.2,97.6
z_72.0_19.5,2029,1,2029-T1,Stable,97.5,0.2,2.3,97.5
z_72.0_19.5,2029,2,2029-T2,Stable,98.3,0.1,1.6,98.3
z_72.0_19.5,2029,3,2029-T3,Stable,97.4,0.2,2.4,97.4
z_72.0_19.5,2029,4,2029-T4,Stable,97.6,0.2,2.2,97.6
z_72.0_19.5,2030,1,2030-T1,Stable,97.5,0.2,2.3,97.5
z_72.0_19.5,2030,2,2030-T2,Stable,98.3,0.1,1.6,98.3
z_72.0_19.5,2030,3,2030-T3,Stable,97.4,0.2,2.4,97.4
z_72.0_19.5,2030,4,2030-T4,Stable,97.6,0.2,2.2,97.6
z_72.0_24.0,2023,1,2023-T1,Stable,92.8,3.5,3.7,92.8
z_72.0_24.0,2023,2,2023-T2,Stable,95.4,1.9,2.7,95.4
z_72.0_24.0,2023,3,2023-T3,Stable,92.3,3.8,4.0,92.3
z_72.0_24.0,2023,4,2023-T4,Stable,92.4,4.3,3.4,92.4
z_72.0_24.0,2024,1,2024-T1,Stable,94.0,3.3,2.7,94.0
z_72.0_24.0,2024,2,2024-T2,Stable,91.3,5.9,2.9,91.3
z_72.0_24.0,2024,3,2024-T3,Stable,94.1,2.5,3.4,94.1
z_72.0_24.0,2024,4,2024-T4,Stable,93.7,3.0,3.3,93.7
z_72.0_24.0,2025,1,2025-T1,Stable,92.8,3.5,3.7,92.8
z_72.0_24.0,2025,2,2025-T2,Stable,95.2,2.1,2.7,95.2
z_72.0_24.0,2025,3,2025-T3,Stable,94.1,2.5,3.4,94.1
z_72.0_24.0,2025,4,2025-T4,Stable,93.7,3.0,3.3,93.7
z_72.0_24.0,2026,1,2026-T1,Stable,92.8,3.5,3.7,92.8
z_72.0_24.0,2026,2,2026-T2,Stable,94.0,2.8,3.2,94.0
z_72.0_24.0,2026,3,2026-T3,Stable,94.1,2.5,3.4,94.1
z_72.0_24.0,2026,4,2026-T4,Stable,93.7,3.0,3.3,93.7
z_72.0_24.0,2027,1,2027-T1,Stable,92.8,3.5,3.7,92.8
z_72.0_24.0,2027,2,2027-T2,Stable,93.5,3.3,3.1,93.5
z_72.0_24.0,2027,3,2027-T3,Stable,94.1,2.5,3.4,94.1
z_72.0_24.0,2027,4,2027-T4,Stable,93.7,3.0,3.3,93.7
z_72.0_24.0,2028,1,2028-T1,Stable,92.8,3.5,3.7,92.8
z_72.0_24.0,2028,2,2028-T2,Stable,93.6,3.3,3.2,93.6
z_72.0_24.0,2028,3,2028-T3,Stable,94.1,2.5,3.4,94.1
z_72.0_24.0,2028,4,2028-T4,Stable,93.7,3.0,3.3,93.7
z_72.0_24.0,2029,1,2029-T1,Stable,92.8,3.5,3.7,92.8
z_72.0_24.0,2029,2,2029-T2,Stable,95.4,1.9,2.7,95.4
z_72.0_24.0,2029,3,2029-T3,Stable,94.1,2.5,3.4,94.1
z_72.0_24.0,2029,4,2029-T4,Stable,93.7,3.0,3.3,93.7
z_72.0_24.0,2030,1,2030-T1,Stable,92.8,3.5,3.7,92.8
z_72.0_24.0,2030,2,2030-T2,Stable,95.4,1.9,2.7,95.4
z_72.0_24.0,2030,3,2030-T3,Stable,94.1,2.5,3.4,94.1
z_72.0_24.0,2030,4,2030-T4,Stable,93.7,3.0,3.3,93.7
z_72.0_25.5,2023,1,2023-T1,Stable,93.1,3.5,3.5,93.1
z_72.0_25.5,2023,2,2023-T2,Stable,96.3,1.5,2.2,96.3
z_72.0_25.5,2023,3,2023-T3,Stable,93.1,3.2,3.7,93.1
z_72.0_25.5,2023,4,2023-T4,Stable,93.3,3.3,3.4,93.3
z_72.0_25.5,2024,1,2024-T1,Stable,94.1,3.7,2.2,94.1
z_72.0_25.5,2024,2,2024-T2,Stable,89.6,6.9,3.5,89.6
z_72.0_25.5,2024,3,2024-T3,Stable,93.5,3.0,3.5,93.5
z_72.0_25.5,2024,4,2024-T4,Stable,96.1,2.0,1.9,96.1
z_72.0_25.5,2025,1,2025-T1,Stable,86.2,10.2,3.5,86.2
z_72.0_25.5,2025,2,2025-T2,Stable,96.2,1.6,2.2,96.2
z_72.0_25.5,2025,3,2025-T3,Stable,94.8,2.2,3.0,94.8
z_72.0_25.5,2025,4,2025-T4,Stable,94.5,2.5,3.0,94.5
z_72.0_25.5,2026,1,2026-T1,Stable,92.8,3.6,3.6,92.8
z_72.0_25.5,2026,2,2026-T2,Stable,95.2,1.8,3.0,95.2
z_72.0_25.5,2026,3,2026-T3,Stable,94.8,2.2,3.0,94.8
z_72.0_25.5,2026,4,2026-T4,Stable,94.5,2.5,3.0,94.5
z_72.0_25.5,2027,1,2027-T1,Stable,91.7,4.4,4.0,91.7
z_72.0_25.5,2027,2,2027-T2,Stable,95.1,2.3,2.6,95.1
z_72.0_25.5,2027,3,2027-T3,Stable,94.8,2.2,3.0,94.8
z_72.0_25.5,2027,4,2027-T4,Stable,94.5,2.5,3.0,94.5
z_72.0_25.5,2028,1,2028-T1,Stable,93.4,3.2,3.4,93.4
z_72.0_25.5,2028,2,2028-T2,Stable,94.7,2.3,2.9,94.7
z_72.0_25.5,2028,3,2028-T3,Stable,94.8,2.2,3.0,94.8
z_72.0_25.5,2028,4,2028-T4,Stable,94.5,2.5,3.0,94.5
z_72.0_25.5,2029,1,2029-T1,Stable,92.2,3.8,4.0,92.2
z_72.0_25.5,2029,2,2029-T2,Stable,96.3,1.5,2.2,96.3
z_72.0_25.5,2029,3,2029-T3,Stable,94.8,2.2,3.0,94.8
z_72.0_25.5,2029,4,2029-T4,Stable,94.5,2.5,3.0,94.5
z_72.0_25.5,2030,1,2030-T1,Stable,93.1,3.5,3.5,93.1
z_72.0_25.5,2030,2,2030-T2,Stable,96.3,1.5,2.2,96.3
z_72.0_25.5,2030,3,2030-T3,Stable,94.8,2.2,3.0,94.8
z_72.0_25.5,2030,4,2030-T4,Stable,94.5,2.5,3.0,94.5
z_72.0_28.5,2023,1,2023-T1,Stable,92.8,3.2,4.0,92.8
z_72.0_28.5,2023,2,2023-T2,Stable,95.5,1.6,2.9,95.5
z_72.0_28.5,2023,3,2023-T3,Stable,94.1,2.4,3.5,94.1
z_72.0_28.5,2023,4,2023-T4,Stable,94.1,2.6,3.4,94.1
z_72.0_28.5,2024,1,2024-T1,Stable,92.8,3.2,4.0,92.8
z_72.0_28.5,2024,2,2024-T2,Stable,95.5,1.6,2.9,95.5
z_72.0_28.5,2024,3,2024-T3,Stable,94.1,2.4,3.5,94.1
z_72.0_28.5,2024,4,2024-T4,Stable,94.1,2.6,3.4,94.1
z_72.0_28.5,2025,1,2025-T1,Stable,92.8,3.2,4.0,92.8
z_72.0_28.5,2025,2,2025-T2,Stable,93.9,2.5,3.6,93.9
z_72.0_28.5,2025,3,2025-T3,Stable,93.1,3.1,3.8,93.1
z_72.0_28.5,2025,4,2025-T4,Stable,95.7,2.0,2.4,95.7
z_72.0_28.5,2026,1,2026-T1,Stable,86.5,9.4,4.0,86.5
z_72.0_28.5,2026,2,2026-T2,Stable,95.5,1.6,2.9,95.5
z_72.0_28.5,2026,3,2026-T3,Stable,94.1,2.4,3.5,94.1
z_72.0_28.5,2026,4,2026-T4,Stable,94.1,2.6,3.4,94.1
z_72.0_28.5,2027,1,2027-T1,Stable,92.4,3.5,4.1,92.4
z_72.0_28.5,2027,2,2027-T2,Stable,95.5,1.6,2.9,95.5
z_72.0_28.5,2027,3,2027-T3,Stable,94.1,2.4,3.5,94.1
z_72.0_28.5,2027,4,2027-T4,Stable,94.1,2.6,3.4,94.1
z_72.0_28.5,2028,1,2028-T1,Stable,91.5,4.2,4.4,91.5
z_72.0_28.5,2028,2,2028-T2,Stable,95.5,1.6,2.9,95.5
z_72.0_28.5,2028,3,2028-T3,Stable,94.1,2.4,3.5,94.1
z_72.0_28.5,2028,4,2028-T4,Stable,94.1,2.6,3.4,94.1
z_72.0_28.5,2029,1,2029-T1,Stable,93.1,2.9,4.0,93.1
z_72.0_28.5,2029,2,2029-T2,Stable,95.5,1.6,2.9,95.5
z_72.0_28.5,2029,3,2029-T3,Stable,94.1,2.4,3.5,94.1
z_72.0_28.5,2029,4,2029-T4,Stable,94.1,2.6,3.4,94.1
z_72.0_28.5,2030,1,2030-T1,Stable,91.7,3.9,4.4,91.7
z_72.0_28.5,2030,2,2030-T2,Stable,95.5,1.6,2.9,95.5
z_72.0_28.5,2030,3,2030-T3,Stable,94.1,2.4,3.5,94.1
z_72.0_28.5,2030,4,2030-T4,Stable,94.1,2.6,3.4,94.1
z_73.5_18.0,2023,1,2023-T1,Stable,90.9,4.5,4.6,90.9
z_73.5_18.0,2023,2,2023-T2,Stable,94.6,2.4,3.0,94.6
z_73.5_18.0,2023,3,2023-T3,Stable,95.2,3.1,1.7,95.2
z_73.5_18.0,2023,4,2023-T4,Stable,87.5,10.0,2.5,87.5
z_73.5_18.0,2024,1,2024-T1,Stable,90.9,4.5,4.6,90.9
z_73.5_18.0,2024,2,2024-T2,Stable,94.6,2.4,3.0,94.6
z_73.5_18.0,2024,3,2024-T3,Stable,95.2,3.1,1.7,95.2
z_73.5_18.0,2024,4,2024-T4,Stable,88.3,9.2,2.5,88.3
z_73.5_18.0,2025,1,2025-T1,Stable,93.0,3.3,3.7,93.0
z_73.5_18.0,2025,2,2025-T2,Stable,96.1,1.5,2.4,96.1
z_73.5_18.0,2025,3,2025-T3,Stable,91.8,5.1,3.1,91.8
z_73.5_18.0,2025,4,2025-T4,Stable,90.7,5.0,4.4,90.7
z_73.5_18.0,2026,1,2026-T1,Stable,94.1,3.6,2.3,94.1
z_73.5_18.0,2026,2,2026-T2,Stable,88.8,8.7,2.5,88.8
z_73.5_18.0,2026,3,2026-T3,Stable,93.3,4.2,2.5,93.3
z_73.5_18.0,2026,4,2026-T4,Stable,92.8,4.0,3.2,92.8
z_73.5_18.0,2027,1,2027-T1,Stable,93.0,3.3,3.7,93.0
z_73.5_18.0,2027,2,2027-T2,Stable,96.0,1.6,2.3,96.0
z_73.5_18.0,2027,3,2027-T3,Stable,93.3,4.2,2.5,93.3
z_73.5_18.0,2027,4,2027-T4,Stable,92.5,4.3,3.2,92.5
z_73.5_18.0,2028,1,2028-T1,Stable,93.0,3.3,3.7,93.0
z_73.5_18.0,2028,2,2028-T2,Stable,95.1,1.8,3.1,95.1
z_73.5_18.0,2028,3,2028-T3,Stable,93.3,4.2,2.5,93.3
z_73.5_18.0,2028,4,2028-T4,Stable,93.3,3.9,2.8,93.3
z_73.5_18.0,2029,1,2029-T1,Stable,93.0,3.3,3.7,93.0
z_73.5_18.0,2029,2,2029-T2,Stable,95.1,2.1,2.8,95.1
z_73.5_18.0,2029,3,2029-T3,Stable,93.3,4.2,2.5,93.3
z_73.5_18.0,2029,4,2029-T4,Stable,93.3,4.3,2.5,93.3
z_73.5_18.0,2030,1,2030-T1,Stable,93.0,3.3,3.7,93.0
z_73.5_18.0,2030,2,2030-T2,Stable,94.8,2.2,3.0,94.8
z_73.5_18.0,2030,3,2030-T3,Stable,93.3,4.2,2.5,93.3
z_73.5_18.0,2030,4,2030-T4,Stable,93.3,4.3,2.5,93.3
z_73.5_21.0,2023,1,2023-T1,Stable,91.4,4.7,4.0,91.4
z_73.5_21.0,2023,2,2023-T2,Stable,94.9,2.5,2.6,94.9
z_73.5_21.0,2023,3,2023-T3,Stable,92.8,4.6,2.6,92.8
z_73.5_21.0,2023,4,2023-T4,Stable,91.0,6.4,2.6,91.0
z_73.5_21.0,2024,1,2024-T1,Stable,90.7,4.7,4.6,90.7
z_73.5_21.0,2024,2,2024-T2,Stable,93.9,3.3,2.8,93.9
z_73.5_21.0,2024,3,2024-T3,Stable,94.7,3.3,1.9,94.7
z_73.5_21.0,2024,4,2024-T4,Stable,90.0,7.4,2.6,90.0
z_73.5_21.0,2025,1,2025-T1,Stable,92.7,3.5,3.8,92.7
z_73.5_21.0,2025,2,2025-T2,Stable,94.9,2.5,2.6,94.9
z_73.5_21.0,2025,3,2025-T3,Stable,92.8,4.6,2.6,92.8
z_73.5_21.0,2025,4,2025-T4,Stable,90.0,7.4,2.5,90.0
z_73.5_21.0,2026,1,2026-T1,Stable,92.7,3.5,3.8,92.7
z_73.5_21.0,2026,2,2026-T2,Stable,94.9,2.5,2.6,94.9
z_73.5_21.0,2026,3,2026-T3,Stable,92.8,4.6,2.6,92.8
z_73.5_21.0,2026,4,2026-T4,Stable,90.0,7.0,3.1,90.0
z_73.5_21.0,2027,1,2027-T1,Stable,92.7,3.5,3.8,92.7
z_73.5_21.0,2027,2,2027-T2,Stable,94.9,2.5,2.6,94.9
z_73.5_21.0,2027,3,2027-T3,Stable,92.8,4.6,2.6,92.8
z_73.5_21.0,2027,4,2027-T4,Stable,90.8,6.7,2.5,90.8
z_73.5_21.0,2028,1,2028-T1,Stable,92.7,3.5,3.8,92.7
z_73.5_21.0,2028,2,2028-T2,Stable,94.9,2.5,2.6,94.9
z_73.5_21.0,2028,3,2028-T3,Stable,92.8,4.6,2.6,92.8
z_73.5_21.0,2028,4,2028-T4,Stable,90.2,7.1,2.7,90.2
z_73.5_21.0,2029,1,2029-T1,Stable,92.7,3.5,3.8,92.7
z_73.5_21.0,2029,2,2029-T2,Stable,94.9,2.5,2.6,94.9
z_73.5_21.0,2029,3,2029-T3,Stable,92.8,4.6,2.6,92.8
z_73.5_21.0,2029,4,2029-T4,Stable,91.0,6.4,2.6,91.0
z_73.5_21.0,2030,1,2030-T1,Stable,92.7,3.5,3.8,92.7
z_73.5_21.0,2030,2,2030-T2,Stable,94.9,2.5,2.6,94.9
z_73.5_21.0,2030,3,2030-T3,Stable,92.8,4.6,2.6,92.8
z_73.5_21.0,2030,4,2030-T4,Stable,91.0,6.4,2.6,91.0
z_73.5_25.5,2023,1,2023-T1,Stable,97.5,0.3,2.2,97.5
z_73.5_25.5,2023,2,2023-T2,Stable,98.5,0.1,1.4,98.5
z_73.5_25.5,2023,3,2023-T3,Stable,97.8,0.2,2.1,97.8
z_73.5_25.5,2023,4,2023-T4,Stable,97.8,0.2,2.0,97.8
z_73.5_25.5,2024,1,2024-T1,Stable,95.7,0.7,3.6,95.7
z_73.5_25.5,2024,2,2024-T2,Stable,98.0,0.3,1.7,98.0
z_73.5_25.5,2024,3,2024-T3,Stable,98.5,0.1,1.4,98.5
z_73.5_25.5,2024,4,2024-T4,Stable,95.3,1.7,3.0,95.3
z_73.5_25.5,2025,1,2025-T1,Stable,97.5,0.3,2.2,97.5
z_73.5_25.5,2025,2,2025-T2,Stable,98.5,0.1,1.4,98.5
z_73.5_25.5,2025,3,2025-T3,Stable,97.8,0.2,2.1,97.8
z_73.5_25.5,2025,4,2025-T4,Stable,96.9,0.6,2.5,96.9
z_73.5_25.5,2026,1,2026-T1,Stable,97.5,0.3,2.2,97.5
z_73.5_25.5,2026,2,2026-T2,Stable,98.5,0.1,1.4,98.5
z_73.5_25.5,2026,3,2026-T3,Stable,97.8,0.2,2.1,97.8
z_73.5_25.5,2026,4,2026-T4,Stable,97.0,0.4,2.6,97.0
z_73.5_25.5,2027,1,2027-T1,Stable,97.5,0.3,2.2,97.5
z_73.5_25.5,2027,2,2027-T2,Stable,98.5,0.1,1.4,98.5
z_73.5_25.5,2027,3,2027-T3,Stable,97.8,0.2,2.1,97.8
z_73.5_25.5,2027,4,2027-T4,Stable,97.6,0.2,2.1,97.6
z_73.5_25.5,2028,1,2028-T1,Stable,97.5,0.3,2.2,97.5
z_73.5_25.5,2028,2,2028-T2,Stable,98.5,0.1,1.4,98.5
z_73.5_25.5,2028,3,2028-T3,Stable,97.8,0.2,2.1,97.8
z_73.5_25.5,2028,4,2028-T4,Stable,97.1,0.3,2.6,97.1
z_73.5_25.5,2029,1,2029-T1,Stable,97.5,0.3,2.2,97.5
z_73.5_25.5,2029,2,2029-T2,Stable,98.5,0.1,1.4,98.5
z_73.5_25.5,2029,3,2029-T3,Stable,97.8,0.2,2.1,97.8
z_73.5_25.5,2029,4,2029-T4,Stable,97.8,0.2,2.0,97.8
z_73.5_25.5,2030,1,2030-T1,Stable,97.5,0.3,2.2,97.5
z_73.5_25.5,2030,2,2030-T2,Stable,98.5,0.1,1.4,98.5
z_73.5_25.5,2030,3,2030-T3,Stable,97.8,0.2,2.1,97.8
z_73.5_25.5,2030,4,2030-T4,Stable,97.8,0.2,2.0,97.8
z_73.5_33.0,2023,1,2023-T1,Stable,93.0,3.6,3.4,93.0
z_73.5_33.0,2023,2,2023-T2,Stable,96.6,1.3,2.1,96.6
z_73.5_33.0,2023,3,2023-T3,Stable,95.1,1.9,3.0,95.1
z_73.5_33.0,2023,4,2023-T4,Stable,94.8,2.2,3.0,94.8
z_73.5_33.0,2024,1,2024-T1,Stable,93.0,3.6,3.4,93.0
z_73.5_33.0,2024,2,2024-T2,Stable,96.6,1.3,2.1,96.6
z_73.5_33.0,2024,3,2024-T3,Stable,95.1,1.9,3.0,95.1
z_73.5_33.0,2024,4,2024-T4,Stable,93.1,3.2,3.7,93.1
z_73.5_33.0,2025,1,2025-T1,Stable,91.6,4.2,4.2,91.6
z_73.5_33.0,2025,2,2025-T2,Stable,97.6,1.1,1.4,97.6
z_73.5_33.0,2025,3,2025-T3,Stable,88.2,8.5,3.3,88.2
z_73.5_33.0,2025,4,2025-T4,Stable,93.1,3.2,3.7,93.1
z_73.5_33.0,2026,1,2026-T1,Stable,91.6,4.2,4.2,91.6
z_73.5_33.0,2026,2,2026-T2,Stable,97.6,1.1,1.4,97.6
z_73.5_33.0,2026,3,2026-T3,Stable,89.6,7.1,3.2,89.6
z_73.5_33.0,2026,4,2026-T4,Stable,94.8,2.2,3.0,94.8
z_73.5_33.0,2027,1,2027-T1,Stable,93.0,3.6,3.4,93.0
z_73.5_33.0,2027,2,2027-T2,Stable,96.6,1.3,2.1,96.6
z_73.5_33.0,2027,3,2027-T3,Stable,94.9,1.8,3.3,94.9
z_73.5_33.0,2027,4,2027-T4,Stable,94.8,2.2,3.0,94.8
z_73.5_33.0,2028,1,2028-T1,Stable,93.0,3.6,3.4,93.0
z_73.5_33.0,2028,2,2028-T2,Stable,96.6,1.3,2.1,96.6
z_73.5_33.0,2028,3,2028-T3,Stable,94.1,2.3,3.7,94.1
z_73.5_33.0,2028,4,2028-T4,Stable,94.8,2.2,3.0,94.8
z_73.5_33.0,2029,1,2029-T1,Stable,93.0,3.6,3.4,93.0
z_73.5_33.0,2029,2,2029-T2,Stable,96.6,1.3,2.1,96.6
z_73.5_33.0,2029,3,2029-T3,Stable,92.5,3.4,4.1,92.5
z_73.5_33.0,2029,4,2029-T4,Stable,94.8,2.2,3.0,94.8
z_73.5_33.0,2030,1,2030-T1,Stable,93.0,3.6,3.4,93.0
z_73.5_33.0,2030,2,2030-T2,Stable,96.6,1.3,2.1,96.6
z_73.5_33.0,2030,3,2030-T3,Stable,94.2,2.2,3.6,94.2
z_73.5_33.0,2030,4,2030-T4,Stable,94.8,2.2,3.0,94.8
z_73.5_34.5,2023,1,2023-T1,Stable,94.0,3.6,2.4,94.0
z_73.5_34.5,2023,2,2023-T2,Stable,91.3,6.2,2.4,91.3
z_73.5_34.5,2023,3,2023-T3,Stable,94.2,2.6,3.2,94.2
z_73.5_34.5,2023,4,2023-T4,Stable,94.1,2.9,3.0,94.1
z_73.5_34.5,2024,1,2024-T1,Stable,93.1,3.3,3.5,93.1
z_73.5_34.5,2024,2,2024-T2,Stable,93.9,3.5,2.6,93.9
z_73.5_34.5,2024,3,2024-T3,Stable,94.2,2.6,3.2,94.2
z_73.5_34.5,2024,4,2024-T4,Stable,92.1,4.0,3.9,92.1
z_73.5_34.5,2025,1,2025-T1,Stable,90.6,5.0,4.4,90.6
z_73.5_34.5,2025,2,2025-T2,Stable,93.6,3.7,2.7,93.6
z_73.5_34.5,2025,3,2025-T3,Stable,88.2,8.4,3.4,88.2
z_73.5_34.5,2025,4,2025-T4,Stable,94.1,2.9,3.0,94.1
z_73.5_34.5,2026,1,2026-T1,Stable,93.1,3.3,3.5,93.1
z_73.5_34.5,2026,2,2026-T2,Stable,93.7,3.6,2.7,93.7
z_73.5_34.5,2026,3,2026-T3,Stable,94.3,2.6,3.1,94.3
z_73.5_34.5,2026,4,2026-T4,Stable,94.1,2.9,3.0,94.1
z_73.5_34.5,2027,1,2027-T1,Stable,93.1,3.3,3.5,93.1
z_73.5_34.5,2027,2,2027-T2,Stable,94.3,3.0,2.6,94.3
z_73.5_34.5,2027,3,2027-T3,Stable,93.6,3.1,3.3,93.6
z_73.5_34.5,2027,4,2027-T4,Stable,94.1,2.9,3.0,94.1
z_73.5_34.5,2028,1,2028-T1,Stable,93.1,3.3,3.5,93.1
z_73.5_34.5,2028,2,2028-T2,Stable,94.6,3.3,2.2,94.6
z_73.5_34.5,2028,3,2028-T3,Stable,93.6,3.1,3.3,93.6
z_73.5_34.5,2028,4,2028-T4,Stable,94.1,2.9,3.0,94.1
z_73.5_34.5,2029,1,2029-T1,Stable,93.1,3.3,3.5,93.1
z_73.5_34.5,2029,2,2029-T2,Stable,94.6,3.3,2.2,94.6
z_73.5_34.5,2029,3,2029-T3,Stable,93.6,2.8,3.7,93.6
z_73.5_34.5,2029,4,2029-T4,Stable,94.1,2.9,3.0,94.1
z_73.5_34.5,2030,1,2030-T1,Stable,93.1,3.3,3.5,93.1
z_73.5_34.5,2030,2,2030-T2,Stable,94.6,3.3,2.2,94.6
z_73.5_34.5,2030,3,2030-T3,Stable,94.2,2.6,3.2,94.2
z_73.5_34.5,2030,4,2030-T4,Stable,94.1,2.9,3.0,94.1
z_75.0_18.0,2023,1,2023-T1,Stable,92.4,4.0,3.6,92.4
z_75.0_18.0,2023,2,2023-T2,Stable,94.4,3.2,2.4,94.4
z_75.0_18.0,2023,3,2023-T3,Stable,92.1,5.3,2.6,92.1
z_75.0_18.0,2023,4,2023-T4,Stable,93.1,3.8,3.1,93.1
z_75.0_18.0,2024,1,2024-T1,Stable,90.2,5.2,4.6,90.2
z_75.0_18.0,2024,2,2024-T2,Stable,93.6,3.7,2.7,93.6
z_75.0_18.0,2024,3,2024-T3,Stable,94.0,3.9,2.1,94.0
z_75.0_18.0,2024,4,2024-T4,Stable,89.2,7.5,3.3,89.2
z_75.0_18.0,2025,1,2025-T1,Stable,92.4,4.0,3.6,92.4
z_75.0_18.0,2025,2,2025-T2,Stable,94.4,3.2,2.4,94.4
z_75.0_18.0,2025,3,2025-T3,Stable,92.1,5.3,2.6,92.1
z_75.0_18.0,2025,4,2025-T4,Stable,92.2,4.8,3.0,92.2
z_75.0_18.0,2026,1,2026-T1,Stable,92.4,4.0,3.6,92.4
z_75.0_18.0,2026,2,2026-T2,Stable,94.4,3.2,2.4,94.4
z_75.0_18.0,2026,3,2026-T3,Stable,92.1,5.3,2.6,92.1
z_75.0_18.0,2026,4,2026-T4,Stable,92.0,4.7,3.4,92.0
z_75.0_18.0,2027,1,2027-T1,Stable,92.4,4.0,3.6,92.4
z_75.0_18.0,2027,2,2027-T2,Stable,94.4,3.2,2.4,94.4
z_75.0_18.0,2027,3,2027-T3,Stable,92.1,5.3,2.6,92.1
z_75.0_18.0,2027,4,2027-T4,Stable,91.9,5.1,3.1,91.9
z_75.0_18.0,2028,1,2028-T1,Stable,92.4,4.0,3.6,92.4
z_75.0_18.0,2028,2,2028-T2,Stable,94.4,3.2,2.4,94.4
z_75.0_18.0,2028,3,2028-T3,Stable,92.1,5.3,2.6,92.1
z_75.0_18.0,2028,4,2028-T4,Stable,91.7,5.1,3.1,91.7
z_75.0_18.0,2029,1,2029-T1,Stable,92.4,4.0,3.6,92.4
z_75.0_18.0,2029,2,2029-T2,Stable,94.4,3.2,2.4,94.4
z_75.0_18.0,2029,3,2029-T3,Stable,92.1,5.3,2.6,92.1
z_75.0_18.0,2029,4,2029-T4,Stable,93.1,3.8,3.1,93.1
z_75.0_18.0,2030,1,2030-T1,Stable,92.4,4.0,3.6,92.4
z_75.0_18.0,2030,2,2030-T2,Stable,94.4,3.2,2.4,94.4
z_75.0_18.0,2030,3,2030-T3,Stable,92.1,5.3,2.6,92.1
z_75.0_18.0,2030,4,2030-T4,Stable,93.1,3.8,3.1,93.1
z_75.0_30.0,2023,1,2023-T1,Stable,96.8,0.4,2.8,96.8
z_75.0_30.0,2023,2,2023-T2,Stable,98.1,0.1,1.7,98.1
z_75.0_30.0,2023,3,2023-T3,Stable,97.1,0.2,2.6,97.1
z_75.0_30.0,2023,4,2023-T4,Stable,97.1,0.3,2.6,97.1
z_75.0_30.0,2024,1,2024-T1,Stable,96.8,0.4,2.8,96.8
z_75.0_30.0,2024,2,2024-T2,Stable,98.1,0.1,1.7,98.1
z_75.0_30.0,2024,3,2024-T3,Stable,96.3,0.5,3.3,96.3
z_75.0_30.0,2024,4,2024-T4,Stable,96.2,0.5,3.3,96.2
z_75.0_30.0,2025,1,2025-T1,Stable,97.0,1.1,1.9,97.0
z_75.0_30.0,2025,2,2025-T2,Stable,95.5,1.8,2.8,95.5
z_75.0_30.0,2025,3,2025-T3,Stable,97.1,0.2,2.6,97.1
z_75.0_30.0,2025,4,2025-T4,Stable,97.1,0.3,2.6,97.1
z_75.0_30.0,2026,1,2026-T1,Stable,96.8,0.4,2.8,96.8
z_75.0_30.0,2026,2,2026-T2,Stable,97.6,0.3,2.1,97.6
z_75.0_30.0,2026,3,2026-T3,Stable,97.1,0.2,2.6,97.1
z_75.0_30.0,2026,4,2026-T4,Stable,97.1,0.3,2.6,97.1
z_75.0_30.0,2027,1,2027-T1,Stable,96.8,0.4,2.8,96.8
z_75.0_30.0,2027,2,2027-T2,Stable,97.6,0.2,2.2,97.6
z_75.0_30.0,2027,3,2027-T3,Stable,97.1,0.2,2.6,97.1
z_75.0_30.0,2027,4,2027-T4,Stable,97.1,0.3,2.6,97.1
z_75.0_30.0,2028,1,2028-T1,Stable,96.8,0.4,2.8,96.8
z_75.0_30.0,2028,2,2028-T2,Stable,97.7,0.3,2.0,97.7
z_75.0_30.0,2028,3,2028-T3,Stable,97.1,0.2,2.6,97.1
z_75.0_30.0,2028,4,2028-T4,Stable,97.1,0.3,2.6,97.1
z_75.0_30.0,2029,1,2029-T1,Stable,96.8,0.4,2.8,96.8
z_75.0_30.0,2029,2,2029-T2,Stable,97.5,0.4,2.1,97.5
z_75.0_30.0,2029,3,2029-T3,Stable,97.1,0.2,2.6,97.1
z_75.0_30.0,2029,4,2029-T4,Stable,97.1,0.3,2.6,97.1
z_75.0_30.0,2030,1,2030-T1,Stable,96.8,0.4,2.8,96.8
z_75.0_30.0,2030,2,2030-T2,Stable,98.1,0.1,1.7,98.1
z_75.0_30.0,2030,3,2030-T3,Stable,97.1,0.2,2.6,97.1
z_75.0_30.0,2030,4,2030-T4,Stable,97.1,0.3,2.6,97.1
z_75.0_31.5,2023,1,2023-T1,Stable,97.6,0.2,2.2,97.6
z_75.0_31.5,2023,2,2023-T2,Stable,96.0,0.5,3.4,96.0
z_75.0_31.5,2023,3,2023-T3,Stable,96.9,0.5,2.6,96.9
z_75.0_31.5,2023,4,2023-T4,Stable,98.3,0.1,1.5,98.3
z_75.0_31.5,2024,1,2024-T1,Stable,94.5,2.3,3.1,94.5
z_75.0_31.5,2024,2,2024-T2,Stable,96.7,0.4,2.9,96.7
z_75.0_31.5,2024,3,2024-T3,Stable,96.9,0.5,2.6,96.9
z_75.0_31.5,2024,4,2024-T4,Stable,98.3,0.1,1.5,98.3
z_75.0_31.5,2025,1,2025-T1,Stable,93.8,2.4,3.9,93.8
z_75.0_31.5,2025,2,2025-T2,Stable,98.4,0.2,1.4,98.4
z_75.0_31.5,2025,3,2025-T3,Stable,97.6,0.2,2.2,97.6
z_75.0_31.5,2025,4,2025-T4,Stable,97.6,0.2,2.1,97.6
z_75.0_31.5,2026,1,2026-T1,Stable,94.6,1.0,4.4,94.6
z_75.0_31.5,2026,2,2026-T2,Stable,98.4,0.2,1.4,98.4
z_75.0_31.5,2026,3,2026-T3,Stable,97.6,0.2,2.2,97.6
z_75.0_31.5,2026,4,2026-T4,Stable,97.6,0.2,2.1,97.6
z_75.0_31.5,2027,1,2027-T1,Stable,95.7,0.7,3.7,95.7
z_75.0_31.5,2027,2,2027-T2,Stable,98.4,0.2,1.4,98.4
z_75.0_31.5,2027,3,2027-T3,Stable,97.6,0.2,2.2,97.6
z_75.0_31.5,2027,4,2027-T4,Stable,97.6,0.2,2.1,97.6
z_75.0_31.5,2028,1,2028-T1,Stable,94.9,1.4,3.7,94.9
z_75.0_31.5,2028,2,2028-T2,Stable,98.4,0.2,1.4,98.4
z_75.0_31.5,2028,3,2028-T3,Stable,97.6,0.2,2.2,97.6
z_75.0_31.5,2028,4,2028-T4,Stable,97.6,0.2,2.1,97.6
z_75.0_31.5,2029,1,2029-T1,Stable,95.6,0.9,3.5,95.6
z_75.0_31.5,2029,2,2029-T2,Stable,98.4,0.2,1.4,98.4
z_75.0_31.5,2029,3,2029-T3,Stable,97.6,0.2,2.2,97.6
z_75.0_31.5,2029,4,2029-T4,Stable,97.6,0.2,2.1,97.6
z_75.0_31.5,2030,1,2030-T1,Stable,97.6,0.2,2.2,97.6
z_75.0_31.5,2030,2,2030-T2,Stable,98.4,0.2,1.4,98.4
z_75.0_31.5,2030,3,2030-T3,Stable,97.6,0.2,2.2,97.6
z_75.0_31.5,2030,4,2030-T4,Stable,97.6,0.2,2.1,97.6
z_75.0_33.0,2023,1,2023-T1,Stable,97.5,0.2,2.3,97.5
z_75.0_33.0,2023,2,2023-T2,Stable,94.2,1.9,3.9,94.2
z_75.0_33.0,2023,3,2023-T3,Stable,93.3,1.4,5.2,93.3
z_75.0_33.0,2023,4,2023-T4,Stable,84.3,3.1,12.6,84.3
z_75.0_33.0,2024,1,2024-T1,Stable,93.5,2.5,4.0,93.5
z_75.0_33.0,2024,2,2024-T2,Stable,96.6,0.3,3.1,96.6
z_75.0_33.0,2024,3,2024-T3,Stable,96.6,0.5,2.9,96.6
z_75.0_33.0,2024,4,2024-T4,Stable,93.1,2.0,4.9,93.1
z_75.0_33.0,2025,1,2025-T1,Stable,86.3,5.7,8.0,86.3
z_75.0_33.0,2025,2,2025-T2,Stable,98.4,0.1,1.5,98.4
z_75.0_33.0,2025,3,2025-T3,Stable,94.5,1.8,3.7,94.5
z_75.0_33.0,2025,4,2025-T4,Stable,97.4,0.2,2.4,97.4
z_75.0_33.0,2026,1,2026-T1,Stable,92.0,1.3,6.8,92.0
z_75.0_33.0,2026,2,2026-T2,Stable,97.8,0.1,2.1,97.8
z_75.0_33.0,2026,3,2026-T3,Stable,96.2,0.4,3.4,96.2
z_75.0_33.0,2026,4,2026-T4,Stable,97.4,0.2,2.4,97.4
z_75.0_33.0,2027,1,2027-T1,Stable,92.0,1.0,7.1,92.0
z_75.0_33.0,2027,2,2027-T2,Stable,97.8,0.1,2.1,97.8
z_75.0_33.0,2027,3,2027-T3,Stable,96.0,0.3,3.7,96.0
z_75.0_33.0,2027,4,2027-T4,Stable,97.4,0.2,2.4,97.4
z_75.0_33.0,2028,1,2028-T1,Stable,91.6,2.5,5.9,91.6
z_75.0_33.0,2028,2,2028-T2,Stable,97.8,0.1,2.1,97.8
z_75.0_33.0,2028,3,2028-T3,Stable,97.3,0.2,2.5,97.3
z_75.0_33.0,2028,4,2028-T4,Stable,97.4,0.2,2.4,97.4
z_75.0_33.0,2029,1,2029-T1,Stable,95.4,0.9,3.6,95.4
z_75.0_33.0,2029,2,2029-T2,Stable,97.8,0.1,2.1,97.8
z_75.0_33.0,2029,3,2029-T3,Stable,95.9,0.3,3.8,95.9
z_75.0_33.0,2029,4,2029-T4,Stable,97.4,0.2,2.4,97.4
z_75.0_33.0,2030,1,2030-T1,Stable,97.5,0.2,2.3,97.5
z_75.0_33.0,2030,2,2030-T2,Stable,97.8,0.1,2.1,97.8
z_75.0_33.0,2030,3,2030-T3,Stable,97.3,0.2,2.6,97.3
z_75.0_33.0,2030,4,2030-T4,Stable,97.4,0.2,2.4,97.4
z_75.0_34.5,2023,1,2023-T1,Stable,92.2,4.0,3.8,92.2
z_75.0_34.5,2023,2,2023-T2,Stable,93.0,5.1,1.9,93.0
z_75.0_34.5,2023,3,2023-T3,Diminution,88.2,0.5,88.2,11.3
z_75.0_34.5,2023,4,2023-T4,Stable,92.8,3.9,3.2,92.8
z_75.0_34.5,2024,1,2024-T1,Stable,92.2,4.0,3.8,92.2
z_75.0_34.5,2024,2,2024-T2,Stable,89.8,5.6,4.6,89.8
z_75.0_34.5,2024,3,2024-T3,Diminution,80.1,5.2,80.1,14.7
z_75.0_34.5,2024,4,2024-T4,Stable,78.2,8.7,13.1,78.2
z_75.0_34.5,2025,1,2025-T1,Stable,88.2,7.5,4.3,88.2
z_75.0_34.5,2025,2,2025-T2,Stable,88.3,9.3,2.4,88.3
z_75.0_34.5,2025,3,2025-T3,Diminution,88.2,0.5,88.2,11.3
z_75.0_34.5,2025,4,2025-T4,Stable,92.8,3.9,3.2,92.8
z_75.0_34.5,2026,1,2026-T1,Stable,89.6,5.5,5.0,89.6
z_75.0_34.5,2026,2,2026-T2,Stable,92.0,5.9,2.1,92.0
z_75.0_34.5,2026,3,2026-T3,Diminution,88.2,0.5,88.2,11.3
z_75.0_34.5,2026,4,2026-T4,Stable,92.8,3.9,3.2,92.8
z_75.0_34.5,2027,1,2027-T1,Stable,88.7,4.8,6.5,88.7
z_75.0_34.5,2027,2,2027-T2,Stable,92.4,5.0,2.6,92.4
z_75.0_34.5,2027,3,2027-T3,Diminution,88.2,0.5,88.2,11.3
z_75.0_34.5,2027,4,2027-T4,Stable,92.8,3.9,3.2,92.8
z_75.0_34.5,2028,1,2028-T1,Stable,90.0,5.0,5.0,90.0
z_75.0_34.5,2028,2,2028-T2,Stable,90.8,6.9,2.3,90.8
z_75.0_34.5,2028,3,2028-T3,Diminution,88.2,0.5,88.2,11.3
z_75.0_34.5,2028,4,2028-T4,Stable,92.8,3.9,3.2,92.8
z_75.0_34.5,2029,1,2029-T1,Stable,90.9,4.6,4.5,90.9
z_75.0_34.5,2029,2,2029-T2,Stable,92.4,5.5,2.1,92.4
z_75.0_34.5,2029,3,2029-T3,Diminution,88.2,0.5,88.2,11.3
z_75.0_34.5,2029,4,2029-T4,Stable,92.8,3.9,3.2,92.8
z_75.0_34.5,2030,1,2030-T1,Stable,92.2,4.0,3.8,92.2
z_75.0_34.5,2030,2,2030-T2,Stable,93.8,4.3,1.9,93.8
z_75.0_34.5,2030,3,2030-T3,Diminution,88.2,0.5,88.2,11.3
z_75.0_34.5,2030,4,2030-T4,Stable,92.8,3.9,3.2,92.8
z_75.0_36.0,2023,1,2023-T1,Stable,92.7,3.8,3.5,92.7
z_75.0_36.0,2023,2,2023-T2,Stable,94.1,2.8,3.2,94.1
z_75.0_36.0,2023,3,2023-T3,Stable,88.9,7.3,3.8,88.9
z_75.0_36.0,2023,4,2023-T4,Stable,95.3,2.7,2.1,95.3
z_75.0_36.0,2024,1,2024-T1,Stable,86.4,9.9,3.7,86.4
z_75.0_36.0,2024,2,2024-T2,Stable,95.4,2.3,2.3,95.4
z_75.0_36.0,2024,3,2024-T3,Stable,92.1,5.1,2.8,92.1
z_75.0_36.0,2024,4,2024-T4,Stable,93.8,3.2,2.9,93.8
z_75.0_36.0,2025,1,2025-T1,Stable,92.4,4.2,3.4,92.4
z_75.0_36.0,2025,2,2025-T2,Stable,95.4,2.3,2.3,95.4
z_75.0_36.0,2025,3,2025-T3,Stable,92.8,4.7,2.5,92.8
z_75.0_36.0,2025,4,2025-T4,Stable,93.8,3.2,2.9,93.8
z_75.0_36.0,2026,1,2026-T1,Stable,91.5,4.7,3.9,91.5
z_75.0_36.0,2026,2,2026-T2,Stable,95.4,2.3,2.3,95.4
z_75.0_36.0,2026,3,2026-T3,Stable,92.8,4.7,2.5,92.8
z_75.0_36.0,2026,4,2026-T4,Stable,93.8,3.2,2.9,93.8
z_75.0_36.0,2027,1,2027-T1,Stable,92.0,4.4,3.6,92.0
z_75.0_36.0,2027,2,2027-T2,Stable,95.4,2.3,2.3,95.4
z_75.0_36.0,2027,3,2027-T3,Stable,92.8,4.7,2.5,92.8
z_75.0_36.0,2027,4,2027-T4,Stable,93.8,3.2,2.9,93.8
z_75.0_36.0,2028,1,2028-T1,Stable,91.5,4.6,3.9,91.5
z_75.0_36.0,2028,2,2028-T2,Stable,95.4,2.3,2.3,95.4
z_75.0_36.0,2028,3,2028-T3,Stable,92.8,4.7,2.5,92.8
z_75.0_36.0,2028,4,2028-T4,Stable,93.8,3.2,2.9,93.8
z_75.0_36.0,2029,1,2029-T1,Stable,92.7,3.8,3.5,92.7
z_75.0_36.0,2029,2,2029-T2,Stable,95.4,2.3,2.3,95.4
z_75.0_36.0,2029,3,2029-T3,Stable,92.8,4.7,2.5,92.8
z_75.0_36.0,2029,4,2029-T4,Stable,93.8,3.2,2.9,93.8
z_75.0_36.0,2030,1,2030-T1,Stable,92.7,3.8,3.5,92.7
z_75.0_36.0,2030,2,2030-T2,Stable,95.4,2.3,2.3,95.4
z_75.0_36.0,2030,3,2030-T3,Stable,92.8,4.7,2.5,92.8
z_75.0_36.0,2030,4,2030-T4,Stable,93.8,3.2,2.9,93.8
z_75.0_40.5,2023,1,2023-T1,Stable,92.6,3.1,4.3,92.6
z_75.0_40.5,2023,2,2023-T2,Stable,94.9,2.3,2.8,94.9
z_75.0_40.5,2023,3,2023-T3,Stable,93.3,2.9,3.8,93.3
z_75.0_40.5,2023,4,2023-T4,Stable,93.3,3.1,3.5,93.3
z_75.0_40.5,2024,1,2024-T1,Stable,92.6,3.1,4.3,92.6
z_75.0_40.5,2024,2,2024-T2,Stable,94.9,2.3,2.8,94.9
z_75.0_40.5,2024,3,2024-T3,Stable,93.3,2.9,3.8,93.3
z_75.0_40.5,2024,4,2024-T4,Stable,93.3,3.1,3.5,93.3
z_75.0_40.5,2025,1,2025-T1,Stable,92.6,3.1,4.3,92.6
z_75.0_40.5,2025,2,2025-T2,Stable,94.9,2.3,2.8,94.9
z_75.0_40.5,2025,3,2025-T3,Stable,93.3,2.9,3.8,93.3
z_75.0_40.5,2025,4,2025-T4,Stable,92.3,3.9,3.8,92.3
z_75.0_40.5,2026,1,2026-T1,Stable,90.1,5.0,4.9,90.1
z_75.0_40.5,2026,2,2026-T2,Stable,95.9,1.9,2.2,95.9
z_75.0_40.5,2026,3,2026-T3,Stable,89.9,6.3,3.8,89.9
z_75.0_40.5,2026,4,2026-T4,Stable,93.3,3.1,3.5,93.3
z_75.0_40.5,2027,1,2027-T1,Stable,92.6,3.1,4.3,92.6
z_75.0_40.5,2027,2,2027-T2,Stable,94.9,2.3,2.8,94.9
z_75.0_40.5,2027,3,2027-T3,Stable,91.6,4.5,3.9,91.6
z_75.0_40.5,2027,4,2027-T4,Stable,93.3,3.1,3.5,93.3
z_75.0_40.5,2028,1,2028-T1,Stable,92.6,3.1,4.3,92.6
z_75.0_40.5,2028,2,2028-T2,Stable,94.9,2.3,2.8,94.9
z_75.0_40.5,2028,3,2028-T3,Stable,92.4,3.6,4.1,92.4
z_75.0_40.5,2028,4,2028-T4,Stable,93.3,3.1,3.5,93.3
z_75.0_40.5,2029,1,2029-T1,Stable,92.6,3.1,4.3,92.6
z_75.0_40.5,2029,2,2029-T2,Stable,94.9,2.3,2.8,94.9
z_75.0_40.5,2029,3,2029-T3,Stable,89.8,6.2,4.0,89.8
z_75.0_40.5,2029,4,2029-T4,Stable,93.3,3.1,3.5,93.3
z_75.0_40.5,2030,1,2030-T1,Stable,92.6,3.1,4.3,92.6
z_75.0_40.5,2030,2,2030-T2,Stable,94.9,2.3,2.8,94.9
z_75.0_40.5,2030,3,2030-T3,Stable,91.6,4.7,3.7,91.6
z_75.0_40.5,2030,4,2030-T4,Stable,93.3,3.1,3.5,93.3
z_76.5_13.5,2023,1,2023-T1,Stable,87.7,6.6,5.7,87.7
z_76.5_13.5,2023,2,2023-T2,Stable,91.0,2.4,6.6,91.0
z_76.5_13.5,2023,3,2023-T3,Diminution,88.1,0.5,88.1,11.4
z_76.5_13.5,2023,4,2023-T4,Stable,91.0,3.2,5.8,91.0
z_76.5_13.5,2024,1,2024-T1,Stable,89.5,5.2,5.3,89.5
z_76.5_13.5,2024,2,2024-T2,Stable,91.0,2.4,6.6,91.0
z_76.5_13.5,2024,3,2024-T3,Diminution,86.6,0.4,86.6,13.0
z_76.5_13.5,2024,4,2024-T4,Stable,89.1,4.6,6.3,89.1
z_76.5_13.5,2025,1,2025-T1,Stable,90.6,4.2,5.2,90.6
z_76.5_13.5,2025,2,2025-T2,Stable,86.8,6.6,6.6,86.8
z_76.5_13.5,2025,3,2025-T3,Diminution,88.2,0.3,88.2,11.5
z_76.5_13.5,2025,4,2025-T4,Stable,91.0,3.2,5.8,91.0
z_76.5_13.5,2026,1,2026-T1,Stable,89.6,4.7,5.7,89.6
z_76.5_13.5,2026,2,2026-T2,Stable,89.6,3.7,6.7,89.6
z_76.5_13.5,2026,3,2026-T3,Diminution,88.2,0.3,88.2,11.5
z_76.5_13.5,2026,4,2026-T4,Stable,91.0,3.2,5.8,91.0
z_76.5_13.5,2027,1,2027-T1,Stable,89.6,4.7,5.7,89.6
z_76.5_13.5,2027,2,2027-T2,Stable,89.9,2.9,7.2,89.9
z_76.5_13.5,2027,3,2027-T3,Diminution,88.2,0.3,88.2,11.5
z_76.5_13.5,2027,4,2027-T4,Stable,91.0,3.2,5.8,91.0
z_76.5_13.5,2028,1,2028-T1,Stable,89.6,4.7,5.7,89.6
z_76.5_13.5,2028,2,2028-T2,Stable,87.6,5.3,7.1,87.6
z_76.5_13.5,2028,3,2028-T3,Diminution,88.2,0.3,88.2,11.5
z_76.5_13.5,2028,4,2028-T4,Stable,91.0,3.2,5.8,91.0
z_76.5_13.5,2029,1,2029-T1,Stable,89.6,4.7,5.7,89.6
z_76.5_13.5,2029,2,2029-T2,Stable,89.0,4.5,6.5,89.0
z_76.5_13.5,2029,3,2029-T3,Diminution,88.2,0.3,88.2,11.5
z_76.5_13.5,2029,4,2029-T4,Stable,91.0,3.2,5.8,91.0
z_76.5_13.5,2030,1,2030-T1,Stable,89.6,4.7,5.7,89.6
z_76.5_13.5,2030,2,2030-T2,Stable,91.0,2.4,6.6,91.0
z_76.5_13.5,2030,3,2030-T3,Diminution,88.2,0.3,88.2,11.5
z_76.5_13.5,2030,4,2030-T4,Stable,91.0,3.2,5.8,91.0
z_76.5_33.0,2023,1,2023-T1,Stable,97.8,0.7,1.4,97.8
z_76.5_33.0,2023,2,2023-T2,Stable,95.5,1.6,2.9,95.5
z_76.5_33.0,2023,3,2023-T3,Stable,96.6,0.4,3.0,96.6
z_76.5_33.0,2023,4,2023-T4,Stable,97.9,0.2,1.9,97.9
z_76.5_33.0,2024,1,2024-T1,Stable,97.9,0.2,1.9,97.9
z_76.5_33.0,2024,2,2024-T2,Stable,96.3,0.5,3.2,96.3
z_76.5_33.0,2024,3,2024-T3,Stable,97.9,0.2,2.0,97.9
z_76.5_33.0,2024,4,2024-T4,Stable,97.9,0.2,1.9,97.9
z_76.5_33.0,2025,1,2025-T1,Stable,97.9,0.2,1.9,97.9
z_76.5_33.0,2025,2,2025-T2,Stable,96.4,0.2,3.3,96.4
z_76.5_33.0,2025,3,2025-T3,Stable,97.9,0.2,2.0,97.9
z_76.5_33.0,2025,4,2025-T4,Stable,95.6,0.6,3.8,95.6
z_76.5_33.0,2026,1,2026-T1,Stable,96.1,0.8,3.1,96.1
z_76.5_33.0,2026,2,2026-T2,Stable,98.1,0.3,1.5,98.1
z_76.5_33.0,2026,3,2026-T3,Stable,95.0,1.8,3.2,95.0
z_76.5_33.0,2026,4,2026-T4,Stable,97.9,0.2,1.9,97.9
z_76.5_33.0,2027,1,2027-T1,Stable,97.9,0.2,1.9,97.9
z_76.5_33.0,2027,2,2027-T2,Stable,96.9,0.4,2.7,96.9
z_76.5_33.0,2027,3,2027-T3,Stable,96.2,0.4,3.3,96.2
z_76.5_33.0,2027,4,2027-T4,Stable,97.9,0.2,1.9,97.9
z_76.5_33.0,2028,1,2028-T1,Stable,97.9,0.2,1.9,97.9
z_76.5_33.0,2028,2,2028-T2,Stable,98.0,0.1,1.9,98.0
z_76.5_33.0,2028,3,2028-T3,Stable,95.5,0.3,4.2,95.5
z_76.5_33.0,2028,4,2028-T4,Stable,97.9,0.2,1.9,97.9
z_76.5_33.0,2029,1,2029-T1,Stable,97.9,0.2,1.9,97.9
z_76.5_33.0,2029,2,2029-T2,Stable,98.0,0.1,1.9,98.0
z_76.5_33.0,2029,3,2029-T3,Stable,97.9,0.2,2.0,97.9
z_76.5_33.0,2029,4,2029-T4,Stable,97.9,0.2,1.9,97.9
z_76.5_33.0,2030,1,2030-T1,Stable,97.9,0.2,1.9,97.9
z_76.5_33.0,2030,2,2030-T2,Stable,98.0,0.1,1.9,98.0
z_76.5_33.0,2030,3,2030-T3,Stable,96.6,0.4,3.0,96.6
z_76.5_33.0,2030,4,2030-T4,Stable,97.9,0.2,1.9,97.9
z_76.5_9.0,2023,1,2023-T1,Stable,92.5,3.9,3.6,92.5
z_76.5_9.0,2023,2,2023-T2,Stable,94.8,2.9,2.3,94.8
z_76.5_9.0,2023,3,2023-T3,Stable,93.5,3.5,3.1,93.5
z_76.5_9.0,2023,4,2023-T4,Stable,93.1,3.8,3.1,93.1
z_76.5_9.0,2024,1,2024-T1,Stable,92.5,3.9,3.6,92.5
z_76.5_9.0,2024,2,2024-T2,Stable,94.8,2.9,2.3,94.8
z_76.5_9.0,2024,3,2024-T3,Stable,93.5,3.5,3.1,93.5
z_76.5_9.0,2024,4,2024-T4,Stable,93.1,3.8,3.1,93.1
z_76.5_9.0,2025,1,2025-T1,Stable,92.5,3.9,3.6,92.5
z_76.5_9.0,2025,2,2025-T2,Stable,94.8,2.9,2.3,94.8
z_76.5_9.0,2025,3,2025-T3,Stable,93.5,3.5,3.1,93.5
z_76.5_9.0,2025,4,2025-T4,Stable,91.9,4.6,3.5,91.9
z_76.5_9.0,2026,1,2026-T1,Stable,90.2,5.2,4.6,90.2
z_76.5_9.0,2026,2,2026-T2,Stable,96.0,2.3,1.7,96.0
z_76.5_9.0,2026,3,2026-T3,Stable,89.8,6.9,3.2,89.8
z_76.5_9.0,2026,4,2026-T4,Stable,93.1,3.8,3.1,93.1
z_76.5_9.0,2027,1,2027-T1,Stable,92.5,3.9,3.6,92.5
z_76.5_9.0,2027,2,2027-T2,Stable,94.8,2.9,2.3,94.8
z_76.5_9.0,2027,3,2027-T3,Stable,92.6,4.4,3.0,92.6
z_76.5_9.0,2027,4,2027-T4,Stable,93.1,3.8,3.1,93.1
z_76.5_9.0,2028,1,2028-T1,Stable,92.5,3.9,3.6,92.5
z_76.5_9.0,2028,2,2028-T2,Stable,94.8,2.9,2.3,94.8
z_76.5_9.0,2028,3,2028-T3,Stable,92.3,4.4,3.2,92.3
z_76.5_9.0,2028,4,2028-T4,Stable,93.1,3.8,3.1,93.1
z_76.5_9.0,2029,1,2029-T1,Stable,92.5,3.9,3.6,92.5
z_76.5_9.0,2029,2,2029-T2,Stable,94.8,2.9,2.3,94.8
z_76.5_9.0,2029,3,2029-T3,Stable,90.8,6.1,3.1,90.8
z_76.5_9.0,2029,4,2029-T4,Stable,93.1,3.8,3.1,93.1
z_76.5_9.0,2030,1,2030-T1,Stable,92.5,3.9,3.6,92.5
z_76.5_9.0,2030,2,2030-T2,Stable,94.8,2.9,2.3,94.8
z_76.5_9.0,2030,3,2030-T3,Stable,91.6,5.3,3.2,91.6
z_76.5_9.0,2030,4,2030-T4,Stable,93.1,3.8,3.1,93.1
z_78.0_10.5,2023,1,2023-T1,Stable,96.8,0.4,2.9,96.8
z_78.0_10.5,2023,2,2023-T2,Stable,98.1,0.2,1.7,98.1
z_78.0_10.5,2023,3,2023-T3,Stable,97.1,0.3,2.6,97.1
z_78.0_10.5,2023,4,2023-T4,Stable,97.3,0.3,2.4,97.3
z_78.0_10.5,2024,1,2024-T1,Stable,96.8,0.4,2.9,96.8
z_78.0_10.5,2024,2,2024-T2,Stable,98.1,0.2,1.7,98.1
z_78.0_10.5,2024,3,2024-T3,Stable,97.1,0.3,2.6,97.1
z_78.0_10.5,2024,4,2024-T4,Stable,97.3,0.3,2.4,97.3
z_78.0_10.5,2025,1,2025-T1,Stable,96.8,0.4,2.9,96.8
z_78.0_10.5,2025,2,2025-T2,Stable,98.1,0.2,1.7,98.1
z_78.0_10.5,2025,3,2025-T3,Stable,96.4,0.5,3.1,96.4
z_78.0_10.5,2025,4,2025-T4,Stable,96.3,0.6,3.1,96.3
z_78.0_10.5,2026,1,2026-T1,Stable,97.0,1.0,2.1,97.0
z_78.0_10.5,2026,2,2026-T2,Stable,95.5,1.6,2.9,95.5
z_78.0_10.5,2026,3,2026-T3,Stable,97.1,0.3,2.6,97.1
z_78.0_10.5,2026,4,2026-T4,Stable,97.3,0.3,2.4,97.3
z_78.0_10.5,2027,1,2027-T1,Stable,96.8,0.4,2.9,96.8
z_78.0_10.5,2027,2,2027-T2,Stable,97.4,0.3,2.2,97.4
z_78.0_10.5,2027,3,2027-T3,Stable,97.1,0.3,2.6,97.1
z_78.0_10.5,2027,4,2027-T4,Stable,97.3,0.3,2.4,97.3
z_78.0_10.5,2028,1,2028-T1,Stable,96.8,0.4,2.9,96.8
z_78.0_10.5,2028,2,2028-T2,Stable,97.4,0.2,2.4,97.4
z_78.0_10.5,2028,3,2028-T3,Stable,97.1,0.3,2.6,97.1
z_78.0_10.5,2028,4,2028-T4,Stable,97.3,0.3,2.4,97.3
z_78.0_10.5,2029,1,2029-T1,Stable,96.8,0.4,2.9,96.8
z_78.0_10.5,2029,2,2029-T2,Stable,97.7,0.3,2.0,97.7
z_78.0_10.5,2029,3,2029-T3,Stable,97.1,0.3,2.6,97.1
z_78.0_10.5,2029,4,2029-T4,Stable,97.3,0.3,2.4,97.3
z_78.0_10.5,2030,1,2030-T1,Stable,96.8,0.4,2.9,96.8
z_78.0_10.5,2030,2,2030-T2,Stable,97.5,0.4,2.1,97.5
z_78.0_10.5,2030,3,2030-T3,Stable,97.1,0.3,2.6,97.1
z_78.0_10.5,2030,4,2030-T4,Stable,97.3,0.3,2.4,97.3
z_78.0_13.5,2023,1,2023-T1,Stable,95.1,1.5,3.4,95.1
z_78.0_13.5,2023,2,2023-T2,Stable,97.3,0.6,2.1,97.3
z_78.0_13.5,2023,3,2023-T3,Diminution,87.1,0.9,87.1,12.0
z_78.0_13.5,2023,4,2023-T4,Stable,95.4,1.3,3.2,95.4
z_78.0_13.5,2024,1,2024-T1,Stable,95.2,2.3,2.5,95.2
z_78.0_13.5,2024,2,2024-T2,Stable,92.7,4.5,2.9,92.7
z_78.0_13.5,2024,3,2024-T3,Diminution,89.1,1.0,89.1,10.0
z_78.0_13.5,2024,4,2024-T4,Stable,95.1,1.5,3.5,95.1
z_78.0_13.5,2025,1,2025-T1,Stable,93.7,2.0,4.4,93.7
z_78.0_13.5,2025,2,2025-T2,Stable,97.3,0.8,1.9,97.3
z_78.0_13.5,2025,3,2025-T3,Diminution,87.7,1.2,87.7,11.2
z_78.0_13.5,2025,4,2025-T4,Stable,87.0,7.7,5.3,87.0
z_78.0_13.5,2026,1,2026-T1,Stable,90.5,5.4,4.1,90.5
z_78.0_13.5,2026,2,2026-T2,Stable,94.8,2.6,2.6,94.8
z_78.0_13.5,2026,3,2026-T3,Diminution,88.2,1.0,88.2,10.8
z_78.0_13.5,2026,4,2026-T4,Stable,96.2,1.0,2.8,96.2
z_78.0_13.5,2027,1,2027-T1,Stable,95.1,1.5,3.4,95.1
z_78.0_13.5,2027,2,2027-T2,Stable,96.7,0.9,2.5,96.7
z_78.0_13.5,2027,3,2027-T3,Diminution,88.1,1.0,88.1,10.9
z_78.0_13.5,2027,4,2027-T4,Stable,96.2,1.0,2.8,96.2
z_78.0_13.5,2028,1,2028-T1,Stable,95.1,1.5,3.4,95.1
z_78.0_13.5,2028,2,2028-T2,Stable,95.2,1.6,3.2,95.2
z_78.0_13.5,2028,3,2028-T3,Diminution,88.8,1.0,88.8,10.2
z_78.0_13.5,2028,4,2028-T4,Stable,96.2,1.0,2.8,96.2
z_78.0_13.5,2029,1,2029-T1,Stable,95.1,1.5,3.4,95.1
z_78.0_13.5,2029,2,2029-T2,Stable,96.7,0.8,2.5,96.7
z_78.0_13.5,2029,3,2029-T3,Diminution,88.2,1.0,88.2,10.7
z_78.0_13.5,2029,4,2029-T4,Stable,96.2,1.0,2.8,96.2
z_78.0_13.5,2030,1,2030-T1,Stable,95.1,1.5,3.4,95.1
z_78.0_13.5,2030,2,2030-T2,Stable,96.4,1.2,2.4,96.4
z_78.0_13.5,2030,3,2030-T3,Diminution,88.4,1.1,88.4,10.5
z_78.0_13.5,2030,4,2030-T4,Stable,96.2,1.0,2.8,96.2
z_78.0_15.0,2023,1,2023-T1,Stable,96.0,1.9,2.1,96.0
z_78.0_15.0,2023,2,2023-T2,Stable,95.5,1.9,2.6,95.5
z_78.0_15.0,2023,3,2023-T3,Stable,97.1,0.8,2.1,97.1
z_78.0_15.0,2023,4,2023-T4,Stable,97.0,0.5,2.6,97.0
z_78.0_15.0,2024,1,2024-T1,Stable,96.2,0.7,3.1,96.2
z_78.0_15.0,2024,2,2024-T2,Stable,97.6,0.4,2.0,97.6
z_78.0_15.0,2024,3,2024-T3,Stable,96.2,1.1,2.7,96.2
z_78.0_15.0,2024,4,2024-T4,Stable,96.2,0.7,3.1,96.2
z_78.0_15.0,2025,1,2025-T1,Stable,96.0,1.9,2.1,96.0
z_78.0_15.0,2025,2,2025-T2,Stable,95.6,1.6,2.8,95.6
z_78.0_15.0,2025,3,2025-T3,Stable,97.1,0.8,2.1,97.1
z_78.0_15.0,2025,4,2025-T4,Stable,97.0,0.5,2.6,97.0
z_78.0_15.0,2026,1,2026-T1,Stable,96.2,0.7,3.1,96.2
z_78.0_15.0,2026,2,2026-T2,Stable,97.3,0.5,2.2,97.3
z_78.0_15.0,2026,3,2026-T3,Stable,97.1,0.8,2.1,97.1
z_78.0_15.0,2026,4,2026-T4,Stable,97.0,0.5,2.6,97.0
z_78.0_15.0,2027,1,2027-T1,Stable,96.2,0.7,3.1,96.2
z_78.0_15.0,2027,2,2027-T2,Stable,95.9,1.2,2.9,95.9
z_78.0_15.0,2027,3,2027-T3,Stable,97.1,0.8,2.1,97.1
z_78.0_15.0,2027,4,2027-T4,Stable,97.0,0.5,2.6,97.0
z_78.0_15.0,2028,1,2028-T1,Stable,96.2,0.7,3.1,96.2
z_78.0_15.0,2028,2,2028-T2,Stable,97.6,0.4,2.1,97.6
z_78.0_15.0,2028,3,2028-T3,Stable,97.1,0.8,2.1,97.1
z_78.0_15.0,2028,4,2028-T4,Stable,97.0,0.5,2.6,97.0
z_78.0_15.0,2029,1,2029-T1,Stable,96.2,0.7,3.1,96.2
z_78.0_15.0,2029,2,2029-T2,Stable,97.2,0.7,2.1,97.2
z_78.0_15.0,2029,3,2029-T3,Stable,97.1,0.8,2.1,97.1
z_78.0_15.0,2029,4,2029-T4,Stable,97.0,0.5,2.6,97.0
z_78.0_15.0,2030,1,2030-T1,Stable,96.2,0.7,3.1,96.2
z_78.0_15.0,2030,2,2030-T2,Stable,98.0,0.3,1.8,98.0
z_78.0_15.0,2030,3,2030-T3,Stable,97.1,0.8,2.1,97.1
z_78.0_15.0,2030,4,2030-T4,Stable,97.0,0.5,2.6,97.0
z_79.5_10.5,2023,1,2023-T1,Stable,85.1,3.4,11.5,85.1
z_79.5_10.5,2023,2,2023-T2,Diminution,85.8,0.2,85.8,14.0
z_79.5_10.5,2023,3,2023-T3,Stable,97.4,0.2,2.4,97.4
z_79.5_10.5,2023,4,2023-T4,Stable,97.7,0.2,2.1,97.7
z_79.5_10.5,2024,1,2024-T1,Stable,97.7,0.2,2.1,97.7
z_79.5_10.5,2024,2,2024-T2,Diminution,88.1,0.3,88.1,11.6
z_79.5_10.5,2024,3,2024-T3,Stable,97.4,0.2,2.4,97.4
z_79.5_10.5,2024,4,2024-T4,Stable,97.7,0.2,2.1,97.7
z_79.5_10.5,2025,1,2025-T1,Stable,97.7,0.2,2.1,97.7
z_79.5_10.5,2025,2,2025-T2,Diminution,87.6,0.2,87.6,12.2
z_79.5_10.5,2025,3,2025-T3,Stable,97.4,0.2,2.4,97.4
z_79.5_10.5,2025,4,2025-T4,Stable,95.8,0.7,3.5,95.8
z_79.5_10.5,2026,1,2026-T1,Stable,96.3,0.7,3.1,96.3
z_79.5_10.5,2026,2,2026-T2,Diminution,83.2,0.7,83.2,16.1
z_79.5_10.5,2026,3,2026-T3,Stable,94.5,1.8,3.7,94.5
z_79.5_10.5,2026,4,2026-T4,Stable,97.7,0.2,2.1,97.7
z_79.5_10.5,2027,1,2027-T1,Stable,97.7,0.2,2.1,97.7
z_79.5_10.5,2027,2,2027-T2,Diminution,88.9,0.1,88.9,11.0
z_79.5_10.5,2027,3,2027-T3,Stable,96.0,0.4,3.6,96.0
z_79.5_10.5,2027,4,2027-T4,Stable,97.7,0.2,2.1,97.7
z_79.5_10.5,2028,1,2028-T1,Stable,97.7,0.2,2.1,97.7
z_79.5_10.5,2028,2,2028-T2,Diminution,87.6,0.0,87.6,12.4
z_79.5_10.5,2028,3,2028-T3,Stable,96.2,0.3,3.5,96.2
z_79.5_10.5,2028,4,2028-T4,Stable,97.7,0.2,2.1,97.7
z_79.5_10.5,2029,1,2029-T1,Stable,97.7,0.2,2.1,97.7
z_79.5_10.5,2029,2,2029-T2,Diminution,87.6,0.0,87.6,12.4
z_79.5_10.5,2029,3,2029-T3,Stable,97.5,0.2,2.3,97.5
z_79.5_10.5,2029,4,2029-T4,Stable,97.7,0.2,2.1,97.7
z_79.5_10.5,2030,1,2030-T1,Stable,97.7,0.2,2.1,97.7
z_79.5_10.5,2030,2,2030-T2,Diminution,87.6,0.0,87.6,12.4
z_79.5_10.5,2030,3,2030-T3,Stable,96.1,0.3,3.6,96.1
z_79.5_10.5,2030,4,2030-T4,Stable,97.7,0.2,2.1,97.7
z_79.5_16.5,2023,1,2023-T1,Stable,97.6,0.2,2.2,97.6
z_79.5_16.5,2023,2,2023-T2,Stable,97.7,0.1,2.2,97.7
z_79.5_16.5,2023,3,2023-T3,Stable,97.3,0.2,2.5,97.3
z_79.5_16.5,2023,4,2023-T4,Stable,96.1,0.4,3.5,96.1
z_79.5_16.5,2024,1,2024-T1,Stable,97.6,0.2,2.2,97.6
z_79.5_16.5,2024,2,2024-T2,Stable,97.7,0.1,2.2,97.7
z_79.5_16.5,2024,3,2024-T3,Stable,97.3,0.2,2.5,97.3
z_79.5_16.5,2024,4,2024-T4,Stable,97.6,0.2,2.2,97.6
z_79.5_16.5,2025,1,2025-T1,Stable,97.6,0.2,2.2,97.6
z_79.5_16.5,2025,2,2025-T2,Stable,97.7,0.1,2.2,97.7
z_79.5_16.5,2025,3,2025-T3,Stable,97.3,0.2,2.5,97.3
z_79.5_16.5,2025,4,2025-T4,Stable,95.2,0.7,4.2,95.2
z_79.5_16.5,2026,1,2026-T1,Stable,96.1,0.8,3.2,96.1
z_79.5_16.5,2026,2,2026-T2,Stable,98.0,0.2,1.8,98.0
z_79.5_16.5,2026,3,2026-T3,Stable,94.5,1.7,3.8,94.5
z_79.5_16.5,2026,4,2026-T4,Stable,97.6,0.2,2.2,97.6
z_79.5_16.5,2027,1,2027-T1,Stable,97.6,0.2,2.2,97.6
z_79.5_16.5,2027,2,2027-T2,Stable,97.7,0.1,2.2,97.7
z_79.5_16.5,2027,3,2027-T3,Stable,95.8,0.5,3.7,95.8
z_79.5_16.5,2027,4,2027-T4,Stable,97.6,0.2,2.2,97.6
z_79.5_16.5,2028,1,2028-T1,Stable,97.6,0.2,2.2,97.6
z_79.5_16.5,2028,2,2028-T2,Stable,97.7,0.1,2.2,97.7
z_79.5_16.5,2028,3,2028-T3,Stable,95.5,0.3,4.3,95.5
z_79.5_16.5,2028,4,2028-T4,Stable,97.6,0.2,2.2,97.6
z_79.5_16.5,2029,1,2029-T1,Stable,97.6,0.2,2.2,97.6
z_79.5_16.5,2029,2,2029-T2,Stable,97.7,0.1,2.2,97.7
z_79.5_16.5,2029,3,2029-T3,Stable,97.4,0.2,2.4,97.4
z_79.5_16.5,2029,4,2029-T4,Stable,97.6,0.2,2.2,97.6
z_79.5_16.5,2030,1,2030-T1,Stable,97.6,0.2,2.2,97.6
z_79.5_16.5,2030,2,2030-T2,Stable,97.7,0.1,2.2,97.7
z_79.5_16.5,2030,3,2030-T3,Stable,95.9,0.4,3.8,95.9
z_79.5_16.5,2030,4,2030-T4,Stable,97.6,0.2,2.2,97.6
