zone,annee,semestre,semestre_annee,tendance,confiance
z_24.0_-18.0,2023,1,2023-S1,Stable,92.9
z_24.0_-19.5,2023,1,2023-S1,Stable,95.7
z_24.0_-22.5,2023,1,2023-S1,Stable,93.5
z_24.0_-24.0,2023,1,2023-S1,Stable,91.1
z_24.0_-39.0,2023,1,2023-S1,Stable,93.1
z_25.5_-15.0,2023,1,2023-S1,Stable,93.2
z_25.5_-16.5,2023,1,2023-S1,Stable,87.9
z_25.5_-18.0,2023,1,2023-S1,Stable,92.7
z_25.5_-39.0,2023,1,2023-S1,Stable,90.7
z_27.0_-15.0,2023,1,2023-S1,Stable,92.1
z_27.0_-16.5,2023,1,2023-S1,Forte diminution,43.2
z_27.0_-18.0,2023,1,2023-S1,Stable,91.3
z_27.0_-37.5,2023,1,2023-S1,Stable,91.7
z_28.5_-12.0,2023,1,2023-S1,Stable,93.3
z_28.5_-13.5,2023,1,2023-S1,Stable,96.2
z_28.5_-15.0,2023,1,2023-S1,Stable,65.5
z_28.5_-16.5,2023,1,2023-S1,Stable,60.0
z_28.5_-18.0,2023,1,2023-S1,Stable,90.7
z_28.5_-21.0,2023,1,2023-S1,Stable,92.1
z_28.5_-28.5,2023,1,2023-S1,Stable,92.9
z_28.5_-33.0,2023,1,2023-S1,Stable,92.3
z_28.5_-34.5,2023,1,2023-S1,Stable,93.5
z_28.5_-36.0,2023,1,2023-S1,Stable,94.0
z_30.0_-10.5,2023,1,2023-S1,Stable,95.6
z_30.0_-12.0,2023,1,2023-S1,Stable,92.1
z_30.0_-13.5,2023,1,2023-S1,Stable,94.4
z_30.0_-15.0,2023,1,2023-S1,Stable,96.8
z_30.0_-18.0,2023,1,2023-S1,Stable,93.3
z_30.0_-33.0,2023,1,2023-S1,Stable,93.0
z_30.0_-36.0,2023,1,2023-S1,Stable,93.5
z_30.0_-37.5,2023,1,2023-S1,Stable,91.1
z_30.0_-39.0,2023,1,2023-S1,Stable,93.5
z_30.0_-42.0,2023,1,2023-S1,Stable,93.1
z_30.0_28.5,2023,1,2023-S1,Stable,71.1
z_30.0_30.0,2023,1,2023-S1,Stable,95.7
z_30.0_31.5,2023,1,2023-S1,Stable,65.6
z_31.5_-10.5,2023,1,2023-S1,Stable,93.0
z_31.5_-12.0,2023,1,2023-S1,Stable,93.6
z_31.5_-15.0,2023,1,2023-S1,Stable,92.4
z_31.5_-18.0,2023,1,2023-S1,Stable,85.9
z_31.5_-33.0,2023,1,2023-S1,Stable,92.8
z_31.5_-39.0,2023,1,2023-S1,Stable,93.6
z_31.5_13.5,2023,1,2023-S1,Stable,93.3
z_31.5_15.0,2023,1,2023-S1,Stable,92.6
z_31.5_19.5,2023,1,2023-S1,Stable,93.3
z_31.5_24.0,2023,1,2023-S1,Stable,91.3
z_31.5_25.5,2023,1,2023-S1,Stable,91.5
z_31.5_27.0,2023,1,2023-S1,Stable,90.3
z_31.5_28.5,2023,1,2023-S1,Stable,91.1
z_31.5_30.0,2023,1,2023-S1,Stable,92.9
z_31.5_31.5,2023,1,2023-S1,Stable,97.6
z_31.5_33.0,2023,1,2023-S1,Stable,93.6
z_31.5_34.5,2023,1,2023-S1,Stable,92.5
z_33.0_-10.5,2023,1,2023-S1,Stable,92.5
z_33.0_-13.5,2023,1,2023-S1,Stable,96.2
z_33.0_-16.5,2023,1,2023-S1,Stable,93.1
z_33.0_-28.5,2023,1,2023-S1,Stable,92.2
z_33.0_-34.5,2023,1,2023-S1,Stable,89.9
z_33.0_-7.5,2023,1,2023-S1,Stable,90.8
z_33.0_-9.0,2023,1,2023-S1,Stable,52.2
z_33.0_10.5,2023,1,2023-S1,Stable,97.0
z_33.0_12.0,2023,1,2023-S1,Stable,92.0
z_33.0_13.5,2023,1,2023-S1,Stable,92.2
z_33.0_18.0,2023,1,2023-S1,Stable,91.5
z_33.0_19.5,2023,1,2023-S1,Stable,93.6
z_33.0_21.0,2023,1,2023-S1,Stable,91.1
z_33.0_22.5,2023,1,2023-S1,Stable,91.2
z_33.0_24.0,2023,1,2023-S1,Stable,93.6
z_33.0_25.5,2023,1,2023-S1,Stable,94.0
z_33.0_28.5,2023,1,2023-S1,Stable,91.8
z_33.0_31.5,2023,1,2023-S1,Stable,89.3
z_33.0_33.0,2023,1,2023-S1,Stable,86.6
z_33.0_34.5,2023,1,2023-S1,Stable,93.0
z_33.0_9.0,2023,1,2023-S1,Stable,93.8
z_34.5_-1.5,2023,1,2023-S1,Stable,93.0
z_34.5_-10.5,2023,1,2023-S1,Stable,93.6
z_34.5_-12.0,2023,1,2023-S1,Stable,92.8
z_34.5_-15.0,2023,1,2023-S1,Stable,96.0
z_34.5_-18.0,2023,1,2023-S1,Stable,92.5
z_34.5_-22.5,2023,1,2023-S1,Stable,87.7
z_34.5_-3.0,2023,1,2023-S1,Stable,94.6
z_34.5_-30.0,2023,1,2023-S1,Stable,91.1
z_34.5_-36.0,2023,1,2023-S1,Stable,92.9
z_34.5_-37.5,2023,1,2023-S1,Stable,92.6
z_34.5_-39.0,2023,1,2023-S1,Stable,96.6
z_34.5_-4.5,2023,1,2023-S1,Stable,87.0
z_34.5_-6.0,2023,1,2023-S1,Stable,61.7
z_34.5_-7.5,2023,1,2023-S1,Stable,71.6
z_34.5_-9.0,2023,1,2023-S1,Stable,93.5
z_34.5_0.0,2023,1,2023-S1,Stable,94.5
z_34.5_10.5,2023,1,2023-S1,Stable,93.3
z_34.5_12.0,2023,1,2023-S1,Stable,70.2
z_34.5_13.5,2023,1,2023-S1,Faible augmentation,35.1
z_34.5_15.0,2023,1,2023-S1,Stable,93.1
z_34.5_16.5,2023,1,2023-S1,Stable,98.0
z_34.5_18.0,2023,1,2023-S1,Stable,93.3
z_34.5_19.5,2023,1,2023-S1,Stable,92.2
z_34.5_21.0,2023,1,2023-S1,Stable,91.9
z_34.5_22.5,2023,1,2023-S1,Stable,73.3
z_34.5_24.0,2023,1,2023-S1,Forte diminution,42.4
z_34.5_25.5,2023,1,2023-S1,Stable,86.2
z_34.5_27.0,2023,1,2023-S1,Stable,81.0
z_34.5_28.5,2023,1,2023-S1,Stable,93.0
z_34.5_30.0,2023,1,2023-S1,Stable,92.9
z_34.5_31.5,2023,1,2023-S1,Stable,76.3
z_34.5_33.0,2023,1,2023-S1,Stable,43.7
z_34.5_34.5,2023,1,2023-S1,Stable,91.8
z_36.0_-1.5,2023,1,2023-S1,Stable,94.8
z_36.0_-10.5,2023,1,2023-S1,Stable,51.5
z_36.0_-12.0,2023,1,2023-S1,Stable,87.2
z_36.0_-13.5,2023,1,2023-S1,Stable,92.8
z_36.0_-16.5,2023,1,2023-S1,Stable,92.8
z_36.0_-18.0,2023,1,2023-S1,Stable,94.3
z_36.0_-21.0,2023,1,2023-S1,Stable,92.9
z_36.0_-22.5,2023,1,2023-S1,Stable,95.7
z_36.0_-24.0,2023,1,2023-S1,Stable,93.5
z_36.0_-25.5,2023,1,2023-S1,Stable,89.3
z_36.0_-3.0,2023,1,2023-S1,Stable,44.1
z_36.0_-36.0,2023,1,2023-S1,Stable,94.3
z_36.0_-4.5,2023,1,2023-S1,Stable,76.3
z_36.0_-42.0,2023,1,2023-S1,Stable,93.0
z_36.0_-6.0,2023,1,2023-S1,Forte augmentation,48.1
z_36.0_-7.5,2023,1,2023-S1,Forte augmentation,41.1
z_36.0_-9.0,2023,1,2023-S1,Stable,46.7
z_36.0_0.0,2023,1,2023-S1,Stable,94.3
z_36.0_1.5,2023,1,2023-S1,Stable,91.3
z_36.0_10.5,2023,1,2023-S1,Stable,79.5
z_36.0_12.0,2023,1,2023-S1,Forte diminution,48.7
z_36.0_13.5,2023,1,2023-S1,Stable,35.1
z_36.0_15.0,2023,1,2023-S1,Stable,39.5
z_36.0_16.5,2023,1,2023-S1,Stable,97.1
z_36.0_18.0,2023,1,2023-S1,Stable,93.1
z_36.0_19.5,2023,1,2023-S1,Stable,96.2
z_36.0_21.0,2023,1,2023-S1,Stable,79.4
z_36.0_22.5,2023,1,2023-S1,Forte diminution,39.9
z_36.0_24.0,2023,1,2023-S1,Forte diminution,34.8
z_36.0_25.5,2023,1,2023-S1,Forte diminution,35.5
z_36.0_27.0,2023,1,2023-S1,Stable,34.8
z_36.0_28.5,2023,1,2023-S1,Stable,87.0
z_36.0_3.0,2023,1,2023-S1,Stable,91.9
z_36.0_30.0,2023,1,2023-S1,Stable,94.8
z_36.0_34.5,2023,1,2023-S1,Stable,85.9
z_36.0_36.0,2023,1,2023-S1,Stable,82.7
z_36.0_4.5,2023,1,2023-S1,Stable,91.6
z_36.0_6.0,2023,1,2023-S1,Stable,92.1
z_36.0_7.5,2023,1,2023-S1,Stable,92.5
z_36.0_9.0,2023,1,2023-S1,Stable,65.7
z_37.5_-1.5,2023,1,2023-S1,Forte augmentation,39.2
z_37.5_-10.5,2023,1,2023-S1,Forte diminution,31.8
z_37.5_-12.0,2023,1,2023-S1,Stable,94.0
z_37.5_-13.5,2023,1,2023-S1,Stable,92.2
z_37.5_-16.5,2023,1,2023-S1,Stable,93.3
z_37.5_-19.5,2023,1,2023-S1,Stable,93.9
z_37.5_-21.0,2023,1,2023-S1,Stable,93.9
z_37.5_-22.5,2023,1,2023-S1,Stable,97.4
z_37.5_-24.0,2023,1,2023-S1,Stable,93.7
z_37.5_-25.5,2023,1,2023-S1,Stable,97.4
z_37.5_-27.0,2023,1,2023-S1,Stable,55.0
z_37.5_-28.5,2023,1,2023-S1,Stable,84.7
z_37.5_-30.0,2023,1,2023-S1,Stable,95.2
z_37.5_-31.5,2023,1,2023-S1,Stable,93.9
z_37.5_-39.0,2023,1,2023-S1,Stable,92.6
z_37.5_-9.0,2023,1,2023-S1,Forte diminution,37.7
z_37.5_0.0,2023,1,2023-S1,Stable,48.3
z_37.5_1.5,2023,1,2023-S1,Stable,94.8
z_37.5_10.5,2023,1,2023-S1,Stable,92.3
z_37.5_12.0,2023,1,2023-S1,Forte diminution,51.7
z_37.5_13.5,2023,1,2023-S1,Stable,45.7
z_37.5_15.0,2023,1,2023-S1,Forte diminution,52.5
z_37.5_16.5,2023,1,2023-S1,Stable,73.4
z_37.5_18.0,2023,1,2023-S1,Stable,93.1
z_37.5_19.5,2023,1,2023-S1,Forte diminution,40.4
z_37.5_21.0,2023,1,2023-S1,Forte diminution,33.2
z_37.5_22.5,2023,1,2023-S1,Faible diminution,33.8
z_37.5_24.0,2023,1,2023-S1,Forte augmentation,25.7
z_37.5_25.5,2023,1,2023-S1,Stable,56.7
z_37.5_27.0,2023,1,2023-S1,Stable,88.9
z_37.5_3.0,2023,1,2023-S1,Stable,87.3
z_37.5_4.5,2023,1,2023-S1,Stable,87.3
z_37.5_6.0,2023,1,2023-S1,Stable,94.3
z_37.5_7.5,2023,1,2023-S1,Stable,96.1
z_37.5_9.0,2023,1,2023-S1,Stable,77.2
z_39.0_-1.5,2023,1,2023-S1,Forte diminution,50.7
z_39.0_-10.5,2023,1,2023-S1,Stable,42.2
z_39.0_-12.0,2023,1,2023-S1,Stable,93.9
z_39.0_-15.0,2023,1,2023-S1,Stable,93.9
z_39.0_-16.5,2023,1,2023-S1,Stable,93.0
z_39.0_-18.0,2023,1,2023-S1,Stable,89.5
z_39.0_-28.5,2023,1,2023-S1,Stable,92.8
z_39.0_-31.5,2023,1,2023-S1,Stable,99.2
z_39.0_-39.0,2023,1,2023-S1,Stable,91.9
z_39.0_-9.0,2023,1,2023-S1,Stable,60.2
z_39.0_0.0,2023,1,2023-S1,Stable,61.2
z_39.0_1.5,2023,1,2023-S1,Stable,43.0
z_39.0_10.5,2023,1,2023-S1,Stable,89.6
z_39.0_12.0,2023,1,2023-S1,Stable,86.2
z_39.0_13.5,2023,1,2023-S1,Stable,97.0
z_39.0_15.0,2023,1,2023-S1,Stable,80.5
z_39.0_16.5,2023,1,2023-S1,Stable,61.3
z_39.0_18.0,2023,1,2023-S1,Stable,56.4
z_39.0_19.5,2023,1,2023-S1,Forte diminution,33.6
z_39.0_22.5,2023,1,2023-S1,Forte augmentation,34.7
z_39.0_24.0,2023,1,2023-S1,Stable,55.2
z_39.0_25.5,2023,1,2023-S1,Stable,48.7
z_39.0_27.0,2023,1,2023-S1,Stable,86.6
z_39.0_3.0,2023,1,2023-S1,Stable,74.5
z_39.0_4.5,2023,1,2023-S1,Stable,94.4
z_39.0_6.0,2023,1,2023-S1,Stable,93.7
z_39.0_7.5,2023,1,2023-S1,Stable,88.4
z_39.0_9.0,2023,1,2023-S1,Stable,47.7
z_40.5_-10.5,2023,1,2023-S1,Stable,72.6
z_40.5_-12.0,2023,1,2023-S1,Stable,92.6
z_40.5_-21.0,2023,1,2023-S1,Stable,93.4
z_40.5_-22.5,2023,1,2023-S1,Stable,94.3
z_40.5_-36.0,2023,1,2023-S1,Stable,92.6
z_40.5_-37.5,2023,1,2023-S1,Stable,92.5
z_40.5_-9.0,2023,1,2023-S1,Forte diminution,44.5
z_40.5_0.0,2023,1,2023-S1,Stable,42.2
z_40.5_1.5,2023,1,2023-S1,Forte diminution,34.8
z_40.5_10.5,2023,1,2023-S1,Stable,92.8
z_40.5_12.0,2023,1,2023-S1,Stable,61.0
z_40.5_13.5,2023,1,2023-S1,Stable,38.3
z_40.5_15.0,2023,1,2023-S1,Stable,86.2
z_40.5_16.5,2023,1,2023-S1,Forte augmentation,55.7
z_40.5_18.0,2023,1,2023-S1,Stable,89.8
z_40.5_22.5,2023,1,2023-S1,Stable,66.8
z_40.5_24.0,2023,1,2023-S1,Stable,34.9
z_40.5_25.5,2023,1,2023-S1,Stable,70.1
z_40.5_27.0,2023,1,2023-S1,Stable,88.4
z_40.5_28.5,2023,1,2023-S1,Stable,56.2
z_40.5_3.0,2023,1,2023-S1,Forte diminution,52.9
z_40.5_30.0,2023,1,2023-S1,Stable,91.3
z_40.5_31.5,2023,1,2023-S1,Stable,93.0
z_40.5_36.0,2023,1,2023-S1,Stable,85.5
z_40.5_37.5,2023,1,2023-S1,Stable,94.0
z_40.5_4.5,2023,1,2023-S1,Stable,92.9
z_40.5_6.0,2023,1,2023-S1,Stable,93.5
z_40.5_7.5,2023,1,2023-S1,Forte diminution,47.4
z_40.5_9.0,2023,1,2023-S1,Stable,52.0
z_42.0_-10.5,2023,1,2023-S1,Forte diminution,41.6
z_42.0_-12.0,2023,1,2023-S1,Stable,93.0
z_42.0_-19.5,2023,1,2023-S1,Stable,93.9
z_42.0_-24.0,2023,1,2023-S1,Stable,97.2
z_42.0_-28.5,2023,1,2023-S1,Stable,93.3
z_42.0_-3.0,2023,1,2023-S1,Stable,60.4
z_42.0_-36.0,2023,1,2023-S1,Stable,96.6
z_42.0_-39.0,2023,1,2023-S1,Stable,93.9
z_42.0_-4.5,2023,1,2023-S1,Stable,50.5
z_42.0_-6.0,2023,1,2023-S1,Stable,92.3
z_42.0_-9.0,2023,1,2023-S1,Stable,53.9
z_42.0_10.5,2023,1,2023-S1,Stable,48.9
z_42.0_13.5,2023,1,2023-S1,Stable,42.2
z_42.0_15.0,2023,1,2023-S1,Forte augmentation,36.0
z_42.0_16.5,2023,1,2023-S1,Stable,65.2
z_42.0_18.0,2023,1,2023-S1,Stable,95.7
z_42.0_27.0,2023,1,2023-S1,Stable,62.1
z_42.0_28.5,2023,1,2023-S1,Stable,87.1
z_42.0_3.0,2023,1,2023-S1,Forte augmentation,41.7
z_42.0_33.0,2023,1,2023-S1,Stable,89.6
z_42.0_37.5,2023,1,2023-S1,Stable,93.9
z_42.0_4.5,2023,1,2023-S1,Forte augmentation,44.1
z_42.0_40.5,2023,1,2023-S1,Stable,90.2
z_42.0_6.0,2023,1,2023-S1,Stable,46.2
z_42.0_7.5,2023,1,2023-S1,Stable,96.1
z_42.0_9.0,2023,1,2023-S1,Forte diminution,48.9
z_43.5_-1.5,2023,1,2023-S1,Stable,42.2
z_43.5_-10.5,2023,1,2023-S1,Stable,90.8
z_43.5_-12.0,2023,1,2023-S1,Stable,91.8
z_43.5_-28.5,2023,1,2023-S1,Stable,91.2
z_43.5_-3.0,2023,1,2023-S1,Stable,62.0
z_43.5_-33.0,2023,1,2023-S1,Stable,94.2
z_43.5_-34.5,2023,1,2023-S1,Stable,93.3
z_43.5_-4.5,2023,1,2023-S1,Stable,40.9
z_43.5_-40.5,2023,1,2023-S1,Stable,93.6
z_43.5_-6.0,2023,1,2023-S1,Forte diminution,61.9
z_43.5_-7.5,2023,1,2023-S1,Stable,47.3
z_43.5_-9.0,2023,1,2023-S1,Forte diminution,43.7
z_43.5_12.0,2023,1,2023-S1,Forte augmentation,45.3
z_43.5_13.5,2023,1,2023-S1,Stable,59.2
z_43.5_15.0,2023,1,2023-S1,Stable,63.0
z_43.5_28.5,2023,1,2023-S1,Stable,65.2
z_43.5_30.0,2023,1,2023-S1,Stable,95.9
z_43.5_36.0,2023,1,2023-S1,Stable,92.9
z_43.5_37.5,2023,1,2023-S1,Stable,90.9
z_43.5_39.0,2023,1,2023-S1,Stable,93.8
z_43.5_6.0,2023,1,2023-S1,Stable,88.5
z_43.5_7.5,2023,1,2023-S1,Forte diminution,47.7
z_43.5_9.0,2023,1,2023-S1,Forte diminution,46.4
z_45.0_-1.5,2023,1,2023-S1,Stable,42.2
z_45.0_-10.5,2023,1,2023-S1,Stable,92.9
z_45.0_-12.0,2023,1,2023-S1,Stable,92.5
z_45.0_-13.5,2023,1,2023-S1,Stable,93.3
z_45.0_-19.5,2023,1,2023-S1,Stable,94.8
z_45.0_-22.5,2023,1,2023-S1,Stable,90.8
z_45.0_-3.0,2023,1,2023-S1,Forte diminution,38.1
z_45.0_-36.0,2023,1,2023-S1,Stable,93.5
z_45.0_-4.5,2023,1,2023-S1,Stable,69.3
z_45.0_-42.0,2023,1,2023-S1,Stable,93.6
z_45.0_-6.0,2023,1,2023-S1,Stable,93.0
z_45.0_-7.5,2023,1,2023-S1,Stable,96.1
z_45.0_-9.0,2023,1,2023-S1,Stable,81.1
z_45.0_12.0,2023,1,2023-S1,Forte diminution,34.9
z_45.0_13.5,2023,1,2023-S1,Forte diminution,36.1
z_45.0_28.5,2023,1,2023-S1,Stable,85.5
z_45.0_30.0,2023,1,2023-S1,Stable,77.8
z_45.0_31.5,2023,1,2023-S1,Stable,89.5
z_45.0_34.5,2023,1,2023-S1,Stable,92.9
z_45.0_36.0,2023,1,2023-S1,Stable,90.0
z_46.5_-10.5,2023,1,2023-S1,Stable,85.8
z_46.5_-12.0,2023,1,2023-S1,Stable,94.2
z_46.5_-13.5,2023,1,2023-S1,Stable,93.5
z_46.5_-19.5,2023,1,2023-S1,Stable,92.5
z_46.5_-21.0,2023,1,2023-S1,Stable,93.5
z_46.5_-25.5,2023,1,2023-S1,Stable,92.5
z_46.5_-3.0,2023,1,2023-S1,Forte augmentation,34.6
z_46.5_-31.5,2023,1,2023-S1,Stable,93.1
z_46.5_-36.0,2023,1,2023-S1,Stable,93.9
z_46.5_-4.5,2023,1,2023-S1,Stable,34.2
z_46.5_-6.0,2023,1,2023-S1,Stable,35.8
z_46.5_-7.5,2023,1,2023-S1,Stable,61.7
z_46.5_-9.0,2023,1,2023-S1,Stable,93.2
z_46.5_30.0,2023,1,2023-S1,Stable,69.4
z_46.5_31.5,2023,1,2023-S1,Stable,88.8
z_46.5_36.0,2023,1,2023-S1,Stable,90.3
z_46.5_37.5,2023,1,2023-S1,Stable,93.5
z_46.5_39.0,2023,1,2023-S1,Stable,88.5
z_48.0_-1.5,2023,1,2023-S1,Forte augmentation,45.7
z_48.0_-10.5,2023,1,2023-S1,Stable,90.5
z_48.0_-12.0,2023,1,2023-S1,Stable,92.0
z_48.0_-13.5,2023,1,2023-S1,Stable,93.3
z_48.0_-15.0,2023,1,2023-S1,Stable,90.0
z_48.0_-18.0,2023,1,2023-S1,Stable,93.3
z_48.0_-19.5,2023,1,2023-S1,Stable,90.8
z_48.0_-21.0,2023,1,2023-S1,Stable,93.1
z_48.0_-24.0,2023,1,2023-S1,Stable,92.1
z_48.0_-25.5,2023,1,2023-S1,Stable,92.5
z_48.0_-28.5,2023,1,2023-S1,Stable,93.5
z_48.0_-3.0,2023,1,2023-S1,Stable,61.8
z_48.0_-30.0,2023,1,2023-S1,Stable,95.6
z_48.0_-4.5,2023,1,2023-S1,Forte diminution,36.3
z_48.0_-40.5,2023,1,2023-S1,Stable,92.8
z_48.0_-6.0,2023,1,2023-S1,Forte diminution,38.7
z_48.0_-7.5,2023,1,2023-S1,Stable,72.4
z_48.0_-9.0,2023,1,2023-S1,Stable,55.3
z_49.5_-1.5,2023,1,2023-S1,Faible diminution,31.9
z_49.5_-10.5,2023,1,2023-S1,Stable,92.4
z_49.5_-12.0,2023,1,2023-S1,Stable,84.4
z_49.5_-13.5,2023,1,2023-S1,Stable,93.3
z_49.5_-15.0,2023,1,2023-S1,Stable,93.5
z_49.5_-16.5,2023,1,2023-S1,Stable,96.9
z_49.5_-18.0,2023,1,2023-S1,Stable,96.3
z_49.5_-19.5,2023,1,2023-S1,Stable,92.8
z_49.5_-21.0,2023,1,2023-S1,Stable,92.9
z_49.5_-24.0,2023,1,2023-S1,Stable,93.1
z_49.5_-3.0,2023,1,2023-S1,Forte augmentation,38.4
z_49.5_-30.0,2023,1,2023-S1,Stable,93.1
z_49.5_-4.5,2023,1,2023-S1,Stable,66.9
z_49.5_-6.0,2023,1,2023-S1,Stable,57.2
z_49.5_-7.5,2023,1,2023-S1,Stable,79.9
z_49.5_-9.0,2023,1,2023-S1,Stable,75.6
z_49.5_0.0,2023,1,2023-S1,Forte diminution,28.8
z_49.5_1.5,2023,1,2023-S1,Stable,91.7
z_51.0_-10.5,2023,1,2023-S1,Stable,62.0
z_51.0_-12.0,2023,1,2023-S1,Stable,53.5
z_51.0_-13.5,2023,1,2023-S1,Stable,78.4
z_51.0_-15.0,2023,1,2023-S1,Stable,94.2
z_51.0_-16.5,2023,1,2023-S1,Stable,94.4
z_51.0_-18.0,2023,1,2023-S1,Stable,95.9
z_51.0_-19.5,2023,1,2023-S1,Stable,93.5
z_51.0_-21.0,2023,1,2023-S1,Stable,90.4
z_51.0_-25.5,2023,1,2023-S1,Stable,93.5
z_51.0_-27.0,2023,1,2023-S1,Stable,92.8
z_51.0_-4.5,2023,1,2023-S1,Stable,79.9
z_51.0_-6.0,2023,1,2023-S1,Forte diminution,53.2
z_51.0_-7.5,2023,1,2023-S1,Forte augmentation,35.9
z_51.0_-9.0,2023,1,2023-S1,Stable,81.0
z_51.0_0.0,2023,1,2023-S1,Stable,40.2
z_51.0_1.5,2023,1,2023-S1,Forte diminution,49.8
z_51.0_3.0,2023,1,2023-S1,Stable,32.4
z_52.5_-1.5,2023,1,2023-S1,Stable,44.8
z_52.5_-10.5,2023,1,2023-S1,Stable,74.2
z_52.5_-12.0,2023,1,2023-S1,Stable,93.5
z_52.5_-13.5,2023,1,2023-S1,Stable,92.4
z_52.5_-15.0,2023,1,2023-S1,Stable,98.7
z_52.5_-19.5,2023,1,2023-S1,Stable,94.2
z_52.5_-21.0,2023,1,2023-S1,Stable,92.9
z_52.5_-4.5,2023,1,2023-S1,Stable,54.2
z_52.5_-6.0,2023,1,2023-S1,Stable,50.2
z_52.5_-7.5,2023,1,2023-S1,Stable,40.0
z_52.5_0.0,2023,1,2023-S1,Forte diminution,44.9
z_52.5_1.5,2023,1,2023-S1,Stable,48.6
z_52.5_13.5,2023,1,2023-S1,Forte augmentation,39.9
z_52.5_3.0,2023,1,2023-S1,Stable,52.7
z_52.5_4.5,2023,1,2023-S1,Forte diminution,38.1
z_52.5_6.0,2023,1,2023-S1,Forte diminution,45.5
z_52.5_7.5,2023,1,2023-S1,Forte diminution,27.5
z_52.5_9.0,2023,1,2023-S1,Stable,40.7
z_54.0_-1.5,2023,1,2023-S1,Stable,62.5
z_54.0_-10.5,2023,1,2023-S1,Stable,88.3
z_54.0_-12.0,2023,1,2023-S1,Stable,79.8
z_54.0_-13.5,2023,1,2023-S1,Stable,92.3
z_54.0_-15.0,2023,1,2023-S1,Stable,88.7
z_54.0_-16.5,2023,1,2023-S1,Stable,94.5
z_54.0_-4.5,2023,1,2023-S1,Stable,64.6
z_54.0_-6.0,2023,1,2023-S1,Stable,88.8
z_54.0_-7.5,2023,1,2023-S1,Stable,61.4
z_54.0_-9.0,2023,1,2023-S1,Stable,90.1
z_54.0_0.0,2023,1,2023-S1,Stable,72.0
z_54.0_1.5,2023,1,2023-S1,Stable,86.8
z_54.0_10.5,2023,1,2023-S1,Faible augmentation,58.1
z_54.0_12.0,2023,1,2023-S1,Forte diminution,28.3
z_54.0_13.5,2023,1,2023-S1,Forte diminution,37.5
z_54.0_15.0,2023,1,2023-S1,Stable,63.9
z_54.0_16.5,2023,1,2023-S1,Stable,85.6
z_54.0_18.0,2023,1,2023-S1,Forte diminution,33.6
z_54.0_19.5,2023,1,2023-S1,Stable,94.3
z_54.0_3.0,2023,1,2023-S1,Stable,92.7
z_54.0_4.5,2023,1,2023-S1,Stable,84.7
z_54.0_6.0,2023,1,2023-S1,Stable,80.3
z_54.0_7.5,2023,1,2023-S1,Faible diminution,39.6
z_54.0_9.0,2023,1,2023-S1,Forte diminution,43.0
z_55.5_-1.5,2023,1,2023-S1,Stable,93.1
z_55.5_-10.5,2023,1,2023-S1,Stable,89.8
z_55.5_-12.0,2023,1,2023-S1,Stable,92.8
z_55.5_-15.0,2023,1,2023-S1,Stable,88.7
z_55.5_-3.0,2023,1,2023-S1,Stable,87.1
z_55.5_-39.0,2023,1,2023-S1,Stable,93.1
z_55.5_-4.5,2023,1,2023-S1,Stable,93.8
z_55.5_-6.0,2023,1,2023-S1,Stable,59.7
z_55.5_-7.5,2023,1,2023-S1,Stable,91.5
z_55.5_-9.0,2023,1,2023-S1,Stable,91.9
z_55.5_0.0,2023,1,2023-S1,Stable,94.0
z_55.5_1.5,2023,1,2023-S1,Stable,98.1
z_55.5_10.5,2023,1,2023-S1,Forte augmentation,39.3
z_55.5_12.0,2023,1,2023-S1,Faible diminution,40.3
z_55.5_13.5,2023,1,2023-S1,Stable,62.8
z_55.5_15.0,2023,1,2023-S1,Stable,47.7
z_55.5_16.5,2023,1,2023-S1,Stable,70.8
z_55.5_18.0,2023,1,2023-S1,Stable,94.4
z_55.5_19.5,2023,1,2023-S1,Stable,66.3
z_55.5_21.0,2023,1,2023-S1,Forte diminution,33.4
z_55.5_3.0,2023,1,2023-S1,Stable,86.2
z_55.5_4.5,2023,1,2023-S1,Stable,77.8
z_55.5_6.0,2023,1,2023-S1,Stable,68.1
z_55.5_7.5,2023,1,2023-S1,Forte augmentation,40.5
z_55.5_9.0,2023,1,2023-S1,Stable,34.0
z_57.0_-1.5,2023,1,2023-S1,Stable,98.3
z_57.0_-10.5,2023,1,2023-S1,Stable,94.8
z_57.0_-13.5,2023,1,2023-S1,Stable,89.3
z_57.0_-15.0,2023,1,2023-S1,Stable,93.8
z_57.0_-24.0,2023,1,2023-S1,Stable,88.3
z_57.0_-28.5,2023,1,2023-S1,Stable,91.1
z_57.0_-3.0,2023,1,2023-S1,Stable,74.3
z_57.0_-4.5,2023,1,2023-S1,Stable,90.3
z_57.0_-6.0,2023,1,2023-S1,Stable,70.7
z_57.0_-7.5,2023,1,2023-S1,Stable,87.6
z_57.0_-9.0,2023,1,2023-S1,Stable,94.9
z_57.0_0.0,2023,1,2023-S1,Stable,94.8
z_57.0_1.5,2023,1,2023-S1,Stable,93.7
z_57.0_10.5,2023,1,2023-S1,Forte diminution,35.4
z_57.0_12.0,2023,1,2023-S1,Stable,60.6
z_57.0_16.5,2023,1,2023-S1,Forte diminution,52.2
z_57.0_18.0,2023,1,2023-S1,Stable,77.1
z_57.0_19.5,2023,1,2023-S1,Stable,83.3
z_57.0_21.0,2023,1,2023-S1,Stable,85.4
z_57.0_22.5,2023,1,2023-S1,Stable,61.4
z_57.0_24.0,2023,1,2023-S1,Stable,94.8
z_57.0_3.0,2023,1,2023-S1,Stable,87.1
z_57.0_4.5,2023,1,2023-S1,Stable,76.3
z_57.0_6.0,2023,1,2023-S1,Stable,69.4
z_57.0_7.5,2023,1,2023-S1,Stable,50.4
z_57.0_9.0,2023,1,2023-S1,Stable,48.4
z_58.5_-1.5,2023,1,2023-S1,Stable,87.2
z_58.5_-10.5,2023,1,2023-S1,Stable,97.8
z_58.5_-12.0,2023,1,2023-S1,Stable,93.2
z_58.5_-15.0,2023,1,2023-S1,Stable,93.6
z_58.5_-19.5,2023,1,2023-S1,Stable,86.7
z_58.5_-24.0,2023,1,2023-S1,Stable,92.8
z_58.5_-3.0,2023,1,2023-S1,Stable,94.6
z_58.5_-31.5,2023,1,2023-S1,Stable,91.4
z_58.5_-4.5,2023,1,2023-S1,Stable,92.3
z_58.5_-6.0,2023,1,2023-S1,Stable,94.2
z_58.5_-7.5,2023,1,2023-S1,Stable,93.5
z_58.5_-9.0,2023,1,2023-S1,Stable,95.8
z_58.5_0.0,2023,1,2023-S1,Stable,91.1
z_58.5_1.5,2023,1,2023-S1,Stable,93.5
z_58.5_10.5,2023,1,2023-S1,Forte diminution,41.9
z_58.5_15.0,2023,1,2023-S1,Stable,69.1
z_58.5_16.5,2023,1,2023-S1,Forte diminution,27.2
z_58.5_18.0,2023,1,2023-S1,Stable,29.8
z_58.5_19.5,2023,1,2023-S1,Stable,67.9
z_58.5_21.0,2023,1,2023-S1,Stable,58.8
z_58.5_22.5,2023,1,2023-S1,Stable,62.2
z_58.5_24.0,2023,1,2023-S1,Forte diminution,38.8
z_58.5_25.5,2023,1,2023-S1,Stable,79.8
z_58.5_27.0,2023,1,2023-S1,Stable,93.9
z_58.5_28.5,2023,1,2023-S1,Stable,97.5
z_58.5_3.0,2023,1,2023-S1,Stable,72.5
z_58.5_4.5,2023,1,2023-S1,Stable,35.3
z_58.5_6.0,2023,1,2023-S1,Stable,94.2
z_58.5_7.5,2023,1,2023-S1,Stable,86.8
z_58.5_9.0,2023,1,2023-S1,Stable,67.4
z_60.0_-1.5,2023,1,2023-S1,Stable,95.6
z_60.0_-10.5,2023,1,2023-S1,Stable,93.4
z_60.0_-12.0,2023,1,2023-S1,Stable,85.6
z_60.0_-27.0,2023,1,2023-S1,Stable,92.4
z_60.0_-3.0,2023,1,2023-S1,Stable,92.6
z_60.0_-31.5,2023,1,2023-S1,Stable,90.5
z_60.0_-4.5,2023,1,2023-S1,Stable,84.2
z_60.0_-6.0,2023,1,2023-S1,Stable,94.8
z_60.0_-7.5,2023,1,2023-S1,Stable,97.8
z_60.0_-9.0,2023,1,2023-S1,Stable,90.2
z_60.0_0.0,2023,1,2023-S1,Stable,91.8
z_60.0_1.5,2023,1,2023-S1,Stable,59.5
z_60.0_16.5,2023,1,2023-S1,Stable,81.4
z_60.0_18.0,2023,1,2023-S1,Stable,90.8
z_60.0_19.5,2023,1,2023-S1,Stable,93.0
z_60.0_21.0,2023,1,2023-S1,Stable,44.1
z_60.0_24.0,2023,1,2023-S1,Stable,68.6
z_60.0_25.5,2023,1,2023-S1,Forte diminution,53.6
z_60.0_27.0,2023,1,2023-S1,Stable,91.7
z_60.0_28.5,2023,1,2023-S1,Stable,87.7
z_60.0_3.0,2023,1,2023-S1,Stable,76.2
z_60.0_4.5,2023,1,2023-S1,Forte diminution,46.5
z_60.0_6.0,2023,1,2023-S1,Stable,93.0
z_61.5_-1.5,2023,1,2023-S1,Stable,90.8
z_61.5_-10.5,2023,1,2023-S1,Stable,92.7
z_61.5_-12.0,2023,1,2023-S1,Stable,84.2
z_61.5_-13.5,2023,1,2023-S1,Stable,93.7
z_61.5_-16.5,2023,1,2023-S1,Stable,91.8
z_61.5_-18.0,2023,1,2023-S1,Stable,93.5
z_61.5_-27.0,2023,1,2023-S1,Stable,93.3
z_61.5_-7.5,2023,1,2023-S1,Stable,84.9
z_61.5_-9.0,2023,1,2023-S1,Stable,90.8
z_61.5_0.0,2023,1,2023-S1,Stable,92.4
z_61.5_1.5,2023,1,2023-S1,Stable,91.4
z_61.5_16.5,2023,1,2023-S1,Stable,85.0
z_61.5_18.0,2023,1,2023-S1,Stable,82.9
z_61.5_19.5,2023,1,2023-S1,Stable,83.6
z_61.5_21.0,2023,1,2023-S1,Stable,92.8
z_61.5_3.0,2023,1,2023-S1,Stable,85.5
z_61.5_4.5,2023,1,2023-S1,Stable,37.8
z_61.5_6.0,2023,1,2023-S1,Stable,45.3
z_61.5_7.5,2023,1,2023-S1,Stable,88.7
z_63.0_-1.5,2023,1,2023-S1,Stable,85.3
z_63.0_-10.5,2023,1,2023-S1,Stable,90.3
z_63.0_-12.0,2023,1,2023-S1,Stable,91.2
z_63.0_-13.5,2023,1,2023-S1,Stable,93.3
z_63.0_-15.0,2023,1,2023-S1,Stable,93.0
z_63.0_-16.5,2023,1,2023-S1,Stable,90.7
z_63.0_-18.0,2023,1,2023-S1,Stable,88.0
z_63.0_-19.5,2023,1,2023-S1,Stable,87.5
z_63.0_-21.0,2023,1,2023-S1,Stable,79.1
z_63.0_-22.5,2023,1,2023-S1,Stable,47.3
z_63.0_-24.0,2023,1,2023-S1,Stable,72.5
z_63.0_-25.5,2023,1,2023-S1,Stable,93.4
z_63.0_-27.0,2023,1,2023-S1,Stable,92.8
z_63.0_-36.0,2023,1,2023-S1,Stable,95.0
z_63.0_-39.0,2023,1,2023-S1,Stable,92.1
z_63.0_-7.5,2023,1,2023-S1,Stable,95.7
z_63.0_-9.0,2023,1,2023-S1,Stable,92.9
z_63.0_0.0,2023,1,2023-S1,Stable,91.2
z_63.0_10.5,2023,1,2023-S1,Stable,90.0
z_63.0_18.0,2023,1,2023-S1,Stable,92.0
z_63.0_19.5,2023,1,2023-S1,Stable,72.1
z_63.0_21.0,2023,1,2023-S1,Stable,80.9
z_63.0_22.5,2023,1,2023-S1,Stable,86.1
z_63.0_3.0,2023,1,2023-S1,Stable,95.1
z_63.0_4.5,2023,1,2023-S1,Stable,67.7
z_63.0_6.0,2023,1,2023-S1,Stable,90.3
z_63.0_7.5,2023,1,2023-S1,Stable,40.7
z_63.0_9.0,2023,1,2023-S1,Forte diminution,46.1
z_64.5_-10.5,2023,1,2023-S1,Stable,92.9
z_64.5_-12.0,2023,1,2023-S1,Stable,94.3
z_64.5_-13.5,2023,1,2023-S1,Stable,94.4
z_64.5_-15.0,2023,1,2023-S1,Stable,86.5
z_64.5_-19.5,2023,1,2023-S1,Stable,93.5
z_64.5_-21.0,2023,1,2023-S1,Stable,86.7
z_64.5_-22.5,2023,1,2023-S1,Stable,80.7
z_64.5_-24.0,2023,1,2023-S1,Stable,71.4
z_64.5_-25.5,2023,1,2023-S1,Stable,77.1
z_64.5_-27.0,2023,1,2023-S1,Stable,86.9
z_64.5_-28.5,2023,1,2023-S1,Stable,92.7
z_64.5_-3.0,2023,1,2023-S1,Stable,93.2
z_64.5_-33.0,2023,1,2023-S1,Stable,93.5
z_64.5_-37.5,2023,1,2023-S1,Stable,89.8
z_64.5_-6.0,2023,1,2023-S1,Stable,92.1
z_64.5_0.0,2023,1,2023-S1,Stable,92.0
z_64.5_10.5,2023,1,2023-S1,Stable,48.9
z_64.5_12.0,2023,1,2023-S1,Forte diminution,51.1
z_64.5_21.0,2023,1,2023-S1,Forte diminution,45.4
z_64.5_22.5,2023,1,2023-S1,Stable,94.2
z_64.5_24.0,2023,1,2023-S1,Stable,68.2
z_64.5_3.0,2023,1,2023-S1,Stable,91.8
z_64.5_34.5,2023,1,2023-S1,Stable,94.0
z_64.5_39.0,2023,1,2023-S1,Stable,85.9
z_64.5_4.5,2023,1,2023-S1,Stable,92.6
z_64.5_6.0,2023,1,2023-S1,Stable,88.3
z_64.5_7.5,2023,1,2023-S1,Stable,93.4
z_64.5_9.0,2023,1,2023-S1,Stable,91.3
z_66.0_-1.5,2023,1,2023-S1,Stable,90.7
z_66.0_-12.0,2023,1,2023-S1,Stable,93.2
z_66.0_-13.5,2023,1,2023-S1,Stable,87.3
z_66.0_-15.0,2023,1,2023-S1,Stable,93.9
z_66.0_-16.5,2023,1,2023-S1,Stable,94.9
z_66.0_-18.0,2023,1,2023-S1,Stable,91.4
z_66.0_-19.5,2023,1,2023-S1,Stable,92.8
z_66.0_-21.0,2023,1,2023-S1,Stable,94.4
z_66.0_-22.5,2023,1,2023-S1,Stable,92.5
z_66.0_-24.0,2023,1,2023-S1,Stable,69.9
z_66.0_-25.5,2023,1,2023-S1,Stable,92.0
z_66.0_-27.0,2023,1,2023-S1,Stable,93.0
z_66.0_-3.0,2023,1,2023-S1,Stable,88.4
z_66.0_1.5,2023,1,2023-S1,Stable,89.5
z_66.0_10.5,2023,1,2023-S1,Stable,93.7
z_66.0_12.0,2023,1,2023-S1,Stable,45.9
z_66.0_13.5,2023,1,2023-S1,Stable,46.9
z_66.0_15.0,2023,1,2023-S1,Stable,83.5
z_66.0_4.5,2023,1,2023-S1,Stable,92.9
z_66.0_6.0,2023,1,2023-S1,Stable,94.4
z_66.0_7.5,2023,1,2023-S1,Stable,97.1
z_66.0_9.0,2023,1,2023-S1,Stable,94.6
z_67.5_-1.5,2023,1,2023-S1,Stable,91.6
z_67.5_-16.5,2023,1,2023-S1,Stable,91.1
z_67.5_0.0,2023,1,2023-S1,Stable,88.2
z_67.5_10.5,2023,1,2023-S1,Stable,84.2
z_67.5_12.0,2023,1,2023-S1,Stable,51.2
z_67.5_13.5,2023,1,2023-S1,Stable,68.1
z_67.5_15.0,2023,1,2023-S1,Stable,44.9
z_67.5_16.5,2023,1,2023-S1,Stable,61.3
z_67.5_4.5,2023,1,2023-S1,Stable,91.2
z_67.5_6.0,2023,1,2023-S1,Stable,92.5
z_67.5_9.0,2023,1,2023-S1,Stable,88.3
z_69.0_-18.0,2023,1,2023-S1,Stable,91.7
z_69.0_13.5,2023,1,2023-S1,Stable,91.5
z_69.0_15.0,2023,1,2023-S1,Stable,40.2
z_69.0_16.5,2023,1,2023-S1,Forte diminution,42.7
z_69.0_18.0,2023,1,2023-S1,Stable,57.2
z_69.0_19.5,2023,1,2023-S1,Stable,75.7
z_69.0_21.0,2023,1,2023-S1,Stable,77.1
z_69.0_22.5,2023,1,2023-S1,Stable,60.4
z_69.0_24.0,2023,1,2023-S1,Stable,94.3
z_69.0_28.5,2023,1,2023-S1,Stable,93.9
z_69.0_30.0,2023,1,2023-S1,Stable,87.7
z_69.0_33.0,2023,1,2023-S1,Stable,91.4
z_69.0_42.0,2023,1,2023-S1,Stable,93.6
z_69.0_6.0,2023,1,2023-S1,Stable,93.5
z_69.0_67.5,2023,1,2023-S1,Stable,88.1
z_70.5_-12.0,2023,1,2023-S1,Stable,93.8
z_70.5_0.0,2023,1,2023-S1,Stable,93.2
z_70.5_10.5,2023,1,2023-S1,Stable,90.4
z_70.5_13.5,2023,1,2023-S1,Stable,97.1
z_70.5_15.0,2023,1,2023-S1,Stable,94.4
z_70.5_16.5,2023,1,2023-S1,Stable,78.9
z_70.5_18.0,2023,1,2023-S1,Stable,94.4
z_70.5_19.5,2023,1,2023-S1,Stable,89.7
z_70.5_21.0,2023,1,2023-S1,Stable,86.0
z_70.5_22.5,2023,1,2023-S1,Stable,69.3
z_70.5_24.0,2023,1,2023-S1,Stable,67.7
z_70.5_25.5,2023,1,2023-S1,Stable,91.5
z_70.5_27.0,2023,1,2023-S1,Stable,89.5
z_70.5_28.5,2023,1,2023-S1,Stable,93.2
z_70.5_30.0,2023,1,2023-S1,Stable,44.6
z_70.5_33.0,2023,1,2023-S1,Stable,92.8
z_70.5_36.0,2023,1,2023-S1,Stable,92.6
z_72.0_1.5,2023,1,2023-S1,Stable,92.4
z_72.0_13.5,2023,1,2023-S1,Stable,91.9
z_72.0_15.0,2023,1,2023-S1,Stable,87.0
z_72.0_16.5,2023,1,2023-S1,Stable,94.1
z_72.0_18.0,2023,1,2023-S1,Stable,91.0
z_72.0_19.5,2023,1,2023-S1,Stable,92.0
z_72.0_22.5,2023,1,2023-S1,Stable,88.8
z_72.0_24.0,2023,1,2023-S1,Stable,93.8
z_72.0_25.5,2023,1,2023-S1,Stable,95.2
z_72.0_28.5,2023,1,2023-S1,Stable,97.1
z_72.0_30.0,2023,1,2023-S1,Stable,92.4
z_72.0_34.5,2023,1,2023-S1,Stable,92.4
z_73.5_1.5,2023,1,2023-S1,Stable,92.2
z_73.5_16.5,2023,1,2023-S1,Stable,94.0
z_73.5_18.0,2023,1,2023-S1,Stable,89.9
z_73.5_19.5,2023,1,2023-S1,Stable,92.9
z_73.5_21.0,2023,1,2023-S1,Stable,89.3
z_73.5_22.5,2023,1,2023-S1,Stable,94.6
z_73.5_25.5,2023,1,2023-S1,Stable,88.0
z_73.5_28.5,2023,1,2023-S1,Stable,91.9
z_73.5_30.0,2023,1,2023-S1,Stable,93.6
z_73.5_31.5,2023,1,2023-S1,Stable,89.6
z_73.5_33.0,2023,1,2023-S1,Stable,88.7
z_73.5_34.5,2023,1,2023-S1,Stable,91.4
z_73.5_36.0,2023,1,2023-S1,Stable,91.1
z_73.5_51.0,2023,1,2023-S1,Stable,86.8
z_75.0_16.5,2023,1,2023-S1,Stable,93.6
z_75.0_18.0,2023,1,2023-S1,Stable,87.4
z_75.0_19.5,2023,1,2023-S1,Stable,93.5
z_75.0_22.5,2023,1,2023-S1,Stable,93.7
z_75.0_25.5,2023,1,2023-S1,Stable,93.9
z_75.0_30.0,2023,1,2023-S1,Stable,94.6
z_75.0_31.5,2023,1,2023-S1,Stable,91.5
z_75.0_33.0,2023,1,2023-S1,Stable,73.0
z_75.0_34.5,2023,1,2023-S1,Stable,80.2
z_75.0_36.0,2023,1,2023-S1,Stable,89.6
z_75.0_39.0,2023,1,2023-S1,Stable,94.4
z_75.0_40.5,2023,1,2023-S1,Stable,89.4
z_76.5_13.5,2023,1,2023-S1,Stable,81.1
z_76.5_19.5,2023,1,2023-S1,Stable,92.2
z_76.5_31.5,2023,1,2023-S1,Stable,93.2
z_76.5_33.0,2023,1,2023-S1,Stable,98.7
z_76.5_36.0,2023,1,2023-S1,Stable,93.3
z_76.5_37.5,2023,1,2023-S1,Stable,93.8
z_76.5_40.5,2023,1,2023-S1,Stable,93.2
z_76.5_9.0,2023,1,2023-S1,Stable,95.5
z_78.0_10.5,2023,1,2023-S1,Stable,95.3
z_78.0_12.0,2023,1,2023-S1,Stable,92.1
z_78.0_13.5,2023,1,2023-S1,Stable,92.8
z_78.0_15.0,2023,1,2023-S1,Stable,91.1
z_78.0_22.5,2023,1,2023-S1,Stable,93.5
z_78.0_33.0,2023,1,2023-S1,Stable,89.5
z_79.5_10.5,2023,1,2023-S1,Stable,98.4
z_79.5_13.5,2023,1,2023-S1,Stable,92.6
z_79.5_16.5,2023,1,2023-S1,Stable,98.4
z_79.5_19.5,2023,1,2023-S1,Stable,91.8
z_79.5_27.0,2023,1,2023-S1,Stable,93.5
z_79.5_31.5,2023,1,2023-S1,Stable,90.7
z_24.0_-18.0,2023,2,2023-S2,Stable,90.8
z_24.0_-19.5,2023,2,2023-S2,Stable,96.4
z_24.0_-22.5,2023,2,2023-S2,Stable,88.1
z_24.0_-24.0,2023,2,2023-S2,Stable,86.8
z_24.0_-39.0,2023,2,2023-S2,Stable,88.7
z_25.5_-15.0,2023,2,2023-S2,Stable,88.3
z_25.5_-16.5,2023,2,2023-S2,Stable,86.2
z_25.5_-18.0,2023,2,2023-S2,Stable,88.2
z_25.5_-39.0,2023,2,2023-S2,Stable,85.8
z_27.0_-15.0,2023,2,2023-S2,Stable,93.5
z_27.0_-16.5,2023,2,2023-S2,Forte diminution,35.8
z_27.0_-18.0,2023,2,2023-S2,Stable,87.8
z_27.0_-37.5,2023,2,2023-S2,Stable,86.7
z_28.5_-12.0,2023,2,2023-S2,Stable,88.5
z_28.5_-13.5,2023,2,2023-S2,Stable,81.9
z_28.5_-15.0,2023,2,2023-S2,Stable,67.2
z_28.5_-16.5,2023,2,2023-S2,Stable,45.5
z_28.5_-18.0,2023,2,2023-S2,Stable,84.9
z_28.5_-21.0,2023,2,2023-S2,Stable,85.4
z_28.5_-28.5,2023,2,2023-S2,Stable,88.1
z_28.5_-33.0,2023,2,2023-S2,Stable,87.5
z_28.5_-34.5,2023,2,2023-S2,Stable,88.6
z_28.5_-36.0,2023,2,2023-S2,Stable,87.6
z_30.0_-10.5,2023,2,2023-S2,Stable,91.4
z_30.0_-12.0,2023,2,2023-S2,Stable,88.0
z_30.0_-13.5,2023,2,2023-S2,Stable,87.7
z_30.0_-15.0,2023,2,2023-S2,Stable,85.9
z_30.0_-18.0,2023,2,2023-S2,Stable,88.5
z_30.0_-33.0,2023,2,2023-S2,Stable,88.2
z_30.0_-36.0,2023,2,2023-S2,Stable,88.2
z_30.0_-37.5,2023,2,2023-S2,Stable,86.1
z_30.0_-39.0,2023,2,2023-S2,Stable,88.7
z_30.0_-42.0,2023,2,2023-S2,Stable,88.7
z_30.0_28.5,2023,2,2023-S2,Stable,60.4
z_30.0_30.0,2023,2,2023-S2,Stable,83.8
z_30.0_31.5,2023,2,2023-S2,Stable,50.2
z_31.5_-10.5,2023,2,2023-S2,Stable,88.5
z_31.5_-12.0,2023,2,2023-S2,Stable,87.3
z_31.5_-15.0,2023,2,2023-S2,Stable,90.6
z_31.5_-18.0,2023,2,2023-S2,Stable,87.2
z_31.5_-33.0,2023,2,2023-S2,Stable,88.4
z_31.5_-39.0,2023,2,2023-S2,Stable,86.6
z_31.5_13.5,2023,2,2023-S2,Stable,87.3
z_31.5_15.0,2023,2,2023-S2,Stable,87.5
z_31.5_19.5,2023,2,2023-S2,Stable,88.5
z_31.5_24.0,2023,2,2023-S2,Stable,86.9
z_31.5_25.5,2023,2,2023-S2,Stable,84.5
z_31.5_27.0,2023,2,2023-S2,Stable,83.5
z_31.5_28.5,2023,2,2023-S2,Stable,86.1
z_31.5_30.0,2023,2,2023-S2,Stable,88.1
z_31.5_31.5,2023,2,2023-S2,Stable,88.6
z_31.5_33.0,2023,2,2023-S2,Stable,86.9
z_31.5_34.5,2023,2,2023-S2,Stable,91.7
z_33.0_-10.5,2023,2,2023-S2,Stable,87.5
z_33.0_-13.5,2023,2,2023-S2,Stable,96.4
z_33.0_-16.5,2023,2,2023-S2,Stable,88.7
z_33.0_-28.5,2023,2,2023-S2,Stable,87.5
z_33.0_-34.5,2023,2,2023-S2,Stable,82.5
z_33.0_-7.5,2023,2,2023-S2,Stable,89.7
z_33.0_-9.0,2023,2,2023-S2,Stable,69.8
z_33.0_10.5,2023,2,2023-S2,Stable,94.0
z_33.0_12.0,2023,2,2023-S2,Stable,90.5
z_33.0_13.5,2023,2,2023-S2,Stable,91.0
z_33.0_18.0,2023,2,2023-S2,Stable,89.3
z_33.0_19.5,2023,2,2023-S2,Stable,88.5
z_33.0_21.0,2023,2,2023-S2,Stable,86.1
z_33.0_22.5,2023,2,2023-S2,Stable,86.9
z_33.0_24.0,2023,2,2023-S2,Stable,86.9
z_33.0_25.5,2023,2,2023-S2,Stable,87.8
z_33.0_28.5,2023,2,2023-S2,Stable,85.1
z_33.0_31.5,2023,2,2023-S2,Stable,83.2
z_33.0_33.0,2023,2,2023-S2,Stable,78.6
z_33.0_34.5,2023,2,2023-S2,Stable,89.5
z_33.0_9.0,2023,2,2023-S2,Stable,90.7
z_34.5_-1.5,2023,2,2023-S2,Stable,93.0
z_34.5_-10.5,2023,2,2023-S2,Stable,86.6
z_34.5_-12.0,2023,2,2023-S2,Stable,88.3
z_34.5_-15.0,2023,2,2023-S2,Stable,96.4
z_34.5_-18.0,2023,2,2023-S2,Stable,88.0
z_34.5_-22.5,2023,2,2023-S2,Stable,79.7
z_34.5_-3.0,2023,2,2023-S2,Stable,94.7
z_34.5_-30.0,2023,2,2023-S2,Stable,86.1
z_34.5_-36.0,2023,2,2023-S2,Stable,86.2
z_34.5_-37.5,2023,2,2023-S2,Stable,87.8
z_34.5_-39.0,2023,2,2023-S2,Stable,84.7
z_34.5_-4.5,2023,2,2023-S2,Stable,72.3
z_34.5_-6.0,2023,2,2023-S2,Stable,76.8
z_34.5_-7.5,2023,2,2023-S2,Stable,78.8
z_34.5_-9.0,2023,2,2023-S2,Stable,88.2
z_34.5_0.0,2023,2,2023-S2,Stable,89.1
z_34.5_10.5,2023,2,2023-S2,Stable,93.1
z_34.5_12.0,2023,2,2023-S2,Stable,75.1
z_34.5_13.5,2023,2,2023-S2,Faible augmentation,34.3
z_34.5_15.0,2023,2,2023-S2,Stable,89.5
z_34.5_16.5,2023,2,2023-S2,Stable,94.5
z_34.5_18.0,2023,2,2023-S2,Stable,85.6
z_34.5_19.5,2023,2,2023-S2,Stable,82.7
z_34.5_21.0,2023,2,2023-S2,Stable,87.2
z_34.5_22.5,2023,2,2023-S2,Stable,76.8
z_34.5_24.0,2023,2,2023-S2,Stable,40.7
z_34.5_25.5,2023,2,2023-S2,Stable,75.4
z_34.5_27.0,2023,2,2023-S2,Stable,94.1
z_34.5_28.5,2023,2,2023-S2,Stable,88.5
z_34.5_30.0,2023,2,2023-S2,Stable,88.1
z_34.5_31.5,2023,2,2023-S2,Stable,60.9
z_34.5_33.0,2023,2,2023-S2,Stable,49.4
z_34.5_34.5,2023,2,2023-S2,Stable,85.1
z_36.0_-1.5,2023,2,2023-S2,Stable,95.0
z_36.0_-10.5,2023,2,2023-S2,Stable,41.0
z_36.0_-12.0,2023,2,2023-S2,Stable,91.5
z_36.0_-13.5,2023,2,2023-S2,Stable,88.3
z_36.0_-16.5,2023,2,2023-S2,Stable,88.4
z_36.0_-18.0,2023,2,2023-S2,Stable,87.9
z_36.0_-21.0,2023,2,2023-S2,Stable,88.1
z_36.0_-22.5,2023,2,2023-S2,Stable,82.6
z_36.0_-24.0,2023,2,2023-S2,Stable,88.1
z_36.0_-25.5,2023,2,2023-S2,Stable,83.2
z_36.0_-3.0,2023,2,2023-S2,Forte diminution,45.8
z_36.0_-36.0,2023,2,2023-S2,Stable,87.3
z_36.0_-4.5,2023,2,2023-S2,Stable,69.0
z_36.0_-42.0,2023,2,2023-S2,Stable,88.2
z_36.0_-6.0,2023,2,2023-S2,Stable,35.0
z_36.0_-7.5,2023,2,2023-S2,Forte augmentation,33.9
z_36.0_-9.0,2023,2,2023-S2,Stable,39.0
z_36.0_0.0,2023,2,2023-S2,Stable,94.2
z_36.0_1.5,2023,2,2023-S2,Stable,91.3
z_36.0_10.5,2023,2,2023-S2,Stable,74.6
z_36.0_12.0,2023,2,2023-S2,Stable,56.0
z_36.0_13.5,2023,2,2023-S2,Stable,38.7
z_36.0_15.0,2023,2,2023-S2,Forte augmentation,44.3
z_36.0_16.5,2023,2,2023-S2,Stable,85.6
z_36.0_18.0,2023,2,2023-S2,Stable,92.8
z_36.0_19.5,2023,2,2023-S2,Stable,92.9
z_36.0_21.0,2023,2,2023-S2,Stable,81.6
z_36.0_22.5,2023,2,2023-S2,Forte augmentation,35.6
z_36.0_24.0,2023,2,2023-S2,Stable,32.3
z_36.0_25.5,2023,2,2023-S2,Forte diminution,45.3
z_36.0_27.0,2023,2,2023-S2,Stable,36.1
z_36.0_28.5,2023,2,2023-S2,Stable,80.0
z_36.0_3.0,2023,2,2023-S2,Stable,88.5
z_36.0_30.0,2023,2,2023-S2,Stable,95.1
z_36.0_34.5,2023,2,2023-S2,Stable,89.6
z_36.0_36.0,2023,2,2023-S2,Stable,83.7
z_36.0_4.5,2023,2,2023-S2,Stable,89.9
z_36.0_6.0,2023,2,2023-S2,Stable,91.0
z_36.0_7.5,2023,2,2023-S2,Stable,86.1
z_36.0_9.0,2023,2,2023-S2,Stable,83.4
z_37.5_-1.5,2023,2,2023-S2,Forte diminution,35.4
z_37.5_-10.5,2023,2,2023-S2,Stable,37.6
z_37.5_-12.0,2023,2,2023-S2,Stable,87.6
z_37.5_-13.5,2023,2,2023-S2,Stable,88.5
z_37.5_-16.5,2023,2,2023-S2,Stable,86.2
z_37.5_-19.5,2023,2,2023-S2,Stable,87.2
z_37.5_-21.0,2023,2,2023-S2,Stable,87.2
z_37.5_-22.5,2023,2,2023-S2,Stable,97.4
z_37.5_-24.0,2023,2,2023-S2,Stable,87.2
z_37.5_-25.5,2023,2,2023-S2,Stable,95.3
z_37.5_-27.0,2023,2,2023-S2,Stable,79.2
z_37.5_-28.5,2023,2,2023-S2,Stable,83.4
z_37.5_-30.0,2023,2,2023-S2,Stable,90.8
z_37.5_-31.5,2023,2,2023-S2,Stable,87.2
z_37.5_-39.0,2023,2,2023-S2,Stable,87.8
z_37.5_-9.0,2023,2,2023-S2,Stable,42.8
z_37.5_0.0,2023,2,2023-S2,Stable,65.5
z_37.5_1.5,2023,2,2023-S2,Stable,92.2
z_37.5_10.5,2023,2,2023-S2,Stable,89.7
z_37.5_12.0,2023,2,2023-S2,Forte diminution,46.0
z_37.5_13.5,2023,2,2023-S2,Stable,44.5
z_37.5_15.0,2023,2,2023-S2,Stable,42.4
z_37.5_16.5,2023,2,2023-S2,Stable,81.3
z_37.5_18.0,2023,2,2023-S2,Stable,88.4
z_37.5_19.5,2023,2,2023-S2,Forte diminution,38.6
z_37.5_21.0,2023,2,2023-S2,Stable,30.9
z_37.5_22.5,2023,2,2023-S2,Forte diminution,32.3
z_37.5_24.0,2023,2,2023-S2,Forte diminution,34.2
z_37.5_25.5,2023,2,2023-S2,Stable,51.2
z_37.5_27.0,2023,2,2023-S2,Stable,83.7
z_37.5_3.0,2023,2,2023-S2,Stable,79.1
z_37.5_4.5,2023,2,2023-S2,Stable,91.2
z_37.5_6.0,2023,2,2023-S2,Stable,87.6
z_37.5_7.5,2023,2,2023-S2,Stable,95.7
z_37.5_9.0,2023,2,2023-S2,Stable,83.5
z_39.0_-1.5,2023,2,2023-S2,Forte diminution,51.1
z_39.0_-10.5,2023,2,2023-S2,Stable,52.4
z_39.0_-12.0,2023,2,2023-S2,Stable,87.2
z_39.0_-15.0,2023,2,2023-S2,Stable,87.5
z_39.0_-16.5,2023,2,2023-S2,Stable,88.2
z_39.0_-18.0,2023,2,2023-S2,Stable,82.1
z_39.0_-28.5,2023,2,2023-S2,Stable,88.3
z_39.0_-31.5,2023,2,2023-S2,Stable,97.2
z_39.0_-39.0,2023,2,2023-S2,Stable,87.1
z_39.0_-9.0,2023,2,2023-S2,Stable,56.8
z_39.0_0.0,2023,2,2023-S2,Stable,72.5
z_39.0_1.5,2023,2,2023-S2,Forte diminution,39.7
z_39.0_10.5,2023,2,2023-S2,Stable,91.6
z_39.0_12.0,2023,2,2023-S2,Stable,95.3
z_39.0_13.5,2023,2,2023-S2,Stable,96.2
z_39.0_15.0,2023,2,2023-S2,Stable,91.8
z_39.0_16.5,2023,2,2023-S2,Stable,55.4
z_39.0_18.0,2023,2,2023-S2,Stable,58.6
z_39.0_19.5,2023,2,2023-S2,Forte diminution,41.2
z_39.0_22.5,2023,2,2023-S2,Forte diminution,34.6
z_39.0_24.0,2023,2,2023-S2,Stable,57.7
z_39.0_25.5,2023,2,2023-S2,Stable,67.8
z_39.0_27.0,2023,2,2023-S2,Stable,79.3
z_39.0_3.0,2023,2,2023-S2,Stable,63.4
z_39.0_4.5,2023,2,2023-S2,Stable,91.4
z_39.0_6.0,2023,2,2023-S2,Stable,98.8
z_39.0_7.5,2023,2,2023-S2,Stable,91.1
z_39.0_9.0,2023,2,2023-S2,Forte augmentation,43.8
z_40.5_-10.5,2023,2,2023-S2,Stable,77.2
z_40.5_-12.0,2023,2,2023-S2,Stable,87.8
z_40.5_-21.0,2023,2,2023-S2,Stable,87.7
z_40.5_-22.5,2023,2,2023-S2,Stable,87.9
z_40.5_-36.0,2023,2,2023-S2,Stable,88.2
z_40.5_-37.5,2023,2,2023-S2,Stable,88.0
z_40.5_-9.0,2023,2,2023-S2,Stable,46.1
z_40.5_0.0,2023,2,2023-S2,Forte augmentation,44.4
z_40.5_1.5,2023,2,2023-S2,Forte diminution,40.1
z_40.5_10.5,2023,2,2023-S2,Stable,89.6
z_40.5_12.0,2023,2,2023-S2,Stable,64.8
z_40.5_13.5,2023,2,2023-S2,Forte diminution,33.6
z_40.5_15.0,2023,2,2023-S2,Stable,84.4
z_40.5_16.5,2023,2,2023-S2,Stable,38.0
z_40.5_18.0,2023,2,2023-S2,Stable,78.2
z_40.5_22.5,2023,2,2023-S2,Stable,52.7
z_40.5_24.0,2023,2,2023-S2,Forte augmentation,40.0
z_40.5_25.5,2023,2,2023-S2,Stable,83.1
z_40.5_27.0,2023,2,2023-S2,Stable,88.6
z_40.5_28.5,2023,2,2023-S2,Stable,59.5
z_40.5_3.0,2023,2,2023-S2,Forte diminution,47.3
z_40.5_30.0,2023,2,2023-S2,Stable,90.1
z_40.5_31.5,2023,2,2023-S2,Stable,92.4
z_40.5_36.0,2023,2,2023-S2,Stable,84.5
z_40.5_37.5,2023,2,2023-S2,Stable,87.2
z_40.5_4.5,2023,2,2023-S2,Stable,90.9
z_40.5_6.0,2023,2,2023-S2,Stable,88.6
z_40.5_7.5,2023,2,2023-S2,Stable,59.0
z_40.5_9.0,2023,2,2023-S2,Forte diminution,38.0
z_42.0_-10.5,2023,2,2023-S2,Stable,46.2
z_42.0_-12.0,2023,2,2023-S2,Stable,88.2
z_42.0_-19.5,2023,2,2023-S2,Stable,87.2
z_42.0_-24.0,2023,2,2023-S2,Stable,81.5
z_42.0_-28.5,2023,2,2023-S2,Stable,88.5
z_42.0_-3.0,2023,2,2023-S2,Stable,60.8
z_42.0_-36.0,2023,2,2023-S2,Stable,97.0
z_42.0_-39.0,2023,2,2023-S2,Stable,87.2
z_42.0_-4.5,2023,2,2023-S2,Stable,57.5
z_42.0_-6.0,2023,2,2023-S2,Stable,93.7
z_42.0_-9.0,2023,2,2023-S2,Forte augmentation,44.4
z_42.0_10.5,2023,2,2023-S2,Stable,46.6
z_42.0_13.5,2023,2,2023-S2,Forte augmentation,53.6
z_42.0_15.0,2023,2,2023-S2,Forte augmentation,37.9
z_42.0_16.5,2023,2,2023-S2,Stable,64.0
z_42.0_18.0,2023,2,2023-S2,Stable,93.5
z_42.0_27.0,2023,2,2023-S2,Stable,76.1
z_42.0_28.5,2023,2,2023-S2,Stable,91.5
z_42.0_3.0,2023,2,2023-S2,Stable,40.3
z_42.0_33.0,2023,2,2023-S2,Stable,90.5
z_42.0_37.5,2023,2,2023-S2,Stable,89.0
z_42.0_4.5,2023,2,2023-S2,Stable,42.7
z_42.0_40.5,2023,2,2023-S2,Stable,85.2
z_42.0_6.0,2023,2,2023-S2,Stable,43.5
z_42.0_7.5,2023,2,2023-S2,Stable,92.7
z_42.0_9.0,2023,2,2023-S2,Stable,36.4
z_43.5_-1.5,2023,2,2023-S2,Stable,49.6
z_43.5_-10.5,2023,2,2023-S2,Stable,86.9
z_43.5_-12.0,2023,2,2023-S2,Stable,85.1
z_43.5_-28.5,2023,2,2023-S2,Stable,86.9
z_43.5_-3.0,2023,2,2023-S2,Stable,51.3
z_43.5_-33.0,2023,2,2023-S2,Stable,88.4
z_43.5_-34.5,2023,2,2023-S2,Stable,88.5
z_43.5_-4.5,2023,2,2023-S2,Stable,65.7
z_43.5_-40.5,2023,2,2023-S2,Stable,86.9
z_43.5_-6.0,2023,2,2023-S2,Stable,52.2
z_43.5_-7.5,2023,2,2023-S2,Forte augmentation,47.2
z_43.5_-9.0,2023,2,2023-S2,Forte diminution,35.9
z_43.5_12.0,2023,2,2023-S2,Forte diminution,41.0
z_43.5_13.5,2023,2,2023-S2,Stable,44.5
z_43.5_15.0,2023,2,2023-S2,Stable,55.7
z_43.5_28.5,2023,2,2023-S2,Stable,73.1
z_43.5_30.0,2023,2,2023-S2,Stable,96.8
z_43.5_36.0,2023,2,2023-S2,Stable,93.5
z_43.5_37.5,2023,2,2023-S2,Stable,85.7
z_43.5_39.0,2023,2,2023-S2,Stable,88.6
z_43.5_6.0,2023,2,2023-S2,Stable,93.4
z_43.5_7.5,2023,2,2023-S2,Forte diminution,39.0
z_43.5_9.0,2023,2,2023-S2,Forte augmentation,39.2
z_45.0_-1.5,2023,2,2023-S2,Forte diminution,49.6
z_45.0_-10.5,2023,2,2023-S2,Stable,88.1
z_45.0_-12.0,2023,2,2023-S2,Stable,87.6
z_45.0_-13.5,2023,2,2023-S2,Stable,88.5
z_45.0_-19.5,2023,2,2023-S2,Stable,90.7
z_45.0_-22.5,2023,2,2023-S2,Stable,88.6
z_45.0_-3.0,2023,2,2023-S2,Forte diminution,41.1
z_45.0_-36.0,2023,2,2023-S2,Stable,88.6
z_45.0_-4.5,2023,2,2023-S2,Stable,68.3
z_45.0_-42.0,2023,2,2023-S2,Stable,88.8
z_45.0_-6.0,2023,2,2023-S2,Stable,98.3
z_45.0_-7.5,2023,2,2023-S2,Stable,79.7
z_45.0_-9.0,2023,2,2023-S2,Stable,61.8
z_45.0_12.0,2023,2,2023-S2,Forte augmentation,32.2
z_45.0_13.5,2023,2,2023-S2,Stable,46.3
z_45.0_28.5,2023,2,2023-S2,Stable,85.6
z_45.0_30.0,2023,2,2023-S2,Stable,74.6
z_45.0_31.5,2023,2,2023-S2,Stable,83.7
z_45.0_34.5,2023,2,2023-S2,Stable,87.8
z_45.0_36.0,2023,2,2023-S2,Stable,87.6
z_46.5_-10.5,2023,2,2023-S2,Stable,95.7
z_46.5_-12.0,2023,2,2023-S2,Stable,88.2
z_46.5_-13.5,2023,2,2023-S2,Stable,88.7
z_46.5_-19.5,2023,2,2023-S2,Stable,87.8
z_46.5_-21.0,2023,2,2023-S2,Stable,88.7
z_46.5_-25.5,2023,2,2023-S2,Stable,87.6
z_46.5_-3.0,2023,2,2023-S2,Forte diminution,42.9
z_46.5_-31.5,2023,2,2023-S2,Stable,88.7
z_46.5_-36.0,2023,2,2023-S2,Stable,87.4
z_46.5_-4.5,2023,2,2023-S2,Stable,34.9
z_46.5_-6.0,2023,2,2023-S2,Forte augmentation,47.0
z_46.5_-7.5,2023,2,2023-S2,Stable,53.6
z_46.5_-9.0,2023,2,2023-S2,Stable,92.6
z_46.5_30.0,2023,2,2023-S2,Stable,63.3
z_46.5_31.5,2023,2,2023-S2,Stable,82.2
z_46.5_36.0,2023,2,2023-S2,Stable,89.4
z_46.5_37.5,2023,2,2023-S2,Stable,88.6
z_46.5_39.0,2023,2,2023-S2,Stable,81.4
z_48.0_-1.5,2023,2,2023-S2,Forte diminution,30.7
z_48.0_-10.5,2023,2,2023-S2,Stable,88.9
z_48.0_-12.0,2023,2,2023-S2,Stable,94.4
z_48.0_-13.5,2023,2,2023-S2,Stable,88.5
z_48.0_-15.0,2023,2,2023-S2,Stable,92.4
z_48.0_-18.0,2023,2,2023-S2,Stable,88.5
z_48.0_-19.5,2023,2,2023-S2,Stable,86.1
z_48.0_-21.0,2023,2,2023-S2,Stable,88.7
z_48.0_-24.0,2023,2,2023-S2,Stable,86.7
z_48.0_-25.5,2023,2,2023-S2,Stable,87.6
z_48.0_-28.5,2023,2,2023-S2,Stable,88.6
z_48.0_-3.0,2023,2,2023-S2,Stable,59.7
z_48.0_-30.0,2023,2,2023-S2,Stable,96.1
z_48.0_-4.5,2023,2,2023-S2,Forte diminution,37.4
z_48.0_-40.5,2023,2,2023-S2,Stable,87.9
z_48.0_-6.0,2023,2,2023-S2,Forte diminution,40.4
z_48.0_-7.5,2023,2,2023-S2,Stable,54.8
z_48.0_-9.0,2023,2,2023-S2,Stable,54.2
z_49.5_-1.5,2023,2,2023-S2,Faible augmentation,28.4
z_49.5_-10.5,2023,2,2023-S2,Stable,88.6
z_49.5_-12.0,2023,2,2023-S2,Stable,81.8
z_49.5_-13.5,2023,2,2023-S2,Stable,88.5
z_49.5_-15.0,2023,2,2023-S2,Stable,88.6
z_49.5_-16.5,2023,2,2023-S2,Stable,94.0
z_49.5_-18.0,2023,2,2023-S2,Stable,97.1
z_49.5_-19.5,2023,2,2023-S2,Stable,87.8
z_49.5_-21.0,2023,2,2023-S2,Stable,88.1
z_49.5_-24.0,2023,2,2023-S2,Stable,88.7
z_49.5_-3.0,2023,2,2023-S2,Forte diminution,42.3
z_49.5_-30.0,2023,2,2023-S2,Stable,88.7
z_49.5_-4.5,2023,2,2023-S2,Stable,70.9
z_49.5_-6.0,2023,2,2023-S2,Stable,44.8
z_49.5_-7.5,2023,2,2023-S2,Stable,67.3
z_49.5_-9.0,2023,2,2023-S2,Stable,81.1
z_49.5_0.0,2023,2,2023-S2,Forte diminution,27.6
z_49.5_1.5,2023,2,2023-S2,Stable,86.7
z_51.0_-10.5,2023,2,2023-S2,Stable,53.9
z_51.0_-12.0,2023,2,2023-S2,Stable,56.5
z_51.0_-13.5,2023,2,2023-S2,Stable,79.1
z_51.0_-15.0,2023,2,2023-S2,Stable,90.1
z_51.0_-16.5,2023,2,2023-S2,Stable,98.4
z_51.0_-18.0,2023,2,2023-S2,Stable,96.8
z_51.0_-19.5,2023,2,2023-S2,Stable,88.6
z_51.0_-21.0,2023,2,2023-S2,Stable,85.8
z_51.0_-25.5,2023,2,2023-S2,Stable,88.7
z_51.0_-27.0,2023,2,2023-S2,Stable,88.3
z_51.0_-4.5,2023,2,2023-S2,Stable,75.4
z_51.0_-6.0,2023,2,2023-S2,Stable,47.2
z_51.0_-7.5,2023,2,2023-S2,Forte diminution,33.6
z_51.0_-9.0,2023,2,2023-S2,Stable,78.6
z_51.0_0.0,2023,2,2023-S2,Forte diminution,43.3
z_51.0_1.5,2023,2,2023-S2,Faible augmentation,33.8
z_51.0_3.0,2023,2,2023-S2,Stable,35.0
z_52.5_-1.5,2023,2,2023-S2,Stable,52.9
z_52.5_-10.5,2023,2,2023-S2,Stable,58.1
z_52.5_-12.0,2023,2,2023-S2,Stable,89.9
z_52.5_-13.5,2023,2,2023-S2,Stable,95.3
z_52.5_-15.0,2023,2,2023-S2,Stable,97.1
z_52.5_-19.5,2023,2,2023-S2,Stable,87.2
z_52.5_-21.0,2023,2,2023-S2,Stable,88.4
z_52.5_-4.5,2023,2,2023-S2,Stable,47.3
z_52.5_-6.0,2023,2,2023-S2,Forte augmentation,44.5
z_52.5_-7.5,2023,2,2023-S2,Stable,47.3
z_52.5_0.0,2023,2,2023-S2,Forte diminution,56.5
z_52.5_1.5,2023,2,2023-S2,Stable,57.8
z_52.5_13.5,2023,2,2023-S2,Forte augmentation,32.3
z_52.5_3.0,2023,2,2023-S2,Stable,49.6
z_52.5_4.5,2023,2,2023-S2,Forte diminution,34.6
z_52.5_6.0,2023,2,2023-S2,Stable,26.8
z_52.5_7.5,2023,2,2023-S2,Faible augmentation,33.9
z_52.5_9.0,2023,2,2023-S2,Stable,43.0
z_54.0_-1.5,2023,2,2023-S2,Stable,70.5
z_54.0_-10.5,2023,2,2023-S2,Stable,89.7
z_54.0_-12.0,2023,2,2023-S2,Stable,92.1
z_54.0_-13.5,2023,2,2023-S2,Stable,87.1
z_54.0_-15.0,2023,2,2023-S2,Stable,81.3
z_54.0_-16.5,2023,2,2023-S2,Stable,87.8
z_54.0_-4.5,2023,2,2023-S2,Stable,62.6
z_54.0_-6.0,2023,2,2023-S2,Stable,85.0
z_54.0_-7.5,2023,2,2023-S2,Stable,80.2
z_54.0_-9.0,2023,2,2023-S2,Stable,88.4
z_54.0_0.0,2023,2,2023-S2,Stable,81.4
z_54.0_1.5,2023,2,2023-S2,Stable,76.3
z_54.0_10.5,2023,2,2023-S2,Faible augmentation,32.9
z_54.0_12.0,2023,2,2023-S2,Forte augmentation,23.4
z_54.0_13.5,2023,2,2023-S2,Stable,32.9
z_54.0_15.0,2023,2,2023-S2,Stable,41.5
z_54.0_16.5,2023,2,2023-S2,Stable,93.3
z_54.0_18.0,2023,2,2023-S2,Forte diminution,32.1
z_54.0_19.5,2023,2,2023-S2,Stable,94.7
z_54.0_3.0,2023,2,2023-S2,Stable,96.6
z_54.0_4.5,2023,2,2023-S2,Stable,69.4
z_54.0_6.0,2023,2,2023-S2,Stable,78.2
z_54.0_7.5,2023,2,2023-S2,Faible diminution,29.0
z_54.0_9.0,2023,2,2023-S2,Stable,26.8
z_55.5_-1.5,2023,2,2023-S2,Stable,92.4
z_55.5_-10.5,2023,2,2023-S2,Stable,93.3
z_55.5_-12.0,2023,2,2023-S2,Stable,87.9
z_55.5_-15.0,2023,2,2023-S2,Stable,90.5
z_55.5_-3.0,2023,2,2023-S2,Stable,91.3
z_55.5_-39.0,2023,2,2023-S2,Stable,88.7
z_55.5_-4.5,2023,2,2023-S2,Stable,97.2
z_55.5_-6.0,2023,2,2023-S2,Stable,78.8
z_55.5_-7.5,2023,2,2023-S2,Stable,91.8
z_55.5_-9.0,2023,2,2023-S2,Stable,90.8
z_55.5_0.0,2023,2,2023-S2,Stable,90.6
z_55.5_1.5,2023,2,2023-S2,Stable,94.9
z_55.5_10.5,2023,2,2023-S2,Forte augmentation,28.8
z_55.5_12.0,2023,2,2023-S2,Faible diminution,27.4
z_55.5_13.5,2023,2,2023-S2,Stable,63.5
z_55.5_15.0,2023,2,2023-S2,Stable,57.1
z_55.5_16.5,2023,2,2023-S2,Stable,91.8
z_55.5_18.0,2023,2,2023-S2,Stable,87.2
z_55.5_19.5,2023,2,2023-S2,Stable,76.5
z_55.5_21.0,2023,2,2023-S2,Forte diminution,31.4
z_55.5_3.0,2023,2,2023-S2,Stable,89.0
z_55.5_4.5,2023,2,2023-S2,Stable,76.0
z_55.5_6.0,2023,2,2023-S2,Stable,39.8
z_55.5_7.5,2023,2,2023-S2,Stable,36.6
z_55.5_9.0,2023,2,2023-S2,Forte diminution,31.6
z_57.0_-1.5,2023,2,2023-S2,Stable,95.9
z_57.0_-10.5,2023,2,2023-S2,Stable,95.1
z_57.0_-13.5,2023,2,2023-S2,Stable,83.6
z_57.0_-15.0,2023,2,2023-S2,Stable,92.9
z_57.0_-24.0,2023,2,2023-S2,Stable,82.7
z_57.0_-28.5,2023,2,2023-S2,Stable,83.7
z_57.0_-3.0,2023,2,2023-S2,Stable,66.8
z_57.0_-4.5,2023,2,2023-S2,Stable,88.6
z_57.0_-6.0,2023,2,2023-S2,Stable,79.3
z_57.0_-7.5,2023,2,2023-S2,Stable,92.5
z_57.0_-9.0,2023,2,2023-S2,Stable,91.1
z_57.0_0.0,2023,2,2023-S2,Stable,92.9
z_57.0_1.5,2023,2,2023-S2,Stable,88.5
z_57.0_10.5,2023,2,2023-S2,Stable,34.3
z_57.0_12.0,2023,2,2023-S2,Stable,68.7
z_57.0_16.5,2023,2,2023-S2,Stable,44.5
z_57.0_18.0,2023,2,2023-S2,Stable,69.2
z_57.0_19.5,2023,2,2023-S2,Stable,75.5
z_57.0_21.0,2023,2,2023-S2,Stable,89.5
z_57.0_22.5,2023,2,2023-S2,Forte augmentation,40.5
z_57.0_24.0,2023,2,2023-S2,Stable,93.0
z_57.0_3.0,2023,2,2023-S2,Stable,91.3
z_57.0_4.5,2023,2,2023-S2,Stable,59.1
z_57.0_6.0,2023,2,2023-S2,Stable,80.3
z_57.0_7.5,2023,2,2023-S2,Stable,50.3
z_57.0_9.0,2023,2,2023-S2,Forte diminution,37.3
z_58.5_-1.5,2023,2,2023-S2,Stable,83.2
z_58.5_-10.5,2023,2,2023-S2,Stable,86.8
z_58.5_-12.0,2023,2,2023-S2,Stable,88.2
z_58.5_-15.0,2023,2,2023-S2,Stable,86.6
z_58.5_-19.5,2023,2,2023-S2,Stable,78.1
z_58.5_-24.0,2023,2,2023-S2,Stable,88.3
z_58.5_-3.0,2023,2,2023-S2,Stable,90.9
z_58.5_-31.5,2023,2,2023-S2,Stable,89.3
z_58.5_-4.5,2023,2,2023-S2,Stable,93.3
z_58.5_-6.0,2023,2,2023-S2,Stable,89.4
z_58.5_-7.5,2023,2,2023-S2,Stable,89.6
z_58.5_-9.0,2023,2,2023-S2,Stable,90.8
z_58.5_0.0,2023,2,2023-S2,Stable,88.6
z_58.5_1.5,2023,2,2023-S2,Stable,82.6
z_58.5_10.5,2023,2,2023-S2,Forte diminution,38.2
z_58.5_15.0,2023,2,2023-S2,Stable,70.8
z_58.5_16.5,2023,2,2023-S2,Stable,25.3
z_58.5_18.0,2023,2,2023-S2,Stable,29.1
z_58.5_19.5,2023,2,2023-S2,Stable,80.8
z_58.5_21.0,2023,2,2023-S2,Stable,60.2
z_58.5_22.5,2023,2,2023-S2,Stable,51.0
z_58.5_24.0,2023,2,2023-S2,Stable,42.2
z_58.5_25.5,2023,2,2023-S2,Stable,69.9
z_58.5_27.0,2023,2,2023-S2,Stable,93.6
z_58.5_28.5,2023,2,2023-S2,Stable,86.1
z_58.5_3.0,2023,2,2023-S2,Stable,84.7
z_58.5_4.5,2023,2,2023-S2,Forte augmentation,39.2
z_58.5_6.0,2023,2,2023-S2,Stable,89.3
z_58.5_7.5,2023,2,2023-S2,Stable,87.5
z_58.5_9.0,2023,2,2023-S2,Stable,47.2
z_60.0_-1.5,2023,2,2023-S2,Stable,93.3
z_60.0_-10.5,2023,2,2023-S2,Stable,92.0
z_60.0_-12.0,2023,2,2023-S2,Stable,82.4
z_60.0_-27.0,2023,2,2023-S2,Stable,87.0
z_60.0_-3.0,2023,2,2023-S2,Stable,89.5
z_60.0_-31.5,2023,2,2023-S2,Stable,94.9
z_60.0_-4.5,2023,2,2023-S2,Stable,91.9
z_60.0_-6.0,2023,2,2023-S2,Stable,90.8
z_60.0_-7.5,2023,2,2023-S2,Stable,87.0
z_60.0_-9.0,2023,2,2023-S2,Stable,96.5
z_60.0_0.0,2023,2,2023-S2,Stable,90.9
z_60.0_1.5,2023,2,2023-S2,Stable,55.2
z_60.0_16.5,2023,2,2023-S2,Stable,68.4
z_60.0_18.0,2023,2,2023-S2,Stable,70.9
z_60.0_19.5,2023,2,2023-S2,Stable,88.1
z_60.0_21.0,2023,2,2023-S2,Forte augmentation,33.4
z_60.0_24.0,2023,2,2023-S2,Stable,73.5
z_60.0_25.5,2023,2,2023-S2,Stable,50.1
z_60.0_27.0,2023,2,2023-S2,Stable,95.2
z_60.0_28.5,2023,2,2023-S2,Stable,86.1
z_60.0_3.0,2023,2,2023-S2,Stable,83.1
z_60.0_4.5,2023,2,2023-S2,Forte diminution,29.5
z_60.0_6.0,2023,2,2023-S2,Stable,87.8
z_61.5_-1.5,2023,2,2023-S2,Stable,96.8
z_61.5_-10.5,2023,2,2023-S2,Stable,91.1
z_61.5_-12.0,2023,2,2023-S2,Stable,75.9
z_61.5_-13.5,2023,2,2023-S2,Stable,87.6
z_61.5_-16.5,2023,2,2023-S2,Stable,87.7
z_61.5_-18.0,2023,2,2023-S2,Stable,88.6
z_61.5_-27.0,2023,2,2023-S2,Stable,88.5
z_61.5_-7.5,2023,2,2023-S2,Stable,81.4
z_61.5_-9.0,2023,2,2023-S2,Stable,89.3
z_61.5_0.0,2023,2,2023-S2,Stable,83.7
z_61.5_1.5,2023,2,2023-S2,Stable,91.4
z_61.5_16.5,2023,2,2023-S2,Stable,83.3
z_61.5_18.0,2023,2,2023-S2,Stable,79.3
z_61.5_19.5,2023,2,2023-S2,Stable,93.1
z_61.5_21.0,2023,2,2023-S2,Stable,94.7
z_61.5_3.0,2023,2,2023-S2,Stable,81.7
z_61.5_4.5,2023,2,2023-S2,Forte diminution,39.0
z_61.5_6.0,2023,2,2023-S2,Forte diminution,49.6
z_61.5_7.5,2023,2,2023-S2,Stable,85.6
z_63.0_-1.5,2023,2,2023-S2,Stable,77.6
z_63.0_-10.5,2023,2,2023-S2,Stable,83.5
z_63.0_-12.0,2023,2,2023-S2,Stable,87.4
z_63.0_-13.5,2023,2,2023-S2,Stable,92.9
z_63.0_-15.0,2023,2,2023-S2,Stable,91.7
z_63.0_-16.5,2023,2,2023-S2,Stable,91.0
z_63.0_-18.0,2023,2,2023-S2,Stable,81.0
z_63.0_-19.5,2023,2,2023-S2,Stable,85.0
z_63.0_-21.0,2023,2,2023-S2,Stable,70.7
z_63.0_-22.5,2023,2,2023-S2,Forte augmentation,44.1
z_63.0_-24.0,2023,2,2023-S2,Stable,59.6
z_63.0_-25.5,2023,2,2023-S2,Stable,90.1
z_63.0_-27.0,2023,2,2023-S2,Stable,92.3
z_63.0_-36.0,2023,2,2023-S2,Stable,89.4
z_63.0_-39.0,2023,2,2023-S2,Stable,92.9
z_63.0_-7.5,2023,2,2023-S2,Stable,96.4
z_63.0_-9.0,2023,2,2023-S2,Stable,88.4
z_63.0_0.0,2023,2,2023-S2,Stable,69.5
z_63.0_10.5,2023,2,2023-S2,Stable,84.6
z_63.0_18.0,2023,2,2023-S2,Forte augmentation,56.4
z_63.0_19.5,2023,2,2023-S2,Stable,65.9
z_63.0_21.0,2023,2,2023-S2,Stable,74.5
z_63.0_22.5,2023,2,2023-S2,Stable,85.6
z_63.0_3.0,2023,2,2023-S2,Stable,98.6
z_63.0_4.5,2023,2,2023-S2,Stable,85.3
z_63.0_6.0,2023,2,2023-S2,Stable,87.4
z_63.0_7.5,2023,2,2023-S2,Stable,39.1
z_63.0_9.0,2023,2,2023-S2,Forte diminution,40.6
z_64.5_-10.5,2023,2,2023-S2,Stable,89.3
z_64.5_-12.0,2023,2,2023-S2,Stable,92.4
z_64.5_-13.5,2023,2,2023-S2,Stable,94.1
z_64.5_-15.0,2023,2,2023-S2,Stable,86.8
z_64.5_-19.5,2023,2,2023-S2,Stable,88.6
z_64.5_-21.0,2023,2,2023-S2,Stable,87.5
z_64.5_-22.5,2023,2,2023-S2,Stable,81.6
z_64.5_-24.0,2023,2,2023-S2,Stable,74.0
z_64.5_-25.5,2023,2,2023-S2,Stable,82.2
z_64.5_-27.0,2023,2,2023-S2,Stable,83.1
z_64.5_-28.5,2023,2,2023-S2,Stable,88.6
z_64.5_-3.0,2023,2,2023-S2,Stable,89.6
z_64.5_-33.0,2023,2,2023-S2,Stable,88.6
z_64.5_-37.5,2023,2,2023-S2,Stable,90.8
z_64.5_-6.0,2023,2,2023-S2,Stable,88.5
z_64.5_0.0,2023,2,2023-S2,Stable,90.9
z_64.5_10.5,2023,2,2023-S2,Stable,38.9
z_64.5_12.0,2023,2,2023-S2,Stable,52.3
z_64.5_21.0,2023,2,2023-S2,Stable,51.1
z_64.5_22.5,2023,2,2023-S2,Stable,97.3
z_64.5_24.0,2023,2,2023-S2,Forte augmentation,46.3
z_64.5_3.0,2023,2,2023-S2,Stable,87.1
z_64.5_34.5,2023,2,2023-S2,Stable,87.6
z_64.5_39.0,2023,2,2023-S2,Stable,80.6
z_64.5_4.5,2023,2,2023-S2,Stable,87.5
z_64.5_6.0,2023,2,2023-S2,Stable,80.9
z_64.5_7.5,2023,2,2023-S2,Stable,91.8
z_64.5_9.0,2023,2,2023-S2,Stable,93.5
z_66.0_-1.5,2023,2,2023-S2,Stable,88.8
z_66.0_-12.0,2023,2,2023-S2,Stable,88.2
z_66.0_-13.5,2023,2,2023-S2,Stable,90.4
z_66.0_-15.0,2023,2,2023-S2,Stable,93.5
z_66.0_-16.5,2023,2,2023-S2,Stable,94.1
z_66.0_-18.0,2023,2,2023-S2,Stable,87.1
z_66.0_-19.5,2023,2,2023-S2,Stable,89.7
z_66.0_-21.0,2023,2,2023-S2,Stable,92.6
z_66.0_-22.5,2023,2,2023-S2,Stable,91.4
z_66.0_-24.0,2023,2,2023-S2,Stable,70.6
z_66.0_-25.5,2023,2,2023-S2,Stable,90.1
z_66.0_-27.0,2023,2,2023-S2,Stable,92.4
z_66.0_-3.0,2023,2,2023-S2,Stable,87.7
z_66.0_1.5,2023,2,2023-S2,Stable,84.5
z_66.0_10.5,2023,2,2023-S2,Stable,88.6
z_66.0_12.0,2023,2,2023-S2,Stable,40.3
z_66.0_13.5,2023,2,2023-S2,Stable,51.3
z_66.0_15.0,2023,2,2023-S2,Stable,86.8
z_66.0_4.5,2023,2,2023-S2,Stable,86.2
z_66.0_6.0,2023,2,2023-S2,Stable,87.4
z_66.0_7.5,2023,2,2023-S2,Stable,86.4
z_66.0_9.0,2023,2,2023-S2,Stable,95.1
z_67.5_-1.5,2023,2,2023-S2,Stable,85.4
z_67.5_-16.5,2023,2,2023-S2,Stable,86.8
z_67.5_0.0,2023,2,2023-S2,Stable,81.1
z_67.5_10.5,2023,2,2023-S2,Stable,78.8
z_67.5_12.0,2023,2,2023-S2,Stable,42.4
z_67.5_13.5,2023,2,2023-S2,Stable,54.3
z_67.5_15.0,2023,2,2023-S2,Forte diminution,45.2
z_67.5_16.5,2023,2,2023-S2,Stable,56.3
z_67.5_4.5,2023,2,2023-S2,Stable,86.9
z_67.5_6.0,2023,2,2023-S2,Stable,87.8
z_67.5_9.0,2023,2,2023-S2,Stable,96.0
z_69.0_-18.0,2023,2,2023-S2,Stable,86.7
z_69.0_13.5,2023,2,2023-S2,Stable,86.3
z_69.0_15.0,2023,2,2023-S2,Stable,37.7
z_69.0_16.5,2023,2,2023-S2,Forte augmentation,39.9
z_69.0_18.0,2023,2,2023-S2,Stable,59.3
z_69.0_19.5,2023,2,2023-S2,Stable,64.9
z_69.0_21.0,2023,2,2023-S2,Stable,74.8
z_69.0_22.5,2023,2,2023-S2,Stable,68.5
z_69.0_24.0,2023,2,2023-S2,Stable,93.9
z_69.0_28.5,2023,2,2023-S2,Stable,94.5
z_69.0_30.0,2023,2,2023-S2,Stable,90.4
z_69.0_33.0,2023,2,2023-S2,Stable,91.0
z_69.0_42.0,2023,2,2023-S2,Stable,89.5
z_69.0_6.0,2023,2,2023-S2,Stable,88.6
z_69.0_67.5,2023,2,2023-S2,Stable,81.1
z_70.5_-12.0,2023,2,2023-S2,Stable,88.6
z_70.5_0.0,2023,2,2023-S2,Stable,88.2
z_70.5_10.5,2023,2,2023-S2,Stable,85.8
z_70.5_13.5,2023,2,2023-S2,Stable,92.1
z_70.5_15.0,2023,2,2023-S2,Stable,93.2
z_70.5_16.5,2023,2,2023-S2,Stable,85.1
z_70.5_18.0,2023,2,2023-S2,Stable,96.5
z_70.5_19.5,2023,2,2023-S2,Stable,89.1
z_70.5_21.0,2023,2,2023-S2,Stable,89.1
z_70.5_22.5,2023,2,2023-S2,Stable,63.2
z_70.5_24.0,2023,2,2023-S2,Stable,57.0
z_70.5_25.5,2023,2,2023-S2,Stable,87.4
z_70.5_27.0,2023,2,2023-S2,Stable,91.7
z_70.5_28.5,2023,2,2023-S2,Stable,86.2
z_70.5_30.0,2023,2,2023-S2,Stable,64.5
z_70.5_33.0,2023,2,2023-S2,Stable,95.9
z_70.5_36.0,2023,2,2023-S2,Stable,92.4
z_72.0_1.5,2023,2,2023-S2,Stable,86.0
z_72.0_13.5,2023,2,2023-S2,Stable,97.4
z_72.0_15.0,2023,2,2023-S2,Stable,88.2
z_72.0_16.5,2023,2,2023-S2,Stable,91.9
z_72.0_18.0,2023,2,2023-S2,Stable,86.5
z_72.0_19.5,2023,2,2023-S2,Stable,92.3
z_72.0_22.5,2023,2,2023-S2,Stable,84.0
z_72.0_24.0,2023,2,2023-S2,Stable,96.3
z_72.0_25.5,2023,2,2023-S2,Stable,92.2
z_72.0_28.5,2023,2,2023-S2,Stable,84.6
z_72.0_30.0,2023,2,2023-S2,Stable,90.6
z_72.0_34.5,2023,2,2023-S2,Stable,88.6
z_73.5_1.5,2023,2,2023-S2,Stable,87.6
z_73.5_16.5,2023,2,2023-S2,Stable,94.1
z_73.5_18.0,2023,2,2023-S2,Stable,90.1
z_73.5_19.5,2023,2,2023-S2,Stable,93.0
z_73.5_21.0,2023,2,2023-S2,Stable,86.8
z_73.5_22.5,2023,2,2023-S2,Stable,94.7
z_73.5_25.5,2023,2,2023-S2,Stable,89.4
z_73.5_28.5,2023,2,2023-S2,Stable,90.2
z_73.5_30.0,2023,2,2023-S2,Stable,93.1
z_73.5_31.5,2023,2,2023-S2,Stable,83.5
z_73.5_33.0,2023,2,2023-S2,Stable,90.5
z_73.5_34.5,2023,2,2023-S2,Stable,91.8
z_73.5_36.0,2023,2,2023-S2,Stable,84.1
z_73.5_51.0,2023,2,2023-S2,Stable,87.8
z_75.0_16.5,2023,2,2023-S2,Stable,90.8
z_75.0_18.0,2023,2,2023-S2,Stable,89.0
z_75.0_19.5,2023,2,2023-S2,Stable,92.4
z_75.0_22.5,2023,2,2023-S2,Stable,92.7
z_75.0_25.5,2023,2,2023-S2,Stable,87.5
z_75.0_30.0,2023,2,2023-S2,Stable,92.1
z_75.0_31.5,2023,2,2023-S2,Stable,88.4
z_75.0_33.0,2023,2,2023-S2,Stable,60.3
z_75.0_34.5,2023,2,2023-S2,Stable,94.6
z_75.0_36.0,2023,2,2023-S2,Stable,95.7
z_75.0_39.0,2023,2,2023-S2,Stable,94.1
z_75.0_40.5,2023,2,2023-S2,Stable,90.4
z_76.5_13.5,2023,2,2023-S2,Stable,82.3
z_76.5_19.5,2023,2,2023-S2,Stable,88.4
z_76.5_31.5,2023,2,2023-S2,Stable,90.8
z_76.5_33.0,2023,2,2023-S2,Stable,96.4
z_76.5_36.0,2023,2,2023-S2,Stable,92.3
z_76.5_37.5,2023,2,2023-S2,Stable,88.6
z_76.5_40.5,2023,2,2023-S2,Stable,88.2
z_76.5_9.0,2023,2,2023-S2,Stable,97.1
z_78.0_10.5,2023,2,2023-S2,Stable,79.2
z_78.0_12.0,2023,2,2023-S2,Stable,85.4
z_78.0_13.5,2023,2,2023-S2,Stable,91.2
z_78.0_15.0,2023,2,2023-S2,Stable,84.8
z_78.0_22.5,2023,2,2023-S2,Stable,88.6
z_78.0_33.0,2023,2,2023-S2,Stable,83.7
z_79.5_10.5,2023,2,2023-S2,Stable,95.9
z_79.5_13.5,2023,2,2023-S2,Stable,87.8
z_79.5_16.5,2023,2,2023-S2,Stable,96.4
z_79.5_19.5,2023,2,2023-S2,Stable,85.1
z_79.5_27.0,2023,2,2023-S2,Stable,88.6
z_79.5_31.5,2023,2,2023-S2,Stable,86.1
z_24.0_-18.0,2024,1,2024-S1,Stable,89.7
z_24.0_-19.5,2024,1,2024-S1,Stable,97.3
z_24.0_-22.5,2024,1,2024-S1,Stable,93.5
z_24.0_-24.0,2024,1,2024-S1,Stable,91.1
z_24.0_-39.0,2024,1,2024-S1,Stable,93.1
z_25.5_-15.0,2024,1,2024-S1,Stable,93.2
z_25.5_-16.5,2024,1,2024-S1,Stable,85.1
z_25.5_-18.0,2024,1,2024-S1,Stable,92.7
z_25.5_-39.0,2024,1,2024-S1,Stable,90.7
z_27.0_-15.0,2024,1,2024-S1,Stable,98.0
z_27.0_-16.5,2024,1,2024-S1,Forte augmentation,34.7
z_27.0_-18.0,2024,1,2024-S1,Stable,91.3
z_27.0_-37.5,2024,1,2024-S1,Stable,91.7
z_28.5_-12.0,2024,1,2024-S1,Stable,93.3
z_28.5_-13.5,2024,1,2024-S1,Stable,94.1
z_28.5_-15.0,2024,1,2024-S1,Stable,74.7
z_28.5_-16.5,2024,1,2024-S1,Stable,64.2
z_28.5_-18.0,2024,1,2024-S1,Stable,90.7
z_28.5_-21.0,2024,1,2024-S1,Stable,92.1
z_28.5_-28.5,2024,1,2024-S1,Stable,92.9
z_28.5_-33.0,2024,1,2024-S1,Stable,92.3
z_28.5_-34.5,2024,1,2024-S1,Stable,93.5
z_28.5_-36.0,2024,1,2024-S1,Stable,94.0
z_30.0_-10.5,2024,1,2024-S1,Stable,84.6
z_30.0_-12.0,2024,1,2024-S1,Stable,92.1
z_30.0_-13.5,2024,1,2024-S1,Stable,95.1
z_30.0_-15.0,2024,1,2024-S1,Stable,93.8
z_30.0_-18.0,2024,1,2024-S1,Stable,93.3
z_30.0_-33.0,2024,1,2024-S1,Stable,93.0
z_30.0_-36.0,2024,1,2024-S1,Stable,93.5
z_30.0_-37.5,2024,1,2024-S1,Stable,91.1
z_30.0_-39.0,2024,1,2024-S1,Stable,93.5
z_30.0_-42.0,2024,1,2024-S1,Stable,93.1
z_30.0_28.5,2024,1,2024-S1,Stable,77.8
z_30.0_30.0,2024,1,2024-S1,Stable,92.1
z_30.0_31.5,2024,1,2024-S1,Stable,56.9
z_31.5_-10.5,2024,1,2024-S1,Stable,93.0
z_31.5_-12.0,2024,1,2024-S1,Stable,93.6
z_31.5_-15.0,2024,1,2024-S1,Stable,87.3
z_31.5_-18.0,2024,1,2024-S1,Stable,92.6
z_31.5_-33.0,2024,1,2024-S1,Stable,92.8
z_31.5_-39.0,2024,1,2024-S1,Stable,93.6
z_31.5_13.5,2024,1,2024-S1,Stable,93.3
z_31.5_15.0,2024,1,2024-S1,Stable,92.6
z_31.5_19.5,2024,1,2024-S1,Stable,93.3
z_31.5_24.0,2024,1,2024-S1,Stable,91.3
z_31.5_25.5,2024,1,2024-S1,Stable,91.5
z_31.5_27.0,2024,1,2024-S1,Stable,90.3
z_31.5_28.5,2024,1,2024-S1,Stable,91.1
z_31.5_30.0,2024,1,2024-S1,Stable,92.9
z_31.5_31.5,2024,1,2024-S1,Stable,93.9
z_31.5_33.0,2024,1,2024-S1,Stable,93.6
z_31.5_34.5,2024,1,2024-S1,Stable,92.5
z_33.0_-10.5,2024,1,2024-S1,Stable,92.5
z_33.0_-13.5,2024,1,2024-S1,Stable,96.8
z_33.0_-16.5,2024,1,2024-S1,Stable,93.1
z_33.0_-28.5,2024,1,2024-S1,Stable,92.2
z_33.0_-34.5,2024,1,2024-S1,Stable,89.9
z_33.0_-7.5,2024,1,2024-S1,Stable,90.8
z_33.0_-9.0,2024,1,2024-S1,Stable,82.0
z_33.0_10.5,2024,1,2024-S1,Stable,90.6
z_33.0_12.0,2024,1,2024-S1,Stable,92.0
z_33.0_13.5,2024,1,2024-S1,Stable,92.2
z_33.0_18.0,2024,1,2024-S1,Stable,85.7
z_33.0_19.5,2024,1,2024-S1,Stable,93.6
z_33.0_21.0,2024,1,2024-S1,Stable,91.1
z_33.0_22.5,2024,1,2024-S1,Stable,91.2
z_33.0_24.0,2024,1,2024-S1,Stable,93.6
z_33.0_25.5,2024,1,2024-S1,Stable,95.7
z_33.0_28.5,2024,1,2024-S1,Stable,91.8
z_33.0_31.5,2024,1,2024-S1,Stable,89.3
z_33.0_33.0,2024,1,2024-S1,Stable,86.6
z_33.0_34.5,2024,1,2024-S1,Stable,93.0
z_33.0_9.0,2024,1,2024-S1,Stable,89.6
z_34.5_-1.5,2024,1,2024-S1,Stable,98.3
z_34.5_-10.5,2024,1,2024-S1,Stable,96.0
z_34.5_-12.0,2024,1,2024-S1,Stable,92.8
z_34.5_-15.0,2024,1,2024-S1,Stable,97.6
z_34.5_-18.0,2024,1,2024-S1,Stable,92.5
z_34.5_-22.5,2024,1,2024-S1,Stable,87.7
z_34.5_-3.0,2024,1,2024-S1,Stable,94.6
z_34.5_-30.0,2024,1,2024-S1,Stable,91.1
z_34.5_-36.0,2024,1,2024-S1,Stable,92.9
z_34.5_-37.5,2024,1,2024-S1,Stable,92.6
z_34.5_-39.0,2024,1,2024-S1,Stable,94.5
z_34.5_-4.5,2024,1,2024-S1,Stable,92.4
z_34.5_-6.0,2024,1,2024-S1,Stable,82.7
z_34.5_-7.5,2024,1,2024-S1,Stable,64.6
z_34.5_-9.0,2024,1,2024-S1,Stable,93.5
z_34.5_0.0,2024,1,2024-S1,Stable,95.9
z_34.5_10.5,2024,1,2024-S1,Stable,93.3
z_34.5_12.0,2024,1,2024-S1,Stable,60.9
z_34.5_13.5,2024,1,2024-S1,Faible augmentation,36.6
z_34.5_15.0,2024,1,2024-S1,Stable,93.1
z_34.5_16.5,2024,1,2024-S1,Stable,86.0
z_34.5_18.0,2024,1,2024-S1,Stable,95.0
z_34.5_19.5,2024,1,2024-S1,Stable,93.9
z_34.5_21.0,2024,1,2024-S1,Stable,91.9
z_34.5_22.5,2024,1,2024-S1,Stable,48.1
z_34.5_24.0,2024,1,2024-S1,Stable,43.6
z_34.5_25.5,2024,1,2024-S1,Stable,42.3
z_34.5_27.0,2024,1,2024-S1,Stable,92.7
z_34.5_28.5,2024,1,2024-S1,Stable,93.0
z_34.5_30.0,2024,1,2024-S1,Stable,92.9
z_34.5_31.5,2024,1,2024-S1,Stable,61.0
z_34.5_33.0,2024,1,2024-S1,Stable,48.5
z_34.5_34.5,2024,1,2024-S1,Stable,91.8
z_36.0_-1.5,2024,1,2024-S1,Stable,94.1
z_36.0_-10.5,2024,1,2024-S1,Stable,48.3
z_36.0_-12.0,2024,1,2024-S1,Stable,96.1
z_36.0_-13.5,2024,1,2024-S1,Stable,92.8
z_36.0_-16.5,2024,1,2024-S1,Stable,92.8
z_36.0_-18.0,2024,1,2024-S1,Stable,94.3
z_36.0_-21.0,2024,1,2024-S1,Stable,92.9
z_36.0_-22.5,2024,1,2024-S1,Stable,92.3
z_36.0_-24.0,2024,1,2024-S1,Stable,93.5
z_36.0_-25.5,2024,1,2024-S1,Stable,89.3
z_36.0_-3.0,2024,1,2024-S1,Forte diminution,42.8
z_36.0_-36.0,2024,1,2024-S1,Stable,96.4
z_36.0_-4.5,2024,1,2024-S1,Stable,58.3
z_36.0_-42.0,2024,1,2024-S1,Stable,93.0
z_36.0_-6.0,2024,1,2024-S1,Forte diminution,40.2
z_36.0_-7.5,2024,1,2024-S1,Stable,38.5
z_36.0_-9.0,2024,1,2024-S1,Forte diminution,29.6
z_36.0_0.0,2024,1,2024-S1,Stable,88.5
z_36.0_1.5,2024,1,2024-S1,Stable,91.3
z_36.0_10.5,2024,1,2024-S1,Stable,65.5
z_36.0_12.0,2024,1,2024-S1,Stable,65.6
z_36.0_13.5,2024,1,2024-S1,Forte diminution,40.0
z_36.0_15.0,2024,1,2024-S1,Stable,51.0
z_36.0_16.5,2024,1,2024-S1,Stable,95.5
z_36.0_18.0,2024,1,2024-S1,Stable,98.3
z_36.0_19.5,2024,1,2024-S1,Stable,83.5
z_36.0_21.0,2024,1,2024-S1,Stable,68.0
z_36.0_22.5,2024,1,2024-S1,Forte diminution,34.7
z_36.0_24.0,2024,1,2024-S1,Stable,27.6
z_36.0_25.5,2024,1,2024-S1,Forte diminution,32.8
z_36.0_27.0,2024,1,2024-S1,Forte diminution,40.8
z_36.0_28.5,2024,1,2024-S1,Stable,87.0
z_36.0_3.0,2024,1,2024-S1,Stable,91.9
z_36.0_30.0,2024,1,2024-S1,Stable,94.0
z_36.0_34.5,2024,1,2024-S1,Stable,88.8
z_36.0_36.0,2024,1,2024-S1,Stable,83.6
z_36.0_4.5,2024,1,2024-S1,Stable,84.7
z_36.0_6.0,2024,1,2024-S1,Stable,92.1
z_36.0_7.5,2024,1,2024-S1,Stable,92.5
z_36.0_9.0,2024,1,2024-S1,Stable,92.5
z_37.5_-1.5,2024,1,2024-S1,Forte augmentation,35.6
z_37.5_-10.5,2024,1,2024-S1,Forte augmentation,43.4
z_37.5_-12.0,2024,1,2024-S1,Stable,94.0
z_37.5_-13.5,2024,1,2024-S1,Stable,90.3
z_37.5_-16.5,2024,1,2024-S1,Stable,93.3
z_37.5_-19.5,2024,1,2024-S1,Stable,93.9
z_37.5_-21.0,2024,1,2024-S1,Stable,93.9
z_37.5_-22.5,2024,1,2024-S1,Stable,96.7
z_37.5_-24.0,2024,1,2024-S1,Stable,94.8
z_37.5_-25.5,2024,1,2024-S1,Stable,91.8
z_37.5_-27.0,2024,1,2024-S1,Stable,89.7
z_37.5_-28.5,2024,1,2024-S1,Stable,87.7
z_37.5_-30.0,2024,1,2024-S1,Stable,93.0
z_37.5_-31.5,2024,1,2024-S1,Stable,93.9
z_37.5_-39.0,2024,1,2024-S1,Stable,92.6
z_37.5_-9.0,2024,1,2024-S1,Forte diminution,41.0
z_37.5_0.0,2024,1,2024-S1,Stable,59.5
z_37.5_1.5,2024,1,2024-S1,Stable,94.3
z_37.5_10.5,2024,1,2024-S1,Stable,91.2
z_37.5_12.0,2024,1,2024-S1,Forte diminution,38.8
z_37.5_13.5,2024,1,2024-S1,Stable,56.5
z_37.5_15.0,2024,1,2024-S1,Forte diminution,55.9
z_37.5_16.5,2024,1,2024-S1,Stable,71.1
z_37.5_18.0,2024,1,2024-S1,Stable,93.1
z_37.5_19.5,2024,1,2024-S1,Stable,37.3
z_37.5_21.0,2024,1,2024-S1,Stable,33.8
z_37.5_22.5,2024,1,2024-S1,Faible diminution,31.6
z_37.5_24.0,2024,1,2024-S1,Forte diminution,29.6
z_37.5_25.5,2024,1,2024-S1,Stable,44.2
z_37.5_27.0,2024,1,2024-S1,Stable,81.9
z_37.5_3.0,2024,1,2024-S1,Stable,87.3
z_37.5_4.5,2024,1,2024-S1,Stable,97.8
z_37.5_6.0,2024,1,2024-S1,Stable,96.4
z_37.5_7.5,2024,1,2024-S1,Stable,93.2
z_37.5_9.0,2024,1,2024-S1,Stable,77.3
z_39.0_-1.5,2024,1,2024-S1,Forte diminution,51.2
z_39.0_-10.5,2024,1,2024-S1,Stable,47.5
z_39.0_-12.0,2024,1,2024-S1,Stable,93.9
z_39.0_-15.0,2024,1,2024-S1,Stable,93.9
z_39.0_-16.5,2024,1,2024-S1,Stable,93.0
z_39.0_-18.0,2024,1,2024-S1,Stable,89.5
z_39.0_-28.5,2024,1,2024-S1,Stable,92.8
z_39.0_-31.5,2024,1,2024-S1,Stable,94.6
z_39.0_-39.0,2024,1,2024-S1,Stable,91.9
z_39.0_-9.0,2024,1,2024-S1,Stable,61.3
z_39.0_0.0,2024,1,2024-S1,Stable,80.5
z_39.0_1.5,2024,1,2024-S1,Forte diminution,37.8
z_39.0_10.5,2024,1,2024-S1,Stable,98.7
z_39.0_12.0,2024,1,2024-S1,Stable,98.7
z_39.0_13.5,2024,1,2024-S1,Stable,93.7
z_39.0_15.0,2024,1,2024-S1,Stable,89.5
z_39.0_16.5,2024,1,2024-S1,Stable,64.6
z_39.0_18.0,2024,1,2024-S1,Stable,74.1
z_39.0_19.5,2024,1,2024-S1,Forte augmentation,27.0
z_39.0_22.5,2024,1,2024-S1,Forte diminution,36.3
z_39.0_24.0,2024,1,2024-S1,Stable,71.6
z_39.0_25.5,2024,1,2024-S1,Stable,67.0
z_39.0_27.0,2024,1,2024-S1,Stable,86.6
z_39.0_3.0,2024,1,2024-S1,Forte diminution,50.5
z_39.0_4.5,2024,1,2024-S1,Stable,88.8
z_39.0_6.0,2024,1,2024-S1,Stable,92.8
z_39.0_7.5,2024,1,2024-S1,Stable,94.3
z_39.0_9.0,2024,1,2024-S1,Stable,41.8
z_40.5_-10.5,2024,1,2024-S1,Stable,72.9
z_40.5_-12.0,2024,1,2024-S1,Stable,92.6
z_40.5_-21.0,2024,1,2024-S1,Stable,93.4
z_40.5_-22.5,2024,1,2024-S1,Stable,95.4
z_40.5_-36.0,2024,1,2024-S1,Stable,90.5
z_40.5_-37.5,2024,1,2024-S1,Stable,92.5
z_40.5_-9.0,2024,1,2024-S1,Stable,54.2
z_40.5_0.0,2024,1,2024-S1,Stable,52.9
z_40.5_1.5,2024,1,2024-S1,Forte diminution,42.3
z_40.5_10.5,2024,1,2024-S1,Stable,86.0
z_40.5_12.0,2024,1,2024-S1,Stable,62.2
z_40.5_13.5,2024,1,2024-S1,Forte augmentation,38.0
z_40.5_15.0,2024,1,2024-S1,Stable,86.2
z_40.5_16.5,2024,1,2024-S1,Stable,39.7
z_40.5_18.0,2024,1,2024-S1,Stable,73.0
z_40.5_22.5,2024,1,2024-S1,Forte diminution,46.9
z_40.5_24.0,2024,1,2024-S1,Stable,54.6
z_40.5_25.5,2024,1,2024-S1,Stable,65.2
z_40.5_27.0,2024,1,2024-S1,Stable,88.5
z_40.5_28.5,2024,1,2024-S1,Stable,46.9
z_40.5_3.0,2024,1,2024-S1,Stable,48.9
z_40.5_30.0,2024,1,2024-S1,Stable,91.3
z_40.5_31.5,2024,1,2024-S1,Stable,93.0
z_40.5_36.0,2024,1,2024-S1,Stable,85.5
z_40.5_37.5,2024,1,2024-S1,Stable,94.8
z_40.5_4.5,2024,1,2024-S1,Stable,88.3
z_40.5_6.0,2024,1,2024-S1,Stable,93.5
z_40.5_7.5,2024,1,2024-S1,Stable,44.1
z_40.5_9.0,2024,1,2024-S1,Forte diminution,43.5
z_42.0_-10.5,2024,1,2024-S1,Forte diminution,53.4
z_42.0_-12.0,2024,1,2024-S1,Stable,93.0
z_42.0_-19.5,2024,1,2024-S1,Stable,93.9
z_42.0_-24.0,2024,1,2024-S1,Stable,92.3
z_42.0_-28.5,2024,1,2024-S1,Stable,93.3
z_42.0_-3.0,2024,1,2024-S1,Stable,51.9
z_42.0_-36.0,2024,1,2024-S1,Stable,97.4
z_42.0_-39.0,2024,1,2024-S1,Stable,93.9
z_42.0_-4.5,2024,1,2024-S1,Stable,56.4
z_42.0_-6.0,2024,1,2024-S1,Stable,91.1
z_42.0_-9.0,2024,1,2024-S1,Stable,33.6
z_42.0_10.5,2024,1,2024-S1,Stable,39.0
z_42.0_13.5,2024,1,2024-S1,Forte augmentation,56.1
z_42.0_15.0,2024,1,2024-S1,Stable,35.7
z_42.0_16.5,2024,1,2024-S1,Stable,66.3
z_42.0_18.0,2024,1,2024-S1,Stable,89.1
z_42.0_27.0,2024,1,2024-S1,Stable,72.1
z_42.0_28.5,2024,1,2024-S1,Stable,92.2
z_42.0_3.0,2024,1,2024-S1,Stable,41.8
z_42.0_33.0,2024,1,2024-S1,Stable,89.6
z_42.0_37.5,2024,1,2024-S1,Stable,93.9
z_42.0_4.5,2024,1,2024-S1,Forte diminution,40.6
z_42.0_40.5,2024,1,2024-S1,Stable,90.2
z_42.0_6.0,2024,1,2024-S1,Stable,48.9
z_42.0_7.5,2024,1,2024-S1,Stable,97.1
z_42.0_9.0,2024,1,2024-S1,Forte diminution,41.2
z_43.5_-1.5,2024,1,2024-S1,Stable,53.3
z_43.5_-10.5,2024,1,2024-S1,Stable,85.1
z_43.5_-12.0,2024,1,2024-S1,Stable,91.8
z_43.5_-28.5,2024,1,2024-S1,Stable,91.2
z_43.5_-3.0,2024,1,2024-S1,Stable,56.2
z_43.5_-33.0,2024,1,2024-S1,Stable,89.0
z_43.5_-34.5,2024,1,2024-S1,Stable,93.3
z_43.5_-4.5,2024,1,2024-S1,Stable,56.0
z_43.5_-40.5,2024,1,2024-S1,Stable,93.6
z_43.5_-6.0,2024,1,2024-S1,Stable,48.5
z_43.5_-7.5,2024,1,2024-S1,Stable,43.8
z_43.5_-9.0,2024,1,2024-S1,Forte diminution,38.9
z_43.5_12.0,2024,1,2024-S1,Forte augmentation,36.4
z_43.5_13.5,2024,1,2024-S1,Stable,54.0
z_43.5_15.0,2024,1,2024-S1,Stable,65.0
z_43.5_28.5,2024,1,2024-S1,Stable,87.6
z_43.5_30.0,2024,1,2024-S1,Stable,97.5
z_43.5_36.0,2024,1,2024-S1,Stable,90.2
z_43.5_37.5,2024,1,2024-S1,Stable,86.9
z_43.5_39.0,2024,1,2024-S1,Stable,93.8
z_43.5_6.0,2024,1,2024-S1,Stable,95.6
z_43.5_7.5,2024,1,2024-S1,Forte diminution,42.4
z_43.5_9.0,2024,1,2024-S1,Forte augmentation,37.1
z_45.0_-1.5,2024,1,2024-S1,Forte diminution,35.0
z_45.0_-10.5,2024,1,2024-S1,Stable,92.9
z_45.0_-12.0,2024,1,2024-S1,Stable,92.5
z_45.0_-13.5,2024,1,2024-S1,Stable,93.3
z_45.0_-19.5,2024,1,2024-S1,Stable,94.6
z_45.0_-22.5,2024,1,2024-S1,Stable,90.8
z_45.0_-3.0,2024,1,2024-S1,Stable,39.0
z_45.0_-36.0,2024,1,2024-S1,Stable,93.5
z_45.0_-4.5,2024,1,2024-S1,Stable,77.4
z_45.0_-42.0,2024,1,2024-S1,Stable,93.6
z_45.0_-6.0,2024,1,2024-S1,Stable,90.7
z_45.0_-7.5,2024,1,2024-S1,Stable,90.9
z_45.0_-9.0,2024,1,2024-S1,Stable,84.3
z_45.0_12.0,2024,1,2024-S1,Forte augmentation,39.0
z_45.0_13.5,2024,1,2024-S1,Forte augmentation,37.1
z_45.0_28.5,2024,1,2024-S1,Stable,88.9
z_45.0_30.0,2024,1,2024-S1,Stable,77.8
z_45.0_31.5,2024,1,2024-S1,Stable,89.5
z_45.0_34.5,2024,1,2024-S1,Stable,92.9
z_45.0_36.0,2024,1,2024-S1,Stable,87.5
z_46.5_-10.5,2024,1,2024-S1,Stable,99.0
z_46.5_-12.0,2024,1,2024-S1,Stable,94.2
z_46.5_-13.5,2024,1,2024-S1,Stable,93.5
z_46.5_-19.5,2024,1,2024-S1,Stable,92.5
z_46.5_-21.0,2024,1,2024-S1,Stable,93.5
z_46.5_-25.5,2024,1,2024-S1,Stable,92.5
z_46.5_-3.0,2024,1,2024-S1,Forte augmentation,38.0
z_46.5_-31.5,2024,1,2024-S1,Stable,93.1
z_46.5_-36.0,2024,1,2024-S1,Stable,95.6
z_46.5_-4.5,2024,1,2024-S1,Forte diminution,40.8
z_46.5_-6.0,2024,1,2024-S1,Forte diminution,36.6
z_46.5_-7.5,2024,1,2024-S1,Stable,70.7
z_46.5_-9.0,2024,1,2024-S1,Stable,93.2
z_46.5_30.0,2024,1,2024-S1,Stable,69.4
z_46.5_31.5,2024,1,2024-S1,Stable,88.8
z_46.5_36.0,2024,1,2024-S1,Stable,90.3
z_46.5_37.5,2024,1,2024-S1,Stable,93.5
z_46.5_39.0,2024,1,2024-S1,Stable,88.5
z_48.0_-1.5,2024,1,2024-S1,Stable,34.1
z_48.0_-10.5,2024,1,2024-S1,Stable,89.6
z_48.0_-12.0,2024,1,2024-S1,Stable,94.0
z_48.0_-13.5,2024,1,2024-S1,Stable,93.3
z_48.0_-15.0,2024,1,2024-S1,Stable,98.7
z_48.0_-18.0,2024,1,2024-S1,Stable,93.3
z_48.0_-19.5,2024,1,2024-S1,Stable,90.8
z_48.0_-21.0,2024,1,2024-S1,Stable,93.1
z_48.0_-24.0,2024,1,2024-S1,Stable,95.8
z_48.0_-25.5,2024,1,2024-S1,Stable,92.5
z_48.0_-28.5,2024,1,2024-S1,Stable,93.5
z_48.0_-3.0,2024,1,2024-S1,Stable,52.6
z_48.0_-30.0,2024,1,2024-S1,Stable,89.7
z_48.0_-4.5,2024,1,2024-S1,Forte diminution,42.9
z_48.0_-40.5,2024,1,2024-S1,Stable,92.8
z_48.0_-6.0,2024,1,2024-S1,Stable,27.8
z_48.0_-7.5,2024,1,2024-S1,Stable,57.9
z_48.0_-9.0,2024,1,2024-S1,Stable,45.3
z_49.5_-1.5,2024,1,2024-S1,Faible augmentation,30.9
z_49.5_-10.5,2024,1,2024-S1,Stable,92.4
z_49.5_-12.0,2024,1,2024-S1,Stable,92.8
z_49.5_-13.5,2024,1,2024-S1,Stable,93.3
z_49.5_-15.0,2024,1,2024-S1,Stable,93.5
z_49.5_-16.5,2024,1,2024-S1,Stable,90.5
z_49.5_-18.0,2024,1,2024-S1,Stable,97.1
z_49.5_-19.5,2024,1,2024-S1,Stable,92.8
z_49.5_-21.0,2024,1,2024-S1,Stable,92.9
z_49.5_-24.0,2024,1,2024-S1,Stable,93.1
z_49.5_-3.0,2024,1,2024-S1,Forte diminution,42.2
z_49.5_-30.0,2024,1,2024-S1,Stable,93.1
z_49.5_-4.5,2024,1,2024-S1,Stable,61.4
z_49.5_-6.0,2024,1,2024-S1,Stable,41.3
z_49.5_-7.5,2024,1,2024-S1,Stable,57.4
z_49.5_-9.0,2024,1,2024-S1,Stable,80.1
z_49.5_0.0,2024,1,2024-S1,Forte augmentation,25.7
z_49.5_1.5,2024,1,2024-S1,Stable,91.7
z_51.0_-10.5,2024,1,2024-S1,Stable,42.3
z_51.0_-12.0,2024,1,2024-S1,Stable,72.1
z_51.0_-13.5,2024,1,2024-S1,Stable,82.8
z_51.0_-15.0,2024,1,2024-S1,Stable,84.9
z_51.0_-16.5,2024,1,2024-S1,Stable,97.8
z_51.0_-18.0,2024,1,2024-S1,Stable,97.5
z_51.0_-19.5,2024,1,2024-S1,Stable,93.5
z_51.0_-21.0,2024,1,2024-S1,Stable,90.4
z_51.0_-25.5,2024,1,2024-S1,Stable,93.5
z_51.0_-27.0,2024,1,2024-S1,Stable,92.8
z_51.0_-4.5,2024,1,2024-S1,Stable,69.4
z_51.0_-6.0,2024,1,2024-S1,Stable,49.4
z_51.0_-7.5,2024,1,2024-S1,Forte diminution,39.9
z_51.0_-9.0,2024,1,2024-S1,Stable,81.1
z_51.0_0.0,2024,1,2024-S1,Stable,36.5
z_51.0_1.5,2024,1,2024-S1,Stable,29.2
z_51.0_3.0,2024,1,2024-S1,Stable,30.7
z_52.5_-1.5,2024,1,2024-S1,Stable,49.0
z_52.5_-10.5,2024,1,2024-S1,Stable,71.3
z_52.5_-12.0,2024,1,2024-S1,Stable,94.9
z_52.5_-13.5,2024,1,2024-S1,Stable,91.6
z_52.5_-15.0,2024,1,2024-S1,Stable,92.7
z_52.5_-19.5,2024,1,2024-S1,Stable,94.2
z_52.5_-21.0,2024,1,2024-S1,Stable,92.9
z_52.5_-4.5,2024,1,2024-S1,Stable,43.5
z_52.5_-6.0,2024,1,2024-S1,Stable,45.1
z_52.5_-7.5,2024,1,2024-S1,Stable,42.2
z_52.5_0.0,2024,1,2024-S1,Stable,55.7
z_52.5_1.5,2024,1,2024-S1,Stable,63.1
z_52.5_13.5,2024,1,2024-S1,Stable,31.1
z_52.5_3.0,2024,1,2024-S1,Stable,49.6
z_52.5_4.5,2024,1,2024-S1,Faible diminution,26.2
z_52.5_6.0,2024,1,2024-S1,Faible augmentation,34.5
z_52.5_7.5,2024,1,2024-S1,Faible augmentation,29.3
z_52.5_9.0,2024,1,2024-S1,Stable,51.5
z_54.0_-1.5,2024,1,2024-S1,Stable,57.2
z_54.0_-10.5,2024,1,2024-S1,Stable,93.8
z_54.0_-12.0,2024,1,2024-S1,Stable,90.4
z_54.0_-13.5,2024,1,2024-S1,Stable,92.3
z_54.0_-15.0,2024,1,2024-S1,Stable,88.7
z_54.0_-16.5,2024,1,2024-S1,Stable,96.3
z_54.0_-4.5,2024,1,2024-S1,Stable,79.4
z_54.0_-6.0,2024,1,2024-S1,Stable,90.1
z_54.0_-7.5,2024,1,2024-S1,Stable,74.4
z_54.0_-9.0,2024,1,2024-S1,Stable,90.5
z_54.0_0.0,2024,1,2024-S1,Stable,69.4
z_54.0_1.5,2024,1,2024-S1,Stable,83.3
z_54.0_10.5,2024,1,2024-S1,Faible augmentation,58.8
z_54.0_12.0,2024,1,2024-S1,Faible augmentation,32.4
z_54.0_13.5,2024,1,2024-S1,Forte diminution,32.1
z_54.0_15.0,2024,1,2024-S1,Stable,59.8
z_54.0_16.5,2024,1,2024-S1,Stable,87.1
z_54.0_18.0,2024,1,2024-S1,Stable,28.6
z_54.0_19.5,2024,1,2024-S1,Stable,94.3
z_54.0_3.0,2024,1,2024-S1,Stable,96.1
z_54.0_4.5,2024,1,2024-S1,Stable,76.9
z_54.0_6.0,2024,1,2024-S1,Stable,52.4
z_54.0_7.5,2024,1,2024-S1,Faible diminution,40.2
z_54.0_9.0,2024,1,2024-S1,Faible diminution,29.5
z_55.5_-1.5,2024,1,2024-S1,Stable,93.1
z_55.5_-10.5,2024,1,2024-S1,Stable,94.8
z_55.5_-12.0,2024,1,2024-S1,Stable,92.8
z_55.5_-15.0,2024,1,2024-S1,Stable,94.7
z_55.5_-3.0,2024,1,2024-S1,Stable,89.9
z_55.5_-39.0,2024,1,2024-S1,Stable,93.1
z_55.5_-4.5,2024,1,2024-S1,Stable,93.4
z_55.5_-6.0,2024,1,2024-S1,Stable,76.4
z_55.5_-7.5,2024,1,2024-S1,Stable,89.4
z_55.5_-9.0,2024,1,2024-S1,Stable,91.9
z_55.5_0.0,2024,1,2024-S1,Stable,86.8
z_55.5_1.5,2024,1,2024-S1,Stable,92.2
z_55.5_10.5,2024,1,2024-S1,Forte diminution,31.5
z_55.5_12.0,2024,1,2024-S1,Forte diminution,26.8
z_55.5_13.5,2024,1,2024-S1,Stable,70.6
z_55.5_15.0,2024,1,2024-S1,Stable,47.6
z_55.5_16.5,2024,1,2024-S1,Stable,82.9
z_55.5_18.0,2024,1,2024-S1,Stable,86.2
z_55.5_19.5,2024,1,2024-S1,Stable,80.9
z_55.5_21.0,2024,1,2024-S1,Forte diminution,28.2
z_55.5_3.0,2024,1,2024-S1,Stable,90.2
z_55.5_4.5,2024,1,2024-S1,Stable,89.8
z_55.5_6.0,2024,1,2024-S1,Stable,44.5
z_55.5_7.5,2024,1,2024-S1,Stable,36.7
z_55.5_9.0,2024,1,2024-S1,Forte augmentation,34.3
z_57.0_-1.5,2024,1,2024-S1,Stable,89.3
z_57.0_-10.5,2024,1,2024-S1,Stable,95.9
z_57.0_-13.5,2024,1,2024-S1,Stable,89.3
z_57.0_-15.0,2024,1,2024-S1,Stable,93.8
z_57.0_-24.0,2024,1,2024-S1,Stable,88.3
z_57.0_-28.5,2024,1,2024-S1,Stable,91.1
z_57.0_-3.0,2024,1,2024-S1,Stable,56.0
z_57.0_-4.5,2024,1,2024-S1,Stable,97.4
z_57.0_-6.0,2024,1,2024-S1,Stable,70.9
z_57.0_-7.5,2024,1,2024-S1,Stable,93.2
z_57.0_-9.0,2024,1,2024-S1,Stable,91.4
z_57.0_0.0,2024,1,2024-S1,Stable,87.2
z_57.0_1.5,2024,1,2024-S1,Stable,93.7
z_57.0_10.5,2024,1,2024-S1,Faible augmentation,24.7
z_57.0_12.0,2024,1,2024-S1,Stable,60.9
z_57.0_16.5,2024,1,2024-S1,Stable,41.7
z_57.0_18.0,2024,1,2024-S1,Stable,58.0
z_57.0_19.5,2024,1,2024-S1,Stable,80.5
z_57.0_21.0,2024,1,2024-S1,Stable,89.3
z_57.0_22.5,2024,1,2024-S1,Stable,52.3
z_57.0_24.0,2024,1,2024-S1,Stable,94.4
z_57.0_3.0,2024,1,2024-S1,Stable,87.9
z_57.0_4.5,2024,1,2024-S1,Stable,64.2
z_57.0_6.0,2024,1,2024-S1,Stable,83.7
z_57.0_7.5,2024,1,2024-S1,Stable,39.3
z_57.0_9.0,2024,1,2024-S1,Forte augmentation,38.2
z_58.5_-1.5,2024,1,2024-S1,Stable,87.3
z_58.5_-10.5,2024,1,2024-S1,Stable,94.9
z_58.5_-12.0,2024,1,2024-S1,Stable,93.2
z_58.5_-15.0,2024,1,2024-S1,Stable,93.6
z_58.5_-19.5,2024,1,2024-S1,Stable,86.7
z_58.5_-24.0,2024,1,2024-S1,Stable,92.8
z_58.5_-3.0,2024,1,2024-S1,Stable,94.4
z_58.5_-31.5,2024,1,2024-S1,Stable,91.4
z_58.5_-4.5,2024,1,2024-S1,Stable,92.3
z_58.5_-6.0,2024,1,2024-S1,Stable,91.4
z_58.5_-7.5,2024,1,2024-S1,Stable,93.5
z_58.5_-9.0,2024,1,2024-S1,Stable,93.4
z_58.5_0.0,2024,1,2024-S1,Stable,93.0
z_58.5_1.5,2024,1,2024-S1,Stable,93.7
z_58.5_10.5,2024,1,2024-S1,Stable,39.2
z_58.5_15.0,2024,1,2024-S1,Stable,78.4
z_58.5_16.5,2024,1,2024-S1,Stable,24.7
z_58.5_18.0,2024,1,2024-S1,Forte diminution,32.1
z_58.5_19.5,2024,1,2024-S1,Stable,76.7
z_58.5_21.0,2024,1,2024-S1,Stable,77.1
z_58.5_22.5,2024,1,2024-S1,Stable,64.4
z_58.5_24.0,2024,1,2024-S1,Forte diminution,41.4
z_58.5_25.5,2024,1,2024-S1,Stable,69.9
z_58.5_27.0,2024,1,2024-S1,Stable,89.6
z_58.5_28.5,2024,1,2024-S1,Stable,94.5
z_58.5_3.0,2024,1,2024-S1,Stable,79.0
z_58.5_4.5,2024,1,2024-S1,Forte augmentation,34.9
z_58.5_6.0,2024,1,2024-S1,Stable,88.8
z_58.5_7.5,2024,1,2024-S1,Stable,86.8
z_58.5_9.0,2024,1,2024-S1,Stable,60.1
z_60.0_-1.5,2024,1,2024-S1,Stable,91.0
z_60.0_-10.5,2024,1,2024-S1,Stable,93.4
z_60.0_-12.0,2024,1,2024-S1,Stable,85.6
z_60.0_-27.0,2024,1,2024-S1,Stable,92.4
z_60.0_-3.0,2024,1,2024-S1,Stable,92.6
z_60.0_-31.5,2024,1,2024-S1,Stable,93.7
z_60.0_-4.5,2024,1,2024-S1,Stable,85.6
z_60.0_-6.0,2024,1,2024-S1,Stable,91.9
z_60.0_-7.5,2024,1,2024-S1,Stable,94.1
z_60.0_-9.0,2024,1,2024-S1,Stable,95.3
z_60.0_0.0,2024,1,2024-S1,Stable,88.6
z_60.0_1.5,2024,1,2024-S1,Stable,71.7
z_60.0_16.5,2024,1,2024-S1,Stable,83.5
z_60.0_18.0,2024,1,2024-S1,Stable,79.0
z_60.0_19.5,2024,1,2024-S1,Stable,84.9
z_60.0_21.0,2024,1,2024-S1,Stable,41.0
z_60.0_24.0,2024,1,2024-S1,Stable,57.9
z_60.0_25.5,2024,1,2024-S1,Stable,50.0
z_60.0_27.0,2024,1,2024-S1,Stable,95.9
z_60.0_28.5,2024,1,2024-S1,Stable,85.8
z_60.0_3.0,2024,1,2024-S1,Stable,89.0
z_60.0_4.5,2024,1,2024-S1,Forte diminution,58.5
z_60.0_6.0,2024,1,2024-S1,Stable,86.6
z_61.5_-1.5,2024,1,2024-S1,Stable,94.0
z_61.5_-10.5,2024,1,2024-S1,Stable,92.7
z_61.5_-12.0,2024,1,2024-S1,Stable,84.2
z_61.5_-13.5,2024,1,2024-S1,Stable,93.7
z_61.5_-16.5,2024,1,2024-S1,Stable,91.8
z_61.5_-18.0,2024,1,2024-S1,Stable,93.5
z_61.5_-27.0,2024,1,2024-S1,Stable,93.3
z_61.5_-7.5,2024,1,2024-S1,Stable,90.6
z_61.5_-9.0,2024,1,2024-S1,Stable,90.8
z_61.5_0.0,2024,1,2024-S1,Stable,70.4
z_61.5_1.5,2024,1,2024-S1,Stable,98.1
z_61.5_16.5,2024,1,2024-S1,Stable,57.5
z_61.5_18.0,2024,1,2024-S1,Stable,84.5
z_61.5_19.5,2024,1,2024-S1,Stable,92.8
z_61.5_21.0,2024,1,2024-S1,Stable,85.0
z_61.5_3.0,2024,1,2024-S1,Stable,82.2
z_61.5_4.5,2024,1,2024-S1,Forte augmentation,40.6
z_61.5_6.0,2024,1,2024-S1,Forte diminution,41.6
z_61.5_7.5,2024,1,2024-S1,Stable,88.7
z_63.0_-1.5,2024,1,2024-S1,Stable,85.3
z_63.0_-10.5,2024,1,2024-S1,Stable,90.3
z_63.0_-12.0,2024,1,2024-S1,Stable,91.2
z_63.0_-13.5,2024,1,2024-S1,Stable,89.6
z_63.0_-15.0,2024,1,2024-S1,Stable,93.0
z_63.0_-16.5,2024,1,2024-S1,Stable,94.2
z_63.0_-18.0,2024,1,2024-S1,Stable,88.0
z_63.0_-19.5,2024,1,2024-S1,Stable,87.5
z_63.0_-21.0,2024,1,2024-S1,Stable,50.2
z_63.0_-22.5,2024,1,2024-S1,Stable,45.6
z_63.0_-24.0,2024,1,2024-S1,Stable,65.5
z_63.0_-25.5,2024,1,2024-S1,Stable,93.4
z_63.0_-27.0,2024,1,2024-S1,Stable,92.8
z_63.0_-36.0,2024,1,2024-S1,Stable,90.6
z_63.0_-39.0,2024,1,2024-S1,Stable,92.1
z_63.0_-7.5,2024,1,2024-S1,Stable,97.2
z_63.0_-9.0,2024,1,2024-S1,Stable,92.9
z_63.0_0.0,2024,1,2024-S1,Stable,85.3
z_63.0_10.5,2024,1,2024-S1,Stable,90.0
z_63.0_18.0,2024,1,2024-S1,Stable,82.8
z_63.0_19.5,2024,1,2024-S1,Stable,76.7
z_63.0_21.0,2024,1,2024-S1,Stable,81.0
z_63.0_22.5,2024,1,2024-S1,Stable,88.7
z_63.0_3.0,2024,1,2024-S1,Stable,97.6
z_63.0_4.5,2024,1,2024-S1,Stable,92.5
z_63.0_6.0,2024,1,2024-S1,Stable,89.2
z_63.0_7.5,2024,1,2024-S1,Forte augmentation,33.7
z_63.0_9.0,2024,1,2024-S1,Forte augmentation,41.0
z_64.5_-10.5,2024,1,2024-S1,Stable,92.9
z_64.5_-12.0,2024,1,2024-S1,Stable,94.3
z_64.5_-13.5,2024,1,2024-S1,Stable,94.4
z_64.5_-15.0,2024,1,2024-S1,Stable,88.3
z_64.5_-19.5,2024,1,2024-S1,Stable,93.5
z_64.5_-21.0,2024,1,2024-S1,Stable,86.7
z_64.5_-22.5,2024,1,2024-S1,Stable,83.3
z_64.5_-24.0,2024,1,2024-S1,Stable,79.4
z_64.5_-25.5,2024,1,2024-S1,Stable,88.8
z_64.5_-27.0,2024,1,2024-S1,Stable,86.9
z_64.5_-28.5,2024,1,2024-S1,Stable,92.7
z_64.5_-3.0,2024,1,2024-S1,Stable,93.2
z_64.5_-33.0,2024,1,2024-S1,Stable,93.5
z_64.5_-37.5,2024,1,2024-S1,Stable,95.0
z_64.5_-6.0,2024,1,2024-S1,Stable,92.1
z_64.5_0.0,2024,1,2024-S1,Stable,92.0
z_64.5_10.5,2024,1,2024-S1,Stable,47.6
z_64.5_12.0,2024,1,2024-S1,Stable,53.3
z_64.5_21.0,2024,1,2024-S1,Stable,53.0
z_64.5_22.5,2024,1,2024-S1,Stable,97.2
z_64.5_24.0,2024,1,2024-S1,Stable,72.7
z_64.5_3.0,2024,1,2024-S1,Stable,91.8
z_64.5_34.5,2024,1,2024-S1,Stable,94.0
z_64.5_39.0,2024,1,2024-S1,Stable,85.9
z_64.5_4.5,2024,1,2024-S1,Stable,92.6
z_64.5_6.0,2024,1,2024-S1,Stable,88.3
z_64.5_7.5,2024,1,2024-S1,Stable,94.7
z_64.5_9.0,2024,1,2024-S1,Stable,91.3
z_66.0_-1.5,2024,1,2024-S1,Stable,90.7
z_66.0_-12.0,2024,1,2024-S1,Stable,93.2
z_66.0_-13.5,2024,1,2024-S1,Stable,94.1
z_66.0_-15.0,2024,1,2024-S1,Stable,93.9
z_66.0_-16.5,2024,1,2024-S1,Stable,94.9
z_66.0_-18.0,2024,1,2024-S1,Stable,86.7
z_66.0_-19.5,2024,1,2024-S1,Stable,92.8
z_66.0_-21.0,2024,1,2024-S1,Stable,87.3
z_66.0_-22.5,2024,1,2024-S1,Stable,92.5
z_66.0_-24.0,2024,1,2024-S1,Stable,62.7
z_66.0_-25.5,2024,1,2024-S1,Stable,92.0
z_66.0_-27.0,2024,1,2024-S1,Stable,93.0
z_66.0_-3.0,2024,1,2024-S1,Stable,98.2
z_66.0_1.5,2024,1,2024-S1,Stable,89.5
z_66.0_10.5,2024,1,2024-S1,Stable,90.2
z_66.0_12.0,2024,1,2024-S1,Stable,41.0
z_66.0_13.5,2024,1,2024-S1,Forte diminution,59.8
z_66.0_15.0,2024,1,2024-S1,Stable,82.6
z_66.0_4.5,2024,1,2024-S1,Stable,92.9
z_66.0_6.0,2024,1,2024-S1,Stable,95.5
z_66.0_7.5,2024,1,2024-S1,Stable,94.4
z_66.0_9.0,2024,1,2024-S1,Stable,95.6
z_67.5_-1.5,2024,1,2024-S1,Stable,91.6
z_67.5_-16.5,2024,1,2024-S1,Stable,91.1
z_67.5_0.0,2024,1,2024-S1,Stable,88.2
z_67.5_10.5,2024,1,2024-S1,Stable,91.6
z_67.5_12.0,2024,1,2024-S1,Stable,75.6
z_67.5_13.5,2024,1,2024-S1,Stable,51.0
z_67.5_15.0,2024,1,2024-S1,Stable,59.6
z_67.5_16.5,2024,1,2024-S1,Stable,68.4
z_67.5_4.5,2024,1,2024-S1,Stable,91.2
z_67.5_6.0,2024,1,2024-S1,Stable,92.5
z_67.5_9.0,2024,1,2024-S1,Stable,98.9
z_69.0_-18.0,2024,1,2024-S1,Stable,91.7
z_69.0_13.5,2024,1,2024-S1,Stable,93.3
z_69.0_15.0,2024,1,2024-S1,Stable,61.3
z_69.0_16.5,2024,1,2024-S1,Forte diminution,40.9
z_69.0_18.0,2024,1,2024-S1,Stable,42.9
z_69.0_19.5,2024,1,2024-S1,Stable,53.7
z_69.0_21.0,2024,1,2024-S1,Stable,75.8
z_69.0_22.5,2024,1,2024-S1,Stable,69.3
z_69.0_24.0,2024,1,2024-S1,Stable,94.3
z_69.0_28.5,2024,1,2024-S1,Stable,93.9
z_69.0_30.0,2024,1,2024-S1,Stable,88.2
z_69.0_33.0,2024,1,2024-S1,Stable,91.4
z_69.0_42.0,2024,1,2024-S1,Stable,93.6
z_69.0_6.0,2024,1,2024-S1,Stable,93.5
z_69.0_67.5,2024,1,2024-S1,Stable,88.1
z_70.5_-12.0,2024,1,2024-S1,Stable,93.8
z_70.5_0.0,2024,1,2024-S1,Stable,93.2
z_70.5_10.5,2024,1,2024-S1,Stable,90.4
z_70.5_13.5,2024,1,2024-S1,Stable,84.1
z_70.5_15.0,2024,1,2024-S1,Stable,94.4
z_70.5_16.5,2024,1,2024-S1,Stable,84.9
z_70.5_18.0,2024,1,2024-S1,Stable,96.8
z_70.5_19.5,2024,1,2024-S1,Stable,84.0
z_70.5_21.0,2024,1,2024-S1,Stable,87.9
z_70.5_22.5,2024,1,2024-S1,Stable,84.9
z_70.5_24.0,2024,1,2024-S1,Stable,69.8
z_70.5_25.5,2024,1,2024-S1,Stable,80.9
z_70.5_27.0,2024,1,2024-S1,Stable,87.3
z_70.5_28.5,2024,1,2024-S1,Stable,90.7
z_70.5_30.0,2024,1,2024-S1,Stable,66.5
z_70.5_33.0,2024,1,2024-S1,Stable,96.2
z_70.5_36.0,2024,1,2024-S1,Stable,92.6
z_72.0_1.5,2024,1,2024-S1,Stable,92.4
z_72.0_13.5,2024,1,2024-S1,Stable,88.4
z_72.0_15.0,2024,1,2024-S1,Stable,85.8
z_72.0_16.5,2024,1,2024-S1,Stable,94.1
z_72.0_18.0,2024,1,2024-S1,Stable,91.0
z_72.0_19.5,2024,1,2024-S1,Stable,94.5
z_72.0_22.5,2024,1,2024-S1,Stable,88.8
z_72.0_24.0,2024,1,2024-S1,Stable,95.6
z_72.0_25.5,2024,1,2024-S1,Stable,96.5
z_72.0_28.5,2024,1,2024-S1,Stable,92.7
z_72.0_30.0,2024,1,2024-S1,Stable,92.4
z_72.0_34.5,2024,1,2024-S1,Stable,92.4
z_73.5_1.5,2024,1,2024-S1,Stable,92.2
z_73.5_16.5,2024,1,2024-S1,Stable,94.0
z_73.5_18.0,2024,1,2024-S1,Stable,97.5
z_73.5_19.5,2024,1,2024-S1,Stable,92.9
z_73.5_21.0,2024,1,2024-S1,Stable,89.7
z_73.5_22.5,2024,1,2024-S1,Stable,94.6
z_73.5_25.5,2024,1,2024-S1,Stable,98.4
z_73.5_28.5,2024,1,2024-S1,Stable,91.9
z_73.5_30.0,2024,1,2024-S1,Stable,93.6
z_73.5_31.5,2024,1,2024-S1,Stable,89.6
z_73.5_33.0,2024,1,2024-S1,Stable,87.3
z_73.5_34.5,2024,1,2024-S1,Stable,87.9
z_73.5_36.0,2024,1,2024-S1,Stable,91.1
z_73.5_51.0,2024,1,2024-S1,Stable,86.8
z_75.0_16.5,2024,1,2024-S1,Stable,93.6
z_75.0_18.0,2024,1,2024-S1,Stable,92.9
z_75.0_19.5,2024,1,2024-S1,Stable,93.5
z_75.0_22.5,2024,1,2024-S1,Stable,93.7
z_75.0_25.5,2024,1,2024-S1,Stable,93.9
z_75.0_30.0,2024,1,2024-S1,Stable,90.3
z_75.0_31.5,2024,1,2024-S1,Stable,92.5
z_75.0_33.0,2024,1,2024-S1,Stable,64.2
z_75.0_34.5,2024,1,2024-S1,Stable,65.8
z_75.0_36.0,2024,1,2024-S1,Stable,95.0
z_75.0_39.0,2024,1,2024-S1,Stable,94.4
z_75.0_40.5,2024,1,2024-S1,Stable,91.2
z_76.5_13.5,2024,1,2024-S1,Stable,84.0
z_76.5_19.5,2024,1,2024-S1,Stable,92.2
z_76.5_31.5,2024,1,2024-S1,Stable,93.2
z_76.5_33.0,2024,1,2024-S1,Stable,92.6
z_76.5_36.0,2024,1,2024-S1,Stable,93.3
z_76.5_37.5,2024,1,2024-S1,Stable,93.8
z_76.5_40.5,2024,1,2024-S1,Stable,93.2
z_76.5_9.0,2024,1,2024-S1,Stable,96.2
z_78.0_10.5,2024,1,2024-S1,Stable,90.9
z_78.0_12.0,2024,1,2024-S1,Stable,92.1
z_78.0_13.5,2024,1,2024-S1,Stable,78.8
z_78.0_15.0,2024,1,2024-S1,Stable,91.2
z_78.0_22.5,2024,1,2024-S1,Stable,93.5
z_78.0_33.0,2024,1,2024-S1,Stable,89.5
z_79.5_10.5,2024,1,2024-S1,Stable,91.6
z_79.5_13.5,2024,1,2024-S1,Stable,92.6
z_79.5_16.5,2024,1,2024-S1,Stable,92.6
z_79.5_19.5,2024,1,2024-S1,Stable,91.8
z_79.5_27.0,2024,1,2024-S1,Stable,93.5
z_79.5_31.5,2024,1,2024-S1,Stable,90.7
z_24.0_-18.0,2024,2,2024-S2,Stable,92.4
z_24.0_-19.5,2024,2,2024-S2,Stable,85.8
z_24.0_-22.5,2024,2,2024-S2,Stable,88.1
z_24.0_-24.0,2024,2,2024-S2,Stable,86.8
z_24.0_-39.0,2024,2,2024-S2,Stable,88.7
z_25.5_-15.0,2024,2,2024-S2,Stable,88.3
z_25.5_-16.5,2024,2,2024-S2,Stable,90.5
z_25.5_-18.0,2024,2,2024-S2,Stable,88.2
z_25.5_-39.0,2024,2,2024-S2,Stable,85.8
z_27.0_-15.0,2024,2,2024-S2,Stable,89.5
z_27.0_-16.5,2024,2,2024-S2,Forte diminution,34.9
z_27.0_-18.0,2024,2,2024-S2,Stable,87.8
z_27.0_-37.5,2024,2,2024-S2,Stable,86.7
z_28.5_-12.0,2024,2,2024-S2,Stable,88.5
z_28.5_-13.5,2024,2,2024-S2,Stable,90.2
z_28.5_-15.0,2024,2,2024-S2,Stable,58.5
z_28.5_-16.5,2024,2,2024-S2,Stable,76.3
z_28.5_-18.0,2024,2,2024-S2,Stable,84.9
z_28.5_-21.0,2024,2,2024-S2,Stable,85.4
z_28.5_-28.5,2024,2,2024-S2,Stable,88.1
z_28.5_-33.0,2024,2,2024-S2,Stable,87.5
z_28.5_-34.5,2024,2,2024-S2,Stable,88.6
z_28.5_-36.0,2024,2,2024-S2,Stable,87.6
z_30.0_-10.5,2024,2,2024-S2,Stable,91.1
z_30.0_-12.0,2024,2,2024-S2,Stable,88.0
z_30.0_-13.5,2024,2,2024-S2,Stable,96.1
z_30.0_-15.0,2024,2,2024-S2,Stable,88.7
z_30.0_-18.0,2024,2,2024-S2,Stable,88.5
z_30.0_-33.0,2024,2,2024-S2,Stable,88.2
z_30.0_-36.0,2024,2,2024-S2,Stable,88.2
z_30.0_-37.5,2024,2,2024-S2,Stable,86.1
z_30.0_-39.0,2024,2,2024-S2,Stable,88.7
z_30.0_-42.0,2024,2,2024-S2,Stable,88.7
z_30.0_28.5,2024,2,2024-S2,Stable,65.2
z_30.0_30.0,2024,2,2024-S2,Stable,82.9
z_30.0_31.5,2024,2,2024-S2,Stable,63.9
z_31.5_-10.5,2024,2,2024-S2,Stable,88.5
z_31.5_-12.0,2024,2,2024-S2,Stable,87.3
z_31.5_-15.0,2024,2,2024-S2,Stable,91.6
z_31.5_-18.0,2024,2,2024-S2,Stable,94.5
z_31.5_-33.0,2024,2,2024-S2,Stable,88.4
z_31.5_-39.0,2024,2,2024-S2,Stable,86.6
z_31.5_13.5,2024,2,2024-S2,Stable,87.3
z_31.5_15.0,2024,2,2024-S2,Stable,87.5
z_31.5_19.5,2024,2,2024-S2,Stable,88.5
z_31.5_24.0,2024,2,2024-S2,Stable,86.9
z_31.5_25.5,2024,2,2024-S2,Stable,84.5
z_31.5_27.0,2024,2,2024-S2,Stable,83.5
z_31.5_28.5,2024,2,2024-S2,Stable,86.1
z_31.5_30.0,2024,2,2024-S2,Stable,88.1
z_31.5_31.5,2024,2,2024-S2,Stable,91.2
z_31.5_33.0,2024,2,2024-S2,Stable,86.9
z_31.5_34.5,2024,2,2024-S2,Stable,91.7
z_33.0_-10.5,2024,2,2024-S2,Stable,87.5
z_33.0_-13.5,2024,2,2024-S2,Stable,85.9
z_33.0_-16.5,2024,2,2024-S2,Stable,88.7
z_33.0_-28.5,2024,2,2024-S2,Stable,87.5
z_33.0_-34.5,2024,2,2024-S2,Stable,82.5
z_33.0_-7.5,2024,2,2024-S2,Stable,89.7
z_33.0_-9.0,2024,2,2024-S2,Stable,61.7
z_33.0_10.5,2024,2,2024-S2,Stable,88.5
z_33.0_12.0,2024,2,2024-S2,Stable,90.5
z_33.0_13.5,2024,2,2024-S2,Stable,91.0
z_33.0_18.0,2024,2,2024-S2,Stable,90.0
z_33.0_19.5,2024,2,2024-S2,Stable,88.5
z_33.0_21.0,2024,2,2024-S2,Stable,86.1
z_33.0_22.5,2024,2,2024-S2,Stable,86.9
z_33.0_24.0,2024,2,2024-S2,Stable,86.9
z_33.0_25.5,2024,2,2024-S2,Stable,96.4
z_33.0_28.5,2024,2,2024-S2,Stable,85.1
z_33.0_31.5,2024,2,2024-S2,Stable,83.2
z_33.0_33.0,2024,2,2024-S2,Stable,78.6
z_33.0_34.5,2024,2,2024-S2,Stable,89.5
z_33.0_9.0,2024,2,2024-S2,Stable,96.0
z_34.5_-1.5,2024,2,2024-S2,Stable,89.4
z_34.5_-10.5,2024,2,2024-S2,Stable,96.1
z_34.5_-12.0,2024,2,2024-S2,Stable,88.3
z_34.5_-15.0,2024,2,2024-S2,Stable,85.8
z_34.5_-18.0,2024,2,2024-S2,Stable,88.0
z_34.5_-22.5,2024,2,2024-S2,Stable,79.7
z_34.5_-3.0,2024,2,2024-S2,Stable,94.7
z_34.5_-30.0,2024,2,2024-S2,Stable,86.1
z_34.5_-36.0,2024,2,2024-S2,Stable,86.2
z_34.5_-37.5,2024,2,2024-S2,Stable,87.8
z_34.5_-39.0,2024,2,2024-S2,Stable,87.1
z_34.5_-4.5,2024,2,2024-S2,Stable,87.9
z_34.5_-6.0,2024,2,2024-S2,Stable,65.5
z_34.5_-7.5,2024,2,2024-S2,Stable,78.7
z_34.5_-9.0,2024,2,2024-S2,Stable,88.2
z_34.5_0.0,2024,2,2024-S2,Stable,96.8
z_34.5_10.5,2024,2,2024-S2,Stable,93.1
z_34.5_12.0,2024,2,2024-S2,Stable,75.8
z_34.5_13.5,2024,2,2024-S2,Faible augmentation,44.6
z_34.5_15.0,2024,2,2024-S2,Stable,89.5
z_34.5_16.5,2024,2,2024-S2,Stable,84.0
z_34.5_18.0,2024,2,2024-S2,Stable,96.1
z_34.5_19.5,2024,2,2024-S2,Stable,96.1
z_34.5_21.0,2024,2,2024-S2,Stable,87.2
z_34.5_22.5,2024,2,2024-S2,Stable,54.8
z_34.5_24.0,2024,2,2024-S2,Stable,53.2
z_34.5_25.5,2024,2,2024-S2,Stable,66.0
z_34.5_27.0,2024,2,2024-S2,Stable,88.0
z_34.5_28.5,2024,2,2024-S2,Stable,88.5
z_34.5_30.0,2024,2,2024-S2,Stable,88.1
z_34.5_31.5,2024,2,2024-S2,Stable,46.9
z_34.5_33.0,2024,2,2024-S2,Stable,37.0
z_34.5_34.5,2024,2,2024-S2,Stable,85.1
z_36.0_-1.5,2024,2,2024-S2,Stable,94.0
z_36.0_-10.5,2024,2,2024-S2,Stable,60.3
z_36.0_-12.0,2024,2,2024-S2,Stable,95.7
z_36.0_-13.5,2024,2,2024-S2,Stable,88.3
z_36.0_-16.5,2024,2,2024-S2,Stable,88.4
z_36.0_-18.0,2024,2,2024-S2,Stable,87.9
z_36.0_-21.0,2024,2,2024-S2,Stable,88.1
z_36.0_-22.5,2024,2,2024-S2,Stable,86.7
z_36.0_-24.0,2024,2,2024-S2,Stable,88.1
z_36.0_-25.5,2024,2,2024-S2,Stable,83.2
z_36.0_-3.0,2024,2,2024-S2,Forte diminution,37.2
z_36.0_-36.0,2024,2,2024-S2,Stable,96.8
z_36.0_-4.5,2024,2,2024-S2,Stable,66.8
z_36.0_-42.0,2024,2,2024-S2,Stable,88.2
z_36.0_-6.0,2024,2,2024-S2,Forte diminution,43.3
z_36.0_-7.5,2024,2,2024-S2,Forte augmentation,44.8
z_36.0_-9.0,2024,2,2024-S2,Forte diminution,48.3
z_36.0_0.0,2024,2,2024-S2,Stable,91.2
z_36.0_1.5,2024,2,2024-S2,Stable,91.3
z_36.0_10.5,2024,2,2024-S2,Stable,61.7
z_36.0_12.0,2024,2,2024-S2,Stable,52.2
z_36.0_13.5,2024,2,2024-S2,Stable,50.2
z_36.0_15.0,2024,2,2024-S2,Stable,38.2
z_36.0_16.5,2024,2,2024-S2,Stable,93.2
z_36.0_18.0,2024,2,2024-S2,Stable,88.8
z_36.0_19.5,2024,2,2024-S2,Stable,81.1
z_36.0_21.0,2024,2,2024-S2,Stable,54.6
z_36.0_22.5,2024,2,2024-S2,Forte diminution,40.9
z_36.0_24.0,2024,2,2024-S2,Stable,29.0
z_36.0_25.5,2024,2,2024-S2,Forte augmentation,36.5
z_36.0_27.0,2024,2,2024-S2,Stable,33.3
z_36.0_28.5,2024,2,2024-S2,Stable,80.0
z_36.0_3.0,2024,2,2024-S2,Stable,88.5
z_36.0_30.0,2024,2,2024-S2,Stable,93.3
z_36.0_34.5,2024,2,2024-S2,Stable,85.7
z_36.0_36.0,2024,2,2024-S2,Stable,84.2
z_36.0_4.5,2024,2,2024-S2,Stable,90.6
z_36.0_6.0,2024,2,2024-S2,Stable,91.0
z_36.0_7.5,2024,2,2024-S2,Stable,86.1
z_36.0_9.0,2024,2,2024-S2,Stable,90.1
z_37.5_-1.5,2024,2,2024-S2,Stable,41.1
z_37.5_-10.5,2024,2,2024-S2,Stable,36.3
z_37.5_-12.0,2024,2,2024-S2,Stable,87.6
z_37.5_-13.5,2024,2,2024-S2,Stable,90.9
z_37.5_-16.5,2024,2,2024-S2,Stable,86.2
z_37.5_-19.5,2024,2,2024-S2,Stable,87.2
z_37.5_-21.0,2024,2,2024-S2,Stable,87.2
z_37.5_-22.5,2024,2,2024-S2,Stable,86.1
z_37.5_-24.0,2024,2,2024-S2,Stable,95.8
z_37.5_-25.5,2024,2,2024-S2,Stable,88.6
z_37.5_-27.0,2024,2,2024-S2,Stable,92.8
z_37.5_-28.5,2024,2,2024-S2,Stable,90.9
z_37.5_-30.0,2024,2,2024-S2,Stable,90.9
z_37.5_-31.5,2024,2,2024-S2,Stable,87.2
z_37.5_-39.0,2024,2,2024-S2,Stable,87.8
z_37.5_-9.0,2024,2,2024-S2,Forte diminution,46.9
z_37.5_0.0,2024,2,2024-S2,Stable,66.2
z_37.5_1.5,2024,2,2024-S2,Stable,90.3
z_37.5_10.5,2024,2,2024-S2,Stable,93.4
z_37.5_12.0,2024,2,2024-S2,Stable,47.0
z_37.5_13.5,2024,2,2024-S2,Stable,43.0
z_37.5_15.0,2024,2,2024-S2,Forte diminution,46.4
z_37.5_16.5,2024,2,2024-S2,Stable,69.3
z_37.5_18.0,2024,2,2024-S2,Stable,88.4
z_37.5_19.5,2024,2,2024-S2,Forte diminution,36.9
z_37.5_21.0,2024,2,2024-S2,Forte diminution,42.7
z_37.5_22.5,2024,2,2024-S2,Stable,41.1
z_37.5_24.0,2024,2,2024-S2,Forte diminution,50.9
z_37.5_25.5,2024,2,2024-S2,Forte diminution,40.2
z_37.5_27.0,2024,2,2024-S2,Stable,84.0
z_37.5_3.0,2024,2,2024-S2,Stable,79.1
z_37.5_4.5,2024,2,2024-S2,Stable,95.7
z_37.5_6.0,2024,2,2024-S2,Stable,96.5
z_37.5_7.5,2024,2,2024-S2,Stable,91.0
z_37.5_9.0,2024,2,2024-S2,Stable,70.5
z_39.0_-1.5,2024,2,2024-S2,Stable,45.9
z_39.0_-10.5,2024,2,2024-S2,Stable,53.9
z_39.0_-12.0,2024,2,2024-S2,Stable,87.2
z_39.0_-15.0,2024,2,2024-S2,Stable,87.5
z_39.0_-16.5,2024,2,2024-S2,Stable,88.2
z_39.0_-18.0,2024,2,2024-S2,Stable,82.1
z_39.0_-28.5,2024,2,2024-S2,Stable,88.3
z_39.0_-31.5,2024,2,2024-S2,Stable,88.6
z_39.0_-39.0,2024,2,2024-S2,Stable,87.1
z_39.0_-9.0,2024,2,2024-S2,Stable,74.5
z_39.0_0.0,2024,2,2024-S2,Stable,68.1
z_39.0_1.5,2024,2,2024-S2,Stable,50.9
z_39.0_10.5,2024,2,2024-S2,Stable,96.4
z_39.0_12.0,2024,2,2024-S2,Stable,95.9
z_39.0_13.5,2024,2,2024-S2,Stable,90.8
z_39.0_15.0,2024,2,2024-S2,Stable,89.3
z_39.0_16.5,2024,2,2024-S2,Stable,52.2
z_39.0_18.0,2024,2,2024-S2,Stable,51.5
z_39.0_19.5,2024,2,2024-S2,Forte diminution,35.9
z_39.0_22.5,2024,2,2024-S2,Forte diminution,38.3
z_39.0_24.0,2024,2,2024-S2,Stable,48.7
z_39.0_25.5,2024,2,2024-S2,Stable,49.2
z_39.0_27.0,2024,2,2024-S2,Stable,79.3
z_39.0_3.0,2024,2,2024-S2,Stable,41.3
z_39.0_4.5,2024,2,2024-S2,Stable,96.5
z_39.0_6.0,2024,2,2024-S2,Stable,89.0
z_39.0_7.5,2024,2,2024-S2,Stable,95.1
z_39.0_9.0,2024,2,2024-S2,Stable,49.7
z_40.5_-10.5,2024,2,2024-S2,Stable,67.6
z_40.5_-12.0,2024,2,2024-S2,Stable,87.8
z_40.5_-21.0,2024,2,2024-S2,Stable,87.7
z_40.5_-22.5,2024,2,2024-S2,Stable,96.4
z_40.5_-36.0,2024,2,2024-S2,Stable,91.0
z_40.5_-37.5,2024,2,2024-S2,Stable,88.0
z_40.5_-9.0,2024,2,2024-S2,Stable,43.5
z_40.5_0.0,2024,2,2024-S2,Forte diminution,40.5
z_40.5_1.5,2024,2,2024-S2,Forte diminution,48.4
z_40.5_10.5,2024,2,2024-S2,Stable,93.8
z_40.5_12.0,2024,2,2024-S2,Stable,58.7
z_40.5_13.5,2024,2,2024-S2,Forte augmentation,44.8
z_40.5_15.0,2024,2,2024-S2,Stable,84.4
z_40.5_16.5,2024,2,2024-S2,Stable,45.9
z_40.5_18.0,2024,2,2024-S2,Stable,51.7
z_40.5_22.5,2024,2,2024-S2,Forte diminution,52.1
z_40.5_24.0,2024,2,2024-S2,Stable,40.0
z_40.5_25.5,2024,2,2024-S2,Stable,61.3
z_40.5_27.0,2024,2,2024-S2,Stable,79.9
z_40.5_28.5,2024,2,2024-S2,Forte diminution,44.3
z_40.5_3.0,2024,2,2024-S2,Stable,40.5
z_40.5_30.0,2024,2,2024-S2,Stable,90.1
z_40.5_31.5,2024,2,2024-S2,Stable,92.4
z_40.5_36.0,2024,2,2024-S2,Stable,84.5
z_40.5_37.5,2024,2,2024-S2,Stable,95.8
z_40.5_4.5,2024,2,2024-S2,Stable,91.6
z_40.5_6.0,2024,2,2024-S2,Stable,88.6
z_40.5_7.5,2024,2,2024-S2,Stable,48.6
z_40.5_9.0,2024,2,2024-S2,Stable,49.8
z_42.0_-10.5,2024,2,2024-S2,Forte diminution,48.0
z_42.0_-12.0,2024,2,2024-S2,Stable,88.2
z_42.0_-19.5,2024,2,2024-S2,Stable,87.2
z_42.0_-24.0,2024,2,2024-S2,Stable,87.3
z_42.0_-28.5,2024,2,2024-S2,Stable,88.5
z_42.0_-3.0,2024,2,2024-S2,Stable,55.0
z_42.0_-36.0,2024,2,2024-S2,Stable,86.2
z_42.0_-39.0,2024,2,2024-S2,Stable,87.2
z_42.0_-4.5,2024,2,2024-S2,Stable,66.8
z_42.0_-6.0,2024,2,2024-S2,Stable,94.9
z_42.0_-9.0,2024,2,2024-S2,Forte diminution,44.6
z_42.0_10.5,2024,2,2024-S2,Forte diminution,43.6
z_42.0_13.5,2024,2,2024-S2,Forte augmentation,46.5
z_42.0_15.0,2024,2,2024-S2,Forte augmentation,38.9
z_42.0_16.5,2024,2,2024-S2,Stable,55.6
z_42.0_18.0,2024,2,2024-S2,Stable,90.1
z_42.0_27.0,2024,2,2024-S2,Stable,76.2
z_42.0_28.5,2024,2,2024-S2,Stable,94.0
z_42.0_3.0,2024,2,2024-S2,Forte diminution,34.3
z_42.0_33.0,2024,2,2024-S2,Stable,90.5
z_42.0_37.5,2024,2,2024-S2,Stable,89.0
z_42.0_4.5,2024,2,2024-S2,Forte diminution,49.3
z_42.0_40.5,2024,2,2024-S2,Stable,85.2
z_42.0_6.0,2024,2,2024-S2,Forte diminution,50.5
z_42.0_7.5,2024,2,2024-S2,Stable,97.3
z_42.0_9.0,2024,2,2024-S2,Forte diminution,44.4
z_43.5_-1.5,2024,2,2024-S2,Stable,50.8
z_43.5_-10.5,2024,2,2024-S2,Stable,95.5
z_43.5_-12.0,2024,2,2024-S2,Stable,85.1
z_43.5_-28.5,2024,2,2024-S2,Stable,86.9
z_43.5_-3.0,2024,2,2024-S2,Stable,48.9
z_43.5_-33.0,2024,2,2024-S2,Stable,88.1
z_43.5_-34.5,2024,2,2024-S2,Stable,88.5
z_43.5_-4.5,2024,2,2024-S2,Stable,43.5
z_43.5_-40.5,2024,2,2024-S2,Stable,86.9
z_43.5_-6.0,2024,2,2024-S2,Stable,55.6
z_43.5_-7.5,2024,2,2024-S2,Forte diminution,52.9
z_43.5_-9.0,2024,2,2024-S2,Forte diminution,42.6
z_43.5_12.0,2024,2,2024-S2,Forte diminution,39.4
z_43.5_13.5,2024,2,2024-S2,Stable,61.1
z_43.5_15.0,2024,2,2024-S2,Stable,55.6
z_43.5_28.5,2024,2,2024-S2,Stable,60.4
z_43.5_30.0,2024,2,2024-S2,Stable,86.4
z_43.5_36.0,2024,2,2024-S2,Stable,93.7
z_43.5_37.5,2024,2,2024-S2,Stable,92.6
z_43.5_39.0,2024,2,2024-S2,Stable,88.6
z_43.5_6.0,2024,2,2024-S2,Stable,96.3
z_43.5_7.5,2024,2,2024-S2,Forte diminution,47.7
z_43.5_9.0,2024,2,2024-S2,Forte augmentation,38.2
z_45.0_-1.5,2024,2,2024-S2,Stable,46.4
z_45.0_-10.5,2024,2,2024-S2,Stable,88.1
z_45.0_-12.0,2024,2,2024-S2,Stable,87.6
z_45.0_-13.5,2024,2,2024-S2,Stable,88.5
z_45.0_-19.5,2024,2,2024-S2,Stable,96.7
z_45.0_-22.5,2024,2,2024-S2,Stable,88.6
z_45.0_-3.0,2024,2,2024-S2,Forte diminution,40.0
z_45.0_-36.0,2024,2,2024-S2,Stable,88.6
z_45.0_-4.5,2024,2,2024-S2,Stable,71.9
z_45.0_-42.0,2024,2,2024-S2,Stable,88.8
z_45.0_-6.0,2024,2,2024-S2,Stable,90.3
z_45.0_-7.5,2024,2,2024-S2,Stable,84.7
z_45.0_-9.0,2024,2,2024-S2,Stable,85.4
z_45.0_12.0,2024,2,2024-S2,Forte augmentation,42.7
z_45.0_13.5,2024,2,2024-S2,Stable,32.4
z_45.0_28.5,2024,2,2024-S2,Stable,92.1
z_45.0_30.0,2024,2,2024-S2,Stable,74.6
z_45.0_31.5,2024,2,2024-S2,Stable,83.7
z_45.0_34.5,2024,2,2024-S2,Stable,87.8
z_45.0_36.0,2024,2,2024-S2,Stable,92.5
z_46.5_-10.5,2024,2,2024-S2,Stable,96.7
z_46.5_-12.0,2024,2,2024-S2,Stable,88.2
z_46.5_-13.5,2024,2,2024-S2,Stable,88.7
z_46.5_-19.5,2024,2,2024-S2,Stable,87.8
z_46.5_-21.0,2024,2,2024-S2,Stable,88.7
z_46.5_-25.5,2024,2,2024-S2,Stable,87.6
z_46.5_-3.0,2024,2,2024-S2,Forte diminution,36.1
z_46.5_-31.5,2024,2,2024-S2,Stable,88.7
z_46.5_-36.0,2024,2,2024-S2,Stable,96.8
z_46.5_-4.5,2024,2,2024-S2,Stable,42.1
z_46.5_-6.0,2024,2,2024-S2,Forte diminution,59.6
z_46.5_-7.5,2024,2,2024-S2,Stable,87.4
z_46.5_-9.0,2024,2,2024-S2,Stable,92.6
z_46.5_30.0,2024,2,2024-S2,Stable,63.3
z_46.5_31.5,2024,2,2024-S2,Stable,82.2
z_46.5_36.0,2024,2,2024-S2,Stable,89.4
z_46.5_37.5,2024,2,2024-S2,Stable,88.6
z_46.5_39.0,2024,2,2024-S2,Stable,81.4
z_48.0_-1.5,2024,2,2024-S2,Forte diminution,39.0
z_48.0_-10.5,2024,2,2024-S2,Stable,92.9
z_48.0_-12.0,2024,2,2024-S2,Stable,93.5
z_48.0_-13.5,2024,2,2024-S2,Stable,88.5
z_48.0_-15.0,2024,2,2024-S2,Stable,96.9
z_48.0_-18.0,2024,2,2024-S2,Stable,88.5
z_48.0_-19.5,2024,2,2024-S2,Stable,86.1
z_48.0_-21.0,2024,2,2024-S2,Stable,88.7
z_48.0_-24.0,2024,2,2024-S2,Stable,96.4
z_48.0_-25.5,2024,2,2024-S2,Stable,87.6
z_48.0_-28.5,2024,2,2024-S2,Stable,88.6
z_48.0_-3.0,2024,2,2024-S2,Stable,50.4
z_48.0_-30.0,2024,2,2024-S2,Stable,88.0
z_48.0_-4.5,2024,2,2024-S2,Forte diminution,42.6
z_48.0_-40.5,2024,2,2024-S2,Stable,87.9
z_48.0_-6.0,2024,2,2024-S2,Forte augmentation,29.8
z_48.0_-7.5,2024,2,2024-S2,Stable,41.8
z_48.0_-9.0,2024,2,2024-S2,Stable,72.2
z_49.5_-1.5,2024,2,2024-S2,Forte diminution,32.5
z_49.5_-10.5,2024,2,2024-S2,Stable,88.6
z_49.5_-12.0,2024,2,2024-S2,Stable,93.8
z_49.5_-13.5,2024,2,2024-S2,Stable,88.5
z_49.5_-15.0,2024,2,2024-S2,Stable,88.6
z_49.5_-16.5,2024,2,2024-S2,Stable,88.5
z_49.5_-18.0,2024,2,2024-S2,Stable,86.4
z_49.5_-19.5,2024,2,2024-S2,Stable,87.8
z_49.5_-21.0,2024,2,2024-S2,Stable,88.1
z_49.5_-24.0,2024,2,2024-S2,Stable,88.7
z_49.5_-3.0,2024,2,2024-S2,Forte diminution,48.7
z_49.5_-30.0,2024,2,2024-S2,Stable,88.7
z_49.5_-4.5,2024,2,2024-S2,Stable,48.5
z_49.5_-6.0,2024,2,2024-S2,Stable,48.6
z_49.5_-7.5,2024,2,2024-S2,Stable,72.6
z_49.5_-9.0,2024,2,2024-S2,Stable,73.2
z_49.5_0.0,2024,2,2024-S2,Forte diminution,29.0
z_49.5_1.5,2024,2,2024-S2,Stable,86.7
z_51.0_-10.5,2024,2,2024-S2,Stable,65.6
z_51.0_-12.0,2024,2,2024-S2,Stable,73.3
z_51.0_-13.5,2024,2,2024-S2,Stable,72.4
z_51.0_-15.0,2024,2,2024-S2,Stable,87.3
z_51.0_-16.5,2024,2,2024-S2,Stable,87.4
z_51.0_-18.0,2024,2,2024-S2,Stable,86.4
z_51.0_-19.5,2024,2,2024-S2,Stable,88.6
z_51.0_-21.0,2024,2,2024-S2,Stable,85.8
z_51.0_-25.5,2024,2,2024-S2,Stable,88.7
z_51.0_-27.0,2024,2,2024-S2,Stable,88.3
z_51.0_-4.5,2024,2,2024-S2,Stable,80.6
z_51.0_-6.0,2024,2,2024-S2,Stable,46.6
z_51.0_-7.5,2024,2,2024-S2,Forte diminution,43.7
z_51.0_-9.0,2024,2,2024-S2,Stable,81.4
z_51.0_0.0,2024,2,2024-S2,Forte diminution,36.4
z_51.0_1.5,2024,2,2024-S2,Faible augmentation,31.4
z_51.0_3.0,2024,2,2024-S2,Stable,41.4
z_52.5_-1.5,2024,2,2024-S2,Stable,43.0
z_52.5_-10.5,2024,2,2024-S2,Stable,88.6
z_52.5_-12.0,2024,2,2024-S2,Stable,98.6
z_52.5_-13.5,2024,2,2024-S2,Stable,89.8
z_52.5_-15.0,2024,2,2024-S2,Stable,88.7
z_52.5_-19.5,2024,2,2024-S2,Stable,87.2
z_52.5_-21.0,2024,2,2024-S2,Stable,88.4
z_52.5_-4.5,2024,2,2024-S2,Stable,41.0
z_52.5_-6.0,2024,2,2024-S2,Stable,46.1
z_52.5_-7.5,2024,2,2024-S2,Stable,34.6
z_52.5_0.0,2024,2,2024-S2,Stable,58.8
z_52.5_1.5,2024,2,2024-S2,Stable,76.6
z_52.5_13.5,2024,2,2024-S2,Stable,35.1
z_52.5_3.0,2024,2,2024-S2,Forte diminution,56.7
z_52.5_4.5,2024,2,2024-S2,Forte diminution,39.3
z_52.5_6.0,2024,2,2024-S2,Forte diminution,26.8
z_52.5_7.5,2024,2,2024-S2,Stable,27.2
z_52.5_9.0,2024,2,2024-S2,Stable,42.7
z_54.0_-1.5,2024,2,2024-S2,Stable,79.7
z_54.0_-10.5,2024,2,2024-S2,Stable,85.1
z_54.0_-12.0,2024,2,2024-S2,Stable,83.2
z_54.0_-13.5,2024,2,2024-S2,Stable,87.1
z_54.0_-15.0,2024,2,2024-S2,Stable,81.3
z_54.0_-16.5,2024,2,2024-S2,Stable,97.1
z_54.0_-4.5,2024,2,2024-S2,Stable,53.2
z_54.0_-6.0,2024,2,2024-S2,Stable,89.3
z_54.0_-7.5,2024,2,2024-S2,Stable,79.3
z_54.0_-9.0,2024,2,2024-S2,Stable,91.6
z_54.0_0.0,2024,2,2024-S2,Stable,71.7
z_54.0_1.5,2024,2,2024-S2,Stable,57.5
z_54.0_10.5,2024,2,2024-S2,Faible augmentation,32.3
z_54.0_12.0,2024,2,2024-S2,Forte diminution,27.0
z_54.0_13.5,2024,2,2024-S2,Forte diminution,33.3
z_54.0_15.0,2024,2,2024-S2,Stable,58.4
z_54.0_16.5,2024,2,2024-S2,Stable,84.2
z_54.0_18.0,2024,2,2024-S2,Forte diminution,34.8
z_54.0_19.5,2024,2,2024-S2,Stable,94.7
z_54.0_3.0,2024,2,2024-S2,Stable,81.1
z_54.0_4.5,2024,2,2024-S2,Stable,63.1
z_54.0_6.0,2024,2,2024-S2,Stable,59.9
z_54.0_7.5,2024,2,2024-S2,Faible diminution,35.4
z_54.0_9.0,2024,2,2024-S2,Faible diminution,40.5
z_55.5_-1.5,2024,2,2024-S2,Stable,92.4
z_55.5_-10.5,2024,2,2024-S2,Stable,71.1
z_55.5_-12.0,2024,2,2024-S2,Stable,87.9
z_55.5_-15.0,2024,2,2024-S2,Stable,94.6
z_55.5_-3.0,2024,2,2024-S2,Stable,89.0
z_55.5_-39.0,2024,2,2024-S2,Stable,88.7
z_55.5_-4.5,2024,2,2024-S2,Stable,87.9
z_55.5_-6.0,2024,2,2024-S2,Stable,78.2
z_55.5_-7.5,2024,2,2024-S2,Stable,91.6
z_55.5_-9.0,2024,2,2024-S2,Stable,90.8
z_55.5_0.0,2024,2,2024-S2,Stable,89.5
z_55.5_1.5,2024,2,2024-S2,Stable,94.9
z_55.5_10.5,2024,2,2024-S2,Forte diminution,41.3
z_55.5_12.0,2024,2,2024-S2,Faible diminution,33.5
z_55.5_13.5,2024,2,2024-S2,Stable,76.1
z_55.5_15.0,2024,2,2024-S2,Forte augmentation,42.6
z_55.5_16.5,2024,2,2024-S2,Stable,77.6
z_55.5_18.0,2024,2,2024-S2,Stable,95.8
z_55.5_19.5,2024,2,2024-S2,Stable,67.8
z_55.5_21.0,2024,2,2024-S2,Forte diminution,33.2
z_55.5_3.0,2024,2,2024-S2,Stable,92.4
z_55.5_4.5,2024,2,2024-S2,Stable,89.0
z_55.5_6.0,2024,2,2024-S2,Stable,55.8
z_55.5_7.5,2024,2,2024-S2,Forte diminution,41.8
z_55.5_9.0,2024,2,2024-S2,Forte diminution,40.7
z_57.0_-1.5,2024,2,2024-S2,Stable,86.7
z_57.0_-10.5,2024,2,2024-S2,Stable,84.2
z_57.0_-13.5,2024,2,2024-S2,Stable,83.6
z_57.0_-15.0,2024,2,2024-S2,Stable,92.9
z_57.0_-24.0,2024,2,2024-S2,Stable,82.7
z_57.0_-28.5,2024,2,2024-S2,Stable,83.7
z_57.0_-3.0,2024,2,2024-S2,Stable,64.4
z_57.0_-4.5,2024,2,2024-S2,Stable,90.3
z_57.0_-6.0,2024,2,2024-S2,Stable,72.4
z_57.0_-7.5,2024,2,2024-S2,Stable,92.5
z_57.0_-9.0,2024,2,2024-S2,Stable,96.2
z_57.0_0.0,2024,2,2024-S2,Stable,85.4
z_57.0_1.5,2024,2,2024-S2,Stable,88.5
z_57.0_10.5,2024,2,2024-S2,Forte diminution,26.7
z_57.0_12.0,2024,2,2024-S2,Stable,63.3
z_57.0_16.5,2024,2,2024-S2,Stable,51.9
z_57.0_18.0,2024,2,2024-S2,Stable,51.6
z_57.0_19.5,2024,2,2024-S2,Stable,92.8
z_57.0_21.0,2024,2,2024-S2,Stable,90.1
z_57.0_22.5,2024,2,2024-S2,Stable,48.4
z_57.0_24.0,2024,2,2024-S2,Stable,91.1
z_57.0_3.0,2024,2,2024-S2,Stable,82.9
z_57.0_4.5,2024,2,2024-S2,Stable,43.9
z_57.0_6.0,2024,2,2024-S2,Stable,70.0
z_57.0_7.5,2024,2,2024-S2,Stable,38.5
z_57.0_9.0,2024,2,2024-S2,Forte augmentation,41.4
z_58.5_-1.5,2024,2,2024-S2,Stable,93.1
z_58.5_-10.5,2024,2,2024-S2,Stable,89.4
z_58.5_-12.0,2024,2,2024-S2,Stable,88.2
z_58.5_-15.0,2024,2,2024-S2,Stable,86.6
z_58.5_-19.5,2024,2,2024-S2,Stable,78.1
z_58.5_-24.0,2024,2,2024-S2,Stable,88.3
z_58.5_-3.0,2024,2,2024-S2,Stable,97.5
z_58.5_-31.5,2024,2,2024-S2,Stable,89.3
z_58.5_-4.5,2024,2,2024-S2,Stable,93.3
z_58.5_-6.0,2024,2,2024-S2,Stable,90.9
z_58.5_-7.5,2024,2,2024-S2,Stable,89.6
z_58.5_-9.0,2024,2,2024-S2,Stable,91.4
z_58.5_0.0,2024,2,2024-S2,Stable,90.1
z_58.5_1.5,2024,2,2024-S2,Stable,93.1
z_58.5_10.5,2024,2,2024-S2,Forte diminution,41.0
z_58.5_15.0,2024,2,2024-S2,Stable,66.9
z_58.5_16.5,2024,2,2024-S2,Forte diminution,27.9
z_58.5_18.0,2024,2,2024-S2,Stable,32.6
z_58.5_19.5,2024,2,2024-S2,Stable,68.9
z_58.5_21.0,2024,2,2024-S2,Stable,63.3
z_58.5_22.5,2024,2,2024-S2,Stable,48.2
z_58.5_24.0,2024,2,2024-S2,Forte diminution,47.2
z_58.5_25.5,2024,2,2024-S2,Stable,88.7
z_58.5_27.0,2024,2,2024-S2,Stable,95.5
z_58.5_28.5,2024,2,2024-S2,Stable,88.8
z_58.5_3.0,2024,2,2024-S2,Stable,78.3
z_58.5_4.5,2024,2,2024-S2,Forte diminution,32.3
z_58.5_6.0,2024,2,2024-S2,Stable,95.0
z_58.5_7.5,2024,2,2024-S2,Stable,87.5
z_58.5_9.0,2024,2,2024-S2,Stable,45.4
z_60.0_-1.5,2024,2,2024-S2,Stable,91.1
z_60.0_-10.5,2024,2,2024-S2,Stable,92.0
z_60.0_-12.0,2024,2,2024-S2,Stable,82.4
z_60.0_-27.0,2024,2,2024-S2,Stable,87.0
z_60.0_-3.0,2024,2,2024-S2,Stable,89.5
z_60.0_-31.5,2024,2,2024-S2,Stable,94.1
z_60.0_-4.5,2024,2,2024-S2,Stable,86.1
z_60.0_-6.0,2024,2,2024-S2,Stable,96.0
z_60.0_-7.5,2024,2,2024-S2,Stable,88.9
z_60.0_-9.0,2024,2,2024-S2,Stable,92.1
z_60.0_0.0,2024,2,2024-S2,Stable,90.4
z_60.0_1.5,2024,2,2024-S2,Stable,51.3
z_60.0_16.5,2024,2,2024-S2,Stable,83.9
z_60.0_18.0,2024,2,2024-S2,Stable,84.7
z_60.0_19.5,2024,2,2024-S2,Stable,96.1
z_60.0_21.0,2024,2,2024-S2,Forte diminution,61.0
z_60.0_24.0,2024,2,2024-S2,Stable,76.0
z_60.0_25.5,2024,2,2024-S2,Forte diminution,50.4
z_60.0_27.0,2024,2,2024-S2,Stable,94.4
z_60.0_28.5,2024,2,2024-S2,Stable,89.2
z_60.0_3.0,2024,2,2024-S2,Stable,88.0
z_60.0_4.5,2024,2,2024-S2,Stable,36.5
z_60.0_6.0,2024,2,2024-S2,Stable,89.9
z_61.5_-1.5,2024,2,2024-S2,Stable,90.0
z_61.5_-10.5,2024,2,2024-S2,Stable,91.1
z_61.5_-12.0,2024,2,2024-S2,Stable,75.9
z_61.5_-13.5,2024,2,2024-S2,Stable,87.6
z_61.5_-16.5,2024,2,2024-S2,Stable,87.7
z_61.5_-18.0,2024,2,2024-S2,Stable,88.6
z_61.5_-27.0,2024,2,2024-S2,Stable,88.5
z_61.5_-7.5,2024,2,2024-S2,Stable,89.6
z_61.5_-9.0,2024,2,2024-S2,Stable,89.3
z_61.5_0.0,2024,2,2024-S2,Stable,91.4
z_61.5_1.5,2024,2,2024-S2,Stable,91.2
z_61.5_16.5,2024,2,2024-S2,Stable,80.3
z_61.5_18.0,2024,2,2024-S2,Stable,87.9
z_61.5_19.5,2024,2,2024-S2,Stable,85.3
z_61.5_21.0,2024,2,2024-S2,Stable,82.1
z_61.5_3.0,2024,2,2024-S2,Stable,74.2
z_61.5_4.5,2024,2,2024-S2,Stable,40.5
z_61.5_6.0,2024,2,2024-S2,Forte augmentation,37.8
z_61.5_7.5,2024,2,2024-S2,Stable,85.6
z_63.0_-1.5,2024,2,2024-S2,Stable,77.6
z_63.0_-10.5,2024,2,2024-S2,Stable,83.5
z_63.0_-12.0,2024,2,2024-S2,Stable,87.4
z_63.0_-13.5,2024,2,2024-S2,Stable,95.4
z_63.0_-15.0,2024,2,2024-S2,Stable,91.7
z_63.0_-16.5,2024,2,2024-S2,Stable,92.9
z_63.0_-18.0,2024,2,2024-S2,Stable,81.0
z_63.0_-19.5,2024,2,2024-S2,Stable,85.0
z_63.0_-21.0,2024,2,2024-S2,Stable,81.1
z_63.0_-22.5,2024,2,2024-S2,Stable,48.8
z_63.0_-24.0,2024,2,2024-S2,Stable,57.4
z_63.0_-25.5,2024,2,2024-S2,Stable,90.1
z_63.0_-27.0,2024,2,2024-S2,Stable,92.3
z_63.0_-36.0,2024,2,2024-S2,Stable,96.8
z_63.0_-39.0,2024,2,2024-S2,Stable,92.9
z_63.0_-7.5,2024,2,2024-S2,Stable,83.7
z_63.0_-9.0,2024,2,2024-S2,Stable,88.4
z_63.0_0.0,2024,2,2024-S2,Stable,87.8
z_63.0_10.5,2024,2,2024-S2,Stable,84.6
z_63.0_18.0,2024,2,2024-S2,Stable,89.9
z_63.0_19.5,2024,2,2024-S2,Stable,83.4
z_63.0_21.0,2024,2,2024-S2,Stable,72.9
z_63.0_22.5,2024,2,2024-S2,Stable,92.9
z_63.0_3.0,2024,2,2024-S2,Stable,85.5
z_63.0_4.5,2024,2,2024-S2,Stable,62.8
z_63.0_6.0,2024,2,2024-S2,Stable,89.3
z_63.0_7.5,2024,2,2024-S2,Stable,39.3
z_63.0_9.0,2024,2,2024-S2,Forte diminution,67.7
z_64.5_-10.5,2024,2,2024-S2,Stable,89.3
z_64.5_-12.0,2024,2,2024-S2,Stable,92.4
z_64.5_-13.5,2024,2,2024-S2,Stable,94.1
z_64.5_-15.0,2024,2,2024-S2,Stable,62.3
z_64.5_-19.5,2024,2,2024-S2,Stable,88.6
z_64.5_-21.0,2024,2,2024-S2,Stable,87.5
z_64.5_-22.5,2024,2,2024-S2,Stable,73.2
z_64.5_-24.0,2024,2,2024-S2,Stable,74.5
z_64.5_-25.5,2024,2,2024-S2,Stable,81.6
z_64.5_-27.0,2024,2,2024-S2,Stable,83.1
z_64.5_-28.5,2024,2,2024-S2,Stable,88.6
z_64.5_-3.0,2024,2,2024-S2,Stable,89.6
z_64.5_-33.0,2024,2,2024-S2,Stable,88.6
z_64.5_-37.5,2024,2,2024-S2,Stable,95.2
z_64.5_-6.0,2024,2,2024-S2,Stable,88.5
z_64.5_0.0,2024,2,2024-S2,Stable,90.9
z_64.5_10.5,2024,2,2024-S2,Forte diminution,43.9
z_64.5_12.0,2024,2,2024-S2,Stable,41.3
z_64.5_21.0,2024,2,2024-S2,Stable,41.5
z_64.5_22.5,2024,2,2024-S2,Stable,83.8
z_64.5_24.0,2024,2,2024-S2,Stable,65.6
z_64.5_3.0,2024,2,2024-S2,Stable,87.1
z_64.5_34.5,2024,2,2024-S2,Stable,87.6
z_64.5_39.0,2024,2,2024-S2,Stable,80.6
z_64.5_4.5,2024,2,2024-S2,Stable,87.5
z_64.5_6.0,2024,2,2024-S2,Stable,80.9
z_64.5_7.5,2024,2,2024-S2,Stable,96.2
z_64.5_9.0,2024,2,2024-S2,Stable,93.5
z_66.0_-1.5,2024,2,2024-S2,Stable,88.8
z_66.0_-12.0,2024,2,2024-S2,Stable,88.2
z_66.0_-13.5,2024,2,2024-S2,Stable,94.5
z_66.0_-15.0,2024,2,2024-S2,Stable,93.5
z_66.0_-16.5,2024,2,2024-S2,Stable,94.1
z_66.0_-18.0,2024,2,2024-S2,Stable,82.4
z_66.0_-19.5,2024,2,2024-S2,Stable,89.7
z_66.0_-21.0,2024,2,2024-S2,Stable,88.5
z_66.0_-22.5,2024,2,2024-S2,Stable,91.4
z_66.0_-24.0,2024,2,2024-S2,Stable,61.8
z_66.0_-25.5,2024,2,2024-S2,Stable,90.1
z_66.0_-27.0,2024,2,2024-S2,Stable,92.4
z_66.0_-3.0,2024,2,2024-S2,Stable,95.5
z_66.0_1.5,2024,2,2024-S2,Stable,84.5
z_66.0_10.5,2024,2,2024-S2,Stable,88.4
z_66.0_12.0,2024,2,2024-S2,Stable,43.8
z_66.0_13.5,2024,2,2024-S2,Stable,37.6
z_66.0_15.0,2024,2,2024-S2,Stable,90.5
z_66.0_4.5,2024,2,2024-S2,Stable,86.2
z_66.0_6.0,2024,2,2024-S2,Stable,96.5
z_66.0_7.5,2024,2,2024-S2,Stable,87.4
z_66.0_9.0,2024,2,2024-S2,Stable,81.4
z_67.5_-1.5,2024,2,2024-S2,Stable,85.4
z_67.5_-16.5,2024,2,2024-S2,Stable,86.8
z_67.5_0.0,2024,2,2024-S2,Stable,81.1
z_67.5_10.5,2024,2,2024-S2,Stable,91.7
z_67.5_12.0,2024,2,2024-S2,Stable,66.6
z_67.5_13.5,2024,2,2024-S2,Stable,41.7
z_67.5_15.0,2024,2,2024-S2,Stable,44.2
z_67.5_16.5,2024,2,2024-S2,Stable,45.8
z_67.5_4.5,2024,2,2024-S2,Stable,86.9
z_67.5_6.0,2024,2,2024-S2,Stable,87.8
z_67.5_9.0,2024,2,2024-S2,Stable,94.2
z_69.0_-18.0,2024,2,2024-S2,Stable,86.7
z_69.0_13.5,2024,2,2024-S2,Stable,96.9
z_69.0_15.0,2024,2,2024-S2,Stable,53.8
z_69.0_16.5,2024,2,2024-S2,Forte diminution,54.2
z_69.0_18.0,2024,2,2024-S2,Stable,44.5
z_69.0_19.5,2024,2,2024-S2,Stable,73.2
z_69.0_21.0,2024,2,2024-S2,Stable,81.3
z_69.0_22.5,2024,2,2024-S2,Stable,75.5
z_69.0_24.0,2024,2,2024-S2,Stable,93.9
z_69.0_28.5,2024,2,2024-S2,Stable,94.5
z_69.0_30.0,2024,2,2024-S2,Stable,94.4
z_69.0_33.0,2024,2,2024-S2,Stable,91.0
z_69.0_42.0,2024,2,2024-S2,Stable,89.5
z_69.0_6.0,2024,2,2024-S2,Stable,88.6
z_69.0_67.5,2024,2,2024-S2,Stable,81.1
z_70.5_-12.0,2024,2,2024-S2,Stable,88.6
z_70.5_0.0,2024,2,2024-S2,Stable,88.2
z_70.5_10.5,2024,2,2024-S2,Stable,85.8
z_70.5_13.5,2024,2,2024-S2,Stable,81.1
z_70.5_15.0,2024,2,2024-S2,Stable,93.2
z_70.5_16.5,2024,2,2024-S2,Stable,85.4
z_70.5_18.0,2024,2,2024-S2,Stable,96.5
z_70.5_19.5,2024,2,2024-S2,Stable,83.5
z_70.5_21.0,2024,2,2024-S2,Stable,89.1
z_70.5_22.5,2024,2,2024-S2,Stable,75.3
z_70.5_24.0,2024,2,2024-S2,Stable,52.7
z_70.5_25.5,2024,2,2024-S2,Stable,89.7
z_70.5_27.0,2024,2,2024-S2,Stable,84.8
z_70.5_28.5,2024,2,2024-S2,Stable,82.0
z_70.5_30.0,2024,2,2024-S2,Stable,82.3
z_70.5_33.0,2024,2,2024-S2,Stable,94.0
z_70.5_36.0,2024,2,2024-S2,Stable,92.4
z_72.0_1.5,2024,2,2024-S2,Stable,86.0
z_72.0_13.5,2024,2,2024-S2,Stable,91.7
z_72.0_15.0,2024,2,2024-S2,Stable,87.0
z_72.0_16.5,2024,2,2024-S2,Stable,91.9
z_72.0_18.0,2024,2,2024-S2,Stable,86.5
z_72.0_19.5,2024,2,2024-S2,Stable,76.6
z_72.0_22.5,2024,2,2024-S2,Stable,84.0
z_72.0_24.0,2024,2,2024-S2,Stable,87.0
z_72.0_25.5,2024,2,2024-S2,Stable,97.8
z_72.0_28.5,2024,2,2024-S2,Stable,88.6
z_72.0_30.0,2024,2,2024-S2,Stable,90.6
z_72.0_34.5,2024,2,2024-S2,Stable,88.6
z_73.5_1.5,2024,2,2024-S2,Stable,87.6
z_73.5_16.5,2024,2,2024-S2,Stable,94.1
z_73.5_18.0,2024,2,2024-S2,Stable,88.2
z_73.5_19.5,2024,2,2024-S2,Stable,93.0
z_73.5_21.0,2024,2,2024-S2,Stable,93.2
z_73.5_22.5,2024,2,2024-S2,Stable,94.7
z_73.5_25.5,2024,2,2024-S2,Stable,95.5
z_73.5_28.5,2024,2,2024-S2,Stable,90.2
z_73.5_30.0,2024,2,2024-S2,Stable,93.1
z_73.5_31.5,2024,2,2024-S2,Stable,83.5
z_73.5_33.0,2024,2,2024-S2,Stable,84.6
z_73.5_34.5,2024,2,2024-S2,Stable,91.6
z_73.5_36.0,2024,2,2024-S2,Stable,84.1
z_73.5_51.0,2024,2,2024-S2,Stable,87.8
z_75.0_16.5,2024,2,2024-S2,Stable,90.8
z_75.0_18.0,2024,2,2024-S2,Stable,94.8
z_75.0_19.5,2024,2,2024-S2,Stable,92.4
z_75.0_22.5,2024,2,2024-S2,Stable,92.7
z_75.0_25.5,2024,2,2024-S2,Stable,87.5
z_75.0_30.0,2024,2,2024-S2,Stable,93.8
z_75.0_31.5,2024,2,2024-S2,Stable,94.8
z_75.0_33.0,2024,2,2024-S2,Stable,64.7
z_75.0_34.5,2024,2,2024-S2,Stable,86.3
z_75.0_36.0,2024,2,2024-S2,Stable,93.5
z_75.0_39.0,2024,2,2024-S2,Stable,94.1
z_75.0_40.5,2024,2,2024-S2,Stable,86.5
z_76.5_13.5,2024,2,2024-S2,Stable,84.3
z_76.5_19.5,2024,2,2024-S2,Stable,88.4
z_76.5_31.5,2024,2,2024-S2,Stable,90.8
z_76.5_33.0,2024,2,2024-S2,Stable,90.6
z_76.5_36.0,2024,2,2024-S2,Stable,92.3
z_76.5_37.5,2024,2,2024-S2,Stable,88.6
z_76.5_40.5,2024,2,2024-S2,Stable,88.2
z_76.5_9.0,2024,2,2024-S2,Stable,93.7
z_78.0_10.5,2024,2,2024-S2,Stable,85.6
z_78.0_12.0,2024,2,2024-S2,Stable,85.4
z_78.0_13.5,2024,2,2024-S2,Stable,81.4
z_78.0_15.0,2024,2,2024-S2,Stable,94.5
z_78.0_22.5,2024,2,2024-S2,Stable,88.6
z_78.0_33.0,2024,2,2024-S2,Stable,83.7
z_79.5_10.5,2024,2,2024-S2,Stable,90.2
z_79.5_13.5,2024,2,2024-S2,Stable,87.8
z_79.5_16.5,2024,2,2024-S2,Stable,90.6
z_79.5_19.5,2024,2,2024-S2,Stable,85.1
z_79.5_27.0,2024,2,2024-S2,Stable,88.6
z_79.5_31.5,2024,2,2024-S2,Stable,86.1
z_24.0_-18.0,2025,1,2025-S1,Stable,98.7
z_24.0_-19.5,2025,1,2025-S1,Stable,94.3
z_24.0_-22.5,2025,1,2025-S1,Stable,93.5
z_24.0_-24.0,2025,1,2025-S1,Stable,91.1
z_24.0_-39.0,2025,1,2025-S1,Stable,93.1
z_25.5_-15.0,2025,1,2025-S1,Stable,93.2
z_25.5_-16.5,2025,1,2025-S1,Stable,94.3
z_25.5_-18.0,2025,1,2025-S1,Stable,92.7
z_25.5_-39.0,2025,1,2025-S1,Stable,90.7
z_27.0_-15.0,2025,1,2025-S1,Stable,92.2
z_27.0_-16.5,2025,1,2025-S1,Forte diminution,40.7
z_27.0_-18.0,2025,1,2025-S1,Stable,91.3
z_27.0_-37.5,2025,1,2025-S1,Stable,91.7
z_28.5_-12.0,2025,1,2025-S1,Stable,93.3
z_28.5_-13.5,2025,1,2025-S1,Stable,95.4
z_28.5_-15.0,2025,1,2025-S1,Stable,76.0
z_28.5_-16.5,2025,1,2025-S1,Stable,42.4
z_28.5_-18.0,2025,1,2025-S1,Stable,90.7
z_28.5_-21.0,2025,1,2025-S1,Stable,92.1
z_28.5_-28.5,2025,1,2025-S1,Stable,92.9
z_28.5_-33.0,2025,1,2025-S1,Stable,92.3
z_28.5_-34.5,2025,1,2025-S1,Stable,93.5
z_28.5_-36.0,2025,1,2025-S1,Stable,94.0
z_30.0_-10.5,2025,1,2025-S1,Stable,93.1
z_30.0_-12.0,2025,1,2025-S1,Stable,92.1
z_30.0_-13.5,2025,1,2025-S1,Stable,96.9
z_30.0_-15.0,2025,1,2025-S1,Stable,96.2
z_30.0_-18.0,2025,1,2025-S1,Stable,93.3
z_30.0_-33.0,2025,1,2025-S1,Stable,93.0
z_30.0_-36.0,2025,1,2025-S1,Stable,93.5
z_30.0_-37.5,2025,1,2025-S1,Stable,91.1
z_30.0_-39.0,2025,1,2025-S1,Stable,93.5
z_30.0_-42.0,2025,1,2025-S1,Stable,93.1
z_30.0_28.5,2025,1,2025-S1,Stable,71.9
z_30.0_30.0,2025,1,2025-S1,Stable,94.2
z_30.0_31.5,2025,1,2025-S1,Stable,48.2
z_31.5_-10.5,2025,1,2025-S1,Stable,93.0
z_31.5_-12.0,2025,1,2025-S1,Stable,93.6
z_31.5_-15.0,2025,1,2025-S1,Stable,97.8
z_31.5_-18.0,2025,1,2025-S1,Stable,94.0
z_31.5_-33.0,2025,1,2025-S1,Stable,92.8
z_31.5_-39.0,2025,1,2025-S1,Stable,93.6
z_31.5_13.5,2025,1,2025-S1,Stable,93.3
z_31.5_15.0,2025,1,2025-S1,Stable,92.6
z_31.5_19.5,2025,1,2025-S1,Stable,93.3
z_31.5_24.0,2025,1,2025-S1,Stable,91.3
z_31.5_25.5,2025,1,2025-S1,Stable,91.5
z_31.5_27.0,2025,1,2025-S1,Stable,90.3
z_31.5_28.5,2025,1,2025-S1,Stable,91.1
z_31.5_30.0,2025,1,2025-S1,Stable,92.9
z_31.5_31.5,2025,1,2025-S1,Stable,94.4
z_31.5_33.0,2025,1,2025-S1,Stable,93.6
z_31.5_34.5,2025,1,2025-S1,Stable,92.5
z_33.0_-10.5,2025,1,2025-S1,Stable,92.5
z_33.0_-13.5,2025,1,2025-S1,Stable,93.8
z_33.0_-16.5,2025,1,2025-S1,Stable,93.1
z_33.0_-28.5,2025,1,2025-S1,Stable,92.2
z_33.0_-34.5,2025,1,2025-S1,Stable,89.9
z_33.0_-7.5,2025,1,2025-S1,Stable,90.8
z_33.0_-9.0,2025,1,2025-S1,Stable,76.6
z_33.0_10.5,2025,1,2025-S1,Stable,82.1
z_33.0_12.0,2025,1,2025-S1,Stable,92.0
z_33.0_13.5,2025,1,2025-S1,Stable,92.2
z_33.0_18.0,2025,1,2025-S1,Stable,98.4
z_33.0_19.5,2025,1,2025-S1,Stable,93.6
z_33.0_21.0,2025,1,2025-S1,Stable,91.1
z_33.0_22.5,2025,1,2025-S1,Stable,91.2
z_33.0_24.0,2025,1,2025-S1,Stable,93.6
z_33.0_25.5,2025,1,2025-S1,Stable,97.2
z_33.0_28.5,2025,1,2025-S1,Stable,91.8
z_33.0_31.5,2025,1,2025-S1,Stable,89.3
z_33.0_33.0,2025,1,2025-S1,Stable,86.6
z_33.0_34.5,2025,1,2025-S1,Stable,93.0
z_33.0_9.0,2025,1,2025-S1,Stable,94.6
z_34.5_-1.5,2025,1,2025-S1,Stable,91.2
z_34.5_-10.5,2025,1,2025-S1,Stable,97.0
z_34.5_-12.0,2025,1,2025-S1,Stable,92.8
z_34.5_-15.0,2025,1,2025-S1,Stable,94.3
z_34.5_-18.0,2025,1,2025-S1,Stable,92.5
z_34.5_-22.5,2025,1,2025-S1,Stable,87.7
z_34.5_-3.0,2025,1,2025-S1,Stable,94.6
z_34.5_-30.0,2025,1,2025-S1,Stable,91.1
z_34.5_-36.0,2025,1,2025-S1,Stable,92.9
z_34.5_-37.5,2025,1,2025-S1,Stable,92.6
z_34.5_-39.0,2025,1,2025-S1,Stable,95.0
z_34.5_-4.5,2025,1,2025-S1,Stable,91.6
z_34.5_-6.0,2025,1,2025-S1,Stable,47.7
z_34.5_-7.5,2025,1,2025-S1,Stable,79.0
z_34.5_-9.0,2025,1,2025-S1,Stable,93.5
z_34.5_0.0,2025,1,2025-S1,Stable,97.5
z_34.5_10.5,2025,1,2025-S1,Stable,93.3
z_34.5_12.0,2025,1,2025-S1,Stable,65.8
z_34.5_13.5,2025,1,2025-S1,Faible augmentation,47.9
z_34.5_15.0,2025,1,2025-S1,Stable,93.1
z_34.5_16.5,2025,1,2025-S1,Stable,86.5
z_34.5_18.0,2025,1,2025-S1,Stable,96.9
z_34.5_19.5,2025,1,2025-S1,Stable,95.1
z_34.5_21.0,2025,1,2025-S1,Stable,91.9
z_34.5_22.5,2025,1,2025-S1,Stable,82.8
z_34.5_24.0,2025,1,2025-S1,Forte diminution,42.9
z_34.5_25.5,2025,1,2025-S1,Stable,59.0
z_34.5_27.0,2025,1,2025-S1,Stable,91.1
z_34.5_28.5,2025,1,2025-S1,Stable,93.0
z_34.5_30.0,2025,1,2025-S1,Stable,92.9
z_34.5_31.5,2025,1,2025-S1,Stable,52.1
z_34.5_33.0,2025,1,2025-S1,Forte diminution,40.6
z_34.5_34.5,2025,1,2025-S1,Stable,91.8
z_36.0_-1.5,2025,1,2025-S1,Stable,90.2
z_36.0_-10.5,2025,1,2025-S1,Stable,50.8
z_36.0_-12.0,2025,1,2025-S1,Stable,90.6
z_36.0_-13.5,2025,1,2025-S1,Stable,92.8
z_36.0_-16.5,2025,1,2025-S1,Stable,92.8
z_36.0_-18.0,2025,1,2025-S1,Stable,94.3
z_36.0_-21.0,2025,1,2025-S1,Stable,92.9
z_36.0_-22.5,2025,1,2025-S1,Stable,92.8
z_36.0_-24.0,2025,1,2025-S1,Stable,93.5
z_36.0_-25.5,2025,1,2025-S1,Stable,89.3
z_36.0_-3.0,2025,1,2025-S1,Forte augmentation,40.9
z_36.0_-36.0,2025,1,2025-S1,Stable,97.3
z_36.0_-4.5,2025,1,2025-S1,Stable,61.7
z_36.0_-42.0,2025,1,2025-S1,Stable,93.0
z_36.0_-6.0,2025,1,2025-S1,Forte diminution,39.6
z_36.0_-7.5,2025,1,2025-S1,Forte diminution,42.1
z_36.0_-9.0,2025,1,2025-S1,Forte diminution,48.7
z_36.0_0.0,2025,1,2025-S1,Stable,96.6
z_36.0_1.5,2025,1,2025-S1,Stable,91.3
z_36.0_10.5,2025,1,2025-S1,Stable,45.6
z_36.0_12.0,2025,1,2025-S1,Stable,44.0
z_36.0_13.5,2025,1,2025-S1,Stable,32.1
z_36.0_15.0,2025,1,2025-S1,Forte diminution,41.1
z_36.0_16.5,2025,1,2025-S1,Stable,96.8
z_36.0_18.0,2025,1,2025-S1,Stable,91.2
z_36.0_19.5,2025,1,2025-S1,Stable,85.3
z_36.0_21.0,2025,1,2025-S1,Stable,62.9
z_36.0_22.5,2025,1,2025-S1,Forte diminution,44.7
z_36.0_24.0,2025,1,2025-S1,Stable,37.4
z_36.0_25.5,2025,1,2025-S1,Forte augmentation,34.7
z_36.0_27.0,2025,1,2025-S1,Forte augmentation,39.7
z_36.0_28.5,2025,1,2025-S1,Stable,87.0
z_36.0_3.0,2025,1,2025-S1,Stable,91.9
z_36.0_30.0,2025,1,2025-S1,Stable,90.0
z_36.0_34.5,2025,1,2025-S1,Stable,78.7
z_36.0_36.0,2025,1,2025-S1,Stable,84.8
z_36.0_4.5,2025,1,2025-S1,Stable,98.4
z_36.0_6.0,2025,1,2025-S1,Stable,92.1
z_36.0_7.5,2025,1,2025-S1,Stable,92.5
z_36.0_9.0,2025,1,2025-S1,Stable,94.8
z_37.5_-1.5,2025,1,2025-S1,Forte diminution,41.6
z_37.5_-10.5,2025,1,2025-S1,Forte augmentation,37.6
z_37.5_-12.0,2025,1,2025-S1,Stable,94.0
z_37.5_-13.5,2025,1,2025-S1,Stable,98.7
z_37.5_-16.5,2025,1,2025-S1,Stable,93.3
z_37.5_-19.5,2025,1,2025-S1,Stable,93.9
z_37.5_-21.0,2025,1,2025-S1,Stable,93.9
z_37.5_-22.5,2025,1,2025-S1,Stable,96.3
z_37.5_-24.0,2025,1,2025-S1,Stable,96.6
z_37.5_-25.5,2025,1,2025-S1,Stable,87.0
z_37.5_-27.0,2025,1,2025-S1,Stable,79.0
z_37.5_-28.5,2025,1,2025-S1,Stable,89.9
z_37.5_-30.0,2025,1,2025-S1,Stable,91.7
z_37.5_-31.5,2025,1,2025-S1,Stable,93.9
z_37.5_-39.0,2025,1,2025-S1,Stable,92.6
z_37.5_-9.0,2025,1,2025-S1,Forte diminution,48.3
z_37.5_0.0,2025,1,2025-S1,Stable,52.2
z_37.5_1.5,2025,1,2025-S1,Stable,91.4
z_37.5_10.5,2025,1,2025-S1,Stable,88.6
z_37.5_12.0,2025,1,2025-S1,Stable,45.3
z_37.5_13.5,2025,1,2025-S1,Forte diminution,44.3
z_37.5_15.0,2025,1,2025-S1,Stable,35.6
z_37.5_16.5,2025,1,2025-S1,Stable,80.3
z_37.5_18.0,2025,1,2025-S1,Stable,93.1
z_37.5_19.5,2025,1,2025-S1,Stable,42.6
z_37.5_21.0,2025,1,2025-S1,Forte diminution,37.5
z_37.5_22.5,2025,1,2025-S1,Stable,34.0
z_37.5_24.0,2025,1,2025-S1,Forte augmentation,29.5
z_37.5_25.5,2025,1,2025-S1,Stable,55.9
z_37.5_27.0,2025,1,2025-S1,Stable,87.1
z_37.5_3.0,2025,1,2025-S1,Stable,87.3
z_37.5_4.5,2025,1,2025-S1,Stable,91.5
z_37.5_6.0,2025,1,2025-S1,Stable,97.6
z_37.5_7.5,2025,1,2025-S1,Stable,88.6
z_37.5_9.0,2025,1,2025-S1,Stable,60.7
z_39.0_-1.5,2025,1,2025-S1,Stable,38.2
z_39.0_-10.5,2025,1,2025-S1,Stable,60.6
z_39.0_-12.0,2025,1,2025-S1,Stable,93.9
z_39.0_-15.0,2025,1,2025-S1,Stable,93.9
z_39.0_-16.5,2025,1,2025-S1,Stable,93.0
z_39.0_-18.0,2025,1,2025-S1,Stable,89.5
z_39.0_-28.5,2025,1,2025-S1,Stable,92.8
z_39.0_-31.5,2025,1,2025-S1,Stable,88.1
z_39.0_-39.0,2025,1,2025-S1,Stable,91.9
z_39.0_-9.0,2025,1,2025-S1,Stable,62.5
z_39.0_0.0,2025,1,2025-S1,Stable,65.6
z_39.0_1.5,2025,1,2025-S1,Stable,57.9
z_39.0_10.5,2025,1,2025-S1,Stable,92.9
z_39.0_12.0,2025,1,2025-S1,Stable,92.0
z_39.0_13.5,2025,1,2025-S1,Stable,90.7
z_39.0_15.0,2025,1,2025-S1,Stable,90.4
z_39.0_16.5,2025,1,2025-S1,Stable,51.8
z_39.0_18.0,2025,1,2025-S1,Stable,57.1
z_39.0_19.5,2025,1,2025-S1,Forte diminution,38.1
z_39.0_22.5,2025,1,2025-S1,Stable,41.3
z_39.0_24.0,2025,1,2025-S1,Forte diminution,46.8
z_39.0_25.5,2025,1,2025-S1,Stable,53.8
z_39.0_27.0,2025,1,2025-S1,Stable,86.6
z_39.0_3.0,2025,1,2025-S1,Stable,47.0
z_39.0_4.5,2025,1,2025-S1,Stable,94.9
z_39.0_6.0,2025,1,2025-S1,Stable,98.2
z_39.0_7.5,2025,1,2025-S1,Stable,92.9
z_39.0_9.0,2025,1,2025-S1,Forte diminution,43.7
z_40.5_-10.5,2025,1,2025-S1,Stable,85.3
z_40.5_-12.0,2025,1,2025-S1,Stable,92.6
z_40.5_-21.0,2025,1,2025-S1,Stable,93.4
z_40.5_-22.5,2025,1,2025-S1,Stable,97.3
z_40.5_-36.0,2025,1,2025-S1,Stable,98.4
z_40.5_-37.5,2025,1,2025-S1,Stable,92.5
z_40.5_-9.0,2025,1,2025-S1,Forte diminution,36.9
z_40.5_0.0,2025,1,2025-S1,Forte diminution,61.3
z_40.5_1.5,2025,1,2025-S1,Stable,48.4
z_40.5_10.5,2025,1,2025-S1,Stable,91.0
z_40.5_12.0,2025,1,2025-S1,Stable,67.9
z_40.5_13.5,2025,1,2025-S1,Stable,44.1
z_40.5_15.0,2025,1,2025-S1,Stable,86.2
z_40.5_16.5,2025,1,2025-S1,Stable,40.0
z_40.5_18.0,2025,1,2025-S1,Forte diminution,53.7
z_40.5_22.5,2025,1,2025-S1,Stable,49.1
z_40.5_24.0,2025,1,2025-S1,Forte diminution,39.4
z_40.5_25.5,2025,1,2025-S1,Stable,63.7
z_40.5_27.0,2025,1,2025-S1,Stable,88.4
z_40.5_28.5,2025,1,2025-S1,Stable,57.7
z_40.5_3.0,2025,1,2025-S1,Stable,51.5
z_40.5_30.0,2025,1,2025-S1,Stable,91.3
z_40.5_31.5,2025,1,2025-S1,Stable,93.0
z_40.5_36.0,2025,1,2025-S1,Stable,85.5
z_40.5_37.5,2025,1,2025-S1,Stable,96.6
z_40.5_4.5,2025,1,2025-S1,Stable,98.7
z_40.5_6.0,2025,1,2025-S1,Stable,93.5
z_40.5_7.5,2025,1,2025-S1,Stable,53.2
z_40.5_9.0,2025,1,2025-S1,Forte diminution,38.0
z_42.0_-10.5,2025,1,2025-S1,Forte diminution,48.8
z_42.0_-12.0,2025,1,2025-S1,Stable,93.0
z_42.0_-19.5,2025,1,2025-S1,Stable,93.9
z_42.0_-24.0,2025,1,2025-S1,Stable,93.1
z_42.0_-28.5,2025,1,2025-S1,Stable,93.3
z_42.0_-3.0,2025,1,2025-S1,Stable,38.0
z_42.0_-36.0,2025,1,2025-S1,Stable,94.2
z_42.0_-39.0,2025,1,2025-S1,Stable,93.9
z_42.0_-4.5,2025,1,2025-S1,Stable,61.1
z_42.0_-6.0,2025,1,2025-S1,Stable,89.7
z_42.0_-9.0,2025,1,2025-S1,Stable,34.7
z_42.0_10.5,2025,1,2025-S1,Stable,61.3
z_42.0_13.5,2025,1,2025-S1,Forte diminution,56.1
z_42.0_15.0,2025,1,2025-S1,Forte diminution,38.0
z_42.0_16.5,2025,1,2025-S1,Stable,79.1
z_42.0_18.0,2025,1,2025-S1,Stable,95.5
z_42.0_27.0,2025,1,2025-S1,Stable,59.8
z_42.0_28.5,2025,1,2025-S1,Stable,90.1
z_42.0_3.0,2025,1,2025-S1,Stable,40.3
z_42.0_33.0,2025,1,2025-S1,Stable,89.6
z_42.0_37.5,2025,1,2025-S1,Stable,93.9
z_42.0_4.5,2025,1,2025-S1,Forte diminution,50.1
z_42.0_40.5,2025,1,2025-S1,Stable,90.2
z_42.0_6.0,2025,1,2025-S1,Stable,45.8
z_42.0_7.5,2025,1,2025-S1,Stable,96.5
z_42.0_9.0,2025,1,2025-S1,Stable,51.2
z_43.5_-1.5,2025,1,2025-S1,Stable,47.9
z_43.5_-10.5,2025,1,2025-S1,Stable,95.2
z_43.5_-12.0,2025,1,2025-S1,Stable,91.8
z_43.5_-28.5,2025,1,2025-S1,Stable,91.2
z_43.5_-3.0,2025,1,2025-S1,Stable,57.9
z_43.5_-33.0,2025,1,2025-S1,Stable,98.1
z_43.5_-34.5,2025,1,2025-S1,Stable,93.3
z_43.5_-4.5,2025,1,2025-S1,Stable,47.1
z_43.5_-40.5,2025,1,2025-S1,Stable,93.6
z_43.5_-6.0,2025,1,2025-S1,Stable,45.6
z_43.5_-7.5,2025,1,2025-S1,Forte diminution,41.5
z_43.5_-9.0,2025,1,2025-S1,Forte diminution,45.4
z_43.5_12.0,2025,1,2025-S1,Forte diminution,43.1
z_43.5_13.5,2025,1,2025-S1,Stable,47.5
z_43.5_15.0,2025,1,2025-S1,Stable,57.7
z_43.5_28.5,2025,1,2025-S1,Stable,76.2
z_43.5_30.0,2025,1,2025-S1,Stable,94.5
z_43.5_36.0,2025,1,2025-S1,Stable,94.5
z_43.5_37.5,2025,1,2025-S1,Stable,87.3
z_43.5_39.0,2025,1,2025-S1,Stable,93.8
z_43.5_6.0,2025,1,2025-S1,Stable,95.6
z_43.5_7.5,2025,1,2025-S1,Forte diminution,54.5
z_43.5_9.0,2025,1,2025-S1,Forte diminution,53.4
z_45.0_-1.5,2025,1,2025-S1,Stable,48.0
z_45.0_-10.5,2025,1,2025-S1,Stable,92.9
z_45.0_-12.0,2025,1,2025-S1,Stable,92.5
z_45.0_-13.5,2025,1,2025-S1,Stable,93.3
z_45.0_-19.5,2025,1,2025-S1,Stable,97.2
z_45.0_-22.5,2025,1,2025-S1,Stable,90.8
z_45.0_-3.0,2025,1,2025-S1,Stable,42.4
z_45.0_-36.0,2025,1,2025-S1,Stable,93.5
z_45.0_-4.5,2025,1,2025-S1,Stable,78.2
z_45.0_-42.0,2025,1,2025-S1,Stable,93.6
z_45.0_-6.0,2025,1,2025-S1,Stable,97.8
z_45.0_-7.5,2025,1,2025-S1,Stable,94.4
z_45.0_-9.0,2025,1,2025-S1,Stable,70.5
z_45.0_12.0,2025,1,2025-S1,Forte augmentation,38.6
z_45.0_13.5,2025,1,2025-S1,Forte augmentation,41.0
z_45.0_28.5,2025,1,2025-S1,Stable,96.6
z_45.0_30.0,2025,1,2025-S1,Stable,77.8
z_45.0_31.5,2025,1,2025-S1,Stable,89.5
z_45.0_34.5,2025,1,2025-S1,Stable,92.9
z_45.0_36.0,2025,1,2025-S1,Stable,93.8
z_46.5_-10.5,2025,1,2025-S1,Stable,94.2
z_46.5_-12.0,2025,1,2025-S1,Stable,94.2
z_46.5_-13.5,2025,1,2025-S1,Stable,93.5
z_46.5_-19.5,2025,1,2025-S1,Stable,92.5
z_46.5_-21.0,2025,1,2025-S1,Stable,93.5
z_46.5_-25.5,2025,1,2025-S1,Stable,92.5
z_46.5_-3.0,2025,1,2025-S1,Forte diminution,41.7
z_46.5_-31.5,2025,1,2025-S1,Stable,93.1
z_46.5_-36.0,2025,1,2025-S1,Stable,97.1
z_46.5_-4.5,2025,1,2025-S1,Forte augmentation,41.3
z_46.5_-6.0,2025,1,2025-S1,Forte diminution,44.0
z_46.5_-7.5,2025,1,2025-S1,Stable,78.9
z_46.5_-9.0,2025,1,2025-S1,Stable,93.2
z_46.5_30.0,2025,1,2025-S1,Stable,69.4
z_46.5_31.5,2025,1,2025-S1,Stable,88.8
z_46.5_36.0,2025,1,2025-S1,Stable,90.3
z_46.5_37.5,2025,1,2025-S1,Stable,93.5
z_46.5_39.0,2025,1,2025-S1,Stable,88.5
z_48.0_-1.5,2025,1,2025-S1,Forte augmentation,37.2
z_48.0_-10.5,2025,1,2025-S1,Stable,94.4
z_48.0_-12.0,2025,1,2025-S1,Stable,89.4
z_48.0_-13.5,2025,1,2025-S1,Stable,93.3
z_48.0_-15.0,2025,1,2025-S1,Stable,92.9
z_48.0_-18.0,2025,1,2025-S1,Stable,93.3
z_48.0_-19.5,2025,1,2025-S1,Stable,90.8
z_48.0_-21.0,2025,1,2025-S1,Stable,93.1
z_48.0_-24.0,2025,1,2025-S1,Stable,95.9
z_48.0_-25.5,2025,1,2025-S1,Stable,92.5
z_48.0_-28.5,2025,1,2025-S1,Stable,93.5
z_48.0_-3.0,2025,1,2025-S1,Stable,50.6
z_48.0_-30.0,2025,1,2025-S1,Stable,85.7
z_48.0_-4.5,2025,1,2025-S1,Stable,42.7
z_48.0_-40.5,2025,1,2025-S1,Stable,92.8
z_48.0_-6.0,2025,1,2025-S1,Forte diminution,33.6
z_48.0_-7.5,2025,1,2025-S1,Stable,53.4
z_48.0_-9.0,2025,1,2025-S1,Stable,44.1
z_49.5_-1.5,2025,1,2025-S1,Forte diminution,31.9
z_49.5_-10.5,2025,1,2025-S1,Stable,92.4
z_49.5_-12.0,2025,1,2025-S1,Stable,91.2
z_49.5_-13.5,2025,1,2025-S1,Stable,93.3
z_49.5_-15.0,2025,1,2025-S1,Stable,93.5
z_49.5_-16.5,2025,1,2025-S1,Stable,82.5
z_49.5_-18.0,2025,1,2025-S1,Stable,94.5
z_49.5_-19.5,2025,1,2025-S1,Stable,92.8
z_49.5_-21.0,2025,1,2025-S1,Stable,92.9
z_49.5_-24.0,2025,1,2025-S1,Stable,93.1
z_49.5_-3.0,2025,1,2025-S1,Stable,52.2
z_49.5_-30.0,2025,1,2025-S1,Stable,93.1
z_49.5_-4.5,2025,1,2025-S1,Stable,49.8
z_49.5_-6.0,2025,1,2025-S1,Stable,51.2
z_49.5_-7.5,2025,1,2025-S1,Stable,75.2
z_49.5_-9.0,2025,1,2025-S1,Stable,59.2
z_49.5_0.0,2025,1,2025-S1,Forte diminution,33.8
z_49.5_1.5,2025,1,2025-S1,Stable,91.7
z_51.0_-10.5,2025,1,2025-S1,Stable,54.5
z_51.0_-12.0,2025,1,2025-S1,Stable,64.6
z_51.0_-13.5,2025,1,2025-S1,Stable,79.8
z_51.0_-15.0,2025,1,2025-S1,Stable,85.3
z_51.0_-16.5,2025,1,2025-S1,Stable,94.1
z_51.0_-18.0,2025,1,2025-S1,Stable,94.5
z_51.0_-19.5,2025,1,2025-S1,Stable,93.5
z_51.0_-21.0,2025,1,2025-S1,Stable,90.4
z_51.0_-25.5,2025,1,2025-S1,Stable,93.5
z_51.0_-27.0,2025,1,2025-S1,Stable,92.8
z_51.0_-4.5,2025,1,2025-S1,Stable,91.3
z_51.0_-6.0,2025,1,2025-S1,Forte diminution,45.3
z_51.0_-7.5,2025,1,2025-S1,Forte diminution,41.3
z_51.0_-9.0,2025,1,2025-S1,Stable,65.9
z_51.0_0.0,2025,1,2025-S1,Forte augmentation,31.3
z_51.0_1.5,2025,1,2025-S1,Forte diminution,31.9
z_51.0_3.0,2025,1,2025-S1,Stable,39.4
z_52.5_-1.5,2025,1,2025-S1,Stable,41.2
z_52.5_-10.5,2025,1,2025-S1,Stable,79.2
z_52.5_-12.0,2025,1,2025-S1,Stable,97.6
z_52.5_-13.5,2025,1,2025-S1,Stable,84.8
z_52.5_-15.0,2025,1,2025-S1,Stable,86.4
z_52.5_-19.5,2025,1,2025-S1,Stable,94.2
z_52.5_-21.0,2025,1,2025-S1,Stable,92.9
z_52.5_-4.5,2025,1,2025-S1,Forte diminution,51.7
z_52.5_-6.0,2025,1,2025-S1,Forte diminution,36.8
z_52.5_-7.5,2025,1,2025-S1,Forte diminution,59.9
z_52.5_0.0,2025,1,2025-S1,Stable,39.2
z_52.5_1.5,2025,1,2025-S1,Stable,85.3
z_52.5_13.5,2025,1,2025-S1,Forte diminution,33.5
z_52.5_3.0,2025,1,2025-S1,Stable,40.0
z_52.5_4.5,2025,1,2025-S1,Forte augmentation,31.9
z_52.5_6.0,2025,1,2025-S1,Faible diminution,26.2
z_52.5_7.5,2025,1,2025-S1,Faible augmentation,32.8
z_52.5_9.0,2025,1,2025-S1,Stable,58.4
z_54.0_-1.5,2025,1,2025-S1,Stable,72.5
z_54.0_-10.5,2025,1,2025-S1,Stable,95.1
z_54.0_-12.0,2025,1,2025-S1,Stable,79.4
z_54.0_-13.5,2025,1,2025-S1,Stable,92.3
z_54.0_-15.0,2025,1,2025-S1,Stable,88.7
z_54.0_-16.5,2025,1,2025-S1,Stable,97.1
z_54.0_-4.5,2025,1,2025-S1,Stable,64.7
z_54.0_-6.0,2025,1,2025-S1,Stable,87.3
z_54.0_-7.5,2025,1,2025-S1,Stable,62.4
z_54.0_-9.0,2025,1,2025-S1,Stable,94.6
z_54.0_0.0,2025,1,2025-S1,Stable,81.7
z_54.0_1.5,2025,1,2025-S1,Stable,54.1
z_54.0_10.5,2025,1,2025-S1,Faible augmentation,42.3
z_54.0_12.0,2025,1,2025-S1,Forte diminution,27.7
z_54.0_13.5,2025,1,2025-S1,Stable,32.7
z_54.0_15.0,2025,1,2025-S1,Stable,56.0
z_54.0_16.5,2025,1,2025-S1,Stable,88.7
z_54.0_18.0,2025,1,2025-S1,Stable,34.6
z_54.0_19.5,2025,1,2025-S1,Stable,94.3
z_54.0_3.0,2025,1,2025-S1,Stable,91.2
z_54.0_4.5,2025,1,2025-S1,Stable,66.2
z_54.0_6.0,2025,1,2025-S1,Stable,78.2
z_54.0_7.5,2025,1,2025-S1,Faible diminution,31.5
z_54.0_9.0,2025,1,2025-S1,Forte diminution,40.0
z_55.5_-1.5,2025,1,2025-S1,Stable,93.1
z_55.5_-10.5,2025,1,2025-S1,Stable,87.0
z_55.5_-12.0,2025,1,2025-S1,Stable,92.8
z_55.5_-15.0,2025,1,2025-S1,Stable,95.1
z_55.5_-3.0,2025,1,2025-S1,Stable,89.8
z_55.5_-39.0,2025,1,2025-S1,Stable,93.1
z_55.5_-4.5,2025,1,2025-S1,Stable,97.2
z_55.5_-6.0,2025,1,2025-S1,Stable,76.2
z_55.5_-7.5,2025,1,2025-S1,Stable,96.7
z_55.5_-9.0,2025,1,2025-S1,Stable,91.9
z_55.5_0.0,2025,1,2025-S1,Stable,98.2
z_55.5_1.5,2025,1,2025-S1,Stable,86.7
z_55.5_10.5,2025,1,2025-S1,Forte diminution,33.9
z_55.5_12.0,2025,1,2025-S1,Forte diminution,31.4
z_55.5_13.5,2025,1,2025-S1,Stable,65.6
z_55.5_15.0,2025,1,2025-S1,Forte diminution,50.3
z_55.5_16.5,2025,1,2025-S1,Stable,71.5
z_55.5_18.0,2025,1,2025-S1,Stable,95.3
z_55.5_19.5,2025,1,2025-S1,Stable,69.1
z_55.5_21.0,2025,1,2025-S1,Stable,28.1
z_55.5_3.0,2025,1,2025-S1,Stable,93.7
z_55.5_4.5,2025,1,2025-S1,Stable,78.0
z_55.5_6.0,2025,1,2025-S1,Stable,43.9
z_55.5_7.5,2025,1,2025-S1,Forte diminution,37.5
z_55.5_9.0,2025,1,2025-S1,Stable,42.3
z_57.0_-1.5,2025,1,2025-S1,Stable,89.0
z_57.0_-10.5,2025,1,2025-S1,Stable,94.3
z_57.0_-13.5,2025,1,2025-S1,Stable,89.3
z_57.0_-15.0,2025,1,2025-S1,Stable,93.8
z_57.0_-24.0,2025,1,2025-S1,Stable,88.3
z_57.0_-28.5,2025,1,2025-S1,Stable,91.1
z_57.0_-3.0,2025,1,2025-S1,Stable,60.3
z_57.0_-4.5,2025,1,2025-S1,Stable,91.7
z_57.0_-6.0,2025,1,2025-S1,Stable,60.6
z_57.0_-7.5,2025,1,2025-S1,Stable,93.2
z_57.0_-9.0,2025,1,2025-S1,Stable,94.7
z_57.0_0.0,2025,1,2025-S1,Stable,86.8
z_57.0_1.5,2025,1,2025-S1,Stable,93.7
z_57.0_10.5,2025,1,2025-S1,Forte diminution,25.1
z_57.0_12.0,2025,1,2025-S1,Stable,65.2
z_57.0_16.5,2025,1,2025-S1,Stable,62.4
z_57.0_18.0,2025,1,2025-S1,Stable,56.6
z_57.0_19.5,2025,1,2025-S1,Stable,93.1
z_57.0_21.0,2025,1,2025-S1,Stable,89.3
z_57.0_22.5,2025,1,2025-S1,Forte diminution,53.4
z_57.0_24.0,2025,1,2025-S1,Stable,88.7
z_57.0_3.0,2025,1,2025-S1,Stable,96.6
z_57.0_4.5,2025,1,2025-S1,Stable,65.7
z_57.0_6.0,2025,1,2025-S1,Stable,67.4
z_57.0_7.5,2025,1,2025-S1,Stable,45.4
z_57.0_9.0,2025,1,2025-S1,Stable,50.4
z_58.5_-1.5,2025,1,2025-S1,Stable,94.4
z_58.5_-10.5,2025,1,2025-S1,Stable,96.3
z_58.5_-12.0,2025,1,2025-S1,Stable,93.2
z_58.5_-15.0,2025,1,2025-S1,Stable,93.6
z_58.5_-19.5,2025,1,2025-S1,Stable,86.7
z_58.5_-24.0,2025,1,2025-S1,Stable,92.8
z_58.5_-3.0,2025,1,2025-S1,Stable,97.8
z_58.5_-31.5,2025,1,2025-S1,Stable,91.4
z_58.5_-4.5,2025,1,2025-S1,Stable,92.3
z_58.5_-6.0,2025,1,2025-S1,Stable,89.2
z_58.5_-7.5,2025,1,2025-S1,Stable,93.5
z_58.5_-9.0,2025,1,2025-S1,Stable,91.0
z_58.5_0.0,2025,1,2025-S1,Stable,91.2
z_58.5_1.5,2025,1,2025-S1,Stable,87.8
z_58.5_10.5,2025,1,2025-S1,Forte diminution,36.4
z_58.5_15.0,2025,1,2025-S1,Stable,67.4
z_58.5_16.5,2025,1,2025-S1,Stable,27.5
z_58.5_18.0,2025,1,2025-S1,Forte augmentation,29.9
z_58.5_19.5,2025,1,2025-S1,Stable,40.5
z_58.5_21.0,2025,1,2025-S1,Stable,52.0
z_58.5_22.5,2025,1,2025-S1,Stable,67.7
z_58.5_24.0,2025,1,2025-S1,Forte diminution,57.6
z_58.5_25.5,2025,1,2025-S1,Stable,85.6
z_58.5_27.0,2025,1,2025-S1,Stable,94.6
z_58.5_28.5,2025,1,2025-S1,Stable,95.9
z_58.5_3.0,2025,1,2025-S1,Stable,75.1
z_58.5_4.5,2025,1,2025-S1,Forte diminution,31.1
z_58.5_6.0,2025,1,2025-S1,Stable,98.3
z_58.5_7.5,2025,1,2025-S1,Stable,86.8
z_58.5_9.0,2025,1,2025-S1,Forte diminution,43.9
z_60.0_-1.5,2025,1,2025-S1,Stable,96.2
z_60.0_-10.5,2025,1,2025-S1,Stable,93.4
z_60.0_-12.0,2025,1,2025-S1,Stable,85.6
z_60.0_-27.0,2025,1,2025-S1,Stable,92.4
z_60.0_-3.0,2025,1,2025-S1,Stable,92.6
z_60.0_-31.5,2025,1,2025-S1,Stable,92.7
z_60.0_-4.5,2025,1,2025-S1,Stable,91.8
z_60.0_-6.0,2025,1,2025-S1,Stable,95.6
z_60.0_-7.5,2025,1,2025-S1,Stable,93.4
z_60.0_-9.0,2025,1,2025-S1,Stable,94.5
z_60.0_0.0,2025,1,2025-S1,Stable,93.3
z_60.0_1.5,2025,1,2025-S1,Stable,44.6
z_60.0_16.5,2025,1,2025-S1,Stable,57.5
z_60.0_18.0,2025,1,2025-S1,Stable,85.8
z_60.0_19.5,2025,1,2025-S1,Stable,97.3
z_60.0_21.0,2025,1,2025-S1,Stable,40.9
z_60.0_24.0,2025,1,2025-S1,Stable,47.9
z_60.0_25.5,2025,1,2025-S1,Stable,53.3
z_60.0_27.0,2025,1,2025-S1,Stable,93.1
z_60.0_28.5,2025,1,2025-S1,Stable,87.7
z_60.0_3.0,2025,1,2025-S1,Stable,77.5
z_60.0_4.5,2025,1,2025-S1,Stable,31.1
z_60.0_6.0,2025,1,2025-S1,Stable,95.5
z_61.5_-1.5,2025,1,2025-S1,Stable,94.4
z_61.5_-10.5,2025,1,2025-S1,Stable,92.7
z_61.5_-12.0,2025,1,2025-S1,Stable,84.2
z_61.5_-13.5,2025,1,2025-S1,Stable,93.7
z_61.5_-16.5,2025,1,2025-S1,Stable,91.8
z_61.5_-18.0,2025,1,2025-S1,Stable,93.5
z_61.5_-27.0,2025,1,2025-S1,Stable,93.3
z_61.5_-7.5,2025,1,2025-S1,Stable,82.8
z_61.5_-9.0,2025,1,2025-S1,Stable,90.8
z_61.5_0.0,2025,1,2025-S1,Stable,58.7
z_61.5_1.5,2025,1,2025-S1,Stable,94.1
z_61.5_16.5,2025,1,2025-S1,Stable,72.8
z_61.5_18.0,2025,1,2025-S1,Stable,84.2
z_61.5_19.5,2025,1,2025-S1,Stable,94.8
z_61.5_21.0,2025,1,2025-S1,Stable,98.4
z_61.5_3.0,2025,1,2025-S1,Stable,81.8
z_61.5_4.5,2025,1,2025-S1,Stable,40.4
z_61.5_6.0,2025,1,2025-S1,Forte augmentation,39.9
z_61.5_7.5,2025,1,2025-S1,Stable,88.7
z_63.0_-1.5,2025,1,2025-S1,Stable,85.3
z_63.0_-10.5,2025,1,2025-S1,Stable,90.3
z_63.0_-12.0,2025,1,2025-S1,Stable,91.2
z_63.0_-13.5,2025,1,2025-S1,Stable,94.6
z_63.0_-15.0,2025,1,2025-S1,Stable,93.0
z_63.0_-16.5,2025,1,2025-S1,Stable,93.1
z_63.0_-18.0,2025,1,2025-S1,Stable,88.0
z_63.0_-19.5,2025,1,2025-S1,Stable,87.5
z_63.0_-21.0,2025,1,2025-S1,Stable,78.2
z_63.0_-22.5,2025,1,2025-S1,Forte diminution,49.6
z_63.0_-24.0,2025,1,2025-S1,Stable,71.0
z_63.0_-25.5,2025,1,2025-S1,Stable,93.4
z_63.0_-27.0,2025,1,2025-S1,Stable,92.8
z_63.0_-36.0,2025,1,2025-S1,Stable,95.6
z_63.0_-39.0,2025,1,2025-S1,Stable,92.1
z_63.0_-7.5,2025,1,2025-S1,Stable,94.0
z_63.0_-9.0,2025,1,2025-S1,Stable,92.9
z_63.0_0.0,2025,1,2025-S1,Stable,91.9
z_63.0_10.5,2025,1,2025-S1,Stable,90.0
z_63.0_18.0,2025,1,2025-S1,Stable,88.0
z_63.0_19.5,2025,1,2025-S1,Stable,87.3
z_63.0_21.0,2025,1,2025-S1,Stable,76.7
z_63.0_22.5,2025,1,2025-S1,Stable,89.5
z_63.0_3.0,2025,1,2025-S1,Stable,93.7
z_63.0_4.5,2025,1,2025-S1,Stable,76.8
z_63.0_6.0,2025,1,2025-S1,Stable,98.2
z_63.0_7.5,2025,1,2025-S1,Stable,37.7
z_63.0_9.0,2025,1,2025-S1,Forte diminution,50.2
z_64.5_-10.5,2025,1,2025-S1,Stable,92.9
z_64.5_-12.0,2025,1,2025-S1,Stable,94.3
z_64.5_-13.5,2025,1,2025-S1,Stable,94.4
z_64.5_-15.0,2025,1,2025-S1,Stable,79.1
z_64.5_-19.5,2025,1,2025-S1,Stable,93.5
z_64.5_-21.0,2025,1,2025-S1,Stable,86.7
z_64.5_-22.5,2025,1,2025-S1,Stable,78.8
z_64.5_-24.0,2025,1,2025-S1,Stable,62.7
z_64.5_-25.5,2025,1,2025-S1,Stable,80.7
z_64.5_-27.0,2025,1,2025-S1,Stable,86.9
z_64.5_-28.5,2025,1,2025-S1,Stable,92.7
z_64.5_-3.0,2025,1,2025-S1,Stable,93.2
z_64.5_-33.0,2025,1,2025-S1,Stable,93.5
z_64.5_-37.5,2025,1,2025-S1,Stable,95.3
z_64.5_-6.0,2025,1,2025-S1,Stable,92.1
z_64.5_0.0,2025,1,2025-S1,Stable,92.0
z_64.5_10.5,2025,1,2025-S1,Forte augmentation,36.6
z_64.5_12.0,2025,1,2025-S1,Stable,39.6
z_64.5_21.0,2025,1,2025-S1,Forte diminution,40.2
z_64.5_22.5,2025,1,2025-S1,Stable,93.0
z_64.5_24.0,2025,1,2025-S1,Stable,67.2
z_64.5_3.0,2025,1,2025-S1,Stable,91.8
z_64.5_34.5,2025,1,2025-S1,Stable,94.0
z_64.5_39.0,2025,1,2025-S1,Stable,85.9
z_64.5_4.5,2025,1,2025-S1,Stable,92.6
z_64.5_6.0,2025,1,2025-S1,Stable,88.3
z_64.5_7.5,2025,1,2025-S1,Stable,95.2
z_64.5_9.0,2025,1,2025-S1,Stable,91.3
z_66.0_-1.5,2025,1,2025-S1,Stable,90.7
z_66.0_-12.0,2025,1,2025-S1,Stable,93.2
z_66.0_-13.5,2025,1,2025-S1,Stable,93.7
z_66.0_-15.0,2025,1,2025-S1,Stable,93.9
z_66.0_-16.5,2025,1,2025-S1,Stable,94.9
z_66.0_-18.0,2025,1,2025-S1,Stable,85.0
z_66.0_-19.5,2025,1,2025-S1,Stable,92.8
z_66.0_-21.0,2025,1,2025-S1,Stable,91.7
z_66.0_-22.5,2025,1,2025-S1,Stable,92.5
z_66.0_-24.0,2025,1,2025-S1,Forte diminution,45.0
z_66.0_-25.5,2025,1,2025-S1,Stable,92.0
z_66.0_-27.0,2025,1,2025-S1,Stable,93.0
z_66.0_-3.0,2025,1,2025-S1,Stable,88.1
z_66.0_1.5,2025,1,2025-S1,Stable,89.5
z_66.0_10.5,2025,1,2025-S1,Stable,63.2
z_66.0_12.0,2025,1,2025-S1,Stable,47.3
z_66.0_13.5,2025,1,2025-S1,Forte diminution,44.2
z_66.0_15.0,2025,1,2025-S1,Stable,88.5
z_66.0_4.5,2025,1,2025-S1,Stable,92.9
z_66.0_6.0,2025,1,2025-S1,Stable,96.6
z_66.0_7.5,2025,1,2025-S1,Stable,96.4
z_66.0_9.0,2025,1,2025-S1,Stable,90.8
z_67.5_-1.5,2025,1,2025-S1,Stable,91.6
z_67.5_-16.5,2025,1,2025-S1,Stable,91.1
z_67.5_0.0,2025,1,2025-S1,Stable,88.2
z_67.5_10.5,2025,1,2025-S1,Stable,91.7
z_67.5_12.0,2025,1,2025-S1,Stable,79.4
z_67.5_13.5,2025,1,2025-S1,Forte diminution,41.3
z_67.5_15.0,2025,1,2025-S1,Stable,47.3
z_67.5_16.5,2025,1,2025-S1,Stable,63.6
z_67.5_4.5,2025,1,2025-S1,Stable,91.2
z_67.5_6.0,2025,1,2025-S1,Stable,92.5
z_67.5_9.0,2025,1,2025-S1,Stable,90.1
z_69.0_-18.0,2025,1,2025-S1,Stable,91.7
z_69.0_13.5,2025,1,2025-S1,Stable,96.4
z_69.0_15.0,2025,1,2025-S1,Stable,46.2
z_69.0_16.5,2025,1,2025-S1,Forte diminution,55.3
z_69.0_18.0,2025,1,2025-S1,Stable,42.0
z_69.0_19.5,2025,1,2025-S1,Stable,74.0
z_69.0_21.0,2025,1,2025-S1,Stable,55.9
z_69.0_22.5,2025,1,2025-S1,Stable,69.4
z_69.0_24.0,2025,1,2025-S1,Stable,94.3
z_69.0_28.5,2025,1,2025-S1,Stable,93.9
z_69.0_30.0,2025,1,2025-S1,Stable,93.0
z_69.0_33.0,2025,1,2025-S1,Stable,91.4
z_69.0_42.0,2025,1,2025-S1,Stable,93.6
z_69.0_6.0,2025,1,2025-S1,Stable,93.5
z_69.0_67.5,2025,1,2025-S1,Stable,88.1
z_70.5_-12.0,2025,1,2025-S1,Stable,93.8
z_70.5_0.0,2025,1,2025-S1,Stable,93.2
z_70.5_10.5,2025,1,2025-S1,Stable,90.4
z_70.5_13.5,2025,1,2025-S1,Stable,84.9
z_70.5_15.0,2025,1,2025-S1,Stable,94.4
z_70.5_16.5,2025,1,2025-S1,Stable,81.1
z_70.5_18.0,2025,1,2025-S1,Stable,89.3
z_70.5_19.5,2025,1,2025-S1,Stable,92.0
z_70.5_21.0,2025,1,2025-S1,Stable,85.8
z_70.5_22.5,2025,1,2025-S1,Stable,81.1
z_70.5_24.0,2025,1,2025-S1,Stable,46.9
z_70.5_25.5,2025,1,2025-S1,Stable,90.3
z_70.5_27.0,2025,1,2025-S1,Stable,78.1
z_70.5_28.5,2025,1,2025-S1,Stable,90.4
z_70.5_30.0,2025,1,2025-S1,Stable,78.1
z_70.5_33.0,2025,1,2025-S1,Stable,92.4
z_70.5_36.0,2025,1,2025-S1,Stable,92.6
z_72.0_1.5,2025,1,2025-S1,Stable,92.4
z_72.0_13.5,2025,1,2025-S1,Stable,95.3
z_72.0_15.0,2025,1,2025-S1,Stable,97.3
z_72.0_16.5,2025,1,2025-S1,Stable,94.1
z_72.0_18.0,2025,1,2025-S1,Stable,91.0
z_72.0_19.5,2025,1,2025-S1,Stable,88.8
z_72.0_22.5,2025,1,2025-S1,Stable,88.8
z_72.0_24.0,2025,1,2025-S1,Stable,92.1
z_72.0_25.5,2025,1,2025-S1,Stable,96.7
z_72.0_28.5,2025,1,2025-S1,Stable,93.8
z_72.0_30.0,2025,1,2025-S1,Stable,92.4
z_72.0_34.5,2025,1,2025-S1,Stable,92.4
z_73.5_1.5,2025,1,2025-S1,Stable,92.2
z_73.5_16.5,2025,1,2025-S1,Stable,94.0
z_73.5_18.0,2025,1,2025-S1,Stable,92.8
z_73.5_19.5,2025,1,2025-S1,Stable,92.9
z_73.5_21.0,2025,1,2025-S1,Stable,93.3
z_73.5_22.5,2025,1,2025-S1,Stable,94.6
z_73.5_25.5,2025,1,2025-S1,Stable,88.9
z_73.5_28.5,2025,1,2025-S1,Stable,91.9
z_73.5_30.0,2025,1,2025-S1,Stable,93.6
z_73.5_31.5,2025,1,2025-S1,Stable,89.6
z_73.5_33.0,2025,1,2025-S1,Stable,77.2
z_73.5_34.5,2025,1,2025-S1,Stable,97.0
z_73.5_36.0,2025,1,2025-S1,Stable,91.1
z_73.5_51.0,2025,1,2025-S1,Stable,86.8
z_75.0_16.5,2025,1,2025-S1,Stable,93.6
z_75.0_18.0,2025,1,2025-S1,Stable,93.9
z_75.0_19.5,2025,1,2025-S1,Stable,93.5
z_75.0_22.5,2025,1,2025-S1,Stable,93.7
z_75.0_25.5,2025,1,2025-S1,Stable,93.9
z_75.0_30.0,2025,1,2025-S1,Stable,94.8
z_75.0_31.5,2025,1,2025-S1,Stable,95.5
z_75.0_33.0,2025,1,2025-S1,Stable,86.2
z_75.0_34.5,2025,1,2025-S1,Stable,87.2
z_75.0_36.0,2025,1,2025-S1,Stable,94.5
z_75.0_39.0,2025,1,2025-S1,Stable,94.4
z_75.0_40.5,2025,1,2025-S1,Stable,88.2
z_76.5_13.5,2025,1,2025-S1,Stable,83.6
z_76.5_19.5,2025,1,2025-S1,Stable,92.2
z_76.5_31.5,2025,1,2025-S1,Stable,93.2
z_76.5_33.0,2025,1,2025-S1,Stable,88.0
z_76.5_36.0,2025,1,2025-S1,Stable,93.3
z_76.5_37.5,2025,1,2025-S1,Stable,93.8
z_76.5_40.5,2025,1,2025-S1,Stable,93.2
z_76.5_9.0,2025,1,2025-S1,Stable,93.1
z_78.0_10.5,2025,1,2025-S1,Stable,91.9
z_78.0_12.0,2025,1,2025-S1,Stable,92.1
z_78.0_13.5,2025,1,2025-S1,Stable,85.8
z_78.0_15.0,2025,1,2025-S1,Stable,94.9
z_78.0_22.5,2025,1,2025-S1,Stable,93.5
z_78.0_33.0,2025,1,2025-S1,Stable,89.5
z_79.5_10.5,2025,1,2025-S1,Stable,86.4
z_79.5_13.5,2025,1,2025-S1,Stable,92.6
z_79.5_16.5,2025,1,2025-S1,Stable,88.6
z_79.5_19.5,2025,1,2025-S1,Stable,91.8
z_79.5_27.0,2025,1,2025-S1,Stable,93.5
z_79.5_31.5,2025,1,2025-S1,Stable,90.7
z_24.0_-18.0,2025,2,2025-S2,Stable,96.9
z_24.0_-19.5,2025,2,2025-S2,Stable,87.9
z_24.0_-22.5,2025,2,2025-S2,Stable,88.1
z_24.0_-24.0,2025,2,2025-S2,Stable,86.8
z_24.0_-39.0,2025,2,2025-S2,Stable,88.7
z_25.5_-15.0,2025,2,2025-S2,Stable,88.3
z_25.5_-16.5,2025,2,2025-S2,Stable,94.6
z_25.5_-18.0,2025,2,2025-S2,Stable,88.2
z_25.5_-39.0,2025,2,2025-S2,Stable,85.8
z_27.0_-15.0,2025,2,2025-S2,Stable,91.3
z_27.0_-16.5,2025,2,2025-S2,Forte diminution,37.9
z_27.0_-18.0,2025,2,2025-S2,Stable,87.8
z_27.0_-37.5,2025,2,2025-S2,Stable,86.7
z_28.5_-12.0,2025,2,2025-S2,Stable,88.5
z_28.5_-13.5,2025,2,2025-S2,Stable,95.2
z_28.5_-15.0,2025,2,2025-S2,Stable,63.2
z_28.5_-16.5,2025,2,2025-S2,Forte diminution,49.0
z_28.5_-18.0,2025,2,2025-S2,Stable,84.9
z_28.5_-21.0,2025,2,2025-S2,Stable,85.4
z_28.5_-28.5,2025,2,2025-S2,Stable,88.1
z_28.5_-33.0,2025,2,2025-S2,Stable,87.5
z_28.5_-34.5,2025,2,2025-S2,Stable,88.6
z_28.5_-36.0,2025,2,2025-S2,Stable,87.6
z_30.0_-10.5,2025,2,2025-S2,Stable,95.7
z_30.0_-12.0,2025,2,2025-S2,Stable,88.0
z_30.0_-13.5,2025,2,2025-S2,Stable,85.5
z_30.0_-15.0,2025,2,2025-S2,Stable,96.4
z_30.0_-18.0,2025,2,2025-S2,Stable,88.5
z_30.0_-33.0,2025,2,2025-S2,Stable,88.2
z_30.0_-36.0,2025,2,2025-S2,Stable,88.2
z_30.0_-37.5,2025,2,2025-S2,Stable,86.1
z_30.0_-39.0,2025,2,2025-S2,Stable,88.7
z_30.0_-42.0,2025,2,2025-S2,Stable,88.7
z_30.0_28.5,2025,2,2025-S2,Stable,72.6
z_30.0_30.0,2025,2,2025-S2,Stable,95.2
z_30.0_31.5,2025,2,2025-S2,Stable,60.0
z_31.5_-10.5,2025,2,2025-S2,Stable,88.5
z_31.5_-12.0,2025,2,2025-S2,Stable,87.3
z_31.5_-15.0,2025,2,2025-S2,Stable,96.4
z_31.5_-18.0,2025,2,2025-S2,Stable,87.9
z_31.5_-33.0,2025,2,2025-S2,Stable,88.4
z_31.5_-39.0,2025,2,2025-S2,Stable,86.6
z_31.5_13.5,2025,2,2025-S2,Stable,87.3
z_31.5_15.0,2025,2,2025-S2,Stable,87.5
z_31.5_19.5,2025,2,2025-S2,Stable,88.5
z_31.5_24.0,2025,2,2025-S2,Stable,86.9
z_31.5_25.5,2025,2,2025-S2,Stable,84.5
z_31.5_27.0,2025,2,2025-S2,Stable,83.5
z_31.5_28.5,2025,2,2025-S2,Stable,86.1
z_31.5_30.0,2025,2,2025-S2,Stable,88.1
z_31.5_31.5,2025,2,2025-S2,Stable,96.8
z_31.5_33.0,2025,2,2025-S2,Stable,86.9
z_31.5_34.5,2025,2,2025-S2,Stable,91.7
z_33.0_-10.5,2025,2,2025-S2,Stable,87.5
z_33.0_-13.5,2025,2,2025-S2,Stable,88.7
z_33.0_-16.5,2025,2,2025-S2,Stable,88.7
z_33.0_-28.5,2025,2,2025-S2,Stable,87.5
z_33.0_-34.5,2025,2,2025-S2,Stable,82.5
z_33.0_-7.5,2025,2,2025-S2,Stable,89.7
z_33.0_-9.0,2025,2,2025-S2,Stable,75.1
z_33.0_10.5,2025,2,2025-S2,Stable,89.5
z_33.0_12.0,2025,2,2025-S2,Stable,90.5
z_33.0_13.5,2025,2,2025-S2,Stable,91.0
z_33.0_18.0,2025,2,2025-S2,Stable,95.2
z_33.0_19.5,2025,2,2025-S2,Stable,88.5
z_33.0_21.0,2025,2,2025-S2,Stable,86.1
z_33.0_22.5,2025,2,2025-S2,Stable,86.9
z_33.0_24.0,2025,2,2025-S2,Stable,86.9
z_33.0_25.5,2025,2,2025-S2,Stable,84.1
z_33.0_28.5,2025,2,2025-S2,Stable,85.1
z_33.0_31.5,2025,2,2025-S2,Stable,83.2
z_33.0_33.0,2025,2,2025-S2,Stable,78.6
z_33.0_34.5,2025,2,2025-S2,Stable,89.5
z_33.0_9.0,2025,2,2025-S2,Stable,91.0
z_34.5_-1.5,2025,2,2025-S2,Stable,90.6
z_34.5_-10.5,2025,2,2025-S2,Stable,85.7
z_34.5_-12.0,2025,2,2025-S2,Stable,88.3
z_34.5_-15.0,2025,2,2025-S2,Stable,87.9
z_34.5_-18.0,2025,2,2025-S2,Stable,88.0
z_34.5_-22.5,2025,2,2025-S2,Stable,79.7
z_34.5_-3.0,2025,2,2025-S2,Stable,94.7
z_34.5_-30.0,2025,2,2025-S2,Stable,86.1
z_34.5_-36.0,2025,2,2025-S2,Stable,86.2
z_34.5_-37.5,2025,2,2025-S2,Stable,87.8
z_34.5_-39.0,2025,2,2025-S2,Stable,95.7
z_34.5_-4.5,2025,2,2025-S2,Stable,97.1
z_34.5_-6.0,2025,2,2025-S2,Stable,47.1
z_34.5_-7.5,2025,2,2025-S2,Stable,75.3
z_34.5_-9.0,2025,2,2025-S2,Stable,88.2
z_34.5_0.0,2025,2,2025-S2,Stable,86.4
z_34.5_10.5,2025,2,2025-S2,Stable,93.1
z_34.5_12.0,2025,2,2025-S2,Stable,63.4
z_34.5_13.5,2025,2,2025-S2,Faible augmentation,40.5
z_34.5_15.0,2025,2,2025-S2,Stable,89.5
z_34.5_16.5,2025,2,2025-S2,Stable,87.2
z_34.5_18.0,2025,2,2025-S2,Stable,84.8
z_34.5_19.5,2025,2,2025-S2,Stable,84.5
z_34.5_21.0,2025,2,2025-S2,Stable,87.2
z_34.5_22.5,2025,2,2025-S2,Stable,83.1
z_34.5_24.0,2025,2,2025-S2,Stable,36.7
z_34.5_25.5,2025,2,2025-S2,Stable,87.5
z_34.5_27.0,2025,2,2025-S2,Stable,91.0
z_34.5_28.5,2025,2,2025-S2,Stable,88.5
z_34.5_30.0,2025,2,2025-S2,Stable,88.1
z_34.5_31.5,2025,2,2025-S2,Stable,75.6
z_34.5_33.0,2025,2,2025-S2,Stable,41.4
z_34.5_34.5,2025,2,2025-S2,Stable,85.1
z_36.0_-1.5,2025,2,2025-S2,Stable,95.9
z_36.0_-10.5,2025,2,2025-S2,Forte diminution,41.0
z_36.0_-12.0,2025,2,2025-S2,Stable,90.4
z_36.0_-13.5,2025,2,2025-S2,Stable,88.3
z_36.0_-16.5,2025,2,2025-S2,Stable,88.4
z_36.0_-18.0,2025,2,2025-S2,Stable,87.9
z_36.0_-21.0,2025,2,2025-S2,Stable,88.1
z_36.0_-22.5,2025,2,2025-S2,Stable,95.6
z_36.0_-24.0,2025,2,2025-S2,Stable,88.1
z_36.0_-25.5,2025,2,2025-S2,Stable,83.2
z_36.0_-3.0,2025,2,2025-S2,Forte augmentation,41.4
z_36.0_-36.0,2025,2,2025-S2,Stable,86.4
z_36.0_-4.5,2025,2,2025-S2,Stable,60.9
z_36.0_-42.0,2025,2,2025-S2,Stable,88.2
z_36.0_-6.0,2025,2,2025-S2,Forte diminution,38.0
z_36.0_-7.5,2025,2,2025-S2,Stable,29.1
z_36.0_-9.0,2025,2,2025-S2,Forte diminution,39.9
z_36.0_0.0,2025,2,2025-S2,Stable,95.5
z_36.0_1.5,2025,2,2025-S2,Stable,91.3
z_36.0_10.5,2025,2,2025-S2,Stable,72.0
z_36.0_12.0,2025,2,2025-S2,Forte diminution,50.9
z_36.0_13.5,2025,2,2025-S2,Forte diminution,33.3
z_36.0_15.0,2025,2,2025-S2,Forte diminution,36.3
z_36.0_16.5,2025,2,2025-S2,Stable,97.0
z_36.0_18.0,2025,2,2025-S2,Stable,90.5
z_36.0_19.5,2025,2,2025-S2,Stable,84.4
z_36.0_21.0,2025,2,2025-S2,Stable,69.2
z_36.0_22.5,2025,2,2025-S2,Forte diminution,41.9
z_36.0_24.0,2025,2,2025-S2,Forte augmentation,42.5
z_36.0_25.5,2025,2,2025-S2,Forte diminution,47.6
z_36.0_27.0,2025,2,2025-S2,Forte augmentation,35.1
z_36.0_28.5,2025,2,2025-S2,Stable,80.0
z_36.0_3.0,2025,2,2025-S2,Stable,88.5
z_36.0_30.0,2025,2,2025-S2,Stable,95.5
z_36.0_34.5,2025,2,2025-S2,Stable,84.3
z_36.0_36.0,2025,2,2025-S2,Stable,82.8
z_36.0_4.5,2025,2,2025-S2,Stable,95.4
z_36.0_6.0,2025,2,2025-S2,Stable,91.0
z_36.0_7.5,2025,2,2025-S2,Stable,86.1
z_36.0_9.0,2025,2,2025-S2,Stable,85.3
z_37.5_-1.5,2025,2,2025-S2,Forte augmentation,40.1
z_37.5_-10.5,2025,2,2025-S2,Forte diminution,47.1
z_37.5_-12.0,2025,2,2025-S2,Stable,87.6
z_37.5_-13.5,2025,2,2025-S2,Stable,95.6
z_37.5_-16.5,2025,2,2025-S2,Stable,86.2
z_37.5_-19.5,2025,2,2025-S2,Stable,87.2
z_37.5_-21.0,2025,2,2025-S2,Stable,87.2
z_37.5_-22.5,2025,2,2025-S2,Stable,93.9
z_37.5_-24.0,2025,2,2025-S2,Stable,85.2
z_37.5_-25.5,2025,2,2025-S2,Stable,89.8
z_37.5_-27.0,2025,2,2025-S2,Stable,68.7
z_37.5_-28.5,2025,2,2025-S2,Stable,88.4
z_37.5_-30.0,2025,2,2025-S2,Stable,95.8
z_37.5_-31.5,2025,2,2025-S2,Stable,87.2
z_37.5_-39.0,2025,2,2025-S2,Stable,87.8
z_37.5_-9.0,2025,2,2025-S2,Forte diminution,39.8
z_37.5_0.0,2025,2,2025-S2,Stable,62.8
z_37.5_1.5,2025,2,2025-S2,Stable,96.0
z_37.5_10.5,2025,2,2025-S2,Stable,91.1
z_37.5_12.0,2025,2,2025-S2,Forte augmentation,41.1
z_37.5_13.5,2025,2,2025-S2,Stable,43.9
z_37.5_15.0,2025,2,2025-S2,Forte diminution,37.8
z_37.5_16.5,2025,2,2025-S2,Stable,70.0
z_37.5_18.0,2025,2,2025-S2,Stable,88.4
z_37.5_19.5,2025,2,2025-S2,Forte diminution,47.3
z_37.5_21.0,2025,2,2025-S2,Forte diminution,33.4
z_37.5_22.5,2025,2,2025-S2,Stable,42.0
z_37.5_24.0,2025,2,2025-S2,Stable,36.2
z_37.5_25.5,2025,2,2025-S2,Stable,51.0
z_37.5_27.0,2025,2,2025-S2,Stable,87.3
z_37.5_3.0,2025,2,2025-S2,Stable,79.1
z_37.5_4.5,2025,2,2025-S2,Stable,89.9
z_37.5_6.0,2025,2,2025-S2,Stable,86.1
z_37.5_7.5,2025,2,2025-S2,Stable,92.1
z_37.5_9.0,2025,2,2025-S2,Stable,57.1
z_39.0_-1.5,2025,2,2025-S2,Forte augmentation,45.0
z_39.0_-10.5,2025,2,2025-S2,Stable,54.2
z_39.0_-12.0,2025,2,2025-S2,Stable,87.2
z_39.0_-15.0,2025,2,2025-S2,Stable,87.5
z_39.0_-16.5,2025,2,2025-S2,Stable,88.2
z_39.0_-18.0,2025,2,2025-S2,Stable,82.1
z_39.0_-28.5,2025,2,2025-S2,Stable,88.3
z_39.0_-31.5,2025,2,2025-S2,Stable,96.8
z_39.0_-39.0,2025,2,2025-S2,Stable,87.1
z_39.0_-9.0,2025,2,2025-S2,Stable,71.9
z_39.0_0.0,2025,2,2025-S2,Stable,57.6
z_39.0_1.5,2025,2,2025-S2,Stable,44.5
z_39.0_10.5,2025,2,2025-S2,Stable,90.9
z_39.0_12.0,2025,2,2025-S2,Stable,86.7
z_39.0_13.5,2025,2,2025-S2,Stable,89.6
z_39.0_15.0,2025,2,2025-S2,Stable,87.2
z_39.0_16.5,2025,2,2025-S2,Stable,57.5
z_39.0_18.0,2025,2,2025-S2,Stable,49.9
z_39.0_19.5,2025,2,2025-S2,Forte diminution,39.6
z_39.0_22.5,2025,2,2025-S2,Forte augmentation,35.4
z_39.0_24.0,2025,2,2025-S2,Stable,56.4
z_39.0_25.5,2025,2,2025-S2,Stable,60.0
z_39.0_27.0,2025,2,2025-S2,Stable,79.3
z_39.0_3.0,2025,2,2025-S2,Stable,53.0
z_39.0_4.5,2025,2,2025-S2,Stable,93.3
z_39.0_6.0,2025,2,2025-S2,Stable,92.5
z_39.0_7.5,2025,2,2025-S2,Stable,88.2
z_39.0_9.0,2025,2,2025-S2,Forte diminution,44.0
z_40.5_-10.5,2025,2,2025-S2,Stable,75.8
z_40.5_-12.0,2025,2,2025-S2,Stable,87.8
z_40.5_-21.0,2025,2,2025-S2,Stable,87.7
z_40.5_-22.5,2025,2,2025-S2,Stable,85.8
z_40.5_-36.0,2025,2,2025-S2,Stable,95.6
z_40.5_-37.5,2025,2,2025-S2,Stable,88.0
z_40.5_-9.0,2025,2,2025-S2,Forte diminution,39.8
z_40.5_0.0,2025,2,2025-S2,Forte diminution,49.3
z_40.5_1.5,2025,2,2025-S2,Forte augmentation,38.2
z_40.5_10.5,2025,2,2025-S2,Stable,91.4
z_40.5_12.0,2025,2,2025-S2,Stable,61.8
z_40.5_13.5,2025,2,2025-S2,Stable,33.0
z_40.5_15.0,2025,2,2025-S2,Stable,84.4
z_40.5_16.5,2025,2,2025-S2,Stable,50.9
z_40.5_18.0,2025,2,2025-S2,Stable,80.5
z_40.5_22.5,2025,2,2025-S2,Stable,53.4
z_40.5_24.0,2025,2,2025-S2,Stable,32.6
z_40.5_25.5,2025,2,2025-S2,Stable,59.9
z_40.5_27.0,2025,2,2025-S2,Stable,80.9
z_40.5_28.5,2025,2,2025-S2,Stable,45.5
z_40.5_3.0,2025,2,2025-S2,Forte diminution,39.6
z_40.5_30.0,2025,2,2025-S2,Stable,90.1
z_40.5_31.5,2025,2,2025-S2,Stable,92.4
z_40.5_36.0,2025,2,2025-S2,Stable,84.5
z_40.5_37.5,2025,2,2025-S2,Stable,85.2
z_40.5_4.5,2025,2,2025-S2,Stable,96.1
z_40.5_6.0,2025,2,2025-S2,Stable,88.6
z_40.5_7.5,2025,2,2025-S2,Stable,42.0
z_40.5_9.0,2025,2,2025-S2,Forte diminution,42.6
z_42.0_-10.5,2025,2,2025-S2,Forte augmentation,37.9
z_42.0_-12.0,2025,2,2025-S2,Stable,88.2
z_42.0_-19.5,2025,2,2025-S2,Stable,87.2
z_42.0_-24.0,2025,2,2025-S2,Stable,97.0
z_42.0_-28.5,2025,2,2025-S2,Stable,88.5
z_42.0_-3.0,2025,2,2025-S2,Stable,42.4
z_42.0_-36.0,2025,2,2025-S2,Stable,87.7
z_42.0_-39.0,2025,2,2025-S2,Stable,87.2
z_42.0_-4.5,2025,2,2025-S2,Stable,58.6
z_42.0_-6.0,2025,2,2025-S2,Stable,90.1
z_42.0_-9.0,2025,2,2025-S2,Forte augmentation,37.9
z_42.0_10.5,2025,2,2025-S2,Stable,57.2
z_42.0_13.5,2025,2,2025-S2,Forte diminution,34.2
z_42.0_15.0,2025,2,2025-S2,Forte diminution,38.6
z_42.0_16.5,2025,2,2025-S2,Stable,70.5
z_42.0_18.0,2025,2,2025-S2,Stable,95.9
z_42.0_27.0,2025,2,2025-S2,Stable,76.2
z_42.0_28.5,2025,2,2025-S2,Stable,92.5
z_42.0_3.0,2025,2,2025-S2,Forte diminution,35.7
z_42.0_33.0,2025,2,2025-S2,Stable,90.5
z_42.0_37.5,2025,2,2025-S2,Stable,89.0
z_42.0_4.5,2025,2,2025-S2,Stable,41.7
z_42.0_40.5,2025,2,2025-S2,Stable,85.2
z_42.0_6.0,2025,2,2025-S2,Stable,59.6
z_42.0_7.5,2025,2,2025-S2,Stable,83.8
z_42.0_9.0,2025,2,2025-S2,Stable,36.8
z_43.5_-1.5,2025,2,2025-S2,Stable,51.3
z_43.5_-10.5,2025,2,2025-S2,Stable,90.8
z_43.5_-12.0,2025,2,2025-S2,Stable,85.1
z_43.5_-28.5,2025,2,2025-S2,Stable,86.9
z_43.5_-3.0,2025,2,2025-S2,Stable,41.7
z_43.5_-33.0,2025,2,2025-S2,Stable,96.1
z_43.5_-34.5,2025,2,2025-S2,Stable,88.5
z_43.5_-4.5,2025,2,2025-S2,Forte diminution,42.7
z_43.5_-40.5,2025,2,2025-S2,Stable,86.9
z_43.5_-6.0,2025,2,2025-S2,Forte diminution,52.6
z_43.5_-7.5,2025,2,2025-S2,Stable,50.2
z_43.5_-9.0,2025,2,2025-S2,Stable,42.9
z_43.5_12.0,2025,2,2025-S2,Stable,37.7
z_43.5_13.5,2025,2,2025-S2,Stable,43.5
z_43.5_15.0,2025,2,2025-S2,Stable,57.6
z_43.5_28.5,2025,2,2025-S2,Stable,87.2
z_43.5_30.0,2025,2,2025-S2,Stable,89.1
z_43.5_36.0,2025,2,2025-S2,Stable,95.0
z_43.5_37.5,2025,2,2025-S2,Stable,88.7
z_43.5_39.0,2025,2,2025-S2,Stable,88.6
z_43.5_6.0,2025,2,2025-S2,Stable,96.8
z_43.5_7.5,2025,2,2025-S2,Forte diminution,49.8
z_43.5_9.0,2025,2,2025-S2,Forte diminution,48.0
z_45.0_-1.5,2025,2,2025-S2,Forte augmentation,41.8
z_45.0_-10.5,2025,2,2025-S2,Stable,88.1
z_45.0_-12.0,2025,2,2025-S2,Stable,87.6
z_45.0_-13.5,2025,2,2025-S2,Stable,88.5
z_45.0_-19.5,2025,2,2025-S2,Stable,88.4
z_45.0_-22.5,2025,2,2025-S2,Stable,88.6
z_45.0_-3.0,2025,2,2025-S2,Forte diminution,44.1
z_45.0_-36.0,2025,2,2025-S2,Stable,88.6
z_45.0_-4.5,2025,2,2025-S2,Stable,84.4
z_45.0_-42.0,2025,2,2025-S2,Stable,88.8
z_45.0_-6.0,2025,2,2025-S2,Stable,90.6
z_45.0_-7.5,2025,2,2025-S2,Stable,94.5
z_45.0_-9.0,2025,2,2025-S2,Stable,83.3
z_45.0_12.0,2025,2,2025-S2,Stable,35.9
z_45.0_13.5,2025,2,2025-S2,Forte diminution,29.4
z_45.0_28.5,2025,2,2025-S2,Stable,84.1
z_45.0_30.0,2025,2,2025-S2,Stable,74.6
z_45.0_31.5,2025,2,2025-S2,Stable,83.7
z_45.0_34.5,2025,2,2025-S2,Stable,87.8
z_45.0_36.0,2025,2,2025-S2,Stable,93.6
z_46.5_-10.5,2025,2,2025-S2,Stable,88.6
z_46.5_-12.0,2025,2,2025-S2,Stable,88.2
z_46.5_-13.5,2025,2,2025-S2,Stable,88.7
z_46.5_-19.5,2025,2,2025-S2,Stable,87.8
z_46.5_-21.0,2025,2,2025-S2,Stable,88.7
z_46.5_-25.5,2025,2,2025-S2,Stable,87.6
z_46.5_-3.0,2025,2,2025-S2,Forte diminution,45.1
z_46.5_-31.5,2025,2,2025-S2,Stable,88.7
z_46.5_-36.0,2025,2,2025-S2,Stable,85.8
z_46.5_-4.5,2025,2,2025-S2,Forte diminution,32.7
z_46.5_-6.0,2025,2,2025-S2,Forte diminution,39.0
z_46.5_-7.5,2025,2,2025-S2,Stable,75.2
z_46.5_-9.0,2025,2,2025-S2,Stable,92.6
z_46.5_30.0,2025,2,2025-S2,Stable,63.3
z_46.5_31.5,2025,2,2025-S2,Stable,82.2
z_46.5_36.0,2025,2,2025-S2,Stable,89.4
z_46.5_37.5,2025,2,2025-S2,Stable,88.6
z_46.5_39.0,2025,2,2025-S2,Stable,81.4
z_48.0_-1.5,2025,2,2025-S2,Forte diminution,44.8
z_48.0_-10.5,2025,2,2025-S2,Stable,94.5
z_48.0_-12.0,2025,2,2025-S2,Stable,88.6
z_48.0_-13.5,2025,2,2025-S2,Stable,88.5
z_48.0_-15.0,2025,2,2025-S2,Stable,90.8
z_48.0_-18.0,2025,2,2025-S2,Stable,88.5
z_48.0_-19.5,2025,2,2025-S2,Stable,86.1
z_48.0_-21.0,2025,2,2025-S2,Stable,88.7
z_48.0_-24.0,2025,2,2025-S2,Stable,85.3
z_48.0_-25.5,2025,2,2025-S2,Stable,87.6
z_48.0_-28.5,2025,2,2025-S2,Stable,88.6
z_48.0_-3.0,2025,2,2025-S2,Stable,57.5
z_48.0_-30.0,2025,2,2025-S2,Stable,92.0
z_48.0_-4.5,2025,2,2025-S2,Stable,40.5
z_48.0_-40.5,2025,2,2025-S2,Stable,87.9
z_48.0_-6.0,2025,2,2025-S2,Forte diminution,40.5
z_48.0_-7.5,2025,2,2025-S2,Stable,48.0
z_48.0_-9.0,2025,2,2025-S2,Forte diminution,45.4
z_49.5_-1.5,2025,2,2025-S2,Faible diminution,38.8
z_49.5_-10.5,2025,2,2025-S2,Stable,88.6
z_49.5_-12.0,2025,2,2025-S2,Stable,82.9
z_49.5_-13.5,2025,2,2025-S2,Stable,88.5
z_49.5_-15.0,2025,2,2025-S2,Stable,88.6
z_49.5_-16.5,2025,2,2025-S2,Stable,89.5
z_49.5_-18.0,2025,2,2025-S2,Stable,87.8
z_49.5_-19.5,2025,2,2025-S2,Stable,87.8
z_49.5_-21.0,2025,2,2025-S2,Stable,88.1
z_49.5_-24.0,2025,2,2025-S2,Stable,88.7
z_49.5_-3.0,2025,2,2025-S2,Stable,38.3
z_49.5_-30.0,2025,2,2025-S2,Stable,88.7
z_49.5_-4.5,2025,2,2025-S2,Stable,52.7
z_49.5_-6.0,2025,2,2025-S2,Stable,48.3
z_49.5_-7.5,2025,2,2025-S2,Stable,74.3
z_49.5_-9.0,2025,2,2025-S2,Stable,52.8
z_49.5_0.0,2025,2,2025-S2,Forte diminution,31.6
z_49.5_1.5,2025,2,2025-S2,Stable,86.7
z_51.0_-10.5,2025,2,2025-S2,Stable,47.7
z_51.0_-12.0,2025,2,2025-S2,Stable,58.2
z_51.0_-13.5,2025,2,2025-S2,Stable,92.1
z_51.0_-15.0,2025,2,2025-S2,Stable,93.3
z_51.0_-16.5,2025,2,2025-S2,Stable,90.0
z_51.0_-18.0,2025,2,2025-S2,Stable,89.1
z_51.0_-19.5,2025,2,2025-S2,Stable,88.6
z_51.0_-21.0,2025,2,2025-S2,Stable,85.8
z_51.0_-25.5,2025,2,2025-S2,Stable,88.7
z_51.0_-27.0,2025,2,2025-S2,Stable,88.3
z_51.0_-4.5,2025,2,2025-S2,Stable,71.4
z_51.0_-6.0,2025,2,2025-S2,Stable,40.1
z_51.0_-7.5,2025,2,2025-S2,Forte diminution,44.5
z_51.0_-9.0,2025,2,2025-S2,Stable,76.7
z_51.0_0.0,2025,2,2025-S2,Forte diminution,31.1
z_51.0_1.5,2025,2,2025-S2,Forte diminution,29.3
z_51.0_3.0,2025,2,2025-S2,Stable,30.8
z_52.5_-1.5,2025,2,2025-S2,Forte augmentation,37.6
z_52.5_-10.5,2025,2,2025-S2,Stable,66.6
z_52.5_-12.0,2025,2,2025-S2,Stable,85.5
z_52.5_-13.5,2025,2,2025-S2,Stable,90.6
z_52.5_-15.0,2025,2,2025-S2,Stable,96.8
z_52.5_-19.5,2025,2,2025-S2,Stable,87.2
z_52.5_-21.0,2025,2,2025-S2,Stable,88.4
z_52.5_-4.5,2025,2,2025-S2,Stable,48.7
z_52.5_-6.0,2025,2,2025-S2,Forte diminution,37.3
z_52.5_-7.5,2025,2,2025-S2,Forte diminution,56.4
z_52.5_0.0,2025,2,2025-S2,Stable,37.1
z_52.5_1.5,2025,2,2025-S2,Stable,81.0
z_52.5_13.5,2025,2,2025-S2,Forte diminution,39.2
z_52.5_3.0,2025,2,2025-S2,Stable,44.0
z_52.5_4.5,2025,2,2025-S2,Forte augmentation,29.1
z_52.5_6.0,2025,2,2025-S2,Faible diminution,26.4
z_52.5_7.5,2025,2,2025-S2,Faible augmentation,31.1
z_52.5_9.0,2025,2,2025-S2,Stable,57.0
z_54.0_-1.5,2025,2,2025-S2,Stable,76.1
z_54.0_-10.5,2025,2,2025-S2,Stable,93.4
z_54.0_-12.0,2025,2,2025-S2,Stable,73.5
z_54.0_-13.5,2025,2,2025-S2,Stable,87.1
z_54.0_-15.0,2025,2,2025-S2,Stable,81.3
z_54.0_-16.5,2025,2,2025-S2,Stable,86.4
z_54.0_-4.5,2025,2,2025-S2,Stable,51.4
z_54.0_-6.0,2025,2,2025-S2,Stable,85.9
z_54.0_-7.5,2025,2,2025-S2,Stable,76.8
z_54.0_-9.0,2025,2,2025-S2,Stable,91.9
z_54.0_0.0,2025,2,2025-S2,Stable,64.6
z_54.0_1.5,2025,2,2025-S2,Stable,84.8
z_54.0_10.5,2025,2,2025-S2,Stable,30.9
z_54.0_12.0,2025,2,2025-S2,Forte diminution,29.3
z_54.0_13.5,2025,2,2025-S2,Forte diminution,30.6
z_54.0_15.0,2025,2,2025-S2,Stable,58.8
z_54.0_16.5,2025,2,2025-S2,Stable,82.5
z_54.0_18.0,2025,2,2025-S2,Stable,28.7
z_54.0_19.5,2025,2,2025-S2,Stable,94.7
z_54.0_3.0,2025,2,2025-S2,Stable,86.1
z_54.0_4.5,2025,2,2025-S2,Stable,52.9
z_54.0_6.0,2025,2,2025-S2,Stable,91.4
z_54.0_7.5,2025,2,2025-S2,Stable,29.7
z_54.0_9.0,2025,2,2025-S2,Forte diminution,39.1
z_55.5_-1.5,2025,2,2025-S2,Stable,92.4
z_55.5_-10.5,2025,2,2025-S2,Stable,81.3
z_55.5_-12.0,2025,2,2025-S2,Stable,87.9
z_55.5_-15.0,2025,2,2025-S2,Stable,92.4
z_55.5_-3.0,2025,2,2025-S2,Stable,83.7
z_55.5_-39.0,2025,2,2025-S2,Stable,88.7
z_55.5_-4.5,2025,2,2025-S2,Stable,92.8
z_55.5_-6.0,2025,2,2025-S2,Stable,77.5
z_55.5_-7.5,2025,2,2025-S2,Stable,95.5
z_55.5_-9.0,2025,2,2025-S2,Stable,90.8
z_55.5_0.0,2025,2,2025-S2,Stable,94.8
z_55.5_1.5,2025,2,2025-S2,Stable,83.8
z_55.5_10.5,2025,2,2025-S2,Forte augmentation,28.7
z_55.5_12.0,2025,2,2025-S2,Forte diminution,36.6
z_55.5_13.5,2025,2,2025-S2,Stable,82.5
z_55.5_15.0,2025,2,2025-S2,Stable,56.4
z_55.5_16.5,2025,2,2025-S2,Stable,65.5
z_55.5_18.0,2025,2,2025-S2,Stable,92.5
z_55.5_19.5,2025,2,2025-S2,Stable,60.2
z_55.5_21.0,2025,2,2025-S2,Forte diminution,32.4
z_55.5_3.0,2025,2,2025-S2,Stable,93.8
z_55.5_4.5,2025,2,2025-S2,Stable,79.6
z_55.5_6.0,2025,2,2025-S2,Stable,45.1
z_55.5_7.5,2025,2,2025-S2,Forte augmentation,33.1
z_55.5_9.0,2025,2,2025-S2,Forte augmentation,30.0
z_57.0_-1.5,2025,2,2025-S2,Stable,88.7
z_57.0_-10.5,2025,2,2025-S2,Stable,86.7
z_57.0_-13.5,2025,2,2025-S2,Stable,83.6
z_57.0_-15.0,2025,2,2025-S2,Stable,92.9
z_57.0_-24.0,2025,2,2025-S2,Stable,82.7
z_57.0_-28.5,2025,2,2025-S2,Stable,83.7
z_57.0_-3.0,2025,2,2025-S2,Stable,50.5
z_57.0_-4.5,2025,2,2025-S2,Stable,97.9
z_57.0_-6.0,2025,2,2025-S2,Stable,80.3
z_57.0_-7.5,2025,2,2025-S2,Stable,88.6
z_57.0_-9.0,2025,2,2025-S2,Stable,92.7
z_57.0_0.0,2025,2,2025-S2,Stable,87.5
z_57.0_1.5,2025,2,2025-S2,Stable,88.5
z_57.0_10.5,2025,2,2025-S2,Faible diminution,30.2
z_57.0_12.0,2025,2,2025-S2,Stable,68.5
z_57.0_16.5,2025,2,2025-S2,Stable,47.0
z_57.0_18.0,2025,2,2025-S2,Stable,60.9
z_57.0_19.5,2025,2,2025-S2,Stable,91.3
z_57.0_21.0,2025,2,2025-S2,Stable,93.9
z_57.0_22.5,2025,2,2025-S2,Forte diminution,47.7
z_57.0_24.0,2025,2,2025-S2,Stable,96.1
z_57.0_3.0,2025,2,2025-S2,Stable,93.4
z_57.0_4.5,2025,2,2025-S2,Stable,56.6
z_57.0_6.0,2025,2,2025-S2,Stable,55.3
z_57.0_7.5,2025,2,2025-S2,Stable,38.2
z_57.0_9.0,2025,2,2025-S2,Stable,42.2
z_58.5_-1.5,2025,2,2025-S2,Stable,94.5
z_58.5_-10.5,2025,2,2025-S2,Stable,97.1
z_58.5_-12.0,2025,2,2025-S2,Stable,88.2
z_58.5_-15.0,2025,2,2025-S2,Stable,86.6
z_58.5_-19.5,2025,2,2025-S2,Stable,78.1
z_58.5_-24.0,2025,2,2025-S2,Stable,88.3
z_58.5_-3.0,2025,2,2025-S2,Stable,88.8
z_58.5_-31.5,2025,2,2025-S2,Stable,89.3
z_58.5_-4.5,2025,2,2025-S2,Stable,93.3
z_58.5_-6.0,2025,2,2025-S2,Stable,95.5
z_58.5_-7.5,2025,2,2025-S2,Stable,89.6
z_58.5_-9.0,2025,2,2025-S2,Stable,97.2
z_58.5_0.0,2025,2,2025-S2,Stable,93.4
z_58.5_1.5,2025,2,2025-S2,Stable,85.1
z_58.5_10.5,2025,2,2025-S2,Forte augmentation,38.1
z_58.5_15.0,2025,2,2025-S2,Stable,76.3
z_58.5_16.5,2025,2,2025-S2,Forte augmentation,42.5
z_58.5_18.0,2025,2,2025-S2,Forte diminution,32.9
z_58.5_19.5,2025,2,2025-S2,Stable,44.8
z_58.5_21.0,2025,2,2025-S2,Stable,51.8
z_58.5_22.5,2025,2,2025-S2,Stable,52.1
z_58.5_24.0,2025,2,2025-S2,Forte diminution,44.5
z_58.5_25.5,2025,2,2025-S2,Stable,76.3
z_58.5_27.0,2025,2,2025-S2,Stable,94.1
z_58.5_28.5,2025,2,2025-S2,Stable,96.4
z_58.5_3.0,2025,2,2025-S2,Stable,52.8
z_58.5_4.5,2025,2,2025-S2,Forte diminution,41.4
z_58.5_6.0,2025,2,2025-S2,Stable,95.9
z_58.5_7.5,2025,2,2025-S2,Stable,87.5
z_58.5_9.0,2025,2,2025-S2,Stable,46.9
z_60.0_-1.5,2025,2,2025-S2,Stable,94.6
z_60.0_-10.5,2025,2,2025-S2,Stable,92.0
z_60.0_-12.0,2025,2,2025-S2,Stable,82.4
z_60.0_-27.0,2025,2,2025-S2,Stable,87.0
z_60.0_-3.0,2025,2,2025-S2,Stable,89.5
z_60.0_-31.5,2025,2,2025-S2,Stable,94.2
z_60.0_-4.5,2025,2,2025-S2,Stable,86.6
z_60.0_-6.0,2025,2,2025-S2,Stable,91.7
z_60.0_-7.5,2025,2,2025-S2,Stable,96.7
z_60.0_-9.0,2025,2,2025-S2,Stable,88.9
z_60.0_0.0,2025,2,2025-S2,Stable,94.5
z_60.0_1.5,2025,2,2025-S2,Stable,48.3
z_60.0_16.5,2025,2,2025-S2,Stable,89.3
z_60.0_18.0,2025,2,2025-S2,Stable,79.3
z_60.0_19.5,2025,2,2025-S2,Stable,96.5
z_60.0_21.0,2025,2,2025-S2,Forte diminution,44.6
z_60.0_24.0,2025,2,2025-S2,Stable,54.5
z_60.0_25.5,2025,2,2025-S2,Forte diminution,40.0
z_60.0_27.0,2025,2,2025-S2,Stable,94.1
z_60.0_28.5,2025,2,2025-S2,Stable,90.0
z_60.0_3.0,2025,2,2025-S2,Stable,84.4
z_60.0_4.5,2025,2,2025-S2,Stable,33.6
z_60.0_6.0,2025,2,2025-S2,Stable,65.6
z_61.5_-1.5,2025,2,2025-S2,Stable,89.4
z_61.5_-10.5,2025,2,2025-S2,Stable,91.1
z_61.5_-12.0,2025,2,2025-S2,Stable,75.9
z_61.5_-13.5,2025,2,2025-S2,Stable,87.6
z_61.5_-16.5,2025,2,2025-S2,Stable,87.7
z_61.5_-18.0,2025,2,2025-S2,Stable,88.6
z_61.5_-27.0,2025,2,2025-S2,Stable,88.5
z_61.5_-7.5,2025,2,2025-S2,Stable,92.5
z_61.5_-9.0,2025,2,2025-S2,Stable,89.3
z_61.5_0.0,2025,2,2025-S2,Stable,79.4
z_61.5_1.5,2025,2,2025-S2,Stable,98.5
z_61.5_16.5,2025,2,2025-S2,Stable,84.5
z_61.5_18.0,2025,2,2025-S2,Stable,76.7
z_61.5_19.5,2025,2,2025-S2,Stable,91.4
z_61.5_21.0,2025,2,2025-S2,Stable,95.2
z_61.5_3.0,2025,2,2025-S2,Stable,85.5
z_61.5_4.5,2025,2,2025-S2,Stable,33.0
z_61.5_6.0,2025,2,2025-S2,Forte augmentation,53.1
z_61.5_7.5,2025,2,2025-S2,Stable,85.6
z_63.0_-1.5,2025,2,2025-S2,Stable,77.6
z_63.0_-10.5,2025,2,2025-S2,Stable,83.5
z_63.0_-12.0,2025,2,2025-S2,Stable,87.4
z_63.0_-13.5,2025,2,2025-S2,Stable,94.1
z_63.0_-15.0,2025,2,2025-S2,Stable,91.7
z_63.0_-16.5,2025,2,2025-S2,Stable,92.4
z_63.0_-18.0,2025,2,2025-S2,Stable,81.0
z_63.0_-19.5,2025,2,2025-S2,Stable,85.0
z_63.0_-21.0,2025,2,2025-S2,Stable,83.1
z_63.0_-22.5,2025,2,2025-S2,Stable,59.6
z_63.0_-24.0,2025,2,2025-S2,Stable,56.7
z_63.0_-25.5,2025,2,2025-S2,Stable,90.1
z_63.0_-27.0,2025,2,2025-S2,Stable,92.3
z_63.0_-36.0,2025,2,2025-S2,Stable,92.1
z_63.0_-39.0,2025,2,2025-S2,Stable,92.9
z_63.0_-7.5,2025,2,2025-S2,Stable,87.7
z_63.0_-9.0,2025,2,2025-S2,Stable,88.4
z_63.0_0.0,2025,2,2025-S2,Stable,87.3
z_63.0_10.5,2025,2,2025-S2,Stable,84.6
z_63.0_18.0,2025,2,2025-S2,Stable,70.1
z_63.0_19.5,2025,2,2025-S2,Stable,86.0
z_63.0_21.0,2025,2,2025-S2,Stable,79.9
z_63.0_22.5,2025,2,2025-S2,Stable,87.0
z_63.0_3.0,2025,2,2025-S2,Stable,89.8
z_63.0_4.5,2025,2,2025-S2,Stable,59.3
z_63.0_6.0,2025,2,2025-S2,Stable,96.2
z_63.0_7.5,2025,2,2025-S2,Forte diminution,46.2
z_63.0_9.0,2025,2,2025-S2,Forte diminution,52.7
z_64.5_-10.5,2025,2,2025-S2,Stable,89.3
z_64.5_-12.0,2025,2,2025-S2,Stable,92.4
z_64.5_-13.5,2025,2,2025-S2,Stable,94.1
z_64.5_-15.0,2025,2,2025-S2,Stable,85.9
z_64.5_-19.5,2025,2,2025-S2,Stable,88.6
z_64.5_-21.0,2025,2,2025-S2,Stable,87.5
z_64.5_-22.5,2025,2,2025-S2,Stable,79.0
z_64.5_-24.0,2025,2,2025-S2,Stable,80.1
z_64.5_-25.5,2025,2,2025-S2,Stable,89.7
z_64.5_-27.0,2025,2,2025-S2,Stable,83.1
z_64.5_-28.5,2025,2,2025-S2,Stable,88.6
z_64.5_-3.0,2025,2,2025-S2,Stable,89.6
z_64.5_-33.0,2025,2,2025-S2,Stable,88.6
z_64.5_-37.5,2025,2,2025-S2,Stable,92.4
z_64.5_-6.0,2025,2,2025-S2,Stable,88.5
z_64.5_0.0,2025,2,2025-S2,Stable,90.9
z_64.5_10.5,2025,2,2025-S2,Stable,41.6
z_64.5_12.0,2025,2,2025-S2,Forte diminution,50.1
z_64.5_21.0,2025,2,2025-S2,Forte diminution,49.4
z_64.5_22.5,2025,2,2025-S2,Stable,88.5
z_64.5_24.0,2025,2,2025-S2,Stable,65.2
z_64.5_3.0,2025,2,2025-S2,Stable,87.1
z_64.5_34.5,2025,2,2025-S2,Stable,87.6
z_64.5_39.0,2025,2,2025-S2,Stable,80.6
z_64.5_4.5,2025,2,2025-S2,Stable,87.5
z_64.5_6.0,2025,2,2025-S2,Stable,80.9
z_64.5_7.5,2025,2,2025-S2,Stable,80.9
z_64.5_9.0,2025,2,2025-S2,Stable,93.5
z_66.0_-1.5,2025,2,2025-S2,Stable,88.8
z_66.0_-12.0,2025,2,2025-S2,Stable,88.2
z_66.0_-13.5,2025,2,2025-S2,Stable,92.8
z_66.0_-15.0,2025,2,2025-S2,Stable,93.5
z_66.0_-16.5,2025,2,2025-S2,Stable,94.1
z_66.0_-18.0,2025,2,2025-S2,Stable,94.9
z_66.0_-19.5,2025,2,2025-S2,Stable,89.7
z_66.0_-21.0,2025,2,2025-S2,Stable,93.8
z_66.0_-22.5,2025,2,2025-S2,Stable,91.4
z_66.0_-24.0,2025,2,2025-S2,Stable,63.7
z_66.0_-25.5,2025,2,2025-S2,Stable,90.1
z_66.0_-27.0,2025,2,2025-S2,Stable,92.4
z_66.0_-3.0,2025,2,2025-S2,Stable,86.6
z_66.0_1.5,2025,2,2025-S2,Stable,84.5
z_66.0_10.5,2025,2,2025-S2,Stable,86.3
z_66.0_12.0,2025,2,2025-S2,Forte diminution,42.4
z_66.0_13.5,2025,2,2025-S2,Stable,46.4
z_66.0_15.0,2025,2,2025-S2,Stable,86.8
z_66.0_4.5,2025,2,2025-S2,Stable,86.2
z_66.0_6.0,2025,2,2025-S2,Stable,86.1
z_66.0_7.5,2025,2,2025-S2,Stable,97.0
z_66.0_9.0,2025,2,2025-S2,Stable,85.6
z_67.5_-1.5,2025,2,2025-S2,Stable,85.4
z_67.5_-16.5,2025,2,2025-S2,Stable,86.8
z_67.5_0.0,2025,2,2025-S2,Stable,81.1
z_67.5_10.5,2025,2,2025-S2,Stable,73.7
z_67.5_12.0,2025,2,2025-S2,Stable,74.8
z_67.5_13.5,2025,2,2025-S2,Stable,54.2
z_67.5_15.0,2025,2,2025-S2,Forte diminution,44.4
z_67.5_16.5,2025,2,2025-S2,Stable,51.2
z_67.5_4.5,2025,2,2025-S2,Stable,86.9
z_67.5_6.0,2025,2,2025-S2,Stable,87.8
z_67.5_9.0,2025,2,2025-S2,Stable,87.0
z_69.0_-18.0,2025,2,2025-S2,Stable,86.7
z_69.0_13.5,2025,2,2025-S2,Stable,81.4
z_69.0_15.0,2025,2,2025-S2,Stable,48.3
z_69.0_16.5,2025,2,2025-S2,Forte diminution,44.0
z_69.0_18.0,2025,2,2025-S2,Stable,52.4
z_69.0_19.5,2025,2,2025-S2,Stable,72.5
z_69.0_21.0,2025,2,2025-S2,Stable,56.4
z_69.0_22.5,2025,2,2025-S2,Stable,82.5
z_69.0_24.0,2025,2,2025-S2,Stable,93.9
z_69.0_28.5,2025,2,2025-S2,Stable,94.5
z_69.0_30.0,2025,2,2025-S2,Stable,88.9
z_69.0_33.0,2025,2,2025-S2,Stable,91.0
z_69.0_42.0,2025,2,2025-S2,Stable,89.5
z_69.0_6.0,2025,2,2025-S2,Stable,88.6
z_69.0_67.5,2025,2,2025-S2,Stable,81.1
z_70.5_-12.0,2025,2,2025-S2,Stable,88.6
z_70.5_0.0,2025,2,2025-S2,Stable,88.2
z_70.5_10.5,2025,2,2025-S2,Stable,85.8
z_70.5_13.5,2025,2,2025-S2,Stable,84.8
z_70.5_15.0,2025,2,2025-S2,Stable,93.2
z_70.5_16.5,2025,2,2025-S2,Stable,89.3
z_70.5_18.0,2025,2,2025-S2,Stable,91.2
z_70.5_19.5,2025,2,2025-S2,Stable,90.6
z_70.5_21.0,2025,2,2025-S2,Stable,88.4
z_70.5_22.5,2025,2,2025-S2,Stable,63.7
z_70.5_24.0,2025,2,2025-S2,Stable,63.6
z_70.5_25.5,2025,2,2025-S2,Stable,87.0
z_70.5_27.0,2025,2,2025-S2,Stable,89.4
z_70.5_28.5,2025,2,2025-S2,Stable,87.3
z_70.5_30.0,2025,2,2025-S2,Stable,66.1
z_70.5_33.0,2025,2,2025-S2,Stable,90.8
z_70.5_36.0,2025,2,2025-S2,Stable,92.4
z_72.0_1.5,2025,2,2025-S2,Stable,86.0
z_72.0_13.5,2025,2,2025-S2,Stable,89.0
z_72.0_15.0,2025,2,2025-S2,Stable,91.5
z_72.0_16.5,2025,2,2025-S2,Stable,91.9
z_72.0_18.0,2025,2,2025-S2,Stable,86.5
z_72.0_19.5,2025,2,2025-S2,Stable,82.4
z_72.0_22.5,2025,2,2025-S2,Stable,84.0
z_72.0_24.0,2025,2,2025-S2,Stable,90.5
z_72.0_25.5,2025,2,2025-S2,Stable,89.8
z_72.0_28.5,2025,2,2025-S2,Stable,98.1
z_72.0_30.0,2025,2,2025-S2,Stable,90.6
z_72.0_34.5,2025,2,2025-S2,Stable,88.6
z_73.5_1.5,2025,2,2025-S2,Stable,87.6
z_73.5_16.5,2025,2,2025-S2,Stable,94.1
z_73.5_18.0,2025,2,2025-S2,Stable,97.4
z_73.5_19.5,2025,2,2025-S2,Stable,93.0
z_73.5_21.0,2025,2,2025-S2,Stable,90.8
z_73.5_22.5,2025,2,2025-S2,Stable,94.7
z_73.5_25.5,2025,2,2025-S2,Stable,86.3
z_73.5_28.5,2025,2,2025-S2,Stable,90.2
z_73.5_30.0,2025,2,2025-S2,Stable,93.1
z_73.5_31.5,2025,2,2025-S2,Stable,83.5
z_73.5_33.0,2025,2,2025-S2,Stable,86.1
z_73.5_34.5,2025,2,2025-S2,Stable,95.0
z_73.5_36.0,2025,2,2025-S2,Stable,84.1
z_73.5_51.0,2025,2,2025-S2,Stable,87.8
z_75.0_16.5,2025,2,2025-S2,Stable,90.8
z_75.0_18.0,2025,2,2025-S2,Stable,93.2
z_75.0_19.5,2025,2,2025-S2,Stable,92.4
z_75.0_22.5,2025,2,2025-S2,Stable,92.7
z_75.0_25.5,2025,2,2025-S2,Stable,87.5
z_75.0_30.0,2025,2,2025-S2,Stable,95.0
z_75.0_31.5,2025,2,2025-S2,Stable,93.9
z_75.0_33.0,2025,2,2025-S2,Stable,86.3
z_75.0_34.5,2025,2,2025-S2,Stable,91.5
z_75.0_36.0,2025,2,2025-S2,Stable,91.5
z_75.0_39.0,2025,2,2025-S2,Stable,94.1
z_75.0_40.5,2025,2,2025-S2,Stable,91.3
z_76.5_13.5,2025,2,2025-S2,Stable,77.7
z_76.5_19.5,2025,2,2025-S2,Stable,88.4
z_76.5_31.5,2025,2,2025-S2,Stable,90.8
z_76.5_33.0,2025,2,2025-S2,Stable,91.3
z_76.5_36.0,2025,2,2025-S2,Stable,92.3
z_76.5_37.5,2025,2,2025-S2,Stable,88.6
z_76.5_40.5,2025,2,2025-S2,Stable,88.2
z_76.5_9.0,2025,2,2025-S2,Stable,90.5
z_78.0_10.5,2025,2,2025-S2,Stable,95.2
z_78.0_12.0,2025,2,2025-S2,Stable,85.4
z_78.0_13.5,2025,2,2025-S2,Stable,89.3
z_78.0_15.0,2025,2,2025-S2,Stable,79.2
z_78.0_22.5,2025,2,2025-S2,Stable,88.6
z_78.0_33.0,2025,2,2025-S2,Stable,83.7
z_79.5_10.5,2025,2,2025-S2,Stable,91.7
z_79.5_13.5,2025,2,2025-S2,Stable,87.8
z_79.5_16.5,2025,2,2025-S2,Stable,90.9
z_79.5_19.5,2025,2,2025-S2,Stable,85.1
z_79.5_27.0,2025,2,2025-S2,Stable,88.6
z_79.5_31.5,2025,2,2025-S2,Stable,86.1
z_24.0_-18.0,2026,1,2026-S1,Stable,92.9
z_24.0_-19.5,2026,1,2026-S1,Stable,95.7
z_24.0_-22.5,2026,1,2026-S1,Stable,93.5
z_24.0_-24.0,2026,1,2026-S1,Stable,91.1
z_24.0_-39.0,2026,1,2026-S1,Stable,93.1
z_25.5_-15.0,2026,1,2026-S1,Stable,93.2
z_25.5_-16.5,2026,1,2026-S1,Stable,87.9
z_25.5_-18.0,2026,1,2026-S1,Stable,92.7
z_25.5_-39.0,2026,1,2026-S1,Stable,90.7
z_27.0_-15.0,2026,1,2026-S1,Stable,92.1
z_27.0_-16.5,2026,1,2026-S1,Forte diminution,43.2
z_27.0_-18.0,2026,1,2026-S1,Stable,91.3
z_27.0_-37.5,2026,1,2026-S1,Stable,91.7
z_28.5_-12.0,2026,1,2026-S1,Stable,93.3
z_28.5_-13.5,2026,1,2026-S1,Stable,96.2
z_28.5_-15.0,2026,1,2026-S1,Stable,65.5
z_28.5_-16.5,2026,1,2026-S1,Stable,60.0
z_28.5_-18.0,2026,1,2026-S1,Stable,90.7
z_28.5_-21.0,2026,1,2026-S1,Stable,92.1
z_28.5_-28.5,2026,1,2026-S1,Stable,92.9
z_28.5_-33.0,2026,1,2026-S1,Stable,92.3
z_28.5_-34.5,2026,1,2026-S1,Stable,93.5
z_28.5_-36.0,2026,1,2026-S1,Stable,94.0
z_30.0_-10.5,2026,1,2026-S1,Stable,95.6
z_30.0_-12.0,2026,1,2026-S1,Stable,92.1
z_30.0_-13.5,2026,1,2026-S1,Stable,94.4
z_30.0_-15.0,2026,1,2026-S1,Stable,96.8
z_30.0_-18.0,2026,1,2026-S1,Stable,93.3
z_30.0_-33.0,2026,1,2026-S1,Stable,93.0
z_30.0_-36.0,2026,1,2026-S1,Stable,93.5
z_30.0_-37.5,2026,1,2026-S1,Stable,91.1
z_30.0_-39.0,2026,1,2026-S1,Stable,93.5
z_30.0_-42.0,2026,1,2026-S1,Stable,93.1
z_30.0_28.5,2026,1,2026-S1,Stable,71.1
z_30.0_30.0,2026,1,2026-S1,Stable,95.7
z_30.0_31.5,2026,1,2026-S1,Stable,65.6
z_31.5_-10.5,2026,1,2026-S1,Stable,93.0
z_31.5_-12.0,2026,1,2026-S1,Stable,93.6
z_31.5_-15.0,2026,1,2026-S1,Stable,92.4
z_31.5_-18.0,2026,1,2026-S1,Stable,85.9
z_31.5_-33.0,2026,1,2026-S1,Stable,92.8
z_31.5_-39.0,2026,1,2026-S1,Stable,93.6
z_31.5_13.5,2026,1,2026-S1,Stable,93.3
z_31.5_15.0,2026,1,2026-S1,Stable,92.6
z_31.5_19.5,2026,1,2026-S1,Stable,93.3
z_31.5_24.0,2026,1,2026-S1,Stable,91.3
z_31.5_25.5,2026,1,2026-S1,Stable,91.5
z_31.5_27.0,2026,1,2026-S1,Stable,90.3
z_31.5_28.5,2026,1,2026-S1,Stable,91.1
z_31.5_30.0,2026,1,2026-S1,Stable,92.9
z_31.5_31.5,2026,1,2026-S1,Stable,97.6
z_31.5_33.0,2026,1,2026-S1,Stable,93.6
z_31.5_34.5,2026,1,2026-S1,Stable,92.5
z_33.0_-10.5,2026,1,2026-S1,Stable,92.5
z_33.0_-13.5,2026,1,2026-S1,Stable,96.2
z_33.0_-16.5,2026,1,2026-S1,Stable,93.1
z_33.0_-28.5,2026,1,2026-S1,Stable,92.2
z_33.0_-34.5,2026,1,2026-S1,Stable,89.9
z_33.0_-7.5,2026,1,2026-S1,Stable,90.8
z_33.0_-9.0,2026,1,2026-S1,Stable,52.2
z_33.0_10.5,2026,1,2026-S1,Stable,97.0
z_33.0_12.0,2026,1,2026-S1,Stable,92.0
z_33.0_13.5,2026,1,2026-S1,Stable,92.2
z_33.0_18.0,2026,1,2026-S1,Stable,91.5
z_33.0_19.5,2026,1,2026-S1,Stable,93.6
z_33.0_21.0,2026,1,2026-S1,Stable,91.1
z_33.0_22.5,2026,1,2026-S1,Stable,91.2
z_33.0_24.0,2026,1,2026-S1,Stable,93.6
z_33.0_25.5,2026,1,2026-S1,Stable,94.0
z_33.0_28.5,2026,1,2026-S1,Stable,91.8
z_33.0_31.5,2026,1,2026-S1,Stable,89.3
z_33.0_33.0,2026,1,2026-S1,Stable,86.6
z_33.0_34.5,2026,1,2026-S1,Stable,93.0
z_33.0_9.0,2026,1,2026-S1,Stable,93.8
z_34.5_-1.5,2026,1,2026-S1,Stable,93.0
z_34.5_-10.5,2026,1,2026-S1,Stable,93.6
z_34.5_-12.0,2026,1,2026-S1,Stable,92.8
z_34.5_-15.0,2026,1,2026-S1,Stable,96.0
z_34.5_-18.0,2026,1,2026-S1,Stable,92.5
z_34.5_-22.5,2026,1,2026-S1,Stable,87.7
z_34.5_-3.0,2026,1,2026-S1,Stable,94.6
z_34.5_-30.0,2026,1,2026-S1,Stable,91.1
z_34.5_-36.0,2026,1,2026-S1,Stable,92.9
z_34.5_-37.5,2026,1,2026-S1,Stable,92.6
z_34.5_-39.0,2026,1,2026-S1,Stable,96.6
z_34.5_-4.5,2026,1,2026-S1,Stable,87.0
z_34.5_-6.0,2026,1,2026-S1,Stable,61.7
z_34.5_-7.5,2026,1,2026-S1,Stable,71.6
z_34.5_-9.0,2026,1,2026-S1,Stable,93.5
z_34.5_0.0,2026,1,2026-S1,Stable,94.5
z_34.5_10.5,2026,1,2026-S1,Stable,93.3
z_34.5_12.0,2026,1,2026-S1,Stable,70.2
z_34.5_13.5,2026,1,2026-S1,Faible augmentation,35.1
z_34.5_15.0,2026,1,2026-S1,Stable,93.1
z_34.5_16.5,2026,1,2026-S1,Stable,98.0
z_34.5_18.0,2026,1,2026-S1,Stable,93.3
z_34.5_19.5,2026,1,2026-S1,Stable,92.2
z_34.5_21.0,2026,1,2026-S1,Stable,91.9
z_34.5_22.5,2026,1,2026-S1,Stable,73.3
z_34.5_24.0,2026,1,2026-S1,Forte diminution,42.4
z_34.5_25.5,2026,1,2026-S1,Stable,86.2
z_34.5_27.0,2026,1,2026-S1,Stable,81.0
z_34.5_28.5,2026,1,2026-S1,Stable,93.0
z_34.5_30.0,2026,1,2026-S1,Stable,92.9
z_34.5_31.5,2026,1,2026-S1,Stable,76.3
z_34.5_33.0,2026,1,2026-S1,Stable,43.7
z_34.5_34.5,2026,1,2026-S1,Stable,91.8
z_36.0_-1.5,2026,1,2026-S1,Stable,94.8
z_36.0_-10.5,2026,1,2026-S1,Stable,51.5
z_36.0_-12.0,2026,1,2026-S1,Stable,87.2
z_36.0_-13.5,2026,1,2026-S1,Stable,92.8
z_36.0_-16.5,2026,1,2026-S1,Stable,92.8
z_36.0_-18.0,2026,1,2026-S1,Stable,94.3
z_36.0_-21.0,2026,1,2026-S1,Stable,92.9
z_36.0_-22.5,2026,1,2026-S1,Stable,95.7
z_36.0_-24.0,2026,1,2026-S1,Stable,93.5
z_36.0_-25.5,2026,1,2026-S1,Stable,89.3
z_36.0_-3.0,2026,1,2026-S1,Stable,44.1
z_36.0_-36.0,2026,1,2026-S1,Stable,94.3
z_36.0_-4.5,2026,1,2026-S1,Stable,76.3
z_36.0_-42.0,2026,1,2026-S1,Stable,93.0
z_36.0_-6.0,2026,1,2026-S1,Forte augmentation,48.1
z_36.0_-7.5,2026,1,2026-S1,Forte augmentation,41.1
z_36.0_-9.0,2026,1,2026-S1,Stable,46.7
z_36.0_0.0,2026,1,2026-S1,Stable,94.3
z_36.0_1.5,2026,1,2026-S1,Stable,91.3
z_36.0_10.5,2026,1,2026-S1,Stable,79.5
z_36.0_12.0,2026,1,2026-S1,Forte diminution,48.7
z_36.0_13.5,2026,1,2026-S1,Stable,35.1
z_36.0_15.0,2026,1,2026-S1,Stable,39.5
z_36.0_16.5,2026,1,2026-S1,Stable,97.1
z_36.0_18.0,2026,1,2026-S1,Stable,93.1
z_36.0_19.5,2026,1,2026-S1,Stable,96.2
z_36.0_21.0,2026,1,2026-S1,Stable,79.4
z_36.0_22.5,2026,1,2026-S1,Forte diminution,39.9
z_36.0_24.0,2026,1,2026-S1,Forte diminution,34.8
z_36.0_25.5,2026,1,2026-S1,Forte diminution,35.5
z_36.0_27.0,2026,1,2026-S1,Stable,34.8
z_36.0_28.5,2026,1,2026-S1,Stable,87.0
z_36.0_3.0,2026,1,2026-S1,Stable,91.9
z_36.0_30.0,2026,1,2026-S1,Stable,94.8
z_36.0_34.5,2026,1,2026-S1,Stable,85.9
z_36.0_36.0,2026,1,2026-S1,Stable,82.7
z_36.0_4.5,2026,1,2026-S1,Stable,91.6
z_36.0_6.0,2026,1,2026-S1,Stable,92.1
z_36.0_7.5,2026,1,2026-S1,Stable,92.5
z_36.0_9.0,2026,1,2026-S1,Stable,65.7
z_37.5_-1.5,2026,1,2026-S1,Forte augmentation,39.2
z_37.5_-10.5,2026,1,2026-S1,Forte diminution,31.8
z_37.5_-12.0,2026,1,2026-S1,Stable,94.0
z_37.5_-13.5,2026,1,2026-S1,Stable,92.2
z_37.5_-16.5,2026,1,2026-S1,Stable,93.3
z_37.5_-19.5,2026,1,2026-S1,Stable,93.9
z_37.5_-21.0,2026,1,2026-S1,Stable,93.9
z_37.5_-22.5,2026,1,2026-S1,Stable,97.4
z_37.5_-24.0,2026,1,2026-S1,Stable,93.7
z_37.5_-25.5,2026,1,2026-S1,Stable,97.4
z_37.5_-27.0,2026,1,2026-S1,Stable,55.0
z_37.5_-28.5,2026,1,2026-S1,Stable,84.7
z_37.5_-30.0,2026,1,2026-S1,Stable,95.2
z_37.5_-31.5,2026,1,2026-S1,Stable,93.9
z_37.5_-39.0,2026,1,2026-S1,Stable,92.6
z_37.5_-9.0,2026,1,2026-S1,Forte diminution,37.7
z_37.5_0.0,2026,1,2026-S1,Stable,48.3
z_37.5_1.5,2026,1,2026-S1,Stable,94.8
z_37.5_10.5,2026,1,2026-S1,Stable,92.3
z_37.5_12.0,2026,1,2026-S1,Forte diminution,51.7
z_37.5_13.5,2026,1,2026-S1,Stable,45.7
z_37.5_15.0,2026,1,2026-S1,Forte diminution,52.5
z_37.5_16.5,2026,1,2026-S1,Stable,73.4
z_37.5_18.0,2026,1,2026-S1,Stable,93.1
z_37.5_19.5,2026,1,2026-S1,Forte diminution,40.4
z_37.5_21.0,2026,1,2026-S1,Forte diminution,33.2
z_37.5_22.5,2026,1,2026-S1,Faible diminution,33.8
z_37.5_24.0,2026,1,2026-S1,Forte augmentation,25.7
z_37.5_25.5,2026,1,2026-S1,Stable,56.7
z_37.5_27.0,2026,1,2026-S1,Stable,88.9
z_37.5_3.0,2026,1,2026-S1,Stable,87.3
z_37.5_4.5,2026,1,2026-S1,Stable,87.3
z_37.5_6.0,2026,1,2026-S1,Stable,94.3
z_37.5_7.5,2026,1,2026-S1,Stable,96.1
z_37.5_9.0,2026,1,2026-S1,Stable,77.2
z_39.0_-1.5,2026,1,2026-S1,Forte diminution,50.7
z_39.0_-10.5,2026,1,2026-S1,Stable,42.2
z_39.0_-12.0,2026,1,2026-S1,Stable,93.9
z_39.0_-15.0,2026,1,2026-S1,Stable,93.9
z_39.0_-16.5,2026,1,2026-S1,Stable,93.0
z_39.0_-18.0,2026,1,2026-S1,Stable,89.5
z_39.0_-28.5,2026,1,2026-S1,Stable,92.8
z_39.0_-31.5,2026,1,2026-S1,Stable,99.2
z_39.0_-39.0,2026,1,2026-S1,Stable,91.9
z_39.0_-9.0,2026,1,2026-S1,Stable,60.2
z_39.0_0.0,2026,1,2026-S1,Stable,61.2
z_39.0_1.5,2026,1,2026-S1,Stable,43.0
z_39.0_10.5,2026,1,2026-S1,Stable,89.6
z_39.0_12.0,2026,1,2026-S1,Stable,86.2
z_39.0_13.5,2026,1,2026-S1,Stable,97.0
z_39.0_15.0,2026,1,2026-S1,Stable,80.5
z_39.0_16.5,2026,1,2026-S1,Stable,61.3
z_39.0_18.0,2026,1,2026-S1,Stable,56.4
z_39.0_19.5,2026,1,2026-S1,Forte diminution,33.6
z_39.0_22.5,2026,1,2026-S1,Forte augmentation,34.7
z_39.0_24.0,2026,1,2026-S1,Stable,55.2
z_39.0_25.5,2026,1,2026-S1,Stable,48.7
z_39.0_27.0,2026,1,2026-S1,Stable,86.6
z_39.0_3.0,2026,1,2026-S1,Stable,74.5
z_39.0_4.5,2026,1,2026-S1,Stable,94.4
z_39.0_6.0,2026,1,2026-S1,Stable,93.7
z_39.0_7.5,2026,1,2026-S1,Stable,88.4
z_39.0_9.0,2026,1,2026-S1,Stable,47.7
z_40.5_-10.5,2026,1,2026-S1,Stable,72.6
z_40.5_-12.0,2026,1,2026-S1,Stable,92.6
z_40.5_-21.0,2026,1,2026-S1,Stable,93.4
z_40.5_-22.5,2026,1,2026-S1,Stable,94.3
z_40.5_-36.0,2026,1,2026-S1,Stable,92.6
z_40.5_-37.5,2026,1,2026-S1,Stable,92.5
z_40.5_-9.0,2026,1,2026-S1,Forte diminution,44.5
z_40.5_0.0,2026,1,2026-S1,Stable,42.2
z_40.5_1.5,2026,1,2026-S1,Forte diminution,34.8
z_40.5_10.5,2026,1,2026-S1,Stable,92.8
z_40.5_12.0,2026,1,2026-S1,Stable,61.0
z_40.5_13.5,2026,1,2026-S1,Stable,38.3
z_40.5_15.0,2026,1,2026-S1,Stable,86.2
z_40.5_16.5,2026,1,2026-S1,Forte augmentation,55.7
z_40.5_18.0,2026,1,2026-S1,Stable,89.8
z_40.5_22.5,2026,1,2026-S1,Stable,66.8
z_40.5_24.0,2026,1,2026-S1,Stable,34.9
z_40.5_25.5,2026,1,2026-S1,Stable,70.1
z_40.5_27.0,2026,1,2026-S1,Stable,88.4
z_40.5_28.5,2026,1,2026-S1,Stable,56.2
z_40.5_3.0,2026,1,2026-S1,Forte diminution,52.9
z_40.5_30.0,2026,1,2026-S1,Stable,91.3
z_40.5_31.5,2026,1,2026-S1,Stable,93.0
z_40.5_36.0,2026,1,2026-S1,Stable,85.5
z_40.5_37.5,2026,1,2026-S1,Stable,94.0
z_40.5_4.5,2026,1,2026-S1,Stable,92.9
z_40.5_6.0,2026,1,2026-S1,Stable,93.5
z_40.5_7.5,2026,1,2026-S1,Forte diminution,47.4
z_40.5_9.0,2026,1,2026-S1,Stable,52.0
z_42.0_-10.5,2026,1,2026-S1,Forte diminution,41.6
z_42.0_-12.0,2026,1,2026-S1,Stable,93.0
z_42.0_-19.5,2026,1,2026-S1,Stable,93.9
z_42.0_-24.0,2026,1,2026-S1,Stable,97.2
z_42.0_-28.5,2026,1,2026-S1,Stable,93.3
z_42.0_-3.0,2026,1,2026-S1,Stable,60.4
z_42.0_-36.0,2026,1,2026-S1,Stable,96.6
z_42.0_-39.0,2026,1,2026-S1,Stable,93.9
z_42.0_-4.5,2026,1,2026-S1,Stable,50.5
z_42.0_-6.0,2026,1,2026-S1,Stable,92.3
z_42.0_-9.0,2026,1,2026-S1,Stable,53.9
z_42.0_10.5,2026,1,2026-S1,Stable,48.9
z_42.0_13.5,2026,1,2026-S1,Stable,42.2
z_42.0_15.0,2026,1,2026-S1,Forte augmentation,36.0
z_42.0_16.5,2026,1,2026-S1,Stable,65.2
z_42.0_18.0,2026,1,2026-S1,Stable,95.7
z_42.0_27.0,2026,1,2026-S1,Stable,62.1
z_42.0_28.5,2026,1,2026-S1,Stable,87.1
z_42.0_3.0,2026,1,2026-S1,Forte augmentation,41.7
z_42.0_33.0,2026,1,2026-S1,Stable,89.6
z_42.0_37.5,2026,1,2026-S1,Stable,93.9
z_42.0_4.5,2026,1,2026-S1,Forte augmentation,44.1
z_42.0_40.5,2026,1,2026-S1,Stable,90.2
z_42.0_6.0,2026,1,2026-S1,Stable,46.2
z_42.0_7.5,2026,1,2026-S1,Stable,96.1
z_42.0_9.0,2026,1,2026-S1,Forte diminution,48.9
z_43.5_-1.5,2026,1,2026-S1,Stable,42.2
z_43.5_-10.5,2026,1,2026-S1,Stable,90.8
z_43.5_-12.0,2026,1,2026-S1,Stable,91.8
z_43.5_-28.5,2026,1,2026-S1,Stable,91.2
z_43.5_-3.0,2026,1,2026-S1,Stable,62.0
z_43.5_-33.0,2026,1,2026-S1,Stable,94.2
z_43.5_-34.5,2026,1,2026-S1,Stable,93.3
z_43.5_-4.5,2026,1,2026-S1,Stable,40.9
z_43.5_-40.5,2026,1,2026-S1,Stable,93.6
z_43.5_-6.0,2026,1,2026-S1,Forte diminution,61.9
z_43.5_-7.5,2026,1,2026-S1,Stable,47.3
z_43.5_-9.0,2026,1,2026-S1,Forte diminution,43.7
z_43.5_12.0,2026,1,2026-S1,Forte augmentation,45.3
z_43.5_13.5,2026,1,2026-S1,Stable,59.2
z_43.5_15.0,2026,1,2026-S1,Stable,63.0
z_43.5_28.5,2026,1,2026-S1,Stable,65.2
z_43.5_30.0,2026,1,2026-S1,Stable,95.9
z_43.5_36.0,2026,1,2026-S1,Stable,92.9
z_43.5_37.5,2026,1,2026-S1,Stable,90.9
z_43.5_39.0,2026,1,2026-S1,Stable,93.8
z_43.5_6.0,2026,1,2026-S1,Stable,88.5
z_43.5_7.5,2026,1,2026-S1,Forte diminution,47.7
z_43.5_9.0,2026,1,2026-S1,Forte diminution,46.4
z_45.0_-1.5,2026,1,2026-S1,Stable,42.2
z_45.0_-10.5,2026,1,2026-S1,Stable,92.9
z_45.0_-12.0,2026,1,2026-S1,Stable,92.5
z_45.0_-13.5,2026,1,2026-S1,Stable,93.3
z_45.0_-19.5,2026,1,2026-S1,Stable,94.8
z_45.0_-22.5,2026,1,2026-S1,Stable,90.8
z_45.0_-3.0,2026,1,2026-S1,Forte diminution,38.1
z_45.0_-36.0,2026,1,2026-S1,Stable,93.5
z_45.0_-4.5,2026,1,2026-S1,Stable,69.3
z_45.0_-42.0,2026,1,2026-S1,Stable,93.6
z_45.0_-6.0,2026,1,2026-S1,Stable,93.0
z_45.0_-7.5,2026,1,2026-S1,Stable,96.1
z_45.0_-9.0,2026,1,2026-S1,Stable,81.1
z_45.0_12.0,2026,1,2026-S1,Forte diminution,34.9
z_45.0_13.5,2026,1,2026-S1,Forte diminution,36.1
z_45.0_28.5,2026,1,2026-S1,Stable,85.5
z_45.0_30.0,2026,1,2026-S1,Stable,77.8
z_45.0_31.5,2026,1,2026-S1,Stable,89.5
z_45.0_34.5,2026,1,2026-S1,Stable,92.9
z_45.0_36.0,2026,1,2026-S1,Stable,90.0
z_46.5_-10.5,2026,1,2026-S1,Stable,85.8
z_46.5_-12.0,2026,1,2026-S1,Stable,94.2
z_46.5_-13.5,2026,1,2026-S1,Stable,93.5
z_46.5_-19.5,2026,1,2026-S1,Stable,92.5
z_46.5_-21.0,2026,1,2026-S1,Stable,93.5
z_46.5_-25.5,2026,1,2026-S1,Stable,92.5
z_46.5_-3.0,2026,1,2026-S1,Forte augmentation,34.6
z_46.5_-31.5,2026,1,2026-S1,Stable,93.1
z_46.5_-36.0,2026,1,2026-S1,Stable,93.9
z_46.5_-4.5,2026,1,2026-S1,Stable,34.2
z_46.5_-6.0,2026,1,2026-S1,Stable,35.8
z_46.5_-7.5,2026,1,2026-S1,Stable,61.7
z_46.5_-9.0,2026,1,2026-S1,Stable,93.2
z_46.5_30.0,2026,1,2026-S1,Stable,69.4
z_46.5_31.5,2026,1,2026-S1,Stable,88.8
z_46.5_36.0,2026,1,2026-S1,Stable,90.3
z_46.5_37.5,2026,1,2026-S1,Stable,93.5
z_46.5_39.0,2026,1,2026-S1,Stable,88.5
z_48.0_-1.5,2026,1,2026-S1,Forte augmentation,45.7
z_48.0_-10.5,2026,1,2026-S1,Stable,90.5
z_48.0_-12.0,2026,1,2026-S1,Stable,92.0
z_48.0_-13.5,2026,1,2026-S1,Stable,93.3
z_48.0_-15.0,2026,1,2026-S1,Stable,90.0
z_48.0_-18.0,2026,1,2026-S1,Stable,93.3
z_48.0_-19.5,2026,1,2026-S1,Stable,90.8
z_48.0_-21.0,2026,1,2026-S1,Stable,93.1
z_48.0_-24.0,2026,1,2026-S1,Stable,92.1
z_48.0_-25.5,2026,1,2026-S1,Stable,92.5
z_48.0_-28.5,2026,1,2026-S1,Stable,93.5
z_48.0_-3.0,2026,1,2026-S1,Stable,61.8
z_48.0_-30.0,2026,1,2026-S1,Stable,95.6
z_48.0_-4.5,2026,1,2026-S1,Forte diminution,36.3
z_48.0_-40.5,2026,1,2026-S1,Stable,92.8
z_48.0_-6.0,2026,1,2026-S1,Forte diminution,38.7
z_48.0_-7.5,2026,1,2026-S1,Stable,72.4
z_48.0_-9.0,2026,1,2026-S1,Stable,55.3
z_49.5_-1.5,2026,1,2026-S1,Faible diminution,31.9
z_49.5_-10.5,2026,1,2026-S1,Stable,92.4
z_49.5_-12.0,2026,1,2026-S1,Stable,84.4
z_49.5_-13.5,2026,1,2026-S1,Stable,93.3
z_49.5_-15.0,2026,1,2026-S1,Stable,93.5
z_49.5_-16.5,2026,1,2026-S1,Stable,96.9
z_49.5_-18.0,2026,1,2026-S1,Stable,96.3
z_49.5_-19.5,2026,1,2026-S1,Stable,92.8
z_49.5_-21.0,2026,1,2026-S1,Stable,92.9
z_49.5_-24.0,2026,1,2026-S1,Stable,93.1
z_49.5_-3.0,2026,1,2026-S1,Forte augmentation,38.4
z_49.5_-30.0,2026,1,2026-S1,Stable,93.1
z_49.5_-4.5,2026,1,2026-S1,Stable,66.9
z_49.5_-6.0,2026,1,2026-S1,Stable,57.2
z_49.5_-7.5,2026,1,2026-S1,Stable,79.9
z_49.5_-9.0,2026,1,2026-S1,Stable,75.6
z_49.5_0.0,2026,1,2026-S1,Forte diminution,28.8
z_49.5_1.5,2026,1,2026-S1,Stable,91.7
z_51.0_-10.5,2026,1,2026-S1,Stable,62.0
z_51.0_-12.0,2026,1,2026-S1,Stable,53.5
z_51.0_-13.5,2026,1,2026-S1,Stable,78.4
z_51.0_-15.0,2026,1,2026-S1,Stable,94.2
z_51.0_-16.5,2026,1,2026-S1,Stable,94.4
z_51.0_-18.0,2026,1,2026-S1,Stable,95.9
z_51.0_-19.5,2026,1,2026-S1,Stable,93.5
z_51.0_-21.0,2026,1,2026-S1,Stable,90.4
z_51.0_-25.5,2026,1,2026-S1,Stable,93.5
z_51.0_-27.0,2026,1,2026-S1,Stable,92.8
z_51.0_-4.5,2026,1,2026-S1,Stable,79.9
z_51.0_-6.0,2026,1,2026-S1,Forte diminution,53.2
z_51.0_-7.5,2026,1,2026-S1,Forte augmentation,35.9
z_51.0_-9.0,2026,1,2026-S1,Stable,81.0
z_51.0_0.0,2026,1,2026-S1,Stable,40.2
z_51.0_1.5,2026,1,2026-S1,Forte diminution,49.8
z_51.0_3.0,2026,1,2026-S1,Stable,32.4
z_52.5_-1.5,2026,1,2026-S1,Stable,44.8
z_52.5_-10.5,2026,1,2026-S1,Stable,74.2
z_52.5_-12.0,2026,1,2026-S1,Stable,93.5
z_52.5_-13.5,2026,1,2026-S1,Stable,92.4
z_52.5_-15.0,2026,1,2026-S1,Stable,98.7
z_52.5_-19.5,2026,1,2026-S1,Stable,94.2
z_52.5_-21.0,2026,1,2026-S1,Stable,92.9
z_52.5_-4.5,2026,1,2026-S1,Stable,54.2
z_52.5_-6.0,2026,1,2026-S1,Stable,50.2
z_52.5_-7.5,2026,1,2026-S1,Stable,40.0
z_52.5_0.0,2026,1,2026-S1,Forte diminution,44.9
z_52.5_1.5,2026,1,2026-S1,Stable,48.6
z_52.5_13.5,2026,1,2026-S1,Forte augmentation,39.9
z_52.5_3.0,2026,1,2026-S1,Stable,52.7
z_52.5_4.5,2026,1,2026-S1,Forte diminution,38.1
z_52.5_6.0,2026,1,2026-S1,Forte diminution,45.5
z_52.5_7.5,2026,1,2026-S1,Forte diminution,27.5
z_52.5_9.0,2026,1,2026-S1,Stable,40.7
z_54.0_-1.5,2026,1,2026-S1,Stable,62.5
z_54.0_-10.5,2026,1,2026-S1,Stable,88.3
z_54.0_-12.0,2026,1,2026-S1,Stable,79.8
z_54.0_-13.5,2026,1,2026-S1,Stable,92.3
z_54.0_-15.0,2026,1,2026-S1,Stable,88.7
z_54.0_-16.5,2026,1,2026-S1,Stable,94.5
z_54.0_-4.5,2026,1,2026-S1,Stable,64.6
z_54.0_-6.0,2026,1,2026-S1,Stable,88.8
z_54.0_-7.5,2026,1,2026-S1,Stable,61.4
z_54.0_-9.0,2026,1,2026-S1,Stable,90.1
z_54.0_0.0,2026,1,2026-S1,Stable,72.0
z_54.0_1.5,2026,1,2026-S1,Stable,86.8
z_54.0_10.5,2026,1,2026-S1,Faible augmentation,58.1
z_54.0_12.0,2026,1,2026-S1,Forte diminution,28.3
z_54.0_13.5,2026,1,2026-S1,Forte diminution,37.5
z_54.0_15.0,2026,1,2026-S1,Stable,63.9
z_54.0_16.5,2026,1,2026-S1,Stable,85.6
z_54.0_18.0,2026,1,2026-S1,Forte diminution,33.6
z_54.0_19.5,2026,1,2026-S1,Stable,94.3
z_54.0_3.0,2026,1,2026-S1,Stable,92.7
z_54.0_4.5,2026,1,2026-S1,Stable,84.7
z_54.0_6.0,2026,1,2026-S1,Stable,80.3
z_54.0_7.5,2026,1,2026-S1,Faible diminution,39.6
z_54.0_9.0,2026,1,2026-S1,Forte diminution,43.0
z_55.5_-1.5,2026,1,2026-S1,Stable,93.1
z_55.5_-10.5,2026,1,2026-S1,Stable,89.8
z_55.5_-12.0,2026,1,2026-S1,Stable,92.8
z_55.5_-15.0,2026,1,2026-S1,Stable,88.7
z_55.5_-3.0,2026,1,2026-S1,Stable,87.1
z_55.5_-39.0,2026,1,2026-S1,Stable,93.1
z_55.5_-4.5,2026,1,2026-S1,Stable,93.8
z_55.5_-6.0,2026,1,2026-S1,Stable,59.7
z_55.5_-7.5,2026,1,2026-S1,Stable,91.5
z_55.5_-9.0,2026,1,2026-S1,Stable,91.9
z_55.5_0.0,2026,1,2026-S1,Stable,94.0
z_55.5_1.5,2026,1,2026-S1,Stable,98.1
z_55.5_10.5,2026,1,2026-S1,Forte augmentation,39.3
z_55.5_12.0,2026,1,2026-S1,Faible diminution,40.3
z_55.5_13.5,2026,1,2026-S1,Stable,62.8
z_55.5_15.0,2026,1,2026-S1,Stable,47.7
z_55.5_16.5,2026,1,2026-S1,Stable,70.8
z_55.5_18.0,2026,1,2026-S1,Stable,94.4
z_55.5_19.5,2026,1,2026-S1,Stable,66.3
z_55.5_21.0,2026,1,2026-S1,Forte diminution,33.4
z_55.5_3.0,2026,1,2026-S1,Stable,86.2
z_55.5_4.5,2026,1,2026-S1,Stable,77.8
z_55.5_6.0,2026,1,2026-S1,Stable,68.1
z_55.5_7.5,2026,1,2026-S1,Forte augmentation,40.5
z_55.5_9.0,2026,1,2026-S1,Stable,34.0
z_57.0_-1.5,2026,1,2026-S1,Stable,98.3
z_57.0_-10.5,2026,1,2026-S1,Stable,94.8
z_57.0_-13.5,2026,1,2026-S1,Stable,89.3
z_57.0_-15.0,2026,1,2026-S1,Stable,93.8
z_57.0_-24.0,2026,1,2026-S1,Stable,88.3
z_57.0_-28.5,2026,1,2026-S1,Stable,91.1
z_57.0_-3.0,2026,1,2026-S1,Stable,74.3
z_57.0_-4.5,2026,1,2026-S1,Stable,90.3
z_57.0_-6.0,2026,1,2026-S1,Stable,70.7
z_57.0_-7.5,2026,1,2026-S1,Stable,87.6
z_57.0_-9.0,2026,1,2026-S1,Stable,94.9
z_57.0_0.0,2026,1,2026-S1,Stable,94.8
z_57.0_1.5,2026,1,2026-S1,Stable,93.7
z_57.0_10.5,2026,1,2026-S1,Forte diminution,35.4
z_57.0_12.0,2026,1,2026-S1,Stable,60.6
z_57.0_16.5,2026,1,2026-S1,Forte diminution,52.2
z_57.0_18.0,2026,1,2026-S1,Stable,77.1
z_57.0_19.5,2026,1,2026-S1,Stable,83.3
z_57.0_21.0,2026,1,2026-S1,Stable,85.4
z_57.0_22.5,2026,1,2026-S1,Stable,61.4
z_57.0_24.0,2026,1,2026-S1,Stable,94.8
z_57.0_3.0,2026,1,2026-S1,Stable,87.1
z_57.0_4.5,2026,1,2026-S1,Stable,76.3
z_57.0_6.0,2026,1,2026-S1,Stable,69.4
z_57.0_7.5,2026,1,2026-S1,Stable,50.4
z_57.0_9.0,2026,1,2026-S1,Stable,48.4
z_58.5_-1.5,2026,1,2026-S1,Stable,87.2
z_58.5_-10.5,2026,1,2026-S1,Stable,97.8
z_58.5_-12.0,2026,1,2026-S1,Stable,93.2
z_58.5_-15.0,2026,1,2026-S1,Stable,93.6
z_58.5_-19.5,2026,1,2026-S1,Stable,86.7
z_58.5_-24.0,2026,1,2026-S1,Stable,92.8
z_58.5_-3.0,2026,1,2026-S1,Stable,94.6
z_58.5_-31.5,2026,1,2026-S1,Stable,91.4
z_58.5_-4.5,2026,1,2026-S1,Stable,92.3
z_58.5_-6.0,2026,1,2026-S1,Stable,94.2
z_58.5_-7.5,2026,1,2026-S1,Stable,93.5
z_58.5_-9.0,2026,1,2026-S1,Stable,95.8
z_58.5_0.0,2026,1,2026-S1,Stable,91.1
z_58.5_1.5,2026,1,2026-S1,Stable,93.5
z_58.5_10.5,2026,1,2026-S1,Forte diminution,41.9
z_58.5_15.0,2026,1,2026-S1,Stable,69.1
z_58.5_16.5,2026,1,2026-S1,Forte diminution,27.2
z_58.5_18.0,2026,1,2026-S1,Stable,29.8
z_58.5_19.5,2026,1,2026-S1,Stable,67.9
z_58.5_21.0,2026,1,2026-S1,Stable,58.8
z_58.5_22.5,2026,1,2026-S1,Stable,62.2
z_58.5_24.0,2026,1,2026-S1,Forte diminution,38.8
z_58.5_25.5,2026,1,2026-S1,Stable,79.8
z_58.5_27.0,2026,1,2026-S1,Stable,93.9
z_58.5_28.5,2026,1,2026-S1,Stable,97.5
z_58.5_3.0,2026,1,2026-S1,Stable,72.5
z_58.5_4.5,2026,1,2026-S1,Stable,35.3
z_58.5_6.0,2026,1,2026-S1,Stable,94.2
z_58.5_7.5,2026,1,2026-S1,Stable,86.8
z_58.5_9.0,2026,1,2026-S1,Stable,67.4
z_60.0_-1.5,2026,1,2026-S1,Stable,95.6
z_60.0_-10.5,2026,1,2026-S1,Stable,93.4
z_60.0_-12.0,2026,1,2026-S1,Stable,85.6
z_60.0_-27.0,2026,1,2026-S1,Stable,92.4
z_60.0_-3.0,2026,1,2026-S1,Stable,92.6
z_60.0_-31.5,2026,1,2026-S1,Stable,90.5
z_60.0_-4.5,2026,1,2026-S1,Stable,84.2
z_60.0_-6.0,2026,1,2026-S1,Stable,94.8
z_60.0_-7.5,2026,1,2026-S1,Stable,97.8
z_60.0_-9.0,2026,1,2026-S1,Stable,90.2
z_60.0_0.0,2026,1,2026-S1,Stable,91.8
z_60.0_1.5,2026,1,2026-S1,Stable,59.5
z_60.0_16.5,2026,1,2026-S1,Stable,81.4
z_60.0_18.0,2026,1,2026-S1,Stable,90.8
z_60.0_19.5,2026,1,2026-S1,Stable,93.0
z_60.0_21.0,2026,1,2026-S1,Stable,44.1
z_60.0_24.0,2026,1,2026-S1,Stable,68.6
z_60.0_25.5,2026,1,2026-S1,Forte diminution,53.6
z_60.0_27.0,2026,1,2026-S1,Stable,91.7
z_60.0_28.5,2026,1,2026-S1,Stable,87.7
z_60.0_3.0,2026,1,2026-S1,Stable,76.2
z_60.0_4.5,2026,1,2026-S1,Forte diminution,46.5
z_60.0_6.0,2026,1,2026-S1,Stable,93.0
z_61.5_-1.5,2026,1,2026-S1,Stable,90.8
z_61.5_-10.5,2026,1,2026-S1,Stable,92.7
z_61.5_-12.0,2026,1,2026-S1,Stable,84.2
z_61.5_-13.5,2026,1,2026-S1,Stable,93.7
z_61.5_-16.5,2026,1,2026-S1,Stable,91.8
z_61.5_-18.0,2026,1,2026-S1,Stable,93.5
z_61.5_-27.0,2026,1,2026-S1,Stable,93.3
z_61.5_-7.5,2026,1,2026-S1,Stable,84.9
z_61.5_-9.0,2026,1,2026-S1,Stable,90.8
z_61.5_0.0,2026,1,2026-S1,Stable,92.4
z_61.5_1.5,2026,1,2026-S1,Stable,91.4
z_61.5_16.5,2026,1,2026-S1,Stable,85.0
z_61.5_18.0,2026,1,2026-S1,Stable,82.9
z_61.5_19.5,2026,1,2026-S1,Stable,83.6
z_61.5_21.0,2026,1,2026-S1,Stable,92.8
z_61.5_3.0,2026,1,2026-S1,Stable,85.5
z_61.5_4.5,2026,1,2026-S1,Stable,37.8
z_61.5_6.0,2026,1,2026-S1,Stable,45.3
z_61.5_7.5,2026,1,2026-S1,Stable,88.7
z_63.0_-1.5,2026,1,2026-S1,Stable,85.3
z_63.0_-10.5,2026,1,2026-S1,Stable,90.3
z_63.0_-12.0,2026,1,2026-S1,Stable,91.2
z_63.0_-13.5,2026,1,2026-S1,Stable,93.3
z_63.0_-15.0,2026,1,2026-S1,Stable,93.0
z_63.0_-16.5,2026,1,2026-S1,Stable,90.7
z_63.0_-18.0,2026,1,2026-S1,Stable,88.0
z_63.0_-19.5,2026,1,2026-S1,Stable,87.5
z_63.0_-21.0,2026,1,2026-S1,Stable,79.1
z_63.0_-22.5,2026,1,2026-S1,Stable,47.3
z_63.0_-24.0,2026,1,2026-S1,Stable,72.5
z_63.0_-25.5,2026,1,2026-S1,Stable,93.4
z_63.0_-27.0,2026,1,2026-S1,Stable,92.8
z_63.0_-36.0,2026,1,2026-S1,Stable,95.0
z_63.0_-39.0,2026,1,2026-S1,Stable,92.1
z_63.0_-7.5,2026,1,2026-S1,Stable,95.7
z_63.0_-9.0,2026,1,2026-S1,Stable,92.9
z_63.0_0.0,2026,1,2026-S1,Stable,91.2
z_63.0_10.5,2026,1,2026-S1,Stable,90.0
z_63.0_18.0,2026,1,2026-S1,Stable,92.0
z_63.0_19.5,2026,1,2026-S1,Stable,72.1
z_63.0_21.0,2026,1,2026-S1,Stable,80.9
z_63.0_22.5,2026,1,2026-S1,Stable,86.1
z_63.0_3.0,2026,1,2026-S1,Stable,95.1
z_63.0_4.5,2026,1,2026-S1,Stable,67.7
z_63.0_6.0,2026,1,2026-S1,Stable,90.3
z_63.0_7.5,2026,1,2026-S1,Stable,40.7
z_63.0_9.0,2026,1,2026-S1,Forte diminution,46.1
z_64.5_-10.5,2026,1,2026-S1,Stable,92.9
z_64.5_-12.0,2026,1,2026-S1,Stable,94.3
z_64.5_-13.5,2026,1,2026-S1,Stable,94.4
z_64.5_-15.0,2026,1,2026-S1,Stable,86.5
z_64.5_-19.5,2026,1,2026-S1,Stable,93.5
z_64.5_-21.0,2026,1,2026-S1,Stable,86.7
z_64.5_-22.5,2026,1,2026-S1,Stable,80.7
z_64.5_-24.0,2026,1,2026-S1,Stable,71.4
z_64.5_-25.5,2026,1,2026-S1,Stable,77.1
z_64.5_-27.0,2026,1,2026-S1,Stable,86.9
z_64.5_-28.5,2026,1,2026-S1,Stable,92.7
z_64.5_-3.0,2026,1,2026-S1,Stable,93.2
z_64.5_-33.0,2026,1,2026-S1,Stable,93.5
z_64.5_-37.5,2026,1,2026-S1,Stable,89.8
z_64.5_-6.0,2026,1,2026-S1,Stable,92.1
z_64.5_0.0,2026,1,2026-S1,Stable,92.0
z_64.5_10.5,2026,1,2026-S1,Stable,48.9
z_64.5_12.0,2026,1,2026-S1,Forte diminution,51.1
z_64.5_21.0,2026,1,2026-S1,Forte diminution,45.4
z_64.5_22.5,2026,1,2026-S1,Stable,94.2
z_64.5_24.0,2026,1,2026-S1,Stable,68.2
z_64.5_3.0,2026,1,2026-S1,Stable,91.8
z_64.5_34.5,2026,1,2026-S1,Stable,94.0
z_64.5_39.0,2026,1,2026-S1,Stable,85.9
z_64.5_4.5,2026,1,2026-S1,Stable,92.6
z_64.5_6.0,2026,1,2026-S1,Stable,88.3
z_64.5_7.5,2026,1,2026-S1,Stable,93.4
z_64.5_9.0,2026,1,2026-S1,Stable,91.3
z_66.0_-1.5,2026,1,2026-S1,Stable,90.7
z_66.0_-12.0,2026,1,2026-S1,Stable,93.2
z_66.0_-13.5,2026,1,2026-S1,Stable,87.3
z_66.0_-15.0,2026,1,2026-S1,Stable,93.9
z_66.0_-16.5,2026,1,2026-S1,Stable,94.9
z_66.0_-18.0,2026,1,2026-S1,Stable,91.4
z_66.0_-19.5,2026,1,2026-S1,Stable,92.8
z_66.0_-21.0,2026,1,2026-S1,Stable,94.4
z_66.0_-22.5,2026,1,2026-S1,Stable,92.5
z_66.0_-24.0,2026,1,2026-S1,Stable,69.9
z_66.0_-25.5,2026,1,2026-S1,Stable,92.0
z_66.0_-27.0,2026,1,2026-S1,Stable,93.0
z_66.0_-3.0,2026,1,2026-S1,Stable,88.4
z_66.0_1.5,2026,1,2026-S1,Stable,89.5
z_66.0_10.5,2026,1,2026-S1,Stable,93.7
z_66.0_12.0,2026,1,2026-S1,Stable,45.9
z_66.0_13.5,2026,1,2026-S1,Stable,46.9
z_66.0_15.0,2026,1,2026-S1,Stable,83.5
z_66.0_4.5,2026,1,2026-S1,Stable,92.9
z_66.0_6.0,2026,1,2026-S1,Stable,94.4
z_66.0_7.5,2026,1,2026-S1,Stable,97.1
z_66.0_9.0,2026,1,2026-S1,Stable,94.6
z_67.5_-1.5,2026,1,2026-S1,Stable,91.6
z_67.5_-16.5,2026,1,2026-S1,Stable,91.1
z_67.5_0.0,2026,1,2026-S1,Stable,88.2
z_67.5_10.5,2026,1,2026-S1,Stable,84.2
z_67.5_12.0,2026,1,2026-S1,Stable,51.2
z_67.5_13.5,2026,1,2026-S1,Stable,68.1
z_67.5_15.0,2026,1,2026-S1,Stable,44.9
z_67.5_16.5,2026,1,2026-S1,Stable,61.3
z_67.5_4.5,2026,1,2026-S1,Stable,91.2
z_67.5_6.0,2026,1,2026-S1,Stable,92.5
z_67.5_9.0,2026,1,2026-S1,Stable,88.3
z_69.0_-18.0,2026,1,2026-S1,Stable,91.7
z_69.0_13.5,2026,1,2026-S1,Stable,91.5
z_69.0_15.0,2026,1,2026-S1,Stable,40.2
z_69.0_16.5,2026,1,2026-S1,Forte diminution,42.7
z_69.0_18.0,2026,1,2026-S1,Stable,57.2
z_69.0_19.5,2026,1,2026-S1,Stable,75.7
z_69.0_21.0,2026,1,2026-S1,Stable,77.1
z_69.0_22.5,2026,1,2026-S1,Stable,60.4
z_69.0_24.0,2026,1,2026-S1,Stable,94.3
z_69.0_28.5,2026,1,2026-S1,Stable,93.9
z_69.0_30.0,2026,1,2026-S1,Stable,87.7
z_69.0_33.0,2026,1,2026-S1,Stable,91.4
z_69.0_42.0,2026,1,2026-S1,Stable,93.6
z_69.0_6.0,2026,1,2026-S1,Stable,93.5
z_69.0_67.5,2026,1,2026-S1,Stable,88.1
z_70.5_-12.0,2026,1,2026-S1,Stable,93.8
z_70.5_0.0,2026,1,2026-S1,Stable,93.2
z_70.5_10.5,2026,1,2026-S1,Stable,90.4
z_70.5_13.5,2026,1,2026-S1,Stable,97.1
z_70.5_15.0,2026,1,2026-S1,Stable,94.4
z_70.5_16.5,2026,1,2026-S1,Stable,78.9
z_70.5_18.0,2026,1,2026-S1,Stable,94.4
z_70.5_19.5,2026,1,2026-S1,Stable,89.7
z_70.5_21.0,2026,1,2026-S1,Stable,86.0
z_70.5_22.5,2026,1,2026-S1,Stable,69.3
z_70.5_24.0,2026,1,2026-S1,Stable,67.7
z_70.5_25.5,2026,1,2026-S1,Stable,91.5
z_70.5_27.0,2026,1,2026-S1,Stable,89.5
z_70.5_28.5,2026,1,2026-S1,Stable,93.2
z_70.5_30.0,2026,1,2026-S1,Stable,44.6
z_70.5_33.0,2026,1,2026-S1,Stable,92.8
z_70.5_36.0,2026,1,2026-S1,Stable,92.6
z_72.0_1.5,2026,1,2026-S1,Stable,92.4
z_72.0_13.5,2026,1,2026-S1,Stable,91.9
z_72.0_15.0,2026,1,2026-S1,Stable,87.0
z_72.0_16.5,2026,1,2026-S1,Stable,94.1
z_72.0_18.0,2026,1,2026-S1,Stable,91.0
z_72.0_19.5,2026,1,2026-S1,Stable,92.0
z_72.0_22.5,2026,1,2026-S1,Stable,88.8
z_72.0_24.0,2026,1,2026-S1,Stable,93.8
z_72.0_25.5,2026,1,2026-S1,Stable,95.2
z_72.0_28.5,2026,1,2026-S1,Stable,97.1
z_72.0_30.0,2026,1,2026-S1,Stable,92.4
z_72.0_34.5,2026,1,2026-S1,Stable,92.4
z_73.5_1.5,2026,1,2026-S1,Stable,92.2
z_73.5_16.5,2026,1,2026-S1,Stable,94.0
z_73.5_18.0,2026,1,2026-S1,Stable,89.9
z_73.5_19.5,2026,1,2026-S1,Stable,92.9
z_73.5_21.0,2026,1,2026-S1,Stable,89.3
z_73.5_22.5,2026,1,2026-S1,Stable,94.6
z_73.5_25.5,2026,1,2026-S1,Stable,88.0
z_73.5_28.5,2026,1,2026-S1,Stable,91.9
z_73.5_30.0,2026,1,2026-S1,Stable,93.6
z_73.5_31.5,2026,1,2026-S1,Stable,89.6
z_73.5_33.0,2026,1,2026-S1,Stable,88.7
z_73.5_34.5,2026,1,2026-S1,Stable,91.4
z_73.5_36.0,2026,1,2026-S1,Stable,91.1
z_73.5_51.0,2026,1,2026-S1,Stable,86.8
z_75.0_16.5,2026,1,2026-S1,Stable,93.6
z_75.0_18.0,2026,1,2026-S1,Stable,87.4
z_75.0_19.5,2026,1,2026-S1,Stable,93.5
z_75.0_22.5,2026,1,2026-S1,Stable,93.7
z_75.0_25.5,2026,1,2026-S1,Stable,93.9
z_75.0_30.0,2026,1,2026-S1,Stable,94.6
z_75.0_31.5,2026,1,2026-S1,Stable,91.5
z_75.0_33.0,2026,1,2026-S1,Stable,73.0
z_75.0_34.5,2026,1,2026-S1,Stable,80.2
z_75.0_36.0,2026,1,2026-S1,Stable,89.6
z_75.0_39.0,2026,1,2026-S1,Stable,94.4
z_75.0_40.5,2026,1,2026-S1,Stable,89.4
z_76.5_13.5,2026,1,2026-S1,Stable,81.1
z_76.5_19.5,2026,1,2026-S1,Stable,92.2
z_76.5_31.5,2026,1,2026-S1,Stable,93.2
z_76.5_33.0,2026,1,2026-S1,Stable,98.7
z_76.5_36.0,2026,1,2026-S1,Stable,93.3
z_76.5_37.5,2026,1,2026-S1,Stable,93.8
z_76.5_40.5,2026,1,2026-S1,Stable,93.2
z_76.5_9.0,2026,1,2026-S1,Stable,95.5
z_78.0_10.5,2026,1,2026-S1,Stable,95.3
z_78.0_12.0,2026,1,2026-S1,Stable,92.1
z_78.0_13.5,2026,1,2026-S1,Stable,92.8
z_78.0_15.0,2026,1,2026-S1,Stable,91.1
z_78.0_22.5,2026,1,2026-S1,Stable,93.5
z_78.0_33.0,2026,1,2026-S1,Stable,89.5
z_79.5_10.5,2026,1,2026-S1,Stable,98.4
z_79.5_13.5,2026,1,2026-S1,Stable,92.6
z_79.5_16.5,2026,1,2026-S1,Stable,98.4
z_79.5_19.5,2026,1,2026-S1,Stable,91.8
z_79.5_27.0,2026,1,2026-S1,Stable,93.5
z_79.5_31.5,2026,1,2026-S1,Stable,90.7
z_24.0_-18.0,2026,2,2026-S2,Stable,90.8
z_24.0_-19.5,2026,2,2026-S2,Stable,88.5
z_24.0_-22.5,2026,2,2026-S2,Stable,88.1
z_24.0_-24.0,2026,2,2026-S2,Stable,86.8
z_24.0_-39.0,2026,2,2026-S2,Stable,88.7
z_25.5_-15.0,2026,2,2026-S2,Stable,88.3
z_25.5_-16.5,2026,2,2026-S2,Stable,86.2
z_25.5_-18.0,2026,2,2026-S2,Stable,88.2
z_25.5_-39.0,2026,2,2026-S2,Stable,85.8
z_27.0_-15.0,2026,2,2026-S2,Stable,89.0
z_27.0_-16.5,2026,2,2026-S2,Forte diminution,39.4
z_27.0_-18.0,2026,2,2026-S2,Stable,87.8
z_27.0_-37.5,2026,2,2026-S2,Stable,86.7
z_28.5_-12.0,2026,2,2026-S2,Stable,88.5
z_28.5_-13.5,2026,2,2026-S2,Stable,81.9
z_28.5_-15.0,2026,2,2026-S2,Stable,66.8
z_28.5_-16.5,2026,2,2026-S2,Stable,46.9
z_28.5_-18.0,2026,2,2026-S2,Stable,84.9
z_28.5_-21.0,2026,2,2026-S2,Stable,85.4
z_28.5_-28.5,2026,2,2026-S2,Stable,88.1
z_28.5_-33.0,2026,2,2026-S2,Stable,87.5
z_28.5_-34.5,2026,2,2026-S2,Stable,88.6
z_28.5_-36.0,2026,2,2026-S2,Stable,87.6
z_30.0_-10.5,2026,2,2026-S2,Stable,91.4
z_30.0_-12.0,2026,2,2026-S2,Stable,88.0
z_30.0_-13.5,2026,2,2026-S2,Stable,87.7
z_30.0_-15.0,2026,2,2026-S2,Stable,85.9
z_30.0_-18.0,2026,2,2026-S2,Stable,88.5
z_30.0_-33.0,2026,2,2026-S2,Stable,88.2
z_30.0_-36.0,2026,2,2026-S2,Stable,88.2
z_30.0_-37.5,2026,2,2026-S2,Stable,86.1
z_30.0_-39.0,2026,2,2026-S2,Stable,88.7
z_30.0_-42.0,2026,2,2026-S2,Stable,88.7
z_30.0_28.5,2026,2,2026-S2,Stable,85.3
z_30.0_30.0,2026,2,2026-S2,Stable,83.8
z_30.0_31.5,2026,2,2026-S2,Stable,75.2
z_31.5_-10.5,2026,2,2026-S2,Stable,88.5
z_31.5_-12.0,2026,2,2026-S2,Stable,87.3
z_31.5_-15.0,2026,2,2026-S2,Stable,90.6
z_31.5_-18.0,2026,2,2026-S2,Stable,87.2
z_31.5_-33.0,2026,2,2026-S2,Stable,88.4
z_31.5_-39.0,2026,2,2026-S2,Stable,86.6
z_31.5_13.5,2026,2,2026-S2,Stable,87.3
z_31.5_15.0,2026,2,2026-S2,Stable,87.5
z_31.5_19.5,2026,2,2026-S2,Stable,88.5
z_31.5_24.0,2026,2,2026-S2,Stable,86.9
z_31.5_25.5,2026,2,2026-S2,Stable,84.5
z_31.5_27.0,2026,2,2026-S2,Stable,83.5
z_31.5_28.5,2026,2,2026-S2,Stable,86.1
z_31.5_30.0,2026,2,2026-S2,Stable,88.1
z_31.5_31.5,2026,2,2026-S2,Stable,88.6
z_31.5_33.0,2026,2,2026-S2,Stable,86.9
z_31.5_34.5,2026,2,2026-S2,Stable,91.7
z_33.0_-10.5,2026,2,2026-S2,Stable,87.5
z_33.0_-13.5,2026,2,2026-S2,Stable,88.0
z_33.0_-16.5,2026,2,2026-S2,Stable,88.7
z_33.0_-28.5,2026,2,2026-S2,Stable,87.5
z_33.0_-34.5,2026,2,2026-S2,Stable,82.5
z_33.0_-7.5,2026,2,2026-S2,Stable,89.7
z_33.0_-9.0,2026,2,2026-S2,Stable,75.2
z_33.0_10.5,2026,2,2026-S2,Stable,94.0
z_33.0_12.0,2026,2,2026-S2,Stable,90.5
z_33.0_13.5,2026,2,2026-S2,Stable,91.0
z_33.0_18.0,2026,2,2026-S2,Stable,89.3
z_33.0_19.5,2026,2,2026-S2,Stable,88.5
z_33.0_21.0,2026,2,2026-S2,Stable,86.1
z_33.0_22.5,2026,2,2026-S2,Stable,86.9
z_33.0_24.0,2026,2,2026-S2,Stable,86.9
z_33.0_25.5,2026,2,2026-S2,Stable,87.8
z_33.0_28.5,2026,2,2026-S2,Stable,85.1
z_33.0_31.5,2026,2,2026-S2,Stable,83.2
z_33.0_33.0,2026,2,2026-S2,Stable,78.6
z_33.0_34.5,2026,2,2026-S2,Stable,89.5
z_33.0_9.0,2026,2,2026-S2,Stable,90.7
z_34.5_-1.5,2026,2,2026-S2,Stable,88.6
z_34.5_-10.5,2026,2,2026-S2,Stable,86.6
z_34.5_-12.0,2026,2,2026-S2,Stable,88.3
z_34.5_-15.0,2026,2,2026-S2,Stable,88.5
z_34.5_-18.0,2026,2,2026-S2,Stable,88.0
z_34.5_-22.5,2026,2,2026-S2,Stable,79.7
z_34.5_-3.0,2026,2,2026-S2,Stable,94.7
z_34.5_-30.0,2026,2,2026-S2,Stable,86.1
z_34.5_-36.0,2026,2,2026-S2,Stable,86.2
z_34.5_-37.5,2026,2,2026-S2,Stable,87.8
z_34.5_-39.0,2026,2,2026-S2,Stable,84.7
z_34.5_-4.5,2026,2,2026-S2,Stable,81.6
z_34.5_-6.0,2026,2,2026-S2,Stable,76.8
z_34.5_-7.5,2026,2,2026-S2,Stable,79.9
z_34.5_-9.0,2026,2,2026-S2,Stable,88.2
z_34.5_0.0,2026,2,2026-S2,Stable,89.1
z_34.5_10.5,2026,2,2026-S2,Stable,93.1
z_34.5_12.0,2026,2,2026-S2,Stable,75.1
z_34.5_13.5,2026,2,2026-S2,Faible augmentation,44.3
z_34.5_15.0,2026,2,2026-S2,Stable,89.5
z_34.5_16.5,2026,2,2026-S2,Stable,94.5
z_34.5_18.0,2026,2,2026-S2,Stable,85.6
z_34.5_19.5,2026,2,2026-S2,Stable,82.7
z_34.5_21.0,2026,2,2026-S2,Stable,87.2
z_34.5_22.5,2026,2,2026-S2,Stable,79.4
z_34.5_24.0,2026,2,2026-S2,Forte diminution,45.7
z_34.5_25.5,2026,2,2026-S2,Stable,74.3
z_34.5_27.0,2026,2,2026-S2,Stable,94.1
z_34.5_28.5,2026,2,2026-S2,Stable,88.5
z_34.5_30.0,2026,2,2026-S2,Stable,88.1
z_34.5_31.5,2026,2,2026-S2,Stable,56.2
z_34.5_33.0,2026,2,2026-S2,Stable,44.9
z_34.5_34.5,2026,2,2026-S2,Stable,85.1
z_36.0_-1.5,2026,2,2026-S2,Stable,95.0
z_36.0_-10.5,2026,2,2026-S2,Stable,56.2
z_36.0_-12.0,2026,2,2026-S2,Stable,91.5
z_36.0_-13.5,2026,2,2026-S2,Stable,88.3
z_36.0_-16.5,2026,2,2026-S2,Stable,88.4
z_36.0_-18.0,2026,2,2026-S2,Stable,87.9
z_36.0_-21.0,2026,2,2026-S2,Stable,88.1
z_36.0_-22.5,2026,2,2026-S2,Stable,82.6
z_36.0_-24.0,2026,2,2026-S2,Stable,88.1
z_36.0_-25.5,2026,2,2026-S2,Stable,83.2
z_36.0_-3.0,2026,2,2026-S2,Forte augmentation,33.4
z_36.0_-36.0,2026,2,2026-S2,Stable,87.3
z_36.0_-4.5,2026,2,2026-S2,Stable,69.0
z_36.0_-42.0,2026,2,2026-S2,Stable,88.2
z_36.0_-6.0,2026,2,2026-S2,Forte augmentation,36.5
z_36.0_-7.5,2026,2,2026-S2,Stable,33.8
z_36.0_-9.0,2026,2,2026-S2,Forte augmentation,50.6
z_36.0_0.0,2026,2,2026-S2,Stable,94.2
z_36.0_1.5,2026,2,2026-S2,Stable,91.3
z_36.0_10.5,2026,2,2026-S2,Stable,74.6
z_36.0_12.0,2026,2,2026-S2,Stable,41.9
z_36.0_13.5,2026,2,2026-S2,Forte augmentation,43.6
z_36.0_15.0,2026,2,2026-S2,Stable,42.5
z_36.0_16.5,2026,2,2026-S2,Stable,85.6
z_36.0_18.0,2026,2,2026-S2,Stable,88.6
z_36.0_19.5,2026,2,2026-S2,Stable,92.9
z_36.0_21.0,2026,2,2026-S2,Stable,81.6
z_36.0_22.5,2026,2,2026-S2,Forte diminution,41.3
z_36.0_24.0,2026,2,2026-S2,Forte augmentation,31.2
z_36.0_25.5,2026,2,2026-S2,Forte diminution,45.3
z_36.0_27.0,2026,2,2026-S2,Stable,37.9
z_36.0_28.5,2026,2,2026-S2,Stable,80.0
z_36.0_3.0,2026,2,2026-S2,Stable,88.5
z_36.0_30.0,2026,2,2026-S2,Stable,95.1
z_36.0_34.5,2026,2,2026-S2,Stable,89.6
z_36.0_36.0,2026,2,2026-S2,Stable,83.7
z_36.0_4.5,2026,2,2026-S2,Stable,89.9
z_36.0_6.0,2026,2,2026-S2,Stable,91.0
z_36.0_7.5,2026,2,2026-S2,Stable,86.1
z_36.0_9.0,2026,2,2026-S2,Stable,88.3
z_37.5_-1.5,2026,2,2026-S2,Forte diminution,40.2
z_37.5_-10.5,2026,2,2026-S2,Stable,37.9
z_37.5_-12.0,2026,2,2026-S2,Stable,87.6
z_37.5_-13.5,2026,2,2026-S2,Stable,88.5
z_37.5_-16.5,2026,2,2026-S2,Stable,86.2
z_37.5_-19.5,2026,2,2026-S2,Stable,87.2
z_37.5_-21.0,2026,2,2026-S2,Stable,87.2
z_37.5_-22.5,2026,2,2026-S2,Stable,85.8
z_37.5_-24.0,2026,2,2026-S2,Stable,87.2
z_37.5_-25.5,2026,2,2026-S2,Stable,95.3
z_37.5_-27.0,2026,2,2026-S2,Stable,78.2
z_37.5_-28.5,2026,2,2026-S2,Stable,84.8
z_37.5_-30.0,2026,2,2026-S2,Stable,90.8
z_37.5_-31.5,2026,2,2026-S2,Stable,87.2
z_37.5_-39.0,2026,2,2026-S2,Stable,87.8
z_37.5_-9.0,2026,2,2026-S2,Forte diminution,49.8
z_37.5_0.0,2026,2,2026-S2,Stable,64.8
z_37.5_1.5,2026,2,2026-S2,Stable,92.2
z_37.5_10.5,2026,2,2026-S2,Stable,95.3
z_37.5_12.0,2026,2,2026-S2,Forte diminution,61.3
z_37.5_13.5,2026,2,2026-S2,Stable,53.7
z_37.5_15.0,2026,2,2026-S2,Forte diminution,52.0
z_37.5_16.5,2026,2,2026-S2,Stable,80.3
z_37.5_18.0,2026,2,2026-S2,Stable,88.4
z_37.5_19.5,2026,2,2026-S2,Stable,39.1
z_37.5_21.0,2026,2,2026-S2,Forte augmentation,35.7
z_37.5_22.5,2026,2,2026-S2,Forte diminution,34.9
z_37.5_24.0,2026,2,2026-S2,Forte diminution,35.7
z_37.5_25.5,2026,2,2026-S2,Stable,47.8
z_37.5_27.0,2026,2,2026-S2,Stable,90.8
z_37.5_3.0,2026,2,2026-S2,Stable,79.1
z_37.5_4.5,2026,2,2026-S2,Stable,91.2
z_37.5_6.0,2026,2,2026-S2,Stable,87.6
z_37.5_7.5,2026,2,2026-S2,Stable,95.7
z_37.5_9.0,2026,2,2026-S2,Stable,73.9
z_39.0_-1.5,2026,2,2026-S2,Forte diminution,42.1
z_39.0_-10.5,2026,2,2026-S2,Forte diminution,41.8
z_39.0_-12.0,2026,2,2026-S2,Stable,87.2
z_39.0_-15.0,2026,2,2026-S2,Stable,87.5
z_39.0_-16.5,2026,2,2026-S2,Stable,88.2
z_39.0_-18.0,2026,2,2026-S2,Stable,82.1
z_39.0_-28.5,2026,2,2026-S2,Stable,88.3
z_39.0_-31.5,2026,2,2026-S2,Stable,97.2
z_39.0_-39.0,2026,2,2026-S2,Stable,87.1
z_39.0_-9.0,2026,2,2026-S2,Stable,50.6
z_39.0_0.0,2026,2,2026-S2,Stable,66.9
z_39.0_1.5,2026,2,2026-S2,Forte diminution,42.4
z_39.0_10.5,2026,2,2026-S2,Stable,91.6
z_39.0_12.0,2026,2,2026-S2,Stable,87.4
z_39.0_13.5,2026,2,2026-S2,Stable,96.2
z_39.0_15.0,2026,2,2026-S2,Stable,91.8
z_39.0_16.5,2026,2,2026-S2,Stable,54.4
z_39.0_18.0,2026,2,2026-S2,Stable,63.9
z_39.0_19.5,2026,2,2026-S2,Forte diminution,41.2
z_39.0_22.5,2026,2,2026-S2,Forte diminution,42.8
z_39.0_24.0,2026,2,2026-S2,Stable,58.3
z_39.0_25.5,2026,2,2026-S2,Stable,54.4
z_39.0_27.0,2026,2,2026-S2,Stable,79.3
z_39.0_3.0,2026,2,2026-S2,Stable,73.2
z_39.0_4.5,2026,2,2026-S2,Stable,91.4
z_39.0_6.0,2026,2,2026-S2,Stable,88.6
z_39.0_7.5,2026,2,2026-S2,Stable,96.0
z_39.0_9.0,2026,2,2026-S2,Forte augmentation,54.2
z_40.5_-10.5,2026,2,2026-S2,Stable,86.3
z_40.5_-12.0,2026,2,2026-S2,Stable,87.8
z_40.5_-21.0,2026,2,2026-S2,Stable,87.7
z_40.5_-22.5,2026,2,2026-S2,Stable,87.9
z_40.5_-36.0,2026,2,2026-S2,Stable,88.2
z_40.5_-37.5,2026,2,2026-S2,Stable,88.0
z_40.5_-9.0,2026,2,2026-S2,Stable,45.8
z_40.5_0.0,2026,2,2026-S2,Forte augmentation,38.5
z_40.5_1.5,2026,2,2026-S2,Forte diminution,49.5
z_40.5_10.5,2026,2,2026-S2,Stable,89.6
z_40.5_12.0,2026,2,2026-S2,Stable,70.9
z_40.5_13.5,2026,2,2026-S2,Forte diminution,35.5
z_40.5_15.0,2026,2,2026-S2,Stable,84.4
z_40.5_16.5,2026,2,2026-S2,Stable,41.8
z_40.5_18.0,2026,2,2026-S2,Stable,80.4
z_40.5_22.5,2026,2,2026-S2,Stable,61.8
z_40.5_24.0,2026,2,2026-S2,Stable,35.9
z_40.5_25.5,2026,2,2026-S2,Stable,65.8
z_40.5_27.0,2026,2,2026-S2,Stable,88.6
z_40.5_28.5,2026,2,2026-S2,Stable,63.0
z_40.5_3.0,2026,2,2026-S2,Forte diminution,47.3
z_40.5_30.0,2026,2,2026-S2,Stable,90.1
z_40.5_31.5,2026,2,2026-S2,Stable,92.4
z_40.5_36.0,2026,2,2026-S2,Stable,84.5
z_40.5_37.5,2026,2,2026-S2,Stable,87.2
z_40.5_4.5,2026,2,2026-S2,Stable,90.9
z_40.5_6.0,2026,2,2026-S2,Stable,88.6
z_40.5_7.5,2026,2,2026-S2,Forte diminution,45.2
z_40.5_9.0,2026,2,2026-S2,Forte diminution,38.2
z_42.0_-10.5,2026,2,2026-S2,Stable,46.2
z_42.0_-12.0,2026,2,2026-S2,Stable,88.2
z_42.0_-19.5,2026,2,2026-S2,Stable,87.2
z_42.0_-24.0,2026,2,2026-S2,Stable,81.5
z_42.0_-28.5,2026,2,2026-S2,Stable,88.5
z_42.0_-3.0,2026,2,2026-S2,Stable,53.4
z_42.0_-36.0,2026,2,2026-S2,Stable,88.4
z_42.0_-39.0,2026,2,2026-S2,Stable,87.2
z_42.0_-4.5,2026,2,2026-S2,Stable,79.4
z_42.0_-6.0,2026,2,2026-S2,Stable,94.4
z_42.0_-9.0,2026,2,2026-S2,Stable,48.9
z_42.0_10.5,2026,2,2026-S2,Stable,46.9
z_42.0_13.5,2026,2,2026-S2,Forte augmentation,53.6
z_42.0_15.0,2026,2,2026-S2,Forte augmentation,37.1
z_42.0_16.5,2026,2,2026-S2,Stable,64.0
z_42.0_18.0,2026,2,2026-S2,Stable,93.5
z_42.0_27.0,2026,2,2026-S2,Stable,60.0
z_42.0_28.5,2026,2,2026-S2,Stable,91.1
z_42.0_3.0,2026,2,2026-S2,Stable,40.1
z_42.0_33.0,2026,2,2026-S2,Stable,90.5
z_42.0_37.5,2026,2,2026-S2,Stable,89.0
z_42.0_4.5,2026,2,2026-S2,Stable,44.3
z_42.0_40.5,2026,2,2026-S2,Stable,85.2
z_42.0_6.0,2026,2,2026-S2,Stable,50.0
z_42.0_7.5,2026,2,2026-S2,Stable,85.1
z_42.0_9.0,2026,2,2026-S2,Forte diminution,48.1
z_43.5_-1.5,2026,2,2026-S2,Stable,48.5
z_43.5_-10.5,2026,2,2026-S2,Stable,86.9
z_43.5_-12.0,2026,2,2026-S2,Stable,85.1
z_43.5_-28.5,2026,2,2026-S2,Stable,86.9
z_43.5_-3.0,2026,2,2026-S2,Stable,50.7
z_43.5_-33.0,2026,2,2026-S2,Stable,88.4
z_43.5_-34.5,2026,2,2026-S2,Stable,88.5
z_43.5_-4.5,2026,2,2026-S2,Stable,57.2
z_43.5_-40.5,2026,2,2026-S2,Stable,86.9
z_43.5_-6.0,2026,2,2026-S2,Stable,38.6
z_43.5_-7.5,2026,2,2026-S2,Stable,58.8
z_43.5_-9.0,2026,2,2026-S2,Forte diminution,35.9
z_43.5_12.0,2026,2,2026-S2,Forte diminution,42.8
z_43.5_13.5,2026,2,2026-S2,Stable,44.5
z_43.5_15.0,2026,2,2026-S2,Stable,55.7
z_43.5_28.5,2026,2,2026-S2,Stable,73.2
z_43.5_30.0,2026,2,2026-S2,Stable,88.6
z_43.5_36.0,2026,2,2026-S2,Stable,93.5
z_43.5_37.5,2026,2,2026-S2,Stable,89.9
z_43.5_39.0,2026,2,2026-S2,Stable,88.6
z_43.5_6.0,2026,2,2026-S2,Stable,93.4
z_43.5_7.5,2026,2,2026-S2,Forte augmentation,37.3
z_43.5_9.0,2026,2,2026-S2,Forte augmentation,39.7
z_45.0_-1.5,2026,2,2026-S2,Forte diminution,48.4
z_45.0_-10.5,2026,2,2026-S2,Stable,88.1
z_45.0_-12.0,2026,2,2026-S2,Stable,87.6
z_45.0_-13.5,2026,2,2026-S2,Stable,88.5
z_45.0_-19.5,2026,2,2026-S2,Stable,90.7
z_45.0_-22.5,2026,2,2026-S2,Stable,88.6
z_45.0_-3.0,2026,2,2026-S2,Forte diminution,41.1
z_45.0_-36.0,2026,2,2026-S2,Stable,88.6
z_45.0_-4.5,2026,2,2026-S2,Stable,67.1
z_45.0_-42.0,2026,2,2026-S2,Stable,88.8
z_45.0_-6.0,2026,2,2026-S2,Stable,90.6
z_45.0_-7.5,2026,2,2026-S2,Stable,79.7
z_45.0_-9.0,2026,2,2026-S2,Stable,61.8
z_45.0_12.0,2026,2,2026-S2,Forte augmentation,38.7
z_45.0_13.5,2026,2,2026-S2,Stable,46.3
z_45.0_28.5,2026,2,2026-S2,Stable,85.6
z_45.0_30.0,2026,2,2026-S2,Stable,74.6
z_45.0_31.5,2026,2,2026-S2,Stable,83.7
z_45.0_34.5,2026,2,2026-S2,Stable,87.8
z_45.0_36.0,2026,2,2026-S2,Stable,87.6
z_46.5_-10.5,2026,2,2026-S2,Stable,91.2
z_46.5_-12.0,2026,2,2026-S2,Stable,88.2
z_46.5_-13.5,2026,2,2026-S2,Stable,88.7
z_46.5_-19.5,2026,2,2026-S2,Stable,87.8
z_46.5_-21.0,2026,2,2026-S2,Stable,88.7
z_46.5_-25.5,2026,2,2026-S2,Stable,87.6
z_46.5_-3.0,2026,2,2026-S2,Forte diminution,42.9
z_46.5_-31.5,2026,2,2026-S2,Stable,88.7
z_46.5_-36.0,2026,2,2026-S2,Stable,87.4
z_46.5_-4.5,2026,2,2026-S2,Stable,38.5
z_46.5_-6.0,2026,2,2026-S2,Forte augmentation,47.0
z_46.5_-7.5,2026,2,2026-S2,Stable,78.9
z_46.5_-9.0,2026,2,2026-S2,Stable,92.6
z_46.5_30.0,2026,2,2026-S2,Stable,63.3
z_46.5_31.5,2026,2,2026-S2,Stable,82.2
z_46.5_36.0,2026,2,2026-S2,Stable,89.4
z_46.5_37.5,2026,2,2026-S2,Stable,88.6
z_46.5_39.0,2026,2,2026-S2,Stable,81.4
z_48.0_-1.5,2026,2,2026-S2,Stable,30.3
z_48.0_-10.5,2026,2,2026-S2,Stable,88.9
z_48.0_-12.0,2026,2,2026-S2,Stable,94.4
z_48.0_-13.5,2026,2,2026-S2,Stable,88.5
z_48.0_-15.0,2026,2,2026-S2,Stable,92.4
z_48.0_-18.0,2026,2,2026-S2,Stable,88.5
z_48.0_-19.5,2026,2,2026-S2,Stable,86.1
z_48.0_-21.0,2026,2,2026-S2,Stable,88.7
z_48.0_-24.0,2026,2,2026-S2,Stable,86.7
z_48.0_-25.5,2026,2,2026-S2,Stable,87.6
z_48.0_-28.5,2026,2,2026-S2,Stable,88.6
z_48.0_-3.0,2026,2,2026-S2,Stable,48.6
z_48.0_-30.0,2026,2,2026-S2,Stable,96.1
z_48.0_-4.5,2026,2,2026-S2,Forte diminution,37.4
z_48.0_-40.5,2026,2,2026-S2,Stable,87.9
z_48.0_-6.0,2026,2,2026-S2,Forte diminution,31.7
z_48.0_-7.5,2026,2,2026-S2,Stable,75.6
z_48.0_-9.0,2026,2,2026-S2,Stable,53.5
z_49.5_-1.5,2026,2,2026-S2,Faible augmentation,27.8
z_49.5_-10.5,2026,2,2026-S2,Stable,88.6
z_49.5_-12.0,2026,2,2026-S2,Stable,87.4
z_49.5_-13.5,2026,2,2026-S2,Stable,88.5
z_49.5_-15.0,2026,2,2026-S2,Stable,88.6
z_49.5_-16.5,2026,2,2026-S2,Stable,94.0
z_49.5_-18.0,2026,2,2026-S2,Stable,88.6
z_49.5_-19.5,2026,2,2026-S2,Stable,87.8
z_49.5_-21.0,2026,2,2026-S2,Stable,88.1
z_49.5_-24.0,2026,2,2026-S2,Stable,88.7
z_49.5_-3.0,2026,2,2026-S2,Forte diminution,42.1
z_49.5_-30.0,2026,2,2026-S2,Stable,88.7
z_49.5_-4.5,2026,2,2026-S2,Stable,70.9
z_49.5_-6.0,2026,2,2026-S2,Stable,54.3
z_49.5_-7.5,2026,2,2026-S2,Stable,89.6
z_49.5_-9.0,2026,2,2026-S2,Stable,81.1
z_49.5_0.0,2026,2,2026-S2,Forte diminution,27.6
z_49.5_1.5,2026,2,2026-S2,Stable,86.7
z_51.0_-10.5,2026,2,2026-S2,Stable,53.9
z_51.0_-12.0,2026,2,2026-S2,Stable,51.7
z_51.0_-13.5,2026,2,2026-S2,Stable,88.6
z_51.0_-15.0,2026,2,2026-S2,Stable,90.1
z_51.0_-16.5,2026,2,2026-S2,Stable,89.5
z_51.0_-18.0,2026,2,2026-S2,Stable,88.6
z_51.0_-19.5,2026,2,2026-S2,Stable,88.6
z_51.0_-21.0,2026,2,2026-S2,Stable,85.8
z_51.0_-25.5,2026,2,2026-S2,Stable,88.7
z_51.0_-27.0,2026,2,2026-S2,Stable,88.3
z_51.0_-4.5,2026,2,2026-S2,Stable,75.1
z_51.0_-6.0,2026,2,2026-S2,Forte diminution,41.4
z_51.0_-7.5,2026,2,2026-S2,Forte diminution,36.5
z_51.0_-9.0,2026,2,2026-S2,Stable,78.6
z_51.0_0.0,2026,2,2026-S2,Forte diminution,36.4
z_51.0_1.5,2026,2,2026-S2,Forte diminution,33.8
z_51.0_3.0,2026,2,2026-S2,Stable,32.3
z_52.5_-1.5,2026,2,2026-S2,Stable,48.8
z_52.5_-10.5,2026,2,2026-S2,Stable,54.2
z_52.5_-12.0,2026,2,2026-S2,Stable,89.9
z_52.5_-13.5,2026,2,2026-S2,Stable,95.3
z_52.5_-15.0,2026,2,2026-S2,Stable,97.1
z_52.5_-19.5,2026,2,2026-S2,Stable,87.2
z_52.5_-21.0,2026,2,2026-S2,Stable,88.4
z_52.5_-4.5,2026,2,2026-S2,Stable,47.3
z_52.5_-6.0,2026,2,2026-S2,Forte augmentation,44.5
z_52.5_-7.5,2026,2,2026-S2,Stable,38.2
z_52.5_0.0,2026,2,2026-S2,Forte diminution,56.5
z_52.5_1.5,2026,2,2026-S2,Stable,57.8
z_52.5_13.5,2026,2,2026-S2,Forte augmentation,32.8
z_52.5_3.0,2026,2,2026-S2,Stable,54.2
z_52.5_4.5,2026,2,2026-S2,Forte diminution,37.7
z_52.5_6.0,2026,2,2026-S2,Forte diminution,25.7
z_52.5_7.5,2026,2,2026-S2,Forte diminution,30.2
z_52.5_9.0,2026,2,2026-S2,Stable,42.0
z_54.0_-1.5,2026,2,2026-S2,Stable,67.3
z_54.0_-10.5,2026,2,2026-S2,Stable,91.6
z_54.0_-12.0,2026,2,2026-S2,Stable,90.0
z_54.0_-13.5,2026,2,2026-S2,Stable,87.1
z_54.0_-15.0,2026,2,2026-S2,Stable,81.3
z_54.0_-16.5,2026,2,2026-S2,Stable,87.8
z_54.0_-4.5,2026,2,2026-S2,Stable,62.6
z_54.0_-6.0,2026,2,2026-S2,Stable,94.6
z_54.0_-7.5,2026,2,2026-S2,Stable,81.4
z_54.0_-9.0,2026,2,2026-S2,Stable,90.0
z_54.0_0.0,2026,2,2026-S2,Stable,79.0
z_54.0_1.5,2026,2,2026-S2,Stable,87.1
z_54.0_10.5,2026,2,2026-S2,Faible augmentation,34.9
z_54.0_12.0,2026,2,2026-S2,Faible augmentation,24.7
z_54.0_13.5,2026,2,2026-S2,Forte diminution,26.3
z_54.0_15.0,2026,2,2026-S2,Forte augmentation,42.5
z_54.0_16.5,2026,2,2026-S2,Stable,93.3
z_54.0_18.0,2026,2,2026-S2,Stable,37.7
z_54.0_19.5,2026,2,2026-S2,Stable,94.7
z_54.0_3.0,2026,2,2026-S2,Stable,83.6
z_54.0_4.5,2026,2,2026-S2,Stable,86.5
z_54.0_6.0,2026,2,2026-S2,Stable,81.5
z_54.0_7.5,2026,2,2026-S2,Faible diminution,26.5
z_54.0_9.0,2026,2,2026-S2,Stable,24.7
z_55.5_-1.5,2026,2,2026-S2,Stable,92.4
z_55.5_-10.5,2026,2,2026-S2,Stable,75.9
z_55.5_-12.0,2026,2,2026-S2,Stable,87.9
z_55.5_-15.0,2026,2,2026-S2,Stable,90.5
z_55.5_-3.0,2026,2,2026-S2,Stable,91.3
z_55.5_-39.0,2026,2,2026-S2,Stable,88.7
z_55.5_-4.5,2026,2,2026-S2,Stable,87.6
z_55.5_-6.0,2026,2,2026-S2,Stable,78.8
z_55.5_-7.5,2026,2,2026-S2,Stable,91.8
z_55.5_-9.0,2026,2,2026-S2,Stable,90.8
z_55.5_0.0,2026,2,2026-S2,Stable,90.6
z_55.5_1.5,2026,2,2026-S2,Stable,94.4
z_55.5_10.5,2026,2,2026-S2,Forte diminution,36.3
z_55.5_12.0,2026,2,2026-S2,Forte diminution,28.7
z_55.5_13.5,2026,2,2026-S2,Stable,63.5
z_55.5_15.0,2026,2,2026-S2,Stable,47.1
z_55.5_16.5,2026,2,2026-S2,Stable,91.8
z_55.5_18.0,2026,2,2026-S2,Stable,87.2
z_55.5_19.5,2026,2,2026-S2,Stable,75.8
z_55.5_21.0,2026,2,2026-S2,Stable,39.6
z_55.5_3.0,2026,2,2026-S2,Stable,89.0
z_55.5_4.5,2026,2,2026-S2,Stable,76.0
z_55.5_6.0,2026,2,2026-S2,Forte augmentation,40.7
z_55.5_7.5,2026,2,2026-S2,Stable,37.0
z_55.5_9.0,2026,2,2026-S2,Stable,37.5
z_57.0_-1.5,2026,2,2026-S2,Stable,95.9
z_57.0_-10.5,2026,2,2026-S2,Stable,87.3
z_57.0_-13.5,2026,2,2026-S2,Stable,83.6
z_57.0_-15.0,2026,2,2026-S2,Stable,92.9
z_57.0_-24.0,2026,2,2026-S2,Stable,82.7
z_57.0_-28.5,2026,2,2026-S2,Stable,83.7
z_57.0_-3.0,2026,2,2026-S2,Stable,76.4
z_57.0_-4.5,2026,2,2026-S2,Stable,88.6
z_57.0_-6.0,2026,2,2026-S2,Stable,73.4
z_57.0_-7.5,2026,2,2026-S2,Stable,92.0
z_57.0_-9.0,2026,2,2026-S2,Stable,91.1
z_57.0_0.0,2026,2,2026-S2,Stable,92.9
z_57.0_1.5,2026,2,2026-S2,Stable,88.5
z_57.0_10.5,2026,2,2026-S2,Faible augmentation,30.5
z_57.0_12.0,2026,2,2026-S2,Stable,67.7
z_57.0_16.5,2026,2,2026-S2,Forte diminution,47.6
z_57.0_18.0,2026,2,2026-S2,Stable,69.2
z_57.0_19.5,2026,2,2026-S2,Stable,81.8
z_57.0_21.0,2026,2,2026-S2,Stable,91.9
z_57.0_22.5,2026,2,2026-S2,Forte augmentation,37.1
z_57.0_24.0,2026,2,2026-S2,Stable,93.0
z_57.0_3.0,2026,2,2026-S2,Stable,91.3
z_57.0_4.5,2026,2,2026-S2,Stable,77.9
z_57.0_6.0,2026,2,2026-S2,Stable,80.5
z_57.0_7.5,2026,2,2026-S2,Stable,56.6
z_57.0_9.0,2026,2,2026-S2,Stable,49.4
z_58.5_-1.5,2026,2,2026-S2,Stable,83.2
z_58.5_-10.5,2026,2,2026-S2,Stable,86.8
z_58.5_-12.0,2026,2,2026-S2,Stable,88.2
z_58.5_-15.0,2026,2,2026-S2,Stable,86.6
z_58.5_-19.5,2026,2,2026-S2,Stable,78.1
z_58.5_-24.0,2026,2,2026-S2,Stable,88.3
z_58.5_-3.0,2026,2,2026-S2,Stable,90.9
z_58.5_-31.5,2026,2,2026-S2,Stable,89.3
z_58.5_-4.5,2026,2,2026-S2,Stable,93.3
z_58.5_-6.0,2026,2,2026-S2,Stable,89.4
z_58.5_-7.5,2026,2,2026-S2,Stable,89.6
z_58.5_-9.0,2026,2,2026-S2,Stable,90.8
z_58.5_0.0,2026,2,2026-S2,Stable,88.6
z_58.5_1.5,2026,2,2026-S2,Stable,91.2
z_58.5_10.5,2026,2,2026-S2,Forte diminution,43.8
z_58.5_15.0,2026,2,2026-S2,Stable,78.6
z_58.5_16.5,2026,2,2026-S2,Forte diminution,27.6
z_58.5_18.0,2026,2,2026-S2,Stable,29.1
z_58.5_19.5,2026,2,2026-S2,Stable,80.8
z_58.5_21.0,2026,2,2026-S2,Stable,59.7
z_58.5_22.5,2026,2,2026-S2,Stable,80.1
z_58.5_24.0,2026,2,2026-S2,Forte diminution,41.1
z_58.5_25.5,2026,2,2026-S2,Stable,79.6
z_58.5_27.0,2026,2,2026-S2,Stable,93.6
z_58.5_28.5,2026,2,2026-S2,Stable,86.1
z_58.5_3.0,2026,2,2026-S2,Stable,89.5
z_58.5_4.5,2026,2,2026-S2,Forte augmentation,41.2
z_58.5_6.0,2026,2,2026-S2,Stable,89.3
z_58.5_7.5,2026,2,2026-S2,Stable,87.5
z_58.5_9.0,2026,2,2026-S2,Stable,47.6
z_60.0_-1.5,2026,2,2026-S2,Stable,93.3
z_60.0_-10.5,2026,2,2026-S2,Stable,92.0
z_60.0_-12.0,2026,2,2026-S2,Stable,82.4
z_60.0_-27.0,2026,2,2026-S2,Stable,87.0
z_60.0_-3.0,2026,2,2026-S2,Stable,89.5
z_60.0_-31.5,2026,2,2026-S2,Stable,93.9
z_60.0_-4.5,2026,2,2026-S2,Stable,91.9
z_60.0_-6.0,2026,2,2026-S2,Stable,90.8
z_60.0_-7.5,2026,2,2026-S2,Stable,87.0
z_60.0_-9.0,2026,2,2026-S2,Stable,92.3
z_60.0_0.0,2026,2,2026-S2,Stable,90.9
z_60.0_1.5,2026,2,2026-S2,Stable,86.8
z_60.0_16.5,2026,2,2026-S2,Stable,79.6
z_60.0_18.0,2026,2,2026-S2,Stable,70.9
z_60.0_19.5,2026,2,2026-S2,Stable,88.1
z_60.0_21.0,2026,2,2026-S2,Stable,43.7
z_60.0_24.0,2026,2,2026-S2,Stable,56.3
z_60.0_25.5,2026,2,2026-S2,Stable,44.9
z_60.0_27.0,2026,2,2026-S2,Stable,94.3
z_60.0_28.5,2026,2,2026-S2,Stable,86.1
z_60.0_3.0,2026,2,2026-S2,Stable,83.1
z_60.0_4.5,2026,2,2026-S2,Forte diminution,31.8
z_60.0_6.0,2026,2,2026-S2,Stable,87.8
z_61.5_-1.5,2026,2,2026-S2,Stable,92.0
z_61.5_-10.5,2026,2,2026-S2,Stable,91.1
z_61.5_-12.0,2026,2,2026-S2,Stable,75.9
z_61.5_-13.5,2026,2,2026-S2,Stable,87.6
z_61.5_-16.5,2026,2,2026-S2,Stable,87.7
z_61.5_-18.0,2026,2,2026-S2,Stable,88.6
z_61.5_-27.0,2026,2,2026-S2,Stable,88.5
z_61.5_-7.5,2026,2,2026-S2,Stable,93.3
z_61.5_-9.0,2026,2,2026-S2,Stable,89.3
z_61.5_0.0,2026,2,2026-S2,Stable,83.7
z_61.5_1.5,2026,2,2026-S2,Stable,91.4
z_61.5_16.5,2026,2,2026-S2,Stable,84.5
z_61.5_18.0,2026,2,2026-S2,Stable,79.3
z_61.5_19.5,2026,2,2026-S2,Stable,92.8
z_61.5_21.0,2026,2,2026-S2,Stable,94.7
z_61.5_3.0,2026,2,2026-S2,Stable,82.7
z_61.5_4.5,2026,2,2026-S2,Stable,41.1
z_61.5_6.0,2026,2,2026-S2,Forte diminution,42.4
z_61.5_7.5,2026,2,2026-S2,Stable,85.6
z_63.0_-1.5,2026,2,2026-S2,Stable,77.6
z_63.0_-10.5,2026,2,2026-S2,Stable,83.5
z_63.0_-12.0,2026,2,2026-S2,Stable,87.4
z_63.0_-13.5,2026,2,2026-S2,Stable,92.9
z_63.0_-15.0,2026,2,2026-S2,Stable,91.7
z_63.0_-16.5,2026,2,2026-S2,Stable,91.0
z_63.0_-18.0,2026,2,2026-S2,Stable,81.0
z_63.0_-19.5,2026,2,2026-S2,Stable,85.0
z_63.0_-21.0,2026,2,2026-S2,Stable,73.1
z_63.0_-22.5,2026,2,2026-S2,Forte augmentation,44.1
z_63.0_-24.0,2026,2,2026-S2,Stable,64.5
z_63.0_-25.5,2026,2,2026-S2,Stable,90.1
z_63.0_-27.0,2026,2,2026-S2,Stable,92.3
z_63.0_-36.0,2026,2,2026-S2,Stable,89.4
z_63.0_-39.0,2026,2,2026-S2,Stable,92.9
z_63.0_-7.5,2026,2,2026-S2,Stable,86.6
z_63.0_-9.0,2026,2,2026-S2,Stable,88.4
z_63.0_0.0,2026,2,2026-S2,Stable,69.5
z_63.0_10.5,2026,2,2026-S2,Stable,84.6
z_63.0_18.0,2026,2,2026-S2,Stable,78.7
z_63.0_19.5,2026,2,2026-S2,Stable,67.1
z_63.0_21.0,2026,2,2026-S2,Stable,75.5
z_63.0_22.5,2026,2,2026-S2,Stable,88.9
z_63.0_3.0,2026,2,2026-S2,Stable,88.6
z_63.0_4.5,2026,2,2026-S2,Stable,85.3
z_63.0_6.0,2026,2,2026-S2,Stable,87.4
z_63.0_7.5,2026,2,2026-S2,Forte diminution,51.1
z_63.0_9.0,2026,2,2026-S2,Forte diminution,53.8
z_64.5_-10.5,2026,2,2026-S2,Stable,89.3
z_64.5_-12.0,2026,2,2026-S2,Stable,92.4
z_64.5_-13.5,2026,2,2026-S2,Stable,94.1
z_64.5_-15.0,2026,2,2026-S2,Stable,86.8
z_64.5_-19.5,2026,2,2026-S2,Stable,88.6
z_64.5_-21.0,2026,2,2026-S2,Stable,87.5
z_64.5_-22.5,2026,2,2026-S2,Stable,75.9
z_64.5_-24.0,2026,2,2026-S2,Stable,81.7
z_64.5_-25.5,2026,2,2026-S2,Stable,90.1
z_64.5_-27.0,2026,2,2026-S2,Stable,83.1
z_64.5_-28.5,2026,2,2026-S2,Stable,88.6
z_64.5_-3.0,2026,2,2026-S2,Stable,89.6
z_64.5_-33.0,2026,2,2026-S2,Stable,88.6
z_64.5_-37.5,2026,2,2026-S2,Stable,90.8
z_64.5_-6.0,2026,2,2026-S2,Stable,88.5
z_64.5_0.0,2026,2,2026-S2,Stable,90.9
z_64.5_10.5,2026,2,2026-S2,Stable,39.5
z_64.5_12.0,2026,2,2026-S2,Stable,42.9
z_64.5_21.0,2026,2,2026-S2,Stable,43.4
z_64.5_22.5,2026,2,2026-S2,Stable,86.8
z_64.5_24.0,2026,2,2026-S2,Forte augmentation,46.3
z_64.5_3.0,2026,2,2026-S2,Stable,87.1
z_64.5_34.5,2026,2,2026-S2,Stable,87.6
z_64.5_39.0,2026,2,2026-S2,Stable,80.6
z_64.5_4.5,2026,2,2026-S2,Stable,87.5
z_64.5_6.0,2026,2,2026-S2,Stable,80.9
z_64.5_7.5,2026,2,2026-S2,Stable,83.5
z_64.5_9.0,2026,2,2026-S2,Stable,92.5
z_66.0_-1.5,2026,2,2026-S2,Stable,88.8
z_66.0_-12.0,2026,2,2026-S2,Stable,88.2
z_66.0_-13.5,2026,2,2026-S2,Stable,90.4
z_66.0_-15.0,2026,2,2026-S2,Stable,93.5
z_66.0_-16.5,2026,2,2026-S2,Stable,94.1
z_66.0_-18.0,2026,2,2026-S2,Stable,87.1
z_66.0_-19.5,2026,2,2026-S2,Stable,89.7
z_66.0_-21.0,2026,2,2026-S2,Stable,92.6
z_66.0_-22.5,2026,2,2026-S2,Stable,91.4
z_66.0_-24.0,2026,2,2026-S2,Stable,63.2
z_66.0_-25.5,2026,2,2026-S2,Stable,90.1
z_66.0_-27.0,2026,2,2026-S2,Stable,92.4
z_66.0_-3.0,2026,2,2026-S2,Stable,87.7
z_66.0_1.5,2026,2,2026-S2,Stable,84.5
z_66.0_10.5,2026,2,2026-S2,Stable,88.6
z_66.0_12.0,2026,2,2026-S2,Stable,44.8
z_66.0_13.5,2026,2,2026-S2,Stable,52.6
z_66.0_15.0,2026,2,2026-S2,Stable,86.8
z_66.0_4.5,2026,2,2026-S2,Stable,86.2
z_66.0_6.0,2026,2,2026-S2,Stable,87.4
z_66.0_7.5,2026,2,2026-S2,Stable,86.4
z_66.0_9.0,2026,2,2026-S2,Stable,84.6
z_67.5_-1.5,2026,2,2026-S2,Stable,85.4
z_67.5_-16.5,2026,2,2026-S2,Stable,86.8
z_67.5_0.0,2026,2,2026-S2,Stable,81.1
z_67.5_10.5,2026,2,2026-S2,Stable,78.8
z_67.5_12.0,2026,2,2026-S2,Stable,77.3
z_67.5_13.5,2026,2,2026-S2,Stable,54.9
z_67.5_15.0,2026,2,2026-S2,Stable,41.3
z_67.5_16.5,2026,2,2026-S2,Stable,76.3
z_67.5_4.5,2026,2,2026-S2,Stable,86.9
z_67.5_6.0,2026,2,2026-S2,Stable,87.8
z_67.5_9.0,2026,2,2026-S2,Stable,89.4
z_69.0_-18.0,2026,2,2026-S2,Stable,86.7
z_69.0_13.5,2026,2,2026-S2,Stable,86.3
z_69.0_15.0,2026,2,2026-S2,Stable,81.3
z_69.0_16.5,2026,2,2026-S2,Forte diminution,36.1
z_69.0_18.0,2026,2,2026-S2,Stable,59.2
z_69.0_19.5,2026,2,2026-S2,Stable,84.3
z_69.0_21.0,2026,2,2026-S2,Stable,80.1
z_69.0_22.5,2026,2,2026-S2,Stable,70.0
z_69.0_24.0,2026,2,2026-S2,Stable,93.9
z_69.0_28.5,2026,2,2026-S2,Stable,94.5
z_69.0_30.0,2026,2,2026-S2,Stable,90.4
z_69.0_33.0,2026,2,2026-S2,Stable,91.0
z_69.0_42.0,2026,2,2026-S2,Stable,89.5
z_69.0_6.0,2026,2,2026-S2,Stable,88.6
z_69.0_67.5,2026,2,2026-S2,Stable,81.1
z_70.5_-12.0,2026,2,2026-S2,Stable,88.6
z_70.5_0.0,2026,2,2026-S2,Stable,88.2
z_70.5_10.5,2026,2,2026-S2,Stable,85.8
z_70.5_13.5,2026,2,2026-S2,Stable,92.1
z_70.5_15.0,2026,2,2026-S2,Stable,93.2
z_70.5_16.5,2026,2,2026-S2,Stable,89.3
z_70.5_18.0,2026,2,2026-S2,Stable,96.5
z_70.5_19.5,2026,2,2026-S2,Stable,89.1
z_70.5_21.0,2026,2,2026-S2,Stable,89.1
z_70.5_22.5,2026,2,2026-S2,Stable,63.2
z_70.5_24.0,2026,2,2026-S2,Stable,50.9
z_70.5_25.5,2026,2,2026-S2,Stable,87.4
z_70.5_27.0,2026,2,2026-S2,Stable,91.7
z_70.5_28.5,2026,2,2026-S2,Stable,86.2
z_70.5_30.0,2026,2,2026-S2,Stable,62.4
z_70.5_33.0,2026,2,2026-S2,Stable,95.9
z_70.5_36.0,2026,2,2026-S2,Stable,92.4
z_72.0_1.5,2026,2,2026-S2,Stable,86.0
z_72.0_13.5,2026,2,2026-S2,Stable,93.2
z_72.0_15.0,2026,2,2026-S2,Stable,88.2
z_72.0_16.5,2026,2,2026-S2,Stable,91.9
z_72.0_18.0,2026,2,2026-S2,Stable,86.5
z_72.0_19.5,2026,2,2026-S2,Stable,80.7
z_72.0_22.5,2026,2,2026-S2,Stable,84.0
z_72.0_24.0,2026,2,2026-S2,Stable,88.7
z_72.0_25.5,2026,2,2026-S2,Stable,89.3
z_72.0_28.5,2026,2,2026-S2,Stable,84.6
z_72.0_30.0,2026,2,2026-S2,Stable,90.6
z_72.0_34.5,2026,2,2026-S2,Stable,88.6
z_73.5_1.5,2026,2,2026-S2,Stable,87.6
z_73.5_16.5,2026,2,2026-S2,Stable,94.1
z_73.5_18.0,2026,2,2026-S2,Stable,90.1
z_73.5_19.5,2026,2,2026-S2,Stable,93.0
z_73.5_21.0,2026,2,2026-S2,Stable,86.8
z_73.5_22.5,2026,2,2026-S2,Stable,94.7
z_73.5_25.5,2026,2,2026-S2,Stable,89.4
z_73.5_28.5,2026,2,2026-S2,Stable,90.2
z_73.5_30.0,2026,2,2026-S2,Stable,93.1
z_73.5_31.5,2026,2,2026-S2,Stable,83.5
z_73.5_33.0,2026,2,2026-S2,Stable,90.5
z_73.5_34.5,2026,2,2026-S2,Stable,91.8
z_73.5_36.0,2026,2,2026-S2,Stable,84.1
z_73.5_51.0,2026,2,2026-S2,Stable,87.8
z_75.0_16.5,2026,2,2026-S2,Stable,90.8
z_75.0_18.0,2026,2,2026-S2,Stable,89.0
z_75.0_19.5,2026,2,2026-S2,Stable,92.4
z_75.0_22.5,2026,2,2026-S2,Stable,92.7
z_75.0_25.5,2026,2,2026-S2,Stable,87.5
z_75.0_30.0,2026,2,2026-S2,Stable,92.1
z_75.0_31.5,2026,2,2026-S2,Stable,91.7
z_75.0_33.0,2026,2,2026-S2,Stable,84.3
z_75.0_34.5,2026,2,2026-S2,Stable,94.6
z_75.0_36.0,2026,2,2026-S2,Stable,93.7
z_75.0_39.0,2026,2,2026-S2,Stable,94.1
z_75.0_40.5,2026,2,2026-S2,Stable,90.4
z_76.5_13.5,2026,2,2026-S2,Stable,82.3
z_76.5_19.5,2026,2,2026-S2,Stable,88.4
z_76.5_31.5,2026,2,2026-S2,Stable,90.8
z_76.5_33.0,2026,2,2026-S2,Stable,96.4
z_76.5_36.0,2026,2,2026-S2,Stable,92.3
z_76.5_37.5,2026,2,2026-S2,Stable,88.6
z_76.5_40.5,2026,2,2026-S2,Stable,88.2
z_76.5_9.0,2026,2,2026-S2,Stable,97.1
z_78.0_10.5,2026,2,2026-S2,Stable,79.2
z_78.0_12.0,2026,2,2026-S2,Stable,85.4
z_78.0_13.5,2026,2,2026-S2,Stable,91.2
z_78.0_15.0,2026,2,2026-S2,Stable,84.8
z_78.0_22.5,2026,2,2026-S2,Stable,88.6
z_78.0_33.0,2026,2,2026-S2,Stable,83.7
z_79.5_10.5,2026,2,2026-S2,Stable,95.9
z_79.5_13.5,2026,2,2026-S2,Stable,87.8
z_79.5_16.5,2026,2,2026-S2,Stable,96.4
z_79.5_19.5,2026,2,2026-S2,Stable,85.1
z_79.5_27.0,2026,2,2026-S2,Stable,88.6
z_79.5_31.5,2026,2,2026-S2,Stable,86.1
z_24.0_-18.0,2027,1,2027-S1,Stable,89.7
z_24.0_-19.5,2027,1,2027-S1,Stable,93.3
z_24.0_-22.5,2027,1,2027-S1,Stable,93.5
z_24.0_-24.0,2027,1,2027-S1,Stable,91.1
z_24.0_-39.0,2027,1,2027-S1,Stable,93.1
z_25.5_-15.0,2027,1,2027-S1,Stable,93.2
z_25.5_-16.5,2027,1,2027-S1,Stable,85.1
z_25.5_-18.0,2027,1,2027-S1,Stable,92.7
z_25.5_-39.0,2027,1,2027-S1,Stable,90.7
z_27.0_-15.0,2027,1,2027-S1,Stable,92.9
z_27.0_-16.5,2027,1,2027-S1,Forte diminution,36.9
z_27.0_-18.0,2027,1,2027-S1,Stable,91.3
z_27.0_-37.5,2027,1,2027-S1,Stable,91.7
z_28.5_-12.0,2027,1,2027-S1,Stable,93.3
z_28.5_-13.5,2027,1,2027-S1,Stable,94.1
z_28.5_-15.0,2027,1,2027-S1,Stable,79.7
z_28.5_-16.5,2027,1,2027-S1,Stable,50.5
z_28.5_-18.0,2027,1,2027-S1,Stable,90.7
z_28.5_-21.0,2027,1,2027-S1,Stable,92.1
z_28.5_-28.5,2027,1,2027-S1,Stable,92.9
z_28.5_-33.0,2027,1,2027-S1,Stable,92.3
z_28.5_-34.5,2027,1,2027-S1,Stable,93.5
z_28.5_-36.0,2027,1,2027-S1,Stable,94.0
z_30.0_-10.5,2027,1,2027-S1,Stable,84.6
z_30.0_-12.0,2027,1,2027-S1,Stable,92.1
z_30.0_-13.5,2027,1,2027-S1,Stable,95.1
z_30.0_-15.0,2027,1,2027-S1,Stable,93.8
z_30.0_-18.0,2027,1,2027-S1,Stable,93.3
z_30.0_-33.0,2027,1,2027-S1,Stable,93.0
z_30.0_-36.0,2027,1,2027-S1,Stable,93.5
z_30.0_-37.5,2027,1,2027-S1,Stable,91.1
z_30.0_-39.0,2027,1,2027-S1,Stable,93.5
z_30.0_-42.0,2027,1,2027-S1,Stable,93.1
z_30.0_28.5,2027,1,2027-S1,Stable,82.2
z_30.0_30.0,2027,1,2027-S1,Stable,92.1
z_30.0_31.5,2027,1,2027-S1,Stable,63.6
z_31.5_-10.5,2027,1,2027-S1,Stable,93.0
z_31.5_-12.0,2027,1,2027-S1,Stable,93.6
z_31.5_-15.0,2027,1,2027-S1,Stable,87.3
z_31.5_-18.0,2027,1,2027-S1,Stable,93.6
z_31.5_-33.0,2027,1,2027-S1,Stable,92.8
z_31.5_-39.0,2027,1,2027-S1,Stable,93.6
z_31.5_13.5,2027,1,2027-S1,Stable,93.3
z_31.5_15.0,2027,1,2027-S1,Stable,92.6
z_31.5_19.5,2027,1,2027-S1,Stable,93.3
z_31.5_24.0,2027,1,2027-S1,Stable,91.3
z_31.5_25.5,2027,1,2027-S1,Stable,91.5
z_31.5_27.0,2027,1,2027-S1,Stable,90.3
z_31.5_28.5,2027,1,2027-S1,Stable,91.1
z_31.5_30.0,2027,1,2027-S1,Stable,92.9
z_31.5_31.5,2027,1,2027-S1,Stable,93.9
z_31.5_33.0,2027,1,2027-S1,Stable,93.6
z_31.5_34.5,2027,1,2027-S1,Stable,92.5
z_33.0_-10.5,2027,1,2027-S1,Stable,92.5
z_33.0_-13.5,2027,1,2027-S1,Stable,92.5
z_33.0_-16.5,2027,1,2027-S1,Stable,93.1
z_33.0_-28.5,2027,1,2027-S1,Stable,92.2
z_33.0_-34.5,2027,1,2027-S1,Stable,89.9
z_33.0_-7.5,2027,1,2027-S1,Stable,90.8
z_33.0_-9.0,2027,1,2027-S1,Stable,83.6
z_33.0_10.5,2027,1,2027-S1,Stable,90.6
z_33.0_12.0,2027,1,2027-S1,Stable,92.0
z_33.0_13.5,2027,1,2027-S1,Stable,92.2
z_33.0_18.0,2027,1,2027-S1,Stable,85.7
z_33.0_19.5,2027,1,2027-S1,Stable,93.6
z_33.0_21.0,2027,1,2027-S1,Stable,91.1
z_33.0_22.5,2027,1,2027-S1,Stable,91.2
z_33.0_24.0,2027,1,2027-S1,Stable,93.6
z_33.0_25.5,2027,1,2027-S1,Stable,95.7
z_33.0_28.5,2027,1,2027-S1,Stable,91.8
z_33.0_31.5,2027,1,2027-S1,Stable,89.3
z_33.0_33.0,2027,1,2027-S1,Stable,86.6
z_33.0_34.5,2027,1,2027-S1,Stable,93.0
z_33.0_9.0,2027,1,2027-S1,Stable,89.6
z_34.5_-1.5,2027,1,2027-S1,Stable,92.4
z_34.5_-10.5,2027,1,2027-S1,Stable,96.0
z_34.5_-12.0,2027,1,2027-S1,Stable,92.8
z_34.5_-15.0,2027,1,2027-S1,Stable,93.3
z_34.5_-18.0,2027,1,2027-S1,Stable,92.5
z_34.5_-22.5,2027,1,2027-S1,Stable,87.7
z_34.5_-3.0,2027,1,2027-S1,Stable,94.6
z_34.5_-30.0,2027,1,2027-S1,Stable,91.1
z_34.5_-36.0,2027,1,2027-S1,Stable,92.9
z_34.5_-37.5,2027,1,2027-S1,Stable,92.6
z_34.5_-39.0,2027,1,2027-S1,Stable,94.5
z_34.5_-4.5,2027,1,2027-S1,Stable,92.3
z_34.5_-6.0,2027,1,2027-S1,Stable,82.7
z_34.5_-7.5,2027,1,2027-S1,Stable,84.4
z_34.5_-9.0,2027,1,2027-S1,Stable,93.5
z_34.5_0.0,2027,1,2027-S1,Stable,95.9
z_34.5_10.5,2027,1,2027-S1,Stable,93.3
z_34.5_12.0,2027,1,2027-S1,Stable,75.2
z_34.5_13.5,2027,1,2027-S1,Faible augmentation,49.4
z_34.5_15.0,2027,1,2027-S1,Stable,93.1
z_34.5_16.5,2027,1,2027-S1,Stable,86.0
z_34.5_18.0,2027,1,2027-S1,Stable,95.0
z_34.5_19.5,2027,1,2027-S1,Stable,93.9
z_34.5_21.0,2027,1,2027-S1,Stable,91.9
z_34.5_22.5,2027,1,2027-S1,Stable,83.5
z_34.5_24.0,2027,1,2027-S1,Forte diminution,55.7
z_34.5_25.5,2027,1,2027-S1,Stable,94.3
z_34.5_27.0,2027,1,2027-S1,Stable,88.7
z_34.5_28.5,2027,1,2027-S1,Stable,93.0
z_34.5_30.0,2027,1,2027-S1,Stable,92.9
z_34.5_31.5,2027,1,2027-S1,Stable,74.6
z_34.5_33.0,2027,1,2027-S1,Forte diminution,41.9
z_34.5_34.5,2027,1,2027-S1,Stable,91.8
z_36.0_-1.5,2027,1,2027-S1,Stable,94.1
z_36.0_-10.5,2027,1,2027-S1,Stable,35.8
z_36.0_-12.0,2027,1,2027-S1,Stable,92.3
z_36.0_-13.5,2027,1,2027-S1,Stable,92.8
z_36.0_-16.5,2027,1,2027-S1,Stable,92.8
z_36.0_-18.0,2027,1,2027-S1,Stable,94.3
z_36.0_-21.0,2027,1,2027-S1,Stable,92.9
z_36.0_-22.5,2027,1,2027-S1,Stable,92.3
z_36.0_-24.0,2027,1,2027-S1,Stable,93.5
z_36.0_-25.5,2027,1,2027-S1,Stable,89.3
z_36.0_-3.0,2027,1,2027-S1,Forte diminution,50.7
z_36.0_-36.0,2027,1,2027-S1,Stable,96.4
z_36.0_-4.5,2027,1,2027-S1,Stable,93.1
z_36.0_-42.0,2027,1,2027-S1,Stable,93.0
z_36.0_-6.0,2027,1,2027-S1,Stable,37.4
z_36.0_-7.5,2027,1,2027-S1,Stable,39.2
z_36.0_-9.0,2027,1,2027-S1,Forte diminution,43.0
z_36.0_0.0,2027,1,2027-S1,Stable,88.5
z_36.0_1.5,2027,1,2027-S1,Stable,91.3
z_36.0_10.5,2027,1,2027-S1,Stable,80.2
z_36.0_12.0,2027,1,2027-S1,Stable,50.2
z_36.0_13.5,2027,1,2027-S1,Forte diminution,41.0
z_36.0_15.0,2027,1,2027-S1,Forte augmentation,40.1
z_36.0_16.5,2027,1,2027-S1,Stable,95.5
z_36.0_18.0,2027,1,2027-S1,Stable,92.4
z_36.0_19.5,2027,1,2027-S1,Stable,83.5
z_36.0_21.0,2027,1,2027-S1,Stable,83.6
z_36.0_22.5,2027,1,2027-S1,Stable,37.5
z_36.0_24.0,2027,1,2027-S1,Forte diminution,31.8
z_36.0_25.5,2027,1,2027-S1,Forte diminution,40.0
z_36.0_27.0,2027,1,2027-S1,Stable,47.5
z_36.0_28.5,2027,1,2027-S1,Stable,87.0
z_36.0_3.0,2027,1,2027-S1,Stable,91.9
z_36.0_30.0,2027,1,2027-S1,Stable,94.0
z_36.0_34.5,2027,1,2027-S1,Stable,89.5
z_36.0_36.0,2027,1,2027-S1,Stable,83.6
z_36.0_4.5,2027,1,2027-S1,Stable,84.7
z_36.0_6.0,2027,1,2027-S1,Stable,92.1
z_36.0_7.5,2027,1,2027-S1,Stable,92.5
z_36.0_9.0,2027,1,2027-S1,Stable,96.9
z_37.5_-1.5,2027,1,2027-S1,Forte augmentation,37.6
z_37.5_-10.5,2027,1,2027-S1,Forte augmentation,40.0
z_37.5_-12.0,2027,1,2027-S1,Stable,94.0
z_37.5_-13.5,2027,1,2027-S1,Stable,90.3
z_37.5_-16.5,2027,1,2027-S1,Stable,93.3
z_37.5_-19.5,2027,1,2027-S1,Stable,93.9
z_37.5_-21.0,2027,1,2027-S1,Stable,93.9
z_37.5_-22.5,2027,1,2027-S1,Stable,94.3
z_37.5_-24.0,2027,1,2027-S1,Stable,94.8
z_37.5_-25.5,2027,1,2027-S1,Stable,91.8
z_37.5_-27.0,2027,1,2027-S1,Stable,80.6
z_37.5_-28.5,2027,1,2027-S1,Stable,88.2
z_37.5_-30.0,2027,1,2027-S1,Stable,93.0
z_37.5_-31.5,2027,1,2027-S1,Stable,93.9
z_37.5_-39.0,2027,1,2027-S1,Stable,92.6
z_37.5_-9.0,2027,1,2027-S1,Forte diminution,57.4
z_37.5_0.0,2027,1,2027-S1,Stable,54.9
z_37.5_1.5,2027,1,2027-S1,Stable,94.3
z_37.5_10.5,2027,1,2027-S1,Stable,89.1
z_37.5_12.0,2027,1,2027-S1,Forte diminution,45.5
z_37.5_13.5,2027,1,2027-S1,Stable,52.0
z_37.5_15.0,2027,1,2027-S1,Forte diminution,50.7
z_37.5_16.5,2027,1,2027-S1,Stable,67.9
z_37.5_18.0,2027,1,2027-S1,Stable,93.1
z_37.5_19.5,2027,1,2027-S1,Forte diminution,45.7
z_37.5_21.0,2027,1,2027-S1,Stable,43.2
z_37.5_22.5,2027,1,2027-S1,Forte diminution,33.0
z_37.5_24.0,2027,1,2027-S1,Forte diminution,27.5
z_37.5_25.5,2027,1,2027-S1,Stable,47.8
z_37.5_27.0,2027,1,2027-S1,Stable,87.3
z_37.5_3.0,2027,1,2027-S1,Stable,87.3
z_37.5_4.5,2027,1,2027-S1,Stable,92.6
z_37.5_6.0,2027,1,2027-S1,Stable,96.4
z_37.5_7.5,2027,1,2027-S1,Stable,93.2
z_37.5_9.0,2027,1,2027-S1,Stable,69.9
z_39.0_-1.5,2027,1,2027-S1,Forte diminution,39.7
z_39.0_-10.5,2027,1,2027-S1,Stable,44.7
z_39.0_-12.0,2027,1,2027-S1,Stable,93.9
z_39.0_-15.0,2027,1,2027-S1,Stable,93.9
z_39.0_-16.5,2027,1,2027-S1,Stable,93.0
z_39.0_-18.0,2027,1,2027-S1,Stable,89.5
z_39.0_-28.5,2027,1,2027-S1,Stable,92.8
z_39.0_-31.5,2027,1,2027-S1,Stable,94.6
z_39.0_-39.0,2027,1,2027-S1,Stable,91.9
z_39.0_-9.0,2027,1,2027-S1,Stable,47.7
z_39.0_0.0,2027,1,2027-S1,Stable,59.6
z_39.0_1.5,2027,1,2027-S1,Forte diminution,41.6
z_39.0_10.5,2027,1,2027-S1,Stable,93.5
z_39.0_12.0,2027,1,2027-S1,Stable,89.3
z_39.0_13.5,2027,1,2027-S1,Stable,93.7
z_39.0_15.0,2027,1,2027-S1,Stable,93.0
z_39.0_16.5,2027,1,2027-S1,Stable,64.6
z_39.0_18.0,2027,1,2027-S1,Stable,72.2
z_39.0_19.5,2027,1,2027-S1,Forte diminution,26.6
z_39.0_22.5,2027,1,2027-S1,Forte diminution,44.9
z_39.0_24.0,2027,1,2027-S1,Stable,53.3
z_39.0_25.5,2027,1,2027-S1,Stable,52.7
z_39.0_27.0,2027,1,2027-S1,Stable,86.6
z_39.0_3.0,2027,1,2027-S1,Stable,74.3
z_39.0_4.5,2027,1,2027-S1,Stable,88.8
z_39.0_6.0,2027,1,2027-S1,Stable,89.5
z_39.0_7.5,2027,1,2027-S1,Stable,96.0
z_39.0_9.0,2027,1,2027-S1,Stable,48.6
z_40.5_-10.5,2027,1,2027-S1,Stable,89.8
z_40.5_-12.0,2027,1,2027-S1,Stable,92.6
z_40.5_-21.0,2027,1,2027-S1,Stable,93.4
z_40.5_-22.5,2027,1,2027-S1,Stable,95.4
z_40.5_-36.0,2027,1,2027-S1,Stable,90.5
z_40.5_-37.5,2027,1,2027-S1,Stable,92.5
z_40.5_-9.0,2027,1,2027-S1,Stable,43.2
z_40.5_0.0,2027,1,2027-S1,Forte augmentation,35.0
z_40.5_1.5,2027,1,2027-S1,Forte diminution,50.8
z_40.5_10.5,2027,1,2027-S1,Stable,90.5
z_40.5_12.0,2027,1,2027-S1,Stable,73.0
z_40.5_13.5,2027,1,2027-S1,Stable,36.2
z_40.5_15.0,2027,1,2027-S1,Stable,86.2
z_40.5_16.5,2027,1,2027-S1,Forte diminution,34.0
z_40.5_18.0,2027,1,2027-S1,Stable,67.8
z_40.5_22.5,2027,1,2027-S1,Stable,71.3
z_40.5_24.0,2027,1,2027-S1,Forte diminution,37.8
z_40.5_25.5,2027,1,2027-S1,Stable,75.7
z_40.5_27.0,2027,1,2027-S1,Stable,88.5
z_40.5_28.5,2027,1,2027-S1,Stable,69.5
z_40.5_3.0,2027,1,2027-S1,Stable,47.9
z_40.5_30.0,2027,1,2027-S1,Stable,91.3
z_40.5_31.5,2027,1,2027-S1,Stable,93.0
z_40.5_36.0,2027,1,2027-S1,Stable,85.5
z_40.5_37.5,2027,1,2027-S1,Stable,94.8
z_40.5_4.5,2027,1,2027-S1,Stable,88.3
z_40.5_6.0,2027,1,2027-S1,Stable,93.5
z_40.5_7.5,2027,1,2027-S1,Forte diminution,45.2
z_40.5_9.0,2027,1,2027-S1,Forte diminution,42.3
z_42.0_-10.5,2027,1,2027-S1,Forte diminution,54.0
z_42.0_-12.0,2027,1,2027-S1,Stable,93.0
z_42.0_-19.5,2027,1,2027-S1,Stable,93.9
z_42.0_-24.0,2027,1,2027-S1,Stable,92.3
z_42.0_-28.5,2027,1,2027-S1,Stable,93.3
z_42.0_-3.0,2027,1,2027-S1,Stable,56.3
z_42.0_-36.0,2027,1,2027-S1,Stable,93.1
z_42.0_-39.0,2027,1,2027-S1,Stable,93.9
z_42.0_-4.5,2027,1,2027-S1,Stable,71.1
z_42.0_-6.0,2027,1,2027-S1,Stable,92.5
z_42.0_-9.0,2027,1,2027-S1,Stable,36.5
z_42.0_10.5,2027,1,2027-S1,Stable,43.2
z_42.0_13.5,2027,1,2027-S1,Forte augmentation,46.0
z_42.0_15.0,2027,1,2027-S1,Stable,39.5
z_42.0_16.5,2027,1,2027-S1,Stable,73.6
z_42.0_18.0,2027,1,2027-S1,Stable,89.1
z_42.0_27.0,2027,1,2027-S1,Stable,80.6
z_42.0_28.5,2027,1,2027-S1,Stable,91.8
z_42.0_3.0,2027,1,2027-S1,Stable,37.2
z_42.0_33.0,2027,1,2027-S1,Stable,89.6
z_42.0_37.5,2027,1,2027-S1,Stable,93.9
z_42.0_4.5,2027,1,2027-S1,Stable,38.5
z_42.0_40.5,2027,1,2027-S1,Stable,90.2
z_42.0_6.0,2027,1,2027-S1,Stable,50.8
z_42.0_7.5,2027,1,2027-S1,Stable,95.9
z_42.0_9.0,2027,1,2027-S1,Forte diminution,44.6
z_43.5_-1.5,2027,1,2027-S1,Stable,42.6
z_43.5_-10.5,2027,1,2027-S1,Stable,85.1
z_43.5_-12.0,2027,1,2027-S1,Stable,91.8
z_43.5_-28.5,2027,1,2027-S1,Stable,91.2
z_43.5_-3.0,2027,1,2027-S1,Stable,55.8
z_43.5_-33.0,2027,1,2027-S1,Stable,89.0
z_43.5_-34.5,2027,1,2027-S1,Stable,93.3
z_43.5_-4.5,2027,1,2027-S1,Forte augmentation,47.0
z_43.5_-40.5,2027,1,2027-S1,Stable,93.6
z_43.5_-6.0,2027,1,2027-S1,Stable,45.5
z_43.5_-7.5,2027,1,2027-S1,Stable,37.6
z_43.5_-9.0,2027,1,2027-S1,Forte diminution,41.2
z_43.5_12.0,2027,1,2027-S1,Forte augmentation,37.0
z_43.5_13.5,2027,1,2027-S1,Stable,51.5
z_43.5_15.0,2027,1,2027-S1,Stable,81.8
z_43.5_28.5,2027,1,2027-S1,Stable,86.9
z_43.5_30.0,2027,1,2027-S1,Stable,93.5
z_43.5_36.0,2027,1,2027-S1,Stable,90.2
z_43.5_37.5,2027,1,2027-S1,Stable,90.2
z_43.5_39.0,2027,1,2027-S1,Stable,93.8
z_43.5_6.0,2027,1,2027-S1,Stable,89.0
z_43.5_7.5,2027,1,2027-S1,Forte diminution,50.5
z_43.5_9.0,2027,1,2027-S1,Forte augmentation,40.7
z_45.0_-1.5,2027,1,2027-S1,Forte augmentation,34.5
z_45.0_-10.5,2027,1,2027-S1,Stable,92.9
z_45.0_-12.0,2027,1,2027-S1,Stable,92.5
z_45.0_-13.5,2027,1,2027-S1,Stable,93.3
z_45.0_-19.5,2027,1,2027-S1,Stable,94.6
z_45.0_-22.5,2027,1,2027-S1,Stable,90.8
z_45.0_-3.0,2027,1,2027-S1,Forte diminution,42.3
z_45.0_-36.0,2027,1,2027-S1,Stable,93.5
z_45.0_-4.5,2027,1,2027-S1,Stable,84.5
z_45.0_-42.0,2027,1,2027-S1,Stable,93.6
z_45.0_-6.0,2027,1,2027-S1,Stable,89.7
z_45.0_-7.5,2027,1,2027-S1,Stable,90.9
z_45.0_-9.0,2027,1,2027-S1,Stable,84.3
z_45.0_12.0,2027,1,2027-S1,Forte diminution,44.2
z_45.0_13.5,2027,1,2027-S1,Forte augmentation,36.9
z_45.0_28.5,2027,1,2027-S1,Stable,88.9
z_45.0_30.0,2027,1,2027-S1,Stable,77.8
z_45.0_31.5,2027,1,2027-S1,Stable,89.5
z_45.0_34.5,2027,1,2027-S1,Stable,92.9
z_45.0_36.0,2027,1,2027-S1,Stable,87.9
z_46.5_-10.5,2027,1,2027-S1,Stable,93.3
z_46.5_-12.0,2027,1,2027-S1,Stable,94.2
z_46.5_-13.5,2027,1,2027-S1,Stable,93.5
z_46.5_-19.5,2027,1,2027-S1,Stable,92.5
z_46.5_-21.0,2027,1,2027-S1,Stable,93.5
z_46.5_-25.5,2027,1,2027-S1,Stable,92.5
z_46.5_-3.0,2027,1,2027-S1,Forte augmentation,41.8
z_46.5_-31.5,2027,1,2027-S1,Stable,93.1
z_46.5_-36.0,2027,1,2027-S1,Stable,95.6
z_46.5_-4.5,2027,1,2027-S1,Forte diminution,31.6
z_46.5_-6.0,2027,1,2027-S1,Forte diminution,46.6
z_46.5_-7.5,2027,1,2027-S1,Stable,80.4
z_46.5_-9.0,2027,1,2027-S1,Stable,93.2
z_46.5_30.0,2027,1,2027-S1,Stable,69.4
z_46.5_31.5,2027,1,2027-S1,Stable,88.8
z_46.5_36.0,2027,1,2027-S1,Stable,90.3
z_46.5_37.5,2027,1,2027-S1,Stable,93.5
z_46.5_39.0,2027,1,2027-S1,Stable,88.5
z_48.0_-1.5,2027,1,2027-S1,Stable,31.5
z_48.0_-10.5,2027,1,2027-S1,Stable,92.0
z_48.0_-12.0,2027,1,2027-S1,Stable,94.0
z_48.0_-13.5,2027,1,2027-S1,Stable,93.3
z_48.0_-15.0,2027,1,2027-S1,Stable,93.5
z_48.0_-18.0,2027,1,2027-S1,Stable,93.3
z_48.0_-19.5,2027,1,2027-S1,Stable,90.8
z_48.0_-21.0,2027,1,2027-S1,Stable,93.1
z_48.0_-24.0,2027,1,2027-S1,Stable,95.8
z_48.0_-25.5,2027,1,2027-S1,Stable,92.5
z_48.0_-28.5,2027,1,2027-S1,Stable,93.5
z_48.0_-3.0,2027,1,2027-S1,Stable,71.9
z_48.0_-30.0,2027,1,2027-S1,Stable,89.7
z_48.0_-4.5,2027,1,2027-S1,Forte diminution,42.9
z_48.0_-40.5,2027,1,2027-S1,Stable,92.8
z_48.0_-6.0,2027,1,2027-S1,Stable,26.8
z_48.0_-7.5,2027,1,2027-S1,Stable,77.7
z_48.0_-9.0,2027,1,2027-S1,Stable,45.7
z_49.5_-1.5,2027,1,2027-S1,Faible augmentation,28.3
z_49.5_-10.5,2027,1,2027-S1,Stable,92.4
z_49.5_-12.0,2027,1,2027-S1,Stable,92.2
z_49.5_-13.5,2027,1,2027-S1,Stable,93.3
z_49.5_-15.0,2027,1,2027-S1,Stable,93.5
z_49.5_-16.5,2027,1,2027-S1,Stable,90.5
z_49.5_-18.0,2027,1,2027-S1,Stable,93.5
z_49.5_-19.5,2027,1,2027-S1,Stable,92.8
z_49.5_-21.0,2027,1,2027-S1,Stable,92.9
z_49.5_-24.0,2027,1,2027-S1,Stable,93.1
z_49.5_-3.0,2027,1,2027-S1,Forte diminution,42.2
z_49.5_-30.0,2027,1,2027-S1,Stable,93.1
z_49.5_-4.5,2027,1,2027-S1,Stable,57.6
z_49.5_-6.0,2027,1,2027-S1,Stable,44.4
z_49.5_-7.5,2027,1,2027-S1,Stable,79.5
z_49.5_-9.0,2027,1,2027-S1,Stable,80.1
z_49.5_0.0,2027,1,2027-S1,Forte augmentation,24.9
z_49.5_1.5,2027,1,2027-S1,Stable,91.7
z_51.0_-10.5,2027,1,2027-S1,Stable,60.6
z_51.0_-12.0,2027,1,2027-S1,Stable,77.6
z_51.0_-13.5,2027,1,2027-S1,Stable,80.8
z_51.0_-15.0,2027,1,2027-S1,Stable,84.9
z_51.0_-16.5,2027,1,2027-S1,Stable,93.0
z_51.0_-18.0,2027,1,2027-S1,Stable,93.5
z_51.0_-19.5,2027,1,2027-S1,Stable,93.5
z_51.0_-21.0,2027,1,2027-S1,Stable,90.4
z_51.0_-25.5,2027,1,2027-S1,Stable,93.5
z_51.0_-27.0,2027,1,2027-S1,Stable,92.8
z_51.0_-4.5,2027,1,2027-S1,Stable,87.9
z_51.0_-6.0,2027,1,2027-S1,Stable,45.7
z_51.0_-7.5,2027,1,2027-S1,Forte diminution,43.1
z_51.0_-9.0,2027,1,2027-S1,Stable,89.4
z_51.0_0.0,2027,1,2027-S1,Forte diminution,39.3
z_51.0_1.5,2027,1,2027-S1,Forte diminution,25.7
z_51.0_3.0,2027,1,2027-S1,Stable,32.7
z_52.5_-1.5,2027,1,2027-S1,Forte augmentation,39.2
z_52.5_-10.5,2027,1,2027-S1,Stable,81.0
z_52.5_-12.0,2027,1,2027-S1,Stable,94.9
z_52.5_-13.5,2027,1,2027-S1,Stable,91.6
z_52.5_-15.0,2027,1,2027-S1,Stable,92.7
z_52.5_-19.5,2027,1,2027-S1,Stable,94.2
z_52.5_-21.0,2027,1,2027-S1,Stable,92.9
z_52.5_-4.5,2027,1,2027-S1,Stable,43.5
z_52.5_-6.0,2027,1,2027-S1,Forte augmentation,39.3
z_52.5_-7.5,2027,1,2027-S1,Stable,38.1
z_52.5_0.0,2027,1,2027-S1,Stable,45.6
z_52.5_1.5,2027,1,2027-S1,Stable,72.1
z_52.5_13.5,2027,1,2027-S1,Stable,31.4
z_52.5_3.0,2027,1,2027-S1,Stable,50.4
z_52.5_4.5,2027,1,2027-S1,Stable,30.6
z_52.5_6.0,2027,1,2027-S1,Faible diminution,29.5
z_52.5_7.5,2027,1,2027-S1,Faible augmentation,45.2
z_52.5_9.0,2027,1,2027-S1,Stable,45.8
z_54.0_-1.5,2027,1,2027-S1,Stable,80.5
z_54.0_-10.5,2027,1,2027-S1,Stable,93.1
z_54.0_-12.0,2027,1,2027-S1,Stable,90.4
z_54.0_-13.5,2027,1,2027-S1,Stable,92.3
z_54.0_-15.0,2027,1,2027-S1,Stable,88.7
z_54.0_-16.5,2027,1,2027-S1,Stable,96.3
z_54.0_-4.5,2027,1,2027-S1,Stable,79.0
z_54.0_-6.0,2027,1,2027-S1,Stable,94.5
z_54.0_-7.5,2027,1,2027-S1,Stable,82.9
z_54.0_-9.0,2027,1,2027-S1,Stable,89.5
z_54.0_0.0,2027,1,2027-S1,Stable,79.6
z_54.0_1.5,2027,1,2027-S1,Stable,84.6
z_54.0_10.5,2027,1,2027-S1,Faible augmentation,64.2
z_54.0_12.0,2027,1,2027-S1,Faible diminution,29.2
z_54.0_13.5,2027,1,2027-S1,Faible augmentation,30.7
z_54.0_15.0,2027,1,2027-S1,Stable,60.1
z_54.0_16.5,2027,1,2027-S1,Stable,87.1
z_54.0_18.0,2027,1,2027-S1,Stable,37.7
z_54.0_19.5,2027,1,2027-S1,Stable,94.3
z_54.0_3.0,2027,1,2027-S1,Stable,89.6
z_54.0_4.5,2027,1,2027-S1,Stable,96.4
z_54.0_6.0,2027,1,2027-S1,Stable,86.5
z_54.0_7.5,2027,1,2027-S1,Faible diminution,33.3
z_54.0_9.0,2027,1,2027-S1,Faible augmentation,25.3
z_55.5_-1.5,2027,1,2027-S1,Stable,93.1
z_55.5_-10.5,2027,1,2027-S1,Stable,84.5
z_55.5_-12.0,2027,1,2027-S1,Stable,92.8
z_55.5_-15.0,2027,1,2027-S1,Stable,93.7
z_55.5_-3.0,2027,1,2027-S1,Stable,89.9
z_55.5_-39.0,2027,1,2027-S1,Stable,93.1
z_55.5_-4.5,2027,1,2027-S1,Stable,89.4
z_55.5_-6.0,2027,1,2027-S1,Stable,76.4
z_55.5_-7.5,2027,1,2027-S1,Stable,89.4
z_55.5_-9.0,2027,1,2027-S1,Stable,91.9
z_55.5_0.0,2027,1,2027-S1,Stable,86.8
z_55.5_1.5,2027,1,2027-S1,Stable,93.7
z_55.5_10.5,2027,1,2027-S1,Stable,37.3
z_55.5_12.0,2027,1,2027-S1,Faible augmentation,36.4
z_55.5_13.5,2027,1,2027-S1,Stable,83.2
z_55.5_15.0,2027,1,2027-S1,Forte diminution,49.9
z_55.5_16.5,2027,1,2027-S1,Stable,82.9
z_55.5_18.0,2027,1,2027-S1,Stable,86.2
z_55.5_19.5,2027,1,2027-S1,Stable,75.0
z_55.5_21.0,2027,1,2027-S1,Forte augmentation,33.0
z_55.5_3.0,2027,1,2027-S1,Stable,86.6
z_55.5_4.5,2027,1,2027-S1,Stable,89.7
z_55.5_6.0,2027,1,2027-S1,Stable,50.0
z_55.5_7.5,2027,1,2027-S1,Stable,36.4
z_55.5_9.0,2027,1,2027-S1,Forte diminution,41.7
z_57.0_-1.5,2027,1,2027-S1,Stable,89.3
z_57.0_-10.5,2027,1,2027-S1,Stable,92.7
z_57.0_-13.5,2027,1,2027-S1,Stable,89.3
z_57.0_-15.0,2027,1,2027-S1,Stable,93.8
z_57.0_-24.0,2027,1,2027-S1,Stable,88.3
z_57.0_-28.5,2027,1,2027-S1,Stable,91.1
z_57.0_-3.0,2027,1,2027-S1,Stable,81.5
z_57.0_-4.5,2027,1,2027-S1,Stable,93.1
z_57.0_-6.0,2027,1,2027-S1,Stable,68.4
z_57.0_-7.5,2027,1,2027-S1,Stable,92.8
z_57.0_-9.0,2027,1,2027-S1,Stable,91.4
z_57.0_0.0,2027,1,2027-S1,Stable,87.2
z_57.0_1.5,2027,1,2027-S1,Stable,93.7
z_57.0_10.5,2027,1,2027-S1,Faible augmentation,39.0
z_57.0_12.0,2027,1,2027-S1,Stable,60.9
z_57.0_16.5,2027,1,2027-S1,Forte diminution,45.9
z_57.0_18.0,2027,1,2027-S1,Stable,85.0
z_57.0_19.5,2027,1,2027-S1,Stable,87.8
z_57.0_21.0,2027,1,2027-S1,Stable,90.0
z_57.0_22.5,2027,1,2027-S1,Stable,40.4
z_57.0_24.0,2027,1,2027-S1,Stable,94.4
z_57.0_3.0,2027,1,2027-S1,Stable,87.9
z_57.0_4.5,2027,1,2027-S1,Stable,81.3
z_57.0_6.0,2027,1,2027-S1,Stable,83.7
z_57.0_7.5,2027,1,2027-S1,Stable,43.0
z_57.0_9.0,2027,1,2027-S1,Stable,37.0
z_58.5_-1.5,2027,1,2027-S1,Stable,88.8
z_58.5_-10.5,2027,1,2027-S1,Stable,94.9
z_58.5_-12.0,2027,1,2027-S1,Stable,93.2
z_58.5_-15.0,2027,1,2027-S1,Stable,93.6
z_58.5_-19.5,2027,1,2027-S1,Stable,86.7
z_58.5_-24.0,2027,1,2027-S1,Stable,92.8
z_58.5_-3.0,2027,1,2027-S1,Stable,94.4
z_58.5_-31.5,2027,1,2027-S1,Stable,91.4
z_58.5_-4.5,2027,1,2027-S1,Stable,92.3
z_58.5_-6.0,2027,1,2027-S1,Stable,91.4
z_58.5_-7.5,2027,1,2027-S1,Stable,93.5
z_58.5_-9.0,2027,1,2027-S1,Stable,93.4
z_58.5_0.0,2027,1,2027-S1,Stable,90.4
z_58.5_1.5,2027,1,2027-S1,Stable,92.9
z_58.5_10.5,2027,1,2027-S1,Forte diminution,47.9
z_58.5_15.0,2027,1,2027-S1,Stable,86.3
z_58.5_16.5,2027,1,2027-S1,Stable,24.1
z_58.5_18.0,2027,1,2027-S1,Forte diminution,26.2
z_58.5_19.5,2027,1,2027-S1,Stable,76.7
z_58.5_21.0,2027,1,2027-S1,Stable,72.4
z_58.5_22.5,2027,1,2027-S1,Stable,63.9
z_58.5_24.0,2027,1,2027-S1,Forte diminution,47.6
z_58.5_25.5,2027,1,2027-S1,Stable,82.8
z_58.5_27.0,2027,1,2027-S1,Stable,89.6
z_58.5_28.5,2027,1,2027-S1,Stable,94.5
z_58.5_3.0,2027,1,2027-S1,Stable,77.6
z_58.5_4.5,2027,1,2027-S1,Forte augmentation,39.0
z_58.5_6.0,2027,1,2027-S1,Stable,88.8
z_58.5_7.5,2027,1,2027-S1,Stable,86.8
z_58.5_9.0,2027,1,2027-S1,Stable,60.2
z_60.0_-1.5,2027,1,2027-S1,Stable,91.0
z_60.0_-10.5,2027,1,2027-S1,Stable,93.4
z_60.0_-12.0,2027,1,2027-S1,Stable,85.6
z_60.0_-27.0,2027,1,2027-S1,Stable,92.4
z_60.0_-3.0,2027,1,2027-S1,Stable,92.6
z_60.0_-31.5,2027,1,2027-S1,Stable,94.3
z_60.0_-4.5,2027,1,2027-S1,Stable,89.4
z_60.0_-6.0,2027,1,2027-S1,Stable,91.9
z_60.0_-7.5,2027,1,2027-S1,Stable,94.1
z_60.0_-9.0,2027,1,2027-S1,Stable,93.5
z_60.0_0.0,2027,1,2027-S1,Stable,90.0
z_60.0_1.5,2027,1,2027-S1,Stable,75.5
z_60.0_16.5,2027,1,2027-S1,Stable,85.7
z_60.0_18.0,2027,1,2027-S1,Stable,93.3
z_60.0_19.5,2027,1,2027-S1,Stable,84.9
z_60.0_21.0,2027,1,2027-S1,Forte diminution,39.5
z_60.0_24.0,2027,1,2027-S1,Stable,72.5
z_60.0_25.5,2027,1,2027-S1,Forte diminution,45.3
z_60.0_27.0,2027,1,2027-S1,Stable,94.7
z_60.0_28.5,2027,1,2027-S1,Stable,85.8
z_60.0_3.0,2027,1,2027-S1,Stable,91.2
z_60.0_4.5,2027,1,2027-S1,Stable,27.3
z_60.0_6.0,2027,1,2027-S1,Stable,86.6
z_61.5_-1.5,2027,1,2027-S1,Stable,93.1
z_61.5_-10.5,2027,1,2027-S1,Stable,92.7
z_61.5_-12.0,2027,1,2027-S1,Stable,84.2
z_61.5_-13.5,2027,1,2027-S1,Stable,93.7
z_61.5_-16.5,2027,1,2027-S1,Stable,91.8
z_61.5_-18.0,2027,1,2027-S1,Stable,93.5
z_61.5_-27.0,2027,1,2027-S1,Stable,93.3
z_61.5_-7.5,2027,1,2027-S1,Stable,94.5
z_61.5_-9.0,2027,1,2027-S1,Stable,90.8
z_61.5_0.0,2027,1,2027-S1,Stable,82.5
z_61.5_1.5,2027,1,2027-S1,Stable,93.8
z_61.5_16.5,2027,1,2027-S1,Stable,76.6
z_61.5_18.0,2027,1,2027-S1,Stable,84.5
z_61.5_19.5,2027,1,2027-S1,Stable,92.7
z_61.5_21.0,2027,1,2027-S1,Stable,85.0
z_61.5_3.0,2027,1,2027-S1,Stable,84.5
z_61.5_4.5,2027,1,2027-S1,Forte augmentation,42.2
z_61.5_6.0,2027,1,2027-S1,Forte diminution,51.5
z_61.5_7.5,2027,1,2027-S1,Stable,88.7
z_63.0_-1.5,2027,1,2027-S1,Stable,85.3
z_63.0_-10.5,2027,1,2027-S1,Stable,90.3
z_63.0_-12.0,2027,1,2027-S1,Stable,91.2
z_63.0_-13.5,2027,1,2027-S1,Stable,89.6
z_63.0_-15.0,2027,1,2027-S1,Stable,93.0
z_63.0_-16.5,2027,1,2027-S1,Stable,92.5
z_63.0_-18.0,2027,1,2027-S1,Stable,88.0
z_63.0_-19.5,2027,1,2027-S1,Stable,87.5
z_63.0_-21.0,2027,1,2027-S1,Stable,75.8
z_63.0_-22.5,2027,1,2027-S1,Stable,45.4
z_63.0_-24.0,2027,1,2027-S1,Stable,78.5
z_63.0_-25.5,2027,1,2027-S1,Stable,93.4
z_63.0_-27.0,2027,1,2027-S1,Stable,92.8
z_63.0_-36.0,2027,1,2027-S1,Stable,90.6
z_63.0_-39.0,2027,1,2027-S1,Stable,92.1
z_63.0_-7.5,2027,1,2027-S1,Stable,93.3
z_63.0_-9.0,2027,1,2027-S1,Stable,92.9
z_63.0_0.0,2027,1,2027-S1,Stable,92.3
z_63.0_10.5,2027,1,2027-S1,Stable,90.0
z_63.0_18.0,2027,1,2027-S1,Stable,90.8
z_63.0_19.5,2027,1,2027-S1,Stable,82.5
z_63.0_21.0,2027,1,2027-S1,Stable,82.8
z_63.0_22.5,2027,1,2027-S1,Stable,88.5
z_63.0_3.0,2027,1,2027-S1,Stable,92.4
z_63.0_4.5,2027,1,2027-S1,Stable,92.5
z_63.0_6.0,2027,1,2027-S1,Stable,89.2
z_63.0_7.5,2027,1,2027-S1,Forte diminution,54.8
z_63.0_9.0,2027,1,2027-S1,Forte diminution,48.6
z_64.5_-10.5,2027,1,2027-S1,Stable,92.9
z_64.5_-12.0,2027,1,2027-S1,Stable,94.3
z_64.5_-13.5,2027,1,2027-S1,Stable,94.4
z_64.5_-15.0,2027,1,2027-S1,Stable,88.3
z_64.5_-19.5,2027,1,2027-S1,Stable,93.5
z_64.5_-21.0,2027,1,2027-S1,Stable,86.7
z_64.5_-22.5,2027,1,2027-S1,Stable,79.0
z_64.5_-24.0,2027,1,2027-S1,Stable,81.3
z_64.5_-25.5,2027,1,2027-S1,Stable,88.2
z_64.5_-27.0,2027,1,2027-S1,Stable,86.9
z_64.5_-28.5,2027,1,2027-S1,Stable,92.7
z_64.5_-3.0,2027,1,2027-S1,Stable,93.2
z_64.5_-33.0,2027,1,2027-S1,Stable,93.5
z_64.5_-37.5,2027,1,2027-S1,Stable,93.8
z_64.5_-6.0,2027,1,2027-S1,Stable,92.1
z_64.5_0.0,2027,1,2027-S1,Stable,92.0
z_64.5_10.5,2027,1,2027-S1,Stable,37.2
z_64.5_12.0,2027,1,2027-S1,Stable,46.0
z_64.5_21.0,2027,1,2027-S1,Stable,44.1
z_64.5_22.5,2027,1,2027-S1,Stable,91.6
z_64.5_24.0,2027,1,2027-S1,Stable,74.6
z_64.5_3.0,2027,1,2027-S1,Stable,91.8
z_64.5_34.5,2027,1,2027-S1,Stable,94.0
z_64.5_39.0,2027,1,2027-S1,Stable,85.9
z_64.5_4.5,2027,1,2027-S1,Stable,92.6
z_64.5_6.0,2027,1,2027-S1,Stable,88.3
z_64.5_7.5,2027,1,2027-S1,Stable,92.1
z_64.5_9.0,2027,1,2027-S1,Stable,91.4
z_66.0_-1.5,2027,1,2027-S1,Stable,90.7
z_66.0_-12.0,2027,1,2027-S1,Stable,93.2
z_66.0_-13.5,2027,1,2027-S1,Stable,92.6
z_66.0_-15.0,2027,1,2027-S1,Stable,93.9
z_66.0_-16.5,2027,1,2027-S1,Stable,94.9
z_66.0_-18.0,2027,1,2027-S1,Stable,86.7
z_66.0_-19.5,2027,1,2027-S1,Stable,92.8
z_66.0_-21.0,2027,1,2027-S1,Stable,87.3
z_66.0_-22.5,2027,1,2027-S1,Stable,92.5
z_66.0_-24.0,2027,1,2027-S1,Stable,79.2
z_66.0_-25.5,2027,1,2027-S1,Stable,92.0
z_66.0_-27.0,2027,1,2027-S1,Stable,93.0
z_66.0_-3.0,2027,1,2027-S1,Stable,90.1
z_66.0_1.5,2027,1,2027-S1,Stable,89.5
z_66.0_10.5,2027,1,2027-S1,Stable,90.2
z_66.0_12.0,2027,1,2027-S1,Forte augmentation,39.2
z_66.0_13.5,2027,1,2027-S1,Forte diminution,40.9
z_66.0_15.0,2027,1,2027-S1,Stable,82.6
z_66.0_4.5,2027,1,2027-S1,Stable,92.9
z_66.0_6.0,2027,1,2027-S1,Stable,95.5
z_66.0_7.5,2027,1,2027-S1,Stable,94.4
z_66.0_9.0,2027,1,2027-S1,Stable,89.4
z_67.5_-1.5,2027,1,2027-S1,Stable,91.6
z_67.5_-16.5,2027,1,2027-S1,Stable,91.1
z_67.5_0.0,2027,1,2027-S1,Stable,88.2
z_67.5_10.5,2027,1,2027-S1,Stable,91.6
z_67.5_12.0,2027,1,2027-S1,Stable,77.3
z_67.5_13.5,2027,1,2027-S1,Stable,53.9
z_67.5_15.0,2027,1,2027-S1,Stable,43.5
z_67.5_16.5,2027,1,2027-S1,Stable,66.3
z_67.5_4.5,2027,1,2027-S1,Stable,91.2
z_67.5_6.0,2027,1,2027-S1,Stable,92.5
z_67.5_9.0,2027,1,2027-S1,Stable,90.1
z_69.0_-18.0,2027,1,2027-S1,Stable,91.7
z_69.0_13.5,2027,1,2027-S1,Stable,93.3
z_69.0_15.0,2027,1,2027-S1,Stable,67.5
z_69.0_16.5,2027,1,2027-S1,Forte diminution,44.9
z_69.0_18.0,2027,1,2027-S1,Stable,60.9
z_69.0_19.5,2027,1,2027-S1,Stable,70.6
z_69.0_21.0,2027,1,2027-S1,Stable,67.6
z_69.0_22.5,2027,1,2027-S1,Stable,71.3
z_69.0_24.0,2027,1,2027-S1,Stable,94.3
z_69.0_28.5,2027,1,2027-S1,Stable,93.9
z_69.0_30.0,2027,1,2027-S1,Stable,91.3
z_69.0_33.0,2027,1,2027-S1,Stable,91.4
z_69.0_42.0,2027,1,2027-S1,Stable,93.6
z_69.0_6.0,2027,1,2027-S1,Stable,93.5
z_69.0_67.5,2027,1,2027-S1,Stable,88.1
z_70.5_-12.0,2027,1,2027-S1,Stable,93.8
z_70.5_0.0,2027,1,2027-S1,Stable,93.2
z_70.5_10.5,2027,1,2027-S1,Stable,90.4
z_70.5_13.5,2027,1,2027-S1,Stable,84.1
z_70.5_15.0,2027,1,2027-S1,Stable,94.4
z_70.5_16.5,2027,1,2027-S1,Stable,86.6
z_70.5_18.0,2027,1,2027-S1,Stable,90.3
z_70.5_19.5,2027,1,2027-S1,Stable,84.0
z_70.5_21.0,2027,1,2027-S1,Stable,87.9
z_70.5_22.5,2027,1,2027-S1,Stable,90.2
z_70.5_24.0,2027,1,2027-S1,Stable,70.1
z_70.5_25.5,2027,1,2027-S1,Stable,87.9
z_70.5_27.0,2027,1,2027-S1,Stable,87.3
z_70.5_28.5,2027,1,2027-S1,Stable,91.7
z_70.5_30.0,2027,1,2027-S1,Stable,66.5
z_70.5_33.0,2027,1,2027-S1,Stable,96.2
z_70.5_36.0,2027,1,2027-S1,Stable,92.6
z_72.0_1.5,2027,1,2027-S1,Stable,92.4
z_72.0_13.5,2027,1,2027-S1,Stable,88.1
z_72.0_15.0,2027,1,2027-S1,Stable,88.4
z_72.0_16.5,2027,1,2027-S1,Stable,94.1
z_72.0_18.0,2027,1,2027-S1,Stable,91.0
z_72.0_19.5,2027,1,2027-S1,Stable,87.0
z_72.0_22.5,2027,1,2027-S1,Stable,88.8
z_72.0_24.0,2027,1,2027-S1,Stable,91.6
z_72.0_25.5,2027,1,2027-S1,Stable,94.5
z_72.0_28.5,2027,1,2027-S1,Stable,92.7
z_72.0_30.0,2027,1,2027-S1,Stable,92.4
z_72.0_34.5,2027,1,2027-S1,Stable,92.4
z_73.5_1.5,2027,1,2027-S1,Stable,92.2
z_73.5_16.5,2027,1,2027-S1,Stable,94.0
z_73.5_18.0,2027,1,2027-S1,Stable,94.7
z_73.5_19.5,2027,1,2027-S1,Stable,92.9
z_73.5_21.0,2027,1,2027-S1,Stable,92.2
z_73.5_22.5,2027,1,2027-S1,Stable,94.6
z_73.5_25.5,2027,1,2027-S1,Stable,89.9
z_73.5_28.5,2027,1,2027-S1,Stable,91.9
z_73.5_30.0,2027,1,2027-S1,Stable,93.6
z_73.5_31.5,2027,1,2027-S1,Stable,89.6
z_73.5_33.0,2027,1,2027-S1,Stable,87.3
z_73.5_34.5,2027,1,2027-S1,Stable,87.9
z_73.5_36.0,2027,1,2027-S1,Stable,91.1
z_73.5_51.0,2027,1,2027-S1,Stable,86.8
z_75.0_16.5,2027,1,2027-S1,Stable,93.6
z_75.0_18.0,2027,1,2027-S1,Stable,92.9
z_75.0_19.5,2027,1,2027-S1,Stable,93.5
z_75.0_22.5,2027,1,2027-S1,Stable,93.7
z_75.0_25.5,2027,1,2027-S1,Stable,93.9
z_75.0_30.0,2027,1,2027-S1,Stable,90.3
z_75.0_31.5,2027,1,2027-S1,Stable,91.1
z_75.0_33.0,2027,1,2027-S1,Stable,71.8
z_75.0_34.5,2027,1,2027-S1,Stable,65.8
z_75.0_36.0,2027,1,2027-S1,Stable,94.7
z_75.0_39.0,2027,1,2027-S1,Stable,94.4
z_75.0_40.5,2027,1,2027-S1,Stable,91.2
z_76.5_13.5,2027,1,2027-S1,Stable,84.0
z_76.5_19.5,2027,1,2027-S1,Stable,92.2
z_76.5_31.5,2027,1,2027-S1,Stable,93.2
z_76.5_33.0,2027,1,2027-S1,Stable,92.6
z_76.5_36.0,2027,1,2027-S1,Stable,93.3
z_76.5_37.5,2027,1,2027-S1,Stable,93.8
z_76.5_40.5,2027,1,2027-S1,Stable,93.2
z_76.5_9.0,2027,1,2027-S1,Stable,96.2
z_78.0_10.5,2027,1,2027-S1,Stable,90.9
z_78.0_12.0,2027,1,2027-S1,Stable,92.1
z_78.0_13.5,2027,1,2027-S1,Stable,88.8
z_78.0_15.0,2027,1,2027-S1,Stable,91.2
z_78.0_22.5,2027,1,2027-S1,Stable,93.5
z_78.0_33.0,2027,1,2027-S1,Stable,89.5
z_79.5_10.5,2027,1,2027-S1,Stable,91.6
z_79.5_13.5,2027,1,2027-S1,Stable,92.6
z_79.5_16.5,2027,1,2027-S1,Stable,92.6
z_79.5_19.5,2027,1,2027-S1,Stable,91.8
z_79.5_27.0,2027,1,2027-S1,Stable,93.5
z_79.5_31.5,2027,1,2027-S1,Stable,90.7
z_24.0_-18.0,2027,2,2027-S2,Stable,92.4
z_24.0_-19.5,2027,2,2027-S2,Stable,88.5
z_24.0_-22.5,2027,2,2027-S2,Stable,88.1
z_24.0_-24.0,2027,2,2027-S2,Stable,86.8
z_24.0_-39.0,2027,2,2027-S2,Stable,88.7
z_25.5_-15.0,2027,2,2027-S2,Stable,88.3
z_25.5_-16.5,2027,2,2027-S2,Stable,90.5
z_25.5_-18.0,2027,2,2027-S2,Stable,88.2
z_25.5_-39.0,2027,2,2027-S2,Stable,85.8
z_27.0_-15.0,2027,2,2027-S2,Stable,89.0
z_27.0_-16.5,2027,2,2027-S2,Forte diminution,42.3
z_27.0_-18.0,2027,2,2027-S2,Stable,87.8
z_27.0_-37.5,2027,2,2027-S2,Stable,86.7
z_28.5_-12.0,2027,2,2027-S2,Stable,88.5
z_28.5_-13.5,2027,2,2027-S2,Stable,84.5
z_28.5_-15.0,2027,2,2027-S2,Stable,77.5
z_28.5_-16.5,2027,2,2027-S2,Stable,58.0
z_28.5_-18.0,2027,2,2027-S2,Stable,84.9
z_28.5_-21.0,2027,2,2027-S2,Stable,85.4
z_28.5_-28.5,2027,2,2027-S2,Stable,88.1
z_28.5_-33.0,2027,2,2027-S2,Stable,87.5
z_28.5_-34.5,2027,2,2027-S2,Stable,88.6
z_28.5_-36.0,2027,2,2027-S2,Stable,87.6
z_30.0_-10.5,2027,2,2027-S2,Stable,90.9
z_30.0_-12.0,2027,2,2027-S2,Stable,88.0
z_30.0_-13.5,2027,2,2027-S2,Stable,88.2
z_30.0_-15.0,2027,2,2027-S2,Stable,88.7
z_30.0_-18.0,2027,2,2027-S2,Stable,88.5
z_30.0_-33.0,2027,2,2027-S2,Stable,88.2
z_30.0_-36.0,2027,2,2027-S2,Stable,88.2
z_30.0_-37.5,2027,2,2027-S2,Stable,86.1
z_30.0_-39.0,2027,2,2027-S2,Stable,88.7
z_30.0_-42.0,2027,2,2027-S2,Stable,88.7
z_30.0_28.5,2027,2,2027-S2,Stable,69.9
z_30.0_30.0,2027,2,2027-S2,Stable,82.9
z_30.0_31.5,2027,2,2027-S2,Stable,64.4
z_31.5_-10.5,2027,2,2027-S2,Stable,88.5
z_31.5_-12.0,2027,2,2027-S2,Stable,87.3
z_31.5_-15.0,2027,2,2027-S2,Stable,91.6
z_31.5_-18.0,2027,2,2027-S2,Stable,92.7
z_31.5_-33.0,2027,2,2027-S2,Stable,88.4
z_31.5_-39.0,2027,2,2027-S2,Stable,86.6
z_31.5_13.5,2027,2,2027-S2,Stable,87.3
z_31.5_15.0,2027,2,2027-S2,Stable,87.5
z_31.5_19.5,2027,2,2027-S2,Stable,88.5
z_31.5_24.0,2027,2,2027-S2,Stable,86.9
z_31.5_25.5,2027,2,2027-S2,Stable,84.5
z_31.5_27.0,2027,2,2027-S2,Stable,83.5
z_31.5_28.5,2027,2,2027-S2,Stable,86.1
z_31.5_30.0,2027,2,2027-S2,Stable,88.1
z_31.5_31.5,2027,2,2027-S2,Stable,91.2
z_31.5_33.0,2027,2,2027-S2,Stable,86.9
z_31.5_34.5,2027,2,2027-S2,Stable,91.7
z_33.0_-10.5,2027,2,2027-S2,Stable,87.5
z_33.0_-13.5,2027,2,2027-S2,Stable,88.0
z_33.0_-16.5,2027,2,2027-S2,Stable,88.7
z_33.0_-28.5,2027,2,2027-S2,Stable,87.5
z_33.0_-34.5,2027,2,2027-S2,Stable,82.5
z_33.0_-7.5,2027,2,2027-S2,Stable,89.7
z_33.0_-9.0,2027,2,2027-S2,Stable,93.6
z_33.0_10.5,2027,2,2027-S2,Stable,88.5
z_33.0_12.0,2027,2,2027-S2,Stable,90.5
z_33.0_13.5,2027,2,2027-S2,Stable,91.0
z_33.0_18.0,2027,2,2027-S2,Stable,90.0
z_33.0_19.5,2027,2,2027-S2,Stable,88.5
z_33.0_21.0,2027,2,2027-S2,Stable,86.1
z_33.0_22.5,2027,2,2027-S2,Stable,86.9
z_33.0_24.0,2027,2,2027-S2,Stable,86.9
z_33.0_25.5,2027,2,2027-S2,Stable,86.9
z_33.0_28.5,2027,2,2027-S2,Stable,85.1
z_33.0_31.5,2027,2,2027-S2,Stable,83.2
z_33.0_33.0,2027,2,2027-S2,Stable,78.6
z_33.0_34.5,2027,2,2027-S2,Stable,89.5
z_33.0_9.0,2027,2,2027-S2,Stable,92.0
z_34.5_-1.5,2027,2,2027-S2,Stable,88.6
z_34.5_-10.5,2027,2,2027-S2,Stable,87.8
z_34.5_-12.0,2027,2,2027-S2,Stable,88.3
z_34.5_-15.0,2027,2,2027-S2,Stable,88.5
z_34.5_-18.0,2027,2,2027-S2,Stable,88.0
z_34.5_-22.5,2027,2,2027-S2,Stable,79.7
z_34.5_-3.0,2027,2,2027-S2,Stable,94.7
z_34.5_-30.0,2027,2,2027-S2,Stable,86.1
z_34.5_-36.0,2027,2,2027-S2,Stable,86.2
z_34.5_-37.5,2027,2,2027-S2,Stable,87.8
z_34.5_-39.0,2027,2,2027-S2,Stable,87.1
z_34.5_-4.5,2027,2,2027-S2,Stable,85.7
z_34.5_-6.0,2027,2,2027-S2,Stable,74.3
z_34.5_-7.5,2027,2,2027-S2,Stable,94.3
z_34.5_-9.0,2027,2,2027-S2,Stable,88.2
z_34.5_0.0,2027,2,2027-S2,Stable,88.6
z_34.5_10.5,2027,2,2027-S2,Stable,93.1
z_34.5_12.0,2027,2,2027-S2,Stable,90.0
z_34.5_13.5,2027,2,2027-S2,Faible augmentation,47.3
z_34.5_15.0,2027,2,2027-S2,Stable,89.5
z_34.5_16.5,2027,2,2027-S2,Stable,84.0
z_34.5_18.0,2027,2,2027-S2,Stable,87.1
z_34.5_19.5,2027,2,2027-S2,Stable,86.9
z_34.5_21.0,2027,2,2027-S2,Stable,87.2
z_34.5_22.5,2027,2,2027-S2,Stable,84.7
z_34.5_24.0,2027,2,2027-S2,Forte diminution,49.1
z_34.5_25.5,2027,2,2027-S2,Stable,90.1
z_34.5_27.0,2027,2,2027-S2,Stable,85.4
z_34.5_28.5,2027,2,2027-S2,Stable,88.5
z_34.5_30.0,2027,2,2027-S2,Stable,88.1
z_34.5_31.5,2027,2,2027-S2,Stable,86.4
z_34.5_33.0,2027,2,2027-S2,Stable,40.1
z_34.5_34.5,2027,2,2027-S2,Stable,85.1
z_36.0_-1.5,2027,2,2027-S2,Stable,94.0
z_36.0_-10.5,2027,2,2027-S2,Stable,61.9
z_36.0_-12.0,2027,2,2027-S2,Stable,87.9
z_36.0_-13.5,2027,2,2027-S2,Stable,88.3
z_36.0_-16.5,2027,2,2027-S2,Stable,88.4
z_36.0_-18.0,2027,2,2027-S2,Stable,87.9
z_36.0_-21.0,2027,2,2027-S2,Stable,88.1
z_36.0_-22.5,2027,2,2027-S2,Stable,86.7
z_36.0_-24.0,2027,2,2027-S2,Stable,88.1
z_36.0_-25.5,2027,2,2027-S2,Stable,83.2
z_36.0_-3.0,2027,2,2027-S2,Forte diminution,38.4
z_36.0_-36.0,2027,2,2027-S2,Stable,88.8
z_36.0_-4.5,2027,2,2027-S2,Stable,89.3
z_36.0_-42.0,2027,2,2027-S2,Stable,88.2
z_36.0_-6.0,2027,2,2027-S2,Forte diminution,49.1
z_36.0_-7.5,2027,2,2027-S2,Forte augmentation,47.0
z_36.0_-9.0,2027,2,2027-S2,Forte diminution,53.6
z_36.0_0.0,2027,2,2027-S2,Stable,91.2
z_36.0_1.5,2027,2,2027-S2,Stable,91.3
z_36.0_10.5,2027,2,2027-S2,Stable,81.6
z_36.0_12.0,2027,2,2027-S2,Stable,45.5
z_36.0_13.5,2027,2,2027-S2,Forte diminution,49.7
z_36.0_15.0,2027,2,2027-S2,Stable,37.9
z_36.0_16.5,2027,2,2027-S2,Stable,87.9
z_36.0_18.0,2027,2,2027-S2,Stable,88.6
z_36.0_19.5,2027,2,2027-S2,Stable,81.1
z_36.0_21.0,2027,2,2027-S2,Stable,92.3
z_36.0_22.5,2027,2,2027-S2,Forte diminution,52.9
z_36.0_24.0,2027,2,2027-S2,Stable,26.9
z_36.0_25.5,2027,2,2027-S2,Forte diminution,46.8
z_36.0_27.0,2027,2,2027-S2,Forte diminution,34.1
z_36.0_28.5,2027,2,2027-S2,Stable,80.0
z_36.0_3.0,2027,2,2027-S2,Stable,88.5
z_36.0_30.0,2027,2,2027-S2,Stable,93.3
z_36.0_34.5,2027,2,2027-S2,Stable,87.5
z_36.0_36.0,2027,2,2027-S2,Stable,84.2
z_36.0_4.5,2027,2,2027-S2,Stable,90.6
z_36.0_6.0,2027,2,2027-S2,Stable,91.0
z_36.0_7.5,2027,2,2027-S2,Stable,86.1
z_36.0_9.0,2027,2,2027-S2,Stable,88.7
z_37.5_-1.5,2027,2,2027-S2,Forte diminution,38.2
z_37.5_-10.5,2027,2,2027-S2,Forte augmentation,34.8
z_37.5_-12.0,2027,2,2027-S2,Stable,87.6
z_37.5_-13.5,2027,2,2027-S2,Stable,90.9
z_37.5_-16.5,2027,2,2027-S2,Stable,86.2
z_37.5_-19.5,2027,2,2027-S2,Stable,87.2
z_37.5_-21.0,2027,2,2027-S2,Stable,87.2
z_37.5_-22.5,2027,2,2027-S2,Stable,87.9
z_37.5_-24.0,2027,2,2027-S2,Stable,87.9
z_37.5_-25.5,2027,2,2027-S2,Stable,88.6
z_37.5_-27.0,2027,2,2027-S2,Stable,92.5
z_37.5_-28.5,2027,2,2027-S2,Stable,88.8
z_37.5_-30.0,2027,2,2027-S2,Stable,90.9
z_37.5_-31.5,2027,2,2027-S2,Stable,87.2
z_37.5_-39.0,2027,2,2027-S2,Stable,87.8
z_37.5_-9.0,2027,2,2027-S2,Forte diminution,47.5
z_37.5_0.0,2027,2,2027-S2,Stable,63.4
z_37.5_1.5,2027,2,2027-S2,Stable,90.3
z_37.5_10.5,2027,2,2027-S2,Stable,91.0
z_37.5_12.0,2027,2,2027-S2,Stable,48.5
z_37.5_13.5,2027,2,2027-S2,Stable,43.0
z_37.5_15.0,2027,2,2027-S2,Forte diminution,53.9
z_37.5_16.5,2027,2,2027-S2,Stable,67.8
z_37.5_18.0,2027,2,2027-S2,Stable,88.4
z_37.5_19.5,2027,2,2027-S2,Forte diminution,50.1
z_37.5_21.0,2027,2,2027-S2,Forte diminution,40.9
z_37.5_22.5,2027,2,2027-S2,Faible diminution,29.7
z_37.5_24.0,2027,2,2027-S2,Stable,32.0
z_37.5_25.5,2027,2,2027-S2,Stable,45.0
z_37.5_27.0,2027,2,2027-S2,Stable,82.5
z_37.5_3.0,2027,2,2027-S2,Stable,79.1
z_37.5_4.5,2027,2,2027-S2,Stable,87.8
z_37.5_6.0,2027,2,2027-S2,Stable,88.5
z_37.5_7.5,2027,2,2027-S2,Stable,91.0
z_37.5_9.0,2027,2,2027-S2,Stable,73.4
z_39.0_-1.5,2027,2,2027-S2,Stable,43.1
z_39.0_-10.5,2027,2,2027-S2,Stable,40.1
z_39.0_-12.0,2027,2,2027-S2,Stable,87.2
z_39.0_-15.0,2027,2,2027-S2,Stable,87.5
z_39.0_-16.5,2027,2,2027-S2,Stable,88.2
z_39.0_-18.0,2027,2,2027-S2,Stable,82.1
z_39.0_-28.5,2027,2,2027-S2,Stable,88.3
z_39.0_-31.5,2027,2,2027-S2,Stable,88.6
z_39.0_-39.0,2027,2,2027-S2,Stable,87.1
z_39.0_-9.0,2027,2,2027-S2,Stable,54.9
z_39.0_0.0,2027,2,2027-S2,Stable,58.9
z_39.0_1.5,2027,2,2027-S2,Stable,39.1
z_39.0_10.5,2027,2,2027-S2,Stable,88.6
z_39.0_12.0,2027,2,2027-S2,Stable,82.5
z_39.0_13.5,2027,2,2027-S2,Stable,90.8
z_39.0_15.0,2027,2,2027-S2,Stable,88.9
z_39.0_16.5,2027,2,2027-S2,Stable,51.5
z_39.0_18.0,2027,2,2027-S2,Stable,73.5
z_39.0_19.5,2027,2,2027-S2,Stable,27.2
z_39.0_22.5,2027,2,2027-S2,Forte augmentation,36.6
z_39.0_24.0,2027,2,2027-S2,Stable,44.1
z_39.0_25.5,2027,2,2027-S2,Stable,50.1
z_39.0_27.0,2027,2,2027-S2,Stable,79.3
z_39.0_3.0,2027,2,2027-S2,Stable,62.5
z_39.0_4.5,2027,2,2027-S2,Stable,93.5
z_39.0_6.0,2027,2,2027-S2,Stable,90.5
z_39.0_7.5,2027,2,2027-S2,Stable,94.6
z_39.0_9.0,2027,2,2027-S2,Stable,49.9
z_40.5_-10.5,2027,2,2027-S2,Stable,88.8
z_40.5_-12.0,2027,2,2027-S2,Stable,87.8
z_40.5_-21.0,2027,2,2027-S2,Stable,87.7
z_40.5_-22.5,2027,2,2027-S2,Stable,88.5
z_40.5_-36.0,2027,2,2027-S2,Stable,91.0
z_40.5_-37.5,2027,2,2027-S2,Stable,88.0
z_40.5_-9.0,2027,2,2027-S2,Stable,38.7
z_40.5_0.0,2027,2,2027-S2,Forte diminution,47.1
z_40.5_1.5,2027,2,2027-S2,Forte diminution,42.7
z_40.5_10.5,2027,2,2027-S2,Stable,92.7
z_40.5_12.0,2027,2,2027-S2,Stable,73.3
z_40.5_13.5,2027,2,2027-S2,Stable,33.9
z_40.5_15.0,2027,2,2027-S2,Stable,84.4
z_40.5_16.5,2027,2,2027-S2,Stable,40.2
z_40.5_18.0,2027,2,2027-S2,Stable,82.3
z_40.5_22.5,2027,2,2027-S2,Stable,43.9
z_40.5_24.0,2027,2,2027-S2,Stable,39.0
z_40.5_25.5,2027,2,2027-S2,Stable,79.8
z_40.5_27.0,2027,2,2027-S2,Stable,79.9
z_40.5_28.5,2027,2,2027-S2,Stable,51.7
z_40.5_3.0,2027,2,2027-S2,Forte augmentation,38.0
z_40.5_30.0,2027,2,2027-S2,Stable,90.1
z_40.5_31.5,2027,2,2027-S2,Stable,92.4
z_40.5_36.0,2027,2,2027-S2,Stable,84.5
z_40.5_37.5,2027,2,2027-S2,Stable,87.9
z_40.5_4.5,2027,2,2027-S2,Stable,91.6
z_40.5_6.0,2027,2,2027-S2,Stable,88.6
z_40.5_7.5,2027,2,2027-S2,Stable,48.0
z_40.5_9.0,2027,2,2027-S2,Stable,50.1
z_42.0_-10.5,2027,2,2027-S2,Forte diminution,44.4
z_42.0_-12.0,2027,2,2027-S2,Stable,88.2
z_42.0_-19.5,2027,2,2027-S2,Stable,87.2
z_42.0_-24.0,2027,2,2027-S2,Stable,87.3
z_42.0_-28.5,2027,2,2027-S2,Stable,88.5
z_42.0_-3.0,2027,2,2027-S2,Stable,63.2
z_42.0_-36.0,2027,2,2027-S2,Stable,88.4
z_42.0_-39.0,2027,2,2027-S2,Stable,87.2
z_42.0_-4.5,2027,2,2027-S2,Stable,78.7
z_42.0_-6.0,2027,2,2027-S2,Stable,93.8
z_42.0_-9.0,2027,2,2027-S2,Forte diminution,45.4
z_42.0_10.5,2027,2,2027-S2,Stable,50.6
z_42.0_13.5,2027,2,2027-S2,Forte diminution,41.5
z_42.0_15.0,2027,2,2027-S2,Forte augmentation,37.7
z_42.0_16.5,2027,2,2027-S2,Stable,73.3
z_42.0_18.0,2027,2,2027-S2,Stable,90.1
z_42.0_27.0,2027,2,2027-S2,Stable,80.4
z_42.0_28.5,2027,2,2027-S2,Stable,92.4
z_42.0_3.0,2027,2,2027-S2,Forte diminution,46.6
z_42.0_33.0,2027,2,2027-S2,Stable,90.5
z_42.0_37.5,2027,2,2027-S2,Stable,89.0
z_42.0_4.5,2027,2,2027-S2,Forte diminution,50.8
z_42.0_40.5,2027,2,2027-S2,Stable,85.2
z_42.0_6.0,2027,2,2027-S2,Forte diminution,47.5
z_42.0_7.5,2027,2,2027-S2,Stable,88.0
z_42.0_9.0,2027,2,2027-S2,Stable,47.0
z_43.5_-1.5,2027,2,2027-S2,Stable,50.0
z_43.5_-10.5,2027,2,2027-S2,Stable,90.4
z_43.5_-12.0,2027,2,2027-S2,Stable,85.1
z_43.5_-28.5,2027,2,2027-S2,Stable,86.9
z_43.5_-3.0,2027,2,2027-S2,Stable,47.6
z_43.5_-33.0,2027,2,2027-S2,Stable,88.1
z_43.5_-34.5,2027,2,2027-S2,Stable,88.5
z_43.5_-4.5,2027,2,2027-S2,Stable,46.5
z_43.5_-40.5,2027,2,2027-S2,Stable,86.9
z_43.5_-6.0,2027,2,2027-S2,Stable,50.7
z_43.5_-7.5,2027,2,2027-S2,Forte diminution,46.5
z_43.5_-9.0,2027,2,2027-S2,Forte diminution,43.2
z_43.5_12.0,2027,2,2027-S2,Stable,39.3
z_43.5_13.5,2027,2,2027-S2,Stable,50.2
z_43.5_15.0,2027,2,2027-S2,Stable,75.9
z_43.5_28.5,2027,2,2027-S2,Stable,83.1
z_43.5_30.0,2027,2,2027-S2,Stable,88.6
z_43.5_36.0,2027,2,2027-S2,Stable,94.6
z_43.5_37.5,2027,2,2027-S2,Stable,89.9
z_43.5_39.0,2027,2,2027-S2,Stable,88.6
z_43.5_6.0,2027,2,2027-S2,Stable,92.1
z_43.5_7.5,2027,2,2027-S2,Forte diminution,46.4
z_43.5_9.0,2027,2,2027-S2,Forte diminution,40.3
z_45.0_-1.5,2027,2,2027-S2,Forte augmentation,37.2
z_45.0_-10.5,2027,2,2027-S2,Stable,88.1
z_45.0_-12.0,2027,2,2027-S2,Stable,87.6
z_45.0_-13.5,2027,2,2027-S2,Stable,88.5
z_45.0_-19.5,2027,2,2027-S2,Stable,89.9
z_45.0_-22.5,2027,2,2027-S2,Stable,88.6
z_45.0_-3.0,2027,2,2027-S2,Forte diminution,42.8
z_45.0_-36.0,2027,2,2027-S2,Stable,88.6
z_45.0_-4.5,2027,2,2027-S2,Stable,86.4
z_45.0_-42.0,2027,2,2027-S2,Stable,88.8
z_45.0_-6.0,2027,2,2027-S2,Stable,91.6
z_45.0_-7.5,2027,2,2027-S2,Stable,84.7
z_45.0_-9.0,2027,2,2027-S2,Stable,93.4
z_45.0_12.0,2027,2,2027-S2,Forte augmentation,45.3
z_45.0_13.5,2027,2,2027-S2,Stable,38.0
z_45.0_28.5,2027,2,2027-S2,Stable,79.8
z_45.0_30.0,2027,2,2027-S2,Stable,74.6
z_45.0_31.5,2027,2,2027-S2,Stable,83.7
z_45.0_34.5,2027,2,2027-S2,Stable,87.8
z_45.0_36.0,2027,2,2027-S2,Stable,92.1
z_46.5_-10.5,2027,2,2027-S2,Stable,88.5
z_46.5_-12.0,2027,2,2027-S2,Stable,88.2
z_46.5_-13.5,2027,2,2027-S2,Stable,88.7
z_46.5_-19.5,2027,2,2027-S2,Stable,87.8
z_46.5_-21.0,2027,2,2027-S2,Stable,88.7
z_46.5_-25.5,2027,2,2027-S2,Stable,87.6
z_46.5_-3.0,2027,2,2027-S2,Forte diminution,34.5
z_46.5_-31.5,2027,2,2027-S2,Stable,88.7
z_46.5_-36.0,2027,2,2027-S2,Stable,87.9
z_46.5_-4.5,2027,2,2027-S2,Stable,34.8
z_46.5_-6.0,2027,2,2027-S2,Forte diminution,58.9
z_46.5_-7.5,2027,2,2027-S2,Stable,83.1
z_46.5_-9.0,2027,2,2027-S2,Stable,92.6
z_46.5_30.0,2027,2,2027-S2,Stable,63.3
z_46.5_31.5,2027,2,2027-S2,Stable,82.2
z_46.5_36.0,2027,2,2027-S2,Stable,89.4
z_46.5_37.5,2027,2,2027-S2,Stable,88.6
z_46.5_39.0,2027,2,2027-S2,Stable,81.4
z_48.0_-1.5,2027,2,2027-S2,Forte diminution,33.1
z_48.0_-10.5,2027,2,2027-S2,Stable,93.9
z_48.0_-12.0,2027,2,2027-S2,Stable,93.5
z_48.0_-13.5,2027,2,2027-S2,Stable,88.5
z_48.0_-15.0,2027,2,2027-S2,Stable,88.7
z_48.0_-18.0,2027,2,2027-S2,Stable,88.5
z_48.0_-19.5,2027,2,2027-S2,Stable,86.1
z_48.0_-21.0,2027,2,2027-S2,Stable,88.7
z_48.0_-24.0,2027,2,2027-S2,Stable,87.6
z_48.0_-25.5,2027,2,2027-S2,Stable,87.6
z_48.0_-28.5,2027,2,2027-S2,Stable,88.6
z_48.0_-3.0,2027,2,2027-S2,Stable,65.5
z_48.0_-30.0,2027,2,2027-S2,Stable,88.0
z_48.0_-4.5,2027,2,2027-S2,Forte diminution,42.6
z_48.0_-40.5,2027,2,2027-S2,Stable,87.9
z_48.0_-6.0,2027,2,2027-S2,Forte diminution,28.3
z_48.0_-7.5,2027,2,2027-S2,Stable,86.6
z_48.0_-9.0,2027,2,2027-S2,Stable,54.2
z_49.5_-1.5,2027,2,2027-S2,Forte diminution,29.1
z_49.5_-10.5,2027,2,2027-S2,Stable,88.6
z_49.5_-12.0,2027,2,2027-S2,Stable,88.2
z_49.5_-13.5,2027,2,2027-S2,Stable,88.5
z_49.5_-15.0,2027,2,2027-S2,Stable,88.6
z_49.5_-16.5,2027,2,2027-S2,Stable,88.5
z_49.5_-18.0,2027,2,2027-S2,Stable,88.6
z_49.5_-19.5,2027,2,2027-S2,Stable,87.8
z_49.5_-21.0,2027,2,2027-S2,Stable,88.1
z_49.5_-24.0,2027,2,2027-S2,Stable,88.7
z_49.5_-3.0,2027,2,2027-S2,Forte augmentation,39.2
z_49.5_-30.0,2027,2,2027-S2,Stable,88.7
z_49.5_-4.5,2027,2,2027-S2,Stable,60.7
z_49.5_-6.0,2027,2,2027-S2,Stable,49.8
z_49.5_-7.5,2027,2,2027-S2,Stable,70.7
z_49.5_-9.0,2027,2,2027-S2,Stable,80.0
z_49.5_0.0,2027,2,2027-S2,Forte diminution,28.8
z_49.5_1.5,2027,2,2027-S2,Stable,86.7
z_51.0_-10.5,2027,2,2027-S2,Stable,56.0
z_51.0_-12.0,2027,2,2027-S2,Stable,75.9
z_51.0_-13.5,2027,2,2027-S2,Stable,76.7
z_51.0_-15.0,2027,2,2027-S2,Stable,92.4
z_51.0_-16.5,2027,2,2027-S2,Stable,89.5
z_51.0_-18.0,2027,2,2027-S2,Stable,88.6
z_51.0_-19.5,2027,2,2027-S2,Stable,88.6
z_51.0_-21.0,2027,2,2027-S2,Stable,85.8
z_51.0_-25.5,2027,2,2027-S2,Stable,88.7
z_51.0_-27.0,2027,2,2027-S2,Stable,88.3
z_51.0_-4.5,2027,2,2027-S2,Stable,88.2
z_51.0_-6.0,2027,2,2027-S2,Stable,38.6
z_51.0_-7.5,2027,2,2027-S2,Forte diminution,51.7
z_51.0_-9.0,2027,2,2027-S2,Stable,81.3
z_51.0_0.0,2027,2,2027-S2,Stable,35.0
z_51.0_1.5,2027,2,2027-S2,Forte diminution,33.7
z_51.0_3.0,2027,2,2027-S2,Stable,32.7
z_52.5_-1.5,2027,2,2027-S2,Stable,38.9
z_52.5_-10.5,2027,2,2027-S2,Stable,90.8
z_52.5_-12.0,2027,2,2027-S2,Stable,88.6
z_52.5_-13.5,2027,2,2027-S2,Stable,89.8
z_52.5_-15.0,2027,2,2027-S2,Stable,88.7
z_52.5_-19.5,2027,2,2027-S2,Stable,87.2
z_52.5_-21.0,2027,2,2027-S2,Stable,88.4
z_52.5_-4.5,2027,2,2027-S2,Stable,44.3
z_52.5_-6.0,2027,2,2027-S2,Stable,38.6
z_52.5_-7.5,2027,2,2027-S2,Stable,38.1
z_52.5_0.0,2027,2,2027-S2,Stable,48.0
z_52.5_1.5,2027,2,2027-S2,Stable,86.1
z_52.5_13.5,2027,2,2027-S2,Stable,35.4
z_52.5_3.0,2027,2,2027-S2,Forte diminution,49.9
z_52.5_4.5,2027,2,2027-S2,Stable,32.7
z_52.5_6.0,2027,2,2027-S2,Forte diminution,25.9
z_52.5_7.5,2027,2,2027-S2,Faible augmentation,25.8
z_52.5_9.0,2027,2,2027-S2,Stable,41.7
z_54.0_-1.5,2027,2,2027-S2,Stable,76.0
z_54.0_-10.5,2027,2,2027-S2,Stable,91.2
z_54.0_-12.0,2027,2,2027-S2,Stable,83.2
z_54.0_-13.5,2027,2,2027-S2,Stable,87.1
z_54.0_-15.0,2027,2,2027-S2,Stable,81.3
z_54.0_-16.5,2027,2,2027-S2,Stable,88.6
z_54.0_-4.5,2027,2,2027-S2,Stable,81.0
z_54.0_-6.0,2027,2,2027-S2,Stable,85.4
z_54.0_-7.5,2027,2,2027-S2,Stable,75.7
z_54.0_-9.0,2027,2,2027-S2,Stable,89.8
z_54.0_0.0,2027,2,2027-S2,Stable,92.4
z_54.0_1.5,2027,2,2027-S2,Stable,90.9
z_54.0_10.5,2027,2,2027-S2,Faible augmentation,46.5
z_54.0_12.0,2027,2,2027-S2,Forte diminution,28.2
z_54.0_13.5,2027,2,2027-S2,Forte diminution,28.0
z_54.0_15.0,2027,2,2027-S2,Stable,57.8
z_54.0_16.5,2027,2,2027-S2,Stable,80.3
z_54.0_18.0,2027,2,2027-S2,Faible augmentation,27.0
z_54.0_19.5,2027,2,2027-S2,Stable,94.7
z_54.0_3.0,2027,2,2027-S2,Stable,83.6
z_54.0_4.5,2027,2,2027-S2,Stable,82.5
z_54.0_6.0,2027,2,2027-S2,Stable,83.7
z_54.0_7.5,2027,2,2027-S2,Stable,26.3
z_54.0_9.0,2027,2,2027-S2,Faible augmentation,28.1
z_55.5_-1.5,2027,2,2027-S2,Stable,92.4
z_55.5_-10.5,2027,2,2027-S2,Stable,75.9
z_55.5_-12.0,2027,2,2027-S2,Stable,87.9
z_55.5_-15.0,2027,2,2027-S2,Stable,92.3
z_55.5_-3.0,2027,2,2027-S2,Stable,89.0
z_55.5_-39.0,2027,2,2027-S2,Stable,88.7
z_55.5_-4.5,2027,2,2027-S2,Stable,89.2
z_55.5_-6.0,2027,2,2027-S2,Stable,80.1
z_55.5_-7.5,2027,2,2027-S2,Stable,91.6
z_55.5_-9.0,2027,2,2027-S2,Stable,90.8
z_55.5_0.0,2027,2,2027-S2,Stable,89.5
z_55.5_1.5,2027,2,2027-S2,Stable,90.9
z_55.5_10.5,2027,2,2027-S2,Stable,48.1
z_55.5_12.0,2027,2,2027-S2,Forte diminution,30.6
z_55.5_13.5,2027,2,2027-S2,Stable,81.7
z_55.5_15.0,2027,2,2027-S2,Stable,42.5
z_55.5_16.5,2027,2,2027-S2,Stable,77.3
z_55.5_18.0,2027,2,2027-S2,Stable,92.4
z_55.5_19.5,2027,2,2027-S2,Stable,79.2
z_55.5_21.0,2027,2,2027-S2,Forte diminution,32.3
z_55.5_3.0,2027,2,2027-S2,Stable,88.6
z_55.5_4.5,2027,2,2027-S2,Stable,89.0
z_55.5_6.0,2027,2,2027-S2,Stable,51.5
z_55.5_7.5,2027,2,2027-S2,Forte diminution,47.8
z_55.5_9.0,2027,2,2027-S2,Forte diminution,44.8
z_57.0_-1.5,2027,2,2027-S2,Stable,86.7
z_57.0_-10.5,2027,2,2027-S2,Stable,87.3
z_57.0_-13.5,2027,2,2027-S2,Stable,83.6
z_57.0_-15.0,2027,2,2027-S2,Stable,92.9
z_57.0_-24.0,2027,2,2027-S2,Stable,82.7
z_57.0_-28.5,2027,2,2027-S2,Stable,83.7
z_57.0_-3.0,2027,2,2027-S2,Stable,78.6
z_57.0_-4.5,2027,2,2027-S2,Stable,88.0
z_57.0_-6.0,2027,2,2027-S2,Stable,69.5
z_57.0_-7.5,2027,2,2027-S2,Stable,92.0
z_57.0_-9.0,2027,2,2027-S2,Stable,91.7
z_57.0_0.0,2027,2,2027-S2,Stable,85.4
z_57.0_1.5,2027,2,2027-S2,Stable,88.5
z_57.0_10.5,2027,2,2027-S2,Faible augmentation,41.5
z_57.0_12.0,2027,2,2027-S2,Stable,65.6
z_57.0_16.5,2027,2,2027-S2,Stable,44.0
z_57.0_18.0,2027,2,2027-S2,Stable,80.1
z_57.0_19.5,2027,2,2027-S2,Stable,92.9
z_57.0_21.0,2027,2,2027-S2,Stable,92.5
z_57.0_22.5,2027,2,2027-S2,Stable,46.8
z_57.0_24.0,2027,2,2027-S2,Stable,91.1
z_57.0_3.0,2027,2,2027-S2,Stable,82.9
z_57.0_4.5,2027,2,2027-S2,Stable,73.6
z_57.0_6.0,2027,2,2027-S2,Stable,85.1
z_57.0_7.5,2027,2,2027-S2,Stable,50.9
z_57.0_9.0,2027,2,2027-S2,Stable,46.1
z_58.5_-1.5,2027,2,2027-S2,Stable,92.6
z_58.5_-10.5,2027,2,2027-S2,Stable,89.4
z_58.5_-12.0,2027,2,2027-S2,Stable,88.2
z_58.5_-15.0,2027,2,2027-S2,Stable,86.6
z_58.5_-19.5,2027,2,2027-S2,Stable,78.1
z_58.5_-24.0,2027,2,2027-S2,Stable,88.3
z_58.5_-3.0,2027,2,2027-S2,Stable,90.2
z_58.5_-31.5,2027,2,2027-S2,Stable,89.3
z_58.5_-4.5,2027,2,2027-S2,Stable,93.3
z_58.5_-6.0,2027,2,2027-S2,Stable,90.9
z_58.5_-7.5,2027,2,2027-S2,Stable,89.6
z_58.5_-9.0,2027,2,2027-S2,Stable,91.4
z_58.5_0.0,2027,2,2027-S2,Stable,89.8
z_58.5_1.5,2027,2,2027-S2,Stable,94.9
z_58.5_10.5,2027,2,2027-S2,Forte diminution,45.4
z_58.5_15.0,2027,2,2027-S2,Stable,83.1
z_58.5_16.5,2027,2,2027-S2,Stable,30.0
z_58.5_18.0,2027,2,2027-S2,Stable,33.4
z_58.5_19.5,2027,2,2027-S2,Stable,64.4
z_58.5_21.0,2027,2,2027-S2,Stable,72.2
z_58.5_22.5,2027,2,2027-S2,Stable,56.0
z_58.5_24.0,2027,2,2027-S2,Forte diminution,43.1
z_58.5_25.5,2027,2,2027-S2,Stable,89.9
z_58.5_27.0,2027,2,2027-S2,Stable,93.8
z_58.5_28.5,2027,2,2027-S2,Stable,88.8
z_58.5_3.0,2027,2,2027-S2,Stable,75.5
z_58.5_4.5,2027,2,2027-S2,Forte diminution,30.2
z_58.5_6.0,2027,2,2027-S2,Stable,91.3
z_58.5_7.5,2027,2,2027-S2,Stable,87.5
z_58.5_9.0,2027,2,2027-S2,Stable,49.3
z_60.0_-1.5,2027,2,2027-S2,Stable,91.1
z_60.0_-10.5,2027,2,2027-S2,Stable,92.0
z_60.0_-12.0,2027,2,2027-S2,Stable,82.4
z_60.0_-27.0,2027,2,2027-S2,Stable,87.0
z_60.0_-3.0,2027,2,2027-S2,Stable,89.5
z_60.0_-31.5,2027,2,2027-S2,Stable,93.9
z_60.0_-4.5,2027,2,2027-S2,Stable,87.3
z_60.0_-6.0,2027,2,2027-S2,Stable,91.5
z_60.0_-7.5,2027,2,2027-S2,Stable,88.9
z_60.0_-9.0,2027,2,2027-S2,Stable,92.3
z_60.0_0.0,2027,2,2027-S2,Stable,90.3
z_60.0_1.5,2027,2,2027-S2,Stable,64.3
z_60.0_16.5,2027,2,2027-S2,Stable,85.9
z_60.0_18.0,2027,2,2027-S2,Stable,91.5
z_60.0_19.5,2027,2,2027-S2,Stable,92.2
z_60.0_21.0,2027,2,2027-S2,Forte diminution,54.8
z_60.0_24.0,2027,2,2027-S2,Stable,48.1
z_60.0_25.5,2027,2,2027-S2,Forte diminution,47.5
z_60.0_27.0,2027,2,2027-S2,Stable,94.3
z_60.0_28.5,2027,2,2027-S2,Stable,89.2
z_60.0_3.0,2027,2,2027-S2,Stable,89.3
z_60.0_4.5,2027,2,2027-S2,Stable,26.8
z_60.0_6.0,2027,2,2027-S2,Stable,89.9
z_61.5_-1.5,2027,2,2027-S2,Stable,92.0
z_61.5_-10.5,2027,2,2027-S2,Stable,91.1
z_61.5_-12.0,2027,2,2027-S2,Stable,75.9
z_61.5_-13.5,2027,2,2027-S2,Stable,87.6
z_61.5_-16.5,2027,2,2027-S2,Stable,87.7
z_61.5_-18.0,2027,2,2027-S2,Stable,88.6
z_61.5_-27.0,2027,2,2027-S2,Stable,88.5
z_61.5_-7.5,2027,2,2027-S2,Stable,89.8
z_61.5_-9.0,2027,2,2027-S2,Stable,89.3
z_61.5_0.0,2027,2,2027-S2,Stable,91.9
z_61.5_1.5,2027,2,2027-S2,Stable,90.6
z_61.5_16.5,2027,2,2027-S2,Stable,85.9
z_61.5_18.0,2027,2,2027-S2,Stable,86.5
z_61.5_19.5,2027,2,2027-S2,Stable,86.4
z_61.5_21.0,2027,2,2027-S2,Stable,82.1
z_61.5_3.0,2027,2,2027-S2,Stable,88.3
z_61.5_4.5,2027,2,2027-S2,Stable,41.3
z_61.5_6.0,2027,2,2027-S2,Forte augmentation,37.0
z_61.5_7.5,2027,2,2027-S2,Stable,85.6
z_63.0_-1.5,2027,2,2027-S2,Stable,77.6
z_63.0_-10.5,2027,2,2027-S2,Stable,83.5
z_63.0_-12.0,2027,2,2027-S2,Stable,87.4
z_63.0_-13.5,2027,2,2027-S2,Stable,93.7
z_63.0_-15.0,2027,2,2027-S2,Stable,91.7
z_63.0_-16.5,2027,2,2027-S2,Stable,91.0
z_63.0_-18.0,2027,2,2027-S2,Stable,81.0
z_63.0_-19.5,2027,2,2027-S2,Stable,85.0
z_63.0_-21.0,2027,2,2027-S2,Stable,91.5
z_63.0_-22.5,2027,2,2027-S2,Stable,50.6
z_63.0_-24.0,2027,2,2027-S2,Stable,86.5
z_63.0_-25.5,2027,2,2027-S2,Stable,90.1
z_63.0_-27.0,2027,2,2027-S2,Stable,92.3
z_63.0_-36.0,2027,2,2027-S2,Stable,92.6
z_63.0_-39.0,2027,2,2027-S2,Stable,92.9
z_63.0_-7.5,2027,2,2027-S2,Stable,86.6
z_63.0_-9.0,2027,2,2027-S2,Stable,88.4
z_63.0_0.0,2027,2,2027-S2,Stable,90.5
z_63.0_10.5,2027,2,2027-S2,Stable,84.6
z_63.0_18.0,2027,2,2027-S2,Stable,89.5
z_63.0_19.5,2027,2,2027-S2,Stable,81.5
z_63.0_21.0,2027,2,2027-S2,Stable,88.8
z_63.0_22.5,2027,2,2027-S2,Stable,90.9
z_63.0_3.0,2027,2,2027-S2,Stable,88.6
z_63.0_4.5,2027,2,2027-S2,Stable,84.2
z_63.0_6.0,2027,2,2027-S2,Stable,89.3
z_63.0_7.5,2027,2,2027-S2,Forte diminution,58.8
z_63.0_9.0,2027,2,2027-S2,Forte diminution,45.5
z_64.5_-10.5,2027,2,2027-S2,Stable,89.3
z_64.5_-12.0,2027,2,2027-S2,Stable,92.4
z_64.5_-13.5,2027,2,2027-S2,Stable,94.1
z_64.5_-15.0,2027,2,2027-S2,Stable,70.3
z_64.5_-19.5,2027,2,2027-S2,Stable,88.6
z_64.5_-21.0,2027,2,2027-S2,Stable,87.5
z_64.5_-22.5,2027,2,2027-S2,Stable,75.9
z_64.5_-24.0,2027,2,2027-S2,Stable,78.0
z_64.5_-25.5,2027,2,2027-S2,Stable,91.3
z_64.5_-27.0,2027,2,2027-S2,Stable,83.1
z_64.5_-28.5,2027,2,2027-S2,Stable,88.6
z_64.5_-3.0,2027,2,2027-S2,Stable,89.6
z_64.5_-33.0,2027,2,2027-S2,Stable,88.6
z_64.5_-37.5,2027,2,2027-S2,Stable,92.8
z_64.5_-6.0,2027,2,2027-S2,Stable,88.5
z_64.5_0.0,2027,2,2027-S2,Stable,90.9
z_64.5_10.5,2027,2,2027-S2,Stable,37.5
z_64.5_12.0,2027,2,2027-S2,Stable,40.1
z_64.5_21.0,2027,2,2027-S2,Forte diminution,40.7
z_64.5_22.5,2027,2,2027-S2,Stable,86.8
z_64.5_24.0,2027,2,2027-S2,Stable,81.7
z_64.5_3.0,2027,2,2027-S2,Stable,87.1
z_64.5_34.5,2027,2,2027-S2,Stable,87.6
z_64.5_39.0,2027,2,2027-S2,Stable,80.6
z_64.5_4.5,2027,2,2027-S2,Stable,87.5
z_64.5_6.0,2027,2,2027-S2,Stable,80.9
z_64.5_7.5,2027,2,2027-S2,Stable,80.5
z_64.5_9.0,2027,2,2027-S2,Stable,94.4
z_66.0_-1.5,2027,2,2027-S2,Stable,88.8
z_66.0_-12.0,2027,2,2027-S2,Stable,88.2
z_66.0_-13.5,2027,2,2027-S2,Stable,92.8
z_66.0_-15.0,2027,2,2027-S2,Stable,93.5
z_66.0_-16.5,2027,2,2027-S2,Stable,94.1
z_66.0_-18.0,2027,2,2027-S2,Stable,87.2
z_66.0_-19.5,2027,2,2027-S2,Stable,89.7
z_66.0_-21.0,2027,2,2027-S2,Stable,88.5
z_66.0_-22.5,2027,2,2027-S2,Stable,91.4
z_66.0_-24.0,2027,2,2027-S2,Stable,81.0
z_66.0_-25.5,2027,2,2027-S2,Stable,90.1
z_66.0_-27.0,2027,2,2027-S2,Stable,92.4
z_66.0_-3.0,2027,2,2027-S2,Stable,84.2
z_66.0_1.5,2027,2,2027-S2,Stable,84.5
z_66.0_10.5,2027,2,2027-S2,Stable,88.4
z_66.0_12.0,2027,2,2027-S2,Stable,40.6
z_66.0_13.5,2027,2,2027-S2,Stable,45.1
z_66.0_15.0,2027,2,2027-S2,Stable,87.0
z_66.0_4.5,2027,2,2027-S2,Stable,86.2
z_66.0_6.0,2027,2,2027-S2,Stable,88.6
z_66.0_7.5,2027,2,2027-S2,Stable,87.4
z_66.0_9.0,2027,2,2027-S2,Stable,84.6
z_67.5_-1.5,2027,2,2027-S2,Stable,85.4
z_67.5_-16.5,2027,2,2027-S2,Stable,86.8
z_67.5_0.0,2027,2,2027-S2,Stable,81.1
z_67.5_10.5,2027,2,2027-S2,Stable,88.1
z_67.5_12.0,2027,2,2027-S2,Stable,85.0
z_67.5_13.5,2027,2,2027-S2,Stable,48.9
z_67.5_15.0,2027,2,2027-S2,Stable,43.5
z_67.5_16.5,2027,2,2027-S2,Stable,55.9
z_67.5_4.5,2027,2,2027-S2,Stable,86.9
z_67.5_6.0,2027,2,2027-S2,Stable,87.8
z_67.5_9.0,2027,2,2027-S2,Stable,82.8
z_69.0_-18.0,2027,2,2027-S2,Stable,86.7
z_69.0_13.5,2027,2,2027-S2,Stable,83.9
z_69.0_15.0,2027,2,2027-S2,Stable,77.5
z_69.0_16.5,2027,2,2027-S2,Forte diminution,51.2
z_69.0_18.0,2027,2,2027-S2,Stable,49.0
z_69.0_19.5,2027,2,2027-S2,Stable,72.8
z_69.0_21.0,2027,2,2027-S2,Stable,78.3
z_69.0_22.5,2027,2,2027-S2,Stable,71.8
z_69.0_24.0,2027,2,2027-S2,Stable,93.9
z_69.0_28.5,2027,2,2027-S2,Stable,94.5
z_69.0_30.0,2027,2,2027-S2,Stable,90.6
z_69.0_33.0,2027,2,2027-S2,Stable,91.0
z_69.0_42.0,2027,2,2027-S2,Stable,89.5
z_69.0_6.0,2027,2,2027-S2,Stable,88.6
z_69.0_67.5,2027,2,2027-S2,Stable,81.1
z_70.5_-12.0,2027,2,2027-S2,Stable,88.6
z_70.5_0.0,2027,2,2027-S2,Stable,88.2
z_70.5_10.5,2027,2,2027-S2,Stable,85.8
z_70.5_13.5,2027,2,2027-S2,Stable,81.1
z_70.5_15.0,2027,2,2027-S2,Stable,93.2
z_70.5_16.5,2027,2,2027-S2,Stable,93.1
z_70.5_18.0,2027,2,2027-S2,Stable,87.4
z_70.5_19.5,2027,2,2027-S2,Stable,83.5
z_70.5_21.0,2027,2,2027-S2,Stable,89.2
z_70.5_22.5,2027,2,2027-S2,Stable,85.2
z_70.5_24.0,2027,2,2027-S2,Stable,53.9
z_70.5_25.5,2027,2,2027-S2,Stable,90.4
z_70.5_27.0,2027,2,2027-S2,Stable,84.8
z_70.5_28.5,2027,2,2027-S2,Stable,92.3
z_70.5_30.0,2027,2,2027-S2,Stable,76.9
z_70.5_33.0,2027,2,2027-S2,Stable,94.0
z_70.5_36.0,2027,2,2027-S2,Stable,92.4
z_72.0_1.5,2027,2,2027-S2,Stable,86.0
z_72.0_13.5,2027,2,2027-S2,Stable,92.0
z_72.0_15.0,2027,2,2027-S2,Stable,92.6
z_72.0_16.5,2027,2,2027-S2,Stable,91.9
z_72.0_18.0,2027,2,2027-S2,Stable,86.5
z_72.0_19.5,2027,2,2027-S2,Stable,80.7
z_72.0_22.5,2027,2,2027-S2,Stable,84.0
z_72.0_24.0,2027,2,2027-S2,Stable,88.7
z_72.0_25.5,2027,2,2027-S2,Stable,89.2
z_72.0_28.5,2027,2,2027-S2,Stable,88.6
z_72.0_30.0,2027,2,2027-S2,Stable,90.6
z_72.0_34.5,2027,2,2027-S2,Stable,88.6
z_73.5_1.5,2027,2,2027-S2,Stable,87.6
z_73.5_16.5,2027,2,2027-S2,Stable,94.1
z_73.5_18.0,2027,2,2027-S2,Stable,89.3
z_73.5_19.5,2027,2,2027-S2,Stable,93.0
z_73.5_21.0,2027,2,2027-S2,Stable,90.9
z_73.5_22.5,2027,2,2027-S2,Stable,94.7
z_73.5_25.5,2027,2,2027-S2,Stable,83.9
z_73.5_28.5,2027,2,2027-S2,Stable,90.2
z_73.5_30.0,2027,2,2027-S2,Stable,93.1
z_73.5_31.5,2027,2,2027-S2,Stable,83.5
z_73.5_33.0,2027,2,2027-S2,Stable,84.6
z_73.5_34.5,2027,2,2027-S2,Stable,91.6
z_73.5_36.0,2027,2,2027-S2,Stable,84.1
z_73.5_51.0,2027,2,2027-S2,Stable,87.8
z_75.0_16.5,2027,2,2027-S2,Stable,90.8
z_75.0_18.0,2027,2,2027-S2,Stable,92.7
z_75.0_19.5,2027,2,2027-S2,Stable,92.4
z_75.0_22.5,2027,2,2027-S2,Stable,92.7
z_75.0_25.5,2027,2,2027-S2,Stable,87.5
z_75.0_30.0,2027,2,2027-S2,Stable,94.8
z_75.0_31.5,2027,2,2027-S2,Stable,93.3
z_75.0_33.0,2027,2,2027-S2,Stable,84.7
z_75.0_34.5,2027,2,2027-S2,Stable,94.7
z_75.0_36.0,2027,2,2027-S2,Stable,93.7
z_75.0_39.0,2027,2,2027-S2,Stable,94.1
z_75.0_40.5,2027,2,2027-S2,Stable,86.5
z_76.5_13.5,2027,2,2027-S2,Stable,78.7
z_76.5_19.5,2027,2,2027-S2,Stable,88.4
z_76.5_31.5,2027,2,2027-S2,Stable,90.8
z_76.5_33.0,2027,2,2027-S2,Stable,90.6
z_76.5_36.0,2027,2,2027-S2,Stable,92.3
z_76.5_37.5,2027,2,2027-S2,Stable,88.6
z_76.5_40.5,2027,2,2027-S2,Stable,88.2
z_76.5_9.0,2027,2,2027-S2,Stable,93.7
z_78.0_10.5,2027,2,2027-S2,Stable,85.6
z_78.0_12.0,2027,2,2027-S2,Stable,85.4
z_78.0_13.5,2027,2,2027-S2,Stable,79.8
z_78.0_15.0,2027,2,2027-S2,Stable,81.3
z_78.0_22.5,2027,2,2027-S2,Stable,88.6
z_78.0_33.0,2027,2,2027-S2,Stable,83.7
z_79.5_10.5,2027,2,2027-S2,Stable,90.2
z_79.5_13.5,2027,2,2027-S2,Stable,87.8
z_79.5_16.5,2027,2,2027-S2,Stable,90.6
z_79.5_19.5,2027,2,2027-S2,Stable,85.1
z_79.5_27.0,2027,2,2027-S2,Stable,88.6
z_79.5_31.5,2027,2,2027-S2,Stable,86.1
z_24.0_-18.0,2028,1,2028-S1,Stable,93.5
z_24.0_-19.5,2028,1,2028-S1,Stable,93.3
z_24.0_-22.5,2028,1,2028-S1,Stable,93.5
z_24.0_-24.0,2028,1,2028-S1,Stable,91.1
z_24.0_-39.0,2028,1,2028-S1,Stable,93.1
z_25.5_-15.0,2028,1,2028-S1,Stable,93.2
z_25.5_-16.5,2028,1,2028-S1,Stable,89.0
z_25.5_-18.0,2028,1,2028-S1,Stable,92.7
z_25.5_-39.0,2028,1,2028-S1,Stable,90.7
z_27.0_-15.0,2028,1,2028-S1,Stable,92.9
z_27.0_-16.5,2028,1,2028-S1,Forte diminution,40.2
z_27.0_-18.0,2028,1,2028-S1,Stable,91.3
z_27.0_-37.5,2028,1,2028-S1,Stable,91.7
z_28.5_-12.0,2028,1,2028-S1,Stable,93.3
z_28.5_-13.5,2028,1,2028-S1,Stable,94.1
z_28.5_-15.0,2028,1,2028-S1,Stable,78.1
z_28.5_-16.5,2028,1,2028-S1,Forte diminution,48.3
z_28.5_-18.0,2028,1,2028-S1,Stable,90.7
z_28.5_-21.0,2028,1,2028-S1,Stable,92.1
z_28.5_-28.5,2028,1,2028-S1,Stable,92.9
z_28.5_-33.0,2028,1,2028-S1,Stable,92.3
z_28.5_-34.5,2028,1,2028-S1,Stable,93.5
z_28.5_-36.0,2028,1,2028-S1,Stable,94.0
z_30.0_-10.5,2028,1,2028-S1,Stable,93.6
z_30.0_-12.0,2028,1,2028-S1,Stable,92.1
z_30.0_-13.5,2028,1,2028-S1,Stable,93.0
z_30.0_-15.0,2028,1,2028-S1,Stable,96.2
z_30.0_-18.0,2028,1,2028-S1,Stable,93.3
z_30.0_-33.0,2028,1,2028-S1,Stable,93.0
z_30.0_-36.0,2028,1,2028-S1,Stable,93.5
z_30.0_-37.5,2028,1,2028-S1,Stable,91.1
z_30.0_-39.0,2028,1,2028-S1,Stable,93.5
z_30.0_-42.0,2028,1,2028-S1,Stable,93.1
z_30.0_28.5,2028,1,2028-S1,Stable,68.2
z_30.0_30.0,2028,1,2028-S1,Stable,94.2
z_30.0_31.5,2028,1,2028-S1,Stable,86.4
z_31.5_-10.5,2028,1,2028-S1,Stable,93.0
z_31.5_-12.0,2028,1,2028-S1,Stable,93.6
z_31.5_-15.0,2028,1,2028-S1,Stable,93.3
z_31.5_-18.0,2028,1,2028-S1,Stable,93.6
z_31.5_-33.0,2028,1,2028-S1,Stable,92.8
z_31.5_-39.0,2028,1,2028-S1,Stable,93.6
z_31.5_13.5,2028,1,2028-S1,Stable,93.3
z_31.5_15.0,2028,1,2028-S1,Stable,92.6
z_31.5_19.5,2028,1,2028-S1,Stable,93.3
z_31.5_24.0,2028,1,2028-S1,Stable,91.3
z_31.5_25.5,2028,1,2028-S1,Stable,91.5
z_31.5_27.0,2028,1,2028-S1,Stable,90.3
z_31.5_28.5,2028,1,2028-S1,Stable,91.1
z_31.5_30.0,2028,1,2028-S1,Stable,92.9
z_31.5_31.5,2028,1,2028-S1,Stable,94.4
z_31.5_33.0,2028,1,2028-S1,Stable,93.6
z_31.5_34.5,2028,1,2028-S1,Stable,92.5
z_33.0_-10.5,2028,1,2028-S1,Stable,92.5
z_33.0_-13.5,2028,1,2028-S1,Stable,92.5
z_33.0_-16.5,2028,1,2028-S1,Stable,93.1
z_33.0_-28.5,2028,1,2028-S1,Stable,92.2
z_33.0_-34.5,2028,1,2028-S1,Stable,89.9
z_33.0_-7.5,2028,1,2028-S1,Stable,90.8
z_33.0_-9.0,2028,1,2028-S1,Stable,92.8
z_33.0_10.5,2028,1,2028-S1,Stable,82.1
z_33.0_12.0,2028,1,2028-S1,Stable,92.0
z_33.0_13.5,2028,1,2028-S1,Stable,92.2
z_33.0_18.0,2028,1,2028-S1,Stable,92.3
z_33.0_19.5,2028,1,2028-S1,Stable,93.6
z_33.0_21.0,2028,1,2028-S1,Stable,91.1
z_33.0_22.5,2028,1,2028-S1,Stable,91.2
z_33.0_24.0,2028,1,2028-S1,Stable,93.6
z_33.0_25.5,2028,1,2028-S1,Stable,93.6
z_33.0_28.5,2028,1,2028-S1,Stable,91.8
z_33.0_31.5,2028,1,2028-S1,Stable,89.3
z_33.0_33.0,2028,1,2028-S1,Stable,86.6
z_33.0_34.5,2028,1,2028-S1,Stable,93.0
z_33.0_9.0,2028,1,2028-S1,Stable,93.6
z_34.5_-1.5,2028,1,2028-S1,Stable,92.4
z_34.5_-10.5,2028,1,2028-S1,Stable,92.6
z_34.5_-12.0,2028,1,2028-S1,Stable,92.8
z_34.5_-15.0,2028,1,2028-S1,Stable,93.3
z_34.5_-18.0,2028,1,2028-S1,Stable,92.5
z_34.5_-22.5,2028,1,2028-S1,Stable,87.7
z_34.5_-3.0,2028,1,2028-S1,Stable,94.6
z_34.5_-30.0,2028,1,2028-S1,Stable,91.1
z_34.5_-36.0,2028,1,2028-S1,Stable,92.9
z_34.5_-37.5,2028,1,2028-S1,Stable,92.6
z_34.5_-39.0,2028,1,2028-S1,Stable,95.0
z_34.5_-4.5,2028,1,2028-S1,Stable,92.7
z_34.5_-6.0,2028,1,2028-S1,Stable,85.5
z_34.5_-7.5,2028,1,2028-S1,Stable,79.1
z_34.5_-9.0,2028,1,2028-S1,Stable,93.5
z_34.5_0.0,2028,1,2028-S1,Stable,93.5
z_34.5_10.5,2028,1,2028-S1,Stable,93.3
z_34.5_12.0,2028,1,2028-S1,Stable,90.8
z_34.5_13.5,2028,1,2028-S1,Faible augmentation,36.3
z_34.5_15.0,2028,1,2028-S1,Stable,93.1
z_34.5_16.5,2028,1,2028-S1,Stable,86.5
z_34.5_18.0,2028,1,2028-S1,Stable,92.3
z_34.5_19.5,2028,1,2028-S1,Stable,91.2
z_34.5_21.0,2028,1,2028-S1,Stable,91.9
z_34.5_22.5,2028,1,2028-S1,Stable,87.5
z_34.5_24.0,2028,1,2028-S1,Forte diminution,41.2
z_34.5_25.5,2028,1,2028-S1,Stable,89.2
z_34.5_27.0,2028,1,2028-S1,Stable,90.5
z_34.5_28.5,2028,1,2028-S1,Stable,93.0
z_34.5_30.0,2028,1,2028-S1,Stable,92.9
z_34.5_31.5,2028,1,2028-S1,Stable,76.7
z_34.5_33.0,2028,1,2028-S1,Stable,40.5
z_34.5_34.5,2028,1,2028-S1,Stable,91.8
z_36.0_-1.5,2028,1,2028-S1,Stable,90.2
z_36.0_-10.5,2028,1,2028-S1,Stable,60.8
z_36.0_-12.0,2028,1,2028-S1,Stable,92.3
z_36.0_-13.5,2028,1,2028-S1,Stable,92.8
z_36.0_-16.5,2028,1,2028-S1,Stable,92.8
z_36.0_-18.0,2028,1,2028-S1,Stable,94.3
z_36.0_-21.0,2028,1,2028-S1,Stable,92.9
z_36.0_-22.5,2028,1,2028-S1,Stable,92.8
z_36.0_-24.0,2028,1,2028-S1,Stable,93.5
z_36.0_-25.5,2028,1,2028-S1,Stable,89.3
z_36.0_-3.0,2028,1,2028-S1,Forte diminution,40.0
z_36.0_-36.0,2028,1,2028-S1,Stable,93.3
z_36.0_-4.5,2028,1,2028-S1,Stable,85.0
z_36.0_-42.0,2028,1,2028-S1,Stable,93.0
z_36.0_-6.0,2028,1,2028-S1,Forte diminution,44.5
z_36.0_-7.5,2028,1,2028-S1,Forte diminution,41.4
z_36.0_-9.0,2028,1,2028-S1,Forte diminution,55.7
z_36.0_0.0,2028,1,2028-S1,Stable,94.1
z_36.0_1.5,2028,1,2028-S1,Stable,91.3
z_36.0_10.5,2028,1,2028-S1,Stable,81.4
z_36.0_12.0,2028,1,2028-S1,Stable,46.8
z_36.0_13.5,2028,1,2028-S1,Forte diminution,51.2
z_36.0_15.0,2028,1,2028-S1,Forte diminution,53.8
z_36.0_16.5,2028,1,2028-S1,Stable,96.1
z_36.0_18.0,2028,1,2028-S1,Stable,92.4
z_36.0_19.5,2028,1,2028-S1,Stable,85.3
z_36.0_21.0,2028,1,2028-S1,Stable,94.6
z_36.0_22.5,2028,1,2028-S1,Forte diminution,53.0
z_36.0_24.0,2028,1,2028-S1,Stable,27.6
z_36.0_25.5,2028,1,2028-S1,Forte diminution,41.0
z_36.0_27.0,2028,1,2028-S1,Forte diminution,34.0
z_36.0_28.5,2028,1,2028-S1,Stable,87.0
z_36.0_3.0,2028,1,2028-S1,Stable,91.9
z_36.0_30.0,2028,1,2028-S1,Stable,90.0
z_36.0_34.5,2028,1,2028-S1,Stable,87.1
z_36.0_36.0,2028,1,2028-S1,Stable,84.8
z_36.0_4.5,2028,1,2028-S1,Stable,92.2
z_36.0_6.0,2028,1,2028-S1,Stable,92.1
z_36.0_7.5,2028,1,2028-S1,Stable,92.5
z_36.0_9.0,2028,1,2028-S1,Stable,93.5
z_37.5_-1.5,2028,1,2028-S1,Forte augmentation,39.1
z_37.5_-10.5,2028,1,2028-S1,Stable,38.1
z_37.5_-12.0,2028,1,2028-S1,Stable,94.0
z_37.5_-13.5,2028,1,2028-S1,Stable,93.3
z_37.5_-16.5,2028,1,2028-S1,Stable,93.3
z_37.5_-19.5,2028,1,2028-S1,Stable,93.9
z_37.5_-21.0,2028,1,2028-S1,Stable,93.9
z_37.5_-22.5,2028,1,2028-S1,Stable,96.0
z_37.5_-24.0,2028,1,2028-S1,Stable,92.7
z_37.5_-25.5,2028,1,2028-S1,Stable,87.0
z_37.5_-27.0,2028,1,2028-S1,Stable,87.7
z_37.5_-28.5,2028,1,2028-S1,Stable,91.0
z_37.5_-30.0,2028,1,2028-S1,Stable,91.7
z_37.5_-31.5,2028,1,2028-S1,Stable,93.9
z_37.5_-39.0,2028,1,2028-S1,Stable,92.6
z_37.5_-9.0,2028,1,2028-S1,Forte diminution,48.3
z_37.5_0.0,2028,1,2028-S1,Stable,47.9
z_37.5_1.5,2028,1,2028-S1,Stable,91.4
z_37.5_10.5,2028,1,2028-S1,Stable,88.9
z_37.5_12.0,2028,1,2028-S1,Stable,44.3
z_37.5_13.5,2028,1,2028-S1,Stable,47.5
z_37.5_15.0,2028,1,2028-S1,Forte diminution,58.1
z_37.5_16.5,2028,1,2028-S1,Stable,82.8
z_37.5_18.0,2028,1,2028-S1,Stable,93.1
z_37.5_19.5,2028,1,2028-S1,Forte diminution,57.3
z_37.5_21.0,2028,1,2028-S1,Forte diminution,42.3
z_37.5_22.5,2028,1,2028-S1,Faible diminution,35.1
z_37.5_24.0,2028,1,2028-S1,Forte diminution,26.0
z_37.5_25.5,2028,1,2028-S1,Stable,59.3
z_37.5_27.0,2028,1,2028-S1,Stable,89.4
z_37.5_3.0,2028,1,2028-S1,Stable,87.3
z_37.5_4.5,2028,1,2028-S1,Stable,92.6
z_37.5_6.0,2028,1,2028-S1,Stable,93.3
z_37.5_7.5,2028,1,2028-S1,Stable,90.9
z_37.5_9.0,2028,1,2028-S1,Stable,81.8
z_39.0_-1.5,2028,1,2028-S1,Stable,42.0
z_39.0_-10.5,2028,1,2028-S1,Stable,46.7
z_39.0_-12.0,2028,1,2028-S1,Stable,93.9
z_39.0_-15.0,2028,1,2028-S1,Stable,93.9
z_39.0_-16.5,2028,1,2028-S1,Stable,93.0
z_39.0_-18.0,2028,1,2028-S1,Stable,89.5
z_39.0_-28.5,2028,1,2028-S1,Stable,92.8
z_39.0_-31.5,2028,1,2028-S1,Stable,88.1
z_39.0_-39.0,2028,1,2028-S1,Stable,91.9
z_39.0_-9.0,2028,1,2028-S1,Stable,52.2
z_39.0_0.0,2028,1,2028-S1,Stable,59.0
z_39.0_1.5,2028,1,2028-S1,Stable,42.8
z_39.0_10.5,2028,1,2028-S1,Stable,93.5
z_39.0_12.0,2028,1,2028-S1,Stable,89.3
z_39.0_13.5,2028,1,2028-S1,Stable,90.7
z_39.0_15.0,2028,1,2028-S1,Stable,88.4
z_39.0_16.5,2028,1,2028-S1,Stable,54.5
z_39.0_18.0,2028,1,2028-S1,Stable,78.7
z_39.0_19.5,2028,1,2028-S1,Forte diminution,31.1
z_39.0_22.5,2028,1,2028-S1,Forte augmentation,39.1
z_39.0_24.0,2028,1,2028-S1,Stable,53.0
z_39.0_25.5,2028,1,2028-S1,Stable,49.1
z_39.0_27.0,2028,1,2028-S1,Stable,86.6
z_39.0_3.0,2028,1,2028-S1,Stable,83.5
z_39.0_4.5,2028,1,2028-S1,Stable,94.3
z_39.0_6.0,2028,1,2028-S1,Stable,91.8
z_39.0_7.5,2028,1,2028-S1,Stable,92.5
z_39.0_9.0,2028,1,2028-S1,Forte diminution,42.9
z_40.5_-10.5,2028,1,2028-S1,Stable,92.2
z_40.5_-12.0,2028,1,2028-S1,Stable,92.6
z_40.5_-21.0,2028,1,2028-S1,Stable,93.4
z_40.5_-22.5,2028,1,2028-S1,Stable,93.3
z_40.5_-36.0,2028,1,2028-S1,Stable,93.6
z_40.5_-37.5,2028,1,2028-S1,Stable,92.5
z_40.5_-9.0,2028,1,2028-S1,Forte diminution,39.0
z_40.5_0.0,2028,1,2028-S1,Forte diminution,56.2
z_40.5_1.5,2028,1,2028-S1,Forte diminution,37.9
z_40.5_10.5,2028,1,2028-S1,Stable,93.1
z_40.5_12.0,2028,1,2028-S1,Stable,80.1
z_40.5_13.5,2028,1,2028-S1,Stable,30.5
z_40.5_15.0,2028,1,2028-S1,Stable,86.2
z_40.5_16.5,2028,1,2028-S1,Forte diminution,36.4
z_40.5_18.0,2028,1,2028-S1,Stable,85.7
z_40.5_22.5,2028,1,2028-S1,Stable,86.4
z_40.5_24.0,2028,1,2028-S1,Forte diminution,45.3
z_40.5_25.5,2028,1,2028-S1,Stable,74.2
z_40.5_27.0,2028,1,2028-S1,Stable,88.4
z_40.5_28.5,2028,1,2028-S1,Stable,70.9
z_40.5_3.0,2028,1,2028-S1,Forte diminution,39.7
z_40.5_30.0,2028,1,2028-S1,Stable,91.3
z_40.5_31.5,2028,1,2028-S1,Stable,93.0
z_40.5_36.0,2028,1,2028-S1,Stable,85.5
z_40.5_37.5,2028,1,2028-S1,Stable,92.7
z_40.5_4.5,2028,1,2028-S1,Stable,93.5
z_40.5_6.0,2028,1,2028-S1,Stable,93.5
z_40.5_7.5,2028,1,2028-S1,Stable,50.8
z_40.5_9.0,2028,1,2028-S1,Stable,45.8
z_42.0_-10.5,2028,1,2028-S1,Forte diminution,43.4
z_42.0_-12.0,2028,1,2028-S1,Stable,93.0
z_42.0_-19.5,2028,1,2028-S1,Stable,93.9
z_42.0_-24.0,2028,1,2028-S1,Stable,93.1
z_42.0_-28.5,2028,1,2028-S1,Stable,93.3
z_42.0_-3.0,2028,1,2028-S1,Stable,62.1
z_42.0_-36.0,2028,1,2028-S1,Stable,93.1
z_42.0_-39.0,2028,1,2028-S1,Stable,93.9
z_42.0_-4.5,2028,1,2028-S1,Stable,85.5
z_42.0_-6.0,2028,1,2028-S1,Stable,91.4
z_42.0_-9.0,2028,1,2028-S1,Forte diminution,47.2
z_42.0_10.5,2028,1,2028-S1,Stable,47.1
z_42.0_13.5,2028,1,2028-S1,Forte diminution,52.5
z_42.0_15.0,2028,1,2028-S1,Forte augmentation,37.4
z_42.0_16.5,2028,1,2028-S1,Stable,81.4
z_42.0_18.0,2028,1,2028-S1,Stable,94.3
z_42.0_27.0,2028,1,2028-S1,Stable,80.8
z_42.0_28.5,2028,1,2028-S1,Stable,91.8
z_42.0_3.0,2028,1,2028-S1,Forte diminution,42.3
z_42.0_33.0,2028,1,2028-S1,Stable,89.6
z_42.0_37.5,2028,1,2028-S1,Stable,93.9
z_42.0_4.5,2028,1,2028-S1,Forte diminution,38.1
z_42.0_40.5,2028,1,2028-S1,Stable,90.2
z_42.0_6.0,2028,1,2028-S1,Stable,46.2
z_42.0_7.5,2028,1,2028-S1,Stable,92.4
z_42.0_9.0,2028,1,2028-S1,Stable,47.5
z_43.5_-1.5,2028,1,2028-S1,Stable,48.2
z_43.5_-10.5,2028,1,2028-S1,Stable,89.7
z_43.5_-12.0,2028,1,2028-S1,Stable,91.8
z_43.5_-28.5,2028,1,2028-S1,Stable,91.2
z_43.5_-3.0,2028,1,2028-S1,Stable,42.8
z_43.5_-33.0,2028,1,2028-S1,Stable,93.6
z_43.5_-34.5,2028,1,2028-S1,Stable,93.3
z_43.5_-4.5,2028,1,2028-S1,Stable,38.6
z_43.5_-40.5,2028,1,2028-S1,Stable,93.6
z_43.5_-6.0,2028,1,2028-S1,Stable,46.5
z_43.5_-7.5,2028,1,2028-S1,Forte diminution,41.3
z_43.5_-9.0,2028,1,2028-S1,Forte diminution,49.0
z_43.5_12.0,2028,1,2028-S1,Forte diminution,31.8
z_43.5_13.5,2028,1,2028-S1,Stable,48.4
z_43.5_15.0,2028,1,2028-S1,Stable,83.8
z_43.5_28.5,2028,1,2028-S1,Stable,85.0
z_43.5_30.0,2028,1,2028-S1,Stable,93.5
z_43.5_36.0,2028,1,2028-S1,Stable,93.9
z_43.5_37.5,2028,1,2028-S1,Stable,90.2
z_43.5_39.0,2028,1,2028-S1,Stable,93.8
z_43.5_6.0,2028,1,2028-S1,Stable,92.8
z_43.5_7.5,2028,1,2028-S1,Forte diminution,48.1
z_43.5_9.0,2028,1,2028-S1,Forte diminution,47.6
z_45.0_-1.5,2028,1,2028-S1,Stable,37.0
z_45.0_-10.5,2028,1,2028-S1,Stable,92.9
z_45.0_-12.0,2028,1,2028-S1,Stable,92.5
z_45.0_-13.5,2028,1,2028-S1,Stable,93.3
z_45.0_-19.5,2028,1,2028-S1,Stable,93.7
z_45.0_-22.5,2028,1,2028-S1,Stable,90.8
z_45.0_-3.0,2028,1,2028-S1,Forte diminution,46.7
z_45.0_-36.0,2028,1,2028-S1,Stable,93.5
z_45.0_-4.5,2028,1,2028-S1,Stable,89.5
z_45.0_-42.0,2028,1,2028-S1,Stable,93.6
z_45.0_-6.0,2028,1,2028-S1,Stable,92.4
z_45.0_-7.5,2028,1,2028-S1,Stable,94.4
z_45.0_-9.0,2028,1,2028-S1,Stable,83.9
z_45.0_12.0,2028,1,2028-S1,Forte augmentation,43.7
z_45.0_13.5,2028,1,2028-S1,Forte diminution,41.1
z_45.0_28.5,2028,1,2028-S1,Stable,86.2
z_45.0_30.0,2028,1,2028-S1,Stable,77.8
z_45.0_31.5,2028,1,2028-S1,Stable,89.5
z_45.0_34.5,2028,1,2028-S1,Stable,92.9
z_45.0_36.0,2028,1,2028-S1,Stable,92.3
z_46.5_-10.5,2028,1,2028-S1,Stable,93.3
z_46.5_-12.0,2028,1,2028-S1,Stable,94.2
z_46.5_-13.5,2028,1,2028-S1,Stable,93.5
z_46.5_-19.5,2028,1,2028-S1,Stable,92.5
z_46.5_-21.0,2028,1,2028-S1,Stable,93.5
z_46.5_-25.5,2028,1,2028-S1,Stable,92.5
z_46.5_-3.0,2028,1,2028-S1,Forte diminution,32.4
z_46.5_-31.5,2028,1,2028-S1,Stable,93.1
z_46.5_-36.0,2028,1,2028-S1,Stable,92.8
z_46.5_-4.5,2028,1,2028-S1,Forte augmentation,32.3
z_46.5_-6.0,2028,1,2028-S1,Forte diminution,53.1
z_46.5_-7.5,2028,1,2028-S1,Stable,80.8
z_46.5_-9.0,2028,1,2028-S1,Stable,93.2
z_46.5_30.0,2028,1,2028-S1,Stable,69.4
z_46.5_31.5,2028,1,2028-S1,Stable,88.8
z_46.5_36.0,2028,1,2028-S1,Stable,90.3
z_46.5_37.5,2028,1,2028-S1,Stable,93.5
z_46.5_39.0,2028,1,2028-S1,Stable,88.5
z_48.0_-1.5,2028,1,2028-S1,Stable,32.7
z_48.0_-10.5,2028,1,2028-S1,Stable,94.3
z_48.0_-12.0,2028,1,2028-S1,Stable,89.4
z_48.0_-13.5,2028,1,2028-S1,Stable,93.3
z_48.0_-15.0,2028,1,2028-S1,Stable,93.5
z_48.0_-18.0,2028,1,2028-S1,Stable,93.3
z_48.0_-19.5,2028,1,2028-S1,Stable,90.8
z_48.0_-21.0,2028,1,2028-S1,Stable,93.1
z_48.0_-24.0,2028,1,2028-S1,Stable,91.0
z_48.0_-25.5,2028,1,2028-S1,Stable,92.5
z_48.0_-28.5,2028,1,2028-S1,Stable,93.5
z_48.0_-3.0,2028,1,2028-S1,Stable,65.4
z_48.0_-30.0,2028,1,2028-S1,Stable,85.7
z_48.0_-4.5,2028,1,2028-S1,Forte diminution,36.8
z_48.0_-40.5,2028,1,2028-S1,Stable,92.8
z_48.0_-6.0,2028,1,2028-S1,Forte diminution,33.2
z_48.0_-7.5,2028,1,2028-S1,Stable,90.7
z_48.0_-9.0,2028,1,2028-S1,Forte diminution,43.6
z_49.5_-1.5,2028,1,2028-S1,Faible diminution,36.6
z_49.5_-10.5,2028,1,2028-S1,Stable,92.4
z_49.5_-12.0,2028,1,2028-S1,Stable,92.2
z_49.5_-13.5,2028,1,2028-S1,Stable,93.3
z_49.5_-15.0,2028,1,2028-S1,Stable,93.5
z_49.5_-16.5,2028,1,2028-S1,Stable,82.5
z_49.5_-18.0,2028,1,2028-S1,Stable,93.5
z_49.5_-19.5,2028,1,2028-S1,Stable,92.8
z_49.5_-21.0,2028,1,2028-S1,Stable,92.9
z_49.5_-24.0,2028,1,2028-S1,Stable,93.1
z_49.5_-3.0,2028,1,2028-S1,Forte diminution,39.6
z_49.5_-30.0,2028,1,2028-S1,Stable,93.1
z_49.5_-4.5,2028,1,2028-S1,Stable,68.1
z_49.5_-6.0,2028,1,2028-S1,Stable,49.7
z_49.5_-7.5,2028,1,2028-S1,Stable,79.6
z_49.5_-9.0,2028,1,2028-S1,Stable,87.6
z_49.5_0.0,2028,1,2028-S1,Forte diminution,28.9
z_49.5_1.5,2028,1,2028-S1,Stable,91.7
z_51.0_-10.5,2028,1,2028-S1,Stable,65.7
z_51.0_-12.0,2028,1,2028-S1,Stable,76.8
z_51.0_-13.5,2028,1,2028-S1,Stable,80.1
z_51.0_-15.0,2028,1,2028-S1,Stable,84.4
z_51.0_-16.5,2028,1,2028-S1,Stable,93.0
z_51.0_-18.0,2028,1,2028-S1,Stable,93.5
z_51.0_-19.5,2028,1,2028-S1,Stable,93.5
z_51.0_-21.0,2028,1,2028-S1,Stable,90.4
z_51.0_-25.5,2028,1,2028-S1,Stable,93.5
z_51.0_-27.0,2028,1,2028-S1,Stable,92.8
z_51.0_-4.5,2028,1,2028-S1,Stable,92.6
z_51.0_-6.0,2028,1,2028-S1,Stable,47.5
z_51.0_-7.5,2028,1,2028-S1,Forte diminution,58.2
z_51.0_-9.0,2028,1,2028-S1,Stable,89.6
z_51.0_0.0,2028,1,2028-S1,Forte diminution,36.4
z_51.0_1.5,2028,1,2028-S1,Forte diminution,29.9
z_51.0_3.0,2028,1,2028-S1,Stable,48.1
z_52.5_-1.5,2028,1,2028-S1,Stable,37.7
z_52.5_-10.5,2028,1,2028-S1,Stable,78.1
z_52.5_-12.0,2028,1,2028-S1,Stable,92.4
z_52.5_-13.5,2028,1,2028-S1,Stable,90.0
z_52.5_-15.0,2028,1,2028-S1,Stable,86.4
z_52.5_-19.5,2028,1,2028-S1,Stable,94.2
z_52.5_-21.0,2028,1,2028-S1,Stable,92.9
z_52.5_-4.5,2028,1,2028-S1,Stable,43.0
z_52.5_-6.0,2028,1,2028-S1,Forte diminution,43.0
z_52.5_-7.5,2028,1,2028-S1,Forte diminution,42.4
z_52.5_0.0,2028,1,2028-S1,Stable,44.7
z_52.5_1.5,2028,1,2028-S1,Stable,86.2
z_52.5_13.5,2028,1,2028-S1,Stable,30.9
z_52.5_3.0,2028,1,2028-S1,Forte diminution,46.5
z_52.5_4.5,2028,1,2028-S1,Stable,40.5
z_52.5_6.0,2028,1,2028-S1,Faible diminution,27.5
z_52.5_7.5,2028,1,2028-S1,Faible augmentation,42.6
z_52.5_9.0,2028,1,2028-S1,Stable,53.2
z_54.0_-1.5,2028,1,2028-S1,Stable,88.0
z_54.0_-10.5,2028,1,2028-S1,Stable,93.8
z_54.0_-12.0,2028,1,2028-S1,Stable,82.8
z_54.0_-13.5,2028,1,2028-S1,Stable,92.3
z_54.0_-15.0,2028,1,2028-S1,Stable,88.7
z_54.0_-16.5,2028,1,2028-S1,Stable,93.5
z_54.0_-4.5,2028,1,2028-S1,Stable,85.0
z_54.0_-6.0,2028,1,2028-S1,Stable,90.9
z_54.0_-7.5,2028,1,2028-S1,Stable,88.1
z_54.0_-9.0,2028,1,2028-S1,Stable,92.0
z_54.0_0.0,2028,1,2028-S1,Stable,86.8
z_54.0_1.5,2028,1,2028-S1,Stable,85.6
z_54.0_10.5,2028,1,2028-S1,Faible augmentation,74.7
z_54.0_12.0,2028,1,2028-S1,Faible diminution,28.0
z_54.0_13.5,2028,1,2028-S1,Forte diminution,30.1
z_54.0_15.0,2028,1,2028-S1,Stable,60.7
z_54.0_16.5,2028,1,2028-S1,Stable,88.3
z_54.0_18.0,2028,1,2028-S1,Forte diminution,35.8
z_54.0_19.5,2028,1,2028-S1,Stable,94.3
z_54.0_3.0,2028,1,2028-S1,Stable,89.6
z_54.0_4.5,2028,1,2028-S1,Stable,71.9
z_54.0_6.0,2028,1,2028-S1,Stable,93.6
z_54.0_7.5,2028,1,2028-S1,Faible diminution,39.9
z_54.0_9.0,2028,1,2028-S1,Forte diminution,26.9
z_55.5_-1.5,2028,1,2028-S1,Stable,93.1
z_55.5_-10.5,2028,1,2028-S1,Stable,84.5
z_55.5_-12.0,2028,1,2028-S1,Stable,92.8
z_55.5_-15.0,2028,1,2028-S1,Stable,93.7
z_55.5_-3.0,2028,1,2028-S1,Stable,89.8
z_55.5_-39.0,2028,1,2028-S1,Stable,93.1
z_55.5_-4.5,2028,1,2028-S1,Stable,92.5
z_55.5_-6.0,2028,1,2028-S1,Stable,75.9
z_55.5_-7.5,2028,1,2028-S1,Stable,92.6
z_55.5_-9.0,2028,1,2028-S1,Stable,91.9
z_55.5_0.0,2028,1,2028-S1,Stable,93.7
z_55.5_1.5,2028,1,2028-S1,Stable,86.8
z_55.5_10.5,2028,1,2028-S1,Stable,36.5
z_55.5_12.0,2028,1,2028-S1,Faible augmentation,39.1
z_55.5_13.5,2028,1,2028-S1,Stable,84.1
z_55.5_15.0,2028,1,2028-S1,Stable,47.6
z_55.5_16.5,2028,1,2028-S1,Stable,90.8
z_55.5_18.0,2028,1,2028-S1,Stable,93.5
z_55.5_19.5,2028,1,2028-S1,Stable,80.2
z_55.5_21.0,2028,1,2028-S1,Stable,32.2
z_55.5_3.0,2028,1,2028-S1,Stable,91.1
z_55.5_4.5,2028,1,2028-S1,Stable,91.5
z_55.5_6.0,2028,1,2028-S1,Stable,47.0
z_55.5_7.5,2028,1,2028-S1,Forte diminution,41.8
z_55.5_9.0,2028,1,2028-S1,Forte diminution,42.5
z_57.0_-1.5,2028,1,2028-S1,Stable,89.0
z_57.0_-10.5,2028,1,2028-S1,Stable,92.7
z_57.0_-13.5,2028,1,2028-S1,Stable,89.3
z_57.0_-15.0,2028,1,2028-S1,Stable,93.8
z_57.0_-24.0,2028,1,2028-S1,Stable,88.3
z_57.0_-28.5,2028,1,2028-S1,Stable,91.1
z_57.0_-3.0,2028,1,2028-S1,Stable,86.7
z_57.0_-4.5,2028,1,2028-S1,Stable,93.1
z_57.0_-6.0,2028,1,2028-S1,Stable,81.1
z_57.0_-7.5,2028,1,2028-S1,Stable,92.8
z_57.0_-9.0,2028,1,2028-S1,Stable,94.2
z_57.0_0.0,2028,1,2028-S1,Stable,87.9
z_57.0_1.5,2028,1,2028-S1,Stable,93.7
z_57.0_10.5,2028,1,2028-S1,Faible augmentation,46.7
z_57.0_12.0,2028,1,2028-S1,Stable,64.7
z_57.0_16.5,2028,1,2028-S1,Forte diminution,46.6
z_57.0_18.0,2028,1,2028-S1,Stable,86.0
z_57.0_19.5,2028,1,2028-S1,Stable,93.3
z_57.0_21.0,2028,1,2028-S1,Stable,93.7
z_57.0_22.5,2028,1,2028-S1,Forte diminution,49.3
z_57.0_24.0,2028,1,2028-S1,Stable,88.7
z_57.0_3.0,2028,1,2028-S1,Stable,94.0
z_57.0_4.5,2028,1,2028-S1,Stable,81.9
z_57.0_6.0,2028,1,2028-S1,Stable,87.7
z_57.0_7.5,2028,1,2028-S1,Stable,45.5
z_57.0_9.0,2028,1,2028-S1,Stable,44.5
z_58.5_-1.5,2028,1,2028-S1,Stable,92.4
z_58.5_-10.5,2028,1,2028-S1,Stable,96.3
z_58.5_-12.0,2028,1,2028-S1,Stable,93.2
z_58.5_-15.0,2028,1,2028-S1,Stable,93.6
z_58.5_-19.5,2028,1,2028-S1,Stable,86.7
z_58.5_-24.0,2028,1,2028-S1,Stable,92.8
z_58.5_-3.0,2028,1,2028-S1,Stable,93.6
z_58.5_-31.5,2028,1,2028-S1,Stable,91.4
z_58.5_-4.5,2028,1,2028-S1,Stable,92.3
z_58.5_-6.0,2028,1,2028-S1,Stable,89.2
z_58.5_-7.5,2028,1,2028-S1,Stable,93.5
z_58.5_-9.0,2028,1,2028-S1,Stable,91.0
z_58.5_0.0,2028,1,2028-S1,Stable,92.8
z_58.5_1.5,2028,1,2028-S1,Stable,92.0
z_58.5_10.5,2028,1,2028-S1,Forte diminution,53.5
z_58.5_15.0,2028,1,2028-S1,Stable,87.1
z_58.5_16.5,2028,1,2028-S1,Faible augmentation,31.3
z_58.5_18.0,2028,1,2028-S1,Faible augmentation,25.5
z_58.5_19.5,2028,1,2028-S1,Stable,84.1
z_58.5_21.0,2028,1,2028-S1,Stable,77.4
z_58.5_22.5,2028,1,2028-S1,Stable,62.4
z_58.5_24.0,2028,1,2028-S1,Forte diminution,46.2
z_58.5_25.5,2028,1,2028-S1,Stable,87.4
z_58.5_27.0,2028,1,2028-S1,Stable,94.1
z_58.5_28.5,2028,1,2028-S1,Stable,95.9
z_58.5_3.0,2028,1,2028-S1,Stable,78.6
z_58.5_4.5,2028,1,2028-S1,Forte diminution,32.4
z_58.5_6.0,2028,1,2028-S1,Stable,93.3
z_58.5_7.5,2028,1,2028-S1,Stable,86.8
z_58.5_9.0,2028,1,2028-S1,Stable,44.0
z_60.0_-1.5,2028,1,2028-S1,Stable,93.9
z_60.0_-10.5,2028,1,2028-S1,Stable,93.4
z_60.0_-12.0,2028,1,2028-S1,Stable,85.6
z_60.0_-27.0,2028,1,2028-S1,Stable,92.4
z_60.0_-3.0,2028,1,2028-S1,Stable,92.6
z_60.0_-31.5,2028,1,2028-S1,Stable,94.3
z_60.0_-4.5,2028,1,2028-S1,Stable,89.7
z_60.0_-6.0,2028,1,2028-S1,Stable,94.1
z_60.0_-7.5,2028,1,2028-S1,Stable,93.4
z_60.0_-9.0,2028,1,2028-S1,Stable,93.5
z_60.0_0.0,2028,1,2028-S1,Stable,92.0
z_60.0_1.5,2028,1,2028-S1,Stable,64.3
z_60.0_16.5,2028,1,2028-S1,Stable,92.2
z_60.0_18.0,2028,1,2028-S1,Stable,93.3
z_60.0_19.5,2028,1,2028-S1,Stable,91.7
z_60.0_21.0,2028,1,2028-S1,Forte diminution,47.7
z_60.0_24.0,2028,1,2028-S1,Stable,50.3
z_60.0_25.5,2028,1,2028-S1,Forte diminution,46.9
z_60.0_27.0,2028,1,2028-S1,Stable,94.7
z_60.0_28.5,2028,1,2028-S1,Stable,86.8
z_60.0_3.0,2028,1,2028-S1,Stable,86.8
z_60.0_4.5,2028,1,2028-S1,Faible augmentation,33.6
z_60.0_6.0,2028,1,2028-S1,Stable,89.7
z_61.5_-1.5,2028,1,2028-S1,Stable,93.1
z_61.5_-10.5,2028,1,2028-S1,Stable,92.7
z_61.5_-12.0,2028,1,2028-S1,Stable,84.2
z_61.5_-13.5,2028,1,2028-S1,Stable,93.7
z_61.5_-16.5,2028,1,2028-S1,Stable,91.8
z_61.5_-18.0,2028,1,2028-S1,Stable,93.5
z_61.5_-27.0,2028,1,2028-S1,Stable,93.3
z_61.5_-7.5,2028,1,2028-S1,Stable,89.0
z_61.5_-9.0,2028,1,2028-S1,Stable,90.8
z_61.5_0.0,2028,1,2028-S1,Stable,87.7
z_61.5_1.5,2028,1,2028-S1,Stable,95.2
z_61.5_16.5,2028,1,2028-S1,Stable,91.5
z_61.5_18.0,2028,1,2028-S1,Stable,82.2
z_61.5_19.5,2028,1,2028-S1,Stable,91.9
z_61.5_21.0,2028,1,2028-S1,Stable,96.0
z_61.5_3.0,2028,1,2028-S1,Stable,84.8
z_61.5_4.5,2028,1,2028-S1,Forte diminution,47.7
z_61.5_6.0,2028,1,2028-S1,Forte diminution,41.0
z_61.5_7.5,2028,1,2028-S1,Stable,88.7
z_63.0_-1.5,2028,1,2028-S1,Stable,85.3
z_63.0_-10.5,2028,1,2028-S1,Stable,90.3
z_63.0_-12.0,2028,1,2028-S1,Stable,91.2
z_63.0_-13.5,2028,1,2028-S1,Stable,93.8
z_63.0_-15.0,2028,1,2028-S1,Stable,93.0
z_63.0_-16.5,2028,1,2028-S1,Stable,92.5
z_63.0_-18.0,2028,1,2028-S1,Stable,88.0
z_63.0_-19.5,2028,1,2028-S1,Stable,87.5
z_63.0_-21.0,2028,1,2028-S1,Stable,92.7
z_63.0_-22.5,2028,1,2028-S1,Forte diminution,48.6
z_63.0_-24.0,2028,1,2028-S1,Stable,88.5
z_63.0_-25.5,2028,1,2028-S1,Stable,93.4
z_63.0_-27.0,2028,1,2028-S1,Stable,92.8
z_63.0_-36.0,2028,1,2028-S1,Stable,94.1
z_63.0_-39.0,2028,1,2028-S1,Stable,92.1
z_63.0_-7.5,2028,1,2028-S1,Stable,93.3
z_63.0_-9.0,2028,1,2028-S1,Stable,92.9
z_63.0_0.0,2028,1,2028-S1,Stable,92.3
z_63.0_10.5,2028,1,2028-S1,Stable,90.0
z_63.0_18.0,2028,1,2028-S1,Stable,88.2
z_63.0_19.5,2028,1,2028-S1,Stable,84.7
z_63.0_21.0,2028,1,2028-S1,Stable,92.2
z_63.0_22.5,2028,1,2028-S1,Stable,92.3
z_63.0_3.0,2028,1,2028-S1,Stable,92.4
z_63.0_4.5,2028,1,2028-S1,Stable,85.6
z_63.0_6.0,2028,1,2028-S1,Stable,91.1
z_63.0_7.5,2028,1,2028-S1,Forte diminution,50.3
z_63.0_9.0,2028,1,2028-S1,Forte diminution,47.2
z_64.5_-10.5,2028,1,2028-S1,Stable,92.9
z_64.5_-12.0,2028,1,2028-S1,Stable,94.3
z_64.5_-13.5,2028,1,2028-S1,Stable,94.4
z_64.5_-15.0,2028,1,2028-S1,Stable,93.6
z_64.5_-19.5,2028,1,2028-S1,Stable,93.5
z_64.5_-21.0,2028,1,2028-S1,Stable,86.7
z_64.5_-22.5,2028,1,2028-S1,Stable,79.0
z_64.5_-24.0,2028,1,2028-S1,Stable,81.3
z_64.5_-25.5,2028,1,2028-S1,Stable,92.6
z_64.5_-27.0,2028,1,2028-S1,Stable,86.9
z_64.5_-28.5,2028,1,2028-S1,Stable,92.7
z_64.5_-3.0,2028,1,2028-S1,Stable,93.2
z_64.5_-33.0,2028,1,2028-S1,Stable,93.5
z_64.5_-37.5,2028,1,2028-S1,Stable,93.8
z_64.5_-6.0,2028,1,2028-S1,Stable,92.1
z_64.5_0.0,2028,1,2028-S1,Stable,92.0
z_64.5_10.5,2028,1,2028-S1,Forte diminution,43.1
z_64.5_12.0,2028,1,2028-S1,Stable,40.8
z_64.5_21.0,2028,1,2028-S1,Stable,45.2
z_64.5_22.5,2028,1,2028-S1,Stable,91.6
z_64.5_24.0,2028,1,2028-S1,Stable,79.5
z_64.5_3.0,2028,1,2028-S1,Stable,91.8
z_64.5_34.5,2028,1,2028-S1,Stable,94.0
z_64.5_39.0,2028,1,2028-S1,Stable,85.9
z_64.5_4.5,2028,1,2028-S1,Stable,92.6
z_64.5_6.0,2028,1,2028-S1,Stable,88.3
z_64.5_7.5,2028,1,2028-S1,Stable,87.9
z_64.5_9.0,2028,1,2028-S1,Stable,93.3
z_66.0_-1.5,2028,1,2028-S1,Stable,90.7
z_66.0_-12.0,2028,1,2028-S1,Stable,93.2
z_66.0_-13.5,2028,1,2028-S1,Stable,92.6
z_66.0_-15.0,2028,1,2028-S1,Stable,93.9
z_66.0_-16.5,2028,1,2028-S1,Stable,94.9
z_66.0_-18.0,2028,1,2028-S1,Stable,93.6
z_66.0_-19.5,2028,1,2028-S1,Stable,92.8
z_66.0_-21.0,2028,1,2028-S1,Stable,92.6
z_66.0_-22.5,2028,1,2028-S1,Stable,92.5
z_66.0_-24.0,2028,1,2028-S1,Stable,83.1
z_66.0_-25.5,2028,1,2028-S1,Stable,92.0
z_66.0_-27.0,2028,1,2028-S1,Stable,93.0
z_66.0_-3.0,2028,1,2028-S1,Stable,90.1
z_66.0_1.5,2028,1,2028-S1,Stable,89.5
z_66.0_10.5,2028,1,2028-S1,Stable,63.2
z_66.0_12.0,2028,1,2028-S1,Stable,39.7
z_66.0_13.5,2028,1,2028-S1,Stable,47.2
z_66.0_15.0,2028,1,2028-S1,Stable,85.6
z_66.0_4.5,2028,1,2028-S1,Stable,92.9
z_66.0_6.0,2028,1,2028-S1,Stable,93.0
z_66.0_7.5,2028,1,2028-S1,Stable,96.4
z_66.0_9.0,2028,1,2028-S1,Stable,89.4
z_67.5_-1.5,2028,1,2028-S1,Stable,91.6
z_67.5_-16.5,2028,1,2028-S1,Stable,91.1
z_67.5_0.0,2028,1,2028-S1,Stable,88.2
z_67.5_10.5,2028,1,2028-S1,Stable,90.7
z_67.5_12.0,2028,1,2028-S1,Stable,77.6
z_67.5_13.5,2028,1,2028-S1,Stable,44.3
z_67.5_15.0,2028,1,2028-S1,Stable,41.8
z_67.5_16.5,2028,1,2028-S1,Stable,64.9
z_67.5_4.5,2028,1,2028-S1,Stable,91.2
z_67.5_6.0,2028,1,2028-S1,Stable,92.5
z_67.5_9.0,2028,1,2028-S1,Stable,90.1
z_69.0_-18.0,2028,1,2028-S1,Stable,91.7
z_69.0_13.5,2028,1,2028-S1,Stable,89.9
z_69.0_15.0,2028,1,2028-S1,Stable,64.3
z_69.0_16.5,2028,1,2028-S1,Forte diminution,46.8
z_69.0_18.0,2028,1,2028-S1,Stable,69.0
z_69.0_19.5,2028,1,2028-S1,Stable,79.5
z_69.0_21.0,2028,1,2028-S1,Stable,76.9
z_69.0_22.5,2028,1,2028-S1,Stable,76.6
z_69.0_24.0,2028,1,2028-S1,Stable,94.3
z_69.0_28.5,2028,1,2028-S1,Stable,93.9
z_69.0_30.0,2028,1,2028-S1,Stable,91.3
z_69.0_33.0,2028,1,2028-S1,Stable,91.4
z_69.0_42.0,2028,1,2028-S1,Stable,93.6
z_69.0_6.0,2028,1,2028-S1,Stable,93.5
z_69.0_67.5,2028,1,2028-S1,Stable,88.1
z_70.5_-12.0,2028,1,2028-S1,Stable,93.8
z_70.5_0.0,2028,1,2028-S1,Stable,93.2
z_70.5_10.5,2028,1,2028-S1,Stable,90.4
z_70.5_13.5,2028,1,2028-S1,Stable,84.9
z_70.5_15.0,2028,1,2028-S1,Stable,94.4
z_70.5_16.5,2028,1,2028-S1,Stable,93.3
z_70.5_18.0,2028,1,2028-S1,Stable,89.3
z_70.5_19.5,2028,1,2028-S1,Stable,92.9
z_70.5_21.0,2028,1,2028-S1,Stable,91.8
z_70.5_22.5,2028,1,2028-S1,Stable,80.4
z_70.5_24.0,2028,1,2028-S1,Stable,70.9
z_70.5_25.5,2028,1,2028-S1,Stable,90.3
z_70.5_27.0,2028,1,2028-S1,Stable,85.2
z_70.5_28.5,2028,1,2028-S1,Stable,94.6
z_70.5_30.0,2028,1,2028-S1,Stable,82.0
z_70.5_33.0,2028,1,2028-S1,Stable,92.4
z_70.5_36.0,2028,1,2028-S1,Stable,92.6
z_72.0_1.5,2028,1,2028-S1,Stable,92.4
z_72.0_13.5,2028,1,2028-S1,Stable,93.0
z_72.0_15.0,2028,1,2028-S1,Stable,93.5
z_72.0_16.5,2028,1,2028-S1,Stable,94.1
z_72.0_18.0,2028,1,2028-S1,Stable,91.0
z_72.0_19.5,2028,1,2028-S1,Stable,87.0
z_72.0_22.5,2028,1,2028-S1,Stable,88.8
z_72.0_24.0,2028,1,2028-S1,Stable,91.6
z_72.0_25.5,2028,1,2028-S1,Stable,93.2
z_72.0_28.5,2028,1,2028-S1,Stable,93.8
z_72.0_30.0,2028,1,2028-S1,Stable,92.4
z_72.0_34.5,2028,1,2028-S1,Stable,92.4
z_73.5_1.5,2028,1,2028-S1,Stable,92.2
z_73.5_16.5,2028,1,2028-S1,Stable,94.0
z_73.5_18.0,2028,1,2028-S1,Stable,93.6
z_73.5_19.5,2028,1,2028-S1,Stable,92.9
z_73.5_21.0,2028,1,2028-S1,Stable,92.2
z_73.5_22.5,2028,1,2028-S1,Stable,94.6
z_73.5_25.5,2028,1,2028-S1,Stable,89.9
z_73.5_28.5,2028,1,2028-S1,Stable,91.9
z_73.5_30.0,2028,1,2028-S1,Stable,93.6
z_73.5_31.5,2028,1,2028-S1,Stable,89.6
z_73.5_33.0,2028,1,2028-S1,Stable,83.9
z_73.5_34.5,2028,1,2028-S1,Stable,92.2
z_73.5_36.0,2028,1,2028-S1,Stable,91.1
z_73.5_51.0,2028,1,2028-S1,Stable,86.8
z_75.0_16.5,2028,1,2028-S1,Stable,93.6
z_75.0_18.0,2028,1,2028-S1,Stable,92.9
z_75.0_19.5,2028,1,2028-S1,Stable,93.5
z_75.0_22.5,2028,1,2028-S1,Stable,93.7
z_75.0_25.5,2028,1,2028-S1,Stable,93.9
z_75.0_30.0,2028,1,2028-S1,Stable,94.7
z_75.0_31.5,2028,1,2028-S1,Stable,93.3
z_75.0_33.0,2028,1,2028-S1,Stable,82.0
z_75.0_34.5,2028,1,2028-S1,Stable,94.3
z_75.0_36.0,2028,1,2028-S1,Stable,94.7
z_75.0_39.0,2028,1,2028-S1,Stable,94.4
z_75.0_40.5,2028,1,2028-S1,Stable,88.2
z_76.5_13.5,2028,1,2028-S1,Stable,82.3
z_76.5_19.5,2028,1,2028-S1,Stable,92.2
z_76.5_31.5,2028,1,2028-S1,Stable,93.2
z_76.5_33.0,2028,1,2028-S1,Stable,88.0
z_76.5_36.0,2028,1,2028-S1,Stable,93.3
z_76.5_37.5,2028,1,2028-S1,Stable,93.8
z_76.5_40.5,2028,1,2028-S1,Stable,93.2
z_76.5_9.0,2028,1,2028-S1,Stable,93.1
z_78.0_10.5,2028,1,2028-S1,Stable,91.9
z_78.0_12.0,2028,1,2028-S1,Stable,92.1
z_78.0_13.5,2028,1,2028-S1,Stable,83.1
z_78.0_15.0,2028,1,2028-S1,Stable,88.7
z_78.0_22.5,2028,1,2028-S1,Stable,93.5
z_78.0_33.0,2028,1,2028-S1,Stable,89.5
z_79.5_10.5,2028,1,2028-S1,Stable,86.4
z_79.5_13.5,2028,1,2028-S1,Stable,92.6
z_79.5_16.5,2028,1,2028-S1,Stable,88.6
z_79.5_19.5,2028,1,2028-S1,Stable,91.8
z_79.5_27.0,2028,1,2028-S1,Stable,93.5
z_79.5_31.5,2028,1,2028-S1,Stable,90.7
z_24.0_-18.0,2028,2,2028-S2,Stable,88.7
z_24.0_-19.5,2028,2,2028-S2,Stable,88.5
z_24.0_-22.5,2028,2,2028-S2,Stable,88.1
z_24.0_-24.0,2028,2,2028-S2,Stable,86.8
z_24.0_-39.0,2028,2,2028-S2,Stable,88.7
z_25.5_-15.0,2028,2,2028-S2,Stable,88.3
z_25.5_-16.5,2028,2,2028-S2,Stable,84.3
z_25.5_-18.0,2028,2,2028-S2,Stable,88.2
z_25.5_-39.0,2028,2,2028-S2,Stable,85.8
z_27.0_-15.0,2028,2,2028-S2,Stable,89.0
z_27.0_-16.5,2028,2,2028-S2,Forte diminution,44.5
z_27.0_-18.0,2028,2,2028-S2,Stable,87.8
z_27.0_-37.5,2028,2,2028-S2,Stable,86.7
z_28.5_-12.0,2028,2,2028-S2,Stable,88.5
z_28.5_-13.5,2028,2,2028-S2,Stable,83.1
z_28.5_-15.0,2028,2,2028-S2,Stable,81.7
z_28.5_-16.5,2028,2,2028-S2,Stable,51.9
z_28.5_-18.0,2028,2,2028-S2,Stable,84.9
z_28.5_-21.0,2028,2,2028-S2,Stable,85.4
z_28.5_-28.5,2028,2,2028-S2,Stable,88.1
z_28.5_-33.0,2028,2,2028-S2,Stable,87.5
z_28.5_-34.5,2028,2,2028-S2,Stable,88.6
z_28.5_-36.0,2028,2,2028-S2,Stable,87.6
z_30.0_-10.5,2028,2,2028-S2,Stable,92.4
z_30.0_-12.0,2028,2,2028-S2,Stable,88.0
z_30.0_-13.5,2028,2,2028-S2,Stable,88.2
z_30.0_-15.0,2028,2,2028-S2,Stable,88.0
z_30.0_-18.0,2028,2,2028-S2,Stable,88.5
z_30.0_-33.0,2028,2,2028-S2,Stable,88.2
z_30.0_-36.0,2028,2,2028-S2,Stable,88.2
z_30.0_-37.5,2028,2,2028-S2,Stable,86.1
z_30.0_-39.0,2028,2,2028-S2,Stable,88.7
z_30.0_-42.0,2028,2,2028-S2,Stable,88.7
z_30.0_28.5,2028,2,2028-S2,Stable,73.5
z_30.0_30.0,2028,2,2028-S2,Stable,86.1
z_30.0_31.5,2028,2,2028-S2,Stable,81.7
z_31.5_-10.5,2028,2,2028-S2,Stable,88.5
z_31.5_-12.0,2028,2,2028-S2,Stable,87.3
z_31.5_-15.0,2028,2,2028-S2,Stable,88.8
z_31.5_-18.0,2028,2,2028-S2,Stable,92.7
z_31.5_-33.0,2028,2,2028-S2,Stable,88.4
z_31.5_-39.0,2028,2,2028-S2,Stable,86.6
z_31.5_13.5,2028,2,2028-S2,Stable,87.3
z_31.5_15.0,2028,2,2028-S2,Stable,87.5
z_31.5_19.5,2028,2,2028-S2,Stable,88.5
z_31.5_24.0,2028,2,2028-S2,Stable,86.9
z_31.5_25.5,2028,2,2028-S2,Stable,84.5
z_31.5_27.0,2028,2,2028-S2,Stable,83.5
z_31.5_28.5,2028,2,2028-S2,Stable,86.1
z_31.5_30.0,2028,2,2028-S2,Stable,88.1
z_31.5_31.5,2028,2,2028-S2,Stable,90.1
z_31.5_33.0,2028,2,2028-S2,Stable,86.9
z_31.5_34.5,2028,2,2028-S2,Stable,91.7
z_33.0_-10.5,2028,2,2028-S2,Stable,87.5
z_33.0_-13.5,2028,2,2028-S2,Stable,88.0
z_33.0_-16.5,2028,2,2028-S2,Stable,88.7
z_33.0_-28.5,2028,2,2028-S2,Stable,87.5
z_33.0_-34.5,2028,2,2028-S2,Stable,82.5
z_33.0_-7.5,2028,2,2028-S2,Stable,89.7
z_33.0_-9.0,2028,2,2028-S2,Stable,73.1
z_33.0_10.5,2028,2,2028-S2,Stable,89.5
z_33.0_12.0,2028,2,2028-S2,Stable,90.5
z_33.0_13.5,2028,2,2028-S2,Stable,91.0
z_33.0_18.0,2028,2,2028-S2,Stable,86.9
z_33.0_19.5,2028,2,2028-S2,Stable,88.5
z_33.0_21.0,2028,2,2028-S2,Stable,86.1
z_33.0_22.5,2028,2,2028-S2,Stable,86.9
z_33.0_24.0,2028,2,2028-S2,Stable,86.9
z_33.0_25.5,2028,2,2028-S2,Stable,86.9
z_33.0_28.5,2028,2,2028-S2,Stable,85.1
z_33.0_31.5,2028,2,2028-S2,Stable,83.2
z_33.0_33.0,2028,2,2028-S2,Stable,78.6
z_33.0_34.5,2028,2,2028-S2,Stable,89.5
z_33.0_9.0,2028,2,2028-S2,Stable,92.0
z_34.5_-1.5,2028,2,2028-S2,Stable,88.6
z_34.5_-10.5,2028,2,2028-S2,Stable,87.8
z_34.5_-12.0,2028,2,2028-S2,Stable,88.3
z_34.5_-15.0,2028,2,2028-S2,Stable,88.5
z_34.5_-18.0,2028,2,2028-S2,Stable,88.0
z_34.5_-22.5,2028,2,2028-S2,Stable,79.7
z_34.5_-3.0,2028,2,2028-S2,Stable,94.7
z_34.5_-30.0,2028,2,2028-S2,Stable,86.1
z_34.5_-36.0,2028,2,2028-S2,Stable,86.2
z_34.5_-37.5,2028,2,2028-S2,Stable,87.8
z_34.5_-39.0,2028,2,2028-S2,Stable,87.7
z_34.5_-4.5,2028,2,2028-S2,Stable,89.1
z_34.5_-6.0,2028,2,2028-S2,Stable,82.7
z_34.5_-7.5,2028,2,2028-S2,Stable,70.5
z_34.5_-9.0,2028,2,2028-S2,Stable,88.2
z_34.5_0.0,2028,2,2028-S2,Stable,88.6
z_34.5_10.5,2028,2,2028-S2,Stable,93.1
z_34.5_12.0,2028,2,2028-S2,Stable,90.2
z_34.5_13.5,2028,2,2028-S2,Faible augmentation,37.7
z_34.5_15.0,2028,2,2028-S2,Stable,89.5
z_34.5_16.5,2028,2,2028-S2,Stable,87.2
z_34.5_18.0,2028,2,2028-S2,Stable,87.1
z_34.5_19.5,2028,2,2028-S2,Stable,86.9
z_34.5_21.0,2028,2,2028-S2,Stable,87.2
z_34.5_22.5,2028,2,2028-S2,Stable,78.3
z_34.5_24.0,2028,2,2028-S2,Forte diminution,42.8
z_34.5_25.5,2028,2,2028-S2,Stable,85.4
z_34.5_27.0,2028,2,2028-S2,Stable,87.3
z_34.5_28.5,2028,2,2028-S2,Stable,88.5
z_34.5_30.0,2028,2,2028-S2,Stable,88.1
z_34.5_31.5,2028,2,2028-S2,Stable,75.7
z_34.5_33.0,2028,2,2028-S2,Forte diminution,37.4
z_34.5_34.5,2028,2,2028-S2,Stable,85.1
z_36.0_-1.5,2028,2,2028-S2,Stable,93.9
z_36.0_-10.5,2028,2,2028-S2,Stable,61.0
z_36.0_-12.0,2028,2,2028-S2,Stable,87.9
z_36.0_-13.5,2028,2,2028-S2,Stable,88.3
z_36.0_-16.5,2028,2,2028-S2,Stable,88.4
z_36.0_-18.0,2028,2,2028-S2,Stable,87.9
z_36.0_-21.0,2028,2,2028-S2,Stable,88.1
z_36.0_-22.5,2028,2,2028-S2,Stable,85.2
z_36.0_-24.0,2028,2,2028-S2,Stable,88.1
z_36.0_-25.5,2028,2,2028-S2,Stable,83.2
z_36.0_-3.0,2028,2,2028-S2,Forte diminution,40.0
z_36.0_-36.0,2028,2,2028-S2,Stable,88.8
z_36.0_-4.5,2028,2,2028-S2,Stable,89.7
z_36.0_-42.0,2028,2,2028-S2,Stable,88.2
z_36.0_-6.0,2028,2,2028-S2,Forte diminution,41.6
z_36.0_-7.5,2028,2,2028-S2,Forte augmentation,45.4
z_36.0_-9.0,2028,2,2028-S2,Forte diminution,45.0
z_36.0_0.0,2028,2,2028-S2,Stable,92.9
z_36.0_1.5,2028,2,2028-S2,Stable,91.3
z_36.0_10.5,2028,2,2028-S2,Stable,74.7
z_36.0_12.0,2028,2,2028-S2,Stable,46.2
z_36.0_13.5,2028,2,2028-S2,Forte diminution,42.6
z_36.0_15.0,2028,2,2028-S2,Forte diminution,43.6
z_36.0_16.5,2028,2,2028-S2,Stable,87.3
z_36.0_18.0,2028,2,2028-S2,Stable,88.6
z_36.0_19.5,2028,2,2028-S2,Stable,84.4
z_36.0_21.0,2028,2,2028-S2,Stable,90.4
z_36.0_22.5,2028,2,2028-S2,Forte diminution,57.6
z_36.0_24.0,2028,2,2028-S2,Stable,26.1
z_36.0_25.5,2028,2,2028-S2,Forte diminution,49.1
z_36.0_27.0,2028,2,2028-S2,Forte augmentation,36.4
z_36.0_28.5,2028,2,2028-S2,Stable,80.0
z_36.0_3.0,2028,2,2028-S2,Stable,88.5
z_36.0_30.0,2028,2,2028-S2,Stable,93.8
z_36.0_34.5,2028,2,2028-S2,Stable,87.5
z_36.0_36.0,2028,2,2028-S2,Stable,83.8
z_36.0_4.5,2028,2,2028-S2,Stable,87.6
z_36.0_6.0,2028,2,2028-S2,Stable,91.0
z_36.0_7.5,2028,2,2028-S2,Stable,86.1
z_36.0_9.0,2028,2,2028-S2,Stable,88.7
z_37.5_-1.5,2028,2,2028-S2,Forte augmentation,42.7
z_37.5_-10.5,2028,2,2028-S2,Forte diminution,41.7
z_37.5_-12.0,2028,2,2028-S2,Stable,87.6
z_37.5_-13.5,2028,2,2028-S2,Stable,86.6
z_37.5_-16.5,2028,2,2028-S2,Stable,86.2
z_37.5_-19.5,2028,2,2028-S2,Stable,87.2
z_37.5_-21.0,2028,2,2028-S2,Stable,87.2
z_37.5_-22.5,2028,2,2028-S2,Stable,88.5
z_37.5_-24.0,2028,2,2028-S2,Stable,87.9
z_37.5_-25.5,2028,2,2028-S2,Stable,89.8
z_37.5_-27.0,2028,2,2028-S2,Stable,86.6
z_37.5_-28.5,2028,2,2028-S2,Stable,82.0
z_37.5_-30.0,2028,2,2028-S2,Stable,91.8
z_37.5_-31.5,2028,2,2028-S2,Stable,87.2
z_37.5_-39.0,2028,2,2028-S2,Stable,87.8
z_37.5_-9.0,2028,2,2028-S2,Forte diminution,46.4
z_37.5_0.0,2028,2,2028-S2,Stable,56.1
z_37.5_1.5,2028,2,2028-S2,Stable,91.7
z_37.5_10.5,2028,2,2028-S2,Stable,92.6
z_37.5_12.0,2028,2,2028-S2,Stable,39.0
z_37.5_13.5,2028,2,2028-S2,Stable,42.5
z_37.5_15.0,2028,2,2028-S2,Forte diminution,53.7
z_37.5_16.5,2028,2,2028-S2,Stable,69.1
z_37.5_18.0,2028,2,2028-S2,Stable,88.4
z_37.5_19.5,2028,2,2028-S2,Forte diminution,51.1
z_37.5_21.0,2028,2,2028-S2,Forte diminution,46.0
z_37.5_22.5,2028,2,2028-S2,Forte diminution,26.1
z_37.5_24.0,2028,2,2028-S2,Forte diminution,30.0
z_37.5_25.5,2028,2,2028-S2,Stable,50.4
z_37.5_27.0,2028,2,2028-S2,Stable,90.2
z_37.5_3.0,2028,2,2028-S2,Stable,79.1
z_37.5_4.5,2028,2,2028-S2,Stable,87.8
z_37.5_6.0,2028,2,2028-S2,Stable,88.5
z_37.5_7.5,2028,2,2028-S2,Stable,91.4
z_37.5_9.0,2028,2,2028-S2,Stable,81.2
z_39.0_-1.5,2028,2,2028-S2,Forte augmentation,35.0
z_39.0_-10.5,2028,2,2028-S2,Stable,41.2
z_39.0_-12.0,2028,2,2028-S2,Stable,87.2
z_39.0_-15.0,2028,2,2028-S2,Stable,87.5
z_39.0_-16.5,2028,2,2028-S2,Stable,88.2
z_39.0_-18.0,2028,2,2028-S2,Stable,82.1
z_39.0_-28.5,2028,2,2028-S2,Stable,88.3
z_39.0_-31.5,2028,2,2028-S2,Stable,92.4
z_39.0_-39.0,2028,2,2028-S2,Stable,87.1
z_39.0_-9.0,2028,2,2028-S2,Stable,48.1
z_39.0_0.0,2028,2,2028-S2,Stable,53.7
z_39.0_1.5,2028,2,2028-S2,Stable,40.2
z_39.0_10.5,2028,2,2028-S2,Stable,88.6
z_39.0_12.0,2028,2,2028-S2,Stable,82.5
z_39.0_13.5,2028,2,2028-S2,Stable,89.6
z_39.0_15.0,2028,2,2028-S2,Stable,90.1
z_39.0_16.5,2028,2,2028-S2,Stable,55.4
z_39.0_18.0,2028,2,2028-S2,Stable,76.6
z_39.0_19.5,2028,2,2028-S2,Forte diminution,36.2
z_39.0_22.5,2028,2,2028-S2,Forte augmentation,39.4
z_39.0_24.0,2028,2,2028-S2,Stable,57.1
z_39.0_25.5,2028,2,2028-S2,Stable,49.6
z_39.0_27.0,2028,2,2028-S2,Stable,79.3
z_39.0_3.0,2028,2,2028-S2,Stable,87.7
z_39.0_4.5,2028,2,2028-S2,Stable,93.5
z_39.0_6.0,2028,2,2028-S2,Stable,86.3
z_39.0_7.5,2028,2,2028-S2,Stable,91.1
z_39.0_9.0,2028,2,2028-S2,Stable,44.9
z_40.5_-10.5,2028,2,2028-S2,Stable,85.3
z_40.5_-12.0,2028,2,2028-S2,Stable,87.8
z_40.5_-21.0,2028,2,2028-S2,Stable,87.7
z_40.5_-22.5,2028,2,2028-S2,Stable,88.5
z_40.5_-36.0,2028,2,2028-S2,Stable,86.9
z_40.5_-37.5,2028,2,2028-S2,Stable,88.0
z_40.5_-9.0,2028,2,2028-S2,Forte diminution,44.3
z_40.5_0.0,2028,2,2028-S2,Forte diminution,39.4
z_40.5_1.5,2028,2,2028-S2,Forte diminution,40.6
z_40.5_10.5,2028,2,2028-S2,Stable,93.8
z_40.5_12.0,2028,2,2028-S2,Stable,74.6
z_40.5_13.5,2028,2,2028-S2,Forte diminution,31.3
z_40.5_15.0,2028,2,2028-S2,Stable,84.4
z_40.5_16.5,2028,2,2028-S2,Stable,41.0
z_40.5_18.0,2028,2,2028-S2,Stable,80.2
z_40.5_22.5,2028,2,2028-S2,Stable,82.8
z_40.5_24.0,2028,2,2028-S2,Forte diminution,49.9
z_40.5_25.5,2028,2,2028-S2,Stable,81.2
z_40.5_27.0,2028,2,2028-S2,Stable,85.7
z_40.5_28.5,2028,2,2028-S2,Stable,51.7
z_40.5_3.0,2028,2,2028-S2,Forte diminution,41.8
z_40.5_30.0,2028,2,2028-S2,Stable,90.1
z_40.5_31.5,2028,2,2028-S2,Stable,92.4
z_40.5_36.0,2028,2,2028-S2,Stable,84.5
z_40.5_37.5,2028,2,2028-S2,Stable,87.9
z_40.5_4.5,2028,2,2028-S2,Stable,88.6
z_40.5_6.0,2028,2,2028-S2,Stable,88.6
z_40.5_7.5,2028,2,2028-S2,Stable,57.4
z_40.5_9.0,2028,2,2028-S2,Forte diminution,44.3
z_42.0_-10.5,2028,2,2028-S2,Forte diminution,42.9
z_42.0_-12.0,2028,2,2028-S2,Stable,88.2
z_42.0_-19.5,2028,2,2028-S2,Stable,87.2
z_42.0_-24.0,2028,2,2028-S2,Stable,84.9
z_42.0_-28.5,2028,2,2028-S2,Stable,88.5
z_42.0_-3.0,2028,2,2028-S2,Stable,49.5
z_42.0_-36.0,2028,2,2028-S2,Stable,88.4
z_42.0_-39.0,2028,2,2028-S2,Stable,87.2
z_42.0_-4.5,2028,2,2028-S2,Stable,83.4
z_42.0_-6.0,2028,2,2028-S2,Stable,94.3
z_42.0_-9.0,2028,2,2028-S2,Forte augmentation,41.5
z_42.0_10.5,2028,2,2028-S2,Stable,50.6
z_42.0_13.5,2028,2,2028-S2,Forte augmentation,39.4
z_42.0_15.0,2028,2,2028-S2,Forte augmentation,38.5
z_42.0_16.5,2028,2,2028-S2,Stable,81.5
z_42.0_18.0,2028,2,2028-S2,Stable,93.5
z_42.0_27.0,2028,2,2028-S2,Stable,78.1
z_42.0_28.5,2028,2,2028-S2,Stable,92.4
z_42.0_3.0,2028,2,2028-S2,Forte diminution,40.4
z_42.0_33.0,2028,2,2028-S2,Stable,90.5
z_42.0_37.5,2028,2,2028-S2,Stable,89.0
z_42.0_4.5,2028,2,2028-S2,Stable,49.9
z_42.0_40.5,2028,2,2028-S2,Stable,85.2
z_42.0_6.0,2028,2,2028-S2,Stable,56.4
z_42.0_7.5,2028,2,2028-S2,Stable,88.0
z_42.0_9.0,2028,2,2028-S2,Forte diminution,40.3
z_43.5_-1.5,2028,2,2028-S2,Stable,48.9
z_43.5_-10.5,2028,2,2028-S2,Stable,84.9
z_43.5_-12.0,2028,2,2028-S2,Stable,85.1
z_43.5_-28.5,2028,2,2028-S2,Stable,86.9
z_43.5_-3.0,2028,2,2028-S2,Stable,46.2
z_43.5_-33.0,2028,2,2028-S2,Stable,86.6
z_43.5_-34.5,2028,2,2028-S2,Stable,88.5
z_43.5_-4.5,2028,2,2028-S2,Forte diminution,39.5
z_43.5_-40.5,2028,2,2028-S2,Stable,86.9
z_43.5_-6.0,2028,2,2028-S2,Stable,46.1
z_43.5_-7.5,2028,2,2028-S2,Forte diminution,42.2
z_43.5_-9.0,2028,2,2028-S2,Forte diminution,41.5
z_43.5_12.0,2028,2,2028-S2,Forte diminution,37.7
z_43.5_13.5,2028,2,2028-S2,Stable,45.1
z_43.5_15.0,2028,2,2028-S2,Stable,77.3
z_43.5_28.5,2028,2,2028-S2,Stable,86.4
z_43.5_30.0,2028,2,2028-S2,Stable,88.6
z_43.5_36.0,2028,2,2028-S2,Stable,94.6
z_43.5_37.5,2028,2,2028-S2,Stable,89.9
z_43.5_39.0,2028,2,2028-S2,Stable,88.6
z_43.5_6.0,2028,2,2028-S2,Stable,88.0
z_43.5_7.5,2028,2,2028-S2,Forte diminution,45.7
z_43.5_9.0,2028,2,2028-S2,Forte diminution,42.5
z_45.0_-1.5,2028,2,2028-S2,Forte augmentation,35.9
z_45.0_-10.5,2028,2,2028-S2,Stable,88.1
z_45.0_-12.0,2028,2,2028-S2,Stable,87.6
z_45.0_-13.5,2028,2,2028-S2,Stable,88.5
z_45.0_-19.5,2028,2,2028-S2,Stable,89.9
z_45.0_-22.5,2028,2,2028-S2,Stable,88.6
z_45.0_-3.0,2028,2,2028-S2,Forte diminution,42.9
z_45.0_-36.0,2028,2,2028-S2,Stable,88.6
z_45.0_-4.5,2028,2,2028-S2,Stable,81.1
z_45.0_-42.0,2028,2,2028-S2,Stable,88.8
z_45.0_-6.0,2028,2,2028-S2,Stable,88.9
z_45.0_-7.5,2028,2,2028-S2,Stable,82.5
z_45.0_-9.0,2028,2,2028-S2,Stable,82.0
z_45.0_12.0,2028,2,2028-S2,Forte diminution,42.1
z_45.0_13.5,2028,2,2028-S2,Forte diminution,47.6
z_45.0_28.5,2028,2,2028-S2,Stable,79.8
z_45.0_30.0,2028,2,2028-S2,Stable,74.6
z_45.0_31.5,2028,2,2028-S2,Stable,83.7
z_45.0_34.5,2028,2,2028-S2,Stable,87.8
z_45.0_36.0,2028,2,2028-S2,Stable,92.1
z_46.5_-10.5,2028,2,2028-S2,Stable,88.5
z_46.5_-12.0,2028,2,2028-S2,Stable,88.2
z_46.5_-13.5,2028,2,2028-S2,Stable,88.7
z_46.5_-19.5,2028,2,2028-S2,Stable,87.8
z_46.5_-21.0,2028,2,2028-S2,Stable,88.7
z_46.5_-25.5,2028,2,2028-S2,Stable,87.6
z_46.5_-3.0,2028,2,2028-S2,Forte diminution,42.8
z_46.5_-31.5,2028,2,2028-S2,Stable,88.7
z_46.5_-36.0,2028,2,2028-S2,Stable,87.9
z_46.5_-4.5,2028,2,2028-S2,Forte diminution,38.2
z_46.5_-6.0,2028,2,2028-S2,Forte diminution,44.6
z_46.5_-7.5,2028,2,2028-S2,Stable,78.0
z_46.5_-9.0,2028,2,2028-S2,Stable,92.6
z_46.5_30.0,2028,2,2028-S2,Stable,63.3
z_46.5_31.5,2028,2,2028-S2,Stable,82.2
z_46.5_36.0,2028,2,2028-S2,Stable,89.4
z_46.5_37.5,2028,2,2028-S2,Stable,88.6
z_46.5_39.0,2028,2,2028-S2,Stable,81.4
z_48.0_-1.5,2028,2,2028-S2,Stable,30.7
z_48.0_-10.5,2028,2,2028-S2,Stable,93.9
z_48.0_-12.0,2028,2,2028-S2,Stable,88.6
z_48.0_-13.5,2028,2,2028-S2,Stable,88.5
z_48.0_-15.0,2028,2,2028-S2,Stable,88.7
z_48.0_-18.0,2028,2,2028-S2,Stable,88.5
z_48.0_-19.5,2028,2,2028-S2,Stable,86.1
z_48.0_-21.0,2028,2,2028-S2,Stable,88.7
z_48.0_-24.0,2028,2,2028-S2,Stable,87.6
z_48.0_-25.5,2028,2,2028-S2,Stable,87.6
z_48.0_-28.5,2028,2,2028-S2,Stable,88.6
z_48.0_-3.0,2028,2,2028-S2,Stable,57.3
z_48.0_-30.0,2028,2,2028-S2,Stable,92.0
z_48.0_-4.5,2028,2,2028-S2,Forte diminution,37.5
z_48.0_-40.5,2028,2,2028-S2,Stable,87.9
z_48.0_-6.0,2028,2,2028-S2,Forte diminution,37.1
z_48.0_-7.5,2028,2,2028-S2,Stable,86.6
z_48.0_-9.0,2028,2,2028-S2,Stable,54.6
z_49.5_-1.5,2028,2,2028-S2,Faible diminution,27.9
z_49.5_-10.5,2028,2,2028-S2,Stable,88.6
z_49.5_-12.0,2028,2,2028-S2,Stable,88.2
z_49.5_-13.5,2028,2,2028-S2,Stable,88.5
z_49.5_-15.0,2028,2,2028-S2,Stable,88.6
z_49.5_-16.5,2028,2,2028-S2,Stable,89.5
z_49.5_-18.0,2028,2,2028-S2,Stable,88.6
z_49.5_-19.5,2028,2,2028-S2,Stable,87.8
z_49.5_-21.0,2028,2,2028-S2,Stable,88.1
z_49.5_-24.0,2028,2,2028-S2,Stable,88.7
z_49.5_-3.0,2028,2,2028-S2,Forte diminution,39.5
z_49.5_-30.0,2028,2,2028-S2,Stable,88.7
z_49.5_-4.5,2028,2,2028-S2,Stable,77.1
z_49.5_-6.0,2028,2,2028-S2,Stable,53.1
z_49.5_-7.5,2028,2,2028-S2,Stable,80.4
z_49.5_-9.0,2028,2,2028-S2,Stable,82.9
z_49.5_0.0,2028,2,2028-S2,Stable,24.2
z_49.5_1.5,2028,2,2028-S2,Stable,86.7
z_51.0_-10.5,2028,2,2028-S2,Stable,49.3
z_51.0_-12.0,2028,2,2028-S2,Stable,87.4
z_51.0_-13.5,2028,2,2028-S2,Stable,87.6
z_51.0_-15.0,2028,2,2028-S2,Stable,92.9
z_51.0_-16.5,2028,2,2028-S2,Stable,89.5
z_51.0_-18.0,2028,2,2028-S2,Stable,88.6
z_51.0_-19.5,2028,2,2028-S2,Stable,88.6
z_51.0_-21.0,2028,2,2028-S2,Stable,85.8
z_51.0_-25.5,2028,2,2028-S2,Stable,88.7
z_51.0_-27.0,2028,2,2028-S2,Stable,88.3
z_51.0_-4.5,2028,2,2028-S2,Stable,89.3
z_51.0_-6.0,2028,2,2028-S2,Stable,42.1
z_51.0_-7.5,2028,2,2028-S2,Forte diminution,40.5
z_51.0_-9.0,2028,2,2028-S2,Stable,84.7
z_51.0_0.0,2028,2,2028-S2,Forte diminution,52.5
z_51.0_1.5,2028,2,2028-S2,Forte diminution,40.1
z_51.0_3.0,2028,2,2028-S2,Stable,35.8
z_52.5_-1.5,2028,2,2028-S2,Forte augmentation,36.8
z_52.5_-10.5,2028,2,2028-S2,Stable,91.7
z_52.5_-12.0,2028,2,2028-S2,Stable,88.6
z_52.5_-13.5,2028,2,2028-S2,Stable,90.3
z_52.5_-15.0,2028,2,2028-S2,Stable,90.8
z_52.5_-19.5,2028,2,2028-S2,Stable,87.2
z_52.5_-21.0,2028,2,2028-S2,Stable,88.4
z_52.5_-4.5,2028,2,2028-S2,Stable,45.9
z_52.5_-6.0,2028,2,2028-S2,Forte diminution,41.5
z_52.5_-7.5,2028,2,2028-S2,Forte diminution,41.8
z_52.5_0.0,2028,2,2028-S2,Stable,46.6
z_52.5_1.5,2028,2,2028-S2,Stable,80.4
z_52.5_13.5,2028,2,2028-S2,Forte diminution,34.4
z_52.5_3.0,2028,2,2028-S2,Stable,47.7
z_52.5_4.5,2028,2,2028-S2,Forte diminution,30.0
z_52.5_6.0,2028,2,2028-S2,Faible diminution,31.5
z_52.5_7.5,2028,2,2028-S2,Faible augmentation,38.1
z_52.5_9.0,2028,2,2028-S2,Stable,52.3
z_54.0_-1.5,2028,2,2028-S2,Stable,85.3
z_54.0_-10.5,2028,2,2028-S2,Stable,92.3
z_54.0_-12.0,2028,2,2028-S2,Stable,80.6
z_54.0_-13.5,2028,2,2028-S2,Stable,87.1
z_54.0_-15.0,2028,2,2028-S2,Stable,81.3
z_54.0_-16.5,2028,2,2028-S2,Stable,88.6
z_54.0_-4.5,2028,2,2028-S2,Stable,83.0
z_54.0_-6.0,2028,2,2028-S2,Stable,89.6
z_54.0_-7.5,2028,2,2028-S2,Stable,87.2
z_54.0_-9.0,2028,2,2028-S2,Stable,89.8
z_54.0_0.0,2028,2,2028-S2,Stable,89.6
z_54.0_1.5,2028,2,2028-S2,Stable,80.6
z_54.0_10.5,2028,2,2028-S2,Faible augmentation,61.4
z_54.0_12.0,2028,2,2028-S2,Forte augmentation,38.8
z_54.0_13.5,2028,2,2028-S2,Forte diminution,28.1
z_54.0_15.0,2028,2,2028-S2,Stable,57.7
z_54.0_16.5,2028,2,2028-S2,Stable,85.8
z_54.0_18.0,2028,2,2028-S2,Forte diminution,36.7
z_54.0_19.5,2028,2,2028-S2,Stable,94.7
z_54.0_3.0,2028,2,2028-S2,Stable,83.6
z_54.0_4.5,2028,2,2028-S2,Stable,88.6
z_54.0_6.0,2028,2,2028-S2,Stable,88.7
z_54.0_7.5,2028,2,2028-S2,Stable,27.8
z_54.0_9.0,2028,2,2028-S2,Forte augmentation,27.1
z_55.5_-1.5,2028,2,2028-S2,Stable,92.4
z_55.5_-10.5,2028,2,2028-S2,Stable,75.9
z_55.5_-12.0,2028,2,2028-S2,Stable,87.9
z_55.5_-15.0,2028,2,2028-S2,Stable,92.3
z_55.5_-3.0,2028,2,2028-S2,Stable,88.8
z_55.5_-39.0,2028,2,2028-S2,Stable,88.7
z_55.5_-4.5,2028,2,2028-S2,Stable,86.1
z_55.5_-6.0,2028,2,2028-S2,Stable,79.0
z_55.5_-7.5,2028,2,2028-S2,Stable,91.5
z_55.5_-9.0,2028,2,2028-S2,Stable,90.8
z_55.5_0.0,2028,2,2028-S2,Stable,88.2
z_55.5_1.5,2028,2,2028-S2,Stable,90.3
z_55.5_10.5,2028,2,2028-S2,Forte diminution,35.6
z_55.5_12.0,2028,2,2028-S2,Forte diminution,29.8
z_55.5_13.5,2028,2,2028-S2,Stable,86.4
z_55.5_15.0,2028,2,2028-S2,Stable,46.2
z_55.5_16.5,2028,2,2028-S2,Stable,86.8
z_55.5_18.0,2028,2,2028-S2,Stable,88.7
z_55.5_19.5,2028,2,2028-S2,Stable,89.1
z_55.5_21.0,2028,2,2028-S2,Forte diminution,38.7
z_55.5_3.0,2028,2,2028-S2,Stable,88.9
z_55.5_4.5,2028,2,2028-S2,Stable,90.0
z_55.5_6.0,2028,2,2028-S2,Stable,46.2
z_55.5_7.5,2028,2,2028-S2,Forte diminution,39.7
z_55.5_9.0,2028,2,2028-S2,Forte diminution,42.0
z_57.0_-1.5,2028,2,2028-S2,Stable,88.7
z_57.0_-10.5,2028,2,2028-S2,Stable,87.3
z_57.0_-13.5,2028,2,2028-S2,Stable,83.6
z_57.0_-15.0,2028,2,2028-S2,Stable,92.9
z_57.0_-24.0,2028,2,2028-S2,Stable,82.7
z_57.0_-28.5,2028,2,2028-S2,Stable,83.7
z_57.0_-3.0,2028,2,2028-S2,Stable,79.3
z_57.0_-4.5,2028,2,2028-S2,Stable,88.5
z_57.0_-6.0,2028,2,2028-S2,Stable,79.5
z_57.0_-7.5,2028,2,2028-S2,Stable,92.0
z_57.0_-9.0,2028,2,2028-S2,Stable,91.7
z_57.0_0.0,2028,2,2028-S2,Stable,87.1
z_57.0_1.5,2028,2,2028-S2,Stable,88.5
z_57.0_10.5,2028,2,2028-S2,Faible augmentation,26.6
z_57.0_12.0,2028,2,2028-S2,Stable,59.3
z_57.0_16.5,2028,2,2028-S2,Stable,45.1
z_57.0_18.0,2028,2,2028-S2,Stable,82.1
z_57.0_19.5,2028,2,2028-S2,Stable,88.6
z_57.0_21.0,2028,2,2028-S2,Stable,92.5
z_57.0_22.5,2028,2,2028-S2,Forte diminution,44.5
z_57.0_24.0,2028,2,2028-S2,Stable,93.4
z_57.0_3.0,2028,2,2028-S2,Stable,89.0
z_57.0_4.5,2028,2,2028-S2,Stable,77.1
z_57.0_6.0,2028,2,2028-S2,Stable,82.2
z_57.0_7.5,2028,2,2028-S2,Stable,47.4
z_57.0_9.0,2028,2,2028-S2,Stable,42.7
z_58.5_-1.5,2028,2,2028-S2,Stable,92.6
z_58.5_-10.5,2028,2,2028-S2,Stable,88.9
z_58.5_-12.0,2028,2,2028-S2,Stable,88.2
z_58.5_-15.0,2028,2,2028-S2,Stable,86.6
z_58.5_-19.5,2028,2,2028-S2,Stable,78.1
z_58.5_-24.0,2028,2,2028-S2,Stable,88.3
z_58.5_-3.0,2028,2,2028-S2,Stable,90.2
z_58.5_-31.5,2028,2,2028-S2,Stable,89.3
z_58.5_-4.5,2028,2,2028-S2,Stable,93.3
z_58.5_-6.0,2028,2,2028-S2,Stable,90.6
z_58.5_-7.5,2028,2,2028-S2,Stable,89.6
z_58.5_-9.0,2028,2,2028-S2,Stable,92.4
z_58.5_0.0,2028,2,2028-S2,Stable,90.7
z_58.5_1.5,2028,2,2028-S2,Stable,87.9
z_58.5_10.5,2028,2,2028-S2,Forte diminution,38.2
z_58.5_15.0,2028,2,2028-S2,Stable,82.8
z_58.5_16.5,2028,2,2028-S2,Stable,26.1
z_58.5_18.0,2028,2,2028-S2,Forte diminution,26.9
z_58.5_19.5,2028,2,2028-S2,Stable,80.8
z_58.5_21.0,2028,2,2028-S2,Stable,88.0
z_58.5_22.5,2028,2,2028-S2,Stable,59.2
z_58.5_24.0,2028,2,2028-S2,Forte diminution,47.2
z_58.5_25.5,2028,2,2028-S2,Stable,78.6
z_58.5_27.0,2028,2,2028-S2,Stable,93.8
z_58.5_28.5,2028,2,2028-S2,Stable,88.2
z_58.5_3.0,2028,2,2028-S2,Stable,84.8
z_58.5_4.5,2028,2,2028-S2,Forte diminution,40.0
z_58.5_6.0,2028,2,2028-S2,Stable,87.3
z_58.5_7.5,2028,2,2028-S2,Stable,87.5
z_58.5_9.0,2028,2,2028-S2,Stable,45.7
z_60.0_-1.5,2028,2,2028-S2,Stable,92.7
z_60.0_-10.5,2028,2,2028-S2,Stable,92.0
z_60.0_-12.0,2028,2,2028-S2,Stable,82.4
z_60.0_-27.0,2028,2,2028-S2,Stable,87.0
z_60.0_-3.0,2028,2,2028-S2,Stable,89.5
z_60.0_-31.5,2028,2,2028-S2,Stable,93.9
z_60.0_-4.5,2028,2,2028-S2,Stable,90.1
z_60.0_-6.0,2028,2,2028-S2,Stable,91.5
z_60.0_-7.5,2028,2,2028-S2,Stable,89.3
z_60.0_-9.0,2028,2,2028-S2,Stable,92.3
z_60.0_0.0,2028,2,2028-S2,Stable,91.2
z_60.0_1.5,2028,2,2028-S2,Stable,68.5
z_60.0_16.5,2028,2,2028-S2,Stable,90.9
z_60.0_18.0,2028,2,2028-S2,Stable,91.5
z_60.0_19.5,2028,2,2028-S2,Stable,88.2
z_60.0_21.0,2028,2,2028-S2,Forte diminution,45.3
z_60.0_24.0,2028,2,2028-S2,Stable,51.6
z_60.0_25.5,2028,2,2028-S2,Stable,49.2
z_60.0_27.0,2028,2,2028-S2,Stable,94.3
z_60.0_28.5,2028,2,2028-S2,Stable,87.5
z_60.0_3.0,2028,2,2028-S2,Stable,85.5
z_60.0_4.5,2028,2,2028-S2,Forte diminution,31.0
z_60.0_6.0,2028,2,2028-S2,Stable,62.7
z_61.5_-1.5,2028,2,2028-S2,Stable,92.0
z_61.5_-10.5,2028,2,2028-S2,Stable,91.1
z_61.5_-12.0,2028,2,2028-S2,Stable,75.9
z_61.5_-13.5,2028,2,2028-S2,Stable,87.6
z_61.5_-16.5,2028,2,2028-S2,Stable,87.7
z_61.5_-18.0,2028,2,2028-S2,Stable,88.6
z_61.5_-27.0,2028,2,2028-S2,Stable,88.5
z_61.5_-7.5,2028,2,2028-S2,Stable,91.3
z_61.5_-9.0,2028,2,2028-S2,Stable,89.3
z_61.5_0.0,2028,2,2028-S2,Stable,93.5
z_61.5_1.5,2028,2,2028-S2,Stable,89.4
z_61.5_16.5,2028,2,2028-S2,Stable,92.8
z_61.5_18.0,2028,2,2028-S2,Stable,85.0
z_61.5_19.5,2028,2,2028-S2,Stable,89.9
z_61.5_21.0,2028,2,2028-S2,Stable,88.5
z_61.5_3.0,2028,2,2028-S2,Stable,85.7
z_61.5_4.5,2028,2,2028-S2,Forte augmentation,36.6
z_61.5_6.0,2028,2,2028-S2,Forte augmentation,41.3
z_61.5_7.5,2028,2,2028-S2,Stable,85.6
z_63.0_-1.5,2028,2,2028-S2,Stable,77.6
z_63.0_-10.5,2028,2,2028-S2,Stable,83.5
z_63.0_-12.0,2028,2,2028-S2,Stable,87.4
z_63.0_-13.5,2028,2,2028-S2,Stable,93.7
z_63.0_-15.0,2028,2,2028-S2,Stable,91.7
z_63.0_-16.5,2028,2,2028-S2,Stable,91.0
z_63.0_-18.0,2028,2,2028-S2,Stable,81.0
z_63.0_-19.5,2028,2,2028-S2,Stable,85.0
z_63.0_-21.0,2028,2,2028-S2,Stable,91.0
z_63.0_-22.5,2028,2,2028-S2,Stable,56.8
z_63.0_-24.0,2028,2,2028-S2,Stable,85.2
z_63.0_-25.5,2028,2,2028-S2,Stable,90.1
z_63.0_-27.0,2028,2,2028-S2,Stable,92.3
z_63.0_-36.0,2028,2,2028-S2,Stable,92.6
z_63.0_-39.0,2028,2,2028-S2,Stable,92.9
z_63.0_-7.5,2028,2,2028-S2,Stable,86.6
z_63.0_-9.0,2028,2,2028-S2,Stable,88.4
z_63.0_0.0,2028,2,2028-S2,Stable,90.5
z_63.0_10.5,2028,2,2028-S2,Stable,84.6
z_63.0_18.0,2028,2,2028-S2,Stable,83.3
z_63.0_19.5,2028,2,2028-S2,Stable,79.8
z_63.0_21.0,2028,2,2028-S2,Stable,85.0
z_63.0_22.5,2028,2,2028-S2,Stable,86.4
z_63.0_3.0,2028,2,2028-S2,Stable,88.6
z_63.0_4.5,2028,2,2028-S2,Stable,84.7
z_63.0_6.0,2028,2,2028-S2,Stable,85.3
z_63.0_7.5,2028,2,2028-S2,Forte diminution,50.5
z_63.0_9.0,2028,2,2028-S2,Forte diminution,46.2
z_64.5_-10.5,2028,2,2028-S2,Stable,89.3
z_64.5_-12.0,2028,2,2028-S2,Stable,92.4
z_64.5_-13.5,2028,2,2028-S2,Stable,94.1
z_64.5_-15.0,2028,2,2028-S2,Stable,93.3
z_64.5_-19.5,2028,2,2028-S2,Stable,88.6
z_64.5_-21.0,2028,2,2028-S2,Stable,87.5
z_64.5_-22.5,2028,2,2028-S2,Stable,75.9
z_64.5_-24.0,2028,2,2028-S2,Stable,78.0
z_64.5_-25.5,2028,2,2028-S2,Stable,91.3
z_64.5_-27.0,2028,2,2028-S2,Stable,83.1
z_64.5_-28.5,2028,2,2028-S2,Stable,88.6
z_64.5_-3.0,2028,2,2028-S2,Stable,89.6
z_64.5_-33.0,2028,2,2028-S2,Stable,88.6
z_64.5_-37.5,2028,2,2028-S2,Stable,92.8
z_64.5_-6.0,2028,2,2028-S2,Stable,88.5
z_64.5_0.0,2028,2,2028-S2,Stable,90.9
z_64.5_10.5,2028,2,2028-S2,Stable,41.8
z_64.5_12.0,2028,2,2028-S2,Stable,43.1
z_64.5_21.0,2028,2,2028-S2,Stable,52.7
z_64.5_22.5,2028,2,2028-S2,Stable,86.8
z_64.5_24.0,2028,2,2028-S2,Stable,85.9
z_64.5_3.0,2028,2,2028-S2,Stable,87.1
z_64.5_34.5,2028,2,2028-S2,Stable,87.6
z_64.5_39.0,2028,2,2028-S2,Stable,80.6
z_64.5_4.5,2028,2,2028-S2,Stable,87.5
z_64.5_6.0,2028,2,2028-S2,Stable,80.9
z_64.5_7.5,2028,2,2028-S2,Stable,80.5
z_64.5_9.0,2028,2,2028-S2,Stable,89.3
z_66.0_-1.5,2028,2,2028-S2,Stable,88.8
z_66.0_-12.0,2028,2,2028-S2,Stable,88.2
z_66.0_-13.5,2028,2,2028-S2,Stable,92.8
z_66.0_-15.0,2028,2,2028-S2,Stable,93.5
z_66.0_-16.5,2028,2,2028-S2,Stable,94.1
z_66.0_-18.0,2028,2,2028-S2,Stable,92.7
z_66.0_-19.5,2028,2,2028-S2,Stable,89.7
z_66.0_-21.0,2028,2,2028-S2,Stable,92.0
z_66.0_-22.5,2028,2,2028-S2,Stable,91.4
z_66.0_-24.0,2028,2,2028-S2,Stable,84.8
z_66.0_-25.5,2028,2,2028-S2,Stable,90.1
z_66.0_-27.0,2028,2,2028-S2,Stable,92.4
z_66.0_-3.0,2028,2,2028-S2,Stable,84.2
z_66.0_1.5,2028,2,2028-S2,Stable,84.5
z_66.0_10.5,2028,2,2028-S2,Stable,85.2
z_66.0_12.0,2028,2,2028-S2,Forte diminution,35.1
z_66.0_13.5,2028,2,2028-S2,Stable,43.4
z_66.0_15.0,2028,2,2028-S2,Stable,87.0
z_66.0_4.5,2028,2,2028-S2,Stable,86.2
z_66.0_6.0,2028,2,2028-S2,Stable,88.6
z_66.0_7.5,2028,2,2028-S2,Stable,88.9
z_66.0_9.0,2028,2,2028-S2,Stable,84.6
z_67.5_-1.5,2028,2,2028-S2,Stable,85.4
z_67.5_-16.5,2028,2,2028-S2,Stable,86.8
z_67.5_0.0,2028,2,2028-S2,Stable,81.1
z_67.5_10.5,2028,2,2028-S2,Stable,87.4
z_67.5_12.0,2028,2,2028-S2,Stable,67.9
z_67.5_13.5,2028,2,2028-S2,Stable,44.9
z_67.5_15.0,2028,2,2028-S2,Stable,42.7
z_67.5_16.5,2028,2,2028-S2,Stable,60.1
z_67.5_4.5,2028,2,2028-S2,Stable,86.9
z_67.5_6.0,2028,2,2028-S2,Stable,87.8
z_67.5_9.0,2028,2,2028-S2,Stable,82.8
z_69.0_-18.0,2028,2,2028-S2,Stable,86.7
z_69.0_13.5,2028,2,2028-S2,Stable,83.9
z_69.0_15.0,2028,2,2028-S2,Stable,75.9
z_69.0_16.5,2028,2,2028-S2,Forte diminution,41.8
z_69.0_18.0,2028,2,2028-S2,Stable,52.3
z_69.0_19.5,2028,2,2028-S2,Stable,76.1
z_69.0_21.0,2028,2,2028-S2,Stable,77.6
z_69.0_22.5,2028,2,2028-S2,Stable,72.8
z_69.0_24.0,2028,2,2028-S2,Stable,93.9
z_69.0_28.5,2028,2,2028-S2,Stable,94.5
z_69.0_30.0,2028,2,2028-S2,Stable,90.6
z_69.0_33.0,2028,2,2028-S2,Stable,91.0
z_69.0_42.0,2028,2,2028-S2,Stable,89.5
z_69.0_6.0,2028,2,2028-S2,Stable,88.6
z_69.0_67.5,2028,2,2028-S2,Stable,81.1
z_70.5_-12.0,2028,2,2028-S2,Stable,88.6
z_70.5_0.0,2028,2,2028-S2,Stable,88.2
z_70.5_10.5,2028,2,2028-S2,Stable,85.8
z_70.5_13.5,2028,2,2028-S2,Stable,84.8
z_70.5_15.0,2028,2,2028-S2,Stable,93.2
z_70.5_16.5,2028,2,2028-S2,Stable,93.1
z_70.5_18.0,2028,2,2028-S2,Stable,89.3
z_70.5_19.5,2028,2,2028-S2,Stable,89.2
z_70.5_21.0,2028,2,2028-S2,Stable,88.6
z_70.5_22.5,2028,2,2028-S2,Stable,88.9
z_70.5_24.0,2028,2,2028-S2,Stable,58.8
z_70.5_25.5,2028,2,2028-S2,Stable,90.2
z_70.5_27.0,2028,2,2028-S2,Stable,86.1
z_70.5_28.5,2028,2,2028-S2,Stable,94.1
z_70.5_30.0,2028,2,2028-S2,Stable,77.4
z_70.5_33.0,2028,2,2028-S2,Stable,90.8
z_70.5_36.0,2028,2,2028-S2,Stable,92.4
z_72.0_1.5,2028,2,2028-S2,Stable,86.0
z_72.0_13.5,2028,2,2028-S2,Stable,92.2
z_72.0_15.0,2028,2,2028-S2,Stable,92.6
z_72.0_16.5,2028,2,2028-S2,Stable,91.9
z_72.0_18.0,2028,2,2028-S2,Stable,86.5
z_72.0_19.5,2028,2,2028-S2,Stable,80.7
z_72.0_22.5,2028,2,2028-S2,Stable,84.0
z_72.0_24.0,2028,2,2028-S2,Stable,88.7
z_72.0_25.5,2028,2,2028-S2,Stable,89.2
z_72.0_28.5,2028,2,2028-S2,Stable,87.7
z_72.0_30.0,2028,2,2028-S2,Stable,90.6
z_72.0_34.5,2028,2,2028-S2,Stable,88.6
z_73.5_1.5,2028,2,2028-S2,Stable,87.6
z_73.5_16.5,2028,2,2028-S2,Stable,94.1
z_73.5_18.0,2028,2,2028-S2,Stable,89.5
z_73.5_19.5,2028,2,2028-S2,Stable,93.0
z_73.5_21.0,2028,2,2028-S2,Stable,90.9
z_73.5_22.5,2028,2,2028-S2,Stable,94.7
z_73.5_25.5,2028,2,2028-S2,Stable,83.9
z_73.5_28.5,2028,2,2028-S2,Stable,90.2
z_73.5_30.0,2028,2,2028-S2,Stable,93.1
z_73.5_31.5,2028,2,2028-S2,Stable,83.5
z_73.5_33.0,2028,2,2028-S2,Stable,85.8
z_73.5_34.5,2028,2,2028-S2,Stable,91.0
z_73.5_36.0,2028,2,2028-S2,Stable,84.1
z_73.5_51.0,2028,2,2028-S2,Stable,87.8
z_75.0_16.5,2028,2,2028-S2,Stable,90.8
z_75.0_18.0,2028,2,2028-S2,Stable,92.7
z_75.0_19.5,2028,2,2028-S2,Stable,92.4
z_75.0_22.5,2028,2,2028-S2,Stable,92.7
z_75.0_25.5,2028,2,2028-S2,Stable,87.5
z_75.0_30.0,2028,2,2028-S2,Stable,94.8
z_75.0_31.5,2028,2,2028-S2,Stable,93.3
z_75.0_33.0,2028,2,2028-S2,Stable,82.9
z_75.0_34.5,2028,2,2028-S2,Stable,94.7
z_75.0_36.0,2028,2,2028-S2,Stable,93.7
z_75.0_39.0,2028,2,2028-S2,Stable,94.1
z_75.0_40.5,2028,2,2028-S2,Stable,91.3
z_76.5_13.5,2028,2,2028-S2,Stable,78.7
z_76.5_19.5,2028,2,2028-S2,Stable,88.4
z_76.5_31.5,2028,2,2028-S2,Stable,90.8
z_76.5_33.0,2028,2,2028-S2,Stable,91.3
z_76.5_36.0,2028,2,2028-S2,Stable,92.3
z_76.5_37.5,2028,2,2028-S2,Stable,88.6
z_76.5_40.5,2028,2,2028-S2,Stable,88.2
z_76.5_9.0,2028,2,2028-S2,Stable,90.5
z_78.0_10.5,2028,2,2028-S2,Stable,82.5
z_78.0_12.0,2028,2,2028-S2,Stable,85.4
z_78.0_13.5,2028,2,2028-S2,Stable,79.8
z_78.0_15.0,2028,2,2028-S2,Stable,81.3
z_78.0_22.5,2028,2,2028-S2,Stable,88.6
z_78.0_33.0,2028,2,2028-S2,Stable,83.7
z_79.5_10.5,2028,2,2028-S2,Stable,91.7
z_79.5_13.5,2028,2,2028-S2,Stable,87.8
z_79.5_16.5,2028,2,2028-S2,Stable,90.9
z_79.5_19.5,2028,2,2028-S2,Stable,85.1
z_79.5_27.0,2028,2,2028-S2,Stable,88.6
z_79.5_31.5,2028,2,2028-S2,Stable,86.1
z_24.0_-18.0,2029,1,2029-S1,Stable,93.5
z_24.0_-19.5,2029,1,2029-S1,Stable,93.3
z_24.0_-22.5,2029,1,2029-S1,Stable,93.5
z_24.0_-24.0,2029,1,2029-S1,Stable,91.1
z_24.0_-39.0,2029,1,2029-S1,Stable,93.1
z_25.5_-15.0,2029,1,2029-S1,Stable,93.2
z_25.5_-16.5,2029,1,2029-S1,Stable,89.0
z_25.5_-18.0,2029,1,2029-S1,Stable,92.7
z_25.5_-39.0,2029,1,2029-S1,Stable,90.7
z_27.0_-15.0,2029,1,2029-S1,Stable,92.9
z_27.0_-16.5,2029,1,2029-S1,Forte diminution,45.6
z_27.0_-18.0,2029,1,2029-S1,Stable,91.3
z_27.0_-37.5,2029,1,2029-S1,Stable,91.7
z_28.5_-12.0,2029,1,2029-S1,Stable,93.3
z_28.5_-13.5,2029,1,2029-S1,Stable,90.4
z_28.5_-15.0,2029,1,2029-S1,Stable,80.5
z_28.5_-16.5,2029,1,2029-S1,Stable,53.2
z_28.5_-18.0,2029,1,2029-S1,Stable,90.7
z_28.5_-21.0,2029,1,2029-S1,Stable,92.1
z_28.5_-28.5,2029,1,2029-S1,Stable,92.9
z_28.5_-33.0,2029,1,2029-S1,Stable,92.3
z_28.5_-34.5,2029,1,2029-S1,Stable,93.5
z_28.5_-36.0,2029,1,2029-S1,Stable,94.0
z_30.0_-10.5,2029,1,2029-S1,Stable,93.6
z_30.0_-12.0,2029,1,2029-S1,Stable,92.1
z_30.0_-13.5,2029,1,2029-S1,Stable,93.0
z_30.0_-15.0,2029,1,2029-S1,Stable,92.5
z_30.0_-18.0,2029,1,2029-S1,Stable,93.3
z_30.0_-33.0,2029,1,2029-S1,Stable,93.0
z_30.0_-36.0,2029,1,2029-S1,Stable,93.5
z_30.0_-37.5,2029,1,2029-S1,Stable,91.1
z_30.0_-39.0,2029,1,2029-S1,Stable,93.5
z_30.0_-42.0,2029,1,2029-S1,Stable,93.1
z_30.0_28.5,2029,1,2029-S1,Stable,77.9
z_30.0_30.0,2029,1,2029-S1,Stable,91.0
z_30.0_31.5,2029,1,2029-S1,Stable,70.7
z_31.5_-10.5,2029,1,2029-S1,Stable,93.0
z_31.5_-12.0,2029,1,2029-S1,Stable,93.6
z_31.5_-15.0,2029,1,2029-S1,Stable,93.3
z_31.5_-18.0,2029,1,2029-S1,Stable,93.6
z_31.5_-33.0,2029,1,2029-S1,Stable,92.8
z_31.5_-39.0,2029,1,2029-S1,Stable,93.6
z_31.5_13.5,2029,1,2029-S1,Stable,93.3
z_31.5_15.0,2029,1,2029-S1,Stable,92.6
z_31.5_19.5,2029,1,2029-S1,Stable,93.3
z_31.5_24.0,2029,1,2029-S1,Stable,91.3
z_31.5_25.5,2029,1,2029-S1,Stable,91.5
z_31.5_27.0,2029,1,2029-S1,Stable,90.3
z_31.5_28.5,2029,1,2029-S1,Stable,91.1
z_31.5_30.0,2029,1,2029-S1,Stable,92.9
z_31.5_31.5,2029,1,2029-S1,Stable,93.4
z_31.5_33.0,2029,1,2029-S1,Stable,93.6
z_31.5_34.5,2029,1,2029-S1,Stable,92.5
z_33.0_-10.5,2029,1,2029-S1,Stable,92.5
z_33.0_-13.5,2029,1,2029-S1,Stable,92.5
z_33.0_-16.5,2029,1,2029-S1,Stable,93.1
z_33.0_-28.5,2029,1,2029-S1,Stable,92.2
z_33.0_-34.5,2029,1,2029-S1,Stable,89.9
z_33.0_-7.5,2029,1,2029-S1,Stable,90.8
z_33.0_-9.0,2029,1,2029-S1,Stable,89.9
z_33.0_10.5,2029,1,2029-S1,Stable,90.8
z_33.0_12.0,2029,1,2029-S1,Stable,92.0
z_33.0_13.5,2029,1,2029-S1,Stable,92.2
z_33.0_18.0,2029,1,2029-S1,Stable,92.3
z_33.0_19.5,2029,1,2029-S1,Stable,93.6
z_33.0_21.0,2029,1,2029-S1,Stable,91.1
z_33.0_22.5,2029,1,2029-S1,Stable,91.2
z_33.0_24.0,2029,1,2029-S1,Stable,93.6
z_33.0_25.5,2029,1,2029-S1,Stable,93.6
z_33.0_28.5,2029,1,2029-S1,Stable,91.8
z_33.0_31.5,2029,1,2029-S1,Stable,89.3
z_33.0_33.0,2029,1,2029-S1,Stable,86.6
z_33.0_34.5,2029,1,2029-S1,Stable,93.0
z_33.0_9.0,2029,1,2029-S1,Stable,93.6
z_34.5_-1.5,2029,1,2029-S1,Stable,92.4
z_34.5_-10.5,2029,1,2029-S1,Stable,92.6
z_34.5_-12.0,2029,1,2029-S1,Stable,92.8
z_34.5_-15.0,2029,1,2029-S1,Stable,93.3
z_34.5_-18.0,2029,1,2029-S1,Stable,92.5
z_34.5_-22.5,2029,1,2029-S1,Stable,87.7
z_34.5_-3.0,2029,1,2029-S1,Stable,94.6
z_34.5_-30.0,2029,1,2029-S1,Stable,91.1
z_34.5_-36.0,2029,1,2029-S1,Stable,92.9
z_34.5_-37.5,2029,1,2029-S1,Stable,92.6
z_34.5_-39.0,2029,1,2029-S1,Stable,93.4
z_34.5_-4.5,2029,1,2029-S1,Stable,85.9
z_34.5_-6.0,2029,1,2029-S1,Stable,86.3
z_34.5_-7.5,2029,1,2029-S1,Stable,77.5
z_34.5_-9.0,2029,1,2029-S1,Stable,93.5
z_34.5_0.0,2029,1,2029-S1,Stable,93.5
z_34.5_10.5,2029,1,2029-S1,Stable,93.3
z_34.5_12.0,2029,1,2029-S1,Stable,92.0
z_34.5_13.5,2029,1,2029-S1,Faible diminution,26.0
z_34.5_15.0,2029,1,2029-S1,Stable,93.1
z_34.5_16.5,2029,1,2029-S1,Stable,87.7
z_34.5_18.0,2029,1,2029-S1,Stable,92.3
z_34.5_19.5,2029,1,2029-S1,Stable,91.2
z_34.5_21.0,2029,1,2029-S1,Stable,91.9
z_34.5_22.5,2029,1,2029-S1,Stable,81.6
z_34.5_24.0,2029,1,2029-S1,Forte diminution,51.7
z_34.5_25.5,2029,1,2029-S1,Stable,89.2
z_34.5_27.0,2029,1,2029-S1,Stable,89.0
z_34.5_28.5,2029,1,2029-S1,Stable,93.0
z_34.5_30.0,2029,1,2029-S1,Stable,92.9
z_34.5_31.5,2029,1,2029-S1,Stable,80.9
z_34.5_33.0,2029,1,2029-S1,Stable,44.1
z_34.5_34.5,2029,1,2029-S1,Stable,91.8
z_36.0_-1.5,2029,1,2029-S1,Stable,94.9
z_36.0_-10.5,2029,1,2029-S1,Stable,62.5
z_36.0_-12.0,2029,1,2029-S1,Stable,92.3
z_36.0_-13.5,2029,1,2029-S1,Stable,92.8
z_36.0_-16.5,2029,1,2029-S1,Stable,92.8
z_36.0_-18.0,2029,1,2029-S1,Stable,94.3
z_36.0_-21.0,2029,1,2029-S1,Stable,92.9
z_36.0_-22.5,2029,1,2029-S1,Stable,91.6
z_36.0_-24.0,2029,1,2029-S1,Stable,93.5
z_36.0_-25.5,2029,1,2029-S1,Stable,89.3
z_36.0_-3.0,2029,1,2029-S1,Forte diminution,45.7
z_36.0_-36.0,2029,1,2029-S1,Stable,93.3
z_36.0_-4.5,2029,1,2029-S1,Stable,91.6
z_36.0_-42.0,2029,1,2029-S1,Stable,93.0
z_36.0_-6.0,2029,1,2029-S1,Forte diminution,47.3
z_36.0_-7.5,2029,1,2029-S1,Forte augmentation,40.8
z_36.0_-9.0,2029,1,2029-S1,Forte diminution,43.6
z_36.0_0.0,2029,1,2029-S1,Stable,94.1
z_36.0_1.5,2029,1,2029-S1,Stable,91.3
z_36.0_10.5,2029,1,2029-S1,Stable,81.0
z_36.0_12.0,2029,1,2029-S1,Stable,46.8
z_36.0_13.5,2029,1,2029-S1,Forte diminution,42.7
z_36.0_15.0,2029,1,2029-S1,Forte diminution,39.5
z_36.0_16.5,2029,1,2029-S1,Stable,94.0
z_36.0_18.0,2029,1,2029-S1,Stable,92.4
z_36.0_19.5,2029,1,2029-S1,Stable,85.5
z_36.0_21.0,2029,1,2029-S1,Stable,86.9
z_36.0_22.5,2029,1,2029-S1,Forte diminution,51.2
z_36.0_24.0,2029,1,2029-S1,Faible augmentation,26.9
z_36.0_25.5,2029,1,2029-S1,Forte diminution,46.5
z_36.0_27.0,2029,1,2029-S1,Stable,34.9
z_36.0_28.5,2029,1,2029-S1,Stable,87.0
z_36.0_3.0,2029,1,2029-S1,Stable,91.9
z_36.0_30.0,2029,1,2029-S1,Stable,94.5
z_36.0_34.5,2029,1,2029-S1,Stable,87.1
z_36.0_36.0,2029,1,2029-S1,Stable,84.5
z_36.0_4.5,2029,1,2029-S1,Stable,92.2
z_36.0_6.0,2029,1,2029-S1,Stable,92.1
z_36.0_7.5,2029,1,2029-S1,Stable,92.5
z_36.0_9.0,2029,1,2029-S1,Stable,93.5
z_37.5_-1.5,2029,1,2029-S1,Forte augmentation,38.7
z_37.5_-10.5,2029,1,2029-S1,Forte diminution,38.8
z_37.5_-12.0,2029,1,2029-S1,Stable,94.0
z_37.5_-13.5,2029,1,2029-S1,Stable,93.3
z_37.5_-16.5,2029,1,2029-S1,Stable,93.3
z_37.5_-19.5,2029,1,2029-S1,Stable,93.9
z_37.5_-21.0,2029,1,2029-S1,Stable,93.9
z_37.5_-22.5,2029,1,2029-S1,Stable,93.3
z_37.5_-24.0,2029,1,2029-S1,Stable,92.7
z_37.5_-25.5,2029,1,2029-S1,Stable,92.8
z_37.5_-27.0,2029,1,2029-S1,Stable,92.3
z_37.5_-28.5,2029,1,2029-S1,Stable,85.7
z_37.5_-30.0,2029,1,2029-S1,Stable,92.4
z_37.5_-31.5,2029,1,2029-S1,Stable,93.9
z_37.5_-39.0,2029,1,2029-S1,Stable,92.6
z_37.5_-9.0,2029,1,2029-S1,Forte diminution,46.7
z_37.5_0.0,2029,1,2029-S1,Stable,50.6
z_37.5_1.5,2029,1,2029-S1,Stable,93.5
z_37.5_10.5,2029,1,2029-S1,Stable,93.5
z_37.5_12.0,2029,1,2029-S1,Stable,37.1
z_37.5_13.5,2029,1,2029-S1,Stable,47.5
z_37.5_15.0,2029,1,2029-S1,Forte diminution,52.3
z_37.5_16.5,2029,1,2029-S1,Stable,81.7
z_37.5_18.0,2029,1,2029-S1,Stable,93.1
z_37.5_19.5,2029,1,2029-S1,Forte diminution,47.4
z_37.5_21.0,2029,1,2029-S1,Forte diminution,42.5
z_37.5_22.5,2029,1,2029-S1,Faible diminution,31.5
z_37.5_24.0,2029,1,2029-S1,Stable,28.2
z_37.5_25.5,2029,1,2029-S1,Stable,51.1
z_37.5_27.0,2029,1,2029-S1,Stable,88.2
z_37.5_3.0,2029,1,2029-S1,Stable,87.3
z_37.5_4.5,2029,1,2029-S1,Stable,92.6
z_37.5_6.0,2029,1,2029-S1,Stable,93.3
z_37.5_7.5,2029,1,2029-S1,Stable,93.8
z_37.5_9.0,2029,1,2029-S1,Stable,81.4
z_39.0_-1.5,2029,1,2029-S1,Stable,40.2
z_39.0_-10.5,2029,1,2029-S1,Stable,46.3
z_39.0_-12.0,2029,1,2029-S1,Stable,93.9
z_39.0_-15.0,2029,1,2029-S1,Stable,93.9
z_39.0_-16.5,2029,1,2029-S1,Stable,93.0
z_39.0_-18.0,2029,1,2029-S1,Stable,89.5
z_39.0_-28.5,2029,1,2029-S1,Stable,92.8
z_39.0_-31.5,2029,1,2029-S1,Stable,93.1
z_39.0_-39.0,2029,1,2029-S1,Stable,91.9
z_39.0_-9.0,2029,1,2029-S1,Stable,49.5
z_39.0_0.0,2029,1,2029-S1,Stable,59.0
z_39.0_1.5,2029,1,2029-S1,Forte diminution,43.3
z_39.0_10.5,2029,1,2029-S1,Stable,93.5
z_39.0_12.0,2029,1,2029-S1,Stable,89.3
z_39.0_13.5,2029,1,2029-S1,Stable,94.5
z_39.0_15.0,2029,1,2029-S1,Stable,91.3
z_39.0_16.5,2029,1,2029-S1,Stable,57.2
z_39.0_18.0,2029,1,2029-S1,Stable,79.3
z_39.0_19.5,2029,1,2029-S1,Forte diminution,35.5
z_39.0_22.5,2029,1,2029-S1,Forte diminution,40.6
z_39.0_24.0,2029,1,2029-S1,Stable,70.4
z_39.0_25.5,2029,1,2029-S1,Stable,59.8
z_39.0_27.0,2029,1,2029-S1,Stable,86.6
z_39.0_3.0,2029,1,2029-S1,Stable,87.8
z_39.0_4.5,2029,1,2029-S1,Stable,94.3
z_39.0_6.0,2029,1,2029-S1,Stable,91.8
z_39.0_7.5,2029,1,2029-S1,Stable,94.7
z_39.0_9.0,2029,1,2029-S1,Stable,45.9
z_40.5_-10.5,2029,1,2029-S1,Stable,90.2
z_40.5_-12.0,2029,1,2029-S1,Stable,92.6
z_40.5_-21.0,2029,1,2029-S1,Stable,93.4
z_40.5_-22.5,2029,1,2029-S1,Stable,93.3
z_40.5_-36.0,2029,1,2029-S1,Stable,93.6
z_40.5_-37.5,2029,1,2029-S1,Stable,92.5
z_40.5_-9.0,2029,1,2029-S1,Stable,38.0
z_40.5_0.0,2029,1,2029-S1,Forte diminution,39.7
z_40.5_1.5,2029,1,2029-S1,Forte diminution,39.6
z_40.5_10.5,2029,1,2029-S1,Stable,93.1
z_40.5_12.0,2029,1,2029-S1,Stable,80.1
z_40.5_13.5,2029,1,2029-S1,Forte augmentation,31.0
z_40.5_15.0,2029,1,2029-S1,Stable,86.2
z_40.5_16.5,2029,1,2029-S1,Stable,35.2
z_40.5_18.0,2029,1,2029-S1,Stable,84.6
z_40.5_22.5,2029,1,2029-S1,Stable,75.6
z_40.5_24.0,2029,1,2029-S1,Forte diminution,47.5
z_40.5_25.5,2029,1,2029-S1,Stable,80.4
z_40.5_27.0,2029,1,2029-S1,Stable,89.7
z_40.5_28.5,2029,1,2029-S1,Stable,64.8
z_40.5_3.0,2029,1,2029-S1,Forte diminution,47.3
z_40.5_30.0,2029,1,2029-S1,Stable,91.3
z_40.5_31.5,2029,1,2029-S1,Stable,93.0
z_40.5_36.0,2029,1,2029-S1,Stable,85.5
z_40.5_37.5,2029,1,2029-S1,Stable,92.7
z_40.5_4.5,2029,1,2029-S1,Stable,93.5
z_40.5_6.0,2029,1,2029-S1,Stable,93.5
z_40.5_7.5,2029,1,2029-S1,Stable,50.0
z_40.5_9.0,2029,1,2029-S1,Stable,53.9
z_42.0_-10.5,2029,1,2029-S1,Forte diminution,38.3
z_42.0_-12.0,2029,1,2029-S1,Stable,93.0
z_42.0_-19.5,2029,1,2029-S1,Stable,93.9
z_42.0_-24.0,2029,1,2029-S1,Stable,90.7
z_42.0_-28.5,2029,1,2029-S1,Stable,93.3
z_42.0_-3.0,2029,1,2029-S1,Stable,61.7
z_42.0_-36.0,2029,1,2029-S1,Stable,93.1
z_42.0_-39.0,2029,1,2029-S1,Stable,93.9
z_42.0_-4.5,2029,1,2029-S1,Stable,83.6
z_42.0_-6.0,2029,1,2029-S1,Stable,94.4
z_42.0_-9.0,2029,1,2029-S1,Forte diminution,41.1
z_42.0_10.5,2029,1,2029-S1,Stable,49.7
z_42.0_13.5,2029,1,2029-S1,Forte augmentation,40.3
z_42.0_15.0,2029,1,2029-S1,Forte augmentation,37.5
z_42.0_16.5,2029,1,2029-S1,Stable,81.7
z_42.0_18.0,2029,1,2029-S1,Stable,94.3
z_42.0_27.0,2029,1,2029-S1,Stable,80.1
z_42.0_28.5,2029,1,2029-S1,Stable,91.8
z_42.0_3.0,2029,1,2029-S1,Forte diminution,46.3
z_42.0_33.0,2029,1,2029-S1,Stable,89.6
z_42.0_37.5,2029,1,2029-S1,Stable,93.9
z_42.0_4.5,2029,1,2029-S1,Stable,48.1
z_42.0_40.5,2029,1,2029-S1,Stable,90.2
z_42.0_6.0,2029,1,2029-S1,Stable,50.4
z_42.0_7.5,2029,1,2029-S1,Stable,92.4
z_42.0_9.0,2029,1,2029-S1,Stable,45.6
z_43.5_-1.5,2029,1,2029-S1,Stable,49.6
z_43.5_-10.5,2029,1,2029-S1,Stable,89.7
z_43.5_-12.0,2029,1,2029-S1,Stable,91.8
z_43.5_-28.5,2029,1,2029-S1,Stable,91.2
z_43.5_-3.0,2029,1,2029-S1,Stable,49.6
z_43.5_-33.0,2029,1,2029-S1,Stable,93.6
z_43.5_-34.5,2029,1,2029-S1,Stable,93.3
z_43.5_-4.5,2029,1,2029-S1,Stable,45.0
z_43.5_-40.5,2029,1,2029-S1,Stable,93.6
z_43.5_-6.0,2029,1,2029-S1,Stable,45.7
z_43.5_-7.5,2029,1,2029-S1,Stable,41.8
z_43.5_-9.0,2029,1,2029-S1,Forte diminution,44.1
z_43.5_12.0,2029,1,2029-S1,Stable,32.7
z_43.5_13.5,2029,1,2029-S1,Stable,47.5
z_43.5_15.0,2029,1,2029-S1,Stable,80.8
z_43.5_28.5,2029,1,2029-S1,Stable,85.5
z_43.5_30.0,2029,1,2029-S1,Stable,93.5
z_43.5_36.0,2029,1,2029-S1,Stable,93.9
z_43.5_37.5,2029,1,2029-S1,Stable,90.2
z_43.5_39.0,2029,1,2029-S1,Stable,93.8
z_43.5_6.0,2029,1,2029-S1,Stable,92.8
z_43.5_7.5,2029,1,2029-S1,Forte diminution,43.3
z_43.5_9.0,2029,1,2029-S1,Forte augmentation,40.6
z_45.0_-1.5,2029,1,2029-S1,Forte augmentation,34.0
z_45.0_-10.5,2029,1,2029-S1,Stable,92.9
z_45.0_-12.0,2029,1,2029-S1,Stable,92.5
z_45.0_-13.5,2029,1,2029-S1,Stable,93.3
z_45.0_-19.5,2029,1,2029-S1,Stable,93.7
z_45.0_-22.5,2029,1,2029-S1,Stable,90.8
z_45.0_-3.0,2029,1,2029-S1,Forte diminution,41.9
z_45.0_-36.0,2029,1,2029-S1,Stable,93.5
z_45.0_-4.5,2029,1,2029-S1,Stable,89.6
z_45.0_-42.0,2029,1,2029-S1,Stable,93.6
z_45.0_-6.0,2029,1,2029-S1,Stable,92.4
z_45.0_-7.5,2029,1,2029-S1,Stable,89.8
z_45.0_-9.0,2029,1,2029-S1,Stable,88.5
z_45.0_12.0,2029,1,2029-S1,Forte augmentation,41.1
z_45.0_13.5,2029,1,2029-S1,Forte diminution,48.1
z_45.0_28.5,2029,1,2029-S1,Stable,86.2
z_45.0_30.0,2029,1,2029-S1,Stable,77.8
z_45.0_31.5,2029,1,2029-S1,Stable,89.5
z_45.0_34.5,2029,1,2029-S1,Stable,92.9
z_45.0_36.0,2029,1,2029-S1,Stable,92.3
z_46.5_-10.5,2029,1,2029-S1,Stable,93.3
z_46.5_-12.0,2029,1,2029-S1,Stable,94.2
z_46.5_-13.5,2029,1,2029-S1,Stable,93.5
z_46.5_-19.5,2029,1,2029-S1,Stable,92.5
z_46.5_-21.0,2029,1,2029-S1,Stable,93.5
z_46.5_-25.5,2029,1,2029-S1,Stable,92.5
z_46.5_-3.0,2029,1,2029-S1,Forte diminution,31.0
z_46.5_-31.5,2029,1,2029-S1,Stable,93.1
z_46.5_-36.0,2029,1,2029-S1,Stable,92.8
z_46.5_-4.5,2029,1,2029-S1,Forte augmentation,31.8
z_46.5_-6.0,2029,1,2029-S1,Forte diminution,41.7
z_46.5_-7.5,2029,1,2029-S1,Stable,87.0
z_46.5_-9.0,2029,1,2029-S1,Stable,93.2
z_46.5_30.0,2029,1,2029-S1,Stable,69.4
z_46.5_31.5,2029,1,2029-S1,Stable,88.8
z_46.5_36.0,2029,1,2029-S1,Stable,90.3
z_46.5_37.5,2029,1,2029-S1,Stable,93.5
z_46.5_39.0,2029,1,2029-S1,Stable,88.5
z_48.0_-1.5,2029,1,2029-S1,Stable,33.6
z_48.0_-10.5,2029,1,2029-S1,Stable,94.3
z_48.0_-12.0,2029,1,2029-S1,Stable,93.5
z_48.0_-13.5,2029,1,2029-S1,Stable,93.3
z_48.0_-15.0,2029,1,2029-S1,Stable,93.5
z_48.0_-18.0,2029,1,2029-S1,Stable,93.3
z_48.0_-19.5,2029,1,2029-S1,Stable,90.8
z_48.0_-21.0,2029,1,2029-S1,Stable,93.1
z_48.0_-24.0,2029,1,2029-S1,Stable,91.0
z_48.0_-25.5,2029,1,2029-S1,Stable,92.5
z_48.0_-28.5,2029,1,2029-S1,Stable,93.5
z_48.0_-3.0,2029,1,2029-S1,Stable,65.3
z_48.0_-30.0,2029,1,2029-S1,Stable,90.5
z_48.0_-4.5,2029,1,2029-S1,Forte diminution,39.3
z_48.0_-40.5,2029,1,2029-S1,Stable,92.8
z_48.0_-6.0,2029,1,2029-S1,Forte diminution,37.5
z_48.0_-7.5,2029,1,2029-S1,Stable,90.7
z_48.0_-9.0,2029,1,2029-S1,Stable,53.0
z_49.5_-1.5,2029,1,2029-S1,Faible diminution,27.1
z_49.5_-10.5,2029,1,2029-S1,Stable,92.4
z_49.5_-12.0,2029,1,2029-S1,Stable,92.2
z_49.5_-13.5,2029,1,2029-S1,Stable,93.3
z_49.5_-15.0,2029,1,2029-S1,Stable,93.5
z_49.5_-16.5,2029,1,2029-S1,Stable,90.7
z_49.5_-18.0,2029,1,2029-S1,Stable,93.5
z_49.5_-19.5,2029,1,2029-S1,Stable,92.8
z_49.5_-21.0,2029,1,2029-S1,Stable,92.9
z_49.5_-24.0,2029,1,2029-S1,Stable,93.1
z_49.5_-3.0,2029,1,2029-S1,Forte diminution,39.6
z_49.5_-30.0,2029,1,2029-S1,Stable,93.1
z_49.5_-4.5,2029,1,2029-S1,Stable,79.6
z_49.5_-6.0,2029,1,2029-S1,Stable,51.1
z_49.5_-7.5,2029,1,2029-S1,Stable,83.7
z_49.5_-9.0,2029,1,2029-S1,Stable,87.3
z_49.5_0.0,2029,1,2029-S1,Forte augmentation,28.4
z_49.5_1.5,2029,1,2029-S1,Stable,91.7
z_51.0_-10.5,2029,1,2029-S1,Stable,65.9
z_51.0_-12.0,2029,1,2029-S1,Stable,85.2
z_51.0_-13.5,2029,1,2029-S1,Stable,85.2
z_51.0_-15.0,2029,1,2029-S1,Stable,92.6
z_51.0_-16.5,2029,1,2029-S1,Stable,93.0
z_51.0_-18.0,2029,1,2029-S1,Stable,93.5
z_51.0_-19.5,2029,1,2029-S1,Stable,93.5
z_51.0_-21.0,2029,1,2029-S1,Stable,90.4
z_51.0_-25.5,2029,1,2029-S1,Stable,93.5
z_51.0_-27.0,2029,1,2029-S1,Stable,92.8
z_51.0_-4.5,2029,1,2029-S1,Stable,87.3
z_51.0_-6.0,2029,1,2029-S1,Stable,51.6
z_51.0_-7.5,2029,1,2029-S1,Forte diminution,48.6
z_51.0_-9.0,2029,1,2029-S1,Stable,89.6
z_51.0_0.0,2029,1,2029-S1,Forte diminution,50.7
z_51.0_1.5,2029,1,2029-S1,Faible augmentation,35.7
z_51.0_3.0,2029,1,2029-S1,Faible diminution,36.4
z_52.5_-1.5,2029,1,2029-S1,Forte augmentation,41.6
z_52.5_-10.5,2029,1,2029-S1,Stable,89.0
z_52.5_-12.0,2029,1,2029-S1,Stable,92.4
z_52.5_-13.5,2029,1,2029-S1,Stable,94.2
z_52.5_-15.0,2029,1,2029-S1,Stable,90.7
z_52.5_-19.5,2029,1,2029-S1,Stable,94.2
z_52.5_-21.0,2029,1,2029-S1,Stable,92.9
z_52.5_-4.5,2029,1,2029-S1,Stable,45.6
z_52.5_-6.0,2029,1,2029-S1,Forte diminution,40.9
z_52.5_-7.5,2029,1,2029-S1,Stable,35.9
z_52.5_0.0,2029,1,2029-S1,Stable,45.7
z_52.5_1.5,2029,1,2029-S1,Stable,85.9
z_52.5_13.5,2029,1,2029-S1,Stable,32.2
z_52.5_3.0,2029,1,2029-S1,Stable,51.5
z_52.5_4.5,2029,1,2029-S1,Stable,35.5
z_52.5_6.0,2029,1,2029-S1,Faible diminution,31.7
z_52.5_7.5,2029,1,2029-S1,Faible augmentation,45.2
z_52.5_9.0,2029,1,2029-S1,Stable,56.6
z_54.0_-1.5,2029,1,2029-S1,Stable,83.3
z_54.0_-10.5,2029,1,2029-S1,Stable,90.6
z_54.0_-12.0,2029,1,2029-S1,Stable,80.3
z_54.0_-13.5,2029,1,2029-S1,Stable,92.3
z_54.0_-15.0,2029,1,2029-S1,Stable,88.7
z_54.0_-16.5,2029,1,2029-S1,Stable,93.5
z_54.0_-4.5,2029,1,2029-S1,Stable,87.3
z_54.0_-6.0,2029,1,2029-S1,Stable,92.0
z_54.0_-7.5,2029,1,2029-S1,Stable,79.4
z_54.0_-9.0,2029,1,2029-S1,Stable,92.0
z_54.0_0.0,2029,1,2029-S1,Stable,81.0
z_54.0_1.5,2029,1,2029-S1,Stable,79.1
z_54.0_10.5,2029,1,2029-S1,Faible augmentation,68.5
z_54.0_12.0,2029,1,2029-S1,Faible diminution,33.5
z_54.0_13.5,2029,1,2029-S1,Faible augmentation,34.4
z_54.0_15.0,2029,1,2029-S1,Stable,62.4
z_54.0_16.5,2029,1,2029-S1,Stable,87.5
z_54.0_18.0,2029,1,2029-S1,Forte diminution,39.6
z_54.0_19.5,2029,1,2029-S1,Stable,94.3
z_54.0_3.0,2029,1,2029-S1,Stable,89.6
z_54.0_4.5,2029,1,2029-S1,Stable,94.4
z_54.0_6.0,2029,1,2029-S1,Stable,86.0
z_54.0_7.5,2029,1,2029-S1,Faible diminution,39.9
z_54.0_9.0,2029,1,2029-S1,Forte diminution,26.6
z_55.5_-1.5,2029,1,2029-S1,Stable,93.1
z_55.5_-10.5,2029,1,2029-S1,Stable,84.5
z_55.5_-12.0,2029,1,2029-S1,Stable,92.8
z_55.5_-15.0,2029,1,2029-S1,Stable,93.7
z_55.5_-3.0,2029,1,2029-S1,Stable,93.7
z_55.5_-39.0,2029,1,2029-S1,Stable,93.1
z_55.5_-4.5,2029,1,2029-S1,Stable,92.5
z_55.5_-6.0,2029,1,2029-S1,Stable,79.4
z_55.5_-7.5,2029,1,2029-S1,Stable,92.6
z_55.5_-9.0,2029,1,2029-S1,Stable,91.9
z_55.5_0.0,2029,1,2029-S1,Stable,93.7
z_55.5_1.5,2029,1,2029-S1,Stable,93.0
z_55.5_10.5,2029,1,2029-S1,Forte augmentation,36.5
z_55.5_12.0,2029,1,2029-S1,Faible augmentation,33.3
z_55.5_13.5,2029,1,2029-S1,Stable,85.4
z_55.5_15.0,2029,1,2029-S1,Stable,48.7
z_55.5_16.5,2029,1,2029-S1,Stable,91.8
z_55.5_18.0,2029,1,2029-S1,Stable,93.5
z_55.5_19.5,2029,1,2029-S1,Stable,88.1
z_55.5_21.0,2029,1,2029-S1,Forte diminution,40.4
z_55.5_3.0,2029,1,2029-S1,Stable,91.1
z_55.5_4.5,2029,1,2029-S1,Stable,90.0
z_55.5_6.0,2029,1,2029-S1,Stable,51.7
z_55.5_7.5,2029,1,2029-S1,Forte diminution,43.2
z_55.5_9.0,2029,1,2029-S1,Forte diminution,45.5
z_57.0_-1.5,2029,1,2029-S1,Stable,90.5
z_57.0_-10.5,2029,1,2029-S1,Stable,92.7
z_57.0_-13.5,2029,1,2029-S1,Stable,89.3
z_57.0_-15.0,2029,1,2029-S1,Stable,93.8
z_57.0_-24.0,2029,1,2029-S1,Stable,88.3
z_57.0_-28.5,2029,1,2029-S1,Stable,91.1
z_57.0_-3.0,2029,1,2029-S1,Stable,83.8
z_57.0_-4.5,2029,1,2029-S1,Stable,92.1
z_57.0_-6.0,2029,1,2029-S1,Stable,79.8
z_57.0_-7.5,2029,1,2029-S1,Stable,92.8
z_57.0_-9.0,2029,1,2029-S1,Stable,94.2
z_57.0_0.0,2029,1,2029-S1,Stable,90.9
z_57.0_1.5,2029,1,2029-S1,Stable,93.7
z_57.0_10.5,2029,1,2029-S1,Faible augmentation,48.8
z_57.0_12.0,2029,1,2029-S1,Stable,64.6
z_57.0_16.5,2029,1,2029-S1,Forte diminution,51.9
z_57.0_18.0,2029,1,2029-S1,Stable,86.0
z_57.0_19.5,2029,1,2029-S1,Stable,86.2
z_57.0_21.0,2029,1,2029-S1,Stable,93.7
z_57.0_22.5,2029,1,2029-S1,Stable,46.5
z_57.0_24.0,2029,1,2029-S1,Stable,94.2
z_57.0_3.0,2029,1,2029-S1,Stable,93.2
z_57.0_4.5,2029,1,2029-S1,Stable,81.9
z_57.0_6.0,2029,1,2029-S1,Stable,86.5
z_57.0_7.5,2029,1,2029-S1,Stable,49.4
z_57.0_9.0,2029,1,2029-S1,Forte augmentation,37.3
z_58.5_-1.5,2029,1,2029-S1,Stable,92.4
z_58.5_-10.5,2029,1,2029-S1,Stable,93.8
z_58.5_-12.0,2029,1,2029-S1,Stable,93.2
z_58.5_-15.0,2029,1,2029-S1,Stable,93.6
z_58.5_-19.5,2029,1,2029-S1,Stable,86.7
z_58.5_-24.0,2029,1,2029-S1,Stable,92.8
z_58.5_-3.0,2029,1,2029-S1,Stable,93.6
z_58.5_-31.5,2029,1,2029-S1,Stable,91.4
z_58.5_-4.5,2029,1,2029-S1,Stable,92.3
z_58.5_-6.0,2029,1,2029-S1,Stable,90.7
z_58.5_-7.5,2029,1,2029-S1,Stable,93.5
z_58.5_-9.0,2029,1,2029-S1,Stable,92.9
z_58.5_0.0,2029,1,2029-S1,Stable,92.8
z_58.5_1.5,2029,1,2029-S1,Stable,89.0
z_58.5_10.5,2029,1,2029-S1,Forte diminution,47.3
z_58.5_15.0,2029,1,2029-S1,Stable,89.0
z_58.5_16.5,2029,1,2029-S1,Faible augmentation,30.0
z_58.5_18.0,2029,1,2029-S1,Faible augmentation,27.6
z_58.5_19.5,2029,1,2029-S1,Stable,84.0
z_58.5_21.0,2029,1,2029-S1,Stable,86.4
z_58.5_22.5,2029,1,2029-S1,Stable,60.9
z_58.5_24.0,2029,1,2029-S1,Forte diminution,38.5
z_58.5_25.5,2029,1,2029-S1,Stable,83.7
z_58.5_27.0,2029,1,2029-S1,Stable,94.1
z_58.5_28.5,2029,1,2029-S1,Stable,93.5
z_58.5_3.0,2029,1,2029-S1,Stable,84.1
z_58.5_4.5,2029,1,2029-S1,Forte diminution,33.3
z_58.5_6.0,2029,1,2029-S1,Stable,93.3
z_58.5_7.5,2029,1,2029-S1,Stable,86.8
z_58.5_9.0,2029,1,2029-S1,Stable,45.0
z_60.0_-1.5,2029,1,2029-S1,Stable,93.9
z_60.0_-10.5,2029,1,2029-S1,Stable,93.4
z_60.0_-12.0,2029,1,2029-S1,Stable,85.6
z_60.0_-27.0,2029,1,2029-S1,Stable,92.4
z_60.0_-3.0,2029,1,2029-S1,Stable,92.6
z_60.0_-31.5,2029,1,2029-S1,Stable,94.3
z_60.0_-4.5,2029,1,2029-S1,Stable,91.9
z_60.0_-6.0,2029,1,2029-S1,Stable,94.1
z_60.0_-7.5,2029,1,2029-S1,Stable,92.8
z_60.0_-9.0,2029,1,2029-S1,Stable,93.5
z_60.0_0.0,2029,1,2029-S1,Stable,92.0
z_60.0_1.5,2029,1,2029-S1,Stable,76.6
z_60.0_16.5,2029,1,2029-S1,Stable,86.0
z_60.0_18.0,2029,1,2029-S1,Stable,93.3
z_60.0_19.5,2029,1,2029-S1,Stable,91.7
z_60.0_21.0,2029,1,2029-S1,Forte diminution,49.4
z_60.0_24.0,2029,1,2029-S1,Stable,74.0
z_60.0_25.5,2029,1,2029-S1,Forte diminution,49.7
z_60.0_27.0,2029,1,2029-S1,Stable,94.7
z_60.0_28.5,2029,1,2029-S1,Stable,86.8
z_60.0_3.0,2029,1,2029-S1,Stable,89.2
z_60.0_4.5,2029,1,2029-S1,Forte diminution,27.1
z_60.0_6.0,2029,1,2029-S1,Stable,93.6
z_61.5_-1.5,2029,1,2029-S1,Stable,93.1
z_61.5_-10.5,2029,1,2029-S1,Stable,92.7
z_61.5_-12.0,2029,1,2029-S1,Stable,84.2
z_61.5_-13.5,2029,1,2029-S1,Stable,93.7
z_61.5_-16.5,2029,1,2029-S1,Stable,91.8
z_61.5_-18.0,2029,1,2029-S1,Stable,93.5
z_61.5_-27.0,2029,1,2029-S1,Stable,93.3
z_61.5_-7.5,2029,1,2029-S1,Stable,92.0
z_61.5_-9.0,2029,1,2029-S1,Stable,90.8
z_61.5_0.0,2029,1,2029-S1,Stable,89.3
z_61.5_1.5,2029,1,2029-S1,Stable,93.0
z_61.5_16.5,2029,1,2029-S1,Stable,89.1
z_61.5_18.0,2029,1,2029-S1,Stable,85.7
z_61.5_19.5,2029,1,2029-S1,Stable,86.8
z_61.5_21.0,2029,1,2029-S1,Stable,93.3
z_61.5_3.0,2029,1,2029-S1,Stable,89.2
z_61.5_4.5,2029,1,2029-S1,Forte augmentation,39.9
z_61.5_6.0,2029,1,2029-S1,Forte augmentation,38.6
z_61.5_7.5,2029,1,2029-S1,Stable,88.7
z_63.0_-1.5,2029,1,2029-S1,Stable,85.3
z_63.0_-10.5,2029,1,2029-S1,Stable,90.3
z_63.0_-12.0,2029,1,2029-S1,Stable,91.2
z_63.0_-13.5,2029,1,2029-S1,Stable,93.8
z_63.0_-15.0,2029,1,2029-S1,Stable,93.0
z_63.0_-16.5,2029,1,2029-S1,Stable,92.5
z_63.0_-18.0,2029,1,2029-S1,Stable,88.0
z_63.0_-19.5,2029,1,2029-S1,Stable,87.5
z_63.0_-21.0,2029,1,2029-S1,Stable,89.2
z_63.0_-22.5,2029,1,2029-S1,Stable,49.3
z_63.0_-24.0,2029,1,2029-S1,Stable,83.8
z_63.0_-25.5,2029,1,2029-S1,Stable,93.4
z_63.0_-27.0,2029,1,2029-S1,Stable,92.8
z_63.0_-36.0,2029,1,2029-S1,Stable,94.1
z_63.0_-39.0,2029,1,2029-S1,Stable,92.1
z_63.0_-7.5,2029,1,2029-S1,Stable,93.3
z_63.0_-9.0,2029,1,2029-S1,Stable,92.9
z_63.0_0.0,2029,1,2029-S1,Stable,92.3
z_63.0_10.5,2029,1,2029-S1,Stable,90.0
z_63.0_18.0,2029,1,2029-S1,Stable,91.5
z_63.0_19.5,2029,1,2029-S1,Stable,84.7
z_63.0_21.0,2029,1,2029-S1,Stable,90.2
z_63.0_22.5,2029,1,2029-S1,Stable,88.3
z_63.0_3.0,2029,1,2029-S1,Stable,92.4
z_63.0_4.5,2029,1,2029-S1,Stable,89.0
z_63.0_6.0,2029,1,2029-S1,Stable,91.1
z_63.0_7.5,2029,1,2029-S1,Forte diminution,58.9
z_63.0_9.0,2029,1,2029-S1,Forte diminution,45.3
z_64.5_-10.5,2029,1,2029-S1,Stable,92.9
z_64.5_-12.0,2029,1,2029-S1,Stable,94.3
z_64.5_-13.5,2029,1,2029-S1,Stable,94.4
z_64.5_-15.0,2029,1,2029-S1,Stable,93.6
z_64.5_-19.5,2029,1,2029-S1,Stable,93.5
z_64.5_-21.0,2029,1,2029-S1,Stable,86.7
z_64.5_-22.5,2029,1,2029-S1,Stable,79.0
z_64.5_-24.0,2029,1,2029-S1,Stable,81.3
z_64.5_-25.5,2029,1,2029-S1,Stable,92.6
z_64.5_-27.0,2029,1,2029-S1,Stable,86.9
z_64.5_-28.5,2029,1,2029-S1,Stable,92.7
z_64.5_-3.0,2029,1,2029-S1,Stable,93.2
z_64.5_-33.0,2029,1,2029-S1,Stable,93.5
z_64.5_-37.5,2029,1,2029-S1,Stable,93.8
z_64.5_-6.0,2029,1,2029-S1,Stable,92.1
z_64.5_0.0,2029,1,2029-S1,Stable,92.0
z_64.5_10.5,2029,1,2029-S1,Stable,39.2
z_64.5_12.0,2029,1,2029-S1,Stable,42.6
z_64.5_21.0,2029,1,2029-S1,Stable,51.4
z_64.5_22.5,2029,1,2029-S1,Stable,91.6
z_64.5_24.0,2029,1,2029-S1,Stable,88.9
z_64.5_3.0,2029,1,2029-S1,Stable,91.8
z_64.5_34.5,2029,1,2029-S1,Stable,94.0
z_64.5_39.0,2029,1,2029-S1,Stable,85.9
z_64.5_4.5,2029,1,2029-S1,Stable,92.6
z_64.5_6.0,2029,1,2029-S1,Stable,88.3
z_64.5_7.5,2029,1,2029-S1,Stable,87.9
z_64.5_9.0,2029,1,2029-S1,Stable,90.6
z_66.0_-1.5,2029,1,2029-S1,Stable,90.7
z_66.0_-12.0,2029,1,2029-S1,Stable,93.2
z_66.0_-13.5,2029,1,2029-S1,Stable,92.6
z_66.0_-15.0,2029,1,2029-S1,Stable,93.9
z_66.0_-16.5,2029,1,2029-S1,Stable,94.9
z_66.0_-18.0,2029,1,2029-S1,Stable,93.6
z_66.0_-19.5,2029,1,2029-S1,Stable,92.8
z_66.0_-21.0,2029,1,2029-S1,Stable,92.6
z_66.0_-22.5,2029,1,2029-S1,Stable,92.5
z_66.0_-24.0,2029,1,2029-S1,Stable,83.4
z_66.0_-25.5,2029,1,2029-S1,Stable,92.0
z_66.0_-27.0,2029,1,2029-S1,Stable,93.0
z_66.0_-3.0,2029,1,2029-S1,Stable,90.1
z_66.0_1.5,2029,1,2029-S1,Stable,89.5
z_66.0_10.5,2029,1,2029-S1,Stable,90.7
z_66.0_12.0,2029,1,2029-S1,Forte augmentation,34.6
z_66.0_13.5,2029,1,2029-S1,Stable,46.8
z_66.0_15.0,2029,1,2029-S1,Stable,85.6
z_66.0_4.5,2029,1,2029-S1,Stable,92.9
z_66.0_6.0,2029,1,2029-S1,Stable,93.0
z_66.0_7.5,2029,1,2029-S1,Stable,93.4
z_66.0_9.0,2029,1,2029-S1,Stable,89.4
z_67.5_-1.5,2029,1,2029-S1,Stable,91.6
z_67.5_-16.5,2029,1,2029-S1,Stable,91.1
z_67.5_0.0,2029,1,2029-S1,Stable,88.2
z_67.5_10.5,2029,1,2029-S1,Stable,92.9
z_67.5_12.0,2029,1,2029-S1,Stable,77.9
z_67.5_13.5,2029,1,2029-S1,Stable,46.7
z_67.5_15.0,2029,1,2029-S1,Stable,44.9
z_67.5_16.5,2029,1,2029-S1,Stable,64.4
z_67.5_4.5,2029,1,2029-S1,Stable,91.2
z_67.5_6.0,2029,1,2029-S1,Stable,92.5
z_67.5_9.0,2029,1,2029-S1,Stable,90.1
z_69.0_-18.0,2029,1,2029-S1,Stable,91.7
z_69.0_13.5,2029,1,2029-S1,Stable,89.9
z_69.0_15.0,2029,1,2029-S1,Stable,63.9
z_69.0_16.5,2029,1,2029-S1,Forte diminution,40.6
z_69.0_18.0,2029,1,2029-S1,Stable,62.6
z_69.0_19.5,2029,1,2029-S1,Stable,77.6
z_69.0_21.0,2029,1,2029-S1,Stable,81.2
z_69.0_22.5,2029,1,2029-S1,Stable,81.5
z_69.0_24.0,2029,1,2029-S1,Stable,94.3
z_69.0_28.5,2029,1,2029-S1,Stable,93.9
z_69.0_30.0,2029,1,2029-S1,Stable,91.3
z_69.0_33.0,2029,1,2029-S1,Stable,91.4
z_69.0_42.0,2029,1,2029-S1,Stable,93.6
z_69.0_6.0,2029,1,2029-S1,Stable,93.5
z_69.0_67.5,2029,1,2029-S1,Stable,88.1
z_70.5_-12.0,2029,1,2029-S1,Stable,93.8
z_70.5_0.0,2029,1,2029-S1,Stable,93.2
z_70.5_10.5,2029,1,2029-S1,Stable,90.4
z_70.5_13.5,2029,1,2029-S1,Stable,86.2
z_70.5_15.0,2029,1,2029-S1,Stable,94.4
z_70.5_16.5,2029,1,2029-S1,Stable,93.3
z_70.5_18.0,2029,1,2029-S1,Stable,91.1
z_70.5_19.5,2029,1,2029-S1,Stable,92.0
z_70.5_21.0,2029,1,2029-S1,Stable,91.8
z_70.5_22.5,2029,1,2029-S1,Stable,92.9
z_70.5_24.0,2029,1,2029-S1,Stable,64.5
z_70.5_25.5,2029,1,2029-S1,Stable,90.3
z_70.5_27.0,2029,1,2029-S1,Stable,91.2
z_70.5_28.5,2029,1,2029-S1,Stable,94.6
z_70.5_30.0,2029,1,2029-S1,Stable,80.8
z_70.5_33.0,2029,1,2029-S1,Stable,95.0
z_70.5_36.0,2029,1,2029-S1,Stable,92.6
z_72.0_1.5,2029,1,2029-S1,Stable,92.4
z_72.0_13.5,2029,1,2029-S1,Stable,93.0
z_72.0_15.0,2029,1,2029-S1,Stable,93.5
z_72.0_16.5,2029,1,2029-S1,Stable,94.1
z_72.0_18.0,2029,1,2029-S1,Stable,91.0
z_72.0_19.5,2029,1,2029-S1,Stable,87.0
z_72.0_22.5,2029,1,2029-S1,Stable,88.8
z_72.0_24.0,2029,1,2029-S1,Stable,91.6
z_72.0_25.5,2029,1,2029-S1,Stable,93.2
z_72.0_28.5,2029,1,2029-S1,Stable,91.5
z_72.0_30.0,2029,1,2029-S1,Stable,92.4
z_72.0_34.5,2029,1,2029-S1,Stable,92.4
z_73.5_1.5,2029,1,2029-S1,Stable,92.2
z_73.5_16.5,2029,1,2029-S1,Stable,94.0
z_73.5_18.0,2029,1,2029-S1,Stable,93.3
z_73.5_19.5,2029,1,2029-S1,Stable,92.9
z_73.5_21.0,2029,1,2029-S1,Stable,92.2
z_73.5_22.5,2029,1,2029-S1,Stable,94.6
z_73.5_25.5,2029,1,2029-S1,Stable,89.9
z_73.5_28.5,2029,1,2029-S1,Stable,91.9
z_73.5_30.0,2029,1,2029-S1,Stable,93.6
z_73.5_31.5,2029,1,2029-S1,Stable,89.6
z_73.5_33.0,2029,1,2029-S1,Stable,90.2
z_73.5_34.5,2029,1,2029-S1,Stable,92.2
z_73.5_36.0,2029,1,2029-S1,Stable,91.1
z_73.5_51.0,2029,1,2029-S1,Stable,86.8
z_75.0_16.5,2029,1,2029-S1,Stable,93.6
z_75.0_18.0,2029,1,2029-S1,Stable,92.9
z_75.0_19.5,2029,1,2029-S1,Stable,93.5
z_75.0_22.5,2029,1,2029-S1,Stable,93.7
z_75.0_25.5,2029,1,2029-S1,Stable,93.9
z_75.0_30.0,2029,1,2029-S1,Stable,94.7
z_75.0_31.5,2029,1,2029-S1,Stable,93.3
z_75.0_33.0,2029,1,2029-S1,Stable,78.3
z_75.0_34.5,2029,1,2029-S1,Stable,94.3
z_75.0_36.0,2029,1,2029-S1,Stable,94.7
z_75.0_39.0,2029,1,2029-S1,Stable,94.4
z_75.0_40.5,2029,1,2029-S1,Stable,88.9
z_76.5_13.5,2029,1,2029-S1,Stable,82.3
z_76.5_19.5,2029,1,2029-S1,Stable,92.2
z_76.5_31.5,2029,1,2029-S1,Stable,93.2
z_76.5_33.0,2029,1,2029-S1,Stable,93.2
z_76.5_36.0,2029,1,2029-S1,Stable,93.3
z_76.5_37.5,2029,1,2029-S1,Stable,93.8
z_76.5_40.5,2029,1,2029-S1,Stable,93.2
z_76.5_9.0,2029,1,2029-S1,Stable,95.1
z_78.0_10.5,2029,1,2029-S1,Stable,89.1
z_78.0_12.0,2029,1,2029-S1,Stable,92.1
z_78.0_13.5,2029,1,2029-S1,Stable,83.1
z_78.0_15.0,2029,1,2029-S1,Stable,88.7
z_78.0_22.5,2029,1,2029-S1,Stable,93.5
z_78.0_33.0,2029,1,2029-S1,Stable,89.5
z_79.5_10.5,2029,1,2029-S1,Stable,92.5
z_79.5_13.5,2029,1,2029-S1,Stable,92.6
z_79.5_16.5,2029,1,2029-S1,Stable,93.2
z_79.5_19.5,2029,1,2029-S1,Stable,91.8
z_79.5_27.0,2029,1,2029-S1,Stable,93.5
z_79.5_31.5,2029,1,2029-S1,Stable,90.7
z_24.0_-18.0,2029,2,2029-S2,Stable,88.7
z_24.0_-19.5,2029,2,2029-S2,Stable,88.5
z_24.0_-22.5,2029,2,2029-S2,Stable,88.1
z_24.0_-24.0,2029,2,2029-S2,Stable,86.8
z_24.0_-39.0,2029,2,2029-S2,Stable,88.7
z_25.5_-15.0,2029,2,2029-S2,Stable,88.3
z_25.5_-16.5,2029,2,2029-S2,Stable,84.3
z_25.5_-18.0,2029,2,2029-S2,Stable,88.2
z_25.5_-39.0,2029,2,2029-S2,Stable,85.8
z_27.0_-15.0,2029,2,2029-S2,Stable,89.0
z_27.0_-16.5,2029,2,2029-S2,Forte diminution,48.7
z_27.0_-18.0,2029,2,2029-S2,Stable,87.8
z_27.0_-37.5,2029,2,2029-S2,Stable,86.7
z_28.5_-12.0,2029,2,2029-S2,Stable,88.5
z_28.5_-13.5,2029,2,2029-S2,Stable,83.1
z_28.5_-15.0,2029,2,2029-S2,Stable,74.2
z_28.5_-16.5,2029,2,2029-S2,Stable,69.0
z_28.5_-18.0,2029,2,2029-S2,Stable,84.9
z_28.5_-21.0,2029,2,2029-S2,Stable,85.4
z_28.5_-28.5,2029,2,2029-S2,Stable,88.1
z_28.5_-33.0,2029,2,2029-S2,Stable,87.5
z_28.5_-34.5,2029,2,2029-S2,Stable,88.6
z_28.5_-36.0,2029,2,2029-S2,Stable,87.6
z_30.0_-10.5,2029,2,2029-S2,Stable,92.4
z_30.0_-12.0,2029,2,2029-S2,Stable,88.0
z_30.0_-13.5,2029,2,2029-S2,Stable,88.2
z_30.0_-15.0,2029,2,2029-S2,Stable,88.0
z_30.0_-18.0,2029,2,2029-S2,Stable,88.5
z_30.0_-33.0,2029,2,2029-S2,Stable,88.2
z_30.0_-36.0,2029,2,2029-S2,Stable,88.2
z_30.0_-37.5,2029,2,2029-S2,Stable,86.1
z_30.0_-39.0,2029,2,2029-S2,Stable,88.7
z_30.0_-42.0,2029,2,2029-S2,Stable,88.7
z_30.0_28.5,2029,2,2029-S2,Stable,83.9
z_30.0_30.0,2029,2,2029-S2,Stable,86.1
z_30.0_31.5,2029,2,2029-S2,Stable,82.6
z_31.5_-10.5,2029,2,2029-S2,Stable,88.5
z_31.5_-12.0,2029,2,2029-S2,Stable,87.3
z_31.5_-15.0,2029,2,2029-S2,Stable,88.8
z_31.5_-18.0,2029,2,2029-S2,Stable,92.7
z_31.5_-33.0,2029,2,2029-S2,Stable,88.4
z_31.5_-39.0,2029,2,2029-S2,Stable,86.6
z_31.5_13.5,2029,2,2029-S2,Stable,87.3
z_31.5_15.0,2029,2,2029-S2,Stable,87.5
z_31.5_19.5,2029,2,2029-S2,Stable,88.5
z_31.5_24.0,2029,2,2029-S2,Stable,86.9
z_31.5_25.5,2029,2,2029-S2,Stable,84.5
z_31.5_27.0,2029,2,2029-S2,Stable,83.5
z_31.5_28.5,2029,2,2029-S2,Stable,86.1
z_31.5_30.0,2029,2,2029-S2,Stable,88.1
z_31.5_31.5,2029,2,2029-S2,Stable,90.1
z_31.5_33.0,2029,2,2029-S2,Stable,86.9
z_31.5_34.5,2029,2,2029-S2,Stable,91.7
z_33.0_-10.5,2029,2,2029-S2,Stable,87.5
z_33.0_-13.5,2029,2,2029-S2,Stable,88.0
z_33.0_-16.5,2029,2,2029-S2,Stable,88.7
z_33.0_-28.5,2029,2,2029-S2,Stable,87.5
z_33.0_-34.5,2029,2,2029-S2,Stable,82.5
z_33.0_-7.5,2029,2,2029-S2,Stable,89.7
z_33.0_-9.0,2029,2,2029-S2,Stable,88.2
z_33.0_10.5,2029,2,2029-S2,Stable,86.1
z_33.0_12.0,2029,2,2029-S2,Stable,90.5
z_33.0_13.5,2029,2,2029-S2,Stable,91.0
z_33.0_18.0,2029,2,2029-S2,Stable,86.9
z_33.0_19.5,2029,2,2029-S2,Stable,88.5
z_33.0_21.0,2029,2,2029-S2,Stable,86.1
z_33.0_22.5,2029,2,2029-S2,Stable,86.9
z_33.0_24.0,2029,2,2029-S2,Stable,86.9
z_33.0_25.5,2029,2,2029-S2,Stable,86.9
z_33.0_28.5,2029,2,2029-S2,Stable,85.1
z_33.0_31.5,2029,2,2029-S2,Stable,83.2
z_33.0_33.0,2029,2,2029-S2,Stable,78.6
z_33.0_34.5,2029,2,2029-S2,Stable,89.5
z_33.0_9.0,2029,2,2029-S2,Stable,92.0
z_34.5_-1.5,2029,2,2029-S2,Stable,88.6
z_34.5_-10.5,2029,2,2029-S2,Stable,87.8
z_34.5_-12.0,2029,2,2029-S2,Stable,88.3
z_34.5_-15.0,2029,2,2029-S2,Stable,88.5
z_34.5_-18.0,2029,2,2029-S2,Stable,88.0
z_34.5_-22.5,2029,2,2029-S2,Stable,79.7
z_34.5_-3.0,2029,2,2029-S2,Stable,94.7
z_34.5_-30.0,2029,2,2029-S2,Stable,86.1
z_34.5_-36.0,2029,2,2029-S2,Stable,86.2
z_34.5_-37.5,2029,2,2029-S2,Stable,87.8
z_34.5_-39.0,2029,2,2029-S2,Stable,87.7
z_34.5_-4.5,2029,2,2029-S2,Stable,84.8
z_34.5_-6.0,2029,2,2029-S2,Stable,83.0
z_34.5_-7.5,2029,2,2029-S2,Stable,83.8
z_34.5_-9.0,2029,2,2029-S2,Stable,88.2
z_34.5_0.0,2029,2,2029-S2,Stable,88.6
z_34.5_10.5,2029,2,2029-S2,Stable,93.1
z_34.5_12.0,2029,2,2029-S2,Stable,92.7
z_34.5_13.5,2029,2,2029-S2,Faible augmentation,26.9
z_34.5_15.0,2029,2,2029-S2,Stable,89.5
z_34.5_16.5,2029,2,2029-S2,Stable,81.3
z_34.5_18.0,2029,2,2029-S2,Stable,87.1
z_34.5_19.5,2029,2,2029-S2,Stable,86.9
z_34.5_21.0,2029,2,2029-S2,Stable,87.2
z_34.5_22.5,2029,2,2029-S2,Stable,78.3
z_34.5_24.0,2029,2,2029-S2,Forte diminution,50.1
z_34.5_25.5,2029,2,2029-S2,Stable,85.4
z_34.5_27.0,2029,2,2029-S2,Stable,92.9
z_34.5_28.5,2029,2,2029-S2,Stable,88.5
z_34.5_30.0,2029,2,2029-S2,Stable,88.1
z_34.5_31.5,2029,2,2029-S2,Stable,83.8
z_34.5_33.0,2029,2,2029-S2,Stable,42.6
z_34.5_34.5,2029,2,2029-S2,Stable,85.1
z_36.0_-1.5,2029,2,2029-S2,Stable,93.9
z_36.0_-10.5,2029,2,2029-S2,Stable,60.6
z_36.0_-12.0,2029,2,2029-S2,Stable,87.9
z_36.0_-13.5,2029,2,2029-S2,Stable,88.3
z_36.0_-16.5,2029,2,2029-S2,Stable,88.4
z_36.0_-18.0,2029,2,2029-S2,Stable,87.9
z_36.0_-21.0,2029,2,2029-S2,Stable,88.1
z_36.0_-22.5,2029,2,2029-S2,Stable,85.2
z_36.0_-24.0,2029,2,2029-S2,Stable,88.1
z_36.0_-25.5,2029,2,2029-S2,Stable,83.2
z_36.0_-3.0,2029,2,2029-S2,Forte diminution,44.1
z_36.0_-36.0,2029,2,2029-S2,Stable,88.8
z_36.0_-4.5,2029,2,2029-S2,Stable,86.7
z_36.0_-42.0,2029,2,2029-S2,Stable,88.2
z_36.0_-6.0,2029,2,2029-S2,Forte diminution,48.7
z_36.0_-7.5,2029,2,2029-S2,Forte augmentation,45.7
z_36.0_-9.0,2029,2,2029-S2,Forte diminution,52.4
z_36.0_0.0,2029,2,2029-S2,Stable,92.9
z_36.0_1.5,2029,2,2029-S2,Stable,91.3
z_36.0_10.5,2029,2,2029-S2,Stable,74.7
z_36.0_12.0,2029,2,2029-S2,Stable,50.1
z_36.0_13.5,2029,2,2029-S2,Forte diminution,45.4
z_36.0_15.0,2029,2,2029-S2,Forte diminution,41.2
z_36.0_16.5,2029,2,2029-S2,Stable,87.3
z_36.0_18.0,2029,2,2029-S2,Stable,88.6
z_36.0_19.5,2029,2,2029-S2,Stable,77.5
z_36.0_21.0,2029,2,2029-S2,Stable,83.2
z_36.0_22.5,2029,2,2029-S2,Forte diminution,54.2
z_36.0_24.0,2029,2,2029-S2,Stable,30.9
z_36.0_25.5,2029,2,2029-S2,Forte diminution,55.1
z_36.0_27.0,2029,2,2029-S2,Forte augmentation,38.1
z_36.0_28.5,2029,2,2029-S2,Stable,80.0
z_36.0_3.0,2029,2,2029-S2,Stable,88.5
z_36.0_30.0,2029,2,2029-S2,Stable,93.8
z_36.0_34.5,2029,2,2029-S2,Stable,87.5
z_36.0_36.0,2029,2,2029-S2,Stable,83.8
z_36.0_4.5,2029,2,2029-S2,Stable,87.6
z_36.0_6.0,2029,2,2029-S2,Stable,91.0
z_36.0_7.5,2029,2,2029-S2,Stable,86.1
z_36.0_9.0,2029,2,2029-S2,Stable,88.7
z_37.5_-1.5,2029,2,2029-S2,Forte augmentation,42.7
z_37.5_-10.5,2029,2,2029-S2,Forte diminution,38.8
z_37.5_-12.0,2029,2,2029-S2,Stable,87.6
z_37.5_-13.5,2029,2,2029-S2,Stable,86.6
z_37.5_-16.5,2029,2,2029-S2,Stable,86.2
z_37.5_-19.5,2029,2,2029-S2,Stable,87.2
z_37.5_-21.0,2029,2,2029-S2,Stable,87.2
z_37.5_-22.5,2029,2,2029-S2,Stable,88.5
z_37.5_-24.0,2029,2,2029-S2,Stable,87.9
z_37.5_-25.5,2029,2,2029-S2,Stable,87.4
z_37.5_-27.0,2029,2,2029-S2,Stable,83.4
z_37.5_-28.5,2029,2,2029-S2,Stable,82.0
z_37.5_-30.0,2029,2,2029-S2,Stable,91.8
z_37.5_-31.5,2029,2,2029-S2,Stable,87.2
z_37.5_-39.0,2029,2,2029-S2,Stable,87.8
z_37.5_-9.0,2029,2,2029-S2,Forte diminution,42.1
z_37.5_0.0,2029,2,2029-S2,Stable,51.6
z_37.5_1.5,2029,2,2029-S2,Stable,91.7
z_37.5_10.5,2029,2,2029-S2,Stable,92.6
z_37.5_12.0,2029,2,2029-S2,Forte diminution,42.0
z_37.5_13.5,2029,2,2029-S2,Stable,47.8
z_37.5_15.0,2029,2,2029-S2,Forte diminution,55.1
z_37.5_16.5,2029,2,2029-S2,Stable,78.4
z_37.5_18.0,2029,2,2029-S2,Stable,88.4
z_37.5_19.5,2029,2,2029-S2,Forte diminution,53.3
z_37.5_21.0,2029,2,2029-S2,Forte diminution,42.1
z_37.5_22.5,2029,2,2029-S2,Stable,26.5
z_37.5_24.0,2029,2,2029-S2,Stable,30.4
z_37.5_25.5,2029,2,2029-S2,Stable,50.5
z_37.5_27.0,2029,2,2029-S2,Stable,89.2
z_37.5_3.0,2029,2,2029-S2,Stable,79.1
z_37.5_4.5,2029,2,2029-S2,Stable,87.8
z_37.5_6.0,2029,2,2029-S2,Stable,88.5
z_37.5_7.5,2029,2,2029-S2,Stable,92.6
z_37.5_9.0,2029,2,2029-S2,Stable,76.8
z_39.0_-1.5,2029,2,2029-S2,Stable,41.3
z_39.0_-10.5,2029,2,2029-S2,Stable,45.4
z_39.0_-12.0,2029,2,2029-S2,Stable,87.2
z_39.0_-15.0,2029,2,2029-S2,Stable,87.5
z_39.0_-16.5,2029,2,2029-S2,Stable,88.2
z_39.0_-18.0,2029,2,2029-S2,Stable,82.1
z_39.0_-28.5,2029,2,2029-S2,Stable,88.3
z_39.0_-31.5,2029,2,2029-S2,Stable,88.7
z_39.0_-39.0,2029,2,2029-S2,Stable,87.1
z_39.0_-9.0,2029,2,2029-S2,Stable,52.1
z_39.0_0.0,2029,2,2029-S2,Stable,56.2
z_39.0_1.5,2029,2,2029-S2,Stable,43.5
z_39.0_10.5,2029,2,2029-S2,Stable,88.6
z_39.0_12.0,2029,2,2029-S2,Stable,82.5
z_39.0_13.5,2029,2,2029-S2,Stable,92.6
z_39.0_15.0,2029,2,2029-S2,Stable,90.6
z_39.0_16.5,2029,2,2029-S2,Stable,56.3
z_39.0_18.0,2029,2,2029-S2,Stable,67.8
z_39.0_19.5,2029,2,2029-S2,Forte diminution,37.3
z_39.0_22.5,2029,2,2029-S2,Forte augmentation,40.6
z_39.0_24.0,2029,2,2029-S2,Stable,67.9
z_39.0_25.5,2029,2,2029-S2,Stable,53.3
z_39.0_27.0,2029,2,2029-S2,Stable,79.3
z_39.0_3.0,2029,2,2029-S2,Stable,87.6
z_39.0_4.5,2029,2,2029-S2,Stable,93.5
z_39.0_6.0,2029,2,2029-S2,Stable,86.3
z_39.0_7.5,2029,2,2029-S2,Stable,94.4
z_39.0_9.0,2029,2,2029-S2,Stable,44.6
z_40.5_-10.5,2029,2,2029-S2,Stable,85.6
z_40.5_-12.0,2029,2,2029-S2,Stable,87.8
z_40.5_-21.0,2029,2,2029-S2,Stable,87.7
z_40.5_-22.5,2029,2,2029-S2,Stable,88.5
z_40.5_-36.0,2029,2,2029-S2,Stable,86.9
z_40.5_-37.5,2029,2,2029-S2,Stable,88.0
z_40.5_-9.0,2029,2,2029-S2,Stable,35.6
z_40.5_0.0,2029,2,2029-S2,Forte diminution,43.0
z_40.5_1.5,2029,2,2029-S2,Forte diminution,40.1
z_40.5_10.5,2029,2,2029-S2,Stable,93.8
z_40.5_12.0,2029,2,2029-S2,Stable,74.5
z_40.5_13.5,2029,2,2029-S2,Stable,30.2
z_40.5_15.0,2029,2,2029-S2,Stable,84.4
z_40.5_16.5,2029,2,2029-S2,Stable,42.5
z_40.5_18.0,2029,2,2029-S2,Stable,80.2
z_40.5_22.5,2029,2,2029-S2,Stable,61.9
z_40.5_24.0,2029,2,2029-S2,Forte diminution,40.6
z_40.5_25.5,2029,2,2029-S2,Stable,77.5
z_40.5_27.0,2029,2,2029-S2,Stable,85.7
z_40.5_28.5,2029,2,2029-S2,Stable,61.2
z_40.5_3.0,2029,2,2029-S2,Forte diminution,42.6
z_40.5_30.0,2029,2,2029-S2,Stable,90.1
z_40.5_31.5,2029,2,2029-S2,Stable,92.4
z_40.5_36.0,2029,2,2029-S2,Stable,84.5
z_40.5_37.5,2029,2,2029-S2,Stable,87.9
z_40.5_4.5,2029,2,2029-S2,Stable,88.6
z_40.5_6.0,2029,2,2029-S2,Stable,88.6
z_40.5_7.5,2029,2,2029-S2,Stable,68.3
z_40.5_9.0,2029,2,2029-S2,Stable,52.2
z_42.0_-10.5,2029,2,2029-S2,Forte diminution,38.7
z_42.0_-12.0,2029,2,2029-S2,Stable,88.2
z_42.0_-19.5,2029,2,2029-S2,Stable,87.2
z_42.0_-24.0,2029,2,2029-S2,Stable,84.9
z_42.0_-28.5,2029,2,2029-S2,Stable,88.5
z_42.0_-3.0,2029,2,2029-S2,Stable,46.3
z_42.0_-36.0,2029,2,2029-S2,Stable,88.4
z_42.0_-39.0,2029,2,2029-S2,Stable,87.2
z_42.0_-4.5,2029,2,2029-S2,Stable,81.2
z_42.0_-6.0,2029,2,2029-S2,Stable,94.3
z_42.0_-9.0,2029,2,2029-S2,Forte augmentation,42.3
z_42.0_10.5,2029,2,2029-S2,Stable,50.3
z_42.0_13.5,2029,2,2029-S2,Forte augmentation,41.4
z_42.0_15.0,2029,2,2029-S2,Forte augmentation,39.9
z_42.0_16.5,2029,2,2029-S2,Stable,75.1
z_42.0_18.0,2029,2,2029-S2,Stable,93.5
z_42.0_27.0,2029,2,2029-S2,Stable,73.8
z_42.0_28.5,2029,2,2029-S2,Stable,92.4
z_42.0_3.0,2029,2,2029-S2,Forte diminution,50.6
z_42.0_33.0,2029,2,2029-S2,Stable,90.5
z_42.0_37.5,2029,2,2029-S2,Stable,89.0
z_42.0_4.5,2029,2,2029-S2,Stable,43.9
z_42.0_40.5,2029,2,2029-S2,Stable,85.2
z_42.0_6.0,2029,2,2029-S2,Stable,68.8
z_42.0_7.5,2029,2,2029-S2,Stable,88.0
z_42.0_9.0,2029,2,2029-S2,Stable,44.5
z_43.5_-1.5,2029,2,2029-S2,Stable,51.5
z_43.5_-10.5,2029,2,2029-S2,Stable,84.9
z_43.5_-12.0,2029,2,2029-S2,Stable,85.1
z_43.5_-28.5,2029,2,2029-S2,Stable,86.9
z_43.5_-3.0,2029,2,2029-S2,Stable,48.3
z_43.5_-33.0,2029,2,2029-S2,Stable,86.6
z_43.5_-34.5,2029,2,2029-S2,Stable,88.5
z_43.5_-4.5,2029,2,2029-S2,Stable,44.9
z_43.5_-40.5,2029,2,2029-S2,Stable,86.9
z_43.5_-6.0,2029,2,2029-S2,Stable,47.4
z_43.5_-7.5,2029,2,2029-S2,Stable,37.4
z_43.5_-9.0,2029,2,2029-S2,Forte diminution,42.4
z_43.5_12.0,2029,2,2029-S2,Forte diminution,33.5
z_43.5_13.5,2029,2,2029-S2,Stable,46.1
z_43.5_15.0,2029,2,2029-S2,Stable,77.3
z_43.5_28.5,2029,2,2029-S2,Stable,81.6
z_43.5_30.0,2029,2,2029-S2,Stable,88.6
z_43.5_36.0,2029,2,2029-S2,Stable,94.6
z_43.5_37.5,2029,2,2029-S2,Stable,89.9
z_43.5_39.0,2029,2,2029-S2,Stable,88.6
z_43.5_6.0,2029,2,2029-S2,Stable,88.0
z_43.5_7.5,2029,2,2029-S2,Forte diminution,44.0
z_43.5_9.0,2029,2,2029-S2,Forte augmentation,44.1
z_45.0_-1.5,2029,2,2029-S2,Forte augmentation,35.2
z_45.0_-10.5,2029,2,2029-S2,Stable,88.1
z_45.0_-12.0,2029,2,2029-S2,Stable,87.6
z_45.0_-13.5,2029,2,2029-S2,Stable,88.5
z_45.0_-19.5,2029,2,2029-S2,Stable,89.9
z_45.0_-22.5,2029,2,2029-S2,Stable,88.6
z_45.0_-3.0,2029,2,2029-S2,Forte diminution,40.6
z_45.0_-36.0,2029,2,2029-S2,Stable,88.6
z_45.0_-4.5,2029,2,2029-S2,Stable,84.4
z_45.0_-42.0,2029,2,2029-S2,Stable,88.8
z_45.0_-6.0,2029,2,2029-S2,Stable,88.9
z_45.0_-7.5,2029,2,2029-S2,Stable,82.5
z_45.0_-9.0,2029,2,2029-S2,Stable,85.4
z_45.0_12.0,2029,2,2029-S2,Forte augmentation,40.2
z_45.0_13.5,2029,2,2029-S2,Forte diminution,40.2
z_45.0_28.5,2029,2,2029-S2,Stable,79.8
z_45.0_30.0,2029,2,2029-S2,Stable,74.6
z_45.0_31.5,2029,2,2029-S2,Stable,83.7
z_45.0_34.5,2029,2,2029-S2,Stable,87.8
z_45.0_36.0,2029,2,2029-S2,Stable,92.1
z_46.5_-10.5,2029,2,2029-S2,Stable,88.5
z_46.5_-12.0,2029,2,2029-S2,Stable,88.2
z_46.5_-13.5,2029,2,2029-S2,Stable,88.7
z_46.5_-19.5,2029,2,2029-S2,Stable,87.8
z_46.5_-21.0,2029,2,2029-S2,Stable,88.7
z_46.5_-25.5,2029,2,2029-S2,Stable,87.6
z_46.5_-3.0,2029,2,2029-S2,Forte diminution,35.6
z_46.5_-31.5,2029,2,2029-S2,Stable,88.7
z_46.5_-36.0,2029,2,2029-S2,Stable,87.9
z_46.5_-4.5,2029,2,2029-S2,Forte diminution,34.5
z_46.5_-6.0,2029,2,2029-S2,Forte diminution,39.0
z_46.5_-7.5,2029,2,2029-S2,Stable,89.1
z_46.5_-9.0,2029,2,2029-S2,Stable,92.6
z_46.5_30.0,2029,2,2029-S2,Stable,63.3
z_46.5_31.5,2029,2,2029-S2,Stable,82.2
z_46.5_36.0,2029,2,2029-S2,Stable,89.4
z_46.5_37.5,2029,2,2029-S2,Stable,88.6
z_46.5_39.0,2029,2,2029-S2,Stable,81.4
z_48.0_-1.5,2029,2,2029-S2,Stable,31.1
z_48.0_-10.5,2029,2,2029-S2,Stable,93.9
z_48.0_-12.0,2029,2,2029-S2,Stable,92.6
z_48.0_-13.5,2029,2,2029-S2,Stable,88.5
z_48.0_-15.0,2029,2,2029-S2,Stable,88.7
z_48.0_-18.0,2029,2,2029-S2,Stable,88.5
z_48.0_-19.5,2029,2,2029-S2,Stable,86.1
z_48.0_-21.0,2029,2,2029-S2,Stable,88.7
z_48.0_-24.0,2029,2,2029-S2,Stable,87.6
z_48.0_-25.5,2029,2,2029-S2,Stable,87.6
z_48.0_-28.5,2029,2,2029-S2,Stable,88.6
z_48.0_-3.0,2029,2,2029-S2,Stable,60.6
z_48.0_-30.0,2029,2,2029-S2,Stable,86.4
z_48.0_-4.5,2029,2,2029-S2,Forte diminution,35.3
z_48.0_-40.5,2029,2,2029-S2,Stable,87.9
z_48.0_-6.0,2029,2,2029-S2,Forte diminution,35.4
z_48.0_-7.5,2029,2,2029-S2,Stable,86.9
z_48.0_-9.0,2029,2,2029-S2,Stable,71.8
z_49.5_-1.5,2029,2,2029-S2,Faible diminution,31.8
z_49.5_-10.5,2029,2,2029-S2,Stable,88.6
z_49.5_-12.0,2029,2,2029-S2,Stable,88.2
z_49.5_-13.5,2029,2,2029-S2,Stable,88.5
z_49.5_-15.0,2029,2,2029-S2,Stable,88.6
z_49.5_-16.5,2029,2,2029-S2,Stable,86.1
z_49.5_-18.0,2029,2,2029-S2,Stable,88.6
z_49.5_-19.5,2029,2,2029-S2,Stable,87.8
z_49.5_-21.0,2029,2,2029-S2,Stable,88.1
z_49.5_-24.0,2029,2,2029-S2,Stable,88.7
z_49.5_-3.0,2029,2,2029-S2,Forte diminution,39.6
z_49.5_-30.0,2029,2,2029-S2,Stable,88.7
z_49.5_-4.5,2029,2,2029-S2,Stable,71.7
z_49.5_-6.0,2029,2,2029-S2,Stable,53.4
z_49.5_-7.5,2029,2,2029-S2,Stable,86.7
z_49.5_-9.0,2029,2,2029-S2,Stable,82.9
z_49.5_0.0,2029,2,2029-S2,Stable,25.1
z_49.5_1.5,2029,2,2029-S2,Stable,86.7
z_51.0_-10.5,2029,2,2029-S2,Stable,57.6
z_51.0_-12.0,2029,2,2029-S2,Stable,82.5
z_51.0_-13.5,2029,2,2029-S2,Stable,82.4
z_51.0_-15.0,2029,2,2029-S2,Stable,92.9
z_51.0_-16.5,2029,2,2029-S2,Stable,89.5
z_51.0_-18.0,2029,2,2029-S2,Stable,88.6
z_51.0_-19.5,2029,2,2029-S2,Stable,88.6
z_51.0_-21.0,2029,2,2029-S2,Stable,85.8
z_51.0_-25.5,2029,2,2029-S2,Stable,88.7
z_51.0_-27.0,2029,2,2029-S2,Stable,88.3
z_51.0_-4.5,2029,2,2029-S2,Stable,84.7
z_51.0_-6.0,2029,2,2029-S2,Stable,51.9
z_51.0_-7.5,2029,2,2029-S2,Forte diminution,51.1
z_51.0_-9.0,2029,2,2029-S2,Stable,85.0
z_51.0_0.0,2029,2,2029-S2,Forte diminution,52.5
z_51.0_1.5,2029,2,2029-S2,Forte diminution,36.5
z_51.0_3.0,2029,2,2029-S2,Stable,45.3
z_52.5_-1.5,2029,2,2029-S2,Forte augmentation,45.6
z_52.5_-10.5,2029,2,2029-S2,Stable,85.9
z_52.5_-12.0,2029,2,2029-S2,Stable,88.6
z_52.5_-13.5,2029,2,2029-S2,Stable,94.1
z_52.5_-15.0,2029,2,2029-S2,Stable,85.9
z_52.5_-19.5,2029,2,2029-S2,Stable,87.2
z_52.5_-21.0,2029,2,2029-S2,Stable,88.4
z_52.5_-4.5,2029,2,2029-S2,Stable,45.2
z_52.5_-6.0,2029,2,2029-S2,Forte diminution,33.9
z_52.5_-7.5,2029,2,2029-S2,Forte diminution,37.0
z_52.5_0.0,2029,2,2029-S2,Stable,46.4
z_52.5_1.5,2029,2,2029-S2,Stable,81.3
z_52.5_13.5,2029,2,2029-S2,Forte diminution,33.8
z_52.5_3.0,2029,2,2029-S2,Stable,55.7
z_52.5_4.5,2029,2,2029-S2,Stable,35.4
z_52.5_6.0,2029,2,2029-S2,Faible diminution,32.0
z_52.5_7.5,2029,2,2029-S2,Faible augmentation,36.1
z_52.5_9.0,2029,2,2029-S2,Stable,57.6
z_54.0_-1.5,2029,2,2029-S2,Stable,78.5
z_54.0_-10.5,2029,2,2029-S2,Stable,89.3
z_54.0_-12.0,2029,2,2029-S2,Stable,88.7
z_54.0_-13.5,2029,2,2029-S2,Stable,87.1
z_54.0_-15.0,2029,2,2029-S2,Stable,81.3
z_54.0_-16.5,2029,2,2029-S2,Stable,88.6
z_54.0_-4.5,2029,2,2029-S2,Stable,83.0
z_54.0_-6.0,2029,2,2029-S2,Stable,91.1
z_54.0_-7.5,2029,2,2029-S2,Stable,80.2
z_54.0_-9.0,2029,2,2029-S2,Stable,89.8
z_54.0_0.0,2029,2,2029-S2,Stable,86.0
z_54.0_1.5,2029,2,2029-S2,Stable,80.6
z_54.0_10.5,2029,2,2029-S2,Faible augmentation,61.5
z_54.0_12.0,2029,2,2029-S2,Forte augmentation,25.6
z_54.0_13.5,2029,2,2029-S2,Stable,29.0
z_54.0_15.0,2029,2,2029-S2,Stable,59.9
z_54.0_16.5,2029,2,2029-S2,Stable,89.3
z_54.0_18.0,2029,2,2029-S2,Forte diminution,42.6
z_54.0_19.5,2029,2,2029-S2,Stable,94.7
z_54.0_3.0,2029,2,2029-S2,Stable,83.6
z_54.0_4.5,2029,2,2029-S2,Stable,92.9
z_54.0_6.0,2029,2,2029-S2,Stable,82.4
z_54.0_7.5,2029,2,2029-S2,Stable,27.9
z_54.0_9.0,2029,2,2029-S2,Faible augmentation,33.0
z_55.5_-1.5,2029,2,2029-S2,Stable,92.4
z_55.5_-10.5,2029,2,2029-S2,Stable,75.9
z_55.5_-12.0,2029,2,2029-S2,Stable,87.9
z_55.5_-15.0,2029,2,2029-S2,Stable,92.3
z_55.5_-3.0,2029,2,2029-S2,Stable,94.3
z_55.5_-39.0,2029,2,2029-S2,Stable,88.7
z_55.5_-4.5,2029,2,2029-S2,Stable,86.1
z_55.5_-6.0,2029,2,2029-S2,Stable,85.5
z_55.5_-7.5,2029,2,2029-S2,Stable,91.5
z_55.5_-9.0,2029,2,2029-S2,Stable,90.8
z_55.5_0.0,2029,2,2029-S2,Stable,88.2
z_55.5_1.5,2029,2,2029-S2,Stable,88.5
z_55.5_10.5,2029,2,2029-S2,Forte augmentation,39.7
z_55.5_12.0,2029,2,2029-S2,Forte diminution,22.6
z_55.5_13.5,2029,2,2029-S2,Stable,80.5
z_55.5_15.0,2029,2,2029-S2,Stable,46.0
z_55.5_16.5,2029,2,2029-S2,Stable,93.0
z_55.5_18.0,2029,2,2029-S2,Stable,88.7
z_55.5_19.5,2029,2,2029-S2,Stable,82.2
z_55.5_21.0,2029,2,2029-S2,Forte diminution,38.3
z_55.5_3.0,2029,2,2029-S2,Stable,88.9
z_55.5_4.5,2029,2,2029-S2,Stable,86.1
z_55.5_6.0,2029,2,2029-S2,Stable,51.7
z_55.5_7.5,2029,2,2029-S2,Forte diminution,41.0
z_55.5_9.0,2029,2,2029-S2,Forte diminution,45.3
z_57.0_-1.5,2029,2,2029-S2,Stable,84.6
z_57.0_-10.5,2029,2,2029-S2,Stable,87.3
z_57.0_-13.5,2029,2,2029-S2,Stable,83.6
z_57.0_-15.0,2029,2,2029-S2,Stable,92.9
z_57.0_-24.0,2029,2,2029-S2,Stable,82.7
z_57.0_-28.5,2029,2,2029-S2,Stable,83.7
z_57.0_-3.0,2029,2,2029-S2,Stable,79.6
z_57.0_-4.5,2029,2,2029-S2,Stable,88.5
z_57.0_-6.0,2029,2,2029-S2,Stable,73.6
z_57.0_-7.5,2029,2,2029-S2,Stable,92.0
z_57.0_-9.0,2029,2,2029-S2,Stable,91.7
z_57.0_0.0,2029,2,2029-S2,Stable,91.2
z_57.0_1.5,2029,2,2029-S2,Stable,88.5
z_57.0_10.5,2029,2,2029-S2,Faible augmentation,47.6
z_57.0_12.0,2029,2,2029-S2,Stable,65.7
z_57.0_16.5,2029,2,2029-S2,Stable,58.3
z_57.0_18.0,2029,2,2029-S2,Stable,82.1
z_57.0_19.5,2029,2,2029-S2,Stable,85.0
z_57.0_21.0,2029,2,2029-S2,Stable,92.5
z_57.0_22.5,2029,2,2029-S2,Forte diminution,45.5
z_57.0_24.0,2029,2,2029-S2,Stable,93.4
z_57.0_3.0,2029,2,2029-S2,Stable,89.0
z_57.0_4.5,2029,2,2029-S2,Stable,77.1
z_57.0_6.0,2029,2,2029-S2,Stable,82.6
z_57.0_7.5,2029,2,2029-S2,Stable,50.5
z_57.0_9.0,2029,2,2029-S2,Stable,35.0
z_58.5_-1.5,2029,2,2029-S2,Stable,92.6
z_58.5_-10.5,2029,2,2029-S2,Stable,88.9
z_58.5_-12.0,2029,2,2029-S2,Stable,88.2
z_58.5_-15.0,2029,2,2029-S2,Stable,86.6
z_58.5_-19.5,2029,2,2029-S2,Stable,78.1
z_58.5_-24.0,2029,2,2029-S2,Stable,88.3
z_58.5_-3.0,2029,2,2029-S2,Stable,90.2
z_58.5_-31.5,2029,2,2029-S2,Stable,89.3
z_58.5_-4.5,2029,2,2029-S2,Stable,93.3
z_58.5_-6.0,2029,2,2029-S2,Stable,90.6
z_58.5_-7.5,2029,2,2029-S2,Stable,89.6
z_58.5_-9.0,2029,2,2029-S2,Stable,92.4
z_58.5_0.0,2029,2,2029-S2,Stable,90.7
z_58.5_1.5,2029,2,2029-S2,Stable,87.9
z_58.5_10.5,2029,2,2029-S2,Forte diminution,47.3
z_58.5_15.0,2029,2,2029-S2,Stable,83.1
z_58.5_16.5,2029,2,2029-S2,Stable,30.9
z_58.5_18.0,2029,2,2029-S2,Stable,32.4
z_58.5_19.5,2029,2,2029-S2,Stable,80.8
z_58.5_21.0,2029,2,2029-S2,Stable,79.6
z_58.5_22.5,2029,2,2029-S2,Stable,59.2
z_58.5_24.0,2029,2,2029-S2,Forte diminution,37.8
z_58.5_25.5,2029,2,2029-S2,Stable,78.9
z_58.5_27.0,2029,2,2029-S2,Stable,93.8
z_58.5_28.5,2029,2,2029-S2,Stable,88.2
z_58.5_3.0,2029,2,2029-S2,Stable,85.5
z_58.5_4.5,2029,2,2029-S2,Forte diminution,39.3
z_58.5_6.0,2029,2,2029-S2,Stable,87.3
z_58.5_7.5,2029,2,2029-S2,Stable,87.5
z_58.5_9.0,2029,2,2029-S2,Stable,44.8
z_60.0_-1.5,2029,2,2029-S2,Stable,92.7
z_60.0_-10.5,2029,2,2029-S2,Stable,92.0
z_60.0_-12.0,2029,2,2029-S2,Stable,82.4
z_60.0_-27.0,2029,2,2029-S2,Stable,87.0
z_60.0_-3.0,2029,2,2029-S2,Stable,89.5
z_60.0_-31.5,2029,2,2029-S2,Stable,93.9
z_60.0_-4.5,2029,2,2029-S2,Stable,90.1
z_60.0_-6.0,2029,2,2029-S2,Stable,91.5
z_60.0_-7.5,2029,2,2029-S2,Stable,89.3
z_60.0_-9.0,2029,2,2029-S2,Stable,92.3
z_60.0_0.0,2029,2,2029-S2,Stable,91.2
z_60.0_1.5,2029,2,2029-S2,Stable,73.6
z_60.0_16.5,2029,2,2029-S2,Stable,83.4
z_60.0_18.0,2029,2,2029-S2,Stable,91.5
z_60.0_19.5,2029,2,2029-S2,Stable,88.2
z_60.0_21.0,2029,2,2029-S2,Forte diminution,44.7
z_60.0_24.0,2029,2,2029-S2,Stable,79.1
z_60.0_25.5,2029,2,2029-S2,Stable,57.0
z_60.0_27.0,2029,2,2029-S2,Stable,94.3
z_60.0_28.5,2029,2,2029-S2,Stable,87.5
z_60.0_3.0,2029,2,2029-S2,Stable,85.7
z_60.0_4.5,2029,2,2029-S2,Forte diminution,28.8
z_60.0_6.0,2029,2,2029-S2,Stable,87.3
z_61.5_-1.5,2029,2,2029-S2,Stable,92.0
z_61.5_-10.5,2029,2,2029-S2,Stable,91.1
z_61.5_-12.0,2029,2,2029-S2,Stable,75.9
z_61.5_-13.5,2029,2,2029-S2,Stable,87.6
z_61.5_-16.5,2029,2,2029-S2,Stable,87.7
z_61.5_-18.0,2029,2,2029-S2,Stable,88.6
z_61.5_-27.0,2029,2,2029-S2,Stable,88.5
z_61.5_-7.5,2029,2,2029-S2,Stable,91.1
z_61.5_-9.0,2029,2,2029-S2,Stable,89.3
z_61.5_0.0,2029,2,2029-S2,Stable,82.3
z_61.5_1.5,2029,2,2029-S2,Stable,89.4
z_61.5_16.5,2029,2,2029-S2,Stable,80.0
z_61.5_18.0,2029,2,2029-S2,Stable,88.7
z_61.5_19.5,2029,2,2029-S2,Stable,83.2
z_61.5_21.0,2029,2,2029-S2,Stable,88.5
z_61.5_3.0,2029,2,2029-S2,Stable,85.7
z_61.5_4.5,2029,2,2029-S2,Forte augmentation,43.1
z_61.5_6.0,2029,2,2029-S2,Forte augmentation,40.2
z_61.5_7.5,2029,2,2029-S2,Stable,85.6
z_63.0_-1.5,2029,2,2029-S2,Stable,77.6
z_63.0_-10.5,2029,2,2029-S2,Stable,83.5
z_63.0_-12.0,2029,2,2029-S2,Stable,87.4
z_63.0_-13.5,2029,2,2029-S2,Stable,93.7
z_63.0_-15.0,2029,2,2029-S2,Stable,91.7
z_63.0_-16.5,2029,2,2029-S2,Stable,91.0
z_63.0_-18.0,2029,2,2029-S2,Stable,81.0
z_63.0_-19.5,2029,2,2029-S2,Stable,85.0
z_63.0_-21.0,2029,2,2029-S2,Stable,93.9
z_63.0_-22.5,2029,2,2029-S2,Stable,54.0
z_63.0_-24.0,2029,2,2029-S2,Stable,80.0
z_63.0_-25.5,2029,2,2029-S2,Stable,90.1
z_63.0_-27.0,2029,2,2029-S2,Stable,92.3
z_63.0_-36.0,2029,2,2029-S2,Stable,92.6
z_63.0_-39.0,2029,2,2029-S2,Stable,92.9
z_63.0_-7.5,2029,2,2029-S2,Stable,86.6
z_63.0_-9.0,2029,2,2029-S2,Stable,88.4
z_63.0_0.0,2029,2,2029-S2,Stable,90.5
z_63.0_10.5,2029,2,2029-S2,Stable,84.6
z_63.0_18.0,2029,2,2029-S2,Stable,89.8
z_63.0_19.5,2029,2,2029-S2,Stable,80.4
z_63.0_21.0,2029,2,2029-S2,Stable,85.0
z_63.0_22.5,2029,2,2029-S2,Stable,86.4
z_63.0_3.0,2029,2,2029-S2,Stable,88.6
z_63.0_4.5,2029,2,2029-S2,Stable,84.7
z_63.0_6.0,2029,2,2029-S2,Stable,85.3
z_63.0_7.5,2029,2,2029-S2,Forte diminution,54.7
z_63.0_9.0,2029,2,2029-S2,Forte diminution,45.7
z_64.5_-10.5,2029,2,2029-S2,Stable,89.3
z_64.5_-12.0,2029,2,2029-S2,Stable,92.4
z_64.5_-13.5,2029,2,2029-S2,Stable,94.1
z_64.5_-15.0,2029,2,2029-S2,Stable,93.3
z_64.5_-19.5,2029,2,2029-S2,Stable,88.6
z_64.5_-21.0,2029,2,2029-S2,Stable,87.5
z_64.5_-22.5,2029,2,2029-S2,Stable,75.9
z_64.5_-24.0,2029,2,2029-S2,Stable,78.0
z_64.5_-25.5,2029,2,2029-S2,Stable,91.3
z_64.5_-27.0,2029,2,2029-S2,Stable,83.1
z_64.5_-28.5,2029,2,2029-S2,Stable,88.6
z_64.5_-3.0,2029,2,2029-S2,Stable,89.6
z_64.5_-33.0,2029,2,2029-S2,Stable,88.6
z_64.5_-37.5,2029,2,2029-S2,Stable,92.8
z_64.5_-6.0,2029,2,2029-S2,Stable,88.5
z_64.5_0.0,2029,2,2029-S2,Stable,90.9
z_64.5_10.5,2029,2,2029-S2,Stable,43.5
z_64.5_12.0,2029,2,2029-S2,Stable,46.9
z_64.5_21.0,2029,2,2029-S2,Stable,48.8
z_64.5_22.5,2029,2,2029-S2,Stable,86.8
z_64.5_24.0,2029,2,2029-S2,Stable,83.0
z_64.5_3.0,2029,2,2029-S2,Stable,87.1
z_64.5_34.5,2029,2,2029-S2,Stable,87.6
z_64.5_39.0,2029,2,2029-S2,Stable,80.6
z_64.5_4.5,2029,2,2029-S2,Stable,87.5
z_64.5_6.0,2029,2,2029-S2,Stable,80.9
z_64.5_7.5,2029,2,2029-S2,Stable,80.5
z_64.5_9.0,2029,2,2029-S2,Stable,89.3
z_66.0_-1.5,2029,2,2029-S2,Stable,88.8
z_66.0_-12.0,2029,2,2029-S2,Stable,88.2
z_66.0_-13.5,2029,2,2029-S2,Stable,92.8
z_66.0_-15.0,2029,2,2029-S2,Stable,93.5
z_66.0_-16.5,2029,2,2029-S2,Stable,94.1
z_66.0_-18.0,2029,2,2029-S2,Stable,92.7
z_66.0_-19.5,2029,2,2029-S2,Stable,89.7
z_66.0_-21.0,2029,2,2029-S2,Stable,92.0
z_66.0_-22.5,2029,2,2029-S2,Stable,91.4
z_66.0_-24.0,2029,2,2029-S2,Stable,79.0
z_66.0_-25.5,2029,2,2029-S2,Stable,90.1
z_66.0_-27.0,2029,2,2029-S2,Stable,92.4
z_66.0_-3.0,2029,2,2029-S2,Stable,84.2
z_66.0_1.5,2029,2,2029-S2,Stable,84.5
z_66.0_10.5,2029,2,2029-S2,Stable,85.2
z_66.0_12.0,2029,2,2029-S2,Forte augmentation,36.3
z_66.0_13.5,2029,2,2029-S2,Stable,50.4
z_66.0_15.0,2029,2,2029-S2,Stable,87.0
z_66.0_4.5,2029,2,2029-S2,Stable,86.2
z_66.0_6.0,2029,2,2029-S2,Stable,88.6
z_66.0_7.5,2029,2,2029-S2,Stable,88.9
z_66.0_9.0,2029,2,2029-S2,Stable,84.6
z_67.5_-1.5,2029,2,2029-S2,Stable,85.4
z_67.5_-16.5,2029,2,2029-S2,Stable,86.8
z_67.5_0.0,2029,2,2029-S2,Stable,81.1
z_67.5_10.5,2029,2,2029-S2,Stable,93.1
z_67.5_12.0,2029,2,2029-S2,Stable,88.5
z_67.5_13.5,2029,2,2029-S2,Stable,45.7
z_67.5_15.0,2029,2,2029-S2,Stable,44.6
z_67.5_16.5,2029,2,2029-S2,Stable,60.1
z_67.5_4.5,2029,2,2029-S2,Stable,86.9
z_67.5_6.0,2029,2,2029-S2,Stable,87.8
z_67.5_9.0,2029,2,2029-S2,Stable,82.8
z_69.0_-18.0,2029,2,2029-S2,Stable,86.7
z_69.0_13.5,2029,2,2029-S2,Stable,83.9
z_69.0_15.0,2029,2,2029-S2,Stable,70.6
z_69.0_16.5,2029,2,2029-S2,Forte diminution,40.5
z_69.0_18.0,2029,2,2029-S2,Stable,55.6
z_69.0_19.5,2029,2,2029-S2,Stable,78.9
z_69.0_21.0,2029,2,2029-S2,Stable,77.6
z_69.0_22.5,2029,2,2029-S2,Stable,84.4
z_69.0_24.0,2029,2,2029-S2,Stable,93.9
z_69.0_28.5,2029,2,2029-S2,Stable,94.5
z_69.0_30.0,2029,2,2029-S2,Stable,90.6
z_69.0_33.0,2029,2,2029-S2,Stable,91.0
z_69.0_42.0,2029,2,2029-S2,Stable,89.5
z_69.0_6.0,2029,2,2029-S2,Stable,88.6
z_69.0_67.5,2029,2,2029-S2,Stable,81.1
z_70.5_-12.0,2029,2,2029-S2,Stable,88.6
z_70.5_0.0,2029,2,2029-S2,Stable,88.2
z_70.5_10.5,2029,2,2029-S2,Stable,85.8
z_70.5_13.5,2029,2,2029-S2,Stable,78.1
z_70.5_15.0,2029,2,2029-S2,Stable,93.2
z_70.5_16.5,2029,2,2029-S2,Stable,93.1
z_70.5_18.0,2029,2,2029-S2,Stable,85.3
z_70.5_19.5,2029,2,2029-S2,Stable,89.2
z_70.5_21.0,2029,2,2029-S2,Stable,88.6
z_70.5_22.5,2029,2,2029-S2,Stable,89.2
z_70.5_24.0,2029,2,2029-S2,Stable,58.2
z_70.5_25.5,2029,2,2029-S2,Stable,90.2
z_70.5_27.0,2029,2,2029-S2,Stable,87.5
z_70.5_28.5,2029,2,2029-S2,Stable,94.1
z_70.5_30.0,2029,2,2029-S2,Stable,81.5
z_70.5_33.0,2029,2,2029-S2,Stable,94.1
z_70.5_36.0,2029,2,2029-S2,Stable,92.4
z_72.0_1.5,2029,2,2029-S2,Stable,86.0
z_72.0_13.5,2029,2,2029-S2,Stable,92.2
z_72.0_15.0,2029,2,2029-S2,Stable,92.6
z_72.0_16.5,2029,2,2029-S2,Stable,91.9
z_72.0_18.0,2029,2,2029-S2,Stable,86.5
z_72.0_19.5,2029,2,2029-S2,Stable,80.7
z_72.0_22.5,2029,2,2029-S2,Stable,84.0
z_72.0_24.0,2029,2,2029-S2,Stable,88.7
z_72.0_25.5,2029,2,2029-S2,Stable,89.2
z_72.0_28.5,2029,2,2029-S2,Stable,87.7
z_72.0_30.0,2029,2,2029-S2,Stable,90.6
z_72.0_34.5,2029,2,2029-S2,Stable,88.6
z_73.5_1.5,2029,2,2029-S2,Stable,87.6
z_73.5_16.5,2029,2,2029-S2,Stable,94.1
z_73.5_18.0,2029,2,2029-S2,Stable,89.5
z_73.5_19.5,2029,2,2029-S2,Stable,93.0
z_73.5_21.0,2029,2,2029-S2,Stable,90.9
z_73.5_22.5,2029,2,2029-S2,Stable,94.7
z_73.5_25.5,2029,2,2029-S2,Stable,83.9
z_73.5_28.5,2029,2,2029-S2,Stable,90.2
z_73.5_30.0,2029,2,2029-S2,Stable,93.1
z_73.5_31.5,2029,2,2029-S2,Stable,83.5
z_73.5_33.0,2029,2,2029-S2,Stable,89.1
z_73.5_34.5,2029,2,2029-S2,Stable,91.0
z_73.5_36.0,2029,2,2029-S2,Stable,84.1
z_73.5_51.0,2029,2,2029-S2,Stable,87.8
z_75.0_16.5,2029,2,2029-S2,Stable,90.8
z_75.0_18.0,2029,2,2029-S2,Stable,92.7
z_75.0_19.5,2029,2,2029-S2,Stable,92.4
z_75.0_22.5,2029,2,2029-S2,Stable,92.7
z_75.0_25.5,2029,2,2029-S2,Stable,87.5
z_75.0_30.0,2029,2,2029-S2,Stable,94.8
z_75.0_31.5,2029,2,2029-S2,Stable,93.3
z_75.0_33.0,2029,2,2029-S2,Stable,86.4
z_75.0_34.5,2029,2,2029-S2,Stable,94.7
z_75.0_36.0,2029,2,2029-S2,Stable,93.7
z_75.0_39.0,2029,2,2029-S2,Stable,94.1
z_75.0_40.5,2029,2,2029-S2,Stable,89.0
z_76.5_13.5,2029,2,2029-S2,Stable,78.7
z_76.5_19.5,2029,2,2029-S2,Stable,88.4
z_76.5_31.5,2029,2,2029-S2,Stable,90.8
z_76.5_33.0,2029,2,2029-S2,Stable,88.2
z_76.5_36.0,2029,2,2029-S2,Stable,92.3
z_76.5_37.5,2029,2,2029-S2,Stable,88.6
z_76.5_40.5,2029,2,2029-S2,Stable,88.2
z_76.5_9.0,2029,2,2029-S2,Stable,94.7
z_78.0_10.5,2029,2,2029-S2,Stable,82.5
z_78.0_12.0,2029,2,2029-S2,Stable,85.4
z_78.0_13.5,2029,2,2029-S2,Stable,79.8
z_78.0_15.0,2029,2,2029-S2,Stable,81.3
z_78.0_22.5,2029,2,2029-S2,Stable,88.6
z_78.0_33.0,2029,2,2029-S2,Stable,83.7
z_79.5_10.5,2029,2,2029-S2,Stable,88.0
z_79.5_13.5,2029,2,2029-S2,Stable,87.8
z_79.5_16.5,2029,2,2029-S2,Stable,88.2
z_79.5_19.5,2029,2,2029-S2,Stable,85.1
z_79.5_27.0,2029,2,2029-S2,Stable,88.6
z_79.5_31.5,2029,2,2029-S2,Stable,86.1
z_24.0_-18.0,2030,1,2030-S1,Stable,93.5
z_24.0_-19.5,2030,1,2030-S1,Stable,93.3
z_24.0_-22.5,2030,1,2030-S1,Stable,93.5
z_24.0_-24.0,2030,1,2030-S1,Stable,91.1
z_24.0_-39.0,2030,1,2030-S1,Stable,93.1
z_25.5_-15.0,2030,1,2030-S1,Stable,93.2
z_25.5_-16.5,2030,1,2030-S1,Stable,89.0
z_25.5_-18.0,2030,1,2030-S1,Stable,92.7
z_25.5_-39.0,2030,1,2030-S1,Stable,90.7
z_27.0_-15.0,2030,1,2030-S1,Stable,92.9
z_27.0_-16.5,2030,1,2030-S1,Forte diminution,46.6
z_27.0_-18.0,2030,1,2030-S1,Stable,91.3
z_27.0_-37.5,2030,1,2030-S1,Stable,91.7
z_28.5_-12.0,2030,1,2030-S1,Stable,93.3
z_28.5_-13.5,2030,1,2030-S1,Stable,90.4
z_28.5_-15.0,2030,1,2030-S1,Stable,73.2
z_28.5_-16.5,2030,1,2030-S1,Stable,58.8
z_28.5_-18.0,2030,1,2030-S1,Stable,90.7
z_28.5_-21.0,2030,1,2030-S1,Stable,92.1
z_28.5_-28.5,2030,1,2030-S1,Stable,92.9
z_28.5_-33.0,2030,1,2030-S1,Stable,92.3
z_28.5_-34.5,2030,1,2030-S1,Stable,93.5
z_28.5_-36.0,2030,1,2030-S1,Stable,94.0
z_30.0_-10.5,2030,1,2030-S1,Stable,93.6
z_30.0_-12.0,2030,1,2030-S1,Stable,92.1
z_30.0_-13.5,2030,1,2030-S1,Stable,93.0
z_30.0_-15.0,2030,1,2030-S1,Stable,92.5
z_30.0_-18.0,2030,1,2030-S1,Stable,93.3
z_30.0_-33.0,2030,1,2030-S1,Stable,93.0
z_30.0_-36.0,2030,1,2030-S1,Stable,93.5
z_30.0_-37.5,2030,1,2030-S1,Stable,91.1
z_30.0_-39.0,2030,1,2030-S1,Stable,93.5
z_30.0_-42.0,2030,1,2030-S1,Stable,93.1
z_30.0_28.5,2030,1,2030-S1,Stable,75.6
z_30.0_30.0,2030,1,2030-S1,Stable,91.0
z_30.0_31.5,2030,1,2030-S1,Stable,81.6
z_31.5_-10.5,2030,1,2030-S1,Stable,93.0
z_31.5_-12.0,2030,1,2030-S1,Stable,93.6
z_31.5_-15.0,2030,1,2030-S1,Stable,93.3
z_31.5_-18.0,2030,1,2030-S1,Stable,93.6
z_31.5_-33.0,2030,1,2030-S1,Stable,92.8
z_31.5_-39.0,2030,1,2030-S1,Stable,93.6
z_31.5_13.5,2030,1,2030-S1,Stable,93.3
z_31.5_15.0,2030,1,2030-S1,Stable,92.6
z_31.5_19.5,2030,1,2030-S1,Stable,93.3
z_31.5_24.0,2030,1,2030-S1,Stable,91.3
z_31.5_25.5,2030,1,2030-S1,Stable,91.5
z_31.5_27.0,2030,1,2030-S1,Stable,90.3
z_31.5_28.5,2030,1,2030-S1,Stable,91.1
z_31.5_30.0,2030,1,2030-S1,Stable,92.9
z_31.5_31.5,2030,1,2030-S1,Stable,93.4
z_31.5_33.0,2030,1,2030-S1,Stable,93.6
z_31.5_34.5,2030,1,2030-S1,Stable,92.5
z_33.0_-10.5,2030,1,2030-S1,Stable,92.5
z_33.0_-13.5,2030,1,2030-S1,Stable,92.5
z_33.0_-16.5,2030,1,2030-S1,Stable,93.1
z_33.0_-28.5,2030,1,2030-S1,Stable,92.2
z_33.0_-34.5,2030,1,2030-S1,Stable,89.9
z_33.0_-7.5,2030,1,2030-S1,Stable,90.8
z_33.0_-9.0,2030,1,2030-S1,Stable,89.9
z_33.0_10.5,2030,1,2030-S1,Stable,90.8
z_33.0_12.0,2030,1,2030-S1,Stable,92.0
z_33.0_13.5,2030,1,2030-S1,Stable,92.2
z_33.0_18.0,2030,1,2030-S1,Stable,92.3
z_33.0_19.5,2030,1,2030-S1,Stable,93.6
z_33.0_21.0,2030,1,2030-S1,Stable,91.1
z_33.0_22.5,2030,1,2030-S1,Stable,91.2
z_33.0_24.0,2030,1,2030-S1,Stable,93.6
z_33.0_25.5,2030,1,2030-S1,Stable,93.6
z_33.0_28.5,2030,1,2030-S1,Stable,91.8
z_33.0_31.5,2030,1,2030-S1,Stable,89.3
z_33.0_33.0,2030,1,2030-S1,Stable,86.6
z_33.0_34.5,2030,1,2030-S1,Stable,93.0
z_33.0_9.0,2030,1,2030-S1,Stable,93.6
z_34.5_-1.5,2030,1,2030-S1,Stable,92.4
z_34.5_-10.5,2030,1,2030-S1,Stable,92.6
z_34.5_-12.0,2030,1,2030-S1,Stable,92.8
z_34.5_-15.0,2030,1,2030-S1,Stable,93.3
z_34.5_-18.0,2030,1,2030-S1,Stable,92.5
z_34.5_-22.5,2030,1,2030-S1,Stable,87.7
z_34.5_-3.0,2030,1,2030-S1,Stable,94.6
z_34.5_-30.0,2030,1,2030-S1,Stable,91.1
z_34.5_-36.0,2030,1,2030-S1,Stable,92.9
z_34.5_-37.5,2030,1,2030-S1,Stable,92.6
z_34.5_-39.0,2030,1,2030-S1,Stable,93.4
z_34.5_-4.5,2030,1,2030-S1,Stable,85.9
z_34.5_-6.0,2030,1,2030-S1,Stable,86.3
z_34.5_-7.5,2030,1,2030-S1,Stable,82.6
z_34.5_-9.0,2030,1,2030-S1,Stable,93.5
z_34.5_0.0,2030,1,2030-S1,Stable,93.5
z_34.5_10.5,2030,1,2030-S1,Stable,93.3
z_34.5_12.0,2030,1,2030-S1,Stable,94.3
z_34.5_13.5,2030,1,2030-S1,Faible diminution,35.2
z_34.5_15.0,2030,1,2030-S1,Stable,93.1
z_34.5_16.5,2030,1,2030-S1,Stable,87.7
z_34.5_18.0,2030,1,2030-S1,Stable,92.3
z_34.5_19.5,2030,1,2030-S1,Stable,91.2
z_34.5_21.0,2030,1,2030-S1,Stable,91.9
z_34.5_22.5,2030,1,2030-S1,Stable,81.6
z_34.5_24.0,2030,1,2030-S1,Forte diminution,41.7
z_34.5_25.5,2030,1,2030-S1,Stable,89.2
z_34.5_27.0,2030,1,2030-S1,Stable,93.7
z_34.5_28.5,2030,1,2030-S1,Stable,93.0
z_34.5_30.0,2030,1,2030-S1,Stable,92.9
z_34.5_31.5,2030,1,2030-S1,Stable,81.6
z_34.5_33.0,2030,1,2030-S1,Stable,44.0
z_34.5_34.5,2030,1,2030-S1,Stable,91.8
z_36.0_-1.5,2030,1,2030-S1,Stable,94.9
z_36.0_-10.5,2030,1,2030-S1,Stable,62.5
z_36.0_-12.0,2030,1,2030-S1,Stable,92.3
z_36.0_-13.5,2030,1,2030-S1,Stable,92.8
z_36.0_-16.5,2030,1,2030-S1,Stable,92.8
z_36.0_-18.0,2030,1,2030-S1,Stable,94.3
z_36.0_-21.0,2030,1,2030-S1,Stable,92.9
z_36.0_-22.5,2030,1,2030-S1,Stable,91.6
z_36.0_-24.0,2030,1,2030-S1,Stable,93.5
z_36.0_-25.5,2030,1,2030-S1,Stable,89.3
z_36.0_-3.0,2030,1,2030-S1,Forte diminution,37.7
z_36.0_-36.0,2030,1,2030-S1,Stable,93.3
z_36.0_-4.5,2030,1,2030-S1,Stable,91.6
z_36.0_-42.0,2030,1,2030-S1,Stable,93.0
z_36.0_-6.0,2030,1,2030-S1,Forte diminution,52.9
z_36.0_-7.5,2030,1,2030-S1,Forte augmentation,40.8
z_36.0_-9.0,2030,1,2030-S1,Forte diminution,51.3
z_36.0_0.0,2030,1,2030-S1,Stable,94.1
z_36.0_1.5,2030,1,2030-S1,Stable,91.3
z_36.0_10.5,2030,1,2030-S1,Stable,81.4
z_36.0_12.0,2030,1,2030-S1,Stable,50.5
z_36.0_13.5,2030,1,2030-S1,Forte diminution,52.1
z_36.0_15.0,2030,1,2030-S1,Forte diminution,41.9
z_36.0_16.5,2030,1,2030-S1,Stable,94.0
z_36.0_18.0,2030,1,2030-S1,Stable,92.4
z_36.0_19.5,2030,1,2030-S1,Stable,85.5
z_36.0_21.0,2030,1,2030-S1,Stable,86.9
z_36.0_22.5,2030,1,2030-S1,Forte diminution,57.3
z_36.0_24.0,2030,1,2030-S1,Faible augmentation,34.4
z_36.0_25.5,2030,1,2030-S1,Forte diminution,54.0
z_36.0_27.0,2030,1,2030-S1,Stable,41.5
z_36.0_28.5,2030,1,2030-S1,Stable,87.0
z_36.0_3.0,2030,1,2030-S1,Stable,91.9
z_36.0_30.0,2030,1,2030-S1,Stable,94.5
z_36.0_34.5,2030,1,2030-S1,Stable,87.1
z_36.0_36.0,2030,1,2030-S1,Stable,84.5
z_36.0_4.5,2030,1,2030-S1,Stable,92.2
z_36.0_6.0,2030,1,2030-S1,Stable,92.1
z_36.0_7.5,2030,1,2030-S1,Stable,92.5
z_36.0_9.0,2030,1,2030-S1,Stable,93.5
z_37.5_-1.5,2030,1,2030-S1,Forte augmentation,38.7
z_37.5_-10.5,2030,1,2030-S1,Forte diminution,36.9
z_37.5_-12.0,2030,1,2030-S1,Stable,94.0
z_37.5_-13.5,2030,1,2030-S1,Stable,93.3
z_37.5_-16.5,2030,1,2030-S1,Stable,93.3
z_37.5_-19.5,2030,1,2030-S1,Stable,93.9
z_37.5_-21.0,2030,1,2030-S1,Stable,93.9
z_37.5_-22.5,2030,1,2030-S1,Stable,93.3
z_37.5_-24.0,2030,1,2030-S1,Stable,92.7
z_37.5_-25.5,2030,1,2030-S1,Stable,92.8
z_37.5_-27.0,2030,1,2030-S1,Stable,87.1
z_37.5_-28.5,2030,1,2030-S1,Stable,85.7
z_37.5_-30.0,2030,1,2030-S1,Stable,92.4
z_37.5_-31.5,2030,1,2030-S1,Stable,93.9
z_37.5_-39.0,2030,1,2030-S1,Stable,92.6
z_37.5_-9.0,2030,1,2030-S1,Forte diminution,41.1
z_37.5_0.0,2030,1,2030-S1,Stable,55.0
z_37.5_1.5,2030,1,2030-S1,Stable,93.5
z_37.5_10.5,2030,1,2030-S1,Stable,93.5
z_37.5_12.0,2030,1,2030-S1,Stable,38.3
z_37.5_13.5,2030,1,2030-S1,Stable,50.9
z_37.5_15.0,2030,1,2030-S1,Forte diminution,57.3
z_37.5_16.5,2030,1,2030-S1,Stable,81.7
z_37.5_18.0,2030,1,2030-S1,Stable,93.1
z_37.5_19.5,2030,1,2030-S1,Forte diminution,50.6
z_37.5_21.0,2030,1,2030-S1,Forte diminution,44.5
z_37.5_22.5,2030,1,2030-S1,Forte diminution,33.2
z_37.5_24.0,2030,1,2030-S1,Stable,30.1
z_37.5_25.5,2030,1,2030-S1,Stable,51.7
z_37.5_27.0,2030,1,2030-S1,Stable,88.2
z_37.5_3.0,2030,1,2030-S1,Stable,87.3
z_37.5_4.5,2030,1,2030-S1,Stable,92.6
z_37.5_6.0,2030,1,2030-S1,Stable,93.3
z_37.5_7.5,2030,1,2030-S1,Stable,93.8
z_37.5_9.0,2030,1,2030-S1,Stable,81.4
z_39.0_-1.5,2030,1,2030-S1,Forte diminution,39.5
z_39.0_-10.5,2030,1,2030-S1,Stable,47.2
z_39.0_-12.0,2030,1,2030-S1,Stable,93.9
z_39.0_-15.0,2030,1,2030-S1,Stable,93.9
z_39.0_-16.5,2030,1,2030-S1,Stable,93.0
z_39.0_-18.0,2030,1,2030-S1,Stable,89.5
z_39.0_-28.5,2030,1,2030-S1,Stable,92.8
z_39.0_-31.5,2030,1,2030-S1,Stable,93.1
z_39.0_-39.0,2030,1,2030-S1,Stable,91.9
z_39.0_-9.0,2030,1,2030-S1,Stable,56.0
z_39.0_0.0,2030,1,2030-S1,Stable,59.0
z_39.0_1.5,2030,1,2030-S1,Stable,46.1
z_39.0_10.5,2030,1,2030-S1,Stable,93.5
z_39.0_12.0,2030,1,2030-S1,Stable,89.3
z_39.0_13.5,2030,1,2030-S1,Stable,94.5
z_39.0_15.0,2030,1,2030-S1,Stable,91.3
z_39.0_16.5,2030,1,2030-S1,Stable,59.3
z_39.0_18.0,2030,1,2030-S1,Stable,63.0
z_39.0_19.5,2030,1,2030-S1,Forte diminution,35.5
z_39.0_22.5,2030,1,2030-S1,Forte diminution,40.4
z_39.0_24.0,2030,1,2030-S1,Stable,68.4
z_39.0_25.5,2030,1,2030-S1,Stable,50.8
z_39.0_27.0,2030,1,2030-S1,Stable,86.6
z_39.0_3.0,2030,1,2030-S1,Stable,80.4
z_39.0_4.5,2030,1,2030-S1,Stable,94.3
z_39.0_6.0,2030,1,2030-S1,Stable,91.8
z_39.0_7.5,2030,1,2030-S1,Stable,94.7
z_39.0_9.0,2030,1,2030-S1,Stable,46.4
z_40.5_-10.5,2030,1,2030-S1,Stable,90.2
z_40.5_-12.0,2030,1,2030-S1,Stable,92.6
z_40.5_-21.0,2030,1,2030-S1,Stable,93.4
z_40.5_-22.5,2030,1,2030-S1,Stable,93.3
z_40.5_-36.0,2030,1,2030-S1,Stable,93.6
z_40.5_-37.5,2030,1,2030-S1,Stable,92.5
z_40.5_-9.0,2030,1,2030-S1,Stable,35.9
z_40.5_0.0,2030,1,2030-S1,Forte diminution,42.3
z_40.5_1.5,2030,1,2030-S1,Forte diminution,36.3
z_40.5_10.5,2030,1,2030-S1,Stable,93.1
z_40.5_12.0,2030,1,2030-S1,Stable,73.6
z_40.5_13.5,2030,1,2030-S1,Stable,33.3
z_40.5_15.0,2030,1,2030-S1,Stable,86.2
z_40.5_16.5,2030,1,2030-S1,Stable,39.2
z_40.5_18.0,2030,1,2030-S1,Stable,84.6
z_40.5_22.5,2030,1,2030-S1,Stable,79.4
z_40.5_24.0,2030,1,2030-S1,Forte diminution,41.0
z_40.5_25.5,2030,1,2030-S1,Stable,80.4
z_40.5_27.0,2030,1,2030-S1,Stable,89.7
z_40.5_28.5,2030,1,2030-S1,Stable,64.3
z_40.5_3.0,2030,1,2030-S1,Stable,38.9
z_40.5_30.0,2030,1,2030-S1,Stable,91.3
z_40.5_31.5,2030,1,2030-S1,Stable,93.0
z_40.5_36.0,2030,1,2030-S1,Stable,85.5
z_40.5_37.5,2030,1,2030-S1,Stable,92.7
z_40.5_4.5,2030,1,2030-S1,Stable,93.5
z_40.5_6.0,2030,1,2030-S1,Stable,93.5
z_40.5_7.5,2030,1,2030-S1,Stable,51.8
z_40.5_9.0,2030,1,2030-S1,Forte diminution,47.1
z_42.0_-10.5,2030,1,2030-S1,Forte diminution,39.5
z_42.0_-12.0,2030,1,2030-S1,Stable,93.0
z_42.0_-19.5,2030,1,2030-S1,Stable,93.9
z_42.0_-24.0,2030,1,2030-S1,Stable,90.7
z_42.0_-28.5,2030,1,2030-S1,Stable,93.3
z_42.0_-3.0,2030,1,2030-S1,Stable,57.2
z_42.0_-36.0,2030,1,2030-S1,Stable,93.1
z_42.0_-39.0,2030,1,2030-S1,Stable,93.9
z_42.0_-4.5,2030,1,2030-S1,Stable,83.6
z_42.0_-6.0,2030,1,2030-S1,Stable,94.4
z_42.0_-9.0,2030,1,2030-S1,Forte diminution,40.9
z_42.0_10.5,2030,1,2030-S1,Stable,49.7
z_42.0_13.5,2030,1,2030-S1,Forte diminution,40.4
z_42.0_15.0,2030,1,2030-S1,Forte diminution,36.2
z_42.0_16.5,2030,1,2030-S1,Stable,81.7
z_42.0_18.0,2030,1,2030-S1,Stable,94.3
z_42.0_27.0,2030,1,2030-S1,Stable,72.9
z_42.0_28.5,2030,1,2030-S1,Stable,91.8
z_42.0_3.0,2030,1,2030-S1,Forte diminution,52.7
z_42.0_33.0,2030,1,2030-S1,Stable,89.6
z_42.0_37.5,2030,1,2030-S1,Stable,93.9
z_42.0_4.5,2030,1,2030-S1,Stable,46.5
z_42.0_40.5,2030,1,2030-S1,Stable,90.2
z_42.0_6.0,2030,1,2030-S1,Stable,48.7
z_42.0_7.5,2030,1,2030-S1,Stable,92.4
z_42.0_9.0,2030,1,2030-S1,Stable,47.2
z_43.5_-1.5,2030,1,2030-S1,Stable,56.1
z_43.5_-10.5,2030,1,2030-S1,Stable,89.7
z_43.5_-12.0,2030,1,2030-S1,Stable,91.8
z_43.5_-28.5,2030,1,2030-S1,Stable,91.2
z_43.5_-3.0,2030,1,2030-S1,Stable,49.1
z_43.5_-33.0,2030,1,2030-S1,Stable,93.6
z_43.5_-34.5,2030,1,2030-S1,Stable,93.3
z_43.5_-4.5,2030,1,2030-S1,Stable,44.0
z_43.5_-40.5,2030,1,2030-S1,Stable,93.6
z_43.5_-6.0,2030,1,2030-S1,Stable,46.0
z_43.5_-7.5,2030,1,2030-S1,Stable,39.5
z_43.5_-9.0,2030,1,2030-S1,Forte diminution,49.0
z_43.5_12.0,2030,1,2030-S1,Stable,34.0
z_43.5_13.5,2030,1,2030-S1,Stable,47.3
z_43.5_15.0,2030,1,2030-S1,Stable,80.8
z_43.5_28.5,2030,1,2030-S1,Stable,85.8
z_43.5_30.0,2030,1,2030-S1,Stable,93.5
z_43.5_36.0,2030,1,2030-S1,Stable,93.9
z_43.5_37.5,2030,1,2030-S1,Stable,90.2
z_43.5_39.0,2030,1,2030-S1,Stable,93.8
z_43.5_6.0,2030,1,2030-S1,Stable,92.8
z_43.5_7.5,2030,1,2030-S1,Forte diminution,45.8
z_43.5_9.0,2030,1,2030-S1,Forte diminution,44.5
z_45.0_-1.5,2030,1,2030-S1,Stable,33.7
z_45.0_-10.5,2030,1,2030-S1,Stable,92.9
z_45.0_-12.0,2030,1,2030-S1,Stable,92.5
z_45.0_-13.5,2030,1,2030-S1,Stable,93.3
z_45.0_-19.5,2030,1,2030-S1,Stable,93.7
z_45.0_-22.5,2030,1,2030-S1,Stable,90.8
z_45.0_-3.0,2030,1,2030-S1,Forte diminution,49.9
z_45.0_-36.0,2030,1,2030-S1,Stable,93.5
z_45.0_-4.5,2030,1,2030-S1,Stable,89.6
z_45.0_-42.0,2030,1,2030-S1,Stable,93.6
z_45.0_-6.0,2030,1,2030-S1,Stable,92.4
z_45.0_-7.5,2030,1,2030-S1,Stable,89.8
z_45.0_-9.0,2030,1,2030-S1,Stable,88.3
z_45.0_12.0,2030,1,2030-S1,Forte augmentation,41.9
z_45.0_13.5,2030,1,2030-S1,Forte diminution,43.0
z_45.0_28.5,2030,1,2030-S1,Stable,86.2
z_45.0_30.0,2030,1,2030-S1,Stable,77.8
z_45.0_31.5,2030,1,2030-S1,Stable,89.5
z_45.0_34.5,2030,1,2030-S1,Stable,92.9
z_45.0_36.0,2030,1,2030-S1,Stable,92.3
z_46.5_-10.5,2030,1,2030-S1,Stable,93.3
z_46.5_-12.0,2030,1,2030-S1,Stable,94.2
z_46.5_-13.5,2030,1,2030-S1,Stable,93.5
z_46.5_-19.5,2030,1,2030-S1,Stable,92.5
z_46.5_-21.0,2030,1,2030-S1,Stable,93.5
z_46.5_-25.5,2030,1,2030-S1,Stable,92.5
z_46.5_-3.0,2030,1,2030-S1,Forte diminution,33.6
z_46.5_-31.5,2030,1,2030-S1,Stable,93.1
z_46.5_-36.0,2030,1,2030-S1,Stable,92.8
z_46.5_-4.5,2030,1,2030-S1,Forte diminution,33.2
z_46.5_-6.0,2030,1,2030-S1,Forte diminution,43.7
z_46.5_-7.5,2030,1,2030-S1,Stable,87.5
z_46.5_-9.0,2030,1,2030-S1,Stable,93.2
z_46.5_30.0,2030,1,2030-S1,Stable,69.4
z_46.5_31.5,2030,1,2030-S1,Stable,88.8
z_46.5_36.0,2030,1,2030-S1,Stable,90.3
z_46.5_37.5,2030,1,2030-S1,Stable,93.5
z_46.5_39.0,2030,1,2030-S1,Stable,88.5
z_48.0_-1.5,2030,1,2030-S1,Forte augmentation,31.8
z_48.0_-10.5,2030,1,2030-S1,Stable,94.3
z_48.0_-12.0,2030,1,2030-S1,Stable,93.5
z_48.0_-13.5,2030,1,2030-S1,Stable,93.3
z_48.0_-15.0,2030,1,2030-S1,Stable,93.5
z_48.0_-18.0,2030,1,2030-S1,Stable,93.3
z_48.0_-19.5,2030,1,2030-S1,Stable,90.8
z_48.0_-21.0,2030,1,2030-S1,Stable,93.1
z_48.0_-24.0,2030,1,2030-S1,Stable,91.0
z_48.0_-25.5,2030,1,2030-S1,Stable,92.5
z_48.0_-28.5,2030,1,2030-S1,Stable,93.5
z_48.0_-3.0,2030,1,2030-S1,Stable,63.8
z_48.0_-30.0,2030,1,2030-S1,Stable,90.5
z_48.0_-4.5,2030,1,2030-S1,Forte diminution,36.9
z_48.0_-40.5,2030,1,2030-S1,Stable,92.8
z_48.0_-6.0,2030,1,2030-S1,Forte diminution,31.1
z_48.0_-7.5,2030,1,2030-S1,Stable,90.7
z_48.0_-9.0,2030,1,2030-S1,Stable,65.1
z_49.5_-1.5,2030,1,2030-S1,Faible diminution,35.4
z_49.5_-10.5,2030,1,2030-S1,Stable,92.4
z_49.5_-12.0,2030,1,2030-S1,Stable,92.2
z_49.5_-13.5,2030,1,2030-S1,Stable,93.3
z_49.5_-15.0,2030,1,2030-S1,Stable,93.5
z_49.5_-16.5,2030,1,2030-S1,Stable,90.7
z_49.5_-18.0,2030,1,2030-S1,Stable,93.5
z_49.5_-19.5,2030,1,2030-S1,Stable,92.8
z_49.5_-21.0,2030,1,2030-S1,Stable,92.9
z_49.5_-24.0,2030,1,2030-S1,Stable,93.1
z_49.5_-3.0,2030,1,2030-S1,Forte diminution,37.0
z_49.5_-30.0,2030,1,2030-S1,Stable,93.1
z_49.5_-4.5,2030,1,2030-S1,Stable,70.8
z_49.5_-6.0,2030,1,2030-S1,Stable,52.1
z_49.5_-7.5,2030,1,2030-S1,Stable,81.6
z_49.5_-9.0,2030,1,2030-S1,Stable,87.3
z_49.5_0.0,2030,1,2030-S1,Forte diminution,26.5
z_49.5_1.5,2030,1,2030-S1,Stable,91.7
z_51.0_-10.5,2030,1,2030-S1,Stable,64.7
z_51.0_-12.0,2030,1,2030-S1,Stable,85.2
z_51.0_-13.5,2030,1,2030-S1,Stable,85.2
z_51.0_-15.0,2030,1,2030-S1,Stable,92.6
z_51.0_-16.5,2030,1,2030-S1,Stable,93.0
z_51.0_-18.0,2030,1,2030-S1,Stable,93.5
z_51.0_-19.5,2030,1,2030-S1,Stable,93.5
z_51.0_-21.0,2030,1,2030-S1,Stable,90.4
z_51.0_-25.5,2030,1,2030-S1,Stable,93.5
z_51.0_-27.0,2030,1,2030-S1,Stable,92.8
z_51.0_-4.5,2030,1,2030-S1,Stable,87.3
z_51.0_-6.0,2030,1,2030-S1,Stable,51.5
z_51.0_-7.5,2030,1,2030-S1,Forte diminution,51.2
z_51.0_-9.0,2030,1,2030-S1,Stable,89.6
z_51.0_0.0,2030,1,2030-S1,Forte diminution,54.3
z_51.0_1.5,2030,1,2030-S1,Faible augmentation,33.3
z_51.0_3.0,2030,1,2030-S1,Stable,36.0
z_52.5_-1.5,2030,1,2030-S1,Forte augmentation,40.3
z_52.5_-10.5,2030,1,2030-S1,Stable,89.0
z_52.5_-12.0,2030,1,2030-S1,Stable,92.4
z_52.5_-13.5,2030,1,2030-S1,Stable,94.2
z_52.5_-15.0,2030,1,2030-S1,Stable,90.7
z_52.5_-19.5,2030,1,2030-S1,Stable,94.2
z_52.5_-21.0,2030,1,2030-S1,Stable,92.9
z_52.5_-4.5,2030,1,2030-S1,Stable,49.5
z_52.5_-6.0,2030,1,2030-S1,Forte diminution,35.6
z_52.5_-7.5,2030,1,2030-S1,Forte diminution,37.3
z_52.5_0.0,2030,1,2030-S1,Stable,51.0
z_52.5_1.5,2030,1,2030-S1,Stable,85.9
z_52.5_13.5,2030,1,2030-S1,Forte augmentation,31.1
z_52.5_3.0,2030,1,2030-S1,Stable,53.5
z_52.5_4.5,2030,1,2030-S1,Stable,33.0
z_52.5_6.0,2030,1,2030-S1,Faible diminution,32.7
z_52.5_7.5,2030,1,2030-S1,Faible augmentation,39.9
z_52.5_9.0,2030,1,2030-S1,Stable,60.3
z_54.0_-1.5,2030,1,2030-S1,Stable,83.3
z_54.0_-10.5,2030,1,2030-S1,Stable,90.6
z_54.0_-12.0,2030,1,2030-S1,Stable,86.5
z_54.0_-13.5,2030,1,2030-S1,Stable,92.3
z_54.0_-15.0,2030,1,2030-S1,Stable,88.7
z_54.0_-16.5,2030,1,2030-S1,Stable,93.5
z_54.0_-4.5,2030,1,2030-S1,Stable,87.3
z_54.0_-6.0,2030,1,2030-S1,Stable,92.0
z_54.0_-7.5,2030,1,2030-S1,Stable,79.7
z_54.0_-9.0,2030,1,2030-S1,Stable,92.0
z_54.0_0.0,2030,1,2030-S1,Stable,86.7
z_54.0_1.5,2030,1,2030-S1,Stable,79.1
z_54.0_10.5,2030,1,2030-S1,Faible augmentation,63.4
z_54.0_12.0,2030,1,2030-S1,Faible diminution,42.3
z_54.0_13.5,2030,1,2030-S1,Faible augmentation,35.4
z_54.0_15.0,2030,1,2030-S1,Stable,62.4
z_54.0_16.5,2030,1,2030-S1,Stable,91.2
z_54.0_18.0,2030,1,2030-S1,Forte diminution,37.0
z_54.0_19.5,2030,1,2030-S1,Stable,94.3
z_54.0_3.0,2030,1,2030-S1,Stable,89.6
z_54.0_4.5,2030,1,2030-S1,Stable,94.3
z_54.0_6.0,2030,1,2030-S1,Stable,86.0
z_54.0_7.5,2030,1,2030-S1,Faible diminution,41.3
z_54.0_9.0,2030,1,2030-S1,Forte diminution,24.8
z_55.5_-1.5,2030,1,2030-S1,Stable,93.1
z_55.5_-10.5,2030,1,2030-S1,Stable,84.5
z_55.5_-12.0,2030,1,2030-S1,Stable,92.8
z_55.5_-15.0,2030,1,2030-S1,Stable,93.7
z_55.5_-3.0,2030,1,2030-S1,Stable,93.7
z_55.5_-39.0,2030,1,2030-S1,Stable,93.1
z_55.5_-4.5,2030,1,2030-S1,Stable,92.5
z_55.5_-6.0,2030,1,2030-S1,Stable,83.2
z_55.5_-7.5,2030,1,2030-S1,Stable,92.6
z_55.5_-9.0,2030,1,2030-S1,Stable,91.9
z_55.5_0.0,2030,1,2030-S1,Stable,93.7
z_55.5_1.5,2030,1,2030-S1,Stable,93.0
z_55.5_10.5,2030,1,2030-S1,Forte augmentation,36.7
z_55.5_12.0,2030,1,2030-S1,Faible augmentation,31.8
z_55.5_13.5,2030,1,2030-S1,Stable,85.1
z_55.5_15.0,2030,1,2030-S1,Stable,47.8
z_55.5_16.5,2030,1,2030-S1,Stable,93.5
z_55.5_18.0,2030,1,2030-S1,Stable,93.5
z_55.5_19.5,2030,1,2030-S1,Stable,87.2
z_55.5_21.0,2030,1,2030-S1,Forte diminution,37.8
z_55.5_3.0,2030,1,2030-S1,Stable,91.1
z_55.5_4.5,2030,1,2030-S1,Stable,90.0
z_55.5_6.0,2030,1,2030-S1,Stable,55.5
z_55.5_7.5,2030,1,2030-S1,Forte diminution,41.9
z_55.5_9.0,2030,1,2030-S1,Forte diminution,44.7
z_57.0_-1.5,2030,1,2030-S1,Stable,90.5
z_57.0_-10.5,2030,1,2030-S1,Stable,92.7
z_57.0_-13.5,2030,1,2030-S1,Stable,89.3
z_57.0_-15.0,2030,1,2030-S1,Stable,93.8
z_57.0_-24.0,2030,1,2030-S1,Stable,88.3
z_57.0_-28.5,2030,1,2030-S1,Stable,91.1
z_57.0_-3.0,2030,1,2030-S1,Stable,83.5
z_57.0_-4.5,2030,1,2030-S1,Stable,92.1
z_57.0_-6.0,2030,1,2030-S1,Stable,79.8
z_57.0_-7.5,2030,1,2030-S1,Stable,92.8
z_57.0_-9.0,2030,1,2030-S1,Stable,94.2
z_57.0_0.0,2030,1,2030-S1,Stable,90.9
z_57.0_1.5,2030,1,2030-S1,Stable,93.7
z_57.0_10.5,2030,1,2030-S1,Faible augmentation,51.4
z_57.0_12.0,2030,1,2030-S1,Stable,59.6
z_57.0_16.5,2030,1,2030-S1,Stable,69.2
z_57.0_18.0,2030,1,2030-S1,Stable,86.0
z_57.0_19.5,2030,1,2030-S1,Stable,86.2
z_57.0_21.0,2030,1,2030-S1,Stable,93.7
z_57.0_22.5,2030,1,2030-S1,Forte diminution,50.9
z_57.0_24.0,2030,1,2030-S1,Stable,94.2
z_57.0_3.0,2030,1,2030-S1,Stable,93.2
z_57.0_4.5,2030,1,2030-S1,Stable,81.9
z_57.0_6.0,2030,1,2030-S1,Stable,86.5
z_57.0_7.5,2030,1,2030-S1,Stable,49.7
z_57.0_9.0,2030,1,2030-S1,Stable,39.3
z_58.5_-1.5,2030,1,2030-S1,Stable,92.4
z_58.5_-10.5,2030,1,2030-S1,Stable,93.8
z_58.5_-12.0,2030,1,2030-S1,Stable,93.2
z_58.5_-15.0,2030,1,2030-S1,Stable,93.6
z_58.5_-19.5,2030,1,2030-S1,Stable,86.7
z_58.5_-24.0,2030,1,2030-S1,Stable,92.8
z_58.5_-3.0,2030,1,2030-S1,Stable,93.6
z_58.5_-31.5,2030,1,2030-S1,Stable,91.4
z_58.5_-4.5,2030,1,2030-S1,Stable,92.3
z_58.5_-6.0,2030,1,2030-S1,Stable,90.7
z_58.5_-7.5,2030,1,2030-S1,Stable,93.5
z_58.5_-9.0,2030,1,2030-S1,Stable,92.9
z_58.5_0.0,2030,1,2030-S1,Stable,92.8
z_58.5_1.5,2030,1,2030-S1,Stable,89.0
z_58.5_10.5,2030,1,2030-S1,Forte diminution,49.7
z_58.5_15.0,2030,1,2030-S1,Stable,89.0
z_58.5_16.5,2030,1,2030-S1,Faible augmentation,29.8
z_58.5_18.0,2030,1,2030-S1,Stable,24.1
z_58.5_19.5,2030,1,2030-S1,Stable,84.0
z_58.5_21.0,2030,1,2030-S1,Stable,84.4
z_58.5_22.5,2030,1,2030-S1,Stable,60.9
z_58.5_24.0,2030,1,2030-S1,Forte diminution,40.7
z_58.5_25.5,2030,1,2030-S1,Stable,83.7
z_58.5_27.0,2030,1,2030-S1,Stable,94.1
z_58.5_28.5,2030,1,2030-S1,Stable,93.5
z_58.5_3.0,2030,1,2030-S1,Stable,84.4
z_58.5_4.5,2030,1,2030-S1,Forte diminution,34.8
z_58.5_6.0,2030,1,2030-S1,Stable,93.3
z_58.5_7.5,2030,1,2030-S1,Stable,86.8
z_58.5_9.0,2030,1,2030-S1,Stable,44.1
z_60.0_-1.5,2030,1,2030-S1,Stable,93.9
z_60.0_-10.5,2030,1,2030-S1,Stable,93.4
z_60.0_-12.0,2030,1,2030-S1,Stable,85.6
z_60.0_-27.0,2030,1,2030-S1,Stable,92.4
z_60.0_-3.0,2030,1,2030-S1,Stable,92.6
z_60.0_-31.5,2030,1,2030-S1,Stable,94.3
z_60.0_-4.5,2030,1,2030-S1,Stable,91.9
z_60.0_-6.0,2030,1,2030-S1,Stable,94.1
z_60.0_-7.5,2030,1,2030-S1,Stable,92.8
z_60.0_-9.0,2030,1,2030-S1,Stable,93.5
z_60.0_0.0,2030,1,2030-S1,Stable,92.0
z_60.0_1.5,2030,1,2030-S1,Stable,64.3
z_60.0_16.5,2030,1,2030-S1,Stable,86.0
z_60.0_18.0,2030,1,2030-S1,Stable,93.3
z_60.0_19.5,2030,1,2030-S1,Stable,91.7
z_60.0_21.0,2030,1,2030-S1,Forte diminution,41.3
z_60.0_24.0,2030,1,2030-S1,Stable,77.9
z_60.0_25.5,2030,1,2030-S1,Stable,68.2
z_60.0_27.0,2030,1,2030-S1,Stable,94.7
z_60.0_28.5,2030,1,2030-S1,Stable,86.8
z_60.0_3.0,2030,1,2030-S1,Stable,89.2
z_60.0_4.5,2030,1,2030-S1,Faible augmentation,28.2
z_60.0_6.0,2030,1,2030-S1,Stable,93.6
z_61.5_-1.5,2030,1,2030-S1,Stable,93.1
z_61.5_-10.5,2030,1,2030-S1,Stable,92.7
z_61.5_-12.0,2030,1,2030-S1,Stable,84.2
z_61.5_-13.5,2030,1,2030-S1,Stable,93.7
z_61.5_-16.5,2030,1,2030-S1,Stable,91.8
z_61.5_-18.0,2030,1,2030-S1,Stable,93.5
z_61.5_-27.0,2030,1,2030-S1,Stable,93.3
z_61.5_-7.5,2030,1,2030-S1,Stable,92.0
z_61.5_-9.0,2030,1,2030-S1,Stable,90.8
z_61.5_0.0,2030,1,2030-S1,Stable,86.0
z_61.5_1.5,2030,1,2030-S1,Stable,93.0
z_61.5_16.5,2030,1,2030-S1,Stable,83.0
z_61.5_18.0,2030,1,2030-S1,Stable,90.0
z_61.5_19.5,2030,1,2030-S1,Stable,86.8
z_61.5_21.0,2030,1,2030-S1,Stable,93.3
z_61.5_3.0,2030,1,2030-S1,Stable,89.2
z_61.5_4.5,2030,1,2030-S1,Forte diminution,35.0
z_61.5_6.0,2030,1,2030-S1,Forte augmentation,38.6
z_61.5_7.5,2030,1,2030-S1,Stable,88.7
z_63.0_-1.5,2030,1,2030-S1,Stable,85.3
z_63.0_-10.5,2030,1,2030-S1,Stable,90.3
z_63.0_-12.0,2030,1,2030-S1,Stable,91.2
z_63.0_-13.5,2030,1,2030-S1,Stable,93.8
z_63.0_-15.0,2030,1,2030-S1,Stable,93.0
z_63.0_-16.5,2030,1,2030-S1,Stable,92.5
z_63.0_-18.0,2030,1,2030-S1,Stable,88.0
z_63.0_-19.5,2030,1,2030-S1,Stable,87.5
z_63.0_-21.0,2030,1,2030-S1,Stable,93.4
z_63.0_-22.5,2030,1,2030-S1,Stable,47.8
z_63.0_-24.0,2030,1,2030-S1,Stable,84.2
z_63.0_-25.5,2030,1,2030-S1,Stable,93.4
z_63.0_-27.0,2030,1,2030-S1,Stable,92.8
z_63.0_-36.0,2030,1,2030-S1,Stable,94.1
z_63.0_-39.0,2030,1,2030-S1,Stable,92.1
z_63.0_-7.5,2030,1,2030-S1,Stable,93.3
z_63.0_-9.0,2030,1,2030-S1,Stable,92.9
z_63.0_0.0,2030,1,2030-S1,Stable,92.3
z_63.0_10.5,2030,1,2030-S1,Stable,90.0
z_63.0_18.0,2030,1,2030-S1,Stable,91.4
z_63.0_19.5,2030,1,2030-S1,Stable,84.7
z_63.0_21.0,2030,1,2030-S1,Stable,90.2
z_63.0_22.5,2030,1,2030-S1,Stable,88.3
z_63.0_3.0,2030,1,2030-S1,Stable,92.4
z_63.0_4.5,2030,1,2030-S1,Stable,89.0
z_63.0_6.0,2030,1,2030-S1,Stable,91.1
z_63.0_7.5,2030,1,2030-S1,Forte diminution,47.9
z_63.0_9.0,2030,1,2030-S1,Forte diminution,45.4
z_64.5_-10.5,2030,1,2030-S1,Stable,92.9
z_64.5_-12.0,2030,1,2030-S1,Stable,94.3
z_64.5_-13.5,2030,1,2030-S1,Stable,94.4
z_64.5_-15.0,2030,1,2030-S1,Stable,93.6
z_64.5_-19.5,2030,1,2030-S1,Stable,93.5
z_64.5_-21.0,2030,1,2030-S1,Stable,86.7
z_64.5_-22.5,2030,1,2030-S1,Stable,79.0
z_64.5_-24.0,2030,1,2030-S1,Stable,81.3
z_64.5_-25.5,2030,1,2030-S1,Stable,92.6
z_64.5_-27.0,2030,1,2030-S1,Stable,86.9
z_64.5_-28.5,2030,1,2030-S1,Stable,92.7
z_64.5_-3.0,2030,1,2030-S1,Stable,93.2
z_64.5_-33.0,2030,1,2030-S1,Stable,93.5
z_64.5_-37.5,2030,1,2030-S1,Stable,93.8
z_64.5_-6.0,2030,1,2030-S1,Stable,92.1
z_64.5_0.0,2030,1,2030-S1,Stable,92.0
z_64.5_10.5,2030,1,2030-S1,Stable,39.8
z_64.5_12.0,2030,1,2030-S1,Stable,46.8
z_64.5_21.0,2030,1,2030-S1,Stable,46.1
z_64.5_22.5,2030,1,2030-S1,Stable,91.6
z_64.5_24.0,2030,1,2030-S1,Stable,88.9
z_64.5_3.0,2030,1,2030-S1,Stable,91.8
z_64.5_34.5,2030,1,2030-S1,Stable,94.0
z_64.5_39.0,2030,1,2030-S1,Stable,85.9
z_64.5_4.5,2030,1,2030-S1,Stable,92.6
z_64.5_6.0,2030,1,2030-S1,Stable,88.3
z_64.5_7.5,2030,1,2030-S1,Stable,87.9
z_64.5_9.0,2030,1,2030-S1,Stable,90.6
z_66.0_-1.5,2030,1,2030-S1,Stable,90.7
z_66.0_-12.0,2030,1,2030-S1,Stable,93.2
z_66.0_-13.5,2030,1,2030-S1,Stable,92.6
z_66.0_-15.0,2030,1,2030-S1,Stable,93.9
z_66.0_-16.5,2030,1,2030-S1,Stable,94.9
z_66.0_-18.0,2030,1,2030-S1,Stable,93.6
z_66.0_-19.5,2030,1,2030-S1,Stable,92.8
z_66.0_-21.0,2030,1,2030-S1,Stable,92.6
z_66.0_-22.5,2030,1,2030-S1,Stable,92.5
z_66.0_-24.0,2030,1,2030-S1,Stable,83.7
z_66.0_-25.5,2030,1,2030-S1,Stable,92.0
z_66.0_-27.0,2030,1,2030-S1,Stable,93.0
z_66.0_-3.0,2030,1,2030-S1,Stable,90.1
z_66.0_1.5,2030,1,2030-S1,Stable,89.5
z_66.0_10.5,2030,1,2030-S1,Stable,90.7
z_66.0_12.0,2030,1,2030-S1,Stable,35.2
z_66.0_13.5,2030,1,2030-S1,Stable,50.7
z_66.0_15.0,2030,1,2030-S1,Stable,85.6
z_66.0_4.5,2030,1,2030-S1,Stable,92.9
z_66.0_6.0,2030,1,2030-S1,Stable,93.0
z_66.0_7.5,2030,1,2030-S1,Stable,93.4
z_66.0_9.0,2030,1,2030-S1,Stable,89.4
z_67.5_-1.5,2030,1,2030-S1,Stable,91.6
z_67.5_-16.5,2030,1,2030-S1,Stable,91.1
z_67.5_0.0,2030,1,2030-S1,Stable,88.2
z_67.5_10.5,2030,1,2030-S1,Stable,93.8
z_67.5_12.0,2030,1,2030-S1,Stable,85.6
z_67.5_13.5,2030,1,2030-S1,Stable,46.0
z_67.5_15.0,2030,1,2030-S1,Stable,48.7
z_67.5_16.5,2030,1,2030-S1,Stable,64.4
z_67.5_4.5,2030,1,2030-S1,Stable,91.2
z_67.5_6.0,2030,1,2030-S1,Stable,92.5
z_67.5_9.0,2030,1,2030-S1,Stable,90.1
z_69.0_-18.0,2030,1,2030-S1,Stable,91.7
z_69.0_13.5,2030,1,2030-S1,Stable,89.9
z_69.0_15.0,2030,1,2030-S1,Stable,66.0
z_69.0_16.5,2030,1,2030-S1,Forte diminution,39.6
z_69.0_18.0,2030,1,2030-S1,Stable,60.6
z_69.0_19.5,2030,1,2030-S1,Stable,74.3
z_69.0_21.0,2030,1,2030-S1,Stable,81.2
z_69.0_22.5,2030,1,2030-S1,Stable,82.5
z_69.0_24.0,2030,1,2030-S1,Stable,94.3
z_69.0_28.5,2030,1,2030-S1,Stable,93.9
z_69.0_30.0,2030,1,2030-S1,Stable,91.3
z_69.0_33.0,2030,1,2030-S1,Stable,91.4
z_69.0_42.0,2030,1,2030-S1,Stable,93.6
z_69.0_6.0,2030,1,2030-S1,Stable,93.5
z_69.0_67.5,2030,1,2030-S1,Stable,88.1
z_70.5_-12.0,2030,1,2030-S1,Stable,93.8
z_70.5_0.0,2030,1,2030-S1,Stable,93.2
z_70.5_10.5,2030,1,2030-S1,Stable,90.4
z_70.5_13.5,2030,1,2030-S1,Stable,86.2
z_70.5_15.0,2030,1,2030-S1,Stable,94.4
z_70.5_16.5,2030,1,2030-S1,Stable,93.3
z_70.5_18.0,2030,1,2030-S1,Stable,91.1
z_70.5_19.5,2030,1,2030-S1,Stable,92.0
z_70.5_21.0,2030,1,2030-S1,Stable,91.8
z_70.5_22.5,2030,1,2030-S1,Stable,92.9
z_70.5_24.0,2030,1,2030-S1,Stable,61.5
z_70.5_25.5,2030,1,2030-S1,Stable,90.3
z_70.5_27.0,2030,1,2030-S1,Stable,91.2
z_70.5_28.5,2030,1,2030-S1,Stable,94.6
z_70.5_30.0,2030,1,2030-S1,Stable,84.2
z_70.5_33.0,2030,1,2030-S1,Stable,95.0
z_70.5_36.0,2030,1,2030-S1,Stable,92.6
z_72.0_1.5,2030,1,2030-S1,Stable,92.4
z_72.0_13.5,2030,1,2030-S1,Stable,93.0
z_72.0_15.0,2030,1,2030-S1,Stable,93.5
z_72.0_16.5,2030,1,2030-S1,Stable,94.1
z_72.0_18.0,2030,1,2030-S1,Stable,91.0
z_72.0_19.5,2030,1,2030-S1,Stable,87.0
z_72.0_22.5,2030,1,2030-S1,Stable,88.8
z_72.0_24.0,2030,1,2030-S1,Stable,91.6
z_72.0_25.5,2030,1,2030-S1,Stable,93.2
z_72.0_28.5,2030,1,2030-S1,Stable,91.5
z_72.0_30.0,2030,1,2030-S1,Stable,92.4
z_72.0_34.5,2030,1,2030-S1,Stable,92.4
z_73.5_1.5,2030,1,2030-S1,Stable,92.2
z_73.5_16.5,2030,1,2030-S1,Stable,94.0
z_73.5_18.0,2030,1,2030-S1,Stable,93.3
z_73.5_19.5,2030,1,2030-S1,Stable,92.9
z_73.5_21.0,2030,1,2030-S1,Stable,92.2
z_73.5_22.5,2030,1,2030-S1,Stable,94.6
z_73.5_25.5,2030,1,2030-S1,Stable,89.9
z_73.5_28.5,2030,1,2030-S1,Stable,91.9
z_73.5_30.0,2030,1,2030-S1,Stable,93.6
z_73.5_31.5,2030,1,2030-S1,Stable,89.6
z_73.5_33.0,2030,1,2030-S1,Stable,90.2
z_73.5_34.5,2030,1,2030-S1,Stable,92.2
z_73.5_36.0,2030,1,2030-S1,Stable,91.1
z_73.5_51.0,2030,1,2030-S1,Stable,86.8
z_75.0_16.5,2030,1,2030-S1,Stable,93.6
z_75.0_18.0,2030,1,2030-S1,Stable,92.9
z_75.0_19.5,2030,1,2030-S1,Stable,93.5
z_75.0_22.5,2030,1,2030-S1,Stable,93.7
z_75.0_25.5,2030,1,2030-S1,Stable,93.9
z_75.0_30.0,2030,1,2030-S1,Stable,94.7
z_75.0_31.5,2030,1,2030-S1,Stable,93.3
z_75.0_33.0,2030,1,2030-S1,Stable,83.7
z_75.0_34.5,2030,1,2030-S1,Stable,94.3
z_75.0_36.0,2030,1,2030-S1,Stable,94.7
z_75.0_39.0,2030,1,2030-S1,Stable,94.4
z_75.0_40.5,2030,1,2030-S1,Stable,88.9
z_76.5_13.5,2030,1,2030-S1,Stable,82.3
z_76.5_19.5,2030,1,2030-S1,Stable,92.2
z_76.5_31.5,2030,1,2030-S1,Stable,93.2
z_76.5_33.0,2030,1,2030-S1,Stable,93.2
z_76.5_36.0,2030,1,2030-S1,Stable,93.3
z_76.5_37.5,2030,1,2030-S1,Stable,93.8
z_76.5_40.5,2030,1,2030-S1,Stable,93.2
z_76.5_9.0,2030,1,2030-S1,Stable,95.1
z_78.0_10.5,2030,1,2030-S1,Stable,89.1
z_78.0_12.0,2030,1,2030-S1,Stable,92.1
z_78.0_13.5,2030,1,2030-S1,Stable,83.1
z_78.0_15.0,2030,1,2030-S1,Stable,88.7
z_78.0_22.5,2030,1,2030-S1,Stable,93.5
z_78.0_33.0,2030,1,2030-S1,Stable,89.5
z_79.5_10.5,2030,1,2030-S1,Stable,92.5
z_79.5_13.5,2030,1,2030-S1,Stable,92.6
z_79.5_16.5,2030,1,2030-S1,Stable,93.2
z_79.5_19.5,2030,1,2030-S1,Stable,91.8
z_79.5_27.0,2030,1,2030-S1,Stable,93.5
z_79.5_31.5,2030,1,2030-S1,Stable,90.7
z_24.0_-18.0,2030,2,2030-S2,Stable,88.7
z_24.0_-19.5,2030,2,2030-S2,Stable,88.5
z_24.0_-22.5,2030,2,2030-S2,Stable,88.1
z_24.0_-24.0,2030,2,2030-S2,Stable,86.8
z_24.0_-39.0,2030,2,2030-S2,Stable,88.7
z_25.5_-15.0,2030,2,2030-S2,Stable,88.3
z_25.5_-16.5,2030,2,2030-S2,Stable,84.3
z_25.5_-18.0,2030,2,2030-S2,Stable,88.2
z_25.5_-39.0,2030,2,2030-S2,Stable,85.8
z_27.0_-15.0,2030,2,2030-S2,Stable,89.0
z_27.0_-16.5,2030,2,2030-S2,Forte diminution,47.8
z_27.0_-18.0,2030,2,2030-S2,Stable,87.8
z_27.0_-37.5,2030,2,2030-S2,Stable,86.7
z_28.5_-12.0,2030,2,2030-S2,Stable,88.5
z_28.5_-13.5,2030,2,2030-S2,Stable,83.1
z_28.5_-15.0,2030,2,2030-S2,Stable,64.7
z_28.5_-16.5,2030,2,2030-S2,Stable,63.9
z_28.5_-18.0,2030,2,2030-S2,Stable,84.9
z_28.5_-21.0,2030,2,2030-S2,Stable,85.4
z_28.5_-28.5,2030,2,2030-S2,Stable,88.1
z_28.5_-33.0,2030,2,2030-S2,Stable,87.5
z_28.5_-34.5,2030,2,2030-S2,Stable,88.6
z_28.5_-36.0,2030,2,2030-S2,Stable,87.6
z_30.0_-10.5,2030,2,2030-S2,Stable,92.4
z_30.0_-12.0,2030,2,2030-S2,Stable,88.0
z_30.0_-13.5,2030,2,2030-S2,Stable,88.2
z_30.0_-15.0,2030,2,2030-S2,Stable,88.0
z_30.0_-18.0,2030,2,2030-S2,Stable,88.5
z_30.0_-33.0,2030,2,2030-S2,Stable,88.2
z_30.0_-36.0,2030,2,2030-S2,Stable,88.2
z_30.0_-37.5,2030,2,2030-S2,Stable,86.1
z_30.0_-39.0,2030,2,2030-S2,Stable,88.7
z_30.0_-42.0,2030,2,2030-S2,Stable,88.7
z_30.0_28.5,2030,2,2030-S2,Stable,69.8
z_30.0_30.0,2030,2,2030-S2,Stable,86.1
z_30.0_31.5,2030,2,2030-S2,Stable,86.8
z_31.5_-10.5,2030,2,2030-S2,Stable,88.5
z_31.5_-12.0,2030,2,2030-S2,Stable,87.3
z_31.5_-15.0,2030,2,2030-S2,Stable,88.8
z_31.5_-18.0,2030,2,2030-S2,Stable,92.7
z_31.5_-33.0,2030,2,2030-S2,Stable,88.4
z_31.5_-39.0,2030,2,2030-S2,Stable,86.6
z_31.5_13.5,2030,2,2030-S2,Stable,87.3
z_31.5_15.0,2030,2,2030-S2,Stable,87.5
z_31.5_19.5,2030,2,2030-S2,Stable,88.5
z_31.5_24.0,2030,2,2030-S2,Stable,86.9
z_31.5_25.5,2030,2,2030-S2,Stable,84.5
z_31.5_27.0,2030,2,2030-S2,Stable,83.5
z_31.5_28.5,2030,2,2030-S2,Stable,86.1
z_31.5_30.0,2030,2,2030-S2,Stable,88.1
z_31.5_31.5,2030,2,2030-S2,Stable,90.1
z_31.5_33.0,2030,2,2030-S2,Stable,86.9
z_31.5_34.5,2030,2,2030-S2,Stable,91.7
z_33.0_-10.5,2030,2,2030-S2,Stable,87.5
z_33.0_-13.5,2030,2,2030-S2,Stable,88.0
z_33.0_-16.5,2030,2,2030-S2,Stable,88.7
z_33.0_-28.5,2030,2,2030-S2,Stable,87.5
z_33.0_-34.5,2030,2,2030-S2,Stable,82.5
z_33.0_-7.5,2030,2,2030-S2,Stable,89.7
z_33.0_-9.0,2030,2,2030-S2,Stable,88.2
z_33.0_10.5,2030,2,2030-S2,Stable,86.1
z_33.0_12.0,2030,2,2030-S2,Stable,90.5
z_33.0_13.5,2030,2,2030-S2,Stable,91.0
z_33.0_18.0,2030,2,2030-S2,Stable,86.9
z_33.0_19.5,2030,2,2030-S2,Stable,88.5
z_33.0_21.0,2030,2,2030-S2,Stable,86.1
z_33.0_22.5,2030,2,2030-S2,Stable,86.9
z_33.0_24.0,2030,2,2030-S2,Stable,86.9
z_33.0_25.5,2030,2,2030-S2,Stable,86.9
z_33.0_28.5,2030,2,2030-S2,Stable,85.1
z_33.0_31.5,2030,2,2030-S2,Stable,83.2
z_33.0_33.0,2030,2,2030-S2,Stable,78.6
z_33.0_34.5,2030,2,2030-S2,Stable,89.5
z_33.0_9.0,2030,2,2030-S2,Stable,92.0
z_34.5_-1.5,2030,2,2030-S2,Stable,88.6
z_34.5_-10.5,2030,2,2030-S2,Stable,87.8
z_34.5_-12.0,2030,2,2030-S2,Stable,88.3
z_34.5_-15.0,2030,2,2030-S2,Stable,88.5
z_34.5_-18.0,2030,2,2030-S2,Stable,88.0
z_34.5_-22.5,2030,2,2030-S2,Stable,79.7
z_34.5_-3.0,2030,2,2030-S2,Stable,94.7
z_34.5_-30.0,2030,2,2030-S2,Stable,86.1
z_34.5_-36.0,2030,2,2030-S2,Stable,86.2
z_34.5_-37.5,2030,2,2030-S2,Stable,87.8
z_34.5_-39.0,2030,2,2030-S2,Stable,87.7
z_34.5_-4.5,2030,2,2030-S2,Stable,84.8
z_34.5_-6.0,2030,2,2030-S2,Stable,83.0
z_34.5_-7.5,2030,2,2030-S2,Stable,83.6
z_34.5_-9.0,2030,2,2030-S2,Stable,88.2
z_34.5_0.0,2030,2,2030-S2,Stable,88.6
z_34.5_10.5,2030,2,2030-S2,Stable,93.1
z_34.5_12.0,2030,2,2030-S2,Stable,92.7
z_34.5_13.5,2030,2,2030-S2,Forte augmentation,25.7
z_34.5_15.0,2030,2,2030-S2,Stable,89.5
z_34.5_16.5,2030,2,2030-S2,Stable,81.3
z_34.5_18.0,2030,2,2030-S2,Stable,87.1
z_34.5_19.5,2030,2,2030-S2,Stable,86.9
z_34.5_21.0,2030,2,2030-S2,Stable,87.2
z_34.5_22.5,2030,2,2030-S2,Stable,78.3
z_34.5_24.0,2030,2,2030-S2,Forte diminution,39.2
z_34.5_25.5,2030,2,2030-S2,Stable,85.4
z_34.5_27.0,2030,2,2030-S2,Stable,92.9
z_34.5_28.5,2030,2,2030-S2,Stable,88.5
z_34.5_30.0,2030,2,2030-S2,Stable,88.1
z_34.5_31.5,2030,2,2030-S2,Stable,83.8
z_34.5_33.0,2030,2,2030-S2,Stable,46.2
z_34.5_34.5,2030,2,2030-S2,Stable,85.1
z_36.0_-1.5,2030,2,2030-S2,Stable,93.9
z_36.0_-10.5,2030,2,2030-S2,Stable,60.6
z_36.0_-12.0,2030,2,2030-S2,Stable,87.9
z_36.0_-13.5,2030,2,2030-S2,Stable,88.3
z_36.0_-16.5,2030,2,2030-S2,Stable,88.4
z_36.0_-18.0,2030,2,2030-S2,Stable,87.9
z_36.0_-21.0,2030,2,2030-S2,Stable,88.1
z_36.0_-22.5,2030,2,2030-S2,Stable,85.2
z_36.0_-24.0,2030,2,2030-S2,Stable,88.1
z_36.0_-25.5,2030,2,2030-S2,Stable,83.2
z_36.0_-3.0,2030,2,2030-S2,Forte diminution,39.5
z_36.0_-36.0,2030,2,2030-S2,Stable,88.8
z_36.0_-4.5,2030,2,2030-S2,Stable,86.7
z_36.0_-42.0,2030,2,2030-S2,Stable,88.2
z_36.0_-6.0,2030,2,2030-S2,Forte diminution,39.2
z_36.0_-7.5,2030,2,2030-S2,Forte augmentation,45.7
z_36.0_-9.0,2030,2,2030-S2,Forte diminution,42.8
z_36.0_0.0,2030,2,2030-S2,Stable,92.9
z_36.0_1.5,2030,2,2030-S2,Stable,91.3
z_36.0_10.5,2030,2,2030-S2,Stable,74.7
z_36.0_12.0,2030,2,2030-S2,Stable,51.0
z_36.0_13.5,2030,2,2030-S2,Forte diminution,48.5
z_36.0_15.0,2030,2,2030-S2,Forte diminution,39.5
z_36.0_16.5,2030,2,2030-S2,Stable,87.3
z_36.0_18.0,2030,2,2030-S2,Stable,88.6
z_36.0_19.5,2030,2,2030-S2,Stable,77.5
z_36.0_21.0,2030,2,2030-S2,Stable,83.2
z_36.0_22.5,2030,2,2030-S2,Forte diminution,55.6
z_36.0_24.0,2030,2,2030-S2,Stable,30.2
z_36.0_25.5,2030,2,2030-S2,Forte diminution,53.1
z_36.0_27.0,2030,2,2030-S2,Forte diminution,37.5
z_36.0_28.5,2030,2,2030-S2,Stable,80.0
z_36.0_3.0,2030,2,2030-S2,Stable,88.5
z_36.0_30.0,2030,2,2030-S2,Stable,93.8
z_36.0_34.5,2030,2,2030-S2,Stable,87.5
z_36.0_36.0,2030,2,2030-S2,Stable,83.8
z_36.0_4.5,2030,2,2030-S2,Stable,87.6
z_36.0_6.0,2030,2,2030-S2,Stable,91.0
z_36.0_7.5,2030,2,2030-S2,Stable,86.1
z_36.0_9.0,2030,2,2030-S2,Stable,88.7
z_37.5_-1.5,2030,2,2030-S2,Forte augmentation,42.7
z_37.5_-10.5,2030,2,2030-S2,Forte diminution,35.2
z_37.5_-12.0,2030,2,2030-S2,Stable,87.6
z_37.5_-13.5,2030,2,2030-S2,Stable,86.6
z_37.5_-16.5,2030,2,2030-S2,Stable,86.2
z_37.5_-19.5,2030,2,2030-S2,Stable,87.2
z_37.5_-21.0,2030,2,2030-S2,Stable,87.2
z_37.5_-22.5,2030,2,2030-S2,Stable,88.5
z_37.5_-24.0,2030,2,2030-S2,Stable,87.9
z_37.5_-25.5,2030,2,2030-S2,Stable,87.4
z_37.5_-27.0,2030,2,2030-S2,Stable,83.4
z_37.5_-28.5,2030,2,2030-S2,Stable,82.0
z_37.5_-30.0,2030,2,2030-S2,Stable,91.8
z_37.5_-31.5,2030,2,2030-S2,Stable,87.2
z_37.5_-39.0,2030,2,2030-S2,Stable,87.8
z_37.5_-9.0,2030,2,2030-S2,Forte diminution,41.8
z_37.5_0.0,2030,2,2030-S2,Stable,58.4
z_37.5_1.5,2030,2,2030-S2,Stable,91.7
z_37.5_10.5,2030,2,2030-S2,Stable,92.6
z_37.5_12.0,2030,2,2030-S2,Stable,43.1
z_37.5_13.5,2030,2,2030-S2,Stable,51.5
z_37.5_15.0,2030,2,2030-S2,Forte diminution,48.2
z_37.5_16.5,2030,2,2030-S2,Stable,78.4
z_37.5_18.0,2030,2,2030-S2,Stable,88.4
z_37.5_19.5,2030,2,2030-S2,Forte diminution,44.0
z_37.5_21.0,2030,2,2030-S2,Forte diminution,43.4
z_37.5_22.5,2030,2,2030-S2,Stable,31.0
z_37.5_24.0,2030,2,2030-S2,Stable,32.2
z_37.5_25.5,2030,2,2030-S2,Stable,48.6
z_37.5_27.0,2030,2,2030-S2,Stable,89.2
z_37.5_3.0,2030,2,2030-S2,Stable,79.1
z_37.5_4.5,2030,2,2030-S2,Stable,87.8
z_37.5_6.0,2030,2,2030-S2,Stable,88.5
z_37.5_7.5,2030,2,2030-S2,Stable,92.6
z_37.5_9.0,2030,2,2030-S2,Stable,77.5
z_39.0_-1.5,2030,2,2030-S2,Stable,38.5
z_39.0_-10.5,2030,2,2030-S2,Stable,44.6
z_39.0_-12.0,2030,2,2030-S2,Stable,87.2
z_39.0_-15.0,2030,2,2030-S2,Stable,87.5
z_39.0_-16.5,2030,2,2030-S2,Stable,88.2
z_39.0_-18.0,2030,2,2030-S2,Stable,82.1
z_39.0_-28.5,2030,2,2030-S2,Stable,88.3
z_39.0_-31.5,2030,2,2030-S2,Stable,88.7
z_39.0_-39.0,2030,2,2030-S2,Stable,87.1
z_39.0_-9.0,2030,2,2030-S2,Stable,54.0
z_39.0_0.0,2030,2,2030-S2,Stable,56.2
z_39.0_1.5,2030,2,2030-S2,Stable,50.1
z_39.0_10.5,2030,2,2030-S2,Stable,88.6
z_39.0_12.0,2030,2,2030-S2,Stable,82.5
z_39.0_13.5,2030,2,2030-S2,Stable,92.6
z_39.0_15.0,2030,2,2030-S2,Stable,90.6
z_39.0_16.5,2030,2,2030-S2,Stable,56.3
z_39.0_18.0,2030,2,2030-S2,Stable,53.8
z_39.0_19.5,2030,2,2030-S2,Forte diminution,34.3
z_39.0_22.5,2030,2,2030-S2,Forte augmentation,40.6
z_39.0_24.0,2030,2,2030-S2,Stable,67.2
z_39.0_25.5,2030,2,2030-S2,Stable,49.6
z_39.0_27.0,2030,2,2030-S2,Stable,79.3
z_39.0_3.0,2030,2,2030-S2,Stable,87.6
z_39.0_4.5,2030,2,2030-S2,Stable,93.5
z_39.0_6.0,2030,2,2030-S2,Stable,86.3
z_39.0_7.5,2030,2,2030-S2,Stable,94.4
z_39.0_9.0,2030,2,2030-S2,Stable,48.8
z_40.5_-10.5,2030,2,2030-S2,Stable,85.6
z_40.5_-12.0,2030,2,2030-S2,Stable,87.8
z_40.5_-21.0,2030,2,2030-S2,Stable,87.7
z_40.5_-22.5,2030,2,2030-S2,Stable,88.5
z_40.5_-36.0,2030,2,2030-S2,Stable,86.9
z_40.5_-37.5,2030,2,2030-S2,Stable,88.0
z_40.5_-9.0,2030,2,2030-S2,Forte augmentation,35.3
z_40.5_0.0,2030,2,2030-S2,Stable,35.4
z_40.5_1.5,2030,2,2030-S2,Forte diminution,37.1
z_40.5_10.5,2030,2,2030-S2,Stable,93.8
z_40.5_12.0,2030,2,2030-S2,Stable,65.6
z_40.5_13.5,2030,2,2030-S2,Stable,36.3
z_40.5_15.0,2030,2,2030-S2,Stable,84.4
z_40.5_16.5,2030,2,2030-S2,Stable,41.1
z_40.5_18.0,2030,2,2030-S2,Stable,80.5
z_40.5_22.5,2030,2,2030-S2,Stable,80.5
z_40.5_24.0,2030,2,2030-S2,Forte diminution,48.1
z_40.5_25.5,2030,2,2030-S2,Stable,77.8
z_40.5_27.0,2030,2,2030-S2,Stable,85.7
z_40.5_28.5,2030,2,2030-S2,Stable,60.5
z_40.5_3.0,2030,2,2030-S2,Forte diminution,40.1
z_40.5_30.0,2030,2,2030-S2,Stable,90.1
z_40.5_31.5,2030,2,2030-S2,Stable,92.4
z_40.5_36.0,2030,2,2030-S2,Stable,84.5
z_40.5_37.5,2030,2,2030-S2,Stable,87.9
z_40.5_4.5,2030,2,2030-S2,Stable,88.6
z_40.5_6.0,2030,2,2030-S2,Stable,88.6
z_40.5_7.5,2030,2,2030-S2,Stable,69.4
z_40.5_9.0,2030,2,2030-S2,Stable,47.9
z_42.0_-10.5,2030,2,2030-S2,Forte diminution,38.2
z_42.0_-12.0,2030,2,2030-S2,Stable,88.2
z_42.0_-19.5,2030,2,2030-S2,Stable,87.2
z_42.0_-24.0,2030,2,2030-S2,Stable,84.9
z_42.0_-28.5,2030,2,2030-S2,Stable,88.5
z_42.0_-3.0,2030,2,2030-S2,Stable,51.4
z_42.0_-36.0,2030,2,2030-S2,Stable,88.4
z_42.0_-39.0,2030,2,2030-S2,Stable,87.2
z_42.0_-4.5,2030,2,2030-S2,Stable,81.2
z_42.0_-6.0,2030,2,2030-S2,Stable,94.3
z_42.0_-9.0,2030,2,2030-S2,Forte augmentation,42.9
z_42.0_10.5,2030,2,2030-S2,Stable,50.3
z_42.0_13.5,2030,2,2030-S2,Forte augmentation,41.9
z_42.0_15.0,2030,2,2030-S2,Forte augmentation,38.4
z_42.0_16.5,2030,2,2030-S2,Stable,70.9
z_42.0_18.0,2030,2,2030-S2,Stable,93.5
z_42.0_27.0,2030,2,2030-S2,Stable,66.5
z_42.0_28.5,2030,2,2030-S2,Stable,92.4
z_42.0_3.0,2030,2,2030-S2,Forte diminution,46.3
z_42.0_33.0,2030,2,2030-S2,Stable,90.5
z_42.0_37.5,2030,2,2030-S2,Stable,89.0
z_42.0_4.5,2030,2,2030-S2,Stable,47.0
z_42.0_40.5,2030,2,2030-S2,Stable,85.2
z_42.0_6.0,2030,2,2030-S2,Stable,73.3
z_42.0_7.5,2030,2,2030-S2,Stable,88.0
z_42.0_9.0,2030,2,2030-S2,Stable,48.2
z_43.5_-1.5,2030,2,2030-S2,Stable,55.8
z_43.5_-10.5,2030,2,2030-S2,Stable,84.9
z_43.5_-12.0,2030,2,2030-S2,Stable,85.1
z_43.5_-28.5,2030,2,2030-S2,Stable,86.9
z_43.5_-3.0,2030,2,2030-S2,Stable,50.9
z_43.5_-33.0,2030,2,2030-S2,Stable,86.6
z_43.5_-34.5,2030,2,2030-S2,Stable,88.5
z_43.5_-4.5,2030,2,2030-S2,Stable,45.4
z_43.5_-40.5,2030,2,2030-S2,Stable,86.9
z_43.5_-6.0,2030,2,2030-S2,Stable,46.5
z_43.5_-7.5,2030,2,2030-S2,Forte diminution,37.1
z_43.5_-9.0,2030,2,2030-S2,Forte diminution,45.6
z_43.5_12.0,2030,2,2030-S2,Stable,35.2
z_43.5_13.5,2030,2,2030-S2,Stable,50.3
z_43.5_15.0,2030,2,2030-S2,Stable,77.3
z_43.5_28.5,2030,2,2030-S2,Stable,81.3
z_43.5_30.0,2030,2,2030-S2,Stable,88.6
z_43.5_36.0,2030,2,2030-S2,Stable,94.6
z_43.5_37.5,2030,2,2030-S2,Stable,89.9
z_43.5_39.0,2030,2,2030-S2,Stable,88.6
z_43.5_6.0,2030,2,2030-S2,Stable,88.0
z_43.5_7.5,2030,2,2030-S2,Forte diminution,38.6
z_43.5_9.0,2030,2,2030-S2,Forte diminution,37.8
z_45.0_-1.5,2030,2,2030-S2,Forte augmentation,35.2
z_45.0_-10.5,2030,2,2030-S2,Stable,88.1
z_45.0_-12.0,2030,2,2030-S2,Stable,87.6
z_45.0_-13.5,2030,2,2030-S2,Stable,88.5
z_45.0_-19.5,2030,2,2030-S2,Stable,89.9
z_45.0_-22.5,2030,2,2030-S2,Stable,88.6
z_45.0_-3.0,2030,2,2030-S2,Forte diminution,46.9
z_45.0_-36.0,2030,2,2030-S2,Stable,88.6
z_45.0_-4.5,2030,2,2030-S2,Stable,84.4
z_45.0_-42.0,2030,2,2030-S2,Stable,88.8
z_45.0_-6.0,2030,2,2030-S2,Stable,88.9
z_45.0_-7.5,2030,2,2030-S2,Stable,82.5
z_45.0_-9.0,2030,2,2030-S2,Stable,85.4
z_45.0_12.0,2030,2,2030-S2,Forte augmentation,44.3
z_45.0_13.5,2030,2,2030-S2,Forte diminution,46.6
z_45.0_28.5,2030,2,2030-S2,Stable,79.8
z_45.0_30.0,2030,2,2030-S2,Stable,74.6
z_45.0_31.5,2030,2,2030-S2,Stable,83.7
z_45.0_34.5,2030,2,2030-S2,Stable,87.8
z_45.0_36.0,2030,2,2030-S2,Stable,92.1
z_46.5_-10.5,2030,2,2030-S2,Stable,88.5
z_46.5_-12.0,2030,2,2030-S2,Stable,88.2
z_46.5_-13.5,2030,2,2030-S2,Stable,88.7
z_46.5_-19.5,2030,2,2030-S2,Stable,87.8
z_46.5_-21.0,2030,2,2030-S2,Stable,88.7
z_46.5_-25.5,2030,2,2030-S2,Stable,87.6
z_46.5_-3.0,2030,2,2030-S2,Forte diminution,35.0
z_46.5_-31.5,2030,2,2030-S2,Stable,88.7
z_46.5_-36.0,2030,2,2030-S2,Stable,87.9
z_46.5_-4.5,2030,2,2030-S2,Forte diminution,35.2
z_46.5_-6.0,2030,2,2030-S2,Forte diminution,40.1
z_46.5_-7.5,2030,2,2030-S2,Stable,89.3
z_46.5_-9.0,2030,2,2030-S2,Stable,92.6
z_46.5_30.0,2030,2,2030-S2,Stable,63.3
z_46.5_31.5,2030,2,2030-S2,Stable,82.2
z_46.5_36.0,2030,2,2030-S2,Stable,89.4
z_46.5_37.5,2030,2,2030-S2,Stable,88.6
z_46.5_39.0,2030,2,2030-S2,Stable,81.4
z_48.0_-1.5,2030,2,2030-S2,Stable,31.4
z_48.0_-10.5,2030,2,2030-S2,Stable,93.9
z_48.0_-12.0,2030,2,2030-S2,Stable,92.6
z_48.0_-13.5,2030,2,2030-S2,Stable,88.5
z_48.0_-15.0,2030,2,2030-S2,Stable,88.7
z_48.0_-18.0,2030,2,2030-S2,Stable,88.5
z_48.0_-19.5,2030,2,2030-S2,Stable,86.1
z_48.0_-21.0,2030,2,2030-S2,Stable,88.7
z_48.0_-24.0,2030,2,2030-S2,Stable,87.6
z_48.0_-25.5,2030,2,2030-S2,Stable,87.6
z_48.0_-28.5,2030,2,2030-S2,Stable,88.6
z_48.0_-3.0,2030,2,2030-S2,Stable,60.6
z_48.0_-30.0,2030,2,2030-S2,Stable,86.4
z_48.0_-4.5,2030,2,2030-S2,Forte diminution,35.6
z_48.0_-40.5,2030,2,2030-S2,Stable,87.9
z_48.0_-6.0,2030,2,2030-S2,Forte diminution,31.6
z_48.0_-7.5,2030,2,2030-S2,Stable,86.9
z_48.0_-9.0,2030,2,2030-S2,Stable,67.3
z_49.5_-1.5,2030,2,2030-S2,Forte diminution,30.9
z_49.5_-10.5,2030,2,2030-S2,Stable,88.6
z_49.5_-12.0,2030,2,2030-S2,Stable,88.2
z_49.5_-13.5,2030,2,2030-S2,Stable,88.5
z_49.5_-15.0,2030,2,2030-S2,Stable,88.6
z_49.5_-16.5,2030,2,2030-S2,Stable,86.1
z_49.5_-18.0,2030,2,2030-S2,Stable,88.6
z_49.5_-19.5,2030,2,2030-S2,Stable,87.8
z_49.5_-21.0,2030,2,2030-S2,Stable,88.1
z_49.5_-24.0,2030,2,2030-S2,Stable,88.7
z_49.5_-3.0,2030,2,2030-S2,Forte diminution,36.2
z_49.5_-30.0,2030,2,2030-S2,Stable,88.7
z_49.5_-4.5,2030,2,2030-S2,Stable,61.1
z_49.5_-6.0,2030,2,2030-S2,Stable,52.4
z_49.5_-7.5,2030,2,2030-S2,Stable,77.3
z_49.5_-9.0,2030,2,2030-S2,Stable,82.9
z_49.5_0.0,2030,2,2030-S2,Stable,25.2
z_49.5_1.5,2030,2,2030-S2,Stable,86.7
z_51.0_-10.5,2030,2,2030-S2,Stable,57.3
z_51.0_-12.0,2030,2,2030-S2,Stable,82.5
z_51.0_-13.5,2030,2,2030-S2,Stable,82.4
z_51.0_-15.0,2030,2,2030-S2,Stable,92.9
z_51.0_-16.5,2030,2,2030-S2,Stable,89.5
z_51.0_-18.0,2030,2,2030-S2,Stable,88.6
z_51.0_-19.5,2030,2,2030-S2,Stable,88.6
z_51.0_-21.0,2030,2,2030-S2,Stable,85.8
z_51.0_-25.5,2030,2,2030-S2,Stable,88.7
z_51.0_-27.0,2030,2,2030-S2,Stable,88.3
z_51.0_-4.5,2030,2,2030-S2,Stable,84.7
z_51.0_-6.0,2030,2,2030-S2,Stable,51.7
z_51.0_-7.5,2030,2,2030-S2,Forte diminution,43.6
z_51.0_-9.0,2030,2,2030-S2,Stable,85.0
z_51.0_0.0,2030,2,2030-S2,Forte diminution,59.7
z_51.0_1.5,2030,2,2030-S2,Forte diminution,41.0
z_51.0_3.0,2030,2,2030-S2,Stable,43.0
z_52.5_-1.5,2030,2,2030-S2,Stable,34.5
z_52.5_-10.5,2030,2,2030-S2,Stable,85.9
z_52.5_-12.0,2030,2,2030-S2,Stable,88.6
z_52.5_-13.5,2030,2,2030-S2,Stable,94.1
z_52.5_-15.0,2030,2,2030-S2,Stable,85.9
z_52.5_-19.5,2030,2,2030-S2,Stable,87.2
z_52.5_-21.0,2030,2,2030-S2,Stable,88.4
z_52.5_-4.5,2030,2,2030-S2,Stable,50.4
z_52.5_-6.0,2030,2,2030-S2,Forte diminution,34.1
z_52.5_-7.5,2030,2,2030-S2,Forte diminution,37.0
z_52.5_0.0,2030,2,2030-S2,Stable,51.4
z_52.5_1.5,2030,2,2030-S2,Stable,81.6
z_52.5_13.5,2030,2,2030-S2,Stable,38.0
z_52.5_3.0,2030,2,2030-S2,Stable,68.5
z_52.5_4.5,2030,2,2030-S2,Stable,31.2
z_52.5_6.0,2030,2,2030-S2,Faible diminution,36.6
z_52.5_7.5,2030,2,2030-S2,Faible augmentation,34.2
z_52.5_9.0,2030,2,2030-S2,Stable,56.3
z_54.0_-1.5,2030,2,2030-S2,Stable,74.8
z_54.0_-10.5,2030,2,2030-S2,Stable,89.3
z_54.0_-12.0,2030,2,2030-S2,Stable,80.7
z_54.0_-13.5,2030,2,2030-S2,Stable,87.1
z_54.0_-15.0,2030,2,2030-S2,Stable,81.3
z_54.0_-16.5,2030,2,2030-S2,Stable,88.6
z_54.0_-4.5,2030,2,2030-S2,Stable,83.0
z_54.0_-6.0,2030,2,2030-S2,Stable,91.1
z_54.0_-7.5,2030,2,2030-S2,Stable,80.5
z_54.0_-9.0,2030,2,2030-S2,Stable,89.8
z_54.0_0.0,2030,2,2030-S2,Stable,86.0
z_54.0_1.5,2030,2,2030-S2,Stable,80.6
z_54.0_10.5,2030,2,2030-S2,Faible augmentation,59.5
z_54.0_12.0,2030,2,2030-S2,Forte augmentation,29.6
z_54.0_13.5,2030,2,2030-S2,Stable,28.7
z_54.0_15.0,2030,2,2030-S2,Stable,59.9
z_54.0_16.5,2030,2,2030-S2,Stable,89.3
z_54.0_18.0,2030,2,2030-S2,Forte diminution,34.3
z_54.0_19.5,2030,2,2030-S2,Stable,94.7
z_54.0_3.0,2030,2,2030-S2,Stable,83.6
z_54.0_4.5,2030,2,2030-S2,Stable,89.1
z_54.0_6.0,2030,2,2030-S2,Stable,82.4
z_54.0_7.5,2030,2,2030-S2,Forte augmentation,24.8
z_54.0_9.0,2030,2,2030-S2,Faible augmentation,32.6
z_55.5_-1.5,2030,2,2030-S2,Stable,92.4
z_55.5_-10.5,2030,2,2030-S2,Stable,75.9
z_55.5_-12.0,2030,2,2030-S2,Stable,87.9
z_55.5_-15.0,2030,2,2030-S2,Stable,92.3
z_55.5_-3.0,2030,2,2030-S2,Stable,94.3
z_55.5_-39.0,2030,2,2030-S2,Stable,88.7
z_55.5_-4.5,2030,2,2030-S2,Stable,86.1
z_55.5_-6.0,2030,2,2030-S2,Stable,85.5
z_55.5_-7.5,2030,2,2030-S2,Stable,91.5
z_55.5_-9.0,2030,2,2030-S2,Stable,90.8
z_55.5_0.0,2030,2,2030-S2,Stable,88.2
z_55.5_1.5,2030,2,2030-S2,Stable,88.5
z_55.5_10.5,2030,2,2030-S2,Stable,39.6
z_55.5_12.0,2030,2,2030-S2,Forte diminution,26.0
z_55.5_13.5,2030,2,2030-S2,Stable,80.9
z_55.5_15.0,2030,2,2030-S2,Stable,46.4
z_55.5_16.5,2030,2,2030-S2,Stable,93.0
z_55.5_18.0,2030,2,2030-S2,Stable,88.7
z_55.5_19.5,2030,2,2030-S2,Stable,82.2
z_55.5_21.0,2030,2,2030-S2,Forte augmentation,38.1
z_55.5_3.0,2030,2,2030-S2,Stable,88.9
z_55.5_4.5,2030,2,2030-S2,Stable,86.1
z_55.5_6.0,2030,2,2030-S2,Stable,55.2
z_55.5_7.5,2030,2,2030-S2,Forte diminution,36.8
z_55.5_9.0,2030,2,2030-S2,Forte diminution,45.7
z_57.0_-1.5,2030,2,2030-S2,Stable,84.6
z_57.0_-10.5,2030,2,2030-S2,Stable,87.3
z_57.0_-13.5,2030,2,2030-S2,Stable,83.6
z_57.0_-15.0,2030,2,2030-S2,Stable,92.9
z_57.0_-24.0,2030,2,2030-S2,Stable,82.7
z_57.0_-28.5,2030,2,2030-S2,Stable,83.7
z_57.0_-3.0,2030,2,2030-S2,Stable,79.3
z_57.0_-4.5,2030,2,2030-S2,Stable,88.5
z_57.0_-6.0,2030,2,2030-S2,Stable,74.0
z_57.0_-7.5,2030,2,2030-S2,Stable,92.0
z_57.0_-9.0,2030,2,2030-S2,Stable,91.7
z_57.0_0.0,2030,2,2030-S2,Stable,91.2
z_57.0_1.5,2030,2,2030-S2,Stable,88.5
z_57.0_10.5,2030,2,2030-S2,Faible augmentation,47.2
z_57.0_12.0,2030,2,2030-S2,Stable,61.4
z_57.0_16.5,2030,2,2030-S2,Stable,62.0
z_57.0_18.0,2030,2,2030-S2,Stable,82.1
z_57.0_19.5,2030,2,2030-S2,Stable,85.0
z_57.0_21.0,2030,2,2030-S2,Stable,92.5
z_57.0_22.5,2030,2,2030-S2,Forte diminution,47.6
z_57.0_24.0,2030,2,2030-S2,Stable,93.4
z_57.0_3.0,2030,2,2030-S2,Stable,89.0
z_57.0_4.5,2030,2,2030-S2,Stable,77.4
z_57.0_6.0,2030,2,2030-S2,Stable,82.2
z_57.0_7.5,2030,2,2030-S2,Stable,49.9
z_57.0_9.0,2030,2,2030-S2,Forte augmentation,42.7
z_58.5_-1.5,2030,2,2030-S2,Stable,92.6
z_58.5_-10.5,2030,2,2030-S2,Stable,88.9
z_58.5_-12.0,2030,2,2030-S2,Stable,88.2
z_58.5_-15.0,2030,2,2030-S2,Stable,86.6
z_58.5_-19.5,2030,2,2030-S2,Stable,78.1
z_58.5_-24.0,2030,2,2030-S2,Stable,88.3
z_58.5_-3.0,2030,2,2030-S2,Stable,90.2
z_58.5_-31.5,2030,2,2030-S2,Stable,89.3
z_58.5_-4.5,2030,2,2030-S2,Stable,93.3
z_58.5_-6.0,2030,2,2030-S2,Stable,90.6
z_58.5_-7.5,2030,2,2030-S2,Stable,89.6
z_58.5_-9.0,2030,2,2030-S2,Stable,92.4
z_58.5_0.0,2030,2,2030-S2,Stable,90.7
z_58.5_1.5,2030,2,2030-S2,Stable,87.9
z_58.5_10.5,2030,2,2030-S2,Forte diminution,47.7
z_58.5_15.0,2030,2,2030-S2,Stable,83.1
z_58.5_16.5,2030,2,2030-S2,Stable,31.7
z_58.5_18.0,2030,2,2030-S2,Stable,31.7
z_58.5_19.5,2030,2,2030-S2,Stable,80.8
z_58.5_21.0,2030,2,2030-S2,Stable,80.3
z_58.5_22.5,2030,2,2030-S2,Stable,59.2
z_58.5_24.0,2030,2,2030-S2,Stable,41.5
z_58.5_25.5,2030,2,2030-S2,Stable,78.9
z_58.5_27.0,2030,2,2030-S2,Stable,93.8
z_58.5_28.5,2030,2,2030-S2,Stable,88.2
z_58.5_3.0,2030,2,2030-S2,Stable,89.0
z_58.5_4.5,2030,2,2030-S2,Forte diminution,36.6
z_58.5_6.0,2030,2,2030-S2,Stable,87.3
z_58.5_7.5,2030,2,2030-S2,Stable,87.5
z_58.5_9.0,2030,2,2030-S2,Stable,49.2
z_60.0_-1.5,2030,2,2030-S2,Stable,92.7
z_60.0_-10.5,2030,2,2030-S2,Stable,92.0
z_60.0_-12.0,2030,2,2030-S2,Stable,82.4
z_60.0_-27.0,2030,2,2030-S2,Stable,87.0
z_60.0_-3.0,2030,2,2030-S2,Stable,89.5
z_60.0_-31.5,2030,2,2030-S2,Stable,93.9
z_60.0_-4.5,2030,2,2030-S2,Stable,90.1
z_60.0_-6.0,2030,2,2030-S2,Stable,91.5
z_60.0_-7.5,2030,2,2030-S2,Stable,89.3
z_60.0_-9.0,2030,2,2030-S2,Stable,92.3
z_60.0_0.0,2030,2,2030-S2,Stable,91.2
z_60.0_1.5,2030,2,2030-S2,Stable,80.5
z_60.0_16.5,2030,2,2030-S2,Stable,83.4
z_60.0_18.0,2030,2,2030-S2,Stable,91.5
z_60.0_19.5,2030,2,2030-S2,Stable,88.2
z_60.0_21.0,2030,2,2030-S2,Stable,42.0
z_60.0_24.0,2030,2,2030-S2,Stable,63.1
z_60.0_25.5,2030,2,2030-S2,Stable,63.2
z_60.0_27.0,2030,2,2030-S2,Stable,94.3
z_60.0_28.5,2030,2,2030-S2,Stable,87.5
z_60.0_3.0,2030,2,2030-S2,Stable,85.7
z_60.0_4.5,2030,2,2030-S2,Faible augmentation,25.1
z_60.0_6.0,2030,2,2030-S2,Stable,87.3
z_61.5_-1.5,2030,2,2030-S2,Stable,92.0
z_61.5_-10.5,2030,2,2030-S2,Stable,91.1
z_61.5_-12.0,2030,2,2030-S2,Stable,75.9
z_61.5_-13.5,2030,2,2030-S2,Stable,87.6
z_61.5_-16.5,2030,2,2030-S2,Stable,87.7
z_61.5_-18.0,2030,2,2030-S2,Stable,88.6
z_61.5_-27.0,2030,2,2030-S2,Stable,88.5
z_61.5_-7.5,2030,2,2030-S2,Stable,91.1
z_61.5_-9.0,2030,2,2030-S2,Stable,89.3
z_61.5_0.0,2030,2,2030-S2,Stable,82.3
z_61.5_1.5,2030,2,2030-S2,Stable,89.4
z_61.5_16.5,2030,2,2030-S2,Stable,80.0
z_61.5_18.0,2030,2,2030-S2,Stable,88.7
z_61.5_19.5,2030,2,2030-S2,Stable,83.2
z_61.5_21.0,2030,2,2030-S2,Stable,88.5
z_61.5_3.0,2030,2,2030-S2,Stable,85.7
z_61.5_4.5,2030,2,2030-S2,Forte diminution,34.7
z_61.5_6.0,2030,2,2030-S2,Forte augmentation,40.6
z_61.5_7.5,2030,2,2030-S2,Stable,85.6
z_63.0_-1.5,2030,2,2030-S2,Stable,77.6
z_63.0_-10.5,2030,2,2030-S2,Stable,83.5
z_63.0_-12.0,2030,2,2030-S2,Stable,87.4
z_63.0_-13.5,2030,2,2030-S2,Stable,93.7
z_63.0_-15.0,2030,2,2030-S2,Stable,91.7
z_63.0_-16.5,2030,2,2030-S2,Stable,91.0
z_63.0_-18.0,2030,2,2030-S2,Stable,81.0
z_63.0_-19.5,2030,2,2030-S2,Stable,85.0
z_63.0_-21.0,2030,2,2030-S2,Stable,93.9
z_63.0_-22.5,2030,2,2030-S2,Stable,57.1
z_63.0_-24.0,2030,2,2030-S2,Stable,79.7
z_63.0_-25.5,2030,2,2030-S2,Stable,90.1
z_63.0_-27.0,2030,2,2030-S2,Stable,92.3
z_63.0_-36.0,2030,2,2030-S2,Stable,92.6
z_63.0_-39.0,2030,2,2030-S2,Stable,92.9
z_63.0_-7.5,2030,2,2030-S2,Stable,86.6
z_63.0_-9.0,2030,2,2030-S2,Stable,88.4
z_63.0_0.0,2030,2,2030-S2,Stable,90.5
z_63.0_10.5,2030,2,2030-S2,Stable,84.6
z_63.0_18.0,2030,2,2030-S2,Stable,89.9
z_63.0_19.5,2030,2,2030-S2,Stable,80.4
z_63.0_21.0,2030,2,2030-S2,Stable,85.0
z_63.0_22.5,2030,2,2030-S2,Stable,86.4
z_63.0_3.0,2030,2,2030-S2,Stable,88.6
z_63.0_4.5,2030,2,2030-S2,Stable,84.7
z_63.0_6.0,2030,2,2030-S2,Stable,85.3
z_63.0_7.5,2030,2,2030-S2,Forte diminution,47.0
z_63.0_9.0,2030,2,2030-S2,Forte diminution,43.1
z_64.5_-10.5,2030,2,2030-S2,Stable,89.3
z_64.5_-12.0,2030,2,2030-S2,Stable,92.4
z_64.5_-13.5,2030,2,2030-S2,Stable,94.1
z_64.5_-15.0,2030,2,2030-S2,Stable,93.3
z_64.5_-19.5,2030,2,2030-S2,Stable,88.6
z_64.5_-21.0,2030,2,2030-S2,Stable,87.5
z_64.5_-22.5,2030,2,2030-S2,Stable,75.9
z_64.5_-24.0,2030,2,2030-S2,Stable,78.0
z_64.5_-25.5,2030,2,2030-S2,Stable,91.3
z_64.5_-27.0,2030,2,2030-S2,Stable,83.1
z_64.5_-28.5,2030,2,2030-S2,Stable,88.6
z_64.5_-3.0,2030,2,2030-S2,Stable,89.6
z_64.5_-33.0,2030,2,2030-S2,Stable,88.6
z_64.5_-37.5,2030,2,2030-S2,Stable,92.8
z_64.5_-6.0,2030,2,2030-S2,Stable,88.5
z_64.5_0.0,2030,2,2030-S2,Stable,90.9
z_64.5_10.5,2030,2,2030-S2,Stable,42.4
z_64.5_12.0,2030,2,2030-S2,Stable,51.3
z_64.5_21.0,2030,2,2030-S2,Stable,46.2
z_64.5_22.5,2030,2,2030-S2,Stable,86.8
z_64.5_24.0,2030,2,2030-S2,Stable,83.0
z_64.5_3.0,2030,2,2030-S2,Stable,87.1
z_64.5_34.5,2030,2,2030-S2,Stable,87.6
z_64.5_39.0,2030,2,2030-S2,Stable,80.6
z_64.5_4.5,2030,2,2030-S2,Stable,87.5
z_64.5_6.0,2030,2,2030-S2,Stable,80.9
z_64.5_7.5,2030,2,2030-S2,Stable,80.5
z_64.5_9.0,2030,2,2030-S2,Stable,89.3
z_66.0_-1.5,2030,2,2030-S2,Stable,88.8
z_66.0_-12.0,2030,2,2030-S2,Stable,88.2
z_66.0_-13.5,2030,2,2030-S2,Stable,92.8
z_66.0_-15.0,2030,2,2030-S2,Stable,93.5
z_66.0_-16.5,2030,2,2030-S2,Stable,94.1
z_66.0_-18.0,2030,2,2030-S2,Stable,92.7
z_66.0_-19.5,2030,2,2030-S2,Stable,89.7
z_66.0_-21.0,2030,2,2030-S2,Stable,92.0
z_66.0_-22.5,2030,2,2030-S2,Stable,91.4
z_66.0_-24.0,2030,2,2030-S2,Stable,79.3
z_66.0_-25.5,2030,2,2030-S2,Stable,90.1
z_66.0_-27.0,2030,2,2030-S2,Stable,92.4
z_66.0_-3.0,2030,2,2030-S2,Stable,84.2
z_66.0_1.5,2030,2,2030-S2,Stable,84.5
z_66.0_10.5,2030,2,2030-S2,Stable,85.2
z_66.0_12.0,2030,2,2030-S2,Stable,38.9
z_66.0_13.5,2030,2,2030-S2,Stable,50.4
z_66.0_15.0,2030,2,2030-S2,Stable,87.0
z_66.0_4.5,2030,2,2030-S2,Stable,86.2
z_66.0_6.0,2030,2,2030-S2,Stable,88.6
z_66.0_7.5,2030,2,2030-S2,Stable,88.9
z_66.0_9.0,2030,2,2030-S2,Stable,84.6
z_67.5_-1.5,2030,2,2030-S2,Stable,85.4
z_67.5_-16.5,2030,2,2030-S2,Stable,86.8
z_67.5_0.0,2030,2,2030-S2,Stable,81.1
z_67.5_10.5,2030,2,2030-S2,Stable,93.1
z_67.5_12.0,2030,2,2030-S2,Stable,87.7
z_67.5_13.5,2030,2,2030-S2,Stable,45.7
z_67.5_15.0,2030,2,2030-S2,Stable,48.7
z_67.5_16.5,2030,2,2030-S2,Stable,60.1
z_67.5_4.5,2030,2,2030-S2,Stable,86.9
z_67.5_6.0,2030,2,2030-S2,Stable,87.8
z_67.5_9.0,2030,2,2030-S2,Stable,82.8
z_69.0_-18.0,2030,2,2030-S2,Stable,86.7
z_69.0_13.5,2030,2,2030-S2,Stable,83.9
z_69.0_15.0,2030,2,2030-S2,Stable,77.2
z_69.0_16.5,2030,2,2030-S2,Forte diminution,40.5
z_69.0_18.0,2030,2,2030-S2,Stable,55.6
z_69.0_19.5,2030,2,2030-S2,Stable,73.1
z_69.0_21.0,2030,2,2030-S2,Stable,77.9
z_69.0_22.5,2030,2,2030-S2,Stable,84.9
z_69.0_24.0,2030,2,2030-S2,Stable,93.9
z_69.0_28.5,2030,2,2030-S2,Stable,94.5
z_69.0_30.0,2030,2,2030-S2,Stable,90.6
z_69.0_33.0,2030,2,2030-S2,Stable,91.0
z_69.0_42.0,2030,2,2030-S2,Stable,89.5
z_69.0_6.0,2030,2,2030-S2,Stable,88.6
z_69.0_67.5,2030,2,2030-S2,Stable,81.1
z_70.5_-12.0,2030,2,2030-S2,Stable,88.6
z_70.5_0.0,2030,2,2030-S2,Stable,88.2
z_70.5_10.5,2030,2,2030-S2,Stable,85.8
z_70.5_13.5,2030,2,2030-S2,Stable,78.1
z_70.5_15.0,2030,2,2030-S2,Stable,93.2
z_70.5_16.5,2030,2,2030-S2,Stable,93.1
z_70.5_18.0,2030,2,2030-S2,Stable,85.3
z_70.5_19.5,2030,2,2030-S2,Stable,89.2
z_70.5_21.0,2030,2,2030-S2,Stable,88.6
z_70.5_22.5,2030,2,2030-S2,Stable,89.2
z_70.5_24.0,2030,2,2030-S2,Stable,51.9
z_70.5_25.5,2030,2,2030-S2,Stable,90.2
z_70.5_27.0,2030,2,2030-S2,Stable,87.5
z_70.5_28.5,2030,2,2030-S2,Stable,94.1
z_70.5_30.0,2030,2,2030-S2,Stable,80.0
z_70.5_33.0,2030,2,2030-S2,Stable,94.1
z_70.5_36.0,2030,2,2030-S2,Stable,92.4
z_72.0_1.5,2030,2,2030-S2,Stable,86.0
z_72.0_13.5,2030,2,2030-S2,Stable,92.2
z_72.0_15.0,2030,2,2030-S2,Stable,92.6
z_72.0_16.5,2030,2,2030-S2,Stable,91.9
z_72.0_18.0,2030,2,2030-S2,Stable,86.5
z_72.0_19.5,2030,2,2030-S2,Stable,80.7
z_72.0_22.5,2030,2,2030-S2,Stable,84.0
z_72.0_24.0,2030,2,2030-S2,Stable,88.7
z_72.0_25.5,2030,2,2030-S2,Stable,89.2
z_72.0_28.5,2030,2,2030-S2,Stable,87.7
z_72.0_30.0,2030,2,2030-S2,Stable,90.6
z_72.0_34.5,2030,2,2030-S2,Stable,88.6
z_73.5_1.5,2030,2,2030-S2,Stable,87.6
z_73.5_16.5,2030,2,2030-S2,Stable,94.1
z_73.5_18.0,2030,2,2030-S2,Stable,89.5
z_73.5_19.5,2030,2,2030-S2,Stable,93.0
z_73.5_21.0,2030,2,2030-S2,Stable,90.9
z_73.5_22.5,2030,2,2030-S2,Stable,94.7
z_73.5_25.5,2030,2,2030-S2,Stable,83.9
z_73.5_28.5,2030,2,2030-S2,Stable,90.2
z_73.5_30.0,2030,2,2030-S2,Stable,93.1
z_73.5_31.5,2030,2,2030-S2,Stable,83.5
z_73.5_33.0,2030,2,2030-S2,Stable,89.1
z_73.5_34.5,2030,2,2030-S2,Stable,91.0
z_73.5_36.0,2030,2,2030-S2,Stable,84.1
z_73.5_51.0,2030,2,2030-S2,Stable,87.8
z_75.0_16.5,2030,2,2030-S2,Stable,90.8
z_75.0_18.0,2030,2,2030-S2,Stable,92.7
z_75.0_19.5,2030,2,2030-S2,Stable,92.4
z_75.0_22.5,2030,2,2030-S2,Stable,92.7
z_75.0_25.5,2030,2,2030-S2,Stable,87.5
z_75.0_30.0,2030,2,2030-S2,Stable,94.8
z_75.0_31.5,2030,2,2030-S2,Stable,93.3
z_75.0_33.0,2030,2,2030-S2,Stable,86.4
z_75.0_34.5,2030,2,2030-S2,Stable,94.7
z_75.0_36.0,2030,2,2030-S2,Stable,93.7
z_75.0_39.0,2030,2,2030-S2,Stable,94.1
z_75.0_40.5,2030,2,2030-S2,Stable,89.0
z_76.5_13.5,2030,2,2030-S2,Stable,78.7
z_76.5_19.5,2030,2,2030-S2,Stable,88.4
z_76.5_31.5,2030,2,2030-S2,Stable,90.8
z_76.5_33.0,2030,2,2030-S2,Stable,88.2
z_76.5_36.0,2030,2,2030-S2,Stable,92.3
z_76.5_37.5,2030,2,2030-S2,Stable,88.6
z_76.5_40.5,2030,2,2030-S2,Stable,88.2
z_76.5_9.0,2030,2,2030-S2,Stable,94.7
z_78.0_10.5,2030,2,2030-S2,Stable,82.5
z_78.0_12.0,2030,2,2030-S2,Stable,85.4
z_78.0_13.5,2030,2,2030-S2,Stable,79.8
z_78.0_15.0,2030,2,2030-S2,Stable,81.3
z_78.0_22.5,2030,2,2030-S2,Stable,88.6
z_78.0_33.0,2030,2,2030-S2,Stable,83.7
z_79.5_10.5,2030,2,2030-S2,Stable,88.0
z_79.5_13.5,2030,2,2030-S2,Stable,87.8
z_79.5_16.5,2030,2,2030-S2,Stable,88.2
z_79.5_19.5,2030,2,2030-S2,Stable,85.1
z_79.5_27.0,2030,2,2030-S2,Stable,88.6
z_79.5_31.5,2030,2,2030-S2,Stable,86.1
